{
	"code": "skin",
		"behaviors": [
		{ "name": "GroundStorable", "properties": { "layout": "SingleCenter"}}
	],
  "variantgroups": [
    { code: "genus", states: ["adult", "juvenile"]},
		{
			code: "type",
			states: [
				"bengalensis",
				"flavescens",
				"nebulosus",
				"rudicollis",
				"dumerilii",
				"yemenensis",
				"nesterovi",
				"olivaceus",
				"mabitang",
				"bitatawa",
				"caerulivirens",
				"cerambonensis",
				"colei",
				"lirungensis",
				"melinus",
				"obor",
				"rainerguentheri",
				"tanimbar",
				"yuwonoi",
				"auffenbergi",
				"timorensis",
				"salvator",
				"bangonorum",
				"cumingi",
				"dalubhasa",
				"marmoratus",
				"nuchalis",
				"palawanensis",
				"rasmusseni",
				"samarensis",
				"togianus",
				"komodoensis"
			]
		},
  ],

  "shapebytype": {
    "*": {
      "base": "item/skin/skin-varanus-{genus}-{type}"
    }
  },
  "texturesByType": {
    "*": {"skin": {"base": "entity/monitorlizard/varanus-{type}"},"bottom": {"base": "game:block/leather/plain"}}
  },
	"creativeinventory": { "general": ["*"], "items": ["*"] },
	"maxstacksize": 64,
	"attributes": {
		"handbook": {"groupBy": ["skin-*"]},
		"displaycaseable": false, 
		"shelvable": false,
		"onDisplayTransform": {
			"translation": { "x": 0, "y": -0.05, "z": 0.0 },
			"rotation": { "x": 0, "y": -45, "z": 0 },
			"origin": { "x": 0.5, "y": 0.5, "z": 0.5 },
			"scale": 1.0
		},
		"groundStorageTransform": {
			"translation": { "x": 0, "y": 0.0, "z": -0.0 },
			"rotation": { "x": 0, "y": 90, "z": 0 },
			"scale": 1.00
		}
	},
  "sounds": {
    "walk": "game:walk/cloth"
  },
	"materialDensity": 500,
	"heldTpHitAnimation": "breaktool",
	"fpHandTransform": {
		"translation": { "x": 0, "y": -0.5, "z": -1.5 },
		"rotation": { "x": 180, "y": 0, "z": 90 },
		"scale": 1
	},
	"guiTransformByType": {
    "*": {"translation": {"x": 0,"y": 1,"z": 0},"rotation": {"x": 0,"y": 145,"z": 90},"origin": {"x": 0.5,"y": 0.1,"z": 0.5},"scale": 2.5}
	},
	"tpHandTransform": {
		"translation": { "x": -0.55, "y": -0.10, "z": -0.45},
		"rotation": { "x": -90, "y": 90, "z": 0 },
		"origin": { "x": 0.5, "y": 0.0, "z": 0.5 },
		"scale": 1.0
	},

		"groundTransform": {
		"translation": { "x": 0, "y": 0, "z": 0 },
		"rotation": { "x": 0, "y": 0, "z": 0 },
		"origin": { "x": 0.5, "y": 0.0, "z": 0.5299 },
		"scale": 1
	}
	

}