{
	code: "creature",
	class: "ItemCreature",
	maxstacksize: 32,
	variantgroups: [
		{ code: "type", states: [ "cassowary-egg", "crocodile-egg" ] },
		{ code: "state", states: ["raw"] },
	],
	shapeByType: {
		"*-cassowary-egg-raw": {
			"base": "entity/land/cassowaryegg"
		},
		"*-crocodile-egg-raw": {
			"base": "entity/water/crocodileegg"
		}
	},
	texturesByType: {
		"*-cassowary-egg-raw": {
		    "cassowaryegg": { base: "cassowaryegg" }
		},
		"*-crocodile-egg-raw": {
		    "crocodileegg": { base: "crocodileegg" }
		},
	},
	creativeinventory: { "general": ["*"], "items": ["*"], "creatures": ["*"] },
	attributesByType: {
		"creature-cassowary-egg-raw": {
			nutritionPropsWhenInMeal: { satiety: 600, foodcategory: "Protein" },
			inContainerTexture: { base: "block/wood/barrel/contents-cassowaryegg" }
		},
		"creature-crocodile-egg-raw": {
			nutritionPropsWhenInMeal: { satiety: 300, foodcategory: "Protein" },
			inContainerTexture: { base: "block/wood/barrel/contents-crocodileegg" }
		}
	},
	nutritionPropsByType: {
		"*-cassowary-egg-boiled": { saturation: 550, foodcategory: "Protein" },
		"*-crocodile-egg-boiled": { saturation: 90, foodcategory: "Protein" }
	},
	materialDensity: 600,
	guiTransformByType: {
		"creature-cassowary-egg-raw": {
			rotate: true,
			translation: { x: 2, y: 1, z: 0 },
			rotation: { x: 4, y: -59, z: -180 },
			origin: { x: 0.5, y: 0.3, z: 0.5 },
			scale: 2
		},
		"creature-crocodile-egg-raw": {
			rotate: true,
			translation: { x: 2, y: 1, z: 0 },
			rotation: { x: 4, y: -59, z: -180 },
			origin: { x: 0.5, y: 0.3, z: 0.5 },
			scale: 2
		}
	},
	
	tpHandTransformByType: {
		"creature-cassowary-egg-raw": {
			translation: { x: -0.2, y: -0.2, z: 0 },
			rotation: { x: 0, y: 0, z: 0 },
			origin: { x: 0.3, y: 0, z: 0.25 },
			scale: 1
		},
		"creature-crocodile-egg-raw": {
			translation: { x: -0.2, y: -0.2, z: 0 },
			rotation: { x: 0, y: 0, z: 0 },
			origin: { x: 0.3, y: 0, z: 0.25 },
			scale: 1
		}
	},
	
	fpHandTransformByType: {
		"creature-cassowary-egg-raw": {
			translation: { x: 0.4, y: 0, z: 0 },
			rotation: { x: -180, y: -96, z: -180 },
			scale: 3
		},
		"creature-crocodile-egg-raw": {
			translation: { x: 0.4, y: 0, z: 0 },
			rotation: { x: -180, y: -96, z: -180 },
			scale: 3
		}
	},
	transitionablePropsByType: {
		"creature-cassowary-egg-raw": [
			{
				type: "Perish",
				freshHours: { avg: 480 },
				transitionHours: { avg: 76 },
				transitionedStack: { type: "item", code: "game:rot" },
				transitionRatio: 1
			}
		],
		"creature-crocodile-egg-raw": [
			{
				type: "Perish",
				freshHours: { avg: 480 },
				transitionHours: { avg: 76 },
				transitionedStack: { type: "item", code: "game:rot" },
				transitionRatio: 1
			}
		]
	},
	groundTransformByType: {
		"creature-cassowary-egg-raw": {
			translation: { x: 0, y: 0, z: 0 },
			rotation: { x: 0, y: 0, z: -3 },
			origin: { x: 0.47, y: 0, z: 0.5 },
			scale: 5
		},
		"creature-crocodile-egg-raw": {
			translation: { x: 0, y: 0, z: 0 },
			rotation: { x: 0, y: 0, z: -3 },
			origin: { x: 0.47, y: 0, z: 0.5 },
			scale: 5
		}
	}
}