[
  {
    "toolmode": "chopping",
    "ingredients":
    [ 
      {"inputs": 
       [
         {"type": "block", "code": "floralzonesneozeylandicregion:log-placed-*-ud", "name": "wood", "loadFromProperties": "floralzonesneozeylandicregion:block/wood"}
       ]
      }
    ],
    "output": {"type": "block", "code": "floralzonesneozeylandicregion:logslab-{wood}-barked-down-free", "quantity": 2}
  },
  {
    "toolmode": "chopping",
    "ingredients":
    [ 
      {"inputs": 
       [
         {"type": "block", "code": "floralzonesneozeylandicregion:logsection-placed-*-ud", "name": "wood", "loadFromProperties": "floralzonesneozeylandicregion:block/wood"}
       ]
      }
    ],
    "output": {"type": "block", "code": "floralzonesneozeylandicregion:logslab-{wood}-barked-down-free", "quantity": 2}
  },
  {
    "toolmode": "chopping",
    "ingredients":
    [ 
      {"inputs": 
       [
         {"type": "block", "code": "floralzonesneozeylandicregion:debarkedlog-*-ud", "name": "wood", "loadFromProperties": "floralzonesneozeylandicregion:block/wood"}
       ]
      }
    ],
    "output": {"type": "block", "code": "floralzonesneozeylandicregion:logslab-{wood}-debarked-down-free", "quantity": 2}
  }
]