{
	code: "creature",
	class: "ItemCreature",
	maxstacksize: 1,
	variantgroups: [
		{ code: "genus", states: ["chelonoidis-female", "chelonoidis-male", "chelonoidis-baby", "chelonoidis-juvenile", "chelonoidis-egg"]},
		{
			code: "type",
			states: [
				"carbonarius",
				"denticulatus",
				"chilensis",
				"niger",
				"alburyorum",
				"cubensis",
				"monensis",
				"gersoni",
				"marcanoi",
			]
		},
		
		],

	shapeByType: {
		"*-chelonoidis-baby-*": {
			"base": "entity/land/chelonoidis-baby"
					},
		"*-chelonoidis-egg-*": {
			"base": "entity/land/chelonoidis-egg"
					},
		"*": {
			"base": "entity/land/chelonoidis"
					},
		
	},
	texturesByType: {
		"*-chelonoidis-egg-*": {
			"skin": { "base": "entity/newworldgianttortoises/chelonoidis-egg" }
		},
		"*": {
			"skin": { "base": "entity/newworldgianttortoises/chelonoidis-{type}" }
		},
		
		
	},
	
	
	
	
	creativeinventory: { "general": ["*"], "items": ["*"], "creatures": ["*"] },
	materialDensity: 600,
	guiTransform: {
		
			rotate: true,
			translation: { x: 1, y: -1, z: 0 },
			rotation: { x: -11, y: -52, z: -180 },
			origin: { x: 0.5, y: 0.6, z: 0.5 },
			scale: 0.97		
	},
	
	tpHandTransform: {

			translation: { x: -0.4, y: 0, z: -0.6 },
			rotation: { x: -160, y: -26, z: -90 },
			origin: { x: 0.5, y: 0.1, z: 0.5 },
			scale: 0.45	
	},
	
	fpHandTransform: {
	
			translation: { x: 0.4, y: 0, z: 0 },
			rotation: { x: -8, y: -63, z: -7 }
	}
	

	
	
	
	




