[
	{
		"ingredientPattern": "MS,TR",
		"ingredients": {
			"R": {
				"type": "item",
				"code": "nugget-eldrathium",
				"quantity": 1
			},
			"S": {
				"type": "block",
				"code": "mageweave-normal-down",
				"quantity": 1
			},
			"M": {
				"type": "item",
				"code": "manastone-none",
				"quantity": 1
			},
			"T": {
				"type": "item",
				"code": "temporalfragment",
				"quantity": 1
			}
		},
		"width": 2,
		"height": 2,
		"output": {
			"type": "item",
			"code": "magicalrepairkit",
			"quantity": 1
		}
	}
]
