[
	{
		"ingredientPattern": "A,L",
		"recipeGroup": 2,
		"ingredients": {
			"A": {
				"type": "item",
				"code": "armorlegs-*-arcane-legs-tier1",
				"name": "type",
				"loadFromProperties": "rustboundmagic:abstract/color"
			},
			"L": {
				"type": "item",
				"code": "magicalrepairkit"
			}
		},
		"width": 1,
		"height": 2,
		"shapeless": true,
		"copyAttributesFrom": "A",
		"averageDurability": false,
		"name": "Mage armor repair",
		"output": {
			"type": "item",
			"code": "armorlegs-{type}-arcane-legs-tier1"
		}
	},
	{
		"ingredientPattern": "A,L",
		"recipeGroup": 2,
		"ingredients": {
			"A": {
				"type": "item",
				"code": "armorlegs-*-arcane-legs-tier2",
				"name": "type",
				"loadFromProperties": "rustboundmagic:abstract/color"
			},
			"L": {
				"type": "item",
				"code": "magicalrepairkit"
			}
		},
		"width": 1,
		"height": 2,
		"shapeless": true,
		"copyAttributesFrom": "A",
		"averageDurability": false,
		"name": "Mage armor repair",
		"output": {
			"type": "item",
			"code": "armorlegs-{type}-arcane-legs-tier2"
		}
	},
	{
		"ingredientPattern": "A,L",
		"recipeGroup": 2,
		"ingredients": {
			"A": {
				"type": "item",
				"code": "armorlegs-*-arcane-legs-tier3",
				"name": "type",
				"loadFromProperties": "rustboundmagic:abstract/color"
			},
			"L": {
				"type": "item",
				"code": "magicalrepairkit"
			}
		},
		"width": 1,
		"height": 2,
		"shapeless": true,
		"copyAttributesFrom": "A",
		"averageDurability": false,
		"name": "Mage armor repair",
		"output": {
			"type": "item",
			"code": "armorlegs-{type}-arcane-legs-tier3"
		}
	},
	{
		"ingredientPattern": "A,L",
		"recipeGroup": 2,
		"ingredients": {
			"A": {
				"type": "item",
				"code": "armorlegs-*-arcane-legs-tier4",
				"name": "type",
				"loadFromProperties": "rustboundmagic:abstract/color"
			},
			"L": {
				"type": "item",
				"code": "magicalrepairkit"
			}
		},
		"width": 1,
		"height": 2,
		"shapeless": true,
		"copyAttributesFrom": "A",
		"averageDurability": false,
		"name": "Mage armor repair",
		"output": {
			"type": "item",
			"code": "armorlegs-{type}-arcane-legs-tier4"
		}
	}
]