[
	{
		"ingredientPattern": "A,L",
		"recipeGroup": 2,
		"ingredients": {
			"A": {
				"type": "item",
				"code": "armorbody-*-arcane-body-tier1",
				"name": "type",
				"loadFromProperties": "rustboundmagic:abstract/color"
			},
			"L": {
				"type": "item",
				"code": "magicalrepairkit"
			}
		},
		"width": 1,
		"height": 2,
		"shapeless": true,
		"copyAttributesFrom": "A",
		"averageDurability": false,
		"name": "Mage armor repair",
		"output": {
			"type": "item",
			"code": "armorbody-{type}-arcane-body-tier1"
		}
	},
	{
		"ingredientPattern": "A,L",
		"recipeGroup": 2,
		"ingredients": {
			"A": {
				"type": "item",
				"code": "armorbody-*-arcane-body-tier2",
				"name": "type",
				"loadFromProperties": "rustboundmagic:abstract/color"
			},
			"L": {
				"type": "item",
				"code": "magicalrepairkit"
			}
		},
		"width": 1,
		"height": 2,
		"shapeless": true,
		"copyAttributesFrom": "A",
		"averageDurability": false,
		"name": "Mage armor repair",
		"output": {
			"type": "item",
			"code": "armorbody-{type}-arcane-body-tier2"
		}
	},
	{
		"ingredientPattern": "A,L",
		"recipeGroup": 2,
		"ingredients": {
			"A": {
				"type": "item",
				"code": "armorbody-*-arcane-body-tier3",
				"name": "type",
				"loadFromProperties": "rustboundmagic:abstract/color"
			},
			"L": {
				"type": "item",
				"code": "magicalrepairkit"
			}
		},
		"width": 1,
		"height": 2,
		"shapeless": true,
		"copyAttributesFrom": "A",
		"averageDurability": false,
		"name": "Mage armor repair",
		"output": {
			"type": "item",
			"code": "armorbody-{type}-arcane-body-tier3"
		}
	},
	{
		"ingredientPattern": "A,L",
		"recipeGroup": 2,
		"ingredients": {
			"A": {
				"type": "item",
				"code": "armorbody-*-arcane-body-tier4",
				"name": "type",
				"loadFromProperties": "rustboundmagic:abstract/color"
			},
			"L": {
				"type": "item",
				"code": "magicalrepairkit"
			}
		},
		"width": 1,
		"height": 2,
		"shapeless": true,
		"copyAttributesFrom": "A",
		"averageDurability": false,
		"name": "Mage armor repair",
		"output": {
			"type": "item",
			"code": "armorbody-{type}-arcane-body-tier4"
		}
	}
]