{
	"editor": {
		"collapsedPaths": "Root/Base/Barrel4,Root/Base/Barrel1,Root/RimMoverLeft/Quadrant10-12,Root/Root/RimMoverLeft,Root/Base/Barrel1/Barrel2,Root/Base/HubLeft/HubFatPart,Root/RimMoverRight1/Hub,Root/Root/Gun/Gun/Detail8,Root/Root/Base,Root/Base/Barrel1/Barrel4,Root/Base/Barrel1/Barrel1Detail2,Root/Hub,Root/Root/Gun/Gun/Detail1,Root/HubRight/HubFatPart,Root/RimMoverLeft/Quadrant1-3,Root/RimMoverRight1/RimMover,Root/RimMoverLeft/Quadrant7-9,Root/Gun/Detail1,Root/RotatingGun,Root/Base/BaseRight1,Root/Root/Gun/Gun/BarrelPart2,Root/Root/Gun/Gun/BarrelPart1,Root/Root/RimMoverRight,Root/RimMoverRight2,Root/Gun/Detail8,Root/RimMoverRight1,Root/RimMoverLeft/Hub,Root/RimMoverRight,Root/RimMoverLeft/RimMover,Root/Base/Gun,Root/Root/Gun/Gun/RotatingGunPart,Root/Gun,Root/HubRight,Root/Gun/BarrelStart2,Root/Root/Gun/Gun/RotatingPart,Root/Base/Barrel1/Barrel2/Barrel3,Root/Base/Barrel4/Barrel5,Root/RimMoverLeft1,Root/RimMoverLeft2,Root/Base,Root/RimMover,Root/Base/HubLeft,Root/BarrelStart,Root/HubLeft,Root/Base/Barrel4/Barrel1Detail5,Root/Base/Barrel1/BarrelDetail3,Root/Gun/BarrelPart2,Root/Gun/BarrelPart1,Root/Base/Barrel1/BarrelDetail1,Root/Base/BaseLeft1,Root/Gun/BarrelPart4,Root/Gun/BarrelPart3,Root/Base/HubLeft/WheelLeft2,Root/RimMoverLeft/Quadrant4-6,Root/Gun/RotatingGunPart,Root/Base/Barrel4/Barrel5/Barrel6,Root/Base/HubRight,Root/HubLeft/HubFatPart",
		"allAngles": false,
		"entityTextureMode": false
	},
	"textureWidth": 16,
	"textureHeight": 16,
	"textureSizes": {
	},
	"textures": {
	},
	"elements": [
		{
			"name": "RotatingGun",
			"from": [ 8.0, -1.3, -5.0 ],
			"to": [ 8.0, -1.3, -5.0 ],
			"rotationOrigin": [ 8.0, 2.3, 8.0 ],
			"faces": {
			},
			"children": [
				{
					"name": "Detail1",
					"from": [ -1.5, 0.0, -8.0 ],
					"to": [ 1.5, 1.0, -7.0 ],
					"rotationOrigin": [ 0.0, 0.0, -8.0 ],
					"faces": {
						"north": { "texture": "#metalalt", "uv": [ 8.0, 7.5, 11.0, 8.5 ] },
						"south": { "texture": "#metalalt", "uv": [ 6.5, 9.0, 9.5, 10.0 ], "windMode": [-1,-1,-1,-1] },
						"up": { "texture": "#metalalt", "uv": [ 5.0, 6.0, 8.0, 7.0 ], "windMode": [-1,-1,-1,-1] },
						"down": { "texture": "#metalalt", "uv": [ 7.5, 9.5, 10.5, 10.5 ], "windMode": [-1,-1,-1,-1] }
					}
				},
				{
					"name": "Detail2",
					"from": [ 1.0, 1.0, -7.99 ],
					"to": [ 4.0, 2.0, -6.99 ],
					"rotationOrigin": [ 2.5, 1.0, -8.0 ],
					"rotationZ": 45.0,
					"faces": {
						"north": { "texture": "#metalalt", "uv": [ 8.5, 8.0, 11.5, 9.0 ] },
						"south": { "texture": "#metalalt", "uv": [ 3.5, 3.0, 6.5, 4.0 ] },
						"up": { "texture": "#metalalt", "uv": [ 11.5, 10.0, 14.5, 11.0 ] },
						"down": { "texture": "#metalalt", "uv": [ 3.0, 5.0, 6.0, 6.0 ] }
					}
				},
				{
					"name": "Detail3",
					"from": [ 2.5, 2.0, -8.0 ],
					"to": [ 3.5, 5.0, -7.0 ],
					"rotationOrigin": [ 2.5, 3.5, -8.0 ],
					"faces": {
						"north": { "texture": "#metalalt", "uv": [ 5.5, 4.0, 6.5, 7.0 ] },
						"east": { "texture": "#metalalt", "uv": [ 10.0, 6.5, 11.0, 9.5 ] },
						"south": { "texture": "#metalalt", "uv": [ 8.5, 7.0, 9.5, 10.0 ] },
						"west": { "texture": "#metalalt", "uv": [ 5.0, 9.5, 6.0, 12.5 ], "windMode": [-1,-1,-1,-1] }
					}
				},
				{
					"name": "Detail4",
					"from": [ 1.0, 6.0, -7.99 ],
					"to": [ 4.0, 7.0, -6.99 ],
					"rotationOrigin": [ 2.5, 6.0, -8.0 ],
					"rotationZ": 135.0,
					"faces": {
						"north": { "texture": "#metalalt", "uv": [ 9.5, 6.5, 12.5, 7.5 ] },
						"south": { "texture": "#metalalt", "uv": [ 5.5, 5.0, 8.5, 6.0 ] },
						"up": { "texture": "#metalalt", "uv": [ 11.0, 13.5, 14.0, 14.5 ] },
						"down": { "texture": "#metalalt", "uv": [ 2.5, 3.5, 5.5, 4.5 ] }
					}
				},
				{
					"name": "Detail5",
					"from": [ -1.5, 6.0, -8.0 ],
					"to": [ 1.5, 7.0, -7.0 ],
					"rotationOrigin": [ 0.0, 7.0, -8.0 ],
					"faces": {
						"north": { "texture": "#metalalt", "uv": [ 12.5, 5.5, 15.5, 6.5 ] },
						"south": { "texture": "#metalalt", "uv": [ 3.5, 2.5, 6.5, 3.5 ] },
						"up": { "texture": "#metalalt", "uv": [ 3.5, 9.0, 6.5, 10.0 ] },
						"down": { "texture": "#metalalt", "uv": [ 9.0, 5.5, 12.0, 6.5 ] }
					}
				},
				{
					"name": "Detail6",
					"from": [ -4.0, 1.0, -7.99 ],
					"to": [ -1.0, 2.0, -6.99 ],
					"rotationOrigin": [ -2.5, 1.0, -8.0 ],
					"rotationZ": -45.0,
					"faces": {
						"north": { "texture": "#metalalt", "uv": [ 9.5, 9.0, 12.5, 10.0 ] },
						"south": { "texture": "#metalalt", "uv": [ 2.5, 3.0, 5.5, 4.0 ] },
						"up": { "texture": "#metalalt", "uv": [ 11.5, 9.5, 14.5, 10.5 ] },
						"down": { "texture": "#metalalt", "uv": [ 7.5, 2.5, 10.5, 3.5 ] }
					}
				},
				{
					"name": "Detail7",
					"from": [ -3.5, 2.0, -8.0 ],
					"to": [ -2.5, 5.0, -7.0 ],
					"rotationOrigin": [ -2.5, 3.5, -8.0 ],
					"faces": {
						"north": { "texture": "#metalalt", "uv": [ 4.0, 2.5, 5.0, 5.5 ] },
						"east": { "texture": "#metalalt", "uv": [ 13.5, 12.0, 14.5, 15.0 ] },
						"south": { "texture": "#metalalt", "uv": [ 7.5, 3.0, 8.5, 6.0 ] },
						"west": { "texture": "#metalalt", "uv": [ 3.0, 1.0, 4.0, 4.0 ] }
					}
				},
				{
					"name": "Detail8",
					"from": [ -4.0, 6.0, -7.99 ],
					"to": [ -1.0, 7.0, -6.99 ],
					"rotationOrigin": [ -2.5, 6.0, -8.0 ],
					"rotationZ": -135.0,
					"faces": {
						"north": { "texture": "#metalalt", "uv": [ 4.0, 3.5, 7.0, 4.5 ] },
						"south": { "texture": "#metalalt", "uv": [ 12.0, 6.0, 15.0, 7.0 ] },
						"up": { "texture": "#metalalt", "uv": [ 5.5, 4.0, 8.5, 5.0 ] },
						"down": { "texture": "#metalalt", "uv": [ 2.0, 13.5, 5.0, 14.5 ] }
					}
				},
				{
					"name": "Barrel1",
					"from": [ -0.5, 0.5, -9.0 ],
					"to": [ 0.5, 1.5, 7.0 ],
					"rotationOrigin": [ 0.0, 3.5, 0.0 ],
					"faces": {
						"north": { "texture": "#black", "uv": [ 0.0, 0.0, 1.0, 7.0 ], "windMode": [-1,-1,-1,-1] },
						"east": { "texture": "#metalalt", "uv": [ 0.0, 9.0, 16.0, 10.0 ], "windMode": [-1,-1,-1,-1] },
						"west": { "texture": "#metalalt", "uv": [ 0.0, 6.5, 16.0, 7.5 ], "windMode": [-1,-1,-1,-1] },
						"up": { "texture": "#metalalt", "uv": [ 7.5, 0.0, 8.5, 16.0 ] },
						"down": { "texture": "#metalalt", "uv": [ 12.0, 0.0, 13.0, 16.0 ] }
					}
				},
				{
					"name": "Barrel2",
					"from": [ -0.5, 0.5, -9.0 ],
					"to": [ 0.5, 1.5, 7.0 ],
					"rotationOrigin": [ 0.0, 3.5, 0.0 ],
					"rotationZ": 60.0,
					"faces": {
						"north": { "texture": "#black", "uv": [ 0.0, 0.0, 1.0, 1.0 ], "windMode": [-1,-1,-1,-1] },
						"east": { "texture": "#metalalt", "uv": [ 0.0, 6.5, 16.0, 7.5 ] },
						"west": { "texture": "#metalalt", "uv": [ 0.0, 3.5, 16.0, 4.5 ] },
						"up": { "texture": "#metalalt", "uv": [ 3.5, 0.0, 4.5, 16.0 ] },
						"down": { "texture": "#metalalt", "uv": [ 12.0, 0.0, 13.0, 16.0 ] }
					}
				},
				{
					"name": "Barrel3",
					"from": [ -0.5, 0.5, -9.0 ],
					"to": [ 0.5, 1.5, 7.0 ],
					"rotationOrigin": [ 0.0, 3.5, 0.0 ],
					"rotationZ": 120.0,
					"faces": {
						"north": { "texture": "#black", "uv": [ 0.0, 0.0, 1.0, 1.0 ], "windMode": [-1,-1,-1,-1] },
						"east": { "texture": "#metalalt", "uv": [ 0.0, 12.0, 16.0, 13.0 ] },
						"west": { "texture": "#metalalt", "uv": [ 0.0, 6.0, 16.0, 7.0 ] },
						"up": { "texture": "#metalalt", "uv": [ 9.0, 0.0, 10.0, 16.0 ] },
						"down": { "texture": "#metalalt", "uv": [ 5.0, 0.0, 6.0, 16.0 ] }
					}
				},
				{
					"name": "Barrel4",
					"from": [ -0.5, 0.5, -9.0 ],
					"to": [ 0.5, 1.5, 7.0 ],
					"rotationOrigin": [ 0.0, 3.5, 0.0 ],
					"rotationZ": 180.0,
					"faces": {
						"north": { "texture": "#black", "uv": [ 0.0, 0.0, 8.0, 1.0 ], "windMode": [-1,-1,-1,-1] },
						"east": { "texture": "#metalalt", "uv": [ 0.0, 2.5, 16.0, 3.5 ] },
						"west": { "texture": "#metalalt", "uv": [ 0.0, 9.5, 16.0, 10.5 ] },
						"up": { "texture": "#metalalt", "uv": [ 9.5, 0.0, 10.5, 16.0 ] },
						"down": { "texture": "#metalalt", "uv": [ 5.5, 0.0, 6.5, 16.0 ] }
					}
				},
				{
					"name": "Barrel5",
					"from": [ -0.5, 0.5, -9.0 ],
					"to": [ 0.5, 1.5, 7.0 ],
					"rotationOrigin": [ 0.0, 3.5, 0.0 ],
					"rotationZ": -120.0,
					"faces": {
						"north": { "texture": "#black", "uv": [ 0.0, 0.0, 1.0, 1.0 ], "windMode": [-1,-1,-1,-1] },
						"east": { "texture": "#metalalt", "uv": [ 0.0, 4.0, 16.0, 5.0 ] },
						"west": { "texture": "#metalalt", "uv": [ 0.0, 5.5, 16.0, 6.5 ] },
						"up": { "texture": "#metalalt", "uv": [ 7.0, 0.0, 8.0, 16.0 ] },
						"down": { "texture": "#metalalt", "uv": [ 14.0, 0.0, 15.0, 16.0 ] }
					}
				},
				{
					"name": "Barrel6",
					"from": [ -0.5, 0.5, -9.0 ],
					"to": [ 0.5, 1.5, 7.0 ],
					"rotationOrigin": [ 0.0, 3.5, 0.0 ],
					"rotationZ": -60.0,
					"faces": {
						"north": { "texture": "#black", "uv": [ 0.5, 0.5, 1.5, 1.5 ] },
						"east": { "texture": "#metalalt", "uv": [ 0.0, 2.5, 16.0, 3.5 ] },
						"west": { "texture": "#metalalt", "uv": [ 0.0, 6.5, 16.0, 7.5 ] },
						"up": { "texture": "#metalalt", "uv": [ 9.0, 0.0, 10.0, 16.0 ] },
						"down": { "texture": "#metalalt", "uv": [ 6.5, 0.0, 7.5, 16.0 ] }
					}
				}
			]
		}
	]}