{
	"editor": {
		"collapsedPaths": "Root/Base/Barrel4,Root/RimMoverLeft/RimMover,Root/Base/Gun,Root/Base/Barrel1,Root/RimMoverLeft/Quadrant10-12,Root/HubL,Root/HubRight,Root/Gun/BarrelStart2,Root/Base/Barrel1/Barrel2/Barrel3,Root/Base/Barrel4/Barrel5,Root/Base/Barrel1/Barrel2,Root/RimMoverLeft,Root/Base/HubLeft/HubFatPart,Root/RimMoverRight1/Hub,Root/RimMoverLeft1,Root/RimMoverLeft2,Root/RimMover,Root/Base/HubLeft,Root/BarrelStart,Root/Base/Barrel1/Barrel4,Root/HubLeft,Root/Base/Barrel1/Barrel1Detail2,Root/Hub,Root/Base/Barrel4/Barrel1Detail5,Root/HubRight/HubFatPart,Root/Base/Barrel1/BarrelDetail3,Root/Gun/BarrelPart2,Root/Gun/BarrelPart1,Root/Base/Barrel1/BarrelDetail1,Root/Gun/BarrelPart4,Root/Base/BaseLeft1,Root/RimMoverLeft/Quadrant1-3,Root/Base/HubLeft/WheelLeft2,Root/RimMoverRight1/RimMover,Root/RimMoverLeft/Quadrant4-6,Root/RimMoverLeft/Quadrant7-9,Root/Gun/Detail1,Root/HubRight/HubFatPart2,Root/Base/Barrel4/Barrel5/Barrel6,Root/Base/HubRight,Root/RimMoverRight2,Root/RimMoverRight1,Root/RimMoverLeft/Hub,Root/Base/BaseLeft1/BaseLeft2,Root/RimMoverRight,Root/HubLeft/HubFatPart",
		"allAngles": true,
		"entityTextureMode": false
	},
	"textureWidth": 16,
	"textureHeight": 16,
	"textureSizes": {
	},
	"textures": {
	},
	"elements": [
		{
			"name": "Gun",
			"from": [ 8.0, -1.8, 8.6 ],
			"to": [ 8.0, -1.8, 8.6 ],
			"rotationOrigin": [ 8.0, -1.8, 8.6 ],
			"faces": {
			},
			"children": [
				{
					"name": "BarrelPart1",
					"from": [ -7.6032, 2.6784, -0.4752 ],
					"to": [ -7.6032, 2.6784, -0.4752 ],
					"rotationOrigin": [ 0.0, 2.6784, 7.128 ],
					"rotationX": -90.0,
					"faces": {
					},
					"children": [
						{
							"name": "Barrel1",
							"from": [ 10.4544, 0.0, 5.7024 ],
							"to": [ 11.4048, 16.0, 9.504 ],
							"rotationOrigin": [ 10.4544, 0.0, 7.6032 ],
							"faces": {
								"east": { "texture": "#metal", "uv": [ 8.0, 0.0, 11.5, 16.0 ] },
								"west": { "texture": "#metal", "uv": [ 10.0, 0.0, 13.5, 16.0 ] },
								"up": { "texture": "#metal", "uv": [ 5.5, 6.0, 6.0, 9.5 ] },
								"down": { "texture": "#metal", "uv": [ 5.0, 7.0, 5.5, 10.5 ] }
							}
						},
						{
							"name": "Barrel2",
							"from": [ 3.8016, 0.0, 5.7024 ],
							"to": [ 4.752, 16.0, 9.504 ],
							"rotationOrigin": [ 4.752, 0.0, 7.6032 ],
							"faces": {
								"east": { "texture": "#metal", "uv": [ 4.5, 0.0, 8.0, 16.0 ] },
								"west": { "texture": "#metal", "uv": [ 8.5, 0.0, 12.0, 16.0 ] },
								"up": { "texture": "#metal", "uv": [ 13.0, 3.0, 13.5, 6.5 ] },
								"down": { "texture": "#metal", "uv": [ 1.5, 3.0, 2.0, 6.5 ] }
							}
						},
						{
							"name": "Barrel3",
							"from": [ 5.7024, 0.0, 10.4544 ],
							"to": [ 9.504, 16.0, 11.4048 ],
							"rotationOrigin": [ 7.6032, 0.0, 10.4544 ],
							"faces": {
								"north": { "texture": "#metal", "uv": [ 3.0, 0.0, 6.5, 16.0 ] },
								"south": { "texture": "#metal", "uv": [ 9.0, 0.0, 12.5, 16.0 ], "windMode": [-1,-1,-1,-1], "windData": [1,1,1,1] },
								"up": { "texture": "#metal", "uv": [ 7.0, 7.5, 10.5, 8.0 ] },
								"down": { "texture": "#metal", "uv": [ 3.0, 6.0, 6.5, 6.5 ] }
							}
						},
						{
							"name": "Barrel4",
							"from": [ 5.7024, 0.0, 3.8016 ],
							"to": [ 9.504, 16.0, 4.752 ],
							"rotationOrigin": [ 7.6032, 0.0, 4.752 ],
							"faces": {
								"north": { "texture": "#metal", "uv": [ 0.5, 0.0, 4.0, 16.0 ] },
								"south": { "texture": "#metal", "uv": [ 8.5, 0.0, 12.0, 16.0 ] },
								"up": { "texture": "#metal", "uv": [ 5.5, 7.0, 9.0, 7.5 ] },
								"down": { "texture": "#metal", "uv": [ 6.0, 8.0, 9.5, 8.5 ] }
							}
						},
						{
							"name": "Barrel5",
							"from": [ 9.0288, 0.0, 10.4544 ],
							"to": [ 11.88, 16.0, 11.4048 ],
							"rotationOrigin": [ 10.4544, 0.0, 10.4544 ],
							"rotationX": -180.0,
							"rotationY": -45.0,
							"rotationZ": -180.0,
							"faces": {
								"north": { "texture": "#metal", "uv": [ 9.5, 0.0, 12.0, 16.0 ] },
								"south": { "texture": "#metal", "uv": [ 4.5, 0.0, 7.0, 16.0 ] },
								"up": { "texture": "#metal", "uv": [ 13.0, 2.5, 15.5, 3.0 ] },
								"down": { "texture": "#metal", "uv": [ 3.0, 7.0, 5.5, 7.5 ] }
							}
						},
						{
							"name": "Barrel6",
							"from": [ 3.3264, 0.0, 10.4544 ],
							"to": [ 6.1776, 16.0, 11.4048 ],
							"rotationOrigin": [ 4.752, 0.0, 10.4544 ],
							"rotationX": -180.0,
							"rotationY": 45.0,
							"rotationZ": -180.0,
							"faces": {
								"north": { "texture": "#metal", "uv": [ 5.5, 0.0, 8.0, 16.0 ] },
								"south": { "texture": "#metal", "uv": [ 11.5, 0.0, 14.0, 16.0 ] },
								"up": { "texture": "#metal", "uv": [ 3.5, 3.5, 6.0, 4.0 ] },
								"down": { "texture": "#metal", "uv": [ 11.0, 10.5, 13.5, 11.0 ] }
							}
						},
						{
							"name": "Barrel7",
							"from": [ 3.3264, 0.0, 4.752 ],
							"to": [ 6.1776, 16.0, 5.7024 ],
							"rotationOrigin": [ 4.752, 0.0, 4.752 ],
							"rotationY": 45.0,
							"faces": {
								"north": { "texture": "#metal", "uv": [ 10.0, 0.0, 12.5, 16.0 ] },
								"south": { "texture": "#metal", "uv": [ 3.0, 0.0, 5.5, 16.0 ] },
								"up": { "texture": "#metal", "uv": [ 10.5, 5.5, 13.0, 6.0 ] },
								"down": { "texture": "#metal", "uv": [ 9.5, 6.5, 12.0, 7.0 ] }
							}
						},
						{
							"name": "Barrel8",
							"from": [ 9.0288, 0.0, 4.752 ],
							"to": [ 11.88, 16.0, 5.7024 ],
							"rotationOrigin": [ 10.4544, 0.0, 4.752 ],
							"rotationY": -45.0,
							"faces": {
								"north": { "texture": "#metal", "uv": [ 2.0, 0.0, 4.5, 16.0 ] },
								"south": { "texture": "#metal", "uv": [ 9.0, 0.0, 11.5, 16.0 ] },
								"up": { "texture": "#metal", "uv": [ 11.5, 6.5, 14.0, 7.0 ] },
								"down": { "texture": "#metal", "uv": [ 6.5, 8.5, 9.0, 9.0 ] }
							}
						}
					]
				},
				{
					"name": "BarrelPart2",
					"from": [ -6.912, 3.8, -14.544 ],
					"to": [ -6.912, 3.8, -14.544 ],
					"rotationOrigin": [ 0.0, 2.592, -7.632 ],
					"rotationX": -90.0,
					"faces": {
					},
					"children": [
						{
							"name": "Barrel9",
							"from": [ 9.504, 0.0, 5.184 ],
							"to": [ 10.368, 16.0, 8.64 ],
							"rotationOrigin": [ 9.504, 0.0, 6.912 ],
							"faces": {
								"east": { "texture": "#metal", "uv": [ 7.5, 0.0, 10.5, 16.0 ] },
								"west": { "texture": "#metalbarrel", "uv": [ 1.5, 0.0, 4.5, 16.0 ], "windMode": [-1,-1,-1,-1] }
							}
						},
						{
							"name": "Barrel10",
							"from": [ 3.456, 0.0, 5.184 ],
							"to": [ 4.32, 16.0, 8.64 ],
							"rotationOrigin": [ 4.32, 0.0, 6.912 ],
							"faces": {
								"east": { "texture": "#metalbarrel", "uv": [ 12.0, 0.0, 15.0, 16.0 ] },
								"west": { "texture": "#metal", "uv": [ 7.0, 0.0, 10.0, 16.0 ] }
							}
						},
						{
							"name": "Barrel11",
							"from": [ 5.184, 0.0, 9.504 ],
							"to": [ 8.64, 16.0, 10.368 ],
							"rotationOrigin": [ 6.912, 0.0, 9.504 ],
							"faces": {
								"north": { "texture": "#metalbarrel", "uv": [ 2.5, 0.0, 5.5, 16.0 ] },
								"south": { "texture": "#metal", "uv": [ 7.0, 0.0, 10.0, 16.0 ] }
							}
						},
						{
							"name": "Barrel12",
							"from": [ 5.184, 0.0, 3.456 ],
							"to": [ 8.64, 16.0, 4.32 ],
							"rotationOrigin": [ 6.912, 0.0, 4.32 ],
							"faces": {
								"north": { "texture": "#metal", "uv": [ 8.5, 0.0, 11.5, 16.0 ] },
								"south": { "texture": "#metalbarrel", "uv": [ 9.5, 0.0, 12.5, 16.0 ], "windMode": [-1,-1,-1,-1] }
							}
						},
						{
							"name": "Barrel13",
							"from": [ 8.208, 0.0, 9.504 ],
							"to": [ 10.8, 16.0, 10.368 ],
							"rotationOrigin": [ 9.504, 0.0, 9.504 ],
							"rotationX": -180.0,
							"rotationY": -45.0,
							"rotationZ": -180.0,
							"faces": {
								"north": { "texture": "#metal", "uv": [ 10.5, 0.0, 13.0, 16.0 ] },
								"south": { "texture": "#metalbarrel", "uv": [ 2.5, 0.0, 5.0, 16.0 ], "windMode": [-1,-1,-1,-1] }
							}
						},
						{
							"name": "Barrel14",
							"from": [ 3.024, 0.0, 9.504 ],
							"to": [ 5.616, 16.0, 10.368 ],
							"rotationOrigin": [ 4.32, 0.0, 9.504 ],
							"rotationX": -180.0,
							"rotationY": 45.0,
							"rotationZ": -180.0,
							"faces": {
								"north": { "texture": "#metal", "uv": [ 4.0, 0.0, 6.5, 16.0 ] },
								"south": { "texture": "#metalbarrel", "uv": [ 11.5, 0.0, 14.0, 16.0 ], "windMode": [-1,-1,-1,-1] }
							}
						},
						{
							"name": "Barrel15",
							"from": [ 3.024, 0.0, 4.32 ],
							"to": [ 5.616, 16.0, 5.184 ],
							"rotationOrigin": [ 4.32, 0.0, 4.32 ],
							"rotationY": 45.0,
							"faces": {
								"north": { "texture": "#metal", "uv": [ 9.5, 0.0, 12.0, 16.0 ] },
								"south": { "texture": "#metalbarrel", "uv": [ 3.5, 0.0, 6.0, 16.0 ], "windMode": [-1,-1,-1,-1] }
							}
						},
						{
							"name": "Barrel16",
							"from": [ 8.208, 0.0, 4.32 ],
							"to": [ 10.8, 16.0, 5.184 ],
							"rotationOrigin": [ 9.504, 0.0, 4.32 ],
							"rotationY": -45.0,
							"faces": {
								"north": { "texture": "#metal", "uv": [ 9.5, 0.0, 12.0, 16.0 ] },
								"south": { "texture": "#metalbarrel", "uv": [ 4.5, 0.0, 6.9, 15.36 ], "autoUv": false, "windMode": [-1,-1,-1,-1] }
							}
						}
					]
				},
				{
					"name": "BarrelPart3",
					"from": [ -6.912, 3.4, -30.9 ],
					"to": [ -6.912, 3.4, -30.9 ],
					"rotationOrigin": [ 0.0, 2.592, -23.992 ],
					"rotationX": -90.0,
					"faces": {
					},
					"children": [
						{
							"name": "Barrel17",
							"from": [ 9.504, 0.0, 5.184 ],
							"to": [ 10.368, 16.0, 8.64 ],
							"rotationOrigin": [ 9.504, 0.0, 6.912 ],
							"faces": {
								"east": { "texture": "#metal", "uv": [ 7.5, 0.0, 10.5, 16.0 ] },
								"west": { "texture": "#metalbarrel", "uv": [ 1.5, 0.0, 4.5, 16.0 ], "windMode": [-1,-1,-1,-1] },
								"up": { "texture": "#metal", "uv": [ 5.0, 7.5, 5.5, 10.5 ], "windMode": [-1,-1,-1,-1] }
							}
						},
						{
							"name": "Barrel18",
							"from": [ 3.456, 0.0, 5.184 ],
							"to": [ 4.32, 16.0, 8.64 ],
							"rotationOrigin": [ 4.32, 0.0, 6.912 ],
							"faces": {
								"east": { "texture": "#metalbarrel", "uv": [ 12.0, 0.0, 15.0, 16.0 ] },
								"west": { "texture": "#metal", "uv": [ 7.0, 0.0, 10.0, 16.0 ] },
								"up": { "texture": "#metal", "uv": [ 13.0, 3.0, 13.5, 6.0 ], "windMode": [-1,-1,-1,-1] }
							}
						},
						{
							"name": "Barrel19",
							"from": [ 5.184, 0.0, 9.504 ],
							"to": [ 8.64, 16.0, 10.368 ],
							"rotationOrigin": [ 6.912, 0.0, 9.504 ],
							"faces": {
								"north": { "texture": "#metalbarrel", "uv": [ 2.5, 0.0, 5.5, 16.0 ] },
								"south": { "texture": "#metal", "uv": [ 7.0, 0.0, 10.0, 16.0 ] },
								"up": { "texture": "#metal", "uv": [ 7.0, 7.5, 10.0, 8.0 ], "windMode": [-1,-1,-1,-1] }
							}
						},
						{
							"name": "Barrel20",
							"from": [ 5.184, 0.0, 3.456 ],
							"to": [ 8.64, 16.0, 4.32 ],
							"rotationOrigin": [ 6.912, 0.0, 4.32 ],
							"faces": {
								"north": { "texture": "#metal", "uv": [ 8.5, 0.0, 11.5, 16.0 ] },
								"south": { "texture": "#metalbarrel", "uv": [ 9.5, 0.0, 12.5, 16.0 ], "windMode": [-1,-1,-1,-1] },
								"up": { "texture": "#metal", "uv": [ 5.5, 7.0, 8.5, 7.5 ], "windMode": [-1,-1,-1,-1] }
							}
						},
						{
							"name": "Barrel21",
							"from": [ 8.208, 0.0, 9.504 ],
							"to": [ 10.8, 16.0, 10.368 ],
							"rotationOrigin": [ 9.504, 0.0, 9.504 ],
							"rotationX": -180.0,
							"rotationY": -45.0,
							"rotationZ": -180.0,
							"faces": {
								"north": { "texture": "#metal", "uv": [ 10.5, 0.0, 13.0, 16.0 ] },
								"south": { "texture": "#metalbarrel", "uv": [ 2.5, 0.0, 5.0, 16.0 ], "windMode": [-1,-1,-1,-1] },
								"up": { "texture": "#metal", "uv": [ 13.0, 2.5, 15.5, 3.0 ], "windMode": [-1,-1,-1,-1] }
							}
						},
						{
							"name": "Barrel22",
							"from": [ 3.024, 0.0, 9.504 ],
							"to": [ 5.616, 16.0, 10.368 ],
							"rotationOrigin": [ 4.32, 0.0, 9.504 ],
							"rotationX": -180.0,
							"rotationY": 45.0,
							"rotationZ": -180.0,
							"faces": {
								"north": { "texture": "#metal", "uv": [ 4.0, 0.0, 6.5, 16.0 ] },
								"south": { "texture": "#metalbarrel", "uv": [ 11.5, 0.0, 14.0, 16.0 ], "windMode": [-1,-1,-1,-1] },
								"up": { "texture": "#metal", "uv": [ 3.5, 3.5, 6.0, 4.0 ], "windMode": [-1,-1,-1,-1] }
							}
						},
						{
							"name": "Barrel23",
							"from": [ 3.024, 0.0, 4.32 ],
							"to": [ 5.616, 16.0, 5.184 ],
							"rotationOrigin": [ 4.32, 0.0, 4.32 ],
							"rotationY": 45.0,
							"faces": {
								"north": { "texture": "#metal", "uv": [ 9.5, 0.0, 12.0, 16.0 ] },
								"south": { "texture": "#metalbarrel", "uv": [ 3.5, 0.0, 6.0, 16.0 ], "windMode": [-1,-1,-1,-1] },
								"up": { "texture": "#metal", "uv": [ 9.5, 6.5, 12.0, 7.0 ], "windMode": [-1,-1,-1,-1] }
							}
						},
						{
							"name": "Barrel24",
							"from": [ 8.208, 0.0, 4.32 ],
							"to": [ 10.8, 16.0, 5.184 ],
							"rotationOrigin": [ 9.504, 0.0, 4.32 ],
							"rotationY": -45.0,
							"faces": {
								"north": { "texture": "#metal", "uv": [ 9.5, 0.0, 12.0, 16.0 ] },
								"south": { "texture": "#metalbarrel", "uv": [ 4.5, 0.0, 7.0, 16.0 ], "windMode": [-1,-1,-1,-1] },
								"up": { "texture": "#metal", "uv": [ 11.5, 6.5, 14.0, 7.0 ], "windMode": [-1,-1,-1,-1] }
							}
						}
					]
				},
				{
					"name": "Detail1",
					"from": [ -2.8, -0.192, -7.69 ],
					"to": [ 2.8, 5.568, 7.67 ],
					"rotationOrigin": [ -1.88, -0.96, -7.68 ],
					"faces": {
						"north": { "texture": "#black", "uv": [ 2.0, 2.5, 7.5, 8.0 ] },
						"east": { "texture": "#metalalt", "uv": [ 0.5, 5.5, 15.5, 11.0 ] },
						"south": { "texture": "#metalalt", "uv": [ 8.5, 2.0, 14.0, 7.5 ] },
						"west": { "texture": "#metalalt", "uv": [ 0.5, 6.0, 15.5, 11.5 ] },
						"up": { "texture": "#metalalt", "uv": [ 6.5, 0.5, 12.0, 15.5 ] },
						"down": { "texture": "#metalalt", "uv": [ 4.0, 0.0, 9.5, 15.0 ] }
					},
					"children": [
						{
							"name": "Detail2",
							"from": [ 0.96, 0.96, 15.36 ],
							"to": [ 4.8, 4.8, 15.84 ],
							"rotationOrigin": [ 2.88, 2.88, 15.36 ],
							"rotationZ": 45.0,
							"faces": {
								"north": { "texture": "#metalalt", "uv": [ 5.0, 4.5, 8.84, 8.34 ] },
								"east": { "texture": "#metalalt", "uv": [ 7.0, 6.5, 7.48, 10.34 ] },
								"south": { "texture": "#metalalt", "uv": [ 4.0, 5.0, 7.84, 8.84 ] },
								"west": { "texture": "#metalalt", "uv": [ 9.5, 4.5, 9.98, 8.34 ] },
								"up": { "texture": "#metalalt", "uv": [ 3.0, 4.0, 6.84, 4.48 ] },
								"down": { "texture": "#metalalt", "uv": [ 6.0, 9.0, 9.84, 9.48 ] }
							}
						},
						{
							"name": "Detail3",
							"from": [ 1.92, 1.92, 15.84 ],
							"to": [ 3.84, 3.84, 16.32 ],
							"rotationOrigin": [ 2.88, 2.88, 16.32 ],
							"faces": {
								"north": { "texture": "#metalalt", "uv": [ 5.0, 4.5, 6.92, 6.42 ] },
								"east": { "texture": "#metalalt", "uv": [ 7.0, 6.5, 7.48, 8.42 ] },
								"south": { "texture": "#metalalt", "uv": [ 4.0, 5.0, 5.92, 6.92 ] },
								"west": { "texture": "#metalalt", "uv": [ 9.5, 4.5, 9.98, 6.42 ] },
								"up": { "texture": "#metalalt", "uv": [ 3.0, 4.0, 4.92, 4.48 ] },
								"down": { "texture": "#metalalt", "uv": [ 6.0, 9.0, 7.92, 9.48 ] }
							}
						}
					]
				},
				{
					"name": "Detail4",
					"from": [ -7.68, 0.48, -0.96 ],
					"to": [ 7.68, 3.36, 1.92 ],
					"rotationOrigin": [ -7.68, 1.92, 0.48 ],
					"rotationX": 45.0,
					"faces": {
						"north": { "texture": "#metalalt", "uv": [ 0.0, 5.0, 15.36, 7.88 ] },
						"east": { "texture": "#metalalt", "uv": [ 4.5, 7.0, 7.38, 9.88 ] },
						"south": { "texture": "#metalalt", "uv": [ 0.0, 3.5, 15.36, 6.38 ] },
						"west": { "texture": "#metalalt", "uv": [ 10.0, 4.5, 12.88, 7.38 ] },
						"up": { "texture": "#metalalt", "uv": [ 0.0, 2.0, 15.36, 4.88 ] },
						"down": { "texture": "#metalalt", "uv": [ 0.0, 9.0, 15.36, 11.88 ] }
					}
				},
				{
					"name": "Detail5",
					"from": [ -0.96, 5.6, -9.68 ],
					"to": [ 2.04, 8.6, 6.32 ],
					"rotationOrigin": [ 0.0, 2.88, -5.84 ],
					"rotationZ": 45.0,
					"faces": {
						"north": { "texture": "#metalalt", "uv": [ 2.5, 2.5, 5.5, 5.5 ], "windMode": [-1,-1,-1,-1] },
						"east": { "texture": "#metalalt", "uv": [ 0.0, 6.0, 16.0, 9.0 ] },
						"south": { "texture": "#metalalt", "uv": [ 8.5, 2.0, 11.5, 5.0 ] },
						"west": { "texture": "#metalalt", "uv": [ 0.0, 8.0, 16.0, 11.0 ] },
						"up": { "texture": "#metalalt", "uv": [ 8.0, 0.0, 11.0, 16.0 ] },
						"down": { "texture": "#metalalt", "uv": [ 3.0, 0.0, 6.0, 16.0 ] }
					}
				},
				{
					"name": "Detail7",
					"from": [ -0.96, 4.8, -7.68 ],
					"to": [ 0.96, 7.68, -1.92 ],
					"rotationOrigin": [ 0.0, 2.88, -3.84 ],
					"rotationZ": -45.0,
					"faces": {
						"north": { "texture": "#metalalt", "uv": [ 0.0, 0.0, 1.92, 2.88 ] },
						"east": { "texture": "#metalalt", "uv": [ 8.5, 2.0, 14.26, 4.88 ] },
						"south": { "texture": "#metalalt", "uv": [ 8.5, 2.0, 10.42, 4.88 ] },
						"west": { "texture": "#metalalt", "uv": [ 5.0, 2.5, 10.76, 5.38 ] },
						"up": { "texture": "#metalalt", "uv": [ 4.0, 4.0, 5.92, 9.76 ] },
						"down": { "texture": "#metalalt", "uv": [ 2.0, 11.0, 3.92, 16.76 ] }
					}
				},
				{
					"name": "Detail6",
					"from": [ -0.96, 5.9, -11.68 ],
					"to": [ 2.04, 8.9, 4.32 ],
					"rotationOrigin": [ 0.0, 2.88, -7.84 ],
					"rotationZ": 180.0,
					"faces": {
						"north": { "texture": "#metalalt", "uv": [ 4.5, 8.0, 7.5, 11.0 ] },
						"east": { "texture": "#metalalt", "uv": [ 0.0, 7.5, 16.0, 10.5 ] },
						"south": { "texture": "#metalalt", "uv": [ 8.5, 2.0, 11.5, 5.0 ] },
						"west": { "texture": "#metalalt", "uv": [ 0.0, 5.0, 16.0, 8.0 ] },
						"up": { "texture": "#metalalt", "uv": [ 7.5, 0.0, 10.5, 16.0 ] },
						"down": { "texture": "#metalalt", "uv": [ 2.0, 0.0, 5.0, 16.0 ] }
					}
				},
				{
					"name": "Detail8",
					"from": [ -3.5, 5.5, -25.68 ],
					"to": [ -1.5, 7.5, -9.68 ],
					"rotationOrigin": [ -2.5, 6.5, -21.84 ],
					"rotationZ": 45.0,
					"faces": {
						"north": { "texture": "#metalalt", "uv": [ 5.0, 5.0, 7.0, 7.0 ] },
						"east": { "texture": "#metalalt", "uv": [ 0.0, 6.0, 16.0, 8.0 ] },
						"west": { "texture": "#metalalt", "uv": [ 0.0, 5.5, 16.0, 7.5 ] },
						"up": { "texture": "#metalalt", "uv": [ 2.0, 0.0, 4.0, 16.0 ] },
						"down": { "texture": "#metalalt", "uv": [ 10.0, 0.0, 12.0, 16.0 ] }
					}
				}
			]
		}
	]}