{
	"editor": {
		"collapsedPaths": "Root/Base/Barrel4,Root/Base/Barrel1,Root/RimMoverLeft/Quadrant10-12,Root/Root/RimMoverLeft,Root/Base/Barrel1/Barrel2,Root/Base/HubLeft/HubFatPart,Root/RimMoverRight1/Hub,Root/Root/Gun/Gun/Detail8,Root/Root/Base,Root/Base/Barrel1/Barrel4,Root/Base/Barrel1/Barrel1Detail2,Root/Hub,Root/Root/Gun/Gun/Detail1,Root/HubRight/HubFatPart,Root/RimMoverLeft/Quadrant1-3,Root/RimMoverRight1/RimMover,Root/RimMoverLeft/Quadrant7-9,Root/RotatingGun,Root/Gun/Detail1,Root/Base/BaseRight1,Root/Root/Gun/Gun/BarrelPart2,Root/Root/Gun/Gun/BarrelPart1,Root/Root/RimMoverRight,Root/RimMoverRight2,Root/Gun/Detail8,Root/RimMoverRight1,Root/RimMoverLeft/Hub,Root/RimMoverRight,Root/RimMoverLeft/RimMover,Root/Base/Gun,Root/Root/Gun/Gun/RotatingGunPart,Root/HubRight,Root/Gun/BarrelStart2,Root/Root/Gun/Gun/RotatingPart,Root/Base/Barrel1/Barrel2/Barrel3,Root/Base/Barrel4/Barrel5,Root/RimMoverLeft1,Root/RimMoverLeft2,Root/Base,Root/RimMover,Root/Base/HubLeft,Root/BarrelStart,Root/HubLeft,Root/Base/Barrel4/Barrel1Detail5,Root/Base/Barrel1/BarrelDetail3,Root/Gun/BarrelPart2,Root/Gun/BarrelPart1,Root/Base/Barrel1/BarrelDetail1,Root/Base/BaseLeft1,Root/Gun/BarrelPart4,Root/Gun/BarrelPart3,Root/Base/HubLeft/WheelLeft2,Root/RimMoverLeft/Quadrant4-6,Root/Gun/RotatingGunPart,Root/Base/Barrel4/Barrel5/Barrel6,Root/Base/HubRight,Root/HubLeft/HubFatPart",
		"allAngles": true,
		"entityTextureMode": false
	},
	"textureWidth": 16,
	"textureHeight": 16,
	"textureSizes": {
	},
	"textures": {
	},
	"elements": [
		{
			"name": "Gun",
			"from": [ 8.0, 0.0, 8.0 ],
			"to": [ 8.0, 0.0, 8.0 ],
			"rotationOrigin": [ 8.0, 0.0, 8.0 ],
			"faces": {
			},
			"children": [
				{
					"name": "BarrelPart1",
					"from": [ -6.336, 2.232, -0.396 ],
					"to": [ -6.336, 2.232, -0.396 ],
					"rotationOrigin": [ 0.0, 2.232, 5.94 ],
					"rotationX": -90.0,
					"faces": {
					},
					"children": [
						{
							"name": "Barrel1",
							"from": [ 8.712, 0.0, 4.752 ],
							"to": [ 9.504, 14.672, 7.92 ],
							"rotationOrigin": [ 8.712, 0.0, 6.336 ],
							"faces": {
								"east": { "texture": "#metal", "uv": [ 9.0, 0.5, 12.0, 15.0 ] },
								"west": { "texture": "#metal", "uv": [ 8.5, 0.5, 11.5, 15.0 ] },
								"up": { "texture": "#metal", "uv": [ 5.5, 6.0, 6.0, 9.0 ] },
								"down": { "texture": "#metal", "uv": [ 5.0, 7.0, 5.5, 10.0 ] }
							}
						},
						{
							"name": "Barrel2",
							"from": [ 3.168, 0.0, 4.752 ],
							"to": [ 3.96, 14.672, 7.92 ],
							"rotationOrigin": [ 3.96, 0.0, 6.336 ],
							"faces": {
								"east": { "texture": "#metal", "uv": [ 4.5, 0.0, 7.5, 14.5 ] },
								"west": { "texture": "#metal", "uv": [ 8.5, 0.5, 11.5, 15.0 ] },
								"up": { "texture": "#metal", "uv": [ 13.0, 3.0, 13.5, 6.0 ] },
								"down": { "texture": "#metal", "uv": [ 1.5, 3.0, 2.0, 6.0 ] }
							}
						},
						{
							"name": "Barrel3",
							"from": [ 4.752, 0.0, 8.712 ],
							"to": [ 7.92, 14.672, 9.504 ],
							"rotationOrigin": [ 6.336, 0.0, 8.712 ],
							"faces": {
								"north": { "texture": "#metal", "uv": [ 4.0, 0.5, 7.0, 15.0 ] },
								"south": { "texture": "#metal", "uv": [ 8.5, 0.5, 11.5, 15.0 ], "windMode": [-1,-1,-1,-1], "windData": [1,1,1,1] },
								"up": { "texture": "#metal", "uv": [ 7.0, 7.5, 10.0, 8.0 ] },
								"down": { "texture": "#metal", "uv": [ 3.0, 6.0, 6.0, 6.5 ] }
							}
						},
						{
							"name": "Barrel4",
							"from": [ 4.752, 0.0, 3.168 ],
							"to": [ 7.92, 14.672, 3.96 ],
							"rotationOrigin": [ 6.336, 0.0, 3.96 ],
							"faces": {
								"north": { "texture": "#metal", "uv": [ 1.5, 0.5, 4.5, 15.0 ] },
								"south": { "texture": "#metal", "uv": [ 8.5, 0.0, 11.5, 14.5 ] },
								"up": { "texture": "#metal", "uv": [ 5.5, 7.0, 8.5, 7.5 ] },
								"down": { "texture": "#metal", "uv": [ 6.0, 8.0, 9.0, 8.5 ] }
							}
						},
						{
							"name": "Barrel5",
							"from": [ 7.524, 0.0, 8.712 ],
							"to": [ 9.9, 14.6799, 9.504 ],
							"rotationOrigin": [ 8.712, 0.0, 8.712 ],
							"rotationX": -180.0,
							"rotationY": -45.0,
							"rotationZ": -180.0,
							"faces": {
								"north": { "texture": "#metal", "uv": [ 9.5, 0.0, 11.5, 14.5 ] },
								"south": { "texture": "#metal", "uv": [ 4.5, 0.5, 6.5, 15.0 ] },
								"up": { "texture": "#metal", "uv": [ 13.0, 2.5, 15.0, 3.0 ] },
								"down": { "texture": "#metal", "uv": [ 3.0, 7.0, 5.0, 7.5 ] }
							}
						},
						{
							"name": "Barrel6",
							"from": [ 2.772, 0.0, 8.712 ],
							"to": [ 5.148, 14.6799, 9.504 ],
							"rotationOrigin": [ 3.96, 0.0, 8.712 ],
							"rotationX": -180.0,
							"rotationY": 45.0,
							"rotationZ": -180.0,
							"faces": {
								"north": { "texture": "#metal", "uv": [ 5.5, 0.5, 7.5, 15.0 ] },
								"south": { "texture": "#metal", "uv": [ 10.5, 0.5, 12.5, 15.0 ] },
								"up": { "texture": "#metal", "uv": [ 3.5, 3.5, 5.5, 4.0 ] },
								"down": { "texture": "#metal", "uv": [ 11.0, 10.5, 13.0, 11.0 ] }
							}
						},
						{
							"name": "Barrel7",
							"from": [ 2.772, 0.0, 3.96 ],
							"to": [ 5.148, 14.6799, 4.752 ],
							"rotationOrigin": [ 3.96, 0.0, 3.96 ],
							"rotationY": 45.0,
							"faces": {
								"north": { "texture": "#metal", "uv": [ 9.5, 0.5, 11.5, 15.0 ] },
								"south": { "texture": "#metal", "uv": [ 3.0, 0.0, 5.0, 14.5 ] },
								"up": { "texture": "#metal", "uv": [ 10.5, 5.5, 12.5, 6.0 ] },
								"down": { "texture": "#metal", "uv": [ 9.5, 6.5, 11.5, 7.0 ] }
							}
						},
						{
							"name": "Barrel8",
							"from": [ 7.524, 0.0, 3.96 ],
							"to": [ 9.9, 14.6799, 4.752 ],
							"rotationOrigin": [ 8.712, 0.0, 3.96 ],
							"rotationY": -45.0,
							"faces": {
								"north": { "texture": "#metal", "uv": [ 2.0, 0.0, 4.0, 13.5 ] },
								"south": { "texture": "#metal", "uv": [ 9.0, 0.5, 11.0, 14.0 ] },
								"up": { "texture": "#metal", "uv": [ 11.5, 6.5, 13.5, 7.0 ] },
								"down": { "texture": "#metal", "uv": [ 6.5, 8.5, 8.5, 9.0 ] }
							}
						}
					]
				},
				{
					"name": "Detail1",
					"from": [ -2.4, -0.16, -8.4 ],
					"to": [ 2.4, 4.64, 6.4 ],
					"rotationOrigin": [ -2.4, -0.8, -8.4 ],
					"faces": {
						"north": { "texture": "#metalalt", "uv": [ 2.0, 2.5, 6.5, 7.0 ] },
						"east": { "texture": "#metalalt", "uv": [ 0.0, 6.5, 14.5, 11.0 ] },
						"south": { "texture": "#metalalt", "uv": [ 8.5, 2.0, 13.0, 6.5 ] },
						"west": { "texture": "#metalalt", "uv": [ 0.0, 7.0, 14.5, 11.5 ] },
						"up": { "texture": "#metalalt", "uv": [ 6.5, 0.0, 11.0, 14.5 ] },
						"down": { "texture": "#metalalt", "uv": [ 4.0, 0.0, 8.5, 14.5 ] }
					},
					"children": [
						{
							"name": "Detail2",
							"from": [ 0.8, 0.8, 14.8 ],
							"to": [ 4.0, 4.0, 15.2 ],
							"rotationOrigin": [ 2.4, 2.4, 14.8 ],
							"rotationZ": 45.0,
							"faces": {
								"north": { "texture": "#metalalt", "uv": [ 5.0, 4.5, 8.0, 7.5 ] },
								"east": { "texture": "#metalalt", "uv": [ 7.0, 6.5, 7.5, 9.5 ] },
								"south": { "texture": "#metalalt", "uv": [ 4.0, 5.0, 7.0, 8.0 ] },
								"west": { "texture": "#metalalt", "uv": [ 9.5, 4.5, 10.0, 7.5 ] },
								"up": { "texture": "#metalalt", "uv": [ 3.0, 4.0, 6.0, 4.5 ] },
								"down": { "texture": "#metalalt", "uv": [ 6.0, 9.0, 9.0, 9.5 ] }
							}
						},
						{
							"name": "Detail3",
							"from": [ 1.6, 1.6, 15.2 ],
							"to": [ 3.2, 3.2, 15.6 ],
							"rotationOrigin": [ 2.4, 2.4, 15.6 ],
							"faces": {
								"north": { "texture": "#metalalt", "uv": [ 5.0, 4.5, 6.5, 6.0 ] },
								"east": { "texture": "#metalalt", "uv": [ 7.0, 6.5, 7.5, 8.0 ] },
								"south": { "texture": "#metalalt", "uv": [ 4.0, 5.0, 5.5, 6.5 ] },
								"west": { "texture": "#metalalt", "uv": [ 9.5, 4.5, 10.0, 6.0 ] },
								"up": { "texture": "#metalalt", "uv": [ 3.0, 4.0, 4.5, 4.5 ] },
								"down": { "texture": "#metalalt", "uv": [ 6.0, 9.0, 7.5, 9.5 ] }
							}
						}
					]
				},
				{
					"name": "Detail4",
					"from": [ -6.4, 0.4, -0.8 ],
					"to": [ 6.4, 2.8, 1.6 ],
					"rotationOrigin": [ -6.4, 1.6, 0.4 ],
					"rotationX": 45.0,
					"faces": {
						"north": { "texture": "#metalalt", "uv": [ 2.0, 5.0, 14.5, 7.0 ] },
						"east": { "texture": "#metalalt", "uv": [ 4.5, 7.0, 6.5, 9.0 ] },
						"south": { "texture": "#metalalt", "uv": [ 3.5, 5.0, 16.0, 7.0 ] },
						"west": { "texture": "#metalalt", "uv": [ 10.0, 4.5, 12.0, 6.5 ] },
						"up": { "texture": "#metalalt", "uv": [ 2.0, 3.0, 14.5, 5.0 ] },
						"down": { "texture": "#metalalt", "uv": [ 1.0, 9.0, 13.5, 11.0 ] }
					}
				},
				{
					"name": "Detail5",
					"from": [ -0.8, 4.0, -6.4 ],
					"to": [ 0.8, 6.4, -1.6 ],
					"rotationOrigin": [ 0.0, 2.4, -3.2 ],
					"rotationZ": 45.0,
					"faces": {
						"north": { "texture": "#metalalt", "uv": [ 0.0, 0.0, 1.6, 2.4 ] },
						"east": { "texture": "#metalalt", "uv": [ 8.5, 2.0, 13.3, 4.4 ] },
						"south": { "texture": "#metalalt", "uv": [ 8.5, 2.0, 10.1, 4.4 ] },
						"west": { "texture": "#metalalt", "uv": [ 5.0, 2.5, 9.8, 4.9 ] },
						"up": { "texture": "#metalalt", "uv": [ 4.0, 4.0, 5.6, 8.8 ] },
						"down": { "texture": "#metalalt", "uv": [ 2.0, 11.0, 3.6, 15.8 ] }
					}
				},
				{
					"name": "Detail7",
					"from": [ -0.8, 4.0, -6.4 ],
					"to": [ 0.8, 6.4, -1.6 ],
					"rotationOrigin": [ 0.0, 2.4, -3.2 ],
					"rotationZ": -45.0,
					"faces": {
						"north": { "texture": "#metalalt", "uv": [ 0.0, 0.0, 1.6, 2.4 ] },
						"east": { "texture": "#metalalt", "uv": [ 8.5, 2.0, 13.3, 4.4 ] },
						"south": { "texture": "#metalalt", "uv": [ 8.5, 2.0, 10.1, 4.4 ] },
						"west": { "texture": "#metalalt", "uv": [ 5.0, 2.5, 9.8, 4.9 ] },
						"up": { "texture": "#metalalt", "uv": [ 4.0, 4.0, 5.6, 8.8 ] },
						"down": { "texture": "#metalalt", "uv": [ 2.0, 11.0, 3.6, 15.8 ] }
					}
				},
				{
					"name": "Detail6",
					"from": [ -0.4, 4.84, -0.4 ],
					"to": [ 0.4, 15.64, 2.4 ],
					"rotationOrigin": [ -0.4, 4.2, -0.4 ],
					"rotationX": 10.0,
					"faces": {
						"north": { "texture": "#metalalt", "uv": [ 3.5, 3.0, 4.0, 13.5 ] },
						"east": { "texture": "#metalalt", "uv": [ 0.0, 2.5, 2.5, 13.0 ] },
						"south": { "texture": "#metalalt", "uv": [ 8.5, 2.0, 9.0, 12.5 ] },
						"west": { "texture": "#metalalt", "uv": [ 13.5, 5.0, 16.0, 15.5 ] },
						"up": { "texture": "#metalalt", "uv": [ 8.0, 4.0, 8.5, 6.5 ] },
						"down": { "texture": "#metalalt", "uv": [ 4.0, 1.5, 4.5, 4.0 ] }
					}
				}
			]
		}
	]}