{
	"editor": {
		"collapsedPaths": "Root/Base/Barrel4,Root/RimMoverLeft/RimMover,Root/Base/Gun,Root/Base/Barrel1,Root/RimMoverLeft/Quadrant10-12,Root/HubRight,Root/Gun/BarrelStart2,Root/Base/Barrel1/Barrel2/Barrel3,Root/Base/Barrel4/Barrel5,Root/Base/Barrel1/Barrel2,Root/Base/HubLeft/HubFatPart,Root/RimMoverRight1/Hub,Root/RimMoverLeft1,Root/RimMoverLeft2,Root/Base,Root/RimMover,Root/Base/HubLeft,Root/BarrelStart,Root/Base/Barrel1/Barrel4,Root/HubLeft,Root/Base/Barrel1/Barrel1Detail2,Root/Hub,Root/Base/Barrel4/Barrel1Detail5,Root/HubRight/HubFatPart,Root/Base/Barrel1/BarrelDetail3,Root/Gun/BarrelPart2,Root/Gun/BarrelPart1,Root/Base/Barrel1/BarrelDetail1,Root/Base/BaseLeft1,Root/Gun/BarrelPart4,Root/Gun/BarrelPart3,Root/RimMoverLeft/Quadrant1-3,Root/Base/HubLeft/WheelLeft2,Root/RimMoverRight1/RimMover,Root/RimMoverLeft/Quadrant4-6,Root/RimMoverLeft/Quadrant7-9,Root/Base/BaseRight1,Root/Base/Barrel4/Barrel5/Barrel6,Root/Base/HubRight,Root/RimMoverRight2,Root/RimMoverRight1,Root/RimMoverLeft/Hub,Root/RimMoverRight,Root/HubLeft/HubFatPart",
		"allAngles": true,
		"entityTextureMode": false
	},
	"textureWidth": 16,
	"textureHeight": 16,
	"textureSizes": {
	},
	"textures": {
	},
	"elements": [
		{
			"name": "Gun",
			"from": [ 8.0, -0.8, 13.0 ],
			"to": [ 8.0, -0.8, 13.0 ],
			"rotationOrigin": [ 8.0, 0.0, 8.0 ],
			"faces": {
			},
			"children": [
				{
					"name": "BarrelPart1",
					"from": [ -2.5344, 0.8928, -0.1584 ],
					"to": [ -2.5344, 0.8928, -0.1584 ],
					"rotationOrigin": [ 0.0, 0.8928, 2.376 ],
					"rotationX": -90.0,
					"faces": {
					},
					"children": [
						{
							"name": "Barrel1",
							"from": [ 3.4848, 0.0, 1.9008 ],
							"to": [ 3.8016, 5.0688, 3.168 ],
							"rotationOrigin": [ 3.4848, 0.0, 2.5344 ],
							"faces": {
								"east": { "texture": "#metal", "uv": [ 9.0, 0.5, 10.12, 5.46 ] },
								"west": { "texture": "#metal", "uv": [ 8.5, 0.5, 9.62, 5.46 ] },
								"up": { "texture": "#metal", "uv": [ 5.5, 6.0, 5.66, 7.12 ] },
								"down": { "texture": "#metal", "uv": [ 5.0, 7.0, 5.16, 8.12 ] }
							}
						},
						{
							"name": "Barrel2",
							"from": [ 1.2672, 0.0, 1.9008 ],
							"to": [ 1.584, 5.0688, 3.168 ],
							"rotationOrigin": [ 1.584, 0.0, 2.5344 ],
							"faces": {
								"east": { "texture": "#metal", "uv": [ 4.5, 0.0, 5.62, 4.96 ] },
								"west": { "texture": "#metal", "uv": [ 8.5, 0.5, 9.62, 5.46 ] },
								"up": { "texture": "#metal", "uv": [ 13.0, 3.0, 13.16, 4.12 ] },
								"down": { "texture": "#metal", "uv": [ 1.5, 3.0, 1.66, 4.12 ] }
							}
						},
						{
							"name": "Barrel3",
							"from": [ 1.9008, 0.0, 3.4848 ],
							"to": [ 3.168, 5.0688, 3.8016 ],
							"rotationOrigin": [ 2.5344, 0.0, 3.4848 ],
							"faces": {
								"north": { "texture": "#metal", "uv": [ 4.0, 0.5, 5.12, 5.46 ] },
								"south": { "texture": "#metal", "uv": [ 8.5, 0.5, 9.62, 5.46 ], "windMode": [-1,-1,-1,-1], "windData": [1,1,1,1] },
								"up": { "texture": "#metal", "uv": [ 7.0, 7.5, 8.12, 7.66 ] },
								"down": { "texture": "#metal", "uv": [ 3.0, 6.0, 4.12, 6.16 ] }
							}
						},
						{
							"name": "Barrel4",
							"from": [ 1.9008, 0.0, 1.2672 ],
							"to": [ 3.168, 5.0688, 1.584 ],
							"rotationOrigin": [ 2.5344, 0.0, 1.584 ],
							"faces": {
								"north": { "texture": "#metal", "uv": [ 1.5, 0.5, 2.62, 5.46 ] },
								"south": { "texture": "#metal", "uv": [ 8.5, 0.0, 9.62, 4.96 ] },
								"up": { "texture": "#metal", "uv": [ 5.5, 7.0, 6.62, 7.16 ] },
								"down": { "texture": "#metal", "uv": [ 6.0, 8.0, 7.12, 8.16 ] }
							}
						},
						{
							"name": "Barrel5",
							"from": [ 3.0096, 0.0, 3.4848 ],
							"to": [ 3.96, 5.072, 3.8016 ],
							"rotationOrigin": [ 3.4848, 0.0, 3.4848 ],
							"rotationX": -180.0,
							"rotationY": -45.0,
							"rotationZ": -180.0,
							"faces": {
								"north": { "texture": "#metal", "uv": [ 9.5, 0.0, 10.3, 4.96 ] },
								"south": { "texture": "#metal", "uv": [ 4.5, 0.5, 5.3, 5.46 ] },
								"up": { "texture": "#metal", "uv": [ 13.0, 2.5, 13.8, 2.66 ] },
								"down": { "texture": "#metal", "uv": [ 3.0, 7.0, 3.8, 7.16 ] }
							}
						},
						{
							"name": "Barrel6",
							"from": [ 1.1088, 0.0, 3.4848 ],
							"to": [ 2.0592, 5.072, 3.8016 ],
							"rotationOrigin": [ 1.584, 0.0, 3.4848 ],
							"rotationX": -180.0,
							"rotationY": 45.0,
							"rotationZ": -180.0,
							"faces": {
								"north": { "texture": "#metal", "uv": [ 5.5, 0.5, 6.3, 5.46 ] },
								"south": { "texture": "#metal", "uv": [ 10.5, 0.5, 11.3, 5.46 ] },
								"up": { "texture": "#metal", "uv": [ 3.5, 3.5, 4.3, 3.66 ] },
								"down": { "texture": "#metal", "uv": [ 11.0, 10.5, 11.8, 10.66 ] }
							}
						},
						{
							"name": "Barrel7",
							"from": [ 1.1088, 0.0, 1.584 ],
							"to": [ 2.0592, 5.072, 1.9008 ],
							"rotationOrigin": [ 1.584, 0.0, 1.584 ],
							"rotationY": 45.0,
							"faces": {
								"north": { "texture": "#metal", "uv": [ 9.5, 0.5, 10.3, 5.46 ] },
								"south": { "texture": "#metal", "uv": [ 3.0, 0.0, 3.8, 4.96 ] },
								"up": { "texture": "#metal", "uv": [ 10.5, 5.5, 11.3, 5.66 ] },
								"down": { "texture": "#metal", "uv": [ 9.5, 6.5, 10.3, 6.66 ] }
							}
						},
						{
							"name": "Barrel8",
							"from": [ 3.0096, 0.0, 1.584 ],
							"to": [ 3.96, 5.072, 1.9008 ],
							"rotationOrigin": [ 3.4848, 0.0, 1.584 ],
							"rotationY": -45.0,
							"faces": {
								"north": { "texture": "#metal", "uv": [ 2.0, 0.0, 2.8, 4.96 ] },
								"south": { "texture": "#metal", "uv": [ 9.0, 0.5, 9.8, 5.46 ] },
								"up": { "texture": "#metal", "uv": [ 11.5, 6.5, 12.3, 6.66 ] },
								"down": { "texture": "#metal", "uv": [ 6.5, 8.5, 7.3, 8.66 ] }
							}
						}
					]
				},
				{
					"name": "BarrelPart2",
					"from": [ -2.304, 0.864, -4.848 ],
					"to": [ -2.304, 0.864, -4.848 ],
					"rotationOrigin": [ 0.0, 0.864, -2.544 ],
					"rotationX": -90.0,
					"faces": {
					},
					"children": [
						{
							"name": "Barrel9",
							"from": [ 3.168, 0.0, 1.728 ],
							"to": [ 3.456, 5.12, 2.88 ],
							"rotationOrigin": [ 3.168, 0.0, 2.304 ],
							"faces": {
								"east": { "texture": "#metal", "uv": [ 7.5, 0.0, 8.62, 5.12 ] },
								"west": { "texture": "#metal", "uv": [ 1.5, 0.0, 2.62, 5.12 ] }
							}
						},
						{
							"name": "Barrel10",
							"from": [ 1.152, 0.0, 1.728 ],
							"to": [ 1.44, 5.12, 2.88 ],
							"rotationOrigin": [ 1.44, 0.0, 2.304 ],
							"faces": {
								"east": { "texture": "#metal", "uv": [ 12.0, 0.0, 13.12, 5.12 ] },
								"west": { "texture": "#metal", "uv": [ 7.0, 0.0, 8.12, 5.12 ] }
							}
						},
						{
							"name": "Barrel11",
							"from": [ 1.728, 0.0, 3.168 ],
							"to": [ 2.88, 5.12, 3.456 ],
							"rotationOrigin": [ 2.304, 0.0, 3.168 ],
							"faces": {
								"north": { "texture": "#metal", "uv": [ 2.5, 0.0, 3.62, 5.12 ] },
								"south": { "texture": "#metal", "uv": [ 7.0, 0.0, 8.12, 5.12 ] }
							}
						},
						{
							"name": "Barrel12",
							"from": [ 1.728, 0.0, 1.152 ],
							"to": [ 2.88, 5.12, 1.44 ],
							"rotationOrigin": [ 2.304, 0.0, 1.44 ],
							"faces": {
								"north": { "texture": "#metal", "uv": [ 8.5, 0.0, 9.62, 5.12 ] },
								"south": { "texture": "#metal", "uv": [ 9.5, 0.0, 10.62, 5.12 ] }
							}
						},
						{
							"name": "Barrel13",
							"from": [ 2.736, 0.0, 3.168 ],
							"to": [ 3.6, 5.12, 3.456 ],
							"rotationOrigin": [ 3.168, 0.0, 3.168 ],
							"rotationX": -180.0,
							"rotationY": -45.0,
							"rotationZ": -180.0,
							"faces": {
								"north": { "texture": "#metal", "uv": [ 10.5, 0.0, 11.3, 5.12 ] },
								"south": { "texture": "#metal", "uv": [ 2.5, 0.0, 3.3, 5.12 ] }
							}
						},
						{
							"name": "Barrel14",
							"from": [ 1.008, 0.0, 3.168 ],
							"to": [ 1.872, 5.12, 3.456 ],
							"rotationOrigin": [ 1.44, 0.0, 3.168 ],
							"rotationX": -180.0,
							"rotationY": 45.0,
							"rotationZ": -180.0,
							"faces": {
								"north": { "texture": "#metal", "uv": [ 4.0, 0.0, 4.8, 5.12 ] },
								"south": { "texture": "#metal", "uv": [ 11.5, 0.0, 12.3, 5.12 ] }
							}
						},
						{
							"name": "Barrel15",
							"from": [ 1.008, 0.0, 1.44 ],
							"to": [ 1.872, 5.12, 1.728 ],
							"rotationOrigin": [ 1.44, 0.0, 1.44 ],
							"rotationY": 45.0,
							"faces": {
								"north": { "texture": "#metal", "uv": [ 9.5, 0.0, 10.3, 5.12 ] },
								"south": { "texture": "#metal", "uv": [ 3.5, 0.0, 4.3, 5.12 ] }
							}
						},
						{
							"name": "Barrel16",
							"from": [ 2.736, 0.0, 1.44 ],
							"to": [ 3.6, 5.12, 1.728 ],
							"rotationOrigin": [ 3.168, 0.0, 1.44 ],
							"rotationY": -45.0,
							"faces": {
								"north": { "texture": "#metal", "uv": [ 9.5, 0.0, 10.3, 5.12 ] },
								"south": { "texture": "#metal", "uv": [ 4.5, 0.0, 5.3, 5.12 ] }
							}
						}
					]
				},
				{
					"name": "BarrelPart3",
					"from": [ -2.304, 0.864, -9.968 ],
					"to": [ -2.304, 0.864, -9.968 ],
					"rotationOrigin": [ 0.0, 0.864, -7.664 ],
					"rotationX": -90.0,
					"faces": {
					},
					"children": [
						{
							"name": "Barrel17",
							"from": [ 3.168, 0.0, 1.728 ],
							"to": [ 3.456, 5.12, 2.88 ],
							"rotationOrigin": [ 3.168, 0.0, 2.304 ],
							"faces": {
								"east": { "texture": "#metal", "uv": [ 7.5, 0.0, 8.62, 5.12 ] },
								"west": { "texture": "#metal", "uv": [ 1.5, 0.0, 2.62, 5.12 ] },
								"up": { "texture": "#metal", "uv": [ 5.0, 7.5, 5.16, 8.62 ], "windMode": [-1,-1,-1,-1] }
							}
						},
						{
							"name": "Barrel18",
							"from": [ 1.152, 0.0, 1.728 ],
							"to": [ 1.44, 5.12, 2.88 ],
							"rotationOrigin": [ 1.44, 0.0, 2.304 ],
							"faces": {
								"east": { "texture": "#metal", "uv": [ 12.0, 0.0, 13.12, 5.12 ] },
								"west": { "texture": "#metal", "uv": [ 7.0, 0.0, 8.12, 5.12 ] },
								"up": { "texture": "#metal", "uv": [ 13.0, 3.0, 13.16, 4.12 ], "windMode": [-1,-1,-1,-1] }
							}
						},
						{
							"name": "Barrel19",
							"from": [ 1.728, 0.0, 3.168 ],
							"to": [ 2.88, 5.12, 3.456 ],
							"rotationOrigin": [ 2.304, 0.0, 3.168 ],
							"faces": {
								"north": { "texture": "#metal", "uv": [ 2.5, 0.0, 3.62, 5.12 ] },
								"south": { "texture": "#metal", "uv": [ 7.0, 0.0, 8.12, 5.12 ] },
								"up": { "texture": "#metal", "uv": [ 7.0, 7.5, 8.12, 7.66 ], "windMode": [-1,-1,-1,-1] }
							}
						},
						{
							"name": "Barrel20",
							"from": [ 1.728, 0.0, 1.152 ],
							"to": [ 2.88, 5.12, 1.44 ],
							"rotationOrigin": [ 2.304, 0.0, 1.44 ],
							"faces": {
								"north": { "texture": "#metal", "uv": [ 8.5, 0.0, 9.62, 5.12 ] },
								"south": { "texture": "#metal", "uv": [ 9.5, 0.0, 10.62, 5.12 ] },
								"up": { "texture": "#metal", "uv": [ 5.5, 7.0, 6.62, 7.16 ], "windMode": [-1,-1,-1,-1] }
							}
						},
						{
							"name": "Barrel21",
							"from": [ 2.736, 0.0, 3.168 ],
							"to": [ 3.6, 5.12, 3.456 ],
							"rotationOrigin": [ 3.168, 0.0, 3.168 ],
							"rotationX": -180.0,
							"rotationY": -45.0,
							"rotationZ": -180.0,
							"faces": {
								"north": { "texture": "#metal", "uv": [ 10.5, 0.0, 11.3, 5.12 ] },
								"south": { "texture": "#metal", "uv": [ 2.5, 0.0, 3.3, 5.12 ] },
								"up": { "texture": "#metal", "uv": [ 13.0, 2.5, 13.8, 2.66 ], "windMode": [-1,-1,-1,-1] }
							}
						},
						{
							"name": "Barrel22",
							"from": [ 1.008, 0.0, 3.168 ],
							"to": [ 1.872, 5.12, 3.456 ],
							"rotationOrigin": [ 1.44, 0.0, 3.168 ],
							"rotationX": -180.0,
							"rotationY": 45.0,
							"rotationZ": -180.0,
							"faces": {
								"north": { "texture": "#metal", "uv": [ 4.0, 0.0, 4.8, 5.12 ] },
								"south": { "texture": "#metal", "uv": [ 11.5, 0.0, 12.3, 5.12 ] },
								"up": { "texture": "#metal", "uv": [ 3.5, 3.5, 4.3, 3.66 ], "windMode": [-1,-1,-1,-1] }
							}
						},
						{
							"name": "Barrel23",
							"from": [ 1.008, 0.0, 1.44 ],
							"to": [ 1.872, 5.12, 1.728 ],
							"rotationOrigin": [ 1.44, 0.0, 1.44 ],
							"rotationY": 45.0,
							"faces": {
								"north": { "texture": "#metal", "uv": [ 9.5, 0.0, 10.3, 5.12 ] },
								"south": { "texture": "#metal", "uv": [ 3.5, 0.0, 4.3, 5.12 ] },
								"up": { "texture": "#metal", "uv": [ 9.5, 6.5, 10.3, 6.66 ], "windMode": [-1,-1,-1,-1] }
							}
						},
						{
							"name": "Barrel24",
							"from": [ 2.736, 0.0, 1.44 ],
							"to": [ 3.6, 5.12, 1.728 ],
							"rotationOrigin": [ 3.168, 0.0, 1.44 ],
							"rotationY": -45.0,
							"faces": {
								"north": { "texture": "#metal", "uv": [ 9.5, 0.0, 10.3, 5.12 ] },
								"south": { "texture": "#metal", "uv": [ 4.5, 0.0, 5.3, 5.12 ] },
								"up": { "texture": "#metal", "uv": [ 11.5, 6.5, 12.3, 6.66 ], "windMode": [-1,-1,-1,-1] }
							}
						}
					]
				},
				{
					"name": "Detail1",
					"from": [ -0.96, -0.064, -2.564 ],
					"to": [ 0.96, 1.856, 2.556 ],
					"rotationOrigin": [ -0.96, -0.32, -2.56 ],
					"faces": {
						"north": { "texture": "#black", "uv": [ 2.0, 2.5, 3.8, 4.3 ] },
						"east": { "texture": "#metalalt", "uv": [ 0.0, 6.5, 5.0, 8.3 ] },
						"south": { "texture": "#metalalt", "uv": [ 8.5, 2.0, 10.3, 3.8 ] },
						"west": { "texture": "#metalalt", "uv": [ 0.0, 7.0, 5.0, 8.8 ] },
						"up": { "texture": "#metalalt", "uv": [ 6.5, 0.0, 8.3, 5.0 ] },
						"down": { "texture": "#metalalt", "uv": [ 4.0, 0.0, 5.8, 5.0 ] }
					},
					"children": [
						{
							"name": "Detail2",
							"from": [ 0.32, 0.32, 5.12 ],
							"to": [ 1.6, 1.6, 5.28 ],
							"rotationOrigin": [ 0.96, 0.96, 5.12 ],
							"rotationZ": 45.0,
							"faces": {
								"north": { "texture": "#metalalt", "uv": [ 5.0, 4.5, 6.28, 5.78 ] },
								"east": { "texture": "#metalalt", "uv": [ 7.0, 6.5, 7.16, 7.78 ] },
								"south": { "texture": "#metalalt", "uv": [ 4.0, 5.0, 5.28, 6.28 ] },
								"west": { "texture": "#metalalt", "uv": [ 9.5, 4.5, 9.66, 5.78 ] },
								"up": { "texture": "#metalalt", "uv": [ 3.0, 4.0, 4.28, 4.16 ] },
								"down": { "texture": "#metalalt", "uv": [ 6.0, 9.0, 7.28, 9.16 ] }
							}
						},
						{
							"name": "Detail3",
							"from": [ 0.64, 0.64, 5.28 ],
							"to": [ 1.28, 1.28, 5.44 ],
							"rotationOrigin": [ 0.96, 0.96, 5.44 ],
							"faces": {
								"north": { "texture": "#metalalt", "uv": [ 5.0, 4.5, 5.64, 5.14 ] },
								"east": { "texture": "#metalalt", "uv": [ 7.0, 6.5, 7.16, 7.14 ] },
								"south": { "texture": "#metalalt", "uv": [ 4.0, 5.0, 4.64, 5.64 ] },
								"west": { "texture": "#metalalt", "uv": [ 9.5, 4.5, 9.66, 5.14 ] },
								"up": { "texture": "#metalalt", "uv": [ 3.0, 4.0, 3.64, 4.16 ] },
								"down": { "texture": "#metalalt", "uv": [ 6.0, 9.0, 6.64, 9.16 ] }
							}
						}
					]
				},
				{
					"name": "Detail4",
					"from": [ -1.96, 0.25, -5.56 ],
					"to": [ -0.96, 1.25, -4.56 ],
					"rotationOrigin": [ -1.96, -0.32, -5.56 ],
					"faces": {
						"north": { "texture": "#black", "uv": [ 4.0, 5.0, 5.0, 6.0 ] },
						"east": { "texture": "#metalalt", "uv": [ 7.0, 8.0, 8.0, 9.0 ] },
						"south": { "texture": "#metalalt", "uv": [ 7.5, 7.0, 8.5, 8.0 ] },
						"west": { "texture": "#metalalt", "uv": [ 6.0, 10.5, 7.0, 11.5 ] },
						"up": { "texture": "#metalalt", "uv": [ 10.5, 6.0, 11.5, 7.0 ] },
						"down": { "texture": "#metalalt", "uv": [ 4.5, 6.0, 5.5, 7.0 ] }
					}
				},
				{
					"name": "Detail5",
					"from": [ 1.04, 0.25, -5.56 ],
					"to": [ 2.04, 1.25, -4.56 ],
					"rotationOrigin": [ 1.04, -0.32, -5.56 ],
					"faces": {
						"north": { "texture": "#black", "uv": [ 5.5, 5.5, 6.5, 6.5 ] },
						"east": { "texture": "#metalalt", "uv": [ 6.0, 7.5, 7.0, 8.5 ] },
						"south": { "texture": "#metalalt", "uv": [ 8.0, 8.0, 9.0, 9.0 ] },
						"west": { "texture": "#metalalt", "uv": [ 5.5, 9.0, 6.5, 10.0 ] },
						"up": { "texture": "#metalalt", "uv": [ 6.5, 4.0, 7.5, 5.0 ] },
						"down": { "texture": "#metalalt", "uv": [ 7.5, 7.0, 8.5, 8.0 ] }
					}
				}
			]
		}
	]}