{
	"editor": {
		"allAngles": true,
		"entityTextureMode": true
	},
	"textureWidth": 88,
	"textureHeight": 72,
	"textureSizes": {
	},
	"textures": {
	},
	"elements": [
		{
			"name": "Head",
			"from": [ 8.78, 5.5, 4.77 ],
			"to": [ 16.93, 13.1, 11.37 ],
			"unwrapMode": 7,
			"unwrapRotation": 1,
			"autoUnwrap": false,
			"uv": [ 81.58, -1.38 ],
			"rotationOrigin": [ 14.5426, 9.4163, 7.71 ],
			"faces": {
				"north": { "texture": "#ailuropodamelanoleuca", "uv": [ 75.5, 62.5, 83.0, 70.5 ], "rotation": 90, "windMode": [-1,-1,-1,-1], "windData": [0,1,1,1] },
				"east": { "texture": "#ailuropodamelanoleuca", "uv": [ 21.5, 37.5, 29.0, 44.0 ], "rotation": 90, "windMode": [-1,-1,-1,-1], "windData": [0,1,1,0] },
				"south": { "texture": "#ailuropodamelanoleuca", "uv": [ 61.5, 62.5, 69.0, 70.5 ], "rotation": 270, "windMode": [-1,-1,-1,-1], "windData": [0,1,1,1] },
				"west": { "texture": "#ailuropodamelanoleuca", "uv": [ 46.0, 57.5, 52.5, 65.0 ], "rotation": 180, "windMode": [-1,-1,-1,-1], "windData": [0,0,1,1] },
				"up": { "texture": "#ailuropodamelanoleuca", "uv": [ 69.0, 62.5, 75.5, 70.5 ], "rotation": 270 },
				"down": { "texture": "#ailuropodamelanoleuca", "uv": [ 14.5, 46.0, 21.0, 54.0 ], "rotation": 90, "windMode": [-1,-1,-1,-1] }
			},
			"children": [
				{
					"name": "Head2",
					"from": [ -0.6, 2.24, 0.22 ],
					"to": [ 0.55, 8.64, 6.37 ],
					"unwrapMode": 4,
					"unwrapRotation": 1,
					"autoUnwrap": false,
					"uv": [ 74.67, 56.72 ],
					"rotationOrigin": [ 5.1, 6.12, 3.13 ],
					"rotationZ": 14.0,
					"faces": {
						"north": { "texture": "#ailuropodamelanoleuca", "uv": [ 76.5, 58.5, 82.5, 59.5 ], "rotation": 90 },
						"south": { "texture": "#ailuropodamelanoleuca", "uv": [ 64.5, 59.5, 70.5, 60.5 ], "rotation": 90 },
						"west": { "texture": "#ailuropodamelanoleuca", "uv": [ 63.0, 63.0, 69.0, 69.0 ], "rotation": 90 },
						"up": { "texture": "#ailuropodamelanoleuca", "uv": [ 69.0, 63.5, 75.0, 64.5 ], "rotation": 270 },
						"down": { "texture": "#ailuropodamelanoleuca", "uv": [ 59.5, 57.5, 60.5, 63.5 ], "rotation": 180 }
					},
					"children": [
						{
							"name": "CheekLeft",
							"from": [ -1.8, -0.39, 3.23 ],
							"to": [ 0.5, 4.46, 4.43 ],
							"unwrapMode": 3,
							"uv": [ 78.67, 14.24 ],
							"rotationOrigin": [ -1.86, -0.4, 4.24 ],
							"rotationX": -10.16,
							"rotationY": -46.0,
							"rotationZ": -10.97,
							"faces": {
								"south": { "texture": "#ailuropodamelanoleuca", "uv": [ 78.5, 15.5, 80.5, 20.0 ], "windMode": [-1,-1,-1,-1], "windData": [0,0,1,1] },
								"up": { "texture": "#ailuropodamelanoleuca", "uv": [ 78.5, 14.0, 80.5, 15.0 ] },
								"down": { "texture": "#ailuropodamelanoleuca", "uv": [ 78.5, 20.0, 80.5, 21.0 ], "rotation": 180 }
							}
						},
						{
							"name": "CheekRight",
							"from": [ -1.53, -0.41, 1.34 ],
							"to": [ 0.77, 4.44, 2.54 ],
							"unwrapMode": 4,
							"uv": [ 74.85, 12.26 ],
							"rotationOrigin": [ -1.53, -0.31, 2.35 ],
							"rotationX": 10.16,
							"rotationY": 40.35,
							"rotationZ": -14.0,
							"faces": {
								"north": { "texture": "#ailuropodamelanoleuca", "uv": [ 75.0, 14.5, 77.0, 19.0 ] },
								"up": { "texture": "#ailuropodamelanoleuca", "uv": [ 77.0, 12.5, 78.0, 14.5 ], "rotation": 90 },
								"down": { "texture": "#ailuropodamelanoleuca", "uv": [ 77.0, 19.0, 78.0, 21.0 ], "rotation": 90 }
							}
						},
						{
							"name": "EyeRight",
							"from": [ -1.28, 3.1, 3.16 ],
							"to": [ -0.48, 3.7, 3.76 ],
							"unwrapMode": 4,
							"unwrapRotation": 1,
							"uv": [ 23.72, 59.06 ],
							"rotationOrigin": [ 0.85, 3.72, 3.6 ],
							"rotationX": 3.0,
							"rotationY": 43.0,
							"rotationZ": -6.0,
							"faces": {
								"north": { "texture": "#ailuropodamelanoleuca", "uv": [ 24.5, 60.5, 25.0, 61.0 ], "rotation": 90 },
								"south": { "texture": "#ailuropodamelanoleuca", "uv": [ 24.5, 59.0, 25.0, 59.5 ], "rotation": 90, "windMode": [-1,-1,-1,-1], "windData": [1,1,1,1] },
								"west": { "texture": "#ailuropodamelanoleuca", "uv": [ 24.5, 60.0, 25.0, 60.5 ], "rotation": 90, "windMode": [-1,-1,-1,-1], "windData": [1,1,1,1] },
								"up": { "texture": "#ailuropodamelanoleuca", "uv": [ 23.5, 60.0, 24.0, 60.5 ], "rotation": 180, "windMode": [-1,-1,-1,-1], "windData": [1,1,1,1] },
								"down": { "texture": "#ailuropodamelanoleuca", "uv": [ 25.0, 60.0, 25.5, 60.5 ], "rotation": 180, "windMode": [-1,-1,-1,-1], "windData": [1,1,1,1] }
							},
							"children": [
								{
									"name": "EyeRight2",
									"from": [ -0.05, 0.11, 0.11 ],
									"to": [ 0.84, 0.51, 0.51 ],
									"unwrapMode": 4,
									"unwrapRotation": 1,
									"uv": [ 27.11, 59.22 ],
									"rotationOrigin": [ 0.88, 0.8, 0.53 ],
									"faces": {
										"north": { "texture": "#ailuropodamelanoleuca", "uv": [ 28.0, 60.5, 28.5, 61.0 ], "rotation": 90, "windMode": [-1,-1,-1,-1], "windData": [0,0,0,0] },
										"south": { "texture": "#ailuropodamelanoleuca", "uv": [ 28.0, 59.0, 28.5, 59.5 ], "rotation": 90, "windMode": [-1,-1,-1,-1], "windData": [0,0,0,0] },
										"west": { "texture": "#ailuropodamelanoleuca", "uv": [ 28.0, 60.0, 28.5, 60.5 ], "rotation": 90, "windMode": [-1,-1,-1,-1], "windData": [0,0,0,0] },
										"up": { "texture": "#ailuropodamelanoleuca", "uv": [ 27.0, 60.0, 27.5, 60.5 ], "rotation": 180, "windMode": [-1,-1,-1,-1], "windData": [0,0,0,0] },
										"down": { "texture": "#ailuropodamelanoleuca", "uv": [ 28.5, 60.0, 29.0, 60.5 ], "rotation": 180, "windMode": [-1,-1,-1,-1], "windData": [0,0,0,0] }
									}
								}
							]
						},
						{
							"name": "EyeLeft",
							"from": [ -0.78, 3.26, 0.99 ],
							"to": [ 0.02, 3.86, 1.59 ],
							"unwrapMode": 4,
							"unwrapRotation": 1,
							"uv": [ 23.94, 59.06 ],
							"rotationOrigin": [ -0.31, 3.99, 1.25 ],
							"rotationX": -3.0,
							"rotationY": -49.0,
							"rotationZ": -6.0,
							"faces": {
								"north": { "texture": "#ailuropodamelanoleuca", "uv": [ 24.5, 60.5, 25.0, 61.0 ], "rotation": 90, "windMode": [-1,-1,-1,-1], "windData": [1,1,1,1] },
								"south": { "texture": "#ailuropodamelanoleuca", "uv": [ 24.5, 59.0, 25.0, 59.5 ], "rotation": 90, "windMode": [-1,-1,-1,-1], "windData": [1,1,1,1] },
								"west": { "texture": "#ailuropodamelanoleuca", "uv": [ 24.5, 60.0, 25.0, 60.5 ], "rotation": 90, "windMode": [-1,-1,-1,-1], "windData": [1,1,1,1] },
								"up": { "texture": "#ailuropodamelanoleuca", "uv": [ 24.0, 60.0, 24.5, 60.5 ], "rotation": 180, "windMode": [-1,-1,-1,-1], "windData": [1,1,1,1] },
								"down": { "texture": "#ailuropodamelanoleuca", "uv": [ 25.0, 60.0, 25.5, 60.5 ], "rotation": 180, "windMode": [-1,-1,-1,-1], "windData": [1,1,1,1] }
							},
							"children": [
								{
									"name": "EyeLeft2",
									"from": [ -0.04, 0.09, 0.11 ],
									"to": [ 0.86, 0.49, 0.51 ],
									"unwrapMode": 4,
									"unwrapRotation": 1,
									"uv": [ 27.11, 59.22 ],
									"rotationOrigin": [ 0.53, 0.96, 0.45 ],
									"faces": {
										"north": { "texture": "#ailuropodamelanoleuca", "uv": [ 28.0, 60.5, 28.5, 61.0 ], "rotation": 90, "windMode": [-1,-1,-1,-1] },
										"south": { "texture": "#ailuropodamelanoleuca", "uv": [ 28.0, 59.0, 28.5, 59.5 ], "rotation": 90, "windMode": [-1,-1,-1,-1], "windData": [0,0,0,0] },
										"west": { "texture": "#ailuropodamelanoleuca", "uv": [ 28.0, 60.0, 28.5, 60.5 ], "rotation": 90, "windMode": [-1,-1,-1,-1], "windData": [0,0,0,0] },
										"up": { "texture": "#ailuropodamelanoleuca", "uv": [ 27.0, 60.0, 27.5, 60.5 ], "rotation": 180, "windMode": [-1,-1,-1,-1], "windData": [0,0,0,0] },
										"down": { "texture": "#ailuropodamelanoleuca", "uv": [ 28.5, 60.0, 29.0, 60.5 ], "rotation": 180, "windMode": [-1,-1,-1,-1], "windData": [0,0,0,0] }
									}
								}
							]
						},
						{
							"name": "ForeheadPivotPoint",
							"from": [ -0.76, 0.43, 1.5 ],
							"to": [ 0.99, 5.98, 4.5 ],
							"unwrapMode": 4,
							"uv": [ 76.85, 28.84 ],
							"rotationOrigin": [ 0.45, 4.55, 3.08 ],
							"rotationZ": -50.0,
							"faces": {
								"north": { "texture": "#ailuropodamelanoleuca", "uv": [ 77.0, 29.0, 78.5, 34.5 ], "windMode": [-1,-1,-1,-1], "windData": [1,1,1,1] },
								"south": { "texture": "#ailuropodamelanoleuca", "uv": [ 81.5, 29.0, 83.0, 34.5 ], "windMode": [-1,-1,-1,-1], "windData": [1,1,1,1] },
								"west": { "texture": "#ailuropodamelanoleuca", "uv": [ 78.5, 29.0, 81.5, 34.5 ], "windMode": [-1,-1,-1,-1], "windData": [1,1,1,1] }
							},
							"children": [
								{
									"name": "NoseBridge",
									"from": [ -6.07, 0.35, 0.39 ],
									"to": [ -0.37, 1.9, 2.59 ],
									"unwrapMode": 7,
									"unwrapRotation": 1,
									"uv": [ 79.38, 49.1 ],
									"rotationOrigin": [ -1.73, 4.06, 1.49 ],
									"rotationZ": 66.02,
									"faces": {
										"north": { "texture": "#ailuropodamelanoleuca", "uv": [ 83.0, 51.0, 84.5, 56.5 ], "rotation": 90 },
										"south": { "texture": "#ailuropodamelanoleuca", "uv": [ 79.5, 51.0, 81.0, 56.5 ], "rotation": 270, "windMode": [-1,-1,-1,-1], "windData": [1,1,1,1] },
										"west": { "texture": "#ailuropodamelanoleuca", "uv": [ 81.0, 49.0, 83.0, 50.5 ], "rotation": 180, "windMode": [-1,-1,-1,-1], "windData": [1,1,1,1] },
										"up": { "texture": "#ailuropodamelanoleuca", "uv": [ 81.0, 51.0, 83.0, 56.5 ], "rotation": 270, "windMode": [-1,-1,-1,-1], "windData": [1,1,1,1] }
									},
									"children": [
										{
											"name": "NoseButton",
											"from": [ -0.15, 0.59, -0.03 ],
											"to": [ 0.82, 1.85, 1.42 ],
											"unwrapMode": 7,
											"unwrapRotation": 1,
											"uv": [ 17.56, 56.89 ],
											"rotationOrigin": [ 0.36, 1.1, 0.6 ],
											"rotationX": -19.0,
											"rotationY": 5.0,
											"rotationZ": -17.0,
											"faces": {
												"north": { "texture": "#ailuropodamelanoleuca", "uv": [ 20.0, 58.0, 21.0, 58.5 ], "rotation": 90 },
												"east": { "texture": "#ailuropodamelanoleuca", "uv": [ 19.0, 58.5, 20.0, 59.5 ] },
												"south": { "texture": "#ailuropodamelanoleuca", "uv": [ 17.5, 58.0, 18.5, 58.5 ], "rotation": 270 },
												"west": { "texture": "#ailuropodamelanoleuca", "uv": [ 19.0, 57.0, 20.0, 58.0 ], "rotation": 180 },
												"up": { "texture": "#ailuropodamelanoleuca", "uv": [ 19.0, 58.0, 20.0, 58.5 ], "rotation": 270 },
												"down": { "texture": "#ailuropodamelanoleuca", "uv": [ 21.0, 58.0, 22.0, 58.5 ], "rotation": 90 }
											},
											"children": [
												{
													"name": "NoseButton2",
													"from": [ -0.01, -0.28, 0.91 ],
													"to": [ 0.96, 0.98, 2.36 ],
													"unwrapMode": 7,
													"unwrapRotation": 1,
													"uv": [ 17.56, 59.89 ],
													"rotationOrigin": [ 0.39, 0.36, 1.58 ],
													"rotationX": 39.0,
													"faces": {
														"north": { "texture": "#ailuropodamelanoleuca", "uv": [ 20.0, 61.0, 21.0, 61.5 ], "rotation": 90 },
														"east": { "texture": "#ailuropodamelanoleuca", "uv": [ 19.0, 61.5, 20.0, 62.5 ] },
														"south": { "texture": "#ailuropodamelanoleuca", "uv": [ 17.5, 61.0, 18.5, 61.5 ], "rotation": 270 },
														"west": { "texture": "#ailuropodamelanoleuca", "uv": [ 19.0, 60.0, 20.0, 61.0 ], "rotation": 180 },
														"up": { "texture": "#ailuropodamelanoleuca", "uv": [ 19.0, 61.0, 20.0, 61.5 ], "rotation": 270 },
														"down": { "texture": "#ailuropodamelanoleuca", "uv": [ 21.0, 61.0, 22.0, 61.5 ], "rotation": 90 }
													}
												}
											]
										},
										{
											"name": "JawUpper",
											"from": [ 0.47, -2.04, -0.28 ],
											"to": [ 6.17, -0.29, 2.52 ],
											"unwrapMode": 7,
											"unwrapRotation": 1,
											"uv": [ 77.16, 35.05 ],
											"rotationOrigin": [ 4.86, 1.23, 0.66 ],
											"rotationZ": -22.02,
											"faces": {
												"north": { "texture": "#ailuropodamelanoleuca", "uv": [ 81.5, 37.0, 83.0, 42.5 ], "rotation": 90 },
												"south": { "texture": "#ailuropodamelanoleuca", "uv": [ 77.0, 37.0, 78.5, 42.5 ], "rotation": 270, "windMode": [-1,-1,-1,-1], "windData": [0,1,1,1] },
												"west": { "texture": "#ailuropodamelanoleuca", "uv": [ 79.0, 35.0, 81.5, 36.5 ], "rotation": 180, "windMode": [-1,-1,-1,-1], "windData": [0,0,1,1] },
												"up": { "texture": "#ailuropodamelanoleuca", "uv": [ 79.0, 37.0, 81.5, 42.5 ], "rotation": 270, "windMode": [-1,-1,-1,-1], "windData": [1,1,1,1] },
												"down": { "texture": "#ailuropodamelanoleuca", "uv": [ 83.0, 37.0, 85.5, 42.5 ], "rotation": 90, "windMode": [-1,-1,-1,-1], "windData": [0,1,1,0] }
											},
											"children": [
												{
													"name": "Fang4",
													"from": [ 0.38, -0.4, 0.33 ],
													"to": [ 0.65, 0.11, 0.6 ],
													"unwrapMode": 7,
													"unwrapRotation": 1,
													"uv": [ 8.39, 67.88 ],
													"rotationOrigin": [ 0.38, -0.36, 0.33 ],
													"rotationZ": 2.0,
													"faces": {
														"north": { "texture": "#ailuropodamelanoleuca", "uv": [ 9.0, 68.5, 9.5, 69.0 ], "rotation": 90, "windMode": [-1,-1,-1,-1], "windData": [0,1,1,0] },
														"east": { "texture": "#ailuropodamelanoleuca", "uv": [ 9.0, 68.8, 9.5, 69.2 ], "windMode": [-1,-1,-1,-1], "windData": [0,1,1,0] },
														"south": { "texture": "#ailuropodamelanoleuca", "uv": [ 8.5, 68.5, 9.0, 69.0 ], "rotation": 270, "windMode": [-1,-1,-1,-1], "windData": [0,0,1,1] },
														"west": { "texture": "#ailuropodamelanoleuca", "uv": [ 9.0, 68.0, 9.5, 68.5 ], "rotation": 180, "windMode": [-1,-1,-1,-1], "windData": [0,0,1,1] },
														"down": { "texture": "#ailuropodamelanoleuca", "uv": [ 9.5, 68.5, 10.0, 69.0 ], "rotation": 90, "windMode": [-1,-1,-1,-1] }
													},
													"children": [
														{
															"name": "Fang5",
															"from": [ 0.0, 0.0, 1.84 ],
															"to": [ 0.27, 0.5, 2.11 ],
															"unwrapMode": 7,
															"unwrapRotation": 1,
															"uv": [ 8.5, 67.88 ],
															"rotationOrigin": [ 0.0, 0.04, 1.84 ],
															"faces": {
																"north": { "texture": "#ailuropodamelanoleuca", "uv": [ 9.0, 68.5, 9.5, 69.0 ], "rotation": 90 },
																"east": { "texture": "#ailuropodamelanoleuca", "uv": [ 9.0, 68.8, 9.5, 69.2 ] },
																"south": { "texture": "#ailuropodamelanoleuca", "uv": [ 8.5, 68.5, 9.0, 69.0 ], "rotation": 270 },
																"west": { "texture": "#ailuropodamelanoleuca", "uv": [ 9.0, 68.0, 9.5, 68.5 ], "rotation": 180 },
																"down": { "texture": "#ailuropodamelanoleuca", "uv": [ 9.5, 68.5, 10.0, 69.0 ], "rotation": 90 }
															}
														}
													]
												},
												{
													"name": "Fang6",
													"from": [ 0.36, -0.1, 0.52 ],
													"to": [ 0.63, 0.02, 2.25 ],
													"unwrapMode": 7,
													"unwrapRotation": 1,
													"uv": [ 5.11, 67.72 ],
													"rotationOrigin": [ 0.44, -0.05, 0.52 ],
													"rotationZ": 2.0,
													"faces": {
														"north": { "texture": "#ailuropodamelanoleuca", "uv": [ 6.0, 68.5, 6.5, 69.0 ], "rotation": 90 },
														"east": { "texture": "#ailuropodamelanoleuca", "uv": [ 6.0, 69.0, 7.5, 69.5 ], "windMode": [-1,-1,-1,-1] },
														"south": { "texture": "#ailuropodamelanoleuca", "uv": [ 5.0, 68.5, 5.5, 69.0 ], "rotation": 270, "windMode": [-1,-1,-1,-1] },
														"west": { "texture": "#ailuropodamelanoleuca", "uv": [ 6.0, 67.5, 7.5, 68.0 ], "rotation": 180, "windMode": [-1,-1,-1,-1] },
														"down": { "texture": "#ailuropodamelanoleuca", "uv": [ 6.5, 68.5, 8.0, 69.0 ], "rotation": 90, "windMode": [-1,-1,-1,-1] }
													}
												}
											]
										}
									]
								}
							]
						},
						{
							"name": "JawLower",
							"from": [ -4.34, 0.42, 1.63 ],
							"to": [ 0.36, 0.87, 4.43 ],
							"unwrapMode": 4,
							"uv": [ 68.59, 38.37 ],
							"rotationOrigin": [ -1.31, 0.61, 3.32 ],
							"rotationZ": 14.0,
							"faces": {
								"north": { "texture": "#ailuropodamelanoleuca", "uv": [ 68.5, 43.0, 73.0, 43.5 ], "windMode": [-1,-1,-1,-1], "windData": [0,0,1,0] },
								"south": { "texture": "#ailuropodamelanoleuca", "uv": [ 76.0, 43.0, 80.5, 43.5 ], "windMode": [-1,-1,-1,-1], "windData": [0,0,1,0] },
								"west": { "texture": "#ailuropodamelanoleuca", "uv": [ 73.5, 43.0, 76.0, 43.5 ], "windMode": [-1,-1,-1,-1] },
								"up": { "texture": "#ailuropodamelanoleuca", "uv": [ 73.5, 38.5, 76.0, 43.0 ], "rotation": 90, "windMode": [-1,-1,-1,-1], "windData": [0,0,1,1] },
								"down": { "texture": "#ailuropodamelanoleuca", "uv": [ 73.5, 43.5, 76.0, 48.0 ], "rotation": 90, "windMode": [-1,-1,-1,-1] }
							},
							"children": [
								{
									"name": "Fang1",
									"from": [ 0.33, 0.48, 0.35 ],
									"to": [ 0.6, 1.09, 0.62 ],
									"unwrapMode": 7,
									"unwrapRotation": 1,
									"uv": [ 8.44, 67.88 ],
									"rotationOrigin": [ 0.33, 0.48, 0.35 ],
									"faces": {
										"north": { "texture": "#ailuropodamelanoleuca", "uv": [ 9.0, 68.5, 9.5, 69.0 ], "rotation": 90 },
										"east": { "texture": "#ailuropodamelanoleuca", "uv": [ 9.0, 68.8, 9.5, 69.2 ], "windMode": [-1,-1,-1,-1], "windData": [0,1,1,0] },
										"south": { "texture": "#ailuropodamelanoleuca", "uv": [ 8.5, 68.5, 9.0, 69.0 ], "rotation": 270, "windMode": [-1,-1,-1,-1], "windData": [0,0,1,1] },
										"west": { "texture": "#ailuropodamelanoleuca", "uv": [ 9.0, 68.0, 9.5, 68.5 ], "rotation": 180, "windMode": [-1,-1,-1,-1], "windData": [0,0,1,1] },
										"up": { "texture": "#ailuropodamelanoleuca", "uv": [ 9.0, 68.5, 9.5, 69.0 ], "rotation": 270, "windMode": [-1,-1,-1,-1], "windData": [1,1,1,1] }
									},
									"children": [
										{
											"name": "Fang2",
											"from": [ 0.0, -0.1, 1.84 ],
											"to": [ 0.27, 0.5, 2.11 ],
											"unwrapMode": 7,
											"unwrapRotation": 1,
											"uv": [ 8.5, 67.82 ],
											"rotationOrigin": [ 0.0, -0.1, 1.84 ],
											"faces": {
												"north": { "texture": "#ailuropodamelanoleuca", "uv": [ 9.0, 68.5, 9.5, 69.0 ], "rotation": 90 },
												"east": { "texture": "#ailuropodamelanoleuca", "uv": [ 9.0, 68.8, 9.5, 69.2 ], "windMode": [-1,-1,-1,-1], "windData": [0,1,1,0] },
												"south": { "texture": "#ailuropodamelanoleuca", "uv": [ 8.5, 68.5, 9.0, 69.0 ], "rotation": 270, "windMode": [-1,-1,-1,-1], "windData": [0,0,1,1] },
												"west": { "texture": "#ailuropodamelanoleuca", "uv": [ 9.0, 68.0, 9.5, 68.5 ], "rotation": 180, "windMode": [-1,-1,-1,-1], "windData": [0,0,1,1] },
												"up": { "texture": "#ailuropodamelanoleuca", "uv": [ 9.0, 68.5, 9.5, 69.0 ], "rotation": 270, "windMode": [-1,-1,-1,-1], "windData": [1,1,1,1] }
											}
										}
									]
								},
								{
									"name": "Fang3",
									"from": [ 0.33, 0.39, 0.54 ],
									"to": [ 0.6, 0.6, 2.27 ],
									"unwrapMode": 7,
									"unwrapRotation": 1,
									"uv": [ 5.06, 67.72 ],
									"rotationOrigin": [ 0.33, 0.39, 0.54 ],
									"faces": {
										"north": { "texture": "#ailuropodamelanoleuca", "uv": [ 7.5, 68.5, 8.0, 69.0 ], "rotation": 90 },
										"east": { "texture": "#ailuropodamelanoleuca", "uv": [ 6.0, 69.0, 7.5, 69.5 ], "windMode": [-1,-1,-1,-1], "windData": [0,1,1,0] },
										"south": { "texture": "#ailuropodamelanoleuca", "uv": [ 5.0, 68.5, 5.5, 69.0 ], "rotation": 270, "windMode": [-1,-1,-1,-1], "windData": [0,0,1,1] },
										"west": { "texture": "#ailuropodamelanoleuca", "uv": [ 6.0, 67.5, 7.5, 68.0 ], "rotation": 180, "windMode": [-1,-1,-1,-1], "windData": [0,0,1,1] },
										"up": { "texture": "#ailuropodamelanoleuca", "uv": [ 6.0, 68.5, 7.5, 69.0 ], "rotation": 270, "windMode": [-1,-1,-1,-1], "windData": [1,1,1,1] }
									}
								},
								{
									"name": "Tongue",
									"from": [ 0.97, 0.24, 0.79 ],
									"to": [ 7.72, 0.48, 2.03 ],
									"unwrapMode": 7,
									"unwrapRotation": 1,
									"uv": [ 13.77, 57.37 ],
									"rotationOrigin": [ 4.02, 0.31, 1.39 ],
									"rotationZ": -7.0,
									"faces": {
										"north": { "texture": "#ailuropodamelanoleuca", "uv": [ 15.5, 58.0, 16.0, 64.5 ], "rotation": 90, "windMode": [-1,-1,-1,-1], "windData": [0,0,1,1] },
										"south": { "texture": "#ailuropodamelanoleuca", "uv": [ 14.0, 58.0, 14.5, 64.5 ], "rotation": 270, "windMode": [-1,-1,-1,-1], "windData": [0,1,1,0] },
										"west": { "texture": "#ailuropodamelanoleuca", "uv": [ 14.5, 57.5, 15.5, 58.0 ], "rotation": 180, "windMode": [-1,-1,-1,-1] },
										"up": { "texture": "#ailuropodamelanoleuca", "uv": [ 14.5, 58.0, 15.5, 64.5 ], "rotation": 270, "windMode": [-1,-1,-1,-1], "windData": [0,0,1,1] },
										"down": { "texture": "#ailuropodamelanoleuca", "uv": [ 16.0, 58.0, 17.0, 64.5 ], "rotation": 90, "windMode": [-1,-1,-1,-1], "windData": [0,1,1,0] }
									}
								},
								{
									"name": "MouthChin",
									"from": [ -0.25, -0.11, 0.02 ],
									"to": [ 0.35, 0.54, 2.77 ],
									"unwrapMode": 2,
									"uv": [ 72.97, 53.03 ],
									"rotationOrigin": [ -0.04, -0.28, 1.13 ],
									"rotationZ": -58.0,
									"faces": {
										"north": { "texture": "#ailuropodamelanoleuca", "uv": [ 76.0, 53.5, 76.5, 54.0 ], "windMode": [-1,-1,-1,-1], "windData": [0,0,0,0] },
										"east": { "texture": "#ailuropodamelanoleuca", "uv": [ 73.5, 53.5, 76.0, 54.0 ], "windMode": [-1,-1,-1,-1] },
										"south": { "texture": "#ailuropodamelanoleuca", "uv": [ 73.0, 53.5, 73.5, 54.0 ], "windMode": [-1,-1,-1,-1] },
										"west": { "texture": "#ailuropodamelanoleuca", "uv": [ 76.5, 53.5, 79.0, 54.0 ], "windMode": [-1,-1,-1,-1] },
										"down": { "texture": "#ailuropodamelanoleuca", "uv": [ 73.5, 54.0, 76.0, 54.5 ], "rotation": 270, "windMode": [-1,-1,-1,-1] }
									},
									"children": [
										{
											"name": "Chin",
											"from": [ -1.87, 0.9, -0.01 ],
											"to": [ 2.53, 1.74, 2.79 ],
											"unwrapMode": 4,
											"uv": [ 69.31, 48.31 ],
											"rotationOrigin": [ 0.33, 3.11, 3.81 ],
											"rotationZ": 50.0,
											"faces": {
												"north": { "texture": "#ailuropodamelanoleuca", "uv": [ 69.5, 48.5, 73.5, 49.0 ], "windMode": [-1,-1,-1,-1], "windData": [0,0,1,0] },
												"south": { "texture": "#ailuropodamelanoleuca", "uv": [ 76.0, 48.5, 80.0, 49.0 ], "windMode": [0,-1,-1,-1], "windData": [0,0,1,0] },
												"west": { "texture": "#ailuropodamelanoleuca", "uv": [ 73.5, 48.5, 76.0, 49.0 ], "windMode": [-1,-1,-1,-1], "windData": [0,0,0,0] },
												"down": { "texture": "#ailuropodamelanoleuca", "uv": [ 73.5, 49.0, 76.0, 53.0 ], "rotation": 90, "windMode": [-1,-1,-1,-1] }
											}
										}
									]
								}
							]
						}
					]
				},
				{
					"name": "EarRight",
					"from": [ 2.07, 6.06, 4.84 ],
					"to": [ 3.12, 9.21, 7.64 ],
					"unwrapMode": 4,
					"unwrapRotation": 1,
					"uv": [ 20.05, 61.93 ],
					"rotationOrigin": [ 2.84, 8.22, 6.13 ],
					"rotationX": 28.0,
					"rotationY": 28.0,
					"faces": {
						"north": { "texture": "#ailuropodamelanoleuca", "uv": [ 21.5, 65.5, 24.5, 66.5 ], "rotation": 90 },
						"east": { "texture": "#ailuropodamelanoleuca", "uv": [ 24.5, 63.0, 27.5, 65.5 ], "rotation": 270, "windMode": [-1,-1,-1,-1], "windData": [1,1,1,1] },
						"south": { "texture": "#ailuropodamelanoleuca", "uv": [ 21.5, 62.0, 24.5, 63.0 ], "rotation": 90, "windMode": [-1,-1,-1,-1], "windData": [1,1,1,1] },
						"west": { "texture": "#ailuropodamelanoleuca", "uv": [ 21.5, 63.0, 24.5, 65.5 ], "rotation": 90, "windMode": [-1,-1,-1,-1], "windData": [1,1,1,1] },
						"up": { "texture": "#ailuropodamelanoleuca", "uv": [ 20.0, 63.0, 21.0, 65.5 ], "rotation": 180, "windMode": [-1,-1,-1,-1], "windData": [1,1,1,1] }
					}
				},
				{
					"name": "EarLeft",
					"from": [ 2.09, 6.0, -0.97 ],
					"to": [ 3.14, 9.15, 1.83 ],
					"unwrapMode": 4,
					"unwrapRotation": 1,
					"uv": [ 15.16, 65.6 ],
					"rotationOrigin": [ 2.86, 8.16, 0.31 ],
					"rotationX": -28.0,
					"rotationY": -28.0,
					"faces": {
						"north": { "texture": "#ailuropodamelanoleuca", "uv": [ 16.5, 69.5, 19.5, 70.5 ], "rotation": 90, "windMode": [-1,-1,-1,-1], "windData": [1,1,1,1] },
						"east": { "texture": "#ailuropodamelanoleuca", "uv": [ 19.5, 67.0, 22.5, 69.5 ], "rotation": 270, "windMode": [-1,-1,-1,-1], "windData": [1,1,1,1] },
						"south": { "texture": "#ailuropodamelanoleuca", "uv": [ 16.5, 65.5, 19.5, 66.5 ], "rotation": 90, "windMode": [-1,-1,-1,-1], "windData": [1,1,1,1] },
						"west": { "texture": "#ailuropodamelanoleuca", "uv": [ 16.5, 67.0, 19.5, 69.5 ], "rotation": 90, "windMode": [-1,-1,-1,-1], "windData": [1,1,1,1] },
						"up": { "texture": "#ailuropodamelanoleuca", "uv": [ 15.0, 67.0, 16.0, 69.5 ], "rotation": 180, "windMode": [-1,-1,-1,-1], "windData": [0,1,1,0] }
					}
				}
			]
		}
	]}