[
  {
    "ingredientPattern": "S",
    "shapeless": true,
    "width": 1,
    "height": 1,
    "ingredients": {
      "S": {
        "type": "block",
        "code": "sortablestorage:chestsortable-east",
        "attributes": { "type": "normal-generic" }
      },
    },
    "output": {
      "type": "block",
      "code": "game:chest-east",
      "attributes": { "type": "normal-generic" }
    }
  },
  {
    "ingredientPattern": "S",
    "shapeless": true,
    "width": 1,
    "height": 1,
    "ingredients": {
      "S": {
        "type": "block",
        "code": "sortablestorage:trunksortable-east",
        "attributes": { "type": "normal-generic" }
      }
    },
    "output": {
      "type": "block",
      "code": "game:trunk-east",
      "attributes": { "type": "normal-generic" }
    }
  },
  {
    "ingredientPattern": "S",
    "shapeless": true,
    "width": 1,
    "height": 1,
    "ingredients": {
      "S": {
        "type": "block",
        "code": "sortablestorage:labeledchestsortable-east",
        "attributes": { "type": "normal-labeled" }
      }
    },
    "output": {
      "type": "block",
      "code": "game:labeledchest-east",
      "attributes": { "type": "normal-labeled" }
    }
  },
  {
    "ingredientPattern": "S",
    "shapeless": true,
    "width": 1,
    "height": 1,
    "ingredients": {
      "S": {
        "type": "block",
        "code": "sortablestorage:stationarybasketsortable-east",
        "attributes": { "type": "reed" }
      }
    },
    "output": {
      "type": "block",
      "code": "game:stationarybasket-east",
      "attributes": { "type": "reed" }
    }
  },
  {
    "ingredientPattern": "S",
    "shapeless": true,
    "width": 1,
    "height": 1,
    "ingredients": {
      "S": {
        "type": "block",
        "code": "sortablestorage:stationarybasketsortable-east",
        "attributes": { "type": "vine" }
      }
    },
    "output": {
      "type": "block",
      "code": "game:stationarybasket-east",
      "attributes": { "type": "vine" }
    }
  },
  {
    "ingredientPattern": "S",
    "shapeless": true,
    "width": 1,
    "height": 1,
    "ingredients": {
      "S": {
        "type": "block",
        "code": "sortablestorage:storagevesselsortable-*",
        "attributes": { "type": "normal" },
        "name": "variant",
        "allowedVariants": [
          "ashforest",
          "chthonic",
          "copper",
          "earthen",
          "rain",
          "burned",
          "cowrie",
          "rime",
          "oxblood",
          "loam",
          "undergrowth",
          "beehive",
          "harvest",
          "honeydew",
          "rutile",
          "seasalt",
          "springflowers",
          "volcanic"
        ]
      }
    },
    "output": {
      "type": "block",
      "code": "game:storagevessel-{variant}",
      "attributes": { "type": "normal" }
    }
  }
]
