{
	"editor": {
		"allAngles": false,
		"entityTextureMode": false
	},
	"textureWidth": 16,
	"textureHeight": 16,
	"textureSizes": {
	},
	"textures": {
	},
	"elements": [
		{
			"name": "_string-right",
			"from": [ 0.5, 1.0, -7.0 ], 
			"to": [ 0.5, 1.0, -7.0 ], 
			"rotationOrigin": [ 0.0, 1.0, -7.0 ],
			"faces": {
				"north": { "texture": "#default", "uv": [ 0.0, 0.0, 0.5, 0.5 ] },
				"east": { "texture": "#default", "uv": [ 0.0, 0.0, 0.5, 0.5 ] },
				"south": { "texture": "#default", "uv": [ 0.0, 0.0, 0.5, 0.5 ] },
				"west": { "texture": "#default", "uv": [ 0.0, 0.0, 0.5, 0.5 ] },
				"up": { "texture": "#default", "uv": [ 0.0, 0.0, 0.5, 0.5 ] },
				"down": { "texture": "#default", "uv": [ 0.0, 0.0, 0.5, 0.5 ] }
			},
			"children": [
				{
					"name": "_string-1",
					"from": [ 0.0, 0.0, 0.0 ], 
					"to": [ 0.0, 0.0, 0.0 ], 
					"rotationOrigin": [ -4.0, 15.0, 0.0 ],
					"rotationX": 89.99999164334537,
					"faces": {
						"north": { "texture": "#default", "uv": [ 0.0, 0.0, 0.5, 0.5 ] },
						"east": { "texture": "#default", "uv": [ 0.0, 0.0, 0.5, 0.5 ] },
						"south": { "texture": "#default", "uv": [ 0.0, 0.0, 0.5, 0.5 ] },
						"west": { "texture": "#default", "uv": [ 0.0, 0.0, 0.5, 0.5 ] },
						"up": { "texture": "#default", "uv": [ 0.0, 0.0, 0.5, 0.5 ] },
						"down": { "texture": "#default", "uv": [ 0.0, 0.0, 0.5, 0.5 ] }
					},
					"children": [
						{
							"name": "string-1.1",
							"from": [ -4.0, 15.0, 0.0 ], 
							"to": [ -3.5, 15.5, 1.0 ], 
							"rotationOrigin": [ -4.0, 15.0, 0.0 ],
							"faces": {
								"north": { "texture": "#frame", "uv": [ 0.0, 0.0, 1.0, 0.5 ] },
								"east": { "texture": "#frame", "uv": [ 0.0, 0.0, 1.0, 0.5 ] },
								"south": { "texture": "#frame", "uv": [ 0.0, 0.0, 1.0, 0.5 ] },
								"west": { "texture": "#frame", "uv": [ 0.0, 0.0, 1.0, 0.5 ] },
								"up": { "texture": "#frame", "uv": [ 0.0, 0.0, 1.0, 1.0 ] },
								"down": { "texture": "#frame", "uv": [ 0.0, 0.0, 1.0, 1.0 ] }
							},
							"children": [
								{
									"name": "string-1.556",
									"from": [ 0.0, 0.0, 1.0 ], 
									"to": [ 0.5, 0.5, 3.0 ], 
									"rotationOrigin": [ 0.0, 0.0, 1.0 ],
									"rotationX": -30.0,
									"faces": {
										"north": { "texture": "#frame", "uv": [ 0.0, 0.0, 0.5, 0.5 ] },
										"east": { "texture": "#frame", "uv": [ 0.0, 0.0, 2.0, 0.5 ] },
										"south": { "texture": "#frame", "uv": [ 0.0, 0.0, 0.5, 0.5 ] },
										"west": { "texture": "#frame", "uv": [ 0.0, 0.0, 2.0, 0.5 ] },
										"up": { "texture": "#frame", "uv": [ 0.0, 0.0, 0.5, 2.0 ] },
										"down": { "texture": "#frame", "uv": [ 0.0, 0.0, 0.5, 2.0 ] }
									},
									"children": [
										{
											"name": "string-1.557",
											"from": [ 0.0, 0.0, 2.0 ], 
											"to": [ 0.5, 0.5, 5.0 ], 
											"rotationOrigin": [ 0.0, 0.0, 2.0 ],
											"rotationX": -30.0,
											"faces": {
												"north": { "texture": "#frame", "uv": [ 0.0, 0.0, 0.5, 0.5 ] },
												"east": { "texture": "#frame", "uv": [ 0.0, 0.0, 3.0, 0.5 ] },
												"south": { "texture": "#frame", "uv": [ 0.0, 0.0, 0.5, 0.5 ] },
												"west": { "texture": "#frame", "uv": [ 0.0, 0.0, 3.0, 0.5 ] },
												"up": { "texture": "#frame", "uv": [ 0.0, 0.0, 0.5, 3.0 ] },
												"down": { "texture": "#frame", "uv": [ 0.0, 0.0, 0.5, 3.0 ] }
											},
											"children": [
												{
													"name": "string-1.558",
													"from": [ 0.0, 0.0, 3.0 ], 
													"to": [ 0.5, 0.5, 6.0 ], 
													"rotationOrigin": [ 0.0, 0.0, 3.0 ],
													"rotationX": -30.0,
													"faces": {
														"north": { "texture": "#frame", "uv": [ 0.0, 0.0, 0.5, 0.5 ] },
														"east": { "texture": "#frame", "uv": [ 0.0, 0.0, 3.0, 0.5 ] },
														"south": { "texture": "#frame", "uv": [ 0.0, 0.0, 0.5, 0.5 ] },
														"west": { "texture": "#frame", "uv": [ 0.0, 0.0, 3.0, 0.5 ] },
														"up": { "texture": "#frame", "uv": [ 0.0, 0.0, 0.5, 3.0 ] },
														"down": { "texture": "#frame", "uv": [ 0.0, 0.0, 0.5, 3.0 ] }
													},
													"children": [
														{
															"name": "string-1.569",
															"from": [ 0.0, 0.0, 3.0 ], 
															"to": [ 0.5, 0.5, 6.0 ], 
															"rotationOrigin": [ 0.0, 0.0, 3.0 ],
															"rotationX": -30.0,
															"faces": {
																"north": { "texture": "#frame", "uv": [ 0.0, 0.0, 0.5, 0.5 ] },
																"east": { "texture": "#frame", "uv": [ 0.0, 0.0, 3.0, 0.5 ] },
																"south": { "texture": "#frame", "uv": [ 0.0, 0.0, 0.5, 0.5 ] },
																"west": { "texture": "#frame", "uv": [ 0.0, 0.0, 3.0, 0.5 ] },
																"up": { "texture": "#frame", "uv": [ 0.0, 0.0, 0.5, 3.0 ] },
																"down": { "texture": "#frame", "uv": [ 0.0, 0.0, 0.5, 3.0 ] }
															},
															"children": [
																{
																	"name": "string-1.570",
																	"from": [ 0.0, 0.0, 3.0 ], 
																	"to": [ 0.5, 0.5, 5.0 ], 
																	"rotationOrigin": [ 0.0, 0.0, 3.0 ],
																	"rotationX": -30.0,
																	"faces": {
																		"north": { "texture": "#frame", "uv": [ 0.0, 0.0, 0.5, 0.5 ] },
																		"east": { "texture": "#frame", "uv": [ 0.0, 0.0, 2.0, 0.5 ] },
																		"south": { "texture": "#frame", "uv": [ 0.0, 0.0, 0.5, 0.5 ] },
																		"west": { "texture": "#frame", "uv": [ 0.0, 0.0, 2.0, 0.5 ] },
																		"up": { "texture": "#frame", "uv": [ 0.0, 0.0, 0.5, 2.0 ] },
																		"down": { "texture": "#frame", "uv": [ 0.0, 0.0, 0.5, 2.0 ] }
																	},
																	"children": [
																		{
																			"name": "string-1.571",
																			"from": [ 0.0, 0.0, 2.0 ], 
																			"to": [ 0.5, 0.5, 3.0 ], 
																			"rotationOrigin": [ 0.0, 0.0, 2.0 ],
																			"rotationX": -30.0,
																			"faces": {
																				"north": { "texture": "#frame", "uv": [ 0.0, 0.0, 0.5, 0.5 ] },
																				"east": { "texture": "#frame", "uv": [ 0.0, 0.0, 1.0, 0.5 ] },
																				"south": { "texture": "#frame", "uv": [ 0.0, 0.0, 0.5, 0.5 ] },
																				"west": { "texture": "#frame", "uv": [ 0.0, 0.0, 1.0, 0.5 ] },
																				"up": { "texture": "#frame", "uv": [ 0.0, 0.0, 0.5, 1.0 ] },
																				"down": { "texture": "#frame", "uv": [ 0.0, 0.0, 0.5, 1.0 ] }
																			}
																		}
																	]
																}
															]
														}
													]
												}
											]
										}
									]
								}
							]
						}
					],
					"attachmentpoints": [
						{
							"code": "Point1LightHoliday",
							"posX": "-4.0","posY": "17.0","posZ": "3.0",
							"rotationX": "0.0","rotationY": "0.0","rotationZ": "0.0"
						}
					]
				},
				{
					"name": "_string-563",
					"from": [ 0.0, 0.0, 10.0 ], 
					"to": [ 0.0, 0.0, 10.0 ], 
					"rotationOrigin": [ -4.0, 15.0, 10.0 ],
					"rotationX": 89.99999164334537,
					"faces": {
						"north": { "texture": "#frame", "uv": [ 0.0, 0.0, 0.5, 0.5 ] },
						"east": { "texture": "#frame", "uv": [ 0.0, 0.0, 0.5, 0.5 ] },
						"south": { "texture": "#frame", "uv": [ 0.0, 0.0, 0.5, 0.5 ] },
						"west": { "texture": "#frame", "uv": [ 0.0, 0.0, 0.5, 0.5 ] },
						"up": { "texture": "#frame", "uv": [ 0.0, 0.0, 0.5, 0.5 ] },
						"down": { "texture": "#frame", "uv": [ 0.0, 0.0, 0.5, 0.5 ] }
					},
					"children": [
						{
							"name": "string-1.564",
							"from": [ -4.0, 15.0, 0.0 ], 
							"to": [ -3.5, 15.5, 1.0 ], 
							"rotationOrigin": [ -4.0, 15.0, 0.0 ],
							"faces": {
								"north": { "texture": "#frame", "uv": [ 0.0, 0.0, 0.5, 0.5 ] },
								"east": { "texture": "#frame", "uv": [ 0.0, 0.0, 1.0, 0.5 ] },
								"south": { "texture": "#frame", "uv": [ 0.0, 0.0, 0.5, 0.5 ] },
								"west": { "texture": "#frame", "uv": [ 0.0, 0.0, 1.0, 0.5 ] },
								"up": { "texture": "#frame", "uv": [ 0.0, 0.0, 0.5, 1.0 ] },
								"down": { "texture": "#frame", "uv": [ 0.0, 0.0, 0.5, 1.0 ] }
							},
							"children": [
								{
									"name": "string-1.565",
									"from": [ 0.0, 0.0, 1.0 ], 
									"to": [ 0.5, 0.5, 3.0 ], 
									"rotationOrigin": [ 0.0, 0.0, 1.0 ],
									"rotationX": -30.0,
									"faces": {
										"north": { "texture": "#frame", "uv": [ 0.0, 0.0, 0.5, 0.5 ] },
										"east": { "texture": "#frame", "uv": [ 0.0, 0.0, 2.0, 0.5 ] },
										"south": { "texture": "#frame", "uv": [ 0.0, 0.0, 0.5, 0.5 ] },
										"west": { "texture": "#frame", "uv": [ 0.0, 0.0, 2.0, 0.5 ] },
										"up": { "texture": "#frame", "uv": [ 0.0, 0.0, 0.5, 2.0 ] },
										"down": { "texture": "#frame", "uv": [ 0.0, 0.0, 0.5, 2.0 ] }
									},
									"children": [
										{
											"name": "string-1.566",
											"from": [ 0.0, 0.0, 2.0 ], 
											"to": [ 0.5, 0.5, 5.0 ], 
											"rotationOrigin": [ 0.0, 0.0, 2.0 ],
											"rotationX": -30.0,
											"faces": {
												"north": { "texture": "#frame", "uv": [ 0.0, 0.0, 0.5, 0.5 ] },
												"east": { "texture": "#frame", "uv": [ 0.0, 0.0, 3.0, 0.5 ] },
												"south": { "texture": "#frame", "uv": [ 0.0, 0.0, 0.5, 0.5 ] },
												"west": { "texture": "#frame", "uv": [ 0.0, 0.0, 3.0, 0.5 ] },
												"up": { "texture": "#frame", "uv": [ 0.0, 0.0, 0.5, 3.0 ] },
												"down": { "texture": "#frame", "uv": [ 0.0, 0.0, 0.5, 3.0 ] }
											},
											"children": [
												{
													"name": "string-1.567",
													"from": [ 0.0, 0.0, 3.0 ], 
													"to": [ 0.5, 0.5, 6.0 ], 
													"rotationOrigin": [ 0.0, 0.0, 3.0 ],
													"rotationX": -30.0,
													"faces": {
														"north": { "texture": "#frame", "uv": [ 0.0, 0.0, 0.5, 0.5 ] },
														"east": { "texture": "#frame", "uv": [ 0.0, 0.0, 3.0, 0.5 ] },
														"south": { "texture": "#frame", "uv": [ 0.0, 0.0, 0.5, 0.5 ] },
														"west": { "texture": "#frame", "uv": [ 0.0, 0.0, 3.0, 0.5 ] },
														"up": { "texture": "#frame", "uv": [ 0.0, 0.0, 0.5, 3.0 ] },
														"down": { "texture": "#frame", "uv": [ 0.0, 0.0, 0.5, 3.0 ] }
													},
													"children": [
														{
															"name": "string-1.568",
															"from": [ 0.0, 0.0, 3.0 ], 
															"to": [ 0.5, 0.5, 6.0 ], 
															"rotationOrigin": [ 0.0, 0.0, 3.0 ],
															"rotationX": -30.0,
															"faces": {
																"north": { "texture": "#frame", "uv": [ 0.0, 0.0, 0.5, 0.5 ] },
																"east": { "texture": "#frame", "uv": [ 0.0, 0.0, 3.0, 0.5 ] },
																"south": { "texture": "#frame", "uv": [ 0.0, 0.0, 0.5, 0.5 ] },
																"west": { "texture": "#frame", "uv": [ 0.0, 0.0, 3.0, 0.5 ] },
																"up": { "texture": "#frame", "uv": [ 0.0, 0.0, 0.5, 3.0 ] },
																"down": { "texture": "#frame", "uv": [ 0.0, 0.0, 0.5, 3.0 ] }
															},
															"children": [
																{
																	"name": "string-1.572",
																	"from": [ 0.0, 0.0, 3.0 ], 
																	"to": [ 0.5, 0.5, 5.0 ], 
																	"rotationOrigin": [ 0.0, 0.0, 3.0 ],
																	"rotationX": -30.0,
																	"faces": {
																		"north": { "texture": "#frame", "uv": [ 0.0, 0.0, 0.5, 0.5 ] },
																		"east": { "texture": "#frame", "uv": [ 0.0, 0.0, 2.0, 0.5 ] },
																		"south": { "texture": "#frame", "uv": [ 0.0, 0.0, 0.5, 0.5 ] },
																		"west": { "texture": "#frame", "uv": [ 0.0, 0.0, 2.0, 0.5 ] },
																		"up": { "texture": "#frame", "uv": [ 0.0, 0.0, 0.5, 2.0 ] },
																		"down": { "texture": "#frame", "uv": [ 0.0, 0.0, 0.5, 2.0 ] }
																	},
																	"children": [
																		{
																			"name": "string-1.572",
																			"from": [ 0.0, 0.0, 2.0 ], 
																			"to": [ 0.5, 0.5, 3.0 ], 
																			"rotationOrigin": [ 0.0, 0.0, 2.0 ],
																			"rotationX": -30.0,
																			"faces": {
																				"north": { "texture": "#frame", "uv": [ 0.0, 0.0, 0.5, 0.5 ] },
																				"east": { "texture": "#frame", "uv": [ 0.0, 0.0, 1.0, 0.5 ] },
																				"south": { "texture": "#frame", "uv": [ 0.0, 0.0, 0.5, 0.5 ] },
																				"west": { "texture": "#frame", "uv": [ 0.0, 0.0, 1.0, 0.5 ] },
																				"up": { "texture": "#frame", "uv": [ 0.0, 0.0, 0.5, 1.0 ] },
																				"down": { "texture": "#frame", "uv": [ 0.0, 0.0, 0.5, 1.0 ] }
																			}
																		}
																	]
																}
															]
														}
													]
												}
											]
										}
									]
								}
							]
						}
					]
				},
				{
					"name": "_string-572",
					"from": [ 0.0, 0.0, 20.0 ], 
					"to": [ 0.0, 0.0, 20.0 ], 
					"rotationOrigin": [ -4.0, 15.0, 20.0 ],
					"rotationX": 89.99999164334537,
					"faces": {
						"north": { "texture": "#frame", "uv": [ 0.0, 0.0, 0.5, 0.5 ] },
						"east": { "texture": "#frame", "uv": [ 0.0, 0.0, 0.5, 0.5 ] },
						"south": { "texture": "#frame", "uv": [ 0.0, 0.0, 0.5, 0.5 ] },
						"west": { "texture": "#frame", "uv": [ 0.0, 0.0, 0.5, 0.5 ] },
						"up": { "texture": "#frame", "uv": [ 0.0, 0.0, 0.5, 0.5 ] },
						"down": { "texture": "#frame", "uv": [ 0.0, 0.0, 0.5, 0.5 ] }
					},
					"children": [
						{
							"name": "string-1.573",
							"from": [ -4.0, 15.0, 0.0 ], 
							"to": [ -3.5, 15.5, 1.0 ], 
							"rotationOrigin": [ -4.0, 15.0, 0.0 ],
							"faces": {
								"north": { "texture": "#frame", "uv": [ 0.0, 0.0, 0.5, 0.5 ] },
								"east": { "texture": "#frame", "uv": [ 0.0, 0.0, 1.0, 0.5 ] },
								"south": { "texture": "#frame", "uv": [ 0.0, 0.0, 0.5, 0.5 ] },
								"west": { "texture": "#frame", "uv": [ 0.0, 0.0, 1.0, 0.5 ] },
								"up": { "texture": "#frame", "uv": [ 0.0, 0.0, 0.5, 1.0 ] },
								"down": { "texture": "#frame", "uv": [ 0.0, 0.0, 0.5, 1.0 ] }
							},
							"children": [
								{
									"name": "string-1.574",
									"from": [ 0.0, 0.0, 1.0 ], 
									"to": [ 0.5, 0.5, 3.0 ], 
									"rotationOrigin": [ 0.0, 0.0, 1.0 ],
									"rotationX": -30.0,
									"faces": {
										"north": { "texture": "#frame", "uv": [ 0.0, 0.0, 0.5, 0.5 ] },
										"east": { "texture": "#frame", "uv": [ 0.0, 0.0, 2.0, 0.5 ] },
										"south": { "texture": "#frame", "uv": [ 0.0, 0.0, 0.5, 0.5 ] },
										"west": { "texture": "#frame", "uv": [ 0.0, 0.0, 2.0, 0.5 ] },
										"up": { "texture": "#frame", "uv": [ 0.0, 0.0, 0.5, 2.0 ] },
										"down": { "texture": "#frame", "uv": [ 0.0, 0.0, 0.5, 2.0 ] }
									},
									"children": [
										{
											"name": "string-1.575",
											"from": [ 0.0, 0.0, 2.0 ], 
											"to": [ 0.5, 0.5, 5.0 ], 
											"rotationOrigin": [ 0.0, 0.0, 2.0 ],
											"rotationX": -30.0,
											"faces": {
												"north": { "texture": "#frame", "uv": [ 0.0, 0.0, 0.5, 0.5 ] },
												"east": { "texture": "#frame", "uv": [ 0.0, 0.0, 3.0, 0.5 ] },
												"south": { "texture": "#frame", "uv": [ 0.0, 0.0, 0.5, 0.5 ] },
												"west": { "texture": "#frame", "uv": [ 0.0, 0.0, 3.0, 0.5 ] },
												"up": { "texture": "#frame", "uv": [ 0.0, 0.0, 0.5, 3.0 ] },
												"down": { "texture": "#frame", "uv": [ 0.0, 0.0, 0.5, 3.0 ] }
											},
											"children": [
												{
													"name": "string-1.576",
													"from": [ 0.0, 0.0, 3.0 ], 
													"to": [ 0.5, 0.5, 6.0 ], 
													"rotationOrigin": [ 0.0, 0.0, 3.0 ],
													"rotationX": -30.0,
													"faces": {
														"north": { "texture": "#frame", "uv": [ 0.0, 0.0, 0.5, 0.5 ] },
														"east": { "texture": "#frame", "uv": [ 0.0, 0.0, 3.0, 0.5 ] },
														"south": { "texture": "#frame", "uv": [ 0.0, 0.0, 0.5, 0.5 ] },
														"west": { "texture": "#frame", "uv": [ 0.0, 0.0, 3.0, 0.5 ] },
														"up": { "texture": "#frame", "uv": [ 0.0, 0.0, 0.5, 3.0 ] },
														"down": { "texture": "#frame", "uv": [ 0.0, 0.0, 0.5, 3.0 ] }
													},
													"children": [
														{
															"name": "string-1.577",
															"from": [ 0.0, 0.0, 3.0 ], 
															"to": [ 0.5, 0.5, 6.0 ], 
															"rotationOrigin": [ 0.0, 0.0, 3.0 ],
															"rotationX": -30.0,
															"faces": {
																"north": { "texture": "#frame", "uv": [ 0.0, 0.0, 0.5, 0.5 ] },
																"east": { "texture": "#frame", "uv": [ 0.0, 0.0, 3.0, 0.5 ] },
																"south": { "texture": "#frame", "uv": [ 0.0, 0.0, 0.5, 0.5 ] },
																"west": { "texture": "#frame", "uv": [ 0.0, 0.0, 3.0, 0.5 ] },
																"up": { "texture": "#frame", "uv": [ 0.0, 0.0, 0.5, 3.0 ] },
																"down": { "texture": "#frame", "uv": [ 0.0, 0.0, 0.5, 3.0 ] }
															},
															"children": [
																{
																	"name": "string-1.578",
																	"from": [ 0.0, 0.0, 3.0 ], 
																	"to": [ 0.5, 0.5, 5.0 ], 
																	"rotationOrigin": [ 0.0, 0.0, 3.0 ],
																	"rotationX": -30.0,
																	"faces": {
																		"north": { "texture": "#frame", "uv": [ 0.0, 0.0, 0.5, 0.5 ] },
																		"east": { "texture": "#frame", "uv": [ 0.0, 0.0, 2.0, 0.5 ] },
																		"south": { "texture": "#frame", "uv": [ 0.0, 0.0, 0.5, 0.5 ] },
																		"west": { "texture": "#frame", "uv": [ 0.0, 0.0, 2.0, 0.5 ] },
																		"up": { "texture": "#frame", "uv": [ 0.0, 0.0, 0.5, 2.0 ] },
																		"down": { "texture": "#frame", "uv": [ 0.0, 0.0, 0.5, 2.0 ] }
																	},
																	"children": [
																		{
																			"name": "string-1.579",
																			"from": [ 0.0, 0.0, 2.0 ], 
																			"to": [ 0.5, 0.5, 3.0 ], 
																			"rotationOrigin": [ 0.0, 0.0, 2.0 ],
																			"rotationX": -30.0,
																			"faces": {
																				"north": { "texture": "#frame", "uv": [ 0.0, 0.0, 0.5, 0.5 ] },
																				"east": { "texture": "#frame", "uv": [ 0.0, 0.0, 1.0, 0.5 ] },
																				"south": { "texture": "#frame", "uv": [ 0.0, 0.0, 0.5, 0.5 ] },
																				"west": { "texture": "#frame", "uv": [ 0.0, 0.0, 1.0, 0.5 ] },
																				"up": { "texture": "#frame", "uv": [ 0.0, 0.0, 0.5, 1.0 ] },
																				"down": { "texture": "#frame", "uv": [ 0.0, 0.0, 0.5, 1.0 ] }
																			}
																		}
																	]
																}
															]
														}
													]
												}
											]
										}
									]
								}
							]
						}
					]
				}
			]
		},
		{
			"name": "_string-right51",
			"from": [ 23.0, 1.0, -7.0 ], 
			"to": [ 23.0, 1.0, -7.0 ], 
			"rotationOrigin": [ 23.0, 1.0, -7.0 ],
			"faces": {
				"north": { "texture": "#default", "uv": [ 0.0, 0.0, 0.5, 0.5 ] },
				"east": { "texture": "#default", "uv": [ 0.0, 0.0, 0.5, 0.5 ] },
				"south": { "texture": "#default", "uv": [ 0.0, 0.0, 0.5, 0.5 ] },
				"west": { "texture": "#default", "uv": [ 0.0, 0.0, 0.5, 0.5 ] },
				"up": { "texture": "#default", "uv": [ 0.0, 0.0, 0.5, 0.5 ] },
				"down": { "texture": "#default", "uv": [ 0.0, 0.0, 0.5, 0.5 ] }
			},
			"children": [
				{
					"name": "_string-52",
					"from": [ 0.0, 0.0, 0.0 ], 
					"to": [ 0.0, 0.0, 0.0 ], 
					"rotationOrigin": [ -4.0, 15.0, 0.0 ],
					"rotationX": 89.99999164334537,
					"faces": {
						"north": { "texture": "#default", "uv": [ 0.0, 0.0, 0.5, 0.5 ] },
						"east": { "texture": "#default", "uv": [ 0.0, 0.0, 0.5, 0.5 ] },
						"south": { "texture": "#default", "uv": [ 0.0, 0.0, 0.5, 0.5 ] },
						"west": { "texture": "#default", "uv": [ 0.0, 0.0, 0.5, 0.5 ] },
						"up": { "texture": "#default", "uv": [ 0.0, 0.0, 0.5, 0.5 ] },
						"down": { "texture": "#default", "uv": [ 0.0, 0.0, 0.5, 0.5 ] }
					},
					"children": [
						{
							"name": "string-1.53",
							"from": [ -4.0, 15.0, 0.0 ], 
							"to": [ -3.5, 15.5, 1.0 ], 
							"rotationOrigin": [ -4.0, 15.0, 0.0 ],
							"faces": {
								"north": { "texture": "#frame", "uv": [ 0.0, 0.0, 0.5, 0.5 ] },
								"east": { "texture": "#frame", "uv": [ 0.0, 0.0, 1.0, 0.5 ] },
								"south": { "texture": "#frame", "uv": [ 0.0, 0.0, 0.5, 0.5 ] },
								"west": { "texture": "#frame", "uv": [ 0.0, 0.0, 1.0, 0.5 ] },
								"up": { "texture": "#frame", "uv": [ 0.0, 0.0, 0.5, 1.0 ] },
								"down": { "texture": "#frame", "uv": [ 0.0, 0.0, 0.5, 1.0 ] }
							},
							"children": [
								{
									"name": "string-1.54",
									"from": [ 0.0, 0.0, 1.0 ], 
									"to": [ 0.5, 0.5, 3.0 ], 
									"rotationOrigin": [ 0.0, 0.0, 1.0 ],
									"rotationX": -30.0,
									"faces": {
										"north": { "texture": "#frame", "uv": [ 0.0, 0.0, 0.5, 0.5 ] },
										"east": { "texture": "#frame", "uv": [ 0.0, 0.0, 2.0, 0.5 ] },
										"south": { "texture": "#frame", "uv": [ 0.0, 0.0, 0.5, 0.5 ] },
										"west": { "texture": "#frame", "uv": [ 0.0, 0.0, 2.0, 0.5 ] },
										"up": { "texture": "#frame", "uv": [ 0.0, 0.0, 0.5, 2.0 ] },
										"down": { "texture": "#frame", "uv": [ 0.0, 0.0, 0.5, 2.0 ] }
									},
									"children": [
										{
											"name": "string-1.55",
											"from": [ 0.0, 0.0, 2.0 ], 
											"to": [ 0.5, 0.5, 5.0 ], 
											"rotationOrigin": [ 0.0, 0.0, 2.0 ],
											"rotationX": -30.0,
											"faces": {
												"north": { "texture": "#frame", "uv": [ 0.0, 0.0, 0.5, 0.5 ] },
												"east": { "texture": "#frame", "uv": [ 0.0, 0.0, 3.0, 0.5 ] },
												"south": { "texture": "#frame", "uv": [ 0.0, 0.0, 0.5, 0.5 ] },
												"west": { "texture": "#frame", "uv": [ 0.0, 0.0, 3.0, 0.5 ] },
												"up": { "texture": "#frame", "uv": [ 0.0, 0.0, 0.5, 3.0 ] },
												"down": { "texture": "#frame", "uv": [ 0.0, 0.0, 0.5, 3.0 ] }
											},
											"children": [
												{
													"name": "string-1.56",
													"from": [ 0.0, 0.0, 3.0 ], 
													"to": [ 0.5, 0.5, 6.0 ], 
													"rotationOrigin": [ 0.0, 0.0, 3.0 ],
													"rotationX": -30.0,
													"faces": {
														"north": { "texture": "#frame", "uv": [ 0.0, 0.0, 0.5, 0.5 ] },
														"east": { "texture": "#frame", "uv": [ 0.0, 0.0, 3.0, 0.5 ] },
														"south": { "texture": "#frame", "uv": [ 0.0, 0.0, 0.5, 0.5 ] },
														"west": { "texture": "#frame", "uv": [ 0.0, 0.0, 3.0, 0.5 ] },
														"up": { "texture": "#frame", "uv": [ 0.0, 0.0, 0.5, 3.0 ] },
														"down": { "texture": "#frame", "uv": [ 0.0, 0.0, 0.5, 3.0 ] }
													},
													"children": [
														{
															"name": "string-1.57",
															"from": [ 0.0, 0.0, 3.0 ], 
															"to": [ 0.5, 0.5, 6.0 ], 
															"rotationOrigin": [ 0.0, 0.0, 3.0 ],
															"rotationX": -30.0,
															"faces": {
																"north": { "texture": "#frame", "uv": [ 0.0, 0.0, 0.5, 0.5 ] },
																"east": { "texture": "#frame", "uv": [ 0.0, 0.0, 3.0, 0.5 ] },
																"south": { "texture": "#frame", "uv": [ 0.0, 0.0, 0.5, 0.5 ] },
																"west": { "texture": "#frame", "uv": [ 0.0, 0.0, 3.0, 0.5 ] },
																"up": { "texture": "#frame", "uv": [ 0.0, 0.0, 0.5, 3.0 ] },
																"down": { "texture": "#frame", "uv": [ 0.0, 0.0, 0.5, 3.0 ] }
															},
															"children": [
																{
																	"name": "string-1.58",
																	"from": [ 0.0, 0.0, 3.0 ], 
																	"to": [ 0.5, 0.5, 5.0 ], 
																	"rotationOrigin": [ 0.0, 0.0, 3.0 ],
																	"rotationX": -30.0,
																	"faces": {
																		"north": { "texture": "#frame", "uv": [ 0.0, 0.0, 0.5, 0.5 ] },
																		"east": { "texture": "#frame", "uv": [ 0.0, 0.0, 2.0, 0.5 ] },
																		"south": { "texture": "#frame", "uv": [ 0.0, 0.0, 0.5, 0.5 ] },
																		"west": { "texture": "#frame", "uv": [ 0.0, 0.0, 2.0, 0.5 ] },
																		"up": { "texture": "#frame", "uv": [ 0.0, 0.0, 0.5, 2.0 ] },
																		"down": { "texture": "#frame", "uv": [ 0.0, 0.0, 0.5, 2.0 ] }
																	},
																	"children": [
																		{
																			"name": "string-1.59",
																			"from": [ 0.0, 0.0, 2.0 ], 
																			"to": [ 0.5, 0.5, 3.0 ], 
																			"rotationOrigin": [ 0.0, 0.0, 2.0 ],
																			"rotationX": -30.0,
																			"faces": {
																				"north": { "texture": "#frame", "uv": [ 0.0, 0.0, 0.5, 0.5 ] },
																				"east": { "texture": "#frame", "uv": [ 0.0, 0.0, 1.0, 0.5 ] },
																				"south": { "texture": "#frame", "uv": [ 0.0, 0.0, 0.5, 0.5 ] },
																				"west": { "texture": "#frame", "uv": [ 0.0, 0.0, 1.0, 0.5 ] },
																				"up": { "texture": "#frame", "uv": [ 0.0, 0.0, 0.5, 1.0 ] },
																				"down": { "texture": "#frame", "uv": [ 0.0, 0.0, 0.5, 1.0 ] }
																			}
																		}
																	]
																}
															]
														}
													]
												}
											]
										}
									]
								}
							]
						}
					]
				},
				{
					"name": "_string-60",
					"from": [ 0.0, 0.0, 10.0 ], 
					"to": [ 0.0, 0.0, 10.0 ], 
					"rotationOrigin": [ -4.0, 15.0, 10.0 ],
					"rotationX": 89.99999164334537,
					"faces": {
						"north": { "texture": "#frame", "uv": [ 0.0, 0.0, 0.5, 0.5 ] },
						"east": { "texture": "#frame", "uv": [ 0.0, 0.0, 0.5, 0.5 ] },
						"south": { "texture": "#frame", "uv": [ 0.0, 0.0, 0.5, 0.5 ] },
						"west": { "texture": "#frame", "uv": [ 0.0, 0.0, 0.5, 0.5 ] },
						"up": { "texture": "#frame", "uv": [ 0.0, 0.0, 0.5, 0.5 ] },
						"down": { "texture": "#frame", "uv": [ 0.0, 0.0, 0.5, 0.5 ] }
					},
					"children": [
						{
							"name": "string-1.61",
							"from": [ -4.0, 15.0, 0.0 ], 
							"to": [ -3.5, 15.5, 1.0 ], 
							"rotationOrigin": [ -4.0, 15.0, 0.0 ],
							"faces": {
								"north": { "texture": "#frame", "uv": [ 0.0, 0.0, 0.5, 0.5 ] },
								"east": { "texture": "#frame", "uv": [ 0.0, 0.0, 1.0, 0.5 ] },
								"south": { "texture": "#frame", "uv": [ 0.0, 0.0, 0.5, 0.5 ] },
								"west": { "texture": "#frame", "uv": [ 0.0, 0.0, 1.0, 0.5 ] },
								"up": { "texture": "#frame", "uv": [ 0.0, 0.0, 0.5, 1.0 ] },
								"down": { "texture": "#frame", "uv": [ 0.0, 0.0, 0.5, 1.0 ] }
							},
							"children": [
								{
									"name": "string-1.62",
									"from": [ 0.0, 0.0, 1.0 ], 
									"to": [ 0.5, 0.5, 3.0 ], 
									"rotationOrigin": [ 0.0, 0.0, 1.0 ],
									"rotationX": -30.0,
									"faces": {
										"north": { "texture": "#frame", "uv": [ 0.0, 0.0, 0.5, 0.5 ] },
										"east": { "texture": "#frame", "uv": [ 0.0, 0.0, 2.0, 0.5 ] },
										"south": { "texture": "#frame", "uv": [ 0.0, 0.0, 0.5, 0.5 ] },
										"west": { "texture": "#frame", "uv": [ 0.0, 0.0, 2.0, 0.5 ] },
										"up": { "texture": "#frame", "uv": [ 0.0, 0.0, 0.5, 2.0 ] },
										"down": { "texture": "#frame", "uv": [ 0.0, 0.0, 0.5, 2.0 ] }
									},
									"children": [
										{
											"name": "string-1.63",
											"from": [ 0.0, 0.0, 2.0 ], 
											"to": [ 0.5, 0.5, 5.0 ], 
											"rotationOrigin": [ 0.0, 0.0, 2.0 ],
											"rotationX": -30.0,
											"faces": {
												"north": { "texture": "#frame", "uv": [ 0.0, 0.0, 0.5, 0.5 ] },
												"east": { "texture": "#frame", "uv": [ 0.0, 0.0, 3.0, 0.5 ] },
												"south": { "texture": "#frame", "uv": [ 0.0, 0.0, 0.5, 0.5 ] },
												"west": { "texture": "#frame", "uv": [ 0.0, 0.0, 3.0, 0.5 ] },
												"up": { "texture": "#frame", "uv": [ 0.0, 0.0, 0.5, 3.0 ] },
												"down": { "texture": "#frame", "uv": [ 0.0, 0.0, 0.5, 3.0 ] }
											},
											"children": [
												{
													"name": "string-1.64",
													"from": [ 0.0, 0.0, 3.0 ], 
													"to": [ 0.5, 0.5, 6.0 ], 
													"rotationOrigin": [ 0.0, 0.0, 3.0 ],
													"rotationX": -30.0,
													"faces": {
														"north": { "texture": "#frame", "uv": [ 0.0, 0.0, 0.5, 0.5 ] },
														"east": { "texture": "#frame", "uv": [ 0.0, 0.0, 3.0, 0.5 ] },
														"south": { "texture": "#frame", "uv": [ 0.0, 0.0, 0.5, 0.5 ] },
														"west": { "texture": "#frame", "uv": [ 0.0, 0.0, 3.0, 0.5 ] },
														"up": { "texture": "#frame", "uv": [ 0.0, 0.0, 0.5, 3.0 ] },
														"down": { "texture": "#frame", "uv": [ 0.0, 0.0, 0.5, 3.0 ] }
													},
													"children": [
														{
															"name": "string-1.65",
															"from": [ 0.0, 0.0, 3.0 ], 
															"to": [ 0.5, 0.5, 6.0 ], 
															"rotationOrigin": [ 0.0, 0.0, 3.0 ],
															"rotationX": -30.0,
															"faces": {
																"north": { "texture": "#frame", "uv": [ 0.0, 0.0, 0.5, 0.5 ] },
																"east": { "texture": "#frame", "uv": [ 0.0, 0.0, 3.0, 0.5 ] },
																"south": { "texture": "#frame", "uv": [ 0.0, 0.0, 0.5, 0.5 ] },
																"west": { "texture": "#frame", "uv": [ 0.0, 0.0, 3.0, 0.5 ] },
																"up": { "texture": "#frame", "uv": [ 0.0, 0.0, 0.5, 3.0 ] },
																"down": { "texture": "#frame", "uv": [ 0.0, 0.0, 0.5, 3.0 ] }
															},
															"children": [
																{
																	"name": "string-1.66",
																	"from": [ 0.0, 0.0, 3.0 ], 
																	"to": [ 0.5, 0.5, 5.0 ], 
																	"rotationOrigin": [ 0.0, 0.0, 3.0 ],
																	"rotationX": -30.0,
																	"faces": {
																		"north": { "texture": "#frame", "uv": [ 0.0, 0.0, 0.5, 0.5 ] },
																		"east": { "texture": "#frame", "uv": [ 0.0, 0.0, 2.0, 0.5 ] },
																		"south": { "texture": "#frame", "uv": [ 0.0, 0.0, 0.5, 0.5 ] },
																		"west": { "texture": "#frame", "uv": [ 0.0, 0.0, 2.0, 0.5 ] },
																		"up": { "texture": "#frame", "uv": [ 0.0, 0.0, 0.5, 2.0 ] },
																		"down": { "texture": "#frame", "uv": [ 0.0, 0.0, 0.5, 2.0 ] }
																	},
																	"children": [
																		{
																			"name": "string-1.67",
																			"from": [ 0.0, 0.0, 2.0 ], 
																			"to": [ 0.5, 0.5, 3.0 ], 
																			"rotationOrigin": [ 0.0, 0.0, 2.0 ],
																			"rotationX": -30.0,
																			"faces": {
																				"north": { "texture": "#frame", "uv": [ 0.0, 0.0, 0.5, 0.5 ] },
																				"east": { "texture": "#frame", "uv": [ 0.0, 0.0, 1.0, 0.5 ] },
																				"south": { "texture": "#frame", "uv": [ 0.0, 0.0, 0.5, 0.5 ] },
																				"west": { "texture": "#frame", "uv": [ 0.0, 0.0, 1.0, 0.5 ] },
																				"up": { "texture": "#frame", "uv": [ 0.0, 0.0, 0.5, 1.0 ] },
																				"down": { "texture": "#frame", "uv": [ 0.0, 0.0, 0.5, 1.0 ] }
																			}
																		}
																	]
																}
															]
														}
													]
												}
											]
										}
									]
								}
							]
						}
					]
				},
				{
					"name": "_string-68",
					"from": [ 0.0, 0.0, 20.0 ], 
					"to": [ 0.0, 0.0, 20.0 ], 
					"rotationOrigin": [ -4.0, 15.0, 20.0 ],
					"rotationX": 89.99999164334537,
					"faces": {
						"north": { "texture": "#frame", "uv": [ 0.0, 0.0, 0.5, 0.5 ] },
						"east": { "texture": "#frame", "uv": [ 0.0, 0.0, 0.5, 0.5 ] },
						"south": { "texture": "#frame", "uv": [ 0.0, 0.0, 0.5, 0.5 ] },
						"west": { "texture": "#frame", "uv": [ 0.0, 0.0, 0.5, 0.5 ] },
						"up": { "texture": "#frame", "uv": [ 0.0, 0.0, 0.5, 0.5 ] },
						"down": { "texture": "#frame", "uv": [ 0.0, 0.0, 0.5, 0.5 ] }
					},
					"children": [
						{
							"name": "string-1.69",
							"from": [ -4.0, 15.0, 0.0 ], 
							"to": [ -3.5, 15.5, 1.0 ], 
							"rotationOrigin": [ -4.0, 15.0, 0.0 ],
							"faces": {
								"north": { "texture": "#frame", "uv": [ 0.0, 0.0, 0.5, 0.5 ] },
								"east": { "texture": "#frame", "uv": [ 0.0, 0.0, 1.0, 0.5 ] },
								"south": { "texture": "#frame", "uv": [ 0.0, 0.0, 0.5, 0.5 ] },
								"west": { "texture": "#frame", "uv": [ 0.0, 0.0, 1.0, 0.5 ] },
								"up": { "texture": "#frame", "uv": [ 0.0, 0.0, 0.5, 1.0 ] },
								"down": { "texture": "#frame", "uv": [ 0.0, 0.0, 0.5, 1.0 ] }
							},
							"children": [
								{
									"name": "string-1.70",
									"from": [ 0.0, 0.0, 1.0 ], 
									"to": [ 0.5, 0.5, 3.0 ], 
									"rotationOrigin": [ 0.0, 0.0, 1.0 ],
									"rotationX": -30.0,
									"faces": {
										"north": { "texture": "#frame", "uv": [ 0.0, 0.0, 0.5, 0.5 ] },
										"east": { "texture": "#frame", "uv": [ 0.0, 0.0, 2.0, 0.5 ] },
										"south": { "texture": "#frame", "uv": [ 0.0, 0.0, 0.5, 0.5 ] },
										"west": { "texture": "#frame", "uv": [ 0.0, 0.0, 2.0, 0.5 ] },
										"up": { "texture": "#frame", "uv": [ 0.0, 0.0, 0.5, 2.0 ] },
										"down": { "texture": "#frame", "uv": [ 0.0, 0.0, 0.5, 2.0 ] }
									},
									"children": [
										{
											"name": "string-1.71",
											"from": [ 0.0, 0.0, 2.0 ], 
											"to": [ 0.5, 0.5, 5.0 ], 
											"rotationOrigin": [ 0.0, 0.0, 2.0 ],
											"rotationX": -30.0,
											"faces": {
												"north": { "texture": "#frame", "uv": [ 0.0, 0.0, 0.5, 0.5 ] },
												"east": { "texture": "#frame", "uv": [ 0.0, 0.0, 3.0, 0.5 ] },
												"south": { "texture": "#frame", "uv": [ 0.0, 0.0, 0.5, 0.5 ] },
												"west": { "texture": "#frame", "uv": [ 0.0, 0.0, 3.0, 0.5 ] },
												"up": { "texture": "#frame", "uv": [ 0.0, 0.0, 0.5, 3.0 ] },
												"down": { "texture": "#frame", "uv": [ 0.0, 0.0, 0.5, 3.0 ] }
											},
											"children": [
												{
													"name": "string-1.72",
													"from": [ 0.0, 0.0, 3.0 ], 
													"to": [ 0.5, 0.5, 6.0 ], 
													"rotationOrigin": [ 0.0, 0.0, 3.0 ],
													"rotationX": -30.0,
													"faces": {
														"north": { "texture": "#frame", "uv": [ 0.0, 0.0, 0.5, 0.5 ] },
														"east": { "texture": "#frame", "uv": [ 0.0, 0.0, 3.0, 0.5 ] },
														"south": { "texture": "#frame", "uv": [ 0.0, 0.0, 0.5, 0.5 ] },
														"west": { "texture": "#frame", "uv": [ 0.0, 0.0, 3.0, 0.5 ] },
														"up": { "texture": "#frame", "uv": [ 0.0, 0.0, 0.5, 3.0 ] },
														"down": { "texture": "#frame", "uv": [ 0.0, 0.0, 0.5, 3.0 ] }
													},
													"children": [
														{
															"name": "string-1.73",
															"from": [ 0.0, 0.0, 3.0 ], 
															"to": [ 0.5, 0.5, 6.0 ], 
															"rotationOrigin": [ 0.0, 0.0, 3.0 ],
															"rotationX": -30.0,
															"faces": {
																"north": { "texture": "#frame", "uv": [ 0.0, 0.0, 0.5, 0.5 ] },
																"east": { "texture": "#frame", "uv": [ 0.0, 0.0, 3.0, 0.5 ] },
																"south": { "texture": "#frame", "uv": [ 0.0, 0.0, 0.5, 0.5 ] },
																"west": { "texture": "#frame", "uv": [ 0.0, 0.0, 3.0, 0.5 ] },
																"up": { "texture": "#frame", "uv": [ 0.0, 0.0, 0.5, 3.0 ] },
																"down": { "texture": "#frame", "uv": [ 0.0, 0.0, 0.5, 3.0 ] }
															},
															"children": [
																{
																	"name": "string-1.74",
																	"from": [ 0.0, 0.0, 3.0 ], 
																	"to": [ 0.5, 0.5, 5.0 ], 
																	"rotationOrigin": [ 0.0, 0.0, 3.0 ],
																	"rotationX": -30.0,
																	"faces": {
																		"north": { "texture": "#frame", "uv": [ 0.0, 0.0, 0.5, 0.5 ] },
																		"east": { "texture": "#frame", "uv": [ 0.0, 0.0, 2.0, 0.5 ] },
																		"south": { "texture": "#frame", "uv": [ 0.0, 0.0, 0.5, 0.5 ] },
																		"west": { "texture": "#frame", "uv": [ 0.0, 0.0, 2.0, 0.5 ] },
																		"up": { "texture": "#frame", "uv": [ 0.0, 0.0, 0.5, 2.0 ] },
																		"down": { "texture": "#frame", "uv": [ 0.0, 0.0, 0.5, 2.0 ] }
																	},
																	"children": [
																		{
																			"name": "string-1.75",
																			"from": [ 0.0, 0.0, 2.0 ], 
																			"to": [ 0.5, 0.5, 3.0 ], 
																			"rotationOrigin": [ 0.0, 0.0, 2.0 ],
																			"rotationX": -30.0,
																			"faces": {
																				"north": { "texture": "#frame", "uv": [ 0.0, 0.0, 0.5, 0.5 ] },
																				"east": { "texture": "#frame", "uv": [ 0.0, 0.0, 1.0, 0.5 ] },
																				"south": { "texture": "#frame", "uv": [ 0.0, 0.0, 0.5, 0.5 ] },
																				"west": { "texture": "#frame", "uv": [ 0.0, 0.0, 1.0, 0.5 ] },
																				"up": { "texture": "#frame", "uv": [ 0.0, 0.0, 0.5, 1.0 ] },
																				"down": { "texture": "#frame", "uv": [ 0.0, 0.0, 0.5, 1.0 ] }
																			}
																		}
																	]
																}
															]
														}
													]
												}
											]
										}
									]
								}
							]
						}
					]
				}
			]
		}
	]}