{
	"code": "woondenmannequinstand",
	"class": "EntityMannequinStand",
	"hitboxSize": {
		"x": 0.7,
		"y": 2
	},
	"eyeHeight": 1.8,
	"knockbackResistance": 1,
	"attributes": { "skinBaseTextureKey": "seraph" },
	"client": {
		"renderer": "SkinnableShape",
		"shape": { "base": "entity/land/mannequin-stand" },
        "texture": {
			"base": "entity/land/mannequin/wood/debarked/oak"
		},
		"behaviors": [
			{ "code": "repulseagents" },
			{
				"code": "controlledphysics",
				"stepHeight": 1.0001
			},
			{ "code": "interpolateposition" }
		]
	},
	"server": {
		"behaviors": [
			{ "code": "repulseagents" },
			{
				"code": "controlledphysics",
				"stepHeight": 1.1251
			}
		]
	},
	"sounds": {
		"hurt": "player/slap"
	}
}