﻿[
  {
    "name": "Crude sailboat",
    "ingredientPattern": "_WS,RWS,_L_",
    "ingredients": {
      "L": {
        "type": "item",
        "code": "game:boat-raft-*",
        "name": "wood",
        "quantity": 1
      },
      "R": {
        "type": "item",
        "code": "game:rope",
        "quantity": 4
      },
      "S": {
        "type": "block",
        "code": "game:rushmat",
        "quantity": 4
      },
      "W": {
        "type": "block",
        "code": "game:log-placed-*-ud",
        "name": "wood",
        "quantity": 2
      }
    },
    "width": 3,
    "height": 3,
    "output": {
      "type": "item",
      "code": "sailboat:crudesailboat-{wood}"
    }
  }
]