{
	code: "creature",
	class: "ItemCreature",
	maxstacksize: 1,
	variantgroups: [
		{ code: "genus", states: ["rana"]},
		{
			code: "type",
			states: [
				"temporaria",
				"arvalis",
				"dalmatina",
				"latastei",
				"pseudodalmatina",
				"graeca",
				"iberica",
				"italica",
				"pyrenaica",
				"macrocnemis",
				"tavasensis",
				"amurensis",
				"asiatica",
				"coreana",
				"chensinensis",
				"dybowskii",
				"chaochiaoensis",
				"huanrensis",
				"dabieshanensis",
				"jiulingensis",
				"jiemuxiensis",
				"johnsi",
				"kukunoris",
				"luanchuanensis",
				"maoershanensis",
				"omeimontis",
				"sangzhiensis",
				"zhenhaiensis",
				"longicrus",
				"sauteri",
				"japonica",
				"tagoi",
				"kyoto",
				"neba",
				"sakuraii",
				"pirica",
				"ornativentris",
				"tsushimensis",
				"uenoi",
				"ulma",
				"kobai"
				]
		},
		{ code: "gender", states: ["female", "male"]},
		
		],

	shape: {
			"base": "entity/land/rana"
		
	},
	texturesByType: {
		"*-rana-temporaria-female": {
			"skin": { "base": "entity/pondfrog/rana-temporaria-female" }
		},
		"*-rana-temporaria-male": {
			"skin": { "base": "entity/pondfrog/rana-temporaria-male" }
		},
		"*-rana-arvalis-female": {
			"skin": { "base": "entity/pondfrog/rana-arvalis-female" }
		},
		"*-rana-arvalis-male": {
			"skin": { "base": "entity/pondfrog/rana-arvalis-male" }
		},
		"*-rana-dalmatina-female": {
			"skin": { "base": "entity/pondfrog/rana-dalmatina-female" }
		},
		"*-rana-dalmatina-male": {
			"skin": { "base": "entity/pondfrog/rana-dalmatina-male" }
		},
		"*-rana-latastei-female": {
			"skin": { "base": "entity/pondfrog/rana-latastei-female" }
		},
		"*-rana-latastei-male": {
			"skin": { "base": "entity/pondfrog/rana-latastei-male" }
		},
		"*-rana-pseudodalmatina-*": {
			"skin": { "base": "entity/pondfrog/rana-pseudodalmatina" }
		},
		"*-rana-graeca-female": {
			"skin": { "base": "entity/pondfrog/rana-graeca-female" }
		},
		"*-rana-graeca-male": {
			"skin": { "base": "entity/pondfrog/rana-graeca-male" }
		},
		"*-rana-iberica-female": {
			"skin": { "base": "entity/pondfrog/rana-iberica-female" }
		},
		"*-rana-iberica-male": {
			"skin": { "base": "entity/pondfrog/rana-iberica-male" }
		},
		"*-rana-italica-female": {
			"skin": { "base": "entity/pondfrog/rana-italica-female" }
		},
		"*-rana-italica-male": {
			"skin": { "base": "entity/pondfrog/rana-italica-male" }
		},
		"*-rana-pyrenaica-female": {
			"skin": { "base": "entity/pondfrog/rana-pyrenaica-female" }
		},
		"*-rana-pyrenaica-male": {
			"skin": { "base": "entity/pondfrog/rana-pyrenaica-male" }
		},
		"*-rana-macrocnemis-female": {
			"skin": { "base": "entity/pondfrog/rana-macrocnemis-female" }
		},
		"*-rana-macrocnemis-male": {
			"skin": { "base": "entity/pondfrog/rana-macrocnemis-male" }
		},
		"*-rana-tavasensis-*": {
			"skin": { "base": "entity/pondfrog/rana-tavasensis" }
		},
		"*-rana-amurensis-*": {
			"skin": { "base": "entity/pondfrog/rana-amurensis" }
		},
		"*-rana-asiatica-*": {
			"skin": { "base": "entity/pondfrog/rana-asiatica" }
		},
		"*-rana-coreana-*": {
			"skin": { "base": "entity/pondfrog/rana-coreana" }
		},
		"*-rana-chensinensis-*": {
			"skin": { "base": "entity/pondfrog/rana-chensinensis" }
		},
		"*-rana-dybowskii-female": {
			"skin": { "base": "entity/pondfrog/rana-dybowskii-female" }
		},
		"*-rana-dybowskii-male": {
			"skin": { "base": "entity/pondfrog/rana-dybowskii-male" }
		},
		"*-rana-chaochiaoensis-*": {
			"skin": { "base": "entity/pondfrog/rana-chaochiaoensis" }
		},
		"*-rana-huanrensis-female": {
			"skin": { "base": "entity/pondfrog/rana-huanrensis-female" }
		},
		"*-rana-huanrensis-male": {
			"skin": { "base": "entity/pondfrog/rana-huanrensis-male" }
		},
		"*-rana-dabieshanensis-*": {
			"skin": { "base": "entity/pondfrog/rana-dabieshanensis" }
		},
		"*-rana-jiulingensis-*": {
			"skin": { "base": "entity/pondfrog/rana-jiulingensis" }
		},
		"*-rana-jiemuxiensis-female": {
			"skin": { "base": "entity/pondfrog/rana-jiemuxiensis-female" }
		},
		"*-rana-jiemuxiensis-male": {
			"skin": { "base": "entity/pondfrog/rana-jiemuxiensis-male" }
		},
		"*-rana-johnsi-*": {
			"skin": { "base": "entity/pondfrog/rana-johnsi" }
		},
		"*-rana-kukunoris-*": {
			"skin": { "base": "entity/pondfrog/rana-kukunoris" }
		},
		"*-rana-luanchuanensis-*": {
			"skin": { "base": "entity/pondfrog/rana-luanchuanensis" }
		},
		"*-rana-maoershanensis-*": {
			"skin": { "base": "entity/pondfrog/rana-maoershanensis" }
		},
		"*-rana-omeimontis-*": {
			"skin": { "base": "entity/pondfrog/rana-omeimontis" }
		},
		"*-rana-sangzhiensis-*": {
			"skin": { "base": "entity/pondfrog/rana-sangzhiensis" }
		},
		"*-rana-zhenhaiensis-*": {
			"skin": { "base": "entity/pondfrog/rana-zhenhaiensis" }
		},
		"*-rana-longicrus-*": {
			"skin": { "base": "entity/pondfrog/rana-longicrus" }
		},
		"*-rana-sauteri-*": {
			"skin": { "base": "entity/pondfrog/rana-sauteri" }
		},
		"*-rana-japonica-female": {
			"skin": { "base": "entity/pondfrog/rana-japonica-female" }
		},
		"*-rana-japonica-male": {
			"skin": { "base": "entity/pondfrog/rana-japonica-male" }
		},
		"*-rana-tagoi-*": {
			"skin": { "base": "entity/pondfrog/rana-tagoi" }
		},
		"*-rana-kyoto-*": {
			"skin": { "base": "entity/pondfrog/rana-kyoto" }
		},
		"*-rana-neba-*": {
			"skin": { "base": "entity/pondfrog/rana-neba" }
		},
		"*-rana-sakuraii-*": {
			"skin": { "base": "entity/pondfrog/rana-sakuraii" }
		},
		"*-rana-pirica-female": {
			"skin": { "base": "entity/pondfrog/rana-pirica-female" }
		},
		"*-rana-pirica-male": {
			"skin": { "base": "entity/pondfrog/rana-pirica-male" }
		},
		"*-rana-ornativentris-female": {
			"skin": { "base": "entity/pondfrog/rana-ornativentris-female" }
		},
		"*-rana-ornativentris-male": {
			"skin": { "base": "entity/pondfrog/rana-ornativentris-male" }
		},
		"*-rana-tsushimensis-*": {
			"skin": { "base": "entity/pondfrog/rana-tsushimensis" }
		},
		"*-rana-uenoi-female": {
			"skin": { "base": "entity/pondfrog/rana-uenoi-female" }
		},
		"*-rana-uenoi-male": {
			"skin": { "base": "entity/pondfrog/rana-uenoi-male" }
		},
		"*-rana-ulma-female": {
			"skin": { "base": "entity/pondfrog/rana-ulma-female" }
		},
		"*-rana-ulma-male": {
			"skin": { "base": "entity/pondfrog/rana-ulma-male" }
		},
		"*-rana-kobai-female": {
			"skin": { "base": "entity/pondfrog/rana-kobai-female" }
		},
		"*-rana-kobai-male": {
			"skin": { "base": "entity/pondfrog/rana-kobai-male" }
		},
	},
	
	
	
	
	creativeinventory: { "general": ["*"], "items": ["*"], "creatures": ["*"] },
	materialDensity: 600,
	guiTransform: {
		
			rotate: true,
			translation: { x: 1, y: -1, z: 0 },
			rotation: { x: -11, y: -52, z: -180 },
			origin: { x: 0.5, y: 0.6, z: 0.5 },
			scale: 0.97		
	},
	
	tpHandTransform: {

			translation: { x: -0.4, y: 0, z: -0.6 },
			rotation: { x: -160, y: -26, z: -90 },
			origin: { x: 0.5, y: 0.1, z: 0.5 },
			scale: 0.45	
	},
	
	fpHandTransform: {
	
			translation: { x: 0.4, y: 0, z: 0 },
			rotation: { x: -8, y: -63, z: -7 }
	}
	

	
	
	
	




