{
	code: "trowel",
	class: "ItemTrowel",
	shape: { base: "trailmod:item/tool/trowel" },
	attributes: {
		handbook: {
			include: true,
			extraSections: [
				{ title: "trailmod:trowel-handbook-help-title", text: "trailmod:trowel-handbook-help-text" }
			]
		},
		groundStorageTransform: {
			rotation: { x: -25, y: 89, z: -45 },
			scale: 0.88
		},
		rackable: true,
		toolrackTransform: {
			translation: { x: 0.15, y: 0.63, z: 0 },
			scale: 1.25
		}
	},
	variantgroups: [
		{ code: "material", states: [ "copper", "tinbronze", "bismuthbronze", "blackbronze", "gold", "silver", 
																 "iron", "meteoriciron", "steel"
		  ] },
	],	
	behaviors: [{ 
		name: "GroundStorable",
		properties: {
			layout: 'WallHalves',
			wallOffY: 1,
			sprintKey: true,
			selectionBox: { x1: 0, y1: 0, z1: 0, x2: 1, y2: 0.1, z2: 1 },
			collisionBox: { x1: 0, y1: 0, z1: 0, x2: 0, y2: 0, z2: 0 },
		}
	}],
	heldTpIdleAnimation: "shovelidle",
	heldRightReadyAnimation: "shovelready",
	//heldTpHitAnimation: "shoveldig",
	//heldTpUseAnimation: "shoveldig",
	texturesByType: {
		"*": {
			"material": { base: "game:block/metal/ingot/{material}" }
		}
	},
	creativeinventory: { "general": ["*"], "items": ["*"], "tools": ["*"] },
	fpHandTransform: {
		translation: { x: -0.15, y: -0.12, z: 0 },
		rotation: { x: 4, y: 90, z: -30 },
		origin: { x: 0.5, y: 0.2, z: 0.5 },
		scale: 2
	},
	guiTransform: {
		translation: { x: 5, y: -3, z: 69 },
		rotation: { x: -22, y: 132, z: 153 },
		origin: { x: 0.75, y: 0.5, z: 0.2 },
		scale: 2.09
	},
	tpHandTransform: {
		translation: { x: -1.2, y: -0.625, z: -0.55 },
		rotation: { x: -1, y: 11, z: -79 },
		scale: 0.76
	},
	tpOffHandTransform: {
		translation: { x: -0.9, y: -0.6, z: -0.55 },
		rotation: { x: 1, y: 0, z: -40 },
		scale: 0.76
	},
	groundTransform: {
		translation: { x: 0, y: 0, z: 0 },
		rotation: { x: 90, y: 0, z: 0 },
		origin: { x: 0.5, y: 0.5, z: 0.56 },
		scale: 3.6
	}
}