﻿{
  "code": "sailboat",
  "class": "ItemBoat",
  "variantgroups": [
    {
      "code": "material",
      "states": [ "aged" ],
      "loadFromProperties": "block/wood"
    }
  ],
  "shapeByType": {
    "*": { "base": "sailboat:sailboat_model" }
  },
  "texturesByType": {
    "*-aged": {
      "ebony": { "base": "game:block/wood/bark/aged" },
      "oak": { "base": "game:block/wood/debarked/aged" },
      "oak1": { "base": "game:block/wood/planks/aged/generic1" },
      "oak2": { "base": "game:block/wood/planks/aged/generic2" },
      "oak3": { "base": "game:block/wood/planks/aged/generic3" },
      "oak4": { "base": "game:block/wood/planks/aged/generic4" }
    },
    "*": {
      "ebony": { "base": "game:block/wood/bark/{material}" },
      "oak": { "base": "game:block/wood/debarked/{material}" },
      "oak1": { "base": "game:block/wood/planks/{material}1" },
      "oak2": { "base": "game:block/wood/planks/{material}2" },
      "oak3": { "base": "game:block/wood/planks/{material}3" },
      "oak4": { "base": "game:block/wood/planks/{material}4" }
    }
  },
  "heldTpIdleAnimation": "holdunderarm",
  "maxstacksize": 1,
  "materialDensity": 1,
  "liquidSelectable": 1,
  "creativeinventory": {
    "general": [ "*" ],
    "items": [ "*" ],
    "tools": [ "*" ]
  },
  "guiTransform": {
    "translation": {
      "x": 4.0,
      "y": 7.0,
      "z": 0.0
    },
    "rotation": {
      "x": -32.0,
      "y": -35.0,
      "z": -180.0
    },
    "origin": {
      "x": 0.5,
      "y": 0.0,
      "z": 0.5
    },
    "scale": 0.6
  },
  "fpHandTransform": {
    "translation": {
      "x": 0,
      "y": 0.4,
      "z": 0.46
    },
    "rotation": {
      "x": 9,
      "y": -8,
      "z": 88
    },
    "origin": {
      "x": 0.5,
      "y": 0,
      "z": 0.5
    },
    "scale": 1.06
  },
  "groundTransform": {
    "translation": {
      "x": 0.0,
      "y": 0.0,
      "z": 0
    },
    "rotation": {
      "x": 0,
      "y": 0,
      "z": 0
    },
    "origin": {
      "x": 0,
      "y": 0,
      "z": 0
    },
    "scale": 6.3
  },
  "tpHandTransform": {
    "translation": {
      "x": -0.8,
      "y": 0.2,
      "z": -0.7
    },
    "rotation": {
      "x": 98,
      "y": -54,
      "z": -21
    },
    "origin": {
      "x": 0.5,
      "y": 0,
      "z": 0.5
    },
    "scale": 0.52
  }
}