{
	"editor": {
		"allAngles": true,
		"entityTextureMode": true
	},
	"textureWidth": 12,
	"textureHeight": 12,
	"textureSizes": {
	},
	"elements": [
		{
			"name": "origin",
			"from": [ 11.0, 0.0, 8.0 ],
			"to": [ 11.0, 0.0, 8.0 ],
			"uv": [ 999.0, 999.0 ],
			"rotationOrigin": [ 11.0, 0.0, 8.0 ],
			"faces": {
			},
			"children": [
				{
					"name": "Body",
					"from": [ -6.0, 1.0, -1.0 ],
					"to": [ -1.0, 5.5, 0.8 ],
					"unwrapMode": 7,
					"unwrapRotation": 1,
					"autoUnwrap": false,
					"uv": [ 9.0, 1.0 ],
					"rotationOrigin": [ -1.0, 3.0, 0.0 ],
					"faces": {
						"north": { "texture": "#skin", "uv": [ 4.5, 2.0, 0.0, 7.0 ], "rotation": 90, "autoUv": false, "windMode": [-1,-1,-1,-1] },
						"east": { "texture": "#skin", "uv": [ 7.5, 2.25, 9.0, 6.75 ], "autoUv": false },
						"south": { "texture": "#skin", "uv": [ 0.0, 2.0, 4.5, 7.0 ], "rotation": 270 },
						"west": { "texture": "#skin", "uv": [ 9.0, 6.75, 10.5, 2.25 ], "rotation": 180, "autoUv": false, "windMode": [-1,-1,-1,-1] },
						"up": { "texture": "#skin", "uv": [ 4.5, 2.0, 6.0, 7.0 ], "rotation": 270, "autoUv": false },
						"down": { "texture": "#skin", "uv": [ 6.0, 2.0, 7.5, 7.0 ], "rotation": 90, "autoUv": false, "windMode": [-1,-1,-1,-1] }
					},
					"children": [
						{
							"name": "Butt",
							"from": [ 4.6, 0.65, 0.2 ],
							"to": [ 5.6, 3.85, 1.6 ],
							"unwrapMode": 7,
							"unwrapRotation": 1,
							"autoUnwrap": false,
							"uv": [ 15.5, 5.0 ],
							"rotationOrigin": [ 4.9, 2.0, 0.9 ],
							"faces": {
								"north": { "texture": "#skin", "uv": [ 7.5, 2.25, 10.5, 1.25 ], "rotation": 270, "autoUv": false, "windMode": [-1,-1,-1,-1] },
								"east": { "texture": "#skin", "uv": [ 10.5, 6.0, 11.75, 9.0 ] },
								"south": { "texture": "#skin", "uv": [ 7.5, 1.25, 10.5, 2.25 ], "rotation": 270 },
								"west": { "texture": "#skin", "uv": [ 10.5, 6.0, 11.75, 9.0 ], "rotation": 180, "windMode": [-1,-1,-1,-1] },
								"up": { "texture": "#skin", "uv": [ 10.0, 0.25, 11.0, 1.25 ], "rotation": 270, "autoUv": false },
								"down": { "texture": "#skin", "uv": [ 9.75, 11.0, 11.0, 12.0 ], "rotation": 90 }
							},
							"children": [
								{
									"name": "Tail",
									"from": [ 0.7, 0.6, 0.2 ],
									"to": [ 2.7, 2.6, 1.2 ],
									"unwrapMode": 7,
									"unwrapRotation": 1,
									"autoUnwrap": false,
									"uv": [ 24.5, 5.0 ],
									"rotationOrigin": [ 1.0, 1.6, 0.7 ],
									"faces": {
										"north": { "texture": "#skin", "uv": [ 0.0, 11.0, 2.0, 9.0 ], "rotation": 270, "autoUv": false, "windMode": [-1,-1,-1,-1] },
										"east": { "texture": "#skin", "uv": [ 11.0, 9.0, 12.0, 11.0 ], "windMode": [-1,-1,-1,-1] },
										"south": { "texture": "#skin", "uv": [ 0.0, 9.0, 2.0, 11.0 ], "rotation": 270 },
										"west": { "texture": "#skin", "uv": [ 11.0, 9.0, 12.0, 11.0 ], "rotation": 180, "windMode": [-1,-1,-1,-1] },
										"up": { "texture": "#skin", "uv": [ 11.0, 0.0, 12.0, 2.0 ], "rotation": 270 },
										"down": { "texture": "#skin", "uv": [ 9.5, 6.75, 10.5, 8.75 ], "rotation": 90 }
									},
									"children": [
										{
											"name": "TailFin",
											"from": [ 1.0, 0.9, 0.5 ],
											"to": [ 4.2, 4.1, 0.501 ],
											"autoUnwrap": false,
											"uv": [ 28.0, 0.0 ],
											"rotationOrigin": [ 1.0, 1.0, 0.5 ],
											"rotationZ": -45.0,
											"faces": {
												"north": { "texture": "#skin", "uv": [ 2.0, 8.5, 5.0, 11.5 ] },
												"south": { "texture": "#skin", "uv": [ 2.0, 8.5, 5.0, 11.5 ], "rotation": 90, "windMode": [-1,-1,-1,-1] }
											}
										}
									]
								}
							]
						},
						{
							"name": "FinRight",
							"from": [ 1.3, 0.4, 0.0 ],
							"to": [ 3.3, 1.8, 0.001 ],
							"autoUnwrap": false,
							"uv": [ 6.5, 11.0 ],
							"rotationOrigin": [ 1.3, 1.8, 0.0 ],
							"rotationY": 36.0,
							"rotationZ": -36.0,
							"faces": {
								"north": { "texture": "#skin", "uv": [ 0.0, 8.0, 2.0, 9.0 ], "autoUv": false, "windMode": [-1,-1,-1,-1] },
								"south": { "texture": "#skin", "uv": [ 2.0, 8.0, 0.0, 9.0 ], "autoUv": false, "windMode": [-1,-1,-1,-1] }
							}
						},
						{
							"name": "FinLeft",
							"from": [ 1.3, 0.4, 1.8 ],
							"to": [ 3.3, 1.8, 1.801 ],
							"autoUnwrap": false,
							"uv": [ 6.5, 11.0 ],
							"rotationOrigin": [ 1.3, 1.8, 1.8 ],
							"rotationY": -36.0,
							"rotationZ": -36.0,
							"faces": {
								"north": { "texture": "#skin", "uv": [ 0.0, 8.0, 2.0, 9.0 ], "autoUv": false },
								"south": { "texture": "#skin", "uv": [ 2.0, 8.0, 0.0, 9.0 ], "autoUv": false, "windMode": [-1,-1,-1,-1] }
							}
						},
						{
							"name": "Butt2",
							"from": [ -0.4, 0.4, 0.19 ],
							"to": [ 0.6, 4.1, 1.61 ],
							"unwrapMode": 7,
							"unwrapRotation": 1,
							"autoUnwrap": false,
							"uv": [ 19.0, 0.5 ],
							"rotationOrigin": [ -0.1, 2.0, 0.9 ],
							"faces": {
								"north": { "texture": "#skin", "uv": [ 8.5, 10.0, 5.0, 9.0 ], "rotation": 90, "autoUv": false, "windMode": [-1,-1,-1,-1] },
								"east": { "texture": "#skin", "uv": [ 10.5, 2.5, 11.75, 6.0 ], "windMode": [-1,-1,-1,-1] },
								"south": { "texture": "#skin", "uv": [ 5.0, 9.0, 8.5, 10.0 ], "rotation": 270, "windMode": [-1,-1,-1,-1] },
								"west": { "texture": "#skin", "uv": [ 10.5, 2.5, 11.75, 6.0 ], "rotation": 180, "windMode": [-1,-1,-1,-1] },
								"up": { "texture": "#skin", "uv": [ 8.0, 0.0, 9.0, 1.0 ], "rotation": 270, "autoUv": false },
								"down": { "texture": "#skin", "uv": [ 9.0, 0.25, 10.0, 1.25 ], "rotation": 90, "autoUv": false, "windMode": [-1,-1,-1,-1] }
							},
							"children": [
								{
									"name": "Head",
									"from": [ -1.0, 1.04, 0.001 ],
									"to": [ 1.2, 3.24, 1.401 ],
									"unwrapMode": 7,
									"unwrapRotation": 1,
									"autoUnwrap": false,
									"uv": [ 0.0, 0.0 ],
									"rotationOrigin": [ 0.4, 1.9, 0.7 ],
									"rotationZ": 45.0,
									"faces": {
										"north": { "texture": "#skin", "uv": [ 2.0, 0.0, 0.0, 2.0 ], "rotation": 90, "autoUv": false, "windMode": [-1,-1,-1,-1] },
										"east": { "texture": "#skin", "uv": [ 4.0, 0.0, 5.0, 2.0 ] },
										"south": { "texture": "#skin", "uv": [ 0.0, 0.0, 2.0, 2.0 ], "rotation": 270, "windMode": [-1,-1,-1,-1] },
										"west": { "texture": "#skin", "uv": [ 2.0, 0.0, 3.0, 2.0 ], "rotation": 180 },
										"up": { "texture": "#skin", "uv": [ 3.0, 0.0, 4.0, 2.0 ], "rotation": 270 },
										"down": { "texture": "#skin", "uv": [ 5.0, 0.0, 6.0, 2.0 ], "rotation": 90 }
									},
									"children": [
										{
											"name": "Jaw2",
											"from": [ -0.2, -0.2, 0.15 ],
											"to": [ 0.8, 1.0, 1.25 ],
											"unwrapMode": 7,
											"unwrapRotation": 1,
											"autoUnwrap": false,
											"uv": [ 1.0, 8.5 ],
											"rotationOrigin": [ 0.3, -0.2, 1.0 ],
											"faces": {
												"north": { "texture": "#skin", "uv": [ 0.0, 7.0, 1.0, 8.0 ], "rotation": 90 },
												"east": { "texture": "#skin", "uv": [ 1.0, 11.0, 2.0, 12.0 ] },
												"south": { "texture": "#skin", "uv": [ 0.0, 7.0, 1.0, 8.0 ], "rotation": 270 },
												"west": { "texture": "#skin", "uv": [ 1.0, 7.0, 2.0, 8.0 ], "rotation": 180 },
												"up": { "texture": "#skin", "uv": [ 7.0, 0.0, 8.0, 1.0 ], "rotation": 270, "autoUv": false },
												"down": { "texture": "#skin", "uv": [ 11.0, 11.0, 12.0, 12.0 ], "rotation": 90 }
											},
											"children": [
												{
													"name": "Jaw",
													"from": [ -0.01, 1.0, 0.0 ],
													"to": [ 0.32, 2.1, 1.1 ],
													"unwrapMode": 7,
													"unwrapRotation": 1,
													"autoUnwrap": false,
													"uv": [ 4.5, 8.0 ],
													"rotationOrigin": [ 0.0, 1.0, 0.55 ],
													"rotationZ": 20.0,
													"faces": {
														"north": { "texture": "#skin", "uv": [ 6.0, 1.5, 7.0, 1.75 ], "rotation": 90 },
														"east": { "texture": "#skin", "uv": [ 8.75, 11.0, 9.75, 12.0 ] },
														"south": { "texture": "#skin", "uv": [ 6.0, 1.5, 7.0, 1.75 ], "rotation": 270 },
														"west": { "texture": "#skin", "uv": [ 0.0, 11.0, 1.0, 12.0 ], "rotation": 180 },
														"up": { "texture": "#skin", "uv": [ 9.0, 0.0, 10.0, 0.25 ], "rotation": 270 },
														"down": { "texture": "#skin", "uv": [ 10.0, 0.0, 11.0, 0.25 ], "rotation": 90 }
													}
												}
											]
										},
										{
											"name": "Eye",
											"from": [ 0.5919, 1.28, -0.1 ],
											"to": [ 1.3419, 2.03, 1.5 ],
											"autoUnwrap": false,
											"uv": [ 5.0, 4.25 ],
											"rotationOrigin": [ 0.7919, 1.5792, -0.1 ],
											"faces": {
												"north": { "texture": "#skin", "uv": [ 9.25, 9.25, 8.5, 10.0 ], "rotation": 90, "autoUv": false, "windMode": [-1,-1,-1,-1] },
												"east": { "texture": "#skin", "uv": [ 5.25, 11.5, 6.75, 12.0 ], "autoUv": false, "windMode": [-1,-1,-1,-1] },
												"south": { "texture": "#skin", "uv": [ 8.5, 9.25, 9.25, 10.0 ], "rotation": 270, "autoUv": false, "windMode": [-1,-1,-1,-1] },
												"west": { "texture": "#skin", "uv": [ 5.25, 11.5, 6.75, 12.0 ], "autoUv": false, "windMode": [-1,-1,-1,-1] },
												"up": { "texture": "#skin", "uv": [ 6.0, 0.0, 6.5, 1.5 ], "autoUv": false, "windMode": [-1,-1,-1,-1] },
												"down": { "texture": "#skin", "uv": [ 6.5, 0.0, 7.0, 1.5 ], "autoUv": false }
											}
										}
									]
								}
							]
						},
						{
							"name": "DorsalFin",
							"from": [ 3.4099, 4.2476, 0.9 ],
							"to": [ 5.8099, 5.9476, 0.905 ],
							"autoUnwrap": false,
							"uv": [ 9.5, 14.0 ],
							"rotationOrigin": [ 5.8124, 5.8497, 0.9 ],
							"rotationZ": 36.0,
							"faces": {
								"north": { "texture": "#skin", "uv": [ 5.0, 10.0, 7.0, 11.5 ], "windMode": [-1,-1,-1,-1] },
								"south": { "texture": "#skin", "uv": [ 7.0, 10.0, 5.0, 11.5 ], "autoUv": false, "windMode": [-1,-1,-1,-1] }
							},
							"children": [
								{
									"name": "DorsalFin2",
									"from": [ -2.2115, -0.1914, -0.01 ],
									"to": [ 1.7885, 1.8086, 0.006 ],
									"autoUnwrap": false,
									"uv": [ 4.5, 13.0 ],
									"rotationOrigin": [ 1.7892, 0.812, 0.0 ],
									"rotationZ": -36.0,
									"faces": {
										"north": { "texture": "#skin", "uv": [ 9.0, 7.0, 5.0, 9.0 ], "autoUv": false, "windMode": [-1,-1,-1,-1] },
										"south": { "texture": "#skin", "uv": [ 5.0, 7.0, 9.0, 9.0 ], "windMode": [-1,-1,-1,-1] }
									},
									"children": [
										{
											"name": "DorsalFin3",
											"from": [ -3.2508, 0.3163, 5.0E-4 ],
											"to": [ 0.0292, 1.9363, 0.0015 ],
											"autoUnwrap": false,
											"uv": [ 1.25, 11.0 ],
											"rotationOrigin": [ -0.0406, 1.9453, 0.0 ],
											"rotationZ": 60.0,
											"faces": {
												"north": { "texture": "#skin", "uv": [ 2.0, 7.0, 5.0, 8.5 ], "autoUv": false, "windMode": [-1,-1,-1,-1] },
												"south": { "texture": "#skin", "uv": [ 5.0, 7.0, 2.0, 8.5 ], "autoUv": false, "windMode": [-1,-1,-1,-1] }
											}
										}
									]
								}
							]
						},
						{
							"name": "FinVentral",
							"from": [ 3.6, 0.65, 0.9 ],
							"to": [ 5.4, 2.85, 0.901 ],
							"autoUnwrap": false,
							"uv": [ 12.5, 11.0 ],
							"rotationOrigin": [ 3.6, 0.65, 0.8 ],
							"rotationZ": -66.0,
							"faces": {
								"north": { "texture": "#skin", "uv": [ 9.25, 9.0, 11.0, 11.0 ], "autoUv": false, "windMode": [-1,-1,-1,-1] },
								"south": { "texture": "#skin", "uv": [ 11.0, 9.0, 9.25, 11.0 ], "autoUv": false, "windMode": [-1,-1,-1,-1] }
							},
							"children": [
								{
									"name": "FinVentral2",
									"from": [ 0.0, -0.5, 5.0E-4 ],
									"to": [ 1.9, 1.7, 9.0E-4 ],
									"autoUnwrap": false,
									"uv": [ 10.5, 11.0 ],
									"rotationOrigin": [ 0.0, -0.5, 0.0 ],
									"rotationZ": 14.0,
									"faces": {
										"north": { "texture": "#skin", "uv": [ 9.25, 9.0, 11.0, 11.0 ], "autoUv": false, "windMode": [-1,-1,-1,-1] },
										"south": { "texture": "#skin", "uv": [ 11.0, 9.0, 9.25, 11.0 ], "autoUv": false, "windMode": [-1,-1,-1,-1] }
									}
								}
							]
						},
						{
							"name": "FinVentral3",
							"from": [ 0.6, 0.65, 0.5 ],
							"to": [ 2.4, 1.85, 0.501 ],
							"autoUnwrap": false,
							"uv": [ 12.5, 11.0 ],
							"rotationOrigin": [ 0.6, 0.65, 1.5 ],
							"rotationZ": -66.0,
							"faces": {
								"north": { "texture": "#skin", "uv": [ 9.25, 9.0, 11.0, 11.0 ], "autoUv": false, "windMode": [-1,-1,-1,-1] },
								"south": { "texture": "#skin", "uv": [ 11.0, 9.0, 9.25, 11.0 ], "autoUv": false, "windMode": [-1,-1,-1,-1] }
							}
						},
						{
							"name": "FinVentral4",
							"from": [ 0.6, 0.65, 1.3 ],
							"to": [ 2.4, 1.85, 1.301 ],
							"autoUnwrap": false,
							"uv": [ 12.5, 11.0 ],
							"rotationOrigin": [ 0.6, 0.65, 2.3 ],
							"rotationZ": -66.0,
							"faces": {
								"north": { "texture": "#skin", "uv": [ 9.25, 9.0, 11.0, 11.0 ], "autoUv": false, "windMode": [-1,-1,-1,-1] },
								"south": { "texture": "#skin", "uv": [ 11.0, 9.0, 9.25, 11.0 ], "autoUv": false, "windMode": [-1,-1,-1,-1] }
							}
						}
					]
				}
			]
		}
	],
	"animations": [
		{
			"name": "swim",
			"code": "swim",
			"quantityframes": 30,
			"onActivityStopped": "EaseOut",
			"onAnimationEnd": "Repeat",
			"keyframes": [
				{
					"frame": 0,
					"elements": {
						"Body": { "rotationX": 0.0, "rotationY": 3.0, "rotationZ": 0.0 },
						"Butt": { "rotationX": 0.0, "rotationY": -15.0, "rotationZ": 0.0 },
						"Tail": { "rotationX": 0.0, "rotationY": -15.0, "rotationZ": 0.0 },
						"TailFin": { "rotationX": 0.0, "rotationY": -15.0, "rotationZ": 0.0 },
						"Jaw": { "rotationX": 0.0, "rotationY": 0.0, "rotationZ": 0.0 },
						"FinLeft": { "rotationX": 0.0, "rotationY": 0.0, "rotationZ": 0.0 },
						"FinRight": { "rotationX": 0.0, "rotationY": 0.0, "rotationZ": 0.0 },
						"DorsalFin": { "rotationX": 0.0, "rotationY": 0.0, "rotationZ": 0.0 }
					}
				},
				{
					"frame": 10,
					"elements": {
						"Head": { "rotationX": 0.0, "rotationY": 0.0, "rotationZ": -3.0 }
					}
				},
				{
					"frame": 15,
					"elements": {
						"Body": { "rotationX": 0.0, "rotationY": -3.0, "rotationZ": 0.0 },
						"Butt": { "rotationX": 0.0, "rotationY": 15.0, "rotationZ": 0.0 },
						"Tail": { "rotationX": 0.0, "rotationY": 15.0, "rotationZ": 0.0 },
						"TailFin": { "rotationX": 0.0, "rotationY": 15.0, "rotationZ": 0.0 },
						"Jaw": { "rotationX": 0.0, "rotationY": 0.0, "rotationZ": -10.0 },
						"FinLeft": { "rotationX": 0.0, "rotationY": -30.0, "rotationZ": 36.0 },
						"FinRight": { "rotationX": 0.0, "rotationY": 30.0, "rotationZ": 36.0 }
					}
				},
				{
					"frame": 25,
					"elements": {
						"Jaw": { "rotationX": 0.0, "rotationY": 0.0, "rotationZ": 0.0 },
						"FinLeft": { "rotationX": 0.0, "rotationY": 5.0, "rotationZ": 0.0 },
						"FinRight": { "rotationX": 0.0, "rotationY": -5.0, "rotationZ": 0.0 }
					}
				},
				{
					"frame": 29,
					"elements": {
						"Body": { "rotationX": 0.0, "rotationY": 3.0, "rotationZ": 0.0 },
						"Butt": { "rotationX": 0.0, "rotationY": -15.0, "rotationZ": 0.0 },
						"Tail": { "rotationX": 0.0, "rotationY": -15.0, "rotationZ": 0.0 },
						"TailFin": { "rotationX": 0.0, "rotationY": -15.0, "rotationZ": 0.0 },
						"DorsalFin": { "rotationX": 0.0, "rotationY": 0.0, "rotationZ": 0.0 }
					}
				}
			]
		},

		{
			"name": "idle",
			"code": "idle",
			"quantityframes": 30,
			"onActivityStopped": "PlayTillEnd",
			"onAnimationEnd": "Repeat",
			"keyframes": [
				{
					"frame": 0,
					"elements": {
						"Body": { "rotationX": 0.0, "rotationY": 2.0, "rotationZ": -1.0 },
						"Butt": { "rotationX": 0.0, "rotationY": -5.0, "rotationZ": 0.0 },
						"Tail": { "rotationX": 0.0, "rotationY": -5.0, "rotationZ": 0.0 },
						"TailFin": { "rotationX": 0.0, "rotationY": -5.0, "rotationZ": 0.0 },
						"FinVentral": { "rotationX": 5.0, "rotationY": 0.0, "rotationZ": 0.0 },
						"Jaw": { "rotationX": 0.0, "rotationY": 0.0, "rotationZ": 0.0 },
						"FinRight": { "rotationX": 0.0, "rotationY": -20.0, "rotationZ": 0.0 },
						"FinLeft": { "rotationX": 0.0, "rotationY": -60.0, "rotationZ": 0.0 }
					}
				},
				{
					"frame": 10,
					"elements": {
						"FinRight": { "rotationX": 10.0, "rotationY": 0.0, "rotationZ": 0.0 },
						"FinLeft": { "rotationX": -10.0, "rotationY": 0.0, "rotationZ": 0.0 }
					}
				},
				{
					"frame": 15,
					"elements": {
						"Body": { "rotationX": 0.0, "rotationY": -2.0, "rotationZ": 1.0 },
						"Jaw": { "rotationX": 0.0, "rotationY": 0.0, "rotationZ": -14.0 },
						"Butt": { "rotationX": 0.0, "rotationY": 5.0, "rotationZ": 0.0 },
						"Tail": { "rotationX": 0.0, "rotationY": 5.0, "rotationZ": 0.0 },
						"TailFin": { "rotationX": 0.0, "rotationY": 5.0, "rotationZ": 0.0 },
						"FinVentral": { "rotationX": -5.0, "rotationY": 0.0, "rotationZ": 0.0 },
						"FinRight": { "rotationX": 0.0, "rotationY": 60.0, "rotationZ": 0.0 },
						"FinLeft": { "rotationX": 0.0, "rotationY": 20.0, "rotationZ": 0.0 }
					}
				},
				{
					"frame": 20,
					"elements": {
						"FinRight": { "rotationX": -10.0, "rotationY": 0.0, "rotationZ": 0.0 },
						"FinLeft": { "rotationX": 10.0, "rotationY": 0.0, "rotationZ": 0.0 }
					}
				},
				{
					"frame": 29,
					"elements": {
						"Body": { "rotationX": 0.0, "rotationY": 2.0, "rotationZ": -1.0 },
						"Butt": { "rotationX": 0.0, "rotationY": -5.0, "rotationZ": 0.0 },
						"Tail": { "rotationX": 0.0, "rotationY": -5.0, "rotationZ": 0.0 },
						"TailFin": { "rotationX": 0.0, "rotationY": -5.0, "rotationZ": 0.0 },
						"FinVentral": { "rotationX": 5.0, "rotationY": 0.0, "rotationZ": 0.0 },
						"FinRight": { "rotationX": 0.0, "rotationY": -20.0, "rotationZ": 0.0 },
						"FinLeft": { "rotationX": 0.0, "rotationY": -60.0, "rotationZ": 0.0 }
					}
				}
			]
		},

		{
			"name": "dead-floating",
			"code": "death",
			"quantityframes": 30,
			"onActivityStopped": "PlayTillEnd",
			"onAnimationEnd": "Hold",
			"keyframes": [
				{
					"frame": 0,
					"elements": {
						"Body": { "offsetX": 0.0, "offsetY": 0.0, "offsetZ": 0.0, "rotationX": 0.0, "rotationY": 0.0, "rotationZ": 0.0 },
						"Butt": { "rotationX": 0.0, "rotationY": 0.0, "rotationZ": 0.0 },
						"Tail": { "rotationX": 0.0, "rotationY": 0.0, "rotationZ": 0.0 },
						"TailFin": { "rotationX": 0.0, "rotationY": 0.0, "rotationZ": 0.0 },
						"FinVentral": { "rotationX": 0.0, "rotationY": 0.0, "rotationZ": 0.0 },
						"DorsalFin": { "rotationX": 0.0, "rotationY": 0.0, "rotationZ": 0.0 },
						"FinRight": { "rotationX": 0.0, "rotationY": 0.0, "rotationZ": 0.0 },
						"Head": { "rotationX": 0.0, "rotationY": 0.0, "rotationZ": 0.0 },
						"Jaw": { "rotationX": 0.0, "rotationY": 0.0, "rotationZ": 0.0 },
						"FinLeft": { "rotationX": 0.0, "rotationY": 0.0, "rotationZ": 0.0 }
					}
				},
				{
					"frame": 12,
					"elements": {
						"Body": { "offsetX": 0.0, "offsetY": 0.0, "offsetZ": 0.0, "rotationX": 0.0, "rotationY": 8.0, "rotationZ": -17.0 },
						"Head": { "rotationX": 0.0, "rotationY": 36.0, "rotationZ": 0.0 },
						"Jaw": { "rotationX": 0.0, "rotationY": 0.0, "rotationZ": -22.0 },
						"FinLeft": { "rotationX": 19.0, "rotationY": -36.0, "rotationZ": 55.0 },
						"FinRight": { "rotationX": 0.0, "rotationY": 61.0, "rotationZ": 61.0 },
						"Butt": { "rotationX": 0.0, "rotationY": -39.0, "rotationZ": 0.0 },
						"Tail": { "rotationX": 0.0, "rotationY": -39.0, "rotationZ": 0.0 },
						"TailFin": { "rotationX": 0.0, "rotationY": -8.0, "rotationZ": 0.0 },
						"FinVentral": { "rotationX": -30.0, "rotationY": 0.0, "rotationZ": 0.0 },
						"DorsalFin": { "rotationX": 0.0, "rotationY": 0.0, "rotationZ": 0.0 }
					}
				},
				{
					"frame": 28,
					"elements": {
						"Body": { "offsetX": 0.0, "offsetY": 0.0, "offsetZ": 4.0, "rotationX": -83.0, "rotationY": 0.0, "rotationZ": 0.0 },
						"Butt": { "rotationX": 0.0, "rotationY": 33.0, "rotationZ": 0.0 },
						"Tail": { "rotationX": 0.0, "rotationY": 22.0, "rotationZ": 0.0 },
						"TailFin": { "rotationX": 0.0, "rotationY": 0.0, "rotationZ": 0.0 },
						"FinVentral": { "rotationX": 0.0, "rotationY": 4.0, "rotationZ": 0.0 },
						"FinRight": { "rotationX": 0.0, "rotationY": 47.0, "rotationZ": 0.0 },
						"FinLeft": { "rotationX": 0.0, "rotationY": 8.0, "rotationZ": 0.0 },
						"DorsalFin": { "rotationX": 0.0, "rotationY": 0.0, "rotationZ": 0.0 },
						"Head": { "rotationX": 0.0, "rotationY": -19.0, "rotationZ": 0.0 },
						"Jaw": { "rotationX": 0.0, "rotationY": 0.0, "rotationZ": 6.0 }
					}
				}
			]
		},

		{
			"name": "dead-land",
			"code": "dead",
			"quantityframes": 10,
			"onActivityStopped": "PlayTillEnd",
			"onAnimationEnd": "Hold",
			"keyframes": [
				{
					"frame": 0,
					"elements": {
						"Body": { "offsetX": 0.0, "offsetY": 0.0, "offsetZ": -2.0, "rotationX": -94.0, "rotationY": 0.0, "rotationZ": 2.0 },
						"Head": { "rotationX": 0.0, "rotationY": -14.0, "rotationZ": 0.0 },
						"Jaw": { "rotationX": 0.0, "rotationY": 0.0, "rotationZ": -14.0 },
						"Butt": { "rotationX": 0.0, "rotationY": 9.0, "rotationZ": 0.0 },
						"Tail": { "rotationX": 0.0, "rotationY": -8.0, "rotationZ": 0.0 },
						"TailFin": { "rotationX": 0.0, "rotationY": 10.0, "rotationZ": 0.0 },
						"FinVentral": { "rotationX": 0.0, "rotationY": 0.0, "rotationZ": 0.0 },
						"DorsalFin": { "rotationX": 0.0, "rotationY": 0.0, "rotationZ": 0.0 },
						"FinRight": { "rotationX": 0.0, "rotationY": -22.0, "rotationZ": 0.0 },
						"FinLeft": { "rotationX": 0.0, "rotationY": 28.0, "rotationZ": 0.0 }
					}
				},
				{
					"frame": 9,
					"elements": {
						"Body": { "offsetX": 0.0, "offsetY": 0.0, "offsetZ": -2.0, "rotationX": -94.0, "rotationY": 0.0, "rotationZ": 0.0 },
						"Head": { "rotationX": 0.0, "rotationY": -14.0, "rotationZ": 0.0 },
						"Jaw": { "rotationX": 0.0, "rotationY": 0.0, "rotationZ": 8.0 },
						"FinLeft": { "rotationX": 0.0, "rotationY": 19.0, "rotationZ": 0.0 },
						"FinRight": { "rotationX": 0.0, "rotationY": -22.0, "rotationZ": 0.0 },
						"DorsalFin": { "rotationX": 0.0, "rotationY": 0.0, "rotationZ": 0.0 },
						"Butt": { "rotationX": 0.0, "rotationY": 10.0, "rotationZ": 0.0 },
						"Tail": { "rotationX": 0.0, "rotationY": -11.0, "rotationZ": 0.0 },
						"TailFin": { "rotationX": 0.0, "rotationY": 14.0, "rotationZ": 0.0 },
						"FinVentral": { "rotationX": 0.0, "rotationY": -8.0, "rotationZ": 0.0 }
					}
				}
			]
		},

		{
			"name": "idle-land",
			"code": "idle-land",
			"quantityframes": 20,
			"onActivityStopped": "EaseOut",
			"onAnimationEnd": "Repeat",
			"keyframes": [
				{
					"frame": 0,
					"elements": {
						"Body": { "offsetX": 0.0, "offsetY": 0.0, "offsetZ": -2.0, "rotationX": -89.0, "rotationY": 0.0, "rotationZ": 0.0 },
						"FinRight": { "rotationX": 0.0, "rotationY": -36.0, "rotationZ": 0.0 },
						"FinLeft": { "rotationX": 0.0, "rotationY": 22.0, "rotationZ": 0.0 },
						"Butt": { "rotationX": 0.0, "rotationY": 4.0, "rotationZ": 0.0 },
						"Tail": { "rotationX": 0.0, "rotationY": 4.0, "rotationZ": 0.0 },
						"TailFin": { "rotationX": 0.0, "rotationY": -8.0, "rotationZ": 0.0 },
						"FinVentral": { "rotationX": 0.0, "rotationY": 0.0, "rotationZ": 0.0 },
						"DorsalFin": { "rotationX": 0.0, "rotationY": 0.0, "rotationZ": 0.0 },
						"Jaw": { "rotationX": 0.0, "rotationY": 0.0, "rotationZ": 0.0 }
					}
				},
				{
					"frame": 10,
					"elements": {
						"Body": { "rotationX": -86.0, "rotationY": 0.0, "rotationZ": 0.0 },
						"Jaw": { "rotationX": 0.0, "rotationY": 0.0, "rotationZ": 8.0 },
						"FinLeft": { "rotationX": 0.0, "rotationY": 6.0, "rotationZ": 0.0 },
						"FinRight": { "rotationX": 0.0, "rotationY": -28.0, "rotationZ": 0.0 },
						"DorsalFin": { "rotationX": 0.0, "rotationY": 0.0, "rotationZ": 0.0 },
						"Tail": { "rotationX": 0.0, "rotationY": 2.0, "rotationZ": 0.0 }
					}
				}
			]
		},

		{
			"name": "flopping",
			"code": "flopping",
			"quantityframes": 30,
			"onActivityStopped": "PlayTillEnd",
			"onAnimationEnd": "Repeat",
			"keyframes": [
				{
					"frame": 0,
					"elements": {
						"Body": { "offsetX": 0.0, "offsetY": 0.0, "offsetZ": -2.0, "rotationX": -87.0, "rotationY": 0.0, "rotationZ": 0.0 },
						"FinRight": { "rotationX": 0.0, "rotationY": -22.0, "rotationZ": 0.0 },
						"FinLeft": { "rotationX": 0.0, "rotationY": 28.0, "rotationZ": 0.0 },
						"Jaw": { "rotationX": 0.0, "rotationY": 0.0, "rotationZ": -14.0 },
						"Butt": { "rotationX": 0.0, "rotationY": 5.0, "rotationZ": 0.0 },
						"Tail": { "rotationX": 0.0, "rotationY": 1.0, "rotationZ": 0.0 },
						"TailFin": { "rotationX": 0.0, "rotationY": 0.0, "rotationZ": 0.0 },
						"FinVentral": { "rotationX": 19.0, "rotationY": 0.0, "rotationZ": 0.0 },
						"DorsalFin": { "rotationX": -19.0, "rotationY": 0.0, "rotationZ": 0.0 }
					}
				},
				{
					"frame": 4,
					"elements": {
						"Body": { "offsetX": 0.0, "offsetY": 0.0, "offsetZ": -2.0, "rotationX": -86.0, "rotationY": 6.0, "rotationZ": 0.0 },
						"Butt": { "rotationX": 0.0, "rotationY": -14.0, "rotationZ": 0.0 },
						"Tail": { "rotationX": 0.0, "rotationY": -42.0, "rotationZ": 0.0 },
						"TailFin": { "rotationX": 0.0, "rotationY": -11.0, "rotationZ": 0.0 },
						"Jaw": { "rotationX": 0.0, "rotationY": 0.0, "rotationZ": 0.0 },
						"FinLeft": { "rotationX": 0.0, "rotationY": 0.0, "rotationZ": 0.0 },
						"FinRight": { "rotationX": 0.0, "rotationY": -22.0, "rotationZ": 0.0 }
					}
				},
				{
					"frame": 8,
					"elements": {
						"Body": { "offsetX": 0.0, "offsetY": 0.0, "offsetZ": -1.0, "rotationX": -91.0, "rotationY": -8.0, "rotationZ": 0.0 },
						"Butt": { "rotationX": 0.0, "rotationY": 14.0, "rotationZ": 0.0 },
						"Tail": { "rotationX": 0.0, "rotationY": 14.0, "rotationZ": 0.0 },
						"TailFin": { "rotationX": 0.0, "rotationY": 28.0, "rotationZ": 0.0 },
						"FinVentral": { "rotationX": 10.0, "rotationY": 9.0, "rotationZ": 0.0 },
						"Jaw": { "rotationX": 0.0, "rotationY": 0.0, "rotationZ": 22.0 },
						"FinLeft": { "rotationX": 0.0, "rotationY": -6.0, "rotationZ": 0.0 },
						"FinRight": { "rotationX": 0.0, "rotationY": 42.0, "rotationZ": 0.0 },
						"DorsalFin": { "rotationX": 0.0, "rotationY": 8.0, "rotationZ": 0.0 }
					}
				},
				{
					"frame": 13,
					"elements": {
						"Body": { "offsetX": 1.0, "offsetY": 0.0, "offsetZ": 3.0, "rotationX": -100.0, "rotationY": -33.0, "rotationZ": 0.0 },
						"Butt": { "offsetX": -0.2, "offsetY": 0.0, "offsetZ": 0.0, "rotationX": 0.0, "rotationY": 45.0, "rotationZ": 0.0 },
						"Tail": { "rotationX": 0.0, "rotationY": 39.0, "rotationZ": 0.0 },
						"TailFin": { "rotationX": 0.0, "rotationY": -22.0, "rotationZ": 0.0 },
						"FinVentral": { "rotationX": 0.0, "rotationY": 0.0, "rotationZ": 0.0 }
					}
				},
				{
					"frame": 23,
					"elements": {
						"Body": { "offsetX": 0.0, "offsetY": 0.0, "offsetZ": 2.0, "rotationX": -94.0, "rotationY": 19.0, "rotationZ": 0.0 },
						"Jaw": { "rotationX": 0.0, "rotationY": 0.0, "rotationZ": 0.0 },
						"Butt": { "rotationX": 0.0, "rotationY": -14.0, "rotationZ": 0.0 },
						"Tail": { "rotationX": 0.0, "rotationY": -42.0, "rotationZ": 0.0 },
						"TailFin": { "rotationX": 0.0, "rotationY": -11.0, "rotationZ": 0.0 },
						"FinVentral": { "rotationX": 27.0, "rotationY": 5.43, "rotationZ": 0.0 },
						"DorsalFin": { "rotationX": -13.571, "rotationY": 2.286, "rotationZ": 0.0 },
						"FinRight": { "rotationX": 0.0, "rotationY": -22.0, "rotationZ": 0.0 },
						"FinLeft": { "rotationX": 0.0, "rotationY": 0.0, "rotationZ": 0.0 }
					}
				}
			]
		},

		{
			"name": "rising-eat",
			"code": "rising-eat",
			"quantityframes": 60,
			"onActivityStopped": "PlayTillEnd",
			"onAnimationEnd": "Stop",
			"keyframes": [
				{
					"frame": 0,
					"elements": {
						"Body": { "offsetX": 0.0, "offsetY": 0.0, "offsetZ": 0.0, "rotationX": 0.0, "rotationY": 0.0, "rotationZ": 0.0 },
						"Butt": { "rotationX": 0.0, "rotationY": 0.0, "rotationZ": 0.0 },
						"Tail": { "rotationX": 0.0, "rotationY": 0.0, "rotationZ": 0.0 },
						"Jaw": { "rotationX": 0.0, "rotationY": 0.0, "rotationZ": 0.0 },
						"DorsalFin": { "offsetX": 0.0, "offsetY": 0.0, "offsetZ": 0.0 }
					}
				},
				{
					"frame": 10,
					"elements": {
						"Body": { "rotationX": 0.0, "rotationY": 2.0, "rotationZ": -30.0 },
						"Butt": { "rotationX": 0.0, "rotationY": 5.0, "rotationZ": 0.0 },
						"Tail": { "rotationX": 0.0, "rotationY": 5.0, "rotationZ": 0.0 },
						"TailFin": { "rotationX": 0.0, "rotationY": 5.0, "rotationZ": 0.0 },
						"FinVentral": { "rotationX": 5.0, "rotationY": 0.0, "rotationZ": 0.0 },
						"DorsalFin": { "rotationX": 0.0, "rotationY": 0.0, "rotationZ": 0.0 },
						"FinRight": { "rotationX": 20.0, "rotationY": 0.0, "rotationZ": 0.0 },
						"FinLeft": { "rotationX": -10.0, "rotationY": 0.0, "rotationZ": 0.0 }
					}
				},
				{
					"frame": 15,
					"elements": {
						"Body": { "offsetX": 0.0, "offsetY": 0.0, "offsetZ": 0.0, "rotationX": 0.0, "rotationY": 0.0, "rotationZ": -45.0 },
						"Jaw": { "rotationX": 0.0, "rotationY": 0.0, "rotationZ": 20.0 }
					}
				},
				{
					"frame": 20,
					"elements": {
						"Body": { "offsetX": -0.2, "offsetY": 0.0, "offsetZ": 0.0, "rotationX": 0.0, "rotationY": -2.0, "rotationZ": -46.0 },
						"Butt": { "rotationX": 0.0, "rotationY": -5.0, "rotationZ": 0.0 },
						"Tail": { "rotationX": 0.0, "rotationY": -5.0, "rotationZ": 0.0 },
						"TailFin": { "rotationX": 0.0, "rotationY": -5.0, "rotationZ": 0.0 },
						"FinVentral": { "rotationX": -5.0, "rotationY": 0.0, "rotationZ": 0.0 },
						"DorsalFin": { "rotationX": 0.0, "rotationY": 0.0, "rotationZ": 0.0 },
						"FinRight": { "rotationX": -10.0, "rotationY": -10.0, "rotationZ": 0.0 },
						"FinLeft": { "rotationX": 10.0, "rotationY": 10.0, "rotationZ": 0.0 }
					}
				},
				{
					"frame": 25,
					"elements": {
						"Body": { "offsetX": 0.0, "offsetY": 0.0, "offsetZ": 0.0 },
						"Jaw": { "rotationX": 0.0, "rotationY": 0.0, "rotationZ": -14.0 }
					}
				},
				{
					"frame": 30,
					"elements": {
						"Body": { "rotationX": 0.0, "rotationY": 5.0, "rotationZ": -44.0 },
						"Butt": { "rotationX": 0.0, "rotationY": 5.0, "rotationZ": 0.0 },
						"Tail": { "rotationX": 0.0, "rotationY": 5.0, "rotationZ": 0.0 },
						"DorsalFin": { "rotationX": 0.0, "rotationY": 0.0, "rotationZ": 0.0 },
						"FinRight": { "rotationX": 10.0, "rotationY": 0.0, "rotationZ": 0.0 },
						"FinLeft": { "rotationX": -10.0, "rotationY": 0.0, "rotationZ": 0.0 }
					}
				},
				{
					"frame": 32,
					"elements": {
						"Body": { "offsetX": 0.2, "offsetY": 0.0, "offsetZ": 0.0 }
					}
				},
				{
					"frame": 35,
					"elements": {
						"Jaw": { "rotationX": 0.0, "rotationY": 0.0, "rotationZ": 20.0 }
					}
				},
				{
					"frame": 40,
					"elements": {
						"Body": { "offsetX": 0.0, "offsetY": 0.0, "offsetZ": 0.0, "rotationX": 0.0, "rotationY": -2.0, "rotationZ": -45.0 },
						"Butt": { "rotationX": 0.0, "rotationY": -5.0, "rotationZ": 0.0 },
						"Tail": { "rotationX": 0.0, "rotationY": -5.0, "rotationZ": 0.0 },
						"DorsalFin": { "rotationX": 0.0, "rotationY": 0.0, "rotationZ": 0.0 },
						"FinRight": { "rotationX": -10.0, "rotationY": -10.0, "rotationZ": 0.0 },
						"FinLeft": { "rotationX": 10.0, "rotationY": 10.0, "rotationZ": 0.0 }
					}
				},
				{
					"frame": 45,
					"elements": {
						"Body": { "offsetX": -0.2, "offsetY": 0.0, "offsetZ": 0.0, "rotationX": 0.0, "rotationY": 0.0, "rotationZ": -46.0 },
						"Jaw": { "rotationX": 0.0, "rotationY": 0.0, "rotationZ": -14.0 },
						"Tail": { "rotationX": 0.0, "rotationY": 0.0, "rotationZ": 0.0 },
						"TailFin": { "rotationX": 0.0, "rotationY": 0.0, "rotationZ": 0.0 },
						"FinVentral": { "rotationX": 0.0, "rotationY": 0.0, "rotationZ": 0.0 }
					}
				},
				{
					"frame": 50,
					"elements": {
						"Body": { "offsetX": 0.0, "offsetY": 0.0, "offsetZ": 0.0, "rotationX": 0.0, "rotationY": 2.0, "rotationZ": -30.0 },
						"Butt": { "rotationX": 0.0, "rotationY": 5.0, "rotationZ": 0.0 },
						"Tail": { "rotationX": 0.0, "rotationY": 5.0, "rotationZ": 0.0 },
						"DorsalFin": { "rotationX": 0.0, "rotationY": 0.0, "rotationZ": 0.0 },
						"FinRight": { "rotationX": 10.0, "rotationY": 0.0, "rotationZ": 0.0 },
						"FinLeft": { "rotationX": -10.0, "rotationY": 0.0, "rotationZ": 0.0 }
					}
				}
			]
		},

		{
			"name": "eat",
			"code": "eat",
			"quantityframes": 45,
			"onActivityStopped": "EaseOut",
			"onAnimationEnd": "Repeat",
			"keyframes": [
				{
					"frame": 0,
					"elements": {
						"Body": { "rotationX": 0.0, "rotationY": 2.0, "rotationZ": 5.0 },
						"Butt": { "rotationX": 0.0, "rotationY": 5.0, "rotationZ": 0.0 },
						"Tail": { "rotationX": 0.0, "rotationY": 5.0, "rotationZ": 0.0 },
						"TailFin": { "rotationX": 0.0, "rotationY": 5.0, "rotationZ": 0.0 },
						"FinVentral": { "rotationX": 5.0, "rotationY": 0.0, "rotationZ": 0.0 },
						"DorsalFin": { "rotationX": 0.0, "rotationY": 0.0, "rotationZ": 0.0 },
						"FinRight": { "rotationX": 20.0, "rotationY": 0.0, "rotationZ": 0.0 },
						"FinLeft": { "rotationX": -10.0, "rotationY": 0.0, "rotationZ": 0.0 }
					}
				},
				{
					"frame": 5,
					"elements": {
						"Body": { "offsetX": 0.0, "offsetY": 0.0, "offsetZ": 0.0, "rotationX": 0.0, "rotationY": 0.0, "rotationZ": 10.0 },
						"Jaw": { "rotationX": 0.0, "rotationY": 0.0, "rotationZ": 20.0 }
					}
				},
				{
					"frame": 10,
					"elements": {
						"Body": { "offsetX": -0.2, "offsetY": 0.0, "offsetZ": 0.0, "rotationX": 0.0, "rotationY": -2.0, "rotationZ": 9.0 },
						"Butt": { "rotationX": 0.0, "rotationY": -5.0, "rotationZ": 0.0 },
						"Tail": { "rotationX": 0.0, "rotationY": -5.0, "rotationZ": 0.0 },
						"TailFin": { "rotationX": 0.0, "rotationY": -5.0, "rotationZ": 0.0 },
						"FinVentral": { "rotationX": -5.0, "rotationY": 0.0, "rotationZ": 0.0 },
						"DorsalFin": { "rotationX": 0.0, "rotationY": 0.0, "rotationZ": 0.0 },
						"FinRight": { "rotationX": -10.0, "rotationY": -10.0, "rotationZ": 0.0 },
						"FinLeft": { "rotationX": 10.0, "rotationY": 10.0, "rotationZ": 0.0 }
					}
				},
				{
					"frame": 15,
					"elements": {
						"Body": { "offsetX": 0.0, "offsetY": 0.0, "offsetZ": 0.0 },
						"Jaw": { "rotationX": 0.0, "rotationY": 0.0, "rotationZ": -14.0 }
					}
				},
				{
					"frame": 20,
					"elements": {
						"Body": { "rotationX": 0.0, "rotationY": 5.0, "rotationZ": 11.0 },
						"Butt": { "rotationX": 0.0, "rotationY": 5.0, "rotationZ": 0.0 },
						"Tail": { "rotationX": 0.0, "rotationY": 5.0, "rotationZ": 0.0 },
						"DorsalFin": { "rotationX": 0.0, "rotationY": 0.0, "rotationZ": 0.0 },
						"FinRight": { "rotationX": 10.0, "rotationY": 0.0, "rotationZ": 0.0 },
						"FinLeft": { "rotationX": -10.0, "rotationY": 0.0, "rotationZ": 0.0 }
					}
				},
				{
					"frame": 25,
					"elements": {
						"Jaw": { "rotationX": 0.0, "rotationY": 0.0, "rotationZ": 20.0 }
					}
				},
				{
					"frame": 30,
					"elements": {
						"Body": { "offsetX": 0.0, "offsetY": 0.0, "offsetZ": 0.0, "rotationX": 0.0, "rotationY": -2.0, "rotationZ": 10.0 },
						"Butt": { "rotationX": 0.0, "rotationY": -5.0, "rotationZ": 0.0 },
						"Tail": { "rotationX": 0.0, "rotationY": -5.0, "rotationZ": 0.0 },
						"DorsalFin": { "rotationX": 0.0, "rotationY": 0.0, "rotationZ": 0.0 },
						"FinRight": { "rotationX": -10.0, "rotationY": -10.0, "rotationZ": 0.0 },
						"FinLeft": { "rotationX": 10.0, "rotationY": 10.0, "rotationZ": 0.0 }
					}
				},
				{
					"frame": 35,
					"elements": {
						"Body": { "offsetX": -0.2, "offsetY": 0.0, "offsetZ": 0.0, "rotationX": 0.0, "rotationY": 0.0, "rotationZ": 9.0 },
						"Jaw": { "rotationX": 0.0, "rotationY": 0.0, "rotationZ": -14.0 },
						"Tail": { "rotationX": 0.0, "rotationY": 0.0, "rotationZ": 0.0 },
						"TailFin": { "rotationX": 0.0, "rotationY": 0.0, "rotationZ": 0.0 },
						"FinVentral": { "rotationX": 0.0, "rotationY": 0.0, "rotationZ": 0.0 }
					}
				}
			]
		},

		{
			"name": "hurt",
			"code": "hurt",
			"quantityframes": 20,
			"onActivityStopped": "EaseOut",
			"onAnimationEnd": "Stop",
			"keyframes": [
				{
					"frame": 0,
					"elements": {
						"Body": { "rotationX": 0.0, "rotationY": 0.0, "rotationZ": 0.0 },
						"Butt": { "rotationX": 0.0, "rotationY": 0.0, "rotationZ": 0.0 },
						"Tail": { "rotationX": 0.0, "rotationY": 0.0, "rotationZ": 0.0 },
						"TailFin": { "rotationX": 0.0, "rotationY": 0.0, "rotationZ": 0.0 },
						"FinVentral": { "rotationX": 0.0, "rotationY": 0.0, "rotationZ": 0.0 },
						"Head": { "rotationX": 0.0, "rotationY": 0.0, "rotationZ": 0.0 },
						"Jaw": { "rotationX": 0.0, "rotationY": 0.0, "rotationZ": 0.0 },
						"FinRight": { "rotationX": 0.0, "rotationY": 0.0, "rotationZ": 0.0 },
						"FinLeft": { "rotationX": 0.0, "rotationY": 0.0, "rotationZ": 0.0 },
						"DorsalFin": { "rotationX": 0.0, "rotationY": 0.0, "rotationZ": 0.0 }
					}
				},
				{
					"frame": 7,
					"elements": {
						"Body": { "rotationX": 19.0, "rotationY": 3.0, "rotationZ": 0.0 },
						"Head": { "rotationX": 0.0, "rotationY": 15.0, "rotationZ": 0.0 },
						"Jaw": { "rotationX": 0.0, "rotationY": 0.0, "rotationZ": -10.0 },
						"FinRight": { "rotationX": 0.0, "rotationY": 42.0, "rotationZ": 22.0 },
						"FinLeft": { "rotationX": 0.0, "rotationY": -22.0, "rotationZ": 0.0 },
						"Butt": { "rotationX": 0.0, "rotationY": 9.0, "rotationZ": 0.0 },
						"Tail": { "rotationX": 0.0, "rotationY": 25.0, "rotationZ": 0.0 },
						"TailFin": { "rotationX": 0.0, "rotationY": 4.0, "rotationZ": 0.0 },
						"FinVentral": { "rotationX": 0.0, "rotationY": 3.0, "rotationZ": 8.0 },
						"DorsalFin": { "rotationX": -19.0, "rotationY": 0.0, "rotationZ": 0.0 }
					}
				},
				{
					"frame": 14,
					"elements": {
						"Body": { "rotationX": -14.0, "rotationY": 0.0, "rotationZ": 0.0 },
						"Butt": { "rotationX": 0.0, "rotationY": -28.0, "rotationZ": 0.0 },
						"Tail": { "rotationX": 0.0, "rotationY": -22.0, "rotationZ": 0.0 },
						"TailFin": { "rotationX": 0.0, "rotationY": -22.0, "rotationZ": 0.0 },
						"Head": { "rotationX": 8.0, "rotationY": 0.0, "rotationZ": 0.0 }
					}
				}
			]
		}
	]
}