[
	{
		ingredientPattern: "G,I,S",
	   	ingredients: {
		"G": { "allowedVariants": [
	"bearnut", 
	"beech", 
	"bluemahoe", 
	"catalpa", 
	"jacaranda", 
	"cedar",
	"dalbergia", 
	"douglasfir", 
	"elm", 
	"eucalyptus", 
	"honeylocust", 
	"mahogany", 
	"poplar", 
	"sal", 
	"saxaul", 
	"spruce", 
	"sycamore", 
	"willow", 
	"yew", 
	"chlorociboria", 
	"petrified", 
	"empresstree", 
	"guajacum", 
	"umnini", 
	"banyan", 
	"ginkgo", 
	"tuja", 
	"kauri", 
	"ghostgum", 
"redcedar",
"satinash",
	"ohia"
		],
		"type": "item", name: "wood", code: "wildcrafttree:plank-*", quantity: 4 },
	   	"I": { type: "item", code: "game:nugget-*", quantity: 2 },
	   	"S": { type: "item", code: "game:stone-*", quantity: 2 },
	   	},
	   	width: 3,
	   	height: 1,
	   	output: { type: "block", code: "decor:fancycabinet-{wood}-north", quantity: 2 }
	}
]	