[
    { "op": "add", "path": "/shapeByType/*/overlays", "value": [{ "base": "danatweaks:overlay/withresin1" }], "file": "game:blocktypes/wood/woodtyped/log-withresin.json", "side": "Server" },
    { "op": "add", "path": "/shapeByType/*/alternates/0/overlays", "value": [{ "base": "danatweaks:overlay/withresin1" }], "file": "game:blocktypes/wood/woodtyped/log-withresin.json", "side": "Server" },
    { "op": "add", "path": "/shapeByType/*/alternates/1/overlays", "value": [{ "base": "danatweaks:overlay/withresin1" }], "file": "game:blocktypes/wood/woodtyped/log-withresin.json", "side": "Server" },
    { "op": "add", "path": "/shapeByType/*/alternates/2/overlays", "value": [{ "base": "danatweaks:overlay/withresin1" }], "file": "game:blocktypes/wood/woodtyped/log-withresin.json", "side": "Server" },
    { "op": "add", "path": "/shapeByType/*/alternates/3/overlays", "value": [{ "base": "danatweaks:overlay/withresin1" }], "file": "game:blocktypes/wood/woodtyped/log-withresin.json", "side": "Server" },
    { "op": "add", "path": "/shapeByType/*/alternates/4/overlays", "value": [{ "base": "danatweaks:overlay/withresin1" }], "file": "game:blocktypes/wood/woodtyped/log-withresin.json", "side": "Server" },
    { "op": "add", "path": "/shapeByType/*/alternates/5/overlays", "value": [{ "base": "danatweaks:overlay/withresin1" }], "file": "game:blocktypes/wood/woodtyped/log-withresin.json", "side": "Server" },
    { "op": "add", "path": "/shapeByType/*/alternates/6/overlays", "value": [{ "base": "danatweaks:overlay/withresin1" }], "file": "game:blocktypes/wood/woodtyped/log-withresin.json", "side": "Server" },

    { "op": "replace", "path": "/elements/0/faces/east/texture", "value": "#resinbark1", "file": "game:shapes/block/wood/log/noresin1.json" },
    { "op": "replace", "path": "/elements/0/faces/north/texture", "value": "#resinbark1", "file": "game:shapes/block/wood/log/noresin1.json" },
    { "op": "replace", "path": "/elements/0/faces/west/texture", "value": "#resinbark1", "file": "game:shapes/block/wood/log/noresin1.json" },

    { "op": "replace", "path": "/elements/0/faces/east/texture", "value": "#resinbark2", "file": "game:shapes/block/wood/log/noresin2.json" },
    { "op": "replace", "path": "/elements/0/faces/north/texture", "value": "#resinbark2", "file": "game:shapes/block/wood/log/noresin2.json" },
    { "op": "replace", "path": "/elements/0/faces/west/texture", "value": "#resinbark2", "file": "game:shapes/block/wood/log/noresin2.json" }
]
