{
	code: "loosedriftwood",
	behaviors: [{name: "UnstableFalling"}, { name: "RightClickPickup", properties: { dropsPickupMode: true  } }],
	class: "BlockRequiresGravelOrSand",
	replaceable: 6500,
	attributes: {
		placeSound: "game:sounds/block/loosestick",
		forageStatAffected: true
	},
	creativeinventory: { "general": ["*-free"], "wildcrafttree": ["*-free"] },
	variantgroups: [
		{ code: "cover", states: ["free", "snow"] }
	],
	shape: {
		base: "game:block/wood/loosestick/{cover}1",
		alternates: [
			{ base: "game:block/wood/loosestick/{cover}2" },
			{ base: "game:block/wood/loosestick/{cover}3" },
			{ base: "game:block/wood/loosestick/{cover}4" }
		]
	},
	textures: {
        "oak": {
            "base": "wildcrafttree:block/wood/driftwood" },
        "oak1": {
            "base": "wildcrafttree:block/wood/driftwood" },
	},
	doNotRenderAtLod2: true,
	drawtypeByType: {
		"*-free": "JSON",
		"*-snow": "JSONAndSnowLayer",
	},
	blockmaterial: "Wood",
	randomizeRotations: true,
	resistance: 0.15,
	drops: [
		{
			type: "item", 
			code: "wildcrafttree:driftwood", 
			quantity: { avg: 1, var: 0 } 
		}
	],
	rainPermeableByType: {
		"*-free": true,
		"*": false,
	},
	sidesolid: { all: false },
	sideopaqueByType: {
		"*-snow": { all: false, down: true },
		"*": { all: false }
	},
	lightAbsorption: 0,
	selectionbox: { x1: 0, y1: 0, z1: 0, x2: 1, y2: 0.125, z2: 1 },
	collisionbox: null,
	guiTransform: {
		origin: { x: 0.5, y: 0, z: 0.5 },
		scale: 2.32
	}
}