{
	"editor": {
		"allAngles": false,
		"entityTextureMode": false
	},
	"textureWidth": 16,
	"textureHeight": 16,
	"textureSizes": {
	},
	"textures": {
	},
	"elements": [
		{
			"name": "_ball",
			"from": [ 5.0, 2.0, 5.0 ], 
			"to": [ 5.0, 2.0, 5.0 ], 
			"rotationOrigin": [ 5.0, 2.0, 5.0 ],
			"faces": {
				"north": { "texture": "#default", "uv": [ 0.0, 0.0, 0.5, 0.5 ], "enabled": false },
				"east": { "texture": "#default", "uv": [ 0.0, 0.0, 0.5, 0.5 ], "enabled": false },
				"south": { "texture": "#default", "uv": [ 0.0, 0.0, 0.5, 0.5 ], "enabled": false },
				"west": { "texture": "#default", "uv": [ 0.0, 0.0, 0.5, 0.5 ], "enabled": false },
				"up": { "texture": "#default", "uv": [ 0.0, 0.0, 0.5, 0.5 ], "enabled": false },
				"down": { "texture": "#default", "uv": [ 0.0, 0.0, 0.5, 0.5 ], "enabled": false }
			},
			"children": [
				{
					"name": "Cube1",
					"from": [ 0.0, 0.0, 0.0 ], 
					"to": [ 6.0, 6.0, 6.0 ], 
					"faces": {
						"north": { "texture": "#frame", "uv": [ 4.5, 1.5, 10.5, 7.5 ] },
						"east": { "texture": "#frame", "uv": [ 7.5, 1.0, 13.5, 7.0 ] },
						"south": { "texture": "#frame", "uv": [ 4.5, 7.5, 10.5, 13.5 ] },
						"west": { "texture": "#frame", "uv": [ 1.5, 3.5, 7.5, 9.5 ] },
						"up": { "texture": "#frame", "uv": [ 2.0, 6.0, 8.0, 12.0 ] },
						"down": { "texture": "#frame", "uv": [ 7.5, 2.0, 13.5, 8.0 ] }
					},
					"children": [
						{
							"name": "Cube2",
							"from": [ -0.5, 0.5, 0.5 ], 
							"to": [ 6.5, 5.5, 5.5 ], 
							"rotationOrigin": [ -1.0, 0.0, 0.0 ],
							"faces": {
								"north": { "texture": "#frame", "uv": [ 5.5, 8.0, 12.5, 13.0 ] },
								"east": { "texture": "#frame", "uv": [ 5.5, 2.0, 10.5, 7.0 ] },
								"south": { "texture": "#frame", "uv": [ 6.5, 2.5, 13.5, 7.5 ] },
								"west": { "texture": "#frame", "uv": [ 3.5, 4.5, 8.5, 9.5 ] },
								"up": { "texture": "#frame", "uv": [ 3.5, 7.0, 10.5, 12.0 ] },
								"down": { "texture": "#frame", "uv": [ 1.5, 8.5, 8.5, 13.5 ] }
							}
						},
						{
							"name": "Cube3",
							"from": [ 0.5, -0.5, 0.5 ], 
							"to": [ 5.5, 6.5, 5.5 ], 
							"rotationOrigin": [ 0.0, -1.0, 0.0 ],
							"faces": {
								"north": { "texture": "#frame", "uv": [ 3.5, 6.0, 8.5, 13.0 ] },
								"east": { "texture": "#frame", "uv": [ 1.0, 2.0, 6.0, 9.0 ] },
								"south": { "texture": "#frame", "uv": [ 9.0, 5.0, 14.0, 12.0 ] },
								"west": { "texture": "#frame", "uv": [ 6.5, 4.5, 11.5, 11.5 ] },
								"up": { "texture": "#frame", "uv": [ 2.0, 7.5, 7.0, 12.5 ] },
								"down": { "texture": "#frame", "uv": [ 2.0, 3.0, 7.0, 8.0 ] }
							}
						},
						{
							"name": "Cube4",
							"from": [ 0.5, 0.5, -0.5 ], 
							"to": [ 5.5, 5.5, 6.5 ], 
							"rotationOrigin": [ -1.0, -1.0, -1.0 ],
							"faces": {
								"north": { "texture": "#frame", "uv": [ 6.0, 8.0, 11.0, 13.0 ] },
								"east": { "texture": "#frame", "uv": [ 0.0, 0.0, 7.0, 5.0 ] },
								"south": { "texture": "#frame", "uv": [ 4.0, 0.5, 9.0, 5.5 ] },
								"west": { "texture": "#frame", "uv": [ 3.5, 7.0, 10.5, 12.0 ] },
								"up": { "texture": "#frame", "uv": [ 3.0, 5.5, 8.0, 12.5 ] },
								"down": { "texture": "#frame", "uv": [ 9.0, 1.5, 14.0, 8.5 ] }
							}
						}
					]
				}
			]
		},
		{
			"name": "_outer-ring-verticle",
			"from": [ 7.0, 1.0, 5.5 ], 
			"to": [ 7.0, 1.0, 5.5 ], 
			"rotationOrigin": [ 7.0, 1.0, 5.5 ],
			"faces": {
				"north": { "texture": "#metal", "uv": [ 0.0, 0.0, 0.5, 0.5 ], "enabled": false },
				"east": { "texture": "#metal", "uv": [ 0.0, 0.0, 0.5, 0.5 ], "enabled": false },
				"south": { "texture": "#metal", "uv": [ 0.0, 0.0, 0.5, 0.5 ], "enabled": false },
				"west": { "texture": "#metal", "uv": [ 0.0, 0.0, 0.5, 0.5 ], "enabled": false },
				"up": { "texture": "#metal", "uv": [ 0.0, 0.0, 0.5, 0.5 ], "enabled": false },
				"down": { "texture": "#metal", "uv": [ 0.0, 0.0, 0.5, 0.5 ], "enabled": false }
			},
			"children": [
				{
					"name": "Cube5",
					"from": [ 0.0, 0.0, 0.0 ], 
					"to": [ 2.0, 8.0, 5.0 ], 
					"rotationOrigin": [ -1.0, -1.0, -1.5 ],
					"faces": {
						"north": { "texture": "#metal", "uv": [ 3.5, 2.5, 5.5, 10.5 ] },
						"east": { "texture": "#metal", "uv": [ 4.5, 5.5, 9.5, 13.5 ] },
						"south": { "texture": "#metal", "uv": [ 4.0, 1.0, 6.0, 9.0 ] },
						"west": { "texture": "#metal", "uv": [ 5.0, 5.0, 10.0, 13.0 ] },
						"up": { "texture": "#metal", "uv": [ 4.5, 5.0, 6.5, 10.0 ] },
						"down": { "texture": "#metal", "uv": [ 9.5, 3.5, 11.5, 8.5 ] }
					}
				},
				{
					"name": "Cube7",
					"from": [ 0.0, 1.5, -1.5 ], 
					"to": [ 2.0, 6.5, 6.5 ], 
					"rotationOrigin": [ -1.0, 0.0, -2.5 ],
					"faces": {
						"north": { "texture": "#metal", "uv": [ 2.5, 5.5, 4.5, 10.5 ] },
						"east": { "texture": "#metal", "uv": [ 5.5, 9.0, 13.5, 14.0 ] },
						"south": { "texture": "#metal", "uv": [ 1.5, 7.5, 3.5, 12.5 ] },
						"west": { "texture": "#metal", "uv": [ 2.0, 7.5, 10.0, 12.5 ] },
						"up": { "texture": "#metal", "uv": [ 13.0, 7.5, 15.0, 15.5 ] },
						"down": { "texture": "#metal", "uv": [ 11.5, 2.0, 13.5, 10.0 ] }
					}
				},
				{
					"name": "Cube9",
					"from": [ 0.0, 1.0, -1.0 ], 
					"to": [ 2.0, 7.0, 6.0 ], 
					"rotationOrigin": [ -1.0, -1.0, -2.5 ],
					"faces": {
						"north": { "texture": "#metal", "uv": [ 3.5, 4.0, 5.5, 10.0 ] },
						"east": { "texture": "#metal", "uv": [ 0.0, 0.0, 7.0, 6.0 ] },
						"south": { "texture": "#metal", "uv": [ 9.0, 6.5, 11.0, 12.5 ] },
						"west": { "texture": "#metal", "uv": [ 1.5, 7.5, 8.5, 13.5 ] },
						"up": { "texture": "#metal", "uv": [ 10.0, 9.0, 12.0, 16.0 ] },
						"down": { "texture": "#metal", "uv": [ 7.5, 1.0, 9.5, 8.0 ] }
					}
				},
				{
					"name": "Cube10",
					"from": [ 0.0, 0.5, -0.5 ], 
					"to": [ 2.0, 7.5, 5.5 ], 
					"rotationOrigin": [ -1.0, -2.0, -2.5 ],
					"faces": {
						"north": { "texture": "#metal", "uv": [ 14.0, 1.0, 16.0, 8.0 ] },
						"east": { "texture": "#metal", "uv": [ 4.5, 7.0, 10.5, 14.0 ] },
						"south": { "texture": "#metal", "uv": [ 3.0, 8.0, 5.0, 15.0 ] },
						"west": { "texture": "#metal", "uv": [ 7.0, 2.5, 13.0, 9.5 ] },
						"up": { "texture": "#metal", "uv": [ 8.5, 6.0, 10.5, 12.0 ] },
						"down": { "texture": "#metal", "uv": [ 1.5, 2.5, 3.5, 8.5 ] }
					}
				}
			]
		},
		{
			"name": "_outer-ring-horizontal",
			"from": [ 7.0, 1.0, 5.5 ], 
			"to": [ 7.0, 1.0, 5.5 ], 
			"rotationOrigin": [ 8.0, 5.0, 8.0 ],
			"rotationZ": -90.0,
			"faces": {
				"north": { "texture": "#metal", "uv": [ 0.0, 0.0, 0.5, 0.5 ], "enabled": false },
				"east": { "texture": "#metal", "uv": [ 0.0, 0.0, 0.5, 0.5 ], "enabled": false },
				"south": { "texture": "#metal", "uv": [ 0.0, 0.0, 0.5, 0.5 ], "enabled": false },
				"west": { "texture": "#metal", "uv": [ 0.0, 0.0, 0.5, 0.5 ], "enabled": false },
				"up": { "texture": "#metal", "uv": [ 0.0, 0.0, 0.5, 0.5 ], "enabled": false },
				"down": { "texture": "#metal", "uv": [ 0.0, 0.0, 0.5, 0.5 ], "enabled": false }
			},
			"children": [
				{
					"name": "Cube13",
					"from": [ 0.0, 0.0, 0.0 ], 
					"to": [ 2.0, 8.0, 5.0 ], 
					"rotationOrigin": [ -1.0, -1.0, -1.5 ],
					"faces": {
						"north": { "texture": "#metal", "uv": [ 13.5, 2.0, 15.5, 10.0 ] },
						"east": { "texture": "#metal", "uv": [ 6.0, 4.5, 11.0, 12.5 ] },
						"south": { "texture": "#metal", "uv": [ 11.5, 3.5, 13.5, 11.5 ] },
						"west": { "texture": "#metal", "uv": [ 5.5, 7.5, 10.5, 15.5 ] },
						"up": { "texture": "#metal", "uv": [ 6.0, 3.5, 8.0, 8.5 ] },
						"down": { "texture": "#metal", "uv": [ 3.0, 8.0, 5.0, 13.0 ] }
					}
				},
				{
					"name": "Cube14",
					"from": [ 0.0, 1.5, -1.5 ], 
					"to": [ 2.0, 6.5, 6.5 ], 
					"rotationOrigin": [ 1.0, 2.0, 3.5 ],
					"faces": {
						"north": { "texture": "#metal", "uv": [ 0.0, 0.0, 2.0, 5.0 ] },
						"east": { "texture": "#metal", "uv": [ 3.0, 6.0, 11.0, 11.0 ] },
						"south": { "texture": "#metal", "uv": [ 13.0, 1.5, 15.0, 6.5 ] },
						"west": { "texture": "#metal", "uv": [ 0.5, 11.0, 8.5, 16.0 ] },
						"up": { "texture": "#metal", "uv": [ 1.0, 1.5, 3.0, 9.5 ] },
						"down": { "texture": "#metal", "uv": [ 3.5, 0.5, 5.5, 8.5 ] }
					}
				},
				{
					"name": "Cube15",
					"from": [ 0.0, 1.0, -1.0 ], 
					"to": [ 2.0, 7.0, 6.0 ], 
					"rotationOrigin": [ -1.0, -1.0, -2.5 ],
					"faces": {
						"north": { "texture": "#metal", "uv": [ 2.0, 8.5, 4.0, 14.5 ] },
						"east": { "texture": "#metal", "uv": [ 4.5, 7.5, 11.5, 13.5 ] },
						"south": { "texture": "#metal", "uv": [ 13.0, 0.5, 15.0, 6.5 ] },
						"west": { "texture": "#metal", "uv": [ 6.5, 1.5, 13.5, 7.5 ] },
						"up": { "texture": "#metal", "uv": [ 7.5, 2.5, 9.5, 9.5 ] },
						"down": { "texture": "#metal", "uv": [ 11.0, 2.5, 13.0, 9.5 ] }
					}
				},
				{
					"name": "Cube16",
					"from": [ 0.0, 0.5, -0.5 ], 
					"to": [ 2.0, 7.5, 5.5 ], 
					"rotationOrigin": [ -1.0, -2.0, -2.5 ],
					"faces": {
						"north": { "texture": "#metal", "uv": [ 6.5, 2.0, 8.5, 9.0 ] },
						"east": { "texture": "#metal", "uv": [ 9.0, 6.5, 15.0, 13.5 ] },
						"south": { "texture": "#metal", "uv": [ 0.0, 0.0, 2.0, 7.0 ] },
						"west": { "texture": "#metal", "uv": [ 3.0, 4.5, 9.0, 11.5 ] },
						"up": { "texture": "#metal", "uv": [ 2.0, 9.5, 4.0, 15.5 ] },
						"down": { "texture": "#metal", "uv": [ 6.5, 1.5, 8.5, 7.5 ] }
					}
				}
			]
		},
		{
			"name": "middle-button-1",
			"from": [ 6.5, 3.5, 3.75 ], 
			"to": [ 9.5, 6.5, 12.25 ], 
			"rotationOrigin": [ 8.0, 5.0, 8.0 ],
			"rotationZ": -45.0,
			"faces": {
				"north": { "texture": "#cloth", "uv": [ 3.5, 6.5, 6.5, 9.5 ] },
				"east": { "texture": "#cloth", "uv": [ 3.5, 9.5, 12.0, 12.5 ] },
				"south": { "texture": "#cloth", "uv": [ 11.0, 1.0, 14.0, 4.0 ] },
				"west": { "texture": "#cloth", "uv": [ 1.0, 11.5, 9.5, 14.5 ] },
				"up": { "texture": "#cloth", "uv": [ 5.5, 3.0, 8.5, 11.5 ] },
				"down": { "texture": "#cloth", "uv": [ 11.0, 5.0, 14.0, 13.5 ] }
			}
		},
		{
			"name": "middle-button-2",
			"from": [ 6.5, 3.5, 3.85 ], 
			"to": [ 9.5, 6.5, 12.15 ], 
			"rotationOrigin": [ 8.0, 5.0, 8.0 ],
			"faces": {
				"north": { "texture": "#cloth", "uv": [ 5.5, 6.0, 8.5, 9.0 ] },
				"east": { "texture": "#cloth", "uv": [ 0.0, 0.0, 8.0, 3.0 ] },
				"south": { "texture": "#cloth", "uv": [ 4.5, 0.0, 7.5, 3.0 ] },
				"west": { "texture": "#cloth", "uv": [ 0.5, 12.0, 8.5, 15.0 ] },
				"up": { "texture": "#cloth", "uv": [ 11.0, 1.5, 14.0, 9.5 ] },
				"down": { "texture": "#cloth", "uv": [ 3.5, 5.0, 6.5, 13.0 ] }
			}
		}
	]}