{
	"editor": {
		"allAngles": false,
		"entityTextureMode": false
	},
	"textureWidth": 16,
	"textureHeight": 16,
	"textureSizes": {
	},
	"textures": {
	},
	"elements": [
		{
			"name": "_chassis",
			"from": [ 0.0, -7.75, 0.0 ], 
			"to": [ 0.0, -7.75, 0.0 ], 
			"rotationOrigin": [ 0.0, -7.0, 0.0 ],
			"faces": {
				"north": { "texture": "#panel", "uv": [ 9.5, 11.0, 10.0, 11.5 ] },
				"east": { "texture": "#panel", "uv": [ 4.0, 13.0, 4.5, 13.5 ] },
				"south": { "texture": "#panel", "uv": [ 6.0, 4.0, 6.5, 4.5 ] },
				"west": { "texture": "#panel", "uv": [ 10.0, 12.0, 10.5, 12.5 ] },
				"up": { "texture": "#panel", "uv": [ 10.5, 12.0, 11.0, 12.5 ] },
				"down": { "texture": "#panel", "uv": [ 8.5, 4.0, 9.0, 4.5 ] }
			},
			"children": [
				{
					"name": "_anchor",
					"from": [ 0.0, 0.0, 0.0 ], 
					"to": [ 0.0, 0.0, 0.0 ], 
					"faces": {
						"north": { "texture": "#frame", "uv": [ 10.5, 6.5, 11.0, 7.0 ] },
						"east": { "texture": "#frame", "uv": [ 0.5, 7.5, 1.0, 8.0 ] },
						"south": { "texture": "#frame", "uv": [ 10.0, 3.5, 10.5, 4.0 ] },
						"west": { "texture": "#frame", "uv": [ 9.0, 2.0, 9.5, 2.5 ] },
						"up": { "texture": "#frame", "uv": [ 9.0, 7.0, 9.5, 7.5 ] },
						"down": { "texture": "#frame", "uv": [ 10.5, 3.0, 11.0, 3.5 ] }
					},
					"children": [
						{
							"name": "anchor-backleft-1.3",
							"from": [ 16.982, 16.584, -6.5 ], 
							"to": [ 18.482, 19.084, -2.0 ], 
							"rotationOrigin": [ 18.732, 16.134, -7.0 ],
							"rotationZ": -30.0,
							"faces": {
								"north": { "texture": "#frame", "uv": [ 1.5, 6.0, 3.0, 8.5 ] },
								"east": { "texture": "#frame", "uv": [ 4.5, 12.5, 9.0, 15.0 ] },
								"south": { "texture": "#frame", "uv": [ 10.5, 2.5, 12.0, 5.0 ] },
								"west": { "texture": "#frame", "uv": [ 0.0, 6.0, 4.5, 8.5 ] },
								"up": { "texture": "#frame", "uv": [ 6.0, 2.0, 7.5, 6.5 ] },
								"down": { "texture": "#frame", "uv": [ 12.5, 1.0, 14.0, 5.5 ] }
							}
						},
						{
							"name": "anchor-backright-1.3",
							"from": [ -2.75, 17.584, -6.5 ], 
							"to": [ -1.25, 20.084, -2.0 ], 
							"rotationOrigin": [ -1.0, 17.134, -7.0 ],
							"rotationZ": 30.0,
							"faces": {
								"north": { "texture": "#frame", "uv": [ 0.0, 0.0, 1.5, 2.5 ] },
								"east": { "texture": "#frame", "uv": [ 2.5, 11.5, 7.0, 14.0 ] },
								"south": { "texture": "#frame", "uv": [ 8.5, 11.5, 10.0, 14.0 ] },
								"west": { "texture": "#frame", "uv": [ 6.5, 2.5, 11.0, 5.0 ] },
								"up": { "texture": "#frame", "uv": [ 3.0, 1.5, 4.5, 6.0 ] },
								"down": { "texture": "#frame", "uv": [ 5.0, 9.5, 6.5, 14.0 ] }
							}
						},
						{
							"name": "anchor-frontleft-1.3",
							"from": [ 16.982, 16.584, 18.0 ], 
							"to": [ 18.482, 19.084, 22.5 ], 
							"rotationOrigin": [ 18.732, 16.134, 17.0 ],
							"rotationZ": -30.0,
							"faces": {
								"north": { "texture": "#frame", "uv": [ 8.0, 9.5, 9.5, 12.0 ] },
								"east": { "texture": "#frame", "uv": [ 9.5, 1.0, 14.0, 3.5 ] },
								"south": { "texture": "#frame", "uv": [ 8.5, 0.0, 10.0, 2.5 ] },
								"west": { "texture": "#frame", "uv": [ 7.0, 2.0, 11.5, 4.5 ] },
								"up": { "texture": "#frame", "uv": [ 13.0, 1.0, 14.5, 5.5 ] },
								"down": { "texture": "#frame", "uv": [ 9.0, 0.5, 10.5, 5.0 ] }
							}
						},
						{
							"name": "anchor-frontright-1.3",
							"from": [ -2.75, 17.584, 18.0 ], 
							"to": [ -1.25, 20.084, 22.5 ], 
							"rotationOrigin": [ -1.0, 17.134, 17.0 ],
							"rotationZ": 30.0,
							"faces": {
								"north": { "texture": "#frame", "uv": [ 8.0, 8.0, 9.5, 10.5 ] },
								"east": { "texture": "#frame", "uv": [ 10.5, 12.5, 15.0, 15.0 ] },
								"south": { "texture": "#frame", "uv": [ 5.0, 2.5, 6.5, 5.0 ] },
								"west": { "texture": "#frame", "uv": [ 6.0, 12.0, 10.5, 14.5 ] },
								"up": { "texture": "#frame", "uv": [ 12.0, 6.5, 13.5, 11.0 ] },
								"down": { "texture": "#frame", "uv": [ 8.5, 8.5, 10.0, 13.0 ] }
							}
						}
					]
				},
				{
					"name": "subbase-top.1",
					"from": [ 2.0, 17.48, 27.4641 ], 
					"to": [ 14.0, 18.48, 29.4641 ], 
					"rotationOrigin": [ 5.0, 17.0, 27.4641 ],
					"faces": {
						"north": { "texture": "#frame", "uv": [ 0.0, 10.0, 12.0, 11.0 ] },
						"east": { "texture": "#frame", "uv": [ 7.0, 1.0, 9.0, 2.0 ] },
						"south": { "texture": "#frame", "uv": [ 1.0, 5.0, 13.0, 6.0 ] },
						"west": { "texture": "#frame", "uv": [ 12.0, 9.0, 14.0, 10.0 ] },
						"up": { "texture": "#frame", "uv": [ 3.5, 4.5, 15.5, 6.5 ] },
						"down": { "texture": "#frame", "uv": [ 2.5, 11.5, 14.5, 13.5 ] }
					},
					"children": [
						{
							"name": "subbase-top.2",
							"from": [ 15.47, -0.02, -19.4641 ], 
							"to": [ 17.47, 0.98, -3.4641 ], 
							"rotationOrigin": [ 18.0, -0.48, -6.4641 ],
							"faces": {
								"north": { "texture": "#frame", "uv": [ 4.5, 10.0, 6.5, 11.0 ] },
								"east": { "texture": "#frame", "uv": [ 0.0, 8.0, 16.0, 9.0 ] },
								"south": { "texture": "#frame", "uv": [ 3.5, 5.0, 5.5, 6.0 ] },
								"west": { "texture": "#frame", "uv": [ 0.0, 10.5, 16.0, 11.5 ] },
								"up": { "texture": "#frame", "uv": [ 1.0, 0.0, 3.0, 16.0 ] },
								"down": { "texture": "#frame", "uv": [ 2.5, 0.0, 4.5, 16.0 ] }
							}
						},
						{
							"name": "subbase-top.3",
							"from": [ -5.46, -0.02, -19.4641 ], 
							"to": [ -3.46, 0.98, -3.4641 ], 
							"rotationOrigin": [ -3.0, -0.48, -6.4641 ],
							"faces": {
								"north": { "texture": "#frame", "uv": [ 12.5, 14.0, 14.5, 15.0 ] },
								"east": { "texture": "#frame", "uv": [ 0.0, 0.0, 16.0, 1.0 ] },
								"south": { "texture": "#frame", "uv": [ 7.5, 6.0, 9.5, 7.0 ] },
								"west": { "texture": "#frame", "uv": [ 0.0, 7.0, 16.0, 8.0 ] },
								"up": { "texture": "#frame", "uv": [ 2.0, 0.0, 4.0, 16.0 ] },
								"down": { "texture": "#frame", "uv": [ 4.5, 0.0, 6.5, 16.0 ] }
							}
						},
						{
							"name": "subbase-top.4",
							"from": [ -5.46, -0.02, -35.4641 ], 
							"to": [ -3.46, 0.98, -19.4641 ], 
							"rotationOrigin": [ -3.0, -0.48, -22.4641 ],
							"faces": {
								"north": { "texture": "#frame", "uv": [ 3.5, 1.0, 5.5, 2.0 ] },
								"east": { "texture": "#frame", "uv": [ 0.0, 5.5, 16.0, 6.5 ] },
								"south": { "texture": "#frame", "uv": [ 8.0, 10.5, 10.0, 11.5 ] },
								"west": { "texture": "#frame", "uv": [ 0.0, 14.0, 16.0, 15.0 ] },
								"up": { "texture": "#frame", "uv": [ 5.0, 0.0, 7.0, 16.0 ] },
								"down": { "texture": "#frame", "uv": [ 10.0, 0.0, 12.0, 16.0 ] }
							}
						},
						{
							"name": "subbase-top.5",
							"from": [ 15.47, -0.02, -35.4641 ], 
							"to": [ 17.47, 0.98, -19.4641 ], 
							"rotationOrigin": [ 18.0, -0.48, -22.4641 ],
							"faces": {
								"north": { "texture": "#frame", "uv": [ 13.0, 11.5, 15.0, 12.5 ] },
								"east": { "texture": "#frame", "uv": [ 0.0, 6.5, 16.0, 7.5 ] },
								"south": { "texture": "#frame", "uv": [ 1.0, 7.0, 3.0, 8.0 ] },
								"west": { "texture": "#frame", "uv": [ 0.0, 13.5, 16.0, 14.5 ] },
								"up": { "texture": "#frame", "uv": [ 4.0, 0.0, 6.0, 16.0 ] },
								"down": { "texture": "#frame", "uv": [ 9.0, 0.0, 11.0, 16.0 ] }
							}
						},
						{
							"name": "subbase-top1.1",
							"from": [ -5.45, -0.02, -3.4641 ], 
							"to": [ -3.45, 1.99, 0.5359 ], 
							"rotationOrigin": [ -5.45, -0.48, -3.4641 ],
							"rotationY": 30.0,
							"faces": {
								"north": { "texture": "#frame", "uv": [ 11.0, 5.0, 13.0, 7.0 ] },
								"east": { "texture": "#frame", "uv": [ 3.5, 9.5, 7.5, 11.5 ] },
								"south": { "texture": "#frame", "uv": [ 11.5, 2.0, 13.5, 4.0 ] },
								"west": { "texture": "#frame", "uv": [ 9.0, 8.5, 13.0, 10.5 ] },
								"up": { "texture": "#frame", "uv": [ 3.5, 6.0, 5.5, 10.0 ] },
								"down": { "texture": "#frame", "uv": [ 0.0, 10.5, 2.0, 14.5 ] }
							},
							"children": [
								{
									"name": "subbase-top1.2",
									"from": [ 0.0, 0.0, 4.0 ], 
									"to": [ 2.0, 2.0, 8.0 ], 
									"rotationOrigin": [ 0.0, -0.46, 4.0 ],
									"rotationY": 30.0,
									"faces": {
										"north": { "texture": "#frame", "uv": [ 4.0, 12.5, 6.0, 14.5 ] },
										"east": { "texture": "#frame", "uv": [ 2.0, 2.0, 6.0, 4.0 ] },
										"south": { "texture": "#frame", "uv": [ 4.0, 10.0, 6.0, 12.0 ] },
										"west": { "texture": "#frame", "uv": [ 2.0, 9.0, 6.0, 11.0 ] },
										"up": { "texture": "#frame", "uv": [ 6.5, 6.0, 8.5, 10.0 ] },
										"down": { "texture": "#frame", "uv": [ 11.0, 9.0, 13.0, 13.0 ] }
									}
								}
							]
						},
						{
							"name": "subbase-top2.1",
							"from": [ 15.49, -0.02, -3.4641 ], 
							"to": [ 17.49, 1.99, 0.5359 ], 
							"rotationOrigin": [ 17.55, -0.48, -3.4641 ],
							"rotationY": -30.0,
							"faces": {
								"north": { "texture": "#frame", "uv": [ 10.5, 11.0, 12.5, 13.0 ] },
								"east": { "texture": "#frame", "uv": [ 3.5, 7.0, 7.5, 9.0 ] },
								"south": { "texture": "#frame", "uv": [ 6.5, 13.0, 8.5, 15.0 ] },
								"west": { "texture": "#frame", "uv": [ 0.5, 9.0, 4.5, 11.0 ] },
								"up": { "texture": "#frame", "uv": [ 8.5, 8.5, 10.5, 12.5 ] },
								"down": { "texture": "#frame", "uv": [ 2.0, 4.0, 4.0, 8.0 ] }
							},
							"children": [
								{
									"name": "subbase-top2.2",
									"from": [ 0.0, 0.0, 4.0 ], 
									"to": [ 2.0, 2.0, 8.0 ], 
									"rotationOrigin": [ 2.0, -0.46, 4.0 ],
									"rotationY": -30.0,
									"faces": {
										"north": { "texture": "#frame", "uv": [ 1.5, 6.0, 3.5, 8.0 ] },
										"east": { "texture": "#frame", "uv": [ 4.0, 11.0, 8.0, 13.0 ] },
										"south": { "texture": "#frame", "uv": [ 4.0, 6.5, 6.0, 8.5 ] },
										"west": { "texture": "#frame", "uv": [ 11.0, 10.0, 15.0, 12.0 ] },
										"up": { "texture": "#frame", "uv": [ 9.0, 0.5, 11.0, 4.5 ] },
										"down": { "texture": "#frame", "uv": [ 13.0, 5.5, 15.0, 9.5 ] }
									}
								}
							]
						},
						{
							"name": "subbase-top3.1",
							"from": [ -7.61, -0.02, -35.4641 ], 
							"to": [ -5.61, 1.99, -31.4641 ], 
							"rotationOrigin": [ -5.55, -0.48, -35.4641 ],
							"rotationX": -180.0,
							"rotationY": 30.0,
							"rotationZ": -180.0,
							"faces": {
								"north": { "texture": "#frame", "uv": [ 6.0, 1.5, 8.0, 3.5 ] },
								"east": { "texture": "#frame", "uv": [ 10.5, 3.0, 14.5, 5.0 ] },
								"south": { "texture": "#frame", "uv": [ 12.5, 12.5, 14.5, 14.5 ] },
								"west": { "texture": "#frame", "uv": [ 2.0, 4.5, 6.0, 6.5 ] },
								"up": { "texture": "#frame", "uv": [ 7.0, 9.5, 9.0, 13.5 ] },
								"down": { "texture": "#frame", "uv": [ 1.5, 5.5, 3.5, 9.5 ] }
							},
							"children": [
								{
									"name": "subbase-top3.2",
									"from": [ 0.0, 0.0, 4.0 ], 
									"to": [ 2.0, 2.0, 8.0 ], 
									"rotationOrigin": [ 2.0, -0.46, 4.0 ],
									"rotationY": -30.0,
									"faces": {
										"north": { "texture": "#frame", "uv": [ 7.0, 13.5, 9.0, 15.5 ] },
										"east": { "texture": "#frame", "uv": [ 4.0, 8.0, 8.0, 10.0 ] },
										"south": { "texture": "#frame", "uv": [ 10.5, 8.5, 12.5, 10.5 ] },
										"west": { "texture": "#frame", "uv": [ 0.0, 6.0, 4.0, 8.0 ] },
										"up": { "texture": "#frame", "uv": [ 9.0, 4.5, 11.0, 8.5 ] },
										"down": { "texture": "#frame", "uv": [ 1.5, 6.5, 3.5, 10.5 ] }
									}
								}
							]
						},
						{
							"name": "subbase-top4.1",
							"from": [ 17.45, -0.02, -35.4641 ], 
							"to": [ 19.45, 1.99, -31.4641 ], 
							"rotationOrigin": [ 17.45, -0.48, -35.4641 ],
							"rotationX": -180.0,
							"rotationY": -30.0,
							"rotationZ": -180.0,
							"faces": {
								"north": { "texture": "#frame", "uv": [ 12.0, 0.0, 14.0, 2.0 ] },
								"east": { "texture": "#frame", "uv": [ 4.0, 6.5, 8.0, 8.5 ] },
								"south": { "texture": "#frame", "uv": [ 11.0, 8.5, 13.0, 10.5 ] },
								"west": { "texture": "#frame", "uv": [ 1.0, 9.0, 5.0, 11.0 ] },
								"up": { "texture": "#frame", "uv": [ 9.0, 8.0, 11.0, 12.0 ] },
								"down": { "texture": "#frame", "uv": [ 7.5, 0.0, 9.5, 4.0 ] }
							},
							"children": [
								{
									"name": "subbase-top4.2",
									"from": [ 0.0, 0.0, 4.0 ], 
									"to": [ 2.0, 2.0, 8.0 ], 
									"rotationOrigin": [ 0.0, -0.46, 4.0 ],
									"rotationY": 30.0,
									"faces": {
										"north": { "texture": "#frame", "uv": [ 12.5, 9.0, 14.5, 11.0 ] },
										"east": { "texture": "#frame", "uv": [ 8.0, 1.5, 12.0, 3.5 ] },
										"south": { "texture": "#frame", "uv": [ 3.0, 5.5, 5.0, 7.5 ] },
										"west": { "texture": "#frame", "uv": [ 0.5, 4.0, 4.5, 6.0 ] },
										"up": { "texture": "#frame", "uv": [ 11.0, 9.5, 13.0, 13.5 ] },
										"down": { "texture": "#frame", "uv": [ 13.0, 2.0, 15.0, 6.0 ] }
									}
								}
							]
						}
					]
				},
				{
					"name": "seatfront-base",
					"from": [ 0.5, 9.89, 10.09 ], 
					"to": [ 15.5, 11.89, 16.09 ], 
					"rotationOrigin": [ 10.0, 10.912, 12.9954 ],
					"faces": {
						"north": { "texture": "#frame", "uv": [ 0.5, 11.0, 15.5, 13.0 ], "rotation": 180 },
						"east": { "texture": "#frame", "uv": [ 6.5, 3.5, 8.5, 9.5 ], "rotation": 90 },
						"south": { "texture": "#frame", "uv": [ 0.0, 5.0, 15.0, 7.0 ], "rotation": 180 },
						"west": { "texture": "#frame", "uv": [ 14.0, 7.0, 16.0, 13.0 ], "rotation": 90 },
						"up": { "texture": "#frame", "uv": [ 0.5, 0.5, 15.5, 6.5 ], "rotation": 180 },
						"down": { "texture": "#frame", "uv": [ 0.0, 5.0, 15.0, 11.0 ], "rotation": 180 }
					}
				},
				{
					"name": "seatback-base",
					"from": [ 0.5, 9.89, -2.91 ], 
					"to": [ 15.5, 11.89, 3.09 ], 
					"rotationOrigin": [ 10.0, 10.912, -0.0046 ],
					"faces": {
						"north": { "texture": "#frame", "uv": [ 0.0, 2.0, 15.0, 4.0 ], "rotation": 180 },
						"east": { "texture": "#frame", "uv": [ 5.5, 2.0, 7.5, 8.0 ], "rotation": 90 },
						"south": { "texture": "#frame", "uv": [ 0.5, 11.0, 15.5, 13.0 ], "rotation": 180 },
						"west": { "texture": "#frame", "uv": [ 0.0, 6.0, 2.0, 12.0 ], "rotation": 90 },
						"up": { "texture": "#frame", "uv": [ 0.5, 5.0, 15.5, 11.0 ], "rotation": 180 },
						"down": { "texture": "#frame", "uv": [ 0.0, 9.0, 15.0, 15.0 ], "rotation": 180 }
					},
					"children": [
						{
							"name": "seatback-brace.1",
							"from": [ -2.5, 3.51, -1.09 ], 
							"to": [ -0.5, 7.51, 6.91 ], 
							"rotationOrigin": [ -2.5, 3.11, -1.09 ],
							"faces": {
								"north": { "texture": "#frame", "uv": [ 1.0, 9.5, 3.0, 13.5 ] },
								"east": { "texture": "#frame", "uv": [ 1.5, 1.0, 9.5, 5.0 ] },
								"south": { "texture": "#frame", "uv": [ 7.5, 1.0, 9.5, 5.0 ] },
								"west": { "texture": "#frame", "uv": [ 7.0, 8.0, 15.0, 12.0 ] },
								"up": { "texture": "#frame", "uv": [ 5.5, 6.5, 7.5, 14.5 ] },
								"down": { "texture": "#frame", "uv": [ 2.0, 4.5, 4.0, 12.5 ] }
							},
							"children": [
								{
									"name": "seatback-brace.2",
									"from": [ 18.0, 0.0, 0.0 ], 
									"to": [ 20.0, 4.0, 8.0 ], 
									"rotationOrigin": [ 18.0, -0.4, 0.0 ],
									"faces": {
										"north": { "texture": "#frame", "uv": [ 3.0, 5.0, 5.0, 9.0 ] },
										"east": { "texture": "#frame", "uv": [ 7.5, 10.0, 15.5, 14.0 ] },
										"south": { "texture": "#frame", "uv": [ 4.0, 7.0, 6.0, 11.0 ] },
										"west": { "texture": "#frame", "uv": [ 1.0, 2.5, 9.0, 6.5 ] },
										"up": { "texture": "#frame", "uv": [ 6.0, 4.5, 8.0, 12.5 ] },
										"down": { "texture": "#frame", "uv": [ 2.5, 5.5, 4.5, 13.5 ] }
									}
								}
							]
						}
					]
				},
				{
					"name": "front-bumper-1.1",
					"from": [ 1.0, 17.75, 27.0 ], 
					"to": [ 15.0, 19.75, 30.0 ], 
					"rotationOrigin": [ 7.0, 19.0, 27.0 ],
					"faces": {
						"north": { "texture": "#frame", "uv": [ 0.5, 6.0, 14.5, 8.0 ] },
						"east": { "texture": "#frame", "uv": [ 9.5, 6.0, 12.5, 8.0 ] },
						"south": { "texture": "#frame", "uv": [ 0.5, 1.5, 14.5, 3.5 ] },
						"west": { "texture": "#frame", "uv": [ 2.0, 8.0, 5.0, 10.0 ] },
						"up": { "texture": "#frame", "uv": [ 0.5, 1.5, 14.5, 4.5 ] },
						"down": { "texture": "#frame", "uv": [ 0.0, 1.5, 14.0, 4.5 ] }
					},
					"children": [
						{
							"name": "front-bumper-1.2",
							"from": [ 0.01, -3.0, 2.0 ], 
							"to": [ 13.99, 0.0, 3.0 ], 
							"rotationOrigin": [ 6.0, 0.0, 3.0 ],
							"rotationX": 22.5,
							"faces": {
								"north": { "texture": "#frame", "uv": [ 0.5, 10.0, 14.0, 13.0 ] },
								"east": { "texture": "#frame", "uv": [ 7.0, 10.0, 8.0, 13.0 ] },
								"south": { "texture": "#frame", "uv": [ 0.0, 12.0, 13.5, 15.0 ] },
								"west": { "texture": "#frame", "uv": [ 1.5, 4.0, 2.5, 7.0 ] },
								"up": { "texture": "#frame", "uv": [ 1.0, 8.0, 14.5, 9.0 ] },
								"down": { "texture": "#frame", "uv": [ 0.5, 9.5, 14.0, 10.5 ] }
							}
						}
					]
				},
				{
					"name": "subbase-2.2",
					"from": [ 13.9, 10.63, -1.0 ], 
					"to": [ 17.9, 12.63, 1.0 ], 
					"rotationOrigin": [ 17.0, 10.0, 5.0 ],
					"rotationZ": 30.0,
					"faces": {
						"north": { "texture": "#frame", "uv": [ 8.0, 4.0, 12.0, 6.0 ] },
						"east": { "texture": "#frame", "uv": [ 0.0, 12.5, 2.0, 14.5 ] },
						"south": { "texture": "#frame", "uv": [ 6.5, 8.0, 10.5, 10.0 ] },
						"west": { "texture": "#frame", "uv": [ 0.0, 6.5, 2.0, 8.5 ] },
						"up": { "texture": "#frame", "uv": [ 10.0, 0.0, 14.0, 2.0 ] },
						"down": { "texture": "#frame", "uv": [ 9.5, 0.0, 13.5, 2.0 ] }
					},
					"children": [
						{
							"name": "subbase-2.3",
							"from": [ -14.3864, 7.004, 0.0 ], 
							"to": [ -10.3864, 9.004, 2.0 ], 
							"rotationOrigin": [ -11.2564, 6.504, 13.0 ],
							"rotationZ": -60.0,
							"faces": {
								"north": { "texture": "#frame", "uv": [ 6.0, 4.0, 10.0, 6.0 ] },
								"east": { "texture": "#frame", "uv": [ 0.0, 9.0, 2.0, 11.0 ] },
								"south": { "texture": "#frame", "uv": [ 9.0, 6.5, 13.0, 8.5 ] },
								"west": { "texture": "#frame", "uv": [ 0.0, 3.5, 2.0, 5.5 ] },
								"up": { "texture": "#frame", "uv": [ 11.5, 0.0, 15.5, 2.0 ] },
								"down": { "texture": "#frame", "uv": [ 11.5, 0.0, 15.5, 2.0 ] }
							}
						},
						{
							"name": "subbase-2.4",
							"from": [ 3.8321, 1.2981, 0.01 ], 
							"to": [ 7.8321, 3.2981, 2.01 ], 
							"rotationOrigin": [ 6.332, 0.9681, 13.0 ],
							"rotationZ": 30.0,
							"faces": {
								"north": { "texture": "#frame", "uv": [ 8.5, 4.0, 12.5, 6.0 ] },
								"east": { "texture": "#frame", "uv": [ 0.0, 8.5, 2.0, 10.5 ] },
								"south": { "texture": "#frame", "uv": [ 9.0, 4.0, 13.0, 6.0 ] },
								"west": { "texture": "#frame", "uv": [ 0.0, 5.0, 2.0, 7.0 ] },
								"up": { "texture": "#frame", "uv": [ 9.0, 0.0, 13.0, 2.0 ] },
								"down": { "texture": "#frame", "uv": [ 9.0, 0.0, 13.0, 2.0 ] }
							}
						},
						{
							"name": "subbase-2.5",
							"from": [ -15.5805, 11.9321, 0.0 ], 
							"to": [ -11.5805, 13.9321, 2.0 ], 
							"rotationOrigin": [ -13.2205, 11.1021, 13.0 ],
							"rotationZ": -90.0,
							"faces": {
								"north": { "texture": "#frame", "uv": [ 7.5, 9.5, 11.5, 11.5 ] },
								"east": { "texture": "#frame", "uv": [ 0.0, 10.0, 2.0, 12.0 ] },
								"south": { "texture": "#frame", "uv": [ 7.5, 2.0, 11.5, 4.0 ] },
								"west": { "texture": "#frame", "uv": [ 0.0, 6.0, 2.0, 8.0 ] },
								"up": { "texture": "#frame", "uv": [ 1.0, 0.0, 5.0, 2.0 ] },
								"down": { "texture": "#frame", "uv": [ 1.0, 0.0, 5.0, 2.0 ] }
							}
						},
						{
							"name": "subbase-2.6",
							"from": [ 5.1681, 1.7941, 0.0 ], 
							"to": [ 7.1681, 4.7941, 2.0 ], 
							"rotationOrigin": [ 7.6981, 1.3341, 6.0 ],
							"rotationZ": -30.0,
							"faces": {
								"north": { "texture": "#frame", "uv": [ 11.0, 9.5, 13.0, 12.5 ] },
								"east": { "texture": "#frame", "uv": [ 2.0, 0.0, 5.0, 2.0 ], "rotation": 90 },
								"south": { "texture": "#frame", "uv": [ 8.0, 0.5, 10.0, 3.5 ] },
								"west": { "texture": "#frame", "uv": [ 6.0, 0.0, 9.0, 2.0 ], "rotation": 270 },
								"up": { "texture": "#frame", "uv": [ 11.5, 0.0, 13.5, 2.0 ] },
								"down": { "texture": "#frame", "uv": [ 4.5, 0.0, 6.5, 2.0 ] }
							}
						},
						{
							"name": "subbase-2.7",
							"from": [ -12.9485, 12.2941, 0.0 ], 
							"to": [ -10.9485, 15.2941, 2.0 ], 
							"rotationOrigin": [ -10.4885, 11.8341, 13.0 ],
							"rotationZ": -30.0,
							"faces": {
								"north": { "texture": "#frame", "uv": [ 13.0, 1.5, 15.0, 4.5 ] },
								"east": { "texture": "#frame", "uv": [ 1.0, 0.0, 4.0, 2.0 ], "rotation": 90 },
								"south": { "texture": "#frame", "uv": [ 12.0, 4.5, 14.0, 7.5 ] },
								"west": { "texture": "#frame", "uv": [ 5.5, 0.0, 8.5, 2.0 ], "rotation": 270 },
								"up": { "texture": "#frame", "uv": [ 6.5, 0.0, 8.5, 2.0 ] },
								"down": { "texture": "#frame", "uv": [ 11.0, 0.0, 13.0, 2.0 ] }
							}
						}
					]
				},
				{
					"name": "Cube421",
					"from": [ 2.5, 7.75, -8.0 ], 
					"to": [ 13.5, 9.75, 8.0 ], 
					"rotationOrigin": [ 2.5, 7.75, -7.5 ],
					"faces": {
						"north": { "texture": "#frame", "uv": [ 0.0, 0.0, 11.0, 2.0 ] },
						"east": { "texture": "#frame", "uv": [ 0.0, 0.0, 16.0, 2.0 ] },
						"south": { "texture": "#frame", "uv": [ 0.0, 0.0, 11.0, 2.0 ] },
						"west": { "texture": "#frame", "uv": [ 0.0, 0.0, 16.0, 2.0 ] },
						"up": { "texture": "#frame", "uv": [ 0.0, 0.0, 11.0, 16.0 ] },
						"down": { "texture": "#frame", "uv": [ 0.0, 0.0, 11.0, 16.0 ] }
					},
					"children": [
						{
							"name": "Cube422",
							"from": [ 0.0, 0.0, 16.0 ], 
							"to": [ 11.0, 2.0, 32.0 ], 
							"rotationOrigin": [ 0.0, 0.0, 16.0 ],
							"faces": {
								"north": { "texture": "#frame", "uv": [ 0.0, 0.0, 11.0, 2.0 ] },
								"east": { "texture": "#frame", "uv": [ 0.0, 0.0, 16.0, 2.0 ] },
								"south": { "texture": "#frame", "uv": [ 0.0, 0.0, 11.0, 2.0 ] },
								"west": { "texture": "#frame", "uv": [ 0.0, 0.0, 16.0, 2.0 ] },
								"up": { "texture": "#frame", "uv": [ 0.0, 0.0, 11.0, 16.0 ] },
								"down": { "texture": "#frame", "uv": [ 0.0, 0.0, 11.0, 16.0 ] }
							}
						}
					]
				},
				{
					"name": "Cube423",
					"from": [ -0.5, 7.75, -8.01 ], 
					"to": [ 2.5, 8.75, 7.99 ], 
					"rotationOrigin": [ 2.5, 7.75, -7.5 ],
					"rotationZ": -45.0,
					"faces": {
						"north": { "texture": "#frame", "uv": [ 0.0, 0.0, 3.0, 1.0 ] },
						"east": { "texture": "#frame", "uv": [ 0.0, 0.0, 16.0, 1.0 ] },
						"south": { "texture": "#frame", "uv": [ 0.0, 0.0, 3.0, 1.0 ] },
						"west": { "texture": "#frame", "uv": [ 0.0, 0.0, 16.0, 1.0 ] },
						"up": { "texture": "#frame", "uv": [ 0.0, 0.0, 3.0, 16.0 ] },
						"down": { "texture": "#frame", "uv": [ 0.0, 0.0, 3.0, 16.0 ] }
					},
					"children": [
						{
							"name": "Cube424",
							"from": [ 0.0, 0.0, 16.0 ], 
							"to": [ 3.0, 1.0, 32.0 ], 
							"rotationOrigin": [ 0.0, 0.0, 16.0 ],
							"faces": {
								"north": { "texture": "#frame", "uv": [ 0.0, 0.0, 3.0, 1.0 ] },
								"east": { "texture": "#frame", "uv": [ 0.0, 0.0, 16.0, 1.0 ] },
								"south": { "texture": "#frame", "uv": [ 0.0, 0.0, 3.0, 1.0 ] },
								"west": { "texture": "#frame", "uv": [ 0.0, 0.0, 16.0, 1.0 ] },
								"up": { "texture": "#frame", "uv": [ 0.0, 0.0, 3.0, 16.0 ] },
								"down": { "texture": "#frame", "uv": [ 0.0, 0.0, 3.0, 16.0 ] }
							}
						}
					]
				},
				{
					"name": "Cube427",
					"from": [ 13.5, 7.75, -8.01 ], 
					"to": [ 16.5, 8.75, 7.99 ], 
					"rotationOrigin": [ 13.5, 7.75, -7.5 ],
					"rotationZ": 45.0,
					"faces": {
						"north": { "texture": "#frame", "uv": [ 0.0, 0.0, 3.0, 1.0 ] },
						"east": { "texture": "#frame", "uv": [ 0.0, 0.0, 16.0, 1.0 ] },
						"south": { "texture": "#frame", "uv": [ 0.0, 0.0, 3.0, 1.0 ] },
						"west": { "texture": "#frame", "uv": [ 0.0, 0.0, 16.0, 1.0 ] },
						"up": { "texture": "#frame", "uv": [ 0.0, 0.0, 3.0, 16.0 ] },
						"down": { "texture": "#frame", "uv": [ 0.0, 0.0, 3.0, 16.0 ] }
					},
					"children": [
						{
							"name": "Cube427",
							"from": [ 0.0, 0.0, 16.0 ], 
							"to": [ 3.0, 1.0, 32.0 ], 
							"rotationOrigin": [ 0.0, 0.0, 16.0 ],
							"faces": {
								"north": { "texture": "#frame", "uv": [ 0.0, 0.0, 3.0, 1.0 ] },
								"east": { "texture": "#frame", "uv": [ 0.0, 0.0, 16.0, 1.0 ] },
								"south": { "texture": "#frame", "uv": [ 0.0, 0.0, 3.0, 1.0 ] },
								"west": { "texture": "#frame", "uv": [ 0.0, 0.0, 16.0, 1.0 ] },
								"up": { "texture": "#frame", "uv": [ 0.0, 0.0, 3.0, 16.0 ] },
								"down": { "texture": "#frame", "uv": [ 0.0, 0.0, 3.0, 16.0 ] }
							}
						}
					]
				},
				{
					"name": "colorskidbrace-r-1.5",
					"from": [ -3.0, 15.0, 0.0 ], 
					"to": [ -2.0, 18.0, 16.0 ], 
					"rotationOrigin": [ -3.0, 15.0, 0.0 ],
					"faces": {
						"north": { "texture": "#metal", "uv": [ 0.0, 0.0, 1.0, 3.0 ] },
						"east": { "texture": "#metal", "uv": [ 0.0, 0.0, 16.0, 3.0 ] },
						"south": { "texture": "#metal", "uv": [ 0.0, 0.0, 1.0, 3.0 ] },
						"west": { "texture": "#metal", "uv": [ 0.0, 0.0, 16.0, 3.0 ] },
						"up": { "texture": "#metal", "uv": [ 0.0, 0.0, 1.0, 16.0 ] },
						"down": { "texture": "#metal", "uv": [ 0.0, 0.0, 1.0, 16.0 ] }
					},
					"children": [
						{
							"name": "colorskidbrace-r-1.67",
							"from": [ 21.0, 0.0, 0.0 ], 
							"to": [ 22.0, 3.0, 16.0 ], 
							"rotationOrigin": [ 21.0, 0.0, 0.0 ],
							"faces": {
								"north": { "texture": "#metal", "uv": [ 0.0, 0.0, 1.0, 3.0 ] },
								"east": { "texture": "#metal", "uv": [ 0.0, 0.0, 16.0, 3.0 ] },
								"south": { "texture": "#metal", "uv": [ 0.0, 0.0, 1.0, 3.0 ] },
								"west": { "texture": "#metal", "uv": [ 0.0, 0.0, 16.0, 3.0 ] },
								"up": { "texture": "#metal", "uv": [ 0.0, 0.0, 1.0, 16.0 ] },
								"down": { "texture": "#metal", "uv": [ 0.0, 0.0, 1.0, 16.0 ] }
							}
						}
					]
				},
				{
					"name": "subbase-2.68",
					"from": [ 13.9, 10.63, 15.0 ], 
					"to": [ 17.9, 12.63, 17.0 ], 
					"rotationOrigin": [ 17.0, 10.0, 21.0 ],
					"rotationZ": 30.0,
					"faces": {
						"north": { "texture": "#frame", "uv": [ 8.0, 4.0, 12.0, 6.0 ] },
						"east": { "texture": "#frame", "uv": [ 0.0, 12.5, 2.0, 14.5 ] },
						"south": { "texture": "#frame", "uv": [ 6.5, 8.0, 10.5, 10.0 ] },
						"west": { "texture": "#frame", "uv": [ 0.0, 6.5, 2.0, 8.5 ] },
						"up": { "texture": "#frame", "uv": [ 10.0, 0.0, 14.0, 2.0 ] },
						"down": { "texture": "#frame", "uv": [ 9.5, 0.0, 13.5, 2.0 ] }
					},
					"children": [
						{
							"name": "subbase-2.69",
							"from": [ -14.3864, 7.004, 0.0 ], 
							"to": [ -10.3864, 9.004, 2.0 ], 
							"rotationOrigin": [ -11.2564, 6.504, 13.0 ],
							"rotationZ": -60.0,
							"faces": {
								"north": { "texture": "#frame", "uv": [ 6.0, 4.0, 10.0, 6.0 ] },
								"east": { "texture": "#frame", "uv": [ 0.0, 9.0, 2.0, 11.0 ] },
								"south": { "texture": "#frame", "uv": [ 9.0, 6.5, 13.0, 8.5 ] },
								"west": { "texture": "#frame", "uv": [ 0.0, 3.5, 2.0, 5.5 ] },
								"up": { "texture": "#frame", "uv": [ 11.5, 0.0, 15.5, 2.0 ] },
								"down": { "texture": "#frame", "uv": [ 11.5, 0.0, 15.5, 2.0 ] }
							}
						},
						{
							"name": "subbase-2.70",
							"from": [ 3.8321, 1.2981, 0.01 ], 
							"to": [ 7.8321, 3.2981, 2.01 ], 
							"rotationOrigin": [ 6.332, 0.9681, 13.0 ],
							"rotationZ": 30.0,
							"faces": {
								"north": { "texture": "#frame", "uv": [ 8.5, 4.0, 12.5, 6.0 ] },
								"east": { "texture": "#frame", "uv": [ 0.0, 8.5, 2.0, 10.5 ] },
								"south": { "texture": "#frame", "uv": [ 9.0, 4.0, 13.0, 6.0 ] },
								"west": { "texture": "#frame", "uv": [ 0.0, 5.0, 2.0, 7.0 ] },
								"up": { "texture": "#frame", "uv": [ 9.0, 0.0, 13.0, 2.0 ] },
								"down": { "texture": "#frame", "uv": [ 9.0, 0.0, 13.0, 2.0 ] }
							}
						},
						{
							"name": "subbase-2.71",
							"from": [ -15.5805, 11.9321, 0.0 ], 
							"to": [ -11.5805, 13.9321, 2.0 ], 
							"rotationOrigin": [ -13.2205, 11.1021, 13.0 ],
							"rotationZ": -90.0,
							"faces": {
								"north": { "texture": "#frame", "uv": [ 7.5, 9.5, 11.5, 11.5 ] },
								"east": { "texture": "#frame", "uv": [ 0.0, 10.0, 2.0, 12.0 ] },
								"south": { "texture": "#frame", "uv": [ 7.5, 2.0, 11.5, 4.0 ] },
								"west": { "texture": "#frame", "uv": [ 0.0, 6.0, 2.0, 8.0 ] },
								"up": { "texture": "#frame", "uv": [ 1.0, 0.0, 5.0, 2.0 ] },
								"down": { "texture": "#frame", "uv": [ 1.0, 0.0, 5.0, 2.0 ] }
							}
						},
						{
							"name": "subbase-2.72",
							"from": [ 5.1681, 1.7941, 0.0 ], 
							"to": [ 7.1681, 4.7941, 2.0 ], 
							"rotationOrigin": [ 7.6981, 1.3341, 6.0 ],
							"rotationZ": -30.0,
							"faces": {
								"north": { "texture": "#frame", "uv": [ 11.0, 9.5, 13.0, 12.5 ] },
								"east": { "texture": "#frame", "uv": [ 2.0, 0.0, 5.0, 2.0 ], "rotation": 90 },
								"south": { "texture": "#frame", "uv": [ 8.0, 0.5, 10.0, 3.5 ] },
								"west": { "texture": "#frame", "uv": [ 6.0, 0.0, 9.0, 2.0 ], "rotation": 270 },
								"up": { "texture": "#frame", "uv": [ 11.5, 0.0, 13.5, 2.0 ] },
								"down": { "texture": "#frame", "uv": [ 4.5, 0.0, 6.5, 2.0 ] }
							}
						},
						{
							"name": "subbase-2.73",
							"from": [ -12.9485, 12.2941, 0.0 ], 
							"to": [ -10.9485, 15.2941, 2.0 ], 
							"rotationOrigin": [ -10.4885, 11.8341, 13.0 ],
							"rotationZ": -30.0,
							"faces": {
								"north": { "texture": "#frame", "uv": [ 13.0, 1.5, 15.0, 4.5 ] },
								"east": { "texture": "#frame", "uv": [ 1.0, 0.0, 4.0, 2.0 ], "rotation": 90 },
								"south": { "texture": "#frame", "uv": [ 12.0, 4.5, 14.0, 7.5 ] },
								"west": { "texture": "#frame", "uv": [ 5.5, 0.0, 8.5, 2.0 ], "rotation": 270 },
								"up": { "texture": "#frame", "uv": [ 6.5, 0.0, 8.5, 2.0 ] },
								"down": { "texture": "#frame", "uv": [ 11.0, 0.0, 13.0, 2.0 ] }
							}
						}
					]
				},
				{
					"name": "seatfront-cushionback.1",
					"from": [ 2.75, 13.39, 9.59 ], 
					"to": [ 13.25, 19.14, 10.09 ], 
					"rotationOrigin": [ 12.5, 13.912, 12.4954 ],
					"faces": {
						"north": { "texture": "#frame", "uv": [ 3.0, 8.5, 13.5, 14.0 ], "rotation": 180 },
						"east": { "texture": "#frame", "uv": [ 1.0, 12.5, 6.5, 13.0 ], "rotation": 90 },
						"south": { "texture": "#frame", "uv": [ 2.5, 4.5, 13.0, 10.0 ], "rotation": 180 },
						"west": { "texture": "#frame", "uv": [ 2.5, 14.5, 8.0, 15.0 ], "rotation": 90 },
						"up": { "texture": "#frame", "uv": [ 3.0, 1.5, 13.5, 2.0 ], "rotation": 180 },
						"down": { "texture": "#frame", "uv": [ 2.5, 7.5, 13.0, 8.0 ], "rotation": 180 }
					},
					"children": [
						{
							"name": "seatfront-cushionback.2",
							"from": [ 10.5, 0.0, 0.0 ], 
							"to": [ 13.25, 0.75, 0.5 ], 
							"rotationOrigin": [ 19.75, 0.522, 2.9054 ],
							"faces": {
								"north": { "texture": "#frame", "uv": [ 3.0, 8.5, 5.5, 9.0 ], "rotation": 180 },
								"east": { "texture": "#frame", "uv": [ 1.0, 12.5, 1.5, 13.0 ], "rotation": 90 },
								"south": { "texture": "#frame", "uv": [ 2.5, 4.5, 5.0, 5.0 ], "rotation": 180 },
								"west": { "texture": "#frame", "uv": [ 2.5, 14.5, 3.0, 15.0 ], "rotation": 90 },
								"up": { "texture": "#frame", "uv": [ 3.0, 1.5, 5.5, 2.0 ], "rotation": 180 },
								"down": { "texture": "#frame", "uv": [ 2.5, 7.5, 5.0, 8.0 ], "rotation": 180 }
							},
							"children": [
								{
									"name": "seatfront-cushionback.3",
									"from": [ -13.25, 0.0, 0.0 ], 
									"to": [ -10.5, 0.75, 0.5 ], 
									"rotationOrigin": [ -3.75, 0.522, 2.9054 ],
									"faces": {
										"north": { "texture": "#frame", "uv": [ 3.0, 8.5, 5.5, 9.0 ], "rotation": 180 },
										"east": { "texture": "#frame", "uv": [ 1.0, 12.5, 1.5, 13.0 ], "rotation": 90 },
										"south": { "texture": "#frame", "uv": [ 2.5, 4.5, 5.0, 5.0 ], "rotation": 180 },
										"west": { "texture": "#frame", "uv": [ 2.5, 14.5, 3.0, 15.0 ], "rotation": 90 },
										"up": { "texture": "#frame", "uv": [ 3.0, 1.5, 5.5, 2.0 ], "rotation": 180 },
										"down": { "texture": "#frame", "uv": [ 2.5, 7.5, 5.0, 8.0 ], "rotation": 180 }
									}
								}
							]
						}
					]
				},
				{
					"name": "seatfront-brace.1",
					"from": [ -2.0, 13.4, 9.0 ], 
					"to": [ 0.0, 17.4, 17.0 ], 
					"rotationOrigin": [ -2.0, 13.0, 9.0 ],
					"faces": {
						"north": { "texture": "#frame", "uv": [ 3.5, 9.5, 5.5, 13.5 ] },
						"east": { "texture": "#frame", "uv": [ 6.0, 6.0, 14.0, 10.0 ] },
						"south": { "texture": "#frame", "uv": [ 7.0, 10.0, 9.0, 14.0 ] },
						"west": { "texture": "#frame", "uv": [ 0.5, 4.0, 8.5, 8.0 ] },
						"up": { "texture": "#frame", "uv": [ 8.5, 3.0, 10.5, 11.0 ] },
						"down": { "texture": "#frame", "uv": [ 13.5, 3.5, 15.5, 11.5 ] }
					},
					"children": [
						{
							"name": "seatfront-brace.2",
							"from": [ 18.0, 0.0, 0.0 ], 
							"to": [ 20.0, 4.0, 8.0 ], 
							"rotationOrigin": [ 18.0, -0.4, 0.0 ],
							"faces": {
								"north": { "texture": "#frame", "uv": [ 4.5, 0.0, 6.5, 4.0 ] },
								"east": { "texture": "#frame", "uv": [ 2.5, 10.5, 10.5, 14.5 ] },
								"south": { "texture": "#frame", "uv": [ 9.5, 9.5, 11.5, 13.5 ] },
								"west": { "texture": "#frame", "uv": [ 4.5, 7.5, 12.5, 11.5 ] },
								"up": { "texture": "#frame", "uv": [ 8.5, 2.5, 10.5, 10.5 ] },
								"down": { "texture": "#frame", "uv": [ 7.0, 3.0, 9.0, 11.0 ] }
							}
						}
					]
				}
			]
		}
	]}