﻿[
 {
    "file": "game:recipes/barrel/primitivesurvival/fermentedfish.json",
    op: "add", 
    path: "/0/enabled", 
    value: "false",
    "side": "server",
    dependsOn: [{ "modid": "primitivesurvival", "invert": true }]
 },
 {
    "file": "game:recipes/barrel/primitivesurvival/fermentedfish.json",
    op: "add", 
    path: "/1/enabled", 
    value: "false",
    "side": "server",
    dependsOn: [{ "modid": "primitivesurvival", "invert": true }]
 },
 {
    "file": "game:recipes/barrel/primitivesurvival/fermentedfish.json",
    op: "add", 
    path: "/2/enabled", 
    value: "false",
    "side": "server",
    dependsOn: [{ "modid": "primitivesurvival", "invert": true }]
 },
 {
    "file": "game:recipes/barrel/primitivesurvival/fermentedfish.json",
    op: "add", 
    path: "/3/enabled", 
    value: "false",
    "side": "server",
    dependsOn: [{ "modid": "primitivesurvival", "invert": true }]
 },
]