{
	"editor": {
		"allAngles": false,
		"entityTextureMode": false
	},
	"textureWidth": 16,
	"textureHeight": 16,
	"textureSizes": {
	},
	"textures": {
		"cockatricemeat": "items/food/rawmeat"
	},
	"elements": [
		{
			"name": "tail",
			"from": [ 0.0, -0.6, 6.5 ],
			"to": [ 6.0, 3.4, 10.1 ],
			"rotationOrigin": [ 0.0, 1.5, 8.0 ],
			"rotationX": -90.0,
			"faces": {
				"north": { "texture": "#cockatricemeat", "uv": [ 2.5556, 0.75, 4.3333, 4.5278 ], "rotation": 90, "autoUv": false },
				"east": { "texture": "#cockatricemeat", "uv": [ 2.8611, 3.1944, 4.4167, 4.5278 ], "autoUv": false },
				"south": { "texture": "#cockatricemeat", "uv": [ 2.3056, 1.0, 4.0833, 4.5556 ], "rotation": 270, "autoUv": false },
				"west": { "texture": "#cockatricemeat", "uv": [ 1.25, 0.5, 4.75, 4.5 ] },
				"up": { "texture": "#cockatricemeat", "uv": [ 2.8056, 1.2222, 4.5833, 4.3333 ], "rotation": 270, "autoUv": false },
				"down": { "texture": "#cockatricemeat", "uv": [ 2.8333, 0.7222, 4.6111, 4.5 ], "autoUv": false }
			},
			"children": [
				{
					"name": "tail2",
					"from": [ 5.5, 1.1, 0.5 ],
					"to": [ 11.5, 4.1, 3.1 ],
					"rotationOrigin": [ 6.0, 2.6, 1.8 ],
					"rotationY": 5.0,
					"rotationZ": 5.0,
					"faces": {
						"north": { "texture": "#cockatricemeat", "uv": [ 0.9167, 1.3056, 4.4167, 3.2778 ], "autoUv": false },
						"east": { "texture": "#cockatricemeat", "uv": [ 2.6111, 1.9722, 4.6111, 3.5278 ], "autoUv": false },
						"south": { "texture": "#cockatricemeat", "uv": [ 1.25, 1.8056, 4.5556, 4.25 ], "autoUv": false },
						"west": { "texture": "#cockatricemeat", "uv": [ 2.1667, 1.5556, 4.8333, 4.0 ], "autoUv": false },
						"up": { "texture": "#cockatricemeat", "uv": [ 1.8611, 2.0556, 4.5278, 3.3889 ], "autoUv": false },
						"down": { "texture": "#cockatricemeat", "uv": [ 1.7222, 2.5278, 4.6111, 4.3056 ], "autoUv": false }
					},
					"children": [
						{
							"name": "tail3",
							"from": [ 5.5, 0.6, 0.3 ],
							"to": [ 11.5, 3.1, 2.3 ],
							"rotationOrigin": [ 6.0, 2.0, 1.3 ],
							"rotationZ": 2.0,
							"faces": {
								"north": { "texture": "#cockatricemeat", "uv": [ 1.2222, 1.7778, 4.7778, 3.7778 ], "autoUv": false },
								"east": { "texture": "#cockatricemeat", "uv": [ 2.1389, 1.0278, 4.1389, 3.0278 ], "autoUv": false },
								"south": { "texture": "#cockatricemeat", "uv": [ 1.8611, 1.7778, 4.3333, 3.75 ], "autoUv": false },
								"west": { "texture": "#cockatricemeat", "uv": [ 2.0, 2.0, 4.0, 4.5 ] },
								"up": { "texture": "#cockatricemeat", "uv": [ 1.0, 1.75, 4.75, 3.5 ], "autoUv": false },
								"down": { "texture": "#cockatricemeat", "uv": [ 1.25, 1.5, 4.25, 3.5 ], "autoUv": false }
							},
							"children": [
								{
									"name": "tail4",
									"from": [ 5.8, 1.0, 0.2 ],
									"to": [ 11.8, 2.5, 1.7 ],
									"rotationOrigin": [ 6.0, 1.4, 1.0 ],
									"rotationY": -5.0,
									"rotationZ": -5.0,
									"faces": {
										"north": { "texture": "#cockatricemeat", "uv": [ 1.0, 2.75, 4.75, 4.25 ], "autoUv": false },
										"east": { "texture": "#cockatricemeat", "uv": [ 2.75, 1.75, 4.25, 3.25 ] },
										"south": { "texture": "#cockatricemeat", "uv": [ 1.0, 2.75, 4.5, 4.25 ], "autoUv": false },
										"west": { "texture": "#cockatricemeat", "uv": [ 2.5, 2.5, 4.0, 4.0 ] },
										"up": { "texture": "#cockatricemeat", "uv": [ 1.25, 2.5, 4.75, 3.75 ], "autoUv": false },
										"down": { "texture": "#cockatricemeat", "uv": [ 1.0, 2.25, 4.25, 4.25 ], "autoUv": false }
									},
									"children": [
										{
											"name": "Cube24",
											"from": [ 0.0, -0.1, 0.15 ],
											"to": [ 6.0, 0.9, 1.35 ],
											"rotationOrigin": [ 6.0, -0.1, 0.8 ],
											"rotationZ": 5.0,
											"faces": {
												"north": { "texture": "#cockatricemeat", "uv": [ 0.5278, 5.0, 3.4167, 6.1111 ], "autoUv": false },
												"east": { "texture": "#cockatricemeat", "uv": [ 2.0, 5.25, 3.0, 6.25 ] },
												"south": { "texture": "#cockatricemeat", "uv": [ 1.0, 5.4167, 4.1111, 6.3056 ], "autoUv": false },
												"west": { "texture": "#cockatricemeat", "uv": [ 2.0, 5.25, 3.0, 6.25 ] },
												"up": { "texture": "#cockatricemeat", "uv": [ 0.75, 5.2222, 4.0833, 6.3333 ], "autoUv": false },
												"down": { "texture": "#cockatricemeat", "uv": [ 0.75, 5.2222, 3.6389, 6.1111 ], "autoUv": false }
											}
										},
										{
											"name": "tail5",
											"from": [ 6.0, 0.5, 0.2 ],
											"to": [ 10.0, 1.5, 1.2 ],
											"rotationOrigin": [ 6.0, 1.0, 0.8 ],
											"rotationZ": -5.0,
											"faces": {
												"north": { "texture": "#cockatricemeat", "uv": [ 0.75, 3.0, 4.75, 4.0 ] },
												"east": { "texture": "#cockatricemeat", "uv": [ 2.75, 3.25, 3.75, 4.25 ] },
												"south": { "texture": "#cockatricemeat", "uv": [ 1.25, 2.25, 4.5, 3.25 ], "autoUv": false },
												"west": { "texture": "#cockatricemeat", "uv": [ 2.75, 3.0, 3.75, 4.0 ] },
												"up": { "texture": "#cockatricemeat", "uv": [ 1.0, 2.75, 4.75, 3.75 ], "autoUv": false },
												"down": { "texture": "#cockatricemeat", "uv": [ 1.25, 2.75, 4.5, 3.75 ], "autoUv": false }
											},
											"children": [
												{
													"name": "Cube27",
													"from": [ 0.0, -0.5, 0.3 ],
													"to": [ 3.0, 0.0, 0.7 ],
													"rotationOrigin": [ 0.0, -0.5, 0.4 ],
													"rotationZ": 9.0,
													"faces": {
														"north": { "texture": "#cockatricemeat", "uv": [ 1.0, 5.75, 4.0, 6.25 ] },
														"east": { "texture": "#cockatricemeat", "uv": [ 2.0, 5.25, 2.25, 5.75 ] },
														"south": { "texture": "#cockatricemeat", "uv": [ 1.25, 5.5, 4.25, 6.0 ] },
														"west": { "texture": "#cockatricemeat", "uv": [ 2.5, 5.75, 2.75, 6.25 ] },
														"up": { "texture": "#cockatricemeat", "uv": [ 0.5, 5.5, 3.5, 5.75 ] },
														"down": { "texture": "#cockatricemeat", "uv": [ 1.25, 5.75, 4.25, 6.0 ] }
													}
												},
												{
													"name": "tail6",
													"from": [ 4.0, 0.4, 0.3 ],
													"to": [ 8.0, 0.9, 0.7 ],
													"rotationOrigin": [ 4.0, 0.5, 0.4 ],
													"rotationZ": -5.0,
													"faces": {
														"north": { "texture": "#cockatricemeat", "uv": [ 1.5, 3.5, 4.25, 4.0 ], "autoUv": false },
														"east": { "texture": "#cockatricemeat", "uv": [ 4.25, 3.25, 4.5, 3.75 ] },
														"south": { "texture": "#cockatricemeat", "uv": [ 1.25, 3.25, 4.25, 3.75 ], "autoUv": false },
														"west": { "texture": "#cockatricemeat", "uv": [ 3.25, 3.5, 3.5, 4.0 ] },
														"up": { "texture": "#cockatricemeat", "uv": [ 1.5, 3.5, 4.5, 3.75 ], "autoUv": false },
														"down": { "texture": "#cockatricemeat", "uv": [ 1.25, 3.75, 4.75, 4.0 ], "autoUv": false }
													},
													"children": [
														{
															"name": "Cube28",
															"from": [ 0.0, -0.2, 0.1 ],
															"to": [ 2.5, 0.1, 0.3 ],
															"rotationOrigin": [ 0.0, -0.3, 0.1 ],
															"rotationZ": 7.0,
															"faces": {
																"north": { "texture": "#cockatricemeat", "uv": [ 0.75, 5.75, 3.25, 6.0 ] },
																"east": { "texture": "#cockatricemeat", "uv": [ 1.5, 6.0, 1.75, 6.25 ] },
																"south": { "texture": "#cockatricemeat", "uv": [ 1.25, 6.0, 3.75, 6.25 ] },
																"west": { "texture": "#cockatricemeat", "uv": [ 2.25, 5.75, 2.5, 6.0 ] },
																"up": { "texture": "#cockatricemeat", "uv": [ 0.5, 5.75, 3.0, 6.0 ] },
																"down": { "texture": "#cockatricemeat", "uv": [ 1.5, 6.0, 4.0, 6.25 ] }
															}
														}
													]
												}
											]
										}
									]
								},
								{
									"name": "Cube23",
									"from": [ 0.0, 0.19, 0.2 ],
									"to": [ 6.0, 1.69, 1.85 ],
									"rotationOrigin": [ 6.0, 0.9, 1.0 ],
									"rotationZ": 8.0,
									"faces": {
										"north": { "texture": "#cockatricemeat", "uv": [ 1.5, 5.25, 3.8889, 6.0833 ], "autoUv": false },
										"east": { "texture": "#cockatricemeat", "uv": [ 2.0, 5.25, 3.5, 6.0 ], "autoUv": false },
										"south": { "texture": "#cockatricemeat", "uv": [ 0.75, 5.2778, 3.8611, 6.1111 ], "autoUv": false },
										"west": { "texture": "#cockatricemeat", "uv": [ 2.0, 5.5, 3.25, 6.5 ], "autoUv": false },
										"down": { "texture": "#cockatricemeat", "uv": [ 0.75, 5.25, 3.6111, 6.0556 ], "autoUv": false }
									}
								}
							]
						},
						{
							"name": "Cube22",
							"from": [ 0.0, -0.21, 0.2 ],
							"to": [ 6.0, 1.29, 2.4 ],
							"rotationOrigin": [ 6.0, 0.5, 1.3 ],
							"rotationZ": 8.0,
							"faces": {
								"north": { "texture": "#cockatricemeat", "uv": [ 1.5, 5.0, 3.6944, 6.0556 ], "autoUv": false },
								"east": { "texture": "#cockatricemeat", "uv": [ 1.5, 5.25, 3.5, 6.25 ], "autoUv": false },
								"south": { "texture": "#cockatricemeat", "uv": [ 1.4722, 5.25, 3.6389, 6.3333 ], "autoUv": false },
								"west": { "texture": "#cockatricemeat", "uv": [ 1.25, 5.25, 3.0, 6.25 ], "autoUv": false },
								"up": { "texture": "#cockatricemeat", "uv": [ 1.9444, 5.25, 3.6944, 6.3333 ], "autoUv": false },
								"down": { "texture": "#cockatricemeat", "uv": [ 1.5, 5.25, 4.1389, 6.3333 ], "autoUv": false }
							}
						}
					]
				},
				{
					"name": "Cube21",
					"from": [ 0.0, -0.4, 0.65 ],
					"to": [ 6.0, 2.6, 3.05 ],
					"rotationOrigin": [ 6.0, 0.6, 1.8 ],
					"rotationZ": 16.0,
					"faces": {
						"north": { "texture": "#cockatricemeat", "uv": [ 1.0, 4.8611, 3.3611, 6.25 ], "rotation": 180, "autoUv": false },
						"east": { "texture": "#cockatricemeat", "uv": [ 1.6944, 5.0, 3.4722, 6.5556 ], "autoUv": false },
						"south": { "texture": "#cockatricemeat", "uv": [ 1.2778, 5.0833, 3.6944, 6.5 ], "rotation": 180, "autoUv": false },
						"west": { "texture": "#cockatricemeat", "uv": [ 0.75, 5.0278, 3.0, 6.5278 ], "autoUv": false },
						"up": { "texture": "#cockatricemeat", "uv": [ 1.25, 5.0278, 4.1389, 6.5833 ], "autoUv": false },
						"down": { "texture": "#cockatricemeat", "uv": [ 0.7778, 5.0278, 4.1111, 6.5833 ], "autoUv": false }
					}
				}
			]
		},
		{
			"name": "Cube2",
			"from": [ -0.5, 1.4, 8.0 ],
			"to": [ 0.0, 2.4, 9.0 ],
			"rotationOrigin": [ -0.5, 1.9, 9.0 ],
			"faces": {
				"north": { "texture": "#cockatricemeat", "uv": [ 0.5, 13.25, 1.0, 14.25 ] },
				"east": { "texture": "#cockatricemeat", "uv": [ 0.25, 13.25, 1.25, 14.25 ] },
				"south": { "texture": "#cockatricemeat", "uv": [ 0.5, 13.5, 1.0, 14.5 ] },
				"west": { "texture": "#cockatricemeat", "uv": [ 0.25, 13.5, 1.25, 14.5 ] },
				"up": { "texture": "#cockatricemeat", "uv": [ 0.75, 13.5, 1.25, 14.5 ] },
				"down": { "texture": "#cockatricemeat", "uv": [ 0.5, 13.75, 1.0, 14.75 ] }
			}
		},
		{
			"name": "Cube3",
			"from": [ -0.3, 0.4, 6.5 ],
			"to": [ 0.0, 3.4, 9.8 ],
			"rotationOrigin": [ -0.5, 1.9, 8.0 ],
			"faces": {
				"north": { "texture": "#cockatricemeat", "uv": [ 0.25, 5.5, 3.25, 5.75 ], "rotation": 90 },
				"east": { "texture": "#cockatricemeat", "uv": [ 0.75, 5.0, 3.0, 6.5 ], "autoUv": false },
				"south": { "texture": "#cockatricemeat", "uv": [ 0.75, 5.75, 3.75, 6.0 ], "rotation": 90 },
				"west": { "texture": "#cockatricemeat", "uv": [ 1.0, 5.0, 3.75, 6.5 ], "autoUv": false },
				"up": { "texture": "#cockatricemeat", "uv": [ 0.5, 5.25, 3.75, 5.5 ], "rotation": 90 },
				"down": { "texture": "#cockatricemeat", "uv": [ 1.25, 5.75, 4.5, 6.0 ], "rotation": 90 }
			}
		},
		{
			"name": "Cube4",
			"from": [ -0.5, 1.65, 7.4 ],
			"to": [ 0.0, 2.15, 8.0 ],
			"rotationOrigin": [ -0.5, 1.9, 8.0 ],
			"faces": {
				"north": { "texture": "#cockatricemeat", "uv": [ 0.5, 13.25, 1.0, 13.75 ] },
				"east": { "texture": "#cockatricemeat", "uv": [ 0.25, 13.25, 0.75, 13.75 ] },
				"south": { "texture": "#cockatricemeat", "uv": [ 0.5, 13.5, 1.0, 14.0 ] },
				"west": { "texture": "#cockatricemeat", "uv": [ 0.25, 13.5, 0.75, 14.0 ] },
				"up": { "texture": "#cockatricemeat", "uv": [ 0.75, 13.5, 1.25, 14.0 ] },
				"down": { "texture": "#cockatricemeat", "uv": [ 0.5, 13.75, 1.0, 14.25 ] }
			}
		}
	]}