{
	"editor": {
		"allAngles": true,
		"entityTextureMode": false
	},
	"textureWidth": 64,
	"textureHeight": 64,
	"textureSizes": {
		"seraph": [64,64]
	},
	"textures": {
	},
	"elements": [
		{
			"name": "UpperArmR",
			"from": [ 9.0, 3.0, 8.0 ], 
			"to": [ 12.0, 10.0, 10.0 ], 
			"rotationOrigin": [ 9.0, 3.0, 8.0 ],
			"rotationX": 86.0,
			"rotationZ": 180.0,
			"faces": {
				"north": { "texture": "#seraph", "uv": [ 33.0, 41.5, 36.0, 48.5 ] },
				"east": { "texture": "#seraph", "uv": [ 31.0, 41.5, 33.0, 48.5 ] },
				"south": { "texture": "#seraph", "uv": [ 38.0, 41.5, 41.0, 48.5 ] },
				"west": { "texture": "#seraph", "uv": [ 36.0, 41.5, 38.0, 48.5 ] },
				"up": { "texture": "#seraph", "uv": [ 36.0, 38.5, 38.0, 41.5 ], "rotation": 90 },
				"down": { "texture": "#seraph", "uv": [ 36.0, 48.5, 38.0, 51.5 ], "rotation": 90 }
			},
			"children": [
				{
					"name": "LowerArmR",
					"from": [ 0.1, -7.3, 0.1 ], 
					"to": [ 2.6, 0.7, 2.1 ], 
					"rotationOrigin": [ 1.3, 0.7, 1.1 ],
					"rotationX": -8.0,
					"rotationZ": -6.0,
					"faces": {
						"north": { "texture": "#seraph", "uv": [ 33.5, 51.5, 36.0, 59.5 ] },
						"east": { "texture": "#seraph", "uv": [ 31.5, 51.5, 33.5, 59.5 ] },
						"south": { "texture": "#seraph", "uv": [ 38.0, 51.5, 40.5, 59.5 ] },
						"west": { "texture": "#seraph", "uv": [ 36.0, 51.5, 38.0, 59.5 ] },
						"up": { "texture": "#seraph", "uv": [ 36.0, 49.0, 38.0, 51.5 ], "rotation": 90 },
						"down": { "texture": "#seraph", "uv": [ 36.0, 59.5, 38.0, 62.0 ], "rotation": 90 }
					}
				}
			]
		}
	],
	"animations": [
		{
			"name": "Shield up",
			"code": "shieldup",
			"quantityframes": 35,
			"onActivityStopped": "Rewind",
			"onAnimationEnd": "Hold",
			"keyframes": [

			]
		},

		{
			"name": "Bow aim",
			"code": "bowaim",
			"quantityframes": 16,
			"onActivityStopped": "EaseOut",
			"onAnimationEnd": "Hold",
			"keyframes": [

			]
		},

		{
			"name": "Throw aim",
			"code": "throwaim",
			"quantityframes": 10,
			"onActivityStopped": "EaseOut",
			"onAnimationEnd": "Hold",
			"keyframes": [

			]
		},

		{
			"name": "Holding both hands up",
			"code": "holdbothhandsup",
			"quantityframes": 30,
			"onActivityStopped": "EaseOut",
			"onAnimationEnd": "Hold",
			"keyframes": [

			]
		},

		{
			"name": "Left hand up",
			"code": "lefthandup",
			"quantityframes": 30,
			"onActivityStopped": "Rewind",
			"onAnimationEnd": "Hold",
			"keyframes": [

			]
		},

		{
			"name": "Right hand up",
			"code": "righthandup",
			"quantityframes": 30,
			"onActivityStopped": "Rewind",
			"onAnimationEnd": "Hold",
			"keyframes": [

			]
		}
	]
}