[
    {
        "op": "add",
        "path": "/server/behaviors/-",
        "value": {
            "code": "questgiver",
            "questsByType": {
                "@.*-(soldier|archer)": [
                    "vsvillage:quest-recruitvillager"
                ],
                "*-farmer": [
                    "vsvillage:quest-gatherMeatForSeed",
                    "vsvillage:quest-gatherMeatForGrain",
                    "vsvillage:quest-gather10MeatFor4FlaxSeeds",
                    "vsvillage:quest-gather10MeatFor4CarrotSeeds",
                    "vsvillage:quest-gather10MeatFor4ParsnipSeeds",
                    "vsvillage:quest-gather10MeatFor4SpeltSeeds",
                    "vsvillage:quest-gather10MeatFor4OnionSeeds",
                    "vsvillage:quest-gather10MeatFor4TurnipSeeds",
                    "vsvillage:quest-sell1CheesewheelFor4Gears",
                    "vsvillage:quest-cull2HaresFor20Carrots",
                    "vsvillage:quest-cull2HaresFor20Spelt"
                ],
                "*-shepherd": [
                    "vsvillage:quest-gather16HayFor1BlueCheesewheel",
                    "vsvillage:quest-gather16HayFor1CheddarCheesewheel",
                    "vsvillage:quest-gather6GrainFor12Eggs",
                    "vsvillage:quest-gather24GrainFor18Poultry",
                    "vsvillage:quest-gather24GrainFor18Redmeat",
                    "vsvillage:quest-kill2WolvesFor8Gears",
                    "vsvillage:quest-kill3FoxesFor8Gear"
                ],
                "*-smith": [
                    "vsvillage:quest-gather12CharcoalFor4Gears",
                    "vsvillage:quest-buy1BlackGuardSword",
                    "vsvillage:quest-upgradeGambison"
                ],
                "*-mayor": [
                    "vsvillage:quest-kill50DriftersFor20Gears",
                    "vsvillage:quest-kill2NightmareDriftersFor12Gears"
                ],
                "*-herbalist": [
                    "vsvillage:quest-repairingAnOldSet1",
                    "vsvillage:quest-repairingAnOldSet2",
                    "vsvillage:quest-repairingAnOldSet3",
                    "vsvillage:quest-sell24HorsetailFor3Gears",
                    "vsvillage:quest-sell10PowderedSulfurFor2Gears",
                    "vsvillage:quest-healplayersetup",
                    "vsvillage:quest-healplayer"
                ],
                "*": []
            },
            "selectrandomByType": {
                "*-mayor": false,
                "*-soldier": false,
                "*-herbalist": false,
                "*": true
            },
            "selectrandomcount": 1
        },
        "file": "vsvillage:entities/villager.json",
        "dependsOn": [
            {
                "modid": "vsquest"
            }
        ]
    },
    {
        "op": "add",
        "path": "/client/behaviors/-",
        "value": {
            "code": "questgiver"
        },
        "file": "vsvillage:entities/villager.json",
        "dependsOn": [
            {
                "modid": "vsquest"
            }
        ]
    }
]