{
	"editor": {
		"allAngles": true,
		"entityTextureMode": true
	},
	"textureWidth": 80,
	"textureHeight": 56,
	"textureSizes": {
	},
	"textures": {
	},
	"elements": [
		{
			"name": "Head",
			"from": [ 8.54, 8.0, 5.7 ],
			"to": [ 16.54, 13.4, 10.3 ],
			"unwrapMode": 7,
			"unwrapRotation": 1,
			"autoUnwrap": false,
			"uv": [ 21.0, 36.5 ],
			"rotationOrigin": [ 12.5555, 11.0432, 7.95 ],
			"faces": {
				"north": { "texture": "#helarctosmalayanus", "uv": [ 31.0, 43.0, 36.0, 51.0 ], "rotation": 90, "windMode": [-1,-1,-1,-1], "windData": [0,1,1,1] },
				"east": { "texture": "#helarctosmalayanus", "uv": [ 2.5, 43.0, 7.0, 48.0 ], "windMode": [-1,-1,-1,-1], "windData": [0,1,1,0] },
				"south": { "texture": "#helarctosmalayanus", "uv": [ 21.5, 43.0, 26.5, 51.0 ], "rotation": 270, "windMode": [-1,-1,-1,-1], "windData": [0,1,1,1] },
				"west": { "texture": "#helarctosmalayanus", "uv": [ 49.5, 6.0, 54.0, 11.0 ], "rotation": 180, "windMode": [-1,-1,-1,-1], "windData": [0,0,1,1] },
				"up": { "texture": "#helarctosmalayanus", "uv": [ 26.5, 43.0, 31.0, 51.0 ], "rotation": 270 },
				"down": { "texture": "#helarctosmalayanus", "uv": [ 36.0, 43.0, 40.5, 51.0 ], "rotation": 90, "windMode": [-1,-1,-1,-1] }
			},
			"children": [
				{
					"name": "EyeLeft",
					"from": [ -0.9, 3.65, 0.93 ],
					"to": [ -0.2, 4.15, 1.53 ],
					"unwrapMode": 4,
					"unwrapRotation": 1,
					"uv": [ 14.4545, 25.9 ],
					"rotationOrigin": [ -0.42, 4.4, 1.15 ],
					"rotationY": -44.0,
					"faces": {
						"north": { "texture": "#helarctosmalayanus", "uv": [ 15.0, 27.0, 15.5, 27.5 ], "rotation": 90, "windMode": [-1,-1,-1,-1], "windData": [1,1,1,1] },
						"south": { "texture": "#helarctosmalayanus", "uv": [ 15.0, 26.0, 15.5, 26.5 ], "rotation": 90, "windMode": [-1,-1,-1,-1], "windData": [1,1,1,1] },
						"west": { "texture": "#helarctosmalayanus", "uv": [ 15.0, 26.5, 15.5, 27.0 ], "rotation": 90, "windMode": [-1,-1,-1,-1], "windData": [1,1,1,1] },
						"up": { "texture": "#helarctosmalayanus", "uv": [ 14.5, 26.5, 15.0, 27.0 ], "rotation": 180, "windMode": [-1,-1,-1,-1], "windData": [1,1,1,1] },
						"down": { "texture": "#helarctosmalayanus", "uv": [ 16.0, 26.5, 16.5, 27.0 ], "rotation": 180, "windMode": [-1,-1,-1,-1], "windData": [1,1,1,1] }
					},
					"children": [
						{
							"name": "EyeLeft2",
							"from": [ -0.03, 0.15, 0.1 ],
							"to": [ 0.67, 0.4, 0.5 ],
							"unwrapMode": 4,
							"unwrapRotation": 1,
							"uv": [ 16.0, 29.0 ],
							"rotationOrigin": [ 0.41, 0.74, 0.34 ],
							"faces": {
								"north": { "texture": "#helarctosmalayanus", "uv": [ 16.5, 30.0, 17.0, 30.5 ], "rotation": 90 },
								"south": { "texture": "#helarctosmalayanus", "uv": [ 16.5, 29.0, 17.0, 29.5 ], "rotation": 90, "windMode": [-1,-1,-1,-1], "windData": [1,1,1,1] },
								"west": { "texture": "#helarctosmalayanus", "uv": [ 16.5, 29.5, 17.0, 30.0 ], "rotation": 90, "windMode": [-1,-1,-1,-1], "windData": [1,1,1,1] },
								"up": { "texture": "#helarctosmalayanus", "uv": [ 16.0, 29.5, 16.5, 30.0 ], "rotation": 180, "windMode": [-1,-1,-1,-1], "windData": [1,1,1,1] },
								"down": { "texture": "#helarctosmalayanus", "uv": [ 17.0, 29.5, 17.5, 30.0 ], "rotation": 180, "windMode": [-1,-1,-1,-1], "windData": [1,1,1,1] }
							}
						}
					]
				},
				{
					"name": "EyeRight",
					"from": [ -0.82, 3.65, 3.07 ],
					"to": [ -0.12, 4.15, 3.67 ],
					"unwrapMode": 4,
					"unwrapRotation": 1,
					"uv": [ 14.4545, 25.9 ],
					"rotationOrigin": [ -0.15, 4.13, 3.41 ],
					"rotationY": 44.0,
					"faces": {
						"north": { "texture": "#helarctosmalayanus", "uv": [ 15.0, 27.0, 15.5, 27.5 ], "rotation": 90 },
						"south": { "texture": "#helarctosmalayanus", "uv": [ 15.0, 26.0, 15.5, 26.5 ], "rotation": 90, "windMode": [-1,-1,-1,-1], "windData": [1,1,1,1] },
						"west": { "texture": "#helarctosmalayanus", "uv": [ 15.0, 26.5, 15.5, 27.0 ], "rotation": 90, "windMode": [-1,-1,-1,-1], "windData": [1,1,1,1] },
						"up": { "texture": "#helarctosmalayanus", "uv": [ 14.5, 26.5, 15.0, 27.0 ], "rotation": 180, "windMode": [-1,-1,-1,-1], "windData": [1,1,1,1] },
						"down": { "texture": "#helarctosmalayanus", "uv": [ 16.0, 26.5, 16.5, 27.0 ], "rotation": 180, "windMode": [-1,-1,-1,-1], "windData": [1,1,1,1] }
					},
					"children": [
						{
							"name": "EyeRight2",
							"from": [ -0.04, 0.15, 0.1 ],
							"to": [ 0.66, 0.4, 0.5 ],
							"unwrapMode": 4,
							"unwrapRotation": 1,
							"uv": [ 16.0, 29.0 ],
							"rotationOrigin": [ 0.68, 0.62, 0.41 ],
							"faces": {
								"north": { "texture": "#helarctosmalayanus", "uv": [ 16.5, 30.0, 17.0, 30.5 ], "rotation": 90, "windMode": [-1,-1,-1,-1], "windData": [1,1,1,1] },
								"south": { "texture": "#helarctosmalayanus", "uv": [ 16.5, 29.0, 17.0, 29.5 ], "rotation": 90, "windMode": [-1,-1,-1,-1], "windData": [1,1,1,1] },
								"west": { "texture": "#helarctosmalayanus", "uv": [ 16.5, 29.5, 17.0, 30.0 ], "rotation": 90, "windMode": [-1,-1,-1,-1], "windData": [1,1,1,1] },
								"up": { "texture": "#helarctosmalayanus", "uv": [ 16.0, 29.5, 16.5, 30.0 ], "rotation": 180, "windMode": [-1,-1,-1,-1], "windData": [1,1,1,1] },
								"down": { "texture": "#helarctosmalayanus", "uv": [ 17.0, 29.5, 17.5, 30.0 ], "rotation": 180, "windMode": [-1,-1,-1,-1], "windData": [1,1,1,1] }
							}
						}
					]
				},
				{
					"name": "CheekLeft",
					"from": [ -1.17, 0.82, 2.57 ],
					"to": [ 0.83, 4.42, 3.32 ],
					"unwrapMode": 4,
					"uv": [ 69.5, 31.0 ],
					"rotationOrigin": [ -1.17, 0.81, 3.32 ],
					"rotationY": -39.0,
					"faces": {
						"south": { "texture": "#helarctosmalayanus", "uv": [ 69.5, 33.0, 71.5, 36.5 ], "windMode": [-1,-1,-1,-1], "windData": [0,0,1,1] },
						"up": { "texture": "#helarctosmalayanus", "uv": [ 69.5, 31.0, 70.0, 33.0 ], "rotation": 90 },
						"down": { "texture": "#helarctosmalayanus", "uv": [ 69.5, 36.5, 70.0, 38.5 ], "rotation": 90 }
					}
				},
				{
					"name": "CheekRight",
					"from": [ -0.73, 0.82, 1.14 ],
					"to": [ 1.27, 4.42, 1.89 ],
					"unwrapMode": 4,
					"autoUnwrap": false,
					"uv": [ 72.4545, 28.5 ],
					"rotationOrigin": [ -0.73, 0.88, 1.89 ],
					"rotationY": 39.0,
					"faces": {
						"north": { "texture": "#helarctosmalayanus", "uv": [ 72.5, 30.5, 74.5, 34.0 ] },
						"up": { "texture": "#helarctosmalayanus", "uv": [ 74.0, 28.5, 74.5, 30.5 ], "rotation": 90 },
						"down": { "texture": "#helarctosmalayanus", "uv": [ 74.0, 34.0, 74.5, 36.0 ], "rotation": 90 }
					}
				},
				{
					"name": "EarLeft",
					"from": [ 2.86, 2.82, -1.24 ],
					"to": [ 3.51, 4.27, 0.46 ],
					"unwrapMode": 4,
					"unwrapRotation": 1,
					"uv": [ 12.0, 41.65 ],
					"rotationOrigin": [ 3.34, 4.15, -0.45 ],
					"rotationX": -70.0,
					"rotationY": -15.0,
					"rotationZ": -30.0,
					"faces": {
						"north": { "texture": "#helarctosmalayanus", "uv": [ 12.5, 44.0, 13.5, 44.5 ], "rotation": 90, "windMode": [-1,-1,-1,-1], "windData": [1,1,1,1] },
						"east": { "texture": "#helarctosmalayanus", "uv": [ 13.5, 42.5, 14.5, 44.0 ], "rotation": 270, "windMode": [-1,-1,-1,-1], "windData": [1,1,1,1] },
						"south": { "texture": "#helarctosmalayanus", "uv": [ 12.5, 41.5, 13.5, 42.0 ], "rotation": 90, "windMode": [-1,-1,-1,-1], "windData": [1,1,1,1] },
						"west": { "texture": "#helarctosmalayanus", "uv": [ 12.5, 42.5, 13.5, 44.0 ], "rotation": 90, "windMode": [-1,-1,-1,-1], "windData": [1,1,1,1] },
						"up": { "texture": "#helarctosmalayanus", "uv": [ 12.0, 42.5, 12.5, 44.0 ], "rotation": 180, "windMode": [-1,-1,-1,-1] }
					},
					"children": [
						{
							"name": "EarLeft2",
							"from": [ 0.01, 0.62, 0.57 ],
							"to": [ 0.66, 1.82, 1.77 ],
							"unwrapMode": 4,
							"unwrapRotation": 1,
							"uv": [ 12.0, 45.3 ],
							"rotationOrigin": [ 0.62, 1.72, 1.28 ],
							"rotationX": 45.0,
							"faces": {
								"north": { "texture": "#helarctosmalayanus", "uv": [ 12.5, 46.5, 13.5, 47.0 ], "rotation": 90, "windMode": [-1,-1,-1,-1], "windData": [1,1,1,1] },
								"east": { "texture": "#helarctosmalayanus", "uv": [ 13.5, 45.5, 14.5, 46.5 ], "rotation": 270, "windMode": [-1,-1,-1,-1], "windData": [1,1,1,1] },
								"west": { "texture": "#helarctosmalayanus", "uv": [ 12.5, 45.5, 13.5, 46.5 ], "rotation": 90, "windMode": [-1,-1,-1,-1], "windData": [1,1,1,1] },
								"up": { "texture": "#helarctosmalayanus", "uv": [ 12.0, 45.5, 12.5, 46.5 ], "rotation": 180, "windMode": [-1,-1,-1,-1], "windData": [1,1,1,1] }
							}
						}
					]
				},
				{
					"name": "EarRight",
					"from": [ 2.67, 2.83, 4.18 ],
					"to": [ 3.32, 4.28, 5.88 ],
					"unwrapMode": 4,
					"unwrapRotation": 1,
					"uv": [ 12.0, 41.65 ],
					"rotationOrigin": [ 3.14, 4.17, 4.97 ],
					"rotationX": 70.0,
					"rotationY": 15.0,
					"rotationZ": -30.0,
					"faces": {
						"north": { "texture": "#helarctosmalayanus", "uv": [ 12.5, 44.0, 13.5, 44.5 ], "rotation": 90 },
						"east": { "texture": "#helarctosmalayanus", "uv": [ 13.5, 42.5, 14.5, 44.0 ], "rotation": 270, "windMode": [-1,-1,-1,-1], "windData": [1,1,1,1] },
						"south": { "texture": "#helarctosmalayanus", "uv": [ 12.5, 41.5, 13.5, 42.0 ], "rotation": 90, "windMode": [-1,-1,-1,-1], "windData": [1,1,1,1] },
						"west": { "texture": "#helarctosmalayanus", "uv": [ 12.5, 42.5, 13.5, 44.0 ], "rotation": 90, "windMode": [-1,-1,-1,-1], "windData": [1,1,1,1] },
						"up": { "texture": "#helarctosmalayanus", "uv": [ 12.0, 42.5, 12.5, 44.0 ], "rotation": 180, "windMode": [-1,-1,-1,-1], "windData": [0,0,0,0] }
					},
					"children": [
						{
							"name": "EarRight2",
							"from": [ 0.01, 0.63, 0.57 ],
							"to": [ 0.66, 1.83, 1.77 ],
							"unwrapMode": 4,
							"unwrapRotation": 1,
							"uv": [ 12.0, 45.3 ],
							"rotationOrigin": [ 0.62, 1.72, 1.28 ],
							"rotationX": 45.0,
							"faces": {
								"north": { "texture": "#helarctosmalayanus", "uv": [ 12.5, 46.5, 13.5, 47.0 ], "rotation": 90, "windMode": [-1,-1,-1,-1], "windData": [1,1,1,1] },
								"east": { "texture": "#helarctosmalayanus", "uv": [ 13.5, 45.5, 14.5, 46.5 ], "rotation": 270, "windMode": [-1,-1,-1,-1], "windData": [1,1,1,1] },
								"west": { "texture": "#helarctosmalayanus", "uv": [ 12.5, 45.5, 13.5, 46.5 ], "rotation": 90, "windMode": [-1,-1,-1,-1], "windData": [1,1,1,1] },
								"up": { "texture": "#helarctosmalayanus", "uv": [ 12.0, 45.5, 12.5, 46.5 ], "rotation": 180, "windMode": [-1,-1,-1,-1], "windData": [1,1,1,1] }
							}
						}
					]
				},
				{
					"name": "ForeheadPivotPoint",
					"from": [ -1.59, 3.74, 1.31 ],
					"to": [ -0.09, 6.38, 3.29 ],
					"unwrapMode": 4,
					"autoUnwrap": false,
					"uv": [ 71.5, 0.5 ],
					"rotationOrigin": [ -0.36, 4.6, 2.4 ],
					"rotationZ": 108.0,
					"faces": {
						"north": { "texture": "#helarctosmalayanus", "uv": [ 72.0, 2.5, 73.5, 5.0 ], "windMode": [-1,-1,-1,-1], "windData": [1,1,1,0] },
						"east": { "texture": "#helarctosmalayanus", "uv": [ 76.5, 2.5, 78.0, 5.0 ], "windMode": [-1,-1,-1,-1], "windData": [0,1,1,0] },
						"south": { "texture": "#helarctosmalayanus", "uv": [ 75.0, 2.5, 76.5, 5.0 ], "windMode": [-1,-1,-1,-1], "windData": [1,0,1,1] },
						"west": { "texture": "#helarctosmalayanus", "uv": [ 73.5, 2.5, 75.0, 5.0 ], "windMode": [-1,-1,-1,-1], "windData": [0,0,0,0] },
						"up": { "texture": "#helarctosmalayanus", "uv": [ 73.5, 0.5, 75.0, 2.0 ], "rotation": 90, "windMode": [-1,-1,-1,-1] },
						"down": { "texture": "#helarctosmalayanus", "uv": [ 73.5, 5.5, 75.0, 7.0 ], "rotation": 90, "windMode": [-1,-1,-1,-1], "windData": [0,0,0,0] }
					},
					"children": [
						{
							"name": "JawUpper",
							"from": [ -2.5, -1.84, -0.09 ],
							"to": [ 3.1, -0.59, 2.11 ],
							"unwrapMode": 7,
							"unwrapRotation": 1,
							"autoUnwrap": false,
							"uv": [ 71.2728, 10.4 ],
							"rotationOrigin": [ 0.87, 0.68, 0.65 ],
							"rotationZ": -119.0,
							"faces": {
								"north": { "texture": "#helarctosmalayanus", "uv": [ 73.5, 11.5, 74.5, 17.0 ], "rotation": 90 },
								"south": { "texture": "#helarctosmalayanus", "uv": [ 70.5, 11.5, 71.5, 17.0 ], "rotation": 270, "windMode": [-1,-1,-1,-1], "windData": [0,1,1,1] },
								"west": { "texture": "#helarctosmalayanus", "uv": [ 71.5, 10.5, 73.5, 11.5 ], "rotation": 180, "windMode": [-1,-1,-1,-1], "windData": [0,0,1,1] },
								"up": { "texture": "#helarctosmalayanus", "uv": [ 71.5, 11.5, 73.5, 17.0 ], "rotation": 270, "windMode": [-1,-1,-1,-1], "windData": [1,1,1,1] },
								"down": { "texture": "#helarctosmalayanus", "uv": [ 74.5, 11.5, 76.5, 17.0 ], "rotation": 90, "windMode": [-1,-1,-1,-1], "windData": [0,1,1,0] }
							},
							"children": [
								{
									"name": "Fang4",
									"from": [ 0.29, -0.39, 0.25 ],
									"to": [ 0.5, 0.0, 0.46 ],
									"unwrapMode": 7,
									"unwrapRotation": 1,
									"uv": [ 13.89, 15.78 ],
									"rotationOrigin": [ 0.29, -0.36, 0.25 ],
									"rotationZ": 2.0,
									"faces": {
										"north": { "texture": "#helarctosmalayanus", "uv": [ 14.5, 16.5, 15.0, 17.0 ], "rotation": 90, "windMode": [-1,-1,-1,-1], "windData": [0,1,1,0] },
										"east": { "texture": "#helarctosmalayanus", "uv": [ 14.5, 17.0, 15.0, 17.5 ], "windMode": [-1,-1,-1,-1], "windData": [0,1,1,0] },
										"south": { "texture": "#helarctosmalayanus", "uv": [ 14.0, 16.5, 14.5, 17.0 ], "rotation": 270, "windMode": [-1,-1,-1,-1], "windData": [0,0,1,1] },
										"west": { "texture": "#helarctosmalayanus", "uv": [ 14.5, 16.0, 15.0, 16.5 ], "rotation": 180, "windMode": [-1,-1,-1,-1], "windData": [0,0,1,1] },
										"down": { "texture": "#helarctosmalayanus", "uv": [ 15.0, 16.5, 15.5, 17.0 ], "rotation": 90, "windMode": [-1,-1,-1,-1] }
									},
									"children": [
										{
											"name": "Fang5",
											"from": [ 0.0, 0.0, 1.42 ],
											"to": [ 0.21, 0.39, 1.63 ],
											"unwrapMode": 7,
											"unwrapRotation": 1,
											"uv": [ 14.0, 15.78 ],
											"rotationOrigin": [ 0.0, 0.03, 1.42 ],
											"faces": {
												"north": { "texture": "#helarctosmalayanus", "uv": [ 14.5, 16.5, 15.0, 17.0 ], "rotation": 90 },
												"east": { "texture": "#helarctosmalayanus", "uv": [ 14.5, 17.0, 15.0, 17.5 ] },
												"south": { "texture": "#helarctosmalayanus", "uv": [ 14.0, 16.5, 14.5, 17.0 ], "rotation": 270 },
												"west": { "texture": "#helarctosmalayanus", "uv": [ 14.5, 16.0, 15.0, 16.5 ], "rotation": 180 },
												"down": { "texture": "#helarctosmalayanus", "uv": [ 15.0, 16.5, 15.5, 17.0 ], "rotation": 90 }
											}
										}
									]
								},
								{
									"name": "Fang6",
									"from": [ 0.27, -0.07, 0.4 ],
									"to": [ 0.48, 0.01, 1.74 ],
									"unwrapMode": 7,
									"unwrapRotation": 1,
									"uv": [ 14.3636, 14.15 ],
									"rotationOrigin": [ 0.34, -0.04, 0.4 ],
									"rotationZ": 2.0,
									"faces": {
										"north": { "texture": "#helarctosmalayanus", "uv": [ 14.5, 14.5, 15.0, 15.0 ], "rotation": 90 },
										"east": { "texture": "#helarctosmalayanus", "uv": [ 14.5455, 15.05, 15.4545, 15.4 ], "windMode": [-1,-1,-1,-1] },
										"south": { "texture": "#helarctosmalayanus", "uv": [ 14.5, 14.5, 15.0, 15.0 ], "rotation": 270, "windMode": [-1,-1,-1,-1] },
										"west": { "texture": "#helarctosmalayanus", "uv": [ 14.5, 14.0, 15.5, 14.5 ], "rotation": 180, "windMode": [-1,-1,-1,-1] },
										"down": { "texture": "#helarctosmalayanus", "uv": [ 14.5, 14.5, 15.5, 15.0 ], "rotation": 90, "windMode": [-1,-1,-1,-1] }
									}
								},
								{
									"name": "NoseBridge",
									"from": [ 0.32, 0.9, 0.14 ],
									"to": [ 3.6, 2.67, 2.02 ],
									"unwrapMode": 7,
									"unwrapRotation": 1,
									"autoUnwrap": false,
									"uv": [ 74.1818, 5.7 ],
									"rotationOrigin": [ 3.65, 3.81, 0.94 ],
									"rotationZ": 9.0,
									"faces": {
										"north": { "texture": "#helarctosmalayanus", "uv": [ 77.5, 7.5, 79.0, 10.5 ], "rotation": 90 },
										"south": { "texture": "#helarctosmalayanus", "uv": [ 74.5, 7.5, 76.0, 10.5 ], "rotation": 270, "windMode": [-1,-1,-1,-1], "windData": [1,1,1,1] },
										"west": { "texture": "#helarctosmalayanus", "uv": [ 76.0, 5.5, 77.5, 7.0 ], "rotation": 180, "windMode": [-1,-1,-1,-1], "windData": [1,1,1,1] },
										"up": { "texture": "#helarctosmalayanus", "uv": [ 76.0, 7.5, 77.5, 10.5 ], "rotation": 270, "windMode": [-1,-1,-1,-1], "windData": [1,1,1,1] }
									},
									"children": [
										{
											"name": "NoseButton",
											"from": [ -0.77, 0.73, -0.06 ],
											"to": [ 0.03, 1.83, 1.14 ],
											"unwrapMode": 7,
											"unwrapRotation": 1,
											"uv": [ 15.4545, 41.15 ],
											"rotationOrigin": [ -0.31, 1.23, 0.52 ],
											"rotationX": -19.0,
											"rotationY": 1.5,
											"rotationZ": -3.0,
											"faces": {
												"north": { "texture": "#helarctosmalayanus", "uv": [ 17.5, 42.5, 18.5, 43.0 ], "rotation": 90 },
												"east": { "texture": "#helarctosmalayanus", "uv": [ 16.5, 43.0, 17.5, 44.0 ] },
												"south": { "texture": "#helarctosmalayanus", "uv": [ 15.5, 42.5, 16.5, 43.0 ], "rotation": 270 },
												"west": { "texture": "#helarctosmalayanus", "uv": [ 16.5, 41.0, 17.5, 42.0 ], "rotation": 180 },
												"up": { "texture": "#helarctosmalayanus", "uv": [ 16.5, 42.5, 17.5, 43.0 ], "rotation": 270 },
												"down": { "texture": "#helarctosmalayanus", "uv": [ 18.5, 42.5, 19.5, 43.0 ], "rotation": 90 }
											},
											"children": [
												{
													"name": "NoseButton2",
													"from": [ -0.01, -0.22, 0.79 ],
													"to": [ 0.79, 0.88, 1.99 ],
													"unwrapMode": 7,
													"unwrapRotation": 1,
													"uv": [ 15.5, 45.0 ],
													"rotationOrigin": [ 0.41, 0.32, 1.34 ],
													"rotationX": 34.4,
													"faces": {
														"north": { "texture": "#helarctosmalayanus", "uv": [ 17.5, 46.0, 18.5, 46.5 ], "rotation": 90 },
														"east": { "texture": "#helarctosmalayanus", "uv": [ 16.5, 46.5, 17.5, 47.5 ] },
														"south": { "texture": "#helarctosmalayanus", "uv": [ 15.5, 46.0, 16.5, 46.5 ], "rotation": 270 },
														"west": { "texture": "#helarctosmalayanus", "uv": [ 16.5, 45.0, 17.5, 46.0 ], "rotation": 180 },
														"up": { "texture": "#helarctosmalayanus", "uv": [ 16.5, 46.0, 17.5, 46.5 ], "rotation": 270 },
														"down": { "texture": "#helarctosmalayanus", "uv": [ 18.5, 46.0, 19.5, 46.5 ], "rotation": 90 }
													}
												}
											]
										}
									]
								}
							]
						}
					]
				},
				{
					"name": "JawLower",
					"from": [ -3.54, 1.5, 1.22 ],
					"to": [ 0.79, 1.83, 3.42 ],
					"unwrapMode": 4,
					"uv": [ 68.5, 37.0 ],
					"rotationOrigin": [ -1.08, 1.56, 2.53 ],
					"rotationZ": 14.0,
					"faces": {
						"north": { "texture": "#helarctosmalayanus", "uv": [ 68.5, 41.0, 72.5, 41.5 ], "windMode": [-1,-1,-1,-1], "windData": [0,0,1,0] },
						"south": { "texture": "#helarctosmalayanus", "uv": [ 74.5, 41.0, 78.5, 41.5 ], "windMode": [-1,-1,-1,-1], "windData": [0,0,1,0] },
						"west": { "texture": "#helarctosmalayanus", "uv": [ 72.5, 41.0, 74.5, 41.5 ], "windMode": [-1,-1,-1,-1] },
						"up": { "texture": "#helarctosmalayanus", "uv": [ 72.5, 37.0, 74.5, 41.0 ], "rotation": 90, "windMode": [-1,-1,-1,-1], "windData": [0,0,1,1] },
						"down": { "texture": "#helarctosmalayanus", "uv": [ 72.5, 41.5, 74.5, 45.5 ], "rotation": 90, "windMode": [-1,-1,-1,-1] }
					},
					"children": [
						{
							"name": "Fang1",
							"from": [ 0.25, 0.37, 0.27 ],
							"to": [ 0.46, 0.84, 0.48 ],
							"unwrapMode": 7,
							"unwrapRotation": 1,
							"uv": [ 13.94, 15.78 ],
							"rotationOrigin": [ 0.25, 0.37, 0.27 ],
							"faces": {
								"north": { "texture": "#helarctosmalayanus", "uv": [ 15.0, 16.5, 15.5, 17.0 ], "rotation": 90 },
								"east": { "texture": "#helarctosmalayanus", "uv": [ 14.5, 17.0, 15.0, 17.5 ], "windMode": [-1,-1,-1,-1], "windData": [0,1,1,0] },
								"south": { "texture": "#helarctosmalayanus", "uv": [ 14.0, 16.5, 14.5, 17.0 ], "rotation": 270, "windMode": [-1,-1,-1,-1], "windData": [0,0,1,1] },
								"west": { "texture": "#helarctosmalayanus", "uv": [ 14.5, 16.0, 15.0, 16.5 ], "rotation": 180, "windMode": [-1,-1,-1,-1], "windData": [0,0,1,1] },
								"up": { "texture": "#helarctosmalayanus", "uv": [ 14.5, 16.5, 15.0, 17.0 ], "rotation": 270, "windMode": [-1,-1,-1,-1], "windData": [1,1,1,1] }
							},
							"children": [
								{
									"name": "Fang2",
									"from": [ 0.0, -0.07, 1.42 ],
									"to": [ 0.21, 0.39, 1.63 ],
									"unwrapMode": 7,
									"unwrapRotation": 1,
									"uv": [ 14.0, 16.0 ],
									"rotationOrigin": [ 0.0, -0.07, 1.42 ],
									"faces": {
										"north": { "texture": "#helarctosmalayanus", "uv": [ 15.0, 16.5, 15.5, 17.0 ], "rotation": 90 },
										"east": { "texture": "#helarctosmalayanus", "uv": [ 14.5, 17.0, 15.0, 17.5 ], "windMode": [-1,-1,-1,-1], "windData": [0,1,1,0] },
										"south": { "texture": "#helarctosmalayanus", "uv": [ 14.0, 16.5, 14.5, 17.0 ], "rotation": 270, "windMode": [-1,-1,-1,-1], "windData": [0,0,1,1] },
										"west": { "texture": "#helarctosmalayanus", "uv": [ 14.5, 16.0, 15.0, 16.5 ], "rotation": 180, "windMode": [-1,-1,-1,-1], "windData": [0,0,1,1] },
										"up": { "texture": "#helarctosmalayanus", "uv": [ 14.5, 16.5, 15.0, 17.0 ], "rotation": 270, "windMode": [-1,-1,-1,-1], "windData": [1,1,1,1] }
									}
								}
							]
						},
						{
							"name": "Fang3",
							"from": [ 0.25, 0.3, 0.42 ],
							"to": [ 0.46, 0.46, 1.75 ],
							"unwrapMode": 7,
							"unwrapRotation": 1,
							"uv": [ 14.5, 12.5 ],
							"rotationOrigin": [ 0.25, 0.3, 0.42 ],
							"faces": {
								"north": { "texture": "#helarctosmalayanus", "uv": [ 15.0, 12.5, 15.5, 13.0 ], "rotation": 90 },
								"east": { "texture": "#helarctosmalayanus", "uv": [ 14.5455, 13.3, 15.4545, 13.65 ], "windMode": [-1,-1,-1,-1], "windData": [0,1,1,0] },
								"south": { "texture": "#helarctosmalayanus", "uv": [ 14.5, 12.5, 15.0, 13.0 ], "rotation": 270, "windMode": [-1,-1,-1,-1], "windData": [0,0,1,1] },
								"west": { "texture": "#helarctosmalayanus", "uv": [ 14.5, 12.5, 15.5, 13.0 ], "rotation": 180, "windMode": [-1,-1,-1,-1], "windData": [0,0,1,1] },
								"up": { "texture": "#helarctosmalayanus", "uv": [ 14.5, 12.5, 15.5, 13.0 ], "rotation": 270, "windMode": [-1,-1,-1,-1], "windData": [1,1,1,1] }
							}
						},
						{
							"name": "Tongue",
							"from": [ 0.12, 0.19, 0.61 ],
							"to": [ 5.33, 0.37, 1.57 ],
							"unwrapMode": 7,
							"unwrapRotation": 1,
							"uv": [ 12.0, 35.15 ],
							"rotationOrigin": [ 2.48, 0.24, 1.08 ],
							"rotationZ": -3.0,
							"faces": {
								"north": { "texture": "#helarctosmalayanus", "uv": [ 13.0, 36.0, 13.5, 41.0 ], "rotation": 90, "windMode": [-1,-1,-1,-1], "windData": [0,0,1,1] },
								"south": { "texture": "#helarctosmalayanus", "uv": [ 12.0, 36.0, 12.5, 41.0 ], "rotation": 270, "windMode": [-1,-1,-1,-1], "windData": [0,1,1,0] },
								"west": { "texture": "#helarctosmalayanus", "uv": [ 12.5, 35.0, 13.0, 35.5 ], "rotation": 180, "windMode": [-1,-1,-1,-1] },
								"up": { "texture": "#helarctosmalayanus", "uv": [ 12.5, 36.0, 13.0, 41.0 ], "rotation": 270, "windMode": [-1,-1,-1,-1], "windData": [0,0,1,1] },
								"down": { "texture": "#helarctosmalayanus", "uv": [ 13.5, 36.0, 14.0, 41.0 ], "rotation": 90, "windMode": [-1,-1,-1,-1], "windData": [0,1,1,0] }
							}
						},
						{
							"name": "Chin",
							"from": [ 0.38, -0.94, 0.02 ],
							"to": [ 5.02, 0.06, 2.17 ],
							"unwrapMode": 4,
							"autoUnwrap": false,
							"uv": [ 68.7645, 19.91 ],
							"rotationOrigin": [ 2.03, 0.79, 3.13 ],
							"rotationZ": -6.0,
							"faces": {
								"north": { "texture": "#helarctosmalayanus", "uv": [ 68.0, 20.0, 72.5, 21.0 ], "windMode": [-1,-1,-1,-1], "windData": [0,0,1,0] },
								"south": { "texture": "#helarctosmalayanus", "uv": [ 74.5, 20.0, 79.0, 21.0 ], "windMode": [0,-1,-1,-1], "windData": [0,0,1,0] },
								"west": { "texture": "#helarctosmalayanus", "uv": [ 72.5, 20.0, 74.5, 21.0 ], "windMode": [-1,-1,-1,-1], "windData": [0,0,0,0] },
								"down": { "texture": "#helarctosmalayanus", "uv": [ 72.5, 21.0, 74.5, 25.5 ], "rotation": 90, "windMode": [-1,-1,-1,-1] }
							},
							"children": [
								{
									"name": "MouthChin",
									"from": [ 0.24, 1.56, 0.02 ],
									"to": [ 0.99, 2.21, 2.12 ],
									"unwrapMode": 2,
									"autoUnwrap": false,
									"uv": [ 70.8791, 17.68 ],
									"rotationOrigin": [ 0.36, 1.33, 0.97 ],
									"rotationZ": -161.0,
									"faces": {
										"north": { "texture": "#helarctosmalayanus", "uv": [ 72.5, 18.0, 73.0, 18.5 ], "windMode": [-1,-1,-1,-1], "windData": [0,0,0,0] },
										"east": { "texture": "#helarctosmalayanus", "uv": [ 71.0, 18.0, 73.0, 18.5 ], "windMode": [-1,-1,-1,-1] },
										"south": { "texture": "#helarctosmalayanus", "uv": [ 71.0, 18.0, 71.5, 18.5 ], "windMode": [-1,-1,-1,-1] },
										"west": { "texture": "#helarctosmalayanus", "uv": [ 73.0, 18.0, 75.0, 18.5 ], "windMode": [-1,-1,-1,-1] },
										"down": { "texture": "#helarctosmalayanus", "uv": [ 71.0, 18.0, 73.0, 18.5 ], "rotation": 270, "windMode": [-1,-1,-1,-1] }
									}
								}
							]
						}
					]
				}
			]
		}
	]}