{
	"editor": {
		"allAngles": false,
		"entityTextureMode": false
	},
	"textureWidth": 16,
	"textureHeight": 16,
	"textureSizes": {
	},
	"textures": {
		"material": "game:block/wood/planks/oak3"
	},
	"elements": [
		{
			"name": "root",
			"from": [ 8.0, 0.0, 8.0 ], 
			"to": [ 8.0, 0.0, 8.0 ], 
			"rotationOrigin": [ 8.0, 0.0, 8.0 ],
			"faces": {
				"north": { "texture": "#material", "uv": [ 0.0, 0.0, 0.5, 0.5 ] },
				"east": { "texture": "#material", "uv": [ 0.0, 0.0, 0.5, 0.5 ] },
				"south": { "texture": "#material", "uv": [ 0.0, 0.0, 0.5, 0.5 ] },
				"west": { "texture": "#material", "uv": [ 0.0, 0.0, 0.5, 0.5 ] },
				"up": { "texture": "#material", "uv": [ 0.0, 0.0, 0.5, 0.5 ] },
				"down": { "texture": "#material", "uv": [ 0.0, 0.0, 0.5, 0.5 ] }
			},
			"children": [
				{
					"name": "RoofRoot",
					"from": [ -7.9993, 0.0, -5.0028 ], 
					"to": [ -7.9993, 0.0, -5.0028 ], 
					"rotationOrigin": [ 0.0, 0.0, 0.0 ],
					"rotationY": -89.98,
					"faces": {
						"north": { "texture": "#material", "uv": [ 0.0, 0.0, 0.5, 0.5 ], "enabled": false },
						"east": { "texture": "#material", "uv": [ 0.0, 0.0, 0.5, 0.5 ], "enabled": false },
						"south": { "texture": "#material", "uv": [ 0.0, 0.0, 0.5, 0.5 ], "enabled": false },
						"west": { "texture": "#material", "uv": [ 0.0, 0.0, 0.5, 0.5 ], "enabled": false },
						"up": { "texture": "#material", "uv": [ 0.0, 0.0, 0.5, 0.5 ], "enabled": false },
						"down": { "texture": "#material", "uv": [ 0.0, 0.0, 0.5, 0.5 ], "enabled": false }
					},
					"children": [
						{
							"name": "Roof1",
							"from": [ -0.02, -2.6066, 14.1217 ], 
							"to": [ 4.0, 4.3934, 16.1217 ], 
							"rotationOrigin": [ -0.02, -2.6066, 14.1217 ],
							"rotationX": -45.0,
							"faces": {
								"north": { "texture": "#material", "uv": [ 0.0, 0.5, 7.0, 5.0 ], "rotation": 90, "autoUv": false },
								"east": { "texture": "#material", "uv": [ 0.0, 0.0, 2.0, 16.0 ], "enabled": false, "autoUv": false },
								"south": { "texture": "#material", "uv": [ 8.0, 11.5, 15.0, 16.0 ], "rotation": 90, "autoUv": false },
								"west": { "texture": "#material", "uv": [ 0.0, 0.0, 7.0, 2.0 ], "rotation": 90 },
								"up": { "texture": "#material", "uv": [ 0.0, 0.0, 2.0, 4.0 ], "rotation": 90, "windMode": [-1,-1,-1,-1] },
								"down": { "texture": "#material", "uv": [ 0.0, 0.5, 2.0, 5.0 ], "rotation": 90, "autoUv": false }
							},
							"children": [
								{
									"name": "Roof2",
									"from": [ 4.0, 0.0, 0.0 ], 
									"to": [ 8.0, 7.0, 2.5 ], 
									"rotationOrigin": [ 4.0, 0.0, 0.0 ],
									"faces": {
										"north": { "texture": "#material", "uv": [ 0.5, 11.5, 7.5, 16.0 ], "rotation": 90, "autoUv": false },
										"east": { "texture": "#material", "uv": [ 0.0, 0.0, 7.0, 2.5 ], "rotation": 90 },
										"south": { "texture": "#material", "uv": [ 0.0, 11.5, 7.0, 16.0 ], "rotation": 90, "autoUv": false },
										"west": { "texture": "#material", "uv": [ 0.0, 0.0, 7.0, 2.5 ], "rotation": 90 },
										"up": { "texture": "#material", "uv": [ 5.0, 6.5, 7.5, 11.0 ], "rotation": 90, "autoUv": false },
										"down": { "texture": "#material", "uv": [ 5.0, 6.5, 7.5, 11.0 ], "rotation": 90, "autoUv": false }
									}
								},
								{
									"name": "Roof3",
									"from": [ 8.0, 0.0, 0.0 ], 
									"to": [ 12.0, 7.0, 2.0 ], 
									"rotationOrigin": [ 8.0, 0.0, 0.0 ],
									"faces": {
										"north": { "texture": "#material", "uv": [ 3.0, 1.0, 10.0, 5.5 ], "rotation": 90, "autoUv": false },
										"east": { "texture": "#material", "uv": [ 0.0, 0.0, 2.0, 16.0 ], "enabled": false, "autoUv": false },
										"south": { "texture": "#material", "uv": [ 3.0, 1.0, 10.0, 5.5 ], "rotation": 90, "autoUv": false },
										"west": { "texture": "#material", "uv": [ 0.0, 0.0, 2.0, 16.0 ], "enabled": false, "autoUv": false },
										"up": { "texture": "#material", "uv": [ 0.0, 0.0, 4.0, 2.0 ], "enabled": false },
										"down": { "texture": "#material", "uv": [ 0.0, 0.5, 2.0, 5.0 ], "rotation": 90, "autoUv": false }
									}
								},
								{
									"name": "Roof4",
									"from": [ 12.0, 0.0, 0.0 ], 
									"to": [ 16.04, 7.0, 2.5 ], 
									"rotationOrigin": [ 12.0, 0.0, 0.0 ],
									"faces": {
										"north": { "texture": "#material", "uv": [ 0.0, 0.5, 7.0, 5.0 ], "rotation": 90, "autoUv": false },
										"east": { "texture": "#material", "uv": [ 0.0, 0.0, 7.0, 2.5 ], "rotation": 90 },
										"south": { "texture": "#material", "uv": [ 0.0, 0.5, 7.0, 5.0 ], "rotation": 90, "autoUv": false },
										"west": { "texture": "#material", "uv": [ 0.0, 0.0, 2.0, 16.0 ], "rotation": 90, "autoUv": false },
										"up": { "texture": "#material", "uv": [ 0.0, 11.5, 2.5, 16.0 ], "rotation": 90, "autoUv": false },
										"down": { "texture": "#material", "uv": [ 0.0, 11.5, 2.5, 16.0 ], "rotation": 90, "autoUv": false }
									}
								}
							]
						},
						{
							"name": "Roof5",
							"from": [ 7.98, 3.1003, 8.9997 ], 
							"to": [ 12.98, 10.1003, 11.4997 ], 
							"rotationOrigin": [ 8.0, 3.0503, 9.9497 ],
							"rotationX": -45.0,
							"faces": {
								"north": { "texture": "#material", "uv": [ 0.0, 0.0, 16.0, 16.0 ], "enabled": false, "autoUv": false, "windMode": [-1,-1,-1,-1] },
								"east": { "texture": "#material", "uv": [ 1.0, 2.0, 8.0, 4.5 ], "rotation": 90, "autoUv": false },
								"south": { "texture": "#material", "uv": [ 8.0, 7.0, 15.0, 11.5 ], "rotation": 90, "autoUv": false, "windMode": [-1,-1,-1,-1] },
								"west": { "texture": "#material", "uv": [ 3.0, 0.5, 10.0, 3.0 ], "rotation": 90, "autoUv": false },
								"up": { "texture": "#material", "uv": [ 0.0, 0.0, 2.5, 4.5 ], "rotation": 90, "autoUv": false },
								"down": { "texture": "#material", "uv": [ 0.0, 0.0, 2.5, 4.5 ], "rotation": 90, "autoUv": false, "windMode": [-1,-1,-1,-1] }
							},
							"children": [
								{
									"name": "Roof6",
									"from": [ -5.0, 0.0, 0.0 ], 
									"to": [ 0.0, 7.0, 2.0 ], 
									"rotationOrigin": [ -4.98, -0.05, 0.95 ],
									"faces": {
										"north": { "texture": "#material", "uv": [ 0.0, 0.0, 7.0, 5.0 ], "rotation": 90, "windMode": [-1,-1,-1,-1] },
										"east": { "texture": "#material", "uv": [ 0.0, 0.0, 2.0, 16.0 ], "enabled": false, "autoUv": false, "windMode": [-1,-1,-1,-1] },
										"south": { "texture": "#material", "uv": [ 8.0, 0.0, 15.0, 4.5 ], "rotation": 90, "autoUv": false },
										"west": { "texture": "#material", "uv": [ 0.0, 0.0, 7.0, 2.0 ], "rotation": 90, "windMode": [-1,-1,-1,-1] },
										"up": { "texture": "#material", "uv": [ 0.0, 0.0, 2.0, 5.0 ], "rotation": 90, "windMode": [-1,-1,-1,-1] },
										"down": { "texture": "#material", "uv": [ 0.0, 0.0, 16.0, 2.0 ], "enabled": false, "autoUv": false, "windMode": [-1,-1,-1,-1] }
									}
								},
								{
									"name": "Roof7",
									"from": [ -5.0, 7.0, 1.0 ], 
									"to": [ 5.0, 8.5, 2.5 ], 
									"rotationOrigin": [ -5.0, 7.0, 1.0 ],
									"faces": {
										"north": { "texture": "#material", "uv": [ 0.0, 0.0, 10.0, 1.5 ] },
										"east": { "texture": "#material", "uv": [ 0.0, 0.0, 1.5, 1.5 ] },
										"south": { "texture": "#material", "uv": [ 0.0, 0.0, 10.0, 1.5 ] },
										"west": { "texture": "#material", "uv": [ 0.0, 0.0, 1.5, 1.5 ] },
										"up": { "texture": "#material", "uv": [ 0.0, 0.0, 10.0, 1.5 ] },
										"down": { "texture": "#material", "uv": [ 0.0, 0.0, 10.0, 1.5 ] }
									}
								}
							]
						}
					]
				},
				{
					"name": "SideRoot",
					"from": [ -8.001, 0.0, -5.4972 ], 
					"to": [ -8.001, 0.0, -5.4972 ], 
					"rotationOrigin": [ 0.0, 0.0, 0.0 ],
					"rotationY": 89.98,
					"faces": {
						"north": { "texture": "#material", "uv": [ 0.0, 0.0, 0.5, 0.5 ], "enabled": false },
						"east": { "texture": "#material", "uv": [ 0.0, 0.0, 0.5, 0.5 ], "enabled": false },
						"south": { "texture": "#material", "uv": [ 0.0, 0.0, 0.5, 0.5 ], "enabled": false },
						"west": { "texture": "#material", "uv": [ 0.0, 0.0, 0.5, 0.5 ], "enabled": false },
						"up": { "texture": "#material", "uv": [ 0.0, 0.0, 0.5, 0.5 ], "enabled": false },
						"down": { "texture": "#material", "uv": [ 0.0, 0.0, 0.5, 0.5 ], "enabled": false }
					},
					"children": [
						{
							"name": "Side1",
							"from": [ 0.0, 0.0, -1.5 ], 
							"to": [ 15.0, 2.0, 13.5 ], 
							"rotationOrigin": [ 0.0, 0.0, -0.5 ],
							"faces": {
								"north": { "texture": "#material", "uv": [ 0.0, 0.0, 15.0, 2.0 ], "enabled": false },
								"east": { "texture": "#material", "uv": [ 0.0, 14.0, 16.0, 16.0 ], "autoUv": false },
								"south": { "texture": "#material", "uv": [ 0.0, 14.0, 16.0, 16.0 ], "autoUv": false },
								"west": { "texture": "#material", "uv": [ 0.0, 14.0, 16.0, 16.0 ], "autoUv": false },
								"up": { "texture": "#material", "uv": [ 0.0, 0.0, 15.0, 15.0 ], "enabled": false },
								"down": { "texture": "#material", "uv": [ 0.0, 0.0, 16.0, 16.0 ], "rotation": 90, "autoUv": false }
							}
						},
						{
							"name": "Side3",
							"from": [ 3.0, 2.0, 0.5 ], 
							"to": [ 13.0, 4.0, 10.5 ], 
							"rotationOrigin": [ 3.0, 2.0, 2.0 ],
							"faces": {
								"north": { "texture": "#material", "uv": [ 0.0, 0.0, 10.0, 2.0 ], "enabled": false },
								"east": { "texture": "#material", "uv": [ 0.0, 12.0, 13.9, 14.0 ], "autoUv": false },
								"south": { "texture": "#material", "uv": [ 0.0, 12.0, 10.0, 14.0 ] },
								"west": { "texture": "#material", "uv": [ 2.1, 12.0, 16.0, 14.0 ], "autoUv": false },
								"up": { "texture": "#material", "uv": [ 0.0, 0.0, 10.0, 10.0 ], "enabled": false },
								"down": { "texture": "#material", "uv": [ 0.0, 0.0, 10.0, 10.0 ], "enabled": false }
							}
						}
					]
				}
			]
		},
		{
			"name": "root2",
			"from": [ 8.0, 0.0, 8.0 ], 
			"to": [ 8.0, 0.0, 8.0 ], 
			"rotationOrigin": [ 8.0, 0.0, 8.0 ],
			"faces": {
				"north": { "texture": "#material", "uv": [ 0.0, 0.0, 0.5, 0.5 ] },
				"east": { "texture": "#material", "uv": [ 0.0, 0.0, 0.5, 0.5 ] },
				"south": { "texture": "#material", "uv": [ 0.0, 0.0, 0.5, 0.5 ] },
				"west": { "texture": "#material", "uv": [ 0.0, 0.0, 0.5, 0.5 ] },
				"up": { "texture": "#material", "uv": [ 0.0, 0.0, 0.5, 0.5 ] },
				"down": { "texture": "#material", "uv": [ 0.0, 0.0, 0.5, 0.5 ] }
			},
			"children": [
				{
					"name": "RoofRoot31",
					"from": [ 5.0028, 0.0, -7.9993 ], 
					"to": [ 5.0028, 0.0, -7.9993 ], 
					"rotationOrigin": [ 0.0, 0.0, 0.0 ],
					"rotationY": -89.98,
					"faces": {
						"north": { "texture": "#material", "uv": [ 0.0, 0.0, 0.5, 0.5 ], "enabled": false },
						"east": { "texture": "#material", "uv": [ 0.0, 0.0, 0.5, 0.5 ], "enabled": false },
						"south": { "texture": "#material", "uv": [ 0.0, 0.0, 0.5, 0.5 ], "enabled": false },
						"west": { "texture": "#material", "uv": [ 0.0, 0.0, 0.5, 0.5 ], "enabled": false },
						"up": { "texture": "#material", "uv": [ 0.0, 0.0, 0.5, 0.5 ], "enabled": false },
						"down": { "texture": "#material", "uv": [ 0.0, 0.0, 0.5, 0.5 ], "enabled": false }
					},
					"children": [
						{
							"name": "Roof21",
							"from": [ -16.1217, -2.6066, -0.02 ], 
							"to": [ -14.1217, 4.3934, 4.0 ], 
							"rotationOrigin": [ -14.1217, -2.6066, -0.02 ],
							"rotationZ": -45.0,
							"faces": {
								"north": { "texture": "#material", "uv": [ 2.0, 1.0, 9.0, 3.0 ], "rotation": 90, "autoUv": false, "windMode": [-1,-1,-1,-1] },
								"east": { "texture": "#material", "uv": [ 1.5, 11.5, 8.5, 15.5 ], "rotation": 90, "windMode": [-1,-1,-1,-1] },
								"south": { "texture": "#material", "uv": [ 7.0, 12.0, 14.0, 14.0 ], "rotation": 90, "autoUv": false },
								"west": { "texture": "#material", "uv": [ 0.5, 11.5, 7.5, 15.5 ], "rotation": 90 },
								"up": { "texture": "#material", "uv": [ 0.0, 0.0, 2.0, 4.0 ], "enabled": false },
								"down": { "texture": "#material", "uv": [ 0.5, 0.5, 2.5, 5.0 ], "autoUv": false }
							},
							"children": [
								{
									"name": "Roof22",
									"from": [ -0.5, 0.0, 4.0 ], 
									"to": [ 2.0, 7.0, 8.0 ], 
									"rotationOrigin": [ 2.0, 0.0, 4.0 ],
									"faces": {
										"north": { "texture": "#material", "uv": [ 2.0, 12.0, 9.0, 16.5 ], "rotation": 90, "autoUv": false },
										"east": { "texture": "#material", "uv": [ 2.5, 1.0, 9.5, 5.0 ], "rotation": 90 },
										"south": { "texture": "#material", "uv": [ 2.0, 11.5, 9.0, 16.0 ], "rotation": 90, "autoUv": false },
										"west": { "texture": "#material", "uv": [ 1.0, 1.0, 8.0, 5.0 ], "rotation": 90 },
										"up": { "texture": "#material", "uv": [ 4.0, 6.5, 6.5, 11.0 ], "autoUv": false },
										"down": { "texture": "#material", "uv": [ 4.0, 6.5, 6.5, 11.0 ], "autoUv": false }
									}
								},
								{
									"name": "Roof23",
									"from": [ 0.0, 0.0, 8.0 ], 
									"to": [ 2.0, 7.0, 12.0 ], 
									"rotationOrigin": [ 2.0, 0.0, 8.0 ],
									"faces": {
										"north": { "texture": "#material", "uv": [ 3.0, 1.0, 10.0, 5.5 ], "rotation": 90, "autoUv": false },
										"east": { "texture": "#material", "uv": [ 0.0, 0.0, 7.0, 4.0 ], "rotation": 90, "autoUv": false, "windMode": [-1,-1,-1,-1] },
										"south": { "texture": "#material", "uv": [ 4.5, 6.5, 11.5, 11.0 ], "rotation": 90, "autoUv": false },
										"west": { "texture": "#material", "uv": [ 4.0, 6.5, 11.0, 10.5 ], "rotation": 90, "windMode": [-1,-1,-1,-1] },
										"up": { "texture": "#material", "uv": [ 0.0, 0.0, 2.0, 4.0 ], "enabled": false, "windMode": [-1,-1,-1,-1] },
										"down": { "texture": "#material", "uv": [ 0.0, 0.5, 2.0, 5.0 ], "autoUv": false }
									}
								},
								{
									"name": "Roof24",
									"from": [ -0.5, 0.0, 12.0 ], 
									"to": [ 2.0, 7.0, 16.04 ], 
									"rotationOrigin": [ 2.0, 0.0, 12.0 ],
									"faces": {
										"north": { "texture": "#material", "uv": [ 0.0, 0.5, 7.0, 5.0 ], "rotation": 90, "autoUv": false },
										"east": { "texture": "#material", "uv": [ 6.0, 11.5, 13.0, 15.5 ], "rotation": 90 },
										"south": { "texture": "#material", "uv": [ 0.0, 1.0, 7.0, 3.5 ], "rotation": 90, "autoUv": false },
										"west": { "texture": "#material", "uv": [ 5.0, 12.0, 12.0, 16.0 ], "rotation": 90, "autoUv": false },
										"up": { "texture": "#material", "uv": [ 0.0, 11.5, 2.5, 16.0 ], "autoUv": false },
										"down": { "texture": "#material", "uv": [ 0.0, 11.5, 2.5, 16.0 ], "autoUv": false }
									}
								}
							]
						},
						{
							"name": "Roof25",
							"from": [ -10.9997, 3.1003, 2.98 ], 
							"to": [ -8.9997, 10.1003, 7.98 ], 
							"rotationOrigin": [ -9.9497, 3.0503, 3.0 ],
							"rotationZ": -45.0,
							"faces": {
								"north": { "texture": "#material", "uv": [ 6.5, 11.5, 13.5, 13.5 ], "rotation": 90, "windMode": [-1,-1,-1,-1] },
								"east": { "texture": "#material", "uv": [ 0.0, 0.0, 2.0, 16.0 ], "enabled": false, "autoUv": false },
								"south": { "texture": "#material", "uv": [ 8.0, 0.0, 15.0, 4.5 ], "rotation": 90, "autoUv": false, "windMode": [-1,-1,-1,-1] },
								"west": { "texture": "#material", "uv": [ 4.0, 6.5, 11.0, 11.5 ], "rotation": 90, "windMode": [-1,-1,-1,-1] },
								"up": { "texture": "#material", "uv": [ 1.5, 6.0, 3.5, 11.0 ], "windMode": [-1,-1,-1,-1] },
								"down": { "texture": "#material", "uv": [ 0.0, 0.0, 16.0, 2.0 ], "enabled": false, "autoUv": false }
							},
							"children": [
								{
									"name": "Roof26",
									"from": [ -0.5, 0.0, 5.0 ], 
									"to": [ 2.0, 7.0, 10.0 ], 
									"rotationOrigin": [ 1.05, -0.05, 5.02 ],
									"rotationX": 0.0,
									"rotationY": 0.0,
									"rotationZ": 0.0,
									"faces": {
										"north": { "texture": "#material", "uv": [ 4.0, 2.0, 11.0, 4.5 ], "rotation": 90, "windMode": [-1,-1,-1,-1] },
										"east": { "texture": "#material", "uv": [ 1.5, 2.5, 8.5, 5.0 ], "rotation": 90, "autoUv": false },
										"south": { "texture": "#material", "uv": [ 7.5, 6.5, 14.5, 9.0 ], "rotation": 90, "autoUv": false },
										"west": { "texture": "#material", "uv": [ 3.0, 0.5, 10.0, 6.0 ], "rotation": 90, "autoUv": false },
										"up": { "texture": "#material", "uv": [ 0.0, 0.0, 2.5, 4.5 ], "autoUv": false },
										"down": { "texture": "#material", "uv": [ 0.0, 0.0, 2.5, 4.5 ], "autoUv": false }
									}
								},
								{
									"name": "Cube1",
									"from": [ -0.5, 7.0, 0.0 ], 
									"to": [ 1.0, 8.5, 10.0 ], 
									"rotationOrigin": [ -0.5, 7.0, 0.0 ],
									"faces": {
										"north": { "texture": "#material", "uv": [ 0.0, 0.0, 1.5, 1.5 ] },
										"east": { "texture": "#material", "uv": [ 0.0, 0.0, 10.0, 1.5 ] },
										"south": { "texture": "#material", "uv": [ 0.0, 0.0, 1.5, 1.5 ] },
										"west": { "texture": "#material", "uv": [ 0.0, 0.0, 10.0, 1.5 ] },
										"up": { "texture": "#material", "uv": [ 0.0, 0.0, 1.5, 10.0 ] },
										"down": { "texture": "#material", "uv": [ 0.0, 0.0, 1.5, 10.0 ] }
									}
								}
							]
						}
					]
				}
			]
		},
		{
			"name": "root3",
			"from": [ 8.0, 0.0, 8.0 ], 
			"to": [ 8.0, 0.0, 8.0 ], 
			"rotationOrigin": [ 8.0, 0.0, 8.0 ],
			"faces": {
				"west": { "texture": "#material", "uv": [ 0.0, 0.0, 0.5, 0.5 ] },
				"north": { "texture": "#material", "uv": [ 0.0, 0.0, 0.5, 0.5 ] },
				"east": { "texture": "#material", "uv": [ 0.0, 0.0, 0.5, 0.5 ] },
				"south": { "texture": "#material", "uv": [ 0.0, 0.0, 0.5, 0.5 ] },
				"up": { "texture": "#material", "uv": [ 0.0, 0.0, 0.5, 0.5 ] },
				"down": { "texture": "#material", "uv": [ 0.0, 0.0, 0.5, 0.5 ] }
			},
			"children": [
				{
					"name": "RoofRoot32",
					"from": [ 7.9993, 0.0, 5.0028 ], 
					"to": [ 7.9993, 0.0, 5.0028 ], 
					"rotationOrigin": [ 0.0, 0.0, 0.0 ],
					"rotationY": -89.98,
					"faces": {
						"west": { "texture": "#material", "uv": [ 0.0, 0.0, 0.5, 0.5 ], "enabled": false },
						"north": { "texture": "#material", "uv": [ 0.0, 0.0, 0.5, 0.5 ], "enabled": false },
						"east": { "texture": "#material", "uv": [ 0.0, 0.0, 0.5, 0.5 ], "enabled": false },
						"south": { "texture": "#material", "uv": [ 0.0, 0.0, 0.5, 0.5 ], "enabled": false },
						"up": { "texture": "#material", "uv": [ 0.0, 0.0, 0.5, 0.5 ], "enabled": false },
						"down": { "texture": "#material", "uv": [ 0.0, 0.0, 0.5, 0.5 ], "enabled": false }
					},
					"children": [
						{
							"name": "Roof31",
							"from": [ -4.0, -2.6066, -16.1217 ], 
							"to": [ 0.02, 4.3934, -14.1217 ], 
							"rotationOrigin": [ 0.02, -2.6066, -14.1217 ],
							"rotationX": 45.0,
							"rotationY": 0.0,
							"rotationZ": 0.0,
							"faces": {
								"west": { "texture": "#material", "uv": [ 3.5, 6.5, 10.5, 11.0 ], "rotation": 90, "autoUv": false },
								"north": { "texture": "#material", "uv": [ 0.0, 0.5, 7.0, 5.0 ], "rotation": 90, "autoUv": false },
								"east": { "texture": "#material", "uv": [ 1.5, 1.0, 8.5, 5.5 ], "rotation": 90, "autoUv": false, "windMode": [-1,-1,-1,-1] },
								"south": { "texture": "#material", "uv": [ 8.0, 11.5, 15.0, 16.0 ], "rotation": 90, "autoUv": false },
								"up": { "texture": "#material", "uv": [ 0.0, 0.0, 4.0, 2.0 ], "enabled": false },
								"down": { "texture": "#material", "uv": [ 0.0, 0.5, 2.0, 5.0 ], "rotation": 90, "autoUv": false }
							},
							"children": [
								{
									"name": "Roof32",
									"from": [ -3.98, 0.0, -0.5 ], 
									"to": [ 0.02, 7.0, 2.0 ], 
									"rotationOrigin": [ 0.02, 0.0, 2.0 ],
									"faces": {
										"west": { "texture": "#material", "uv": [ 0.0, 0.0, 7.0, 4.0 ], "rotation": 90 },
										"north": { "texture": "#material", "uv": [ 0.5, 11.5, 7.5, 16.0 ], "rotation": 90, "autoUv": false },
										"east": { "texture": "#material", "uv": [ 0.0, 0.0, 7.0, 4.0 ], "rotation": 90 },
										"south": { "texture": "#material", "uv": [ 0.0, 11.5, 7.0, 16.0 ], "rotation": 90, "autoUv": false },
										"up": { "texture": "#material", "uv": [ 5.0, 6.5, 7.5, 11.0 ], "rotation": 90, "autoUv": false },
										"down": { "texture": "#material", "uv": [ 5.0, 6.5, 7.5, 11.0 ], "rotation": 90, "autoUv": false }
									}
								},
								{
									"name": "Roof33",
									"from": [ -7.98, 0.0, 0.0 ], 
									"to": [ -3.98, 7.0, 2.0 ], 
									"rotationOrigin": [ -3.98, 0.0, 2.0 ],
									"faces": {
										"west": { "texture": "#material", "uv": [ 4.0, 6.5, 11.0, 10.5 ], "rotation": 90 },
										"north": { "texture": "#material", "uv": [ 3.0, 1.0, 10.0, 5.5 ], "rotation": 90, "autoUv": false },
										"east": { "texture": "#material", "uv": [ 0.0, 0.0, 7.0, 4.0 ], "rotation": 90, "autoUv": false },
										"south": { "texture": "#material", "uv": [ 4.5, 6.5, 11.5, 11.0 ], "rotation": 90, "autoUv": false },
										"up": { "texture": "#material", "uv": [ 0.0, 0.0, 2.0, 4.0 ], "enabled": false },
										"down": { "texture": "#material", "uv": [ 0.0, 0.5, 2.0, 5.0 ], "rotation": 90, "autoUv": false }
									}
								},
								{
									"name": "Roof34",
									"from": [ -12.02, 0.0, -0.5 ], 
									"to": [ -7.98, 7.0, 2.0 ], 
									"rotationOrigin": [ -7.98, 0.0, 2.0 ],
									"faces": {
										"west": { "texture": "#material", "uv": [ 5.0, 12.0, 12.0, 16.0 ], "rotation": 90, "autoUv": false },
										"north": { "texture": "#material", "uv": [ 0.0, 0.5, 7.0, 5.0 ], "rotation": 90, "autoUv": false },
										"east": { "texture": "#material", "uv": [ 6.0, 12.0, 13.0, 16.0 ], "rotation": 90 },
										"south": { "texture": "#material", "uv": [ 0.0, 0.5, 7.0, 5.0 ], "rotation": 90, "autoUv": false },
										"up": { "texture": "#material", "uv": [ 0.0, 11.5, 2.5, 16.0 ], "rotation": 90, "autoUv": false },
										"down": { "texture": "#material", "uv": [ 0.0, 11.5, 2.5, 16.0 ], "rotation": 90, "autoUv": false }
									}
								}
							]
						},
						{
							"name": "Roof35",
							"from": [ -7.98, 3.1003, -10.9997 ], 
							"to": [ -2.98, 10.1003, -8.9997 ], 
							"rotationOrigin": [ -3.0, 3.0503, -9.9497 ],
							"rotationX": 45.0,
							"rotationY": 0.0,
							"rotationZ": 0.0,
							"faces": {
								"west": { "texture": "#material", "uv": [ 4.0, 6.5, 11.0, 8.5 ], "rotation": 90 },
								"north": { "texture": "#material", "uv": [ 6.5, 11.0, 13.5, 13.5 ], "rotation": 90, "autoUv": false },
								"east": { "texture": "#material", "uv": [ 0.0, 0.0, 2.0, 16.0 ], "enabled": false, "autoUv": false },
								"south": { "texture": "#material", "uv": [ 8.0, 0.0, 15.0, 4.5 ], "rotation": 90, "autoUv": false },
								"up": { "texture": "#material", "uv": [ 1.5, 6.0, 3.5, 11.0 ], "rotation": 90 },
								"down": { "texture": "#material", "uv": [ 0.0, 0.0, 16.0, 2.0 ], "enabled": false, "autoUv": false }
							},
							"children": [
								{
									"name": "Roof36",
									"from": [ -5.0, 0.0, -0.5 ], 
									"to": [ 0.0, 7.0, 2.0 ], 
									"rotationOrigin": [ -0.02, -0.05, 1.05 ],
									"faces": {
										"west": { "texture": "#material", "uv": [ 3.0, 0.5, 10.0, 3.0 ], "rotation": 90, "autoUv": false },
										"north": { "texture": "#material", "uv": [ 0.0, 0.0, 7.0, 5.0 ], "rotation": 90, "windMode": [-1,-1,-1,-1] },
										"east": { "texture": "#material", "uv": [ 1.0, 2.0, 8.0, 4.5 ], "rotation": 90, "autoUv": false },
										"south": { "texture": "#material", "uv": [ 8.0, 7.0, 15.0, 11.5 ], "rotation": 90, "autoUv": false },
										"up": { "texture": "#material", "uv": [ 0.0, 0.0, 2.5, 4.5 ], "rotation": 90, "autoUv": false },
										"down": { "texture": "#material", "uv": [ 0.0, 0.0, 2.5, 4.5 ], "rotation": 90, "autoUv": false }
									}
								}
							]
						}
					]
				}
			]
		},
		{
			"name": "root40",
			"from": [ 8.0, 0.0, 8.0 ], 
			"to": [ 8.0, 0.0, 8.0 ], 
			"rotationOrigin": [ 8.0, 0.0, 8.0 ],
			"faces": {
				"west": { "texture": "#material", "uv": [ 0.0, 0.0, 0.5, 0.5 ] },
				"north": { "texture": "#material", "uv": [ 0.0, 0.0, 0.5, 0.5 ] },
				"east": { "texture": "#material", "uv": [ 0.0, 0.0, 0.5, 0.5 ] },
				"south": { "texture": "#material", "uv": [ 0.0, 0.0, 0.5, 0.5 ] },
				"up": { "texture": "#material", "uv": [ 0.0, 0.0, 0.5, 0.5 ] },
				"down": { "texture": "#material", "uv": [ 0.0, 0.0, 0.5, 0.5 ] }
			},
			"children": [
				{
					"name": "RoofRoot41",
					"from": [ -5.0028, 0.0, 7.9993 ], 
					"to": [ -5.0028, 0.0, 7.9993 ], 
					"rotationOrigin": [ 0.0, 0.0, 0.0 ],
					"rotationY": -89.98,
					"faces": {
						"west": { "texture": "#material", "uv": [ 0.0, 0.0, 0.5, 0.5 ], "enabled": false },
						"north": { "texture": "#material", "uv": [ 0.0, 0.0, 0.5, 0.5 ], "enabled": false },
						"east": { "texture": "#material", "uv": [ 0.0, 0.0, 0.5, 0.5 ], "enabled": false },
						"south": { "texture": "#material", "uv": [ 0.0, 0.0, 0.5, 0.5 ], "enabled": false },
						"up": { "texture": "#material", "uv": [ 0.0, 0.0, 0.5, 0.5 ], "enabled": false },
						"down": { "texture": "#material", "uv": [ 0.0, 0.0, 0.5, 0.5 ], "enabled": false }
					},
					"children": [
						{
							"name": "Roof41",
							"from": [ 14.1217, -2.6066, -4.0 ], 
							"to": [ 16.1217, 4.3934, 0.02 ], 
							"rotationOrigin": [ 14.1217, -2.6066, 0.02 ],
							"rotationX": 0.0,
							"rotationY": 0.0,
							"rotationZ": 45.0,
							"faces": {
								"west": { "texture": "#material", "uv": [ 7.5, 12.0, 14.5, 16.5 ], "rotation": 90, "autoUv": false },
								"north": { "texture": "#material", "uv": [ 0.0, 1.5, 7.0, 6.0 ], "rotation": 90, "autoUv": false },
								"east": { "texture": "#material", "uv": [ 0.0, 1.0, 7.0, 3.0 ], "rotation": 90, "autoUv": false, "windMode": [-1,-1,-1,-1] },
								"south": { "texture": "#material", "uv": [ 0.0, 1.0, 7.0, 5.5 ], "rotation": 90, "autoUv": false, "windMode": [-1,-1,-1,-1] },
								"up": { "texture": "#material", "uv": [ 0.0, 0.0, 2.0, 4.0 ], "enabled": false },
								"down": { "texture": "#material", "uv": [ 0.0, 0.5, 2.0, 5.0 ], "autoUv": false, "windMode": [-1,-1,-1,-1] }
							},
							"children": [
								{
									"name": "Roof42",
									"from": [ 0.0, 0.0, -3.98 ], 
									"to": [ 2.5, 7.0, 0.02 ], 
									"rotationOrigin": [ 0.0, 0.0, 0.02 ],
									"faces": {
										"west": { "texture": "#material", "uv": [ 0.0, 11.5, 7.0, 16.0 ], "rotation": 90, "autoUv": false },
										"north": { "texture": "#material", "uv": [ 0.0, 1.0, 7.0, 5.5 ], "rotation": 90, "autoUv": false },
										"east": { "texture": "#material", "uv": [ 0.5, 11.5, 7.5, 16.0 ], "rotation": 90, "autoUv": false },
										"south": { "texture": "#material", "uv": [ 0.0, 0.0, 7.0, 2.5 ], "rotation": 90 },
										"up": { "texture": "#material", "uv": [ 5.0, 6.5, 7.5, 11.0 ], "autoUv": false },
										"down": { "texture": "#material", "uv": [ 5.0, 6.5, 7.5, 11.0 ], "autoUv": false }
									}
								},
								{
									"name": "Roof43",
									"from": [ 0.0, 0.0, -7.98 ], 
									"to": [ 2.0, 7.0, -3.98 ], 
									"rotationOrigin": [ 0.0, 0.0, -3.98 ],
									"faces": {
										"west": { "texture": "#material", "uv": [ 4.5, 6.5, 11.5, 11.0 ], "rotation": 90, "autoUv": false },
										"north": { "texture": "#material", "uv": [ 4.0, 6.5, 11.0, 10.5 ], "rotation": 90, "autoUv": false },
										"east": { "texture": "#material", "uv": [ 3.0, 1.0, 10.0, 5.5 ], "rotation": 90, "autoUv": false },
										"south": { "texture": "#material", "uv": [ 0.0, 0.0, 7.0, 4.0 ], "rotation": 90, "autoUv": false },
										"up": { "texture": "#material", "uv": [ 0.0, 0.0, 2.0, 4.0 ], "enabled": false },
										"down": { "texture": "#material", "uv": [ 0.0, 0.5, 2.0, 5.0 ], "autoUv": false }
									}
								},
								{
									"name": "Roof44",
									"from": [ 0.0, 0.0, -12.02 ], 
									"to": [ 2.5, 7.0, -7.98 ], 
									"rotationOrigin": [ 0.0, 0.0, -7.98 ],
									"faces": {
										"west": { "texture": "#material", "uv": [ 0.0, 0.5, 7.0, 5.0 ], "rotation": 90, "autoUv": false },
										"north": { "texture": "#material", "uv": [ 5.0, 12.0, 12.0, 16.0 ], "rotation": 90, "autoUv": false },
										"east": { "texture": "#material", "uv": [ 0.0, 0.5, 7.0, 5.0 ], "rotation": 90, "autoUv": false },
										"south": { "texture": "#material", "uv": [ 6.0, 12.0, 13.0, 14.5 ], "rotation": 90 },
										"up": { "texture": "#material", "uv": [ 0.0, 11.5, 2.5, 16.0 ], "autoUv": false },
										"down": { "texture": "#material", "uv": [ 0.0, 11.5, 2.5, 16.0 ], "autoUv": false }
									}
								}
							]
						},
						{
							"name": "Roof45",
							"from": [ 8.9997, 3.1003, -7.98 ], 
							"to": [ 10.9997, 10.1003, -2.98 ], 
							"rotationOrigin": [ 9.9497, 3.0503, -3.0 ],
							"rotationX": 0.0,
							"rotationY": 0.0,
							"rotationZ": 45.0,
							"faces": {
								"west": { "texture": "#material", "uv": [ 8.0, 0.5, 15.0, 3.0 ], "autoUv": false },
								"north": { "texture": "#material", "uv": [ 4.0, 6.5, 11.0, 11.0 ], "rotation": 90, "autoUv": false },
								"east": { "texture": "#material", "uv": [ 6.0, 11.0, 13.0, 13.0 ], "rotation": 90, "autoUv": false },
								"south": { "texture": "#material", "uv": [ 0.0, 0.0, 2.0, 16.0 ], "enabled": false, "autoUv": false },
								"up": { "texture": "#material", "uv": [ 1.5, 6.0, 6.5, 8.0 ], "rotation": 90 },
								"down": { "texture": "#material", "uv": [ 0.0, 0.0, 16.0, 2.0 ], "enabled": false, "autoUv": false }
							},
							"children": [
								{
									"name": "Roof46",
									"from": [ 0.0, 0.0, -5.0 ], 
									"to": [ 2.5, 7.0, 0.0 ], 
									"rotationOrigin": [ 0.95, -0.05, -0.02 ],
									"faces": {
										"west": { "texture": "#material", "uv": [ 8.0, 7.0, 15.0, 9.5 ], "rotation": 90, "autoUv": false },
										"north": { "texture": "#material", "uv": [ 3.0, 0.5, 10.0, 5.0 ], "rotation": 90, "autoUv": false },
										"east": { "texture": "#material", "uv": [ 0.0, 0.0, 7.0, 3.0 ], "rotation": 90, "autoUv": false, "windMode": [-1,-1,-1,-1] },
										"south": { "texture": "#material", "uv": [ 1.0, 2.0, 8.0, 4.5 ], "rotation": 90, "autoUv": false, "windMode": [-1,-1,-1,-1] },
										"up": { "texture": "#material", "uv": [ 0.0, 0.0, 2.5, 4.5 ], "autoUv": false },
										"down": { "texture": "#material", "uv": [ 0.0, 0.0, 2.5, 4.5 ], "rotation": 90, "autoUv": false }
									}
								}
							]
						}
					]
				}
			]
		}
	]}