{
	"editor": {
		"allAngles": false,
		"entityTextureMode": false
	},
	"textureWidth": 16,
	"textureHeight": 16,
	"textureSizes": {
	},
	"textures": {
		"material": "block/metal/shingles/zinc1",
		"snowcover": "game:block/liquid/snow/normal*"
	},
	"elements": [
		{
			"name": "origin",
			"from": [ 8.0, 0.0, 8.0 ], 
			"to": [ 8.0, 0.0, 8.0 ], 
			"rotationOrigin": [ 8.0, 0.0, 8.0 ],
			"faces": {
				"north": { "texture": "#material", "uv": [ 0.0, 5.0, 0.5, 5.5 ], "enabled": false },
				"east": { "texture": "#material", "uv": [ 0.0, 0.0, 0.5, 0.5 ], "enabled": false },
				"south": { "texture": "#material", "uv": [ 0.0, 0.0, 0.5, 0.5 ], "enabled": false },
				"west": { "texture": "#material", "uv": [ 0.0, 0.0, 0.5, 0.5 ], "enabled": false },
				"up": { "texture": "#material", "uv": [ 0.0, 0.0, 0.5, 0.5 ], "enabled": false },
				"down": { "texture": "#material", "uv": [ 0.0, 0.0, 0.5, 0.5 ], "enabled": false }
			},
			"children": [
				{
					"name": "slateS",
					"from": [ -13.5, 0.5, -7.99 ], 
					"to": [ 2.5, 5.0, 8.03 ], 
					"rotationOrigin": [ 0.0, 8.5, 2.0 ],
					"rotationZ": 22.5,
					"faces": {
						"north": { "texture": "#material", "uv": [ 0.0, 0.0, 16.0, 4.5 ] },
						"east": { "texture": "#material", "uv": [ 0.0, 0.0, 16.0, 4.5 ] },
						"south": { "texture": "#material", "uv": [ 0.0, 0.0, 16.0, 4.5 ] },
						"west": { "texture": "#material", "uv": [ 0.0, 0.0, 16.0, 4.5 ] },
						"up": { "texture": "#material", "uv": [ 0.0, 0.0, 16.0, 16.0 ], "rotation": 90, "enabled": false },
						"down": { "texture": "#material", "uv": [ 0.0, 0.0, 16.0, 16.0 ], "rotation": 270 }
					},
					"children": [
						{
							"name": "Cube1",
							"from": [ 0.0, 4.5, 0.0 ], 
							"to": [ 16.0, 6.5, 16.02 ], 
							"rotationOrigin": [ 0.0, 4.5, 0.0 ],
							"faces": {
								"north": { "texture": "#snowcover", "uv": [ 0.0, 0.0, 16.0, 2.0 ] },
								"east": { "texture": "#snowcover", "uv": [ 0.0, 0.0, 16.0, 2.0 ] },
								"south": { "texture": "#snowcover", "uv": [ 0.0, 0.0, 16.0, 2.0 ] },
								"west": { "texture": "#snowcover", "uv": [ 0.0, 0.0, 16.0, 2.0 ] },
								"up": { "texture": "#snowcover", "uv": [ 0.0, 0.0, 16.0, 16.0 ] },
								"down": { "texture": "#snowcover", "uv": [ 0.0, 0.0, 16.0, 16.0 ], "enabled": false }
							}
						}
					]
				},
				{
					"name": "slateE",
					"from": [ -13.5, 0.5, -7.99 ], 
					"to": [ 2.5, 5.0, 8.03 ], 
					"rotationOrigin": [ 0.0, 8.5, 0.0 ],
					"rotationY": -90.0,
					"rotationZ": 22.5,
					"faces": {
						"north": { "texture": "#material", "uv": [ 0.0, 0.0, 16.0, 4.5 ] },
						"east": { "texture": "#material", "uv": [ 0.0, 0.0, 16.0, 4.5 ] },
						"south": { "texture": "#material", "uv": [ 0.0, 0.0, 16.0, 4.5 ] },
						"west": { "texture": "#material", "uv": [ 0.0, 0.0, 16.0, 4.5 ] },
						"up": { "texture": "#material", "uv": [ 0.0, 0.0, 16.0, 16.0 ], "rotation": 90, "enabled": false },
						"down": { "texture": "#material", "uv": [ 0.0, 0.0, 16.0, 16.0 ], "rotation": 270 }
					},
					"children": [
						{
							"name": "Cube9",
							"from": [ 0.0, 4.5, 0.0 ], 
							"to": [ 16.0, 6.5, 16.02 ], 
							"rotationOrigin": [ 0.0, 4.5, 0.0 ],
							"faces": {
								"north": { "texture": "#snowcover", "uv": [ 0.0, 0.0, 16.0, 2.0 ] },
								"east": { "texture": "#snowcover", "uv": [ 0.0, 0.0, 16.0, 2.0 ] },
								"south": { "texture": "#snowcover", "uv": [ 0.0, 0.0, 16.0, 2.0 ] },
								"west": { "texture": "#snowcover", "uv": [ 0.0, 0.0, 16.0, 2.0 ] },
								"up": { "texture": "#snowcover", "uv": [ 0.0, 0.0, 16.0, 16.0 ] },
								"down": { "texture": "#snowcover", "uv": [ 0.0, 0.0, 16.0, 16.0 ], "enabled": false }
							}
						}
					]
				},
				{
					"name": "slateE9",
					"from": [ -13.5, 0.5, -7.99 ], 
					"to": [ 2.5, 5.0, 8.03 ], 
					"rotationOrigin": [ 0.0, 8.5, 0.0 ],
					"rotationY": 90.0,
					"rotationZ": 22.5,
					"faces": {
						"north": { "texture": "#material", "uv": [ 0.0, 0.0, 16.0, 4.5 ] },
						"east": { "texture": "#material", "uv": [ 0.0, 0.0, 16.0, 4.5 ] },
						"south": { "texture": "#material", "uv": [ 0.0, 0.0, 16.0, 4.5 ] },
						"west": { "texture": "#material", "uv": [ 0.0, 0.0, 16.0, 4.5 ] },
						"up": { "texture": "#material", "uv": [ 0.0, 0.0, 16.0, 16.0 ], "rotation": 90, "enabled": false },
						"down": { "texture": "#material", "uv": [ 0.0, 0.0, 16.0, 16.0 ], "rotation": 270 }
					},
					"children": [
						{
							"name": "Cube10",
							"from": [ 0.0, 4.5, 0.0 ], 
							"to": [ 16.0, 6.5, 16.02 ], 
							"rotationOrigin": [ 0.0, 4.5, 0.0 ],
							"faces": {
								"north": { "texture": "#snowcover", "uv": [ 0.0, 0.0, 16.0, 2.0 ] },
								"east": { "texture": "#snowcover", "uv": [ 0.0, 0.0, 16.0, 2.0 ] },
								"south": { "texture": "#snowcover", "uv": [ 0.0, 0.0, 16.0, 2.0 ] },
								"west": { "texture": "#snowcover", "uv": [ 0.0, 0.0, 16.0, 2.0 ] },
								"up": { "texture": "#snowcover", "uv": [ 0.0, 0.0, 16.0, 16.0 ] },
								"down": { "texture": "#snowcover", "uv": [ 0.0, 0.0, 16.0, 16.0 ], "enabled": false }
							}
						}
					]
				},
				{
					"name": "slateS11",
					"from": [ -13.5, 0.5, -3.99 ], 
					"to": [ 2.5, 5.0, 12.03 ], 
					"rotationOrigin": [ 0.0, 8.5, 2.0 ],
					"rotationY": -180.0,
					"rotationZ": 22.5,
					"faces": {
						"north": { "texture": "#material", "uv": [ 0.0, 0.0, 16.0, 4.5 ] },
						"east": { "texture": "#material", "uv": [ 0.0, 0.0, 16.0, 4.5 ] },
						"south": { "texture": "#material", "uv": [ 0.0, 0.0, 16.0, 4.5 ] },
						"west": { "texture": "#material", "uv": [ 0.0, 0.0, 16.0, 4.5 ] },
						"up": { "texture": "#material", "uv": [ 0.0, 0.0, 16.0, 16.0 ], "rotation": 90, "enabled": false },
						"down": { "texture": "#material", "uv": [ 0.0, 0.0, 16.0, 16.0 ], "rotation": 270 }
					},
					"children": [
						{
							"name": "Cube11",
							"from": [ 0.0, 4.5, 0.0 ], 
							"to": [ 16.0, 6.5, 16.02 ], 
							"rotationOrigin": [ 0.0, 4.5, 0.0 ],
							"faces": {
								"north": { "texture": "#snowcover", "uv": [ 0.0, 0.0, 16.0, 2.0 ] },
								"east": { "texture": "#snowcover", "uv": [ 0.0, 0.0, 16.0, 2.0 ] },
								"south": { "texture": "#snowcover", "uv": [ 0.0, 0.0, 16.0, 2.0 ] },
								"west": { "texture": "#snowcover", "uv": [ 0.0, 0.0, 16.0, 2.0 ] },
								"up": { "texture": "#snowcover", "uv": [ 0.0, 0.0, 16.0, 16.0 ] },
								"down": { "texture": "#snowcover", "uv": [ 0.0, 0.0, 16.0, 16.0 ], "enabled": false }
							}
						}
					]
				},
				{
					"name": "cap",
					"from": [ -4.0, 6.0, -4.0 ], 
					"to": [ 4.0, 10.0, 4.0 ], 
					"rotationOrigin": [ 0.0, 6.0, 0.0 ],
					"faces": {
						"north": { "texture": "#material", "uv": [ 7.5, 4.0, 15.5, 8.0 ] },
						"east": { "texture": "#material", "uv": [ 5.0, 5.0, 13.0, 9.0 ] },
						"south": { "texture": "#material", "uv": [ 4.5, 6.5, 12.5, 10.5 ] },
						"west": { "texture": "#material", "uv": [ 5.5, 5.0, 13.5, 9.0 ] },
						"up": { "texture": "#material", "uv": [ 0.0, 2.0, 8.0, 10.0 ], "enabled": false },
						"down": { "texture": "#material", "uv": [ 3.5, 7.5, 11.5, 15.5 ], "enabled": false }
					},
					"children": [
						{
							"name": "cap-snow",
							"from": [ 0.0, 4.01, 0.0 ], 
							"to": [ 8.0, 6.01, 8.0 ], 
							"rotationOrigin": [ 0.0, 6.0, 0.0 ],
							"faces": {
								"north": { "texture": "#snowcover", "uv": [ 7.5, 4.0, 15.5, 6.0 ] },
								"east": { "texture": "#snowcover", "uv": [ 5.0, 5.0, 13.0, 7.0 ] },
								"south": { "texture": "#snowcover", "uv": [ 4.5, 6.5, 12.5, 8.5 ] },
								"west": { "texture": "#snowcover", "uv": [ 5.5, 5.0, 13.5, 7.0 ] },
								"up": { "texture": "#snowcover", "uv": [ 0.0, 2.0, 8.0, 10.0 ] },
								"down": { "texture": "#snowcover", "uv": [ 3.5, 7.5, 11.5, 15.5 ], "enabled": false }
							}
						}
					]
				}
			]
		}
	]}