{
	"editor": {
		"allAngles": true,
		"entityTextureMode": false
	},
	"textureWidth": 16,
	"textureHeight": 16,
	"textureSizes": {
	},
	"textures": {
		"crocodile": "game:crocodile"
	},
	"elements": [
		{
			"name": "basecroc",
			"from": [ 0.0, 0.0, 1.5 ], 
			"to": [ 1.0, 1.0, 2.5 ], 
			"rotationOrigin": [ 0.0, 0.0, 1.5 ],
			"faces": {
				"north": { "texture": "#null", "uv": [ 0.0, 1.0, 1.0, 2.0 ], "enabled": false },
				"east": { "texture": "#null", "uv": [ 1.0, 1.0, 2.0, 2.0 ], "enabled": false },
				"south": { "texture": "#null", "uv": [ 1.0, 1.0, 2.0, 2.0 ], "enabled": false },
				"west": { "texture": "#null", "uv": [ 0.0, 1.0, 1.0, 2.0 ], "enabled": false },
				"up": { "texture": "#null", "uv": [ 0.0, 0.0, 1.0, 1.0 ], "enabled": false },
				"down": { "texture": "#null", "uv": [ 1.0, 0.0, 2.0, 1.0 ], "enabled": false }
			},
			"children": [
				{
					"name": "backpackcroc",
					"from": [ 5.6, 0.4, 6.0 ], 
					"to": [ 10.4, 4.4, 8.0 ], 
					"rotationOrigin": [ 8.1, -0.1, 8.0 ],
					"rotationX": -14.0,
					"faces": {
						"north": { "texture": "#crocodile", "uv": [ 2.125, 1.0, 3.625, 2.5 ], "autoUv": false, "windMode": [-1,-1,-1,-1] },
						"east": { "texture": "#crocodile", "uv": [ 4.5, 4.0, 5.0, 5.75 ], "autoUv": false },
						"south": { "texture": "#ifugao", "uv": [ 2.0, 2.0, 6.5, 6.0 ], "enabled": false, "windMode": [-1,-1,-1,-1] },
						"west": { "texture": "#crocodile", "uv": [ 4.625, 4.25, 5.125, 6.0 ], "autoUv": false },
						"up": { "texture": "#crocodile", "uv": [ 4.125, 4.75, 5.625, 5.75 ], "autoUv": false },
						"down": { "texture": "#crocodile", "uv": [ 6.5, 12.25, 8.0, 13.25 ], "rotation": 180, "autoUv": false }
					},
					"children": [
						{
							"name": "L crocwood",
							"from": [ -0.7, 0.4, -1.1 ], 
							"to": [ 0.3, 6.4, -0.1 ], 
							"rotationOrigin": [ 0.3, 0.5, -1.0 ],
							"rotationX": 17.0,
							"rotationZ": -6.0,
							"faces": {
								"north": { "texture": "#crocodile", "uv": [ 7.125, 4.5, 7.375, 7.5 ], "autoUv": false },
								"east": { "texture": "#crocodile", "uv": [ 7.125, 5.0, 7.375, 8.0 ], "autoUv": false },
								"south": { "texture": "#crocodile", "uv": [ 7.125, 4.75, 7.375, 7.75 ], "autoUv": false },
								"west": { "texture": "#crocodile", "uv": [ 7.0, 4.25, 7.25, 7.25 ], "autoUv": false },
								"up": { "texture": "#crocodile", "uv": [ 14.375, 14.25, 15.125, 15.0 ], "autoUv": false },
								"down": { "texture": "#crocodile", "uv": [ 6.875, 11.75, 7.625, 12.5 ], "autoUv": false }
							}
						},
						{
							"name": "R crocwood",
							"from": [ 4.5, 0.4, -1.1 ], 
							"to": [ 5.5, 6.4, -0.1 ], 
							"rotationOrigin": [ 4.5, 0.5, -1.0 ],
							"rotationX": 17.0,
							"rotationZ": 6.0,
							"faces": {
								"north": { "texture": "#crocodile", "uv": [ 7.125, 4.5, 7.375, 7.5 ], "autoUv": false },
								"east": { "texture": "#crocodile", "uv": [ 7.25, 5.5, 7.5, 8.5 ], "autoUv": false },
								"south": { "texture": "#crocodile", "uv": [ 7.125, 5.25, 7.375, 8.25 ], "autoUv": false },
								"west": { "texture": "#crocodile", "uv": [ 6.625, 4.5, 6.875, 7.5 ], "autoUv": false },
								"up": { "texture": "#crocodile", "uv": [ 14.375, 14.25, 15.125, 15.0 ], "autoUv": false },
								"down": { "texture": "#crocodile", "uv": [ 6.875, 11.75, 7.625, 12.5 ], "autoUv": false }
							}
						},
						{
							"name": "Crocskin",
							"from": [ -0.1, 0.0, 2.0 ], 
							"to": [ 4.9, 6.0, 2.5 ], 
							"rotationOrigin": [ -0.1, 0.0, 2.0 ],
							"rotationX": -6.0,
							"faces": {
								"north": { "texture": "#crocodile", "uv": [ 6.625, 5.25, 8.0, 7.75 ], "autoUv": false },
								"east": { "texture": "#crocodile", "uv": [ 7.0, 3.72, 7.12, 6.05 ], "autoUv": false },
								"south": { "texture": "#crocodile", "uv": [ 6.62, 7.5, 7.88, 10.0 ], "autoUv": false },
								"west": { "texture": "#crocodile", "uv": [ 6.65, 3.75, 6.75, 6.05 ], "autoUv": false },
								"up": { "texture": "#crocodile", "uv": [ 6.375, 8.75, 7.625, 9.0 ], "autoUv": false },
								"down": { "texture": "#crocodile", "uv": [ 6.49, 8.5, 7.78, 8.75 ], "rotation": 180, "autoUv": false }
							}
						}
					]
				}
			]
		}
	]}