{
	"editor": {
		"backDropShape": "game:entity/humanoid/seraph",
		"allAngles": false,
		"entityTextureMode": false
	},
	"textureWidth": 16,
	"textureHeight": 16,
	"textureSizes": {
	},
	"textures": {
		"crocodile": "crocodile"
	},
	"elements": [
		{
			"name": "base",
			"stepParentName": "UpperTorso",
			"from": [ 0.0, 0.0, 1.5 ], 
			"to": [ 1.0, 1.0, 2.5 ], 
			"rotationOrigin": [ 0.0, 0.0, 1.5 ],
			"rotationY": 90.0,
			"faces": {
				"north": { "texture": "#ifugao", "uv": [ 0.0, 1.0, 1.0, 2.0 ], "enabled": false },
				"east": { "texture": "#ifugao", "uv": [ 1.0, 1.0, 2.0, 2.0 ], "enabled": false },
				"south": { "texture": "#ifugao", "uv": [ 1.0, 1.0, 2.0, 2.0 ], "enabled": false },
				"west": { "texture": "#ifugao", "uv": [ 0.0, 1.0, 1.0, 2.0 ], "enabled": false },
				"up": { "texture": "#ifugao", "uv": [ 0.0, 0.0, 1.0, 1.0 ], "enabled": false },
				"down": { "texture": "#ifugao", "uv": [ 1.0, 0.0, 2.0, 1.0 ], "enabled": false }
			},
			"children": [
				{
					"name": "backpack",
					"from": [ -4.4, -0.6, 6.0 ], 
					"to": [ 0.4, 3.4, 8.0 ], 
					"rotationOrigin": [ -1.9, -0.1, 8.0 ],
					"rotationX": -19.0,
					"faces": {
						"north": { "texture": "#crocodile", "uv": [ 1.625, 4.5, 2.75, 5.5 ], "autoUv": false },
						"east": { "texture": "#crocodile", "uv": [ 0.25, 4.0, 0.75, 6.0 ], "autoUv": false, "windMode": [-1,-1,-1,-1] },
						"south": { "texture": "#ifugao", "uv": [ 2.0, 2.0, 6.5, 6.0 ], "enabled": false },
						"west": { "texture": "#crocodile", "uv": [ 0.25, 4.0, 0.75, 6.0 ], "autoUv": false },
						"up": { "texture": "#crocodile", "uv": [ 0.25, 4.25, 1.5, 5.25 ], "autoUv": false },
						"down": { "texture": "#crocodile", "uv": [ 0.25, 4.25, 1.5, 5.25 ], "rotation": 180, "autoUv": false }
					},
					"children": [
						{
							"name": "L wood",
							"from": [ -0.7, 0.4, -1.1 ], 
							"to": [ 0.3, 6.4, -0.1 ], 
							"rotationOrigin": [ 0.3, 0.5, -1.0 ],
							"rotationX": 17.0,
							"rotationZ": -6.0,
							"faces": {
								"north": { "texture": "#crocodile", "uv": [ 2.5, 0.0, 2.75, 3.0 ], "autoUv": false },
								"east": { "texture": "#crocodile", "uv": [ 2.5, 0.25, 2.75, 3.25 ], "autoUv": false },
								"south": { "texture": "#crocodile", "uv": [ 2.375, 0.25, 2.625, 3.0 ], "autoUv": false },
								"west": { "texture": "#crocodile", "uv": [ 2.75, 0.0, 3.0, 3.0 ], "autoUv": false },
								"up": { "texture": "#crocodile", "uv": [ 0.375, 4.5, 0.875, 5.0 ], "autoUv": false },
								"down": { "texture": "#crocodile", "uv": [ 1.625, 4.5, 2.125, 5.0 ], "autoUv": false }
							}
						},
						{
							"name": "R wood",
							"from": [ 4.5, 0.4, -1.1 ], 
							"to": [ 5.5, 6.4, -0.1 ], 
							"rotationOrigin": [ 4.5, 0.5, -1.0 ],
							"rotationX": 17.0,
							"rotationZ": 6.0,
							"faces": {
								"north": { "texture": "#crocodile", "uv": [ 2.625, 0.25, 2.875, 2.75 ], "autoUv": false },
								"east": { "texture": "#crocodile", "uv": [ 2.625, 0.25, 2.875, 2.75 ], "autoUv": false },
								"south": { "texture": "#crocodile", "uv": [ 2.625, 0.25, 2.875, 3.25 ], "autoUv": false },
								"west": { "texture": "#crocodile", "uv": [ 2.375, 0.25, 2.625, 2.75 ], "autoUv": false },
								"up": { "texture": "#crocodile", "uv": [ 0.75, 4.5, 1.25, 5.0 ], "autoUv": false },
								"down": { "texture": "#crocodile", "uv": [ 2.0, 5.0, 2.5, 5.5 ], "autoUv": false }
							}
						},
						{
							"name": "Cube1",
							"from": [ -0.1, 0.0, 2.0 ], 
							"to": [ 4.9, 6.0, 2.5 ], 
							"rotationOrigin": [ -0.1, 0.0, 2.0 ],
							"rotationX": -6.0,
							"faces": {
								"north": { "texture": "#ifugao", "uv": [ 5.5, 4.0, 10.5, 10.0 ], "enabled": false },
								"east": { "texture": "#crocodile", "uv": [ 6.875, 4.5, 7.0, 7.0 ], "autoUv": false },
								"south": { "texture": "#crocodile", "uv": [ 6.625, 7.5, 7.875, 10.0 ], "autoUv": false },
								"west": { "texture": "#crocodile", "uv": [ 6.625, 4.5, 6.75, 7.0 ], "autoUv": false },
								"up": { "texture": "#crocodile", "uv": [ 6.5, 6.0, 7.75, 6.25 ], "autoUv": false },
								"down": { "texture": "#crocodile", "uv": [ 6.125, 5.25, 7.375, 5.5 ], "rotation": 180, "autoUv": false }
							}
						}
					]
				}
			]
		}
	]}