{
  "code": "taxidermy",
  "behaviors": [{ "name": "HorizontalOrientable", "properties": {  "dropBlockFace": "north", "drop": { "type": "block", "code": "africanmonitorlizards:taxidermy-{genus}-{type}-north"} }},{ "name": "UnstableFalling" },{ "name": "RightClickPickup"}],
  variantgroups: [
		{ code: "genus", states: ["adult", "juvenile"]},
		{
			code: "type",
			states: [
				"niloticus",
				"stellatus",
				"albigularis",
				"exanthematicus",
				"griseus"
			]
		},
		{ "code": "side", "loadFromProperties": "game:abstract/horizontalorientation"}
		
		],
  "attributes": {
    "handbook": {
      "groupBy": [ "taxidermy-*" ]
    }
  },
  "shapebytype": {
    "*-north": {
      "base": "block/taxidermy/taxidermy-varanus-{genus}-{type}",
      "rotateY": 90
    },
    "*-east": {
      "base": "block/taxidermy/taxidermy-varanus-{genus}-{type}",
      "rotateY": 0
    },
    "*-south": {
      "base": "block/taxidermy/taxidermy-varanus-{genus}-{type}",
      "rotateY": 270
    },
    "*-west": {
      "base": "block/taxidermy/taxidermy-varanus-{genus}-{type}",
      "rotateY": 180
    }
  },
  "sidesolid": { "all": false },
  "sideopaque": { "all": false },
  "blockmaterial": "Cloth",
  "creativeinventory": {
    "general": [ "*-{genus}-{type}-north" ],
    "decorative": [ "*-{genus}-{type}-north" ]
  },
  "replaceable": 5001,
  "resistance": 0.5,
  "lightAbsorption": 0,
  "texturesByType": {
    "*": {"skin": {"base": "entity/monitorlizard/varanus-{type}"}},
  },
  "selectionBoxByType": {
    "*-north": {"x1": 0.15,"y1": 0.0,"z1": 0.0,"x2": 0.85,"y2": 0.85,"z2": 1},
    "*-east": {"x1": 0,"y1": 0.0,"z1": 0.15,"x2": 1.0,"y2": 0.85,"z2": 0.85},
    "*-south": {"x1": 0.15,"y1": 0.0,"z1": 0,"x2": 0.85,"y2": 0.85,"z2": 1.0},
    "*-west": {"x1": 0.0,"y1": 0.0,"z1": 0.15,"x2": 1,"y2": 0.85,"z2": 0.85}
  },
  "collisionboxByType": {
    "*-north": {"x1": 0.15,"y1": 0.0,"z1": 0.0,"x2": 0.85,"y2": 0.85,"z2": 1},
    "*-east": {"x1": 0,"y1": 0.0,"z1": 0.15,"x2": 1.0,"y2": 0.85,"z2": 0.85},
    "*-south": {"x1": 0.15,"y1": 0.0,"z1": 0,"x2": 0.85,"y2": 0.85,"z2": 1.0},
    "*-west": {"x1": 0.0,"y1": 0.0,"z1": 0.15,"x2": 1,"y2": 0.85,"z2": 0.85}
  },
  "combustibleProps": {
    "burnTemperature": 400,
    "burnDuration": 10
  },
  "sounds": {
    "place": "game:block/cloth",
    "walk": "game:walk/cloth"
  },
	"guiTransformByType": {
		
		"*": {
			"rotate": true,
			"translation": { "x": 0, "y": 0, "z": 0 },
			"rotation": { "x": -11, "y": 122, "z": 0 },
			"origin": { "x": 0.5, "y": 0, "z": 0.5 },
			"scale": 1.0
		}			
	},
  "groundTransform": {
    "translation": {"x": 0.5,"y": 0,"z": 0},
    "rotation": {"x": 0,"y": 135,"z": 0},
    "origin": {"x": 0.5,"y": -0.02,"z": 0.5},
    "scale": 0.5
  },
  "tpHandTransform": {
    "translation": {"x": -1,"y": -0.8,"z": -1},
    "rotation": {"x": -46,"y": 300,"z": -2},
    "origin": {"x": 0.5,"y": 1,"z": 0.5},
    "scale": 0.5
  },
  "fpHandTransform": {
		"translation": { "x": 0.4, "y": 0, "z": 0 },
		"rotation": { "x": -8, "y": -63, "z": -7 },
    "origin": {"x": 0.5,"y": 0.1,"z": 0.5},
    "scale": 0.5
  },
  "materialDensity": 200
}