[
	{
		"ingredientPattern": "BBP,WF_,__F",
		"ingredients": {
			"B": {
                "type": "item",
                "code": "rustyshell:barrel-*-smoothbore",
                "name": "metal",
                "allowedVariants": ["tinbronze", "iron", "meteoriciron", "steel"],
                "quantity": 3
            },
            "P": {
                "type": "item",
                "code": "game:metalplate-*",
                "name": "metal",
                "allowedVariants": ["tinbronze", "iron", "meteoriciron", "steel"],
                "quantity": 2
            },
            "W": {
                "type": "block",
                "code": "game:wagonwheels-spoked-west",
                "quantity": 2
            },
            "F": {
                "type": "item",
                "code": "game:plank-*",
                "quantity": 2
            }
		},
		"width":  3,
		"height": 3,
		"output": { "type": "block", "code": "rustyshell:fieldgun-{metal}-smoothbore" }
	},
    {
		"ingredientPattern": "BBP,WF_,__F",
		"ingredients": {
			"B": {
                "type": "item",
                "code": "rustyshell:barrel-*-rifled",
                "name": "metal",
                "allowedVariants": ["tinbronze", "iron", "meteoriciron", "steel"],
                "quantity": 3
            },
            "P": {
                "type": "item",
                "code": "game:metalplate-*",
                "name": "metal",
                "allowedVariants": ["tinbronze", "iron", "meteoriciron", "steel"],
                "quantity": 2
            },
            "W": {
                "type": "block",
                "code": "game:wagonwheels-spoked-west",
                "quantity": 2
            },
            "F": {
                "type": "item",
                "code": "game:plank-*",
                "quantity": 2
            }
		},
		"width":  3,
		"height": 3,
		"output": { "type": "block", "code": "rustyshell:fieldgun-{metal}-rifled" }
	},
    {
		"ingredientPattern": "AAB,CDE,F_D",
		"ingredients": {
			"A": {
                "type": "item",
                "code": "rustyshell:barrel-*-rifled",
                "name": "metal",
                "allowedVariants": ["tinbronze", "iron", "meteoriciron", "steel"],
                "quantity": 4
            },
            "B": {
                "type": "item",
                "code": "game:metalplate-*",
                "name": "metal",
                "allowedVariants": ["tinbronze", "iron", "meteoriciron", "steel"],
                "quantity": 2
            },
            "C": {
                "type": "block",
                "code": "game:wagonwheels-spoked-west",
                "quantity": 2
            },
            "D": {
                "type": "item",
                "code": "game:plank-*",
                "quantity": 3
            },
            "E": {
                "type": "block",
                "code": "game:metal-parts",
                "quantity": 2
            },
            "F": {
                "type": "item",
                "code": "game:firewood",
                "quantity": 16
            }
		},
		"width":  3,
		"height": 3,
		"output": { "type": "block", "code": "rustyshell:heavyfieldgun-{metal}-rifled" }
	}
]