[
	{
		"ingredientPattern": "AB,A_,A_",
		"ingredients": {
			"A": { "type": "item", "code": "game:stick" },
			"B": { "type": "item", "code": "game:knife-*" }
		},
		"width":  2,
		"height": 3,
		"output": { "type": "item", "code": "rustyshell:goad" }
	},
	{
		"ingredientPattern": "BA,_A,_A",
		"ingredients": {
			"A": { "type": "item", "code": "game:stick" },
			"B": { "type": "item", "code": "game:knife-*" }
		},
		"width":  2,
		"height": 3,
		"output": { "type": "item", "code": "rustyshell:goad" }
	}
]