[
    {
		"ingredientPattern": "BPG,WF_,__F",
		"ingredients": {
			"B": {
                "type": "item",
                "code": "rustyshell:thinbarrel-*-rifled",
                "name": "metal",
                "allowedVariants": ["tinbronze", "iron", "meteoriciron", "steel"],
                "quantity": 6
            },
            "P": {
                "type": "item",
                "code": "game:metalplate-*",
                "name": "metal",
                "allowedVariants": ["tinbronze", "iron", "meteoriciron", "steel"],
                "quantity": 4
            },
            "W": {
                "type": "block",
                "code": "game:wagonwheels-spoked-west",
                "quantity": 2
            },
            "F": {
                "type": "item",
                "code": "game:plank-*",
                "quantity": 2
            },
            "G": {
                "type": "block",
                "code": "game:metal-parts",
                "quantity": 4
            }
		},
		"width":  3,
		"height": 3,
		"output": { "type": "block", "code": "rustyshell:heavymachinegun-{metal}-rifled" }
	}
]