[
	{
		"ingredientPattern": "BBP,WF_,__F",
		"ingredients": {
			"B": {
                "type": "item",
                "code": "rustyshell:barrel-*-smoothbore",
                "name": "metal",
                "allowedVariants": ["tinbronze", "iron", "meteoriciron", "steel"]
            },
            "P": {
                "type": "item",
                "code": "game:metalplate-*",
                "name": "metal",
                "allowedVariants": ["tinbronze", "iron", "meteoriciron", "steel"]
            },
            "W": {
                "type": "block",
                "code": "game:wagonwheels-spoked-west",
                "quantity": 2
            },
            "F": {
                "type": "item",
                "code": "game:plank-*",
                "quantity": 2
            }
		},
		"width":  3,
		"height": 3,
		"output": { "type": "block", "code": "rustyshell:heavygun-{metal}-smoothbore" }
	}
]