[
	{
		"ingredientPattern": "_A_,_B_,CDC",
		"ingredients": {
			"A": { "type": "item", "code": "game:hammer-*", "isTool": true },
			"B": { "type": "item", "code": "game:chisel-*", "isTool": true },
			"C": { "type": "item", "code": "game:clay-*",   "quantity": 8  },
			"D": { "type": "item", "code": "game:stone-*", "allowedVariants": [ "granite", "andesite", "basalt", "obsidian", "peridotite", "chert" ]}
		},
		"width":  3,
		"height": 3,
		"output": { "type": "item", "code": "rustyshell:heavybullet-stone" }
	},
	{
		"ingredientPattern": "A,B,C",
		"ingredients": {
			"A": { "type": "item", "code": "game:hammer-*", "isTool": true },
			"B": { "type": "item", "code": "game:chisel-*", "isTool": true },
			"C": { "type": "item", "code": "game:metalbit-*" }
		},
		"width":  1,
		"height": 3,
		"output": { "type": "item", "code": "rustyshell:heavybullet-simple" }
	}
]