[
	{
		"ingredientPattern": "ABB",
		"ingredients": {
            "A": {
                "type": "block",
                "code": "game:wagonwheels-spoked-west",
                "quantity": 2,
                "name": "wood"
            },
            "B": {
                "type": "item",
                "code": "game:plank-*",
                "quantity": 2,
                "name": "wood"
            }
		},
		"width":  3,
		"height": 1,
		"output": { "type": "block", "code": "rustyshell:limber" }
	}
]