[
	{
		"ingredientPattern": "_A_,_B_,CDC",
		"ingredients": {
			"A": { "type": "item", "code": "game:hammer-*", "isTool": true },
			"B": { "type": "item", "code": "game:chisel-*", "isTool": true },
			"C": { "type": "item", "code": "game:clay-*",   "quantity": 16  },
			"D": { "type": "item", "code": "game:stone-*",  "quantity": 4, "allowedVariants": [ "granite", "andesite", "basalt", "obsidian", "peridotite", "chert" ]}
		},
		"width":  3,
		"height": 3,
		"output": { "type": "item", "code": "rustyshell:shot-stone" }
	},
	{
		"ingredientPattern": "_A,BC,_A",
		"ingredients": {
			"A": { "type": "item", "code": "rustyshell:roundshell" },
			"B": { "type": "item", "code": "game:hammer-*", "isTool": true },
			"C": { "type": "item", "code": "game:blastingpowder", "quantity": 8 }
		},
		"width":  2,
		"height": 3,
		"output": { "type": "item", "code": "rustyshell:shot-explosive" }
	},
	{
		"ingredientPattern": "A_,CB,A_",
		"ingredients": {
			"A": { "type": "item", "code": "rustyshell:roundshell" },
			"B": { "type": "item", "code": "game:hammer-*", "isTool": true },
			"C": { "type": "item", "code": "game:blastingpowder", "quantity": 8 }
		},
		"width":  2,
		"height": 3,
		"output": { "type": "item", "code": "rustyshell:shot-explosive" }
	},
	{
		"ingredientPattern": "_A,BC,_D",
		"ingredients": {
			"A": { "type": "block", "code": "game:linen-*" },
			"B": { "type": "item",  "code": "game:rope" },
			"C": { "type": "item",  "code": "game:metalbit-*", "quantity": 16 },
			"D": { "type": "item",  "code": "game:plank-*" }
		},
		"width":  2,
		"height": 3,
		"output": { "type": "item", "code": "rustyshell:shot-grape" }
	},
	{
		"ingredientPattern": "A_,CB,D_",
		"ingredients": {
			"A": { "type": "block", "code": "game:linen-*" },
			"B": { "type": "item",  "code": "game:rope" },
			"C": { "type": "item",  "code": "game:metalbit-*", "quantity": 16 },
			"D": { "type": "item",  "code": "game:plank-*" }
		},
		"width":  2,
		"height": 3,
		"output": { "type": "item", "code": "rustyshell:shot-grape" }
	}
]