[
	{
		"ingredientPattern": "BBP,NWW,W__",
		"ingredients": {
			"B": {
                "type": "item",
                "code": "rustyshell:barrel-*-smoothbore",
                "name": "metal",
                "allowedVariants": ["tinbronze", "iron", "meteoriciron", "steel"],
                "quantity": 1
            },
            "P": {
                "type": "item",
                "code": "game:metalplate-*",
                "name": "metal",
                "allowedVariants": ["tinbronze", "iron", "meteoriciron", "steel"],
                "quantity": 1
            },
            "N": {
                "type": "item",
                "code": "game:metalnailsandstrips-*",
                "name": "metal",
                "allowedVariants": ["tinbronze", "iron", "meteoriciron", "steel"],
                "quantity": 4
            },
            "W": {
                "type": "item",
                "code": "game:plank-*",
                "name": "wood",
                "quantity": 2
            }
		},
		"width":  3,
		"height": 3,
		"output": { "type": "block", "code": "rustyshell:siegegun-{metal}-smoothbore" }
	}
]