[
    {
		"ingredientPattern": "H,C,B",
		"ingredients": {
			"H": { "type": "item", "code": "game:hammer-*", "isTool": true,  "allowedVariants": ["tinbronze", "bismuthbronze", "blackbronze", "iron", "meteoriciron", "steel"]},
			"C": { "type": "item", "code": "game:chisel-*", "isTool": true , "allowedVariants": ["tinbronze", "bismuthbronze", "blackbronze", "iron", "meteoriciron", "steel"]},
			"B": {
				"type": "item",
				"code": "rustyshell:thinbarrel-*-smoothbore",
				"name": "metal",
                "allowedVariants": ["tinbronze", "iron", "meteoriciron", "steel"],
				"quantity": 1
			}
		},
		"width":  1,
		"height": 3,
		"output": { "type": "item", "code": "rustyshell:thinbarrel-{metal}-rifled" }
	}
]