{
  "code": "treehollowgrown",
  "class": "blocktreehollowgrown",
  "entityClass": "betreehollowgrown",
    "behaviors": [
      {
        "name": "PushEventOnBlockBroken",
        "properties": { "eventName": "testForDecay" }
      }
    ],
    "attributes": {
      "preventsDecay": true,
      "forageStatAffected": true,
      "treeFellingGroupCode": "{wood}",
		  "treeFellingGroupSpreadIndexByType": {
		  "*": 4
		  },
		  preventsDecayByType: {
			  "treehollowgrown-*": true
		  },
      "treeLoot": [{"dropStack": {"type":"block", "code": "game:mushroom-fieldmushroom-normal", "quantity": {"avg": 0.5, "var": 2, "dist": "strongerinvexp"}}, "dropReqs": {}},
                    {"dropStack": {"type":"item", "code": "game:fruit-yellowapple", "quantity": {"avg": 0.5, "var": 2, "dist": "strongerinvexp"}}, "dropReqs": {}},
                    {"dropStack": {"type":"item", "code": "game:fruit-redapple", "quantity": {"avg": 0.5, "var": 2, "dist": "strongerinvexp"}}, "dropReqs": {}},
                    {"dropStack": {"type":"item", "code": "game:drygrass", "quantity": {"avg": 0.5, "var": 2, "dist": "strongerinvexp"}}, "dropReqs": {}},
                    {"dropStack": {"type":"item", "code": "game:fruit-cherry", "quantity": {"avg": 0.5, "var": 2, "dist": "strongerinvexp"}}, "dropReqs": {}},
                    {"dropStack": {"type":"item", "code": "game:insect-grub", "quantity": {"avg": 0.5, "var": 2, "dist": "strongerinvexp"}}, "dropReqs": {}},
                    {"dropStack": {"type":"item", "code": "game:insect-termite", "quantity": {"avg": 0.5, "var": 2, "dist": "strongerinvexp"}}, "dropReqs": {}},
                    {"dropStack": {"type":"item", "code": "game:cattailroot", "quantity": {"avg": 0.5, "var": 2, "dist": "strongerinvexp"}}, "dropReqs": {}},
                    {"dropStack": {"type":"item", "code": "game:cattailtops", "quantity": {"avg": 0.5, "var": 2, "dist": "strongerinvexp"}}, "dropReqs": {}},
                    {"dropStack": {"type":"item", "code": "game:honeycomb", "quantity": {"avg": 0.5, "var": 2, "dist": "strongerinvexp"}}, "dropReqs": {}},
                    {"dropStack": {"type":"item", "code": "game:rot", "quantity": {"avg": 0.5, "var": 2, "dist": "strongerinvexp"}}, "dropReqs": {}},
                    {"dropStack": {"type":"item", "code": "game:stick", "quantity": {"avg": 0.5, "var": 2, "dist": "strongerinvexp"}}, "dropReqs": {}},
                    {"dropStack": {"type":"item", "code": "game:stone-limestone", "quantity": {"avg": 0.5, "var": 2, "dist": "strongerinvexp"}}, "dropReqs": {}},
                    {"dropStack": {"type":"item", "code": "game:arrow-flint", "quantity": {"avg": 0.5, "var": 2, "dist": "strongerinvexp"}}, "dropReqs": {}},
                    {"dropStack": {"type":"item", "code": "game:gear-rusty", "quantity": {"avg": 0.5, "var": 1, "dist": "strongerinvexp"}}, "dropReqs": {}},
                    {"dropStack": {"type":"block", "code": "game:mushroom-fieldmushroom-normal", "quantity": {"avg": 0.5, "var": 2, "dist": "strongerinvexp"}}, "dropReqs": {}},
                    {"dropStack": {"type":"block", "code": "game:mushroom-commonmorel-normal", "quantity": {"avg": 0.5, "var": 2, "dist": "strongerinvexp"}}, "dropReqs": {}},
                    {"dropStack": {"type":"block", "code": "game:mushroom-almondmushroom-normal", "quantity": {"avg": 0.5, "var": 2, "dist": "strongerinvexp"}}, "dropReqs": {}},
                    {"dropStack": {"type":"block", "code": "game:mushroom-orangeoakbolete-normal", "quantity": {"avg": 0.5, "var": 2, "dist": "strongerinvexp"}}, "dropReqs": {}},
                    {"dropStack": {"type":"block", "code": "game:mushroom-flyagaric-harvested", "quantity": {"avg": 0.5, "var": 2, "dist": "strongerinvexp"}}, "dropReqs": {}}]
      
    },
    "resistanceByType": {
    "eucalyptuscamaldulensis": 6.409,
    "corymbiaaparrerinja": 4.45,
		"*": 4
    },
    "variantgroups": [
      {
        "code": "type",
        "states": [ "base", "base2", "up", "up2" ]
      },
      { code: "wood", loadFromProperties: "floralzonescentralaustralianregion:block/wood" },
      {
        "code": "side",
        "loadFromProperties": "game:abstract/horizontalorientation"
      }
    ],
    drops: [],
    treeFellingGroupCodeByType: {
			"treehollowgrown-*": "{wood}"
		},
		treeFellingGroupSpreadIndexByType: {
		"*-lysilomalatisiliquum-*": 8,
		"*": 3.34
		},
		preventsDecay: true,
    "sideopaque": {
      "all": false
    },
    "sidesolid": {
      "all": false
    },
    "shapebytype": {
      "*-north": {
        "base": "indappledgroves:block/wood/treehollow-{type}"
      },
      "*-east": {
        "base": "indappledgroves:block/wood/treehollow-{type}",
        "rotateY": 270
      },
      "*-south": {
        "base": "indappledgroves:block/wood/treehollow-{type}",
        "rotateY": 180
      },
      "*-west": {
        "base": "indappledgroves:block/wood/treehollow-{type}",
        "rotateY": 90
      }
    },
    "sounds": {
      "place": "game:block/planks",
      "walk": "game:walk/wood",
      "hit": "game:block/planks",
      "break": "game:block/planks",
      "byTool": {
        "Axe": {
          "hit": "game:block/chop",
          "break": "game:block/planks"
        }
      }
    },
    "combustiblePropsByType": {
      "*": {
        "burnTemperature": 800,
        "burnDuration": 52
      }
    },
    "replaceable": 500,
    "lightAbsorption": 0,
    "textures": {
      "sides": {
        "base": "floralzonescentralaustralianregion:block/wood/bark/{wood}"
      },
      "inside": {
        "base": "indappledgroves:block/treehollow/inside"
      },
      "topbottom": {
        "base": "floralzonescentralaustralianregion:block/wood/treetrunk/{wood}"
      }
    },
   
    "maxStackSize": 16,
    "materialDensity": 700,
    "drawtype": "json",
    "blockmaterial": "Wood",
    "requiredMiningTier": 1,
    "heldTpIdleAnimation": "holdbothhandslarge",
    "heldTpUseAnimation": "twohandplaceblock",
    "tpHandTransform": {
      "translation": {
        "x": -1.2,
        "y": -1.1,
        "z": -0.8
      },
      "rotation": {
        "x": -2,
        "y": 25,
        "z": -78
      },
      "scale": 0.37
    },
    "guiTransform": {
      "rotation": {
        "x": -22.6,
        "y": -145,
        "z": 0
      }
    },
    "CollisionSelectionBoxesByType": {
      "treehollow*-up*": [
        {
          "x1": 0,
          "y1": 0.7799,
          "z1": 0,
          "x2": 1,
          "y2": 1,
          "z2": 1,
          "rotateYByType": {
            "*-west": 90,
            "*-south": 180,
            "*-east": 270
          }
        },
        {
          "x1": 0.25,
          "y1": 0.23,
          "z1": 0,
          "x2": 0,
          "y2": 0.7799,
          "z2": 1,
          "rotateYByType": {
            "*-west": 90,
            "*-south": 180,
            "*-east": 270
          }
        },
        {
          "x1": 1,
          "y1": 0.23,
          "z1": 0,
          "x2": 0.75,
          "y2": 0.7799,
          "z2": 1,
          "rotateYByType": {
            "*-west": 90,
            "*-south": 180,
            "*-east": 270
          }
        },
        {
          "x1": 0,
          "y1": 0,
          "z1": 0,
          "x2": 1,
          "y2": 0.23,
          "z2": 1,
          "rotateYByType": {
            "*-west": 90,
            "*-south": 180,
            "*-east": 270
          }
        },
        {
          "x1": 0.25,
          "y1": 0.23,
          "z1": 0,
          "x2": 0.75,
          "y2": 0.78,
          "z2": 0.25,
          "rotateYByType": {
            "*-west": 90,
            "*-south": 180,
            "*-east": 270
          }
        }
      ],
      "treehollow*-base*": [
        {
          "x1": 0,
          "y1": 0.8114,
          "z1": 0,
          "x2": 1,
          "y2": 1,
          "z2": 1,
          "rotateYByType": {
            "*-west": 90,
            "*-south": 180,
            "*-east": 270
          }
        },
        {
          "x1": 0.7185,
          "y1": 0.03,
          "z1": 0,
          "x2": 1,
          "y2": 0.8114,
          "z2": 1,
          "rotateYByType": {
            "*-west": 90,
            "*-south": 180,
            "*-east": 270
          }
        },
        {
          "x1": 0,
          "y1": 0.03,
          "z1": 0,
          "x2": 0.2873,
          "y2": 0.8114,
          "z2": 1,
          "rotateYByType": {
            "*-west": 90,
            "*-south": 180,
            "*-east": 270
          }
        },
        {
          "x1": 0,
          "y1": 0,
          "z1": 0,
          "x2": 1,
          "y2": 0.03,
          "z2": 1,
          "rotateYByType": {
            "*-west": 90,
            "*-south": 180,
            "*-east": 270
          }
        },
        {
          "x1": 0.2873,
          "y1": 0.03,
          "z1": 0,
          "x2": 0.7185,
          "y2": 0.8114,
          "z2": 0.25,
          "rotateYByType": {
            "*-west": 90,
            "*-south": 180,
            "*-east": 270
          }
        },
        {
          "x1": 0.5935,
          "y1": 0.625,
          "z1": 0.75,
          "x2": 0.7185,
          "y2": 0.8125,
          "z2": 1,
          "rotateYByType": {
            "*-west": 90,
            "*-south": 180,
            "*-east": 270
          }
        },
        {
          "x1": 0.2873,
          "y1": 0.5625,
          "z1": 0.75,
          "x2": 0.406,
          "y2": 0.8125,
          "z2": 1,
          "rotateYByType": {
            "*-west": 90,
            "*-south": 180,
            "*-east": 270
          }
        }
      ]
    }
  }