{
	code: "breviceps",
	class: "EntityAgent",
	variantgroups: [
		{ code: "type", states: ["macrops", "fuscus", "fichus", "gibbosus", "acutirostris", "adspersus", "namaquensis", "sylvestris", "bagginsi", "carruthersi", "rosei", "mossambicus", "pentheri", "montanus", "passmorei", "poweri", "verrucosus", "sopranus", "ombelanonga" ]}
	],
	collisionBoxSizeByType: {
		"breviceps-macrops": { x: 0.04, y: 0.04 },
		"breviceps-fuscus": { x: 0.045, y: 0.045 },
		"breviceps-fichus": { x: 0.035, y: 0.035 },
		"breviceps-gibbosus": { x: 0.055, y: 0.055 },
		"breviceps-acutirostris": { x: 0.035, y: 0.035 },
		"breviceps-adspersus": { x: 0.05, y: 0.05 },
		"breviceps-namaquensis": { x: 0.045, y: 0.045 },
		"breviceps-sylvestris": { x: 0.045, y: 0.045 },
		"breviceps-bagginsi": { x: 0.03, y: 0.03 },
		"breviceps-carruthersi": { x: 0.03, y: 0.03 },
		"breviceps-rosei": { x: 0.03, y: 0.03 },
		"breviceps-mossambicus": { x: 0.05, y: 0.05 },
		"breviceps-pentheri": { x: 0.04, y: 0.04 },
		"breviceps-montanus": { x: 0.03, y: 0.03 },
		"breviceps-passmorei": { x: 0.035, y: 0.035 },
		"breviceps-poweri": { x: 0.04, y: 0.04 },
		"breviceps-verrucosus": { x: 0.05, y: 0.05 },
		"breviceps-sopranus": { x: 0.025, y: 0.025 },
		"breviceps-ombelanonga": { x: 0.03, y: 0.03 }
	},
	deadCollisionBoxSizeByType: {
		"breviceps-macrops": { x: 0.04, y: 0.04 },
		"breviceps-fuscus": { x: 0.045, y: 0.045 },
		"breviceps-fichus": { x: 0.035, y: 0.035 },
		"breviceps-gibbosus": { x: 0.055, y: 0.055 },
		"breviceps-acutirostris": { x: 0.035, y: 0.035 },
		"breviceps-adspersus": { x: 0.05, y: 0.05 },
		"breviceps-namaquensis": { x: 0.045, y: 0.045 },
		"breviceps-sylvestris": { x: 0.045, y: 0.045 },
		"breviceps-bagginsi": { x: 0.03, y: 0.03 },
		"breviceps-carruthersi": { x: 0.03, y: 0.03 },
		"breviceps-rosei": { x: 0.03, y: 0.03 },
		"breviceps-mossambicus": { x: 0.05, y: 0.05 },
		"breviceps-pentheri": { x: 0.04, y: 0.04 },
		"breviceps-montanus": { x: 0.03, y: 0.03 },
		"breviceps-passmorei": { x: 0.035, y: 0.035 },
		"breviceps-poweri": { x: 0.04, y: 0.04 },
		"breviceps-verrucosus": { x: 0.05, y: 0.05 },
		"breviceps-sopranus": { x: 0.025, y: 0.025 },
		"breviceps-ombelanonga": { x: 0.03, y: 0.03 }
	},	
	selectionBoxSizeByType: {
		"*-macrops": { x: 0.04, y: 0.04 },
		"*-fuscus": { x: 0.045, y: 0.045 },
		"*-fichus": { x: 0.035, y: 0.035 },
		"*-gibbosus": { x: 0.055, y: 0.055 },
		"*-acutirostris": { x: 0.035, y: 0.035 },
		"*-adspersus": { x: 0.05, y: 0.05 },
		"*-namaquensis": { x: 0.045, y: 0.045 },	
		"*-sylvestris": { x: 0.045, y: 0.045 },
		"*-bagginsi": { x: 0.03, y: 0.03 },
		"*-carruthersi": { x: 0.03, y: 0.03 },
		"*-rosei": { x: 0.03, y: 0.03 },
		"*-mossambicus": { x: 0.05, y: 0.05 },
		"*-pentheri": { x: 0.04, y: 0.04 },
		"*-montanus": { x: 0.03, y: 0.03 },
		"*-passmorei": { x: 0.035, y: 0.035 },
		"*-poweri": { x: 0.04, y: 0.04 },
		"*-verrucosus": { x: 0.05, y: 0.05 },
		"*-sopranus": { x: 0.025, y: 0.025 },
		"*-ombelanonga": { x: 0.03, y: 0.03 }
	},
	deadSelectionBoxSizeByType: {
		"*-macrops": { x: 0.04, y: 0.04 },
		"*-fuscus": { x: 0.045, y: 0.045 },
		"*-fichus": { x: 0.035, y: 0.035 },
		"*-gibbosus": { x: 0.055, y: 0.055 },
		"*-acutirostris": { x: 0.035, y: 0.035 },
		"*-adspersus": { x: 0.05, y: 0.05 },
		"*-namaquensis": { x: 0.045, y: 0.045 },	
		"*-sylvestris": { x: 0.045, y: 0.045 },
		"*-bagginsi": { x: 0.03, y: 0.03 },
		"*-carruthersi": { x: 0.03, y: 0.03 },
		"*-rosei": { x: 0.03, y: 0.03 },
		"*-mossambicus": { x: 0.05, y: 0.05 },
		"*-pentheri": { x: 0.04, y: 0.04 },
		"*-montanus": { x: 0.03, y: 0.03 },
		"*-passmorei": { x: 0.035, y: 0.035 },
		"*-poweri": { x: 0.04, y: 0.04 },
		"*-verrucosus": { x: 0.05, y: 0.05 },
		"*-sopranus": { x: 0.025, y: 0.025 },
		"*-ombelanonga": { x: 0.03, y: 0.03 }
	},	
	knockbackResistance: 0,
	weight: 1,
	eyeHeight: 0.04,
	drops: [],
	attributes: {
		netCaughtItemCode: "rainfrogs:creature-breviceps-{type}",
		guiTransform: {
			translation: { x: 0, y: 0, z: 0 },
			rotation: { x: 180, y: -115, z: 6 },
			origin: { x: 0.5, y: 0.74, z: 0.5 }
		},
		tpHandTransform: {
			translation: { x: -0.7, y: -0.8, z: -0.6 },
			rotation: { x: 1, y: 172, z: 26 },
			scale: 0.44
		},
		fpHandTransform: {
			translation: { x: 0.05, y: -0.3, z: 0.5 },
			rotation: { x: -8, y: -84, z: -31 },
		},
		groundTransform: {
			translation: { x: 0, y: 0.1, z: 0 }
		}
	},
	client: {
		renderer: "Shape",
		shape: { base: "entity/land/breviceps" },
		textureByType: {
			"*-macrops": { base: "entity/rainfrog/breviceps-macrops" },
			"*-fuscus": { base: "entity/rainfrog/breviceps-fuscus"},
			"*-fichus": { base: "entity/rainfrog/breviceps-fichus" },
			"*-gibbosus": { base: "entity/rainfrog/breviceps-gibbosus" },
			"*-acutirostris": { base: "entity/rainfrog/breviceps-acutirostris" },
			"*-adspersus": { base: "entity/rainfrog/breviceps-adspersus" },
			"*-namaquensis": { base: "entity/rainfrog/breviceps-namaquensis" },
			"*-sylvestris": { base: "entity/rainfrog/breviceps-sylvestris" },
			"*-bagginsi": { base: "entity/rainfrog/breviceps-bagginsi" },
			"*-carruthersi": { base: "entity/rainfrog/breviceps-carruthersi" },
			"*-rosei": { base: "entity/rainfrog/breviceps-rosei" },
			"*-mossambicus": { base: "entity/rainfrog/breviceps-mossambicus" },
			"*-pentheri": { base: "entity/rainfrog/breviceps-pentheri" },
			"*-montanus": { base: "entity/rainfrog/breviceps-montanus" },
			"*-passmorei": { base: "entity/rainfrog/breviceps-passmorei" },
			"*-poweri": { base: "entity/rainfrog/breviceps-poweri" },
			"*-verrucosus": { base: "entity/rainfrog/breviceps-verrucosus" },
			"*-sopranus": { base: "entity/rainfrog/breviceps-sopranus" },
			"*-ombelanonga": { base: "entity/rainfrog/breviceps-ombelanonga" }
		},
		sizeByType: {
			"breviceps-macrops": 0.08,
			"breviceps-fuscus": 0.09,
			"breviceps-fichus": 0.07,
			"breviceps-gibbosus": 0.11,
			"breviceps-acutirostris": 0.07,
			"breviceps-adspersus": 0.1,
			"breviceps-namaquensis": 0.09,
			"breviceps-sylvestris": 0.09,
			"breviceps-bagginsi": 0.06,
			"breviceps-carruthersi": 0.06,
			"breviceps-rosei": 0.06,
			"breviceps-mossambicus": 0.1,
			"breviceps-pentheri": 0.08,
			"breviceps-montanus": 0.06,
			"breviceps-passmorei": 0.07,
			"breviceps-poweri": 0.08,
			"breviceps-verrucosus": 0.1,
			"breviceps-sopranus": 0.05,
			"breviceps-ombelanonga": 0.06
		},
		behaviors: [
			{ code: "repulseagents" }, 
			{ code: "controlledphysics", stepHeight: 0 },
			{ code: "floatupwhenstuck", onlyWhenDead: true },
			{ code: "interpolateposition" },
			{ code: "harvestable" },
			{ code: "despawn", minPlayerDistance: 8, belowLightLevel: 8, minSeconds: 300 },
		],
		animations: [
			{
				code: "hurt",
				animation: "hurt", 
				animationSpeed: 2.2,
				weight: 10,
				blendMode: "AddAverage" 
			},
			{
				code: "die",
				animation: "sleep", 
				animationSpeed: 1.25,
				weight: 10,
				blendMode: "Average",
				triggeredBy: { onControls: ["dead"] }
			},
			{ 
				code: "idle", 
				animation: "idle",
				blendMode: "AddAverage",
				easeOutSpeed: 4,
				triggeredBy: { defaultAnim: true },
			},
			{
				code: "sleep", 
				animation: "sleep",
				easeInSpeed: 4,
				easeOutSpeed: 4,
				weight: 1.25,
				blendMode: "Average", 
			},
			{
				code: "sit", 
				animation: "call",
				easeInSpeed: 4,
				easeOutSpeed: 3,
				supressDefaultAnimation: true,
				blendMode: "Average", 
			},
			{
				code: "walk",
				animation: "walk",
				supressDefaultAnimation: true,
				blendMode: "AddAverage"
			}
		]
	},
	server: {
		attributes: {
			pathfinder: {
				minTurnAnglePerSec: 350,
				maxTurnAnglePerSec: 650
			}
		},
		behaviors: [
			{ code: "repulseagents" }, 
			{ code: "controlledphysics", stepHeight: 0 },
			{ code: "health", currenthealth: 1, maxhealth: 1, },
			{ code: "deaddecay", hoursToDecay: 96 },
			{ code: "harvestable" },
			{ code: "despawn", minPlayerDistance: 8, belowLightLevel: 8, minSeconds: 300 },
			{ code: "floatupwhenstuck", onlyWhenDead: true },
						{ code: "breathe" },
			{ 
				code: "emotionstates",
				states: [
					{ code: "fleeondamage", 
							duration: 30, 
							chance: 1,
							slot: 2, 
							priority: 5, 
							accumType: "max", 
							whenHealthRelBelow: 0.3 },
					{ 
						code: "saturated", 
						duration: 1200, chance: 1, slot: 0, priority: 1, accumType: "sum",
						belowTempDuration: 600,
						belowTempThreshold: -5
					},
					
				],
			},
			{ 
				code: "taskai",
				aitasks: [
					{
						code: "idle",
						priority: 1.1,
						priorityForCancel: 1.35,
						minduration: 2500,
						maxduration: 2500,
						mincooldown: 6000,
						maxcooldown: 20000,
						animation: "idle",
						animationSpeed: 1
					},
					{
						code: "fleeentity",
						entityCodes: [ "player", "wolf-male", "wolf-female", "bear-*", "hyena-male", "hyena-female" ],
						priority: 1.7,
						seekingRange: 2,
						animation: "run",
						whenInEmotionState: "fleeondamage",
						sound: "game:creature/rainfrog/scream",
						animationSpeed: 1,
						movespeed: 0.00055
					},
					{
                        			code: "seekentity",
                       				entityCodes: [ "player" ],
                        			priority: 1.9,
                        			movespeed: 0.00001,
                        			seekingRange: 6,
                        			animation: "call",
                        			animationSpeed: 1.0,
                        			sound: "game:creature/rainfrog/scream",
						stopOnNearbyEntityCodes: ["player"],
						stopRange: 2,
                        			whenInEmotionState: "fleeondamage"
                    			},
										{
						code: "getoutofwater",
						priority: 1.4,
						movespeed: 0.00105,
						animation: "run",
						animationSpeed: 1
					},
					{
						code: "idle",
						priority: 1.3,
						priorityForCancel: 1.35,
						minduration: 200000,
						maxduration: 800000,
						mincooldown: 10000,
						maxcooldown: 30000,
						animation: "sleep",
						animationSpeed: 0.3,
						duringDayTimeFrames: [ { fromHour: 6, toHour: 18 } ],
						stopOnNearbyEntityCodes: ["player"],
						stopRange: 2,
						stopOnHurt: true
					},					
					{
						code: "idle",
						priority: 1.2,
						priorityForCancel: 1.35,
						minduration: 467,
						maxduration: 467,
						mincooldown: 80000,
						maxcooldown: 500000,
						animation: "call",
						sound: "game:creature/rainfrog/call",
						animationSpeed: 1
					},
					{
						code: "idle",
						priority: 1.1,
						priorityForCancel: 1.35,
						minduration: 2500,
						maxduration: 2500,
						mincooldown: 6000,
						maxcooldown: 20000,
						animation: "idle",
						animationSpeed: 1
					},
					{
						code: "wander", 
						priority: 1.0, 
						priorityForCancel: 1.35,
						animation: "walk",
						preferredLightLevel: 20,
						animationSpeed: 1,
						movespeed: 0.000425
					},
					{
						code: "idle",
						priority: 0.6,
						priorityForCancel: 1.35,
						minduration: 5000,
						maxduration: 30000,
						mincooldown: 2000,
						maxcooldown: 120000,
						animation: "eat",
						stopOnNearbyEntityCodes: ["player"],
						stopRange: 2					},
					{ 
						code: "lookaround", 
						turnSpeedMul: 0.2,
						priority: 0.5
					}
				]
			},
		],
		spawnconditions: {

				runtime: {
					group: "passive",
					chanceByType: {
						"*-macrops": 0.005,
						"*-fuscus": 0.005,
						"*-fichus": 0.005,
						"*-gibbosus": 0.005,
						"*-acutirostris": 0.005,
						"*-adspersus": 0.005,
						"*-namaquensis": 0.005,
						"*-sylvestris": 0.005,
						"*-bagginsi": 0.005,
						"*-carruthersi": 0.005,
						"*-rosei": 0.005,
						"*-mossambicus": 0.005,
						"*-pentheri": 0.005,
						"*-montanus": 0.005,
						"*-passmorei": 0.005,
						"*-poweri": 0.005,
						"*-verrucosus": 0.005,
						"*-sopranus": 0.005,
						"*-ombelanonga": 0.005
							},
					tryOnlySurface: true,
					spawnCapPlayerScaling: 0.05,
					maxQuantityByGroup: { code: "breviceps-*", maxQuantity: 25 },					
					groupSize: { dist: "verynarrowgaussian", avg: 1, var: 0 },
					insideBlockCodes: ["game:air", "game:tallgrass-*", "game:flower-*"],
					minTempByType: {
						"*-macrops": 18,
						"*-fuscus": 8,
						"*-fichus": 16,
						"*-gibbosus": 14,
						"*-acutirostris": 10,
						"*-adspersus": 20,
						"*-namaquensis": 17,
						"*-sylvestris": 18,
						"*-bagginsi": 15,
						"*-carruthersi": 19,
						"*-rosei": 13,
						"*-mossambicus": 22,
						"*-pentheri": 18,
						"*-montanus": 6,
						"*-passmorei": 19,
						"*-poweri": 23,
						"*-verrucosus": 14,
						"*-sopranus": 20,
						"*-ombelanonga": 22
					},
					maxTempByType: {
						"*-macrops": 36,
						"*-fuscus": 20,
						"*-fichus": 31,
						"*-gibbosus": 28,
						"*-acutirostris": 22,
						"*-adspersus": 40,
						"*-namaquensis": 37,
						"*-sylvestris": 32,
						"*-bagginsi": 33,
						"*-carruthersi": 27,
						"*-rosei": 28,
						"*-mossambicus": 42,
						"*-pentheri": 35,
						"*-montanus": 18,
						"*-passmorei": 30,
						"*-poweri": 44,
						"*-verrucosus": 26,
						"*-sopranus": 35,
						"*-ombelanonga": 32
					},
					minRainByType: {
						"*-macrops": 0,
						"*-fuscus": 0.25,
						"*-fichus": 0.2,
						"*-gibbosus": 0.15,
						"*-acutirostris": 0.35,
						"*-adspersus": 0.15,
						"*-namaquensis": 0.05,
						"*-sylvestris": 0.4,
						"*-bagginsi": 0.3,
						"*-carruthersi": 0.25,
						"*-rosei": 0.05,
						"*-mossambicus": 0.2,
						"*-pentheri": 0.15,
						"*-montanus": 0.3,
						"*-passmorei": 0.5,
						"*-poweri": 0.1,
						"*-verrucosus": 0.38,
						"*-sopranus": 0.1,
						"*-ombelanonga": 0.2
					},
					maxRainByType: {
						"*-macrops": 0.1,
						"*-fuscus": 0.5,
						"*-fichus": 0.6,
						"*-gibbosus": 0.45,
						"*-acutirostris": 0.65,
						"*-adspersus": 0.65,
						"*-namaquensis": 0.15,
						"*-sylvestris": 0.85,
						"*-bagginsi": 0.6,
						"*-carruthersi": 0.6,
						"*-rosei": 0.2,
						"*-mossambicus": 0.7,
						"*-pentheri": 0.5,
						"*-montanus": 0.7,
						"*-passmorei": 0.7,
						"*-poweri": 0.45,
						"*-verrucosus": 0.75,
						"*-sopranus": 0.8,
						"*-ombelanonga": 0.75
					},
					minYByType: {
						"*-macrops": 1,
						"*-fuscus": 1,
						"*-fichus": 1.5,
						"*-gibbosus": 1,
						"*-acutirostris": 1.2,
						"*-adspersus": 1,
						"*-namaquensis": 1.01,
						"*-sylvestris": 1.21,
						"*-bagginsi": 1.02,
						"*-carruthersi": 1.02,
						"*-rosei": 1,
						"*-mossambicus": 1.1,
						"*-pentheri": 1.04,
						"*-montanus": 1.05,
						"*-passmorei": 1.03,
						"*-poweri": 1.02,
						"*-verrucosus": 1.1,
						"*-sopranus": 1,
						"*-ombelanonga": 1.04
					},
					maxYByType: {
						"*-macrops": 1.05,
						"*-fuscus": 1.3,
						"*-fichus": 1.57,
						"*-gibbosus": 1.25,
						"*-acutirostris": 1.52,
						"*-adspersus": 1.47,
						"*-namaquensis": 1.07,
						"*-sylvestris": 1.56,
						"*-bagginsi": 1.47,
						"*-carruthersi": 1.04,
						"*-rosei": 1.05,
						"*-mossambicus": 1.56,
						"*-pentheri": 1.49,
						"*-montanus": 1.72,
						"*-passmorei": 1.08,
						"*-poweri": 1.28,
						"*-verrucosus": 1.7,
						"*-sopranus": 1.14,
						"*-ombelanonga": 1.09
					},
					minShrubsByType: {
						"*-macrops": 0,
						"*-fuscus": 0.33,
						"*-fichus": 0,
						"*-gibbosus": 0.15,
						"*-acutirostris": 0.33,
						"*-adspersus": 0,
						"*-namaquensis": 0.1,
						"*-sylvestris": 0.15,
						"*-bagginsi": 0,
						"*-carruthersi": 0,
						"*-rosei": 0.1,
						"*-mossambicus": 0.05,
						"*-pentheri": 0.5,
						"*-montanus": 0.33,
						"*-passmorei": 0.25,
						"*-poweri": 0.15,
						"*-verrucosus": 0.1,
						"*-sopranus": 0.05,
						"*-ombelanonga": 0.33
					},
					maxShrubsByType: {
						"*-macrops": 0.4,
						"*-fuscus": 1,
						"*-fichus": 0.5,
						"*-gibbosus": 1,
						"*-acutirostris": 1,
						"*-adspersus": 1,
						"*-namaquensis": 0.75,
						"*-sylvestris": 1,
						"*-bagginsi": 0.4,
						"*-carruthersi": 0.8,
						"*-rosei": 1,
						"*-mossambicus": 0.75,
						"*-pentheri": 1,
						"*-montanus": 0.66,
						"*-passmorei": 0.8,
						"*-poweri": 0.66,
						"*-verrucosus": 0.6,
						"*-sopranus": 0.45,
						"*-ombelanonga": 1
					},
					minForestByType: {
						"*-macrops": 0,
						"*-fuscus": 0.2,
						"*-fichus": 0,
						"*-gibbosus": 0,
						"*-acutirostris": 0.25,
						"*-adspersus": 0,
						"*-namaquensis": 0,
						"*-sylvestris": 0.5,
						"*-bagginsi": 0.05,
						"*-carruthersi": 0.4,
						"*-rosei": 0,
						"*-mossambicus": 0,
						"*-pentheri": 0,
						"*-montanus": 0,
						"*-passmorei": 0.4,
						"*-poweri": 0,
						"*-verrucosus": 0,
						"*-sopranus": 0,
						"*-ombelanonga": 0.2
					},
					maxForestByType: {
						"*-macrops": 0.33,
						"*-fuscus": 1,
						"*-fichus": 0.33,
						"*-gibbosus": 0.33,
						"*-acutirostris": 1,
						"*-adspersus": 0.5,
						"*-namaquensis": 0.33,
						"*-sylvestris": 1,
						"*-bagginsi": 0.38,
						"*-carruthersi": 1,
						"*-rosei": 0.33,
						"*-mossambicus": 0.5,
						"*-pentheri": 0.33,
						"*-montanus": 0.5,
						"*-passmorei": 0.8,
						"*-poweri": 0.5,
						"*-verrucosus": 0.75,
						"*-sopranus": 0.9,
						"*-ombelanonga": 1
					},
					
				}
		}
	},
	sounds: {
		"scream": "game:creature/rainfrog/scream",
        	"hurt": "game:creature/rainfrog/call",
        	"death": "game:creature/rainfrog/call",
        	"idle": "game:creature/rainfrog/call"
    },
	idleSoundChance: 0,
}

