{
	code: "ceramicslabitem",
	variantgroups: [
		{ code:"materialtype", states: ["raw", "burned"] }],
	creativeinventory: { "general": ["*"], "items": ["*"] },
	maxStackSize: 2,
	texturesByType: {
		"ceramicslabitem-raw": { all: { base: "game:block/clay/blueclay" } },
		"ceramicslabitem-burned": { all: { base: "game:block/clay/ceramic-dark" } }
	},
	shape: { base: "ceramicslabitem" },
	behaviorsByType: {
		"*": [
			{ name: "GroundStorable", properties: { layout: 'SingleCenter' } }
		]
	},
	combustiblePropsByType: {
		"ceramicslabitem-raw": {
			meltingPoint: 650,
			meltingDuration: 45,
			smeltedRatio: 1,
			smeltingType: "fire",
			smeltedStack: { type: "item", code: "ceramicslabitem-burned" },
			requiresContainer: false
		}
	},
	guiTransform: {
			translation: { x: 0, y: 3, z: 0 },
			origin: { x: 0.5, y: 0.0625, z: 0.5 },
			scale: 1.33,
			rotation: { x: -30, y: -44, z: -180}
		},
	tpHandTransform: {
			translation: { x: -1, y: 0.2, z: -0.9 },
			rotation: { x: -87, y: 9, z: 4 },
			origin: { x: 0.5, y: 0.125, z: 0.5 },
			scale: 0.5
		},
	fpHandTransform: {
			translation: { x: -0.3, y: 0, z: 0.5 },
			rotation: { x: 16, y: -51, z: 91 },
			origin: { x: 0.5, y: 0.125, z: 0.5 }
		},
	groundTransform: {
		translation: { x: 0, y: 0, z: 0 },
		rotation: { x: 0, y: -45, z: 0 },
		origin: { x: 0.5, y: 0, z: 0.5 },
		scale: 2.2
	}
}