{
	code: "creature",
	class: "ItemCreature",
	maxstacksize: 1,
	variantgroups: [
		{ code: "genus", states: ["osphronemus"]},
		{
			code: "type",
			states: [
				"goramy",
				"laticlavius",
				"exodon",
				"septemfasciatus",
			]
		},
		
		],

	shape: {
			"base": "entity/water/osphronemus"
		
	},
	texturesByType: {
		"*-osphronemus-goramy": {
			"skin": { "base": "entity/giantgourami/osphronemus-goramy" }
		},
		"*-osphronemus-laticlavius": {
			"skin": { "base": "entity/giantgourami/osphronemus-laticlavius" }
		},
		"*-osphronemus-exodon": {
			"skin": { "base": "entity/giantgourami/osphronemus-exodon" }
		},
		"*-osphronemus-septemfasciatus": {
			"skin": { "base": "entity/giantgourami/osphronemus-septemfasciatus" }
		},
	},
	
	
	
	
	creativeinventory: { "general": ["*"], "items": ["*"], "creatures": ["*"] },
	materialDensity: 600,
	guiTransform: {
		
			rotate: true,
			translation: { x: 1, y: 1, z: 0 },
			rotation: { x: -11, y: -52, z: -180 },
			origin: { x: 0.5, y: 0.6, z: 0.5 },
			scale: 1.5		
	},
	
	tpHandTransform: {

			translation: { x: -0.4, y: 0, z: -0.6 },
			rotation: { x: -160, y: -26, z: -90 },
			origin: { x: 0.5, y: 0.1, z: 0.5 },
			scale: 0.45	
	},
	
	fpHandTransform: {
	
			translation: { x: 0.4, y: 0, z: 0 },
			rotation: { x: -8, y: -63, z: -7 }
	}
	

	
	
	
	




