{
    "code": "brassteaset",
    "creativeinventory": { "general": ["*-north"], "decorative": ["*-north"], "decorbazaar": ["*-north"] },
    "behaviors": [{ "name": "HorizontalOrientable" }],
    "variantgroups": [{ "code": "side", "loadFromProperties": "abstract/horizontalorientation" }],
    "shape": {
        "base": "block/kitchendecor/brassteaset",
        "rotateYByType": {
            "*-north": 0,
            "*-east": 270,
            "*-south": 180,
            "*-west": 90
        }
    },
    "blockmaterial": "Wood",
  "lightAbsorption": 0,
    "sidesolid": {
        "all": "false"
    },
    "sideopaque": {
        "all": "false"
    },
    "drawtype": "json",
	"textures": {
		"4": { base: "game:block/clay/crock/flintporceilan" },
		"0": { base: "game:block/clay/vessel/sides/rutile" },
		"1": { base: "game:block/clay/vessel/sides/seasalt" },
		"5": { base: "game:block/liquid/honey" },
		"2": { base: "game:block/metal/ingot/brass" },
		"3": { base: "game:block/wood/planks/baldcypress1" }
	},
    "resistance": 3.5,
	collisionBox: { x1: 0, y1: 0, z1: 0, x2: 1, y2: 0.125, z2: 1 },
	selectionBox: { x1: 0, y1: 0, z1: 0, x2: 1, y2: 0.125, z2: 1 },
    "sounds": {
        "place": "game:block/planks",
        "walk": "game:walk/stone"
    },
	guiTransform: {
		rotation: { x: -22.6, y: 144, z: 0 }
	}
}