{
    "code": "doublestonesink",
    "creativeinventory": { "general": ["*-north"], "decorative": ["*-north"], "decorbazaar": ["*-north"] },
    "behaviors": [{ "name": "HorizontalOrientable" }],
	attributes: {
		canChisel: false,
		"handbook": { groupBy: ["doublestonesink-*"] },
		chiselShapeFromCollisionBox: true,
		liquidBarrierOnSides: { "doublestonesink-*": [ 1.0, 1.0, 1.0, 1.0 ]
		}
	},
    "variantgroups": [
        {
            "code": "stone",
            "states": [
				"andesite",
				"basalt",
				"bauxite",
				"chalk",
				"chert",
				"claystone",
				"conglomerate",
				"granite",
				"kimberlite",
				"limestone",
				"peridotite",
				"phyllite",
				"sandstone",
				"shale",
				"slate",
				"suevite"
            ]
        },
		{
			"code": "metal",
			"states": [
				"bismuth",
				"bismuthbronze",
				"blackbronze",
				"brass",
				"copper",
				"gold",
				"iron",
				"meteoriciron",
				"nickel",
				"silver",
				"steel",
				"tin",
				"tinbronze"
				]
		},
        {
            "code": "side",
            "loadFromProperties": "abstract/horizontalorientation"
        }
    ],
"shapeByType": {

         "*-north": { "base": "block/kitchendecor/doublestonesink", rotateY: 0 },
         "*-east": { "base": "block/kitchendecor/doublestonesink", rotateY: 270 },
         "*-south": { "base": "block/kitchendecor/doublestonesink", rotateY: 180 },
         "*-west": { "base": "block/kitchendecor/doublestonesink", rotateY: 90 }
     },
	blockmaterial: "stone",
	"replaceable": 300,
	drawtype: "json",
	resistance: 2,
	faceCullMode: "NeverCull",
	lightAbsorption: 0,
	emitSideAo: {all: false },
	sideAo: { all: false },
	sideopaque: {
		all: false
	},
	sidesolid: {
		up: false,
		down: false,
		north: true,
		south: true,
		east: true,
		west: true
	},
    "texturesByType": {
        "*": {
            "metal": {
                "base": "game:block/metal/ingot/{metal}"
            },
            "stone": {
                "base": "game:block/stone/agedbrick/{stone}1"
            }
        }
    },
    "resistance": 3.5,
    "sounds": {
        "place": "game:block/planks",
        "walk": "game:walk/stone"
    },
	"guiTransform": {
		rotation: { x: -22.6, y: 144, z: 0 }
	}
}