{
    "code": "pot",
    "creativeinventory": { "general": ["*-north"], "decorative": ["*-north"], "decorbazaar": ["*-north"] },
    "behaviors": [{ "name": "HorizontalOrientable" }],
    "variantgroups": [{ "code": "side", "loadFromProperties": "abstract/horizontalorientation" }],
    "shape": {
        "base": "block/kitchendecor/pot",
        "rotateYByType": {
            "*-north": 0,
            "*-east": 270,
            "*-south": 180,
            "*-west": 90
        }
    },
    "blockmaterial": "stone",
  "lightAbsorption": 0,
    "sidesolid": {
        "all": "false"
    },
    "sideopaque": {
        "all": "false"
    },
    "drawtype": "json",
	"textures": {
		"pot": { base: "block/bazaar/ceramic/pot" },
		"burned": { base: "game:block/clay/vessel/sides/burned" }
	},
    "resistance": 3.5,
	collisionBox: { x1: 0.1875, y1: 0, z1: 0.1875, x2: 0.8125, y2: 0.25, z2: 0.8125 },
	selectionBox: { x1: 0.1875, y1: 0, z1: 0.1875, x2: 0.8125, y2: 0.25, z2: 0.8125 },

    "sounds": {
        "place": "game:block/planks",
        "walk": "game:walk/stone"
    },
	guiTransform: {
		rotation: { x: -22.6, y: 144, z: 0 }
	}
}