{
    "code": "sink",
    "creativeinventory": { "general": ["*-north"], "decorative": ["*-north"], "decorbazaar": ["*-north"] },
    "behaviors": [{ "name": "HorizontalOrientable" }],
	attributes: {
		canChisel: false,
		chiselShapeFromCollisionBox: true,
		liquidBarrierOnSides: { "doublestonesink-*": [ 1.0, 1.0, 1.0, 1.0 ]
		}
	},
    "variantgroups": [{ "code": "side", "loadFromProperties": "abstract/horizontalorientation" }],
    "shape": {
        "base": "block/kitchendecor/sink",
        "rotateYByType": {
            "*-north": 0,
            "*-east": 270,
            "*-south": 180,
            "*-west": 90
        }
    },
	blockmaterial: "stone",
	"replaceable": 300,
	drawtype: "json",
	resistance: 2,
	faceCullMode: "NeverCull",
	lightAbsorption: 0,
	emitSideAo: {all: false },
	sideAo: { all: false },
	sideopaque: {
		all: false
	},
	sidesolid: {
		up: false,
		down: false,
		north: true,
		south: true,
		east: true,
		west: true
	},
    "drawtype": "json",
	"textures": {
		"ginghamgreen": { base: "block/bazaar/fabric/ginghamgreen" },
		"waterportion": { base: "game:block/liquid/waterportion" },
		"copper": { base: "game:block/metal/ingot/copper" },
		"whitemarble1": { base: "game:block/stone/rock/whitemarble1" },
		"baldcypress1": { base: "game:block/wood/planks/baldcypress1" },
		"oak1": { base: "game:block/wood/planks/oak1" }
	},
    "resistance": 3.5,
    "sounds": {
        "place": "game:block/planks",
        "walk": "game:walk/stone"
    },
	guiTransform: {
		rotation: { x: -22.6, y: 144, z: 0 }
	}
}