{
	"editor": {
		"collapsedPaths": "Root/Origin/PowderBag",
		"allAngles": false,
		"entityTextureMode": false
	},
	"textureWidth": 16,
	"textureHeight": 16,
	"textureSizes": {
	},
	"textures": {
	},
	"elements": [
		{
			"name": "Origin",
			"from": [ 0.0, 0.0, 0.0 ],
			"to": [ 0.0, 0.0, 0.0 ],
			"rotationOrigin": [ 8.0, 0.0, 8.0 ],
			"faces": {
			},
			"children": [
				{
					"name": "PowderBag",
					"from": [ 5.75, 1.0, 5.75 ],
					"to": [ 10.25, 7.0, 10.25 ],
					"rotationOrigin": [ 8.0, 1.0, 8.0 ],
					"faces": {
						"north": { "texture": "#blastpowdersack", "uv": [ 4.5, 2.5, 9.0, 8.5 ], "windMode": [-1,-1,-1,-1] },
						"east": { "texture": "#blastpowdersack", "uv": [ 5.5, 3.0, 10.0, 9.0 ], "windMode": [-1,-1,-1,-1] },
						"south": { "texture": "#blastpowdersack", "uv": [ 5.0, 3.0, 9.5, 9.0 ], "windMode": [-1,-1,-1,-1] },
						"west": { "texture": "#blastpowdersack", "uv": [ 2.5, 3.0, 7.0, 9.0 ], "windMode": [-1,-1,-1,-1] },
						"up": { "texture": "#blastpowdersack", "uv": [ 6.0, 6.5, 10.5, 11.0 ], "rotation": 90, "windMode": [-1,-1,-1,-1] },
						"down": { "texture": "#blastpowdersack", "uv": [ 6.5, 7.0, 11.0, 11.5 ], "rotation": 270, "windMode": [-1,-1,-1,-1] }
					},
					"children": [
						{
							"name": "PowderBagBottom",
							"from": [ 0.25, -1.0, 0.25 ],
							"to": [ 4.25, 0.0, 4.25 ],
							"rotationOrigin": [ 2.25, -1.0, 2.25 ],
							"faces": {
								"north": { "texture": "#blastpowdersack", "uv": [ 7.5, 2.5, 11.5, 3.5 ], "windMode": [-1,-1,-1,-1] },
								"east": { "texture": "#blastpowdersack", "uv": [ 0.5, 2.5, 4.5, 3.5 ], "windMode": [-1,-1,-1,-1] },
								"south": { "texture": "#blastpowdersack", "uv": [ 4.0, 2.5, 8.0, 3.5 ], "windMode": [-1,-1,-1,-1] },
								"west": { "texture": "#blastpowdersack", "uv": [ 5.0, 2.5, 9.0, 3.5 ], "windMode": [-1,-1,-1,-1] },
								"down": { "texture": "#blastpowdersack", "uv": [ 11.5, 5.0, 15.5, 9.0 ], "windMode": [-1,-1,-1,-1] }
							}
						}
					]
				},
				{
					"name": "CanisterBottom",
					"from": [ 6.0, 7.0, 6.0 ],
					"to": [ 10.0, 9.5, 10.0 ],
					"rotationOrigin": [ 8.0, 7.0, 8.0 ],
					"faces": {
						"north": { "texture": "#material", "uv": [ 2.5, 0.0, 6.5, 2.5 ], "windMode": [-1,-1,-1,-1] },
						"east": { "texture": "#material", "uv": [ 8.0, 0.0, 12.0, 2.5 ], "windMode": [-1,-1,-1,-1] },
						"south": { "texture": "#material", "uv": [ 6.0, 0.0, 10.0, 2.5 ], "windMode": [-1,-1,-1,-1] },
						"west": { "texture": "#material", "uv": [ 2.0, 0.0, 6.0, 2.5 ], "windMode": [-1,-1,-1,-1] },
						"up": { "texture": "#material", "uv": [ 4.0, 5.5, 8.0, 9.5 ], "rotation": 90, "windMode": [-1,-1,-1,-1] },
						"down": { "texture": "#material", "uv": [ 7.0, 5.5, 11.0, 9.5 ], "rotation": 270, "windMode": [-1,-1,-1,-1] }
					},
					"children": [
						{
							"name": "CanisterTop",
							"from": [ -0.5, 2.0, -0.5 ],
							"to": [ 4.5, 7.5, 4.5 ],
							"rotationOrigin": [ 2.0, 2.0, 2.0 ],
							"faces": {
								"north": { "texture": "#material", "uv": [ 2.0, 0.0, 7.0, 5.5 ] },
								"east": { "texture": "#material", "uv": [ 9.0, 0.0, 14.0, 5.5 ] },
								"south": { "texture": "#material", "uv": [ 3.5, 0.0, 8.5, 5.5 ] },
								"west": { "texture": "#material", "uv": [ 5.0, 0.0, 10.0, 5.5 ] },
								"up": { "texture": "#material", "uv": [ 6.0, 6.5, 11.0, 11.5 ], "rotation": 90 },
								"down": { "texture": "#material", "uv": [ 4.0, 3.0, 9.0, 8.0 ], "rotation": 270 }
							}
						}
					]
				}
			]
		}
	]}