{
	"editor": {
		"collapsedPaths": "Root/Origin/PowderBag",
		"allAngles": false,
		"entityTextureMode": false
	},
	"textureWidth": 16,
	"textureHeight": 16,
	"textureSizes": {
	},
	"textures": {
	},
	"elements": [
		{
			"name": "Origin",
			"from": [ -8.0, 0.0, 0.0 ],
			"to": [ -8.0, 0.0, 0.0 ],
			"rotationOrigin": [ 0.0, 0.0, 8.0 ],
			"rotationZ": -90.0,
			"faces": {
			},
			"children": [
				{
					"name": "ShellBase1",
					"from": [ 5.5, 6.0, 5.5 ],
					"to": [ 10.5, 14.0, 10.5 ],
					"rotationOrigin": [ 8.0, 6.0, 8.0 ],
					"faces": {
						"north": { "texture": "#blackbronze1", "uv": [ 2.5, 8.0, 7.5, 16.0 ], "windMode": [-1,-1,-1,-1] },
						"east": { "texture": "#blackbronze1", "uv": [ 6.0, 8.0, 11.0, 16.0 ], "windMode": [-1,-1,-1,-1] },
						"south": { "texture": "#blackbronze1", "uv": [ 4.0, 8.0, 9.0, 16.0 ], "windMode": [-1,-1,-1,-1] },
						"west": { "texture": "#blackbronze1", "uv": [ 7.0, 8.0, 12.0, 16.0 ], "windMode": [-1,-1,-1,-1] },
						"up": { "texture": "#blackbronze1", "uv": [ 6.0, 6.5, 11.0, 11.5 ], "rotation": 90, "windMode": [-1,-1,-1,-1] },
						"down": { "texture": "#blackbronze1", "uv": [ 4.0, 3.0, 9.0, 8.0 ], "rotation": 270, "windMode": [-1,-1,-1,-1] }
					},
					"children": [
						{
							"name": "ShellBase2",
							"from": [ 0.5, -3.0, 0.5 ],
							"to": [ 4.5, 0.0, 4.5 ],
							"rotationOrigin": [ 3.5, -4.0, 3.5 ],
							"faces": {
								"north": { "texture": "#blackbronze1", "uv": [ 3.5, 9.0, 7.5, 12.0 ], "windMode": [-1,-1,-1,-1] },
								"east": { "texture": "#blackbronze1", "uv": [ 6.5, 6.0, 10.5, 9.0 ] },
								"south": { "texture": "#blackbronze1", "uv": [ 4.5, 5.0, 8.5, 8.0 ] },
								"west": { "texture": "#blackbronze1", "uv": [ 9.5, 7.5, 13.5, 10.5 ] },
								"down": { "texture": "#blackbronze1", "uv": [ 6.5, 4.5, 10.5, 8.5 ], "rotation": 270 }
							},
							"children": [
								{
									"name": "ShellBase3",
									"from": [ 0.5, -2.0, 0.5 ],
									"to": [ 3.5, 0.0, 3.5 ],
									"rotationOrigin": [ 4.0, -3.0, 4.0 ],
									"faces": {
										"north": { "texture": "#blackbronze1", "uv": [ 3.5, 9.0, 6.5, 11.0 ] },
										"east": { "texture": "#blackbronze1", "uv": [ 6.5, 6.0, 9.5, 8.0 ] },
										"south": { "texture": "#blackbronze1", "uv": [ 4.5, 5.0, 7.5, 7.0 ] },
										"west": { "texture": "#blackbronze1", "uv": [ 9.5, 7.5, 12.5, 9.5 ] },
										"down": { "texture": "#blackbronze1", "uv": [ 6.5, 4.5, 9.5, 7.5 ], "rotation": 270 }
									}
								},
								{
									"name": "Wing1",
									"from": [ 1.5, -3.0, -0.5 ],
									"to": [ 2.5, 0.0, 4.5 ],
									"rotationOrigin": [ 5.0, -4.0, 3.0 ],
									"faces": {
										"north": { "texture": "#blackbronze1", "uv": [ 3.5, 9.0, 4.5, 12.0 ] },
										"east": { "texture": "#blackbronze1", "uv": [ 6.5, 6.0, 11.5, 9.0 ] },
										"south": { "texture": "#blackbronze1", "uv": [ 4.5, 5.0, 5.5, 8.0 ] },
										"west": { "texture": "#blackbronze1", "uv": [ 9.5, 7.5, 14.5, 10.5 ] },
										"up": { "texture": "#blackbronze1", "uv": [ 4.0, 3.0, 5.0, 8.0 ], "windMode": [-1,-1,-1,-1] },
										"down": { "texture": "#blackbronze1", "uv": [ 6.5, 4.5, 11.5, 5.5 ], "rotation": 270 }
									}
								},
								{
									"name": "Wing2",
									"from": [ -0.5, -3.0, 1.5 ],
									"to": [ 4.5, 0.0, 2.5 ],
									"rotationOrigin": [ 3.0, -4.0, 5.0 ],
									"faces": {
										"north": { "texture": "#blackbronze1", "uv": [ 3.5, 9.0, 8.5, 12.0 ] },
										"east": { "texture": "#blackbronze1", "uv": [ 6.5, 6.0, 7.5, 9.0 ] },
										"south": { "texture": "#blackbronze1", "uv": [ 4.5, 5.0, 9.5, 8.0 ] },
										"west": { "texture": "#blackbronze1", "uv": [ 9.5, 7.5, 10.5, 10.5 ] },
										"up": { "texture": "#blackbronze1", "uv": [ 5.5, 5.0, 10.5, 6.0 ], "windMode": [-1,-1,-1,-1] },
										"down": { "texture": "#blackbronze1", "uv": [ 6.5, 4.5, 7.5, 9.5 ], "rotation": 270 }
									}
								}
							]
						}
					]
				},
				{
					"name": "ShellTop1",
					"from": [ 6.0, 14.0, 6.0 ],
					"to": [ 10.0, 15.0, 10.0 ],
					"rotationOrigin": [ 8.0, 14.0, 8.0 ],
					"faces": {
						"north": { "texture": "#blackbronze1", "uv": [ 4.5, 12.0, 8.5, 13.0 ], "windMode": [-1,-1,-1,-1] },
						"east": { "texture": "#blackbronze1", "uv": [ 6.5, 7.5, 10.5, 8.5 ], "windMode": [-1,-1,-1,-1] },
						"south": { "texture": "#blackbronze1", "uv": [ 8.5, 9.5, 12.5, 10.5 ], "windMode": [-1,-1,-1,-1] },
						"west": { "texture": "#blackbronze1", "uv": [ 5.5, 8.5, 9.5, 9.5 ], "windMode": [-1,-1,-1,-1] },
						"up": { "texture": "#blackbronze1", "uv": [ 6.0, 6.5, 10.0, 10.5 ], "rotation": 90, "windMode": [-1,-1,-1,-1] }
					},
					"children": [
						{
							"name": "ShellTop2",
							"from": [ 0.5, 1.0, 0.5 ],
							"to": [ 3.5, 1.5, 3.5 ],
							"rotationOrigin": [ 2.0, 1.5, 2.0 ],
							"faces": {
								"north": { "texture": "#blackbronze1", "uv": [ 5.0, 9.5, 8.0, 10.0 ], "windMode": [-1,-1,-1,-1] },
								"east": { "texture": "#blackbronze1", "uv": [ 6.5, 10.5, 9.5, 11.0 ], "windMode": [-1,-1,-1,-1] },
								"south": { "texture": "#blackbronze1", "uv": [ 2.5, 9.5, 5.5, 10.0 ], "windMode": [-1,-1,-1,-1] },
								"west": { "texture": "#blackbronze1", "uv": [ 2.5, 7.5, 5.5, 8.0 ], "windMode": [-1,-1,-1,-1] },
								"up": { "texture": "#blackbronze1", "uv": [ 6.0, 6.5, 9.0, 9.5 ], "rotation": 90, "windMode": [-1,-1,-1,-1] }
							}
						}
					]
				}
			]
		}
	]}