{
	"editor": {
		"collapsedPaths": "Root/Origin/PowderBag",
		"allAngles": false,
		"entityTextureMode": false
	},
	"textureWidth": 16,
	"textureHeight": 16,
	"textureSizes": {
	},
	"textures": {
	},
	"elements": [
		{
			"name": "Origin",
			"from": [ -8.0, 0.0, 0.0 ],
			"to": [ -8.0, 0.0, 0.0 ],
			"rotationOrigin": [ 0.0, 0.0, 8.0 ],
			"rotationZ": -90.0,
			"faces": {
			},
			"children": [
				{
					"name": "ShellBase1",
					"from": [ 5.5, 5.0, 5.5 ],
					"to": [ 10.5, 12.0, 10.5 ],
					"rotationOrigin": [ 8.0, 0.0, 8.0 ],
					"faces": {
						"north": { "texture": "#blackbronze1", "uv": [ 2.5, 9.0, 7.5, 16.0 ], "windMode": [-1,-1,-1,-1] },
						"east": { "texture": "#blackbronze1", "uv": [ 5.0, 9.0, 10.0, 16.0 ], "windMode": [-1,-1,-1,-1] },
						"south": { "texture": "#blackbronze1", "uv": [ 3.0, 9.0, 8.0, 16.0 ], "windMode": [-1,-1,-1,-1] },
						"west": { "texture": "#blackbronze1", "uv": [ 8.5, 9.0, 13.5, 16.0 ], "windMode": [-1,-1,-1,-1] },
						"up": { "texture": "#blackbronze1", "uv": [ 6.0, 6.5, 11.0, 11.5 ], "rotation": 90, "windMode": [-1,-1,-1,-1] },
						"down": { "texture": "#blackbronze1", "uv": [ 4.0, 3.0, 9.0, 8.0 ], "rotation": 270, "windMode": [-1,-1,-1,-1] }
					},
					"children": [
						{
							"name": "ShellBase3",
							"from": [ 0.25, -4.0, 0.25 ],
							"to": [ 4.75, 0.0, 4.75 ],
							"rotationOrigin": [ 2.5, -4.0, 2.5 ],
							"faces": {
								"north": { "texture": "#blackbronze1", "uv": [ 3.0, 0.0, 7.5, 4.0 ] },
								"east": { "texture": "#blackbronze1", "uv": [ 7.0, 0.0, 11.5, 4.0 ] },
								"south": { "texture": "#blackbronze1", "uv": [ 2.0, 0.0, 6.5, 4.0 ] },
								"west": { "texture": "#blackbronze1", "uv": [ 3.5, 0.0, 8.0, 4.0 ] },
								"down": { "texture": "#blackbronze1", "uv": [ 4.0, 3.0, 8.5, 7.5 ], "rotation": 270 }
							},
							"children": [
								{
									"name": "ShellBase4",
									"from": [ 0.75, -1.0, 0.75 ],
									"to": [ 3.75, 0.5, 3.75 ],
									"rotationOrigin": [ 3.5, -2.0, 3.5 ],
									"faces": {
										"north": { "texture": "#blackbronze1", "uv": [ 3.0, 13.5, 6.0, 15.0 ] },
										"east": { "texture": "#blackbronze1", "uv": [ 7.5, 13.5, 10.5, 15.0 ] },
										"south": { "texture": "#blackbronze1", "uv": [ 5.0, 13.5, 8.0, 15.0 ] },
										"west": { "texture": "#blackbronze1", "uv": [ 10.0, 13.5, 13.0, 15.0 ] },
										"down": { "texture": "#blackbronze1", "uv": [ 4.0, 3.0, 7.0, 6.0 ], "rotation": 270 }
									}
								}
							]
						}
					]
				},
				{
					"name": "ShellTop",
					"from": [ 6.0, 12.0, 6.0 ],
					"to": [ 10.0, 13.0, 10.0 ],
					"rotationOrigin": [ 8.0, 12.0, 8.0 ],
					"faces": {
						"north": { "texture": "#blackbronze1", "uv": [ 9.0, 7.5, 13.0, 8.5 ], "windMode": [-1,-1,-1,-1] },
						"east": { "texture": "#blackbronze1", "uv": [ 6.5, 8.0, 10.5, 9.0 ] },
						"south": { "texture": "#blackbronze1", "uv": [ 4.0, 9.0, 8.0, 10.0 ] },
						"west": { "texture": "#blackbronze1", "uv": [ 8.5, 9.0, 12.5, 10.0 ] },
						"up": { "texture": "#blackbronze1", "uv": [ 5.0, 7.0, 9.0, 11.0 ], "rotation": 90 }
					}
				}
			]
		}
	]}