[
  {
    "file": "floralzonescaperegion:blocktypes/wood/woodtyped/log.json",
    "side": "server",
    "op": "add",
    "path": "/attributes/workStationTransforms",
    "value": { 
            "idgChoppingBlockProps": {               
                "idgChoppingBlockTransform": {
                "translation": {
                  "x": 0,
                  "y": 0.0625,
                  "z": 0,
                  "scale": 0.95
                },
                "rotation": {
                  "x": 0,
                  "y": 0,
                  "z": 0
                },
                "origin": {
                  "x": 0.5,
                  "y": 0,
                  "z": 0.5
                }
              }
          },
          "idgSawBuckProps": {
              "idgSawBuckTransform": {
                  "translation": {
                    "x": 0.027,
                    "y": 0.7,
                    "z": 0,
                    "scale": 0.7
                  },
                  "rotation": {
                    "x": 0,
                    "northx": 90,
                    "southx": 90,
                    "eastx": 45,
                    "westx": 45,
                    "y": 0,
                    "northy": 45,
                    "southy": 45,
                    "easty": 90,
                    "westy": 90, 
                    "z": 0,
                    "eastz": 90,
                    "westz": 90
                            
                  },
                  "origin": {
                    "x": 0.5,
                    "y": 0.5,
                    "z": 0.5
                  }
              }
            }
    },
		"dependsOn": [ { "modid": "floralzonescaperegion" } ]
  },
  {
    "file": "floralzonescaperegion:blocktypes/wood/woodtyped/log.json",
    "op": "remove",
		"side": "server",
    "path": "/resistance",
		"dependsOn": [ { "modid": "floralzonescaperegion" } ]
  },
  {
    "file": "floralzonescaperegion:blocktypes/wood/woodtyped/log.json",
    "op": "add",
		"side": "server",
    "path": "/resistanceByType",
    "value": {
    "*-searsialancea-*": 6,
    "*-afrocarpusfalcatus-*": 11.87,
    "*": 4
    },
		"dependsOn": [ { "modid": "floralzonescaperegion" } ]
  },
  {
    "file": "floralzonescaperegion:blocktypes/wood/woodtyped/log-debarked.json",
    "op": "remove",
		"side": "server",
    "path": "/resistance",
		"dependsOn": [ { "modid": "floralzonescaperegion" } ]
  },
  {
    "file": "floralzonescaperegion:blocktypes/wood/woodtyped/log-debarked.json",
    "op": "add",
		"side": "server",
    "path": "/resistanceByType",
    "value": {
    "*-searsialancea-*": 6,
    "*-afrocarpusfalcatus-*": 11.87,
    "*": 4
    },
		"dependsOn": [ { "modid": "floralzonescaperegion" } ]
  },
	{
    "file": "floralzonescaperegion:blocktypes/wood/woodtyped/log-debarked.json",
    "side": "server",
    "op": "add",
    "path": "/attributes/workStationTransforms",
    "value": { 
            "idgChoppingBlockProps": {               
                "idgChoppingBlockTransform": {
                "translation": {
                  "x": 0,
                  "y": 0.0625,
                  "z": 0,
                  "scale": 0.95
                },
                "rotation": {
                  "x": 0,
                  "y": 0,
                  "z": 0
                },
                "origin": {
                  "x": 0.5,
                  "y": 0,
                  "z": 0.5
                }
              }
          },
          "idgSawBuckProps": {
              "idgSawBuckTransform": {
                  "translation": {
                    "x": 0.027,
                    "y": 0.7,
                    "z": 0,
                    "scale": 0.7
                  },
                  "rotation": {
                    "x": 0,
                    "northx": 90,
                    "southx": 90,
                    "eastx": 45,
                    "westx": 45,
                    "y": 0,
                    "northy": 45,
                    "southy": 45,
                    "easty": 90,
                    "westy": 90, 
                    "z": 0,
                    "eastz": 90,
                    "westz": 90
                            
                  },
                  "origin": {
                    "x": 0.5,
                    "y": 0.5,
                    "z": 0.5
                  }
              }
            }
    },
		"dependsOn": [ { "modid": "floralzonescaperegion" } ]
	},
  	{
    "file": "floralzonescaperegion:blocktypes/wood/woodtyped/log-section.json",
    "side": "server",
    "op": "add",
    "path": "/attributes/workStationTransforms",
    "value": { 
            "idgChoppingBlockProps": {               
                "idgChoppingBlockTransform": {
                "translation": {
                  "x": 0,
                  "y": 0.0625,
                  "z": 0,
                  "scale": 0.95
                },
                "rotation": {
                  "x": 0,
                  "y": 0,
                  "z": 0
                },
                "origin": {
                  "x": 0.5,
                  "y": 0,
                  "z": 0.5
                }
              }
          },
          "idgSawBuckProps": {
              "idgSawBuckTransform": {
                  "translation": {
                    "x": 0.027,
                    "y": 0.7,
                    "z": 0,
                    "scale": 0.7
                  },
                  "rotation": {
                    "x": 0,
                    "northx": 90,
                    "southx": 90,
                    "eastx": 45,
                    "westx": 45,
                    "y": 0,
                    "northy": 45,
                    "southy": 45,
                    "easty": 90,
                    "westy": 90, 
                    "z": 0,
                    "eastz": 90,
                    "westz": 90
                            
                  },
                  "origin": {
                    "x": 0.5,
                    "y": 0.5,
                    "z": 0.5
                  }
              }
            }
    },
		"dependsOn": [ { "modid": "floralzonescaperegion" } ]
	}
]
