[
  {
    // If you add enabled: false to your recipe, you can simply enable it when the desired mod is loaded
    "file": "floralzonescaperegion:recipes/barrel/weaktannin.json",
    "op": "add",
    "side": "server",
    "path": "/0/enabled",
    "value": false
  },
  {
    // If you add enabled: false to your recipe, you can simply enable it when the desired mod is loaded
    "file": "floralzonescaperegion:recipes/barrel/weaktannin.json",
    "op": "add",
    "side": "server",
    "path": "/1/enabled",
    "value": false
  },
  {
    // If you add enabled: false to your recipe, you can simply enable it when the desired mod is loaded
    "file": "floralzonescaperegion:recipes/barrel/strongtannin.json",
    "op": "add",
    "side": "server",
    "path": "/0/enabled",
    "value": false
  },
  {
    // If you add enabled: false to your recipe, you can simply enable it when the desired mod is loaded
    "file": "floralzonescaperegion:recipes/barrel/strongtannin.json",
    "op": "add",
    "side": "server",
    "path": "/1/enabled",
    "value": false
  }
]