{
	"editor": {
		"collapsedPaths": "Root/Crossbow/Wheel/Cube2,Root/lever_1,Root/Bow/Bow_right_limb_19,Root/Crossbow/Wheel/Cube3,Root/Crossbow/Wheel,Root/Bow/Bow_right_limb_13,Root/Bow,Root/Stock,Root/Stock/Stock_front_1,Root/Crossbow/Latch/Trigger_mechanism/latch_8,Root/Bow/Bow_right_limb_7,Root/Crossbow/Latch/latch_4/Wheel/Cube5,Root/String,Root/Crossbow/Plate,Root/Crossbow/Latch/latch_4/Wheel/Cube6,Root/Crossbow/Latch/Trigger_mechanism/Wheel,Root/Crossbow/Latch/latch_4/Wheel,Root/Plate,Root/Crossbow/Lever,Root/Crossbow/String,Root/Bow_holder_1,Root/Bow_holder_4,Root/Bow_right_limb_7,Root/Bow_right_limb_1,Root/Cube12,Root/Crossbow/Bow,Root/Stock/Stock_back_1,Root/Crossbow/Wheel/Cube12,Root/Bow/Bow_right_limb_19/Bow_right_limb_7,Root/Cube2,Root/Cube3,Root/Crossbow/Latch/Trigger_mechanism,Root/Wheel,Root/Crossbow/lever_1",
		"allAngles": false,
		"entityTextureMode": false
	},
	"textureWidth": 16,
	"textureHeight": 16,
	"textureSizes": {
	},
	"textures": {
		"linen": "block/cloth/linen/normal1",
		"bone": "block/creature/bone",
		"iron": "block/metal/plate/iron",
		"metal": "block/metal/plate/tinbronze",
		"woodbow": "block/wood/debarked/larch",
		"wood": "block/wood/debarked/oak"
	},
	"elements": [
		{
			"name": "Crossbow",
			"from": [ 8.0, -0.5, 16.0 ],
			"to": [ 8.0, -0.5, 16.0 ],
			"rotationOrigin": [ 8.0, -0.5, 16.0 ],
			"faces": {
				"north": { "texture": "#metal", "uv": [ 0.0, 0.0, 0.5, 0.5 ] },
				"east": { "texture": "#metal", "uv": [ 0.0, 0.0, 0.5, 0.5 ] },
				"south": { "texture": "#metal", "uv": [ 0.0, 0.0, 0.5, 0.5 ] },
				"west": { "texture": "#metal", "uv": [ 0.0, 0.0, 0.5, 0.5 ] },
				"up": { "texture": "#metal", "uv": [ 0.0, 0.0, 0.5, 0.5 ] },
				"down": { "texture": "#metal", "uv": [ 0.0, 0.0, 0.5, 0.5 ] }
			},
			"children": [
				{
					"name": "String",
					"from": [ -0.5, 2.0, -6.3 ],
					"to": [ 1.0, 2.5, -5.8 ],
					"rotationOrigin": [ -0.5, 2.0, -6.2 ],
					"faces": {
						"north": { "texture": "#linen", "uv": [ 7.0, 3.5, 9.0, 4.5 ], "autoUv": false },
						"east": { "texture": "#linen", "uv": [ 0.0, 0.0, 0.5, 0.5 ] },
						"south": { "texture": "#linen", "uv": [ 8.0, 6.5, 10.0, 7.5 ], "autoUv": false },
						"west": { "texture": "#linen", "uv": [ 0.0, 0.0, 0.5, 0.5 ] },
						"up": { "texture": "#linen", "uv": [ 9.5, 7.5, 11.5, 8.5 ], "autoUv": false }
					},
					"children": [
						{
							"name": "String_2",
							"from": [ 1.5, 0.0, 0.0 ],
							"to": [ 11.5, 0.5, 0.5 ],
							"rotationOrigin": [ 1.5, 0.5, 0.5 ],
							"rotationZ": -4.0,
							"faces": {
								"north": { "texture": "#linen", "uv": [ 0.0, 1.5, 16.0, 2.5 ], "autoUv": false },
								"east": { "texture": "#linen", "uv": [ 0.0, 0.0, 0.5, 0.5 ] },
								"south": { "texture": "#linen", "uv": [ 0.0, 4.0, 16.0, 5.0 ], "autoUv": false },
								"up": { "texture": "#linen", "uv": [ 0.0, 7.0, 16.0, 8.0 ], "autoUv": false },
								"down": { "texture": "#linen", "uv": [ 0.0, 9.5, 16.0, 10.5 ], "autoUv": false }
							}
						},
						{
							"name": "String_6",
							"from": [ 0.0, 0.0, 0.5 ],
							"to": [ 10.0, 0.5, 1.0 ],
							"rotationOrigin": [ 0.0, 0.5, 0.5 ],
							"rotationY": -180.0,
							"rotationZ": -4.0,
							"faces": {
								"north": { "texture": "#linen", "uv": [ 0.0, 10.0, 16.0, 11.0 ], "autoUv": false },
								"east": { "texture": "#linen", "uv": [ 0.0, 0.0, 0.5, 0.5 ] },
								"south": { "texture": "#linen", "uv": [ 0.0, 3.5, 16.0, 4.5 ], "autoUv": false },
								"up": { "texture": "#linen", "uv": [ 0.0, 10.0, 16.0, 11.0 ], "autoUv": false },
								"down": { "texture": "#linen", "uv": [ 0.0, 13.5, 16.0, 14.5 ], "autoUv": false }
							}
						}
					]
				},
				{
					"name": "Bow",
					"from": [ -7.5, -0.1, -10.5 ],
					"to": [ -7.5, -0.1, -10.5 ],
					"rotationOrigin": [ 0.5, 0.6, -10.5 ],
					"rotationX": -10.0,
					"faces": {
						"north": { "texture": "#metal", "uv": [ 0.0, 0.0, 0.5, 0.5 ] },
						"east": { "texture": "#metal", "uv": [ 0.0, 0.0, 0.5, 0.5 ] },
						"south": { "texture": "#metal", "uv": [ 0.0, 0.0, 0.5, 0.5 ] },
						"west": { "texture": "#metal", "uv": [ 0.0, 0.0, 0.5, 0.5 ] },
						"up": { "texture": "#metal", "uv": [ 0.0, 0.0, 0.5, 0.5 ] },
						"down": { "texture": "#metal", "uv": [ 0.0, 0.0, 0.5, 0.5 ] }
					},
					"children": [
						{
							"name": "Bow_right_limb_1",
							"from": [ 9.0, 0.3022, 0.0 ],
							"to": [ 11.0, 1.3022, 1.3 ],
							"rotationOrigin": [ 9.0, 0.3022, 0.0 ],
							"rotationY": -1.0,
							"faces": {
								"north": { "texture": "#woodbow", "uv": [ 0.0, 0.0, 2.0, 1.0 ] },
								"east": { "texture": "#woodbow", "uv": [ 0.0, 0.0, 1.0, 1.0 ] },
								"south": { "texture": "#woodbow", "uv": [ 3.5, 3.0, 5.5, 4.0 ] },
								"west": { "texture": "#woodbow", "uv": [ 0.0, 0.0, 1.0, 1.0 ] },
								"up": { "texture": "#woodbow", "uv": [ 2.0, 7.0, 4.0, 8.5 ], "autoUv": false },
								"down": { "texture": "#woodbow", "uv": [ 0.5, 13.0, 2.5, 14.5 ], "autoUv": false }
							},
							"children": [
								{
									"name": "Bow_right_limb_2",
									"from": [ 2.0, 0.01, 0.0 ],
									"to": [ 4.0, 0.99, 1.2 ],
									"rotationOrigin": [ 2.0, 0.0, 0.0 ],
									"rotationY": -10.0,
									"faces": {
										"north": { "texture": "#woodbow", "uv": [ 0.0, 0.0, 2.0, 1.0 ], "autoUv": false },
										"east": { "texture": "#woodbow", "uv": [ 0.0, 0.0, 1.0, 0.5 ] },
										"south": { "texture": "#woodbow", "uv": [ 9.0, 0.0, 11.0, 1.0 ], "autoUv": false },
										"west": { "texture": "#woodbow", "uv": [ 0.0, 0.0, 1.0, 0.5 ] },
										"up": { "texture": "#woodbow", "uv": [ 4.0, 7.0, 6.0, 8.4 ], "autoUv": false },
										"down": { "texture": "#woodbow", "uv": [ 2.0, 13.0, 4.0, 14.4 ], "autoUv": false }
									},
									"children": [
										{
											"name": "Bow_right_limb_3",
											"from": [ 2.0, 0.01, 0.0 ],
											"to": [ 4.0, 0.97, 1.1 ],
											"rotationOrigin": [ 2.0, 0.0, 0.0 ],
											"rotationY": -10.0,
											"faces": {
												"north": { "texture": "#woodbow", "uv": [ 0.0, 0.0, 2.0, 1.1 ], "autoUv": false },
												"east": { "texture": "#woodbow", "uv": [ 0.0, 0.0, 1.0, 0.5 ] },
												"south": { "texture": "#woodbow", "uv": [ 7.5, 3.0, 9.5, 4.0 ], "autoUv": false },
												"west": { "texture": "#woodbow", "uv": [ 1.0, 1.0, 2.0, 1.5 ] },
												"up": { "texture": "#woodbow", "uv": [ 6.5, 7.0, 8.5, 8.3 ], "autoUv": false },
												"down": { "texture": "#woodbow", "uv": [ 5.5, 14.0, 7.5, 15.3 ], "autoUv": false }
											},
											"children": [
												{
													"name": "Bow_right_limb_4",
													"from": [ 2.0, 0.01, 0.0 ],
													"to": [ 4.0, 0.95, 1.0 ],
													"rotationOrigin": [ 2.0, 0.0, 0.0 ],
													"rotationY": -10.0,
													"faces": {
														"north": { "texture": "#woodbow", "uv": [ 0.0, 0.0, 2.0, 1.0 ], "autoUv": false },
														"east": { "texture": "#woodbow", "uv": [ 0.0, 0.0, 1.0, 0.5 ] },
														"south": { "texture": "#woodbow", "uv": [ 3.0, 4.5, 5.0, 5.5 ], "autoUv": false },
														"west": { "texture": "#woodbow", "uv": [ 0.0, 0.0, 1.0, 0.5 ] },
														"up": { "texture": "#woodbow", "uv": [ 5.0, 7.0, 7.0, 8.2 ], "autoUv": false },
														"down": { "texture": "#woodbow", "uv": [ 8.0, 14.0, 10.0, 15.2 ], "autoUv": false }
													},
													"children": [
														{
															"name": "Bow_right_limb_5",
															"from": [ 2.0, 0.01, 0.0 ],
															"to": [ 4.0, 0.93, 0.9 ],
															"rotationOrigin": [ 2.0, 0.0, 0.0 ],
															"rotationY": -10.0,
															"faces": {
																"north": { "texture": "#woodbow", "uv": [ 0.0, 0.0, 2.0, 1.0 ], "autoUv": false },
																"east": { "texture": "#woodbow", "uv": [ 0.0, 0.0, 1.0, 1.0 ], "autoUv": false },
																"south": { "texture": "#woodbow", "uv": [ 11.0, 6.0, 13.0, 7.0 ], "autoUv": false },
																"west": { "texture": "#woodbow", "uv": [ 0.0, 0.0, 0.5, 0.5 ] },
																"up": { "texture": "#woodbow", "uv": [ 7.5, 7.0, 9.5, 8.1 ], "autoUv": false },
																"down": { "texture": "#woodbow", "uv": [ 6.5, 14.0, 8.5, 15.1 ], "autoUv": false }
															},
															"children": [
																{
																	"name": "Bow_right_limb_6",
																	"from": [ 1.9, 0.2, 0.1 ],
																	"to": [ 3.6, 0.7, 0.9 ],
																	"rotationOrigin": [ 1.9, 0.2, 0.8 ],
																	"rotationY": 35.0,
																	"faces": {
																		"north": { "texture": "#woodbow", "uv": [ 0.0, 0.0, 1.5, 0.5 ] },
																		"east": { "texture": "#woodbow", "uv": [ 0.0, 0.0, 1.0, 0.5 ], "autoUv": false },
																		"south": { "texture": "#woodbow", "uv": [ 0.0, 0.0, 1.5, 0.5 ] },
																		"up": { "texture": "#woodbow", "uv": [ 0.0, 0.0, 1.5, 1.0 ], "autoUv": false },
																		"down": { "texture": "#woodbow", "uv": [ 0.0, 0.0, 1.5, 1.0 ], "autoUv": false }
																	},
																	"children": [
																		{
																			"name": "Bow_right_limb_13",
																			"from": [ 0.7, -0.2, -0.2 ],
																			"to": [ 1.5, 0.7, 1.5 ],
																			"rotationOrigin": [ 1.5, 0.4, 0.0 ],
																			"rotationY": -10.0,
																			"faces": {
																				"north": { "texture": "#linen", "uv": [ 0.0, 0.0, 1.5, 1.5 ], "autoUv": false },
																				"east": { "texture": "#linen", "uv": [ 0.0, 0.0, 3.0, 1.5 ], "autoUv": false },
																				"south": { "texture": "#linen", "uv": [ 0.0, 0.0, 1.5, 1.5 ], "autoUv": false },
																				"west": { "texture": "#linen", "uv": [ 0.0, 0.0, 3.0, 1.5 ], "autoUv": false, "windMode": [-1,-1,-1,-1] },
																				"up": { "texture": "#linen", "uv": [ 0.0, 0.0, 1.5, 3.0 ], "autoUv": false },
																				"down": { "texture": "#linen", "uv": [ 0.0, 0.0, 1.5, 3.0 ], "autoUv": false }
																			}
																		}
																	]
																}
															]
														}
													]
												}
											]
										}
									]
								}
							]
						},
						{
							"name": "Bow_right_limb_7",
							"from": [ 6.5, 1.3, 0.0 ],
							"to": [ 8.5, 2.3, 1.3 ],
							"rotationOrigin": [ 6.5, 1.3022, 0.0 ],
							"rotationY": 1.0,
							"rotationZ": 180.0,
							"faces": {
								"north": { "texture": "#woodbow", "uv": [ 0.0, 0.0, 2.0, 1.0 ] },
								"east": { "texture": "#woodbow", "uv": [ 0.0, 0.0, 1.0, 1.0 ] },
								"south": { "texture": "#woodbow", "uv": [ 3.5, 3.0, 5.5, 4.0 ] },
								"west": { "texture": "#woodbow", "uv": [ 0.0, 0.0, 1.0, 1.0 ] },
								"up": { "texture": "#woodbow", "uv": [ 8.0, 12.5, 10.0, 14.0 ], "autoUv": false },
								"down": { "texture": "#woodbow", "uv": [ 4.0, 7.0, 6.0, 8.5 ], "autoUv": false }
							},
							"children": [
								{
									"name": "Bow_right_limb_8",
									"from": [ 2.0, 0.01, 0.0 ],
									"to": [ 4.0, 0.99, 1.2 ],
									"rotationOrigin": [ 2.0, 0.0, 0.0 ],
									"rotationY": -10.0,
									"faces": {
										"north": { "texture": "#woodbow", "uv": [ 0.0, 0.0, 2.0, 1.0 ], "autoUv": false },
										"east": { "texture": "#woodbow", "uv": [ 0.0, 0.0, 1.0, 0.5 ] },
										"south": { "texture": "#woodbow", "uv": [ 9.0, 0.0, 11.0, 1.0 ], "autoUv": false },
										"west": { "texture": "#woodbow", "uv": [ 0.0, 0.0, 1.0, 0.5 ] },
										"up": { "texture": "#woodbow", "uv": [ 4.5, 12.5, 6.5, 13.9 ], "autoUv": false },
										"down": { "texture": "#woodbow", "uv": [ 13.5, 7.0, 15.5, 8.4 ], "autoUv": false }
									},
									"children": [
										{
											"name": "Bow_right_limb_9",
											"from": [ 2.0, 0.01, 0.0 ],
											"to": [ 4.0, 0.97, 1.1 ],
											"rotationOrigin": [ 2.0, 0.0, 0.0 ],
											"rotationY": -10.0,
											"faces": {
												"north": { "texture": "#woodbow", "uv": [ 0.0, 0.0, 2.0, 1.1 ], "autoUv": false },
												"east": { "texture": "#woodbow", "uv": [ 0.0, 0.0, 1.0, 0.5 ] },
												"south": { "texture": "#woodbow", "uv": [ 7.5, 3.0, 9.5, 4.0 ], "autoUv": false },
												"west": { "texture": "#woodbow", "uv": [ 1.0, 1.0, 2.0, 1.5 ] },
												"up": { "texture": "#woodbow", "uv": [ 7.0, 12.5, 9.0, 13.8 ], "autoUv": false },
												"down": { "texture": "#woodbow", "uv": [ 9.5, 7.0, 11.5, 8.3 ], "autoUv": false }
											},
											"children": [
												{
													"name": "Bow_right_limb_10",
													"from": [ 2.0, 0.01, 0.0 ],
													"to": [ 4.0, 0.95, 1.0 ],
													"rotationOrigin": [ 2.0, 0.0, 0.0 ],
													"rotationY": -10.0,
													"faces": {
														"north": { "texture": "#woodbow", "uv": [ 0.0, 0.0, 2.0, 1.0 ], "autoUv": false },
														"east": { "texture": "#woodbow", "uv": [ 0.0, 0.0, 1.0, 0.5 ] },
														"south": { "texture": "#woodbow", "uv": [ 3.0, 4.5, 5.0, 5.5 ], "autoUv": false },
														"west": { "texture": "#woodbow", "uv": [ 0.0, 0.0, 1.0, 0.5 ] },
														"up": { "texture": "#woodbow", "uv": [ 6.5, 12.5, 8.5, 13.7 ], "autoUv": false },
														"down": { "texture": "#woodbow", "uv": [ 5.0, 7.0, 7.0, 8.2 ], "autoUv": false }
													},
													"children": [
														{
															"name": "Bow_right_limb_11",
															"from": [ 2.0, 0.01, 0.0 ],
															"to": [ 4.0, 0.93, 0.9 ],
															"rotationOrigin": [ 2.0, 0.0, 0.0 ],
															"rotationY": -10.0,
															"faces": {
																"north": { "texture": "#woodbow", "uv": [ 0.0, 0.0, 2.0, 1.0 ], "autoUv": false },
																"east": { "texture": "#woodbow", "uv": [ 0.0, 0.0, 1.0, 1.0 ], "autoUv": false },
																"south": { "texture": "#woodbow", "uv": [ 11.0, 6.0, 13.0, 7.0 ], "autoUv": false },
																"west": { "texture": "#woodbow", "uv": [ 0.0, 0.0, 0.5, 0.5 ] },
																"up": { "texture": "#woodbow", "uv": [ 7.5, 12.5, 9.5, 13.6 ], "autoUv": false },
																"down": { "texture": "#woodbow", "uv": [ 4.0, 7.0, 6.0, 8.1 ], "autoUv": false }
															},
															"children": [
																{
																	"name": "Bow_right_limb_12",
																	"from": [ 1.9, 0.2, 0.1 ],
																	"to": [ 3.6, 0.7, 0.9 ],
																	"rotationOrigin": [ 1.9, 0.2, 0.8 ],
																	"rotationY": 35.0,
																	"faces": {
																		"north": { "texture": "#woodbow", "uv": [ 0.0, 0.0, 1.5, 0.5 ] },
																		"east": { "texture": "#woodbow", "uv": [ 0.0, 0.0, 1.0, 0.5 ], "autoUv": false },
																		"south": { "texture": "#woodbow", "uv": [ 0.0, 0.0, 1.5, 0.5 ] },
																		"up": { "texture": "#woodbow", "uv": [ 0.0, 0.0, 1.5, 1.0 ], "autoUv": false },
																		"down": { "texture": "#woodbow", "uv": [ 0.0, 0.0, 1.5, 1.0 ], "autoUv": false }
																	},
																	"children": [
																		{
																			"name": "Bow_right_limb_14",
																			"from": [ 0.7, -0.2, -0.2 ],
																			"to": [ 1.5, 0.7, 1.5 ],
																			"rotationOrigin": [ 1.4, 0.4, 0.0 ],
																			"rotationY": -10.0,
																			"faces": {
																				"north": { "texture": "#linen", "uv": [ 0.0, 0.0, 1.5, 1.5 ], "autoUv": false },
																				"east": { "texture": "#linen", "uv": [ 0.0, 0.0, 3.0, 1.5 ], "autoUv": false },
																				"south": { "texture": "#linen", "uv": [ 0.0, 0.0, 1.5, 1.5 ], "autoUv": false },
																				"west": { "texture": "#linen", "uv": [ 0.0, 0.0, 3.0, 1.5 ], "autoUv": false },
																				"up": { "texture": "#linen", "uv": [ 0.0, 0.0, 1.5, 3.0 ], "autoUv": false },
																				"down": { "texture": "#linen", "uv": [ 0.0, 0.0, 1.5, 3.0 ], "autoUv": false }
																			}
																		}
																	]
																}
															]
														}
													]
												}
											]
										}
									]
								}
							]
						},
						{
							"name": "Bow_right_limb_15",
							"from": [ 9.0, 1.3, 0.0 ],
							"to": [ 11.5, 2.3, 1.3 ],
							"rotationOrigin": [ 9.0, 1.3022, 0.0 ],
							"rotationZ": 180.0,
							"faces": {
								"north": { "texture": "#woodbow", "uv": [ 0.0, 0.0, 2.5, 1.0 ] },
								"east": { "texture": "#woodbow", "uv": [ 0.0, 0.0, 1.0, 1.0 ] },
								"south": { "texture": "#woodbow", "uv": [ 3.5, 3.0, 6.0, 4.0 ] },
								"west": { "texture": "#woodbow", "uv": [ 0.0, 0.0, 1.0, 1.0 ] },
								"up": { "texture": "#woodbow", "uv": [ 8.0, 12.5, 10.0, 14.0 ], "autoUv": false },
								"down": { "texture": "#woodbow", "uv": [ 4.0, 7.0, 6.0, 8.5 ], "autoUv": false }
							}
						}
					]
				},
				{
					"name": "Stock",
					"from": [ -0.5, 0.0, -3.0 ],
					"to": [ -0.5, 0.0, -3.0 ],
					"rotationOrigin": [ -0.5, 0.0, -3.0 ],
					"faces": {
						"north": { "texture": "#wood", "uv": [ 0.0, 0.0, 0.5, 0.5 ] },
						"east": { "texture": "#wood", "uv": [ 0.0, 0.0, 0.5, 0.5 ] },
						"south": { "texture": "#wood", "uv": [ 0.0, 0.0, 0.5, 0.5 ] },
						"west": { "texture": "#wood", "uv": [ 0.0, 0.0, 0.5, 0.5 ] },
						"up": { "texture": "#wood", "uv": [ 0.0, 0.0, 0.5, 0.5 ] },
						"down": { "texture": "#wood", "uv": [ 0.0, 0.0, 0.5, 0.5 ] }
					},
					"children": [
						{
							"name": "Stock_front_1",
							"from": [ 0.5, 0.5, -8.0 ],
							"to": [ 0.5, 0.5, -7.0 ],
							"rotationOrigin": [ 0.5, 0.5, -8.0 ],
							"faces": {
								"north": { "texture": "#wood", "uv": [ 2.5, 8.5, 3.0, 9.0 ] },
								"east": { "texture": "#wood", "uv": [ 0.0, 0.0, 1.0, 0.5 ] },
								"south": { "texture": "#wood", "uv": [ 0.0, 0.0, 0.5, 0.5 ] },
								"west": { "texture": "#wood", "uv": [ 0.0, 0.0, 1.0, 0.5 ] },
								"up": { "texture": "#wood", "uv": [ 0.0, 0.0, 0.5, 1.0 ] },
								"down": { "texture": "#wood", "uv": [ 0.0, 0.0, 0.5, 1.0 ] }
							},
							"children": [
								{
									"name": "Stock_front_2",
									"from": [ -0.7, -0.5, 2.0 ],
									"to": [ -0.3, 1.3, 18.0 ],
									"rotationOrigin": [ -0.7, -0.5, 2.0 ],
									"faces": {
										"north": { "texture": "#wood", "uv": [ 8.0, 5.5, 8.5, 7.0 ] },
										"east": { "texture": "#wood", "uv": [ 0.0, 0.0, 16.0, 1.5 ] },
										"south": { "texture": "#wood", "uv": [ 0.0, 0.0, 0.5, 1.5 ] },
										"west": { "texture": "#wood", "uv": [ 0.0, 0.0, 16.0, 1.5 ] },
										"up": { "texture": "#wood", "uv": [ 6.0, 0.0, 6.5, 16.0 ] },
										"down": { "texture": "#wood", "uv": [ 4.0, 0.0, 4.5, 16.0 ] }
									},
									"children": [
										{
											"name": "Stock_front_8",
											"from": [ 0.0, 0.0, 16.0 ],
											"to": [ 0.4, 1.8, 23.0 ],
											"rotationOrigin": [ 0.0, 0.0, 16.0 ],
											"faces": {
												"north": { "texture": "#wood", "uv": [ 8.0, 5.5, 8.5, 7.0 ] },
												"east": { "texture": "#wood", "uv": [ 0.0, 0.0, 7.0, 1.5 ] },
												"south": { "texture": "#wood", "uv": [ 0.0, 0.0, 0.5, 1.5 ] },
												"west": { "texture": "#wood", "uv": [ 0.0, 0.0, 7.0, 1.5 ] },
												"up": { "texture": "#wood", "uv": [ 6.0, 0.0, 6.5, 7.0 ] },
												"down": { "texture": "#wood", "uv": [ 4.0, 0.0, 4.5, 7.0 ] }
											}
										}
									]
								},
								{
									"name": "Stock_front_3",
									"from": [ 0.8, -0.5, 2.0 ],
									"to": [ 1.2, 1.3, 18.0 ],
									"rotationOrigin": [ 0.8, -0.5, 2.0 ],
									"faces": {
										"north": { "texture": "#wood", "uv": [ 4.5, 5.0, 5.0, 6.5 ] },
										"east": { "texture": "#wood", "uv": [ 0.0, 0.0, 16.0, 1.5 ] },
										"south": { "texture": "#wood", "uv": [ 0.0, 0.0, 0.5, 1.5 ] },
										"west": { "texture": "#wood", "uv": [ 0.0, 0.0, 16.0, 1.5 ] },
										"up": { "texture": "#wood", "uv": [ 4.5, 0.0, 5.0, 16.0 ] },
										"down": { "texture": "#wood", "uv": [ 2.5, 0.0, 3.0, 16.0 ] }
									},
									"children": [
										{
											"name": "Stock_front_9",
											"from": [ 0.0, 0.0, 16.0 ],
											"to": [ 0.4, 1.8, 23.0 ],
											"rotationOrigin": [ 0.0, 0.0, 16.0 ],
											"faces": {
												"north": { "texture": "#wood", "uv": [ 4.5, 5.0, 5.0, 6.5 ] },
												"east": { "texture": "#wood", "uv": [ 0.0, 0.0, 7.0, 1.5 ] },
												"south": { "texture": "#wood", "uv": [ 0.0, 0.0, 0.5, 1.5 ] },
												"west": { "texture": "#wood", "uv": [ 0.0, 0.0, 7.0, 1.5 ] },
												"up": { "texture": "#wood", "uv": [ 4.5, 0.0, 5.0, 7.0 ] },
												"down": { "texture": "#wood", "uv": [ 2.5, 0.5, 3.0, 7.5 ] }
											}
										}
									]
								},
								{
									"name": "Stock_front_4",
									"from": [ -0.5, -0.9, 2.0 ],
									"to": [ 1.0, 0.2, 9.5 ],
									"rotationOrigin": [ -0.5, 0.1, 2.0 ],
									"rotationX": 5.0,
									"faces": {
										"north": { "texture": "#wood", "uv": [ 9.0, 4.0, 10.5, 5.0 ] },
										"east": { "texture": "#wood", "uv": [ 0.0, 0.0, 7.5, 1.0 ] },
										"south": { "texture": "#wood", "uv": [ 0.0, 0.0, 1.5, 1.0 ] },
										"west": { "texture": "#wood", "uv": [ 0.0, 0.0, 7.5, 1.0 ] },
										"up": { "texture": "#wood", "uv": [ 6.0, 1.5, 7.5, 9.0 ] },
										"down": { "texture": "#wood", "uv": [ 8.0, 4.5, 9.5, 12.0 ] }
									},
									"children": [
										{
											"name": "Stock_front_5",
											"from": [ 0.0, 0.0, 7.5 ],
											"to": [ 1.5, 1.1, 23.2 ],
											"rotationOrigin": [ 0.0, 0.0, 7.5 ],
											"rotationX": -8.9,
											"faces": {
												"north": { "texture": "#wood", "uv": [ 9.0, 4.0, 10.5, 5.0 ] },
												"east": { "texture": "#wood", "uv": [ 0.0, 0.0, 15.5, 1.0 ] },
												"south": { "texture": "#wood", "uv": [ 0.0, 0.0, 1.5, 1.0 ] },
												"west": { "texture": "#wood", "uv": [ 0.0, 0.0, 15.5, 1.0 ] },
												"up": { "texture": "#wood", "uv": [ 6.0, 0.0, 7.5, 15.5 ] },
												"down": { "texture": "#wood", "uv": [ 4.5, 0.0, 6.0, 15.5 ] }
											}
										}
									]
								},
								{
									"name": "Stock_front_7",
									"from": [ -0.3, 0.0, 2.0 ],
									"to": [ 0.8, 1.3, 4.0 ],
									"rotationOrigin": [ -0.3, 0.0, 2.0 ],
									"faces": {
										"north": { "texture": "#wood", "uv": [ 4.5, 5.0, 5.5, 6.0 ] },
										"east": { "texture": "#wood", "uv": [ 0.0, 0.0, 2.0, 1.0 ] },
										"south": { "texture": "#wood", "uv": [ 0.0, 0.0, 1.0, 1.0 ] },
										"west": { "texture": "#wood", "uv": [ 0.0, 0.0, 2.0, 1.0 ] },
										"up": { "texture": "#wood", "uv": [ 4.0, 1.0, 5.0, 3.0 ] },
										"down": { "texture": "#wood", "uv": [ 2.5, 3.5, 3.5, 5.5 ] }
									}
								},
								{
									"name": "Stock_front_10",
									"from": [ -0.7, -0.5, 25.0 ],
									"to": [ 1.2, 1.3, 25.4 ],
									"rotationOrigin": [ -0.7, -0.5, 25.0 ],
									"faces": {
										"north": { "texture": "#wood", "uv": [ 4.5, 5.0, 6.0, 6.5 ] },
										"east": { "texture": "#wood", "uv": [ 0.0, 0.0, 0.5, 1.5 ] },
										"south": { "texture": "#wood", "uv": [ 0.0, 0.0, 1.5, 1.5 ] },
										"west": { "texture": "#wood", "uv": [ 0.0, 0.0, 0.5, 1.5 ] },
										"up": { "texture": "#wood", "uv": [ 4.5, 0.0, 6.0, 0.5 ] },
										"down": { "texture": "#wood", "uv": [ 2.5, 0.5, 4.0, 1.0 ] }
									},
									"children": [
										{
											"name": "Stock_front_18",
											"from": [ 0.2, 0.1, 0.4 ],
											"to": [ 1.7, 1.6, 1.9 ],
											"rotationOrigin": [ 0.85, 0.85, 0.4 ],
											"faces": {
												"north": { "texture": "#wood", "uv": [ 4.5, 5.0, 6.0, 6.5 ] },
												"east": { "texture": "#wood", "uv": [ 0.0, 0.0, 1.5, 1.5 ] },
												"south": { "texture": "#wood", "uv": [ 0.0, 0.0, 1.5, 1.5 ] },
												"west": { "texture": "#wood", "uv": [ 0.0, 0.0, 1.5, 1.5 ] },
												"up": { "texture": "#wood", "uv": [ 4.5, 0.0, 6.0, 1.5 ] },
												"down": { "texture": "#wood", "uv": [ 2.5, 0.5, 4.0, 2.0 ] }
											}
										},
										{
											"name": "Stock_front_19",
											"from": [ 0.0, 0.0, 1.8 ],
											"to": [ 1.9, 1.9, 2.7 ],
											"rotationOrigin": [ 0.0, 0.0, 1.8 ],
											"faces": {
												"north": { "texture": "#wood", "uv": [ 4.5, 5.0, 6.0, 6.5 ] },
												"east": { "texture": "#wood", "uv": [ 0.0, 0.0, 0.5, 1.5 ] },
												"south": { "texture": "#wood", "uv": [ 0.0, 0.0, 1.5, 1.5 ] },
												"west": { "texture": "#wood", "uv": [ 0.0, 0.0, 0.5, 1.5 ] },
												"up": { "texture": "#wood", "uv": [ 4.5, 0.0, 6.0, 0.5 ] },
												"down": { "texture": "#wood", "uv": [ 2.5, 0.5, 4.0, 1.0 ] }
											}
										},
										{
											"name": "Stock_front_20",
											"from": [ -0.1, -0.1, 2.1 ],
											"to": [ 2.0, 2.0, 2.4 ],
											"rotationOrigin": [ -0.1, -0.1, 2.1 ],
											"faces": {
												"north": { "texture": "#bone", "uv": [ 4.5, 5.0, 6.5, 7.0 ] },
												"east": { "texture": "#bone", "uv": [ 0.0, 0.0, 0.5, 2.0 ] },
												"south": { "texture": "#bone", "uv": [ 0.0, 0.0, 2.0, 2.0 ] },
												"west": { "texture": "#bone", "uv": [ 0.0, 0.0, 0.5, 2.0 ] },
												"up": { "texture": "#bone", "uv": [ 4.5, 0.0, 6.5, 0.5 ] },
												"down": { "texture": "#bone", "uv": [ 2.5, 0.5, 4.5, 1.0 ] }
											}
										}
									]
								},
								{
									"name": "Stock_front_11",
									"from": [ -0.7, 1.3, 2.0 ],
									"to": [ -0.3, 1.5, 18.0 ],
									"rotationOrigin": [ -0.7, 1.3, 2.0 ],
									"faces": {
										"north": { "texture": "#bone", "uv": [ 8.0, 5.5, 8.5, 6.0 ] },
										"east": { "texture": "#bone", "uv": [ 0.0, 0.0, 16.0, 0.5 ] },
										"south": { "texture": "#bone", "uv": [ 0.0, 0.0, 0.5, 0.5 ] },
										"west": { "texture": "#bone", "uv": [ 0.0, 0.0, 16.0, 0.5 ] },
										"up": { "texture": "#bone", "uv": [ 6.0, 0.0, 6.5, 16.0 ] },
										"down": { "texture": "#bone", "uv": [ 4.0, 0.0, 4.5, 16.0 ] }
									},
									"children": [
										{
											"name": "Stock_front_12",
											"from": [ 0.0, 0.0, 16.0 ],
											"to": [ 0.4, 0.2, 23.0 ],
											"rotationOrigin": [ 0.0, 0.0, 16.0 ],
											"faces": {
												"north": { "texture": "#bone", "uv": [ 8.0, 5.5, 8.5, 6.0 ] },
												"east": { "texture": "#bone", "uv": [ 0.0, 0.0, 7.0, 0.5 ] },
												"south": { "texture": "#bone", "uv": [ 0.0, 0.0, 0.5, 0.5 ] },
												"west": { "texture": "#bone", "uv": [ 0.0, 0.0, 7.0, 0.5 ] },
												"up": { "texture": "#bone", "uv": [ 6.0, 0.0, 6.5, 7.0 ] },
												"down": { "texture": "#bone", "uv": [ 4.0, 0.0, 4.5, 7.0 ] }
											}
										}
									]
								},
								{
									"name": "Stock_front_13",
									"from": [ 0.8, 1.3, 2.0 ],
									"to": [ 1.2, 1.5, 18.0 ],
									"rotationOrigin": [ 0.8, 1.3, 2.0 ],
									"faces": {
										"north": { "texture": "#bone", "uv": [ 8.0, 5.5, 8.5, 6.0 ] },
										"east": { "texture": "#bone", "uv": [ 0.0, 0.0, 16.0, 0.5 ] },
										"south": { "texture": "#bone", "uv": [ 0.0, 0.0, 0.5, 0.5 ] },
										"west": { "texture": "#bone", "uv": [ 0.0, 0.0, 16.0, 0.5 ] },
										"up": { "texture": "#bone", "uv": [ 6.0, 0.0, 6.5, 16.0 ] },
										"down": { "texture": "#bone", "uv": [ 4.0, 0.0, 4.5, 16.0 ] }
									},
									"children": [
										{
											"name": "Stock_front_14",
											"from": [ 0.0, 0.0, 16.0 ],
											"to": [ 0.4, 0.2, 23.0 ],
											"rotationOrigin": [ 0.0, 0.0, 16.0 ],
											"faces": {
												"north": { "texture": "#bone", "uv": [ 8.0, 5.5, 8.5, 6.0 ] },
												"east": { "texture": "#bone", "uv": [ 0.0, 0.0, 7.0, 0.5 ] },
												"south": { "texture": "#bone", "uv": [ 0.0, 0.0, 0.5, 0.5 ] },
												"west": { "texture": "#bone", "uv": [ 0.0, 0.0, 7.0, 0.5 ] },
												"up": { "texture": "#bone", "uv": [ 6.0, 0.0, 6.5, 7.0 ] },
												"down": { "texture": "#bone", "uv": [ 4.0, 0.0, 4.5, 7.0 ] }
											}
										}
									]
								},
								{
									"name": "Stock_front_15",
									"from": [ -0.3, 1.3, 2.0 ],
									"to": [ 0.8, 1.5, 4.0 ],
									"rotationOrigin": [ -0.3, 1.3, 2.0 ],
									"faces": {
										"north": { "texture": "#bone", "uv": [ 4.5, 5.0, 5.5, 5.5 ] },
										"east": { "texture": "#bone", "uv": [ 0.0, 0.0, 2.0, 0.5 ] },
										"south": { "texture": "#bone", "uv": [ 0.0, 0.0, 1.0, 0.5 ] },
										"west": { "texture": "#bone", "uv": [ 0.0, 0.0, 2.0, 0.5 ] },
										"up": { "texture": "#bone", "uv": [ 4.0, 1.0, 5.0, 3.0 ] },
										"down": { "texture": "#bone", "uv": [ 2.5, 3.5, 3.5, 5.5 ] }
									}
								},
								{
									"name": "Stock_front_16",
									"from": [ -0.3, 1.3, 24.5 ],
									"to": [ 0.8, 1.5, 25.0 ],
									"rotationOrigin": [ -0.3, 1.3, 24.5 ],
									"faces": {
										"north": { "texture": "#bone", "uv": [ 4.5, 5.0, 5.5, 5.5 ] },
										"east": { "texture": "#bone", "uv": [ 0.0, 0.0, 0.5, 0.5 ] },
										"south": { "texture": "#bone", "uv": [ 0.0, 0.0, 1.0, 0.5 ] },
										"west": { "texture": "#bone", "uv": [ 0.0, 0.0, 0.5, 0.5 ] },
										"up": { "texture": "#bone", "uv": [ 4.0, 1.0, 5.0, 1.5 ] },
										"down": { "texture": "#bone", "uv": [ 2.5, 3.5, 3.5, 4.0 ] }
									}
								},
								{
									"name": "Stock_front_21",
									"from": [ -0.3, 0.3, 24.0 ],
									"to": [ 0.8, 1.6, 24.5 ],
									"rotationOrigin": [ -0.3, 0.3, 24.0 ],
									"faces": {
										"north": { "texture": "#iron", "uv": [ 4.5, 5.0, 5.5, 6.0 ] },
										"east": { "texture": "#iron", "uv": [ 0.0, 0.0, 0.5, 1.0 ] },
										"south": { "texture": "#iron", "uv": [ 0.0, 0.0, 1.0, 1.0 ] },
										"west": { "texture": "#iron", "uv": [ 0.0, 0.0, 0.5, 1.0 ] },
										"up": { "texture": "#iron", "uv": [ 4.0, 1.0, 5.0, 1.5 ] },
										"down": { "texture": "#iron", "uv": [ 2.5, 3.5, 3.5, 4.0 ] }
									},
									"children": [
										{
											"name": "Stock_front_22",
											"from": [ 0.1, 1.3, -0.3 ],
											"to": [ 1.0, 1.7, 0.5 ],
											"rotationOrigin": [ 0.1, 1.3, 0.5 ],
											"rotationX": -14.0,
											"faces": {
												"north": { "texture": "#iron", "uv": [ 4.5, 5.0, 5.0, 5.5 ] },
												"east": { "texture": "#iron", "uv": [ 0.0, 0.0, 0.5, 0.5 ] },
												"south": { "texture": "#iron", "uv": [ 0.0, 0.0, 0.5, 0.5 ] },
												"west": { "texture": "#iron", "uv": [ 0.0, 0.0, 0.5, 0.5 ] },
												"up": { "texture": "#iron", "uv": [ 4.0, 1.0, 4.5, 1.5 ] },
												"down": { "texture": "#iron", "uv": [ 2.5, 3.5, 3.0, 4.0 ] }
											}
										}
									]
								}
							]
						},
						{
							"name": "Front_0",
							"from": [ -0.3, 1.2, -9.0 ],
							"to": [ 1.8, 2.0, -6.0 ],
							"rotationOrigin": [ -0.3, 1.2, -9.0 ],
							"faces": {
								"north": { "texture": "#iron", "uv": [ 0.0, 0.0, 2.0, 0.5 ] },
								"east": { "texture": "#iron", "uv": [ 0.0, 0.0, 3.0, 0.5 ] },
								"south": { "texture": "#iron", "uv": [ 0.0, 0.0, 2.0, 0.5 ] },
								"west": { "texture": "#iron", "uv": [ 0.0, 0.0, 3.0, 0.5 ] },
								"up": { "texture": "#iron", "uv": [ 0.0, 0.0, 2.0, 3.0 ] },
								"down": { "texture": "#iron", "uv": [ 0.0, 0.0, 2.0, 3.0 ] }
							},
							"children": [
								{
									"name": "Front_1",
									"from": [ 0.2, -1.7, 0.5 ],
									"to": [ 1.9, -0.9, 3.0 ],
									"rotationOrigin": [ 0.2, -1.7, 0.5 ],
									"faces": {
										"north": { "texture": "#iron", "uv": [ 0.0, 0.0, 1.5, 0.5 ] },
										"east": { "texture": "#iron", "uv": [ 0.0, 0.0, 2.5, 0.5 ] },
										"south": { "texture": "#iron", "uv": [ 0.0, 0.0, 1.5, 0.5 ] },
										"west": { "texture": "#iron", "uv": [ 0.0, 0.0, 2.5, 0.5 ] },
										"up": { "texture": "#iron", "uv": [ 0.0, 0.0, 1.5, 2.5 ] },
										"down": { "texture": "#iron", "uv": [ 0.0, 0.0, 1.5, 2.5 ] }
									}
								},
								{
									"name": "Front_2",
									"from": [ -0.2, -1.4, 1.1 ],
									"to": [ 2.3, 0.7, 1.7 ],
									"rotationOrigin": [ -0.2, -1.4, 1.6 ],
									"rotationX": -11.0,
									"faces": {
										"north": { "texture": "#iron", "uv": [ 0.0, 0.0, 2.5, 2.0 ] },
										"east": { "texture": "#iron", "uv": [ 0.0, 0.0, 0.5, 2.0 ] },
										"south": { "texture": "#iron", "uv": [ 0.0, 0.0, 2.5, 2.0 ] },
										"west": { "texture": "#iron", "uv": [ 0.0, 0.0, 0.5, 2.0 ] },
										"up": { "texture": "#iron", "uv": [ 0.0, 0.0, 2.5, 0.5 ] },
										"down": { "texture": "#iron", "uv": [ 0.0, 0.0, 2.5, 0.5 ] }
									}
								},
								{
									"name": "Stock_front_6",
									"from": [ 0.2, -0.9, 2.0 ],
									"to": [ 1.3, 0.0, 3.0 ],
									"rotationOrigin": [ 0.2, -0.9, 2.0 ],
									"rotationX": 0.0,
									"faces": {
										"north": { "texture": "#wood", "uv": [ 4.5, 5.0, 5.5, 5.5 ] },
										"east": { "texture": "#wood", "uv": [ 0.0, 0.0, 1.0, 0.5 ] },
										"south": { "texture": "#wood", "uv": [ 0.0, 0.0, 1.0, 0.5 ] },
										"west": { "texture": "#wood", "uv": [ 0.0, 0.0, 1.0, 0.5 ] },
										"up": { "texture": "#wood", "uv": [ 4.0, 1.0, 5.0, 2.0 ] },
										"down": { "texture": "#wood", "uv": [ 2.5, 3.5, 3.5, 4.5 ] }
									}
								},
								{
									"name": "Cube2",
									"from": [ 0.0, 0.8, 1.2 ],
									"to": [ 0.8, 1.1, 2.8 ],
									"rotationOrigin": [ 0.0, 0.8, 1.2 ],
									"faces": {
										"north": { "texture": "#iron", "uv": [ 0.0, 0.0, 0.5, 0.5 ] },
										"east": { "texture": "#iron", "uv": [ 0.0, 0.0, 1.5, 0.5 ] },
										"south": { "texture": "#iron", "uv": [ 0.0, 0.0, 0.5, 0.5 ] },
										"west": { "texture": "#iron", "uv": [ 0.0, 0.0, 1.5, 0.5 ] },
										"up": { "texture": "#iron", "uv": [ 0.0, 0.0, 0.5, 1.5 ] },
										"down": { "texture": "#iron", "uv": [ 0.0, 0.0, 0.5, 1.5 ] }
									}
								},
								{
									"name": "Cube3",
									"from": [ 1.3, 0.8, 1.2 ],
									"to": [ 2.1, 1.1, 2.8 ],
									"rotationOrigin": [ 1.3, 0.8, 1.2 ],
									"faces": {
										"north": { "texture": "#iron", "uv": [ 0.0, 0.0, 0.5, 0.5 ] },
										"east": { "texture": "#iron", "uv": [ 0.0, 0.0, 1.5, 0.5 ] },
										"south": { "texture": "#iron", "uv": [ 0.0, 0.0, 0.5, 0.5 ] },
										"west": { "texture": "#iron", "uv": [ 0.0, 0.0, 1.5, 0.5 ] },
										"up": { "texture": "#iron", "uv": [ 0.0, 0.0, 0.5, 1.5 ] },
										"down": { "texture": "#iron", "uv": [ 0.0, 0.0, 0.5, 1.5 ] }
									}
								}
							]
						}
					]
				},
				{
					"name": "Bolt_point",
					"from": [ 0.25, 2.25, -1.0 ],
					"to": [ 0.25, 2.25, -1.0 ],
					"rotationOrigin": [ 0.25, 2.25, -1.0 ],
					"faces": {
						"north": { "texture": "#metal", "uv": [ 0.0, 0.0, 0.5, 0.5 ] },
						"east": { "texture": "#metal", "uv": [ 0.0, 0.0, 0.5, 0.5 ] },
						"south": { "texture": "#metal", "uv": [ 0.0, 0.0, 0.5, 0.5 ] },
						"west": { "texture": "#metal", "uv": [ 0.0, 0.0, 0.5, 0.5 ] },
						"up": { "texture": "#metal", "uv": [ 0.0, 0.0, 0.5, 0.5 ] },
						"down": { "texture": "#metal", "uv": [ 0.0, 0.0, 0.5, 0.5 ] }
					},
					"attachmentpoints": [
						{
							"code": "bolt",
							"posX": "0.0","posY": "0.0","posZ": "0.0",
							"rotationX": "0.0","rotationY": "90.0","rotationZ": "0.0"
						}
					]
				},
				{
					"name": "Latch",
					"from": [ 0.05, 0.7, -2.0 ],
					"to": [ 0.05, 0.7, -2.0 ],
					"rotationOrigin": [ 0.0, 0.7, -2.0 ],
					"rotationX": 90.0,
					"faces": {
						"north": { "texture": "#woodbow", "uv": [ 0.0, 0.0, 0.5, 0.5 ] },
						"east": { "texture": "#woodbow", "uv": [ 0.0, 0.0, 0.5, 0.5 ] },
						"south": { "texture": "#woodbow", "uv": [ 0.0, 0.0, 0.5, 0.5 ] },
						"west": { "texture": "#woodbow", "uv": [ 0.0, 0.0, 0.5, 0.5 ] },
						"up": { "texture": "#woodbow", "uv": [ 0.0, 0.0, 0.5, 0.5 ] },
						"down": { "texture": "#woodbow", "uv": [ 0.0, 0.0, 0.5, 0.5 ] }
					},
					"children": [
						{
							"name": "latch_0",
							"from": [ -0.3, 0.0, -0.5 ],
							"to": [ 0.7, 2.5, 0.2 ],
							"rotationOrigin": [ -0.3, 0.0, -0.5 ],
							"faces": {
								"north": { "texture": "#iron", "uv": [ 0.0, 0.0, 1.0, 2.5 ] },
								"east": { "texture": "#iron", "uv": [ 0.0, 0.0, 0.5, 2.5 ] },
								"south": { "texture": "#iron", "uv": [ 0.0, 0.0, 1.0, 2.5 ] },
								"west": { "texture": "#iron", "uv": [ 0.0, 0.0, 0.5, 2.5 ] },
								"up": { "texture": "#iron", "uv": [ 0.0, 0.0, 1.0, 0.5 ] },
								"down": { "texture": "#iron", "uv": [ 0.0, 0.0, 1.0, 0.5 ] }
							},
							"children": [
								{
									"name": "latch_1",
									"from": [ 0.2, 2.5, -0.9 ],
									"to": [ 0.8, 3.6, 0.7 ],
									"rotationOrigin": [ 0.2, 2.5, -0.9 ],
									"faces": {
										"north": { "texture": "#iron", "uv": [ 0.0, 0.0, 0.5, 1.0 ] },
										"east": { "texture": "#iron", "uv": [ 0.0, 0.0, 1.5, 1.0 ] },
										"south": { "texture": "#iron", "uv": [ 0.0, 0.0, 0.5, 1.0 ] },
										"west": { "texture": "#iron", "uv": [ 0.0, 0.0, 1.5, 1.0 ] },
										"up": { "texture": "#iron", "uv": [ 0.0, 0.0, 0.5, 1.5 ] },
										"down": { "texture": "#iron", "uv": [ 0.0, 0.0, 0.5, 1.5 ] }
									}
								},
								{
									"name": "latch_2",
									"from": [ 0.2, 3.6, -0.9 ],
									"to": [ 0.8, 14.9, -0.3 ],
									"rotationOrigin": [ 0.2, 3.6, -0.9 ],
									"faces": {
										"north": { "texture": "#iron", "uv": [ 0.0, 0.0, 0.5, 11.0 ] },
										"east": { "texture": "#iron", "uv": [ 0.0, 0.0, 0.5, 11.0 ] },
										"south": { "texture": "#iron", "uv": [ 0.0, 0.0, 0.5, 11.0 ] },
										"west": { "texture": "#iron", "uv": [ 0.0, 0.0, 0.5, 11.0 ] },
										"up": { "texture": "#iron", "uv": [ 0.0, 0.0, 0.5, 0.5 ] },
										"down": { "texture": "#iron", "uv": [ 0.0, 0.0, 0.5, 0.5 ] }
									}
								},
								{
									"name": "latch_4",
									"from": [ 0.2, 10.6, -1.1 ],
									"to": [ 0.8, 14.6, -0.9 ],
									"rotationOrigin": [ 0.2, 10.6, -1.1 ],
									"faces": {
										"north": { "texture": "#iron", "uv": [ 0.0, 0.0, 0.5, 4.0 ] },
										"east": { "texture": "#iron", "uv": [ 0.0, 0.0, 0.5, 4.0 ] },
										"south": { "texture": "#iron", "uv": [ 0.0, 0.0, 0.5, 4.0 ] },
										"west": { "texture": "#iron", "uv": [ 0.0, 0.0, 0.5, 4.0 ] },
										"up": { "texture": "#iron", "uv": [ 0.0, 0.0, 0.5, 0.5 ] },
										"down": { "texture": "#iron", "uv": [ 0.0, 0.0, 0.5, 0.5 ] }
									}
								},
								{
									"name": "latch_10",
									"from": [ 0.2, 10.6, -1.3 ],
									"to": [ 0.8, 14.6, -1.1 ],
									"rotationOrigin": [ 0.2, 10.6, -1.3 ],
									"faces": {
										"north": { "texture": "#bone", "uv": [ 0.0, 0.0, 0.5, 4.0 ] },
										"east": { "texture": "#bone", "uv": [ 0.0, 0.0, 0.5, 4.0 ] },
										"south": { "texture": "#bone", "uv": [ 0.0, 0.0, 0.5, 4.0 ] },
										"west": { "texture": "#bone", "uv": [ 0.0, 0.0, 0.5, 4.0 ] },
										"up": { "texture": "#bone", "uv": [ 0.0, 0.0, 0.5, 0.5 ] },
										"down": { "texture": "#bone", "uv": [ 0.0, 0.0, 0.5, 0.5 ] }
									}
								},
								{
									"name": "latch_11",
									"from": [ 0.4, 10.8, -1.4 ],
									"to": [ 0.6, 11.0, -1.3 ],
									"rotationOrigin": [ 0.4, 10.8, -1.4 ],
									"faces": {
										"north": { "texture": "#iron", "uv": [ 0.0, 0.0, 0.5, 0.5 ] },
										"east": { "texture": "#iron", "uv": [ 0.0, 0.0, 0.5, 0.5 ] },
										"south": { "texture": "#iron", "uv": [ 0.0, 0.0, 0.5, 0.5 ] },
										"west": { "texture": "#iron", "uv": [ 0.0, 0.0, 0.5, 0.5 ] },
										"up": { "texture": "#iron", "uv": [ 0.0, 0.0, 0.5, 0.5 ] },
										"down": { "texture": "#iron", "uv": [ 0.0, 0.0, 0.5, 0.5 ] }
									}
								},
								{
									"name": "latch_12",
									"from": [ 0.4, 14.2, -1.4 ],
									"to": [ 0.6, 14.4, -1.3 ],
									"rotationOrigin": [ 0.4, 14.2, -1.4 ],
									"faces": {
										"north": { "texture": "#iron", "uv": [ 0.0, 0.0, 0.5, 0.5 ] },
										"east": { "texture": "#iron", "uv": [ 0.0, 0.0, 0.5, 0.5 ] },
										"south": { "texture": "#iron", "uv": [ 0.0, 0.0, 0.5, 0.5 ] },
										"west": { "texture": "#iron", "uv": [ 0.0, 0.0, 0.5, 0.5 ] },
										"up": { "texture": "#iron", "uv": [ 0.0, 0.0, 0.5, 0.5 ] },
										"down": { "texture": "#iron", "uv": [ 0.0, 0.0, 0.5, 0.5 ] }
									}
								}
							]
						},
						{
							"name": "Trigger_mechanism",
							"from": [ -0.3, 2.1, -5.7 ],
							"to": [ 0.7, 2.2, -1.7 ],
							"rotationOrigin": [ -0.3, 3.1, -1.3 ],
							"rotationX": -90.0,
							"faces": {
								"north": { "texture": "#iron", "uv": [ 0.0, 0.0, 1.0, 0.5 ] },
								"east": { "texture": "#iron", "uv": [ 0.0, 0.0, 4.0, 0.5 ] },
								"south": { "texture": "#iron", "uv": [ 0.0, 0.0, 1.0, 0.5 ] },
								"west": { "texture": "#iron", "uv": [ 0.0, 0.0, 4.0, 0.5 ] },
								"up": { "texture": "#iron", "uv": [ 0.0, 0.0, 1.0, 4.0 ] },
								"down": { "texture": "#iron", "uv": [ 0.0, 0.0, 1.0, 4.0 ] }
							},
							"children": [
								{
									"name": "latch_3",
									"from": [ 0.0, 0.0, 0.0 ],
									"to": [ 0.1, 1.3, 4.7 ],
									"faces": {
										"north": { "texture": "#iron", "uv": [ 0.0, 0.0, 0.5, 1.0 ] },
										"east": { "texture": "#iron", "uv": [ 0.0, 0.0, 4.5, 1.0 ] },
										"south": { "texture": "#iron", "uv": [ 0.0, 0.0, 0.5, 1.0 ] },
										"west": { "texture": "#iron", "uv": [ 0.0, 0.0, 4.5, 1.0 ] },
										"up": { "texture": "#iron", "uv": [ 0.0, 0.0, 0.5, 4.5 ] },
										"down": { "texture": "#iron", "uv": [ 0.0, 0.0, 0.5, 4.5 ] }
									}
								},
								{
									"name": "latch_5",
									"from": [ 0.9, 0.0, 0.0 ],
									"to": [ 1.0, 1.3, 4.7 ],
									"rotationOrigin": [ 0.9, 0.0, 0.0 ],
									"faces": {
										"north": { "texture": "#iron", "uv": [ 0.0, 0.0, 0.5, 1.0 ] },
										"east": { "texture": "#iron", "uv": [ 0.0, 0.0, 4.5, 1.0 ] },
										"south": { "texture": "#iron", "uv": [ 0.0, 0.0, 0.5, 1.0 ] },
										"west": { "texture": "#iron", "uv": [ 0.0, 0.0, 4.5, 1.0 ] },
										"up": { "texture": "#iron", "uv": [ 0.0, 0.0, 0.5, 4.5 ] },
										"down": { "texture": "#iron", "uv": [ 0.0, 0.0, 0.5, 4.5 ] }
									}
								},
								{
									"name": "Wheel",
									"from": [ 0.3, 0.8, 0.5 ],
									"to": [ 0.7, 1.4, 1.5 ],
									"rotationOrigin": [ 0.3, 1.3, 1.0 ],
									"faces": {
										"north": { "texture": "#iron", "uv": [ 0.0, 0.0, 0.5, 0.5 ] },
										"east": { "texture": "#iron", "uv": [ 0.0, 0.0, 1.0, 0.5 ] },
										"south": { "texture": "#iron", "uv": [ 0.0, 0.0, 0.5, 0.5 ] },
										"west": { "texture": "#iron", "uv": [ 0.0, 0.0, 1.0, 0.5 ] },
										"up": { "texture": "#iron", "uv": [ 0.0, 0.0, 0.5, 1.0 ] },
										"down": { "texture": "#iron", "uv": [ 0.0, 0.0, 0.5, 1.0 ] }
									},
									"children": [
										{
											"name": "Cube5",
											"from": [ 0.4, 0.0, 0.0 ],
											"to": [ 0.6, 0.6, 1.0 ],
											"rotationOrigin": [ 0.4, 0.0, 0.0 ],
											"faces": {
												"north": { "texture": "#iron", "uv": [ 0.0, 0.0, 0.5, 0.5 ] },
												"east": { "texture": "#iron", "uv": [ 0.0, 0.0, 1.0, 0.5 ] },
												"south": { "texture": "#iron", "uv": [ 0.0, 0.0, 0.5, 0.5 ] },
												"west": { "texture": "#iron", "uv": [ 0.0, 0.0, 1.0, 0.5 ] },
												"up": { "texture": "#iron", "uv": [ 0.0, 0.0, 0.5, 1.0 ] },
												"down": { "texture": "#iron", "uv": [ 0.0, 0.0, 0.5, 1.0 ] }
											},
											"children": [
												{
													"name": "Cube8",
													"from": [ 0.0, 0.6, 0.0 ],
													"to": [ 0.2, 1.0, 0.5 ],
													"rotationOrigin": [ 0.0, 0.6, 0.0 ],
													"faces": {
														"north": { "texture": "#iron", "uv": [ 0.0, 0.0, 0.5, 0.5 ] },
														"east": { "texture": "#iron", "uv": [ 0.0, 0.0, 0.5, 0.5 ] },
														"south": { "texture": "#iron", "uv": [ 0.0, 0.0, 0.5, 0.5 ] },
														"west": { "texture": "#iron", "uv": [ 0.0, 0.0, 0.5, 0.5 ] },
														"up": { "texture": "#iron", "uv": [ 0.0, 0.0, 0.5, 0.5 ] },
														"down": { "texture": "#iron", "uv": [ 0.0, 0.0, 0.5, 0.5 ] }
													}
												}
											]
										},
										{
											"name": "Cube6",
											"from": [ -0.2, 0.0, 0.0 ],
											"to": [ 0.0, 0.6, 1.0 ],
											"rotationOrigin": [ -0.2, 0.0, 0.0 ],
											"faces": {
												"north": { "texture": "#iron", "uv": [ 0.0, 0.0, 0.5, 0.5 ] },
												"east": { "texture": "#iron", "uv": [ 0.0, 0.0, 1.0, 0.5 ] },
												"south": { "texture": "#iron", "uv": [ 0.0, 0.0, 0.5, 0.5 ] },
												"west": { "texture": "#iron", "uv": [ 0.0, 0.0, 1.0, 0.5 ] },
												"up": { "texture": "#iron", "uv": [ 0.0, 0.0, 0.5, 1.0 ] },
												"down": { "texture": "#iron", "uv": [ 0.0, 0.0, 0.5, 1.0 ] }
											},
											"children": [
												{
													"name": "Cube7",
													"from": [ 0.0, 0.6, 0.0 ],
													"to": [ 0.2, 1.0, 0.5 ],
													"rotationOrigin": [ 0.0, 0.6, 0.0 ],
													"faces": {
														"north": { "texture": "#iron", "uv": [ 0.0, 0.0, 0.5, 0.5 ] },
														"east": { "texture": "#iron", "uv": [ 0.0, 0.0, 0.5, 0.5 ] },
														"south": { "texture": "#iron", "uv": [ 0.0, 0.0, 0.5, 0.5 ] },
														"west": { "texture": "#iron", "uv": [ 0.0, 0.0, 0.5, 0.5 ] },
														"up": { "texture": "#iron", "uv": [ 0.0, 0.0, 0.5, 0.5 ] },
														"down": { "texture": "#iron", "uv": [ 0.0, 0.0, 0.5, 0.5 ] }
													}
												}
											]
										}
									]
								},
								{
									"name": "latch_6",
									"from": [ 0.1, 0.0, 0.0 ],
									"to": [ 0.9, 1.3, 0.3 ],
									"rotationOrigin": [ 0.1, 0.0, 0.0 ],
									"faces": {
										"north": { "texture": "#iron", "uv": [ 0.0, 0.0, 0.5, 1.0 ] },
										"east": { "texture": "#iron", "uv": [ 0.0, 0.0, 0.5, 1.0 ] },
										"south": { "texture": "#iron", "uv": [ 0.0, 0.0, 0.5, 1.0 ] },
										"west": { "texture": "#iron", "uv": [ 0.0, 0.0, 0.5, 1.0 ] },
										"up": { "texture": "#iron", "uv": [ 0.0, 0.0, 0.5, 0.5 ] },
										"down": { "texture": "#iron", "uv": [ 0.0, 0.0, 0.5, 0.5 ] }
									}
								},
								{
									"name": "latch_7",
									"from": [ 0.1, 0.1, 3.7 ],
									"to": [ 0.9, 1.3, 4.0 ],
									"rotationOrigin": [ 0.1, 0.1, 3.7 ],
									"faces": {
										"north": { "texture": "#iron", "uv": [ 0.0, 0.0, 0.5, 1.0 ] },
										"east": { "texture": "#iron", "uv": [ 0.0, 0.0, 0.5, 1.0 ] },
										"south": { "texture": "#iron", "uv": [ 0.0, 0.0, 0.5, 1.0 ] },
										"west": { "texture": "#iron", "uv": [ 0.0, 0.0, 0.5, 1.0 ] },
										"up": { "texture": "#iron", "uv": [ 0.0, 0.0, 0.5, 0.5 ] },
										"down": { "texture": "#iron", "uv": [ 0.0, 0.0, 0.5, 0.5 ] }
									}
								},
								{
									"name": "latch_8",
									"from": [ 0.1, 1.0, 1.4 ],
									"to": [ 0.9, 1.3, 3.6 ],
									"rotationOrigin": [ 0.1, 1.2, 3.6 ],
									"rotationX": 4.0,
									"faces": {
										"north": { "texture": "#iron", "uv": [ 0.0, 0.0, 0.5, 0.5 ] },
										"east": { "texture": "#iron", "uv": [ 0.0, 0.0, 2.0, 0.5 ] },
										"south": { "texture": "#iron", "uv": [ 0.0, 0.0, 0.5, 0.5 ] },
										"west": { "texture": "#iron", "uv": [ 0.0, 0.0, 2.0, 0.5 ] },
										"up": { "texture": "#iron", "uv": [ 0.0, 0.0, 0.5, 2.0 ] },
										"down": { "texture": "#iron", "uv": [ 0.0, 0.0, 0.5, 2.0 ] }
									},
									"children": [
										{
											"name": "latch_9",
											"from": [ 0.1, 0.3, 1.9 ],
											"to": [ 0.7, 1.2, 2.2 ],
											"rotationOrigin": [ 0.1, 0.5, 1.9 ],
											"rotationX": 0.0,
											"faces": {
												"north": { "texture": "#iron", "uv": [ 0.0, 0.0, 0.5, 0.5 ] },
												"east": { "texture": "#iron", "uv": [ 0.0, 0.0, 0.5, 0.5 ] },
												"south": { "texture": "#iron", "uv": [ 0.0, 0.0, 0.5, 0.5 ] },
												"west": { "texture": "#iron", "uv": [ 0.0, 0.0, 0.5, 0.5 ] },
												"up": { "texture": "#iron", "uv": [ 0.0, 0.0, 0.5, 0.5 ] },
												"down": { "texture": "#iron", "uv": [ 0.0, 0.0, 0.5, 0.5 ] }
											}
										}
									]
								}
							]
						}
					]
				},
				{
					"name": "Pin",
					"from": [ -0.9, 0.5, -1.8 ],
					"to": [ 1.3, 1.0, -1.3 ],
					"rotationOrigin": [ -0.9, 0.5, -1.8 ],
					"faces": {
						"north": { "texture": "#iron", "uv": [ 0.0, 0.0, 2.0, 0.5 ] },
						"east": { "texture": "#iron", "uv": [ 0.0, 0.0, 0.5, 0.5 ] },
						"south": { "texture": "#iron", "uv": [ 0.0, 0.0, 2.0, 0.5 ] },
						"west": { "texture": "#iron", "uv": [ 0.0, 0.0, 0.5, 0.5 ] },
						"up": { "texture": "#iron", "uv": [ 0.0, 0.0, 2.0, 0.5 ] },
						"down": { "texture": "#iron", "uv": [ 0.0, 0.0, 2.0, 0.5 ] }
					}
				}
			]
		}
	],
	"animations": [
		{
			"name": "draw",
			"code": "draw",
			"quantityframes": 25,
			"onActivityStopped": "Rewind",
			"onAnimationEnd": "Hold",
			"keyframes": [
				{
					"frame": 0,
					"elements": {
						"String": { "offsetX": 0.0, "offsetY": 0.0, "offsetZ": 0.0, "rotationX": 0.0, "rotationY": 0.0, "rotationZ": 0.0 },
						"String_6": { "rotationX": 0.0, "rotationY": 0.0, "rotationZ": 0.0 },
						"String_2": { "rotationX": 0.0, "rotationY": 0.0, "rotationZ": 0.0 },
						"Bow_right_limb_1": { "rotationX": 0.0, "rotationY": 0.0, "rotationZ": 0.0 },
						"Bow_right_limb_2": { "rotationX": 0.0, "rotationY": 0.0, "rotationZ": 0.0 },
						"Bow_right_limb_3": { "rotationX": 0.0, "rotationY": 0.0, "rotationZ": 0.0 },
						"Bow_right_limb_4": { "rotationX": 0.0, "rotationY": 0.0, "rotationZ": 0.0 },
						"Bow_right_limb_5": { "rotationX": 0.0, "rotationY": 0.0, "rotationZ": 0.0 },
						"Bow_right_limb_13": { "rotationX": 0.0, "rotationY": 0.0, "rotationZ": 0.0 },
						"Bow_right_limb_7": { "rotationX": 0.0, "rotationY": 0.0, "rotationZ": 0.0 },
						"Bow_right_limb_8": { "rotationX": 0.0, "rotationY": 0.0, "rotationZ": 0.0 },
						"Bow_right_limb_9": { "rotationX": 0.0, "rotationY": 0.0, "rotationZ": 0.0 },
						"Bow_right_limb_10": { "rotationX": 0.0, "rotationY": 0.0, "rotationZ": 0.0 },
						"Bow_right_limb_11": { "rotationX": 0.0, "rotationY": 0.0, "rotationZ": 0.0 },
						"Bow_right_limb_14": { "rotationX": 0.0, "rotationY": 0.0, "rotationZ": 0.0 }
					}
				},
				{
					"frame": 5,
					"elements": {
						"String": { "offsetX": 0.0, "offsetY": 0.0, "offsetZ": 0.0, "rotationX": 0.0, "rotationY": 0.0, "rotationZ": 0.0 },
						"String_2": { "rotationX": 0.0, "rotationY": 0.0, "rotationZ": 0.0 },
						"String_6": { "rotationX": 0.0, "rotationY": 0.0, "rotationZ": 0.0 },
						"Bow_right_limb_1": { "rotationX": 0.0, "rotationY": 0.0, "rotationZ": 0.0 },
						"Bow_right_limb_2": { "rotationX": 0.0, "rotationY": 0.0, "rotationZ": 0.0 },
						"Bow_right_limb_3": { "rotationX": 0.0, "rotationY": 0.0, "rotationZ": 0.0 },
						"Bow_right_limb_4": { "rotationX": 0.0, "rotationY": 0.0, "rotationZ": 0.0 },
						"Bow_right_limb_5": { "rotationX": 0.0, "rotationY": 0.0, "rotationZ": 0.0 },
						"Bow_right_limb_13": { "rotationX": 0.0, "rotationY": 0.0, "rotationZ": 0.0 },
						"Bow_right_limb_7": { "rotationX": 0.0, "rotationY": 0.0, "rotationZ": 0.0 },
						"Bow_right_limb_8": { "rotationX": 0.0, "rotationY": 0.0, "rotationZ": 0.0 },
						"Bow_right_limb_9": { "rotationX": 0.0, "rotationY": 0.0, "rotationZ": 0.0 },
						"Bow_right_limb_10": { "rotationX": 0.0, "rotationY": 0.0, "rotationZ": 0.0 },
						"Bow_right_limb_11": { "rotationX": 0.0, "rotationY": 0.0, "rotationZ": 0.0 },
						"Bow_right_limb_14": { "rotationX": 0.0, "rotationY": 0.0, "rotationZ": 0.0 }
					}
				},
				{
					"frame": 9,
					"elements": {
						"String_6": { "rotationX": -2.0, "rotationY": -13.0, "rotationZ": 0.0 },
						"String_2": { "rotationX": -2.0, "rotationY": 13.0, "rotationZ": 0.0 }
					}
				},
				{
					"frame": 13,
					"elements": {
						"String": { "offsetX": 0.0, "offsetY": -0.0, "offsetZ": 5.0, "rotationX": -10.0, "rotationY": 0.0, "rotationZ": 0.0 },
						"String_6": { "rotationX": -1.0, "rotationY": -25.0, "rotationZ": 0.0 },
						"String_2": { "rotationX": -1.0, "rotationY": 25.0, "rotationZ": 0.0 }
					}
				},
				{
					"frame": 17,
					"elements": {
						"String": { "offsetX": 0.0, "offsetY": 0.0, "offsetZ": 6.3 },
						"String_2": { "rotationX": 0.0, "rotationY": 31.0, "rotationZ": 0.0 },
						"String_6": { "rotationX": 0.0, "rotationY": -31.0, "rotationZ": 0.0 },
						"Bow_right_limb_1": { "rotationX": 0.0, "rotationY": -3.0, "rotationZ": 0.0 },
						"Bow_right_limb_2": { "rotationX": 0.0, "rotationY": -4.0, "rotationZ": 0.0 },
						"Bow_right_limb_3": { "rotationX": 0.0, "rotationY": -4.0, "rotationZ": 0.0 },
						"Bow_right_limb_4": { "rotationX": 0.0, "rotationY": -4.0, "rotationZ": 0.0 },
						"Bow_right_limb_5": { "rotationX": 0.0, "rotationY": -4.0, "rotationZ": 0.0 },
						"Bow_right_limb_13": { "rotationX": 0.0, "rotationY": -12.0, "rotationZ": 0.0 },
						"Bow_right_limb_7": { "rotationX": 0.0, "rotationY": 3.0, "rotationZ": 0.0 },
						"Bow_right_limb_8": { "rotationX": 0.0, "rotationY": -4.0, "rotationZ": 0.0 },
						"Bow_right_limb_9": { "rotationX": 0.0, "rotationY": -4.0, "rotationZ": 0.0 },
						"Bow_right_limb_10": { "rotationX": 0.0, "rotationY": -4.0, "rotationZ": 0.0 },
						"Bow_right_limb_11": { "rotationX": 0.0, "rotationY": -4.0, "rotationZ": 0.0 },
						"Bow_right_limb_14": { "rotationX": 0.0, "rotationY": -12.0, "rotationZ": 0.0 }
					}
				},
				{
					"frame": 24,
					"elements": {
						"String": { "offsetX": 0.0, "offsetY": 0.1, "offsetZ": 6.3, "rotationX": 0.0, "rotationY": 0.0, "rotationZ": 0.0 },
						"String_2": { "rotationX": 1.0, "rotationY": 31.0, "rotationZ": 0.0 },
						"String_6": { "rotationX": 1.0, "rotationY": -31.0, "rotationZ": 0.0 },
						"Bow_right_limb_1": { "rotationX": 0.0, "rotationY": -3.0, "rotationZ": 0.0 },
						"Bow_right_limb_2": { "rotationX": 0.0, "rotationY": -4.0, "rotationZ": 0.0 },
						"Bow_right_limb_3": { "rotationX": 0.0, "rotationY": -4.0, "rotationZ": 0.0 },
						"Bow_right_limb_4": { "rotationX": 0.0, "rotationY": -4.0, "rotationZ": 0.0 },
						"Bow_right_limb_5": { "rotationX": 0.0, "rotationY": -4.0, "rotationZ": 0.0 },
						"Bow_right_limb_13": { "rotationX": 0.0, "rotationY": -12.0, "rotationZ": 0.0 },
						"Bow_right_limb_7": { "rotationX": 0.0, "rotationY": 3.0, "rotationZ": 0.0 },
						"Bow_right_limb_8": { "rotationX": 0.0, "rotationY": -4.0, "rotationZ": 0.0 },
						"Bow_right_limb_9": { "rotationX": 0.0, "rotationY": -4.0, "rotationZ": 0.0 },
						"Bow_right_limb_10": { "rotationX": 0.0, "rotationY": -4.0, "rotationZ": 0.0 },
						"Bow_right_limb_11": { "rotationX": 0.0, "rotationY": -4.0, "rotationZ": 0.0 },
						"Bow_right_limb_14": { "rotationX": 0.0, "rotationY": -12.0, "rotationZ": 0.0 }
					}
				}
			]
		},

		{
			"name": "load",
			"code": "load",
			"quantityframes": 30,
			"onActivityStopped": "Rewind",
			"onAnimationEnd": "Hold",
			"keyframes": [
				{
					"frame": 0,
					"elements": {
						"Bolt_point": { "offsetX": 0.0, "offsetY": 25.0, "offsetZ": 7.0, "rotationX": 90.0, "rotationY": 0.0, "rotationZ": 0.0 },
						"String": { "offsetX": 0.0, "offsetY": 0.1, "offsetZ": 6.3, "rotationX": 0.0, "rotationY": 0.0, "rotationZ": 0.0 },
						"String_2": { "rotationX": 1.0, "rotationY": 31.0, "rotationZ": 0.0 },
						"String_6": { "rotationX": 1.0, "rotationY": -31.0, "rotationZ": 0.0 },
						"Bow_right_limb_1": { "rotationX": 0.0, "rotationY": -3.0, "rotationZ": 0.0 },
						"Bow_right_limb_2": { "rotationX": 0.0, "rotationY": -4.0, "rotationZ": 0.0 },
						"Bow_right_limb_3": { "rotationX": 0.0, "rotationY": -4.0, "rotationZ": 0.0 },
						"Bow_right_limb_4": { "rotationX": 0.0, "rotationY": -4.0, "rotationZ": 0.0 },
						"Bow_right_limb_5": { "rotationX": 0.0, "rotationY": -4.0, "rotationZ": 0.0 },
						"Bow_right_limb_13": { "rotationX": 0.0, "rotationY": -12.0, "rotationZ": 0.0 },
						"Bow_right_limb_7": { "rotationX": 0.0, "rotationY": 3.0, "rotationZ": 0.0 },
						"Bow_right_limb_8": { "rotationX": 0.0, "rotationY": -4.0, "rotationZ": 0.0 },
						"Bow_right_limb_9": { "rotationX": 0.0, "rotationY": -4.0, "rotationZ": 0.0 },
						"Bow_right_limb_10": { "rotationX": 0.0, "rotationY": -4.0, "rotationZ": 0.0 },
						"Bow_right_limb_11": { "rotationX": 0.0, "rotationY": -4.0, "rotationZ": 0.0 },
						"Bow_right_limb_14": { "rotationX": 0.0, "rotationY": -12.0, "rotationZ": 0.0 }
					}
				},
				{
					"frame": 15,
					"elements": {
						"Bolt_point": { "offsetX": 0.0, "offsetY": 3.0, "offsetZ": -2.0, "rotationX": 28.0, "rotationY": 0.0, "rotationZ": 0.0 }
					}
				},
				{
					"frame": 29,
					"elements": {
						"Bolt_point": { "offsetX": 0.0, "offsetY": 0.0, "offsetZ": 0.0, "rotationX": 0.0, "rotationY": 0.0, "rotationZ": 0.0 },
						"String": { "offsetX": 0.0, "offsetY": 0.1, "offsetZ": 6.3, "rotationX": 0.0, "rotationY": 0.0, "rotationZ": 0.0 },
						"String_2": { "rotationX": 1.0, "rotationY": 31.0, "rotationZ": 0.0 },
						"String_6": { "rotationX": 1.0, "rotationY": -31.0, "rotationZ": 0.0 },
						"Bow_right_limb_1": { "rotationX": 0.0, "rotationY": -3.0, "rotationZ": 0.0 },
						"Bow_right_limb_2": { "rotationX": 0.0, "rotationY": -4.0, "rotationZ": 0.0 },
						"Bow_right_limb_3": { "rotationX": 0.0, "rotationY": -4.0, "rotationZ": 0.0 },
						"Bow_right_limb_4": { "rotationX": 0.0, "rotationY": -4.0, "rotationZ": 0.0 },
						"Bow_right_limb_5": { "rotationX": 0.0, "rotationY": -4.0, "rotationZ": 0.0 },
						"Bow_right_limb_13": { "rotationX": 0.0, "rotationY": -12.0, "rotationZ": 0.0 },
						"Bow_right_limb_7": { "rotationX": 0.0, "rotationY": 3.0, "rotationZ": 0.0 },
						"Bow_right_limb_8": { "rotationX": 0.0, "rotationY": -4.0, "rotationZ": 0.0 },
						"Bow_right_limb_9": { "rotationX": 0.0, "rotationY": -4.0, "rotationZ": 0.0 },
						"Bow_right_limb_10": { "rotationX": 0.0, "rotationY": -4.0, "rotationZ": 0.0 },
						"Bow_right_limb_11": { "rotationX": 0.0, "rotationY": -4.0, "rotationZ": 0.0 },
						"Bow_right_limb_14": { "rotationX": 0.0, "rotationY": -12.0, "rotationZ": 0.0 }
					}
				}
			]
		},

		{
			"name": "release",
			"code": "release",
			"quantityframes": 108,
			"onActivityStopped": "PlayTillEnd",
			"onAnimationEnd": "Hold",
			"keyframes": [
				{
					"frame": 0,
					"elements": {
						"String": { "offsetX": 0.0, "offsetY": 0.0, "offsetZ": 6.3 },
						"String_2": { "rotationX": 2.0, "rotationY": 29.0, "rotationZ": 0.0 },
						"String_6": { "rotationX": 2.0, "rotationY": -29.0, "rotationZ": 0.0 },
						"Bow_right_limb_7": { "rotationX": 0.0, "rotationY": 3.0, "rotationZ": 0.0 },
						"Bow_right_limb_8": { "rotationX": 0.0, "rotationY": -4.0, "rotationZ": 0.0 },
						"Bow_right_limb_9": { "rotationX": 0.0, "rotationY": -4.0, "rotationZ": 0.0 },
						"Bow_right_limb_10": { "rotationX": 0.0, "rotationY": -4.0, "rotationZ": 0.0 },
						"Bow_right_limb_11": { "rotationX": 0.0, "rotationY": -4.0, "rotationZ": 0.0 },
						"Bow_right_limb_1": { "rotationX": 0.0, "rotationY": -3.0, "rotationZ": 0.0 },
						"Bow_right_limb_2": { "rotationX": 0.0, "rotationY": -4.0, "rotationZ": 0.0 },
						"Bow_right_limb_3": { "rotationX": 0.0, "rotationY": -4.0, "rotationZ": 0.0 },
						"Bow_right_limb_4": { "rotationX": 0.0, "rotationY": -4.0, "rotationZ": 0.0 },
						"Bow_right_limb_5": { "rotationX": 0.0, "rotationY": -4.0, "rotationZ": 0.0 },
						"Bolt_point": { "offsetX": 0.0, "offsetY": 0.0, "offsetZ": 0.0 }
					}
				},
				{
					"frame": 1,
					"elements": {
						"String": { "offsetX": 0.0, "offsetY": 0.0, "offsetZ": 6.3 },
						"String_2": { "rotationX": 2.0, "rotationY": 29.0, "rotationZ": 0.0 },
						"String_6": { "rotationX": 2.0, "rotationY": -29.0, "rotationZ": 0.0 },
						"Bow_right_limb_1": { "rotationX": 0.0, "rotationY": -3.0, "rotationZ": 0.0 },
						"Bow_right_limb_2": { "rotationX": 0.0, "rotationY": -4.0, "rotationZ": 0.0 },
						"Bow_right_limb_3": { "rotationX": 0.0, "rotationY": -4.0, "rotationZ": 0.0 },
						"Bow_right_limb_4": { "rotationX": 0.0, "rotationY": -4.0, "rotationZ": 0.0 },
						"Bow_right_limb_5": { "rotationX": 0.0, "rotationY": -4.0, "rotationZ": 0.0 },
						"Bow_right_limb_7": { "rotationX": 0.0, "rotationY": 3.0, "rotationZ": 0.0 },
						"Bow_right_limb_8": { "rotationX": 0.0, "rotationY": -4.0, "rotationZ": 0.0 },
						"Bow_right_limb_9": { "rotationX": 0.0, "rotationY": -4.0, "rotationZ": 0.0 },
						"Bow_right_limb_10": { "rotationX": 0.0, "rotationY": -4.0, "rotationZ": 0.0 },
						"Bow_right_limb_11": { "rotationX": 0.0, "rotationY": -4.0, "rotationZ": 0.0 },
						"Bolt_point": { "offsetX": 0.0, "offsetY": 0.0, "offsetZ": 0.0 }
					}
				},
				{
					"frame": 3,
					"elements": {

					}
				},
				{
					"frame": 6,
					"elements": {
						"String": { "offsetX": 0.0, "offsetY": 0.0, "offsetZ": 0.0 },
						"String_6": { "rotationX": 0.0, "rotationY": 0.0, "rotationZ": 0.0 },
						"String_2": { "rotationX": 0.0, "rotationY": 0.0, "rotationZ": 0.0 },
						"Bow_right_limb_7": { "rotationX": 0.0, "rotationY": 0.0, "rotationZ": 0.0 },
						"Bow_right_limb_8": { "rotationX": 0.0, "rotationY": 0.0, "rotationZ": 0.0 },
						"Bow_right_limb_9": { "rotationX": 0.0, "rotationY": 0.0, "rotationZ": 0.0 },
						"Bow_right_limb_10": { "rotationX": 0.0, "rotationY": 0.0, "rotationZ": 0.0 },
						"Bow_right_limb_11": { "rotationX": 0.0, "rotationY": 0.0, "rotationZ": 0.0 },
						"Bow_right_limb_1": { "rotationX": 0.0, "rotationY": 0.0, "rotationZ": 0.0 },
						"Bow_right_limb_2": { "rotationX": 0.0, "rotationY": 0.0, "rotationZ": 0.0 },
						"Bow_right_limb_3": { "rotationX": 0.0, "rotationY": 0.0, "rotationZ": 0.0 },
						"Bow_right_limb_4": { "rotationX": 0.0, "rotationY": 0.0, "rotationZ": 0.0 },
						"Bow_right_limb_5": { "rotationX": 0.0, "rotationY": 0.0, "rotationZ": 0.0 },
						"Bolt_point": { "offsetX": 0.0, "offsetY": 0.0, "offsetZ": -6.3 }
					}
				},
				{
					"frame": 9,
					"elements": {
						"String": { "offsetX": 0.0, "offsetY": 0.0, "offsetZ": 0.0 },
						"String_2": { "rotationX": 0.0, "rotationY": 0.0, "rotationZ": 0.0 },
						"String_6": { "rotationX": 0.0, "rotationY": 0.0, "rotationZ": 0.0 },
						"Bow_right_limb_1": { "rotationX": 0.0, "rotationY": 0.0, "rotationZ": 0.0 },
						"Bow_right_limb_2": { "rotationX": 0.0, "rotationY": 0.0, "rotationZ": 0.0 },
						"Bow_right_limb_3": { "rotationX": 0.0, "rotationY": 0.0, "rotationZ": 0.0 },
						"Bow_right_limb_4": { "rotationX": 0.0, "rotationY": 0.0, "rotationZ": 0.0 },
						"Bow_right_limb_5": { "rotationX": 0.0, "rotationY": 0.0, "rotationZ": 0.0 },
						"Bow_right_limb_7": { "rotationX": 0.0, "rotationY": 0.0, "rotationZ": 0.0 },
						"Bow_right_limb_8": { "rotationX": 0.0, "rotationY": 0.0, "rotationZ": 0.0 },
						"Bow_right_limb_9": { "rotationX": 0.0, "rotationY": 0.0, "rotationZ": 0.0 },
						"Bow_right_limb_10": { "rotationX": 0.0, "rotationY": 0.0, "rotationZ": 0.0 },
						"Bow_right_limb_11": { "rotationX": 0.0, "rotationY": 0.0, "rotationZ": 0.0 }
					}
				},
				{
					"frame": 12,
					"elements": {
						"String": { "offsetX": 0.0, "offsetY": 0.0, "offsetZ": 0.0 },
						"String_2": { "rotationX": 0.0, "rotationY": 0.0, "rotationZ": 0.0 },
						"String_6": { "rotationX": 0.0, "rotationY": 0.0, "rotationZ": 0.0 },
						"Bow_right_limb_1": { "rotationX": 0.0, "rotationY": 0.0, "rotationZ": 0.0 },
						"Bow_right_limb_2": { "rotationX": 0.0, "rotationY": 0.0, "rotationZ": 0.0 },
						"Bow_right_limb_3": { "rotationX": 0.0, "rotationY": 0.0, "rotationZ": 0.0 },
						"Bow_right_limb_4": { "rotationX": 0.0, "rotationY": 0.0, "rotationZ": 0.0 },
						"Bow_right_limb_5": { "rotationX": 0.0, "rotationY": 0.0, "rotationZ": 0.0 },
						"Bow_right_limb_7": { "rotationX": 0.0, "rotationY": 0.0, "rotationZ": 0.0 },
						"Bow_right_limb_8": { "rotationX": 0.0, "rotationY": 0.0, "rotationZ": 0.0 },
						"Bow_right_limb_9": { "rotationX": 0.0, "rotationY": 0.0, "rotationZ": 0.0 },
						"Bow_right_limb_10": { "rotationX": 0.0, "rotationY": 0.0, "rotationZ": 0.0 },
						"Bow_right_limb_11": { "rotationX": 0.0, "rotationY": 0.0, "rotationZ": 0.0 }
					}
				},
				{
					"frame": 15,
					"elements": {
						"String": { "offsetX": 0.0, "offsetY": 0.0, "offsetZ": 0.0 },
						"String_2": { "rotationX": 0.0, "rotationY": 0.0, "rotationZ": 0.0 },
						"String_6": { "rotationX": 0.0, "rotationY": 0.0, "rotationZ": 0.0 },
						"Bow_right_limb_1": { "rotationX": 0.0, "rotationY": 0.0, "rotationZ": 0.0 },
						"Bow_right_limb_2": { "rotationX": 0.0, "rotationY": 0.0, "rotationZ": 0.0 },
						"Bow_right_limb_3": { "rotationX": 0.0, "rotationY": 0.0, "rotationZ": 0.0 },
						"Bow_right_limb_4": { "rotationX": 0.0, "rotationY": 0.0, "rotationZ": 0.0 },
						"Bow_right_limb_5": { "rotationX": 0.0, "rotationY": 0.0, "rotationZ": 0.0 },
						"Bow_right_limb_7": { "rotationX": 0.0, "rotationY": 0.0, "rotationZ": 0.0 },
						"Bow_right_limb_8": { "rotationX": 0.0, "rotationY": 0.0, "rotationZ": 0.0 },
						"Bow_right_limb_9": { "rotationX": 0.0, "rotationY": 0.0, "rotationZ": 0.0 },
						"Bow_right_limb_10": { "rotationX": 0.0, "rotationY": 0.0, "rotationZ": 0.0 },
						"Bow_right_limb_11": { "rotationX": 0.0, "rotationY": 0.0, "rotationZ": 0.0 }
					}
				},
				{
					"frame": 18,
					"elements": {
						"String": { "offsetX": 0.0, "offsetY": 0.0, "offsetZ": 0.0 },
						"String_2": { "rotationX": 0.0, "rotationY": 0.0, "rotationZ": 0.0 },
						"String_6": { "rotationX": 0.0, "rotationY": 0.0, "rotationZ": 0.0 },
						"Bow_right_limb_1": { "rotationX": 0.0, "rotationY": 0.0, "rotationZ": 0.0 },
						"Bow_right_limb_2": { "rotationX": 0.0, "rotationY": 0.0, "rotationZ": 0.0 },
						"Bow_right_limb_3": { "rotationX": 0.0, "rotationY": 0.0, "rotationZ": 0.0 },
						"Bow_right_limb_4": { "rotationX": 0.0, "rotationY": 0.0, "rotationZ": 0.0 },
						"Bow_right_limb_5": { "rotationX": 0.0, "rotationY": 0.0, "rotationZ": 0.0 },
						"Bow_right_limb_7": { "rotationX": 0.0, "rotationY": 0.0, "rotationZ": 0.0 },
						"Bow_right_limb_8": { "rotationX": 0.0, "rotationY": 0.0, "rotationZ": 0.0 },
						"Bow_right_limb_9": { "rotationX": 0.0, "rotationY": 0.0, "rotationZ": 0.0 },
						"Bow_right_limb_10": { "rotationX": 0.0, "rotationY": 0.0, "rotationZ": 0.0 },
						"Bow_right_limb_11": { "rotationX": 0.0, "rotationY": 0.0, "rotationZ": 0.0 }
					}
				},
				{
					"frame": 22,
					"elements": {
						"String": { "offsetX": 0.0, "offsetY": 0.0, "offsetZ": 0.0 },
						"String_2": { "rotationX": 0.0, "rotationY": 0.0, "rotationZ": 0.0 },
						"String_6": { "rotationX": 0.0, "rotationY": 0.0, "rotationZ": 0.0 },
						"Bow_right_limb_1": { "rotationX": 0.0, "rotationY": 0.0, "rotationZ": 0.0 },
						"Bow_right_limb_2": { "rotationX": 0.0, "rotationY": 0.0, "rotationZ": 0.0 },
						"Bow_right_limb_3": { "rotationX": 0.0, "rotationY": 0.0, "rotationZ": 0.0 },
						"Bow_right_limb_4": { "rotationX": 0.0, "rotationY": 0.0, "rotationZ": 0.0 },
						"Bow_right_limb_5": { "rotationX": 0.0, "rotationY": 0.0, "rotationZ": 0.0 },
						"Bow_right_limb_7": { "rotationX": 0.0, "rotationY": 0.0, "rotationZ": 0.0 },
						"Bow_right_limb_8": { "rotationX": 0.0, "rotationY": 0.0, "rotationZ": 0.0 },
						"Bow_right_limb_9": { "rotationX": 0.0, "rotationY": 0.0, "rotationZ": 0.0 },
						"Bow_right_limb_10": { "rotationX": 0.0, "rotationY": 0.0, "rotationZ": 0.0 },
						"Bow_right_limb_11": { "rotationX": 0.0, "rotationY": 0.0, "rotationZ": 0.0 }
					}
				},
				{
					"frame": 100,
					"elements": {
						"String": { "offsetX": 0.0, "offsetY": 0.0, "offsetZ": 0.0 },
						"String_2": { "rotationX": 0.0, "rotationY": 0.0, "rotationZ": 0.0 },
						"String_6": { "rotationX": 0.0, "rotationY": 0.0, "rotationZ": 0.0 },
						"Bow_right_limb_1": { "rotationX": 0.0, "rotationY": 0.0, "rotationZ": 0.0 },
						"Bow_right_limb_2": { "rotationX": 0.0, "rotationY": 0.0, "rotationZ": 0.0 },
						"Bow_right_limb_3": { "rotationX": 0.0, "rotationY": 0.0, "rotationZ": 0.0 },
						"Bow_right_limb_4": { "rotationX": 0.0, "rotationY": 0.0, "rotationZ": 0.0 },
						"Bow_right_limb_5": { "rotationX": 0.0, "rotationY": 0.0, "rotationZ": 0.0 },
						"Bow_right_limb_7": { "rotationX": 0.0, "rotationY": 0.0, "rotationZ": 0.0 },
						"Bow_right_limb_8": { "rotationX": 0.0, "rotationY": 0.0, "rotationZ": 0.0 },
						"Bow_right_limb_9": { "rotationX": 0.0, "rotationY": 0.0, "rotationZ": 0.0 },
						"Bow_right_limb_10": { "rotationX": 0.0, "rotationY": 0.0, "rotationZ": 0.0 },
						"Bow_right_limb_11": { "rotationX": 0.0, "rotationY": 0.0, "rotationZ": 0.0 },
						"Bolt_point": { "offsetX": 0.0, "offsetY": 0.0, "offsetZ": -256.0 }
					}
				},
				{
					"frame": 106,
					"elements": {
						"String": { "offsetX": 0.0, "offsetY": 0.0, "offsetZ": 0.0 },
						"String_2": { "rotationX": 0.0, "rotationY": 0.0, "rotationZ": 0.0 },
						"String_6": { "rotationX": 0.0, "rotationY": 0.0, "rotationZ": 0.0 },
						"Bow_right_limb_1": { "rotationX": 0.0, "rotationY": 0.0, "rotationZ": 0.0 },
						"Bow_right_limb_2": { "rotationX": 0.0, "rotationY": 0.0, "rotationZ": 0.0 },
						"Bow_right_limb_3": { "rotationX": 0.0, "rotationY": 0.0, "rotationZ": 0.0 },
						"Bow_right_limb_4": { "rotationX": 0.0, "rotationY": 0.0, "rotationZ": 0.0 },
						"Bow_right_limb_5": { "rotationX": 0.0, "rotationY": 0.0, "rotationZ": 0.0 },
						"Bow_right_limb_7": { "rotationX": 0.0, "rotationY": 0.0, "rotationZ": 0.0 },
						"Bow_right_limb_8": { "rotationX": 0.0, "rotationY": 0.0, "rotationZ": 0.0 },
						"Bow_right_limb_9": { "rotationX": 0.0, "rotationY": 0.0, "rotationZ": 0.0 },
						"Bow_right_limb_10": { "rotationX": 0.0, "rotationY": 0.0, "rotationZ": 0.0 },
						"Bow_right_limb_11": { "rotationX": 0.0, "rotationY": 0.0, "rotationZ": 0.0 },
						"Bolt_point": { "offsetX": 0.0, "offsetY": 0.0, "offsetZ": -256.0 }
					}
				},
				{
					"frame": 107,
					"elements": {
						"String": { "offsetX": 0.0, "offsetY": 0.0, "offsetZ": 0.0 },
						"String_2": { "rotationX": 0.0, "rotationY": 0.0, "rotationZ": 0.0 },
						"String_6": { "rotationX": 0.0, "rotationY": 0.0, "rotationZ": 0.0 },
						"Bow_right_limb_1": { "rotationX": 0.0, "rotationY": 0.0, "rotationZ": 0.0 },
						"Bow_right_limb_2": { "rotationX": 0.0, "rotationY": 0.0, "rotationZ": 0.0 },
						"Bow_right_limb_3": { "rotationX": 0.0, "rotationY": 0.0, "rotationZ": 0.0 },
						"Bow_right_limb_4": { "rotationX": 0.0, "rotationY": 0.0, "rotationZ": 0.0 },
						"Bow_right_limb_5": { "rotationX": 0.0, "rotationY": 0.0, "rotationZ": 0.0 },
						"Bow_right_limb_7": { "rotationX": 0.0, "rotationY": 0.0, "rotationZ": 0.0 },
						"Bow_right_limb_8": { "rotationX": 0.0, "rotationY": 0.0, "rotationZ": 0.0 },
						"Bow_right_limb_9": { "rotationX": 0.0, "rotationY": 0.0, "rotationZ": 0.0 },
						"Bow_right_limb_10": { "rotationX": 0.0, "rotationY": 0.0, "rotationZ": 0.0 },
						"Bow_right_limb_11": { "rotationX": 0.0, "rotationY": 0.0, "rotationZ": 0.0 },
						"Bolt_point": { "offsetX": 0.0, "offsetY": 0.0, "offsetZ": -256.0 }
					}
				}
			]
		}
	]
}