{
	"ingredient": {
		"type": "item",
		"code": "game:clay-*",
		"name": "type",
		"allowedVariants": [ "blue" ]
	},
	"enabled": true,
	"pattern": [
		[
			"################",
			"################",
			"################",
			"################",
			"################",
			"################",
			"################",
			"################",
			"################",
			"################",
			"################",
			"################",
			"################",
			"################",
			"################",
			"################"
		],
		[
			"###__________###",
			"###__________###",
			"###__________###",
			"________________",
			"____########____",
			"____########____",
			"____########____",
			"____########____",
			"____########____",
			"____########____",
			"____########____",
			"____########____",
			"________________",
			"###__________###",
			"###__________###",
			"###__________###"
		],
		[
			"________________",
			"________________",
			"________________",
			"________________",
			"________________",
			"_____######_____",
			"_____######_____",
			"_____######_____",
			"_____######_____",
			"_____######_____",
			"_____######_____",
			"________________",
			"________________",
			"________________",
			"________________",
			"________________"
		],
		[
			"________________",
			"________________",
			"________________",
			"________________",
			"________________",
			"_____######_____",
			"_____######_____",
			"_____######_____",
			"_____######_____",
			"_____######_____",
			"_____######_____",
			"________________",
			"________________",
			"________________",
			"________________",
			"________________"
		],
		[
			"________________",
			"________________",
			"________________",
			"________________",
			"________________",
			"_____######_____",
			"_____######_____",
			"_____######_____",
			"_____######_____",
			"_____######_____",
			"_____######_____",
			"________________",
			"________________",
			"________________",
			"________________",
			"________________"
		]
	],
	"name": "Prism of duplication",
	"output": {
		"type": "block",
		"code": "prismofduplication-raw-off"
	}
}