{
	"code": "bonepickaxe",
	"storageFlags": 5,
	"attributes": {
		"toolrackTransform": {
			"rotation": {
				"y": 2.5,
				"z": -1
			},
			"translation": {
				"x": -0.1,
				"y": 0.59
			},
			"scale": 1.25
		},
		"groundStorageTransform": {
			"translation": {
				"x": 0,
				"y": 0.1,
				"z": -0.065
			},
			"rotation": {
				"x": 20,
				"y": 88,
				"z": -87
			},
			"scale": 0.88
		},
		"slotRefillIdentifier": "pickaxe"
	},
	"behaviors": [
		{
			"name": "GroundStorable",
			"properties": {
				"layout": "WallHalves",
				"wallOffY": 1,
				"sprintKey": true,
				"selectionBox": {
					"x1": 0,
					"y1": 0,
					"z1": 0,
					"x2": 1,
					"y2": 0.1,
					"z2": 1
				},
				"collisionBox": {
					"x1": 0,
					"y1": 0,
					"z1": 0,
					"x2": 0,
					"y2": 0,
					"z2": 0
				}
			}
		}
	],
	"tool": "pickaxe",
	"damagedby": [ "blockbreaking", "attacking" ],
	"shape": { "base": "butcherytools/bonepick" },
	"heldTpHitAnimation": "smithing",
	"tooltier": 2,
	"miningspeed": {
		"ceramic": 1.5,
		"stone": 2.8,
		"ore": 0,
		"metal": 0,
		"ice": 1.75
	},
	"attackpower": 1.25,
	"durability": 100,
	"creativeinventory": {
		"general": [ "*" ],
		"items": [ "*" ],
		"tools": [ "*" ],
		"butchering": [ "*" ]
	},
	"guiTransform": {
		"translation": {
			"x": 0,
			"y": 0,
			"z": 0
		},
		"rotation": {
			"x": -89,
			"y": 47,
			"z": 33
		},
		"origin": {
			"x": 0.61,
			"y": 0,
			"z": 0.47
		},
		"scale": 1.7
	},
	"fpHandTransform": {
		"translation": {
			"x": -0.4,
			"y": -0.5,
			"z": 0.6
		},
		"rotation": {
			"x": -35,
			"y": 0,
			"z": 85
		},
		"origin": {
			"x": 0.1,
			"y": 0.5,
			"z": 0.5
		},
		"scale": 2.5
	},
	"groundTransform": {
		"translation": {
			"x": 0,
			"y": 0,
			"z": 0
		},
		"rotation": {
			"x": 0,
			"y": 0,
			"z": 0
		},
		"origin": {
			"x": 0.5,
			"y": 0,
			"z": 0.5
		},
		"scale": 3.4
	},
	"tpHandTransform": {
		"translation": {
			"x": -0.87,
			"y": -0.01,
			"z": -0.56
		},
		"rotation": {
			"x": 86,
			"y": 0,
			"z": 0
		},
		"origin": {
			"x": 0.5,
			"y": 0,
			"z": 0.4
		},
		"scale": 0.8
	}
}