{
	code: "taricha",
	class: "EntityAgent",
	variantgroups: [
		{ code: "type", states: ["granulosa", "rivularis", "torosa", "sierrae"]}
	],
	collisionBoxSizeByType: {
		"taricha-granulosa": { x: 0.22, y: 0.04 },
		"taricha-rivularis": { x: 0.19, y: 0.04 },
		"taricha-torosa": { x: 0.2, y: 0.04 },
		"taricha-sierrae": { x: 0.2, y: 0.04 },
	},
	deadCollisionBoxSizeByType: {
		"taricha-granulosa": { x: 0.22, y: 0.04 },
		"taricha-rivularis": { x: 0.19, y: 0.04 },
		"taricha-torosa": { x: 0.2, y: 0.04 },
		"taricha-sierrae": { x: 0.2, y: 0.04 },	
	},	
	selectionBoxSizeByType: {
		"*-granulosa": { x: 0.22, y: 0.04 },
		"*-rivularis": { x: 0.19, y: 0.04 },
		"*-torosa": { x: 0.2, y: 0.04 },
		"*-sierrae": { x: 0.2, y: 0.04 },
	},
	deadSelectionBoxSizeByType: {
		"*-granulosa": { x: 0.22, y: 0.04 },
		"*-rivularis": { x: 0.19, y: 0.04 },
		"*-torosa": { x: 0.2, y: 0.04 },
		"*-sierrae": { x: 0.2, y: 0.04 },
	},	
	knockbackResistance: 0,
	weight: 1,
	eyeHeight: 0.04,
	drops: [],
	attributes: {
		netCaughtItemCode: "pacificnewts:creature-taricha-{type}",
		guiTransform: {
			translation: { x: 0, y: 0, z: 0 },
			rotation: { x: 180, y: -115, z: 6 },
			origin: { x: 0.5, y: 0.74, z: 0.5 }
		},
		tpHandTransform: {
			translation: { x: -0.7, y: -0.8, z: -0.6 },
			rotation: { x: 1, y: 172, z: 26 },
			scale: 0.44
		},
		fpHandTransform: {
			translation: { x: 0.05, y: -0.3, z: 0.5 },
			rotation: { x: -8, y: -84, z: -31 },
		},
		groundTransform: {
			translation: { x: 0, y: 0.1, z: 0 }
		}
	},
	client: {
		renderer: "Shape",
		shape: { base: "entity/land/taricha" },
		textureByType: {
			"*-granulosa": { base: "entity/pacificnewt/taricha-granulosa" },
			"*-rivularis": { base: "entity/pacificnewt/taricha-rivularis" },
			"*-torosa": { base: "entity/pacificnewt/taricha-torosa" },
			"*-sierrae": { base: "entity/pacificnewt/taricha-sierrae" },
		},
		sizeByType: {
			"taricha-granulosa": 0.107,
			"taricha-rivularis": 0.092,
			"taricha-torosa": 0.097,
			"taricha-sierrae": 0.097,
			
		},
		behaviors: [
			{ code: "repulseagents" }, 
			{ code: "controlledphysics", stepHeight: 0 },
			{ code: "harvestable" },
			{ code: "floatupwhenstuck", onlyWhenDead: true },
			{ code: "interpolateposition" },
			{ code: "despawn", minPlayerDistance: 8, belowLightLevel: 8, minSeconds: 300 },
		],
		animations: [
			{
				code: "hurt",
				animation: "sleep", 
				animationSpeed: 2.2,
				weight: 10,
				blendMode: "AddAverage" 
			},
			{
				code: "die",
				animation: "sleep", 
				animationSpeed: 1.25,
				weight: 10,
				blendMode: "Average",
				triggeredBy: { onControls: ["dead"] }
			},
			{ 
				code: "idle", 
				animation: "idle",
				blendMode: "AddAverage",
				easeOutSpeed: 4,
				triggeredBy: { defaultAnim: true },
			},
			{
				code: "sleep", 
				animation: "sleep",
				easeInSpeed: 4,
				easeOutSpeed: 4,
				weight: 1.25,
				blendMode: "Average", 
			},
			{
				code: "sit", 
				animation: "call",
				easeInSpeed: 4,
				easeOutSpeed: 3,
				supressDefaultAnimation: true,
				blendMode: "Average", 
			},
			{
				code: "walk",
				animation: "walk",
				supressDefaultAnimation: true,
				blendMode: "AddAverage"
			}
		]
	},
	server: {
		attributes: {
			pathfinder: {
				minTurnAnglePerSec: 350,
				maxTurnAnglePerSec: 650
			}
		},
		behaviors: [
			{ code: "repulseagents" }, 
			{ code: "health", currenthealth: 1, maxhealth: 1, },
			{ code: "deaddecay", hoursToDecay: 96 },
			{ code: "harvestable", drops: [
			
					{
						type: "item", 
						code: "pacificnewts:skin-taricha-{type}", 
						quantity: { avg: 1, var: 0 },
						
					},
					]
				},
			{ code: "controlledphysics", stepHeight: 0 },
			{ code: "despawn", minPlayerDistance: 8, belowLightLevel: 8, minSeconds: 300 },
			{ code: "floatupwhenstuck", onlyWhenDead: true },
						{ code: "breathe" },
			{ 
				code: "emotionstates",
				states: [
					{ code: "fleeondamage", 
							duration: 30, 
							chance: 1,
							slot: 2, 
							priority: 5, 
							accumType: "max", 
							whenHealthRelBelow: 0.3 },
					{ 
						code: "saturated", 
						duration: 1200, chance: 1, slot: 0, priority: 1, accumType: "sum",
						belowTempDuration: 600,
						belowTempThreshold: -5
					},
					
				],
			},
			{ 
				code: "taskai",
				aitasks: [
					{
						code: "idle",
						priority: 1.1,
						priorityForCancel: 1.35,
						minduration: 2500,
						maxduration: 2500,
						mincooldown: 6000,
						maxcooldown: 20000,
						animation: "idle",
						animationSpeed: 1
					},
					{
						code: "fleeentity",
						entityCodes: [ "player", "wolf-male", "wolf-female", "bear-*", "hyena-male", "hyena-female" ],
						priority: 1.7,
						seekingRange: 2,
						animation: "walk",
						animationSpeed: 2,
						whenInEmotionState: "fleeondamage",
						animationSpeed: 1,
						movespeed: 0.00065
					},
					{
                        			code: "seekentity",
                       				entityCodes: [ "player" ],
                        			priority: 1.9,
                        			movespeed: 0.00001,
                        			seekingRange: 6,
                        			animation: "call",
                        			animationSpeed: 1.0,
						stopOnNearbyEntityCodes: ["player"],
						stopRange: 2,
                        			whenInEmotionState: "fleeondamage"
                    			},
										{
						code: "getoutofwater",
						priority: 1.4,
						movespeed: 0.00165,
						animation: "walk",
						animationSpeed: 2,
						animationSpeed: 1
					},
					{
						code: "idle",
						priority: 1.3,
						priorityForCancel: 1.35,
						minduration: 200000,
						maxduration: 800000,
						mincooldown: 10000,
						maxcooldown: 30000,
						animation: "sleep",
						animationSpeed: 0.3,
						duringDayTimeFrames: [ { fromHour: 19, toHour: 24 }, { fromHour: 0, toHour: 6 } ],
						stopOnNearbyEntityCodes: ["player"],
						stopRange: 2,
						stopOnHurt: true
					},					
					{
						code: "idle",
						priority: 1.2,
						priorityForCancel: 1.35,
						minduration: 467,
						maxduration: 467,
						mincooldown: 80000,
						maxcooldown: 500000,
						animation: "call",
						animationSpeed: 1
					},
					{
						code: "idle",
						priority: 1.1,
						priorityForCancel: 1.35,
						minduration: 2500,
						maxduration: 2500,
						mincooldown: 6000,
						maxcooldown: 20000,
						animation: "idle",
						animationSpeed: 1
					},
					{
						code: "wander", 
						priority: 1.0, 
						priorityForCancel: 1.35,
						animation: "walk",
						preferredLightLevel: 20,
						animationSpeed: 1,
						movespeed: 0.000505
					},
					{
						code: "idle",
						priority: 0.6,
						priorityForCancel: 1.35,
						minduration: 5000,
						maxduration: 30000,
						mincooldown: 2000,
						maxcooldown: 120000,
						animation: "eat",
						stopOnNearbyEntityCodes: ["player"],
						stopRange: 2					},
					{ 
						code: "lookaround", 
						turnSpeedMul: 0.2,
						priority: 0.5
					}
				]
			},
		],
		spawnconditions: {

				runtime: {
					group: "passive",
					chance: 0.01,
					tryOnlySurface: true,
					spawnCapPlayerScaling: 0.05,
					maxQuantityByGroup: { code: "taricha-*", maxQuantity: 20 },					
					groupSize: { dist: "verynarrowgaussian", avg: 1, var: 0 },
					insideBlockCodes: ["game:air", "game:tallgrass-*", "game:flower-*"],
					minTempByType: {
						"*-granulosa": 4,
						"*-rivularis": 8,
						"*-torosa": 7,
						"*-sierrae": 9,
					},
					maxTempByType: {
						"*-granulosa": 16,
						"*-rivularis": 18,
						"*-torosa": 23,
						"*-sierrae": 20,
					},
					minRainByType: {
						"*-granulosa": 0.75,
						"*-rivularis": 0.8,
						"*-torosa": 0.7,
						"*-sierrae": 0.65,
					},
					maxRainByType: {
						"*-granulosa": 1,
						"*-rivularis": 1,
						"*-torosa": 1,
						"*-sierrae": 0.95,
						
					},
					minYByType: {
						"*-granulosa": 1,
						"*-rivularis": 1.04,
						"*-torosa": 1.01,
						"*-sierrae": 1.1,
		
					},
					maxYByType: {
						"*-granulosa": 1.67,
						"*-rivularis": 1.1,
						"*-torosa": 1.54,
						"*-sierrae": 1.56,

					},
					minShrubsByType: {
						"*-granulosa": 0.2,
						"*-rivularis": 0.25,
						"*-torosa": 0.33,
						"*-sierrae": 0.3,
					},
					maxShrubsByType: {
						"*-granulosa": 0.8,
						"*-rivularis": 0.75,
						"*-torosa": 0.83,
						"*-sierrae": 0.78,	
					},
					minForestByType: {
						"*-granulosa": 0.5,
						"*-rivularis": 0.5,
						"*-torosa": 0.33,
						"*-sierrae": 0.25,
					},
					maxForestByType: {
						"*-granulosa": 1,
						"*-rivularis": 1,
						"*-torosa": 0.83,
						"*-sierrae": 0.75,
					},
					
				}
		}
	},
	
	idleSoundChance: 0,
}

