{
	"editor": {
		"allAngles": false,
		"entityTextureMode": false
	},
	"textureWidth": 16,
	"textureHeight": 16,
	"textureSizes": {
	},
	"textures": {
		"branches": "C:/Users/Owner/AppData/Roaming/Vintagestory/assets/survival/textures/block/plant/berrybush/branches/default",
		"blueberry1": "C:/Users/Owner/AppData/Roaming/Vintagestory/assets/survival/textures/block/plant/berrybush/leaves/blueberry1"
	},
	"elements": [
		{
			"name": "branchesN",
			"from": [ 3.7, 0.0, 8.8 ], 
			"to": [ 13.3, 9.6, 8.8 ], 
			"rotationOrigin": [ 8.5, 4.8, 8.8 ],
			"rotationY": 45.0,
			"faces": {
				"north": { "texture": "#branches", "uv": [ 0.0, 0.0, 16.0, 16.0 ], "autoUv": false },
				"east": { "texture": "#branches", "uv": [ 0.0, 0.0, 0.5, 9.5 ], "enabled": false },
				"south": { "texture": "#branches", "uv": [ 0.0, 0.0, 16.0, 16.0 ], "autoUv": false },
				"west": { "texture": "#branches", "uv": [ 0.0, 0.0, 0.5, 9.5 ], "enabled": false },
				"up": { "texture": "#branches", "uv": [ 0.0, 0.0, 9.5, 0.5 ], "enabled": false },
				"down": { "texture": "#branches", "uv": [ 0.0, 0.0, 9.5, 0.5 ], "enabled": false }
			},
			"children": [
				{
					"name": "branchesS",
					"from": [ -0.0017, 0.0, -0.0017 ], 
					"to": [ 9.5983, 9.6, -0.0017 ], 
					"rotationOrigin": [ 4.8, 4.8, 0.0 ],
					"rotationY": -89.9802127184967,
					"faces": {
						"north": { "texture": "#branches", "uv": [ 0.0, 0.0, 9.5, 9.5 ] },
						"east": { "texture": "#branches", "uv": [ 0.0, 0.0, 0.5, 9.5 ], "enabled": false },
						"south": { "texture": "#branches", "uv": [ 16.0, 0.0, 0.0, 16.0 ], "autoUv": false },
						"west": { "texture": "#branches", "uv": [ 0.0, 0.0, 0.5, 9.5 ], "enabled": false },
						"up": { "texture": "#branches", "uv": [ 0.0, 0.0, 9.5, 0.5 ], "enabled": false },
						"down": { "texture": "#branches", "uv": [ 0.0, 0.0, 9.5, 0.5 ], "enabled": false }
					}
				},
				{
					"name": "Leaves",
					"from": [ 4.86, 0.06, -7.73 ], 
					"to": [ 14.28, 9.48, 1.69 ], 
					"climateColorMap": "climatePlantTint",
					"seasonColorMap": "seasonalFoliage",
					"rotationOrigin": [ 4.8, 0.0, -7.7882 ],
					"rotationY": -45.00000137831748,
					"faces": {
						"north": { "texture": "#blueberry1", "uv": [ 0.0, 0.0, 9.0, 9.0 ] },
						"east": { "texture": "#blueberry1", "uv": [ 0.0, 0.0, 9.0, 9.0 ] },
						"south": { "texture": "#blueberry1", "uv": [ 0.0, 0.0, 9.0, 9.0 ] },
						"west": { "texture": "#blueberry1", "uv": [ 0.0, 0.0, 9.0, 9.0 ] },
						"up": { "texture": "#blueberry1", "uv": [ 0.0, 0.0, 9.0, 9.0 ] },
						"down": { "texture": "#blueberry1", "uv": [ 0.0, 0.0, 9.0, 9.0 ], "enabled": false }
					}
				}
			]
		}
	]}