{
    "GameVersion": "1.19.7",
    "SizeX": 12,
    "SizeY": 13,
    "SizeZ": 20,
    "BlockCodes": {
        "9698": "game:supportbeam-aged",
        "2966": "game:cobblestone-granite",
        "2852": "game:cobblestoneslab-granite-down-free",
        "5107": "game:gravel-granite",
        "9493": "game:agedstonebricks-granite",
        "2339": "game:slantedroofing-brownclay-south-free",
        "2329": "game:slantedroofing-brownclay-east-free",
        "4154": "game:drystone-granite",
        "5122": "game:looseboulders-granite-free",
        "3023": "game:cobblestonestairs-granite-up-east-free",
        "16414": "game:rocktyped-rubble-free",
        "7277": "game:planks-aged-ns",
        "8610": "game:groundstorage",
        "2349": "game:slantedroofing-brownclay-west-free",
        "7355": "game:plankslab-aged-up-free",
        "8109": "game:chest-east",
        "8606": "game:clutter",
        "7290": "game:planks-aged-ud",
        "2319": "game:slantedroofing-brownclay-north-free",
        "7342": "game:plankslab-aged-west-free",
        "7329": "game:plankslab-aged-south-free",
        "9520": "game:door-ruined-rough2",
        "136": "game:multiblock-monolithic-0-p1-0",
        "3118": "game:cobblestonestairs-granite-down-west-free",
        "5535": "game:loosestones-granite-free",
        "3042": "game:cobblestonestairs-granite-down-east-free",
        "3099": "game:cobblestonestairs-granite-up-west-free",
        "9526": "game:door-solid-aged",
        "7303": "game:plankslab-aged-north-free",
        "2985": "game:cobblestonestairs-granite-up-north-free",
        "3061": "game:cobblestonestairs-granite-up-south-free",
        "3080": "game:cobblestonestairs-granite-down-south-free",
        "3004": "game:cobblestonestairs-granite-down-north-free",
        "2814": "game:cobblestoneslab-granite-west-free"
    },
    "ItemCodes": {
        "1462": "game:shingle-burned-brown",
        "270": "game:stackrandomizer-fuel",
        "269": "game:stackrandomizer-ore",
        "272": "game:stackrandomizer-seed",
        "275": "game:stackrandomizer-resource",
        "3638": "game:stackrandomizer-buildingblocks",
        "279": "game:stackrandomizer-gear"
    },
    "Indices": [
        6144,
        13312,
        14336,
        15360,
        16384,
        17408,
        1054720,
        1061888,
        1062912,
        1063936,
        1064960,
        1065984,
        2103296,
        2110464,
        2111488,
        2112512,
        2113536,
        2114560,
        3151872,
        3159040,
        3160064,
        3161088,
        3162112,
        3163136,
        4097,
        5121,
        6145,
        7169,
        8193,
        9217,
        10241,
        11265,
        12289,
        13313,
        14337,
        15361,
        16385,
        17409,
        18433,
        1052673,
        1053697,
        1054721,
        1055745,
        1056769,
        1057793,
        1058817,
        1059841,
        1060865,
        1061889,
        1062913,
        1063937,
        1064961,
        1065985,
        1067009,
        2101249,
        2102273,
        2103297,
        2104321,
        2105345,
        2106369,
        2107393,
        2108417,
        2109441,
        2110465,
        2111489,
        2112513,
        2113537,
        2114561,
        2115585,
        3146753,
        3149825,
        3150849,
        3151873,
        3159041,
        3160065,
        3161089,
        3162113,
        3163137,
        3164161,
        4200449,
        4208641,
        4209665,
        4210689,
        4211713,
        5243905,
        5246977,
        5251073,
        5254145,
        1026,
        2050,
        3074,
        4098,
        5122,
        6146,
        7170,
        8194,
        9218,
        10242,
        11266,
        12290,
        13314,
        14338,
        15362,
        16386,
        17410,
        18434,
        19458,
        1049602,
        1050626,
        1051650,
        1052674,
        1053698,
        1054722,
        1055746,
        1056770,
        1057794,
        1058818,
        1059842,
        1060866,
        1061890,
        1062914,
        1063938,
        1064962,
        1065986,
        1067010,
        1068034,
        2098178,
        2099202,
        2100226,
        2101250,
        2102274,
        2103298,
        2104322,
        2105346,
        2106370,
        2107394,
        2108418,
        2109442,
        2110466,
        2111490,
        2112514,
        2113538,
        2114562,
        2115586,
        2116610,
        3146754,
        3147778,
        3148802,
        3149826,
        3150850,
        3151874,
        3152898,
        3153922,
        3154946,
        3155970,
        3156994,
        3158018,
        3159042,
        3160066,
        3161090,
        3162114,
        3163138,
        3164162,
        3165186,
        4195330,
        4196354,
        4197378,
        4198402,
        4199426,
        4200450,
        4201474,
        4202498,
        4203522,
        4204546,
        4205570,
        4206594,
        4207618,
        4208642,
        4209666,
        4210690,
        4211714,
        4212738,
        5243906,
        5244930,
        5245954,
        5246978,
        5248002,
        5249026,
        5250050,
        5251074,
        5252098,
        5253122,
        5254146,
        5255170,
        5256194,
        5257218,
        5258242,
        5259266,
        5260290,
        6292482,
        6293506,
        6294530,
        6295554,
        6296578,
        6297602,
        6298626,
        6299650,
        6300674,
        6301698,
        6302722,
        6303746,
        6304770,
        6305794,
        6306818,
        6307842,
        7341058,
        7342082,
        7343106,
        7344130,
        7345154,
        7346178,
        7347202,
        7348226,
        7349250,
        7350274,
        7351298,
        7352322,
        7353346,
        7354370,
        7355394,
        8389634,
        8390658,
        8391682,
        8392706,
        8393730,
        8394754,
        8395778,
        8396802,
        8397826,
        8398850,
        8399874,
        8400898,
        8401922,
        8402946,
        9438210,
        9439234,
        9440258,
        9441282,
        9442306,
        9443330,
        9445378,
        9446402,
        9447426,
        9448450,
        9449474,
        9450498,
        10486786,
        10487810,
        10488834,
        10489858,
        10490882,
        10491906,
        10494978,
        10497026,
        10498050,
        1027,
        2051,
        3075,
        4099,
        5123,
        6147,
        7171,
        8195,
        9219,
        10243,
        11267,
        12291,
        13315,
        14339,
        15363,
        16387,
        17411,
        18435,
        19459,
        1049603,
        1050627,
        1051651,
        1052675,
        1053699,
        1054723,
        1055747,
        1056771,
        1057795,
        1058819,
        1059843,
        1060867,
        1061891,
        1062915,
        1063939,
        1064963,
        1065987,
        1067011,
        1068035,
        2098179,
        2099203,
        2100227,
        2101251,
        2102275,
        2103299,
        2104323,
        2105347,
        2106371,
        2107395,
        2108419,
        2109443,
        2110467,
        2111491,
        2112515,
        2113539,
        2114563,
        2115587,
        2116611,
        3146755,
        3148803,
        3149827,
        3150851,
        3151875,
        3152899,
        3153923,
        3155971,
        3156995,
        3158019,
        3159043,
        3160067,
        3161091,
        3162115,
        3163139,
        3164163,
        3165187,
        4195331,
        4201475,
        4205571,
        4206595,
        4207619,
        4208643,
        4209667,
        4210691,
        4211715,
        4212739,
        5243907,
        5254147,
        5256195,
        5257219,
        5258243,
        5259267,
        5260291,
        5261315,
        6292483,
        6293507,
        6294531,
        6295555,
        6296579,
        6300675,
        6301699,
        6302723,
        6305795,
        6306819,
        6307843,
        6308867,
        7341059,
        7342083,
        7350275,
        7351299,
        7354371,
        7356419,
        7357443,
        8389635,
        8399875,
        9438211,
        9448451,
        10486787,
        10497027,
        11535363,
        11536387,
        11537411,
        11545603,
        1028,
        2052,
        3076,
        4100,
        5124,
        6148,
        7172,
        8196,
        9220,
        10244,
        11268,
        12292,
        13316,
        14340,
        15364,
        16388,
        17412,
        18436,
        19460,
        1049604,
        1050628,
        1051652,
        1052676,
        1053700,
        1054724,
        1055748,
        1056772,
        1057796,
        1058820,
        1059844,
        1060868,
        1061892,
        1062916,
        1063940,
        1064964,
        1065988,
        1067012,
        1068036,
        2098180,
        2099204,
        2100228,
        2101252,
        2102276,
        2103300,
        2104324,
        2105348,
        2106372,
        2107396,
        2108420,
        2109444,
        2110468,
        2111492,
        2112516,
        2113540,
        2114564,
        2115588,
        2116612,
        3146756,
        3147780,
        3148804,
        3151876,
        3153924,
        3154948,
        3155972,
        3156996,
        3158020,
        3159044,
        3160068,
        3161092,
        3162116,
        3163140,
        3164164,
        3165188,
        4195332,
        4196356,
        4204548,
        4205572,
        4206596,
        4207620,
        4208644,
        4209668,
        4210692,
        4211716,
        5243908,
        5254148,
        5255172,
        5256196,
        5257220,
        5258244,
        5259268,
        5260292,
        6292484,
        6293508,
        6294532,
        6295556,
        6299652,
        6300676,
        6301700,
        6302724,
        6306820,
        6307844,
        7341060,
        7342084,
        7343108,
        7351300,
        8389636,
        8399876,
        9438212,
        9448452,
        10486788,
        10497028,
        11535364,
        11545604,
        12583940,
        12594180,
        1029,
        2053,
        3077,
        4101,
        5125,
        6149,
        7173,
        8197,
        9221,
        10245,
        11269,
        12293,
        13317,
        14341,
        15365,
        16389,
        17413,
        18437,
        19461,
        1049605,
        1050629,
        1051653,
        1052677,
        1053701,
        1054725,
        1055749,
        1056773,
        1057797,
        1058821,
        1059845,
        1060869,
        1061893,
        1062917,
        1063941,
        1064965,
        1065989,
        1067013,
        1068037,
        2098181,
        2099205,
        2100229,
        2101253,
        2102277,
        2103301,
        2104325,
        2105349,
        2106373,
        2107397,
        2108421,
        2109445,
        2110469,
        2111493,
        2112517,
        2113541,
        2114565,
        2115589,
        2116613,
        3146757,
        3147781,
        3148805,
        3154949,
        3155973,
        3156997,
        3158021,
        3159045,
        3160069,
        3161093,
        3162117,
        3163141,
        3164165,
        4195333,
        4196357,
        4205573,
        4206597,
        4207621,
        4208645,
        4209669,
        4210693,
        4211717,
        5243909,
        5254149,
        5257221,
        5258245,
        5259269,
        5260293,
        6292485,
        6293509,
        6297605,
        6298629,
        6299653,
        6300677,
        6301701,
        6302725,
        7341061,
        7346181,
        7350277,
        7351301,
        8389637,
        8399877,
        9438213,
        9448453,
        10486789,
        10497029,
        11535365,
        11545605,
        12583941,
        1030,
        2054,
        3078,
        4102,
        5126,
        6150,
        7174,
        8198,
        9222,
        10246,
        11270,
        12294,
        13318,
        14342,
        15366,
        16390,
        17414,
        18438,
        19462,
        1049606,
        1050630,
        1051654,
        1052678,
        1053702,
        1054726,
        1055750,
        1056774,
        1057798,
        1058822,
        1059846,
        1060870,
        1061894,
        1062918,
        1063942,
        1064966,
        1065990,
        1067014,
        1068038,
        2098182,
        2099206,
        2100230,
        2101254,
        2102278,
        2103302,
        2104326,
        2105350,
        2106374,
        2107398,
        2108422,
        2109446,
        2110470,
        2111494,
        2112518,
        2113542,
        2114566,
        2115590,
        2116614,
        3146758,
        3147782,
        3148806,
        3149830,
        3150854,
        3153926,
        3155974,
        3156998,
        3158022,
        3159046,
        3160070,
        3161094,
        3162118,
        3163142,
        3164166,
        3165190,
        4195334,
        4196358,
        4197382,
        4205574,
        4206598,
        4207622,
        4208646,
        4209670,
        4210694,
        4211718,
        4212742,
        5243910,
        5254150,
        5255174,
        5256198,
        5257222,
        5258246,
        5259270,
        6292486,
        6293510,
        6296582,
        6297606,
        6298630,
        6299654,
        6300678,
        6301702,
        6302726,
        6303750,
        6304774,
        6305798,
        7341062,
        7346182,
        7347206,
        7351302,
        7352326,
        8389638,
        8399878,
        8400902,
        9438214,
        10486790,
        11535366,
        1031,
        2055,
        3079,
        4103,
        5127,
        6151,
        7175,
        8199,
        9223,
        10247,
        11271,
        12295,
        13319,
        14343,
        15367,
        16391,
        17415,
        18439,
        19463,
        1049607,
        1050631,
        1051655,
        1052679,
        1053703,
        1054727,
        1055751,
        1056775,
        1057799,
        1058823,
        1059847,
        1060871,
        1061895,
        1062919,
        1063943,
        1064967,
        1065991,
        1067015,
        1068039,
        2098183,
        2099207,
        2100231,
        2101255,
        2102279,
        2103303,
        2104327,
        2105351,
        2106375,
        2107399,
        2108423,
        2109447,
        2110471,
        2111495,
        2112519,
        2113543,
        2114567,
        2115591,
        2116615,
        3145735,
        3146759,
        3147783,
        3148807,
        3149831,
        3150855,
        3151879,
        3152903,
        3153927,
        3154951,
        3155975,
        3156999,
        3158023,
        3159047,
        3160071,
        3161095,
        3162119,
        3163143,
        3164167,
        3165191,
        4195335,
        4196359,
        4197383,
        4198407,
        4199431,
        4200455,
        4201479,
        4202503,
        4203527,
        4204551,
        4205575,
        4206599,
        4207623,
        4208647,
        4210695,
        4211719,
        5242887,
        5243911,
        5244935,
        5245959,
        5246983,
        5248007,
        5249031,
        5250055,
        5251079,
        5252103,
        5253127,
        5254151,
        5255175,
        5256199,
        6292487,
        6294535,
        6295559,
        6296583,
        6297607,
        6298631,
        6299655,
        6300679,
        6301703,
        6302727,
        6303751,
        7341063,
        7344135,
        7345159,
        7346183,
        7347207,
        7348231,
        7349255,
        7350279,
        7351303,
        8389639,
        8393735,
        8394759,
        8397831,
        8398855,
        9438215,
        9442311,
        9445383,
        9446407,
        9447431,
        10486791,
        10494983,
        10496007,
        8,
        1032,
        2056,
        3080,
        4104,
        5128,
        6152,
        7176,
        8200,
        9224,
        10248,
        11272,
        12296,
        13320,
        14344,
        15368,
        16392,
        17416,
        18440,
        19464,
        1048584,
        1049608,
        1050632,
        1051656,
        1052680,
        1053704,
        1054728,
        1055752,
        1056776,
        1057800,
        1058824,
        1059848,
        1060872,
        1061896,
        1062920,
        1063944,
        1064968,
        1065992,
        1067016,
        1068040,
        2097160,
        2098184,
        2099208,
        2100232,
        2101256,
        2102280,
        2103304,
        2104328,
        2105352,
        2106376,
        2107400,
        2108424,
        2109448,
        2110472,
        2111496,
        2112520,
        2113544,
        2114568,
        2115592,
        2116616,
        3145736,
        3146760,
        3147784,
        3148808,
        3149832,
        3150856,
        3152904,
        3154952,
        3155976,
        3157000,
        3158024,
        3159048,
        3160072,
        3161096,
        3162120,
        3163144,
        3164168,
        4196360,
        4197384,
        4198408,
        4203528,
        4204552,
        4205576,
        4206600,
        4207624,
        4212744,
        5243912,
        5250056,
        5254152,
        5255176,
        6292488,
        9,
        1033,
        2057,
        3081,
        4105,
        5129,
        6153,
        7177,
        8201,
        9225,
        10249,
        11273,
        12297,
        13321,
        14345,
        15369,
        16393,
        17417,
        18441,
        1048585,
        1049609,
        1050633,
        1051657,
        1052681,
        1053705,
        1054729,
        1055753,
        1056777,
        1057801,
        1058825,
        1059849,
        1060873,
        1061897,
        1062921,
        1063945,
        1064969,
        1065993,
        1067017,
        2097161,
        2098185,
        2099209,
        2100233,
        2101257,
        2102281,
        2103305,
        2104329,
        2105353,
        2106377,
        2107401,
        2108425,
        2109449,
        2110473,
        2111497,
        2112521,
        2113545,
        2114569,
        2115593,
        3145737,
        3146761,
        3147785,
        3148809,
        3149833,
        3150857,
        3152905,
        3155977,
        3157001,
        3158025,
        3159049,
        3160073,
        3161097,
        3162121,
        3163145,
        4196361,
        4205577,
        4206601,
        10,
        1034,
        2058,
        3082,
        4106,
        5130,
        6154,
        7178,
        8202,
        9226,
        10250,
        11274,
        12298,
        13322,
        14346,
        15370,
        16394,
        17418,
        18442,
        1048586,
        1049610,
        1050634,
        1051658,
        1052682,
        1053706,
        1054730,
        1055754,
        1056778,
        1057802,
        1058826,
        1059850,
        1060874,
        1061898,
        1062922,
        1063946,
        1064970,
        1065994,
        1067018,
        2097162,
        2098186,
        2099210,
        2100234,
        2101258,
        2102282,
        2103306,
        2104330,
        2105354,
        2106378,
        2107402,
        2108426,
        2109450,
        2110474,
        2111498,
        2112522,
        2113546,
        2114570,
        2115594,
        3146762,
        3147786,
        3148810,
        3153930,
        3154954,
        3157002,
        3158026,
        3159050,
        3160074,
        3161098,
        3162122,
        3163146,
        3164170,
        4206602,
        4210698,
        2059,
        3083,
        10251,
        15371,
        16395,
        17419,
        1050635,
        1051659,
        1058827,
        1063947,
        1064971,
        1065995,
        2099211,
        2100235,
        2107403,
        2112523,
        2113547,
        2114571,
        3148811,
        3157003,
        3163147
    ],
    "BlockIds": [
        2966,
        2966,
        2966,
        2966,
        2966,
        2966,
        2966,
        2966,
        2966,
        2966,
        2966,
        2966,
        2966,
        2966,
        2966,
        2966,
        2966,
        2966,
        2852,
        2852,
        5107,
        5107,
        9493,
        5107,
        2966,
        2966,
        2966,
        2966,
        2966,
        2966,
        2966,
        2966,
        2966,
        2966,
        2966,
        2966,
        2966,
        2966,
        2966,
        2966,
        2966,
        2966,
        2966,
        2966,
        2966,
        2966,
        2966,
        2966,
        2966,
        2966,
        2966,
        2966,
        2966,
        2966,
        2966,
        2966,
        2966,
        2966,
        2966,
        2966,
        2966,
        2966,
        2966,
        2966,
        2966,
        2966,
        2966,
        2966,
        2966,
        9698,
        2339,
        2852,
        5107,
        5107,
        5107,
        5107,
        5107,
        2966,
        2966,
        2329,
        2852,
        5107,
        5107,
        2852,
        9698,
        9698,
        9698,
        9698,
        2966,
        2966,
        2966,
        2966,
        2966,
        2966,
        2966,
        2966,
        2966,
        2966,
        2966,
        2966,
        2966,
        2966,
        2966,
        2966,
        2966,
        2966,
        2966,
        2966,
        2966,
        2966,
        2966,
        2966,
        2966,
        2966,
        2966,
        2966,
        2966,
        2966,
        2966,
        2966,
        2966,
        2966,
        2966,
        2966,
        2966,
        2966,
        2966,
        2966,
        2966,
        2966,
        2966,
        2966,
        2966,
        2966,
        2966,
        2966,
        2966,
        2966,
        2966,
        2966,
        2966,
        2966,
        2966,
        2966,
        2966,
        4154,
        9493,
        9493,
        2966,
        4154,
        2966,
        2966,
        4154,
        9493,
        4154,
        9493,
        9493,
        9493,
        2966,
        9493,
        2966,
        2966,
        2966,
        2966,
        9493,
        4154,
        2852,
        9493,
        2852,
        9493,
        2852,
        2966,
        2852,
        9493,
        9493,
        4154,
        2852,
        4154,
        5107,
        4154,
        9493,
        5107,
        9493,
        9493,
        2966,
        2966,
        9493,
        9493,
        9493,
        2966,
        4154,
        9493,
        9493,
        4154,
        2966,
        4154,
        4154,
        2966,
        2852,
        9493,
        4154,
        4154,
        2966,
        4154,
        9493,
        4154,
        2966,
        4154,
        2966,
        9493,
        4154,
        2966,
        9493,
        4154,
        2966,
        2966,
        4154,
        2966,
        4154,
        9493,
        2966,
        9493,
        2966,
        9493,
        2966,
        2966,
        4154,
        2966,
        2966,
        9493,
        4154,
        2966,
        2852,
        9493,
        2852,
        2966,
        2852,
        9493,
        2852,
        2966,
        9493,
        2966,
        2966,
        5122,
        9493,
        2966,
        4154,
        2966,
        9493,
        4154,
        2329,
        2966,
        9493,
        9493,
        4154,
        9493,
        3023,
        2329,
        2329,
        2329,
        2329,
        5122,
        16414,
        3023,
        16414,
        2966,
        7277,
        7277,
        2966,
        2966,
        2966,
        7277,
        7277,
        7277,
        2966,
        2966,
        7277,
        7277,
        2966,
        7277,
        7277,
        2966,
        2966,
        2966,
        2966,
        7277,
        7277,
        2966,
        2966,
        2966,
        7277,
        7277,
        7277,
        2966,
        2966,
        7277,
        7277,
        2966,
        7277,
        7277,
        2966,
        2966,
        2966,
        2966,
        7277,
        7277,
        2966,
        2966,
        2966,
        7277,
        7277,
        7277,
        2966,
        2966,
        7277,
        7277,
        2966,
        7277,
        7277,
        2966,
        2966,
        2966,
        4154,
        5122,
        8610,
        2349,
        2852,
        5107,
        9493,
        16414,
        4154,
        2966,
        9493,
        2966,
        5107,
        5107,
        2966,
        5107,
        5107,
        9493,
        2852,
        9493,
        4154,
        9493,
        5107,
        5107,
        5107,
        9493,
        2852,
        4154,
        9493,
        5107,
        5107,
        5107,
        2966,
        4154,
        9698,
        2966,
        7355,
        7355,
        7355,
        7355,
        7355,
        7355,
        2966,
        5107,
        5107,
        2966,
        4154,
        4154,
        8109,
        8606,
        9493,
        16414,
        5122,
        2966,
        9493,
        4154,
        9493,
        2966,
        4154,
        4154,
        3023,
        2329,
        2329,
        3023,
        2966,
        2966,
        7277,
        2966,
        7277,
        7277,
        2966,
        7290,
        7290,
        7277,
        7277,
        7277,
        2966,
        7277,
        7277,
        2966,
        2966,
        2966,
        2966,
        2966,
        2966,
        7277,
        2966,
        7277,
        7277,
        2966,
        7290,
        7290,
        7277,
        7277,
        7277,
        2966,
        7277,
        7277,
        2966,
        2966,
        2966,
        2966,
        2966,
        2966,
        7277,
        2966,
        7277,
        7277,
        2966,
        7290,
        7290,
        7277,
        7277,
        7277,
        2966,
        7277,
        7277,
        2966,
        2966,
        2966,
        2966,
        9493,
        2966,
        2319,
        5107,
        5122,
        5107,
        5107,
        5107,
        2966,
        2966,
        2966,
        5107,
        5107,
        9493,
        4154,
        5107,
        2966,
        16414,
        5107,
        5107,
        5107,
        5107,
        2966,
        5107,
        5107,
        2852,
        4154,
        9493,
        2966,
        2852,
        5107,
        5107,
        5107,
        4154,
        9493,
        7355,
        7355,
        7342,
        7329,
        7355,
        7355,
        2966,
        16414,
        2852,
        9493,
        8610,
        8606,
        9520,
        4154,
        136,
        2966,
        4154,
        2966,
        2966,
        3118,
        9493,
        3023,
        5122,
        2966,
        2966,
        7290,
        7277,
        7277,
        2966,
        7277,
        7277,
        2966,
        2966,
        2966,
        7277,
        7277,
        2966,
        7277,
        7277,
        2966,
        2966,
        2966,
        2966,
        2966,
        7290,
        7277,
        7277,
        2966,
        7277,
        7277,
        2966,
        2966,
        2966,
        7277,
        7277,
        2966,
        7277,
        7277,
        2966,
        2966,
        2966,
        2966,
        2966,
        7290,
        7277,
        7277,
        2966,
        7277,
        7277,
        2966,
        2966,
        2966,
        7277,
        7277,
        2966,
        7277,
        7277,
        2966,
        2966,
        2966,
        9493,
        5107,
        4154,
        5535,
        5107,
        2966,
        2966,
        5107,
        5107,
        5107,
        5107,
        4154,
        2966,
        2966,
        8610,
        9493,
        5107,
        5107,
        4154,
        4154,
        5107,
        2966,
        9493,
        9493,
        2966,
        9493,
        2966,
        5107,
        4154,
        7355,
        7329,
        7355,
        7355,
        7355,
        7355,
        9493,
        2966,
        2329,
        8606,
        9493,
        2966,
        9493,
        2966,
        2966,
        4154,
        2966,
        3042,
        5535,
        3099,
        2966,
        7277,
        7277,
        7277,
        7290,
        7290,
        7277,
        2966,
        7277,
        7277,
        2966,
        2966,
        2966,
        9493,
        2966,
        2966,
        2966,
        2966,
        2966,
        2966,
        7277,
        7277,
        7277,
        7290,
        7290,
        7277,
        2966,
        7277,
        7277,
        2966,
        2966,
        2966,
        9493,
        2966,
        2966,
        2966,
        2966,
        2966,
        2966,
        7277,
        7277,
        7277,
        7290,
        7290,
        7277,
        2966,
        7277,
        7277,
        2966,
        2966,
        2966,
        9493,
        2966,
        2966,
        2966,
        2966,
        2966,
        2966,
        5107,
        5107,
        5107,
        5122,
        5122,
        8109,
        2966,
        9493,
        2966,
        9526,
        9493,
        2966,
        9493,
        5107,
        5107,
        2966,
        4154,
        16414,
        4154,
        9493,
        2966,
        136,
        2966,
        5107,
        9493,
        2852,
        9493,
        9493,
        2966,
        4154,
        9493,
        5122,
        2852,
        2966,
        7303,
        7355,
        7355,
        7355,
        7355,
        7355,
        7355,
        2966,
        9493,
        2966,
        5122,
        2966,
        8606,
        16414,
        2966,
        9493,
        2966,
        16414,
        5122,
        9493,
        9493,
        3099,
        2966,
        2966,
        2966,
        2966,
        2966,
        2966,
        2966,
        2966,
        2966,
        2966,
        2966,
        2966,
        7277,
        2966,
        7277,
        7277,
        2966,
        2966,
        2966,
        2966,
        2966,
        2966,
        2966,
        2966,
        2966,
        2966,
        2966,
        2966,
        2966,
        2966,
        2966,
        7277,
        2966,
        7277,
        7277,
        2966,
        2966,
        2966,
        2966,
        2966,
        2966,
        2966,
        2966,
        2966,
        2966,
        2966,
        2966,
        2966,
        2966,
        2966,
        7277,
        2966,
        7277,
        7277,
        2966,
        2966,
        2966,
        9698,
        2966,
        4154,
        2966,
        4154,
        4154,
        9493,
        4154,
        2966,
        9493,
        9493,
        2966,
        2966,
        5107,
        5107,
        5107,
        5107,
        5107,
        5107,
        5107,
        2966,
        2985,
        3061,
        9493,
        2985,
        3061,
        2966,
        2985,
        3061,
        4154,
        9493,
        5107,
        5107,
        5107,
        4154,
        2966,
        9698,
        9493,
        2852,
        3080,
        4154,
        3004,
        3080,
        9493,
        3004,
        3080,
        2966,
        2966,
        5107,
        5107,
        9493,
        2329,
        9493,
        4154,
        2966,
        9493,
        2966,
        4154,
        9493,
        4154,
        16414,
        4154,
        2852,
        9493,
        2966,
        2852,
        2852,
        4154,
        9493,
        4154,
        9493,
        9493,
        2966,
        2966,
        2966,
        4154,
        5122,
        3080,
        4154,
        2966,
        3099,
        5535,
        5122,
        2966,
        2966,
        2966,
        2966,
        2966,
        2966,
        2966,
        2966,
        2966,
        2966,
        2966,
        2966,
        7277,
        2966,
        7277,
        2966,
        7277,
        2966,
        2966,
        2966,
        2966,
        2966,
        2966,
        2966,
        2966,
        2966,
        2966,
        2966,
        2966,
        2966,
        2966,
        2966,
        7277,
        2966,
        7277,
        2966,
        7277,
        2966,
        2966,
        2966,
        2966,
        2966,
        2966,
        2966,
        2966,
        2966,
        2966,
        2966,
        2966,
        2966,
        2966,
        2966,
        7277,
        2966,
        7277,
        2966,
        7277,
        2966,
        2966,
        2966,
        4154,
        2966,
        2966,
        5107,
        5107,
        5107,
        9698,
        5107,
        5107,
        2966,
        5107,
        2966,
        2966,
        4154,
        2966,
        5107,
        2852,
        5107,
        9493,
        2966,
        2852,
        5107,
        4154,
        5107,
        5107,
        5107,
        9698,
        9698,
        5107,
        5122,
        9698,
        2966,
        2966,
        2966,
        2966,
        2966,
        2966,
        2966,
        2966,
        2966,
        2966,
        2966,
        2966,
        7277,
        7277,
        2966,
        2966,
        7277,
        2966,
        2966,
        2966,
        2966,
        2966,
        2966,
        2966,
        2966,
        2966,
        2966,
        2966,
        2966,
        2966,
        2966,
        7277,
        7277,
        2966,
        2966,
        7277,
        2966,
        2966,
        2966,
        2966,
        2966,
        2966,
        2966,
        2966,
        2966,
        2966,
        2966,
        2966,
        2966,
        2966,
        7277,
        7277,
        2966,
        2966,
        7277,
        2966,
        2966,
        2852,
        5107,
        5107,
        5107,
        5107,
        2852,
        2814,
        2852,
        2966,
        5107,
        5107,
        5107,
        5107,
        5107,
        5107,
        2966,
        2852,
        5107,
        2966,
        2966,
        2966,
        2966,
        2966,
        2966,
        2966,
        2966,
        2966,
        2966,
        2966,
        2966,
        2966,
        2966,
        2966,
        4154,
        2966,
        2966,
        2966,
        2966,
        2966,
        2966,
        2966,
        2966,
        2966,
        2966,
        2966,
        2966,
        2966,
        2966,
        2966,
        2966,
        2966,
        2966,
        4154,
        2966,
        2966,
        2966,
        2966,
        2966,
        2966,
        2966,
        2966,
        2966,
        2966,
        2966,
        2966,
        2966,
        2966,
        2966,
        2966,
        2966,
        2966,
        4154,
        2966,
        2966,
        2966,
        2852,
        5107,
        2966,
        2852,
        9698,
        2966,
        2966,
        9493,
        5107,
        5107,
        4154,
        2966,
        9698,
        9698,
        9493,
        2966,
        2966,
        2966,
        2966,
        2966,
        2966,
        2966,
        2966,
        2966,
        2966,
        2966,
        2966,
        2966,
        2966,
        2966,
        2966,
        2966,
        2966,
        2852,
        9698,
        9698
    ],
    "DecorIndices": [],
    "DecorIds": [],
    "BlockEntities": {
        "3146753": "!<d@[F*O>&#64c-E,TfCD?'Y:!<d@[F*c<_#64o6@VfsmCI<#NAIrp*E,]`9FCJfiD(T1/ARl&M@V&tbEuG#c(^^EU!!%O6&df'J!.[9K!!#8L(ue12!rr",
        "5243905": "!<d@[F*O>&#64c-E,TfCDu]k<!<d@[F*c<_#64o6@VfsmCI<#NAIrp*E,]`9FCJfiD(T1/ARl&M@V&tbF!L_m+pnYd!!%O6'`\\5a58\"J9rVq@3(&e/^590_(?pGRg9-=<:",
        "5246977": "!<d@[F*O>&#64c-E,TfCDu]k<!<d@[F*cEb#64o6@VfsmCI<#NAIrp*E,]`9FCJfiD(T1/ARl&M@V&tbF&DuF-OL@n!!%O6'`\\5a590_(!'_),%0-BY58=.u!5KWLs8P8\"i_(Br$7?/k%0-BY58=.uJ3P%S!!#4r%h8L;Im4\\Hs*m6R!!&*G(ue12!rr",
        "5251073": "!<d@[F*O>&#64c-E,TfCDu]k<!<d@[F*cQf#64o6@VfsmCI<#NAIrp*E,]`9FCJfiD(T1/ARl&M@V&tbF\"%(r-OL@n!!%O6'`\\5a590_(!'_),%0-BY58=.u!5KWLs8P8\"i_(Br!!",
        "5254145": "!<d@[F*O>&#64c-E,TfCDu]k<!<d@[F*cZi#64o6@VfsmCI<#NAIrp*E,]`9FCJfiD(T1/ARl&M@V&tbF\"%(r-OL@n!!%O6'`\\5a590_(!'_),%0-BY58=.u!5KWLs8P8\"i_(Br!!",
        "10494978": "!<d@[F*OA'#64c-E,TfCFT;CA!<d@[F*cTg#64o6@VfsmCI<#NAJK6(@r$13E+NQ3Ecki#Ch521Eb/ec\"E\\p.AJT</@Ua.b/R`^6Cgh?>/SB*4DJ=3(\":&scFCB9&=9&=$!!EUFATMNNDJ*csgCHlj\":&scFCB9&=o\\O&!!rsADes6$@ru9m!!E[MAT2'lE`7'gFCbFP!!!!",
        "10498050": "!<d@[F*OA'#64c-E,TfCFT;CA!<d@[F*c]j#64o6@VfsmCI<#NAJK6(@r$13E+NQ3Ecki#Ch521Eb/ec\"E\\p.AJT</@Ua.b/R`^6Cgh??/SB*4DJ=3(\":&scFCB9&=9&=$!!EUFATMNNDJ*csgCME?\":&scFCB9&=o\\O&!!rsADes6$@ru9m!!E[MAT2'lE`7'gFCbFP!!!!",
        "3149827": "!<d@[F*OD(#64c-E,TfCD?'Y:!<d@[F*cEb#64o6@VfsmCI<#NAIW9mDfor.F*)>@@:s-U$#+:#ASuU.Ed7ZiEH>r7FE7Qb!!!3,F)5c:EsD_\"!!*'\"!4E%2!#Yb:!!WgQASlBtEaa'4Eb,=fFCf<.ATD4$F`M%e@<6NjE+EC!A[DL=!<:8C5m.R;ASlBtEaa'4Eb,4Nz!!!<;AoD^\"AQ*\\hEa`Tl:i^JnErZ=LD.Rd%6#L=OA_Ra;562+\"FECr$BLZE?AH2]1!!!",
        "3155971": "!<d@[F*OD(#64c-E,TfCD?'Y:!<d@[F*cWh#64o6@VfsmCI<#NAJK6(@r$13E+NQ3Ecki#Ch521Eb/ec\"E\\p.AJT</@Ua.b/R`^6Cgh?>/SB*4DJ=3(\":&scFCB9&=9&=$!!EUFATMNNDJ*csi9`0_\":&scFCB9&=o\\O&!!rsADes6$@ru9m!!E[MAT2'lE`7'gFCbFP!!!!",
        "5261315": "!<d@[F*OD(#64c-E,TfCDu]k<!<d@[F*cop#64o6@VfsmCI<#NAIrp*E,]`9FCJfiD(T1/ARl&M@V&tbEutAh*=;rb!!!#6&e>EO!,t1<!rr>9*<6()58`BQ+9VZ",
        "7342083": "!<d@[F*OD(#64c-E,TfCEW?(>!<d@[F*c?`#64o6@VfsmCI<#NAI;p\\ATMrFARTY%\"po!]G%GQ5DfU+(#'\"^#Dfg%+!!!!'\"`nKuFE7Zf0E;+R!!!K0!!!$\"!!!-0FDl80CdVlEDI[5X!!#4`#6?OZ!<<*\"%KQP0!<<*\"\":K<iFCAuQBOPdgAH2]156(oh1&q=T!!!H/!!!$\"!!!-0FDl80CdVlEDI[7qor(%S#6?X]!<<*\"%06G/!<<*\"\":K<iFCAuQBOPdgA]+2>4obfg2#mXW!!!K0!!!$\"!!!-0FDl80CdVlEDI[5X!!#4`#6?^_!<<*\"%KQP0!<<*\"\":K<iFCAuQBOPdgAH2]156(oh2ZNjY!!!H/!!!$\"!!!-0FDl80CdVlEDI[7qor(%S!!!02AoD]VCi<g!6Z6LH$=da\\F*'!F@<6Mo\"E\\p.AI;pcCi!O!F(Jl:\":8pVF(djWB5D/6&'7!8",
        "7350275": "!<d@[F*OD(#64c-E,TfCEW?(>!<d@[F*cWh#64o6@VfsmCI<#NAHu^]F`__:EWlSfH#R=#@WGn'Bk;<A\":&scFCB9&=9&=$!!EUFATMNNDJ*csi9`0_\":&scFCB9&=o\\O&!!rsADes6$@ru9m!!E[MAT2'lE`7'gFCbFP!!!!",
        "7354371": "!<d@[F*OD(#64c-E,TfCEW?(>!<d@[F*ccl#64o6@VfsmCI<#NAJK6(@r$13E+NQ3Ecki#Ch521Eb/ec\"E\\p.AJT</@Ua.b/R`^6Cgh??/SB*4DJ=3(\":&scFCB9&=9&=$!!EUFATMNNDJ*csgCHk?\":&scFCB9&=o\\O&!!rsADes6$@ru9m!!E[MAT2'lE`7'gFCbFP!!!!",
        "4196356": "!<d@[F*OG)#64c-E,TfCDZBb;!<d@[F*c?`#64o6@VfsmCI<#NAJK6(@r$13E+NQ3Ecki#Ch521Eb/ec\"E\\p.AJT</@Ua.b/R`^6Cgh?@/SB*4DJ=3(\":&scFCB9&=9&=$!!EUFATMNNDJ*csgCHk?\":&scFCB9&=o\\O&!!rsADes6$@ru9m!!E[MAT2'lE`7'gFCbFP!!!!",
        "6306820": "!<d@[F*OG)#64c-E,TfCE<#t=!<d@[F*cfm#64o6@VfsmCI<#NAJK6(@r$13E+NQ3Ecki#Ch521Eb/ec\"E\\p.AJT</@Ua.b/R`^6Cgh?>/SB*4DJ=3(\":&scFCB9&=9&=$!!EUFATMNNDJ*csgCHk?\":&scFCB9&=o\\O&!!rsADes6$@ru9m!!E[MAT2'lE`7'gFCbFP!!!!",
        "7342084": "!<d@[F*OG)#64c-E,TfCEW?(>!<d@[F*c?`#64o6@VfsmCI<#NAIW9mDfor.F*)>@@:s-U$#+:#ASuU.Ed7ZiEH>r7FE7Qb!!!3,F)5c:EsD_\"!!*'\"!4E%2!##>4!!WgQASlBtEaa'4Eb,=fFCf<.ATD4$F`M%e@<6NjE+EC!A[DL=!<:8C5m.R;ASlBtEaa'4Eb,4Nz!!!<;AoD^\"AQ*\\hEa`Tl:i^JnErZ=LD.Rd%6#L=OAH2]1!!*F8FECr$BLZE?AH2]1!!!",
        "7343108": "!<d@[F*OG)#64c-E,TfCEW?(>!<d@[F*cBa#64o6@VfsmCI<#NAHu^]F`__:EWlSfH#R=*@V'('@V'(%Ecl)6ARmY$#BFa)@<?'_z\":8pVF(djWB5D/?bEb?q#BFa)@<?'az#mk*[Ci!ZmFCet_\":K6]E+*I$;flGiAH2]1!!!",
        "7351300": "!<d@[F*OG)#64c-E,TfCEW?(>!<d@[F*cZi#64o6@VfsmCI<#NAJ/NlDfRFMF_P`)A1_h?F_>AC\":B0fFCB9&=]/[=z#mP<eASu'i!!s*KDK]T3F@]hXA8Ggu!!!",
        "4196357": "!<d@[F*OJ*#64c-E,TfCDZBb;!<d@[F*c?`#64o6@VfsmCI<#NAIW9mDfor.F*)>@@:s-U$#+:#ASuU.Ed7ZiEH>r7FE7Qb!!!3,F)5c:EsD_\"!!*'\"!4E%2!##>4!!WgQASlBtEaa'4Eb,=fFCf<.ATD4$F`M%e@<6NjE+EC!A[DL=!<:8C5m.R;ASlBtEaa'4Eb,4Nz!!!<;AoD^\"AQ*\\hEa`Tl:i^JnErZ=LD.Rd%6#L=OAH2]1!!*F8FECr$BLZE?AH2]1!!!",
        "7350277": "!<d@[F*OJ*#64c-E,TfCEW?(>!<d@[F*cWh#64o6@VfsmCI<#NAHu^]F`__:EWlSfH#R=*@V'('@V'(%Ecl)6ARmY$#BFa)@<?'_z\":8pVF(djWB5D/-;u=<4#BFa)@<?'az#mk*[Ci!ZmFCet_\":K6]E+*I$;flGiAH2]1!!!",
        "3155974": "!<d@[F*OM+#64c-E,TfCD?'Y:!<d@[F*cWh#64o6@VfsmCI<#NAI;p\\ATMrFARTY%\"po!]G%GQ5DfU+(#'\"^#Dfg%+!!!!'\"`nKuFE7Zf0E;+R!!!Q2!!!$\"!!!-0FDl80CdVlEDI[8&bY12##6?OZ!<<*\"'*/(5!<<*\"\":K<iFCAuQBOPdgA^/Fm4obfg1&q=T!!!Z5!!!$\"!!!-0FDl80CdVlEDI[8&bY12##6?U\\!<<*\"2@]]e!<<*\"\":K<iFCAuQBOPdgAH2]156(oh1]ROV!!!Q2!!!$\"!!!-0FDl80CdVlEDI[8&bY12##6?[^!<<*\"2@]]e!<<*\"\":K<iFCAuQBOPdgAH2]156(oh2?3aX!!!Q2!!!$\"!!!-0FDl80CdVlEDI[8&bY12##6?a`!<<*\"(BFL9!<<*\"\":K<iFCAuQBOPdgA]+2>4obQ_\"Uo!]E^FS\\@r\"GMA7Z*XBOu7,/S/@3F9MehH#R=%@rH1\"@;p:!A2+2nD.Rd%6#L=OA`2r/^]4",
        "3160070": "!<d@[F*OM+#64c-E,TfCD?'Y:!<d@[F*ccl#64o6@VfsmCI<#NAIi<iDfRFNDes,u/R`:'A-<6[DffE0AQ_o>AD7X:57%O4E+NouA,loFBl8**Ecai\\DIdQpErZ1",
        "4197382": "!<d@[F*OM+#64c-E,TfCDZBb;!<d@[F*cBa#64o6@VfsmCI<#NAJK6(@r$13E+NQ3Ecki#Ch521Eb/ec\"E\\p.AJT</@Ua.b/R`^6Cgh?=/SB*4DJ=3(\":&scFCB9&=9&=$!!EUFATMNNDJ*csjNEk(\":&scFCB9&=o\\O&!!rsADes6$@ru9m!!E[MAT2'lE`7'gFCbFP!!!!",
        "7346182": "!<d@[F*OM+#64c-E,TfCEW?(>!<d@[F*cKd#64o6@VfsmCI<#NAHu^]F`__:EWlSfH#R=0@V'('@V'(%F*)G2G:dlMDJ*cs1'@i&DffE0AQSp4!!!-.D.Rd%6#L=OA_Ra;^B=d^DffE0AQf'6!!!<3@rH1\"ARfgnA,l`?Eb02uBl[-o@<?&\\z",
        "7347206": "!<d@[F*OM+#64c-E,TfCEW?(>!<d@[F*cNe#64o6@VfsmCI<#NAJK6(@r$13E+NQ3Ecki#Ch521Eb/ec\"E\\p.AJT</@Ua.b/R`^6Cgh?@/SB*4DJ=3(\":&scFCB9&=9&=$!!EUFATMNNDJ*csz\":&scFCB9&=o\\O&!!rsADes6$@ru9m!!E[MAT2'lE`7'gFCbFP!!!!",
        "8399878": "!<d@[F*OM+#64c-E,TfCErZ1?!<d@[F*cZi#64o6@VfsmCI<#NAJK6(@r$13E+NQ3Ecki#Ch521Eb/ec\"E\\p.AJT</@Ua.b/R`^6Cgh??/SB*4DJ=3(\":&scFCB9&=9&=$!!EUFATMNNDJ*csgCMCi\":&scFCB9&=o\\O&!!rsADes6$@ru9m!!E[MAT2'lE`7'gFCbFP!!!!",
        "3145735": "!<d@[F*OP,#64c-E,TfCD?'Y:!<d@[F*c9^#64o6@VfsmCI<#NAIrp*E,]`9FCJfiD(T1/ARl&M@V&tbF!:Sk+:8Gb!!%O6*<6(i58\"J9!!&\\-('\":u5TKt-J3On19)n",
        "5242887": "!<d@[F*OP,#64c-E,TfCDu]k<!<d@[F*c9^#64o6@VfsmCI<#NAIrp*E,]`9FCJfiD(T1/ARl&M@V&tbF%u]B,mk.l!!%O6'`\\5a590_(J3OYW%0-C$^_QeIIm4qV!.[9Ni_'V)$4dRG!.[9K!!%O6*<6(i58\"J9s8SG$'a+Np^E!FWJ3On19)n",
        "6303751": "!<d@[F*OP,#64c-E,TfCE<#t=!<d@[F*c]j#64o6@VfsmCI<#NAJK6(@r$13E+NQ3Ecki#Ch521Eb/ec\"E\\p.AJT</@Ua.b/R`^6Cgh?=/SB*4DJ=3(\":&scFCB9&=9&=$!!EUFATMNNDJ*csgCHk?\":&scFCB9&=o\\O&!!rsADes6$@ru9m!!E[MAT2'lE`7'gFCbFP!!!!",
        "3152904": "!<d@[F*OS-#64c-E,TfCD?'Y:!<d@[F*cNe#64o6@VfsmCI<#NAIrp*E,]`9FCJfiD(T1/ARl&M@V&tbEuG#c(^^Ee!!!!`&df?R!&-YY!!!!`(ue12!<<",
        "5243912": "!<d@[F*OS-#64c-E,TfCDu]k<!<d@[F*c<_#64o6@VfsmCI<#NAIrp*E,]`9FCJfiD(T1/ARl&M@V&tbEutAh*=;rb!!%O6&e>EP!2)Ok!!#:!*W5s;4rE9P+9;H",
        "5250056": "!<d@[F*OS-#64c-E,TfCDu]k<!<d@[F*cNe#64o6@VfsmCI<#NAIrp*E,]`9FCJfiD(T1/ARl&M@V&tbF!L_m+pnYl!!#8K*<6'>58\"J9s8Thu(&n5_^E!:S&AT.B9-=68",
        "6292488": "!<d@[F*OS-#64c-E,TfCE<#t=!<d@[F*c<_#64o6@VfsmCI<#NAIrp*E,]`9FCJfiD(T1/ARl&M@V&tbEuG#c(^^6U%h7WR:+-hW!'n=?j3<Oi(ue12!<<",
        "3154954": "!<d@[F*OY/#64c-E,TfCD?'Y:!<d@[F*cTg#64o6@VfsmCI<#NAIrp*E,]`9FCJfiD(T1/ARl&M@V&tbF!L_m+pnYd!!!!`*<6(i58\"J9!<@Yb'`\\465TKh)&3q)l9-=?;",
        "3164170": "!<d@[F*OY/#64c-E,TfCD?'Y:!<d@[F*cop#64o6@VfsmCI<#NAIrp*E,]`9FCJfiD(T1/ARl&M@V&tbEutAh*=;rZ!!%O6&e>EO!\"cp\\rr7I4*<?.j58`BQ+9DN",
        "4206602": "!<d@[F*OY/#64c-E,TfCDZBb;!<d@[F*c]j#64o6@VfsmCI<#NAIrp*E,]`9FCJfiD(T1/ARl&M@V&tbF!L_m+pnYd!!!!`*<6'>58\"J9r;R;C'`\\5a590e*Ld2g:9-=?;",
        "3157003": "!<d@[F*O\\0#64c-E,TfCD?'Y:!<d@[F*cZi#64o6@VfsmCI<#NAIrp*E,]`9FCJfiD(T1/ARl&M@V&tbEuG#c(^^6U%h8L;s1T3Sk#&H*!!%Pa(ue12!<<",
        "3163147": "!<d@[F*O\\0#64c-E,TfCD?'Y:!<d@[F*clo#64o6@VfsmCI<#NAIrp*E,]`9FCJfiD(T1/ARl&M@V&tbEutAh*=;rj!!%O6&e>HOs$&^_Y6\"=&*<6)T^DPs'+9;H"
    },
    "Entities": [],
    "ReplaceMode": 2,
    "EntranceRotation": -1
}