{
	"code": "haystack",
	"class": "foghaystack",
	"entityClass": "fogbehaystack",
	behaviors: [{name: "Unstable"}],
	shape: {
		base: "game:block/basic/invisible"
	},
	"creativeinventory": { "general": [""], "decorative": [""] },
	"blockmaterial": "Plant",
	"replaceable": 900,
	"lightAbsorption": 99,
	"textures": {
				"normal-top": {"base": "game:block/plant/grassroofing/normal-top"},
				"normal-side": {"base": "game:block/plant/grassroofing/normal-side"},
				"straw1": { "base": "game:block/plant/grassroofing/straw1"}
	},
	"resistance": 0.25,
	"renderpass": "opaquenocull",
	"sideopaque": {
		"all": true
	},
	randomizeRotations: true, 
	sidesolid: { all: false },
	sideopaque: { all: false },
	"sounds": {
		"place": "block/plant",
		"break": "block/plant",
		"hit": "block/plant",
	},
	selectionbox: { x1: 0, y1: 0, z1: 0, x2: 1, y2: 1, z2: 1},
	"materialDensity": 200,
	"heldTpIdleAnimation": "holdbothhandslarge", "heldTpUseAnimation": "twohandplaceblock",
	frostable: true,
	combustibleProps: {
		burnTemperature: 600,
		burnDuration: 10
	}
}

