{
    "code": "witchyitems",
    "creativeinventory": { "general": ["*-north"], "decorative": ["*-north"], "decorbazaar": ["*-north"] },
    "behaviors": [{ "name": "HorizontalOrientable" }],
    "variantgroups": [{ "code": "side", "loadFromProperties": "abstract/horizontalorientation" }],
    "shape": {
        "base": "block/witchyitems",
        "rotateYByType": {
            "*-north": 0,
            "*-east": 270,
            "*-south": 180,
            "*-west": 90
        }
    },
    "blockmaterial": "stone",
  "lightAbsorption": 0,
    "sidesolid": {
        "all": "false"
    },
    "sideopaque": {
        "all": "false"
    },
    "drawtype": "json",
	"textures": {
		"burned": { "base": "game:block/clay/vessel/sides/burned" },
		"volcanic": { "base": "game:block/clay/vessel/sides/volcanic" },
		"spelt": { "base": "game:block/food/grain/spelt" },
		"group5-rye-turnip-blackcurrant-cheddarcheese-poultrystew": { "base": "game:block/food/meal/group5-rye-turnip-blackcurrant-cheddarcheese-poultrystew" },
		"goldenpoppy": { "base": "game:block/plant/potted/goldenpoppy" },
		"horsetail": { "base": "game:block/plant/potted/horsetail" },
		"wilddaisy": { "base": "game:block/plant/potted/wilddaisy" },
		"emerald": { "base": "game:block/stone/gem/emerald" },
		"lapislazuli": { "base": "game:block/stone/gem/lapislazuli" },
		"olivine": { "base": "game:block/stone/gem/olivine" },
		"book-held": { "base": "game:item/lore/book-held" },
		"book1": { "base": "game:item/lore/book1" },
		"ore": { "base": "game:item/resource/nugget/uranium" }
	},
    "resistance": 3.5,
	collisionBox: { x1: 0, y1: 0, z1: 0, x2: 1, y2: 0.125, z2: 1 },
	selectionBox: { x1: 0, y1: 0, z1: 0, x2: 1, y2: 0.125, z2: 1 },
    "sounds": {
        "place": "game:block/planks",
        "walk": "game:walk/stone"
    }
}