[
  {
    "file": "game:recipes/grid/debarkedlog.json",
    "op": "remove",
    "path": "/0",
    "side": "server"
  },
  {
    "file": "game:recipes/grid/beams.json",
    "op": "remove",
    "path": "/0",
    "side": "server"
  },
  {
    "file": "game:recipes/grid/firewood.json",
    "op": "remove",
    "path": "/2",
    "side": "server"
  },
  {
    "file": "game:recipes/grid/firewood.json",
    "op": "remove",
    "path": "/1",
    "side": "server"
  },
  {
    "file": "game:recipes/grid/firewood.json",
    "op": "remove",
    "path": "/0",
    "side": "server"
  },
  {
    "file": "game:recipes/grid/plank.json",
    "op": "remove",
    "path": "/5",
    "side": "server"
  },
  {
    "file": "game:recipes/grid/plank.json",
    "op": "remove",
    "path": "/4",
    "side": "server"
  },
  {
    "file": "game:recipes/grid/plank.json",
    "op": "remove",
    "path": "/3",
    "side": "server"
  },
  {
    "file": "game:recipes/grid/plank.json",
    "op": "remove",
    "path": "/2",
    "side": "server"
  },
  {
    "file": "game:recipes/grid/plank.json",
    "op": "remove",
    "path": "/1",
    "side": "server"
  },
  {
    "file": "game:recipes/grid/plank.json",
    "op": "remove",
    "path": "/0",
    "side": "server"
  }
]