[
  {
    "op": "add",
    "path": "/behaviors/-",
    "value": {"name": "idgtool"},
    "file": "game:itemtypes/tool/saw.json",
    "side": "server"
  },
  {
    "op": "add",
    "path": "/behaviors/-",
    "value": {"name": "woodsawer"},
    "file": "game:itemtypes/tool/saw.json",
    "side": "server"
  },
  {
    "op": "add",
    "path": "/attributes",
    "value": {"sawingProps": {"sawingMultiplier": 0.46 }},
    "file": "game:itemtypes/tool/saw.json",
    "side": "server"
  },
	{
    "op": "add",
    "path": "/attributes/workanimation",
    "value": "sawsaw-fp",
    "file": "game:itemtypes/tool/saw.json",
    "side": "server"
  },
  {
    "op": "replace",
    "path": "/miningspeedbytype",
    "value": {	
		"*-copper": {
			"wood": 1,
			"plant": 1,
			"leaves": 1
		},
		"*-silver": {
			"wood": 0.75,
			"plant": 0.75,
			"leaves": 0.75
		},
		"*-gold": {
			"wood": 0.75,
			"plant": 0.75,
			"leaves": 0.75
		},
		"*-bismuthbronze": {
			"wood": 1.25,
			"plant": 1.25,
			"leaves": 1.25
		},
		"*-tinbronze": {
			"wood": 1.5,
			"plant": 1.5,
			"leaves": 1.5
		},
		"*-blackbronze": {
			"wood": 1.75,
			"plant": 1.75,
			"leaves": 1.75
		},
		"*-iron": {
			"wood": 2,
			"plant": 2,
			"leaves": 2
		},
		"*-meteoriciron": {
			"wood": 3,
			"plant": 2.25,
			"leaves": 2.25
		},
		"*-steel": {
			"wood": 4,
			"plant": 3,
			"leaves": 3
		}
	},
		"file": "game:itemtypes/tool/saw.json",
		"side": "server"
  }
]