﻿{
	code: "fruitbar",
	class: "ExpandedFood",
	maxstacksize: 32,
	variantgroups: [
		{
			code: "type",
			states: [ "" ]
		},
		{
			code: "states",
			states: [ "raw" ]
		},
	],
	attributes: {
		displaycaseable: true,
		shelvable: true,
	    onDisplayTransform: { 
			translation: { x: 0, y: -0.25, z: 0 },
			scale: 0.5 
		},
		expandedNutritionPropsByType: {
			"*": {
      			"game:honeyportion" : { saturation: 4, foodcategory: "Fruit" },
      			"game:salt" : { saturation: 0, health: 0.5, foodcategory: "Fruit" },
      			"expandedfoods:fruitsyrupportion-saguaro" : { saturation: 12, "health": 0.2, foodcategory: "Fruit" }, 
      			"expandedfoods:fruitsyrupportion-*" : { saturation: 12, "health": 0.1, foodcategory: "Fruit" },
      			"expandedfoods:wildfruitsyrupportion-cloudberry" : { saturation: 12, "health": 0.5, foodcategory: "Fruit" },
      			"expandedfoods:wildfruitsyrupportion-husktomato" : { saturation: 12, "health": 0.3, foodcategory: "Fruit" },
      			"expandedfoods:wildfruitsyrupportion-juniper" : { saturation: 12, "health": 0.3, foodcategory: "Fruit" },
      			"expandedfoods:wildfruitsyrupportion-coralbead" : { saturation: 12, "health": -0.1, foodcategory: "Fruit" },
      			"expandedfoods:wildfruitsyrupportion-pokeberry" : { saturation: 12, "health": -0.25, foodcategory: "Fruit" },
      			"expandedfoods:wildfruitsyrupportion-snowberry" : { saturation: 12, "health": -0.25, foodcategory: "Fruit" },
      			"expandedfoods:wildfruitsyrupportion-falseorange" : { saturation: 12, "health": -0.25, foodcategory: "Fruit" },
      			"expandedfoods:wildfruitsyrupportion-blacknightshadeunripe" : { saturation: 12, "health": -1, foodcategory: "Fruit" },
      			"expandedfoods:wildfruitsyrupportion-bitternightshade" : { saturation: 12, "health": -2, foodcategory: "Fruit" },
      			"expandedfoods:wildfruitsyrupportion-wolfberry" : { saturation: 12, "health": -3, foodcategory: "Fruit" },
      			"expandedfoods:wildfruitsyrupportion-seamango" : { saturation: 12, "health": -4, foodcategory: "Fruit" },
      			"expandedfoods:wildfruitsyrupportion-crowseye" : { saturation: 12, "health": -5, foodcategory: "Fruit" },
      			"expandedfoods:wildfruitsyrupportion-*" : { saturation: 12, "health": 0.1, foodcategory: "Fruit" },
      			"expandedfoods:treesyrupportion-*" : { saturation: 9.6, "health": 0.1, foodcategory: "Fruit" },
				"expandedfoods:peanutliquid-paste": { saturation: 32, foodcategory: "Protein" },
			},
		},
		"renderIngredients": {
      		"acorns:acorn-meal" : "expandedfoods:shapes/item/food/fruitbar/base/acorn.json",
      		"expandedfoods:acornportion" : "expandedfoods:shapes/item/food/fruitbar/base/acorn.json",
      		"game:legume-peanut" : "expandedfoods:shapes/item/food/fruitbar/base/peanut.json",
      		"expandedfoods:peanut-cooked" : "expandedfoods:shapes/item/food/fruitbar/base/peanut.json",
      		"expandedfoods:peanut-kernels" : "expandedfoods:shapes/item/food/fruitbar/base/peanut.json",
      		"game:grain-sunflower" : "expandedfoods:shapes/item/food/fruitbar/base/sunflower.json",
      		"game:fruit-blueberry" : "expandedfoods:shapes/item/food/fruitbar/overlay/blueberry.json",
      		"game:fruit-blackcurrant" : "expandedfoods:shapes/item/food/fruitbar/overlay/blackcurrant.json",
      		"game:fruit-breadfruit" : "expandedfoods:shapes/item/food/fruitbar/overlay/breadfruit.json",
      		"game:fruit-cherry" : "expandedfoods:shapes/item/food/fruitbar/overlay/cherry.json",
      		"game:fruit-cranberry" : "expandedfoods:shapes/item/food/fruitbar/overlay/cranberry.json",
      		"game:fruit-lychee" : "expandedfoods:shapes/item/food/fruitbar/overlay/lychee.json",
      		"game:fruit-mango" : "expandedfoods:shapes/item/food/fruitbar/overlay/mango.json",
      		"game:fruit-orange" : "expandedfoods:shapes/item/food/fruitbar/overlay/orange.json",
      		"game:fruit-peach" : "expandedfoods:shapes/item/food/fruitbar/overlay/peach.json",
      		"game:fruit-pear" : "expandedfoods:shapes/item/food/fruitbar/overlay/pear.json",
      		"game:fruit-pineapple" : "expandedfoods:shapes/item/food/fruitbar/overlay/pineapple.json",
      		"game:fruit-pomegranate" : "expandedfoods:shapes/item/food/fruitbar/overlay/pomegranate.json",
      		"game:fruit-redcurrant" : "expandedfoods:shapes/item/food/fruitbar/overlay/redcurrant.json",
      		"game:fruit-saguaro" : "expandedfoods:shapes/item/food/fruitbar/overlay/saguaro.json",
      		"game:fruit-whitecurrant" : "expandedfoods:shapes/item/food/fruitbar/overlay/whitecurrant.json",
      		"game:fruit-pinkapple" : "expandedfoods:shapes/item/food/fruitbar/overlay/apple.json",
      		"game:fruit-redapple" : "expandedfoods:shapes/item/food/fruitbar/overlay/apple.json",
      		"game:fruit-yellowapple" : "expandedfoods:shapes/item/food/fruitbar/overlay/apple.json",
      		"expandedfoods:dryfruit-blueberry" : "expandedfoods:shapes/item/food/fruitbar/overlay/blueberry.json",
      		"expandedfoods:dryfruit-blackcurrant" : "expandedfoods:shapes/item/food/fruitbar/overlay/blackcurrant.json",
      		"expandedfoods:dryfruit-breadfruit" : "expandedfoods:shapes/item/food/fruitbar/overlay/breadfruit.json",
      		"expandedfoods:dryfruit-cherry" : "expandedfoods:shapes/item/food/fruitbar/overlay/cherry.json",
      		"expandedfoods:dryfruit-cranberry" : "expandedfoods:shapes/item/food/fruitbar/overlay/cranberry.json",
      		"expandedfoods:dryfruit-lychee" : "expandedfoods:shapes/item/food/fruitbar/overlay/lychee.json",
      		"expandedfoods:dryfruit-mango" : "expandedfoods:shapes/item/food/fruitbar/overlay/mango.json",
      		"expandedfoods:dryfruit-orange" : "expandedfoods:shapes/item/food/fruitbar/overlay/orange.json",
      		"expandedfoods:dryfruit-peach" : "expandedfoods:shapes/item/food/fruitbar/overlay/peach.json",
      		"expandedfoods:dryfruit-pear" : "expandedfoods:shapes/item/food/fruitbar/overlay/pear.json",
      		"expandedfoods:dryfruit-pineapple" : "expandedfoods:shapes/item/food/fruitbar/overlay/pineapple.json",
      		"expandedfoods:dryfruit-pomegranate" : "expandedfoods:shapes/item/food/fruitbar/overlay/pomegranate.json",
      		"expandedfoods:dryfruit-redcurrant" : "expandedfoods:shapes/item/food/fruitbar/overlay/redcurrant.json",
      		"expandedfoods:dryfruit-saguaro" : "expandedfoods:shapes/item/food/fruitbar/overlay/saguaro.json",
      		"expandedfoods:dryfruit-whitecurrant" : "expandedfoods:shapes/item/food/fruitbar/overlay/whitecurrant.json",
      		"expandedfoods:dryfruit-pinkapple" : "expandedfoods:shapes/item/food/fruitbar/overlay/apple.json",
      		"expandedfoods:dryfruit-redapple" : "expandedfoods:shapes/item/food/fruitbar/overlay/apple.json",
      		"expandedfoods:dryfruit-yellowapple" : "expandedfoods:shapes/item/food/fruitbar/overlay/apple.json",
      		"expandedfoods:dehydratedfruit-blueberry" : "expandedfoods:shapes/item/food/fruitbar/overlay/blueberry.json",
      		"expandedfoods:dehydratedfruit-blackcurrant" : "expandedfoods:shapes/item/food/fruitbar/overlay/blackcurrant.json",
      		"expandedfoods:dehydratedfruit-breadfruit" : "expandedfoods:shapes/item/food/fruitbar/overlay/breadfruit.json",
      		"expandedfoods:dehydratedfruit-cherry" : "expandedfoods:shapes/item/food/fruitbar/overlay/cherry.json",
      		"expandedfoods:dehydratedfruit-cranberry" : "expandedfoods:shapes/item/food/fruitbar/overlay/cranberry.json",
      		"expandedfoods:dehydratedfruit-lychee" : "expandedfoods:shapes/item/food/fruitbar/overlay/lychee.json",
      		"expandedfoods:dehydratedfruit-mango" : "expandedfoods:shapes/item/food/fruitbar/overlay/mango.json",
      		"expandedfoods:dehydratedfruit-orange" : "expandedfoods:shapes/item/food/fruitbar/overlay/orange.json",
      		"expandedfoods:dehydratedfruit-peach" : "expandedfoods:shapes/item/food/fruitbar/overlay/peach.json",
      		"expandedfoods:dehydratedfruit-pear" : "expandedfoods:shapes/item/food/fruitbar/overlay/pear.json",
      		"expandedfoods:dehydratedfruit-pineapple" : "expandedfoods:shapes/item/food/fruitbar/overlay/pineapple.json",
      		"expandedfoods:dehydratedfruit-pomegranate" : "expandedfoods:shapes/item/food/fruitbar/overlay/pomegranate.json",
      		"expandedfoods:dehydratedfruit-redcurrant" : "expandedfoods:shapes/item/food/fruitbar/overlay/redcurrant.json",
      		"expandedfoods:dehydratedfruit-saguaro" : "expandedfoods:shapes/item/food/fruitbar/overlay/saguaro.json",
      		"expandedfoods:dehydratedfruit-whitecurrant" : "expandedfoods:shapes/item/food/fruitbar/overlay/whitecurrant.json",
      		"expandedfoods:dehydratedfruit-pinkapple" : "expandedfoods:shapes/item/food/fruitbar/overlay/apple.json",
      		"expandedfoods:dehydratedfruit-redapple" : "expandedfoods:shapes/item/food/fruitbar/overlay/apple.json",
      		"expandedfoods:dehydratedfruit-yellowapple" : "expandedfoods:shapes/item/food/fruitbar/overlay/apple.json",
      		"expandedfoods:candiedfruit-blueberry" : "expandedfoods:shapes/item/food/fruitbar/overlay/blueberry.json",
      		"expandedfoods:candiedfruit-blackcurrant" : "expandedfoods:shapes/item/food/fruitbar/overlay/blackcurrant.json",
      		"expandedfoods:candiedfruit-breadfruit" : "expandedfoods:shapes/item/food/fruitbar/overlay/breadfruit.json",
      		"expandedfoods:candiedfruit-cherry" : "expandedfoods:shapes/item/food/fruitbar/overlay/cherry.json",
      		"expandedfoods:candiedfruit-cranberry" : "expandedfoods:shapes/item/food/fruitbar/overlay/cranberry.json",
      		"expandedfoods:candiedfruit-lychee" : "expandedfoods:shapes/item/food/fruitbar/overlay/lychee.json",
      		"expandedfoods:candiedfruit-mango" : "expandedfoods:shapes/item/food/fruitbar/overlay/mango.json",
      		"expandedfoods:candiedfruit-orange" : "expandedfoods:shapes/item/food/fruitbar/overlay/orange.json",
      		"expandedfoods:candiedfruit-peach" : "expandedfoods:shapes/item/food/fruitbar/overlay/peach.json",
      		"expandedfoods:candiedfruit-pear" : "expandedfoods:shapes/item/food/fruitbar/overlay/pear.json",
      		"expandedfoods:candiedfruit-pineapple" : "expandedfoods:shapes/item/food/fruitbar/overlay/pineapple.json",
      		"expandedfoods:candiedfruit-pomegranate" : "expandedfoods:shapes/item/food/fruitbar/overlay/pomegranate.json",
      		"expandedfoods:candiedfruit-redcurrant" : "expandedfoods:shapes/item/food/fruitbar/overlay/redcurrant.json",
      		"expandedfoods:candiedfruit-saguaro" : "expandedfoods:shapes/item/food/fruitbar/overlay/saguaro.json",
      		"expandedfoods:candiedfruit-whitecurrant" : "expandedfoods:shapes/item/food/fruitbar/overlay/whitecurrant.json",
      		"expandedfoods:candiedfruit-apple" : "expandedfoods:shapes/item/food/fruitbar/overlay/apple.json",
            "expandedfoods:choppedvegetable-pumpkin": "expandedfoods:shapes/item/food/fruitbar/overlay/pumpkin.json",
            "wildcraftfruit:fruit-achacha" : "expandedfoods:shapes/item/food/fruitbar/overlay/wildcraftfruit/achacha.json",
            "wildcraftfruit:fruit-apricot" : "expandedfoods:shapes/item/food/fruitbar/overlay/wildcraftfruit/apricot.json",
            "wildcraftfruit:fruit-beachalmond" : "expandedfoods:shapes/item/food/fruitbar/overlay/wildcraftfruit/beachalmond.json",
            "wildcraftfruit:fruit-beautyberry" : "expandedfoods:shapes/item/food/fruitbar/overlay/wildcraftfruit/beautyberry.json",
            "wildcraftfruit:fruit-bitternightshade" : "expandedfoods:shapes/item/food/fruitbar/overlay/wildcraftfruit/bitternightshade.json",
            "wildcraftfruit:fruit-blacknightshade" : "expandedfoods:shapes/item/food/fruitbar/overlay/wildcraftfruit/blacknightshade.json",
            "wildcraftfruit:fruit-blacknightshadeunripe" : "expandedfoods:shapes/item/food/fruitbar/overlay/wildcraftfruit/blacknightshadeunripe.json",
      		"wildcraftfruit:fruit-blueraspberry" : "expandedfoods:shapes/item/food/fruitbar/overlay/wildcraftfruit/blueraspberry.json",
      		"wildcraftfruit:fruit-bluetongue" : "expandedfoods:shapes/item/food/fruitbar/overlay/wildcraftfruit/bluetongue.json",
      		"wildcraftfruit:fruit-brambleberry" : "expandedfoods:shapes/item/food/fruitbar/overlay/wildcraftfruit/brambleberry.json",
      		"wildcraftfruit:fruit-bunchberry" : "expandedfoods:shapes/item/food/fruitbar/overlay/wildcraftfruit/bunchberry.json",
      		"wildcraftfruit:fruit-bushlawyer" : "expandedfoods:shapes/item/food/fruitbar/overlay/wildcraftfruit/bushlawyer.json",
      		"wildcraftfruit:fruit-cashewapple" : "expandedfoods:shapes/item/food/fruitbar/overlay/wildcraftfruit/cashewapple.json",
      		"wildcraftfruit:fruit-cheeseberry" : "expandedfoods:shapes/item/food/fruitbar/overlay/wildcraftfruit/cheeseberry.json",
      		"wildcraftfruit:fruit-cherryplum" : "expandedfoods:shapes/item/food/fruitbar/overlay/wildcraftfruit/cherryplum.json",
      		"wildcraftfruit:fruit-chinaberry" : "expandedfoods:shapes/item/food/fruitbar/overlay/wildcraftfruit/chinaberry.json",
      		"wildcraftfruit:fruit-citron" : "expandedfoods:shapes/item/food/fruitbar/overlay/wildcraftfruit/citron.json",
      		"wildcraftfruit:fruit-cloudberry" : "expandedfoods:shapes/item/food/fruitbar/overlay/wildcraftfruit/cloudberry.json",
      		"wildcraftfruit:fruit-cocoa" : "expandedfoods:shapes/item/food/fruitbar/overlay/wildcraftfruit/cocoa.json",
      		"wildcraftfruit:fruit-coralbead" : "expandedfoods:shapes/item/food/fruitbar/overlay/wildcraftfruit/coralbead.json",
      		"wildcraftfruit:fruit-creepingpine" : "expandedfoods:shapes/item/food/fruitbar/overlay/wildcraftfruit/creepingpine.json",
      		"wildcraftfruit:fruit-crowberry" : "expandedfoods:shapes/item/food/fruitbar/overlay/wildcraftfruit/crowberry.json",
      		"wildcraftfruit:fruit-crowseye" : "expandedfoods:shapes/item/food/fruitbar/overlay/wildcraftfruit/crowseye.json",
      		"wildcraftfruit:fruit-dogrose" : "expandedfoods:shapes/item/food/fruitbar/overlay/wildcraftfruit/dogrose.json",
      		"wildcraftfruit:fruit-elderberry" : "expandedfoods:shapes/item/food/fruitbar/overlay/wildcraftfruit/elderberry.json",
      		"wildcraftfruit:fruit-engkala" : "expandedfoods:shapes/item/food/fruitbar/overlay/wildcraftfruit/engkala.json",
      		"wildcraftfruit:fruit-falseorange" : "expandedfoods:shapes/item/food/fruitbar/overlay/wildcraftfruit/falseorange.json",
      		"wildcraftfruit:fruit-falsestrawberry" : "expandedfoods:shapes/item/food/fruitbar/overlay/wildcraftfruit/falsestrawberry.json",
      		"wildcraftfruit:fruit-feijoa" : "expandedfoods:shapes/item/food/fruitbar/overlay/wildcraftfruit/feijoa.json",
      		"wildcraftfruit:fruit-fig" : "expandedfoods:shapes/item/food/fruitbar/overlay/wildcraftfruit/fig.json",
      		"wildcraftfruit:fruit-fingerlime" : "expandedfoods:shapes/item/food/fruitbar/overlay/wildcraftfruit/fingerlime.json",
      		"wildcraftfruit:fruit-flaxlily" : "expandedfoods:shapes/item/food/fruitbar/overlay/wildcraftfruit/flaxlily.json",
      		"wildcraftfruit:fruit-foxgrape" : "expandedfoods:shapes/item/food/fruitbar/overlay/wildcraftfruit/foxgrape.json",
      		"wildcraftfruit:fruit-fractureberry" : "expandedfoods:shapes/item/food/fruitbar/overlay/wildcraftfruit/fractureberry.json",
      		"wildcraftfruit:fruit-gardenstrawberry" : "expandedfoods:shapes/item/food/fruitbar/overlay/wildcraftfruit/gardenstrawberry.json",
      		"wildcraftfruit:fruit-gooseberry" : "expandedfoods:shapes/item/food/fruitbar/overlay/wildcraftfruit/gooseberry.json",
      		"wildcraftfruit:fruit-guajava" : "expandedfoods:shapes/item/food/fruitbar/overlay/wildcraftfruit/guajava.json",
      		"wildcraftfruit:fruit-hawthorn" : "expandedfoods:shapes/item/food/fruitbar/overlay/wildcraftfruit/hawthorn.json",
      		"wildcraftfruit:fruit-honeypots" : "expandedfoods:shapes/item/food/fruitbar/overlay/wildcraftfruit/honeypots.json",
      		"wildcraftfruit:fruit-honeysuckle" : "expandedfoods:shapes/item/food/fruitbar/overlay/wildcraftfruit/honeysuckle.json",
      		"wildcraftfruit:fruit-huckleberry" : "expandedfoods:shapes/item/food/fruitbar/overlay/wildcraftfruit/huckleberry.json",
      		"wildcraftfruit:fruit-husktomato" : "expandedfoods:shapes/item/food/fruitbar/overlay/wildcraftfruit/husktomato.json",
      		"wildcraftfruit:fruit-illawarra" : "expandedfoods:shapes/item/food/fruitbar/overlay/wildcraftfruit/illawarra.json",
      		"wildcraftfruit:fruit-jujube" : "expandedfoods:shapes/item/food/fruitbar/overlay/wildcraftfruit/jujube.json",
      		"wildcraftfruit:fruit-juniper" : "expandedfoods:shapes/item/food/fruitbar/overlay/wildcraftfruit/juniper.json",
      		"wildcraftfruit:fruit-kakaha" : "expandedfoods:shapes/item/food/fruitbar/overlay/wildcraftfruit/kakaha.json",
      		"wildcraftfruit:fruit-kawakawa" : "expandedfoods:shapes/item/food/fruitbar/overlay/wildcraftfruit/kawakawa.json",
      		"wildcraftfruit:fruit-knyazberry" : "expandedfoods:shapes/item/food/fruitbar/overlay/wildcraftfruit/knyazberry.json",
      		"wildcraftfruit:fruit-lemonaspen" : "expandedfoods:shapes/item/food/fruitbar/overlay/wildcraftfruit/lemonaspen.json",
      		"wildcraftfruit:fruit-lillypillyblue" : "expandedfoods:shapes/item/food/fruitbar/overlay/wildcraftfruit/lillypillypink.json",
      		"wildcraftfruit:fruit-lillypillypink" : "expandedfoods:shapes/item/food/fruitbar/overlay/wildcraftfruit/lillypillypink.json",
      		"wildcraftfruit:fruit-lillypillywhite" : "expandedfoods:shapes/item/food/fruitbar/overlay/wildcraftfruit/lillypillypink.json",
      		"wildcraftfruit:fruit-lingonberry" : "expandedfoods:shapes/item/food/fruitbar/overlay/wildcraftfruit/lingonberry.json",
      		"wildcraftfruit:fruit-loquat" : "expandedfoods:shapes/item/food/fruitbar/overlay/wildcraftfruit/loquat.json",
      		"wildcraftfruit:fruit-midyimberry" : "expandedfoods:shapes/item/food/fruitbar/overlay/wildcraftfruit/midyimberry.json",
      		"wildcraftfruit:fruit-mingimingi" : "expandedfoods:shapes/item/food/fruitbar/overlay/wildcraftfruit/mingimingi.json",
      		"wildcraftfruit:fruit-munthari" : "expandedfoods:shapes/item/food/fruitbar/overlay/wildcraftfruit/munthari.json",
      		"wildcraftfruit:fruit-naranjilla" : "expandedfoods:shapes/item/food/fruitbar/overlay/wildcraftfruit/naranjilla.json",
      		"wildcraftfruit:fruit-numnum" : "expandedfoods:shapes/item/food/fruitbar/overlay/wildcraftfruit/numnum.json",
      		"wildcraftfruit:fruit-pandanbits" : "expandedfoods:shapes/item/food/fruitbar/overlay/wildcraftfruit/pandanbits.json",
      		"wildcraftfruit:fruit-pilo" : "expandedfoods:shapes/item/food/fruitbar/overlay/wildcraftfruit/pilo.json",
      		"wildcraftfruit:fruit-pineheath" : "expandedfoods:shapes/item/food/fruitbar/overlay/wildcraftfruit/pineheath.json",
      		"wildcraftfruit:fruit-pittedapricot" : "expandedfoods:shapes/item/food/fruitbar/overlay/wildcraftfruit/apricot.json",
      		"wildcraftfruit:fruit-pittedbeachalmond" : "expandedfoods:shapes/item/food/fruitbar/overlay/wildcraftfruit/beachalmond.json",
      		"wildcraftfruit:fruit-pittedbreadfruit" : "expandedfoods:shapes/item/food/fruitbar/overlay/breadfruit.json",
      		"wildcraftfruit:fruit-pittedcherry" : "expandedfoods:shapes/item/food/fruitbar/overlay/cherry.json",
      		"wildcraftfruit:fruit-pittedchinaberry" : "expandedfoods:shapes/item/food/fruitbar/overlay/wildcraftfruit/chinaberry.json",
      		"wildcraftfruit:fruit-pokeberry" : "expandedfoods:shapes/item/food/fruitbar/overlay/wildcraftfruit/pokeberry.json",
      		"wildcraftfruit:fruit-pomelo" : "expandedfoods:shapes/item/food/fruitbar/overlay/wildcraftfruit/pomelo.json",
      		"wildcraftfruit:fruit-pricklyheath" : "expandedfoods:shapes/item/food/fruitbar/overlay/wildcraftfruit/pricklyheath.json",
      		"wildcraftfruit:fruit-purpleplum" : "expandedfoods:shapes/item/food/fruitbar/overlay/wildcraftfruit/purpleplum.json",
      		"wildcraftfruit:fruit-quince" : "expandedfoods:shapes/item/food/fruitbar/overlay/wildcraftfruit/quince.json",
      		"wildcraftfruit:fruit-raspberry" : "expandedfoods:shapes/item/food/fruitbar/overlay/wildcraftfruit/raspberry.json",
      		"wildcraftfruit:fruit-redgrape" : "expandedfoods:shapes/item/food/fruitbar/overlay/wildcraftfruit/redgrape.json",
      		"wildcraftfruit:fruit-redquandong" : "expandedfoods:shapes/item/food/fruitbar/overlay/wildcraftfruit/redquandong.json",
      		"wildcraftfruit:fruit-roseapple" : "expandedfoods:shapes/item/food/fruitbar/overlay/wildcraftfruit/roseapple.json",
      		"wildcraftfruit:fruit-rowanberry" : "expandedfoods:shapes/item/food/fruitbar/overlay/wildcraftfruit/rowanberry.json",
      		"wildcraftfruit:fruit-rubysaltbush" : "expandedfoods:shapes/item/food/fruitbar/overlay/wildcraftfruit/rubysaltbush.json",
      		"wildcraftfruit:fruit-sallowthorn" : "expandedfoods:shapes/item/food/fruitbar/overlay/wildcraftfruit/sallowthorn.json",
      		"wildcraftfruit:fruit-seamango" : "expandedfoods:shapes/item/food/fruitbar/overlay/wildcraftfruit/seamango.json",
      		"wildcraftfruit:fruit-silvernettle" : "expandedfoods:shapes/item/food/fruitbar/overlay/wildcraftfruit/silvernettle.json",
      		"wildcraftfruit:fruit-snowberry" : "expandedfoods:shapes/item/food/fruitbar/overlay/wildcraftfruit/snowberry.json",
      		"wildcraftfruit:fruit-spindle" : "expandedfoods:shapes/item/food/fruitbar/overlay/wildcraftfruit/spindle.json",
      		"wildcraftfruit:fruit-strawberry" : "expandedfoods:shapes/item/food/fruitbar/overlay/wildcraftfruit/strawberry.json",
      		"wildcraftfruit:fruit-sumac" : "expandedfoods:shapes/item/food/fruitbar/overlay/wildcraftfruit/sumac.json",
      		"wildcraftfruit:fruit-turkscap" : "expandedfoods:shapes/item/food/fruitbar/overlay/wildcraftfruit/turkscap.json",
      		"wildcraftfruit:fruit-ugni" : "expandedfoods:shapes/item/food/fruitbar/overlay/wildcraftfruit/ugni.json",
      		"wildcraftfruit:fruit-virgingrape" : "expandedfoods:shapes/item/food/fruitbar/overlay/wildcraftfruit/virgingrape.json",
      		"wildcraftfruit:fruit-whitegrape" : "expandedfoods:shapes/item/food/fruitbar/overlay/wildcraftfruit/whtiegrape.json",
            "wildcraftfruit:fruit-wolfberry": "expandedfoods:shapes/item/food/fruitbar/overlay/wildcraftfruit/wolfberry.json",
            "expandedfoods:wilddryfruit-achacha" : "expandedfoods:shapes/item/food/fruitbar/overlay/wildcraftfruit/achacha.json",
            "expandedfoods:wilddryfruit-apricot" : "expandedfoods:shapes/item/food/fruitbar/overlay/wildcraftfruit/apricot.json",
            "expandedfoods:wilddryfruit-beachalmond" : "expandedfoods:shapes/item/food/fruitbar/overlay/wildcraftfruit/beachalmond.json",
            "expandedfoods:wilddryfruit-beautyberry" : "expandedfoods:shapes/item/food/fruitbar/overlay/wildcraftfruit/beautyberry.json",
            "expandedfoods:wilddryfruit-bitternightshade" : "expandedfoods:shapes/item/food/fruitbar/overlay/wildcraftfruit/bitternightshade.json",
            "expandedfoods:wilddryfruit-blacknightshade" : "expandedfoods:shapes/item/food/fruitbar/overlay/wildcraftfruit/blacknightshade.json",
            "expandedfoods:wilddryfruit-blacknightshadeunripe" : "expandedfoods:shapes/item/food/fruitbar/overlay/wildcraftfruit/blacknightshadeunripe.json",
            "expandedfoods:wilddryfruit-blueraspberry" : "expandedfoods:shapes/item/food/fruitbar/overlay/wildcraftfruit/blueraspberry.json",
            "expandedfoods:wilddryfruit-bluetongue" : "expandedfoods:shapes/item/food/fruitbar/overlay/wildcraftfruit/bluetongue.json",
            "expandedfoods:wilddryfruit-brambleberry" : "expandedfoods:shapes/item/food/fruitbar/overlay/wildcraftfruit/brambleberry.json",
            "expandedfoods:wilddryfruit-bunchberry" : "expandedfoods:shapes/item/food/fruitbar/overlay/wildcraftfruit/bunchberry.json",
            "expandedfoods:wilddryfruit-bushlawyer" : "expandedfoods:shapes/item/food/fruitbar/overlay/wildcraftfruit/bushlawyer.json",
            "expandedfoods:wilddryfruit-cashewapple" : "expandedfoods:shapes/item/food/fruitbar/overlay/wildcraftfruit/cashewapple.json",
            "expandedfoods:wilddryfruit-cheeseberry" : "expandedfoods:shapes/item/food/fruitbar/overlay/wildcraftfruit/cheeseberry.json",
            "expandedfoods:wilddryfruit-cherryplum" : "expandedfoods:shapes/item/food/fruitbar/overlay/wildcraftfruit/cherryplum.json",
            "expandedfoods:wilddryfruit-chinaberry" : "expandedfoods:shapes/item/food/fruitbar/overlay/wildcraftfruit/chinaberry.json",
            "expandedfoods:wilddryfruit-citron" : "expandedfoods:shapes/item/food/fruitbar/overlay/wildcraftfruit/citron.json",
            "expandedfoods:wilddryfruit-cloudberry" : "expandedfoods:shapes/item/food/fruitbar/overlay/wildcraftfruit/cloudberry.json",
            "expandedfoods:wilddryfruit-cocoa" : "expandedfoods:shapes/item/food/fruitbar/overlay/wildcraftfruit/cocoa.json",
            "expandedfoods:wilddryfruit-coralbead" : "expandedfoods:shapes/item/food/fruitbar/overlay/wildcraftfruit/coralbead.json",
            "expandedfoods:wilddryfruit-creepingpine" : "expandedfoods:shapes/item/food/fruitbar/overlay/wildcraftfruit/creepingpine.json",
            "expandedfoods:wilddryfruit-crowberry" : "expandedfoods:shapes/item/food/fruitbar/overlay/wildcraftfruit/crowberry.json",
            "expandedfoods:wilddryfruit-crowseye" : "expandedfoods:shapes/item/food/fruitbar/overlay/wildcraftfruit/crowseye.json",
            "expandedfoods:wilddryfruit-dogrose" : "expandedfoods:shapes/item/food/fruitbar/overlay/wildcraftfruit/dogrose.json",
            "expandedfoods:wilddryfruit-elderberry" : "expandedfoods:shapes/item/food/fruitbar/overlay/wildcraftfruit/elderberry.json",
            "expandedfoods:wilddryfruit-engkala" : "expandedfoods:shapes/item/food/fruitbar/overlay/wildcraftfruit/engkala.json",
            "expandedfoods:wilddryfruit-falseorange" : "expandedfoods:shapes/item/food/fruitbar/overlay/wildcraftfruit/falseorange.json",
            "expandedfoods:wilddryfruit-falsestrawberry" : "expandedfoods:shapes/item/food/fruitbar/overlay/wildcraftfruit/falsestrawberry.json",
            "expandedfoods:wilddryfruit-feijoa" : "expandedfoods:shapes/item/food/fruitbar/overlay/wildcraftfruit/feijoa.json",
            "expandedfoods:wilddryfruit-fig" : "expandedfoods:shapes/item/food/fruitbar/overlay/wildcraftfruit/fig.json",
            "expandedfoods:wilddryfruit-fingerlime" : "expandedfoods:shapes/item/food/fruitbar/overlay/wildcraftfruit/fingerlime.json",
            "expandedfoods:wilddryfruit-flaxlily" : "expandedfoods:shapes/item/food/fruitbar/overlay/wildcraftfruit/flaxlily.json",
            "expandedfoods:wilddryfruit-foxgrape" : "expandedfoods:shapes/item/food/fruitbar/overlay/wildcraftfruit/foxgrape.json",
            "expandedfoods:wilddryfruit-fractureberry" : "expandedfoods:shapes/item/food/fruitbar/overlay/wildcraftfruit/fractureberry.json",
            "expandedfoods:wilddryfruit-gardenstrawberry" : "expandedfoods:shapes/item/food/fruitbar/overlay/wildcraftfruit/gardenstrawberry.json",
            "expandedfoods:wilddryfruit-gooseberry" : "expandedfoods:shapes/item/food/fruitbar/overlay/wildcraftfruit/gooseberry.json",
            "expandedfoods:wilddryfruit-guajava" : "expandedfoods:shapes/item/food/fruitbar/overlay/wildcraftfruit/guajava.json",
            "expandedfoods:wilddryfruit-hawthorn" : "expandedfoods:shapes/item/food/fruitbar/overlay/wildcraftfruit/hawthorn.json",
            "expandedfoods:wilddryfruit-honeypots" : "expandedfoods:shapes/item/food/fruitbar/overlay/wildcraftfruit/honeypots.json",
            "expandedfoods:wilddryfruit-honeysuckle" : "expandedfoods:shapes/item/food/fruitbar/overlay/wildcraftfruit/honeysuckle.json",
            "expandedfoods:wilddryfruit-huckleberry" : "expandedfoods:shapes/item/food/fruitbar/overlay/wildcraftfruit/huckleberry.json",
            "expandedfoods:wilddryfruit-husktomato" : "expandedfoods:shapes/item/food/fruitbar/overlay/wildcraftfruit/husktomato.json",
            "expandedfoods:wilddryfruit-illawarra" : "expandedfoods:shapes/item/food/fruitbar/overlay/wildcraftfruit/illawarra.json",
            "expandedfoods:wilddryfruit-jujube" : "expandedfoods:shapes/item/food/fruitbar/overlay/wildcraftfruit/jujube.json",
            "expandedfoods:wilddryfruit-juniper" : "expandedfoods:shapes/item/food/fruitbar/overlay/wildcraftfruit/juniper.json",
            "expandedfoods:wilddryfruit-kakaha" : "expandedfoods:shapes/item/food/fruitbar/overlay/wildcraftfruit/kakaha.json",
            "expandedfoods:wilddryfruit-kawakawa" : "expandedfoods:shapes/item/food/fruitbar/overlay/wildcraftfruit/kawakawa.json",
            "expandedfoods:wilddryfruit-knyazberry" : "expandedfoods:shapes/item/food/fruitbar/overlay/wildcraftfruit/knyazberry.json",
            "expandedfoods:wilddryfruit-lemonaspen" : "expandedfoods:shapes/item/food/fruitbar/overlay/wildcraftfruit/lemonaspen.json",
            "expandedfoods:wilddryfruit-lillypillyblue" : "expandedfoods:shapes/item/food/fruitbar/overlay/wildcraftfruit/lillypillypink.json",
            "expandedfoods:wilddryfruit-lillypillypink" : "expandedfoods:shapes/item/food/fruitbar/overlay/wildcraftfruit/lillypillypink.json",
            "expandedfoods:wilddryfruit-lillypillywhite" : "expandedfoods:shapes/item/food/fruitbar/overlay/wildcraftfruit/lillypillypink.json",
            "expandedfoods:wilddryfruit-lingonberry" : "expandedfoods:shapes/item/food/fruitbar/overlay/wildcraftfruit/lingonberry.json",
            "expandedfoods:wilddryfruit-loquat" : "expandedfoods:shapes/item/food/fruitbar/overlay/wildcraftfruit/loquat.json",
            "expandedfoods:wilddryfruit-midyimberry" : "expandedfoods:shapes/item/food/fruitbar/overlay/wildcraftfruit/midyimberry.json",
            "expandedfoods:wilddryfruit-mingimingi" : "expandedfoods:shapes/item/food/fruitbar/overlay/wildcraftfruit/mingimingi.json",
            "expandedfoods:wilddryfruit-munthari" : "expandedfoods:shapes/item/food/fruitbar/overlay/wildcraftfruit/munthari.json",
            "expandedfoods:wilddryfruit-naranjilla" : "expandedfoods:shapes/item/food/fruitbar/overlay/wildcraftfruit/naranjilla.json",
            "expandedfoods:wilddryfruit-numnum" : "expandedfoods:shapes/item/food/fruitbar/overlay/wildcraftfruit/numnum.json",
            "expandedfoods:wilddryfruit-pandanbits" : "expandedfoods:shapes/item/food/fruitbar/overlay/wildcraftfruit/pandanbits.json",
            "expandedfoods:wilddryfruit-pilo" : "expandedfoods:shapes/item/food/fruitbar/overlay/wildcraftfruit/pilo.json",
            "expandedfoods:wilddryfruit-pineheath" : "expandedfoods:shapes/item/food/fruitbar/overlay/wildcraftfruit/pineheath.json",
            "expandedfoods:wilddryfruit-pittedapricot" : "expandedfoods:shapes/item/food/fruitbar/overlay/wildcraftfruit/apricot.json",
            "expandedfoods:wilddryfruit-pittedbeachalmond" : "expandedfoods:shapes/item/food/fruitbar/overlay/wildcraftfruit/beachalmond.json",
            "expandedfoods:wilddryfruit-pittedbreadfruit" : "expandedfoods:shapes/item/food/fruitbar/overlay/breadfruit.json",
            "expandedfoods:wilddryfruit-pittedcherry" : "expandedfoods:shapes/item/food/fruitbar/overlay/cherry.json",
            "expandedfoods:wilddryfruit-pittedchinaberry" : "expandedfoods:shapes/item/food/fruitbar/overlay/wildcraftfruit/chinaberry.json",
            "expandedfoods:wilddryfruit-pokeberry" : "expandedfoods:shapes/item/food/fruitbar/overlay/wildcraftfruit/pokeberry.json",
            "expandedfoods:wilddryfruit-pomelo" : "expandedfoods:shapes/item/food/fruitbar/overlay/wildcraftfruit/pomelo.json",
            "expandedfoods:wilddryfruit-pricklyheath" : "expandedfoods:shapes/item/food/fruitbar/overlay/wildcraftfruit/pricklyheath.json",
            "expandedfoods:wilddryfruit-purpleplum" : "expandedfoods:shapes/item/food/fruitbar/overlay/wildcraftfruit/purpleplum.json",
            "expandedfoods:wilddryfruit-quince" : "expandedfoods:shapes/item/food/fruitbar/overlay/wildcraftfruit/quince.json",
            "expandedfoods:wilddryfruit-raspberry" : "expandedfoods:shapes/item/food/fruitbar/overlay/wildcraftfruit/raspberry.json",
            "expandedfoods:wilddryfruit-redgrape" : "expandedfoods:shapes/item/food/fruitbar/overlay/wildcraftfruit/redgrape.json",
            "expandedfoods:wilddryfruit-redquandong" : "expandedfoods:shapes/item/food/fruitbar/overlay/wildcraftfruit/redquandong.json",
            "expandedfoods:wilddryfruit-roseapple" : "expandedfoods:shapes/item/food/fruitbar/overlay/wildcraftfruit/roseapple.json",
            "expandedfoods:wilddryfruit-rowanberry" : "expandedfoods:shapes/item/food/fruitbar/overlay/wildcraftfruit/rowanberry.json",
            "expandedfoods:wilddryfruit-rubysaltbush" : "expandedfoods:shapes/item/food/fruitbar/overlay/wildcraftfruit/rubysaltbush.json",
            "expandedfoods:wilddryfruit-sallowthorn" : "expandedfoods:shapes/item/food/fruitbar/overlay/wildcraftfruit/sallowthorn.json",
            "expandedfoods:wilddryfruit-seamango" : "expandedfoods:shapes/item/food/fruitbar/overlay/wildcraftfruit/seamango.json",
            "expandedfoods:wilddryfruit-silvernettle" : "expandedfoods:shapes/item/food/fruitbar/overlay/wildcraftfruit/silvernettle.json",
            "expandedfoods:wilddryfruit-snowberry" : "expandedfoods:shapes/item/food/fruitbar/overlay/wildcraftfruit/snowberry.json",
            "expandedfoods:wilddryfruit-spindle" : "expandedfoods:shapes/item/food/fruitbar/overlay/wildcraftfruit/spindle.json",
            "expandedfoods:wilddryfruit-strawberry" : "expandedfoods:shapes/item/food/fruitbar/overlay/wildcraftfruit/strawberry.json",
            "expandedfoods:wilddryfruit-sumac" : "expandedfoods:shapes/item/food/fruitbar/overlay/wildcraftfruit/sumac.json",
            "expandedfoods:wilddryfruit-turkscap" : "expandedfoods:shapes/item/food/fruitbar/overlay/wildcraftfruit/turkscap.json",
            "expandedfoods:wilddryfruit-ugni" : "expandedfoods:shapes/item/food/fruitbar/overlay/wildcraftfruit/ugni.json",
            "expandedfoods:wilddryfruit-virgingrape" : "expandedfoods:shapes/item/food/fruitbar/overlay/wildcraftfruit/virgingrape.json",
            "expandedfoods:wilddryfruit-whitegrape" : "expandedfoods:shapes/item/food/fruitbar/overlay/wildcraftfruit/whtiegrape.json",
            "expandedfoods:wilddryfruit-wolfberry": "expandedfoods:shapes/item/food/fruitbar/overlay/wildcraftfruit/wolfberry.json",
            "expandedfoods:wilddehydratedfruit-achacha" : "expandedfoods:shapes/item/food/fruitbar/overlay/wildcraftfruit/achacha.json",
            "expandedfoods:wilddehydratedfruit-apricot" : "expandedfoods:shapes/item/food/fruitbar/overlay/wildcraftfruit/apricot.json",
            "expandedfoods:wilddehydratedfruit-beachalmond" : "expandedfoods:shapes/item/food/fruitbar/overlay/wildcraftfruit/beachalmond.json",
            "expandedfoods:wilddehydratedfruit-beautyberry" : "expandedfoods:shapes/item/food/fruitbar/overlay/wildcraftfruit/beautyberry.json",
            "expandedfoods:wilddehydratedfruit-bitternightshade" : "expandedfoods:shapes/item/food/fruitbar/overlay/wildcraftfruit/bitternightshade.json",
            "expandedfoods:wilddehydratedfruit-blacknightshade" : "expandedfoods:shapes/item/food/fruitbar/overlay/wildcraftfruit/blacknightshade.json",
            "expandedfoods:wilddehydratedfruit-blacknightshadeunripe" : "expandedfoods:shapes/item/food/fruitbar/overlay/wildcraftfruit/blacknightshadeunripe.json",
            "expandedfoods:wilddehydratedfruit-blueraspberry" : "expandedfoods:shapes/item/food/fruitbar/overlay/wildcraftfruit/blueraspberry.json",
            "expandedfoods:wilddehydratedfruit-bluetongue" : "expandedfoods:shapes/item/food/fruitbar/overlay/wildcraftfruit/bluetongue.json",
            "expandedfoods:wilddehydratedfruit-brambleberry" : "expandedfoods:shapes/item/food/fruitbar/overlay/wildcraftfruit/brambleberry.json",
            "expandedfoods:wilddehydratedfruit-bunchberry" : "expandedfoods:shapes/item/food/fruitbar/overlay/wildcraftfruit/bunchberry.json",
            "expandedfoods:wilddehydratedfruit-bushlawyer" : "expandedfoods:shapes/item/food/fruitbar/overlay/wildcraftfruit/bushlawyer.json",
            "expandedfoods:wilddehydratedfruit-cashewapple" : "expandedfoods:shapes/item/food/fruitbar/overlay/wildcraftfruit/cashewapple.json",
            "expandedfoods:wilddehydratedfruit-cheeseberry" : "expandedfoods:shapes/item/food/fruitbar/overlay/wildcraftfruit/cheeseberry.json",
            "expandedfoods:wilddehydratedfruit-cherryplum" : "expandedfoods:shapes/item/food/fruitbar/overlay/wildcraftfruit/cherryplum.json",
            "expandedfoods:wilddehydratedfruit-chinaberry" : "expandedfoods:shapes/item/food/fruitbar/overlay/wildcraftfruit/chinaberry.json",
            "expandedfoods:wilddehydratedfruit-citron" : "expandedfoods:shapes/item/food/fruitbar/overlay/wildcraftfruit/citron.json",
            "expandedfoods:wilddehydratedfruit-cloudberry" : "expandedfoods:shapes/item/food/fruitbar/overlay/wildcraftfruit/cloudberry.json",
            "expandedfoods:wilddehydratedfruit-cocoa" : "expandedfoods:shapes/item/food/fruitbar/overlay/wildcraftfruit/cocoa.json",
            "expandedfoods:wilddehydratedfruit-coralbead" : "expandedfoods:shapes/item/food/fruitbar/overlay/wildcraftfruit/coralbead.json",
            "expandedfoods:wilddehydratedfruit-creepingpine" : "expandedfoods:shapes/item/food/fruitbar/overlay/wildcraftfruit/creepingpine.json",
            "expandedfoods:wilddehydratedfruit-crowberry" : "expandedfoods:shapes/item/food/fruitbar/overlay/wildcraftfruit/crowberry.json",
            "expandedfoods:wilddehydratedfruit-crowseye" : "expandedfoods:shapes/item/food/fruitbar/overlay/wildcraftfruit/crowseye.json",
            "expandedfoods:wilddehydratedfruit-dogrose" : "expandedfoods:shapes/item/food/fruitbar/overlay/wildcraftfruit/dogrose.json",
            "expandedfoods:wilddehydratedfruit-elderberry" : "expandedfoods:shapes/item/food/fruitbar/overlay/wildcraftfruit/elderberry.json",
            "expandedfoods:wilddehydratedfruit-engkala" : "expandedfoods:shapes/item/food/fruitbar/overlay/wildcraftfruit/engkala.json",
            "expandedfoods:wilddehydratedfruit-falseorange" : "expandedfoods:shapes/item/food/fruitbar/overlay/wildcraftfruit/falseorange.json",
            "expandedfoods:wilddehydratedfruit-falsestrawberry" : "expandedfoods:shapes/item/food/fruitbar/overlay/wildcraftfruit/falsestrawberry.json",
            "expandedfoods:wilddehydratedfruit-feijoa" : "expandedfoods:shapes/item/food/fruitbar/overlay/wildcraftfruit/feijoa.json",
            "expandedfoods:wilddehydratedfruit-fig" : "expandedfoods:shapes/item/food/fruitbar/overlay/wildcraftfruit/fig.json",
            "expandedfoods:wilddehydratedfruit-fingerlime" : "expandedfoods:shapes/item/food/fruitbar/overlay/wildcraftfruit/fingerlime.json",
            "expandedfoods:wilddehydratedfruit-flaxlily" : "expandedfoods:shapes/item/food/fruitbar/overlay/wildcraftfruit/flaxlily.json",
            "expandedfoods:wilddehydratedfruit-foxgrape" : "expandedfoods:shapes/item/food/fruitbar/overlay/wildcraftfruit/foxgrape.json",
            "expandedfoods:wilddehydratedfruit-fractureberry" : "expandedfoods:shapes/item/food/fruitbar/overlay/wildcraftfruit/fractureberry.json",
            "expandedfoods:wilddehydratedfruit-gardenstrawberry" : "expandedfoods:shapes/item/food/fruitbar/overlay/wildcraftfruit/gardenstrawberry.json",
            "expandedfoods:wilddehydratedfruit-gooseberry" : "expandedfoods:shapes/item/food/fruitbar/overlay/wildcraftfruit/gooseberry.json",
            "expandedfoods:wilddehydratedfruit-guajava" : "expandedfoods:shapes/item/food/fruitbar/overlay/wildcraftfruit/guajava.json",
            "expandedfoods:wilddehydratedfruit-hawthorn" : "expandedfoods:shapes/item/food/fruitbar/overlay/wildcraftfruit/hawthorn.json",
            "expandedfoods:wilddehydratedfruit-honeypots" : "expandedfoods:shapes/item/food/fruitbar/overlay/wildcraftfruit/honeypots.json",
            "expandedfoods:wilddehydratedfruit-honeysuckle" : "expandedfoods:shapes/item/food/fruitbar/overlay/wildcraftfruit/honeysuckle.json",
            "expandedfoods:wilddehydratedfruit-huckleberry" : "expandedfoods:shapes/item/food/fruitbar/overlay/wildcraftfruit/huckleberry.json",
            "expandedfoods:wilddehydratedfruit-husktomato" : "expandedfoods:shapes/item/food/fruitbar/overlay/wildcraftfruit/husktomato.json",
            "expandedfoods:wilddehydratedfruit-illawarra" : "expandedfoods:shapes/item/food/fruitbar/overlay/wildcraftfruit/illawarra.json",
            "expandedfoods:wilddehydratedfruit-jujube" : "expandedfoods:shapes/item/food/fruitbar/overlay/wildcraftfruit/jujube.json",
            "expandedfoods:wilddehydratedfruit-juniper" : "expandedfoods:shapes/item/food/fruitbar/overlay/wildcraftfruit/juniper.json",
            "expandedfoods:wilddehydratedfruit-kakaha" : "expandedfoods:shapes/item/food/fruitbar/overlay/wildcraftfruit/kakaha.json",
            "expandedfoods:wilddehydratedfruit-kawakawa" : "expandedfoods:shapes/item/food/fruitbar/overlay/wildcraftfruit/kawakawa.json",
            "expandedfoods:wilddehydratedfruit-knyazberry" : "expandedfoods:shapes/item/food/fruitbar/overlay/wildcraftfruit/knyazberry.json",
            "expandedfoods:wilddehydratedfruit-lemonaspen" : "expandedfoods:shapes/item/food/fruitbar/overlay/wildcraftfruit/lemonaspen.json",
            "expandedfoods:wilddehydratedfruit-lillypillyblue" : "expandedfoods:shapes/item/food/fruitbar/overlay/wildcraftfruit/lillypillypink.json",
            "expandedfoods:wilddehydratedfruit-lillypillypink" : "expandedfoods:shapes/item/food/fruitbar/overlay/wildcraftfruit/lillypillypink.json",
            "expandedfoods:wilddehydratedfruit-lillypillywhite" : "expandedfoods:shapes/item/food/fruitbar/overlay/wildcraftfruit/lillypillypink.json",
            "expandedfoods:wilddehydratedfruit-lingonberry" : "expandedfoods:shapes/item/food/fruitbar/overlay/wildcraftfruit/lingonberry.json",
            "expandedfoods:wilddehydratedfruit-loquat" : "expandedfoods:shapes/item/food/fruitbar/overlay/wildcraftfruit/loquat.json",
            "expandedfoods:wilddehydratedfruit-midyimberry" : "expandedfoods:shapes/item/food/fruitbar/overlay/wildcraftfruit/midyimberry.json",
            "expandedfoods:wilddehydratedfruit-mingimingi" : "expandedfoods:shapes/item/food/fruitbar/overlay/wildcraftfruit/mingimingi.json",
            "expandedfoods:wilddehydratedfruit-munthari" : "expandedfoods:shapes/item/food/fruitbar/overlay/wildcraftfruit/munthari.json",
            "expandedfoods:wilddehydratedfruit-naranjilla" : "expandedfoods:shapes/item/food/fruitbar/overlay/wildcraftfruit/naranjilla.json",
            "expandedfoods:wilddehydratedfruit-numnum" : "expandedfoods:shapes/item/food/fruitbar/overlay/wildcraftfruit/numnum.json",
            "expandedfoods:wilddehydratedfruit-pandanbits" : "expandedfoods:shapes/item/food/fruitbar/overlay/wildcraftfruit/pandanbits.json",
            "expandedfoods:wilddehydratedfruit-pilo" : "expandedfoods:shapes/item/food/fruitbar/overlay/wildcraftfruit/pilo.json",
            "expandedfoods:wilddehydratedfruit-pineheath" : "expandedfoods:shapes/item/food/fruitbar/overlay/wildcraftfruit/pineheath.json",
            "expandedfoods:wilddehydratedfruit-pittedapricot" : "expandedfoods:shapes/item/food/fruitbar/overlay/wildcraftfruit/apricot.json",
            "expandedfoods:wilddehydratedfruit-pittedbeachalmond" : "expandedfoods:shapes/item/food/fruitbar/overlay/wildcraftfruit/beachalmond.json",
            "expandedfoods:wilddehydratedfruit-pittedbreadfruit" : "expandedfoods:shapes/item/food/fruitbar/overlay/breadfruit.json",
            "expandedfoods:wilddehydratedfruit-pittedcherry" : "expandedfoods:shapes/item/food/fruitbar/overlay/cherry.json",
            "expandedfoods:wilddehydratedfruit-pittedchinaberry" : "expandedfoods:shapes/item/food/fruitbar/overlay/wildcraftfruit/chinaberry.json",
            "expandedfoods:wilddehydratedfruit-pokeberry" : "expandedfoods:shapes/item/food/fruitbar/overlay/wildcraftfruit/pokeberry.json",
            "expandedfoods:wilddehydratedfruit-pomelo" : "expandedfoods:shapes/item/food/fruitbar/overlay/wildcraftfruit/pomelo.json",
            "expandedfoods:wilddehydratedfruit-pricklyheath" : "expandedfoods:shapes/item/food/fruitbar/overlay/wildcraftfruit/pricklyheath.json",
            "expandedfoods:wilddehydratedfruit-purpleplum" : "expandedfoods:shapes/item/food/fruitbar/overlay/wildcraftfruit/purpleplum.json",
            "expandedfoods:wilddehydratedfruit-quince" : "expandedfoods:shapes/item/food/fruitbar/overlay/wildcraftfruit/quince.json",
            "expandedfoods:wilddehydratedfruit-raspberry" : "expandedfoods:shapes/item/food/fruitbar/overlay/wildcraftfruit/raspberry.json",
            "expandedfoods:wilddehydratedfruit-redgrape" : "expandedfoods:shapes/item/food/fruitbar/overlay/wildcraftfruit/redgrape.json",
            "expandedfoods:wilddehydratedfruit-redquandong" : "expandedfoods:shapes/item/food/fruitbar/overlay/wildcraftfruit/redquandong.json",
            "expandedfoods:wilddehydratedfruit-roseapple" : "expandedfoods:shapes/item/food/fruitbar/overlay/wildcraftfruit/roseapple.json",
            "expandedfoods:wilddehydratedfruit-rowanberry" : "expandedfoods:shapes/item/food/fruitbar/overlay/wildcraftfruit/rowanberry.json",
            "expandedfoods:wilddehydratedfruit-rubysaltbush" : "expandedfoods:shapes/item/food/fruitbar/overlay/wildcraftfruit/rubysaltbush.json",
            "expandedfoods:wilddehydratedfruit-sallowthorn" : "expandedfoods:shapes/item/food/fruitbar/overlay/wildcraftfruit/sallowthorn.json",
            "expandedfoods:wilddehydratedfruit-seamango" : "expandedfoods:shapes/item/food/fruitbar/overlay/wildcraftfruit/seamango.json",
            "expandedfoods:wilddehydratedfruit-silvernettle" : "expandedfoods:shapes/item/food/fruitbar/overlay/wildcraftfruit/silvernettle.json",
            "expandedfoods:wilddehydratedfruit-snowberry" : "expandedfoods:shapes/item/food/fruitbar/overlay/wildcraftfruit/snowberry.json",
            "expandedfoods:wilddehydratedfruit-spindle" : "expandedfoods:shapes/item/food/fruitbar/overlay/wildcraftfruit/spindle.json",
            "expandedfoods:wilddehydratedfruit-strawberry" : "expandedfoods:shapes/item/food/fruitbar/overlay/wildcraftfruit/strawberry.json",
            "expandedfoods:wilddehydratedfruit-sumac" : "expandedfoods:shapes/item/food/fruitbar/overlay/wildcraftfruit/sumac.json",
            "expandedfoods:wilddehydratedfruit-turkscap" : "expandedfoods:shapes/item/food/fruitbar/overlay/wildcraftfruit/turkscap.json",
            "expandedfoods:wilddehydratedfruit-ugni" : "expandedfoods:shapes/item/food/fruitbar/overlay/wildcraftfruit/ugni.json",
            "expandedfoods:wilddehydratedfruit-virgingrape" : "expandedfoods:shapes/item/food/fruitbar/overlay/wildcraftfruit/virgingrape.json",
            "expandedfoods:wilddehydratedfruit-whitegrape" : "expandedfoods:shapes/item/food/fruitbar/overlay/wildcraftfruit/whtiegrape.json",
            "expandedfoods:wilddehydratedfruit-wolfberry": "expandedfoods:shapes/item/food/fruitbar/overlay/wildcraftfruit/wolfberry.json",
            "expandedfoods:wildcandiedfruit-achacha" : "expandedfoods:shapes/item/food/fruitbar/overlay/wildcraftfruit/achacha.json",
            "expandedfoods:wildcandiedfruit-apricot" : "expandedfoods:shapes/item/food/fruitbar/overlay/wildcraftfruit/apricot.json",
            "expandedfoods:wildcandiedfruit-beachalmond" : "expandedfoods:shapes/item/food/fruitbar/overlay/wildcraftfruit/beachalmond.json",
            "expandedfoods:wildcandiedfruit-beautyberry" : "expandedfoods:shapes/item/food/fruitbar/overlay/wildcraftfruit/beautyberry.json",
            "expandedfoods:wildcandiedfruit-bitternightshade" : "expandedfoods:shapes/item/food/fruitbar/overlay/wildcraftfruit/bitternightshade.json",
            "expandedfoods:wildcandiedfruit-blacknightshade" : "expandedfoods:shapes/item/food/fruitbar/overlay/wildcraftfruit/blacknightshade.json",
            "expandedfoods:wildcandiedfruit-blacknightshadeunripe" : "expandedfoods:shapes/item/food/fruitbar/overlay/wildcraftfruit/blacknightshadeunripe.json",
            "expandedfoods:wildcandiedfruit-blueraspberry" : "expandedfoods:shapes/item/food/fruitbar/overlay/wildcraftfruit/blueraspberry.json",
            "expandedfoods:wildcandiedfruit-bluetongue" : "expandedfoods:shapes/item/food/fruitbar/overlay/wildcraftfruit/bluetongue.json",
            "expandedfoods:wildcandiedfruit-brambleberry" : "expandedfoods:shapes/item/food/fruitbar/overlay/wildcraftfruit/brambleberry.json",
            "expandedfoods:wildcandiedfruit-bunchberry" : "expandedfoods:shapes/item/food/fruitbar/overlay/wildcraftfruit/bunchberry.json",
            "expandedfoods:wildcandiedfruit-bushlawyer" : "expandedfoods:shapes/item/food/fruitbar/overlay/wildcraftfruit/bushlawyer.json",
            "expandedfoods:wildcandiedfruit-cashewapple" : "expandedfoods:shapes/item/food/fruitbar/overlay/wildcraftfruit/cashewapple.json",
            "expandedfoods:wildcandiedfruit-cheeseberry" : "expandedfoods:shapes/item/food/fruitbar/overlay/wildcraftfruit/cheeseberry.json",
            "expandedfoods:wildcandiedfruit-cherryplum" : "expandedfoods:shapes/item/food/fruitbar/overlay/wildcraftfruit/cherryplum.json",
            "expandedfoods:wildcandiedfruit-chinaberry" : "expandedfoods:shapes/item/food/fruitbar/overlay/wildcraftfruit/chinaberry.json",
            "expandedfoods:wildcandiedfruit-citron" : "expandedfoods:shapes/item/food/fruitbar/overlay/wildcraftfruit/citron.json",
            "expandedfoods:wildcandiedfruit-cloudberry" : "expandedfoods:shapes/item/food/fruitbar/overlay/wildcraftfruit/cloudberry.json",
            "expandedfoods:wildcandiedfruit-cocoa" : "expandedfoods:shapes/item/food/fruitbar/overlay/wildcraftfruit/cocoa.json",
            "expandedfoods:wildcandiedfruit-coralbead" : "expandedfoods:shapes/item/food/fruitbar/overlay/wildcraftfruit/coralbead.json",
            "expandedfoods:wildcandiedfruit-creepingpine" : "expandedfoods:shapes/item/food/fruitbar/overlay/wildcraftfruit/creepingpine.json",
            "expandedfoods:wildcandiedfruit-crowberry" : "expandedfoods:shapes/item/food/fruitbar/overlay/wildcraftfruit/crowberry.json",
            "expandedfoods:wildcandiedfruit-crowseye" : "expandedfoods:shapes/item/food/fruitbar/overlay/wildcraftfruit/crowseye.json",
            "expandedfoods:wildcandiedfruit-dogrose" : "expandedfoods:shapes/item/food/fruitbar/overlay/wildcraftfruit/dogrose.json",
            "expandedfoods:wildcandiedfruit-elderberry" : "expandedfoods:shapes/item/food/fruitbar/overlay/wildcraftfruit/elderberry.json",
            "expandedfoods:wildcandiedfruit-engkala" : "expandedfoods:shapes/item/food/fruitbar/overlay/wildcraftfruit/engkala.json",
            "expandedfoods:wildcandiedfruit-falseorange" : "expandedfoods:shapes/item/food/fruitbar/overlay/wildcraftfruit/falseorange.json",
            "expandedfoods:wildcandiedfruit-falsestrawberry" : "expandedfoods:shapes/item/food/fruitbar/overlay/wildcraftfruit/falsestrawberry.json",
            "expandedfoods:wildcandiedfruit-feijoa" : "expandedfoods:shapes/item/food/fruitbar/overlay/wildcraftfruit/feijoa.json",
            "expandedfoods:wildcandiedfruit-fig" : "expandedfoods:shapes/item/food/fruitbar/overlay/wildcraftfruit/fig.json",
            "expandedfoods:wildcandiedfruit-fingerlime" : "expandedfoods:shapes/item/food/fruitbar/overlay/wildcraftfruit/fingerlime.json",
            "expandedfoods:wildcandiedfruit-flaxlily" : "expandedfoods:shapes/item/food/fruitbar/overlay/wildcraftfruit/flaxlily.json",
            "expandedfoods:wildcandiedfruit-foxgrape" : "expandedfoods:shapes/item/food/fruitbar/overlay/wildcraftfruit/foxgrape.json",
            "expandedfoods:wildcandiedfruit-fractureberry" : "expandedfoods:shapes/item/food/fruitbar/overlay/wildcraftfruit/fractureberry.json",
            "expandedfoods:wildcandiedfruit-gardenstrawberry" : "expandedfoods:shapes/item/food/fruitbar/overlay/wildcraftfruit/gardenstrawberry.json",
            "expandedfoods:wildcandiedfruit-gooseberry" : "expandedfoods:shapes/item/food/fruitbar/overlay/wildcraftfruit/gooseberry.json",
            "expandedfoods:wildcandiedfruit-guajava" : "expandedfoods:shapes/item/food/fruitbar/overlay/wildcraftfruit/guajava.json",
            "expandedfoods:wildcandiedfruit-hawthorn" : "expandedfoods:shapes/item/food/fruitbar/overlay/wildcraftfruit/hawthorn.json",
            "expandedfoods:wildcandiedfruit-honeypots" : "expandedfoods:shapes/item/food/fruitbar/overlay/wildcraftfruit/honeypots.json",
            "expandedfoods:wildcandiedfruit-honeysuckle" : "expandedfoods:shapes/item/food/fruitbar/overlay/wildcraftfruit/honeysuckle.json",
            "expandedfoods:wildcandiedfruit-huckleberry" : "expandedfoods:shapes/item/food/fruitbar/overlay/wildcraftfruit/huckleberry.json",
            "expandedfoods:wildcandiedfruit-husktomato" : "expandedfoods:shapes/item/food/fruitbar/overlay/wildcraftfruit/husktomato.json",
            "expandedfoods:wildcandiedfruit-illawarra" : "expandedfoods:shapes/item/food/fruitbar/overlay/wildcraftfruit/illawarra.json",
            "expandedfoods:wildcandiedfruit-jujube" : "expandedfoods:shapes/item/food/fruitbar/overlay/wildcraftfruit/jujube.json",
            "expandedfoods:wildcandiedfruit-juniper" : "expandedfoods:shapes/item/food/fruitbar/overlay/wildcraftfruit/juniper.json",
            "expandedfoods:wildcandiedfruit-kakaha" : "expandedfoods:shapes/item/food/fruitbar/overlay/wildcraftfruit/kakaha.json",
            "expandedfoods:wildcandiedfruit-kawakawa" : "expandedfoods:shapes/item/food/fruitbar/overlay/wildcraftfruit/kawakawa.json",
            "expandedfoods:wildcandiedfruit-knyazberry" : "expandedfoods:shapes/item/food/fruitbar/overlay/wildcraftfruit/knyazberry.json",
            "expandedfoods:wildcandiedfruit-lemonaspen" : "expandedfoods:shapes/item/food/fruitbar/overlay/wildcraftfruit/lemonaspen.json",
            "expandedfoods:wildcandiedfruit-lillypillyblue" : "expandedfoods:shapes/item/food/fruitbar/overlay/wildcraftfruit/lillypillypink.json",
            "expandedfoods:wildcandiedfruit-lillypillypink" : "expandedfoods:shapes/item/food/fruitbar/overlay/wildcraftfruit/lillypillypink.json",
            "expandedfoods:wildcandiedfruit-lillypillywhite" : "expandedfoods:shapes/item/food/fruitbar/overlay/wildcraftfruit/lillypillypink.json",
            "expandedfoods:wildcandiedfruit-lingonberry" : "expandedfoods:shapes/item/food/fruitbar/overlay/wildcraftfruit/lingonberry.json",
            "expandedfoods:wildcandiedfruit-loquat" : "expandedfoods:shapes/item/food/fruitbar/overlay/wildcraftfruit/loquat.json",
            "expandedfoods:wildcandiedfruit-midyimberry" : "expandedfoods:shapes/item/food/fruitbar/overlay/wildcraftfruit/midyimberry.json",
            "expandedfoods:wildcandiedfruit-mingimingi" : "expandedfoods:shapes/item/food/fruitbar/overlay/wildcraftfruit/mingimingi.json",
            "expandedfoods:wildcandiedfruit-munthari" : "expandedfoods:shapes/item/food/fruitbar/overlay/wildcraftfruit/munthari.json",
            "expandedfoods:wildcandiedfruit-naranjilla" : "expandedfoods:shapes/item/food/fruitbar/overlay/wildcraftfruit/naranjilla.json",
            "expandedfoods:wildcandiedfruit-numnum" : "expandedfoods:shapes/item/food/fruitbar/overlay/wildcraftfruit/numnum.json",
            "expandedfoods:wildcandiedfruit-pandanbits" : "expandedfoods:shapes/item/food/fruitbar/overlay/wildcraftfruit/pandanbits.json",
            "expandedfoods:wildcandiedfruit-pilo" : "expandedfoods:shapes/item/food/fruitbar/overlay/wildcraftfruit/pilo.json",
            "expandedfoods:wildcandiedfruit-pineheath" : "expandedfoods:shapes/item/food/fruitbar/overlay/wildcraftfruit/pineheath.json",
            "expandedfoods:wildcandiedfruit-pittedapricot" : "expandedfoods:shapes/item/food/fruitbar/overlay/wildcraftfruit/apricot.json",
            "expandedfoods:wildcandiedfruit-pittedbeachalmond" : "expandedfoods:shapes/item/food/fruitbar/overlay/wildcraftfruit/beachalmond.json",
            "expandedfoods:wildcandiedfruit-pittedbreadfruit" : "expandedfoods:shapes/item/food/fruitbar/overlay/breadfruit.json",
            "expandedfoods:wildcandiedfruit-pittedcherry" : "expandedfoods:shapes/item/food/fruitbar/overlay/cherry.json",
            "expandedfoods:wildcandiedfruit-pittedchinaberry" : "expandedfoods:shapes/item/food/fruitbar/overlay/wildcraftfruit/chinaberry.json",
            "expandedfoods:wildcandiedfruit-pokeberry" : "expandedfoods:shapes/item/food/fruitbar/overlay/wildcraftfruit/pokeberry.json",
            "expandedfoods:wildcandiedfruit-pomelo" : "expandedfoods:shapes/item/food/fruitbar/overlay/wildcraftfruit/pomelo.json",
            "expandedfoods:wildcandiedfruit-pricklyheath" : "expandedfoods:shapes/item/food/fruitbar/overlay/wildcraftfruit/pricklyheath.json",
            "expandedfoods:wildcandiedfruit-purpleplum" : "expandedfoods:shapes/item/food/fruitbar/overlay/wildcraftfruit/purpleplum.json",
            "expandedfoods:wildcandiedfruit-quince" : "expandedfoods:shapes/item/food/fruitbar/overlay/wildcraftfruit/quince.json",
            "expandedfoods:wildcandiedfruit-raspberry" : "expandedfoods:shapes/item/food/fruitbar/overlay/wildcraftfruit/raspberry.json",
            "expandedfoods:wildcandiedfruit-redgrape" : "expandedfoods:shapes/item/food/fruitbar/overlay/wildcraftfruit/redgrape.json",
            "expandedfoods:wildcandiedfruit-redquandong" : "expandedfoods:shapes/item/food/fruitbar/overlay/wildcraftfruit/redquandong.json",
            "expandedfoods:wildcandiedfruit-roseapple" : "expandedfoods:shapes/item/food/fruitbar/overlay/wildcraftfruit/roseapple.json",
            "expandedfoods:wildcandiedfruit-rowanberry" : "expandedfoods:shapes/item/food/fruitbar/overlay/wildcraftfruit/rowanberry.json",
            "expandedfoods:wildcandiedfruit-rubysaltbush" : "expandedfoods:shapes/item/food/fruitbar/overlay/wildcraftfruit/rubysaltbush.json",
            "expandedfoods:wildcandiedfruit-sallowthorn" : "expandedfoods:shapes/item/food/fruitbar/overlay/wildcraftfruit/sallowthorn.json",
            "expandedfoods:wildcandiedfruit-seamango" : "expandedfoods:shapes/item/food/fruitbar/overlay/wildcraftfruit/seamango.json",
            "expandedfoods:wildcandiedfruit-silvernettle" : "expandedfoods:shapes/item/food/fruitbar/overlay/wildcraftfruit/silvernettle.json",
            "expandedfoods:wildcandiedfruit-snowberry" : "expandedfoods:shapes/item/food/fruitbar/overlay/wildcraftfruit/snowberry.json",
            "expandedfoods:wildcandiedfruit-spindle" : "expandedfoods:shapes/item/food/fruitbar/overlay/wildcraftfruit/spindle.json",
            "expandedfoods:wildcandiedfruit-strawberry" : "expandedfoods:shapes/item/food/fruitbar/overlay/wildcraftfruit/strawberry.json",
            "expandedfoods:wildcandiedfruit-sumac" : "expandedfoods:shapes/item/food/fruitbar/overlay/wildcraftfruit/sumac.json",
            "expandedfoods:wildcandiedfruit-turkscap" : "expandedfoods:shapes/item/food/fruitbar/overlay/wildcraftfruit/turkscap.json",
            "expandedfoods:wildcandiedfruit-ugni" : "expandedfoods:shapes/item/food/fruitbar/overlay/wildcraftfruit/ugni.json",
            "expandedfoods:wildcandiedfruit-virgingrape" : "expandedfoods:shapes/item/food/fruitbar/overlay/wildcraftfruit/virgingrape.json",
            "expandedfoods:wildcandiedfruit-whitegrape" : "expandedfoods:shapes/item/food/fruitbar/overlay/wildcraftfruit/whtiegrape.json",
            "expandedfoods:wildcandiedfruit-wolfberry": "expandedfoods:shapes/item/food/fruitbar/overlay/wildcraftfruit/wolfberry.json",

      		"wildcraftfruit:treefruit-sugarhackberry" : "expandedfoods:shapes/item/food/fruitbar/overlay/wildcraftfruit/sugarhackberry.json",
      		"expandedfoods:wilddryfruit-almond" : "expandedfoods:shapes/item/food/fruitbar/overlay/wildcraftfruit/almond.json",
      		"expandedfoods:wilddryfruit-commonhackberry" : "expandedfoods:shapes/item/food/fruitbar/overlay/wildcraftfruit/commonhackberry.json",
      		"expandedfoods:wilddryfruit-hazelnut" : "expandedfoods:shapes/item/food/fruitbar/overlay/wildcraftfruit/hazelnut.json",
      		"expandedfoods:wilddryfruit-sugarhackberry" : "expandedfoods:shapes/item/food/fruitbar/overlay/wildcraftfruit/sugarhackberry.json",
      		"expandedfoods:wilddehydratedfruit-almond" : "expandedfoods:shapes/item/food/fruitbar/overlay/wildcraftfruit/almond.json",
      		"expandedfoods:wilddehydratedfruit-commonhackberry" : "expandedfoods:shapes/item/food/fruitbar/overlay/wildcraftfruit/commonhackberry.json",
      		"expandedfoods:wilddehydratedfruit-hazelnut" : "expandedfoods:shapes/item/food/fruitbar/overlay/wildcraftfruit/hazelnut.json",
            "expandedfoods:wilddehydratedfruit-sugarhackberry": "expandedfoods:shapes/item/food/fruitbar/overlay/wildcraftfruit/sugarhackberry.json",

      		"expandedfoods:gelatin-apple" : "expandedfoods:shapes/item/food/fruitbar/filling/apple.json",
      		"expandedfoods:gelatin-birch" : "expandedfoods:shapes/item/food/fruitbar/filling/birch.json",
      		"expandedfoods:gelatin-blackcurrant" : "expandedfoods:shapes/item/food/fruitbar/filling/blackcurrant.json",
      		"expandedfoods:gelatin-blueberry" : "expandedfoods:shapes/item/food/fruitbar/filling/blueberry.json",
      		"expandedfoods:gelatin-breadfruit" : "expandedfoods:shapes/item/food/fruitbar/filling/breadfruit.json",
      		"expandedfoods:gelatin-cherry" : "expandedfoods:shapes/item/food/fruitbar/filling/cherry.json",
      		"expandedfoods:gelatin-cranberry" : "expandedfoods:shapes/item/food/fruitbar/filling/cranberry.json",
      		"expandedfoods:gelatin-honey" : "expandedfoods:shapes/item/food/fruitbar/filling/honey.json",
      		"expandedfoods:gelatin-lychee" : "expandedfoods:shapes/item/food/fruitbar/filling/lychee.json",
      		"expandedfoods:gelatin-mango" : "expandedfoods:shapes/item/food/fruitbar/filling/mango.json",
      		"expandedfoods:gelatin-maple" : "expandedfoods:shapes/item/food/fruitbar/filling/maple.json",
      		"expandedfoods:gelatin-orange" : "expandedfoods:shapes/item/food/fruitbar/filling/orange.json",
      		"expandedfoods:gelatin-peach" : "expandedfoods:shapes/item/food/fruitbar/filling/peach.json",
      		"expandedfoods:gelatin-pear" : "expandedfoods:shapes/item/food/fruitbar/filling/pear.json",
      		"expandedfoods:gelatin-pineapple" : "expandedfoods:shapes/item/food/fruitbar/filling/pineapple.json",
      		"expandedfoods:gelatin-plain" : "expandedfoods:shapes/item/food/fruitbar/filling/plain.json",
      		"expandedfoods:gelatin-pomegranate" : "expandedfoods:shapes/item/food/fruitbar/filling/pomegranate.json",
      		"expandedfoods:gelatin-pumpkin" : "expandedfoods:shapes/item/food/fruitbar/filling/pumpkin.json",
      		"expandedfoods:gelatin-redcurrant" : "expandedfoods:shapes/item/food/fruitbar/filling/redcurrant.json",
      		"expandedfoods:gelatin-saguaro" : "expandedfoods:shapes/item/food/fruitbar/filling/saguaro.json",
            "expandedfoods:gelatin-whitecurrant": "expandedfoods:shapes/item/food/fruitbar/filling/whitecurrant.json",
      		"expandedfoods:gelatin-achacha" : "expandedfoods:shapes/item/food/fruitbar/filling/wildcraftfruit/achacha.json",
      		"expandedfoods:gelatin-apricot" : "expandedfoods:shapes/item/food/fruitbar/filling/wildcraftfruit/apricot.json",
      		"expandedfoods:gelatin-beautyberry" : "expandedfoods:shapes/item/food/fruitbar/filling/wildcraftfruit/beautyberry.json",
      		"expandedfoods:gelatin-bitternightshade" : "expandedfoods:shapes/item/food/fruitbar/filling/wildcraftfruit/bitternightshade.json",
      		"expandedfoods:gelatin-blacknightshade" : "expandedfoods:shapes/item/food/fruitbar/filling/wildcraftfruit/blacknightshade.json",
      		"expandedfoods:gelatin-blacknightshadeunripe" : "expandedfoods:shapes/item/food/fruitbar/filling/wildcraftfruit/blacknightshadeunripe.json",
      		"expandedfoods:gelatin-blueraspberry" : "expandedfoods:shapes/item/food/fruitbar/filling/wildcraftfruit/blueraspberry.json",
      		"expandedfoods:gelatin-bluetongue" : "expandedfoods:shapes/item/food/fruitbar/filling/wildcraftfruit/bluetongue.json",
      		"expandedfoods:gelatin-brambleberry" : "expandedfoods:shapes/item/food/fruitbar/filling/wildcraftfruit/brambleberry.json",
      		"expandedfoods:gelatin-bunchberry" : "expandedfoods:shapes/item/food/fruitbar/filling/wildcraftfruit/bunchberry.json",
      		"expandedfoods:gelatin-bushlawyer" : "expandedfoods:shapes/item/food/fruitbar/filling/wildcraftfruit/bushlawyer.json",
      		"expandedfoods:gelatin-cashewapple" : "expandedfoods:shapes/item/food/fruitbar/filling/wildcraftfruit/cashewapple.json",
      		"expandedfoods:gelatin-cheeseberry" : "expandedfoods:shapes/item/food/fruitbar/filling/wildcraftfruit/cheeseberry.json",
      		"expandedfoods:gelatin-cherryplum" : "expandedfoods:shapes/item/food/fruitbar/filling/wildcraftfruit/cherryplum.json",
      		"expandedfoods:gelatin-chinaberry" : "expandedfoods:shapes/item/food/fruitbar/filling/wildcraftfruit/chinaberry.json",
      		"expandedfoods:gelatin-citron" : "expandedfoods:shapes/item/food/fruitbar/filling/wildcraftfruit/citron.json",
      		"expandedfoods:gelatin-cocoa" : "expandedfoods:shapes/item/food/fruitbar/filling/wildcraftfruit/cocoa.json",
      		"expandedfoods:gelatin-coralbead" : "expandedfoods:shapes/item/food/fruitbar/filling/wildcraftfruit/coralbead.json",
      		"expandedfoods:gelatin-cloudberry" : "expandedfoods:shapes/item/food/fruitbar/filling/wildcraftfruit/cloudberry.json",
      		"expandedfoods:gelatin-creepingpine" : "expandedfoods:shapes/item/food/fruitbar/filling/wildcraftfruit/creepingpine.json",
      		"expandedfoods:gelatin-crowberry" : "expandedfoods:shapes/item/food/fruitbar/filling/wildcraftfruit/crowberry.json",
      		"expandedfoods:gelatin-crowseye" : "expandedfoods:shapes/item/food/fruitbar/filling/wildcraftfruit/crowseye.json",
      		"expandedfoods:gelatin-dogrose" : "expandedfoods:shapes/item/food/fruitbar/filling/wildcraftfruit/dogrose.json",
      		"expandedfoods:gelatin-elderberry" : "expandedfoods:shapes/item/food/fruitbar/filling/wildcraftfruit/elderberry.json",
      		"expandedfoods:gelatin-engkala" : "expandedfoods:shapes/item/food/fruitbar/filling/wildcraftfruit/engkala.json",
      		"expandedfoods:gelatin-falseorange" : "expandedfoods:shapes/item/food/fruitbar/filling/wildcraftfruit/falseorange.json",
      		"expandedfoods:gelatin-falsestrawberry" : "expandedfoods:shapes/item/food/fruitbar/filling/wildcraftfruit/falsestrawberry.json",
      		"expandedfoods:gelatin-feijoa" : "expandedfoods:shapes/item/food/fruitbar/filling/wildcraftfruit/feijoa.json",
      		"expandedfoods:gelatin-fig" : "expandedfoods:shapes/item/food/fruitbar/filling/wildcraftfruit/fig.json",
      		"expandedfoods:gelatin-fingerlime" : "expandedfoods:shapes/item/food/fruitbar/filling/wildcraftfruit/fingerlime.json",
      		"expandedfoods:gelatin-flaxlily" : "expandedfoods:shapes/item/food/fruitbar/filling/wildcraftfruit/flaxlily.json",
      		"expandedfoods:gelatin-foxgrape" : "expandedfoods:shapes/item/food/fruitbar/filling/wildcraftfruit/foxgrape.json",
      		"expandedfoods:gelatin-fractureberry" : "expandedfoods:shapes/item/food/fruitbar/filling/wildcraftfruit/fractureberry.json",
      		"expandedfoods:gelatin-gardenstrawberry" : "expandedfoods:shapes/item/food/fruitbar/filling/wildcraftfruit/gardenstrawberry.json",
      		"expandedfoods:gelatin-gooseberry" : "expandedfoods:shapes/item/food/fruitbar/filling/wildcraftfruit/gooseberry.json",
      		"expandedfoods:gelatin-guajava" : "expandedfoods:shapes/item/food/fruitbar/filling/wildcraftfruit/guajava.json",
      		"expandedfoods:gelatin-hawthorn" : "expandedfoods:shapes/item/food/fruitbar/filling/wildcraftfruit/hawthorn.json",
      		"expandedfoods:gelatin-honeypots" : "expandedfoods:shapes/item/food/fruitbar/filling/wildcraftfruit/honeypots.json",
      		"expandedfoods:gelatin-honeysuckle" : "expandedfoods:shapes/item/food/fruitbar/filling/wildcraftfruit/honeysuckle.json",
      		"expandedfoods:gelatin-huckleberry" : "expandedfoods:shapes/item/food/fruitbar/filling/wildcraftfruit/huckleberry.json",
      		"expandedfoods:gelatin-husktomato" : "expandedfoods:shapes/item/food/fruitbar/filling/wildcraftfruit/husktomato.json",
      		"expandedfoods:gelatin-illawarra" : "expandedfoods:shapes/item/food/fruitbar/filling/wildcraftfruit/illawarra.json",
      		"expandedfoods:gelatin-jujube" : "expandedfoods:shapes/item/food/fruitbar/filling/wildcraftfruit/jujube.json",
      		"expandedfoods:gelatin-juniper" : "expandedfoods:shapes/item/food/fruitbar/filling/wildcraftfruit/juniper.json",
      		"expandedfoods:gelatin-kakaha" : "expandedfoods:shapes/item/food/fruitbar/filling/wildcraftfruit/kakaha.json",
      		"expandedfoods:gelatin-kawakawa" : "expandedfoods:shapes/item/food/fruitbar/filling/wildcraftfruit/kawakawa.json",
      		"expandedfoods:gelatin-knyazberry" : "expandedfoods:shapes/item/food/fruitbar/filling/wildcraftfruit/knyazberry.json",
      		"expandedfoods:gelatin-kumquat" : "expandedfoods:shapes/item/food/fruitbar/filling/wildcraftfruit/kumquat.json",
      		"expandedfoods:gelatin-lemonaspen" : "expandedfoods:shapes/item/food/fruitbar/filling/wildcraftfruit/lemonaspen.json",
      		"expandedfoods:gelatin-lillypillypink" : "expandedfoods:shapes/item/food/fruitbar/filling/wildcraftfruit/lillypillypink.json",
      		"expandedfoods:gelatin-lingonberry" : "expandedfoods:shapes/item/food/fruitbar/filling/wildcraftfruit/lingonberry.json",
      		"expandedfoods:gelatin-loquat" : "expandedfoods:shapes/item/food/fruitbar/filling/wildcraftfruit/loquat.json",
      		"expandedfoods:gelatin-midyimberry" : "expandedfoods:shapes/item/food/fruitbar/filling/wildcraftfruit/midyimberry.json",
      		"expandedfoods:gelatin-mingimingi" : "expandedfoods:shapes/item/food/fruitbar/filling/wildcraftfruit/mingimingi.json",
      		"expandedfoods:gelatin-munthari" : "expandedfoods:shapes/item/food/fruitbar/filling/wildcraftfruit/munthari.json",
      		"expandedfoods:gelatin-naranjilla" : "expandedfoods:shapes/item/food/fruitbar/filling/wildcraftfruit/naranjilla.json",
      		"expandedfoods:gelatin-numnum" : "expandedfoods:shapes/item/food/fruitbar/filling/wildcraftfruit/numnum.json",
      		"expandedfoods:gelatin-pandanbits" : "expandedfoods:shapes/item/food/fruitbar/filling/wildcraftfruit/pandanbits.json",
      		"expandedfoods:gelatin-pilo" : "expandedfoods:shapes/item/food/fruitbar/filling/wildcraftfruit/pilo.json",
      		"expandedfoods:gelatin-pineheath" : "expandedfoods:shapes/item/food/fruitbar/filling/wildcraftfruit/pineheath.json",
      		"expandedfoods:gelatin-pittedbeachalmond" : "expandedfoods:shapes/item/food/fruitbar/filling/wildcraftfruit/pittedbeachalmond.json",
      		"expandedfoods:gelatin-pittedchinaberry" : "expandedfoods:shapes/item/food/fruitbar/filling/wildcraftfruit/pittedchinaberry.json",
      		"expandedfoods:gelatin-pokeberry" : "expandedfoods:shapes/item/food/fruitbar/filling/wildcraftfruit/pokeberry.json",
      		"expandedfoods:gelatin-pomelo" : "expandedfoods:shapes/item/food/fruitbar/filling/wildcraftfruit/pomelo.json",
      		"expandedfoods:gelatin-pricklyheath" : "expandedfoods:shapes/item/food/fruitbar/filling/wildcraftfruit/pricklyheath.json",
      		"expandedfoods:gelatin-purpleplum" : "expandedfoods:shapes/item/food/fruitbar/filling/wildcraftfruit/purpleplum.json",
      		"expandedfoods:gelatin-quince" : "expandedfoods:shapes/item/food/fruitbar/filling/wildcraftfruit/quince.json",
      		"expandedfoods:gelatin-raspberry" : "expandedfoods:shapes/item/food/fruitbar/filling/wildcraftfruit/raspberry.json",
      		"expandedfoods:gelatin-redgrape" : "expandedfoods:shapes/item/food/fruitbar/filling/wildcraftfruit/redgrape.json",
      		"expandedfoods:gelatin-redquandong" : "expandedfoods:shapes/item/food/fruitbar/filling/wildcraftfruit/redquandong.json",
      		"expandedfoods:gelatin-roseapple" : "expandedfoods:shapes/item/food/fruitbar/filling/wildcraftfruit/roseapple.json",
      		"expandedfoods:gelatin-rowanberry" : "expandedfoods:shapes/item/food/fruitbar/filling/wildcraftfruit/rowanberry.json",
      		"expandedfoods:gelatin-rubysaltbush" : "expandedfoods:shapes/item/food/fruitbar/filling/wildcraftfruit/rubysaltbush.json",
      		"expandedfoods:gelatin-sallowthorn" : "expandedfoods:shapes/item/food/fruitbar/filling/wildcraftfruit/sallowthorn.json",
      		"expandedfoods:gelatin-seamango" : "expandedfoods:shapes/item/food/fruitbar/filling/wildcraftfruit/seamango.json",
      		"expandedfoods:gelatin-silvernettle" : "expandedfoods:shapes/item/food/fruitbar/filling/wildcraftfruit/silvernettle.json",
      		"expandedfoods:gelatin-snowberry" : "expandedfoods:shapes/item/food/fruitbar/filling/wildcraftfruit/snowberry.json",
      		"expandedfoods:gelatin-spindle" : "expandedfoods:shapes/item/food/fruitbar/filling/wildcraftfruit/spindle.json",
      		"expandedfoods:gelatin-strawberry" : "expandedfoods:shapes/item/food/fruitbar/filling/wildcraftfruit/strawberry.json",
      		"expandedfoods:gelatin-sumac" : "expandedfoods:shapes/item/food/fruitbar/filling/wildcraftfruit/sumac.json",
      		"expandedfoods:gelatin-turkscap" : "expandedfoods:shapes/item/food/fruitbar/filling/wildcraftfruit/turkscap.json",
      		"expandedfoods:gelatin-ugni" : "expandedfoods:shapes/item/food/fruitbar/filling/wildcraftfruit/ugni.json",
      		"expandedfoods:gelatin-virgingrape" : "expandedfoods:shapes/item/food/fruitbar/filling/wildcraftfruit/virgingrape.json",
      		"expandedfoods:gelatin-whitegrape" : "expandedfoods:shapes/item/food/fruitbar/filling/wildcraftfruit/whitegrape.json",
      		"expandedfoods:gelatin-wolfberry" : "expandedfoods:shapes/item/food/fruitbar/filling/wildcraftfruit/wolfberry.json",
		},
	},
	shape: { base: "item/food/fruitbar/fruitbar" },
	creativeinventory: { "general": ["*"], "items": ["*"], "expandedfoods": ["*"] },
    textures: {
        "acorn": { base: "expandedfoods:item/food/candy/acorn" },
        "peanut": { base: "expandedfoods:item/food/candy/peanut" },
        "sunflower": { base: "expandedfoods:item/food/candy/sunflower" },
        "appleF": { base: "game:item/gelatin/apple" },
        "birchF": { base: "game:item/gelatin/birch" },
        "blackcurrantF": { base: "game:item/gelatin/blackcurrant" },
        "blueberryF": { base: "game:item/gelatin/blueberry" },
        "breadfruitF": { base: "game:item/gelatin/breadfruit" },
        "cherryF": { base: "game:item/gelatin/cherry" },
        "cranberryF": { base: "game:item/gelatin/cranberry" },
        "honeyF": { base: "game:item/gelatin/honey" },
        "lycheeF": { base: "game:item/gelatin/lychee" },
        "mangoF": { base: "game:item/gelatin/mango" },
        "mapleF": { base: "game:item/gelatin/maple" },
        "orangeF": { base: "game:item/gelatin/orange" },
        "peachF": { base: "game:item/gelatin/peach" },
        "pearF": { base: "game:item/gelatin/pear" },
        "pineappleF": { base: "game:item/gelatin/pineapple" },
        "plainF": { base: "game:item/gelatin/plain" },
        "pomegranateF": { base: "game:item/gelatin/pomegranate" },
        "pumpkinF": { base: "game:item/gelatin/pumpkin" },
        "redcurrantF": { base: "game:item/gelatin/redcurrant" },
        "saguaroF": { base: "game:item/gelatin/saguaro" },
        "whitecurrantF": { base: "game:item/gelatin/whitecurrant" },
        "achachaF": { base: "game:item/gelatin/achacha" },
        "apricotF": { base: "game:item/gelatin/apricot" },
        "beautyberryF": { base: "game:item/gelatin/beautyberry" },
        "bitternightshadeF": { base: "game:item/gelatin/bitternightshade" },
        "blacknightshadeF": { base: "game:item/gelatin/blacknightshade" },
        "blacknightshadeunripeF": { base: "game:item/gelatin/blacknightshadeunripe" },
        "blueraspberryF": { base: "game:item/gelatin/blueraspberry" },
        "bluetongueF": { base: "game:item/gelatin/bluetongue" },
        "brambleberryF": { base: "game:item/gelatin/brambleberry" },
        "bunchberryF": { base: "game:item/gelatin/bunchberry" },
        "bushlawyerF": { base: "game:item/gelatin/bushlawyer" },
        "cashewappleF": { base: "game:item/gelatin/cashewapple" },
        "cheeseberryF": { base: "game:item/gelatin/cheeseberry" },
        "cherryplumF": { base: "game:item/gelatin/cherryplum" },
        "chinaberryF": { base: "game:item/gelatin/chinaberry" },
        "citronF": { base: "game:item/gelatin/citron" },
        "cloudberryF": { base: "game:item/gelatin/cloudberry" },
        "cocoaF": { base: "game:item/gelatin/cocoa" },
        "coralbeadF": { base: "game:item/gelatin/coralbead" },
        "creepingpineF": { base: "game:item/gelatin/creepingpine" },
        "crowberryF": { base: "game:item/gelatin/crowberry" },
        "crowseyeF": { base: "game:item/gelatin/crowseye" },
        "dogroseF": { base: "game:item/gelatin/dogrose" },
        "elderberryF": { base: "game:item/gelatin/elderberry" },
        "engkalaF": { base: "game:item/gelatin/engkala" },
        "falseorangeF": { base: "game:item/gelatin/falseorange" },
        "falsestrawberryF": { base: "game:item/gelatin/falsestrawberry" },
        "feijoaF": { base: "game:item/gelatin/feijoa" },
        "figF": { base: "game:item/gelatin/fig" },
        "fingerlimeF": { base: "game:item/gelatin/fingerlime" },
        "flaxlilyF": { base: "game:item/gelatin/flaxlily" },
        "foxgrapeF": { base: "game:item/gelatin/foxgrape" },
        "fractureberryF": { base: "game:item/gelatin/fractureberry" },
        "gardenstrawberryF": { base: "game:item/gelatin/gardenstrawberry" },
        "gooseberryF": { base: "game:item/gelatin/gooseberry" },
        "guajavaF": { base: "game:item/gelatin/guajava" },
        "hawthornF": { base: "game:item/gelatin/hawthorn" },
        "honeypotsF": { base: "game:item/gelatin/honeypots" },
        "honeysuckleF": { base: "game:item/gelatin/honeysuckle" },
        "huckleberryF": { base: "game:item/gelatin/huckleberry" },
        "husktomatoF": { base: "game:item/gelatin/husktomato" },
        "illawarraF": { base: "game:item/gelatin/illawarra" },
        "jujubeF": { base: "game:item/gelatin/jujube" },
        "juniperF": { base: "game:item/gelatin/juniper" },
        "kakahaF": { base: "game:item/gelatin/kakaha" },
        "kawakawaF": { base: "game:item/gelatin/kawakawa" },
        "knyazberryF": { base: "game:item/gelatin/knyazberry" },
        "kumquatF": { base: "game:item/gelatin/kumquat" },
        "lemonaspenF": { base: "game:item/gelatin/lemonaspen" },
        "lillypillypinkF": { base: "game:item/gelatin/lillypillypink" },
        "lingonberryF": { base: "game:item/gelatin/lingonberry" },
        "loquatF": { base: "game:item/gelatin/loquat" },
        "midyimberryF": { base: "game:item/gelatin/midyimberry" },
        "mingimingiF": { base: "game:item/gelatin/mingimingi" },
        "munthariF": { base: "game:item/gelatin/munthari" },
        "naranjillaF": { base: "game:item/gelatin/naranjilla" },
        "numnumF": { base: "game:item/gelatin/numnum" },
        "pandanbitsF": { base: "game:item/gelatin/pandanbits" },
        "piloF": { base: "game:item/gelatin/pilo" },
        "pineheathF": { base: "game:item/gelatin/pineheath" },
        "pittedbeachalmondF": { base: "game:item/gelatin/pittedbeachalmond" },
        "pittedchinaberryF": { base: "game:item/gelatin/pittedchinaberry" },
        "pokeberryF": { base: "game:item/gelatin/pokeberry" },
        "pomeloF": { base: "game:item/gelatin/pomelo" },
        "pricklyheathF": { base: "game:item/gelatin/pricklyheath" },
        "purpleplumF": { base: "game:item/gelatin/purpleplum" },
        "quinceF": { base: "game:item/gelatin/quince" },
        "raspberryF": { base: "game:item/gelatin/raspberry" },
        "redgrapeF": { base: "game:item/gelatin/redgrape" },
        "redquandongF": { base: "game:item/gelatin/redquandong" },
        "roseappleF": { base: "game:item/gelatin/roseapple" },
        "rowanberryF": { base: "game:item/gelatin/rowanberry" },
        "rubysaltbushF": { base: "game:item/gelatin/rubysaltbush" },
        "sallowthornF": { base: "game:item/gelatin/sallowthorn" },
        "sallowthornF": { base: "game:item/gelatin/sallowthorn" },
        "seamangoF": { base: "game:item/gelatin/seamango" },
        "silvernettleF": { base: "game:item/gelatin/silvernettle" },
        "snowberryF": { base: "game:item/gelatin/snowberry" },
        "spindleF": { base: "game:item/gelatin/spindle" },
        "strawberryF": { base: "game:item/gelatin/strawberry" },
        "sumacF": { base: "game:item/gelatin/sumac" },
        "turkscapF": { base: "game:item/gelatin/turkscap" },
        "ugniF": { base: "game:item/gelatin/ugni" },
        "virgingrapeF": { base: "game:item/gelatin/virgingrape" },
        "whitegrapeF": { base: "game:item/gelatin/whitegrape" },
        "wolfberryF": { base: "game:item/gelatin/wolfberry" },
        "appleO": { base: "expandedfoods:item/food/grain/overlays/apple" },
        "blackcurrantO": { base: "expandedfoods:item/food/grain/overlays/blackcurrant" },
        "blueberryO": { base: "expandedfoods:item/food/grain/overlays/blueberry" },
        "breadfruitO": { base: "expandedfoods:item/food/grain/overlays/breadfruit" },
        "cherryO": { base: "expandedfoods:item/food/grain/overlays/cherry" },
        "cranberryO": { base: "expandedfoods:item/food/grain/overlays/cranberry" },
        "lycheeO": { base: "expandedfoods:item/food/grain/overlays/lychee" },
        "mangoO": { base: "expandedfoods:item/food/grain/overlays/mango" },
        "orangeO": { base: "expandedfoods:item/food/grain/overlays/orange" },
        "peachO": { base: "expandedfoods:item/food/grain/overlays/peach" },
        "pearO": { base: "expandedfoods:item/food/grain/overlays/pear" },
        "pineappleO": { base: "expandedfoods:item/food/grain/overlays/pineapple" },
        "pomegranateO": { base: "expandedfoods:item/food/grain/overlays/pomegranate" },
        "pumpkinO": { base: "expandedfoods:item/food/grain/overlays/pumpkin" },
        "redcurrantO": { base: "expandedfoods:item/food/grain/overlays/redcurrant" },
        "saguaroO": { base: "expandedfoods:item/food/grain/overlays/saguaro" },
        "whitecurrantO": { base: "expandedfoods:item/food/grain/overlays/whitecurrant" },
        "achachaO": { base: "expandedfoods:item/food/grain/overlays/achacha" },
        "apricotO": { base: "expandedfoods:item/food/grain/overlays/apricot" },
        "beachalmondO": { base: "expandedfoods:item/food/grain/overlays/beachalmond" },
        "beautyberryO": { base: "expandedfoods:item/food/grain/overlays/beautyberry" },
        "bitternightshadeO": { base: "expandedfoods:item/food/grain/overlays/bitternightshade" },
        "blacknightshadeO": { base: "expandedfoods:item/food/grain/overlays/blacknightshade" },
        "blacknightshadeunripeO": { base: "expandedfoods:item/food/grain/overlays/blacknightshadeunripe" },
        "blueraspberryO": { base: "expandedfoods:item/food/grain/overlays/blueraspberry" },
        "bluetongueO": { base: "expandedfoods:item/food/grain/overlays/bluetongue" },
        "brambleberryO": { base: "expandedfoods:item/food/grain/overlays/brambleberry" },
        "bunchberryO": { base: "expandedfoods:item/food/grain/overlays/bunchberry" },
        "bushlawyerO": { base: "expandedfoods:item/food/grain/overlays/bushlawyer" },
        "cashewappleO": { base: "expandedfoods:item/food/grain/overlays/cashewapple" },
        "cheeseberryO": { base: "expandedfoods:item/food/grain/overlays/cheeseberry" },
        "cherryplumO": { base: "expandedfoods:item/food/grain/overlays/cherryplum" },
        "chinaberryO": { base: "expandedfoods:item/food/grain/overlays/chinaberry" },
        "citronO": { base: "expandedfoods:item/food/grain/overlays/citron" },
        "cloudberryO": { base: "expandedfoods:item/food/grain/overlays/cloudberry" },
        "cocoaO": { base: "expandedfoods:item/food/grain/overlays/cocoa" },
        "coralbeadO": { base: "expandedfoods:item/food/grain/overlays/coralbead" },
        "creepingpineO": { base: "expandedfoods:item/food/grain/overlays/creepingpine" },
        "crowberryO": { base: "expandedfoods:item/food/grain/overlays/crowberry" },
        "crowseyeO": { base: "expandedfoods:item/food/grain/overlays/crowseye" },
        "dogroseO": { base: "expandedfoods:item/food/grain/overlays/dogrose" },
        "elderberryO": { base: "expandedfoods:item/food/grain/overlays/elderberry" },
        "engkalaO": { base: "expandedfoods:item/food/grain/overlays/engkala" },
        "falseorangeO": { base: "expandedfoods:item/food/grain/overlays/falseorange" },
        "falsestrawberryO": { base: "expandedfoods:item/food/grain/overlays/falsestrawberry" },
        "feijoaO": { base: "expandedfoods:item/food/grain/overlays/feijoa" },
        "figO": { base: "expandedfoods:item/food/grain/overlays/fig" },
        "fingerlimeO": { base: "expandedfoods:item/food/grain/overlays/fingerlime" },
        "flaxlilyO": { base: "expandedfoods:item/food/grain/overlays/flaxlily" },
        "foxgrapeO": { base: "expandedfoods:item/food/grain/overlays/foxgrape" },
        "fractureberryO": { base: "expandedfoods:item/food/grain/overlays/fractureberry" },
        "gardenstrawberryO": { base: "expandedfoods:item/food/grain/overlays/gardenstrawberry" },
        "gooseberryO": { base: "expandedfoods:item/food/grain/overlays/gooseberry" },
        "guajavaO": { base: "expandedfoods:item/food/grain/overlays/guajava" },
        "hawthornO": { base: "expandedfoods:item/food/grain/overlays/hawthorn" },
        "honeypotsO": { base: "expandedfoods:item/food/grain/overlays/honeypots" },
        "honeysuckleO": { base: "expandedfoods:item/food/grain/overlays/honeysuckle" },
        "huckleberryO": { base: "expandedfoods:item/food/grain/overlays/huckleberry" },
        "husktomatoO": { base: "expandedfoods:item/food/grain/overlays/husktomato" },
        "illawarraO": { base: "expandedfoods:item/food/grain/overlays/illawarra" },
        "jujubeO": { base: "expandedfoods:item/food/grain/overlays/jujube" },
        "juniperO": { base: "expandedfoods:item/food/grain/overlays/juniper" },
        "kakahaO": { base: "expandedfoods:item/food/grain/overlays/kakaha" },
        "kawakawa": { base: "expandedfoods:item/food/grain/overlays/kawakawa" },
        "knyazberryO": { base: "expandedfoods:item/food/grain/overlays/knyazberry" },
        "kumquatO": { base: "expandedfoods:item/food/grain/overlays/kumquat" },
        "lemonaspenO": { base: "expandedfoods:item/food/grain/overlays/lemonaspen" },
        "lillypillypinkO": { base: "expandedfoods:item/food/grain/overlays/lillypillypink" },
        "lingonberryO": { base: "expandedfoods:item/food/grain/overlays/lingonberry" },
        "loquatO": { base: "expandedfoods:item/food/grain/overlays/loquat" },
        "midyimberryO": { base: "expandedfoods:item/food/grain/overlays/midyimberry" },
        "mingimingiO": { base: "expandedfoods:item/food/grain/overlays/mingimingi" },
        "munthariO": { base: "expandedfoods:item/food/grain/overlays/munthari" },
        "naranjillaO": { base: "expandedfoods:item/food/grain/overlays/naranjilla" },
        "numnumO": { base: "expandedfoods:item/food/grain/overlays/numnum" },
        "pandanbitsO": { base: "expandedfoods:item/food/grain/overlays/pandanbits" },
        "piloO": { base: "expandedfoods:item/food/grain/overlays/pilo" },
        "pineheathO": { base: "expandedfoods:item/food/grain/overlays/pineheath" },
        "pokeberryO": { base: "expandedfoods:item/food/grain/overlays/pokeberry" },
        "pomeloO": { base: "expandedfoods:item/food/grain/overlays/pomelo" },
        "pricklyheathO": { base: "expandedfoods:item/food/grain/overlays/pricklyheath" },
        "purpleplumO": { base: "expandedfoods:item/food/grain/overlays/purpleplum" },
        "quinceO": { base: "expandedfoods:item/food/grain/overlays/quince" },
        "raspberryO": { base: "expandedfoods:item/food/grain/overlays/raspberry" },
        "redgrapeO": { base: "expandedfoods:item/food/grain/overlays/redgrape" },
        "redquandongO": { base: "expandedfoods:item/food/grain/overlays/redquandong" },
        "roseappleO": { base: "expandedfoods:item/food/grain/overlays/roseapple" },
        "rowanberryO": { base: "expandedfoods:item/food/grain/overlays/rowanberry" },
        "rubysaltbushO": { base: "expandedfoods:item/food/grain/overlays/rubysaltbush" },
        "sallowthornO": { base: "expandedfoods:item/food/grain/overlays/sallowthorn" },
        "seamangoO": { base: "expandedfoods:item/food/grain/overlays/seamango" },
        "silvernettleO": { base: "expandedfoods:item/food/grain/overlays/silvernettle" },
        "snowberryO": { base: "expandedfoods:item/food/grain/overlays/snowberry" },
        "spindleO": { base: "expandedfoods:item/food/grain/overlays/spindle" },
        "strawberryO": { base: "expandedfoods:item/food/grain/overlays/strawberry" },
        "sumacO": { base: "expandedfoods:item/food/grain/overlays/sumac" },
        "turkscapO": { base: "expandedfoods:item/food/grain/overlays/turkscap" },
        "ugniO": { base: "expandedfoods:item/food/grain/overlays/ugni" },
        "virgingrapeO": { base: "expandedfoods:item/food/grain/overlays/virgingrape" },
        "whitegrapeO": { base: "expandedfoods:item/food/grain/overlays/whitegrape" },
        "wolfberryO": { base: "expandedfoods:item/food/grain/overlays/wolfberry" },

        "almondO": { base: "expandedfoods:item/food/grain/overlays/almond" },
        "bearnutO": { base: "expandedfoods:item/food/grain/overlays/bearnut" },
        "commonhackberryO": { base: "expandedfoods:item/food/grain/overlays/commonhackberry" },
        "hazelnutO": { base: "expandedfoods:item/food/grain/overlays/hazelnut" },
        "sugarhackberryO": { base: "expandedfoods:item/food/grain/overlays/sugarhackberry" },
    },
    transitionablePropsByType: {
		"*": [
			{
				type: "Perish",
				freshHours: { avg: 2190 },
				transitionHours: { avg: 220 },
				transitionedStack: {
					type: "item",
					code: "game:rot"
				},
				transitionRatio: 0.25
			}
		],
	},
	materialDensity: 600,
	nutritionPropsByType: {
			"*-raw": {
				saturation: 100,
				health: 0.5,
				foodcategory: "Fruit"
			},
	},
	heldTpIdleAnimationByType: {
			"*": "holdbothhands"
	},
	guiTransformByType: {
			"*": {
				translation: { x: 0, y: 0, z: 0 },
				rotation: { x: 145, y: 30, z: 0 },
				origin: { x: 0.45, y: 0.075, z: 0.5 },
				scale: 2.5
			}
	},
	fpHandTransformByType: {
			"*": {
				translation: { x: 0, y: 0, z: 0 },
				rotation: { x: 0, y: 90, z: 0 },
				scale: 1.5
			}
	},
	groundTransformByType: {
			"*": {
				origin: { x: 0.5, y: 0, z: 0.5 },
				scale: 2.5
			}
	},
	tpHandTransformByType: {
		"*": {
			translation: { x: -1.75, y: -0.75, z: -1.25 },
			rotation: { x: 0, y: 0, z: -90 },
			origin: { x: 0.5, y: 0.21, z: 0.48 },
			scale: 0.37
		}
	},
}