{
	code: "sushi",
	maxstacksize: 32,
  	class: "ExpandedFood",
	attributes: {
		displaycaseable: true,
		shelvable: true,
		expandedNutritionProps: {
			"game:salt": {saturation: 10, health: 0.5, foodcategory: "Grain"},
			"game:grain-rice": {saturation: 200, foodcategory: "Grain"},
			"game:pickledvegetable-cabbage": {saturation: 310, foodcategory: "Vegetable"},
			"expandedfoods:driedseaweed": {saturation: 100, foodcategory: "Vegetable"},
			"expandedfoods:choppedvegetable-cabbage": {saturation: 460, foodcategory: "Vegetable"},
			"expandedfoods:choppedvegetable-pickledcarrot": {saturation: 125, foodcategory: "Vegetable"},
			"expandedfoods:choppedvegetable-pickledonion": {saturation: 125, foodcategory: "Vegetable"},
			"expandedfoods:choppedvegetable-pickledparsnip": {saturation: 125, foodcategory: "Vegetable"},
			"expandedfoods:choppedvegetable-pickledturnip": {saturation: 125, foodcategory: "Vegetable"},
			"expandedfoods:choppedvegetable-*": {saturation: 155, foodcategory: "Vegetable"},
			"expandedfoods:choppedmushroom-earthball": {saturation: 125, foodcategory: "Vegetable", health: -8},
			"expandedfoods:choppedmushroom-deathcap": {saturation: 125, foodcategory: "Vegetable", health: -50},
			"expandedfoods:choppedmushroom-funeralbell": {saturation: 125, foodcategory: "Vegetable", health: -40},
			"expandedfoods:choppedmushroom-elfinsaddle": {saturation: 125, foodcategory: "Vegetable", health: -7},
			"expandedfoods:choppedmushroom-jackolantern": {saturation: 125, foodcategory: "Vegetable", health: -6},
			"expandedfoods:choppedmushroom-devilsbolete": {saturation: 125, foodcategory: "Vegetable", health: -10},
			"expandedfoods:choppedmushroom-pinkbonnet": {saturation: 125, foodcategory: "Vegetable", health: -10},
			"expandedfoods:choppedmushroom-flyagaric": {saturation: 125, foodcategory: "Vegetable", health: -6.5},
			"expandedfoods:choppedmushroom-bitterbolete": {saturation: 125, foodcategory: "Vegetable", health: -3},
			"expandedfoods:choppedmushroom-devilstooth": {saturation: 125, foodcategory: "Vegetable", health: -2},
			"expandedfoods:choppedmushroom-golddropmilkcap": {saturation: 125, foodcategory: "Vegetable", health: -2.5},
			"expandedfoods:choppedmushroom-tinderhoof": {saturation: 0, foodcategory: "Vegetable"},
			"expandedfoods:choppedmushroom-*": {saturation: 125, foodcategory: "Vegetable"},
    		"expandedfoods:foodoilportion-*" : { saturation: 6.4, "health": 0.1, foodcategory: "Fruit" },
    		"expandedfoods:treesyrupportion-*" : { saturation: 9.6, "health": 0.1, foodcategory: "Fruit" },
    		"expandedfoods:fishsauce" : { saturation: 5, foodcategory: "Protein" },
    		"expandedfoods:soysauce" : { saturation: 6.4, "health": 0.1, foodcategory: "Protein" },
    		"game:honeyportion" : { saturation: 4, foodcategory: "Fruit" },
		},
		renderIngredientsByType: {
			"*-nooil": {
				"game:legume-soybean": "expandedfoods:shapes/item/food/sushi/sushi-soybean.json",
				"game:pickledlegume-soybean": "expandedfoods:shapes/item/food/sushi/sushi-soybean.json",
				"expandedfoods:choppedvegetable-cabbage": "expandedfoods:shapes/item/food/sushi/sushi-cabbage.json",
				"game:pickledvegetable-cabbage": "expandedfoods:shapes/item/food/sushi/sushi-cabbage.json",
				"expandedfoods:choppedvegetable-kingbolete": "expandedfoods:shapes/item/food/sushi/sushi-kingbolete.json",
				"expandedfoods:choppedvegetable-fieldmushroom": "expandedfoods:shapes/item/food/sushi/sushi-fieldmushroom.json",
				"expandedfoods:choppedvegetable-carrot": "expandedfoods:shapes/item/food/sushi/sushi-carrot.json",
				"expandedfoods:choppedvegetable-pickledcarrot": "expandedfoods:shapes/item/food/sushi/sushi-carrot.json",
				"expandedfoods:choppedvegetable-onion": "expandedfoods:shapes/item/food/sushi/sushi-onion.json",
				"expandedfoods:choppedvegetable-pickledonion": "expandedfoods:shapes/item/food/sushi/sushi-onion.json",
				"expandedfoods:choppedvegetable-parsnip": "expandedfoods:shapes/item/food/sushi/sushi-parsnip.json",
				"expandedfoods:choppedvegetable-pickledparsnip": "expandedfoods:shapes/item/food/sushi/sushi-parsnip.json",
				"expandedfoods:choppedvegetable-turnip": "expandedfoods:shapes/item/food/sushi/sushi-turnip.json",
				"expandedfoods:choppedvegetable-pickledturnip": "expandedfoods:shapes/item/food/sushi/sushi-turnip.json",
				"expandedfoods:choppedvegetable-cassava": "expandedfoods:shapes/item/food/sushi/sushi-cassava.json",
				"expandedfoods:choppedvegetable-bellpepper": "expandedfoods:shapes/item/food/sushi/sushi-bellpepper.json",
				"wildcraft:minerslettuce": "expandedfoods:shapes/item/food/sushi/sushi-cabbage.json",
			},
			"*-oil": {
				"game:legume-soybean": "expandedfoods:shapes/item/food/sushi/sushi-soybean-sauce.json",
				"game:pickledlegume-soybean": "expandedfoods:shapes/item/food/sushi/sushi-soybean-sauce.json",
				"expandedfoods:choppedvegetable-cabbage": "expandedfoods:shapes/item/food/sushi/sushi-cabbage-sauce.json",
				"game:pickledvegetable-cabbage": "expandedfoods:shapes/item/food/sushi/sushi-cabbage-sauce.json",
				"expandedfoods:choppedvegetable-kingbolete": "expandedfoods:shapes/item/food/sushi/sushi-kingbolete-sauce.json",
				"expandedfoods:choppedvegetable-fieldmushroom": "expandedfoods:shapes/item/food/sushi/sushi-fieldmushroom-sauce.json",
				"expandedfoods:choppedvegetable-carrot": "expandedfoods:shapes/item/food/sushi/sushi-carrot-sauce.json",
				"expandedfoods:choppedvegetable-pickledcarrot": "expandedfoods:shapes/item/food/sushi/sushi-carrot-sauce.json",
				"expandedfoods:choppedvegetable-onion": "expandedfoods:shapes/item/food/sushi/sushi-onion-sauce.json",
				"expandedfoods:choppedvegetable-pickledonion": "expandedfoods:shapes/item/food/sushi/sushi-onion-sauce.json",
				"expandedfoods:choppedvegetable-parsnip": "expandedfoods:shapes/item/food/sushi/sushi-parsnip-sauce.json",
				"expandedfoods:choppedvegetable-pickledparsnip": "expandedfoods:shapes/item/food/sushi/sushi-parsnip-sauce.json",
				"expandedfoods:choppedvegetable-turnip": "expandedfoods:shapes/item/food/sushi/sushi-turnip-sauce.json",
				"expandedfoods:choppedvegetable-pickledturnip": "expandedfoods:shapes/item/food/sushi/sushi-turnip-sauce.json",
				"expandedfoods:choppedvegetable-cassava": "expandedfoods:shapes/item/food/sushi/sushi-cassava-sauce.json",
				"expandedfoods:choppedvegetable-bellpepper": "expandedfoods:shapes/item/food/sushi/sushi-bellpepper-sauce.json",
				"game:grain-rice": "expandedfoods:shapes/item/food/sushi/sushi-noveggie-sauce.json",
				"wildcraft:minerslettuce": "expandedfoods:shapes/item/food/sushi/sushi-cabbage-sauce.json",
			},
			"*-honey": {
				"game:legume-soybean": "expandedfoods:shapes/item/food/sushi/sushi-soybean-honey.json",
				"game:pickledlegume-soybean": "expandedfoods:shapes/item/food/sushi/sushi-soybean-honey.json",
				"expandedfoods:choppedvegetable-cabbage": "expandedfoods:shapes/item/food/sushi/sushi-cabbage-honey.json",
				"game:pickledvegetable-cabbage": "expandedfoods:shapes/item/food/sushi/sushi-cabbage-honey.json",
				"expandedfoods:choppedvegetable-kingbolete": "expandedfoods:shapes/item/food/sushi/sushi-kingbolete-honey.json",
				"expandedfoods:choppedvegetable-fieldmushroom": "expandedfoods:shapes/item/food/sushi/sushi-fieldmushroom-honey.json",
				"expandedfoods:choppedvegetable-carrot": "expandedfoods:shapes/item/food/sushi/sushi-carrot-honey.json",
				"expandedfoods:choppedvegetable-pickledcarrot": "expandedfoods:shapes/item/food/sushi/sushi-carrot-honey.json",
				"expandedfoods:choppedvegetable-onion": "expandedfoods:shapes/item/food/sushi/sushi-onion-honey.json",
				"expandedfoods:choppedvegetable-pickledonion": "expandedfoods:shapes/item/food/sushi/sushi-onion-honey.json",
				"expandedfoods:choppedvegetable-parsnip": "expandedfoods:shapes/item/food/sushi/sushi-parsnip-honey.json",
				"expandedfoods:choppedvegetable-pickledparsnip": "expandedfoods:shapes/item/food/sushi/sushi-parsnip-honey.json",
				"expandedfoods:choppedvegetable-turnip": "expandedfoods:shapes/item/food/sushi/sushi-turnip-honey.json",
				"expandedfoods:choppedvegetable-pickledturnip": "expandedfoods:shapes/item/food/sushi/sushi-turnip-honey.json",
				"expandedfoods:choppedvegetable-cassava": "expandedfoods:shapes/item/food/sushi/sushi-cassava-honey.json",
				"expandedfoods:choppedvegetable-bellpepper": "expandedfoods:shapes/item/food/sushi/sushi-bellpepper-honey.json",
				"game:grain-rice": "expandedfoods:shapes/item/food/sushi/sushi-noveggie-honey.json",
				"wildcraft:minerslettuce": "expandedfoods:shapes/item/food/sushi/sushi-cabbage-honey.json",
			},
			"*-peanut": {
				"game:legume-soybean": "expandedfoods:shapes/item/food/sushi/sushi-soybean-peanut.json",
				"game:pickledlegume-soybean": "expandedfoods:shapes/item/food/sushi/sushi-soybean-peanut.json",
				"expandedfoods:choppedvegetable-cabbage": "expandedfoods:shapes/item/food/sushi/sushi-cabbage-peanut.json",
				"game:pickledvegetable-cabbage": "expandedfoods:shapes/item/food/sushi/sushi-cabbage-peanut.json",
				"expandedfoods:choppedvegetable-kingbolete": "expandedfoods:shapes/item/food/sushi/sushi-kingbolete-peanut.json",
				"expandedfoods:choppedvegetable-fieldmushroom": "expandedfoods:shapes/item/food/sushi/sushi-fieldmushroom-peanut.json",
				"expandedfoods:choppedvegetable-carrot": "expandedfoods:shapes/item/food/sushi/sushi-carrot-peanut.json",
				"expandedfoods:choppedvegetable-pickledcarrot": "expandedfoods:shapes/item/food/sushi/sushi-carrot-peanut.json",
				"expandedfoods:choppedvegetable-onion": "expandedfoods:shapes/item/food/sushi/sushi-onion-peanut.json",
				"expandedfoods:choppedvegetable-pickledonion": "expandedfoods:shapes/item/food/sushi/sushi-onion-peanut.json",
				"expandedfoods:choppedvegetable-parsnip": "expandedfoods:shapes/item/food/sushi/sushi-parsnip-peanut.json",
				"expandedfoods:choppedvegetable-pickledparsnip": "expandedfoods:shapes/item/food/sushi/sushi-parsnip-peanut.json",
				"expandedfoods:choppedvegetable-turnip": "expandedfoods:shapes/item/food/sushi/sushi-turnip-peanut.json",
				"expandedfoods:choppedvegetable-pickledturnip": "expandedfoods:shapes/item/food/sushi/sushi-turnip-peanut.json",
				"expandedfoods:choppedvegetable-cassava": "expandedfoods:shapes/item/food/sushi/sushi-cassava-peanut.json",
				"expandedfoods:choppedvegetable-bellpepper": "expandedfoods:shapes/item/food/sushi/sushi-bellpepper-peanut.json",
				"game:grain-rice": "expandedfoods:shapes/item/food/sushi/sushi-noveggie-peanut.json",
				"wildcraft:minerslettuce": "expandedfoods:shapes/item/food/sushi/sushi-cabbage-peanut.json",
			},
		},
	},
	variantgroups: [
		{ code: "veggie", loadFromProperties: "block/mushroom", states: ["bellpepper", "cabbage", "carrot", "cassava", "onion", "parsnip", "soybean", "turnip", "noveggie", "minerslettuce"] },
		{ code: "oiled", states: ["nooil", "oil", "honey", "peanut"]},
	],
	materialDensity: 150,
	shapeByType: {
		"*-bellpepper-nooil": { base: "item/food/sushi/sushi-bellpepper"},
		"*-bellpepper-oil": { base: "item/food/sushi/sushi-bellpepper-sauce"},
		"*-bellpepper-honey": { base: "item/food/sushi/sushi-bellpepper-honey"},
		"*-bellpepper-peanut": { base: "item/food/sushi/sushi-bellpepper-peanut"},
		"@*-(minerslettuce|cabbage)-nooil": { base: "item/food/sushi/sushi-cabbage"},
		"@*-(minerslettuce|cabbage)-oil": { base: "item/food/sushi/sushi-cabbage-sauce"},
		"@*-(minerslettuce|cabbage)-honey": { base: "item/food/sushi/sushi-cabbage-honey"},
		"@*-(minerslettuce|cabbage)-peanut": { base: "item/food/sushi/sushi-cabbage-peanut"},
		"*-carrot-nooil": { base: "item/food/sushi/sushi-carrot"},
		"*-carrot-oil": { base: "item/food/sushi/sushi-carrot-sauce"},
		"*-carrot-honey": { base: "item/food/sushi/sushi-carrot-honey"},
		"*-carrot-peanut": { base: "item/food/sushi/sushi-carrot-peanut"},
		"*-cassava-nooil": { base: "item/food/sushi/sushi-cassava"},
		"*-cassava-oil": { base: "item/food/sushi/sushi-cassava-sauce"},
		"*-cassava-honey": { base: "item/food/sushi/sushi-cassava-honey"},
		"*-cassava-peanut": { base: "item/food/sushi/sushi-cassava-peanut"},
		"*-onion-nooil": { base: "item/food/sushi/sushi-onion"},
		"*-onion-oil": { base: "item/food/sushi/sushi-onion-sauce"},
		"*-onion-honey": { base: "item/food/sushi/sushi-onion-honey"},
		"*-onion-peanut": { base: "item/food/sushi/sushi-onion-peanut"},
		"*-parsnip-nooil": { base: "item/food/sushi/sushi-parsnip"},
		"*-parsnip-oil": { base: "item/food/sushi/sushi-parsnip-sauce"},
		"*-parsnip-honey": { base: "item/food/sushi/sushi-parsnip-honey"},
		"*-parsnip-peanut": { base: "item/food/sushi/sushi-parsnip-peanut"},
		"*-soybean-nooil": { base: "item/food/sushi/sushi-soybean"},
		"*-soybean-oil": { base: "item/food/sushi/sushi-soybean-sauce"},
		"*-soybean-honey": { base: "item/food/sushi/sushi-soybean-honey"},
		"*-soybean-peanut": { base: "item/food/sushi/sushi-soybean-peanut"},
		"*-turnip-nooil": { base: "item/food/sushi/sushi-turnip"},
		"*-turnip-oil": { base: "item/food/sushi/sushi-turnip-sauce"},
		"*-turnip-honey": { base: "item/food/sushi/sushi-turnip-honey"},
		"*-turnip-peanut": { base: "item/food/sushi/sushi-turnip-peanut"},
		"*-noveggie-nooil": { base: "item/food/sushi/sushi-noveggie"},
		"*-noveggie-oil": { base: "item/food/sushi/sushi-noveggie-sauce"},
		"*-noveggie-honey": { base: "item/food/sushi/sushi-noveggie-honey"},
		"*-noveggie-peanut": { base: "item/food/sushi/sushi-noveggie-peanut"},
		"*-blacktrumpet-nooil": { base: "item/food/sushi/sushi-mushroomblack"},
		"*-blacktrumpet-oil": { base: "item/food/sushi/sushi-mushroomblack-sauce"},
		"*-blacktrumpet-honey": { base: "item/food/sushi/sushi-mushroomblack-honey"},
		"*-blacktrumpet-peanut": { base: "item/food/sushi/sushi-mushroomblack-peanut"},
		"@*-(chanterelle|chickenofthewoods|golddropmilkcap|jackolantern|saffronmilkcap)-nooil": { base: "item/food/sushi/sushi-mushroomyellow"},
		"@*-(chanterelle|chickenofthewoods|golddropmilkcap|jackolantern|saffronmilkcap)-oil": { base: "item/food/sushi/sushi-mushroomyellow-sauce"},
		"@*-(chanterelle|chickenofthewoods|golddropmilkcap|jackolantern|saffronmilkcap)-honey": { base: "item/food/sushi/sushi-mushroomyellow-honey"},
		"@*-(chanterelle|chickenofthewoods|golddropmilkcap|jackolantern|saffronmilkcap)-peanut": { base: "item/food/sushi/sushi-mushroomyellow-peanut"},
		"@*-(beardedtooth|deathcap|livermushroom|puffball|whiteoyster)-nooil": { base: "item/food/sushi/sushi-mushroomoffwhite"},
		"@*-(beardedtooth|deathcap|livermushroom|puffball|whiteoyster)-oil": { base: "item/food/sushi/sushi-mushroomoffwhite-sauce"},
		"@*-(beardedtooth|deathcap|livermushroom|puffball|whiteoyster)-honey": { base: "item/food/sushi/sushi-mushroomoffwhite-honey"},
		"@*-(beardedtooth|deathcap|livermushroom|puffball|whiteoyster)-peanut": { base: "item/food/sushi/sushi-mushroomoffwhite-peanut"},
		"@*-(deerear|devilbolete|funeralbell|orangeoakbolete)-nooil": { base: "item/food/sushi/sushi-mushroomorange"},
		"@*-(deerear|devilbolete|funeralbell|orangeoakbolete)-oil": { base: "item/food/sushi/sushi-mushroomorange-sauce"},
		"@*-(deerear|devilbolete|funeralbell|orangeoakbolete)-honey": { base: "item/food/sushi/sushi-mushroomorange-honey"},
		"@*-(deerear|devilbolete|funeralbell|orangeoakbolete)-peanut": { base: "item/food/sushi/sushi-mushroomorange-peanut"},
		"*-devilstooth-nooil": { base: "item/food/sushi/sushi-mushroomdevilstooth"},
		"*-devilstooth-oil": { base: "item/food/sushi/sushi-mushroomdevilstooth-sauce"},
		"*-devilstooth-honey": { base: "item/food/sushi/sushi-mushroomdevilstooth-honey"},
		"*-devilstooth-peanut": { base: "item/food/sushi/sushi-mushroomdevilstooth-peanut"},
		"@*-(elfinsaddle|flyagaric|redwinecap|witchhat)-nooil": { base: "item/food/sushi/sushi-mushroomred"},
		"@*-(elfinsaddle|flyagaric|redwinecap|witchhat)-oil": { base: "item/food/sushi/sushi-mushroomred-sauce"},
		"@*-(elfinsaddle|flyagaric|redwinecap|witchhat)-honey": { base: "item/food/sushi/sushi-mushroomred-honey"},
		"@*-(elfinsaddle|flyagaric|redwinecap|witchhat)-peanut": { base: "item/food/sushi/sushi-mushroomred-peanut"},
		"*-greencrackedrussula-nooil": { base: "item/food/sushi/sushi-mushroomgreen"},
		"*-greencrackedrussula-oil": { base: "item/food/sushi/sushi-mushroomgreen-sauce"},
		"*-greencrackedrussula-honey": { base: "item/food/sushi/sushi-mushroomgreen-honey"},
		"*-greencrackedrussula-peanut": { base: "item/food/sushi/sushi-mushroomgreen-peanut"},
		"@*-(indigomilkcap|tinderhoof)-nooil": { base: "item/food/sushi/sushi-mushroomblue"},
		"@*-(indigomilkcap|tinderhoof)-oil": { base: "item/food/sushi/sushi-mushroomblue-sauce"},
		"@*-(indigomilkcap|tinderhoof)-honey": { base: "item/food/sushi/sushi-mushroomblue-honey"},
		"@*-(indigomilkcap|tinderhoof)-peanut": { base: "item/food/sushi/sushi-mushroomblue-peanut"},
		"*-lobster-nooil": { base: "item/food/sushi/sushi-mushroomlobster"},
		"*-lobster-oil": { base: "item/food/sushi/sushi-mushroomlobster-sauce"},
		"*-lobster-honey": { base: "item/food/sushi/sushi-mushroomlobster-honey"},
		"*-lobster-peanut": { base: "item/food/sushi/sushi-mushroomlobster-peanut"},
		"@*-(pinkbonnet|pinkoyster)-nooil": { base: "item/food/sushi/sushi-mushroompink"},
		"@*-(pinkbonnet|pinkoyster)-oil": { base: "item/food/sushi/sushi-mushroompink-sauce"},
		"@*-(pinkbonnet|pinkoyster)-honey": { base: "item/food/sushi/sushi-mushroompink-honey"},
		"@*-(pinkbonnet|pinkoyster)-peanut": { base: "item/food/sushi/sushi-mushroompink-peanut"},
		"@*-(bitterbolete|blackmushroom|bolete|commonmorel|dryadsaddle|earthball|kingbolete|reishi|sagemushroom|shiitake)-nooil": { base: "item/food/sushi/sushi-mushroombrown"},
		"@*-(bitterbolete|blackmushroom|bolete|commonmorel|dryadsaddle|earthball|kingbolete|reishi|sagemushroom|shiitake)-oil": { base: "item/food/sushi/sushi-mushroombrown-sauce"},
		"@*-(bitterbolete|blackmushroom|bolete|commonmorel|dryadsaddle|earthball|kingbolete|reishi|sagemushroom|shiitake)-honey": { base: "item/food/sushi/sushi-mushroombrown-honey"},
		"@*-(bitterbolete|blackmushroom|bolete|commonmorel|dryadsaddle|earthball|kingbolete|reishi|sagemushroom|shiitake)-peanut": { base: "item/food/sushi/sushi-mushroombrown-peanut"},
		"@*-(almondmushroom|fieldmushroom|paddystraw)-nooil": { base: "item/food/sushi/sushi-mushroomwhite"},
		"@*-(almondmushroom|fieldmushroom|paddystraw)-oil": { base: "item/food/sushi/sushi-mushroomwhite-sauce"},
		"@*-(almondmushroom|fieldmushroom|paddystraw)-honey": { base: "item/food/sushi/sushi-mushroomwhite-honey"},
		"@*-(almondmushroom|fieldmushroom|paddystraw)-peanut": { base: "item/food/sushi/sushi-mushroomwhite-peanut"},
		"*-violetwebcap-nooil": { base: "item/food/sushi/sushi-mushroompurple"},
		"*-violetwebcap-oil": { base: "item/food/sushi/sushi-mushroompurple-sauce"},
		"*-violetwebcap-honey": { base: "item/food/sushi/sushi-mushroompurple-honey"},
		"*-violetwebcap-peanut": { base: "item/food/sushi/sushi-mushroompurple-peanut"},
	},
  	texturesByType: {
		"*": {
			sushicabbage: { base: "expandedfoods:item/food/sushi/sushicabbage"},
			sushicabbagesauce: { base: "expandedfoods:item/food/sushi/sushicabbagesauce"},
			sushicabbagehoney: { base: "expandedfoods:item/food/sushi/sushicabbagehoney"},
			sushicabbagepeanut: { base: "expandedfoods:item/food/sushi/sushicabbagepeanut"},
			sushicarrot: { base: "expandedfoods:item/food/sushi/sushicarrot"},
			sushicarrotsauce: { base: "expandedfoods:item/food/sushi/sushicarrotsauce"},
			sushicarrothoney: { base: "expandedfoods:item/food/sushi/sushicarrothoney"},
			sushicarrotpeanut: { base: "expandedfoods:item/food/sushi/sushicarrotpeanut"},
			sushionion: { base: "expandedfoods:item/food/sushi/sushionion"},
			sushionionsauce: { base: "expandedfoods:item/food/sushi/sushionionsauce"},
			sushionionhoney: { base: "expandedfoods:item/food/sushi/sushionionhoney"},
			sushionionpeanut: { base: "expandedfoods:item/food/sushi/sushionionpeanut"},
			sushiparsnip: { base: "expandedfoods:item/food/sushi/sushiparsnip"},
			sushiparsnipsauce: { base: "expandedfoods:item/food/sushi/sushiparsnipsauce"},
			sushiparsniphoney: { base: "expandedfoods:item/food/sushi/sushiparsniphoney"},
			sushiparsnippeanut: { base: "expandedfoods:item/food/sushi/sushiparsnippeanut"},
			sushiturnip: { base: "expandedfoods:item/food/sushi/sushiturnip"},
			sushiturnipsauce: { base: "expandedfoods:item/food/sushi/sushiturnipsauce"},
			sushiturniphoney: { base: "expandedfoods:item/food/sushi/sushiturniphoney"},
			sushiturnippeanut: { base: "expandedfoods:item/food/sushi/sushiturnippeanut"},
			sushicassava: { base: "expandedfoods:item/food/sushi/sushicassava"},
			sushicassavasauce: { base: "expandedfoods:item/food/sushi/sushicassavasauce"},
			sushicassavahoney: { base: "expandedfoods:item/food/sushi/sushicassavahoney"},
			sushicassavapeanut: { base: "expandedfoods:item/food/sushi/sushicassavapeanut"},
			sushibellpepper: { base: "expandedfoods:item/food/sushi/sushibellpepper"},
			sushibellpeppersauce: { base: "expandedfoods:item/food/sushi/sushibellpeppersauce"},
			sushibellpepperhoney: { base: "expandedfoods:item/food/sushi/sushibellpepperhoney"},
			sushibellpepperpeanut: { base: "expandedfoods:item/food/sushi/sushibellpepperpeanut"},
			sushisoybean: { base: "expandedfoods:item/food/sushi/sushisoybean"},
			sushisoybeansauce: { base: "expandedfoods:item/food/sushi/sushisoybeansauce"},
			sushisoybeanhoney: { base: "expandedfoods:item/food/sushi/sushisoybeanhoney"},
			sushisoybeanpeanut: { base: "expandedfoods:item/food/sushi/sushisoybeanpeanut"},
			sushirice: { base: "expandedfoods:item/food/sushi/sushirice"},
			sushiricesauce: { base: "expandedfoods:item/food/sushi/sushiricesauce"},
			sushiricehoney: { base: "expandedfoods:item/food/sushi/sushiricehoney"},
			sushiricepeanut: { base: "expandedfoods:item/food/sushi/sushiricepeanut"},
			sushifieldmushroom: { base: "expandedfoods:item/food/sushi/sushimushroomwhite"},
			sushifieldmushroomsauce: { base: "expandedfoods:item/food/sushi/sushimushroomwhitesauce"},
			sushifieldmushroomhoney: { base: "expandedfoods:item/food/sushi/sushimushroomwhitehoney"},
			sushifieldmushroompeanut: { base: "expandedfoods:item/food/sushi/sushimushroomwhitepeanut"},
			sushimushroomblack: { base: "expandedfoods:item/food/sushi/sushimushroomblack"},
			sushimushroomblacksauce: { base: "expandedfoods:item/food/sushi/sushimushroomblacksauce"},
			sushimushroomblackhoney: { base: "expandedfoods:item/food/sushi/sushimushroomblackhoney"},
			sushimushroomblackpeanut: { base: "expandedfoods:item/food/sushi/sushimushroomblackpeanut"},
			sushimushroomyellow: { base: "expandedfoods:item/food/sushi/sushimushroomyellow"},
			sushimushroomyellowsauce: { base: "expandedfoods:item/food/sushi/sushimushroomyellowsauce"},
			sushimushroomyellowhoney: { base: "expandedfoods:item/food/sushi/sushimushroomyellowhoney"},
			sushimushroomyellowpeanut: { base: "expandedfoods:item/food/sushi/sushimushroomyellowpeanut"},
			sushimushroomoffwhite: { base: "expandedfoods:item/food/sushi/sushimushroomoffwhite"},
			sushimushroomoffwhitesauce: { base: "expandedfoods:item/food/sushi/sushimushroomoffwhitesauce"},
			sushimushroomoffwhitehoney: { base: "expandedfoods:item/food/sushi/sushimushroomoffwhitehoney"},
			sushimushroomoffwhitepeanut: { base: "expandedfoods:item/food/sushi/sushimushroomoffwhitepeanut"},
			sushimushroomorange: { base: "expandedfoods:item/food/sushi/sushimushroomorange"},
			sushimushroomorangesauce: { base: "expandedfoods:item/food/sushi/sushimushroomorangesauce"},
			sushimushroomorangehoney: { base: "expandedfoods:item/food/sushi/sushimushroomorangehoney"},
			sushimushroomorangepeanut: { base: "expandedfoods:item/food/sushi/sushimushroomorangepeanut"},
			sushimushroomdevilstooth: { base: "expandedfoods:item/food/sushi/sushimushroomdevilstooth"},
			sushimushroomdevilstoothsauce: { base: "expandedfoods:item/food/sushi/sushimushroomdevilstoothsauce"},
			sushimushroomdevilstoothhoney: { base: "expandedfoods:item/food/sushi/sushimushroomdevilstoothhoney"},
			sushimushroomdevilstoothpeanut: { base: "expandedfoods:item/food/sushi/sushimushroomdevilstoothpeanut"},
			sushimushroomgreen: { base: "expandedfoods:item/food/sushi/sushimushroomgreen"},
			sushimushroomgreensauce: { base: "expandedfoods:item/food/sushi/sushimushroomgreensauce"},
			sushimushroomgreenhoney: { base: "expandedfoods:item/food/sushi/sushimushroomgreenhoney"},
			sushimushroomgreenpeanut: { base: "expandedfoods:item/food/sushi/sushimushroomgreenpeanut"},
			sushimushroomblue: { base: "expandedfoods:item/food/sushi/sushimushroomblue"},
			sushimushroombluesauce: { base: "expandedfoods:item/food/sushi/sushimushroombluesauce"},
			sushimushroombluehoney: { base: "expandedfoods:item/food/sushi/sushimushroombluehoney"},
			sushimushroombluepeanut: { base: "expandedfoods:item/food/sushi/sushimushroombluepeanut"},
			sushimushroomlobster: { base: "expandedfoods:item/food/sushi/sushimushroomlobster"},
			sushimushroomlobstersauce: { base: "expandedfoods:item/food/sushi/sushimushroomlobstersauce"},
			sushimushroomlobsterhoney: { base: "expandedfoods:item/food/sushi/sushimushroomlobsterhoney"},
			sushimushroomlobsterpeanut: { base: "expandedfoods:item/food/sushi/sushimushroomlobsterpeanut"},
			sushimushroompink: { base: "expandedfoods:item/food/sushi/sushimushroompink"},
			sushimushroompinksauce: { base: "expandedfoods:item/food/sushi/sushimushroompinksauce"},
			sushimushroompinkhoney: { base: "expandedfoods:item/food/sushi/sushimushroompinkhoney"},
			sushimushroompinkpeanut: { base: "expandedfoods:item/food/sushi/sushimushroompinkpeanut"},
			sushimushroombrown: { base: "expandedfoods:item/food/sushi/sushimushroombrown"},
			sushimushroombrownsauce: { base: "expandedfoods:item/food/sushi/sushimushroombrownsauce"},
			sushimushroombrownhoney: { base: "expandedfoods:item/food/sushi/sushimushroombrownhoney"},
			sushimushroombrownpeanut: { base: "expandedfoods:item/food/sushi/sushimushroombrownpeanut"},
			sushimushroomwhite: { base: "expandedfoods:item/food/sushi/sushimushroomwhite"},
			sushimushroomwhitesauce: { base: "expandedfoods:item/food/sushi/sushimushroomwhitesauce"},
			sushimushroomwhitehoney: { base: "expandedfoods:item/food/sushi/sushimushroomwhitehoney"},
			sushimushroomwhitepeanut: { base: "expandedfoods:item/food/sushi/sushimushroomwhitepeanut"},
			sushimushroompurple: { base: "expandedfoods:item/food/sushi/sushimushroompurple"},
			sushimushroompurplesauce: { base: "expandedfoods:item/food/sushi/sushimushroompurplesauce"},
			sushimushroompurplehoney: { base: "expandedfoods:item/food/sushi/sushimushroompurplehoney"},
			sushimushroompurplepeanut: { base: "expandedfoods:item/food/sushi/sushimushroompurplepeanut"},
			sushiroll: {base: "expandedfoods:item/food/sushi/sushiroll"},
		},
  	},
	creativeinventory: { "general": ["*"], "items": ["*"], "expandedfoods": ["*"] },
	nutritionProps: { satiety: 50, foodcategory: "Vegetable" },
	guiTransform: {
		translation: { x: 3, y: 0, z: 0 },
		rotation: { x: -23, y: 23, z: 90 },
		origin: { x: 0.47, y: 0.10, z: 0.5 },
		scale: 4.5
	},
	groundTransform: {
		translation: { x: 0, y: 0, z: 0 },
		rotation: { x: 0, y: 0, z: 1 },
		origin: { x: 0.5, y: 0, z: 0.5 },
		scale: 4.5
	},
	tpHandTransform: {
		translation: { x: -0.54, y: -0.16, z: -0.4 },
		rotation: { x: 44, y: -69, z: 2 },
		origin: { x: 0.5, y: 0.13, z: 0.5 },
		scale: 1
	},
	fpHandTransform: {
		translation: { x: 0, y: 0.24, z: 0.3 },
		rotation: { x: 104, y: 0, z: 71 },
		origin: { x: 0.5, y: 0.1, z: 0.5 },
		scale: 2.5
	},
	transitionablePropsByType: {
		"*-honey": [{
			type: "Perish",
			freshHours: { avg: 240 },
			transitionHours: { avg: 36 },
			transitionedStack: { type: "item", code: "game:rot" },
			transitionRatio: 0.25
		}],
		"*-peanut": [{
			type: "Perish",
			freshHours: { avg: 120 },
			transitionHours: { avg: 36 },
			transitionedStack: { type: "item", code: "game:rot" },
			transitionRatio: 0.25
		}],
		"*-nooil": [{
			type: "Perish",
			freshHours: { avg: 96 },
			transitionHours: { avg: 24 },
			transitionedStack: { type: "item", code: "game:rot" },
			transitionRatio: 0.5
		}],
		"*-oil": [{
			type: "Perish",
			freshHours: { avg: 120 },
			transitionHours: { avg: 36 },
			transitionedStack: { type: "item", code: "game:rot" },
			transitionRatio: 0.25
		}]
	}
}