[
	{
		"ingredientPattern": "EAE,MXM",
		"ingredients": {
			"X": {
				"type": "block",
				"code": "oculus-burned-pedestal-north",
				"quantity": 1
			},
			"M": {
				"type": "item",
				"code": "manastone-none",
				"quantity": 2
			},
			"E": {
				"type": "item",
				"code": "shiftingfibers",
				"quantity": 2
			},
			"A": {
				"type": "item",
				"code": "arcanus-lesser",
				"quantity": 4
			}
		},
		"width": 3,
		"height": 2,
		"output": {
			"type": "block",
			"code": "oculus-tier1-pedestal-north",
			"quantity": 1
		}
	}
]