{
	"code": "dogcollar",
	"class": "ItemPetAccessory",
	"shape": {
		"base": "collar/dog-wolf/collar"
	},
	"attributes": {
		"wearableAttachment": true,
		"cothingType": "NECK",
		"validPets": [
			"dog-wolf-male",
			"dog-wolf-female",
			"dog-hunting-male",
			"dog-hunting-female",
			"dog-shepherd-male",
			"dog-shepherd-female",
			"dog-corgi-male",
			"dog-corgi-female",
			"dog-wolf-pup",
			"dog-shepherd-pup",
			"dog-hunting-pup",
			"dog-corgi-pup"
		],
		"handbook": {
			"groupBy": [
				"dogcollar-{type}-*"
			]
		},
		"shapes": {
			"dog-wolf-male": {
				"base": "wolftaming:collar/dog-wolf/collar"
			},
			"dog-wolf-female": {
				"base": "wolftaming:collar/dog-wolf/collar"
			},
			"dog-shepherd-male": {
				"base": "wolftaming:collar/dog-wolf/collar"
			},
			"dog-shepherd-female": {
				"base": "wolftaming:collar/dog-wolf/collar"
			},
			"dog-hunting-male": {
				"base": "wolftaming:collar/dog-hunting/collar"
			},
			"dog-hunting-female": {
				"base": "wolftaming:collar/dog-hunting/collar"
			},
			"dog-corgi-male": {
				"base": "wolftaming:collar/pup/collar"
			},
			"dog-corgi-female": {
				"base": "wolftaming:collar/pup/collar"
			},
			"dog-wolf-pup": {
				"base": "wolftaming:collar/pup/collar"
			},
			"dog-shepherd-pup": {
				"base": "wolftaming:collar/pup/collar"
			},
			"dog-hunting-pup": {
				"base": "wolftaming:collar/pup/collar"
			},
			"dog-corgi-pup": {
				"base": "wolftaming:collar/pup/collar"
			}
		}
	},
	"maxstacksize": 1,
	"variantgroups": [
		{
			"code": "type",
			"states": [
				"chipped",
				"spiked",
				"basic"
			]
		},
		{
			"code": "metal",
			"states": [
				"copper",
				"tinbronze",
				"blackbronze",
				"gold",
				"silver",
				"iron"
			]
		}
	],
	"textures": {
		"spikes": {
			"baseByType": {
				"dogcollar-chipped-*": "game:block/transparent",
				"dogcollar-spiked-*": "game:block/metal/plate/{metal}",
				"dogcollar-basic-*": "game:block/transparent"
			}
		},
		"dogtag": {
			"baseByType": {
				"dogcollar-chipped-*": "game:block/metal/plate/{metal}",
				"dogcollar-spiked-*": "game:block/transparent",
				"dogcollar-basic-*": "game:block/transparent"
			}
		},
		"metal": {
			"base": "game:block/metal/plate/{metal}"
		}
	},
	"creativeinventory": {
		"general": [
			"*"
		],
		"items": [
			"*"
		],
		"clothing": [
			"*"
		]
	},
	"guiTransform": {
		"translation": {
			"x": 0,
			"y": 0,
			"z": 0
		},
		"rotation": {
			"x": 0,
			"y": 45,
			"z": -45
		},
		"origin": {
			"x": 0,
			"y": 0,
			"z": 0.4
		},
		"scale": 2
	},
	"groundTransform": {
		"translation": {
			"x": 0,
			"y": 0,
			"z": 0
		},
		"rotation": {
			"x": 0,
			"y": 0,
			"z": 90
		},
		"origin": {
			"x": 0,
			"y": 0,
			"z": 0
		},
		"scale": 3.5
	},
	"fpHandTransform": {
		"translation": {
			"x": 0,
			"y": 0,
			"z": 0
		},
		"rotation": {
			"x": 0,
			"y": 0,
			"z": -45
		},
		"origin": {
			"x": 0,
			"y": 0,
			"z": 0
		},
		"scale": 2.41
	},
	"tpHandTransform": {
		"translation": {
			"x": 0,
			"y": -0.5,
			"z": 0
		},
		"rotation": {
			"x": 1,
			"y": 57,
			"z": 18
		},
		"origin": {
			"x": 0,
			"y": 0,
			"z": 0
		},
		"scale": 0.65
	}
}