{
	"code": "dogscarf",
	"class": "ItemPetAccessory",
	"shape": {
		"base": "collar/dog-wolf/scarf"
	},
	"attributes": {
		"wearableAttachment": true,
		"cothingType": "NECK",
		"validPets": [
			"dog-wolf-male",
			"dog-wolf-female",
			"dog-hunting-male",
			"dog-hunting-female",
			"dog-shepherd-male",
			"dog-shepherd-female",
			"dog-corgi-male",
			"dog-corgi-female",
			"dog-wolf-pup",
			"dog-shepherd-pup",
			"dog-hunting-pup",
			"dog-corgi-pup"
		],
		"handbook": {
			"groupBy": [
				"dogscarf-*"
			]
		},
		"shapes": {
			"dog-wolf-male": {
				"base": "wolftaming:collar/dog-wolf/scarf"
			},
			"dog-wolf-female": {
				"base": "wolftaming:collar/dog-wolf/scarf"
			},
			"dog-shepherd-male": {
				"base": "wolftaming:collar/dog-wolf/scarf"
			},
			"dog-shepherd-female": {
				"base": "wolftaming:collar/dog-wolf/scarf"
			},
			"dog-hunting-male": {
				"base": "wolftaming:collar/dog-hunting/scarf"
			},
			"dog-hunting-female": {
				"base": "wolftaming:collar/dog-hunting/scarf"
			},
			"dog-corgi-male": {
				"base": "wolftaming:collar/pup/scarf"
			},
			"dog-corgi-female": {
				"base": "wolftaming:collar/pup/scarf"
			},
			"dog-wolf-pup": {
				"base": "wolftaming:collar/pup/scarf"
			},
			"dog-shepherd-pup": {
				"base": "wolftaming:collar/pup/scarf"
			},
			"dog-hunting-pup": {
				"base": "wolftaming:collar/pup/scarf"
			},
			"dog-corgi-pup": {
				"base": "wolftaming:collar/pup/scarf"
			}
		}
	},
	"maxstacksize": 1,
	"variantgroups": [
		{
			"code": "color",
			"states": [
				"blue",
				"red",
				"orange",
				"green",
				"brown",
				"black",
				"purple",
				"pink",
				"yellow",
				"white",
				"plain",
				"gray"
			]
		}
	],
	"textures": {
		"color": {
			"base": "game:block/cloth/linen/{color}"
		}
	},
	"creativeinventory": {
		"general": [
			"*"
		],
		"items": [
			"*"
		],
		"clothing": [
			"*"
		]
	},
	"guiTransform": {
		"translation": {
			"x": 0,
			"y": 0,
			"z": 0
		},
		"rotation": {
			"x": 0,
			"y": 45,
			"z": -45
		},
		"origin": {
			"x": 0,
			"y": 0,
			"z": 0.4
		},
		"scale": 2
	},
	"groundTransform": {
		"translation": {
			"x": 0,
			"y": 0,
			"z": 0
		},
		"rotation": {
			"x": 0,
			"y": 0,
			"z": 90
		},
		"origin": {
			"x": 0,
			"y": 0,
			"z": 0
		},
		"scale": 3.5
	},
	"fpHandTransform": {
		"translation": {
			"x": 0,
			"y": 0,
			"z": 0
		},
		"rotation": {
			"x": 0,
			"y": 0,
			"z": -45
		},
		"origin": {
			"x": 0,
			"y": 0,
			"z": 0
		},
		"scale": 2.41
	},
	"tpHandTransform": {
		"translation": {
			"x": 0,
			"y": -0.5,
			"z": 0
		},
		"rotation": {
			"x": 1,
			"y": 57,
			"z": 18
		},
		"origin": {
			"x": 0,
			"y": 0,
			"z": 0
		},
		"scale": 0.65
	}
}