{
	"code": "climbingpick",
	"class": "ItemClimbingPick",
	"behaviors": [
		{
			"name": "GroundStorable",
			"properties": {
				"layout": "WallHalves",
				"wallOffY": 1,
				"sprintKey": true,
				"selectionBox": {
					"x1": 0,
					"y1": 0,
					"z1": 0,
					"x2": 1,
					"y2": 0.1,
					"z2": 1
				},
				"collisionBox": {
					"x1": 0,
					"y1": 0,
					"z1": 0,
					"x2": 0,
					"y2": 0,
					"z2": 0
				}
			}
		}
	],
	"variantgroups": [
		{
			"code": "metal",
			"states": [ "iron", "meteoriciron", "steel" ]
		}
	],
	"storageFlags": 257,
	"attributes": {
		"rackable": true,
		"toolrackTransform": {
			"translation": {
				"x": 0,
				"y": 0.5,
				"z": 0
			},
			"rotation": {
				"x": 0,
				"y": 3,
				"z": -1
			}
		},
		"sharpenable": true,
		"onGrindstoneTransform": {
			"translation": {
				"x": 0.2,
				"y": 0.3,
				"z": 0.37
			},
			"rotation": {
				"x": 50,
				"y": 0,
				"z": 0
			},
			"origin": {
				"x": 0.5,
				"y": 0.1,
				"z": 0.5
			},
			"scale": 0.5
		},
		"handbook": {
			"groupBy": [ "climbingpick-*" ]
		},
		"groundStorageTransform": {
			"translation": {
				"x": 0,
				"y": 0.1,
				"z": -0.065
			},
			"rotation": {
				"x": 20,
				"y": 88,
				"z": -87
			},
			"scale": 0.88
		}
	},
	"shape": { "base": "item/tool/climbingpick" },
	"textures": {
		"metal": { "base": "game:block/metal/ingot/{metal}" },
		"handle": { "base": "game:item/tool/material/handle" },
		"string": { "base": "game:item/tool/material/string" }
	},
	"durabilitybytype": {
		"*-iron": 1350,
		"*-meteoriciron": 1800,
		"*-steel": 3400
	},
	"creativeinventory": {
		"general": [ "*" ],
		"items": [ "*" ],
		"tools": [ "*" ]
	},
	"guiTransform": {
		"translation": {
			"x": 0,
			"y": 0,
			"z": 0
		},
		"rotation": {
			"x": -93,
			"y": 30,
			"z": 44
		},
		"origin": {
			"x": 0.5,
			"y": 0,
			"z": 0.05
		},
		"scale": 0.82
	},
	"fpHandTransform": {
		"translation": {
			"x": -0.2,
			"y": -0.2,
			"z": 0
		},
		"rotation": {
			"x": 15,
			"y": 15,
			"z": 90
		},
		"scale": 2.45
	},
	"groundTransform": {
		"translation": {
			"x": 0,
			"y": 0,
			"z": 0
		},
		"rotation": {
			"x": 0,
			"y": 0,
			"z": 0
		},
		"origin": {
			"x": 0.5,
			"y": 0,
			"z": 0.5
		},
		"scale": 1.8
	},
	"tpHandTransform": {
		"translation": {
			"x": -1.79,
			"y": -0.01,
			"z": -0.97
		},
		"rotation": {
			"x": 90,
			"y": 0,
			"z": 0
		},
		"origin": {
			"x": 0.5,
			"y": 0,
			"z": 0.5
		},
		"scale": 0.5
	},
	"grindingProps": {
		"GroundStack": {
			"type": "item",
			"code": "game:metalbit-{metal}",
			"quantity": 10
		}
	}
}
