{
	code: "creature",
	class: "ItemCreature",
	maxstacksize: 1,
	variantgroups: [
		{ code: "genus", states: ["pogona"]},
		{
			code: "type",
			states: [
				"vitticeps",
				"barbata",
				"minor",
				"henrylawsoni",
				"microlepidota",
				"nullarbor",
			]
		},
		
		],

	shape: {
			"base": "entity/land/pogona"
		
	},
	texturesByType: {
		"*-pogona-vitticeps": {
			"skin": { "base": "entity/beardeddragon/pogona-vitticeps" }
		},
		"*-pogona-barbata": {
			"skin": { "base": "entity/beardeddragon/pogona-barbata" }
		},
		"*-pogona-minor": {
			"skin": { "base": "entity/beardeddragon/pogona-minor" }
		},
		"*-pogona-henrylawsoni": {
			"skin": { "base": "entity/beardeddragon/pogona-henrylawsoni" }
		},
		"*-pogona-microlepidota": {
			"skin": { "base": "entity/beardeddragon/pogona-microlepidota" }
		},
		"*-pogona-nullarbor": {
			"skin": { "base": "entity/beardeddragon/pogona-nullarbor" }
		},
	},
	
	
	
	
	creativeinventory: { "general": ["*"], "items": ["*"], "creatures": ["*"] },
	materialDensity: 600,
	guiTransform: {
		
			rotate: true,
			translation: { x: 1, y: -1, z: 0 },
			rotation: { x: -11, y: -52, z: -180 },
			origin: { x: 0.5, y: 0.6, z: 0.5 },
			scale: 0.97		
	},
	
	tpHandTransform: {

			translation: { x: -0.4, y: 0, z: -0.6 },
			rotation: { x: -160, y: -26, z: -90 },
			origin: { x: 0.5, y: 0.1, z: 0.5 },
			scale: 0.45	
	},
	
	fpHandTransform: {
	
			translation: { x: 0.4, y: 0, z: 0 },
			rotation: { x: -8, y: -63, z: -7 }
	}
	

	
	
	
	




