{
	"code": "pelt",
		"behaviors": [
		{ "name": "GroundStorable", "properties": { "layout": "SingleCenter"}}
	],
  "variantgroups": [
    {"code": "type","states": [ "baby","female","male" ]},
    {"code": "species","states": ["bennetti", "casuarius", "cereopsisnovaehollandiae", "novaehollandiae","unappendiculatus" ]}
    ],
	"allowedVariants": [
		"pelt-female-*",
		"pelt-male-*",
		"pelt-baby-bennetti",
		"pelt-baby-casuarius",
		"pelt-baby-novaehollandiae",
		"pelt-baby-unappendiculatus"
	],
  "shapebytype": {
    "*-cereopsisnovaehollandiae": {"base": "item/anatidae/{species}/floorpelt-male"},
    "*": {"base": "item/casuariidae/floorpelt-{species}-{type}"}
  },
  "texturesByType": {
    "*-cereopsisnovaehollandiae": {"skin": {"base": "entity/anatidae/cereopsisnovaehollandiae-adult"}},
    "*-baby-novaehollandiae": {"skin": {"base": "entity/casuariidae/novaehollandiae-baby"},"bottom": {"base": "game:block/leather/plain"}},
    "*-baby-*": {"skin": {"base": "entity/casuariidae/bennetti-baby"},"bottom": {"base": "game:block/leather/plain"}},
    "*": {"skin": {"base": "entity/casuariidae/{species}-adult"},"bottom": {"base": "game:block/leather/plain"}}
  },
	"creativeinventory": { "general": ["*"], "items": ["*"] },
	"maxstacksize": 64,
	"attributes": {
		"handbook": {"groupBy": ["floorpelt-*"]},
		"displaycaseable": false, 
		"shelvable": false,
		"antlerMountableByType": {
			"*": true
		},
		"onAntlerMountTransformByType": {
			"*-female-cereopsisnovaehollandiae": {"translation": { "x": 0.1, "y": 0.7, "z": 0 },"rotation": { "x": 0, "y": 0, "z": -90 },"origin": { "x": 0.0, "y": 0.0, "z": 0.5 },"scale": 0.95},"*-male-cereopsisnovaehollandiae": {"translation": { "x": 0.1, "y": 0.7, "z": 0 },"rotation": { "x": 0, "y": 0, "z": -90 },"origin": { "x": 0, "y": 0.0, "z": 0.5 },"scale": 1.0},
			"*": {"rotation": { "x": 0, "y": 0, "z": -90 },"origin": { "x": 0.1, "y": 0.0, "z": 0.5 },"scale": 1.0}			
		},
		"onDisplayTransform": {
			"translation": { "x": 0, "y": -0.05, "z": 0.0 },
			"rotation": { "x": 0, "y": -45, "z": 0 },
			"origin": { "x": 0.5, "y": 0.5, "z": 0.5 },
			"scale": 1.0
		},
		"groundStorageTransformByType": {
			"*-female-cereopsisnovaehollandiae": {"rotation": { "x": 0, "y": 90, "z": 0 },"origin": { "x": 0.5, "y": 0.0, "z": 0.5 },"scale": 0.95},"*-male-cereopsisnovaehollandiae": {"rotation": { "x": 0, "y": 90, "z": 0 },"origin": { "x": 0.5, "y": 0.0, "z": 0.5 },"scale": 1.0},
			"*": {"rotation": { "x": 0, "y": 90, "z": 0 },"origin": { "x": 0.5, "y": 0.0, "z": 0.5 },"scale": 1}
	}
	},
  "sounds": {
    "walk": "game:walk/cloth"
  },
	"materialDensity": 500,
	"heldTpHitAnimation": "breaktool",
	"fpHandTransform": {
		"translation": { "x": 0, "y": -0.5, "z": -1.5 },
		"rotation": { "x": 180, "y": 0, "z": 90 },
		"scale": 1
	},
	"guiTransformByType": {
    "*-baby-*": {"translation": {"x": 0,"y": 1,"z": 0},"rotation": {"x": 0,"y": 145,"z": 90},"origin": {"x": 0.5,"y": 0.1,"z": 0.5},"scale": 5},
    "*": {"translation": {"x": 0,"y": 1,"z": 0},"rotation": {"x": 0,"y": 145,"z": 90},"origin": {"x": 0.5,"y": 0.1,"z": 0.5},"scale": 2.5}
	},
	"tpHandTransform": {
		"translation": { "x": -0.55, "y": -0.10, "z": -0.45},
		"rotation": { "x": -90, "y": 90, "z": 0 },
		"origin": { "x": 0.5, "y": 0.0, "z": 0.5 },
		"scale": 1.0
	},

		"groundTransformByType": {
			"*-female-cereopsisnovaehollandiae": {"origin": { "x": 0.1, "y": 0.0, "z": 0.5 },"scale": 0.95},"*-male-cereopsisnovaehollandiae": {"origin": { "x": 0.1, "y": 0.0, "z": 0.5 },"scale": 1.0},	
			"*": {"rotation": { "x": 0, "y": 0, "z": 0 },"origin": { "x": 0.5, "y": 0.0, "z": 0.5 },"scale": 1}
	}
	

}