{
  "code": "taxidermy",
	"maxstacksize": 4,
		"behaviors": [
		{ "name": "GroundStorable", "properties": { "layout": "SingleCenter"}}
	],
  "variantgroups": [
    {"code": "type","states": [ "baby","female","male" ]},
    {"code": "species","states": [ "cereopsisnovaehollandiae"]}
  ],
	"allowedVariants": [
		"taxidermy-female-*",
		"taxidermy-male-*"
	],
  "attributes": {
    "handbook": {"groupBy": [ "taxidermy-*" ]},
		"displaycaseable": false, 
		"shelvable": false,
		"groundStorageTransformByType": {
			"*-female-cereopsisnovaehollandiae": {"rotation": { "x": 0, "y": 90, "z": 0 },"origin": { "x": 0.5, "y": 0.0, "z": 0.5 },"scale": 0.95},"*-male-cereopsisnovaehollandiae": {"rotation": { "x": 0, "y": 90, "z": 0 },"origin": { "x": 0.5, "y": 0.0, "z": 0.5 },"scale": 1.0},
			"*": {"rotation": { "x": 0, "y": 90, "z": 0 },"origin": { "x": 0.5, "y": 0.0, "z": 0.5 },"scale": 1}
	}
  },
  "shapebytype": {
    "*-cereopsisnovaehollandiae": {"base": "item/anatidae/{species}/taxidermy-{type}"},
  },
  "creativeinventory": {"general": [ "*" ], "decorative": [ "*" ]
  },
  "texturesByType": {
    "*-cereopsisnovaehollandiae": {"skin": {"base": "entity/anatidae/{species}-adult"}},
  },
  "combustibleProps": {
    "burnTemperature": 400,
    "burnDuration": 10
  },
  "sounds": {
    "place": "game:block/cloth",
    "walk": "game:walk/cloth"
  },
  "guiTransformByType": {
    "*": {
     "translation": {"x": 0,"y": 0,"z": 0},
    "rotation": {"x": -180,"y": -110,"z": 0},
    "origin": {"x": 1,"y": 0.3,"z": 0.5},
    "scale": 1.5
      }
  },
  "groundTransform": {
    "translation": {"x": 0.5,"y": 0,"z": 0},
    "rotation": {"x": 0,"y": 135,"z": 0},
    "origin": {"x": 1,"y": 0.5,"z": 0.5},
    "scale": 1
  },
  "tpHandTransform": {
    "translation": {"x": -0.55,"y": -0.6,"z": -0.15},
    "rotation": {"x": 0,"y": 0,"z": 0},
    "origin": {"x": 0.5,"y": 0.5,"z": 0.1},
    "scale": 1.0
  },
  "fpHandTransform": {
    "rotation": {"x": 0,"y": 0,"z": 0},
    "origin": {"x": 0.5,"y": -1,"z": 1.5}
  },
  "materialDensity": 200
}