[
	{
		"code": "mercuryfromcinnabar",
		"setup": [ "alembicboilingflask", "alembicretortneck" ],
		"ticksPerItem": 20,
		"solidInput": {
			"type": "item",
			"code": "game:crushed-cinnabar",
			"stackSize": 1
		},
		"product": {
			"type": "item",
			"code": "chemistrylib:mercuryportion",
			"stackSize": 1
		}
	},
	{
		"code": "whitetoredphosphorus",
		"setup": [ "alembicboilingflask" ],
		"ticksPerItem": 20,
		"solidInput": {
			"type": "item",
			"code": "chemistrylib:phosphorus-white",
			"stackSize": 1
		},
		"solidByproduct": {
			"type": "item",
			"code": "chemistrylib:phosphorus-red",
			"stackSize": 1
		}
	}
]