[
	{
		"code": "coaltarfromcoal",
		"setup": [ "alembicboilingflask", "alembicretortneck" ],
		"ticksPerItem": 20,
		"solidInput": {
			"type": "item",
			"code": "game:ore-bituminouscoal",
			"stackSize": 1
		},
		"product": {
			"type": "item",
			"code": "chemistrylib:coaltarportion",
			"stackSize": 1
		}
	},
	{
		"code": "pyroligneousacidfromfirewood",
		"setup": [ "alembicboilingflask", "alembiccomponent-refluxvertical", "alembiccomponent-condenser", "alembicretortneck" ],
		"ticksPerItem": 20,
		"solidInput": {
			"type": "item",
			"code": "game:firewood",
			"stackSize": 1
		},
		"product": {
			"type": "item",
			"code": "chemistrylib:pyroligneousacidportion",
			"stackSize": 1
		}
	},
	{
		"code": "acetonefromcalciumacetate",
		"setup": [ "alembicboilingflask", "alembiccomponent-condenser", "alembicretortneck" ],
		"ticksPerItem": 10,
		"solidInput": {
			"type": "item",
			"code": "chemistrylib:calciumacetate",
			"stackSize": 1
		},
		"product": {
			"type": "item",
			"code": "chemistrylib:organicliquidportion-acetone",
			"stackSize": 1
		}
	},
	{
		"code": "turpentinefromresin",
		"setup": [ "alembicboilingflask", "alembiccomponent-condenser", "alembicretortneck" ],
		"ticksPerItem": 30,
		"solidInput": {
			"type": "item",
			"code": "game:resin",
			"stackSize": 1
		},
		"product": {
			"type": "item",
			"code": "chemistrylib:organicliquidportion-turpentine",
			"stackSize": 2
		}
	},
	{
		"code": "pyroligneousdecomposition",
		"setup": [ "alembicboilingflask", "alembiccomponent-refluxvertical", "alembiccomponent-condenser", "alembicretortneck" ],
		"ticksPerItem": 80,
		"liquidInput": {
			"type": "item",
			"code": "chemistrylib:pyroligneousacidportion",
			"stackSize": 20
		},
		"product": {
			"type": "item",
			"code": "chemistrylib:organicliquidportion-methanol",
			"stackSize": 1
		},
		"liquidByproduct": {
			"type": "item",
			"code": "game:vinegarportion",
			"stackSize": 19
		}
	},
	{
		"code": "formaldehydefrommethanol",
		"setup": [ "alembicboilingflask", "alembiccomponent-catalyser", "alembicdissolver" ],
		"ticksPerItem": 30,
		"liquidInput": {
			"type": "item",
			"code": "chemistrylib:organicliquidportion-methanol",
			"stackSize": 1
		},
		"endInput": {
			"type": "item",
			"code": "game:waterportion",
			"stackSize": 1
		},
		"product": {
			"type": "item",
			"code": "chemistrylib:organicliquidportion-formaldehyde",
			"stackSize": 1
		}
	}
]