{
	"editor": {
		"collapsedPaths": "Root/Base/Barrel4,Root/Base/Barrel1,Root/RimMoverLeft/Quadrant10-12,Root/Root/RimMoverLeft,Root/Base/Barrel1/Barrel2,Root/Base/HubLeft/HubFatPart,Root/RimMoverRight1/Hub,Root/Root/Gun/Gun/Detail8,Root/Root/Base,Root/Base/Barrel1/Barrel4,Root/Base/Barrel1/Barrel1Detail2,Root/Hub,Root/Root/Gun/Gun/Detail1,Root/HubRight/HubFatPart,Root/RimMoverLeft/Quadrant1-3,Root/RimMoverRight1/RimMover,Root/RimMoverLeft/Quadrant7-9,Root/Gun/Detail1,Root/Base/BaseRight1,Root/Root/Gun/Gun/BarrelPart2,Root/Root/Gun/Gun/BarrelPart1,Root/Root/RimMoverRight,Root/RimMoverRight2,Root/Gun/Detail8,Root/RimMoverRight1,Root/RimMoverLeft/Hub,Root/RimMoverRight,Root/RimMoverLeft/RimMover,Root/Base/Gun,Root/Root/Gun/Gun/RotatingGunPart,Root/Gun,Root/HubRight,Root/Gun/BarrelStart2,Root/Root/Gun/Gun/RotatingPart,Root/Base/Barrel1/Barrel2/Barrel3,Root/Base/Barrel4/Barrel5,Root/RimMoverLeft1,Root/RimMoverLeft2,Root/Base,Root/RimMover,Root/Base/HubLeft,Root/BarrelStart,Root/HubLeft,Root/Base/Barrel4/Barrel1Detail5,Root/Base/Barrel1/BarrelDetail3,Root/Gun/BarrelPart2,Root/Gun/BarrelPart1,Root/Base/Barrel1/BarrelDetail1,Root/Base/BaseLeft1,Root/Gun/BarrelPart4,Root/Gun/BarrelPart3,Root/Base/HubLeft/WheelLeft2,Root/RimMoverLeft/Quadrant4-6,Root/Gun/RotatingGunPart,Root/Base/Barrel4/Barrel5/Barrel6,Root/Base/HubRight,Root/HubLeft/HubFatPart",
		"allAngles": false,
		"entityTextureMode": false
	},
	"textureWidth": 16,
	"textureHeight": 16,
	"textureSizes": {
	},
	"textures": {
	},
	"elements": [
		{
			"name": "ThinBarrel",
			"from": [ 7.5, 0.0, 0.0 ],
			"to": [ 8.5, 1.0, 16.0 ],
			"rotationOrigin": [ 8.0, 0.5, 9.0 ],
			"faces": {
				"north": { "texture": "#black", "uv": [ 0.0, 0.0, 1.0, 1.0 ], "windMode": [-1,-1,-1,-1] },
				"east": { "texture": "#metalalt", "uv": [ 0.0, 9.0, 16.0, 10.0 ], "windMode": [-1,-1,-1,-1] },
				"south": { "texture": "#black", "uv": [ 4.5, 5.5, 5.5, 6.5 ], "windMode": [-1,-1,-1,-1] },
				"west": { "texture": "#metalalt", "uv": [ 0.0, 6.5, 16.0, 7.5 ], "windMode": [-1,-1,-1,-1] },
				"up": { "texture": "#metalalt", "uv": [ 7.5, 0.0, 8.5, 16.0 ] },
				"down": { "texture": "#metalalt", "uv": [ 12.0, 0.0, 13.0, 16.0 ] }
			}
		}
	]}