{
	"editor": {
		"allAngles": false,
		"entityTextureMode": false
	},
	"textureWidth": 16,
	"textureHeight": 16,
	"textureSizes": {
	},
	"textures": {
	},
	"elements": [
		{
			"name": "Cube1",
			"from": [ 15.0, 1.0, 17.6 ], 
			"to": [ 29.0, 15.0, 17.6 ], 
			"rotationOrigin": [ 15.0, 1.0, 16.4 ],
			"rotationY": 180.0,
			"faces": {
				"north": { "texture": "#null", "uv": [ 0.0, 0.0, 14.0, 14.0 ], "enabled": false },
				"east": { "texture": "#null", "uv": [ 0.0, 0.0, 1.0, 14.0 ], "enabled": false },
				"south": { "texture": "#null", "uv": [ 0.0, 0.0, 14.0, 14.0 ] },
				"west": { "texture": "#null", "uv": [ 0.0, 0.0, 1.0, 14.0 ], "enabled": false },
				"up": { "texture": "#null", "uv": [ 0.0, 0.0, 14.0, 1.0 ], "enabled": false },
				"down": { "texture": "#null", "uv": [ 0.0, 0.0, 14.0, 1.0 ], "enabled": false }
			}
		}
	]}