{
	code: "creature",
	class: "ItemCreature",
	maxstacksize: 1,
	variantgroups: [
		{ code: "genus", states: ["ensatina"]},
		{
			code: "type",
			states: [
				"eschscholtzii",
				"xanthoptica",
				"croceater",
				"platensis",
				"oregonensis",
				"picta",
				"klauberi",
			]
		},
		
		],

	shape: {
			"base": "entity/land/ensatina"
		
	},
	texturesByType: {
		"*-ensatina-eschscholtzii": {
			"skin": { "base": "entity/ensatina/ensatina-eschscholtzii" }
		},
		"*-ensatina-xanthoptica": {
			"skin": { "base": "entity/ensatina/ensatina-xanthoptica" }
		},
		"*-ensatina-croceater": {
			"skin": { "base": "entity/ensatina/ensatina-croceater" }
		},
		"*-ensatina-platensis": {
			"skin": { "base": "entity/ensatina/ensatina-platensis" }
		},
		"*-ensatina-oregonensis": {
			"skin": { "base": "entity/ensatina/ensatina-oregonensis" }
		},
		"*-ensatina-picta": {
			"skin": { "base": "entity/ensatina/ensatina-picta" }
		},
		"*-ensatina-klauberi": {
			"skin": { "base": "entity/ensatina/ensatina-klauberi" }
		},
	},
	
	
	
	creativeinventory: { "general": ["*"], "items": ["*"], "creatures": ["*"] },
	materialDensity: 600,
	guiTransform: {
		
			rotate: true,
			translation: { x: 1, y: -1, z: 0 },
			rotation: { x: -11, y: -52, z: -180 },
			origin: { x: 0.5, y: 0.6, z: 0.5 },
			scale: 0.97		
	},
	
	tpHandTransform: {

			translation: { x: -0.4, y: 0, z: -0.6 },
			rotation: { x: -160, y: -26, z: -90 },
			origin: { x: 0.5, y: 0.1, z: 0.5 },
			scale: 0.45	
	},
	
	fpHandTransform: {
	
			translation: { x: 0.4, y: 0, z: 0 },
			rotation: { x: -8, y: -63, z: -7 }
	}
	

	
	
	
	




