{"GameVersion":"1.19.0","SizeX":7,"SizeY":9,"SizeZ":7,"BlockCodes":{"8613":"game:meta-underground","2966":"game:cobblestone-granite","9493":"game:agedstonebricks-granite","9610":"game:debarkedlog-veryagedrotten-ud","8606":"game:clutter","9609":"game:debarkedlog-veryaged-ud","632":"game:lootvessel-food","8611":"game:meta-filler","8109":"game:chest-east","637":"game:lootvessel-arcticsupplies","9520":"game:door-ruined-rough2","136":"game:multiblock-monolithic-0-p1-0","8411":"game:trapdoor-closed-down-south","412":"game:drycarcass-humanoid2","8380":"game:torch-basic-burnedout-north","8200":"game:firepit-cold"},"ItemCodes":{"262":"game:stackrandomizer-accessory-mediumstatus","275":"game:stackrandomizer-resource","279":"game:stackrandomizer-gear","277":"game:stackrandomizer-lantern","260":"game:stackrandomizer-cloth-highstatus","3647":"game:stackrandomizer-jonasparts","259":"game:stackrandomizer-cloth-mediumstatus","3817":"game:stackrandomizer-rottenkingclothing","269":"game:stackrandomizer-ore","271":"game:stackrandomizer-ingot"},"Indices":[2100224,4196352,4197376,4198400,4199424,5246976,6295552,7344128,8392704,1049601,1050625,1051649,1052673,2099201,2100225,2101249,3150849,4196353,4197377,4199425,4200449,5245953,5246977,5248001,6294529,6295553,6296577,7344129,7345153,2050,3074,4098,1049602,1050626,1051650,1052674,1053698,2098178,2099202,2100226,2101250,2102274,3147778,3148802,3149826,3150850,4195330,4196354,4197378,4198402,4199426,4200450,5244930,5245954,5246978,5248002,5249026,6295554,6297602,7346178,8394754,2051,3075,4099,5123,1048579,1049603,1050627,1051651,1052675,1053699,1054723,2098179,2099203,2100227,2101251,2102275,2103299,3147779,3148803,3149827,3150851,3151875,4195331,4196355,4197379,4198403,4199427,4200451,5244931,5246979,5248003,5249027,6296579,6297603,7346179,8394755,1049604,1050628,1051652,1052676,1053700,2099204,2100228,2101252,2102276,3147780,3148804,3149828,3150852,4195332,4196356,4197380,4198404,4199428,4200452,5244932,5245956,5246980,5249028,6297604,2100229,3149829,3150853,4196357,4197381,4198405,4199429,5245957,5246981,5248005,6294533,6295557,6296581,7345157,4197382,5245958],"BlockIds":[8613,2966,9493,2966,8613,9610,9610,9610,8606,8613,2966,2966,9493,9493,9493,2966,8613,2966,2966,2966,9493,9610,9610,9609,9610,9610,9610,8606,8606,2966,9493,2966,9493,8606,8606,632,2966,9493,8606,8611,8611,9493,2966,9493,9493,2966,8613,9493,9493,9493,2966,9493,8606,8606,8606,8109,9610,8606,9610,9610,9610,9493,2966,9493,2966,8613,2966,637,8606,9520,8606,2966,9493,8611,8611,136,8606,9493,2966,9493,9493,8606,9493,9493,9493,9493,2966,8411,9493,8606,412,8606,9609,8380,9609,9610,8606,8613,9493,9493,2966,9493,2966,2966,9493,2966,8611,8611,8611,2966,8613,2966,9493,8611,9493,8613,8606,8200,8606,9609,9610,8613,8613,8613,2966,2966,9493,2966,9610,9609,9610,8606,8606,9610,9610,2966,8606],"DecorIndices":[],"DecorIds":[],"BlockEntities":{"8392704":"!<d@[F*J$4#QOl.E,TfC$NL/,!<d@[F*\\qS#64o6@VfsmCI<#NAHu^]F`__:EWlSfH#R=\"@;KXg@:WpP#BFa)@<?'_z\":8pVF(djWB5D/?b8*>G#BFa)@<?'az#mk*[Ci!ZmFCet_!!","7344129":"!<d@[F*J'5#QOl.E,TfC$31&+!<d@[F*\\qS#64o6@VfsmCI<#NAHu^]F`__:EWlSfH#R=%@q]:bE\\1^4ARkoKEc6&.FCePS!!!!%$#O6pBL-NKCh;?3aZfn5Ec6&.FCeVU!!!!*$\"ImiCh7*uARkc@","7345153":"!<d@[F*J'5#QOl.E,TfC$31&+!<d@[F*\\tT#64o6@VfsmCI<#NAHu^]F`__:EWlSfH#R=%@UX:tBk(R^AMaMpEc6&.FCePS!!!!%$#O6pBL-NKCh;$nq`b2gEc6&.FCeVU!!!!*$\"ImiCh7*uARkc@","1050626":"!<d@[F*J*6#QOl.E,TfC\"98E%!<d@[F*\\kQ#64o6@VfsmCI<#NAHu^]F`__:EWlSfH#R=%FCAWpAM%>'ARkoKEc6&.FCePS!!!!%$#O6pBL-NKCh;?3aZfn5Ec6&.FCeVU!!!!*$\"ImiCh7*uARkc@","1051650":"!<d@[F*J*6#QOl.E,TfC\"98E%!<d@[F*\\nR#64o6@VfsmCI<#NAHu^]F`__:EWlSfH#R='Ecki#Ch52BDf9/C\":&scFCB9&=9&=$!!EUFATMNNDJ*csgCMCi\":&scFCB9&=o\\O&!!rsADes6$@ru9m!!!","2099202":"!<d@[F*J*6#QOl.E,TfC\"TSN&!<d@[F*\\kQ#64o6@VfsmCI<#NAHu^]F`__:EWlSfH#R=-@ps7cCh7[0F^fDD@WcQuBJBVpEc6&.FCePS!!!!%$#O6pBL-NKCh;?3aZ]h4Ec6&.FCeVU!!!!*$\"ImiCh7*uARkc@","5244930":"!<d@[F*J*6#QOl.E,TfC#QOi)!<d@[F*\\kQ#64o6@VfsmCI<#NAHu^]F`__:EWlSfH#R=%@UX:tBk(R^AMXGoEc6&.FCePS!!!!%$#O6pBL-NKCh;?38O!=_Ec6&.FCeVU!!!!*$\"ImiCh7*uARkc@","5245954":"!<d@[F*J*6#QOl.E,TfC#QOi)!<d@[F*\\nR#64o6@VfsmCI<#NAHu^]F`__:EWlSfH#R='Ecki#Ch52BDf9/C\":&scFCB9&=9&=$!!EUFATMNNDJ*csjNA<(\":&scFCB9&=o\\O&!!rsADes6$@ru9m!!!","5246978":"!<d@[F*J*6#QOl.E,TfC#QOi)!<d@[F*\\qS#64o6@VfsmCI<#NAHu^]F`__:EWlSfH#R='CggjbATBA2B4YU1\":&scFCB9&=9&=$!!EUFATMNNDJ*csgCMCj\":&scFCB9&=o\\O&!!rsADes6$@ru9m!!!","5248002":"!<d@[F*J*6#QOl.E,TfC#QOi)!<d@[F*\\tT#64o6@VfsmCI<#NAI;p\\ATMrFARTY%\"po!]G%GQ5DfU+(#'\"^#Dfg%3!!!!'\"`nKuFE7Zf0E;+R!!!3(!!!$\"!!!!(!AOQT!!!!4!<<*#z#6?R[!<<*\"(BFL9!<<*\"\":K<iFCAuQBOPdgA]+2>4obfg1B7FU!!!`7!!!$\"!!!-0FDl80CdVlEDI[7HR2J3h#6?X]!<<*\"'*/(5!<<*\"!!`N^!!*'\"!!E<&!!*'\"!!E[ODffE(6YKnG@q>W?J3Er<!B'oY!!!!8!<<*#!!!!%$Zp</@;J;E@;]Rd_tBrl!!`N`!!*'\"!'^qn!!*'\"!!!6)2uisZ!!!Z5!!!$\"!!!!(!BC,\\!!!!8!<<*#!!!!%$Zp</@;J;E@;]Rd_tBrl!!`Q[0E;+R!!!*%!!!$\"!!!-0FDl80CdVlEDI[5X!'iaK#6HV7!!*'\"!##A5!!*'\"!!!6*0er_0!!!#`%KHJ0z#6HV9!!*'\"!\"Ar/!!*'\"!!E[ODffE(6YKnG@qERNW'11d!\\lM3!<<*\"'*/(5!<<*\"!!`Q[2#mXW!!!N1!!!$\"!!!-0FDl80CdVlEDI[5X!.[65!!!02AoD]VCi<g!6Z6LH$=da\\F*'!F@<6Mo\"E\\p.AIEBoEc#6$/R`:'A-<3UATMNNDJ*csi9`0_!!","6295554":"!<d@[F*J*6#QOl.E,TfC#ljr*!<d@[F*\\qS#64o6@VfsmCI<#NAHu^]F`__:EWlSfH#R='CggjbATBA2B4YU/\":&scFCB9&=9&=$!!EUFATMNNDJ*csgCMCj\":&scFCB9&=o\\O&!!rsADes6$@ru9m!!!","1051651":"!<d@[F*J-7#QOl.E,TfC\"98E%!<d@[F*\\nR#64o6@VfsmCI<#NAHu^]F`__:EWlSfH#R=0E+s-\"/U),OA9Vs4CM@[!FDl)6Es)_gDffE0AQSp4!!!-.D.Rd%6#L=OA_Ra;^'\"[]DffE0AQf'6!!!<3@rH1\"ARfgnA,lT","1052675":"!<d@[F*J-7#QOl.E,TfC\"98E%!<d@[F*\\qS#64o6@VfsmCI<#NAJ/NlDfRFMF_P`)A1_h?F_>AC\":B0fFCB9&=]/[=z#mP<eASu'i!!s*KDK]T3F@]hXA8Ggu!!!","1053699":"!<d@[F*J-7#QOl.E,TfC\"98E%!<d@[F*\\tT#64o6@VfsmCI<#NAHu^]F`__:EWlSfH#R='CggjbATBA2B4YU1\":&scFCB9&=9&=$!!EUFATMNNDJ*csgCHk@\":&scFCB9&=o\\O&!!rsADes6$@ru9m!!!","2102275":"!<d@[F*J-7#QOl.E,TfC\"TSN&!<d@[F*\\tT#64o6@VfsmCI<#NAHu^]F`__:EWlSfH#R='CggjbATBA2B4YU2\":&scFCB9&=9&=$!!EUFATMNNDJ*csgCHk@\":&scFCB9&=o\\O&!!rsADes6$@ru9m!!!","3150851":"!<d@[F*J-7#QOl.E,TfC\"onW'!<d@[F*\\tT#64o6@VfsmCI<#NAHu^]F`__:EWlSfH#R='CggjbATBA2B4YU0\":&scFCB9&=9&=$!!EUFATMNNDJ*csgCHk@\":&scFCB9&=o\\O&!!rsADes6$@ru9m!!!","5244931":"!<d@[F*J-7#QOl.E,TfC#QOi)!<d@[F*\\kQ#64o6@VfsmCI<#NAHu^]F`__:EWlSfH#R=%@UX:tBk(R^AMOAnEc6&.FCePS!!!!%$#O6pBL-NKCh3SH!!!-,Ec6&.FCeVU!!!!*$\"ImiCh7*uARkc@","5246979":"!<d@[F*J-7#QOl.E,TfC#QOi)!<d@[F*\\qS#64o6@VfsmCI<#NAJAZqH\"19'@psG\"/SK9D@;^!tA246#FE1f-F(o`1Df/*aF`MOsAS-#az!:[`*'Pq3!F@0_Q@r\"AP<,ZkeCd_]WEuAeYl6RT`5QC","5248003":"!<d@[F*J-7#QOl.E,TfC#QOi)!<d@[F*\\tT#64o6@VfsmCI<#NAHu^]F`__:EWlSfH#R='Ecki#Ch52BDf9/C\":&scFCB9&=9&=$!!EUFATMNNDJ*csgCHk@\":&scFCB9&=o\\O&!!rsADes6$@ru9m!!!","6296579":"!<d@[F*J-7#QOl.E,TfC#ljr*!<d@[F*\\tT#64o6@VfsmCI<#NAK,`0Earc7@UX=l@kD/4Ec,H!Dfp.RDJsQ;BEJoiEa`j,Bln'-DFe\\gEcXocAon\"Qzn@o&>CghC,6YL%@CI*&ADffE(6t(@^eN06sRNZ0+!!","8394755":"!<d@[F*J-7#QOl.E,TfC$NL/,!<d@[F*]\"U#64o6@VfsmCI<#NAHu^]F`__:EWlSfH#R='Ecki#Ch52BDf9/@\":&scFCB9&=9&=$!!EUFATMNNDJ*csi9`0_\":&scFCB9&=o\\O&!!rsADes6$@ru9m!!!","5244932":"!<d@[F*J08#QOl.E,TfC#QOi)!<d@[F*\\kQ#64o6@VfsmCI<#NAHu^]F`__:EWlSfH#R=%@UX:tBk(R^AMsYrEc6&.FCePS!!!!%$#O6pBL-NKCh;?3ah@l_Ec6&.FCeVU!!!!*$\"ImiCh7*uARkc@","5245956":"!<d@[F*J08#QOl.E,TfC#QOi)!<d@[F*\\nR#64o6@VfsmCI<#NAIN0bEb03(F=h!@Ch*_VBl8**DKKf;Gl\\+hF)5c:EsD[F!!WUJCi=E:!!!-7Ap&-3@:NkJASlBtEaa'4Eb,4NTKrSgD..ZgASlBtEaa'4Eb,4N!!!-3DfTDVDf9E*DJ)p_D.N\\I!!!-1Ap%[$6?R<d<,$2\\z\":o?XGXcgeCdN8bDH(=eAH2]1!!=!JG][Y;B6@p0BOt^RDffE(88iWkErZ1?z!!s*E@;\\YLDJ=3(7Wi9Y!!EX=@:Nt^A4C]QC]FG8!!!","5246980":"!<d@[F*J08#QOl.E,TfC#QOi)!<d@[F*\\qS#64o6@VfsmCI<#NAHu^]F`__:EWlSfH#R=*@V'('@V'(%Ecl)6ARmY$#BFa)@<?'_z\":8pVF(djWB5D/6&'7$=#BFa)@<?'az#mk*[Ci!ZmFCet_!!","6294533":"!<d@[F*J39#QOl.E,TfC#ljr*!<d@[F*\\nR#64o6@VfsmCI<#NAHu^]F`__:EWlSfH#R=%@UX:tBk(R^AMXGoEc6&.FCePS!!!!%$#O6pBL-NKCh;\\NQG3P-Ec6&.FCeVU!!!!*$\"ImiCh7*uARkc@","6295557":"!<d@[F*J39#QOl.E,TfC#ljr*!<d@[F*\\qS#64o6@VfsmCI<#NAHu^]F`__:EWlSfH#R=%@UX:tBk(R^AMF;mEc6&.FCePS!!!!%$#O6pBL-NKCh;?3ahIr`Ec6&.FCeVU!!!!*$\"ImiCh7*uARkc@","5245958":"!<d@[F*J6:#QOl.E,TfC#QOi)!<d@[F*\\nR#64o6@VfsmCI<#NAHu^]F`__:EWlSfH#R='Ecki#Ch52BDf9/A\":&scFCB9&=9&=$!!EUFATMNNDJ*csgCMCj\":&scFCB9&=o\\O&!!rsADes6$@ru9m!!!"},"Entities":[],"ReplaceMode":2,"EntranceRotation":-1}