{"GameVersion":"1.19.0","SizeX":5,"SizeY":6,"SizeZ":7,"BlockCodes":{"8613":"game:meta-underground","9493":"game:agedstonebricks-granite","2966":"game:cobblestone-granite","9639":"game:debarkedlog-veryaged-we","9624":"game:debarkedlog-veryaged-ns","8606":"game:clutter","3240":"game:stonepath-free","3239":"game:forge","634":"game:lootvessel-ore","1591":"game:torchholder-aged-empty-east"},"ItemCodes":{},"Indices":[0,1024,2048,3072,4096,1049600,1050624,1051648,1052672,2098176,2099200,2101248,3146752,3148800,4195328,1,2049,3073,4097,5121,1049601,1050625,1052673,3146753,2,1026,2050,3074,4098,5122,6146,1049602,1050626,1051650,2098178,2099202,4195330,4196354,1027,2051,3075,4099,1049603,1050627,1051651,2098179,2099203,2100227,3146755,4195331,2052,3076,4100,1050628,1052676,2098180,2099204,2100228,3146756,3147780,4195332,4196356,4197380,4198404,5243908],"BlockIds":[8613,9493,2966,2966,8613,9639,9624,9624,9624,9624,9624,8606,9639,9624,9624,9493,9493,2966,9493,3240,9639,8606,8606,9639,2966,2966,9493,2966,2966,3240,3240,9639,3239,8606,9639,8606,9624,9624,2966,634,9493,9493,9639,8606,8606,9639,8606,1591,9639,9624,8613,9493,8613,9624,9624,9639,9624,9624,9624,9624,9624,9624,9624,9624,8606],"DecorIndices":[],"DecorIds":[],"BlockEntities":{"2101248":"!<d@[F*JiK#QOl.E,TfC\"TSN&!<d@[F*b^L#64o6@VfsmCI<#NAHu^]F`__:EWlSfH#R='Ecki#Ch52BDf9/A\":&scFCB9&=9&=$!!EUFATMNNDJ*csgCMCi\":&scFCB9&=o\\O&!!rsADes6$@ru9m!!!","1050625":"!<d@[F*JlL#QOl.E,TfC\"98E%!<d@[F*bXJ#64o6@VfsmCI<#NAHu^]F`__:EWlSfH#R='Ecki#Ch52BDf9/C\":&scFCB9&=9&=$!!EUFATMNNDJ*csz\":&scFCB9&=o\\O&!!rsADes6$@ru9m!!!","1052673":"!<d@[F*JlL#QOl.E,TfC\"98E%!<d@[F*b^L#64o6@VfsmCI<#NAHu^]F`__:EWlSfH#R='Ecki#Ch52BDf9/B\":&scFCB9&=9&=$!!EUFATMNNDJ*csgCMCi\":&scFCB9&=o\\O&!!rsADes6$@ru9m!!!","1050626":"!<d@[F*JoM#QOl.E,TfC\"98E%!<d@[F*bXJ#64o6@VfsmCI<#NAHc[aEbAqg#\\.djFCf?3ErcCMAp%[$9P&BYC]FG8!!*=6F`MA6DJ&qL!!!*6CghC,<,#iX<,ZkeCe/JeEcV3\\!!&Y8<C$T","1051650":"!<d@[F*JoM#QOl.E,TfC\"98E%!<d@[F*b[K#64o6@VfsmCI<#NAHu^]F`__:EWlSfH#R=(@;^7&Cb9+:Deip%0a%`%DffE0AQSp4!!!-.D.Rd%6#L=OAH2]1!!EOIDffE0AQf'6!!!<3@rH1\"ARfgnA,lT","2099202":"!<d@[F*JoM#QOl.E,TfC\"TSN&!<d@[F*bXJ#64o6@VfsmCI<#NAHu^]F`__:EWlSfH#R=+FDl)6Ea`Hn/TPuJDIm?5\":&scFCB9&=9&=$!!EUFATMNNDJ*csz\":&scFCB9&=o\\O&!!rsADes6$@ru9m!!!","1050627":"!<d@[F*JrN#QOl.E,TfC\"98E%!<d@[F*bXJ#64o6@VfsmCI<#NAHu^]F`__:EWlSfH#R='Ecki#Ch52BDf9/C\":&scFCB9&=9&=$!!EUFATMNNDJ*csz\":&scFCB9&=o\\O&!!rsADes6$@ru9m!!!","1051651":"!<d@[F*JrN#QOl.E,TfC\"98E%!<d@[F*b[K#64o6@VfsmCI<#NAHu^]F`__:EWlSfH#R='Ecki#Ch52BDf9/A\":&scFCB9&=9&=$!!EUFATMNNDJ*csz\":&scFCB9&=o\\O&!!rsADes6$@ru9m!!!","2099203":"!<d@[F*JrN#QOl.E,TfC\"TSN&!<d@[F*bXJ#64o6@VfsmCI<#NAHu^]F`__:EWlSfH#R=+FDl)6Ea`Hn/TPuJDIm?6\":&scFCB9&=9&=$!!EUFATMNNDJ*csz\":&scFCB9&=o\\O&!!rsADes6$@ru9m!!!","2100227":"!<d@[F*JrN#QOl.E,TfC\"TSN&!<d@[F*b[K#64o6@VfsmCI<#NAK,`0EarcrDerrqE\\1^4ARmB(D/aTB/S/@3F8u","5243908":"!<d@[F*JuO#QOl.E,TfC#QOi)!<d@[F*bUI#64o6@VfsmCI<#NAHu^]F`__:EWlSfH#R='Ecki#Ch52BDf9/@\":&scFCB9&=9&=$!!EUFATMNNDJ*csz\":&scFCB9&=o\\O&!!rsADes6$@ru9m!!!"},"Entities":[],"ReplaceMode":2,"EntranceRotation":-1}