{
    "GameVersion": "1.19.7",
    "SizeX": 19,
    "SizeY": 13,
    "SizeZ": 10,
    "BlockCodes": {
        "9698": "game:supportbeam-aged",
        "5107": "game:gravel-granite",
        "2966": "game:cobblestone-granite",
        "9493": "game:agedstonebricks-granite",
        "4154": "game:drystone-granite",
        "2852": "game:cobblestoneslab-granite-down-free",
        "2833": "game:cobblestoneslab-granite-up-free",
        "2339": "game:slantedroofing-blueclay-south-free",
        "2319": "game:slantedroofing-blueclay-north-free",
        "2349": "game:slantedroofing-blueclay-west-free",
        "8610": "game:groundstorage",
        "5122": "game:looseboulders-granite-free",
        "7277": "game:planks-aged-ns",
        "16414": "game:rocktyped-rubble-free",
        "3061": "game:cobblestonestairs-granite-up-south-free",
        "2985": "game:cobblestonestairs-granite-up-north-free",
        "5535": "game:loosestones-granite-free",
        "2795": "game:cobblestoneslab-granite-south-free",
        "2776": "game:cobblestoneslab-granite-east-free",
        "7290": "game:planks-aged-ud",
        "2675": "game:soil-medium-verysparse"
    },
    "ItemCodes": {
        "1462": "game:shingle-burned-blue"
    },
    "Indices": [
        3152896,
        6294528,
        8393728,
        1025,
        2049,
        3073,
        4097,
        5121,
        6145,
        7169,
        1049601,
        1050625,
        1051649,
        1052673,
        1053697,
        1054721,
        1055745,
        2098177,
        2099201,
        2100225,
        2101249,
        2102273,
        2103297,
        2104321,
        3147777,
        3148801,
        3149825,
        3150849,
        3151873,
        3152897,
        4197377,
        4198401,
        4199425,
        4200449,
        4201473,
        5245953,
        5246977,
        5248001,
        5249025,
        5250049,
        5251073,
        6294529,
        6295553,
        6296577,
        6297601,
        6298625,
        7344129,
        7345153,
        7346177,
        2,
        1026,
        2050,
        3074,
        4098,
        5122,
        6146,
        7170,
        1048578,
        1049602,
        1050626,
        1051650,
        1052674,
        1053698,
        1054722,
        1055746,
        2097154,
        2098178,
        2099202,
        2100226,
        2101250,
        2102274,
        2103298,
        2104322,
        3147778,
        3148802,
        3149826,
        3150850,
        3151874,
        3152898,
        4197378,
        4201474,
        5245954,
        5250050,
        6294530,
        6298626,
        7346178,
        3,
        1027,
        2051,
        3075,
        4099,
        5123,
        6147,
        7171,
        1048579,
        1049603,
        1050627,
        1051651,
        1052675,
        1053699,
        1054723,
        1055747,
        2097155,
        2098179,
        2099203,
        2100227,
        2101251,
        2102275,
        2103299,
        2104323,
        3147779,
        3148803,
        3150851,
        3151875,
        3152899,
        4197379,
        4201475,
        5250051,
        6298627,
        7346179,
        4,
        1028,
        2052,
        3076,
        4100,
        5124,
        6148,
        7172,
        1048580,
        1049604,
        1050628,
        1051652,
        1052676,
        1053700,
        1054724,
        1055748,
        2097156,
        2098180,
        2099204,
        2100228,
        2101252,
        2102276,
        2103300,
        2104324,
        3147780,
        3148804,
        3149828,
        3150852,
        3152900,
        3153924,
        4197380,
        4199428,
        4201476,
        5244932,
        5245956,
        5250052,
        5251076,
        6293508,
        6298628,
        7346180,
        8390660,
        9439236,
        12588036,
        5,
        1029,
        2053,
        3077,
        4101,
        5125,
        6149,
        7173,
        8197,
        1048581,
        1049605,
        1050629,
        1051653,
        1052677,
        1053701,
        1054725,
        1055749,
        1056773,
        2097157,
        2098181,
        2099205,
        2100229,
        2101253,
        2102277,
        2103301,
        2104325,
        2105349,
        3147781,
        3148805,
        3149829,
        3150853,
        3151877,
        3152901,
        3153925,
        4196357,
        4197381,
        4198405,
        4200453,
        4201477,
        4202501,
        5244933,
        5245957,
        5246981,
        5248005,
        5249029,
        5250053,
        5251077,
        6293509,
        6294533,
        6295557,
        6296581,
        6297605,
        6298629,
        6299653,
        6300677,
        7342085,
        7343109,
        7344133,
        7345157,
        7346181,
        7347205,
        7348229,
        8389637,
        8390661,
        8391685,
        8392709,
        8393733,
        8394757,
        8395781,
        8396805,
        8397829,
        9439237,
        9440261,
        9441285,
        9442309,
        9443333,
        9444357,
        9445381,
        10488837,
        10489861,
        10491909,
        10492933,
        11538437,
        11539461,
        11540485,
        6,
        1030,
        2054,
        3078,
        4102,
        5126,
        6150,
        7174,
        8198,
        1048582,
        1049606,
        1050630,
        1051654,
        1052678,
        1053702,
        1054726,
        1055750,
        1056774,
        2097158,
        2098182,
        2099206,
        2100230,
        2101254,
        2102278,
        2103302,
        2104326,
        2105350,
        3146758,
        3147782,
        3148806,
        3149830,
        3150854,
        3151878,
        3152902,
        3153926,
        4196358,
        4197382,
        4198406,
        4199430,
        4202502,
        5244934,
        5251078,
        6293510,
        6299654,
        7342086,
        7348230,
        8390662,
        8396806,
        9439238,
        9445382,
        7,
        1031,
        2055,
        3079,
        4103,
        5127,
        6151,
        7175,
        8199,
        1048583,
        1049607,
        1050631,
        1051655,
        1052679,
        1053703,
        1054727,
        1055751,
        1056775,
        2097159,
        2098183,
        2099207,
        2100231,
        2101255,
        2102279,
        2103303,
        2104327,
        2105351,
        3147783,
        3148807,
        3149831,
        3150855,
        3151879,
        3152903,
        3153927,
        4196359,
        4198407,
        4202503,
        5244935,
        5251079,
        6293511,
        6299655,
        7342087,
        7348231,
        8390663,
        8396807,
        9439239,
        9445383,
        8,
        1032,
        2056,
        3080,
        4104,
        5128,
        6152,
        7176,
        8200,
        1048584,
        1049608,
        1050632,
        1051656,
        1052680,
        1053704,
        1054728,
        1055752,
        1056776,
        2097160,
        2098184,
        2099208,
        2100232,
        2101256,
        2102280,
        2103304,
        2104328,
        2105352,
        3147784,
        3148808,
        3149832,
        3150856,
        3151880,
        3152904,
        3153928,
        4196360,
        4198408,
        4199432,
        4200456,
        4202504,
        5244936,
        5251080,
        6293512,
        6299656,
        7342088,
        7348232,
        8396808,
        9,
        1033,
        2057,
        3081,
        4105,
        5129,
        6153,
        7177,
        8201,
        1048585,
        1049609,
        1050633,
        1051657,
        1052681,
        1053705,
        1054729,
        1055753,
        1056777,
        2097161,
        2098185,
        2099209,
        2100233,
        2101257,
        2102281,
        2103305,
        2104329,
        2105353,
        3146761,
        3147785,
        3148809,
        3149833,
        3150857,
        3151881,
        3152905,
        3153929,
        3154953,
        4195337,
        4196361,
        4197385,
        4198409,
        4199433,
        4201481,
        4202505,
        5244937,
        5248009,
        5250057,
        5251081,
        6293513,
        6298633,
        6299657,
        7347209,
        7348233,
        8389641,
        8395785,
        8396809,
        9445385,
        10,
        1034,
        2058,
        3082,
        4106,
        5130,
        6154,
        7178,
        8202,
        1048586,
        1049610,
        1050634,
        1051658,
        1052682,
        1053706,
        1054730,
        1055754,
        1056778,
        2097162,
        2098186,
        2099210,
        2100234,
        2101258,
        2102282,
        2103306,
        2104330,
        2105354,
        3145738,
        3146762,
        3147786,
        3148810,
        3149834,
        3150858,
        3151882,
        3152906,
        3153930,
        4196362,
        4197386,
        4198410,
        4199434,
        4200458,
        4201482,
        4202506,
        5244938,
        5251082,
        6299658,
        7348234,
        11,
        1035,
        2059,
        3083,
        4107,
        5131,
        6155,
        7179,
        8203,
        1048587,
        1049611,
        1050635,
        1051659,
        1052683,
        1053707,
        1054731,
        1055755,
        1056779,
        2097163,
        2098187,
        2099211,
        2100235,
        2101259,
        2102283,
        2103307,
        2104331,
        2105355,
        3146763,
        3147787,
        3148811,
        3149835,
        3150859,
        3151883,
        3152907,
        3153931,
        4198411,
        4199435,
        4200459,
        4201483,
        4202507,
        5244939,
        5249035,
        5251083,
        6293515,
        6299659,
        7348235,
        8396811,
        12,
        1036,
        2060,
        3084,
        4108,
        5132,
        6156,
        7180,
        8204,
        1048588,
        1049612,
        1050636,
        1051660,
        1052684,
        1053708,
        1054732,
        1055756,
        1056780,
        2097164,
        2098188,
        2099212,
        2100236,
        2101260,
        2102284,
        2103308,
        2104332,
        2105356,
        3145740,
        3146764,
        3147788,
        3148812,
        3149836,
        3150860,
        3151884,
        3152908,
        3153932,
        4195340,
        4196364,
        4198412,
        4199436,
        4200460,
        4201484,
        4202508,
        5244940,
        5248012,
        5249036,
        5251084,
        6293516,
        6299660,
        7342092,
        7348236,
        8396812,
        13,
        1037,
        2061,
        3085,
        4109,
        5133,
        6157,
        7181,
        8205,
        1048589,
        1049613,
        1050637,
        1051661,
        1052685,
        1053709,
        1054733,
        1055757,
        1056781,
        2097165,
        2098189,
        2099213,
        2100237,
        2101261,
        2102285,
        2103309,
        2104333,
        2105357,
        3146765,
        3147789,
        3148813,
        3149837,
        3150861,
        3151885,
        3152909,
        3153933,
        3154957,
        4196365,
        4197389,
        4198413,
        4199437,
        4200461,
        4201485,
        4202509,
        5244941,
        5245965,
        5250061,
        5251085,
        6293517,
        6294541,
        6298637,
        6299661,
        7342093,
        7343117,
        7347213,
        7348237,
        8389645,
        8390669,
        8391693,
        8395789,
        8396813,
        9445389,
        14,
        1038,
        2062,
        3086,
        4110,
        5134,
        6158,
        7182,
        8206,
        1048590,
        1049614,
        1050638,
        1051662,
        1052686,
        1053710,
        1054734,
        1055758,
        1056782,
        2097166,
        2098190,
        2099214,
        2100238,
        2101262,
        2102286,
        2103310,
        2104334,
        2105358,
        3147790,
        3148814,
        3149838,
        3150862,
        3151886,
        3152910,
        3153934,
        4196366,
        4198414,
        4199438,
        4200462,
        4201486,
        4202510,
        5244942,
        5248014,
        6293518,
        6299662,
        7342094,
        7348238,
        8390670,
        8396814,
        15,
        1039,
        2063,
        3087,
        4111,
        5135,
        6159,
        7183,
        8207,
        1048591,
        1049615,
        1050639,
        1051663,
        1052687,
        1053711,
        1054735,
        1055759,
        1056783,
        2097167,
        2098191,
        2099215,
        2100239,
        2101263,
        2102287,
        2103311,
        2104335,
        2105359,
        3146767,
        3147791,
        3148815,
        3149839,
        3150863,
        3151887,
        3152911,
        3153935,
        4196367,
        4197391,
        4198415,
        4199439,
        4200463,
        4201487,
        4202511,
        5244943,
        5251087,
        6293519,
        6299663,
        7342095,
        7348239,
        8390671,
        8396815,
        16,
        1040,
        2064,
        3088,
        4112,
        5136,
        6160,
        7184,
        8208,
        1048592,
        1049616,
        1050640,
        1051664,
        1052688,
        1053712,
        1054736,
        1055760,
        1056784,
        2097168,
        2098192,
        2099216,
        2100240,
        2101264,
        2102288,
        2103312,
        2104336,
        2105360,
        3147792,
        3148816,
        3149840,
        3150864,
        3151888,
        3152912,
        3153936,
        4196368,
        4197392,
        4198416,
        4199440,
        4200464,
        4201488,
        4202512,
        5244944,
        5248016,
        5249040,
        5251088,
        6293520,
        6299664,
        7342096,
        7348240,
        8396816,
        17,
        1041,
        2065,
        3089,
        4113,
        5137,
        6161,
        7185,
        8209,
        1048593,
        1049617,
        1050641,
        1051665,
        1052689,
        1053713,
        1054737,
        1055761,
        1056785,
        2097169,
        2098193,
        2099217,
        2100241,
        2101265,
        2102289,
        2103313,
        2104337,
        2105361,
        3146769,
        3147793,
        3148817,
        3149841,
        3150865,
        3151889,
        3152913,
        3153937,
        4196369,
        4197393,
        4198417,
        4199441,
        4200465,
        4201489,
        4202513,
        5244945,
        5245969,
        5246993,
        5248017,
        5249041,
        5250065,
        5251089,
        6292497,
        6293521,
        6294545,
        6295569,
        6296593,
        6297617,
        6298641,
        6299665,
        7342097,
        7343121,
        7344145,
        7345169,
        7346193,
        7347217,
        7348241,
        8389649,
        8390673,
        8391697,
        8395793,
        8396817,
        3154962,
        6299666,
        8396818
    ],
    "BlockIds": [
        9698,
        9698,
        9698,
        5107,
        2966,
        2966,
        2966,
        2966,
        2966,
        2966,
        5107,
        2966,
        2966,
        2966,
        2966,
        2966,
        2966,
        5107,
        2966,
        2966,
        2966,
        2966,
        2966,
        2966,
        9698,
        9493,
        2966,
        2966,
        4154,
        9493,
        2966,
        4154,
        2852,
        2966,
        4154,
        4154,
        9493,
        2833,
        4154,
        9493,
        9698,
        2339,
        4154,
        2966,
        9493,
        2319,
        2339,
        9493,
        2319,
        5107,
        5107,
        2966,
        2966,
        2966,
        2966,
        2966,
        2966,
        5107,
        5107,
        2966,
        2966,
        2966,
        2966,
        2966,
        2966,
        5107,
        5107,
        2966,
        2966,
        2966,
        2966,
        2966,
        2966,
        2339,
        9493,
        2349,
        8610,
        2339,
        4154,
        9493,
        2966,
        2966,
        2966,
        5122,
        2319,
        2319,
        5107,
        2966,
        5107,
        2966,
        7277,
        2966,
        2966,
        2966,
        5107,
        2966,
        5107,
        2966,
        7277,
        2966,
        2966,
        2966,
        5107,
        2966,
        5107,
        2966,
        7277,
        2966,
        2966,
        2966,
        16414,
        9493,
        8610,
        2339,
        9493,
        9493,
        4154,
        4154,
        2319,
        2319,
        2966,
        2966,
        2966,
        2966,
        2966,
        2966,
        7277,
        2966,
        2966,
        2966,
        2966,
        2966,
        2966,
        2966,
        7277,
        2966,
        2966,
        2966,
        2966,
        2966,
        2966,
        2966,
        7277,
        2966,
        9698,
        2966,
        8610,
        5107,
        2966,
        9698,
        4154,
        2339,
        2966,
        9698,
        4154,
        9493,
        9698,
        9698,
        2319,
        2319,
        9698,
        9698,
        9698,
        5107,
        2966,
        2966,
        2966,
        2966,
        9493,
        2966,
        2966,
        2966,
        5107,
        2966,
        2966,
        2966,
        2966,
        9493,
        2966,
        2966,
        2966,
        5107,
        2966,
        2966,
        2966,
        2966,
        9493,
        2966,
        2966,
        2966,
        9493,
        2966,
        2966,
        5107,
        9493,
        4154,
        2966,
        9493,
        4154,
        2966,
        9493,
        4154,
        4154,
        2966,
        4154,
        2966,
        9493,
        2966,
        2966,
        9493,
        4154,
        2966,
        9493,
        2966,
        4154,
        9493,
        4154,
        9698,
        4154,
        2966,
        4154,
        2966,
        4154,
        2966,
        2966,
        9698,
        2966,
        9493,
        4154,
        2966,
        2966,
        9493,
        9493,
        9698,
        3061,
        2966,
        9493,
        2966,
        9493,
        2966,
        2985,
        3061,
        4154,
        2966,
        2985,
        3061,
        2966,
        2985,
        2966,
        5107,
        2966,
        2966,
        2966,
        7277,
        7277,
        2966,
        2966,
        2966,
        5107,
        2966,
        2966,
        2966,
        7277,
        7277,
        2966,
        2966,
        2966,
        5107,
        2966,
        2966,
        2966,
        7277,
        7277,
        2966,
        2966,
        2339,
        2966,
        4154,
        5107,
        5107,
        2852,
        2349,
        9493,
        2966,
        2319,
        2852,
        5535,
        9493,
        4154,
        4154,
        2966,
        2966,
        2966,
        2966,
        4154,
        2966,
        2339,
        2319,
        5107,
        2966,
        2966,
        7277,
        2966,
        7277,
        2966,
        7277,
        2966,
        5107,
        2966,
        2966,
        7277,
        2966,
        7277,
        2966,
        7277,
        2966,
        5107,
        2966,
        2966,
        7277,
        2966,
        7277,
        2966,
        7277,
        2966,
        2966,
        2852,
        5107,
        4154,
        8610,
        8610,
        4154,
        2852,
        2349,
        2852,
        2966,
        4154,
        2966,
        9493,
        2852,
        2852,
        9493,
        2966,
        2339,
        2319,
        5107,
        2966,
        2966,
        7277,
        7277,
        7277,
        7277,
        2966,
        2966,
        5107,
        2966,
        2966,
        7277,
        7277,
        7277,
        7277,
        2966,
        2966,
        5107,
        2966,
        2966,
        7277,
        7277,
        7277,
        7277,
        2966,
        2966,
        2966,
        4154,
        5107,
        5107,
        5107,
        8610,
        4154,
        9493,
        2852,
        4154,
        5535,
        2966,
        4154,
        2966,
        2966,
        2966,
        2966,
        2966,
        9493,
        5107,
        2966,
        2966,
        2966,
        7277,
        7277,
        7277,
        2966,
        2966,
        5107,
        2966,
        2966,
        2966,
        7277,
        7277,
        7277,
        2966,
        2966,
        5107,
        2966,
        2966,
        2966,
        7277,
        7277,
        7277,
        2966,
        2966,
        5107,
        9493,
        9493,
        4154,
        5107,
        5107,
        2966,
        9493,
        9698,
        5535,
        9493,
        9493,
        2852,
        2852,
        2966,
        4154,
        2966,
        16414,
        2795,
        9493,
        9493,
        9493,
        4154,
        2966,
        2966,
        9698,
        16414,
        2966,
        5122,
        2966,
        5107,
        2966,
        7277,
        7277,
        7277,
        2966,
        2966,
        2966,
        2966,
        5107,
        2966,
        7277,
        7277,
        7277,
        2966,
        2966,
        2966,
        2966,
        5107,
        2966,
        7277,
        7277,
        7277,
        2966,
        2966,
        2966,
        2852,
        16414,
        9493,
        5107,
        5107,
        9493,
        9493,
        5107,
        2966,
        4154,
        5122,
        4154,
        9493,
        4154,
        5122,
        9493,
        2776,
        4154,
        9493,
        2966,
        2966,
        2966,
        2966,
        7277,
        2966,
        7277,
        7277,
        2966,
        2966,
        2966,
        2966,
        2966,
        7277,
        2966,
        7277,
        7277,
        2966,
        2966,
        2966,
        2966,
        2966,
        7277,
        2966,
        7277,
        7277,
        2966,
        2966,
        2852,
        5107,
        5107,
        5107,
        5107,
        9493,
        9493,
        2966,
        2852,
        4154,
        4154,
        2852,
        2852,
        2833,
        16414,
        2966,
        16414,
        4154,
        2852,
        2966,
        2966,
        2966,
        2966,
        7277,
        7277,
        7277,
        2966,
        7277,
        2966,
        2966,
        2966,
        2966,
        7277,
        7277,
        7277,
        2966,
        7277,
        2966,
        2966,
        2966,
        2966,
        7277,
        7277,
        7277,
        2966,
        7277,
        2966,
        2852,
        5107,
        2966,
        5107,
        5107,
        5107,
        5107,
        5107,
        2966,
        5535,
        9493,
        9493,
        4154,
        5107,
        2852,
        2966,
        9493,
        2852,
        5122,
        4154,
        9493,
        2966,
        9493,
        2966,
        2966,
        2966,
        2966,
        2966,
        2966,
        2966,
        7277,
        7290,
        2966,
        2966,
        2966,
        2966,
        2966,
        2966,
        2966,
        7277,
        7290,
        2966,
        2966,
        2966,
        2966,
        2966,
        2966,
        2966,
        7277,
        7290,
        2966,
        2966,
        2852,
        4154,
        2966,
        5107,
        5107,
        5107,
        2966,
        4154,
        9698,
        4154,
        4154,
        2852,
        5107,
        4154,
        4154,
        4154,
        2966,
        2966,
        9493,
        2966,
        2966,
        2966,
        9493,
        2966,
        2966,
        9493,
        4154,
        9493,
        9698,
        2966,
        4154,
        2966,
        2966,
        2985,
        2966,
        2966,
        2966,
        7277,
        2966,
        7277,
        7277,
        2966,
        2966,
        2966,
        2966,
        2966,
        7277,
        2966,
        7277,
        7277,
        2966,
        2966,
        2966,
        2966,
        2966,
        7277,
        2966,
        7277,
        7277,
        2966,
        2966,
        9493,
        5107,
        5107,
        9493,
        5107,
        2966,
        2966,
        9493,
        5107,
        4154,
        4154,
        5122,
        4154,
        4154,
        2852,
        4154,
        2966,
        9493,
        9493,
        4154,
        9493,
        5107,
        2966,
        2966,
        2966,
        2966,
        7277,
        2675,
        2966,
        2966,
        5107,
        2966,
        2966,
        2966,
        2966,
        7277,
        2675,
        2966,
        2966,
        5107,
        2966,
        2966,
        2966,
        2966,
        7277,
        2675,
        2966,
        2966,
        16414,
        4154,
        5107,
        9493,
        5107,
        5107,
        5107,
        9493,
        2852,
        5107,
        2852,
        5107,
        2852,
        16414,
        2852,
        2966,
        9493,
        2966,
        9493,
        2852,
        2852,
        2966,
        2966,
        5107,
        5107,
        2966,
        9493,
        9493,
        2966,
        9493,
        2966,
        2966,
        5107,
        5107,
        2966,
        9493,
        9493,
        2966,
        9493,
        2966,
        2966,
        5107,
        5107,
        2966,
        9493,
        9493,
        2966,
        9493,
        2966,
        2966,
        2966,
        2966,
        9493,
        9493,
        9493,
        2966,
        2966,
        4154,
        5107,
        3061,
        9493,
        9493,
        2966,
        9493,
        2966,
        3061,
        2966,
        2966,
        2966,
        2966,
        2966,
        9493,
        5535,
        2966,
        5107,
        2966,
        2966,
        2966,
        2966,
        2966,
        2966,
        2966,
        2966,
        5107,
        2966,
        2966,
        2966,
        2966,
        2966,
        2966,
        2966,
        2966,
        5107,
        2966,
        2966,
        2966,
        2966,
        2966,
        2966,
        2966,
        9698,
        2966,
        9493,
        9493,
        2966,
        2966,
        9493,
        2966,
        2966,
        2966,
        4154,
        4154,
        9493,
        2966,
        9493,
        9493,
        4154,
        9493,
        2966,
        4154,
        4154,
        2966,
        9698,
        2966,
        9493,
        4154,
        4154,
        2966,
        9493,
        2966,
        2966,
        9493,
        2966,
        2852,
        9493,
        2966,
        2966,
        9698,
        9493,
        16414,
        5122,
        2966,
        9698,
        9698,
        9698
    ],
    "DecorIndices": [],
    "DecorIds": [],
    "BlockEntities": {
        "3152896": "!<d@[F*J>C#64c-E,TfCCB+>7!<d@[F*a_2#64o6@VfsmCI<#NAIrp*E,]`9FCJfiD(T1/ARl&M@V&tbF!L_m+pnYd!!%O6*<6(i58\"J9!!%O6'`\\5!5TKh)J3On19-=<:",
        "6294528": "!<d@[F*J>C#64c-E,TfCD?'Y:!<d@[F*aS.#64o6@VfsmCI<#NAIrp*E,]`9FCJfiD(T1/ARl&M@V&tbF$9R2*=;rZ!!%O6&e>HLs*m6JHE:kg*<6)45T&KR+9Mrk$3^k=!.[9H%h8O<Im4YJ!\"_C9!!\"-,(ue12!rr",
        "8393728": "!<d@[F*J>C#64c-E,TfCDu]k<!<d@[F*aY0#64o6@VfsmCI<#NAIrp*E,]`9FCJfiD(T1/ARl&M@V&tbF\"%(r-OL@n!!%O6'`\\5a4rjV'!'_),%K?BW58=2!!5KWTs$&aci_(Br!!",
        "3147777": "!<d@[F*JAD#64c-E,TfCCB+>7!<d@[F*aP-#64o6@VfsmCI<#NAIrp*E,]`9FCJfiD(T1/ARl&M@V&tbEub5f)[Zoe!!%O5*<6(i58\";<!!#8L*<6(i58`BQ!!",
        "5251073": "!<d@[F*JAD#64c-E,TfCD#aP9!<d@[F*ab3#64o6@VfsmCI<#NAIrp*E,]`9FCJfiD(T1/ARl&M@V&tbEuG#c(^^E]!!%O6&df'J!.[<LrVq@3(ue12!WW",
        "3150850": "!<d@[F*JDE#64c-E,TfCCB+>7!<d@[F*aY0#64o6@VfsmCI<#NAIW9mDfor.F*)>@@:s-U$#+:#ASuU.Ed7ZiEH>r7FE7Qb!!!3,F)5c:EsD_\"!!*'\"!4E%2!#Yb:!!WgQASlBtEaa'4Eb,=fFCf<.ATD4$F`M%e@<6NjE+EC!AH2]1!<:8C5m.R;ASlBtEaa'4Eb,4Nz!!!<;AoD^\"AQ*\\hEa`Tl:i^JnErZ=LD.Rd%6#L=OA_R_e^]=dNFECr$BLZE?AH2]1!!!",
        "3147779": "!<d@[F*JGF#64c-E,TfCCB+>7!<d@[F*aP-#64o6@VfsmCI<#NAJK6(@r$13E+NQ3Ecki#Ch521Eb/ec\"E\\p.AJT</@Ua.b/R`^6Cgh?>/SB*4DJ=3(\":&scFCB9&=9&=$!!EUFATMNNDJ*csi9`0_\":&scFCB9&=o\\O&!!rsADes6$@ru9m!!E[MAT2'lE`7'gFCbFP!!!!",
        "3150851": "!<d@[F*JGF#64c-E,TfCCB+>7!<d@[F*aY0#64o6@VfsmCI<#NAIW9mDfor.F*)>@@:s-U$#+:#ASuU.Ed7ZiEH>r7FE7Qb!!!3,F)5c:EsD_\"!!*'\"!4E%2!#Yb:!!WgQASlBtEaa'4Eb,=fFCf<.ATD4$F`M%e@<6NjE+EC!AH2]1!<:8C5m.R;ASlBtEaa'4Eb,4Nz!!!<;AoD^\"AQ*\\hEa`Tl:i^JnErZ=LD.Rd%6#L=OA_R_e^]=dNFECr$BLZE?AH2]1!!!",
        "3147780": "!<d@[F*JJG#64c-E,TfCCB+>7!<d@[F*aP-#64o6@VfsmCI<#NAIrp*E,]`9FCJfiD(T1/ARl&M@V&tbF!L_m+pnYd!!%O6*<6(i58\"J9!!%O6'`\\5!5TKh)J3On19-=<:",
        "3149828": "!<d@[F*JJG#64c-E,TfCCB+>7!<d@[F*aV/#64o6@VfsmCI<#NAIW9mDfor.F*)>@@:s-U$#+:#ASuU.Ed7ZiEH>r7FE7Qb!!!3,F)5c:EsD_\"!!*'\"!4E%2!##>4!!WgQASlBtEaa'4Eb,=fFCf<.ATD4$F`M%e@<6NjE+EC!AH2]1!<:8C5m.R;ASlBtEaa'4Eb,4Nz!!!<;AoD^\"AQ*\\hEa`Tl:i^JnErZ=LD.Rd%6#L=OA_Ra;^B\"[MFECr$BLZE?AH2]1!!!",
        "3153924": "!<d@[F*JJG#64c-E,TfCCB+>7!<d@[F*ab3#64o6@VfsmCI<#NAIrp*E,]`9FCJfiD(T1/ARl&M@V&tbF$9R2+pnYd!!%O6*<6(i58\"J9!!%O6'`\\6L5TKh)J3On19-=<D(^^EU!!%O6&df'J!.[9K!!#8L(ue12\"98",
        "5244932": "!<d@[F*JJG#64c-E,TfCD#aP9!<d@[F*aP-#64o6@VfsmCI<#NAIrp*E,]`9FCJfiD(T1/ARl&M@V&tbF!gqp,mk.l!!%O6'`\\5a590_(J3OYW%0-An^_QhJIm4qU!.[9Ni_'7",
        "5251076": "!<d@[F*JJG#64c-E,TfCD#aP9!<d@[F*ab3#64o6@VfsmCI<#NAIrp*E,]`9FCJfiD(T1/ARl&M@V&tbF!L_m+pnYd!!%O6'`\\5a58\"J9s8RR5('\";`590_(J3On19-=<:",
        "6293508": "!<d@[F*JJG#64c-E,TfCD?'Y:!<d@[F*aP-#64o6@VfsmCI<#NAIrp*E,]`9FCJfiD(T1/ARl&M@V&tbEutAh*=;rZ!!%O6&e>HOs*m6J0\"j?Q*<6(i58`BQ+9MT",
        "8390660": "!<d@[F*JJG#64c-E,TfCDu]k<!<d@[F*aP-#64o6@VfsmCI<#NAIrp*E,]`9FCJfiD(T1/ARl&M@V&tbF!L_m+pnYd!!%O6'`\\5a58\"J9qu;.1(&S#\\590_(i'8.=9-=<:",
        "9439236": "!<d@[F*JJG#64c-E,TfCE<#t=!<d@[F*aP-#64o6@VfsmCI<#NAIrp*E,]`9FCJfiD(T1/ARl&M@V&tbEutAh*=;rZ!!%O6&e>HMs*m6J!!#h\\*<6(I5T&KR+9MT",
        "12588036": "!<d@[F*JJG#64c-E,TfCF8u:@!<d@[F*aY0#64o6@VfsmCI<#NAIrp*E,]`9FCJfiD(T1/ARl&M@V&tbF\"%(r-OL@n!!%O6'`\\5a4rjV'!'_),%K6<V58F4u5JS9>!.[<Oi_(Br!!",
        "6300677": "!<d@[F*JMH#64c-E,TfCD?'Y:!<d@[F*ae4#64o6@VfsmCI<#NAIrp*E,]`9FCJfiD(T1/ARl&M@V&tbEtnZ^'++^P$4Qt8:dGi)M&<W;i_(Bq!!",
        "8389637": "!<d@[F*JMH#64c-E,TfCDu]k<!<d@[F*aM,#64o6@VfsmCI<#NAIrp*E,]`9FCJfiD(T1/ARl&M@V&tbF!:Sk+:8Gj!!%O6*<6(i58\"J9jb1o-'`\\6,^`E1LIm4e09)n",
        "8397829": "!<d@[F*JMH#64c-E,TfCDu]k<!<d@[F*ae4#64o6@VfsmCI<#NAIrp*E,]`9FCJfiD(T1/ARl&M@V&tbEuG#c(^^E]!!%O6&df'J!)PrrpA]V,(ue12!WW",
        "3151879": "!<d@[F*JSJ#64c-E,TfCCB+>7!<d@[F*a\\1#64o6@VfsmCI<#NAIW9mDfor.F*)>@@:s-U$#+:#ASuU.Ed7ZiEH>r7FE7Qb!!!3,F)5c:EsD_\"!!*'\"!4E%2!##>4!!WgQASlBtEaa'4Eb,=fFCf<.ATD4$F`M%e@<6NjE+EC!AH2]1!<:8C5m.R;ASlBtEaa'4Eb,4Nz!!!<;AoD^\"AQ*\\hEa`Tl:i^JnErZ=LD.Rd%6#L=OA_R_e^]=dNFECr$BLZE?AH2]1!!!",
        "3152903": "!<d@[F*JSJ#64c-E,TfCCB+>7!<d@[F*a_2#64o6@VfsmCI<#NAIW9mDfor.F*)>@@:s-U$#+:#ASuU.Ed7ZiEH>r7FE7Qb!!!3,F)5c:EsD_\"!!*'\"!4E%2!&4HR!!WgQASlBtEaa'4Eb,=fFCf<.ATD4$F`M%e@<6NjE+EC!AH2]1!<:8C5m.R;ASlBtEaa'4Eb,4Nz!!!<;AoD^\"AQ*\\hEa`Tl:i^JnErZ=LD.Rd%6#L=OA_R_e^]=dNFECr$BLZE?AH2]1!!!",
        "3152904": "!<d@[F*JVK#64c-E,TfCCB+>7!<d@[F*a_2#64o6@VfsmCI<#NAIW9mDfor.F*)>@@:s-U$#+:#ASuU.Ed7ZiEH>r7FE7Qb!!!3,F)5c:EsD_\"!!*'\"!4E%2!$;1@!!WgQASlBtEaa'4Eb,=fFCf<.ATD4$F`M%e@<6NjE+EC!AH2]1!<:8C5m.R;ASlBtEaa'4Eb,4Nz!!!<;AoD^\"AQ*\\hEa`Tl:i^JnErZ=LD.Rd%6#L=OA_R_e^]=dNFECr$BLZE?AH2]1!!!",
        "3154953": "!<d@[F*JYL#64c-E,TfCCB+>7!<d@[F*ae4#64o6@VfsmCI<#NAIrp*E,]`9FCJfiD(T1/ARl&M@V&tbEuG#c(^^EU!!!!`&df'J!!#4u!!'f\"(ue12!WW",
        "5248009": "!<d@[F*JYL#64c-E,TfCD#aP9!<d@[F*aY0#64o6@VfsmCI<#NAJK6(@r$13E+NQ3Ecki#Ch521Eb/ec\"E\\p.AJT</@Ua.b/R`^6Cgh??/SB*4DJ=3(\":&scFCB9&=9&=$!!EUFATMNNDJ*csgCMCj\":&scFCB9&=o\\O&!!rsADes6$@ru9m!!E[MAT2'lE`7'gFCbFP!!!!",
        "8389641": "!<d@[F*JYL#64c-E,TfCDu]k<!<d@[F*aM,#64o6@VfsmCI<#NAIrp*E,]`9FCJfiD(T1/ARl&M@V&tbF!gqp,mk.l!!!!`'`\\5a590_(J3OYW%0-A.58=.uTYMTBs*m6Mi_'7",
        "8395785": "!<d@[F*JYL#64c-E,TfCDu]k<!<d@[F*a_2#64o6@VfsmCI<#NAJK6(@r$13E+NQ3Ecki#Ch521Eb/ec\"E\\p.AJT</@Ua.b/R`^6Cgh?>/SB*4DJ=3(\":&scFCB9&=9&=$!!EUFATMNNDJ*csgCMCj\":&scFCB9&=o\\O&!!rsADes6$@ru9m!!E[MAT2'lE`7'gFCbFP!!!!",
        "3146762": "!<d@[F*J\\M#64c-E,TfCCB+>7!<d@[F*aM,#64o6@VfsmCI<#NAJK6(@r$13E+NQ3Ecki#Ch521Eb/ec\"E\\p.AJT</@Ua.b/R`^6Cgh?@/SB*4DJ=3(\":&scFCB9&=9&=$!!EUFATMNNDJ*csgCHlk\":&scFCB9&=o\\O&!!rsADes6$@ru9m!!E[MAT2'lE`7'gFCbFP!!!!",
        "5249035": "!<d@[F*J_N#64c-E,TfCD#aP9!<d@[F*a\\1#64o6@VfsmCI<#NAJK6(@r$13E+NQ3Ecki#Ch521Eb/ec\"E\\p.AJT</@Ua.b/R`^6Cgh??/SB*4DJ=3(\":&scFCB9&=9&=$!!EUFATMNNDJ*csjNA<(\":&scFCB9&=o\\O&!!rsADes6$@ru9m!!E[MAT2'lE`7'gFCbFP!!!!",
        "6293515": "!<d@[F*J_N#64c-E,TfCD?'Y:!<d@[F*aP-#64o6@VfsmCI<#NAJK6(@r$13E+NQ3Ecki#Ch521Eb/ec\"E\\p.AJT</@Ua.b/R`^6Cgh??/SB*4DJ=3(\":&scFCB9&=9&=$!!EUFATMNNDJ*csgCME?\":&scFCB9&=o\\O&!!rsADes6$@ru9m!!E[MAT2'lE`7'gFCbFP!!!!",
        "3154957": "!<d@[F*JeP#64c-E,TfCCB+>7!<d@[F*ae4#64o6@VfsmCI<#NAIrp*E,]`9FCJfiD(T1/ARl&M@V&tbEuG#c(^^EU!!!!`&df'J!!#4u!!'f\"(ue12!WW",
        "8389645": "!<d@[F*JeP#64c-E,TfCDu]k<!<d@[F*aM,#64o6@VfsmCI<#NAIrp*E,]`9FCJfiD(T1/ARl&M@V&tbF!gqp,mk.l!!!!`'`\\5a590_(J3OYW%0-A.58=.uTYMTBs*m6Mi_'7",
        "3146767": "!<d@[F*JkR#64c-E,TfCCB+>7!<d@[F*aM,#64o6@VfsmCI<#NAJK6(@r$13E+NQ3Ecki#Ch521Eb/ec\"E\\p.AJT</@Ua.b/R`^6Cgh?=/SB*4DJ=3(\":&scFCB9&=9&=$!!EUFATMNNDJ*csi9`25\":&scFCB9&=o\\O&!!rsADes6$@ru9m!!E[MAT2'lE`7'gFCbFP!!!!",
        "4201487": "!<d@[F*JkR#64c-E,TfCC]FG8!<d@[F*a_2#64o6@VfsmCI<#NAJK6(@r$13E+NQ3Ecki#Ch521Eb/ec\"E\\p.AJT</@Ua.b/R`^6Cgh??/SB*4DJ=3(\":&scFCB9&=9&=$!!EUFATMNNDJ*csjNA<(\":&scFCB9&=o\\O&!!rsADes6$@ru9m!!E[MAT2'lE`7'gFCbFP!!!!",
        "3146769": "!<d@[F*JqT#64c-E,TfCCB+>7!<d@[F*aM,#64o6@VfsmCI<#NAIrp*E,]`9FCJfiD(T1/ARl&M@V&tbF!:Sk+:8Gb!!%O6*<6(i58\"J9!!%O6'`\\6L5TKh)J3On19)n",
        "6292497": "!<d@[F*JqT#64c-E,TfCD?'Y:!<d@[F*aM,#64o6@VfsmCI<#NAIrp*E,]`9FCJfiD(T1/ARl&M@V&tbF!:Sk+:8Gb!!%O6*<6(i58\"J9!!#:#'t/r9[2fSSJ3On19)n",
        "8389649": "!<d@[F*JqT#64c-E,TfCDu]k<!<d@[F*aM,#64o6@VfsmCI<#NAIrp*E,]`9FCJfiD(T1/ARl&M@V&tbF!gqp,mk.l!!%O6'`\\5a590_(J3OYW%0-An_%l\\DIm4q\\!.[9Ni_'7",
        "8391697": "!<d@[F*JqT#64c-E,TfCDu]k<!<d@[F*aS.#64o6@VfsmCI<#NAJK6(@r$13E+NQ3Ecki#Ch521Eb/ec\"E\\p.AJT</@Ua.b/R`^6Cgh?>/SB*4DJ=3(\":&scFCB9&=9&=$!!EUFATMNNDJ*csgCHlj\":&scFCB9&=o\\O&!!rsADes6$@ru9m!!E[MAT2'lE`7'gFCbFP!!!!",
        "3154962": "!<d@[F*JtU#64c-E,TfCCB+>7!<d@[F*ae4#64o6@VfsmCI<#NAIrp*E,]`9FCJfiD(T1/ARl&M@V&tbEtA<Y%LN1K\"Vh\";^d&ar9-=?;",
        "6299666": "!<d@[F*JtU#64c-E,TfCD?'Y:!<d@[F*ab3#64o6@VfsmCI<#NAIrp*E,]`9FCJfiD(T1/ARl&M@V&tbEutAh*=;rj!!%O6&e>G.7AR:*M++5I*<6)T^_l'(+9;H",
        "8396818": "!<d@[F*JtU#64c-E,TfCDu]k<!<d@[F*ab3#64o6@VfsmCI<#NAIrp*E,]`9FCJfiD(T1/ARl&M@V&tbF!L_m+pnYl!!%O6*<6(i58\"J9M++5I(&S#\\590_(^q^fH9-=68"
    },
    "Entities": [],
    "ReplaceMode": 2,
    "EntranceRotation": -1
}