{
    "GameVersion": "1.19.7",
    "SizeX": 18,
    "SizeY": 11,
    "SizeZ": 10,
    "BlockCodes": {
        "9698": "game:supportbeam-aged",
        "2966": "game:cobblestone-granite",
        "9493": "game:agedstonebricks-granite",
        "4154": "game:drystone-granite",
        "2757": "game:cobblestoneslab-granite-north-free",
        "2795": "game:cobblestoneslab-granite-south-free",
        "2852": "game:cobblestoneslab-granite-down-free",
        "9668": "game:planks-aged-we",
        "5107": "game:gravel-granite",
        "16414": "game:rocktyped-rubble-free",
        "9520": "game:door-ruined-rough2",
        "136": "game:multiblock-monolithic-0-p1-0",
        "9521": "game:door-ruined-rough3",
        "3061": "game:cobblestonestairs-granite-up-south-free",
        "2985": "game:cobblestonestairs-granite-up-north-free",
        "8610": "game:groundstorage",
        "2339": "game:slantedroofing-blueclay-south-free",
        "7355": "game:plankslab-aged-up-free",
        "2814": "game:cobblestoneslab-granite-west-free",
        "2319": "game:slantedroofing-blueclay-north-free",
        "2349": "game:slantedroofing-blueclay-west-free",
        "2776": "game:cobblestoneslab-granite-east-free",
        "3023": "game:cobblestonestairs-granite-up-east-free",
        "5122": "game:looseboulders-granite-free",
        "5535": "game:loosestones-granite-free",
        "8606": "game:clutter",
        "699": "game:clayshinglelabs-blue-down-free",
        "695": "game:clayshinglelabs-blue-up-free"
    },
    "ItemCodes": {
        "1462": "game:shingle-burned-blue"
    },
    "Indices": [
        3145728,
        3151872,
        5243904,
        1025,
        2049,
        3073,
        4097,
        5121,
        6145,
        7169,
        1049601,
        1050625,
        1051649,
        1052673,
        1053697,
        1054721,
        1055745,
        2098177,
        2099201,
        2100225,
        2101249,
        2102273,
        2103297,
        2104321,
        3146753,
        3147777,
        3148801,
        3149825,
        3150849,
        3151873,
        4195329,
        4196353,
        4197377,
        4198401,
        4199425,
        4200449,
        5243905,
        5244929,
        5245953,
        5246977,
        5248001,
        5249025,
        5250049,
        6292481,
        6293505,
        6294529,
        6295553,
        6296577,
        6297601,
        1026,
        2050,
        3074,
        4098,
        5122,
        6146,
        7170,
        8194,
        1049602,
        1050626,
        1051650,
        1052674,
        1053698,
        1054722,
        1055746,
        1056770,
        2098178,
        2099202,
        2100226,
        2101250,
        2102274,
        2103298,
        2104322,
        2105346,
        3146754,
        3147778,
        3148802,
        3149826,
        3150850,
        3151874,
        3152898,
        4195330,
        4196354,
        4197378,
        4198402,
        4200450,
        5243906,
        5244930,
        5245954,
        5249026,
        6292482,
        6297602,
        1027,
        2051,
        3075,
        4099,
        5123,
        6147,
        7171,
        8195,
        1049603,
        1050627,
        1051651,
        1052675,
        1053699,
        1054723,
        1055747,
        1056771,
        2098179,
        2099203,
        2100227,
        2101251,
        2102275,
        2103299,
        2104323,
        2105347,
        3146755,
        3147779,
        3148803,
        3149827,
        3150851,
        3151875,
        3152899,
        3153923,
        4195331,
        4196355,
        4197379,
        4199427,
        4200451,
        5243907,
        5249027,
        6292483,
        6297603,
        1028,
        2052,
        3076,
        4100,
        5124,
        6148,
        7172,
        8196,
        1049604,
        1050628,
        1051652,
        1052676,
        1053700,
        1054724,
        1055748,
        1056772,
        2098180,
        2099204,
        2100228,
        2101252,
        2102276,
        2103300,
        2104324,
        2105348,
        3146756,
        3147780,
        3148804,
        3149828,
        3150852,
        3151876,
        3152900,
        3153924,
        3154948,
        4195332,
        4196356,
        4198404,
        4200452,
        4201476,
        5243908,
        5249028,
        5250052,
        6292484,
        6293508,
        6294532,
        6295556,
        6297604,
        7343108,
        9444356,
        1029,
        2053,
        3077,
        4101,
        5125,
        6149,
        7173,
        8197,
        1049605,
        1050629,
        1051653,
        1052677,
        1053701,
        1054725,
        1055749,
        1056773,
        2098181,
        2099205,
        2100229,
        2101253,
        2102277,
        2103301,
        2104325,
        2105349,
        3145733,
        3146757,
        3147781,
        3148805,
        3149829,
        3150853,
        3151877,
        3152901,
        4195333,
        4196357,
        4198405,
        4199429,
        4200453,
        4201477,
        5243909,
        5244933,
        5245957,
        5246981,
        5248005,
        5249029,
        5250053,
        5251077,
        6292485,
        6293509,
        6295557,
        6296581,
        6297605,
        6298629,
        7341061,
        7342085,
        7344133,
        7345157,
        7346181,
        7347205,
        8388613,
        8389637,
        8390661,
        8391685,
        8392709,
        8393733,
        8394757,
        8395781,
        8396805,
        9438213,
        9439237,
        9440261,
        9442309,
        9443333,
        9444357,
        1030,
        2054,
        3078,
        4102,
        5126,
        6150,
        7174,
        8198,
        1049606,
        1050630,
        1051654,
        1052678,
        1053702,
        1054726,
        1055750,
        1056774,
        2098182,
        2099206,
        2100230,
        2101254,
        2102278,
        2103302,
        2104326,
        2105350,
        3146758,
        3147782,
        3149830,
        3150854,
        3151878,
        3152902,
        4195334,
        4201478,
        5243910,
        5248006,
        5249030,
        5250054,
        6292486,
        6298630,
        7341062,
        7347206,
        8389638,
        8393734,
        8394758,
        8395782,
        9438214,
        9444358,
        1031,
        2055,
        3079,
        4103,
        5127,
        6151,
        7175,
        8199,
        1049607,
        1050631,
        1051655,
        1052679,
        1053703,
        1054727,
        1055751,
        1056775,
        2098183,
        2099207,
        2100231,
        2101255,
        2102279,
        2103303,
        2104327,
        2105351,
        3146759,
        3147783,
        3148807,
        3150855,
        3151879,
        3152903,
        4195335,
        5243911,
        5249031,
        5250055,
        6292487,
        6297607,
        6298631,
        7341063,
        7347207,
        8389639,
        8395783,
        9438215,
        1032,
        2056,
        3080,
        4104,
        5128,
        6152,
        7176,
        8200,
        1049608,
        1050632,
        1051656,
        1052680,
        1053704,
        1054728,
        1055752,
        1056776,
        2098184,
        2099208,
        2100232,
        2101256,
        2102280,
        2103304,
        2104328,
        2105352,
        3146760,
        3149832,
        3150856,
        3152904,
        3153928,
        4195336,
        4201480,
        5243912,
        5250056,
        6292488,
        6298632,
        7341064,
        7347208,
        8389640,
        8395784,
        1033,
        2057,
        3081,
        4105,
        5129,
        6153,
        7177,
        8201,
        1049609,
        1050633,
        1051657,
        1052681,
        1053705,
        1054729,
        1055753,
        1056777,
        2098185,
        2099209,
        2100233,
        2101257,
        2102281,
        2103305,
        2104329,
        2105353,
        3145737,
        3146761,
        3147785,
        3148809,
        3149833,
        3150857,
        3151881,
        3152905,
        3153929,
        4195337,
        4199433,
        4201481,
        5243913,
        5250057,
        6292489,
        6298633,
        7341065,
        7347209,
        8389641,
        8395785,
        1034,
        2058,
        3082,
        4106,
        5130,
        6154,
        7178,
        8202,
        1049610,
        1050634,
        1051658,
        1052682,
        1053706,
        1054730,
        1055754,
        1056778,
        2098186,
        2099210,
        2100234,
        2101258,
        2102282,
        2103306,
        2104330,
        2105354,
        3146762,
        3147786,
        3148810,
        3149834,
        3150858,
        3152906,
        4195338,
        4196362,
        4198410,
        4201482,
        5243914,
        5250058,
        6292490,
        6298634,
        7341066,
        7347210,
        8389642,
        8395786,
        9444362,
        1035,
        2059,
        3083,
        4107,
        5131,
        6155,
        7179,
        8203,
        1049611,
        1050635,
        1051659,
        1052683,
        1053707,
        1054731,
        1055755,
        1056779,
        2098187,
        2099211,
        2100235,
        2101259,
        2102283,
        2103307,
        2104331,
        2105355,
        3146763,
        3147787,
        3149835,
        3150859,
        3151883,
        3152907,
        4195339,
        4196363,
        4199435,
        4201483,
        5243915,
        5244939,
        5245963,
        5249035,
        5250059,
        6292491,
        6297611,
        6298635,
        7341067,
        7347211,
        8389643,
        8395787,
        1036,
        2060,
        3084,
        4108,
        5132,
        6156,
        7180,
        8204,
        1049612,
        1050636,
        1051660,
        1052684,
        1053708,
        1054732,
        1055756,
        1056780,
        2098188,
        2099212,
        2100236,
        2101260,
        2102284,
        2103308,
        2104332,
        2105356,
        3146764,
        3147788,
        3148812,
        3149836,
        3151884,
        3152908,
        4195340,
        4196364,
        4201484,
        5243916,
        5244940,
        5245964,
        5246988,
        5248012,
        5249036,
        5250060,
        6292492,
        6293516,
        6294540,
        6295564,
        6296588,
        6297612,
        6298636,
        7341068,
        7345164,
        7347212,
        8389644,
        8390668,
        8391692,
        8393740,
        8394764,
        8395788,
        9438220,
        9440268,
        9444364,
        1037,
        2061,
        3085,
        4109,
        5133,
        6157,
        7181,
        8205,
        1049613,
        1050637,
        1051661,
        1052685,
        1053709,
        1054733,
        1055757,
        1056781,
        2098189,
        2099213,
        2100237,
        2101261,
        2102285,
        2103309,
        2104333,
        2105357,
        3146765,
        3147789,
        3148813,
        3149837,
        3150861,
        3151885,
        3152909,
        3153933,
        4195341,
        4196365,
        4197389,
        4198413,
        4199437,
        4200461,
        4201485,
        5242893,
        5243917,
        5244941,
        5245965,
        5246989,
        5248013,
        5249037,
        5250061,
        6292493,
        6293517,
        6294541,
        6295565,
        6296589,
        6297613,
        6298637,
        7341069,
        7342093,
        7343117,
        7344141,
        7345165,
        7346189,
        7347213,
        8389645,
        8390669,
        8391693,
        8392717,
        8393741,
        8394765,
        8395789,
        9438221,
        9439245,
        9440269,
        9442317,
        9443341,
        9444365,
        10487821,
        10491917,
        1038,
        2062,
        3086,
        4110,
        5134,
        6158,
        7182,
        8206,
        1049614,
        1050638,
        1051662,
        1052686,
        1053710,
        1054734,
        1055758,
        1056782,
        2098190,
        2099214,
        2100238,
        2101262,
        2102286,
        2103310,
        2104334,
        2105358,
        3145742,
        3146766,
        3147790,
        3148814,
        3149838,
        3150862,
        3151886,
        3152910,
        4195342,
        4196366,
        4200462,
        4202510,
        5243918,
        5244942,
        6292494,
        6294542,
        6298638,
        9438222,
        9444366,
        1039,
        2063,
        3087,
        4111,
        5135,
        6159,
        7183,
        8207,
        1049615,
        1050639,
        1051663,
        1052687,
        1053711,
        1054735,
        1055759,
        1056783,
        2098191,
        2099215,
        2100239,
        2101263,
        2102287,
        2103311,
        2104335,
        2105359,
        3146767,
        3147791,
        3148815,
        3149839,
        3151887,
        3152911,
        4195343,
        5243919,
        5244943,
        1040,
        2064,
        3088,
        4112,
        5136,
        6160,
        7184,
        8208,
        1049616,
        1050640,
        1051664,
        1052688,
        1053712,
        1054736,
        1055760,
        1056784,
        2098192,
        2099216,
        2100240,
        2101264,
        2102288,
        2103312,
        2104336,
        2105360,
        3146768,
        3147792,
        3150864,
        3151888,
        3152912,
        4194320,
        4195344,
        4200464,
        4201488,
        4202512,
        5243920,
        5244944,
        5246992,
        3146769,
        3149841,
        5243921,
        5250065,
        6295569
    ],
    "BlockIds": [
        9698,
        9698,
        9698,
        2966,
        2966,
        2966,
        2966,
        2966,
        2966,
        2966,
        2966,
        2966,
        2966,
        2966,
        2966,
        2966,
        2966,
        2966,
        2966,
        2966,
        2966,
        2966,
        2966,
        2966,
        2966,
        9493,
        2966,
        2966,
        4154,
        4154,
        4154,
        2966,
        2757,
        2795,
        4154,
        9493,
        4154,
        2966,
        9493,
        9493,
        4154,
        4154,
        9698,
        2852,
        2852,
        2852,
        2852,
        2852,
        2852,
        2966,
        2966,
        2966,
        9668,
        9668,
        2966,
        2966,
        5107,
        2966,
        2966,
        2966,
        9668,
        9668,
        2966,
        2966,
        5107,
        2966,
        2966,
        2966,
        9668,
        9668,
        2966,
        2966,
        5107,
        9493,
        5107,
        5107,
        5107,
        9493,
        9493,
        5107,
        9493,
        5107,
        5107,
        2852,
        2966,
        4154,
        2966,
        2852,
        2966,
        2852,
        2852,
        2966,
        9668,
        9668,
        9668,
        9668,
        2966,
        2966,
        2966,
        2966,
        9668,
        9668,
        9668,
        9668,
        2966,
        2966,
        2966,
        2966,
        9668,
        9668,
        9668,
        9668,
        2966,
        2966,
        2966,
        2966,
        5107,
        5107,
        5107,
        5107,
        9493,
        5107,
        5107,
        9493,
        9493,
        5107,
        16414,
        2852,
        9493,
        4154,
        2852,
        2852,
        2966,
        9668,
        2966,
        9668,
        2966,
        2966,
        2966,
        2966,
        2966,
        9668,
        2966,
        9668,
        2966,
        2966,
        2966,
        2966,
        2966,
        9668,
        2966,
        9668,
        2966,
        2966,
        2966,
        2966,
        4154,
        5107,
        9493,
        2966,
        2852,
        9493,
        5107,
        5107,
        9698,
        2966,
        2852,
        16414,
        4154,
        5107,
        4154,
        9493,
        9698,
        2852,
        9698,
        9520,
        9698,
        2852,
        136,
        9698,
        2966,
        2966,
        9493,
        2966,
        2966,
        2966,
        2966,
        2966,
        2966,
        2966,
        9493,
        2966,
        2966,
        2966,
        2966,
        2966,
        2966,
        2966,
        9493,
        2966,
        2966,
        2966,
        2966,
        2966,
        9698,
        2966,
        2966,
        9521,
        2966,
        4154,
        2966,
        2966,
        2966,
        9493,
        2966,
        9493,
        4154,
        2966,
        2966,
        2966,
        9493,
        9493,
        4154,
        4154,
        9493,
        9698,
        2966,
        2966,
        2966,
        2966,
        2966,
        4154,
        9493,
        2966,
        2966,
        2852,
        2966,
        4154,
        9698,
        4154,
        9493,
        9493,
        2966,
        2966,
        2966,
        2966,
        9698,
        3061,
        9493,
        2966,
        2966,
        2966,
        2985,
        2966,
        2966,
        9668,
        9668,
        9668,
        9668,
        2966,
        2966,
        2966,
        2966,
        9668,
        9668,
        9668,
        9668,
        2966,
        2966,
        2966,
        2966,
        9668,
        9668,
        9668,
        9668,
        2966,
        2966,
        2966,
        8610,
        8610,
        2339,
        16414,
        4154,
        2966,
        9493,
        2966,
        7355,
        7355,
        4154,
        4154,
        2966,
        2966,
        2814,
        2966,
        7355,
        7355,
        4154,
        2339,
        2319,
        2966,
        9668,
        9668,
        9668,
        9668,
        5107,
        2966,
        5107,
        2966,
        9668,
        9668,
        9668,
        9668,
        5107,
        2966,
        5107,
        2966,
        9668,
        9668,
        9668,
        9668,
        5107,
        2966,
        5107,
        9493,
        2349,
        16414,
        8610,
        2339,
        9520,
        2852,
        9493,
        7355,
        4154,
        2966,
        16414,
        9493,
        2852,
        2776,
        9493,
        9493,
        16414,
        2966,
        9668,
        2966,
        2966,
        9668,
        9668,
        2966,
        5107,
        2966,
        9668,
        2966,
        2966,
        9668,
        9668,
        2966,
        5107,
        2966,
        9668,
        2966,
        2966,
        9668,
        9668,
        2966,
        5107,
        2966,
        5107,
        5107,
        2966,
        9698,
        4154,
        2966,
        4154,
        2966,
        4154,
        4154,
        2966,
        4154,
        2966,
        2966,
        2966,
        2966,
        2966,
        9668,
        9668,
        2966,
        2966,
        2966,
        2966,
        2966,
        2966,
        9668,
        9668,
        2966,
        2966,
        2966,
        2966,
        2966,
        2966,
        9668,
        9668,
        2966,
        2966,
        2966,
        9698,
        9493,
        3023,
        2966,
        5107,
        5107,
        9493,
        2966,
        2349,
        2966,
        2339,
        2852,
        9493,
        9493,
        2966,
        2966,
        9493,
        4154,
        16414,
        16414,
        2966,
        2966,
        9668,
        9668,
        9668,
        5107,
        2966,
        2966,
        2966,
        2966,
        9668,
        9668,
        9668,
        5107,
        2966,
        2966,
        2966,
        2966,
        9668,
        9668,
        9668,
        5107,
        2966,
        2966,
        9493,
        9493,
        5122,
        5107,
        5107,
        4154,
        2966,
        3023,
        16414,
        9493,
        4154,
        4154,
        2966,
        2966,
        2966,
        2814,
        4154,
        4154,
        16414,
        2966,
        2966,
        9668,
        2966,
        9668,
        9668,
        2966,
        5107,
        2966,
        2966,
        9668,
        2966,
        9668,
        9668,
        2966,
        5107,
        2966,
        2966,
        9668,
        2966,
        9668,
        9668,
        2966,
        5107,
        2966,
        9493,
        5122,
        9493,
        8610,
        4154,
        2966,
        4154,
        16414,
        2966,
        9493,
        3023,
        7355,
        7355,
        9493,
        4154,
        5535,
        2966,
        9493,
        2776,
        2966,
        2966,
        2966,
        2966,
        2966,
        2966,
        9668,
        9668,
        2966,
        2966,
        2966,
        2966,
        2966,
        2966,
        9668,
        9668,
        2966,
        2966,
        2966,
        2966,
        2966,
        2966,
        9668,
        9668,
        2966,
        2966,
        9493,
        9493,
        8606,
        8606,
        8606,
        2966,
        4154,
        4154,
        2966,
        4154,
        9493,
        7355,
        7355,
        7355,
        7355,
        9493,
        2966,
        5122,
        8610,
        5535,
        8606,
        8606,
        2966,
        2966,
        16414,
        2966,
        4154,
        7355,
        7355,
        7355,
        7355,
        2966,
        2339,
        5122,
        2319,
        2966,
        2966,
        2966,
        2966,
        2966,
        2966,
        2966,
        5107,
        2966,
        2966,
        2966,
        2966,
        2966,
        2966,
        2966,
        5107,
        2966,
        2966,
        2966,
        2966,
        2966,
        2966,
        2966,
        5107,
        2966,
        2966,
        2966,
        9493,
        9493,
        4154,
        9493,
        9698,
        2966,
        4154,
        4154,
        2852,
        4154,
        4154,
        2966,
        9698,
        9493,
        9493,
        4154,
        9493,
        4154,
        9493,
        4154,
        4154,
        2966,
        2966,
        4154,
        2966,
        4154,
        2966,
        9493,
        9493,
        2966,
        9493,
        2966,
        4154,
        2966,
        4154,
        2966,
        4154,
        4154,
        2966,
        2966,
        4154,
        3061,
        2966,
        9493,
        9493,
        2966,
        2985,
        16414,
        5122,
        2966,
        2966,
        2966,
        2966,
        2966,
        2966,
        2966,
        5107,
        2966,
        2966,
        2966,
        2966,
        2966,
        2966,
        2966,
        5107,
        2966,
        2966,
        2966,
        2966,
        2966,
        2966,
        2966,
        5107,
        9698,
        9493,
        8610,
        8610,
        699,
        2852,
        9698,
        5107,
        4154,
        9698,
        9698,
        9698,
        699,
        695,
        9698,
        699,
        9698,
        9698,
        9698,
        2966,
        2966,
        2966,
        2966,
        2966,
        2966,
        2966,
        2966,
        2966,
        2966,
        2966,
        2966,
        2966,
        2966,
        2966,
        2966,
        2966,
        2966,
        2966,
        2966,
        2966,
        2966,
        2966,
        2966,
        9493,
        8610,
        8610,
        699,
        2852,
        2852,
        2966,
        699,
        695,
        2966,
        2966,
        2966,
        2966,
        2966,
        2966,
        2966,
        2966,
        2966,
        2966,
        2966,
        2966,
        2966,
        2966,
        2966,
        2966,
        2966,
        2966,
        2966,
        2966,
        2966,
        2966,
        2966,
        2966,
        2966,
        9698,
        699,
        9698,
        2966,
        9698,
        2966,
        9698,
        4154,
        9698,
        699,
        695,
        9698,
        9698,
        9698,
        9698,
        9698,
        9698
    ],
    "DecorIndices": [],
    "DecorIds": [],
    "BlockEntities": {
        "3145728": "!<d@[F*RT,#64c-E,TfCCB+>7!<d@[F*`qq#64o6@VfsmCI<#NAIrp*E,]`9FCJfiD(T1/ARl&M@V&tbF!L_m+pnYd!!%O6*<6(i58\"J9!!%O6'`\\515TKh)J3On19-=?;",
        "3151872": "!<d@[F*RT,#64c-E,TfCCB+>7!<d@[F*a/\"#64o6@VfsmCI<#NAIrp*E,]`9FCJfiD(T1/ARl&M@V&tbF!L_m+pnYd!!%O6*<6(i58\"J9!!%O6'`\\515TKh)J3On19-=<:",
        "5243904": "!<d@[F*RT,#64c-E,TfCD#aP9!<d@[F*`tr#64o6@VfsmCI<#NAIrp*E,]`9FCJfiD(T1/ARl&M@V&tbF!L_m+pnYd!!%O6'`\\5a58\"J9r;V72(&\\)]590_(^d&ar9-=<:",
        "5250049": "!<d@[F*RW-#64c-E,TfCD#aP9!<d@[F*a2##64o6@VfsmCI<#NAIrp*E,]`9FCJfiD(T1/ARl&M@V&tbEuG#c(^^E]!!%O6&df'J!.[<LrVq@3(ue12!WW",
        "4199427": "!<d@[F*R]/#64c-E,TfCC]FG8!<d@[F*a,!#64o6@VfsmCI<#NAJK6(@r$13E+NQ3Ecki#Ch521Eb/ec\"E\\p.AJT</@Ua.b/R`^6Cgh?@/SB*4DJ=3(\":&scFCB9&=9&=$!!EUFATMNNDJ*csgCHlk\":&scFCB9&=o\\O&!!rsADes6$@ru9m!!E[MAT2'lE`7'gFCbFP!!!!",
        "3154948": "!<d@[F*R`0#64c-E,TfCCB+>7!<d@[F*a8%#64o6@VfsmCI<#NAIrp*E,]`9FCJfiD(T1/ARl&M@V&tbF!L_m+pnYd!!#8K'`\\5a58\"J9!!(qA'`\\5a1E?GqJA)l[9-=99",
        "4198404": "!<d@[F*R`0#64c-E,TfCC]FG8!<d@[F*a(u#64o6@VfsmCI<#NAJK6(@r$13E+NQ3Ecki#Ch521Eb/ec\"E\\p.AJT</@Ua.b/R`^6Cgh?>/SB*4DJ=3(\":&scFCB9&=9&=$!!EUFATMNNDJ*csi9`25\":&scFCB9&=o\\O&!!rsADes6$@ru9m!!E[MAT2'lE`7'gFCbFP!!!!",
        "5250052": "!<d@[F*R`0#64c-E,TfCD#aP9!<d@[F*a2##64o6@VfsmCI<#NAIrp*E,]`9FCJfiD(T1/ARl&M@V&tbF$fp7+pnYd!!%O6'`\\5a58\"J9s8RR5('\";`590_(J3On19-=<D*=;rZ!!%O6&e>HJs$+75!<@Yb*<H6!58`BQ+9VZ",
        "6293508": "!<d@[F*R`0#64c-E,TfCD?'Y:!<d@[F*a\"s#64o6@VfsmCI<#NAIrp*E,]`9FCJfiD(T1/ARl&M@V&tbF!L_m+pnYd!!%O6*<6'>58\"J9!!%O6'`\\5!5TKh)!'_=[9-=<:",
        "6294532": "!<d@[F*R`0#64c-E,TfCD?'Y:!<d@[F*a%t#64o6@VfsmCI<#NAJ/NlDfRFMF_P`)A1_h?F_>AC\":B0fFCB9&=]/[=gCMCj#mP<eASu'i!!s*KDK]T3F@]hXA8Ggu!!!",
        "6295556": "!<d@[F*R`0#64c-E,TfCD?'Y:!<d@[F*a(u#64o6@VfsmCI<#NAIrp*E,]`9FCJfiD(T1/ARl&M@V&tbF!L_m+pnYd!!%O6*<6'>58\"J9!!%O6'`\\5!5TKh)!'_=[9-=<:",
        "9444356": "!<d@[F*R`0#64c-E,TfCE<#t=!<d@[F*a2##64o6@VfsmCI<#NAIrp*E,]`9FCJfiD(T1/ARl&M@V&tbF!L_m+pnYd!!%O6*<6(i58\"J9qu;.1'o>ATZlK,H^q^fH9-=<:",
        "3145733": "!<d@[F*I]1#64c-E,TfCCB+>7!<d@[F*`qq#64o6@VfsmCI<#NAIrp*E,]`9FCJfiD(T1/ARl&M@V&tbEu4la(((3c!!%O6&df?R!5Li?!!%O6(ue0g",
        "3148805": "!<d@[F*I]1#64c-E,TfCCB+>7!<d@[F*a%t#64o6@VfsmCI<#NAJ/NlDfRFMF_P`)A1_h?F_>AD\":B0fFCB9&=]/[=gCMCj#mP<eASu'i!!s*KDK]T3F@]hXA8Ggu!!!",
        "5251077": "!<d@[F*I]1#64c-E,TfCD#aP9!<d@[F*a5$#64o6@VfsmCI<#NAIrp*E,]`9FCJfiD(T1/ARl&M@V&tbEuG#c(^^E]!!%O6&df'J!\"_F2q>Yq/(ue12!WW",
        "8388613": "!<d@[F*I]1#64c-E,TfCDu]k<!<d@[F*`qq#64o6@VfsmCI<#NAIrp*E,]`9FCJfiD(T1/ARl&M@V&tbF!:Sk+:8Gj!!%O6*<6(i58\"J9!!!Qr(&@lZ590_(J3On19)n",
        "8396805": "!<d@[F*I]1#64c-E,TfCDu]k<!<d@[F*a5$#64o6@VfsmCI<#NAIrp*E,]`9FCJfiD(T1/ARl&M@V&tbEuG#c(^^E]!!%O6&df'J!\"_F2q>Yq/(ue12!WW",
        "3147782": "!<d@[F*I`2#64c-E,TfCCB+>7!<d@[F*a\"s#64o6@VfsmCI<#NAIW9mDfor.F*)>@@:s-U$#+:#ASuU.Ed7ZiEH>r7FE7Qb!!!3,F)5c:EsD_\"!!*'\"!4E%2!#Yb:!!WgQASlBtEaa'4Eb,=fFCf<.ATD4$F`M%e@<6NjE+EC!AH2]1!<:8C5m.R;ASlBtEaa'4Eb,4Nz!!!<;AoD^\"AQ*\\hEa`Tl:i^JnErZ=LD.Rd%6#L=OA_Ra;562+\"FECr$BLZE?AH2]1!!!",
        "3149830": "!<d@[F*I`2#64c-E,TfCCB+>7!<d@[F*a(u#64o6@VfsmCI<#NAIW9mDfor.F*)>@@:s-U$#+:#ASuU.Ed7ZiEH>r7FE7Qb!!!3,F)5c:EsD_\"!!*'\"!4E%2!#Yb:!!WgQASlBtEaa'4Eb,=fFCf<.ATD4$F`M%e@<6NjE+EC!AH2]1!<:8C5m.R;ASlBtEaa'4Eb,4Nz!!!<;AoD^\"AQ*\\hEa`Tl:i^JnErZ=LD.Rd%6#L=OA_R_e5QM4#FECr$BLZE?AH2]1!!!",
        "3151878": "!<d@[F*I`2#64c-E,TfCCB+>7!<d@[F*a/\"#64o6@VfsmCI<#NAJK6(@r$13E+NQ3Ecki#Ch521Eb/ec\"E\\p.AJT</@Ua.b/R`^6Cgh?@/SB*4DJ=3(\":&scFCB9&=9&=$!!EUFATMNNDJ*csjNA<(\":&scFCB9&=o\\O&!!rsADes6$@ru9m!!E[MAT2'lE`7'gFCbFP!!!!",
        "3148807": "!<d@[F*Ic3#64c-E,TfCCB+>7!<d@[F*a%t#64o6@VfsmCI<#NAJK6(@r$13E+NQ3Ecki#Ch521Eb/ec\"E\\p.AJT</@Ua.b/R`^6Cgh?@/SB*4DJ=3(\":&scFCB9&=9&=$!!EUFATMNNDJ*csjNEiR\":&scFCB9&=o\\O&!!rsADes6$@ru9m!!E[MAT2'lE`7'gFCbFP!!!!",
        "3150855": "!<d@[F*Ic3#64c-E,TfCCB+>7!<d@[F*a,!#64o6@VfsmCI<#NAIW9mDfor.F*)>@@:s-U$#+:#ASuU.Ed7ZiEH>r7FE7Qb!!!3,F)5c:EsD_\"!!*'\"!4E%2!#Yb:!!WgQASlBtEaa'4Eb,=fFCf<.ATD4$F`M%e@<6NjE+EC!AH2]1!<:8C5m.R;ASlBtEaa'4Eb,4Nz!!!<;AoD^\"AQ*\\hEa`Tl:i^JnErZ=LD.Rd%6#L=OA_R_e5QM4#FECr$BLZE?AH2]1!!!",
        "3152903": "!<d@[F*Ic3#64c-E,TfCCB+>7!<d@[F*a2##64o6@VfsmCI<#NAJ/NlDfRFMF_P`)A1_h?F_>AC\":B0fFCB9&=]/[=z#mP<eASu'i!!s*KDK]T3F@]hXA8Ggu!!!",
        "6297607": "!<d@[F*Ic3#64c-E,TfCD?'Y:!<d@[F*a/\"#64o6@VfsmCI<#NAJK6(@r$13E+NQ3Ecki#Ch521Eb/ec\"E\\p.AJT</@Ua.b/R`^6Cgh??/SB*4DJ=3(\":&scFCB9&=9&=$!!EUFATMNNDJ*csjNA<(\":&scFCB9&=o\\O&!!rsADes6$@ru9m!!E[MAT2'lE`7'gFCbFP!!!!",
        "9438215": "!<d@[F*Ic3#64c-E,TfCE<#t=!<d@[F*`tr#64o6@VfsmCI<#NAJK6(@r$13E+NQ3Ecki#Ch521Eb/ec\"E\\p.AJT</@Ua.b/R`^6Cgh??/SB*4DJ=3(\":&scFCB9&=9&=$!!EUFATMNNDJ*csgCHlk\":&scFCB9&=o\\O&!!rsADes6$@ru9m!!E[MAT2'lE`7'gFCbFP!!!!",
        "3153928": "!<d@[F*If4#64c-E,TfCCB+>7!<d@[F*a5$#64o6@VfsmCI<#NAIrp*E,]`9FCJfiD(T1/ARl&M@V&tbEuG#c(^^EU!!!!`&df'J!!#4u!!'f\"(ue12\"98",
        "3145737": "!<d@[F*Ii5#64c-E,TfCCB+>7!<d@[F*`qq#64o6@VfsmCI<#NAIrp*E,]`9FCJfiD(T1/ARl&M@V&tbF!:Sk+:8Gb!!!!`*<6(i58\"J9!!!!`'`\\6L5TKh)J3On19)n",
        "8389641": "!<d@[F*Ii5#64c-E,TfCDu]k<!<d@[F*`tr#64o6@VfsmCI<#NAJK6(@r$13E+NQ3Ecki#Ch521Eb/ec\"E\\p.AJT</@Ua.b/R`^6Cgh?>/SB*4DJ=3(\":&scFCB9&=9&=$!!EUFATMNNDJ*csi9`25\":&scFCB9&=o\\O&!!rsADes6$@ru9m!!E[MAT2'lE`7'gFCbFP!!!!",
        "8395785": "!<d@[F*Ii5#64c-E,TfCDu]k<!<d@[F*a2##64o6@VfsmCI<#NAJK6(@r$13E+NQ3Ecki#Ch521Eb/ec\"E\\p.AJT</@Ua.b/R`^6Cgh?=/SB*4DJ=3(\":&scFCB9&=9&=$!!EUFATMNNDJ*csgCHlk\":&scFCB9&=o\\O&!!rsADes6$@ru9m!!E[MAT2'lE`7'gFCbFP!!!!",
        "4198410": "!<d@[F*Il6#64c-E,TfCC]FG8!<d@[F*a(u#64o6@VfsmCI<#NAJK6(@r$13E+NQ3Ecki#Ch521Eb/ec\"E\\p.AJT</@Ua.b/R`^6Cgh?>/SB*4DJ=3(\":&scFCB9&=9&=$!!EUFATMNNDJ*csjNA=S\":&scFCB9&=o\\O&!!rsADes6$@ru9m!!E[MAT2'lE`7'gFCbFP!!!!",
        "9444362": "!<d@[F*Il6#64c-E,TfCE<#t=!<d@[F*a2##64o6@VfsmCI<#NAJK6(@r$13E+NQ3Ecki#Ch521Eb/ec\"E\\p.AJT</@Ua.b/R`^6Cgh?=/SB*4DJ=3(\":&scFCB9&=9&=$!!EUFATMNNDJ*csi9`25\":&scFCB9&=o\\O&!!rsADes6$@ru9m!!E[MAT2'lE`7'gFCbFP!!!!",
        "3151883": "!<d@[F*Io7#64c-E,TfCCB+>7!<d@[F*a/\"#64o6@VfsmCI<#NAIW9mDfor.F*)>@@:s-U$#+:#ASuU.Ed7ZiEH>r7FE7Qb!!!3,F)5c:EsD_\"!!*'\"!4E%2!$qUF!!WgQASlBtEaa'4Eb,=fFCf<.ATD4$F`M%e@<6NjE+EC!AH2]1!<:8C5m.R;ASlBtEaa'4Eb,4Nz!!!<;AoD^\"AQ*\\hEa`Tl:i^JnErZ=LD.Rd%6#L=OA_R_e^]=dNFECr$BLZE?AH2]1!!!",
        "4199435": "!<d@[F*Io7#64c-E,TfCC]FG8!<d@[F*a,!#64o6@VfsmCI<#NAJK6(@r$13E+NQ3Ecki#Ch521Eb/ec\"E\\p.AJT</@Ua.b/R`^6Cgh?@/SB*4DJ=3(\":&scFCB9&=9&=$!!EUFATMNNDJ*csjNA=S\":&scFCB9&=o\\O&!!rsADes6$@ru9m!!E[MAT2'lE`7'gFCbFP!!!!",
        "3148812": "!<d@[F*Ir8#64c-E,TfCCB+>7!<d@[F*a%t#64o6@VfsmCI<#NAHu^]F`__:EWlSfH#R=(@q]:bE\\2<SBl7Km1B[r'DffE0AQSp4!!!-.D.Rd%6#L=OA`V%#^B=d^DffE0AQf'6!!!<3@rH1\"ARfgnA,l`?Eb02uBl[-o@<?&\\z",
        "3149836": "!<d@[F*Ir8#64c-E,TfCCB+>7!<d@[F*a(u#64o6@VfsmCI<#NAHu^]F`__:EWlSfH#R=(FCAWpAM%qFBl7Km1'@i&DffE0AQSp4!!!-.D.Rd%6#L=OA_Ra;^B=d^DffE0AQf'6!!!<3@rH1\"ARfgnA,l`?Eb02uBl[-o@<?&\\z",
        "3151884": "!<d@[F*Ir8#64c-E,TfCCB+>7!<d@[F*a/\"#64o6@VfsmCI<#NAHu^]F`__:EWlSfH#R=(@q]:bE\\2<SBl7Km1B[r'DffE0AQSp4!!!-.D.Rd%6#L=OA`V#M^]Xm_DffE0AQf'6!!!<3@rH1\"ARfgnA,l`?Eb02uBl[-o@<?&\\z",
        "6294540": "!<d@[F*Ir8#64c-E,TfCD?'Y:!<d@[F*a%t#64o6@VfsmCI<#NAIW9mDfor.F*)>@@:s-U$#+:#ASuU.Ed7ZiEH>r7FE7Qb!!!3,F)5c:EsD_\"!!*'\"!4E%2!#Yb:!!WgQASlBtEaa'4Eb,=fFCf<.ATD4$F`M%e@<6NjE+EC!AH2]1!<:8C5m.R;ASlBtEaa'4Eb,4Nz!!!<;AoD^\"AQ*\\hEa`Tl:i^JnErZ=LD.Rd%6#L=OA_Ra;^B\"[MFECr$BLZE?AH2]1!!!",
        "6296588": "!<d@[F*Ir8#64c-E,TfCD?'Y:!<d@[F*a,!#64o6@VfsmCI<#NAHu^]F`__:EWlSfH#R=(FCAWpAM%qFBl7Km1^\"&(DffE0AQSp4!!!-.D.Rd%6#L=OA^XNS^B=d^DffE0AQf'6!!!<3@rH1\"ARfgnA,l`?Eb02uBl[-o@<?&\\z",
        "6297612": "!<d@[F*Ir8#64c-E,TfCD?'Y:!<d@[F*a/\"#64o6@VfsmCI<#NAHu^]F`__:EWlSfH#R=(FCAWpAM%qFBl7Km1'@i&DffE0AQSp4!!!-.D.Rd%6#L=OA^XNS^B=d^DffE0AQf'6!!!<3@rH1\"ARfgnA,l`?Eb02uBl[-o@<?&\\z",
        "7345164": "!<d@[F*Ir8#64c-E,TfCDZBb;!<d@[F*a,!#64o6@VfsmCI<#NAJK6(@r$13E+NQ3Ecki#Ch521Eb/ec\"E\\p.AJT</@Ua.b/R`^6Cgh??/SB*4DJ=3(\":&scFCB9&=9&=$!!EUFATMNNDJ*csjNA=S\":&scFCB9&=o\\O&!!rsADes6$@ru9m!!E[MAT2'lE`7'gFCbFP!!!!",
        "3153933": "!<d@[F*Iu9#64c-E,TfCCB+>7!<d@[F*a5$#64o6@VfsmCI<#NAIrp*E,]`9FCJfiD(T1/ARl&M@V&tbEuG#c(^^EU!!%O6&df'J!.[9K!!()*(ue12\"98",
        "5242893": "!<d@[F*Iu9#64c-E,TfCD#aP9!<d@[F*`qq#64o6@VfsmCI<#NAIrp*E,]`9FCJfiD(T1/ARl&M@V&tbF!gqp,mk.l!!%O6'`\\5a590_(J3OYW%0-An_%l\\DIm4q\\!.[9Ni_'7",
        "10487821": "!<d@[F*Iu9#64c-E,TfCEW?(>!<d@[F*a\"s#64o6@VfsmCI<#NAJK6(@r$13E+NQ3Ecki#Ch521Eb/ec\"E\\p.AJT</@Ua.b/R`^6Cgh?=/SB*4DJ=3(\":&scFCB9&=9&=$!!EUFATMNNDJ*csgCME@\":&scFCB9&=o\\O&!!rsADes6$@ru9m!!E[MAT2'lE`7'gFCbFP!!!!",
        "3145742": "!<d@[F*J#:#64c-E,TfCCB+>7!<d@[F*`qq#64o6@VfsmCI<#NAIrp*E,]`9FCJfiD(T1/ARl&M@V&tbEu4la(((3c!!%O6&df?R!5Li?!!%O6(ue0g",
        "3147790": "!<d@[F*J#:#64c-E,TfCCB+>7!<d@[F*a\"s#64o6@VfsmCI<#NAIW9mDfor.F*)>@@:s-U$#+:#ASuU.Ed7ZiEH>r7FE7Qb!!!3,F)5c:EsD_\"!!*'\"!4E%2!$;1@!!WgQASlBtEaa'4Eb,=fFCf<.ATD4$F`M%e@<6NjE+EC!AH2]1!<:8C5m.R;ASlBtEaa'4Eb,4Nz!!!<;AoD^\"AQ*\\hEa`Tl:i^JnErZ=LD.Rd%6#L=OAH2]1!!*F8FECr$BLZE?AH2]1!!!",
        "3148814": "!<d@[F*J#:#64c-E,TfCCB+>7!<d@[F*a%t#64o6@VfsmCI<#NAIW9mDfor.F*)>@@:s-U$#+:#ASuU.Ed7ZiEH>r7FE7Qb!!!3,F)5c:EsD_\"!!*'\"!4E%2!\"Ao.!!WgQASlBtEaa'4Eb,=fFCf<.ATD4$F`M%e@<6NjE+EC!AH2]1!<:8C5m.R;ASlBtEaa'4Eb,4Nz!!!<;AoD^\"AQ*\\hEa`Tl:i^JnErZ=LD.Rd%6#L=OA_Ra;562+\"FECr$BLZE?AH2]1!!!",
        "3151886": "!<d@[F*J#:#64c-E,TfCCB+>7!<d@[F*a/\"#64o6@VfsmCI<#NAIrp*E,]`9FCJfiD(T1/ARl&M@V&tbEu4la(((3c!!%O6&df?R!!#8)!!%O6(ue0g",
        "4196366": "!<d@[F*J#:#64c-E,TfCC]FG8!<d@[F*a\"s#64o6@VfsmCI<#NAIrp*E,]`9FCJfiD(T1/ARl&M@V&tbF'&DL(^^E]!!%O6&df'J!'idarr7I4(ue12!X]qT\"Vh\";J3OYW%=5,@ZP<H?+@$qI!$FNDi_(Bp$69HW'`\\5a58\"J9m]?dD'`\\5a^E\"r?41#ja9-=68",
        "4200462": "!<d@[F*J#:#64c-E,TfCC]FG8!<d@[F*a/\"#64o6@VfsmCI<#NAIrp*E,]`9FCJfiD(T1/ARl&M@V&tbF!:Sk+:8Gj!!%O6*<6(i58\"J9HE?D<'`\\4V5TKh)^qU`G9)n",
        "4202510": "!<d@[F*J#:#64c-E,TfCC]FG8!<d@[F*a5$#64o6@VfsmCI<#NAIrp*E,]`9FCJfiD(T1/ARl&M@V&tbEuG#c(^^E]!!%O6&df'J!'idarr7I4(ue12!WW",
        "6292494": "!<d@[F*J#:#64c-E,TfCD?'Y:!<d@[F*`tr#64o6@VfsmCI<#NAIrp*E,]`9FCJfiD(T1/ARl&M@V&tbEuG#c(^^6U%h4@aUpLj;!'idi!!(qB(ue12!<<",
        "6298638": "!<d@[F*J#:#64c-E,TfCD?'Y:!<d@[F*a2##64o6@VfsmCI<#NAIrp*E,]`9FCJfiD(T1/ARl&M@V&tbF$9R2*=;rj!!%O6&e>G.7AR:*M++5I*<6)T^_l'(+9;fi$3_FM!.[9H%h4@aUpLj;!'idi!!'gM(ue12!<<",
        "9438222": "!<d@[F*J#:#64c-E,TfCE<#t=!<d@[F*`tr#64o6@VfsmCI<#NAIrp*E,]`9FCJfiD(T1/ARl&M@V&tbEuG#c(^^6U%h4@a,d\\9d!)Pp$!!$Cl(ue12!<<",
        "9444366": "!<d@[F*J#:#64c-E,TfCE<#t=!<d@[F*a2##64o6@VfsmCI<#NAIrp*E,]`9FCJfiD(T1/ARl&M@V&tbF$9R2*=;rj!!%O6&e>G.7AR:*M++5I*<6)T^_l'(+9;fi$3_FM!.[9H%h4@a,d\\9d!)Pp$!!\".W(ue12!<<",
        "3147791": "!<d@[F*J&;#64c-E,TfCCB+>7!<d@[F*a\"s#64o6@VfsmCI<#NAIW9mDfor.F*)>@@:s-U$#+:#ASuU.Ed7ZiEH>r7FE7Qb!!!3,F)5c:EsD_\"!!*'\"!4E%2!#Yb:!!WgQASlBtEaa'4Eb,=fFCf<.ATD4$F`M%e@<6NjE+EC!AH2]1!<:8C5m.R;ASlBtEaa'4Eb,4Nz!!!<;AoD^\"AQ*\\hEa`Tl:i^JnErZ=LD.Rd%6#L=OAH2]1!!*F8FECr$BLZE?AH2]1!!!",
        "3148815": "!<d@[F*J&;#64c-E,TfCCB+>7!<d@[F*a%t#64o6@VfsmCI<#NAIW9mDfor.F*)>@@:s-U$#+:#ASuU.Ed7ZiEH>r7FE7Qb!!!3,F)5c:EsD_\"!!*'\"!4E%2!##>4!!WgQASlBtEaa'4Eb,=fFCf<.ATD4$F`M%e@<6NjE+EC!AH2]1!<:8C5m.R;ASlBtEaa'4Eb,4Nz!!!<;AoD^\"AQ*\\hEa`Tl:i^JnErZ=LD.Rd%6#L=OA_Ra;562+\"FECr$BLZE?AH2]1!!!",
        "3147792": "!<d@[F*J)<#64c-E,TfCCB+>7!<d@[F*a\"s#64o6@VfsmCI<#NAIrp*E,]`9FCJfiD(T1/ARl&M@V&tbEuG#c(^^EU!!%O6&df'J!.[9K!!!!a(ue12!WW",
        "3151888": "!<d@[F*J)<#64c-E,TfCCB+>7!<d@[F*a/\"#64o6@VfsmCI<#NAIrp*E,]`9FCJfiD(T1/ARl&M@V&tbF!:Sk+:8Gb!!%O6*<6(i58\"J9!!%O6'`\\465TKh)J3On19)n",
        "4194320": "!<d@[F*J)<#64c-E,TfCC]FG8!<d@[F*`qq#64o6@VfsmCI<#NAIrp*E,]`9FCJfiD(T1/ARl&M@V&tbF!gqp,mk.l!!%O6'`\\5a590_(J3OYW%0-A.^_QkKIm4qT!.[9Ni_'7",
        "4200464": "!<d@[F*J)<#64c-E,TfCC]FG8!<d@[F*a/\"#64o6@VfsmCI<#NAIrp*E,]`9FCJfiD(T1/ARl&M@V&tbF!gqp,mk.l!!%O6'`\\5a590_(J3OYW%0-A.^_QkKIm4qT!.[9Ni_'7",
        "4202512": "!<d@[F*J)<#64c-E,TfCC]FG8!<d@[F*a5$#64o6@VfsmCI<#NAIrp*E,]`9FCJfiD(T1/ARl&M@V&tbF!L_m+pnYd!!%O6'`\\5a58\"J9!!%O6'`\\5a^E\"r?41#ja9-=99",
        "5246992": "!<d@[F*J)<#64c-E,TfCD#aP9!<d@[F*a(u#64o6@VfsmCI<#NAIrp*E,]`9FCJfiD(T1/ARl&M@V&tbF\"%(r-OL@n!!#8K'`\\6L590_(!'_),%0-A.^_QnL^HW_A!!#5#i_(Bt!!",
        "3146769": "!<d@[F*J,=#64c-E,TfCCB+>7!<d@[F*`tr#64o6@VfsmCI<#NAIrp*E,]`9FCJfiD(T1/ARl&M@V&tbEtA<Y%LN1K\"Vh\";!'hC\\9-=68",
        "3149841": "!<d@[F*J,=#64c-E,TfCCB+>7!<d@[F*a(u#64o6@VfsmCI<#NAIrp*E,]`9FCJfiD(T1/ARl&M@V&tbEuG#c(^^Ee!!!!`&df?R!.[<T!!!!`(ue12\"98",
        "5243921": "!<d@[F*J,=#64c-E,TfCD#aP9!<d@[F*`tr#64o6@VfsmCI<#NAIrp*E,]`9FCJfiD(T1/ARl&M@V&tbEuG#c(^^6U%h4@a,d\\<ds5-$]!!$Cl(ue12!<<",
        "5250065": "!<d@[F*J,=#64c-E,TfCD#aP9!<d@[F*a2##64o6@VfsmCI<#NAIrp*E,]`9FCJfiD(T1/ARl&M@V&tbEutAh*=;rj!!%O6&e>G.7AR:*M++5I*<6)T^_l'(+9;H",
        "6295569": "!<d@[F*J,=#64c-E,TfCD?'Y:!<d@[F*a(u#64o6@VfsmCI<#NAIrp*E,]`9FCJfiD(T1/ARl&M@V&tbF!L_m+pnYl!!#8K*<6'>58\"J9M+&\\s(&\\)]^E!:SJ3Xt29-=68"
    },
    "Entities": [],
    "ReplaceMode": 2,
    "EntranceRotation": -1
}