{
    "GameVersion": "1.19.7",
    "SizeX": 10,
    "SizeY": 13,
    "SizeZ": 12,
    "BlockCodes": {
        "9698": "game:supportbeam-aged",
        "5107": "game:gravel-granite",
        "2966": "game:cobblestone-granite",
        "2852": "game:cobblestoneslab-granite-down-free",
        "2675": "game:soil-medium-verysparse",
        "2680": "game:soil-medium-sparse",
        "4154": "game:drystone-granite",
        "9493": "game:agedstonebricks-granite",
        "5122": "game:looseboulders-granite-free",
        "5535": "game:loosestones-granite-free",
        "16414": "game:rocktyped-rubble-free",
        "3023": "game:cobblestonestairs-granite-up-east-free",
        "9668": "game:planks-aged-we",
        "3099": "game:cobblestonestairs-granite-up-west-free",
        "3061": "game:cobblestonestairs-granite-up-south-free"
    },
    "ItemCodes": {},
    "Indices": [
        0,
        1024,
        2048,
        3072,
        4096,
        5120,
        6144,
        7168,
        8192,
        9216,
        10240,
        1048576,
        1049600,
        1050624,
        1051648,
        1052672,
        1053696,
        1054720,
        1055744,
        1056768,
        1057792,
        1058816,
        2097152,
        2098176,
        2099200,
        2100224,
        2101248,
        2102272,
        2103296,
        2104320,
        2105344,
        2106368,
        2107392,
        3146752,
        3147776,
        3148800,
        3149824,
        3150848,
        3151872,
        1,
        1025,
        2049,
        3073,
        4097,
        5121,
        6145,
        7169,
        8193,
        9217,
        10241,
        1048577,
        1049601,
        1050625,
        1051649,
        1052673,
        1053697,
        1054721,
        1055745,
        1056769,
        1057793,
        1058817,
        2097153,
        2098177,
        2099201,
        2100225,
        2101249,
        2102273,
        2103297,
        2104321,
        2105345,
        2106369,
        2107393,
        3145729,
        3146753,
        3147777,
        3148801,
        3149825,
        3150849,
        3151873,
        4199425,
        5253121,
        8398849,
        2,
        1026,
        2050,
        3074,
        4098,
        5122,
        6146,
        7170,
        8194,
        9218,
        10242,
        1048578,
        1049602,
        1050626,
        1051650,
        1052674,
        1053698,
        1054722,
        1055746,
        1056770,
        1057794,
        1058818,
        2097154,
        2098178,
        2099202,
        2100226,
        2101250,
        2102274,
        2103298,
        2104322,
        2105346,
        2106370,
        2107394,
        3145730,
        3146754,
        3147778,
        3148802,
        3149826,
        3150850,
        3151874,
        3152898,
        3153922,
        3154946,
        3155970,
        4196354,
        4197378,
        4198402,
        4199426,
        4200450,
        4201474,
        4202498,
        4203522,
        4204546,
        5245954,
        5249026,
        5250050,
        5251074,
        5252098,
        5253122,
        5254146,
        6298626,
        6299650,
        6300674,
        6301698,
        7349250,
        7350274,
        8396802,
        8397826,
        8398850,
        9445378,
        9446402,
        9447426,
        9448450,
        3,
        1027,
        2051,
        3075,
        4099,
        5123,
        6147,
        7171,
        8195,
        9219,
        10243,
        1048579,
        1049603,
        1050627,
        1051651,
        1052675,
        1053699,
        1054723,
        1055747,
        1056771,
        1057795,
        1058819,
        2097155,
        2098179,
        2099203,
        2100227,
        2101251,
        2102275,
        2103299,
        2104323,
        2105347,
        2106371,
        2107395,
        3145731,
        3146755,
        3147779,
        3148803,
        3149827,
        3150851,
        3151875,
        3153923,
        3155971,
        4195331,
        4196355,
        4197379,
        4198403,
        4199427,
        4204547,
        5244931,
        5253123,
        6301699,
        7350275,
        8398851,
        9447427,
        10496003,
        4,
        1028,
        2052,
        3076,
        4100,
        5124,
        6148,
        7172,
        8196,
        9220,
        10244,
        1048580,
        1049604,
        1050628,
        1051652,
        1052676,
        1053700,
        1054724,
        1055748,
        1056772,
        1057796,
        1058820,
        2097156,
        2098180,
        2099204,
        2100228,
        2101252,
        2102276,
        2103300,
        2104324,
        2105348,
        2106372,
        2107396,
        3145732,
        3146756,
        3147780,
        3148804,
        3149828,
        3150852,
        3155972,
        4194308,
        4195332,
        4196356,
        4197380,
        4204548,
        5244932,
        5253124,
        6301700,
        8398852,
        9447428,
        10496004,
        11544580,
        5,
        1029,
        2053,
        3077,
        4101,
        5125,
        6149,
        7173,
        8197,
        9221,
        10245,
        1048581,
        1049605,
        1050629,
        1051653,
        1052677,
        1053701,
        1054725,
        1055749,
        1056773,
        1057797,
        1058821,
        2097157,
        2098181,
        2099205,
        2100229,
        2101253,
        2102277,
        2103301,
        2104325,
        2105349,
        2106373,
        2107397,
        3145733,
        3146757,
        3147781,
        3148805,
        3149829,
        3150853,
        3155973,
        4196357,
        4198405,
        4204549,
        5244933,
        5253125,
        6301701,
        7350277,
        8398853,
        9447429,
        10496005,
        11544581,
        12593157,
        12594181,
        6,
        1030,
        2054,
        3078,
        4102,
        5126,
        6150,
        7174,
        8198,
        9222,
        10246,
        1048582,
        1049606,
        1050630,
        1051654,
        1052678,
        1053702,
        1054726,
        1055750,
        1056774,
        1057798,
        1058822,
        2097158,
        2098182,
        2099206,
        2100230,
        2101254,
        2102278,
        2103302,
        2104326,
        2105350,
        2106374,
        2107398,
        3145734,
        3146758,
        3147782,
        3148806,
        3149830,
        3153926,
        3154950,
        3155974,
        4196358,
        4204550,
        5244934,
        5253126,
        6293510,
        6301702,
        8398854,
        9447430,
        10496006,
        11544582,
        7,
        1031,
        2055,
        3079,
        4103,
        5127,
        6151,
        7175,
        8199,
        9223,
        10247,
        1048583,
        1049607,
        1050631,
        1051655,
        1052679,
        1053703,
        1054727,
        1055751,
        1056775,
        1057799,
        1058823,
        2097159,
        2098183,
        2099207,
        2100231,
        2101255,
        2102279,
        2103303,
        2104327,
        2105351,
        2106375,
        2107399,
        3146759,
        3147783,
        3148807,
        3151879,
        3152903,
        3153927,
        3154951,
        3155975,
        4196359,
        4201479,
        4202503,
        4203527,
        4204551,
        5244935,
        5251079,
        5252103,
        5253127,
        6293511,
        6301703,
        7342087,
        7350279,
        8390663,
        8398855,
        9439239,
        9447431,
        10496007,
        8,
        1032,
        2056,
        3080,
        4104,
        5128,
        6152,
        7176,
        8200,
        9224,
        10248,
        1048584,
        1049608,
        1050632,
        1051656,
        1052680,
        1053704,
        1054728,
        1055752,
        1056776,
        1057800,
        1058824,
        2097160,
        2098184,
        2099208,
        2100232,
        2101256,
        2102280,
        2103304,
        2104328,
        2105352,
        2106376,
        2107400,
        3146760,
        3147784,
        3148808,
        3149832,
        3150856,
        3151880,
        3152904,
        3153928,
        3154952,
        3155976,
        3157000,
        4196360,
        4197384,
        4198408,
        4199432,
        4200456,
        4201480,
        4202504,
        4203528,
        4204552,
        5244936,
        5245960,
        5246984,
        5248008,
        5249032,
        5250056,
        5251080,
        5252104,
        5253128,
        6293512,
        6294536,
        6295560,
        6296584,
        6297608,
        6298632,
        6299656,
        6300680,
        6301704,
        7342088,
        7343112,
        7344136,
        7345160,
        7346184,
        7347208,
        7349256,
        7350280,
        8390664,
        8391688,
        8392712,
        8393736,
        8394760,
        8395784,
        8396808,
        8397832,
        8398856,
        8399880,
        9439240,
        9442312,
        9443336,
        9447432,
        3151881,
        5244937,
        5253129,
        8390665
    ],
    "BlockIds": [
        5107,
        2966,
        2966,
        2966,
        2966,
        2966,
        2966,
        2966,
        5107,
        2966,
        2966,
        5107,
        2966,
        2966,
        2966,
        2966,
        2966,
        2966,
        2966,
        5107,
        2966,
        2966,
        5107,
        2966,
        2966,
        2966,
        2966,
        2966,
        2966,
        2966,
        5107,
        2966,
        2966,
        2852,
        5107,
        2966,
        5107,
        5107,
        5107,
        2966,
        2966,
        2966,
        2675,
        2680,
        2966,
        2966,
        2966,
        5107,
        2966,
        2966,
        2966,
        2966,
        2966,
        2675,
        2680,
        2966,
        2966,
        2966,
        5107,
        2966,
        2966,
        2966,
        2966,
        2966,
        2675,
        2680,
        2966,
        2966,
        2966,
        5107,
        2966,
        2966,
        5107,
        4154,
        2966,
        2966,
        5107,
        5107,
        9698,
        9698,
        9698,
        9698,
        2966,
        2675,
        2966,
        2966,
        9493,
        2966,
        2966,
        2966,
        2966,
        2966,
        2966,
        2966,
        2675,
        2966,
        2966,
        9493,
        2966,
        2966,
        2966,
        2966,
        2966,
        2966,
        2966,
        2675,
        2966,
        2966,
        9493,
        2966,
        2966,
        2966,
        2966,
        2966,
        2966,
        4154,
        2966,
        2966,
        4154,
        2966,
        4154,
        2966,
        2966,
        2966,
        2966,
        2966,
        2852,
        9493,
        5122,
        9493,
        2966,
        2966,
        2852,
        4154,
        2966,
        5535,
        2966,
        2966,
        9493,
        2966,
        9493,
        9698,
        2966,
        9493,
        2966,
        9493,
        9493,
        2966,
        2966,
        2966,
        4154,
        5122,
        16414,
        3023,
        9698,
        2966,
        2966,
        2966,
        9668,
        9668,
        9668,
        2966,
        2966,
        2966,
        9668,
        2966,
        2966,
        2966,
        2966,
        9668,
        9668,
        9668,
        2966,
        2966,
        2966,
        9668,
        2966,
        2966,
        2966,
        2966,
        9668,
        9668,
        9668,
        2966,
        2966,
        2966,
        9668,
        2966,
        5107,
        5107,
        9493,
        5107,
        5107,
        2966,
        5107,
        5535,
        4154,
        4154,
        4154,
        5107,
        2852,
        2966,
        9493,
        2852,
        2966,
        2966,
        4154,
        9493,
        2966,
        3023,
        2966,
        2675,
        2966,
        9668,
        9668,
        9668,
        9668,
        2966,
        9668,
        2966,
        2966,
        2966,
        2675,
        2966,
        9668,
        9668,
        9668,
        9668,
        2966,
        9668,
        2966,
        2966,
        2966,
        2675,
        2966,
        9668,
        9668,
        9668,
        9668,
        2966,
        9668,
        2966,
        2966,
        4154,
        2966,
        9493,
        5107,
        5107,
        5107,
        2966,
        2852,
        2966,
        9493,
        2852,
        2852,
        9698,
        2966,
        9493,
        2966,
        2966,
        2966,
        3023,
        2966,
        2966,
        2966,
        2966,
        2966,
        9668,
        9668,
        9668,
        9668,
        2966,
        2966,
        2966,
        2966,
        2966,
        2966,
        2966,
        9668,
        9668,
        9668,
        9668,
        2966,
        2966,
        2966,
        2966,
        2966,
        2966,
        2966,
        9668,
        9668,
        9668,
        9668,
        2966,
        2966,
        5107,
        5107,
        2966,
        5107,
        4154,
        5107,
        2966,
        2966,
        16414,
        2966,
        5535,
        9493,
        2966,
        2966,
        2966,
        4154,
        4154,
        2966,
        2852,
        9698,
        2966,
        2966,
        2966,
        9668,
        2966,
        2966,
        9668,
        9668,
        2966,
        9668,
        2966,
        2966,
        2966,
        2966,
        9668,
        2966,
        2966,
        9668,
        9668,
        2966,
        9668,
        2966,
        2966,
        2966,
        2966,
        9668,
        2966,
        2966,
        9668,
        9668,
        2966,
        9668,
        2966,
        2852,
        5107,
        4154,
        5107,
        2852,
        5535,
        16414,
        4154,
        9493,
        9493,
        2966,
        9493,
        16414,
        9493,
        4154,
        9493,
        4154,
        3099,
        2966,
        2966,
        2966,
        9668,
        9668,
        2966,
        2966,
        2966,
        2966,
        2966,
        2966,
        2966,
        2966,
        2966,
        9668,
        9668,
        2966,
        2966,
        2966,
        2966,
        2966,
        2966,
        2966,
        2966,
        2966,
        9668,
        9668,
        2966,
        2966,
        2966,
        2966,
        2966,
        2966,
        5107,
        2966,
        5107,
        3061,
        2966,
        4154,
        9493,
        2966,
        2966,
        3061,
        4154,
        2966,
        4154,
        2966,
        3061,
        2966,
        2966,
        9493,
        2966,
        2966,
        9493,
        9493,
        4154,
        5535,
        9493,
        3099,
        2966,
        2966,
        2966,
        2966,
        2966,
        2966,
        2966,
        2966,
        2966,
        2966,
        2966,
        2966,
        2966,
        2966,
        2966,
        2966,
        2966,
        2966,
        2966,
        2966,
        2966,
        2966,
        2966,
        2966,
        2966,
        2966,
        2966,
        2966,
        2966,
        2966,
        2966,
        2966,
        2966,
        9698,
        2966,
        9493,
        2966,
        2966,
        2966,
        9493,
        9493,
        2966,
        2966,
        9698,
        2966,
        9493,
        2852,
        9493,
        2966,
        4154,
        4154,
        9493,
        2966,
        4154,
        4154,
        2966,
        4154,
        2966,
        9493,
        4154,
        2966,
        4154,
        9493,
        9493,
        9493,
        2966,
        2966,
        9493,
        2966,
        9493,
        2966,
        9493,
        9493,
        5535,
        2966,
        9493,
        9493,
        2966,
        2966,
        9493,
        4154,
        2966,
        2966,
        4154,
        2966,
        9493,
        4154,
        2966,
        9698,
        3099,
        5122,
        16414,
        3099,
        9698,
        9698,
        9698,
        9698
    ],
    "DecorIndices": [],
    "DecorIds": [],
    "BlockEntities": {
        "3151873": "!<d@[F*LI*#64c-E,TfCCB+>7!<d@[F*aP-#64o6@VfsmCI<#NAIrp*E,]`9FCJfiD(T1/ARl&M@V&tbF!L_m+pnYd!!%O6*<6'>58\"J9!!%O6'`\\6D5TKh)!'_=[9-=<:",
        "4199425": "!<d@[F*LI*#64c-E,TfCC]FG8!<d@[F*aM,#64o6@VfsmCI<#NAIrp*E,]`9FCJfiD(T1/ARl&M@V&tbF!L_m+pnYd!!%O5*<6'>58\"J9!!#:!(#)aqZlK,H&AT.B9-=?;",
        "5253121": "!<d@[F*LI*#64c-E,TfCD#aP9!<d@[F*a\\1#64o6@VfsmCI<#NAIrp*E,]`9FCJfiD(T1/ARl&M@V&tbF\"%(r-OL@n!!%O6'`\\5a590_(J3OYW%0?N[^D6bJs1]QU!5Q>di_(Br!!",
        "8398849": "!<d@[F*LI*#64c-E,TfCDu]k<!<d@[F*a\\1#64o6@VfsmCI<#NAIrp*E,]`9FCJfiD(T1/ARl&M@V&tbF\"%(r-OL@n!!%O6'`\\5a590_(J3OYW%0-BY58=.uTYMTBs*m6Mi_(Br!!",
        "5254146": "!<d@[F*LL+#64c-E,TfCD#aP9!<d@[F*a_2#64o6@VfsmCI<#NAIrp*E,]`9FCJfiD(T1/ARl&M@V&tbEuG#c(^^E]!!%O6&df'J!8p*Wqu;.1(ue12!WW",
        "9446402": "!<d@[F*LL+#64c-E,TfCE<#t=!<d@[F*aY0#64o6@VfsmCI<#NAJK6(@r$13E+NQ3Ecki#Ch521Eb/ec\"E\\p.AJT</@Ua.b/R`^6Cgh?>/SB*4DJ=3(\":&scFCB9&=9&=$!!EUFATMNNDJ*csi9`25\":&scFCB9&=o\\O&!!rsADes6$@ru9m!!E[MAT2'lE`7'gFCbFP!!!!",
        "9448450": "!<d@[F*LL+#64c-E,TfCE<#t=!<d@[F*a_2#64o6@VfsmCI<#NAIrp*E,]`9FCJfiD(T1/ARl&M@V&tbEtnZ^'++^P$4Qt8?pGG,!)Poti_(Bq!!",
        "5244932": "!<d@[F*LR-#64c-E,TfCD#aP9!<d@[F*aD)#64o6@VfsmCI<#NAIrp*E,]`9FCJfiD(T1/ARl&M@V&tbF!L_m+pnYd!!!!`*<6'>58\"J9s8P;J'fo62ZQ0#G5ee/q9-=?;",
        "4198405": "!<d@[F*LU.#64c-E,TfCC]FG8!<d@[F*aJ+#64o6@VfsmCI<#NAJK6(@r$13E+NQ3Ecki#Ch521Eb/ec\"E\\p.AJT</@Ua.b/R`^6Cgh??/SB*4DJ=3(\":&scFCB9&=9&=$!!EUFATMNNDJ*csdSp%X\":&scFCB9&=o\\O&!!rsADes6$@ru9m!!E[MAT2'lE`7'gFCbFP!!!!",
        "12594181": "!<d@[F*LU.#64c-E,TfCF8u:@!<d@[F*a_2#64o6@VfsmCI<#NAIrp*E,]`9FCJfiD(T1/ARl&M@V&tbEutAh*=<,_!!!!`'`\\5a4q\\23!!%O7('\":u^_l'(+9DN",
        "3154950": "!<d@[F*LX/#64c-E,TfCCB+>7!<d@[F*aY0#64o6@VfsmCI<#NAJK6(@r$13E+NQ3Ecki#Ch521Eb/ec\"E\\p.AJT</@Ua.b/R`^6Cgh?@/SB*4DJ=3(\":&scFCB9&=9&=$!!EUFATMNNDJ*csi9`25\":&scFCB9&=o\\O&!!rsADes6$@ru9m!!E[MAT2'lE`7'gFCbFP!!!!",
        "6293510": "!<d@[F*LX/#64c-E,TfCD?'Y:!<d@[F*aD)#64o6@VfsmCI<#NAJK6(@r$13E+NQ3Ecki#Ch521Eb/ec\"E\\p.AJT</@Ua.b/R`^6Cgh?=/SB*4DJ=3(\":&scFCB9&=9&=$!!EUFATMNNDJ*csdSp%X\":&scFCB9&=o\\O&!!rsADes6$@ru9m!!E[MAT2'lE`7'gFCbFP!!!!",
        "3146760": "!<d@[F*L^1#64c-E,TfCCB+>7!<d@[F*aA(#64o6@VfsmCI<#NAIrp*E,]`9FCJfiD(T1/ARl&M@V&tbF!:Sk+:8Gb!!%O6*<6(i58\"J9!!%O6'`\\6L5TKh)J3On19)n",
        "3157000": "!<d@[F*L^1#64c-E,TfCCB+>7!<d@[F*a_2#64o6@VfsmCI<#NAIrp*E,]`9FCJfiD(T1/ARl&M@V&tbEuG#c(^^EU!!%O6&df'J!.[9K!!'f\"(ue12\"98",
        "8399880": "!<d@[F*L^1#64c-E,TfCDu]k<!<d@[F*a_2#64o6@VfsmCI<#NAIrp*E,]`9FCJfiD(T1/ARl&M@V&tbF!L_m+pnYd!!%O6'`\\5a58\"J9!!'gM(&S#\\595SL,W-Fu9-=99",
        "9443336": "!<d@[F*L^1#64c-E,TfCE<#t=!<d@[F*aP-#64o6@VfsmCI<#NAJK6(@r$13E+NQ3Ecki#Ch521Eb/ec\"E\\p.AJT</@Ua.b/R`^6Cgh?=/SB*4DJ=3(\":&scFCB9&=9&=$!!EUFATMNNDJ*csjNA=S\":&scFCB9&=o\\O&!!rsADes6$@ru9m!!E[MAT2'lE`7'gFCbFP!!!!",
        "3151881": "!<d@[F*La2#64c-E,TfCCB+>7!<d@[F*aP-#64o6@VfsmCI<#NAIrp*E,]`9FCJfiD(T1/ARl&M@V&tbEuG#c(^^Ee!!!!`&df?R!5Li?!!!!`(ue12!<<",
        "5244937": "!<d@[F*La2#64c-E,TfCD#aP9!<d@[F*aD)#64o6@VfsmCI<#NAIrp*E,]`9FCJfiD(T1/ARl&M@V&tbEutAh*=;rb!!%O6&e>HOs%gEF!W[bc*<H6!^DPs'+9;H",
        "5253129": "!<d@[F*La2#64c-E,TfCD#aP9!<d@[F*a\\1#64o6@VfsmCI<#NAIrp*E,]`9FCJfiD(T1/ARl&M@V&tbF!L_m+pnYl!!%O6*<6(i58\"J9e25X](&@lZ590_(!5TN39-=68",
        "8390665": "!<d@[F*La2#64c-E,TfCDu]k<!<d@[F*aD)#64o6@VfsmCI<#NAIrp*E,]`9FCJfiD(T1/ARl&M@V&tbEutAh*=;rb!!%O6&e>H$1t/fHq>Yq/*<6'N5oATS+9;H"
    },
    "Entities": [],
    "ReplaceMode": 2,
    "EntranceRotation": -1
}