{
    "GameVersion": "1.19.7",
    "SizeX": 21,
    "SizeY": 11,
    "SizeZ": 11,
    "BlockCodes": {
        "9698": "game:supportbeam-aged",
        "2966": "game:cobblestone-granite",
        "9493": "game:agedstonebricks-granite",
        "4154": "game:drystone-granite",
        "2852": "game:cobblestoneslab-granite-down-free",
        "2833": "game:cobblestoneslab-granite-up-free",
        "2339": "game:slantedroofing-blueclay-south-free",
        "2319": "game:slantedroofing-blueclay-north-free",
        "2569": "game:slantedroofingridge-blueclay-we-free",
        "2675": "game:soil-medium-verysparse",
        "7277": "game:planks-aged-ns",
        "5107": "game:gravel-granite",
        "2349": "game:slantedroofing-blueclay-west-free",
        "8610": "game:groundstorage",
        "16414": "game:rocktyped-rubble-free",
        "5535": "game:loosestones-granite-free",
        "2985": "game:cobblestonestairs-granite-up-north-free",
        "5122": "game:looseboulders-granite-free",
        "8606": "game:clutter",
        "7290": "game:planks-aged-ud",
        "3061": "game:cobblestonestairs-granite-up-south-free",
        "2680": "game:soil-medium-sparse"
    },
    "ItemCodes": {
        "1462": "game:shingle-burned-blue"
    },
    "Indices": [
        3153920,
        6295552,
        8394752,
        3073,
        4097,
        5121,
        6145,
        7169,
        8193,
        1051649,
        1052673,
        1053697,
        1054721,
        1055745,
        1056769,
        2100225,
        2101249,
        2102273,
        2103297,
        2104321,
        2105345,
        3148801,
        3149825,
        3150849,
        3151873,
        3152897,
        3153921,
        4198401,
        4199425,
        4200449,
        4201473,
        4202497,
        5245953,
        5246977,
        5248001,
        5249025,
        5250049,
        5251073,
        5252097,
        6295553,
        6296577,
        6297601,
        6298625,
        6299649,
        7346177,
        7347201,
        8394753,
        1026,
        2050,
        3074,
        4098,
        5122,
        6146,
        7170,
        8194,
        1049602,
        1050626,
        1051650,
        1052674,
        1053698,
        1054722,
        1055746,
        1056770,
        2098178,
        2099202,
        2100226,
        2101250,
        2102274,
        2103298,
        2104322,
        2105346,
        3147778,
        3148802,
        3149826,
        3150850,
        3152898,
        3153922,
        4198402,
        4202498,
        5246978,
        5251074,
        6299650,
        7347202,
        1027,
        2051,
        3075,
        4099,
        5123,
        6147,
        7171,
        8195,
        1049603,
        1050627,
        1051651,
        1052675,
        1053699,
        1054723,
        1055747,
        1056771,
        2098179,
        2099203,
        2100227,
        2101251,
        2102275,
        2103299,
        2104323,
        2105347,
        3147779,
        3148803,
        3149827,
        3150851,
        3151875,
        3152899,
        3153923,
        4198403,
        4199427,
        4202499,
        5246979,
        5248003,
        5251075,
        6299651,
        1028,
        2052,
        3076,
        4100,
        5124,
        6148,
        7172,
        8196,
        1049604,
        1050628,
        1051652,
        1052676,
        1053700,
        1054724,
        1055748,
        1056772,
        2098180,
        2099204,
        2100228,
        2101252,
        2102276,
        2103300,
        2104324,
        2105348,
        3146756,
        3147780,
        3148804,
        3149828,
        3150852,
        3151876,
        3152900,
        3153924,
        3154948,
        4197380,
        4198404,
        4199428,
        4200452,
        4202500,
        5246980,
        5249028,
        5251076,
        5252100,
        6299652,
        1029,
        2053,
        3077,
        4101,
        5125,
        6149,
        7173,
        8197,
        9221,
        1049605,
        1050629,
        1051653,
        1052677,
        1053701,
        1054725,
        1055749,
        1056773,
        1057797,
        2098181,
        2099205,
        2100229,
        2101253,
        2102277,
        2103301,
        2104325,
        2105349,
        2106373,
        3146757,
        3147781,
        3148805,
        3149829,
        3150853,
        3151877,
        3152901,
        3153925,
        3154949,
        4195333,
        4197381,
        4198405,
        4199429,
        4200453,
        4201477,
        4202501,
        4203525,
        5248005,
        5250053,
        5251077,
        5252101,
        6296581,
        6299653,
        6300677,
        6301701,
        7348229,
        7349253,
        8396805,
        8397829,
        8398853,
        9446405,
        10493957,
        1030,
        2054,
        3078,
        4102,
        5126,
        6150,
        7174,
        8198,
        9222,
        1049606,
        1050630,
        1051654,
        1052678,
        1053702,
        1054726,
        1055750,
        1056774,
        1057798,
        2098182,
        2099206,
        2100230,
        2101254,
        2102278,
        2103302,
        2104326,
        2105350,
        2106374,
        3146758,
        3147782,
        3148806,
        3149830,
        3150854,
        3151878,
        3152902,
        3154950,
        4197382,
        4198406,
        4199430,
        4200454,
        4203526,
        5245958,
        5246982,
        5248006,
        5252102,
        6296582,
        6300678,
        7349254,
        8397830,
        1031,
        2055,
        3079,
        4103,
        5127,
        6151,
        7175,
        8199,
        9223,
        1049607,
        1050631,
        1051655,
        1052679,
        1053703,
        1054727,
        1055751,
        1056775,
        1057799,
        2098183,
        2099207,
        2100231,
        2101255,
        2102279,
        2103303,
        2104327,
        2105351,
        2106375,
        3146759,
        3147783,
        3148807,
        3149831,
        3150855,
        3151879,
        3154951,
        4196359,
        4197383,
        4198407,
        4199431,
        4203527,
        5246983,
        5252103,
        6300679,
        7349255,
        8397831,
        1032,
        2056,
        3080,
        4104,
        5128,
        6152,
        7176,
        8200,
        9224,
        1049608,
        1050632,
        1051656,
        1052680,
        1053704,
        1054728,
        1055752,
        1056776,
        1057800,
        2098184,
        2099208,
        2100232,
        2101256,
        2102280,
        2103304,
        2104328,
        2105352,
        2106376,
        3147784,
        3148808,
        3149832,
        3150856,
        3151880,
        3152904,
        3154952,
        4197384,
        4203528,
        5252104,
        6300680,
        7349256,
        8397832,
        1033,
        2057,
        3081,
        4105,
        5129,
        6153,
        7177,
        8201,
        9225,
        1049609,
        1050633,
        1051657,
        1052681,
        1053705,
        1054729,
        1055753,
        1056777,
        1057801,
        2098185,
        2099209,
        2100233,
        2101257,
        2102281,
        2103305,
        2104329,
        2105353,
        2106377,
        3146761,
        3147785,
        3148809,
        3149833,
        3150857,
        3153929,
        3154953,
        3155977,
        4197385,
        4198409,
        4202505,
        4203529,
        5245961,
        5246985,
        5251081,
        5252105,
        6294537,
        6299657,
        6300681,
        7348233,
        7349257,
        8396809,
        8397833,
        9444361,
        9445385,
        9446409,
        10492937,
        10493961,
        1034,
        2058,
        3082,
        4106,
        5130,
        6154,
        7178,
        8202,
        9226,
        1049610,
        1050634,
        1051658,
        1052682,
        1053706,
        1054730,
        1055754,
        1056778,
        1057802,
        2098186,
        2099210,
        2100234,
        2101258,
        2102282,
        2103306,
        2104330,
        2105354,
        2106378,
        3146762,
        3147786,
        3148810,
        3150858,
        3152906,
        3154954,
        4197386,
        4203530,
        5245962,
        5252106,
        6294538,
        6300682,
        7349258,
        8397834,
        9446410,
        1035,
        2059,
        3083,
        4107,
        5131,
        6155,
        7179,
        8203,
        9227,
        1049611,
        1050635,
        1051659,
        1052683,
        1053707,
        1054731,
        1055755,
        1056779,
        1057803,
        2098187,
        2099211,
        2100235,
        2101259,
        2102283,
        2103307,
        2104331,
        2105355,
        2106379,
        3147787,
        3148811,
        3149835,
        3154955,
        4197387,
        4203531,
        5252107,
        6300683,
        7349259,
        8397835,
        1036,
        2060,
        3084,
        4108,
        5132,
        6156,
        7180,
        8204,
        9228,
        1049612,
        1050636,
        1051660,
        1052684,
        1053708,
        1054732,
        1055756,
        1056780,
        1057804,
        2098188,
        2099212,
        2100236,
        2101260,
        2102284,
        2103308,
        2104332,
        2105356,
        2106380,
        3146764,
        3147788,
        3148812,
        3149836,
        3150860,
        3151884,
        3153932,
        3154956,
        4197388,
        4203532,
        5252108,
        6300684,
        7349260,
        8397836,
        1037,
        2061,
        3085,
        4109,
        5133,
        6157,
        7181,
        8205,
        9229,
        1049613,
        1050637,
        1051661,
        1052685,
        1053709,
        1054733,
        1055757,
        1056781,
        1057805,
        2098189,
        2099213,
        2100237,
        2101261,
        2102285,
        2103309,
        2104333,
        2105357,
        2106381,
        3146765,
        3147789,
        3148813,
        3149837,
        3150861,
        3152909,
        3153933,
        3154957,
        3155981,
        4198413,
        4199437,
        4202509,
        4203533,
        5251085,
        5252109,
        6299661,
        6300685,
        7348237,
        7349261,
        8397837,
        1038,
        2062,
        3086,
        4110,
        5134,
        6158,
        7182,
        8206,
        9230,
        1049614,
        1050638,
        1051662,
        1052686,
        1053710,
        1054734,
        1055758,
        1056782,
        1057806,
        2098190,
        2099214,
        2100238,
        2101262,
        2102286,
        2103310,
        2104334,
        2105358,
        2106382,
        3146766,
        3147790,
        3148814,
        3149838,
        3150862,
        3153934,
        3154958,
        4195342,
        4196366,
        4197390,
        4203534,
        5252110,
        6300686,
        7349262,
        8397838,
        15,
        1039,
        2063,
        3087,
        4111,
        5135,
        6159,
        7183,
        8207,
        9231,
        1048591,
        1049615,
        1050639,
        1051663,
        1052687,
        1053711,
        1054735,
        1055759,
        1056783,
        1057807,
        2097167,
        2098191,
        2099215,
        2100239,
        2101263,
        2102287,
        2103311,
        2104335,
        2105359,
        2106383,
        3145743,
        3146767,
        3147791,
        3148815,
        3149839,
        3150863,
        3151887,
        3154959,
        4195343,
        4196367,
        4197391,
        4198415,
        4199439,
        4203535,
        5246991,
        5252111,
        6300687,
        7349263,
        16,
        1040,
        2064,
        3088,
        4112,
        5136,
        6160,
        7184,
        8208,
        9232,
        1048592,
        1049616,
        1050640,
        1051664,
        1052688,
        1053712,
        1054736,
        1055760,
        1056784,
        1057808,
        2097168,
        2098192,
        2099216,
        2100240,
        2101264,
        2102288,
        2103312,
        2104336,
        2105360,
        2106384,
        3146768,
        3147792,
        3148816,
        3149840,
        3150864,
        3151888,
        3152912,
        3153936,
        3154960,
        4196368,
        4197392,
        4198416,
        4199440,
        4200464,
        4201488,
        4202512,
        4203536,
        5245968,
        5246992,
        5249040,
        5250064,
        5252112,
        6293520,
        6294544,
        6295568,
        6300688,
        7349264,
        8397840,
        17,
        1041,
        2065,
        3089,
        4113,
        5137,
        6161,
        7185,
        8209,
        9233,
        1048593,
        1049617,
        1050641,
        1051665,
        1052689,
        1053713,
        1054737,
        1055761,
        1056785,
        1057809,
        2097169,
        2098193,
        2099217,
        2100241,
        2101265,
        2102289,
        2103313,
        2104337,
        2105361,
        2106385,
        3146769,
        3147793,
        3148817,
        3149841,
        3150865,
        3151889,
        3152913,
        3153937,
        3154961,
        4196369,
        4197393,
        4198417,
        4199441,
        4200465,
        4201489,
        4202513,
        4203537,
        5244945,
        5245969,
        5246993,
        5248017,
        5249041,
        5250065,
        5251089,
        5252113,
        6295569,
        6296593,
        6297617,
        6298641,
        6299665,
        6300689,
        7344145,
        7346193,
        7348241,
        7349265,
        8396817,
        8397841,
        18,
        1042,
        2066,
        3090,
        4114,
        5138,
        6162,
        7186,
        8210,
        9234,
        1048594,
        1049618,
        1050642,
        1051666,
        1052690,
        1053714,
        1054738,
        1055762,
        1056786,
        1057810,
        2097170,
        2098194,
        2099218,
        2100242,
        2101266,
        2102290,
        2103314,
        2104338,
        2105362,
        2106386,
        3146770,
        3147794,
        3148818,
        3149842,
        3150866,
        3151890,
        3152914,
        3153938,
        3155986,
        4197394,
        4198418,
        4199442,
        5246994,
        5252114,
        8397842,
        19,
        1043,
        2067,
        3091,
        4115,
        5139,
        6163,
        7187,
        8211,
        9235,
        1048595,
        1049619,
        1050643,
        1051667,
        1052691,
        1053715,
        1054739,
        1055763,
        1056787,
        1057811,
        2097171,
        2098195,
        2099219,
        2100243,
        2101267,
        2102291,
        2103315,
        2104339,
        2105363,
        2106387,
        3148819,
        3149843,
        3150867,
        3151891,
        3154963,
        4200467,
        20,
        1044,
        2068,
        3092,
        4116,
        5140,
        6164,
        7188,
        8212,
        9236,
        1048596,
        1049620,
        1050644,
        1051668,
        1052692,
        1053716,
        1054740,
        1055764,
        1056788,
        1057812,
        2097172,
        2098196,
        2099220,
        2100244,
        2101268,
        2102292,
        2103316,
        2104340,
        2105364,
        2106388,
        3145748,
        3146772,
        3151892,
        3152916
    ],
    "BlockIds": [
        9698,
        9698,
        9698,
        2966,
        2966,
        2966,
        2966,
        2966,
        2966,
        2966,
        2966,
        2966,
        2966,
        2966,
        2966,
        2966,
        2966,
        2966,
        2966,
        2966,
        2966,
        9698,
        9493,
        2966,
        2966,
        4154,
        9493,
        2966,
        4154,
        2852,
        2966,
        4154,
        9698,
        4154,
        9493,
        2833,
        4154,
        9493,
        9698,
        2339,
        4154,
        2966,
        9493,
        2319,
        9493,
        2319,
        2569,
        2966,
        2966,
        2675,
        2966,
        2966,
        7277,
        7277,
        2966,
        2966,
        2966,
        2675,
        2966,
        2966,
        7277,
        7277,
        2966,
        2966,
        2966,
        2675,
        2966,
        2966,
        7277,
        7277,
        2966,
        2852,
        2966,
        9493,
        5107,
        2349,
        2966,
        9493,
        2966,
        2966,
        2966,
        2319,
        2319,
        2966,
        2966,
        2966,
        2966,
        7277,
        7277,
        7277,
        2966,
        2966,
        2966,
        2966,
        2966,
        7277,
        7277,
        7277,
        2966,
        2966,
        2966,
        2966,
        2966,
        7277,
        7277,
        7277,
        2966,
        5107,
        5107,
        9493,
        5107,
        5107,
        5107,
        9493,
        9493,
        5107,
        4154,
        8610,
        2319,
        4154,
        2319,
        2966,
        2966,
        2966,
        2966,
        2966,
        2966,
        7277,
        2966,
        2966,
        2966,
        2966,
        2966,
        2966,
        2966,
        7277,
        2966,
        2966,
        2966,
        2966,
        2966,
        2966,
        2966,
        7277,
        2966,
        4154,
        5107,
        5107,
        2966,
        2966,
        2966,
        5107,
        2966,
        9698,
        9698,
        4154,
        5107,
        5107,
        2966,
        8610,
        8610,
        9493,
        9698,
        2319,
        2966,
        2966,
        2966,
        2966,
        2966,
        9493,
        2966,
        2966,
        2966,
        2966,
        2966,
        2966,
        2966,
        2966,
        9493,
        2966,
        2966,
        2966,
        2966,
        2966,
        2966,
        2966,
        2966,
        9493,
        2966,
        2966,
        2966,
        5107,
        5107,
        9493,
        2966,
        2966,
        5107,
        9493,
        4154,
        2966,
        16414,
        5107,
        4154,
        2966,
        5107,
        9493,
        4154,
        4154,
        5107,
        2966,
        2966,
        9493,
        5535,
        9493,
        4154,
        9698,
        2966,
        2966,
        9493,
        9493,
        9698,
        2985,
        2985,
        2966,
        2966,
        2966,
        2966,
        2966,
        7277,
        7277,
        2966,
        2966,
        2966,
        2966,
        2966,
        2966,
        2966,
        7277,
        7277,
        2966,
        2966,
        2966,
        2966,
        2966,
        2966,
        2966,
        7277,
        7277,
        2966,
        2966,
        5107,
        4154,
        2966,
        5107,
        5107,
        5107,
        5107,
        9493,
        2966,
        5107,
        5107,
        5107,
        9493,
        2852,
        4154,
        2966,
        4154,
        2852,
        2966,
        2966,
        2966,
        2966,
        2966,
        2966,
        7277,
        2966,
        7277,
        2966,
        7277,
        2966,
        2966,
        2966,
        2966,
        7277,
        2966,
        7277,
        2966,
        7277,
        2966,
        2966,
        2966,
        2966,
        7277,
        2966,
        7277,
        2966,
        7277,
        2966,
        2966,
        5107,
        2966,
        5107,
        4154,
        4154,
        4154,
        9698,
        2852,
        5107,
        2852,
        2852,
        16414,
        4154,
        9493,
        2852,
        2966,
        2966,
        2966,
        2966,
        7277,
        7277,
        7277,
        7277,
        2966,
        2966,
        2966,
        2966,
        2966,
        7277,
        7277,
        7277,
        7277,
        2966,
        2966,
        2966,
        2966,
        2966,
        7277,
        7277,
        7277,
        7277,
        2966,
        2966,
        2852,
        2966,
        2966,
        5107,
        5107,
        5122,
        4154,
        9493,
        2966,
        2966,
        2966,
        2966,
        9493,
        2966,
        2966,
        2966,
        2966,
        7277,
        7277,
        7277,
        2966,
        2966,
        2966,
        2966,
        2966,
        2966,
        7277,
        7277,
        7277,
        2966,
        2966,
        2966,
        2966,
        2966,
        2966,
        7277,
        7277,
        7277,
        2966,
        2966,
        9698,
        2852,
        9493,
        9493,
        5107,
        2966,
        9493,
        9698,
        9493,
        9493,
        2966,
        4154,
        2966,
        9493,
        2966,
        9493,
        5535,
        9493,
        4154,
        2966,
        2966,
        2966,
        2966,
        2966,
        9493,
        2985,
        16414,
        2985,
        2966,
        2966,
        2966,
        7277,
        7277,
        7277,
        2966,
        2966,
        2966,
        2966,
        2966,
        2966,
        7277,
        7277,
        7277,
        2966,
        2966,
        2966,
        2966,
        2966,
        2966,
        7277,
        7277,
        7277,
        2966,
        2966,
        2966,
        2852,
        5107,
        9493,
        5535,
        5122,
        2966,
        4154,
        9493,
        9493,
        4154,
        5535,
        9493,
        2966,
        2966,
        16414,
        2966,
        2966,
        2966,
        7277,
        2966,
        7277,
        7277,
        2966,
        2966,
        2966,
        2966,
        2966,
        7277,
        2966,
        7277,
        7277,
        2966,
        2966,
        2966,
        2966,
        2966,
        7277,
        2966,
        7277,
        7277,
        2966,
        2966,
        5107,
        5107,
        2852,
        2966,
        9698,
        2852,
        2966,
        4154,
        2852,
        2966,
        2966,
        2966,
        2966,
        7277,
        7277,
        7277,
        2966,
        7277,
        2966,
        2966,
        2966,
        2966,
        7277,
        7277,
        7277,
        2966,
        7277,
        2966,
        2966,
        2966,
        2966,
        7277,
        7277,
        7277,
        2966,
        7277,
        2966,
        2852,
        5107,
        2966,
        5107,
        5107,
        5122,
        8606,
        2966,
        5535,
        2966,
        4154,
        2966,
        2966,
        2966,
        2966,
        2966,
        2966,
        2966,
        2966,
        7277,
        7290,
        2966,
        2966,
        2966,
        2966,
        2966,
        2966,
        2966,
        7277,
        7290,
        2966,
        2966,
        2966,
        2966,
        2966,
        2966,
        2966,
        7277,
        7290,
        2966,
        2966,
        2966,
        2966,
        4154,
        2966,
        4154,
        8606,
        2966,
        4154,
        9698,
        2852,
        5122,
        4154,
        4154,
        9493,
        2966,
        9493,
        2966,
        4154,
        9493,
        2966,
        2966,
        2966,
        2966,
        7277,
        2966,
        7277,
        7277,
        2966,
        2966,
        2966,
        2966,
        2966,
        7277,
        2966,
        7277,
        7277,
        2966,
        2966,
        2966,
        2966,
        2966,
        7277,
        2966,
        7277,
        7277,
        2966,
        2966,
        2966,
        5107,
        9493,
        2966,
        5107,
        8606,
        2966,
        5535,
        2852,
        5107,
        4154,
        4154,
        2966,
        9493,
        9493,
        2966,
        2966,
        2966,
        2966,
        2966,
        2966,
        7277,
        2966,
        2966,
        2966,
        2966,
        2966,
        2966,
        2966,
        2966,
        2966,
        7277,
        2966,
        2966,
        2966,
        2966,
        2966,
        2966,
        2966,
        2966,
        2966,
        7277,
        2966,
        2966,
        2966,
        2966,
        5107,
        5107,
        4154,
        5107,
        5107,
        4154,
        9493,
        9698,
        4154,
        2852,
        5107,
        4154,
        2852,
        2852,
        9493,
        9493,
        2852,
        5107,
        2966,
        2966,
        2966,
        9493,
        9493,
        2966,
        9493,
        2966,
        2966,
        5107,
        2966,
        2966,
        2966,
        9493,
        9493,
        2966,
        9493,
        2966,
        2966,
        5107,
        2966,
        2966,
        2966,
        9493,
        9493,
        2966,
        9493,
        2966,
        2966,
        2966,
        5107,
        2966,
        2966,
        9493,
        9493,
        9493,
        2966,
        2966,
        2966,
        4154,
        5107,
        4154,
        9493,
        9493,
        2966,
        9493,
        2966,
        5107,
        3061,
        2966,
        2966,
        9698,
        2852,
        2852,
        2966,
        9493,
        9493,
        2966,
        2966,
        2966,
        2966,
        2966,
        2966,
        2966,
        2966,
        2966,
        2966,
        2966,
        2966,
        2966,
        2966,
        2966,
        2966,
        2966,
        2966,
        2966,
        2966,
        2966,
        2966,
        2966,
        2966,
        2966,
        2966,
        2966,
        2966,
        2966,
        2966,
        5107,
        5107,
        2966,
        9493,
        9493,
        2966,
        2966,
        9493,
        2966,
        9698,
        2966,
        2966,
        4154,
        4154,
        9493,
        2966,
        9493,
        5122,
        2852,
        4154,
        9493,
        2966,
        4154,
        4154,
        2966,
        9493,
        4154,
        4154,
        2966,
        9493,
        2966,
        2852,
        16414,
        2966,
        2966,
        16414,
        2966,
        5107,
        2966,
        2966,
        5107,
        2966,
        2966,
        2680,
        2966,
        2966,
        2966,
        5107,
        2966,
        2966,
        5107,
        2966,
        2966,
        2680,
        2966,
        2966,
        2966,
        5107,
        2966,
        2966,
        5107,
        2966,
        2966,
        2680,
        2966,
        2966,
        2966,
        5122,
        5107,
        5107,
        5107,
        2966,
        2966,
        5107,
        2852,
        9698,
        2852,
        4154,
        2852,
        5122,
        9698,
        9698,
        2966,
        5107,
        5107,
        5107,
        2966,
        5107,
        5107,
        2966,
        2966,
        2966,
        2966,
        5107,
        5107,
        5107,
        2966,
        5107,
        5107,
        2966,
        2966,
        2966,
        2966,
        5107,
        5107,
        5107,
        2966,
        5107,
        5107,
        2966,
        2966,
        2966,
        4154,
        2966,
        2852,
        5107,
        9698,
        9698,
        2966,
        2966,
        2966,
        5107,
        5107,
        2966,
        2966,
        5107,
        2966,
        2966,
        2966,
        2966,
        2966,
        5107,
        5107,
        2966,
        2966,
        5107,
        2966,
        2966,
        2966,
        2966,
        2966,
        5107,
        5107,
        2966,
        2966,
        5107,
        2966,
        2966,
        2852,
        5107,
        5122,
        9698
    ],
    "DecorIndices": [],
    "DecorIds": [],
    "BlockEntities": {
        "3153920": "!<d@[F*KLd#64c-E,TfCC&e56!<d@[F*at9#64o6@VfsmCI<#NAIrp*E,]`9FCJfiD(T1/ARl&M@V&tbF!L_m+pnYd!!%O6*<6(i58\"J9!!%O6'`\\5!5TKh)J3On19-=<:",
        "6295552": "!<d@[F*KLd#64c-E,TfCD#aP9!<d@[F*ah5#64o6@VfsmCI<#NAIrp*E,]`9FCJfiD(T1/ARl&M@V&tbF$9R2*=;rZ!!%O6&e>HLs*m6JHE:kg*<6)45T&KR+9Mrk$3^k=!.[9H%h8O<Im4YJ!\"_C9!!\"-,(ue12!rr",
        "8394752": "!<d@[F*KLd#64c-E,TfCDZBb;!<d@[F*an7#64o6@VfsmCI<#NAIrp*E,]`9FCJfiD(T1/ARl&M@V&tbF\"%(r-OL@n!!%O6'`\\5a4rjV'!'_),%K?BW58=2!!5KWTs$&aci_(Br!!",
        "3148801": "!<d@[F*KOe#64c-E,TfCC&e56!<d@[F*ae4#64o6@VfsmCI<#NAIrp*E,]`9FCJfiD(T1/ARl&M@V&tbEub5f)[Zoe!!%O5*<6(i58\";<!!#8L*<6(i58`BQ!!",
        "5245953": "!<d@[F*KOe#64c-E,TfCC]FG8!<d@[F*ae4#64o6@VfsmCI<#NAIrp*E,]`9FCJfiD(T1/ARl&M@V&tbF!gqp,mk.l!!%O5'`\\5a590_(J3OYW%0-AN5SX8!JA3*)!!#5#i_'7",
        "5252097": "!<d@[F*KOe#64c-E,TfCC]FG8!<d@[F*b\":#64o6@VfsmCI<#NAIrp*E,]`9FCJfiD(T1/ARl&M@V&tbEuG#c(^^E]!!%O6&df'J!.[<LrVq@3(ue12!WW",
        "5246979": "!<d@[F*KUg#64c-E,TfCC]FG8!<d@[F*ah5#64o6@VfsmCI<#NAIW9mDfor.F*)>@@:s-U$#+:#ASuU.Ed7ZiEH>r7FE7Qb!!!3,F)5c:EsD_\"!!*'\"!4E%2!\"Ao.!!WgQASlBtEaa'4Eb,=fFCf<.ATD4$F`M%e@<6NjE+EC!AH2]1!<:8C5m.R;ASlBtEaa'4Eb,4Nz!!!<;AoD^\"AQ*\\hEa`Tl:i^JnErZ=LD.Rd%6#L=OA_Ra;562+\"FECr$BLZE?AH2]1!!!",
        "3154948": "!<d@[F*KXh#64c-E,TfCC&e56!<d@[F*b\":#64o6@VfsmCI<#NAIrp*E,]`9FCJfiD(T1/ARl&M@V&tbF$9R2+pnYd!!%O6*<6(i58\"J9!!%O6'`\\6L5TKh)J3On19-=<D(^^EU!!%O6&df'J!.[9K!!#8L(ue12\"98",
        "4197380": "!<d@[F*KXh#64c-E,TfCCB+>7!<d@[F*ae4#64o6@VfsmCI<#NAIrp*E,]`9FCJfiD(T1/ARl&M@V&tbF!L_m+pnYd!!#8K*<6(i4q\\A8s8RR5'`\\5a590_(TKa:Q9-=?;",
        "5246980": "!<d@[F*KXh#64c-E,TfCC]FG8!<d@[F*ah5#64o6@VfsmCI<#NAIW9mDfor.F*)>@@:s-U$#+:#ASuU.Ed7ZiEH>r7FE7Qb!!!3,F)5c:EsD_\"!!*'\"!4E%2!!`K(!!WgQASlBtEaa'4Eb,=fFCf<.ATD4$F`M%e@<6NjE+EC!AH2]1!<:8C5m.R;ASlBtEaa'4Eb,4Nz!!!<;AoD^\"AQ*\\hEa`Tl:i^JnErZ=LD.Rd%6#L=OA_Ra;562+\"FECr$BLZE?AH2]1!!!",
        "5249028": "!<d@[F*KXh#64c-E,TfCC]FG8!<d@[F*an7#64o6@VfsmCI<#NAIW9mDfor.F*)>@@:s-U$#+:#ASuU.Ed7ZiEH>r7FE7Qb!!!3,F)5c:EsD_\"!!*'\"!4E%2!\"Ao.!!WgQASlBtEaa'4Eb,=fFCf<.ATD4$F`M%e@<6NjE+EC!AH2]1!<:8C5m.R;ASlBtEaa'4Eb,4Nz!!!<;AoD^\"AQ*\\hEa`Tl:i^JnErZ=LD.Rd%6#L=OA_Ra;562+\"FECr$BLZE?AH2]1!!!",
        "5252100": "!<d@[F*KXh#64c-E,TfCC]FG8!<d@[F*b\":#64o6@VfsmCI<#NAIrp*E,]`9FCJfiD(T1/ARl&M@V&tbF!L_m+pnYd!!%O6'`\\5a58\"J9s8RR5('\";`590_(J3On19-=<:",
        "4195333": "!<d@[F*K[i#64c-E,TfCCB+>7!<d@[F*a_2#64o6@VfsmCI<#NAJK6(@r$13E+NQ3Ecki#Ch521Eb/ec\"E\\p.AJT</@Ua.b/R`^6Cgh??/SB*4DJ=3(\":&scFCB9&=9&=$!!EUFATMNNDJ*csjNA=S\":&scFCB9&=o\\O&!!rsADes6$@ru9m!!E[MAT2'lE`7'gFCbFP!!!!",
        "6301701": "!<d@[F*K[i#64c-E,TfCD#aP9!<d@[F*b%;#64o6@VfsmCI<#NAIrp*E,]`9FCJfiD(T1/ARl&M@V&tbEtnZ^'++^P$4Qt8:dGi)M&<W;i_(Bq!!",
        "8398853": "!<d@[F*K[i#64c-E,TfCDZBb;!<d@[F*b%;#64o6@VfsmCI<#NAIrp*E,]`9FCJfiD(T1/ARl&M@V&tbEuG#c(^^E]!!%O6&df'J!)PrrpA]V,(ue12!WW",
        "4196359": "!<d@[F*Kak#64c-E,TfCCB+>7!<d@[F*ab3#64o6@VfsmCI<#NAIrp*E,]`9FCJfiD(T1/ARl&M@V&tbF!L_m+pnYd!!%O5*<6(i4q\\A8r;Zf2'`\\465TKk*J3On19-=?;",
        "5246983": "!<d@[F*Kak#64c-E,TfCC]FG8!<d@[F*ah5#64o6@VfsmCI<#NAJK6(@r$13E+NQ3Ecki#Ch521Eb/ec\"E\\p.AJT</@Ua.b/R`^6Cgh??/SB*4DJ=3(\":&scFCB9&=9&=$!!EUFATMNNDJ*csjNA<(\":&scFCB9&=o\\O&!!rsADes6$@ru9m!!E[MAT2'lE`7'gFCbFP!!!!",
        "3146761": "!<d@[F*Kgm#64c-E,TfCC&e56!<d@[F*a_2#64o6@VfsmCI<#NAIrp*E,]`9FCJfiD(T1/ARl&M@V&tbF!L_m+pnYd!!!!`*<6()58\"J9!!%O6'`\\5a599e(Im4e09-=?;",
        "3155977": "!<d@[F*Kgm#64c-E,TfCC&e56!<d@[F*b%;#64o6@VfsmCI<#NAIrp*E,]`9FCJfiD(T1/ARl&M@V&tbEuG#c(^^EU!!!!`&df'J!!#4u!!'f\"(ue12!WW",
        "10492937": "!<d@[F*Kgm#64c-E,TfCE<#t=!<d@[F*aq8#64o6@VfsmCI<#NAJK6(@r$13E+NQ3Ecki#Ch521Eb/ec\"E\\p.AJT</@Ua.b/R`^6Cgh?>/SB*4DJ=3(\":&scFCB9&=9&=$!!EUFATMNNDJ*csi9`0_\":&scFCB9&=o\\O&!!rsADes6$@ru9m!!E[MAT2'lE`7'gFCbFP!!!!",
        "9446410": "!<d@[F*Kjn#64c-E,TfCDu]k<!<d@[F*b\":#64o6@VfsmCI<#NAJK6(@r$13E+NQ3Ecki#Ch521Eb/ec\"E\\p.AJT</@Ua.b/R`^6Cgh?=/SB*4DJ=3(\":&scFCB9&=9&=$!!EUFATMNNDJ*csjNA<(\":&scFCB9&=o\\O&!!rsADes6$@ru9m!!E[MAT2'lE`7'gFCbFP!!!!",
        "4197387": "!<d@[F*Kmo#64c-E,TfCCB+>7!<d@[F*ae4#64o6@VfsmCI<#NAIrp*E,]`9FCJfiD(T1/ARl&M@V&tbF!L_m+pnYd!!!!`*<6(i4q\\A8!!!!a'uN&2ZQ0#G5ee/q9-=?;",
        "3153932": "!<d@[F*Kpp#64c-E,TfCC&e56!<d@[F*at9#64o6@VfsmCI<#NAHu^]F`__:EWlSfH#R=(@q]:bE\\2<SBl7Km1B[r'DffE0AQSp4!!!-.D.Rd%6#L=OA`2r/^]Xm_DffE0AQf'6!!!<3@rH1\"ARfgnA,l`?Eb02uBl[-o@<?&\\z",
        "3152909": "!<d@[F*Ksq#64c-E,TfCC&e56!<d@[F*aq8#64o6@VfsmCI<#NAHu^]F`__:EWlSfH#R=%@q]:bE\\1^4ARkoKEc6&.FCePS!!!!%$#O6pBL-NKCh;\\N(;L%XEc6&.FCeVU!!!!*$\"ImiCh7*uARkcD$Z]ft@;0a\\FCB9&z!!",
        "3155981": "!<d@[F*Ksq#64c-E,TfCC&e56!<d@[F*b%;#64o6@VfsmCI<#NAIrp*E,]`9FCJfiD(T1/ARl&M@V&tbEuG#c(^^EU!!!!`&df'J!!#4u!!'f\"(ue12!WW",
        "3153934": "!<d@[F*L!r#64c-E,TfCC&e56!<d@[F*at9#64o6@VfsmCI<#NAHu^]F`__:EWlSfH#R=(@q]:bE\\2<SBl7Km1B[r'DffE0AQSp4!!!-.D.Rd%6#L=OA`V#M^]Xm_DffE0AQf'6!!!<3@rH1\"ARfgnA,l`?Eb02uBl[-o@<?&\\z",
        "4195343": "!<d@[F*L$s#64c-E,TfCCB+>7!<d@[F*a_2#64o6@VfsmCI<#NAIrp*E,]`9FCJfiD(T1/ARl&M@V&tbEutAh*=;rZ!!!!`&e>EO!._cu_`90P*<6'>^DPs'+9VZ",
        "6293520": "!<d@[F*L't#64c-E,TfCD#aP9!<d@[F*ab3#64o6@VfsmCI<#NAIrp*E,]`9FCJfiD(T1/ARl&M@V&tbF!gqp,mk.l!!%O5'`\\5a4rjV'J3OYW%0?Mp^D-_KJA3*/!.[6Mi_'7",
        "4196369": "!<d@[F*L*u#64c-E,TfCCB+>7!<d@[F*ab3#64o6@VfsmCI<#NAIrp*E,]`9FCJfiD(T1/ARl&M@V&tbF!L_m+pnYd!!%O6*<6'>58\"J9s8RR5'`\\4F5TKh)!'hC\\9-=?;",
        "7346193": "!<d@[F*L*u#64c-E,TfCD?'Y:!<d@[F*an7#64o6@VfsmCI<#NAJK6(@r$13E+NQ3Ecki#Ch521Eb/ec\"E\\p.AJT</@Ua.b/R`^6Cgh?>/SB*4DJ=3(\":&scFCB9&=9&=$!!EUFATMNNDJ*csgCHlk\":&scFCB9&=o\\O&!!rsADes6$@ru9m!!E[MAT2'lE`7'gFCbFP!!!!",
        "8396817": "!<d@[F*L*u#64c-E,TfCDZBb;!<d@[F*at9#64o6@VfsmCI<#NAJK6(@r$13E+NQ3Ecki#Ch521Eb/ec\"E\\p.AJT</@Ua.b/R`^6Cgh??/SB*4DJ=3(\":&scFCB9&=9&=$!!EUFATMNNDJ*csi9`25\":&scFCB9&=o\\O&!!rsADes6$@ru9m!!E[MAT2'lE`7'gFCbFP!!!!",
        "3155986": "!<d@[F*L.!#64c-E,TfCC&e56!<d@[F*b%;#64o6@VfsmCI<#NAIrp*E,]`9FCJfiD(T1/ARl&M@V&tbEtA<Y%LN1K\"Vh\";^d&ar9-=?;",
        "5252114": "!<d@[F*L.!#64c-E,TfCC]FG8!<d@[F*b\":#64o6@VfsmCI<#NAIrp*E,]`9FCJfiD(T1/ARl&M@V&tbF!L_m+pnYl!!%O6*<6(i58\"J9rr7I4'`\\46^`E@Qs1T?09-=68",
        "8397842": "!<d@[F*L.!#64c-E,TfCDZBb;!<d@[F*b\":#64o6@VfsmCI<#NAIrp*E,]`9FCJfiD(T1/ARl&M@V&tbF!L_m+pnYl!!%O6*<6(i58\"J9j38\"='`\\5a^)[1RJ3Fh09-=68",
        "3154963": "!<d@[F*L1\"#64c-E,TfCC&e56!<d@[F*b\":#64o6@VfsmCI<#NAIrp*E,]`9FCJfiD(T1/ARl&M@V&tbF!L_m+pnYd!!!!`*<6'>58\"J9!!(qA'i*>9ZQ0/KJA)l[9-=?;",
        "4200467": "!<d@[F*L1\"#64c-E,TfCCB+>7!<d@[F*an7#64o6@VfsmCI<#NAIrp*E,]`9FCJfiD(T1/ARl&M@V&tbF!L_m+pnYd!!#8K*<6'>58\"J9rr:lj('\":u5TKk*5en5r9-=?;",
        "3152916": "!<d@[F*L4##64c-E,TfCC&e56!<d@[F*aq8#64o6@VfsmCI<#NAIrp*E,]`9FCJfiD(T1/ARl&M@V&tbEutAh*=;rj!!#8K&e>EO!2.(A!!%O6*<H3@58`BQ+9VZ"
    },
    "Entities": [],
    "ReplaceMode": 2,
    "EntranceRotation": -1
}