{
	"editor": {
		"allAngles": false,
		"entityTextureMode": true
	},
	"textureWidth": 4,
	"textureHeight": 4,
	"textureSizes": {
	},
	"textures": {
	},
	"elements": [
		{
			"name": "Egg",
			"from": [ 5.75, 0.0, 5.75 ],
			"to": [ 10.25, 5.0, 10.25 ],
			"autoUnwrap": false,
			"uv": [ 0.0, 0.0 ],
			"rotationOrigin": [ 6.0, 0.0, 6.0 ],
			"faces": {
				"north": { "texture": "#skin", "uv": [ 0.0, 0.0, 3.0, 4.0 ], "autoUv": false, "windMode": [-1,-1,-1,-1] },
				"east": { "texture": "#skin", "uv": [ 0.0, 0.0, 3.0, 4.0 ], "autoUv": false, "windMode": [-1,-1,-1,-1] },
				"south": { "texture": "#skin", "uv": [ 0.0, 0.0, 3.0, 3.0 ], "autoUv": false, "windMode": [-1,-1,-1,-1] },
				"west": { "texture": "#skin", "uv": [ 0.0, 0.0, 3.0, 4.0 ], "autoUv": false, "windMode": [-1,-1,-1,-1] },
				"up": { "texture": "#skin", "uv": [ 0.0, 0.0, 4.5, 4.5 ] },
				"down": { "texture": "#skin", "uv": [ 0.0, 0.0, 4.5, 4.5 ], "windMode": [-1,-1,-1,-1] }
			}
		}
	],
	"animations": [
		{
			"name": "on",
			"code": "on",
			"quantityframes": 30,
			"onActivityStopped": "Rewind",
			"onAnimationEnd": "Repeat",
			"keyframes": [
				{
					"frame": 29,
					"elements": {
						"Egg": { "offsetX": 0.0, "offsetY": 0.0, "offsetZ": 0.0 }
					}
				}
			]
		},

		{
			"name": "in",
			"code": "in",
			"quantityframes": 30,
			"onActivityStopped": "Rewind",
			"onAnimationEnd": "Repeat",
			"keyframes": [
				{
					"frame": 0,
					"elements": {
						"Egg": { "offsetX": 0.0, "offsetY": -2.0, "offsetZ": 0.0 }
					}
				}
			]
		}
	]
}