{
	"editor": {
		"allAngles": false,
		"entityTextureMode": true
	},
	"textureWidth": 40,
	"textureHeight": 32,
	"textureSizes": {
	},
	"textures": {
	},
	"elements": [
		{
			"name": "ShellLower",
			"from": [ -3.0, 5.0, 8.0 ],
			"to": [ 7.0, 10.0, 22.0 ],
			"autoUnwrap": false,
			"uv": [ 1.5, 14.0 ],
			"rotationOrigin": [ 2.0, 5.0, 8.0 ],
			"rotationY": 90.0,
			"faces": {
				"north": { "texture": "#skin", "uv": [ 0.0, 14.0, 10.0, 19.0 ], "windMode": [-1,-1,-1,-1] },
				"east": { "texture": "#skin", "uv": [ 10.0, 14.0, 24.0, 19.0 ] },
				"south": { "texture": "#skin", "uv": [ 0.0, 19.0, 10.0, 24.0 ] },
				"west": { "texture": "#skin", "uv": [ 24.0, 14.0, 10.0, 19.0 ], "autoUv": false, "windMode": [-1,-1,-1,-1] },
				"up": { "texture": "#skin", "uv": [ 0.0, 0.0, 10.0, 14.0 ] },
				"down": { "texture": "#skin", "uv": [ 10.0, 0.0, 20.0, 14.0 ] }
			},
			"children": [
				{
					"name": "ShellUpper",
					"from": [ 0.5, 0.5, 1.0 ],
					"to": [ 9.5, 6.4, 13.0 ],
					"autoUnwrap": false,
					"uv": [ 15.0, 7.5 ],
					"rotationOrigin": [ 0.5, 0.4, 1.0 ],
					"faces": {
						"north": { "texture": "#skin", "uv": [ 31.0, 18.0, 40.0, 23.5 ] },
						"east": { "texture": "#skin", "uv": [ 28.0, 12.0, 40.0, 17.5 ] },
						"south": { "texture": "#skin", "uv": [ 31.0, 18.0, 40.0, 23.5 ], "windMode": [-1,-1,-1,-1] },
						"west": { "texture": "#skin", "uv": [ 40.0, 12.0, 28.0, 17.5 ], "autoUv": false, "windMode": [-1,-1,-1,-1] },
						"up": { "texture": "#skin", "uv": [ 31.0, 0.0, 40.0, 12.0 ] },
						"down": { "texture": "#skin", "uv": [ 31.0, 0.0, 40.0, 12.0 ] }
					}
				},
				{
					"name": "Neck",
					"from": [ 3.5, 0.3, -5.5 ],
					"to": [ 6.5, 3.3, 0.2 ],
					"autoUnwrap": false,
					"uv": [ 19.0, 2.0 ],
					"rotationOrigin": [ 5.0, 0.3, 0.0 ],
					"rotationX": 22.5,
					"faces": {
						"north": { "texture": "#skin", "uv": [ 26.5, 6.5, 29.5, 9.5 ] },
						"east": { "texture": "#skin", "uv": [ 21.0, 6.5, 26.5, 9.5 ] },
						"south": { "texture": "#skin", "uv": [ 26.5, 6.5, 29.5, 9.5 ] },
						"west": { "texture": "#skin", "uv": [ 21.0, 6.5, 26.5, 9.5 ] },
						"up": { "texture": "#skin", "uv": [ 22.5, 1.0, 25.5, 6.5 ] },
						"down": { "texture": "#skin", "uv": [ 25.5, 1.0, 28.5, 6.5 ] }
					},
					"children": [
						{
							"name": "UpperJaw",
							"from": [ -0.25, 1.04, -2.44 ],
							"to": [ 3.25, 3.54, 1.56 ],
							"autoUnwrap": false,
							"uv": [ 18.5, 1.0 ],
							"rotationOrigin": [ 1.5, 1.0357, 1.06 ],
							"rotationX": -22.5,
							"faces": {
								"north": { "texture": "#skin", "uv": [ 0.0, 29.0, 3.5, 31.5 ] },
								"east": { "texture": "#skin", "uv": [ 3.5, 29.0, 7.5, 31.5 ] },
								"south": { "texture": "#skin", "uv": [ 7.5, 29.0, 11.0, 31.5 ] },
								"west": { "texture": "#skin", "uv": [ 7.5, 29.0, 3.5, 31.5 ], "autoUv": false, "windMode": [-1,-1,-1,-1] },
								"up": { "texture": "#skin", "uv": [ 0.0, 25.0, 3.5, 29.0 ] },
								"down": { "texture": "#skin", "uv": [ 3.5, 25.0, 7.0, 29.0 ] }
							},
							"children": [
								{
									"name": "Eye",
									"from": [ -0.1, 0.7, 0.8 ],
									"to": [ 3.6, 2.1, 2.2 ],
									"autoUnwrap": false,
									"uv": [ 21.0, 21.5 ],
									"rotationOrigin": [ -0.1, 0.7, 0.8 ],
									"faces": {
										"north": { "texture": "#skin", "uv": [ 11.5, 20.5, 15.0, 21.5 ] },
										"east": { "texture": "#skin", "uv": [ 15.0, 20.0, 16.0, 21.0 ], "autoUv": false, "windMode": [-1,-1,-1,-1] },
										"south": { "texture": "#skin", "uv": [ 11.5, 20.5, 15.0, 21.5 ] },
										"west": { "texture": "#skin", "uv": [ 15.0, 20.0, 16.0, 21.0 ], "rotation": 270, "autoUv": false, "windMode": [-1,-1,-1,-1] },
										"up": { "texture": "#skin", "uv": [ 11.5, 20.0, 15.0, 21.0 ] },
										"down": { "texture": "#skin", "uv": [ 11.5, 20.0, 15.0, 21.0 ] }
									}
								},
								{
									"name": "LowerJawJoint",
									"from": [ 0.005, -0.7912, 2.0 ],
									"to": [ 3.495, 0.1988, 3.0 ],
									"autoUnwrap": false,
									"uv": [ 11.0, 29.0 ],
									"rotationOrigin": [ 1.75, -0.8, 3.0 ],
									"faces": {
										"north": { "texture": "#skin", "uv": [ 11.0, 30.0, 14.0, 30.5 ] },
										"east": { "texture": "#skin", "uv": [ 14.5, 30.0, 15.5, 30.5 ] },
										"south": { "texture": "#skin", "uv": [ 15.5, 30.0, 18.5, 30.5 ] },
										"west": { "texture": "#skin", "uv": [ 14.5, 30.0, 15.5, 30.5 ] },
										"up": { "texture": "#skin", "uv": [ 11.0, 29.0, 14.0, 30.0 ] },
										"down": { "texture": "#skin", "uv": [ 11.0, 29.0, 14.0, 30.0 ] }
									},
									"children": [
										{
											"name": "LowerJaw",
											"from": [ 0.005, -0.01, -1.9 ],
											"to": [ 3.485, 0.99, 0.4 ],
											"autoUnwrap": false,
											"uv": [ 7.5, 25.0 ],
											"rotationOrigin": [ 1.75, 0.0, 0.3 ],
											"faces": {
												"north": { "texture": "#skin", "uv": [ 7.5, 27.0, 10.5, 28.0 ] },
												"east": { "texture": "#skin", "uv": [ 11.0, 27.0, 13.0, 28.0 ] },
												"south": { "texture": "#skin", "uv": [ 13.0, 27.0, 16.0, 28.0 ] },
												"west": { "texture": "#skin", "uv": [ 11.0, 27.0, 13.0, 28.0 ] },
												"up": { "texture": "#skin", "uv": [ 7.5, 25.0, 10.5, 27.0 ] },
												"down": { "texture": "#skin", "uv": [ 11.0, 25.0, 14.0, 27.0 ] }
											}
										}
									]
								}
							]
						}
					]
				},
				{
					"name": "LFLeg",
					"from": [ -0.7, -4.0, -0.3 ],
					"to": [ 1.8, 0.0, 2.19 ],
					"uv": [ 17.0, 20.5 ],
					"rotationOrigin": [ 1.8, 0.0, 1.2 ],
					"faces": {
						"north": { "texture": "#skin", "uv": [ 17.0, 22.5, 19.5, 26.5 ] },
						"east": { "texture": "#skin", "uv": [ 19.5, 22.5, 21.5, 26.5 ] },
						"south": { "texture": "#skin", "uv": [ 21.5, 22.5, 24.0, 26.5 ] },
						"west": { "texture": "#skin", "uv": [ 24.0, 22.5, 26.0, 26.5 ] },
						"up": { "texture": "#skin", "uv": [ 17.0, 20.5, 19.5, 22.5 ] },
						"down": { "texture": "#skin", "uv": [ 19.5, 20.5, 22.0, 22.5 ] }
					},
					"children": [
						{
							"name": "LFFoot",
							"from": [ -0.25, -1.0, -0.5 ],
							"to": [ 2.75, 0.5, 2.5 ],
							"uv": [ 27.5, 26.0 ],
							"rotationOrigin": [ 1.0, 0.5, 2.5 ],
							"faces": {
								"north": { "texture": "#skin", "uv": [ 27.5, 29.0, 30.5, 30.5 ] },
								"east": { "texture": "#skin", "uv": [ 30.5, 29.0, 33.5, 30.5 ] },
								"south": { "texture": "#skin", "uv": [ 33.5, 29.0, 36.5, 30.5 ] },
								"west": { "texture": "#skin", "uv": [ 36.5, 29.0, 39.5, 30.5 ] },
								"up": { "texture": "#skin", "uv": [ 27.5, 26.0, 30.5, 29.0 ] },
								"down": { "texture": "#skin", "uv": [ 30.5, 26.0, 33.5, 29.0 ] }
							}
						}
					]
				},
				{
					"name": "RFLeg",
					"from": [ 8.2, -4.0, -0.3 ],
					"to": [ 10.7, 0.0, 2.19 ],
					"uv": [ 17.0, 20.5 ],
					"rotationOrigin": [ 8.2, 0.0, 1.2 ],
					"faces": {
						"north": { "texture": "#skin", "uv": [ 17.0, 22.5, 19.5, 26.5 ] },
						"east": { "texture": "#skin", "uv": [ 19.5, 22.5, 21.5, 26.5 ] },
						"south": { "texture": "#skin", "uv": [ 21.5, 22.5, 24.0, 26.5 ] },
						"west": { "texture": "#skin", "uv": [ 24.0, 22.5, 26.0, 26.5 ] },
						"up": { "texture": "#skin", "uv": [ 17.0, 20.5, 19.5, 22.5 ] },
						"down": { "texture": "#skin", "uv": [ 19.5, 20.5, 22.0, 22.5 ] }
					},
					"children": [
						{
							"name": "RFFoot",
							"from": [ -0.25, -1.0, -0.5 ],
							"to": [ 2.75, 0.5, 2.5 ],
							"uv": [ 27.5, 26.0 ],
							"rotationOrigin": [ 1.0, 0.5, 2.5 ],
							"faces": {
								"north": { "texture": "#skin", "uv": [ 27.5, 29.0, 30.5, 30.5 ] },
								"east": { "texture": "#skin", "uv": [ 30.5, 29.0, 33.5, 30.5 ] },
								"south": { "texture": "#skin", "uv": [ 33.5, 29.0, 36.5, 30.5 ] },
								"west": { "texture": "#skin", "uv": [ 36.5, 29.0, 39.5, 30.5 ] },
								"up": { "texture": "#skin", "uv": [ 27.5, 26.0, 30.5, 29.0 ] },
								"down": { "texture": "#skin", "uv": [ 30.5, 26.0, 33.5, 29.0 ] }
							}
						}
					]
				},
				{
					"name": "RBLeg",
					"from": [ 8.2, -4.0, 11.2 ],
					"to": [ 10.7, 0.0, 13.69 ],
					"uv": [ 17.0, 20.5 ],
					"rotationOrigin": [ 8.2, 0.0, 12.7 ],
					"faces": {
						"north": { "texture": "#skin", "uv": [ 17.0, 22.5, 19.5, 26.5 ] },
						"east": { "texture": "#skin", "uv": [ 19.5, 22.5, 21.5, 26.5 ] },
						"south": { "texture": "#skin", "uv": [ 21.5, 22.5, 24.0, 26.5 ] },
						"west": { "texture": "#skin", "uv": [ 24.0, 22.5, 26.0, 26.5 ] },
						"up": { "texture": "#skin", "uv": [ 17.0, 20.5, 19.5, 22.5 ] },
						"down": { "texture": "#skin", "uv": [ 19.5, 20.5, 22.0, 22.5 ] }
					},
					"children": [
						{
							"name": "RBFoot",
							"from": [ -0.25, -1.0, -0.5 ],
							"to": [ 2.75, 0.5, 2.5 ],
							"uv": [ 27.5, 26.0 ],
							"rotationOrigin": [ 1.0, 0.5, 2.5 ],
							"faces": {
								"north": { "texture": "#skin", "uv": [ 27.5, 29.0, 30.5, 30.5 ] },
								"east": { "texture": "#skin", "uv": [ 30.5, 29.0, 33.5, 30.5 ] },
								"south": { "texture": "#skin", "uv": [ 33.5, 29.0, 36.5, 30.5 ] },
								"west": { "texture": "#skin", "uv": [ 36.5, 29.0, 39.5, 30.5 ] },
								"up": { "texture": "#skin", "uv": [ 27.5, 26.0, 30.5, 29.0 ] },
								"down": { "texture": "#skin", "uv": [ 30.5, 26.0, 33.5, 29.0 ] }
							}
						}
					]
				},
				{
					"name": "LBLeg",
					"from": [ -0.7, -4.0, 11.2 ],
					"to": [ 1.8, 0.0, 13.69 ],
					"uv": [ 17.0, 20.5 ],
					"rotationOrigin": [ 1.8, 0.0, 12.7 ],
					"faces": {
						"north": { "texture": "#skin", "uv": [ 17.0, 22.5, 19.5, 26.5 ] },
						"east": { "texture": "#skin", "uv": [ 19.5, 22.5, 21.5, 26.5 ] },
						"south": { "texture": "#skin", "uv": [ 21.5, 22.5, 24.0, 26.5 ] },
						"west": { "texture": "#skin", "uv": [ 24.0, 22.5, 26.0, 26.5 ] },
						"up": { "texture": "#skin", "uv": [ 17.0, 20.5, 19.5, 22.5 ] },
						"down": { "texture": "#skin", "uv": [ 19.5, 20.5, 22.0, 22.5 ] }
					},
					"children": [
						{
							"name": "LBFoot",
							"from": [ -0.25, -1.0, -0.5 ],
							"to": [ 2.75, 0.5, 2.5 ],
							"uv": [ 27.5, 26.0 ],
							"rotationOrigin": [ 1.0, 0.5, 2.5 ],
							"faces": {
								"north": { "texture": "#skin", "uv": [ 27.5, 29.0, 30.5, 30.5 ] },
								"east": { "texture": "#skin", "uv": [ 30.5, 29.0, 33.5, 30.5 ] },
								"south": { "texture": "#skin", "uv": [ 33.5, 29.0, 36.5, 30.5 ] },
								"west": { "texture": "#skin", "uv": [ 36.5, 29.0, 39.5, 30.5 ] },
								"up": { "texture": "#skin", "uv": [ 27.5, 26.0, 30.5, 29.0 ] },
								"down": { "texture": "#skin", "uv": [ 30.5, 26.0, 33.5, 29.0 ] }
							}
						}
					]
				}
			]
		}
	],
	"animations": [
		{
			"name": "idle",
			"code": "idle",
			"quantityframes": 50,
			"onActivityStopped": "Rewind",
			"onAnimationEnd": "Repeat",
			"keyframes": [
				{
					"frame": 0,
					"elements": {
						"ShellLower": { "offsetX": 0.0, "offsetY": -1.5, "offsetZ": 0.0 },
						"LFLeg": { "offsetX": 0.0, "offsetY": 1.0, "offsetZ": 0.0, "rotationX": 15.0, "rotationY": 0.0, "rotationZ": 0.0 },
						"LFFoot": { "rotationX": -11.0, "rotationY": 0.0, "rotationZ": 0.0 },
						"RFLeg": { "offsetX": 0.0, "offsetY": 1.0, "offsetZ": 0.0, "rotationX": 15.0, "rotationY": 0.0, "rotationZ": 0.0 },
						"RFFoot": { "rotationX": -11.0, "rotationY": 0.0, "rotationZ": 0.0 },
						"RBLeg": { "offsetX": 0.0, "offsetY": 1.0, "offsetZ": 0.0, "rotationX": -15.0, "rotationY": 0.0, "rotationZ": 0.0 },
						"RBFoot": { "rotationX": 11.0, "rotationY": 0.0, "rotationZ": 0.0 },
						"LBLeg": { "offsetX": 0.0, "offsetY": 1.0, "offsetZ": 0.0, "rotationX": -15.0, "rotationY": 0.0, "rotationZ": 0.0 },
						"LBFoot": { "rotationX": 11.0, "rotationY": 0.0, "rotationZ": 0.0 },
						"Neck": { "rotationX": 20.0, "rotationY": 0.0, "rotationZ": 0.0 },
						"UpperJaw": { "rotationX": -20.0, "rotationY": 0.0, "rotationZ": 0.0 }
					}
				},
				{
					"frame": 25,
					"elements": {
						"ShellLower": { "offsetX": 0.0, "offsetY": -1.25, "offsetZ": 0.0 },
						"LFLeg": { "rotationX": 9.0, "rotationY": 0.0, "rotationZ": 0.0 },
						"LFFoot": { "rotationX": -6.0, "rotationY": 0.0, "rotationZ": 0.0 },
						"RFLeg": { "rotationX": 9.0, "rotationY": 0.0, "rotationZ": 0.0 },
						"RFFoot": { "rotationX": -6.0, "rotationY": 0.0, "rotationZ": 0.0 },
						"RBLeg": { "rotationX": -9.0, "rotationY": 0.0, "rotationZ": 0.0 },
						"RBFoot": { "rotationX": 6.0, "rotationY": 0.0, "rotationZ": 0.0 },
						"LBLeg": { "rotationX": -9.0, "rotationY": 0.0, "rotationZ": 0.0 },
						"LBFoot": { "rotationX": 6.0, "rotationY": 0.0, "rotationZ": 0.0 },
						"Neck": { "rotationX": 15.0, "rotationY": 0.0, "rotationZ": 0.0 },
						"UpperJaw": { "rotationX": -15.0, "rotationY": 0.0, "rotationZ": 0.0 }
					}
				},
				{
					"frame": 49,
					"elements": {
						"ShellLower": { "offsetX": 0.0, "offsetY": -1.5, "offsetZ": 0.0 },
						"LFLeg": { "rotationX": 15.0, "rotationY": 0.0, "rotationZ": 0.0 },
						"LFFoot": { "rotationX": -11.0, "rotationY": 0.0, "rotationZ": 0.0 },
						"RFLeg": { "rotationX": 15.0, "rotationY": 0.0, "rotationZ": 0.0 },
						"RFFoot": { "rotationX": -11.0, "rotationY": 0.0, "rotationZ": 0.0 },
						"RBLeg": { "rotationX": -15.0, "rotationY": 0.0, "rotationZ": 0.0 },
						"RBFoot": { "rotationX": 11.0, "rotationY": 0.0, "rotationZ": 0.0 },
						"LBLeg": { "rotationX": -15.0, "rotationY": 0.0, "rotationZ": 0.0 },
						"LBFoot": { "rotationX": 11.0, "rotationY": 0.0, "rotationZ": 0.0 },
						"Neck": { "rotationX": 20.0, "rotationY": 0.0, "rotationZ": 0.0 },
						"UpperJaw": { "rotationX": -20.0, "rotationY": 0.0, "rotationZ": 0.0 }
					}
				}
			]
		},

		{
			"name": "walk",
			"code": "walk",
			"quantityframes": 70,
			"onActivityStopped": "Rewind",
			"onAnimationEnd": "Repeat",
			"keyframes": [
				{
					"frame": 0,
					"elements": {
						"ShellLower": { "rotationX": 0.0, "rotationY": 0.0, "rotationZ": 5.0 },
						"LFLeg": { "rotationX": 0.0, "rotationY": 0.0, "rotationZ": 0.0 },
						"RFLeg": { "rotationX": 20.0, "rotationY": 0.0, "rotationZ": 0.0 },
						"RBLeg": { "rotationX": 0.0, "rotationY": 0.0, "rotationZ": 0.0 },
						"LBLeg": { "rotationX": 20.0, "rotationY": 0.0, "rotationZ": 0.0 }
					}
				},
				{
					"frame": 15,
					"elements": {
						"LFLeg": { "rotationX": -20.0, "rotationY": 0.0, "rotationZ": 0.0 },
						"RBLeg": { "rotationX": -20.0, "rotationY": 0.0, "rotationZ": 0.0 },
						"Neck": { "rotationX": 0.0, "rotationY": 0.0, "rotationZ": 0.0 }
					}
				},
				{
					"frame": 35,
					"elements": {
						"ShellLower": { "rotationX": 0.0, "rotationY": 0.0, "rotationZ": -5.0 },
						"LFLeg": { "rotationX": 20.0, "rotationY": 0.0, "rotationZ": 0.0 },
						"RFLeg": { "rotationX": 0.0, "rotationY": 0.0, "rotationZ": 0.0 },
						"RBLeg": { "rotationX": 20.0, "rotationY": 0.0, "rotationZ": 0.0 },
						"LBLeg": { "rotationX": 0.0, "rotationY": 0.0, "rotationZ": 0.0 }
					}
				},
				{
					"frame": 50,
					"elements": {
						"RFLeg": { "rotationX": -20.0, "rotationY": 0.0, "rotationZ": 0.0 },
						"LBLeg": { "rotationX": -20.0, "rotationY": 0.0, "rotationZ": 0.0 },
						"Neck": { "rotationX": 15.0, "rotationY": 0.0, "rotationZ": 0.0 }
					}
				},
				{
					"frame": 69,
					"elements": {
						"ShellLower": { "rotationX": 0.0, "rotationY": 0.0, "rotationZ": 5.0 },
						"LFLeg": { "rotationX": 0.0, "rotationY": 0.0, "rotationZ": 0.0 },
						"RFLeg": { "rotationX": 20.0, "rotationY": 0.0, "rotationZ": 0.0 },
						"RBLeg": { "rotationX": 0.0, "rotationY": 0.0, "rotationZ": 0.0 },
						"LBLeg": { "rotationX": 20.0, "rotationY": 0.0, "rotationZ": 0.0 }
					}
				}
			]
		},

		{
			"name": "hide",
			"code": "sleep",
			"quantityframes": 30,
			"onActivityStopped": "Rewind",
			"onAnimationEnd": "Repeat",
			"keyframes": [
				{
					"frame": 0,
					"elements": {
						"ShellLower": { "offsetX": 0.0, "offsetY": -4.0, "offsetZ": 0.0 },
						"Neck": { "offsetX": 0.0, "offsetY": 0.5, "offsetZ": 7.1, "rotationX": -22.5, "rotationY": 0.0, "rotationZ": 0.0 },
						"LFLeg": { "offsetX": 0.0, "offsetY": 4.0, "offsetZ": 0.0, "rotationX": 5.0, "rotationY": 0.0, "rotationZ": 5.0 },
						"RFLeg": { "offsetX": 0.0, "offsetY": 4.0, "offsetZ": 0.0, "rotationX": 5.0, "rotationY": 0.0, "rotationZ": -5.0 },
						"RBLeg": { "offsetX": 0.0, "offsetY": 4.0, "offsetZ": 0.0 },
						"LBLeg": { "offsetX": 0.0, "offsetY": 4.0, "offsetZ": 0.0 }
					}
				}
			]
		},

		{
			"name": "sleep",
			"code": "hide",
			"quantityframes": 30,
			"onActivityStopped": "Rewind",
			"onAnimationEnd": "Repeat",
			"keyframes": [
				{
					"frame": 0,
					"elements": {
						"ShellLower": { "offsetX": 0.0, "offsetY": -4.0, "offsetZ": 0.0 },
						"Neck": { "offsetX": 0.0, "offsetY": 0.5, "offsetZ": 7.1, "rotationX": -22.5, "rotationY": 0.0, "rotationZ": 0.0 },
						"LFLeg": { "offsetX": 0.0, "offsetY": 4.0, "offsetZ": 0.0 },
						"RFLeg": { "offsetX": 0.0, "offsetY": 4.0, "offsetZ": 0.0 },
						"RBLeg": { "offsetX": 0.0, "offsetY": 4.0, "offsetZ": 0.0 },
						"LBLeg": { "offsetX": 0.0, "offsetY": 4.0, "offsetZ": 0.0 }
					}
				},
				{
					"frame": 9,
					"elements": {
						"LFLeg": { "rotationX": 0.0, "rotationY": 0.0, "rotationZ": 0.0 }
					}
				}
			]
		},

		{
			"name": "eat",
			"code": "eat",
			"quantityframes": 72,
			"onActivityStopped": "Rewind",
			"onAnimationEnd": "Repeat",
			"keyframes": [
				{
					"frame": 0,
					"elements": {
						"ShellLower": { "offsetX": 0.5, "offsetY": 0.0, "offsetZ": 0.0 },
						"Neck": { "rotationX": 15.0, "rotationY": 0.0, "rotationZ": 0.0 },
						"LowerJaw": { "rotationX": 0.0, "rotationY": 0.0, "rotationZ": 0.0 },
						"LFLeg": { "rotationX": 0.0, "rotationY": 0.0, "rotationZ": -8.0 },
						"RFLeg": { "rotationX": 0.0, "rotationY": 0.0, "rotationZ": 0.0 },
						"RBLeg": { "rotationX": 0.0, "rotationY": 0.0, "rotationZ": 0.0 },
						"LBLeg": { "rotationX": 0.0, "rotationY": 0.0, "rotationZ": -8.0 }
					}
				},
				{
					"frame": 18,
					"elements": {
						"LowerJaw": { "rotationX": -20.0, "rotationY": 0.0, "rotationZ": 0.0 }
					}
				},
				{
					"frame": 36,
					"elements": {
						"ShellLower": { "offsetX": -0.5, "offsetY": 0.0, "offsetZ": 0.0 },
						"Neck": { "rotationX": -25.0, "rotationY": 0.0, "rotationZ": 0.0 },
						"LowerJaw": { "rotationX": 0.0, "rotationY": 0.0, "rotationZ": 0.0 },
						"LFLeg": { "rotationX": 0.0, "rotationY": 0.0, "rotationZ": 0.0 },
						"RFLeg": { "rotationX": 0.0, "rotationY": 0.0, "rotationZ": 8.0 },
						"RBLeg": { "rotationX": 0.0, "rotationY": 0.0, "rotationZ": 8.0 },
						"LBLeg": { "rotationX": 0.0, "rotationY": 0.0, "rotationZ": 0.0 }
					}
				},
				{
					"frame": 54,
					"elements": {
						"LowerJaw": { "rotationX": -20.0, "rotationY": 0.0, "rotationZ": 0.0 }
					}
				},
				{
					"frame": 71,
					"elements": {
						"ShellLower": { "offsetX": 0.5, "offsetY": 0.0, "offsetZ": 0.0 },
						"Neck": { "rotationX": 15.0, "rotationY": 0.0, "rotationZ": 0.0 },
						"LFLeg": { "rotationX": 0.0, "rotationY": 0.0, "rotationZ": -8.0 },
						"RFLeg": { "rotationX": 0.0, "rotationY": 0.0, "rotationZ": 0.0 },
						"RBLeg": { "rotationX": 0.0, "rotationY": 0.0, "rotationZ": 0.0 },
						"LBLeg": { "rotationX": 0.0, "rotationY": 0.0, "rotationZ": -8.0 }
					}
				}
			]
		},

		{
			"name": "hurt",
			"code": "hurt",
			"quantityframes": 60,
			"onActivityStopped": "EaseOut",
			"onAnimationEnd": "Stop",
			"keyframes": [
				{
					"frame": 0,
					"elements": {
						"ShellLower": { "offsetX": 0.0, "offsetY": 0.0, "offsetZ": 0.0 },
						"Neck": { "offsetX": 0.0, "offsetY": 0.0, "offsetZ": 0.0, "rotationX": 0.0, "rotationY": 0.0, "rotationZ": 0.0 },
						"LFLeg": { "offsetX": 0.0, "offsetY": 0.0, "offsetZ": 0.0, "rotationX": 0.0, "rotationY": 0.0, "rotationZ": 0.0 },
						"RFLeg": { "offsetX": 0.0, "offsetY": 0.0, "offsetZ": 0.0, "rotationX": 0.0, "rotationY": 0.0, "rotationZ": 0.0 },
						"RBLeg": { "offsetX": 0.0, "offsetY": 0.0, "offsetZ": 0.0, "rotationX": 0.0, "rotationY": 0.0, "rotationZ": 0.0 },
						"LBLeg": { "offsetX": 0.0, "offsetY": 0.0, "offsetZ": 0.0, "rotationX": 0.0, "rotationY": 0.0, "rotationZ": 0.0 }
					}
				},
				{
					"frame": 15,
					"elements": {
						"ShellLower": { "offsetX": 0.0, "offsetY": -2.0, "offsetZ": 0.0 },
						"Neck": { "offsetX": 0.0, "offsetY": 0.0, "offsetZ": 5.0, "rotationX": -20.0, "rotationY": 0.0, "rotationZ": 0.0 },
						"LFLeg": { "offsetX": 0.0, "offsetY": 2.0, "offsetZ": 0.0, "rotationX": 10.0, "rotationY": 0.0, "rotationZ": 0.0 },
						"RFLeg": { "offsetX": 0.0, "offsetY": 2.0, "offsetZ": 0.0, "rotationX": 10.0, "rotationY": 0.0, "rotationZ": 0.0 },
						"RBLeg": { "offsetX": 0.0, "offsetY": 2.0, "offsetZ": 0.0, "rotationX": -10.0, "rotationY": 0.0, "rotationZ": 0.0 },
						"LBLeg": { "offsetX": 0.0, "offsetY": 2.0, "offsetZ": 0.0, "rotationX": -10.0, "rotationY": 0.0, "rotationZ": 0.0 }
					}
				},
				{
					"frame": 59,
					"elements": {
						"ShellLower": { "offsetX": 0.0, "offsetY": 0.0, "offsetZ": 0.0 },
						"Neck": { "offsetX": 0.0, "offsetY": 0.0, "offsetZ": 0.0, "rotationX": 0.0, "rotationY": 0.0, "rotationZ": 0.0 },
						"LFLeg": { "offsetX": 0.0, "offsetY": 0.0, "offsetZ": 0.0, "rotationX": 0.0, "rotationY": 0.0, "rotationZ": 0.0 },
						"RFLeg": { "offsetX": 0.0, "offsetY": 0.0, "offsetZ": 0.0, "rotationX": 0.0, "rotationY": 0.0, "rotationZ": 0.0 },
						"RBLeg": { "offsetX": 0.0, "offsetY": 0.0, "offsetZ": 0.0, "rotationX": 0.0, "rotationY": 0.0, "rotationZ": 0.0 },
						"LBLeg": { "offsetX": 0.0, "offsetY": 0.0, "offsetZ": 0.0, "rotationX": 0.0, "rotationY": 0.0, "rotationZ": 0.0 }
					}
				}
			]
		}
	]
}