{
	"editor": {
		"allAngles": false,
		"entityTextureMode": false
	},
	"textureWidth": 16,
	"textureHeight": 16,
	"textureSizes": {
	},
	"textures": {
		"ebony": "game:block/wood/bark/ebony",
		"mahogany": "game:block/cloth/banner/mahogany",
		"plain": "game:block/cloth/linen/plain",
		"rope": "game:block/locustnest/stalagmite/rope",
		"oak": "game:block/wood/debarked/oak",
		"oak4": "game:block/wood/planks/oak4",
		"oak3": "game:block/wood/planks/oak3",
		"oak2": "game:block/wood/planks/oak2",
		"oak1": "game:block/wood/planks/oak1",
		"sides2": "game:block/wood/trunk/sides",
		"lid": "game:block/wood/trunk/lid",
		"accessories": "game:block/wood/trunk/accessories"
	},
	"elements": [
		{
			"name": "origin",
			"from": [ 2.0, 0.0, 8.0 ], 
			"to": [ 2.0, 0.0, 8.0 ], 
			"rotationOrigin": [ 8.0, 0.0, 8.0 ],
			"faces": {
				"north": { "texture": "#null", "uv": [ 6.5, 1.5, 7.0, 2.0 ], "enabled": false },
				"east": { "texture": "#null", "uv": [ 1.0, 4.0, 1.5, 4.5 ], "enabled": false },
				"south": { "texture": "#null", "uv": [ 6.0, 2.5, 6.5, 3.0 ], "enabled": false },
				"west": { "texture": "#null", "uv": [ 1.5, 12.5, 2.0, 13.0 ], "enabled": false },
				"up": { "texture": "#null", "uv": [ 2.0, 13.5, 2.5, 14.0 ], "enabled": false },
				"down": { "texture": "#null", "uv": [ 1.5, 9.0, 2.0, 9.5 ], "enabled": false }
			},
			"children": [
				{
					"name": "Mast",
					"from": [ 6.0, 5.0, 12.0 ], 
					"to": [ 6.0, 5.0, 12.0 ], 
					"rotationOrigin": [ 6.0, 5.0, 12.0 ],
					"faces": {
						"north": { "texture": "#null", "uv": [ 0.0, 0.0, 0.5, 0.5 ] },
						"east": { "texture": "#null", "uv": [ 0.0, 0.0, 0.5, 0.5 ] },
						"south": { "texture": "#null", "uv": [ 0.0, 0.0, 0.5, 0.5 ] },
						"west": { "texture": "#null", "uv": [ 0.0, 0.0, 0.5, 0.5 ] },
						"up": { "texture": "#null", "uv": [ 0.0, 0.0, 0.5, 0.5 ] },
						"down": { "texture": "#null", "uv": [ 0.0, 0.0, 0.5, 0.5 ] }
					},
					"children": [
						{
							"name": "Cube1",
							"from": [ -1.5, 0.0, 0.0 ], 
							"to": [ 1.5, 16.0, 3.0 ], 
							"rotationOrigin": [ -1.5, 0.0, 0.0 ],
							"faces": {
								"north": { "texture": "#ebony", "uv": [ 0.0, 0.0, 3.0, 16.0 ] },
								"east": { "texture": "#ebony", "uv": [ 0.0, 0.0, 3.0, 16.0 ] },
								"south": { "texture": "#ebony", "uv": [ 0.0, 0.0, 3.0, 16.0 ] },
								"west": { "texture": "#ebony", "uv": [ 0.0, 0.0, 3.0, 16.0 ] },
								"up": { "texture": "#ebony", "uv": [ 0.0, 0.0, 3.0, 3.0 ] },
								"down": { "texture": "#ebony", "uv": [ 0.0, 0.0, 3.0, 3.0 ] }
							}
						},
						{
							"name": "Cube33",
							"from": [ -1.5, 16.0, 0.0 ], 
							"to": [ 1.5, 32.0, 3.0 ], 
							"rotationOrigin": [ -1.5, 16.0, 0.5 ],
							"faces": {
								"north": { "texture": "#ebony", "uv": [ 0.0, 0.0, 3.0, 16.0 ] },
								"east": { "texture": "#ebony", "uv": [ 0.0, 0.0, 3.0, 16.0 ] },
								"south": { "texture": "#ebony", "uv": [ 0.0, 0.0, 3.0, 16.0 ] },
								"west": { "texture": "#ebony", "uv": [ 0.0, 0.0, 3.0, 16.0 ] },
								"up": { "texture": "#ebony", "uv": [ 0.0, 0.0, 3.0, 3.0 ] },
								"down": { "texture": "#ebony", "uv": [ 0.0, 0.0, 3.0, 3.0 ] }
							}
						},
						{
							"name": "Cube34",
							"from": [ -1.0, 32.0, 0.5 ], 
							"to": [ 1.0, 48.0, 2.5 ], 
							"rotationOrigin": [ -1.0, 32.0, 1.0 ],
							"faces": {
								"north": { "texture": "#ebony", "uv": [ 0.0, 0.0, 2.0, 16.0 ] },
								"east": { "texture": "#ebony", "uv": [ 0.0, 0.0, 2.0, 16.0 ] },
								"south": { "texture": "#ebony", "uv": [ 0.0, 0.0, 2.0, 16.0 ] },
								"west": { "texture": "#ebony", "uv": [ 0.0, 0.0, 2.0, 16.0 ] },
								"up": { "texture": "#ebony", "uv": [ 0.0, 0.0, 2.0, 2.0 ] },
								"down": { "texture": "#ebony", "uv": [ 0.0, 0.0, 2.0, 2.0 ] }
							}
						},
						{
							"name": "Cube35",
							"from": [ -1.0, 48.0, 0.5 ], 
							"to": [ 1.0, 64.0, 2.5 ], 
							"rotationOrigin": [ -1.0, 48.0, 1.0 ],
							"faces": {
								"north": { "texture": "#ebony", "uv": [ 0.0, 0.0, 2.0, 16.0 ] },
								"east": { "texture": "#ebony", "uv": [ 0.0, 0.0, 2.0, 16.0 ] },
								"south": { "texture": "#ebony", "uv": [ 0.0, 0.0, 2.0, 16.0 ] },
								"west": { "texture": "#ebony", "uv": [ 0.0, 0.0, 2.0, 16.0 ] },
								"up": { "texture": "#ebony", "uv": [ 0.0, 0.0, 2.0, 2.0 ] },
								"down": { "texture": "#ebony", "uv": [ 0.0, 0.0, 2.0, 2.0 ] }
							}
						},
						{
							"name": "sail_origin",
							"from": [ -1.0, 10.0, 0.0 ], 
							"to": [ -1.0, 10.0, 0.0 ], 
							"rotationOrigin": [ -1.0, 10.0, 0.0 ],
							"rotationX": -90.0,
							"faces": {
								"north": { "texture": "#ebony", "uv": [ 0.0, 0.0, 0.5, 0.5 ] },
								"east": { "texture": "#ebony", "uv": [ 0.0, 0.0, 0.5, 0.5 ] },
								"south": { "texture": "#ebony", "uv": [ 0.0, 0.0, 0.5, 0.5 ] },
								"west": { "texture": "#ebony", "uv": [ 0.0, 0.0, 0.5, 0.5 ] },
								"up": { "texture": "#ebony", "uv": [ 0.0, 0.0, 0.5, 0.5 ] },
								"down": { "texture": "#ebony", "uv": [ 0.0, 0.0, 0.5, 0.5 ] }
							},
							"children": [
								{
									"name": "sail",
									"from": [ 0.0, 0.0, 0.0 ], 
									"to": [ 2.0, 16.0, 2.0 ], 
									"rotationOrigin": [ 1.0, -1.5, 1.0 ],
									"faces": {
										"north": { "texture": "#ebony", "uv": [ 0.0, 0.0, 2.0, 16.0 ] },
										"east": { "texture": "#ebony", "uv": [ 0.0, 0.0, 2.0, 16.0 ] },
										"south": { "texture": "#ebony", "uv": [ 0.0, 0.0, 2.0, 16.0 ] },
										"west": { "texture": "#ebony", "uv": [ 0.0, 0.0, 2.0, 16.0 ] },
										"up": { "texture": "#ebony", "uv": [ 0.0, 0.0, 2.0, 2.0 ] },
										"down": { "texture": "#ebony", "uv": [ 0.0, 0.0, 2.0, 2.0 ] }
									},
									"children": [
										{
											"name": "sail38",
											"from": [ 0.0, 16.0, 0.0 ], 
											"to": [ 2.0, 32.0, 2.0 ], 
											"rotationOrigin": [ 1.0, 16.0, 1.0 ],
											"faces": {
												"north": { "texture": "#ebony", "uv": [ 0.0, 0.0, 2.0, 16.0 ] },
												"east": { "texture": "#ebony", "uv": [ 0.0, 0.0, 2.0, 16.0 ] },
												"south": { "texture": "#ebony", "uv": [ 0.0, 0.0, 2.0, 16.0 ] },
												"west": { "texture": "#ebony", "uv": [ 0.0, 0.0, 2.0, 16.0 ] },
												"up": { "texture": "#ebony", "uv": [ 0.0, 0.0, 2.0, 2.0 ] },
												"down": { "texture": "#ebony", "uv": [ 0.0, 0.0, 2.0, 2.0 ] }
											}
										},
										{
											"name": "rope1",
											"from": [ -1.0, -3.5, -0.2 ], 
											"to": [ 3.0, 0.5, 0.8 ], 
											"rotationOrigin": [ -1.0, -3.5, -0.2 ],
											"faces": {
												"north": { "texture": "#rope", "uv": [ 0.0, 0.0, 4.0, 4.0 ] },
												"east": { "texture": "#rope", "uv": [ 0.0, 0.0, 1.0, 4.0 ] },
												"south": { "texture": "#rope", "uv": [ 0.0, 0.0, 4.0, 4.0 ] },
												"west": { "texture": "#rope", "uv": [ 0.0, 0.0, 1.0, 4.0 ] },
												"up": { "texture": "#rope", "uv": [ 0.0, 0.0, 4.0, 1.0 ] },
												"down": { "texture": "#rope", "uv": [ 0.0, 0.0, 4.0, 1.0 ] }
											}
										},
										{
											"name": "rope2",
											"from": [ -0.1, 0.3, -0.5 ], 
											"to": [ 2.9, 1.3, 2.5 ], 
											"rotationOrigin": [ 0.9, 0.3, 0.5 ],
											"rotationZ": 22.5,
											"faces": {
												"north": { "texture": "#rope", "uv": [ 0.0, 0.0, 3.0, 1.0 ] },
												"east": { "texture": "#rope", "uv": [ 0.0, 0.0, 3.0, 1.0 ] },
												"south": { "texture": "#rope", "uv": [ 0.0, 0.0, 3.0, 1.0 ] },
												"west": { "texture": "#rope", "uv": [ 0.0, 0.0, 3.0, 1.0 ] },
												"up": { "texture": "#rope", "uv": [ 0.0, 0.0, 3.0, 3.0 ] },
												"down": { "texture": "#rope", "uv": [ 0.0, 0.0, 3.0, 3.0 ] }
											}
										},
										{
											"name": "rope40",
											"from": [ -0.6, 0.8, -0.4 ], 
											"to": [ 2.4, 1.8, 2.6 ], 
											"rotationOrigin": [ 0.4, 0.8, 0.6 ],
											"rotationZ": -22.5,
											"faces": {
												"north": { "texture": "#rope", "uv": [ 0.0, 0.0, 3.0, 1.0 ] },
												"east": { "texture": "#rope", "uv": [ 0.0, 0.0, 3.0, 1.0 ] },
												"south": { "texture": "#rope", "uv": [ 0.0, 0.0, 3.0, 1.0 ] },
												"west": { "texture": "#rope", "uv": [ 0.0, 0.0, 3.0, 1.0 ] },
												"up": { "texture": "#rope", "uv": [ 0.0, 0.0, 3.0, 3.0 ] },
												"down": { "texture": "#rope", "uv": [ 0.0, 0.0, 3.0, 3.0 ] }
											}
										},
										{
											"name": "rope41",
											"from": [ -1.0, -3.5, 1.3 ], 
											"to": [ 3.0, 0.5, 2.3 ], 
											"rotationOrigin": [ -1.0, -3.5, 1.3 ],
											"faces": {
												"north": { "texture": "#rope", "uv": [ 0.0, 0.0, 4.0, 4.0 ] },
												"east": { "texture": "#rope", "uv": [ 0.0, 0.0, 1.0, 4.0 ] },
												"south": { "texture": "#rope", "uv": [ 0.0, 0.0, 4.0, 4.0 ] },
												"west": { "texture": "#rope", "uv": [ 0.0, 0.0, 1.0, 4.0 ] },
												"up": { "texture": "#rope", "uv": [ 0.0, 0.0, 4.0, 1.0 ] },
												"down": { "texture": "#rope", "uv": [ 0.0, 0.0, 4.0, 1.0 ] }
											}
										},
										{
											"name": "rope42",
											"from": [ -0.5, 30.5, -0.5 ], 
											"to": [ 2.5, 31.5, 2.5 ], 
											"rotationOrigin": [ 0.5, 30.5, 0.5 ],
											"faces": {
												"north": { "texture": "#rope", "uv": [ 0.0, 0.0, 3.0, 1.0 ] },
												"east": { "texture": "#rope", "uv": [ 0.0, 0.0, 3.0, 1.0 ] },
												"south": { "texture": "#rope", "uv": [ 0.0, 0.0, 3.0, 1.0 ] },
												"west": { "texture": "#rope", "uv": [ 0.0, 0.0, 3.0, 1.0 ] },
												"up": { "texture": "#rope", "uv": [ 0.0, 0.0, 3.0, 3.0 ] },
												"down": { "texture": "#rope", "uv": [ 0.0, 0.0, 3.0, 3.0 ] }
											}
										},
										{
											"name": "rope43",
											"from": [ 0.5, 31.5, -2.5 ], 
											"to": [ 1.5, 32.5, 0.5 ], 
											"rotationOrigin": [ 1.5, 31.5, -1.5 ],
											"rotationX": 22.5,
											"faces": {
												"north": { "texture": "#rope", "uv": [ 0.0, 0.0, 1.0, 1.0 ] },
												"east": { "texture": "#rope", "uv": [ 0.0, 0.0, 3.0, 1.0 ] },
												"south": { "texture": "#rope", "uv": [ 0.0, 0.0, 1.0, 1.0 ] },
												"west": { "texture": "#rope", "uv": [ 0.0, 0.0, 3.0, 1.0 ] },
												"up": { "texture": "#rope", "uv": [ 0.0, 0.0, 1.0, 3.0 ] },
												"down": { "texture": "#rope", "uv": [ 0.0, 0.0, 1.0, 3.0 ] }
											}
										},
										{
											"name": "sail_stage_1",
											"from": [ 1.0, -0.5, 2.0 ], 
											"to": [ 1.1, 15.5, 18.0 ], 
											"rotationOrigin": [ 1.0, -0.5, 2.0 ],
											"faces": {
												"north": { "texture": "#plain", "uv": [ 0.0, 0.0, 0.5, 16.0 ], "enabled": false },
												"east": { "texture": "#plain", "uv": [ 0.0, 0.0, 16.0, 16.0 ] },
												"south": { "texture": "#ebony", "uv": [ 0.0, 0.0, 0.5, 16.0 ], "enabled": false },
												"west": { "texture": "#plain", "uv": [ 0.0, 0.0, 16.0, 16.0 ] },
												"up": { "texture": "#ebony", "uv": [ 0.0, 0.0, 0.5, 16.0 ], "enabled": false },
												"down": { "texture": "#ebony", "uv": [ 0.0, 0.0, 0.5, 16.0 ], "enabled": false }
											},
											"children": [
												{
													"name": "sail_cloth62",
													"from": [ 0.0, 16.0, 0.0 ], 
													"to": [ 0.1, 27.0, 16.0 ], 
													"rotationOrigin": [ 0.0, 16.0, 0.0 ],
													"faces": {
														"north": { "texture": "#plain", "uv": [ 0.0, 0.0, 0.5, 11.0 ], "enabled": false },
														"east": { "texture": "#plain", "uv": [ 0.0, 0.0, 16.0, 11.0 ] },
														"south": { "texture": "#ebony", "uv": [ 0.0, 0.0, 0.5, 11.0 ], "enabled": false },
														"west": { "texture": "#plain", "uv": [ 0.0, 0.0, 16.0, 11.0 ] },
														"up": { "texture": "#ebony", "uv": [ 0.0, 0.0, 0.5, 16.0 ], "enabled": false },
														"down": { "texture": "#ebony", "uv": [ 0.0, 0.0, 0.5, 16.0 ], "enabled": false }
													}
												},
												{
													"name": "Cube63",
													"from": [ -0.5, 0.0, 16.0 ], 
													"to": [ 0.5, 16.0, 17.0 ], 
													"rotationOrigin": [ -0.5, 0.0, 16.0 ],
													"faces": {
														"north": { "texture": "#ebony", "uv": [ 0.0, 0.0, 1.0, 16.0 ] },
														"east": { "texture": "#ebony", "uv": [ 0.0, 0.0, 1.0, 16.0 ] },
														"south": { "texture": "#ebony", "uv": [ 0.0, 0.0, 1.0, 16.0 ] },
														"west": { "texture": "#ebony", "uv": [ 0.0, 0.0, 1.0, 16.0 ] },
														"up": { "texture": "#ebony", "uv": [ 0.0, 0.0, 1.0, 1.0 ] },
														"down": { "texture": "#ebony", "uv": [ 0.0, 0.0, 1.0, 1.0 ] }
													}
												},
												{
													"name": "Cube64",
													"from": [ -0.5, 16.0, 16.0 ], 
													"to": [ 0.5, 28.0, 17.0 ], 
													"rotationOrigin": [ -0.5, 16.0, 16.0 ],
													"faces": {
														"north": { "texture": "#ebony", "uv": [ 0.0, 0.0, 1.0, 12.0 ] },
														"east": { "texture": "#ebony", "uv": [ 0.0, 0.0, 1.0, 12.0 ] },
														"south": { "texture": "#ebony", "uv": [ 0.0, 0.0, 1.0, 12.0 ] },
														"west": { "texture": "#ebony", "uv": [ 0.0, 0.0, 1.0, 12.0 ] },
														"up": { "texture": "#ebony", "uv": [ 0.0, 0.0, 1.0, 1.0 ] },
														"down": { "texture": "#ebony", "uv": [ 0.0, 0.0, 1.0, 1.0 ] }
													}
												},
												{
													"name": "sail_cloth_slope",
													"from": [ 0.01, 26.3, -2.0 ], 
													"to": [ 0.11, 31.3, 14.0 ], 
													"rotationOrigin": [ 0.1, 26.3, -2.0 ],
													"rotationX": 15.0,
													"faces": {
														"north": { "texture": "#plain", "uv": [ 0.0, 0.0, 0.5, 5.0 ], "enabled": false },
														"east": { "texture": "#plain", "uv": [ 0.0, 0.0, 16.0, 5.0 ] },
														"south": { "texture": "#ebony", "uv": [ 0.0, 0.0, 0.5, 5.0 ], "enabled": false },
														"west": { "texture": "#plain", "uv": [ 0.0, 0.0, 16.0, 5.0 ] },
														"up": { "texture": "#ebony", "uv": [ 0.0, 0.0, 0.5, 16.0 ], "enabled": false },
														"down": { "texture": "#ebony", "uv": [ 0.0, 0.0, 0.5, 16.0 ], "enabled": false }
													}
												}
											]
										},
										{
											"name": "sail_stage_2",
											"from": [ 1.0, -0.5, 19.0 ], 
											"to": [ 1.1, 15.5, 35.0 ], 
											"rotationOrigin": [ 1.0, -0.5, 19.0 ],
											"faces": {
												"north": { "texture": "#plain", "uv": [ 0.0, 0.0, 0.5, 16.0 ], "enabled": false },
												"east": { "texture": "#plain", "uv": [ 0.0, 0.0, 16.0, 16.0 ] },
												"south": { "texture": "#ebony", "uv": [ 0.0, 0.0, 0.5, 16.0 ], "enabled": false },
												"west": { "texture": "#plain", "uv": [ 0.0, 0.0, 16.0, 16.0 ] },
												"up": { "texture": "#ebony", "uv": [ 0.0, 0.0, 0.5, 16.0 ], "enabled": false },
												"down": { "texture": "#ebony", "uv": [ 0.0, 0.0, 0.5, 16.0 ], "enabled": false }
											},
											"children": [
												{
													"name": "sail_cloth66",
													"from": [ 0.0, 16.0, 0.0 ], 
													"to": [ 0.1, 22.0, 16.0 ], 
													"rotationOrigin": [ 0.0, 16.0, 0.0 ],
													"faces": {
														"north": { "texture": "#plain", "uv": [ 0.0, 0.0, 0.5, 6.0 ], "enabled": false },
														"east": { "texture": "#plain", "uv": [ 0.0, 0.0, 16.0, 6.0 ] },
														"south": { "texture": "#ebony", "uv": [ 0.0, 0.0, 0.5, 6.0 ], "enabled": false },
														"west": { "texture": "#plain", "uv": [ 0.0, 0.0, 16.0, 6.0 ] },
														"up": { "texture": "#ebony", "uv": [ 0.0, 0.0, 0.5, 16.0 ], "enabled": false },
														"down": { "texture": "#ebony", "uv": [ 0.0, 0.0, 0.5, 16.0 ], "enabled": false }
													}
												},
												{
													"name": "Cube67",
													"from": [ -0.5, 0.0, 16.0 ], 
													"to": [ 0.5, 16.0, 17.0 ], 
													"rotationOrigin": [ -0.5, 0.0, 16.0 ],
													"faces": {
														"north": { "texture": "#ebony", "uv": [ 0.0, 0.0, 1.0, 16.0 ] },
														"east": { "texture": "#ebony", "uv": [ 0.0, 0.0, 1.0, 16.0 ] },
														"south": { "texture": "#ebony", "uv": [ 0.0, 0.0, 1.0, 16.0 ] },
														"west": { "texture": "#ebony", "uv": [ 0.0, 0.0, 1.0, 16.0 ] },
														"up": { "texture": "#ebony", "uv": [ 0.0, 0.0, 1.0, 1.0 ] },
														"down": { "texture": "#ebony", "uv": [ 0.0, 0.0, 1.0, 1.0 ] }
													}
												},
												{
													"name": "Cube68",
													"from": [ -0.5, 16.0, 16.0 ], 
													"to": [ 0.5, 23.0, 17.0 ], 
													"rotationOrigin": [ -0.5, 16.0, 16.0 ],
													"faces": {
														"north": { "texture": "#ebony", "uv": [ 0.0, 0.0, 1.0, 7.0 ] },
														"east": { "texture": "#ebony", "uv": [ 0.0, 0.0, 1.0, 7.0 ] },
														"south": { "texture": "#ebony", "uv": [ 0.0, 0.0, 1.0, 7.0 ] },
														"west": { "texture": "#ebony", "uv": [ 0.0, 0.0, 1.0, 7.0 ] },
														"up": { "texture": "#ebony", "uv": [ 0.0, 0.0, 1.0, 1.0 ] },
														"down": { "texture": "#ebony", "uv": [ 0.0, 0.0, 1.0, 1.0 ] }
													}
												},
												{
													"name": "sail_cloth_slope74",
													"from": [ 0.01, 21.3, -2.0 ], 
													"to": [ 0.11, 26.3, 14.0 ], 
													"rotationOrigin": [ 0.1, 21.3, -2.0 ],
													"rotationX": 15.0,
													"faces": {
														"north": { "texture": "#plain", "uv": [ 0.0, 0.0, 0.5, 5.0 ], "enabled": false },
														"east": { "texture": "#plain", "uv": [ 0.0, 0.0, 16.0, 5.0 ] },
														"south": { "texture": "#ebony", "uv": [ 0.0, 0.0, 0.5, 5.0 ], "enabled": false },
														"west": { "texture": "#plain", "uv": [ 0.0, 0.0, 16.0, 5.0 ] },
														"up": { "texture": "#ebony", "uv": [ 0.0, 0.0, 0.5, 16.0 ], "enabled": false },
														"down": { "texture": "#ebony", "uv": [ 0.0, 0.0, 0.5, 16.0 ], "enabled": false }
													}
												}
											]
										},
										{
											"name": "sail_stage_3",
											"from": [ 1.0, -0.5, 36.0 ], 
											"to": [ 1.1, 15.5, 47.0 ], 
											"rotationOrigin": [ 1.0, -0.5, 36.0 ],
											"faces": {
												"north": { "texture": "#plain", "uv": [ 0.0, 0.0, 0.5, 16.0 ], "enabled": false },
												"east": { "texture": "#plain", "uv": [ 0.0, 0.0, 11.0, 16.0 ] },
												"south": { "texture": "#ebony", "uv": [ 0.0, 0.0, 0.5, 16.0 ], "enabled": false },
												"west": { "texture": "#plain", "uv": [ 0.0, 0.0, 11.0, 16.0 ] },
												"up": { "texture": "#ebony", "uv": [ 0.0, 0.0, 0.5, 11.0 ], "enabled": false },
												"down": { "texture": "#ebony", "uv": [ 0.0, 0.0, 0.5, 11.0 ], "enabled": false }
											},
											"children": [
												{
													"name": "Cube71",
													"from": [ -0.5, 0.0, 10.0 ], 
													"to": [ 0.5, 16.0, 11.0 ], 
													"rotationOrigin": [ -0.5, 0.0, 10.0 ],
													"faces": {
														"north": { "texture": "#ebony", "uv": [ 0.0, 0.0, 1.0, 16.0 ] },
														"east": { "texture": "#ebony", "uv": [ 0.0, 0.0, 1.0, 16.0 ] },
														"south": { "texture": "#ebony", "uv": [ 0.0, 0.0, 1.0, 16.0 ] },
														"west": { "texture": "#ebony", "uv": [ 0.0, 0.0, 1.0, 16.0 ] },
														"up": { "texture": "#ebony", "uv": [ 0.0, 0.0, 1.0, 1.0 ] },
														"down": { "texture": "#ebony", "uv": [ 0.0, 0.0, 1.0, 1.0 ] }
													}
												},
												{
													"name": "Cube72",
													"from": [ -0.5, 16.0, 10.0 ], 
													"to": [ 0.5, 19.0, 11.0 ], 
													"rotationOrigin": [ -0.5, 16.0, 10.0 ],
													"faces": {
														"north": { "texture": "#ebony", "uv": [ 0.0, 0.0, 1.0, 3.0 ] },
														"east": { "texture": "#ebony", "uv": [ 0.0, 0.0, 1.0, 3.0 ] },
														"south": { "texture": "#ebony", "uv": [ 0.0, 0.0, 1.0, 3.0 ] },
														"west": { "texture": "#ebony", "uv": [ 0.0, 0.0, 1.0, 3.0 ] },
														"up": { "texture": "#ebony", "uv": [ 0.0, 0.0, 1.0, 1.0 ] },
														"down": { "texture": "#ebony", "uv": [ 0.0, 0.0, 1.0, 1.0 ] }
													}
												},
												{
													"name": "sail_cloth_slope75",
													"from": [ 0.01, 16.3, -2.0 ], 
													"to": [ 0.11, 21.3, 10.0 ], 
													"rotationOrigin": [ 0.1, 16.3, -2.0 ],
													"rotationX": 15.0,
													"faces": {
														"north": { "texture": "#plain", "uv": [ 0.0, 0.0, 0.5, 5.0 ], "enabled": false },
														"east": { "texture": "#plain", "uv": [ 0.0, 0.0, 12.0, 5.0 ] },
														"south": { "texture": "#ebony", "uv": [ 0.0, 0.0, 0.5, 5.0 ], "enabled": false },
														"west": { "texture": "#plain", "uv": [ 0.0, 0.0, 12.0, 5.0 ] },
														"up": { "texture": "#ebony", "uv": [ 0.0, 0.0, 0.5, 12.0 ], "enabled": false },
														"down": { "texture": "#ebony", "uv": [ 0.0, 0.0, 0.5, 12.0 ], "enabled": false }
													}
												},
												{
													"name": "sail_cloth_slope76",
													"from": [ 0.02, -1.7, 10.0 ], 
													"to": [ 0.12, 14.3, 15.0 ], 
													"rotationOrigin": [ 0.1, -1.7, 10.0 ],
													"rotationX": -14.0,
													"faces": {
														"north": { "texture": "#plain", "uv": [ 0.0, 0.0, 0.5, 16.0 ], "enabled": false },
														"east": { "texture": "#plain", "uv": [ 0.0, 0.0, 5.0, 16.0 ] },
														"south": { "texture": "#ebony", "uv": [ 0.0, 0.0, 0.5, 16.0 ], "enabled": false },
														"west": { "texture": "#plain", "uv": [ 0.0, 0.0, 5.0, 16.0 ] },
														"up": { "texture": "#ebony", "uv": [ 0.0, 0.0, 0.5, 5.0 ], "enabled": false },
														"down": { "texture": "#ebony", "uv": [ 0.0, 0.0, 0.5, 5.0 ], "enabled": false }
													}
												}
											]
										},
										{
											"name": "sail_folded",
											"from": [ 0.0, 0.0, 0.0 ], 
											"to": [ 0.0, 0.0, 0.0 ], 
											"faces": {
												"north": { "texture": "#ebony", "uv": [ 0.0, 0.0, 0.5, 0.5 ] },
												"east": { "texture": "#ebony", "uv": [ 0.0, 0.0, 0.5, 0.5 ] },
												"south": { "texture": "#ebony", "uv": [ 0.0, 0.0, 0.5, 0.5 ] },
												"west": { "texture": "#ebony", "uv": [ 0.0, 0.0, 0.5, 0.5 ] },
												"up": { "texture": "#ebony", "uv": [ 0.0, 0.0, 0.5, 0.5 ] },
												"down": { "texture": "#ebony", "uv": [ 0.0, 0.0, 0.5, 0.5 ] }
											},
											"children": [
												{
													"name": "Cube77",
													"from": [ -1.0, 1.0, -1.0 ], 
													"to": [ 3.0, 10.0, 3.0 ], 
													"rotationOrigin": [ -1.0, 1.0, -1.0 ],
													"faces": {
														"north": { "texture": "#plain", "uv": [ 0.0, 0.0, 4.0, 9.0 ] },
														"east": { "texture": "#plain", "uv": [ 0.0, 0.0, 4.0, 9.0 ] },
														"south": { "texture": "#plain", "uv": [ 0.0, 0.0, 4.0, 9.0 ] },
														"west": { "texture": "#plain", "uv": [ 0.0, 0.0, 4.0, 9.0 ] },
														"up": { "texture": "#plain", "uv": [ 0.0, 0.0, 4.0, 4.0 ] },
														"down": { "texture": "#plain", "uv": [ 0.0, 0.0, 4.0, 4.0 ] }
													}
												},
												{
													"name": "Cube78",
													"from": [ -1.0, 11.0, -1.0 ], 
													"to": [ 3.0, 20.0, 3.0 ], 
													"rotationOrigin": [ -1.0, 11.0, -1.0 ],
													"faces": {
														"north": { "texture": "#plain", "uv": [ 0.0, 0.0, 4.0, 9.0 ] },
														"east": { "texture": "#plain", "uv": [ 0.0, 0.0, 4.0, 9.0 ] },
														"south": { "texture": "#plain", "uv": [ 0.0, 0.0, 4.0, 9.0 ] },
														"west": { "texture": "#plain", "uv": [ 0.0, 0.0, 4.0, 9.0 ] },
														"up": { "texture": "#plain", "uv": [ 0.0, 0.0, 4.0, 4.0 ] },
														"down": { "texture": "#plain", "uv": [ 0.0, 0.0, 4.0, 4.0 ] }
													}
												},
												{
													"name": "Cube79",
													"from": [ -1.0, 21.0, -1.0 ], 
													"to": [ 3.0, 30.0, 3.0 ], 
													"rotationOrigin": [ -1.0, 21.0, -1.0 ],
													"faces": {
														"north": { "texture": "#plain", "uv": [ 0.0, 0.0, 4.0, 9.0 ] },
														"east": { "texture": "#plain", "uv": [ 0.0, 0.0, 4.0, 9.0 ] },
														"south": { "texture": "#plain", "uv": [ 0.0, 0.0, 4.0, 9.0 ] },
														"west": { "texture": "#plain", "uv": [ 0.0, 0.0, 4.0, 9.0 ] },
														"up": { "texture": "#plain", "uv": [ 0.0, 0.0, 4.0, 4.0 ] },
														"down": { "texture": "#plain", "uv": [ 0.0, 0.0, 4.0, 4.0 ] }
													}
												},
												{
													"name": "rope80",
													"from": [ -0.5, 20.0, -0.5 ], 
													"to": [ 2.5, 21.0, 2.5 ], 
													"rotationOrigin": [ 0.5, 20.0, 0.5 ],
													"faces": {
														"north": { "texture": "#rope", "uv": [ 0.0, 0.0, 3.0, 1.0 ] },
														"east": { "texture": "#rope", "uv": [ 0.0, 0.0, 3.0, 1.0 ] },
														"south": { "texture": "#rope", "uv": [ 0.0, 0.0, 3.0, 1.0 ] },
														"west": { "texture": "#rope", "uv": [ 0.0, 0.0, 3.0, 1.0 ] },
														"up": { "texture": "#rope", "uv": [ 0.0, 0.0, 3.0, 3.0 ] },
														"down": { "texture": "#rope", "uv": [ 0.0, 0.0, 3.0, 3.0 ] }
													}
												},
												{
													"name": "rope81",
													"from": [ -0.5, 10.0, -0.5 ], 
													"to": [ 2.5, 11.0, 2.5 ], 
													"rotationOrigin": [ 0.5, 10.0, 0.5 ],
													"faces": {
														"north": { "texture": "#rope", "uv": [ 0.0, 0.0, 3.0, 1.0 ] },
														"east": { "texture": "#rope", "uv": [ 0.0, 0.0, 3.0, 1.0 ] },
														"south": { "texture": "#rope", "uv": [ 0.0, 0.0, 3.0, 1.0 ] },
														"west": { "texture": "#rope", "uv": [ 0.0, 0.0, 3.0, 1.0 ] },
														"up": { "texture": "#rope", "uv": [ 0.0, 0.0, 3.0, 3.0 ] },
														"down": { "texture": "#rope", "uv": [ 0.0, 0.0, 3.0, 3.0 ] }
													}
												}
											]
										}
									]
								}
							]
						},
						{
							"name": "rope44",
							"from": [ -1.5, 61.8, 3.0 ], 
							"to": [ 1.5, 64.8, 4.0 ], 
							"rotationOrigin": [ -1.5, 61.8, 3.0 ],
							"rotationX": -90.0,
							"faces": {
								"north": { "texture": "#rope", "uv": [ 0.0, 0.0, 3.0, 3.0 ] },
								"east": { "texture": "#rope", "uv": [ 0.0, 0.0, 1.0, 3.0 ] },
								"south": { "texture": "#rope", "uv": [ 0.0, 0.0, 3.0, 3.0 ] },
								"west": { "texture": "#rope", "uv": [ 0.0, 0.0, 1.0, 3.0 ] },
								"up": { "texture": "#rope", "uv": [ 0.0, 0.0, 3.0, 1.0 ] },
								"down": { "texture": "#rope", "uv": [ 0.0, 0.0, 3.0, 1.0 ] }
							}
						},
						{
							"name": "rope45",
							"from": [ -0.5, 61.8, 3.0 ], 
							"to": [ 0.5, 77.8, 4.0 ], 
							"rotationOrigin": [ -0.5, 61.8, 3.0 ],
							"rotationX": 162.0,
							"faces": {
								"north": { "texture": "#rope", "uv": [ 0.0, 0.0, 1.0, 16.0 ] },
								"east": { "texture": "#rope", "uv": [ 0.0, 0.0, 1.0, 16.0 ] },
								"south": { "texture": "#rope", "uv": [ 0.0, 0.0, 1.0, 16.0 ] },
								"west": { "texture": "#rope", "uv": [ 0.0, 0.0, 1.0, 16.0 ] },
								"up": { "texture": "#rope", "uv": [ 0.0, 0.0, 1.0, 1.0 ] },
								"down": { "texture": "#rope", "uv": [ 0.0, 0.0, 1.0, 1.0 ] }
							},
							"children": [
								{
									"name": "rope46",
									"from": [ 0.0, 16.0, 0.0 ], 
									"to": [ 1.0, 32.0, 1.0 ], 
									"rotationOrigin": [ 0.0, 16.0, 0.0 ],
									"faces": {
										"north": { "texture": "#rope", "uv": [ 0.0, 0.0, 1.0, 16.0 ] },
										"east": { "texture": "#rope", "uv": [ 0.0, 0.0, 1.0, 16.0 ] },
										"south": { "texture": "#rope", "uv": [ 0.0, 0.0, 1.0, 16.0 ] },
										"west": { "texture": "#rope", "uv": [ 0.0, 0.0, 1.0, 16.0 ] },
										"up": { "texture": "#rope", "uv": [ 0.0, 0.0, 1.0, 1.0 ] },
										"down": { "texture": "#rope", "uv": [ 0.0, 0.0, 1.0, 1.0 ] }
									}
								},
								{
									"name": "rope47",
									"from": [ 0.0, 32.0, 0.0 ], 
									"to": [ 1.0, 48.0, 1.0 ], 
									"rotationOrigin": [ 0.0, 32.0, 0.0 ],
									"faces": {
										"north": { "texture": "#rope", "uv": [ 0.0, 0.0, 1.0, 16.0 ] },
										"east": { "texture": "#rope", "uv": [ 0.0, 0.0, 1.0, 16.0 ] },
										"south": { "texture": "#rope", "uv": [ 0.0, 0.0, 1.0, 16.0 ] },
										"west": { "texture": "#rope", "uv": [ 0.0, 0.0, 1.0, 16.0 ] },
										"up": { "texture": "#rope", "uv": [ 0.0, 0.0, 1.0, 1.0 ] },
										"down": { "texture": "#rope", "uv": [ 0.0, 0.0, 1.0, 1.0 ] }
									}
								},
								{
									"name": "rope48",
									"from": [ 0.0, 48.0, 0.0 ], 
									"to": [ 1.0, 59.0, 1.0 ], 
									"rotationOrigin": [ 0.0, 48.0, 0.0 ],
									"faces": {
										"north": { "texture": "#rope", "uv": [ 0.0, 0.0, 1.0, 11.0 ] },
										"east": { "texture": "#rope", "uv": [ 0.0, 0.0, 1.0, 11.0 ] },
										"south": { "texture": "#rope", "uv": [ 0.0, 0.0, 1.0, 11.0 ] },
										"west": { "texture": "#rope", "uv": [ 0.0, 0.0, 1.0, 11.0 ] },
										"up": { "texture": "#rope", "uv": [ 0.0, 0.0, 1.0, 1.0 ] },
										"down": { "texture": "#rope", "uv": [ 0.0, 0.0, 1.0, 1.0 ] }
									}
								}
							]
						},
						{
							"name": "rope51",
							"from": [ -1.5, 61.8, 1.0 ], 
							"to": [ -0.5, 77.8, 2.0 ], 
							"rotationOrigin": [ -1.5, 61.8, 1.0 ],
							"rotationX": 90.0,
							"rotationY": 82.5,
							"rotationZ": 90.0,
							"faces": {
								"north": { "texture": "#rope", "uv": [ 0.0, 0.0, 1.0, 16.0 ] },
								"east": { "texture": "#rope", "uv": [ 0.0, 0.0, 1.0, 16.0 ] },
								"south": { "texture": "#rope", "uv": [ 0.0, 0.0, 1.0, 16.0 ] },
								"west": { "texture": "#rope", "uv": [ 0.0, 0.0, 1.0, 16.0 ] },
								"up": { "texture": "#rope", "uv": [ 0.0, 0.0, 1.0, 1.0 ] },
								"down": { "texture": "#rope", "uv": [ 0.0, 0.0, 1.0, 1.0 ] }
							},
							"children": [
								{
									"name": "rope52",
									"from": [ 0.0, 16.0, 0.0 ], 
									"to": [ 1.0, 32.0, 1.0 ], 
									"rotationOrigin": [ 0.0, 16.0, 0.0 ],
									"faces": {
										"north": { "texture": "#rope", "uv": [ 0.0, 0.0, 1.0, 16.0 ] },
										"east": { "texture": "#rope", "uv": [ 0.0, 0.0, 1.0, 16.0 ] },
										"south": { "texture": "#rope", "uv": [ 0.0, 0.0, 1.0, 16.0 ] },
										"west": { "texture": "#rope", "uv": [ 0.0, 0.0, 1.0, 16.0 ] },
										"up": { "texture": "#rope", "uv": [ 0.0, 0.0, 1.0, 1.0 ] },
										"down": { "texture": "#rope", "uv": [ 0.0, 0.0, 1.0, 1.0 ] }
									}
								},
								{
									"name": "rope53",
									"from": [ 0.0, 32.0, 0.0 ], 
									"to": [ 1.0, 48.0, 1.0 ], 
									"rotationOrigin": [ 0.0, 32.0, 0.0 ],
									"faces": {
										"north": { "texture": "#rope", "uv": [ 0.0, 0.0, 1.0, 16.0 ] },
										"east": { "texture": "#rope", "uv": [ 0.0, 0.0, 1.0, 16.0 ] },
										"south": { "texture": "#rope", "uv": [ 0.0, 0.0, 1.0, 16.0 ] },
										"west": { "texture": "#rope", "uv": [ 0.0, 0.0, 1.0, 16.0 ] },
										"up": { "texture": "#rope", "uv": [ 0.0, 0.0, 1.0, 1.0 ] },
										"down": { "texture": "#rope", "uv": [ 0.0, 0.0, 1.0, 1.0 ] }
									}
								},
								{
									"name": "rope54",
									"from": [ 0.0, 48.0, 0.0 ], 
									"to": [ 1.0, 61.0, 1.0 ], 
									"rotationOrigin": [ 0.0, 48.0, 0.0 ],
									"faces": {
										"north": { "texture": "#rope", "uv": [ 0.0, 0.0, 1.0, 13.0 ] },
										"east": { "texture": "#rope", "uv": [ 0.0, 0.0, 1.0, 13.0 ] },
										"south": { "texture": "#rope", "uv": [ 0.0, 0.0, 1.0, 13.0 ] },
										"west": { "texture": "#rope", "uv": [ 0.0, 0.0, 1.0, 13.0 ] },
										"up": { "texture": "#rope", "uv": [ 0.0, 0.0, 1.0, 1.0 ] },
										"down": { "texture": "#rope", "uv": [ 0.0, 0.0, 1.0, 1.0 ] }
									}
								}
							]
						},
						{
							"name": "rope55",
							"from": [ 1.5, 61.8, 2.0 ], 
							"to": [ 2.5, 77.8, 3.0 ], 
							"rotationOrigin": [ 1.5, 61.8, 2.0 ],
							"rotationX": 90.0,
							"rotationY": -82.0,
							"rotationZ": -90.0,
							"faces": {
								"north": { "texture": "#rope", "uv": [ 0.0, 0.0, 1.0, 16.0 ] },
								"east": { "texture": "#rope", "uv": [ 0.0, 0.0, 1.0, 16.0 ] },
								"south": { "texture": "#rope", "uv": [ 0.0, 0.0, 1.0, 16.0 ] },
								"west": { "texture": "#rope", "uv": [ 0.0, 0.0, 1.0, 16.0 ] },
								"up": { "texture": "#rope", "uv": [ 0.0, 0.0, 1.0, 1.0 ] },
								"down": { "texture": "#rope", "uv": [ 0.0, 0.0, 1.0, 1.0 ] }
							},
							"children": [
								{
									"name": "rope56",
									"from": [ 0.0, 16.0, 0.0 ], 
									"to": [ 1.0, 32.0, 1.0 ], 
									"rotationOrigin": [ 0.0, 16.0, 0.0 ],
									"faces": {
										"north": { "texture": "#rope", "uv": [ 0.0, 0.0, 1.0, 16.0 ] },
										"east": { "texture": "#rope", "uv": [ 0.0, 0.0, 1.0, 16.0 ] },
										"south": { "texture": "#rope", "uv": [ 0.0, 0.0, 1.0, 16.0 ] },
										"west": { "texture": "#rope", "uv": [ 0.0, 0.0, 1.0, 16.0 ] },
										"up": { "texture": "#rope", "uv": [ 0.0, 0.0, 1.0, 1.0 ] },
										"down": { "texture": "#rope", "uv": [ 0.0, 0.0, 1.0, 1.0 ] }
									}
								},
								{
									"name": "rope57",
									"from": [ 0.0, 32.0, 0.0 ], 
									"to": [ 1.0, 48.0, 1.0 ], 
									"rotationOrigin": [ 0.0, 32.0, 0.0 ],
									"faces": {
										"north": { "texture": "#rope", "uv": [ 0.0, 0.0, 1.0, 16.0 ] },
										"east": { "texture": "#rope", "uv": [ 0.0, 0.0, 1.0, 16.0 ] },
										"south": { "texture": "#rope", "uv": [ 0.0, 0.0, 1.0, 16.0 ] },
										"west": { "texture": "#rope", "uv": [ 0.0, 0.0, 1.0, 16.0 ] },
										"up": { "texture": "#rope", "uv": [ 0.0, 0.0, 1.0, 1.0 ] },
										"down": { "texture": "#rope", "uv": [ 0.0, 0.0, 1.0, 1.0 ] }
									}
								},
								{
									"name": "rope58",
									"from": [ 0.0, 48.0, 0.0 ], 
									"to": [ 1.0, 61.0, 1.0 ], 
									"rotationOrigin": [ 0.0, 48.0, 0.0 ],
									"faces": {
										"north": { "texture": "#rope", "uv": [ 0.0, 0.0, 1.0, 13.0 ] },
										"east": { "texture": "#rope", "uv": [ 0.0, 0.0, 1.0, 13.0 ] },
										"south": { "texture": "#rope", "uv": [ 0.0, 0.0, 1.0, 13.0 ] },
										"west": { "texture": "#rope", "uv": [ 0.0, 0.0, 1.0, 13.0 ] },
										"up": { "texture": "#rope", "uv": [ 0.0, 0.0, 1.0, 1.0 ] },
										"down": { "texture": "#rope", "uv": [ 0.0, 0.0, 1.0, 1.0 ] }
									}
								}
							]
						},
						{
							"name": "flagpole",
							"from": [ -0.25, 64.0, 1.25 ], 
							"to": [ 0.25, 68.0, 1.75 ], 
							"rotationOrigin": [ -0.2, 64.0, 1.8 ],
							"faces": {
								"north": { "texture": "#ebony", "uv": [ 0.0, 0.0, 0.5, 4.0 ] },
								"east": { "texture": "#ebony", "uv": [ 0.0, 0.0, 0.5, 4.0 ] },
								"south": { "texture": "#ebony", "uv": [ 0.0, 0.0, 0.5, 4.0 ] },
								"west": { "texture": "#ebony", "uv": [ 0.0, 0.0, 0.5, 4.0 ] },
								"up": { "texture": "#ebony", "uv": [ 0.0, 0.0, 0.5, 0.5 ] },
								"down": { "texture": "#ebony", "uv": [ 0.0, 0.0, 0.5, 0.5 ] }
							},
							"children": [
								{
									"name": "flag",
									"from": [ 0.25, 1.5, -3.0 ], 
									"to": [ 0.25, 3.5, 0.0 ], 
									"rotationOrigin": [ 0.25, 1.5, 0.25 ],
									"faces": {
										"north": { "texture": "#mahogany", "uv": [ 0.0, 0.0, 0.5, 2.0 ], "enabled": false },
										"east": { "texture": "#mahogany", "uv": [ 0.0, 0.0, 3.0, 2.0 ] },
										"south": { "texture": "#ebony", "uv": [ 0.0, 0.0, 0.5, 2.0 ], "enabled": false },
										"west": { "texture": "#mahogany", "uv": [ 0.0, 0.0, 3.0, 2.0 ] },
										"up": { "texture": "#ebony", "uv": [ 0.0, 0.0, 0.5, 3.0 ], "enabled": false },
										"down": { "texture": "#ebony", "uv": [ 0.0, 0.0, 0.5, -1.0 ], "enabled": false, "autoUv": false }
									}
								}
							]
						}
					]
				},
				{
					"name": "Hull",
					"from": [ 6.0, 0.0, 0.0 ], 
					"to": [ 6.0, 0.0, 0.0 ], 
					"rotationOrigin": [ 6.0, 0.0, 0.0 ],
					"rotationY": -90.0,
					"faces": {
						"north": { "texture": "#oak", "uv": [ 0.0, 0.0, 0.5, 0.5 ] },
						"east": { "texture": "#oak", "uv": [ 0.0, 0.0, 0.5, 0.5 ] },
						"south": { "texture": "#oak", "uv": [ 0.0, 0.0, 0.5, 0.5 ] },
						"west": { "texture": "#oak", "uv": [ 0.0, 0.0, 0.5, 0.5 ] },
						"up": { "texture": "#oak", "uv": [ 0.0, 0.0, 0.5, 0.5 ] },
						"down": { "texture": "#oak", "uv": [ 0.0, 0.0, 0.5, 0.5 ] }
					},
					"children": [
						{
							"name": "side_right",
							"from": [ -33.0, 2.0, 8.0 ], 
							"to": [ -17.0, 7.0, 11.0 ], 
							"rotationOrigin": [ -33.0, 2.0, 8.0 ],
							"faces": {
								"north": { "texture": "#oak", "uv": [ 0.0, 0.0, 16.0, 5.0 ] },
								"east": { "texture": "#oak", "uv": [ 0.0, 0.0, 3.0, 5.0 ] },
								"south": { "texture": "#oak", "uv": [ 0.0, 0.0, 16.0, 5.0 ] },
								"west": { "texture": "#oak", "uv": [ 0.0, 0.0, 3.0, 5.0 ] },
								"up": { "texture": "#oak", "uv": [ 0.0, 0.0, 16.0, 3.0 ] },
								"down": { "texture": "#oak", "uv": [ 0.0, 0.0, 16.0, 3.0 ] }
							},
							"children": [
								{
									"name": "Cube10",
									"from": [ 0.0, 0.0, 3.0 ], 
									"to": [ 12.0, 6.0, 6.0 ], 
									"rotationOrigin": [ 0.0, 0.0, 3.0 ],
									"rotationX": -180.0,
									"rotationY": 67.5,
									"rotationZ": -180.0,
									"faces": {
										"north": { "texture": "#oak", "uv": [ 0.0, 0.0, 12.0, 6.0 ] },
										"east": { "texture": "#oak", "uv": [ 0.0, 0.0, 3.0, 6.0 ] },
										"south": { "texture": "#oak", "uv": [ 0.0, 0.0, 12.0, 6.0 ] },
										"west": { "texture": "#oak", "uv": [ 0.0, 0.0, 3.0, 6.0 ] },
										"up": { "texture": "#oak", "uv": [ 0.0, 0.0, 12.0, 3.0 ] },
										"down": { "texture": "#oak", "uv": [ 0.0, 0.0, 12.0, 3.0 ] }
									}
								},
								{
									"name": "Cube17",
									"from": [ 16.0, 0.0, 0.0 ], 
									"to": [ 32.0, 5.0, 3.0 ], 
									"rotationOrigin": [ 16.0, 0.0, 0.0 ],
									"faces": {
										"north": { "texture": "#oak", "uv": [ 0.0, 0.0, 16.0, 5.0 ] },
										"east": { "texture": "#oak", "uv": [ 0.0, 0.0, 3.0, 5.0 ] },
										"south": { "texture": "#oak", "uv": [ 0.0, 0.0, 16.0, 5.0 ] },
										"west": { "texture": "#oak", "uv": [ 0.0, 0.0, 3.0, 5.0 ] },
										"up": { "texture": "#oak", "uv": [ 0.0, 0.0, 16.0, 3.0 ] },
										"down": { "texture": "#oak", "uv": [ 0.0, 0.0, 16.0, 3.0 ] }
									}
								},
								{
									"name": "Cube18",
									"from": [ 32.0, 0.0, 0.0 ], 
									"to": [ 45.0, 5.0, 3.0 ], 
									"rotationOrigin": [ 32.0, 0.0, 0.0 ],
									"faces": {
										"north": { "texture": "#oak", "uv": [ 0.0, 0.0, 13.0, 5.0 ] },
										"east": { "texture": "#oak", "uv": [ 0.0, 0.0, 3.0, 5.0 ] },
										"south": { "texture": "#oak", "uv": [ 0.0, 0.0, 13.0, 5.0 ] },
										"west": { "texture": "#oak", "uv": [ 0.0, 0.0, 3.0, 5.0 ] },
										"up": { "texture": "#oak", "uv": [ 0.0, 0.0, 13.0, 3.0 ] },
										"down": { "texture": "#oak", "uv": [ 0.0, 0.0, 13.0, 3.0 ] }
									}
								},
								{
									"name": "Cube19",
									"from": [ 45.0, 0.01, 0.0 ], 
									"to": [ 61.0, 5.01, 3.0 ], 
									"rotationOrigin": [ 45.0, 0.0, 3.0 ],
									"rotationY": 22.5,
									"faces": {
										"north": { "texture": "#oak", "uv": [ 0.0, 0.0, 16.0, 5.0 ] },
										"east": { "texture": "#oak", "uv": [ 0.0, 0.0, 3.0, 5.0 ] },
										"south": { "texture": "#oak", "uv": [ 0.0, 0.0, 16.0, 5.0 ] },
										"west": { "texture": "#oak", "uv": [ 0.0, 0.0, 3.0, 5.0 ] },
										"up": { "texture": "#oak", "uv": [ 0.0, 0.0, 16.0, 3.0 ] },
										"down": { "texture": "#oak", "uv": [ 0.0, 0.0, 16.0, 3.0 ] }
									}
								}
							]
						},
						{
							"name": "side_left",
							"from": [ -33.0, 2.0, -11.0 ], 
							"to": [ -17.0, 7.0, -8.0 ], 
							"rotationOrigin": [ -33.0, 2.0, -11.0 ],
							"faces": {
								"north": { "texture": "#oak", "uv": [ 0.0, 0.0, 16.0, 5.0 ] },
								"east": { "texture": "#oak", "uv": [ 0.0, 0.0, 3.0, 5.0 ] },
								"south": { "texture": "#oak", "uv": [ 0.0, 0.0, 16.0, 5.0 ] },
								"west": { "texture": "#oak", "uv": [ 0.0, 0.0, 3.0, 5.0 ] },
								"up": { "texture": "#oak", "uv": [ 0.0, 0.0, 16.0, 3.0 ] },
								"down": { "texture": "#oak", "uv": [ 0.0, 0.0, 16.0, 3.0 ] }
							},
							"children": [
								{
									"name": "Cube11",
									"from": [ 0.0, 0.01, -3.0 ], 
									"to": [ 12.0, 6.01, 0.0 ], 
									"rotationOrigin": [ 0.0, 0.0, 0.0 ],
									"rotationX": -180.0,
									"rotationY": -67.5,
									"rotationZ": -180.0,
									"faces": {
										"north": { "texture": "#oak", "uv": [ 0.0, 0.0, 12.0, 6.0 ] },
										"east": { "texture": "#oak", "uv": [ 0.0, 0.0, 3.0, 6.0 ] },
										"south": { "texture": "#oak", "uv": [ 0.0, 0.0, 12.0, 6.0 ] },
										"west": { "texture": "#oak", "uv": [ 0.0, 0.0, 3.0, 6.0 ] },
										"up": { "texture": "#oak", "uv": [ 0.0, 0.0, 12.0, 3.0 ] },
										"down": { "texture": "#oak", "uv": [ 0.0, 0.0, 12.0, 3.0 ] }
									}
								},
								{
									"name": "Cube13",
									"from": [ 16.0, 0.0, 0.0 ], 
									"to": [ 32.0, 5.0, 3.0 ], 
									"rotationOrigin": [ 16.0, 0.0, 0.0 ],
									"faces": {
										"north": { "texture": "#oak", "uv": [ 0.0, 0.0, 16.0, 5.0 ] },
										"east": { "texture": "#oak", "uv": [ 0.0, 0.0, 3.0, 5.0 ] },
										"south": { "texture": "#oak", "uv": [ 0.0, 0.0, 16.0, 5.0 ] },
										"west": { "texture": "#oak", "uv": [ 0.0, 0.0, 3.0, 5.0 ] },
										"up": { "texture": "#oak", "uv": [ 0.0, 0.0, 16.0, 3.0 ] },
										"down": { "texture": "#oak", "uv": [ 0.0, 0.0, 16.0, 3.0 ] }
									}
								},
								{
									"name": "Cube14",
									"from": [ 45.0, 0.01, 0.0 ], 
									"to": [ 61.0, 5.01, 3.0 ], 
									"rotationOrigin": [ 45.0, 0.0, 0.0 ],
									"rotationY": -22.5,
									"faces": {
										"north": { "texture": "#oak", "uv": [ 0.0, 0.0, 16.0, 5.0 ] },
										"east": { "texture": "#oak", "uv": [ 0.0, 0.0, 3.0, 5.0 ] },
										"south": { "texture": "#oak", "uv": [ 0.0, 0.0, 16.0, 5.0 ] },
										"west": { "texture": "#oak", "uv": [ 0.0, 0.0, 3.0, 5.0 ] },
										"up": { "texture": "#oak", "uv": [ 0.0, 0.0, 16.0, 3.0 ] },
										"down": { "texture": "#oak", "uv": [ 0.0, 0.0, 16.0, 3.0 ] }
									}
								},
								{
									"name": "Cube15",
									"from": [ 32.0, 0.0, 0.0 ], 
									"to": [ 45.0, 5.0, 3.0 ], 
									"rotationOrigin": [ 32.0, 0.0, 0.0 ],
									"faces": {
										"north": { "texture": "#oak", "uv": [ 0.0, 0.0, 13.0, 5.0 ] },
										"east": { "texture": "#oak", "uv": [ 0.0, 0.0, 3.0, 5.0 ] },
										"south": { "texture": "#oak", "uv": [ 0.0, 0.0, 13.0, 5.0 ] },
										"west": { "texture": "#oak", "uv": [ 0.0, 0.0, 3.0, 5.0 ] },
										"up": { "texture": "#oak", "uv": [ 0.0, 0.0, 13.0, 3.0 ] },
										"down": { "texture": "#oak", "uv": [ 0.0, 0.0, 13.0, 3.0 ] }
									}
								}
							]
						},
						{
							"name": "hull_deck",
							"from": [ -34.0, 0.0, -8.0 ], 
							"to": [ -18.0, 5.0, 8.0 ], 
							"rotationOrigin": [ -34.0, 0.0, -8.0 ],
							"faces": {
								"north": { "texture": "#oak4", "uv": [ 0.0, 0.0, 16.0, 5.0 ] },
								"east": { "texture": "#oak4", "uv": [ 0.0, 0.0, 16.0, 5.0 ] },
								"south": { "texture": "#oak4", "uv": [ 0.0, 0.0, 16.0, 5.0 ] },
								"west": { "texture": "#oak4", "uv": [ 0.0, 0.0, 16.0, 5.0 ] },
								"up": { "texture": "#oak4", "uv": [ 0.0, 0.0, 16.0, 16.0 ] },
								"down": { "texture": "#oak4", "uv": [ 0.0, 0.0, 16.0, 16.0 ] }
							},
							"children": [
								{
									"name": "Cube6",
									"from": [ 16.0, 0.0, 0.0 ], 
									"to": [ 32.0, 5.0, 16.0 ], 
									"rotationOrigin": [ 16.0, 0.0, 0.0 ],
									"faces": {
										"north": { "texture": "#oak3", "uv": [ 0.0, 0.0, 16.0, 5.0 ] },
										"east": { "texture": "#oak3", "uv": [ 0.0, 0.0, 16.0, 5.0 ] },
										"south": { "texture": "#oak3", "uv": [ 0.0, 0.0, 16.0, 5.0 ] },
										"west": { "texture": "#oak3", "uv": [ 0.0, 0.0, 16.0, 5.0 ] },
										"up": { "texture": "#oak3", "uv": [ 0.0, 0.0, 16.0, 16.0 ] },
										"down": { "texture": "#oak3", "uv": [ 0.0, 0.0, 16.0, 16.0 ] }
									}
								},
								{
									"name": "Cube8",
									"from": [ 48.0, 0.0, 2.0 ], 
									"to": [ 53.0, 5.0, 14.0 ], 
									"rotationOrigin": [ 48.0, 0.0, 2.0 ],
									"faces": {
										"north": { "texture": "#oak1", "uv": [ 0.0, 0.0, 5.0, 5.0 ] },
										"east": { "texture": "#oak1", "uv": [ 0.0, 0.0, 12.0, 5.0 ] },
										"south": { "texture": "#oak1", "uv": [ 0.0, 0.0, 5.0, 5.0 ] },
										"west": { "texture": "#oak1", "uv": [ 0.0, 0.0, 12.0, 5.0 ] },
										"up": { "texture": "#oak1", "uv": [ 0.0, 2.0, 5.0, 14.0 ] },
										"down": { "texture": "#oak1", "uv": [ 0.0, 2.0, 5.0, 14.0 ] }
									}
								},
								{
									"name": "Cube5",
									"from": [ 32.0, 0.0, 0.0 ], 
									"to": [ 48.0, 5.0, 16.0 ], 
									"rotationOrigin": [ 32.0, 0.0, 0.0 ],
									"faces": {
										"north": { "texture": "#oak2", "uv": [ 0.0, 0.0, 16.0, 5.0 ] },
										"east": { "texture": "#oak2", "uv": [ 0.0, 0.0, 16.0, 5.0 ] },
										"south": { "texture": "#oak2", "uv": [ 0.0, 0.0, 16.0, 5.0 ] },
										"west": { "texture": "#oak2", "uv": [ 0.0, 0.0, 16.0, 5.0 ] },
										"up": { "texture": "#oak2", "uv": [ 0.0, 0.0, 16.0, 16.0 ] },
										"down": { "texture": "#oak2", "uv": [ 0.0, 0.0, 16.0, 16.0 ] }
									}
								},
								{
									"name": "Cube20",
									"from": [ 53.0, 0.0, 4.0 ], 
									"to": [ 59.0, 5.0, 12.0 ], 
									"rotationOrigin": [ 53.0, 0.0, 4.0 ],
									"faces": {
										"north": { "texture": "#oak1", "uv": [ 0.0, 0.0, 6.0, 5.0 ] },
										"east": { "texture": "#oak1", "uv": [ 0.0, 0.0, 8.0, 5.0 ] },
										"south": { "texture": "#oak1", "uv": [ 0.0, 0.0, 6.0, 5.0 ] },
										"west": { "texture": "#oak1", "uv": [ 0.0, 0.0, 8.0, 5.0 ] },
										"up": { "texture": "#oak1", "uv": [ 0.5, 4.0, 6.5, 12.0 ] },
										"down": { "texture": "#oak1", "uv": [ 0.0, 4.0, 6.0, 12.0 ] }
									}
								},
								{
									"name": "Cube16",
									"from": [ -1.0, 0.0, 5.0 ], 
									"to": [ 0.0, 5.0, 11.0 ], 
									"rotationOrigin": [ -1.0, 0.0, 5.0 ],
									"faces": {
										"north": { "texture": "#oak", "uv": [ 0.0, 0.0, 1.0, 5.0 ] },
										"east": { "texture": "#oak", "uv": [ 0.0, 0.0, 6.0, 5.0 ] },
										"south": { "texture": "#oak", "uv": [ 0.0, 0.0, 1.0, 5.0 ] },
										"west": { "texture": "#oak", "uv": [ 0.0, 0.0, 6.0, 5.0 ] },
										"up": { "texture": "#oak", "uv": [ 0.0, 0.0, 1.0, 6.0 ] },
										"down": { "texture": "#oak", "uv": [ 0.0, 0.0, 1.0, 6.0 ] }
									}
								},
								{
									"name": "Cube23",
									"from": [ 48.0, -0.01, 0.0 ], 
									"to": [ 59.0, 4.99, 4.0 ], 
									"rotationOrigin": [ 48.0, 0.0, 0.0 ],
									"rotationY": -22.5,
									"faces": {
										"north": { "texture": "#oak1", "uv": [ 0.0, 0.0, 11.0, 5.0 ] },
										"east": { "texture": "#oak1", "uv": [ 0.0, 0.0, 4.0, 5.0 ] },
										"south": { "texture": "#oak1", "uv": [ 0.0, 0.0, 11.0, 5.0 ] },
										"west": { "texture": "#oak1", "uv": [ 0.0, 0.0, 4.0, 5.0 ] },
										"up": { "texture": "#oak1", "uv": [ 0.0, 1.0, 11.0, 5.0 ] },
										"down": { "texture": "#oak1", "uv": [ 0.0, 1.0, 11.0, 5.0 ] }
									}
								},
								{
									"name": "Cube24",
									"from": [ 48.0, -0.01, 12.0 ], 
									"to": [ 59.0, 4.99, 16.0 ], 
									"rotationOrigin": [ 48.0, 0.0, 16.0 ],
									"rotationY": 22.5,
									"faces": {
										"north": { "texture": "#oak1", "uv": [ 0.0, 0.0, 11.0, 5.0 ] },
										"east": { "texture": "#oak1", "uv": [ 0.0, 0.0, 4.0, 5.0 ] },
										"south": { "texture": "#oak1", "uv": [ 0.0, 0.0, 11.0, 5.0 ] },
										"west": { "texture": "#oak1", "uv": [ 0.0, 0.0, 4.0, 5.0 ] },
										"up": { "texture": "#oak1", "uv": [ 0.0, 1.0, 11.0, 5.0 ] },
										"down": { "texture": "#oak1", "uv": [ 0.0, 1.0, 11.0, 5.0 ] }
									}
								}
							]
						},
						{
							"name": "Bow",
							"from": [ 24.0, 2.0, 5.0 ], 
							"to": [ 34.0, 7.0, 8.0 ], 
							"rotationOrigin": [ 24.0, 2.0, 5.0 ],
							"rotationY": 90.0,
							"faces": {
								"north": { "texture": "#oak", "uv": [ 0.0, 0.0, 10.0, 5.0 ] },
								"east": { "texture": "#oak", "uv": [ 0.0, 0.0, 3.0, 5.0 ] },
								"south": { "texture": "#oak", "uv": [ 0.0, 0.0, 10.0, 5.0 ] },
								"west": { "texture": "#oak", "uv": [ 0.0, 0.0, 3.0, 5.0 ] },
								"up": { "texture": "#oak", "uv": [ 0.0, 0.0, 10.0, 3.0 ] },
								"down": { "texture": "#oak", "uv": [ 0.0, 0.0, 10.0, 3.0 ] }
							}
						},
						{
							"name": "Bow22",
							"from": [ 25.0, 3.2, -2.0 ], 
							"to": [ 37.0, 7.2, 2.0 ], 
							"rotationOrigin": [ 25.0, 3.2, -2.0 ],
							"rotationZ": 22.5,
							"faces": {
								"north": { "texture": "#oak", "uv": [ 0.0, 0.0, 12.0, 4.0 ] },
								"east": { "texture": "#oak", "uv": [ 0.0, 0.0, 4.0, 4.0 ] },
								"south": { "texture": "#oak", "uv": [ 0.0, 0.0, 12.0, 4.0 ] },
								"west": { "texture": "#oak", "uv": [ 0.0, 0.0, 4.0, 4.0 ] },
								"up": { "texture": "#oak", "uv": [ 0.0, 0.0, 12.0, 4.0 ] },
								"down": { "texture": "#oak", "uv": [ 0.0, 0.0, 12.0, 4.0 ] }
							},
							"children": [
								{
									"name": "ropeStern49",
									"from": [ 10.5, -0.5, -0.1 ], 
									"to": [ 11.5, 4.5, 4.9 ], 
									"rotationOrigin": [ 11.4239, -0.3827, -0.1 ],
									"rotationY": -22.5,
									"faces": {
										"north": { "texture": "#rope", "uv": [ 0.0, 0.0, 1.0, 5.0 ] },
										"east": { "texture": "#rope", "uv": [ 0.0, 0.0, 5.0, 5.0 ] },
										"south": { "texture": "#rope", "uv": [ 0.0, 0.0, 1.0, 5.0 ] },
										"west": { "texture": "#rope", "uv": [ 0.0, 0.0, 5.0, 5.0 ] },
										"up": { "texture": "#rope", "uv": [ 0.0, 0.0, 1.0, 5.0 ] },
										"down": { "texture": "#rope", "uv": [ 0.0, 0.0, 1.0, 5.0 ] }
									}
								},
								{
									"name": "ropeStern50",
									"from": [ 8.6, -0.6, -0.5 ], 
									"to": [ 9.6, 4.4, 4.5 ], 
									"rotationOrigin": [ 9.5239, -0.4827, -0.5 ],
									"rotationY": 22.5,
									"faces": {
										"north": { "texture": "#rope", "uv": [ 0.0, 0.0, 1.0, 5.0 ] },
										"east": { "texture": "#rope", "uv": [ 0.0, 0.0, 5.0, 5.0 ] },
										"south": { "texture": "#rope", "uv": [ 0.0, 0.0, 1.0, 5.0 ] },
										"west": { "texture": "#rope", "uv": [ 0.0, 0.0, 5.0, 5.0 ] },
										"up": { "texture": "#rope", "uv": [ 0.0, 0.0, 1.0, 5.0 ] },
										"down": { "texture": "#rope", "uv": [ 0.0, 0.0, 1.0, 5.0 ] }
									}
								}
							]
						},
						{
							"name": "hull_bottom_right",
							"from": [ -33.99, 0.0, -0.5 ], 
							"to": [ -17.99, 5.0, 8.0 ], 
							"rotationOrigin": [ -34.0, 0.0, 8.0 ],
							"rotationX": -22.5,
							"faces": {
								"north": { "texture": "#oak4", "uv": [ 0.0, 0.0, 16.0, 5.0 ] },
								"east": { "texture": "#oak4", "uv": [ 0.0, 0.0, 8.5, 5.0 ] },
								"south": { "texture": "#oak4", "uv": [ 0.0, 0.0, 16.0, 5.0 ] },
								"west": { "texture": "#oak4", "uv": [ 0.0, 0.0, 8.5, 5.0 ] },
								"up": { "texture": "#oak4", "uv": [ 0.0, 0.0, 16.0, 8.5 ] },
								"down": { "texture": "#oak4", "uv": [ 0.0, 4.0, 16.0, 12.5 ] }
							},
							"children": [
								{
									"name": "Cube29",
									"from": [ 16.0, 0.0, 0.0 ], 
									"to": [ 32.0, 5.0, 8.5 ], 
									"rotationOrigin": [ 15.99, 0.0, 8.5 ],
									"faces": {
										"north": { "texture": "#oak4", "uv": [ 0.0, 0.0, 16.0, 5.0 ] },
										"east": { "texture": "#oak4", "uv": [ 0.0, 0.0, 8.5, 5.0 ] },
										"south": { "texture": "#oak4", "uv": [ 0.0, 0.0, 16.0, 5.0 ] },
										"west": { "texture": "#oak4", "uv": [ 0.0, 0.0, 8.5, 5.0 ] },
										"up": { "texture": "#oak4", "uv": [ 0.0, 0.0, 16.0, 8.5 ] },
										"down": { "texture": "#oak4", "uv": [ 0.0, 4.0, 16.0, 12.5 ] }
									}
								},
								{
									"name": "Cube30",
									"from": [ 32.0, 0.0, 0.0 ], 
									"to": [ 48.0, 5.0, 8.5 ], 
									"rotationOrigin": [ 31.99, 0.0, 8.5 ],
									"faces": {
										"north": { "texture": "#oak4", "uv": [ 0.0, 0.0, 16.0, 5.0 ] },
										"east": { "texture": "#oak4", "uv": [ 0.0, 0.0, 8.5, 5.0 ] },
										"south": { "texture": "#oak4", "uv": [ 0.0, 0.0, 16.0, 5.0 ] },
										"west": { "texture": "#oak4", "uv": [ 0.0, 0.0, 8.5, 5.0 ] },
										"up": { "texture": "#oak4", "uv": [ 0.0, 0.0, 16.0, 8.5 ] },
										"down": { "texture": "#oak4", "uv": [ 0.0, 4.0, 16.0, 12.5 ] }
									}
								}
							]
						},
						{
							"name": "hull_bottom_left",
							"from": [ -33.98, 0.0, -8.0 ], 
							"to": [ -17.98, 5.0, 0.5 ], 
							"rotationOrigin": [ -34.0, 0.0, -8.0 ],
							"rotationX": 22.5,
							"faces": {
								"north": { "texture": "#oak4", "uv": [ 0.0, 0.0, 16.0, 5.0 ] },
								"east": { "texture": "#oak4", "uv": [ 0.0, 0.0, 8.5, 5.0 ] },
								"south": { "texture": "#oak4", "uv": [ 0.0, 0.0, 16.0, 5.0 ] },
								"west": { "texture": "#oak4", "uv": [ 0.0, 0.0, 8.5, 5.0 ] },
								"up": { "texture": "#oak4", "uv": [ 0.0, 0.0, 16.0, 8.5 ] },
								"down": { "texture": "#oak4", "uv": [ 0.0, 0.0, 16.0, 8.5 ] }
							},
							"children": [
								{
									"name": "Cube28",
									"from": [ 16.0, 0.0, 0.0 ], 
									"to": [ 32.0, 5.0, 8.5 ], 
									"rotationOrigin": [ 15.98, 0.0, 0.0 ],
									"faces": {
										"north": { "texture": "#oak4", "uv": [ 0.0, 0.0, 16.0, 5.0 ] },
										"east": { "texture": "#oak4", "uv": [ 0.0, 0.0, 8.5, 5.0 ] },
										"south": { "texture": "#oak4", "uv": [ 0.0, 0.0, 16.0, 5.0 ] },
										"west": { "texture": "#oak4", "uv": [ 0.0, 0.0, 8.5, 5.0 ] },
										"up": { "texture": "#oak4", "uv": [ 0.0, 0.0, 16.0, 8.5 ] },
										"down": { "texture": "#oak4", "uv": [ 0.0, 0.0, 16.0, 8.5 ] }
									}
								},
								{
									"name": "Cube31",
									"from": [ 32.0, 0.0, 0.0 ], 
									"to": [ 48.0, 5.0, 8.5 ], 
									"rotationOrigin": [ 31.98, 0.0, 0.0 ],
									"faces": {
										"north": { "texture": "#oak4", "uv": [ 0.0, 0.0, 16.0, 5.0 ] },
										"east": { "texture": "#oak4", "uv": [ 0.0, 0.0, 8.5, 5.0 ] },
										"south": { "texture": "#oak4", "uv": [ 0.0, 0.0, 16.0, 5.0 ] },
										"west": { "texture": "#oak4", "uv": [ 0.0, 0.0, 8.5, 5.0 ] },
										"up": { "texture": "#oak4", "uv": [ 0.0, 0.0, 16.0, 8.5 ] },
										"down": { "texture": "#oak4", "uv": [ 0.0, 0.0, 16.0, 8.5 ] }
									}
								}
							]
						},
						{
							"name": "Cube32",
							"from": [ 14.02, -2.0, -4.0 ], 
							"to": [ 24.02, 3.0, 4.0 ], 
							"rotationOrigin": [ 14.0, -2.0, -4.0 ],
							"rotationZ": 11.25,
							"faces": {
								"north": { "texture": "#oak4", "uv": [ 0.0, 0.0, 10.0, 5.0 ] },
								"east": { "texture": "#oak4", "uv": [ 0.0, 0.0, 8.0, 5.0 ] },
								"south": { "texture": "#oak4", "uv": [ 0.0, 0.0, 10.0, 5.0 ] },
								"west": { "texture": "#oak4", "uv": [ 0.0, 0.0, 8.0, 5.0 ] },
								"up": { "texture": "#oak4", "uv": [ 0.0, 0.0, 10.0, 8.0 ] },
								"down": { "texture": "#oak4", "uv": [ 0.0, 0.0, 10.0, 8.0 ] }
							}
						}
					]
				}
			],
			"attachmentpoints": [
				{
					"code": "basket",
					"posX": "-4.0","posY": "7.0","posZ": "0.0",
					"rotationX": "0.0","rotationY": "0.0","rotationZ": "0.0"
				}
			]
		},
		{
			"name": "origin",
			"from": [ 0.0, -5.0, 4.0 ], 
			"to": [ 0.0, -5.0, 4.0 ], 
			"rotationOrigin": [ 8.0, -5.0, 12.0 ],
			"rotationY": 90.0,
			"faces": {
				"north": { "texture": "#sides2", "uv": [ 0.0, 0.0, 0.5, 0.5 ], "enabled": false },
				"east": { "texture": "#sides2", "uv": [ 0.0, 0.0, 0.5, 0.5 ], "enabled": false },
				"south": { "texture": "#sides2", "uv": [ 0.0, 0.0, 0.5, 0.5 ], "enabled": false },
				"west": { "texture": "#sides2", "uv": [ 0.0, 0.0, 0.5, 0.5 ], "enabled": false },
				"up": { "texture": "#sides2", "uv": [ 0.0, 0.0, 0.5, 0.5 ], "enabled": false },
				"down": { "texture": "#sides2", "uv": [ 0.0, 0.0, 0.5, 0.5 ], "enabled": false }
			},
			"children": [
				{
					"name": "floor",
					"from": [ 2.0, 1.0, 2.0 ], 
					"to": [ 2.0, 1.0, 2.0 ], 
					"rotationOrigin": [ 1.0, 1.0, 1.0 ],
					"faces": {
						"north": { "texture": "#lid", "uv": [ 0.0, 0.0, 0.5, 0.5 ], "rotation": 180, "enabled": false },
						"east": { "texture": "#lid", "uv": [ 1.0, 0.0, 1.5, 0.5 ], "rotation": 180, "enabled": false },
						"south": { "texture": "#lid", "uv": [ 1.0, 14.0, 1.5, 14.5 ], "rotation": 180, "enabled": false },
						"west": { "texture": "#lid", "uv": [ 1.0, 0.0, 1.5, 0.5 ], "rotation": 180, "enabled": false },
						"up": { "texture": "#lid", "uv": [ 1.0, 3.5, 1.5, 4.0 ] },
						"down": { "texture": "#lid", "uv": [ 1.0, 2.0, 1.5, 2.5 ] }
					},
					"children": [
						{
							"name": "S",
							"from": [ -1.0, 4.0, 11.0 ], 
							"to": [ 29.0, 10.0, 12.0 ], 
							"rotationOrigin": [ -2.0, 3.0, -1.0 ],
							"faces": {
								"north": { "texture": "#lid", "uv": [ 0.5, 4.0, 30.5, 10.0 ] },
								"east": { "texture": "#sides2", "uv": [ 0.0, 2.0, 1.0, 8.0 ] },
								"south": { "texture": "#sides2", "uv": [ 0.0, 2.0, 30.0, 8.0 ] },
								"west": { "texture": "#sides2", "uv": [ 13.0, 2.0, 14.0, 8.0 ] },
								"up": { "texture": "#lid", "uv": [ 2.0, 9.0, 32.0, 10.0 ] },
								"down": { "texture": "#sides2", "uv": [ 2.0, 3.0, 32.0, 4.0 ] }
							}
						},
						{
							"name": "W",
							"from": [ -1.0, 4.0, 0.0 ], 
							"to": [ 0.0, 10.0, 11.0 ], 
							"rotationOrigin": [ -2.0, 3.0, -2.0 ],
							"faces": {
								"north": { "texture": "#sides2", "uv": [ 13.0, 2.0, 14.0, 8.0 ], "enabled": false },
								"east": { "texture": "#lid", "uv": [ 1.5, 2.0, 12.5, 8.0 ] },
								"south": { "texture": "#sides2", "uv": [ 0.0, 2.0, 1.0, 8.0 ], "enabled": false },
								"west": { "texture": "#sides2", "uv": [ 1.5, 2.0, 12.5, 8.0 ] },
								"up": { "texture": "#lid", "uv": [ 4.5, 9.0, 15.5, 10.0 ], "rotation": 90 },
								"down": { "texture": "#sides2", "uv": [ 1.0, 2.0, 2.0, 13.0 ] }
							},
							"children": [
								{
									"name": "L holder",
									"from": [ -0.5, 6.0, 3.0 ], 
									"to": [ 0.0, 7.5, 4.5 ], 
									"rotationOrigin": [ 4.0, 8.0, -10.0 ],
									"faces": {
										"north": { "texture": "#accessories", "uv": [ 0.0, 1.0, 0.5, 2.5 ] },
										"east": { "texture": "#accessories", "uv": [ 0.5, 1.0, 2.0, 2.5 ], "enabled": false },
										"south": { "texture": "#accessories", "uv": [ 4.0, 1.0, 4.5, 2.5 ] },
										"west": { "texture": "#accessories", "uv": [ 1.0, 0.5, 2.5, 2.0 ] },
										"up": { "texture": "#accessories", "uv": [ 4.0, 1.0, 4.5, 2.5 ] },
										"down": { "texture": "#accessories", "uv": [ 0.0, 1.5, 0.5, 3.0 ] }
									}
								},
								{
									"name": "R holder",
									"from": [ -0.5, 6.0, 6.5 ], 
									"to": [ 0.0, 7.5, 8.0 ], 
									"rotationOrigin": [ 4.0, 8.0, -6.5 ],
									"faces": {
										"north": { "texture": "#accessories", "uv": [ 0.0, 1.0, 0.5, 2.5 ] },
										"east": { "texture": "#accessories", "uv": [ 1.5, 1.5, 3.0, 3.0 ], "enabled": false },
										"south": { "texture": "#accessories", "uv": [ 4.0, 0.5, 4.5, 2.0 ] },
										"west": { "texture": "#accessories", "uv": [ 0.5, 1.0, 2.0, 2.5 ] },
										"up": { "texture": "#accessories", "uv": [ 0.0, 1.0, 0.5, 2.5 ] },
										"down": { "texture": "#accessories", "uv": [ 0.0, 0.0, 0.5, 1.5 ] }
									}
								},
								{
									"name": "handle 1",
									"from": [ -1.0, 6.5, 3.5 ], 
									"to": [ -0.5, 7.0, 7.5 ], 
									"rotationOrigin": [ 3.5, 8.5, -9.5 ],
									"faces": {
										"north": { "texture": "#accessories", "uv": [ 2.5, 3.0, 3.0, 3.5 ] },
										"east": { "texture": "#accessories", "uv": [ 0.0, 3.0, 4.0, 3.5 ] },
										"south": { "texture": "#accessories", "uv": [ 4.0, 2.5, 4.5, 3.0 ] },
										"west": { "texture": "#accessories", "uv": [ 0.0, 3.0, 4.0, 3.5 ] },
										"up": { "texture": "#accessories", "uv": [ 0.0, 1.0, 4.0, 1.5 ], "rotation": 90 },
										"down": { "texture": "#accessories", "uv": [ 0.0, 2.5, 4.0, 3.0 ], "rotation": 90 }
									}
								}
							]
						},
						{
							"name": "E",
							"from": [ 28.0, 4.0, 0.0 ], 
							"to": [ 29.0, 10.0, 11.0 ], 
							"rotationOrigin": [ 16.0, 3.0, -2.0 ],
							"faces": {
								"north": { "texture": "#sides2", "uv": [ 14.0, 2.0, 15.0, 8.0 ], "enabled": false },
								"east": { "texture": "#sides2", "uv": [ 1.5, 2.0, 12.5, 8.0 ] },
								"south": { "texture": "#sides2", "uv": [ 0.0, 2.0, 1.0, 8.0 ], "enabled": false },
								"west": { "texture": "#lid", "uv": [ 1.5, 2.0, 12.5, 8.0 ] },
								"up": { "texture": "#lid", "uv": [ 1.0, 1.5, 12.0, 2.5 ], "rotation": 90 },
								"down": { "texture": "#sides2", "uv": [ 1.0, 2.0, 2.0, 13.0 ] }
							},
							"children": [
								{
									"name": "L holder1",
									"from": [ 1.0, 6.0, 3.0 ], 
									"to": [ 1.5, 7.5, 4.5 ], 
									"rotationOrigin": [ 1.0, 7.5, 3.0 ],
									"faces": {
										"north": { "texture": "#accessories", "uv": [ 0.0, 1.0, 0.5, 2.5 ] },
										"east": { "texture": "#accessories", "uv": [ 0.5, 1.0, 2.0, 2.5 ] },
										"south": { "texture": "#accessories", "uv": [ 4.0, 1.0, 4.5, 2.5 ] },
										"west": { "texture": "#accessories", "uv": [ 1.0, 0.5, 2.5, 2.0 ], "enabled": false },
										"up": { "texture": "#accessories", "uv": [ 4.0, 1.0, 4.5, 2.5 ] },
										"down": { "texture": "#accessories", "uv": [ 0.0, 1.5, 0.5, 3.0 ] }
									}
								},
								{
									"name": "R holder2",
									"from": [ 1.0, 6.0, 6.5 ], 
									"to": [ 1.5, 7.5, 8.0 ], 
									"rotationOrigin": [ 1.0, 7.5, 8.0 ],
									"faces": {
										"north": { "texture": "#accessories", "uv": [ 0.0, 1.0, 0.5, 2.5 ] },
										"east": { "texture": "#accessories", "uv": [ 1.5, 1.5, 3.0, 3.0 ] },
										"south": { "texture": "#accessories", "uv": [ 4.0, 0.5, 4.5, 2.0 ] },
										"west": { "texture": "#accessories", "uv": [ 0.5, 1.0, 2.0, 2.5 ], "enabled": false },
										"up": { "texture": "#accessories", "uv": [ 0.0, 1.0, 0.5, 2.5 ] },
										"down": { "texture": "#accessories", "uv": [ 0.0, 0.0, 0.5, 1.5 ] }
									}
								},
								{
									"name": "handle 2",
									"from": [ 1.5, 6.5, 3.5 ], 
									"to": [ 2.0, 7.0, 7.5 ], 
									"rotationOrigin": [ 2.0, 6.5, 3.5 ],
									"faces": {
										"north": { "texture": "#accessories", "uv": [ 2.5, 3.0, 3.0, 3.5 ] },
										"east": { "texture": "#accessories", "uv": [ 0.0, 3.0, 4.0, 3.5 ] },
										"south": { "texture": "#accessories", "uv": [ 4.0, 2.5, 4.5, 3.0 ] },
										"west": { "texture": "#accessories", "uv": [ 0.0, 3.0, 4.0, 3.5 ] },
										"up": { "texture": "#accessories", "uv": [ 0.0, 1.0, 4.0, 1.5 ], "rotation": 90 },
										"down": { "texture": "#accessories", "uv": [ 0.0, 2.5, 4.0, 3.0 ], "rotation": 90 }
									}
								}
							]
						},
						{
							"name": "N",
							"from": [ -1.0, 4.0, -1.0 ], 
							"to": [ 29.0, 10.0, 0.0 ], 
							"rotationOrigin": [ -2.0, 3.0, -2.0 ],
							"faces": {
								"north": { "texture": "#sides2", "uv": [ 0.0, 2.0, 30.0, 8.0 ] },
								"east": { "texture": "#sides2", "uv": [ 13.0, 2.0, 14.0, 8.0 ] },
								"south": { "texture": "#lid", "uv": [ 1.0, 2.0, 31.0, 8.0 ] },
								"west": { "texture": "#sides2", "uv": [ 0.0, 2.0, 1.0, 8.0 ] },
								"up": { "texture": "#lid", "uv": [ 2.0, 4.0, 32.0, 5.0 ], "rotation": 180 },
								"down": { "texture": "#sides2", "uv": [ 1.0, 4.0, 31.0, 5.0 ] }
							},
							"children": [
								{
									"name": "hinge 1",
									"from": [ 2.5, 5.0, -0.2 ], 
									"to": [ 3.5, 7.0, 0.3 ], 
									"rotationOrigin": [ 3.0, 5.0, 0.1 ],
									"faces": {
										"north": { "texture": "#accessories", "uv": [ 0.0, 0.0, 1.0, 2.0 ] },
										"east": { "texture": "#accessories", "uv": [ 0.0, 0.0, 0.5, 2.0 ] },
										"south": { "texture": "#accessories", "uv": [ 0.0, 0.0, 1.0, 2.0 ] },
										"west": { "texture": "#accessories", "uv": [ 0.0, 0.0, 0.5, 2.0 ] },
										"up": { "texture": "#accessories", "uv": [ 0.0, 0.0, 1.0, 0.5 ] },
										"down": { "texture": "#accessories", "uv": [ 0.0, 0.0, 1.0, 0.5 ] }
									}
								},
								{
									"name": "hinge 2",
									"from": [ 27.5, 5.0, -0.2 ], 
									"to": [ 28.5, 7.0, 0.3 ], 
									"rotationOrigin": [ 28.0, 5.0, 0.1 ],
									"faces": {
										"north": { "texture": "#accessories", "uv": [ 0.0, 0.0, 1.0, 2.0 ] },
										"east": { "texture": "#accessories", "uv": [ 0.0, 0.0, 0.5, 2.0 ] },
										"south": { "texture": "#accessories", "uv": [ 0.0, 0.0, 1.0, 2.0 ] },
										"west": { "texture": "#accessories", "uv": [ 0.0, 0.0, 0.5, 2.0 ] },
										"up": { "texture": "#accessories", "uv": [ 0.0, 0.0, 1.0, 0.5 ] },
										"down": { "texture": "#accessories", "uv": [ 0.0, 0.0, 1.0, 0.5 ] }
									}
								}
							]
						}
					]
				},
				{
					"name": "lid",
					"from": [ 2.0, 12.0, 2.0 ], 
					"to": [ 30.0, 13.0, 13.0 ], 
					"rotationOrigin": [ 8.0, 11.0, 1.0 ],
					"faces": {
						"north": { "texture": "#lid", "uv": [ 0.0, 0.0, 28.0, 1.0 ], "enabled": false },
						"east": { "texture": "#lid", "uv": [ 0.5, 0.0, 11.5, 1.0 ], "enabled": false },
						"south": { "texture": "#lid", "uv": [ 0.0, 0.0, 28.0, 1.0 ], "enabled": false },
						"west": { "texture": "#lid", "uv": [ 0.5, 0.0, 11.5, 1.0 ], "enabled": false },
						"up": { "texture": "#lid", "uv": [ 0.0, 0.0, 28.0, 11.0 ] },
						"down": { "texture": "#lid", "uv": [ 0.0, 0.0, 28.0, 11.0 ], "rotation": 180 }
					},
					"children": [
						{
							"name": "West",
							"from": [ -1.0, -1.0, 0.0 ], 
							"to": [ 0.0, 1.0, 11.0 ], 
							"rotationOrigin": [ -1.0, -1.0, 0.0 ],
							"faces": {
								"north": { "texture": "#sides2", "uv": [ 0.0, 0.0, 1.0, 2.0 ], "enabled": false },
								"east": { "texture": "#sides2", "uv": [ 1.0, 11.0, 12.0, 13.0 ] },
								"south": { "texture": "#sides2", "uv": [ 0.0, 0.0, 1.0, 2.0 ], "enabled": false },
								"west": { "texture": "#sides2", "uv": [ 1.5, 0.0, 12.5, 2.0 ] },
								"up": { "texture": "#sides2", "uv": [ 0.0, 0.0, 1.0, 11.0 ] },
								"down": { "texture": "#sides2", "uv": [ 3.5, 12.5, 14.5, 13.5 ], "rotation": 90 }
							}
						},
						{
							"name": "East",
							"from": [ 28.0, -1.0, 0.0 ], 
							"to": [ 29.0, 1.0, 11.0 ], 
							"rotationOrigin": [ 12.0, -1.0, 0.0 ],
							"faces": {
								"north": { "texture": "#sides2", "uv": [ 0.0, 0.0, 1.0, 2.0 ], "enabled": false },
								"east": { "texture": "#sides2", "uv": [ 1.5, 0.0, 12.5, 2.0 ] },
								"south": { "texture": "#sides2", "uv": [ 0.0, 0.0, 1.0, 2.0 ], "enabled": false },
								"west": { "texture": "#sides2", "uv": [ 3.0, 11.0, 14.0, 13.0 ] },
								"up": { "texture": "#sides2", "uv": [ 13.0, 0.0, 14.0, 11.0 ] },
								"down": { "texture": "#sides2", "uv": [ 2.5, 13.5, 13.5, 14.5 ], "rotation": 90 }
							}
						},
						{
							"name": "North",
							"from": [ -1.0, -1.0, -1.0 ], 
							"to": [ 29.0, 1.0, 0.0 ], 
							"rotationOrigin": [ -1.0, -1.0, -1.0 ],
							"faces": {
								"north": { "texture": "#sides2", "uv": [ 0.0, 0.0, 3.0, 2.0 ] },
								"east": { "texture": "#sides2", "uv": [ 13.0, 0.0, 14.0, 2.0 ] },
								"south": { "texture": "#sides2", "uv": [ 2.0, 11.0, 5.0, 13.0 ] },
								"west": { "texture": "#sides2", "uv": [ 0.0, 0.0, 1.0, 2.0 ] },
								"up": { "texture": "#sides2", "uv": [ 0.0, 0.0, 3.0, 1.0 ] },
								"down": { "texture": "#sides2", "uv": [ 0.0, 14.5, 3.0, 15.5 ] }
							}
						},
						{
							"name": "South",
							"from": [ -1.0, -1.0, 11.0 ], 
							"to": [ 29.0, 1.0, 12.0 ], 
							"rotationOrigin": [ -1.0, -1.0, 11.0 ],
							"faces": {
								"north": { "texture": "#sides2", "uv": [ 0.5, 11.0, 30.5, 13.0 ] },
								"east": { "texture": "#sides2", "uv": [ 0.0, 0.0, 1.0, 2.0 ] },
								"south": { "texture": "#sides2", "uv": [ 0.0, 0.0, 30.0, 2.0 ] },
								"west": { "texture": "#sides2", "uv": [ 13.0, 0.0, 14.0, 2.0 ] },
								"up": { "texture": "#sides2", "uv": [ 0.0, 0.0, 30.0, 1.0 ] },
								"down": { "texture": "#sides2", "uv": [ 0.5, 13.5, 30.5, 14.5 ] }
							}
						},
						{
							"name": "Cube34",
							"from": [ 13.5, -2.5, 12.0 ], 
							"to": [ 16.5, 0.0, 12.5 ], 
							"rotationOrigin": [ 13.5, -2.5, 12.0 ],
							"faces": {
								"north": { "texture": "#accessories", "uv": [ 0.0, 0.0, 3.0, 2.5 ] },
								"east": { "texture": "#accessories", "uv": [ 0.0, 0.0, 0.5, 2.5 ] },
								"south": { "texture": "#accessories", "uv": [ 9.0, 0.5, 12.0, 3.0 ] },
								"west": { "texture": "#accessories", "uv": [ 0.0, 0.0, 0.5, 2.5 ] },
								"up": { "texture": "#accessories", "uv": [ 0.0, 0.0, 3.0, 0.5 ] },
								"down": { "texture": "#accessories", "uv": [ 0.0, 0.0, 3.0, 0.5 ] }
							}
						},
						{
							"name": "Cube35",
							"from": [ 14.0, 0.0, 12.0 ], 
							"to": [ 16.0, 0.5, 12.5 ], 
							"rotationOrigin": [ 14.0, 0.0, 12.0 ],
							"faces": {
								"north": { "texture": "#accessories", "uv": [ 0.0, 0.0, 2.0, 0.5 ], "enabled": false },
								"east": { "texture": "#accessories", "uv": [ 0.0, 0.0, 0.5, 0.5 ] },
								"south": { "texture": "#accessories", "uv": [ 9.5, 0.0, 11.5, 0.5 ] },
								"west": { "texture": "#accessories", "uv": [ 0.0, 0.0, 0.5, 0.5 ] },
								"up": { "texture": "#accessories", "uv": [ 0.0, 0.0, 2.0, 0.5 ] },
								"down": { "texture": "#accessories", "uv": [ 0.0, 0.0, 2.0, 0.5 ], "enabled": false }
							}
						}
					]
				}
			]
		}
	],
	"animations": [
		{
			"name": "lidopen",
			"code": "lidopen",
			"quantityframes": 30,
			"onActivityStopped": "Rewind",
			"onAnimationEnd": "Hold",
			"keyframes": [
				{
					"frame": 0,
					"elements": {
						"origin": {  },
						"lid": { "rotationX": 0.0, "rotationY": 0.0, "rotationZ": 0.0 }
					}
				},
				{
					"frame": 29,
					"elements": {
						"origin": {  },
						"lid": { "rotationX": -67.5, "rotationY": 0.0, "rotationZ": 0.0 }
					}
				}
			]
		}
	]
}