{
	code: "cellardoor",
	class: "BlockDoor",
	behaviors: [
		{ name: "Lockable" }
	],
	attributes: {
		triggerSound: "game:sounds/block/vesselopen"
	},
	variantgroups: [
		{ code: "style", states: ["plain", "fancy"] },
		{ loadFromProperties: "abstract/horizontalorientation" },
		{ code: "part", states: ["down", "up"] },
		{ code: "state", states: ["closed", "opened"] },
		{ code: "knobOrientation", states: ["left", "right"] }
	],
	creativeinventory: { "general": ["cellardoor-*-north-down-closed-left"], "decorative": ["cellardoor-*-north-down-closed-left"] },
	blockmaterial: "Ceramic",
	lightAbsorption: 100,
	sideopaque: {
		all: false
	},
	sidesolid: {
		all: false
	},
	heldTpIdleAnimation: "holdunderarm",
	sounds: {
		walk: "game:walk/stone",
		break: "game:block/ceramicplace",
		hit: "game:block/ceramichit",
		place: "block/ceramicplace"
	},
	shapeByType: {
		"*-up-*": { base: "game:block/basic/nothing" },
	
		"*-north-down-closed-left": { base: "door/ceramicdoor-{style}-closed-left", rotateY: 0 },
		"*-north-down-opened-left": { base: "door/ceramicdoor-{style}-opened-left", rotateY: 0 },

		"*-east-down-closed-left": { base: "door/ceramicdoor-{style}-closed-left", rotateY: 270 },
		"*-east-down-opened-left": { base: "door/ceramicdoor-{style}-opened-left", rotateY: 270 },

		"*-south-down-closed-left": { base: "door/ceramicdoor-{style}-closed-left", rotateY: 180 },
		"*-south-down-opened-left": { base: "door/ceramicdoor-{style}-opened-left", rotateY: 180 },

		"*-west-down-closed-left": { base: "door/ceramicdoor-{style}-closed-left", rotateY: 90 },
		"*-west-down-opened-left": { base: "door/ceramicdoor-{style}-opened-left", rotateY: 90 },

		"*-north-down-closed-right": { base: "door/ceramicdoor-{style}-closed-right", rotateY: 0 },
		"*-north-down-opened-right": { base: "door/ceramicdoor-{style}-opened-right", rotateY: 0 },

		"*-east-down-closed-right": { base: "door/ceramicdoor-{style}-closed-right", rotateY: 270 },
		"*-east-down-opened-right": { base: "door/ceramicdoor-{style}-opened-right", rotateY: 270 },

		"*-south-down-closed-right": { base: "door/ceramicdoor-{style}-closed-right", rotateY: 180 },
		"*-south-down-opened-right": { base: "door/ceramicdoor-{style}-opened-right", rotateY: 180 },

		"*-west-down-closed-right": { base: "door/ceramicdoor-{style}-closed-right", rotateY: 90 },
		"*-west-down-opened-right": { base: "door/ceramicdoor-{style}-opened-right", rotateY: 90 },
	},
	heldTpIdleAnimation: "holdunderarm",
	guiTransform: {
		origin: { x: 0.49, y: 1, z: 0.8 },
		scale: 0.73
	},
	tpHandTransform: {
		translation: { x: -0.74, y: -1.22, z: -1.3 },
		rotation: { x: 8, y: 11, z: 59 },
		origin: { x: 0.5, y: 1, z: 1 },
		scale: 0.71
	},
	groundTransform: {
		translation: { x: 0, y: 0, z: 0 },
		rotation: { x: -90, y: 0, z: 0 },
		origin: { x: 0.5, y: 1, z: 0.85 },
		scale: 3
	},
	collisionselectionbox: { x1: 0, y1: 0, z1: 0.75, x2: 1, y2: 1, z2: 1,
		rotateYByType: {
			"*-north-*-opened-left": 90,
			"*-north-*-closed-left": 0,
			"*-west-*-opened-left": 180,
			"*-west-*-closed-left": 90,

			"*-east-*-opened-left": 0,
			"*-east-*-closed-left": 270,
			"*-south-*-opened-left": 270,
			"*-south-*-closed-left": 180,

			"*-north-*-opened-right": 270,
			"*-north-*-closed-right": 0,
			"*-west-*-opened-right": 0,
			"*-west-*-closed-right": 90,

			"*-east-*-opened-right": 180,
			"*-east-*-closed-right": 270,
			"*-south-*-opened-right": 90,
			"*-south-*-closed-right": 180
		}
	}
}