{
	"editor": {
		"allAngles": true,
		"entityTextureMode": true
	},
	"textureWidth": 16,
	"textureHeight": 16,
	"textureSizes": {
	},
	"textures": {
	},
	"elements": [
		{
			"name": "Body",
			"from": [ 6.5, 0.3, 7.5 ], 
			"to": [ 9.5, 1.5, 9.5 ], 
			"climateColorMap": "climatePlantColor",
			"uv": [ 0.0, 12.0 ],
			"rotationOrigin": [ 8.0, 1.0, 8.5 ],
			"faces": {
				"north": { "texture": "#crab_redx2", "uv": [ 0.0, 15.0, 2.0, 16.0 ], "windMode": [0,0,0,0] },
				"east": { "texture": "#crab_redx2", "uv": [ 2.0, 15.0, 5.0, 16.0 ] },
				"south": { "texture": "#crab_redx2", "uv": [ 5.0, 15.0, 7.0, 16.0 ] },
				"west": { "texture": "#crab_redx2", "uv": [ 7.0, 15.0, 10.0, 16.0 ] },
				"up": { "texture": "#crab_redx2", "uv": [ 0.0, 12.0, 2.0, 15.0 ] },
				"down": { "texture": "#crab_redx2", "uv": [ 2.0, 12.0, 4.0, 15.0 ] }
			},
			"children": [
				{
					"name": "b_legr",
					"from": [ -0.2, -0.5, 0.2 ], 
					"to": [ 0.3, 0.5, 0.7 ], 
					"uv": [ 10.0, 14.5 ],
					"rotationOrigin": [ 0.0, 0.0, 1.0 ],
					"rotationZ": -22.5,
					"faces": {
						"north": { "texture": "#crab_redx2", "uv": [ 10.0, 15.0, 10.5, 16.0 ] },
						"east": { "texture": "#crab_redx2", "uv": [ 10.5, 15.0, 11.0, 16.0 ] },
						"south": { "texture": "#crab_redx2", "uv": [ 11.0, 15.0, 11.5, 16.0 ] },
						"west": { "texture": "#crab_redx2", "uv": [ 11.5, 15.0, 12.0, 16.0 ] },
						"up": { "texture": "#crab_redx2", "uv": [ 10.0, 14.5, 10.5, 15.0 ] },
						"down": { "texture": "#crab_redx2", "uv": [ 10.5, 14.5, 11.0, 15.0 ] }
					}
				},
				{
					"name": "f_legr3",
					"from": [ -0.2, -0.5, 1.2 ], 
					"to": [ 0.3, 0.5, 1.7 ], 
					"uv": [ 10.0, 13.0 ],
					"rotationOrigin": [ 0.0, 0.0, 1.0 ],
					"rotationZ": -22.5,
					"faces": {
						"north": { "texture": "#crab_redx2", "uv": [ 10.0, 13.5, 10.5, 14.5 ] },
						"east": { "texture": "#crab_redx2", "uv": [ 10.5, 13.5, 11.0, 14.5 ] },
						"south": { "texture": "#crab_redx2", "uv": [ 11.0, 13.5, 11.5, 14.5 ] },
						"west": { "texture": "#crab_redx2", "uv": [ 11.5, 13.5, 12.0, 14.5 ] },
						"up": { "texture": "#crab_redx2", "uv": [ 10.0, 13.0, 10.5, 13.5 ] },
						"down": { "texture": "#crab_redx2", "uv": [ 10.5, 13.0, 11.0, 13.5 ] }
					}
				},
				{
					"name": "f_legl4",
					"from": [ 2.7, -0.5, 1.2 ], 
					"to": [ 3.2, 0.5, 1.7 ], 
					"uv": [ 12.0, 14.5 ],
					"rotationOrigin": [ 3.0, 0.0, 1.0 ],
					"rotationZ": 22.5,
					"faces": {
						"north": { "texture": "#crab_redx2", "uv": [ 12.0, 15.0, 12.5, 16.0 ] },
						"east": { "texture": "#crab_redx2", "uv": [ 12.5, 15.0, 13.0, 16.0 ] },
						"south": { "texture": "#crab_redx2", "uv": [ 13.0, 15.0, 13.5, 16.0 ] },
						"west": { "texture": "#crab_redx2", "uv": [ 13.5, 15.0, 14.0, 16.0 ] },
						"up": { "texture": "#crab_redx2", "uv": [ 12.0, 14.5, 12.5, 15.0 ] },
						"down": { "texture": "#crab_redx2", "uv": [ 12.5, 14.5, 13.0, 15.0 ] }
					}
				},
				{
					"name": "b_legl5",
					"from": [ 2.7, -0.5, 0.3 ], 
					"to": [ 3.2, 0.5, 0.8 ], 
					"uv": [ 14.0, 14.5 ],
					"rotationOrigin": [ 3.0, 0.0, 1.0 ],
					"rotationZ": 22.5,
					"faces": {
						"north": { "texture": "#crab_redx2", "uv": [ 14.0, 15.0, 14.5, 16.0 ] },
						"east": { "texture": "#crab_redx2", "uv": [ 14.5, 15.0, 15.0, 16.0 ] },
						"south": { "texture": "#crab_redx2", "uv": [ 15.0, 15.0, 15.5, 16.0 ] },
						"west": { "texture": "#crab_redx2", "uv": [ 15.5, 15.0, 16.0, 16.0 ] },
						"up": { "texture": "#crab_redx2", "uv": [ 14.0, 14.5, 14.5, 15.0 ] },
						"down": { "texture": "#crab_redx2", "uv": [ 14.5, 14.5, 15.0, 15.0 ] }
					}
				},
				{
					"name": "eye1",
					"from": [ 0.5, 1.0, 1.3 ], 
					"to": [ 1.0, 2.0, 1.8 ], 
					"uv": [ 14.0, 11.5 ],
					"rotationOrigin": [ 1.0, 1.0, 2.0 ],
					"faces": {
						"north": { "texture": "#crab_redx2", "uv": [ 14.0, 12.0, 14.5, 13.0 ] },
						"east": { "texture": "#crab_redx2", "uv": [ 14.5, 12.0, 15.0, 13.0 ] },
						"south": { "texture": "#crab_redx2", "uv": [ 15.0, 12.0, 15.5, 13.0 ] },
						"west": { "texture": "#crab_redx2", "uv": [ 15.5, 12.0, 16.0, 13.0 ] },
						"up": { "texture": "#crab_redx2", "uv": [ 14.0, 11.5, 14.5, 12.0 ] },
						"down": { "texture": "#crab_redx2", "uv": [ 14.5, 11.5, 15.0, 12.0 ] }
					}
				},
				{
					"name": "eye2",
					"from": [ 2.0, 1.0, 1.3 ], 
					"to": [ 2.5, 2.0, 1.8 ], 
					"uv": [ 12.0, 11.5 ],
					"rotationOrigin": [ 2.0, 1.0, 2.0 ],
					"faces": {
						"north": { "texture": "#crab_redx2", "uv": [ 12.0, 12.0, 12.5, 13.0 ] },
						"east": { "texture": "#crab_redx2", "uv": [ 12.5, 12.0, 13.0, 13.0 ] },
						"south": { "texture": "#crab_redx2", "uv": [ 13.0, 12.0, 13.5, 13.0 ] },
						"west": { "texture": "#crab_redx2", "uv": [ 13.5, 12.0, 14.0, 13.0 ] },
						"up": { "texture": "#crab_redx2", "uv": [ 12.0, 11.5, 12.5, 12.0 ] },
						"down": { "texture": "#crab_redx2", "uv": [ 12.5, 11.5, 13.0, 12.0 ] }
					}
				},
				{
					"name": "butt",
					"from": [ 0.5, 0.0, -0.5 ], 
					"to": [ 2.5, 1.0, 0.0 ], 
					"uv": [ 4.0, 12.5 ],
					"faces": {
						"north": { "texture": "#crab_redx2", "uv": [ 4.0, 14.5, 4.5, 15.5 ] },
						"east": { "texture": "#crab_redx2", "uv": [ 4.5, 14.5, 6.5, 15.5 ] },
						"south": { "texture": "#crab_redx2", "uv": [ 6.5, 14.5, 7.0, 15.5 ] },
						"west": { "texture": "#crab_redx2", "uv": [ 7.0, 14.5, 9.0, 15.5 ] },
						"up": { "texture": "#crab_redx2", "uv": [ 4.0, 12.5, 4.5, 14.5 ] },
						"down": { "texture": "#crab_redx2", "uv": [ 4.5, 12.5, 5.0, 14.5 ] }
					}
				},
				{
					"name": "mouth",
					"from": [ 1.0, 0.1, 1.8 ], 
					"to": [ 2.0, 1.1, 2.0 ], 
					"uv": [ 5.0, 13.5 ],
					"rotationOrigin": [ 2.0, 0.0, 2.0 ],
					"rotationX": 14.0,
					"faces": {
						"north": { "texture": "#crab_redx2", "uv": [ 5.0, 13.75, 6.0, 14.75 ] },
						"east": { "texture": "#crab_redx2", "uv": [ 6.0, 13.75, 6.25, 14.75 ] },
						"south": { "texture": "#crab_redx2", "uv": [ 6.25, 13.75, 7.25, 14.75 ] },
						"west": { "texture": "#crab_redx2", "uv": [ 7.0, 13.5, 8.0, 14.5 ], "autoUv": false },
						"up": { "texture": "#crab_redx2", "uv": [ 5.0, 13.5, 6.0, 13.75 ] },
						"down": { "texture": "#crab_redx2", "uv": [ 6.0, 13.5, 7.0, 13.75 ] }
					}
				},
				{
					"name": "r_arm",
					"from": [ -1.0, 0.0, 0.5 ], 
					"to": [ 0.0, 1.0, 1.5 ], 
					"uv": [ 10.0, 14.0 ],
					"rotationOrigin": [ 0.0, 0.0, 1.0 ],
					"faces": {
						"north": { "texture": "#crab_redx2", "uv": [ 10.0, 15.0, 11.0, 16.0 ] },
						"east": { "texture": "#crab_redx2", "uv": [ 11.0, 15.0, 12.0, 16.0 ] },
						"south": { "texture": "#crab_redx2", "uv": [ 12.0, 15.0, 13.0, 16.0 ] },
						"west": { "texture": "#crab_redx2", "uv": [ 13.0, 15.0, 14.0, 16.0 ] },
						"up": { "texture": "#crab_redx2", "uv": [ 10.0, 14.0, 11.0, 15.0 ] },
						"down": { "texture": "#crab_redx2", "uv": [ 11.0, 14.0, 12.0, 15.0 ] }
					},
					"children": [
						{
							"name": "r_claw1",
							"from": [ -2.0, 0.0, -0.5 ], 
							"to": [ 0.0, 1.0, 1.0 ], 
							"autoUnwrap": false,
							"uv": [ 0.0, 3.0 ],
							"rotationOrigin": [ 0.4, 0.7, 0.3 ],
							"rotationY": 25.0,
							"faces": {
								"north": { "texture": "#crab_redx2", "uv": [ 1.5, 5.0, 3.5, 6.0 ] },
								"east": { "texture": "#crab_redx2", "uv": [ 3.5, 5.0, 5.0, 6.0 ] },
								"south": { "texture": "#crab_redx2", "uv": [ 5.0, 5.0, 7.0, 6.0 ] },
								"west": { "texture": "#crab_redx2", "uv": [ 0.0, 5.0, 1.5, 6.0 ] },
								"up": { "texture": "#crab_redx2", "uv": [ 1.5, 3.0, 3.0, 5.0 ], "rotation": 90 },
								"down": { "texture": "#crab_redx2", "uv": [ 1.5, 3.0, 3.0, 5.0 ], "rotation": 90 }
							},
							"children": [
								{
									"name": "r_claw9",
									"from": [ 0.0, 0.5, 0.0 ], 
									"to": [ 2.0, 1.5, 1.5 ], 
									"autoUnwrap": false,
									"uv": [ 7.0, 3.5 ],
									"rotationOrigin": [ 2.0, 0.5, 1.0 ],
									"rotationZ": -3.0,
									"faces": {
										"north": { "texture": "#crab_redx2", "uv": [ 8.5, 5.0, 10.5, 6.0 ] },
										"east": { "texture": "#crab_redx2", "uv": [ 10.5, 5.0, 12.0, 6.0 ] },
										"south": { "texture": "#crab_redx2", "uv": [ 12.0, 5.0, 14.0, 6.0 ] },
										"west": { "texture": "#crab_redx2", "uv": [ 7.0, 5.0, 8.5, 6.0 ] },
										"up": { "texture": "#crab_redx2", "uv": [ 7.0, 3.0, 8.5, 5.0 ], "rotation": 90 },
										"down": { "texture": "#crab_redx2", "uv": [ 7.0, 3.0, 8.5, 5.0 ], "rotation": 90 }
									}
								}
							]
						}
					]
				},
				{
					"name": "l_arm",
					"from": [ 3.0, 0.0, 0.5 ], 
					"to": [ 4.0, 1.0, 1.5 ], 
					"uv": [ 10.0, 14.0 ],
					"rotationOrigin": [ 3.0, 0.0, 1.0 ],
					"faces": {
						"north": { "texture": "#crab_redx2", "uv": [ 10.0, 15.0, 11.0, 16.0 ] },
						"east": { "texture": "#crab_redx2", "uv": [ 11.0, 15.0, 12.0, 16.0 ] },
						"south": { "texture": "#crab_redx2", "uv": [ 12.0, 15.0, 13.0, 16.0 ] },
						"west": { "texture": "#crab_redx2", "uv": [ 13.0, 15.0, 14.0, 16.0 ] },
						"up": { "texture": "#crab_redx2", "uv": [ 10.0, 14.0, 11.0, 15.0 ] },
						"down": { "texture": "#crab_redx2", "uv": [ 11.0, 14.0, 12.0, 15.0 ] }
					},
					"children": [
						{
							"name": "l_claw10",
							"from": [ 0.9, 0.0, -0.5 ], 
							"to": [ 2.9, 1.0, 1.0 ], 
							"autoUnwrap": false,
							"uv": [ 7.0, 6.0 ],
							"rotationOrigin": [ 0.4, 0.7, 0.3 ],
							"rotationY": -25.0,
							"faces": {
								"north": { "texture": "#crab_redx2", "uv": [ 8.5, 8.0, 10.5, 9.0 ] },
								"east": { "texture": "#crab_redx2", "uv": [ 10.5, 8.0, 12.0, 9.0 ] },
								"south": { "texture": "#crab_redx2", "uv": [ 12.0, 8.0, 14.0, 9.0 ] },
								"west": { "texture": "#crab_redx2", "uv": [ 7.0, 8.0, 8.5, 9.0 ] },
								"up": { "texture": "#crab_redx2", "uv": [ 8.5, 6.0, 10.0, 8.0 ], "rotation": 90 },
								"down": { "texture": "#crab_redx2", "uv": [ 8.5, 6.0, 10.0, 8.0 ], "rotation": 90 }
							},
							"children": [
								{
									"name": "l_claw11",
									"from": [ 0.0, 0.5, 0.0 ], 
									"to": [ 2.0, 1.5, 1.5 ], 
									"autoUnwrap": false,
									"uv": [ 0.0, 6.5 ],
									"rotationOrigin": [ 0.0, 0.5, 1.0 ],
									"rotationZ": 3.0,
									"faces": {
										"north": { "texture": "#crab_redx2", "uv": [ 1.5, 8.0, 3.5, 9.0 ] },
										"east": { "texture": "#crab_redx2", "uv": [ 3.5, 8.0, 5.0, 9.0 ], "snapUv": false },
										"south": { "texture": "#crab_redx2", "uv": [ 5.0, 8.0, 7.0, 9.0 ] },
										"west": { "texture": "#crab_redx2", "uv": [ 0.0, 8.0, 1.5, 9.0 ] },
										"up": { "texture": "#crab_redx2", "uv": [ 0.0, 6.0, 1.5, 8.0 ], "rotation": 90 },
										"down": { "texture": "#crab_redx2", "uv": [ 0.0, 6.0, 1.5, 8.0 ], "rotation": 90 }
									}
								}
							]
						}
					]
				}
			]
		}
	],
	"animations": [
		{
			"name": "Guard",
			"code": "Guard",
			"quantityframes": 42,
			"onActivityStopped": "Rewind",
			"onAnimationEnd": "Repeat",
			"keyframes": [
				{
					"frame": 0,
					"elements": {
						"Body": { "rotationX": 3.0, "rotationY": 0.0, "rotationZ": 0.0 },
						"r_arm": { "rotationX": 0.0, "rotationY": 0.0, "rotationZ": -22.0 },
						"r_claw1": {  },
						"r_claw9": { "rotationX": 0.0, "rotationY": 0.0, "rotationZ": 0.0 },
						"l_arm": { "rotationX": 0.0, "rotationY": 0.0, "rotationZ": 22.0 },
						"l_claw10": {  },
						"l_claw11": { "rotationX": 0.0, "rotationY": 0.0, "rotationZ": 0.0 },
						"mouth": { "rotationX": 0.0, "rotationY": 0.0, "rotationZ": 0.0 },
						"eye1": { "rotationX": 0.0, "rotationY": 0.0, "rotationZ": 6.0 },
						"eye2": { "rotationX": 0.0, "rotationY": 0.0, "rotationZ": -6.0 },
						"b_legr": { "rotationX": 0.0, "rotationY": 0.0, "rotationZ": 0.0 },
						"f_legr3": { "rotationX": 0.0, "rotationY": 0.0, "rotationZ": 0.0 },
						"f_legl4": { "rotationX": 0.0, "rotationY": 0.0, "rotationZ": 0.0 },
						"b_legl5": { "rotationX": 0.0, "rotationY": 0.0, "rotationZ": 0.0 },
						"butt": { "rotationX": 8.0, "rotationY": 0.0, "rotationZ": 0.0 }
					}
				},
				{
					"frame": 15,
					"elements": {
						"Body": {  },
						"l_arm": {  },
						"l_claw10": {  },
						"l_claw11": { "offsetX": 0.0, "offsetY": 0.0, "offsetZ": 0.0, "rotationX": 0.0, "rotationY": 0.0, "rotationZ": -3.0 },
						"r_arm": {  },
						"r_claw1": {  },
						"r_claw9": { "rotationX": 0.0, "rotationY": 0.0, "rotationZ": 3.0 },
						"mouth": { "rotationX": 6.0, "rotationY": 0.0, "rotationZ": 0.0 },
						"b_legl5": { "rotationX": -6.0, "rotationY": 0.0, "rotationZ": 0.0 },
						"b_legr": { "rotationX": -6.0, "rotationY": 0.0, "rotationZ": 0.0 }
					}
				},
				{
					"frame": 30,
					"elements": {
						"Body": { "rotationX": 0.0, "rotationY": 0.0, "rotationZ": 0.0 },
						"eye2": { "rotationX": 0.0, "rotationY": 0.0, "rotationZ": 0.0 },
						"eye1": { "rotationX": 0.0, "rotationY": 0.0, "rotationZ": 0.0 },
						"butt": { "rotationX": 0.0, "rotationY": 0.0, "rotationZ": 0.0 }
					}
				}
			]
		},

		{
			"name": "Idle",
			"code": "Idle",
			"quantityframes": 30,
			"onActivityStopped": "Rewind",
			"onAnimationEnd": "Repeat",
			"keyframes": [
				{
					"frame": 0,
					"elements": {
						"Body": { "rotationX": -14.074, "rotationY": 5.821, "rotationZ": -1.457 },
						"r_arm": { "offsetX": 0.0, "offsetY": 0.0, "offsetZ": 0.0, "rotationX": 0.0, "rotationY": 0.0, "rotationZ": -11.0 },
						"r_claw1": {  },
						"r_claw9": { "rotationX": 0.0, "rotationY": 0.0, "rotationZ": 3.0 },
						"l_arm": { "offsetX": 0.0, "offsetY": 0.0, "offsetZ": 0.0, "rotationX": 0.0, "rotationY": 0.0, "rotationZ": 11.0 },
						"l_claw10": {  },
						"l_claw11": { "rotationX": 0.0, "rotationY": 0.0, "rotationZ": 3.0 },
						"b_legr": { "rotationX": 19.0, "rotationY": 0.0, "rotationZ": 0.0 },
						"b_legl5": { "rotationX": 0.0, "rotationY": 0.0, "rotationZ": 0.0 },
						"eye1": { "rotationX": 0.0, "rotationY": 0.0, "rotationZ": 0.0 },
						"eye2": { "rotationX": 0.0, "rotationY": 11.0, "rotationZ": 0.0 },
						"mouth": { "rotationX": 8.0, "rotationY": 0.0, "rotationZ": 0.0 }
					}
				},
				{
					"frame": 14,
					"elements": {
						"Body": {  },
						"b_legr": { "rotationX": 0.0, "rotationY": 0.0, "rotationZ": 0.0 },
						"f_legr3": { "rotationX": 0.0, "rotationY": 0.0, "rotationZ": 0.0 },
						"f_legl4": { "rotationX": -8.0, "rotationY": 0.0, "rotationZ": 0.0 },
						"b_legl5": { "rotationX": 17.0, "rotationY": 0.0, "rotationZ": 0.0 },
						"r_arm": { "offsetX": 0.0, "offsetY": 0.0, "offsetZ": 0.0, "rotationX": 0.0, "rotationY": 0.0, "rotationZ": 0.0 },
						"r_claw1": {  },
						"r_claw9": { "rotationX": 0.0, "rotationY": 0.0, "rotationZ": -6.0 },
						"l_arm": { "offsetX": 0.0, "offsetY": 0.0, "offsetZ": 0.0, "rotationX": 0.0, "rotationY": 0.0, "rotationZ": 0.0 },
						"l_claw10": {  },
						"l_claw11": { "rotationX": 0.0, "rotationY": 0.0, "rotationZ": -3.0 },
						"eye1": { "rotationX": 0.0, "rotationY": 0.0, "rotationZ": 0.0 },
						"eye2": { "rotationX": 0.0, "rotationY": 11.0, "rotationZ": 0.0 },
						"mouth": { "rotationX": -6.0, "rotationY": 0.0, "rotationZ": 0.0 }
					}
				},
				{
					"frame": 15,
					"elements": {
						"Body": {  },
						"l_arm": {  },
						"l_claw10": {  },
						"l_claw11": { "rotationX": 0.0, "rotationY": 0.0, "rotationZ": -3.0 }
					}
				}
			]
		},

		{
			"name": "death",
			"code": "death",
			"quantityframes": 60,
			"onActivityStopped": "PlayTillEnd",
			"onAnimationEnd": "Hold",
			"keyframes": [
				{
					"frame": 0,
					"elements": {
						"Body": { "offsetX": 0.0, "offsetY": 0.0, "offsetZ": 0.0, "rotationX": 0.0, "rotationY": 0.0, "rotationZ": 0.0 },
						"r_arm": { "offsetX": 0.0, "offsetY": 0.0, "offsetZ": 0.0, "rotationX": 0.0, "rotationY": 0.0, "rotationZ": 0.0 },
						"l_arm": { "rotationX": 0.0, "rotationY": -8.0, "rotationZ": 0.0 }
					}
				},
				{
					"frame": 19,
					"elements": {
						"Body": { "offsetX": 0.0, "offsetY": 1.0, "offsetZ": 0.0 },
						"r_arm": { "rotationX": 0.0, "rotationY": 66.0, "rotationZ": 0.0 },
						"l_arm": { "rotationX": 0.0, "rotationY": -50.0, "rotationZ": 0.0 }
					}
				},
				{
					"frame": 30,
					"elements": {
						"Body": { "offsetX": 0.0, "offsetY": 0.5, "offsetZ": 0.0, "rotationX": -180.0, "rotationY": -42.0, "rotationZ": 0.0 },
						"r_arm": { "offsetX": 0.0, "offsetY": 0.0, "offsetZ": 0.0, "rotationX": 0.0, "rotationY": 3.22, "rotationZ": 0.0 },
						"l_arm": { "rotationX": 0.0, "rotationY": 0.0, "rotationZ": 0.0 }
					}
				},
				{
					"frame": 40,
					"elements": {
						"Body": { "offsetX": 0.0, "offsetY": 0.5, "offsetZ": 0.0 }
					}
				},
				{
					"frame": 59,
					"elements": {
						"Body": { "offsetX": 0.0, "offsetY": 0.5, "offsetZ": 0.0, "rotationX": -180.0, "rotationY": -42.0, "rotationZ": 0.0 },
						"r_arm": { "offsetX": 0.0, "offsetY": 0.0, "offsetZ": 0.0, "rotationX": 0.0, "rotationY": 3.2, "rotationZ": 0.0 },
						"l_arm": { "rotationX": 0.0, "rotationY": 0.0, "rotationZ": 0.0 }
					}
				}
			]
		},

		{
			"name": "Walk",
			"code": "Walk",
			"quantityframes": 30,
			"onActivityStopped": "Rewind",
			"onAnimationEnd": "Repeat",
			"keyframes": [
				{
					"frame": 0,
					"elements": {
						"Body": { "rotationX": 0.0, "rotationY": 0.0, "rotationZ": -6.0 },
						"f_legr3": { "rotationX": 30.0, "rotationY": 0.0, "rotationZ": 0.0 },
						"b_legr": { "rotationX": 11.0, "rotationY": 0.0, "rotationZ": 0.0 },
						"f_legl4": { "rotationX": -11.0, "rotationY": 0.0, "rotationZ": 0.0 },
						"b_legl5": { "rotationX": -11.0, "rotationY": 0.0, "rotationZ": 0.0 },
						"butt": { "offsetX": 0.0, "offsetY": 0.0, "offsetZ": 0.30000001192092896, "rotationX": -17.0, "rotationY": 0.0, "rotationZ": 0.0 }
					}
				},
				{
					"frame": 5,
					"elements": {
						"Body": {  },
						"r_arm": { "rotationX": 0.0, "rotationY": 0.0, "rotationZ": -8.0 },
						"l_arm": { "rotationX": 0.0, "rotationY": -39.0, "rotationZ": 0.0 },
						"b_legr": { "rotationX": 0.0, "rotationY": 0.0, "rotationZ": 0.0 },
						"b_legl5": { "rotationX": 0.0, "rotationY": 0.0, "rotationZ": 0.0 },
						"eye2": { "rotationX": 0.0, "rotationY": 0.0, "rotationZ": 0.0 },
						"eye1": { "rotationX": 0.0, "rotationY": 0.0, "rotationZ": 11.0 }
					}
				},
				{
					"frame": 15,
					"elements": {
						"Body": { "rotationX": 0.0, "rotationY": 0.0, "rotationZ": 6.0 },
						"f_legr3": { "rotationX": 0.0, "rotationY": 0.0, "rotationZ": 0.0 },
						"f_legl4": { "rotationX": 0.0, "rotationY": 0.0, "rotationZ": 0.0 },
						"b_legr": { "rotationX": -11.0, "rotationY": 0.0, "rotationZ": 0.0 },
						"b_legl5": { "rotationX": 11.0, "rotationY": 0.0, "rotationZ": 0.0 },
						"butt": { "offsetX": 0.0, "offsetY": 0.0, "offsetZ": 0.0, "rotationX": 0.0, "rotationY": 0.0, "rotationZ": 0.0 }
					}
				},
				{
					"frame": 20,
					"elements": {
						"Body": {  },
						"l_arm": { "rotationX": 0.0, "rotationY": 0.0, "rotationZ": 8.0 },
						"r_arm": { "rotationX": 0.0, "rotationY": 39.0, "rotationZ": 0.0 },
						"b_legr": { "rotationX": 0.0, "rotationY": 0.0, "rotationZ": 0.0 },
						"b_legl5": { "rotationX": 0.0, "rotationY": 0.0, "rotationZ": 0.0 },
						"eye2": { "rotationX": 0.0, "rotationY": 0.0, "rotationZ": -11.0 },
						"eye1": { "rotationX": 0.0, "rotationY": 0.0, "rotationZ": 0.0 }
					}
				}
			]
		},

		{
			"name": "Eat",
			"code": "eat",
			"quantityframes": 30,
			"onActivityStopped": "Rewind",
			"onAnimationEnd": "Repeat",
			"keyframes": [
				{
					"frame": 0,
					"elements": {
						"Body": {  },
						"eye1": { "rotationX": 0.0, "rotationY": 0.0, "rotationZ": 14.0 },
						"eye2": { "rotationX": 0.0, "rotationY": 0.0, "rotationZ": 0.0 },
						"mouth": { "rotationX": 0.0, "rotationY": 0.0, "rotationZ": 0.0 }
					}
				},
				{
					"frame": 7,
					"elements": {
						"Body": {  },
						"mouth": { "offsetX": 0.0, "offsetY": 0.0, "offsetZ": -0.0, "rotationX": 17.0, "rotationY": 0.0, "rotationZ": 0.0 }
					}
				},
				{
					"frame": 15,
					"elements": {
						"Body": {  },
						"eye1": { "rotationX": 0.0, "rotationY": 0.0, "rotationZ": 0.0 },
						"eye2": { "rotationX": 0.0, "rotationY": 0.0, "rotationZ": -14.0 }
					}
				}
			]
		}
	]
}