[
  {
    "op": "add",
    "path": "/behaviors/-",
    "value": {"name": "idgtool"},
    "file": "toolworks:itemtypes/tool/axe.json",
    "side": "server"
  },
  {
    "op": "add",
    "path": "/behaviors/-",
    "value": {"name": "woodsplitter"},
    "file": "toolworks:itemtypes/tool/axe.json",
    "side": "server"
  },
  {
    "op": "add",
    "path": "/attributes/workanimation",
    "value": "axesplit-fp",
    "file": "toolworks:itemtypes/tool/axe.json",
    "side": "server"
  },
  {
    "op": "add",
    "path": "/attributes/choppingProps",
    "value": { "fellingMultiplier": 1.25, "splittingMultiplier": 0.20 },
    "file": "toolworks:itemtypes/tool/axe.json",
    "side": "server"
  }
]