{
    "code": "victoriansink",
    "creativeinventory": { "general": ["*-north"], "decorative": ["*-north"], "decorbazaar": ["*-north"] },
    "behaviors": [{ "name": "HorizontalOrientable" }],
    "variantgroups": [{ "code": "side", "loadFromProperties": "abstract/horizontalorientation" }],
    "shape": {
        "base": "block/bathroomdecor/victoriansink",
        "rotateYByType": {
            "*-north": 0,
            "*-east": 270,
            "*-south": 180,
            "*-west": 90
        }
    },
    "blockmaterial": "stone",
  "lightAbsorption": 0,
    "sidesolid": {
        "all": "false"
    },
    "sideopaque": {
        "all": "false"
    },
    "drawtype": "json",
    "resistance": 3.5,
    "sounds": {
        "place": "game:block/planks",
        "walk": "game:walk/stone"
    },
	selectionBoxes: [
		{ x1: 0.125, y1: 0.9375, z1: 0.125, x2: 0.875, y2: 1.1875, z2: 0.875 },
		{ x1: 0.4375, y1: 0, z1: 0.4375, x2: 0.5625, y2: 0.9375, z2: 0.5625 },
	],
	guiTransform: {
		rotation: { x: -22.6, y: 144, z: 0 }
	}
}