[
  {
    "toolmode": "hewing",
    "ingredients":
    [ 
      {"inputs": 
       [
         {"type": "block", "code": "indappledgroves:logslab-*-barked-down-free", "name": "wood", "loadFromProperties": "block/wood"}
       ]
      }
    ],
    "ToolDamage": 2,
    "output": {"type": "item", "code": "indappledgroves:bark-{wood}-dry", "quantity": 2},
    "returnstack": {"type": "block", "code": "indappledgroves:logslab-{wood}-debarked-down-free"}
  },
  {
    "toolmode": "hewing",
    "ingredients":
    [ 
      {"inputs": 
       [
         {"type": "block", "code": "log-placed-*-ud",  "name": "wood", "loadFromProperties": "block/wood"}
       ]
      }
    ],
    "ToolDamage": 4,
    "output": {"type": "item", "code": "indappledgroves:bark-{wood}-dry", "quantity": 2},
    "returnstack": {"type": "block", "code": "game:debarkedlog-{wood}-ud"}
  },
  {
    "toolmode": "hewing",
    "ingredients":
    [ 
      {"inputs": 
       [
         {"type": "block", "code": "logsection-placed-*-ne-ud", "name": "wood"}
       ]
      }
    ],
    "output": {"type": "item", "code": "indappledgroves:bark-{wood}-dry", "quantity": 2},
    "returnstack": {"type": "block", "code": "game:debarkedlog-{wood}-ud"}
  }
]