[
  {
    "toolmode": "chopping",
    "ingredients":
    [ 
      {"inputs": 
       [
         {"type": "block", "code": "game:plankstairs-*"}
       ]
      }
    ],
    "output": {"type": "item", "code": "game:firewood", "quantity": 1}
  },
  {
    "toolmode": "chopping",
    "ingredients":
    [ 
      {"inputs": 
       [
         {"type": "block", "code": "game:planks-*"}
       ]
      }
    ],
    "output": {"type": "item", "code": "game:firewood", "quantity": 1}
  },
  {
    "toolmode": "chopping",
    "ingredients":
    [ 
      {"inputs": 
       [
         {"type": "block", "code": "game:roughhewnfence-*"}
       ]
      }
    ],
    "output": {"type": "item", "code": "game:firewood", "quantity": 1}
  },
  {
    "toolmode": "chopping",
    "ingredients":
    [ 
      {"inputs": 
       [
         {"type": "block", "code": "game:roughhewnfencegate-*"}
       ]
      }
    ],
    "output": {"type": "item", "code": "game:firewood", "quantity": 8}
  },
  {
    "toolmode": "chopping",
    "ingredients":
    [ 
      {"inputs": 
       [
         {"type": "block", "code": "game:woodenfence-*"}
       ]
      }
    ],
    "output": {"type": "item", "code": "game:stick", "quantity": 1}
  },
  {
    "toolmode": "chopping",
    "ingredients":
    [ 
      {"inputs": 
       [
         {"type": "block", "code": "game:woodenfencegate-*"}
       ]
      }
    ],
    "output": {"type": "item", "code": "game:stick", "quantity": 6}
  },
  {
    "toolmode": "chopping",
    "ingredients":
    [ 
      {"inputs": 
       [
         {"type": "block", "code": "game:plankslab-*"}
       ]
      }
    ],
    "output": {"type": "item", "code": "game:stick", "quantity": 1}
  }
]