[

	{
		ingredientPattern: "W",
		enabled: true,
		ingredients: {
			"W": { type: "block", code: "wildcrafttree:wattleanddaub-dark", quantity: 1 },
		},
		name: "wattleanddaub",
		width: 1,
		height: 1,
		output: { type: "block", code: "wildcrafttree:wattleanddaubwall-dark-ew-free", quantity: 4  }
	},
	{
		ingredientPattern: "W",
		enabled: true,
		ingredients: {
			"W": { type: "block", code: "wildcrafttree:wattleanddaub-medium", quantity: 1 },
		},
		name: "wattleanddaub",
		width: 1,
		height: 1,
		output: { type: "block", code: "wildcrafttree:wattleanddaubwall-medium-ew-free", quantity: 4  }
	},
	{
		ingredientPattern: "W",
		enabled: true,
		ingredients: {
			"W": { type: "block", code: "wildcrafttree:wattleanddaub-light", quantity: 1 },
		},
		name: "wattleanddaub",
		width: 1,
		height: 1,
		output: { type: "block", code: "wildcrafttree:wattleanddaubwall-light-ew-free", quantity: 4  }
	},
	
	{
		ingredientPattern: "WW,WW",
		enabled: true,
		ingredients: {
			"W": { type: "block", code: "wildcrafttree:wattleanddaubwall-dark-ew-free", quantity: 1 },

		},
		name: "wattleanddaub",
		width: 2,
		height: 2,
		output: { type: "block", code: "wildcrafttree:wattleanddaub-dark", quantity: 1  }
	},
	
	{
		ingredientPattern: "WW,WW",
		enabled: true,
		ingredients: {
			"W": { type: "block", code: "wildcrafttree:wattleanddaubwall-medium-ew-free", quantity: 1 },

		},
		name: "wattleanddaub",
		width: 2,
		height: 2,
		output: { type: "block", code: "wildcrafttree:wattleanddaub-medium", quantity: 1  }
	},
	
	{
		ingredientPattern: "WW,WW",
		enabled: true,
		ingredients: {
			"W": { type: "block", code: "wildcrafttree:wattleanddaubwall-light-ew-free", quantity: 1 },

		},
		name: "wattleanddaub",
		width: 2,
		height: 2,
		output: { type: "block", code: "wildcrafttree:wattleanddaub-light", quantity: 1  }
	}

]