[
	{
	ingredientPattern: "SSS,PSP",
		enabled: true,
		ingredients: {
			"S": { type: "item", code: "wildcrafttree:willowcane-*", name: "wood", allowedVariants: ["honeylocust", "bearnut", "alder", "birch", "brideinwhite", "poplar", "willow", "redwillow", "eucalyptus", "kapok", "tuja", "larch", "aspen", "sapele"], quantity: 2 },
			"P": { type: "item", code: "game:stick" }
		},
		name: "wattle",
		width: 3,
		height: 2,
		output: { type: "block", code: "wildcrafttree:wattle-{wood}-ew-free", quantity: 4  }
	},
	{
	ingredientPattern: "_P_,PSP,SPS",
		enabled: true,
		ingredients: {
			"S": { type: "item", code: "wildcrafttree:willowcane-*", name: "wood", allowedVariants: ["honeylocust", "bearnut", "alder", "birch", "brideinwhite", "poplar", "willow", "redwillow", "eucalyptus", "kapok", "tuja", "larch", "aspen", "sapele"], quantity: 2 },
			"P": { type: "item", code: "game:stick" }
		},
		name: "wattle",
		width: 3,
		height: 3,
		output: { type: "block", code: "wildcrafttree:wattlefencegate-{wood}-n-closed-free", quantity: 2  }
	},
	{
	ingredientPattern: "SSS,PSP",
		enabled: true,
		ingredients: {
			"S": { type: "item", code: "wildcrafttree:willowcane-*", name: "wood", allowedVariants: ["honeylocust", "bearnut", "alder", "birch", "brideinwhite", "poplar", "willow", "redwillow", "eucalyptus", "kapok", "tuja", "larch", "aspen", "sapele"], quantity: 2 },
			"P": { type: "item", code: "wildcrafttree:driftwood" }
		},
		name: "wattle",
		width: 3,
		height: 2,
		output: { type: "block", code: "wildcrafttree:wattle-{wood}-ew-free", quantity: 4  }
	},
	{
	ingredientPattern: "_P_,PSP,SPS",
		enabled: true,
		ingredients: {
			"S": { type: "item", code: "wildcrafttree:willowcane-*", name: "wood", allowedVariants: ["honeylocust", "bearnut", "alder", "birch", "brideinwhite", "poplar", "willow", "redwillow", "eucalyptus", "kapok", "tuja", "larch", "aspen", "sapele"], quantity: 2 },
			"P": { type: "item", code: "wildcrafttree:driftwood" }
		},
		name: "wattle",
		width: 3,
		height: 3,
		output: { type: "block", code: "wildcrafttree:wattlefencegate-{wood}-n-closed-free", quantity: 2  }
	}
]