[

	{
		"ingredientPattern": "__W,AW_,W__",
		"ingredients":  { 
			"A": { "type": "item", "code": "game:axe-*", "isTool": true  },
			"W": { "type": "block", "code": "game:log-placed-*-ud", "name": "material", "allowedVariants": ["bearnut", "beech", "blackpoplar", "cedar", "douglasfir", "elm", "eucalyptus", "honeylocust", "mahogany", "pyramidalpoplar", "sal", "saxaul", "spruce", "sycamore", "willow"] }
		},
		"width": 3,
		"height": 3,
		"output": { "type": "block", "code": "shakeroofing-{material}-east-free", "quantity": 4  }
	},
	{
		"ingredientPattern": "__W,_WA,W__",
		"ingredients":  {
			"A": { "type": "item", "code": "game:axe-*", "isTool": true  },
			"W": { "type": "block", "code": "game:log-placed-*-ud", "name": "material", "allowedVariants": ["bearnut", "beech", "blackpoplar", "cedar", "douglasfir", "elm", "eucalyptus", "honeylocust", "mahogany", "pyramidalpoplar", "sal", "saxaul", "spruce", "sycamore", "willow"] }
		},
		"width": 3,
		"height": 3,
		"output": { "type": "block", "code": "shakeroofing-{material}-east-free", "quantity": 4  }
	},

	{
		"ingredientPattern": "W__,AW_,__W",
		"ingredients":  {
			"A": { "type": "item", "code": "game:axe-*", "isTool": true  },
			"W": { "type": "block", "code": "game:log-placed-*-ud", "name": "material", "allowedVariants": ["bearnut", "beech", "blackpoplar", "cedar", "douglasfir", "elm", "eucalyptus", "honeylocust", "mahogany", "pyramidalpoplar", "sal", "saxaul", "spruce", "sycamore", "willow"] }
		},
		"width": 3,
		"height": 3,
		"output": { "type": "block", "code": "shakeroofing-{material}-east-free", "quantity": 4  }
	},
	{
		"ingredientPattern": "W__,_WA,__W",
		"ingredients":  {
			"A": { "type": "item", "code": "game:axe-*", "isTool": true  },
			"W": { "type": "block", "code": "game:log-placed-*-ud", "name": "material", "allowedVariants": ["bearnut", "beech", "blackpoplar", "cedar", "douglasfir", "elm", "eucalyptus", "honeylocust", "mahogany", "pyramidalpoplar", "sal", "saxaul", "spruce", "sycamore", "willow"] }
		},
		"width": 3,
		"height": 3,
		"output": { "type": "block", "code": "shakeroofing-{material}-east-free", "quantity": 4  }
	},

	{
		"ingredientPattern": "_A_,_W_,W_W",
		"ingredients":  {
			"A": { "type": "item", "code": "game:axe-*", "isTool": true  },
			"W": { "type": "block", "code": "game:log-placed-*-ud", "name": "material", "allowedVariants": ["bearnut", "beech", "blackpoplar", "cedar", "douglasfir", "elm", "eucalyptus", "honeylocust", "mahogany", "pyramidalpoplar", "sal", "saxaul", "spruce", "sycamore", "willow"] }
		},
		"width": 3,
		"height": 3,
		"output": { "type": "block", "code": "shakeroofingridge-{material}-ns-free", "quantity": 4  }
	},
	{
		"ingredientPattern": "_A_,_W_,WWW",
		"ingredients":  {
			"A": { "type": "item", "code": "game:axe-*", "isTool": true  },
			"W": { "type": "block", "code": "game:log-placed-*-ud", "name": "material", "allowedVariants": ["bearnut", "beech", "blackpoplar", "cedar", "douglasfir", "elm", "eucalyptus", "honeylocust", "mahogany", "pyramidalpoplar", "sal", "saxaul", "spruce", "sycamore", "willow"] }
		},
		"width": 3,
		"height": 3,
		"output": { "type": "block", "code": "shakeroofingtip-{material}-free", "quantity": 4  }
	},

	{
		"ingredientPattern": "__W,AW_,__W",
		"ingredients":  {
			"A": { "type": "item", "code": "game:axe-*", "isTool": true  },
			"W": { "type": "block", "code": "game:log-placed-*-ud", "name": "material", "allowedVariants": ["bearnut", "beech", "blackpoplar", "cedar", "douglasfir", "elm", "eucalyptus", "honeylocust", "mahogany", "pyramidalpoplar", "sal", "saxaul", "spruce", "sycamore", "willow"] }
		},
		"width": 3,
		"height": 3,
		"output": { "type": "block", "code": "shakeroofingcornerinner-{material}-east-free", "quantity": 4  }
	},
	{
		"ingredientPattern": "W__,_WA,W__",
		"ingredients":  {
			"A": { "type": "item", "code": "game:axe-*", "isTool": true  },
			"W": { "type": "block", "code": "game:log-placed-*-ud", "name": "material", "allowedVariants": ["bearnut", "beech", "blackpoplar", "cedar", "douglasfir", "elm", "eucalyptus", "honeylocust", "mahogany", "pyramidalpoplar", "sal", "saxaul", "spruce", "sycamore", "willow"] }
		},
		"width": 3,
		"height": 3,
		"output": { "type": "block", "code": "shakeroofingcornerinner-{material}-east-free", "quantity": 4  }
	},

	{
		"ingredientPattern": "AW,WW",
		"ingredients":  {
			"A": { "type": "item", "code": "game:axe-*", "isTool": true  },
			"W": { "type": "block", "code": "game:log-placed-*-ud", "name": "material", "allowedVariants": ["bearnut", "beech", "blackpoplar", "cedar", "douglasfir", "elm", "eucalyptus", "honeylocust", "mahogany", "pyramidalpoplar", "sal", "saxaul", "spruce", "sycamore", "willow"] }
		},
		"width": 2,
		"height": 2,
		"output": { "type": "block", "code": "shakeroofingcornerouter-{material}-east-free", "quantity": 4  }
	},
	{
		"ingredientPattern": "WA,WW",
		"ingredients":  {
			"A": { "type": "item", "code": "game:axe-*", "isTool": true  },
			"W": { "type": "block", "code": "game:log-placed-*-ud", "name": "material", "allowedVariants": ["bearnut", "beech", "blackpoplar", "cedar", "douglasfir", "elm", "eucalyptus", "honeylocust", "mahogany", "pyramidalpoplar", "sal", "saxaul", "spruce", "sycamore", "willow"] }
		},
		"width": 2,
		"height": 2,
		"output": { "type": "block", "code": "shakeroofingcornerouter-{material}-east-free", "quantity": 4  }
	},
	
	
	{
		"ingredientPattern": "__W,AW_,W__",
		"ingredients":  {
			"A": { "type": "item", "code": "game:axe-*", "isTool": true  },
			"W": { "type": "block", "code": "game:logsection-placed-*-ud", "name": "material", "allowedVariants": ["douglasfir"] }
		},
		"width": 3,
		"height": 3,
		"output": { "type": "block", "code": "shakeroofing-{material}-east-free", "quantity": 4  }
	},
	{
		"ingredientPattern": "__W,_WA,W__",
		"ingredients":  {
			"A": { "type": "item", "code": "game:axe-*", "isTool": true  },
			"W": { "type": "block", "code": "game:logsection-placed-*-ud", "name": "material", "allowedVariants": ["douglasfir"] }
		},
		"width": 3,
		"height": 3,
		"output": { "type": "block", "code": "shakeroofing-{material}-east-free", "quantity": 4  }
	},

	{
		"ingredientPattern": "W__,AW_,__W",
		"ingredients":  {
			"A": { "type": "item", "code": "game:axe-*", "isTool": true  },
			"W": { "type": "block", "code": "game:logsection-placed-*-ud", "name": "material", "allowedVariants": ["douglasfir"] }
		},
		"width": 3,
		"height": 3,
		"output": { "type": "block", "code": "shakeroofing-{material}-east-free", "quantity": 4  }
	},
	{
		"ingredientPattern": "W__,_WA,__W",
		"ingredients":  {
			"A": { "type": "item", "code": "game:axe-*", "isTool": true  },
			"W": { "type": "block", "code": "game:logsection-placed-*-ud", "name": "material", "allowedVariants": ["douglasfir"] }
		},
		"width": 3,
		"height": 3,
		"output": { "type": "block", "code": "shakeroofing-{material}-east-free", "quantity": 4  }
	},

	{
		"ingredientPattern": "_A_,_W_,W_W",
		"ingredients":  {
			"A": { "type": "item", "code": "game:axe-*", "isTool": true  },
			"W": { "type": "block", "code": "game:logsection-placed-*-ud", "name": "material", "allowedVariants": ["douglasfir"] }
		},
		"width": 3,
		"height": 3,
		"output": { "type": "block", "code": "shakeroofingridge-{material}-ns-free", "quantity": 4  }
	},
	{
		"ingredientPattern": "_A_,_W_,WWW",
		"ingredients":  {
			"A": { "type": "item", "code": "game:axe-*", "isTool": true  },
			"W": { "type": "block", "code": "game:logsection-placed-*-ud", "name": "material", "allowedVariants": ["douglasfir"] }
		},
		"width": 3,
		"height": 3,
		"output": { "type": "block", "code": "shakeroofingtip-{material}-free", "quantity": 4  }
	},

	{
		"ingredientPattern": "__W,AW_,__W",
		"ingredients":  {
			"A": { "type": "item", "code": "game:axe-*", "isTool": true  },
			"W": { "type": "block", "code": "game:logsection-placed-*-ud", "name": "material", "allowedVariants": ["douglasfir"] }
		},
		"width": 3,
		"height": 3,
		"output": { "type": "block", "code": "shakeroofingcornerinner-{material}-east-free", "quantity": 4  }
	},
	{
		"ingredientPattern": "W__,_WA,W__",
		"ingredients":  {
			"A": { "type": "item", "code": "game:axe-*", "isTool": true  },
			"W": { "type": "block", "code": "game:logsection-placed-*-ud", "name": "material", "allowedVariants": ["douglasfir"] }
		},
		"width": 3,
		"height": 3,
		"output": { "type": "block", "code": "shakeroofingcornerinner-{material}-east-free", "quantity": 4  }
	},

	{
		"ingredientPattern": "AW,WW",
		"ingredients":  {
			"A": { "type": "item", "code": "game:axe-*", "isTool": true  },
			"W": { "type": "block", "code": "game:logsection-placed-*-ud", "name": "material", "allowedVariants": ["douglasfir"] }
		},
		"width": 2,
		"height": 2,
		"output": { "type": "block", "code": "shakeroofingcornerouter-{material}-east-free", "quantity": 4  }
	},
	{
		"ingredientPattern": "WA,WW",
		"ingredients":  {
			"A": { "type": "item", "code": "game:axe-*", "isTool": true  },
			"W": { "type": "block", "code": "game:logsection-placed-*-ud", "name": "material", "allowedVariants": ["douglasfir"] }
		},
		"width": 2,
		"height": 2,
		"output": { "type": "block", "code": "shakeroofingcornerouter-{material}-east-free", "quantity": 4  }
	}
]