[
    {
        "op": "replace",
        "path": "/attributes/buildMats",
        "value": 
        {
			"grass": [{ "type": "item", "code": "drygrass", "quantity": 2 }],
			"sticks": [{ "type": "item", "code": "stick", "quantity": 4 }],
			"fuel": [
                { "type": "item", "code": "firewood", "quantity": 1, "eleCode": "Logs", "burnTimeHours": 18 },
                { "type": "item", "code": "driedfirefuels:driedfirewood", "quantity": 1, "eleCode": "Logs", "textureCodeReplace": { "from": "coal", "to": "driedfirefuels:driedfirewood" }, "burnTimeHours": 16 },
                { "type": "item", "code": "agedfirewood", "quantity": 1, "eleCode": "Logs", "textureCodeReplace": { "from": "coal", "to": "agedfirewood" }, "burnTimeHours": 14 },
                { "type": "block", "code": "peatbrick", "quantity": 1, "eleCode": "Coal", "textureCodeReplace": { "from": "coal", "to": "peat" }, "burnTimeHours": 22 },
                { "type": "item", "code": "driedfirefuels:driedpeat", "quantity": 1, "eleCode": "Coal", "textureCodeReplace": { "from": "coal", "to": "peat" }, "burnTimeHours": 20 }, 
                { "type": "item", "code": "driedfirefuels:agedpeat", "quantity": 1, "eleCode": "Coal", "textureCodeReplace": { "from": "coal", "to": "peat" }, "burnTimeHours": 18 }, 
                { "type": "item", "code": "charcoal", "quantity": 1, "eleCode": "Coal", "textureCodeReplace": { "from": "coal", "to": "charcoal" }, "burnTimeHours": 10 }, 
                { "type": "item", "code": "coke", "quantity": 1, "eleCode": "Coal", "textureCodeReplace": { "from": "coal", "to": "coke" }, "burnTimeHours": 10 }, 
                { "type": "item", "code": "ore-lignite", "quantity": 1, "eleCode": "Coal", "textureCodeReplace": { "from": "coal", "to": "ore-lignite" }, "burnTimeHours": 14 }, 
                { "type": "item", "code": "ore-bituminouscoal", "quantity": 1, "eleCode": "Coal", "textureCodeReplace": { "from": "coal", "to": "ore-bituminouscoal" }, "burnTimeHours": 12 }
			]	
		},
        "file": "blocktypes/wood/pitkiln.json"
    }
  ]