{
	"code": "pelt",
		"behaviors": [
		{ "name": "GroundStorable", "properties": { "layout": "SingleCenter"}}
	],
  "variantgroups": [
    {"code": "type","states": [ "baby","female","male" ]},
    {"code": "species","states": [ "acanthisittachloris","aegothelesnovaezealandiae","anasaucklandica", "anaschlorotis", "anasnesiotis","apteryxaustralis","apteryxhaastii","apteryxmantelli","apteryxowenii","apteryxrowi","aptornisdefossor","aptornisotidiformis","chenonettafinschi", "cnemiorniscalcitrans", "cnemiornisgracilis","dendroscansordecurvirostris","dinornisnovaezealandiae","dinornisrobustus","pachyplichasjagmi","pachyplichasyaldwyni","strigopshabroptila","traversialyalli","xenicusgilviventris","xenicuslongipes"]}
  ],
	"allowedVariants": [
		"pelt-female-*",
		"pelt-male-*",
		"pelt-baby-dinornisnovaezealandiae",
		"pelt-baby-dinornisrobustus"
	],
  "shapebytype": {
    "*-acanthisittachloris": {"base": "item/acanthisittidae/acanthisittachloris/floorpelt-male"},
    "*-aegothelesnovaezealandiae": {"base": "item/aegothelidae/{species}/floorpelt-male"},
    "*-anasaucklandica": {"base": "item/anatidae/anasaucklandica/floorpelt-male"},
    "*-anaschlorotis": {"base": "item/anatidae/anasaucklandica/floorpelt-male"},
    "*-anasnesiotis": {"base": "item/anatidae/anasaucklandica/floorpelt-male"},
    "*-apteryxaustralis": {"base": "item/apterygidae/{species}/floorpelt-male"},
    "*-apteryxhaastii": {"base": "item/apterygidae/apteryxaustralis/floorpelt-male"},
    "*-apteryxmantelli": {"base": "item/apterygidae/apteryxaustralis/floorpelt-male"},
    "*-apteryxowenii": {"base": "item/apterygidae/apteryxaustralis/floorpelt-male"},
    "*-apteryxrowi": {"base": "item/apterygidae/apteryxaustralis/floorpelt-male"},
    "*-aptornisdefossor": {"base": "item/aptornithidae/{species}/floorpelt-male"},
    "*-aptornisotidiformis": {"base": "item/aptornithidae/aptornisdefossor/floorpelt-male"},
    "*-chenonettafinschi": {"base": "item/anatidae/chenonettafinschi/floorpelt-male"},
    "*-cnemiorniscalcitrans": {"base": "item/anatidae/cnemiorniscalcitrans/floorpelt-male"},
    "*-cnemiornisgracilis": {"base": "item/anatidae/cnemiorniscalcitrans/floorpelt-male"},
    "*-dendroscansordecurvirostris": {"base": "item/acanthisittidae/acanthisittachloris/floorpelt-male"},
    "*-baby-dinornisnovaezealandiae": {"base": "item/dinornithidae/{species}/floorpelt-baby"},
    "*-dinornisnovaezealandiae": {"base": "item/dinornithidae/{species}/floorpelt-male"},
    "*-baby-dinornisrobustus": {"base": "item/dinornithidae/dinornisnovaezealandiae/floorpelt-baby"},
    "*-dinornisrobustus": {"base": "item/dinornithidae/dinornisnovaezealandiae/floorpelt-male"},
    "*-pachyplichasjagmi": {"base": "item/acanthisittidae/acanthisittachloris/floorpelt-male"},
    "*-pachyplichasyaldwyni": {"base": "item/acanthisittidae/acanthisittachloris/floorpelt-male"},
    "*-strigopshabroptila": {"base": "item/strigopidae/{species}/floorpelt-male"},
    "*-traversialyalli": {"base": "item/acanthisittidae/acanthisittachloris/floorpelt-male"},
    "*-xenicusgilviventris": {"base": "item/acanthisittidae/acanthisittachloris/floorpelt-male"},
    "*-xenicuslongipes": {"base": "item/acanthisittidae/acanthisittachloris/floorpelt-male"}
  },
  "texturesByType": {
    "*-acanthisittachloris": {"skin": {"base": "entity/acanthisittidae/{species}-{type}"}},
    "*-aegothelesnovaezealandiae": {"skin": {"base": "entity/aegothelidae/{species}-adult"}},
    "*-anasaucklandica": {"skin": {"base": "entity/anatidae/{species}-adult"}},
    "*-anaschlorotis": {"skin": {"base": "entity/anatidae/{species}-adult"}},
    "*-anasnesiotis": {"skin": {"base": "entity/anatidae/{species}-adult"}},
    "*-apteryxaustralis": {"skin": {"base": "entity/apterygidae/{species}-adult"}},
    "*-apteryxhaastii": {"skin": {"base": "entity/apterygidae/{species}-adult"}},
    "*-apteryxmantelli": {"skin": {"base": "entity/apterygidae/{species}-adult"}},
    "*-apteryxowenii": {"skin": {"base": "entity/apterygidae/{species}-adult"}},
    "*-apteryxrowi": {"skin": {"base": "entity/apterygidae/{species}-adult"}},
    "*-aptornisdefossor": {"skin": {"base": "entity/aptornithidae/{species}-adult"}},
    "*-aptornisotidiformis": {"skin": {"base": "entity/aptornithidae/{species}-adult"}},
    "*-chenonettafinschi": {"skin": {"base": "entity/anatidae/{species}-{type}"}},
    "*-cnemiorniscalcitrans": {"skin": {"base": "entity/anatidae/{species}-adult"}},
    "*-cnemiornisgracilis": {"skin": {"base": "entity/anatidae/{species}-adult"}},
    "*-dendroscansordecurvirostris": {"skin": {"base": "entity/acanthisittidae/{species}-{type}"}},
    "*baby-dinornisnovaezealandiae": {"skin": {"base": "entity/dinornithidae/{species}-baby"}},
    "*-dinornisnovaezealandiae": {"skin": {"base": "entity/dinornithidae/{species}-adult"}},
    "*baby-dinornisrobustus": {"skin": {"base": "entity/dinornithidae/dinornisnovaezealandiae-baby"}},
    "*-dinornisrobustus": {"skin": {"base": "entity/dinornithidae/{species}-adult"}},
    "*-pachyplichasjagmi": {"skin": {"base": "entity/acanthisittidae/{species}-{type}"}},
    "*-pachyplichasyaldwyni": {"skin": {"base": "entity/acanthisittidae/{species}-{type}"}},
    "*-strigopshabroptila": {"skin": {"base": "entity/strigopidae/{species}-adult"}},
    "*-traversialyalli": {"skin": {"base": "entity/acanthisittidae/{species}-{type}"}},
    "*-xenicusgilviventris": {"skin": {"base": "entity/acanthisittidae/{species}-{type}"}},
    "*-xenicuslongipes": {"skin": {"base": "entity/acanthisittidae/{species}-{type}"}}
  },
	"creativeinventory": { "general": ["*"], "items": ["*"] },
	"maxstacksize": 64,
	"attributes": {
		"handbook": {"groupBy": ["pelt-*"]},
		"displaycaseable": false, 
		"shelvable": false,
		"antlerMountableByType": {
			"*": true
		},
		"onAntlerMountTransformByType": {
			"*-acanthisittachloris": {"translation": { "x": 0.1, "y": 0.7, "z": 0 },"rotation": { "x": 0, "y": 0, "z": -90 },"origin": { "x": 0.0, "y": 0.0, "z": 0.5 },"scale": 0.14},
			"*-aegothelesnovaezealandiae": {"translation": { "x": 0.1, "y": 0.7, "z": 0 },"rotation": { "x": 0, "y": 0, "z": -90 },"origin": { "x": 0.0, "y": 0.0, "z": 0.5 },"scale": 0.3},
			"*-anasaucklandica": {"translation": { "x": 0.1, "y": 0.7, "z": 0 },"rotation": { "x": 0, "y": 0, "z": -90 },"origin": { "x": 0.0, "y": 0.0, "z": 0.5 },"scale": 0.35},
			"*-anaschlorotis": {"translation": { "x": 0.1, "y": 0.7, "z": 0 },"rotation": { "x": 0, "y": 0, "z": -90 },"origin": { "x": 0.0, "y": 0.0, "z": 0.5 },"scale": 0.4},
			"*-anasnesiotis": {"translation": { "x": 0.1, "y": 0.7, "z": 0 },"rotation": { "x": 0, "y": 0, "z": -90 },"origin": { "x": 0.0, "y": 0.0, "z": 0.5 },"scale": 0.35},
			"*-female-apteryxaustralis": {"translation": { "x": 0.1, "y": 0.7, "z": 0 },"rotation": { "x": 0, "y": 0, "z": -90 },"origin": { "x": 0.0, "y": 0.0, "z": 0.5 },"scale": 0.59},"*-male-apteryxaustralis": {"translation": { "x": 0.1, "y": 0.7, "z": 0 },"rotation": { "x": 0, "y": 0, "z": -90 },"origin": { "x": 0, "y": 0.0, "z": 0.5 },"scale": 0.55},
			"*-female-apteryxhaastii": {"translation": { "x": 0.1, "y": 0.7, "z": 0 },"rotation": { "x": 0, "y": 0, "z": -90 },"origin": { "x": 0.0, "y": 0.0, "z": 0.5 },"scale": 0.65},"*-male-apteryxhaastii": {"translation": { "x": 0.1, "y": 0.7, "z": 0 },"rotation": { "x": 0, "y": 0, "z": -90 },"origin": { "x": 0, "y": 0.0, "z": 0.5 },"scale": 0.6},
			"*-female-apteryxmantelli": {"translation": { "x": 0.1, "y": 0.7, "z": 0 },"rotation": { "x": 0, "y": 0, "z": -90 },"origin": { "x": 0.0, "y": 0.0, "z": 0.5 },"scale": 0.31},"*-male-apteryxmantelli": {"translation": { "x": 0.1, "y": 0.7, "z": 0 },"rotation": { "x": 0, "y": 0, "z": -90 },"origin": { "x": 0, "y": 0.0, "z": 0.5 },"scale": 0.29},
			"*-female-apteryxowenii": {"translation": { "x": 0.1, "y": 0.7, "z": 0 },"rotation": { "x": 0, "y": 0, "z": -90 },"origin": { "x": 0.0, "y": 0.0, "z": 0.5 },"scale": 0.29},"*-male-apteryxowenii": {"translation": { "x": 0.1, "y": 0.7, "z": 0 },"rotation": { "x": 0, "y": 0, "z": -90 },"origin": { "x": 0, "y": 0.0, "z": 0.5 },"scale": 0.26},
			"*-female-apteryxrowi": {"translation": { "x": 0.1, "y": 0.7, "z": 0 },"rotation": { "x": 0, "y": 0, "z": -90 },"origin": { "x": 0.0, "y": 0.0, "z": 0.5 },"scale": 0.59},"*-male-apteryxrowi": {"translation": { "x": 0.1, "y": 0.7, "z": 0 },"rotation": { "x": 0, "y": 0, "z": -90 },"origin": { "x": 0, "y": 0.0, "z": 0.5 },"scale": 0.55},
			"*-aptornisotidiformis": {"translation": { "x": 0.1, "y": 0.7, "z": 0 },"rotation": { "x": 0, "y": 0, "z": -90 },"origin": { "x": 0.0, "y": 0.0, "z": 0.5 },"scale": 0.8},
			"*-chenonettafinschi": {"translation": { "x": 0.1, "y": 0.7, "z": 0 },"rotation": { "x": 0, "y": 0, "z": -90 },"origin": { "x": 0.0, "y": 0.0, "z": 0.5 },"scale": 0.66},
			"*-female-cnemiorniscalcitrans": {"translation": { "x": 0.1, "y": 0.7, "z": 0 },"rotation": { "x": 0, "y": 0, "z": -90 },"origin": { "x": 0.0, "y": 0.0, "z": 0.5 },"scale": 0.95},"*-male-cnemiorniscalcitrans": {"translation": { "x": 0.1, "y": 0.7, "z": 0 },"rotation": { "x": 0, "y": 0, "z": -90 },"origin": { "x": 0, "y": 0.0, "z": 0.5 },"scale": 1.0},
			"*-female-cnemiornisgracilis": {"translation": { "x": 0.1, "y": 0.7, "z": 0 },"rotation": { "x": 0, "y": 0, "z": -90 },"origin": { "x": 0.0, "y": 0.0, "z": 0.5 },"scale": 0.93},"*-male-cnemiornisgracilis": {"translation": { "x": 0.1, "y": 0.7, "z": 0 },"rotation": { "x": 0, "y": 0, "z": -90 },"origin": { "x": 0, "y": 0.0, "z": 0.5 },"scale": 0.97},
			"*-dendroscansordecurvirostris": {"translation": { "x": 0.1, "y": 0.7, "z": 0 },"rotation": { "x": 0, "y": 0, "z": -90 },"origin": { "x": 0.0, "y": 0.0, "z": 0.5 },"scale": 0.16},
			"*-baby-dinornisnovaezealandiae": {"translation": { "x": 0.1, "y": 0.7, "z": 0 },"rotation": { "x": 0, "y": 0, "z": -90 },"origin": { "x": 0.0, "y": 0.0, "z": 0.5 },"scale": 0.5},
			"*-male-dinornisnovaezealandiae": {"translation": { "x": 0.1, "y": 0.7, "z": 0 },"rotation": { "x": 0, "y": 0, "z": -90 },"origin": { "x": 0.0, "y": 0.0, "z": 0.5 },"scale": 0.75},
			"*-baby-dinornisrobustus": {"translation": { "x": 0.1, "y": 0.7, "z": 0 },"rotation": { "x": 0, "y": 0, "z": -90 },"origin": { "x": 0.0, "y": 0.0, "z": 0.5 },"scale": 0.5},
			"*-male-dinornisrobustus": {"translation": { "x": 0.1, "y": 0.7, "z": 0 },"rotation": { "x": 0, "y": 0, "z": -90 },"origin": { "x": 0.0, "y": 0.0, "z": 0.5 },"scale": 0.75},
			"*-pachyplichasjagmi": {"translation": { "x": 0.1, "y": 0.7, "z": 0 },"rotation": { "x": 0, "y": 0, "z": -90 },"origin": { "x": 0.0, "y": 0.0, "z": 0.5 },"scale": 0.16},
			"*-pachyplichasyaldwyni": {"translation": { "x": 0.1, "y": 0.7, "z": 0 },"rotation": { "x": 0, "y": 0, "z": -90 },"origin": { "x": 0.0, "y": 0.0, "z": 0.5 },"scale": 0.16},
			"*-female-strigopshabroptila": {"translation": { "x": 0.1, "y": 0.7, "z": 0 },"rotation": { "x": 0, "y": 0, "z": -90 },"origin": { "x": 0.0, "y": 0.0, "z": 0.5 },"scale": 0.55},"*-male-strigopshabroptila": {"translation": { "x": 0.1, "y": 0.7, "z": 0 },"rotation": { "x": 0, "y": 0, "z": -90 },"origin": { "x": 0, "y": 0.0, "z": 0.5 },"scale": 0.6},
      "*-traversialyalli": {"translation": { "x": 0.1, "y": 0.7, "z": 0 },"rotation": { "x": 0, "y": 0, "z": -90 },"origin": { "x": 0.0, "y": 0.0, "z": 0.5 },"scale": 0.14},
			"*-xenicusgilviventris": {"translation": { "x": 0.1, "y": 0.7, "z": 0 },"rotation": { "x": 0, "y": 0, "z": -90 },"origin": { "x": 0.0, "y": 0.0, "z": 0.5 },"scale": 0.14},
			"*-xenicuslongipes": {"translation": { "x": 0.1, "y": 0.7, "z": 0 },"rotation": { "x": 0, "y": 0, "z": -90 },"origin": { "x": 0.0, "y": 0.0, "z": 0.5 },"scale": 0.14},"*": {
			"rotation": { "x": 0, "y": 0, "z": -90 },
			"origin": { "x": 0.1, "y": 0.0, "z": 0.5 },
			"scale": 1.0
			}			
		},
		"rackable": true,
		"toolrackTransform": {
			"translation": { "x": 0, "y": 0.45, "z": 0 },
			"rotation": { "x": -179.9, "y": 180, "z": 0 },
			"origin": { "x": 0.15, "y": -0.01, "z": 0.5 },
			"scale": 1.0
		},
		"groundStorageTransformByType": {
			"*-acanthisittachloris": {"rotation": { "x": 0, "y": 90, "z": 0 },"origin": { "x": 0.5, "y": 0.0, "z": 0.5 },"scale": 0.14},
			"*-aegothelesnovaezealandiae": {"rotation": { "x": 0, "y": 90, "z": 0 },"origin": { "x": 0.5, "y": 0.0, "z": 0.5 },"scale": 0.3},	
			"*-anasaucklandica": {"rotation": { "x": 0, "y": 90, "z": 0 },"origin": { "x": 0.5, "y": 0.0, "z": 0.5 },"scale": 0.35},
			"*-anaschlorotis": {"rotation": { "x": 0, "y": 90, "z": 0 },"origin": { "x": 0.5, "y": 0.0, "z": 0.5 },"scale": 0.4},
			"*-anasnesiotis": {"rotation": { "x": 0, "y": 90, "z": 0 },"origin": { "x": 0.5, "y": 0.0, "z": 0.5 },"scale": 0.35},
			"*-female-apteryxaustralis": {"rotation": { "x": 0, "y": 90, "z": 0 },"origin": { "x": 0.5, "y": 0.0, "z": 0.5 },"scale": 0.59},"*-male-apteryxaustralis": {"rotation": { "x": 0, "y": 90, "z": 0 },"origin": { "x": 0.5, "y": 0.0, "z": 0.5 },"scale": 0.55},
			"*-female-apteryxhaastii": {"rotation": { "x": 0, "y": 90, "z": 0 },"origin": { "x": 0.5, "y": 0.0, "z": 0.5 },"scale": 0.65},"*-male-apteryxhaastii": {"rotation": { "x": 0, "y": 90, "z": 0 },"origin": { "x": 0.5, "y": 0.0, "z": 0.5 },"scale": 0.6},
			"*-female-apteryxmantelli": {"rotation": { "x": 0, "y": 90, "z": 0 },"origin": { "x": 0.5, "y": 0.0, "z": 0.5 },"scale": 0.31},"*-male-apteryxmantelli": {"rotation": { "x": 0, "y": 90, "z": 0 },"origin": { "x": 0.5, "y": 0.0, "z": 0.5 },"scale": 0.29},
			"*-female-apteryxowenii": {"rotation": { "x": 0, "y": 90, "z": 0 },"origin": { "x": 0.5, "y": 0.0, "z": 0.5 },"scale": 0.29},"*-male-apteryxowenii": {"rotation": { "x": 0, "y": 90, "z": 0 },"origin": { "x": 0.5, "y": 0.0, "z": 0.5 },"scale": 0.26},
			"*-female-apteryxrowi": {"rotation": { "x": 0, "y": 90, "z": 0 },"origin": { "x": 0.5, "y": 0.0, "z": 0.5 },"scale": 0.59},"*-male-apteryxrowi": {"rotation": { "x": 0, "y": 90, "z": 0 },"origin": { "x": 0.5, "y": 0.0, "z": 0.5 },"scale": 0.55},
			"*-aptornisotidiformis": {"rotation": { "x": 0, "y": 90, "z": 0 },"origin": { "x": 0.5, "y": 0.0, "z": 0.5 },"scale": 0.8},	
			"*-chenonettafinschi": {"rotation": { "x": 0, "y": 90, "z": 0 },"origin": { "x": 0.5, "y": 0.0, "z": 0.5 },"scale": 0.66},
			"*-female-cnemiorniscalcitrans": {"rotation": { "x": 0, "y": 90, "z": 0 },"origin": { "x": 0.5, "y": 0.0, "z": 0.5 },"scale": 0.95},"*-male-cnemiorniscalcitrans": {"rotation": { "x": 0, "y": 90, "z": 0 },"origin": { "x": 0.5, "y": 0.0, "z": 0.5 },"scale": 1.0},
			"*-female-cnemiornisgracilis": {"rotation": { "x": 0, "y": 90, "z": 0 },"origin": { "x": 0.5, "y": 0.0, "z": 0.5 },"scale": 0.93},"*-male-cnemiornisgracilis": {"rotation": { "x": 0, "y": 90, "z": 0 },"origin": { "x": 0.5, "y": 0.0, "z": 0.5 },"scale": 0.97},
			"*-dendroscansordecurvirostris": {"rotation": { "x": 0, "y": 90, "z": 0 },"origin": { "x": 0.5, "y": 0.0, "z": 0.5 },"scale": 0.16},
			"*-baby-dinornisnovaezealandiae": {"rotation": { "x": 0, "y": 90, "z": 0 },"origin": { "x": 0.5, "y": 0.0, "z": 0.5 },"scale": 0.5},	
			"*-male-dinornisnovaezealandiae": {"rotation": { "x": 0, "y": 90, "z": 0 },"origin": { "x": 0.5, "y": 0.0, "z": 0.5 },"scale": 0.75},	
			"*-baby-dinornisrobustus": {"rotation": { "x": 0, "y": 90, "z": 0 },"origin": { "x": 0.5, "y": 0.0, "z": 0.5 },"scale": 0.5},	
			"*-male-dinornisrobustus": {"rotation": { "x": 0, "y": 90, "z": 0 },"origin": { "x": 0.5, "y": 0.0, "z": 0.5 },"scale": 0.75},	
			"*-pachyplichasjagmi": {"rotation": { "x": 0, "y": 90, "z": 0 },"origin": { "x": 0.5, "y": 0.0, "z": 0.5 },"scale": 0.16},
			"*-pachyplichasyaldwyni": {"rotation": { "x": 0, "y": 90, "z": 0 },"origin": { "x": 0.5, "y": 0.0, "z": 0.5 },"scale": 0.16},
			"*-female-strigopshabroptila": {"rotation": { "x": 0, "y": 90, "z": 0 },"origin": { "x": 0.5, "y": 0.0, "z": 0.5 },"scale": 0.55},"*-male-strigopshabroptila": {"rotation": { "x": 0, "y": 90, "z": 0 },"origin": { "x": 0.5, "y": 0.0, "z": 0.5 },"scale": 0.6},
			"*-traversialyalli": {"rotation": { "x": 0, "y": 90, "z": 0 },"origin": { "x": 0.5, "y": 0.0, "z": 0.5 },"scale": 0.14},
			"*-xenicusgilviventris": {"rotation": { "x": 0, "y": 90, "z": 0 },"origin": { "x": 0.5, "y": 0.0, "z": 0.5 },"scale": 0.14},
			"*-xenicuslongipes": {"rotation": { "x": 0, "y": 90, "z": 0 },"origin": { "x": 0.5, "y": 0.0, "z": 0.5 },"scale": 0.14},
			"*": {"rotation": { "x": 0, "y": 90, "z": 0 },"origin": { "x": 0.5, "y": 0.0, "z": 0.5 },"scale": 1}
	}
	},
  "sounds": {
    "walk": "game:walk/cloth"
  },
	"materialDensity": 500,
	"heldTpHitAnimation": "breaktool",
	"fpHandTransform": {
		"translation": { "x": 0, "y": -0.5, "z": -1.5 },
		"rotation": { "x": 180, "y": 0, "z": 90 },
		"scale": 1
	},
	"guiTransformByType": {
    "*": {"translation": {"x": 0,"y": 1,"z": 0},"rotation": {"x": 0,"y": 145,"z": 90},"origin": {"x": 0.5,"y": 0.1,"z": 0.5},"scale": 1}
	},
	"tpHandTransform": {
		"translation": { "x": -0.55, "y": -0.10, "z": -0.45},
		"rotation": { "x": -90, "y": 90, "z": 0 },
		"origin": { "x": 0.5, "y": 0.0, "z": 0.5 },
		"scale": 1.0
	},

		"groundTransformByType": {
			"*-acanthisittachloris": {"origin": { "x": 0.1, "y": 0.0, "z": 0.5 },"scale": 0.14},
			"*-aegothelesnovaezealandiae": {"origin": { "x": 0.1, "y": 0.0, "z": 0.5 },"scale": 0.3},
			"*-anasaucklandica": {"origin": { "x": 0.1, "y": 0.0, "z": 0.5 },"scale": 0.35},
			"*-anaschlorotis": {"origin": { "x": 0.1, "y": 0.0, "z": 0.5 },"scale": 0.4},
			"*-anasnesiotis": {"origin": { "x": 0.1, "y": 0.0, "z": 0.5 },"scale": 0.35},
			"*-female-apteryxaustralis": {"origin": { "x": 0.1, "y": 0.0, "z": 0.5 },"scale": 0.59},"*-male-apteryxaustralis": {"origin": { "x": 0.1, "y": 0.0, "z": 0.5 },"scale": 0.55},	
			"*-female-apteryxhaastii": {"origin": { "x": 0.1, "y": 0.0, "z": 0.5 },"scale": 0.65},"*-male-apteryxhaastii": {"origin": { "x": 0.1, "y": 0.0, "z": 0.5 },"scale": 0.6},	
			"*-female-apteryxmantelli": {"origin": { "x": 0.1, "y": 0.0, "z": 0.5 },"scale": 0.31},"*-male-apteryxmantelli": {"origin": { "x": 0.1, "y": 0.0, "z": 0.5 },"scale": 0.29},	
			"*-female-apteryxowenii": {"origin": { "x": 0.1, "y": 0.0, "z": 0.5 },"scale": 0.29},"*-male-apteryxowenii": {"origin": { "x": 0.1, "y": 0.0, "z": 0.5 },"scale": 0.26},	
			"*-female-apteryxrowi": {"origin": { "x": 0.1, "y": 0.0, "z": 0.5 },"scale": 0.59},"*-male-apteryxrowi": {"origin": { "x": 0.1, "y": 0.0, "z": 0.5 },"scale": 0.55},	
			"*-aptornisotidiformis": {"origin": { "x": 0.1, "y": 0.0, "z": 0.5 },"scale": 0.8},
			"*-chenonettafinschi": {"origin": { "x": 0.1, "y": 0.0, "z": 0.5 },"scale": 0.66},
			"*-female-cnemiorniscalcitrans": {"origin": { "x": 0.1, "y": 0.0, "z": 0.5 },"scale": 0.95},"*-male-cnemiorniscalcitrans": {"origin": { "x": 0.1, "y": 0.0, "z": 0.5 },"scale": 1.0},	
			"*-female-cnemiornisgracilis": {"origin": { "x": 0.1, "y": 0.0, "z": 0.5 },"scale": 0.93},"*-male-cnemiornisgracilis": {"origin": { "x": 0.1, "y": 0.0, "z": 0.5 },"scale": 0.97},	
			"*-dendroscansordecurvirostris": {"origin": { "x": 0.1, "y": 0.0, "z": 0.5 },"scale": 0.16},
			"*-baby-dinornisnovaezealandiae": {"origin": { "x": 0.1, "y": 0.0, "z": 0.5 },"scale": 0.5},
			"*-male-dinornisnovaezealandiae": {"origin": { "x": 0.1, "y": 0.0, "z": 0.5 },"scale": 0.75},
			"*-baby-dinornisrobustus": {"origin": { "x": 0.1, "y": 0.0, "z": 0.5 },"scale": 0.5},
			"*-male-dinornisrobustus": {"origin": { "x": 0.1, "y": 0.0, "z": 0.5 },"scale": 0.75},
			"*-pachyplichasjagmi": {"origin": { "x": 0.1, "y": 0.0, "z": 0.5 },"scale": 0.16},
			"*-pachyplichasyaldwyni": {"origin": { "x": 0.1, "y": 0.0, "z": 0.5 },"scale": 0.16},
			"*-female-strigopshabroptila": {"origin": { "x": 0.1, "y": 0.0, "z": 0.5 },"scale": 0.55},"*-male-strigopshabroptila": {"origin": { "x": 0.1, "y": 0.0, "z": 0.5 },"scale": 0.6},	
			"*-traversialyalli": {"origin": { "x": 0.1, "y": 0.0, "z": 0.5 },"scale": 0.14},
			"*-xenicusgilviventris": {"origin": { "x": 0.1, "y": 0.0, "z": 0.5 },"scale": 0.14},
			"*-xenicuslongipes": {"origin": { "x": 0.1, "y": 0.0, "z": 0.5 },"scale": 0.14},
			"*": {"rotation": { "x": 0, "y": 0, "z": 0 },"origin": { "x": 0.5, "y": 0.0, "z": 0.5 },"scale": 1}
	}
	

}