{
  "code": "taxidermy",
	"maxstacksize": 4,
		"behaviors": [
		{ "name": "GroundStorable", "properties": { "layout": "SingleCenter"}}
	],
  "variantgroups": [
    {"code": "type","states": [ "baby","female","male" ]},
    {"code": "species","states": [ "acanthisittachloris","aegothelesnovaezealandiae","anasaucklandica", "anaschlorotis", "anasnesiotis","apteryxaustralis","apteryxhaastii","apteryxmantelli","apteryxowenii","apteryxrowi","aptornisdefossor","aptornisotidiformis","chenonettafinschi", "cnemiorniscalcitrans", "cnemiornisgracilis","dendroscansordecurvirostris","dinornisnovaezealandiae","dinornisrobustus","pachyplichasjagmi","pachyplichasyaldwyni","strigopshabroptila","traversialyalli","xenicusgilviventris","xenicuslongipes"]}
  ],
	"allowedVariants": [
		"taxidermy-female-*",
		"taxidermy-male-*",
		"taxidermy-baby-dinornisnovaezealandiae",
		"taxidermy-baby-dinornisrobustus"
	],
  "attributes": {
    "handbook": {"groupBy": [ "taxidermy-*" ]},
		"displaycaseable": false, 
		"shelvable": false,
		"groundStorageTransformByType": {
			"*-acanthisittachloris": {"rotation": { "x": 0, "y": 90, "z": 0 },"origin": { "x": 0.5, "y": 0.0, "z": 0.5 },"scale": 0.14},
			"*-aegothelesnovaezealandiae": {"rotation": { "x": 0, "y": 90, "z": 0 },"origin": { "x": 0.5, "y": 0.0, "z": 0.5 },"scale": 0.3},
			"*-anasaucklandica": {"rotation": { "x": 0, "y": 90, "z": 0 },"origin": { "x": 0.5, "y": 0.0, "z": 0.5 },"scale": 0.35},
			"*-anaschlorotis": {"rotation": { "x": 0, "y": 90, "z": 0 },"origin": { "x": 0.5, "y": 0.0, "z": 0.5 },"scale": 0.4},
			"*-anasnesiotis": {"rotation": { "x": 0, "y": 90, "z": 0 },"origin": { "x": 0.5, "y": 0.0, "z": 0.5 },"scale": 0.35},
			"*-female-apteryxaustralis": {"rotation": { "x": 0, "y": 90, "z": 0 },"origin": { "x": 0.5, "y": 0.0, "z": 0.5 },"scale": 0.59},
			"*-male-apteryxaustralis": {"rotation": { "x": 0, "y": 90, "z": 0 },"origin": { "x": 0.5, "y": 0.0, "z": 0.5 },"scale": 0.55},
			"*-female-apteryxhaastii": {"rotation": { "x": 0, "y": 90, "z": 0 },"origin": { "x": 0.5, "y": 0.0, "z": 0.5 },"scale": 0.65},
			"*-male-apteryxhaastii": {"rotation": { "x": 0, "y": 90, "z": 0 },"origin": { "x": 0.5, "y": 0.0, "z": 0.5 },"scale": 0.6},
			"*-female-apteryxmantelli": {"rotation": { "x": 0, "y": 90, "z": 0 },"origin": { "x": 0.5, "y": 0.0, "z": 0.5 },"scale": 0.31},
			"*-male-apteryxmantelli": {"rotation": { "x": 0, "y": 90, "z": 0 },"origin": { "x": 0.5, "y": 0.0, "z": 0.5 },"scale": 0.29},
			"*-female-apteryxowenii": {"rotation": { "x": 0, "y": 90, "z": 0 },"origin": { "x": 0.5, "y": 0.0, "z": 0.5 },"scale": 0.29},
			"*-male-apteryxowenii": {"rotation": { "x": 0, "y": 90, "z": 0 },"origin": { "x": 0.5, "y": 0.0, "z": 0.5 },"scale": 0.26},
			"*-female-apteryxrowi": {"rotation": { "x": 0, "y": 90, "z": 0 },"origin": { "x": 0.5, "y": 0.0, "z": 0.5 },"scale": 0.59},
			"*-male-apteryxrowi": {"rotation": { "x": 0, "y": 90, "z": 0 },"origin": { "x": 0.5, "y": 0.0, "z": 0.5 },"scale": 0.55},
			"*-chenonettafinschi": {"rotation": { "x": 0, "y": 90, "z": 0 },"origin": { "x": 0.5, "y": 0.0, "z": 0.5 },"scale": 0.66},
			"*-female-cnemiorniscalcitrans": {"rotation": { "x": 0, "y": 90, "z": 0 },"origin": { "x": 0.5, "y": 0.0, "z": 0.5 },"scale": 0.95},"*-male-cnemiorniscalcitrans": {"rotation": { "x": 0, "y": 90, "z": 0 },"origin": { "x": 0.5, "y": 0.0, "z": 0.5 },"scale": 1.0},
			"*-female-cnemiornisgracilis": {"rotation": { "x": 0, "y": 90, "z": 0 },"origin": { "x": 0.5, "y": 0.0, "z": 0.5 },"scale": 0.93},"*-male-cnemiornisgracilis": {"rotation": { "x": 0, "y": 90, "z": 0 },"origin": { "x": 0.5, "y": 0.0, "z": 0.5 },"scale": 0.97},
			"*-baby-dinornisnovaezealandiae": {"rotation": { "x": 0, "y": 90, "z": 0 },"origin": { "x": 0.5, "y": 0.0, "z": 0.5 },"scale": 0.5},
			"*-aptornisotidiformis": {"rotation": { "x": 0, "y": 90, "z": 0 },"origin": { "x": 0.5, "y": 0.0, "z": 0.5 },"scale": 0.8},
			"*-dendroscansordecurvirostris": {"rotation": { "x": 0, "y": 90, "z": 0 },"origin": { "x": 0.5, "y": 0.0, "z": 0.5 },"scale": 0.16},
			"*-male-dinornisnovaezealandiae": {"rotation": { "x": 0, "y": 90, "z": 0 },"origin": { "x": 0.5, "y": 0.0, "z": 0.5 },"scale": 0.75},
			"*-baby-dinornisrobustus": {"rotation": { "x": 0, "y": 90, "z": 0 },"origin": { "x": 0.5, "y": 0.0, "z": 0.5 },"scale": 0.5},
			"*-male-dinornisrobustus": {"rotation": { "x": 0, "y": 90, "z": 0 },"origin": { "x": 0.5, "y": 0.0, "z": 0.5 },"scale": 0.75},
			"*-pachyplichasjagmi": {"rotation": { "x": 0, "y": 90, "z": 0 },"origin": { "x": 0.5, "y": 0.0, "z": 0.5 },"scale": 0.16},
			"*-pachyplichasyaldwyni": {"rotation": { "x": 0, "y": 90, "z": 0 },"origin": { "x": 0.5, "y": 0.0, "z": 0.5 },"scale": 0.16},
			"*-female-strigopshabroptila": {"rotation": { "x": 0, "y": 90, "z": 0 },"origin": { "x": 0.5, "y": 0.0, "z": 0.5 },"scale": 0.55},
			"*-male-strigopshabroptila": {"rotation": { "x": 0, "y": 90, "z": 0 },"origin": { "x": 0.5, "y": 0.0, "z": 0.5 },"scale": 0.6},
			"*-traversialyalli": {"rotation": { "x": 0, "y": 90, "z": 0 },"origin": { "x": 0.5, "y": 0.0, "z": 0.5 },"scale": 0.14},
			"*-xenicusgilviventris": {"rotation": { "x": 0, "y": 90, "z": 0 },"origin": { "x": 0.5, "y": 0.0, "z": 0.5 },"scale": 0.14},
			"*-xenicuslongipes": {"rotation": { "x": 0, "y": 90, "z": 0 },"origin": { "x": 0.5, "y": 0.0, "z": 0.5 },"scale": 0.14},
			"*": {"rotation": { "x": 0, "y": 90, "z": 0 },"origin": { "x": 0.5, "y": 0.0, "z": 0.5 },"scale": 1}
	}
  },
  "shapebytype": {
    "*-acanthisittachloris": {"base": "item/acanthisittidae/{species}/taxidermy-{type}"},
    "*-aegothelesnovaezealandiae": {"base": "item/aegothelidae/{species}/taxidermy-{type}"},
    "*-anasaucklandica": {"base": "item/anatidae/{species}/taxidermy-{type}"},
    "*-anaschlorotis": {"base": "item/anatidae/{species}/taxidermy-{type}"},
    "*-anasnesiotis": {"base": "item/anatidae/{species}/taxidermy-{type}"},
    "*-apteryxaustralis": {"base": "item/apterygidae/{species}/taxidermy-{type}"},
    "*-apteryxhaastii": {"base": "item/apterygidae/{species}/taxidermy-{type}"},
    "*-apteryxmantelli": {"base": "item/apterygidae/{species}/taxidermy-{type}"},
    "*-apteryxowenii": {"base": "item/apterygidae/{species}/taxidermy-{type}"},
    "*-apteryxrowi": {"base": "item/apterygidae/{species}/taxidermy-{type}"},
    "*-aptornisdefossor": {"base": "item/aptornithidae/{species}/taxidermy-{type}"},
    "*-aptornisotidiformis": {"base": "item/aptornithidae/{species}/taxidermy-{type}"},
    "*-chenonettafinschi": {"base": "item/anatidae/{species}/taxidermy-{type}"},
    "*-cnemiorniscalcitrans": {"base": "item/anatidae/{species}/taxidermy-{type}"},
    "*-cnemiornisgracilis": {"base": "item/anatidae/{species}/taxidermy-{type}"},
    "*-dendroscansordecurvirostris": {"base": "item/acanthisittidae/{species}/taxidermy-{type}"},
    "*-dinornisnovaezealandiae": {"base": "item/dinornithidae/{species}/taxidermy-{type}"},
    "*-dinornisrobustus": {"base": "item/dinornithidae/{species}/taxidermy-{type}"},
    "*-pachyplichasjagmi": {"base": "item/acanthisittidae/{species}/taxidermy-{type}"},
    "*-pachyplichasyaldwyni": {"base": "item/acanthisittidae/{species}/taxidermy-{type}"},
    "*-strigopshabroptila": {"base": "item/strigopidae/{species}/taxidermy-{type}"},
    "*-traversialyalli": {"base": "item/acanthisittidae/{species}/taxidermy-{type}"},
    "*-xenicusgilviventris": {"base": "item/acanthisittidae/{species}/taxidermy-{type}"},
    "*-xenicuslongipes": {"base": "item/acanthisittidae/{species}/taxidermy-{type}"}
  },
  "creativeinventory": {"general": [ "*" ], "decorative": [ "*" ]
  },
  "texturesByType": {
    "*-acanthisittachloris": {"skin": {"base": "entity/acanthisittidae/{species}-{type}"}},
    "*-aegothelesnovaezealandiae": {"skin": {"base": "entity/aegothelidae/{species}-adult"}},
    "*-anasaucklandica": {"skin": {"base": "entity/anatidae/{species}-adult"}},
    "*-anaschlorotis": {"skin": {"base": "entity/anatidae/{species}-adult"}},
    "*-anasnesiotis": {"skin": {"base": "entity/anatidae/{species}-adult"}},
    "*-apteryxaustralis": {"skin": {"base": "entity/apterygidae/{species}-adult"}},
    "*-apteryxhaastii": {"skin": {"base": "entity/apterygidae/{species}-adult"}},
    "*-apteryxmantelli": {"skin": {"base": "entity/apterygidae/{species}-adult"}},
    "*-apteryxowenii": {"skin": {"base": "entity/apterygidae/{species}-adult"}},
    "*-apteryxrowi": {"skin": {"base": "entity/apterygidae/{species}-adult"}},
    "*-aptornisdefossor": {"skin": {"base": "entity/aptornithidae/{species}-adult"}},
    "*-aptornisotidiformis": {"skin": {"base": "entity/aptornithidae/{species}-adult"}},
    "*-chenonettafinschi": {"skin": {"base": "entity/anatidae/{species}-{type}"}},
    "*-cnemiorniscalcitrans": {"skin": {"base": "entity/anatidae/{species}-adult"}},
    "*-cnemiornisgracilis": {"skin": {"base": "entity/anatidae/{species}-adult"}},
    "*-dendroscansordecurvirostris": {"skin": {"base": "entity/acanthisittidae/{species}-{type}"}},
    "*-baby-dinornisnovaezealandiae": {"skin": {"base": "entity/dinornithidae/{species}-baby"}},
    "*-dinornisnovaezealandiae": {"skin": {"base": "entity/dinornithidae/{species}-adult"}},
    "*-baby-dinornisrobustus": {"skin": {"base": "entity/dinornithidae/dinornisnovaezealandiae-baby"}},
    "*-dinornisrobustus": {"skin": {"base": "entity/dinornithidae/{species}-adult"}},
    "*-pachyplichasjagmi": {"skin": {"base": "entity/acanthisittidae/{species}-{type}"}},
    "*-pachyplichasyaldwyni": {"skin": {"base": "entity/acanthisittidae/{species}-{type}"}},
    "*-strigopshabroptila": {"skin": {"base": "entity/strigopidae/{species}-adult"}},
    "*-traversialyalli": {"skin": {"base": "entity/acanthisittidae/{species}-{type}"}},
    "*-xenicusgilviventris": {"skin": {"base": "entity/acanthisittidae/{species}-{type}"}},
    "*-xenicuslongipes": {"skin": {"base": "entity/acanthisittidae/{species}-{type}"}}
  },
  "combustibleProps": {
    "burnTemperature": 400,
    "burnDuration": 10
  },
  "sounds": {
    "place": "game:block/cloth",
    "walk": "game:walk/cloth"
  },
  "guiTransformByType": {
    "*": {
     "translation": {"x": 0,"y": 0,"z": 0},
    "rotation": {"x": -180,"y": -110,"z": 0},
    "origin": {"x": 1,"y": 0.3,"z": 0.5},
    "scale": 1.5
      }
  },
  "groundTransform": {
    "translation": {"x": 0.5,"y": 0,"z": 0},
    "rotation": {"x": 0,"y": 135,"z": 0},
    "origin": {"x": 1,"y": 0.5,"z": 0.5},
    "scale": 1
  },
  "tpHandTransform": {
    "translation": {"x": -0.55,"y": -0.6,"z": -0.15},
    "rotation": {"x": 0,"y": 0,"z": 0},
    "origin": {"x": 0.5,"y": 0.5,"z": 0.1},
    "scale": 1.0
  },
  "fpHandTransform": {
    "rotation": {"x": 0,"y": 0,"z": 0},
    "origin": {"x": 0.5,"y": -1,"z": 1.5}
  },
  "materialDensity": 200
}