[
{
	"ingredientPattern": "A,L",
	"ingredients": 
	{
		"A": { 
			"type": "item", 
			"code": "game:axe-*",
			"isTool": true,
			"toolDurabilityCost": 1
			},
		"L": {
			"type": "block",
			"code": "palisademod:palisade-*-four-lower-west",
			"name": "wood",
			"allowedVariants": ["bearnut", "beech", "blackpoplar", "catalpa", "cedar", "douglasfir", "elm", "eucalyptus", "honeylocust", "mahogany", "pyramidalpoplar", "sal", "saxaul", "spruce", "sycamore", "willow"]
			}
	},
	"width": 1,
	"height": 2,
	"output": { "type": "block", "code": "palisademod:palisade-{wood}-four-top-west", "quantity": 1 }
},
{
	"ingredientPattern": "A,L",
	"ingredients": 
	{
		"A": { 
			"type": "item", 
			"code": "game:axe-*",
			"isTool": true,
			"toolDurabilityCost": 1
			},
		"L": {
			"type": "block",
			"code": "palisademod:palisade-*-three-lower-west",
			"name": "wood",
			"allowedVariants": ["bearnut", "beech", "blackpoplar", "catalpa", "cedar", "douglasfir", "elm", "eucalyptus", "honeylocust", "mahogany", "pyramidalpoplar", "sal", "saxaul", "spruce", "sycamore", "willow"]
			}
	},
	"width": 1,
	"height": 2,
	"output": { "type": "block", "code": "palisademod:palisade-{wood}-three-top-west", "quantity": 1 }
}
]