[
{
	"ingredientPattern": "HA,_L,_L",
	"ingredients": 
	{
		"H": { 
			"type": "item",
			"code": "game:hammer-*",
			"isTool": true,
			"toolDurabilityCost": 4
			},
		"A": { 
			"type": "item", 
			"code": "game:axe-*",
			"isTool": true,
			"toolDurabilityCost": 4
			},
		"L": { 
			"type": "block",
			"code": "game:log-placed-*-ud",
			"name": "wood",
			"allowedVariants": ["bearnut", "beech", "blackpoplar", "catalpa", "cedar", "douglasfir", "elm", "eucalyptus", "honeylocust", "mahogany", "pyramidalpoplar", "sal", "saxaul", "spruce", "sycamore", "willow"]
			}
	},
	"width": 2,
	"height": 3,
	"output": { "type": "block", "code": "palisademod:palisade-{wood}-four-lower-west", "quantity": 4 }
},
{
	"ingredientPattern": "AH,L_,L_",
	"ingredients": 
	{
		"H": { 
			"type": "item",
			"code": "game:hammer-*",
			"isTool": true,
			"toolDurabilityCost": 4
			},
		"A": { 
			"type": "item", 
			"code": "game:axe-*",
			"isTool": true,
			"toolDurabilityCost": 4
			},
		"L": { 
			"type": "block",
			"code": "game:log-placed-*-ud",
			"name": "wood",
			"allowedVariants": ["bearnut", "beech", "blackpoplar", "catalpa", "cedar", "douglasfir", "elm", "eucalyptus", "honeylocust", "mahogany", "pyramidalpoplar", "sal", "saxaul", "spruce", "sycamore", "willow"]
			}
	},
	"width": 2,
	"height": 3,
	"output": { "type": "block", "code": "palisademod:palisade-{wood}-three-lower-west", "quantity": 4 }
}
]