﻿[
 {
   file: "expandedfoods:recipes/kneading/acorns/acornbreadedball.json",
    "side": "server",
    op: "add", 
    path: "/0/ingredients/3/inputs/-", 
    value: { type: "item", code: "wildcraftherb:herb-minerslettuce", quantity: 1 },
    dependsOn: [{ "modid": "acorns" }, { "modid": "wildcraftherb" }]
 },
 {
   file: "expandedfoods:recipes/kneading/acorns/acornbreadedball.json",
    "side": "server",
    op: "add", 
    path: "/1/ingredients/3/inputs/-", 
    value: { type: "item", code: "wildcraftherb:herb-minerslettuce", quantity: 1 },
    dependsOn: [{ "modid": "acorns" }, { "modid": "wildcraftherb" }]
 },
]