{
	"editor": {
		"backDropShape": "entity/humanoid/seraph",
		"allAngles": true,
		"entityTextureMode": true
	},
	"textureWidth": 64,
	"textureHeight": 64,
	"textureSizes": {
	},
	"textures": {
	},
	"elements": [
		{
			"name": "_ArmorUpperLegR",
			"stepParentName": "UpperFootR",
			"from": [ -0.19, -0.5, -0.1 ], 
			"to": [ 4.41, 9.0, 3.4 ], 
			"autoUnwrap": false,
			"uv": [ 17.5, 40.5 ],
			"rotationOrigin": [ -0.2, -0.5, -0.1 ],
			"faces": {
				"north": { "texture": "#default", "uv": [ 16.0, 40.0, 20.5, 49.5 ] },
				"east": { "texture": "#default", "uv": [ 20.5, 40.0, 24.0, 49.5 ] },
				"south": { "texture": "#default", "uv": [ 24.0, 40.0, 28.5, 49.5 ] },
				"west": { "texture": "#default", "uv": [ 28.5, 40.0, 32.0, 49.5 ] },
				"up": { "texture": "#default", "uv": [ 32.0, 4.0, 36.5, 7.5 ] },
				"down": { "texture": "#default", "uv": [ 36.5, 4.0, 41.0, 7.5 ] }
			},
			"children": [
				{
					"name": "ArmorUpperLegR-Base",
					"from": [ 0.0, 0.0, 0.0 ], 
					"to": [ 4.6, 9.5, 3.5 ], 
					"autoUnwrap": false,
					"uv": [ 17.5, 40.5 ],
					"rotationOrigin": [ -0.01, 0.0, 0.0 ],
					"faces": {
						"north": { "texture": "#material1", "uv": [ 16.0, 40.0, 20.5, 49.5 ] },
						"east": { "texture": "#material1", "uv": [ 20.5, 40.0, 24.0, 49.5 ] },
						"south": { "texture": "#material1", "uv": [ 24.0, 40.0, 28.5, 49.5 ] },
						"west": { "texture": "#material1", "uv": [ 28.5, 40.0, 32.0, 49.5 ] },
						"up": { "texture": "#material1", "uv": [ 32.0, 4.0, 36.5, 7.5 ] },
						"down": { "texture": "#material1", "uv": [ 36.5, 4.0, 41.0, 7.5 ] }
					}
				}
			]
		},
		{
			"name": "_ArmorUpperLegL",
			"stepParentName": "UpperFootL",
			"from": [ -0.19, -0.5, -0.2 ], 
			"to": [ 4.41, 9.0, 3.3 ], 
			"autoUnwrap": false,
			"uv": [ 0.0, 40.0 ],
			"rotationOrigin": [ -0.2, -0.5, -0.2 ],
			"faces": {
				"north": { "texture": "#default", "uv": [ 0.0, 40.0, 4.5, 49.5 ] },
				"east": { "texture": "#default", "uv": [ 4.5, 40.0, 8.0, 49.5 ] },
				"south": { "texture": "#default", "uv": [ 8.0, 40.0, 12.5, 49.5 ] },
				"west": { "texture": "#default", "uv": [ 12.5, 40.0, 16.0, 49.5 ] },
				"up": { "texture": "#default", "uv": [ 32.0, 0.5, 36.5, 4.0 ] },
				"down": { "texture": "#default", "uv": [ 36.5, 0.5, 41.0, 4.0 ] }
			},
			"children": [
				{
					"name": "ArmorUpperLegL-Base",
					"from": [ 0.0, 0.0, 0.0 ], 
					"to": [ 4.6, 9.5, 3.5 ], 
					"autoUnwrap": false,
					"uv": [ 0.0, 40.0 ],
					"rotationOrigin": [ -0.01, 0.0, 0.0 ],
					"faces": {
						"north": { "texture": "#material1", "uv": [ 0.0, 40.0, 4.5, 49.5 ] },
						"east": { "texture": "#material1", "uv": [ 4.5, 40.0, 8.0, 49.5 ] },
						"south": { "texture": "#material1", "uv": [ 8.0, 40.0, 12.5, 49.5 ] },
						"west": { "texture": "#material1", "uv": [ 12.5, 40.0, 16.0, 49.5 ] },
						"up": { "texture": "#material1", "uv": [ 32.0, 0.5, 36.5, 4.0 ] },
						"down": { "texture": "#material1", "uv": [ 36.5, 0.5, 41.0, 4.0 ] }
					}
				}
			]
		},
		{
			"name": "_ArmorLowerLegR",
			"stepParentName": "LowerFootR",
			"from": [ -0.3, -0.2, -0.15 ], 
			"to": [ 4.2, 9.3, 3.35 ], 
			"uv": [ 16.0, 51.0 ],
			"rotationOrigin": [ -0.3, -0.2, -0.3 ],
			"faces": {
				"north": { "texture": "#default", "uv": [ 16.0, 54.5, 20.5, 64.0 ] },
				"east": { "texture": "#default", "uv": [ 20.5, 54.5, 24.0, 64.0 ] },
				"south": { "texture": "#default", "uv": [ 24.0, 54.5, 28.5, 64.0 ] },
				"west": { "texture": "#default", "uv": [ 28.5, 54.5, 32.0, 64.0 ] },
				"up": { "texture": "#default", "uv": [ 16.0, 51.0, 20.5, 54.5 ] },
				"down": { "texture": "#default", "uv": [ 20.5, 51.0, 25.0, 54.5 ] }
			},
			"children": [
				{
					"name": "_ArmorKneeSideR",
					"from": [ 1.5, 6.6, -0.5 ], 
					"to": [ 5.5, 10.6, 0.0 ], 
					"unwrapMode": 1,
					"uv": [ 4.5, 8.5 ],
					"rotationOrigin": [ 1.5, 6.6, -0.5 ],
					"faces": {
						"north": { "texture": "#default", "uv": [ 5.0, 9.0, 9.0, 13.0 ] },
						"east": { "texture": "#default", "uv": [ 4.5, 9.0, 5.0, 13.0 ] },
						"south": { "texture": "#default", "uv": [ 9.5, 9.0, 13.5, 13.0 ] },
						"west": { "texture": "#default", "uv": [ 9.0, 9.0, 9.5, 13.0 ] },
						"up": { "texture": "#default", "uv": [ 5.0, 8.5, 9.0, 9.0 ], "rotation": 180 },
						"down": { "texture": "#default", "uv": [ 5.0, 13.0, 9.0, 13.5 ] }
					},
					"children": [
						{
							"name": "ArmorKneeSideR-Base",
							"from": [ 0.0, 0.0, 0.0 ], 
							"to": [ 4.0, 4.0, 0.5 ], 
							"unwrapMode": 1,
							"uv": [ 4.5, 8.5 ],
							"faces": {
								"north": { "texture": "#material4", "uv": [ 5.0, 9.0, 9.0, 13.0 ] },
								"east": { "texture": "#material4", "uv": [ 4.5, 9.0, 5.0, 13.0 ] },
								"south": { "texture": "#material4", "uv": [ 9.5, 9.0, 13.5, 13.0 ] },
								"west": { "texture": "#material4", "uv": [ 9.0, 9.0, 9.5, 13.0 ] },
								"up": { "texture": "#material4", "uv": [ 5.0, 8.5, 9.0, 9.0 ], "rotation": 180 },
								"down": { "texture": "#material4", "uv": [ 5.0, 13.0, 9.0, 13.5 ] }
							},
							"children": [
								{
									"name": "base ",
									"from": [ 1.3, 0.5, -0.5 ], 
									"to": [ 1.8, 3.5, 0.1 ], 
									"uv": [ 0.0, 0.0 ],
									"rotationOrigin": [ 2.8, 1.45, -1.95 ],
									"faces": {
										"north": { "texture": "#temporal", "uv": [ 0.0, 0.5, 0.5, 3.5 ] },
										"east": { "texture": "#temporal", "uv": [ 0.5, 0.5, 1.0, 3.5 ] },
										"south": { "texture": "#temporal", "uv": [ 1.0, 0.5, 1.5, 3.5 ] },
										"west": { "texture": "#temporal", "uv": [ 1.5, 0.5, 2.0, 3.5 ] },
										"up": { "texture": "#temporal", "uv": [ 0.0, 0.0, 0.5, 0.5 ] },
										"down": { "texture": "#temporal", "uv": [ 0.5, 0.0, 1.0, 0.5 ] }
									},
									"children": [
										{
											"name": "vertical",
											"from": [ 1.0, 0.0, 0.0 ], 
											"to": [ 1.5, 3.0, 0.6 ], 
											"uv": [ 0.0, 0.0 ],
											"faces": {
												"north": { "texture": "#temporal", "uv": [ 6.0, 5.0, 6.5, 8.0 ] },
												"east": { "texture": "#temporal", "uv": [ 5.0, 6.0, 5.5, 9.0 ] },
												"south": { "texture": "#temporal", "uv": [ 13.0, 10.0, 13.5, 13.0 ] },
												"west": { "texture": "#temporal", "uv": [ 0.0, 0.0, 0.5, 3.0 ] },
												"up": { "texture": "#temporal", "uv": [ 3.0, 4.0, 3.5, 4.5 ] },
												"down": { "texture": "#temporal", "uv": [ 0.0, 0.0, 0.5, 0.5 ] }
											},
											"children": [
												{
													"name": "Cube1",
													"from": [ 0.25, 1.75, -0.25 ], 
													"to": [ 0.35, 1.85, 0.75 ], 
													"uv": [ 0.0, 0.0 ],
													"rotationOrigin": [ 0.3, 1.25, -0.2 ],
													"faces": {
														"north": { "texture": "#temporal", "uv": [ 0.0, 1.0, 0.5, 1.5 ] },
														"east": { "texture": "#temporal", "uv": [ 0.5, 1.0, 1.5, 1.5 ] },
														"south": { "texture": "#temporal", "uv": [ 1.5, 1.0, 2.0, 1.5 ] },
														"west": { "texture": "#temporal", "uv": [ 2.0, 1.0, 3.0, 1.5 ] },
														"up": { "texture": "#temporal", "uv": [ 0.0, 0.0, 0.5, 1.0 ] },
														"down": { "texture": "#temporal", "uv": [ 0.5, 0.0, 1.0, 1.0 ] }
													}
												},
												{
													"name": "Cube10",
													"from": [ -0.75, 1.2, -0.15 ], 
													"to": [ -0.65, 1.3, 0.85 ], 
													"uv": [ 0.0, 0.0 ],
													"rotationOrigin": [ 0.3, 1.25, 0.0 ],
													"faces": {
														"north": { "texture": "#temporal", "uv": [ 0.0, 1.0, 0.5, 1.5 ] },
														"east": { "texture": "#temporal", "uv": [ 0.5, 1.0, 1.5, 1.5 ] },
														"south": { "texture": "#temporal", "uv": [ 1.5, 1.0, 2.0, 1.5 ] },
														"west": { "texture": "#temporal", "uv": [ 2.0, 1.0, 3.0, 1.5 ] },
														"up": { "texture": "#temporal", "uv": [ 0.0, 0.0, 0.5, 1.0 ] },
														"down": { "texture": "#temporal", "uv": [ 0.5, 0.0, 1.0, 1.0 ] }
													}
												},
												{
													"name": "Cube11",
													"from": [ -0.5, 2.0, -0.2 ], 
													"to": [ -0.4, 2.1, 0.8 ], 
													"uv": [ 0.0, 0.0 ],
													"rotationOrigin": [ 0.3, 1.25, -0.4 ],
													"faces": {
														"north": { "texture": "#temporal", "uv": [ 0.0, 1.0, 0.5, 1.5 ] },
														"east": { "texture": "#temporal", "uv": [ 0.5, 1.0, 1.5, 1.5 ] },
														"south": { "texture": "#temporal", "uv": [ 1.5, 1.0, 2.0, 1.5 ] },
														"west": { "texture": "#temporal", "uv": [ 2.0, 1.0, 3.0, 1.5 ] },
														"up": { "texture": "#temporal", "uv": [ 0.0, 0.0, 0.5, 1.0 ] },
														"down": { "texture": "#temporal", "uv": [ 0.5, 0.0, 1.0, 1.0 ] }
													}
												},
												{
													"name": "Cube12",
													"from": [ -0.1, 1.0, -0.25 ], 
													"to": [ 0.0, 1.1, 0.75 ], 
													"uv": [ 0.0, 0.0 ],
													"rotationOrigin": [ 0.3, 1.25, 0.0 ],
													"faces": {
														"north": { "texture": "#temporal", "uv": [ 0.0, 0.0, 0.0, 0.0 ] },
														"east": { "texture": "#temporal", "uv": [ 0.0, 0.0, 1.0, 0.0 ] },
														"south": { "texture": "#temporal", "uv": [ 0.0, 0.0, 0.0, 0.0 ] },
														"west": { "texture": "#temporal", "uv": [ 0.0, 0.0, 1.0, 0.0 ] },
														"up": { "texture": "#temporal", "uv": [ 0.0, 0.0, 0.0, 1.0 ] },
														"down": { "texture": "#temporal", "uv": [ 0.0, 0.0, 0.0, 1.0 ] }
													}
												}
											]
										},
										{
											"name": "horizontal 1",
											"from": [ -0.75, 1.75, -0.05 ], 
											"to": [ 2.25, 2.25, 0.65 ], 
											"uv": [ 0.0, 0.0 ],
											"faces": {
												"north": { "texture": "#temporal", "uv": [ 0.0, 1.0, 3.0, 1.5 ] },
												"east": { "texture": "#temporal", "uv": [ 4.0, 0.0, 4.5, 0.5 ] },
												"south": { "texture": "#temporal", "uv": [ 3.0, 7.0, 6.0, 7.5 ] },
												"west": { "texture": "#temporal", "uv": [ 6.0, 7.0, 6.5, 7.5 ] },
												"up": { "texture": "#temporal", "uv": [ 0.0, 1.0, 3.0, 1.5 ] },
												"down": { "texture": "#temporal", "uv": [ 0.0, 0.0, 3.0, 0.5 ] }
											}
										},
										{
											"name": "horizontal 2",
											"from": [ -0.75, 0.75, -0.05 ], 
											"to": [ 2.25, 1.25, 0.65 ], 
											"uv": [ 0.0, 0.0 ],
											"faces": {
												"north": { "texture": "#temporal", "uv": [ 0.0, 0.0, 3.0, 0.5 ] },
												"east": { "texture": "#temporal", "uv": [ 2.0, 11.0, 2.5, 11.5 ] },
												"south": { "texture": "#temporal", "uv": [ 9.0, 6.0, 12.0, 6.5 ] },
												"west": { "texture": "#temporal", "uv": [ 13.0, 12.0, 13.5, 12.5 ] },
												"up": { "texture": "#temporal", "uv": [ 0.0, 0.0, 3.0, 0.5 ] },
												"down": { "texture": "#temporal", "uv": [ 0.0, 0.0, 3.0, 0.5 ] }
											}
										},
										{
											"name": "secondary vertical 1",
											"from": [ -0.5, 0.25, 0.05 ], 
											"to": [ 0.0, 2.75, 0.55 ], 
											"uv": [ 0.0, 0.0 ],
											"faces": {
												"north": { "texture": "#temporal", "uv": [ 0.0, 0.0, 0.5, 2.5 ] },
												"east": { "texture": "#temporal", "uv": [ 0.0, 0.0, 0.5, 2.5 ] },
												"south": { "texture": "#temporal", "uv": [ 3.0, 3.0, 3.5, 5.5 ] },
												"west": { "texture": "#temporal", "uv": [ 0.0, 0.0, 0.5, 2.5 ] },
												"up": { "texture": "#temporal", "uv": [ 11.0, 4.0, 11.5, 4.5 ] },
												"down": { "texture": "#temporal", "uv": [ 3.0, 9.0, 3.5, 9.5 ] }
											}
										},
										{
											"name": "secondary vertical 2",
											"from": [ 1.5, 0.25, 0.05 ], 
											"to": [ 2.0, 2.75, 0.55 ], 
											"uv": [ 0.0, 0.0 ],
											"faces": {
												"north": { "texture": "#temporal", "uv": [ 0.0, 0.0, 0.5, 2.5 ] },
												"east": { "texture": "#temporal", "uv": [ 0.0, 0.0, 0.5, 2.5 ] },
												"south": { "texture": "#temporal", "uv": [ 6.0, 1.0, 6.5, 3.5 ] },
												"west": { "texture": "#temporal", "uv": [ 5.0, 6.0, 5.5, 8.5 ] },
												"up": { "texture": "#temporal", "uv": [ 5.0, 3.0, 5.5, 3.5 ] },
												"down": { "texture": "#temporal", "uv": [ 1.0, 10.0, 1.5, 10.5 ] }
											}
										},
										{
											"name": "cube up",
											"from": [ 0.5, 2.25, 0.05 ], 
											"to": [ 1.0, 2.75, 0.55 ], 
											"uv": [ 0.0, 0.0 ],
											"faces": {
												"north": { "texture": "#temporal", "uv": [ 5.0, 13.0, 5.5, 13.5 ] },
												"east": { "texture": "#temporal", "uv": [ 4.0, 6.0, 4.5, 6.5 ] },
												"south": { "texture": "#temporal", "uv": [ 8.0, 6.0, 8.5, 6.5 ] },
												"west": { "texture": "#temporal", "uv": [ 4.0, 11.0, 4.5, 11.5 ] },
												"up": { "texture": "#temporal", "uv": [ 3.0, 4.0, 3.5, 4.5 ] },
												"down": { "texture": "#temporal", "uv": [ 0.0, 0.0, 0.5, 0.5 ] }
											}
										},
										{
											"name": "Cube16",
											"from": [ 0.5, 0.25, 0.05 ], 
											"to": [ 1.0, 0.75, 0.55 ], 
											"uv": [ 0.0, 0.0 ],
											"faces": {
												"north": { "texture": "#temporal", "uv": [ 0.0, 0.0, 0.5, 0.5 ] },
												"east": { "texture": "#temporal", "uv": [ 0.0, 0.0, 0.5, 0.5 ] },
												"south": { "texture": "#temporal", "uv": [ 13.0, 15.0, 13.5, 15.5 ] },
												"west": { "texture": "#temporal", "uv": [ 0.0, 0.0, 0.5, 0.5 ] },
												"up": { "texture": "#temporal", "uv": [ 2.0, 3.0, 2.5, 3.5 ] },
												"down": { "texture": "#temporal", "uv": [ 2.0, 1.0, 2.5, 1.5 ] }
											}
										}
									]
								}
							]
						}
					]
				},
				{
					"name": "_ArmorKneeR",
					"from": [ -0.3, 4.5, -0.3 ], 
					"to": [ 1.7, 7.8, 3.7 ], 
					"unwrapMode": 4,
					"uv": [ 44.5, 56.0 ],
					"rotationOrigin": [ -0.3, 4.5, -0.3 ],
					"faces": {
						"north": { "texture": "#default", "uv": [ 44.5, 58.0, 46.5, 61.0 ] },
						"east": { "texture": "#default", "uv": [ 52.5, 58.0, 56.5, 61.0 ] },
						"south": { "texture": "#default", "uv": [ 50.5, 58.0, 52.5, 61.0 ] },
						"west": { "texture": "#default", "uv": [ 46.5, 58.0, 50.5, 61.0 ] },
						"up": { "texture": "#default", "uv": [ 46.5, 56.0, 50.5, 58.0 ], "rotation": 90 },
						"down": { "texture": "#default", "uv": [ 46.5, 61.0, 50.5, 63.0 ], "rotation": 90 }
					},
					"children": [
						{
							"name": "ArmorKneeR-Base",
							"from": [ 0.0, -4.6, 0.0 ], 
							"to": [ 2.0, -0.1, 4.0 ], 
							"unwrapMode": 4,
							"uv": [ 44.5, 51.5 ],
							"rotationOrigin": [ 0.0, -4.6, 0.0 ],
							"faces": {
								"north": { "texture": "#default", "uv": [ 44.5, 53.5, 46.5, 58.0 ] },
								"east": { "texture": "#default", "uv": [ 52.5, 53.5, 56.5, 58.0 ] },
								"south": { "texture": "#default", "uv": [ 50.5, 53.5, 52.5, 58.0 ] },
								"west": { "texture": "#default", "uv": [ 46.5, 53.5, 50.5, 58.0 ] },
								"up": { "texture": "#default", "uv": [ 46.5, 51.5, 50.5, 53.5 ], "rotation": 90 },
								"down": { "texture": "#default", "uv": [ 46.5, 58.0, 50.5, 60.0 ], "rotation": 90 }
							}
						},
						{
							"name": "ArmorKneeR-Base-2",
							"from": [ 2.0, -4.6, 0.0 ], 
							"to": [ 5.0, -2.1, 4.0 ], 
							"unwrapMode": 4,
							"uv": [ 45.5, 51.5 ],
							"rotationOrigin": [ 2.0, -4.6, 0.0 ],
							"faces": {
								"north": { "texture": "#default", "uv": [ 45.5, 54.5, 48.5, 57.0 ] },
								"east": { "texture": "#default", "uv": [ 55.5, 54.5, 59.5, 57.0 ] },
								"south": { "texture": "#default", "uv": [ 52.5, 54.5, 55.5, 57.0 ] },
								"west": { "texture": "#default", "uv": [ 48.5, 54.5, 52.5, 57.0 ] },
								"up": { "texture": "#default", "uv": [ 48.5, 51.5, 52.5, 54.5 ], "rotation": 90 },
								"down": { "texture": "#default", "uv": [ 48.5, 57.0, 52.5, 60.0 ], "rotation": 90 }
							}
						},
						{
							"name": "ArmorKneeR50",
							"from": [ -0.3, 2.6, 0.0 ], 
							"to": [ 1.9, 5.6, 4.0 ], 
							"unwrapMode": 4,
							"uv": [ 44.5, 56.0 ],
							"rotationOrigin": [ -0.3, 2.6, 0.0 ],
							"faces": {
								"north": { "texture": "#material4", "uv": [ 44.5, 58.0, 46.5, 61.0 ] },
								"east": { "texture": "#material4", "uv": [ 52.5, 58.0, 56.5, 61.0 ] },
								"south": { "texture": "#material4", "uv": [ 50.5, 58.0, 52.5, 61.0 ] },
								"west": { "texture": "#material4", "uv": [ 46.5, 58.0, 50.5, 61.0 ] },
								"up": { "texture": "#material4", "uv": [ 46.5, 56.0, 50.5, 58.0 ], "rotation": 90 },
								"down": { "texture": "#material4", "uv": [ 46.5, 61.0, 50.5, 63.0 ], "rotation": 90 }
							},
							"children": [
								{
									"name": "ArmorKneeR51",
									"from": [ -0.1, 0.5, 0.5 ], 
									"to": [ 1.9, 2.5, 3.5 ], 
									"unwrapMode": 4,
									"uv": [ 44.5, 56.0 ],
									"rotationOrigin": [ -0.1, 0.5, 0.5 ],
									"faces": {
										"north": { "texture": "#material3", "uv": [ 44.5, 58.0, 46.5, 60.0 ] },
										"east": { "texture": "#material3", "uv": [ 51.5, 58.0, 54.5, 60.0 ] },
										"south": { "texture": "#material3", "uv": [ 49.5, 58.0, 51.5, 60.0 ] },
										"west": { "texture": "#material3", "uv": [ 46.5, 58.0, 49.5, 60.0 ] },
										"up": { "texture": "#material3", "uv": [ 46.5, 56.0, 49.5, 58.0 ], "rotation": 90 },
										"down": { "texture": "#material3", "uv": [ 46.5, 60.0, 49.5, 62.0 ], "rotation": 90 }
									},
									"children": [
										{
											"name": "gemsocket1",
											"from": [ -0.1, 0.25, 0.75 ], 
											"to": [ 0.1, 1.75, 2.25 ], 
											"uv": [ 0.0, 0.0 ],
											"rotationOrigin": [ -0.1, 0.2, 0.8 ],
											"faces": {
												"north": { "texture": "#gemsocket", "uv": [ 0.0, 1.5, 0.5, 3.0 ] },
												"east": { "texture": "#gemsocket", "uv": [ 0.5, 1.5, 2.0, 3.0 ] },
												"south": { "texture": "#gemsocket", "uv": [ 2.0, 1.5, 2.5, 3.0 ] },
												"west": { "texture": "#gemsocket", "uv": [ 2.5, 1.5, 4.0, 3.0 ] },
												"up": { "texture": "#gemsocket", "uv": [ 0.0, 0.0, 0.5, 1.5 ] },
												"down": { "texture": "#gemsocket", "uv": [ 0.5, 0.0, 1.0, 1.5 ] }
											},
											"children": [
												{
													"name": "gem1",
													"from": [ -0.1, 0.1, 0.1 ], 
													"to": [ 0.1, 1.4, 1.4 ], 
													"uv": [ 0.0, 0.0 ],
													"rotationOrigin": [ -0.1, 0.05, 0.1 ],
													"faces": {
														"north": { "texture": "#gem", "uv": [ 0.0, 1.0, 0.5, 2.0 ], "glow": 100 },
														"east": { "texture": "#gem", "uv": [ 0.5, 1.0, 1.5, 2.0 ], "glow": 100, "windMode": [-1,-1,-1,-1] },
														"south": { "texture": "#gem", "uv": [ 1.5, 1.0, 2.0, 2.0 ], "glow": 100, "windMode": [-1,-1,-1,-1] },
														"west": { "texture": "#gem", "uv": [ 2.0, 1.0, 3.0, 2.0 ], "glow": 100, "windMode": [-1,-1,-1,-1] },
														"up": { "texture": "#gem", "uv": [ 0.0, 0.0, 0.5, 1.0 ], "glow": 100, "windMode": [-1,-1,-1,-1] },
														"down": { "texture": "#gem", "uv": [ 0.5, 0.0, 1.0, 1.0 ], "glow": 100, "windMode": [-1,-1,-1,-1] }
													}
												}
											]
										}
									]
								}
							]
						}
					]
				},
				{
					"name": "ArmorLowerLegR-Base",
					"from": [ 0.0, 0.0, 0.0 ], 
					"to": [ 4.5, 9.21, 3.5 ], 
					"uv": [ 16.0, 51.0 ],
					"rotationOrigin": [ 0.0, 0.0, -0.15 ],
					"faces": {
						"north": { "texture": "#material1", "uv": [ 16.0, 54.5, 20.5, 63.5 ] },
						"east": { "texture": "#material1", "uv": [ 20.5, 54.5, 24.0, 63.5 ] },
						"south": { "texture": "#material1", "uv": [ 24.0, 54.5, 28.5, 63.5 ] },
						"west": { "texture": "#material1", "uv": [ 28.5, 54.5, 32.0, 63.5 ] },
						"up": { "texture": "#material1", "uv": [ 16.0, 51.0, 20.5, 54.5 ] },
						"down": { "texture": "#material1", "uv": [ 20.5, 51.0, 25.0, 54.5 ] }
					},
					"children": [
						{
							"name": "ArmorLowerLegR-Base-1",
							"from": [ -0.01, -0.01, -0.01 ], 
							"to": [ 4.51, 2.49, 3.51 ], 
							"uv": [ 16.0, 51.0 ],
							"rotationOrigin": [ 0.0, 0.0, -0.15 ],
							"faces": {
								"north": { "texture": "#material2", "uv": [ 16.0, 54.5, 20.5, 57.0 ] },
								"east": { "texture": "#material2", "uv": [ 20.5, 54.5, 24.0, 57.0 ] },
								"south": { "texture": "#material2", "uv": [ 24.0, 54.5, 28.5, 57.0 ] },
								"west": { "texture": "#material2", "uv": [ 28.5, 54.5, 32.0, 57.0 ] },
								"up": { "texture": "#material2", "uv": [ 16.0, 51.0, 20.5, 54.5 ] },
								"down": { "texture": "#material2", "uv": [ 20.5, 51.0, 25.0, 54.5 ] }
							}
						},
						{
							"name": "ArmorLowerLegR-Base-2",
							"from": [ 0.2, 8.0, 0.09 ], 
							"to": [ 4.1, 10.21, 3.2 ], 
							"uv": [ 16.0, 51.0 ],
							"rotationOrigin": [ 0.2, 8.0, -0.05 ],
							"faces": {
								"north": { "texture": "#material1", "uv": [ 16.0, 54.0, 19.5, 56.0 ] },
								"east": { "texture": "#material1", "uv": [ 19.5, 54.0, 22.5, 56.0 ] },
								"south": { "texture": "#material1", "uv": [ 22.5, 54.0, 26.0, 56.0 ] },
								"west": { "texture": "#material1", "uv": [ 26.0, 54.0, 29.0, 56.0 ] },
								"up": { "texture": "#material1", "uv": [ 16.0, 51.0, 19.5, 54.0 ] },
								"down": { "texture": "#material1", "uv": [ 19.5, 51.0, 23.0, 54.0 ] }
							}
						},
						{
							"name": "ArmorLowerLegR-Base-48",
							"from": [ -0.02, -0.02, -0.02 ], 
							"to": [ 4.52, 1.98, 3.52 ], 
							"uv": [ 16.0, 51.0 ],
							"rotationOrigin": [ 0.0, 0.0, -0.15 ],
							"faces": {
								"north": { "texture": "#material4", "uv": [ 16.0, 54.5, 20.5, 56.5 ] },
								"east": { "texture": "#material4", "uv": [ 20.5, 54.5, 24.0, 56.5 ] },
								"south": { "texture": "#material4", "uv": [ 24.0, 54.5, 28.5, 56.5 ] },
								"west": { "texture": "#material4", "uv": [ 28.5, 54.5, 32.0, 56.5 ] },
								"up": { "texture": "#material4", "uv": [ 16.0, 51.0, 20.5, 54.5 ] },
								"down": { "texture": "#material4", "uv": [ 20.5, 51.0, 25.0, 54.5 ] }
							}
						}
					]
				},
				{
					"name": "_ArmorKneeSideR54",
					"from": [ 1.5, 6.6, -0.5 ], 
					"to": [ 5.5, 10.6, 0.0 ], 
					"unwrapMode": 1,
					"uv": [ 4.5, 8.5 ],
					"rotationOrigin": [ 1.5, 6.6, -0.5 ],
					"faces": {
						"north": { "texture": "#default", "uv": [ 5.0, 9.0, 9.0, 13.0 ] },
						"east": { "texture": "#default", "uv": [ 4.5, 9.0, 5.0, 13.0 ] },
						"south": { "texture": "#default", "uv": [ 9.5, 9.0, 13.5, 13.0 ] },
						"west": { "texture": "#default", "uv": [ 9.0, 9.0, 9.5, 13.0 ] },
						"up": { "texture": "#default", "uv": [ 5.0, 8.5, 9.0, 9.0 ], "rotation": 180 },
						"down": { "texture": "#default", "uv": [ 5.0, 13.0, 9.0, 13.5 ] }
					},
					"children": [
						{
							"name": "ArmorKneeSideR-Base55",
							"from": [ 0.3, 0.3, -0.2 ], 
							"to": [ 3.7, 3.7, 0.3 ], 
							"unwrapMode": 1,
							"uv": [ 4.5, 8.5 ],
							"rotationOrigin": [ 0.3, 0.3, -0.2 ],
							"faces": {
								"north": { "texture": "#material3", "uv": [ 5.0, 9.0, 8.0, 12.0 ] },
								"east": { "texture": "#material3", "uv": [ 4.5, 9.0, 5.0, 12.0 ] },
								"south": { "texture": "#material3", "uv": [ 8.5, 9.0, 11.5, 12.0 ] },
								"west": { "texture": "#material3", "uv": [ 8.0, 9.0, 8.5, 12.0 ] },
								"up": { "texture": "#material3", "uv": [ 5.0, 8.5, 8.0, 9.0 ], "rotation": 180 },
								"down": { "texture": "#material3", "uv": [ 5.0, 12.0, 8.0, 12.5 ] }
							}
						}
					]
				}
			]
		},
		{
			"name": "_ArmorLowerLegL",
			"stepParentName": "LowerFootL",
			"from": [ -0.3, -0.2, -0.35 ], 
			"to": [ 4.2, 9.3, 3.16 ], 
			"uv": [ 0.0, 51.0 ],
			"rotationOrigin": [ -0.3, -0.2, -0.5 ],
			"faces": {
				"north": { "texture": "#default", "uv": [ 0.0, 54.5, 4.5, 64.0 ] },
				"east": { "texture": "#default", "uv": [ 4.5, 54.5, 8.0, 64.0 ] },
				"south": { "texture": "#default", "uv": [ 8.0, 54.5, 12.5, 64.0 ] },
				"west": { "texture": "#default", "uv": [ 12.5, 54.5, 16.0, 64.0 ] },
				"up": { "texture": "#default", "uv": [ 0.0, 51.0, 4.5, 54.5 ] },
				"down": { "texture": "#default", "uv": [ 4.5, 51.0, 9.0, 54.5 ] }
			},
			"children": [
				{
					"name": "_ArmorKneeSideL",
					"from": [ 1.5, 6.6, 3.49 ], 
					"to": [ 5.5, 10.6, 3.99 ], 
					"unwrapMode": 3,
					"uv": [ 4.5, 2.5 ],
					"rotationOrigin": [ 1.5, 6.6, 3.5 ],
					"faces": {
						"north": { "texture": "#default", "uv": [ 9.5, 3.0, 13.5, 7.0 ] },
						"east": { "texture": "#default", "uv": [ 9.0, 3.0, 9.5, 7.0 ] },
						"south": { "texture": "#default", "uv": [ 5.0, 3.0, 9.0, 7.0 ] },
						"west": { "texture": "#default", "uv": [ 4.5, 3.0, 5.0, 7.0 ] },
						"up": { "texture": "#default", "uv": [ 5.0, 2.5, 9.0, 3.0 ] },
						"down": { "texture": "#default", "uv": [ 5.0, 7.0, 9.0, 7.5 ], "rotation": 180 }
					},
					"children": [
						{
							"name": "ArmorKneeSideL-Base",
							"from": [ 0.0, 0.0, 0.0 ], 
							"to": [ 4.0, 4.0, 0.5 ], 
							"unwrapMode": 3,
							"uv": [ 4.5, 2.5 ],
							"rotationOrigin": [ 0.0, 0.0, 0.01 ],
							"faces": {
								"north": { "texture": "#material4", "uv": [ 9.5, 3.0, 13.5, 7.0 ] },
								"east": { "texture": "#material4", "uv": [ 9.0, 3.0, 9.5, 7.0 ] },
								"south": { "texture": "#material4", "uv": [ 5.0, 3.0, 9.0, 7.0 ] },
								"west": { "texture": "#material4", "uv": [ 4.5, 3.0, 5.0, 7.0 ] },
								"up": { "texture": "#material4", "uv": [ 5.0, 2.5, 9.0, 3.0 ] },
								"down": { "texture": "#material4", "uv": [ 5.0, 7.0, 9.0, 7.5 ], "rotation": 180 }
							},
							"children": [
								{
									"name": "base 35",
									"from": [ 1.3, 0.5, 0.41 ], 
									"to": [ 1.8, 3.5, 1.01 ], 
									"uv": [ 0.0, 0.0 ],
									"rotationOrigin": [ 2.1, 2.05, 0.66 ],
									"faces": {
										"north": { "texture": "#temporal", "uv": [ 0.0, 0.5, 0.5, 3.5 ] },
										"east": { "texture": "#temporal", "uv": [ 0.5, 0.5, 1.0, 3.5 ] },
										"south": { "texture": "#temporal", "uv": [ 1.0, 0.5, 1.5, 3.5 ] },
										"west": { "texture": "#temporal", "uv": [ 1.5, 0.5, 2.0, 3.5 ] },
										"up": { "texture": "#temporal", "uv": [ 0.0, 0.0, 0.5, 0.5 ] },
										"down": { "texture": "#temporal", "uv": [ 0.5, 0.0, 1.0, 0.5 ] }
									},
									"children": [
										{
											"name": "vertical36",
											"from": [ 1.0, 0.0, 0.0 ], 
											"to": [ 1.5, 3.0, 0.6 ], 
											"uv": [ 0.0, 0.0 ],
											"faces": {
												"north": { "texture": "#temporal", "uv": [ 0.0, 0.5, 0.5, 3.5 ] },
												"east": { "texture": "#temporal", "uv": [ 0.5, 0.5, 1.0, 3.5 ] },
												"south": { "texture": "#temporal", "uv": [ 1.0, 0.5, 1.5, 3.5 ] },
												"west": { "texture": "#temporal", "uv": [ 1.5, 0.5, 2.0, 3.5 ] },
												"up": { "texture": "#temporal", "uv": [ 0.0, 0.0, 0.5, 0.5 ] },
												"down": { "texture": "#temporal", "uv": [ 0.5, 0.0, 1.0, 0.5 ] }
											},
											"children": [
												{
													"name": "Cube37",
													"from": [ 0.25, 1.75, -0.05 ], 
													"to": [ 0.35, 1.85, 0.95 ], 
													"uv": [ 0.0, 0.0 ],
													"rotationOrigin": [ 0.3, 1.25, 0.0 ],
													"faces": {
														"north": { "texture": "#temporal", "uv": [ 0.0, 1.0, 0.5, 1.5 ] },
														"east": { "texture": "#temporal", "uv": [ 0.5, 1.0, 1.5, 1.5 ] },
														"south": { "texture": "#temporal", "uv": [ 1.5, 1.0, 2.0, 1.5 ] },
														"west": { "texture": "#temporal", "uv": [ 2.0, 1.0, 3.0, 1.5 ] },
														"up": { "texture": "#temporal", "uv": [ 0.0, 0.0, 0.5, 1.0 ] },
														"down": { "texture": "#temporal", "uv": [ 0.5, 0.0, 1.0, 1.0 ] }
													}
												},
												{
													"name": "Cube38",
													"from": [ -0.75, 1.2, -0.15 ], 
													"to": [ -0.65, 1.3, 0.85 ], 
													"uv": [ 0.0, 0.0 ],
													"rotationOrigin": [ 0.3, 1.25, 0.0 ],
													"faces": {
														"north": { "texture": "#temporal", "uv": [ 0.0, 1.0, 0.5, 1.5 ] },
														"east": { "texture": "#temporal", "uv": [ 0.5, 1.0, 1.5, 1.5 ] },
														"south": { "texture": "#temporal", "uv": [ 1.5, 1.0, 2.0, 1.5 ] },
														"west": { "texture": "#temporal", "uv": [ 2.0, 1.0, 3.0, 1.5 ] },
														"up": { "texture": "#temporal", "uv": [ 0.0, 0.0, 0.5, 1.0 ] },
														"down": { "texture": "#temporal", "uv": [ 0.5, 0.0, 1.0, 1.0 ] }
													}
												},
												{
													"name": "Cube39",
													"from": [ -0.5, 2.0, -0.1 ], 
													"to": [ -0.4, 2.1, 0.9 ], 
													"uv": [ 0.0, 0.0 ],
													"rotationOrigin": [ 0.3, 1.25, -0.3 ],
													"faces": {
														"north": { "texture": "#temporal", "uv": [ 0.0, 1.0, 0.5, 1.5 ] },
														"east": { "texture": "#temporal", "uv": [ 0.5, 1.0, 1.5, 1.5 ] },
														"south": { "texture": "#temporal", "uv": [ 1.5, 1.0, 2.0, 1.5 ] },
														"west": { "texture": "#temporal", "uv": [ 2.0, 1.0, 3.0, 1.5 ] },
														"up": { "texture": "#temporal", "uv": [ 0.0, 0.0, 0.5, 1.0 ] },
														"down": { "texture": "#temporal", "uv": [ 0.5, 0.0, 1.0, 1.0 ] }
													}
												},
												{
													"name": "Cube40",
													"from": [ -0.1, 1.0, -0.25 ], 
													"to": [ 0.0, 1.1, 0.75 ], 
													"uv": [ 0.0, 0.0 ],
													"rotationOrigin": [ 0.3, 1.25, 0.0 ],
													"faces": {
														"north": { "texture": "#temporal", "uv": [ 0.0, 1.0, 0.5, 1.5 ] },
														"east": { "texture": "#temporal", "uv": [ 0.5, 1.0, 1.5, 1.5 ] },
														"south": { "texture": "#temporal", "uv": [ 1.5, 1.0, 2.0, 1.5 ] },
														"west": { "texture": "#temporal", "uv": [ 2.0, 1.0, 3.0, 1.5 ] },
														"up": { "texture": "#temporal", "uv": [ 0.0, 0.0, 0.5, 1.0 ] },
														"down": { "texture": "#temporal", "uv": [ 0.5, 0.0, 1.0, 1.0 ] }
													}
												}
											]
										},
										{
											"name": "horizontal 41",
											"from": [ -0.75, 1.75, -0.05 ], 
											"to": [ 2.25, 2.25, 0.65 ], 
											"uv": [ 0.0, 0.0 ],
											"faces": {
												"north": { "texture": "#temporal", "uv": [ 0.0, 0.5, 3.0, 1.0 ] },
												"east": { "texture": "#temporal", "uv": [ 3.0, 0.5, 3.5, 1.0 ] },
												"south": { "texture": "#temporal", "uv": [ 3.5, 0.5, 6.5, 1.0 ] },
												"west": { "texture": "#temporal", "uv": [ 6.5, 0.5, 7.0, 1.0 ] },
												"up": { "texture": "#temporal", "uv": [ 0.0, 0.0, 3.0, 0.5 ] },
												"down": { "texture": "#temporal", "uv": [ 3.0, 0.0, 6.0, 0.5 ] }
											}
										},
										{
											"name": "horizontal 42",
											"from": [ -0.75, 0.75, -0.05 ], 
											"to": [ 2.25, 1.25, 0.65 ], 
											"uv": [ 0.0, 0.0 ],
											"faces": {
												"north": { "texture": "#temporal", "uv": [ 0.0, 0.5, 3.0, 1.0 ] },
												"east": { "texture": "#temporal", "uv": [ 3.0, 0.5, 3.5, 1.0 ] },
												"south": { "texture": "#temporal", "uv": [ 3.5, 0.5, 6.5, 1.0 ] },
												"west": { "texture": "#temporal", "uv": [ 6.5, 0.5, 7.0, 1.0 ] },
												"up": { "texture": "#temporal", "uv": [ 0.0, 0.0, 3.0, 0.5 ] },
												"down": { "texture": "#temporal", "uv": [ 3.0, 0.0, 6.0, 0.5 ] }
											}
										},
										{
											"name": "secondary vertical 43",
											"from": [ -0.5, 0.25, 0.05 ], 
											"to": [ 0.0, 2.75, 0.55 ], 
											"uv": [ 0.0, 0.0 ],
											"faces": {
												"north": { "texture": "#temporal", "uv": [ 0.0, 0.5, 0.5, 3.0 ] },
												"east": { "texture": "#temporal", "uv": [ 0.5, 0.5, 1.0, 3.0 ] },
												"south": { "texture": "#temporal", "uv": [ 1.0, 0.5, 1.5, 3.0 ] },
												"west": { "texture": "#temporal", "uv": [ 1.5, 0.5, 2.0, 3.0 ] },
												"up": { "texture": "#temporal", "uv": [ 0.0, 0.0, 0.5, 0.5 ] },
												"down": { "texture": "#temporal", "uv": [ 0.5, 0.0, 1.0, 0.5 ] }
											}
										},
										{
											"name": "secondary vertical 44",
											"from": [ 1.5, 0.25, 0.05 ], 
											"to": [ 2.0, 2.75, 0.55 ], 
											"uv": [ 0.0, 0.0 ],
											"faces": {
												"north": { "texture": "#temporal", "uv": [ 0.0, 0.5, 0.5, 3.0 ] },
												"east": { "texture": "#temporal", "uv": [ 0.5, 0.5, 1.0, 3.0 ] },
												"south": { "texture": "#temporal", "uv": [ 1.0, 0.5, 1.5, 3.0 ] },
												"west": { "texture": "#temporal", "uv": [ 1.5, 0.5, 2.0, 3.0 ] },
												"up": { "texture": "#temporal", "uv": [ 0.0, 0.0, 0.5, 0.5 ] },
												"down": { "texture": "#temporal", "uv": [ 0.5, 0.0, 1.0, 0.5 ] }
											}
										},
										{
											"name": "cube up45",
											"from": [ 0.5, 2.25, 0.05 ], 
											"to": [ 1.0, 2.75, 0.55 ], 
											"uv": [ 0.0, 0.0 ],
											"faces": {
												"north": { "texture": "#temporal", "uv": [ 0.0, 0.5, 0.5, 1.0 ] },
												"east": { "texture": "#temporal", "uv": [ 0.5, 0.5, 1.0, 1.0 ] },
												"south": { "texture": "#temporal", "uv": [ 1.0, 0.5, 1.5, 1.0 ] },
												"west": { "texture": "#temporal", "uv": [ 1.5, 0.5, 2.0, 1.0 ] },
												"up": { "texture": "#temporal", "uv": [ 0.0, 0.0, 0.5, 0.5 ] },
												"down": { "texture": "#temporal", "uv": [ 0.5, 0.0, 1.0, 0.5 ] }
											}
										},
										{
											"name": "Cube46",
											"from": [ 0.5, 0.25, 0.05 ], 
											"to": [ 1.0, 0.75, 0.55 ], 
											"uv": [ 0.0, 0.0 ],
											"faces": {
												"north": { "texture": "#temporal", "uv": [ 0.0, 0.5, 0.5, 1.0 ] },
												"east": { "texture": "#temporal", "uv": [ 0.5, 0.5, 1.0, 1.0 ] },
												"south": { "texture": "#temporal", "uv": [ 1.0, 0.5, 1.5, 1.0 ] },
												"west": { "texture": "#temporal", "uv": [ 1.5, 0.5, 2.0, 1.0 ] },
												"up": { "texture": "#temporal", "uv": [ 0.0, 0.0, 0.5, 0.5 ] },
												"down": { "texture": "#temporal", "uv": [ 0.5, 0.0, 1.0, 0.5 ] }
											}
										}
									]
								}
							]
						},
						{
							"name": "ArmorKneeSideL-Base53-inner",
							"from": [ 0.3, 0.3, 0.2 ], 
							"to": [ 3.7, 3.7, 0.7 ], 
							"unwrapMode": 3,
							"uv": [ 4.5, 2.5 ],
							"rotationOrigin": [ 0.3, 0.3, 0.21 ],
							"faces": {
								"north": { "texture": "#material3", "uv": [ 8.5, 3.0, 11.5, 6.0 ] },
								"east": { "texture": "#material3", "uv": [ 8.0, 3.0, 8.5, 6.0 ] },
								"south": { "texture": "#material3", "uv": [ 5.0, 3.0, 8.0, 6.0 ] },
								"west": { "texture": "#material3", "uv": [ 4.5, 3.0, 5.0, 6.0 ] },
								"up": { "texture": "#material3", "uv": [ 5.0, 2.5, 8.0, 3.0 ] },
								"down": { "texture": "#material3", "uv": [ 5.0, 6.0, 8.0, 6.5 ], "rotation": 180 }
							}
						}
					]
				},
				{
					"name": "_ArmorKneeL",
					"from": [ -0.3, 4.5, -0.3 ], 
					"to": [ 1.7, 7.8, 3.7 ], 
					"unwrapMode": 4,
					"uv": [ 32.0, 54.0 ],
					"rotationOrigin": [ -0.3, 4.5, -0.3 ],
					"faces": {
						"north": { "texture": "#default", "uv": [ 32.0, 56.0, 34.0, 59.0 ] },
						"east": { "texture": "#default", "uv": [ 40.0, 56.0, 44.0, 59.0 ] },
						"south": { "texture": "#default", "uv": [ 38.0, 56.0, 40.0, 59.0 ] },
						"west": { "texture": "#default", "uv": [ 34.0, 56.0, 38.0, 59.0 ] },
						"up": { "texture": "#default", "uv": [ 34.0, 54.0, 38.0, 56.0 ], "rotation": 90 },
						"down": { "texture": "#default", "uv": [ 34.0, 59.0, 38.0, 61.0 ], "rotation": 90 }
					},
					"children": [
						{
							"name": "ArmorKneeL-Base",
							"from": [ 0.0, -4.6, 0.0 ], 
							"to": [ 2.0, -0.1, 4.0 ], 
							"unwrapMode": 4,
							"uv": [ 32.5, 53.5 ],
							"rotationOrigin": [ 0.0, -4.6, 0.0 ],
							"faces": {
								"north": { "texture": "#default", "uv": [ 32.5, 55.5, 34.5, 60.0 ] },
								"east": { "texture": "#default", "uv": [ 40.5, 55.5, 44.5, 60.0 ] },
								"south": { "texture": "#default", "uv": [ 38.5, 55.5, 40.5, 60.0 ] },
								"west": { "texture": "#default", "uv": [ 34.5, 55.5, 38.5, 60.0 ] },
								"up": { "texture": "#default", "uv": [ 34.5, 53.5, 38.5, 55.5 ], "rotation": 90 },
								"down": { "texture": "#default", "uv": [ 34.5, 60.0, 38.5, 62.0 ], "rotation": 90 }
							}
						},
						{
							"name": "ArmorKneeL-Base-2",
							"from": [ 2.0, -4.6, 0.0 ], 
							"to": [ 5.0, -2.1, 4.0 ], 
							"unwrapMode": 4,
							"uv": [ 32.5, 52.5 ],
							"rotationOrigin": [ 2.0, -4.6, 0.0 ],
							"faces": {
								"north": { "texture": "#default", "uv": [ 32.5, 55.5, 35.5, 58.0 ] },
								"east": { "texture": "#default", "uv": [ 42.5, 55.5, 46.5, 58.0 ] },
								"south": { "texture": "#default", "uv": [ 39.5, 55.5, 42.5, 58.0 ] },
								"west": { "texture": "#default", "uv": [ 35.5, 55.5, 39.5, 58.0 ] },
								"up": { "texture": "#default", "uv": [ 35.5, 52.5, 39.5, 55.5 ], "rotation": 90 },
								"down": { "texture": "#default", "uv": [ 35.5, 58.0, 39.5, 61.0 ], "rotation": 90 }
							}
						},
						{
							"name": "ArmorKneeL49",
							"from": [ -0.3, 2.6, 0.0 ], 
							"to": [ 1.9, 5.6, 4.0 ], 
							"unwrapMode": 4,
							"uv": [ 32.0, 54.0 ],
							"rotationOrigin": [ -0.3, 2.6, 0.0 ],
							"faces": {
								"north": { "texture": "#material4", "uv": [ 32.0, 56.0, 34.0, 59.0 ] },
								"east": { "texture": "#material4", "uv": [ 40.0, 56.0, 44.0, 59.0 ] },
								"south": { "texture": "#material4", "uv": [ 38.0, 56.0, 40.0, 59.0 ] },
								"west": { "texture": "#material4", "uv": [ 34.0, 56.0, 38.0, 59.0 ] },
								"up": { "texture": "#material4", "uv": [ 34.0, 54.0, 38.0, 56.0 ], "rotation": 90 },
								"down": { "texture": "#material4", "uv": [ 34.0, 59.0, 38.0, 61.0 ], "rotation": 90 }
							},
							"children": [
								{
									"name": "ArmorKneeL52",
									"from": [ -0.1, 0.5, 0.5 ], 
									"to": [ 1.9, 2.5, 3.5 ], 
									"unwrapMode": 4,
									"uv": [ 32.0, 54.0 ],
									"rotationOrigin": [ -0.1, 0.5, 0.5 ],
									"faces": {
										"north": { "texture": "#material3", "uv": [ 32.0, 56.0, 34.0, 58.0 ] },
										"east": { "texture": "#material3", "uv": [ 39.0, 56.0, 42.0, 58.0 ] },
										"south": { "texture": "#material3", "uv": [ 37.0, 56.0, 39.0, 58.0 ] },
										"west": { "texture": "#material3", "uv": [ 34.0, 56.0, 37.0, 58.0 ] },
										"up": { "texture": "#material3", "uv": [ 34.0, 54.0, 37.0, 56.0 ], "rotation": 90 },
										"down": { "texture": "#material3", "uv": [ 34.0, 58.0, 37.0, 60.0 ], "rotation": 90 }
									},
									"children": [
										{
											"name": "gemsocket58",
											"from": [ -0.1, 0.25, 0.75 ], 
											"to": [ 0.1, 1.75, 2.25 ], 
											"uv": [ 0.0, 0.0 ],
											"rotationOrigin": [ -0.1, 0.2, 1.0 ],
											"faces": {
												"north": { "texture": "#gemsocket", "uv": [ 0.0, 1.5, 0.5, 3.0 ] },
												"east": { "texture": "#gemsocket", "uv": [ 0.5, 1.5, 2.0, 3.0 ] },
												"south": { "texture": "#gemsocket", "uv": [ 2.0, 1.5, 2.5, 3.0 ] },
												"west": { "texture": "#gemsocket", "uv": [ 2.5, 1.5, 4.0, 3.0 ] },
												"up": { "texture": "#gemsocket", "uv": [ 0.0, 0.0, 0.5, 1.5 ] },
												"down": { "texture": "#gemsocket", "uv": [ 0.5, 0.0, 1.0, 1.5 ] }
											},
											"children": [
												{
													"name": "gem59",
													"from": [ -0.1, 0.1, 0.1 ], 
													"to": [ 0.1, 1.4, 1.4 ], 
													"uv": [ 0.0, 0.0 ],
													"rotationOrigin": [ -0.1, 0.05, 0.1 ],
													"faces": {
														"north": { "texture": "#gem", "uv": [ 0.0, 1.0, 0.5, 2.0 ], "glow": 100 },
														"east": { "texture": "#gem", "uv": [ 0.5, 1.0, 1.5, 2.0 ], "glow": 100 },
														"south": { "texture": "#gem", "uv": [ 1.5, 1.0, 2.0, 2.0 ], "glow": 100 },
														"west": { "texture": "#gem", "uv": [ 2.0, 1.0, 3.0, 2.0 ], "glow": 100 },
														"up": { "texture": "#gem", "uv": [ 0.0, 0.0, 0.5, 1.0 ], "glow": 100 },
														"down": { "texture": "#gem", "uv": [ 0.5, 0.0, 1.0, 1.0 ], "glow": 100 }
													}
												}
											]
										}
									]
								}
							]
						}
					]
				},
				{
					"name": "ArmorLowerLegL-Base",
					"from": [ 0.0, 0.0, 0.0 ], 
					"to": [ 4.5, 9.21, 3.5 ], 
					"uv": [ 0.0, 51.0 ],
					"rotationOrigin": [ 0.0, 0.0, -0.15 ],
					"faces": {
						"north": { "texture": "#material1", "uv": [ 0.0, 54.5, 4.5, 63.5 ] },
						"east": { "texture": "#material1", "uv": [ 4.5, 54.5, 8.0, 63.5 ] },
						"south": { "texture": "#material1", "uv": [ 8.0, 54.5, 12.5, 63.5 ] },
						"west": { "texture": "#material1", "uv": [ 12.5, 54.5, 16.0, 63.5 ] },
						"up": { "texture": "#material1", "uv": [ 0.0, 51.0, 4.5, 54.5 ] },
						"down": { "texture": "#material1", "uv": [ 4.5, 51.0, 9.0, 54.5 ] }
					},
					"children": [
						{
							"name": "ArmorLowerLegL-Base-1",
							"from": [ -0.01, -0.01, -0.01 ], 
							"to": [ 4.51, 2.49, 3.51 ], 
							"uv": [ 0.0, 51.0 ],
							"rotationOrigin": [ 0.0, 0.0, -0.15 ],
							"faces": {
								"north": { "texture": "#material2", "uv": [ 0.0, 54.5, 4.5, 57.0 ] },
								"east": { "texture": "#material2", "uv": [ 4.5, 54.5, 8.0, 57.0 ] },
								"south": { "texture": "#material2", "uv": [ 8.0, 54.5, 12.5, 57.0 ] },
								"west": { "texture": "#material2", "uv": [ 12.5, 54.5, 16.0, 57.0 ] },
								"up": { "texture": "#material2", "uv": [ 0.0, 51.0, 4.5, 54.5 ] },
								"down": { "texture": "#material2", "uv": [ 4.5, 51.0, 9.0, 54.5 ] }
							}
						},
						{
							"name": "ArmorLowerLegL-Base-2",
							"from": [ 0.2, 8.0, 0.3 ], 
							"to": [ 4.1, 10.21, 3.41 ], 
							"uv": [ 0.0, 51.0 ],
							"rotationOrigin": [ 0.2, 8.0, 0.15 ],
							"faces": {
								"north": { "texture": "#material1", "uv": [ 0.0, 54.0, 3.5, 56.0 ] },
								"east": { "texture": "#material1", "uv": [ 3.5, 54.0, 6.5, 56.0 ] },
								"south": { "texture": "#material1", "uv": [ 6.5, 54.0, 10.0, 56.0 ] },
								"west": { "texture": "#material1", "uv": [ 10.0, 54.0, 13.0, 56.0 ] },
								"up": { "texture": "#material1", "uv": [ 0.0, 51.0, 3.5, 54.0 ] },
								"down": { "texture": "#material1", "uv": [ 3.5, 51.0, 7.0, 54.0 ] }
							}
						},
						{
							"name": "ArmorLowerLegL-Base-47",
							"from": [ -0.02, -0.02, -0.02 ], 
							"to": [ 4.52, 1.98, 3.52 ], 
							"uv": [ 0.0, 51.0 ],
							"rotationOrigin": [ 0.0, 0.0, -0.15 ],
							"faces": {
								"north": { "texture": "#material4", "uv": [ 0.0, 54.5, 4.5, 56.5 ] },
								"east": { "texture": "#material4", "uv": [ 4.5, 54.5, 8.0, 56.5 ] },
								"south": { "texture": "#material4", "uv": [ 8.0, 54.5, 12.5, 56.5 ] },
								"west": { "texture": "#material4", "uv": [ 12.5, 54.5, 16.0, 56.5 ] },
								"up": { "texture": "#material4", "uv": [ 0.0, 51.0, 4.5, 54.5 ] },
								"down": { "texture": "#material4", "uv": [ 4.5, 51.0, 9.0, 54.5 ] }
							}
						}
					]
				}
			]
		}
	]}