{
	"editor": {
		"allAngles": true,
		"entityTextureMode": false
	},
	"textureWidth": 16,
	"textureHeight": 16,
	"textureSizes": {
		"bracelets2": [16,16]
	},
	"textures": {
	},
	"elements": [
		{
			"name": "hidelowerarm",
			"stepParentName": "LowerArmR",
			"from": [ -7.35, -10.0, -2.87 ], 
			"to": [ -6.35, -9.0, -1.87 ], 
			"rotationOrigin": [ -7.4, 2.6, -3.8 ],
			"faces": {
				"north": { "texture": "#default", "uv": [ 0.0, 0.0, 1.0, 1.0 ], "enabled": false },
				"east": { "texture": "#default", "uv": [ 0.0, 0.0, 1.0, 1.0 ], "enabled": false },
				"south": { "texture": "#default", "uv": [ 0.0, 0.0, 1.0, 1.0 ], "enabled": false },
				"west": { "texture": "#default", "uv": [ 0.0, 0.0, 1.0, 1.0 ], "enabled": false },
				"up": { "texture": "#default", "uv": [ 0.0, 0.0, 1.0, 1.0 ], "enabled": false },
				"down": { "texture": "#default", "uv": [ 0.0, 0.0, 1.0, 1.0 ], "enabled": false }
			},
			"children": [
				{
					"name": "origin11",
					"from": [ 8.0, 13.2, 4.0 ], 
					"to": [ 8.0, 13.2, 4.0 ], 
					"rotationOrigin": [ 8.0, 13.2, 4.0 ],
					"rotationX": 2.0,
					"faces": {
						"north": { "texture": "#metal", "uv": [ 0.0, 0.0, 0.5, 0.5 ], "enabled": false },
						"east": { "texture": "#metal", "uv": [ 0.0, 0.0, 0.5, 0.5 ], "enabled": false },
						"south": { "texture": "#metal", "uv": [ 0.0, 0.0, 0.5, 0.5 ], "enabled": false },
						"west": { "texture": "#metal", "uv": [ 0.0, 0.0, 0.5, 0.5 ], "enabled": false },
						"up": { "texture": "#metal", "uv": [ 0.0, 0.0, 0.5, 0.5 ], "enabled": false },
						"down": { "texture": "#metal", "uv": [ 0.0, 0.0, 0.5, 0.5 ], "enabled": false }
					},
					"children": [
						{
							"name": "frame-2-1",
							"from": [ -1.0, -1.1, -1.0 ], 
							"to": [ -0.5, 0.65, -0.5 ], 
							"rotationOrigin": [ -0.5, -1.1, -0.9 ],
							"rotationZ": -2.0,
							"faces": {
								"north": { "texture": "#metal", "uv": [ 10.0, 5.5, 12.0, 11.5 ], "autoUv": false },
								"east": { "texture": "#metal", "uv": [ 12.0, 9.0, 14.0, 15.0 ], "autoUv": false },
								"south": { "texture": "#metal", "uv": [ 2.5, 2.0, 4.5, 8.0 ], "autoUv": false },
								"west": { "texture": "#metal", "uv": [ 5.0, 5.0, 7.0, 11.0 ], "autoUv": false },
								"up": { "texture": "#metal", "uv": [ 2.5, 4.0, 4.5, 6.0 ], "autoUv": false },
								"down": { "texture": "#metal", "uv": [ 0.0, 6.5, 2.0, 8.5 ], "autoUv": false }
							},
							"children": [
								{
									"name": "manastone-small-gem-3-inner",
									"from": [ -0.05, 1.13, 0.0 ], 
									"to": [ 0.15, 1.63, 0.5 ], 
									"rotationOrigin": [ -0.1, 1.38, 0.25 ],
									"rotationX": 45.0,
									"faces": {
										"north": { "texture": "#socket", "uv": [ 0.0, 0.0, 0.5, 0.5 ] },
										"east": { "texture": "#socket", "uv": [ 0.0, 0.0, 0.5, 0.5 ] },
										"south": { "texture": "#socket", "uv": [ 0.0, 0.0, 0.5, 0.5 ] },
										"west": { "texture": "#socket", "uv": [ 0.0, 0.0, 0.5, 0.5 ] },
										"up": { "texture": "#socket", "uv": [ 0.0, 0.0, 0.5, 0.5 ] },
										"down": { "texture": "#socket", "uv": [ 0.0, 0.0, 0.5, 0.5 ] }
									},
									"children": [
										{
											"name": "manastone-small-gem-3-1",
											"from": [ -0.05, 0.05, 0.05 ], 
											"to": [ 0.45, 0.45, 0.45 ], 
											"rotationOrigin": [ 0.25, 0.0, 0.0 ],
											"faces": {
												"north": {
													"texture": "#manastone",
													"uv": [ 0.0, 0.0, 0.5, 0.5 ],
													"glow": 100
												},
												"east": {
													"texture": "#manastone",
													"uv": [ 0.0, 0.0, 0.5, 0.5 ],
													"glow": 100
												},
												"south": {
													"texture": "#manastone",
													"uv": [ 0.0, 0.0, 0.5, 0.5 ],
													"glow": 100
												},
												"west": {
													"texture": "#manastone",
													"uv": [ 0.0, 0.0, 0.5, 0.5 ],
													"glow": 100
												},
												"up": {
													"texture": "#manastone",
													"uv": [ 0.0, 0.0, 0.5, 0.5 ],
													"glow": 100
												},
												"down": {
													"texture": "#manastone",
													"uv": [ 0.0, 0.0, 0.5, 0.5 ],
													"glow": 100
												}
											}
										}
									]
								},
								{
									"name": "manastone-small-gem-4-inner",
									"from": [ -0.05, 0.13, 0.0 ], 
									"to": [ 0.15, 0.63, 0.5 ], 
									"rotationOrigin": [ -0.1, 0.38, 0.25 ],
									"rotationX": 45.0,
									"faces": {
										"north": { "texture": "#socket", "uv": [ 0.0, 0.0, 0.5, 0.5 ] },
										"east": { "texture": "#socket", "uv": [ 0.0, 0.0, 0.5, 0.5 ] },
										"south": { "texture": "#socket", "uv": [ 0.0, 0.0, 0.5, 0.5 ] },
										"west": { "texture": "#socket", "uv": [ 0.0, 0.0, 0.5, 0.5 ] },
										"up": { "texture": "#socket", "uv": [ 0.0, 0.0, 0.5, 0.5 ] },
										"down": { "texture": "#socket", "uv": [ 0.0, 0.0, 0.5, 0.5 ] }
									},
									"children": [
										{
											"name": "manastone-small-gem-4-1",
											"from": [ -0.05, 0.05, 0.05 ], 
											"to": [ 0.45, 0.45, 0.45 ], 
											"rotationOrigin": [ 0.25, 0.0, 0.0 ],
											"faces": {
												"north": {
													"texture": "#manastone",
													"uv": [ 0.0, 0.0, 0.5, 0.5 ],
													"glow": 100
												},
												"east": {
													"texture": "#manastone",
													"uv": [ 0.0, 0.0, 0.5, 0.5 ],
													"glow": 100
												},
												"south": {
													"texture": "#manastone",
													"uv": [ 0.0, 0.0, 0.5, 0.5 ],
													"glow": 100
												},
												"west": {
													"texture": "#manastone",
													"uv": [ 0.0, 0.0, 0.5, 0.5 ],
													"glow": 100
												},
												"up": {
													"texture": "#manastone",
													"uv": [ 0.0, 0.0, 0.5, 0.5 ],
													"glow": 100
												},
												"down": {
													"texture": "#manastone",
													"uv": [ 0.0, 0.0, 0.5, 0.5 ],
													"glow": 100
												}
											}
										}
									]
								}
							]
						},
						{
							"name": "energyshield",
							"from": [ -0.99, -1.8, -2.5 ], 
							"to": [ 2.01, 2.2, -2.49 ], 
							"renderInEditor": false,
							"rotationOrigin": [ -0.2, -0.8, -2.4 ],
							"rotationX": -2.0,
							"rotationZ": -2.0,
							"faces": {
								"north": { "texture": "#energy", "uv": [ 0.0, 0.0, 12.0, 16.0 ], "autoUv": false, "windMode": [-1,-1,-1,-1] },
								"east": { "texture": "#energy", "uv": [ 0.0, 0.0, 0.5, 4.0 ], "enabled": false },
								"south": { "texture": "#energy", "uv": [ 0.0, 0.0, 12.0, 16.0 ], "autoUv": false, "windMode": [-1,-1,-1,-1] },
								"west": { "texture": "#energy", "uv": [ 0.0, 0.0, 0.5, 4.0 ], "enabled": false },
								"up": { "texture": "#energy", "uv": [ 0.0, 0.0, 3.0, 0.5 ], "enabled": false },
								"down": { "texture": "#energy", "uv": [ 0.0, 0.0, 3.0, 0.5 ], "enabled": false }
							}
						},
						{
							"name": "frame-2-2",
							"from": [ -1.0, -1.1, 0.2 ], 
							"to": [ -0.5, 0.65, 0.7 ], 
							"rotationOrigin": [ -0.5, -1.1, 1.3 ],
							"rotationZ": -2.0,
							"faces": {
								"north": { "texture": "#metal", "uv": [ 6.5, 4.0, 8.5, 10.0 ], "autoUv": false },
								"east": { "texture": "#metal", "uv": [ 3.5, 3.0, 5.5, 9.0 ], "autoUv": false },
								"south": { "texture": "#metal", "uv": [ 7.0, 4.0, 9.0, 10.0 ], "autoUv": false },
								"west": { "texture": "#metal", "uv": [ 1.5, 5.5, 3.5, 11.5 ], "autoUv": false },
								"up": { "texture": "#metal", "uv": [ 10.5, 6.5, 12.5, 8.5 ], "autoUv": false },
								"down": { "texture": "#metal", "uv": [ 12.0, 7.0, 14.0, 9.0 ], "autoUv": false }
							},
							"children": [
								{
									"name": "small-gem-4-inner",
									"from": [ -0.05, 0.13, 0.0 ], 
									"to": [ 0.15, 0.63, 0.5 ], 
									"rotationOrigin": [ 0.0, 0.38, 0.25 ],
									"rotationX": 45.0,
									"faces": {
										"north": { "texture": "#socket", "uv": [ 0.0, 0.0, 0.5, 0.5 ] },
										"east": { "texture": "#socket", "uv": [ 0.0, 0.0, 0.5, 0.5 ] },
										"south": { "texture": "#socket", "uv": [ 0.0, 0.0, 0.5, 0.5 ] },
										"west": { "texture": "#socket", "uv": [ 0.0, 0.0, 0.5, 0.5 ] },
										"up": { "texture": "#socket", "uv": [ 0.0, 0.0, 0.5, 0.5 ] },
										"down": { "texture": "#socket", "uv": [ 0.0, 0.0, 0.5, 0.5 ] }
									},
									"children": [
										{
											"name": "small-gem-4-1",
											"from": [ -0.05, 0.05, 0.05 ], 
											"to": [ 0.45, 0.45, 0.45 ], 
											"rotationOrigin": [ -0.1, -0.13, 0.0 ],
											"faces": {
												"north": {
													"texture": "#arcanus",
													"uv": [ 0.0, 0.0, 0.5, 0.5 ],
													"glow": 100
												},
												"east": {
													"texture": "#arcanus",
													"uv": [ 0.0, 0.0, 0.5, 0.5 ],
													"glow": 100
												},
												"south": {
													"texture": "#arcanus",
													"uv": [ 0.0, 0.0, 0.5, 0.5 ],
													"glow": 100
												},
												"west": {
													"texture": "#arcanus",
													"uv": [ 0.0, 0.0, 0.5, 0.5 ],
													"glow": 100
												},
												"up": {
													"texture": "#arcanus",
													"uv": [ 0.0, 0.0, 0.5, 0.5 ],
													"glow": 100
												},
												"down": {
													"texture": "#arcanus",
													"uv": [ 0.0, 0.0, 0.5, 0.5 ],
													"glow": 100
												}
											}
										}
									]
								},
								{
									"name": "small-gem-3-inner",
									"from": [ -0.05, 1.13, 0.0 ], 
									"to": [ 0.15, 1.63, 0.5 ], 
									"rotationOrigin": [ 0.0, 1.38, 0.25 ],
									"rotationX": 45.0,
									"faces": {
										"north": { "texture": "#socket", "uv": [ 0.0, 0.0, 0.5, 0.5 ] },
										"east": { "texture": "#socket", "uv": [ 0.0, 0.0, 0.5, 0.5 ] },
										"south": { "texture": "#socket", "uv": [ 0.0, 0.0, 0.5, 0.5 ] },
										"west": { "texture": "#socket", "uv": [ 0.0, 0.0, 0.5, 0.5 ] },
										"up": { "texture": "#socket", "uv": [ 0.0, 0.0, 0.5, 0.5 ] },
										"down": { "texture": "#socket", "uv": [ 0.0, 0.0, 0.5, 0.5 ] }
									},
									"children": [
										{
											"name": "small-gem-3-1",
											"from": [ -0.05, 0.05, 0.05 ], 
											"to": [ 0.45, 0.45, 0.45 ], 
											"rotationOrigin": [ -0.1, -0.13, 0.0 ],
											"faces": {
												"north": {
													"texture": "#arcanus",
													"uv": [ 0.0, 0.0, 0.5, 0.5 ],
													"glow": 100
												},
												"east": {
													"texture": "#arcanus",
													"uv": [ 0.0, 0.0, 0.5, 0.5 ],
													"glow": 100
												},
												"south": {
													"texture": "#arcanus",
													"uv": [ 0.0, 0.0, 0.5, 0.5 ],
													"glow": 100
												},
												"west": {
													"texture": "#arcanus",
													"uv": [ 0.0, 0.0, 0.5, 0.5 ],
													"glow": 100
												},
												"up": {
													"texture": "#arcanus",
													"uv": [ 0.0, 0.0, 0.5, 0.5 ],
													"glow": 100
												},
												"down": {
													"texture": "#arcanus",
													"uv": [ 0.0, 0.0, 0.5, 0.5 ],
													"glow": 100
												}
											}
										}
									]
								}
							]
						},
						{
							"name": "frametop-1-1",
							"from": [ -0.92, 0.0284, -1.4 ], 
							"to": [ 2.18, 0.5484, -0.9 ], 
							"rotationOrigin": [ -0.8993, 0.0384, -0.9 ],
							"rotationX": 0.003,
							"rotationY": 0.1,
							"rotationZ": -1.9,
							"faces": {
								"north": { "texture": "#metal", "uv": [ 2.5, 0.5, 12.5, 2.5 ], "autoUv": false },
								"east": { "texture": "#metal", "uv": [ 3.5, 2.5, 5.5, 4.5 ], "autoUv": false },
								"south": { "texture": "#metal", "uv": [ 3.5, 9.0, 13.5, 11.0 ], "autoUv": false },
								"west": { "texture": "#metal", "uv": [ 2.0, 10.0, 4.0, 12.0 ], "autoUv": false },
								"up": { "texture": "#metal", "uv": [ 3.5, 7.5, 13.5, 9.5 ], "autoUv": false },
								"down": { "texture": "#metal", "uv": [ 0.0, 3.5, 10.0, 5.5 ], "autoUv": false }
							},
							"children": [
								{
									"name": "frametop-1-2",
									"from": [ 0.0031, -0.9986, 0.035 ], 
									"to": [ 3.1031, -0.4786, 0.535 ], 
									"rotationOrigin": [ 0.0537, -0.9888, 0.535 ],
									"faces": {
										"north": { "texture": "#metal", "uv": [ 2.5, 0.5, 12.5, 2.5 ], "autoUv": false },
										"east": { "texture": "#metal", "uv": [ 3.5, 2.5, 5.5, 4.5 ], "autoUv": false },
										"south": { "texture": "#metal", "uv": [ 3.5, 9.0, 13.5, 11.0 ], "autoUv": false },
										"west": { "texture": "#metal", "uv": [ 2.0, 10.0, 4.0, 12.0 ], "autoUv": false },
										"up": { "texture": "#metal", "uv": [ 3.5, 7.5, 13.5, 9.5 ], "autoUv": false },
										"down": { "texture": "#metal", "uv": [ 0.0, 3.5, 10.0, 5.5 ], "autoUv": false }
									}
								}
							]
						},
						{
							"name": "frametop-1-3",
							"from": [ -0.92, 0.0255, 0.7803 ], 
							"to": [ 2.18, 0.5455, 1.2803 ], 
							"rotationOrigin": [ -0.8993, 0.0152, 1.3021 ],
							"rotationX": 0.003,
							"rotationY": 0.1,
							"rotationZ": -1.9,
							"faces": {
								"north": { "texture": "#metal", "uv": [ 2.5, 0.5, 12.5, 2.5 ], "autoUv": false },
								"east": { "texture": "#metal", "uv": [ 3.5, 2.5, 5.5, 4.5 ], "autoUv": false },
								"south": { "texture": "#metal", "uv": [ 3.5, 9.0, 13.5, 11.0 ], "autoUv": false },
								"west": { "texture": "#metal", "uv": [ 2.0, 10.0, 4.0, 12.0 ], "autoUv": false },
								"up": { "texture": "#metal", "uv": [ 3.5, 7.5, 13.5, 9.5 ], "autoUv": false },
								"down": { "texture": "#metal", "uv": [ 0.0, 3.5, 10.0, 5.5 ], "autoUv": false }
							},
							"children": [
								{
									"name": "frametop-1-4",
									"from": [ 0.0031, -0.9986, 0.035 ], 
									"to": [ 3.1031, -0.4786, 0.535 ], 
									"rotationOrigin": [ 0.0537, -0.9888, 0.535 ],
									"faces": {
										"north": { "texture": "#metal", "uv": [ 2.5, 0.5, 12.5, 2.5 ], "autoUv": false },
										"east": { "texture": "#metal", "uv": [ 3.5, 2.5, 5.5, 4.5 ], "autoUv": false },
										"south": { "texture": "#metal", "uv": [ 3.5, 9.0, 13.5, 11.0 ], "autoUv": false },
										"west": { "texture": "#metal", "uv": [ 2.0, 10.0, 4.0, 12.0 ], "autoUv": false },
										"up": { "texture": "#metal", "uv": [ 3.5, 7.5, 13.5, 9.5 ], "autoUv": false },
										"down": { "texture": "#metal", "uv": [ 0.0, 3.5, 10.0, 5.5 ], "autoUv": false }
									}
								}
							]
						},
						{
							"name": "frametop-1-5",
							"from": [ 1.7, -0.0384, -1.4 ], 
							"to": [ 2.2, 0.4616, 1.26 ], 
							"rotationOrigin": [ 1.6993, -0.0384, -1.4 ],
							"rotationZ": -1.9,
							"faces": {
								"north": { "texture": "#metal", "uv": [ 3.0, 13.0, 5.0, 15.0 ], "autoUv": false },
								"east": { "texture": "#metal", "uv": [ 1.5, 7.5, 11.5, 9.5 ], "autoUv": false },
								"south": { "texture": "#metal", "uv": [ 1.0, 13.0, 3.0, 15.0 ], "autoUv": false },
								"west": { "texture": "#metal", "uv": [ 4.0, 7.0, 14.0, 9.0 ], "autoUv": false },
								"up": { "texture": "#metal", "uv": [ 1.0, 8.5, 11.0, 10.5 ], "rotation": 90, "autoUv": false },
								"down": { "texture": "#metal", "uv": [ 2.0, 8.5, 12.0, 10.5 ], "rotation": 90, "autoUv": false }
							},
							"children": [
								{
									"name": "frametop-1-6",
									"from": [ 0.0, -0.9988, 0.0349 ], 
									"to": [ 0.5, -0.4988, 2.6949 ], 
									"rotationOrigin": [ 0.0331, -0.9988, 0.0349 ],
									"rotationZ": -0.1,
									"faces": {
										"north": { "texture": "#metal", "uv": [ 1.0, 2.5, 3.0, 4.5 ], "autoUv": false },
										"east": { "texture": "#metal", "uv": [ 2.5, 8.0, 12.5, 10.0 ], "autoUv": false },
										"south": { "texture": "#metal", "uv": [ 12.5, 0.5, 14.5, 2.5 ], "autoUv": false },
										"west": { "texture": "#metal", "uv": [ 0.5, 3.5, 10.5, 5.5 ], "autoUv": false },
										"up": { "texture": "#metal", "uv": [ 5.5, 3.0, 15.5, 5.0 ], "rotation": 90, "autoUv": false },
										"down": { "texture": "#metal", "uv": [ 4.5, 11.5, 14.5, 13.5 ], "rotation": 90, "autoUv": false }
									}
								}
							]
						},
						{
							"name": "frametop-1-7",
							"from": [ -0.93, 0.0384, -1.3822 ], 
							"to": [ -0.43, 0.5384, 1.2578 ], 
							"rotationOrigin": [ -0.8993, 0.0384, -1.3999 ],
							"rotationZ": -2.0,
							"faces": {
								"north": { "texture": "#metal", "uv": [ 10.5, 11.5, 12.5, 13.5 ], "autoUv": false },
								"east": { "texture": "#metal", "uv": [ 0.5, 13.0, 10.5, 15.0 ], "autoUv": false },
								"south": { "texture": "#metal", "uv": [ 2.5, 2.0, 4.5, 4.0 ], "autoUv": false },
								"west": { "texture": "#metal", "uv": [ 0.5, 12.0, 10.5, 14.0 ], "autoUv": false },
								"up": { "texture": "#metal", "uv": [ 4.5, 13.0, 14.5, 15.0 ], "rotation": 90, "autoUv": false },
								"down": { "texture": "#metal", "uv": [ 1.0, 10.5, 11.0, 12.5 ], "rotation": 90, "autoUv": false }
							},
							"children": [
								{
									"name": "frametop-1-8",
									"from": [ 0.0, -0.9988, 0.0349 ], 
									"to": [ 0.5, -0.4988, 2.6749 ], 
									"rotationOrigin": [ 0.0349, -0.9988, 0.0349 ],
									"faces": {
										"north": { "texture": "#metal", "uv": [ 5.5, 2.0, 7.5, 4.0 ], "autoUv": false },
										"east": { "texture": "#metal", "uv": [ 3.0, 5.0, 13.0, 7.0 ], "autoUv": false },
										"south": { "texture": "#metal", "uv": [ 2.0, 6.5, 4.0, 8.5 ], "autoUv": false },
										"west": { "texture": "#metal", "uv": [ 4.5, 4.0, 14.5, 6.0 ], "autoUv": false },
										"up": { "texture": "#metal", "uv": [ 3.0, 11.0, 13.0, 13.0 ], "rotation": 90, "autoUv": false },
										"down": { "texture": "#metal", "uv": [ 5.0, 11.0, 15.0, 13.0 ], "rotation": 90, "autoUv": false }
									}
								}
							]
						},
						{
							"name": "frame-1-1",
							"from": [ 1.2, -1.1663, -2.7 ], 
							"to": [ 1.7, 0.5837, -2.2 ], 
							"rotationOrigin": [ 1.6988, -1.1663, -1.6 ],
							"rotationX": -180.0,
							"rotationZ": -178.0,
							"faces": {
								"north": { "texture": "#metal", "uv": [ 2.5, 7.5, 4.5, 13.5 ], "autoUv": false },
								"east": { "texture": "#metal", "uv": [ 1.0, 3.5, 3.0, 9.5 ], "autoUv": false },
								"south": { "texture": "#metal", "uv": [ 7.0, 3.0, 9.0, 9.0 ], "autoUv": false },
								"west": { "texture": "#metal", "uv": [ 9.5, 7.5, 11.5, 13.5 ], "autoUv": false },
								"up": { "texture": "#metal", "uv": [ 12.5, 5.5, 14.5, 7.5 ], "autoUv": false },
								"down": { "texture": "#metal", "uv": [ 10.5, 3.0, 12.5, 5.0 ], "autoUv": false }
							},
							"children": [
								{
									"name": "manastone-small-gem-2-inner",
									"from": [ -0.05, 0.13, 0.0 ], 
									"to": [ 0.15, 0.63, 0.5 ], 
									"rotationOrigin": [ 0.15, 0.35, 0.25 ],
									"rotationX": 45.0,
									"faces": {
										"north": { "texture": "#socket", "uv": [ 0.0, 0.0, 0.5, 0.5 ] },
										"east": { "texture": "#socket", "uv": [ 0.0, 0.0, 0.5, 0.5 ] },
										"south": { "texture": "#socket", "uv": [ 0.0, 0.0, 0.5, 0.5 ] },
										"west": { "texture": "#socket", "uv": [ 0.0, 0.0, 0.5, 0.5 ] },
										"up": { "texture": "#socket", "uv": [ 0.0, 0.0, 0.5, 0.5 ] },
										"down": { "texture": "#socket", "uv": [ 0.0, 0.0, 0.5, 0.5 ] }
									},
									"children": [
										{
											"name": "manastone-small-gem-2-1",
											"from": [ -0.05, 0.05, 0.05 ], 
											"to": [ 0.15, 0.45, 0.45 ], 
											"rotationOrigin": [ 0.2, 0.22, 0.25 ],
											"faces": {
												"north": {
													"texture": "#manastone",
													"uv": [ 0.0, 0.0, 0.5, 0.5 ],
													"glow": 100
												},
												"east": {
													"texture": "#manastone",
													"uv": [ 0.0, 0.0, 0.5, 0.5 ],
													"glow": 100
												},
												"south": {
													"texture": "#manastone",
													"uv": [ 0.0, 0.0, 0.5, 0.5 ],
													"glow": 100
												},
												"west": {
													"texture": "#manastone",
													"uv": [ 0.0, 0.0, 0.5, 0.5 ],
													"glow": 100
												},
												"up": {
													"texture": "#manastone",
													"uv": [ 0.0, 0.0, 0.5, 0.5 ],
													"glow": 100
												},
												"down": {
													"texture": "#manastone",
													"uv": [ 0.0, 0.0, 0.5, 0.5 ],
													"glow": 100
												}
											}
										}
									]
								},
								{
									"name": "manastone-small-gem-1-inner",
									"from": [ -0.05, 1.13, 0.0 ], 
									"to": [ 0.15, 1.63, 0.5 ], 
									"rotationOrigin": [ 0.15, 1.35, 0.25 ],
									"rotationX": 45.0,
									"faces": {
										"north": { "texture": "#socket", "uv": [ 0.0, 0.0, 0.5, 0.5 ] },
										"east": { "texture": "#socket", "uv": [ 0.0, 0.0, 0.5, 0.5 ] },
										"south": { "texture": "#socket", "uv": [ 0.0, 0.0, 0.5, 0.5 ] },
										"west": { "texture": "#socket", "uv": [ 0.0, 0.0, 0.5, 0.5 ] },
										"up": { "texture": "#socket", "uv": [ 0.0, 0.0, 0.5, 0.5 ] },
										"down": { "texture": "#socket", "uv": [ 0.0, 0.0, 0.5, 0.5 ] }
									},
									"children": [
										{
											"name": "manastone-small-gem-1-1",
											"from": [ -0.05, 0.05, 0.05 ], 
											"to": [ 0.15, 0.45, 0.45 ], 
											"rotationOrigin": [ 0.2, 0.22, 0.25 ],
											"faces": {
												"north": {
													"texture": "#manastone",
													"uv": [ 0.0, 0.0, 0.5, 0.5 ],
													"glow": 100
												},
												"east": {
													"texture": "#manastone",
													"uv": [ 0.0, 0.0, 0.5, 0.5 ],
													"glow": 100
												},
												"south": {
													"texture": "#manastone",
													"uv": [ 0.0, 0.0, 0.5, 0.5 ],
													"glow": 100
												},
												"west": {
													"texture": "#manastone",
													"uv": [ 0.0, 0.0, 0.5, 0.5 ],
													"glow": 100
												},
												"up": {
													"texture": "#manastone",
													"uv": [ 0.0, 0.0, 0.5, 0.5 ],
													"glow": 100
												},
												"down": {
													"texture": "#manastone",
													"uv": [ 0.0, 0.0, 0.5, 0.5 ],
													"glow": 100
												}
											}
										}
									]
								}
							]
						},
						{
							"name": "frame-1-2",
							"from": [ -2.6, -1.1, -2.9 ], 
							"to": [ -2.1, 0.65, -2.4 ], 
							"rotationOrigin": [ -0.2, -1.1, -1.1 ],
							"rotationX": -180.0,
							"rotationZ": -178.0,
							"faces": {
								"north": { "texture": "#metal", "uv": [ 4.5, 3.0, 6.5, 9.0 ], "autoUv": false },
								"east": { "texture": "#metal", "uv": [ 2.5, 3.5, 4.5, 9.5 ], "autoUv": false },
								"south": { "texture": "#metal", "uv": [ 9.0, 3.0, 11.0, 9.0 ], "autoUv": false },
								"west": { "texture": "#metal", "uv": [ 11.5, 1.0, 13.5, 7.0 ], "autoUv": false },
								"up": { "texture": "#metal", "uv": [ 6.5, 5.5, 8.5, 7.5 ], "autoUv": false },
								"down": { "texture": "#metal", "uv": [ 9.0, 5.0, 11.0, 7.0 ], "autoUv": false }
							},
							"children": [
								{
									"name": "small-gem-2-inner",
									"from": [ -0.05, 0.13, 0.0 ], 
									"to": [ 0.15, 0.63, 0.5 ], 
									"rotationOrigin": [ 0.15, 0.35, 0.25 ],
									"rotationX": 45.0,
									"faces": {
										"north": { "texture": "#socket", "uv": [ 0.0, 0.0, 0.5, 0.5 ] },
										"east": { "texture": "#socket", "uv": [ 0.0, 0.0, 0.5, 0.5 ] },
										"south": { "texture": "#socket", "uv": [ 0.0, 0.0, 0.5, 0.5 ] },
										"west": { "texture": "#socket", "uv": [ 0.0, 0.0, 0.5, 0.5 ] },
										"up": { "texture": "#socket", "uv": [ 0.0, 0.0, 0.5, 0.5 ] },
										"down": { "texture": "#socket", "uv": [ 0.0, 0.0, 0.5, 0.5 ] }
									},
									"children": [
										{
											"name": "small-gem-2-1",
											"from": [ -0.05, 0.05, 0.05 ], 
											"to": [ 0.15, 0.45, 0.45 ], 
											"rotationOrigin": [ 0.2, 0.22, 0.25 ],
											"faces": {
												"north": {
													"texture": "#arcanus",
													"uv": [ 0.0, 0.0, 0.5, 0.5 ],
													"glow": 100
												},
												"east": {
													"texture": "#arcanus",
													"uv": [ 0.0, 0.0, 0.5, 0.5 ],
													"glow": 100
												},
												"south": {
													"texture": "#arcanus",
													"uv": [ 0.0, 0.0, 0.5, 0.5 ],
													"glow": 100
												},
												"west": {
													"texture": "#arcanus",
													"uv": [ 0.0, 0.0, 0.5, 0.5 ],
													"glow": 100
												},
												"up": {
													"texture": "#arcanus",
													"uv": [ 0.0, 0.0, 0.5, 0.5 ],
													"glow": 100
												},
												"down": {
													"texture": "#arcanus",
													"uv": [ 0.0, 0.0, 0.5, 0.5 ],
													"glow": 100
												}
											}
										}
									]
								},
								{
									"name": "small-gem-1-inner",
									"from": [ -0.05, 1.13, 0.0 ], 
									"to": [ 0.15, 1.63, 0.5 ], 
									"rotationOrigin": [ 0.15, 1.35, 0.25 ],
									"rotationX": 45.0,
									"faces": {
										"north": { "texture": "#socket", "uv": [ 0.0, 0.0, 0.5, 0.5 ] },
										"east": { "texture": "#socket", "uv": [ 0.0, 0.0, 0.5, 0.5 ] },
										"south": { "texture": "#socket", "uv": [ 0.0, 0.0, 0.5, 0.5 ] },
										"west": { "texture": "#socket", "uv": [ 0.0, 0.0, 0.5, 0.5 ] },
										"up": { "texture": "#socket", "uv": [ 0.0, 0.0, 0.5, 0.5 ] },
										"down": { "texture": "#socket", "uv": [ 0.0, 0.0, 0.5, 0.5 ] }
									},
									"children": [
										{
											"name": "small-gem-1-1",
											"from": [ -0.05, 0.05, 0.05 ], 
											"to": [ 0.15, 0.45, 0.45 ], 
											"rotationOrigin": [ 0.2, 0.22, 0.25 ],
											"faces": {
												"north": {
													"texture": "#arcanus",
													"uv": [ 0.0, 0.0, 0.5, 0.5 ],
													"glow": 100
												},
												"east": {
													"texture": "#arcanus",
													"uv": [ 0.0, 0.0, 0.5, 0.5 ],
													"glow": 100
												},
												"south": {
													"texture": "#arcanus",
													"uv": [ 0.0, 0.0, 0.5, 0.5 ],
													"glow": 100
												},
												"west": {
													"texture": "#arcanus",
													"uv": [ 0.0, 0.0, 0.5, 0.5 ],
													"glow": 100
												},
												"up": {
													"texture": "#arcanus",
													"uv": [ 0.0, 0.0, 0.5, 0.5 ],
													"glow": 100
												},
												"down": {
													"texture": "#arcanus",
													"uv": [ 0.0, 0.0, 0.5, 0.5 ],
													"glow": 100
												}
											}
										}
									]
								}
							]
						}
					]
				},
				{
					"name": "big gem socket",
					"from": [ 8.03, 12.3453, 2.5043 ], 
					"to": [ 9.23, 13.5453, 3.0043 ], 
					"rotationOrigin": [ 8.8, 13.3453, 2.7043 ],
					"rotationX": 0.6,
					"rotationZ": -2.0,
					"faces": {
						"north": { "texture": "#socket", "uv": [ 0.0, 0.0, 4.0, 4.0 ], "autoUv": false },
						"east": { "texture": "#socket", "uv": [ 0.0, 0.0, 2.0, 4.0 ], "autoUv": false },
						"south": { "texture": "#socket", "uv": [ 0.0, 0.0, 4.0, 4.0 ], "autoUv": false },
						"west": { "texture": "#socket", "uv": [ 0.0, 0.0, 2.0, 4.0 ], "autoUv": false },
						"up": { "texture": "#socket", "uv": [ 0.0, 0.0, 4.0, 2.0 ], "autoUv": false },
						"down": { "texture": "#socket", "uv": [ 0.0, 0.0, 4.0, 2.0 ], "autoUv": false }
					},
					"children": [
						{
							"name": "Cube15",
							"from": [ 0.8419, -0.2055, 0.0582 ], 
							"to": [ 1.3419, 1.4945, 0.5582 ], 
							"rotationOrigin": [ 0.8419, -0.2055, 0.1582 ],
							"faces": {
								"north": { "texture": "#metal", "uv": [ 0.0, 0.0, 2.0, 6.0 ], "autoUv": false },
								"east": { "texture": "#metal", "uv": [ 0.0, 0.0, 2.0, 6.0 ], "autoUv": false },
								"south": { "texture": "#metal", "uv": [ 0.0, 0.0, 2.0, 6.0 ], "autoUv": false },
								"west": { "texture": "#metal", "uv": [ 0.0, 0.0, 2.0, 6.0 ], "autoUv": false },
								"up": { "texture": "#metal", "uv": [ 0.0, 0.0, 2.0, 2.0 ], "autoUv": false },
								"down": { "texture": "#metal", "uv": [ 0.0, 0.0, 2.0, 2.0 ], "autoUv": false }
							}
						},
						{
							"name": "Cube16",
							"from": [ -0.1537, -0.2229, 0.0582 ], 
							"to": [ 0.3463, 1.4771, 0.5582 ], 
							"rotationOrigin": [ 0.3423, -0.2229, 0.1582 ],
							"faces": {
								"north": { "texture": "#metal", "uv": [ 3.5, 4.5, 5.5, 10.5 ], "autoUv": false },
								"east": { "texture": "#metal", "uv": [ 6.0, 3.5, 8.0, 9.5 ], "autoUv": false },
								"south": { "texture": "#metal", "uv": [ 3.5, 3.5, 5.5, 9.5 ], "autoUv": false },
								"west": { "texture": "#metal", "uv": [ 11.5, 6.0, 13.5, 12.0 ], "autoUv": false },
								"up": { "texture": "#metal", "uv": [ 4.0, 11.0, 6.0, 13.0 ], "autoUv": false },
								"down": { "texture": "#metal", "uv": [ 6.5, 5.0, 8.5, 7.0 ], "autoUv": false }
							}
						},
						{
							"name": "big gem",
							"from": [ 0.0963, 0.1069, -0.0964 ], 
							"to": [ 1.0963, 1.1069, 0.4036 ], 
							"rotationOrigin": [ 0.8863, 1.1069, 0.1036 ],
							"faces": {
								"north": { "texture": "#manastone", "uv": [ 3.0, 7.0, 7.0, 11.0 ], "glow": 100, "autoUv": false },
								"east": { "texture": "#manastone", "uv": [ 13.5, 0.5, 15.5, 4.5 ], "glow": 100, "autoUv": false },
								"south": { "texture": "#manastone", "uv": [ 2.5, 4.0, 6.5, 8.0 ], "glow": 100, "autoUv": false },
								"west": { "texture": "#manastone", "uv": [ 4.5, 6.5, 6.5, 10.5 ], "glow": 100, "autoUv": false },
								"up": { "texture": "#manastone", "uv": [ 11.0, 9.0, 15.0, 11.0 ], "glow": 100, "autoUv": false },
								"down": { "texture": "#manastone", "uv": [ 10.0, 4.0, 14.0, 6.0 ], "glow": 100, "autoUv": false }
							}
						}
					]
				}
			]
		}
	]}