﻿[
 {
   file: "expandedfoods:recipes/kneading/breadedmushroomsyrup.json",
    "side": "server",
    op: "add", 
    path: "/0/ingredients/0/inputs/-", 
    value: { type: "item", code: "expandedfoods:wildfruitsyrupportion-*",  quantity: 10 },
    dependsOn: [{ "modid": "wildcraftfruit" }]
 },
 {
   file: "expandedfoods:recipes/kneading/breadedmushroomsyrup.json",
    "side": "server",
    op: "add", 
    path: "/1/ingredients/0/inputs/-", 
    value: { type: "item", code: "expandedfoods:wildfruitsyrupportion-*",  quantity: 10 },
    dependsOn: [{ "modid": "wildcraftfruit" }]
 },
 {
   file: "expandedfoods:recipes/kneading/breadedmushroomsyrup.json",
    "side": "server",
    op: "add", 
    path: "/2/ingredients/0/inputs/-", 
    value: { type: "item", code: "expandedfoods:wildfruitsyrupportion-*",  quantity: 10 },
    dependsOn: [{ "modid": "wildcraftfruit" }]
 },
]