{
	code: "wattlebasket",
	class: "BlockGenericTypedContainer",
	entityclass: "GenericTypedContainer",
	attributes: {
		inventoryClassName: "basket",
		defaultType: "alder",
		openSound: "game:sounds/block/basketopen",
		closeSound: "game:sounds/block/basketclose",
		types: ["alder", "birch", "bearnut", "willow"],
		drop: {
			alder: true,
			birch: true,
			bearnut: true,
			willow: true
		},
		quantitySlots: {
			alder: 8,
			birch: 8,
			bearnut: 8,
			willow: 8
		},
		dialogTitleLangCode: {
			alder: "basketcontents",
			birch: "basketcontents",
			bearnut: "basketcontents",
			willow: "basketcontents"
		},
		storageType: {
			alder: 189,
			birch: 189,
			bearnut: 189,
			willow: 189
		},
		retrieveOnly: {
			alder: false,
			birch: false,
			bearnut: false,
			willow: false
		},
		shape: {
			alder: "block/wattle/baskets/alder",
			birch: "block/wattle/baskets/birch",
			bearnut: "block/wattle/baskets/bearnut",
			willow: "block/wattle/baskets/willow"
		},
		variantByGroup: "side",
		variantByGroupInventory: null
	},
	behaviors: [{name: "Lockable" }, {name: "Container"}, {name: "HorizontalOrientable", properties: {  dropBlockFace: "east" }}],
	entityBehaviors: [{ name: "Animatable" }],
	variantgroups: [
		{ code:"side", loadFromProperties: "abstract/horizontalorientation" }
	],
	creativeinventory: {  },
	creativeinventoryStacksByType: {
		"*-east": [
			{
				tabs: [ "general", "decorative" ],
				stacks: [
					{ type: "block", code: "wattlebasket-east", attributes: { type: "alder" } },
					{ type: "block", code: "wattlebasket-east", attributes: { type: "birch" } },
					{ type: "block", code: "wattlebasket-east", attributes: { type: "bearnut" } },
					{ type: "block", code: "wattlebasket-east", attributes: { type: "willow" } }
				]
			}
		]
	},
	heldTpIdleAnimation: "holdunderarm",
	shapeInventory: { base: "block/wattle/baskets/alder", rotateY: 270 },
	shapeByType: {
		"*-north": { base: "block/wattle/baskets/alder", rotateY: 0 },
		"*-east": { base: "block/wattle/baskets/alder", rotateY: 270 },
		"*-west": { base: "block/wattle/baskets/alder", rotateY: 90 },
		"*-south": { base: "block/wattle/baskets/alder", rotateY: 180 },
	},

	"_comment": "Must declare textures so they get added to the block texture atlas",
	textures: {
		"alder-alderh": { base: "game:block/wood/bark/alder-h" },
		"alder-willow": { base: "game:block/wood/debarked/willow" },
		"alder-willow2": { base: "game:block/wood/treetrunk/willow" },

		"birch-birchh": { "base": "game:block/wood/bark/birch-h" },
		"birch-birch2": { "base": "game:block/wood/debarked/birch" },
		"birch-birch": { "base": "game:block/wood/treetrunk/birch" },
		
		"bearnut-bearnuth": { base: "game:block/wood/bark/bearnut-h" },
		"bearnut-bearnut2": { base: "game:block/wood/debarked/bearnut" },
		"bearnut-bearnut": { base: "game:block/wood/treetrunk/bearnut" },

		"willow-willowh": { base: "game:block/wood/bark/willow-h" },
		"willow-willow2": { base: "game:block/wood/debarked/willow" },
		"willow-willow": { base: "game:block/wood/treetrunk/willow" },
	},
	blockmaterial: "Wood",
	replaceable: 900,
	resistance: 2,
	lightAbsorption: 0,
	sideAo: { all: false },
	sidesolid: {
		all: false
	},
	sideopaque: {
		all: false
	},
	collisionbox: {
		x1: 0.125, y1: 0, z1: 0.125, x2: 0.8125, y2: 0.5, z2: 0.875,
		rotateYByType: {
			"*-north": 270,
			"*-east": 180,
			"*-south": 90,
			"*-west": 0
		}
	},
	selectionbox: {
		x1: 0.125, y1: 0, z1: 0.125, x2: 0.8125, y2: 0.5, z2: 0.875,
		rotateYByType: {
			"*-north": 270,
			"*-east": 180,
			"*-south": 90,
			"*-west": 0
		}
	},
	sounds: {
		"place": "game:block/planks",
		"walk": "game:walk/wood"
	},
	materialDensity: 600,
	tpHandTransform: {
		translation: { x: -0.9, y: -0.5, z: -0.3 },
		rotation: { x: 0, y: 90, z: -102 },
		scale: 0.56
	},
	guiTransform: {
		origin: { x: 0.5, y: 0.3, z: 0.5 },
		scale: 1.3
	}
}