{
	"editor": {
		"allAngles": false,
		"entityTextureMode": false
	},
	"textureWidth": 16,
	"textureHeight": 16,
	"textureSizes": {
	},
	"textures": {
		"red": "game:block/clay/shingles/red",
		"snowcover": "game:block/liquid/snow/normal1"
	},
	"elements": [
		{
			"name": "origin60",
			"from": [ -8.0, 0.0, 8.0 ], 
			"to": [ -8.0, 0.0, 8.0 ], 
			"rotationOrigin": [ 8.0, 0.0, 8.0 ],
			"faces": {
				"north": { "texture": "#material", "uv": [ 0.0, 5.0, 0.5, 5.5 ], "enabled": false },
				"east": { "texture": "#material", "uv": [ 0.0, 0.0, 0.5, 0.5 ], "enabled": false },
				"south": { "texture": "#material", "uv": [ 0.0, 0.0, 0.5, 0.5 ], "enabled": false },
				"west": { "texture": "#material", "uv": [ 0.0, 0.0, 0.5, 0.5 ], "enabled": false },
				"up": { "texture": "#material", "uv": [ 0.0, 0.0, 0.5, 0.5 ], "enabled": false },
				"down": { "texture": "#material", "uv": [ 0.0, 0.0, 0.5, 0.5 ], "enabled": false }
			},
			"children": [
				{
					"name": "Cube68",
					"from": [ 14.0, 0.0, -7.9 ], 
					"to": [ 24.0, 16.0, 7.9 ], 
					"rotationOrigin": [ 14.0, 0.0, -7.9 ],
					"faces": {
						"north": { "texture": "#red", "uv": [ 0.0, 0.0, 10.0, 16.0 ] },
						"east": { "texture": "#red", "uv": [ 0.0, 0.0, 15.5, 16.0 ] },
						"south": { "texture": "#red", "uv": [ 6.0, 0.0, 16.0, 16.0 ] },
						"west": { "texture": "#red", "uv": [ 0.0, 0.0, 15.5, 16.0 ] },
						"up": { "texture": "#red", "uv": [ 0.0, 0.0, 10.0, 15.5 ] },
						"down": { "texture": "#red", "uv": [ 0.0, 0.0, 10.0, 15.5 ] }
					}
				},
				{
					"name": "Cube68",
					"from": [ 8.0, 0.0, -7.9 ], 
					"to": [ 14.0, 10.0, 7.9 ], 
					"rotationOrigin": [ 8.0, 0.0, -7.9 ],
					"faces": {
						"north": { "texture": "#red", "uv": [ 0.0, 6.0, 6.0, 16.0 ] },
						"east": { "texture": "#red", "uv": [ 0.0, 0.0, 15.5, 10.0 ] },
						"south": { "texture": "#red", "uv": [ 0.0, 6.0, 6.0, 16.0 ] },
						"west": { "texture": "#red", "uv": [ 0.0, 0.0, 15.5, 10.0 ] },
						"up": { "texture": "#red", "uv": [ 0.0, 0.0, 6.0, 15.5 ] },
						"down": { "texture": "#red", "uv": [ 0.0, 0.0, 6.0, 15.5 ] }
					}
				},
				{
					"name": "slate65",
					"from": [ 3.423, 7.4319, -8.06 ], 
					"to": [ 19.423, 11.4319, 8.02 ], 
					"rotationOrigin": [ 4.423, 7.4319, -0.12 ],
					"rotationZ": 11.25,
					"faces": {
						"north": { "texture": "#red", "uv": [ 0.0, 0.0, 16.0, 4.0 ] },
						"east": { "texture": "#material", "uv": [ 0.0, 0.0, 16.0, 4.0 ], "enabled": false },
						"south": { "texture": "#red", "uv": [ 0.0, 0.0, 16.0, 4.0 ] },
						"west": { "texture": "#red", "uv": [ 0.0, 0.0, 16.0, 4.0 ] },
						"up": { "texture": "#red", "uv": [ 0.0, 0.0, 16.0, 16.0 ], "rotation": 90 },
						"down": { "texture": "#material", "uv": [ 0.0, 5.5, 16.0, 21.5 ], "rotation": 270, "enabled": false }
					},
					"children": [
						{
							"name": "slate65",
							"from": [ 8.0, 4.0, 0.0 ], 
							"to": [ 24.0, 8.0, 16.08 ], 
							"rotationOrigin": [ 8.5, 4.0, 7.94 ],
							"rotationZ": 0.0,
							"faces": {
								"north": { "texture": "#red", "uv": [ 0.0, 0.0, 16.0, 4.0 ] },
								"east": { "texture": "#red", "uv": [ 0.0, 0.0, 16.0, 4.0 ] },
								"south": { "texture": "#red", "uv": [ 0.0, 0.0, 16.0, 4.0 ] },
								"west": { "texture": "#red", "uv": [ 0.0, 0.0, 16.0, 4.0 ] },
								"up": { "texture": "#red", "uv": [ 0.0, 0.0, 16.0, 16.0 ], "rotation": 90 },
								"down": { "texture": "#red", "uv": [ 0.0, 0.0, 16.0, 16.0 ], "rotation": 270 }
							},
							"children": [
								{
									"name": "slate65-snow",
									"from": [ 0.0, 4.01, 0.0 ], 
									"to": [ 16.0, 6.01, 16.08 ], 
									"rotationOrigin": [ 8.5, 4.0, 7.94 ],
									"faces": {
										"north": { "texture": "#snowcover", "uv": [ 0.0, 0.0, 16.0, 2.0 ] },
										"east": { "texture": "#snowcover", "uv": [ 0.0, 0.0, 16.0, 2.0 ] },
										"south": { "texture": "#snowcover", "uv": [ 0.0, 0.0, 16.0, 2.0 ] },
										"west": { "texture": "#snowcover", "uv": [ 0.0, 0.0, 16.0, 2.0 ] },
										"up": { "texture": "#snowcover", "uv": [ 0.0, 0.0, 16.0, 16.0 ], "rotation": 90 },
										"down": { "texture": "#snowcover", "uv": [ 0.0, 0.0, 16.0, 16.0 ], "rotation": 270 }
									}
								}
							]
						},
						{
							"name": "slate65-snow7",
							"from": [ 0.0, 4.01, 0.0 ], 
							"to": [ 8.0, 6.01, 16.08 ], 
							"rotationOrigin": [ 8.5, 4.0, 7.94 ],
							"rotationZ": 0.0,
							"faces": {
								"north": { "texture": "#snowcover", "uv": [ 0.0, 0.0, 8.0, 2.0 ] },
								"east": { "texture": "#snowcover", "uv": [ 0.0, 0.0, 16.0, 2.0 ] },
								"south": { "texture": "#snowcover", "uv": [ 0.0, 0.0, 8.0, 2.0 ] },
								"west": { "texture": "#snowcover", "uv": [ 0.0, 0.0, 16.0, 2.0 ] },
								"up": { "texture": "#snowcover", "uv": [ 0.0, 0.0, 16.0, 8.0 ], "rotation": 90 },
								"down": { "texture": "#snowcover", "uv": [ 0.0, 0.0, 16.0, 8.0 ], "rotation": 270 }
							}
						}
					]
				}
			]
		}
	]}