{
	"editor": {
		"allAngles": false,
		"entityTextureMode": false
	},
	"textureWidth": 16,
	"textureHeight": 16,
	"textureSizes": {
	},
	"textures": {
		"normal-side": "game:block/hay/normal-side",
		"bamboo-side": "game:block/hay/bamboo-side",
		"normal-top": "game:block/hay/normal-top",
		"straw1": "game:block/plant/grassroofing/straw1"
	},
	"elements": [
		{
			"name": "OriginShallowUpper",
			"from": [ -16.0, 0.0, 0.0 ], 
			"to": [ -16.0, 0.0, 0.0 ], 
			"rotationOrigin": [ 8.0, 0.0, 8.0 ],
			"faces": {
				"north": { "texture": "#none", "uv": [ 0.0, 0.0, 0.5, 0.5 ], "enabled": false },
				"east": { "texture": "#none", "uv": [ 0.0, 0.0, 0.5, 0.5 ], "enabled": false },
				"south": { "texture": "#none", "uv": [ 0.0, 0.0, 0.5, 0.5 ], "enabled": false },
				"west": { "texture": "#none", "uv": [ 0.0, 0.0, 0.5, 0.5 ], "enabled": false },
				"up": { "texture": "#none", "uv": [ 0.0, 0.0, 0.5, 0.5 ], "enabled": false },
				"down": { "texture": "#none", "uv": [ 0.0, 0.0, 0.5, 0.5 ], "enabled": false }
			},
			"children": [
				{
					"name": "base vertical17",
					"from": [ 16.0, 0.0, 0.1 ], 
					"to": [ 24.0, 10.0, 15.9 ], 
					"rotationOrigin": [ 16.0, -2.0, 0.1 ],
					"faces": {
						"north": { "texture": "#bamboo-side", "uv": [ 0.0, 4.0, 8.0, 14.0 ] },
						"east": { "texture": "#bamboo-side", "uv": [ 0.0, 4.5, 15.5, 14.5 ], "enabled": false },
						"south": { "texture": "#bamboo-side", "uv": [ 0.0, 4.0, 8.0, 14.0 ] },
						"west": { "texture": "#bamboo-side", "uv": [ 0.5, 4.5, 16.0, 14.5 ] },
						"up": { "texture": "#bamboo-side", "uv": [ 0.0, 4.5, 15.5, 12.5 ], "rotation": 90, "enabled": false },
						"down": { "texture": "#bamboo-side", "uv": [ 0.0, 0.0, 8.0, 15.5 ] }
					}
				},
				{
					"name": "slanted up18",
					"from": [ 18.0, 10.5, -0.1 ], 
					"to": [ 34.0, 15.5, 15.96 ], 
					"rotationOrigin": [ 27.5, 10.5, 8.0 ],
					"rotationZ": 22.5,
					"faces": {
						"north": { "texture": "#normal-side", "uv": [ 2.0, 0.0, 7.0, 16.0 ], "rotation": 270 },
						"east": { "texture": "#normal-top", "uv": [ 0.0, 6.0, 16.0, 11.0 ] },
						"south": { "texture": "#normal-side", "uv": [ 0.0, 0.0, 5.0, 16.0 ], "rotation": 90 },
						"west": { "texture": "#normal-top", "uv": [ 0.0, 0.0, 16.0, 5.0 ], "enabled": false },
						"up": { "texture": "#normal-side", "uv": [ 0.0, 0.0, 16.0, 16.0 ], "rotation": 90 },
						"down": { "texture": "#normal-side", "uv": [ 0.0, 0.0, 16.0, 16.0 ], "rotation": 270 }
					},
					"children": [
						{
							"name": "straw 19",
							"from": [ -4.0, 5.0, 1.0 ], 
							"to": [ 0.0, 5.0, 17.0 ], 
							"rotationOrigin": [ 0.0, 5.0, 9.0 ],
							"rotationZ": 22.5,
							"faces": {
								"north": { "texture": "#straw1", "uv": [ 0.0, 0.0, 4.0, 0.5 ], "enabled": false },
								"east": { "texture": "#straw1", "uv": [ 0.0, 0.0, 16.0, 0.5 ], "enabled": false },
								"south": { "texture": "#straw1", "uv": [ 0.0, 0.0, 4.0, 0.5 ], "enabled": false },
								"west": { "texture": "#straw1", "uv": [ 0.0, 0.0, 16.0, 0.5 ], "enabled": false },
								"up": { "texture": "#straw1", "uv": [ 0.0, 12.0, 16.0, 16.0 ], "rotation": 90 },
								"down": { "texture": "#straw1", "uv": [ 0.0, 0.0, 4.0, 16.0 ], "enabled": false }
							}
						},
						{
							"name": "straw 20",
							"from": [ 5.0, 5.0, 7.0 ], 
							"to": [ 13.0, 5.0, 19.0 ], 
							"rotationOrigin": [ 13.0, 5.0, 16.0 ],
							"rotationX": 67.5,
							"rotationY": 90.0,
							"faces": {
								"north": { "texture": "#straw1", "uv": [ 0.0, 0.0, 8.0, 0.5 ], "enabled": false },
								"east": { "texture": "#straw1", "uv": [ 0.0, 0.0, 12.0, 0.5 ], "enabled": false },
								"south": { "texture": "#straw1", "uv": [ 0.0, 0.0, 8.0, 0.5 ], "enabled": false },
								"west": { "texture": "#straw1", "uv": [ 0.0, 0.0, 12.0, 0.5 ], "enabled": false },
								"up": { "texture": "#straw1", "uv": [ 4.0, 0.0, 16.0, 8.0 ], "rotation": 90 },
								"down": { "texture": "#straw1", "uv": [ 0.0, 0.0, 8.0, 12.0 ], "enabled": false }
							},
							"children": [
								{
									"name": "straw 34",
									"from": [ 0.0, 0.0, -8.0 ], 
									"to": [ 8.0, 0.0, 0.0 ], 
									"rotationOrigin": [ 8.0, 0.0, -4.0 ],
									"faces": {
										"north": { "texture": "#straw1", "uv": [ 0.0, 0.0, 8.0, 0.5 ], "enabled": false },
										"east": { "texture": "#straw1", "uv": [ 0.0, 0.0, 8.0, 0.5 ], "enabled": false },
										"south": { "texture": "#straw1", "uv": [ 0.0, 0.0, 8.0, 0.5 ], "enabled": false },
										"west": { "texture": "#straw1", "uv": [ 0.0, 0.0, 8.0, 0.5 ], "enabled": false },
										"up": { "texture": "#straw1", "uv": [ 0.0, 8.0, 8.0, 16.0 ], "rotation": 90 },
										"down": { "texture": "#straw1", "uv": [ 0.0, 0.0, 8.0, 8.0 ], "enabled": false }
									}
								}
							]
						},
						{
							"name": "straw 22",
							"from": [ -7.0, 5.0, 0.0 ], 
							"to": [ -1.0, 5.0, 16.0 ], 
							"rotationOrigin": [ -1.0, 5.0, 8.0 ],
							"rotationZ": -5.0,
							"faces": {
								"north": { "texture": "#straw1", "uv": [ 0.0, 0.0, 6.0, 0.5 ], "enabled": false },
								"east": { "texture": "#straw1", "uv": [ 0.0, 0.0, 16.0, 0.5 ], "enabled": false },
								"south": { "texture": "#straw1", "uv": [ 0.0, 0.0, 6.0, 0.5 ], "enabled": false },
								"west": { "texture": "#straw1", "uv": [ 0.0, 0.0, 16.0, 0.5 ], "enabled": false },
								"up": { "texture": "#straw1", "uv": [ 0.0, 1.5, 16.0, 7.5 ], "rotation": 90 },
								"down": { "texture": "#straw1", "uv": [ 0.0, 0.0, 6.0, 16.0 ], "enabled": false }
							}
						},
						{
							"name": "straw 23",
							"from": [ -10.0, 5.0, 0.0 ], 
							"to": [ -4.0, 5.0, 16.0 ], 
							"rotationOrigin": [ -4.0, 5.0, 8.0 ],
							"rotationZ": 60.0,
							"faces": {
								"north": { "texture": "#straw1", "uv": [ 0.0, 0.0, 6.0, 0.5 ], "enabled": false },
								"east": { "texture": "#straw1", "uv": [ 0.0, 0.0, 16.0, 0.5 ], "enabled": false },
								"south": { "texture": "#straw1", "uv": [ 0.0, 0.0, 6.0, 0.5 ], "enabled": false },
								"west": { "texture": "#straw1", "uv": [ 0.0, 0.0, 16.0, 0.5 ], "enabled": false },
								"up": { "texture": "#straw1", "uv": [ 0.0, 9.5, 16.0, 15.5 ], "rotation": 90 },
								"down": { "texture": "#straw1", "uv": [ 0.0, 0.0, 6.0, 16.0 ], "enabled": false }
							}
						},
						{
							"name": "slanted up33",
							"from": [ -4.0, 0.0, 0.0 ], 
							"to": [ 0.0, 5.0, 16.06 ], 
							"rotationOrigin": [ 5.5, 0.0, 8.1 ],
							"faces": {
								"north": { "texture": "#normal-side", "uv": [ 2.0, 0.0, 7.0, 4.0 ], "rotation": 270 },
								"east": { "texture": "#normal-top", "uv": [ 0.0, 6.0, 16.0, 11.0 ], "enabled": false },
								"south": { "texture": "#normal-side", "uv": [ 0.0, 0.0, 5.0, 4.0 ], "rotation": 90 },
								"west": { "texture": "#normal-top", "uv": [ 0.0, 0.0, 16.0, 5.0 ] },
								"up": { "texture": "#normal-side", "uv": [ 0.0, 0.0, 16.0, 4.0 ], "rotation": 90 },
								"down": { "texture": "#normal-side", "uv": [ 0.0, 0.0, 16.0, 4.0 ], "rotation": 270 }
							}
						},
						{
							"name": "straw 35",
							"from": [ 5.0, 5.0, -9.0 ], 
							"to": [ 13.0, 5.0, 3.0 ], 
							"rotationOrigin": [ 13.0, 5.0, 0.0 ],
							"rotationX": 112.5,
							"rotationY": 90.0,
							"faces": {
								"north": { "texture": "#straw1", "uv": [ 0.0, 0.0, 8.0, 0.5 ], "enabled": false },
								"east": { "texture": "#straw1", "uv": [ 0.0, 0.0, 12.0, 0.5 ], "enabled": false },
								"south": { "texture": "#straw1", "uv": [ 0.0, 0.0, 8.0, 0.5 ], "enabled": false },
								"west": { "texture": "#straw1", "uv": [ 0.0, 0.0, 12.0, 0.5 ], "enabled": false },
								"up": { "texture": "#straw1", "uv": [ 4.0, 0.0, 16.0, 8.0 ], "rotation": 90 },
								"down": { "texture": "#straw1", "uv": [ 0.0, 0.0, 8.0, 12.0 ], "enabled": false }
							},
							"children": [
								{
									"name": "straw 36",
									"from": [ 0.0, 0.0, -8.0 ], 
									"to": [ 8.0, 0.0, 0.0 ], 
									"rotationOrigin": [ 8.0, 0.0, -4.0 ],
									"faces": {
										"north": { "texture": "#straw1", "uv": [ 0.0, 0.0, 8.0, 0.5 ], "enabled": false },
										"east": { "texture": "#straw1", "uv": [ 0.0, 0.0, 8.0, 0.5 ], "enabled": false },
										"south": { "texture": "#straw1", "uv": [ 0.0, 0.0, 8.0, 0.5 ], "enabled": false },
										"west": { "texture": "#straw1", "uv": [ 0.0, 0.0, 8.0, 0.5 ], "enabled": false },
										"up": { "texture": "#straw1", "uv": [ 0.0, 8.0, 8.0, 16.0 ], "rotation": 90 },
										"down": { "texture": "#straw1", "uv": [ 0.0, 0.0, 8.0, 8.0 ], "enabled": false }
									}
								}
							]
						}
					]
				},
				{
					"name": "base vertical29",
					"from": [ 24.0, 0.0, 0.1 ], 
					"to": [ 32.0, 14.0, 15.9 ], 
					"rotationOrigin": [ 24.0, -2.0, 0.1 ],
					"faces": {
						"north": { "texture": "#bamboo-side", "uv": [ 0.0, 0.0, 8.0, 14.0 ] },
						"east": { "texture": "#bamboo-side", "uv": [ 0.0, 0.0, 15.5, 14.0 ] },
						"south": { "texture": "#bamboo-side", "uv": [ 0.0, 0.0, 8.0, 14.0 ] },
						"west": { "texture": "#bamboo-side", "uv": [ 0.0, 0.0, 15.5, 14.0 ], "enabled": false },
						"up": { "texture": "#bamboo-side", "uv": [ 0.0, 2.5, 15.5, 10.5 ], "rotation": 90, "enabled": false },
						"down": { "texture": "#bamboo-side", "uv": [ 0.0, 0.0, 8.0, 15.5 ] }
					}
				}
			]
		}
	]}