{
	"editor": {
		"allAngles": false,
		"entityTextureMode": false
	},
	"textureWidth": 24,
	"textureHeight": 32,
	"textureSizes": {
		"normal": [16,16],
		"wood-generic": [16,16],
		"ceramicdoor-plain": [24,32]
	},
	"textures": {
		"ceramicdoor-plain": "ceramicdoor-plain",
		"normal": "game:block/cloth/basic/normal",
		"wood-generic": "game:block/wood-generic"
	},
	"elements": [
		{
			"name": "pivot",
			"from": [ 14.0, 0.0, 14.0 ],
			"to": [ 14.0, 0.0, 14.0 ],
			"rotationOrigin": [ 14.0, 0.0, 14.0 ],
			"faces": {
			},
			"children": [
				{
					"name": "Cube2",
					"from": [ -14.0, 0.0, -2.0 ],
					"to": [ 2.0, 32.0, 2.0 ],
					"rotationOrigin": [ -14.0, 0.0, -2.0 ],
					"faces": {
						"north": { "texture": "#ceramicdoor-plain", "uv": [ 0.0, 0.0, 16.0, 32.0 ] },
						"east": { "texture": "#ceramicdoor-plain", "uv": [ 16.0, 0.0, 20.0, 32.0 ] },
						"south": { "texture": "#ceramicdoor-plain", "uv": [ 0.0, 0.0, 16.0, 32.0 ] },
						"west": { "texture": "#ceramicdoor-plain", "uv": [ 16.0, 0.0, 20.0, 32.0 ] },
						"up": { "texture": "#ceramicdoor-plain", "uv": [ 20.0, 0.0, 24.0, 16.0 ], "rotation": 90 },
						"down": { "texture": "#ceramicdoor-plain", "uv": [ 20.0, 16.0, 24.0, 32.0 ], "rotation": 90 }
					},
					"children": [
						{
							"name": "hamdle-out",
							"from": [ 1.0, 12.0, 4.0 ],
							"to": [ 3.0, 12.6, 4.6 ],
							"rotationOrigin": [ 1.0, 12.3, 4.3 ],
							"rotationX": -5.0,
							"faces": {
								"north": { "texture": "#wood-generic", "uv": [ 12.0, 9.0, 14.0, 9.5 ] },
								"east": { "texture": "#wood-generic", "uv": [ 13.0, 13.5, 13.5, 14.0 ] },
								"south": { "texture": "#wood-generic", "uv": [ 13.5, 5.0, 15.5, 5.5 ] },
								"west": { "texture": "#wood-generic", "uv": [ 15.0, 13.5, 15.5, 14.0 ] },
								"up": { "texture": "#wood-generic", "uv": [ 13.0, 4.5, 15.0, 5.0 ] },
								"down": { "texture": "#wood-generic", "uv": [ 4.0, 5.0, 6.0, 5.5 ] }
							},
							"children": [
								{
									"name": "Cube3",
									"from": [ -0.3, 0.3, -0.1 ],
									"to": [ 0.3, 4.3, 0.5 ],
									"rotationOrigin": [ 0.0, 0.3, 0.2 ],
									"rotationZ": -14.0,
									"faces": {
										"north": { "texture": "#normal", "uv": [ 7.5, 7.5, 8.0, 11.5 ] },
										"east": { "texture": "#normal", "uv": [ 6.0, 0.5, 6.5, 4.5 ] },
										"south": { "texture": "#normal", "uv": [ 5.5, 11.0, 6.0, 15.0 ] },
										"west": { "texture": "#normal", "uv": [ 7.5, 11.0, 8.0, 15.0 ] },
										"up": { "texture": "#normal", "uv": [ 5.5, 7.5, 6.0, 8.0 ] },
										"down": { "texture": "#normal", "uv": [ 3.5, 1.5, 4.0, 2.0 ] }
									}
								},
								{
									"name": "Cube4",
									"from": [ 1.7, 0.3, -0.2 ],
									"to": [ 2.3, 4.3, 0.4 ],
									"rotationOrigin": [ 2.0, 0.3, 0.1 ],
									"rotationZ": 14.0,
									"faces": {
										"north": { "texture": "#normal", "uv": [ 8.5, 11.5, 9.0, 15.5 ] },
										"east": { "texture": "#normal", "uv": [ 6.5, 4.5, 7.0, 8.5 ] },
										"south": { "texture": "#normal", "uv": [ 1.5, 5.5, 2.0, 9.5 ] },
										"west": { "texture": "#normal", "uv": [ 13.5, 11.0, 14.0, 15.0 ] },
										"up": { "texture": "#normal", "uv": [ 8.0, 12.5, 8.5, 13.0 ] },
										"down": { "texture": "#normal", "uv": [ 14.5, 1.0, 15.0, 1.5 ] }
									}
								}
							]
						},
						{
							"name": "hamdle-in",
							"from": [ 1.0, 12.0, -0.6 ],
							"to": [ 3.0, 12.6, 0.0 ],
							"rotationOrigin": [ 1.0, 12.3, -0.3 ],
							"rotationX": 5.0,
							"faces": {
								"north": { "texture": "#wood-generic", "uv": [ 2.0, 3.5, 4.0, 4.0 ] },
								"east": { "texture": "#wood-generic", "uv": [ 4.5, 11.0, 5.0, 11.5 ] },
								"south": { "texture": "#wood-generic", "uv": [ 13.0, 4.0, 15.0, 4.5 ] },
								"west": { "texture": "#wood-generic", "uv": [ 14.0, 11.5, 14.5, 12.0 ] },
								"up": { "texture": "#wood-generic", "uv": [ 6.0, 10.5, 8.0, 11.0 ] },
								"down": { "texture": "#wood-generic", "uv": [ 4.0, 11.5, 6.0, 12.0 ] }
							},
							"children": [
								{
									"name": "Cube5",
									"from": [ -0.3, 0.3, 0.1 ],
									"to": [ 0.3, 4.3, 0.7 ],
									"rotationOrigin": [ 0.0, 0.3, 0.4 ],
									"rotationZ": -14.0,
									"faces": {
										"north": { "texture": "#normal", "uv": [ 12.0, 3.0, 12.5, 7.0 ] },
										"east": { "texture": "#normal", "uv": [ 1.0, 2.5, 1.5, 6.5 ] },
										"south": { "texture": "#normal", "uv": [ 5.5, 8.0, 6.0, 12.0 ] },
										"west": { "texture": "#normal", "uv": [ 15.0, 6.5, 15.5, 10.5 ] },
										"up": { "texture": "#normal", "uv": [ 1.0, 9.5, 1.5, 10.0 ] },
										"down": { "texture": "#normal", "uv": [ 12.5, 9.5, 13.0, 10.0 ] }
									}
								},
								{
									"name": "Cube6",
									"from": [ 1.7, 0.3, 0.2 ],
									"to": [ 2.3, 4.3, 0.8 ],
									"rotationOrigin": [ 2.0, 0.3, 0.5 ],
									"rotationZ": 14.0,
									"faces": {
										"north": { "texture": "#normal", "uv": [ 6.5, 3.5, 7.0, 7.5 ] },
										"east": { "texture": "#normal", "uv": [ 11.0, 8.0, 11.5, 12.0 ] },
										"south": { "texture": "#normal", "uv": [ 11.5, 0.0, 12.0, 4.0 ] },
										"west": { "texture": "#normal", "uv": [ 13.0, 7.0, 13.5, 11.0 ] },
										"up": { "texture": "#normal", "uv": [ 15.0, 14.0, 15.5, 14.5 ] },
										"down": { "texture": "#normal", "uv": [ 2.0, 0.5, 2.5, 1.0 ] }
									}
								}
							]
						},
						{
							"name": "hinge1",
							"from": [ 10.2, 4.0, -0.2 ],
							"to": [ 16.2, 6.0, 4.2 ],
							"rotationOrigin": [ 10.2, 4.0, -0.2 ],
							"faces": {
								"north": { "texture": "#wood-generic", "uv": [ 3.0, 6.5, 9.0, 8.5 ] },
								"east": { "texture": "#wood-generic", "uv": [ 8.5, 1.5, 12.5, 3.5 ] },
								"south": { "texture": "#wood-generic", "uv": [ 8.0, 1.0, 14.0, 3.0 ] },
								"west": { "texture": "#wood-generic", "uv": [ 8.0, 4.5, 12.0, 6.5 ] },
								"up": { "texture": "#wood-generic", "uv": [ 4.5, 4.5, 10.5, 8.5 ] },
								"down": { "texture": "#wood-generic", "uv": [ 1.0, 4.5, 7.0, 8.5 ] }
							}
						},
						{
							"name": "hinge2",
							"from": [ 10.2, 26.0, -0.2 ],
							"to": [ 16.2, 28.0, 4.2 ],
							"rotationOrigin": [ 10.2, 26.0, -0.2 ],
							"faces": {
								"north": { "texture": "#wood-generic", "uv": [ 2.5, 11.0, 8.5, 13.0 ] },
								"east": { "texture": "#wood-generic", "uv": [ 11.0, 0.5, 15.0, 2.5 ] },
								"south": { "texture": "#wood-generic", "uv": [ 3.5, 12.0, 9.5, 14.0 ] },
								"west": { "texture": "#wood-generic", "uv": [ 10.5, 9.0, 14.5, 11.0 ] },
								"up": { "texture": "#wood-generic", "uv": [ 6.5, 9.5, 12.5, 13.5 ] },
								"down": { "texture": "#wood-generic", "uv": [ 2.0, 8.5, 8.0, 12.5 ] }
							}
						}
					]
				}
			]
		}
	],
	"animations": [
		{
			"name": "opened",
			"code": "opened",
			"quantityframes": 30,
			"onActivityStopped": "Rewind",
			"onAnimationEnd": "Hold",
			"keyframes": [
				{
					"frame": 0,
					"elements": {
						"pivot": { "rotationX": 0.0, "rotationY": 85.0, "rotationZ": 0.0 }
					}
				}
			]
		}
	]
}