{
	"editor": {
		"allAngles": false,
		"entityTextureMode": false
	},
	"textureWidth": 16,
	"textureHeight": 16,
	"textureSizes": {
	},
	"textures": {
	},
	"elements": [
		{
			"name": "rotor",
			"from": [ 0.0, 7.0, 0.0 ], 
			"to": [ 0.0, 7.0, 0.0 ], 
			"rotationOrigin": [ 8.0, 8.0, 8.0 ],
			"faces": {
				"north": { "texture": "#null", "uv": [ 0.0, 0.0, 0.5, 0.5 ], "enabled": false },
				"east": { "texture": "#null", "uv": [ 0.0, 0.0, 0.5, 0.5 ], "enabled": false },
				"south": { "texture": "#null", "uv": [ 0.0, 0.0, 0.5, 0.5 ], "enabled": false },
				"west": { "texture": "#null", "uv": [ 0.0, 0.0, 0.5, 0.5 ], "enabled": false },
				"up": { "texture": "#null", "uv": [ 0.0, 0.0, 0.5, 0.5 ], "enabled": false },
				"down": { "texture": "#null", "uv": [ 0.0, 0.0, 0.5, 0.5 ], "enabled": false }
			},
			"children": [
				{
					"name": "Blade3",
					"from": [ 0.0, 2.0, 16.0 ], 
					"to": [ 0.0, 2.0, 16.0 ], 
					"rotationOrigin": [ 0.0, 2.0, 16.0 ],
					"rotationX": -180.0,
					"faces": {
						"north": { "texture": "#null", "uv": [ 0.0, 0.0, 0.5, 0.5 ] },
						"east": { "texture": "#null", "uv": [ 0.0, 0.0, 0.5, 0.5 ] },
						"south": { "texture": "#null", "uv": [ 0.0, 0.0, 0.5, 0.5 ] },
						"west": { "texture": "#null", "uv": [ 0.0, 0.0, 0.5, 0.5 ] },
						"up": { "texture": "#null", "uv": [ 0.0, 0.0, 0.5, 0.5 ] },
						"down": { "texture": "#null", "uv": [ 0.0, 0.0, 0.5, 0.5 ] }
					},
					"children": [
						{
							"name": "mainbeam-u185",
							"from": [ 9.0, 7.0, 7.0 ], 
							"to": [ 25.0, 9.0, 9.0 ], 
							"rotationOrigin": [ 8.0, 8.0, 8.0 ],
							"rotationY": -10.0,
							"rotationZ": 90.0,
							"faces": {
								"north": { "texture": "#wood", "uv": [ 0.0, 0.0, 16.0, 2.0 ] },
								"east": { "texture": "#wood", "uv": [ 0.0, 0.0, 2.0, 2.0 ], "enabled": false },
								"south": { "texture": "#wood", "uv": [ 0.0, 0.0, 16.0, 2.0 ] },
								"west": { "texture": "#wood", "uv": [ 0.0, 0.0, 2.0, 2.0 ], "enabled": false },
								"up": { "texture": "#wood", "uv": [ 0.0, 0.0, 16.0, 2.0 ] },
								"down": { "texture": "#wood", "uv": [ 0.0, 0.0, 16.0, 2.0 ] }
							},
							"children": [
								{
									"name": "cloth186",
									"from": [ 0.0, 0.0, 1.8 ], 
									"to": [ 16.0, 0.2, 13.5 ], 
									"renderPass": 1,
									"rotationOrigin": [ 0.0, 1.9, 1.8 ],
									"rotationX": -2.0,
									"faces": {
										"north": { "texture": "#cloth", "uv": [ 0.0, 0.0, 16.0, 0.5 ] },
										"east": { "texture": "#cloth", "uv": [ 0.0, 0.0, 11.5, 0.5 ] },
										"south": { "texture": "#cloth", "uv": [ 0.0, 0.0, 16.0, 0.5 ], "enabled": false },
										"west": { "texture": "#cloth", "uv": [ 0.0, 0.0, 11.5, 0.5 ] },
										"up": { "texture": "#cloth", "uv": [ 0.0, 0.0, 16.0, 11.5 ] },
										"down": { "texture": "#cloth", "uv": [ 0.0, 0.0, 16.0, 11.5 ] }
									}
								},
								{
									"name": "Cube187",
									"from": [ 5.4, 0.5, 2.0 ], 
									"to": [ 6.4, 1.5, 13.5 ], 
									"rotationOrigin": [ 5.4, 0.5, 0.0 ],
									"faces": {
										"north": { "texture": "#wood", "uv": [ 0.0, 0.0, 1.0, 1.0 ] },
										"east": { "texture": "#wood", "uv": [ 0.0, 0.0, 11.5, 1.0 ] },
										"south": { "texture": "#wood", "uv": [ 0.0, 0.0, 1.0, 1.0 ] },
										"west": { "texture": "#wood", "uv": [ 0.0, 0.0, 11.5, 1.0 ] },
										"up": { "texture": "#wood", "uv": [ 0.0, 0.0, 1.0, 11.5 ] },
										"down": { "texture": "#wood", "uv": [ 0.0, 0.0, 1.0, 11.5 ] }
									}
								},
								{
									"name": "Cube188",
									"from": [ 9.4, 0.5, 2.0 ], 
									"to": [ 10.4, 1.5, 13.5 ], 
									"rotationOrigin": [ 9.4, 0.5, 0.0 ],
									"faces": {
										"north": { "texture": "#wood", "uv": [ 0.0, 0.0, 1.0, 1.0 ] },
										"east": { "texture": "#wood", "uv": [ 0.0, 0.0, 11.5, 1.0 ] },
										"south": { "texture": "#wood", "uv": [ 0.0, 0.0, 1.0, 1.0 ] },
										"west": { "texture": "#wood", "uv": [ 0.0, 0.0, 11.5, 1.0 ] },
										"up": { "texture": "#wood", "uv": [ 0.0, 0.0, 1.0, 11.5 ] },
										"down": { "texture": "#wood", "uv": [ 0.0, 0.0, 1.0, 11.5 ] }
									}
								},
								{
									"name": "Cube189",
									"from": [ 13.4, 0.5, 2.0 ], 
									"to": [ 14.4, 1.5, 13.5 ], 
									"rotationOrigin": [ 13.4, 0.5, 0.0 ],
									"faces": {
										"north": { "texture": "#wood", "uv": [ 0.0, 0.0, 1.0, 1.0 ] },
										"east": { "texture": "#wood", "uv": [ 0.0, 0.0, 11.5, 1.0 ] },
										"south": { "texture": "#wood", "uv": [ 0.0, 0.0, 1.0, 1.0 ] },
										"west": { "texture": "#wood", "uv": [ 0.0, 0.0, 11.5, 1.0 ] },
										"up": { "texture": "#wood", "uv": [ 0.0, 0.0, 1.0, 11.5 ] },
										"down": { "texture": "#wood", "uv": [ 0.0, 0.0, 1.0, 11.5 ] }
									}
								},
								{
									"name": "Cube190",
									"from": [ 0.5, 0.4, 4.0 ], 
									"to": [ 15.5, 1.4, 5.0 ], 
									"rotationOrigin": [ 0.5, -0.1, 4.0 ],
									"faces": {
										"north": { "texture": "#wood", "uv": [ 0.0, 0.0, 15.0, 1.0 ] },
										"east": { "texture": "#wood", "uv": [ 0.0, 0.0, 1.0, 1.0 ] },
										"south": { "texture": "#wood", "uv": [ 0.0, 0.0, 15.0, 1.0 ] },
										"west": { "texture": "#wood", "uv": [ 0.0, 0.0, 1.0, 1.0 ] },
										"up": { "texture": "#wood", "uv": [ 0.0, 0.0, 15.0, 1.0 ] },
										"down": { "texture": "#wood", "uv": [ 0.0, 0.0, 15.0, 1.0 ] }
									}
								},
								{
									"name": "beam191",
									"from": [ 1.4, 0.5, 2.0 ], 
									"to": [ 2.4, 1.5, 13.5 ], 
									"rotationOrigin": [ 1.4, 0.5, 0.0 ],
									"faces": {
										"north": { "texture": "#wood", "uv": [ 0.0, 0.0, 1.0, 1.0 ] },
										"east": { "texture": "#wood", "uv": [ 0.0, 0.0, 11.5, 1.0 ] },
										"south": { "texture": "#wood", "uv": [ 0.0, 0.0, 1.0, 1.0 ] },
										"west": { "texture": "#wood", "uv": [ 0.0, 0.0, 11.5, 1.0 ] },
										"up": { "texture": "#wood", "uv": [ 0.0, 0.0, 1.0, 11.5 ] },
										"down": { "texture": "#wood", "uv": [ 0.0, 0.0, 1.0, 11.5 ] }
									}
								},
								{
									"name": "Cube192",
									"from": [ 0.5, 0.4, 12.0 ], 
									"to": [ 15.5, 1.4, 13.0 ], 
									"rotationOrigin": [ 0.5, -0.1, 12.0 ],
									"faces": {
										"north": { "texture": "#wood", "uv": [ 0.0, 0.0, 15.0, 1.0 ] },
										"east": { "texture": "#wood", "uv": [ 0.0, 0.0, 1.0, 1.0 ] },
										"south": { "texture": "#wood", "uv": [ 0.0, 0.0, 15.0, 1.0 ] },
										"west": { "texture": "#wood", "uv": [ 0.0, 0.0, 1.0, 1.0 ] },
										"up": { "texture": "#wood", "uv": [ 0.0, 0.0, 15.0, 1.0 ] },
										"down": { "texture": "#wood", "uv": [ 0.0, 0.0, 15.0, 1.0 ] }
									}
								},
								{
									"name": "Cube193",
									"from": [ 0.5, 0.4, 8.0 ], 
									"to": [ 15.5, 1.4, 9.0 ], 
									"rotationOrigin": [ 0.5, -0.1, 8.0 ],
									"faces": {
										"north": { "texture": "#wood", "uv": [ 0.0, 0.0, 15.0, 1.0 ] },
										"east": { "texture": "#wood", "uv": [ 0.0, 0.0, 1.0, 1.0 ] },
										"south": { "texture": "#wood", "uv": [ 0.0, 0.0, 15.0, 1.0 ] },
										"west": { "texture": "#wood", "uv": [ 0.0, 0.0, 1.0, 1.0 ] },
										"up": { "texture": "#wood", "uv": [ 0.0, 0.0, 15.0, 1.0 ] },
										"down": { "texture": "#wood", "uv": [ 0.0, 0.0, 15.0, 1.0 ] }
									}
								},
								{
									"name": "cloth194",
									"from": [ 0.0, 0.4, 13.4 ], 
									"to": [ 16.0, 0.6, 25.2 ], 
									"renderPass": 1,
									"rotationOrigin": [ 0.0, 2.3, 13.4 ],
									"rotationX": -2.0,
									"faces": {
										"north": { "texture": "#cloth", "uv": [ 0.0, 0.0, 16.0, 0.5 ], "enabled": false },
										"east": { "texture": "#cloth", "uv": [ 0.0, 0.0, 11.5, 0.5 ] },
										"south": { "texture": "#cloth", "uv": [ 0.0, 0.0, 16.0, 0.5 ] },
										"west": { "texture": "#cloth", "uv": [ 0.0, 0.0, 11.5, 0.5 ] },
										"up": { "texture": "#cloth", "uv": [ 0.0, 0.0, 16.0, 11.5 ] },
										"down": { "texture": "#cloth", "uv": [ 0.0, 0.0, 16.0, 11.5 ] }
									}
								},
								{
									"name": "Cube195",
									"from": [ 13.4, 0.9, 13.5 ], 
									"to": [ 14.4, 1.5, 25.1 ], 
									"rotationOrigin": [ 13.4, 0.9, 11.5 ],
									"faces": {
										"north": { "texture": "#wood", "uv": [ 0.0, 0.0, 1.0, 0.5 ] },
										"east": { "texture": "#wood", "uv": [ 0.0, 0.0, 11.5, 0.5 ] },
										"south": { "texture": "#wood", "uv": [ 0.0, 0.0, 1.0, 0.5 ] },
										"west": { "texture": "#wood", "uv": [ 0.0, 0.0, 11.5, 0.5 ] },
										"up": { "texture": "#wood", "uv": [ 0.0, 0.0, 1.0, 11.5 ] },
										"down": { "texture": "#wood", "uv": [ 0.0, 0.0, 1.0, 11.5 ] }
									}
								},
								{
									"name": "Cube196",
									"from": [ 9.4, 0.9, 13.5 ], 
									"to": [ 10.4, 1.5, 25.1 ], 
									"rotationOrigin": [ 9.4, 0.9, 11.5 ],
									"faces": {
										"north": { "texture": "#wood", "uv": [ 0.0, 0.0, 1.0, 0.5 ] },
										"east": { "texture": "#wood", "uv": [ 0.0, 0.0, 11.5, 0.5 ] },
										"south": { "texture": "#wood", "uv": [ 0.0, 0.0, 1.0, 0.5 ] },
										"west": { "texture": "#wood", "uv": [ 0.0, 0.0, 11.5, 0.5 ] },
										"up": { "texture": "#wood", "uv": [ 0.0, 0.0, 1.0, 11.5 ] },
										"down": { "texture": "#wood", "uv": [ 0.0, 0.0, 1.0, 11.5 ] }
									}
								},
								{
									"name": "Cube197",
									"from": [ 5.4, 0.9, 13.5 ], 
									"to": [ 6.4, 1.5, 25.1 ], 
									"rotationOrigin": [ 5.4, 0.9, 11.5 ],
									"faces": {
										"north": { "texture": "#wood", "uv": [ 0.0, 0.0, 1.0, 0.5 ] },
										"east": { "texture": "#wood", "uv": [ 0.0, 0.0, 11.5, 0.5 ] },
										"south": { "texture": "#wood", "uv": [ 0.0, 0.0, 1.0, 0.5 ] },
										"west": { "texture": "#wood", "uv": [ 0.0, 0.0, 11.5, 0.5 ] },
										"up": { "texture": "#wood", "uv": [ 0.0, 0.0, 1.0, 11.5 ] },
										"down": { "texture": "#wood", "uv": [ 0.0, 0.0, 1.0, 11.5 ] }
									}
								},
								{
									"name": "beam198",
									"from": [ 1.4, 0.9, 13.5 ], 
									"to": [ 2.4, 1.5, 25.1 ], 
									"rotationOrigin": [ 1.4, 0.9, 11.5 ],
									"faces": {
										"north": { "texture": "#wood", "uv": [ 0.0, 0.0, 1.0, 0.5 ] },
										"east": { "texture": "#wood", "uv": [ 0.0, 0.0, 11.5, 0.5 ] },
										"south": { "texture": "#wood", "uv": [ 0.0, 0.0, 1.0, 0.5 ] },
										"west": { "texture": "#wood", "uv": [ 0.0, 0.0, 11.5, 0.5 ] },
										"up": { "texture": "#wood", "uv": [ 0.0, 0.0, 1.0, 11.5 ] },
										"down": { "texture": "#wood", "uv": [ 0.0, 0.0, 1.0, 11.5 ] }
									}
								},
								{
									"name": "Cube199",
									"from": [ 0.5, 0.6, 16.0 ], 
									"to": [ 15.5, 1.4, 17.0 ], 
									"rotationOrigin": [ 0.5, 0.1, 16.0 ],
									"faces": {
										"north": { "texture": "#wood", "uv": [ 0.0, 0.0, 15.0, 0.5 ] },
										"east": { "texture": "#wood", "uv": [ 0.0, 0.0, 1.0, 0.5 ] },
										"south": { "texture": "#wood", "uv": [ 0.0, 0.0, 15.0, 0.5 ] },
										"west": { "texture": "#wood", "uv": [ 0.0, 0.0, 1.0, 0.5 ] },
										"up": { "texture": "#wood", "uv": [ 0.0, 0.0, 15.0, 1.0 ] },
										"down": { "texture": "#wood", "uv": [ 0.0, 0.0, 15.0, 1.0 ] }
									}
								},
								{
									"name": "Cube200",
									"from": [ 0.5, 0.7, 20.0 ], 
									"to": [ 15.5, 1.4, 21.0 ], 
									"rotationOrigin": [ 0.5, 0.2, 20.0 ],
									"faces": {
										"north": { "texture": "#wood", "uv": [ 0.0, 0.0, 15.0, 0.5 ] },
										"east": { "texture": "#wood", "uv": [ 0.0, 0.0, 1.0, 0.5 ] },
										"south": { "texture": "#wood", "uv": [ 0.0, 0.0, 15.0, 0.5 ] },
										"west": { "texture": "#wood", "uv": [ 0.0, 0.0, 1.0, 0.5 ] },
										"up": { "texture": "#wood", "uv": [ 0.0, 0.0, 15.0, 1.0 ] },
										"down": { "texture": "#wood", "uv": [ 0.0, 0.0, 15.0, 1.0 ] }
									}
								},
								{
									"name": "Cube201",
									"from": [ 0.5, 0.9, 24.0 ], 
									"to": [ 15.5, 1.4, 25.0 ], 
									"rotationOrigin": [ 0.5, 0.4, 24.0 ],
									"faces": {
										"north": { "texture": "#wood", "uv": [ 0.0, 0.0, 15.0, 0.5 ] },
										"east": { "texture": "#wood", "uv": [ 0.0, 0.0, 1.0, 0.5 ] },
										"south": { "texture": "#wood", "uv": [ 0.0, 0.0, 15.0, 0.5 ] },
										"west": { "texture": "#wood", "uv": [ 0.0, 0.0, 1.0, 0.5 ] },
										"up": { "texture": "#wood", "uv": [ 0.0, 0.0, 15.0, 1.0 ] },
										"down": { "texture": "#wood", "uv": [ 0.0, 0.0, 15.0, 1.0 ] }
									}
								}
							]
						},
						{
							"name": "mainbeam-u202",
							"from": [ 9.0, 23.0, 7.0 ], 
							"to": [ 25.0, 25.0, 9.0 ], 
							"rotationOrigin": [ 8.0, 24.0, 8.0 ],
							"rotationY": -10.0,
							"rotationZ": 90.0,
							"faces": {
								"north": { "texture": "#wood", "uv": [ 0.0, 0.0, 16.0, 2.0 ] },
								"east": { "texture": "#wood", "uv": [ 0.0, 0.0, 2.0, 2.0 ], "enabled": false },
								"south": { "texture": "#wood", "uv": [ 0.0, 0.0, 16.0, 2.0 ] },
								"west": { "texture": "#wood", "uv": [ 0.0, 0.0, 2.0, 2.0 ], "enabled": false },
								"up": { "texture": "#wood", "uv": [ 0.0, 0.0, 16.0, 2.0 ] },
								"down": { "texture": "#wood", "uv": [ 0.0, 0.0, 16.0, 2.0 ] }
							},
							"children": [
								{
									"name": "cloth203",
									"from": [ 0.0, 0.0, 1.8 ], 
									"to": [ 16.0, 0.2, 13.5 ], 
									"renderPass": 1,
									"rotationOrigin": [ 0.0, 1.9, 1.8 ],
									"rotationX": -2.0,
									"faces": {
										"north": { "texture": "#cloth", "uv": [ 0.0, 0.0, 16.0, 0.5 ] },
										"east": { "texture": "#cloth", "uv": [ 0.0, 0.0, 11.5, 0.5 ] },
										"south": { "texture": "#cloth", "uv": [ 0.0, 0.0, 16.0, 0.5 ], "enabled": false },
										"west": { "texture": "#cloth", "uv": [ 0.0, 0.0, 11.5, 0.5 ] },
										"up": { "texture": "#cloth", "uv": [ 0.0, 0.0, 16.0, 11.5 ] },
										"down": { "texture": "#cloth", "uv": [ 0.0, 0.0, 16.0, 11.5 ] }
									}
								},
								{
									"name": "Cube204",
									"from": [ 5.4, 0.5, 2.0 ], 
									"to": [ 6.4, 1.5, 13.5 ], 
									"rotationOrigin": [ 5.4, 0.5, 0.0 ],
									"faces": {
										"north": { "texture": "#wood", "uv": [ 0.0, 0.0, 1.0, 1.0 ] },
										"east": { "texture": "#wood", "uv": [ 0.0, 0.0, 11.5, 1.0 ] },
										"south": { "texture": "#wood", "uv": [ 0.0, 0.0, 1.0, 1.0 ] },
										"west": { "texture": "#wood", "uv": [ 0.0, 0.0, 11.5, 1.0 ] },
										"up": { "texture": "#wood", "uv": [ 0.0, 0.0, 1.0, 11.5 ] },
										"down": { "texture": "#wood", "uv": [ 0.0, 0.0, 1.0, 11.5 ] }
									}
								},
								{
									"name": "Cube205",
									"from": [ 9.4, 0.5, 2.0 ], 
									"to": [ 10.4, 1.5, 13.5 ], 
									"rotationOrigin": [ 9.4, 0.5, 0.0 ],
									"faces": {
										"north": { "texture": "#wood", "uv": [ 0.0, 0.0, 1.0, 1.0 ] },
										"east": { "texture": "#wood", "uv": [ 0.0, 0.0, 11.5, 1.0 ] },
										"south": { "texture": "#wood", "uv": [ 0.0, 0.0, 1.0, 1.0 ] },
										"west": { "texture": "#wood", "uv": [ 0.0, 0.0, 11.5, 1.0 ] },
										"up": { "texture": "#wood", "uv": [ 0.0, 0.0, 1.0, 11.5 ] },
										"down": { "texture": "#wood", "uv": [ 0.0, 0.0, 1.0, 11.5 ] }
									}
								},
								{
									"name": "Cube206",
									"from": [ 13.4, 0.5, 2.0 ], 
									"to": [ 14.4, 1.5, 13.5 ], 
									"rotationOrigin": [ 13.4, 0.5, 0.0 ],
									"faces": {
										"north": { "texture": "#wood", "uv": [ 0.0, 0.0, 1.0, 1.0 ] },
										"east": { "texture": "#wood", "uv": [ 0.0, 0.0, 11.5, 1.0 ] },
										"south": { "texture": "#wood", "uv": [ 0.0, 0.0, 1.0, 1.0 ] },
										"west": { "texture": "#wood", "uv": [ 0.0, 0.0, 11.5, 1.0 ] },
										"up": { "texture": "#wood", "uv": [ 0.0, 0.0, 1.0, 11.5 ] },
										"down": { "texture": "#wood", "uv": [ 0.0, 0.0, 1.0, 11.5 ] }
									}
								},
								{
									"name": "Cube207",
									"from": [ 0.5, 0.4, 4.0 ], 
									"to": [ 15.5, 1.4, 5.0 ], 
									"rotationOrigin": [ 0.5, -0.1, 4.0 ],
									"faces": {
										"north": { "texture": "#wood", "uv": [ 0.0, 0.0, 15.0, 1.0 ] },
										"east": { "texture": "#wood", "uv": [ 0.0, 0.0, 1.0, 1.0 ] },
										"south": { "texture": "#wood", "uv": [ 0.0, 0.0, 15.0, 1.0 ] },
										"west": { "texture": "#wood", "uv": [ 0.0, 0.0, 1.0, 1.0 ] },
										"up": { "texture": "#wood", "uv": [ 0.0, 0.0, 15.0, 1.0 ] },
										"down": { "texture": "#wood", "uv": [ 0.0, 0.0, 15.0, 1.0 ] }
									}
								},
								{
									"name": "beam208",
									"from": [ 1.4, 0.5, 2.0 ], 
									"to": [ 2.4, 1.5, 13.5 ], 
									"rotationOrigin": [ 1.4, 0.5, 0.0 ],
									"faces": {
										"north": { "texture": "#wood", "uv": [ 0.0, 0.0, 1.0, 1.0 ] },
										"east": { "texture": "#wood", "uv": [ 0.0, 0.0, 11.5, 1.0 ] },
										"south": { "texture": "#wood", "uv": [ 0.0, 0.0, 1.0, 1.0 ] },
										"west": { "texture": "#wood", "uv": [ 0.0, 0.0, 11.5, 1.0 ] },
										"up": { "texture": "#wood", "uv": [ 0.0, 0.0, 1.0, 11.5 ] },
										"down": { "texture": "#wood", "uv": [ 0.0, 0.0, 1.0, 11.5 ] }
									}
								},
								{
									"name": "Cube209",
									"from": [ 0.5, 0.4, 12.0 ], 
									"to": [ 15.5, 1.4, 13.0 ], 
									"rotationOrigin": [ 0.5, -0.1, 12.0 ],
									"faces": {
										"north": { "texture": "#wood", "uv": [ 0.0, 0.0, 15.0, 1.0 ] },
										"east": { "texture": "#wood", "uv": [ 0.0, 0.0, 1.0, 1.0 ] },
										"south": { "texture": "#wood", "uv": [ 0.0, 0.0, 15.0, 1.0 ] },
										"west": { "texture": "#wood", "uv": [ 0.0, 0.0, 1.0, 1.0 ] },
										"up": { "texture": "#wood", "uv": [ 0.0, 0.0, 15.0, 1.0 ] },
										"down": { "texture": "#wood", "uv": [ 0.0, 0.0, 15.0, 1.0 ] }
									}
								},
								{
									"name": "Cube210",
									"from": [ 0.5, 0.4, 8.0 ], 
									"to": [ 15.5, 1.4, 9.0 ], 
									"rotationOrigin": [ 0.5, -0.1, 8.0 ],
									"faces": {
										"north": { "texture": "#wood", "uv": [ 0.0, 0.0, 15.0, 1.0 ] },
										"east": { "texture": "#wood", "uv": [ 0.0, 0.0, 1.0, 1.0 ] },
										"south": { "texture": "#wood", "uv": [ 0.0, 0.0, 15.0, 1.0 ] },
										"west": { "texture": "#wood", "uv": [ 0.0, 0.0, 1.0, 1.0 ] },
										"up": { "texture": "#wood", "uv": [ 0.0, 0.0, 15.0, 1.0 ] },
										"down": { "texture": "#wood", "uv": [ 0.0, 0.0, 15.0, 1.0 ] }
									}
								},
								{
									"name": "cloth211",
									"from": [ 0.0, 0.4, 13.4 ], 
									"to": [ 16.0, 0.6, 25.2 ], 
									"renderPass": 1,
									"rotationOrigin": [ 0.0, 2.3, 13.4 ],
									"rotationX": -2.0,
									"faces": {
										"north": { "texture": "#cloth", "uv": [ 0.0, 0.0, 16.0, 0.5 ], "enabled": false },
										"east": { "texture": "#cloth", "uv": [ 0.0, 0.0, 11.5, 0.5 ] },
										"south": { "texture": "#cloth", "uv": [ 0.0, 0.0, 16.0, 0.5 ] },
										"west": { "texture": "#cloth", "uv": [ 0.0, 0.0, 11.5, 0.5 ] },
										"up": { "texture": "#cloth", "uv": [ 0.0, 0.0, 16.0, 11.5 ] },
										"down": { "texture": "#cloth", "uv": [ 0.0, 0.0, 16.0, 11.5 ] }
									}
								},
								{
									"name": "Cube212",
									"from": [ 13.4, 0.9, 13.5 ], 
									"to": [ 14.4, 1.5, 25.1 ], 
									"rotationOrigin": [ 13.4, 0.9, 11.5 ],
									"faces": {
										"north": { "texture": "#wood", "uv": [ 0.0, 0.0, 1.0, 0.5 ] },
										"east": { "texture": "#wood", "uv": [ 0.0, 0.0, 11.5, 0.5 ] },
										"south": { "texture": "#wood", "uv": [ 0.0, 0.0, 1.0, 0.5 ] },
										"west": { "texture": "#wood", "uv": [ 0.0, 0.0, 11.5, 0.5 ] },
										"up": { "texture": "#wood", "uv": [ 0.0, 0.0, 1.0, 11.5 ] },
										"down": { "texture": "#wood", "uv": [ 0.0, 0.0, 1.0, 11.5 ] }
									}
								},
								{
									"name": "Cube213",
									"from": [ 9.4, 0.9, 13.5 ], 
									"to": [ 10.4, 1.5, 25.1 ], 
									"rotationOrigin": [ 9.4, 0.9, 11.5 ],
									"faces": {
										"north": { "texture": "#wood", "uv": [ 0.0, 0.0, 1.0, 0.5 ] },
										"east": { "texture": "#wood", "uv": [ 0.0, 0.0, 11.5, 0.5 ] },
										"south": { "texture": "#wood", "uv": [ 0.0, 0.0, 1.0, 0.5 ] },
										"west": { "texture": "#wood", "uv": [ 0.0, 0.0, 11.5, 0.5 ] },
										"up": { "texture": "#wood", "uv": [ 0.0, 0.0, 1.0, 11.5 ] },
										"down": { "texture": "#wood", "uv": [ 0.0, 0.0, 1.0, 11.5 ] }
									}
								},
								{
									"name": "Cube214",
									"from": [ 5.4, 0.9, 13.5 ], 
									"to": [ 6.4, 1.5, 25.1 ], 
									"rotationOrigin": [ 5.4, 0.9, 11.5 ],
									"faces": {
										"north": { "texture": "#wood", "uv": [ 0.0, 0.0, 1.0, 0.5 ] },
										"east": { "texture": "#wood", "uv": [ 0.0, 0.0, 11.5, 0.5 ] },
										"south": { "texture": "#wood", "uv": [ 0.0, 0.0, 1.0, 0.5 ] },
										"west": { "texture": "#wood", "uv": [ 0.0, 0.0, 11.5, 0.5 ] },
										"up": { "texture": "#wood", "uv": [ 0.0, 0.0, 1.0, 11.5 ] },
										"down": { "texture": "#wood", "uv": [ 0.0, 0.0, 1.0, 11.5 ] }
									}
								},
								{
									"name": "beam215",
									"from": [ 1.4, 0.9, 13.5 ], 
									"to": [ 2.4, 1.5, 25.1 ], 
									"rotationOrigin": [ 1.4, 0.9, 11.5 ],
									"faces": {
										"north": { "texture": "#wood", "uv": [ 0.0, 0.0, 1.0, 0.5 ] },
										"east": { "texture": "#wood", "uv": [ 0.0, 0.0, 11.5, 0.5 ] },
										"south": { "texture": "#wood", "uv": [ 0.0, 0.0, 1.0, 0.5 ] },
										"west": { "texture": "#wood", "uv": [ 0.0, 0.0, 11.5, 0.5 ] },
										"up": { "texture": "#wood", "uv": [ 0.0, 0.0, 1.0, 11.5 ] },
										"down": { "texture": "#wood", "uv": [ 0.0, 0.0, 1.0, 11.5 ] }
									}
								},
								{
									"name": "Cube216",
									"from": [ 0.5, 0.6, 16.0 ], 
									"to": [ 15.5, 1.4, 17.0 ], 
									"rotationOrigin": [ 0.5, 0.1, 16.0 ],
									"faces": {
										"north": { "texture": "#wood", "uv": [ 0.0, 0.0, 15.0, 0.5 ] },
										"east": { "texture": "#wood", "uv": [ 0.0, 0.0, 1.0, 0.5 ] },
										"south": { "texture": "#wood", "uv": [ 0.0, 0.0, 15.0, 0.5 ] },
										"west": { "texture": "#wood", "uv": [ 0.0, 0.0, 1.0, 0.5 ] },
										"up": { "texture": "#wood", "uv": [ 0.0, 0.0, 15.0, 1.0 ] },
										"down": { "texture": "#wood", "uv": [ 0.0, 0.0, 15.0, 1.0 ] }
									}
								},
								{
									"name": "Cube217",
									"from": [ 0.5, 0.7, 20.0 ], 
									"to": [ 15.5, 1.4, 21.0 ], 
									"rotationOrigin": [ 0.5, 0.2, 20.0 ],
									"faces": {
										"north": { "texture": "#wood", "uv": [ 0.0, 0.0, 15.0, 0.5 ] },
										"east": { "texture": "#wood", "uv": [ 0.0, 0.0, 1.0, 0.5 ] },
										"south": { "texture": "#wood", "uv": [ 0.0, 0.0, 15.0, 0.5 ] },
										"west": { "texture": "#wood", "uv": [ 0.0, 0.0, 1.0, 0.5 ] },
										"up": { "texture": "#wood", "uv": [ 0.0, 0.0, 15.0, 1.0 ] },
										"down": { "texture": "#wood", "uv": [ 0.0, 0.0, 15.0, 1.0 ] }
									}
								},
								{
									"name": "Cube218",
									"from": [ 0.5, 0.9, 24.0 ], 
									"to": [ 15.5, 1.4, 25.0 ], 
									"rotationOrigin": [ 0.5, 0.4, 24.0 ],
									"faces": {
										"north": { "texture": "#wood", "uv": [ 0.0, 0.0, 15.0, 0.5 ] },
										"east": { "texture": "#wood", "uv": [ 0.0, 0.0, 1.0, 0.5 ] },
										"south": { "texture": "#wood", "uv": [ 0.0, 0.0, 15.0, 0.5 ] },
										"west": { "texture": "#wood", "uv": [ 0.0, 0.0, 1.0, 0.5 ] },
										"up": { "texture": "#wood", "uv": [ 0.0, 0.0, 15.0, 1.0 ] },
										"down": { "texture": "#wood", "uv": [ 0.0, 0.0, 15.0, 1.0 ] }
									}
								}
							]
						}
					]
				},
				{
					"name": "Blade359",
					"from": [ 0.0, 9.0, 7.0 ], 
					"to": [ 0.0, 9.0, 7.0 ], 
					"rotationOrigin": [ 0.0, 11.56, 3.7 ],
					"rotationX": 60.0,
					"faces": {
						"north": { "texture": "#null", "uv": [ 0.0, 0.0, 0.5, 0.5 ] },
						"east": { "texture": "#null", "uv": [ 0.0, 0.0, 0.5, 0.5 ] },
						"south": { "texture": "#null", "uv": [ 0.0, 0.0, 0.5, 0.5 ] },
						"west": { "texture": "#null", "uv": [ 0.0, 0.0, 0.5, 0.5 ] },
						"up": { "texture": "#null", "uv": [ 0.0, 0.0, 0.5, 0.5 ] },
						"down": { "texture": "#null", "uv": [ 0.0, 0.0, 0.5, 0.5 ] }
					},
					"children": [
						{
							"name": "mainbeam-u360",
							"from": [ 9.0, 7.0, 7.0 ], 
							"to": [ 25.0, 9.0, 9.0 ], 
							"rotationOrigin": [ 8.0, 8.0, 8.0 ],
							"rotationY": -10.0,
							"rotationZ": 90.0,
							"faces": {
								"north": { "texture": "#wood", "uv": [ 0.0, 0.0, 16.0, 2.0 ] },
								"east": { "texture": "#wood", "uv": [ 0.0, 0.0, 2.0, 2.0 ], "enabled": false },
								"south": { "texture": "#wood", "uv": [ 0.0, 0.0, 16.0, 2.0 ] },
								"west": { "texture": "#wood", "uv": [ 0.0, 0.0, 2.0, 2.0 ], "enabled": false },
								"up": { "texture": "#wood", "uv": [ 0.0, 0.0, 16.0, 2.0 ] },
								"down": { "texture": "#wood", "uv": [ 0.0, 0.0, 16.0, 2.0 ] }
							},
							"children": [
								{
									"name": "cloth361",
									"from": [ 0.0, 0.0, 1.8 ], 
									"to": [ 16.0, 0.2, 13.5 ], 
									"renderPass": 1,
									"rotationOrigin": [ 0.0, 1.9, 1.8 ],
									"rotationX": -2.0,
									"faces": {
										"north": { "texture": "#cloth", "uv": [ 0.0, 0.0, 16.0, 0.5 ] },
										"east": { "texture": "#cloth", "uv": [ 0.0, 0.0, 11.5, 0.5 ] },
										"south": { "texture": "#cloth", "uv": [ 0.0, 0.0, 16.0, 0.5 ], "enabled": false },
										"west": { "texture": "#cloth", "uv": [ 0.0, 0.0, 11.5, 0.5 ] },
										"up": { "texture": "#cloth", "uv": [ 0.0, 0.0, 16.0, 11.5 ] },
										"down": { "texture": "#cloth", "uv": [ 0.0, 0.0, 16.0, 11.5 ] }
									}
								},
								{
									"name": "Cube362",
									"from": [ 5.4, 0.5, 2.0 ], 
									"to": [ 6.4, 1.5, 13.5 ], 
									"rotationOrigin": [ 5.4, 0.5, 0.0 ],
									"faces": {
										"north": { "texture": "#wood", "uv": [ 0.0, 0.0, 1.0, 1.0 ] },
										"east": { "texture": "#wood", "uv": [ 0.0, 0.0, 11.5, 1.0 ] },
										"south": { "texture": "#wood", "uv": [ 0.0, 0.0, 1.0, 1.0 ] },
										"west": { "texture": "#wood", "uv": [ 0.0, 0.0, 11.5, 1.0 ] },
										"up": { "texture": "#wood", "uv": [ 0.0, 0.0, 1.0, 11.5 ] },
										"down": { "texture": "#wood", "uv": [ 0.0, 0.0, 1.0, 11.5 ] }
									}
								},
								{
									"name": "Cube363",
									"from": [ 9.4, 0.5, 2.0 ], 
									"to": [ 10.4, 1.5, 13.5 ], 
									"rotationOrigin": [ 9.4, 0.5, 0.0 ],
									"faces": {
										"north": { "texture": "#wood", "uv": [ 0.0, 0.0, 1.0, 1.0 ] },
										"east": { "texture": "#wood", "uv": [ 0.0, 0.0, 11.5, 1.0 ] },
										"south": { "texture": "#wood", "uv": [ 0.0, 0.0, 1.0, 1.0 ] },
										"west": { "texture": "#wood", "uv": [ 0.0, 0.0, 11.5, 1.0 ] },
										"up": { "texture": "#wood", "uv": [ 0.0, 0.0, 1.0, 11.5 ] },
										"down": { "texture": "#wood", "uv": [ 0.0, 0.0, 1.0, 11.5 ] }
									}
								},
								{
									"name": "Cube364",
									"from": [ 13.4, 0.5, 2.0 ], 
									"to": [ 14.4, 1.5, 13.5 ], 
									"rotationOrigin": [ 13.4, 0.5, 0.0 ],
									"faces": {
										"north": { "texture": "#wood", "uv": [ 0.0, 0.0, 1.0, 1.0 ] },
										"east": { "texture": "#wood", "uv": [ 0.0, 0.0, 11.5, 1.0 ] },
										"south": { "texture": "#wood", "uv": [ 0.0, 0.0, 1.0, 1.0 ] },
										"west": { "texture": "#wood", "uv": [ 0.0, 0.0, 11.5, 1.0 ] },
										"up": { "texture": "#wood", "uv": [ 0.0, 0.0, 1.0, 11.5 ] },
										"down": { "texture": "#wood", "uv": [ 0.0, 0.0, 1.0, 11.5 ] }
									}
								},
								{
									"name": "Cube365",
									"from": [ 0.5, 0.4, 4.0 ], 
									"to": [ 15.5, 1.4, 5.0 ], 
									"rotationOrigin": [ 0.5, -0.1, 4.0 ],
									"faces": {
										"north": { "texture": "#wood", "uv": [ 0.0, 0.0, 15.0, 1.0 ] },
										"east": { "texture": "#wood", "uv": [ 0.0, 0.0, 1.0, 1.0 ] },
										"south": { "texture": "#wood", "uv": [ 0.0, 0.0, 15.0, 1.0 ] },
										"west": { "texture": "#wood", "uv": [ 0.0, 0.0, 1.0, 1.0 ] },
										"up": { "texture": "#wood", "uv": [ 0.0, 0.0, 15.0, 1.0 ] },
										"down": { "texture": "#wood", "uv": [ 0.0, 0.0, 15.0, 1.0 ] }
									}
								},
								{
									"name": "beam366",
									"from": [ 1.4, 0.5, 2.0 ], 
									"to": [ 2.4, 1.5, 13.5 ], 
									"rotationOrigin": [ 1.4, 0.5, 0.0 ],
									"faces": {
										"north": { "texture": "#wood", "uv": [ 0.0, 0.0, 1.0, 1.0 ] },
										"east": { "texture": "#wood", "uv": [ 0.0, 0.0, 11.5, 1.0 ] },
										"south": { "texture": "#wood", "uv": [ 0.0, 0.0, 1.0, 1.0 ] },
										"west": { "texture": "#wood", "uv": [ 0.0, 0.0, 11.5, 1.0 ] },
										"up": { "texture": "#wood", "uv": [ 0.0, 0.0, 1.0, 11.5 ] },
										"down": { "texture": "#wood", "uv": [ 0.0, 0.0, 1.0, 11.5 ] }
									}
								},
								{
									"name": "Cube367",
									"from": [ 0.5, 0.4, 12.0 ], 
									"to": [ 15.5, 1.4, 13.0 ], 
									"rotationOrigin": [ 0.5, -0.1, 12.0 ],
									"faces": {
										"north": { "texture": "#wood", "uv": [ 0.0, 0.0, 15.0, 1.0 ] },
										"east": { "texture": "#wood", "uv": [ 0.0, 0.0, 1.0, 1.0 ] },
										"south": { "texture": "#wood", "uv": [ 0.0, 0.0, 15.0, 1.0 ] },
										"west": { "texture": "#wood", "uv": [ 0.0, 0.0, 1.0, 1.0 ] },
										"up": { "texture": "#wood", "uv": [ 0.0, 0.0, 15.0, 1.0 ] },
										"down": { "texture": "#wood", "uv": [ 0.0, 0.0, 15.0, 1.0 ] }
									}
								},
								{
									"name": "Cube368",
									"from": [ 0.5, 0.4, 8.0 ], 
									"to": [ 15.5, 1.4, 9.0 ], 
									"rotationOrigin": [ 0.5, -0.1, 8.0 ],
									"faces": {
										"north": { "texture": "#wood", "uv": [ 0.0, 0.0, 15.0, 1.0 ] },
										"east": { "texture": "#wood", "uv": [ 0.0, 0.0, 1.0, 1.0 ] },
										"south": { "texture": "#wood", "uv": [ 0.0, 0.0, 15.0, 1.0 ] },
										"west": { "texture": "#wood", "uv": [ 0.0, 0.0, 1.0, 1.0 ] },
										"up": { "texture": "#wood", "uv": [ 0.0, 0.0, 15.0, 1.0 ] },
										"down": { "texture": "#wood", "uv": [ 0.0, 0.0, 15.0, 1.0 ] }
									}
								},
								{
									"name": "cloth369",
									"from": [ 0.0, 0.4, 13.4 ], 
									"to": [ 16.0, 0.6, 25.2 ], 
									"renderPass": 1,
									"rotationOrigin": [ 0.0, 2.3, 13.4 ],
									"rotationX": -2.0,
									"faces": {
										"north": { "texture": "#cloth", "uv": [ 0.0, 0.0, 16.0, 0.5 ], "enabled": false },
										"east": { "texture": "#cloth", "uv": [ 0.0, 0.0, 11.5, 0.5 ] },
										"south": { "texture": "#cloth", "uv": [ 0.0, 0.0, 16.0, 0.5 ] },
										"west": { "texture": "#cloth", "uv": [ 0.0, 0.0, 11.5, 0.5 ] },
										"up": { "texture": "#cloth", "uv": [ 0.0, 0.0, 16.0, 11.5 ] },
										"down": { "texture": "#cloth", "uv": [ 0.0, 0.0, 16.0, 11.5 ] }
									}
								},
								{
									"name": "Cube370",
									"from": [ 13.4, 0.9, 13.5 ], 
									"to": [ 14.4, 1.5, 25.1 ], 
									"rotationOrigin": [ 13.4, 0.9, 11.5 ],
									"faces": {
										"north": { "texture": "#wood", "uv": [ 0.0, 0.0, 1.0, 0.5 ] },
										"east": { "texture": "#wood", "uv": [ 0.0, 0.0, 11.5, 0.5 ] },
										"south": { "texture": "#wood", "uv": [ 0.0, 0.0, 1.0, 0.5 ] },
										"west": { "texture": "#wood", "uv": [ 0.0, 0.0, 11.5, 0.5 ] },
										"up": { "texture": "#wood", "uv": [ 0.0, 0.0, 1.0, 11.5 ] },
										"down": { "texture": "#wood", "uv": [ 0.0, 0.0, 1.0, 11.5 ] }
									}
								},
								{
									"name": "Cube371",
									"from": [ 9.4, 0.9, 13.5 ], 
									"to": [ 10.4, 1.5, 25.1 ], 
									"rotationOrigin": [ 9.4, 0.9, 11.5 ],
									"faces": {
										"north": { "texture": "#wood", "uv": [ 0.0, 0.0, 1.0, 0.5 ] },
										"east": { "texture": "#wood", "uv": [ 0.0, 0.0, 11.5, 0.5 ] },
										"south": { "texture": "#wood", "uv": [ 0.0, 0.0, 1.0, 0.5 ] },
										"west": { "texture": "#wood", "uv": [ 0.0, 0.0, 11.5, 0.5 ] },
										"up": { "texture": "#wood", "uv": [ 0.0, 0.0, 1.0, 11.5 ] },
										"down": { "texture": "#wood", "uv": [ 0.0, 0.0, 1.0, 11.5 ] }
									}
								},
								{
									"name": "Cube372",
									"from": [ 5.4, 0.9, 13.5 ], 
									"to": [ 6.4, 1.5, 25.1 ], 
									"rotationOrigin": [ 5.4, 0.9, 11.5 ],
									"faces": {
										"north": { "texture": "#wood", "uv": [ 0.0, 0.0, 1.0, 0.5 ] },
										"east": { "texture": "#wood", "uv": [ 0.0, 0.0, 11.5, 0.5 ] },
										"south": { "texture": "#wood", "uv": [ 0.0, 0.0, 1.0, 0.5 ] },
										"west": { "texture": "#wood", "uv": [ 0.0, 0.0, 11.5, 0.5 ] },
										"up": { "texture": "#wood", "uv": [ 0.0, 0.0, 1.0, 11.5 ] },
										"down": { "texture": "#wood", "uv": [ 0.0, 0.0, 1.0, 11.5 ] }
									}
								},
								{
									"name": "beam373",
									"from": [ 1.4, 0.9, 13.5 ], 
									"to": [ 2.4, 1.5, 25.1 ], 
									"rotationOrigin": [ 1.4, 0.9, 11.5 ],
									"faces": {
										"north": { "texture": "#wood", "uv": [ 0.0, 0.0, 1.0, 0.5 ] },
										"east": { "texture": "#wood", "uv": [ 0.0, 0.0, 11.5, 0.5 ] },
										"south": { "texture": "#wood", "uv": [ 0.0, 0.0, 1.0, 0.5 ] },
										"west": { "texture": "#wood", "uv": [ 0.0, 0.0, 11.5, 0.5 ] },
										"up": { "texture": "#wood", "uv": [ 0.0, 0.0, 1.0, 11.5 ] },
										"down": { "texture": "#wood", "uv": [ 0.0, 0.0, 1.0, 11.5 ] }
									}
								},
								{
									"name": "Cube374",
									"from": [ 0.5, 0.6, 16.0 ], 
									"to": [ 15.5, 1.4, 17.0 ], 
									"rotationOrigin": [ 0.5, 0.1, 16.0 ],
									"faces": {
										"north": { "texture": "#wood", "uv": [ 0.0, 0.0, 15.0, 0.5 ] },
										"east": { "texture": "#wood", "uv": [ 0.0, 0.0, 1.0, 0.5 ] },
										"south": { "texture": "#wood", "uv": [ 0.0, 0.0, 15.0, 0.5 ] },
										"west": { "texture": "#wood", "uv": [ 0.0, 0.0, 1.0, 0.5 ] },
										"up": { "texture": "#wood", "uv": [ 0.0, 0.0, 15.0, 1.0 ] },
										"down": { "texture": "#wood", "uv": [ 0.0, 0.0, 15.0, 1.0 ] }
									}
								},
								{
									"name": "Cube375",
									"from": [ 0.5, 0.7, 20.0 ], 
									"to": [ 15.5, 1.4, 21.0 ], 
									"rotationOrigin": [ 0.5, 0.2, 20.0 ],
									"faces": {
										"north": { "texture": "#wood", "uv": [ 0.0, 0.0, 15.0, 0.5 ] },
										"east": { "texture": "#wood", "uv": [ 0.0, 0.0, 1.0, 0.5 ] },
										"south": { "texture": "#wood", "uv": [ 0.0, 0.0, 15.0, 0.5 ] },
										"west": { "texture": "#wood", "uv": [ 0.0, 0.0, 1.0, 0.5 ] },
										"up": { "texture": "#wood", "uv": [ 0.0, 0.0, 15.0, 1.0 ] },
										"down": { "texture": "#wood", "uv": [ 0.0, 0.0, 15.0, 1.0 ] }
									}
								},
								{
									"name": "Cube376",
									"from": [ 0.5, 0.9, 24.0 ], 
									"to": [ 15.5, 1.4, 25.0 ], 
									"rotationOrigin": [ 0.5, 0.4, 24.0 ],
									"faces": {
										"north": { "texture": "#wood", "uv": [ 0.0, 0.0, 15.0, 0.5 ] },
										"east": { "texture": "#wood", "uv": [ 0.0, 0.0, 1.0, 0.5 ] },
										"south": { "texture": "#wood", "uv": [ 0.0, 0.0, 15.0, 0.5 ] },
										"west": { "texture": "#wood", "uv": [ 0.0, 0.0, 1.0, 0.5 ] },
										"up": { "texture": "#wood", "uv": [ 0.0, 0.0, 15.0, 1.0 ] },
										"down": { "texture": "#wood", "uv": [ 0.0, 0.0, 15.0, 1.0 ] }
									}
								}
							]
						},
						{
							"name": "mainbeam-u377",
							"from": [ 9.0, 23.0, 7.0 ], 
							"to": [ 25.0, 25.0, 9.0 ], 
							"rotationOrigin": [ 8.0, 24.0, 8.0 ],
							"rotationY": -10.0,
							"rotationZ": 90.0,
							"faces": {
								"north": { "texture": "#wood", "uv": [ 0.0, 0.0, 16.0, 2.0 ] },
								"east": { "texture": "#wood", "uv": [ 0.0, 0.0, 2.0, 2.0 ], "enabled": false },
								"south": { "texture": "#wood", "uv": [ 0.0, 0.0, 16.0, 2.0 ] },
								"west": { "texture": "#wood", "uv": [ 0.0, 0.0, 2.0, 2.0 ], "enabled": false },
								"up": { "texture": "#wood", "uv": [ 0.0, 0.0, 16.0, 2.0 ] },
								"down": { "texture": "#wood", "uv": [ 0.0, 0.0, 16.0, 2.0 ] }
							},
							"children": [
								{
									"name": "cloth378",
									"from": [ 0.0, 0.0, 1.8 ], 
									"to": [ 16.0, 0.2, 13.5 ], 
									"renderPass": 1,
									"rotationOrigin": [ 0.0, 1.9, 1.8 ],
									"rotationX": -2.0,
									"faces": {
										"north": { "texture": "#cloth", "uv": [ 0.0, 0.0, 16.0, 0.5 ] },
										"east": { "texture": "#cloth", "uv": [ 0.0, 0.0, 11.5, 0.5 ] },
										"south": { "texture": "#cloth", "uv": [ 0.0, 0.0, 16.0, 0.5 ], "enabled": false },
										"west": { "texture": "#cloth", "uv": [ 0.0, 0.0, 11.5, 0.5 ] },
										"up": { "texture": "#cloth", "uv": [ 0.0, 0.0, 16.0, 11.5 ] },
										"down": { "texture": "#cloth", "uv": [ 0.0, 0.0, 16.0, 11.5 ] }
									}
								},
								{
									"name": "Cube379",
									"from": [ 5.4, 0.5, 2.0 ], 
									"to": [ 6.4, 1.5, 13.5 ], 
									"rotationOrigin": [ 5.4, 0.5, 0.0 ],
									"faces": {
										"north": { "texture": "#wood", "uv": [ 0.0, 0.0, 1.0, 1.0 ] },
										"east": { "texture": "#wood", "uv": [ 0.0, 0.0, 11.5, 1.0 ] },
										"south": { "texture": "#wood", "uv": [ 0.0, 0.0, 1.0, 1.0 ] },
										"west": { "texture": "#wood", "uv": [ 0.0, 0.0, 11.5, 1.0 ] },
										"up": { "texture": "#wood", "uv": [ 0.0, 0.0, 1.0, 11.5 ] },
										"down": { "texture": "#wood", "uv": [ 0.0, 0.0, 1.0, 11.5 ] }
									}
								},
								{
									"name": "Cube380",
									"from": [ 9.4, 0.5, 2.0 ], 
									"to": [ 10.4, 1.5, 13.5 ], 
									"rotationOrigin": [ 9.4, 0.5, 0.0 ],
									"faces": {
										"north": { "texture": "#wood", "uv": [ 0.0, 0.0, 1.0, 1.0 ] },
										"east": { "texture": "#wood", "uv": [ 0.0, 0.0, 11.5, 1.0 ] },
										"south": { "texture": "#wood", "uv": [ 0.0, 0.0, 1.0, 1.0 ] },
										"west": { "texture": "#wood", "uv": [ 0.0, 0.0, 11.5, 1.0 ] },
										"up": { "texture": "#wood", "uv": [ 0.0, 0.0, 1.0, 11.5 ] },
										"down": { "texture": "#wood", "uv": [ 0.0, 0.0, 1.0, 11.5 ] }
									}
								},
								{
									"name": "Cube381",
									"from": [ 13.4, 0.5, 2.0 ], 
									"to": [ 14.4, 1.5, 13.5 ], 
									"rotationOrigin": [ 13.4, 0.5, 0.0 ],
									"faces": {
										"north": { "texture": "#wood", "uv": [ 0.0, 0.0, 1.0, 1.0 ] },
										"east": { "texture": "#wood", "uv": [ 0.0, 0.0, 11.5, 1.0 ] },
										"south": { "texture": "#wood", "uv": [ 0.0, 0.0, 1.0, 1.0 ] },
										"west": { "texture": "#wood", "uv": [ 0.0, 0.0, 11.5, 1.0 ] },
										"up": { "texture": "#wood", "uv": [ 0.0, 0.0, 1.0, 11.5 ] },
										"down": { "texture": "#wood", "uv": [ 0.0, 0.0, 1.0, 11.5 ] }
									}
								},
								{
									"name": "Cube382",
									"from": [ 0.5, 0.4, 4.0 ], 
									"to": [ 15.5, 1.4, 5.0 ], 
									"rotationOrigin": [ 0.5, -0.1, 4.0 ],
									"faces": {
										"north": { "texture": "#wood", "uv": [ 0.0, 0.0, 15.0, 1.0 ] },
										"east": { "texture": "#wood", "uv": [ 0.0, 0.0, 1.0, 1.0 ] },
										"south": { "texture": "#wood", "uv": [ 0.0, 0.0, 15.0, 1.0 ] },
										"west": { "texture": "#wood", "uv": [ 0.0, 0.0, 1.0, 1.0 ] },
										"up": { "texture": "#wood", "uv": [ 0.0, 0.0, 15.0, 1.0 ] },
										"down": { "texture": "#wood", "uv": [ 0.0, 0.0, 15.0, 1.0 ] }
									}
								},
								{
									"name": "beam383",
									"from": [ 1.4, 0.5, 2.0 ], 
									"to": [ 2.4, 1.5, 13.5 ], 
									"rotationOrigin": [ 1.4, 0.5, 0.0 ],
									"faces": {
										"north": { "texture": "#wood", "uv": [ 0.0, 0.0, 1.0, 1.0 ] },
										"east": { "texture": "#wood", "uv": [ 0.0, 0.0, 11.5, 1.0 ] },
										"south": { "texture": "#wood", "uv": [ 0.0, 0.0, 1.0, 1.0 ] },
										"west": { "texture": "#wood", "uv": [ 0.0, 0.0, 11.5, 1.0 ] },
										"up": { "texture": "#wood", "uv": [ 0.0, 0.0, 1.0, 11.5 ] },
										"down": { "texture": "#wood", "uv": [ 0.0, 0.0, 1.0, 11.5 ] }
									}
								},
								{
									"name": "Cube384",
									"from": [ 0.5, 0.4, 12.0 ], 
									"to": [ 15.5, 1.4, 13.0 ], 
									"rotationOrigin": [ 0.5, -0.1, 12.0 ],
									"faces": {
										"north": { "texture": "#wood", "uv": [ 0.0, 0.0, 15.0, 1.0 ] },
										"east": { "texture": "#wood", "uv": [ 0.0, 0.0, 1.0, 1.0 ] },
										"south": { "texture": "#wood", "uv": [ 0.0, 0.0, 15.0, 1.0 ] },
										"west": { "texture": "#wood", "uv": [ 0.0, 0.0, 1.0, 1.0 ] },
										"up": { "texture": "#wood", "uv": [ 0.0, 0.0, 15.0, 1.0 ] },
										"down": { "texture": "#wood", "uv": [ 0.0, 0.0, 15.0, 1.0 ] }
									}
								},
								{
									"name": "Cube385",
									"from": [ 0.5, 0.4, 8.0 ], 
									"to": [ 15.5, 1.4, 9.0 ], 
									"rotationOrigin": [ 0.5, -0.1, 8.0 ],
									"faces": {
										"north": { "texture": "#wood", "uv": [ 0.0, 0.0, 15.0, 1.0 ] },
										"east": { "texture": "#wood", "uv": [ 0.0, 0.0, 1.0, 1.0 ] },
										"south": { "texture": "#wood", "uv": [ 0.0, 0.0, 15.0, 1.0 ] },
										"west": { "texture": "#wood", "uv": [ 0.0, 0.0, 1.0, 1.0 ] },
										"up": { "texture": "#wood", "uv": [ 0.0, 0.0, 15.0, 1.0 ] },
										"down": { "texture": "#wood", "uv": [ 0.0, 0.0, 15.0, 1.0 ] }
									}
								},
								{
									"name": "cloth386",
									"from": [ 0.0, 0.4, 13.4 ], 
									"to": [ 16.0, 0.6, 25.2 ], 
									"renderPass": 1,
									"rotationOrigin": [ 0.0, 2.3, 13.4 ],
									"rotationX": -2.0,
									"faces": {
										"north": { "texture": "#cloth", "uv": [ 0.0, 0.0, 16.0, 0.5 ], "enabled": false },
										"east": { "texture": "#cloth", "uv": [ 0.0, 0.0, 11.5, 0.5 ] },
										"south": { "texture": "#cloth", "uv": [ 0.0, 0.0, 16.0, 0.5 ] },
										"west": { "texture": "#cloth", "uv": [ 0.0, 0.0, 11.5, 0.5 ] },
										"up": { "texture": "#cloth", "uv": [ 0.0, 0.0, 16.0, 11.5 ] },
										"down": { "texture": "#cloth", "uv": [ 0.0, 0.0, 16.0, 11.5 ] }
									}
								},
								{
									"name": "Cube387",
									"from": [ 13.4, 0.9, 13.5 ], 
									"to": [ 14.4, 1.5, 25.1 ], 
									"rotationOrigin": [ 13.4, 0.9, 11.5 ],
									"faces": {
										"north": { "texture": "#wood", "uv": [ 0.0, 0.0, 1.0, 0.5 ] },
										"east": { "texture": "#wood", "uv": [ 0.0, 0.0, 11.5, 0.5 ] },
										"south": { "texture": "#wood", "uv": [ 0.0, 0.0, 1.0, 0.5 ] },
										"west": { "texture": "#wood", "uv": [ 0.0, 0.0, 11.5, 0.5 ] },
										"up": { "texture": "#wood", "uv": [ 0.0, 0.0, 1.0, 11.5 ] },
										"down": { "texture": "#wood", "uv": [ 0.0, 0.0, 1.0, 11.5 ] }
									}
								},
								{
									"name": "Cube388",
									"from": [ 9.4, 0.9, 13.5 ], 
									"to": [ 10.4, 1.5, 25.1 ], 
									"rotationOrigin": [ 9.4, 0.9, 11.5 ],
									"faces": {
										"north": { "texture": "#wood", "uv": [ 0.0, 0.0, 1.0, 0.5 ] },
										"east": { "texture": "#wood", "uv": [ 0.0, 0.0, 11.5, 0.5 ] },
										"south": { "texture": "#wood", "uv": [ 0.0, 0.0, 1.0, 0.5 ] },
										"west": { "texture": "#wood", "uv": [ 0.0, 0.0, 11.5, 0.5 ] },
										"up": { "texture": "#wood", "uv": [ 0.0, 0.0, 1.0, 11.5 ] },
										"down": { "texture": "#wood", "uv": [ 0.0, 0.0, 1.0, 11.5 ] }
									}
								},
								{
									"name": "Cube389",
									"from": [ 5.4, 0.9, 13.5 ], 
									"to": [ 6.4, 1.5, 25.1 ], 
									"rotationOrigin": [ 5.4, 0.9, 11.5 ],
									"faces": {
										"north": { "texture": "#wood", "uv": [ 0.0, 0.0, 1.0, 0.5 ] },
										"east": { "texture": "#wood", "uv": [ 0.0, 0.0, 11.5, 0.5 ] },
										"south": { "texture": "#wood", "uv": [ 0.0, 0.0, 1.0, 0.5 ] },
										"west": { "texture": "#wood", "uv": [ 0.0, 0.0, 11.5, 0.5 ] },
										"up": { "texture": "#wood", "uv": [ 0.0, 0.0, 1.0, 11.5 ] },
										"down": { "texture": "#wood", "uv": [ 0.0, 0.0, 1.0, 11.5 ] }
									}
								},
								{
									"name": "beam390",
									"from": [ 1.4, 0.9, 13.5 ], 
									"to": [ 2.4, 1.5, 25.1 ], 
									"rotationOrigin": [ 1.4, 0.9, 11.5 ],
									"faces": {
										"north": { "texture": "#wood", "uv": [ 0.0, 0.0, 1.0, 0.5 ] },
										"east": { "texture": "#wood", "uv": [ 0.0, 0.0, 11.5, 0.5 ] },
										"south": { "texture": "#wood", "uv": [ 0.0, 0.0, 1.0, 0.5 ] },
										"west": { "texture": "#wood", "uv": [ 0.0, 0.0, 11.5, 0.5 ] },
										"up": { "texture": "#wood", "uv": [ 0.0, 0.0, 1.0, 11.5 ] },
										"down": { "texture": "#wood", "uv": [ 0.0, 0.0, 1.0, 11.5 ] }
									}
								},
								{
									"name": "Cube391",
									"from": [ 0.5, 0.6, 16.0 ], 
									"to": [ 15.5, 1.4, 17.0 ], 
									"rotationOrigin": [ 0.5, 0.1, 16.0 ],
									"faces": {
										"north": { "texture": "#wood", "uv": [ 0.0, 0.0, 15.0, 0.5 ] },
										"east": { "texture": "#wood", "uv": [ 0.0, 0.0, 1.0, 0.5 ] },
										"south": { "texture": "#wood", "uv": [ 0.0, 0.0, 15.0, 0.5 ] },
										"west": { "texture": "#wood", "uv": [ 0.0, 0.0, 1.0, 0.5 ] },
										"up": { "texture": "#wood", "uv": [ 0.0, 0.0, 15.0, 1.0 ] },
										"down": { "texture": "#wood", "uv": [ 0.0, 0.0, 15.0, 1.0 ] }
									}
								},
								{
									"name": "Cube392",
									"from": [ 0.5, 0.7, 20.0 ], 
									"to": [ 15.5, 1.4, 21.0 ], 
									"rotationOrigin": [ 0.5, 0.2, 20.0 ],
									"faces": {
										"north": { "texture": "#wood", "uv": [ 0.0, 0.0, 15.0, 0.5 ] },
										"east": { "texture": "#wood", "uv": [ 0.0, 0.0, 1.0, 0.5 ] },
										"south": { "texture": "#wood", "uv": [ 0.0, 0.0, 15.0, 0.5 ] },
										"west": { "texture": "#wood", "uv": [ 0.0, 0.0, 1.0, 0.5 ] },
										"up": { "texture": "#wood", "uv": [ 0.0, 0.0, 15.0, 1.0 ] },
										"down": { "texture": "#wood", "uv": [ 0.0, 0.0, 15.0, 1.0 ] }
									}
								},
								{
									"name": "Cube393",
									"from": [ 0.5, 0.9, 24.0 ], 
									"to": [ 15.5, 1.4, 25.0 ], 
									"rotationOrigin": [ 0.5, 0.4, 24.0 ],
									"faces": {
										"north": { "texture": "#wood", "uv": [ 0.0, 0.0, 15.0, 0.5 ] },
										"east": { "texture": "#wood", "uv": [ 0.0, 0.0, 1.0, 0.5 ] },
										"south": { "texture": "#wood", "uv": [ 0.0, 0.0, 15.0, 0.5 ] },
										"west": { "texture": "#wood", "uv": [ 0.0, 0.0, 1.0, 0.5 ] },
										"up": { "texture": "#wood", "uv": [ 0.0, 0.0, 15.0, 1.0 ] },
										"down": { "texture": "#wood", "uv": [ 0.0, 0.0, 15.0, 1.0 ] }
									}
								}
							]
						}
					]
				},
				{
					"name": "Blade445",
					"from": [ 0.0, 9.0, 7.0 ], 
					"to": [ 0.0, 9.0, 7.0 ], 
					"rotationOrigin": [ 0.0, -0.57, 19.3 ],
					"rotationX": -60.0,
					"faces": {
						"north": { "texture": "#null", "uv": [ 0.0, 0.0, 0.5, 0.5 ] },
						"east": { "texture": "#null", "uv": [ 0.0, 0.0, 0.5, 0.5 ] },
						"south": { "texture": "#null", "uv": [ 0.0, 0.0, 0.5, 0.5 ] },
						"west": { "texture": "#null", "uv": [ 0.0, 0.0, 0.5, 0.5 ] },
						"up": { "texture": "#null", "uv": [ 0.0, 0.0, 0.5, 0.5 ] },
						"down": { "texture": "#null", "uv": [ 0.0, 0.0, 0.5, 0.5 ] }
					},
					"children": [
						{
							"name": "mainbeam-u446",
							"from": [ 9.0, 7.0, 7.0 ], 
							"to": [ 25.0, 9.0, 9.0 ], 
							"rotationOrigin": [ 8.0, 8.0, 8.0 ],
							"rotationY": -10.0,
							"rotationZ": 90.0,
							"faces": {
								"north": { "texture": "#wood", "uv": [ 0.0, 0.0, 16.0, 2.0 ] },
								"east": { "texture": "#wood", "uv": [ 0.0, 0.0, 2.0, 2.0 ], "enabled": false },
								"south": { "texture": "#wood", "uv": [ 0.0, 0.0, 16.0, 2.0 ] },
								"west": { "texture": "#wood", "uv": [ 0.0, 0.0, 2.0, 2.0 ], "enabled": false },
								"up": { "texture": "#wood", "uv": [ 0.0, 0.0, 16.0, 2.0 ] },
								"down": { "texture": "#wood", "uv": [ 0.0, 0.0, 16.0, 2.0 ] }
							},
							"children": [
								{
									"name": "cloth447",
									"from": [ 0.0, 0.0, 1.8 ], 
									"to": [ 16.0, 0.2, 13.5 ], 
									"renderPass": 1,
									"rotationOrigin": [ 0.0, 1.9, 1.8 ],
									"rotationX": -2.0,
									"faces": {
										"north": { "texture": "#cloth", "uv": [ 0.0, 0.0, 16.0, 0.5 ] },
										"east": { "texture": "#cloth", "uv": [ 0.0, 0.0, 11.5, 0.5 ] },
										"south": { "texture": "#cloth", "uv": [ 0.0, 0.0, 16.0, 0.5 ], "enabled": false },
										"west": { "texture": "#cloth", "uv": [ 0.0, 0.0, 11.5, 0.5 ] },
										"up": { "texture": "#cloth", "uv": [ 0.0, 0.0, 16.0, 11.5 ] },
										"down": { "texture": "#cloth", "uv": [ 0.0, 0.0, 16.0, 11.5 ] }
									}
								},
								{
									"name": "Cube448",
									"from": [ 5.4, 0.5, 2.0 ], 
									"to": [ 6.4, 1.5, 13.5 ], 
									"rotationOrigin": [ 5.4, 0.5, 0.0 ],
									"faces": {
										"north": { "texture": "#wood", "uv": [ 0.0, 0.0, 1.0, 1.0 ] },
										"east": { "texture": "#wood", "uv": [ 0.0, 0.0, 11.5, 1.0 ] },
										"south": { "texture": "#wood", "uv": [ 0.0, 0.0, 1.0, 1.0 ] },
										"west": { "texture": "#wood", "uv": [ 0.0, 0.0, 11.5, 1.0 ] },
										"up": { "texture": "#wood", "uv": [ 0.0, 0.0, 1.0, 11.5 ] },
										"down": { "texture": "#wood", "uv": [ 0.0, 0.0, 1.0, 11.5 ] }
									}
								},
								{
									"name": "Cube449",
									"from": [ 9.4, 0.5, 2.0 ], 
									"to": [ 10.4, 1.5, 13.5 ], 
									"rotationOrigin": [ 9.4, 0.5, 0.0 ],
									"faces": {
										"north": { "texture": "#wood", "uv": [ 0.0, 0.0, 1.0, 1.0 ] },
										"east": { "texture": "#wood", "uv": [ 0.0, 0.0, 11.5, 1.0 ] },
										"south": { "texture": "#wood", "uv": [ 0.0, 0.0, 1.0, 1.0 ] },
										"west": { "texture": "#wood", "uv": [ 0.0, 0.0, 11.5, 1.0 ] },
										"up": { "texture": "#wood", "uv": [ 0.0, 0.0, 1.0, 11.5 ] },
										"down": { "texture": "#wood", "uv": [ 0.0, 0.0, 1.0, 11.5 ] }
									}
								},
								{
									"name": "Cube450",
									"from": [ 13.4, 0.5, 2.0 ], 
									"to": [ 14.4, 1.5, 13.5 ], 
									"rotationOrigin": [ 13.4, 0.5, 0.0 ],
									"faces": {
										"north": { "texture": "#wood", "uv": [ 0.0, 0.0, 1.0, 1.0 ] },
										"east": { "texture": "#wood", "uv": [ 0.0, 0.0, 11.5, 1.0 ] },
										"south": { "texture": "#wood", "uv": [ 0.0, 0.0, 1.0, 1.0 ] },
										"west": { "texture": "#wood", "uv": [ 0.0, 0.0, 11.5, 1.0 ] },
										"up": { "texture": "#wood", "uv": [ 0.0, 0.0, 1.0, 11.5 ] },
										"down": { "texture": "#wood", "uv": [ 0.0, 0.0, 1.0, 11.5 ] }
									}
								},
								{
									"name": "Cube451",
									"from": [ 0.5, 0.4, 4.0 ], 
									"to": [ 15.5, 1.4, 5.0 ], 
									"rotationOrigin": [ 0.5, -0.1, 4.0 ],
									"faces": {
										"north": { "texture": "#wood", "uv": [ 0.0, 0.0, 15.0, 1.0 ] },
										"east": { "texture": "#wood", "uv": [ 0.0, 0.0, 1.0, 1.0 ] },
										"south": { "texture": "#wood", "uv": [ 0.0, 0.0, 15.0, 1.0 ] },
										"west": { "texture": "#wood", "uv": [ 0.0, 0.0, 1.0, 1.0 ] },
										"up": { "texture": "#wood", "uv": [ 0.0, 0.0, 15.0, 1.0 ] },
										"down": { "texture": "#wood", "uv": [ 0.0, 0.0, 15.0, 1.0 ] }
									}
								},
								{
									"name": "beam452",
									"from": [ 1.4, 0.5, 2.0 ], 
									"to": [ 2.4, 1.5, 13.5 ], 
									"rotationOrigin": [ 1.4, 0.5, 0.0 ],
									"faces": {
										"north": { "texture": "#wood", "uv": [ 0.0, 0.0, 1.0, 1.0 ] },
										"east": { "texture": "#wood", "uv": [ 0.0, 0.0, 11.5, 1.0 ] },
										"south": { "texture": "#wood", "uv": [ 0.0, 0.0, 1.0, 1.0 ] },
										"west": { "texture": "#wood", "uv": [ 0.0, 0.0, 11.5, 1.0 ] },
										"up": { "texture": "#wood", "uv": [ 0.0, 0.0, 1.0, 11.5 ] },
										"down": { "texture": "#wood", "uv": [ 0.0, 0.0, 1.0, 11.5 ] }
									}
								},
								{
									"name": "Cube453",
									"from": [ 0.5, 0.4, 12.0 ], 
									"to": [ 15.5, 1.4, 13.0 ], 
									"rotationOrigin": [ 0.5, -0.1, 12.0 ],
									"faces": {
										"north": { "texture": "#wood", "uv": [ 0.0, 0.0, 15.0, 1.0 ] },
										"east": { "texture": "#wood", "uv": [ 0.0, 0.0, 1.0, 1.0 ] },
										"south": { "texture": "#wood", "uv": [ 0.0, 0.0, 15.0, 1.0 ] },
										"west": { "texture": "#wood", "uv": [ 0.0, 0.0, 1.0, 1.0 ] },
										"up": { "texture": "#wood", "uv": [ 0.0, 0.0, 15.0, 1.0 ] },
										"down": { "texture": "#wood", "uv": [ 0.0, 0.0, 15.0, 1.0 ] }
									}
								},
								{
									"name": "Cube454",
									"from": [ 0.5, 0.4, 8.0 ], 
									"to": [ 15.5, 1.4, 9.0 ], 
									"rotationOrigin": [ 0.5, -0.1, 8.0 ],
									"faces": {
										"north": { "texture": "#wood", "uv": [ 0.0, 0.0, 15.0, 1.0 ] },
										"east": { "texture": "#wood", "uv": [ 0.0, 0.0, 1.0, 1.0 ] },
										"south": { "texture": "#wood", "uv": [ 0.0, 0.0, 15.0, 1.0 ] },
										"west": { "texture": "#wood", "uv": [ 0.0, 0.0, 1.0, 1.0 ] },
										"up": { "texture": "#wood", "uv": [ 0.0, 0.0, 15.0, 1.0 ] },
										"down": { "texture": "#wood", "uv": [ 0.0, 0.0, 15.0, 1.0 ] }
									}
								},
								{
									"name": "cloth455",
									"from": [ 0.0, 0.4, 13.4 ], 
									"to": [ 16.0, 0.6, 25.2 ], 
									"renderPass": 1,
									"rotationOrigin": [ 0.0, 2.3, 13.4 ],
									"rotationX": -2.0,
									"faces": {
										"north": { "texture": "#cloth", "uv": [ 0.0, 0.0, 16.0, 0.5 ], "enabled": false },
										"east": { "texture": "#cloth", "uv": [ 0.0, 0.0, 11.5, 0.5 ] },
										"south": { "texture": "#cloth", "uv": [ 0.0, 0.0, 16.0, 0.5 ] },
										"west": { "texture": "#cloth", "uv": [ 0.0, 0.0, 11.5, 0.5 ] },
										"up": { "texture": "#cloth", "uv": [ 0.0, 0.0, 16.0, 11.5 ] },
										"down": { "texture": "#cloth", "uv": [ 0.0, 0.0, 16.0, 11.5 ] }
									}
								},
								{
									"name": "Cube456",
									"from": [ 13.4, 0.9, 13.5 ], 
									"to": [ 14.4, 1.5, 25.1 ], 
									"rotationOrigin": [ 13.4, 0.9, 11.5 ],
									"faces": {
										"north": { "texture": "#wood", "uv": [ 0.0, 0.0, 1.0, 0.5 ] },
										"east": { "texture": "#wood", "uv": [ 0.0, 0.0, 11.5, 0.5 ] },
										"south": { "texture": "#wood", "uv": [ 0.0, 0.0, 1.0, 0.5 ] },
										"west": { "texture": "#wood", "uv": [ 0.0, 0.0, 11.5, 0.5 ] },
										"up": { "texture": "#wood", "uv": [ 0.0, 0.0, 1.0, 11.5 ] },
										"down": { "texture": "#wood", "uv": [ 0.0, 0.0, 1.0, 11.5 ] }
									}
								},
								{
									"name": "Cube457",
									"from": [ 9.4, 0.9, 13.5 ], 
									"to": [ 10.4, 1.5, 25.1 ], 
									"rotationOrigin": [ 9.4, 0.9, 11.5 ],
									"faces": {
										"north": { "texture": "#wood", "uv": [ 0.0, 0.0, 1.0, 0.5 ] },
										"east": { "texture": "#wood", "uv": [ 0.0, 0.0, 11.5, 0.5 ] },
										"south": { "texture": "#wood", "uv": [ 0.0, 0.0, 1.0, 0.5 ] },
										"west": { "texture": "#wood", "uv": [ 0.0, 0.0, 11.5, 0.5 ] },
										"up": { "texture": "#wood", "uv": [ 0.0, 0.0, 1.0, 11.5 ] },
										"down": { "texture": "#wood", "uv": [ 0.0, 0.0, 1.0, 11.5 ] }
									}
								},
								{
									"name": "Cube458",
									"from": [ 5.4, 0.9, 13.5 ], 
									"to": [ 6.4, 1.5, 25.1 ], 
									"rotationOrigin": [ 5.4, 0.9, 11.5 ],
									"faces": {
										"north": { "texture": "#wood", "uv": [ 0.0, 0.0, 1.0, 0.5 ] },
										"east": { "texture": "#wood", "uv": [ 0.0, 0.0, 11.5, 0.5 ] },
										"south": { "texture": "#wood", "uv": [ 0.0, 0.0, 1.0, 0.5 ] },
										"west": { "texture": "#wood", "uv": [ 0.0, 0.0, 11.5, 0.5 ] },
										"up": { "texture": "#wood", "uv": [ 0.0, 0.0, 1.0, 11.5 ] },
										"down": { "texture": "#wood", "uv": [ 0.0, 0.0, 1.0, 11.5 ] }
									}
								},
								{
									"name": "beam459",
									"from": [ 1.4, 0.9, 13.5 ], 
									"to": [ 2.4, 1.5, 25.1 ], 
									"rotationOrigin": [ 1.4, 0.9, 11.5 ],
									"faces": {
										"north": { "texture": "#wood", "uv": [ 0.0, 0.0, 1.0, 0.5 ] },
										"east": { "texture": "#wood", "uv": [ 0.0, 0.0, 11.5, 0.5 ] },
										"south": { "texture": "#wood", "uv": [ 0.0, 0.0, 1.0, 0.5 ] },
										"west": { "texture": "#wood", "uv": [ 0.0, 0.0, 11.5, 0.5 ] },
										"up": { "texture": "#wood", "uv": [ 0.0, 0.0, 1.0, 11.5 ] },
										"down": { "texture": "#wood", "uv": [ 0.0, 0.0, 1.0, 11.5 ] }
									}
								},
								{
									"name": "Cube460",
									"from": [ 0.5, 0.6, 16.0 ], 
									"to": [ 15.5, 1.4, 17.0 ], 
									"rotationOrigin": [ 0.5, 0.1, 16.0 ],
									"faces": {
										"north": { "texture": "#wood", "uv": [ 0.0, 0.0, 15.0, 0.5 ] },
										"east": { "texture": "#wood", "uv": [ 0.0, 0.0, 1.0, 0.5 ] },
										"south": { "texture": "#wood", "uv": [ 0.0, 0.0, 15.0, 0.5 ] },
										"west": { "texture": "#wood", "uv": [ 0.0, 0.0, 1.0, 0.5 ] },
										"up": { "texture": "#wood", "uv": [ 0.0, 0.0, 15.0, 1.0 ] },
										"down": { "texture": "#wood", "uv": [ 0.0, 0.0, 15.0, 1.0 ] }
									}
								},
								{
									"name": "Cube461",
									"from": [ 0.5, 0.7, 20.0 ], 
									"to": [ 15.5, 1.4, 21.0 ], 
									"rotationOrigin": [ 0.5, 0.2, 20.0 ],
									"faces": {
										"north": { "texture": "#wood", "uv": [ 0.0, 0.0, 15.0, 0.5 ] },
										"east": { "texture": "#wood", "uv": [ 0.0, 0.0, 1.0, 0.5 ] },
										"south": { "texture": "#wood", "uv": [ 0.0, 0.0, 15.0, 0.5 ] },
										"west": { "texture": "#wood", "uv": [ 0.0, 0.0, 1.0, 0.5 ] },
										"up": { "texture": "#wood", "uv": [ 0.0, 0.0, 15.0, 1.0 ] },
										"down": { "texture": "#wood", "uv": [ 0.0, 0.0, 15.0, 1.0 ] }
									}
								},
								{
									"name": "Cube462",
									"from": [ 0.5, 0.9, 24.0 ], 
									"to": [ 15.5, 1.4, 25.0 ], 
									"rotationOrigin": [ 0.5, 0.4, 24.0 ],
									"faces": {
										"north": { "texture": "#wood", "uv": [ 0.0, 0.0, 15.0, 0.5 ] },
										"east": { "texture": "#wood", "uv": [ 0.0, 0.0, 1.0, 0.5 ] },
										"south": { "texture": "#wood", "uv": [ 0.0, 0.0, 15.0, 0.5 ] },
										"west": { "texture": "#wood", "uv": [ 0.0, 0.0, 1.0, 0.5 ] },
										"up": { "texture": "#wood", "uv": [ 0.0, 0.0, 15.0, 1.0 ] },
										"down": { "texture": "#wood", "uv": [ 0.0, 0.0, 15.0, 1.0 ] }
									}
								}
							]
						},
						{
							"name": "mainbeam-u463",
							"from": [ 9.0, 23.0, 7.0 ], 
							"to": [ 25.0, 25.0, 9.0 ], 
							"rotationOrigin": [ 8.0, 24.0, 8.0 ],
							"rotationY": -10.0,
							"rotationZ": 90.0,
							"faces": {
								"north": { "texture": "#wood", "uv": [ 0.0, 0.0, 16.0, 2.0 ] },
								"east": { "texture": "#wood", "uv": [ 0.0, 0.0, 2.0, 2.0 ], "enabled": false },
								"south": { "texture": "#wood", "uv": [ 0.0, 0.0, 16.0, 2.0 ] },
								"west": { "texture": "#wood", "uv": [ 0.0, 0.0, 2.0, 2.0 ], "enabled": false },
								"up": { "texture": "#wood", "uv": [ 0.0, 0.0, 16.0, 2.0 ] },
								"down": { "texture": "#wood", "uv": [ 0.0, 0.0, 16.0, 2.0 ] }
							},
							"children": [
								{
									"name": "cloth464",
									"from": [ 0.0, 0.0, 1.8 ], 
									"to": [ 16.0, 0.2, 13.5 ], 
									"renderPass": 1,
									"rotationOrigin": [ 0.0, 1.9, 1.8 ],
									"rotationX": -2.0,
									"faces": {
										"north": { "texture": "#cloth", "uv": [ 0.0, 0.0, 16.0, 0.5 ] },
										"east": { "texture": "#cloth", "uv": [ 0.0, 0.0, 11.5, 0.5 ] },
										"south": { "texture": "#cloth", "uv": [ 0.0, 0.0, 16.0, 0.5 ], "enabled": false },
										"west": { "texture": "#cloth", "uv": [ 0.0, 0.0, 11.5, 0.5 ] },
										"up": { "texture": "#cloth", "uv": [ 0.0, 0.0, 16.0, 11.5 ] },
										"down": { "texture": "#cloth", "uv": [ 0.0, 0.0, 16.0, 11.5 ] }
									}
								},
								{
									"name": "Cube465",
									"from": [ 5.4, 0.5, 2.0 ], 
									"to": [ 6.4, 1.5, 13.5 ], 
									"rotationOrigin": [ 5.4, 0.5, 0.0 ],
									"faces": {
										"north": { "texture": "#wood", "uv": [ 0.0, 0.0, 1.0, 1.0 ] },
										"east": { "texture": "#wood", "uv": [ 0.0, 0.0, 11.5, 1.0 ] },
										"south": { "texture": "#wood", "uv": [ 0.0, 0.0, 1.0, 1.0 ] },
										"west": { "texture": "#wood", "uv": [ 0.0, 0.0, 11.5, 1.0 ] },
										"up": { "texture": "#wood", "uv": [ 0.0, 0.0, 1.0, 11.5 ] },
										"down": { "texture": "#wood", "uv": [ 0.0, 0.0, 1.0, 11.5 ] }
									}
								},
								{
									"name": "Cube466",
									"from": [ 9.4, 0.5, 2.0 ], 
									"to": [ 10.4, 1.5, 13.5 ], 
									"rotationOrigin": [ 9.4, 0.5, 0.0 ],
									"faces": {
										"north": { "texture": "#wood", "uv": [ 0.0, 0.0, 1.0, 1.0 ] },
										"east": { "texture": "#wood", "uv": [ 0.0, 0.0, 11.5, 1.0 ] },
										"south": { "texture": "#wood", "uv": [ 0.0, 0.0, 1.0, 1.0 ] },
										"west": { "texture": "#wood", "uv": [ 0.0, 0.0, 11.5, 1.0 ] },
										"up": { "texture": "#wood", "uv": [ 0.0, 0.0, 1.0, 11.5 ] },
										"down": { "texture": "#wood", "uv": [ 0.0, 0.0, 1.0, 11.5 ] }
									}
								},
								{
									"name": "Cube467",
									"from": [ 13.4, 0.5, 2.0 ], 
									"to": [ 14.4, 1.5, 13.5 ], 
									"rotationOrigin": [ 13.4, 0.5, 0.0 ],
									"faces": {
										"north": { "texture": "#wood", "uv": [ 0.0, 0.0, 1.0, 1.0 ] },
										"east": { "texture": "#wood", "uv": [ 0.0, 0.0, 11.5, 1.0 ] },
										"south": { "texture": "#wood", "uv": [ 0.0, 0.0, 1.0, 1.0 ] },
										"west": { "texture": "#wood", "uv": [ 0.0, 0.0, 11.5, 1.0 ] },
										"up": { "texture": "#wood", "uv": [ 0.0, 0.0, 1.0, 11.5 ] },
										"down": { "texture": "#wood", "uv": [ 0.0, 0.0, 1.0, 11.5 ] }
									}
								},
								{
									"name": "Cube468",
									"from": [ 0.5, 0.4, 4.0 ], 
									"to": [ 15.5, 1.4, 5.0 ], 
									"rotationOrigin": [ 0.5, -0.1, 4.0 ],
									"faces": {
										"north": { "texture": "#wood", "uv": [ 0.0, 0.0, 15.0, 1.0 ] },
										"east": { "texture": "#wood", "uv": [ 0.0, 0.0, 1.0, 1.0 ] },
										"south": { "texture": "#wood", "uv": [ 0.0, 0.0, 15.0, 1.0 ] },
										"west": { "texture": "#wood", "uv": [ 0.0, 0.0, 1.0, 1.0 ] },
										"up": { "texture": "#wood", "uv": [ 0.0, 0.0, 15.0, 1.0 ] },
										"down": { "texture": "#wood", "uv": [ 0.0, 0.0, 15.0, 1.0 ] }
									}
								},
								{
									"name": "beam469",
									"from": [ 1.4, 0.5, 2.0 ], 
									"to": [ 2.4, 1.5, 13.5 ], 
									"rotationOrigin": [ 1.4, 0.5, 0.0 ],
									"faces": {
										"north": { "texture": "#wood", "uv": [ 0.0, 0.0, 1.0, 1.0 ] },
										"east": { "texture": "#wood", "uv": [ 0.0, 0.0, 11.5, 1.0 ] },
										"south": { "texture": "#wood", "uv": [ 0.0, 0.0, 1.0, 1.0 ] },
										"west": { "texture": "#wood", "uv": [ 0.0, 0.0, 11.5, 1.0 ] },
										"up": { "texture": "#wood", "uv": [ 0.0, 0.0, 1.0, 11.5 ] },
										"down": { "texture": "#wood", "uv": [ 0.0, 0.0, 1.0, 11.5 ] }
									}
								},
								{
									"name": "Cube470",
									"from": [ 0.5, 0.4, 12.0 ], 
									"to": [ 15.5, 1.4, 13.0 ], 
									"rotationOrigin": [ 0.5, -0.1, 12.0 ],
									"faces": {
										"north": { "texture": "#wood", "uv": [ 0.0, 0.0, 15.0, 1.0 ] },
										"east": { "texture": "#wood", "uv": [ 0.0, 0.0, 1.0, 1.0 ] },
										"south": { "texture": "#wood", "uv": [ 0.0, 0.0, 15.0, 1.0 ] },
										"west": { "texture": "#wood", "uv": [ 0.0, 0.0, 1.0, 1.0 ] },
										"up": { "texture": "#wood", "uv": [ 0.0, 0.0, 15.0, 1.0 ] },
										"down": { "texture": "#wood", "uv": [ 0.0, 0.0, 15.0, 1.0 ] }
									}
								},
								{
									"name": "Cube471",
									"from": [ 0.5, 0.4, 8.0 ], 
									"to": [ 15.5, 1.4, 9.0 ], 
									"rotationOrigin": [ 0.5, -0.1, 8.0 ],
									"faces": {
										"north": { "texture": "#wood", "uv": [ 0.0, 0.0, 15.0, 1.0 ] },
										"east": { "texture": "#wood", "uv": [ 0.0, 0.0, 1.0, 1.0 ] },
										"south": { "texture": "#wood", "uv": [ 0.0, 0.0, 15.0, 1.0 ] },
										"west": { "texture": "#wood", "uv": [ 0.0, 0.0, 1.0, 1.0 ] },
										"up": { "texture": "#wood", "uv": [ 0.0, 0.0, 15.0, 1.0 ] },
										"down": { "texture": "#wood", "uv": [ 0.0, 0.0, 15.0, 1.0 ] }
									}
								},
								{
									"name": "cloth472",
									"from": [ 0.0, 0.4, 13.4 ], 
									"to": [ 16.0, 0.6, 25.2 ], 
									"renderPass": 1,
									"rotationOrigin": [ 0.0, 2.3, 13.4 ],
									"rotationX": -2.0,
									"faces": {
										"north": { "texture": "#cloth", "uv": [ 0.0, 0.0, 16.0, 0.5 ], "enabled": false },
										"east": { "texture": "#cloth", "uv": [ 0.0, 0.0, 11.5, 0.5 ] },
										"south": { "texture": "#cloth", "uv": [ 0.0, 0.0, 16.0, 0.5 ] },
										"west": { "texture": "#cloth", "uv": [ 0.0, 0.0, 11.5, 0.5 ] },
										"up": { "texture": "#cloth", "uv": [ 0.0, 0.0, 16.0, 11.5 ] },
										"down": { "texture": "#cloth", "uv": [ 0.0, 0.0, 16.0, 11.5 ] }
									}
								},
								{
									"name": "Cube473",
									"from": [ 13.4, 0.9, 13.5 ], 
									"to": [ 14.4, 1.5, 25.1 ], 
									"rotationOrigin": [ 13.4, 0.9, 11.5 ],
									"faces": {
										"north": { "texture": "#wood", "uv": [ 0.0, 0.0, 1.0, 0.5 ] },
										"east": { "texture": "#wood", "uv": [ 0.0, 0.0, 11.5, 0.5 ] },
										"south": { "texture": "#wood", "uv": [ 0.0, 0.0, 1.0, 0.5 ] },
										"west": { "texture": "#wood", "uv": [ 0.0, 0.0, 11.5, 0.5 ] },
										"up": { "texture": "#wood", "uv": [ 0.0, 0.0, 1.0, 11.5 ] },
										"down": { "texture": "#wood", "uv": [ 0.0, 0.0, 1.0, 11.5 ] }
									}
								},
								{
									"name": "Cube474",
									"from": [ 9.4, 0.9, 13.5 ], 
									"to": [ 10.4, 1.5, 25.1 ], 
									"rotationOrigin": [ 9.4, 0.9, 11.5 ],
									"faces": {
										"north": { "texture": "#wood", "uv": [ 0.0, 0.0, 1.0, 0.5 ] },
										"east": { "texture": "#wood", "uv": [ 0.0, 0.0, 11.5, 0.5 ] },
										"south": { "texture": "#wood", "uv": [ 0.0, 0.0, 1.0, 0.5 ] },
										"west": { "texture": "#wood", "uv": [ 0.0, 0.0, 11.5, 0.5 ] },
										"up": { "texture": "#wood", "uv": [ 0.0, 0.0, 1.0, 11.5 ] },
										"down": { "texture": "#wood", "uv": [ 0.0, 0.0, 1.0, 11.5 ] }
									}
								},
								{
									"name": "Cube475",
									"from": [ 5.4, 0.9, 13.5 ], 
									"to": [ 6.4, 1.5, 25.1 ], 
									"rotationOrigin": [ 5.4, 0.9, 11.5 ],
									"faces": {
										"north": { "texture": "#wood", "uv": [ 0.0, 0.0, 1.0, 0.5 ] },
										"east": { "texture": "#wood", "uv": [ 0.0, 0.0, 11.5, 0.5 ] },
										"south": { "texture": "#wood", "uv": [ 0.0, 0.0, 1.0, 0.5 ] },
										"west": { "texture": "#wood", "uv": [ 0.0, 0.0, 11.5, 0.5 ] },
										"up": { "texture": "#wood", "uv": [ 0.0, 0.0, 1.0, 11.5 ] },
										"down": { "texture": "#wood", "uv": [ 0.0, 0.0, 1.0, 11.5 ] }
									}
								},
								{
									"name": "beam476",
									"from": [ 1.4, 0.9, 13.5 ], 
									"to": [ 2.4, 1.5, 25.1 ], 
									"rotationOrigin": [ 1.4, 0.9, 11.5 ],
									"faces": {
										"north": { "texture": "#wood", "uv": [ 0.0, 0.0, 1.0, 0.5 ] },
										"east": { "texture": "#wood", "uv": [ 0.0, 0.0, 11.5, 0.5 ] },
										"south": { "texture": "#wood", "uv": [ 0.0, 0.0, 1.0, 0.5 ] },
										"west": { "texture": "#wood", "uv": [ 0.0, 0.0, 11.5, 0.5 ] },
										"up": { "texture": "#wood", "uv": [ 0.0, 0.0, 1.0, 11.5 ] },
										"down": { "texture": "#wood", "uv": [ 0.0, 0.0, 1.0, 11.5 ] }
									}
								},
								{
									"name": "Cube477",
									"from": [ 0.5, 0.6, 16.0 ], 
									"to": [ 15.5, 1.4, 17.0 ], 
									"rotationOrigin": [ 0.5, 0.1, 16.0 ],
									"faces": {
										"north": { "texture": "#wood", "uv": [ 0.0, 0.0, 15.0, 0.5 ] },
										"east": { "texture": "#wood", "uv": [ 0.0, 0.0, 1.0, 0.5 ] },
										"south": { "texture": "#wood", "uv": [ 0.0, 0.0, 15.0, 0.5 ] },
										"west": { "texture": "#wood", "uv": [ 0.0, 0.0, 1.0, 0.5 ] },
										"up": { "texture": "#wood", "uv": [ 0.0, 0.0, 15.0, 1.0 ] },
										"down": { "texture": "#wood", "uv": [ 0.0, 0.0, 15.0, 1.0 ] }
									}
								},
								{
									"name": "Cube478",
									"from": [ 0.5, 0.7, 20.0 ], 
									"to": [ 15.5, 1.4, 21.0 ], 
									"rotationOrigin": [ 0.5, 0.2, 20.0 ],
									"faces": {
										"north": { "texture": "#wood", "uv": [ 0.0, 0.0, 15.0, 0.5 ] },
										"east": { "texture": "#wood", "uv": [ 0.0, 0.0, 1.0, 0.5 ] },
										"south": { "texture": "#wood", "uv": [ 0.0, 0.0, 15.0, 0.5 ] },
										"west": { "texture": "#wood", "uv": [ 0.0, 0.0, 1.0, 0.5 ] },
										"up": { "texture": "#wood", "uv": [ 0.0, 0.0, 15.0, 1.0 ] },
										"down": { "texture": "#wood", "uv": [ 0.0, 0.0, 15.0, 1.0 ] }
									}
								},
								{
									"name": "Cube479",
									"from": [ 0.5, 0.9, 24.0 ], 
									"to": [ 15.5, 1.4, 25.0 ], 
									"rotationOrigin": [ 0.5, 0.4, 24.0 ],
									"faces": {
										"north": { "texture": "#wood", "uv": [ 0.0, 0.0, 15.0, 0.5 ] },
										"east": { "texture": "#wood", "uv": [ 0.0, 0.0, 1.0, 0.5 ] },
										"south": { "texture": "#wood", "uv": [ 0.0, 0.0, 15.0, 0.5 ] },
										"west": { "texture": "#wood", "uv": [ 0.0, 0.0, 1.0, 0.5 ] },
										"up": { "texture": "#wood", "uv": [ 0.0, 0.0, 15.0, 1.0 ] },
										"down": { "texture": "#wood", "uv": [ 0.0, 0.0, 15.0, 1.0 ] }
									}
								}
							]
						}
					]
				}
			]
		},
		{
			"name": "hori",
			"from": [ 0.01, 6.5, 5.01 ], 
			"to": [ 12.0, 9.5, 6.51 ], 
			"faces": {
				"north": { "texture": "#wood", "uv": [ 2.5, 4.0, 14.5, 7.0 ], "autoUv": false },
				"east": { "texture": "#wood", "uv": [ 8.0, 10.5, 9.5, 13.5 ] },
				"south": { "texture": "#wood", "uv": [ 2.5, 0.5, 14.5, 3.5 ], "enabled": false, "autoUv": false },
				"west": { "texture": "#wood", "uv": [ 9.5, 4.0, 11.0, 7.0 ] },
				"up": { "texture": "#wood", "uv": [ 2.0, 0.0, 14.0, 1.5 ], "autoUv": false },
				"down": { "texture": "#wood", "uv": [ 2.5, 1.5, 14.5, 3.0 ], "autoUv": false }
			}
		},
		{
			"name": "verti",
			"from": [ 0.0, 5.0, 6.5 ], 
			"to": [ 12.01, 11.0, 9.5 ], 
			"faces": {
				"north": { "texture": "#wood", "uv": [ 2.0, 2.0, 14.0, 8.0 ] },
				"east": { "texture": "#wood", "uv": [ 2.0, 3.0, 5.0, 9.0 ] },
				"south": { "texture": "#wood", "uv": [ 0.0, 2.5, 12.0, 8.5 ] },
				"west": { "texture": "#wood", "uv": [ 7.5, 3.5, 10.5, 9.5 ] },
				"up": { "texture": "#wood", "uv": [ 2.0, 6.0, 14.0, 9.0 ] },
				"down": { "texture": "#wood", "uv": [ 1.5, 6.0, 13.5, 9.0 ] }
			}
		},
		{
			"name": "blade2",
			"from": [ 7.0, 0.0, 7.0 ], 
			"to": [ 9.0, 5.0, 9.0 ], 
			"rotationOrigin": [ 8.0, 8.0, 8.0 ],
			"rotationY": 10.0,
			"faces": {
				"north": { "texture": "#wood", "uv": [ 6.5, 8.5, 11.5, 10.5 ], "rotation": 90 },
				"east": { "texture": "#wood", "uv": [ 8.5, 4.0, 13.5, 6.0 ], "rotation": 90 },
				"south": { "texture": "#wood", "uv": [ 8.5, 8.0, 13.5, 10.0 ], "rotation": 90 },
				"west": { "texture": "#wood", "uv": [ 4.5, 4.0, 9.5, 6.0 ], "rotation": 90 },
				"up": { "texture": "#wood", "uv": [ 4.5, 5.5, 6.5, 7.5 ], "enabled": false },
				"down": { "texture": "#wood", "uv": [ 10.5, 6.5, 12.5, 8.5 ] }
			}
		},
		{
			"name": "hori-r",
			"from": [ 0.01, 6.5, 9.49 ], 
			"to": [ 12.0, 9.5, 10.99 ], 
			"rotationOrigin": [ 0.0, 0.0, 5.0 ],
			"faces": {
				"north": { "texture": "#wood", "uv": [ 1.5, 3.0, 13.5, 6.0 ], "enabled": false, "autoUv": false },
				"east": { "texture": "#wood", "uv": [ 4.5, 4.0, 6.0, 7.0 ] },
				"south": { "texture": "#wood", "uv": [ 2.0, 6.5, 14.0, 9.5 ], "autoUv": false },
				"west": { "texture": "#wood", "uv": [ 13.5, 3.5, 15.0, 6.5 ] },
				"up": { "texture": "#wood", "uv": [ 1.5, 8.0, 13.5, 9.5 ], "autoUv": false },
				"down": { "texture": "#wood", "uv": [ 0.0, 7.0, 12.0, 8.5 ], "autoUv": false }
			}
		},
		{
			"name": "blade89",
			"from": [ 7.0, 0.0, 7.0 ], 
			"to": [ 9.0, 6.0, 9.0 ], 
			"rotationOrigin": [ 8.0, 8.0, 8.0 ],
			"rotationX": 240.0,
			"rotationY": 10.0,
			"faces": {
				"north": { "texture": "#wood", "uv": [ 7.0, 0.0, 13.0, 2.0 ], "rotation": 90 },
				"east": { "texture": "#wood", "uv": [ 0.0, 6.0, 6.0, 8.0 ], "rotation": 90 },
				"south": { "texture": "#wood", "uv": [ 6.0, 5.0, 12.0, 7.0 ], "rotation": 90 },
				"west": { "texture": "#wood", "uv": [ 1.5, 12.5, 7.5, 14.5 ], "rotation": 90 },
				"up": { "texture": "#wood", "uv": [ 1.0, 5.0, 3.0, 7.0 ], "enabled": false },
				"down": { "texture": "#wood", "uv": [ 10.0, 1.0, 12.0, 3.0 ], "windMode": [-1,-1,-1,-1] }
			}
		},
		{
			"name": "blade92",
			"from": [ 7.0, 0.0, 7.0 ], 
			"to": [ 9.0, 6.0, 9.0 ], 
			"rotationOrigin": [ 8.0, 8.0, 8.0 ],
			"rotationX": 120.0,
			"rotationY": 10.0,
			"faces": {
				"north": { "texture": "#wood", "uv": [ 7.0, 11.5, 13.0, 13.5 ], "rotation": 90 },
				"east": { "texture": "#wood", "uv": [ 3.0, 8.0, 9.0, 10.0 ], "rotation": 90 },
				"south": { "texture": "#wood", "uv": [ 8.0, 7.5, 14.0, 9.5 ], "rotation": 90 },
				"west": { "texture": "#wood", "uv": [ 2.5, 9.5, 8.5, 11.5 ], "rotation": 90 },
				"up": { "texture": "#wood", "uv": [ 13.5, 4.0, 15.5, 6.0 ], "enabled": false },
				"down": { "texture": "#wood", "uv": [ 6.5, 1.0, 8.5, 3.0 ], "windMode": [-1,-1,-1,-1] }
			}
		},
		{
			"name": "reinforce",
			"from": [ 6.0, 4.5, 6.0 ], 
			"to": [ 10.01, 11.5, 10.0 ], 
			"rotationOrigin": [ 6.0, -0.5, -0.5 ],
			"faces": {
				"north": { "texture": "#iron", "uv": [ 9.0, 1.5, 13.0, 8.5 ] },
				"east": { "texture": "#iron", "uv": [ 1.5, 2.5, 5.5, 9.5 ] },
				"south": { "texture": "#iron", "uv": [ 11.0, 2.5, 15.0, 9.5 ] },
				"west": { "texture": "#iron", "uv": [ 0.5, 3.5, 4.5, 10.5 ] },
				"up": { "texture": "#iron", "uv": [ 0.5, 8.0, 4.5, 12.0 ] },
				"down": { "texture": "#iron", "uv": [ 4.5, 10.5, 8.5, 14.5 ] }
			}
		},
		{
			"name": "reinforce2",
			"from": [ 6.01, 6.0, 9.98 ], 
			"to": [ 10.0, 10.0, 11.48 ], 
			"rotationOrigin": [ 6.0, -0.5, 5.5 ],
			"faces": {
				"north": { "texture": "#iron", "uv": [ 3.5, 5.5, 15.5, 8.5 ], "enabled": false, "autoUv": false },
				"east": { "texture": "#iron", "uv": [ 8.5, 5.5, 10.0, 9.5 ] },
				"south": { "texture": "#iron", "uv": [ 3.5, 4.5, 6.5, 7.5 ], "autoUv": false },
				"west": { "texture": "#iron", "uv": [ 10.5, 6.5, 12.0, 10.5 ] },
				"up": { "texture": "#iron", "uv": [ 1.5, 2.5, 4.5, 4.0 ], "autoUv": false },
				"down": { "texture": "#iron", "uv": [ 0.5, 4.0, 3.5, 5.5 ], "autoUv": false }
			}
		},
		{
			"name": "reinforce15",
			"from": [ 6.01, 6.0, 4.5 ], 
			"to": [ 10.0, 10.0, 6.0 ], 
			"rotationOrigin": [ 6.0, -0.5, 0.0 ],
			"faces": {
				"north": { "texture": "#iron", "uv": [ 3.0, 6.0, 6.0, 9.0 ], "autoUv": false, "windMode": [-1,-1,-1,-1] },
				"east": { "texture": "#iron", "uv": [ 8.5, 9.0, 10.0, 13.0 ] },
				"south": { "texture": "#iron", "uv": [ 0.5, 9.0, 12.5, 12.0 ], "enabled": false, "autoUv": false, "windMode": [-1,-1,-1,-1] },
				"west": { "texture": "#iron", "uv": [ 9.0, 1.5, 10.5, 5.5 ] },
				"up": { "texture": "#iron", "uv": [ 1.5, 7.0, 5.0, 8.5 ], "autoUv": false },
				"down": { "texture": "#iron", "uv": [ 3.0, 10.5, 7.0, 12.0 ], "autoUv": false }
			}
		}
	]}