{
	"code": "berrybush",
	"class": "HerbariumBerryBush",
	"attributes": {
		"foodTags": ["sweetBerryBush"],
		"stackable": true,
		"forageStatAffected": true,
		"reinforcable": true,
		"butterflyFeedByType": {
			"*-flowering": true
		},
		"beeFeedByType": {
			"*-flowering": true
		},
                "handbook": {
                   "groupBy": ["berrybush-*"]
                },
		"stopBelowTemperatureByType":{
			"*-huckleberry-*": -2,
			"*-wolfberry-*": -6,
			"*-snowberry-*": -4,
			"*-honeysuckle-*": 2,
			"*-spindle-*": 0,
			"*-blackelder-*": 0,
			"*-feijoa-*": 16,
			"*-beautyberry-*": 8,
			"*-kumquat-*": 18,
			"*-sumac-*": 10,
			"*-dwarfpine-*": -14,
			"*-juniper-*": -8,
			"*-pistachio-*": 0,
			"*-kawakawa-*": 12,
			"*-lillypillywhite-*": 6,
			"*-lillypillypink-*": 10,
			"*-lillypillyblue-*": 14,
			"*-midyimberry-*": 14,
			"*-seamango-*": 18,
			"*-mingimingi-*": 12,
			"*-pilo-*": 14,
			"*-marita-*": 10,
		},
		"resetBelowTemperatureByType":{
			"*-huckleberry-*": -4,
			"*-wolfberry-*": -8,
			"*-snowberry-*": -6,
			"*-honeysuckle-*": 0,
			"*-spindle-*": -2,
			"*-blackelder-*": -2,
			"*-feijoa-*": 12,
			"*-beautyberry-*": 6,
			"*-kumquat-*": 16,
			"*-sumac-*": 8,
			"*-dwarfpine-*": -20,
			"*-juniper-*": -12,
			"*-pistachio-*": -4,
			"*-kawakawa-*": 10,
			"*-lillypillywhite-*": 4,
			"*-lillypillypink-*": 8,
			"*-lillypillyblue-*": 12,
			"*-midyimberry-*": 12,
			"*-seamango-*": 16,
			"*-mingimingi-*": 10,
			"*-pilo-*": 12,
			"*-marita-*": 8,
		},
		"revertBlockBelowTemperatureByType":{
			"*-huckleberry-*": -6,
			"*-wolfberry-*": -10,
			"*-snowberry-*": -10,
			"*-honeysuckle-*": -4,
			"*-spindle-*": -4,
			"*-blackelder-*": -4,
			"*-feijoa-*": 10,
			"*-beautyberry-*": 4,
			"*-kumquat-*": 14,
			"*-sumac-*": 6,
			"*-dwarfpine-*": -22,
			"*-juniper-*": -14,
			"*-pistachio-*": -6,
			"*-kawakawa-*": 8,
			"*-lillypillywhite-*": 2,
			"*-lillypillypink-*": 6,
			"*-lillypillyblue-*": 10,
			"*-midyimberry-*": 10,
			"*-seamango-*": 14,
			"*-mingimingi-*": 8,
			"*-pilo-*": 10,
			"*-marita-*": 6,
		},
		"stopAboveTemperatureByType":{
			"*-huckleberry-*": 26,
			"*-wolfberry-*": 20,
			"*-snowberry-*": 30,
			"*-honeysuckle-*": 30,
			"*-spindle-*": 26,
			"*-blackelder-*": 24,
			"*-feijoa-*": 42,
			"*-beautyberry-*": 38,
			"*-kumquat-*": 42,
			"*-sumac-*": 44,
			"*-dwarfpine-*": 18,
			"*-juniper-*": 40,
			"*-pistachio-*": 40,
			"*-kawakawa-*": 36,
			"*-lillypillywhite-*": 28,
			"*-lillypillypink-*": 30,
			"*-lillypillyblue-*": 34,
			"*-midyimberry-*": 36,
			"*-seamango-*": 42,
			"*-mingimingi-*": 38,
			"*-pilo-*": 36,
			"*-marita-*": 28,
		},
		"resetAboveTemperatureByType":{
			"*-huckleberry-*": 28,
			"*-wolfberry-*": 22,
			"*-snowberry-*": 32,
			"*-honeysuckle-*": 32,
			"*-spindle-*": 28,
			"*-blackelder-*": 28,
			"*-feijoa-*": 46,
			"*-beautyberry-*": 42,
			"*-kumquat-*": 46,
			"*-sumac-*": 48,
			"*-dwarfpine-*": 22,
			"*-juniper-*": 44,
			"*-pistachio-*": 44,
			"*-kawakawa-*": 38,
			"*-lillypillywhite-*": 30,
			"*-lillypillypink-*": 32,
			"*-lillypillyblue-*": 36,
			"*-midyimberry-*": 38,
			"*-seamango-*": 46,
			"*-mingimingi-*": 40,
			"*-pilo-*": 38,
			"*-marita-*": 30,
		},
		"revertBlockAboveTemperatureByType":{
			"*-huckleberry-*": 32,
			"*-wolfberry-*": 26,
			"*-snowberry-*": 36,
			"*-honeysuckle-*": 36,
			"*-spindle-*": 32,
			"*-blackelder-*": 30,
			"*-feijoa-*": 48,
			"*-beautyberry-*": 44,
			"*-kumquat-*": 48,
			"*-sumac-*": 50,
			"*-dwarfpine-*": 24,
			"*-juniper-*": 46,
			"*-pistachio-*": 46,
			"*-kawakawa-*": 40,
			"*-lillypillywhite-*": 32,
			"*-lillypillypink-*": 34,
			"*-lillypillyblue-*": 38,
			"*-midyimberry-*": 40,
			"*-seamango-*": 48,
			"*-mingimingi-*": 42,
			"*-pilo-*": 40,
			"*-marita-*": 32,
		},
		"growthBlockByType":{
			"*-spindle-*": "wildcraftfruit:growth-spindle-alive",
			"*-feijoa-*": "wildcraftfruit:growth-feijoa-alive",
			"*-kumquat-*": "wildcraftfruit:growth-kumquat-alive",
			"*-dwarfpine-*": "wildcraftfruit:growth-dwarfpine-alive",
			"*-juniper-*": "wildcraftfruit:growth-juniper-alive",
			"*-sumac-*": "wildcraftfruit:growth-sumac-alive",
			"*-pistachio-*": "wildcraftfruit:growth-pistachio-alive",
			"*-seamango-*": "wildcraftfruit:growth-seamango-alive",
			"*-lillypillypink-*": "wildcraftfruit:growth-lillypillypink-alive",
			"*-lillypillywhite-*": "wildcraftfruit:growth-lillypillywhite-alive",
			"*-lillypillyblue-*": "wildcraftfruit:growth-lillypillyblue-alive",
			"*-pilo-*": "wildcraftfruit:growth-pilo-alive",
			"*-mingimingi-*": "wildcraftfruit:growth-mingimingi-alive",
			"*-blackelder-*": "wildcraftfruit:growth-blackelder-alive",
			"*-marita-*": "wildcraftfruit:growth-marita-alive"
		},
                "bottomBlockByType":{
			"*-juniper-*": "wildcraftfruit:bottomberrybush-juniper-empty",
			"*-pilo-*": "wildcraftfruit:bottomberrybush-pilo-empty",
			"*-lillypillypink-*": "wildcraftfruit:bottomberrybush-lillypillypink-empty",
			"*-lillypillyblue-*": "wildcraftfruit:bottomberrybush-lillypillyblue-empty",
			"*-lillypillywhite-*": "wildcraftfruit:bottomberrybush-lillypillywhite-empty",
			"*-blackelder-*": "wildcraftfruit:bottomberrybush-blackelder-empty",
			"*-pistachio-*": "wildcraftfruit:bottomtreebush-pistachio",
			"*-seamango-*": "wildcraftfruit:bottomtreebush-seamango",
			"*-marita-*": "wildcraftfruit:bottomtreebush-marita",
                },
		"pruneItemByType":{
			"*": "wildcraftfruit:clipping-{type}-green"
		},
		"isLargeByType":{
			"*-juniper-*": true,
			"*-pistachio-*": true,
			"*-seamango-*": true,
			"*-pilo-*": true,
			"*-lillypillypink-*": true,
			"*-lillypillyblue-*": true,
			"*-lillypillywhite-*": true,
			"*-marita-*": true,
			"*-blackelder-*": true,
			"*": false
		},
		"prunedMeshFacesByType": {
			"*-marita-*": [ "branchesN", "branchesS", "Stem1", "Flower1", "Berry1", "Stem2", "Flower2", "Berry2" ],
			"*": [ "branchesN", "branchesS", "Leaves", "Berries" ],
                },
		"fruitingFacesByType": { 
			"*-marita-*": [ "Stem1", "Flower1", "Berry1", "Stem2", "Flower2", "Berry2" ],
			"*": [ "Berries" ],
                },
                "isBottomBlock": false
	},
	"entityclassByType": {
		"*-spindle-*": "BETallBerryBush",
		"*-feijoa-*": "BETallBerryBush",
		"*-kumquat-*": "BETallBerryBush",
		"*-dwarfpine-*": "BETallBerryBush",
		"*-sumac-*": "BETallBerryBush",
		"*-lillypillypink-*": "BETallBerryBush",
		"*-lillypillywhite-*": "BETallBerryBush",
		"*-lillypillyblue-*": "BETallBerryBush",
		"*-blackelder-*": "BETallBerryBush",
		"*-juniper-*": "BETallBerryBush",
		"*-pistachio-*": "BETallBerryBush",
		"*-seamango-*": "BETallBerryBush",
		"*-pilo-*": "BETallBerryBush",
		"*-marita-*": "BETallBerryBush",
		"*-mingimingi-*": "BETallBerryBush",
		"*": "BEHerbariumBerryBush"
	},
	"behaviorsByType": {
		"*-dwarfpine-ripe": [ {"name": "Harvestable", "properties": { 
			"harvestTime": 0.6, 
			"harvestedStack": { "type": "item", "code": "wildcraftfruit:nut-dwarfpinecone", "quantity": { "avg": 4.4 }  },
			"harvestedBlockCode": "wildcraftfruit:berrybush-dwarfpine-empty"
		}} ],
		"*-pistachio-ripe": [ {"name": "Harvestable", "properties": { 
			"harvestTime": 0.6, 
			"harvestedStack": { "type": "item", "code": "wildcraftfruit:nut-pistachioberry", "quantity": { "avg": 4.4 }  },
			"harvestedBlockCode": "wildcraftfruit:berrybush-pistachio-empty"
		}} ],
		"*-marita-ripe": [ {"name": "Harvestable", "properties": { 
			"harvestTime": 0.6, 
			"harvestedStack": { "type": "item", "code": "wildcraftfruit:nut-marita", "quantity": { "avg": 2.3 }  },
			"harvestedBlockCode": "wildcraftfruit:berrybush-marita-empty"
		}} ],
		"*-huckleberry-ripe": [ {"name": "Harvestable", "properties": { 
			"harvestTime": 0.6, 
			"harvestedStack": { "type": "item", "code": "wildcraftfruit:fruit-huckleberry", "quantity": { "avg": 6.4 }  },
			"harvestedBlockCode": "wildcraftfruit:berrybush-huckleberry-empty"
		}} ],
		"*-snowberry-ripe": [ {"name": "Harvestable", "properties": { 
			"harvestTime": 0.6, 
			"harvestedStack": { "type": "item", "code": "wildcraftfruit:fruit-snowberry", "quantity": { "avg": 6.4 }  },
			"harvestedBlockCode": "wildcraftfruit:berrybush-snowberry-empty"
		}} ],
		"*-spindle-ripe": [ {"name": "Harvestable", "properties": { 
			"harvestTime": 0.6, 
			"harvestedStack": { "type": "item", "code": "wildcraftfruit:fruit-spindle", "quantity": { "avg": 8.4 }  },
			"harvestedBlockCode": "wildcraftfruit:berrybush-spindle-empty"
		}} ],
		"*-pilo-ripe": [ {"name": "Harvestable", "properties": { 
			"harvestTime": 0.6, 
			"harvestedStack": { "type": "item", "code": "wildcraftfruit:fruit-pilo", "quantity": { "avg": 6.4 }  },
			"harvestedBlockCode": "wildcraftfruit:berrybush-pilo-empty"
		}} ],
		"*-mingimingi-ripe": [ {"name": "Harvestable", "properties": { 
			"harvestTime": 0.6, 
			"harvestedStack": { "type": "item", "code": "wildcraftfruit:fruit-mingimingi", "quantity": { "avg": 6.4 }  },
			"harvestedBlockCode": "wildcraftfruit:berrybush-mingimingi-empty"
		}} ],
		"*-juniper-ripe": [ {"name": "Harvestable", "properties": { 
			"harvestTime": 0.6, 
			"harvestedStack": { "type": "item", "code": "wildcraftfruit:fruit-juniper", "quantity": { "avg": 6.4 }  },
			"harvestedBlockCode": "wildcraftfruit:berrybush-juniper-empty"
		}} ],
		"*-beautyberry-ripe": [ {"name": "Harvestable", "properties": { 
			"harvestTime": 0.6, 
			"harvestedStack": { "type": "item", "code": "wildcraftfruit:fruit-beautyberry", "quantity": { "avg": 6.4 }  },
			"harvestedBlockCode": "wildcraftfruit:berrybush-beautyberry-empty"
		}} ],
		"*-kumquat-ripe": [ {"name": "Harvestable", "properties": { 
			"harvestTime": 0.6, 
			"harvestedStack": { "type": "item", "code": "wildcraftfruit:fruit-kumquat", "quantity": { "avg": 6.4 }  },
			"harvestedBlockCode": "wildcraftfruit:berrybush-kumquat-empty"
		}} ],
		"*-blackelder-ripe": [ {"name": "Harvestable", "properties": { 
			"harvestTime": 0.6, 
			"harvestedStack": { "type": "item", "code": "wildcraftfruit:fruit-blackelder", "quantity": { "avg": 6.4 }  },
			"harvestedBlockCode": "wildcraftfruit:berrybush-blackelder-empty"
		}} ],
		"*-ripe": [ {"name": "Harvestable", "properties": { 
			"harvestTime": 0.6, 
			"harvestedStack": { "type": "item", "code": "wildcraftfruit:fruit-{type}", "quantity": { "avg": 4.4 }  },
			"harvestedBlockCode": "wildcraftfruit:berrybush-{type}-empty"
		}} ]
	},
	"variantgroups": [
		{ "code": "type", "states": ["dwarfpine", "juniper", "marita", "kawakawa", "spindle", "midyimberry", "feijoa", "lillypillypink", "lillypillyblue", "lillypillywhite", "wolfberry", "kumquat", "sumac", "pistachio", "huckleberry", "snowberry", "honeysuckle", "blackelder", "beautyberry", "seamango", "pilo", "mingimingi"] },
		{ "code": "state", "states": ["empty", "flowering", "ripe"] }
	],
	"creativeinventory": { "general": ["*"], "flora": ["*"], "wildcraftfruit": ["*"] },
	"renderpass": "OpaqueNoCull",
	"renderAlphaTest": 0.4,
	"shapeByType": {
		"*-feijoa-empty": { "base": "wildcraftfruit:block/plant/berrybush/feijoabush*", "selectiveElements": ["branchesN", "branchesS", "Leaves", "Largeleaves/*"] },
		"*-feijoa-flowering": { "base": "wildcraftfruit:block/plant/berrybush/feijoabush*" },
		"*-feijoa-ripe": { "base": "wildcraftfruit:block/plant/berrybush/feijoabush*" },

		"*-pistachio-empty": { "base": "wildcraftfruit:block/plant/berrybush/pistachiobush*", "selectiveElements": ["branchesN", "branchesS", "Leaves", "Largeleaves/*"] },
		"*-pistachio-flowering": { "base": "wildcraftfruit:block/plant/berrybush/pistachiobush*" },
		"*-pistachio-ripe": { "base": "wildcraftfruit:block/plant/berrybush/pistachiobush*" },

		"*-snowberry-empty": { "base": "wildcraftfruit:block/plant/berrybush/snowberrybush*", "selectiveElements": ["branchesN", "branchesS", "Leaves", "Largeleaves/*"] },
		"*-snowberry-flowering": { "base": "wildcraftfruit:block/plant/berrybush/snowberrybush*" },
		"*-snowberry-ripe": { "base": "wildcraftfruit:block/plant/berrybush/snowberrybush*" },

		"*-kawakawa-empty": { "base": "wildcraftfruit:block/plant/berrybush/kawakawabush*", "selectiveElements": ["branchesN", "branchesS", "Leaves", "Largeleaves/*"] },
		"*-kawakawa-flowering": { "base": "wildcraftfruit:block/plant/berrybush/kawakawabush*" },
		"*-kawakawa-ripe": { "base": "wildcraftfruit:block/plant/berrybush/kawakawabush*" },

		"*-seamango-empty": { "base": "wildcraftfruit:block/plant/berrybush/seamangobush*", "selectiveElements": ["branchesN", "branchesS", "Leaves", "Largeleaves/*"] },
		"*-seamango-flowering": { "base": "wildcraftfruit:block/plant/berrybush/seamangobush*" },
		"*-seamango-ripe": { "base": "wildcraftfruit:block/plant/berrybush/seamangobush*" },

		"*-dwarfpine-empty": { "base": "wildcraftfruit:block/plant/berrybush/dwarfpinebush*", "selectiveElements": ["branchesN", "branchesS", "Leaves", "Largeleaves/*"] },
		"*-dwarfpine-flowering": { "base": "wildcraftfruit:block/plant/berrybush/dwarfpinebush*" },
		"*-dwarfpine-ripe": { "base": "wildcraftfruit:block/plant/berrybush/dwarfpinebush*" },

		"*-juniper-empty": { "base": "wildcraftfruit:block/plant/berrybush/juniperbush*", "selectiveElements": ["branchesN", "branchesS", "Leaves", "Largeleaves/*"] },
		"*-juniper-flowering": { "base": "wildcraftfruit:block/plant/berrybush/juniperbush*" },
		"*-juniper-ripe": { "base": "wildcraftfruit:block/plant/berrybush/juniperbush*" },

		"*-lillypillyblue-empty": { "base": "wildcraftfruit:block/plant/berrybush/lillypillyblue*", "selectiveElements": ["branchesN", "branchesS", "Leaves", "Largeleaves/*"] },
		"*-lillypillyblue-flowering": { "base": "wildcraftfruit:block/plant/berrybush/lillypillybluebush*" },
		"*-lillypillyblue-ripe": { "base": "wildcraftfruit:block/plant/berrybush/lillypillybluebush*" },

		"*-lillypillywhite-empty": { "base": "wildcraftfruit:block/plant/berrybush/lillypillywhitebush*", "selectiveElements": ["branchesN", "branchesS", "Leaves", "Largeleaves/*"] },
		"*-lillypillywhite-flowering": { "base": "wildcraftfruit:block/plant/berrybush/lillypillywhitebush*" },
		"*-lillypillywhite-ripe": { "base": "wildcraftfruit:block/plant/berrybush/lillypillywhitebush*" },

		"*-lillypillypink-empty": { "base": "wildcraftfruit:block/plant/berrybush/lillypillypinkbush*", "selectiveElements": ["branchesN", "branchesS", "Leaves", "Largeleaves/*"] },
		"*-lillypillypink-flowering": { "base": "wildcraftfruit:block/plant/berrybush/lillypillypinkbush*" },
		"*-lillypillypink-ripe": { "base": "wildcraftfruit:block/plant/berrybush/lillypillypinkbush*" },

		"*-pilo-empty": { "base": "wildcraftfruit:block/plant/berrybush/pilobush*", "selectiveElements": ["branchesN", "branchesS", "Leaves", "Largeleaves/*"] },
		"*-pilo-flowering": { "base": "wildcraftfruit:block/plant/berrybush/pilobush*" },
		"*-pilo-ripe": { "base": "wildcraftfruit:block/plant/berrybush/pilobush*" },

		"*-mingimingi-empty": { "base": "wildcraftfruit:block/plant/berrybush/mingimingibush*", "selectiveElements": ["branchesN", "branchesS", "Leaves", "Largeleaves/*"] },
		"*-mingimingi-flowering": { "base": "wildcraftfruit:block/plant/berrybush/mingimingibush*" },
		"*-mingimingi-ripe": { "base": "wildcraftfruit:block/plant/berrybush/mingimingibush*" },

		"*-blackelder-empty": { "base": "wildcraftfruit:block/plant/berrybush/blackelderbush*", "selectiveElements": ["branchesN", "branchesS", "Leaves", "Largeleaves/*"] },
		"*-blackelder-flowering": { "base": "wildcraftfruit:block/plant/berrybush/blackelderbush*" },
		"*-blackelder-ripe": { "base": "wildcraftfruit:block/plant/berrybush/blackelderbush*" },

		"*-marita-empty": { "base": "wildcraftfruit:block/plant/berrybush/maritabush*", "selectiveElements": ["branchesN", "branchesS", "Largeleaves/*"] },
		"*-marita-flowering": { "base": "wildcraftfruit:block/plant/berrybush/maritabush*", "selectiveElements": ["branchesN", "branchesS", "Largeleaves/*", "Stem1", "Stem2", "Flower1", "Flower2"] },
		"*-marita-ripe": { "base": "wildcraftfruit:block/plant/berrybush/maritabush*", "selectiveElements": ["branchesN", "branchesS", "Largeleaves/*", "Stem1", "Stem2", "Berry1", "Berry2"] },

		"*-empty": { "base": "game:block/plant/berrybush/large*", "selectiveElements": ["branchesN", "branchesS", "Leaves", "Largeleaves/*"] },
		"*": { "base": "game:block/plant/berrybush/large*" }
	},
	"blockmaterial": "Plant",
	"textures": {
		"leavessmall": { "base": "wildcraftfruit:block/plant/berrybush/small/leaves/{type}*" },
		"leaveslarge": { "base": "wildcraftfruit:block/plant/berrybush/large/leaves/{type}large" }
	},
	"texturesByType": {
		"*-marita-flowering": {
			"flowerberrysmall": { "base": "wildcraftfruit:block/plant/berrybush/small/flower/{type}*" }
		},
		"*-marita-ripe": {
			"flowerberrysmall": { "base": "wildcraftfruit:block/plant/berrybush/small/fruit/{type}*" }
		},
		"*-flowering": {
			"flowerberrysmalltop": { "base": "wildcraftfruit:block/plant/berrybush/small/flower/{type}*", "alternates": [{"base": "wildcraftfruit:block/plant/berrybush/small/flower/{type}*"}] },
			"flowerberrysmall": { "base": "wildcraftfruit:block/plant/berrybush/small/flower/{type}*", "alternates": [{"base": "wildcraftfruit:block/plant/berrybush/small/flower/{type}*"}] },
			"flowerberrylarge": { "base": "wildcraftfruit:block/plant/berrybush/large/flower/{type}large" }
		},
		"*-ripe": {
			"flowerberrysmalltop": { "base": "wildcraftfruit:block/plant/berrybush/small/fruit/{type}*" },
			"flowerberrysmall": { "base": "wildcraftfruit:block/plant/berrybush/small/fruit/{type}*", "alternates": [{"base": "wildcraftfruit:block/plant/berrybush/small/fruit/{type}*"}] },
			"flowerberrylarge": { "base": "wildcraftfruit:block/plant/berrybush/large/fruit/{type}large" }
		}
	},
	"sideopaque": {
		"all": false
	},
	"sidesolid": {
		"all": false
	},
	"replaceable": 3000,
	"lightAbsorption": 0,
	"resistance": 0.5,
	"collisionbox": null,
	"sounds": {
		"place": "game:block/plant",
		"break": "game:block/plant",
		"hit": "game:block/plant",
		"inside": "game:walk/inside/leafy/bushrustle*"
	},
	"rainPermeable": false,
	"dropsByType": {
		"*-dwarfpine-ripe": [
			{ "type": "item", "code": "wildcraftfruit:nut-dwarfpinecone", "quantity": { "avg": 4.4 }  },
			{ "type": "item", "code": "game:stick", "quantity": { "avg": 1.4 } }
		],
		"*-marita-ripe": [
			{ "type": "item", "code": "wildcraftfruit:nut-marita", "quantity": { "avg": 2.3 }  },
			{ "type": "item", "code": "game:stick", "quantity": { "avg": 1.4 } }
		],
		"*-pistachio-ripe": [
			{ "type": "item", "code": "wildcraftfruit:nut-pistachioberry", "quantity": { "avg": 4.4 }  },
			{ "type": "item", "code": "game:stick", "quantity": { "avg": 1.4 } }
		],
		"*-juniper-ripe": [
			{ "type": "item", "code": "wildcraftfruit:fruit-juniper", "quantity": { "avg": 6.4 }  },
			{ "type": "item", "code": "game:stick", "quantity": { "avg": 1.4 } }
		],
		"*-snowberry-ripe": [
			{ "type": "item", "code": "wildcraftfruit:fruit-snowberry", "quantity": { "avg": 6.4 }  },
			{ "type": "item", "code": "game:stick", "quantity": { "avg": 1.4 } }
		],
		"*-huckleberry-ripe": [
			{ "type": "item", "code": "wildcraftfruit:fruit-huckleberry", "quantity": { "avg": 6.4 }  },
			{ "type": "item", "code": "game:stick", "quantity": { "avg": 1.4 } }
		],
		"*-pilo-ripe": [
			{ "type": "item", "code": "wildcraftfruit:fruit-pilo", "quantity": { "avg": 6.4 }  },
			{ "type": "item", "code": "game:stick", "quantity": { "avg": 1.4 } }
		],
		"*-mingimingi-ripe": [
			{ "type": "item", "code": "wildcraftfruit:fruit-mingimingi", "quantity": { "avg": 6.4 }  },
			{ "type": "item", "code": "game:stick", "quantity": { "avg": 1.4 } }
		],
		"*-beautyberry-ripe": [
			{ "type": "item", "code": "wildcraftfruit:fruit-beautyberry", "quantity": { "avg": 6.4 }  },
			{ "type": "item", "code": "game:stick", "quantity": { "avg": 1.4 } }
		],
		"*-kumquat-ripe": [
			{ "type": "item", "code": "wildcraftfruit:fruit-kumquat", "quantity": { "avg": 6.4 }  },
			{ "type": "item", "code": "game:stick", "quantity": { "avg": 1.4 } }
		],
		"*-blackelder-ripe": [
			{ "type": "item", "code": "wildcraftfruit:fruit-blackelder", "quantity": { "avg": 6.4 }  },
			{ "type": "item", "code": "game:stick", "quantity": { "avg": 1.4 } }
		],
		"*-spindle-ripe": [
			{ "type": "item", "code": "wildcraftfruit:fruit-spindle", "quantity": { "avg": 8.4 }  },
			{ "type": "item", "code": "game:stick", "quantity": { "avg": 1.4 } }
		],
		"*-ripe": [
			{ "type": "item", "code": "wildcraftfruit:fruit-{type}", "quantity": { "avg": 4.4 }  },
			{ "type": "item", "code": "game:stick", "quantity": { "avg": 1.4 } }
		],
		"*": [
			{ "type": "item", "code": "game:stick", "quantity": { "avg": 1.4 } }
		]
	},
	"materialDensity": 400,
	"vertexFlags": {
		"zOffset": 2
	},
	"combustibleProps": {
		"burnTemperature": 600,
		"burnDuration": 10
	},
	"frostable": true
}