{
    "code": "scion",
    "class": "BlockClipping",
    "entityclassbytype": {
      "*-alive": "BEClipping"
    },
    "attributes": {
      "matureDays": {
        "avg": 7,
        "var": 2
      },
      "dieBelowTemp": -2,
      "bushCodebyType": {
        "*-blackcurrant-*": "game:bigberrybush-blackcurrant-empty",
        "*-redcurrant-*": "game:bigberrybush-redcurrant-empty",
        "*-whitecurrant-*": "game:bigberrybush-whitecurrant-empty",
  
        "*-spindle-*": "wildcraftfruit:berrybush-spindle-empty",
        "*-feijoa-*": "wildcraftfruit:berrybush-feijoa-empty",
        "*-kumquat-*": "wildcraftfruit:berrybush-kumquat-empty",
        "*-dwarfpine-*": "wildcraftfruit:berrybush-dwarfpine-empty",
        "*-juniper-*": "wildcraftfruit:berrybush-juniper-empty",
        "*-pistachio-*": "wildcraftfruit:berrybush-pistachio-empty",
        "*-huckleberry-*": "wildcraftfruit:berrybush-huckleberry-empty",
        "*-wolfberry-*": "wildcraftfruit:berrybush-wolfberry-empty",
        "*-snowberry-*": "wildcraftfruit:berrybush-snowberry-empty",
        "*-honeysuckle-*": "wildcraftfruit:berrybush-honeysuckle-empty",
        "*-beautyberry-*": "wildcraftfruit:berrybush-beautyberry-empty",
        "*-sumac-*": "wildcraftfruit:berrybush-sumac-empty",
        "*-kawakawa-*": "wildcraftfruit:berrybush-kawakawa-empty",
        "*-seamango-*": "wildcraftfruit:berrybush-seamango-empty",
        "*-lillypillypink-*": "wildcraftfruit:berrybush-lillypillypink-empty",
        "*-lillypillyblue-*": "wildcraftfruit:berrybush-lillypillyblue-empty",
        "*-lillypillywhite-*": "wildcraftfruit:berrybush-lillypillywhite-empty",
        "*-midyimberry-*": "wildcraftfruit:berrybush-midyimberry-empty",
        "*-pilo-*": "wildcraftfruit:berrybush-pilo-empty",
        "*-mingimingi-*": "wildcraftfruit:berrybush-mingimingi-empty",
        "*-marita-*": "wildcraftfruit:berrybush-marita-empty",
        "*-blackelder-*": "wildcraftfruit:berrybush-blackelder-empty",
  
        "*-deserthackberry-*": "wildcraftfruit:pricklyberrybush-deserthackberry-empty",
        "*-dogrose-*": "wildcraftfruit:pricklyberrybush-dogrose-empty",
        "*-gooseberry-*": "wildcraftfruit:pricklyberrybush-gooseberry-empty",
        "*-sallowthorn-*": "wildcraftfruit:pricklyberrybush-sallowthorn-empty",
        "*-brambleberry-*": "wildcraftfruit:pricklyberrybush-brambleberry-empty",
        "*-raspberry-*": "wildcraftfruit:pricklyberrybush-raspberry-empty",
        "*-blueraspberry-*": "wildcraftfruit:pricklyberrybush-blueraspberry-empty",
        "*-fingerlime-*": "wildcraftfruit:pricklyberrybush-fingerlime-empty",
      },
      "isGrowth": false
    },
    "variantgroups": [
      {
        "code": "type",
        "states": [ "redcurrant", "whitecurrant", "blackcurrant", "gooseberry", "dogrose", "sallowthorn", "deserthackberry", "brambleberry", "raspberry", "blueraspberry", "spindle", "feijoa", "kumquat", "pistachio", "dwarfpine", "juniper", "huckleberry", "wolfberry", "snowberry", "honeysuckle", "beautyberry", "sumac", "kawakawa", "seamango", "fingerlime", "lillypillypink", "lillypillyblue", "lillypillywhite", "midyimberry", "mingimingi", "pilo", "marita", "blackelder" ]
      },
      {
        "code": "state",
        "states": [ "alive", "dead" ]
      }
    ],
    "renderpass": "OpaqueNoCull",
    "drawtype": "JSON",
    "randomizeRotations": true,
    "shapeByType": {
      "*-pilo-alive": { "base": "wildcraftfruit:block/plant/clipping/growth_pilo" },
      "*-mingimingi-alive": { "base": "wildcraftfruit:block/plant/clipping/growth_mingimingi" },
      "*-feijoa-alive": { "base": "wildcraftfruit:block/plant/clipping/growth_feijoa" },
      "*-kawakawa-alive": { "base": "wildcraftfruit:block/plant/clipping/growth_kawakawa" },
      "*-snowberry-alive": { "base": "wildcraftfruit:block/plant/clipping/growth_snowberry" },
      "*-dwarfpine-alive": { "base": "wildcraftfruit:block/plant/clipping/growth_dwarfpine" },
      "*-juniper-alive": { "base": "wildcraftfruit:block/plant/clipping/growth_juniper" },
      "*-pistachio-alive": { "base": "wildcraftfruit:block/plant/clipping/growth_pistachio" },
      "*-sallowthorn-alive": { "base": "wildcraftfruit:block/plant/clipping/growth_sallowthorn" },
      "*-seamango-alive": { "base": "wildcraftfruit:block/plant/clipping/growth_seamango" },
      "*-fingerlime-alive": { "base": "wildcraftfruit:block/plant/clipping/growth_fingerlime" },
      "*-lillypillypink-alive": { "base": "wildcraftfruit:block/plant/clipping/growth_lillypillypink" },
      "*-lillypillyblue-alive": { "base": "wildcraftfruit:block/plant/clipping/growth_lillypillyblue" },
      "*-lillypillywhite-alive": { "base": "wildcraftfruit:block/plant/clipping/growth_lillypillywhite" },
      "*-marita-alive": { "base": "wildcraftfruit:block/plant/clipping/growth_marita" },
      "*-marita-dead": { "base": "wildcraftfruit:block/plant/clipping/growth_marita_dead" },
      "*-blackelder-alive": { "base": "wildcraftfruit:block/plant/clipping/growth_blackelder" },
      "*-dead": { "base": "wildcraftfruit:block/plant/clipping/growth_dead" },
      "*-alive": { "base": "wildcraftfruit:block/plant/clipping/growth" }
    },
    "blockmaterial": "Plant",
    "sideopaqueByType": {
      "*": { "all": false }
    },
    "sidesolid": {
      "all": false
    },
    "texturesByType": {
      "*-blackcurrant-*": {
        "leaves": { "base": "game:block/plant/berrybush/small/leaves/{type}*" }
      },
      "*-redcurrant-*": {
        "leaves": { "base": "game:block/plant/berrybush/small/leaves/{type}*" }
      },
      "*-whitecurrant-*": {
        "leaves": { "base": "game:block/plant/berrybush/small/leaves/{type}*" }
      },
    "*-marita-alive": {
      "leaves": { "base": "wildcraftfruit:block/plant/berrybush/small/leaves/marita1" }
    },
    "*-marita-dead": {
      "leaves": { "base": "wildcraftfruit:block/plant/clipping/marita_dry" }
    },
      "*": {
        "leaves": { "base": "wildcraftfruit:block/plant/berrybush/small/leaves/{type}*" }
      }
    },
    "dropsByType": {
      "*-marita-dead": [
        {
          "type": "item",
          "code": "game:drygrass",
          "quantity": { "avg": 1.0 }
        }
      ],
      "*-marita-alive": [
        {
          "type": "item",
          "code": "game:drygrass",
          "quantity": { "avg": 1.0 }
        }
      ],
      "*-dead": [
        {
          "type": "item",
          "code": "game:stick",
          "quantity": { "avg": 1.0 }
        }
      ],
      "*-alive": [
        {
          "type": "item",
          "code": "game:stick",
          "quantity": { "avg": 1.0 }
        }
      ]
    },
    "replaceable": 5200,
    "lightAbsorption": 0,
    "resistance": 1,
    "collisionbox": null,
    "selectionbox": {
      "x1": 0.3,
      "y1": 0,
      "z1": 0.2,
      "x2": 0.7,
      "y2": 0.5,
      "z2": 0.7
    },
    "sounds": {
      "place": "game:block/plant",
      "break": "game:block/plant",
      "hit": "game:block/plant"
    },
    "rainPermeable": true,
    "materialDensity": 200,
    "combustibleProps": {
      "burnTemperature": 600,
      "burnDuration": 10
    },
    "guiTransform": {
          "rotation": { "x": -28, "y": 28, "z": 0 },
          "origin": { "x": 0.6, "y": 0.37, "z": 0.36 },
          "scale": 1.56
    },
    "fpHandTransform": {
          "rotation": { "x": 46, "y": 57, "z": -33 },
          "origin": { "x": 0.4, "y": 0.5, "z": 0.3 }
      },
    "tpHandTransform": {
        "rotation": { "x": -58, "y": -2, "z": -41 },
        "origin": { "x": 0.53, "y": 0.68, "z": 0.4 },
        "scale": 0.34
    },
    "groundTransform": {
      "translation": {
        "x": 0,
        "y": 0,
        "z": 0
      },
      "rotation": {
        "x": 0,
        "y": -45,
        "z": 0
      },
      "origin": {
        "x": 0.5,
        "y": 0,
        "z": 0.5
      },
      "scale": 3
    },
    "frostable": true,
    "__comment": "Wind wave looks not good on ground and horrible in planters and flower post",
    "vertexFlags": {
      "weakWave": true,
      "grassWindWave": false,
      "leavesWindWave": false
    }
  }
  