{
	code: "lepomis",
	class: "EntityFish",
	variantgroups: [
		{ code: "type", states: ["macrochirus", "cyanellus", "humilis", "gibbosus", "megalotis", "peltastes", "auritus", "gulosus", "symmetricus", "marginatus", "punctatus", "miniatus", "microlophus"]}
	],
	collisionBoxSizeByType: {
		"lepomis-macrochirus": { x: 0.41, y: 0.205 },
		"lepomis-cyanellus": { x: 0.31, y: 0.155 },
		"lepomis-humilis": { x: 0.15, y: 0.075 },
		"lepomis-gibbosus": { x: 0.4, y: 0.2 },
		"lepomis-megalotis": { x: 0.24, y: 0.12 },
		"lepomis-peltastes": { x: 0.148, y: 0.074 },
		"lepomis-auritus": { x: 0.305, y: 0.01525 },
		"lepomis-gulosus": { x: 0.31, y: 0.155 },
		"lepomis-symmetricus": { x: 0.09, y: 0.045 },
		"lepomis-marginatus": { x: 0.12, y: 0.06 },
		"lepomis-punctatus": { x: 0.2, y: 0.1 },
		"lepomis-miniatus": { x: 0.16, y: 0.08 },
		"lepomis-microlophus": { x: 0.432, y: 0.216 },
	},
	deadCollisionBoxSizeByType: {
		"lepomis-macrochirus": { x: 0.41, y: 0.205 },
		"lepomis-cyanellus": { x: 0.31, y: 0.155 },
		"lepomis-humilis": { x: 0.15, y: 0.075 },
		"lepomis-gibbosus": { x: 0.4, y: 0.2 },
		"lepomis-megalotis": { x: 0.24, y: 0.12 },
		"lepomis-peltastes": { x: 0.148, y: 0.074 },
		"lepomis-auritus": { x: 0.305, y: 0.01525 },
		"lepomis-gulosus": { x: 0.31, y: 0.155 },
		"lepomis-symmetricus": { x: 0.09, y: 0.045 },
		"lepomis-marginatus": { x: 0.12, y: 0.06 },
		"lepomis-punctatus": { x: 0.2, y: 0.1 },
		"lepomis-miniatus": { x: 0.16, y: 0.08 },
		"lepomis-microlophus": { x: 0.432, y: 0.216 },
	},	
	selectionBoxSizeByType: {
		"*-macrochirus": { x: 0.41, y: 0.205 },
		"*-cyanellus": { x: 0.31, y: 0.155 },
		"*-humilis": { x: 0.15, y: 0.075 },
		"*-gibbosus": { x: 0.4, y: 0.2 },
		"*-megalotis": { x: 0.24, y: 0.12 },
		"*-peltastes": { x: 0.148, y: 0.074 },
		"*-auritus": { x: 0.305, y: 0.01525 },
		"*-gulosus": { x: 0.31, y: 0.155 },
		"*-symmetricus": { x: 0.09, y: 0.045 },
		"*-marginatus": { x: 0.12, y: 0.06 },
		"*-punctatus": { x: 0.2, y: 0.1 },
		"*-miniatus": { x: 0.16, y: 0.08 },
		"*-microlophus": { x: 0.432, y: 0.216 },
	},
	deadSelectionBoxSizeByType: {
		"*-macrochirus": { x: 0.41, y: 0.205 },
		"*-cyanellus": { x: 0.31, y: 0.155 },
		"*-humilis": { x: 0.15, y: 0.075 },
		"*-gibbosus": { x: 0.4, y: 0.2 },
		"*-megalotis": { x: 0.24, y: 0.12 },
		"*-peltastes": { x: 0.148, y: 0.074 },
		"*-auritus": { x: 0.305, y: 0.01525 },
		"*-gulosus": { x: 0.31, y: 0.155 },
		"*-symmetricus": { x: 0.09, y: 0.045 },
		"*-marginatus": { x: 0.12, y: 0.06 },
		"*-punctatus": { x: 0.2, y: 0.1 },
		"*-miniatus": { x: 0.16, y: 0.08 },
		"*-microlophus": { x: 0.432, y: 0.216 },
	},
	eyeHeight: 0.1,
	weightByType: {
		"*-macrochirus": 2,
		"*-cyanellus": 1,
		"*-humilis": 1,
		"*-gibbosus": 2,
		"*-megalotis": 1,
		"*-peltastes": 1,
		"*-auritus": 1,
		"*-gulosus": 1, 
		"*-symmetricus": 1,
		"*-marginatus": 1,
		"*-punctatus": 1,
		"*-miniatus": 1,
		"*-microlophus": 2,
			},
	drops: [],
	attributes: {
		netCaughtItemCode: "truesunfishes:creature-lepomis-{type}",
	},
	habitat: "Underwater",
	client: {
		renderer: "Shape",
		shape: { base: "entity/water/lepomis" },
		textureByType: {
			"*-macrochirus": { base: "entity/truesunfishes/lepomis-macrochirus" },
			"*-cyanellus": { base: "entity/truesunfishes/lepomis-cyanellus" },
			"*-humilis": { base: "entity/truesunfishes/lepomis-humilis" },
			"*-gibbosus": { base: "entity/truesunfishes/lepomis-gibbosus" },
			"*-megalotis": { base: "entity/truesunfishes/lepomis-megalotis" },
			"*-peltastes": { base: "entity/truesunfishes/lepomis-peltastes" },
			"*-auritus": { base: "entity/truesunfishes/lepomis-auritus" },
			"*-gulosus": { base: "entity/truesunfishes/lepomis-gulosus" },
			"*-symmetricus": { base: "entity/truesunfishes/lepomis-symmetricus" },
			"*-marginatus": { base: "entity/truesunfishes/lepomis-marginatus" },
			"*-punctatus": { base: "entity/truesunfishes/lepomis-punctatus" },
			"*-miniatus": { base: "entity/truesunfishes/lepomis-miniatus" },
			"*-microlophus": { base: "entity/truesunfishes/lepomis-microlophus" },
		},
		sizeByType: {
			"lepomis-macrochirus": 0.547,
			"lepomis-cyanellus": 0.413,
			"lepomis-humilis": 0.2,
			"lepomis-gibbosus": 0.533,
			"lepomis-megalotis": 0.32,
			"lepomis-peltastes": 0.197,
			"lepomis-auritus": 0.407,
			"lepomis-gulosus": 0.413,
			"lepomis-symmetricus": 0.12,
			"lepomis-marginatus": 0.16,
			"lepomis-punctatus": 0.267,
			"lepomis-miniatus": 0.213,
			"lepomis-microlophus": 0.576,
			
		},
		behaviors: [
			{ code: "repulseagents" }, 
			{ code: "controlledphysics", stepHeight: 0 }, 
			{ code: "interpolateposition" },
			{ code: "floatupwhenstuck", onlyWhenDead: true },
			{ code: "harvestable" },
			{ code: "despawn", minPlayerDistance: 8, belowLightLevel: 8, minSeconds: 300 },
		],
		animations: [
			{
				code: "hurt",
				animation: "hurt", 
				animationSpeed: 1,
				weight: 10,
				blendMode: "AddAverage" 
			},
			{
				code: "swim",
				animation: "swim"
			},
			{
				code: "swimfast",
				animation: "swim"
			},
			{
				code: "die",
				animation: "dead",
			},
			{
				code: "flop",
				animation: "flopping"
			},
			{ 
				code: "idle", 
				animation: "idle",
				blendMode: "AddAverage",
				animationSpeed: 1,
				easeOutSpeed: 4,
				triggeredBy: { defaultAnim: true },
			}
		]
	},
	server: {
		behaviors: [
			{ code: "repulseagents" }, 
			{ code: "controlledphysics", stepHeight: 1.1251 }, 
			{ code: "despawn", minPlayerDistance: 12, belowLightLevel: 8, minSeconds: 200 },
			{ code: "health", currenthealth: 1, maxhealth: 1, },
			{ code: "deaddecay", hoursToDecay: 96 },
			{ code: "floatupwhenstuck", onlyWhenDead: true },
			{ code: "harvestable", drops: [
					{
						type: "item", 
						code: "panfish:panfish-raw", 
						quantityByType: {
						"*-macrochirus": { avg: 2, var: 0 },
						"*-cyanellus": { avg: 1, var: 0 },
						"*-humilis": { avg: 0, var: 0 },
						"*-gibbosus": { avg: 2, var: 0 },
						"*-megalotis": { avg: 1, var: 0 },
						"*-peltastes": { avg: 0, var: 0 },
						"*-auritus": { avg: 1, var: 0 },
						"*-gulosus": { avg: 1, var: 0 },
						"*-symmetricus": { avg: 0, var: 0 },
						"*-marginatus": { avg: 0, var: 0 },
						"*-punctatus": { avg: 1, var: 0 },
						"*-miniatus": { avg: 0, var: 0 },
						"*-microlophus": { avg: 2, var: 0 },
					},
					}
				]
			},
			{ 
				code: "emotionstates",
				states: [
					{ code: "fleeondamage", duration: 10, chance: 1, slot: 0, priority: 1, accumType: "max" }
				]
			},
			{ 
				code: "taskai",
				aitasks: [
					{
						code: "fishoutofwater", 
						priority: 2.5, 
						priorityForCancel: 2.6,
						movespeed: 0.005,
						animation: "flop",
						animationSpeed: 2
					},
					{
						code: "fleeentity",
						entityCodes: ["player", "wolf-male", "wolf-female", "fox-*", "hyena-male", "hyena-female"],
						priority: 2,
						movespeed: 0.04,
						seekingRange: 14,
						animation: "swim",
						animationSpeed: 2
					},
					{
						code: "wander", 
						priority: 1.2, 
						priorityForCancel: 1.35,
						movespeed: 0.01,
						animationSpeed: 0.9,
						animation: "swim"
					},
					{
						code: "fishmovefast", 
						priority: 1.0, 
						priorityForCancel: 1.5,
						movespeed: 0.045,
						animation: "swimfast",
						animationSpeed: 2.3
					},
					{
						code: "idle",
						priority: 0.9,
						priorityForCancel: 1.5,
						minduration: 1000,
						maxduration: 6000,
						mincooldown: 2000,
						maxcooldown: 20000,
						animation: "eat"
					},
					{
						code: "idle",
						priority: 0.9,
						minduration: 500,
						maxduration: 1000,
						mincooldown: 2000,
						maxcooldown: 30000,
						animation: "idle"
					}
				]
			}
		],
		spawnconditions: {
			runtime: {
				group: "neutral",
				chance: 0.0033,
				tryOnlySurface: true,
				minLightLevel: 3,
				spawnCapPlayerScaling: 0.05,
				maxQuantityByGroup: { code: "lepomis-*", maxQuantity: 30 },
				groupSize: { dist: "verynarrowgaussian", avg: 6, var: 3 },
				insideBlockCodes: ["game:water-*"],
				minTempByType: {
						"*-macrochirus": 8,
						"*-cyanellus": 7,
						"*-humilis": 9,
						"*-gibbosus": 7,
						"*-megalotis": 8,
						"*-peltastes": 6,
						"*-auritus": 7,
						"*-gulosus": 7,
						"*-symmetricus": 12,
						"*-marginatus": 10,
						"*-punctatus": 15,
						"*-miniatus": 11,
						"*-microlophus": 9,
						
					},
					maxTempByType: {
						"*-macrochirus": 26,
						"*-cyanellus": 23,
						"*-humilis": 21,
						"*-gibbosus": 20,
						"*-megalotis": 24,
						"*-peltastes": 18,
						"*-auritus": 22,
						"*-gulosus": 20,
						"*-symmetricus": 21,
						"*-marginatus": 24,
						"*-punctatus": 26,
						"*-miniatus": 24,
						"*-microlophus": 24,
					},
					minRainByType: {
						"*-macrochirus": 0.45,
						"*-cyanellus": 0.5,
						"*-humilis": 0.5,
						"*-gibbosus": 0.475,
						"*-megalotis": 0.5,
						"*-peltastes": 0.55,
						"*-auritus": 0.55,
						"*-gulosus": 0.4,
						"*-symmetricus": 0.575,
						"*-marginatus": 0.575,
						"*-punctatus": 0.525,
						"*-miniatus": 0.525,
						"*-microlophus": 0.5,
						
					},
					maxRainByType: {
						"*-macrochirus": 1,
						"*-cyanellus": 1,
						"*-humilis": 1,
						"*-gibbosus": 1,
						"*-megalotis": 1,
						"*-peltastes": 1,
						"*-auritus": 1,
						"*-gulosus": 1,
						"*-symmetricus": 1,
						"*-marginatus": 1,
						"*-punctatus": 1,
						"*-miniatus": 1,
						"*-microlophus": 1,
						
					},
					minYByType: {
						"*-macrochirus": 0.98,
						"*-cyanellus": 0.95,
						"*-humilis": 1,
						"*-gibbosus": 0.96,
						"*-megalotis": 0.97,
						"*-peltastes": 1.02,
						"*-auritus": 0.96,
						"*-gulosus": 0.98,
						"*-symmetricus": 0.98,
						"*-marginatus": 0.97,
						"*-punctatus": 0.95,
						"*-miniatus": 0.95,
						"*-microlophus": 0.97,
	
					},
					maxYByType: {
						"*-macrochirus": 1.5,
						"*-cyanellus": 1.45,
						"*-humilis": 1.33,
						"*-gibbosus": 1.4,
						"*-megalotis": 1.36,
						"*-peltastes": 1.36,
						"*-auritus": 1.44,
						"*-gulosus": 1.33,
						"*-symmetricus": 1.3,
						"*-marginatus": 1.33,
						"*-punctatus": 1.18,
						"*-miniatus": 1.24,
						"*-microlophus": 1.36,
					},
					minForestByType: {
						"*-macrochirus": 0,
						"*-cyanellus": 0.18,
						"*-humilis": 0.25,
						"*-gibbosus": 0.1,
						"*-megalotis": 0.25,
						"*-peltastes": 0.25,
						"*-auritus": 0.2,
						"*-gulosus": 0.1,
						"*-symmetricus": 0.45,
						"*-marginatus": 0.4,
						"*-punctatus": 0.5,
						"*-miniatus": 0.5,
						"*-microlophus": 0.2,
					},
					maxForestByType: {
						"*-macrochirus": 0.7,
						"*-cyanellus": 0.78,
						"*-humilis": 1,
						"*-gibbosus": 0.5,
						"*-megalotis": 0.75,
						"*-peltastes": 0.75,
						"*-auritus": 0.6,
						"*-gulosus": 0.5,
						"*-symmetricus": 0.95,
						"*-marginatus": 0.9,
						"*-punctatus": 1,
						"*-miniatus": 1,
						"*-microlophus": 0.5,
					},
					minShrubsByType: {
						"*-macrochirus": 0.25,
						"*-cyanellus": 0.33,
						"*-humilis": 0.5,
						"*-gibbosus": 0.1,
						"*-megalotis": 0.15,
						"*-peltastes": 0.15,
						"*-auritus": 0.3,
						"*-gulosus": 0.25,
						"*-symmetricus": 0.45,
						"*-marginatus": 0.4,
						"*-punctatus": 0.5,
						"*-miniatus": 0.5,
						"*-microlophus": 0.3,
					},
					maxShrubsByType: {
						"*-macrochirus": 0.8,
						"*-cyanellus": 0.85,
						"*-humilis": 1,
						"*-gibbosus": 0.5,
						"*-megalotis": 0.55,
						"*-peltastes": 0.55,
						"*-auritus": 0.7,
						"*-gulosus": 0.75,
						"*-symmetricus": 0.95,
						"*-marginatus": 0.8,
						"*-punctatus": 1,
						"*-miniatus": 1,
						"*-microlophus": 0.7,
					},
			}
		}
	}
}