{
	"editor": {
		"allAngles": false,
		"entityTextureMode": true
	},
	"textureWidth": 24,
	"textureHeight": 20,
	"textureSizes": {
	},
	"textures": {
	},
	"elements": [
		{
			"name": "Body",
			"from": [ 3.0, 1.0, 5.5 ],
			"to": [ 14.5, 1.12, 10.5 ],
			"autoUnwrap": false,
			"uv": [ 1.0, 7.0 ],
			"rotationOrigin": [ 8.0, 1.0, 8.0 ],
			"faces": {
				"north": { "texture": "#skin", "uv": [ 11.5, 5.0, 0.0, 7.5 ], "autoUv": false, "windMode": [-1,-1,-1,-1] },
				"east": { "texture": "#skin", "uv": [ 11.5, 5.0, 16.5, 5.5 ] },
				"south": { "texture": "#skin", "uv": [ 0.0, 5.0, 11.5, 5.5 ], "windMode": [-1,-1,-1,-1] },
				"west": { "texture": "#skin", "uv": [ 11.5, 5.0, 16.5, 5.5 ] },
				"up": { "texture": "#skin", "uv": [ 0.0, 0.0, 11.5, 5.0 ], "windMode": [-1,-1,-1,-1] },
				"down": { "texture": "#skin", "uv": [ 11.5, 0.0, 23.0, 5.0 ] }
			},
			"children": [
				{
					"name": "Neck",
					"from": [ -2.0, 0.0, 0.75 ],
					"to": [ 1.0, 0.11, 4.25 ],
					"autoUnwrap": false,
					"uv": [ 17.0, 20.5 ],
					"rotationOrigin": [ 1.0, 0.5, 2.5 ],
					"faces": {
						"north": { "texture": "#skin", "uv": [ 9.0, 16.5, 6.0, 18.5 ], "autoUv": false, "windMode": [-1,-1,-1,-1] },
						"east": { "texture": "#skin", "uv": [ 17.0, 11.0, 20.5, 11.5 ] },
						"south": { "texture": "#skin", "uv": [ 6.0, 16.5, 9.0, 17.0 ], "windMode": [-1,-1,-1,-1] },
						"west": { "texture": "#skin", "uv": [ 17.0, 11.0, 20.5, 11.5 ] },
						"up": { "texture": "#skin", "uv": [ 0.0, 16.0, 3.0, 19.5 ] },
						"down": { "texture": "#skin", "uv": [ 3.0, 16.0, 6.0, 19.5 ] }
					},
					"children": [
						{
							"name": "Head",
							"from": [ -4.0, 0.0, -0.5 ],
							"to": [ 0.0, 0.1, 4.0 ],
							"autoUnwrap": false,
							"uv": [ 1.0, 15.0 ],
							"rotationOrigin": [ -1.0, 2.0, 1.75 ],
							"faces": {
								"north": { "texture": "#skin", "uv": [ 12.0, 7.5, 8.0, 10.0 ], "autoUv": false, "windMode": [-1,-1,-1,-1] },
								"east": { "texture": "#skin", "uv": [ 8.0, 10.0, 12.5, 10.5 ] },
								"south": { "texture": "#skin", "uv": [ 8.0, 7.5, 12.0, 8.0 ], "windMode": [-1,-1,-1,-1] },
								"west": { "texture": "#skin", "uv": [ 8.0, 10.0, 12.5, 10.5 ] },
								"up": { "texture": "#skin", "uv": [ 0.0, 7.5, 4.0, 12.0 ] },
								"down": { "texture": "#skin", "uv": [ 4.0, 7.5, 8.0, 12.0 ] }
							},
							"children": [
								{
									"name": "LowerJaw",
									"from": [ -1.0, 0.0, 0.25 ],
									"to": [ 0.0, 0.01, 4.25 ],
									"autoUnwrap": false,
									"uv": [ 0.0, 12.0 ],
									"rotationOrigin": [ 0.0, 0.5, 2.0 ],
									"faces": {
										"north": { "texture": "#skin", "uv": [ 4.0, 19.5, 5.0, 20.0 ] },
										"east": { "texture": "#skin", "uv": [ 0.0, 19.5, 4.0, 20.0 ] },
										"south": { "texture": "#skin", "uv": [ 4.0, 19.5, 5.0, 20.0 ] },
										"west": { "texture": "#skin", "uv": [ 0.0, 19.5, 4.0, 20.0 ] },
										"up": { "texture": "#skin", "uv": [ 0.0, 12.0, 1.0, 16.0 ] },
										"down": { "texture": "#skin", "uv": [ 1.0, 12.0, 2.0, 16.0 ] }
									}
								},
								{
									"name": "UpperJaw",
									"from": [ -1.0, 0.01, 0.25 ],
									"to": [ 0.0, 0.11, 4.25 ],
									"autoUnwrap": false,
									"uv": [ 20.5, 13.5 ],
									"rotationOrigin": [ -1.0, 1.0, 0.0 ],
									"faces": {
										"north": { "texture": "#skin", "uv": [ 23.0, 4.0, 24.0, 4.5 ] },
										"east": { "texture": "#skin", "uv": [ 6.0, 18.5, 10.0, 19.0 ] },
										"south": { "texture": "#skin", "uv": [ 23.0, 4.0, 24.0, 4.5 ], "windMode": [-1,-1,-1,-1] },
										"west": { "texture": "#skin", "uv": [ 6.0, 18.5, 10.0, 19.0 ] },
										"up": { "texture": "#skin", "uv": [ 8.0, 12.5, 9.0, 16.5 ] },
										"down": { "texture": "#skin", "uv": [ 23.0, 0.0, 24.0, 4.0 ] }
									}
								}
							]
						}
					]
				},
				{
					"name": "UpperTail",
					"from": [ 10.0, 0.0, 1.0 ],
					"to": [ 16.0, 0.11, 4.0 ],
					"autoUnwrap": false,
					"uv": [ 0.5, 26.5 ],
					"rotationOrigin": [ 10.0, 1.5, 2.5 ],
					"faces": {
						"north": { "texture": "#skin", "uv": [ 15.0, 16.5, 9.0, 18.5 ], "autoUv": false, "windMode": [-1,-1,-1,-1] },
						"east": { "texture": "#skin", "uv": [ 20.5, 11.0, 23.5, 11.5 ] },
						"south": { "texture": "#skin", "uv": [ 9.0, 16.5, 15.0, 17.0 ], "windMode": [-1,-1,-1,-1] },
						"west": { "texture": "#skin", "uv": [ 20.5, 11.0, 23.5, 11.5 ] },
						"up": { "texture": "#skin", "uv": [ 17.5, 17.0, 23.5, 20.0 ], "windMode": [-1,-1,-1,-1] },
						"down": { "texture": "#skin", "uv": [ 18.0, 14.0, 24.0, 17.0 ] }
					},
					"children": [
						{
							"name": "MidTail",
							"from": [ 5.0, 0.0, 0.25 ],
							"to": [ 11.0, 0.1, 2.75 ],
							"autoUnwrap": false,
							"uv": [ 5.5, 15.0 ],
							"rotationOrigin": [ 5.0, 0.0, -0.25 ],
							"faces": {
								"north": { "texture": "#skin", "uv": [ 8.0, 14.5, 2.0, 16.0 ], "autoUv": false, "windMode": [-1,-1,-1,-1] },
								"east": { "texture": "#skin", "uv": [ 20.5, 5.0, 23.0, 5.5 ] },
								"south": { "texture": "#skin", "uv": [ 2.0, 14.5, 8.0, 15.0 ], "windMode": [-1,-1,-1,-1] },
								"west": { "texture": "#skin", "uv": [ 20.5, 5.0, 23.0, 5.5 ] },
								"up": { "texture": "#skin", "uv": [ 2.0, 12.0, 8.0, 14.5 ], "windMode": [-1,-1,-1,-1] },
								"down": { "texture": "#skin", "uv": [ 9.0, 12.5, 15.0, 15.0 ] }
							},
							"children": [
								{
									"name": "LowerTail",
									"from": [ 5.0, 0.0, 0.5 ],
									"to": [ 11.0, 0.09, 2.0 ],
									"autoUnwrap": false,
									"uv": [ 16.0, 27.5 ],
									"rotationOrigin": [ 5.0, 1.0, 1.375 ],
									"faces": {
										"north": { "texture": "#skin", "uv": [ 17.5, 18.5, 11.5, 20.0 ], "autoUv": false, "windMode": [-1,-1,-1,-1] },
										"east": { "texture": "#skin", "uv": [ 10.0, 18.5, 11.5, 19.0 ] },
										"south": { "texture": "#skin", "uv": [ 11.5, 18.5, 17.5, 19.0 ], "windMode": [-1,-1,-1,-1] },
										"west": { "texture": "#skin", "uv": [ 10.0, 18.5, 11.5, 19.0 ] },
										"up": { "texture": "#skin", "uv": [ 18.0, 8.5, 24.0, 10.0 ] },
										"down": { "texture": "#skin", "uv": [ 9.0, 15.0, 15.0, 16.5 ] }
									}
								}
							]
						}
					]
				},
				{
					"name": "RFLegUpper",
					"from": [ 1.0, 0.0, -2.5 ],
					"to": [ 2.5, 0.1, 0.5 ],
					"autoUnwrap": false,
					"uv": [ 12.5, 7.5 ],
					"rotationOrigin": [ 1.5, 1.0, 0.5 ],
					"faces": {
						"north": { "texture": "#skin", "uv": [ 12.5, 10.5, 14.0, 11.0 ] },
						"east": { "texture": "#skin", "uv": [ 14.0, 10.5, 17.0, 11.0 ] },
						"south": { "texture": "#skin", "uv": [ 17.5, 10.0, 19.0, 10.5 ] },
						"west": { "texture": "#skin", "uv": [ 19.0, 10.0, 22.0, 10.5 ] },
						"up": { "texture": "#skin", "uv": [ 12.5, 7.5, 14.0, 10.5 ] },
						"down": { "texture": "#skin", "uv": [ 14.0, 7.5, 15.5, 10.5 ] }
					}
				},
				{
					"name": "LFLegUpper",
					"from": [ 1.0, 0.0, 4.5 ],
					"to": [ 2.5, 0.1, 7.5 ],
					"autoUnwrap": false,
					"uv": [ 12.5, 7.5 ],
					"rotationOrigin": [ 1.5, 1.0, 4.5 ],
					"faces": {
						"north": { "texture": "#skin", "uv": [ 12.5, 10.5, 14.0, 11.0 ] },
						"east": { "texture": "#skin", "uv": [ 14.0, 10.5, 17.0, 11.0 ] },
						"south": { "texture": "#skin", "uv": [ 17.5, 10.0, 19.0, 10.5 ] },
						"west": { "texture": "#skin", "uv": [ 19.0, 10.0, 22.0, 10.5 ] },
						"up": { "texture": "#skin", "uv": [ 12.5, 7.5, 14.0, 10.5 ], "windMode": [-1,-1,-1,-1] },
						"down": { "texture": "#skin", "uv": [ 14.0, 7.5, 15.5, 10.5 ] }
					}
				},
				{
					"name": "RBLegUpper",
					"from": [ 9.925, 0.0, -2.5 ],
					"to": [ 11.425, 0.1, 0.5 ],
					"autoUnwrap": false,
					"uv": [ 12.5, 7.5 ],
					"rotationOrigin": [ 10.5, 1.0, 0.5 ],
					"faces": {
						"north": { "texture": "#skin", "uv": [ 12.5, 10.5, 14.0, 11.0 ] },
						"east": { "texture": "#skin", "uv": [ 14.0, 10.5, 17.0, 11.0 ] },
						"south": { "texture": "#skin", "uv": [ 17.5, 10.0, 19.0, 10.5 ] },
						"west": { "texture": "#skin", "uv": [ 19.0, 10.0, 22.0, 10.5 ] },
						"up": { "texture": "#skin", "uv": [ 12.5, 7.5, 14.0, 10.5 ] },
						"down": { "texture": "#skin", "uv": [ 14.0, 7.5, 15.5, 10.5 ] }
					}
				},
				{
					"name": "LBLegUpper",
					"from": [ 9.925, 0.0, 4.5 ],
					"to": [ 11.425, 0.1, 7.5 ],
					"autoUnwrap": false,
					"uv": [ 12.5, 7.5 ],
					"rotationOrigin": [ 10.5, 1.0, 4.5 ],
					"faces": {
						"north": { "texture": "#skin", "uv": [ 12.5, 10.5, 14.0, 11.0 ] },
						"east": { "texture": "#skin", "uv": [ 14.0, 10.5, 17.0, 11.0 ] },
						"south": { "texture": "#skin", "uv": [ 17.5, 10.0, 19.0, 10.5 ] },
						"west": { "texture": "#skin", "uv": [ 19.0, 10.0, 22.0, 10.5 ] },
						"up": { "texture": "#skin", "uv": [ 12.5, 7.5, 14.0, 10.5 ] },
						"down": { "texture": "#skin", "uv": [ 14.0, 7.5, 15.5, 10.5 ] }
					}
				}
			]
		}
	]}