{
    "GameVersion": "1.19.7",
    "SizeX": 21,
    "SizeY": 18,
    "SizeZ": 23,
    "BlockCodes": {
        "9698": "game:supportbeam-aged",
        "2966": "game:cobblestone-granite",
        "4154": "game:drystone-granite",
        "9493": "game:agedstonebricks-granite",
        "3061": "game:cobblestonestairs-granite-up-south-free",
        "2985": "game:cobblestonestairs-granite-up-north-free",
        "2852": "game:cobblestoneslab-granite-down-free",
        "7355": "game:plankslab-aged-up-free",
        "8606": "game:clutter",
        "2339": "game:slantedroofing-blueclay-south-free",
        "2319": "game:slantedroofing-blueclay-north-free",
        "2569": "game:slantedroofingridge-blueclay-we-free",
        "8379": "game:torch-basic-extinct-north",
        "8386": "game:torch-basic-burnedout-south",
        "9526": "game:door-solid-aged",
        "136": "game:multiblock-monolithic-0-p1-0",
        "2489": "game:slantedroofingcornerouter-blueclay-east-free",
        "2329": "game:slantedroofing-blueclay-east-free",
        "2479": "game:slantedroofingcornerouter-blueclay-north-free",
        "3004": "game:cobblestonestairs-granite-down-north-free",
        "3080": "game:cobblestonestairs-granite-down-south-free",
        "9668": "game:planks-aged-we",
        "3118": "game:cobblestonestairs-granite-down-west-free",
        "7277": "game:planks-aged-ns",
        "6658": "game:woodenfence-aged-ew-free",
        "8380": "game:torch-basic-burnedout-north",
        "3042": "game:cobblestonestairs-granite-down-east-free",
        "1617": "game:torchholder-aged-empty-south",
        "8385": "game:torch-basic-extinct-south",
        "6541": "game:woodenfence-aged-empty-free",
        "2814": "game:cobblestoneslab-granite-west-free",
        "2559": "game:slantedroofingridge-blueclay-ns-free",
        "2409": "game:slantedroofingcornerinner-blueclay-east-free",
        "6619": "game:woodenfence-aged-ns-free",
        "6736": "game:woodenfence-aged-nesw-free",
        "2599": "game:slantedroofingtip-blueclay-free",
        "2499": "game:slantedroofingcornerouter-blueclay-south-free",
        "2349": "game:slantedroofing-blueclay-west-free",
        "2419": "game:slantedroofingcornerinner-blueclay-south-free",
        "2509": "game:slantedroofingcornerouter-blueclay-west-free",
        "8389": "game:torch-basic-burnedout-west",
        "2776": "game:cobblestoneslab-granite-east-free",
        "2429": "game:slantedroofingcornerinner-blueclay-west-free",
        "9528": "game:door-2x2gate-aged",
        "176": "game:multiblock-monolithic-0-0-p1",
        "76": "game:multiblock-monolithic-0-0-n1",
        "186": "game:multiblock-monolithic-0-p1-p1",
        "86": "game:multiblock-monolithic-0-p1-n1",
        "128": "game:multiblock-monolithic-p1-0-0",
        "178": "game:multiblock-monolithic-p1-0-p1",
        "78": "game:multiblock-monolithic-p1-0-n1",
        "138": "game:multiblock-monolithic-p1-p1-0",
        "188": "game:multiblock-monolithic-p1-p1-p1",
        "88": "game:multiblock-monolithic-p1-p1-n1"
    },
    "ItemCodes": {},
    "Indices": [
        5258240,
        5262336,
        8406016,
        15361,
        16385,
        17409,
        18433,
        19457,
        1063937,
        1064961,
        1065985,
        1067009,
        1068033,
        2112513,
        2113537,
        2114561,
        2115585,
        2116609,
        3161089,
        3162113,
        3163137,
        3164161,
        3165185,
        4209665,
        4210689,
        4211713,
        4212737,
        4213761,
        5257217,
        5258241,
        5259265,
        5260289,
        5261313,
        5262337,
        6306817,
        6307841,
        6308865,
        6309889,
        6310913,
        7356417,
        7357441,
        7358465,
        8406017,
        15362,
        19458,
        1063938,
        1068034,
        2112514,
        2113538,
        2114562,
        2115586,
        2116610,
        3161090,
        3164162,
        3165186,
        4209666,
        4213762,
        5258242,
        5262338,
        6306818,
        6310914,
        7356418,
        7358466,
        8406018,
        15363,
        19459,
        1063939,
        1068035,
        2112515,
        2113539,
        2114563,
        2115587,
        2116611,
        3161091,
        3162115,
        3165187,
        4208643,
        4209667,
        4210691,
        4213763,
        5258243,
        5262339,
        6306819,
        6310915,
        7356419,
        7358467,
        8406019,
        15364,
        19460,
        1063940,
        1068036,
        2112516,
        2113540,
        2114564,
        2115588,
        2116612,
        3161092,
        3165188,
        4209668,
        4213764,
        5258244,
        5262340,
        6306820,
        6310916,
        7356420,
        7358468,
        8406020,
        15365,
        19461,
        1063941,
        1068037,
        2112517,
        2113541,
        2114565,
        2115589,
        2116613,
        3161093,
        3164165,
        3165189,
        4209669,
        4213765,
        5258245,
        5262341,
        6306821,
        6310917,
        7356421,
        7358469,
        8406021,
        15366,
        19462,
        1063942,
        1068038,
        2112518,
        2113542,
        2114566,
        2115590,
        2116614,
        3161094,
        3165190,
        4209670,
        4213766,
        5256198,
        5257222,
        5258246,
        5262342,
        5263366,
        6306822,
        6310918,
        7356422,
        7358470,
        8406022,
        13319,
        14343,
        15367,
        16391,
        17415,
        18439,
        19463,
        20487,
        21511,
        1061895,
        1062919,
        1063943,
        1064967,
        1065991,
        1067015,
        1068039,
        1069063,
        1070087,
        2110471,
        2111495,
        2112519,
        2113543,
        2114567,
        2115591,
        2116615,
        2117639,
        2118663,
        3150855,
        3158023,
        3159047,
        3160071,
        3161095,
        3162119,
        3164167,
        3165191,
        3166215,
        3167239,
        4207623,
        4208647,
        4209671,
        4210695,
        4212743,
        4213767,
        4214791,
        4215815,
        5243911,
        5255175,
        5256199,
        5257223,
        5258247,
        5259271,
        5260295,
        5261319,
        5262343,
        5263367,
        5264391,
        5265415,
        6304775,
        6305799,
        6306823,
        6307847,
        6308871,
        6309895,
        6310919,
        6311943,
        6312967,
        6313991,
        7353351,
        7354375,
        7355399,
        7356423,
        7357447,
        7358471,
        7359495,
        7360519,
        7361543,
        8401927,
        8402951,
        8403975,
        8404999,
        8406023,
        8407047,
        8408071,
        8409095,
        8410119,
        9450503,
        9451527,
        9452551,
        9453575,
        9454599,
        9455623,
        9456647,
        9457671,
        9458695,
        10499079,
        10500103,
        10502151,
        10504199,
        10506247,
        10507271,
        11547655,
        11548679,
        11550727,
        11552775,
        11554823,
        11555847,
        12596231,
        12597255,
        12598279,
        12599303,
        12600327,
        12601351,
        12602375,
        12603399,
        12604423,
        13644807,
        13645831,
        13646855,
        13647879,
        13648903,
        13649927,
        13650951,
        13651975,
        13652999,
        1032,
        4104,
        5128,
        6152,
        9224,
        12296,
        13320,
        21512,
        1049608,
        1052680,
        1053704,
        1054728,
        1057800,
        1060872,
        1061896,
        1070088,
        2098184,
        2101256,
        2102280,
        2103304,
        2106376,
        2109448,
        2110472,
        2111496,
        2112520,
        2113544,
        2114568,
        2115592,
        2116616,
        2117640,
        2118664,
        3145736,
        3146760,
        3149832,
        3150856,
        3151880,
        3154952,
        3158024,
        3159048,
        3165192,
        3167240,
        4195336,
        4198408,
        4199432,
        4200456,
        4203528,
        4206600,
        4207624,
        4215816,
        5243912,
        5244936,
        5245960,
        5246984,
        5248008,
        5249032,
        5250056,
        5251080,
        5252104,
        5253128,
        5254152,
        5255176,
        5256200,
        5264392,
        6292488,
        6293512,
        6294536,
        6295560,
        6296584,
        6297608,
        6298632,
        6299656,
        6300680,
        6301704,
        6302728,
        6303752,
        6304776,
        6305800,
        6306824,
        6307848,
        6308872,
        6309896,
        6310920,
        6311944,
        6312968,
        7341064,
        7342088,
        7343112,
        7344136,
        7345160,
        7346184,
        7347208,
        7348232,
        7349256,
        7350280,
        7351304,
        7352328,
        7353352,
        7358472,
        7359496,
        7360520,
        7361544,
        8389640,
        8391688,
        8393736,
        8394760,
        8396808,
        8398856,
        8400904,
        8401928,
        8410120,
        9438216,
        9439240,
        9440264,
        9441288,
        9442312,
        9443336,
        9444360,
        9445384,
        9446408,
        9447432,
        9448456,
        9449480,
        9450504,
        9451528,
        9452552,
        9453576,
        9454600,
        9455624,
        9456648,
        9457672,
        9458696,
        10486792,
        10487816,
        10488840,
        10489864,
        10490888,
        10491912,
        10492936,
        10493960,
        10494984,
        10496008,
        10497032,
        10498056,
        10499080,
        10507272,
        11547656,
        11555848,
        12596232,
        12604424,
        13644808,
        13645832,
        13646856,
        13647880,
        13648904,
        13649928,
        13650952,
        13651976,
        13653000,
        14694408,
        14695432,
        14696456,
        14697480,
        14698504,
        14699528,
        14700552,
        5129,
        13321,
        21513,
        1053705,
        1061897,
        1070089,
        2102281,
        2110473,
        2111497,
        2112521,
        2113545,
        2114569,
        2115593,
        2116617,
        2117641,
        2118665,
        3150857,
        3159049,
        3165193,
        3167241,
        4199433,
        4207625,
        4215817,
        5243913,
        5248009,
        5256201,
        5264393,
        6292489,
        6293513,
        6294537,
        6295561,
        6296585,
        6297609,
        6298633,
        6299657,
        6300681,
        6301705,
        6302729,
        6303753,
        6304777,
        6305801,
        6306825,
        6307849,
        6308873,
        6309897,
        6310921,
        6311945,
        6312969,
        7341065,
        7345161,
        7347209,
        7351305,
        7353353,
        7361545,
        8389641,
        8393737,
        8401929,
        9438217,
        9442313,
        9450505,
        9451529,
        9452553,
        9453577,
        9454601,
        9455625,
        9456649,
        9457673,
        9458697,
        10486793,
        10487817,
        10488841,
        10489865,
        10490889,
        10491913,
        10492937,
        10493961,
        10494985,
        10496009,
        10497033,
        10498057,
        10499081,
        11536393,
        11537417,
        11538441,
        11539465,
        11540489,
        11541513,
        11542537,
        11543561,
        11544585,
        11545609,
        11546633,
        11547657,
        12596233,
        12604425,
        13644809,
        13645833,
        13648905,
        13651977,
        13653001,
        14694409,
        14695433,
        14696457,
        14697481,
        14698505,
        14699529,
        14700553,
        15744009,
        15745033,
        15746057,
        15747081,
        15748105,
        5130,
        13322,
        21514,
        1053706,
        1061898,
        1070090,
        2102282,
        2110474,
        2111498,
        2112522,
        2113546,
        2114570,
        2115594,
        2116618,
        2117642,
        2118666,
        3150858,
        3159050,
        3165194,
        3167242,
        4198410,
        4199434,
        4206602,
        4207626,
        4215818,
        5243914,
        5248010,
        5256202,
        5264394,
        6292490,
        6293514,
        6294538,
        6295562,
        6296586,
        6297610,
        6298634,
        6299658,
        6300682,
        6301706,
        6302730,
        6303754,
        6304778,
        6305802,
        6306826,
        6310922,
        6311946,
        6312970,
        7341066,
        7345162,
        7353354,
        7361546,
        8392714,
        8393738,
        8401930,
        8402954,
        8410122,
        9438218,
        9442314,
        9450506,
        9451530,
        9452554,
        9456650,
        9457674,
        9458698,
        10486794,
        10487818,
        10488842,
        10489866,
        10490890,
        10491914,
        10492938,
        10493962,
        10494986,
        10496010,
        10497034,
        10498058,
        10499082,
        10507274,
        11536394,
        11542538,
        11543562,
        11544586,
        11545610,
        11546634,
        11547658,
        11554826,
        11555850,
        12585994,
        12587018,
        12588042,
        12589066,
        12590090,
        12591114,
        12592138,
        12593162,
        12594186,
        12595210,
        12596234,
        12604426,
        13644810,
        13645834,
        13648906,
        13651978,
        13653002,
        14694410,
        14695434,
        14699530,
        14700554,
        15744010,
        15745034,
        15746058,
        15747082,
        15748106,
        16793610,
        16794634,
        16795658,
        1035,
        5131,
        13323,
        21515,
        1049611,
        1053707,
        1061899,
        1070091,
        2098187,
        2102283,
        2110475,
        2111499,
        2112523,
        2113547,
        2114571,
        2115595,
        2116619,
        2117643,
        2118667,
        3146763,
        3150859,
        3159051,
        3163147,
        3167243,
        4195339,
        4199435,
        4207627,
        4211723,
        4215819,
        5243915,
        5248011,
        5256203,
        5260299,
        5264395,
        6292491,
        6293515,
        6294539,
        6295563,
        6296587,
        6297611,
        6298635,
        6299659,
        6300683,
        6301707,
        6302731,
        6303755,
        6304779,
        6305803,
        6306827,
        6308875,
        6310923,
        6311947,
        6312971,
        7341067,
        7345163,
        7353355,
        7357451,
        7361547,
        8389643,
        8393739,
        8401931,
        8406027,
        9438219,
        9442315,
        9450507,
        9451531,
        9452555,
        9454603,
        9456651,
        9457675,
        9458699,
        10486795,
        10487819,
        10488843,
        10489867,
        10490891,
        10491915,
        10492939,
        10493963,
        10494987,
        10496011,
        10497035,
        10498059,
        10499083,
        10503179,
        11536395,
        11542539,
        11543563,
        11544587,
        11545611,
        11546635,
        11547659,
        11551755,
        12585995,
        12591115,
        12592139,
        12593163,
        12594187,
        12595211,
        12596235,
        12600331,
        12604427,
        13635595,
        13636619,
        13637643,
        13638667,
        13639691,
        13640715,
        13641739,
        13642763,
        13643787,
        13644811,
        13645835,
        13646859,
        13647883,
        13648907,
        13649931,
        13650955,
        13651979,
        13653003,
        14694411,
        14695435,
        14697483,
        14699531,
        14700555,
        15744011,
        15745035,
        15746059,
        15747083,
        15748107,
        16793611,
        16794635,
        16795659,
        17843211,
        5132,
        13324,
        21516,
        1053708,
        1061900,
        1070092,
        2102284,
        2110476,
        2111500,
        2112524,
        2113548,
        2114572,
        2115596,
        2116620,
        2117644,
        2118668,
        3150860,
        3159052,
        3164172,
        3167244,
        4199436,
        4207628,
        4212748,
        4215820,
        5243916,
        5248012,
        5256204,
        5261324,
        5264396,
        6292492,
        6293516,
        6294540,
        6295564,
        6296588,
        6297612,
        6298636,
        6299660,
        6300684,
        6301708,
        6302732,
        6303756,
        6304780,
        6305804,
        6306828,
        6309900,
        6310924,
        6311948,
        6312972,
        7341068,
        7344140,
        7345164,
        7353356,
        7358476,
        7361548,
        8393740,
        8400908,
        8401932,
        8407052,
        8409100,
        8410124,
        9438220,
        9442316,
        9450508,
        9451532,
        9452556,
        9455628,
        9456652,
        9457676,
        9458700,
        10486796,
        10487820,
        10488844,
        10489868,
        10490892,
        10491916,
        10492940,
        10493964,
        10494988,
        10496012,
        10497036,
        10498060,
        10499084,
        10507276,
        11536396,
        11542540,
        11546636,
        11555852,
        12585996,
        12587020,
        12588044,
        12589068,
        12590092,
        12591116,
        12595212,
        12604428,
        13639692,
        13644812,
        13645836,
        13648908,
        13651980,
        13653004,
        14689292,
        14690316,
        14691340,
        14692364,
        14693388,
        14694412,
        14695436,
        14699532,
        14700556,
        15744012,
        15745036,
        15746060,
        15747084,
        15748108,
        16793612,
        16794636,
        16795660,
        5133,
        13325,
        21517,
        1053709,
        1061901,
        1070093,
        2102285,
        2110477,
        2111501,
        2112525,
        2113549,
        2114573,
        2115597,
        2116621,
        2117645,
        2118669,
        3150861,
        3159053,
        3160077,
        3161101,
        3162125,
        3167245,
        4199437,
        4200461,
        4207629,
        4215821,
        5243917,
        5248013,
        5256205,
        5264397,
        6292493,
        6293517,
        6294541,
        6295565,
        6296589,
        6297613,
        6298637,
        6299661,
        6300685,
        6301709,
        6302733,
        6303757,
        6304781,
        6305805,
        6306829,
        6307853,
        6308877,
        6309901,
        6310925,
        6311949,
        6312973,
        7341069,
        7344141,
        7345165,
        7346189,
        7348237,
        7352333,
        7353357,
        7361549,
        8389645,
        8393741,
        8401933,
        9438221,
        9442317,
        9450509,
        9451533,
        9452557,
        9453581,
        9454605,
        9455629,
        9456653,
        9457677,
        9458701,
        10486797,
        10487821,
        10488845,
        10489869,
        10490893,
        10491917,
        10492941,
        10493965,
        10494989,
        10496013,
        10497037,
        10498061,
        10499085,
        11536397,
        11537421,
        11538445,
        11539469,
        11540493,
        11542541,
        11543565,
        11544589,
        11545613,
        11546637,
        11547661,
        12590093,
        12591117,
        12592141,
        12593165,
        12594189,
        12595213,
        12596237,
        12597261,
        12604429,
        13639693,
        13640717,
        13641741,
        13642765,
        13643789,
        13644813,
        13645837,
        13648909,
        13651981,
        13653005,
        14689293,
        14694413,
        14695437,
        14696461,
        14697485,
        14698509,
        14699533,
        14700557,
        15744013,
        15745037,
        15746061,
        15747085,
        15748109,
        1038,
        4110,
        5134,
        6158,
        7182,
        8206,
        9230,
        10254,
        11278,
        12302,
        13326,
        21518,
        1049614,
        1052686,
        1053710,
        1054734,
        1055758,
        1056782,
        1057806,
        1058830,
        1059854,
        1060878,
        1061902,
        1070094,
        2098190,
        2101262,
        2102286,
        2103310,
        2104334,
        2105358,
        2106382,
        2107406,
        2108430,
        2109454,
        2110478,
        2111502,
        2112526,
        2113550,
        2114574,
        2115598,
        2116622,
        2117646,
        2118670,
        3146766,
        3149838,
        3150862,
        3151886,
        3152910,
        3153934,
        3154958,
        3155982,
        3157006,
        3158030,
        3159054,
        3167246,
        4195342,
        4198414,
        4199438,
        4200462,
        4201486,
        4202510,
        4203534,
        4204558,
        4205582,
        4206606,
        4207630,
        4215822,
        5242894,
        5243918,
        5244942,
        5245966,
        5246990,
        5248014,
        5249038,
        5250062,
        5251086,
        5252110,
        5253134,
        5254158,
        5255182,
        5256206,
        5264398,
        6292494,
        6293518,
        6294542,
        6295566,
        6296590,
        6297614,
        6298638,
        6299662,
        6300686,
        6301710,
        6302734,
        6303758,
        6304782,
        6305806,
        6306830,
        6307854,
        6308878,
        6309902,
        6310926,
        6311950,
        6312974,
        7341070,
        7342094,
        7343118,
        7344142,
        7345166,
        7346190,
        7347214,
        7348238,
        7349262,
        7350286,
        7351310,
        7352334,
        7353358,
        7361550,
        8389646,
        8391694,
        8393742,
        8394766,
        8395790,
        8396814,
        8397838,
        8398862,
        8399886,
        8400910,
        8401934,
        8410126,
        9438222,
        9439246,
        9440270,
        9441294,
        9442318,
        9443342,
        9444366,
        9445390,
        9446414,
        9447438,
        9448462,
        9449486,
        9450510,
        9451534,
        9452558,
        9453582,
        9454606,
        9455630,
        9456654,
        9457678,
        9458702,
        10486798,
        10487822,
        10488846,
        10489870,
        10490894,
        10491918,
        10492942,
        10493966,
        10494990,
        10496014,
        10497038,
        10498062,
        10499086,
        10507278,
        11540494,
        11543566,
        11544590,
        11545614,
        11546638,
        11547662,
        11555854,
        12590094,
        12592142,
        12593166,
        12594190,
        12595214,
        12596238,
        12604430,
        13639694,
        13641742,
        13644814,
        13645838,
        13646862,
        13647886,
        13648910,
        13649934,
        13650958,
        13651982,
        13653006,
        14689294,
        14694414,
        14695438,
        14696462,
        14697486,
        14698510,
        14699534,
        14700558,
        5135,
        13327,
        14351,
        15375,
        16399,
        17423,
        18447,
        19471,
        20495,
        21519,
        1053711,
        1061903,
        1062927,
        1063951,
        1064975,
        1065999,
        1067023,
        1068047,
        1069071,
        1070095,
        2102287,
        2103311,
        2104335,
        2105359,
        2106383,
        2107407,
        2108431,
        2109455,
        2110479,
        2111503,
        2112527,
        2113551,
        2114575,
        2115599,
        2116623,
        2117647,
        2118671,
        3150863,
        3152911,
        3153935,
        3154959,
        3155983,
        3159055,
        3160079,
        3161103,
        3162127,
        3163151,
        3164175,
        3165199,
        3166223,
        3167247,
        4199439,
        4201487,
        4202511,
        4203535,
        4204559,
        4207631,
        4208655,
        4209679,
        4210703,
        4211727,
        4212751,
        4213775,
        4214799,
        4215823,
        5243919,
        5246991,
        5248015,
        5256207,
        5257231,
        5258255,
        5259279,
        5260303,
        5261327,
        5262351,
        5263375,
        5264399,
        5265423,
        6296591,
        6297615,
        6298639,
        6299663,
        6300687,
        6301711,
        6302735,
        6303759,
        6304783,
        6305807,
        6306831,
        6307855,
        6308879,
        6309903,
        6310927,
        6311951,
        6312975,
        7345167,
        7353359,
        7354383,
        7355407,
        7356431,
        7357455,
        7358479,
        7359503,
        7360527,
        7361551,
        8393743,
        8401935,
        8402959,
        8405007,
        8407055,
        8409103,
        8410127,
        9442319,
        9450511,
        9451535,
        9452559,
        9453583,
        9454607,
        9455631,
        9456655,
        9457679,
        9458703,
        10490895,
        10491919,
        10492943,
        10493967,
        10494991,
        10496015,
        10497039,
        10498063,
        10499087,
        10500111,
        10502159,
        10504207,
        10506255,
        10507279,
        11540495,
        11546639,
        11547663,
        11548687,
        11550735,
        11552783,
        11554831,
        11555855,
        12590095,
        12594191,
        12596239,
        12597263,
        12598287,
        12599311,
        12600335,
        12601359,
        12602383,
        12603407,
        12604431,
        13639695,
        13641743,
        13644815,
        13645839,
        13646863,
        13647887,
        13648911,
        13649935,
        13650959,
        13651983,
        13653007,
        14689295,
        5136,
        13328,
        1053712,
        1061904,
        2102288,
        2103312,
        2104336,
        2105360,
        2106384,
        2107408,
        2108432,
        2109456,
        2110480,
        3150864,
        3159056,
        3160080,
        4199440,
        4207632,
        5248016,
        5256208,
        5257232,
        5264400,
        6296592,
        6297616,
        6298640,
        6299664,
        6300688,
        6301712,
        6302736,
        6303760,
        6304784,
        7345168,
        7353360,
        9442320,
        9450512,
        10490896,
        10491920,
        10492944,
        10493968,
        10494992,
        10496016,
        10497040,
        10498064,
        10499088,
        11540496,
        11546640,
        12590096,
        12594192,
        13639696,
        13640720,
        13641744,
        5137,
        13329,
        1053713,
        1061905,
        2102289,
        2103313,
        2104337,
        2105361,
        2106385,
        2107409,
        2108433,
        2109457,
        2110481,
        3150865,
        3159057,
        4199441,
        4207633,
        5248017,
        5256209,
        6296593,
        6297617,
        6298641,
        6299665,
        6300689,
        6301713,
        6302737,
        6303761,
        6304785,
        7345169,
        7353361,
        8393745,
        8401937,
        9442321,
        9450513,
        10490897,
        10491921,
        10492945,
        10493969,
        10494993,
        10496017,
        10497041,
        10498065,
        10499089,
        11540497,
        11546641,
        12590097,
        12591121,
        12592145,
        12593169,
        12594193,
        5138,
        13330,
        1053714,
        1061906,
        2102290,
        2103314,
        2104338,
        2105362,
        2106386,
        2107410,
        2108434,
        2109458,
        2110482,
        3150866,
        3159058,
        4199442,
        4207634,
        5248018,
        5256210,
        6296594,
        6297618,
        6298642,
        6299666,
        6300690,
        6301714,
        6302738,
        6303762,
        6304786,
        7345170,
        7353362,
        9442322,
        9450514,
        10490898,
        10491922,
        10492946,
        10493970,
        10494994,
        10496018,
        10497042,
        10498066,
        10499090,
        11540498,
        11541522,
        11542546,
        11543570,
        11544594,
        11545618,
        11546642,
        5139,
        6163,
        7187,
        8211,
        9235,
        10259,
        11283,
        12307,
        13331,
        1053715,
        1054739,
        1055763,
        1056787,
        1057811,
        1058835,
        1059859,
        1060883,
        1061907,
        2102291,
        2103315,
        2104339,
        2105363,
        2106387,
        2107411,
        2108435,
        2109459,
        2110483,
        3150867,
        3151891,
        3152915,
        3153939,
        3154963,
        3155987,
        3157011,
        3158035,
        3159059,
        4199443,
        4200467,
        4201491,
        4202515,
        4203539,
        4204563,
        4205587,
        4206611,
        4207635,
        5246995,
        5248019,
        5249043,
        5250067,
        5251091,
        5252115,
        5253139,
        5254163,
        5255187,
        5256211,
        5257235,
        6296595,
        6297619,
        6298643,
        6299667,
        6300691,
        6301715,
        6302739,
        6303763,
        6304787,
        7345171,
        7346195,
        7347219,
        7348243,
        7349267,
        7350291,
        7351315,
        7352339,
        7353363,
        8393747,
        8394771,
        8396819,
        8398867,
        8400915,
        8401939,
        9442323,
        9443347,
        9444371,
        9445395,
        9446419,
        9447443,
        9448467,
        9449491,
        9450515,
        10490899,
        10491923,
        10492947,
        10493971,
        10494995,
        10496019,
        10497043,
        10498067,
        10499091,
        5248020,
        5256212
    ],
    "BlockIds": [
        9698,
        9698,
        9698,
        2966,
        2966,
        2966,
        2966,
        2966,
        2966,
        2966,
        2966,
        2966,
        2966,
        2966,
        2966,
        2966,
        2966,
        2966,
        4154,
        9493,
        9493,
        9493,
        4154,
        4154,
        9493,
        4154,
        2966,
        4154,
        9698,
        9493,
        4154,
        9493,
        4154,
        9493,
        3061,
        9493,
        2966,
        2966,
        2985,
        3061,
        4154,
        2985,
        2852,
        2966,
        2966,
        2966,
        2966,
        2966,
        7355,
        7355,
        7355,
        2966,
        2966,
        8606,
        2966,
        4154,
        4154,
        2966,
        9493,
        2339,
        2319,
        2339,
        2319,
        2569,
        2966,
        2966,
        2966,
        2966,
        2966,
        7355,
        7355,
        7355,
        2966,
        2966,
        8606,
        9493,
        8379,
        9493,
        8386,
        2966,
        9493,
        9493,
        2339,
        2319,
        2339,
        2319,
        2569,
        2966,
        2966,
        2966,
        2966,
        2966,
        7355,
        7355,
        7355,
        2966,
        9526,
        4154,
        136,
        4154,
        4154,
        9493,
        2339,
        2319,
        2339,
        2319,
        2569,
        2966,
        2966,
        2966,
        2966,
        2966,
        7355,
        7355,
        7355,
        2966,
        2966,
        8606,
        4154,
        4154,
        2966,
        9493,
        2966,
        2339,
        2319,
        2339,
        2319,
        2569,
        2966,
        2966,
        2966,
        2966,
        2966,
        7355,
        7355,
        7355,
        2966,
        4154,
        2966,
        9493,
        9493,
        9698,
        9698,
        9493,
        4154,
        9698,
        2339,
        2319,
        2339,
        2319,
        2569,
        2966,
        2966,
        2966,
        2966,
        2966,
        2966,
        2966,
        2966,
        2966,
        2966,
        2966,
        2966,
        2966,
        2966,
        2966,
        2966,
        2966,
        2966,
        2966,
        2966,
        2966,
        2966,
        2966,
        2966,
        2966,
        2966,
        2966,
        9698,
        9698,
        9493,
        4154,
        9493,
        4154,
        9493,
        4154,
        2966,
        2966,
        2966,
        2966,
        2966,
        4154,
        4154,
        2966,
        2966,
        2966,
        9698,
        9698,
        4154,
        9493,
        4154,
        4154,
        2966,
        2966,
        9493,
        4154,
        4154,
        9698,
        4154,
        2966,
        9493,
        9493,
        2966,
        2966,
        9493,
        2966,
        9493,
        9698,
        4154,
        2966,
        2966,
        4154,
        2966,
        9493,
        2966,
        2966,
        2966,
        2966,
        9493,
        4154,
        9493,
        2966,
        2966,
        4154,
        2966,
        2966,
        9493,
        9493,
        2966,
        9493,
        2966,
        9493,
        2966,
        2966,
        9493,
        9493,
        2966,
        2966,
        2966,
        2966,
        9493,
        9493,
        4154,
        4154,
        4154,
        4154,
        2966,
        2966,
        9493,
        4154,
        2966,
        2966,
        2966,
        4154,
        9493,
        4154,
        2489,
        2329,
        2329,
        2329,
        2329,
        2329,
        2329,
        2329,
        2479,
        2966,
        2966,
        2966,
        2966,
        2966,
        2966,
        2966,
        2966,
        2966,
        2966,
        2966,
        2966,
        2966,
        2966,
        2966,
        2966,
        2966,
        2966,
        2966,
        2966,
        2966,
        2966,
        2966,
        7355,
        7355,
        7355,
        7355,
        7355,
        7355,
        7355,
        2966,
        9698,
        2966,
        9493,
        9493,
        2966,
        9493,
        2966,
        2966,
        8606,
        9493,
        9493,
        4154,
        2966,
        4154,
        2966,
        9493,
        2966,
        4154,
        4154,
        3004,
        3080,
        4154,
        9493,
        4154,
        3004,
        3080,
        9493,
        3004,
        3080,
        9493,
        4154,
        2966,
        9493,
        2966,
        4154,
        2966,
        9493,
        2966,
        9493,
        2966,
        4154,
        2966,
        2966,
        9493,
        9493,
        7355,
        7355,
        7355,
        7355,
        7355,
        7355,
        7355,
        9493,
        4154,
        2852,
        2966,
        2852,
        9493,
        4154,
        2852,
        2966,
        2852,
        4154,
        2852,
        4154,
        9493,
        8606,
        8606,
        8606,
        4154,
        9493,
        9493,
        2966,
        2966,
        4154,
        2966,
        2966,
        2966,
        4154,
        9493,
        9493,
        2966,
        9493,
        4154,
        2966,
        4154,
        2966,
        2966,
        4154,
        4154,
        2966,
        2966,
        7355,
        7355,
        7355,
        7355,
        7355,
        7355,
        7355,
        9493,
        2489,
        2329,
        2329,
        2329,
        2329,
        2329,
        2329,
        2329,
        2329,
        2329,
        2329,
        2329,
        2966,
        2966,
        9493,
        2966,
        2966,
        9493,
        2339,
        9668,
        9668,
        9668,
        9668,
        9668,
        9668,
        9668,
        2319,
        2489,
        2329,
        2329,
        2329,
        2329,
        2329,
        2479,
        2966,
        2966,
        2966,
        2966,
        2966,
        2966,
        2966,
        2966,
        7355,
        7355,
        7355,
        7355,
        7355,
        7355,
        7355,
        2966,
        4154,
        9493,
        8606,
        2966,
        2966,
        9493,
        9493,
        3118,
        4154,
        4154,
        9493,
        4154,
        7355,
        7355,
        7355,
        4154,
        7355,
        7355,
        7355,
        7355,
        7355,
        7355,
        7355,
        2966,
        7355,
        7355,
        7355,
        7355,
        7355,
        7355,
        7355,
        2966,
        9493,
        2966,
        8606,
        8606,
        2966,
        2852,
        4154,
        9493,
        4154,
        2966,
        4154,
        2966,
        7355,
        7355,
        7355,
        7355,
        7355,
        7355,
        7355,
        2966,
        2339,
        7277,
        7277,
        7277,
        9493,
        7277,
        7277,
        7277,
        7277,
        7277,
        7277,
        7277,
        4154,
        2489,
        2329,
        2329,
        2329,
        2329,
        2329,
        2329,
        2329,
        2329,
        2329,
        2329,
        2966,
        4154,
        2966,
        2339,
        9668,
        6658,
        9668,
        2319,
        2339,
        9668,
        9668,
        9668,
        9668,
        9668,
        2319,
        2489,
        2329,
        2329,
        2329,
        2479,
        2966,
        2966,
        2966,
        2966,
        2966,
        2966,
        2966,
        2966,
        7355,
        7355,
        7355,
        7355,
        7355,
        7355,
        7355,
        2966,
        2966,
        4154,
        8606,
        9493,
        8379,
        9493,
        8380,
        2966,
        2966,
        3042,
        4154,
        9493,
        9493,
        2966,
        7355,
        7355,
        7355,
        2966,
        7355,
        7355,
        7355,
        7355,
        7355,
        7355,
        7355,
        2966,
        7355,
        7355,
        7355,
        7355,
        9493,
        2852,
        2966,
        2966,
        2966,
        1617,
        2966,
        9493,
        8385,
        9493,
        9493,
        2966,
        2966,
        7355,
        7355,
        7355,
        7355,
        9493,
        2339,
        7277,
        7277,
        7277,
        2966,
        7277,
        7277,
        7277,
        7277,
        7277,
        7277,
        7277,
        9493,
        4154,
        2339,
        9668,
        9668,
        9668,
        9668,
        9668,
        4154,
        8379,
        9493,
        2489,
        2329,
        2329,
        2329,
        2329,
        2329,
        2329,
        2329,
        2329,
        2329,
        4154,
        4154,
        2339,
        9668,
        6658,
        9668,
        2319,
        2339,
        9668,
        9668,
        2319,
        2339,
        9668,
        9668,
        9668,
        2319,
        2489,
        2329,
        2479,
        2966,
        2966,
        2966,
        2966,
        2966,
        2966,
        2966,
        2966,
        2966,
        2966,
        2966,
        7355,
        7355,
        7355,
        7355,
        7355,
        7355,
        7355,
        2966,
        2966,
        9526,
        9526,
        6541,
        4154,
        2966,
        136,
        136,
        6541,
        4154,
        9493,
        2966,
        9493,
        6541,
        4154,
        2966,
        7355,
        7355,
        7355,
        2966,
        7355,
        7355,
        7355,
        7355,
        7355,
        7355,
        7355,
        2966,
        7355,
        7355,
        6541,
        7355,
        7355,
        2966,
        4154,
        9526,
        9526,
        6541,
        2852,
        9493,
        136,
        136,
        6541,
        2966,
        2966,
        9493,
        7355,
        7355,
        6541,
        7355,
        7355,
        2966,
        2339,
        7277,
        7277,
        7277,
        2966,
        7277,
        7277,
        7277,
        7277,
        7277,
        7277,
        7277,
        9493,
        6541,
        2339,
        2966,
        2814,
        2814,
        2814,
        2814,
        9493,
        6541,
        2339,
        2966,
        2814,
        2814,
        2814,
        2814,
        9493,
        6541,
        2966,
        2559,
        2559,
        2559,
        2559,
        2489,
        2329,
        2329,
        2329,
        2329,
        2409,
        9668,
        6619,
        6619,
        6736,
        6619,
        6619,
        9668,
        2319,
        2339,
        9668,
        6541,
        9668,
        2319,
        2339,
        9668,
        6736,
        9668,
        2319,
        2339,
        6736,
        2319,
        2599,
        2966,
        2966,
        2966,
        2966,
        2966,
        2966,
        2966,
        2966,
        7355,
        7355,
        7355,
        7355,
        7355,
        7355,
        7355,
        2966,
        2966,
        9493,
        8606,
        2966,
        2966,
        2966,
        8606,
        2966,
        3118,
        2966,
        2966,
        8606,
        9493,
        9493,
        7355,
        7355,
        7355,
        2966,
        7355,
        7355,
        7355,
        7355,
        7355,
        7355,
        7355,
        4154,
        7355,
        7355,
        8606,
        7355,
        7355,
        4154,
        2852,
        8606,
        2966,
        2966,
        8606,
        4154,
        9493,
        8380,
        4154,
        8606,
        8379,
        9493,
        4154,
        4154,
        2966,
        7355,
        7355,
        8606,
        7355,
        7355,
        2966,
        2339,
        7277,
        7277,
        7277,
        9493,
        7277,
        7277,
        7277,
        7277,
        7277,
        7277,
        7277,
        2985,
        4154,
        2339,
        2966,
        9526,
        2966,
        2499,
        2349,
        2349,
        2349,
        2419,
        2966,
        136,
        9493,
        2339,
        2966,
        9668,
        6658,
        9668,
        2319,
        2599,
        2559,
        2559,
        2559,
        2559,
        2339,
        9668,
        9668,
        2319,
        2339,
        9668,
        9668,
        9668,
        2319,
        2499,
        2349,
        2509,
        2966,
        2966,
        2966,
        2966,
        2966,
        2966,
        2966,
        2966,
        7355,
        7355,
        7355,
        7355,
        7355,
        7355,
        7355,
        2966,
        4154,
        2966,
        8606,
        8606,
        8606,
        2966,
        4154,
        8389,
        4154,
        9493,
        3042,
        9493,
        9493,
        4154,
        9493,
        7355,
        7355,
        7355,
        4154,
        7355,
        7355,
        7355,
        7355,
        7355,
        7355,
        7355,
        2966,
        7355,
        7355,
        7355,
        7355,
        7355,
        7355,
        7355,
        2966,
        2966,
        8606,
        2966,
        8606,
        8606,
        8606,
        2966,
        2852,
        9493,
        2966,
        9493,
        9493,
        4154,
        9493,
        7355,
        7355,
        7355,
        7355,
        7355,
        7355,
        7355,
        9493,
        2339,
        7277,
        7277,
        7277,
        4154,
        7277,
        7277,
        7277,
        7277,
        7277,
        7277,
        7277,
        2966,
        2499,
        2349,
        2349,
        2349,
        2419,
        2966,
        2776,
        2776,
        2776,
        2776,
        9493,
        2339,
        9493,
        2776,
        2776,
        2776,
        2776,
        9493,
        8386,
        2966,
        2339,
        2349,
        2429,
        2349,
        2349,
        2419,
        9668,
        6658,
        9668,
        2319,
        2569,
        2339,
        9668,
        9668,
        9668,
        9668,
        9668,
        2319,
        2499,
        2349,
        2349,
        2349,
        2509,
        2966,
        2966,
        2966,
        2966,
        2966,
        2966,
        2966,
        2966,
        2966,
        2966,
        2966,
        2966,
        2966,
        2966,
        2966,
        2966,
        2966,
        2966,
        2966,
        2966,
        2966,
        2966,
        2966,
        2966,
        2966,
        2966,
        2966,
        2966,
        2966,
        2966,
        2966,
        2966,
        2966,
        2966,
        2966,
        7355,
        7355,
        7355,
        7355,
        7355,
        7355,
        7355,
        2966,
        2966,
        4154,
        9493,
        4154,
        9528,
        176,
        76,
        9528,
        9493,
        4154,
        2966,
        2966,
        4154,
        2966,
        2966,
        4154,
        136,
        186,
        86,
        136,
        2966,
        2966,
        2966,
        2966,
        9698,
        9493,
        3004,
        3080,
        9493,
        9493,
        9493,
        9493,
        4154,
        2966,
        2966,
        4154,
        2966,
        2966,
        9493,
        2966,
        4154,
        2966,
        2966,
        9493,
        4154,
        2966,
        2966,
        4154,
        2966,
        4154,
        2966,
        2966,
        7355,
        7355,
        7355,
        7355,
        7355,
        7355,
        7355,
        2966,
        9493,
        2852,
        9493,
        2852,
        2966,
        9493,
        2966,
        9493,
        9526,
        9493,
        4154,
        2966,
        2966,
        9493,
        4154,
        9493,
        2966,
        9493,
        2966,
        4154,
        136,
        2966,
        4154,
        2966,
        4154,
        9493,
        2966,
        4154,
        2966,
        2966,
        2966,
        2966,
        2966,
        9493,
        4154,
        4154,
        2966,
        9493,
        2966,
        7355,
        7355,
        7355,
        7355,
        7355,
        7355,
        7355,
        2966,
        2499,
        2349,
        2349,
        2349,
        2419,
        2966,
        9493,
        4154,
        2966,
        2966,
        9493,
        4154,
        2966,
        2966,
        2339,
        7277,
        7277,
        7277,
        7277,
        2966,
        2966,
        2339,
        9493,
        9493,
        2429,
        2349,
        9493,
        9493,
        2339,
        2319,
        2339,
        9668,
        9668,
        9668,
        9668,
        9668,
        9668,
        9668,
        2319,
        2569,
        2499,
        2349,
        2349,
        2349,
        2349,
        2349,
        2509,
        2966,
        2966,
        2966,
        2966,
        2966,
        2966,
        2966,
        2966,
        2966,
        2966,
        2966,
        2966,
        2966,
        2966,
        2966,
        2966,
        2966,
        2966,
        2966,
        2966,
        2966,
        2966,
        2966,
        2966,
        2966,
        2966,
        2966,
        2966,
        2966,
        2966,
        2966,
        2966,
        2966,
        2966,
        2966,
        2966,
        2966,
        2966,
        128,
        178,
        78,
        128,
        2966,
        9493,
        2966,
        9493,
        2966,
        4154,
        2966,
        9493,
        4154,
        4154,
        138,
        188,
        88,
        138,
        2966,
        9493,
        2966,
        4154,
        2966,
        4154,
        2966,
        2966,
        9493,
        9698,
        9698,
        2966,
        9493,
        4154,
        9493,
        9493,
        4154,
        2966,
        2966,
        4154,
        9493,
        9698,
        9493,
        7355,
        7355,
        7355,
        7355,
        7355,
        7355,
        7355,
        2966,
        9493,
        2966,
        4154,
        2966,
        2966,
        9493,
        2966,
        4154,
        2966,
        9493,
        2966,
        2852,
        4154,
        2852,
        4154,
        2852,
        2966,
        2966,
        4154,
        2966,
        9493,
        9493,
        9493,
        2966,
        9493,
        2966,
        9493,
        4154,
        4154,
        9493,
        9493,
        2966,
        2966,
        9493,
        9493,
        2339,
        9668,
        9668,
        9668,
        9668,
        9668,
        9668,
        9668,
        4154,
        2966,
        2966,
        2966,
        4154,
        4154,
        2339,
        2429,
        2966,
        2966,
        9493,
        4154,
        2966,
        2966,
        2339,
        2319,
        2966,
        2966,
        9493,
        9493,
        9493,
        2966,
        4154,
        9493,
        4154,
        2339,
        2319,
        2499,
        2349,
        2349,
        2349,
        2349,
        2349,
        2349,
        2349,
        2509,
        2569,
        2966,
        2966,
        2966,
        2966,
        2966,
        2966,
        2966,
        2966,
        2966,
        2966,
        2966,
        2966,
        2966,
        4154,
        4154,
        9698,
        2966,
        9493,
        2966,
        2966,
        9698,
        9698,
        2966,
        7355,
        7355,
        7355,
        7355,
        7355,
        7355,
        7355,
        4154,
        2852,
        2852,
        2966,
        9493,
        2339,
        9668,
        9668,
        9668,
        9668,
        9668,
        9668,
        9668,
        2319,
        2339,
        2319,
        2339,
        2319,
        2499,
        2349,
        2509,
        2966,
        2966,
        2966,
        2966,
        2966,
        2966,
        2966,
        2966,
        2966,
        2966,
        2966,
        2966,
        2966,
        9493,
        9493,
        2966,
        2966,
        9493,
        9493,
        2966,
        7355,
        7355,
        7355,
        7355,
        7355,
        7355,
        7355,
        2966,
        9493,
        4154,
        4154,
        9493,
        2966,
        2966,
        2339,
        9668,
        9668,
        9668,
        9668,
        9668,
        9668,
        9668,
        2319,
        2339,
        2319,
        2499,
        2349,
        2349,
        2349,
        2509,
        2966,
        2966,
        2966,
        2966,
        2966,
        2966,
        2966,
        2966,
        2966,
        2966,
        2966,
        2966,
        2966,
        2966,
        2966,
        4154,
        4154,
        2966,
        9493,
        4154,
        7355,
        7355,
        7355,
        7355,
        7355,
        7355,
        7355,
        2966,
        2852,
        2852,
        2966,
        9493,
        2339,
        9668,
        9668,
        9668,
        9668,
        9668,
        9668,
        9668,
        2319,
        2499,
        2349,
        2349,
        2349,
        2349,
        2349,
        2509,
        2966,
        2966,
        2966,
        2966,
        2966,
        2966,
        2966,
        2966,
        2966,
        2966,
        2966,
        2966,
        2966,
        2966,
        2966,
        2966,
        2966,
        2966,
        2966,
        2966,
        2966,
        2966,
        2966,
        2966,
        2966,
        2966,
        2966,
        2966,
        4154,
        2966,
        9493,
        2966,
        9493,
        4154,
        2966,
        2966,
        9493,
        2966,
        9493,
        2966,
        4154,
        2966,
        2966,
        9493,
        4154,
        9698,
        9493,
        2966,
        9493,
        2966,
        2966,
        9493,
        9493,
        4154,
        2966,
        9698,
        4154,
        9493,
        2966,
        9493,
        2966,
        2966,
        9493,
        2966,
        9493,
        4154,
        2966,
        2852,
        4154,
        2852,
        4154,
        2852,
        4154,
        4154,
        9493,
        4154,
        9493,
        4154,
        9493,
        9493,
        2966,
        2966,
        2966,
        2966,
        4154,
        4154,
        2966,
        2966,
        9493,
        2499,
        2349,
        2349,
        2349,
        2349,
        2349,
        2349,
        2349,
        2509,
        9698,
        9698
    ],
    "DecorIndices": [],
    "DecorIds": [],
    "BlockEntities": {
        "5258240": "!<d@[F*Q$U#64c-E,TfCC]FG8!<d@[F*d0\"#64o6@VfsmCI<#NAIrp*E,]`9FCJfiD(T1/ARl&M@V&tbF%?9<+pnYd!!%O6'`\\5a58\"J9rr7I4'`\\515TKh)+@$e'9-=<D+pnYd!!%O6'`\\5a58\"J9r;V72(&\\)]590_(TKj@R9-=<:",
        "5262336": "!<d@[F*Q$U#64c-E,TfCC]FG8!<d@[F*d<&#64o6@VfsmCI<#NAIrp*E,]`9FCJfiD(T1/ARl&M@V&tbF&DuF-OL@n!!%O6'`\\5a590_(J3OYW%0-BY58=.u!5KWQs*m6Mi_(Br$7?/k%0-BY58=.uJ3P%S!.[9H%h/L=i'8%Ts*m6R!!%O6(ue12!rr",
        "8406016": "!<d@[F*Q$U#64c-E,TfCDZBb;!<d@[F*d6$#64o6@VfsmCI<#NAIrp*E,]`9FCJfiD(T1/ARl&M@V&tbF\"%(r-OL@n!!%O6'`\\5a4rjV'!'_),%K?BW58=2!!5KWTs$&aci_(Br!!",
        "5257217": "!<d@[F*Q'V#64c-E,TfCC]FG8!<d@[F*d-!#64o6@VfsmCI<#NAIrp*E,]`9FCJfiD(T1/ARl&M@V&tbF!:Sk+:8Gj!!%O6*<6(i58\"J9jb-AW'`\\46^`E@QIm4e09)n",
        "3164162": "!<d@[F*Q*W#64c-E,TfCC&e56!<d@[F*d9%#64o6@VfsmCI<#NAHu^]F`__:EWlSfH#R=0@V'('@V'(%F*)G2G:dlMDJ*cs1'@i&DffE0AQSp4!!!-.D.Rd%6#L=OA_R_e5Qh=4DffE0AQf'6!!!<3@rH1\"ARfgnA,l`?Eb02uBl[-o@<?&\\z",
        "3162115": "!<d@[F*Q-X#64c-E,TfCC&e56!<d@[F*d3##64o6@VfsmCI<#NAHu^]F`__:EWlSfH#R=0@V'('@V'(%F*)G2G:dlMDJ*cs1'@i&DffE0AQSp4!!!-.D.Rd%6#L=OA_Ra;4p2+2DffE0AQf'6!!!<3@rH1\"ARfgnA,l`?Eb02uBl[-o@<?&\\z",
        "4208643": "!<d@[F*Q-X#64c-E,TfCCB+>7!<d@[F*d-!#64o6@VfsmCI<#NAJoT.Earc7@UX=l@kD8:FD5W&F=hBKEcbss'6J8'DKBN6Bl@l[Dfp)A9P%gXz!!)N'!u,Q[F*'c_ARfLAFB!1#@;J>?H#irc!!#\\)%7's",
        "4210691": "!<d@[F*Q-X#64c-E,TfCCB+>7!<d@[F*d3##64o6@VfsmCI<#NAK,`0Earc7@UX=l@kD/4Ec,H!Dfp.RF)Q2CBEJoiEa`j,Bln'-DFe\\gEcXocAon\"Qzn@o&>CghC,6YL%@CI*&ADffE(6t(@^z9G%_\"!!",
        "3161092": "!<d@[F*Q0Y#64c-E,TfCC&e56!<d@[F*d0\"#64o6@VfsmCI<#NAIi<iDfRFNDes,u/R`:'A-<6[DffE0AQ_o>AD7Vd^^13`E+NouA,loFBl8**Ecai\\DIdQpErZ1",
        "3164165": "!<d@[F*Q3Z#64c-E,TfCC&e56!<d@[F*d9%#64o6@VfsmCI<#NAHu^]F`__:EWlSfH#R=0@V'('@V'(%F*)G2G:dlMDJ*cs1'@i&DffE0AQSp4!!!-.D.Rd%6#L=OA`2r/^]Xm_DffE0AQf'6!!!<3@rH1\"ARfgnA,l`?Eb02uBl[-o@<?&\\z",
        "5256198": "!<d@[F*Q6[#64c-E,TfCC]FG8!<d@[F*d)u#64o6@VfsmCI<#NAIrp*E,]`9FCJfiD(T1/ARl&M@V&tbF!L_m+pnYd!!%O6'`\\5a58\"J9s8RR5('\";`590_(!'hC\\9-=<:",
        "5257222": "!<d@[F*Q6[#64c-E,TfCC]FG8!<d@[F*d-!#64o6@VfsmCI<#NAIrp*E,]`9FCJfiD(T1/ARl&M@V&tbF&2iD-OL@n!!%O6'`\\5a590_(J3OYW%0-BY58=.u!5KWQs*m6Mi_(Br$7-#i%0-BY58=.uJ3P%S!.[9H%h/L=TYM<?s*m6R\"9<s:(ue0g",
        "5263366": "!<d@[F*Q6[#64c-E,TfCC]FG8!<d@[F*d?'#64o6@VfsmCI<#NAIrp*E,]`9FCJfiD(T1/ARl&M@V&tbF%?9<+pnYd!!%O6'`\\5a58\"J9!!%O6'`\\46^`DI[N3jG]9-=9C+pnYd!!%O6'`\\5a58\"J9s8RR5('\";`590_(!'hC\\9-=<:",
        "3150855": "!<d@[F*Q9\\#64c-E,TfCC&e56!<d@[F*cfm#64o6@VfsmCI<#NAIrp*E,]`9FCJfiD(T1/ARl&M@V&tbF!L_m+pnYd!!%O6*<6'>58\"J9!!%O6'`\\5!5TKh)!'_=[9-=<:",
        "3158023": "!<d@[F*Q9\\#64c-E,TfCC&e56!<d@[F*d&t#64o6@VfsmCI<#NAIrp*E,]`9FCJfiD(T1/ARl&M@V&tbF!L_m+pnYd!!%O6*<6(i58\"J9!!%O6'`\\5!5TKh)J3On19-=<:",
        "5243911": "!<d@[F*Q9\\#64c-E,TfCC]FG8!<d@[F*cZi#64o6@VfsmCI<#NAIrp*E,]`9FCJfiD(T1/ARl&M@V&tbF!L_m+pnYd!!%O6'`\\5a58\"J9p]#_-(&.`X590_(5X?7H9-=<:",
        "5255175": "!<d@[F*Q9\\#64c-E,TfCC]FG8!<d@[F*d&t#64o6@VfsmCI<#NAIrp*E,]`9FCJfiD(T1/ARl&M@V&tbF$p!8+:8Vg!!%O6'`\\5a590_(J3OYR('\";`590b)J3On19*udK$5EO@J3P%S!.[9H%h7WR:+-hW!!'eTr;V72(ue0g",
        "5265415": "!<d@[F*Q9\\#64c-E,TfCC]FG8!<d@[F*dE)#64o6@VfsmCI<#NAIrp*E,]`9FCJfiD(T1/ARl&M@V&tbEuG#c(^^E]!!%O6&df'J!\"_F2q>Yq/(ue12!WW",
        "6313991": "!<d@[F*Q9\\#64c-E,TfCD#aP9!<d@[F*dE)#64o6@VfsmCI<#NAIrp*E,]`9FCJfiD(T1/ARl&M@V&tbEuG#c(^^6U%h7WR:+-hW!'n=?j3<Oi(ue12!WW",
        "3145736": "!<d@[F*Q<]#64c-E,TfCC&e56!<d@[F*cWh#64o6@VfsmCI<#NAIrp*E,]`9FCJfiD(T1/ARl&M@V&tbEu4la(((3c!!%O6&df?R!'idi!!%O6(ue0g",
        "3165192": "!<d@[F*Q<]#64c-E,TfCC&e56!<d@[F*d<&#64o6@VfsmCI<#NAHu^]F`__:EWlSfH#R=%FCAWpAM%_:DJ'(WEc6&.FCePS!!!!%$#O6pBL-NKCh;?38\\bH6Ec6&.FCeVU!!!!*$\"ImiCh7*uARkcD$Z]ft@;0a\\FCB9&z!!",
        "7358472": "!<d@[F*Q<]#64c-E,TfCD?'Y:!<d@[F*d9%#64o6@VfsmCI<#NAHu^]F`__:EWlSfH#R=%@q]:bE\\1^4ARkoKEc6&.FCePS!!!!%$#O6pBL-NKCh;\\NQ9PKWEc6&.FCeVU!!!!*$\"ImiCh7*uARkcD$Z]ft@;0a\\FCB9&z!!",
        "7359496": "!<d@[F*Q<]#64c-E,TfCD?'Y:!<d@[F*d<&#64o6@VfsmCI<#NAHu^]F`__:EWlSfH#R=%FCAWpAM%>'ARkoKEc6&.FCePS!!!!%$#O6pBL-NKCh;?3aZfn5Ec6&.FCeVU!!!!*$\"ImiCh7*uARkcD$Z]ft@;0a\\FCB9&z!!",
        "7360520": "!<d@[F*Q<]#64c-E,TfCD?'Y:!<d@[F*d?'#64o6@VfsmCI<#NAHu^]F`__:EWlSfH#R=%@q]:bE\\1^4ARkoKEc6&.FCePS!!!!%$#O6pBL-NKCh;$nq`b2gEc6&.FCeVU!!!!*$\"ImiCh7*uARkcD$Z]ft@;0a\\FCB9&z!!",
        "3165193": "!<d@[F*Q?^#64c-E,TfCC&e56!<d@[F*d<&#64o6@VfsmCI<#NAHu^]F`__:EWlSfH#R=6FCAWpAM%_:DJ(PFBln#?@:NeYF)u8?Bk;>g#BFa)@<?'_z\":8pVF(djWB5D/6%nT\"h#BFa)@<?'az#mk*[Ci!ZmFCet_\":K6]E+*I$;flGiAH2]1!!!",
        "7347209": "!<d@[F*Q?^#64c-E,TfCD?'Y:!<d@[F*clo#64o6@VfsmCI<#NAHu^]F`__:EWlSfH#R=*@V'('@V'(%Ecl)6ARmY$#BFa)@<?'_z\":8pVF(djWB5D/-;u8c^#BFa)@<?'az#mk*[Ci!ZmFCet_\":K6]E+*I$;flGiAH2]1!!!",
        "7351305": "!<d@[F*Q?^#64c-E,TfCD?'Y:!<d@[F*d#s#64o6@VfsmCI<#NAHu^]F`__:EWlSfH#R=*@V'(%F(fK4F=h-GAS#`^#BFa)@<?'_z\":8pVF(djWB5D/6&'7$=#BFa)@<?'az#mk*[Ci!ZmFCet_\":K6]E+*I$;flGiAH2]1!!!",
        "3165194": "!<d@[F*QB_#64c-E,TfCC&e56!<d@[F*d<&#64o6@VfsmCI<#NAHu^]F`__:EWlSfH#R=%FCAWpAM%_:DJ'(WEc6&.FCePS!!!!%$#O6pBL-NKCh;?38O*C`Ec6&.FCeVU!!!!*$\"ImiCh7*uARkcD$Z]ft@;0a\\FCB9&z!!",
        "4198410": "!<d@[F*QB_#64c-E,TfCCB+>7!<d@[F*ccl#64o6@VfsmCI<#NAJoT.Earc7@UX=l@kD8:FD5W&F=hBKEcbss'6J8'DKBN6Bl@l[Dfp)A9P%gXz!!)N'!u,Q[F*'c_ARfLAFB!1#@;J>?H#irc!!#\\)%7's",
        "4206602": "!<d@[F*QB_#64c-E,TfCCB+>7!<d@[F*d&t#64o6@VfsmCI<#NAK,`0Earc7@UX=l@kD/4Ec,H!Dfp.RDJsQ;BEJoiEa`j,Bln'-DFe\\gEcXocAon\"Qzn@o&>CghC,6YL%@CI*&ADffE(6t(@^z9G%_\"!!",
        "8392714": "!<d@[F*QB_#64c-E,TfCDZBb;!<d@[F*ccl#64o6@VfsmCI<#NAK5f1EarcrDerrqE\\1^4ARmB(D/aTB/TYiQFD(X",
        "8402954": "!<d@[F*QB_#64c-E,TfCDZBb;!<d@[F*d-!#64o6@VfsmCI<#NAJoT.Earc7@UX=l@kD8:FD5W&F=hQPF`_:!'6J8'DKBN6Bl@l[Dfp)A9P%gXz!!)N'!u,Q[F*'c_ARfLAFB!1#@;J>?H#irc!!#\\)%7's",
        "11554826": "!<d@[F*QB_#64c-E,TfCEW?(>!<d@[F*d?'#64o6@VfsmCI<#NAJoT.Earc7@UX=l@kD8:FD5W&F=hBKEcbss'6J8'DKBN6Bl@l[Dfp)A9P%gXz!!)N'!u,Q[F*'c_ARfLAFB!1#@;J>?H#irc!!#\\)%7's",
        "3150859": "!<d@[F*QE`#64c-E,TfCC&e56!<d@[F*cfm#64o6@VfsmCI<#NAIi<iDfRFNDes,u/R`:'A-<6[DffE0AQ_o>AD7Vd5R@X5E+NouA,loFBl8**Ecai\\DIdQpErZ1",
        "3159051": "!<d@[F*QE`#64c-E,TfCC&e56!<d@[F*d)u#64o6@VfsmCI<#NAIi<iDfRFNDes,u/R`:'A-<6[DffE0AQ_o>AD7Vd5R@X5E+NouA,loFBl8**Ecai\\DIdQpErZ1",
        "7345163": "!<d@[F*QE`#64c-E,TfCD?'Y:!<d@[F*cfm#64o6@VfsmCI<#NAIi<iDfRFNDes,u/R`:'A-<6[DffE0AQ_o>AD7Vd^^13`E+NouA,loFBl8**Ecai\\DIdQpErZ1",
        "7353355": "!<d@[F*QE`#64c-E,TfCD?'Y:!<d@[F*d)u#64o6@VfsmCI<#NAIi<iDfRFNDes,u/R`:'A-<6[DffE0AQ_o>AD7Vd5R@X5E+NouA,loFBl8**Ecai\\DIdQpErZ1",
        "3164172": "!<d@[F*QHa#64c-E,TfCC&e56!<d@[F*d9%#64o6@VfsmCI<#NAHu^]F`__:EWlSfH#R='CggjbATBA2B4YU.\":&scFCB9&=9&=$!!EUFATMNNDJ*csjNA=S\":&scFCB9&=o\\O&!!rsADes6$@ru9m!!E[MAT2'lE`7'gFCbFP!!!!",
        "4212748": "!<d@[F*QHa#64c-E,TfCCB+>7!<d@[F*d9%#64o6@VfsmCI<#NAHu^]F`__:EWlSfH#R='CggjbATBA2B4YU.\":&scFCB9&=9&=$!!EUFATMNNDJ*csjNA=S\":&scFCB9&=o\\O&!!rsADes6$@ru9m!!E[MAT2'lE`7'gFCbFP!!!!",
        "5261324": "!<d@[F*QHa#64c-E,TfCC]FG8!<d@[F*d9%#64o6@VfsmCI<#NAHu^]F`__:EWlSfH#R='CggjbATBA2B4YU.\":&scFCB9&=9&=$!!EUFATMNNDJ*csjNA=S\":&scFCB9&=o\\O&!!rsADes6$@ru9m!!E[MAT2'lE`7'gFCbFP!!!!",
        "6309900": "!<d@[F*QHa#64c-E,TfCD#aP9!<d@[F*d9%#64o6@VfsmCI<#NAHu^]F`__:EWlSfH#R='CggjbATBA2B4YU.\":&scFCB9&=9&=$!!EUFATMNNDJ*csjNA=S\":&scFCB9&=o\\O&!!rsADes6$@ru9m!!E[MAT2'lE`7'gFCbFP!!!!",
        "7344140": "!<d@[F*QHa#64c-E,TfCD?'Y:!<d@[F*ccl#64o6@VfsmCI<#NAHu^]F`__:EWlSfH#R=%@q]:bE\\2*GDJ'(WEc6&.FCePS!!!!%$#O6pBL-NKCh;?3aZfn5Ec6&.FCeVU!!!!*$\"ImiCh7*uARkcD$Z]ft@;0a\\FCB9&z!!",
        "7358476": "!<d@[F*QHa#64c-E,TfCD?'Y:!<d@[F*d9%#64o6@VfsmCI<#NAHu^]F`__:EWlSfH#R='CggjbATBA2B4YU.\":&scFCB9&=9&=$!!EUFATMNNDJ*csjNA=S\":&scFCB9&=o\\O&!!rsADes6$@ru9m!!E[MAT2'lE`7'gFCbFP!!!!",
        "8400908": "!<d@[F*QHa#64c-E,TfCDZBb;!<d@[F*d&t#64o6@VfsmCI<#NAK,`0Earc7@UX=l@kD/4Ec,H!Dfp.RDJsQ;BEJoiEa`j,Bln'-DFe\\gEcXocAon\"Qzn@o&>CghC,6YL%@CI*&ADffE(6t(@^z9G%_\"!!",
        "8407052": "!<d@[F*QHa#64c-E,TfCDZBb;!<d@[F*d9%#64o6@VfsmCI<#NAHu^]F`__:EWlSfH#R='CggjbATBA2B4YU.\":&scFCB9&=9&=$!!EUFATMNNDJ*csjNA=S\":&scFCB9&=o\\O&!!rsADes6$@ru9m!!E[MAT2'lE`7'gFCbFP!!!!",
        "8409100": "!<d@[F*QHa#64c-E,TfCDZBb;!<d@[F*d?'#64o6@VfsmCI<#NAJoT.Earc7@UX=l@kD8:FD5W&F=hBKEcbss'6J8'DKBN6Bl@l[Dfp)A9P%gXz!!)N'!u,Q[F*'c_ARfLAFB!1#@;J>?H#irc!!#\\)%7's",
        "9455628": "!<d@[F*QHa#64c-E,TfCDu]k<!<d@[F*d9%#64o6@VfsmCI<#NAHu^]F`__:EWlSfH#R='CggjbATBA2B4YU.\":&scFCB9&=9&=$!!EUFATMNNDJ*csjNA=S\":&scFCB9&=o\\O&!!rsADes6$@ru9m!!E[MAT2'lE`7'gFCbFP!!!!",
        "11546636": "!<d@[F*QHa#64c-E,TfCEW?(>!<d@[F*d&t#64o6@VfsmCI<#NAIi<iDfRFNDes,u/R`:'A-<6[DffE0AQ_o>A,lT0!!rjJE+NouA,loFBl8**Ecai\\DIdQpErZ1",
        "3160077": "!<d@[F*QKb#64c-E,TfCC&e56!<d@[F*d-!#64o6@VfsmCI<#NAHu^]F`__:EWlSfH#R=%FCAWpAM%_:DJ'(WEc6&.FCePS!!!!%$#O6pBL-NKCh;?3ahIr`Ec6&.FCeVU!!!!*$\"ImiCh7*uARkcD$Z]ft@;0a\\FCB9&z!!",
        "3161101": "!<d@[F*QKb#64c-E,TfCC&e56!<d@[F*d0\"#64o6@VfsmCI<#NAHu^]F`__:EWlSfH#R=%FCAWpAM%_:DJ'(WEc6&.FCePS!!!!%$#O6pBL-NKCh;?3ahIr`Ec6&.FCeVU!!!!*$\"ImiCh7*uARkcD$Z]ft@;0a\\FCB9&z!!",
        "3162125": "!<d@[F*QKb#64c-E,TfCC&e56!<d@[F*d3##64o6@VfsmCI<#NAHu^]F`__:EWlSfH#R=6FCAWpAM%_:DJ(PFBln#?@:NeYF)u8?Bk;>g#BFa)@<?'_z\":8pVF(djWB5D/6&';Qh#BFa)@<?'az#mk*[Ci!ZmFCet_\":K6]E+*I$;flGiAH2]1!!!",
        "4200461": "!<d@[F*QKb#64c-E,TfCCB+>7!<d@[F*cin#64o6@VfsmCI<#NAK#Z/Earc7@UX=l@kD/4Ec,H!Dfp.RG@bi;!u#cs@;^.#FD5Z288iWkF%g.WF8u:@!!!#g^B50d@<6NXBOt[h6$-(EFCAuR@<lno!!!!m&Ih#+",
        "7344141": "!<d@[F*QKb#64c-E,TfCD?'Y:!<d@[F*ccl#64o6@VfsmCI<#NAHu^]F`__:EWlSfH#R=%@q]:bE\\2*GDJ'(WEc6&.FCePS!!!!%$#O6pBL-NKCh;?3aZfn5Ec6&.FCeVU!!!!*$\"ImiCh7*uARkcD$Z]ft@;0a\\FCB9&z!!",
        "7346189": "!<d@[F*QKb#64c-E,TfCD?'Y:!<d@[F*cin#64o6@VfsmCI<#NAHu^]F`__:EWlSfH#R=6AmoReGqEK:A1__9A1_>4@;oe!/RrU8F(Jkb#BFa)@<?'_z\":8pVF(djWB5D,Z!!!!%#BFa)@<?'az#mk*[Ci!ZmFCet_\":K6]E+*I$;flGiAH2]1!!!",
        "7348237": "!<d@[F*QKb#64c-E,TfCD?'Y:!<d@[F*cop#64o6@VfsmCI<#NAHu^]F`__:EWlSfH#R=4AmoReGqEK:A1_kEBlmiuARmB5F_P`)A-<-XDffE0AQSp4!!!-.D.Rd%6#L=OAH2]1!!EOIDffE0AQf'6!!!<3@rH1\"ARfgnA,l`?Eb02uBl[-o@<?&\\z",
        "7352333": "!<d@[F*QKb#64c-E,TfCD?'Y:!<d@[F*d&t#64o6@VfsmCI<#NAHu^]F`__:EWlSfH#R=(@V'(%F(fK4F=hEIA-<-XDffE0AQSp4!!!-.D.Rd%6#L=OA_Ra;^B=d^DffE0AQf'6!!!<3@rH1\"ARfgnA,l`?Eb02uBl[-o@<?&\\z",
        "12597261": "!<d@[F*QKb#64c-E,TfCErZ1?!<d@[F*d-!#64o6@VfsmCI<#NAK,`0Earc7@UX=l@kD/4Ec,H!Dfp.RF)Q2CBEJoiEa`j,Bln'-DFe\\gEcXocAon\"Qzn@o&>CghC,6YL%@CI*&ADffE(6t(@^z9G%_\"!!",
        "3152910": "!<d@[F*QNc#64c-E,TfCC&e56!<d@[F*clo#64o6@VfsmCI<#NAJ&HkDfREbGVWo?FCd%4B4YTV$?C',@<?'`;IO+j&';Qm#&eHlDIm>Y#n:TdG%G]987?CHCh7Yf!=a'`B4uBTDf9YmDf]\"\\!!!!\"%<?/qBQQX\\DfSZmF'/JC!!!$/EbT0\"F@:%cE_p[q=p\"a)!!!",
        "3155982": "!<d@[F*QNc#64c-E,TfCC&e56!<d@[F*cur#64o6@VfsmCI<#NAJ&HkDfREbGVWo?FCd%4B4YTV$?C',@<?'`;IO+j&';Qm#&eHlDIm>Y#n:TdG%G]987?CHCh7Yg!=WdUAopFZDfSZmF'&DB!!!$.Ch74#6uR!a:iCDXz!=WdUAopFZDfSZmF'APBs8N'",
        "5242894": "!<d@[F*QNc#64c-E,TfCC]FG8!<d@[F*cWh#64o6@VfsmCI<#NAIrp*E,]`9FCJfiD(T1/ARl&M@V&tbF!gqp,mk.l!!%O6'`\\5a590_(J3OYW%0-CD^_QbHIm4qW!.[9Ni_'7",
        "7349262": "!<d@[F*QNc#64c-E,TfCD?'Y:!<d@[F*crq#64o6@VfsmCI<#NAIi<iDfRFNDes,u/R`:'A-<6[DffE0AQ_o>AD7X:^Bk*_E+NouA,loFBl8**Ecai\\DIdQpErZ1",
        "5243919": "!<d@[F*QQd#64c-E,TfCC]FG8!<d@[F*cZi#64o6@VfsmCI<#NAIrp*E,]`9FCJfiD(T1/ARl&M@V&tbEutAh*=;rb!!%O6&e>H5KMEp1!!!#7*TPD'Zl%dq+9;H",
        "5246991": "!<d@[F*QQd#64c-E,TfCC]FG8!<d@[F*ccl#64o6@VfsmCI<#NAIrp*E,]`9FCJfiD(T1/ARl&M@V&tbF%--:+:8Gj!!%O6*<6(i58\"J9jb-AW'`\\46^`E@QIm4e09*ujM$5EO@J3P%S!.[9H%h1/)41#b$s*m6R!!#:\"(ue12!<<",
        "5265423": "!<d@[F*QQd#64c-E,TfCC]FG8!<d@[F*dE)#64o6@VfsmCI<#NAIrp*E,]`9FCJfiD(T1/ARl&M@V&tbF!L_m+pnYd!!%O6'`\\5a58\"J9!!%O6'`\\46^`DI[N3jG]9-=99",
        "3160080": "!<d@[F*QTe#64c-E,TfCC&e56!<d@[F*d-!#64o6@VfsmCI<#NAIrp*E,]`9FCJfiD(T1/ARl&M@V&tbEtA<Y%LN1K\"Vh\";5X61G9-=68",
        "5257232": "!<d@[F*QTe#64c-E,TfCC]FG8!<d@[F*d-!#64o6@VfsmCI<#NAIrp*E,]`9FCJfiD(T1/ARl&M@V&tbEuG#c(^^E]!!%O6&df'J!.[<LrVq@3(ue12!WW",
        "5264400": "!<d@[F*QTe#64c-E,TfCC]FG8!<d@[F*dB(#64o6@VfsmCI<#NAIrp*E,]`9FCJfiD(T1/ARl&M@V&tbF!L_m+pnYl!!%O6*<6(i58\"J90\"nm((&Ir[590_(i4p2h9-=68",
        "5246995": "!<d@[F*Q]h#64c-E,TfCC]FG8!<d@[F*ccl#64o6@VfsmCI<#NAIrp*E,]`9FCJfiD(T1/ARl&M@V&tbF!gqp,mk.l!!%O6'`\\5a590_(J3OYW%0-BY^_QeIIm4qV!.[9Ni_'7",
        "5257235": "!<d@[F*Q]h#64c-E,TfCC]FG8!<d@[F*d-!#64o6@VfsmCI<#NAIrp*E,]`9FCJfiD(T1/ARl&M@V&tbF!L_m+pnYd!!%O6'`\\5a58\"J9!!%O6'`\\46^`DI[N3jG]9-=99",
        "5248020": "!<d@[F*Q`i#64c-E,TfCC]FG8!<d@[F*cfm#64o6@VfsmCI<#NAIrp*E,]`9FCJfiD(T1/ARl&M@V&tbEutAh*=;rb!!%O6&e>H5KMEp1!!!#7*TPD'Zl%dq+9;H",
        "5256212": "!<d@[F*Q`i#64c-E,TfCC]FG8!<d@[F*d)u#64o6@VfsmCI<#NAIrp*E,]`9FCJfiD(T1/ARl&M@V&tbF!L_m+pnYl!!%O6*<6(i58\"J9e25X](&@lZ590_(!5TN39-=68"
    },
    "Entities": [],
    "ReplaceMode": 2,
    "EntranceRotation": -1
}