{
	"editor": {
		"backDropShape": "villager",
		"allAngles": true,
		"entityTextureMode": true
	},
	"textureWidth": 16,
	"textureHeight": 16,
	"textureSizes": {
	},
	"textures": {
		"material": "game:entity/humanoid/traderaccessories/jewelry/silver"
	},
	"elements": [
		{
			"name": "Necklace",
			"stepParentName": "UpperTorso",
			"from": [ -0.5, 2.7, 2.1 ], 
			"to": [ 0.0, 4.7, 4.1 ], 
			"uv": [ 3.0, 6.0 ],
			"rotationOrigin": [ -0.5, 2.7, 2.1 ],
			"faces": {
				"north": { "texture": "#material", "uv": [ 3.0, 8.0, 3.5, 10.0 ] },
				"east": { "texture": "#material", "uv": [ 0.0, 0.0, 2.0, 2.0 ], "enabled": false },
				"south": { "texture": "#material", "uv": [ 3.5, 8.0, 4.0, 10.0 ] },
				"west": { "texture": "#material", "uv": [ 4.0, 8.0, 6.0, 10.0 ] },
				"up": { "texture": "#material", "uv": [ 3.0, 6.0, 3.5, 8.0 ] },
				"down": { "texture": "#material", "uv": [ 3.5, 6.0, 4.0, 8.0 ] }
			}
		},
		{
			"name": "NecklaceChain",
			"stepParentName": "Neck",
			"from": [ -1.2, 1.5, -0.25 ], 
			"to": [ 3.3, 2.1, 3.2 ], 
			"autoUnwrap": false,
			"uv": [ 0.0, 12.0 ],
			"rotationOrigin": [ -1.7, 4.2, 1.8 ],
			"faces": {
				"north": { "texture": "#material", "uv": [ 0.0, 15.5, 4.5, 16.0 ] },
				"east": { "texture": "#material", "uv": [ 4.5, 15.5, 7.5, 16.0 ] },
				"south": { "texture": "#material", "uv": [ 8.0, 15.5, 12.5, 16.0 ] },
				"west": { "texture": "#material", "uv": [ 12.5, 15.5, 15.5, 16.0 ] },
				"up": { "texture": "#material", "uv": [ 11.5, 12.0, 16.0, 15.0 ] },
				"down": { "texture": "#material", "uv": [ 11.5, 12.0, 16.0, 15.0 ] }
			}
		}
	]}