{
	"editor": {
		"backDropShape": "E:/Vintagestory/assets/survival/shapes/entity/humanoid/trader",
		"allAngles": true,
		"entityTextureMode": false
	},
	"textureWidth": 16,
	"textureHeight": 16,
	"textureSizes": {
	},
	"textures": {
		"string": "game:item/tool/material/string",
		"handle": "game:item/tool/material/handle",
		"rusty-iron": "game:block/metal/tarnished/rusty-iron"
	},
	"elements": [
		{
			"name": "origin",
			"stepParentName": "UpperTorso",
			"from": [ -3.0, 1.0, -4.0 ], 
			"to": [ -3.0, 1.0, -4.0 ], 
			"rotationOrigin": [ 5.0, 1.0, 7.0 ],
			"rotationX": -35.0,
			"rotationZ": 90.0,
			"faces": {
				"north": { "texture": "#null", "uv": [ 0.0, 0.0, 0.5, 0.5 ], "enabled": false },
				"east": { "texture": "#null", "uv": [ 0.0, 0.0, 0.5, 0.5 ], "enabled": false },
				"south": { "texture": "#null", "uv": [ 0.0, 0.0, 0.5, 0.5 ], "enabled": false },
				"west": { "texture": "#null", "uv": [ 0.0, 0.0, 0.5, 0.5 ], "enabled": false },
				"up": { "texture": "#null", "uv": [ 0.0, 0.0, 0.5, 0.5 ], "enabled": false },
				"down": { "texture": "#null", "uv": [ 0.0, 0.0, 0.5, 0.5 ], "enabled": false }
			},
			"children": [
				{
					"name": "handle",
					"from": [ 2.0, -0.5, 7.5 ], 
					"to": [ 18.1, 0.5, 8.5 ], 
					"rotationOrigin": [ 8.0, 0.0, 8.0 ],
					"faces": {
						"north": { "texture": "#handle", "uv": [ 0.0, 0.0, 16.0, 1.0 ] },
						"east": { "texture": "#handle", "uv": [ 0.0, 0.0, 1.0, 1.0 ] },
						"south": { "texture": "#handle", "uv": [ 0.0, 0.0, 16.0, 1.0 ] },
						"west": { "texture": "#handle", "uv": [ 0.0, 0.0, 1.0, 1.0 ] },
						"up": { "texture": "#handle", "uv": [ 0.0, 0.0, 16.0, 1.0 ] },
						"down": { "texture": "#handle", "uv": [ 0.0, 0.0, 16.0, 1.0 ] }
					},
					"children": [
						{
							"name": "mid",
							"from": [ 12.5, 0.1, -0.8 ], 
							"to": [ 14.5, 0.7, 1.2 ], 
							"rotationOrigin": [ 13.5, 0.4, 0.2 ],
							"faces": {
								"north": { "texture": "#rusty-iron", "uv": [ 0.0, 0.0, 2.0, 0.5 ] },
								"east": { "texture": "#rusty-iron", "uv": [ 0.0, 0.0, 2.0, 0.5 ] },
								"south": { "texture": "#rusty-iron", "uv": [ 0.0, 0.0, 2.0, 0.5 ] },
								"west": { "texture": "#rusty-iron", "uv": [ 0.0, 0.0, 2.0, 0.5 ] },
								"up": { "texture": "#rusty-iron", "uv": [ 0.0, 0.0, 2.0, 2.0 ] },
								"down": { "texture": "#rusty-iron", "uv": [ 0.0, 0.0, 2.0, 2.0 ] }
							},
							"children": [
								{
									"name": "Cube9",
									"from": [ 1.0, 0.2, 0.5 ], 
									"to": [ 5.0, 0.4, 1.5 ], 
									"rotationOrigin": [ 1.0, 0.3, 1.0 ],
									"faces": {
										"north": { "texture": "#rusty-iron", "uv": [ 0.0, 0.0, 4.0, 0.5 ] },
										"east": { "texture": "#rusty-iron", "uv": [ 0.0, 0.0, 1.0, 0.5 ] },
										"south": { "texture": "#rusty-iron", "uv": [ 0.0, 0.0, 4.0, 0.5 ] },
										"west": { "texture": "#rusty-iron", "uv": [ 0.0, 0.0, 1.0, 0.5 ] },
										"up": { "texture": "#rusty-iron", "uv": [ 0.0, 0.0, 4.0, 1.0 ] },
										"down": { "texture": "#rusty-iron", "uv": [ 0.0, 0.0, 4.0, 1.0 ] }
									}
								},
								{
									"name": "Cube10",
									"from": [ 0.5, 0.2, -3.0 ], 
									"to": [ 1.5, 0.4, 5.0 ], 
									"rotationOrigin": [ 1.0, 0.3, 1.0 ],
									"faces": {
										"north": { "texture": "#rusty-iron", "uv": [ 0.0, 0.0, 1.0, 0.5 ] },
										"east": { "texture": "#rusty-iron", "uv": [ 0.0, 0.0, 8.0, 0.5 ] },
										"south": { "texture": "#rusty-iron", "uv": [ 0.0, 0.0, 1.0, 0.5 ] },
										"west": { "texture": "#rusty-iron", "uv": [ 0.0, 0.0, 8.0, 0.5 ] },
										"up": { "texture": "#rusty-iron", "uv": [ 0.0, 0.0, 1.0, 8.0 ] },
										"down": { "texture": "#rusty-iron", "uv": [ 0.0, 0.0, 1.0, 8.0 ] }
									}
								},
								{
									"name": "Cube11",
									"from": [ 0.5, 0.2, -3.0 ], 
									"to": [ 1.5, 0.4, 4.0 ], 
									"rotationOrigin": [ 1.0, 0.3, 1.0 ],
									"rotationY": 45.0,
									"faces": {
										"north": { "texture": "#rusty-iron", "uv": [ 0.0, 0.0, 1.0, 0.5 ] },
										"east": { "texture": "#rusty-iron", "uv": [ 0.0, 0.0, 7.0, 0.5 ] },
										"south": { "texture": "#rusty-iron", "uv": [ 0.0, 0.0, 1.0, 0.5 ] },
										"west": { "texture": "#rusty-iron", "uv": [ 0.0, 0.0, 7.0, 0.5 ] },
										"up": { "texture": "#rusty-iron", "uv": [ 0.0, 0.0, 1.0, 7.0 ] },
										"down": { "texture": "#rusty-iron", "uv": [ 0.0, 0.0, 1.0, 7.0 ] }
									}
								},
								{
									"name": "Cube12",
									"from": [ 0.5, 0.2, -3.0 ], 
									"to": [ 1.5, 0.4, 3.0 ], 
									"rotationOrigin": [ 1.0, 0.3, 1.0 ],
									"rotationY": -45.0,
									"faces": {
										"north": { "texture": "#rusty-iron", "uv": [ 0.0, 0.0, 1.0, 0.5 ] },
										"east": { "texture": "#rusty-iron", "uv": [ 0.0, 0.0, 6.0, 0.5 ] },
										"south": { "texture": "#rusty-iron", "uv": [ 0.0, 0.0, 1.0, 0.5 ] },
										"west": { "texture": "#rusty-iron", "uv": [ 0.0, 0.0, 6.0, 0.5 ] },
										"up": { "texture": "#rusty-iron", "uv": [ 0.0, 0.0, 1.0, 6.0 ] },
										"down": { "texture": "#rusty-iron", "uv": [ 0.0, 0.0, 1.0, 6.0 ] }
									}
								},
								{
									"name": "Cube13",
									"from": [ 0.5, 0.2, -3.0 ], 
									"to": [ 1.5, 0.4, 1.0 ], 
									"rotationOrigin": [ 1.0, 0.3, 1.0 ],
									"rotationY": -67.5,
									"faces": {
										"north": { "texture": "#rusty-iron", "uv": [ 0.0, 0.0, 1.0, 0.5 ] },
										"east": { "texture": "#rusty-iron", "uv": [ 0.0, 0.0, 4.0, 0.5 ] },
										"south": { "texture": "#rusty-iron", "uv": [ 0.0, 0.0, 1.0, 0.5 ] },
										"west": { "texture": "#rusty-iron", "uv": [ 0.0, 0.0, 4.0, 0.5 ] },
										"up": { "texture": "#rusty-iron", "uv": [ 0.0, 0.0, 1.0, 4.0 ] },
										"down": { "texture": "#rusty-iron", "uv": [ 0.0, 0.0, 1.0, 4.0 ] }
									}
								},
								{
									"name": "Cube14",
									"from": [ 0.5, 0.2, -3.0 ], 
									"to": [ 1.5, 0.4, 1.0 ], 
									"rotationOrigin": [ 1.0, 0.3, 1.0 ],
									"rotationY": 67.5,
									"faces": {
										"north": { "texture": "#rusty-iron", "uv": [ 0.0, 0.0, 1.0, 0.5 ] },
										"east": { "texture": "#rusty-iron", "uv": [ 0.0, 0.0, 4.0, 0.5 ] },
										"south": { "texture": "#rusty-iron", "uv": [ 0.0, 0.0, 1.0, 0.5 ] },
										"west": { "texture": "#rusty-iron", "uv": [ 0.0, 0.0, 4.0, 0.5 ] },
										"up": { "texture": "#rusty-iron", "uv": [ 0.0, 0.0, 1.0, 4.0 ] },
										"down": { "texture": "#rusty-iron", "uv": [ 0.0, 0.0, 1.0, 4.0 ] }
									}
								},
								{
									"name": "Cube15",
									"from": [ 0.5, 0.2, -3.0 ], 
									"to": [ 1.5, 0.4, 1.0 ], 
									"rotationOrigin": [ 1.0, 0.3, 1.0 ],
									"rotationY": -22.5,
									"faces": {
										"north": { "texture": "#rusty-iron", "uv": [ 0.0, 0.0, 1.0, 0.5 ] },
										"east": { "texture": "#rusty-iron", "uv": [ 0.0, 0.0, 4.0, 0.5 ] },
										"south": { "texture": "#rusty-iron", "uv": [ 0.0, 0.0, 1.0, 0.5 ] },
										"west": { "texture": "#rusty-iron", "uv": [ 0.0, 0.0, 4.0, 0.5 ] },
										"up": { "texture": "#rusty-iron", "uv": [ 0.0, 0.0, 1.0, 4.0 ] },
										"down": { "texture": "#rusty-iron", "uv": [ 0.0, 0.0, 1.0, 4.0 ] }
									}
								},
								{
									"name": "Cube16",
									"from": [ 0.5, 0.2, -3.0 ], 
									"to": [ 1.5, 0.4, 1.0 ], 
									"rotationOrigin": [ 1.0, 0.3, 1.0 ],
									"rotationY": 22.5,
									"faces": {
										"north": { "texture": "#rusty-iron", "uv": [ 0.0, 0.0, 1.0, 0.5 ] },
										"east": { "texture": "#rusty-iron", "uv": [ 0.0, 0.0, 4.0, 0.5 ] },
										"south": { "texture": "#rusty-iron", "uv": [ 0.0, 0.0, 1.0, 0.5 ] },
										"west": { "texture": "#rusty-iron", "uv": [ 0.0, 0.0, 4.0, 0.5 ] },
										"up": { "texture": "#rusty-iron", "uv": [ 0.0, 0.0, 1.0, 4.0 ] },
										"down": { "texture": "#rusty-iron", "uv": [ 0.0, 0.0, 1.0, 4.0 ] }
									}
								},
								{
									"name": "sawblade",
									"from": [ -1.5, 0.1, -1.5 ], 
									"to": [ 3.5, 0.5, 2.2 ], 
									"rotationOrigin": [ -1.5, 0.1, -1.5 ],
									"faces": {
										"north": { "texture": "#rusty-iron", "uv": [ 0.0, 0.0, 5.0, 0.5 ] },
										"east": { "texture": "#rusty-iron", "uv": [ 0.0, 0.0, 3.5, 0.5 ] },
										"south": { "texture": "#rusty-iron", "uv": [ 0.0, 0.0, 5.0, 0.5 ] },
										"west": { "texture": "#rusty-iron", "uv": [ 0.0, 0.0, 3.5, 0.5 ] },
										"up": { "texture": "#rusty-iron", "uv": [ 2.5, 1.0, 7.5, 4.5 ] },
										"down": { "texture": "#rusty-iron", "uv": [ 1.5, 2.5, 6.5, 6.0 ] }
									},
									"children": [
										{
											"name": "Cube1",
											"from": [ 0.5, 0.0, -1.0 ], 
											"to": [ 4.5, 0.4, 0.0 ], 
											"rotationOrigin": [ 0.5, 0.0, -1.0 ],
											"faces": {
												"north": { "texture": "#rusty-iron", "uv": [ 0.0, 0.0, 4.0, 0.5 ] },
												"east": { "texture": "#rusty-iron", "uv": [ 0.0, 0.0, 1.0, 0.5 ] },
												"south": { "texture": "#rusty-iron", "uv": [ 0.0, 0.0, 4.0, 0.5 ], "enabled": false },
												"west": { "texture": "#rusty-iron", "uv": [ 0.0, 0.0, 1.0, 0.5 ] },
												"up": { "texture": "#rusty-iron", "uv": [ 0.0, 0.0, 4.0, 1.0 ] },
												"down": { "texture": "#rusty-iron", "uv": [ 0.0, 0.0, 4.0, 1.0 ] }
											}
										},
										{
											"name": "Cube6",
											"from": [ 5.0, 0.0, 0.5 ], 
											"to": [ 6.0, 0.4, 3.0 ], 
											"rotationOrigin": [ 5.0, 0.0, 0.5 ],
											"faces": {
												"north": { "texture": "#rusty-iron", "uv": [ 3.0, 4.5, 4.0, 5.0 ] },
												"east": { "texture": "#rusty-iron", "uv": [ 3.0, 3.0, 5.5, 3.5 ] },
												"south": { "texture": "#rusty-iron", "uv": [ 1.0, 1.0, 2.0, 1.5 ] },
												"west": { "texture": "#rusty-iron", "uv": [ 0.0, 0.0, 2.5, 0.5 ], "enabled": false },
												"up": { "texture": "#rusty-iron", "uv": [ 2.5, 2.0, 3.5, 4.5 ] },
												"down": { "texture": "#rusty-iron", "uv": [ 1.0, 1.0, 2.0, 3.5 ] }
											}
										},
										{
											"name": "Cube7",
											"from": [ -1.0, 0.0, 0.5 ], 
											"to": [ 0.0, 0.4, 2.5 ], 
											"rotationOrigin": [ -1.0, 0.0, 0.5 ],
											"faces": {
												"north": { "texture": "#rusty-iron", "uv": [ 3.0, 4.5, 4.0, 5.0 ] },
												"east": { "texture": "#rusty-iron", "uv": [ 3.0, 3.0, 5.0, 3.5 ], "enabled": false },
												"south": { "texture": "#rusty-iron", "uv": [ 1.0, 1.0, 2.0, 1.5 ] },
												"west": { "texture": "#rusty-iron", "uv": [ 5.5, 3.5, 7.5, 4.0 ] },
												"up": { "texture": "#rusty-iron", "uv": [ 12.0, 3.0, 13.0, 5.0 ] },
												"down": { "texture": "#rusty-iron", "uv": [ 13.0, 1.0, 14.0, 3.0 ] }
											}
										}
									]
								}
							]
						},
						{
							"name": "Cube17",
							"from": [ 14.0, 0.09, -3.2 ], 
							"to": [ 14.5, 0.79, 2.4 ], 
							"rotationOrigin": [ 14.2, 0.1, -1.0 ],
							"rotationY": -39.0,
							"faces": {
								"north": { "texture": "#string", "uv": [ 0.0, 0.0, 0.5, 0.5 ] },
								"east": { "texture": "#string", "uv": [ 0.0, 0.0, 5.5, 0.5 ] },
								"south": { "texture": "#string", "uv": [ 0.0, 0.0, 0.5, 0.5 ] },
								"west": { "texture": "#string", "uv": [ 0.0, 0.0, 5.5, 0.5 ] },
								"up": { "texture": "#string", "uv": [ 0.0, 0.0, 0.5, 5.5 ] },
								"down": { "texture": "#string", "uv": [ 0.0, 0.0, 0.5, 5.5 ] }
							}
						},
						{
							"name": "Cube18",
							"from": [ 14.0, 0.11, -3.9 ], 
							"to": [ 14.5, 0.81, 1.7 ], 
							"rotationOrigin": [ 14.2, 0.1, -1.0 ],
							"rotationY": 33.0,
							"faces": {
								"north": { "texture": "#string", "uv": [ 0.0, 0.0, 0.5, 0.5 ] },
								"east": { "texture": "#string", "uv": [ 0.0, 0.0, 5.5, 0.5 ] },
								"south": { "texture": "#string", "uv": [ 0.0, 0.0, 0.5, 0.5 ] },
								"west": { "texture": "#string", "uv": [ 0.0, 0.0, 5.5, 0.5 ] },
								"up": { "texture": "#string", "uv": [ 0.0, 0.0, 0.5, 5.5 ] },
								"down": { "texture": "#string", "uv": [ 0.0, 0.0, 0.5, 5.5 ] }
							}
						},
						{
							"name": "Cube19",
							"from": [ 12.0, 0.1, -3.5 ], 
							"to": [ 12.5, 0.8, 1.8 ], 
							"rotationOrigin": [ 12.2, 0.1, -0.6 ],
							"rotationY": -3.0,
							"faces": {
								"north": { "texture": "#string", "uv": [ 0.0, 0.0, 0.5, 0.5 ] },
								"east": { "texture": "#string", "uv": [ 0.0, 0.0, 5.0, 0.5 ] },
								"south": { "texture": "#string", "uv": [ 0.0, 0.0, 0.5, 0.5 ] },
								"west": { "texture": "#string", "uv": [ 2.0, 1.5, 7.0, 2.0 ] },
								"up": { "texture": "#string", "uv": [ 4.0, 3.0, 4.5, 8.0 ] },
								"down": { "texture": "#string", "uv": [ 3.5, 1.5, 4.0, 6.5 ] }
							}
						},
						{
							"name": "wrap",
							"from": [ 11.6, -0.1, -0.1 ], 
							"to": [ 15.6, 1.1, 1.1 ], 
							"rotationOrigin": [ 13.6, -0.1, 0.6 ],
							"faces": {
								"north": { "texture": "#string", "uv": [ 0.0, 0.0, 4.0, 1.0 ] },
								"east": { "texture": "#string", "uv": [ 0.0, 0.0, 1.0, 1.0 ] },
								"south": { "texture": "#string", "uv": [ 0.0, 0.0, 4.0, 1.0 ] },
								"west": { "texture": "#string", "uv": [ 0.0, 0.0, 1.0, 1.0 ] },
								"up": { "texture": "#string", "uv": [ 0.0, 0.0, 4.0, 1.0 ] },
								"down": { "texture": "#string", "uv": [ 0.0, 0.0, 4.0, 1.0 ] }
							}
						},
						{
							"name": "handlewrap",
							"from": [ 1.6, -0.1, -0.1 ], 
							"to": [ 2.6, 1.1, 1.1 ], 
							"rotationOrigin": [ 3.6, -0.1, 0.6 ],
							"faces": {
								"north": { "texture": "#string", "uv": [ 6.0, 6.0, 7.0, 7.0 ] },
								"east": { "texture": "#string", "uv": [ 4.5, 3.5, 5.5, 4.5 ] },
								"south": { "texture": "#string", "uv": [ 5.5, 4.5, 6.5, 5.5 ] },
								"west": { "texture": "#string", "uv": [ 5.0, 4.5, 6.0, 5.5 ] },
								"up": { "texture": "#string", "uv": [ 2.0, 2.5, 3.0, 3.5 ] },
								"down": { "texture": "#string", "uv": [ 2.5, 1.5, 3.5, 2.5 ] }
							},
							"children": [
								{
									"name": "handlewrap21",
									"from": [ 1.2, 0.0, 0.0 ], 
									"to": [ 2.2, 1.2, 1.2 ], 
									"rotationOrigin": [ 3.2, 0.0, 0.7 ],
									"faces": {
										"north": { "texture": "#string", "uv": [ 6.0, 6.0, 7.0, 7.0 ] },
										"east": { "texture": "#string", "uv": [ 4.5, 3.5, 5.5, 4.5 ] },
										"south": { "texture": "#string", "uv": [ 5.5, 4.5, 6.5, 5.5 ] },
										"west": { "texture": "#string", "uv": [ 6.5, 3.0, 7.5, 4.0 ] },
										"up": { "texture": "#string", "uv": [ 5.0, 3.5, 6.0, 4.5 ] },
										"down": { "texture": "#string", "uv": [ 5.5, 4.5, 6.5, 5.5 ] }
									}
								},
								{
									"name": "handlewrap22",
									"from": [ 2.4, 0.0, 0.0 ], 
									"to": [ 3.4, 1.2, 1.2 ], 
									"rotationOrigin": [ 4.4, 0.0, 0.7 ],
									"faces": {
										"north": { "texture": "#string", "uv": [ 6.0, 6.0, 7.0, 7.0 ] },
										"east": { "texture": "#string", "uv": [ 4.5, 3.5, 5.5, 4.5 ] },
										"south": { "texture": "#string", "uv": [ 5.5, 4.5, 6.5, 5.5 ] },
										"west": { "texture": "#string", "uv": [ 5.0, 4.5, 6.0, 5.5 ] },
										"up": { "texture": "#string", "uv": [ 2.0, 2.5, 3.0, 3.5 ] },
										"down": { "texture": "#string", "uv": [ 2.5, 1.5, 3.5, 2.5 ] }
									}
								},
								{
									"name": "handlewrap23",
									"from": [ 6.0, 0.0, 0.0 ], 
									"to": [ 7.0, 1.2, 1.2 ], 
									"rotationOrigin": [ 8.0, 0.0, 0.7 ],
									"faces": {
										"north": { "texture": "#string", "uv": [ 6.0, 6.0, 7.0, 7.0 ] },
										"east": { "texture": "#string", "uv": [ 4.5, 3.5, 5.5, 4.5 ] },
										"south": { "texture": "#string", "uv": [ 5.5, 4.5, 6.5, 5.5 ] },
										"west": { "texture": "#string", "uv": [ 5.0, 4.5, 6.0, 5.5 ] },
										"up": { "texture": "#string", "uv": [ 2.0, 2.5, 3.0, 3.5 ] },
										"down": { "texture": "#string", "uv": [ 2.5, 1.5, 3.5, 2.5 ] }
									}
								},
								{
									"name": "handlewrap24",
									"from": [ 3.6, 0.0, 0.0 ], 
									"to": [ 4.6, 1.2, 1.2 ], 
									"rotationOrigin": [ 5.6, 0.0, 0.7 ],
									"faces": {
										"north": { "texture": "#string", "uv": [ 6.0, 6.0, 7.0, 7.0 ] },
										"east": { "texture": "#string", "uv": [ 4.5, 3.5, 5.5, 4.5 ] },
										"south": { "texture": "#string", "uv": [ 5.5, 4.5, 6.5, 5.5 ] },
										"west": { "texture": "#string", "uv": [ 5.0, 4.5, 6.0, 5.5 ] },
										"up": { "texture": "#string", "uv": [ 2.0, 2.5, 3.0, 3.5 ] },
										"down": { "texture": "#string", "uv": [ 2.5, 1.5, 3.5, 2.5 ] }
									}
								},
								{
									"name": "handlewrap25",
									"from": [ 4.8, 0.0, 0.0 ], 
									"to": [ 5.8, 1.2, 1.2 ], 
									"rotationOrigin": [ 6.8, 0.0, 0.7 ],
									"faces": {
										"north": { "texture": "#string", "uv": [ 6.0, 6.0, 7.0, 7.0 ] },
										"east": { "texture": "#string", "uv": [ 4.5, 3.5, 5.5, 4.5 ] },
										"south": { "texture": "#string", "uv": [ 5.5, 4.5, 6.5, 5.5 ] },
										"west": { "texture": "#string", "uv": [ 5.0, 4.5, 6.0, 5.5 ] },
										"up": { "texture": "#string", "uv": [ 2.0, 2.5, 3.0, 3.5 ] },
										"down": { "texture": "#string", "uv": [ 2.5, 1.5, 3.5, 2.5 ] }
									}
								}
							]
						}
					]
				}
			]
		}
	]}