{
	"editor": {
		"allAngles": false,
		"entityTextureMode": false
	},
	"textureWidth": 24,
	"textureHeight": 24,
	"textureSizes": {
	},
	"textures": {
		"tortoise": "game:tortoise",
		"square-wood": "game:item/armor/shield/square-wood"
	},
	"elements": [
		{
			"name": "shell1",
			"from": [ 5.01, 0.2, 6.81 ], 
			"to": [ 10.99, 1.2, 10.79 ], 
			"rotationOrigin": [ 8.0, 0.9, 8.8 ],
			"rotationY": 90.0,
			"rotationZ": 90.0,
			"faces": {
				"north": { "texture": "#tortoise", "uv": [ 7.0, 6.0, 12.75, 9.0 ], "autoUv": false },
				"east": { "texture": "#tortoise", "uv": [ 7.0, 6.0, 12.75, 9.0 ], "enabled": false, "autoUv": false },
				"south": { "texture": "#tortoise", "uv": [ 7.0, 6.0, 12.75, 9.0 ], "autoUv": false },
				"west": { "texture": "#tortoise", "uv": [ 7.0, 6.0, 12.75, 9.0 ], "autoUv": false },
				"up": { "texture": "#tortoise", "uv": [ 10.75, 4.5, 19.125, 13.75 ], "autoUv": false },
				"down": { "texture": "#tortoise", "uv": [ 6.375, 4.125, 12.0, 7.875 ], "enabled": false }
			},
			"children": [
				{
					"name": "shell2",
					"from": [ 0.49, 1.0, 0.49 ], 
					"to": [ 5.49, 1.6, 3.49 ], 
					"rotationOrigin": [ 2.99, 1.7, 2.39 ],
					"faces": {
						"north": { "texture": "#tortoise", "uv": [ 10.625, 9.125, 18.875, 13.5 ], "autoUv": false },
						"east": { "texture": "#tortoise", "uv": [ 10.625, 9.125, 18.875, 13.5 ], "autoUv": false },
						"south": { "texture": "#tortoise", "uv": [ 10.625, 9.125, 18.875, 13.5 ], "autoUv": false },
						"west": { "texture": "#tortoise", "uv": [ 10.625, 9.125, 18.875, 13.5 ], "autoUv": false },
						"up": { "texture": "#tortoise", "uv": [ 10.75, 4.5, 19.125, 13.75 ], "autoUv": false },
						"down": { "texture": "#tortoise", "uv": [ 4.875, 0.0, 9.75, 3.0 ], "enabled": false }
					}
				},
				{
					"name": "shell3",
					"from": [ 0.99, 1.6, 0.99 ], 
					"to": [ 4.99, 2.0, 2.99 ], 
					"rotationOrigin": [ 3.49, 2.3, 2.89 ],
					"faces": {
						"north": { "texture": "#tortoise", "uv": [ 10.625, 9.125, 18.875, 11.625 ], "autoUv": false },
						"east": { "texture": "#tortoise", "uv": [ 10.625, 9.125, 18.875, 11.625 ], "autoUv": false },
						"south": { "texture": "#tortoise", "uv": [ 10.625, 9.125, 19.25, 11.625 ], "autoUv": false },
						"west": { "texture": "#tortoise", "uv": [ 10.625, 9.125, 18.875, 11.625 ], "autoUv": false },
						"up": { "texture": "#tortoise", "uv": [ 10.75, 4.5, 19.125, 13.75 ], "autoUv": false },
						"down": { "texture": "#tortoise", "uv": [ 10.5, 9.375, 19.125, 11.625 ], "autoUv": false }
					}
				},
				{
					"name": "shell4",
					"from": [ 1.44, 1.73, 1.59 ], 
					"to": [ 4.54, 2.23, 2.39 ], 
					"rotationOrigin": [ 3.89, 2.4, 3.49 ],
					"faces": {
						"north": { "texture": "#tortoise", "uv": [ 10.625, 9.125, 18.875, 10.125 ], "autoUv": false },
						"east": { "texture": "#tortoise", "uv": [ 10.625, 9.125, 18.875, 10.125 ], "autoUv": false },
						"south": { "texture": "#tortoise", "uv": [ 10.625, 9.125, 19.25, 10.125 ], "autoUv": false },
						"west": { "texture": "#tortoise", "uv": [ 10.625, 9.125, 18.875, 10.125 ], "autoUv": false },
						"up": { "texture": "#tortoise", "uv": [ 10.75, 4.75, 19.125, 9.5 ], "autoUv": false },
						"down": { "texture": "#tortoise", "uv": [ 1.875, 13.5, 4.875, 14.25 ] }
					}
				},
				{
					"name": "shellrim1",
					"from": [ -0.22, 0.0, 1.49 ], 
					"to": [ -0.02, 0.4, 2.49 ], 
					"rotationOrigin": [ -0.21, 0.3, 1.69 ],
					"faces": {
						"north": { "texture": "#tortoise", "uv": [ 2.625, 13.5, 3.0, 13.875 ] },
						"east": { "texture": "#tortoise", "uv": [ 1.5, 14.25, 2.25, 14.625 ] },
						"south": { "texture": "#tortoise", "uv": [ 1.5, 13.5, 1.875, 13.875 ] },
						"west": { "texture": "#tortoise", "uv": [ 2.625, 14.25, 3.375, 14.625 ] },
						"up": { "texture": "#tortoise", "uv": [ 1.875, 14.625, 2.25, 15.375 ] },
						"down": { "texture": "#tortoise", "uv": [ 2.25, 13.125, 2.625, 13.875 ] }
					}
				},
				{
					"name": "shellrim2",
					"from": [ 5.97, 0.0, -0.21 ], 
					"to": [ 6.19, 0.4, 0.69 ], 
					"rotationOrigin": [ 5.99, 0.7, 1.79 ],
					"faces": {
						"north": { "texture": "#tortoise", "uv": [ 1.5, 14.25, 1.875, 14.625 ] },
						"east": { "texture": "#tortoise", "uv": [ 0.75, 13.875, 1.5, 14.25 ] },
						"south": { "texture": "#tortoise", "uv": [ 1.875, 13.5, 2.25, 13.875 ] },
						"west": { "texture": "#tortoise", "uv": [ 1.125, 14.625, 1.875, 15.0 ] },
						"up": { "texture": "#tortoise", "uv": [ 1.5, 13.875, 1.875, 14.625 ] },
						"down": { "texture": "#tortoise", "uv": [ 2.25, 14.25, 2.625, 15.0 ] }
					}
				},
				{
					"name": "shellrim3",
					"from": [ 0.99, -0.4, -0.21 ], 
					"to": [ 4.99, 0.01, 0.0 ], 
					"rotationOrigin": [ 3.99, 0.3, 1.79 ],
					"faces": {
						"north": { "texture": "#tortoise", "uv": [ 0.375, 12.75, 4.125, 13.0 ], "autoUv": false },
						"east": { "texture": "#tortoise", "uv": [ 1.875, 14.625, 2.25, 15.0 ] },
						"south": { "texture": "#tortoise", "uv": [ 0.375, 13.5, 4.125, 13.75 ], "autoUv": false },
						"west": { "texture": "#tortoise", "uv": [ 1.5, 15.0, 1.875, 15.375 ] },
						"up": { "texture": "#tortoise", "uv": [ 0.375, 14.625, 4.125, 14.875 ], "autoUv": false },
						"down": { "texture": "#tortoise", "uv": [ 0.75, 13.625, 4.5, 13.875 ], "autoUv": false }
					}
				},
				{
					"name": "shellrim4",
					"from": [ 0.99, -0.4, 3.98 ], 
					"to": [ 4.99, 0.01, 4.19 ], 
					"rotationOrigin": [ 4.19, 0.3, 1.99 ],
					"faces": {
						"north": { "texture": "#tortoise", "uv": [ 0.75, 13.875, 4.25, 14.125 ], "autoUv": false },
						"east": { "texture": "#tortoise", "uv": [ 2.25, 13.875, 2.625, 14.25 ] },
						"south": { "texture": "#tortoise", "uv": [ 0.75, 14.375, 4.25, 14.625 ], "autoUv": false },
						"west": { "texture": "#tortoise", "uv": [ 2.25, 13.125, 2.625, 13.5 ] },
						"up": { "texture": "#tortoise", "uv": [ 0.75, 14.0, 4.5, 14.25 ], "autoUv": false },
						"down": { "texture": "#tortoise", "uv": [ 0.75, 15.0, 4.5, 15.25 ], "autoUv": false }
					}
				},
				{
					"name": "shellbottom",
					"from": [ -0.01, -0.4, -0.01 ], 
					"to": [ 5.99, -0.3, 3.99 ], 
					"rotationOrigin": [ 2.49, 0.3, 1.49 ],
					"faces": {
						"north": { "texture": "#tortoise", "uv": [ 3.5, 0.0, 3.75, 7.75 ], "rotation": 90, "autoUv": false },
						"east": { "texture": "#tortoise", "uv": [ 0.0, 3.0, 3.75, 3.25 ], "autoUv": false },
						"south": { "texture": "#tortoise", "uv": [ 3.5, 0.0, 3.75, 7.75 ], "rotation": 90, "autoUv": false },
						"west": { "texture": "#tortoise", "uv": [ 0.0, 4.5, 3.75, 4.75 ], "autoUv": false },
						"up": { "texture": "#tortoise", "uv": [ 0.25, 0.0, 3.5, 7.75 ], "rotation": 90, "autoUv": false },
						"down": { "texture": "#tortoise", "uv": [ 0.5, 0.0, 3.25, 7.75 ], "rotation": 90, "autoUv": false }
					}
				},
				{
					"name": "shellrim5",
					"from": [ 5.97, 0.0, 3.29 ], 
					"to": [ 6.19, 0.4, 4.19 ], 
					"rotationOrigin": [ 5.99, 0.7, 5.29 ],
					"faces": {
						"north": { "texture": "#tortoise", "uv": [ 1.875, 13.125, 2.25, 13.5 ] },
						"east": { "texture": "#tortoise", "uv": [ 1.5, 15.375, 2.25, 15.75 ] },
						"south": { "texture": "#tortoise", "uv": [ 2.25, 15.0, 2.625, 15.375 ] },
						"west": { "texture": "#tortoise", "uv": [ 1.125, 13.875, 1.875, 14.25 ] },
						"up": { "texture": "#tortoise", "uv": [ 2.25, 15.75, 2.625, 16.5 ] },
						"down": { "texture": "#tortoise", "uv": [ 2.25, 13.875, 2.625, 14.625 ] }
					}
				},
				{
					"name": "shellrim6",
					"from": [ 5.97, -0.4, 2.89 ], 
					"to": [ 6.19, 0.9, 3.29 ], 
					"rotationOrigin": [ 5.99, 0.3, 3.09 ],
					"faces": {
						"north": { "texture": "#tortoise", "uv": [ 1.5, 14.625, 1.875, 15.75 ] },
						"east": { "texture": "#tortoise", "uv": [ 1.875, 14.625, 2.25, 15.75 ] },
						"south": { "texture": "#tortoise", "uv": [ 3.375, 14.625, 3.75, 15.75 ] },
						"west": { "texture": "#tortoise", "uv": [ 1.875, 14.625, 2.25, 15.75 ] },
						"up": { "texture": "#tortoise", "uv": [ 1.125, 14.25, 1.5, 14.625 ] },
						"down": { "texture": "#tortoise", "uv": [ 2.625, 14.25, 3.0, 14.625 ] }
					}
				},
				{
					"name": "shellrim7",
					"from": [ 5.97, -0.4, 0.69 ], 
					"to": [ 6.19, 0.9, 1.09 ], 
					"rotationOrigin": [ 5.99, 0.3, 0.89 ],
					"faces": {
						"north": { "texture": "#tortoise", "uv": [ 1.875, 13.5, 2.25, 14.625 ] },
						"east": { "texture": "#tortoise", "uv": [ 1.5, 14.25, 1.875, 15.375 ] },
						"south": { "texture": "#tortoise", "uv": [ 1.125, 14.625, 1.5, 15.75 ] },
						"west": { "texture": "#tortoise", "uv": [ 1.5, 13.875, 1.875, 15.0 ] },
						"up": { "texture": "#tortoise", "uv": [ 1.875, 15.0, 2.25, 15.375 ] },
						"down": { "texture": "#tortoise", "uv": [ 1.5, 14.25, 1.875, 14.625 ] }
					}
				},
				{
					"name": "shellrim8",
					"from": [ 5.99, 0.4, 1.09 ], 
					"to": [ 6.19, 0.9, 2.89 ], 
					"rotationOrigin": [ 5.99, 1.1, 1.29 ],
					"faces": {
						"north": { "texture": "#tortoise", "uv": [ 1.875, 13.875, 2.25, 14.25 ] },
						"east": { "texture": "#tortoise", "uv": [ 0.75, 14.625, 2.5, 15.125 ], "autoUv": false },
						"south": { "texture": "#tortoise", "uv": [ 1.875, 14.25, 2.25, 14.625 ] },
						"west": { "texture": "#tortoise", "uv": [ 1.5, 14.625, 3.0, 15.0 ] },
						"up": { "texture": "#tortoise", "uv": [ 1.5, 14.25, 1.875, 15.75 ] },
						"down": { "texture": "#tortoise", "uv": [ 2.25, 13.5, 2.625, 15.0 ] }
					}
				},
				{
					"name": "shellrim9",
					"from": [ 4.9901, 2.0E-4, -0.4092 ], 
					"to": [ 5.1901, 0.4002, 0.9908 ], 
					"rotationOrigin": [ 4.99, 0.2, -0.01 ],
					"rotationX": -114.614,
					"rotationY": 89.98,
					"rotationZ": 114.614,
					"faces": {
						"north": { "texture": "#tortoise", "uv": [ 2.25, 14.25, 2.625, 14.625 ] },
						"east": { "texture": "#tortoise", "uv": [ 2.625, 13.875, 3.75, 14.25 ] },
						"south": { "texture": "#tortoise", "uv": [ 2.625, 13.5, 3.0, 13.875 ] },
						"west": { "texture": "#tortoise", "uv": [ 1.125, 13.875, 2.25, 14.25 ] },
						"up": { "texture": "#tortoise", "uv": [ 2.625, 13.875, 3.0, 15.0 ] },
						"down": { "texture": "#tortoise", "uv": [ 2.625, 13.5, 3.0, 14.625 ] }
					}
				},
				{
					"name": "shellrim10",
					"from": [ 0.1901, 2.0E-4, -0.4099 ], 
					"to": [ 0.3901, 0.4002, 1.0901 ], 
					"rotationOrigin": [ 0.19, 0.2, -0.01 ],
					"rotationX": -114.614,
					"rotationY": 89.98,
					"rotationZ": 114.614,
					"faces": {
						"north": { "texture": "#tortoise", "uv": [ 1.125, 14.25, 1.5, 14.625 ] },
						"east": { "texture": "#tortoise", "uv": [ 1.125, 15.75, 2.625, 16.125 ] },
						"south": { "texture": "#tortoise", "uv": [ 1.5, 13.875, 1.875, 14.25 ] },
						"west": { "texture": "#tortoise", "uv": [ 2.25, 15.0, 3.75, 15.375 ] },
						"up": { "texture": "#tortoise", "uv": [ 1.875, 13.5, 2.25, 15.0 ] },
						"down": { "texture": "#tortoise", "uv": [ 3.0, 13.875, 3.375, 15.375 ] }
					}
				},
				{
					"name": "shellrim11",
					"from": [ -0.22, -0.4, 1.09 ], 
					"to": [ -0.02, 0.4, 1.49 ], 
					"rotationOrigin": [ -0.21, -0.1, 1.29 ],
					"faces": {
						"north": { "texture": "#tortoise", "uv": [ 1.875, 13.5, 2.25, 14.25 ] },
						"east": { "texture": "#tortoise", "uv": [ 1.875, 14.25, 2.25, 15.0 ] },
						"south": { "texture": "#tortoise", "uv": [ 1.875, 14.25, 2.25, 15.0 ] },
						"west": { "texture": "#tortoise", "uv": [ 2.25, 13.125, 2.625, 13.875 ] },
						"up": { "texture": "#tortoise", "uv": [ 1.5, 14.625, 1.875, 15.0 ] },
						"down": { "texture": "#tortoise", "uv": [ 1.875, 14.625, 2.25, 15.0 ] }
					}
				},
				{
					"name": "shellrim12",
					"from": [ -0.22, 0.0, -0.01 ], 
					"to": [ -0.02, 0.4, 1.09 ], 
					"rotationOrigin": [ -0.21, 0.3, 0.19 ],
					"faces": {
						"north": { "texture": "#tortoise", "uv": [ 1.5, 13.5, 1.875, 13.875 ] },
						"east": { "texture": "#tortoise", "uv": [ 1.125, 13.5, 1.875, 13.875 ] },
						"south": { "texture": "#tortoise", "uv": [ 2.25, 15.0, 2.625, 15.375 ] },
						"west": { "texture": "#tortoise", "uv": [ 1.875, 13.875, 2.625, 14.25 ] },
						"up": { "texture": "#tortoise", "uv": [ 1.875, 14.25, 2.25, 15.0 ] },
						"down": { "texture": "#tortoise", "uv": [ 2.25, 13.5, 2.625, 14.25 ] }
					}
				},
				{
					"name": "shellrim13",
					"from": [ -0.22, -0.4, 2.49 ], 
					"to": [ -0.02, 0.4, 2.89 ], 
					"rotationOrigin": [ -0.21, -0.1, 2.69 ],
					"faces": {
						"north": { "texture": "#tortoise", "uv": [ 1.5, 13.125, 1.875, 13.875 ] },
						"east": { "texture": "#tortoise", "uv": [ 1.5, 13.5, 1.875, 14.25 ] },
						"south": { "texture": "#tortoise", "uv": [ 1.5, 13.5, 1.875, 14.25 ] },
						"west": { "texture": "#tortoise", "uv": [ 2.625, 14.25, 3.0, 15.0 ] },
						"up": { "texture": "#tortoise", "uv": [ 1.875, 13.5, 2.25, 13.875 ] },
						"down": { "texture": "#tortoise", "uv": [ 1.875, 14.625, 2.25, 15.0 ] }
					}
				},
				{
					"name": "shellrim14",
					"from": [ -0.22, 0.0, 2.89 ], 
					"to": [ -0.02, 0.4, 4.19 ], 
					"rotationOrigin": [ -0.21, 0.3, 3.09 ],
					"faces": {
						"north": { "texture": "#tortoise", "uv": [ 1.875, 13.5, 2.25, 13.875 ] },
						"east": { "texture": "#tortoise", "uv": [ 1.5, 13.125, 2.625, 13.5 ] },
						"south": { "texture": "#tortoise", "uv": [ 1.875, 15.0, 2.25, 15.375 ] },
						"west": { "texture": "#tortoise", "uv": [ 2.25, 13.875, 3.375, 14.25 ] },
						"up": { "texture": "#tortoise", "uv": [ 2.25, 13.875, 2.625, 15.0 ] },
						"down": { "texture": "#tortoise", "uv": [ 2.25, 14.625, 2.625, 15.75 ] }
					}
				},
				{
					"name": "shellrim15",
					"from": [ -0.02, 0.0, 3.99 ], 
					"to": [ 1.38, 0.4, 4.19 ], 
					"rotationOrigin": [ 3.19, 0.7, 1.99 ],
					"faces": {
						"north": { "texture": "#tortoise", "uv": [ 1.125, 14.625, 2.25, 15.0 ] },
						"east": { "texture": "#tortoise", "uv": [ 1.5, 13.875, 1.875, 14.25 ] },
						"south": { "texture": "#tortoise", "uv": [ 1.5, 13.5, 2.625, 13.875 ] },
						"west": { "texture": "#tortoise", "uv": [ 1.875, 14.25, 2.25, 14.625 ] },
						"up": { "texture": "#tortoise", "uv": [ 1.5, 14.25, 2.625, 14.625 ] },
						"down": { "texture": "#tortoise", "uv": [ 1.5, 13.875, 2.625, 14.25 ] }
					}
				},
				{
					"name": "shellrim16",
					"from": [ 4.59, 0.0, 4.0 ], 
					"to": [ 5.99, 0.4, 4.2 ], 
					"rotationOrigin": [ 7.79, 0.7, 1.99 ],
					"faces": {
						"north": { "texture": "#tortoise", "uv": [ 1.125, 13.875, 2.25, 14.25 ] },
						"east": { "texture": "#tortoise", "uv": [ 1.5, 15.0, 1.875, 15.375 ] },
						"south": { "texture": "#tortoise", "uv": [ 1.5, 13.875, 2.625, 14.25 ] },
						"west": { "texture": "#tortoise", "uv": [ 3.0, 13.875, 3.375, 14.25 ] },
						"up": { "texture": "#tortoise", "uv": [ 1.5, 14.25, 2.625, 14.625 ] },
						"down": { "texture": "#tortoise", "uv": [ 1.5, 13.875, 2.625, 14.25 ] }
					}
				},
				{
					"name": "shell5",
					"from": [ 5.98, 0.4, -0.01 ], 
					"to": [ 5.98, 1.0, 1.99 ], 
					"rotationOrigin": [ 9.19, 1.1, 1.99 ],
					"faces": {
						"north": { "texture": "#tortoise", "uv": [ 7.0, 6.0, 12.75, 9.0 ], "autoUv": false },
						"east": { "texture": "#tortoise", "uv": [ 7.0, 6.0, 10.0, 9.0 ], "autoUv": false },
						"south": { "texture": "#tortoise", "uv": [ 7.0, 6.0, 12.75, 9.0 ], "autoUv": false },
						"west": { "texture": "#tortoise", "uv": [ 7.0, 6.0, 12.75, 9.0 ], "autoUv": false },
						"up": { "texture": "#tortoise", "uv": [ 7.0, 3.0, 12.75, 9.25 ], "autoUv": false },
						"down": { "texture": "#tortoise", "uv": [ 6.25, 4.25, 6.5, 6.25 ], "enabled": false }
					}
				},
				{
					"name": "shell6",
					"from": [ 5.98, 0.39, 1.99 ], 
					"to": [ 5.98, 1.0, 3.98 ], 
					"rotationOrigin": [ 7.89, 1.1, 3.99 ],
					"faces": {
						"north": { "texture": "#tortoise", "uv": [ 7.0, 6.0, 12.75, 9.0 ], "autoUv": false },
						"east": { "texture": "#tortoise", "uv": [ 7.0, 6.0, 10.0, 9.0 ], "autoUv": false },
						"south": { "texture": "#tortoise", "uv": [ 7.0, 6.0, 12.75, 9.0 ], "autoUv": false },
						"west": { "texture": "#tortoise", "uv": [ 7.0, 6.0, 12.75, 9.0 ], "autoUv": false },
						"up": { "texture": "#tortoise", "uv": [ 7.0, 3.0, 12.75, 9.25 ], "autoUv": false },
						"down": { "texture": "#tortoise", "uv": [ 6.25, 4.25, 6.5, 6.0 ], "enabled": false }
					}
				},
				{
					"name": "main",
					"from": [ -1.91, -4.5, 0.99 ], 
					"to": [ 8.09, 5.5, 1.49 ], 
					"rotationOrigin": [ 3.09, 0.5, 1.99 ],
					"rotationX": -90.0,
					"rotationZ": -90.0,
					"faces": {
						"north": { "texture": "#square-wood", "uv": [ 1.0, 1.0, 11.0, 11.0 ] },
						"east": { "texture": "#square-wood", "uv": [ 0.0, 11.0, 0.5, 21.0 ] },
						"south": { "texture": "#square-wood", "uv": [ 13.0, 1.0, 23.0, 11.0 ] },
						"west": { "texture": "#square-wood", "uv": [ 0.5, 11.0, 1.0, 21.0 ] },
						"up": { "texture": "#square-wood", "uv": [ 1.0, 11.0, 1.5, 21.0 ], "rotation": 90 },
						"down": { "texture": "#square-wood", "uv": [ 1.5, 11.0, 2.0, 21.0 ], "rotation": 270 }
					},
					"children": [
						{
							"name": "Right",
							"from": [ -1.0, 1.0, 0.0 ], 
							"to": [ 0.0, 9.0, 0.5 ], 
							"rotationOrigin": [ -1.0, 1.0, 0.0 ],
							"faces": {
								"north": { "texture": "#square-wood", "uv": [ 0.0, 2.0, 1.0, 10.0 ], "rotation": 180 },
								"east": { "texture": "#square-wood", "uv": [ 0.0, 0.0, 0.5, 8.0 ], "enabled": false },
								"south": { "texture": "#square-wood", "uv": [ 12.0, 2.0, 13.0, 10.0 ] },
								"west": { "texture": "#square-wood", "uv": [ 3.0, 12.0, 3.5, 20.0 ] },
								"up": { "texture": "#square-wood", "uv": [ 0.0, 0.0, 1.0, 0.5 ] },
								"down": { "texture": "#square-wood", "uv": [ 0.0, 0.5, 1.0, 1.0 ] }
							}
						},
						{
							"name": "Left",
							"from": [ 10.0, 1.0, 0.0 ], 
							"to": [ 11.0, 9.0, 0.5 ], 
							"rotationOrigin": [ 10.0, 1.0, 0.0 ],
							"faces": {
								"north": { "texture": "#square-wood", "uv": [ 11.0, 2.0, 12.0, 10.0 ], "rotation": 180 },
								"east": { "texture": "#square-wood", "uv": [ 3.5, 12.0, 4.0, 20.0 ] },
								"south": { "texture": "#square-wood", "uv": [ 23.0, 2.0, 24.0, 10.0 ] },
								"west": { "texture": "#square-wood", "uv": [ 0.0, 0.0, 0.5, 8.0 ], "enabled": false },
								"up": { "texture": "#square-wood", "uv": [ 1.0, 0.0, 2.0, 0.5 ] },
								"down": { "texture": "#square-wood", "uv": [ 1.0, 0.5, 2.0, 1.0 ] }
							}
						},
						{
							"name": "Down",
							"from": [ 1.0, -1.0, 0.0 ], 
							"to": [ 9.0, 0.0, 0.5 ], 
							"rotationOrigin": [ 1.0, -1.0, 0.0 ],
							"faces": {
								"north": { "texture": "#square-wood", "uv": [ 2.0, 11.0, 10.0, 12.0 ] },
								"east": { "texture": "#square-wood", "uv": [ 10.5, 0.0, 11.0, 1.0 ] },
								"south": { "texture": "#square-wood", "uv": [ 14.0, 11.0, 22.0, 12.0 ] },
								"west": { "texture": "#square-wood", "uv": [ 13.5, 0.0, 14.0, 1.0 ] },
								"up": { "texture": "#square-wood", "uv": [ 0.0, 0.0, 8.0, 0.5 ], "enabled": false },
								"down": { "texture": "#square-wood", "uv": [ 2.0, 12.0, 2.5, 20.0 ], "rotation": 90 }
							}
						},
						{
							"name": "Top",
							"from": [ 1.0, 10.0, 0.0 ], 
							"to": [ 9.0, 11.0, 0.5 ], 
							"rotationOrigin": [ 1.0, 10.0, 0.0 ],
							"faces": {
								"north": { "texture": "#square-wood", "uv": [ 2.0, 0.0, 10.0, 1.0 ] },
								"east": { "texture": "#square-wood", "uv": [ 10.0, 0.0, 10.5, 1.0 ] },
								"south": { "texture": "#square-wood", "uv": [ 14.0, 0.0, 22.0, 1.0 ] },
								"west": { "texture": "#square-wood", "uv": [ 13.0, 0.0, 13.5, 1.0 ] },
								"up": { "texture": "#square-wood", "uv": [ 2.5, 12.0, 3.0, 20.0 ], "rotation": 270 },
								"down": { "texture": "#square-wood", "uv": [ 0.0, 0.0, 8.0, 0.5 ], "enabled": false }
							}
						},
						{
							"name": "boss",
							"from": [ 3.0, 3.0, -0.4 ], 
							"to": [ 7.0, 7.0, 1.1 ], 
							"rotationOrigin": [ 5.0, 5.0, 0.6 ],
							"faces": {
								"north": { "texture": "#square-wood", "uv": [ 2.0, 20.0, 6.0, 24.0 ] },
								"east": { "texture": "#square-wood", "uv": [ 10.0, 20.0, 11.5, 24.0 ] },
								"south": { "texture": "#square-wood", "uv": [ 6.0, 20.0, 10.0, 24.0 ] },
								"west": { "texture": "#square-wood", "uv": [ 11.5, 20.0, 13.0, 24.0 ], "rotation": 180 },
								"up": { "texture": "#square-wood", "uv": [ 13.0, 20.0, 14.5, 24.0 ], "rotation": 270 },
								"down": { "texture": "#square-wood", "uv": [ 14.5, 20.0, 16.0, 24.0 ], "rotation": 270 }
							}
						}
					]
				}
			]
		}
	],
	"animations": [
		{
			"name": "Walk",
			"code": "walk",
			"quantityframes": 60,
			"onActivityStopped": "PlayTillEnd",
			"onAnimationEnd": "Repeat",
			"keyframes": [

			]
		},

		{
			"name": "Eat",
			"code": "eat",
			"quantityframes": 60,
			"onActivityStopped": "PlayTillEnd",
			"onAnimationEnd": "Stop",
			"keyframes": [

			]
		},

		{
			"name": "Sleep",
			"code": "sleep",
			"quantityframes": 30,
			"onActivityStopped": "EaseOut",
			"onAnimationEnd": "Hold",
			"keyframes": [

			]
		},

		{
			"name": "Idle",
			"code": "idle",
			"quantityframes": 60,
			"onActivityStopped": "PlayTillEnd",
			"onAnimationEnd": "Repeat",
			"keyframes": [

			]
		},

		{
			"name": "Die",
			"code": "die",
			"quantityframes": 5,
			"onActivityStopped": "PlayTillEnd",
			"onAnimationEnd": "Hold",
			"keyframes": [

			]
		}
	]
}