{
	code: "creature",
	class: "ItemCreature",
	maxstacksize: 1,
	variantgroups: [
		{ code: "genus", states: ["coleonyx"]},
		{
			code: "type",
			states: [
				"variegatus",
				"brevis",
				"elegans",
				"fasciatus",
				"nemoralis",
				"reticulatus",
				"switaki",
				"gypsicolus",
				"mitratus"
			]
		},
		
		],

	shape: {
			"base": "entity/land/coleonyx"
		
	},
	texturesByType: {
		"*-coleonyx-variegatus": {
			"skin": { "base": "entity/bandedgecko/coleonyx-variegatus" }
		},
		"*-coleonyx-brevis": {
			"skin": { "base": "entity/bandedgecko/coleonyx-brevis" }
		},
		"*-coleonyx-elegans": {
			"skin": { "base": "entity/bandedgecko/coleonyx-elegans" }
		},
		"*-coleonyx-fasciatus": {
			"skin": { "base": "entity/bandedgecko/coleonyx-fasciatus" }
		},
		"*-coleonyx-nemoralis": {
			"skin": { "base": "entity/bandedgecko/coleonyx-nemoralis" }
		},
		"*-coleonyx-reticulatus": {
			"skin": { "base": "entity/bandedgecko/coleonyx-reticulatus" }
		},
		"*-coleonyx-switaki": {
			"skin": { "base": "entity/bandedgecko/coleonyx-switaki" }
		},
		"*-coleonyx-gypsicolus": {
			"skin": { "base": "entity/bandedgecko/coleonyx-gypsicolus" }
		},
		"*-coleonyx-mitratus": {
			"skin": { "base": "entity/bandedgecko/coleonyx-mitratus" }
		}
	},
	
	
	
	
	creativeinventory: { "general": ["*"], "items": ["*"], "creatures": ["*"] },
	materialDensity: 600,
	guiTransform: {
		
			rotate: true,
			translation: { x: 1, y: -1, z: 0 },
			rotation: { x: -11, y: -52, z: -180 },
			origin: { x: 0.5, y: 0.6, z: 0.5 },
			scale: 0.97		
	},
	
	tpHandTransform: {

			translation: { x: -0.4, y: 0, z: -0.6 },
			rotation: { x: -160, y: -26, z: -90 },
			origin: { x: 0.5, y: 0.1, z: 0.5 },
			scale: 0.45	
	},
	
	fpHandTransform: {
	
			translation: { x: 0.4, y: 0, z: 0 },
			rotation: { x: -8, y: -63, z: -7 }
	}
	

	
	
	
	




