{
	"editor": {
		"allAngles": false,
		"entityTextureMode": false
	},
	"textureWidth": 16,
	"textureHeight": 16,
	"textureSizes": {
	},
	"textures": {
		"normal1": "game:block/liquid/snow/normal1",
		"dark": "wattleanddaub/dark"
	},
	"elements": [
		{
			"name": "root",
			"from": [ 8.0, 0.0, 8.0 ],
			"to": [ 8.0, 0.0, 8.0 ],
			"rotationOrigin": [ 8.0, 0.0, 8.0 ],
			"faces": {
			},
			"children": [
				{
					"name": "Wall",
					"from": [ -8.0, 0.0, -2.0 ],
					"to": [ 2.0, 16.0, 2.0 ],
					"rotationOrigin": [ -8.0, 0.0, -2.0 ],
					"faces": {
						"north": { "texture": "#dark", "uv": [ 0.0, 0.0, 10.0, 16.0 ] },
						"east": { "texture": "#dark", "uv": [ 0.0, 0.0, 4.0, 16.0 ] },
						"south": { "texture": "#dark", "uv": [ 0.0, 0.0, 10.0, 16.0 ] },
						"west": { "texture": "#dark", "uv": [ 0.0, 0.0, 4.0, 16.0 ] },
						"up": { "texture": "#dark", "uv": [ 0.0, 0.0, 10.0, 4.0 ] },
						"down": { "texture": "#dark", "uv": [ 0.0, 0.0, 10.0, 4.0 ] }
					},
					"children": [
						{
							"name": "Cube2",
							"from": [ 0.0, 16.0, 0.0 ],
							"to": [ 10.0, 18.0, 4.0 ],
							"rotationOrigin": [ 0.0, 16.0, 0.0 ],
							"faces": {
								"north": { "texture": "#normal1", "uv": [ 0.0, 0.0, 10.0, 2.0 ] },
								"east": { "texture": "#normal1", "uv": [ 0.0, 0.0, 4.0, 2.0 ] },
								"south": { "texture": "#normal1", "uv": [ 0.0, 0.0, 10.0, 2.0 ] },
								"west": { "texture": "#normal1", "uv": [ 0.0, 0.0, 4.0, 2.0 ] },
								"up": { "texture": "#normal1", "uv": [ 0.0, 0.0, 10.0, 4.0 ] }
							}
						}
					]
				},
				{
					"name": "Wall2",
					"from": [ -2.0, 0.0, 2.0 ],
					"to": [ 2.0, 16.0, 8.0 ],
					"rotationOrigin": [ 0.0, 0.0, 2.0 ],
					"faces": {
						"east": { "texture": "#dark", "uv": [ 0.0, 0.0, 6.0, 16.0 ] },
						"south": { "texture": "#dark", "uv": [ 0.0, 0.0, 4.0, 16.0 ] },
						"west": { "texture": "#dark", "uv": [ 0.0, 0.0, 6.0, 16.0 ] },
						"up": { "texture": "#dark", "uv": [ 0.0, 0.0, 4.0, 6.0 ] },
						"down": { "texture": "#dark", "uv": [ 0.0, 0.0, 4.0, 6.0 ] }
					},
					"children": [
						{
							"name": "Cube3",
							"from": [ 0.0, 16.0, 0.0 ],
							"to": [ 4.0, 18.0, 6.0 ],
							"rotationOrigin": [ 0.0, 16.0, 0.0 ],
							"faces": {
								"east": { "texture": "#normal1", "uv": [ 0.0, 0.0, 6.0, 2.0 ] },
								"south": { "texture": "#normal1", "uv": [ 0.0, 0.0, 4.0, 2.0 ] },
								"west": { "texture": "#normal1", "uv": [ 0.0, 0.0, 6.0, 2.0 ] },
								"up": { "texture": "#normal1", "uv": [ 0.0, 0.0, 4.0, 6.0 ] }
							}
						}
					]
				}
			]
		}
	]}