[
	{
		ingredientPattern: "_N_,LKL,KHK",
		ingredients: {
			"N": { type: "item", code: "game:knife-*", isTool: true, toolDurabilityCost: 32 },
			"K": { type: "item", code: "game:komodohide" },
			"L": { type: "item", code: "game:flaxtwine" },
			"H": { type: "item", code: "game:armor-head-sewn-leather" }
		},
		width: 3,
		height: 3,
		name: "komododragon hide helmet",
		output: { type: "item", code: "game:armor-head-sewn-komodohide"  }
	},
	{
		ingredientPattern: "_N_,LTL,LML",
		ingredients: {
			"N": { type: "item", code: "game:knife-*", isTool: true, toolDurabilityCost: 32 },
			"L": { type: "item", code: "game:komodohide" },
			"M": { type: "item", code: "game:armor-body-sewn-leather" },
			"T": { type: "item", code: "game:flaxtwine", quantity: 2 }
		},
		width: 3,
		height: 3,
		name: "komododragon hide body armor",
		output: { type: "item", code: "game:armor-body-sewn-komodohide"  }
	},
	{
		ingredientPattern: "_N_,LTL,K_K",
		ingredients: {
			"N": { type: "item", code: "game:knife-*", isTool: true, toolDurabilityCost: 32 },
			"K": { type: "item", code: "game:komodohide" },
			"L": { type: "item", code: "game:flaxtwine" },
			"T": { type: "item", code: "game:armor-legs-sewn-leather" }
		},
		width: 3,
		height: 3,
		name: "leather leg armor",
		output: { type: "item", code: "game:armor-legs-sewn-komodohide"  }
	}
]