{
	"editor": {
		"collapsedPaths": "Root/origin1/contents1/meatpile/redmeat2,Root/origin1/contents1/meatpile/redmeat4,Root/origin1/contents1/meatpile/redmeat3,Root/origin1/contents1/meatpile/redmeat6,Root/origin1/contents1/meatpile/redmeat5",
		"allAngles": true,
		"entityTextureMode": false
	},
	"textureWidth": 16,
	"textureHeight": 16,
	"textureSizes": {
	},
	"textures": {
		"cooked": "item/food/meat/cooked",
		"raw": "item/food/meat/raw"
	},
	"elements": [
		{
			"name": "origin1",
			"from": [ 0.0, 0.0, 0.0 ],
			"to": [ 0.0, 0.0, 0.0 ],
			"rotationOrigin": [ 8.0, 0.0, 8.0 ],
			"faces": {
			},
			"children": [
				{
					"name": "contents1",
					"from": [ 5.0, 4.0, 4.0 ],
					"to": [ 16.0, 8.5, 12.0 ],
					"rotationOrigin": [ 5.0, 8.0, 11.0 ],
					"faces": {
						"east": { "texture": "#raw", "uv": [ 0.0, 0.0, 4.5, 8.0 ], "rotation": 90 },
						"up": { "texture": "#raw", "uv": [ 0.0, 0.0, 8.0, 8.0 ], "autoUv": false }
					},
					"children": [
						{
							"name": "meatpile",
							"from": [ 0.0, 3.0, 0.0 ],
							"to": [ 0.0, 3.0, 0.0 ],
							"rotationOrigin": [ 6.0, 3.0, 4.0 ],
							"faces": {
								"north": { "texture": "#cooked", "uv": [ 0.0, 0.0, 0.5, 0.5 ] },
								"east": { "texture": "#cooked", "uv": [ 0.0, 0.0, 0.5, 0.5 ] },
								"south": { "texture": "#cooked", "uv": [ 0.0, 0.0, 0.5, 0.5 ] },
								"west": { "texture": "#cooked", "uv": [ 0.0, 0.0, 0.5, 0.5 ] },
								"up": { "texture": "#cooked", "uv": [ 0.0, 0.0, 0.5, 0.5 ] },
								"down": { "texture": "#cooked", "uv": [ 0.0, 0.0, 0.5, 0.5 ] }
							},
							"children": [
								{
									"name": "redmeat1",
									"from": [ 5.0, 1.3, 0.0 ],
									"to": [ 11.0, 2.3, 1.5 ],
									"rotationOrigin": [ 7.0, 1.0, 1.0 ],
									"rotationX": 17.0,
									"rotationY": -22.0,
									"rotationZ": -8.0,
									"faces": {
										"north": { "texture": "#raw", "uv": [ 0.0, 1.0, 6.0, 2.0 ] },
										"east": { "texture": "#raw", "uv": [ 6.0, 2.0, 7.5, 3.0 ] },
										"south": { "texture": "#raw", "uv": [ 0.0, 0.0, 6.0, 1.0 ] },
										"west": { "texture": "#raw", "uv": [ 6.0, 3.0, 7.5, 4.0 ] },
										"up": { "texture": "#raw", "uv": [ 1.0, 1.0, 7.0, 2.5 ] },
										"down": { "texture": "#raw", "uv": [ 2.0, 0.0, 8.0, 1.5 ] }
									},
									"children": [
										{
											"name": "Cube3",
											"from": [ 0.5, 0.0, 1.5 ],
											"to": [ 5.0, 1.0, 2.0 ],
											"rotationOrigin": [ 1.0, 0.0, -1.0 ],
											"faces": {
												"east": { "texture": "#raw", "uv": [ 7.0, 2.0, 7.5, 3.0 ] },
												"west": { "texture": "#raw", "uv": [ 0.0, 1.0, 0.5, 2.0 ] },
												"up": { "texture": "#raw", "uv": [ 0.0, 0.5, 4.5, 1.0 ] },
												"down": { "texture": "#raw", "uv": [ 0.0, 0.0, 4.5, 0.5 ] }
											}
										},
										{
											"name": "Cube4",
											"from": [ 0.5, 0.0, 2.0 ],
											"to": [ 5.5, 1.0, 2.5 ],
											"rotationOrigin": [ 1.0, 0.0, -1.0 ],
											"faces": {
												"north": { "texture": "#raw", "uv": [ 0.0, 0.0, 5.0, 1.0 ] },
												"east": { "texture": "#raw", "uv": [ 7.0, 3.0, 7.5, 4.0 ] },
												"south": { "texture": "#raw", "uv": [ 1.0, 2.0, 6.0, 3.0 ] },
												"west": { "texture": "#raw", "uv": [ 7.0, 0.0, 7.5, 1.0 ] },
												"up": { "texture": "#raw", "uv": [ 0.0, 3.0, 5.0, 3.5 ] },
												"down": { "texture": "#raw", "uv": [ 0.0, 0.0, 5.0, 0.5 ] }
											}
										},
										{
											"name": "Cube5",
											"from": [ 1.0, 0.0, -0.5 ],
											"to": [ 5.0, 1.0, 0.0 ],
											"rotationOrigin": [ 1.0, 0.0, -1.0 ],
											"faces": {
												"north": { "texture": "#raw", "uv": [ 1.0, 3.0, 5.0, 4.0 ] },
												"east": { "texture": "#raw", "uv": [ 6.0, 3.0, 6.5, 4.0 ] },
												"west": { "texture": "#raw", "uv": [ 3.0, 3.0, 3.5, 4.0 ] },
												"up": { "texture": "#raw", "uv": [ 1.0, 3.0, 5.0, 3.5 ] },
												"down": { "texture": "#raw", "uv": [ 0.0, 0.0, 4.0, 0.5 ] }
											}
										},
										{
											"name": "Cube6",
											"from": [ 1.5, 0.0, -1.0 ],
											"to": [ 4.5, 0.5, -0.5 ],
											"rotationOrigin": [ 1.0, 0.0, -1.0 ],
											"faces": {
												"north": { "texture": "#raw", "uv": [ 0.0, 2.0, 3.0, 2.5 ] },
												"east": { "texture": "#raw", "uv": [ 0.0, 0.0, 0.5, 0.5 ] },
												"west": { "texture": "#raw", "uv": [ 0.0, 0.0, 0.5, 0.5 ] },
												"up": { "texture": "#raw", "uv": [ 1.0, 2.0, 4.0, 2.5 ] },
												"down": { "texture": "#raw", "uv": [ 0.0, 0.0, 3.0, 0.5 ] }
											}
										},
										{
											"name": "Cube7",
											"from": [ 1.5, 0.0, 2.5 ],
											"to": [ 4.5, 0.5, 3.0 ],
											"rotationOrigin": [ 1.0, 0.0, -1.0 ],
											"faces": {
												"east": { "texture": "#raw", "uv": [ 5.0, 1.0, 5.5, 1.5 ] },
												"south": { "texture": "#raw", "uv": [ 1.0, 3.0, 4.0, 3.5 ] },
												"west": { "texture": "#raw", "uv": [ 1.0, 3.0, 1.5, 3.5 ] },
												"up": { "texture": "#raw", "uv": [ 3.0, 3.0, 6.0, 3.5 ] },
												"down": { "texture": "#raw", "uv": [ 0.0, 0.0, 3.0, 0.5 ] }
											}
										}
									]
								},
								{
									"name": "redmeat2",
									"from": [ 6.5, 1.3, 3.5 ],
									"to": [ 12.5, 2.3, 5.0 ],
									"rotationOrigin": [ 9.0, 1.0, 5.0 ],
									"rotationX": 14.0,
									"rotationY": 125.0,
									"rotationZ": -8.0,
									"faces": {
										"north": { "texture": "#raw", "uv": [ 0.0, 1.0, 6.0, 2.0 ] },
										"east": { "texture": "#raw", "uv": [ 6.0, 2.0, 7.5, 3.0 ] },
										"south": { "texture": "#raw", "uv": [ 0.0, 0.0, 6.0, 1.0 ] },
										"west": { "texture": "#raw", "uv": [ 6.0, 3.0, 7.5, 4.0 ] },
										"up": { "texture": "#raw", "uv": [ 1.0, 1.0, 7.0, 2.5 ] },
										"down": { "texture": "#raw", "uv": [ 2.0, 0.0, 8.0, 1.5 ] }
									},
									"children": [
										{
											"name": "Cube8",
											"from": [ 0.5, 0.0, 1.5 ],
											"to": [ 5.0, 1.0, 2.0 ],
											"rotationOrigin": [ 1.0, 0.0, -1.0 ],
											"faces": {
												"east": { "texture": "#raw", "uv": [ 7.0, 2.0, 7.5, 3.0 ] },
												"west": { "texture": "#raw", "uv": [ 0.0, 1.0, 0.5, 2.0 ] },
												"up": { "texture": "#raw", "uv": [ 0.0, 0.5, 4.5, 1.0 ] },
												"down": { "texture": "#raw", "uv": [ 0.0, 0.0, 4.5, 0.5 ] }
											}
										},
										{
											"name": "Cube9",
											"from": [ 0.5, 0.0, 2.0 ],
											"to": [ 5.5, 1.0, 2.5 ],
											"rotationOrigin": [ 1.0, 0.0, -1.0 ],
											"faces": {
												"north": { "texture": "#raw", "uv": [ 0.0, 0.0, 5.0, 1.0 ] },
												"east": { "texture": "#raw", "uv": [ 7.0, 3.0, 7.5, 4.0 ] },
												"south": { "texture": "#raw", "uv": [ 1.0, 2.0, 6.0, 3.0 ] },
												"west": { "texture": "#raw", "uv": [ 7.0, 0.0, 7.5, 1.0 ] },
												"up": { "texture": "#raw", "uv": [ 0.0, 3.0, 5.0, 3.5 ] },
												"down": { "texture": "#raw", "uv": [ 0.0, 0.0, 5.0, 0.5 ] }
											}
										},
										{
											"name": "Cube10",
											"from": [ 1.0, 0.0, -0.5 ],
											"to": [ 5.0, 1.0, 0.0 ],
											"rotationOrigin": [ 1.0, 0.0, -1.0 ],
											"faces": {
												"north": { "texture": "#raw", "uv": [ 1.0, 3.0, 5.0, 4.0 ] },
												"east": { "texture": "#raw", "uv": [ 6.0, 3.0, 6.5, 4.0 ] },
												"west": { "texture": "#raw", "uv": [ 3.0, 3.0, 3.5, 4.0 ] },
												"up": { "texture": "#raw", "uv": [ 1.0, 3.0, 5.0, 3.5 ] },
												"down": { "texture": "#raw", "uv": [ 0.0, 0.0, 4.0, 0.5 ] }
											}
										},
										{
											"name": "Cube11",
											"from": [ 1.5, 0.0, -1.0 ],
											"to": [ 4.5, 0.5, -0.5 ],
											"rotationOrigin": [ 1.0, 0.0, -1.0 ],
											"faces": {
												"north": { "texture": "#raw", "uv": [ 0.0, 2.0, 3.0, 2.5 ] },
												"east": { "texture": "#raw", "uv": [ 0.0, 0.0, 0.5, 0.5 ] },
												"west": { "texture": "#raw", "uv": [ 0.0, 0.0, 0.5, 0.5 ] },
												"up": { "texture": "#raw", "uv": [ 1.0, 2.0, 4.0, 2.5 ] },
												"down": { "texture": "#raw", "uv": [ 0.0, 0.0, 3.0, 0.5 ] }
											}
										},
										{
											"name": "Cube12",
											"from": [ 1.5, 0.0, 2.5 ],
											"to": [ 4.5, 0.5, 3.0 ],
											"rotationOrigin": [ 1.0, 0.0, -1.0 ],
											"faces": {
												"east": { "texture": "#raw", "uv": [ 5.0, 1.0, 5.5, 1.5 ] },
												"south": { "texture": "#raw", "uv": [ 1.0, 3.0, 4.0, 3.5 ] },
												"west": { "texture": "#raw", "uv": [ 1.0, 3.0, 1.5, 3.5 ] },
												"up": { "texture": "#raw", "uv": [ 3.0, 3.0, 6.0, 3.5 ] },
												"down": { "texture": "#raw", "uv": [ 0.0, 0.0, 3.0, 0.5 ] }
											}
										}
									]
								},
								{
									"name": "redmeat3",
									"from": [ 1.5, 1.0, 5.5 ],
									"to": [ 7.5, 2.0, 7.0 ],
									"rotationOrigin": [ 4.0, 0.0, 7.0 ],
									"rotationX": -8.0,
									"rotationY": 19.0,
									"rotationZ": -6.0,
									"faces": {
										"north": { "texture": "#raw", "uv": [ 0.0, 1.0, 6.0, 2.0 ] },
										"east": { "texture": "#raw", "uv": [ 6.0, 2.0, 7.5, 3.0 ] },
										"south": { "texture": "#raw", "uv": [ 0.0, 0.0, 6.0, 1.0 ] },
										"west": { "texture": "#raw", "uv": [ 6.0, 3.0, 7.5, 4.0 ] },
										"up": { "texture": "#raw", "uv": [ 1.0, 1.0, 7.0, 2.5 ] },
										"down": { "texture": "#raw", "uv": [ 2.0, 0.0, 8.0, 1.5 ] }
									},
									"children": [
										{
											"name": "Cube13",
											"from": [ 0.5, 0.0, 1.5 ],
											"to": [ 5.0, 1.0, 2.0 ],
											"rotationOrigin": [ 1.0, 0.0, -1.0 ],
											"faces": {
												"east": { "texture": "#raw", "uv": [ 7.0, 2.0, 7.5, 3.0 ] },
												"west": { "texture": "#raw", "uv": [ 0.0, 1.0, 0.5, 2.0 ] },
												"up": { "texture": "#raw", "uv": [ 0.0, 0.5, 4.5, 1.0 ] },
												"down": { "texture": "#raw", "uv": [ 0.0, 0.0, 4.5, 0.5 ] }
											}
										},
										{
											"name": "Cube14",
											"from": [ 0.5, 0.0, 2.0 ],
											"to": [ 5.5, 1.0, 2.5 ],
											"rotationOrigin": [ 1.0, 0.0, -1.0 ],
											"faces": {
												"north": { "texture": "#raw", "uv": [ 0.0, 0.0, 5.0, 1.0 ] },
												"east": { "texture": "#raw", "uv": [ 7.0, 3.0, 7.5, 4.0 ] },
												"south": { "texture": "#raw", "uv": [ 1.0, 2.0, 6.0, 3.0 ] },
												"west": { "texture": "#raw", "uv": [ 7.0, 0.0, 7.5, 1.0 ] },
												"up": { "texture": "#raw", "uv": [ 0.0, 3.0, 5.0, 3.5 ] },
												"down": { "texture": "#raw", "uv": [ 0.0, 0.0, 5.0, 0.5 ] }
											}
										},
										{
											"name": "Cube15",
											"from": [ 1.0, 0.0, -0.5 ],
											"to": [ 5.0, 1.0, 0.0 ],
											"rotationOrigin": [ 1.0, 0.0, -1.0 ],
											"faces": {
												"north": { "texture": "#raw", "uv": [ 1.0, 3.0, 5.0, 4.0 ] },
												"east": { "texture": "#raw", "uv": [ 6.0, 3.0, 6.5, 4.0 ] },
												"west": { "texture": "#raw", "uv": [ 3.0, 3.0, 3.5, 4.0 ] },
												"up": { "texture": "#raw", "uv": [ 1.0, 3.0, 5.0, 3.5 ] },
												"down": { "texture": "#raw", "uv": [ 0.0, 0.0, 4.0, 0.5 ] }
											}
										},
										{
											"name": "Cube16",
											"from": [ 1.5, 0.0, -1.0 ],
											"to": [ 4.5, 0.5, -0.5 ],
											"rotationOrigin": [ 1.0, 0.0, -1.0 ],
											"faces": {
												"north": { "texture": "#raw", "uv": [ 0.0, 2.0, 3.0, 2.5 ] },
												"east": { "texture": "#raw", "uv": [ 0.0, 0.0, 0.5, 0.5 ] },
												"west": { "texture": "#raw", "uv": [ 0.0, 0.0, 0.5, 0.5 ] },
												"up": { "texture": "#raw", "uv": [ 1.0, 2.0, 4.0, 2.5 ] },
												"down": { "texture": "#raw", "uv": [ 0.0, 0.0, 3.0, 0.5 ] }
											}
										},
										{
											"name": "Cube17",
											"from": [ 1.5, 0.0, 2.5 ],
											"to": [ 4.5, 0.5, 3.0 ],
											"rotationOrigin": [ 1.0, 0.0, -1.0 ],
											"faces": {
												"east": { "texture": "#raw", "uv": [ 5.0, 1.0, 5.5, 1.5 ] },
												"south": { "texture": "#raw", "uv": [ 1.0, 3.0, 4.0, 3.5 ] },
												"west": { "texture": "#raw", "uv": [ 1.0, 3.0, 1.5, 3.5 ] },
												"up": { "texture": "#raw", "uv": [ 3.0, 3.0, 6.0, 3.5 ] },
												"down": { "texture": "#raw", "uv": [ 0.0, 0.0, 3.0, 0.5 ] }
											}
										}
									]
								},
								{
									"name": "redmeat4",
									"from": [ -0.5, 1.0, 0.5 ],
									"to": [ 5.5, 2.0, 2.0 ],
									"rotationOrigin": [ 2.0, 0.0, 2.0 ],
									"rotationX": 19.0,
									"rotationY": -61.0,
									"rotationZ": -6.0,
									"faces": {
										"north": { "texture": "#raw", "uv": [ 0.0, 1.0, 6.0, 2.0 ] },
										"east": { "texture": "#raw", "uv": [ 6.0, 2.0, 7.5, 3.0 ] },
										"south": { "texture": "#raw", "uv": [ 0.0, 0.0, 6.0, 1.0 ] },
										"west": { "texture": "#raw", "uv": [ 6.0, 3.0, 7.5, 4.0 ] },
										"up": { "texture": "#raw", "uv": [ 1.0, 1.0, 7.0, 2.5 ] },
										"down": { "texture": "#raw", "uv": [ 2.0, 0.0, 8.0, 1.5 ] }
									},
									"children": [
										{
											"name": "Cube18",
											"from": [ 0.5, 0.0, 1.5 ],
											"to": [ 5.0, 1.0, 2.0 ],
											"rotationOrigin": [ 1.0, 0.0, -1.0 ],
											"faces": {
												"east": { "texture": "#raw", "uv": [ 7.0, 2.0, 7.5, 3.0 ] },
												"west": { "texture": "#raw", "uv": [ 0.0, 1.0, 0.5, 2.0 ] },
												"up": { "texture": "#raw", "uv": [ 0.0, 0.5, 4.5, 1.0 ] },
												"down": { "texture": "#raw", "uv": [ 0.0, 0.0, 4.5, 0.5 ] }
											}
										},
										{
											"name": "Cube19",
											"from": [ 0.5, 0.0, 2.0 ],
											"to": [ 5.5, 1.0, 2.5 ],
											"rotationOrigin": [ 1.0, 0.0, -1.0 ],
											"faces": {
												"north": { "texture": "#raw", "uv": [ 0.0, 0.0, 5.0, 1.0 ] },
												"east": { "texture": "#raw", "uv": [ 7.0, 3.0, 7.5, 4.0 ] },
												"south": { "texture": "#raw", "uv": [ 1.0, 2.0, 6.0, 3.0 ] },
												"west": { "texture": "#raw", "uv": [ 7.0, 0.0, 7.5, 1.0 ] },
												"up": { "texture": "#raw", "uv": [ 0.0, 3.0, 5.0, 3.5 ] },
												"down": { "texture": "#raw", "uv": [ 0.0, 0.0, 5.0, 0.5 ] }
											}
										},
										{
											"name": "Cube20",
											"from": [ 1.0, 0.0, -0.5 ],
											"to": [ 5.0, 1.0, 0.0 ],
											"rotationOrigin": [ 1.0, 0.0, -1.0 ],
											"faces": {
												"north": { "texture": "#raw", "uv": [ 1.0, 3.0, 5.0, 4.0 ] },
												"east": { "texture": "#raw", "uv": [ 6.0, 3.0, 6.5, 4.0 ] },
												"west": { "texture": "#raw", "uv": [ 3.0, 3.0, 3.5, 4.0 ] },
												"up": { "texture": "#raw", "uv": [ 1.0, 3.0, 5.0, 3.5 ] },
												"down": { "texture": "#raw", "uv": [ 0.0, 0.0, 4.0, 0.5 ] }
											}
										},
										{
											"name": "Cube21",
											"from": [ 1.5, 0.0, -1.0 ],
											"to": [ 4.5, 0.5, -0.5 ],
											"rotationOrigin": [ 1.0, 0.0, -1.0 ],
											"faces": {
												"north": { "texture": "#raw", "uv": [ 0.0, 2.0, 3.0, 2.5 ] },
												"east": { "texture": "#raw", "uv": [ 0.0, 0.0, 0.5, 0.5 ] },
												"west": { "texture": "#raw", "uv": [ 0.0, 0.0, 0.5, 0.5 ] },
												"up": { "texture": "#raw", "uv": [ 1.0, 2.0, 4.0, 2.5 ] },
												"down": { "texture": "#raw", "uv": [ 0.0, 0.0, 3.0, 0.5 ] }
											}
										},
										{
											"name": "Cube22",
											"from": [ 1.5, 0.0, 2.5 ],
											"to": [ 4.5, 0.5, 3.0 ],
											"rotationOrigin": [ 1.0, 0.0, -1.0 ],
											"faces": {
												"east": { "texture": "#raw", "uv": [ 5.0, 1.0, 5.5, 1.5 ] },
												"south": { "texture": "#raw", "uv": [ 1.0, 3.0, 4.0, 3.5 ] },
												"west": { "texture": "#raw", "uv": [ 1.0, 3.0, 1.5, 3.5 ] },
												"up": { "texture": "#raw", "uv": [ 3.0, 3.0, 6.0, 3.5 ] },
												"down": { "texture": "#raw", "uv": [ 0.0, 0.0, 3.0, 0.5 ] }
											}
										}
									]
								},
								{
									"name": "redmeat5",
									"from": [ 1.0, 1.0, 2.5 ],
									"to": [ 7.0, 2.0, 4.0 ],
									"rotationOrigin": [ 4.0, 0.0, 4.0 ],
									"rotationX": -6.0,
									"rotationY": 19.0,
									"rotationZ": 17.0,
									"faces": {
										"north": { "texture": "#raw", "uv": [ 0.0, 1.0, 6.0, 2.0 ] },
										"east": { "texture": "#raw", "uv": [ 6.0, 2.0, 7.5, 3.0 ] },
										"south": { "texture": "#raw", "uv": [ 0.0, 0.0, 6.0, 1.0 ] },
										"west": { "texture": "#raw", "uv": [ 6.0, 3.0, 7.5, 4.0 ] },
										"up": { "texture": "#raw", "uv": [ 1.0, 1.0, 7.0, 2.5 ] },
										"down": { "texture": "#raw", "uv": [ 2.0, 0.0, 8.0, 1.5 ] }
									},
									"children": [
										{
											"name": "Cube23",
											"from": [ 0.5, 0.0, 1.5 ],
											"to": [ 5.0, 1.0, 2.0 ],
											"rotationOrigin": [ 1.0, 0.0, -1.0 ],
											"faces": {
												"east": { "texture": "#raw", "uv": [ 7.0, 2.0, 7.5, 3.0 ] },
												"west": { "texture": "#raw", "uv": [ 0.0, 1.0, 0.5, 2.0 ] },
												"up": { "texture": "#raw", "uv": [ 0.0, 0.5, 4.5, 1.0 ] },
												"down": { "texture": "#raw", "uv": [ 0.0, 0.0, 4.5, 0.5 ] }
											}
										},
										{
											"name": "Cube24",
											"from": [ 0.5, 0.0, 2.0 ],
											"to": [ 5.5, 1.0, 2.5 ],
											"rotationOrigin": [ 1.0, 0.0, -1.0 ],
											"faces": {
												"north": { "texture": "#raw", "uv": [ 0.0, 0.0, 5.0, 1.0 ] },
												"east": { "texture": "#raw", "uv": [ 7.0, 3.0, 7.5, 4.0 ] },
												"south": { "texture": "#raw", "uv": [ 1.0, 2.0, 6.0, 3.0 ] },
												"west": { "texture": "#raw", "uv": [ 7.0, 0.0, 7.5, 1.0 ] },
												"up": { "texture": "#raw", "uv": [ 0.0, 3.0, 5.0, 3.5 ] },
												"down": { "texture": "#raw", "uv": [ 0.0, 0.0, 5.0, 0.5 ] }
											}
										},
										{
											"name": "Cube25",
											"from": [ 1.0, 0.0, -0.5 ],
											"to": [ 5.0, 1.0, 0.0 ],
											"rotationOrigin": [ 1.0, 0.0, -1.0 ],
											"faces": {
												"north": { "texture": "#raw", "uv": [ 1.0, 3.0, 5.0, 4.0 ] },
												"east": { "texture": "#raw", "uv": [ 6.0, 3.0, 6.5, 4.0 ] },
												"west": { "texture": "#raw", "uv": [ 3.0, 3.0, 3.5, 4.0 ] },
												"up": { "texture": "#raw", "uv": [ 1.0, 3.0, 5.0, 3.5 ] },
												"down": { "texture": "#raw", "uv": [ 0.0, 0.0, 4.0, 0.5 ] }
											}
										},
										{
											"name": "Cube26",
											"from": [ 1.5, 0.0, -1.0 ],
											"to": [ 4.5, 0.5, -0.5 ],
											"rotationOrigin": [ 1.0, 0.0, -1.0 ],
											"faces": {
												"north": { "texture": "#raw", "uv": [ 0.0, 2.0, 3.0, 2.5 ] },
												"east": { "texture": "#raw", "uv": [ 0.0, 0.0, 0.5, 0.5 ] },
												"west": { "texture": "#raw", "uv": [ 0.0, 0.0, 0.5, 0.5 ] },
												"up": { "texture": "#raw", "uv": [ 1.0, 2.0, 4.0, 2.5 ] },
												"down": { "texture": "#raw", "uv": [ 0.0, 0.0, 3.0, 0.5 ] }
											}
										},
										{
											"name": "Cube27",
											"from": [ 1.5, 0.0, 2.5 ],
											"to": [ 4.5, 0.5, 3.0 ],
											"rotationOrigin": [ 1.0, 0.0, -1.0 ],
											"faces": {
												"east": { "texture": "#raw", "uv": [ 5.0, 1.0, 5.5, 1.5 ] },
												"south": { "texture": "#raw", "uv": [ 1.0, 3.0, 4.0, 3.5 ] },
												"west": { "texture": "#raw", "uv": [ 1.0, 3.0, 1.5, 3.5 ] },
												"up": { "texture": "#raw", "uv": [ 3.0, 3.0, 6.0, 3.5 ] },
												"down": { "texture": "#raw", "uv": [ 0.0, 0.0, 3.0, 0.5 ] }
											}
										}
									]
								},
								{
									"name": "redmeat6",
									"from": [ -0.5, 1.0, 3.5 ],
									"to": [ 5.5, 2.0, 5.0 ],
									"rotationOrigin": [ 2.0, 0.0, 5.0 ],
									"rotationX": 17.0,
									"rotationY": 72.0,
									"rotationZ": 3.0,
									"faces": {
										"north": { "texture": "#raw", "uv": [ 0.0, 1.0, 6.0, 2.0 ] },
										"east": { "texture": "#raw", "uv": [ 6.0, 2.0, 7.5, 3.0 ] },
										"south": { "texture": "#raw", "uv": [ 0.0, 0.0, 6.0, 1.0 ] },
										"west": { "texture": "#raw", "uv": [ 6.0, 3.0, 7.5, 4.0 ] },
										"up": { "texture": "#raw", "uv": [ 1.0, 1.0, 7.0, 2.5 ] },
										"down": { "texture": "#raw", "uv": [ 2.0, 0.0, 8.0, 1.5 ] }
									},
									"children": [
										{
											"name": "Cube28",
											"from": [ 0.5, 0.0, 1.5 ],
											"to": [ 5.0, 1.0, 2.0 ],
											"rotationOrigin": [ 1.0, 0.0, -1.0 ],
											"faces": {
												"east": { "texture": "#raw", "uv": [ 7.0, 2.0, 7.5, 3.0 ] },
												"west": { "texture": "#raw", "uv": [ 0.0, 1.0, 0.5, 2.0 ] },
												"up": { "texture": "#raw", "uv": [ 0.0, 0.5, 4.5, 1.0 ] },
												"down": { "texture": "#raw", "uv": [ 0.0, 0.0, 4.5, 0.5 ] }
											}
										},
										{
											"name": "Cube29",
											"from": [ 0.5, 0.0, 2.0 ],
											"to": [ 5.5, 1.0, 2.5 ],
											"rotationOrigin": [ 1.0, 0.0, -1.0 ],
											"faces": {
												"north": { "texture": "#raw", "uv": [ 0.0, 0.0, 5.0, 1.0 ] },
												"east": { "texture": "#raw", "uv": [ 7.0, 3.0, 7.5, 4.0 ] },
												"south": { "texture": "#raw", "uv": [ 1.0, 2.0, 6.0, 3.0 ] },
												"west": { "texture": "#raw", "uv": [ 7.0, 0.0, 7.5, 1.0 ] },
												"up": { "texture": "#raw", "uv": [ 0.0, 3.0, 5.0, 3.5 ] },
												"down": { "texture": "#raw", "uv": [ 0.0, 0.0, 5.0, 0.5 ] }
											}
										},
										{
											"name": "Cube30",
											"from": [ 1.0, 0.0, -0.5 ],
											"to": [ 5.0, 1.0, 0.0 ],
											"rotationOrigin": [ 1.0, 0.0, -1.0 ],
											"faces": {
												"north": { "texture": "#raw", "uv": [ 1.0, 3.0, 5.0, 4.0 ] },
												"east": { "texture": "#raw", "uv": [ 6.0, 3.0, 6.5, 4.0 ] },
												"west": { "texture": "#raw", "uv": [ 3.0, 3.0, 3.5, 4.0 ] },
												"up": { "texture": "#raw", "uv": [ 1.0, 3.0, 5.0, 3.5 ] },
												"down": { "texture": "#raw", "uv": [ 0.0, 0.0, 4.0, 0.5 ] }
											}
										},
										{
											"name": "Cube31",
											"from": [ 1.5, 0.0, -1.0 ],
											"to": [ 4.5, 0.5, -0.5 ],
											"rotationOrigin": [ 1.0, 0.0, -1.0 ],
											"faces": {
												"north": { "texture": "#raw", "uv": [ 0.0, 2.0, 3.0, 2.5 ] },
												"east": { "texture": "#raw", "uv": [ 0.0, 0.0, 0.5, 0.5 ] },
												"west": { "texture": "#raw", "uv": [ 0.0, 0.0, 0.5, 0.5 ] },
												"up": { "texture": "#raw", "uv": [ 1.0, 2.0, 4.0, 2.5 ] },
												"down": { "texture": "#raw", "uv": [ 0.0, 0.0, 3.0, 0.5 ] }
											}
										},
										{
											"name": "Cube32",
											"from": [ 1.5, 0.0, 2.5 ],
											"to": [ 4.5, 0.5, 3.0 ],
											"rotationOrigin": [ 1.0, 0.0, -1.0 ],
											"faces": {
												"east": { "texture": "#raw", "uv": [ 5.0, 1.0, 5.5, 1.5 ] },
												"south": { "texture": "#raw", "uv": [ 1.0, 3.0, 4.0, 3.5 ] },
												"west": { "texture": "#raw", "uv": [ 1.0, 3.0, 1.5, 3.5 ] },
												"up": { "texture": "#raw", "uv": [ 3.0, 3.0, 6.0, 3.5 ] },
												"down": { "texture": "#raw", "uv": [ 0.0, 0.0, 3.0, 0.5 ] }
											}
										}
									]
								}
							]
						}
					]
				}
			]
		}
	]}