{
	code: "creature",
	class: "ItemCreature",
	maxstacksize: 1,
	variantgroups: [
		{ code: "genus", states: ["varanus-adult", "varanus-juvenile"]},
		{
			code: "type",
			states: [
				"niloticus",
				"stellatus",
				"albigularis",
				"exanthematicus",
				"griseus"
			]
		},
		
		],

	shape: {
			"base": "entity/land/varanus"
		
	},
	texturesByType: {
		"*-varanus-adult-niloticus": {
			"skin": { "base": "entity/monitorlizard/varanus-niloticus" }
		},
		"*-varanus-adult-stellatus": {
			"skin": { "base": "entity/monitorlizard/varanus-stellatus" }
		},
		"*-varanus-adult-albigularis": {
			"skin": { "base": "entity/monitorlizard/varanus-albigularis" }
		},
		"*-varanus-adult-exanthematicus": {
			"skin": { "base": "entity/monitorlizard/varanus-exanthematicus" }
		},
		"*-varanus-adult-griseus": {
			"skin": { "base": "entity/monitorlizard/varanus-griseus" }
		},
		"*-varanus-juvenile-niloticus": {
			"skin": { "base": "entity/monitorlizard/varanus-niloticus" }
		},
		"*-varanus-juvenile-stellatus": {
			"skin": { "base": "entity/monitorlizard/varanus-stellatus" }
		},
		"*-varanus-juvenile-albigularis": {
			"skin": { "base": "entity/monitorlizard/varanus-albigularis" }
		},
		"*-varanus-juvenile-exanthematicus": {
			"skin": { "base": "entity/monitorlizard/varanus-exanthematicus" }
		},
		"*-varanus-juvenile-griseus": {
			"skin": { "base": "entity/monitorlizard/varanus-griseus" }
		},
	},
	
	
	
	
	creativeinventory: { "general": ["*"], "items": ["*"], "creatures": ["*"] },
	materialDensity: 600,
	guiTransform: {
		
			rotate: true,
			translation: { x: 1, y: -1, z: 0 },
			rotation: { x: -11, y: -52, z: -180 },
			origin: { x: 0.5, y: 0.6, z: 0.5 },
			scale: 0.97		
	},
	
	tpHandTransform: {

			translation: { x: -0.4, y: 0, z: -0.6 },
			rotation: { x: -160, y: -26, z: -90 },
			origin: { x: 0.5, y: 0.1, z: 0.5 },
			scale: 0.45	
	},
	
	fpHandTransform: {
	
			translation: { x: 0.4, y: 0, z: 0 },
			rotation: { x: -8, y: -63, z: -7 }
	}
	

	
	
	
	




