{
    "code": "witchhat",
    "class": "ItemPetAccessory",
    "shape": {
        "base": "item/witchhat-inventory"
    },
    "attributes": {
        "wearableAttachment": true,
        "attachShape": {
			"base": "item/witchhat"
		},
        "cothingType": "HEAD",
        "validPets": [
            "cat-male",
            "cat-female",
            "cat-male-serval",
            "cat-female-serval",
            "cat-male-ocelot",
            "cat-female-ocelot",
            "cat-male-european",
            "cat-female-european"
        ],
        "handbook": {
            "groupBy": [
                "witchhat-*"
            ]
        }
    },
    "maxstacksize": 1,
    "variantgroups": [
        {
            "code": "main",
            "states": [
                "black",
                "gray",
                "brown",
                "purple"
            ]
        },
        {
            "code": "secondary",
            "states": [
                "orange",
                "red",
                "yellow",
                "white",
                "blue",
                "green"
            ]
        }
    ],
    "textures": {
        "main": {
            "base": "game:block/cloth/linen/{main}"
        },
        "secondary": {
            "base": "game:block/cloth/linen/{secondary}"
        }
    },
    "creativeinventory": {
        "general": [
            "*"
        ],
        "items": [
            "*"
        ],
        "clothing": [
            "*"
        ]
    },
	"guiTransform": {
		"translation": {
			"x": 0.2,
			"y": 0.1,
			"z": 0
		},
		"rotation": {
			"x": 0,
			"y": 0,
			"z": 180
		},
		"origin": {
			"x": 0.2,
			"y": 0.1,
			"z": 0
		},
		"scale": 3
	},
	"groundTransform": {
		"translation": {
			"x": 0,
			"y": 0,
			"z": 0
		},
		"rotation": {
			"x": 0,
			"y": 0,
			"z": 0
		},
		"origin": {
			"x": 0,
			"y": 0,
			"z": 0
		},
		"scale": 3.5
	},
	"fpHandTransform": {
		"translation": {
			"x": 0,
			"y": 0.3,
			"z": 0.3
		},
		"rotation": {
			"x": 0,
			"y": 0,
			"z": 0
		},
		"origin": {
			"x": 0,
			"y": 0,
			"z": 0
		},
		"scale": 2.41
	},
	"tpHandTransform": {
		"translation": {
			"x": 0.1,
			"y": -0.2,
			"z": 0.1
		},
		"rotation": {
			"x": 0,
			"y": 0,
			"z": 0
		},
		"origin": {
			"x": 0,
			"y": 0,
			"z": 0
		},
		"scale": 0.8
	}
}