{
	code: "insect",
	maxstacksize: 64,
	variantgroups: [
		{ code: "type", states: ["cochineal"] },
	],
	shapebytype: {
		"*-cochineal": { base: "entity/land/cochineal" }
	},
	texturebytype: {
	},
	creativeinventory: { "general": ["*"], "items": ["*"] },
	nutritionPropsByType: {
		"*": { satiety: 30, foodcategory: "Protein" }
	},
	transitionablePropsByType: {
		"*": [{
			type: "Perish",
			freshHours: { avg:  48 },
			transitionHours: { avg: 18 },
			transitionedStack: { type: "item", code: "rot" },
			transitionRatio: 0.5
		}]
	},
	materialDensity: 600,
	guiTransform: {
			translation: { x: 2, y: 2, z: 0 },
			rotation: { x: 127, y: 180, z: 38 },
			origin: { x: 0.55, y: 0.05, z: 0.53 },
			scale: 5
	},
	fpHandTransform: {
			translation: { x: 0, y: 0.22, z: 0 },
			rotation: { x: 38, y: -75, z: 2 },
			origin: { x: 0.5, y: 0.1, z: 0.5 },
			scale: 1.8
	},
	tpHandTransform: {
			translation: { x: -0.8, y: -0.17, z: -0.65 },
			rotation: { x: 124, y: -42, z: -65 },
			origin: { x: 0.5, y: 0.1, z: 0.5 },
			scale: 0.72
	},
	groundTransform: {
			translation: { x: 0, y: 0, z: 0 },
			rotation: { x: 0, y: 0, z: -3 },
			origin: { x: 0.47, y: 0, z: 0.5 },
			scale: 2
	}
}