{
	code: "insect",
	maxstacksize: 64,
	variantgroups: [
		{ code: "type", states: ["shelledseasnail"] },
	],
	shapebytype: {
		"*-shelledseasnail": { base: "game:entity/water/snail/deadslug" }
	},
	texturebytype: {
	},
	creativeinventory: { "general": ["*"], "items": ["*"] },
	nutritionPropsByType: {
		"*-shelledseasnail": { satiety: 30, foodcategory: "Protein" }
	},
	attributesByType: {
		"*-shelledseasnail": {
			inContainerTexture: { base: "block/transparent" },
			nutritionPropsWhenInMeal: { satiety: 50, foodcategory: "Protein" },
			inPieProperties: { texture: "block/food/pie/fill-{type}", partType: 'Filling' }
		}
	},
	transitionablePropsByType: {
		"*": [{
			type: "Perish",
			freshHours: { avg:  48 },
			transitionHours: { avg: 18 },
			transitionedStack: { type: "item", code: "game:rot" },
			transitionRatio: 0.5
		}]
	},
	materialDensity: 600,
	guiTransformByType: {
		"*": {
			rotation: { x: 180, y: 45, z: -45 },
			origin: { x: 0.45, y: 0, z: 0.55 },
			scale: 3.5		
		}
	},
	fpHandTransformByType: {
		"*":	{
			translation: { x: 0, y: 0.22, z: 0 },
			rotation: { x: 38, y: -75, z: 2 },
			origin: { x: 0.5, y: 0.1, z: 0.5 },
			scale: 1.8
		}
	},
	tpHandTransformByType: {
		"*": {
			translation: { x: -0.8, y: -0.17, z: -0.65 },
			rotation: { x: 124, y: -42, z: -65 },
			origin: { x: 0.5, y: 0.1, z: 0.5 },
			scale: 0.72
		}
	},
	groundTransformByType: {
		"*": {
			translation: { x: 0, y: 0, z: 0 },
			rotation: { x: 0, y: 0, z: -3 },
			origin: { x: 0.47, y: 0, z: 0.5 },
			scale: 2
		}
	}
}