[
  {
    "toolmode": "sawing",
    "ingredients":
    [ 
      {"inputs": 
       [
         {"type": "block", "code": "floralzonescaperegion:log-placed-*-ud", "name": "wood", "loadFromProperties": "floralzonescaperegion:block/wood"}
       ]
      }
    ],
    "output": {"type": "item", "code": "floralzonescaperegion:plank-{wood}", "quantity": 12}
  },
  {
    "toolmode": "sawing",
    "ingredients":
    [ 
      {"inputs": 
       [
         {"type": "block", "code": "floralzonescaperegion:logsection-placed-*-ne-ud", "name": "wood","loadFromProperties": "floralzonescaperegion:block/wood"}
       ]
      }
    ],
    "output": {"type": "item", "code": "floralzonescaperegion:plank-{wood}", "quantity": 12}
  },
    {
    "toolmode": "sawing",
    "ingredients":
    [ 
      {"inputs": 
       [
         {"type": "block", "code": "floralzonescaperegion:logsection-placed-*-nw-ud", "name": "wood","loadFromProperties": "floralzonescaperegion:block/wood"}
       ]
      }
    ],
    "output": {"type": "item", "code": "floralzonescaperegion:plank-{wood}", "quantity": 12}
  },
    {
    "toolmode": "sawing",
    "ingredients":
    [ 
      {"inputs": 
       [
         {"type": "block", "code": "floralzonescaperegion:logsection-placed-*-se-ud", "name": "wood","loadFromProperties": "floralzonescaperegion:block/wood"}
       ]
      }
    ],
    "output": {"type": "item", "code": "floralzonescaperegion:plank-{wood}", "quantity": 12}
  },
    {
    "toolmode": "sawing",
    "ingredients":
    [ 
      {"inputs": 
       [
         {"type": "block", "code": "floralzonescaperegion:logsection-placed-*-sw-ud", "name": "wood","loadFromProperties": "floralzonescaperegion:block/wood"}
       ]
      }
    ],
    "output": {"type": "item", "code": "floralzonescaperegion:plank-{wood}", "quantity": 12}
  },
  {
    "toolmode": "sawing",
    "ingredients":
    [ 
      {"inputs": 
       [
         {"type": "block", "code": "floralzonescaperegion:debarkedlog-*-ud", "name": "wood","loadFromProperties": "floralzonescaperegion:block/wood"}
       ]
      }
    ],
    "output": {"type": "item", "code": "floralzonescaperegion:plank-{wood}", "quantity": 12}
  }
]