{
	"editor": {
		"allAngles": false,
		"entityTextureMode": false
	},
	"textureWidth": 16,
	"textureHeight": 16,
	"textureSizes": {
	},
	"textures": {
		"rope": "game:item/resource/rope"
	},
	"elements": [
		{
			"name": "vertical2",
			"from": [ 0.0, 0.0, 7.0 ], 
			"to": [ 1.0, 16.0, 9.0 ], 
			"rotationOrigin": [ 1.7, 0.0, 8.7 ],
			"faces": {
				"north": { "texture": "#alder_trunk", "uv": [ 13.0, 0.0, 14.0, 16.0 ] },
				"east": { "texture": "#alder_trunk", "uv": [ 11.5, 0.0, 13.5, 16.0 ] },
				"south": { "texture": "#alder_trunk", "uv": [ 12.0, 0.0, 13.0, 16.0 ] },
				"west": { "texture": "#alder_trunk", "uv": [ 13.0, 0.0, 14.5, 16.0 ], "enabled": false, "autoUv": false, "windMode": [-1,-1,-1,-1], "windData": [0,0,1,1] },
				"up": { "texture": "#alder_trunk", "uv": [ 5.5, 4.5, 6.5, 6.5 ] },
				"down": { "texture": "#alder_trunk", "uv": [ 6.0, 5.5, 7.0, 7.5 ] }
			},
			"children": [
				{
					"name": "Cube1",
					"from": [ -1.0, 1.5, -1.3 ], 
					"to": [ 1.0, 17.5, 0.7 ], 
					"rotationOrigin": [ -0.5, 1.0, -1.0 ],
					"rotationY": 85.0,
					"faces": {
						"north": { "texture": "#alder_trunk", "uv": [ 12.0, 0.0, 14.0, 16.0 ] },
						"east": { "texture": "#alder_trunk", "uv": [ 11.5, 0.0, 13.5, 16.0 ] },
						"south": { "texture": "#alder_trunk", "uv": [ 12.5, 0.0, 14.5, 16.0 ] },
						"west": { "texture": "#alder_trunk", "uv": [ 11.5, 0.0, 13.5, 16.0 ] },
						"up": { "texture": "#alder_trunk", "uv": [ 3.5, 2.0, 5.5, 4.0 ], "enabled": false },
						"down": { "texture": "#alder_trunk", "uv": [ 0.5, 0.0, 2.5, 2.0 ], "enabled": false }
					},
					"children": [
						{
							"name": "Cube4",
							"from": [ 11.0, 0.0, 0.0 ], 
							"to": [ 13.0, 14.0, 2.0 ], 
							"rotationOrigin": [ 11.0, -0.5, 0.0 ],
							"faces": {
								"north": { "texture": "#alder_trunk", "uv": [ 11.0, 1.0, 13.0, 15.0 ] },
								"east": { "texture": "#alder_trunk", "uv": [ 12.5, 2.0, 14.5, 16.0 ] },
								"south": { "texture": "#alder_trunk", "uv": [ 11.5, 1.5, 13.5, 15.5 ] },
								"west": { "texture": "#alder_trunk", "uv": [ 12.0, 2.0, 14.0, 16.0 ] },
								"up": { "texture": "#alder_trunk", "uv": [ 0.0, 0.0, 2.0, 2.0 ], "enabled": false },
								"down": { "texture": "#alder_trunk", "uv": [ 0.0, 0.0, 2.0, 2.0 ], "enabled": false }
							},
							"children": [
								{
									"name": "Cube52",
									"from": [ 0.5, 10.0, 1.0 ], 
									"to": [ 1.5, 12.5, 2.0 ], 
									"rotationOrigin": [ 0.5, 10.0, 2.0 ],
									"rotationX": 45.0,
									"rotationZ": -7.0,
									"faces": {
										"north": { "texture": "#alder_trunk", "uv": [ 11.0, 2.5, 12.0, 5.0 ] },
										"east": { "texture": "#alder_trunk", "uv": [ 12.5, 7.5, 13.5, 10.0 ] },
										"south": { "texture": "#alder_trunk", "uv": [ 13.5, 4.0, 14.5, 6.5 ] },
										"west": { "texture": "#alder_trunk", "uv": [ 10.5, 11.0, 11.5, 13.5 ] },
										"up": { "texture": "#alder_trunk", "uv": [ 3.5, 2.5, 4.5, 3.5 ] },
										"down": { "texture": "#null", "uv": [ 0.0, 0.0, 1.0, 1.0 ], "enabled": false }
									}
								}
							]
						},
						{
							"name": "Cube7",
							"from": [ 5.5, 0.0, 0.0 ], 
							"to": [ 7.5, 15.0, 2.0 ], 
							"rotationOrigin": [ 6.0, -0.5, 0.0 ],
							"faces": {
								"north": { "texture": "#alder_trunk", "uv": [ 12.0, 0.0, 14.0, 15.0 ] },
								"east": { "texture": "#alder_trunk", "uv": [ 12.0, 0.5, 14.0, 15.5 ] },
								"south": { "texture": "#alder_trunk", "uv": [ 13.0, 0.5, 15.0, 15.5 ] },
								"west": { "texture": "#alder_trunk", "uv": [ 11.0, 0.5, 13.0, 15.5 ] },
								"up": { "texture": "#alder_trunk", "uv": [ 0.0, 0.0, 2.0, 2.0 ], "enabled": false },
								"down": { "texture": "#alder_trunk", "uv": [ 0.0, 0.0, 2.0, 2.0 ], "enabled": false }
							},
							"children": [
								{
									"name": "Cube36",
									"from": [ 0.02, 14.0, 1.5 ], 
									"to": [ 2.02, 16.0, 2.0 ], 
									"rotationOrigin": [ 1.0, 14.0, 2.0 ],
									"rotationX": 22.5,
									"faces": {
										"north": { "texture": "#alder_trunk", "uv": [ 4.0, 3.0, 6.0, 5.0 ] },
										"east": { "texture": "#alder_trunk", "uv": [ 11.0, 3.5, 11.5, 5.5 ] },
										"south": { "texture": "#alder_trunk", "uv": [ 11.5, 8.0, 13.5, 10.0 ] },
										"west": { "texture": "#alder_trunk", "uv": [ 13.5, 8.0, 14.0, 10.0 ] },
										"up": { "texture": "#alder_trunk", "uv": [ 3.5, 4.5, 5.5, 5.0 ] },
										"down": { "texture": "#null", "uv": [ 0.0, 0.0, 2.0, 0.5 ], "enabled": false }
									},
									"children": [
										{
											"name": "Cube39",
											"from": [ 0.0, 2.0, 0.0 ], 
											"to": [ 1.0, 3.0, 0.5 ], 
											"rotationOrigin": [ 0.0, 2.0, 0.0 ],
											"faces": {
												"north": { "texture": "#alder_trunk", "uv": [ 4.5, 3.5, 5.5, 4.5 ] },
												"east": { "texture": "#alder_trunk", "uv": [ 6.5, 3.5, 7.0, 4.5 ] },
												"south": { "texture": "#alder_trunk", "uv": [ 11.5, 6.0, 12.5, 7.0 ] },
												"west": { "texture": "#alder_trunk", "uv": [ 12.0, 1.5, 12.5, 2.5 ] },
												"up": { "texture": "#alder_trunk", "uv": [ 3.5, 2.5, 4.5, 3.0 ] },
												"down": { "texture": "#null", "uv": [ 0.0, 0.0, 1.0, 0.5 ], "enabled": false }
											}
										},
										{
											"name": "Cube40",
											"from": [ 1.0, 2.0, 0.0 ], 
											"to": [ 1.5, 2.5, 0.5 ], 
											"rotationOrigin": [ 1.0, 2.0, 0.0 ],
											"faces": {
												"north": { "texture": "#alder_trunk", "uv": [ 2.5, 2.5, 3.0, 3.0 ] },
												"east": { "texture": "#alder_trunk", "uv": [ 3.5, 2.5, 4.0, 3.0 ] },
												"south": { "texture": "#alder_trunk", "uv": [ 11.0, 1.5, 11.5, 2.0 ] },
												"west": { "texture": "#null", "uv": [ 0.0, 0.0, 0.5, 0.5 ], "enabled": false },
												"up": { "texture": "#alder_trunk", "uv": [ 4.0, 3.0, 4.5, 3.5 ] },
												"down": { "texture": "#null", "uv": [ 0.0, 0.0, 0.5, 0.5 ], "enabled": false }
											}
										}
									]
								},
								{
									"name": "Cube37",
									"from": [ 0.02, -1.0, 1.0 ], 
									"to": [ 2.02, 0.5, 2.0 ], 
									"rotationOrigin": [ 1.0, 0.5, 2.0 ],
									"rotationX": -22.5,
									"faces": {
										"north": { "texture": "#alder_trunk", "uv": [ 4.0, 4.0, 6.0, 5.5 ] },
										"east": { "texture": "#alder_trunk", "uv": [ 14.0, 1.0, 15.0, 2.5 ] },
										"south": { "texture": "#alder_trunk", "uv": [ 12.5, 1.0, 14.5, 2.5 ] },
										"west": { "texture": "#alder_trunk", "uv": [ 12.0, 6.5, 13.0, 8.0 ] },
										"up": { "texture": "#null", "uv": [ 0.0, 0.0, 2.0, 1.0 ], "enabled": false },
										"down": { "texture": "#alder_trunk", "uv": [ 4.0, 5.0, 6.0, 6.0 ] }
									},
									"children": [
										{
											"name": "Cube38",
											"from": [ 0.0, -0.5, 0.5 ], 
											"to": [ 1.5, 0.0, 1.0 ], 
											"rotationOrigin": [ 0.0, -1.0, 0.0 ],
											"faces": {
												"north": { "texture": "#alder_trunk", "uv": [ 3.5, 5.0, 5.0, 5.5 ] },
												"east": { "texture": "#alder_trunk", "uv": [ 3.0, 3.5, 3.5, 4.0 ] },
												"south": { "texture": "#alder_trunk", "uv": [ 11.5, 3.0, 13.0, 3.5 ] },
												"west": { "texture": "#alder_trunk", "uv": [ 11.5, 2.5, 12.0, 3.0 ] },
												"up": { "texture": "#null", "uv": [ 0.0, 0.0, 1.5, 0.5 ], "enabled": false },
												"down": { "texture": "#alder_trunk", "uv": [ 4.5, 5.0, 6.0, 5.5 ] }
											}
										}
									]
								},
								{
									"name": "Cube41",
									"from": [ 0.02, 14.0, 0.0 ], 
									"to": [ 2.02, 16.0, 0.5 ], 
									"rotationOrigin": [ 1.0, 14.0, 0.0 ],
									"rotationX": -22.5,
									"faces": {
										"north": { "texture": "#alder_trunk", "uv": [ 11.5, 4.0, 13.5, 6.0 ] },
										"east": { "texture": "#alder_trunk", "uv": [ 11.0, 1.5, 11.5, 3.5 ] },
										"south": { "texture": "#alder_trunk", "uv": [ 6.0, 2.5, 8.0, 4.5 ] },
										"west": { "texture": "#alder_trunk", "uv": [ 11.0, 7.5, 11.5, 9.5 ] },
										"up": { "texture": "#alder_trunk", "uv": [ 2.5, 2.5, 4.5, 3.0 ] },
										"down": { "texture": "#null", "uv": [ 0.0, 0.0, 2.0, 0.5 ], "enabled": false }
									},
									"children": [
										{
											"name": "Cube3",
											"from": [ 1.0, 2.0, 0.0 ], 
											"to": [ 2.0, 2.5, 0.5 ], 
											"rotationOrigin": [ 1.0, 2.0, 0.0 ],
											"faces": {
												"north": { "texture": "#alder_trunk", "uv": [ 11.5, 6.5, 12.5, 7.0 ] },
												"east": { "texture": "#alder_trunk", "uv": [ 11.5, 6.0, 12.0, 6.5 ] },
												"south": { "texture": "#alder_trunk", "uv": [ 5.0, 4.0, 6.0, 4.5 ] },
												"west": { "texture": "#alder_trunk", "uv": [ 3.5, 4.0, 4.0, 4.5 ] },
												"up": { "texture": "#alder_trunk", "uv": [ 3.5, 2.0, 4.5, 2.5 ] },
												"down": { "texture": "#null", "uv": [ 0.0, 0.0, 1.0, 0.5 ], "enabled": false }
											}
										}
									]
								},
								{
									"name": "Cube42",
									"from": [ 0.02, -1.0, 0.0 ], 
									"to": [ 2.02, 0.5, 1.0 ], 
									"rotationOrigin": [ 1.0, 0.5, 0.0 ],
									"rotationX": 22.5,
									"faces": {
										"north": { "texture": "#alder_trunk", "uv": [ 12.0, 8.0, 14.0, 9.5 ] },
										"east": { "texture": "#alder_trunk", "uv": [ 10.5, 8.0, 11.5, 9.5 ] },
										"south": { "texture": "#alder_trunk", "uv": [ 2.0, 4.5, 4.0, 6.0 ] },
										"west": { "texture": "#alder_trunk", "uv": [ 12.5, 7.0, 13.5, 8.5 ] },
										"up": { "texture": "#null", "uv": [ 0.0, 0.0, 2.0, 1.0 ], "enabled": false },
										"down": { "texture": "#alder_trunk", "uv": [ 5.5, 5.0, 7.5, 6.0 ] }
									},
									"children": [
										{
											"name": "Cube2",
											"from": [ 1.0, -0.5, 0.0 ], 
											"to": [ 2.0, 0.0, 0.5 ], 
											"rotationOrigin": [ 1.0, -1.0, -1.0 ],
											"faces": {
												"north": { "texture": "#alder_trunk", "uv": [ 12.5, 7.5, 13.5, 8.0 ] },
												"east": { "texture": "#alder_trunk", "uv": [ 11.5, 6.5, 12.0, 7.0 ] },
												"south": { "texture": "#alder_trunk", "uv": [ 3.0, 3.0, 4.0, 3.5 ] },
												"west": { "texture": "#alder_trunk", "uv": [ 5.5, 5.5, 6.0, 6.0 ] },
												"up": { "texture": "#null", "uv": [ 0.0, 0.0, 1.0, 0.5 ], "enabled": false },
												"down": { "texture": "#alder_trunk", "uv": [ 5.5, 5.5, 6.5, 6.0 ] }
											}
										}
									]
								},
								{
									"name": "Cube43",
									"from": [ 5.52, -1.0, 0.0 ], 
									"to": [ 7.52, 0.5, 1.0 ], 
									"rotationOrigin": [ 6.0, 0.5, 0.0 ],
									"rotationX": 22.5,
									"faces": {
										"north": { "texture": "#alder_trunk", "uv": [ 13.5, 10.0, 15.5, 11.5 ] },
										"east": { "texture": "#alder_trunk", "uv": [ 10.5, 1.5, 11.5, 3.0 ] },
										"south": { "texture": "#alder_trunk", "uv": [ 4.0, 4.5, 6.0, 6.0 ] },
										"west": { "texture": "#alder_trunk", "uv": [ 13.0, 1.5, 14.0, 3.0 ] },
										"up": { "texture": "#null", "uv": [ 0.0, 0.0, 2.0, 1.0 ], "enabled": false },
										"down": { "texture": "#alder_trunk", "uv": [ 4.5, 4.0, 6.5, 5.0 ] }
									},
									"children": [
										{
											"name": "Cube43",
											"from": [ 0.0, -0.5, 0.0 ], 
											"to": [ 0.5, 0.0, 0.5 ], 
											"rotationOrigin": [ 0.0, -1.0, -1.0 ],
											"faces": {
												"north": { "texture": "#alder_trunk", "uv": [ 11.5, 3.0, 12.0, 3.5 ] },
												"east": { "texture": "#alder_trunk", "uv": [ 4.5, 5.5, 5.0, 6.0 ] },
												"south": { "texture": "#alder_trunk", "uv": [ 4.0, 3.5, 4.5, 4.0 ] },
												"west": { "texture": "#alder_trunk", "uv": [ 10.5, 2.5, 11.0, 3.0 ] },
												"up": { "texture": "#null", "uv": [ 0.0, 0.0, 0.5, 0.5 ], "enabled": false },
												"down": { "texture": "#alder_trunk", "uv": [ 6.0, 3.5, 6.5, 4.0 ] }
											}
										},
										{
											"name": "Cube51",
											"from": [ 1.0, -0.5, 0.0 ], 
											"to": [ 2.0, 0.0, 0.5 ], 
											"rotationOrigin": [ 1.0, -1.0, -1.0 ],
											"faces": {
												"north": { "texture": "#alder_trunk", "uv": [ 12.5, 4.0, 13.5, 4.5 ] },
												"east": { "texture": "#alder_trunk", "uv": [ 11.5, 0.5, 12.0, 1.0 ] },
												"south": { "texture": "#alder_trunk", "uv": [ 5.0, 3.5, 6.0, 4.0 ] },
												"west": { "texture": "#alder_trunk", "uv": [ 3.0, 2.0, 3.5, 2.5 ] },
												"up": { "texture": "#null", "uv": [ 0.0, 0.0, 1.0, 0.5 ], "enabled": false },
												"down": { "texture": "#alder_trunk", "uv": [ 3.5, 5.0, 4.5, 5.5 ] }
											}
										}
									]
								},
								{
									"name": "Cube44",
									"from": [ 5.52, -1.0, 1.0 ], 
									"to": [ 7.52, 0.5, 2.0 ], 
									"rotationOrigin": [ 6.0, 0.5, 2.0 ],
									"rotationX": -22.5,
									"faces": {
										"north": { "texture": "#alder_trunk", "uv": [ 4.5, 4.5, 6.5, 6.0 ] },
										"east": { "texture": "#alder_trunk", "uv": [ 11.0, 2.5, 12.0, 4.0 ] },
										"south": { "texture": "#alder_trunk", "uv": [ 12.5, 1.5, 14.5, 3.0 ] },
										"west": { "texture": "#alder_trunk", "uv": [ 12.5, 11.5, 13.5, 13.0 ] },
										"up": { "texture": "#null", "uv": [ 0.0, 0.0, 2.0, 1.0 ], "enabled": false },
										"down": { "texture": "#alder_trunk", "uv": [ 5.5, 5.0, 7.5, 6.0 ] }
									},
									"children": [
										{
											"name": "Cube44",
											"from": [ 0.5, -0.5, 0.5 ], 
											"to": [ 1.5, 0.0, 1.0 ], 
											"rotationOrigin": [ 0.0, -1.0, 0.0 ],
											"faces": {
												"north": { "texture": "#alder_trunk", "uv": [ 3.0, 2.5, 4.0, 3.0 ] },
												"east": { "texture": "#alder_trunk", "uv": [ 5.0, 4.5, 5.5, 5.0 ] },
												"south": { "texture": "#alder_trunk", "uv": [ 11.5, 3.0, 12.5, 3.5 ] },
												"west": { "texture": "#alder_trunk", "uv": [ 3.5, 3.5, 4.0, 4.0 ] },
												"up": { "texture": "#null", "uv": [ 0.0, 0.0, 1.0, 0.5 ], "enabled": false },
												"down": { "texture": "#alder_trunk", "uv": [ 4.5, 3.0, 5.5, 3.5 ] }
											}
										}
									]
								},
								{
									"name": "Cube45",
									"from": [ 5.52, 12.5, 1.5 ], 
									"to": [ 7.52, 14.5, 2.0 ], 
									"rotationOrigin": [ 6.0, 12.5, 2.0 ],
									"rotationX": 22.5,
									"faces": {
										"north": { "texture": "#alder_trunk", "uv": [ 3.0, 2.5, 5.0, 4.5 ] },
										"east": { "texture": "#alder_trunk", "uv": [ 12.0, 4.0, 12.5, 6.0 ] },
										"south": { "texture": "#alder_trunk", "uv": [ 12.0, 4.0, 14.0, 6.0 ] },
										"west": { "texture": "#alder_trunk", "uv": [ 11.5, 2.5, 12.0, 4.5 ] },
										"up": { "texture": "#alder_trunk", "uv": [ 3.0, 3.0, 5.0, 3.5 ] },
										"down": { "texture": "#null", "uv": [ 0.0, 0.0, 2.0, 0.5 ], "enabled": false }
									},
									"children": [
										{
											"name": "Cube45",
											"from": [ 0.5, 2.0, 0.0 ], 
											"to": [ 1.5, 3.0, 0.5 ], 
											"rotationOrigin": [ 0.0, 2.0, 0.0 ],
											"faces": {
												"north": { "texture": "#alder_trunk", "uv": [ 4.0, 3.0, 5.0, 4.0 ] },
												"east": { "texture": "#alder_trunk", "uv": [ 4.5, 3.5, 5.0, 4.5 ] },
												"south": { "texture": "#alder_trunk", "uv": [ 12.0, 3.0, 13.0, 4.0 ] },
												"west": { "texture": "#alder_trunk", "uv": [ 4.0, 3.5, 4.5, 4.5 ] },
												"up": { "texture": "#alder_trunk", "uv": [ 5.0, 5.5, 6.0, 6.0 ] },
												"down": { "texture": "#null", "uv": [ 0.0, 0.0, 1.0, 0.5 ], "enabled": false }
											}
										},
										{
											"name": "Cube46",
											"from": [ 0.0, 2.0, 0.0 ], 
											"to": [ 0.5, 2.5, 0.5 ], 
											"rotationOrigin": [ 0.0, 2.0, 0.0 ],
											"faces": {
												"north": { "texture": "#alder_trunk", "uv": [ 5.0, 4.5, 5.5, 5.0 ] },
												"east": { "texture": "#null", "uv": [ 0.0, 0.0, 0.5, 0.5 ], "enabled": false },
												"south": { "texture": "#alder_trunk", "uv": [ 11.0, 2.5, 11.5, 3.0 ] },
												"west": { "texture": "#alder_trunk", "uv": [ 11.0, 2.0, 11.5, 2.5 ] },
												"up": { "texture": "#alder_trunk", "uv": [ 5.5, 4.5, 6.0, 5.0 ] },
												"down": { "texture": "#null", "uv": [ 0.0, 0.0, 0.5, 0.5 ], "enabled": false }
											}
										}
									]
								},
								{
									"name": "Cube47",
									"from": [ 5.52, 12.5, 0.0 ], 
									"to": [ 7.52, 14.5, 0.5 ], 
									"rotationOrigin": [ 6.0, 12.5, 0.0 ],
									"rotationX": -22.5,
									"faces": {
										"north": { "texture": "#alder_trunk", "uv": [ 11.5, 8.0, 13.5, 10.0 ] },
										"east": { "texture": "#alder_trunk", "uv": [ 11.0, 1.5, 11.5, 3.5 ] },
										"south": { "texture": "#alder_trunk", "uv": [ 5.0, 4.0, 7.0, 6.0 ] },
										"west": { "texture": "#alder_trunk", "uv": [ 13.0, 9.0, 13.5, 11.0 ] },
										"up": { "texture": "#alder_trunk", "uv": [ 3.5, 3.0, 5.5, 3.5 ] },
										"down": { "texture": "#null", "uv": [ 0.0, 0.0, 2.0, 0.5 ], "enabled": false }
									},
									"children": [
										{
											"name": "Cube48",
											"from": [ 0.5, 2.0, 0.0 ], 
											"to": [ 1.0, 3.0, 0.5 ], 
											"rotationOrigin": [ 0.0, 2.0, 0.0 ],
											"faces": {
												"north": { "texture": "#alder_trunk", "uv": [ 11.0, 3.0, 11.5, 4.0 ] },
												"east": { "texture": "#alder_trunk", "uv": [ 7.5, 3.0, 8.0, 4.0 ] },
												"south": { "texture": "#alder_trunk", "uv": [ 3.5, 5.5, 4.0, 6.5 ] },
												"west": { "texture": "#alder_trunk", "uv": [ 4.0, 3.0, 4.5, 4.0 ] },
												"up": { "texture": "#alder_trunk", "uv": [ 4.5, 3.5, 5.0, 4.0 ] },
												"down": { "texture": "#null", "uv": [ 0.0, 0.0, 0.5, 0.5 ], "enabled": false }
											}
										},
										{
											"name": "Cube49",
											"from": [ 1.5, 2.0, 0.0 ], 
											"to": [ 2.0, 2.5, 0.5 ], 
											"rotationOrigin": [ 1.0, 2.0, 0.0 ],
											"faces": {
												"north": { "texture": "#alder_trunk", "uv": [ 11.0, 3.0, 11.5, 3.5 ] },
												"east": { "texture": "#alder_trunk", "uv": [ 12.0, 3.0, 12.5, 3.5 ] },
												"south": { "texture": "#alder_trunk", "uv": [ 6.0, 3.5, 6.5, 4.0 ] },
												"west": { "texture": "#alder_trunk", "uv": [ 5.5, 4.0, 6.0, 4.5 ] },
												"up": { "texture": "#alder_trunk", "uv": [ 3.0, 3.0, 3.5, 3.5 ] },
												"down": { "texture": "#null", "uv": [ 0.0, 0.0, 0.5, 0.5 ], "enabled": false }
											}
										},
										{
											"name": "Cube50",
											"from": [ 0.0, 2.0, 0.0 ], 
											"to": [ 0.5, 2.5, 0.5 ], 
											"rotationOrigin": [ 0.0, 2.0, 0.0 ],
											"faces": {
												"north": { "texture": "#alder_trunk", "uv": [ 10.5, 6.5, 11.0, 7.0 ] },
												"east": { "texture": "#alder_trunk", "uv": [ 3.5, 3.0, 4.0, 3.5 ], "enabled": false },
												"south": { "texture": "#alder_trunk", "uv": [ 4.0, 4.0, 4.5, 4.5 ] },
												"west": { "texture": "#alder_trunk", "uv": [ 11.0, 6.0, 11.5, 6.5 ] },
												"up": { "texture": "#alder_trunk", "uv": [ 3.5, 3.0, 4.0, 3.5 ] },
												"down": { "texture": "#null", "uv": [ 0.0, 0.0, 0.5, 0.5 ], "enabled": false }
											}
										}
									]
								},
								{
									"name": "Cube53",
									"from": [ -5.52, -1.0, 1.0 ], 
									"to": [ -3.52, 0.5, 2.0 ], 
									"rotationOrigin": [ -5.0, 0.5, 2.0 ],
									"rotationX": -22.5,
									"faces": {
										"north": { "texture": "#alder_trunk", "uv": [ 4.0, 5.0, 6.0, 6.5 ] },
										"east": { "texture": "#alder_trunk", "uv": [ 11.0, 2.0, 12.0, 3.5 ] },
										"south": { "texture": "#alder_trunk", "uv": [ 11.5, 11.5, 13.5, 13.0 ] },
										"west": { "texture": "#alder_trunk", "uv": [ 13.0, 13.0, 14.0, 14.5 ] },
										"up": { "texture": "#null", "uv": [ 0.0, 0.0, 2.0, 1.0 ], "enabled": false },
										"down": { "texture": "#alder_trunk", "uv": [ 5.5, 5.5, 7.5, 6.5 ] }
									},
									"children": [
										{
											"name": "Cube53",
											"from": [ 0.0, -0.5, 0.5 ], 
											"to": [ 0.5, 0.0, 1.0 ], 
											"rotationOrigin": [ 0.0, -1.0, 0.0 ],
											"faces": {
												"north": { "texture": "#alder_trunk", "uv": [ 3.5, 3.5, 4.0, 4.0 ] },
												"east": { "texture": "#alder_trunk", "uv": [ 6.5, 4.5, 7.0, 5.0 ] },
												"south": { "texture": "#alder_trunk", "uv": [ 11.0, 2.0, 11.5, 2.5 ] },
												"west": { "texture": "#alder_trunk", "uv": [ 11.0, 2.5, 11.5, 3.0 ] },
												"up": { "texture": "#null", "uv": [ 0.0, 0.0, 0.5, 0.5 ], "enabled": false },
												"down": { "texture": "#alder_trunk", "uv": [ 6.5, 3.5, 7.0, 4.0 ] }
											}
										},
										{
											"name": "Cube54",
											"from": [ 1.0, -0.5, 0.5 ], 
											"to": [ 2.0, 0.0, 1.0 ], 
											"rotationOrigin": [ 1.0, -1.0, 0.0 ],
											"faces": {
												"north": { "texture": "#alder_trunk", "uv": [ 4.0, 4.5, 5.0, 5.0 ] },
												"east": { "texture": "#alder_trunk", "uv": [ 12.0, 2.5, 12.5, 3.0 ] },
												"south": { "texture": "#alder_trunk", "uv": [ 13.0, 7.0, 14.0, 7.5 ] },
												"west": { "texture": "#alder_trunk", "uv": [ 4.0, 4.0, 4.5, 4.5 ] },
												"up": { "texture": "#null", "uv": [ 0.0, 0.0, 1.0, 0.5 ], "enabled": false },
												"down": { "texture": "#alder_trunk", "uv": [ 4.0, 5.0, 5.0, 5.5 ] }
											}
										}
									]
								},
								{
									"name": "Cube55",
									"from": [ -5.51, -1.0, 0.0 ], 
									"to": [ -3.51, 0.5, 1.0 ], 
									"rotationOrigin": [ -4.0, 0.5, 0.0 ],
									"rotationX": 22.5,
									"faces": {
										"north": { "texture": "#alder_trunk", "uv": [ 11.0, 2.5, 13.0, 4.0 ] },
										"east": { "texture": "#alder_trunk", "uv": [ 11.5, 6.5, 12.5, 8.0 ] },
										"south": { "texture": "#alder_trunk", "uv": [ 3.0, 3.5, 5.0, 5.0 ] },
										"west": { "texture": "#alder_trunk", "uv": [ 14.0, 7.5, 15.0, 9.0 ] },
										"up": { "texture": "#null", "uv": [ 0.0, 0.0, 2.0, 1.0 ], "enabled": false },
										"down": { "texture": "#alder_trunk", "uv": [ 5.0, 2.0, 7.0, 3.0 ] }
									},
									"children": [
										{
											"name": "Cube56",
											"from": [ 0.0, -0.5, 0.0 ], 
											"to": [ 1.5, 0.0, 0.5 ], 
											"rotationOrigin": [ 0.0, -1.0, -1.0 ],
											"faces": {
												"north": { "texture": "#alder_trunk", "uv": [ 11.5, 3.5, 13.0, 4.0 ] },
												"east": { "texture": "#alder_trunk", "uv": [ 4.5, 3.0, 5.0, 3.5 ] },
												"south": { "texture": "#alder_trunk", "uv": [ 4.5, 5.5, 6.0, 6.0 ] },
												"west": { "texture": "#alder_trunk", "uv": [ 12.0, 3.0, 12.5, 3.5 ] },
												"up": { "texture": "#null", "uv": [ 0.0, 0.0, 1.5, 0.5 ], "enabled": false },
												"down": { "texture": "#alder_trunk", "uv": [ 5.0, 4.0, 6.5, 4.5 ] }
											}
										}
									]
								},
								{
									"name": "Cube57",
									"from": [ -5.52, 15.5, 0.0 ], 
									"to": [ -3.52, 17.5, 0.5 ], 
									"rotationOrigin": [ -4.0, 15.5, 0.0 ],
									"rotationX": -22.5,
									"faces": {
										"north": { "texture": "#alder_trunk", "uv": [ 11.0, 4.5, 13.0, 6.5 ] },
										"east": { "texture": "#alder_trunk", "uv": [ 11.0, 1.5, 11.5, 3.5 ] },
										"south": { "texture": "#alder_trunk", "uv": [ 3.0, 3.0, 5.0, 5.0 ] },
										"west": { "texture": "#alder_trunk", "uv": [ 11.5, 1.5, 12.0, 3.5 ] },
										"up": { "texture": "#alder_trunk", "uv": [ 4.0, 3.5, 6.0, 4.0 ] },
										"down": { "texture": "#null", "uv": [ 0.0, 0.0, 2.0, 0.5 ], "enabled": false }
									},
									"children": [
										{
											"name": "Cube58",
											"from": [ 1.0, 2.0, 0.0 ], 
											"to": [ 1.5, 3.0, 0.5 ], 
											"rotationOrigin": [ 1.0, 2.0, 0.0 ],
											"faces": {
												"north": { "texture": "#alder_trunk", "uv": [ 12.5, 2.0, 13.0, 3.0 ] },
												"east": { "texture": "#alder_trunk", "uv": [ 5.5, 2.5, 6.0, 3.5 ] },
												"south": { "texture": "#alder_trunk", "uv": [ 6.0, 4.0, 6.5, 5.0 ] },
												"west": { "texture": "#alder_trunk", "uv": [ 3.0, 3.0, 3.5, 4.0 ] },
												"up": { "texture": "#alder_trunk", "uv": [ 3.5, 4.0, 4.0, 4.5 ] },
												"down": { "texture": "#null", "uv": [ 0.0, 0.0, 0.5, 0.5 ], "enabled": false }
											}
										},
										{
											"name": "Cube59",
											"from": [ 0.0, 2.0, 0.0 ], 
											"to": [ 1.0, 2.5, 0.5 ], 
											"rotationOrigin": [ 0.0, 2.0, 0.0 ],
											"faces": {
												"north": { "texture": "#alder_trunk", "uv": [ 13.0, 7.0, 14.0, 7.5 ] },
												"east": { "texture": "#alder_trunk", "uv": [ 0.0, 0.0, 0.5, 0.5 ], "enabled": false },
												"south": { "texture": "#alder_trunk", "uv": [ 4.0, 3.0, 5.0, 3.5 ] },
												"west": { "texture": "#alder_trunk", "uv": [ 10.5, 3.5, 11.0, 4.0 ] },
												"up": { "texture": "#alder_trunk", "uv": [ 5.0, 3.0, 6.0, 3.5 ] },
												"down": { "texture": "#null", "uv": [ 0.0, 0.0, 1.0, 0.5 ], "enabled": false }
											}
										}
									]
								},
								{
									"name": "Cube60",
									"from": [ -5.52, 15.5, 1.5 ], 
									"to": [ -3.52, 17.5, 2.0 ], 
									"rotationOrigin": [ -4.0, 15.5, 2.0 ],
									"rotationX": 22.5,
									"faces": {
										"north": { "texture": "#alder_trunk", "uv": [ 3.5, 2.0, 5.5, 4.0 ] },
										"east": { "texture": "#alder_trunk", "uv": [ 11.5, 1.5, 12.0, 3.5 ] },
										"south": { "texture": "#alder_trunk", "uv": [ 11.5, 7.5, 13.5, 9.5 ] },
										"west": { "texture": "#alder_trunk", "uv": [ 10.5, 0.5, 11.0, 2.5 ] },
										"up": { "texture": "#alder_trunk", "uv": [ 3.0, 2.0, 5.0, 2.5 ] },
										"down": { "texture": "#null", "uv": [ 0.0, 0.0, 2.0, 0.5 ], "enabled": false }
									},
									"children": [
										{
											"name": "Cube61",
											"from": [ 1.0, 2.0, 0.0 ], 
											"to": [ 2.0, 3.0, 0.5 ], 
											"rotationOrigin": [ 1.0, 2.0, 0.0 ],
											"faces": {
												"north": { "texture": "#alder_trunk", "uv": [ 5.5, 3.0, 6.5, 4.0 ] },
												"east": { "texture": "#alder_trunk", "uv": [ 12.0, 2.0, 12.5, 3.0 ] },
												"south": { "texture": "#alder_trunk", "uv": [ 11.5, 3.0, 12.5, 4.0 ] },
												"west": { "texture": "#alder_trunk", "uv": [ 6.0, 4.0, 6.5, 5.0 ] },
												"up": { "texture": "#alder_trunk", "uv": [ 5.0, 3.0, 6.0, 3.5 ] },
												"down": { "texture": "#null", "uv": [ 0.0, 0.0, 1.0, 0.5 ], "enabled": false }
											}
										},
										{
											"name": "Cube62",
											"from": [ 0.0, 2.0, 0.0 ], 
											"to": [ 0.5, 2.5, 0.5 ], 
											"rotationOrigin": [ 0.0, 2.0, 0.0 ],
											"faces": {
												"north": { "texture": "#alder_trunk", "uv": [ 5.0, 3.5, 5.5, 4.0 ] },
												"east": { "texture": "#alder_trunk", "uv": [ 6.0, 4.5, 6.5, 5.0 ] },
												"south": { "texture": "#alder_trunk", "uv": [ 11.5, 2.5, 12.0, 3.0 ] },
												"west": { "texture": "#alder_trunk", "uv": [ 12.5, 3.0, 13.0, 3.5 ] },
												"up": { "texture": "#alder_trunk", "uv": [ 5.0, 3.0, 5.5, 3.5 ] },
												"down": { "texture": "#null", "uv": [ 0.0, 0.0, 0.5, 0.5 ], "enabled": false }
											}
										}
									]
								}
							]
						},
						{
							"name": "horizontal4",
							"from": [ -1.0, 6.9, -0.2 ], 
							"to": [ 7.0, 7.9, 0.8 ], 
							"rotationOrigin": [ 2.7, 7.3, 1.4 ],
							"rotationY": -30.0,
							"faces": {
								"north": { "texture": "#alder_trunk", "uv": [ 11.5, 7.0, 12.5, 15.0 ], "rotation": 90 },
								"east": { "texture": "#alder_trunk", "uv": [ 12.0, 7.0, 13.0, 8.0 ] },
								"south": { "texture": "#alder_trunk", "uv": [ 12.0, 5.0, 13.0, 13.0 ], "rotation": 90 },
								"west": { "texture": "#alder_trunk", "uv": [ 4.0, 2.5, 5.0, 3.5 ] },
								"up": { "texture": "#alder_trunk", "uv": [ 13.0, 0.0, 14.0, 8.0 ], "rotation": 90 },
								"down": { "texture": "#alder_trunk", "uv": [ 12.0, 5.0, 13.0, 13.0 ], "rotation": 90 }
							}
						},
						{
							"name": "horizontal17",
							"from": [ -0.5, 5.6, -0.2 ], 
							"to": [ 6.5, 6.6, 0.8 ], 
							"rotationOrigin": [ 2.7, 5.5, 1.4 ],
							"rotationY": -30.0,
							"faces": {
								"north": { "texture": "#alder_trunk", "uv": [ 13.5, 0.0, 14.5, 7.0 ], "rotation": 90 },
								"east": { "texture": "#alder_trunk", "uv": [ 11.5, 6.5, 12.5, 7.5 ] },
								"south": { "texture": "#alder_trunk", "uv": [ 11.5, 6.5, 12.5, 13.5 ], "rotation": 90 },
								"west": { "texture": "#alder_trunk", "uv": [ 3.5, 4.0, 4.5, 5.0 ] },
								"up": { "texture": "#alder_trunk", "uv": [ 12.0, 3.5, 13.0, 10.5 ], "rotation": 90 },
								"down": { "texture": "#alder_trunk", "uv": [ 14.0, 3.5, 15.0, 10.5 ], "rotation": 90 }
							}
						},
						{
							"name": "horizontal18",
							"from": [ 6.1, 5.5, 0.1 ], 
							"to": [ 14.6, 6.5, 1.1 ], 
							"rotationOrigin": [ 10.4, 8.3, 1.4 ],
							"rotationY": 25.0,
							"faces": {
								"north": { "texture": "#alder_trunk", "uv": [ 11.5, 4.5, 12.5, 13.0 ], "rotation": 90 },
								"east": { "texture": "#alder_trunk", "uv": [ 5.0, 6.0, 6.0, 7.0 ] },
								"south": { "texture": "#alder_trunk", "uv": [ 11.0, 5.5, 12.0, 14.0 ], "rotation": 90 },
								"west": { "texture": "#alder_trunk", "uv": [ 12.0, 7.0, 13.0, 8.0 ] },
								"up": { "texture": "#alder_trunk", "uv": [ 13.0, 6.0, 14.0, 14.5 ], "rotation": 90 },
								"down": { "texture": "#alder_trunk", "uv": [ 13.5, 0.0, 14.5, 8.5 ], "rotation": 90 }
							}
						},
						{
							"name": "horizontal21",
							"from": [ 6.7, 3.1, 0.1 ], 
							"to": [ 14.2, 4.1, 1.1 ], 
							"rotationOrigin": [ 10.4, 11.3, 1.4 ],
							"rotationY": 25.0,
							"faces": {
								"north": { "texture": "#alder_trunk", "uv": [ 11.5, 6.5, 12.5, 14.0 ], "rotation": 90 },
								"east": { "texture": "#alder_trunk", "uv": [ 6.5, 2.5, 7.5, 3.5 ] },
								"south": { "texture": "#alder_trunk", "uv": [ 13.5, 0.0, 14.5, 7.5 ], "rotation": 90 },
								"west": { "texture": "#alder_trunk", "uv": [ 14.5, 7.0, 15.5, 8.0 ] },
								"up": { "texture": "#alder_trunk", "uv": [ 12.5, 5.0, 13.5, 12.5 ], "rotation": 90 },
								"down": { "texture": "#alder_trunk", "uv": [ 13.5, 0.0, 14.5, 7.5 ], "rotation": 90 }
							}
						},
						{
							"name": "horizontal22",
							"from": [ -1.0, 3.2, -0.2 ], 
							"to": [ 7.0, 4.2, 0.8 ], 
							"rotationOrigin": [ 2.7, 8.5, 1.4 ],
							"rotationY": -30.0,
							"faces": {
								"north": { "texture": "#alder_trunk", "uv": [ 11.0, 8.0, 12.0, 16.0 ], "rotation": 90 },
								"east": { "texture": "#alder_trunk", "uv": [ 11.0, 11.5, 12.0, 12.5 ] },
								"south": { "texture": "#alder_trunk", "uv": [ 14.0, 7.0, 15.0, 15.0 ], "rotation": 90 },
								"west": { "texture": "#alder_trunk", "uv": [ 3.5, 4.0, 4.5, 5.0 ] },
								"up": { "texture": "#alder_trunk", "uv": [ 12.5, 6.0, 13.5, 14.0 ], "rotation": 90 },
								"down": { "texture": "#alder_trunk", "uv": [ 13.0, 1.0, 14.0, 9.0 ], "rotation": 90 }
							}
						},
						{
							"name": "horizontal28",
							"from": [ -0.5, 10.6, -0.2 ], 
							"to": [ 6.5, 11.6, 0.8 ], 
							"rotationOrigin": [ 2.7, 10.5, 1.4 ],
							"rotationY": -30.0,
							"faces": {
								"north": { "texture": "#alder_trunk", "uv": [ 11.5, 5.0, 12.5, 12.0 ], "rotation": 90 },
								"east": { "texture": "#alder_trunk", "uv": [ 13.5, 7.0, 14.5, 8.0 ] },
								"south": { "texture": "#alder_trunk", "uv": [ 12.0, 5.5, 13.0, 12.5 ], "rotation": 90 },
								"west": { "texture": "#alder_trunk", "uv": [ 6.0, 5.0, 7.0, 6.0 ] },
								"up": { "texture": "#alder_trunk", "uv": [ 13.5, 6.5, 14.5, 13.5 ], "rotation": 90 },
								"down": { "texture": "#alder_trunk", "uv": [ 11.5, 4.5, 12.5, 11.5 ], "rotation": 90 }
							}
						},
						{
							"name": "horizontal29",
							"from": [ 6.1, 10.5, 0.1 ], 
							"to": [ 14.6, 11.5, 1.1 ], 
							"rotationOrigin": [ 10.4, 13.3, 1.4 ],
							"rotationY": 25.0,
							"faces": {
								"north": { "texture": "#alder_trunk", "uv": [ 11.5, 4.5, 12.5, 13.0 ], "rotation": 90 },
								"east": { "texture": "#alder_trunk", "uv": [ 5.5, 4.0, 6.5, 5.0 ] },
								"south": { "texture": "#alder_trunk", "uv": [ 13.5, 0.0, 14.5, 8.5 ], "rotation": 90 },
								"west": { "texture": "#alder_trunk", "uv": [ 10.5, 7.0, 11.5, 8.0 ] },
								"up": { "texture": "#alder_trunk", "uv": [ 13.5, 6.0, 14.5, 14.5 ], "rotation": 90 },
								"down": { "texture": "#alder_trunk", "uv": [ 12.0, 3.0, 13.0, 11.5 ], "rotation": 90 }
							}
						},
						{
							"name": "horizontal30",
							"from": [ 6.7, 7.0, 0.1 ], 
							"to": [ 14.2, 8.0, 1.1 ], 
							"rotationOrigin": [ 10.4, 15.3, 1.4 ],
							"rotationY": 25.0,
							"faces": {
								"north": { "texture": "#alder_trunk", "uv": [ 11.5, 6.5, 12.5, 14.0 ], "rotation": 90 },
								"east": { "texture": "#alder_trunk", "uv": [ 6.0, 3.0, 7.0, 4.0 ] },
								"south": { "texture": "#alder_trunk", "uv": [ 13.5, 0.0, 14.5, 7.5 ], "rotation": 90 },
								"west": { "texture": "#alder_trunk", "uv": [ 13.0, 9.5, 14.0, 10.5 ] },
								"up": { "texture": "#alder_trunk", "uv": [ 12.5, 5.0, 13.5, 12.5 ], "rotation": 90 },
								"down": { "texture": "#alder_trunk", "uv": [ 13.5, 0.0, 14.5, 7.5 ], "rotation": 90 }
							}
						},
						{
							"name": "Cube25",
							"from": [ 0.0, -1.2, -1.4 ], 
							"to": [ 13.0, 0.3, 0.1 ], 
							"rotationOrigin": [ -0.5, -2.5, 0.0 ],
							"rotationX": 45.0,
							"faces": {
								"north": { "texture": "#alder_trunk", "uv": [ 11.5, 1.5, 13.0, 14.5 ], "rotation": 90 },
								"east": { "texture": "#alder_trunk", "uv": [ 4.5, 3.5, 6.0, 5.0 ] },
								"south": { "texture": "#alder_trunk", "uv": [ 11.5, 1.5, 13.0, 14.5 ], "rotation": 90 },
								"west": { "texture": "#alder_trunk", "uv": [ 2.5, 4.0, 4.0, 5.5 ] },
								"up": { "texture": "#alder_trunk", "uv": [ 12.0, 0.0, 13.5, 13.0 ], "rotation": 90 },
								"down": { "texture": "#alder_trunk", "uv": [ 11.0, 3.0, 12.5, 16.0 ], "rotation": 90 }
							}
						},
						{
							"name": "Cube9",
							"from": [ -0.4, 16.5, -0.6 ], 
							"to": [ 13.6, 18.5, 1.4 ], 
							"rotationOrigin": [ 0.1, 16.5, 0.0 ],
							"rotationX": 45.0,
							"rotationY": -10.0,
							"rotationZ": -10.0,
							"faces": {
								"north": { "texture": "#alder_trunk", "uv": [ 12.0, 0.5, 14.0, 14.5 ], "rotation": 90 },
								"east": { "texture": "#alder_trunk", "uv": [ 5.5, 4.0, 7.5, 6.0 ] },
								"south": { "texture": "#alder_trunk", "uv": [ 11.0, 1.0, 13.0, 15.0 ], "rotation": 90 },
								"west": { "texture": "#alder_trunk", "uv": [ 4.5, 3.5, 6.5, 5.5 ] },
								"up": { "texture": "#alder_trunk", "uv": [ 12.5, 0.0, 14.5, 14.0 ], "rotation": 90 },
								"down": { "texture": "#alder_trunk", "uv": [ 11.0, 2.0, 13.0, 16.0 ], "rotation": 90 }
							}
						},
						{
							"name": "Cube35",
							"from": [ -3.1, 10.2, -0.5 ], 
							"to": [ 2.4, 10.8, 2.5 ], 
							"rotationOrigin": [ -3.5, 9.5, 0.0 ],
							"rotationZ": -10.0,
							"faces": {
								"north": { "texture": "#rope", "uv": [ 0.0, 0.0, 5.5, 0.5 ] },
								"east": { "texture": "#rope", "uv": [ 0.0, 0.0, 3.0, 0.5 ] },
								"south": { "texture": "#rope", "uv": [ 0.0, 0.0, 5.5, 0.5 ] },
								"west": { "texture": "#rope", "uv": [ 0.0, 0.0, 3.0, 0.5 ] },
								"up": { "texture": "#rope", "uv": [ 0.0, 0.0, 5.5, 3.0 ] },
								"down": { "texture": "#rope", "uv": [ 0.0, 0.0, 5.5, 3.0 ] }
							}
						},
						{
							"name": "Cube5",
							"from": [ -2.9, -0.5, -0.5 ], 
							"to": [ 3.1, 0.1, 2.5 ], 
							"rotationOrigin": [ -3.5, -0.5, 0.0 ],
							"rotationZ": 18.0,
							"faces": {
								"north": { "texture": "#rope", "uv": [ 0.0, 0.0, 6.0, 0.5 ] },
								"east": { "texture": "#rope", "uv": [ 0.0, 0.0, 3.0, 0.5 ] },
								"south": { "texture": "#rope", "uv": [ 0.0, 0.0, 6.0, 0.5 ] },
								"west": { "texture": "#rope", "uv": [ 0.0, 0.0, 3.0, 0.5 ] },
								"up": { "texture": "#rope", "uv": [ 0.0, 0.0, 6.0, 3.0 ] },
								"down": { "texture": "#rope", "uv": [ 0.0, 0.0, 6.0, 3.0 ] }
							}
						},
						{
							"name": "Cube8",
							"from": [ -3.2, 3.0, -0.52 ], 
							"to": [ 2.3, 3.6, 2.48 ], 
							"rotationOrigin": [ -3.5, 2.5, 0.0 ],
							"rotationZ": -6.0,
							"faces": {
								"north": { "texture": "#rope", "uv": [ 0.0, 0.0, 5.5, 0.5 ] },
								"east": { "texture": "#rope", "uv": [ 0.0, 0.0, 3.0, 0.5 ] },
								"south": { "texture": "#rope", "uv": [ 0.0, 0.0, 5.5, 0.5 ] },
								"west": { "texture": "#rope", "uv": [ 0.0, 0.0, 3.0, 0.5 ] },
								"up": { "texture": "#rope", "uv": [ 0.0, 0.0, 5.5, 3.0 ] },
								"down": { "texture": "#rope", "uv": [ 0.0, 0.0, 5.5, 3.0 ] }
							}
						}
					]
				}
			]
		},
		{
			"name": "vertical3",
			"from": [ 15.0, 0.0, 7.0 ], 
			"to": [ 16.0, 16.0, 9.0 ], 
			"rotationOrigin": [ 16.7, 0.0, 8.7 ],
			"faces": {
				"north": { "texture": "#alder_trunk", "uv": [ 13.0, 0.0, 14.0, 16.0 ] },
				"east": { "texture": "#alder_trunk", "uv": [ 10.0, 0.0, 12.0, 16.0 ], "enabled": false },
				"south": { "texture": "#alder_trunk", "uv": [ 12.0, 0.0, 13.0, 16.0 ] },
				"west": { "texture": "#alder_trunk", "uv": [ 12.5, 0.0, 14.5, 16.0 ] },
				"up": { "texture": "#alder_trunk", "uv": [ 2.5, 5.0, 3.5, 7.0 ] },
				"down": { "texture": "#alder_trunk", "uv": [ 3.0, 6.0, 4.0, 8.0 ] }
			}
		},
		{
			"name": "Cube27",
			"from": [ 15.4198, 8.2, 5.6964 ], 
			"to": [ 16.4198, 9.2, 6.6964 ], 
			"rotationOrigin": [ 15.4198, 8.2, 5.6964 ],
			"rotationY": -19.0,
			"faces": {
				"north": { "texture": "#alder_trunk", "uv": [ 12.0, 7.5, 13.0, 8.5 ] },
				"east": { "texture": "#alder_trunk", "uv": [ 0.0, 0.0, 1.0, 1.0 ], "enabled": false },
				"south": { "texture": "#alder_trunk", "uv": [ 10.0, 2.5, 11.0, 3.5 ] },
				"west": { "texture": "#alder_trunk", "uv": [ 3.5, 5.0, 4.5, 6.0 ] },
				"up": { "texture": "#alder_trunk", "uv": [ 11.5, 7.5, 12.5, 8.5 ] },
				"down": { "texture": "#alder_trunk", "uv": [ 12.0, 6.5, 13.0, 7.5 ] }
			}
		},
		{
			"name": "Cube28",
			"from": [ 15.4198, 12.1, 5.6964 ], 
			"to": [ 16.4198, 13.1, 6.6964 ], 
			"rotationOrigin": [ 15.4198, 12.1, 5.6964 ],
			"rotationY": -19.0,
			"faces": {
				"north": { "texture": "#alder_trunk", "uv": [ 12.0, 9.5, 13.0, 10.5 ] },
				"east": { "texture": "#alder_trunk", "uv": [ 0.0, 0.0, 1.0, 1.0 ], "enabled": false },
				"south": { "texture": "#alder_trunk", "uv": [ 13.0, 7.0, 14.0, 8.0 ] },
				"west": { "texture": "#alder_trunk", "uv": [ 4.5, 5.0, 5.5, 6.0 ] },
				"up": { "texture": "#alder_trunk", "uv": [ 14.5, 6.5, 15.5, 7.5 ] },
				"down": { "texture": "#alder_trunk", "uv": [ 12.0, 3.5, 13.0, 4.5 ] }
			}
		},
		{
			"name": "Cube29",
			"from": [ 14.0122, 10.5, 9.473 ], 
			"to": [ 16.0122, 11.5, 10.473 ], 
			"rotationOrigin": [ 14.0122, 10.5, 9.473 ],
			"rotationY": 19.0,
			"faces": {
				"north": { "texture": "#alder_trunk", "uv": [ 12.0, 3.0, 14.0, 4.0 ] },
				"east": { "texture": "#alder_trunk", "uv": [ 0.0, 0.0, 1.0, 1.0 ], "enabled": false },
				"south": { "texture": "#alder_trunk", "uv": [ 12.5, 8.0, 14.5, 9.0 ] },
				"west": { "texture": "#alder_trunk", "uv": [ 5.0, 4.0, 6.0, 5.0 ] },
				"up": { "texture": "#alder_trunk", "uv": [ 11.0, 6.5, 13.0, 7.5 ] },
				"down": { "texture": "#alder_trunk", "uv": [ 11.0, 6.5, 13.0, 7.5 ] }
			}
		},
		{
			"name": "Cube30",
			"from": [ 14.9455, 6.5, 9.0558 ], 
			"to": [ 15.9455, 7.5, 10.0558 ], 
			"rotationOrigin": [ 14.9455, 6.5, 9.0558 ],
			"rotationY": 18.0,
			"faces": {
				"north": { "texture": "#alder_trunk", "uv": [ 11.0, 1.0, 12.0, 2.0 ] },
				"east": { "texture": "#alder_trunk", "uv": [ 0.0, 0.0, 1.0, 1.0 ], "enabled": false },
				"south": { "texture": "#alder_trunk", "uv": [ 11.0, 3.0, 12.0, 4.0 ] },
				"west": { "texture": "#alder_trunk", "uv": [ 5.0, 4.5, 6.0, 5.5 ] },
				"up": { "texture": "#alder_trunk", "uv": [ 14.0, 8.0, 15.0, 9.0 ] },
				"down": { "texture": "#alder_trunk", "uv": [ 10.5, 1.5, 11.5, 2.5 ] }
			}
		},
		{
			"name": "Cube31",
			"from": [ 0.1022, 14.0, 8.7893 ], 
			"to": [ 2.6022, 15.0, 9.7893 ], 
			"rotationOrigin": [ 0.1022, 14.0, 8.7893 ],
			"rotationY": -19.0,
			"faces": {
				"north": { "texture": "#alder_trunk", "uv": [ 12.0, 6.5, 14.5, 7.5 ] },
				"east": { "texture": "#alder_trunk", "uv": [ 5.0, 3.5, 6.0, 4.5 ] },
				"south": { "texture": "#alder_trunk", "uv": [ 12.0, 1.0, 14.5, 2.0 ] },
				"west": { "texture": "#alder_trunk", "uv": [ 0.0, 0.0, 1.0, 1.0 ], "enabled": false },
				"up": { "texture": "#alder_trunk", "uv": [ 11.5, 7.5, 14.0, 8.5 ] },
				"down": { "texture": "#alder_trunk", "uv": [ 11.5, 5.5, 14.0, 6.5 ] }
			}
		},
		{
			"name": "Cube32",
			"from": [ -0.3831, 12.0, 5.7184 ], 
			"to": [ 1.1169, 13.0, 6.7184 ], 
			"rotationOrigin": [ 0.9169, 12.0, 5.7184 ],
			"rotationY": 18.0,
			"faces": {
				"north": { "texture": "#alder_trunk", "uv": [ 12.5, 7.0, 14.0, 8.0 ] },
				"east": { "texture": "#alder_trunk", "uv": [ 5.5, 2.5, 6.5, 3.5 ] },
				"south": { "texture": "#alder_trunk", "uv": [ 12.0, 2.0, 13.5, 3.0 ] },
				"west": { "texture": "#alder_trunk", "uv": [ 0.0, 0.0, 1.0, 1.0 ], "enabled": false },
				"up": { "texture": "#alder_trunk", "uv": [ 13.0, 10.0, 14.5, 11.0 ] },
				"down": { "texture": "#alder_trunk", "uv": [ 13.0, 7.0, 14.5, 8.0 ] }
			}
		},
		{
			"name": "Cube33",
			"from": [ 0.1328, 10.4, 8.5614 ], 
			"to": [ 1.1328, 11.4, 9.5614 ], 
			"rotationOrigin": [ -0.3672, 10.4, 8.5614 ],
			"rotationY": -18.0,
			"faces": {
				"north": { "texture": "#alder_trunk", "uv": [ 12.5, 2.0, 13.5, 3.0 ] },
				"east": { "texture": "#alder_trunk", "uv": [ 5.5, 5.5, 6.5, 6.5 ] },
				"south": { "texture": "#alder_trunk", "uv": [ 14.5, 9.0, 15.5, 10.0 ] },
				"west": { "texture": "#alder_trunk", "uv": [ 0.0, 0.0, 1.0, 1.0 ], "enabled": false },
				"up": { "texture": "#alder_trunk", "uv": [ 12.5, 4.0, 13.5, 5.0 ] },
				"down": { "texture": "#alder_trunk", "uv": [ 11.0, 6.0, 12.0, 7.0 ] }
			}
		},
		{
			"name": "Cube34",
			"from": [ 0.1328, 6.4, 8.5614 ], 
			"to": [ 2.1328, 7.4, 9.5614 ], 
			"rotationOrigin": [ -0.3672, 6.4, 8.5614 ],
			"rotationY": -18.0,
			"faces": {
				"north": { "texture": "#alder_trunk", "uv": [ 11.0, 12.0, 13.0, 13.0 ] },
				"east": { "texture": "#alder_trunk", "uv": [ 4.5, 2.5, 5.5, 3.5 ] },
				"south": { "texture": "#alder_trunk", "uv": [ 12.5, 12.5, 14.5, 13.5 ] },
				"west": { "texture": "#alder_trunk", "uv": [ 0.0, 0.0, 1.0, 1.0 ], "enabled": false },
				"up": { "texture": "#alder_trunk", "uv": [ 12.5, 0.5, 14.5, 1.5 ] },
				"down": { "texture": "#alder_trunk", "uv": [ 11.5, 7.5, 13.5, 8.5 ] }
			}
		},
		{
			"name": "Cube23",
			"from": [ 13.4944, 2.3, 9.3648 ], 
			"to": [ 15.9944, 3.3, 10.3648 ], 
			"rotationOrigin": [ 13.9944, 2.3, 9.3648 ],
			"rotationY": 18.0,
			"faces": {
				"north": { "texture": "#alder_trunk", "uv": [ 13.0, 13.5, 15.5, 14.5 ] },
				"east": { "texture": "#alder_trunk", "uv": [ 0.0, 0.0, 1.0, 1.0 ], "enabled": false },
				"south": { "texture": "#alder_trunk", "uv": [ 11.5, 7.0, 14.0, 8.0 ] },
				"west": { "texture": "#alder_trunk", "uv": [ 4.5, 3.5, 5.5, 4.5 ] },
				"up": { "texture": "#alder_trunk", "uv": [ 13.5, 1.5, 16.0, 2.5 ] },
				"down": { "texture": "#alder_trunk", "uv": [ 12.0, 2.5, 14.5, 3.5 ] }
			}
		},
		{
			"name": "Cube22",
			"from": [ -0.295, 0.4, 6.2747 ], 
			"to": [ 0.705, 1.4, 7.2747 ], 
			"rotationOrigin": [ -0.795, 0.4, 6.2747 ],
			"rotationY": 18.0,
			"faces": {
				"north": { "texture": "#alder_trunk", "uv": [ 11.5, 2.0, 12.5, 3.0 ] },
				"east": { "texture": "#alder_trunk", "uv": [ 4.5, 4.0, 5.5, 5.0 ] },
				"south": { "texture": "#alder_trunk", "uv": [ 11.0, 5.5, 12.0, 6.5 ] },
				"west": { "texture": "#alder_trunk", "uv": [ 0.0, 0.0, 1.0, 1.0 ], "enabled": false },
				"up": { "texture": "#alder_trunk", "uv": [ 11.0, 5.5, 12.0, 6.5 ] },
				"down": { "texture": "#alder_trunk", "uv": [ 11.5, 6.5, 12.5, 7.5 ] }
			}
		},
		{
			"name": "Cube26",
			"from": [ 15.4198, 0.5, 5.6964 ], 
			"to": [ 16.4198, 1.5, 6.6964 ], 
			"rotationOrigin": [ 15.4198, 0.5, 5.6964 ],
			"rotationY": -19.0,
			"faces": {
				"north": { "texture": "#alder_trunk", "uv": [ 13.5, 7.0, 14.5, 8.0 ] },
				"east": { "texture": "#alder_trunk", "uv": [ 0.0, 0.0, 1.0, 1.0 ], "enabled": false },
				"south": { "texture": "#alder_trunk", "uv": [ 12.0, 7.0, 13.0, 8.0 ] },
				"west": { "texture": "#alder_trunk", "uv": [ 5.0, 4.5, 6.0, 5.5 ] },
				"up": { "texture": "#alder_trunk", "uv": [ 12.0, 2.5, 13.0, 3.5 ] },
				"down": { "texture": "#alder_trunk", "uv": [ 11.0, 5.5, 12.0, 6.5 ] }
			}
		}
	]}