{
	"editor": {
		"allAngles": false,
		"entityTextureMode": false
	},
	"textureWidth": 16,
	"textureHeight": 16,
	"textureSizes": {
	},
	"textures": {
	},
	"elements": [
		{
			"name": "vertical1",
			"from": [ 7.0, 0.0, 7.0 ], 
			"to": [ 9.0, 16.0, 9.0 ], 
			"rotationOrigin": [ 8.7, 0.0, 8.7 ],
			"faces": {
				"north": { "texture": "#alder_trunk", "uv": [ 11.0, 0.0, 13.0, 16.0 ] },
				"east": { "texture": "#alder_trunk", "uv": [ 12.0, 0.0, 14.0, 16.0 ] },
				"south": { "texture": "#alder_trunk", "uv": [ 10.5, 0.0, 12.5, 16.0 ] },
				"west": { "texture": "#alder_trunk", "uv": [ 13.0, 0.0, 15.0, 16.0 ] },
				"up": { "texture": "#alder_trunk", "uv": [ 4.5, 2.5, 6.5, 4.5 ], "autoUv": false },
				"down": { "texture": "#alder_trunk", "uv": [ 3.0, 5.5, 5.0, 7.5 ] }
			}
		},
		{
			"name": "vertical2",
			"from": [ 0.0, 0.0, 7.0 ], 
			"to": [ 1.0, 16.0, 9.0 ], 
			"rotationOrigin": [ 1.7, 0.0, 8.7 ],
			"faces": {
				"north": { "texture": "#alder_trunk", "uv": [ 11.5, 0.0, 12.5, 16.0 ] },
				"east": { "texture": "#alder_trunk", "uv": [ 12.5, 0.0, 14.5, 16.0 ] },
				"south": { "texture": "#alder_trunk", "uv": [ 11.5, 0.0, 12.5, 16.0 ] },
				"west": { "texture": "#alder_trunk", "uv": [ 13.0, 0.0, 14.5, 16.0 ], "enabled": false, "autoUv": false, "windMode": [-1,-1,-1,-1], "windData": [0,0,1,1] },
				"up": { "texture": "#alder_trunk", "uv": [ 6.5, 5.0, 7.5, 7.0 ] },
				"down": { "texture": "#alder_trunk", "uv": [ 2.5, 6.0, 3.5, 8.0 ] }
			}
		},
		{
			"name": "horizontal4",
			"from": [ -0.2, 8.2, 7.4 ], 
			"to": [ 8.3, 9.2, 8.4 ], 
			"rotationOrigin": [ 4.2, 8.8, 8.4 ],
			"rotationY": -19.0,
			"faces": {
				"north": { "texture": "#alder_trunk", "uv": [ 10.5, 5.5, 11.5, 14.0 ], "rotation": 90 },
				"east": { "texture": "#alder_trunk", "uv": [ 12.0, 6.5, 13.0, 7.5 ] },
				"south": { "texture": "#alder_trunk", "uv": [ 12.0, 5.0, 13.0, 13.5 ], "rotation": 90 },
				"west": { "texture": "#alder_trunk", "uv": [ 13.0, 6.0, 14.0, 7.0 ] },
				"up": { "texture": "#alder_trunk", "uv": [ 11.5, 0.0, 12.5, 8.5 ], "rotation": 90 },
				"down": { "texture": "#alder_trunk", "uv": [ 12.0, 5.5, 13.0, 14.0 ], "rotation": 90 }
			}
		},
		{
			"name": "horizontal2",
			"from": [ -0.2, 12.1, 7.4 ], 
			"to": [ 8.3, 13.1, 8.4 ], 
			"rotationOrigin": [ 4.2, 13.0, 8.4 ],
			"rotationY": -19.0,
			"faces": {
				"north": { "texture": "#alder_trunk", "uv": [ 12.0, 5.0, 13.0, 13.5 ], "rotation": 90 },
				"east": { "texture": "#alder_trunk", "uv": [ 11.0, 6.0, 12.0, 7.0 ] },
				"south": { "texture": "#alder_trunk", "uv": [ 11.0, 5.0, 12.0, 13.5 ], "rotation": 90 },
				"west": { "texture": "#alder_trunk", "uv": [ 12.5, 6.0, 13.5, 7.0 ] },
				"up": { "texture": "#alder_trunk", "uv": [ 12.0, 5.0, 13.0, 13.5 ], "rotation": 90 },
				"down": { "texture": "#alder_trunk", "uv": [ 13.5, 0.5, 14.5, 9.0 ], "rotation": 90 }
			}
		},
		{
			"name": "horizontal3",
			"from": [ 0.0, 10.5, 7.4 ], 
			"to": [ 8.5, 11.5, 8.4 ], 
			"rotationOrigin": [ 4.2, 11.4, 8.4 ],
			"rotationY": 19.0,
			"faces": {
				"north": { "texture": "#alder_trunk", "uv": [ 12.0, 4.5, 13.0, 13.0 ], "rotation": 90 },
				"east": { "texture": "#alder_trunk", "uv": [ 11.0, 6.0, 12.0, 7.0 ] },
				"south": { "texture": "#alder_trunk", "uv": [ 11.5, 6.0, 12.5, 14.5 ], "rotation": 90 },
				"west": { "texture": "#alder_trunk", "uv": [ 12.0, 6.5, 13.0, 7.5 ] },
				"up": { "texture": "#alder_trunk", "uv": [ 13.5, 2.5, 14.5, 11.0 ], "rotation": 90 },
				"down": { "texture": "#alder_trunk", "uv": [ 12.0, 5.0, 13.0, 13.5 ], "rotation": 90 }
			}
		},
		{
			"name": "horizontal5",
			"from": [ 0.0, 6.5, 7.4 ], 
			"to": [ 8.5, 7.5, 8.4 ], 
			"rotationOrigin": [ 4.2, 7.2, 8.4 ],
			"rotationY": 18.0,
			"faces": {
				"north": { "texture": "#alder_trunk", "uv": [ 13.0, 4.0, 14.0, 12.5 ], "rotation": 90 },
				"east": { "texture": "#alder_trunk", "uv": [ 11.5, 2.0, 12.5, 3.0 ] },
				"south": { "texture": "#alder_trunk", "uv": [ 13.0, 1.5, 14.0, 10.0 ], "rotation": 90 },
				"west": { "texture": "#alder_trunk", "uv": [ 11.5, 6.0, 12.5, 7.0 ] },
				"up": { "texture": "#alder_trunk", "uv": [ 11.5, 6.0, 12.5, 14.5 ], "rotation": 90 },
				"down": { "texture": "#alder_trunk", "uv": [ 13.0, 0.5, 14.0, 9.0 ], "rotation": 90 }
			}
		},
		{
			"name": "horizontal11",
			"from": [ 0.0, 13.9, 7.4 ], 
			"to": [ 8.5, 14.9, 8.4 ], 
			"rotationOrigin": [ 4.2, 14.8, 8.4 ],
			"rotationY": 18.0,
			"faces": {
				"north": { "texture": "#alder_trunk", "uv": [ 11.5, 5.5, 12.5, 14.0 ], "rotation": 90 },
				"east": { "texture": "#alder_trunk", "uv": [ 12.5, 7.0, 13.5, 8.0 ] },
				"south": { "texture": "#alder_trunk", "uv": [ 12.0, 5.5, 13.0, 14.0 ], "rotation": 90 },
				"west": { "texture": "#alder_trunk", "uv": [ 11.5, 6.5, 12.5, 7.5 ] },
				"up": { "texture": "#alder_trunk", "uv": [ 13.0, 0.0, 14.0, 8.5 ], "rotation": 90 },
				"down": { "texture": "#alder_trunk", "uv": [ 12.5, 3.0, 13.5, 11.5 ], "rotation": 90 }
			}
		},
		{
			"name": "horizontal17",
			"from": [ -0.2, 5.0, 7.4 ], 
			"to": [ 8.3, 6.0, 8.4 ], 
			"rotationOrigin": [ 4.2, 6.0, 8.4 ],
			"rotationY": -19.0,
			"faces": {
				"north": { "texture": "#alder_trunk", "uv": [ 11.5, 5.0, 12.5, 13.5 ], "rotation": 90 },
				"east": { "texture": "#alder_trunk", "uv": [ 13.5, 6.5, 14.5, 7.5 ] },
				"south": { "texture": "#alder_trunk", "uv": [ 11.0, 6.5, 12.0, 15.0 ], "rotation": 90 },
				"west": { "texture": "#alder_trunk", "uv": [ 12.0, 6.5, 13.0, 7.5 ] },
				"up": { "texture": "#alder_trunk", "uv": [ 13.5, 0.0, 14.5, 8.5 ], "rotation": 90 },
				"down": { "texture": "#alder_trunk", "uv": [ 13.5, 1.5, 14.5, 10.0 ], "rotation": 90 }
			}
		},
		{
			"name": "horizontal19",
			"from": [ 0.0, 2.3, 7.4 ], 
			"to": [ 8.5, 3.3, 8.4 ], 
			"rotationOrigin": [ 4.2, 7.2, 8.4 ],
			"rotationY": 18.0,
			"faces": {
				"north": { "texture": "#alder_trunk", "uv": [ 13.5, 3.0, 14.5, 11.5 ], "rotation": 90 },
				"east": { "texture": "#alder_trunk", "uv": [ 11.0, 6.0, 12.0, 7.0 ] },
				"south": { "texture": "#alder_trunk", "uv": [ 11.0, 4.5, 12.0, 13.0 ], "rotation": 90 },
				"west": { "texture": "#alder_trunk", "uv": [ 13.0, 5.0, 14.0, 6.0 ] },
				"up": { "texture": "#alder_trunk", "uv": [ 14.0, 1.0, 15.0, 9.5 ], "rotation": 90 },
				"down": { "texture": "#alder_trunk", "uv": [ 12.0, 4.0, 13.0, 12.5 ], "rotation": 90 }
			}
		},
		{
			"name": "vertical21",
			"from": [ 6.9995, 0.0, 12.6 ], 
			"to": [ 7.9995, 16.0, 14.6 ], 
			"rotationOrigin": [ 8.7, 0.0, 14.3 ],
			"rotationY": 89.98,
			"faces": {
				"north": { "texture": "#alder_trunk", "uv": [ 11.0, 0.0, 12.0, 16.0 ] },
				"east": { "texture": "#alder_trunk", "uv": [ 12.0, 0.0, 14.0, 16.0 ] },
				"south": { "texture": "#alder_trunk", "uv": [ 12.0, 0.0, 13.0, 16.0 ] },
				"west": { "texture": "#alder_trunk", "uv": [ 13.0, 0.0, 14.5, 16.0 ], "enabled": false, "autoUv": false },
				"up": { "texture": "#alder_trunk", "uv": [ 6.0, 4.5, 7.0, 6.5 ] },
				"down": { "texture": "#alder_trunk", "uv": [ 3.0, 6.0, 4.0, 8.0 ] }
			}
		},
		{
			"name": "vertical22",
			"from": [ 7.0, 0.0, -2.4 ], 
			"to": [ 8.0, 16.0, -0.4 ], 
			"rotationOrigin": [ 8.7, 0.0, -0.7 ],
			"rotationY": 89.98,
			"faces": {
				"north": { "texture": "#alder_trunk", "uv": [ 13.0, 0.0, 14.0, 16.0 ] },
				"east": { "texture": "#alder_trunk", "uv": [ 10.0, 0.0, 12.0, 16.0 ], "enabled": false },
				"south": { "texture": "#alder_trunk", "uv": [ 11.0, 0.0, 12.0, 16.0 ] },
				"west": { "texture": "#alder_trunk", "uv": [ 12.5, 0.0, 14.5, 16.0 ] },
				"up": { "texture": "#alder_trunk", "uv": [ 5.5, 4.0, 6.5, 6.0 ] },
				"down": { "texture": "#alder_trunk", "uv": [ 5.5, 3.5, 6.5, 5.5 ] }
			}
		},
		{
			"name": "horizontal22",
			"from": [ -0.2, 0.5, 7.4 ], 
			"to": [ 8.3, 1.5, 8.4 ], 
			"rotationOrigin": [ 4.2, 6.0, 8.4 ],
			"rotationY": -19.0,
			"faces": {
				"north": { "texture": "#alder_trunk", "uv": [ 12.0, 4.0, 13.0, 12.5 ], "rotation": 90 },
				"east": { "texture": "#alder_trunk", "uv": [ 11.5, 6.5, 12.5, 7.5 ] },
				"south": { "texture": "#alder_trunk", "uv": [ 12.0, 5.5, 13.0, 14.0 ], "rotation": 90 },
				"west": { "texture": "#alder_trunk", "uv": [ 12.0, 6.0, 13.0, 7.0 ] },
				"up": { "texture": "#alder_trunk", "uv": [ 13.0, 0.5, 14.0, 9.0 ], "rotation": 90 },
				"down": { "texture": "#alder_trunk", "uv": [ 11.5, 4.5, 12.5, 13.0 ], "rotation": 90 }
			}
		},
		{
			"name": "horizontal23",
			"from": [ 4.0, 8.2, 10.8 ], 
			"to": [ 12.5, 9.2, 11.8 ], 
			"rotationOrigin": [ 8.4, 8.8, 11.8 ],
			"rotationY": 71.0,
			"faces": {
				"north": { "texture": "#alder_trunk", "uv": [ 12.0, 6.0, 13.0, 14.5 ], "rotation": 90 },
				"east": { "texture": "#alder_trunk", "uv": [ 12.0, 5.5, 13.0, 6.5 ] },
				"south": { "texture": "#alder_trunk", "uv": [ 13.5, 0.5, 14.5, 9.0 ], "rotation": 90 },
				"west": { "texture": "#alder_trunk", "uv": [ 13.0, 6.0, 14.0, 7.0 ] },
				"up": { "texture": "#alder_trunk", "uv": [ 13.0, 6.5, 14.0, 15.0 ], "rotation": 90 },
				"down": { "texture": "#alder_trunk", "uv": [ 13.5, 5.5, 14.5, 14.0 ], "rotation": 90 }
			}
		},
		{
			"name": "horizontal24",
			"from": [ 4.0, 12.1, 10.8 ], 
			"to": [ 12.5, 13.1, 11.8 ], 
			"rotationOrigin": [ 8.4, 13.0, 11.8 ],
			"rotationY": 71.0,
			"faces": {
				"north": { "texture": "#alder_trunk", "uv": [ 12.5, 4.5, 13.5, 13.0 ], "rotation": 90 },
				"east": { "texture": "#alder_trunk", "uv": [ 12.0, 7.0, 13.0, 8.0 ] },
				"south": { "texture": "#alder_trunk", "uv": [ 12.0, 0.0, 13.0, 8.5 ], "rotation": 90 },
				"west": { "texture": "#alder_trunk", "uv": [ 12.5, 5.0, 13.5, 6.0 ] },
				"up": { "texture": "#alder_trunk", "uv": [ 13.0, 7.0, 14.0, 15.5 ], "rotation": 90 },
				"down": { "texture": "#alder_trunk", "uv": [ 13.0, 1.5, 14.0, 10.0 ], "rotation": 90 }
			}
		},
		{
			"name": "horizontal25",
			"from": [ 4.2, 10.5, 10.8 ], 
			"to": [ 12.7, 11.5, 11.8 ], 
			"rotationOrigin": [ 8.4, 11.4, 11.8 ],
			"rotationX": -180.0,
			"rotationY": 71.0,
			"rotationZ": -180.0,
			"faces": {
				"north": { "texture": "#alder_trunk", "uv": [ 12.0, 4.5, 13.0, 13.0 ], "rotation": 90 },
				"east": { "texture": "#alder_trunk", "uv": [ 13.0, 7.0, 14.0, 8.0 ] },
				"south": { "texture": "#alder_trunk", "uv": [ 11.0, 6.5, 12.0, 15.0 ], "rotation": 90 },
				"west": { "texture": "#alder_trunk", "uv": [ 11.5, 6.5, 12.5, 7.5 ] },
				"up": { "texture": "#alder_trunk", "uv": [ 12.0, 1.0, 13.0, 9.5 ], "rotation": 90 },
				"down": { "texture": "#alder_trunk", "uv": [ 13.5, 6.5, 14.5, 15.0 ], "rotation": 90 }
			}
		},
		{
			"name": "horizontal26",
			"from": [ 4.2, 6.5, 10.8 ], 
			"to": [ 12.7, 7.5, 11.8 ], 
			"rotationOrigin": [ 8.4, 7.2, 11.8 ],
			"rotationX": -180.0,
			"rotationY": 72.0,
			"rotationZ": -180.0,
			"faces": {
				"north": { "texture": "#alder_trunk", "uv": [ 12.5, 1.5, 13.5, 10.0 ], "rotation": 90 },
				"east": { "texture": "#alder_trunk", "uv": [ 13.5, 5.5, 14.5, 6.5 ] },
				"south": { "texture": "#alder_trunk", "uv": [ 13.0, 6.0, 14.0, 14.5 ], "rotation": 90 },
				"west": { "texture": "#alder_trunk", "uv": [ 12.0, 7.5, 13.0, 8.5 ] },
				"up": { "texture": "#alder_trunk", "uv": [ 12.5, 0.0, 13.5, 8.5 ], "rotation": 90 },
				"down": { "texture": "#alder_trunk", "uv": [ 11.5, 7.5, 12.5, 16.0 ], "rotation": 90 }
			}
		},
		{
			"name": "horizontal27",
			"from": [ 4.2, 13.9, 10.8 ], 
			"to": [ 12.7, 14.9, 11.8 ], 
			"rotationOrigin": [ 8.4, 14.8, 11.8 ],
			"rotationX": -180.0,
			"rotationY": 72.0,
			"rotationZ": -180.0,
			"faces": {
				"north": { "texture": "#alder_trunk", "uv": [ 12.0, 7.5, 13.0, 16.0 ], "rotation": 90 },
				"east": { "texture": "#alder_trunk", "uv": [ 11.5, 7.0, 12.5, 8.0 ] },
				"south": { "texture": "#alder_trunk", "uv": [ 13.5, 1.5, 14.5, 10.0 ], "rotation": 90 },
				"west": { "texture": "#alder_trunk", "uv": [ 10.5, 6.5, 11.5, 7.5 ] },
				"up": { "texture": "#alder_trunk", "uv": [ 13.5, 0.0, 14.5, 8.5 ], "rotation": 90 },
				"down": { "texture": "#alder_trunk", "uv": [ 14.0, 7.0, 15.0, 15.5 ], "rotation": 90 }
			}
		},
		{
			"name": "horizontal28",
			"from": [ 4.0, 14.0, 3.1 ], 
			"to": [ 12.5, 15.0, 4.1 ], 
			"rotationOrigin": [ 8.4, 14.8, 4.1 ],
			"rotationY": 71.0,
			"faces": {
				"north": { "texture": "#alder_trunk", "uv": [ 11.5, 6.0, 12.5, 14.5 ], "rotation": 90 },
				"east": { "texture": "#alder_trunk", "uv": [ 12.0, 5.5, 13.0, 6.5 ] },
				"south": { "texture": "#alder_trunk", "uv": [ 13.5, 4.0, 14.5, 12.5 ], "rotation": 90 },
				"west": { "texture": "#alder_trunk", "uv": [ 11.5, 7.0, 12.5, 8.0 ] },
				"up": { "texture": "#alder_trunk", "uv": [ 11.0, 4.5, 12.0, 13.0 ], "rotation": 90 },
				"down": { "texture": "#alder_trunk", "uv": [ 13.0, 1.5, 14.0, 10.0 ], "rotation": 90 }
			}
		},
		{
			"name": "horizontal29",
			"from": [ 4.2, 12.0, 3.1 ], 
			"to": [ 12.7, 13.0, 4.1 ], 
			"rotationOrigin": [ 8.4, 13.0, 4.1 ],
			"rotationX": -180.0,
			"rotationY": 72.0,
			"rotationZ": -180.0,
			"faces": {
				"north": { "texture": "#alder_trunk", "uv": [ 11.0, 4.5, 12.0, 13.0 ], "rotation": 90 },
				"east": { "texture": "#alder_trunk", "uv": [ 13.5, 7.0, 14.5, 8.0 ] },
				"south": { "texture": "#alder_trunk", "uv": [ 11.5, 5.5, 12.5, 14.0 ], "rotation": 90 },
				"west": { "texture": "#alder_trunk", "uv": [ 12.0, 7.5, 13.0, 8.5 ] },
				"up": { "texture": "#alder_trunk", "uv": [ 13.5, 1.5, 14.5, 10.0 ], "rotation": 90 },
				"down": { "texture": "#alder_trunk", "uv": [ 13.5, 0.5, 14.5, 9.0 ], "rotation": 90 }
			}
		},
		{
			"name": "horizontal30",
			"from": [ 4.0, 10.4, 3.1 ], 
			"to": [ 12.5, 11.4, 4.1 ], 
			"rotationOrigin": [ 8.4, 11.4, 4.1 ],
			"rotationY": 72.0,
			"faces": {
				"north": { "texture": "#alder_trunk", "uv": [ 11.5, 5.0, 12.5, 13.5 ], "rotation": 90 },
				"east": { "texture": "#alder_trunk", "uv": [ 13.0, 6.0, 14.0, 7.0 ] },
				"south": { "texture": "#alder_trunk", "uv": [ 14.0, 0.0, 15.0, 8.5 ], "rotation": 90 },
				"west": { "texture": "#alder_trunk", "uv": [ 14.0, 7.0, 15.0, 8.0 ] },
				"up": { "texture": "#alder_trunk", "uv": [ 12.5, 6.0, 13.5, 14.5 ], "rotation": 90 },
				"down": { "texture": "#alder_trunk", "uv": [ 14.0, 0.5, 15.0, 9.0 ], "rotation": 90 }
			}
		},
		{
			"name": "horizontal31",
			"from": [ 4.2, 8.3, 3.1 ], 
			"to": [ 12.7, 9.3, 4.1 ], 
			"rotationOrigin": [ 8.4, 8.8, 4.1 ],
			"rotationX": -180.0,
			"rotationY": 72.0,
			"rotationZ": -180.0,
			"faces": {
				"north": { "texture": "#alder_trunk", "uv": [ 11.5, 6.5, 12.5, 15.0 ], "rotation": 90 },
				"east": { "texture": "#alder_trunk", "uv": [ 13.0, 5.5, 14.0, 6.5 ] },
				"south": { "texture": "#alder_trunk", "uv": [ 13.0, 5.0, 14.0, 13.5 ], "rotation": 90 },
				"west": { "texture": "#alder_trunk", "uv": [ 14.0, 8.5, 15.0, 9.5 ] },
				"up": { "texture": "#alder_trunk", "uv": [ 13.0, 0.0, 14.0, 8.5 ], "rotation": 90 },
				"down": { "texture": "#alder_trunk", "uv": [ 11.0, 7.5, 12.0, 16.0 ], "rotation": 90 }
			}
		},
		{
			"name": "horizontal32",
			"from": [ 4.0, 6.4, 3.1 ], 
			"to": [ 12.5, 7.4, 4.1 ], 
			"rotationOrigin": [ 8.4, 7.4, 4.1 ],
			"rotationY": 72.0,
			"faces": {
				"north": { "texture": "#alder_trunk", "uv": [ 11.0, 4.0, 12.0, 12.5 ], "rotation": 90 },
				"east": { "texture": "#alder_trunk", "uv": [ 13.0, 7.0, 14.0, 8.0 ] },
				"south": { "texture": "#alder_trunk", "uv": [ 12.5, 5.5, 13.5, 14.0 ], "rotation": 90 },
				"west": { "texture": "#alder_trunk", "uv": [ 12.5, 6.0, 13.5, 7.0 ] },
				"up": { "texture": "#alder_trunk", "uv": [ 12.5, 0.5, 13.5, 9.0 ], "rotation": 90 },
				"down": { "texture": "#alder_trunk", "uv": [ 13.0, 6.0, 14.0, 14.5 ], "rotation": 90 }
			}
		},
		{
			"name": "horizontal33",
			"from": [ 4.0, 5.0, 10.8 ], 
			"to": [ 12.5, 6.0, 11.8 ], 
			"rotationOrigin": [ 8.4, 6.0, 11.8 ],
			"rotationY": 71.0,
			"faces": {
				"north": { "texture": "#alder_trunk", "uv": [ 11.0, 5.5, 12.0, 14.0 ], "rotation": 90 },
				"east": { "texture": "#alder_trunk", "uv": [ 11.5, 7.0, 12.5, 8.0 ] },
				"south": { "texture": "#alder_trunk", "uv": [ 13.5, 6.0, 14.5, 14.5 ], "rotation": 90 },
				"west": { "texture": "#alder_trunk", "uv": [ 13.0, 5.5, 14.0, 6.5 ] },
				"up": { "texture": "#alder_trunk", "uv": [ 13.5, 0.5, 14.5, 9.0 ], "rotation": 90 },
				"down": { "texture": "#alder_trunk", "uv": [ 11.0, 2.0, 12.0, 10.5 ], "rotation": 90 }
			}
		},
		{
			"name": "horizontal34",
			"from": [ 4.2, 5.1, 3.1 ], 
			"to": [ 12.7, 6.1, 4.1 ], 
			"rotationOrigin": [ 8.4, 8.8, 4.1 ],
			"rotationX": -180.0,
			"rotationY": 72.0,
			"rotationZ": -180.0,
			"faces": {
				"north": { "texture": "#alder_trunk", "uv": [ 11.0, 7.0, 12.0, 15.5 ], "rotation": 90 },
				"east": { "texture": "#alder_trunk", "uv": [ 13.5, 6.5, 14.5, 7.5 ] },
				"south": { "texture": "#alder_trunk", "uv": [ 13.5, 3.5, 14.5, 12.0 ], "rotation": 90 },
				"west": { "texture": "#alder_trunk", "uv": [ 12.0, 5.0, 13.0, 6.0 ] },
				"up": { "texture": "#alder_trunk", "uv": [ 14.0, 0.0, 15.0, 8.5 ], "rotation": 90 },
				"down": { "texture": "#alder_trunk", "uv": [ 11.0, 7.0, 12.0, 15.5 ], "rotation": 90 }
			}
		},
		{
			"name": "horizontal35",
			"from": [ 4.2, 2.3, 10.8 ], 
			"to": [ 12.7, 3.3, 11.8 ], 
			"rotationOrigin": [ 8.4, 7.2, 11.8 ],
			"rotationX": -180.0,
			"rotationY": 72.0,
			"rotationZ": -180.0,
			"faces": {
				"north": { "texture": "#alder_trunk", "uv": [ 12.0, 3.0, 13.0, 11.5 ], "rotation": 90 },
				"east": { "texture": "#alder_trunk", "uv": [ 12.0, 6.5, 13.0, 7.5 ] },
				"south": { "texture": "#alder_trunk", "uv": [ 12.5, 2.5, 13.5, 11.0 ], "rotation": 90 },
				"west": { "texture": "#alder_trunk", "uv": [ 15.0, 5.5, 16.0, 6.5 ] },
				"up": { "texture": "#alder_trunk", "uv": [ 12.5, 0.5, 13.5, 9.0 ], "rotation": 90 },
				"down": { "texture": "#alder_trunk", "uv": [ 13.5, 5.5, 14.5, 14.0 ], "rotation": 90 }
			}
		},
		{
			"name": "horizontal36",
			"from": [ 4.0, 2.2, 3.1 ], 
			"to": [ 12.5, 3.2, 4.1 ], 
			"rotationOrigin": [ 8.4, 7.4, 4.1 ],
			"rotationY": 72.0,
			"faces": {
				"north": { "texture": "#alder_trunk", "uv": [ 11.0, 2.5, 12.0, 11.0 ], "rotation": 90 },
				"east": { "texture": "#alder_trunk", "uv": [ 12.0, 6.5, 13.0, 7.5 ] },
				"south": { "texture": "#alder_trunk", "uv": [ 13.5, 2.0, 14.5, 10.5 ], "rotation": 90 },
				"west": { "texture": "#alder_trunk", "uv": [ 11.5, 7.5, 12.5, 8.5 ] },
				"up": { "texture": "#alder_trunk", "uv": [ 12.5, 6.0, 13.5, 14.5 ], "rotation": 90 },
				"down": { "texture": "#alder_trunk", "uv": [ 13.5, 2.5, 14.5, 11.0 ], "rotation": 90 }
			}
		},
		{
			"name": "horizontal37",
			"from": [ 4.2, 0.4, 3.1 ], 
			"to": [ 12.7, 1.4, 4.1 ], 
			"rotationOrigin": [ 8.4, 8.8, 4.1 ],
			"rotationX": -180.0,
			"rotationY": 72.0,
			"rotationZ": -180.0,
			"faces": {
				"north": { "texture": "#alder_trunk", "uv": [ 10.5, 6.5, 11.5, 15.0 ], "rotation": 90 },
				"east": { "texture": "#alder_trunk", "uv": [ 12.0, 7.0, 13.0, 8.0 ] },
				"south": { "texture": "#alder_trunk", "uv": [ 13.0, 5.5, 14.0, 14.0 ], "rotation": 90 },
				"west": { "texture": "#alder_trunk", "uv": [ 11.5, 3.5, 12.5, 4.5 ] },
				"up": { "texture": "#alder_trunk", "uv": [ 12.0, 0.0, 13.0, 8.5 ], "rotation": 90 },
				"down": { "texture": "#alder_trunk", "uv": [ 11.0, 0.5, 12.0, 9.0 ], "rotation": 90 }
			}
		},
		{
			"name": "horizontal38",
			"from": [ 4.0, 0.5, 10.8 ], 
			"to": [ 12.5, 1.5, 11.8 ], 
			"rotationOrigin": [ 8.4, 6.0, 11.8 ],
			"rotationY": 71.0,
			"faces": {
				"north": { "texture": "#alder_trunk", "uv": [ 11.0, 6.5, 12.0, 15.0 ], "rotation": 90 },
				"east": { "texture": "#alder_trunk", "uv": [ 13.0, 6.5, 14.0, 7.5 ] },
				"south": { "texture": "#alder_trunk", "uv": [ 13.0, 6.5, 14.0, 15.0 ], "rotation": 90 },
				"west": { "texture": "#alder_trunk", "uv": [ 13.0, 5.0, 14.0, 6.0 ] },
				"up": { "texture": "#alder_trunk", "uv": [ 11.0, 1.5, 12.0, 10.0 ], "rotation": 90 },
				"down": { "texture": "#alder_trunk", "uv": [ 12.5, 6.5, 13.5, 15.0 ], "rotation": 90 }
			}
		}
	]}