{
  "code": "spellprojectilecleansinglight",
  "class": "EntityProjectileSpellCleansingLightRM", //"EntityProjectileEnergyBallRM",
  "enabled": true,

  "variantgroups": [
    {
      "code": "size",
      "states": [ "tier1", "tier2", "tier3", "tier4" ]
    },
    {
      "code": "element",
      "states": [ "none" ],
      "loadFromProperties": "rustboundmagic:abstract/elements"
    }
  ],

  "hitboxSizeByType": {
    "*-tier1-*": {
      "x": 0.5,
      "y": 0.5
    },
    "*-tier2-*": {
      "x": 0.5,
      "y": 0.5
    },
    "*-tier3-*": {
      "x": 0.5,
      "y": 0.5
    },
    "*-tier4-*": {
      "x": 0.5,
      "y": 0.5
    }
  },
  "deadHitboxSize": {
    "*-tier1-*": {
      "x": 0.5,
      "y": 0.5
    },
    "*-tier2-*": {
      "x": 0.5,
      "y": 0.5
    },
    "*-tier3-*": {
      "x": 0.5,
      "y": 0.5
    },
    "*-tier4-*": {
      "x": 0.5,
      "y": 0.5
    }
  },

  "client": {
    "size": 1.0,
    "renderer": "ShapeEntityRendererSpellCleansingLightRM",
    "shapeByType": {
      "*": { "base": "dummyshape" }
    },
    "texturesByType": {
      "*": {
        "none": { "base": "default" }
      }
    },
    "behaviors": [
      { "code": "passivephysics" },
      { "code": "interpolateposition" }
    ]
  },
  "server": {
    "behaviors": [
      {
        "code": "passivephysics",
        "groundDragFactor": 1,
        "airDragFallingFactor": 0
      },
      {
        "code": "despawn",
        "maxSeconds": 1
      }
    ]
  },
  "sounds": {
  },
  "attributes": {
    "physics": {
      "groundDragFactor": 1,
      "airDragFactor": 0.25
    }
  }
}
