{
  "code": "spellprojectileregeneration",
  //"class": "EntityProjectileSpellRegenerationOrbRM",
  "classByType": {
    "*-orb-*": "EntityProjectileSpellRegenerationOrbRM",
    "*-bubble-*": "EntityProjectileSpellRegenerationBubbleRM"
  },
  "enabled": true,

  "variantgroups": [
    {
      "code": "subtype",
      "states": [ "orb", "bubble" ]
    },
    {
      "code": "variant",
      "states": [ "tier1", "tier2", "tier3", "tier4" ]
    },
    {
      "code": "element",
      "states": [ "none" ]
    }
  ],

  "hitboxSize": {
    "x": 0.25,
    "y": 0.25
  },
  "deadHitboxSize": {
    "x": 0.25,
    "y": 0.25
  },

  //"lightHsvByType": {
  //  "*": [ 0, 0, 4 ]
  //},


  "client": {
    "size": 1.0,
    "rendererByType": {
      "*-orb-*": "Shape",
      "*-bubble-*": "ShapeEntityRendererSpellRegenerationRM"
    },
    "shapeByType": {
      "*-orb-*": { "base": "entities/regenerationorb" },
      "*-bubble-*": { "base": "dummyshape" }
    },
    "texturesByType": {
      "*-orb-*": {
        "default": { "base": "default" },
        "material1": { "base": "entities/spells/summonlight1-outer1" },
        "material2": { "base": "entities/spells/summonlight1-outer2" },
        "material3": { "base": "entities/spells/summonlight1-inner" }
      },
      "*-bubble-*": {
        "default": { "base": "default" },
        //"material1": { "base": "default" },
        //"material2": { "base": "default" },
        //"material3": { "base": "default" },
        "material1": { "base": "entities/spells/regeneration1-outer1" },
        "material2": { "base": "entities/spells/regeneration1-outer2" },
        "material3": { "base": "entities/spells/regeneration1-inner" }
      }
    },
    "behaviors": [
      //{ "code": "repulseagents" },
      //{
      //  "code": "controlledphysics",
      //  "stepHeight": 1.1251
      //},
      { "code": "passivephysics" },
      { "code": "interpolateposition" }
    ],
    "animations": [
      {
        "code": "spin",
        "animation": "spin",
        "animationSpeed": 2.5,
        "weight": 5,
        "blendMode": "AddAverage",
        "triggeredBy": { "defaultAnim": true }
      }
    ]
  },
  "server": {
    "behaviors": [
      //{ "code": "repulseagents" },
      //{
      //  "code": "controlledphysics",
      //  "stepHeight": 1.1251
      //},

      //{
      //  "code": "health",
      //  "currenthealth": 0.1,
      //  "maxhealth": 0.1
      //},
      {
        "code": "passivephysics",
        "groundDragFactor": 1,
        "airDragFallingFactor": 0
      },
      {
        "code": "despawn",
        "minSeconds": 60
      }
    ]
  },
  "sounds": {
  },
  "attributes": {
    "physics": {
      "groundDragFactor": 1,
      "airDragFactor": 0.25
    }
  }
}
