{
	"editor": {
		"allAngles": false,
		"entityTextureMode": false
	},
	"textureWidth": 16,
	"textureHeight": 16,
	"textureSizes": {
	},
	"textures": {
	},
	"elements": [
		{
			"name": "Hook",
			"from": [ 10.7, -0.6, 8.0 ],
			"to": [ 10.7, -0.6, 8.0 ],
			"rotationOrigin": [ 10.7, -0.6, 8.0 ],
			"rotationX": -45.0,
			"faces": {
				"north": { "texture": "#metal", "uv": [ 0.0, 0.0, 0.5, 0.5 ] },
				"east": { "texture": "#metal", "uv": [ 0.0, 0.0, 0.5, 0.5 ] },
				"south": { "texture": "#metal", "uv": [ 0.0, 0.0, 0.5, 0.5 ] },
				"west": { "texture": "#metal", "uv": [ 0.0, 0.0, 0.5, 0.5 ] },
				"up": { "texture": "#metal", "uv": [ 0.0, 0.0, 0.5, 0.5 ] },
				"down": { "texture": "#metal", "uv": [ 0.0, 0.0, 0.5, 0.5 ] }
			},
			"children": [
				{
					"name": "hook_0",
					"from": [ -2.0, 0.0, -0.6 ],
					"to": [ 6.0, 1.2, 0.6 ],
					"rotationOrigin": [ -2.0, 0.0, -0.6 ],
					"faces": {
						"north": { "texture": "#metal", "uv": [ 0.0, 0.0, 8.0, 1.0 ] },
						"east": { "texture": "#metal", "uv": [ 0.0, 0.0, 1.0, 1.0 ] },
						"south": { "texture": "#metal", "uv": [ 0.0, 0.0, 8.0, 1.0 ] },
						"west": { "texture": "#metal", "uv": [ 0.0, 0.0, 1.0, 1.0 ] },
						"up": { "texture": "#metal", "uv": [ 0.0, 0.0, 8.0, 1.0 ] },
						"down": { "texture": "#metal", "uv": [ 0.0, 0.0, 8.0, 1.0 ] }
					},
					"children": [
						{
							"name": "hook_1",
							"from": [ 0.0, 0.4, 0.1 ],
							"to": [ 0.6, 2.0, 1.1 ],
							"rotationOrigin": [ 0.0, 0.4, 0.1 ],
							"rotationZ": 45.0,
							"faces": {
								"north": { "texture": "#metal", "uv": [ 0.0, 0.0, 0.5, 1.5 ] },
								"east": { "texture": "#metal", "uv": [ 0.0, 0.0, 1.0, 1.5 ] },
								"south": { "texture": "#metal", "uv": [ 0.0, 0.0, 0.5, 1.5 ] },
								"west": { "texture": "#metal", "uv": [ 0.0, 0.0, 1.0, 1.5 ] },
								"up": { "texture": "#metal", "uv": [ 0.0, 0.0, 0.5, 1.0 ] },
								"down": { "texture": "#metal", "uv": [ 0.0, 0.0, 0.5, 1.0 ] }
							},
							"children": [
								{
									"name": "hook_4",
									"from": [ 0.0, 1.0, 0.0 ],
									"to": [ 0.6, 1.8, 1.0 ],
									"rotationOrigin": [ 0.0, 1.0, 0.0 ],
									"rotationZ": 90.0,
									"faces": {
										"north": { "texture": "#metal", "uv": [ 0.0, 0.0, 0.5, 0.5 ] },
										"east": { "texture": "#metal", "uv": [ 0.0, 0.0, 1.0, 0.5 ] },
										"south": { "texture": "#metal", "uv": [ 0.0, 0.0, 0.5, 0.5 ] },
										"west": { "texture": "#metal", "uv": [ 0.0, 0.0, 1.0, 0.5 ] },
										"up": { "texture": "#metal", "uv": [ 0.0, 0.0, 0.5, 1.0 ] },
										"down": { "texture": "#metal", "uv": [ 0.0, 0.0, 0.5, 1.0 ] }
									}
								}
							]
						},
						{
							"name": "hook_2",
							"from": [ -0.6, 0.8, 0.1 ],
							"to": [ 0.0, 2.4, 1.1 ],
							"rotationOrigin": [ 0.0, 0.8, 0.1 ],
							"rotationZ": 135.0,
							"faces": {
								"north": { "texture": "#metal", "uv": [ 0.0, 0.0, 0.5, 1.5 ] },
								"east": { "texture": "#metal", "uv": [ 0.0, 0.0, 1.0, 1.5 ] },
								"south": { "texture": "#metal", "uv": [ 0.0, 0.0, 0.5, 1.5 ] },
								"west": { "texture": "#metal", "uv": [ 0.0, 0.0, 1.0, 1.5 ] },
								"up": { "texture": "#metal", "uv": [ 0.0, 0.0, 0.5, 1.0 ] },
								"down": { "texture": "#metal", "uv": [ 0.0, 0.0, 0.5, 1.0 ] }
							},
							"children": [
								{
									"name": "hook_3",
									"from": [ 0.0, 1.0, 0.0 ],
									"to": [ 0.6, 2.3, 1.0 ],
									"rotationOrigin": [ 0.6, 1.0, 0.0 ],
									"rotationZ": -90.0,
									"faces": {
										"north": { "texture": "#metal", "uv": [ 0.0, 0.0, 0.5, 1.0 ] },
										"east": { "texture": "#metal", "uv": [ 0.0, 0.0, 1.0, 1.0 ] },
										"south": { "texture": "#metal", "uv": [ 0.0, 0.0, 0.5, 1.0 ] },
										"west": { "texture": "#metal", "uv": [ 0.0, 0.0, 1.0, 1.0 ] },
										"up": { "texture": "#metal", "uv": [ 0.0, 0.0, 0.5, 1.0 ] },
										"down": { "texture": "#metal", "uv": [ 0.0, 0.0, 0.5, 1.0 ] }
									}
								}
							]
						}
					]
				},
				{
					"name": "hook_5",
					"from": [ 6.0, 0.0, -0.5 ],
					"to": [ 9.0, 1.0, 0.5 ],
					"rotationOrigin": [ 6.0, 0.0, 0.0 ],
					"rotationZ": 45.0,
					"faces": {
						"north": { "texture": "#metal", "uv": [ 0.0, 0.0, 3.0, 1.0 ] },
						"east": { "texture": "#metal", "uv": [ 0.0, 0.0, 1.0, 1.0 ] },
						"south": { "texture": "#metal", "uv": [ 0.0, 0.0, 3.0, 1.0 ] },
						"west": { "texture": "#metal", "uv": [ 0.0, 0.0, 1.0, 1.0 ] },
						"up": { "texture": "#metal", "uv": [ 0.0, 0.0, 3.0, 1.0 ] },
						"down": { "texture": "#metal", "uv": [ 0.0, 0.0, 3.0, 1.0 ] }
					},
					"children": [
						{
							"name": "hook_6",
							"from": [ 3.0, 0.0, 0.01 ],
							"to": [ 5.0, 1.0, 0.99 ],
							"rotationOrigin": [ 3.0, 0.0, 0.0 ],
							"rotationZ": 67.5,
							"faces": {
								"north": { "texture": "#metal", "uv": [ 0.0, 0.0, 2.0, 1.0 ] },
								"east": { "texture": "#metal", "uv": [ 0.0, 0.0, 0.5, 1.0 ] },
								"south": { "texture": "#metal", "uv": [ 0.0, 0.0, 2.0, 1.0 ] },
								"west": { "texture": "#metal", "uv": [ 0.0, 0.0, 0.5, 1.0 ] },
								"up": { "texture": "#metal", "uv": [ 0.0, 0.0, 2.0, 0.5 ] },
								"down": { "texture": "#metal", "uv": [ 0.0, 0.0, 2.0, 0.5 ] }
							},
							"children": [
								{
									"name": "hook_7",
									"from": [ 2.0, 0.0, -0.01 ],
									"to": [ 5.0, 0.5, 0.99 ],
									"rotationOrigin": [ 2.0, 0.0, 0.0 ],
									"rotationZ": 45.0,
									"faces": {
										"north": { "texture": "#metal", "uv": [ 0.0, 0.0, 3.0, 0.5 ] },
										"east": { "texture": "#metal", "uv": [ 0.0, 0.0, 1.0, 0.5 ] },
										"south": { "texture": "#metal", "uv": [ 0.0, 0.0, 3.0, 0.5 ] },
										"west": { "texture": "#metal", "uv": [ 0.0, 0.0, 1.0, 0.5 ] },
										"up": { "texture": "#metal", "uv": [ 0.0, 0.0, 3.0, 1.0 ] },
										"down": { "texture": "#metal", "uv": [ 0.0, 0.0, 3.0, 1.0 ] }
									},
									"children": [
										{
											"name": "hook_8",
											"from": [ 0.0, 0.0, 0.01 ],
											"to": [ 3.0, 0.5, 0.99 ],
											"rotationOrigin": [ 3.0, 0.0, 0.01 ],
											"rotationZ": -5.0,
											"faces": {
												"north": { "texture": "#metal", "uv": [ 0.0, 0.0, 3.0, 0.5 ] },
												"east": { "texture": "#metal", "uv": [ 0.0, 0.0, 0.5, 0.5 ] },
												"south": { "texture": "#metal", "uv": [ 0.0, 0.0, 3.0, 0.5 ] },
												"west": { "texture": "#metal", "uv": [ 0.0, 0.0, 0.5, 0.5 ] },
												"up": { "texture": "#metal", "uv": [ 0.0, 0.0, 3.0, 0.5 ] },
												"down": { "texture": "#metal", "uv": [ 0.0, 0.0, 3.0, 0.5 ] }
											}
										}
									]
								}
							]
						}
					]
				},
				{
					"name": "hook_9",
					"from": [ 6.0, 1.2, -0.5 ],
					"to": [ 9.0, 2.2, 0.5 ],
					"rotationOrigin": [ 6.0, 1.2, 0.0 ],
					"rotationX": 180.0,
					"rotationZ": 45.0,
					"faces": {
						"north": { "texture": "#metal", "uv": [ 0.0, 0.0, 3.0, 1.0 ] },
						"east": { "texture": "#metal", "uv": [ 0.0, 0.0, 1.0, 1.0 ] },
						"south": { "texture": "#metal", "uv": [ 0.0, 0.0, 3.0, 1.0 ] },
						"west": { "texture": "#metal", "uv": [ 0.0, 0.0, 1.0, 1.0 ] },
						"up": { "texture": "#metal", "uv": [ 0.0, 0.0, 3.0, 1.0 ] },
						"down": { "texture": "#metal", "uv": [ 0.0, 0.0, 3.0, 1.0 ] }
					},
					"children": [
						{
							"name": "hook_10",
							"from": [ 3.0, 0.0, 0.01 ],
							"to": [ 5.0, 1.0, 0.99 ],
							"rotationOrigin": [ 3.0, 0.0, 0.0 ],
							"rotationZ": 67.5,
							"faces": {
								"north": { "texture": "#metal", "uv": [ 0.0, 0.0, 2.0, 1.0 ] },
								"east": { "texture": "#metal", "uv": [ 0.0, 0.0, 0.5, 1.0 ] },
								"south": { "texture": "#metal", "uv": [ 0.0, 0.0, 2.0, 1.0 ] },
								"west": { "texture": "#metal", "uv": [ 0.0, 0.0, 0.5, 1.0 ] },
								"up": { "texture": "#metal", "uv": [ 0.0, 0.0, 2.0, 0.5 ] },
								"down": { "texture": "#metal", "uv": [ 0.0, 0.0, 2.0, 0.5 ] }
							},
							"children": [
								{
									"name": "hook_11",
									"from": [ 2.0, 0.0, -0.01 ],
									"to": [ 5.0, 0.5, 0.99 ],
									"rotationOrigin": [ 2.0, 0.0, 0.0 ],
									"rotationZ": 45.0,
									"faces": {
										"north": { "texture": "#metal", "uv": [ 0.0, 0.0, 3.0, 0.5 ] },
										"east": { "texture": "#metal", "uv": [ 0.0, 0.0, 1.0, 0.5 ] },
										"south": { "texture": "#metal", "uv": [ 0.0, 0.0, 3.0, 0.5 ] },
										"west": { "texture": "#metal", "uv": [ 0.0, 0.0, 1.0, 0.5 ] },
										"up": { "texture": "#metal", "uv": [ 0.0, 0.0, 3.0, 1.0 ] },
										"down": { "texture": "#metal", "uv": [ 0.0, 0.0, 3.0, 1.0 ] }
									},
									"children": [
										{
											"name": "hook_12",
											"from": [ 0.0, 0.0, 0.01 ],
											"to": [ 3.0, 0.5, 0.99 ],
											"rotationOrigin": [ 3.0, 0.0, 0.01 ],
											"rotationZ": -5.0,
											"faces": {
												"north": { "texture": "#metal", "uv": [ 0.0, 0.0, 3.0, 0.5 ] },
												"east": { "texture": "#metal", "uv": [ 0.0, 0.0, 0.5, 0.5 ] },
												"south": { "texture": "#metal", "uv": [ 0.0, 0.0, 3.0, 0.5 ] },
												"west": { "texture": "#metal", "uv": [ 0.0, 0.0, 0.5, 0.5 ] },
												"up": { "texture": "#metal", "uv": [ 0.0, 0.0, 3.0, 0.5 ] },
												"down": { "texture": "#metal", "uv": [ 0.0, 0.0, 3.0, 0.5 ] }
											}
										}
									]
								}
							]
						}
					]
				},
				{
					"name": "hook_13",
					"from": [ 6.0, 0.6, -1.1 ],
					"to": [ 9.0, 1.6, -0.1 ],
					"rotationOrigin": [ 6.0, 0.6, -0.6 ],
					"rotationX": 90.0,
					"rotationZ": 45.0,
					"faces": {
						"north": { "texture": "#metal", "uv": [ 0.0, 0.0, 3.0, 1.0 ] },
						"east": { "texture": "#metal", "uv": [ 0.0, 0.0, 1.0, 1.0 ] },
						"south": { "texture": "#metal", "uv": [ 0.0, 0.0, 3.0, 1.0 ] },
						"west": { "texture": "#metal", "uv": [ 0.0, 0.0, 1.0, 1.0 ] },
						"up": { "texture": "#metal", "uv": [ 0.0, 0.0, 3.0, 1.0 ] },
						"down": { "texture": "#metal", "uv": [ 0.0, 0.0, 3.0, 1.0 ] }
					},
					"children": [
						{
							"name": "hook_14",
							"from": [ 3.0, 0.0, 0.01 ],
							"to": [ 5.0, 1.0, 0.99 ],
							"rotationOrigin": [ 3.0, 0.0, 0.0 ],
							"rotationZ": 67.5,
							"faces": {
								"north": { "texture": "#metal", "uv": [ 0.0, 0.0, 2.0, 1.0 ] },
								"east": { "texture": "#metal", "uv": [ 0.0, 0.0, 0.5, 1.0 ] },
								"south": { "texture": "#metal", "uv": [ 0.0, 0.0, 2.0, 1.0 ] },
								"west": { "texture": "#metal", "uv": [ 0.0, 0.0, 0.5, 1.0 ] },
								"up": { "texture": "#metal", "uv": [ 0.0, 0.0, 2.0, 0.5 ] },
								"down": { "texture": "#metal", "uv": [ 0.0, 0.0, 2.0, 0.5 ] }
							},
							"children": [
								{
									"name": "hook_15",
									"from": [ 2.0, 0.0, -0.01 ],
									"to": [ 5.0, 0.5, 0.99 ],
									"rotationOrigin": [ 2.0, 0.0, 0.0 ],
									"rotationZ": 45.0,
									"faces": {
										"north": { "texture": "#metal", "uv": [ 0.0, 0.0, 3.0, 0.5 ] },
										"east": { "texture": "#metal", "uv": [ 0.0, 0.0, 1.0, 0.5 ] },
										"south": { "texture": "#metal", "uv": [ 0.0, 0.0, 3.0, 0.5 ] },
										"west": { "texture": "#metal", "uv": [ 0.0, 0.0, 1.0, 0.5 ] },
										"up": { "texture": "#metal", "uv": [ 0.0, 0.0, 3.0, 1.0 ] },
										"down": { "texture": "#metal", "uv": [ 0.0, 0.0, 3.0, 1.0 ] }
									},
									"children": [
										{
											"name": "hook_16",
											"from": [ 0.0, 0.0, 0.01 ],
											"to": [ 3.0, 0.5, 0.99 ],
											"rotationOrigin": [ 3.0, 0.0, 0.01 ],
											"rotationZ": -5.0,
											"faces": {
												"north": { "texture": "#metal", "uv": [ 0.0, 0.0, 3.0, 0.5 ] },
												"east": { "texture": "#metal", "uv": [ 0.0, 0.0, 0.5, 0.5 ] },
												"south": { "texture": "#metal", "uv": [ 0.0, 0.0, 3.0, 0.5 ] },
												"west": { "texture": "#metal", "uv": [ 0.0, 0.0, 0.5, 0.5 ] },
												"up": { "texture": "#metal", "uv": [ 0.0, 0.0, 3.0, 0.5 ] },
												"down": { "texture": "#metal", "uv": [ 0.0, 0.0, 3.0, 0.5 ] }
											}
										}
									]
								}
							]
						}
					]
				},
				{
					"name": "hook_17",
					"from": [ 6.0, 0.6, 0.1 ],
					"to": [ 9.0, 1.6, 1.1 ],
					"rotationOrigin": [ 6.0, 0.6, 0.6 ],
					"rotationX": -90.0,
					"rotationZ": 45.0,
					"faces": {
						"north": { "texture": "#metal", "uv": [ 0.0, 0.0, 3.0, 1.0 ] },
						"east": { "texture": "#metal", "uv": [ 0.0, 0.0, 1.0, 1.0 ] },
						"south": { "texture": "#metal", "uv": [ 0.0, 0.0, 3.0, 1.0 ] },
						"west": { "texture": "#metal", "uv": [ 0.0, 0.0, 1.0, 1.0 ] },
						"up": { "texture": "#metal", "uv": [ 0.0, 0.0, 3.0, 1.0 ] },
						"down": { "texture": "#metal", "uv": [ 0.0, 0.0, 3.0, 1.0 ] }
					},
					"children": [
						{
							"name": "hook_18",
							"from": [ 3.0, 0.0, 0.01 ],
							"to": [ 5.0, 1.0, 0.99 ],
							"rotationOrigin": [ 3.0, 0.0, 0.0 ],
							"rotationZ": 67.5,
							"faces": {
								"north": { "texture": "#metal", "uv": [ 0.0, 0.0, 2.0, 1.0 ] },
								"east": { "texture": "#metal", "uv": [ 0.0, 0.0, 0.5, 1.0 ] },
								"south": { "texture": "#metal", "uv": [ 0.0, 0.0, 2.0, 1.0 ] },
								"west": { "texture": "#metal", "uv": [ 0.0, 0.0, 0.5, 1.0 ] },
								"up": { "texture": "#metal", "uv": [ 0.0, 0.0, 2.0, 0.5 ] },
								"down": { "texture": "#metal", "uv": [ 0.0, 0.0, 2.0, 0.5 ] }
							},
							"children": [
								{
									"name": "hook_19",
									"from": [ 2.0, 0.0, -0.01 ],
									"to": [ 5.0, 0.5, 0.99 ],
									"rotationOrigin": [ 2.0, 0.0, 0.0 ],
									"rotationZ": 45.0,
									"faces": {
										"north": { "texture": "#metal", "uv": [ 0.0, 0.0, 3.0, 0.5 ] },
										"east": { "texture": "#metal", "uv": [ 0.0, 0.0, 1.0, 0.5 ] },
										"south": { "texture": "#metal", "uv": [ 0.0, 0.0, 3.0, 0.5 ] },
										"west": { "texture": "#metal", "uv": [ 0.0, 0.0, 1.0, 0.5 ] },
										"up": { "texture": "#metal", "uv": [ 0.0, 0.0, 3.0, 1.0 ] },
										"down": { "texture": "#metal", "uv": [ 0.0, 0.0, 3.0, 1.0 ] }
									},
									"children": [
										{
											"name": "hook_20",
											"from": [ 0.0, 0.0, 0.01 ],
											"to": [ 3.0, 0.5, 0.99 ],
											"rotationOrigin": [ 3.0, 0.0, 0.01 ],
											"rotationZ": -5.0,
											"faces": {
												"north": { "texture": "#metal", "uv": [ 0.0, 0.0, 3.0, 0.5 ] },
												"east": { "texture": "#metal", "uv": [ 0.0, 0.0, 0.5, 0.5 ] },
												"south": { "texture": "#metal", "uv": [ 0.0, 0.0, 3.0, 0.5 ] },
												"west": { "texture": "#metal", "uv": [ 0.0, 0.0, 0.5, 0.5 ] },
												"up": { "texture": "#metal", "uv": [ 0.0, 0.0, 3.0, 0.5 ] },
												"down": { "texture": "#metal", "uv": [ 0.0, 0.0, 3.0, 0.5 ] }
											}
										}
									]
								}
							]
						}
					]
				}
			]
		}
	]}