{
	"editor": {
		"allAngles": false,
		"entityTextureMode": true
	},
	"textureWidth": 32,
	"textureHeight": 32,
	"textureSizes": {
	},
	"elements": [
		{
			"name": "Body",
			"from": [ 3.0, 2.3, 5.0 ],
			"to": [ 14.5, 5.3, 10.5 ],
			"autoUnwrap": false,
			"uv": [ 0.0, 23.5 ],
			"rotationOrigin": [ 8.0, 2.3, 7.5 ],
			"faces": {
				"north": { "texture": "#skin", "uv": [ 11.5, 29.0, 0.0, 32.0 ], "autoUv": false, "windMode": [-1,-1,-1,-1] },
				"east": { "texture": "#skin", "uv": [ 11.5, 29.0, 17.0, 32.0 ] },
				"south": { "texture": "#skin", "uv": [ 0.0, 29.0, 11.5, 32.0 ], "windMode": [-1,-1,-1,-1] },
				"west": { "texture": "#skin", "uv": [ 11.5, 29.0, 17.0, 32.0 ] },
				"up": { "texture": "#skin", "uv": [ 0.0, 23.5, 11.5, 29.0 ], "windMode": [-1,-1,-1,-1] },
				"down": { "texture": "#skin", "uv": [ 11.5, 23.5, 23.0, 29.0 ] }
			},
			"children": [
				{
					"name": "Neck",
					"from": [ -2.3, 0.5, 1.25 ],
					"to": [ 1.7, 2.5, 4.25 ],
					"autoUnwrap": false,
					"uv": [ 8.5, 16.0 ],
					"rotationOrigin": [ 0.7, 0.5, 3.5 ],
					"faces": {
						"north": { "texture": "#skin", "uv": [ 6.5, 15.5, 10.5, 17.5 ] },
						"east": { "texture": "#skin", "uv": [ 8.0, 20.5, 11.0, 22.5 ] },
						"south": { "texture": "#skin", "uv": [ 6.5, 15.5, 10.5, 17.5 ], "windMode": [-1,-1,-1,-1] },
						"west": { "texture": "#skin", "uv": [ 8.0, 20.5, 11.0, 22.5 ] },
						"up": { "texture": "#skin", "uv": [ 8.0, 17.5, 12.0, 20.5 ] },
						"down": { "texture": "#skin", "uv": [ 11.0, 17.5, 15.0, 20.5 ] }
					},
					"children": [
						{
							"name": "Head",
							"from": [ -1.9, -0.25, -0.75 ],
							"to": [ 1.1, 2.75, 3.75 ],
							"autoUnwrap": false,
							"uv": [ 0.0, 15.5 ],
							"rotationOrigin": [ 1.1, 0.0, 1.65 ],
							"faces": {
								"north": { "texture": "#skin", "uv": [ 0.0, 20.0, 3.0, 23.0 ] },
								"east": { "texture": "#skin", "uv": [ 3.0, 20.0, 7.5, 23.0 ] },
								"south": { "texture": "#skin", "uv": [ 0.0, 20.0, 3.0, 23.0 ], "windMode": [-1,-1,-1,-1] },
								"west": { "texture": "#skin", "uv": [ 3.0, 20.0, 7.5, 23.0 ] },
								"up": { "texture": "#skin", "uv": [ 0.0, 15.5, 3.0, 20.0 ] },
								"down": { "texture": "#skin", "uv": [ 3.0, 15.5, 6.0, 20.0 ] }
							},
							"children": [
								{
									"name": "LowerJaw",
									"from": [ -1.0, 0.01, 0.51 ],
									"to": [ 2.2, 0.81, 4.0 ],
									"autoUnwrap": false,
									"uv": [ 17.0, 14.5 ],
									"rotationOrigin": [ 0.4, 0.6, 2.2 ],
									"faces": {
										"north": { "texture": "#skin", "uv": [ 7.0, 11.0, 10.5, 11.5 ], "autoUv": false, "windMode": [-1,-1,-1,-1] },
										"east": { "texture": "#skin", "uv": [ 7.0, 10.5, 10.5, 11.0 ], "autoUv": false, "windMode": [-1,-1,-1,-1] },
										"south": { "texture": "#skin", "uv": [ 7.0, 11.0, 10.5, 11.5 ], "autoUv": false, "windMode": [-1,-1,-1,-1] },
										"west": { "texture": "#skin", "uv": [ 7.0, 10.5, 10.5, 11.0 ], "autoUv": false, "windMode": [-1,-1,-1,-1] },
										"up": { "texture": "#skin", "uv": [ 7.0, 11.5, 10.0, 15.0 ], "autoUv": false, "windMode": [-1,-1,-1,-1] },
										"down": { "texture": "#skin", "uv": [ 0.0, 0.0, 3.0, 3.5 ], "autoUv": false, "windMode": [-1,-1,-1,-1] }
									}
								},
								{
									"name": "UpperJaw",
									"from": [ -1.0, 0.8, 0.51 ],
									"to": [ 2.2, 2.55, 4.0 ],
									"autoUnwrap": false,
									"uv": [ 20.5, 13.5 ],
									"rotationOrigin": [ 0.5, 1.65, 2.0 ],
									"faces": {
										"north": { "texture": "#skin", "uv": [ 0.0, 10.0, 3.0, 11.5 ] },
										"east": { "texture": "#skin", "uv": [ 3.0, 10.0, 6.5, 11.5 ], "autoUv": false },
										"south": { "texture": "#skin", "uv": [ 0.0, 10.0, 3.0, 11.5 ], "windMode": [-1,-1,-1,-1] },
										"west": { "texture": "#skin", "uv": [ 3.0, 10.0, 6.5, 11.5 ], "autoUv": false, "windMode": [-1,-1,-1,-1] },
										"up": { "texture": "#skin", "uv": [ 0.0, 11.5, 3.0, 15.0 ], "autoUv": false, "windMode": [-1,-1,-1,-1] },
										"down": { "texture": "#skin", "uv": [ 3.0, 11.5, 6.0, 15.0 ], "autoUv": false, "windMode": [-1,-1,-1,-1] }
									}
								},
								{
									"name": "Eye",
									"from": [ 0.6, 1.8, -0.4 ],
									"to": [ 1.35, 2.55, 4.85 ],
									"unwrapMode": 3,
									"autoUnwrap": false,
									"uv": [ 17.0, 0.5 ],
									"rotationOrigin": [ 2.1, 2.4, 0.0 ],
									"faces": {
										"north": { "texture": "#skin", "uv": [ 15.5, 21.0, 16.5, 22.0 ], "rotation": 180, "autoUv": false, "windMode": [-1,-1,-1,-1] },
										"east": { "texture": "#skin", "uv": [ 12.0, 22.0, 17.0, 22.5 ] },
										"south": { "texture": "#skin", "uv": [ 15.5, 21.0, 16.5, 22.0 ], "autoUv": false, "windMode": [-1,-1,-1,-1] },
										"west": { "texture": "#skin", "uv": [ 12.0, 22.0, 17.0, 22.5 ] },
										"up": { "texture": "#skin", "uv": [ 16.5, 17.0, 17.0, 22.0 ] },
										"down": { "texture": "#skin", "uv": [ 16.5, 17.0, 17.0, 22.0 ], "rotation": 180 }
									}
								},
								{
									"name": "Throat",
									"from": [ 0.01, 0.1, 0.01 ],
									"to": [ 2.99, 2.0, 4.49 ],
									"autoUnwrap": false,
									"uv": [ 6.5, 3.5 ],
									"rotationOrigin": [ 0.0, 0.1, 2.0 ],
									"faces": {
										"north": { "texture": "#skin", "uv": [ 18.5, 4.5, 21.5, 6.5 ], "autoUv": false },
										"east": { "texture": "#skin", "uv": [ 17.0, 6.5, 21.5, 8.5 ], "autoUv": false, "windMode": [-1,-1,-1,-1] },
										"south": { "texture": "#skin", "uv": [ 21.5, 4.5, 18.5, 6.5 ], "autoUv": false, "windMode": [-1,-1,-1,-1] },
										"west": { "texture": "#skin", "uv": [ 17.0, 6.5, 21.5, 8.5 ], "autoUv": false, "windMode": [-1,-1,-1,-1] },
										"up": { "texture": "#skin", "uv": [ 21.5, 8.5, 18.5, 13.0 ], "autoUv": false, "windMode": [-1,-1,-1,-1] },
										"down": { "texture": "#skin", "uv": [ 18.5, 8.5, 21.5, 13.0 ], "autoUv": false, "windMode": [-1,-1,-1,-1] }
									}
								},
								{
									"name": "HeadSpines",
									"from": [ 2.4, 0.0, -0.75 ],
									"to": [ 2.4, 3.75, 5.25 ],
									"autoUnwrap": false,
									"uv": [ 11.0, -1.0 ],
									"rotationOrigin": [ 2.9, 2.0, 2.0 ],
									"rotationZ": -20.0,
									"faces": {
										"north": { "texture": "#skin", "uv": [ 23.5, 3.5, 24.0, 7.0 ] },
										"east": { "texture": "#skin", "uv": [ 18.5, 0.0, 25.0, 3.5 ], "autoUv": false, "windMode": [-1,-1,-1,-1] },
										"south": { "texture": "#skin", "uv": [ 23.5, 3.5, 24.0, 7.0 ] },
										"west": { "texture": "#skin", "uv": [ 18.5, 0.0, 25.0, 3.5 ], "autoUv": false, "windMode": [-1,-1,-1,-1] },
										"up": { "texture": "#skin", "uv": [ 22.0, 3.5, 22.5, 9.5 ] },
										"down": { "texture": "#skin", "uv": [ 22.0, 3.5, 22.5, 9.5 ] }
									}
								}
							]
						}
					]
				},
				{
					"name": "UpperTail",
					"from": [ 10.0, 0.5, 1.25 ],
					"to": [ 16.0, 2.25, 4.25 ],
					"autoUnwrap": false,
					"uv": [ 6.0, 10.0 ],
					"rotationOrigin": [ 10.0, 1.5, 2.5 ],
					"faces": {
						"north": { "texture": "#skin", "uv": [ 26.0, 30.5, 20.0, 32.0 ], "autoUv": false, "windMode": [-1,-1,-1,-1] },
						"east": { "texture": "#skin", "uv": [ 23.0, 29.0, 26.0, 30.5 ] },
						"south": { "texture": "#skin", "uv": [ 20.0, 30.5, 26.0, 32.0 ], "windMode": [-1,-1,-1,-1] },
						"west": { "texture": "#skin", "uv": [ 23.0, 29.0, 26.0, 30.5 ] },
						"up": { "texture": "#skin", "uv": [ 26.0, 29.0, 32.0, 32.0 ], "windMode": [-1,-1,-1,-1] },
						"down": { "texture": "#skin", "uv": [ 26.0, 26.0, 32.0, 29.0 ] }
					},
					"children": [
						{
							"name": "MidTail",
							"from": [ 5.0, 0.12, 0.75 ],
							"to": [ 11.0, 1.37, 2.25 ],
							"autoUnwrap": false,
							"uv": [ 17.5, 20.5 ],
							"rotationOrigin": [ 5.0, 0.0, 0.25 ],
							"faces": {
								"north": { "texture": "#skin", "uv": [ 32.0, 21.5, 26.0, 22.5 ], "autoUv": false, "windMode": [-1,-1,-1,-1] },
								"east": { "texture": "#skin", "uv": [ 24.5, 24.5, 26.0, 25.5 ] },
								"south": { "texture": "#skin", "uv": [ 26.0, 21.5, 32.0, 22.5 ], "windMode": [-1,-1,-1,-1] },
								"west": { "texture": "#skin", "uv": [ 24.5, 24.5, 26.0, 25.5 ] },
								"up": { "texture": "#skin", "uv": [ 26.0, 24.0, 32.0, 25.5 ], "windMode": [-1,-1,-1,-1] },
								"down": { "texture": "#skin", "uv": [ 26.0, 22.5, 32.0, 24.0 ] }
							},
							"children": [
								{
									"name": "LowerTail",
									"from": [ 5.0, 0.125, 0.25 ],
									"to": [ 11.0, 1.125, 1.25 ],
									"autoUnwrap": false,
									"uv": [ 15.0, 5.5 ],
									"rotationOrigin": [ 5.0, 1.0, 1.175 ],
									"faces": {
										"north": { "texture": "#skin", "uv": [ 17.0, 12.5, 11.0, 13.5 ], "autoUv": false, "windMode": [-1,-1,-1,-1] },
										"east": { "texture": "#skin", "uv": [ 11.0, 13.5, 12.0, 14.5 ] },
										"south": { "texture": "#skin", "uv": [ 11.0, 12.5, 17.0, 13.5 ], "windMode": [-1,-1,-1,-1] },
										"west": { "texture": "#skin", "uv": [ 11.0, 13.5, 12.0, 14.5 ] },
										"up": { "texture": "#skin", "uv": [ 11.0, 11.5, 17.0, 12.5 ] },
										"down": { "texture": "#skin", "uv": [ 11.0, 10.5, 17.0, 11.5 ] }
									}
								}
							]
						}
					]
				},
				{
					"name": "RFLegUpper",
					"from": [ 1.0, 0.0, -2.5 ],
					"to": [ 2.5, 1.0, 0.5 ],
					"uv": [ 9.0, 6.0 ],
					"rotationOrigin": [ 1.5, 1.0, 0.5 ],
					"rotationX": -20.0,
					"faces": {
						"north": { "texture": "#skin", "uv": [ 9.0, 9.0, 10.5, 10.0 ] },
						"east": { "texture": "#skin", "uv": [ 10.5, 9.0, 13.5, 10.0 ] },
						"south": { "texture": "#skin", "uv": [ 13.5, 9.0, 15.0, 10.0 ] },
						"west": { "texture": "#skin", "uv": [ 15.0, 9.0, 18.0, 10.0 ] },
						"up": { "texture": "#skin", "uv": [ 9.0, 6.0, 10.5, 9.0 ] },
						"down": { "texture": "#skin", "uv": [ 10.5, 6.0, 12.0, 9.0 ] }
					},
					"children": [
						{
							"name": "RFLegLower",
							"from": [ 0.025, 0.0, -2.0 ],
							"to": [ 1.475, 1.0, 0.0 ],
							"autoUnwrap": false,
							"uv": [ 1.5, 6.5 ],
							"rotationOrigin": [ 0.5, 1.0, 0.0 ],
							"rotationX": -45.0,
							"faces": {
								"north": { "texture": "#skin", "uv": [ 1.5, 8.5, 2.5, 9.5 ] },
								"east": { "texture": "#skin", "uv": [ 2.5, 8.5, 4.5, 9.5 ] },
								"south": { "texture": "#skin", "uv": [ 4.5, 8.5, 5.5, 9.5 ] },
								"west": { "texture": "#skin", "uv": [ 7.5, 8.5, 5.5, 9.5 ], "autoUv": false, "windMode": [-1,-1,-1,-1] },
								"up": { "texture": "#skin", "uv": [ 1.5, 6.5, 2.5, 8.5 ], "windMode": [-1,-1,-1,-1] },
								"down": { "texture": "#skin", "uv": [ 2.5, 6.5, 3.5, 8.5 ] }
							},
							"children": [
								{
									"name": "RFFoot",
									"from": [ -0.005, 0.0402, -0.3651 ],
									"to": [ 1.495, 0.4402, 0.7349 ],
									"uv": [ 12.0, 15.0 ],
									"rotationOrigin": [ 0.495, 0.4415, 0.2322 ],
									"rotationX": 65.0,
									"faces": {
										"north": { "texture": "#skin", "uv": [ 12.0, 16.0, 13.5, 16.5 ] },
										"east": { "texture": "#skin", "uv": [ 13.5, 16.0, 14.5, 16.5 ] },
										"south": { "texture": "#skin", "uv": [ 14.5, 16.0, 16.0, 16.5 ] },
										"west": { "texture": "#skin", "uv": [ 16.0, 16.0, 17.0, 16.5 ] },
										"up": { "texture": "#skin", "uv": [ 12.0, 15.0, 13.5, 16.0 ] },
										"down": { "texture": "#skin", "uv": [ 13.5, 15.0, 15.0, 16.0 ] }
									},
									"children": [
										{
											"name": "RFClaws",
											"from": [ -1.3, -0.01, -0.7 ],
											"to": [ 1.6, -0.01, 1.8 ],
											"autoUnwrap": false,
											"uv": [ 6.5, 1.0 ],
											"rotationOrigin": [ -1.3, 0.0, -0.8 ],
											"faces": {
												"north": { "texture": "#skin", "uv": [ 6.5, 3.5, 9.0, 4.0 ] },
												"east": { "texture": "#skin", "uv": [ 9.0, 3.5, 11.5, 4.0 ] },
												"south": { "texture": "#skin", "uv": [ 11.5, 3.5, 14.0, 4.0 ] },
												"west": { "texture": "#skin", "uv": [ 14.0, 3.5, 16.5, 4.0 ] },
												"up": { "texture": "#skin", "uv": [ 5.5, 0.0, 9.0, 3.5 ], "rotation": 90, "autoUv": false, "windMode": [-1,-1,-1,-1] },
												"down": { "texture": "#skin", "uv": [ 5.5, 0.0, 9.0, 3.5 ], "rotation": 270, "autoUv": false, "windMode": [-1,-1,-1,-1] }
											}
										}
									]
								}
							]
						}
					]
				},
				{
					"name": "LFLegUpper",
					"from": [ 1.0, 0.0, 4.75 ],
					"to": [ 2.5, 1.0, 7.75 ],
					"uv": [ 9.0, 6.0 ],
					"rotationOrigin": [ 1.5, 1.0, 4.5 ],
					"rotationX": 20.0,
					"faces": {
						"north": { "texture": "#skin", "uv": [ 9.0, 9.0, 10.5, 10.0 ] },
						"east": { "texture": "#skin", "uv": [ 10.5, 9.0, 13.5, 10.0 ] },
						"south": { "texture": "#skin", "uv": [ 13.5, 9.0, 15.0, 10.0 ] },
						"west": { "texture": "#skin", "uv": [ 15.0, 9.0, 18.0, 10.0 ] },
						"up": { "texture": "#skin", "uv": [ 9.0, 6.0, 10.5, 9.0 ], "windMode": [-1,-1,-1,-1] },
						"down": { "texture": "#skin", "uv": [ 10.5, 6.0, 12.0, 9.0 ] }
					},
					"children": [
						{
							"name": "LFLegLower",
							"from": [ 0.025, 0.0, 3.0 ],
							"to": [ 1.475, 1.0, 5.0 ],
							"autoUnwrap": false,
							"uv": [ 1.5, 6.5 ],
							"rotationOrigin": [ 0.5, 1.0, 3.0 ],
							"rotationX": 45.0,
							"faces": {
								"north": { "texture": "#skin", "uv": [ 1.5, 8.5, 2.5, 9.5 ] },
								"east": { "texture": "#skin", "uv": [ 4.5, 8.5, 2.5, 9.5 ], "autoUv": false, "windMode": [-1,-1,-1,-1] },
								"south": { "texture": "#skin", "uv": [ 4.5, 8.5, 5.5, 9.5 ] },
								"west": { "texture": "#skin", "uv": [ 5.5, 8.5, 7.5, 9.5 ] },
								"up": { "texture": "#skin", "uv": [ 1.5, 8.5, 2.5, 6.5 ], "autoUv": false, "windMode": [-1,-1,-1,-1] },
								"down": { "texture": "#skin", "uv": [ 2.5, 6.5, 3.5, 8.5 ] }
							},
							"children": [
								{
									"name": "LFFoot",
									"from": [ -0.005, 0.0401, 1.2659 ],
									"to": [ 1.495, 0.4401, 2.3659 ],
									"uv": [ 12.0, 15.0 ],
									"rotationOrigin": [ 0.5, 0.4369, 1.7659 ],
									"rotationX": -65.0,
									"faces": {
										"north": { "texture": "#skin", "uv": [ 12.0, 16.0, 13.5, 16.5 ] },
										"east": { "texture": "#skin", "uv": [ 13.5, 16.0, 14.5, 16.5 ] },
										"south": { "texture": "#skin", "uv": [ 14.5, 16.0, 16.0, 16.5 ] },
										"west": { "texture": "#skin", "uv": [ 16.0, 16.0, 17.0, 16.5 ] },
										"up": { "texture": "#skin", "uv": [ 12.0, 15.0, 13.5, 16.0 ] },
										"down": { "texture": "#skin", "uv": [ 13.5, 15.0, 15.0, 16.0 ] }
									},
									"children": [
										{
											"name": "LFClaws",
											"from": [ -1.3, -0.01, -0.7 ],
											"to": [ 1.6, -0.01, 1.8 ],
											"autoUnwrap": false,
											"uv": [ 6.5, 1.0 ],
											"rotationOrigin": [ -1.3, 0.0, -0.82 ],
											"faces": {
												"north": { "texture": "#skin", "uv": [ 6.5, 3.5, 9.0, 4.0 ] },
												"east": { "texture": "#skin", "uv": [ 9.0, 3.5, 11.5, 4.0 ] },
												"south": { "texture": "#skin", "uv": [ 11.5, 3.5, 14.0, 4.0 ] },
												"west": { "texture": "#skin", "uv": [ 14.0, 3.5, 16.5, 4.0 ] },
												"up": { "texture": "#skin", "uv": [ 5.5, 0.0, 9.0, 3.5 ], "rotation": 90, "autoUv": false, "windMode": [-1,-1,-1,-1] },
												"down": { "texture": "#skin", "uv": [ 5.5, 0.0, 9.0, 3.5 ], "rotation": 270, "autoUv": false, "windMode": [-1,-1,-1,-1] }
											}
										}
									]
								}
							]
						}
					]
				},
				{
					"name": "RBLegUpper",
					"from": [ 9.925, 0.0, -2.5 ],
					"to": [ 11.425, 1.0, 0.5 ],
					"uv": [ 9.0, 6.0 ],
					"rotationOrigin": [ 10.5, 1.0, 0.5 ],
					"rotationX": -20.0,
					"faces": {
						"north": { "texture": "#skin", "uv": [ 9.0, 9.0, 10.5, 10.0 ] },
						"east": { "texture": "#skin", "uv": [ 10.5, 9.0, 13.5, 10.0 ] },
						"south": { "texture": "#skin", "uv": [ 13.5, 9.0, 15.0, 10.0 ] },
						"west": { "texture": "#skin", "uv": [ 15.0, 9.0, 18.0, 10.0 ] },
						"up": { "texture": "#skin", "uv": [ 9.0, 6.0, 10.5, 9.0 ] },
						"down": { "texture": "#skin", "uv": [ 10.5, 6.0, 12.0, 9.0 ] }
					},
					"children": [
						{
							"name": "RBLegLower",
							"from": [ 0.025, 0.0, -2.0 ],
							"to": [ 1.475, 1.0, 0.0 ],
							"autoUnwrap": false,
							"uv": [ 1.5, 6.5 ],
							"rotationOrigin": [ 0.5, 1.0, 0.0 ],
							"rotationX": -45.0,
							"faces": {
								"north": { "texture": "#skin", "uv": [ 1.5, 8.5, 2.5, 9.5 ] },
								"east": { "texture": "#skin", "uv": [ 2.5, 8.5, 4.5, 9.5 ] },
								"south": { "texture": "#skin", "uv": [ 4.5, 8.5, 5.5, 9.5 ] },
								"west": { "texture": "#skin", "uv": [ 7.5, 8.5, 5.5, 9.5 ], "autoUv": false, "windMode": [-1,-1,-1,-1] },
								"up": { "texture": "#skin", "uv": [ 1.5, 6.5, 2.5, 8.5 ] },
								"down": { "texture": "#skin", "uv": [ 2.5, 6.5, 3.5, 8.5 ] }
							},
							"children": [
								{
									"name": "RBFoot",
									"from": [ 0.0, 0.042, -0.3639 ],
									"to": [ 1.5, 0.442, 0.7361 ],
									"uv": [ 12.0, 15.0 ],
									"rotationOrigin": [ 0.5, 0.4433, 0.2361 ],
									"rotationX": 65.0,
									"faces": {
										"north": { "texture": "#skin", "uv": [ 12.0, 16.0, 13.5, 16.5 ] },
										"east": { "texture": "#skin", "uv": [ 13.5, 16.0, 14.5, 16.5 ] },
										"south": { "texture": "#skin", "uv": [ 14.5, 16.0, 16.0, 16.5 ] },
										"west": { "texture": "#skin", "uv": [ 16.0, 16.0, 17.0, 16.5 ] },
										"up": { "texture": "#skin", "uv": [ 12.0, 15.0, 13.5, 16.0 ] },
										"down": { "texture": "#skin", "uv": [ 13.5, 15.0, 15.0, 16.0 ] }
									},
									"children": [
										{
											"name": "RBClaws",
											"from": [ -1.33, -0.01, -0.7 ],
											"to": [ 1.57, -0.01, 1.8 ],
											"autoUnwrap": false,
											"uv": [ 6.5, 1.0 ],
											"rotationOrigin": [ -1.33, 0.0, -0.8 ],
											"faces": {
												"north": { "texture": "#skin", "uv": [ 6.5, 3.5, 9.0, 4.0 ] },
												"east": { "texture": "#skin", "uv": [ 9.0, 3.5, 11.5, 4.0 ] },
												"south": { "texture": "#skin", "uv": [ 11.5, 3.5, 14.0, 4.0 ] },
												"west": { "texture": "#skin", "uv": [ 14.0, 3.5, 16.5, 4.0 ] },
												"up": { "texture": "#skin", "uv": [ 5.5, 0.0, 9.0, 3.5 ], "rotation": 90, "autoUv": false, "windMode": [-1,-1,-1,-1] },
												"down": { "texture": "#skin", "uv": [ 5.5, 0.0, 9.0, 3.5 ], "rotation": 270, "autoUv": false, "windMode": [-1,-1,-1,-1] }
											}
										}
									]
								}
							]
						}
					]
				},
				{
					"name": "LBLegUpper",
					"from": [ 9.925, 0.0, 4.75 ],
					"to": [ 11.425, 1.0, 7.75 ],
					"uv": [ 9.0, 6.0 ],
					"rotationOrigin": [ 10.5, 1.0, 4.5 ],
					"rotationX": 20.0,
					"faces": {
						"north": { "texture": "#skin", "uv": [ 9.0, 9.0, 10.5, 10.0 ] },
						"east": { "texture": "#skin", "uv": [ 10.5, 9.0, 13.5, 10.0 ] },
						"south": { "texture": "#skin", "uv": [ 13.5, 9.0, 15.0, 10.0 ] },
						"west": { "texture": "#skin", "uv": [ 15.0, 9.0, 18.0, 10.0 ] },
						"up": { "texture": "#skin", "uv": [ 9.0, 6.0, 10.5, 9.0 ] },
						"down": { "texture": "#skin", "uv": [ 10.5, 6.0, 12.0, 9.0 ] }
					},
					"children": [
						{
							"name": "LBLegLower",
							"from": [ 0.025, 0.0, 3.0 ],
							"to": [ 1.475, 1.0, 5.0 ],
							"autoUnwrap": false,
							"uv": [ 1.5, 6.5 ],
							"rotationOrigin": [ 0.5, 1.0, 3.0 ],
							"rotationX": 45.0,
							"faces": {
								"north": { "texture": "#skin", "uv": [ 1.5, 8.5, 2.5, 9.5 ] },
								"east": { "texture": "#skin", "uv": [ 4.5, 8.5, 2.5, 9.5 ], "autoUv": false, "windMode": [-1,-1,-1,-1] },
								"south": { "texture": "#skin", "uv": [ 4.5, 8.5, 5.5, 9.5 ] },
								"west": { "texture": "#skin", "uv": [ 5.5, 8.5, 7.5, 9.5 ] },
								"up": { "texture": "#skin", "uv": [ 1.5, 8.5, 2.5, 6.5 ], "autoUv": false, "windMode": [-1,-1,-1,-1] },
								"down": { "texture": "#skin", "uv": [ 2.5, 6.5, 3.5, 8.5 ] }
							},
							"children": [
								{
									"name": "LBFoot",
									"from": [ 0.0, 0.0383, 1.268 ],
									"to": [ 1.5, 0.4383, 2.368 ],
									"uv": [ 12.0, 15.0 ],
									"rotationOrigin": [ 0.5, 0.4383, 1.7665 ],
									"rotationX": -65.0,
									"faces": {
										"north": { "texture": "#skin", "uv": [ 12.0, 16.0, 13.5, 16.5 ] },
										"east": { "texture": "#skin", "uv": [ 13.5, 16.0, 14.5, 16.5 ] },
										"south": { "texture": "#skin", "uv": [ 14.5, 16.0, 16.0, 16.5 ] },
										"west": { "texture": "#skin", "uv": [ 16.0, 16.0, 17.0, 16.5 ] },
										"up": { "texture": "#skin", "uv": [ 12.0, 15.0, 13.5, 16.0 ] },
										"down": { "texture": "#skin", "uv": [ 13.5, 15.0, 15.0, 16.0 ] }
									},
									"children": [
										{
											"name": "LBClaws",
											"from": [ -1.33, -0.01, -0.7 ],
											"to": [ 1.57, -0.01, 1.8 ],
											"autoUnwrap": false,
											"uv": [ 6.5, 1.0 ],
											"rotationOrigin": [ -1.33, 0.0, -0.82 ],
											"faces": {
												"north": { "texture": "#skin", "uv": [ 6.5, 3.5, 9.0, 4.0 ] },
												"east": { "texture": "#skin", "uv": [ 9.0, 3.5, 11.5, 4.0 ] },
												"south": { "texture": "#skin", "uv": [ 11.5, 3.5, 14.0, 4.0 ] },
												"west": { "texture": "#skin", "uv": [ 14.0, 3.5, 16.5, 4.0 ] },
												"up": { "texture": "#skin", "uv": [ 5.5, 0.0, 9.0, 3.5 ], "rotation": 90, "autoUv": false, "windMode": [-1,-1,-1,-1] },
												"down": { "texture": "#skin", "uv": [ 5.5, 0.0, 9.0, 3.5 ], "rotation": 270, "autoUv": false, "windMode": [-1,-1,-1,-1] }
											}
										}
									]
								}
							]
						}
					]
				},
				{
					"name": "Abdomen",
					"from": [ 2.75, -0.01, -0.625 ],
					"to": [ 9.75, 3.09, 6.125 ],
					"autoUnwrap": false,
					"uv": [ 9.5, 9.0 ],
					"rotationOrigin": [ 2.7, 0.0, -0.4 ],
					"faces": {
						"north": { "texture": "#skin", "uv": [ 18.0, 20.0, 25.0, 23.0 ] },
						"east": { "texture": "#skin", "uv": [ 25.5, 18.0, 32.0, 21.0 ] },
						"south": { "texture": "#skin", "uv": [ 25.0, 20.0, 18.0, 23.0 ], "autoUv": false, "windMode": [-1,-1,-1,-1] },
						"west": { "texture": "#skin", "uv": [ 25.5, 18.0, 32.0, 21.0 ] },
						"up": { "texture": "#skin", "uv": [ 18.0, 13.5, 25.0, 20.0 ] },
						"down": { "texture": "#skin", "uv": [ 25.0, 11.5, 32.0, 18.0 ] }
					},
					"children": [
						{
							"name": "BodySpines",
							"from": [ 0.0, 0.5, -1.13 ],
							"to": [ 7.0, 0.5, 7.87 ],
							"autoUnwrap": false,
							"uv": [ 7.0, -1.0 ],
							"rotationOrigin": [ -0.05, 0.5, -0.275 ],
							"faces": {
								"north": { "texture": "#skin", "uv": [ 24.5, 9.0, 31.5, 9.5 ] },
								"east": { "texture": "#skin", "uv": [ 23.0, 9.0, 32.0, 9.5 ] },
								"south": { "texture": "#skin", "uv": [ 25.0, 9.0, 32.0, 9.5 ] },
								"west": { "texture": "#skin", "uv": [ 23.0, 9.0, 32.0, 9.5 ] },
								"up": { "texture": "#skin", "uv": [ 25.0, 0.0, 32.0, 9.0 ] },
								"down": { "texture": "#skin", "uv": [ 25.0, 0.0, 32.0, 9.0 ], "rotation": 180, "windMode": [-1,-1,-1,-1] }
							}
						}
					]
				}
			]
		}
	],
	"animations": [
		{
			"name": "idle",
			"code": "idle",
			"quantityframes": 50,
			"onActivityStopped": "Rewind",
			"onAnimationEnd": "Repeat",
			"keyframes": [
				{
					"frame": 0,
					"elements": {
						"Body": { "offsetX": 0.0, "offsetY": 0.0, "offsetZ": -0.25 },
						"RFLegUpper": { "rotationX": 5.0, "rotationY": 0.0, "rotationZ": 0.0 },
						"RFLegLower": { "rotationX": -10.0, "rotationY": 0.0, "rotationZ": 0.0 },
						"RFFoot": { "rotationX": 5.0, "rotationY": 0.0, "rotationZ": 0.0 },
						"LFLegUpper": { "rotationX": 0.0, "rotationY": 0.0, "rotationZ": 0.0 },
						"LFLegLower": { "rotationX": -10.0, "rotationY": 0.0, "rotationZ": 0.0 },
						"LFFoot": { "rotationX": 10.0, "rotationY": 0.0, "rotationZ": 0.0 },
						"RBLegUpper": { "rotationX": 5.0, "rotationY": 0.0, "rotationZ": 0.0 },
						"RBLegLower": { "rotationX": -10.0, "rotationY": 0.0, "rotationZ": 0.0 },
						"RBFoot": { "rotationX": 5.0, "rotationY": 0.0, "rotationZ": 0.0 },
						"LBLegUpper": { "rotationX": 0.0, "rotationY": 0.0, "rotationZ": 0.0 },
						"LBLegLower": { "rotationX": -10.0, "rotationY": 0.0, "rotationZ": 0.0 },
						"LBFoot": { "rotationX": 10.0, "rotationY": 0.0, "rotationZ": 0.0 },
						"UpperTail": { "rotationX": 0.0, "rotationY": 5.0, "rotationZ": -5.0 },
						"MidTail": { "rotationX": 0.0, "rotationY": 8.0, "rotationZ": 0.0 },
						"LowerTail": { "rotationX": 0.0, "rotationY": 13.0, "rotationZ": 0.0 },
						"Neck": { "rotationX": 0.0, "rotationY": 0.0, "rotationZ": -10.0 },
						"Head": { "rotationX": 0.0, "rotationY": 0.0, "rotationZ": 10.0 }
					}
				},
				{
					"frame": 25,
					"elements": {
						"Body": { "offsetX": 0.0, "offsetY": 0.0, "offsetZ": 0.25 },
						"Neck": { "rotationX": 0.0, "rotationY": 0.0, "rotationZ": -10.0 },
						"Head": { "rotationX": 0.0, "rotationY": 0.0, "rotationZ": 10.0 },
						"UpperTail": { "rotationX": 0.0, "rotationY": -5.0, "rotationZ": -5.0 },
						"MidTail": { "rotationX": 0.0, "rotationY": -8.0, "rotationZ": 0.0 },
						"LowerTail": { "rotationX": 0.0, "rotationY": -13.0, "rotationZ": 0.0 },
						"RFLegUpper": { "rotationX": 0.0, "rotationY": 0.0, "rotationZ": 0.0 },
						"RFLegLower": { "rotationX": 10.0, "rotationY": 0.0, "rotationZ": 0.0 },
						"RFFoot": { "rotationX": -10.0, "rotationY": 0.0, "rotationZ": 0.0 },
						"LFLegUpper": { "rotationX": -5.0, "rotationY": 0.0, "rotationZ": 0.0 },
						"LFLegLower": { "rotationX": 10.0, "rotationY": 0.0, "rotationZ": 0.0 },
						"LFFoot": { "rotationX": -5.0, "rotationY": 0.0, "rotationZ": 0.0 },
						"RBLegUpper": { "rotationX": 0.0, "rotationY": 0.0, "rotationZ": 0.0 },
						"RBLegLower": { "rotationX": 10.0, "rotationY": 0.0, "rotationZ": 0.0 },
						"RBFoot": { "rotationX": -10.0, "rotationY": 0.0, "rotationZ": 0.0 },
						"LBLegUpper": { "rotationX": -5.0, "rotationY": 0.0, "rotationZ": 0.0 },
						"LBLegLower": { "rotationX": 10.0, "rotationY": 0.0, "rotationZ": 0.0 },
						"LBFoot": { "rotationX": -5.0, "rotationY": 0.0, "rotationZ": 0.0 }
					}
				},
				{
					"frame": 49,
					"elements": {
						"Body": { "offsetX": 0.0, "offsetY": 0.0, "offsetZ": -0.25 },
						"Neck": { "rotationX": 0.0, "rotationY": 0.0, "rotationZ": -10.0 },
						"Head": { "rotationX": 0.0, "rotationY": 0.0, "rotationZ": 10.0 },
						"UpperTail": { "rotationX": 0.0, "rotationY": 5.0, "rotationZ": -5.0 },
						"MidTail": { "rotationX": 0.0, "rotationY": 8.0, "rotationZ": 0.0 },
						"LowerTail": { "rotationX": 0.0, "rotationY": 13.0, "rotationZ": 0.0 },
						"RFLegUpper": { "rotationX": 5.0, "rotationY": 0.0, "rotationZ": 0.0 },
						"RFLegLower": { "rotationX": -10.0, "rotationY": 0.0, "rotationZ": 0.0 },
						"RFFoot": { "rotationX": 5.0, "rotationY": 0.0, "rotationZ": 0.0 },
						"LFLegUpper": { "rotationX": 0.0, "rotationY": 0.0, "rotationZ": 0.0 },
						"LFLegLower": { "rotationX": -10.0, "rotationY": 0.0, "rotationZ": 0.0 },
						"LFFoot": { "rotationX": 10.0, "rotationY": 0.0, "rotationZ": 0.0 },
						"RBLegUpper": { "rotationX": 5.0, "rotationY": 0.0, "rotationZ": 0.0 },
						"RBLegLower": { "rotationX": -10.0, "rotationY": 0.0, "rotationZ": 0.0 },
						"RBFoot": { "rotationX": 5.0, "rotationY": 0.0, "rotationZ": 0.0 },
						"LBLegUpper": { "rotationX": 0.0, "rotationY": 0.0, "rotationZ": 0.0 },
						"LBLegLower": { "rotationX": -10.0, "rotationY": 0.0, "rotationZ": 0.0 },
						"LBFoot": { "rotationX": 10.0, "rotationY": 0.0, "rotationZ": 0.0 }
					}
				}
			]
		},

		{
			"name": "lookup",
			"code": "lookup",
			"quantityframes": 50,
			"onActivityStopped": "Rewind",
			"onAnimationEnd": "Repeat",
			"keyframes": [
				{
					"frame": 0,
					"elements": {
						"Body": { "offsetX": 0.0, "offsetY": 1.0, "offsetZ": -0.25, "rotationX": 0.0, "rotationY": 0.0, "rotationZ": -15.0 },
						"RFLegUpper": { "rotationX": -35.0, "rotationY": 0.0, "rotationZ": 0.0 },
						"RFLegLower": { "rotationX": 20.0, "rotationY": 0.0, "rotationZ": 0.0 },
						"RFFoot": { "rotationX": 0.0, "rotationY": 0.0, "rotationZ": 20.0 },
						"LFLegUpper": { "rotationX": 40.0, "rotationY": 0.0, "rotationZ": 0.0 },
						"LFLegLower": { "rotationX": -30.0, "rotationY": 0.0, "rotationZ": 0.0 },
						"LFFoot": { "rotationX": 0.0, "rotationY": 0.0, "rotationZ": 20.0 },
						"RBLegUpper": { "rotationX": 5.0, "rotationY": 0.0, "rotationZ": 15.0 },
						"RBLegLower": { "rotationX": -10.0, "rotationY": 0.0, "rotationZ": 0.0 },
						"RBFoot": { "rotationX": 5.0, "rotationY": 0.0, "rotationZ": 0.0 },
						"LBLegUpper": { "rotationX": 0.0, "rotationY": 0.0, "rotationZ": 15.0 },
						"LBLegLower": { "rotationX": -10.0, "rotationY": 0.0, "rotationZ": 0.0 },
						"LBFoot": { "rotationX": 10.0, "rotationY": 0.0, "rotationZ": 0.0 },
						"UpperTail": { "rotationX": 0.0, "rotationY": 5.0, "rotationZ": -5.0 },
						"MidTail": { "rotationX": 0.0, "rotationY": 8.0, "rotationZ": 0.0 },
						"LowerTail": { "rotationX": 0.0, "rotationY": 13.0, "rotationZ": 0.0 },
						"Neck": { "rotationX": 0.0, "rotationY": 0.0, "rotationZ": -25.0 },
						"Head": { "rotationX": 0.0, "rotationY": 0.0, "rotationZ": 10.0 },
						"Throat": { "rotationX": 0.0, "rotationY": 0.0, "rotationZ": -35.0 }
					}
				},
				{
					"frame": 25,
					"elements": {
						"Body": { "offsetX": 0.0, "offsetY": 1.0, "offsetZ": 0.25 },
						"Neck": { "rotationX": 0.0, "rotationY": 0.0, "rotationZ": -25.0 },
						"Head": { "rotationX": 0.0, "rotationY": 0.0, "rotationZ": 10.0 },
						"UpperTail": { "rotationX": 0.0, "rotationY": -5.0, "rotationZ": -5.0 },
						"MidTail": { "rotationX": 0.0, "rotationY": -8.0, "rotationZ": 0.0 },
						"LowerTail": { "rotationX": 0.0, "rotationY": -13.0, "rotationZ": 0.0 },
						"RFLegUpper": { "rotationX": -40.0, "rotationY": 0.0, "rotationZ": 0.0 },
						"RFLegLower": { "rotationX": 30.0, "rotationY": 0.0, "rotationZ": 0.0 },
						"RFFoot": { "rotationX": 0.0, "rotationY": 0.0, "rotationZ": 20.0 },
						"LFLegUpper": { "rotationX": 35.0, "rotationY": 0.0, "rotationZ": 0.0 },
						"LFLegLower": { "rotationX": -20.0, "rotationY": 0.0, "rotationZ": 0.0 },
						"LFFoot": { "rotationX": 0.0, "rotationY": 0.0, "rotationZ": 20.0 },
						"RBLegUpper": { "rotationX": 0.0, "rotationY": 0.0, "rotationZ": 15.0 },
						"RBLegLower": { "rotationX": 10.0, "rotationY": 0.0, "rotationZ": 0.0 },
						"RBFoot": { "rotationX": -10.0, "rotationY": 0.0, "rotationZ": 0.0 },
						"LBLegUpper": { "rotationX": -5.0, "rotationY": 0.0, "rotationZ": 15.0 },
						"LBLegLower": { "rotationX": 10.0, "rotationY": 0.0, "rotationZ": 0.0 },
						"LBFoot": { "rotationX": -5.0, "rotationY": 0.0, "rotationZ": 0.0 }
					}
				},
				{
					"frame": 49,
					"elements": {
						"Body": { "offsetX": 0.0, "offsetY": 1.0, "offsetZ": -0.25 },
						"Neck": { "rotationX": 0.0, "rotationY": 0.0, "rotationZ": -25.0 },
						"Head": { "rotationX": 0.0, "rotationY": 0.0, "rotationZ": 10.0 },
						"UpperTail": { "rotationX": 0.0, "rotationY": 5.0, "rotationZ": -5.0 },
						"MidTail": { "rotationX": 0.0, "rotationY": 8.0, "rotationZ": 0.0 },
						"LowerTail": { "rotationX": 0.0, "rotationY": 13.0, "rotationZ": 0.0 },
						"RFLegUpper": { "rotationX": -35.0, "rotationY": 0.0, "rotationZ": 0.0 },
						"RFLegLower": { "rotationX": 20.0, "rotationY": 0.0, "rotationZ": 0.0 },
						"RFFoot": { "rotationX": 0.0, "rotationY": 0.0, "rotationZ": 20.0 },
						"LFLegUpper": { "rotationX": 40.0, "rotationY": 0.0, "rotationZ": 0.0 },
						"LFLegLower": { "rotationX": -30.0, "rotationY": 0.0, "rotationZ": 0.0 },
						"LFFoot": { "rotationX": 0.0, "rotationY": 0.0, "rotationZ": 20.0 },
						"RBLegUpper": { "rotationX": 5.0, "rotationY": 0.0, "rotationZ": 15.0 },
						"RBLegLower": { "rotationX": -10.0, "rotationY": 0.0, "rotationZ": 0.0 },
						"RBFoot": { "rotationX": 5.0, "rotationY": 0.0, "rotationZ": 0.0 },
						"LBLegUpper": { "rotationX": 0.0, "rotationY": 0.0, "rotationZ": 15.0 },
						"LBLegLower": { "rotationX": -10.0, "rotationY": 0.0, "rotationZ": 0.0 },
						"LBFoot": { "rotationX": 10.0, "rotationY": 0.0, "rotationZ": 0.0 }
					}
				}
			]
		},

		{
			"name": "walk",
			"code": "walk",
			"quantityframes": 30,
			"onActivityStopped": "Rewind",
			"onAnimationEnd": "Repeat",
			"keyframes": [
				{
					"frame": 0,
					"elements": {
						"Body": { "rotationX": 0.0, "rotationY": 5.0, "rotationZ": 0.0 },
						"LFLegUpper": { "rotationX": 0.0, "rotationY": 30.0, "rotationZ": 0.0 },
						"RFLegUpper": { "rotationX": 0.0, "rotationY": 30.0, "rotationZ": 0.0 },
						"RBLegUpper": { "rotationX": 0.0, "rotationY": -30.0, "rotationZ": 0.0 },
						"LBLegUpper": { "rotationX": 0.0, "rotationY": -30.0, "rotationZ": 0.0 },
						"UpperTail": { "rotationX": 0.0, "rotationY": -5.0, "rotationZ": 0.0 },
						"MidTail": { "rotationX": 0.0, "rotationY": -8.0, "rotationZ": 0.0 },
						"LowerTail": { "rotationX": 0.0, "rotationY": -13.0, "rotationZ": 0.0 },
						"Neck": { "rotationX": 0.0, "rotationY": -5.0, "rotationZ": 0.0 },
						"Head": { "rotationX": 0.0, "rotationY": 0.0, "rotationZ": 0.0 }
					}
				},
				{
					"frame": 15,
					"elements": {
						"Body": { "rotationX": 0.0, "rotationY": -5.0, "rotationZ": 0.0 },
						"LFLegUpper": { "rotationX": 0.0, "rotationY": -30.0, "rotationZ": 0.0 },
						"RFLegUpper": { "rotationX": 0.0, "rotationY": -30.0, "rotationZ": 0.0 },
						"RBLegUpper": { "rotationX": 0.0, "rotationY": 30.0, "rotationZ": 0.0 },
						"LBLegUpper": { "rotationX": 0.0, "rotationY": 30.0, "rotationZ": 0.0 },
						"UpperTail": { "rotationX": 0.0, "rotationY": 5.0, "rotationZ": 0.0 },
						"MidTail": { "rotationX": 0.0, "rotationY": 8.0, "rotationZ": 0.0 },
						"LowerTail": { "rotationX": 0.0, "rotationY": 13.0, "rotationZ": 0.0 },
						"Neck": { "rotationX": 0.0, "rotationY": 5.0, "rotationZ": 0.0 },
						"Head": { "rotationX": 0.0, "rotationY": 0.0, "rotationZ": 0.0 }
					}
				},
				{
					"frame": 29,
					"elements": {
						"Body": { "rotationX": 0.0, "rotationY": 5.0, "rotationZ": 0.0 },
						"LFLegUpper": { "rotationX": 0.0, "rotationY": 30.0, "rotationZ": 0.0 },
						"RFLegUpper": { "rotationX": 0.0, "rotationY": 30.0, "rotationZ": 0.0 },
						"RBLegUpper": { "rotationX": 0.0, "rotationY": -30.0, "rotationZ": 0.0 },
						"LBLegUpper": { "rotationX": 0.0, "rotationY": -30.0, "rotationZ": 0.0 },
						"UpperTail": { "rotationX": 0.0, "rotationY": -5.0, "rotationZ": 0.0 },
						"MidTail": { "rotationX": 0.0, "rotationY": -8.0, "rotationZ": 0.0 },
						"LowerTail": { "rotationX": 0.0, "rotationY": -13.0, "rotationZ": 0.0 },
						"Neck": { "rotationX": 0.0, "rotationY": -5.0, "rotationZ": 0.0 },
						"Head": { "rotationX": 0.0, "rotationY": 0.0, "rotationZ": 0.0 }
					}
				}
			]
		},

		{
			"name": "eat",
			"code": "eat",
			"quantityframes": 30,
			"onActivityStopped": "Rewind",
			"onAnimationEnd": "Repeat",
			"keyframes": [
				{
					"frame": 0,
					"elements": {
						"Body": { "offsetX": 0.0, "offsetY": 0.0, "offsetZ": 0.0 },
						"RFLegUpper": { "rotationX": 0.0, "rotationY": 0.0, "rotationZ": 0.0 },
						"LFLegUpper": { "rotationX": 0.0, "rotationY": 0.0, "rotationZ": 0.0 },
						"RBLegUpper": { "rotationX": 0.0, "rotationY": 0.0, "rotationZ": 0.0 },
						"LBLegUpper": { "rotationX": 0.0, "rotationY": 0.0, "rotationZ": 0.0 },
						"Head": { "rotationX": 0.0, "rotationY": 0.0, "rotationZ": 0.0 },
						"LowerJaw": { "rotationX": 0.0, "rotationY": 0.0, "rotationZ": 0.0 },
						"UpperTail": { "rotationX": 0.0, "rotationY": 5.0, "rotationZ": 0.0 },
						"MidTail": { "rotationX": 0.0, "rotationY": 8.0, "rotationZ": 0.0 },
						"LowerTail": { "rotationX": 0.0, "rotationY": 13.0, "rotationZ": 0.0 }
					}
				},
				{
					"frame": 5,
					"elements": {
						"Body": { "offsetX": -2.0, "offsetY": 0.0, "offsetZ": 0.0 },
						"RFLegUpper": { "rotationX": 0.0, "rotationY": -30.0, "rotationZ": 0.0 },
						"LFLegUpper": { "rotationX": 0.0, "rotationY": 30.0, "rotationZ": 0.0 },
						"RBLegUpper": { "rotationX": 0.0, "rotationY": -20.0, "rotationZ": 0.0 },
						"LBLegUpper": { "rotationX": 0.0, "rotationY": 20.0, "rotationZ": 0.0 },
						"Head": { "rotationX": 0.0, "rotationY": 0.0, "rotationZ": 15.0 },
						"LowerJaw": { "rotationX": 0.0, "rotationY": 0.0, "rotationZ": 45.0 }
					}
				},
				{
					"frame": 10,
					"elements": {
						"Body": { "offsetX": 0.0, "offsetY": 0.0, "offsetZ": 0.0 },
						"RFLegUpper": { "rotationX": 0.0, "rotationY": 0.0, "rotationZ": 0.0 },
						"LFLegUpper": { "rotationX": 0.0, "rotationY": 0.0, "rotationZ": 0.0 },
						"RBLegUpper": { "rotationX": 0.0, "rotationY": 0.0, "rotationZ": 0.0 },
						"LBLegUpper": { "rotationX": 0.0, "rotationY": 0.0, "rotationZ": 0.0 },
						"Head": { "rotationX": 0.0, "rotationY": 0.0, "rotationZ": 0.0 },
						"LowerJaw": { "rotationX": 0.0, "rotationY": 0.0, "rotationZ": 0.0 }
					}
				},
				{
					"frame": 15,
					"elements": {
						"UpperTail": { "rotationX": 0.0, "rotationY": -5.0, "rotationZ": 0.0 },
						"MidTail": { "rotationX": 0.0, "rotationY": -8.0, "rotationZ": 0.0 },
						"LowerTail": { "rotationX": 0.0, "rotationY": -13.0, "rotationZ": 0.0 },
						"Neck": { "rotationX": 0.0, "rotationY": 0.0, "rotationZ": 0.0 },
						"LowerJaw": { "rotationX": 0.0, "rotationY": 0.0, "rotationZ": 0.0 }
					}
				},
				{
					"frame": 20,
					"elements": {
						"Neck": { "rotationX": 0.0, "rotationY": 0.0, "rotationZ": -15.0 },
						"Head": { "rotationX": 0.0, "rotationY": 0.0, "rotationZ": 0.0 },
						"LowerJaw": { "rotationX": 0.0, "rotationY": 0.0, "rotationZ": 10.0 }
					}
				},
				{
					"frame": 25,
					"elements": {
						"Neck": { "rotationX": 0.0, "rotationY": 0.0, "rotationZ": 0.0 },
						"Head": { "rotationX": 0.0, "rotationY": 0.0, "rotationZ": 0.0 },
						"LowerJaw": { "rotationX": 0.0, "rotationY": 0.0, "rotationZ": 0.0 }
					}
				},
				{
					"frame": 29,
					"elements": {
						"UpperTail": { "rotationX": 0.0, "rotationY": 5.0, "rotationZ": 0.0 },
						"MidTail": { "rotationX": 0.0, "rotationY": 8.0, "rotationZ": 0.0 },
						"LowerTail": { "rotationX": 0.0, "rotationY": 13.0, "rotationZ": 0.0 },
						"Neck": { "rotationX": 0.0, "rotationY": 0.0, "rotationZ": 0.0 },
						"Head": { "rotationX": 0.0, "rotationY": 0.0, "rotationZ": 0.0 },
						"LowerJaw": { "rotationX": 0.0, "rotationY": 0.0, "rotationZ": 0.0 }
					}
				}
			]
		},

		{
			"name": "call",
			"code": "call",
			"quantityframes": 60,
			"onActivityStopped": "Rewind",
			"onAnimationEnd": "Repeat",
			"keyframes": [
				{
					"frame": 0,
					"elements": {
						"Body": { "offsetX": 0.0, "offsetY": 0.5, "offsetZ": 0.0 },
						"RFLegUpper": { "rotationX": -8.0, "rotationY": 0.0, "rotationZ": 0.0 },
						"RFLegLower": { "rotationX": -15.0, "rotationY": 0.0, "rotationZ": 0.0 },
						"RFFoot": { "rotationX": 23.0, "rotationY": 0.0, "rotationZ": 0.0 },
						"LFLegUpper": { "rotationX": 8.0, "rotationY": 0.0, "rotationZ": 0.0 },
						"LFLegLower": { "rotationX": 15.0, "rotationY": 0.0, "rotationZ": 0.0 },
						"LFFoot": { "rotationX": -23.0, "rotationY": 0.0, "rotationZ": 0.0 },
						"RBLegUpper": { "rotationX": -8.0, "rotationY": 0.0, "rotationZ": 0.0 },
						"RBLegLower": { "rotationX": -15.0, "rotationY": 0.0, "rotationZ": 0.0 },
						"RBFoot": { "rotationX": 23.0, "rotationY": 0.0, "rotationZ": 0.0 },
						"LBLegUpper": { "rotationX": 8.0, "rotationY": 0.0, "rotationZ": 0.0 },
						"LBLegLower": { "rotationX": 15.0, "rotationY": 0.0, "rotationZ": 0.0 },
						"LBFoot": { "rotationX": -23.0, "rotationY": 0.0, "rotationZ": 0.0 },
						"Neck": { "rotationX": 0.0, "rotationY": 0.0, "rotationZ": 0.0 },
						"Head": { "rotationX": 0.0, "rotationY": 0.0, "rotationZ": 5.0 },
						"LowerJaw": { "rotationX": 0.0, "rotationY": 0.0, "rotationZ": 0.0 },
						"Throat": { "rotationX": 0.0, "rotationY": 0.0, "rotationZ": 0.0 },
						"UpperTail": { "rotationX": 0.0, "rotationY": 8.0, "rotationZ": -10.0 },
						"MidTail": { "rotationX": 0.0, "rotationY": 13.0, "rotationZ": 0.0 },
						"LowerTail": { "rotationX": 0.0, "rotationY": 21.0, "rotationZ": 0.0 }
					}
				},
				{
					"frame": 15,
					"elements": {
						"Body": { "offsetX": 0.0, "offsetY": 0.75, "offsetZ": 0.0 },
						"RFLegUpper": { "rotationX": -13.0, "rotationY": 0.0, "rotationZ": 0.0 },
						"RFLegLower": { "rotationX": -18.0, "rotationY": 0.0, "rotationZ": 0.0 },
						"RFFoot": { "rotationX": 31.0, "rotationY": 0.0, "rotationZ": 0.0 },
						"LFLegUpper": { "rotationX": 13.0, "rotationY": 0.0, "rotationZ": 0.0 },
						"LFLegLower": { "rotationX": 18.0, "rotationY": 0.0, "rotationZ": 0.0 },
						"LFFoot": { "rotationX": -31.0, "rotationY": 0.0, "rotationZ": 0.0 },
						"RBLegUpper": { "rotationX": -13.0, "rotationY": 0.0, "rotationZ": 0.0 },
						"RBLegLower": { "rotationX": -18.0, "rotationY": 0.0, "rotationZ": 0.0 },
						"RBFoot": { "rotationX": 31.0, "rotationY": 0.0, "rotationZ": 0.0 },
						"LBLegUpper": { "rotationX": 13.0, "rotationY": 0.0, "rotationZ": 0.0 },
						"LBLegLower": { "rotationX": 18.0, "rotationY": 0.0, "rotationZ": 0.0 },
						"LBFoot": { "rotationX": -31.0, "rotationY": 0.0, "rotationZ": 0.0 },
						"Neck": { "rotationX": 0.0, "rotationY": 0.0, "rotationZ": -15.0 },
						"LowerJaw": { "rotationX": 0.0, "rotationY": 0.0, "rotationZ": 0.0 },
						"Throat": { "rotationX": 0.0, "rotationY": 0.0, "rotationZ": -35.0 },
						"UpperTail": { "rotationX": 0.0, "rotationY": -8.0, "rotationZ": -10.0 },
						"MidTail": { "rotationX": 0.0, "rotationY": -13.0, "rotationZ": 0.0 },
						"LowerTail": { "rotationX": 0.0, "rotationY": -21.0, "rotationZ": 0.0 }
					}
				},
				{
					"frame": 30,
					"elements": {
						"Body": { "offsetX": 0.0, "offsetY": 0.5, "offsetZ": 0.0 },
						"RFLegUpper": { "rotationX": -8.0, "rotationY": 0.0, "rotationZ": 0.0 },
						"RFLegLower": { "rotationX": -15.0, "rotationY": 0.0, "rotationZ": 0.0 },
						"RFFoot": { "rotationX": 23.0, "rotationY": 0.0, "rotationZ": 0.0 },
						"LFLegUpper": { "rotationX": 8.0, "rotationY": 0.0, "rotationZ": 0.0 },
						"LFLegLower": { "rotationX": 15.0, "rotationY": 0.0, "rotationZ": 0.0 },
						"LFFoot": { "rotationX": -23.0, "rotationY": 0.0, "rotationZ": 0.0 },
						"RBLegUpper": { "rotationX": -8.0, "rotationY": 0.0, "rotationZ": 0.0 },
						"RBLegLower": { "rotationX": -15.0, "rotationY": 0.0, "rotationZ": 0.0 },
						"RBFoot": { "rotationX": 23.0, "rotationY": 0.0, "rotationZ": 0.0 },
						"LBLegUpper": { "rotationX": 8.0, "rotationY": 0.0, "rotationZ": 0.0 },
						"LBLegLower": { "rotationX": 15.0, "rotationY": 0.0, "rotationZ": 0.0 },
						"LBFoot": { "rotationX": -23.0, "rotationY": 0.0, "rotationZ": 0.0 },
						"LowerJaw": { "rotationX": 0.0, "rotationY": 0.0, "rotationZ": 0.0 },
						"UpperTail": { "rotationX": 0.0, "rotationY": 8.0, "rotationZ": -10.0 },
						"MidTail": { "rotationX": 0.0, "rotationY": 13.0, "rotationZ": 0.0 },
						"LowerTail": { "rotationX": 0.0, "rotationY": 21.0, "rotationZ": 0.0 }
					}
				},
				{
					"frame": 45,
					"elements": {
						"Body": { "offsetX": 0.0, "offsetY": 0.75, "offsetZ": 0.0 },
						"Neck": { "rotationX": 0.0, "rotationY": 0.0, "rotationZ": -15.0 },
						"Head": { "rotationX": 0.0, "rotationY": 0.0, "rotationZ": 5.0 },
						"LowerJaw": { "rotationX": 0.0, "rotationY": 0.0, "rotationZ": 0.0 },
						"Throat": { "rotationX": 0.0, "rotationY": 0.0, "rotationZ": -35.0 },
						"UpperTail": { "rotationX": 0.0, "rotationY": -8.0, "rotationZ": -10.0 },
						"MidTail": { "rotationX": 0.0, "rotationY": -13.0, "rotationZ": 0.0 },
						"LowerTail": { "rotationX": 0.0, "rotationY": -21.0, "rotationZ": 0.0 },
						"RFLegUpper": { "rotationX": -13.0, "rotationY": 0.0, "rotationZ": 0.0 },
						"RFLegLower": { "rotationX": -18.0, "rotationY": 0.0, "rotationZ": 0.0 },
						"RFFoot": { "rotationX": 31.0, "rotationY": 0.0, "rotationZ": 0.0 },
						"LFLegUpper": { "rotationX": 13.0, "rotationY": 0.0, "rotationZ": 0.0 },
						"LFLegLower": { "rotationX": 18.0, "rotationY": 0.0, "rotationZ": 0.0 },
						"LFFoot": { "rotationX": -31.0, "rotationY": 0.0, "rotationZ": 0.0 },
						"RBLegUpper": { "rotationX": -13.0, "rotationY": 0.0, "rotationZ": 0.0 },
						"RBLegLower": { "rotationX": -18.0, "rotationY": 0.0, "rotationZ": 0.0 },
						"RBFoot": { "rotationX": 31.0, "rotationY": 0.0, "rotationZ": 0.0 },
						"LBLegUpper": { "rotationX": 13.0, "rotationY": 0.0, "rotationZ": 0.0 },
						"LBLegLower": { "rotationX": 18.0, "rotationY": 0.0, "rotationZ": 0.0 },
						"LBFoot": { "rotationX": -31.0, "rotationY": 0.0, "rotationZ": 0.0 }
					}
				},
				{
					"frame": 59,
					"elements": {
						"Body": { "offsetX": 0.0, "offsetY": 0.5, "offsetZ": 0.0 },
						"Neck": { "rotationX": 0.0, "rotationY": 0.0, "rotationZ": 0.0 },
						"Head": { "rotationX": 0.0, "rotationY": 0.0, "rotationZ": 5.0 },
						"LowerJaw": { "rotationX": 0.0, "rotationY": 0.0, "rotationZ": 0.0 },
						"Throat": { "rotationX": 0.0, "rotationY": 0.0, "rotationZ": 0.0 },
						"UpperTail": { "rotationX": 0.0, "rotationY": 8.0, "rotationZ": -10.0 },
						"MidTail": { "rotationX": 0.0, "rotationY": 13.0, "rotationZ": 0.0 },
						"LowerTail": { "rotationX": 0.0, "rotationY": 21.0, "rotationZ": 0.0 },
						"RFLegUpper": { "rotationX": -8.0, "rotationY": 0.0, "rotationZ": 0.0 },
						"RFLegLower": { "rotationX": -15.0, "rotationY": 0.0, "rotationZ": 0.0 },
						"RFFoot": { "rotationX": 23.0, "rotationY": 0.0, "rotationZ": 0.0 },
						"LFLegUpper": { "rotationX": 8.0, "rotationY": 0.0, "rotationZ": 0.0 },
						"LFLegLower": { "rotationX": 15.0, "rotationY": 0.0, "rotationZ": 0.0 },
						"LFFoot": { "rotationX": -23.0, "rotationY": 0.0, "rotationZ": 0.0 },
						"RBLegUpper": { "rotationX": -8.0, "rotationY": 0.0, "rotationZ": 0.0 },
						"RBLegLower": { "rotationX": -15.0, "rotationY": 0.0, "rotationZ": 0.0 },
						"RBFoot": { "rotationX": 23.0, "rotationY": 0.0, "rotationZ": 0.0 },
						"LBLegUpper": { "rotationX": 8.0, "rotationY": 0.0, "rotationZ": 0.0 },
						"LBLegLower": { "rotationX": 15.0, "rotationY": 0.0, "rotationZ": 0.0 },
						"LBFoot": { "rotationX": -23.0, "rotationY": 0.0, "rotationZ": 0.0 }
					}
				}
			]
		},

		{
			"name": "sleep",
			"code": "sleep",
			"quantityframes": 30,
			"onActivityStopped": "Rewind",
			"onAnimationEnd": "Repeat",
			"keyframes": [
				{
					"frame": 0,
					"elements": {
						"Body": { "offsetX": 0.0, "offsetY": -1.0, "offsetZ": 0.0 },
						"Neck": { "rotationX": 0.0, "rotationY": -15.0, "rotationZ": 0.0 },
						"Head": { "rotationX": 0.0, "rotationY": -10.0, "rotationZ": 5.0 },
						"UpperTail": { "rotationX": 0.0, "rotationY": 25.0, "rotationZ": 0.0 },
						"MidTail": { "rotationX": 0.0, "rotationY": 35.0, "rotationZ": 0.0 },
						"LowerTail": { "rotationX": 0.0, "rotationY": 35.0, "rotationZ": 0.0 },
						"RFLegUpper": { "rotationX": 10.0, "rotationY": -30.0, "rotationZ": 0.0 },
						"RBLegUpper": { "rotationX": 10.0, "rotationY": -30.0, "rotationZ": 0.0 },
						"LFLegUpper": { "rotationX": -10.0, "rotationY": -30.0, "rotationZ": 0.0 },
						"LFLegLower": { "rotationX": 0.0, "rotationY": 0.0, "rotationZ": 0.0 },
						"LBLegUpper": { "rotationX": -10.0, "rotationY": -30.0, "rotationZ": 0.0 }
					}
				}
			]
		}
	]
}