{
    "GameVersion": "1.19.7",
    "SizeX": 12,
    "SizeY": 12,
    "SizeZ": 22,
    "BlockCodes": {
        "9698": "game:supportbeam-aged",
        "2966": "game:cobblestone-granite",
        "2852": "game:cobblestoneslab-granite-down-free",
        "5107": "game:gravel-granite",
        "2776": "game:cobblestoneslab-granite-east-free",
        "4154": "game:drystone-granite",
        "9493": "game:agedstonebricks-granite",
        "5122": "game:looseboulders-granite-free",
        "16414": "game:rocktyped-rubble-free",
        "3023": "game:cobblestonestairs-granite-up-east-free",
        "7277": "game:planks-aged-ns",
        "8606": "game:clutter",
        "7355": "game:plankslab-aged-up-free",
        "5535": "game:loosestones-granite-free",
        "7290": "game:planks-aged-ud",
        "9526": "game:door-solid-aged",
        "2757": "game:cobblestoneslab-granite-north-free",
        "136": "game:multiblock-monolithic-0-p1-0",
        "7342": "game:plankslab-aged-west-free",
        "3099": "game:cobblestonestairs-granite-up-west-free",
        "2985": "game:cobblestonestairs-granite-up-north-free",
        "3061": "game:cobblestonestairs-granite-up-south-free",
        "3004": "game:cobblestonestairs-granite-down-north-free",
        "3080": "game:cobblestonestairs-granite-down-south-free"
    },
    "ItemCodes": {},
    "Indices": [
        4096,
        5120,
        6144,
        7168,
        8192,
        9216,
        10240,
        11264,
        12288,
        13312,
        14336,
        1052672,
        1053696,
        1054720,
        1055744,
        1056768,
        1057792,
        1058816,
        1059840,
        1060864,
        1061888,
        1062912,
        2101248,
        2102272,
        2103296,
        2104320,
        2105344,
        2106368,
        2107392,
        2108416,
        2109440,
        2110464,
        2111488,
        3149824,
        3150848,
        3151872,
        3152896,
        3153920,
        3154944,
        3155968,
        3158016,
        3159040,
        3160064,
        4201472,
        3073,
        4097,
        5121,
        6145,
        7169,
        8193,
        9217,
        10241,
        11265,
        12289,
        13313,
        14337,
        15361,
        20481,
        1051649,
        1052673,
        1053697,
        1054721,
        1055745,
        1056769,
        1057793,
        1058817,
        1059841,
        1060865,
        1061889,
        1062913,
        1063937,
        1069057,
        2100225,
        2101249,
        2102273,
        2103297,
        2104321,
        2105345,
        2106369,
        2107393,
        2108417,
        2109441,
        2110465,
        2111489,
        2112513,
        2117633,
        3148801,
        3149825,
        3150849,
        3151873,
        3152897,
        3153921,
        3154945,
        3156993,
        3158017,
        3159041,
        3160065,
        3161089,
        3165185,
        3166209,
        4199425,
        4200449,
        4201473,
        4202497,
        4206593,
        4207617,
        5249025,
        5253121,
        5259265,
        1026,
        2050,
        3074,
        4098,
        5122,
        6146,
        7170,
        8194,
        9218,
        10242,
        11266,
        12290,
        13314,
        14338,
        15362,
        16386,
        17410,
        18434,
        19458,
        20482,
        21506,
        1049602,
        1050626,
        1051650,
        1052674,
        1053698,
        1054722,
        1055746,
        1056770,
        1057794,
        1058818,
        1059842,
        1060866,
        1061890,
        1062914,
        1063938,
        1064962,
        1065986,
        1067010,
        1068034,
        1069058,
        1070082,
        2098178,
        2099202,
        2100226,
        2101250,
        2102274,
        2103298,
        2104322,
        2105346,
        2106370,
        2107394,
        2108418,
        2109442,
        2110466,
        2111490,
        2112514,
        2113538,
        2114562,
        2115586,
        2116610,
        2117634,
        2118658,
        3146754,
        3147778,
        3148802,
        3149826,
        3150850,
        3151874,
        3152898,
        3153922,
        3154946,
        3155970,
        3156994,
        3158018,
        3159042,
        3160066,
        3161090,
        3162114,
        3163138,
        3164162,
        3165186,
        3166210,
        3167234,
        4197378,
        4198402,
        4199426,
        4200450,
        4201474,
        4202498,
        4203522,
        4204546,
        4205570,
        4206594,
        4207618,
        4208642,
        4209666,
        4210690,
        4211714,
        4212738,
        4213762,
        5245954,
        5246978,
        5248002,
        5249026,
        5250050,
        5252098,
        5253122,
        5254146,
        5255170,
        5256194,
        5257218,
        5258242,
        5259266,
        5260290,
        5261314,
        5262338,
        6294530,
        6295554,
        6296578,
        6297602,
        6298626,
        6300674,
        6301698,
        6302722,
        6303746,
        6304770,
        6305794,
        6306818,
        6307842,
        6308866,
        6309890,
        6310914,
        7343106,
        7344130,
        7345154,
        7346178,
        7350274,
        7351298,
        7352322,
        7353346,
        7354370,
        7355394,
        7356418,
        7357442,
        7358466,
        7359490,
        8391682,
        8392706,
        8393730,
        8399874,
        8401922,
        8402946,
        8403970,
        8404994,
        8406018,
        8407042,
        8408066,
        9440258,
        9441282,
        9452546,
        9453570,
        9454594,
        9455618,
        9456642,
        10488834,
        10503170,
        10505218,
        3,
        1027,
        2051,
        3075,
        4099,
        5123,
        6147,
        7171,
        8195,
        9219,
        10243,
        11267,
        12291,
        13315,
        14339,
        15363,
        16387,
        17411,
        18435,
        19459,
        20483,
        21507,
        1048579,
        1049603,
        1050627,
        1051651,
        1052675,
        1053699,
        1054723,
        1055747,
        1056771,
        1057795,
        1058819,
        1059843,
        1060867,
        1061891,
        1062915,
        1063939,
        1064963,
        1065987,
        1067011,
        1068035,
        1069059,
        1070083,
        2097155,
        2098179,
        2099203,
        2100227,
        2101251,
        2102275,
        2103299,
        2104323,
        2105347,
        2106371,
        2107395,
        2108419,
        2109443,
        2110467,
        2111491,
        2112515,
        2113539,
        2114563,
        2115587,
        2116611,
        2117635,
        2118659,
        3145731,
        3146755,
        3147779,
        3148803,
        3149827,
        3153923,
        3154947,
        3159043,
        3160067,
        3161091,
        3162115,
        3165187,
        3166211,
        3167235,
        4195331,
        4196355,
        4197379,
        4202499,
        4203523,
        4207619,
        4208643,
        4209667,
        4213763,
        4214787,
        4215811,
        5244931,
        5245955,
        5256195,
        5257219,
        5262339,
        6294531,
        6304771,
        6307843,
        6308867,
        6309891,
        6310915,
        7343107,
        7353347,
        7359491,
        8391683,
        8401923,
        8408067,
        9440259,
        10488835,
        4,
        1028,
        2052,
        3076,
        4100,
        5124,
        6148,
        7172,
        8196,
        9220,
        10244,
        11268,
        12292,
        13316,
        14340,
        15364,
        16388,
        17412,
        18436,
        19460,
        20484,
        21508,
        1048580,
        1049604,
        1050628,
        1051652,
        1052676,
        1053700,
        1054724,
        1055748,
        1056772,
        1057796,
        1058820,
        1059844,
        1060868,
        1061892,
        1062916,
        1063940,
        1064964,
        1065988,
        1067012,
        1068036,
        1069060,
        1070084,
        2097156,
        2098180,
        2099204,
        2100228,
        2101252,
        2102276,
        2103300,
        2104324,
        2105348,
        2106372,
        2107396,
        2108420,
        2109444,
        2110468,
        2111492,
        2112516,
        2113540,
        2114564,
        2115588,
        2116612,
        2117636,
        2118660,
        3145732,
        3146756,
        3147780,
        3148804,
        3149828,
        3152900,
        3153924,
        3154948,
        3155972,
        3159044,
        3160068,
        3161092,
        3165188,
        3166212,
        3167236,
        4195332,
        4196356,
        4197380,
        4202500,
        4207620,
        4208644,
        4213764,
        5243908,
        5244932,
        5245956,
        5256196,
        5262340,
        6294532,
        6304772,
        6309892,
        6310916,
        7343108,
        7353348,
        7359492,
        8408068,
        9456644,
        10505220,
        5,
        1029,
        2053,
        3077,
        4101,
        5125,
        6149,
        7173,
        8197,
        9221,
        10245,
        11269,
        12293,
        13317,
        14341,
        15365,
        16389,
        17413,
        18437,
        19461,
        20485,
        1048581,
        1049605,
        1050629,
        1051653,
        1052677,
        1053701,
        1054725,
        1055749,
        1056773,
        1057797,
        1058821,
        1059845,
        1060869,
        1061893,
        1062917,
        1063941,
        1064965,
        1065989,
        1067013,
        1068037,
        1069061,
        2097157,
        2098181,
        2099205,
        2100229,
        2101253,
        2102277,
        2103301,
        2104325,
        2105349,
        2106373,
        2107397,
        2108421,
        2109445,
        2110469,
        2111493,
        2112517,
        2113541,
        2114565,
        2115589,
        2116613,
        2117637,
        3145733,
        3146757,
        3147781,
        3148805,
        3150853,
        3151877,
        3152901,
        3153925,
        3154949,
        3155973,
        3156997,
        3159045,
        3160069,
        3161093,
        3162117,
        3164165,
        3165189,
        3166213,
        4196357,
        4197381,
        4201477,
        4202501,
        4203525,
        4207621,
        4212741,
        4213765,
        5245957,
        5256197,
        5261317,
        5262341,
        6304773,
        6309893,
        6310917,
        7353349,
        7359493,
        8401925,
        8408069,
        9456645,
        10505221,
        11553797,
        2054,
        3078,
        4102,
        5126,
        6150,
        7174,
        8198,
        9222,
        10246,
        11270,
        12294,
        13318,
        14342,
        15366,
        16390,
        17414,
        18438,
        19462,
        20486,
        1050630,
        1051654,
        1052678,
        1053702,
        1054726,
        1055750,
        1056774,
        1057798,
        1058822,
        1059846,
        1060870,
        1061894,
        1062918,
        1063942,
        1064966,
        1065990,
        1067014,
        1068038,
        1069062,
        2099206,
        2100230,
        2101254,
        2102278,
        2103302,
        2104326,
        2105350,
        2106374,
        2107398,
        2108422,
        2109446,
        2110470,
        2111494,
        2112518,
        2113542,
        2114566,
        2115590,
        2116614,
        2117638,
        3147782,
        3148806,
        3149830,
        3150854,
        3151878,
        3152902,
        3153926,
        3154950,
        3155974,
        3156998,
        3159046,
        3160070,
        3161094,
        3162118,
        3163142,
        3164166,
        3165190,
        4197382,
        4199430,
        4201478,
        4202502,
        4203526,
        4207622,
        4208646,
        4209670,
        4211718,
        4212742,
        4213766,
        5245958,
        5250054,
        5256198,
        5257222,
        5258246,
        5259270,
        5260294,
        5261318,
        5262342,
        5263366,
        6294534,
        6304774,
        6305798,
        6306822,
        6307846,
        6308870,
        6309894,
        6310918,
        6311942,
        7343110,
        7353350,
        7354374,
        7355398,
        7356422,
        7357446,
        7358470,
        7359494,
        8391686,
        8401926,
        8404998,
        8406022,
        8407046,
        8408070,
        9450502,
        9454598,
        9455622,
        9456646,
        10503174,
        10505222,
        2055,
        3079,
        4103,
        5127,
        6151,
        7175,
        8199,
        9223,
        10247,
        11271,
        12295,
        13319,
        14343,
        15367,
        16391,
        17415,
        18439,
        19463,
        20487,
        1050631,
        1051655,
        1052679,
        1053703,
        1054727,
        1055751,
        1056775,
        1057799,
        1058823,
        1059847,
        1060871,
        1061895,
        1062919,
        1063943,
        1064967,
        1065991,
        1067015,
        1068039,
        1069063,
        2099207,
        2100231,
        2101255,
        2102279,
        2103303,
        2104327,
        2105351,
        2106375,
        2107399,
        2108423,
        2109447,
        2110471,
        2111495,
        2112519,
        2113543,
        2114567,
        2115591,
        2116615,
        2117639,
        3147783,
        3148807,
        3149831,
        3150855,
        3151879,
        3152903,
        3153927,
        3154951,
        3155975,
        3156999,
        3158023,
        3159047,
        3160071,
        3161095,
        3162119,
        3164167,
        3165191,
        4197383,
        4198407,
        4199431,
        4200455,
        4201479,
        4202503,
        4203527,
        4204551,
        4205575,
        4206599,
        4207623,
        4208647,
        4209671,
        4210695,
        4212743,
        4213767,
        5245959,
        5246983,
        5248007,
        5249031,
        5250055,
        5252103,
        5253127,
        5254151,
        5255175,
        5256199,
        5257223,
        5262343,
        6294535,
        6295559,
        6296583,
        6301703,
        6302727,
        6303751,
        6304775,
        6310919,
        7343111,
        7344135,
        7352327,
        7353351,
        7354375,
        7359495,
        8391687,
        8400903,
        9449479,
        2056,
        3080,
        4104,
        5128,
        6152,
        7176,
        8200,
        9224,
        10248,
        11272,
        12296,
        13320,
        14344,
        15368,
        16392,
        17416,
        18440,
        19464,
        20488,
        1050632,
        1051656,
        1052680,
        1053704,
        1054728,
        1055752,
        1056776,
        1057800,
        1058824,
        1059848,
        1060872,
        1061896,
        1062920,
        1063944,
        1064968,
        1065992,
        1067016,
        1068040,
        1069064,
        2099208,
        2100232,
        2101256,
        2102280,
        2103304,
        2104328,
        2105352,
        2106376,
        2107400,
        2108424,
        2109448,
        2110472,
        2111496,
        2112520,
        2113544,
        2114568,
        2115592,
        2116616,
        2117640,
        3147784,
        3149832,
        3150856,
        3151880,
        3152904,
        3153928,
        3154952,
        3155976,
        3157000,
        3159048,
        3160072,
        3161096,
        3162120,
        3165192,
        4200456,
        4201480,
        4202504,
        4203528,
        4204552,
        4207624,
        4208648,
        4209672,
        4213768,
        5256200,
        5257224,
        5262344,
        6304776,
        3081,
        4105,
        5129,
        6153,
        7177,
        8201,
        9225,
        10249,
        11273,
        12297,
        13321,
        14345,
        15369,
        16393,
        17417,
        18441,
        19465,
        20489,
        1051657,
        1052681,
        1053705,
        1054729,
        1055753,
        1056777,
        1057801,
        1058825,
        1059849,
        1060873,
        1061897,
        1062921,
        1063945,
        1064969,
        1065993,
        1067017,
        1068041,
        1069065,
        2100233,
        2101257,
        2102281,
        2103305,
        2104329,
        2105353,
        2106377,
        2107401,
        2108425,
        2109449,
        2110473,
        2111497,
        2112521,
        2113545,
        2114569,
        2115593,
        2116617,
        2117641,
        3150857,
        3151881,
        3152905,
        3153929,
        3154953,
        3155977,
        3157001,
        3159049,
        3160073,
        3161097,
        3165193,
        4201481,
        4202505,
        4207625,
        4208649,
        4213769,
        5250057,
        5256201,
        5262345,
        4106,
        5130,
        6154,
        7178,
        8202,
        9226,
        10250,
        11274,
        12298,
        13322,
        14346,
        15370,
        16394,
        17418,
        18442,
        19466,
        20490,
        1052682,
        1053706,
        1054730,
        1055754,
        1056778,
        1057802,
        1058826,
        1059850,
        1060874,
        1061898,
        1062922,
        1063946,
        1064970,
        1065994,
        1067018,
        1068042,
        1069066,
        2101258,
        2102282,
        2103306,
        2104330,
        2105354,
        2106378,
        2107402,
        2108426,
        2109450,
        2110474,
        2111498,
        2112522,
        2113546,
        2114570,
        2115594,
        2116618,
        2117642,
        3149834,
        3150858,
        3151882,
        3152906,
        3153930,
        3154954,
        3155978,
        3159050,
        3160074,
        3161098,
        3162122,
        3164170,
        3165194,
        3166218,
        4207626,
        4209674,
        4210698,
        4212746,
        4213770,
        5255178,
        5256202,
        5258250,
        5259274,
        5260298,
        5261322,
        5262346,
        6303754,
        6307850,
        6309898,
        6311946,
        7179,
        14347,
        15371,
        1055755,
        1062923,
        1063947,
        2104331,
        2111499,
        2112523,
        3152907,
        3160075,
        3161099,
        5262347
    ],
    "BlockIds": [
        2966,
        2966,
        2966,
        2966,
        2966,
        2966,
        2966,
        2966,
        2966,
        2966,
        2966,
        2966,
        2966,
        2966,
        2966,
        2966,
        2966,
        2966,
        2966,
        2966,
        2966,
        2966,
        2966,
        2966,
        2966,
        2966,
        2966,
        2966,
        2966,
        2966,
        2966,
        2966,
        2966,
        2852,
        5107,
        5107,
        5107,
        2966,
        2966,
        2852,
        5107,
        5107,
        2966,
        2776,
        2966,
        2966,
        2966,
        2966,
        2966,
        2966,
        2966,
        2966,
        2966,
        2966,
        2966,
        2966,
        2966,
        2966,
        2966,
        2966,
        2966,
        2966,
        2966,
        2966,
        2966,
        2966,
        2966,
        2966,
        2966,
        2966,
        2966,
        2966,
        2966,
        2966,
        2966,
        2966,
        2966,
        2966,
        2966,
        2966,
        2966,
        2966,
        2966,
        2966,
        2966,
        2966,
        9698,
        5107,
        5107,
        5107,
        5107,
        4154,
        2966,
        4154,
        4154,
        2966,
        5107,
        5107,
        9698,
        5107,
        2852,
        5107,
        2966,
        2852,
        2966,
        2966,
        9698,
        9698,
        9698,
        2966,
        2966,
        2966,
        2966,
        2966,
        2966,
        2966,
        2966,
        2966,
        2966,
        2966,
        2966,
        2966,
        2966,
        2966,
        2966,
        2966,
        2966,
        2966,
        2966,
        2966,
        2966,
        2966,
        2966,
        2966,
        2966,
        2966,
        2966,
        2966,
        2966,
        2966,
        2966,
        2966,
        2966,
        2966,
        2966,
        2966,
        2966,
        2966,
        2966,
        2966,
        2966,
        2966,
        2966,
        2966,
        2966,
        2966,
        2966,
        2966,
        2966,
        2966,
        2966,
        2966,
        2966,
        2966,
        2966,
        2966,
        2966,
        2966,
        2966,
        2966,
        2966,
        2966,
        5107,
        9493,
        4154,
        9493,
        9493,
        2966,
        4154,
        2966,
        2966,
        4154,
        9493,
        4154,
        9493,
        9493,
        9493,
        2966,
        9493,
        2966,
        2966,
        2966,
        5107,
        9493,
        4154,
        2852,
        9493,
        2852,
        2966,
        2852,
        2966,
        2852,
        9493,
        9493,
        4154,
        2852,
        4154,
        2852,
        4154,
        9493,
        9493,
        9493,
        2966,
        2966,
        9493,
        9493,
        2966,
        4154,
        9493,
        9493,
        4154,
        2966,
        4154,
        4154,
        2966,
        9493,
        2966,
        4154,
        4154,
        2966,
        5122,
        16414,
        2966,
        4154,
        2966,
        9493,
        4154,
        2966,
        9493,
        4154,
        2966,
        9493,
        2966,
        4154,
        2966,
        5122,
        5122,
        9493,
        2966,
        2966,
        4154,
        2966,
        2966,
        9493,
        4154,
        9493,
        4154,
        2966,
        2852,
        2852,
        9493,
        2966,
        2966,
        4154,
        2966,
        4154,
        9493,
        9493,
        2966,
        16414,
        9493,
        2966,
        4154,
        2966,
        3023,
        5122,
        3023,
        2966,
        2966,
        2966,
        2966,
        7277,
        7277,
        2966,
        2966,
        2966,
        7277,
        7277,
        7277,
        2966,
        2966,
        7277,
        7277,
        2966,
        7277,
        7277,
        2966,
        2966,
        2966,
        2966,
        2966,
        2966,
        2966,
        7277,
        7277,
        2966,
        2966,
        2966,
        7277,
        7277,
        7277,
        2966,
        2966,
        7277,
        7277,
        2966,
        7277,
        7277,
        2966,
        2966,
        2966,
        2966,
        2966,
        2966,
        2966,
        7277,
        7277,
        2966,
        2966,
        2966,
        7277,
        7277,
        7277,
        2966,
        2966,
        7277,
        7277,
        2966,
        7277,
        7277,
        2966,
        2966,
        2966,
        4154,
        5107,
        5107,
        4154,
        8606,
        5107,
        5107,
        4154,
        5107,
        5107,
        5122,
        2966,
        2966,
        2966,
        2966,
        5107,
        9493,
        2852,
        5122,
        9493,
        5107,
        16414,
        9493,
        5107,
        2852,
        5122,
        4154,
        9493,
        5122,
        4154,
        2966,
        2966,
        7355,
        7355,
        7355,
        4154,
        4154,
        2966,
        2966,
        9493,
        16414,
        5535,
        9493,
        4154,
        2966,
        2966,
        2966,
        2966,
        2966,
        7277,
        2966,
        7277,
        7277,
        2966,
        7290,
        7290,
        7277,
        7277,
        7277,
        2966,
        7277,
        7277,
        2966,
        2966,
        2966,
        2966,
        2966,
        2966,
        2966,
        2966,
        2966,
        7277,
        2966,
        7277,
        7277,
        2966,
        7290,
        7290,
        7277,
        7277,
        7277,
        2966,
        7277,
        7277,
        2966,
        2966,
        2966,
        2966,
        2966,
        2966,
        2966,
        2966,
        2966,
        7277,
        2966,
        7277,
        7277,
        2966,
        7290,
        7290,
        7277,
        7277,
        7277,
        2966,
        7277,
        7277,
        2966,
        2966,
        2966,
        2966,
        2966,
        5107,
        5107,
        9493,
        16414,
        5107,
        5107,
        5107,
        2852,
        9526,
        5107,
        2966,
        9493,
        5107,
        2757,
        4154,
        5107,
        2966,
        16414,
        136,
        2852,
        2852,
        16414,
        2852,
        4154,
        4154,
        4154,
        9493,
        2966,
        7342,
        9493,
        5122,
        5122,
        2966,
        2966,
        4154,
        5122,
        2966,
        2966,
        2966,
        2966,
        2966,
        7290,
        7277,
        7277,
        2966,
        7277,
        7277,
        2966,
        2966,
        2966,
        7277,
        7277,
        2966,
        7277,
        7277,
        2966,
        2966,
        2966,
        2966,
        2966,
        2966,
        2966,
        7290,
        7277,
        7277,
        2966,
        7277,
        7277,
        2966,
        2966,
        2966,
        7277,
        7277,
        2966,
        7277,
        7277,
        2966,
        2966,
        2966,
        2966,
        2966,
        2966,
        2966,
        7290,
        7277,
        7277,
        2966,
        7277,
        7277,
        2966,
        2966,
        2966,
        7277,
        7277,
        2966,
        7277,
        7277,
        2966,
        2966,
        2966,
        5107,
        2966,
        9493,
        2852,
        5107,
        2966,
        4154,
        2966,
        2852,
        16414,
        2966,
        2852,
        16414,
        5122,
        8606,
        4154,
        5107,
        5535,
        2966,
        2852,
        5122,
        5122,
        9493,
        8606,
        2966,
        9493,
        9493,
        8606,
        9493,
        9493,
        8606,
        4154,
        9493,
        4154,
        9493,
        2966,
        4154,
        4154,
        3099,
        2966,
        2966,
        7277,
        7277,
        7277,
        7290,
        7290,
        7277,
        2966,
        7277,
        7277,
        2966,
        2966,
        2966,
        9493,
        2966,
        2966,
        2966,
        2966,
        2966,
        2966,
        7277,
        7277,
        7277,
        7290,
        7290,
        7277,
        2966,
        7277,
        7277,
        2966,
        2966,
        2966,
        9493,
        2966,
        2966,
        2966,
        2966,
        2966,
        2966,
        7277,
        7277,
        7277,
        7290,
        7290,
        7277,
        2966,
        7277,
        7277,
        2966,
        2966,
        2966,
        9493,
        2966,
        2966,
        2966,
        2966,
        2966,
        2966,
        2852,
        4154,
        4154,
        9493,
        5107,
        4154,
        5107,
        2966,
        2966,
        9493,
        2966,
        2852,
        9493,
        2966,
        9493,
        2966,
        16414,
        5107,
        5107,
        5107,
        4154,
        9493,
        2966,
        2966,
        4154,
        9493,
        9493,
        16414,
        9493,
        2966,
        4154,
        9493,
        9493,
        2966,
        4154,
        9698,
        2966,
        2966,
        9493,
        2966,
        9493,
        4154,
        2966,
        2966,
        9698,
        2966,
        2966,
        16414,
        9493,
        9493,
        4154,
        9493,
        4154,
        5122,
        2966,
        5535,
        4154,
        2966,
        4154,
        5535,
        9493,
        2966,
        2966,
        5122,
        3099,
        2966,
        2966,
        2966,
        2966,
        2966,
        2966,
        2966,
        2966,
        2966,
        2966,
        2966,
        2966,
        2966,
        7277,
        2966,
        7277,
        7277,
        2966,
        2966,
        2966,
        2966,
        2966,
        2966,
        2966,
        2966,
        2966,
        2966,
        2966,
        2966,
        2966,
        2966,
        2966,
        7277,
        2966,
        7277,
        7277,
        2966,
        2966,
        2966,
        2966,
        2966,
        2966,
        2966,
        2966,
        2966,
        2966,
        2966,
        2966,
        2966,
        2966,
        2966,
        7277,
        2966,
        7277,
        7277,
        2966,
        2966,
        9698,
        2966,
        4154,
        2966,
        4154,
        4154,
        9493,
        4154,
        2966,
        9493,
        9493,
        2966,
        5107,
        5107,
        5107,
        2966,
        2966,
        2966,
        2985,
        3061,
        9493,
        2985,
        3061,
        2966,
        2985,
        3061,
        4154,
        9493,
        5107,
        5107,
        16414,
        5535,
        9493,
        4154,
        3004,
        3080,
        4154,
        2852,
        9493,
        3004,
        3080,
        2966,
        9493,
        4154,
        4154,
        9493,
        2966,
        5122,
        5122,
        4154,
        9493,
        4154,
        16414,
        4154,
        5122,
        9493,
        4154,
        9698,
        9698,
        9493,
        2966,
        5535,
        2966,
        2966,
        2966,
        2966,
        2966,
        2966,
        2966,
        2966,
        2966,
        2966,
        2966,
        2966,
        7277,
        2966,
        7277,
        7277,
        7277,
        2966,
        2966,
        2966,
        2966,
        2966,
        2966,
        2966,
        2966,
        2966,
        2966,
        2966,
        2966,
        2966,
        2966,
        7277,
        2966,
        7277,
        7277,
        7277,
        2966,
        2966,
        2966,
        2966,
        2966,
        2966,
        2966,
        2966,
        2966,
        2966,
        2966,
        2966,
        2966,
        2966,
        7277,
        2966,
        7277,
        7277,
        7277,
        2966,
        2966,
        2852,
        9493,
        5107,
        9493,
        2966,
        9493,
        2966,
        5107,
        2966,
        2966,
        9493,
        5107,
        2852,
        4154,
        9493,
        5107,
        9493,
        5107,
        16414,
        4154,
        5107,
        2852,
        2852,
        4154,
        5122,
        9493,
        16414,
        2966,
        2966,
        2966,
        2966,
        2966,
        2966,
        2966,
        2966,
        2966,
        2966,
        2966,
        7277,
        7277,
        2966,
        2966,
        7277,
        2966,
        2966,
        2966,
        2966,
        2966,
        2966,
        2966,
        2966,
        2966,
        2966,
        2966,
        2966,
        2966,
        7277,
        7277,
        2966,
        2966,
        7277,
        2966,
        2966,
        2966,
        2966,
        2966,
        2966,
        2966,
        2966,
        2966,
        2966,
        2966,
        2966,
        2966,
        7277,
        7277,
        2966,
        2966,
        7277,
        2966,
        2966,
        5107,
        2966,
        9493,
        5107,
        5107,
        2966,
        5107,
        2966,
        5107,
        4154,
        2966,
        5107,
        5122,
        2966,
        5535,
        9493,
        5535,
        9493,
        9493,
        2966,
        2966,
        2966,
        2966,
        2966,
        2966,
        2966,
        2966,
        2966,
        2966,
        2966,
        2966,
        2966,
        4154,
        2966,
        2966,
        2966,
        2966,
        2966,
        2966,
        2966,
        2966,
        2966,
        2966,
        2966,
        2966,
        2966,
        2966,
        2966,
        2966,
        4154,
        2966,
        2966,
        2966,
        2966,
        2966,
        2966,
        2966,
        2966,
        2966,
        2966,
        2966,
        2966,
        2966,
        2966,
        2966,
        2966,
        4154,
        2966,
        2966,
        2966,
        2966,
        5107,
        5107,
        2966,
        5107,
        2852,
        9493,
        2966,
        2966,
        9493,
        4154,
        4154,
        2966,
        9698,
        9493,
        2852,
        9493,
        9493,
        9493,
        9698,
        9493,
        9493,
        2966,
        2966,
        4154,
        2966,
        9698,
        5122,
        5535,
        9698,
        2966,
        2966,
        2966,
        2966,
        2966,
        2966,
        2966,
        2966,
        2966,
        2852,
        4154,
        2852,
        9698
    ],
    "DecorIndices": [],
    "DecorIds": [],
    "BlockEntities": {
        "3148801": "!<d@[F*Oe3#64c-E,TfCD?'Y:!<d@[F*c<_#64o6@VfsmCI<#NAIrp*E,]`9FCJfiD(T1/ARl&M@V&tbEutAh*=;rZ!!%O6&e>HHs$+75!!%O6*<?-o5T&KR+9MT",
        "3165185": "!<d@[F*Oe3#64c-E,TfCD?'Y:!<d@[F*clo#64o6@VfsmCI<#NAIrp*E,]`9FCJfiD(T1/ARl&M@V&tbF!L_m+pnYd!!%O6*<6(i58\"J9!!%O6'`\\5!5TKh)J3On19-=<:",
        "5249025": "!<d@[F*Oe3#64c-E,TfCDu]k<!<d@[F*cEb#64o6@VfsmCI<#NAIrp*E,]`9FCJfiD(T1/ARl&M@V&tbF&DuF-OL@n!!%O6'`\\5a590_(!'_),%0-BY58=.u!5KWLs8P8\"i_(Br$7?/k%0-BY58=.uJ3P%S!!#4r%h/R?5ee'5s*qd(rr53t(ue12!rr",
        "5253121": "!<d@[F*Oe3#64c-E,TfCDu]k<!<d@[F*cQf#64o6@VfsmCI<#NAIrp*E,]`9FCJfiD(T1/ARl&M@V&tbF*dlo-OL@n!!%O6'`\\5a590_(!'_),%0-BY58=.u!5KWLs8P8\"i_(Br$7?/k%0-BY58=.u5X-7h!!#4r%h8=6J%cX!!._g)r;V8](ue12!t$C_%h/L=J3ObK!.[9S!!!!`&e>EU!!'bK!!%Pa*WQ-]5T&KR+9MT",
        "5259265": "!<d@[F*Oe3#64c-E,TfCDu]k<!<d@[F*ccl#64o6@VfsmCI<#NAIrp*E,]`9FCJfiD(T1/ARl&M@V&tbF*dlo-OL@n!!%O6'`\\5a590_(!'_),%0-BY58=.u!5KWLs8P8\"i_(Br$7?/k%0-BY58=.u5X-7h!.[6G%h8O<s#q.t!._g)!!%Pa(ue12!t$C_%h/L=J3ObK!.[9S!!!!`&e>HMs*m6JrVq@3*<6(i5T&KR+9MT",
        "6300674": "!<d@[F*Oh4#64c-E,TfCE<#t=!<d@[F*cNe#64o6@VfsmCI<#NAJK6(@r$13E+NQ3Ecki#Ch521Eb/ec\"E\\p.AJT</@Ua.b/R`^6Cgh??/SB*4DJ=3(\":&scFCB9&=9&=$!!EUFATMNNDJ*csgCMCj\":&scFCB9&=o\\O&!!rsADes6$@ru9m!!E[MAT2'lE`7'gFCbFP!!!!",
        "9452546": "!<d@[F*Oh4#64c-E,TfCF8u:@!<d@[F*c`k#64o6@VfsmCI<#NAJK6(@r$13E+NQ3Ecki#Ch521Eb/ec\"E\\p.AJT</@Ua.b/R`^6Cgh?@/SB*4DJ=3(\":&scFCB9&=9&=$!!EUFATMNNDJ*csdSp$-\":&scFCB9&=o\\O&!!rsADes6$@ru9m!!E[MAT2'lE`7'gFCbFP!!!!",
        "3149827": "!<d@[F*Ok5#64c-E,TfCD?'Y:!<d@[F*c?`#64o6@VfsmCI<#NAHu^]F`__:EWlSfH#R=#@WGn'Bk;<A\":&scFCB9&=9&=$!!EUFATMNNDJ*csgCMCj\":&scFCB9&=o\\O&!!rsADes6$@ru9m!!E[MAT2'lE`7'gFCbFP!!!!",
        "4209667": "!<d@[F*Ok5#64c-E,TfCDZBb;!<d@[F*c`k#64o6@VfsmCI<#NAJK6(@r$13E+NQ3Ecki#Ch521Eb/ec\"E\\p.AJT</@Ua.b/R`^6Cgh??/SB*4DJ=3(\":&scFCB9&=9&=$!!EUFATMNNDJ*csdSp$-\":&scFCB9&=o\\O&!!rsADes6$@ru9m!!E[MAT2'lE`7'gFCbFP!!!!",
        "8401923": "!<d@[F*Ok5#64c-E,TfCErZ1?!<d@[F*cZi#64o6@VfsmCI<#NAJK6(@r$13E+NQ3Ecki#Ch521Eb/ec\"E\\p.AJT</@Ua.b/R`^6Cgh?@/SB*4DJ=3(\":&scFCB9&=9&=$!!EUFATMNNDJ*csjNEiR\":&scFCB9&=o\\O&!!rsADes6$@ru9m!!E[MAT2'lE`7'gFCbFP!!!!",
        "3149828": "!<d@[F*On6#64c-E,TfCD?'Y:!<d@[F*c?`#64o6@VfsmCI<#NAJK6(@r$13E+NQ3Ecki#Ch521Eb/ec\"E\\p.AJT</@Ua.b/R`^6Cgh??/SB*4DJ=3(\":&scFCB9&=9&=$!!EUFATMNNDJ*csgCMCi\":&scFCB9&=o\\O&!!rsADes6$@ru9m!!E[MAT2'lE`7'gFCbFP!!!!",
        "3159044": "!<d@[F*On6#64c-E,TfCD?'Y:!<d@[F*cZi#64o6@VfsmCI<#NAIi<iDfRFNDes,u/R`:'A-<6[DffE0AQ_o>A,lT0!!rjJE+NouA,loFBl8**Ecai\\DIdQpErZ1",
        "4202500": "!<d@[F*On6#64c-E,TfCDZBb;!<d@[F*cKd#64o6@VfsmCI<#NAJK6(@r$13E+NQ3Ecki#Ch521Eb/ec\"E\\p.AJT</@Ua.b/R`^6Cgh?>/SB*4DJ=3(\":&scFCB9&=9&=$!!EUFATMNNDJ*csjNEiR\":&scFCB9&=o\\O&!!rsADes6$@ru9m!!E[MAT2'lE`7'gFCbFP!!!!",
        "5243908": "!<d@[F*On6#64c-E,TfCDu]k<!<d@[F*c6]#64o6@VfsmCI<#NAJK6(@r$13E+NQ3Ecki#Ch521Eb/ec\"E\\p.AJT</@Ua.b/R`^6Cgh?=/SB*4DJ=3(\":&scFCB9&=9&=$!!EUFATMNNDJ*csgCHk@\":&scFCB9&=o\\O&!!rsADes6$@ru9m!!E[MAT2'lE`7'gFCbFP!!!!",
        "3156997": "!<d@[F*Oq7#64c-E,TfCD?'Y:!<d@[F*cTg#64o6@VfsmCI<#NAJK6(@r$13E+NQ3Ecki#Ch521Eb/ec\"E\\p.AJT</@Ua.b/R`^6Cgh?>/SB*4DJ=3(\":&scFCB9&=9&=$!!EUFATMNNDJ*csdSp$-\":&scFCB9&=o\\O&!!rsADes6$@ru9m!!E[MAT2'lE`7'gFCbFP!!!!",
        "3161093": "!<d@[F*Oq7#64c-E,TfCD?'Y:!<d@[F*c`k#64o6@VfsmCI<#NAJK6(@r$13E+NQ3Ecki#Ch521Eb/ec\"E\\p.AJT</@Ua.b/R`^6Cgh??/SB*4DJ=3(\":&scFCB9&=9&=$!!EUFATMNNDJ*csz\":&scFCB9&=o\\O&!!rsADes6$@ru9m!!E[MAT2'lE`7'gFCbFP!!!!",
        "3164165": "!<d@[F*Oq7#64c-E,TfCD?'Y:!<d@[F*cin#64o6@VfsmCI<#NAHu^]F`__:EWlSfH#R='CggjbATBA2B4YU.\":&scFCB9&=9&=$!!EUFATMNNDJ*csi9`25\":&scFCB9&=o\\O&!!rsADes6$@ru9m!!E[MAT2'lE`7'gFCbFP!!!!",
        "4212741": "!<d@[F*Oq7#64c-E,TfCDZBb;!<d@[F*cin#64o6@VfsmCI<#NAHu^]F`__:EWlSfH#R='CggjbATBA2B4YU.\":&scFCB9&=9&=$!!EUFATMNNDJ*csi9`25\":&scFCB9&=o\\O&!!rsADes6$@ru9m!!E[MAT2'lE`7'gFCbFP!!!!",
        "5261317": "!<d@[F*Oq7#64c-E,TfCDu]k<!<d@[F*cin#64o6@VfsmCI<#NAHu^]F`__:EWlSfH#R='CggjbATBA2B4YU.\":&scFCB9&=9&=$!!EUFATMNNDJ*csi9`25\":&scFCB9&=o\\O&!!rsADes6$@ru9m!!E[MAT2'lE`7'gFCbFP!!!!",
        "6309893": "!<d@[F*Oq7#64c-E,TfCE<#t=!<d@[F*cin#64o6@VfsmCI<#NAHu^]F`__:EWlSfH#R='CggjbATBA2B4YU.\":&scFCB9&=9&=$!!EUFATMNNDJ*csi9`25\":&scFCB9&=o\\O&!!rsADes6$@ru9m!!E[MAT2'lE`7'gFCbFP!!!!",
        "4199430": "!<d@[F*Ot8#64c-E,TfCDZBb;!<d@[F*cBa#64o6@VfsmCI<#NAJK6(@r$13E+NQ3Ecki#Ch521Eb/ec\"E\\p.AJT</@Ua.b/R`^6Cgh?=/SB*4DJ=3(\":&scFCB9&=9&=$!!EUFATMNNDJ*csgCMCi\":&scFCB9&=o\\O&!!rsADes6$@ru9m!!E[MAT2'lE`7'gFCbFP!!!!",
        "5250054": "!<d@[F*Ot8#64c-E,TfCDu]k<!<d@[F*cHc#64o6@VfsmCI<#NAJK6(@r$13E+NQ3Ecki#Ch521Eb/ec\"E\\p.AJT</@Ua.b/R`^6Cgh?=/SB*4DJ=3(\":&scFCB9&=9&=$!!EUFATMNNDJ*csgCHk?\":&scFCB9&=o\\O&!!rsADes6$@ru9m!!E[MAT2'lE`7'gFCbFP!!!!",
        "5263366": "!<d@[F*Ot8#64c-E,TfCDu]k<!<d@[F*cop#64o6@VfsmCI<#NAIrp*E,]`9FCJfiD(T1/ARl&M@V&tbF!L_m+pnYd!!%O6'`\\5a58\"J9!!&BO'`e:7^`<CT5X-+F9-=99",
        "6311942": "!<d@[F*Ot8#64c-E,TfCE<#t=!<d@[F*cop#64o6@VfsmCI<#NAIrp*E,]`9FCJfiD(T1/ARl&M@V&tbF!L_m+pnYd!!%O6'`\\5a58\"J9!!%O6'`\\5!^`>&@]<iF79-=99",
        "7354374": "!<d@[F*Ot8#64c-E,TfCEW?(>!<d@[F*c]j#64o6@VfsmCI<#NAJK6(@r$13E+NQ3Ecki#Ch521Eb/ec\"E\\p.AJT</@Ua.b/R`^6Cgh??/SB*4DJ=3(\":&scFCB9&=9&=$!!EUFATMNNDJ*csjNEiR\":&scFCB9&=o\\O&!!rsADes6$@ru9m!!E[MAT2'lE`7'gFCbFP!!!!",
        "3147783": "!<d@[F*P\"9#64c-E,TfCD?'Y:!<d@[F*c9^#64o6@VfsmCI<#NAIrp*E,]`9FCJfiD(T1/ARl&M@V&tbF%H?=+:8Gb!!%O6*<6(i58\"J9!!&\\-('\":u5TKt-J3On19*usP%h/L=J3ObK!.[6R!!%O6&e>EO!'ida!!%O6*<6()5T&KR!!",
        "4210695": "!<d@[F*P\"9#64c-E,TfCDZBb;!<d@[F*ccl#64o6@VfsmCI<#NAJK6(@r$13E+NQ3Ecki#Ch521Eb/ec\"E\\p.AJT</@Ua.b/R`^6Cgh?=/SB*4DJ=3(\":&scFCB9&=9&=$!!EUFATMNNDJ*csgCMCj\":&scFCB9&=o\\O&!!rsADes6$@ru9m!!E[MAT2'lE`7'gFCbFP!!!!",
        "6310919": "!<d@[F*P\"9#64c-E,TfCE<#t=!<d@[F*clo#64o6@VfsmCI<#NAJK6(@r$13E+NQ3Ecki#Ch521Eb/ec\"E\\p.AJT</@Ua.b/R`^6Cgh?>/SB*4DJ=3(\":&scFCB9&=9&=$!!EUFATMNNDJ*csgCMCj\":&scFCB9&=o\\O&!!rsADes6$@ru9m!!E[MAT2'lE`7'gFCbFP!!!!",
        "7354375": "!<d@[F*P\"9#64c-E,TfCEW?(>!<d@[F*c]j#64o6@VfsmCI<#NAIrp*E,]`9FCJfiD(T1/ARl&M@V&tbF#3k('++^P$4Qt8J3Oc$]fWP;i_(Bq$69HW%0-BY58\"J9s8RR5'e[0]ZQ0#GJA2r\\9-=?;",
        "7359495": "!<d@[F*P\"9#64c-E,TfCEW?(>!<d@[F*clo#64o6@VfsmCI<#NAIrp*E,]`9FCJfiD(T1/ARl&M@V&tbEutAh*=;rj!!%O6&e>H3c&B\"Ej3<Oi*<6)4^_l'(+9;H",
        "4204552": "!<d@[F*P%:#64c-E,TfCDZBb;!<d@[F*cQf#64o6@VfsmCI<#NAJK6(@r$13E+NQ3Ecki#Ch521Eb/ec\"E\\p.AJT</@Ua.b/R`^6Cgh?>/SB*4DJ=3(\":&scFCB9&=9&=$!!EUFATMNNDJ*csdSp$-\":&scFCB9&=o\\O&!!rsADes6$@ru9m!!E[MAT2'lE`7'gFCbFP!!!!",
        "6304776": "!<d@[F*P%:#64c-E,TfCE<#t=!<d@[F*cZi#64o6@VfsmCI<#NAJK6(@r$13E+NQ3Ecki#Ch521Eb/ec\"E\\p.AJT</@Ua.b/R`^6Cgh?=/SB*4DJ=3(\":&scFCB9&=9&=$!!EUFATMNNDJ*csjNEiR\":&scFCB9&=o\\O&!!rsADes6$@ru9m!!E[MAT2'lE`7'gFCbFP!!!!",
        "3166218": "!<d@[F*P+<#64c-E,TfCD?'Y:!<d@[F*cop#64o6@VfsmCI<#NAIrp*E,]`9FCJfiD(T1/ARl&M@V&tbEuG#c(^^EU!!%O6&df'J!.[9K!!#8L(ue12!WW",
        "5255178": "!<d@[F*P+<#64c-E,TfCDu]k<!<d@[F*cWh#64o6@VfsmCI<#NAIrp*E,]`9FCJfiD(T1/ARl&M@V&tbF!gqp,mk.l!!%O6'`\\5a590_(J3OYW%0-BY58=.u!5KWQs*m6Mi_'7",
        "6303754": "!<d@[F*P+<#64c-E,TfCE<#t=!<d@[F*cWh#64o6@VfsmCI<#NAIrp*E,]`9FCJfiD(T1/ARl&M@V&tbF!:Sk+:8Gb!!%O6*<6(i58\"J9!!!#7'`e;b590e*J3On19)n",
        "6311946": "!<d@[F*P+<#64c-E,TfCE<#t=!<d@[F*cop#64o6@VfsmCI<#NAIrp*E,]`9FCJfiD(T1/ARl&M@V&tbEutAh*=;rZ!!%O6&e>EO!'n=7rVq@3*A>+<1`54F+9DN",
        "5262347": "!<d@[F*P.=#64c-E,TfCDu]k<!<d@[F*clo#64o6@VfsmCI<#NAIrp*E,]`9FCJfiD(T1/ARl&M@V&tbF!L_m+pnYl!!%O6*<6(i58\"J9M++5I(&S#\\590_(^q^fH9-=68"
    },
    "Entities": [],
    "ReplaceMode": 2,
    "EntranceRotation": -1
}