{
    "GameVersion": "1.19.7",
    "SizeX": 11,
    "SizeY": 13,
    "SizeZ": 20,
    "BlockCodes": {
        "9698": "game:supportbeam-aged",
        "2966": "game:cobblestone-granite",
        "4154": "game:drystone-granite",
        "9493": "game:agedstonebricks-granite",
        "2852": "game:cobblestoneslab-granite-down-free",
        "5122": "game:looseboulders-granite-free",
        "3023": "game:cobblestonestairs-granite-up-east-free",
        "2329": "game:slantedroofing-blueclay-east-free",
        "5535": "game:loosestones-granite-free",
        "16414": "game:rocktyped-rubble-free",
        "7277": "game:planks-aged-ns",
        "8109": "game:chest-east",
        "2319": "game:slantedroofing-blueclay-north-free",
        "5107": "game:gravel-granite",
        "8606": "game:clutter",
        "8610": "game:groundstorage",
        "7355": "game:plankslab-aged-up-free",
        "8379": "game:torch-basic-extinct-north",
        "8386": "game:torch-basic-burnedout-south",
        "7290": "game:planks-aged-ud",
        "7342": "game:plankslab-aged-west-free",
        "9520": "game:door-ruined-rough2",
        "136": "game:multiblock-monolithic-0-p1-0",
        "3118": "game:cobblestonestairs-granite-down-west-free",
        "2833": "game:cobblestoneslab-granite-up-free",
        "3042": "game:cobblestonestairs-granite-down-east-free",
        "3099": "game:cobblestonestairs-granite-up-west-free",
        "2349": "game:slantedroofing-blueclay-west-free",
        "7303": "game:plankslab-aged-north-free",
        "2985": "game:cobblestonestairs-granite-up-north-free",
        "3061": "game:cobblestonestairs-granite-up-south-free",
        "3004": "game:cobblestonestairs-granite-down-north-free",
        "3080": "game:cobblestonestairs-granite-down-south-free"
    },
    "ItemCodes": {
        "275": "game:stackrandomizer-resource",
        "3943": "game:stackrandomizer-alljonas",
        "272": "game:stackrandomizer-seed",
        "279": "game:stackrandomizer-gear",
        "1462": "game:shingle-burned-blue",
        "3641": "game:stackrandomizer-newlore",
        "3640": "game:stackrandomizer-mechanical",
        "3638": "game:stackrandomizer-buildingblocks",
        "3704": "game:stackrandomizer-jonasframes",
        "3814": "game:stackrandomizer-backpack"
    },
    "Indices": [
        3164160,
        5244928,
        5248000,
        5252096,
        5255168,
        5258240,
        2049,
        3073,
        4097,
        5121,
        6145,
        7169,
        8193,
        9217,
        10241,
        11265,
        12289,
        13313,
        14337,
        15361,
        16385,
        17409,
        18433,
        1050625,
        1051649,
        1052673,
        1053697,
        1054721,
        1055745,
        1056769,
        1057793,
        1058817,
        1059841,
        1060865,
        1061889,
        1062913,
        1063937,
        1064961,
        1065985,
        1067009,
        2099201,
        2100225,
        2101249,
        2102273,
        2103297,
        2104321,
        2105345,
        2106369,
        2107393,
        2108417,
        2109441,
        2110465,
        2111489,
        2112513,
        2113537,
        2114561,
        2115585,
        3147777,
        3148801,
        3149825,
        3150849,
        3151873,
        3152897,
        3153921,
        3154945,
        3155969,
        3156993,
        3158017,
        3159041,
        3160065,
        3161089,
        3162113,
        3163137,
        3164161,
        4196353,
        4197377,
        4198401,
        4199425,
        4200449,
        4201473,
        4202497,
        4203521,
        4204545,
        4205569,
        4206593,
        4207617,
        4208641,
        4209665,
        4210689,
        4211713,
        4212737,
        5243905,
        5244929,
        5245953,
        5246977,
        5248001,
        5249025,
        5250049,
        5251073,
        5252097,
        5253121,
        5254145,
        5255169,
        5256193,
        5257217,
        5258241,
        5259265,
        5260289,
        5261313,
        5262337,
        6293505,
        6294529,
        6295553,
        6296577,
        6297601,
        6298625,
        6299649,
        6300673,
        6301697,
        6302721,
        6303745,
        6304769,
        6305793,
        6306817,
        6307841,
        6308865,
        6309889,
        7342081,
        7343105,
        7344129,
        7345153,
        7346177,
        7347201,
        7348225,
        7349249,
        7350273,
        7351297,
        7352321,
        7353345,
        7354369,
        7355393,
        7356417,
        7357441,
        7358465,
        8390657,
        8391681,
        8392705,
        8393729,
        8394753,
        8395777,
        8396801,
        8397825,
        8398849,
        8399873,
        8400897,
        8401921,
        8402945,
        8403969,
        8404993,
        8406017,
        8407041,
        9439233,
        9440257,
        9441281,
        9442305,
        9443329,
        9444353,
        9445377,
        9446401,
        9447425,
        9448449,
        9449473,
        9451521,
        9452545,
        9453569,
        9454593,
        9455617,
        10487809,
        10488833,
        10489857,
        10490881,
        10491905,
        10492929,
        10493953,
        10496001,
        10497025,
        10498049,
        10502145,
        10503169,
        10504193,
        1026,
        2050,
        3074,
        4098,
        5122,
        6146,
        7170,
        8194,
        9218,
        10242,
        11266,
        12290,
        13314,
        14338,
        15362,
        16386,
        17410,
        18434,
        1049602,
        1050626,
        1051650,
        1052674,
        1053698,
        1054722,
        1055746,
        1056770,
        1057794,
        1058818,
        1059842,
        1060866,
        1061890,
        1062914,
        1063938,
        1064962,
        1065986,
        1067010,
        2098178,
        2099202,
        2100226,
        2101250,
        2102274,
        2103298,
        2104322,
        2105346,
        2106370,
        2107394,
        2108418,
        2109442,
        2110466,
        2111490,
        2112514,
        2113538,
        2114562,
        2115586,
        3147778,
        3148802,
        3151874,
        3154946,
        3155970,
        3156994,
        3158018,
        3159042,
        3160066,
        3161090,
        3162114,
        3163138,
        3164162,
        4196354,
        4205570,
        4206594,
        4208642,
        4212738,
        5244930,
        5255170,
        5261314,
        6293506,
        6294530,
        6295554,
        6296578,
        6297602,
        6303746,
        6307842,
        6308866,
        6309890,
        7342082,
        7343106,
        7344130,
        7345154,
        7352322,
        7358466,
        8390658,
        8399874,
        8400898,
        8401922,
        8407042,
        9439234,
        9449474,
        9454594,
        9455618,
        10487810,
        10498050,
        10504194,
        11536386,
        11537410,
        11538434,
        11539458,
        11552770,
        3,
        1027,
        2051,
        3075,
        4099,
        5123,
        6147,
        7171,
        8195,
        9219,
        10243,
        11267,
        12291,
        13315,
        14339,
        15363,
        16387,
        17411,
        18435,
        1048579,
        1049603,
        1050627,
        1051651,
        1052675,
        1053699,
        1054723,
        1055747,
        1056771,
        1057795,
        1058819,
        1059843,
        1060867,
        1061891,
        1062915,
        1063939,
        1064963,
        1065987,
        1067011,
        2097155,
        2098179,
        2099203,
        2100227,
        2101251,
        2102275,
        2103299,
        2104323,
        2105347,
        2106371,
        2107395,
        2108419,
        2109443,
        2110467,
        2111491,
        2112515,
        2113539,
        2114563,
        2115587,
        3147779,
        3151875,
        3153923,
        3154947,
        3155971,
        3156995,
        3158019,
        3159043,
        3160067,
        3161091,
        3163139,
        3164163,
        4196355,
        4205571,
        4207619,
        4208643,
        4212739,
        5244931,
        5255171,
        5256195,
        5261315,
        6293507,
        6294531,
        6295555,
        6296579,
        6303747,
        6308867,
        6309891,
        7342083,
        7352323,
        7358467,
        8390659,
        8400899,
        8407043,
        9439235,
        9449475,
        9453571,
        9454595,
        9455619,
        10487811,
        10503171,
        10504195,
        11536387,
        11552771,
        12584963,
        12585987,
        12601347,
        4,
        1028,
        2052,
        3076,
        4100,
        5124,
        6148,
        7172,
        8196,
        9220,
        10244,
        11268,
        12292,
        13316,
        14340,
        15364,
        16388,
        17412,
        18436,
        1048580,
        1049604,
        1050628,
        1051652,
        1052676,
        1053700,
        1054724,
        1055748,
        1056772,
        1057796,
        1058820,
        1059844,
        1060868,
        1061892,
        1062916,
        1063940,
        1064964,
        1065988,
        1067012,
        2097156,
        2098180,
        2099204,
        2100228,
        2101252,
        2102276,
        2103300,
        2104324,
        2105348,
        2106372,
        2107396,
        2108420,
        2109444,
        2110468,
        2111492,
        2112516,
        2113540,
        2114564,
        2115588,
        3145732,
        3147780,
        3149828,
        3152900,
        3153924,
        3154948,
        3155972,
        3156996,
        3158020,
        3159044,
        3160068,
        3161092,
        3162116,
        3163140,
        3164164,
        4196356,
        4203524,
        4204548,
        4205572,
        4206596,
        4207620,
        4208644,
        4209668,
        4211716,
        4212740,
        5244932,
        5253124,
        5255172,
        5256196,
        5260292,
        5261316,
        6293508,
        6294532,
        6303748,
        6308868,
        6309892,
        7342084,
        7343108,
        7352324,
        7358468,
        8390660,
        8407044,
        9439236,
        9454596,
        9455620,
        10487812,
        10504196,
        11536388,
        11552772,
        12584964,
        12585988,
        5,
        1029,
        2053,
        3077,
        4101,
        5125,
        6149,
        7173,
        8197,
        9221,
        10245,
        11269,
        12293,
        13317,
        14341,
        15365,
        16389,
        17413,
        18437,
        1048581,
        1049605,
        1050629,
        1051653,
        1052677,
        1053701,
        1054725,
        1055749,
        1056773,
        1057797,
        1058821,
        1059845,
        1060869,
        1061893,
        1062917,
        1063941,
        1064965,
        1065989,
        1067013,
        2097157,
        2098181,
        2099205,
        2100229,
        2101253,
        2102277,
        2103301,
        2104325,
        2105349,
        2106373,
        2107397,
        2108421,
        2109445,
        2110469,
        2111493,
        2112517,
        2113541,
        2114565,
        2115589,
        3146757,
        3147781,
        3148805,
        3150853,
        3151877,
        3152901,
        3153925,
        3154949,
        3155973,
        3156997,
        3158021,
        3159045,
        3160069,
        3161093,
        3162117,
        3163141,
        3164165,
        4195333,
        4196357,
        4202501,
        4203525,
        4204549,
        4205573,
        4207621,
        4208645,
        4209669,
        4210693,
        4211717,
        4212741,
        5244933,
        5253125,
        5254149,
        5255173,
        5256197,
        5257221,
        5258245,
        5259269,
        5260293,
        5261317,
        6293509,
        6294533,
        6297605,
        6298629,
        6301701,
        6302725,
        6305797,
        6306821,
        6307845,
        6308869,
        6309893,
        7342085,
        7347205,
        7355397,
        7356421,
        7357445,
        7358469,
        8390661,
        8404997,
        8406021,
        8407045,
        9439237,
        9453573,
        9454597,
        9455621,
        10487813,
        10503173,
        10504197,
        11536389,
        11537413,
        11538437,
        11539461,
        6,
        1030,
        2054,
        3078,
        4102,
        5126,
        6150,
        7174,
        8198,
        9222,
        10246,
        11270,
        12294,
        13318,
        14342,
        15366,
        16390,
        17414,
        18438,
        19462,
        1048582,
        1049606,
        1050630,
        1051654,
        1052678,
        1053702,
        1054726,
        1055750,
        1056774,
        1057798,
        1058822,
        1059846,
        1060870,
        1061894,
        1062918,
        1063942,
        1064966,
        1065990,
        1067014,
        1068038,
        2097158,
        2098182,
        2099206,
        2100230,
        2101254,
        2102278,
        2103302,
        2104326,
        2105350,
        2106374,
        2107398,
        2108422,
        2109446,
        2110470,
        2111494,
        2112518,
        2113542,
        2114566,
        2115590,
        2116614,
        3145734,
        3146758,
        3147782,
        3148806,
        3149830,
        3150854,
        3151878,
        3152902,
        3153926,
        3154950,
        3155974,
        3156998,
        3158022,
        3159046,
        3160070,
        3161094,
        3162118,
        3163142,
        3164166,
        4194310,
        4195334,
        4196358,
        4197382,
        4198406,
        4199430,
        4200454,
        4201478,
        4202502,
        4203526,
        4204550,
        4205574,
        4206598,
        4207622,
        4208646,
        4212742,
        5243910,
        5244934,
        5245958,
        5246982,
        5248006,
        5249030,
        5250054,
        5251078,
        5252102,
        5253126,
        5254150,
        5261318,
        6293510,
        6294534,
        6295558,
        6296582,
        6297606,
        6298630,
        6300678,
        6302726,
        6309894,
        7342086,
        7343110,
        7344134,
        7345158,
        7346182,
        7347206,
        8390662,
        8391686,
        8394758,
        8395782,
        9439238,
        9440262,
        9441286,
        9442310,
        9443334,
        10487814,
        10488838,
        10489862,
        10490886,
        7,
        1031,
        2055,
        3079,
        4103,
        5127,
        6151,
        7175,
        8199,
        9223,
        10247,
        11271,
        12295,
        13319,
        14343,
        15367,
        16391,
        17415,
        18439,
        19463,
        1048583,
        1049607,
        1050631,
        1051655,
        1052679,
        1053703,
        1054727,
        1055751,
        1056775,
        1057799,
        1058823,
        1059847,
        1060871,
        1061895,
        1062919,
        1063943,
        1064967,
        1065991,
        1067015,
        1068039,
        2097159,
        2098183,
        2099207,
        2100231,
        2101255,
        2102279,
        2103303,
        2104327,
        2105351,
        2106375,
        2107399,
        2108423,
        2109447,
        2110471,
        2111495,
        2112519,
        2113543,
        2114567,
        2115591,
        2116615,
        3146759,
        3147783,
        3148807,
        3149831,
        3150855,
        3151879,
        3152903,
        3153927,
        3154951,
        3155975,
        3156999,
        3158023,
        3159047,
        3160071,
        3161095,
        3164167,
        4197383,
        4201479,
        4203527,
        4204551,
        4205575,
        4206599,
        4208647,
        4209671,
        4212743,
        5244935,
        5245959,
        5248007,
        5253127,
        5254151,
        5255175,
        5261319,
        6293511,
        8,
        1032,
        2056,
        3080,
        4104,
        5128,
        6152,
        7176,
        8200,
        9224,
        10248,
        11272,
        12296,
        13320,
        14344,
        15368,
        16392,
        17416,
        18440,
        19464,
        1048584,
        1049608,
        1050632,
        1051656,
        1052680,
        1053704,
        1054728,
        1055752,
        1056776,
        1057800,
        1058824,
        1059848,
        1060872,
        1061896,
        1062920,
        1063944,
        1064968,
        1065992,
        1067016,
        1068040,
        2097160,
        2098184,
        2099208,
        2100232,
        2101256,
        2102280,
        2103304,
        2104328,
        2105352,
        2106376,
        2107400,
        2108424,
        2109448,
        2110472,
        2111496,
        2112520,
        2113544,
        2114568,
        2115592,
        2116616,
        3145736,
        3146760,
        3147784,
        3148808,
        3149832,
        3151880,
        3152904,
        3153928,
        3154952,
        3155976,
        3157000,
        3158024,
        3159048,
        3160072,
        3163144,
        3164168,
        3165192,
        4195336,
        4196360,
        4197384,
        4198408,
        4203528,
        4204552,
        4205576,
        4207624,
        4208648,
        4212744,
        4213768,
        5261320,
        9,
        1033,
        2057,
        3081,
        4105,
        5129,
        6153,
        7177,
        8201,
        9225,
        10249,
        11273,
        12297,
        13321,
        14345,
        15369,
        16393,
        17417,
        18441,
        19465,
        1048585,
        1049609,
        1050633,
        1051657,
        1052681,
        1053705,
        1054729,
        1055753,
        1056777,
        1057801,
        1058825,
        1059849,
        1060873,
        1061897,
        1062921,
        1063945,
        1064969,
        1065993,
        1067017,
        1068041,
        2097161,
        2098185,
        2099209,
        2100233,
        2101257,
        2102281,
        2103305,
        2104329,
        2105353,
        2106377,
        2107401,
        2108425,
        2109449,
        2110473,
        2111497,
        2112521,
        2113545,
        2114569,
        2115593,
        2116617,
        3146761,
        3147785,
        3148809,
        3150857,
        3152905,
        3153929,
        3154953,
        3155977,
        3157001,
        3158025,
        3159049,
        3160073,
        3161097,
        3162121,
        3163145,
        3164169,
        3165193,
        4203529,
        4205577,
        4206601,
        4211721,
        4212745,
        5252105,
        1034,
        9226,
        10250,
        11274,
        12298,
        13322,
        14346,
        15370,
        16394,
        1049610,
        1057802,
        1058826,
        1059850,
        1060874,
        1061898,
        1062922,
        1063946,
        1064970,
        2098186,
        2106378,
        2107402,
        2108426,
        2110474,
        2111498,
        2112522,
        2113546,
        3146762,
        3154954,
        3155978,
        3157002,
        3158026,
        3159050,
        3160074,
        3161098,
        3162122,
        4206602
    ],
    "BlockIds": [
        9698,
        9698,
        9698,
        9698,
        9698,
        9698,
        2966,
        2966,
        2966,
        2966,
        2966,
        2966,
        2966,
        2966,
        2966,
        2966,
        2966,
        2966,
        2966,
        2966,
        2966,
        2966,
        2966,
        2966,
        2966,
        2966,
        2966,
        2966,
        2966,
        2966,
        2966,
        2966,
        2966,
        2966,
        2966,
        2966,
        2966,
        2966,
        2966,
        2966,
        2966,
        2966,
        2966,
        2966,
        2966,
        2966,
        2966,
        2966,
        2966,
        2966,
        2966,
        2966,
        2966,
        2966,
        2966,
        2966,
        2966,
        4154,
        9493,
        9493,
        2966,
        4154,
        2966,
        2966,
        4154,
        9493,
        4154,
        9493,
        9493,
        9493,
        2966,
        9493,
        2966,
        2966,
        9493,
        4154,
        2852,
        9493,
        2852,
        9493,
        2852,
        2966,
        2852,
        9493,
        9493,
        4154,
        2852,
        4154,
        2852,
        4154,
        9493,
        9698,
        9493,
        9493,
        2966,
        2966,
        9493,
        9493,
        9493,
        2966,
        4154,
        9493,
        9493,
        4154,
        2966,
        4154,
        4154,
        2966,
        9493,
        9698,
        2966,
        4154,
        4154,
        2966,
        4154,
        9493,
        4154,
        2966,
        4154,
        2966,
        9493,
        4154,
        2966,
        9493,
        4154,
        2966,
        9493,
        2966,
        4154,
        2966,
        4154,
        9493,
        2966,
        9493,
        2966,
        9493,
        2966,
        2966,
        4154,
        2966,
        2966,
        9493,
        4154,
        9493,
        4154,
        2966,
        2852,
        9493,
        2852,
        2966,
        2852,
        9493,
        2852,
        2966,
        9493,
        2966,
        2966,
        4154,
        2966,
        4154,
        9493,
        9493,
        2966,
        4154,
        2966,
        9493,
        4154,
        2966,
        4154,
        2966,
        9493,
        9493,
        5122,
        9493,
        2966,
        4154,
        2966,
        3023,
        2329,
        2329,
        2329,
        2329,
        2329,
        2329,
        5122,
        5535,
        3023,
        16414,
        5122,
        3023,
        2966,
        2966,
        7277,
        7277,
        2966,
        2966,
        2966,
        7277,
        7277,
        7277,
        2966,
        2966,
        7277,
        7277,
        2966,
        7277,
        7277,
        2966,
        2966,
        2966,
        7277,
        7277,
        2966,
        2966,
        2966,
        7277,
        7277,
        7277,
        2966,
        2966,
        7277,
        7277,
        2966,
        7277,
        7277,
        2966,
        2966,
        2966,
        7277,
        7277,
        2966,
        2966,
        2966,
        7277,
        7277,
        7277,
        2966,
        2966,
        7277,
        7277,
        2966,
        7277,
        7277,
        2966,
        4154,
        8109,
        2319,
        5122,
        2966,
        5107,
        4154,
        5107,
        2966,
        2852,
        5122,
        8606,
        2966,
        9493,
        8610,
        9493,
        16414,
        9493,
        4154,
        9493,
        4154,
        2966,
        7355,
        7355,
        7355,
        7355,
        2966,
        7355,
        7355,
        4154,
        4154,
        8606,
        2319,
        8109,
        2966,
        2966,
        9493,
        8379,
        4154,
        8386,
        9493,
        9493,
        2966,
        7355,
        2966,
        4154,
        5122,
        9493,
        3023,
        2329,
        2329,
        2329,
        3023,
        2966,
        2966,
        2966,
        2966,
        7277,
        2966,
        7277,
        7277,
        2966,
        7290,
        7290,
        7277,
        7277,
        7277,
        2966,
        7277,
        7277,
        2966,
        2966,
        2966,
        2966,
        2966,
        2966,
        7277,
        2966,
        7277,
        7277,
        2966,
        7290,
        7290,
        7277,
        7277,
        7277,
        2966,
        7277,
        7277,
        2966,
        2966,
        2966,
        2966,
        2966,
        2966,
        7277,
        2966,
        7277,
        7277,
        2966,
        7290,
        7290,
        7277,
        7277,
        7277,
        2966,
        7277,
        7277,
        2966,
        2966,
        9493,
        5122,
        8610,
        5107,
        5107,
        5107,
        5107,
        5107,
        5107,
        5107,
        8606,
        9493,
        2966,
        16414,
        2966,
        2966,
        2852,
        4154,
        4154,
        16414,
        4154,
        9493,
        7355,
        7355,
        7342,
        2966,
        7342,
        9493,
        9493,
        9520,
        2966,
        4154,
        136,
        2966,
        2966,
        2852,
        7355,
        7355,
        4154,
        2966,
        8109,
        9493,
        3118,
        2833,
        3023,
        2329,
        2852,
        2966,
        2966,
        2966,
        2966,
        7290,
        7277,
        7277,
        2966,
        7277,
        7277,
        2966,
        2966,
        2966,
        7277,
        7277,
        2966,
        7277,
        7277,
        2966,
        2966,
        2966,
        2966,
        2966,
        7290,
        7277,
        7277,
        2966,
        7277,
        7277,
        2966,
        2966,
        2966,
        7277,
        7277,
        2966,
        7277,
        7277,
        2966,
        2966,
        2966,
        2966,
        2966,
        7290,
        7277,
        7277,
        2966,
        7277,
        7277,
        2966,
        2966,
        2966,
        7277,
        7277,
        2966,
        7277,
        7277,
        2966,
        5107,
        9493,
        2319,
        8610,
        5107,
        2966,
        2966,
        2966,
        2966,
        5107,
        5107,
        5107,
        2852,
        8606,
        4154,
        2966,
        8610,
        2966,
        5107,
        9493,
        5107,
        2966,
        5122,
        8606,
        2966,
        9493,
        5122,
        9493,
        2852,
        8606,
        9493,
        4154,
        7355,
        9493,
        8606,
        4154,
        2966,
        8606,
        2852,
        4154,
        2966,
        2966,
        2966,
        7355,
        4154,
        4154,
        4154,
        3042,
        3099,
        3099,
        2349,
        2966,
        2966,
        2966,
        7277,
        7277,
        7277,
        7290,
        7290,
        7277,
        2966,
        7277,
        7277,
        2966,
        2966,
        2966,
        9493,
        2966,
        2966,
        2966,
        2966,
        2966,
        2966,
        7277,
        7277,
        7277,
        7290,
        7290,
        7277,
        2966,
        7277,
        7277,
        2966,
        2966,
        2966,
        9493,
        2966,
        2966,
        2966,
        2966,
        2966,
        2966,
        7277,
        7277,
        7277,
        7290,
        7290,
        7277,
        2966,
        7277,
        7277,
        2966,
        2966,
        2966,
        9493,
        2966,
        2966,
        2966,
        5107,
        2966,
        8606,
        16414,
        2329,
        5107,
        2966,
        2966,
        2966,
        2966,
        2966,
        9493,
        2966,
        5107,
        9493,
        2966,
        9493,
        5122,
        2966,
        16414,
        5107,
        2966,
        2966,
        9493,
        2966,
        5107,
        2966,
        4154,
        9493,
        9493,
        5107,
        5107,
        9493,
        2966,
        4154,
        9493,
        9493,
        2966,
        4154,
        2966,
        7303,
        7355,
        7355,
        5535,
        2329,
        16414,
        9493,
        4154,
        2966,
        2966,
        2966,
        2319,
        9493,
        4154,
        9493,
        4154,
        2966,
        4154,
        2966,
        4154,
        9493,
        5535,
        2966,
        2966,
        9493,
        5122,
        3099,
        3099,
        2349,
        2349,
        2349,
        2966,
        2966,
        2966,
        2966,
        2966,
        2966,
        2966,
        2966,
        2966,
        2966,
        2966,
        2966,
        2966,
        2966,
        2966,
        2966,
        7277,
        7277,
        2966,
        2966,
        2966,
        2966,
        2966,
        2966,
        2966,
        2966,
        2966,
        2966,
        2966,
        2966,
        2966,
        2966,
        2966,
        2966,
        2966,
        2966,
        7277,
        7277,
        2966,
        2966,
        2966,
        2966,
        2966,
        2966,
        2966,
        2966,
        2966,
        2966,
        2966,
        2966,
        2966,
        2966,
        2966,
        2966,
        2966,
        2966,
        7277,
        7277,
        2966,
        2966,
        9493,
        5107,
        2966,
        4154,
        2966,
        4154,
        4154,
        9493,
        4154,
        2966,
        9493,
        9493,
        2966,
        5107,
        5107,
        5107,
        5107,
        8606,
        2966,
        16414,
        5107,
        2966,
        2985,
        3061,
        9493,
        2985,
        3061,
        2966,
        2985,
        3061,
        4154,
        9493,
        2966,
        5107,
        9493,
        9698,
        9493,
        3004,
        3080,
        4154,
        3004,
        3080,
        9493,
        3004,
        5107,
        2966,
        4154,
        9493,
        2966,
        4154,
        9493,
        4154,
        2966,
        16414,
        5535,
        5122,
        4154,
        2966,
        2852,
        2852,
        9493,
        2966,
        9493,
        2966,
        9493,
        5122,
        4154,
        9493,
        3004,
        3080,
        2319,
        3099,
        2349,
        2349,
        16414,
        2966,
        2966,
        2966,
        2966,
        2966,
        2966,
        2966,
        2966,
        2966,
        2966,
        2966,
        2966,
        2966,
        7277,
        2966,
        7277,
        7277,
        7277,
        2966,
        2966,
        2966,
        2966,
        2966,
        2966,
        2966,
        2966,
        2966,
        2966,
        2966,
        2966,
        2966,
        2966,
        2966,
        7277,
        2966,
        7277,
        7277,
        7277,
        2966,
        2966,
        2966,
        2966,
        2966,
        2966,
        2966,
        2966,
        2966,
        2966,
        2966,
        2966,
        2966,
        2966,
        2966,
        7277,
        2966,
        7277,
        7277,
        7277,
        2966,
        2966,
        4154,
        5107,
        5107,
        5107,
        9698,
        5107,
        5107,
        5107,
        2966,
        5107,
        5107,
        2966,
        5107,
        5107,
        5107,
        4154,
        5107,
        2349,
        9493,
        2966,
        2966,
        2966,
        5107,
        2966,
        2852,
        9698,
        5122,
        9698,
        16414,
        2966,
        2966,
        9493,
        9698,
        2966,
        2966,
        2966,
        2966,
        2966,
        2966,
        2966,
        2966,
        2966,
        2966,
        2966,
        2966,
        2966,
        7277,
        7277,
        2966,
        2966,
        7277,
        2966,
        2966,
        2966,
        2966,
        2966,
        2966,
        2966,
        2966,
        2966,
        2966,
        2966,
        2966,
        2966,
        2966,
        2966,
        7277,
        7277,
        2966,
        2966,
        7277,
        2966,
        2966,
        2966,
        2966,
        2966,
        2966,
        2966,
        2966,
        2966,
        2966,
        2966,
        2966,
        2966,
        2966,
        2966,
        7277,
        7277,
        2966,
        2966,
        7277,
        2966,
        2966,
        2852,
        9493,
        5107,
        9493,
        5107,
        8606,
        4154,
        5107,
        2966,
        5107,
        4154,
        2966,
        9493,
        4154,
        16414,
        2966,
        5107,
        9698,
        4154,
        2319,
        16414,
        2966,
        5107,
        5107,
        16414,
        2852,
        4154,
        16414,
        5122,
        2966,
        2966,
        2966,
        2966,
        2966,
        2966,
        2966,
        2966,
        2966,
        2966,
        2966,
        2966,
        2966,
        2966,
        2966,
        2966,
        4154,
        2966,
        2966,
        2966,
        2966,
        2966,
        2966,
        2966,
        2966,
        2966,
        2966,
        2966,
        2966,
        2966,
        2966,
        2966,
        2966,
        2966,
        2966,
        2966,
        4154,
        2966,
        2966,
        2966,
        2966,
        2966,
        2966,
        2966,
        2966,
        2966,
        2966,
        2966,
        2966,
        2966,
        2966,
        2966,
        2966,
        2966,
        2966,
        2966,
        4154,
        2966,
        2966,
        2966,
        5107,
        5107,
        2852,
        2852,
        5107,
        5107,
        5107,
        5107,
        5107,
        2966,
        2966,
        5107,
        4154,
        8606,
        4154,
        2852,
        5107,
        2966,
        9493,
        9493,
        16414,
        9493,
        16414,
        2966,
        2966,
        2966,
        2966,
        2966,
        2966,
        2966,
        2966,
        2966,
        2966,
        2966,
        2966,
        2966,
        2966,
        2966,
        2966,
        2966,
        2966,
        2966,
        2966,
        2966,
        2966,
        2966,
        2966,
        2966,
        2966,
        2852,
        5107,
        5107,
        5107,
        9698,
        5107,
        2852,
        5107,
        2852,
        9698
    ],
    "DecorIndices": [],
    "DecorIds": [],
    "BlockEntities": {
        "3164160": "!<d@[F*Nkn#64c-E,TfCD?'Y:!<d@[F*clo#64o6@VfsmCI<#NAIrp*E,]`9FCJfiD(T1/ARl&M@V&tbF!L_m+pnYd!!%O6*<6(i58\"J9!!%O6'`\\5!5TKh)J3On19-=<:",
        "5244928": "!<d@[F*Nkn#64c-E,TfCDu]k<!<d@[F*c<_#64o6@VfsmCI<#NAIrp*E,]`9FCJfiD(T1/ARl&M@V&tbF!L_m+pnYd!!%O6'`\\5a58\"J9o`'D*(%hNU590_(Ld;m;9-=<:",
        "5248000": "!<d@[F*Nkn#64c-E,TfCDu]k<!<d@[F*cEb#64o6@VfsmCI<#NAIrp*E,]`9FCJfiD(T1/ARl&M@V&tbF\"%(r-OL@n!!%O6'`\\5a590_(!'_),%0-BY58=.u!5KWLs8P8\"i_(Br!!",
        "5252096": "!<d@[F*Nkn#64c-E,TfCDu]k<!<d@[F*cQf#64o6@VfsmCI<#NAIrp*E,]`9FCJfiD(T1/ARl&M@V&tbF\"%(r-OL@n!!%O6'`\\5a590_(!'_),%0-BY58=.u!5KWLs8P8\"i_(Br!!",
        "5255168": "!<d@[F*Nkn#64c-E,TfCDu]k<!<d@[F*cZi#64o6@VfsmCI<#NAIrp*E,]`9FCJfiD(T1/ARl&M@V&tbF\"%(r-OL@n!!%O6'`\\5a590_(!'_),%0-BY58=.u!5KWLs8P8\"i_(Br!!",
        "5258240": "!<d@[F*Nkn#64c-E,TfCDu]k<!<d@[F*ccl#64o6@VfsmCI<#NAIrp*E,]`9FCJfiD(T1/ARl&M@V&tbF\"%(r-OL@n!!%O6'`\\5a590_(!'_),%0-BY58=.u!5KWLs8P8\"i_(Br!!",
        "5243905": "!<d@[F*Nno#64c-E,TfCDu]k<!<d@[F*c9^#64o6@VfsmCI<#NAIrp*E,]`9FCJfiD(T1/ARl&M@V&tbF$p!8+:8Gj!!%O6*<6(i58\"J9jb-AW'`\\46^`E@QIm4e09*udK$5EO@5X-7h!.[9H%h/O>&3q!0s8ThS#QTCh(ue0g",
        "5262337": "!<d@[F*Nno#64c-E,TfCDu]k<!<d@[F*cop#64o6@VfsmCI<#NAIrp*E,]`9FCJfiD(T1/ARl&M@V&tbEutAh*=;rb!!%O6&e>EO!8'OOr;Zf3*Us+/4rE9P+9DN",
        "10502145": "!<d@[F*Nno#64c-E,TfCFT;CA!<d@[F*cfm#64o6@VfsmCI<#NAJK6(@r$13E+NQ3Ecki#Ch521Eb/ec\"E\\p.AJT</@Ua.b/R`^6Cgh?@/SB*4DJ=3(\":&scFCB9&=9&=$!!EUFATMNNDJ*csdSp$-\":&scFCB9&=o\\O&!!rsADes6$@ru9m!!E[MAT2'lE`7'gFCbFP!!!!",
        "3148802": "!<d@[F*Nqp#64c-E,TfCD?'Y:!<d@[F*c?`#64o6@VfsmCI<#NAI;p\\ATMrFARTY%\"po!]G%GQ5DfU+(#'\"^#Dfg%+!!!!'\"`nKuFE7Zf0E;+R!!!Z5!!!$\"!!!-0FDl80CdVlEDI[8&bY12##6?OZ!<<*\"B+FtB!<<*\"!!`N[!!*'\"!##A5!!*'\"!!E[ODffE(6YKnG@qEp/9KiF]!Aa]V!!!!4!<<*#z#6?X]!<<*\"'*/(5!<<*\"!!`N^!!*'\"!\"]/2!!*'\"!!E[ODffE(6YKnG@qEp/9KiF]!B'oY!!!!4!<<*#!!!!%$Zp</@;J;E@;]Rdc-/jF!!`N`!!*'\"!#GY9!!*'\"!!E[ODffE(6YKnG@qERNW'11]!!NdCDfS0\\De!QMDe*Dd@q]FpF=h'4F*%QgFEqh:$=e!jCgh:(ARmLu$#O6pBL-NKCh;?3aZ]\\",
        "3163138": "!<d@[F*Nqp#64c-E,TfCD?'Y:!<d@[F*cin#64o6@VfsmCI<#NAHu^]F`__:EWlSfH#R=(@q]:bE\\2<SBl7Km1B[r'DffE0AQSp4!!!-.D.Rd%6#L=OA`2r/5Qh=4DffE0AQf'6!!!<3@rH1\"ARfgnA,l`?Eb02uBl[-o@<?&\\z",
        "4205570": "!<d@[F*Nqp#64c-E,TfCDZBb;!<d@[F*cWh#64o6@VfsmCI<#NAIW9mDfor.F*)>@@:s-U$#+:#ASuU.Ed7ZiEH>r7FE7Qb!!!3,F)5c:EsD_\"!!*'\"!4E%2!##>4!!WgQASlBtEaa'4Eb,=fFCf<.ATD4$F`M%e@<6NjE+EC!A[DL=!<:8C5m.R;ASlBtEaa'4Eb,4Nz!!!<;AoD^\"AQ*\\hEa`Tl:i^JnErZ=LD.Rd%6#L=OA_R_e5QM4#FECr$BLZE?AH2]1!!!",
        "4208642": "!<d@[F*Nqp#64c-E,TfCDZBb;!<d@[F*c`k#64o6@VfsmCI<#NAJK6(@r$13E+NQ3Ecki#Ch521Eb/ec\"E\\p.AJT</@Ua.b/R`^6Cgh?@/SB*4DJ=3(\":&scFCB9&=9&=$!!EUFATMNNDJ*csgCMCj\":&scFCB9&=o\\O&!!rsADes6$@ru9m!!E[MAT2'lE`7'gFCbFP!!!!",
        "7343106": "!<d@[F*Nqp#64c-E,TfCEW?(>!<d@[F*c?`#64o6@VfsmCI<#NAHu^]F`__:EWlSfH#R=#@WGn'Bk;<A\":&scFCB9&=9&=$!!EUFATMNNDJ*csgCHk?\":&scFCB9&=o\\O&!!rsADes6$@ru9m!!E[MAT2'lE`7'gFCbFP!!!!",
        "7345154": "!<d@[F*Nqp#64c-E,TfCEW?(>!<d@[F*cEb#64o6@VfsmCI<#NAI;p\\ATMrFARTY%\"po!]G%GQ5DfU+(#'\"^#Dfg%+!!!!'\"`nKuFE7Zf0E;+R!!!Q2!!!$\"!!!-0FDl80CdVlEDI[8&bY12##6?OZ!<<*\"3=Z#h!<<*\"!!`N[!!*'\"!##A5!!*'\"!!E[ODffE(6YKnG@qEp/9KiF]!Aa]V!!!!4!<<*#!!!!%$Zp</@;J;E@;]Rdc-/jF!!`N]!!*'\"!\"]/2!!*'\"!!E[ODffE(6YKnG@qEp/9KiF]!AsiX!!!!4!<<*#!!!!%$Zp</@;J;E@;]Rdc-/jF!!`N_!!*'\"!\"]/2!!*'\"!!E[ODffE(6YKnG@qEp/9KiF]!B0uZ!!!!Y%KHJ0z!!!02AoD]VCi<g!6Z6LH$=da\\F*'!F@<6Mo\"E\\p.AI;pcCi!O!F(Jl:\":8pVF(djWB5D/6&'7$9",
        "8399874": "!<d@[F*Nqp#64c-E,TfCErZ1?!<d@[F*cWh#64o6@VfsmCI<#NAJoT.Earc7@UX=l@kD8:FD5W&F=hBKEcbss'6J8'DKBN6Bl@l[Dfp)A9P%gXz!!)N'!u,Q[F*'c_ARfLAFB!1#@;J>?H#irc!!#\\)%7's",
        "8401922": "!<d@[F*Nqp#64c-E,TfCErZ1?!<d@[F*c]j#64o6@VfsmCI<#NAK,`0Earc7@UX=l@kD/4Ec,H!Dfp.RF)Q2CBEJoiEa`j,Bln'-DFe\\gEcXocAon\"Qzn@o&>CghC,6YL%@CI*&ADffE(6t(@^z9G%_\"!!",
        "3153923": "!<d@[F*Ntq#64c-E,TfCD?'Y:!<d@[F*cNe#64o6@VfsmCI<#NAIW9mDfor.F*)>@@:s-U$#+:#ASuU.Ed7ZiEH>r7FE7Qb!!!3,F)5c:EsD_\"!!*'\"!4E%2!!`K(!!WgQASlBtEaa'4Eb,=fFCf<.ATD4$F`M%e@<6NjE+EC!A[DL=!<:8C5m.R;ASlBtEaa'4Eb,4Nz!!!<;AoD^\"AQ*\\hEa`Tl:i^JnErZ=LD.Rd%6#L=OA_R_e^]=dNFECr$BLZE?AH2]1!!!",
        "3163139": "!<d@[F*Ntq#64c-E,TfCD?'Y:!<d@[F*cin#64o6@VfsmCI<#NAHu^]F`__:EWlSfH#R=(FCAWpAM%qFBl7Km1'@i&DffE0AQSp4!!!-.D.Rd%6#L=OA_R_e5Qh=4DffE0AQf'6!!!<3@rH1\"ARfgnA,l`?Eb02uBl[-o@<?&\\z",
        "4205571": "!<d@[F*Ntq#64c-E,TfCDZBb;!<d@[F*cWh#64o6@VfsmCI<#NAJK6(@r$13E+NQ3Ecki#Ch521Eb/ec\"E\\p.AJT</@Ua.b/R`^6Cgh?@/SB*4DJ=3(\":&scFCB9&=9&=$!!EUFATMNNDJ*csgCHlk\":&scFCB9&=o\\O&!!rsADes6$@ru9m!!E[MAT2'lE`7'gFCbFP!!!!",
        "5256195": "!<d@[F*Ntq#64c-E,TfCDu]k<!<d@[F*c]j#64o6@VfsmCI<#NAJK6(@r$13E+NQ3Ecki#Ch521Eb/ec\"E\\p.AJT</@Ua.b/R`^6Cgh?@/SB*4DJ=3(\":&scFCB9&=9&=$!!EUFATMNNDJ*csjNEiR\":&scFCB9&=o\\O&!!rsADes6$@ru9m!!E[MAT2'lE`7'gFCbFP!!!!",
        "7352323": "!<d@[F*Ntq#64c-E,TfCEW?(>!<d@[F*cZi#64o6@VfsmCI<#NAJ/NlDfRFMF_P`)A1_h?F_>AC\":B0fFCB9&=]/[=z#mP<eASu'i!!s*KDK]T3F@]hXA8Ggu!!!",
        "10503171": "!<d@[F*Ntq#64c-E,TfCFT;CA!<d@[F*cin#64o6@VfsmCI<#NAI;p\\ATMrFARTY%\"po!]G%GQ5DfU+(#'\"^#Dfg%+!!!!'\"`nKuFE7Zf0E;+R!!\"ne!!!$\"!!!-0FDl80CdVlEDI[5X!!#4`#6?OZ!<<*\"2@]]e!<<*\"\":K<iFCAuQBOPdgAH2]156(oh1&q=T!!\"ne!!!$\"!!!-0FDl80CdVlEDI[5X!!#4`#6?U\\!<<*\"GRa]R!<<*\"!!`N]!!*'\"!##A5!!*'\"!!E[ODffE(6YKnG@qEp/9KiF]!AsiX!!!#]%KHJ0!!!!%$Zp</@;J;E@;]Rd!!%O5!!`N_!!*'\"!##A5!!*'\"!!E[ODffE(6YKnG@qEp/9KiF]!B0uZ!!!!4!<<*#!!!!%$Zp</@;J;E@;]Rdc-/jF!!!!&$taEu6>URMCI<#NAI;p\\ATMrFARTY%\"U&pmE+KAdDes5uE-#T$0a%f\"ATMNNDJ*csgCHlk!!",
        "3152900": "!<d@[F*O\"r#64c-E,TfCD?'Y:!<d@[F*cKd#64o6@VfsmCI<#NAIW9mDfor.F*)>@@:s-U$#+:#ASuU.Ed7ZiEH>r7FE7Qb!!!3,F)5c:EsD_\"!!*'\"!4E%2!#Yb:!!WgQASlBtEaa'4Eb,=fFCf<.ATD4$F`M%e@<6NjE+EC!A[DL=!<:8C5m.R;ASlBtEaa'4Eb,4Nz!!!<;AoD^\"AQ*\\hEa`Tl:i^JnErZ=LD.Rd%6#L=OA_R_e^]=dNFECr$BLZE?AH2]1!!!",
        "3163140": "!<d@[F*O\"r#64c-E,TfCD?'Y:!<d@[F*cin#64o6@VfsmCI<#NAHu^]F`__:EWlSfH#R='CggjbATBA2B4YU.\":&scFCB9&=9&=$!!EUFATMNNDJ*csi9`25\":&scFCB9&=o\\O&!!rsADes6$@ru9m!!E[MAT2'lE`7'gFCbFP!!!!",
        "4203524": "!<d@[F*O\"r#64c-E,TfCDZBb;!<d@[F*cQf#64o6@VfsmCI<#NAIW9mDfor.F*)>@@:s-U$#+:#ASuU.Ed7ZiEH>r7FE7Qb!!!3,F)5c:EsD_\"!!*'\"!4E%2!##>4!!WgQASlBtEaa'4Eb,=fFCf<.ATD4$F`M%e@<6NjE+EC!A[DL=!<:8C5m.R;ASlBtEaa'4Eb,4Nz!!!<;AoD^\"AQ*\\hEa`Tl:i^JnErZ=LD.Rd%6#L=OA_R_e^]=dNFECr$BLZE?AH2]1!!!",
        "4211716": "!<d@[F*O\"r#64c-E,TfCDZBb;!<d@[F*cin#64o6@VfsmCI<#NAHu^]F`__:EWlSfH#R='CggjbATBA2B4YU.\":&scFCB9&=9&=$!!EUFATMNNDJ*csi9`25\":&scFCB9&=o\\O&!!rsADes6$@ru9m!!E[MAT2'lE`7'gFCbFP!!!!",
        "5260292": "!<d@[F*O\"r#64c-E,TfCDu]k<!<d@[F*cin#64o6@VfsmCI<#NAHu^]F`__:EWlSfH#R='CggjbATBA2B4YU.\":&scFCB9&=9&=$!!EUFATMNNDJ*csi9`25\":&scFCB9&=o\\O&!!rsADes6$@ru9m!!E[MAT2'lE`7'gFCbFP!!!!",
        "6308868": "!<d@[F*O\"r#64c-E,TfCE<#t=!<d@[F*cin#64o6@VfsmCI<#NAHu^]F`__:EWlSfH#R='CggjbATBA2B4YU.\":&scFCB9&=9&=$!!EUFATMNNDJ*csi9`25\":&scFCB9&=o\\O&!!rsADes6$@ru9m!!E[MAT2'lE`7'gFCbFP!!!!",
        "7343108": "!<d@[F*O\"r#64c-E,TfCEW?(>!<d@[F*c?`#64o6@VfsmCI<#NAHu^]F`__:EWlSfH#R=*@V'('@V'(%Ecl)6ARmY$#BFa)@<?'_z\":8pVF(djWB5D/6&'7!<#BFa)@<?'az#mk*[Ci!ZmFCet_\":K6]E+*I$;flGiAH2]1!!!",
        "3148805": "!<d@[F*O%s#64c-E,TfCD?'Y:!<d@[F*c?`#64o6@VfsmCI<#NAHu^]F`__:EWlSfH#R=#@WGn'Bk;<A\":&scFCB9&=9&=$!!EUFATMNNDJ*csgCME?\":&scFCB9&=o\\O&!!rsADes6$@ru9m!!E[MAT2'lE`7'gFCbFP!!!!",
        "3150853": "!<d@[F*O%s#64c-E,TfCD?'Y:!<d@[F*cEb#64o6@VfsmCI<#NAJK6(@r$13E+NQ3Ecki#Ch521Eb/ec\"E\\p.AJT</@Ua.b/R`^6Cgh?>/SB*4DJ=3(\":&scFCB9&=9&=$!!EUFATMNNDJ*csz\":&scFCB9&=o\\O&!!rsADes6$@ru9m!!E[MAT2'lE`7'gFCbFP!!!!",
        "4202501": "!<d@[F*O%s#64c-E,TfCDZBb;!<d@[F*cNe#64o6@VfsmCI<#NAJK6(@r$13E+NQ3Ecki#Ch521Eb/ec\"E\\p.AJT</@Ua.b/R`^6Cgh??/SB*4DJ=3(\":&scFCB9&=9&=$!!EUFATMNNDJ*csgCME@\":&scFCB9&=o\\O&!!rsADes6$@ru9m!!E[MAT2'lE`7'gFCbFP!!!!",
        "6305797": "!<d@[F*O%s#64c-E,TfCE<#t=!<d@[F*c`k#64o6@VfsmCI<#NAJK6(@r$13E+NQ3Ecki#Ch521Eb/ec\"E\\p.AJT</@Ua.b/R`^6Cgh?>/SB*4DJ=3(\":&scFCB9&=9&=$!!EUFATMNNDJ*csgCMCj\":&scFCB9&=o\\O&!!rsADes6$@ru9m!!E[MAT2'lE`7'gFCbFP!!!!",
        "3163142": "!<d@[F*O(t#64c-E,TfCD?'Y:!<d@[F*cin#64o6@VfsmCI<#NAHu^]F`__:EWlSfH#R=(@q]:bE\\2<SBl7Km1B[r'DffE0AQSp4!!!-.D.Rd%6#L=OA`V#M5Qh=4DffE0AQf'6!!!<3@rH1\"ARfgnA,l`?Eb02uBl[-o@<?&\\z",
        "4194310": "!<d@[F*O(t#64c-E,TfCDZBb;!<d@[F*c6]#64o6@VfsmCI<#NAJK6(@r$13E+NQ3Ecki#Ch521Eb/ec\"E\\p.AJT</@Ua.b/R`^6Cgh??/SB*4DJ=3(\":&scFCB9&=9&=$!!EUFATMNNDJ*csjNA<(\":&scFCB9&=o\\O&!!rsADes6$@ru9m!!E[MAT2'lE`7'gFCbFP!!!!",
        "5243910": "!<d@[F*O(t#64c-E,TfCDu]k<!<d@[F*c9^#64o6@VfsmCI<#NAIrp*E,]`9FCJfiD(T1/ARl&M@V&tbF%u]B,mk.l!!%O6'`\\5a590_(J3OYW%0-C$^_QeIIm4qV!.[9Ni_'V)$4dRG!.[9K!!%O6*<6(i58\"J9s8SG$'a+Np^E!FWJ3On19)n",
        "6300678": "!<d@[F*O(t#64c-E,TfCE<#t=!<d@[F*cQf#64o6@VfsmCI<#NAJK6(@r$13E+NQ3Ecki#Ch521Eb/ec\"E\\p.AJT</@Ua.b/R`^6Cgh?>/SB*4DJ=3(\":&scFCB9&=9&=$!!EUFATMNNDJ*csjNEiR\":&scFCB9&=o\\O&!!rsADes6$@ru9m!!E[MAT2'lE`7'gFCbFP!!!!",
        "10490886": "!<d@[F*O(t#64c-E,TfCFT;CA!<d@[F*cEb#64o6@VfsmCI<#NAJK6(@r$13E+NQ3Ecki#Ch521Eb/ec\"E\\p.AJT</@Ua.b/R`^6Cgh?=/SB*4DJ=3(\":&scFCB9&=9&=$!!EUFATMNNDJ*csgCMCi\":&scFCB9&=o\\O&!!rsADes6$@ru9m!!E[MAT2'lE`7'gFCbFP!!!!",
        "3150855": "!<d@[F*O+u#64c-E,TfCD?'Y:!<d@[F*cEb#64o6@VfsmCI<#NAIrp*E,]`9FCJfiD(T1/ARl&M@V&tbEuG#c(^^Ee!!!!`&df?R!'idi!!!!`(ue12\"98",
        "5244935": "!<d@[F*O+u#64c-E,TfCDu]k<!<d@[F*c<_#64o6@VfsmCI<#NAIrp*E,]`9FCJfiD(T1/ARl&M@V&tbEutAh*=;rb!!%O6&e>EO!$FNA!!%Pa*<6(i^DPs'+9;H",
        "5248007": "!<d@[F*O+u#64c-E,TfCDu]k<!<d@[F*cEb#64o6@VfsmCI<#NAIrp*E,]`9FCJfiD(T1/ARl&M@V&tbF!L_m+pnYl!!#8K*<6'>58\"J9!<=6-'`e;b^E*@S?U,If9-=68",
        "5253127": "!<d@[F*O+u#64c-E,TfCDu]k<!<d@[F*cTg#64o6@VfsmCI<#NAJK6(@r$13E+NQ3Ecki#Ch521Eb/ec\"E\\p.AJT</@Ua.b/R`^6Cgh?>/SB*4DJ=3(\":&scFCB9&=9&=$!!EUFATMNNDJ*csjNEiR\":&scFCB9&=o\\O&!!rsADes6$@ru9m!!E[MAT2'lE`7'gFCbFP!!!!",
        "6293511": "!<d@[F*O+u#64c-E,TfCE<#t=!<d@[F*c<_#64o6@VfsmCI<#NAIrp*E,]`9FCJfiD(T1/ARl&M@V&tbEuG#c(^^6U%h7WR:+-hW!'n=?j3<Oi(ue12!<<",
        "3151880": "!<d@[F*O/!#64c-E,TfCD?'Y:!<d@[F*cHc#64o6@VfsmCI<#NAHu^]F`__:EWlSfH#R=#@WGn'Bk;<A\":&scFCB9&=9&=$!!EUFATMNNDJ*csjNA<(\":&scFCB9&=o\\O&!!rsADes6$@ru9m!!E[MAT2'lE`7'gFCbFP!!!!",
        "3163144": "!<d@[F*O/!#64c-E,TfCD?'Y:!<d@[F*cin#64o6@VfsmCI<#NAJK6(@r$13E+NQ3Ecki#Ch521Eb/ec\"E\\p.AJT</@Ua.b/R`^6Cgh??/SB*4DJ=3(\":&scFCB9&=9&=$!!EUFATMNNDJ*csdSp$-\":&scFCB9&=o\\O&!!rsADes6$@ru9m!!E[MAT2'lE`7'gFCbFP!!!!",
        "4195336": "!<d@[F*O/!#64c-E,TfCDZBb;!<d@[F*c9^#64o6@VfsmCI<#NAIrp*E,]`9FCJfiD(T1/ARl&M@V&tbF!L_m+pnYd!!%O5*<6()58\"J9!!%P`'k>#^ZQ0#GJ3Fh09-=?;",
        "4198408": "!<d@[F*O/!#64c-E,TfCDZBb;!<d@[F*cBa#64o6@VfsmCI<#NAJK6(@r$13E+NQ3Ecki#Ch521Eb/ec\"E\\p.AJT</@Ua.b/R`^6Cgh?@/SB*4DJ=3(\":&scFCB9&=9&=$!!EUFATMNNDJ*csgCMCi\":&scFCB9&=o\\O&!!rsADes6$@ru9m!!E[MAT2'lE`7'gFCbFP!!!!",
        "4207624": "!<d@[F*O/!#64c-E,TfCDZBb;!<d@[F*c]j#64o6@VfsmCI<#NAJK6(@r$13E+NQ3Ecki#Ch521Eb/ec\"E\\p.AJT</@Ua.b/R`^6Cgh?>/SB*4DJ=3(\":&scFCB9&=9&=$!!EUFATMNNDJ*csdSp$-\":&scFCB9&=o\\O&!!rsADes6$@ru9m!!E[MAT2'lE`7'gFCbFP!!!!",
        "4213768": "!<d@[F*O/!#64c-E,TfCDZBb;!<d@[F*cop#64o6@VfsmCI<#NAJK6(@r$13E+NQ3Ecki#Ch521Eb/ec\"E\\p.AJT</@Ua.b/R`^6Cgh?@/SB*4DJ=3(\":&scFCB9&=9&=$!!EUFATMNNDJ*csjNEiR\":&scFCB9&=o\\O&!!rsADes6$@ru9m!!E[MAT2'lE`7'gFCbFP!!!!",
        "3162121": "!<d@[F*O2\"#64c-E,TfCD?'Y:!<d@[F*cfm#64o6@VfsmCI<#NAHu^]F`__:EWlSfH#R=(FCAWpAM%qFBl7Km1'@i&DffE0AQSp4!!!-.D.Rd%6#L=OA`V#M5Qh=4DffE0AQf'6!!!<3@rH1\"ARfgnA,l`?Eb02uBl[-o@<?&\\z",
        "4211721": "!<d@[F*O2\"#64c-E,TfCDZBb;!<d@[F*cin#64o6@VfsmCI<#NAJK6(@r$13E+NQ3Ecki#Ch521Eb/ec\"E\\p.AJT</@Ua.b/R`^6Cgh??/SB*4DJ=3(\":&scFCB9&=9&=$!!EUFATMNNDJ*csgCMCj\":&scFCB9&=o\\O&!!rsADes6$@ru9m!!E[MAT2'lE`7'gFCbFP!!!!",
        "5252105": "!<d@[F*O2\"#64c-E,TfCDu]k<!<d@[F*cQf#64o6@VfsmCI<#NAJK6(@r$13E+NQ3Ecki#Ch521Eb/ec\"E\\p.AJT</@Ua.b/R`^6Cgh?@/SB*4DJ=3(\":&scFCB9&=9&=$!!EUFATMNNDJ*csgCME@\":&scFCB9&=o\\O&!!rsADes6$@ru9m!!E[MAT2'lE`7'gFCbFP!!!!",
        "3158026": "!<d@[F*O5##64c-E,TfCD?'Y:!<d@[F*cZi#64o6@VfsmCI<#NAIrp*E,]`9FCJfiD(T1/ARl&M@V&tbEuG#c(^^Ee!!%O5&df(#]fWM7!!(qA(ue12!<<",
        "4206602": "!<d@[F*O5##64c-E,TfCDZBb;!<d@[F*cZi#64o6@VfsmCI<#NAIrp*E,]`9FCJfiD(T1/ARl&M@V&tbEuG#c(^^E]!!%O6&df(oXD5'^!!&\\,(ue12!<<"
    },
    "Entities": [],
    "ReplaceMode": 2,
    "EntranceRotation": -1
}