{
	code: "creature",
	class: "ItemCreature",
	maxstacksize: 1,
	variantgroups: [
		{ code: "genus", states: ["breviceps"]},
		{
			code: "type",
			states: [
				"macrops",
				"fuscus",
				"fichus",
				"gibbosus",
				"acutirostris",
				"adspersus",
				"namaquensis",
				"sylvestris",
				"bagginsi",
				"carruthersi",
				"rosei",
				"mossambicus",
				"pentheri",
				"montanus",
				"passmorei",
				"poweri",
				"verrucosus",
				"sopranus",
				"ombelanonga"
			]
		},
		
		],

	shape: {
			"base": "entity/land/breviceps"
		
	},
	texturesByType: {
		"*-breviceps-macrops": {
			"skin": { "base": "entity/rainfrog/breviceps-macrops" }
		},
		"*-breviceps-fuscus": {
			"skin": { "base": "entity/rainfrog/breviceps-fuscus" }
		},
		"*-breviceps-fichus": {
			"skin": { "base": "entity/rainfrog/breviceps-fichus" }
		},
		"*-breviceps-gibbosus": {
			"skin": { "base": "entity/rainfrog/breviceps-gibbosus" }
		},
		"*-breviceps-acutirostris": {
			"skin": { "base": "entity/rainfrog/breviceps-acutirostris" }
		},
		"*-breviceps-adspersus": {
			"skin": { "base": "entity/rainfrog/breviceps-adspersus" }
		},
		"*-breviceps-namaquensis": {
			"skin": { "base": "entity/rainfrog/breviceps-namaquensis" }
		},
		"*-breviceps-sylvestris": {
			"skin": { "base": "entity/rainfrog/breviceps-sylvestris" }
		},
		"*-breviceps-bagginsi": {
			"skin": { "base": "entity/rainfrog/breviceps-bagginsi" }
		},
		"*-breviceps-carruthersi": {
			"skin": { "base": "entity/rainfrog/breviceps-carruthersi" }
		},
		"*-breviceps-rosei": {
			"skin": { "base": "entity/rainfrog/breviceps-rosei" }
		},
		"*-breviceps-mossambicus": {
			"skin": { "base": "entity/rainfrog/breviceps-mossambicus" }
		},
		"*-breviceps-pentheri": {
			"skin": { "base": "entity/rainfrog/breviceps-pentheri" }
		},
		"*-breviceps-montanus": {
			"skin": { "base": "entity/rainfrog/breviceps-montanus" }
		},
		"*-breviceps-passmorei": {
			"skin": { "base": "entity/rainfrog/breviceps-passmorei" }
		},
		"*-breviceps-poweri": {
			"skin": { "base": "entity/rainfrog/breviceps-poweri" }
		},
		"*-breviceps-verrucosus": {
			"skin": { "base": "entity/rainfrog/breviceps-verrucosus" }
		},
		"*-breviceps-sopranus": {
			"skin": { "base": "entity/rainfrog/breviceps-sopranus" }
		},
		"*-breviceps-ombelanonga": {
			"skin": { "base": "entity/rainfrog/breviceps-ombelanonga" }
		}
	},
	
	
	
	
	creativeinventory: { "general": ["*"], "items": ["*"], "creatures": ["*"] },
	materialDensity: 600,
	guiTransform: {
		
			rotate: true,
			translation: { x: 1, y: -1, z: 0 },
			rotation: { x: -11, y: -52, z: -180 },
			origin: { x: 0.5, y: 0.6, z: 0.5 },
			scale: 0.97		
	},
	
	tpHandTransform: {

			translation: { x: -0.4, y: 0, z: -0.6 },
			rotation: { x: -160, y: -26, z: -90 },
			origin: { x: 0.5, y: 0.1, z: 0.5 },
			scale: 0.45	
	},
	
	fpHandTransform: {
	
			translation: { x: 0.4, y: 0, z: 0 },
			rotation: { x: -8, y: -63, z: -7 }
	}
	

	
	
	
	




