[
  {
    "op": "add",
    "path": "/enabled",
    "value": false,
    "file": "usefulstuff:itemtypes/gasmask.json",
    "condition": { "when": "USgasMaskEnabled", "isValue": "false" }
  },
  {
    "op": "add",
    "path": "/enabled",
    "value": false,
    "file": "usefulstuff:recipes/grid/gasmask.json",
    "condition": { "when": "USgasMaskEnabled", "isValue": "false" }
  },
  {
    "op": "add",
    "path": "/enabled",
    "value": false,
    "file": "usefulstuff:blocktypes/welcomemat.json",
    "condition": { "when": "USshieldsEnabled", "isValue": "false" }
  },
  {
    "op": "add",
    "path": "/0/enabled",
    "value": false,
    "file": "usefulstuff:recipes/grid/mat.json",
    "condition": { "when": "UStradersEnabled", "isValue": "false" }
  },
  {
    "op": "add",
    "path": "/1/enabled",
    "value": false,
    "file": "usefulstuff:recipes/grid/mat.json",
    "condition": { "when": "UStradersEnabled", "isValue": "false" }
  },

  {
    "op": "add",
    "path": "/enabled",
    "value": false,
    "file": "usefulstuff:itemtypes/shield.json",
    "condition": { "when": "USshieldsEnabled", "isValue": "false" }
  },

  {
    "op": "add",
    "path": "/0/enabled",
    "value": false,
    "file": "usefulstuff:recipes/grid/shields.json",
    "condition": { "when": "USshieldsEnabled", "isValue": "false" }
  },

  {
    "op": "add",
    "path": "/enabled",
    "value": false,
    "file": "usefulstuff:itemtypes/tentbag.json",
    "condition": { "when": "UStentbagEnabled", "isValue": "false" }
  },

  {
    "op": "add",
    "path": "/0/enabled",
    "value": false,
    "file": "usefulstuff:recipes/grid/tentbag.json",
    "condition": { "when": "UStentbagEnabled", "isValue": "false" }
  },

  {
    "op": "add",
    "path": "/1/enabled",
    "value": false,
    "file": "usefulstuff:recipes/grid/tentbag.json",
    "condition": { "when": "UStentbagEnabled", "isValue": "false" }
  },

  {
    "op": "add",
    "path": "/2/enabled",
    "value": false,
    "file": "usefulstuff:recipes/grid/tentbag.json",
    "condition": { "when": "UStentbagEnabled", "isValue": "false" }
  },

  {
    "op": "add",
    "path": "/enabled",
    "value": false,
    "file": "usefulstuff:itemtypes/climbingpick.json",
    "condition": { "when": "USclimbingPickEnabled", "isValue": "false" }
  },

  {
    "op": "add",
    "path": "/enabled",
    "value": false,
    "file": "usefulstuff:recipes/grid/climbingpick.json",
    "condition": { "when": "USclimbingPickEnabled", "isValue": "false" }
  },

  {
    "op": "add",
    "path": "/enabled",
    "value": false,
    "file": "usefulstuff:blocktypes/sluice.json",
    "condition": { "when": "USsluiceEnabled", "isValue": "false" }
  },
  {
    "op": "add",
    "path": "/enabled",
    "value": false,
    "file": "usefulstuff:recipes/grid/sluice.json",
    "condition": { "when": "USsluiceEnabled", "isValue": "false" }
  },

  {
    "op": "add",
    "path": "/enabled",
    "value": false,
    "file": "usefulstuff:itemtypes/glider.json",
    "condition": { "when": "USgliderEnabled", "isValue": "false" }
  },

  {
    "op": "add",
    "path": "/enabled",
    "value": false,
    "file": "usefulstuff:recipes/grid/glider.json",
    "condition": { "when": "USgliderEnabled", "isValue": "false" }
  },

  {
    "op": "add",
    "path": "/0/enabled",
    "value": false,
    "file": "usefulstuff:recipes/grid/arrowtips.json",
    "condition": { "when": "USexplosiveArrowEnabled", "isValue": "false" }
  },

  {
    "op": "add",
    "path": "/1/enabled",
    "value": false,
    "file": "usefulstuff:recipes/grid/arrowtips.json",
    "condition": { "when": "USfireArrowEnabled", "isValue": "false" }
  },

  {
    "op": "add",
    "path": "/2/enabled",
    "value": false,
    "file": "usefulstuff:recipes/grid/arrowtips.json",
    "condition": { "when": "USbeenadeArrowEnabled", "isValue": "false" }
  },

  {
    "op": "add",
    "path": "/3/enabled",
    "value": false,
    "file": "usefulstuff:recipes/grid/arrowtips.json",
    "condition": { "when": "UScardiacArrowEnabled", "isValue": "false" }
  },

  {
    "op": "add",
    "path": "/4/enabled",
    "value": false,
    "file": "usefulstuff:recipes/grid/arrowtips.json",
    "condition": { "when": "UStranqArrowEnabled", "isValue": "false" }
  },

  {
    "op": "add",
    "path": "/enabled",
    "value": false,
    "file": "usefulstuff:recipes/grid/omnichute.json",
    "condition": { "when": "USomnichuteEnabled", "isValue": "false" }
  },

  {
    "op": "add",
    "path": "/enabled",
    "value": false,
    "file": "usefulstuff:blocktypes/firebox.json",
    "condition": { "when": "USpotKilnEnabled", "isValue": "false" }
  },
  {
    "op": "add",
    "path": "/enabled",
    "value": false,
    "file": "usefulstuff:recipes/grid/firebox.json",
    "condition": { "when": "USpotKilnEnabled", "isValue": "false" }
  },

  {
    "op": "add",
    "path": "/behaviors",
    "value": [{"name": "RemoveDecor"}],
    "file": "game:itemtypes/tool/shears.json",
    "condition": { "when": "USshearDecornabled", "isValue": "false" }
  },

  {
    "op": "add",
    "path": "/enabled",
    "value": false,
    "file": "usefulstuff:recipes/grid/chiselbench.json",
    "condition": { "when": "USchiselBenchEnabled", "isValue": "false" }
  },
]
