[

    {
        "op": "add",
        "path": "/variants/-",
        "value": { "Code": "douglasfir", "treeType": "Conifer"},
        "file": "game:worldproperties/block/wood.json"
    },
    {
        "op": "add",
        "path": "/variants/-",
        "value": { "Code": "willow", "treeType": "Decidious"},
        "file": "game:worldproperties/block/wood.json"
    },
    {
        "op": "add",
        "path": "/variants/-",
        "value": { "Code": "honeylocust", "treeType": "Decidious"},
        "file": "game:worldproperties/block/wood.json"
    },
    {
        "op": "add",
        "path": "/variants/-",
        "value": { "Code": "bearnut", "treeType": "Decidious"},
        "file": "game:worldproperties/block/wood.json"
    },
    {
        "op": "add",
        "path": "/variants/-",
        "value": { "Code": "blackpoplar", "treeType": "Decidious"},
        "file": "game:worldproperties/block/wood.json"
    },
    {
        "op": "add",
        "path": "/variants/-",
        "value": { "Code": "pyramidalpoplar", "treeType": "Decidious"},
        "file": "game:worldproperties/block/wood.json"
    },
    {
        "op": "add",
        "path": "/variants/-",
        "value": { "Code": "catalpa", "treeType": "Decidious"},
        "file": "game:worldproperties/block/wood.json"
    },
    {
        "op": "add",
        "path": "/variants/-",
        "value": { "Code": "mahogany", "treeType": "Decidious"},
        "file": "game:worldproperties/block/wood.json"
    },
    {
        "op": "add",
        "path": "/variants/-",
        "value": { "Code": "sal", "treeType": "Decidious"},
        "file": "game:worldproperties/block/wood.json"
    },
    {
        "op": "add",
        "path": "/variants/-",
        "value": { "Code": "saxaul", "treeType": "Decidious"},
        "file": "game:worldproperties/block/wood.json"
    },
    {
        "op": "add",
        "path": "/variants/-",
        "value": { "Code": "spruce", "treeType": "Conifer"},
        "file": "game:worldproperties/block/wood.json"
    },
    {
        "op": "add",
        "path": "/variants/-",
        "value": { "Code": "sycamore", "treeType": "Decidious"},
        "file": "game:worldproperties/block/wood.json"
    },
    {
        "op": "add",
        "path": "/variants/-",
        "value": { "Code": "elm", "treeType": "Decidious"},
        "file": "game:worldproperties/block/wood.json"
    },
	{
        "op": "add",
        "path": "/variants/-",
        "value": { "Code": "beech", "treeType": "Decidious"},
        "file": "game:worldproperties/block/wood.json"
    },
    {
        "op": "add",
        "path": "/variants/-",
        "value": { "Code": "eucalyptus", "treeType": "Decidious"},
        "file": "game:worldproperties/block/wood.json"
    },
	{
        "op": "add",
        "path": "/variants/-",
        "value": { "Code": "cedar", "treeType": "Conifer"},
        "file": "game:worldproperties/block/wood.json"
    }
]