{
	"code": "canineskull",
	"behaviors": [
		{
			"name": "GroundStorable",
			"properties": {
				"layout": "SingleCenter",
				"collisionBox": {
					"x1": 0, "y1": 0, "z1": 0,
					"x2": 1, "y2": 0.125, "z2": 1
				}
			}
		}
	],
	"shape": { "base": "item/drops/canineskull" },
	"creativeinventory": {
		"general": [ "*" ],
		"items": [ "*" ]
	},
	"maxstacksize": 1,
	"attributes": {
		"groundStorageTransform": {
			"translation": { "x": 0, "y": -1.3, "z": 0.1 },
			"rotation": { "x": -180, "y": 117, "z": 0 },
			"scale": 1.6
		}
	},
	"materialDensity": 700,
	"heldTpHitAnimation": "breaktool",
	"grindingProps": {
		"groundStack": { "type": "item", "code": "game:bonemeal", "quantity": 2 }
	},
	"fpHandTransform": {
		"translation": { "x": 0, "y": 0, "z": 0 },
		"rotation": { "x": 1, "y": 90, "z": 0 },
		"scale": 2
	},
	"guiTransform": {
		"translation": { "x": 1, "y": 6, "z": 0 },
		"rotation": { "x": -100, "y": -46, "z": -54 },
		"origin": { "x": 0.4, "y": 0.15, "z": 0.5 },
		"scaleXyz": { "x": -2.34, "y": 2.34, "z": 2.34 }
	},
	"tpHandTransform": {
		"translation": { "x": -0.75, "y": 0, "z": -0.67 },
		"rotation": { "x": 25, "y": 73, "z": 95 },
		"origin": { "x": 0.5, "y": 0.12, "z": 0.5 },
		"scale": 1
	},
	"groundTransform": {
		"translation": { "x": 0, "y": 0.1, "z": 0 },
		"rotation": { "x": 100, "y": -5, "z": 90 },
		"origin": { "x": 0.5, "y": 0.22, "z": 0.54 },
		"scale": 6
	}
}