﻿[
 {
   file: "expandedfoods:recipes/kneading/wildcraftfruit/doughball.json",
    op: "add", 
    path: "/0/enabled", 
    value: "false",
    side: "server",
    dependsOn: [{ "modid": "wildcraftfruit" , "invert": true}]
 },
 {
   file: "expandedfoods:recipes/kneading/wildcraftfruit/doughball.json",
    op: "add", 
    path: "/1/enabled", 
    value: "false",
    side: "server",
    dependsOn: [{ "modid": "wildcraftfruit" , "invert": true}]
 },
 {
   file: "expandedfoods:recipes/kneading/wildcraftfruit/doughball.json",
    op: "add", 
    path: "/2/enabled", 
    value: "false",
    side: "server",
    dependsOn: [{ "modid": "wildcraftfruit" , "invert": true}]
 },
 {
   file: "expandedfoods:recipes/kneading/wildcraftfruit/doughball.json",
    op: "add", 
    path: "/3/enabled", 
    value: "false",
    side: "server",
    dependsOn: [{ "modid": "wildcraftfruit" , "invert": true}]
 },

]