{
	"editor": {
		"allAngles": false,
		"entityTextureMode": false
	},
	"textureWidth": 16,
	"textureHeight": 16,
	"textureSizes": {
	},
	"textures": {
		"color": "block/tradegoods/seashell/plain",
		"skin": "block/coal/charcoal"
	},
	"elements": [
		{
			"name": "Body",
			"from": [ 5.0, 0.0, 7.0 ], 
			"to": [ 8.0, 1.0, 9.0 ], 
			"rotationOrigin": [ 5.0, 0.0, 7.0 ],
			"faces": {
				"north": { "texture": "#skin", "uv": [ 0.0, 0.0, 3.0, 1.0 ] },
				"east": { "texture": "#skin", "uv": [ 0.0, 0.0, 2.0, 1.0 ] },
				"south": { "texture": "#skin", "uv": [ 0.0, 0.0, 3.0, 1.0 ] },
				"west": { "texture": "#skin", "uv": [ 0.0, 0.0, 2.0, 1.0 ] },
				"up": { "texture": "#skin", "uv": [ 0.0, 0.0, 3.0, 2.0 ] },
				"down": { "texture": "#skin", "uv": [ 0.0, 0.0, 3.0, 2.0 ] }
			},
			"children": [
				{
					"name": "Tail",
					"from": [ 3.0, 0.0, 0.25 ], 
					"to": [ 5.0, 0.75, 1.75 ], 
					"rotationOrigin": [ 3.0, 0.0, 0.0 ],
					"faces": {
						"north": { "texture": "#skin", "uv": [ 0.0, 0.0, 2.0, 0.5 ] },
						"east": { "texture": "#skin", "uv": [ 0.0, 0.0, 1.5, 0.5 ] },
						"south": { "texture": "#skin", "uv": [ 0.0, 0.0, 2.0, 0.5 ] },
						"west": { "texture": "#skin", "uv": [ 0.0, 0.0, 1.5, 0.5 ] },
						"up": { "texture": "#skin", "uv": [ 0.0, 0.0, 2.0, 1.5 ] },
						"down": { "texture": "#skin", "uv": [ 0.0, 0.0, 2.0, 1.5 ] }
					},
					"children": [
						{
							"name": "Segment",
							"from": [ 2.0, 0.0, 0.25 ], 
							"to": [ 3.0, 0.25, 1.25 ], 
							"rotationOrigin": [ 2.0, 0.0, 0.0 ],
							"faces": {
								"north": { "texture": "#skin", "uv": [ 0.0, 0.0, 1.0, 0.5 ] },
								"east": { "texture": "#skin", "uv": [ 0.0, 0.0, 1.0, 0.5 ] },
								"south": { "texture": "#skin", "uv": [ 0.0, 0.0, 1.0, 0.5 ] },
								"west": { "texture": "#skin", "uv": [ 0.0, 0.0, 1.0, 0.5 ] },
								"up": { "texture": "#skin", "uv": [ 0.0, 0.0, 1.0, 1.0 ] },
								"down": { "texture": "#skin", "uv": [ 0.0, 0.0, 1.0, 1.0 ] }
							}
						}
					]
				},
				{
					"name": "Head",
					"from": [ -1.0, 0.0, 0.25 ], 
					"to": [ 0.0, 0.75, 1.75 ], 
					"rotationOrigin": [ -1.0, 0.0, 0.0 ],
					"faces": {
						"north": { "texture": "#skin", "uv": [ 0.0, 0.0, 1.0, 0.5 ] },
						"east": { "texture": "#skin", "uv": [ 0.0, 0.0, 1.5, 0.5 ] },
						"south": { "texture": "#skin", "uv": [ 0.0, 0.0, 1.0, 0.5 ] },
						"west": { "texture": "#skin", "uv": [ 0.0, 0.0, 1.5, 0.5 ] },
						"up": { "texture": "#skin", "uv": [ 0.0, 0.0, 1.0, 1.5 ] },
						"down": { "texture": "#skin", "uv": [ 0.0, 0.0, 1.0, 1.5 ] }
					},
					"children": [
						{
							"name": "EyeStalk",
							"from": [ 0.0, 0.25, 0.25 ], 
							"to": [ 0.1, 1.25, 0.35 ], 
							"rotationOrigin": [ 0.05, 0.85, 0.3 ],
							"rotationZ": 45.0,
							"faces": {
								"north": { "texture": "#skin", "uv": [ 0.0, 0.0, 0.5, 1.0 ] },
								"east": { "texture": "#skin", "uv": [ 0.0, 0.0, 0.5, 1.0 ] },
								"south": { "texture": "#skin", "uv": [ 0.0, 0.0, 0.5, 1.0 ] },
								"west": { "texture": "#skin", "uv": [ 0.0, 0.0, 0.5, 1.0 ] },
								"up": { "texture": "#skin", "uv": [ 0.0, 0.0, 0.5, 0.5 ] },
								"down": { "texture": "#skin", "uv": [ 0.0, 0.0, 0.5, 0.5 ] }
							},
							"children": [
								{
									"name": "Eye",
									"from": [ -0.05, 1.0, -0.05 ], 
									"to": [ 0.15, 1.2, 0.15 ], 
									"rotationOrigin": [ 0.0, 1.0, 0.0 ],
									"faces": {
										"north": { "texture": "#skin", "uv": [ 0.0, 0.0, 0.5, 0.5 ] },
										"east": { "texture": "#skin", "uv": [ 0.0, 0.0, 0.5, 0.5 ] },
										"south": { "texture": "#skin", "uv": [ 0.0, 0.0, 0.5, 0.5 ] },
										"west": { "texture": "#skin", "uv": [ 0.0, 0.0, 0.5, 0.5 ] },
										"up": { "texture": "#skin", "uv": [ 0.0, 0.0, 0.5, 0.5 ] },
										"down": { "texture": "#skin", "uv": [ 0.0, 0.0, 0.5, 0.5 ] }
									}
								}
							]
						},
						{
							"name": "Stalk1",
							"from": [ -0.25, 0.25, 0.25 ], 
							"to": [ 0.0, 0.35, 0.35 ], 
							"rotationOrigin": [ -2.0, 0.0, 0.0 ],
							"faces": {
								"north": { "texture": "#skin", "uv": [ 0.0, 0.0, 0.5, 0.5 ] },
								"east": { "texture": "#skin", "uv": [ 0.0, 0.0, 0.5, 0.5 ] },
								"south": { "texture": "#skin", "uv": [ 0.0, 0.0, 0.5, 0.5 ] },
								"west": { "texture": "#skin", "uv": [ 0.0, 0.0, 0.5, 0.5 ] },
								"up": { "texture": "#skin", "uv": [ 0.0, 0.0, 0.5, 0.5 ] },
								"down": { "texture": "#skin", "uv": [ 0.0, 0.0, 0.5, 0.5 ] }
							}
						},
						{
							"name": "Stalk2",
							"from": [ -0.25, 0.25, 1.25 ], 
							"to": [ 0.0, 0.35, 1.35 ], 
							"rotationOrigin": [ -2.0, 0.0, 1.0 ],
							"faces": {
								"north": { "texture": "#skin", "uv": [ 0.0, 0.0, 0.5, 0.5 ] },
								"east": { "texture": "#skin", "uv": [ 0.0, 0.0, 0.5, 0.5 ] },
								"south": { "texture": "#skin", "uv": [ 0.0, 0.0, 0.5, 0.5 ] },
								"west": { "texture": "#skin", "uv": [ 0.0, 0.0, 0.5, 0.5 ] },
								"up": { "texture": "#skin", "uv": [ 0.0, 0.0, 0.5, 0.5 ] },
								"down": { "texture": "#skin", "uv": [ 0.0, 0.0, 0.5, 0.5 ] }
							}
						},
						{
							"name": "EyeStalk9",
							"from": [ 0.0, 0.25, 1.25 ], 
							"to": [ 0.1, 1.25, 1.35 ], 
							"rotationOrigin": [ 0.05, 0.85, 1.3 ],
							"rotationZ": 45.0,
							"faces": {
								"north": { "texture": "#skin", "uv": [ 0.0, 0.0, 0.5, 1.0 ] },
								"east": { "texture": "#skin", "uv": [ 0.0, 0.0, 0.5, 1.0 ] },
								"south": { "texture": "#skin", "uv": [ 0.0, 0.0, 0.5, 1.0 ] },
								"west": { "texture": "#skin", "uv": [ 0.0, 0.0, 0.5, 1.0 ] },
								"up": { "texture": "#skin", "uv": [ 0.0, 0.0, 0.5, 0.5 ] },
								"down": { "texture": "#skin", "uv": [ 0.0, 0.0, 0.5, 0.5 ] }
							},
							"children": [
								{
									"name": "Eye10",
									"from": [ -0.05, 1.0, -0.05 ], 
									"to": [ 0.15, 1.2, 0.15 ], 
									"rotationOrigin": [ 0.0, 1.0, 0.0 ],
									"faces": {
										"north": { "texture": "#skin", "uv": [ 0.0, 0.0, 0.5, 0.5 ] },
										"east": { "texture": "#skin", "uv": [ 0.0, 0.0, 0.5, 0.5 ] },
										"south": { "texture": "#skin", "uv": [ 0.0, 0.0, 0.5, 0.5 ] },
										"west": { "texture": "#skin", "uv": [ 0.0, 0.0, 0.5, 0.5 ] },
										"up": { "texture": "#skin", "uv": [ 0.0, 0.0, 0.5, 0.5 ] },
										"down": { "texture": "#skin", "uv": [ 0.0, 0.0, 0.5, 0.5 ] }
									}
								}
							]
						}
					]
				}
			]
		},
		{
			"name": "Cube1",
			"from": [ 5.5, 3.6, 6.0 ], 
			"to": [ 10.5, 4.6, 11.0 ], 
			"rotationOrigin": [ 8.0, 3.6, 8.5 ],
			"rotationX": -90.0,
			"rotationY": 90.0,
			"faces": {
				"north": { "texture": "#color", "uv": [ 10.0, 8.5, 15.0, 9.5 ] },
				"east": { "texture": "#color", "uv": [ 10.0, 8.5, 15.0, 9.5 ] },
				"south": { "texture": "#color", "uv": [ 11.0, 5.5, 16.0, 6.5 ] },
				"west": { "texture": "#color", "uv": [ 10.0, 8.5, 15.0, 9.5 ] },
				"up": { "texture": "#color", "uv": [ 1.5, 9.5, 6.5, 14.5 ] },
				"down": { "texture": "#color", "uv": [ 1.5, 10.0, 6.5, 15.0 ] }
			},
			"children": [
				{
					"name": "Cube2",
					"from": [ 0.5, -0.3, 0.5 ], 
					"to": [ 4.5, 1.2, 4.5 ], 
					"rotationOrigin": [ 0.5, -0.3, 0.5 ],
					"faces": {
						"north": { "texture": "#color", "uv": [ 10.5, 8.0, 14.5, 9.5 ] },
						"east": { "texture": "#color", "uv": [ 2.5, 7.5, 6.5, 9.0 ] },
						"south": { "texture": "#color", "uv": [ 2.5, 8.0, 6.5, 9.5 ] },
						"west": { "texture": "#color", "uv": [ 9.5, 8.0, 13.5, 9.5 ] },
						"up": { "texture": "#color", "uv": [ 2.0, 10.0, 6.0, 14.0 ] },
						"down": { "texture": "#color", "uv": [ 2.0, 10.5, 6.0, 14.5 ] }
					},
					"children": [
						{
							"name": "Cube4",
							"from": [ 0.5, -0.3, 0.5 ], 
							"to": [ 3.5, 1.8, 3.5 ], 
							"rotationOrigin": [ 0.5, -0.3, 0.5 ],
							"faces": {
								"north": { "texture": "#color", "uv": [ 0.0, 0.0, 3.0, 2.0 ] },
								"east": { "texture": "#color", "uv": [ 0.0, 0.0, 3.0, 2.0 ] },
								"south": { "texture": "#color", "uv": [ 10.5, 10.0, 13.5, 12.0 ] },
								"west": { "texture": "#color", "uv": [ 7.5, 10.5, 10.5, 12.5 ] },
								"up": { "texture": "#color", "uv": [ 2.5, 10.5, 5.5, 13.5 ] },
								"down": { "texture": "#color", "uv": [ 2.5, 11.0, 5.5, 14.0 ] }
							}
						}
					]
				}
			]
		}
	],
	"animations": [
		{
			"name": "Walk",
			"code": "walk",
			"quantityframes": 30,
			"onActivityStopped": "Rewind",
			"onAnimationEnd": "Repeat",
			"keyframes": [
				{
					"frame": 7,
					"elements": {
						"Body": {  },
						"Head": {  },
						"EyeStalk": { "rotationX": 0.0, "rotationY": 0.0, "rotationZ": 10.0 },
						"EyeStalk9": { "rotationX": 0.0, "rotationY": 0.0, "rotationZ": -10.0 }
					}
				},
				{
					"frame": 14,
					"elements": {
						"Body": {  },
						"Tail": { "offsetX": -0.5, "offsetY": 0.0, "offsetZ": 0.0 },
						"Head": { "offsetX": 0.25, "offsetY": 0.0, "offsetZ": 0.0 },
						"EyeStalk": { "rotationX": 0.0, "rotationY": 0.0, "rotationZ": 0.0 },
						"EyeStalk9": { "rotationX": 0.0, "rotationY": 0.0, "rotationZ": 0.0 }
					}
				},
				{
					"frame": 21,
					"elements": {
						"Body": {  },
						"Head": {  },
						"EyeStalk": { "rotationX": 0.0, "rotationY": 0.0, "rotationZ": -10.0 },
						"EyeStalk9": { "rotationX": 0.0, "rotationY": 0.0, "rotationZ": 10.0 }
					}
				},
				{
					"frame": 29,
					"elements": {
						"Body": {  },
						"Tail": { "offsetX": 0.0, "offsetY": 0.0, "offsetZ": 0.0 },
						"Head": { "offsetX": 0.0, "offsetY": 0.0, "offsetZ": 0.0 },
						"EyeStalk": { "rotationX": 0.0, "rotationY": 0.0, "rotationZ": 0.0 },
						"EyeStalk9": { "rotationX": 0.0, "rotationY": 0.0, "rotationZ": 0.0 }
					}
				}
			]
		},

		{
			"name": "Idle",
			"code": "idle",
			"quantityframes": 30,
			"onActivityStopped": "Rewind",
			"onAnimationEnd": "Repeat",
			"keyframes": [
				{
					"frame": 7,
					"elements": {
						"Body": {  },
						"Head": {  },
						"EyeStalk": { "rotationX": 0.0, "rotationY": 0.0, "rotationZ": 5.0 },
						"EyeStalk9": { "rotationX": 0.0, "rotationY": 0.0, "rotationZ": -5.0 }
					}
				},
				{
					"frame": 14,
					"elements": {
						"Body": {  },
						"Head": {  },
						"EyeStalk": { "rotationX": 0.0, "rotationY": 0.0, "rotationZ": 0.0 },
						"EyeStalk9": { "rotationX": 0.0, "rotationY": 0.0, "rotationZ": 0.0 }
					}
				},
				{
					"frame": 21,
					"elements": {
						"Body": {  },
						"Head": {  },
						"EyeStalk": { "rotationX": 0.0, "rotationY": 0.0, "rotationZ": -5.0 },
						"EyeStalk9": { "rotationX": 0.0, "rotationY": 0.0, "rotationZ": 5.0 }
					}
				},
				{
					"frame": 29,
					"elements": {
						"Body": {  },
						"Head": {  },
						"EyeStalk": { "rotationX": 0.0, "rotationY": 0.0, "rotationZ": 0.0 },
						"EyeStalk9": { "rotationX": 0.0, "rotationY": 0.0, "rotationZ": 0.0 }
					}
				}
			]
		},

		{
			"name": "Hurt",
			"code": "hurt",
			"quantityframes": 30,
			"onActivityStopped": "EaseOut",
			"onAnimationEnd": "Hold",
			"keyframes": [
				{
					"frame": 0,
					"elements": {
						"Body": {  },
						"Tail": { "offsetX": 0.0, "offsetY": 0.0, "offsetZ": 0.0 },
						"Segment": { "offsetX": 0.0, "offsetY": 0.0, "offsetZ": 0.0 },
						"Head": { "offsetX": 0.0, "offsetY": 0.0, "offsetZ": 0.0 },
						"EyeStalk": { "rotationX": 0.0, "rotationY": 0.0, "rotationZ": 0.0 },
						"EyeStalk9": { "rotationX": 0.0, "rotationY": 0.0, "rotationZ": 0.0 }
					}
				},
				{
					"frame": 29,
					"elements": {
						"Body": {  },
						"Tail": { "offsetX": -2.5, "offsetY": 0.0, "offsetZ": 0.0 },
						"Segment": { "offsetX": -1.0, "offsetY": 0.0, "offsetZ": 0.0 },
						"Head": { "offsetX": 2.0, "offsetY": 0.0, "offsetZ": 0.0 },
						"EyeStalk": { "rotationX": 0.0, "rotationY": 0.0, "rotationZ": 45.0 },
						"EyeStalk9": { "rotationX": 0.0, "rotationY": 0.0, "rotationZ": 45.0 }
					}
				}
			]
		}
	]
}