﻿{
  "code": "sheetmoss",
  "class": "BlockSimpleCoating",
  "storageFlags": 5,
  "dragMultiplier": 0.01,
  "variantgroups": [
    {
      "code": "side",
      "states": [ "north", "east", "south", "west", "up", "down" ]
    }
  ],
  "climateColorMap": "climatePlantTint",
  "seasonColorMap": "seasonalGrass",
  "frostable": true,
  "shapebytype": {
    "*-down": { "base": "game:block/basic/layers/1voxel" },
    "*-up": {
      "base": "game:block/basic/layers/1voxel",
      "rotateX": 180
    },
    "*-north": {
      "base": "game:block/basic/layers/1voxel",
      "rotateX": 90
    },
    "*-east": {
      "base": "game:block/basic/layers/1voxel",
      "rotateX": 90,
      "rotateY": 180,
      "rotateZ": 270
    },
    "*-west": {
      "base": "game:block/basic/layers/1voxel",
      "rotateX": 90,
      "rotateY": 0,
      "rotateZ": 270
    },
    "*-south": {
      "base": "game:block/basic/layers/1voxel",
      "rotateX": 270
    }
  },
  "sidesolidByType": {
    "*-down": {
      "all": false,
      "down": true
    },
    "*-up": {
      "all": false,
      "up": true
    },
    "*-north": {
      "all": false,
      "north": true
    },
    "*-east": {
      "all": false,
      "east": true
    },
    "*-west": {
      "all": false,
      "west": true
    },
    "*-south": {
      "all": false,
      "south": true
    }
  },
  "sideopaqueByType": {
    "*-down": {
      "all": false,
      "down": true
    },
    "*-up": {
      "all": false,
      "down": true
    },
    "*-north": {
      "all": false,
      "north": true
    },
    "*-east": {
      "all": false,
      "east": true
    },
    "*-west": {
      "all": false,
      "west": true
    },
    "*-south": {
      "all": false,
      "south": true
    }
  },
  "creativeinventory": {
    "general": [ "*-down" ],
    "decorative": [ "*-down" ]
  },
  "replaceable": 300,
  "resistance": 2,
  "lightAbsorption": 1,
  "emitSideAo": {
    "all": false
  },
  "textures": {
    "all": { "base": "sheetmoss" }
  },
  "selectionbox": {
    "x1": 0,
    "y1": 0,
    "z1": 0,
    "x2": 1,
    "y2": 0.0625,
    "z2": 1,
    "rotateXByType": {
      "*-up": 180,
      "*-north": 90,
      "*-east": 90,
      "*-west": 90,
      "*-south": 270
    },
    "rotateYByType": {
      "*-east": 180,
      "*-west": 0
    },
    "rotateZByType": {
      "*-east": 270,
      "*-west": 270
    }
  },
  "collisionbox": {
    "x1": 0,
    "y1": 0,
    "z1": 0,
    "x2": 1,
    "y2": 0.0625,
    "z2": 1,
    "rotateXByType": {
      "*-up": 180,
      "*-north": 90,
      "*-east": 90,
      "*-west": 90,
      "*-south": 270
    },
    "rotateYByType": {
      "*-east": 180,
      "*-west": 0
    },
    "rotateZByType": {
      "*-east": 270,
      "*-west": 270
    }
  },
  "sounds": {
    "place": "game:block/leafy-picking",
    "break": "game:block/leafy-picking",
    "hit": "game:block/leafy-picking",
    "walk": "game:walk/stone"
  },
  "guiTransform": {
    "origin": {
      "x": 0.5,
      "y": 0.0625,
      "z": 0.5
    }
  }
}