[

    {
        "op": "add",
        "path": "/-",
        "value": {
            "code": "climateBlueSpruceTint",
            "texture": { "base": "environment/seasons/bluespruceclimatetint" },
            "padding": 4,
            "loadIntoBlockTextureAtlas": true
        },
        "file": "game:config/colormaps.json"
    },
    {
        "op": "add",
        "path": "/-",
        "value": {
            "code": "tropicalDalbergia",
            "texture": { "base": "environment/seasons/dalbergiatint" },
            "loadIntoBlockTextureAtlas": true,
	    "extraFlags": 1
        },
        "file": "game:config/colormaps.json"
    },
    {
        "op": "add",
        "path": "/-",
        "value": {
            "code": "seasonalBlueSpruce",
            "texture": { "base": "environment/seasons/bluesprucetint" },
            "loadIntoBlockTextureAtlas": true
        },
        "file": "game:config/colormaps.json"
    },
    {
        "op": "add",
        "path": "/-",
        "value": {
            "code": "seasonalWiliwili",
            "texture": { "base": "environment/seasons/wiliwilitint" },
            "loadIntoBlockTextureAtlas": true
        },
        "file": "game:config/colormaps.json"
    },
    { "op": "add", "path": "/classByType", "value": { "*-acacia": "BlockPricklyLeaves", "*": "BlockLeavesDropCanes" }, "file": "game:blocktypes/plant/leaves/normal.json", "side": "server" },
    { "op": "add", "path": "/classByType", "value": { "*-acacia": "BlockPricklyLeaves", "*": "BlockLeavesDropCanes" }, "file": "game:blocktypes/plant/leaves/branchy.json", "side": "server" },
    { "file": "game:blocktypes/plant/leaves/normal.json", "op": "addmerge", "path": "/attributes/dropsLeavesByType", "value": { "*-walnut": true, "*-oak": true, "*": false }, "side": "server" },
    { "file": "game:blocktypes/plant/leaves/branchy.json", "op": "addmerge", "path": "/attributes/dropsLeavesByType", "value": { "*-walnut": true, "*-oak": true, "*": false }, "side": "server" },
    { "file": "game:blocktypes/plant/leaves/normal.json", "op": "addmerge", "path": "/attributes/dropsCanesByType", "value": { "*-larch": true, "*-birch": true, "*-kapok": true, "*": false }, "side": "server" },
    { "file": "game:blocktypes/plant/leaves/branchy.json", "op": "addmerge", "path": "/attributes/dropsCanesByType", "value": { "*-larch": true, "*-birch": true, "*-kapok": true, "*": false }, "side": "server" },
    { "file": "game:blocktypes/plant/leaves/normal.json", "op": "addmerge", "path": "/attributes/willowCaneItemByType", "value": {
            "*-larch": "wildcrafttree:willowcane-larch",
            "*-birch": "wildcrafttree:willowcane-birch",
            "*-kapok": "wildcrafttree:willowcane-kapok" }, "side": "server" },
    { "file": "game:blocktypes/plant/leaves/branchy.json", "op": "addmerge", "path": "/attributes/willowCaneItemByType", "value": {
            "*-larch": "wildcrafttree:willowcane-larch",
            "*-birch": "wildcrafttree:willowcane-birch",
            "*-kapok": "wildcrafttree:willowcane-kapok" }, "side": "server" },
    { "file": "game:blocktypes/plant/leaves/normal.json", "op": "addmerge", "path": "/attributes/leafItemByType", "value": {
            "*-oak": "wildcrafttree:leaves-oak",
            "*-walnut": "wildcrafttree:leaves-walnut" }, "side": "server" },
    { "file": "game:blocktypes/plant/leaves/branchy.json", "op": "addmerge", "path": "/attributes/leafItemByType", "value": {
            "*-oak": "wildcrafttree:leaves-oak",
            "*-walnut": "wildcrafttree:leaves-walnut" }, "side": "server" }
]