[
  {
    "op": "add",
    "path": "/attributes/tradeProps/selling/list/-",
    "value": {
	"code": "wildcraftfruit:fruit-foxgrape",
	"type": "item",
	    "stacksize": 8,
	    "stock": { "avg": 6, "var": 2 },
	    "price": { "avg": 1, "var": 0.25 }
    },
    "file": "game:entities/humanoid/trader-agriculture.json",
    "side": "Server"
  },
  {
    "op": "add",
    "path": "/attributes/tradeProps/selling/list/-",
    "value": {
	"code": "wildcraftfruit:fruit-redgrape",
	"type": "item",
	    "stacksize": 8,
	    "stock": { "avg": 6, "var": 2 },
	    "price": { "avg": 1, "var": 0.25 }
    },
    "file": "game:entities/humanoid/trader-agriculture.json",
    "side": "Server"
  },
  {
    "op": "add",
    "path": "/attributes/tradeProps/selling/list/-",
    "value": {
	"code": "wildcraftfruit:fruit-whitegrape",
	"type": "item",
	    "stacksize": 8,
	    "stock": { "avg": 6, "var": 2 },
	    "price": { "avg": 1, "var": 0.25 }
    },
    "file": "game:entities/humanoid/trader-agriculture.json",
    "side": "Server"
  },
  {
    "op": "add",
    "path": "/attributes/tradeProps/selling/list/-",
    "value": {
	"code": "wildcraftfruit:fruit-virgingrape",
	"type": "item",
	    "stacksize": 8,
	    "stock": { "avg": 6, "var": 2 },
	    "price": { "avg": 1, "var": 0.25 }
    },
    "file": "game:entities/humanoid/trader-agriculture.json",
    "side": "Server"
  },
  {
    "op": "add",
    "path": "/attributes/tradeProps/selling/list/-",
    "value": {
	"code": "wildcraftfruit:seeds-gardenstrawberry",
	"type": "item",
	    "stacksize": 2,
	    "stock": { "avg": 4, "var": 2 },
	    "price": { "avg": 3, "var": 0.75 }
    },
    "file": "game:entities/humanoid/trader-agriculture.json",
    "side": "Server"
  },
  {
    "op": "add",
    "path": "/attributes/tradeProps/buying/list/-",
    "value": {
	"code": "wildcraftfruit:quandongpits",
	"type": "item",
	    "stacksize": 6,
	    "stock": { "avg": 3, "var": 0.75 },
	    "price": { "avg": 1, "var": 0.25 }
    },
    "file": "game:entities/humanoid/trader-artisan.json",
    "side": "Server"
  },
  {
    "op": "add",
    "path": "/attributes/tradeProps/buying/list/-",
    "value": {
	"code": "wildcraftfruit:clothes-arm-quandongbracelet",
	"type": "item",
	    "stacksize": 1,
	    "stock": { "avg": 2, "var": 0.5 },
	    "price": { "avg": 2, "var": 0.5 }
    },
    "file": "game:entities/humanoid/trader-luxuries.json",
    "side": "Server"
  },
  {
    "op": "add",
    "path": "/attributes/tradeProps/buying/list/-",
    "value": {
	"code": "wildcraftfruit:clothes-neck-quandongnecklace",
	"type": "item",
	    "stacksize": 1,
	    "stock": { "avg": 1, "var": 0.25 },
	    "price": { "avg": 3, "var": 0.75 }
    },
    "file": "game:entities/humanoid/trader-luxuries.json",
    "side": "Server"
  },
  {
    "op": "add",
    "path": "/attributes/tradeProps/buying/list/-",
    "value": {
	"code": "wildcraftfruit:clothes-arm-quandongbracelet",
	"type": "item",
	    "stacksize": 1,
	    "stock": { "avg": 2, "var": 0.5 },
	    "price": { "avg": 2, "var": 0.5 }
    },
    "file": "game:entities/humanoid/trader-clothing.json",
    "side": "Server"
  },
  {
    "op": "add",
    "path": "/attributes/tradeProps/buying/list/-",
    "value": {
	"code": "wildcraftfruit:clothes-neck-quandongnecklace",
	"type": "item",
	    "stacksize": 1,
	    "stock": { "avg": 1, "var": 0.25 },
	    "price": { "avg": 3, "var": 0.75 }
    },
    "file": "game:entities/humanoid/trader-clothing.json",
    "side": "Server"
  }
]
