[
	{
		ingredientPattern: "S,M,F",
	   	ingredients: {
	   	"S": { type: "item", code: "game:clay-fire", quantity: 6 },
	   	"M": { type: "block", code: "game:metal-scraps", quantity: 1 },
		"F": { type: "item", code: "game:firewood", quantity: 4 },
	   	},
	   	width: 3,
	   	height: 1,
	   	output: { type: "block", code: "tablestoneoven-north" }
	},
	{
		ingredientPattern: "S,M,F",
	   	ingredients: {
	   	"S": { type: "item", code: "game:clay-fire", quantity: 6 },
	   	"M": { type: "item", code: "game:metalnailsandstrips-*", quantity: 1 },
		"F": { type: "item", code: "game:firewood", quantity: 4 },
	   	},
	   	width: 3,
	   	height: 1,
	   	output: { type: "block", code: "tablestoneoven-north" }
	}
]