[
  {
    "ingredientPattern": "DS",
    "ingredients": {
      "D": {
        "type": "item",
        "code": "croissantdough-*",
        "name": "type",
        "quantity": 1
      },
      "S": {
        "type": "block",
        "code": "game:woodbucket"
      }
    },
    "width": 2,
    "height": 1,
    "attributes": {
      "liquidContainerProps": {
        "requiresContent": {
          "type": "item",
          "code": "chemistrylib:mineralalkaliportion-sodiumhydroxide"
        },
        "requiresLitres": 0.01
      }
    },
    "shapeless": true,
    "output": {
      "type": "item",
      "code": "lyecroissantdough-{type}",
      "stackSize": 1
    }
  },
  {
    "ingredientPattern": "DS",
    "ingredients": {
      "D": {
        "type": "item",
        "code": "croissantdough-*",
        "name": "type",
        "quantity": 1
      },
      "S": {
        "type": "block",
        "code": "game:bowl-fired"
      }
    },
    "width": 2,
    "height": 1,
    "attributes": {
      "liquidContainerProps": {
        "requiresContent": {
          "type": "item",
          "code": "chemistrylib:mineralalkaliportion-sodiumhydroxide"
        },
        "requiresLitres": 0.01
      }
    },
    "shapeless": true,
    "output": {
      "type": "item",
      "code": "lyecroissantdough-{type}",
      "stackSize": 1
    }
  },
  {
    "ingredientPattern": "DS",
    "ingredients": {
      "D": {
        "type": "item",
        "code": "croissantdough-*",
        "name": "type",
        "quantity": 1
      },
      "S": {
        "type": "block",
        "code": "game:jug-blue-fired"
      }
    },
    "width": 2,
    "height": 1,
    "attributes": {
      "liquidContainerProps": {
        "requiresContent": {
          "type": "item",
          "code": "chemistrylib:mineralalkaliportion-sodiumhydroxide"
        },
        "requiresLitres": 0.1
      }
    },
    "shapeless": true,
    "output": {
      "type": "item",
      "code": "lyecroissantdough-{type}",
      "stackSize": 1
    }
  }
]