[
  {
    "ingredientPattern": "D,P",
    "ingredients": {
      "P": {
        "type": "item",
        "code": "aculinaryartillery:rollingpin-*",
        "name": "rollingpin",
        "isTool": true
      },
      "D": {
        "type": "item",
        "code": "lyecroissantdough-*",
        "name": "type",
        "allowedVariants": [ "spelt", "rye", "flax", "rice", "cassava", "amaranth", "sunflower" ]
      }
    },
    "width": 1,
    "height": 2,
    "recipeGroup": 1,
    "shapeless": true,
    "output": {
      "type": "item",
      "code": "lyecroissantraw-{type}",
      "quantity": 2
    }
  }
]