[
  {
    "ingredientPattern": "DP",
    "ingredients": {
      "D": {
        "type": "item",
        "code": "pretzelraw-*-plain",
        "name": "type",
        "allowedVariants": [ "flax", "rice", "rye", "spelt", "cassava", "amaranth", "sunflower" ]
      },
      "P": {
        "type": "item",
        "code": "game:grain-sunflower"
      }
    },
    "width": 2,
    "height": 1,
    "recipeGroup": 1,
    "shapeless": true,
    "output": {
      "type": "item",
      "code": "pretzelraw-{type}-sunflower"
    }
  }
]