[
  {
    "toolmode": "chopping",
    "ingredients":
    [ 
      {"inputs": 
       [
         {"type": "block", "code": "floralzonescentralaustralianregion:log-placed-*-ud", "name": "wood", "loadFromProperties": "floralzonescentralaustralianregion:block/wood"}
       ]
      }
    ],
    "output": {"type": "block", "code": "floralzonescentralaustralianregion:logslab-{wood}-barked-down-free", "quantity": 2}
  },
  {
    "toolmode": "chopping",
    "ingredients":
    [ 
      {"inputs": 
       [
         {"type": "block", "code": "floralzonescentralaustralianregion:logsection-placed-*-ud", "name": "wood", "loadFromProperties": "floralzonescentralaustralianregion:block/wood"}
       ]
      }
    ],
    "output": {"type": "block", "code": "floralzonescentralaustralianregion:logslab-{wood}-barked-down-free", "quantity": 2}
  },
  {
    "toolmode": "chopping",
    "ingredients":
    [ 
      {"inputs": 
       [
         {"type": "block", "code": "floralzonescentralaustralianregion:debarkedlog-*-ud", "name": "wood", "loadFromProperties": "floralzonescentralaustralianregion:block/wood"}
       ]
      }
    ],
    "output": {"type": "block", "code": "floralzonescentralaustralianregion:logslab-{wood}-debarked-down-free", "quantity": 2}
  }
]