{
	"editor": {
		"allAngles": false,
		"entityTextureMode": false
	},
	"textureWidth": 16,
	"textureHeight": 16,
	"textureSizes": {
	},
	"textures": {
		"material": "game:block/wood/planks/oak3"
	},
	"elements": [
		{
			"name": "RoofRoot",
			"from": [ 0.0, 0.0, 3.0 ], 
			"to": [ 0.0, 0.0, 3.0 ], 
			"rotationOrigin": [ 8.0, 0.0, 8.0 ],
			"rotationY": -90.0,
			"faces": {
				"north": { "texture": "#material", "uv": [ 0.0, 0.0, 0.5, 0.5 ], "enabled": false },
				"east": { "texture": "#material", "uv": [ 0.0, 0.0, 0.5, 0.5 ], "enabled": false },
				"south": { "texture": "#material", "uv": [ 0.0, 0.0, 0.5, 0.5 ], "enabled": false },
				"west": { "texture": "#material", "uv": [ 0.0, 0.0, 0.5, 0.5 ], "enabled": false },
				"up": { "texture": "#material", "uv": [ 0.0, 0.0, 0.5, 0.5 ], "enabled": false },
				"down": { "texture": "#material", "uv": [ 0.0, 0.0, 0.5, 0.5 ], "enabled": false }
			},
			"children": [
				{
					"name": "Roof13",
					"from": [ -0.02, -2.6066, 14.1217 ], 
					"to": [ 4.0, 4.3934, 16.1217 ], 
					"rotationOrigin": [ -0.02, -2.6066, 14.1217 ],
					"rotationX": -45.0,
					"faces": {
						"north": { "texture": "#material", "uv": [ 0.0, 0.5, 7.0, 5.0 ], "rotation": 90, "autoUv": false },
						"east": { "texture": "#material", "uv": [ 0.0, 0.0, 2.0, 16.0 ], "enabled": false, "autoUv": false },
						"south": { "texture": "#material", "uv": [ 8.0, 11.5, 15.0, 16.0 ], "rotation": 90, "autoUv": false },
						"west": { "texture": "#material", "uv": [ 0.0, 0.0, 7.0, 2.0 ], "rotation": 90 },
						"up": { "texture": "#material", "uv": [ 0.0, 0.0, 4.0, 2.0 ], "enabled": false },
						"down": { "texture": "#material", "uv": [ 0.0, 0.5, 2.0, 5.0 ], "rotation": 90, "autoUv": false }
					},
					"children": [
						{
							"name": "Roof14",
							"from": [ 4.0, 0.0, 0.0 ], 
							"to": [ 8.0, 7.0, 2.5 ], 
							"rotationOrigin": [ 4.0, 0.0, 0.0 ],
							"faces": {
								"north": { "texture": "#material", "uv": [ 0.5, 11.5, 7.5, 16.0 ], "rotation": 90, "autoUv": false },
								"east": { "texture": "#material", "uv": [ 0.0, 0.0, 7.0, 2.5 ], "rotation": 90 },
								"south": { "texture": "#material", "uv": [ 0.0, 11.5, 7.0, 16.0 ], "rotation": 90, "autoUv": false },
								"west": { "texture": "#material", "uv": [ 0.0, 0.0, 7.0, 2.5 ], "rotation": 90 },
								"up": { "texture": "#material", "uv": [ 5.0, 6.5, 7.5, 11.0 ], "rotation": 90, "autoUv": false },
								"down": { "texture": "#material", "uv": [ 5.0, 6.5, 7.5, 11.0 ], "rotation": 90, "autoUv": false }
							}
						},
						{
							"name": "Roof15",
							"from": [ 8.0, 0.0, 0.0 ], 
							"to": [ 12.0, 7.0, 2.0 ], 
							"rotationOrigin": [ 8.0, 0.0, 0.0 ],
							"faces": {
								"north": { "texture": "#material", "uv": [ 3.0, 1.0, 10.0, 5.5 ], "rotation": 90, "autoUv": false },
								"east": { "texture": "#material", "uv": [ 0.0, 0.0, 2.0, 16.0 ], "enabled": false, "autoUv": false },
								"south": { "texture": "#material", "uv": [ 3.0, 1.0, 10.0, 5.5 ], "rotation": 90, "autoUv": false },
								"west": { "texture": "#material", "uv": [ 0.0, 0.0, 2.0, 16.0 ], "enabled": false, "autoUv": false },
								"up": { "texture": "#material", "uv": [ 0.0, 0.0, 4.0, 2.0 ], "enabled": false },
								"down": { "texture": "#material", "uv": [ 0.0, 0.5, 2.0, 5.0 ], "rotation": 90, "autoUv": false }
							}
						},
						{
							"name": "Roof16",
							"from": [ 12.0, 0.0, 0.0 ], 
							"to": [ 16.04, 7.0, 2.5 ], 
							"rotationOrigin": [ 12.0, 0.0, 0.0 ],
							"faces": {
								"north": { "texture": "#material", "uv": [ 0.0, 0.5, 7.0, 5.0 ], "rotation": 90, "autoUv": false },
								"east": { "texture": "#material", "uv": [ 0.0, 0.0, 7.0, 2.5 ], "rotation": 90 },
								"south": { "texture": "#material", "uv": [ 0.0, 0.5, 7.0, 5.0 ], "rotation": 90, "autoUv": false },
								"west": { "texture": "#material", "uv": [ 0.0, 0.0, 2.0, 16.0 ], "rotation": 90, "autoUv": false },
								"up": { "texture": "#material", "uv": [ 0.0, 11.5, 2.5, 16.0 ], "rotation": 90, "autoUv": false },
								"down": { "texture": "#material", "uv": [ 0.0, 11.5, 2.5, 16.0 ], "rotation": 90, "autoUv": false }
							}
						}
					]
				},
				{
					"name": "Roof9",
					"from": [ -0.02, 3.1003, 8.9997 ], 
					"to": [ 4.0, 10.1003, 11.4997 ], 
					"rotationOrigin": [ 0.0, 3.0503, 9.9497 ],
					"rotationX": -45.0,
					"faces": {
						"north": { "texture": "#material", "uv": [ 0.0, 0.0, 16.0, 16.0 ], "enabled": false, "autoUv": false },
						"east": { "texture": "#material", "uv": [ 1.0, 8.5, 8.0, 11.0 ], "rotation": 90, "autoUv": false },
						"south": { "texture": "#material", "uv": [ 3.0, 7.0, 11.0, 11.5 ], "rotation": 90, "autoUv": false },
						"west": { "texture": "#material", "uv": [ 2.0, 2.0, 9.0, 4.5 ], "rotation": 90, "autoUv": false },
						"up": { "texture": "#material", "uv": [ 0.0, 1.0, 2.5, 5.5 ], "rotation": 90, "autoUv": false, "windMode": [-1,-1,-1,-1] },
						"down": { "texture": "#material", "uv": [ 0.0, 1.0, 2.5, 5.5 ], "rotation": 90, "autoUv": false, "windMode": [-1,-1,-1,-1] }
					},
					"children": [
						{
							"name": "Roof10",
							"from": [ 4.0, 0.0, 0.0 ], 
							"to": [ 8.0, 7.0, 2.0 ], 
							"rotationOrigin": [ 4.02, -0.05, 0.95 ],
							"faces": {
								"north": { "texture": "#material", "uv": [ 0.0, 0.0, 16.0, 16.0 ], "enabled": false, "autoUv": false },
								"east": { "texture": "#material", "uv": [ 0.0, 0.0, 2.0, 16.0 ], "enabled": false, "autoUv": false },
								"south": { "texture": "#material", "uv": [ 8.0, 0.0, 15.0, 4.5 ], "rotation": 90, "autoUv": false },
								"west": { "texture": "#material", "uv": [ 0.0, 0.0, 2.0, 16.0 ], "enabled": false, "autoUv": false },
								"up": { "texture": "#material", "uv": [ 0.0, 0.0, 4.0, 2.0 ], "enabled": false },
								"down": { "texture": "#material", "uv": [ 0.0, 0.0, 16.0, 2.0 ], "enabled": false, "autoUv": false, "windMode": [-1,-1,-1,-1] }
							}
						},
						{
							"name": "Roof11",
							"from": [ 8.0, 0.0, 0.0 ], 
							"to": [ 12.0, 7.0, 2.5 ], 
							"rotationOrigin": [ 8.02, -0.05, 0.95 ],
							"faces": {
								"north": { "texture": "#material", "uv": [ 0.0, 0.0, 16.0, 16.0 ], "enabled": false, "autoUv": false, "windMode": [-1,-1,-1,-1] },
								"east": { "texture": "#material", "uv": [ 1.0, 2.0, 8.0, 4.5 ], "rotation": 90, "autoUv": false },
								"south": { "texture": "#material", "uv": [ 8.0, 7.0, 15.0, 11.5 ], "rotation": 90, "autoUv": false, "windMode": [-1,-1,-1,-1] },
								"west": { "texture": "#material", "uv": [ 3.0, 0.5, 10.0, 3.0 ], "rotation": 90, "autoUv": false },
								"up": { "texture": "#material", "uv": [ 0.0, 0.0, 2.5, 4.5 ], "rotation": 90, "autoUv": false },
								"down": { "texture": "#material", "uv": [ 0.0, 0.0, 2.5, 4.5 ], "rotation": 90, "autoUv": false, "windMode": [-1,-1,-1,-1] }
							}
						},
						{
							"name": "Roof12",
							"from": [ 12.0, 0.0, 0.0 ], 
							"to": [ 16.04, 7.0, 2.0 ], 
							"rotationOrigin": [ 12.02, -0.05, 0.95 ],
							"faces": {
								"north": { "texture": "#material", "uv": [ 0.0, 0.0, 16.0, 16.0 ], "enabled": false, "autoUv": false },
								"east": { "texture": "#material", "uv": [ 0.0, 0.5, 7.0, 2.5 ], "rotation": 90, "autoUv": false },
								"south": { "texture": "#material", "uv": [ 0.0, 0.5, 7.0, 5.0 ], "rotation": 90, "autoUv": false },
								"west": { "texture": "#material", "uv": [ 0.0, 0.0, 2.0, 16.0 ], "enabled": false, "autoUv": false },
								"up": { "texture": "#material", "uv": [ 0.0, 0.0, 4.0, 2.0 ], "enabled": false },
								"down": { "texture": "#material", "uv": [ 0.0, 0.0, 16.0, 2.0 ], "enabled": false, "autoUv": false, "windMode": [-1,-1,-1,-1] }
							}
						}
					]
				},
				{
					"name": "Roof5",
					"from": [ -0.02, 8.05, 4.05 ], 
					"to": [ 4.0, 15.05, 6.05 ], 
					"rotationOrigin": [ 0.0, 8.0, 5.0 ],
					"rotationX": -45.0,
					"faces": {
						"north": { "texture": "#material", "uv": [ 0.0, 0.0, 16.0, 16.0 ], "enabled": false, "autoUv": false },
						"east": { "texture": "#material", "uv": [ 0.0, 0.0, 2.0, 16.0 ], "enabled": false, "autoUv": false },
						"south": { "texture": "#material", "uv": [ 9.0, 6.0, 16.0, 10.5 ], "rotation": 90, "autoUv": false },
						"west": { "texture": "#material", "uv": [ 5.0, 7.0, 12.0, 9.0 ], "rotation": 90, "autoUv": false },
						"up": { "texture": "#material", "uv": [ 0.0, 0.0, 4.0, 2.0 ], "enabled": false },
						"down": { "texture": "#material", "uv": [ 0.0, 0.0, 16.0, 2.0 ], "enabled": false, "autoUv": false }
					},
					"children": [
						{
							"name": "Roof6",
							"from": [ 4.0, 0.0, 0.0 ], 
							"to": [ 8.0, 7.0, 2.5 ], 
							"rotationOrigin": [ 4.02, -0.05, 0.55 ],
							"faces": {
								"north": { "texture": "#material", "uv": [ 0.0, 0.0, 16.0, 16.0 ], "enabled": false, "autoUv": false },
								"east": { "texture": "#material", "uv": [ 2.0, 13.5, 9.0, 16.0 ], "rotation": 90, "autoUv": false },
								"south": { "texture": "#material", "uv": [ 7.0, 11.5, 14.0, 16.0 ], "rotation": 90, "autoUv": false },
								"west": { "texture": "#material", "uv": [ 2.0, 12.5, 9.0, 15.0 ], "rotation": 90, "autoUv": false },
								"up": { "texture": "#material", "uv": [ 0.0, 0.5, 2.5, 5.0 ], "rotation": 90, "autoUv": false },
								"down": { "texture": "#material", "uv": [ 0.0, 0.5, 2.5, 5.0 ], "rotation": 90, "autoUv": false, "windMode": [-1,-1,-1,-1] }
							}
						},
						{
							"name": "Roof7",
							"from": [ 8.0, 0.0, 0.0 ], 
							"to": [ 12.0, 7.0, 2.0 ], 
							"rotationOrigin": [ 8.02, -0.05, 0.55 ],
							"faces": {
								"north": { "texture": "#material", "uv": [ 0.0, 0.0, 16.0, 16.0 ], "enabled": false, "autoUv": false },
								"east": { "texture": "#material", "uv": [ 0.0, 0.0, 2.0, 16.0 ], "enabled": false, "autoUv": false },
								"south": { "texture": "#material", "uv": [ 4.0, 6.5, 11.0, 11.0 ], "rotation": 90, "autoUv": false },
								"west": { "texture": "#material", "uv": [ 0.0, 0.0, 2.0, 16.0 ], "enabled": false, "autoUv": false },
								"up": { "texture": "#material", "uv": [ 0.0, 0.0, 4.0, 2.0 ], "enabled": false },
								"down": { "texture": "#material", "uv": [ 0.0, 0.0, 16.0, 2.0 ], "enabled": false, "autoUv": false }
							}
						},
						{
							"name": "Roof8",
							"from": [ 12.0, 0.0, 0.0 ], 
							"to": [ 16.04, 7.0, 2.5 ], 
							"rotationOrigin": [ 12.02, -0.05, 0.55 ],
							"faces": {
								"north": { "texture": "#material", "uv": [ 0.0, 0.0, 16.0, 16.0 ], "enabled": false, "autoUv": false },
								"east": { "texture": "#material", "uv": [ 4.0, 13.5, 11.0, 16.0 ], "rotation": 90, "autoUv": false },
								"south": { "texture": "#material", "uv": [ 2.0, 6.0, 9.0, 10.5 ], "rotation": 90, "autoUv": false },
								"west": { "texture": "#material", "uv": [ 3.0, 6.5, 10.0, 10.0 ], "rotation": 90, "autoUv": false },
								"up": { "texture": "#material", "uv": [ 0.0, 6.5, 2.5, 11.0 ], "rotation": 90, "autoUv": false },
								"down": { "texture": "#material", "uv": [ 0.0, 6.5, 2.5, 11.0 ], "rotation": 90, "autoUv": false }
							}
						}
					]
				},
				{
					"name": "Roof1",
					"from": [ -0.02, 12.9997, -0.8997 ], 
					"to": [ 4.0, 19.9997, 1.6003 ], 
					"rotationOrigin": [ 0.0, 12.9497, 0.0503 ],
					"rotationX": -45.0,
					"faces": {
						"north": { "texture": "#material", "uv": [ 0.0, 11.5, 7.0, 16.0 ], "rotation": 90, "autoUv": false },
						"east": { "texture": "#material", "uv": [ 0.0, 0.5, 7.0, 3.0 ], "rotation": 90, "autoUv": false },
						"south": { "texture": "#material", "uv": [ 0.0, 11.5, 7.0, 16.0 ], "rotation": 90, "autoUv": false },
						"west": { "texture": "#material", "uv": [ 0.0, 0.5, 7.0, 3.0 ], "rotation": 90, "autoUv": false },
						"up": { "texture": "#material", "uv": [ 0.0, 0.0, 2.5, 4.5 ], "rotation": 90, "autoUv": false },
						"down": { "texture": "#material", "uv": [ 0.0, 0.0, 2.5, 4.5 ], "rotation": 90, "autoUv": false, "windMode": [-1,-1,-1,-1] }
					},
					"children": [
						{
							"name": "Roof2",
							"from": [ 4.0, 0.0, 0.0 ], 
							"to": [ 8.0, 7.0, 2.0 ], 
							"rotationOrigin": [ 4.02, -0.05, 0.95 ],
							"faces": {
								"north": { "texture": "#material", "uv": [ 0.0, 11.5, 7.0, 16.0 ], "rotation": 90, "autoUv": false },
								"east": { "texture": "#material", "uv": [ 0.0, 0.0, 2.0, 16.0 ], "enabled": false, "autoUv": false },
								"south": { "texture": "#material", "uv": [ 0.0, 0.5, 7.0, 5.0 ], "rotation": 90, "autoUv": false },
								"west": { "texture": "#material", "uv": [ 0.0, 0.0, 2.5, 16.0 ], "enabled": false, "autoUv": false },
								"up": { "texture": "#material", "uv": [ 0.0, 0.0, 2.5, 4.5 ], "rotation": 90, "autoUv": false },
								"down": { "texture": "#material", "uv": [ 0.0, 0.0, 16.0, 2.0 ], "enabled": false, "autoUv": false }
							}
						},
						{
							"name": "Roof3",
							"from": [ 8.0, 0.0, 0.0 ], 
							"to": [ 12.0, 7.0, 2.5 ], 
							"rotationOrigin": [ 8.02, -0.05, 0.95 ],
							"faces": {
								"north": { "texture": "#material", "uv": [ 9.0, 11.5, 16.0, 16.0 ], "rotation": 90, "autoUv": false },
								"east": { "texture": "#material", "uv": [ 0.0, 0.0, 7.0, 4.5 ], "rotation": 90, "autoUv": false },
								"south": { "texture": "#material", "uv": [ 0.0, 6.0, 7.0, 10.5 ], "rotation": 90, "autoUv": false },
								"west": { "texture": "#material", "uv": [ 0.0, 6.0, 7.0, 10.5 ], "rotation": 90, "autoUv": false },
								"up": { "texture": "#material", "uv": [ 0.0, 11.5, 2.5, 16.0 ], "rotation": 90, "autoUv": false },
								"down": { "texture": "#material", "uv": [ 0.0, 0.5, 2.5, 5.0 ], "rotation": 90, "autoUv": false, "windMode": [-1,-1,-1,-1] }
							}
						},
						{
							"name": "Roof4",
							"from": [ 12.0, 0.0, 0.0 ], 
							"to": [ 16.04, 7.0, 2.0 ], 
							"rotationOrigin": [ 12.02, -0.05, 0.95 ],
							"faces": {
								"north": { "texture": "#material", "uv": [ 6.0, 6.0, 13.0, 10.5 ], "rotation": 90, "autoUv": false },
								"east": { "texture": "#material", "uv": [ 0.0, 14.0, 7.0, 16.0 ], "rotation": 90, "autoUv": false },
								"south": { "texture": "#material", "uv": [ 4.0, 11.5, 11.0, 16.0 ], "rotation": 90, "autoUv": false },
								"west": { "texture": "#material", "uv": [ 0.0, 0.0, 2.0, 16.0 ], "enabled": false, "autoUv": false },
								"up": { "texture": "#material", "uv": [ 0.0, 0.0, 2.0, 4.5 ], "rotation": 90, "autoUv": false },
								"down": { "texture": "#material", "uv": [ 0.0, 0.0, 16.0, 2.0 ], "enabled": false, "autoUv": false }
							}
						}
					]
				}
			]
		},
		{
			"name": "SideRoot",
			"from": [ 0.0, 0.0, 2.5 ], 
			"to": [ 0.0, 0.0, 2.5 ], 
			"rotationOrigin": [ 8.0, 0.0, 8.0 ],
			"rotationX": -180.0,
			"rotationY": 90.0,
			"rotationZ": -180.0,
			"faces": {
				"north": { "texture": "#material", "uv": [ 0.0, 0.0, 0.5, 0.5 ], "enabled": false },
				"east": { "texture": "#material", "uv": [ 0.0, 0.0, 0.5, 0.5 ], "enabled": false },
				"south": { "texture": "#material", "uv": [ 0.0, 0.0, 0.5, 0.5 ], "enabled": false },
				"west": { "texture": "#material", "uv": [ 0.0, 0.0, 0.5, 0.5 ], "enabled": false },
				"up": { "texture": "#material", "uv": [ 0.0, 0.0, 0.5, 0.5 ], "enabled": false },
				"down": { "texture": "#material", "uv": [ 0.0, 0.0, 0.5, 0.5 ], "enabled": false }
			},
			"children": [
				{
					"name": "Side1",
					"from": [ 0.0, 0.0, -1.5 ], 
					"to": [ 16.0, 2.0, 13.5 ], 
					"rotationOrigin": [ 0.0, 0.0, -0.5 ],
					"faces": {
						"north": { "texture": "#material", "uv": [ 0.0, 0.0, 16.0, 2.0 ], "enabled": false },
						"east": { "texture": "#material", "uv": [ 0.0, 14.0, 16.0, 16.0 ], "autoUv": false },
						"south": { "texture": "#material", "uv": [ 0.0, 14.0, 16.0, 16.0 ], "autoUv": false },
						"west": { "texture": "#material", "uv": [ 0.0, 14.0, 16.0, 16.0 ], "autoUv": false },
						"up": { "texture": "#material", "uv": [ 0.0, 0.0, 16.0, 15.0 ], "enabled": false },
						"down": { "texture": "#material", "uv": [ 0.0, 0.0, 16.0, 16.0 ], "rotation": 90, "autoUv": false }
					}
				},
				{
					"name": "Side3",
					"from": [ 0.0, 2.0, 0.5 ], 
					"to": [ 16.0, 4.0, 13.5 ], 
					"rotationOrigin": [ 0.0, 2.0, 1.5 ],
					"faces": {
						"north": { "texture": "#material", "uv": [ 0.0, 0.0, 16.0, 2.0 ], "enabled": false },
						"east": { "texture": "#material", "uv": [ 0.0, 12.0, 13.9, 14.0 ], "autoUv": false },
						"south": { "texture": "#material", "uv": [ 0.0, 12.0, 16.0, 14.0 ], "autoUv": false },
						"west": { "texture": "#material", "uv": [ 2.1, 12.0, 16.0, 14.0 ], "autoUv": false },
						"up": { "texture": "#material", "uv": [ 0.0, 0.0, 16.0, 13.0 ], "enabled": false },
						"down": { "texture": "#material", "uv": [ 0.0, 0.0, 16.0, 13.0 ], "enabled": false }
					}
				},
				{
					"name": "Side4",
					"from": [ 0.0, 4.0, 2.5 ], 
					"to": [ 16.0, 6.0, 13.5 ], 
					"rotationOrigin": [ 0.0, 4.0, 3.5 ],
					"faces": {
						"north": { "texture": "#material", "uv": [ 0.0, 0.0, 16.0, 2.0 ], "enabled": false },
						"east": { "texture": "#material", "uv": [ 0.0, 10.0, 11.8, 12.0 ], "autoUv": false },
						"south": { "texture": "#material", "uv": [ 0.0, 10.0, 16.0, 12.0 ] },
						"west": { "texture": "#material", "uv": [ 4.2, 10.0, 16.0, 12.0 ], "autoUv": false },
						"up": { "texture": "#material", "uv": [ 0.0, 0.0, 16.0, 11.0 ], "enabled": false },
						"down": { "texture": "#material", "uv": [ 0.0, 0.0, 16.0, 11.0 ], "enabled": false }
					}
				},
				{
					"name": "Side7",
					"from": [ 0.0, 6.0, 4.5 ], 
					"to": [ 16.0, 8.0, 13.5 ], 
					"rotationOrigin": [ 0.0, 6.0, 4.0 ],
					"faces": {
						"north": { "texture": "#material", "uv": [ 0.0, 0.0, 16.0, 2.0 ], "enabled": false },
						"east": { "texture": "#material", "uv": [ 0.0, 8.0, 9.7, 10.0 ], "autoUv": false },
						"south": { "texture": "#material", "uv": [ 0.0, 8.0, 16.0, 10.0 ], "autoUv": false },
						"west": { "texture": "#material", "uv": [ 6.3, 8.0, 16.0, 10.0 ], "autoUv": false },
						"up": { "texture": "#material", "uv": [ 0.0, 0.0, 16.0, 9.0 ], "enabled": false },
						"down": { "texture": "#material", "uv": [ 0.0, 0.0, 16.0, 9.0 ], "enabled": false }
					}
				},
				{
					"name": "Side9",
					"from": [ 0.0, 8.0, 6.5 ], 
					"to": [ 16.0, 10.0, 13.5 ], 
					"rotationOrigin": [ 0.0, 8.0, 7.0 ],
					"faces": {
						"north": { "texture": "#material", "uv": [ 0.0, 0.0, 16.0, 2.0 ], "enabled": false },
						"east": { "texture": "#material", "uv": [ 0.0, 6.0, 7.6, 8.0 ], "autoUv": false },
						"south": { "texture": "#material", "uv": [ 0.0, 6.0, 16.0, 8.0 ], "autoUv": false },
						"west": { "texture": "#material", "uv": [ 8.5, 6.0, 15.5, 8.0 ], "autoUv": false },
						"up": { "texture": "#material", "uv": [ 0.0, 0.0, 16.0, 7.0 ], "enabled": false },
						"down": { "texture": "#material", "uv": [ 0.0, 0.0, 16.0, 7.0 ], "enabled": false }
					}
				},
				{
					"name": "Side11",
					"from": [ 0.0, 10.0, 8.5 ], 
					"to": [ 16.0, 12.0, 13.5 ], 
					"rotationOrigin": [ 0.0, 10.0, 9.0 ],
					"faces": {
						"north": { "texture": "#material", "uv": [ 0.0, 0.0, 16.0, 2.0 ], "enabled": false },
						"east": { "texture": "#material", "uv": [ 0.0, 4.0, 5.5, 6.0 ], "autoUv": false },
						"south": { "texture": "#material", "uv": [ 0.0, 4.0, 16.0, 6.0 ], "autoUv": false },
						"west": { "texture": "#material", "uv": [ 10.5, 4.0, 15.5, 6.0 ], "autoUv": false },
						"up": { "texture": "#material", "uv": [ 0.0, 0.0, 16.0, 5.0 ], "enabled": false },
						"down": { "texture": "#material", "uv": [ 0.0, 0.0, 16.0, 5.0 ], "enabled": false }
					}
				},
				{
					"name": "Side13",
					"from": [ 0.0, 12.0, 10.5 ], 
					"to": [ 16.0, 14.0, 13.5 ], 
					"rotationOrigin": [ 0.0, 12.0, 11.0 ],
					"faces": {
						"north": { "texture": "#material", "uv": [ 0.0, 0.0, 16.0, 2.0 ], "enabled": false },
						"east": { "texture": "#material", "uv": [ 0.0, 2.0, 3.4, 4.0 ], "autoUv": false },
						"south": { "texture": "#material", "uv": [ 0.0, 2.0, 16.0, 4.0 ], "autoUv": false },
						"west": { "texture": "#material", "uv": [ 12.6, 2.0, 16.0, 4.0 ], "autoUv": false },
						"up": { "texture": "#material", "uv": [ 0.0, 0.0, 16.0, 3.0 ], "enabled": false },
						"down": { "texture": "#material", "uv": [ 0.0, 0.0, 16.0, 3.0 ], "enabled": false }
					}
				},
				{
					"name": "Side14",
					"from": [ 0.0, 14.0, 11.5 ], 
					"to": [ 16.0, 15.0, 13.5 ], 
					"rotationOrigin": [ 0.0, 14.0, 12.0 ],
					"faces": {
						"north": { "texture": "#material", "uv": [ 0.0, 0.0, 16.0, 1.0 ], "enabled": false },
						"east": { "texture": "#material", "uv": [ 0.0, 0.0, 1.5, 2.0 ], "autoUv": false },
						"south": { "texture": "#material", "uv": [ 0.0, 1.0, 16.0, 2.0 ] },
						"west": { "texture": "#material", "uv": [ 14.5, 0.0, 16.0, 2.0 ], "autoUv": false },
						"up": { "texture": "#material", "uv": [ 0.0, 0.0, 16.0, 2.0 ], "enabled": false },
						"down": { "texture": "#material", "uv": [ 0.0, 0.0, 16.0, 2.0 ], "enabled": false }
					}
				}
			]
		}
	]}