{
    "GameVersion": "1.19.7",
    "SizeX": 21,
    "SizeY": 18,
    "SizeZ": 24,
    "BlockCodes": {
        "9698": "game:supportbeam-aged",
        "2966": "game:cobblestone-granite",
        "4154": "game:drystone-granite",
        "9493": "game:agedstonebricks-granite",
        "3061": "game:cobblestonestairs-granite-up-south-free",
        "2985": "game:cobblestonestairs-granite-up-north-free",
        "2852": "game:cobblestoneslab-granite-down-free",
        "6179": "game:rock-granite",
        "2339": "game:slantedroofing-brownclay-south-free",
        "8610": "game:groundstorage",
        "16414": "game:rocktyped-rubble-free",
        "2319": "game:slantedroofing-brownclay-north-free",
        "5107": "game:gravel-granite",
        "9526": "game:door-solid-aged",
        "136": "game:multiblock-monolithic-0-p1-0",
        "2329": "game:slantedroofing-brownclay-east-free",
        "5122": "game:looseboulders-granite-free",
        "5535": "game:loosestones-granite-free",
        "2479": "game:slantedroofingcornerouter-brownclay-north-free",
        "3004": "game:cobblestonestairs-granite-down-north-free",
        "3080": "game:cobblestonestairs-granite-down-south-free",
        "7355": "game:plankslab-aged-up-free",
        "8109": "game:chest-east",
        "9668": "game:planks-aged-we",
        "6632": "game:woodenfence-aged-nw-free",
        "6554": "game:woodenfence-aged-n-free",
        "6541": "game:woodenfence-aged-empty-free",
        "7329": "game:plankslab-aged-south-free",
        "6580": "game:woodenfence-aged-s-free",
        "6619": "game:woodenfence-aged-ns-free",
        "6645": "game:woodenfence-aged-es-free",
        "6684": "game:woodenfence-aged-nes-free",
        "2599": "game:slantedroofingtip-brownclay-free",
        "8606": "game:clutter",
        "6567": "game:woodenfence-aged-e-free",
        "2499": "game:slantedroofingcornerouter-brownclay-south-free",
        "2349": "game:slantedroofing-brownclay-west-free",
        "2509": "game:slantedroofingcornerouter-brownclay-west-free",
        "3042": "game:cobblestonestairs-granite-down-east-free",
        "7316": "game:plankslab-aged-east-free",
        "7277": "game:planks-aged-ns",
        "2776": "game:cobblestoneslab-granite-east-free",
        "2429": "game:slantedroofingcornerinner-brownclay-west-free",
        "6658": "game:woodenfence-aged-ew-free",
        "2569": "game:slantedroofingridge-brownclay-we-free",
        "7368": "game:plankslab-aged-down-free",
        "2757": "game:cobblestoneslab-granite-north-free"
    },
    "ItemCodes": {
        "1462": "game:shingle-burned-brown",
        "258": "game:stackrandomizer-cloth-lowstatus",
        "279": "game:stackrandomizer-gear",
        "275": "game:stackrandomizer-resource",
        "3943": "game:stackrandomizer-alljonas",
        "269": "game:stackrandomizer-ore",
        "3816": "game:stackrandomizer-mask",
        "3638": "game:stackrandomizer-buildingblocks",
        "262": "game:stackrandomizer-accessory-mediumstatus",
        "259": "game:stackrandomizer-cloth-mediumstatus",
        "3641": "game:stackrandomizer-newlore",
        "3647": "game:stackrandomizer-jonasparts",
        "4688": "game:stackrandomizer-materials-mining",
        "4686": "game:stackrandomizer-clutter-ruined-toys-clothing",
        "272": "game:stackrandomizer-seed",
        "270": "game:stackrandomizer-fuel"
    },
    "Indices": [
        5259264,
        5263360,
        8407040,
        16385,
        17409,
        18433,
        19457,
        20481,
        1064961,
        1065985,
        1067009,
        1068033,
        1069057,
        2113537,
        2114561,
        2115585,
        2116609,
        2117633,
        3162113,
        3163137,
        3164161,
        3165185,
        3166209,
        4210689,
        4211713,
        4212737,
        4213761,
        4214785,
        5258241,
        5259265,
        5260289,
        5261313,
        5262337,
        5263361,
        6307841,
        6308865,
        6309889,
        6310913,
        6311937,
        7357441,
        7358465,
        7359489,
        8407041,
        16386,
        20482,
        1064962,
        1069058,
        2113538,
        2114562,
        2115586,
        2116610,
        2117634,
        3162114,
        3163138,
        3164162,
        3165186,
        3166210,
        4210690,
        4214786,
        5259266,
        5263362,
        6311938,
        7359490,
        16387,
        20483,
        1064963,
        1069059,
        2113539,
        2114563,
        2115587,
        2116611,
        2117635,
        3162115,
        3163139,
        3164163,
        3166211,
        4210691,
        4214787,
        5259267,
        5263363,
        6311939,
        7359491,
        8196,
        9220,
        10244,
        11268,
        12292,
        13316,
        14340,
        15364,
        16388,
        20484,
        1056772,
        1057796,
        1058820,
        1059844,
        1060868,
        1061892,
        1062916,
        1063940,
        1064964,
        1069060,
        2105348,
        2106372,
        2107396,
        2108420,
        2109444,
        2110468,
        2111492,
        2112516,
        2113540,
        2114564,
        2115588,
        2116612,
        2117636,
        3153924,
        3154948,
        3156996,
        3158020,
        3159044,
        3160068,
        3162116,
        3163140,
        3164164,
        3165188,
        3166212,
        4210692,
        4212740,
        4214788,
        5259268,
        5263364,
        6307844,
        6311940,
        2053,
        3077,
        4101,
        5125,
        6149,
        7173,
        20485,
        1050629,
        1051653,
        1052677,
        1053701,
        1054725,
        1055749,
        1069061,
        2099205,
        2100229,
        2101253,
        2102277,
        2103301,
        2104325,
        2105349,
        2106373,
        2107397,
        2108421,
        2109445,
        2110469,
        2111493,
        2112517,
        2113541,
        2114565,
        2115589,
        2116613,
        2117637,
        3147781,
        3150853,
        3151877,
        3152901,
        3153925,
        3154949,
        3155973,
        3156997,
        3158021,
        3159045,
        3160069,
        3161093,
        3162117,
        3163141,
        3164165,
        3165189,
        3166213,
        4202501,
        4210693,
        4211717,
        4212741,
        4213765,
        4214789,
        5259269,
        5263365,
        6307845,
        2054,
        20486,
        1050630,
        1069062,
        2099206,
        2100230,
        2101254,
        2102278,
        2103302,
        2104326,
        2105350,
        2106374,
        2107398,
        2108422,
        2109446,
        2110470,
        2111494,
        2112518,
        2113542,
        2114566,
        2115590,
        2116614,
        2117638,
        3147782,
        3148806,
        3149830,
        3150854,
        3151878,
        3152902,
        3153926,
        3154950,
        3155974,
        3156998,
        3158022,
        3159046,
        3160070,
        3161094,
        3162118,
        3163142,
        3164166,
        3165190,
        3166214,
        4198406,
        4201478,
        4202502,
        4204550,
        4205574,
        4206598,
        4208646,
        4210694,
        4211718,
        4212742,
        4213766,
        4214790,
        5254150,
        5257222,
        5258246,
        5259270,
        5261318,
        5262342,
        5263366,
        5264390,
        2055,
        20487,
        21511,
        22535,
        1050631,
        1069063,
        1070087,
        1071111,
        2099207,
        2100231,
        2101255,
        2102279,
        2103303,
        2104327,
        2105351,
        2106375,
        2107399,
        2108423,
        2109447,
        2110471,
        2111495,
        2112519,
        2113543,
        2114567,
        2115591,
        2116615,
        2117639,
        2118663,
        2119687,
        3147783,
        3148807,
        3149831,
        3150855,
        3151879,
        3152903,
        3153927,
        3154951,
        3155975,
        3156999,
        3158023,
        3159047,
        3160071,
        3161095,
        3162119,
        3163143,
        3164167,
        3165191,
        3166215,
        3167239,
        3168263,
        4198407,
        4199431,
        4200455,
        4201479,
        4202503,
        4203527,
        4204551,
        4205575,
        4207623,
        4208647,
        4209671,
        4210695,
        4211719,
        4212743,
        4213767,
        4214791,
        4215815,
        4216839,
        5248007,
        5249031,
        5251079,
        5252103,
        5254151,
        5256199,
        5257223,
        5258247,
        5259271,
        5260295,
        5261319,
        5262343,
        5263367,
        5264391,
        5265415,
        5266439,
        6306823,
        6307847,
        6308871,
        6309895,
        6310919,
        6311943,
        6312967,
        6313991,
        6315015,
        7355399,
        7356423,
        7357447,
        7358471,
        7359495,
        7360519,
        7361543,
        7362567,
        8404999,
        8406023,
        8407047,
        8408071,
        8409095,
        8410119,
        8411143,
        9454599,
        9455623,
        9456647,
        9457671,
        9458695,
        9459719,
        10505223,
        10507271,
        10508295,
        11553799,
        11555847,
        11556871,
        12603399,
        12604423,
        12605447,
        13651975,
        13652999,
        13654023,
        1032,
        22536,
        1049608,
        1071112,
        2098184,
        2099208,
        2100232,
        2101256,
        2102280,
        2103304,
        2104328,
        2105352,
        2106376,
        2107400,
        2108424,
        2109448,
        2110472,
        2111496,
        2112520,
        2113544,
        2114568,
        2115592,
        2116616,
        2117640,
        2118664,
        2119688,
        3146760,
        3147784,
        3148808,
        3149832,
        3150856,
        3151880,
        3152904,
        3153928,
        3154952,
        3155976,
        3157000,
        3158024,
        3159048,
        3160072,
        3161096,
        3162120,
        3163144,
        3164168,
        3165192,
        3167240,
        3168264,
        4196360,
        4197384,
        4198408,
        4199432,
        4200456,
        4201480,
        4202504,
        4203528,
        4204552,
        4205576,
        4206600,
        4207624,
        4208648,
        4209672,
        4210696,
        4211720,
        4212744,
        4216840,
        5246984,
        5248008,
        5249032,
        5250056,
        5251080,
        5252104,
        5254152,
        5255176,
        5256200,
        5257224,
        5258248,
        5259272,
        5261320,
        5265416,
        6298632,
        6302728,
        6304776,
        6306824,
        6308872,
        6309896,
        6310920,
        6311944,
        6312968,
        6313992,
        7358472,
        7362568,
        8411144,
        9455624,
        9456648,
        9457672,
        9458696,
        9459720,
        10504200,
        10507272,
        10508296,
        11556872,
        12605448,
        13651976,
        13653000,
        13654024,
        14700552,
        14701576,
        2057,
        22537,
        1050633,
        1071113,
        2099209,
        2100233,
        2101257,
        2102281,
        2103305,
        2104329,
        2105353,
        2106377,
        2107401,
        2108425,
        2109449,
        2110473,
        2111497,
        2112521,
        2113545,
        2114569,
        2115593,
        2116617,
        2117641,
        2118665,
        2119689,
        3147785,
        3148809,
        3149833,
        3150857,
        3151881,
        3152905,
        3153929,
        3154953,
        3155977,
        3157001,
        3158025,
        3159049,
        3160073,
        3161097,
        3162121,
        3163145,
        3164169,
        3165193,
        3168265,
        4196361,
        4197385,
        4198409,
        4199433,
        4200457,
        4201481,
        4202505,
        4203529,
        4204553,
        4205577,
        4206601,
        4207625,
        4208649,
        4209673,
        4210697,
        4212745,
        4216841,
        5246985,
        5248009,
        5249033,
        5250057,
        5254153,
        5255177,
        5257225,
        5265417,
        6296585,
        6297609,
        6298633,
        6305801,
        6309897,
        6310921,
        6311945,
        6312969,
        6313993,
        7359497,
        7362569,
        9455625,
        9456649,
        9457673,
        9458697,
        9459721,
        10505225,
        12605449,
        13653001,
        13654025,
        14700553,
        14701577,
        15749129,
        2058,
        22538,
        1050634,
        1071114,
        2099210,
        2100234,
        2101258,
        2102282,
        2103306,
        2104330,
        2105354,
        2106378,
        2107402,
        2108426,
        2109450,
        2110474,
        2111498,
        2112522,
        2113546,
        2114570,
        2115594,
        2116618,
        2117642,
        2118666,
        2119690,
        3147786,
        3148810,
        3149834,
        3151882,
        3152906,
        3153930,
        3154954,
        3155978,
        3157002,
        3158026,
        3159050,
        3160074,
        3161098,
        3162122,
        3163146,
        3164170,
        3168266,
        4196362,
        4197386,
        4198410,
        4199434,
        4200458,
        4201482,
        4202506,
        4203530,
        4205578,
        4206602,
        4207626,
        4208650,
        4209674,
        4210698,
        4211722,
        4216842,
        5246986,
        5248010,
        5249034,
        5250058,
        5256202,
        5257226,
        5259274,
        5265418,
        6296586,
        6304778,
        6305802,
        6311946,
        6312970,
        6313994,
        7353354,
        7354378,
        7362570,
        8411146,
        9457674,
        9458698,
        9459722,
        10508298,
        11556874,
        12605450,
        13653002,
        13654026,
        14700554,
        14701578,
        15749130,
        11,
        1035,
        2059,
        22539,
        1048587,
        1049611,
        1050635,
        1071115,
        2097163,
        2098187,
        2099211,
        2100235,
        2101259,
        2102283,
        2103307,
        2104331,
        2105355,
        2106379,
        2107403,
        2108427,
        2109451,
        2110475,
        2111499,
        2112523,
        2113547,
        2114571,
        2115595,
        2116619,
        2117643,
        2118667,
        2119691,
        3147787,
        3148811,
        3149835,
        3150859,
        3151883,
        3152907,
        3153931,
        3154955,
        3155979,
        3157003,
        3158027,
        3159051,
        3160075,
        3161099,
        3162123,
        3163147,
        3164171,
        3165195,
        3168267,
        4197387,
        4198411,
        4199435,
        4200459,
        4201483,
        4202507,
        4204555,
        4206603,
        4207627,
        4208651,
        4211723,
        4212747,
        4216843,
        5246987,
        5248011,
        5249035,
        5251083,
        5255179,
        5257227,
        5261323,
        5265419,
        6297611,
        6301707,
        6302731,
        6303755,
        6304779,
        6305803,
        6306827,
        6309899,
        6311947,
        6312971,
        6313995,
        7351307,
        7352331,
        7354379,
        7355403,
        7358475,
        7362571,
        8402955,
        8407051,
        9455627,
        9457675,
        9458699,
        9459723,
        10504203,
        11552779,
        12601355,
        12605451,
        13650955,
        13651979,
        13653003,
        13654027,
        14698507,
        14700555,
        14701579,
        15747083,
        15748107,
        15749131,
        16794635,
        16795659,
        16796683,
        17844235,
        1036,
        22540,
        1049612,
        1071116,
        2098188,
        2099212,
        2100236,
        2101260,
        2102284,
        2103308,
        2104332,
        2105356,
        2106380,
        2107404,
        2108428,
        2109452,
        2110476,
        2111500,
        2112524,
        2113548,
        2114572,
        2115596,
        2116620,
        2117644,
        2118668,
        2119692,
        3146764,
        3147788,
        3148812,
        3149836,
        3150860,
        3151884,
        3152908,
        3153932,
        3154956,
        3155980,
        3157004,
        3158028,
        3159052,
        3160076,
        3161100,
        3162124,
        3163148,
        3165196,
        3168268,
        4198412,
        4199436,
        4200460,
        4201484,
        4202508,
        4206604,
        4207628,
        4208652,
        4209676,
        4213772,
        4216844,
        5248012,
        5249036,
        5250060,
        5257228,
        5262348,
        5265420,
        6296588,
        6297612,
        6298636,
        6299660,
        6300684,
        6301708,
        6302732,
        6304780,
        6305804,
        6306828,
        6307852,
        6310924,
        6311948,
        6312972,
        6313996,
        7346188,
        7347212,
        7349260,
        7350284,
        7351308,
        7353356,
        7354380,
        7359500,
        7362572,
        8394764,
        8402956,
        8408076,
        8411148,
        9451532,
        9452556,
        9453580,
        9456652,
        9457676,
        9458700,
        9459724,
        10500108,
        10501132,
        10508300,
        11556876,
        12605452,
        13649932,
        13653004,
        13654028,
        14700556,
        14701580,
        15746060,
        15747084,
        15748108,
        15749132,
        16794636,
        16795660,
        16796684,
        1037,
        22541,
        1049613,
        1071117,
        2098189,
        2099213,
        2100237,
        2101261,
        2102285,
        2103309,
        2104333,
        2105357,
        2106381,
        2107405,
        2108429,
        2109453,
        2110477,
        2111501,
        2112525,
        2113549,
        2114573,
        2115597,
        2116621,
        2117645,
        2118669,
        2119693,
        3148813,
        3150861,
        3151885,
        3152909,
        3153933,
        3154957,
        3155981,
        3157005,
        3158029,
        3159053,
        3160077,
        3168269,
        4200461,
        4201485,
        4202509,
        4203533,
        4207629,
        4208653,
        4216845,
        5244941,
        5249037,
        5256205,
        5257229,
        5265421,
        6293517,
        6294541,
        6295565,
        6296589,
        6297613,
        6298637,
        6299661,
        6300685,
        6301709,
        6302733,
        6303757,
        6304781,
        6305805,
        6306829,
        6307853,
        6308877,
        6309901,
        6310925,
        6311949,
        6312973,
        6313997,
        7342093,
        7343117,
        7345165,
        7346189,
        7347213,
        7349261,
        7354381,
        7356429,
        7362573,
        8390669,
        8394765,
        8402957,
        9443341,
        9451533,
        9452557,
        9453581,
        9454605,
        9455629,
        9456653,
        9457677,
        9458701,
        10496013,
        10497037,
        10498061,
        10500109,
        10502157,
        11544589,
        11545613,
        11546637,
        11547661,
        11548685,
        12593165,
        12594189,
        12595213,
        12596237,
        12597261,
        12605453,
        13642765,
        13643789,
        13644813,
        13646861,
        13649933,
        13653005,
        13654029,
        14695437,
        14696461,
        14697485,
        14698509,
        14699533,
        14700557,
        14701581,
        15745037,
        15746061,
        15747085,
        15748109,
        15749133,
        1038,
        2062,
        3086,
        4110,
        5134,
        22542,
        1049614,
        1050638,
        1051662,
        1052686,
        1053710,
        1071118,
        2098190,
        2099214,
        2100238,
        2101262,
        2102286,
        2103310,
        2104334,
        2105358,
        2106382,
        2107406,
        2108430,
        2109454,
        2110478,
        2111502,
        2112526,
        2113550,
        2114574,
        2115598,
        2116622,
        2117646,
        2118670,
        2119694,
        3146766,
        3147790,
        3150862,
        3151886,
        3152910,
        3153934,
        3154958,
        3158030,
        3159054,
        3160078,
        3163150,
        3168270,
        4196366,
        4199438,
        4200462,
        4201486,
        4206606,
        4207630,
        4208654,
        4216846,
        5243918,
        5244942,
        5245966,
        5246990,
        5248014,
        5249038,
        5250062,
        5251086,
        5252110,
        5253134,
        5254158,
        5255182,
        5256206,
        5257230,
        5265422,
        6293518,
        6294542,
        6295566,
        6296590,
        6297614,
        6298638,
        6299662,
        6300686,
        6301710,
        6302734,
        6303758,
        6304782,
        6305806,
        6306830,
        6307854,
        6308878,
        6309902,
        6310926,
        6311950,
        6312974,
        6313998,
        7342094,
        7343118,
        7344142,
        7345166,
        7346190,
        7347214,
        7348238,
        7349262,
        7350286,
        7351310,
        7352334,
        7353358,
        7354382,
        7361550,
        7362574,
        8390670,
        8392718,
        8394766,
        8395790,
        8396814,
        8397838,
        8398862,
        8399886,
        8400910,
        8401934,
        8402958,
        8411150,
        9439246,
        9440270,
        9441294,
        9443342,
        9444366,
        9445390,
        9446414,
        9447438,
        9448462,
        9449486,
        9450510,
        9451534,
        9452558,
        9453582,
        9454606,
        9455630,
        9456654,
        9457678,
        9458702,
        9459726,
        10488846,
        10492942,
        10493966,
        10494990,
        10496014,
        10497038,
        10498062,
        10499086,
        10500110,
        10502158,
        10503182,
        10507278,
        10508302,
        11542542,
        11543566,
        11544590,
        11545614,
        11546638,
        11547662,
        11548686,
        11556878,
        12593166,
        12594190,
        12595214,
        12596238,
        12597262,
        12605454,
        13641742,
        13642766,
        13645838,
        13646862,
        13647886,
        13648910,
        13649934,
        13650958,
        13651982,
        13653006,
        13654030,
        14690318,
        14695438,
        14696462,
        14697486,
        14698510,
        14699534,
        14700558,
        14701582,
        6159,
        22543,
        1054735,
        1071119,
        2103311,
        2104335,
        2105359,
        2106383,
        2107407,
        2108431,
        2109455,
        2110479,
        2111503,
        2112527,
        2113551,
        2114575,
        2115599,
        2116623,
        2117647,
        2118671,
        2119695,
        3151887,
        3153935,
        3154959,
        3155983,
        3160079,
        3161103,
        3162127,
        3163151,
        3164175,
        3165199,
        3166223,
        3167247,
        3168271,
        4200463,
        4208655,
        4209679,
        4210703,
        4211727,
        4212751,
        4213775,
        4214799,
        4215823,
        4216847,
        5248015,
        5249039,
        5257231,
        5258255,
        5259279,
        5260303,
        5261327,
        5262351,
        5263375,
        5264399,
        5265423,
        5266447,
        6297615,
        6300687,
        6301711,
        6302735,
        6303759,
        6304783,
        6305807,
        6306831,
        6307855,
        6308879,
        6309903,
        6310927,
        6311951,
        6312975,
        6313999,
        7346191,
        7353359,
        7355407,
        7356431,
        7357455,
        7358479,
        7359503,
        7360527,
        7361551,
        7362575,
        8394767,
        8402959,
        8403983,
        8406031,
        8408079,
        8410127,
        8411151,
        9443343,
        9451535,
        9454607,
        9455631,
        9456655,
        9457679,
        9458703,
        9459727,
        10491919,
        10492943,
        10493967,
        10494991,
        10496015,
        10497039,
        10498063,
        10499087,
        10500111,
        10504207,
        10505231,
        10507279,
        10508303,
        11541519,
        11547663,
        11548687,
        11549711,
        11553807,
        11555855,
        11556879,
        12591119,
        12595215,
        12597263,
        12598287,
        12599311,
        12600335,
        12601359,
        12602383,
        12603407,
        12604431,
        12605455,
        13640719,
        13642767,
        13645839,
        13646863,
        13647887,
        13648911,
        13649935,
        13650959,
        13651983,
        13653007,
        13654031,
        14690319,
        6160,
        21520,
        1054736,
        1070096,
        2103312,
        2104336,
        2105360,
        2106384,
        2107408,
        2108432,
        2109456,
        2110480,
        2111504,
        2112528,
        2113552,
        2114576,
        2115600,
        2116624,
        2117648,
        2118672,
        3151888,
        3152912,
        3153936,
        3154960,
        3155984,
        3160080,
        3161104,
        3162128,
        3163152,
        3164176,
        3165200,
        3166224,
        3167248,
        4200464,
        4208656,
        4209680,
        4210704,
        4211728,
        4212752,
        4213776,
        4214800,
        5249040,
        5257232,
        5258256,
        5259280,
        5260304,
        6297616,
        6300688,
        6302736,
        6303760,
        6304784,
        6305808,
        6306832,
        6307856,
        7346192,
        7353360,
        7354384,
        9443344,
        10491920,
        10492944,
        10493968,
        10494992,
        10497040,
        10498064,
        11541520,
        12591120,
        12595216,
        13640720,
        13641744,
        13642768,
        6161,
        19473,
        20497,
        1054737,
        1068049,
        1069073,
        2103313,
        2104337,
        2105361,
        2106385,
        2107409,
        2108433,
        2109457,
        2110481,
        2111505,
        2112529,
        2113553,
        2114577,
        2115601,
        2116625,
        2117649,
        3151889,
        3153937,
        3160081,
        3161105,
        3162129,
        3163153,
        3164177,
        3165201,
        3166225,
        4200465,
        4208657,
        4209681,
        4210705,
        4211729,
        4212753,
        4214801,
        5249041,
        5257233,
        5258257,
        5259281,
        6297617,
        6298641,
        6300689,
        6301713,
        6302737,
        6303761,
        6304785,
        6305809,
        7346193,
        7353361,
        7354385,
        8394769,
        9443345,
        10491921,
        10492945,
        10493969,
        10494993,
        10496017,
        10497041,
        10498065,
        11541521,
        12591121,
        12592145,
        12593169,
        12594193,
        12595217,
        6162,
        17426,
        18450,
        1054738,
        1066002,
        1067026,
        2103314,
        2104338,
        2105362,
        2106386,
        2107410,
        2108434,
        2109458,
        2110482,
        2111506,
        2112530,
        2113554,
        2114578,
        2115602,
        3151890,
        3152914,
        3159058,
        3160082,
        3161106,
        3162130,
        3163154,
        3164178,
        4200466,
        4208658,
        4209682,
        4210706,
        4212754,
        5249042,
        5257234,
        6297618,
        6298642,
        6299666,
        6300690,
        6301714,
        6302738,
        6303762,
        6304786,
        7346194,
        7347218,
        7349266,
        7351314,
        7352338,
        7354386,
        9443346,
        10491922,
        10492946,
        10493970,
        10494994,
        10496018,
        10497042,
        10498066,
        11541522,
        11542546,
        11543570,
        11544594,
        11545618,
        11546642,
        6163,
        7187,
        8211,
        9235,
        10259,
        11283,
        12307,
        13331,
        14355,
        15379,
        16403,
        1054739,
        1055763,
        1056787,
        1057811,
        1058835,
        1059859,
        1060883,
        1061907,
        1062931,
        1063955,
        1064979,
        2103315,
        2104339,
        2105363,
        2106387,
        2107411,
        2108435,
        2109459,
        2110483,
        2111507,
        2112531,
        2113555,
        3151891,
        3152915,
        3153939,
        3154963,
        3155987,
        3157011,
        3158035,
        3159059,
        3160083,
        3161107,
        3162131,
        4200467,
        4201491,
        4202515,
        4203539,
        4204563,
        4205587,
        4206611,
        4207635,
        4208659,
        4209683,
        5248019,
        5249043,
        5250067,
        5251091,
        5252115,
        5253139,
        5254163,
        5255187,
        5256211,
        5257235,
        6297619,
        6298643,
        6299667,
        6300691,
        6301715,
        6302739,
        6303763,
        6304787,
        6305811,
        7346195,
        7347219,
        7348243,
        7349267,
        7350291,
        7351315,
        7352339,
        7353363,
        7354387,
        8394771,
        8395795,
        8397843,
        8399891,
        8401939,
        8402963,
        9443347,
        9444371,
        9445395,
        9446419,
        9447443,
        9448467,
        9449491,
        9450515,
        9451539,
        10491923,
        10492947,
        10493971,
        10494995,
        10496019,
        10497043,
        10498067,
        5249044,
        5257236
    ],
    "BlockIds": [
        9698,
        9698,
        9698,
        2966,
        2966,
        2966,
        2966,
        2966,
        2966,
        2966,
        2966,
        2966,
        2966,
        2966,
        2966,
        2966,
        2966,
        2966,
        4154,
        9493,
        9493,
        9493,
        4154,
        4154,
        9493,
        4154,
        2966,
        4154,
        9698,
        9493,
        4154,
        9493,
        4154,
        9493,
        3061,
        9493,
        2966,
        2966,
        2985,
        3061,
        4154,
        2985,
        2852,
        2966,
        2966,
        2966,
        2966,
        2966,
        6179,
        6179,
        6179,
        2966,
        2966,
        2339,
        8610,
        16414,
        2966,
        4154,
        4154,
        2966,
        9493,
        2319,
        2319,
        2966,
        2966,
        2966,
        2966,
        2966,
        6179,
        6179,
        6179,
        2966,
        2966,
        16414,
        2852,
        9493,
        9493,
        2966,
        9493,
        9493,
        2319,
        2319,
        2966,
        2966,
        2966,
        2966,
        2966,
        2966,
        2966,
        2966,
        2966,
        2966,
        2966,
        2966,
        2966,
        2966,
        2966,
        2966,
        2966,
        2966,
        2966,
        2966,
        2966,
        2966,
        2966,
        2966,
        2966,
        2966,
        2966,
        2966,
        2966,
        6179,
        6179,
        6179,
        2966,
        5107,
        2852,
        2852,
        5107,
        5107,
        5107,
        9526,
        8610,
        9493,
        2852,
        4154,
        136,
        16414,
        4154,
        4154,
        9493,
        2329,
        2319,
        2966,
        2966,
        2966,
        2966,
        2966,
        2966,
        2966,
        2966,
        2966,
        2966,
        2966,
        2966,
        2966,
        2966,
        2966,
        2966,
        2966,
        2966,
        2966,
        2966,
        6179,
        6179,
        6179,
        6179,
        6179,
        6179,
        6179,
        6179,
        6179,
        6179,
        6179,
        6179,
        2966,
        5107,
        2852,
        5107,
        5107,
        5107,
        5107,
        9493,
        2966,
        4154,
        2966,
        5107,
        8610,
        2966,
        9493,
        5107,
        5107,
        4154,
        9698,
        4154,
        8610,
        5122,
        2852,
        2966,
        9493,
        2966,
        5122,
        2966,
        2966,
        2966,
        2966,
        2966,
        6179,
        6179,
        6179,
        6179,
        6179,
        6179,
        6179,
        6179,
        6179,
        6179,
        6179,
        6179,
        6179,
        6179,
        6179,
        6179,
        6179,
        2966,
        5107,
        9493,
        2966,
        9493,
        2966,
        2966,
        5107,
        2966,
        9493,
        2966,
        4154,
        2966,
        5107,
        8610,
        4154,
        5107,
        5107,
        5107,
        2966,
        16414,
        16414,
        2852,
        16414,
        5107,
        2852,
        2339,
        9493,
        2329,
        5107,
        5107,
        9493,
        5535,
        9698,
        9698,
        9493,
        2852,
        5122,
        4154,
        9698,
        2966,
        2966,
        2966,
        2966,
        2966,
        2966,
        2966,
        2966,
        2966,
        6179,
        6179,
        6179,
        6179,
        6179,
        6179,
        6179,
        6179,
        6179,
        6179,
        6179,
        6179,
        6179,
        6179,
        6179,
        6179,
        6179,
        2966,
        2966,
        2966,
        5107,
        2966,
        5107,
        5107,
        2966,
        2966,
        9493,
        2966,
        4154,
        2966,
        5107,
        5107,
        9493,
        4154,
        9493,
        4154,
        5107,
        9493,
        4154,
        2966,
        2966,
        2852,
        5107,
        5107,
        2852,
        5107,
        5107,
        5107,
        5107,
        5107,
        2966,
        2966,
        2966,
        4154,
        5107,
        4154,
        2966,
        2966,
        2966,
        2329,
        9698,
        5535,
        5122,
        16414,
        9698,
        4154,
        9493,
        4154,
        4154,
        2966,
        2966,
        9493,
        4154,
        4154,
        9698,
        2966,
        9493,
        9493,
        2966,
        2966,
        9493,
        2966,
        9493,
        9698,
        5122,
        2966,
        4154,
        2966,
        9493,
        2966,
        2966,
        2966,
        5122,
        9493,
        2966,
        2966,
        4154,
        2966,
        2966,
        5122,
        2966,
        9493,
        2966,
        2966,
        9493,
        2966,
        2966,
        9493,
        4154,
        4154,
        2966,
        4154,
        9493,
        4154,
        2329,
        2329,
        2479,
        2966,
        2966,
        2966,
        2966,
        2966,
        6179,
        6179,
        6179,
        6179,
        6179,
        6179,
        6179,
        6179,
        6179,
        6179,
        6179,
        6179,
        6179,
        6179,
        6179,
        6179,
        6179,
        6179,
        6179,
        6179,
        2966,
        9493,
        9493,
        2966,
        4154,
        9493,
        9493,
        2966,
        9493,
        2966,
        9493,
        5107,
        5107,
        2966,
        2966,
        5107,
        2966,
        5107,
        5107,
        2966,
        16414,
        9493,
        5107,
        2852,
        5107,
        9493,
        5107,
        4154,
        5107,
        5107,
        2966,
        5107,
        5107,
        9493,
        2966,
        5107,
        5107,
        5107,
        5107,
        4154,
        2852,
        2852,
        5107,
        5107,
        2852,
        2329,
        3004,
        3080,
        9493,
        4154,
        5107,
        5107,
        16414,
        2966,
        5535,
        16414,
        5122,
        16414,
        7355,
        7355,
        7355,
        7355,
        7355,
        9493,
        8610,
        4154,
        4154,
        7355,
        7355,
        7355,
        7355,
        9493,
        8610,
        8109,
        2966,
        2966,
        9493,
        9668,
        9668,
        2319,
        2329,
        2479,
        2966,
        2966,
        2966,
        2966,
        2966,
        6179,
        6179,
        6179,
        6179,
        6179,
        6179,
        6179,
        6179,
        6179,
        6179,
        6179,
        6179,
        6179,
        6179,
        6179,
        6179,
        6179,
        6179,
        6179,
        2966,
        2966,
        2966,
        9493,
        2966,
        4154,
        4154,
        2966,
        5107,
        4154,
        5107,
        5107,
        5107,
        9493,
        5107,
        5107,
        5107,
        2966,
        2966,
        2966,
        2339,
        5107,
        5107,
        5107,
        2966,
        5107,
        5107,
        2852,
        2852,
        2966,
        5107,
        2966,
        9493,
        5107,
        5107,
        16414,
        9493,
        16414,
        5107,
        5107,
        5107,
        2852,
        5107,
        4154,
        9493,
        16414,
        2852,
        16414,
        2966,
        7355,
        7355,
        7355,
        7355,
        2966,
        2339,
        2852,
        7355,
        7355,
        7355,
        7355,
        2966,
        2339,
        2966,
        9668,
        2319,
        9668,
        2319,
        2479,
        2966,
        2966,
        2966,
        2966,
        2966,
        6179,
        6179,
        6179,
        6179,
        6179,
        6179,
        6179,
        6179,
        6179,
        6179,
        6179,
        6179,
        6179,
        6179,
        6179,
        6179,
        6179,
        6179,
        6179,
        2966,
        5107,
        5107,
        2966,
        2966,
        2966,
        2966,
        5107,
        5107,
        5107,
        5107,
        5107,
        4154,
        5107,
        2966,
        5107,
        5107,
        9493,
        9698,
        16414,
        5107,
        9493,
        9493,
        5107,
        5107,
        2852,
        4154,
        2966,
        2966,
        2966,
        16414,
        5107,
        5107,
        2966,
        5535,
        5107,
        4154,
        8610,
        8610,
        9493,
        5535,
        9493,
        5535,
        7355,
        2966,
        7355,
        7355,
        9493,
        2339,
        5122,
        2966,
        9493,
        7355,
        7355,
        9493,
        4154,
        9493,
        4154,
        9668,
        2319,
        9668,
        2319,
        2319,
        2966,
        2966,
        2966,
        2966,
        2966,
        2966,
        2966,
        2966,
        2966,
        2966,
        2966,
        6179,
        6179,
        6179,
        6179,
        6179,
        6179,
        6179,
        6179,
        6179,
        6179,
        6179,
        6179,
        6179,
        6179,
        6179,
        6179,
        6179,
        6179,
        6179,
        2966,
        2966,
        5107,
        2966,
        2966,
        9493,
        5107,
        4154,
        5107,
        5107,
        5107,
        5107,
        5107,
        9493,
        5107,
        2966,
        5107,
        6632,
        16414,
        4154,
        2852,
        5107,
        2966,
        9493,
        2852,
        5107,
        2339,
        2966,
        8610,
        2966,
        5107,
        6554,
        4154,
        2852,
        8610,
        2966,
        2329,
        8610,
        9493,
        6541,
        4154,
        5122,
        7329,
        7355,
        7355,
        7355,
        2966,
        7355,
        6541,
        7355,
        7355,
        2966,
        5122,
        5535,
        9526,
        2329,
        6541,
        2852,
        136,
        6541,
        6541,
        7355,
        7355,
        2966,
        6541,
        6541,
        6541,
        2966,
        6580,
        6619,
        9668,
        2319,
        6541,
        9668,
        2319,
        6645,
        9668,
        2319,
        2339,
        6684,
        2319,
        2599,
        2966,
        2966,
        2966,
        2966,
        2966,
        6179,
        6179,
        6179,
        6179,
        6179,
        6179,
        6179,
        6179,
        6179,
        6179,
        6179,
        6179,
        6179,
        6179,
        6179,
        6179,
        6179,
        6179,
        6179,
        6179,
        2966,
        2852,
        2852,
        8610,
        9493,
        5107,
        2966,
        4154,
        5107,
        5107,
        5107,
        5107,
        5107,
        5107,
        9493,
        5107,
        5107,
        6632,
        8606,
        2966,
        2339,
        5107,
        2966,
        5107,
        2852,
        16414,
        5107,
        2966,
        16414,
        8606,
        2966,
        5535,
        2966,
        5122,
        2966,
        8606,
        9493,
        7355,
        2966,
        7355,
        7355,
        7355,
        7355,
        7355,
        7355,
        4154,
        7355,
        7355,
        8606,
        7355,
        7355,
        4154,
        2966,
        8610,
        5535,
        2329,
        2329,
        8610,
        2966,
        8606,
        4154,
        5122,
        4154,
        8606,
        9493,
        2966,
        7355,
        7355,
        8606,
        7355,
        7355,
        2966,
        16414,
        2329,
        4154,
        2966,
        9493,
        6567,
        9668,
        2319,
        9668,
        2319,
        9668,
        9668,
        9668,
        2319,
        2499,
        2349,
        2509,
        2966,
        2966,
        2966,
        2966,
        2966,
        6179,
        6179,
        6179,
        6179,
        6179,
        6179,
        6179,
        6179,
        6179,
        6179,
        6179,
        6179,
        6179,
        6179,
        6179,
        6179,
        6179,
        6179,
        6179,
        6179,
        2966,
        2329,
        5107,
        4154,
        5107,
        5107,
        5107,
        2852,
        16414,
        5107,
        5107,
        2966,
        2966,
        4154,
        5107,
        5107,
        5122,
        5107,
        4154,
        9493,
        3042,
        9493,
        16414,
        9493,
        4154,
        9493,
        7355,
        7355,
        7355,
        4154,
        7355,
        7355,
        7355,
        7355,
        7355,
        7316,
        7355,
        2966,
        7355,
        7355,
        7355,
        7355,
        7355,
        7355,
        7355,
        2966,
        2966,
        5535,
        16414,
        2966,
        8109,
        8606,
        2966,
        8606,
        2852,
        16414,
        2966,
        9493,
        5535,
        9493,
        7355,
        7355,
        7355,
        7355,
        7355,
        7355,
        7355,
        7355,
        7277,
        7277,
        2966,
        8610,
        2776,
        2776,
        2776,
        2776,
        9493,
        2776,
        2776,
        2776,
        2776,
        9493,
        2966,
        2429,
        2349,
        2349,
        9668,
        6658,
        9668,
        2319,
        2339,
        9668,
        9668,
        9668,
        9668,
        9668,
        2319,
        2499,
        2349,
        2349,
        2349,
        2509,
        2966,
        2966,
        2966,
        2966,
        2966,
        2966,
        2966,
        2966,
        2966,
        2966,
        2966,
        2966,
        2966,
        2966,
        2966,
        2966,
        2966,
        6179,
        6179,
        6179,
        6179,
        6179,
        6179,
        6179,
        6179,
        6179,
        6179,
        6179,
        6179,
        6179,
        6179,
        6179,
        6179,
        2966,
        9698,
        2966,
        4154,
        9493,
        4154,
        5107,
        8610,
        9493,
        4154,
        2966,
        16414,
        2966,
        4154,
        2966,
        2966,
        4154,
        2966,
        2966,
        2966,
        2966,
        9698,
        9493,
        3004,
        3080,
        9493,
        9493,
        9493,
        9493,
        4154,
        2966,
        2966,
        4154,
        2966,
        2966,
        9493,
        2966,
        4154,
        2966,
        2966,
        9493,
        4154,
        2966,
        2966,
        4154,
        2966,
        4154,
        2966,
        2966,
        7355,
        7355,
        7355,
        7355,
        7355,
        7355,
        7355,
        2966,
        9493,
        2852,
        9493,
        2852,
        2966,
        9493,
        2966,
        9493,
        9526,
        9493,
        4154,
        2966,
        2966,
        8109,
        9493,
        4154,
        9493,
        2966,
        9493,
        2966,
        4154,
        136,
        2966,
        2852,
        2966,
        4154,
        9493,
        2966,
        4154,
        2966,
        2966,
        2966,
        2966,
        9493,
        4154,
        4154,
        2966,
        9493,
        2966,
        7355,
        7355,
        7355,
        7355,
        7355,
        7355,
        7355,
        2966,
        5122,
        5535,
        9493,
        4154,
        2966,
        2966,
        9493,
        4154,
        2966,
        5122,
        16414,
        8606,
        2966,
        5122,
        16414,
        7277,
        7277,
        7277,
        7277,
        2966,
        2966,
        9493,
        9493,
        2429,
        2349,
        9493,
        9493,
        16414,
        2319,
        2339,
        9668,
        9668,
        9668,
        9668,
        9668,
        9668,
        9668,
        2319,
        2569,
        2499,
        2349,
        2349,
        2349,
        2349,
        2349,
        2509,
        2966,
        2966,
        2966,
        2966,
        2966,
        6179,
        6179,
        6179,
        6179,
        6179,
        6179,
        6179,
        6179,
        6179,
        6179,
        6179,
        6179,
        6179,
        6179,
        6179,
        2966,
        2966,
        7368,
        5107,
        16414,
        2966,
        9493,
        2966,
        9493,
        2966,
        4154,
        2966,
        9493,
        4154,
        4154,
        2966,
        9493,
        2966,
        4154,
        2966,
        4154,
        2966,
        2966,
        9493,
        9698,
        2966,
        9493,
        4154,
        9493,
        9493,
        4154,
        2966,
        2966,
        4154,
        9493,
        9698,
        9493,
        7355,
        7355,
        7355,
        7355,
        7355,
        2966,
        9493,
        2966,
        4154,
        2966,
        2966,
        9493,
        2966,
        4154,
        2966,
        2349,
        2966,
        2852,
        4154,
        2852,
        4154,
        2852,
        2966,
        2966,
        4154,
        2966,
        5122,
        9493,
        9493,
        2966,
        9493,
        2966,
        9493,
        16414,
        9493,
        2966,
        2966,
        9493,
        9493,
        2339,
        9668,
        9668,
        9668,
        9668,
        9668,
        9668,
        9668,
        4154,
        5122,
        2966,
        4154,
        4154,
        2339,
        2429,
        2966,
        2966,
        4154,
        2966,
        2966,
        2339,
        2319,
        2966,
        2966,
        9493,
        9493,
        9493,
        2966,
        4154,
        9493,
        4154,
        2339,
        2319,
        2499,
        2349,
        2349,
        2349,
        2349,
        2349,
        2349,
        2349,
        2509,
        2569,
        2966,
        2966,
        2966,
        2966,
        2966,
        6179,
        6179,
        6179,
        6179,
        6179,
        6179,
        6179,
        6179,
        6179,
        6179,
        6179,
        6179,
        6179,
        6179,
        2966,
        4154,
        7368,
        7368,
        7368,
        7368,
        4154,
        2966,
        5107,
        5107,
        5107,
        5107,
        9493,
        2852,
        2966,
        9493,
        5107,
        2966,
        5107,
        2852,
        2349,
        16414,
        2966,
        2966,
        2966,
        2966,
        2757,
        2966,
        7355,
        7329,
        7355,
        7355,
        4154,
        2852,
        8610,
        2852,
        5535,
        2852,
        2966,
        2339,
        9668,
        9668,
        9668,
        9668,
        9668,
        2339,
        2339,
        2319,
        2499,
        2349,
        2509,
        2966,
        2966,
        2966,
        2966,
        2966,
        2966,
        2966,
        6179,
        6179,
        6179,
        6179,
        6179,
        6179,
        6179,
        6179,
        6179,
        6179,
        6179,
        6179,
        2966,
        2966,
        9493,
        16414,
        9493,
        2966,
        2966,
        5107,
        5107,
        2852,
        2966,
        2966,
        2966,
        9493,
        5107,
        2852,
        16414,
        5122,
        9493,
        9493,
        2852,
        2349,
        2966,
        7355,
        7355,
        7355,
        7355,
        7355,
        7355,
        2966,
        9493,
        2319,
        5122,
        4154,
        2966,
        2339,
        9668,
        9668,
        9668,
        9668,
        9668,
        9668,
        2339,
        2499,
        2349,
        2349,
        2349,
        2509,
        2966,
        2966,
        2966,
        2966,
        2966,
        2966,
        2966,
        6179,
        6179,
        6179,
        6179,
        6179,
        6179,
        6179,
        6179,
        6179,
        6179,
        2966,
        2966,
        2966,
        8606,
        8109,
        2966,
        2966,
        2966,
        2852,
        9493,
        4154,
        4154,
        16414,
        5122,
        16414,
        2966,
        9493,
        4154,
        7355,
        7355,
        7355,
        7355,
        7355,
        7355,
        7355,
        2852,
        8606,
        8606,
        8109,
        5122,
        2852,
        2966,
        2339,
        9668,
        9668,
        9668,
        9668,
        9668,
        9668,
        2499,
        2349,
        2349,
        2349,
        2349,
        2349,
        2966,
        2966,
        2966,
        2966,
        2966,
        2966,
        2966,
        2966,
        2966,
        2966,
        2966,
        2966,
        2966,
        2966,
        2966,
        2966,
        2966,
        2966,
        2966,
        2966,
        2966,
        2966,
        2966,
        2966,
        2966,
        2966,
        2966,
        2966,
        2966,
        2966,
        2966,
        2966,
        2966,
        2966,
        4154,
        2966,
        9493,
        2966,
        9493,
        4154,
        2966,
        2966,
        9493,
        2852,
        9493,
        2966,
        9493,
        2966,
        4154,
        2966,
        2966,
        9493,
        4154,
        2349,
        9698,
        9493,
        2966,
        9493,
        2966,
        2966,
        9493,
        9493,
        4154,
        2966,
        4154,
        9493,
        2966,
        9493,
        2966,
        2966,
        9493,
        2966,
        9493,
        4154,
        2966,
        2852,
        4154,
        2852,
        4154,
        2852,
        4154,
        4154,
        9493,
        4154,
        9493,
        4154,
        9493,
        9493,
        2966,
        2966,
        2966,
        2966,
        4154,
        4154,
        2966,
        2966,
        16414,
        2499,
        2349,
        2349,
        2349,
        2349,
        2349,
        2349,
        9698,
        9698
    ],
    "DecorIndices": [],
    "DecorIds": [],
    "BlockEntities": {
        "5259264": "!<d@[F*O5\"#64c-E,TfCEW?(>!<d@[F*d0\"#64o6@VfsmCI<#NAIrp*E,]`9FCJfiD(T1/ARl&M@V&tbF%?9<+pnYd!!%O6'`\\5a58\"J9rr7I4'`\\515TKh)+@$e'9-=<D+pnYd!!%O6'`\\5a58\"J9r;V72(&\\)]590_(TKj@R9-=<:",
        "5263360": "!<d@[F*O5\"#64c-E,TfCEW?(>!<d@[F*d<&#64o6@VfsmCI<#NAIrp*E,]`9FCJfiD(T1/ARl&M@V&tbF&DuF-OL@n!!%O6'`\\5a590_(J3OYW%0-BY58=.u!5KWQs*m6Mi_(Br$7?/k%0-BY58=.uJ3P%S!.[9H%h/L=i'8%Ts*m6R!!%O6(ue12!rr",
        "8407040": "!<d@[F*O5\"#64c-E,TfCFT;CA!<d@[F*d6$#64o6@VfsmCI<#NAIrp*E,]`9FCJfiD(T1/ARl&M@V&tbF\"%(r-OL@n!!%O6'`\\5a4rjV'!'_),%K?BW58=2!!5KWTs$&aci_(Br!!",
        "5258241": "!<d@[F*O8##64c-E,TfCEW?(>!<d@[F*d-!#64o6@VfsmCI<#NAIrp*E,]`9FCJfiD(T1/ARl&M@V&tbF!:Sk+:8Gj!!%O6*<6(i58\"J9jb-AW'`\\46^`E@QIm4e09)n",
        "3164162": "!<d@[F*O;$#64c-E,TfCDu]k<!<d@[F*d6$#64o6@VfsmCI<#NAIW9mDfor.F*)>@@:s-U$#+:#ASuU.Ed7ZiEH>r7FE7Qb!!!3,F)5c:EsD_\"!!*'\"!4E%2!\"Ao.!!WgQASlBtEaa'4Eb,=fFCf<.ATD4$F`M%e@<6NjE+EC!AH2]1^_\"aj5m.R;ASlBtEaa'4Eb,4Nz!!!<;AoD^\"AQ*\\hEa`Tl:i^JnErZ=LD.Rd%6#L=OA_R_e5QM4#FECr$BLZE?AH2]1!!!",
        "3165186": "!<d@[F*O;$#64c-E,TfCDu]k<!<d@[F*d9%#64o6@VfsmCI<#NAJK6(@r$13E+NQ3Ecki#Ch521Eb/ec\"E\\p.AJT</@Ua.b/R`^6Cgh??/SB*4DJ=3(\":&scFCB9&=9&=$!!EUFATMNNDJ*csi9`25\":&scFCB9&=o\\O&!!rsADes6$@ru9m!!E[MAT2'lE`7'gFCbFP!!!!",
        "3163139": "!<d@[F*O>%#64c-E,TfCDu]k<!<d@[F*d3##64o6@VfsmCI<#NAJK6(@r$13E+NQ3Ecki#Ch521Eb/ec\"E\\p.AJT</@Ua.b/R`^6Cgh??/SB*4DJ=3(\":&scFCB9&=9&=$!!EUFATMNNDJ*csgCHlj\":&scFCB9&=o\\O&!!rsADes6$@ru9m!!E[MAT2'lE`7'gFCbFP!!!!",
        "3162116": "!<d@[F*OA&#64c-E,TfCDu]k<!<d@[F*d0\"#64o6@VfsmCI<#NAIi<iDfRFNDes,u/R`:'A-<6[DffE0AQ_o>AD7Vd^^13`E+NouA,loFBl8**Ecai\\DIdQpErZ1",
        "3163140": "!<d@[F*OA&#64c-E,TfCDu]k<!<d@[F*d3##64o6@VfsmCI<#NAIW9mDfor.F*)>@@:s-U$#+:#ASuU.Ed7ZiEH>r7FE7Qb!!!3,F)5c:EsD_\"!!*'\"!4E%2!#bh;!!WgQASlBtEaa'4Eb,=fFCf<.ATD4$F`M%e@<6NjE+EC!AH2]1^_\"aj5m.R;ASlBtEaa'4Eb,4Nz!!!<;AoD^\"AQ*\\hEa`Tl:i^JnErZ=LD.Rd%6#L=OA_Ra;^B\"[MFECr$BLZE?AH2]1!!!",
        "4212740": "!<d@[F*OA&#64c-E,TfCE<#t=!<d@[F*d6$#64o6@VfsmCI<#NAJK6(@r$13E+NQ3Ecki#Ch521Eb/ec\"E\\p.AJT</@Ua.b/R`^6Cgh?>/SB*4DJ=3(\":&scFCB9&=9&=$!!EUFATMNNDJ*csjNA=S\":&scFCB9&=o\\O&!!rsADes6$@ru9m!!E[MAT2'lE`7'gFCbFP!!!!",
        "3161093": "!<d@[F*OD'#64c-E,TfCDu]k<!<d@[F*d-!#64o6@VfsmCI<#NAIW9mDfor.F*)>@@:s-U$#+:#ASuU.Ed7ZiEH>r7FE7Qb!!!3,F)5c:EsD_\"!!*'\"!4E%2!!`K(!!WgQASlBtEaa'4Eb,=fFCf<.ATD4$F`M%e@<6NjE+EC!AH2]1^_\"aj5m.R;ASlBtEaa'4Eb,4Nz!!!<;AoD^\"AQ*\\hEa`Tl:i^JnErZ=LD.Rd%6#L=OA_R_e^]=dNFECr$BLZE?AH2]1!!!",
        "4202501": "!<d@[F*OD'#64c-E,TfCE<#t=!<d@[F*clo#64o6@VfsmCI<#NAIrp*E,]`9FCJfiD(T1/ARl&M@V&tbF!L_m+pnYd!!!!`*<6'>58\"J9!!(qA'nr1JZQ0#Gi4g,g9-=?;",
        "4211717": "!<d@[F*OD'#64c-E,TfCE<#t=!<d@[F*d3##64o6@VfsmCI<#NAIW9mDfor.F*)>@@:s-U$#+:#ASuU.Ed7ZiEH>r7FE7Qb!!!3,F)5c:EsD_\"!!*'\"!4E%2!\"Ju/!!WgQASlBtEaa'4Eb,=fFCf<.ATD4$F`M%e@<6NjE+EC!AH2]1^_\"aj5m.R;ASlBtEaa'4Eb,4Nz!!!<;AoD^\"AQ*\\hEa`Tl:i^JnErZ=LD.Rd%6#L=OA_Ra;^B\"[MFECr$BLZE?AH2]1!!!",
        "3161094": "!<d@[F*OG(#64c-E,TfCDu]k<!<d@[F*d-!#64o6@VfsmCI<#NAIW9mDfor.F*)>@@:s-U$#+:#ASuU.Ed7ZiEH>r7FE7Qb!!!3,F)5c:EsD_\"!!*'\"!4E%2!\"Ao.!!WgQASlBtEaa'4Eb,=fFCf<.ATD4$F`M%e@<6NjE+EC!AH2]1^_\"aj5m.R;ASlBtEaa'4Eb,4Nz!!!<;AoD^\"AQ*\\hEa`Tl:i^JnErZ=LD.Rd%6#L=OA_Ra;^B\"[MFECr$BLZE?AH2]1!!!",
        "4198406": "!<d@[F*OG(#64c-E,TfCE<#t=!<d@[F*c`k#64o6@VfsmCI<#NAJK6(@r$13E+NQ3Ecki#Ch521Eb/ec\"E\\p.AJT</@Ua.b/R`^6Cgh?@/SB*4DJ=3(\":&scFCB9&=9&=$!!EUFATMNNDJ*csgCME@\":&scFCB9&=o\\O&!!rsADes6$@ru9m!!E[MAT2'lE`7'gFCbFP!!!!",
        "4201478": "!<d@[F*OG(#64c-E,TfCE<#t=!<d@[F*cin#64o6@VfsmCI<#NAJK6(@r$13E+NQ3Ecki#Ch521Eb/ec\"E\\p.AJT</@Ua.b/R`^6Cgh??/SB*4DJ=3(\":&scFCB9&=9&=$!!EUFATMNNDJ*csgCME@\":&scFCB9&=o\\O&!!rsADes6$@ru9m!!E[MAT2'lE`7'gFCbFP!!!!",
        "4204550": "!<d@[F*OG(#64c-E,TfCE<#t=!<d@[F*crq#64o6@VfsmCI<#NAJK6(@r$13E+NQ3Ecki#Ch521Eb/ec\"E\\p.AJT</@Ua.b/R`^6Cgh?>/SB*4DJ=3(\":&scFCB9&=9&=$!!EUFATMNNDJ*csi9`25\":&scFCB9&=o\\O&!!rsADes6$@ru9m!!E[MAT2'lE`7'gFCbFP!!!!",
        "5257222": "!<d@[F*OG(#64c-E,TfCEW?(>!<d@[F*d)u#64o6@VfsmCI<#NAIrp*E,]`9FCJfiD(T1/ARl&M@V&tbF!L_m+pnYd!!%O6'`\\5a58\"J9s8RR5('\";`590_(!'hC\\9-=<:",
        "5258246": "!<d@[F*OG(#64c-E,TfCEW?(>!<d@[F*d-!#64o6@VfsmCI<#NAIrp*E,]`9FCJfiD(T1/ARl&M@V&tbF&2iD-OL@n!!%O6'`\\5a590_(J3OYW%0-BY58=.u!5KWQs*m6Mi_(Br$7-#i%0-BY58=.uJ3P%S!.[9H%h/L=TYM<?s*m6R\"9<s:(ue0g",
        "5264390": "!<d@[F*OG(#64c-E,TfCEW?(>!<d@[F*d?'#64o6@VfsmCI<#NAIrp*E,]`9FCJfiD(T1/ARl&M@V&tbF%?9<+pnYd!!%O6'`\\5a58\"J9!!%O6'`\\46^`DI[N3jG]9-=9C+pnYd!!%O6'`\\5a58\"J9s8RR5('\";`590_(!'hC\\9-=<:",
        "5249031": "!<d@[F*OJ)#64c-E,TfCEW?(>!<d@[F*cfm#64o6@VfsmCI<#NAIrp*E,]`9FCJfiD(T1/ARl&M@V&tbF\"%(r-OL@n!!!!`'`\\5a4rjV'!'_),%0-C$58=.uJ3P%S!'iaci_(Bs!!",
        "5254151": "!<d@[F*OJ)#64c-E,TfCEW?(>!<d@[F*cur#64o6@VfsmCI<#NAJK6(@r$13E+NQ3Ecki#Ch521Eb/ec\"E\\p.AJT</@Ua.b/R`^6Cgh??/SB*4DJ=3(\":&scFCB9&=9&=$!!EUFATMNNDJ*csi9`25\":&scFCB9&=o\\O&!!rsADes6$@ru9m!!E[MAT2'lE`7'gFCbFP!!!!",
        "5256199": "!<d@[F*OJ)#64c-E,TfCEW?(>!<d@[F*d&t#64o6@VfsmCI<#NAIrp*E,]`9FCJfiD(T1/ARl&M@V&tbF!L_m+pnYd!!!!`*<6'>58\"J9s8TjK'`\\5a^E!:Si4g,g9-=?;",
        "5266439": "!<d@[F*OJ)#64c-E,TfCEW?(>!<d@[F*dE)#64o6@VfsmCI<#NAIrp*E,]`9FCJfiD(T1/ARl&M@V&tbEuG#c(^^E]!!%O6&df'J!\"_F2q>Yq/(ue12!WW",
        "6315015": "!<d@[F*OJ)#64c-E,TfCErZ1?!<d@[F*dE)#64o6@VfsmCI<#NAIrp*E,]`9FCJfiD(T1/ARl&M@V&tbEuG#c(^^6U%h7WR:+-hW!'n=?j3<Oi(ue12!WW",
        "3167240": "!<d@[F*OM*#64c-E,TfCDu]k<!<d@[F*d?'#64o6@VfsmCI<#NAJK6(@r$13E+NQ3Ecki#Ch521Eb/ec\"E\\p.AJT</@Ua.b/R`^6Cgh?@/SB*4DJ=3(\":&scFCB9&=9&=$!!EUFATMNNDJ*csi9`0_\":&scFCB9&=o\\O&!!rsADes6$@ru9m!!E[MAT2'lE`7'gFCbFP!!!!",
        "5261320": "!<d@[F*OM*#64c-E,TfCEW?(>!<d@[F*d6$#64o6@VfsmCI<#NAJK6(@r$13E+NQ3Ecki#Ch521Eb/ec\"E\\p.AJT</@Ua.b/R`^6Cgh?@/SB*4DJ=3(\":&scFCB9&=9&=$!!EUFATMNNDJ*csjNA<(\":&scFCB9&=o\\O&!!rsADes6$@ru9m!!E[MAT2'lE`7'gFCbFP!!!!",
        "6302728": "!<d@[F*OM*#64c-E,TfCErZ1?!<d@[F*cur#64o6@VfsmCI<#NAJK6(@r$13E+NQ3Ecki#Ch521Eb/ec\"E\\p.AJT</@Ua.b/R`^6Cgh?=/SB*4DJ=3(\":&scFCB9&=9&=$!!EUFATMNNDJ*csjNA=S\":&scFCB9&=o\\O&!!rsADes6$@ru9m!!E[MAT2'lE`7'gFCbFP!!!!",
        "6306824": "!<d@[F*OM*#64c-E,TfCErZ1?!<d@[F*d-!#64o6@VfsmCI<#NAJK6(@r$13E+NQ3Ecki#Ch521Eb/ec\"E\\p.AJT</@Ua.b/R`^6Cgh?>/SB*4DJ=3(\":&scFCB9&=9&=$!!EUFATMNNDJ*csdSp$-\":&scFCB9&=o\\O&!!rsADes6$@ru9m!!E[MAT2'lE`7'gFCbFP!!!!",
        "7358472": "!<d@[F*OM*#64c-E,TfCF8u:@!<d@[F*d6$#64o6@VfsmCI<#NAIW9mDfor.F*)>@@:s-U$#+:#ASuU.Ed7ZiEH>r7FE7Qb!!!3,F)5c:EsD_\"!!*'\"!4E%2!##>4!!WgQASlBtEaa'4Eb,=fFCf<.ATD4$F`M%e@<6NjE+EC!AH2]1^_\"aj5m.R;ASlBtEaa'4Eb,4Nz!!!<;AoD^\"AQ*\\hEa`Tl:i^JnErZ=LD.Rd%6#L=OA_R_e5QM4#FECr$BLZE?AH2]1!!!",
        "10504200": "!<d@[F*OM*#64c-E,TfCG5qUC!<d@[F*d6$#64o6@VfsmCI<#NAIW9mDfor.F*)>@@:s-U$#+:#ASuU.Ed7ZiEH>r7FE7Qb!!!3,F)5c:EsD_\"!!*'\"!4E%2!\"Ao.!!WgQASlBtEaa'4Eb,=fFCf<.ATD4$F`M%e@<6NjE+EC!AH2]1^_\"aj5m.R;ASlBtEaa'4Eb,4Nz!!!<;AoD^\"AQ*\\hEa`Tl:i^JnErZ=LD.Rd%6#L=OA_R_e5QM4#FECr$BLZE?AH2]1!!!",
        "10507272": "!<d@[F*OM*#64c-E,TfCG5qUC!<d@[F*d?'#64o6@VfsmCI<#NAI;p\\ATMrFARTY%\"po!]G%GQ5DfU+(#'\"^#Dfg%+!!!!'\"`nKuFE7Zf0E;+R!!!'$!!!$\"!!!!(!AOQT!!!!8!<<*#!!!!%$Zp</@;J;E@;]Rd_tBrl!!`N[!!*'\"!##A5!!*'\"!!E[ODffE(6YKnG@qEp/9KiF]!Aa]V!!!\"3%fcS1z#6?X]!<<*\"'*/(5!<<*\"\":K<iFCAuQBOPdgA^/Fm4obfg2#mXW!!!'$!!!$\"!!!!(!B'oY!!!!8!<<*#!!!!%$Zp</@;J;E@;]Rd_tBrl!!`N`!!*'\"!##A5!!*'\"!!E[ODffE(6YKnG@qEp/9KiFV!!NdCDfS0\\De!QMDe*Dd@q]FpF=h'4F*%QgFEqh:$=e!jCgh:(ARmLu$#O6pBL-NKCh;Pl00fL",
        "4212745": "!<d@[F*OP+#64c-E,TfCE<#t=!<d@[F*d6$#64o6@VfsmCI<#NAJK6(@r$13E+NQ3Ecki#Ch521Eb/ec\"E\\p.AJT</@Ua.b/R`^6Cgh?>/SB*4DJ=3(\":&scFCB9&=9&=$!!EUFATMNNDJ*csgCHlk\":&scFCB9&=o\\O&!!rsADes6$@ru9m!!E[MAT2'lE`7'gFCbFP!!!!",
        "5246985": "!<d@[F*OP+#64c-E,TfCEW?(>!<d@[F*c`k#64o6@VfsmCI<#NAJK6(@r$13E+NQ3Ecki#Ch521Eb/ec\"E\\p.AJT</@Ua.b/R`^6Cgh??/SB*4DJ=3(\":&scFCB9&=9&=$!!EUFATMNNDJ*csjNA=S\":&scFCB9&=o\\O&!!rsADes6$@ru9m!!E[MAT2'lE`7'gFCbFP!!!!",
        "6296585": "!<d@[F*OP+#64c-E,TfCErZ1?!<d@[F*ccl#64o6@VfsmCI<#NAJK6(@r$13E+NQ3Ecki#Ch521Eb/ec\"E\\p.AJT</@Ua.b/R`^6Cgh??/SB*4DJ=3(\":&scFCB9&=9&=$!!EUFATMNNDJ*csgCME@\":&scFCB9&=o\\O&!!rsADes6$@ru9m!!E[MAT2'lE`7'gFCbFP!!!!",
        "6298633": "!<d@[F*OP+#64c-E,TfCErZ1?!<d@[F*cin#64o6@VfsmCI<#NAJK6(@r$13E+NQ3Ecki#Ch521Eb/ec\"E\\p.AJT</@Ua.b/R`^6Cgh?>/SB*4DJ=3(\":&scFCB9&=9&=$!!EUFATMNNDJ*csjNEk(\":&scFCB9&=o\\O&!!rsADes6$@ru9m!!E[MAT2'lE`7'gFCbFP!!!!",
        "4196362": "!<d@[F*OS,#64c-E,TfCE<#t=!<d@[F*cZi#64o6@VfsmCI<#NAIrp*E,]`9FCJfiD(T1/ARl&M@V&tbF!L_m+pnYd!!%O5*<6'>58\"J9rVo*s('\";`590e*i'/(<9-=?;",
        "4197386": "!<d@[F*OS,#64c-E,TfCE<#t=!<d@[F*c]j#64o6@VfsmCI<#NAJK6(@r$13E+NQ3Ecki#Ch521Eb/ec\"E\\p.AJT</@Ua.b/R`^6Cgh?>/SB*4DJ=3(\":&scFCB9&=9&=$!!EUFATMNNDJ*csi9`25\":&scFCB9&=o\\O&!!rsADes6$@ru9m!!E[MAT2'lE`7'gFCbFP!!!!",
        "4209674": "!<d@[F*OS,#64c-E,TfCE<#t=!<d@[F*d-!#64o6@VfsmCI<#NAJK6(@r$13E+NQ3Ecki#Ch521Eb/ec\"E\\p.AJT</@Ua.b/R`^6Cgh?=/SB*4DJ=3(\":&scFCB9&=9&=$!!EUFATMNNDJ*csdSp%X\":&scFCB9&=o\\O&!!rsADes6$@ru9m!!E[MAT2'lE`7'gFCbFP!!!!",
        "5250058": "!<d@[F*OS,#64c-E,TfCEW?(>!<d@[F*cin#64o6@VfsmCI<#NAIW9mDfor.F*)>@@:s-U$#+:#ASuU.Ed7ZiEH>r7FE7Qb!!!3,F)5c:EsD_\"!!*'\"!4E%2!\"Ao.!!WgQASlBtEaa'4Eb,=fFCf<.ATD4$F`M%e@<6NjE+EC!AH2]1^_\"aj5m.R;ASlBtEaa'4Eb,4Nz!!!<;AoD^\"AQ*\\hEa`Tl:i^JnErZ=LD.Rd%6#L=OAH2]1!!*F8FECr$BLZE?AH2]1!!!",
        "5256202": "!<d@[F*OS,#64c-E,TfCEW?(>!<d@[F*d&t#64o6@VfsmCI<#NAIW9mDfor.F*)>@@:s-U$#+:#ASuU.Ed7ZiEH>r7FE7Qb!!!3,F)5c:EsD_\"!!*'\"!4E%2!\"Ao.!!WgQASlBtEaa'4Eb,=fFCf<.ATD4$F`M%e@<6NjE+EC!AH2]1^_\"aj5m.R;ASlBtEaa'4Eb,4Nz!!!<;AoD^\"AQ*\\hEa`Tl:i^JnErZ=LD.Rd%6#L=OA_R_e^]=dNFECr$BLZE?AH2]1!!!",
        "3165195": "!<d@[F*OV-#64c-E,TfCDu]k<!<d@[F*d9%#64o6@VfsmCI<#NAJK6(@r$13E+NQ3Ecki#Ch521Eb/ec\"E\\p.AJT</@Ua.b/R`^6Cgh??/SB*4DJ=3(\":&scFCB9&=9&=$!!EUFATMNNDJ*csi9`25\":&scFCB9&=o\\O&!!rsADes6$@ru9m!!E[MAT2'lE`7'gFCbFP!!!!",
        "4207627": "!<d@[F*OV-#64c-E,TfCE<#t=!<d@[F*d&t#64o6@VfsmCI<#NAIW9mDfor.F*)>@@:s-U$#+:#ASuU.Ed7ZiEH>r7FE7Qb!!!3,F)5c:EsD_\"!!*'\"!4E%2!##>4!!WgQASlBtEaa'4Eb,=fFCf<.ATD4$F`M%e@<6NjE+EC!AH2]1^_\"aj5m.R;ASlBtEaa'4Eb,4Nz!!!<;AoD^\"AQ*\\hEa`Tl:i^JnErZ=LD.Rd%6#L=OA_R_e^]=dNFECr$BLZE?AH2]1!!!",
        "5248011": "!<d@[F*OV-#64c-E,TfCEW?(>!<d@[F*ccl#64o6@VfsmCI<#NAIW9mDfor.F*)>@@:s-U$#+:#ASuU.Ed7ZiEH>r7FE7Qb!!!3,F)5c:EsD_\"!!*'\"!4E%2!##>4!!WgQASlBtEaa'4Eb,=fFCf<.ATD4$F`M%e@<6NjE+EC!AH2]1^_\"aj5m.R;ASlBtEaa'4Eb,4Nz!!!<;AoD^\"AQ*\\hEa`Tl:i^JnErZ=LD.Rd%6#L=OA_R_e^]=dNFECr$BLZE?AH2]1!!!",
        "5255179": "!<d@[F*OV-#64c-E,TfCEW?(>!<d@[F*d#s#64o6@VfsmCI<#NAIW9mDfor.F*)>@@:s-U$#+:#ASuU.Ed7ZiEH>r7FE7Qb!!!3,F)5c:EsD_\"!!*'\"!4E%2!!`K(!!WgQASlBtEaa'4Eb,=fFCf<.ATD4$F`M%e@<6NjE+EC!AH2]1^_\"aj5m.R;ASlBtEaa'4Eb,4Nz!!!<;AoD^\"AQ*\\hEa`Tl:i^JnErZ=LD.Rd%6#L=OA_R_e^]=dNFECr$BLZE?AH2]1!!!",
        "7354379": "!<d@[F*OV-#64c-E,TfCF8u:@!<d@[F*d)u#64o6@VfsmCI<#NAIi<iDfRFNDes,u/R`:'A-<6[DffE0AQ_o>AD7Vd5R@X5E+NouA,loFBl8**Ecai\\DIdQpErZ1",
        "3148812": "!<d@[F*OY.#64c-E,TfCDu]k<!<d@[F*c]j#64o6@VfsmCI<#NAIW9mDfor.F*)>@@:s-U$#+:#ASuU.Ed7ZiEH>r7FE7Qb!!!3,F)5c:EsD_\"!!*'\"!4E%2!$;1@!!WgQASlBtEaa'4Eb,=fFCf<.ATD4$F`M%e@<6NjE+EC!AH2]1!<:8C5m.R;ASlBtEaa'4Eb,4Nz!!!<;AoD^\"AQ*\\hEa`Tl:i^JnErZ=LD.Rd%6#L=OA_Ra;^B\"[MFECr$BLZE?AH2]1!!!",
        "3165196": "!<d@[F*OY.#64c-E,TfCDu]k<!<d@[F*d9%#64o6@VfsmCI<#NAHu^]F`__:EWlSfH#R='CggjbATBA2B4YU.\":&scFCB9&=9&=$!!EUFATMNNDJ*csjNA=S\":&scFCB9&=o\\O&!!rsADes6$@ru9m!!E[MAT2'lE`7'gFCbFP!!!!",
        "4206604": "!<d@[F*OY.#64c-E,TfCE<#t=!<d@[F*d#s#64o6@VfsmCI<#NAJK6(@r$13E+NQ3Ecki#Ch521Eb/ec\"E\\p.AJT</@Ua.b/R`^6Cgh?@/SB*4DJ=3(\":&scFCB9&=9&=$!!EUFATMNNDJ*csi9`0_\":&scFCB9&=o\\O&!!rsADes6$@ru9m!!E[MAT2'lE`7'gFCbFP!!!!",
        "4209676": "!<d@[F*OY.#64c-E,TfCE<#t=!<d@[F*d-!#64o6@VfsmCI<#NAJK6(@r$13E+NQ3Ecki#Ch521Eb/ec\"E\\p.AJT</@Ua.b/R`^6Cgh?=/SB*4DJ=3(\":&scFCB9&=9&=$!!EUFATMNNDJ*csgCME@\":&scFCB9&=o\\O&!!rsADes6$@ru9m!!E[MAT2'lE`7'gFCbFP!!!!",
        "4213772": "!<d@[F*OY.#64c-E,TfCE<#t=!<d@[F*d9%#64o6@VfsmCI<#NAHu^]F`__:EWlSfH#R='CggjbATBA2B4YU.\":&scFCB9&=9&=$!!EUFATMNNDJ*csjNA=S\":&scFCB9&=o\\O&!!rsADes6$@ru9m!!E[MAT2'lE`7'gFCbFP!!!!",
        "5262348": "!<d@[F*OY.#64c-E,TfCEW?(>!<d@[F*d9%#64o6@VfsmCI<#NAHu^]F`__:EWlSfH#R='CggjbATBA2B4YU.\":&scFCB9&=9&=$!!EUFATMNNDJ*csjNA=S\":&scFCB9&=o\\O&!!rsADes6$@ru9m!!E[MAT2'lE`7'gFCbFP!!!!",
        "6310924": "!<d@[F*OY.#64c-E,TfCErZ1?!<d@[F*d9%#64o6@VfsmCI<#NAHu^]F`__:EWlSfH#R='CggjbATBA2B4YU.\":&scFCB9&=9&=$!!EUFATMNNDJ*csjNA=S\":&scFCB9&=o\\O&!!rsADes6$@ru9m!!E[MAT2'lE`7'gFCbFP!!!!",
        "7347212": "!<d@[F*OY.#64c-E,TfCF8u:@!<d@[F*cin#64o6@VfsmCI<#NAIW9mDfor.F*)>@@:s-U$#+:#ASuU.Ed7ZiEH>r7FE7Qb!!!3,F)5c:EsD_\"!!*'\"!4E%2!\"/c,!!WgQASlBtEaa'4Eb,=fFCf<.ATD4$F`M%e@<6NjE+EC!AH2]1^_\"aj5m.R;ASlBtEaa'4Eb,4Nz!!!<;AoD^\"AQ*\\hEa`Tl:i^JnErZ=LD.Rd%6#L=OAH2]1!!*F8FECr$BLZE?AH2]1!!!",
        "7353356": "!<d@[F*OY.#64c-E,TfCF8u:@!<d@[F*d&t#64o6@VfsmCI<#NAIW9mDfor.F*)>@@:s-U$#+:#ASuU.Ed7ZiEH>r7FE7Qb!!!3,F)5c:EsD_\"!!*'\"!4E%2!\"Ao.!!WgQASlBtEaa'4Eb,=fFCf<.ATD4$F`M%e@<6NjE+EC!AH2]1^_\"aj5m.R;ASlBtEaa'4Eb,4Nz!!!<;AoD^\"AQ*\\hEa`Tl:i^JnErZ=LD.Rd%6#L=OA_R_e^]=dNFECr$BLZE?AH2]1!!!",
        "7359500": "!<d@[F*OY.#64c-E,TfCF8u:@!<d@[F*d9%#64o6@VfsmCI<#NAHu^]F`__:EWlSfH#R='CggjbATBA2B4YU.\":&scFCB9&=9&=$!!EUFATMNNDJ*csjNA=S\":&scFCB9&=o\\O&!!rsADes6$@ru9m!!E[MAT2'lE`7'gFCbFP!!!!",
        "8408076": "!<d@[F*OY.#64c-E,TfCFT;CA!<d@[F*d9%#64o6@VfsmCI<#NAHu^]F`__:EWlSfH#R='CggjbATBA2B4YU.\":&scFCB9&=9&=$!!EUFATMNNDJ*csjNA=S\":&scFCB9&=o\\O&!!rsADes6$@ru9m!!E[MAT2'lE`7'gFCbFP!!!!",
        "9456652": "!<d@[F*OY.#64c-E,TfCFoVLB!<d@[F*d9%#64o6@VfsmCI<#NAHu^]F`__:EWlSfH#R='CggjbATBA2B4YU.\":&scFCB9&=9&=$!!EUFATMNNDJ*csjNA=S\":&scFCB9&=o\\O&!!rsADes6$@ru9m!!E[MAT2'lE`7'gFCbFP!!!!",
        "10500108": "!<d@[F*OY.#64c-E,TfCG5qUC!<d@[F*d)u#64o6@VfsmCI<#NAJK6(@r$13E+NQ3Ecki#Ch521Eb/ec\"E\\p.AJT</@Ua.b/R`^6Cgh?>/SB*4DJ=3(\":&scFCB9&=9&=$!!EUFATMNNDJ*csi9`25\":&scFCB9&=o\\O&!!rsADes6$@ru9m!!E[MAT2'lE`7'gFCbFP!!!!",
        "3157005": "!<d@[F*O\\/#64c-E,TfCDu]k<!<d@[F*cur#64o6@VfsmCI<#NAJK6(@r$13E+NQ3Ecki#Ch521Eb/ec\"E\\p.AJT</@Ua.b/R`^6Cgh??/SB*4DJ=3(\":&scFCB9&=9&=$!!EUFATMNNDJ*csgCMCj\":&scFCB9&=o\\O&!!rsADes6$@ru9m!!E[MAT2'lE`7'gFCbFP!!!!",
        "5256205": "!<d@[F*O\\/#64c-E,TfCEW?(>!<d@[F*d&t#64o6@VfsmCI<#NAJK6(@r$13E+NQ3Ecki#Ch521Eb/ec\"E\\p.AJT</@Ua.b/R`^6Cgh??/SB*4DJ=3(\":&scFCB9&=9&=$!!EUFATMNNDJ*csi9`25\":&scFCB9&=o\\O&!!rsADes6$@ru9m!!E[MAT2'lE`7'gFCbFP!!!!",
        "7345165": "!<d@[F*O\\/#64c-E,TfCF8u:@!<d@[F*ccl#64o6@VfsmCI<#NAJK6(@r$13E+NQ3Ecki#Ch521Eb/ec\"E\\p.AJT</@Ua.b/R`^6Cgh?>/SB*4DJ=3(\":&scFCB9&=9&=$!!EUFATMNNDJ*csjNA=S\":&scFCB9&=o\\O&!!rsADes6$@ru9m!!E[MAT2'lE`7'gFCbFP!!!!",
        "7347213": "!<d@[F*O\\/#64c-E,TfCF8u:@!<d@[F*cin#64o6@VfsmCI<#NAI;p\\ATMrFARTY%\"po!]G%GQ5DfU+(#'\"^#Dfg%+!!!!'\"`nKuFE7Zf0E;+R!!!'$!!!$\"!!!!(!AOQT!!!!.!<<*#!!!!%$Zp</@;J;E@;]Rd_tBrl!!`N[!!*'\"!9amm!!*'\"!!!6)1B7FU!!!H/!!!$\"!!!-0FDl80CdVlEDI[7qor(%S#6?X]!<<*\"2@]]e!<<*\"\":K<iFCAuQBOPdgAH2]156(oh2#mXW!!!3(!!!$\"!!!!(!B'oY!!!!$!<<*#z#6?a`!<<*\"%06G/!<<*\"\":K<iFCAuQBOPdgA]+2>4obQ_\"Uo!]E^FS\\@r\"GMA7Z*XBOu7,/S/@3F9MehH#R=%@rH1\"@;p:!A2+2nD.Rd%6#L=OAH2]1!!!",
        "7349261": "!<d@[F*O\\/#64c-E,TfCF8u:@!<d@[F*cop#64o6@VfsmCI<#NAHu^]F`__:EWlSfH#R=0@V'('@V'(%F*)G2G:dlMDJ*cs1'@i&DffE0AQSp4!!!-.D.Rd%6#L=OA_Ra;^B=d^DffE0AQf'6!!!<3@rH1\"ARfgnA,l`?Eb02uBl[-o@<?&\\z",
        "7356429": "!<d@[F*O\\/#64c-E,TfCF8u:@!<d@[F*d0\"#64o6@VfsmCI<#NAHu^]F`__:EWlSfH#R=#@WGn'Bk;<A\":&scFCB9&=9&=$!!EUFATMNNDJ*csgCME@\":&scFCB9&=o\\O&!!rsADes6$@ru9m!!E[MAT2'lE`7'gFCbFP!!!!",
        "8390669": "!<d@[F*O\\/#64c-E,TfCFT;CA!<d@[F*cZi#64o6@VfsmCI<#NAJK6(@r$13E+NQ3Ecki#Ch521Eb/ec\"E\\p.AJT</@Ua.b/R`^6Cgh?=/SB*4DJ=3(\":&scFCB9&=9&=$!!EUFATMNNDJ*csgCME@\":&scFCB9&=o\\O&!!rsADes6$@ru9m!!E[MAT2'lE`7'gFCbFP!!!!",
        "10502157": "!<d@[F*O\\/#64c-E,TfCG5qUC!<d@[F*d0\"#64o6@VfsmCI<#NAIW9mDfor.F*)>@@:s-U$#+:#ASuU.Ed7ZiEH>r7FE7Qb!!!3,F)5c:EsD_\"!!*'\"!4E%2!\"Ao.!!WgQASlBtEaa'4Eb,=fFCf<.ATD4$F`M%e@<6NjE+EC!AH2]1^_\"aj5m.R;ASlBtEaa'4Eb,4Nz!!!<;AoD^\"AQ*\\hEa`Tl:i^JnErZ=LD.Rd%6#L=OA_Ra;^B\"[MFECr$BLZE?AH2]1!!!",
        "3146766": "!<d@[F*O_0#64c-E,TfCDu]k<!<d@[F*cWh#64o6@VfsmCI<#NAIrp*E,]`9FCJfiD(T1/ARl&M@V&tbF!:Sk+:8Gb!!%O6*<6(i58\"J9!!%O6'`\\5!5TKh)J3On19)n",
        "3154958": "!<d@[F*O_0#64c-E,TfCDu]k<!<d@[F*cop#64o6@VfsmCI<#NAIW9mDfor.F*)>@@:s-U$#+:#ASuU.Ed7ZiEH>r7FE7Qb!!!3,F)5c:EsD_\"!!*'\"!4E%2!##>4!!WgQASlBtEaa'4Eb,=fFCf<.ATD4$F`M%e@<6NjE+EC!AH2]1^_\"aj5m.R;ASlBtEaa'4Eb,4Nz!!!<;AoD^\"AQ*\\hEa`Tl:i^JnErZ=LD.Rd%6#L=OA_Ra;^B\"[MFECr$BLZE?AH2]1!!!",
        "3163150": "!<d@[F*O_0#64c-E,TfCDu]k<!<d@[F*d3##64o6@VfsmCI<#NAJK6(@r$13E+NQ3Ecki#Ch521Eb/ec\"E\\p.AJT</@Ua.b/R`^6Cgh??/SB*4DJ=3(\":&scFCB9&=9&=$!!EUFATMNNDJ*csdSp%X\":&scFCB9&=o\\O&!!rsADes6$@ru9m!!E[MAT2'lE`7'gFCbFP!!!!",
        "5243918": "!<d@[F*O_0#64c-E,TfCEW?(>!<d@[F*cWh#64o6@VfsmCI<#NAIrp*E,]`9FCJfiD(T1/ARl&M@V&tbF!gqp,mk.l!!%O6'`\\5a590_(J3OYW%06G_^_HhL!5KW=s8TeMi_'7",
        "7350286": "!<d@[F*O_0#64c-E,TfCF8u:@!<d@[F*crq#64o6@VfsmCI<#NAIi<iDfRFNDes,u/R`:'A-<6[DffE0AQ_o>AD7X:^Bk*_E+NouA,uuGBl8**Ecai\\DIdQpErZ1",
        "7361550": "!<d@[F*O_0#64c-E,TfCF8u:@!<d@[F*d?'#64o6@VfsmCI<#NAI;p\\ATMrFARTY%\"po!]G%GQ5DfU+(#'\"^#Dfg%+!!!!'\"`nKuFE7Zf0E;+R!!!f9!!!$\"!!!-0FDl80CdVlEDI[7qor(%S#6?OZ!<<*\"'*/(5!<<*\"\":K<iFCAuQBOPdgA^/Fm4obfg1&q=T!!#\"h!!!$\"!!!!(!Aa]V!!!!8!<<*#!!!!%$Zp</@;J;E@;]Rd_tBrl!!`N]!!*'\"!##A5!!*'\"!!E[ODffE(6YKnG@qEp/9KiF]!AsiX!!!!`%KHJ0z#6?^_!<<*\":_Ea.!<<*\"!!`N`!!*'\"!)=.,!!*'\"z\"Uo!]E^FS\\@r\"GMA7Z*XBOu7,/S/@3F9MehH#R=%@rH1\"@;p:!A2+2nD.Rd%6#L=OA_Ra;^An",
        "10503182": "!<d@[F*O_0#64c-E,TfCG5qUC!<d@[F*d3##64o6@VfsmCI<#NAJK6(@r$13E+NQ3Ecki#Ch521Eb/ec\"E\\p.AJT</@Ua.b/R`^6Cgh?=/SB*4DJ=3(\":&scFCB9&=9&=$!!EUFATMNNDJ*csgCMCj\":&scFCB9&=o\\O&!!rsADes6$@ru9m!!E[MAT2'lE`7'gFCbFP!!!!",
        "10507278": "!<d@[F*O_0#64c-E,TfCG5qUC!<d@[F*d?'#64o6@VfsmCI<#NAHu^]F`__:EWlSfH#R=#@WGn'Bk;<A\":&scFCB9&=9&=$!!EUFATMNNDJ*csjNA=S\":&scFCB9&=o\\O&!!rsADes6$@ru9m!!E[MAT2'lE`7'gFCbFP!!!!",
        "11543566": "!<d@[F*O_0#64c-E,TfCGQ7^D!<d@[F*cop#64o6@VfsmCI<#NAJK6(@r$13E+NQ3Ecki#Ch521Eb/ec\"E\\p.AJT</@Ua.b/R`^6Cgh??/SB*4DJ=3(\":&scFCB9&=9&=$!!EUFATMNNDJ*csjNA=S\":&scFCB9&=o\\O&!!rsADes6$@ru9m!!E[MAT2'lE`7'gFCbFP!!!!",
        "13641742": "!<d@[F*O_0#64c-E,TfCH2mpF!<d@[F*crq#64o6@VfsmCI<#NAJK6(@r$13E+NQ3Ecki#Ch521Eb/ec\"E\\p.AJT</@Ua.b/R`^6Cgh?>/SB*4DJ=3(\":&scFCB9&=9&=$!!EUFATMNNDJ*csjNA=S\":&scFCB9&=o\\O&!!rsADes6$@ru9m!!E[MAT2'lE`7'gFCbFP!!!!",
        "3155983": "!<d@[F*Ob1#64c-E,TfCDu]k<!<d@[F*crq#64o6@VfsmCI<#NAJK6(@r$13E+NQ3Ecki#Ch521Eb/ec\"E\\p.AJT</@Ua.b/R`^6Cgh?>/SB*4DJ=3(\":&scFCB9&=9&=$!!EUFATMNNDJ*csgCHk?\":&scFCB9&=o\\O&!!rsADes6$@ru9m!!E[MAT2'lE`7'gFCbFP!!!!",
        "5248015": "!<d@[F*Ob1#64c-E,TfCEW?(>!<d@[F*ccl#64o6@VfsmCI<#NAIrp*E,]`9FCJfiD(T1/ARl&M@V&tbF%--:+:8Gj!!%O6*<6(i58\"J9jb-AW'`\\46^`E@QIm4e09*ujM$5EO@J3P%S!.[9H%h1/)41#b$s*m6R!!#:\"(ue12!<<",
        "5266447": "!<d@[F*Ob1#64c-E,TfCEW?(>!<d@[F*dE)#64o6@VfsmCI<#NAIrp*E,]`9FCJfiD(T1/ARl&M@V&tbF!L_m+pnYd!!%O6'`\\5a58\"J9!!%O6'`\\46^`DI[N3jG]9-=99",
        "9454607": "!<d@[F*Ob1#64c-E,TfCFoVLB!<d@[F*d3##64o6@VfsmCI<#NAJK6(@r$13E+NQ3Ecki#Ch521Eb/ec\"E\\p.AJT</@Ua.b/R`^6Cgh??/SB*4DJ=3(\":&scFCB9&=9&=$!!EUFATMNNDJ*csjNEiR\":&scFCB9&=o\\O&!!rsADes6$@ru9m!!E[MAT2'lE`7'gFCbFP!!!!",
        "4214800": "!<d@[F*Oe2#64c-E,TfCE<#t=!<d@[F*d<&#64o6@VfsmCI<#NAJK6(@r$13E+NQ3Ecki#Ch521Eb/ec\"E\\p.AJT</@Ua.b/R`^6Cgh??/SB*4DJ=3(\":&scFCB9&=9&=$!!EUFATMNNDJ*csgCHk?\":&scFCB9&=o\\O&!!rsADes6$@ru9m!!E[MAT2'lE`7'gFCbFP!!!!",
        "6307856": "!<d@[F*Oe2#64c-E,TfCErZ1?!<d@[F*d0\"#64o6@VfsmCI<#NAIW9mDfor.F*)>@@:s-U$#+:#ASuU.Ed7ZiEH>r7FE7Qb!!!3,F)5c:EsD_\"!!*'\"!4E%2!##>4!!WgQASlBtEaa'4Eb,=fFCf<.ATD4$F`M%e@<6NjE+EC!AH2]1^_\"aj5m.R;ASlBtEaa'4Eb,4Nz!!!<;AoD^\"AQ*\\hEa`Tl:i^JnErZ=LD.Rd%6#L=OA_Ra;562+\"FECr$BLZE?AH2]1!!!",
        "3153937": "!<d@[F*Oh3#64c-E,TfCDu]k<!<d@[F*clo#64o6@VfsmCI<#NAJK6(@r$13E+NQ3Ecki#Ch521Eb/ec\"E\\p.AJT</@Ua.b/R`^6Cgh?=/SB*4DJ=3(\":&scFCB9&=9&=$!!EUFATMNNDJ*csgCME?\":&scFCB9&=o\\O&!!rsADes6$@ru9m!!E[MAT2'lE`7'gFCbFP!!!!",
        "4212753": "!<d@[F*Oh3#64c-E,TfCE<#t=!<d@[F*d6$#64o6@VfsmCI<#NAJK6(@r$13E+NQ3Ecki#Ch521Eb/ec\"E\\p.AJT</@Ua.b/R`^6Cgh?>/SB*4DJ=3(\":&scFCB9&=9&=$!!EUFATMNNDJ*csgCMCi\":&scFCB9&=o\\O&!!rsADes6$@ru9m!!E[MAT2'lE`7'gFCbFP!!!!",
        "3152914": "!<d@[F*Ok4#64c-E,TfCDu]k<!<d@[F*cin#64o6@VfsmCI<#NAHu^]F`__:EWlSfH#R=#@WGn'Bk;<A\":&scFCB9&=9&=$!!EUFATMNNDJ*csgCME?\":&scFCB9&=o\\O&!!rsADes6$@ru9m!!E[MAT2'lE`7'gFCbFP!!!!",
        "3159058": "!<d@[F*Ok4#64c-E,TfCDu]k<!<d@[F*d&t#64o6@VfsmCI<#NAI;p\\ATMrFARTY%\"po!]G%GQ5DfU+(#'\"^#Dfg%+!!!!'\"`nKuFE7Zf0E;+R!!!Q2!!!$\"!!!-0FDl80CdVlEDI[8&bY12##6?OZ!<<*\"&-2b2!<<*\"\":K<iFCAuQBOPdgA^/Fm4obfg1&q=T!!!Q2!!!$\"!!!!(!Aa]V!!!!1!<<*#z#6?X]!<<*\"&-2b2!<<*\"\":K<iFCAuQBOPdgA^/Fm4obfg2#mXW!!!Q2!!!$\"!!!!(!B'oY!!!!1!<<*#z#6?a`!<<*\"&-2b2!<<*\"!!!!&$taEu6>URMCI<#NAI;p\\ATMrFARTY%\"U&pmE+KAdDes5uE-#T$0a%f\"ATMNNDJ*csdSp%X!!",
        "4209682": "!<d@[F*Ok4#64c-E,TfCE<#t=!<d@[F*d-!#64o6@VfsmCI<#NAJK6(@r$13E+NQ3Ecki#Ch521Eb/ec\"E\\p.AJT</@Ua.b/R`^6Cgh?>/SB*4DJ=3(\":&scFCB9&=9&=$!!EUFATMNNDJ*csgCHk?\":&scFCB9&=o\\O&!!rsADes6$@ru9m!!E[MAT2'lE`7'gFCbFP!!!!",
        "4212754": "!<d@[F*Ok4#64c-E,TfCE<#t=!<d@[F*d6$#64o6@VfsmCI<#NAJK6(@r$13E+NQ3Ecki#Ch521Eb/ec\"E\\p.AJT</@Ua.b/R`^6Cgh??/SB*4DJ=3(\":&scFCB9&=9&=$!!EUFATMNNDJ*csgCMCi\":&scFCB9&=o\\O&!!rsADes6$@ru9m!!E[MAT2'lE`7'gFCbFP!!!!",
        "7347218": "!<d@[F*Ok4#64c-E,TfCF8u:@!<d@[F*cin#64o6@VfsmCI<#NAHu^]F`__:EWlSfH#R=(@V'(%F(fK4F=hEIA-<-XDffE0AQSp4!!!-.D.Rd%6#L=OAH2]1!!EOIDffE0AQf'6!!!<3@rH1\"ARfgnA,l`?Eb02uBl[-o@<?&\\z",
        "7349266": "!<d@[F*Ok4#64c-E,TfCF8u:@!<d@[F*cop#64o6@VfsmCI<#NAHu^]F`__:EWlSfH#R=*@V'(%F(fK4F=h-GAS#`^#BFa)@<?'_z\":8pVF(djWB5D,Z!!!!%#BFa)@<?'az#mk*[Ci!ZmFCet_\":K6]E+*I$;flGiAH2]1!!!",
        "7351314": "!<d@[F*Ok4#64c-E,TfCF8u:@!<d@[F*cur#64o6@VfsmCI<#NAI;p\\ATMrFARTY%\"po!]G%GQ5DfU+(#'\"^#Dfg%+!!!!'\"`nKuFE7Zf0E;+R!!\"ne!!!$\"!!!!(!AOQT!!!!W%KHJ0z#6?R[!<<*\"2@]]e!<<*\"!!`N\\!!*'\"!&b;e!!*'\"!!!6)1]ROV!!!Z5!!!$\"!!!!(!AsiX!!!!.!<<*#!!!!%$Zp</@;J;E@;]Rd_tBrl!!`N_!!*'\"!\"K#0!!*'\"!!E[ODffE(6YKnG@q>W?!'^Gg!B0uZ!!!!/!<<*#!!!!%$Zp</@;J;E@;]Rd!!!!`!!!!&$taEu6>URMCI<#NAI;p\\ATMrFARTY%\"U&pmE+KAdDes5uE-#T$0a%f\"ATMNNDJ*csgCME@!!",
        "5248019": "!<d@[F*On5#64c-E,TfCEW?(>!<d@[F*ccl#64o6@VfsmCI<#NAIrp*E,]`9FCJfiD(T1/ARl&M@V&tbF!gqp,mk.l!!%O6'`\\5a590_(J3OYW%0-BY^_QeIIm4qV!.[9Ni_'7",
        "9451539": "!<d@[F*On5#64c-E,TfCFoVLB!<d@[F*d)u#64o6@VfsmCI<#NAJK6(@r$13E+NQ3Ecki#Ch521Eb/ec\"E\\p.AJT</@Ua.b/R`^6Cgh?>/SB*4DJ=3(\":&scFCB9&=9&=$!!EUFATMNNDJ*csz\":&scFCB9&=o\\O&!!rsADes6$@ru9m!!E[MAT2'lE`7'gFCbFP!!!!",
        "5249044": "!<d@[F*Oq6#64c-E,TfCEW?(>!<d@[F*cfm#64o6@VfsmCI<#NAIrp*E,]`9FCJfiD(T1/ARl&M@V&tbEutAh*=;rb!!%O6&e>H5KMEp1!!!#7*TPD'Zl%dq+9;H",
        "5257236": "!<d@[F*Oq6#64c-E,TfCEW?(>!<d@[F*d)u#64o6@VfsmCI<#NAIrp*E,]`9FCJfiD(T1/ARl&M@V&tbF!L_m+pnYl!!%O6*<6(i58\"J9e25X](&@lZ590_(!5TN39-=68"
    },
    "Entities": [],
    "ReplaceMode": 2,
    "EntranceRotation": -1
}