{
  "code": "grapplinghook",
  "class": "ItemGrapplingHook",
  "variantgroups": [
    {"code": "type", "states": ["simple"]},
    {"code": "material", "states": ["copper", "tinbronze", "bismuthbronze", "blackbronze", "iron", "meteoriciron", "steel"]}
  ],
  "durabilityByType": {
    "*-copper": 16,
    "*-tinbronze": 64,
    "*-bismuthbronze": 48,
    "*-blackbronze": 90,
    "*-iron": 256,
    "*-meteoriciron": 512,
    "*-steel": 1024
  },
  "textures": {"metal": {"base": "game:block/metal/plate/{material}"}},
  "shape": {
    "base": "item/hook-rope",
    "alternates": [
      {
        "base": "item/rope"
      }
    ]
  },
  "creativeinventory": {
    "general": [
      "*"
    ],
    "items": [
      "*"
    ]
  },
  "guiTransform": {
		"translation": { "x": 0, "y": 0, "z": 0 },
		"rotation": { "x": 157, "y": -47, "z": -4 },
		"origin": { "x": 0.92, "y": 0, "z": 0.85 },
		"scale": 2.08
	},
  "tpHandTransform": {
		"translation": { "x": -0.5, "y": 0.4, "z": 0.05 },
		"rotation": { "x": -88, "y": -85, "z": -3 },
		"origin": { "x": 0, "y": 0, "z": -0 },
		"scale": 0.6
	},
  "groundTransform": {
		"translation": { "x": 0, "y": 0, "z": 0 },
		"rotation": { "x": 0, "y": 0, "z": 0 },
		"origin": { "x": 0, "y": 0, "z": 0 },
		"scale": 3.2
	}
}