{
	"editor": {
		"allAngles": false,
		"entityTextureMode": true
	},
	"textureWidth": 40,
	"textureHeight": 32,
	"textureSizes": {
	},
	"textures": {
	},
	"elements": [
		{
			"name": "ShellLower",
			"from": [ 5.12, 0.0, 3.97 ],
			"to": [ 10.87, 2.875, 12.02 ],
			"autoUnwrap": false,
			"uv": [ 1.5, 14.0 ],
			"rotationOrigin": [ 8.0, 0.0, 8.0 ],
			"rotationY": 90.0,
			"faces": {
				"north": { "texture": "#skin", "uv": [ 0.0, 14.0, 10.0, 19.0 ], "autoUv": false, "windMode": [-1,-1,-1,-1] },
				"east": { "texture": "#skin", "uv": [ 10.0, 14.0, 24.0, 19.0 ], "autoUv": false },
				"south": { "texture": "#skin", "uv": [ 0.0, 19.0, 10.0, 24.0 ], "autoUv": false },
				"west": { "texture": "#skin", "uv": [ 24.0, 14.0, 10.0, 19.0 ], "autoUv": false, "windMode": [-1,-1,-1,-1] },
				"up": { "texture": "#skin", "uv": [ 0.0, 0.0, 10.0, 14.0 ], "autoUv": false },
				"down": { "texture": "#skin", "uv": [ 10.0, 0.0, 20.0, 14.0 ], "autoUv": false }
			},
			"children": [
				{
					"name": "ShellUpper",
					"from": [ 0.2875, 0.2875, 0.575 ],
					"to": [ 5.4625, 3.68, 7.475 ],
					"autoUnwrap": false,
					"uv": [ 15.0, 7.5 ],
					"rotationOrigin": [ 0.2875, 0.23, 0.575 ],
					"faces": {
						"north": { "texture": "#skin", "uv": [ 31.0, 18.0, 40.0, 23.5 ], "autoUv": false },
						"east": { "texture": "#skin", "uv": [ 28.0, 12.0, 40.0, 17.5 ], "autoUv": false },
						"south": { "texture": "#skin", "uv": [ 31.0, 18.0, 40.0, 23.5 ], "autoUv": false, "windMode": [-1,-1,-1,-1] },
						"west": { "texture": "#skin", "uv": [ 40.0, 12.0, 28.0, 17.5 ], "autoUv": false, "windMode": [-1,-1,-1,-1] },
						"up": { "texture": "#skin", "uv": [ 31.0, 0.0, 40.0, 12.0 ], "autoUv": false },
						"down": { "texture": "#skin", "uv": [ 31.0, 0.0, 40.0, 12.0 ], "autoUv": false }
					}
				}
			]
		}
	]}