[
{"ingredientPattern": "LK","ingredients": {"K": { "type": "item", "code": "game:knife-*", "isTool": true },"L": { "type": "item", "code": "dinornithidae:pelt-*", "allowedVariants": ["male-anasaucklandica","female-anasaucklandica","male-anaschlorotis","female-anaschlorotis","male-anasnesiotis","female-anasnesiotis","male-chenonettafinschi","female-chenonettafinschi","male-apteryxaustralis","female-apteryxaustralis","male-apteryxhaastii","female-apteryxhaastii","male-apteryxmantelli","female-apteryxmantelli","male-apteryxowenii","female-apteryxowenii","male-apteryxrowi","female-apteryxrowi","male-strigopshabroptila","female-strigopshabroptila"] }},"width": 2,"height": 1,"output": { "type": "item", "code": "game:hide-raw-small", "quantity": 1  }},
{"ingredientPattern": "LK","ingredients": {"K": { "type": "item", "code": "game:knife-*", "isTool": true },"L": { "type": "item", "code": "dinornithidae:pelt-*", "allowedVariants": ["female-cnemiorniscalcitrans","male-cnemiorniscalcitrans","female-cnemiornisgracilis","male-cnemiornisgracilis","female-aptornisdefossor","male-aptornisdefossor","female-aptornisotidiformis","male-aptornisotidiformis","baby-dinornisnovaezealandiae","baby-dinornisrobustus"] }},"width": 2,"height": 1,"output": { "type": "item", "code": "game:hide-raw-medium", "quantity": 1  }},
{"ingredientPattern": "LK","ingredients": {"K": { "type": "item", "code": "game:knife-*", "isTool": true },"L": { "type": "item", "code": "dinornithidae:pelt-*", "allowedVariants": ["male-dinornisnovaezealandiae","male-dinornisrobustus"] }},"width": 2,"height": 1,"output": { "type": "item", "code": "game:hide-raw-large", "quantity": 2  }},
{"ingredientPattern": "LK","ingredients": {"K": { "type": "item", "code": "game:knife-*", "isTool": true },"L": { "type": "item", "code": "dinornithidae:pelt-*", "allowedVariants": ["female-dinornisnovaezealandiae","female-dinornisrobustus"] }},"width": 2,"height": 1,"output": { "type": "item", "code": "game:hide-raw-huge", "quantity": 2  }}]