[
{"name": "Rifleman Taxidermy (Female)", "ingredientPattern": "_BC,DEF,GHI","ingredients": {"B": { "type": "item", "code": "game:hammer-*", "isTool": true },"C": { "type": "item", "code": "game:knife-*", "isTool": true },"D": { "type": "item", "code": "dinornithidae:pelt-female-acanthisittachloris" },"E": { "type": "item", "code": "game:metalnailsandstrips-*", "quantity": 1 },"F": { "type": "item", "code": "game:clay-*", "quantity": 2 },"G": { "type": "block", "code": "game:debarkedlog-*", "quantity": 1 },"H": { "type": "block", "code": "game:glass-*" },"I": { "type": "item", "code": "game:powderedborax", "quantity": 1 }},"width": 3,"height": 3,"output": { "type": "item", "code": "dinornithidae:taxidermy-female-acanthisittachloris", "quantity": 1  }},
{"name": "Rifleman Taxidermy (Male)", "ingredientPattern": "_BC,DEF,GHI","ingredients": {"B": { "type": "item", "code": "game:hammer-*", "isTool": true },"C": { "type": "item", "code": "game:knife-*", "isTool": true },"D": { "type": "item", "code": "dinornithidae:pelt-male-acanthisittachloris" },"E": { "type": "item", "code": "game:metalnailsandstrips-*", "quantity": 1 },"F": { "type": "item", "code": "game:clay-*", "quantity": 2 },"G": { "type": "block", "code": "game:debarkedlog-*", "quantity": 1 },"H": { "type": "block", "code": "game:glass-*" },"I": { "type": "item", "code": "game:powderedborax", "quantity": 1 }},"width": 3,"height": 3,"output": { "type": "item", "code": "dinornithidae:taxidermy-male-acanthisittachloris", "quantity": 1  }},

{"name": "Long-Billed Wren Taxidermy (Female)", "ingredientPattern": "_BC,DEF,GHI","ingredients": {"B": { "type": "item", "code": "game:hammer-*", "isTool": true },"C": { "type": "item", "code": "game:knife-*", "isTool": true },"D": { "type": "item", "code": "dinornithidae:pelt-female-dendroscansordecurvirostris" },"E": { "type": "item", "code": "game:metalnailsandstrips-*", "quantity": 1 },"F": { "type": "item", "code": "game:clay-*", "quantity": 2 },"G": { "type": "block", "code": "game:debarkedlog-*", "quantity": 1 },"H": { "type": "block", "code": "game:glass-*" },"I": { "type": "item", "code": "game:powderedborax", "quantity": 1 }},"width": 3,"height": 3,"output": { "type": "item", "code": "dinornithidae:taxidermy-female-dendroscansordecurvirostris", "quantity": 1  }},
{"name": "Long-Billed Wren Taxidermy (Male)", "ingredientPattern": "_BC,DEF,GHI","ingredients": {"B": { "type": "item", "code": "game:hammer-*", "isTool": true },"C": { "type": "item", "code": "game:knife-*", "isTool": true },"D": { "type": "item", "code": "dinornithidae:pelt-male-dendroscansordecurvirostris" },"E": { "type": "item", "code": "game:metalnailsandstrips-*", "quantity": 1 },"F": { "type": "item", "code": "game:clay-*", "quantity": 2 },"G": { "type": "block", "code": "game:debarkedlog-*", "quantity": 1 },"H": { "type": "block", "code": "game:glass-*" },"I": { "type": "item", "code": "game:powderedborax", "quantity": 1 }},"width": 3,"height": 3,"output": { "type": "item", "code": "dinornithidae:taxidermy-male-dendroscansordecurvirostris", "quantity": 1  }},

{"name": "North Island Stout-Legged Wren Taxidermy (Female)", "ingredientPattern": "_BC,DEF,GHI","ingredients": {"B": { "type": "item", "code": "game:hammer-*", "isTool": true },"C": { "type": "item", "code": "game:knife-*", "isTool": true },"D": { "type": "item", "code": "dinornithidae:pelt-female-pachyplichasjagmi" },"E": { "type": "item", "code": "game:metalnailsandstrips-*", "quantity": 1 },"F": { "type": "item", "code": "game:clay-*", "quantity": 2 },"G": { "type": "block", "code": "game:debarkedlog-*", "quantity": 1 },"H": { "type": "block", "code": "game:glass-*" },"I": { "type": "item", "code": "game:powderedborax", "quantity": 1 }},"width": 3,"height": 3,"output": { "type": "item", "code": "dinornithidae:taxidermy-female-pachyplichasjagmi", "quantity": 1  }},
{"name": "North Island Stout-Legged Wren Taxidermy (Male)", "ingredientPattern": "_BC,DEF,GHI","ingredients": {"B": { "type": "item", "code": "game:hammer-*", "isTool": true },"C": { "type": "item", "code": "game:knife-*", "isTool": true },"D": { "type": "item", "code": "dinornithidae:pelt-male-pachyplichasjagmi" },"E": { "type": "item", "code": "game:metalnailsandstrips-*", "quantity": 1 },"F": { "type": "item", "code": "game:clay-*", "quantity": 2 },"G": { "type": "block", "code": "game:debarkedlog-*", "quantity": 1 },"H": { "type": "block", "code": "game:glass-*" },"I": { "type": "item", "code": "game:powderedborax", "quantity": 1 }},"width": 3,"height": 3,"output": { "type": "item", "code": "dinornithidae:taxidermy-male-pachyplichasjagmi", "quantity": 1  }},

{"name": "South Island Stout-Legged Wren Taxidermy (Female)", "ingredientPattern": "_BC,DEF,GHI","ingredients": {"B": { "type": "item", "code": "game:hammer-*", "isTool": true },"C": { "type": "item", "code": "game:knife-*", "isTool": true },"D": { "type": "item", "code": "dinornithidae:pelt-female-pachyplichasyaldwyni" },"E": { "type": "item", "code": "game:metalnailsandstrips-*", "quantity": 1 },"F": { "type": "item", "code": "game:clay-*", "quantity": 2 },"G": { "type": "block", "code": "game:debarkedlog-*", "quantity": 1 },"H": { "type": "block", "code": "game:glass-*" },"I": { "type": "item", "code": "game:powderedborax", "quantity": 1 }},"width": 3,"height": 3,"output": { "type": "item", "code": "dinornithidae:taxidermy-female-pachyplichasyaldwyni", "quantity": 1  }},
{"name": "South Island Stout-Legged Wren Taxidermy (Male)", "ingredientPattern": "_BC,DEF,GHI","ingredients": {"B": { "type": "item", "code": "game:hammer-*", "isTool": true },"C": { "type": "item", "code": "game:knife-*", "isTool": true },"D": { "type": "item", "code": "dinornithidae:pelt-male-pachyplichasyaldwyni" },"E": { "type": "item", "code": "game:metalnailsandstrips-*", "quantity": 1 },"F": { "type": "item", "code": "game:clay-*", "quantity": 2 },"G": { "type": "block", "code": "game:debarkedlog-*", "quantity": 1 },"H": { "type": "block", "code": "game:glass-*" },"I": { "type": "item", "code": "game:powderedborax", "quantity": 1 }},"width": 3,"height": 3,"output": { "type": "item", "code": "dinornithidae:taxidermy-male-pachyplichasyaldwyni", "quantity": 1  }},

{"name": "Lyall's Wren Taxidermy (Female)", "ingredientPattern": "_BC,DEF,GHI","ingredients": {"B": { "type": "item", "code": "game:hammer-*", "isTool": true },"C": { "type": "item", "code": "game:knife-*", "isTool": true },"D": { "type": "item", "code": "dinornithidae:pelt-female-traversialyalli" },"E": { "type": "item", "code": "game:metalnailsandstrips-*", "quantity": 1 },"F": { "type": "item", "code": "game:clay-*", "quantity": 2 },"G": { "type": "block", "code": "game:debarkedlog-*", "quantity": 1 },"H": { "type": "block", "code": "game:glass-*" },"I": { "type": "item", "code": "game:powderedborax", "quantity": 1 }},"width": 3,"height": 3,"output": { "type": "item", "code": "dinornithidae:taxidermy-female-traversialyalli", "quantity": 1  }},
{"name": "Lyall's Wren Taxidermy (Male)", "ingredientPattern": "_BC,DEF,GHI","ingredients": {"B": { "type": "item", "code": "game:hammer-*", "isTool": true },"C": { "type": "item", "code": "game:knife-*", "isTool": true },"D": { "type": "item", "code": "dinornithidae:pelt-male-traversialyalli" },"E": { "type": "item", "code": "game:metalnailsandstrips-*", "quantity": 1 },"F": { "type": "item", "code": "game:clay-*", "quantity": 2 },"G": { "type": "block", "code": "game:debarkedlog-*", "quantity": 1 },"H": { "type": "block", "code": "game:glass-*" },"I": { "type": "item", "code": "game:powderedborax", "quantity": 1 }},"width": 3,"height": 3,"output": { "type": "item", "code": "dinornithidae:taxidermy-male-traversialyalli", "quantity": 1  }},

{"name": "New Zealand Rockwren Taxidermy (Female)", "ingredientPattern": "_BC,DEF,GHI","ingredients": {"B": { "type": "item", "code": "game:hammer-*", "isTool": true },"C": { "type": "item", "code": "game:knife-*", "isTool": true },"D": { "type": "item", "code": "dinornithidae:pelt-female-xenicusgilviventris" },"E": { "type": "item", "code": "game:metalnailsandstrips-*", "quantity": 1 },"F": { "type": "item", "code": "game:clay-*", "quantity": 2 },"G": { "type": "block", "code": "game:debarkedlog-*", "quantity": 1 },"H": { "type": "block", "code": "game:glass-*" },"I": { "type": "item", "code": "game:powderedborax", "quantity": 1 }},"width": 3,"height": 3,"output": { "type": "item", "code": "dinornithidae:taxidermy-female-xenicusgilviventris", "quantity": 1  }},
{"name": "New Zealand Rockwren Taxidermy (Male)", "ingredientPattern": "_BC,DEF,GHI","ingredients": {"B": { "type": "item", "code": "game:hammer-*", "isTool": true },"C": { "type": "item", "code": "game:knife-*", "isTool": true },"D": { "type": "item", "code": "dinornithidae:pelt-male-xenicusgilviventris" },"E": { "type": "item", "code": "game:metalnailsandstrips-*", "quantity": 1 },"F": { "type": "item", "code": "game:clay-*", "quantity": 2 },"G": { "type": "block", "code": "game:debarkedlog-*", "quantity": 1 },"H": { "type": "block", "code": "game:glass-*" },"I": { "type": "item", "code": "game:powderedborax", "quantity": 1 }},"width": 3,"height": 3,"output": { "type": "item", "code": "dinornithidae:taxidermy-male-xenicusgilviventris", "quantity": 1  }},

{"name": "Bushwren Taxidermy (Female)", "ingredientPattern": "_BC,DEF,GHI","ingredients": {"B": { "type": "item", "code": "game:hammer-*", "isTool": true },"C": { "type": "item", "code": "game:knife-*", "isTool": true },"D": { "type": "item", "code": "dinornithidae:pelt-female-xenicuslongipes" },"E": { "type": "item", "code": "game:metalnailsandstrips-*", "quantity": 1 },"F": { "type": "item", "code": "game:clay-*", "quantity": 2 },"G": { "type": "block", "code": "game:debarkedlog-*", "quantity": 1 },"H": { "type": "block", "code": "game:glass-*" },"I": { "type": "item", "code": "game:powderedborax", "quantity": 1 }},"width": 3,"height": 3,"output": { "type": "item", "code": "dinornithidae:taxidermy-female-xenicuslongipes", "quantity": 1  }},
{"name": "Bushwren Taxidermy (Male)", "ingredientPattern": "_BC,DEF,GHI","ingredients": {"B": { "type": "item", "code": "game:hammer-*", "isTool": true },"C": { "type": "item", "code": "game:knife-*", "isTool": true },"D": { "type": "item", "code": "dinornithidae:pelt-male-xenicuslongipes" },"E": { "type": "item", "code": "game:metalnailsandstrips-*", "quantity": 1 },"F": { "type": "item", "code": "game:clay-*", "quantity": 2 },"G": { "type": "block", "code": "game:debarkedlog-*", "quantity": 1 },"H": { "type": "block", "code": "game:glass-*" },"I": { "type": "item", "code": "game:powderedborax", "quantity": 1 }},"width": 3,"height": 3,"output": { "type": "item", "code": "dinornithidae:taxidermy-male-xenicuslongipes", "quantity": 1  }},

{"name": "Auckland Teal Taxidermy (Female)", "ingredientPattern": "_BC,DEF,GHI","ingredients": {"B": { "type": "item", "code": "game:hammer-*", "isTool": true },"C": { "type": "item", "code": "game:knife-*", "isTool": true },"D": { "type": "item", "code": "dinornithidae:pelt-female-anasaucklandica" },"E": { "type": "item", "code": "game:metalnailsandstrips-*", "quantity": 1 },"F": { "type": "item", "code": "game:clay-*", "quantity": 2 },"G": { "type": "block", "code": "game:debarkedlog-*", "quantity": 1 },"H": { "type": "block", "code": "game:glass-*" },"I": { "type": "item", "code": "game:powderedborax", "quantity": 1 }},"width": 3,"height": 3,"output": { "type": "item", "code": "dinornithidae:taxidermy-female-anasaucklandica", "quantity": 1  }},
{"name": "Auckland Teal Taxidermy (Male)", "ingredientPattern": "_BC,DEF,GHI","ingredients": {"B": { "type": "item", "code": "game:hammer-*", "isTool": true },"C": { "type": "item", "code": "game:knife-*", "isTool": true },"D": { "type": "item", "code": "dinornithidae:pelt-male-anasaucklandica" },"E": { "type": "item", "code": "game:metalnailsandstrips-*", "quantity": 1 },"F": { "type": "item", "code": "game:clay-*", "quantity": 2 },"G": { "type": "block", "code": "game:debarkedlog-*", "quantity": 1 },"H": { "type": "block", "code": "game:glass-*" },"I": { "type": "item", "code": "game:powderedborax", "quantity": 1 }},"width": 3,"height": 3,"output": { "type": "item", "code": "dinornithidae:taxidermy-male-anasaucklandica", "quantity": 1  }},

{"name": "Brown Teal Taxidermy (Female)", "ingredientPattern": "_BC,DEF,GHI","ingredients": {"B": { "type": "item", "code": "game:hammer-*", "isTool": true },"C": { "type": "item", "code": "game:knife-*", "isTool": true },"D": { "type": "item", "code": "dinornithidae:pelt-female-anaschlorotis" },"E": { "type": "item", "code": "game:metalnailsandstrips-*", "quantity": 1 },"F": { "type": "item", "code": "game:clay-*", "quantity": 2 },"G": { "type": "block", "code": "game:debarkedlog-*", "quantity": 1 },"H": { "type": "block", "code": "game:glass-*" },"I": { "type": "item", "code": "game:powderedborax", "quantity": 1 }},"width": 3,"height": 3,"output": { "type": "item", "code": "dinornithidae:taxidermy-female-anaschlorotis", "quantity": 1  }},
{"name": "Brown Teal Taxidermy (Male)", "ingredientPattern": "_BC,DEF,GHI","ingredients": {"B": { "type": "item", "code": "game:hammer-*", "isTool": true },"C": { "type": "item", "code": "game:knife-*", "isTool": true },"D": { "type": "item", "code": "dinornithidae:pelt-male-anaschlorotis" },"E": { "type": "item", "code": "game:metalnailsandstrips-*", "quantity": 1 },"F": { "type": "item", "code": "game:clay-*", "quantity": 2 },"G": { "type": "block", "code": "game:debarkedlog-*", "quantity": 1 },"H": { "type": "block", "code": "game:glass-*" },"I": { "type": "item", "code": "game:powderedborax", "quantity": 1 }},"width": 3,"height": 3,"output": { "type": "item", "code": "dinornithidae:taxidermy-male-anaschlorotis", "quantity": 1  }},

{"name": "Campbell Teal Taxidermy (Female)", "ingredientPattern": "_BC,DEF,GHI","ingredients": {"B": { "type": "item", "code": "game:hammer-*", "isTool": true },"C": { "type": "item", "code": "game:knife-*", "isTool": true },"D": { "type": "item", "code": "dinornithidae:pelt-female-anasnesiotis" },"E": { "type": "item", "code": "game:metalnailsandstrips-*", "quantity": 1 },"F": { "type": "item", "code": "game:clay-*", "quantity": 2 },"G": { "type": "block", "code": "game:debarkedlog-*", "quantity": 1 },"H": { "type": "block", "code": "game:glass-*" },"I": { "type": "item", "code": "game:powderedborax", "quantity": 1 }},"width": 3,"height": 3,"output": { "type": "item", "code": "dinornithidae:taxidermy-female-anasnesiotis", "quantity": 1  }},
{"name": "Campbell Teal Taxidermy (Male)", "ingredientPattern": "_BC,DEF,GHI","ingredients": {"B": { "type": "item", "code": "game:hammer-*", "isTool": true },"C": { "type": "item", "code": "game:knife-*", "isTool": true },"D": { "type": "item", "code": "dinornithidae:pelt-male-anasnesiotis" },"E": { "type": "item", "code": "game:metalnailsandstrips-*", "quantity": 1 },"F": { "type": "item", "code": "game:clay-*", "quantity": 2 },"G": { "type": "block", "code": "game:debarkedlog-*", "quantity": 1 },"H": { "type": "block", "code": "game:glass-*" },"I": { "type": "item", "code": "game:powderedborax", "quantity": 1 }},"width": 3,"height": 3,"output": { "type": "item", "code": "dinornithidae:taxidermy-male-anasnesiotis", "quantity": 1  }},

{"name": "Finsch's Duck Taxidermy (Female)", "ingredientPattern": "_BC,DEF,GHI","ingredients": {"B": { "type": "item", "code": "game:hammer-*", "isTool": true },"C": { "type": "item", "code": "game:knife-*", "isTool": true },"D": { "type": "item", "code": "dinornithidae:pelt-female-chenonettafinschi" },"E": { "type": "item", "code": "game:metalnailsandstrips-*", "quantity": 1 },"F": { "type": "item", "code": "game:clay-*", "quantity": 2 },"G": { "type": "block", "code": "game:debarkedlog-*", "quantity": 1 },"H": { "type": "block", "code": "game:glass-*" },"I": { "type": "item", "code": "game:powderedborax", "quantity": 1 }},"width": 3,"height": 3,"output": { "type": "item", "code": "dinornithidae:taxidermy-female-chenonettafinschi", "quantity": 1  }},
{"name": "Finsch's Duck Taxidermy (Male)", "ingredientPattern": "_BC,DEF,GHI","ingredients": {"B": { "type": "item", "code": "game:hammer-*", "isTool": true },"C": { "type": "item", "code": "game:knife-*", "isTool": true },"D": { "type": "item", "code": "dinornithidae:pelt-male-chenonettafinschi" },"E": { "type": "item", "code": "game:metalnailsandstrips-*", "quantity": 1 },"F": { "type": "item", "code": "game:clay-*", "quantity": 2 },"G": { "type": "block", "code": "game:debarkedlog-*", "quantity": 1 },"H": { "type": "block", "code": "game:glass-*" },"I": { "type": "item", "code": "game:powderedborax", "quantity": 1 }},"width": 3,"height": 3,"output": { "type": "item", "code": "dinornithidae:taxidermy-male-chenonettafinschi", "quantity": 1  }},

{"name": "South Island Goose Taxidermy (Female)", "ingredientPattern": "_BC,DEF,GHI","ingredients": {"B": { "type": "item", "code": "game:hammer-*", "isTool": true },"C": { "type": "item", "code": "game:knife-*", "isTool": true },"D": { "type": "item", "code": "dinornithidae:pelt-female-cnemiorniscalcitrans" },"E": { "type": "item", "code": "game:metalnailsandstrips-*", "quantity": 1 },"F": { "type": "item", "code": "game:clay-*", "quantity": 2 },"G": { "type": "block", "code": "game:debarkedlog-*", "quantity": 1 },"H": { "type": "block", "code": "game:glass-*" },"I": { "type": "item", "code": "game:powderedborax", "quantity": 1 }},"width": 3,"height": 3,"output": { "type": "item", "code": "dinornithidae:taxidermy-female-cnemiorniscalcitrans", "quantity": 1  }},
{"name": "South Island Goose Taxidermy (Male)", "ingredientPattern": "_BC,DEF,GHI","ingredients": {"B": { "type": "item", "code": "game:hammer-*", "isTool": true },"C": { "type": "item", "code": "game:knife-*", "isTool": true },"D": { "type": "item", "code": "dinornithidae:pelt-male-cnemiorniscalcitrans" },"E": { "type": "item", "code": "game:metalnailsandstrips-*", "quantity": 1 },"F": { "type": "item", "code": "game:clay-*", "quantity": 2 },"G": { "type": "block", "code": "game:debarkedlog-*", "quantity": 1 },"H": { "type": "block", "code": "game:glass-*" },"I": { "type": "item", "code": "game:powderedborax", "quantity": 1 }},"width": 3,"height": 3,"output": { "type": "item", "code": "dinornithidae:taxidermy-male-cnemiorniscalcitrans", "quantity": 1  }},

{"name": "North Island Goose Taxidermy (Female)", "ingredientPattern": "_BC,DEF,GHI","ingredients": {"B": { "type": "item", "code": "game:hammer-*", "isTool": true },"C": { "type": "item", "code": "game:knife-*", "isTool": true },"D": { "type": "item", "code": "dinornithidae:pelt-female-cnemiornisgracilis" },"E": { "type": "item", "code": "game:metalnailsandstrips-*", "quantity": 1 },"F": { "type": "item", "code": "game:clay-*", "quantity": 2 },"G": { "type": "block", "code": "game:debarkedlog-*", "quantity": 1 },"H": { "type": "block", "code": "game:glass-*" },"I": { "type": "item", "code": "game:powderedborax", "quantity": 1 }},"width": 3,"height": 3,"output": { "type": "item", "code": "dinornithidae:taxidermy-female-cnemiornisgracilis", "quantity": 1  }},
{"name": "North Island Goose Taxidermy (Male)", "ingredientPattern": "_BC,DEF,GHI","ingredients": {"B": { "type": "item", "code": "game:hammer-*", "isTool": true },"C": { "type": "item", "code": "game:knife-*", "isTool": true },"D": { "type": "item", "code": "dinornithidae:pelt-male-cnemiornisgracilis" },"E": { "type": "item", "code": "game:metalnailsandstrips-*", "quantity": 1 },"F": { "type": "item", "code": "game:clay-*", "quantity": 2 },"G": { "type": "block", "code": "game:debarkedlog-*", "quantity": 1 },"H": { "type": "block", "code": "game:glass-*" },"I": { "type": "item", "code": "game:powderedborax", "quantity": 1 }},"width": 3,"height": 3,"output": { "type": "item", "code": "dinornithidae:taxidermy-male-cnemiornisgracilis", "quantity": 1  }},

{"name": "New Zealand Owlet-Nightjar Taxidermy (Female)", "ingredientPattern": "_BC,DEF,GHI","ingredients": {"B": { "type": "item", "code": "game:hammer-*", "isTool": true },"C": { "type": "item", "code": "game:knife-*", "isTool": true },"D": { "type": "item", "code": "dinornithidae:pelt-female-aegothelesnovaezealandiae" },"E": { "type": "item", "code": "game:metalnailsandstrips-*", "quantity": 1 },"F": { "type": "item", "code": "game:clay-*", "quantity": 2 },"G": { "type": "block", "code": "game:debarkedlog-*", "quantity": 1 },"H": { "type": "block", "code": "game:glass-*" },"I": { "type": "item", "code": "game:powderedborax", "quantity": 1 }},"width": 3,"height": 3,"output": { "type": "item", "code": "dinornithidae:taxidermy-female-aegothelesnovaezealandiae", "quantity": 1  }},
{"name": "New Zealand Owlet-Nightjar Taxidermy (Male)", "ingredientPattern": "_BC,DEF,GHI","ingredients": {"B": { "type": "item", "code": "game:hammer-*", "isTool": true },"C": { "type": "item", "code": "game:knife-*", "isTool": true },"D": { "type": "item", "code": "dinornithidae:pelt-male-aegothelesnovaezealandiae" },"E": { "type": "item", "code": "game:metalnailsandstrips-*", "quantity": 1 },"F": { "type": "item", "code": "game:clay-*", "quantity": 2 },"G": { "type": "block", "code": "game:debarkedlog-*", "quantity": 1 },"H": { "type": "block", "code": "game:glass-*" },"I": { "type": "item", "code": "game:powderedborax", "quantity": 1 }},"width": 3,"height": 3,"output": { "type": "item", "code": "dinornithidae:taxidermy-male-aegothelesnovaezealandiae", "quantity": 1  }},

{"name": "Southern Brown Kiwi Taxidermy (Female)", "ingredientPattern": "_BC,DEF,GHI","ingredients": {"B": { "type": "item", "code": "game:hammer-*", "isTool": true },"C": { "type": "item", "code": "game:knife-*", "isTool": true },"D": { "type": "item", "code": "dinornithidae:pelt-female-apteryxaustralis" },"E": { "type": "item", "code": "game:metalnailsandstrips-*", "quantity": 1 },"F": { "type": "item", "code": "game:clay-*", "quantity": 2 },"G": { "type": "block", "code": "game:debarkedlog-*", "quantity": 1 },"H": { "type": "block", "code": "game:glass-*" },"I": { "type": "item", "code": "game:powderedborax", "quantity": 1 }},"width": 3,"height": 3,"output": { "type": "item", "code": "dinornithidae:taxidermy-female-apteryxaustralis", "quantity": 1  }},
{"name": "Southern Brown Kiwi Taxidermy (Male)", "ingredientPattern": "_BC,DEF,GHI","ingredients": {"B": { "type": "item", "code": "game:hammer-*", "isTool": true },"C": { "type": "item", "code": "game:knife-*", "isTool": true },"D": { "type": "item", "code": "dinornithidae:pelt-male-apteryxaustralis" },"E": { "type": "item", "code": "game:metalnailsandstrips-*", "quantity": 1 },"F": { "type": "item", "code": "game:clay-*", "quantity": 2 },"G": { "type": "block", "code": "game:debarkedlog-*", "quantity": 1 },"H": { "type": "block", "code": "game:glass-*" },"I": { "type": "item", "code": "game:powderedborax", "quantity": 1 }},"width": 3,"height": 3,"output": { "type": "item", "code": "dinornithidae:taxidermy-male-apteryxaustralis", "quantity": 1  }},

{"name": "Great Spotted Kiwi Taxidermy (Female)", "ingredientPattern": "_BC,DEF,GHI","ingredients": {"B": { "type": "item", "code": "game:hammer-*", "isTool": true },"C": { "type": "item", "code": "game:knife-*", "isTool": true },"D": { "type": "item", "code": "dinornithidae:pelt-female-apteryxhaastii" },"E": { "type": "item", "code": "game:metalnailsandstrips-*", "quantity": 1 },"F": { "type": "item", "code": "game:clay-*", "quantity": 2 },"G": { "type": "block", "code": "game:debarkedlog-*", "quantity": 1 },"H": { "type": "block", "code": "game:glass-*" },"I": { "type": "item", "code": "game:powderedborax", "quantity": 1 }},"width": 3,"height": 3,"output": { "type": "item", "code": "dinornithidae:taxidermy-female-apteryxhaastii", "quantity": 1  }},
{"name": "Great Spotted Kiwi Taxidermy (Male)", "ingredientPattern": "_BC,DEF,GHI","ingredients": {"B": { "type": "item", "code": "game:hammer-*", "isTool": true },"C": { "type": "item", "code": "game:knife-*", "isTool": true },"D": { "type": "item", "code": "dinornithidae:pelt-male-apteryxhaastii" },"E": { "type": "item", "code": "game:metalnailsandstrips-*", "quantity": 1 },"F": { "type": "item", "code": "game:clay-*", "quantity": 2 },"G": { "type": "block", "code": "game:debarkedlog-*", "quantity": 1 },"H": { "type": "block", "code": "game:glass-*" },"I": { "type": "item", "code": "game:powderedborax", "quantity": 1 }},"width": 3,"height": 3,"output": { "type": "item", "code": "dinornithidae:taxidermy-male-apteryxhaastii", "quantity": 1  }},

{"name": "North Island Brown Taxidermy (Female)", "ingredientPattern": "_BC,DEF,GHI","ingredients": {"B": { "type": "item", "code": "game:hammer-*", "isTool": true },"C": { "type": "item", "code": "game:knife-*", "isTool": true },"D": { "type": "item", "code": "dinornithidae:pelt-female-apteryxmantelli" },"E": { "type": "item", "code": "game:metalnailsandstrips-*", "quantity": 1 },"F": { "type": "item", "code": "game:clay-*", "quantity": 2 },"G": { "type": "block", "code": "game:debarkedlog-*", "quantity": 1 },"H": { "type": "block", "code": "game:glass-*" },"I": { "type": "item", "code": "game:powderedborax", "quantity": 1 }},"width": 3,"height": 3,"output": { "type": "item", "code": "dinornithidae:taxidermy-female-apteryxmantelli", "quantity": 1  }},
{"name": "North Island Brown Taxidermy (Male)", "ingredientPattern": "_BC,DEF,GHI","ingredients": {"B": { "type": "item", "code": "game:hammer-*", "isTool": true },"C": { "type": "item", "code": "game:knife-*", "isTool": true },"D": { "type": "item", "code": "dinornithidae:pelt-male-apteryxmantelli" },"E": { "type": "item", "code": "game:metalnailsandstrips-*", "quantity": 1 },"F": { "type": "item", "code": "game:clay-*", "quantity": 2 },"G": { "type": "block", "code": "game:debarkedlog-*", "quantity": 1 },"H": { "type": "block", "code": "game:glass-*" },"I": { "type": "item", "code": "game:powderedborax", "quantity": 1 }},"width": 3,"height": 3,"output": { "type": "item", "code": "dinornithidae:taxidermy-male-apteryxmantelli", "quantity": 1  }},

{"name": "Little Spotted Kiwi Taxidermy (Female)", "ingredientPattern": "_BC,DEF,GHI","ingredients": {"B": { "type": "item", "code": "game:hammer-*", "isTool": true },"C": { "type": "item", "code": "game:knife-*", "isTool": true },"D": { "type": "item", "code": "dinornithidae:pelt-female-apteryxowenii" },"E": { "type": "item", "code": "game:metalnailsandstrips-*", "quantity": 1 },"F": { "type": "item", "code": "game:clay-*", "quantity": 2 },"G": { "type": "block", "code": "game:debarkedlog-*", "quantity": 1 },"H": { "type": "block", "code": "game:glass-*" },"I": { "type": "item", "code": "game:powderedborax", "quantity": 1 }},"width": 3,"height": 3,"output": { "type": "item", "code": "dinornithidae:taxidermy-female-apteryxowenii", "quantity": 1  }},
{"name": "Little Spotted Kiwi Taxidermy (Male)", "ingredientPattern": "_BC,DEF,GHI","ingredients": {"B": { "type": "item", "code": "game:hammer-*", "isTool": true },"C": { "type": "item", "code": "game:knife-*", "isTool": true },"D": { "type": "item", "code": "dinornithidae:pelt-male-apteryxowenii" },"E": { "type": "item", "code": "game:metalnailsandstrips-*", "quantity": 1 },"F": { "type": "item", "code": "game:clay-*", "quantity": 2 },"G": { "type": "block", "code": "game:debarkedlog-*", "quantity": 1 },"H": { "type": "block", "code": "game:glass-*" },"I": { "type": "item", "code": "game:powderedborax", "quantity": 1 }},"width": 3,"height": 3,"output": { "type": "item", "code": "dinornithidae:taxidermy-male-apteryxowenii", "quantity": 1  }},

{"name": "Okarito Taxidermy (Female)", "ingredientPattern": "_BC,DEF,GHI","ingredients": {"B": { "type": "item", "code": "game:hammer-*", "isTool": true },"C": { "type": "item", "code": "game:knife-*", "isTool": true },"D": { "type": "item", "code": "dinornithidae:pelt-female-apteryxrowi" },"E": { "type": "item", "code": "game:metalnailsandstrips-*", "quantity": 1 },"F": { "type": "item", "code": "game:clay-*", "quantity": 2 },"G": { "type": "block", "code": "game:debarkedlog-*", "quantity": 1 },"H": { "type": "block", "code": "game:glass-*" },"I": { "type": "item", "code": "game:powderedborax", "quantity": 1 }},"width": 3,"height": 3,"output": { "type": "item", "code": "dinornithidae:taxidermy-female-apteryxrowi", "quantity": 1  }},
{"name": "Okarito Taxidermy (Male)", "ingredientPattern": "_BC,DEF,GHI","ingredients": {"B": { "type": "item", "code": "game:hammer-*", "isTool": true },"C": { "type": "item", "code": "game:knife-*", "isTool": true },"D": { "type": "item", "code": "dinornithidae:pelt-male-apteryxrowi" },"E": { "type": "item", "code": "game:metalnailsandstrips-*", "quantity": 1 },"F": { "type": "item", "code": "game:clay-*", "quantity": 2 },"G": { "type": "block", "code": "game:debarkedlog-*", "quantity": 1 },"H": { "type": "block", "code": "game:glass-*" },"I": { "type": "item", "code": "game:powderedborax", "quantity": 1 }},"width": 3,"height": 3,"output": { "type": "item", "code": "dinornithidae:taxidermy-male-apteryxrowi", "quantity": 1  }},

{"name": "South Island Adzebill Taxidermy (Female)", "ingredientPattern": "_BC,DEF,GHI","ingredients": {"B": { "type": "item", "code": "game:hammer-*", "isTool": true },"C": { "type": "item", "code": "game:knife-*", "isTool": true },"D": { "type": "item", "code": "dinornithidae:pelt-female-aptornisdefossor" },"E": { "type": "item", "code": "game:metalnailsandstrips-*", "quantity": 1 },"F": { "type": "item", "code": "game:clay-*", "quantity": 2 },"G": { "type": "block", "code": "game:debarkedlog-*", "quantity": 3 },"H": { "type": "block", "code": "game:glass-*" },"I": { "type": "item", "code": "game:powderedborax", "quantity": 1 }},"width": 3,"height": 3,"output": { "type": "item", "code": "dinornithidae:taxidermy-female-aptornisdefossor", "quantity": 1  }},
{"name": "South Island Adzebill Taxidermy (Male)", "ingredientPattern": "_BC,DEF,GHI","ingredients": {"B": { "type": "item", "code": "game:hammer-*", "isTool": true },"C": { "type": "item", "code": "game:knife-*", "isTool": true },"D": { "type": "item", "code": "dinornithidae:pelt-male-aptornisdefossor" },"E": { "type": "item", "code": "game:metalnailsandstrips-*", "quantity": 1 },"F": { "type": "item", "code": "game:clay-*", "quantity": 2 },"G": { "type": "block", "code": "game:debarkedlog-*", "quantity": 3 },"H": { "type": "block", "code": "game:glass-*" },"I": { "type": "item", "code": "game:powderedborax", "quantity": 1 }},"width": 3,"height": 3,"output": { "type": "item", "code": "dinornithidae:taxidermy-male-aptornisdefossor", "quantity": 1  }},

{"name": "North Island Adzebill Taxidermy (Female)", "ingredientPattern": "_BC,DEF,GHI","ingredients": {"B": { "type": "item", "code": "game:hammer-*", "isTool": true },"C": { "type": "item", "code": "game:knife-*", "isTool": true },"D": { "type": "item", "code": "dinornithidae:pelt-female-aptornisotidiformis" },"E": { "type": "item", "code": "game:metalnailsandstrips-*", "quantity": 1 },"F": { "type": "item", "code": "game:clay-*", "quantity": 2 },"G": { "type": "block", "code": "game:debarkedlog-*", "quantity": 3 },"H": { "type": "block", "code": "game:glass-*" },"I": { "type": "item", "code": "game:powderedborax", "quantity": 1 }},"width": 3,"height": 3,"output": { "type": "item", "code": "dinornithidae:taxidermy-female-aptornisotidiformis", "quantity": 1  }},
{"name": "North Island Adzebill Taxidermy (Male)", "ingredientPattern": "_BC,DEF,GHI","ingredients": {"B": { "type": "item", "code": "game:hammer-*", "isTool": true },"C": { "type": "item", "code": "game:knife-*", "isTool": true },"D": { "type": "item", "code": "dinornithidae:pelt-male-aptornisotidiformis" },"E": { "type": "item", "code": "game:metalnailsandstrips-*", "quantity": 1 },"F": { "type": "item", "code": "game:clay-*", "quantity": 2 },"G": { "type": "block", "code": "game:debarkedlog-*", "quantity": 3 },"H": { "type": "block", "code": "game:glass-*" },"I": { "type": "item", "code": "game:powderedborax", "quantity": 1 }},"width": 3,"height": 3,"output": { "type": "item", "code": "dinornithidae:taxidermy-male-aptornisotidiformis", "quantity": 1  }},

{"name": "North Island Giant Moa Taxidermy (baby)", "ingredientPattern": "_BC,DEF,GHI","ingredients": {"B": { "type": "item", "code": "game:hammer-*", "isTool": true },"C": { "type": "item", "code": "game:knife-*", "isTool": true },"D": { "type": "item", "code": "dinornithidae:pelt-baby-dinornisnovaezealandiae" },"E": { "type": "item", "code": "game:metalnailsandstrips-*", "quantity": 1 },"F": { "type": "item", "code": "game:clay-*", "quantity": 2 },"G": { "type": "block", "code": "game:debarkedlog-*", "quantity": 1 },"H": { "type": "block", "code": "game:glass-*" },"I": { "type": "item", "code": "game:powderedborax", "quantity": 1 }},"width": 3,"height": 3,"output": { "type": "item", "code": "dinornithidae:taxidermy-baby-dinornisnovaezealandiae", "quantity": 1  }},
{"name": "North Island Giant Moa Taxidermy (Female)", "ingredientPattern": "_BC,DEF,GHI","ingredients": {"B": { "type": "item", "code": "game:hammer-*", "isTool": true },"C": { "type": "item", "code": "game:knife-*", "isTool": true },"D": { "type": "item", "code": "dinornithidae:pelt-female-dinornisnovaezealandiae" },"E": { "type": "item", "code": "game:metalnailsandstrips-*", "quantity": 1 },"F": { "type": "item", "code": "game:clay-*", "quantity": 2 },"G": { "type": "block", "code": "game:debarkedlog-*", "quantity": 3 },"H": { "type": "block", "code": "game:glass-*" },"I": { "type": "item", "code": "game:powderedborax", "quantity": 1 }},"width": 3,"height": 3,"output": { "type": "item", "code": "dinornithidae:taxidermy-female-dinornisnovaezealandiae", "quantity": 1  }},
{"name": "North Island Giant Moa Taxidermy (Male)", "ingredientPattern": "_BC,DEF,GHI","ingredients": {"B": { "type": "item", "code": "game:hammer-*", "isTool": true },"C": { "type": "item", "code": "game:knife-*", "isTool": true },"D": { "type": "item", "code": "dinornithidae:pelt-male-dinornisnovaezealandiae" },"E": { "type": "item", "code": "game:metalnailsandstrips-*", "quantity": 1 },"F": { "type": "item", "code": "game:clay-*", "quantity": 2 },"G": { "type": "block", "code": "game:debarkedlog-*", "quantity": 3 },"H": { "type": "block", "code": "game:glass-*" },"I": { "type": "item", "code": "game:powderedborax", "quantity": 1 }},"width": 3,"height": 3,"output": { "type": "item", "code": "dinornithidae:taxidermy-male-dinornisnovaezealandiae", "quantity": 1  }},

{"name": "South Island Giant Moa Taxidermy (baby)", "ingredientPattern": "_BC,DEF,GHI","ingredients": {"B": { "type": "item", "code": "game:hammer-*", "isTool": true },"C": { "type": "item", "code": "game:knife-*", "isTool": true },"D": { "type": "item", "code": "dinornithidae:pelt-baby-dinornisrobustus" },"E": { "type": "item", "code": "game:metalnailsandstrips-*", "quantity": 1 },"F": { "type": "item", "code": "game:clay-*", "quantity": 2 },"G": { "type": "block", "code": "game:debarkedlog-*", "quantity": 1 },"H": { "type": "block", "code": "game:glass-*" },"I": { "type": "item", "code": "game:powderedborax", "quantity": 1 }},"width": 3,"height": 3,"output": { "type": "item", "code": "dinornithidae:taxidermy-baby-dinornisrobustus", "quantity": 1  }},
{"name": "South Island Giant Moa Taxidermy (Female)", "ingredientPattern": "_BC,DEF,GHI","ingredients": {"B": { "type": "item", "code": "game:hammer-*", "isTool": true },"C": { "type": "item", "code": "game:knife-*", "isTool": true },"D": { "type": "item", "code": "dinornithidae:pelt-female-dinornisrobustus" },"E": { "type": "item", "code": "game:metalnailsandstrips-*", "quantity": 1 },"F": { "type": "item", "code": "game:clay-*", "quantity": 2 },"G": { "type": "block", "code": "game:debarkedlog-*", "quantity": 3 },"H": { "type": "block", "code": "game:glass-*" },"I": { "type": "item", "code": "game:powderedborax", "quantity": 1 }},"width": 3,"height": 3,"output": { "type": "item", "code": "dinornithidae:taxidermy-female-dinornisrobustus", "quantity": 1  }},
{"name": "South Island Giant Moa Taxidermy (Male)", "ingredientPattern": "_BC,DEF,GHI","ingredients": {"B": { "type": "item", "code": "game:hammer-*", "isTool": true },"C": { "type": "item", "code": "game:knife-*", "isTool": true },"D": { "type": "item", "code": "dinornithidae:pelt-male-dinornisrobustus" },"E": { "type": "item", "code": "game:metalnailsandstrips-*", "quantity": 1 },"F": { "type": "item", "code": "game:clay-*", "quantity": 2 },"G": { "type": "block", "code": "game:debarkedlog-*", "quantity": 3 },"H": { "type": "block", "code": "game:glass-*" },"I": { "type": "item", "code": "game:powderedborax", "quantity": 1 }},"width": 3,"height": 3,"output": { "type": "item", "code": "dinornithidae:taxidermy-male-dinornisrobustus", "quantity": 1  }},

{"name": "Kakapo Taxidermy (Female)", "ingredientPattern": "_BC,DEF,GHI","ingredients": {"B": { "type": "item", "code": "game:hammer-*", "isTool": true },"C": { "type": "item", "code": "game:knife-*", "isTool": true },"D": { "type": "item", "code": "dinornithidae:pelt-female-strigopshabroptila" },"E": { "type": "item", "code": "game:metalnailsandstrips-*", "quantity": 1 },"F": { "type": "item", "code": "game:clay-*", "quantity": 2 },"G": { "type": "block", "code": "game:debarkedlog-*", "quantity": 1 },"H": { "type": "block", "code": "game:glass-*" },"I": { "type": "item", "code": "game:powderedborax", "quantity": 1 }},"width": 3,"height": 3,"output": { "type": "item", "code": "dinornithidae:taxidermy-female-strigopshabroptila", "quantity": 1  }},
{"name": "Kakapo Taxidermy (Male)", "ingredientPattern": "_BC,DEF,GHI","ingredients": {"B": { "type": "item", "code": "game:hammer-*", "isTool": true },"C": { "type": "item", "code": "game:knife-*", "isTool": true },"D": { "type": "item", "code": "dinornithidae:pelt-male-strigopshabroptila" },"E": { "type": "item", "code": "game:metalnailsandstrips-*", "quantity": 1 },"F": { "type": "item", "code": "game:clay-*", "quantity": 2 },"G": { "type": "block", "code": "game:debarkedlog-*", "quantity": 1 },"H": { "type": "block", "code": "game:glass-*" },"I": { "type": "item", "code": "game:powderedborax", "quantity": 1 }},"width": 3,"height": 3,"output": { "type": "item", "code": "dinornithidae:taxidermy-male-strigopshabroptila", "quantity": 1  }}
]