{
	"editor": {
		"allAngles": true,
		"entityTextureMode": false
	},
	"textureWidth": 16,
	"textureHeight": 16,
	"textureSizes": {
	},
	"textures": {
		"reindeerantlers": "reindeerantlers"
	},
	"elements": [
		{
			"name": "right antler base",
			"from": [ 6.74, 0.708, -0.44 ], 
			"to": [ 7.94, 7.908, 0.76 ], 
			"rotationOrigin": [ 7.3443, 0.7138, 0.16 ],
			"rotationY": -34.0,
			"rotationZ": -90.0,
			"faces": {
				"north": { "texture": "#reindeerantlers", "uv": [ 0.0, 1.0, 1.0, 8.0 ] },
				"east": { "texture": "#reindeerantlers", "uv": [ 1.0, 1.0, 2.0, 8.0 ] },
				"south": { "texture": "#reindeerantlers", "uv": [ 2.0, 1.0, 3.0, 8.0 ] },
				"west": { "texture": "#reindeerantlers", "uv": [ 3.0, 1.0, 4.0, 8.0 ] },
				"up": { "texture": "#reindeerantlers", "uv": [ 0.0, 0.0, 1.0, 1.0 ] },
				"down": { "texture": "#reindeerantlers", "uv": [ 1.0, 0.0, 2.0, 1.0 ] }
			},
			"children": [
				{
					"name": "right antler 1",
					"from": [ 0.012, 6.96, 0.24 ], 
					"to": [ 1.192, 10.56, 1.44 ], 
					"rotationOrigin": [ 0.6, 7.56, 0.84 ],
					"rotationX": 22.5,
					"faces": {
						"north": { "texture": "#reindeerantlers", "uv": [ 0.0, 1.0, 1.0, 4.5 ] },
						"east": { "texture": "#reindeerantlers", "uv": [ 0.5, 1.0, 1.5, 4.5 ] },
						"south": { "texture": "#reindeerantlers", "uv": [ 1.5, 1.0, 2.5, 4.5 ] },
						"west": { "texture": "#reindeerantlers", "uv": [ 2.0, 1.0, 3.0, 4.5 ] },
						"up": { "texture": "#reindeerantlers", "uv": [ 0.0, 0.0, 1.0, 1.0 ] },
						"down": { "texture": "#reindeerantlers", "uv": [ 0.5, 0.0, 1.5, 1.0 ] }
					},
					"children": [
						{
							"name": "right antler 2",
							"from": [ 0.01, 3.48, 0.12 ], 
							"to": [ 1.21, 5.88, 1.08 ], 
							"rotationOrigin": [ 0.6, 3.48, 0.72 ],
							"rotationX": 10.0,
							"faces": {
								"north": { "texture": "#reindeerantlers", "uv": [ 0.0, 0.5, 1.0, 2.5 ] },
								"east": { "texture": "#reindeerantlers", "uv": [ 1.0, 0.5, 1.5, 2.5 ] },
								"south": { "texture": "#reindeerantlers", "uv": [ 1.5, 0.5, 2.5, 2.5 ] },
								"west": { "texture": "#reindeerantlers", "uv": [ 2.5, 0.5, 3.0, 2.5 ] },
								"up": { "texture": "#reindeerantlers", "uv": [ 0.0, 0.0, 1.0, 0.5 ] },
								"down": { "texture": "#reindeerantlers", "uv": [ 1.0, 0.0, 2.0, 0.5 ] }
							},
							"children": [
								{
									"name": "right antler 3",
									"from": [ 0.01, 2.28, 0.12 ], 
									"to": [ 1.21, 4.68, 0.84 ], 
									"rotationOrigin": [ 0.6, 2.28, 0.48 ],
									"rotationX": 15.0,
									"faces": {
										"north": { "texture": "#reindeerantlers", "uv": [ 0.0, 0.5, 1.0, 2.5 ] },
										"east": { "texture": "#reindeerantlers", "uv": [ 1.0, 0.5, 1.5, 2.5 ] },
										"south": { "texture": "#reindeerantlers", "uv": [ 1.5, 0.5, 2.5, 2.5 ] },
										"west": { "texture": "#reindeerantlers", "uv": [ 2.5, 0.5, 3.0, 2.5 ] },
										"up": { "texture": "#reindeerantlers", "uv": [ 0.0, 0.0, 1.0, 0.5 ] },
										"down": { "texture": "#reindeerantlers", "uv": [ 1.0, 0.0, 2.0, 0.5 ] }
									},
									"children": [
										{
											"name": "right antler 4",
											"from": [ 0.12, 2.28, 0.12 ], 
											"to": [ 1.08, 3.48, 0.6 ], 
											"rotationOrigin": [ 0.6, 2.28, 0.36 ],
											"rotationX": 5.0,
											"faces": {
												"north": { "texture": "#reindeerantlers", "uv": [ 0.0, 0.5, 0.6, 1.7 ] },
												"east": { "texture": "#reindeerantlers", "uv": [ 0.5, 0.5, 1.1, 1.7 ] },
												"south": { "texture": "#reindeerantlers", "uv": [ 1.0, 0.5, 1.6, 1.7 ] },
												"west": { "texture": "#reindeerantlers", "uv": [ 1.5, 0.5, 2.1, 1.7 ] },
												"up": { "texture": "#reindeerantlers", "uv": [ 0.0, 0.0, 0.6, 0.6 ] },
												"down": { "texture": "#reindeerantlers", "uv": [ 0.5, 0.0, 1.1, 0.6 ] }
											},
											"children": [
												{
													"name": "right antler 5",
													"from": [ 0.12, 1.08, 0.12 ], 
													"to": [ 0.84, 2.28, 0.36 ], 
													"rotationOrigin": [ 0.48, 1.08, 0.24 ],
													"rotationX": 5.0,
													"faces": {
														"north": { "texture": "#reindeerantlers", "uv": [ 0.0, 0.5, 0.6, 1.7 ] },
														"east": { "texture": "#reindeerantlers", "uv": [ 0.5, 0.5, 1.1, 1.7 ] },
														"south": { "texture": "#reindeerantlers", "uv": [ 1.0, 0.5, 1.6, 1.7 ] },
														"west": { "texture": "#reindeerantlers", "uv": [ 1.5, 0.5, 2.1, 1.7 ] },
														"up": { "texture": "#reindeerantlers", "uv": [ 0.0, 0.0, 0.6, 0.6 ] },
														"down": { "texture": "#reindeerantlers", "uv": [ 0.5, 0.0, 1.1, 0.6 ] }
													}
												}
											]
										}
									]
								}
							]
						}
					]
				},
				{
					"name": "top branch right 1",
					"from": [ 0.12, 5.88, 0.0 ], 
					"to": [ 0.84, 9.48, 0.72 ], 
					"rotationOrigin": [ 0.72, 5.88, 0.48 ],
					"rotationX": 85.0,
					"faces": {
						"north": { "texture": "#reindeerantlers", "uv": [ 0.0, 0.5, 0.6, 4.1 ] },
						"east": { "texture": "#reindeerantlers", "uv": [ 0.5, 0.5, 1.1, 4.1 ] },
						"south": { "texture": "#reindeerantlers", "uv": [ 1.0, 0.5, 1.6, 4.1 ] },
						"west": { "texture": "#reindeerantlers", "uv": [ 1.5, 0.5, 2.1, 4.1 ] },
						"up": { "texture": "#reindeerantlers", "uv": [ 0.0, 0.0, 0.6, 0.6 ] },
						"down": { "texture": "#reindeerantlers", "uv": [ 0.5, 0.0, 1.1, 0.6 ] }
					},
					"children": [
						{
							"name": "top branch right 2",
							"from": [ 0.12, 3.36, 0.108 ], 
							"to": [ 0.6, 4.68, 0.708 ], 
							"rotationOrigin": [ 0.48, 3.36, 0.48 ],
							"rotationX": -21.0,
							"faces": {
								"north": { "texture": "#reindeerantlers", "uv": [ 0.0, 0.5, 0.6, 1.7 ] },
								"east": { "texture": "#reindeerantlers", "uv": [ 0.5, 0.5, 1.1, 1.7 ] },
								"south": { "texture": "#reindeerantlers", "uv": [ 1.0, 0.5, 1.6, 1.7 ] },
								"west": { "texture": "#reindeerantlers", "uv": [ 1.5, 0.5, 2.1, 1.7 ] },
								"up": { "texture": "#reindeerantlers", "uv": [ 0.0, 0.0, 0.6, 0.6 ] },
								"down": { "texture": "#reindeerantlers", "uv": [ 0.5, 0.0, 1.1, 0.6 ] }
							},
							"children": [
								{
									"name": "top branch right 3",
									"from": [ 0.12, 1.2, 0.06 ], 
									"to": [ 0.36, 2.52, 0.54 ], 
									"rotationOrigin": [ 0.36, 1.2, 0.48 ],
									"rotationX": -23.0,
									"faces": {
										"north": { "texture": "#reindeerantlers", "uv": [ 0.0, 0.5, 0.6, 1.7 ] },
										"east": { "texture": "#reindeerantlers", "uv": [ 0.5, 0.5, 1.1, 1.7 ] },
										"south": { "texture": "#reindeerantlers", "uv": [ 1.0, 0.5, 1.6, 1.7 ] },
										"west": { "texture": "#reindeerantlers", "uv": [ 1.5, 0.5, 2.1, 1.7 ] },
										"up": { "texture": "#reindeerantlers", "uv": [ 0.0, 0.0, 0.6, 0.6 ] },
										"down": { "texture": "#reindeerantlers", "uv": [ 0.5, 0.0, 1.1, 0.6 ] }
									},
									"children": [
										{
											"name": "top branch right 4",
											"from": [ 0.06, 1.2, 0.12 ], 
											"to": [ 0.18, 1.86, 0.36 ], 
											"rotationOrigin": [ 0.12, 1.2, 0.12 ],
											"rotationX": -10.0,
											"faces": {
												"north": { "texture": "#reindeerantlers", "uv": [ 0.0, 0.5, 0.6, 1.1 ] },
												"east": { "texture": "#reindeerantlers", "uv": [ 0.5, 0.5, 1.1, 1.1 ] },
												"south": { "texture": "#reindeerantlers", "uv": [ 1.0, 0.5, 1.6, 1.1 ] },
												"west": { "texture": "#reindeerantlers", "uv": [ 1.5, 0.5, 2.1, 1.1 ] },
												"up": { "texture": "#reindeerantlers", "uv": [ 0.0, 0.0, 0.6, 0.6 ] },
												"down": { "texture": "#reindeerantlers", "uv": [ 0.5, 0.0, 1.1, 0.6 ] }
											}
										}
									]
								}
							]
						}
					]
				},
				{
					"name": "middle branch right 1",
					"from": [ 0.12, 4.08, 0.12 ], 
					"to": [ 1.08, 7.32, 1.08 ], 
					"rotationOrigin": [ 0.6, 4.08, 0.6 ],
					"rotationX": -35.0,
					"rotationZ": 15.0,
					"faces": {
						"north": { "texture": "#reindeerantlers", "uv": [ 0.0, 0.5, 0.6, 3.5 ] },
						"east": { "texture": "#reindeerantlers", "uv": [ 0.5, 0.5, 1.1, 3.5 ] },
						"south": { "texture": "#reindeerantlers", "uv": [ 1.0, 0.5, 1.6, 3.5 ] },
						"west": { "texture": "#reindeerantlers", "uv": [ 1.5, 0.5, 2.1, 3.5 ] },
						"up": { "texture": "#reindeerantlers", "uv": [ 0.0, 0.0, 0.6, 0.6 ] },
						"down": { "texture": "#reindeerantlers", "uv": [ 0.5, 0.0, 1.1, 0.6 ] }
					},
					"children": [
						{
							"name": "middle branch right 2",
							"from": [ 0.12, 3.12, 0.12 ], 
							"to": [ 0.84, 4.32, 0.84 ], 
							"rotationOrigin": [ 0.48, 3.12, 0.48 ],
							"rotationX": 13.0,
							"faces": {
								"north": { "texture": "#reindeerantlers", "uv": [ 0.0, 0.5, 0.6, 1.7 ] },
								"east": { "texture": "#reindeerantlers", "uv": [ 0.5, 0.5, 1.1, 1.7 ] },
								"south": { "texture": "#reindeerantlers", "uv": [ 1.0, 0.5, 1.6, 1.7 ] },
								"west": { "texture": "#reindeerantlers", "uv": [ 1.5, 0.5, 2.1, 1.7 ] },
								"up": { "texture": "#reindeerantlers", "uv": [ 0.0, 0.0, 0.6, 0.6 ] },
								"down": { "texture": "#reindeerantlers", "uv": [ 0.5, 0.0, 1.1, 0.6 ] }
							}
						}
					]
				},
				{
					"name": "bottom branch right 1",
					"from": [ 0.0, 1.2, 0.0 ], 
					"to": [ 1.2, 4.2, 1.2 ], 
					"rotationOrigin": [ 0.6, 1.2, 0.6 ],
					"rotationX": 70.0,
					"rotationZ": 45.0,
					"faces": {
						"north": { "texture": "#reindeerantlers", "uv": [ 0.0, 1.0, 1.2, 4.0 ] },
						"east": { "texture": "#reindeerantlers", "uv": [ 1.0, 1.0, 2.2, 4.0 ] },
						"south": { "texture": "#reindeerantlers", "uv": [ 2.0, 1.0, 3.2, 4.0 ] },
						"west": { "texture": "#reindeerantlers", "uv": [ 3.0, 1.0, 4.2, 4.0 ] },
						"up": { "texture": "#reindeerantlers", "uv": [ 0.0, 0.0, 1.2, 1.2 ] },
						"down": { "texture": "#reindeerantlers", "uv": [ 1.0, 0.0, 2.2, 1.2 ] }
					},
					"children": [
						{
							"name": "bottom branch right 2",
							"from": [ 0.12, 2.76, 0.12 ], 
							"to": [ 1.08, 3.96, 1.08 ], 
							"rotationOrigin": [ 0.72, 2.76, 0.72 ],
							"faces": {
								"north": { "texture": "#reindeerantlers", "uv": [ 0.0, 0.5, 0.6, 1.7 ] },
								"east": { "texture": "#reindeerantlers", "uv": [ 0.5, 0.5, 1.1, 1.7 ] },
								"south": { "texture": "#reindeerantlers", "uv": [ 1.0, 0.5, 1.6, 1.7 ] },
								"west": { "texture": "#reindeerantlers", "uv": [ 1.5, 0.5, 2.1, 1.7 ] },
								"up": { "texture": "#reindeerantlers", "uv": [ 0.0, 0.0, 0.6, 0.6 ] },
								"down": { "texture": "#reindeerantlers", "uv": [ 0.5, 0.0, 1.1, 0.6 ] }
							},
							"children": [
								{
									"name": "bottom branch right 3",
									"from": [ 0.24, 1.2, 0.24 ], 
									"to": [ 0.72, 2.4, 0.72 ], 
									"rotationOrigin": [ 0.48, 1.2, 0.48 ],
									"rotationX": -7.0,
									"faces": {
										"north": { "texture": "#reindeerantlers", "uv": [ 0.0, 0.5, 0.6, 1.7 ] },
										"east": { "texture": "#reindeerantlers", "uv": [ 0.5, 0.5, 1.1, 1.7 ] },
										"south": { "texture": "#reindeerantlers", "uv": [ 1.0, 0.5, 1.6, 1.7 ] },
										"west": { "texture": "#reindeerantlers", "uv": [ 1.5, 0.5, 2.1, 1.7 ] },
										"up": { "texture": "#reindeerantlers", "uv": [ 0.0, 0.0, 0.6, 0.6 ] },
										"down": { "texture": "#reindeerantlers", "uv": [ 0.5, 0.0, 1.1, 0.6 ] }
									}
								}
							]
						}
					]
				},
				{
					"name": "left antler base",
					"from": [ -0.084, -3.276, 2.724 ], 
					"to": [ 1.116, 3.924, 3.924 ], 
					"rotationOrigin": [ 0.516, -3.2783, 3.3247 ],
					"rotationX": 70.0,
					"faces": {
						"north": { "texture": "#reindeerantlers", "uv": [ 0.0, 1.0, 1.2, 8.2 ] },
						"east": { "texture": "#reindeerantlers", "uv": [ 1.0, 1.0, 2.2, 8.2 ] },
						"south": { "texture": "#reindeerantlers", "uv": [ 2.0, 1.0, 3.2, 8.2 ] },
						"west": { "texture": "#reindeerantlers", "uv": [ 3.0, 1.0, 4.2, 8.2 ] },
						"up": { "texture": "#reindeerantlers", "uv": [ 0.0, 0.0, 1.2, 1.2 ] },
						"down": { "texture": "#reindeerantlers", "uv": [ 1.0, 0.0, 2.2, 1.2 ] }
					},
					"children": [
						{
							"name": "left antler 1",
							"from": [ 0.012, 6.84, -0.12 ], 
							"to": [ 1.212, 10.44, 1.08 ], 
							"rotationOrigin": [ 0.6, 7.32, 0.48 ],
							"rotationX": -22.5,
							"faces": {
								"north": { "texture": "#reindeerantlers", "uv": [ 0.0, 1.0, 1.2, 4.6 ] },
								"east": { "texture": "#reindeerantlers", "uv": [ 1.0, 1.0, 2.2, 4.6 ] },
								"south": { "texture": "#reindeerantlers", "uv": [ 2.0, 1.0, 3.2, 4.6 ] },
								"west": { "texture": "#reindeerantlers", "uv": [ 3.0, 1.0, 4.2, 4.6 ] },
								"up": { "texture": "#reindeerantlers", "uv": [ 0.0, 0.0, 1.2, 1.2 ] },
								"down": { "texture": "#reindeerantlers", "uv": [ 1.0, 0.0, 2.2, 1.2 ] }
							},
							"children": [
								{
									"name": "left antler 2",
									"from": [ 0.01, 3.48, 0.12 ], 
									"to": [ 1.21, 5.88, 1.08 ], 
									"rotationOrigin": [ 0.6, 3.48, 0.72 ],
									"rotationX": -10.0,
									"faces": {
										"north": { "texture": "#reindeerantlers", "uv": [ 0.0, 0.5, 1.0, 2.5 ] },
										"east": { "texture": "#reindeerantlers", "uv": [ 1.0, 0.5, 1.5, 2.5 ] },
										"south": { "texture": "#reindeerantlers", "uv": [ 1.5, 0.5, 2.5, 2.5 ] },
										"west": { "texture": "#reindeerantlers", "uv": [ 2.5, 0.5, 3.0, 2.5 ] },
										"up": { "texture": "#reindeerantlers", "uv": [ 0.0, 0.0, 1.0, 0.5 ] },
										"down": { "texture": "#reindeerantlers", "uv": [ 1.0, 0.0, 2.0, 0.5 ] }
									},
									"children": [
										{
											"name": "left antler 3",
											"from": [ 0.01, 2.28, 0.12 ], 
											"to": [ 1.21, 4.68, 0.84 ], 
											"rotationOrigin": [ 0.6, 2.28, 0.48 ],
											"rotationX": -15.0,
											"faces": {
												"north": { "texture": "#reindeerantlers", "uv": [ 0.0, 0.5, 1.0, 2.5 ] },
												"east": { "texture": "#reindeerantlers", "uv": [ 1.0, 0.5, 1.5, 2.5 ] },
												"south": { "texture": "#reindeerantlers", "uv": [ 1.5, 0.5, 2.5, 2.5 ] },
												"west": { "texture": "#reindeerantlers", "uv": [ 2.5, 0.5, 3.0, 2.5 ] },
												"up": { "texture": "#reindeerantlers", "uv": [ 0.0, 0.0, 1.0, 0.5 ] },
												"down": { "texture": "#reindeerantlers", "uv": [ 1.0, 0.0, 2.0, 0.5 ] }
											},
											"children": [
												{
													"name": "left antler 4",
													"from": [ 0.12, 2.28, 0.12 ], 
													"to": [ 1.08, 3.48, 0.6 ], 
													"rotationOrigin": [ 0.6, 2.28, 0.36 ],
													"rotationX": -5.0,
													"faces": {
														"north": { "texture": "#reindeerantlers", "uv": [ 0.0, 0.5, 0.6, 1.7 ] },
														"east": { "texture": "#reindeerantlers", "uv": [ 0.5, 0.5, 1.1, 1.7 ] },
														"south": { "texture": "#reindeerantlers", "uv": [ 1.0, 0.5, 1.6, 1.7 ] },
														"west": { "texture": "#reindeerantlers", "uv": [ 1.5, 0.5, 2.1, 1.7 ] },
														"up": { "texture": "#reindeerantlers", "uv": [ 0.0, 0.0, 0.6, 0.6 ] },
														"down": { "texture": "#reindeerantlers", "uv": [ 0.5, 0.0, 1.1, 0.6 ] }
													},
													"children": [
														{
															"name": "left antler 5",
															"from": [ 0.12, 1.08, 0.12 ], 
															"to": [ 0.84, 2.28, 0.36 ], 
															"rotationOrigin": [ 0.48, 1.08, 0.24 ],
															"rotationX": -5.0,
															"faces": {
																"north": { "texture": "#reindeerantlers", "uv": [ 0.0, 0.5, 0.6, 1.7 ] },
																"east": { "texture": "#reindeerantlers", "uv": [ 0.5, 0.5, 1.1, 1.7 ] },
																"south": { "texture": "#reindeerantlers", "uv": [ 1.0, 0.5, 1.6, 1.7 ] },
																"west": { "texture": "#reindeerantlers", "uv": [ 1.5, 0.5, 2.1, 1.7 ] },
																"up": { "texture": "#reindeerantlers", "uv": [ 0.0, 0.0, 0.6, 0.6 ] },
																"down": { "texture": "#reindeerantlers", "uv": [ 0.5, 0.0, 1.1, 0.6 ] }
															}
														}
													]
												}
											]
										}
									]
								}
							]
						},
						{
							"name": "top branch left 1",
							"from": [ 0.12, 6.12, 0.0 ], 
							"to": [ 0.84, 9.72, 0.72 ], 
							"rotationOrigin": [ 0.6, 6.12, 0.48 ],
							"rotationX": -85.0,
							"faces": {
								"north": { "texture": "#reindeerantlers", "uv": [ 0.0, 0.5, 0.6, 4.1 ] },
								"east": { "texture": "#reindeerantlers", "uv": [ 0.5, 0.5, 1.1, 4.1 ] },
								"south": { "texture": "#reindeerantlers", "uv": [ 1.0, 0.5, 1.6, 4.1 ] },
								"west": { "texture": "#reindeerantlers", "uv": [ 1.5, 0.5, 2.1, 4.1 ] },
								"up": { "texture": "#reindeerantlers", "uv": [ 0.0, 0.0, 0.6, 0.6 ] },
								"down": { "texture": "#reindeerantlers", "uv": [ 0.5, 0.0, 1.1, 0.6 ] }
							},
							"children": [
								{
									"name": "top branch left 2",
									"from": [ 0.12, 3.36, -0.012 ], 
									"to": [ 0.6, 4.68, 0.588 ], 
									"rotationOrigin": [ 0.48, 3.36, 0.24 ],
									"rotationX": 21.0,
									"faces": {
										"north": { "texture": "#reindeerantlers", "uv": [ 0.0, 0.5, 0.6, 1.7 ] },
										"east": { "texture": "#reindeerantlers", "uv": [ 0.5, 0.5, 1.1, 1.7 ] },
										"south": { "texture": "#reindeerantlers", "uv": [ 1.0, 0.5, 1.6, 1.7 ] },
										"west": { "texture": "#reindeerantlers", "uv": [ 1.5, 0.5, 2.1, 1.7 ] },
										"up": { "texture": "#reindeerantlers", "uv": [ 0.0, 0.0, 0.6, 0.6 ] },
										"down": { "texture": "#reindeerantlers", "uv": [ 0.5, 0.0, 1.1, 0.6 ] }
									},
									"children": [
										{
											"name": "top branch left 3",
											"from": [ 0.12, 1.2, 0.06 ], 
											"to": [ 0.36, 2.52, 0.54 ], 
											"rotationOrigin": [ 0.48, 1.2, 0.12 ],
											"rotationX": 23.0,
											"faces": {
												"north": { "texture": "#reindeerantlers", "uv": [ 0.0, 0.5, 0.6, 1.7 ] },
												"east": { "texture": "#reindeerantlers", "uv": [ 0.5, 0.5, 1.1, 1.7 ] },
												"south": { "texture": "#reindeerantlers", "uv": [ 1.0, 0.5, 1.6, 1.7 ] },
												"west": { "texture": "#reindeerantlers", "uv": [ 1.5, 0.5, 2.1, 1.7 ] },
												"up": { "texture": "#reindeerantlers", "uv": [ 0.0, 0.0, 0.6, 0.6 ] },
												"down": { "texture": "#reindeerantlers", "uv": [ 0.5, 0.0, 1.1, 0.6 ] }
											},
											"children": [
												{
													"name": "top branch left 4",
													"from": [ 0.06, 1.2, 0.12 ], 
													"to": [ 0.18, 1.86, 0.36 ], 
													"rotationOrigin": [ 0.12, 1.2, 0.12 ],
													"rotationX": 10.0,
													"faces": {
														"north": { "texture": "#reindeerantlers", "uv": [ 0.0, 0.5, 0.6, 1.1 ] },
														"east": { "texture": "#reindeerantlers", "uv": [ 0.5, 0.5, 1.1, 1.1 ] },
														"south": { "texture": "#reindeerantlers", "uv": [ 1.0, 0.5, 1.6, 1.1 ] },
														"west": { "texture": "#reindeerantlers", "uv": [ 1.5, 0.5, 2.1, 1.1 ] },
														"up": { "texture": "#reindeerantlers", "uv": [ 0.0, 0.0, 0.6, 0.6 ] },
														"down": { "texture": "#reindeerantlers", "uv": [ 0.5, 0.0, 1.1, 0.6 ] }
													}
												}
											]
										}
									]
								}
							]
						},
						{
							"name": "middle branch left 1",
							"from": [ 0.12, 4.08, 0.12 ], 
							"to": [ 1.08, 7.32, 1.08 ], 
							"rotationOrigin": [ 0.6, 4.08, 0.6 ],
							"rotationX": 35.0,
							"rotationZ": 15.0,
							"faces": {
								"north": { "texture": "#reindeerantlers", "uv": [ 0.0, 0.5, 0.6, 3.5 ] },
								"east": { "texture": "#reindeerantlers", "uv": [ 0.5, 0.5, 1.1, 3.5 ] },
								"south": { "texture": "#reindeerantlers", "uv": [ 1.0, 0.5, 1.6, 3.5 ] },
								"west": { "texture": "#reindeerantlers", "uv": [ 1.5, 0.5, 2.1, 3.5 ] },
								"up": { "texture": "#reindeerantlers", "uv": [ 0.0, 0.0, 0.6, 0.6 ] },
								"down": { "texture": "#reindeerantlers", "uv": [ 0.5, 0.0, 1.1, 0.6 ] }
							},
							"children": [
								{
									"name": "middle branch left 2",
									"from": [ 0.12, 3.12, 0.12 ], 
									"to": [ 0.84, 4.32, 0.84 ], 
									"rotationOrigin": [ 0.48, 3.12, 0.48 ],
									"rotationX": -13.0,
									"faces": {
										"north": { "texture": "#reindeerantlers", "uv": [ 0.0, 0.5, 0.6, 1.7 ] },
										"east": { "texture": "#reindeerantlers", "uv": [ 0.5, 0.5, 1.1, 1.7 ] },
										"south": { "texture": "#reindeerantlers", "uv": [ 1.0, 0.5, 1.6, 1.7 ] },
										"west": { "texture": "#reindeerantlers", "uv": [ 1.5, 0.5, 2.1, 1.7 ] },
										"up": { "texture": "#reindeerantlers", "uv": [ 0.0, 0.0, 0.6, 0.6 ] },
										"down": { "texture": "#reindeerantlers", "uv": [ 0.5, 0.0, 1.1, 0.6 ] }
									}
								}
							]
						},
						{
							"name": "bottom branch left 1",
							"from": [ 0.0, 1.2, 0.0 ], 
							"to": [ 1.2, 4.2, 1.2 ], 
							"rotationOrigin": [ 0.6, 1.2, 0.6 ],
							"rotationX": -70.0,
							"rotationZ": 45.0,
							"faces": {
								"north": { "texture": "#reindeerantlers", "uv": [ 0.0, 1.0, 1.2, 4.0 ] },
								"east": { "texture": "#reindeerantlers", "uv": [ 1.0, 1.0, 2.2, 4.0 ] },
								"south": { "texture": "#reindeerantlers", "uv": [ 2.0, 1.0, 3.2, 4.0 ] },
								"west": { "texture": "#reindeerantlers", "uv": [ 3.0, 1.0, 4.2, 4.0 ] },
								"up": { "texture": "#reindeerantlers", "uv": [ 0.0, 0.0, 1.2, 1.2 ] },
								"down": { "texture": "#reindeerantlers", "uv": [ 1.0, 0.0, 2.2, 1.2 ] }
							},
							"children": [
								{
									"name": "bottom branch left 2",
									"from": [ 0.12, 2.76, 0.12 ], 
									"to": [ 1.08, 3.96, 1.08 ], 
									"rotationOrigin": [ 0.72, 2.76, 0.48 ],
									"faces": {
										"north": { "texture": "#reindeerantlers", "uv": [ 0.0, 0.5, 0.6, 1.7 ] },
										"east": { "texture": "#reindeerantlers", "uv": [ 0.5, 0.5, 1.1, 1.7 ] },
										"south": { "texture": "#reindeerantlers", "uv": [ 1.0, 0.5, 1.6, 1.7 ] },
										"west": { "texture": "#reindeerantlers", "uv": [ 1.5, 0.5, 2.1, 1.7 ] },
										"up": { "texture": "#reindeerantlers", "uv": [ 0.0, 0.0, 0.6, 0.6 ] },
										"down": { "texture": "#reindeerantlers", "uv": [ 0.5, 0.0, 1.1, 0.6 ] }
									},
									"children": [
										{
											"name": "bottom branch left 3",
											"from": [ 0.24, 1.2, 0.24 ], 
											"to": [ 0.72, 2.4, 0.72 ], 
											"rotationOrigin": [ 0.48, 1.2, 0.48 ],
											"rotationX": 8.0,
											"faces": {
												"north": { "texture": "#reindeerantlers", "uv": [ 0.0, 0.5, 0.6, 1.7 ] },
												"east": { "texture": "#reindeerantlers", "uv": [ 0.5, 0.5, 1.1, 1.7 ] },
												"south": { "texture": "#reindeerantlers", "uv": [ 1.0, 0.5, 1.6, 1.7 ] },
												"west": { "texture": "#reindeerantlers", "uv": [ 1.5, 0.5, 2.1, 1.7 ] },
												"up": { "texture": "#reindeerantlers", "uv": [ 0.0, 0.0, 0.6, 0.6 ] },
												"down": { "texture": "#reindeerantlers", "uv": [ 0.5, 0.0, 1.1, 0.6 ] }
											}
										}
									]
								}
							]
						}
					]
				}
			]
		}
	],
	"animations": [
		{
			"name": "Walk",
			"code": "walk",
			"quantityframes": 31,
			"onActivityStopped": "EaseOut",
			"onAnimationEnd": "Repeat",
			"keyframes": [

			]
		},

		{
			"name": "Eat",
			"code": "eat",
			"quantityframes": 40,
			"onActivityStopped": "PlayTillEnd",
			"onAnimationEnd": "Stop",
			"keyframes": [

			]
		},

		{
			"name": "Idle",
			"code": "idle",
			"quantityframes": 30,
			"onActivityStopped": "PlayTillEnd",
			"onAnimationEnd": "Stop",
			"keyframes": [

			]
		},

		{
			"name": "Sleep",
			"code": "sleep",
			"quantityframes": 30,
			"onActivityStopped": "PlayTillEnd",
			"onAnimationEnd": "Repeat",
			"keyframes": [

			]
		},

		{
			"name": "Run",
			"code": "run",
			"quantityframes": 50,
			"onActivityStopped": "PlayTillEnd",
			"onAnimationEnd": "Repeat",
			"keyframes": [

			]
		},

		{
			"name": "Hurt",
			"code": "Hurt",
			"quantityframes": 30,
			"onActivityStopped": "PlayTillEnd",
			"onAnimationEnd": "Stop",
			"keyframes": [

			]
		},

		{
			"name": "Death",
			"code": "death",
			"quantityframes": 30,
			"onActivityStopped": "PlayTillEnd",
			"onAnimationEnd": "Hold",
			"keyframes": [

			]
		}
	]
}