[
    
    {
        "__comment": "Yak=Bear",
        "op": "add",
        "path": "/server/behaviors/9/aitasks/3/entityCodesByType/*/0",
        "value": "yak-male-*",
        "file": "game:entities/land/bear.json",
    },
    {
        "op": "add",
        "path": "/server/behaviors/9/aitasks/3/entityCodesByType/*/0",
        "value": "yak-female-*",
        "file": "game:entities/land/bear.json",
    },
    {
        "op": "add",
        "path": "/server/behaviors/9/aitasks/3/entityCodesByType/*/0",
        "value": "yak-calf-*",
        "file": "game:entities/land/bear.json",
    },

    {
        "__comment": "Yak=Wolf",
        "op": "add",
        "path": "/server/behaviors/10/aitasks/0/entityCodes/0",
        "value": "yak-female",
        "file": "game:entities/land/wolf-female.json",

    },
    {
        "op": "add",
        "path": "/server/behaviors/10/aitasks/1/entityCodes/0",
        "value": "yak-female",
        "file": "game:entities/land/wolf-female.json",

    },
    {
        "op": "add",
        "path": "/server/behaviors/10/aitasks/2/entityCodes/0",
        "value": "yak-female",
        "file": "game:entities/land/wolf-female.json",

    },
    {
        "op": "add",
        "path": "/server/behaviors/9/aitasks/0/entityCodes/0",
        "value": "yak-female",
        "file": "game:entities/land/wolf-male.json",

    },
    {
        "op": "add",
        "path": "/server/behaviors/9/aitasks/1/entityCodes/0",
        "value": "yak-female",
        "file": "game:entities/land/wolf-male.json",

    },

		
	

	
    {        "op": "add","path": "/server/behaviors/9/aitasks/2/entityCodes/0","value": "yak-female","file": "game:entities/land/wolf-male.json",
    },
	

	
	
    {        "op": "add","path": "/server/behaviors/10/aitasks/0/entityCodes/0","value": "yak-male","file": "game:entities/land/wolf-female.json",
    },	
	
    {        "op": "add","path": "/server/behaviors/10/aitasks/1/entityCodes/0","value": "yak-male","file": "game:entities/land/wolf-female.json",
    },	
	
    {        "op": "add","path": "/server/behaviors/10/aitasks/2/entityCodes/0","value": "yak-male","file": "game:entities/land/wolf-female.json",
    },	
	
    {        "op": "add","path": "/server/behaviors/9/aitasks/0/entityCodes/0","value": "yak-male","file": "game:entities/land/wolf-male.json",
    },	
	
    {        "op": "add","path": "/server/behaviors/9/aitasks/1/entityCodes/0","value": "yak-male","file": "game:entities/land/wolf-male.json",
    },	
	
    {        "op": "add","path": "/server/behaviors/9/aitasks/2/entityCodes/0","value": "yak-male","file": "game:entities/land/wolf-male.json",
    },		
	
	
    {        "op": "add","path": "/server/behaviors/10/aitasks/0/entityCodes/0","value": "yak-calf","file": "game:entities/land/wolf-female.json",
    },	
	
    {        "op": "add","path": "/server/behaviors/10/aitasks/1/entityCodes/0","value": "yak-calf","file": "game:entities/land/wolf-female.json",
    },	
	
    {        "op": "add","path": "/server/behaviors/10/aitasks/2/entityCodes/0","value": "yak-calf","file": "game:entities/land/wolf-female.json",
    },	
	
    {        "op": "add","path": "/server/behaviors/9/aitasks/0/entityCodes/0","value": "yak-calf","file": "game:entities/land/wolf-male.json",
    },	
	
    {        "op": "add","path": "/server/behaviors/9/aitasks/1/entityCodes/0","value": "yak-calf","file": "game:entities/land/wolf-male.json",
    },	
	
    {        "op": "add","path": "/server/behaviors/9/aitasks/2/entityCodes/0","value": "yak-calf","file": "game:entities/land/wolf-male.json",
    },
	
    {        
	"op": "add",

	"path": "/server/behaviors/11/aitasks/4/entityCodes/0",
	"value": "duck-*",
	"file": "game:entities/land/fox.json",	
    },		
	
    {
	"op": "add",

	"path": "/server/behaviors/11/aitasks/5/entityCodes/0",
	"value": "duck-*",
	"file": "game:entities/land/fox.json",	
    },			
	
	
	
	
	
	
	
	
	
	
	
	
	
	
	
]