[
  {
    "op": "add",
    "path": "/behaviors",
    "value": [{ "name": "Carryable"}],
    "file": "blocktypes/plant/hay.json",
    "side": "server"
  },
  {
    "op": "add",
    "path": "/class",
    "value": "foghaybale",
    "file": "blocktypes/plant/hay.json",
    "side": "server"
  },
  {
    "op": "add",
    "path": "/attributes/handbook",
    "value": {
      "extraSections": [
        {
          "title": "fieldsofgold:block-handbooktitle-hay",
          "text": "fieldsofgold:block-handbooktext-hay"
        }
      ]
    },
    "file": "blocktypes/plant/hay.json",
    "side": "server"
  },
  {
    "op": "add",
    "path": "/enabled",
    "value": "false",
    "file": "recipes/grid/haybale.json",
    "side": "server"
  },
  {
    "op": "add",
    "path": "/enabled",
    "value": "false",
    "file": "recipes/grid/drygrass.json",
    "side": "server"
  }
]