{"GameVersion":"1.19.3","SizeX":19,"SizeY":7,"SizeZ":19,"BlockCodes":{"9032":"game:genericwood","6890":"game:rock-chert","8203":"game:plankslab-oak-south-free","8177":"game:plankslab-oak-north-free","693":"game:leather","2622":"game:flower-edelweiss-free","8385":"game:plankstairs-oak-down-south-free","8333":"game:plankstairs-oak-down-north-free","564":"game:claypot-burned","8984":"game:chair-orange","8983":"game:chair-green","8979":"game:chair-red","9054":"game:moldrack-normal-east","2944":"game:stationarybasket-east","9469":"game:clutter","1524":"game:meta-filler","9047":"game:mannequin-head-ns","9154":"game:pan-wooden","338":"game:seashell-sundial-darkpurple","352":"game:seashell-sundial-turquoise","1938":"game:metalsheet-cupronickel-down","391":"game:bowl-fired","508":"game:crock-burned-east","8242":"game:plankslab-oak-down-free","1534":"game:anvil-copper","3332":"game:termitemound-sandstone-medium","302":"game:carcass-tiny","2577":"game:bigberrybush-whitecurrant-empty","2620":"game:flower-cornflower-free","9028":"game:fruitpress-ns","7258":"game:crate","536":"game:lootvessel-forage","2336":"game:leavesbranchy-placed-maple","1526":"game:meta-underground","8359":"game:plankstairs-oak-down-east-free","8190":"game:plankslab-oak-east-free","9240":"game:trapdoor-closed-right-south","3321":"game:soil-medium-normal","8229":"game:plankslab-oak-up-free","2902":"game:tallgrass-verytall-free","7339":"game:woodenfence-larch-empty-free","7385":"game:woodenfence-oak-w-free","8372":"game:plankstairs-oak-up-south-free","8320":"game:plankstairs-oak-up-north-free","3316":"game:soil-medium-sparse","9268":"game:wagonwheels-spoked-south","9260":"game:wagonwheels-spoked-north","2898":"game:tallgrass-short-free","2900":"game:tallgrass-medium-free","8134":"game:planks-oak-ns","7359":"game:woodenfence-oak-e-free","946":"game:woodencrate-closed","7333":"game:woodenfence-oak-empty-free","7437":"game:woodenfence-oak-es-free","7411":"game:woodenfence-oak-ns-free","7398":"game:woodenfence-oak-ne-free","3311":"game:soil-medium-verysparse","9269":"game:wagonwheels-solid-south","359":"game:chiseledblock","9261":"game:wagonwheels-solid-north","8411":"game:plankstairs-oak-down-west-free","8109":"game:log-placed-oak-we","8971":"game:clutteredbookshelf","3247":"game:drypackeddirt","8977":"game:chair-plain","8398":"game:plankstairs-oak-up-west-free","9220":"game:trapdoor-closed-left-north","8216":"game:plankslab-oak-west-free","8951":"game:bed-wood-head-east","523":"game:flowerpot-moss","1425":"game:jonas-lamp","544":"game:oillamp-south","542":"game:oillamp-north","9056":"game:moldrack-normal-west","1012":"game:firewoodpile","2787":"game:mushroom-lobster-normal","5915":"game:looseflints-chalk-free","8954":"game:bed-wood-feet-east","9235":"game:trapdoor-opened-up-south","9219":"game:trapdoor-opened-up-north","9053":"game:moldrack-normal-north","9055":"game:moldrack-normal-south","9026":"game:firepit-lit","1531":"game:randomizer-normal","9196":"game:table-whitemarble","9231":"game:trapdoor-opened-down-east","8164":"game:planks-oak-ud","954":"game:door-plank-west-down-closed-left","1675":"game:lantern-up","962":"game:door-plank-west-up-closed-left","1684":"game:loosegears-3","6880":"game:plaster-diagonal-ud","8952":"game:bed-hay-head-east","9043":"game:ladder-wood-west","6883":"game:plaster-square","9150":"game:palisadewall-four-lower-west","9239":"game:trapdoor-opened-down-south","9223":"game:trapdoor-opened-down-north","8955":"game:bed-hay-feet-east","9156":"game:woodenpath-we","1527":"game:meta-spawner","6881":"game:plaster-stripes-ud","1318":"game:water-still-7","8483":"game:roughhewnfence-redwood-empty-free","7450":"game:woodenfence-oak-ew-free","9037":"game:ladder-wood-north","8505":"game:roughhewnfence-redwood-e-free","7362":"game:woodenfence-acacia-e-free","7365":"game:woodenfence-larch-e-free","1682":"game:loosegears-1","7443":"game:woodenfence-larch-es-free","8615":"game:roughhewnfence-redwood-new-free","7378":"game:woodenfence-larch-s-free","8547":"game:roughhewnfence-baldcypress-ns-free","7352":"game:woodenfence-larch-n-free","8593":"game:roughhewnfence-redwood-sw-free","8549":"game:roughhewnfence-redwood-ns-free","8626":"game:roughhewnfence-redwood-nsw-free","8560":"game:roughhewnfence-redwood-nw-free"},"ItemCodes":{"1010":"game:firewood","3":"game:basket","6":"game:linensack","237":"game:honeyportion","43":"game:cheese-blue-4slice"},"Indices":[1053696,1054720,2103296,4198400,4199424,4200448,4201472,4202496,4203520,4204544,4205568,5245952,5246976,5248000,5249024,5250048,5251072,5252096,5253120,5254144,5255168,1025,2049,5121,6145,7169,8193,9217,1054721,1055745,1056769,2098177,2099201,2100225,2102273,3146753,3147777,3148801,3149825,3150849,3151873,3152897,3153921,3154945,3155969,3156993,4195329,4196353,4197377,4198401,4199425,4200449,4201473,4202497,4203521,4204545,4205569,4206593,5245953,5246977,5248001,5249025,5250049,5251073,5252097,5253121,5254145,5255169,2,1026,2050,3074,4098,5122,6146,7170,8194,9218,10242,11266,13314,15362,16386,17410,1049602,1050626,1051650,1052674,1058818,2098178,2100226,2101250,2102274,2103298,2104322,2105346,2106370,2108418,3146754,3148802,3149826,3150850,3151874,3152898,3153922,3154946,3155970,3156994,3158018,4195330,4197378,4198402,4199426,4200450,4201474,4202498,4203522,4204546,4205570,4206594,5244930,5245954,5246978,5248002,5249026,5250050,5251074,5252098,5253122,5254146,5255170,6303746,3,1027,2051,3075,4099,5123,6147,7171,8195,9219,10243,11267,12291,13315,15363,16387,17411,18435,1048579,1049603,1050627,1051651,1052675,1053699,1054723,1055747,1056771,1057795,1058819,1059843,1067011,2098179,2100227,2101251,2102275,2103299,2104323,2105347,2106371,2107395,2108419,2109443,2110467,2111491,2112515,2113539,3149827,3150851,3151875,3152899,3153923,3154947,3155971,3156995,3158019,3159043,3160067,3161091,3162115,4195331,4197379,4198403,4199427,4200451,4201475,4202499,4203523,4204547,4205571,4206595,4207619,4208643,4209667,4210691,5244931,5245955,5246979,5248003,5249027,5250051,5251075,5252099,5253123,5254147,5255171,5256195,5257219,5258243,5259267,6294531,6302723,4,1028,2052,3076,4100,5124,6148,7172,8196,9220,10244,11268,12292,13316,14340,15364,16388,17412,18436,1049604,1050628,1051652,1052676,1053700,1054724,1055748,1056772,1057796,1058820,1059844,1060868,1061892,1062916,1063940,1064964,1065988,2098180,2100228,2101252,2102276,2103300,2104324,2105348,2106372,2107396,2109444,2110468,2111492,2112516,2113540,3146756,3148804,3149828,3150852,3151876,3152900,3153924,3154948,3155972,3156996,3158020,3159044,3160068,3161092,3162116,3163140,4195332,4197380,4198404,4199428,4200452,4201476,4202500,4203524,4204548,4205572,4206596,4207620,4208644,4209668,4210692,4211716,5244932,5245956,5246980,5248004,5249028,5250052,5251076,5252100,5253124,5254148,5255172,5256196,5257220,5258244,5259268,6294532,6295556,6301700,6302724,6305796,5,1029,2053,3077,4101,5125,6149,7173,8197,9221,10245,11269,12293,13317,14341,15365,16389,17413,18437,1049605,1050629,1051653,1052677,1053701,1054725,1055749,1056773,1057797,1058821,1061893,2098181,2099205,2100229,2101253,2102277,2103301,2104325,2105349,2106373,2107397,2108421,2109445,2110469,2111493,2112517,2113541,2114565,3146757,3148805,3149829,3150853,3151877,3152901,3153925,3154949,3155973,3156997,3158021,3159045,3161093,3162117,3163141,4195333,4196357,4197381,4198405,4199429,4200453,4201477,4202501,4203525,4204549,4205573,4206597,4210693,4211717,5245957,5246981,5248005,5249029,5250053,5251077,5252101,5253125,5254149,5255173,5256197,5257221,5258245,5259269,5260293,6294533,6295557,6296581,6297605,6298629,6299653,6300677,6301701,6304773,6305797,6306821,1030,2054,3078,4102,5126,6150,7174,8198,9222,10246,11270,12294,13318,14342,15366,16390,17414,1049606,1051654,1052678,1053702,1054726,1055750,1056774,1057798,1058822,1060870,1061894,2101254,2102278,2103302,2104326,2105350,2106374,2107398,2108422,2109446,2110470,2111494,2112518,2113542,2114566,3156998,3158022,3162118,3163142,4205574,4211718,5254150,5255174,5256198,5258246,5259270,5260294,6304774,6305798,6306822,7,1031,2055,3079,4103,5127,6151,7175,8199,9223,10247,11271,12295,13319,14343,15367,16391,17415,1052679,1053703,1054727,1055751,1056775,1057799,1058823,1062919,1063943,1064967,2098183,2099207,2100231,2101255,2102279,2103303,2104327,2105351,2106375,2107399,2108423,2109447,2110471,2111495,2112519,2113543,2114567,3146759,3148807,3156999,3158023,3159047,3161095,3162119,3163143,4195335,4196359,4197383,4205575,4206599,4210695,4211719,5243911,5244935,5245959,5254151,5255175,5256199,5257223,5258247,5259271,5260295,6304775,6305799,6306823,8,1032,2056,3080,4104,5128,6152,7176,8200,9224,10248,11272,12296,13320,14344,15368,16392,17416,1048584,1049608,1050632,1051656,1052680,1053704,1054728,1055752,1056776,1057800,1058824,1059848,1060872,1061896,1062920,1063944,1064968,1065992,2098184,2099208,2100232,2101256,2102280,2103304,2104328,2105352,2106376,2107400,2109448,2110472,2111496,2112520,2113544,3145736,3146760,3147784,3148808,3149832,3157000,3158024,3159048,3160072,3161096,3162120,3163144,4194312,4195336,4196360,4197384,4198408,4205576,4206600,4207624,4208648,4209672,4210696,4211720,5243912,5244936,5245960,5255176,5256200,5257224,5258248,5259272,6293512,6305800,9,1033,2057,3081,4105,5129,6153,7177,8201,9225,10249,11273,12297,13321,14345,15369,16393,17417,1049609,1050633,1052681,1053705,1054729,1055753,1056777,1057801,1058825,1059849,2098185,2099209,2100233,2101257,2102281,2103305,2104329,2105353,2106377,2107401,2108425,2109449,2110473,2111497,2112521,2113545,3145737,3146761,3147785,3148809,3149833,4194313,4197385,4198409,4206601,4210697,5243913,5244937,5245961,5255177,5256201,5257225,5258249,5259273,6293513,10,1034,2058,3082,4106,5130,6154,7178,8202,9226,10250,11274,12298,13322,14346,15370,16394,1052682,1053706,1054730,1055754,1056778,1057802,1058826,1059850,1062922,2097162,2098186,2099210,2100234,2101258,2102282,2103306,2104330,2105354,2106378,2107402,2108426,2109450,2111498,2113546,3145738,3146762,3147786,3149834,4194314,4195338,4198410,5242890,5243914,5244938,5245962,5246986,6293514,11,1035,2059,3083,4107,5131,6155,7179,8203,9227,10251,11275,12299,13323,14347,15371,16395,17419,18443,1050635,1052683,1053707,1054731,1055755,1056779,1057803,1058827,1059851,1062923,2098187,2099211,2100235,2101259,2102283,2103307,2104331,2105355,2106379,2107403,2108427,2109451,2113547,3145739,3146763,3147787,3148811,3149835,4194315,4195339,4197387,4198411,5243915,5244939,5245963,6293515,12,1036,2060,3084,4108,5132,6156,7180,8204,9228,10252,11276,12300,13324,14348,15372,16396,17420,18444,1048588,1049612,1050636,1051660,1052684,1053708,1054732,1055756,1056780,1057804,1058828,1059852,2098188,2099212,2100236,2101260,2102284,2103308,2104332,2105356,2106380,2107404,2108428,2109452,2113548,3145740,3146764,3147788,3148812,3149836,4194316,4195340,4196364,4197388,4198412,5243916,5244940,5245964,6293516,13,1037,2061,3085,4109,5133,6157,7181,8205,9229,10253,11277,12301,13325,14349,15373,16397,17421,1050637,1052685,1053709,1054733,1055757,1056781,1057805,1058829,1059853,2098189,2099213,2100237,2101261,2102285,2103309,2104333,2105357,2106381,2107405,2108429,3146765,3148813,4195341,4197389,5243917,5244941,5245965,1038,2062,3086,4110,5134,6158,7182,8206,9230,10254,11278,12302,13326,14350,15374,16398,1052686,1053710,1054734,1055758,1056782,1057806,1058830,1059854,2098190,2099214,2100238,2101262,2102286,2103310,2104334,2105358,2106382,2107406,2108430,3146766,2063,3087,4111,5135,6159,8207,9231,10255,11279,12303,13327,16399,1051663,1052687,1053711,1054735,1055759,1056783,1057807,1058831,1059855,2100239,2101263,2102287,2103311,2104335,2105359,2106383,2107407,2108431,3150863,3151887,3152911,3153935,3154959,3155983,3088,4112,9232,10256,11280,12304,1051664,1052688,1053712,1054736,1055760,1056784,1057808,1058832,1059856,2100240,2101264,2102288,2103312,2104336,2105360,2106384,2107408,2108432,1054737,1055761,1056785,1057809,1058833,2104337,2105361,1055762,1056786],"BlockIds":[2336,2336,2336,1524,1524,1524,1524,1524,1524,1524,1524,1524,1524,1524,1524,1524,1524,1524,1524,1524,1524,1526,1526,1526,2336,1526,1526,1526,2336,2336,2336,8359,8190,8359,1524,8190,9240,8190,1524,1524,1524,1524,1524,1524,1524,1524,8242,8359,8242,1524,1524,1524,1524,1524,1524,1524,1524,1524,1524,1524,1524,1524,1524,1524,1524,1524,1524,1524,1526,1526,1526,3321,3321,3321,1526,1526,1526,1526,3321,3321,3321,3321,3321,3321,8229,8229,8229,2902,7339,8385,8333,1524,1524,1524,1524,1524,1524,1524,7385,7385,1524,1524,1524,1524,1524,1524,1524,1524,1524,8372,8320,1524,1524,1524,1524,1524,1524,1524,1524,1524,8242,1524,1524,1524,1524,1524,1524,1524,1524,1524,1524,1524,1526,1526,3321,3316,3321,3321,1526,3321,3321,3321,3321,3321,3321,3321,3321,3321,3321,3321,9268,8229,8229,8229,9260,1524,1524,1524,1524,1524,1524,2898,2900,8134,8134,1524,1524,1524,1524,1524,1524,1524,1524,8359,8229,8359,8229,8359,1524,1524,1524,1524,1524,1524,1524,1524,7359,946,7333,946,7359,8229,8229,1524,1524,1524,1524,1524,1524,1524,1524,7437,7411,7411,7411,7398,8242,1524,1524,1524,1524,1524,1524,1524,1524,1524,8242,8359,8229,8359,8242,1524,1524,1526,1526,3321,3311,3321,3321,3321,3321,3321,3321,3321,3321,3321,3321,3321,3321,3321,3321,3321,8229,8229,8229,1524,1524,9469,1524,1524,1524,1524,9269,359,359,359,359,359,9261,8411,8411,1524,1524,1524,1524,1524,1524,1524,8109,8134,8134,8134,8109,7359,7359,1524,1524,1524,1524,1524,1524,1524,359,693,693,8971,693,693,359,8372,8320,1524,1524,1524,1524,1524,1524,1524,359,693,8971,8971,8971,693,359,8242,1524,1524,1524,1524,1524,1524,1524,1524,1524,693,693,693,693,359,1524,1524,1524,1524,359,1526,1526,3321,3316,3321,3321,3321,3247,3247,3247,3321,3321,3321,3321,3321,3321,3321,3321,3321,8229,8229,8229,1524,1524,1524,1524,1524,8977,1524,2898,8398,9220,8398,1524,1524,1524,1524,1524,1524,1524,359,8109,8134,8134,8134,8109,359,8216,8216,1524,1524,1524,1524,1524,1524,1524,8203,8951,523,1425,8951,8177,8242,8229,8242,1524,1524,1524,1524,1524,1524,1524,8203,544,542,8177,1524,1524,1524,1524,1524,1524,1524,1524,8242,8372,9056,9056,9056,8320,8242,1524,1524,1524,1524,1524,1524,1524,1524,8242,8242,8242,1526,3321,3321,3321,3321,3247,3247,3247,3247,3321,3321,3321,3321,3321,3321,3321,3321,359,359,1524,1012,1524,1524,1524,1524,2787,5915,2900,1524,1524,1524,1524,1524,1524,1524,359,8109,8134,8134,8134,8109,359,8203,8954,8954,359,9235,9219,8242,693,9053,9055,693,8242,359,359,359,1526,3321,3321,3321,3321,3321,3247,3247,3247,3247,3321,3321,3321,3321,3321,3321,3321,3321,2620,1524,1524,9026,1524,1524,2787,2900,2898,2620,8359,8229,8359,1524,1524,1524,1524,1524,1524,1524,359,8109,8134,8134,8134,8109,359,7359,7359,8203,8971,1531,8977,9196,8177,7359,9231,7359,8203,8971,1531,8177,8372,8229,8320,8242,8372,9054,9054,9054,8320,8242,8242,8242,8242,1526,3321,3321,3321,3321,3321,3321,3247,3321,3321,3321,3321,3321,3321,3321,3321,3321,3321,9269,359,359,359,9261,1524,1524,1524,1524,1524,1524,9269,359,359,359,359,359,9261,8134,8134,8134,1524,1524,1524,1524,1524,1524,1524,8109,8134,8134,8134,8109,359,693,693,693,359,359,693,8164,954,8164,693,359,359,693,1675,693,359,359,693,8164,962,8164,693,359,693,693,693,359,693,8164,693,359,359,359,1526,3321,3321,3321,3321,3321,3321,3321,3247,3321,3321,3321,3321,3321,3321,3321,3321,3321,2900,2900,1524,8977,1524,1524,1524,1684,1524,9469,8109,8109,8109,359,1524,1524,1524,1524,1524,1524,1524,8411,8229,8359,8229,8411,8203,9469,6880,6880,8177,8203,6880,8177,7385,7385,8372,8229,8320,8242,8411,8229,8411,8242,8242,1526,3321,3321,3321,3321,3321,3321,3321,3247,3321,3321,3321,3321,3321,3321,3321,3321,1524,1524,1524,1524,1524,1524,8952,7258,9043,8203,8109,8109,8109,359,1524,1524,1524,1524,1524,1524,1524,8229,9043,8229,8203,6883,9150,8177,9239,9469,9223,359,8372,8229,8320,359,8242,1526,3321,3321,3321,3321,3321,3321,3321,3247,3321,3321,3321,3321,3321,3321,3321,3321,3321,3321,2900,1524,1531,1524,1524,1524,1524,8955,7258,9156,8109,8109,8109,359,1524,1524,1524,1524,1524,1524,1524,8229,8229,8203,6880,1527,6880,8177,8203,6881,6880,8177,8372,8229,8320,8242,1526,1526,3321,3321,3321,1318,3321,3321,3247,3321,3321,3321,3321,3321,3321,3321,3321,3321,3321,9269,359,359,359,9261,1524,1524,1527,1524,1524,1524,8483,8134,8109,8134,1524,1524,1524,1524,1524,1524,1524,1524,8216,8216,359,693,954,693,359,359,693,962,693,359,693,693,693,359,1526,1526,3321,3321,3321,1318,3321,3321,3321,3247,3321,3321,3321,3321,3321,3321,3321,3321,2900,1524,1524,1524,1524,1524,1524,1524,1524,8411,8229,8411,1524,1524,1524,1524,1524,1524,1524,1524,7450,7385,7385,7385,8242,8398,8242,1526,3321,3321,3321,3321,3321,3321,3321,3321,3247,3247,3321,3321,3321,3321,3321,9037,1524,1524,1524,1531,1524,1524,8505,8229,8229,8229,9037,1524,1524,1524,1524,1524,1524,1524,7385,3321,3321,3321,3321,3321,3321,3321,3321,3321,3321,3321,3321,7362,1524,7365,2336,1524,1682,7258,7443,8615,1524,1524,7339,1524,1524,1524,1524,7339,1524,7378,8547,8547,8547,8547,7352,3321,3321,3321,3321,3321,3321,8593,8549,8626,8549,8549,8549,8549,8626,8560,1524,1524,1524,1524,1524,1524,1524,1524,1524,2336,2336,2336,2336,2336,2336,2336,2336,2336],"DecorIndices":[],"DecorIds":[],"BlockEntities":{"1054724":"!<d@[F*R&t#64c-E,TfC\"98E%!<d@[F*\\PI#64o6@VfsmCI<#NAHu^]F`__:EWlSfH#R=&FDl)6/TYTDG%GIm#BFa)@<?'_z\":8pVF(djWB5D/6&';Ng#BFa)@<?'az#mk*[Ci!ZmFCet_!!","1060868":"!<d@[F*R&t#64c-E,TfC\"98E%!<d@[F*\\bO#64o6@VfsmCI<#NAIW-_Bldj%ARo7dDe!Pj$Zg3(G@Pc)DeWa'!rr<$o%'E5p5iV]p6u!]$P@#lDfor.;f6Mt6ZljVBk2:Xzz!>#52![%IC\"#']T\"@)qe\"],1!#%.E2#B0YC#_2mT$'5,e$D7A!$a9U2%);iC%F>(T%c@<e&+BQ\"&-)\\2&J+pC&g./T'/0Ce'L2X!'i4l2(17+C(N9?T(k;Se)3=h!)P@'2)mB;C*5DOT*RFce*oI#!+7K73+92BC+V4VT+s6je,;9*!,X;>2,u=RC.\\HbC/$K!T/AM5e/^OJ!0&Q^20CSrD0E;(T0b=<e1*?Q!1GAe21dD$C2,F8T3hQHT40S\\e4MUq!4jX0252ZDC5O\\XU5QCce5nF#!66H726SJKC6pL_T78Nse8tZ.e9<\\C!9Y^W2:!`kC:>c*T:[e>f:]LJ!;%N^2;BPrC;_S1T<'UEe<DWZ!>+bj!>He)2>eg=C?-iQT?Jkee?gn%&TE\"s!Tb%22U*'FCUG)ZTUd+neV,..!Wh9>!X0;R2XM=fCXj@%TY2B9eYODN\"YQ+Y2Yn-mCZ60,TZS2@eZp4U![86i2\\tB$2]<D8C]YFLT^!H`e^>Ju!^[M43^]4?C_%6ST_B8ge__;'!`'=;2`D?OCb+J_CbHLsTbeO2ec-QG!cJS[2cgUoDci=%Td1?9edNAN!dkCb2e3F!CePH5Tg7SETgTUYegqWn!h9Z-2hV\\AChs^UUhuE`ei=Gu!iZJ42j\"LHCj?N\\Tj\\Ppek$S0!kAUD2k^WXCl&YlTlC\\+el`^@!m(`T2mEbhCmbe'Tn*g;fn,NG!nIP[2nfRoCo.U.ToKWBeohYW!p0[k2pM^*Cpj`>Tq2bReqOdg!qlg&2r4i:CrQkNTrnmbes6p!r$#O*mATDKnCi]XX!!#P7!!):&!!!$*Ec6&.FD5Z2z$O:0a@W,skEsVgH!9.%O!Riue!45dt!MuZ^!OfG+!QL6$!6VaB!Sk_T!:8:/!=0$DD/\")jBk1d@DZKh<#RPQdA7\\\\XCh[D\\!!!98F(o/r6#:CVF*(?!Ch[D\\!!!0/@VfsmCJJ;TAJSoeD.Pb;Ci<g!/SAX4ATDKpGAhD1!!","1061892":"!<d@[F*R&t#64c-E,TfC\"98E%!<d@[F*\\eP#64o6@VfsmCI<#NAIW-_Bldj%ARo7dDe!Pj$Zg3(G@Pc)DeWa'!<<*\"p5o:S$P@#lDfor.;f6Mt6ZljVBk2;#zz!>#52![%IC\"#']T\"@)qe\"],1!#%.E2#B0YC#_2mT$'5,e$D7A!$a9U2%);iC%F>(T%c@<e&+BQ\"&-)\\2&J+pC&g./T'/0Ce'L2X!'i4l2(17+C(N9?T(k;Se)3=h!)P@'2)mB;C*5DOT*RFce*oI#!+7K73+92BC+V4VT+s6je,;9*!,X;>2,u=RC-=?fT-ZB%e.\"D:!.?FN2.\\HbC/$K!T/AM5e/^OJ!0&Q^20CSrD0E;(T0b=<e1*?Q!1GAe21dD$C2,F8T2IHLe2fJa!3.Lu23KO4C3hQHT40S\\e4MUq!4jX0252ZDC5O\\XU5QCce5nF#!66H726SJKC6pL_T78Nse7UQ3!7rSG28:U[C8WWoT8tZ.e9<\\C!9Y^W2:!`kC:>c*T:[e>f:]LJ!;%N^2;BPrC;_S1T<'UEe<DWZ!<aYn2=)\\-C=F^AT=c`Ue>+bj!>He)2>eg=C?-iQT?Jkee?gn%&TE\"s!Tb%22U*'FCUG)ZTUd+neV,..!VI0B2Vf2VCW.4jTWK7)eWh9>!X0;R2XM=fCXj@%TY2B9eYODN\"YQ+Y2Yn-mCZ60,TZS2@eZp4U![86i2[U9(C[r;<T\\:=Pe\\W?e!\\tB$2]<D8C]YFLT^!H`e^>Ju!^[M43^]4?C_%6ST_B8ge__;'!`'=;2`D?OC`aAcTa)D\"eaFF7!acHK2b+J_CbHLsTbeO2ec-QG!cJS[2cgUoDci=%Td1?9edNAN!dkCb2e3F!CePH5TemJIef5L^!fRNr2foQ1Cg7SETgTUYegqWn!h9Z-2hV\\AChs^UUhuE`ei=Gu!iZJ42j\"LHCj?N\\Tj\\Ppek$S0!kAUD2k^WXCl&YlTlC\\+el`^@!m(`T2mEbhCmbe'Tn*g;fn,NG!nIP[2nfRoCo.U.ToKWBeohYW!p0[k2pM^*Cpj`>Tq2bReqOdg!qlg&2r4i:CrQkNTrnmbes6p!r$#O*mATDKnCi]UW!!#P7!!!$*Ec6&.FD5Z2z$O:0a@W,skErc7@!61-#!!ipCD/\")jBk1d@DZKh<#RPQdA7\\\\XCh[D\\!!!98F(o/r6#:CVF*(?!Ch[D\\!!!0/@VfsmCJJ;TAJSoeD.Pb;Ci<g!/SAX4ATDKpGAhD1!!","1062916":"!<d@[F*R&t#64c-E,TfC\"98E%!<d@[F*\\hQ#64o6@VfsmCI<#NAIW-_Bldj%ARo7dDe!Pj$Zg3(G@Pc)DeWa'!<<*\"p5o:S$P@#lDfor.;f6Mt6ZljVBk2;#zz!>#52![%IC\"#']T\"@)qe\"],1!#%.E2#B0YC#_2mT$'5,e$D7A!$a9U2%);iC%F>(T%c@<e&+BQ\"&-)\\2&J+pC&g./T'/0Ce'L2X!'i4l2(17+C(N9?T(k;Se)3=h!)P@'2)mB;C*5DOT*RFce*oI#!+7K73+92BC+V4VT+s6je,;9*!,X;>2,u=RC-=?fT-ZB%e.\"D:!.?FN2.\\HbC/$K!T/AM5e/^OJ!0&Q^20CSrD0E;(T0b=<e1*?Q!1GAe21dD$C2,F8T2IHLe2fJa!3.Lu23KO4C3hQHT40S\\e4MUq!4jX0252ZDC5O\\XU5QCce5nF#!66H726SJKC6pL_T78Nse7UQ3!7rSG28:U[C8WWoT8tZ.e9<\\C!9Y^W2:!`kC:>c*T:[e>f:]LJ!;%N^2;BPrC;_S1T<'UEe<DWZ!<aYn2=)\\-C=F^AT=c`Ue>+bj!>He)2>eg=C?-iQT?Jkee?gn%&TE\"s!Tb%22U*'FCUG)ZTUd+neV,..!VI0B2Vf2VCW.4jTWK7)eWh9>!X0;R2XM=fCXj@%TY2B9eYODN\"YQ+Y2Yn-mCZ60,TZS2@eZp4U![86i2[U9(C[r;<T\\:=Pe\\W?e!\\tB$2]<D8C]YFLT^!H`e^>Ju!^[M43^]4?C_%6ST_B8ge__;'!`'=;2`D?OC`aAcTa)D\"eaFF7!acHK2b+J_CbHLsTbeO2ec-QG!cJS[2cgUoDci=%Td1?9edNAN!dkCb2e3F!CePH5TemJIef5L^!fRNr2foQ1Cg7SETgTUYegqWn!h9Z-2hV\\AChs^UUhuE`ei=Gu!iZJ42j\"LHCj?N\\Tj\\Ppek$S0!kAUD2k^WXCl&YlTlC\\+el`^@!m(`T2mEbhCmbe'Tn*g;fn,NG!nIP[2nfRoCo.U.ToKWBeohYW!p0[k2pM^*Cpj`>Tq2bReqOdg!qlg&2r4i:CrQkNTrnmbes6p!r$#O*mATDKnCi]UW!!#P7!!!$*Ec6&.FD5Z2z$O:0a@W,skErc7@!61-#!!ipCD/\")jBk1d@DZKh<#RPQdA7\\\\XCh[D\\!!!98F(o/r6#:CVF*(?!Ch[D\\!!!0/@VfsmCJJ;TAJSoeD.Pb;Ci<g!/SAX4ATDKpGAhD1!!","1063940":"!<d@[F*R&t#64c-E,TfC\"98E%!<d@[F*\\kR#64o6@VfsmCI<#NAIW-_Bldj%ARo7dDe!Pj$Zg3(G@Pc)DeWa'!<<*\"p5o:S$P@#lDfor.;f6Mt6ZljVBk2;#zz!>#52![%IC\"#']T\"@)qe\"],1!#%.E2#B0YC#_2mT$'5,e$D7A!$a9U2%);iC%F>(T%c@<e&+BQ\"&-)\\2&J+pC&g./T'/0Ce'L2X!'i4l2(17+C(N9?T(k;Se)3=h!)P@'2)mB;C*5DOT*RFce*oI#!+7K73+92BC+V4VT+s6je,;9*!,X;>2,u=RC-=?fT-ZB%e.\"D:!.?FN2.\\HbC/$K!T/AM5e/^OJ!0&Q^20CSrD0E;(T0b=<e1*?Q!1GAe21dD$C2,F8T2IHLe2fJa!3.Lu23KO4C3hQHT40S\\e4MUq!4jX0252ZDC5O\\XU5QCce5nF#!66H726SJKC6pL_T78Nse7UQ3!7rSG28:U[C8WWoT8tZ.e9<\\C!9Y^W2:!`kC:>c*T:[e>f:]LJ!;%N^2;BPrC;_S1T<'UEe<DWZ!<aYn2=)\\-C=F^AT=c`Ue>+bj!>He)2>eg=C?-iQT?Jkee?gn%&TE\"s!Tb%22U*'FCUG)ZTUd+neV,..!VI0B2Vf2VCW.4jTWK7)eWh9>!X0;R2XM=fCXj@%TY2B9eYODN\"YQ+Y2Yn-mCZ60,TZS2@eZp4U![86i2[U9(C[r;<T\\:=Pe\\W?e!\\tB$2]<D8C]YFLT^!H`e^>Ju!^[M43^]4?C_%6ST_B8ge__;'!`'=;2`D?OC`aAcTa)D\"eaFF7!acHK2b+J_CbHLsTbeO2ec-QG!cJS[2cgUoDci=%Td1?9edNAN!dkCb2e3F!CePH5TemJIef5L^!fRNr2foQ1Cg7SETgTUYegqWn!h9Z-2hV\\AChs^UUhuE`ei=Gu!iZJ42j\"LHCj?N\\Tj\\Ppek$S0!kAUD2k^WXCl&YlTlC\\+el`^@!m(`T2mEbhCmbe'Tn*g;fn,NG!nIP[2nfRoCo.U.ToKWBeohYW!p0[k2pM^*Cpj`>Tq2bReqOdg!qlg&2r4i:CrQkNTrnmbes6p!r$#O*mATDKnCi]UW!!#P7!!!$*Ec6&.FD5Z2z$O:0a@W,skErc7@!61-#!!ipCD/\")jBk1d@DZKh<#RPQdA7\\\\XCh[D\\!!!98F(o/r6#:CVF*(?!Ch[D\\!!!0/@VfsmCJJ;TAJSoeD.Pb;Ci<g!/SAX4ATDKpGAhD1!!","1064964":"!<d@[F*R&t#64c-E,TfC\"98E%!<d@[F*\\nS#64o6@VfsmCI<#NAIW-_Bldj%ARo7dDe!Pj$Zg3(G@Pc)DeWa'!rr<$o%'E5p5iV]p6u!]$P@#lDfor.;f6Mt6ZljVBk2:Xzz!>#52![%IC\"#']T\"@)qe\"],1!#%.E2#B0YC#_2mT$'5,e$D7A!$a9U2%);iC%F>(T%c@<e&+BQ\"&-)\\2&J+pC&g./T'/0Ce'L2X!'i4l2(17+C(N9?T(k;Se)3=h!)P@'2)mB;C*5DOT*RFce*oI#!+7K73+92BC+V4VT+s6je,;9*!,X;>2,u=RC.\\HbC/$K!T/AM5e/^OJ!0&Q^20CSrD0E;(T0b=<e1*?Q!1GAe21dD$C2,F8T3hQHT40S\\e4MUq!4jX0252ZDC5O\\XU5QCce5nF#!66H726SJKC6pL_T78Nse8tZ.e9<\\C!9Y^W2:!`kC:>c*T:[e>f:]LJ!;%N^2;BPrC;_S1T<'UEe<DWZ!>+bj!>He)2>eg=C?-iQT?Jkee?gn%&TE\"s!Tb%22U*'FCUG)ZTUd+neV,..!Wh9>!X0;R2XM=fCXj@%TY2B9eYODN\"YQ+Y2Yn-mCZ60,TZS2@eZp4U![86i2\\tB$2]<D8C]YFLT^!H`e^>Ju!^[M43^]4?C_%6ST_B8ge__;'!`'=;2`D?OCb+J_CbHLsTbeO2ec-QG!cJS[2cgUoDci=%Td1?9edNAN!dkCb2e3F!CePH5Tg7SETgTUYegqWn!h9Z-2hV\\AChs^UUhuE`ei=Gu!iZJ42j\"LHCj?N\\Tj\\Ppek$S0!kAUD2k^WXCl&YlTlC\\+el`^@!m(`T2mEbhCmbe'Tn*g;fn,NG!nIP[2nfRoCo.U.ToKWBeohYW!p0[k2pM^*Cpj`>Tq2bReqOdg!qlg&2r4i:CrQkNTrnmbes6p!r$#O*mATDKnCi]XX!!#P7!!):&!!!$*Ec6&.FD5Z2z$O:0a@W,skEsVgH!9.%O!Riue!45dt!MuZ^!OfG+!QL6$!6VaB!Sk_T!:8:/!=0$DD/\")jBk1d@DZKh<#RPQdA7\\\\XCh[D\\!!!98F(o/r6#:CVF*(?!Ch[D\\!!!0/@VfsmCJJ;TAJSoeD.Pb;Ci<g!/SAX4ATDKpGAhD1!!","3156996":"!<d@[F*R&t#64c-E,TfC\"onW'!<d@[F*\\_N#64o6@VfsmCI<#NAIW-_Bldj%ARo7dDe!Pj$Zg3(G@Pc)DeWa'!WW3#E-V*Wq\"Xjh$P@#lDfor.;f6Mt6ZljVBk2:8zz!>#52![%IC\"#']T\"@)qe\"],1!#%.E2#B0YD&-)\\2&J+pC&g./T'/0Ce'L2X!'i4l2(17+C(N9?U+92BC+V4VT+s6je,;9*!,X;>2,u=RC-=?fT-ZB%f0E;(T0b=<e1*?Q!1GAe21dD$C2,F8T2IHLe2fJa\"5QCce5nF#!66H726SJKC6pL_T78Nse7UQ3!7rSG3:]LJ!;%N^2;BPrC;_S1T<'UEe<DWZ!<aYn2=)\\-D?iU02@1WDC@NYXT@k[leA3^,!AP`@2AmbTCB5dhUDu]kCE=`*TEZb>eF\"dS!F?fg2F\\i&CG$k:TGAmNfJ,fQTJIheeJfk%!K.m92KKoMCKhqaTL0sueLN!5\"O8o7eOUqL!Ors`2P:utCPX#3TPu%GeQ='\\!QZ)p3TE\"s!Tb%22U*'FCUG)ZTUd+neV,..!VI0B2Vf2VDYQ+Y2Yn-mCZ60,TZS2@eZp4U![86i2[U9(C[r;<U^]4?C_%6ST_B8ge__;'!`'=;2`D?OC`aAcTa)D\"fci=%Td1?9edNAN!dkCb2e3F!CePH5TemJIef5L^\"huE`ei=Gu!iZJ42j\"LHCj?N\\Tj\\Ppek$S0!kAUD3n,NG!nIP[2nfRoCo.U.ToKWBeohYW!p0[k2pM^*?$#O*mATDKnCi]UW!!!BL!!!$*Ec6&.FD5Z2z$O:0a@W,skErl=A!!)fg!/UFM!!ipCD/\")jBk1d@DZKh<#RPQdA7\\\\XCh[D\\!!!98F(o/r6#:CVF*(?!Ch[D\\!!!0/@VfsmCJJ;TAI)(?CER\\7@:B3","3160068":"!<d@[F*R&t#64c-E,TfC\"onW'!<d@[F*\\hQ#64o6@VfsmCI<#NAJ/KhF`__:Eb/cjDf9E4BOu!l\"U&pmE+KqsDf9E4BOu\"'ATKM6Df9E4BOu!l/Rr41AHW6YDffE0AQSp4!!!-.D.Rd%6#L=OA_Ra;56M43DffE0AQf'6!!!<3@rH1\"ARfgnA,lc<G%#E*@;^/iAp%p+\"U0!nE+Ld)!!","3163140":"!<d@[F*R&t#64c-E,TfC\"onW'!<d@[F*\\qT#64o6@VfsmCI<#NAIW-_Bldj%ARo7dDe!Pj$Zg3(G@Pc)DeWa'!WW3#E,^\"$q!`b5$P@#lDfor.;f6Mt6ZljVBk2:8z#_2mT$'5,e$D7A!$a9U2%);iC%F>(T%c@<e&+BQ\"(k;Se)3=h!)P@'2)mB;C*5DOT*RFce*oI#!+7K73.\"D:!.?FN2.\\HbC/$K!T/AM5e/^OJ!0&Q^20CSrD3.Lu23KO4C3hQHT40S\\e4MUq!4jX0252ZDC5O\\XU8:U[C8WWoT8tZ.e9<\\C!9Y^W2:!`kC:>c*T:[e>f=F^AT=c`Ue>+bj!>He)2>eg=C?-iQT?Jkee?gn%\"BRg'eBoi<!C7kP2CTmdCCqp#TD9r7eDVtL!Dt!`3G^oc!H&r\"2HCt6CHa!JTI)#^eIF%s!Ic(22J+*FDLk#I2M3%]CMP'qTMm*0eN5,E!NR.Y2No0mCO73,UR\",/CR?.CTR\\0WeS$2l!SA5+2S^7?CT&9STTC;gfW.4jTWK7)eWh9>!X0;R2XM=fCXj@%TY2B9eYODN\"\\:=Pe\\W?e!\\tB$2]<D8C]YFLT^!H`e^>Ju!^[M43aFF7!acHK2b+J_CbHLsTbeO2ec-QG!cJS[2cgUoDfRNr2foQ1Cg7SETgTUYegqWn!h9Z-2hV\\AChs^UUk^WXCl&YlTlC\\+el`^@!m(`T2mEbhCmbe'Tn*g;fpj`>Tq2bReqOdg!qlg&2r4i:CrQkNTrnmbes6p!r$#O*mATDKnCi]UW!!)O2!!!$*Ec6&.FD5Z2z$O:0a@W,skErl=A!!)M4!/U,o!!ipCD/\")jBk1d@DZKh<#RPQdA7\\\\XCh[D\\!!!98F(o/r6#:CVF*(?!Ch[D\\!!!0/@VfsmCJJ;TAI)(?CER\\7@:B3","4205572":"!<d@[F*R&t#64c-E,TfC#64`(!<d@[F*\\_N#64o6@VfsmCI<#NAIW-_Bldj%ARo7dDe!Pj$#O*mATDKnCi]UW!!!BL!!!$*Ec6&.FD5Z2z$O:0a@W,skErl=A!.akE!!rAo!!ipCD/\")jBk1d@DZKh<#RPQdA7\\\\XCh[D\\!!!98F(o/r6#:CVF*(?!Ch[D\\!!!0/@VfsmCJJ;TAI)(?CER\\7@:B3","4207620":"!<d@[F*R&t#64c-E,TfC#64`(!<d@[F*\\eP#64o6@VfsmCI<#NAJ/KhF`__:Eb/cjDf9E4BOu!l\"U&pmE+KqsDf9E4BOu\"'ATKM6Df9E4BOu!l/S9-AC]ju`DffE0AQSp4!!!-.D.Rd%6#L=OA_Ra;56M43DffE0AQf'6!!!<3@rH1\"ARfgnA,lc<G%#E*@;^/iAp%p+\"U0!nE+Ld)!!","4208644":"!<d@[F*R&t#64c-E,TfC#64`(!<d@[F*\\hQ#64o6@VfsmCI<#NAJ/KhF`__:Eb/cjDf9E4BOu!l\"U&pmE+KqsDf9E4BOu\"'ATKM6Df9E4BOu!l/S9-AC]ju`DffE0AQSp4!!!-.D.Rd%6#L=OA_Ra;56M43DffE0AQf'6!!!<3@rH1\"ARfgnA,lc<G%#E*@;^/iAp%p+\"U0!nE+Ld)!!","4209668":"!<d@[F*R&t#64c-E,TfC#64`(!<d@[F*\\kR#64o6@VfsmCI<#NAJ/KhF`__:Eb/cjDf9E4BOu!l\"U&pmE+KqsDf9E4BOu\"'ATKM6Df9E4BOu!l/S9-AC]ju`DffE0AQSp4!!!-.D.Rd%6#L=OA_Ra;56M43DffE0AQf'6!!!<3@rH1\"ARfgnA,lc<G%#E*@;^/iAp%p+\"U0!nE+Ld)!!","4211716":"!<d@[F*R&t#64c-E,TfC#64`(!<d@[F*\\qT#64o6@VfsmCI<#NAIW-_Bldj%ARo7dDe!Pj$Zg3(G@Pc)DeWa'!<<*\"nF1o-$P@#lDfor.;f6Mt6ZljVBk2:8z#_2mT$'5,e$D7A!$a9U2%);iC%F>(T%c@<e&+BQ\"(k;Se)3=h!)P@'2)mB;C*5DOT*RFce*oI#!+7K73.\"D:!.?FN2.\\HbC/$K!T/AM5e/^OJ!0&Q^20CSrD3.Lu23KO4C3hQHT40S\\e4MUq!4jX0252ZDC5O\\XU8:U[C8WWoT8tZ.e9<\\C!9Y^W2:!`kC:>c*T:[e>f=F^AT=c`Ue>+bj!>He)2>eg=C?-iQT?Jkee?gn%\"BRg'eBoi<!C7kP2CTmdCCqp#TD9r7eDVtL!Dt!`3G^oc!H&r\"2HCt6CHa!JTI)#^eIF%s!Ic(22J+*FDLk#I2M3%]CMP'qTMm*0eN5,E!NR.Y2No0mCO73,UR\",/CR?.CTR\\0WeS$2l!SA5+2S^7?CT&9STTC;gfW.4jTWK7)eWh9>!X0;R2XM=fCXj@%TY2B9eYODN\"\\:=Pe\\W?e!\\tB$2]<D8C]YFLT^!H`e^>Ju!^[M43aFF7!acHK2b+J_CbHLsTbeO2ec-QG!cJS[2cgUoDfRNr2foQ1Cg7SETgTUYegqWn!h9Z-2hV\\AChs^UUk^WXCl&YlTlC\\+el`^@!m(`T2mEbhCmbe'Tn*g;fpj`>Tq2bReqOdg!qlg&2r4i:CrQkNTrnmbes6p!r$#O*mATDKnCi]UW!!)O2!!!$*Ec6&.FD5Z2z$O:0a@W,skErl=A!.aQg!!r(<!!ipCD/\")jBk1d@DZKh<#RPQdA7\\\\XCh[D\\!!!98F(o/r6#:CVF*(?!Ch[D\\!!!0/@VfsmCJJ;TAI)(?CER\\7@:B3","5259268":"!<d@[F*R&t#64c-E,TfC#QOi)!<d@[F*\\nS#64o6@VfsmCI<#NAIW-_Bldj%ARo7dDe!Pj$#O*mATDKnCi]UW!!'D.!!!$*Ec6&.FD5Z2z$O:0a@W,skErl=A!!)M<!!)fg!!ipCD/\")jBk1d@DZKi&#RPQdA7\\\\XCh[D\\!$MUYF(o/r6#:CVF*(?!Ch[D\\!$MLP@VfsmCJJ;TAHtn?@<?0oEW?","6305796":"!<d@[F*R&t#64c-E,TfC#ljr*!<d@[F*\\hQ#64o6@VfsmCI<#NAIW-_Bldj%ARo7dDe!Pj$#O*mATDKnCi]UW!!'D.!!!$*Ec6&.FD5Z2z$O:0a@W,skErc7@!!)N_!!ipCD/\")jBk1d@DZKh<#RPQdA7\\\\XCh[D\\!$DOXF(o/r6#:CVF*(?!Ch[D\\!$DFO@VfsmCJJ;TAHtn?@<?0oEW?","2108421":"!<d@[F*R)u#64c-E,TfC\"TSN&!<d@[F*\\_N#64o6@VfsmCI<#NAIW-_Bldj%ARo7dDe!Pj$Zg3(G@Pc)DeWa'\"98E%n9Fs5\\@B-Nq#(-lr:n#,$P@#lDfor.;f6Mt6ZljVBk2:8zz!>#52![%IC\"#']T\"@)qe\"],1!#%.E2#B0YD&-)\\2&J+pC&g./T'/0Ce'L2X!'i4l2(17+C(N9?U+92BC+V4VT+s6je,;9*!,X;>2,u=RC-=?fT-ZB%f0E;(T0b=<e1*?Q!1GAe21dD$C2,F8T2IHLe2fJa\"5QCce5nF#!66H726SJKC6pL_T78Nse7UQ3!7rSG3:]LJ!;%N^2;BPrC;_S1T<'UEe<DWZ!<aYn2=)\\-D?iU02@1WDC@NYXT@k[leA3^,!AP`@2AmbTCB5dhUDu]kCE=`*TEZb>eF\"dS!F?fg2F\\i&CG$k:TGAmNfJ,fQTJIheeJfk%!K.m92KKoMCKhqaTL0sueLN!5\"O8o7eOUqL!Ors`2P:utCPX#3TPu%GeQ='\\!QZ)p3TE\"s!Tb%22U*'FCUG)ZTUd+neV,..!VI0B2Vf2VDYQ+Y2Yn-mCZ60,TZS2@eZp4U![86i2[U9(C[r;<U^]4?C_%6ST_B8ge__;'!`'=;2`D?OC`aAcTa)D\"fci=%Td1?9edNAN!dkCb2e3F!CePH5TemJIef5L^\"huE`ei=Gu!iZJ42j\"LHCj?N\\Tj\\Ppek$S0!kAUD3n,NG!nIP[2nfRoCo.U.ToKWBeohYW!p0[k2pM^*?$#O*mATDKnCi]UW!!)O2!!!$*Ec6&.FD5Z2z$O:0a@W,skEs;UE!5NjZ!/1.E!!rMs!(cmo!6G*<!6k5Q!!ipCD/\")jBk1d@DZKh<#RPQdA7\\\\XCh[D\\!!!98F(o/r6#:CVF*(?!Ch[D\\!!!0/@VfsmCJJ;TAI)(?CER\\7@:B3","2114565":"!<d@[F*R)u#64c-E,TfC\"TSN&!<d@[F*\\qT#64o6@VfsmCI<#NAIW-_Bldj%ARo7dDe!Pj$Zg3(G@Pc)DeWa'\"98E%n8NjWq!^KJ\\?pS_r:GI=$P@#lDfor.;f6Mt6ZljVBk2:8z#_2mT$'5,e$D7A!$a9U2%);iC%F>(T%c@<e&+BQ\"(k;Se)3=h!)P@'2)mB;C*5DOT*RFce*oI#!+7K73.\"D:!.?FN2.\\HbC/$K!T/AM5e/^OJ!0&Q^20CSrD3.Lu23KO4C3hQHT40S\\e4MUq!4jX0252ZDC5O\\XU8:U[C8WWoT8tZ.e9<\\C!9Y^W2:!`kC:>c*T:[e>f=F^AT=c`Ue>+bj!>He)2>eg=C?-iQT?Jkee?gn%\"BRg'eBoi<!C7kP2CTmdCCqp#TD9r7eDVtL!Dt!`3G^oc!H&r\"2HCt6CHa!JTI)#^eIF%s!Ic(22J+*FDLk#I2M3%]CMP'qTMm*0eN5,E!NR.Y2No0mCO73,UR\",/CR?.CTR\\0WeS$2l!SA5+2S^7?CT&9STTC;gfW.4jTWK7)eWh9>!X0;R2XM=fCXj@%TY2B9eYODN\"\\:=Pe\\W?e!\\tB$2]<D8C]YFLT^!H`e^>Ju!^[M43aFF7!acHK2b+J_CbHLsTbeO2ec-QG!cJS[2cgUoDfRNr2foQ1Cg7SETgTUYegqWn!h9Z-2hV\\AChs^UUk^WXCl&YlTlC\\+el`^@!m(`T2mEbhCmbe'Tn*g;fpj`>Tq2bReqOdg!qlg&2r4i:CrQkNTrnmbes6p!r$#O*mATDKnCi]UW!!)O2!!!$*Ec6&.FD5Z2z$O:0a@W,skEs;UE!5NQ'!/0ig!!r'Q!(ca+!6FXo!6k(b!!ipCD/\")jBk1d@DZKh<#RPQdA7\\\\XCh[D\\!!!98F(o/r6#:CVF*(?!Ch[D\\!!!0/@VfsmCJJ;TAI)(?CER\\7@:B3","3158021":"!<d@[F*R)u#64c-E,TfC\"onW'!<d@[F*\\bO#64o6@VfsmCI<#NAJ/H`A1`\"DDe(G5ART+$ARTY%\"UT?dCi!NmAP$D4!YK9fF`);4A3tQ1DKKT7GtDNHz!!!!&&oDQ0DKKH#6?uCD@<lF)<G>tD!!","3159045":"!<d@[F*R)u#64c-E,TfC\"onW'!<d@[F*\\eP#64o6@VfsmCI<#NAI`<gDg,c5E,ThMD/XK:\"po!]G%GQ5DfU+(#'\"^#Dfg%$!!!!'\"`nKuFE7Zf0E;(Q!!#1i!!!$\"z!!EUFATMNNDJ*csjNEiR!!","3161093":"!<d@[F*R)u#64c-E,TfC\"onW'!<d@[F*\\kR#64o6@VfsmCI<#NAI<0jDIIT<Cgh1\"\"U&pmE+Kr(BkM+$F)Q2A@q@<3DD,gKD.tS6Ci=640a%`%DffE0AQSp4!!!-.D.Rd%6#L=OA^XNS56M43DffE0AQf'6!!!<3@rH1\"ARfgnA,lc@DImp6DfTV\\De*DZ!!","3162117":"!<d@[F*R)u#64c-E,TfC\"onW'!<d@[F*\\nS#64o6@VfsmCI<#NAJ/H`A1`\"DDe(G5ART+$ARTY%\"UT?dCi!NmAP$D4!YK9fF`);4A3tQ1DKKT7GtDNHz!!!!&&oDQ0DKKH#6?uCD@<lF)<G>tD!!","5256197":"!<d@[F*R)u#64c-E,TfC#QOi)!<d@[F*\\eP#64o6@VfsmCI<#NAJB!\"Ch.Qp@r!Z6DfT]'Cb9jBF*%TmBl8**DKKf;Gl\\+hF)5c:Es2OD!!WUJCi=E:!!!!","5257221":"!<d@[F*R)u#64c-E,TfC#QOi)!<d@[F*\\hQ#64o6@VfsmCI<#NAJB!\"Ch.Qp@r!Z6DfT]'Cb9jBF*%TmBl8**DKKf;Gl\\+hF)5c:Es2OD!!WUJCi=E:!!!!","5258245":"!<d@[F*R)u#64c-E,TfC#QOi)!<d@[F*\\kR#64o6@VfsmCI<#NAJB!\"Ch.Qp@r!Z6DfT]'Cb9jBF*%TmBl8**DKKf;Gl\\+hF)5c:Es2OD!!WUJCi=E:!!!!","1049606":"!<d@[F*R-!#64c-E,TfC\"98E%!<d@[F*\\AD#64o6@VfsmCI<#NAIW-_Bldj%ARo7dDe!Pj$Zg3(G@Pc)DeWa'!<<*\"nG*\"`$P@#lDfor.;f6Mt6ZljVBk2:8zz!>#52![%IC\"#']T\"@)qe\"],1!#%.E2#B0YD&-)\\2&J+pC&g./T'/0Ce'L2X!'i4l2(17+C(N9?U+92BC+V4VT+s6je,;9*!,X;>2,u=RC-=?fT-ZB%f0E;(T0b=<e1*?Q!1GAe21dD$C2,F8T2IHLe2fJa\"5QCce5nF#!66H726SJKC6pL_T78Nse7UQ3!7rSG3:]LJ!;%N^2;BPrC;_S1T<'UEe<DWZ!<aYn2=)\\-D?iU02@1WDC@NYXT@k[leA3^,!AP`@2AmbTCB5dhUDu]kCE=`*TEZb>eF\"dS!F?fg2F\\i&CG$k:TGAmNfJ,fQTJIheeJfk%!K.m92KKoMCKhqaTL0sueLN!5\"O8o7eOUqL!Ors`2P:utCPX#3TPu%GeQ='\\!QZ)p3TE\"s!Tb%22U*'FCUG)ZTUd+neV,..!VI0B2Vf2VDYQ+Y2Yn-mCZ60,TZS2@eZp4U![86i2[U9(C[r;<U^]4?C_%6ST_B8ge__;'!`'=;2`D?OC`aAcTa)D\"fci=%Td1?9edNAN!dkCb2e3F!CePH5TemJIef5L^\"huE`ei=Gu!iZJ42j\"LHCj?N\\Tj\\Ppek$S0!kAUD3n,NG!nIP[2nfRoCo.U.ToKWBeohYW!p0[k2pM^*?$#O*mATDKnCi]UW!!'hX!!!$*Ec6&.FD5Z2z$O:0a@W,skErl=A!!%9D!/UFM!!ipCD/\")jBk1d@DZKh<#RPQdA7\\\\XCh[D\\!!!98F(o/r6#:CVF*(?!Ch[D\\!!!0/@VfsmCJJ;TAI;4ACER\\?@;0b'!!","1051654":"!<d@[F*R-!#64c-E,TfC\"98E%!<d@[F*\\GF#64o6@VfsmCI<#NAIW-_Bldj%ARo7dDe!Pj$Zg3(G@Pc)DeWa'!<<*\"nF1o-$P@#lDfor.;f6Mt6ZljVBk2:8z#_2mT$'5,e$D7A!$a9U2%);iC%F>(T%c@<e&+BQ\"(k;Se)3=h!)P@'2)mB;C*5DOT*RFce*oI#!+7K73.\"D:!.?FN2.\\HbC/$K!T/AM5e/^OJ!0&Q^20CSrD3.Lu23KO4C3hQHT40S\\e4MUq!4jX0252ZDC5O\\XU8:U[C8WWoT8tZ.e9<\\C!9Y^W2:!`kC:>c*T:[e>f=F^AT=c`Ue>+bj!>He)2>eg=C?-iQT?Jkee?gn%\"BRg'eBoi<!C7kP2CTmdCCqp#TD9r7eDVtL!Dt!`3G^oc!H&r\"2HCt6CHa!JTI)#^eIF%s!Ic(22J+*FDLk#I2M3%]CMP'qTMm*0eN5,E!NR.Y2No0mCO73,UR\",/CR?.CTR\\0WeS$2l!SA5+2S^7?CT&9STTC;gfW.4jTWK7)eWh9>!X0;R2XM=fCXj@%TY2B9eYODN\"\\:=Pe\\W?e!\\tB$2]<D8C]YFLT^!H`e^>Ju!^[M43aFF7!acHK2b+J_CbHLsTbeO2ec-QG!cJS[2cgUoDfRNr2foQ1Cg7SETgTUYegqWn!h9Z-2hV\\AChs^UUk^WXCl&YlTlC\\+el`^@!m(`T2mEbhCmbe'Tn*g;fpj`>Tq2bReqOdg!qlg&2r4i:CrQkNTrnmbes6p!r$#O*mATDKnCi]UW!!&!$!!!$*Ec6&.FD5Z2z$O:0a@W,skErl=A!!$tf!/U,o!!ipCD/\")jBk1d@DZKh<#RPQdA7\\\\XCh[D\\!!!98F(o/r6#:CVF*(?!Ch[D\\!!!0/@VfsmCJJ;TAI;4ACER\\?@;0b'!!","1053702":"!<d@[F*R-!#64c-E,TfC\"98E%!<d@[F*\\MH#64o6@VfsmCI<#NAIN0bEb0H5De*g$Ch3eWBl8**DKKf;Gl\\+hF)5c:Erc7@!!WUJCi=E:#6?LY!<<*\"ncJjl%KHJ/\"q,NaD/a',@<?X4AHNZhASlBtEaa'4Eb.pQF*(E$A79Rkz!:ZaK\":K<_D/a',@<?X4AH2]1z!!!","2108422":"!<d@[F*R-!#64c-E,TfC\"TSN&!<d@[F*\\_N#64o6@VfsmCI<#NAIW-_Bldj%ARo7dDe!Pj$Zg3(G@Pc)DeWa'\"98E%E&b<,nGN:d[(*^JI/(/N$P@#lDfor.;f6Mt6ZljVBk2:8zz!>#52![%IC\"#']T\"@)qe\"],1!#%.E2#B0YD&-)\\2&J+pC&g./T'/0Ce'L2X!'i4l2(17+C(N9?U+92BC+V4VT+s6je,;9*!,X;>2,u=RC-=?fT-ZB%f0E;(T0b=<e1*?Q!1GAe21dD$C2,F8T2IHLe2fJa\"5QCce5nF#!66H726SJKC6pL_T78Nse7UQ3!7rSG3:]LJ!;%N^2;BPrC;_S1T<'UEe<DWZ!<aYn2=)\\-D?iU02@1WDC@NYXT@k[leA3^,!AP`@2AmbTCB5dhUDu]kCE=`*TEZb>eF\"dS!F?fg2F\\i&CG$k:TGAmNfJ,fQTJIheeJfk%!K.m92KKoMCKhqaTL0sueLN!5\"O8o7eOUqL!Ors`2P:utCPX#3TPu%GeQ='\\!QZ)p3TE\"s!Tb%22U*'FCUG)ZTUd+neV,..!VI0B2Vf2VDYQ+Y2Yn-mCZ60,TZS2@eZp4U![86i2[U9(C[r;<U^]4?C_%6ST_B8ge__;'!`'=;2`D?OC`aAcTa)D\"fci=%Td1?9edNAN!dkCb2e3F!CePH5TemJIef5L^\"huE`ei=Gu!iZJ42j\"LHCj?N\\Tj\\Ppek$S0!kAUD3n,NG!nIP[2nfRoCo.U.ToKWBeohYW!p0[k2pM^*?$#O*mATDKnCi]UW!!)O2!!!$*Ec6&.FD5Z2z$O:0a@W,skEs;UE!!)fc!'iO<!.b\"I!(?bZ!/.ko!)30s!!ipCD/\")jBk1d@DZKi&#RPQdA7\\\\XCh[D\\!!EQ<F(o/r6#:CVF*(?!Ch[D\\!!EH3@VfsmCJJ;TAI)(?CER\\7@:B3","2114566":"!<d@[F*R-!#64c-E,TfC\"TSN&!<d@[F*\\qT#64o6@VfsmCI<#NAIW-_Bldj%ARo7dDe!Pj$Zg3(G@Pc)DeWa'\"98E%nF/XBE&;b=['Y/[I.VU_$P@#lDfor.;f6Mt6ZljVBk2:8z#_2mT$'5,e$D7A!$a9U2%);iC%F>(T%c@<e&+BQ\"(k;Se)3=h!)P@'2)mB;C*5DOT*RFce*oI#!+7K73.\"D:!.?FN2.\\HbC/$K!T/AM5e/^OJ!0&Q^20CSrD3.Lu23KO4C3hQHT40S\\e4MUq!4jX0252ZDC5O\\XU8:U[C8WWoT8tZ.e9<\\C!9Y^W2:!`kC:>c*T:[e>f=F^AT=c`Ue>+bj!>He)2>eg=C?-iQT?Jkee?gn%\"BRg'eBoi<!C7kP2CTmdCCqp#TD9r7eDVtL!Dt!`3G^oc!H&r\"2HCt6CHa!JTI)#^eIF%s!Ic(22J+*FDLk#I2M3%]CMP'qTMm*0eN5,E!NR.Y2No0mCO73,UR\",/CR?.CTR\\0WeS$2l!SA5+2S^7?CT&9STTC;gfW.4jTWK7)eWh9>!X0;R2XM=fCXj@%TY2B9eYODN\"\\:=Pe\\W?e!\\tB$2]<D8C]YFLT^!H`e^>Ju!^[M43aFF7!acHK2b+J_CbHLsTbeO2ec-QG!cJS[2cgUoDfRNr2foQ1Cg7SETgTUYegqWn!h9Z-2hV\\AChs^UUk^WXCl&YlTlC\\+el`^@!m(`T2mEbhCmbe'Tn*g;fpj`>Tq2bReqOdg!qlg&2r4i:CrQkNTrnmbes6p!r$#O*mATDKnCi]UW!!)O2!!!$*Ec6&.FD5Z2z$O:0a@W,skEs2OD!!)LQ!!)Y4!'iAb!/._+!)3$/!!ipCD/\")jBk1d@DZKi&#RPQdA7\\\\XCh[D\\!!*?9F(o/r6#:CVF*(?!Ch[D\\!!*60@VfsmCJJ;TAI)(?CER\\7@:B3","3163142":"!<d@[F*R-!#64c-E,TfC\"onW'!<d@[F*\\qT#64o6@VfsmCI<#NAIW-_Bldj%ARo7dDe!Pj$Zg3(G@Pc)DeWa'\"98E%nF/XBn2,Up['Y/[r:GI=$P@#lDfor.;f6Mt6ZljVBk2:8z#_2mT$'5,e$D7A!$a9U2%);iC%F>(T%c@<e&+BQ\"(k;Se)3=h!)P@'2)mB;C*5DOT*RFce*oI#!+7K73.\"D:!.?FN2.\\HbC/$K!T/AM5e/^OJ!0&Q^20CSrD3.Lu23KO4C3hQHT40S\\e4MUq!4jX0252ZDC5O\\XU8:U[C8WWoT8tZ.e9<\\C!9Y^W2:!`kC:>c*T:[e>f=F^AT=c`Ue>+bj!>He)2>eg=C?-iQT?Jkee?gn%\"BRg'eBoi<!C7kP2CTmdCCqp#TD9r7eDVtL!Dt!`3G^oc!H&r\"2HCt6CHa!JTI)#^eIF%s!Ic(22J+*FDLk#I2M3%]CMP'qTMm*0eN5,E!NR.Y2No0mCO73,UR\",/CR?.CTR\\0WeS$2l!SA5+2S^7?CT&9STTC;gfW.4jTWK7)eWh9>!X0;R2XM=fCXj@%TY2B9eYODN\"\\:=Pe\\W?e!\\tB$2]<D8C]YFLT^!H`e^>Ju!^[M43aFF7!acHK2b+J_CbHLsTbeO2ec-QG!cJS[2cgUoDfRNr2foQ1Cg7SETgTUYegqWn!h9Z-2hV\\AChs^UUk^WXCl&YlTlC\\+el`^@!m(`T2mEbhCmbe'Tn*g;fpj`>Tq2bReqOdg!qlg&2r4i:CrQkNTrnmbes6p!r$#O*mATDKnCi]UW!!)O2!!!$*Ec6&.FD5Z2z$O:0a@W,skEs)IC!!)M8!5S(g!5LF@!6k(b!!ipCD/\")jBk1d@DZKi&#RPQdA7\\\\XCh[D\\!!*?9F(o/r6#:CVF*(?!Ch[D\\!!*60@VfsmCJJ;TAI)(?CER\\7@:B3","5256198":"!<d@[F*R-!#64c-E,TfC#QOi)!<d@[F*\\eP#64o6@VfsmCI<#NAJK'#Ch.Qp@r!Z6DfT]'Cb9OCEcbt!$#+:#ASuU.Ed7ZiEH>r7FE7Tc!!!3,F)5c:ErZ1?","5258246":"!<d@[F*R-!#64c-E,TfC#QOi)!<d@[F*\\kR#64o6@VfsmCI<#NAJK'#Ch.Qp@r!Z6DfT]'Cb9^HF`_:$$#+:#ASuU.Ed7ZiEH>r7FE7Tc!!!3,F)5c:ErZ1?","6304774":"!<d@[F*R-!#64c-E,TfC#ljr*!<d@[F*\\eP#64o6@VfsmCI<#NAIW-_Bldj%ARo7dDe!Pj$#O*mATDKnCi]UW!!'D.!!!$*Ec6&.FD5Z2z$O:0a@W,skErc7@!!)N_!!ipCD/\")jBk1d@DZKh<#RPQdA7\\\\XCh[D\\!$DOXF(o/r6#:CVF*(?!Ch[D\\!$DFO@VfsmCJJ;TAHtn?@<?0oEW?","6305798":"!<d@[F*R-!#64c-E,TfC#ljr*!<d@[F*\\hQ#64o6@VfsmCI<#NAIW-_Bldj%ARo7dDe!Pj$#O*mATDKnCi]UW!!'D.!!!$*Ec6&.FD5Z2z$O:0a@W,skErc7@!!)N_!!ipCD/\")jBk1d@DZKh<#RPQdA7\\\\XCh[D\\!$DOXF(o/r6#:CVF*(?!Ch[D\\!$DFO@VfsmCJJ;TAHtn?@<?0oEW?","6306822":"!<d@[F*R-!#64c-E,TfC#ljr*!<d@[F*\\kR#64o6@VfsmCI<#NAIW-_Bldj%ARo7dDe!Pj$#O*mATDKnCi]UW!!'D.!!!$*Ec6&.FD5Z2z$O:0a@W,skErc7@!!)N_!!ipCD/\")jBk1d@DZKh<#RPQdA7\\\\XCh[D\\!$DOXF(o/r6#:CVF*(?!Ch[D\\!$DFO@VfsmCJJ;TAHtn?@<?0oEW?","1055751":"!<d@[F*R0\"#64c-E,TfC\"98E%!<d@[F*\\SJ#64o6@VfsmCI<#NAIE*aEb03(F=h<CF9W%cDK]T/FDl2F!=!ObCi=E:#64`(\"pK'aDfg%*!AFKS!!!#i!rr<Dz#6?OZz1]dXW!<<*\"!!!!%&nZ9,DII$d<+TocATD4$F`M$n!2)UY%W,X!<+TocATD4$F`M$n!!!!%%W?B!6Z6mYBl7Q_Bl.D]!!!!%$taWnCdN8bDH(=eAH2]1!!EgL@<b7aASa\\UEc+ijD.N\\I!!!*:AU&<2DJ+*+F(f,q<,ZkeCe/JeEcV3\\z!!!<7@ps7HB5VF*AO^fRC]FSF@prk\\ARn8QAS_>H!!!!","2108423":"!<d@[F*R0\"#64c-E,TfC\"TSN&!<d@[F*\\_N#64o6@VfsmCI<#NAIW-_Bldj%ARo7dDe!Pj$Zg3(G@Pc)DeWa'\"98E%n2UFJ[!91_o_e^hq\"VT($P@#lDfor.;f6Mt6ZljVBk2:8zz!>#52![%IC\"#']T\"@)qe\"],1!#%.E2#B0YD&-)\\2&J+pC&g./T'/0Ce'L2X!'i4l2(17+C(N9?U+92BC+V4VT+s6je,;9*!,X;>2,u=RC-=?fT-ZB%f0E;(T0b=<e1*?Q!1GAe21dD$C2,F8T2IHLe2fJa\"5QCce5nF#!66H726SJKC6pL_T78Nse7UQ3!7rSG3:]LJ!;%N^2;BPrC;_S1T<'UEe<DWZ!<aYn2=)\\-D?iU02@1WDC@NYXT@k[leA3^,!AP`@2AmbTCB5dhUDu]kCE=`*TEZb>eF\"dS!F?fg2F\\i&CG$k:TGAmNfJ,fQTJIheeJfk%!K.m92KKoMCKhqaTL0sueLN!5\"O8o7eOUqL!Ors`2P:utCPX#3TPu%GeQ='\\!QZ)p3TE\"s!Tb%22U*'FCUG)ZTUd+neV,..!VI0B2Vf2VDYQ+Y2Yn-mCZ60,TZS2@eZp4U![86i2[U9(C[r;<U^]4?C_%6ST_B8ge__;'!`'=;2`D?OC`aAcTa)D\"fci=%Td1?9edNAN!dkCb2e3F!CePH5TemJIef5L^\"huE`ei=Gu!iZJ42j\"LHCj?N\\Tj\\Ppek$S0!kAUD3n,NG!nIP[2nfRoCo.U.ToKWBeohYW!p0[k2pM^*?$#O*mATDKnCi]UW!!)O2!!!$*Ec6&.FD5Z2z$O:0a@W,skEs2OD!!%EH!'ke@!5LS/!/S/b!6k6<!!ipCD/\")jBk1d@DZKh<#RPQdA7\\\\XCh[D\\!!!98F(o/r6#:CVF*(?!Ch[D\\!!!0/@VfsmCJJ;TAI)(?CER\\7@:B3","2114567":"!<d@[F*R0\"#64c-E,TfC\"TSN&!<d@[F*\\qT#64o6@VfsmCI<#NAIW-_Bldj%ARo7dDe!Pj$Zg3(G@Pc)DeWa'\"98E%nF/XBn2,UpZugWpq\"0%9$P@#lDfor.;f6Mt6ZljVBk2:8z#_2mT$'5,e$D7A!$a9U2%);iC%F>(T%c@<e&+BQ\"(k;Se)3=h!)P@'2)mB;C*5DOT*RFce*oI#!+7K73.\"D:!.?FN2.\\HbC/$K!T/AM5e/^OJ!0&Q^20CSrD3.Lu23KO4C3hQHT40S\\e4MUq!4jX0252ZDC5O\\XU8:U[C8WWoT8tZ.e9<\\C!9Y^W2:!`kC:>c*T:[e>f=F^AT=c`Ue>+bj!>He)2>eg=C?-iQT?Jkee?gn%\"BRg'eBoi<!C7kP2CTmdCCqp#TD9r7eDVtL!Dt!`3G^oc!H&r\"2HCt6CHa!JTI)#^eIF%s!Ic(22J+*FDLk#I2M3%]CMP'qTMm*0eN5,E!NR.Y2No0mCO73,UR\",/CR?.CTR\\0WeS$2l!SA5+2S^7?CT&9STTC;gfW.4jTWK7)eWh9>!X0;R2XM=fCXj@%TY2B9eYODN\"\\:=Pe\\W?e!\\tB$2]<D8C]YFLT^!H`e^>Ju!^[M43aFF7!acHK2b+J_CbHLsTbeO2ec-QG!cJS[2cgUoDfRNr2foQ1Cg7SETgTUYegqWn!h9Z-2hV\\AChs^UUk^WXCl&YlTlC\\+el`^@!m(`T2mEbhCmbe'Tn*g;fpj`>Tq2bReqOdg!qlg&2r4i:CrQkNTrnmbes6p!r$#O*mATDKnCi]UW!!)O2!!!$*Ec6&.FD5Z2z$O:0a@W,skEs;UE!!$t&!'kXQ!5LF@!/U,/!/S\"3!6k(b!!ipCD/\")jBk1d@DZKh<#RPQdA7\\\\XCh[D\\!!!98F(o/r6#:CVF*(?!Ch[D\\!!!0/@VfsmCJJ;TAI)(?CER\\7@:B3","3158023":"!<d@[F*R0\"#64c-E,TfC\"onW'!<d@[F*\\bO#64o6@VfsmCI<#NAJ/KhF`__:Eb/cjDf9E4BOu!l\"U&pmE+KqsDf9E4BOu\"'ATKM6Df9E4BOu!l/S9-AC]ju`DffE0AQSp4!!!-.D.Rd%6#L=OAH2]1!!EOIDffE0AQf'6!!!<3@rH1\"ARfgnA,lc<G%#E*@;^/iBOP^h\"U0!nE+Ld)!!","3159047":"!<d@[F*R0\"#64c-E,TfC\"onW'!<d@[F*\\eP#64o6@VfsmCI<#NAJ&rkDId[&BmO?2/T,KID..5b$#+:#ASuU.Ed7ZiEH>r7FE7ch!!!3,F)5c:EsD_\"!!*'\"!!<3$!!*'\"!!!6)0`V1R!!!i\\!!!$\"!!!!(!AXWT!!!!8,6.]Ez#6?U\\z'-dJW!<<*\"!!`N]z!+$lM!!*'\"!!!6)2#mUV!!%NW!!!$\"!!!0*FEqh:\"EJ'bA,li82?3^W!!)sC!!!$\"!!!0*FEqh:'k2*\"CNF0#Cj'B204Jj<CN+!(AMX;k!B0uZ!!!!'!!!!\"z#6?dazoE>3p!<<*\"!!`Nbz!;$Ep!!*'\"z$jU9U@;]RdEs_mI!!!\"l5l^nX5QCeW5QCeW5QCd,5l^n(5l^m-5l^oS5l^lbz!!!","4206599":"!<d@[F*R0\"#64c-E,TfC#64`(!<d@[F*\\bO#64o6@VfsmCI<#NAJ/KhF`__:Eb/cjDf9E4BOu!l\"U&pmE+KqsDf9E4BOu\"'ATKM6Df9E4BOu!l/S9-AC]ju`DffE0AQSp4!!!-.D.Rd%6#L=OA_Ra;^'\"[]DffE0AQf'6!!!<3@rH1\"ARfgnA,lc<G%#E*@;^/iBOP^h\"U0!nE+Ld)!!","4210695":"!<d@[F*R0\"#64c-E,TfC#64`(!<d@[F*\\nS#64o6@VfsmCI<#NAJ&rkDId[&BmO?2/T,KID..5b$#+:#ASuU.Ed7ZiEH>r7FE7ch!!!3,F)5c:EsD_\"z!*:BF!!*'\"!!!6)0`V1R!!'k\\!!!$\"!!!!(!AXWT!!!!s!<<*#z#6?U\\z?i^6-!<<*\"!!`N]z!<\"/C!!*'\"!!NLIH#R=\"@:EYTF`T8;#6?[^zOp:se!<<*\"!!`N_z!/CRT!!*'\"!!W^=Df0Z.DKKq)!AFKS!!!#d!!!\"0z!!!6)2ZNgX!!)ot!!!$\"!!!!(!B:&Z!!!#k\"TSN'z#6?gb!<<*\".f]PL!<<*\"\"qPfr@;^.#FD5Z2F*(i4AHNNSEb/[$ARnbYFCAuVDfp)ACFWeL,<1TH!u5W\\F*(E$A79RkA5mJh@;JJQF`MP*e.Wai6&Ru:$>+<iF(e*_F`MO(z^o0[1%s2i#DKBN6Bl@l[Dfp)A!<<*\"!!#8M$k[T%@;^.#FD5Z2ARn>MF`MO(!!!\"4$!][p!!!!-#@hFUDI[7!$31&+!!&ZW!!&ZW!!&ZW!!&ZW!!\"--!!\"--!!\"--!!\"--z!!\"--!!","5256199":"!<d@[F*R0\"#64c-E,TfC#QOi)!<d@[F*\\eP#64o6@VfsmCI<#NAJB!\"Ch.Qp@r!Z6DfT]'Cb94,F*%TmBl8**DKKf;Gl\\+hF)5c:Es2OD!!WUJCi=E:!!!!","5257223":"!<d@[F*R0\"#64c-E,TfC#QOi)!<d@[F*\\hQ#64o6@VfsmCI<#NAJB!\"Ch.Qp@r!Z6DfT]'Cb94,F*%TmBl8**DKKf;Gl\\+hF)5c:Es2OD!!WUJCi=E:!!!!","5258247":"!<d@[F*R0\"#64c-E,TfC#QOi)!<d@[F*\\kR#64o6@VfsmCI<#NAJB!\"Ch.Qp@r!Z6DfT]'Cb94,F*%TmBl8**DKKf;Gl\\+hF)5c:Es2OD!!WUJCi=E:!!!!","1049608":"!<d@[F*R3##64c-E,TfC\"98E%!<d@[F*\\AD#64o6@VfsmCI<#NAIW-_Bldj%ARo7dDe!Pj$Zg3(G@Pc)DeWa'!rr<$o%'E5p5iV]p6u!]$P@#lDfor.;f6Mt6ZljVBk2:Xzz!>#52![%IC\"#']T\"@)qe\"],1!#%.E2#B0YC#_2mT$'5,e$D7A!$a9U2%);iC%F>(T%c@<e&+BQ\"&-)\\2&J+pC&g./T'/0Ce'L2X!'i4l2(17+C(N9?T(k;Se)3=h!)P@'2)mB;C*5DOT*RFce*oI#!+7K73+92BC+V4VT+s6je,;9*!,X;>2,u=RC.\\HbC/$K!T/AM5e/^OJ!0&Q^20CSrD0E;(T0b=<e1*?Q!1GAe21dD$C2,F8T3hQHT40S\\e4MUq!4jX0252ZDC5O\\XU5QCce5nF#!66H726SJKC6pL_T78Nse8tZ.e9<\\C!9Y^W2:!`kC:>c*T:[e>f:]LJ!;%N^2;BPrC;_S1T<'UEe<DWZ!>+bj!>He)2>eg=C?-iQT?Jkee?gn%&TE\"s!Tb%22U*'FCUG)ZTUd+neV,..!Wh9>!X0;R2XM=fCXj@%TY2B9eYODN\"YQ+Y2Yn-mCZ60,TZS2@eZp4U![86i2\\tB$2]<D8C]YFLT^!H`e^>Ju!^[M43^]4?C_%6ST_B8ge__;'!`'=;2`D?OCb+J_CbHLsTbeO2ec-QG!cJS[2cgUoDci=%Td1?9edNAN!dkCb2e3F!CePH5Tg7SETgTUYegqWn!h9Z-2hV\\AChs^UUhuE`ei=Gu!iZJ42j\"LHCj?N\\Tj\\Ppek$S0!kAUD2k^WXCl&YlTlC\\+el`^@!m(`T2mEbhCmbe'Tn*g;fn,NG!nIP[2nfRoCo.U.ToKWBeohYW!p0[k2pM^*Cpj`>Tq2bReqOdg!qlg&2r4i:CrQkNTrnmbes6p!r$#O*mATDKnCi]XX!!#P7!!):&!!!$*Ec6&.FD5Z2z$O:0a@W,skEsVgH!9.%O!Riue!45dt!MuZ^!OfG+!QL6$!6VaB!Sk_T!:8:/!=0$DD/\")jBk1d@DZKh<#RPQdA7\\\\XCh[D\\!!!98F(o/r6#:CVF*(?!Ch[D\\!!!0/@VfsmCJJ;TAJSoeD.Pb;Ci<g!/SAX4ATDKpGAhD1!!","1050632":"!<d@[F*R3##64c-E,TfC\"98E%!<d@[F*\\DE#64o6@VfsmCI<#NAIW-_Bldj%ARo7dDe!Pj$Zg3(G@Pc)DeWa'!<<*\"p5o:S$P@#lDfor.;f6Mt6ZljVBk2;#zz!>#52![%IC\"#']T\"@)qe\"],1!#%.E2#B0YC#_2mT$'5,e$D7A!$a9U2%);iC%F>(T%c@<e&+BQ\"&-)\\2&J+pC&g./T'/0Ce'L2X!'i4l2(17+C(N9?T(k;Se)3=h!)P@'2)mB;C*5DOT*RFce*oI#!+7K73+92BC+V4VT+s6je,;9*!,X;>2,u=RC-=?fT-ZB%e.\"D:!.?FN2.\\HbC/$K!T/AM5e/^OJ!0&Q^20CSrD0E;(T0b=<e1*?Q!1GAe21dD$C2,F8T2IHLe2fJa!3.Lu23KO4C3hQHT40S\\e4MUq!4jX0252ZDC5O\\XU5QCce5nF#!66H726SJKC6pL_T78Nse7UQ3!7rSG28:U[C8WWoT8tZ.e9<\\C!9Y^W2:!`kC:>c*T:[e>f:]LJ!;%N^2;BPrC;_S1T<'UEe<DWZ!<aYn2=)\\-C=F^AT=c`Ue>+bj!>He)2>eg=C?-iQT?Jkee?gn%&TE\"s!Tb%22U*'FCUG)ZTUd+neV,..!VI0B2Vf2VCW.4jTWK7)eWh9>!X0;R2XM=fCXj@%TY2B9eYODN\"YQ+Y2Yn-mCZ60,TZS2@eZp4U![86i2[U9(C[r;<T\\:=Pe\\W?e!\\tB$2]<D8C]YFLT^!H`e^>Ju!^[M43^]4?C_%6ST_B8ge__;'!`'=;2`D?OC`aAcTa)D\"eaFF7!acHK2b+J_CbHLsTbeO2ec-QG!cJS[2cgUoDci=%Td1?9edNAN!dkCb2e3F!CePH5TemJIef5L^!fRNr2foQ1Cg7SETgTUYegqWn!h9Z-2hV\\AChs^UUhuE`ei=Gu!iZJ42j\"LHCj?N\\Tj\\Ppek$S0!kAUD2k^WXCl&YlTlC\\+el`^@!m(`T2mEbhCmbe'Tn*g;fn,NG!nIP[2nfRoCo.U.ToKWBeohYW!p0[k2pM^*Cpj`>Tq2bReqOdg!qlg&2r4i:CrQkNTrnmbes6p!r$#O*mATDKnCi]UW!!#P7!!!$*Ec6&.FD5Z2z$O:0a@W,skErc7@!61-#!!ipCD/\")jBk1d@DZKh<#RPQdA7\\\\XCh[D\\!!!98F(o/r6#:CVF*(?!Ch[D\\!!!0/@VfsmCJJ;TAJSoeD.Pb;Ci<g!/SAX4ATDKpGAhD1!!","1051656":"!<d@[F*R3##64c-E,TfC\"98E%!<d@[F*\\GF#64o6@VfsmCI<#NAIW-_Bldj%ARo7dDe!Pj$Zg3(G@Pc)DeWa'!rr<$o%'E5p5iV]p6u!]$P@#lDfor.;f6Mt6ZljVBk2:Xzz!>#52![%IC\"#']T\"@)qe\"],1!#%.E2#B0YC#_2mT$'5,e$D7A!$a9U2%);iC%F>(T%c@<e&+BQ\"&-)\\2&J+pC&g./T'/0Ce'L2X!'i4l2(17+C(N9?T(k;Se)3=h!)P@'2)mB;C*5DOT*RFce*oI#!+7K73+92BC+V4VT+s6je,;9*!,X;>2,u=RC.\\HbC/$K!T/AM5e/^OJ!0&Q^20CSrD0E;(T0b=<e1*?Q!1GAe21dD$C2,F8T3hQHT40S\\e4MUq!4jX0252ZDC5O\\XU5QCce5nF#!66H726SJKC6pL_T78Nse8tZ.e9<\\C!9Y^W2:!`kC:>c*T:[e>f:]LJ!;%N^2;BPrC;_S1T<'UEe<DWZ!>+bj!>He)2>eg=C?-iQT?Jkee?gn%&TE\"s!Tb%22U*'FCUG)ZTUd+neV,..!Wh9>!X0;R2XM=fCXj@%TY2B9eYODN\"YQ+Y2Yn-mCZ60,TZS2@eZp4U![86i2\\tB$2]<D8C]YFLT^!H`e^>Ju!^[M43^]4?C_%6ST_B8ge__;'!`'=;2`D?OCb+J_CbHLsTbeO2ec-QG!cJS[2cgUoDci=%Td1?9edNAN!dkCb2e3F!CePH5Tg7SETgTUYegqWn!h9Z-2hV\\AChs^UUhuE`ei=Gu!iZJ42j\"LHCj?N\\Tj\\Ppek$S0!kAUD2k^WXCl&YlTlC\\+el`^@!m(`T2mEbhCmbe'Tn*g;fn,NG!nIP[2nfRoCo.U.ToKWBeohYW!p0[k2pM^*Cpj`>Tq2bReqOdg!qlg&2r4i:CrQkNTrnmbes6p!r$#O*mATDKnCi]XX!!#P7!!):&!!!$*Ec6&.FD5Z2z$O:0a@W,skEsVgH!9.%O!Riue!45dt!MuZ^!OfG+!QL6$!6VaB!Sk_T!:8:/!=0$DD/\")jBk1d@DZKh<#RPQdA7\\\\XCh[D\\!!!98F(o/r6#:CVF*(?!Ch[D\\!!!0/@VfsmCJJ;TAJSoeD.Pb;Ci<g!/SAX4ATDKpGAhD1!!","1060872":"!<d@[F*R3##64c-E,TfC\"98E%!<d@[F*\\bO#64o6@VfsmCI<#NAIW-_Bldj%ARo7dDe!Pj$Zg3(G@Pc)DeWa'!rr<$o%'E5p5iV]p6u!]$P@#lDfor.;f6Mt6ZljVBk2:Xzz!>#52![%IC\"#']T\"@)qe\"],1!#%.E2#B0YC#_2mT$'5,e$D7A!$a9U2%);iC%F>(T%c@<e&+BQ\"&-)\\2&J+pC&g./T'/0Ce'L2X!'i4l2(17+C(N9?T(k;Se)3=h!)P@'2)mB;C*5DOT*RFce*oI#!+7K73+92BC+V4VT+s6je,;9*!,X;>2,u=RC.\\HbC/$K!T/AM5e/^OJ!0&Q^20CSrD0E;(T0b=<e1*?Q!1GAe21dD$C2,F8T3hQHT40S\\e4MUq!4jX0252ZDC5O\\XU5QCce5nF#!66H726SJKC6pL_T78Nse8tZ.e9<\\C!9Y^W2:!`kC:>c*T:[e>f:]LJ!;%N^2;BPrC;_S1T<'UEe<DWZ!>+bj!>He)2>eg=C?-iQT?Jkee?gn%&TE\"s!Tb%22U*'FCUG)ZTUd+neV,..!Wh9>!X0;R2XM=fCXj@%TY2B9eYODN\"YQ+Y2Yn-mCZ60,TZS2@eZp4U![86i2\\tB$2]<D8C]YFLT^!H`e^>Ju!^[M43^]4?C_%6ST_B8ge__;'!`'=;2`D?OCb+J_CbHLsTbeO2ec-QG!cJS[2cgUoDci=%Td1?9edNAN!dkCb2e3F!CePH5Tg7SETgTUYegqWn!h9Z-2hV\\AChs^UUhuE`ei=Gu!iZJ42j\"LHCj?N\\Tj\\Ppek$S0!kAUD2k^WXCl&YlTlC\\+el`^@!m(`T2mEbhCmbe'Tn*g;fn,NG!nIP[2nfRoCo.U.ToKWBeohYW!p0[k2pM^*Cpj`>Tq2bReqOdg!qlg&2r4i:CrQkNTrnmbes6p!r$#O*mATDKnCi]XX!!#P7!!):&!!!$*Ec6&.FD5Z2z$O:0a@W,skEsVgH!9.%O!Riue!45dt!MuZ^!OfG+!QL6$!6VaB!Sk_T!:8:/!=0$DD/\")jBk1d@DZKh<#RPQdA7\\\\XCh[D\\!!!98F(o/r6#:CVF*(?!Ch[D\\!!!0/@VfsmCJJ;TAJSoeD.Pb;Ci<g!/SAX4ATDKpGAhD1!!","1061896":"!<d@[F*R3##64c-E,TfC\"98E%!<d@[F*\\eP#64o6@VfsmCI<#NAIW-_Bldj%ARo7dDe!Pj$Zg3(G@Pc)DeWa'!<<*\"p5o:S$P@#lDfor.;f6Mt6ZljVBk2;#zz!>#52![%IC\"#']T\"@)qe\"],1!#%.E2#B0YC#_2mT$'5,e$D7A!$a9U2%);iC%F>(T%c@<e&+BQ\"&-)\\2&J+pC&g./T'/0Ce'L2X!'i4l2(17+C(N9?T(k;Se)3=h!)P@'2)mB;C*5DOT*RFce*oI#!+7K73+92BC+V4VT+s6je,;9*!,X;>2,u=RC-=?fT-ZB%e.\"D:!.?FN2.\\HbC/$K!T/AM5e/^OJ!0&Q^20CSrD0E;(T0b=<e1*?Q!1GAe21dD$C2,F8T2IHLe2fJa!3.Lu23KO4C3hQHT40S\\e4MUq!4jX0252ZDC5O\\XU5QCce5nF#!66H726SJKC6pL_T78Nse7UQ3!7rSG28:U[C8WWoT8tZ.e9<\\C!9Y^W2:!`kC:>c*T:[e>f:]LJ!;%N^2;BPrC;_S1T<'UEe<DWZ!<aYn2=)\\-C=F^AT=c`Ue>+bj!>He)2>eg=C?-iQT?Jkee?gn%&TE\"s!Tb%22U*'FCUG)ZTUd+neV,..!VI0B2Vf2VCW.4jTWK7)eWh9>!X0;R2XM=fCXj@%TY2B9eYODN\"YQ+Y2Yn-mCZ60,TZS2@eZp4U![86i2[U9(C[r;<T\\:=Pe\\W?e!\\tB$2]<D8C]YFLT^!H`e^>Ju!^[M43^]4?C_%6ST_B8ge__;'!`'=;2`D?OC`aAcTa)D\"eaFF7!acHK2b+J_CbHLsTbeO2ec-QG!cJS[2cgUoDci=%Td1?9edNAN!dkCb2e3F!CePH5TemJIef5L^!fRNr2foQ1Cg7SETgTUYegqWn!h9Z-2hV\\AChs^UUhuE`ei=Gu!iZJ42j\"LHCj?N\\Tj\\Ppek$S0!kAUD2k^WXCl&YlTlC\\+el`^@!m(`T2mEbhCmbe'Tn*g;fn,NG!nIP[2nfRoCo.U.ToKWBeohYW!p0[k2pM^*Cpj`>Tq2bReqOdg!qlg&2r4i:CrQkNTrnmbes6p!r$#O*mATDKnCi]UW!!#P7!!!$*Ec6&.FD5Z2z$O:0a@W,skErc7@!61-#!!ipCD/\")jBk1d@DZKh<#RPQdA7\\\\XCh[D\\!!!98F(o/r6#:CVF*(?!Ch[D\\!!!0/@VfsmCJJ;TAJSoeD.Pb;Ci<g!/SAX4ATDKpGAhD1!!","1062920":"!<d@[F*R3##64c-E,TfC\"98E%!<d@[F*\\hQ#64o6@VfsmCI<#NAIW-_Bldj%ARo7dDe!Pj$Zg3(G@Pc)DeWa'!<<*\"p5o:S$P@#lDfor.;f6Mt6ZljVBk2;#zz!>#52![%IC\"#']T\"@)qe\"],1!#%.E2#B0YC#_2mT$'5,e$D7A!$a9U2%);iC%F>(T%c@<e&+BQ\"&-)\\2&J+pC&g./T'/0Ce'L2X!'i4l2(17+C(N9?T(k;Se)3=h!)P@'2)mB;C*5DOT*RFce*oI#!+7K73+92BC+V4VT+s6je,;9*!,X;>2,u=RC-=?fT-ZB%e.\"D:!.?FN2.\\HbC/$K!T/AM5e/^OJ!0&Q^20CSrD0E;(T0b=<e1*?Q!1GAe21dD$C2,F8T2IHLe2fJa!3.Lu23KO4C3hQHT40S\\e4MUq!4jX0252ZDC5O\\XU5QCce5nF#!66H726SJKC6pL_T78Nse7UQ3!7rSG28:U[C8WWoT8tZ.e9<\\C!9Y^W2:!`kC:>c*T:[e>f:]LJ!;%N^2;BPrC;_S1T<'UEe<DWZ!<aYn2=)\\-C=F^AT=c`Ue>+bj!>He)2>eg=C?-iQT?Jkee?gn%&TE\"s!Tb%22U*'FCUG)ZTUd+neV,..!VI0B2Vf2VCW.4jTWK7)eWh9>!X0;R2XM=fCXj@%TY2B9eYODN\"YQ+Y2Yn-mCZ60,TZS2@eZp4U![86i2[U9(C[r;<T\\:=Pe\\W?e!\\tB$2]<D8C]YFLT^!H`e^>Ju!^[M43^]4?C_%6ST_B8ge__;'!`'=;2`D?OC`aAcTa)D\"eaFF7!acHK2b+J_CbHLsTbeO2ec-QG!cJS[2cgUoDci=%Td1?9edNAN!dkCb2e3F!CePH5TemJIef5L^!fRNr2foQ1Cg7SETgTUYegqWn!h9Z-2hV\\AChs^UUhuE`ei=Gu!iZJ42j\"LHCj?N\\Tj\\Ppek$S0!kAUD2k^WXCl&YlTlC\\+el`^@!m(`T2mEbhCmbe'Tn*g;fn,NG!nIP[2nfRoCo.U.ToKWBeohYW!p0[k2pM^*Cpj`>Tq2bReqOdg!qlg&2r4i:CrQkNTrnmbes6p!r$#O*mATDKnCi]UW!!#P7!!!$*Ec6&.FD5Z2z$O:0a@W,skErc7@!61-#!!ipCD/\")jBk1d@DZKh<#RPQdA7\\\\XCh[D\\!!!98F(o/r6#:CVF*(?!Ch[D\\!!!0/@VfsmCJJ;TAJSoeD.Pb;Ci<g!/SAX4ATDKpGAhD1!!","1063944":"!<d@[F*R3##64c-E,TfC\"98E%!<d@[F*\\kR#64o6@VfsmCI<#NAIW-_Bldj%ARo7dDe!Pj$Zg3(G@Pc)DeWa'!<<*\"p5o:S$P@#lDfor.;f6Mt6ZljVBk2;#zz!>#52![%IC\"#']T\"@)qe\"],1!#%.E2#B0YC#_2mT$'5,e$D7A!$a9U2%);iC%F>(T%c@<e&+BQ\"&-)\\2&J+pC&g./T'/0Ce'L2X!'i4l2(17+C(N9?T(k;Se)3=h!)P@'2)mB;C*5DOT*RFce*oI#!+7K73+92BC+V4VT+s6je,;9*!,X;>2,u=RC-=?fT-ZB%e.\"D:!.?FN2.\\HbC/$K!T/AM5e/^OJ!0&Q^20CSrD0E;(T0b=<e1*?Q!1GAe21dD$C2,F8T2IHLe2fJa!3.Lu23KO4C3hQHT40S\\e4MUq!4jX0252ZDC5O\\XU5QCce5nF#!66H726SJKC6pL_T78Nse7UQ3!7rSG28:U[C8WWoT8tZ.e9<\\C!9Y^W2:!`kC:>c*T:[e>f:]LJ!;%N^2;BPrC;_S1T<'UEe<DWZ!<aYn2=)\\-C=F^AT=c`Ue>+bj!>He)2>eg=C?-iQT?Jkee?gn%&TE\"s!Tb%22U*'FCUG)ZTUd+neV,..!VI0B2Vf2VCW.4jTWK7)eWh9>!X0;R2XM=fCXj@%TY2B9eYODN\"YQ+Y2Yn-mCZ60,TZS2@eZp4U![86i2[U9(C[r;<T\\:=Pe\\W?e!\\tB$2]<D8C]YFLT^!H`e^>Ju!^[M43^]4?C_%6ST_B8ge__;'!`'=;2`D?OC`aAcTa)D\"eaFF7!acHK2b+J_CbHLsTbeO2ec-QG!cJS[2cgUoDci=%Td1?9edNAN!dkCb2e3F!CePH5TemJIef5L^!fRNr2foQ1Cg7SETgTUYegqWn!h9Z-2hV\\AChs^UUhuE`ei=Gu!iZJ42j\"LHCj?N\\Tj\\Ppek$S0!kAUD2k^WXCl&YlTlC\\+el`^@!m(`T2mEbhCmbe'Tn*g;fn,NG!nIP[2nfRoCo.U.ToKWBeohYW!p0[k2pM^*Cpj`>Tq2bReqOdg!qlg&2r4i:CrQkNTrnmbes6p!r$#O*mATDKnCi]UW!!#P7!!!$*Ec6&.FD5Z2z$O:0a@W,skErc7@!61-#!!ipCD/\")jBk1d@DZKh<#RPQdA7\\\\XCh[D\\!!!98F(o/r6#:CVF*(?!Ch[D\\!!!0/@VfsmCJJ;TAJSoeD.Pb;Ci<g!/SAX4ATDKpGAhD1!!","1064968":"!<d@[F*R3##64c-E,TfC\"98E%!<d@[F*\\nS#64o6@VfsmCI<#NAIW-_Bldj%ARo7dDe!Pj$Zg3(G@Pc)DeWa'!rr<$o%'E5p5iV]p6u!]$P@#lDfor.;f6Mt6ZljVBk2:Xzz!>#52![%IC\"#']T\"@)qe\"],1!#%.E2#B0YC#_2mT$'5,e$D7A!$a9U2%);iC%F>(T%c@<e&+BQ\"&-)\\2&J+pC&g./T'/0Ce'L2X!'i4l2(17+C(N9?T(k;Se)3=h!)P@'2)mB;C*5DOT*RFce*oI#!+7K73+92BC+V4VT+s6je,;9*!,X;>2,u=RC.\\HbC/$K!T/AM5e/^OJ!0&Q^20CSrD0E;(T0b=<e1*?Q!1GAe21dD$C2,F8T3hQHT40S\\e4MUq!4jX0252ZDC5O\\XU5QCce5nF#!66H726SJKC6pL_T78Nse8tZ.e9<\\C!9Y^W2:!`kC:>c*T:[e>f:]LJ!;%N^2;BPrC;_S1T<'UEe<DWZ!>+bj!>He)2>eg=C?-iQT?Jkee?gn%&TE\"s!Tb%22U*'FCUG)ZTUd+neV,..!Wh9>!X0;R2XM=fCXj@%TY2B9eYODN\"YQ+Y2Yn-mCZ60,TZS2@eZp4U![86i2\\tB$2]<D8C]YFLT^!H`e^>Ju!^[M43^]4?C_%6ST_B8ge__;'!`'=;2`D?OCb+J_CbHLsTbeO2ec-QG!cJS[2cgUoDci=%Td1?9edNAN!dkCb2e3F!CePH5Tg7SETgTUYegqWn!h9Z-2hV\\AChs^UUhuE`ei=Gu!iZJ42j\"LHCj?N\\Tj\\Ppek$S0!kAUD2k^WXCl&YlTlC\\+el`^@!m(`T2mEbhCmbe'Tn*g;fn,NG!nIP[2nfRoCo.U.ToKWBeohYW!p0[k2pM^*Cpj`>Tq2bReqOdg!qlg&2r4i:CrQkNTrnmbes6p!r$#O*mATDKnCi]XX!!#P7!!):&!!!$*Ec6&.FD5Z2z$O:0a@W,skEsVgH!9.%O!Riue!45dt!MuZ^!OfG+!QL6$!6VaB!Sk_T!:8:/!=0$DD/\")jBk1d@DZKh<#RPQdA7\\\\XCh[D\\!!!98F(o/r6#:CVF*(?!Ch[D\\!!!0/@VfsmCJJ;TAJSoeD.Pb;Ci<g!/SAX4ATDKpGAhD1!!","3145736":"!<d@[F*R3##64c-E,TfC\"onW'!<d@[F*\\>C#64o6@VfsmCI<#NAIW-_Bldj%ARo7dDe!Pj$Zg3(G@Pc)DeWa'!WW3#E-V*Wq\"Xjh$P@#lDfor.;f6Mt6ZljVBk2:8zz!>#52![%IC\"#']T\"@)qe\"],1!#%.E2#B0YD&-)\\2&J+pC&g./T'/0Ce'L2X!'i4l2(17+C(N9?U+92BC+V4VT+s6je,;9*!,X;>2,u=RC-=?fT-ZB%f0E;(T0b=<e1*?Q!1GAe21dD$C2,F8T2IHLe2fJa\"5QCce5nF#!66H726SJKC6pL_T78Nse7UQ3!7rSG3:]LJ!;%N^2;BPrC;_S1T<'UEe<DWZ!<aYn2=)\\-D?iU02@1WDC@NYXT@k[leA3^,!AP`@2AmbTCB5dhUDu]kCE=`*TEZb>eF\"dS!F?fg2F\\i&CG$k:TGAmNfJ,fQTJIheeJfk%!K.m92KKoMCKhqaTL0sueLN!5\"O8o7eOUqL!Ors`2P:utCPX#3TPu%GeQ='\\!QZ)p3TE\"s!Tb%22U*'FCUG)ZTUd+neV,..!VI0B2Vf2VDYQ+Y2Yn-mCZ60,TZS2@eZp4U![86i2[U9(C[r;<U^]4?C_%6ST_B8ge__;'!`'=;2`D?OC`aAcTa)D\"fci=%Td1?9edNAN!dkCb2e3F!CePH5TemJIef5L^\"huE`ei=Gu!iZJ42j\"LHCj?N\\Tj\\Ppek$S0!kAUD3n,NG!nIP[2nfRoCo.U.ToKWBeohYW!p0[k2pM^*?$#O*mATDKnCi]UW!!!BL!!!$*Ec6&.FD5Z2z$O:0a@W,skErl=A!!)fg!/UFM!!ipCD/\")jBk1d@DZKh<#RPQdA7\\\\XCh[D\\!!!98F(o/r6#:CVF*(?!Ch[D\\!!!0/@VfsmCJJ;TAI)(?CER\\7@:B3","3149832":"!<d@[F*R3##64c-E,TfC\"onW'!<d@[F*\\JG#64o6@VfsmCI<#NAIW-_Bldj%ARo7dDe!Pj$Zg3(G@Pc)DeWa'!WW3#E,^\"$q!`b5$P@#lDfor.;f6Mt6ZljVBk2:8z#_2mT$'5,e$D7A!$a9U2%);iC%F>(T%c@<e&+BQ\"(k;Se)3=h!)P@'2)mB;C*5DOT*RFce*oI#!+7K73.\"D:!.?FN2.\\HbC/$K!T/AM5e/^OJ!0&Q^20CSrD3.Lu23KO4C3hQHT40S\\e4MUq!4jX0252ZDC5O\\XU8:U[C8WWoT8tZ.e9<\\C!9Y^W2:!`kC:>c*T:[e>f=F^AT=c`Ue>+bj!>He)2>eg=C?-iQT?Jkee?gn%\"BRg'eBoi<!C7kP2CTmdCCqp#TD9r7eDVtL!Dt!`3G^oc!H&r\"2HCt6CHa!JTI)#^eIF%s!Ic(22J+*FDLk#I2M3%]CMP'qTMm*0eN5,E!NR.Y2No0mCO73,UR\",/CR?.CTR\\0WeS$2l!SA5+2S^7?CT&9STTC;gfW.4jTWK7)eWh9>!X0;R2XM=fCXj@%TY2B9eYODN\"\\:=Pe\\W?e!\\tB$2]<D8C]YFLT^!H`e^>Ju!^[M43aFF7!acHK2b+J_CbHLsTbeO2ec-QG!cJS[2cgUoDfRNr2foQ1Cg7SETgTUYegqWn!h9Z-2hV\\AChs^UUk^WXCl&YlTlC\\+el`^@!m(`T2mEbhCmbe'Tn*g;fpj`>Tq2bReqOdg!qlg&2r4i:CrQkNTrnmbes6p!r$#O*mATDKnCi]UW!!)O2!!!$*Ec6&.FD5Z2z$O:0a@W,skErl=A!!)M4!/U,o!!ipCD/\")jBk1d@DZKh<#RPQdA7\\\\XCh[D\\!!!98F(o/r6#:CVF*(?!Ch[D\\!!!0/@VfsmCJJ;TAI)(?CER\\7@:B3","3157000":"!<d@[F*R3##64c-E,TfC\"onW'!<d@[F*\\_N#64o6@VfsmCI<#NAIW-_Bldj%ARo7dDe!Pj$Zg3(G@Pc)DeWa'!WW3#n9Fs5Gkh\"5$P@#lDfor.;f6Mt6ZljVBk2:8zz!>#52![%IC\"#']T\"@)qe\"],1!#%.E2#B0YD&-)\\2&J+pC&g./T'/0Ce'L2X!'i4l2(17+C(N9?U+92BC+V4VT+s6je,;9*!,X;>2,u=RC-=?fT-ZB%f0E;(T0b=<e1*?Q!1GAe21dD$C2,F8T2IHLe2fJa\"5QCce5nF#!66H726SJKC6pL_T78Nse7UQ3!7rSG3:]LJ!;%N^2;BPrC;_S1T<'UEe<DWZ!<aYn2=)\\-D?iU02@1WDC@NYXT@k[leA3^,!AP`@2AmbTCB5dhUDu]kCE=`*TEZb>eF\"dS!F?fg2F\\i&CG$k:TGAmNfJ,fQTJIheeJfk%!K.m92KKoMCKhqaTL0sueLN!5\"O8o7eOUqL!Ors`2P:utCPX#3TPu%GeQ='\\!QZ)p3TE\"s!Tb%22U*'FCUG)ZTUd+neV,..!VI0B2Vf2VDYQ+Y2Yn-mCZ60,TZS2@eZp4U![86i2[U9(C[r;<U^]4?C_%6ST_B8ge__;'!`'=;2`D?OC`aAcTa)D\"fci=%Td1?9edNAN!dkCb2e3F!CePH5TemJIef5L^\"huE`ei=Gu!iZJ42j\"LHCj?N\\Tj\\Ppek$S0!kAUD3n,NG!nIP[2nfRoCo.U.ToKWBeohYW!p0[k2pM^*?$#O*mATDKnCi]UW!!!BL!!!$*Ec6&.FD5Z2z$O:0a@W,skErl=A!!)fg!.]=o!!ipCD/\")jBk1d@DZKh<#RPQdA7\\\\XCh[D\\!!!98F(o/r6#:CVF*(?!Ch[D\\!!!0/@VfsmCJJ;TAI)(?CER\\7@:B3","3163144":"!<d@[F*R3##64c-E,TfC\"onW'!<d@[F*\\qT#64o6@VfsmCI<#NAIW-_Bldj%ARo7dDe!Pj$Zg3(G@Pc)DeWa'!WW3#n8NjWGjonW$P@#lDfor.;f6Mt6ZljVBk2:8z#_2mT$'5,e$D7A!$a9U2%);iC%F>(T%c@<e&+BQ\"(k;Se)3=h!)P@'2)mB;C*5DOT*RFce*oI#!+7K73.\"D:!.?FN2.\\HbC/$K!T/AM5e/^OJ!0&Q^20CSrD3.Lu23KO4C3hQHT40S\\e4MUq!4jX0252ZDC5O\\XU8:U[C8WWoT8tZ.e9<\\C!9Y^W2:!`kC:>c*T:[e>f=F^AT=c`Ue>+bj!>He)2>eg=C?-iQT?Jkee?gn%\"BRg'eBoi<!C7kP2CTmdCCqp#TD9r7eDVtL!Dt!`3G^oc!H&r\"2HCt6CHa!JTI)#^eIF%s!Ic(22J+*FDLk#I2M3%]CMP'qTMm*0eN5,E!NR.Y2No0mCO73,UR\",/CR?.CTR\\0WeS$2l!SA5+2S^7?CT&9STTC;gfW.4jTWK7)eWh9>!X0;R2XM=fCXj@%TY2B9eYODN\"\\:=Pe\\W?e!\\tB$2]<D8C]YFLT^!H`e^>Ju!^[M43aFF7!acHK2b+J_CbHLsTbeO2ec-QG!cJS[2cgUoDfRNr2foQ1Cg7SETgTUYegqWn!h9Z-2hV\\AChs^UUk^WXCl&YlTlC\\+el`^@!m(`T2mEbhCmbe'Tn*g;fpj`>Tq2bReqOdg!qlg&2r4i:CrQkNTrnmbes6p!r$#O*mATDKnCi]UW!!)O2!!!$*Ec6&.FD5Z2z$O:0a@W,skErl=A!!)M4!.]$<!!ipCD/\")jBk1d@DZKh<#RPQdA7\\\\XCh[D\\!!!98F(o/r6#:CVF*(?!Ch[D\\!!!0/@VfsmCJJ;TAI)(?CER\\7@:B3","4194312":"!<d@[F*R3##64c-E,TfC#64`(!<d@[F*\\>C#64o6@VfsmCI<#NAIW-_Bldj%ARo7dDe!Pj$Zg3(G@Pc)DeWa'!<<*\"nG*\"`$P@#lDfor.;f6Mt6ZljVBk2:8zz!>#52![%IC\"#']T\"@)qe\"],1!#%.E2#B0YD&-)\\2&J+pC&g./T'/0Ce'L2X!'i4l2(17+C(N9?U+92BC+V4VT+s6je,;9*!,X;>2,u=RC-=?fT-ZB%f0E;(T0b=<e1*?Q!1GAe21dD$C2,F8T2IHLe2fJa\"5QCce5nF#!66H726SJKC6pL_T78Nse7UQ3!7rSG3:]LJ!;%N^2;BPrC;_S1T<'UEe<DWZ!<aYn2=)\\-D?iU02@1WDC@NYXT@k[leA3^,!AP`@2AmbTCB5dhUDu]kCE=`*TEZb>eF\"dS!F?fg2F\\i&CG$k:TGAmNfJ,fQTJIheeJfk%!K.m92KKoMCKhqaTL0sueLN!5\"O8o7eOUqL!Ors`2P:utCPX#3TPu%GeQ='\\!QZ)p3TE\"s!Tb%22U*'FCUG)ZTUd+neV,..!VI0B2Vf2VDYQ+Y2Yn-mCZ60,TZS2@eZp4U![86i2[U9(C[r;<U^]4?C_%6ST_B8ge__;'!`'=;2`D?OC`aAcTa)D\"fci=%Td1?9edNAN!dkCb2e3F!CePH5TemJIef5L^\"huE`ei=Gu!iZJ42j\"LHCj?N\\Tj\\Ppek$S0!kAUD3n,NG!nIP[2nfRoCo.U.ToKWBeohYW!p0[k2pM^*?$#O*mATDKnCi]UW!!!BL!!!$*Ec6&.FD5Z2z$O:0a@W,skErl=A!.akE!!rAo!!ipCD/\")jBk1d@DZKh<#RPQdA7\\\\XCh[D\\!!!98F(o/r6#:CVF*(?!Ch[D\\!!!0/@VfsmCJJ;TAI)(?CER\\7@:B3","4196360":"!<d@[F*R3##64c-E,TfC#64`(!<d@[F*\\DE#64o6@VfsmCI<#NAI<6^DKKH1DCp!M\"UJsRFCfK,@;H-XDfBZ,EWlY`Bl7X&B*E6j@;0T_\"_VX[F)qP*F^]<4H3=OkATMNNDJ*csgCMCj!!","4198408":"!<d@[F*R3##64c-E,TfC#64`(!<d@[F*\\JG#64o6@VfsmCI<#NAIW-_Bldj%ARo7dDe!Pj$Zg3(G@Pc)DeWa'!<<*\"nF1o-$P@#lDfor.;f6Mt6ZljVBk2:8z#_2mT$'5,e$D7A!$a9U2%);iC%F>(T%c@<e&+BQ\"(k;Se)3=h!)P@'2)mB;C*5DOT*RFce*oI#!+7K73.\"D:!.?FN2.\\HbC/$K!T/AM5e/^OJ!0&Q^20CSrD3.Lu23KO4C3hQHT40S\\e4MUq!4jX0252ZDC5O\\XU8:U[C8WWoT8tZ.e9<\\C!9Y^W2:!`kC:>c*T:[e>f=F^AT=c`Ue>+bj!>He)2>eg=C?-iQT?Jkee?gn%\"BRg'eBoi<!C7kP2CTmdCCqp#TD9r7eDVtL!Dt!`3G^oc!H&r\"2HCt6CHa!JTI)#^eIF%s!Ic(22J+*FDLk#I2M3%]CMP'qTMm*0eN5,E!NR.Y2No0mCO73,UR\",/CR?.CTR\\0WeS$2l!SA5+2S^7?CT&9STTC;gfW.4jTWK7)eWh9>!X0;R2XM=fCXj@%TY2B9eYODN\"\\:=Pe\\W?e!\\tB$2]<D8C]YFLT^!H`e^>Ju!^[M43aFF7!acHK2b+J_CbHLsTbeO2ec-QG!cJS[2cgUoDfRNr2foQ1Cg7SETgTUYegqWn!h9Z-2hV\\AChs^UUk^WXCl&YlTlC\\+el`^@!m(`T2mEbhCmbe'Tn*g;fpj`>Tq2bReqOdg!qlg&2r4i:CrQkNTrnmbes6p!r$#O*mATDKnCi]UW!!)O2!!!$*Ec6&.FD5Z2z$O:0a@W,skErl=A!.aQg!!r(<!!ipCD/\")jBk1d@DZKh<#RPQdA7\\\\XCh[D\\!!!98F(o/r6#:CVF*(?!Ch[D\\!!!0/@VfsmCJJ;TAI)(?CER\\7@:B3","4205576":"!<d@[F*R3##64c-E,TfC#64`(!<d@[F*\\_N#64o6@VfsmCI<#NAIW-_Bldj%ARo7dDe!Pj$Zg3(G@Pc)DeWa'!<<*\"nG*\"`$P@#lDfor.;f6Mt6ZljVBk2:8zz!>#52![%IC\"#']T\"@)qe\"],1!#%.E2#B0YD&-)\\2&J+pC&g./T'/0Ce'L2X!'i4l2(17+C(N9?U+92BC+V4VT+s6je,;9*!,X;>2,u=RC-=?fT-ZB%f0E;(T0b=<e1*?Q!1GAe21dD$C2,F8T2IHLe2fJa\"5QCce5nF#!66H726SJKC6pL_T78Nse7UQ3!7rSG3:]LJ!;%N^2;BPrC;_S1T<'UEe<DWZ!<aYn2=)\\-D?iU02@1WDC@NYXT@k[leA3^,!AP`@2AmbTCB5dhUDu]kCE=`*TEZb>eF\"dS!F?fg2F\\i&CG$k:TGAmNfJ,fQTJIheeJfk%!K.m92KKoMCKhqaTL0sueLN!5\"O8o7eOUqL!Ors`2P:utCPX#3TPu%GeQ='\\!QZ)p3TE\"s!Tb%22U*'FCUG)ZTUd+neV,..!VI0B2Vf2VDYQ+Y2Yn-mCZ60,TZS2@eZp4U![86i2[U9(C[r;<U^]4?C_%6ST_B8ge__;'!`'=;2`D?OC`aAcTa)D\"fci=%Td1?9edNAN!dkCb2e3F!CePH5TemJIef5L^\"huE`ei=Gu!iZJ42j\"LHCj?N\\Tj\\Ppek$S0!kAUD3n,NG!nIP[2nfRoCo.U.ToKWBeohYW!p0[k2pM^*?$#O*mATDKnCi]UW!!!BL!!!$*Ec6&.FD5Z2z$O:0a@W,skErl=A!!%9D!/UFM!!ipCD/\")jBk1d@DZKh<#RPQdA7\\\\XCh[D\\!!!98F(o/r6#:CVF*(?!Ch[D\\!!!0/@VfsmCJJ;TAI)(?CER\\7@:B3","4211720":"!<d@[F*R3##64c-E,TfC#64`(!<d@[F*\\qT#64o6@VfsmCI<#NAIW-_Bldj%ARo7dDe!Pj$Zg3(G@Pc)DeWa'!<<*\"nF1o-$P@#lDfor.;f6Mt6ZljVBk2:8z#_2mT$'5,e$D7A!$a9U2%);iC%F>(T%c@<e&+BQ\"(k;Se)3=h!)P@'2)mB;C*5DOT*RFce*oI#!+7K73.\"D:!.?FN2.\\HbC/$K!T/AM5e/^OJ!0&Q^20CSrD3.Lu23KO4C3hQHT40S\\e4MUq!4jX0252ZDC5O\\XU8:U[C8WWoT8tZ.e9<\\C!9Y^W2:!`kC:>c*T:[e>f=F^AT=c`Ue>+bj!>He)2>eg=C?-iQT?Jkee?gn%\"BRg'eBoi<!C7kP2CTmdCCqp#TD9r7eDVtL!Dt!`3G^oc!H&r\"2HCt6CHa!JTI)#^eIF%s!Ic(22J+*FDLk#I2M3%]CMP'qTMm*0eN5,E!NR.Y2No0mCO73,UR\",/CR?.CTR\\0WeS$2l!SA5+2S^7?CT&9STTC;gfW.4jTWK7)eWh9>!X0;R2XM=fCXj@%TY2B9eYODN\"\\:=Pe\\W?e!\\tB$2]<D8C]YFLT^!H`e^>Ju!^[M43aFF7!acHK2b+J_CbHLsTbeO2ec-QG!cJS[2cgUoDfRNr2foQ1Cg7SETgTUYegqWn!h9Z-2hV\\AChs^UUk^WXCl&YlTlC\\+el`^@!m(`T2mEbhCmbe'Tn*g;fpj`>Tq2bReqOdg!qlg&2r4i:CrQkNTrnmbes6p!r$#O*mATDKnCi]UW!!)O2!!!$*Ec6&.FD5Z2z$O:0a@W,skErl=A!!$tf!/U,o!!ipCD/\")jBk1d@DZKh<#RPQdA7\\\\XCh[D\\!!!98F(o/r6#:CVF*(?!Ch[D\\!!!0/@VfsmCJJ;TAI)(?CER\\7@:B3","5255176":"!<d@[F*R3##64c-E,TfC#QOi)!<d@[F*\\bO#64o6@VfsmCI<#NAIW-_Bldj%ARo7dDe!Pj$#O*mATDKnCi]UW!!'D.!!!$*Ec6&.FD5Z2z$O:0a@W,skErl=A!!)N_!.akE!!ipCD/\")jBk1d@DZKi&#RPQdA7\\\\XCh[D\\!$hg\\F(o/r6#:CVF*(?!Ch[D\\!$h^S@VfsmCJJ;TAHtn?@<?0oEW?","5259272":"!<d@[F*R3##64c-E,TfC#QOi)!<d@[F*\\nS#64o6@VfsmCI<#NAIW-_Bldj%ARo7dDe!Pj$#O*mATDKnCi]UW!!'D.!!!$*Ec6&.FD5Z2z$O:0a@W,skErl=A!!)M<!!)fg!!ipCD/\")jBk1d@DZKi&#RPQdA7\\\\XCh[D\\!$MUYF(o/r6#:CVF*(?!Ch[D\\!$MLP@VfsmCJJ;TAHtn?@<?0oEW?","6293512":"!<d@[F*R3##64c-E,TfC#ljr*!<d@[F*\\DE#64o6@VfsmCI<#NAIW-_Bldj%ARo7dDe!Pj$#O*mATDKnCi]UW!!'D.!!!$*Ec6&.FD5Z2z$O:0a@W,skErc7@!!)N_!!ipCD/\")jBk1d@DZKh<#RPQdA7\\\\XCh[D\\!$DOXF(o/r6#:CVF*(?!Ch[D\\!$DFO@VfsmCJJ;TAHtn?@<?0oEW?","6305800":"!<d@[F*R3##64c-E,TfC#ljr*!<d@[F*\\hQ#64o6@VfsmCI<#NAIW-_Bldj%ARo7dDe!Pj$#O*mATDKnCi]UW!!'D.!!!$*Ec6&.FD5Z2z$O:0a@W,skErc7@!!)N_!!ipCD/\")jBk1d@DZKh<#RPQdA7\\\\XCh[D\\!$DOXF(o/r6#:CVF*(?!Ch[D\\!$DFO@VfsmCJJ;TAHtn?@<?0oEW?","1059849":"!<d@[F*R6$#64c-E,TfC\"98E%!<d@[F*\\_N#64o6@VfsmCI<#NAHu^]F`__:EWlSfH#R=,C2[uuF\"M3:D/_.?Ci=642ZsA+DffE0AQSp4!!!-.D.Rd%6#L=OA`V#M^]Xm_DffE0AQf'6!!!<3@rH1\"ARfgnA,lT","2101257":"!<d@[F*R6$#64c-E,TfC\"TSN&!<d@[F*\\JG#64o6@VfsmCI<#NAIW-_Bldj%ARo7dDe!Pj$Zg3(G@Pc)DeWa'\"98E%n8NjWq!^KJ\\?pS_r:GI=$P@#lDfor.;f6Mt6ZljVBk2:8z#_2mT$'5,e$D7A!$a9U2%);iC%F>(T%c@<e&+BQ\"(k;Se)3=h!)P@'2)mB;C*5DOT*RFce*oI#!+7K73.\"D:!.?FN2.\\HbC/$K!T/AM5e/^OJ!0&Q^20CSrD3.Lu23KO4C3hQHT40S\\e4MUq!4jX0252ZDC5O\\XU8:U[C8WWoT8tZ.e9<\\C!9Y^W2:!`kC:>c*T:[e>f=F^AT=c`Ue>+bj!>He)2>eg=C?-iQT?Jkee?gn%\"BRg'eBoi<!C7kP2CTmdCCqp#TD9r7eDVtL!Dt!`3G^oc!H&r\"2HCt6CHa!JTI)#^eIF%s!Ic(22J+*FDLk#I2M3%]CMP'qTMm*0eN5,E!NR.Y2No0mCO73,UR\",/CR?.CTR\\0WeS$2l!SA5+2S^7?CT&9STTC;gfW.4jTWK7)eWh9>!X0;R2XM=fCXj@%TY2B9eYODN\"\\:=Pe\\W?e!\\tB$2]<D8C]YFLT^!H`e^>Ju!^[M43aFF7!acHK2b+J_CbHLsTbeO2ec-QG!cJS[2cgUoDfRNr2foQ1Cg7SETgTUYegqWn!h9Z-2hV\\AChs^UUk^WXCl&YlTlC\\+el`^@!m(`T2mEbhCmbe'Tn*g;fpj`>Tq2bReqOdg!qlg&2r4i:CrQkNTrnmbes6p!r$#O*mATDKnCi]UW!!)O2!!!$*Ec6&.FD5Z2z$O:0a@W,skEs;UE!5NQ'!/0ig!!r'Q!(ca+!6FXo!6k(b!!ipCD/\")jBk1d@DZKh<#RPQdA7\\\\XCh[D\\!!!98F(o/r6#:CVF*(?!Ch[D\\!!!0/@VfsmCJJ;TAI)(?CER\\7@:B3","3146761":"!<d@[F*R6$#64c-E,TfC\"onW'!<d@[F*\\AD#64o6@VfsmCI<#NAHu^]F`__:EWlSfH#R=4@rc\"\"AM7P6@<?'4Cgh?sAM%k>FED)7Gm\"@mDffE0AQSp4!!!-.D.Rd%6#L=OA_Ra;56M43DffE0AQf'6!!!<3@rH1\"ARfgnA,lT","1058826":"!<d@[F*R9%#64c-E,TfC\"98E%!<d@[F*\\\\M#64o6@VfsmCI<#NAJ&B_A1_J'GqE]@@:Us$@<6Mo$$L$!Cggsf8Rqf&&T)H/DKKH#6?u\";FD5iB8Rqf$z!!!08D/XQ7FCeuLGu/<cH\"D\"rBk.2D","1059850":"!<d@[F*R9%#64c-E,TfC\"98E%!<d@[F*\\_N#64o6@VfsmCI<#NAHcRa@<?&b$#+:#ASuU.Ed7ZiEH>r7FE7un!!!3,F)5c:ErZ1D$taEu6>URMCI<#NAHcRa@<?&a\"`.UVAS_>M\"E\\p.AIs'(De(G/@;KIaH#Re8F)qHjD.Rd%6#L=OA_R_e^]=dY@:Eea6Z6dZEW?(>!!NXEBk1.a@<?&b@r-()ARl#QCggdaCf>Fa@qu)F","2101258":"!<d@[F*R9%#64c-E,TfC\"TSN&!<d@[F*\\JG#64o6@VfsmCI<#NAIW-_Bldj%ARo7dDe!Pj$Zg3(G@Pc)DeWa'\"98E%nF/XBE&;b=['Y/[I.VU_$P@#lDfor.;f6Mt6ZljVBk2:8z#_2mT$'5,e$D7A!$a9U2%);iC%F>(T%c@<e&+BQ\"(k;Se)3=h!)P@'2)mB;C*5DOT*RFce*oI#!+7K73.\"D:!.?FN2.\\HbC/$K!T/AM5e/^OJ!0&Q^20CSrD3.Lu23KO4C3hQHT40S\\e4MUq!4jX0252ZDC5O\\XU8:U[C8WWoT8tZ.e9<\\C!9Y^W2:!`kC:>c*T:[e>f=F^AT=c`Ue>+bj!>He)2>eg=C?-iQT?Jkee?gn%\"BRg'eBoi<!C7kP2CTmdCCqp#TD9r7eDVtL!Dt!`3G^oc!H&r\"2HCt6CHa!JTI)#^eIF%s!Ic(22J+*FDLk#I2M3%]CMP'qTMm*0eN5,E!NR.Y2No0mCO73,UR\",/CR?.CTR\\0WeS$2l!SA5+2S^7?CT&9STTC;gfW.4jTWK7)eWh9>!X0;R2XM=fCXj@%TY2B9eYODN\"\\:=Pe\\W?e!\\tB$2]<D8C]YFLT^!H`e^>Ju!^[M43aFF7!acHK2b+J_CbHLsTbeO2ec-QG!cJS[2cgUoDfRNr2foQ1Cg7SETgTUYegqWn!h9Z-2hV\\AChs^UUk^WXCl&YlTlC\\+el`^@!m(`T2mEbhCmbe'Tn*g;fpj`>Tq2bReqOdg!qlg&2r4i:CrQkNTrnmbes6p!r$#O*mATDKnCi]UW!!)O2!!!$*Ec6&.FD5Z2z$O:0a@W,skEs2OD!!)LQ!!)Y4!'iAb!/._+!)3$/!!ipCD/\")jBk1d@DZKi&#RPQdA7\\\\XCh[D\\!!*?9F(o/r6#:CVF*(?!Ch[D\\!!*60@VfsmCJJ;TAI)(?CER\\7@:B3","4195338":"!<d@[F*R9%#64c-E,TfC#64`(!<d@[F*\\AD#64o6@VfsmCI<#NAHu^]F`__:EWlSfH#R=*Ecki#Ch52.Ea`HnARmS\"#BFa)@<?'_z\":8pVF(djWB5D/?bEfmG#BFa)@<?'az#mk*[Ci!ZmFCet_!!","5242890":"!<d@[F*R9%#64c-E,TfC#QOi)!<d@[F*\\>C#64o6@VfsmCI<#NAIW-_Bldj%ARo7dDe!Pj$Zg3(G@Pc)DeWa'!<<*\"E;9/-$P@#lDfor.;f6Mt6ZljVBk2:8zz!>#52![%IC\"#']T\"@)qe\"],1!#%.E2#B0YD&-)\\2&J+pC&g./T'/0Ce'L2X!'i4l2(17+C(N9?U+92BC+V4VT+s6je,;9*!,X;>2,u=RC-=?fT-ZB%f0E;(T0b=<e1*?Q!1GAe21dD$C2,F8T2IHLe2fJa\"5QCce5nF#!66H726SJKC6pL_T78Nse7UQ3!7rSG3:]LJ!;%N^2;BPrC;_S1T<'UEe<DWZ!<aYn2=)\\-D?iU02@1WDC@NYXT@k[leA3^,!AP`@2AmbTCB5dhUDu]kCE=`*TEZb>eF\"dS!F?fg2F\\i&CG$k:TGAmNfJ,fQTJIheeJfk%!K.m92KKoMCKhqaTL0sueLN!5\"O8o7eOUqL!Ors`2P:utCPX#3TPu%GeQ='\\!QZ)p3TE\"s!Tb%22U*'FCUG)ZTUd+neV,..!VI0B2Vf2VDYQ+Y2Yn-mCZ60,TZS2@eZp4U![86i2[U9(C[r;<U^]4?C_%6ST_B8ge__;'!`'=;2`D?OC`aAcTa)D\"fci=%Td1?9edNAN!dkCb2e3F!CePH5TemJIef5L^\"huE`ei=Gu!iZJ42j\"LHCj?N\\Tj\\Ppek$S0!kAUD3n,NG!nIP[2nfRoCo.U.ToKWBeohYW!p0[k2pM^*?$#O*mATDKnCi]UW!!\"bs!!!$*Ec6&.FD5Z2z$O:0a@W,skErc7@!!)fg!!ipCD/\")jBk1d@DZKh<#RPQdA7\\\\XCh[D\\!!!98F(o/r6#:CVF*(?!Ch[D\\!!!0/@VfsmCJJ;TAI)(?CER\\7@:B3","5246986":"!<d@[F*R9%#64c-E,TfC#QOi)!<d@[F*\\JG#64o6@VfsmCI<#NAIW-_Bldj%ARo7dDe!Pj$Zg3(G@Pc)DeWa'!<<*\"E:A&O$P@#lDfor.;f6Mt6ZljVBk2:8z#_2mT$'5,e$D7A!$a9U2%);iC%F>(T%c@<e&+BQ\"(k;Se)3=h!)P@'2)mB;C*5DOT*RFce*oI#!+7K73.\"D:!.?FN2.\\HbC/$K!T/AM5e/^OJ!0&Q^20CSrD3.Lu23KO4C3hQHT40S\\e4MUq!4jX0252ZDC5O\\XU8:U[C8WWoT8tZ.e9<\\C!9Y^W2:!`kC:>c*T:[e>f=F^AT=c`Ue>+bj!>He)2>eg=C?-iQT?Jkee?gn%\"BRg'eBoi<!C7kP2CTmdCCqp#TD9r7eDVtL!Dt!`3G^oc!H&r\"2HCt6CHa!JTI)#^eIF%s!Ic(22J+*FDLk#I2M3%]CMP'qTMm*0eN5,E!NR.Y2No0mCO73,UR\",/CR?.CTR\\0WeS$2l!SA5+2S^7?CT&9STTC;gfW.4jTWK7)eWh9>!X0;R2XM=fCXj@%TY2B9eYODN\"\\:=Pe\\W?e!\\tB$2]<D8C]YFLT^!H`e^>Ju!^[M43aFF7!acHK2b+J_CbHLsTbeO2ec-QG!cJS[2cgUoDfRNr2foQ1Cg7SETgTUYegqWn!h9Z-2hV\\AChs^UUk^WXCl&YlTlC\\+el`^@!m(`T2mEbhCmbe'Tn*g;fpj`>Tq2bReqOdg!qlg&2r4i:CrQkNTrnmbes6p!r$#O*mATDKnCi]UW!!\"bs!!!$*Ec6&.FD5Z2z$O:0a@W,skErc7@!!)M4!!ipCD/\")jBk1d@DZKh<#RPQdA7\\\\XCh[D\\!!!98F(o/r6#:CVF*(?!Ch[D\\!!!0/@VfsmCJJ;TAI)(?CER\\7@:B3","1053707":"!<d@[F*R<&#64c-E,TfC\"98E%!<d@[F*\\MH#64o6@VfsmCI<#NAJ&rkDId[&BmO?2/T,KID..5b$#+:#ASuU.Ed7ZiEH>r7FE7ch!!!3,F)5c:EsD_\"z!<*-%!!*'\"!!!6)0`V1R!!!-2!!!$\"!!!!(!AXWT!!!#k\"TSN'z#6?U\\z/cbqP!<<*\"!!`N]z!;$Ep!!*'\"!!!6)2#mUV!!!T<!!!$\"!!!!(!B'oX!!!!]$31&,z#6?a`zoE>3p!<<*\"!!`Naz!;$Ep!!*'\"!!!6)3<0$Z!!)Wp!!!$\"z!\"9*BBOPdgATJ1YzTKrPX+@,u-zE'XI(zE'XI(TKrPXzz!!!!","1059851":"!<d@[F*R<&#64c-E,TfC\"98E%!<d@[F*\\_N#64o6@VfsmCI<#NAHcRa@<?&b$#+:#ASuU.Ed7ZiEH>r7FE7un!!!3,F)5c:ErZ1D$taEu6>URMCI<#NAHcRa@<?&a\"`.UVAS_>M\"E\\p.AIs'(De(G/@;KIaH#Re8F)qHjD.Rd%6#L=OA_R_e^]=dY@:Eea6Z6dZEW?(>!!NXEBk1.a@<?&b@r-()ARl#QCggdaCf>Fa@qu)F","2101259":"!<d@[F*R<&#64c-E,TfC\"TSN&!<d@[F*\\JG#64o6@VfsmCI<#NAIW-_Bldj%ARo7dDe!Pj$Zg3(G@Pc)DeWa'\"98E%nF/XBn2,UpZugWpq\"0%9$P@#lDfor.;f6Mt6ZljVBk2:8z#_2mT$'5,e$D7A!$a9U2%);iC%F>(T%c@<e&+BQ\"(k;Se)3=h!)P@'2)mB;C*5DOT*RFce*oI#!+7K73.\"D:!.?FN2.\\HbC/$K!T/AM5e/^OJ!0&Q^20CSrD3.Lu23KO4C3hQHT40S\\e4MUq!4jX0252ZDC5O\\XU8:U[C8WWoT8tZ.e9<\\C!9Y^W2:!`kC:>c*T:[e>f=F^AT=c`Ue>+bj!>He)2>eg=C?-iQT?Jkee?gn%\"BRg'eBoi<!C7kP2CTmdCCqp#TD9r7eDVtL!Dt!`3G^oc!H&r\"2HCt6CHa!JTI)#^eIF%s!Ic(22J+*FDLk#I2M3%]CMP'qTMm*0eN5,E!NR.Y2No0mCO73,UR\",/CR?.CTR\\0WeS$2l!SA5+2S^7?CT&9STTC;gfW.4jTWK7)eWh9>!X0;R2XM=fCXj@%TY2B9eYODN\"\\:=Pe\\W?e!\\tB$2]<D8C]YFLT^!H`e^>Ju!^[M43aFF7!acHK2b+J_CbHLsTbeO2ec-QG!cJS[2cgUoDfRNr2foQ1Cg7SETgTUYegqWn!h9Z-2hV\\AChs^UUk^WXCl&YlTlC\\+el`^@!m(`T2mEbhCmbe'Tn*g;fpj`>Tq2bReqOdg!qlg&2r4i:CrQkNTrnmbes6p!r$#O*mATDKnCi]UW!!)O2!!!$*Ec6&.FD5Z2z$O:0a@W,skEs2OD!!$t&!'kXQ!5LF@!/Rk/!6jq^!!ipCD/\")jBk1d@DZKh<#RPQdA7\\\\XCh[D\\!!!98F(o/r6#:CVF*(?!Ch[D\\!!!0/@VfsmCJJ;TAI)(?CER\\7@:B3","3147787":"!<d@[F*R<&#64c-E,TfC\"onW'!<d@[F*\\DE#64o6@VfsmCI<#NAINEeFC?bBE+*s.AT@eWD..ZVDfor>!<<*\"\":]'_FCfK9@;JJQF`MO'!!!!+$Y=3tBlnVfDe*F#!rr<$)J<JqANFLID..=#Bk/f;Ea`KiE\\1mADe*o6B45Xg3bWYQ@;^!tA1_nD@:Wqi/Rij:Ch.BkFCfK,@;L!+B45Xg3bWYQ@;^!tA1_nD@:Wqi/S9-GDJ=38Eb,7QGVK0u!!!$$Gqf:!!!!$$H8,C\"!!!$$GVT:\"!!!$$GqoC#!!!$$H85L$!!!$0D/!laCghU#E`-=`B4V&C!!!$0D..ZcCghU#E`-=`B4V&C!!!$0F)YQ3DGjn\\B4XeUA7Y`@!!!$,F)YQ3DF8>bDKGmZ!!!<>F)YQ3DGP.dGsQ%aATC@ZE,Tc=!<EsMDJ=3,@;Je`@;^1$FEpf(@<ZU#A,lT0!!*dJDJ=3,@;Jk]@<ZTdF^]00BlnV#!!!!\"$\"n9sF`:8nH=[*W!!!<5G@>PaD/aE6FCet_!u#KZF*(?\"@<ZTgDffE(88iWkF8m@MAI$k^5QMF1DKKH1DII?K@;oXbBlnV#!!!!$%V]g&ATDZsCdVlEEbAq`z!!!!$%ru5kBOPpoAPcrY88iWkzz!ubuaF*'c_@<-!l<H)JWFCeEiFCAuVDfp)Azz%hE`#@<ZU#A4:BXBln'#ErZ1?!!!","1049612":"!<d@[F*R?'#64c-E,TfC\"98E%!<d@[F*\\AD#64o6@VfsmCI<#NAIW-_Bldj%ARo7dDe!Pj$Zg3(G@Pc)DeWa'!rr<$o%'E5p5iV]p6u!]$P@#lDfor.;f6Mt6ZljVBk2:Xzz!>#52![%IC\"#']T\"@)qe\"],1!#%.E2#B0YC#_2mT$'5,e$D7A!$a9U2%);iC%F>(T%c@<e&+BQ\"&-)\\2&J+pC&g./T'/0Ce'L2X!'i4l2(17+C(N9?T(k;Se)3=h!)P@'2)mB;C*5DOT*RFce*oI#!+7K73+92BC+V4VT+s6je,;9*!,X;>2,u=RC.\\HbC/$K!T/AM5e/^OJ!0&Q^20CSrD0E;(T0b=<e1*?Q!1GAe21dD$C2,F8T3hQHT40S\\e4MUq!4jX0252ZDC5O\\XU5QCce5nF#!66H726SJKC6pL_T78Nse8tZ.e9<\\C!9Y^W2:!`kC:>c*T:[e>f:]LJ!;%N^2;BPrC;_S1T<'UEe<DWZ!>+bj!>He)2>eg=C?-iQT?Jkee?gn%&TE\"s!Tb%22U*'FCUG)ZTUd+neV,..!Wh9>!X0;R2XM=fCXj@%TY2B9eYODN\"YQ+Y2Yn-mCZ60,TZS2@eZp4U![86i2\\tB$2]<D8C]YFLT^!H`e^>Ju!^[M43^]4?C_%6ST_B8ge__;'!`'=;2`D?OCb+J_CbHLsTbeO2ec-QG!cJS[2cgUoDci=%Td1?9edNAN!dkCb2e3F!CePH5Tg7SETgTUYegqWn!h9Z-2hV\\AChs^UUhuE`ei=Gu!iZJ42j\"LHCj?N\\Tj\\Ppek$S0!kAUD2k^WXCl&YlTlC\\+el`^@!m(`T2mEbhCmbe'Tn*g;fn,NG!nIP[2nfRoCo.U.ToKWBeohYW!p0[k2pM^*Cpj`>Tq2bReqOdg!qlg&2r4i:CrQkNTrnmbes6p!r$#O*mATDKnCi]XX!!#P7!!):&!!!$*Ec6&.FD5Z2z$O:0a@W,skEsVgH!9.%O!Riue!45dt!MuZ^!OfG+!QL6$!6VaB!Sk_T!:8:/!=0$DD/\")jBk1d@DZKh<#RPQdA7\\\\XCh[D\\!!!98F(o/r6#:CVF*(?!Ch[D\\!!!0/@VfsmCJJ;TAJSoeD.Pb;Ci<g!/SAX4ATDKpGAhD1!!","1050636":"!<d@[F*R?'#64c-E,TfC\"98E%!<d@[F*\\DE#64o6@VfsmCI<#NAIW-_Bldj%ARo7dDe!Pj$Zg3(G@Pc)DeWa'!<<*\"p5o:S$P@#lDfor.;f6Mt6ZljVBk28dz;\"+GlnF-Dc$#O*mATDKnCi]UW!!#P7!!!$*Ec6&.FD5Z2z$O:0a@W,skErc7@!61-#!!ipCD/\")jBk1d@DZKh<#RPQdA7\\\\XCh[D\\!!!98F(o/r6#:CVF*(?!Ch[D\\!!!0/@VfsmCJJ;TAJSoeD.Pb;Ci<g!/SAX4ATDKpGAhD1!!","1051660":"!<d@[F*R?'#64c-E,TfC\"98E%!<d@[F*\\GF#64o6@VfsmCI<#NAIW-_Bldj%ARo7dDe!Pj$Zg3(G@Pc)DeWa'!rr<$o%'E5p5iV]p6u!]$P@#lDfor.;f6Mt6ZljVBk2:Xzz!>#52![%IC\"#']T\"@)qe\"],1!#%.E2#B0YC#_2mT$'5,e$D7A!$a9U2%);iC%F>(T%c@<e&+BQ\"&-)\\2&J+pC&g./T'/0Ce'L2X!'i4l2(17+C(N9?T(k;Se)3=h!)P@'2)mB;C*5DOT*RFce*oI#!+7K73+92BC+V4VT+s6je,;9*!,X;>2,u=RC.\\HbC/$K!T/AM5e/^OJ!0&Q^20CSrD0E;(T0b=<e1*?Q!1GAe21dD$C2,F8T3hQHT40S\\e4MUq!4jX0252ZDC5O\\XU5QCce5nF#!66H726SJKC6pL_T78Nse8tZ.e9<\\C!9Y^W2:!`kC:>c*T:[e>f:]LJ!;%N^2;BPrC;_S1T<'UEe<DWZ!>+bj!>He)2>eg=C?-iQT?Jkee?gn%&TE\"s!Tb%22U*'FCUG)ZTUd+neV,..!Wh9>!X0;R2XM=fCXj@%TY2B9eYODN\"YQ+Y2Yn-mCZ60,TZS2@eZp4U![86i2\\tB$2]<D8C]YFLT^!H`e^>Ju!^[M43^]4?C_%6ST_B8ge__;'!`'=;2`D?OCb+J_CbHLsTbeO2ec-QG!cJS[2cgUoDci=%Td1?9edNAN!dkCb2e3F!CePH5Tg7SETgTUYegqWn!h9Z-2hV\\AChs^UUhuE`ei=Gu!iZJ42j\"LHCj?N\\Tj\\Ppek$S0!kAUD2k^WXCl&YlTlC\\+el`^@!m(`T2mEbhCmbe'Tn*g;fn,NG!nIP[2nfRoCo.U.ToKWBeohYW!p0[k2pM^*Cpj`>Tq2bReqOdg!qlg&2r4i:CrQkNTrnmbes6p!r$#O*mATDKnCi]XX!!#P7!!):&!!!$*Ec6&.FD5Z2z$O:0a@W,skEsVgH!9.%O!Riue!45dt!MuZ^!OfG+!QL6$!6VaB!Sk_T!:8:/!=0$DD/\")jBk1d@DZKh<#RPQdA7\\\\XCh[D\\!!!98F(o/r6#:CVF*(?!Ch[D\\!!!0/@VfsmCJJ;TAJSoeD.Pb;Ci<g!/SAX4ATDKpGAhD1!!","1055756":"!<d@[F*R?'#64c-E,TfC\"98E%!<d@[F*\\SJ#64o6@VfsmCI<#NAINEeFC?bBE+*s.AT@eWD..ZVDfor>!<<*\"\":]'_FCfK9@;JJQF`MO'!!!!+$Y=3tBlnVfDe*F#\"onW'*G8etANFLID..=#Bk/f;Ea`KiE\\1d;DffZ,DJ())@;TR:BQ\\0#DJs6\"/Tc#AA7]d5@rH4$De*R(Bk;?+B45Xg3bWYQ@;^!tA1_nD@:Wqi/SoQSF`M2-F!>7*D.PbAF_tQ)DeW`6FE1f#ATBADF`MY>G%#3\"Df90-,A1G%ANFLID..=#Bk/f;Ea`KiE\\2BRARTY&Eb/p,DKKH1*+r\\sANFLID..=#Bk/f;Ea`KiE\\1^?FD5f)D?0f`1&_.PrrE1H0`V1R!!*.I0`V1R!!*.G1'%@T!!*.H1'.FU!!*.I1'.FU!!*RHBl6a`@<lF);IOHUAH2]1!!*RH@<bUb@<lF);IOHUAH2]1!!*RNE+*s.;IOHUAPI)RAH2]1!!*FJE+*s.6Z7*bF9)@A!!s?\\E+*s.:Msuo6\"Y4ME_1+eDfTq#!>]BeBln&tCf,=`DKKT7GuJZjGA^u&z!>K6cBln&tCf>:]GA^9#@;^1$FEmid!!!$+B6%p5E)UIsAH;c2!!s$W@<5\"WE,Tc=ARkcC'5V)uFAm-eGA^AuFCAuVDfp)Arua[?#M>b9!>&s_FCfK1@;J;>E+*6jFEmid!!!*2Bl8$(Ec,<%6YKnKB4V&Cz!!!*3Eb/`o@<-!l:h=Z<Dfp(#z!!!!$)Jii'F@0_MEbAr`E+EC!AQ3Si@;JJQF`MO'z!!!!0%s)\\uGA^u&7;d3]FD5<-z!!","3145740":"!<d@[F*R?'#64c-E,TfC\"onW'!<d@[F*\\>C#64o6@VfsmCI<#NAIW-_Bldj%ARo7dDe!Pj$Zg3(G@Pc)DeWa'!WW3#n9Fs5Gkh\"5$P@#lDfor.;f6Mt6ZljVBk2:8zz!>#52![%IC\"#']T\"@)qe\"],1!#%.E2#B0YD&-)\\2&J+pC&g./T'/0Ce'L2X!'i4l2(17+C(N9?U+92BC+V4VT+s6je,;9*!,X;>2,u=RC-=?fT-ZB%f0E;(T0b=<e1*?Q!1GAe21dD$C2,F8T2IHLe2fJa\"5QCce5nF#!66H726SJKC6pL_T78Nse7UQ3!7rSG3:]LJ!;%N^2;BPrC;_S1T<'UEe<DWZ!<aYn2=)\\-D?iU02@1WDC@NYXT@k[leA3^,!AP`@2AmbTCB5dhUDu]kCE=`*TEZb>eF\"dS!F?fg2F\\i&CG$k:TGAmNfJ,fQTJIheeJfk%!K.m92KKoMCKhqaTL0sueLN!5\"O8o7eOUqL!Ors`2P:utCPX#3TPu%GeQ='\\!QZ)p3TE\"s!Tb%22U*'FCUG)ZTUd+neV,..!VI0B2Vf2VDYQ+Y2Yn-mCZ60,TZS2@eZp4U![86i2[U9(C[r;<U^]4?C_%6ST_B8ge__;'!`'=;2`D?OC`aAcTa)D\"fci=%Td1?9edNAN!dkCb2e3F!CePH5TemJIef5L^\"huE`ei=Gu!iZJ42j\"LHCj?N\\Tj\\Ppek$S0!kAUD3n,NG!nIP[2nfRoCo.U.ToKWBeohYW!p0[k2pM^*?$#O*mATDKnCi]UW!!!BL!!!$*Ec6&.FD5Z2z$O:0a@W,skErl=A!!)fg!.]=o!!ipCD/\")jBk1d@DZKh<#RPQdA7\\\\XCh[D\\!!!98F(o/r6#:CVF*(?!Ch[D\\!!!0/@VfsmCJJ;TAI)(?CER\\7@:B3","3149836":"!<d@[F*R?'#64c-E,TfC\"onW'!<d@[F*\\JG#64o6@VfsmCI<#NAIW-_Bldj%ARo7dDe!Pj$Zg3(G@Pc)DeWa'!WW3#n8NjWGjonW$P@#lDfor.;f6Mt6ZljVBk2:8z#_2mT$'5,e$D7A!$a9U2%);iC%F>(T%c@<e&+BQ\"(k;Se)3=h!)P@'2)mB;C*5DOT*RFce*oI#!+7K73.\"D:!.?FN2.\\HbC/$K!T/AM5e/^OJ!0&Q^20CSrD3.Lu23KO4C3hQHT40S\\e4MUq!4jX0252ZDC5O\\XU8:U[C8WWoT8tZ.e9<\\C!9Y^W2:!`kC:>c*T:[e>f=F^AT=c`Ue>+bj!>He)2>eg=C?-iQT?Jkee?gn%\"BRg'eBoi<!C7kP2CTmdCCqp#TD9r7eDVtL!Dt!`3G^oc!H&r\"2HCt6CHa!JTI)#^eIF%s!Ic(22J+*FDLk#I2M3%]CMP'qTMm*0eN5,E!NR.Y2No0mCO73,UR\",/CR?.CTR\\0WeS$2l!SA5+2S^7?CT&9STTC;gfW.4jTWK7)eWh9>!X0;R2XM=fCXj@%TY2B9eYODN\"\\:=Pe\\W?e!\\tB$2]<D8C]YFLT^!H`e^>Ju!^[M43aFF7!acHK2b+J_CbHLsTbeO2ec-QG!cJS[2cgUoDfRNr2foQ1Cg7SETgTUYegqWn!h9Z-2hV\\AChs^UUk^WXCl&YlTlC\\+el`^@!m(`T2mEbhCmbe'Tn*g;fpj`>Tq2bReqOdg!qlg&2r4i:CrQkNTrnmbes6p!r$#O*mATDKnCi]UW!!)O2!!!$*Ec6&.FD5Z2z$O:0a@W,skErl=A!!)M4!.]$<!!ipCD/\")jBk1d@DZKh<#RPQdA7\\\\XCh[D\\!!!98F(o/r6#:CVF*(?!Ch[D\\!!!0/@VfsmCJJ;TAI)(?CER\\7@:B3","4194316":"!<d@[F*R?'#64c-E,TfC#64`(!<d@[F*\\>C#64o6@VfsmCI<#NAIW-_Bldj%ARo7dDe!Pj$Zg3(G@Pc)DeWa'!<<*\"nG*\"`$P@#lDfor.;f6Mt6ZljVBk2:8zz!>#52![%IC\"#']T\"@)qe\"],1!#%.E2#B0YD&-)\\2&J+pC&g./T'/0Ce'L2X!'i4l2(17+C(N9?U+92BC+V4VT+s6je,;9*!,X;>2,u=RC-=?fT-ZB%f0E;(T0b=<e1*?Q!1GAe21dD$C2,F8T2IHLe2fJa\"5QCce5nF#!66H726SJKC6pL_T78Nse7UQ3!7rSG3:]LJ!;%N^2;BPrC;_S1T<'UEe<DWZ!<aYn2=)\\-D?iU02@1WDC@NYXT@k[leA3^,!AP`@2AmbTCB5dhUDu]kCE=`*TEZb>eF\"dS!F?fg2F\\i&CG$k:TGAmNfJ,fQTJIheeJfk%!K.m92KKoMCKhqaTL0sueLN!5\"O8o7eOUqL!Ors`2P:utCPX#3TPu%GeQ='\\!QZ)p3TE\"s!Tb%22U*'FCUG)ZTUd+neV,..!VI0B2Vf2VDYQ+Y2Yn-mCZ60,TZS2@eZp4U![86i2[U9(C[r;<U^]4?C_%6ST_B8ge__;'!`'=;2`D?OC`aAcTa)D\"fci=%Td1?9edNAN!dkCb2e3F!CePH5TemJIef5L^\"huE`ei=Gu!iZJ42j\"LHCj?N\\Tj\\Ppek$S0!kAUD3n,NG!nIP[2nfRoCo.U.ToKWBeohYW!p0[k2pM^*?$#O*mATDKnCi]UW!!!BL!!!$*Ec6&.FD5Z2z$O:0a@W,skErl=A!!%9D!/UFM!!ipCD/\")jBk1d@DZKh<#RPQdA7\\\\XCh[D\\!!!98F(o/r6#:CVF*(?!Ch[D\\!!!0/@VfsmCJJ;TAI)(?CER\\7@:B3","4198412":"!<d@[F*R?'#64c-E,TfC#64`(!<d@[F*\\JG#64o6@VfsmCI<#NAIW-_Bldj%ARo7dDe!Pj$Zg3(G@Pc)DeWa'!<<*\"nF1o-$P@#lDfor.;f6Mt6ZljVBk2:8z#_2mT$'5,e$D7A!$a9U2%);iC%F>(T%c@<e&+BQ\"(k;Se)3=h!)P@'2)mB;C*5DOT*RFce*oI#!+7K73.\"D:!.?FN2.\\HbC/$K!T/AM5e/^OJ!0&Q^20CSrD3.Lu23KO4C3hQHT40S\\e4MUq!4jX0252ZDC5O\\XU8:U[C8WWoT8tZ.e9<\\C!9Y^W2:!`kC:>c*T:[e>f=F^AT=c`Ue>+bj!>He)2>eg=C?-iQT?Jkee?gn%\"BRg'eBoi<!C7kP2CTmdCCqp#TD9r7eDVtL!Dt!`3G^oc!H&r\"2HCt6CHa!JTI)#^eIF%s!Ic(22J+*FDLk#I2M3%]CMP'qTMm*0eN5,E!NR.Y2No0mCO73,UR\",/CR?.CTR\\0WeS$2l!SA5+2S^7?CT&9STTC;gfW.4jTWK7)eWh9>!X0;R2XM=fCXj@%TY2B9eYODN\"\\:=Pe\\W?e!\\tB$2]<D8C]YFLT^!H`e^>Ju!^[M43aFF7!acHK2b+J_CbHLsTbeO2ec-QG!cJS[2cgUoDfRNr2foQ1Cg7SETgTUYegqWn!h9Z-2hV\\AChs^UUk^WXCl&YlTlC\\+el`^@!m(`T2mEbhCmbe'Tn*g;fpj`>Tq2bReqOdg!qlg&2r4i:CrQkNTrnmbes6p!r$#O*mATDKnCi]UW!!)O2!!!$*Ec6&.FD5Z2z$O:0a@W,skErl=A!!$tf!/U,o!!ipCD/\")jBk1d@DZKh<#RPQdA7\\\\XCh[D\\!!!98F(o/r6#:CVF*(?!Ch[D\\!!!0/@VfsmCJJ;TAI)(?CER\\7@:B3","6293516":"!<d@[F*R?'#64c-E,TfC#ljr*!<d@[F*\\DE#64o6@VfsmCI<#NAIW-_Bldj%ARo7dDe!Pj$#O*mATDKnCi]UW!!'D.!!!$*Ec6&.FD5Z2z$O:0a@W,skErc7@!!)N_!!ipCD/\")jBk1d@DZKh<#RPQdA7\\\\XCh[D\\!$DOXF(o/r6#:CVF*(?!Ch[D\\!$DFO@VfsmCJJ;TAHtn?@<?0oEW?","1056782":"!<d@[F*RE)#64c-E,TfC\"98E%!<d@[F*\\VK#64o6@VfsmCI<#NAJ&rkDId[&BmO?2/T,KID..5b$#+:#ASuU.Ed7ZiEH>r7FE7ch!!!3,F)5c:EsD_\"z!(8%3!!*'\"!!!6)0`V1R!!$1B!!!$\"!!!0*FEqh:$?pE,A1_A%Df0h(#]+3c;flGiAHlX\\Df]K#!!`N[z!<\"/C!!*'\"!!NLIH#R='B6%F(ATMs3DIkCS!!`N\\z!<\"/C!!*'\"!!NLIH#R=(FCAWpAM%qFBl7Km1B7X\\1]RLU!!!i;!!!$\"!!!!(!AsiW!!!#k\"TSN'z#6?^_zoE>3p!<<*\"!!`N`z!;$Ep!!*'\"!!!6)2uipY!!)Wp!!!$\"!!!!(!BC,[!!!#k\"TSN'z!!!E4@q]:g@qB]gz!:W8S!2)UX!$FQ-!$FQ-!$FQ-zzzzz","1057807":"!<d@[F*RH*#64c-E,TfC\"98E%!<d@[F*\\YL#64o6@VfsmCI<#NAHcRa@<?&b$#+:#ASuU.Ed7ZiEH>r7FE7un!!!3,F)5c:ErZ1D$taEu6>URMCI<#NAHcRa@<?&a\"`.UVAS_>M\"E\\p.AI<X\"De(G2@W-.0\":8pVF(djWB5D/6&';Qe$>a-[ASa_PCi==o!!!!&#]+3c;flGiAHlX\\Df]K##7>9U@V'@SFCAZp!<<"},"Entities":[],"ReplaceMode":2,"EntranceRotation":-1}