{
	"code": "shellfloor",
		"behaviors": [
		{ "name": "GroundStorable", "properties":{ "layout": "Quadrants", "collisionBox": { "x1": 0, "y1": 0, "z1": 0, "x2": 1, "y2": 0.125, "z2": 1 } }}
	],
  "variantgroups": [
    { code: "genus", states: ["female", "male", "juvenile", "baby"]},
		{
			code: "type",
			states: [
				"carbonarius",
				"denticulatus",
				"chilensis",
				"niger",
				"alburyorum",
				"cubensis",
				"monensis",
				"gersoni",
				"marcanoi",
			]
		},
		],
  "shapebytype": {
    "*-juvenile-*": {
      "base": "item/shell/shell-juvenile"
    },
    "*-baby-carbonarius": {
      "base": "item/shell/shell-baby-small"
    },
    "*-baby-chilensis": {
      "base": "item/shell/shell-baby-small"
    },
    "*-baby-alburyorum": {
      "base": "item/shell/shell-baby-small"
    },
    "*-baby-gersoni": {
      "base": "item/shell/shell-baby-small"
    },
    "*-baby-denticulatus": {
      "base": "item/shell/shell-baby-medium"
    },
    "*-baby-monensis": {
      "base": "item/shell/shell-baby-medium"
    },
    "*-baby-marcanoi": {
      "base": "item/shell/shell-baby-medium"
    },
    "*-baby-niger": {
      "base": "item/shell/shell-baby-large"
    },
    "*-baby-cubensis": {
      "base": "item/shell/shell-baby-large"
    },
    "*": {
      "base": "item/shell/shell-{genus}-{type}"
    }
  },
  "texturesByType": {
    "*": {"skin": {"base": "entity/newworldgianttortoises/chelonoidis-{type}"}},
  },
	"creativeinventory": { "general": ["*"], "items": ["*"] },
	"maxstacksize": 64,
	"attributes": {
		"handbook": {"groupBy": ["shellfloor-*"]},
		"displaycaseable": false, 
		"shelvable": false,
		"onDisplayTransform": {
			"translation": { "x": 0, "y": -0.00, "z": 0.0 },
			"rotation": { "x": 0, "y": -45, "z": 0 },
			"origin": { "x": 0.5, "y": 0.5, "z": 0.5 },
			"scale": 1.0
		},
		"groundStorageTransform": {
			"translation": { "x": 0, "y": 0.0, "z": -0.0 },
			"rotation": { "x": 0, "y": 90, "z": 0 },
			"scale": 1.00
		}
	},
	"materialDensity": 500,
	"heldTpHitAnimation": "breaktool",
	"fpHandTransform": {
		"translation": { "x": 0, "y": -0.5, "z": -1.5 },
		"rotation": { "x": 0, "y": 0, "z": 0 },
		"scale": 1
	},
	"guiTransformByType": {
    "*": {"translation": { "x": 0, "y": 0, "z": 0 },"rotation": { "x": 90, "y": -90, "z": 0 },"origin": { "x": 0.5, "y": 0.0, "z": 0.5 },"scale": 5.0}
	},
	"tpHandTransform": {
		"translation": { "x": -0.55, "y": -0.10, "z": -0.45},
		"rotation": { "x": -90, "y": 90, "z": 0 },
		"origin": { "x": 0.5, "y": 0.0, "z": 0.5 },
		"scale": 1.0
	},

		"groundTransform": {
		"translation": { "x": 0, "y": 0, "z": 0 },
		"rotation": { "x": 0, "y": 0, "z": 0 },
		"origin": { "x": 0.5, "y": 0.0, "z": 0.5 },
		"scale": 1
	}
	

}