{
	"editor": {
		"allAngles": false,
		"entityTextureMode": false
	},
	"textureWidth": 16,
	"textureHeight": 16,
	"textureSizes": {
	},
	"textures": {
		"chlorociboria": "wildcrafttree:block/wood/bark/chlorociboria",
		"chlorociboria2": "wildcrafttree:block/wood/treetrunk/chlorociboria",
		"chlorociboria3": "wildcrafttree:block/wood/debarked/chlorociboria"
	},
	"elements": [
		{
			"name": "Cube1",
			"from": [ 0.0, 0.0, 0.0 ], 
			"to": [ 16.0, 16.0, 16.0 ], 
			"faces": {
				"north": { "texture": "#chlorociboria", "uv": [ 0.0, 0.0, 16.0, 16.0 ] },
				"east": { "texture": "#chlorociboria", "uv": [ 0.0, 0.0, 16.0, 16.0 ] },
				"south": { "texture": "#chlorociboria", "uv": [ 0.0, 0.0, 16.0, 16.0 ] },
				"west": { "texture": "#chlorociboria", "uv": [ 0.0, 0.0, 16.0, 16.0 ] },
				"up": { "texture": "#chlorociboria2", "uv": [ 0.0, 0.0, 16.0, 16.0 ] },
				"down": { "texture": "#chlorociboria2", "uv": [ 0.0, 0.0, 16.0, 16.0 ] }
			}
		},
		{
			"name": "Cube2",
			"from": [ 0.0, 16.0, 0.0 ], 
			"to": [ 2.0, 21.0, 1.0 ], 
			"rotationOrigin": [ 0.0, 16.0, 0.0 ],
			"faces": {
				"north": { "texture": "#chlorociboria", "uv": [ 14.0, 11.0, 16.0, 16.0 ] },
				"east": { "texture": "#chlorociboria", "uv": [ 15.0, 11.0, 16.0, 16.0 ] },
				"south": { "texture": "#chlorociboria", "uv": [ 0.0, 11.0, 2.0, 16.0 ] },
				"west": { "texture": "#chlorociboria", "uv": [ 0.0, 11.0, 1.0, 16.0 ] },
				"up": { "texture": "#chlorociboria", "uv": [ 0.0, 0.0, 2.0, 1.0 ] },
				"down": { "texture": "#chlorociboria", "uv": [ 0.0, 0.0, 2.0, 1.0 ] }
			}
		},
		{
			"name": "Cube3",
			"from": [ 2.0, 16.0, 0.0 ], 
			"to": [ 3.5, 20.0, 1.0 ], 
			"rotationOrigin": [ 2.0, 16.0, 0.0 ],
			"faces": {
				"north": { "texture": "#chlorociboria", "uv": [ 13.0, 12.0, 14.5, 16.0 ] },
				"east": { "texture": "#chlorociboria", "uv": [ 14.0, 12.0, 15.0, 16.0 ] },
				"south": { "texture": "#chlorociboria", "uv": [ 2.0, 11.5, 3.5, 15.5 ] },
				"west": { "texture": "#chlorociboria", "uv": [ 0.0, 0.0, 1.0, 4.0 ], "enabled": false },
				"up": { "texture": "#chlorociboria", "uv": [ 0.0, 0.0, 1.5, 1.0 ] },
				"down": { "texture": "#chlorociboria", "uv": [ 0.0, 0.0, 1.5, 1.0 ] }
			}
		},
		{
			"name": "Cube4",
			"from": [ 3.5, 16.0, 0.0 ], 
			"to": [ 5.0, 18.0, 1.0 ], 
			"rotationOrigin": [ 3.0, 16.0, 0.0 ],
			"faces": {
				"north": { "texture": "#chlorociboria", "uv": [ 11.0, 14.0, 12.5, 16.0 ] },
				"east": { "texture": "#chlorociboria", "uv": [ 0.0, 0.0, 1.0, 2.0 ] },
				"south": { "texture": "#chlorociboria", "uv": [ 0.0, 0.0, 1.5, 2.0 ] },
				"west": { "texture": "#chlorociboria", "uv": [ 0.0, 0.0, 1.0, 2.0 ] },
				"up": { "texture": "#chlorociboria", "uv": [ 0.0, 0.0, 1.5, 1.0 ] },
				"down": { "texture": "#chlorociboria", "uv": [ 0.0, 0.0, 1.5, 1.0 ] }
			}
		},
		{
			"name": "Cube5",
			"from": [ 0.0, 16.0, 1.0 ], 
			"to": [ 1.0, 21.0, 2.0 ], 
			"rotationOrigin": [ 0.0, 16.0, 1.0 ],
			"faces": {
				"north": { "texture": "#chlorociboria", "uv": [ 0.5, 11.0, 1.5, 16.0 ] },
				"east": { "texture": "#chlorociboria", "uv": [ 1.0, 6.5, 2.0, 11.5 ] },
				"south": { "texture": "#chlorociboria", "uv": [ 0.5, 4.0, 1.5, 9.0 ] },
				"west": { "texture": "#chlorociboria", "uv": [ 1.0, 10.5, 2.0, 15.5 ] },
				"up": { "texture": "#chlorociboria", "uv": [ 0.0, 0.0, 1.0, 1.0 ] },
				"down": { "texture": "#chlorociboria", "uv": [ 0.0, 0.0, 1.0, 1.0 ] }
			}
		},
		{
			"name": "Cube6",
			"from": [ 0.0, 16.0, 2.0 ], 
			"to": [ 1.0, 19.0, 4.0 ], 
			"rotationOrigin": [ 0.0, 16.0, 2.0 ],
			"faces": {
				"north": { "texture": "#chlorociboria", "uv": [ 0.0, 0.0, 1.0, 3.0 ] },
				"east": { "texture": "#chlorociboria", "uv": [ 0.0, 0.0, 2.0, 3.0 ] },
				"south": { "texture": "#chlorociboria", "uv": [ 0.0, 0.0, 1.0, 3.0 ] },
				"west": { "texture": "#chlorociboria", "uv": [ 2.0, 12.5, 4.0, 15.5 ] },
				"up": { "texture": "#chlorociboria", "uv": [ 0.0, 0.0, 1.0, 2.0 ] },
				"down": { "texture": "#chlorociboria", "uv": [ 0.0, 0.0, 1.0, 2.0 ] }
			}
		},
		{
			"name": "Cube7",
			"from": [ 0.0, 16.0, 4.0 ], 
			"to": [ 1.0, 17.0, 5.0 ], 
			"rotationOrigin": [ 0.0, 16.0, 4.0 ],
			"faces": {
				"north": { "texture": "#chlorociboria", "uv": [ 0.0, 0.0, 1.0, 1.0 ] },
				"east": { "texture": "#chlorociboria", "uv": [ 0.0, 0.0, 1.0, 1.0 ] },
				"south": { "texture": "#chlorociboria", "uv": [ 0.0, 0.0, 1.0, 1.0 ] },
				"west": { "texture": "#chlorociboria", "uv": [ 4.5, 14.5, 5.5, 15.5 ] },
				"up": { "texture": "#chlorociboria", "uv": [ 0.0, 0.0, 1.0, 1.0 ] },
				"down": { "texture": "#chlorociboria", "uv": [ 0.0, 0.0, 1.0, 1.0 ] }
			}
		},
		{
			"name": "Cube8",
			"from": [ 5.0, 16.0, 0.0 ], 
			"to": [ 8.5, 17.0, 1.0 ], 
			"rotationOrigin": [ 4.0, 16.0, 0.0 ],
			"faces": {
				"north": { "texture": "#chlorociboria", "uv": [ 7.5, 15.0, 11.0, 16.0 ] },
				"east": { "texture": "#chlorociboria", "uv": [ 0.0, 0.0, 1.0, 1.0 ] },
				"south": { "texture": "#chlorociboria", "uv": [ 0.0, 0.0, 3.5, 1.0 ] },
				"west": { "texture": "#chlorociboria", "uv": [ 0.0, 0.0, 1.0, 1.0 ] },
				"up": { "texture": "#chlorociboria", "uv": [ 0.0, 0.0, 3.5, 1.0 ] },
				"down": { "texture": "#chlorociboria", "uv": [ 0.0, 0.0, 3.5, 1.0 ] }
			}
		},
		{
			"name": "Cube9",
			"from": [ 14.5, 16.0, 0.0 ], 
			"to": [ 16.0, 18.0, 1.0 ], 
			"rotationOrigin": [ 14.0, 16.0, 0.0 ],
			"faces": {
				"north": { "texture": "#chlorociboria", "uv": [ 0.5, 14.0, 2.0, 16.0 ] },
				"east": { "texture": "#chlorociboria", "uv": [ 0.0, 0.0, 1.0, 2.0 ] },
				"south": { "texture": "#chlorociboria", "uv": [ 4.5, 3.0, 6.0, 5.0 ] },
				"west": { "texture": "#chlorociboria", "uv": [ 0.0, 0.0, 1.0, 2.0 ] },
				"up": { "texture": "#chlorociboria", "uv": [ 0.0, 0.0, 1.5, 1.0 ] },
				"down": { "texture": "#chlorociboria", "uv": [ 0.0, 0.0, 1.5, 1.0 ] }
			}
		},
		{
			"name": "Cube10",
			"from": [ 13.0, 16.0, 0.0 ], 
			"to": [ 14.5, 17.0, 1.0 ], 
			"rotationOrigin": [ 13.0, 16.0, 0.0 ],
			"faces": {
				"north": { "texture": "#chlorociboria", "uv": [ 2.0, 3.0, 3.5, 4.0 ] },
				"east": { "texture": "#chlorociboria", "uv": [ 0.0, 0.0, 1.0, 1.0 ] },
				"south": { "texture": "#chlorociboria", "uv": [ 3.0, 1.0, 4.5, 2.0 ] },
				"west": { "texture": "#chlorociboria", "uv": [ 0.0, 0.0, 1.0, 1.0 ] },
				"up": { "texture": "#chlorociboria", "uv": [ 0.0, 0.0, 1.5, 1.0 ] },
				"down": { "texture": "#chlorociboria", "uv": [ 0.0, 0.0, 1.5, 1.0 ] }
			}
		},
		{
			"name": "Cube11",
			"from": [ 15.0, 16.0, 1.0 ], 
			"to": [ 16.0, 17.0, 4.0 ], 
			"rotationOrigin": [ 14.0, 16.0, 1.0 ],
			"faces": {
				"north": { "texture": "#chlorociboria", "uv": [ 0.0, 0.0, 1.0, 1.0 ] },
				"east": { "texture": "#chlorociboria", "uv": [ 12.5, 14.5, 15.5, 15.5 ] },
				"south": { "texture": "#chlorociboria", "uv": [ 0.0, 0.0, 1.0, 1.0 ] },
				"west": { "texture": "#chlorociboria", "uv": [ 0.0, 0.0, 3.0, 1.0 ] },
				"up": { "texture": "#chlorociboria", "uv": [ 0.0, 0.0, 1.0, 3.0 ] },
				"down": { "texture": "#chlorociboria", "uv": [ 0.0, 0.0, 1.0, 3.0 ] }
			}
		},
		{
			"name": "Cube12",
			"from": [ 0.0, 16.0, 15.0 ], 
			"to": [ 1.0, 18.0, 16.0 ], 
			"rotationOrigin": [ 0.0, 16.0, 15.0 ],
			"faces": {
				"north": { "texture": "#chlorociboria", "uv": [ 0.0, 0.0, 1.0, 2.0 ] },
				"east": { "texture": "#chlorociboria", "uv": [ 0.0, 0.0, 1.0, 2.0 ] },
				"south": { "texture": "#chlorociboria", "uv": [ 0.0, 0.0, 1.0, 2.0 ] },
				"west": { "texture": "#chlorociboria", "uv": [ 0.0, 0.0, 1.0, 2.0 ] },
				"up": { "texture": "#chlorociboria", "uv": [ 0.0, 0.0, 1.0, 1.0 ] },
				"down": { "texture": "#chlorociboria", "uv": [ 0.0, 0.0, 1.0, 1.0 ] }
			}
		},
		{
			"name": "Cube13",
			"from": [ 0.0, 16.0, 13.0 ], 
			"to": [ 1.0, 17.0, 15.0 ], 
			"rotationOrigin": [ 0.0, 16.0, 13.0 ],
			"faces": {
				"north": { "texture": "#chlorociboria", "uv": [ 0.0, 0.0, 1.0, 1.0 ] },
				"east": { "texture": "#chlorociboria", "uv": [ 0.0, 0.0, 2.0, 1.0 ] },
				"south": { "texture": "#chlorociboria", "uv": [ 0.0, 0.0, 1.0, 1.0 ] },
				"west": { "texture": "#chlorociboria", "uv": [ 14.0, 14.0, 16.0, 15.0 ] },
				"up": { "texture": "#chlorociboria", "uv": [ 0.0, 0.0, 1.0, 2.0 ] },
				"down": { "texture": "#chlorociboria", "uv": [ 0.0, 0.0, 1.0, 2.0 ] }
			}
		},
		{
			"name": "Cube14",
			"from": [ 1.0, 16.0, 15.0 ], 
			"to": [ 2.0, 17.0, 16.0 ], 
			"rotationOrigin": [ 1.0, 16.0, 15.0 ],
			"faces": {
				"north": { "texture": "#chlorociboria", "uv": [ 0.0, 0.0, 1.0, 1.0 ] },
				"east": { "texture": "#chlorociboria", "uv": [ 0.0, 0.0, 1.0, 1.0 ] },
				"south": { "texture": "#chlorociboria", "uv": [ 0.5, 1.5, 1.5, 2.5 ] },
				"west": { "texture": "#chlorociboria", "uv": [ 0.0, 0.0, 1.0, 1.0 ] },
				"up": { "texture": "#chlorociboria", "uv": [ 0.0, 0.0, 1.0, 1.0 ] },
				"down": { "texture": "#chlorociboria", "uv": [ 0.0, 0.0, 1.0, 1.0 ] }
			}
		},
		{
			"name": "Cube15",
			"from": [ 14.0, 16.0, 15.0 ], 
			"to": [ 16.0, 17.0, 16.0 ], 
			"rotationOrigin": [ 14.0, 16.0, 15.0 ],
			"faces": {
				"north": { "texture": "#chlorociboria", "uv": [ 0.0, 0.0, 2.0, 1.0 ] },
				"east": { "texture": "#chlorociboria", "uv": [ 0.0, 0.0, 1.0, 1.0 ] },
				"south": { "texture": "#chlorociboria", "uv": [ 0.0, 0.0, 2.0, 1.0 ] },
				"west": { "texture": "#chlorociboria", "uv": [ 0.0, 0.0, 1.0, 1.0 ] },
				"up": { "texture": "#chlorociboria", "uv": [ 0.0, 0.0, 2.0, 1.0 ] },
				"down": { "texture": "#chlorociboria", "uv": [ 0.0, 0.0, 2.0, 1.0 ] }
			}
		},
		{
			"name": "Cube16",
			"from": [ 15.0, 16.0, 14.0 ], 
			"to": [ 16.0, 17.0, 15.0 ], 
			"rotationOrigin": [ 15.0, 16.0, 14.0 ],
			"faces": {
				"north": { "texture": "#chlorociboria", "uv": [ 0.0, 0.0, 1.0, 1.0 ] },
				"east": { "texture": "#chlorociboria", "uv": [ 0.0, 0.0, 1.0, 1.0 ] },
				"south": { "texture": "#chlorociboria", "uv": [ 0.0, 0.0, 1.0, 1.0 ] },
				"west": { "texture": "#chlorociboria", "uv": [ 0.0, 0.0, 1.0, 1.0 ] },
				"up": { "texture": "#chlorociboria", "uv": [ 0.0, 0.0, 1.0, 1.0 ] },
				"down": { "texture": "#chlorociboria", "uv": [ 0.0, 0.0, 1.0, 1.0 ] }
			}
		},
		{
			"name": "Cube17",
			"from": [ 3.0, 7.0, 16.0 ], 
			"to": [ 4.5, 8.0, 17.0 ], 
			"rotationOrigin": [ 3.0, 8.0, 16.0 ],
			"rotationX": 10.0,
			"rotationZ": -6.0,
			"faces": {
				"north": { "texture": "#chlorociboria", "uv": [ 0.0, 0.0, 1.5, 1.0 ], "enabled": false },
				"east": { "texture": "#chlorociboria3", "uv": [ 0.0, 0.0, 1.0, 1.0 ] },
				"south": { "texture": "#chlorociboria3", "uv": [ 0.0, 0.0, 1.5, 1.0 ] },
				"west": { "texture": "#chlorociboria3", "uv": [ 0.0, 0.0, 1.0, 1.0 ] },
				"up": { "texture": "#chlorociboria3", "uv": [ 0.0, 0.0, 1.5, 1.0 ] },
				"down": { "texture": "#chlorociboria3", "uv": [ 0.0, 0.0, 1.5, 1.0 ] }
			}
		},
		{
			"name": "Cube18",
			"from": [ 5.0, 5.0, 16.0 ], 
			"to": [ 6.0, 6.0, 17.0 ], 
			"rotationOrigin": [ 6.0, 6.0, 16.0 ],
			"rotationX": 10.0,
			"rotationZ": 10.0,
			"faces": {
				"north": { "texture": "#chlorociboria", "uv": [ 0.0, 0.0, 1.0, 1.0 ], "enabled": false },
				"east": { "texture": "#chlorociboria3", "uv": [ 0.5, 0.0, 1.5, 1.0 ] },
				"south": { "texture": "#chlorociboria3", "uv": [ 0.0, 0.0, 1.0, 1.0 ] },
				"west": { "texture": "#chlorociboria3", "uv": [ 0.0, 0.0, 1.0, 1.0 ] },
				"up": { "texture": "#chlorociboria3", "uv": [ 0.0, 0.0, 1.0, 1.0 ] },
				"down": { "texture": "#chlorociboria3", "uv": [ 0.0, 0.0, 1.0, 1.0 ] }
			}
		},
		{
			"name": "Cube19",
			"from": [ 10.0, 11.0, 16.0 ], 
			"to": [ 11.5, 12.0, 17.0 ], 
			"rotationOrigin": [ 10.0, 12.0, 16.0 ],
			"rotationX": 10.0,
			"rotationZ": -5.0,
			"faces": {
				"north": { "texture": "#chlorociboria", "uv": [ 0.0, 0.0, 1.5, 1.0 ], "enabled": false },
				"east": { "texture": "#chlorociboria3", "uv": [ 0.0, 0.0, 1.0, 1.0 ] },
				"south": { "texture": "#chlorociboria3", "uv": [ 0.0, 0.0, 1.5, 1.0 ] },
				"west": { "texture": "#chlorociboria3", "uv": [ 0.0, 0.0, 1.0, 1.0 ] },
				"up": { "texture": "#chlorociboria3", "uv": [ 0.0, 0.0, 1.5, 1.0 ] },
				"down": { "texture": "#chlorociboria3", "uv": [ 0.0, 0.0, 1.5, 1.0 ] }
			}
		},
		{
			"name": "Cube20",
			"from": [ 8.0, 10.0, 16.0 ], 
			"to": [ 9.0, 11.0, 17.0 ], 
			"rotationOrigin": [ 8.0, 11.0, 16.0 ],
			"rotationX": 10.0,
			"rotationZ": 11.0,
			"faces": {
				"north": { "texture": "#chlorociboria", "uv": [ 0.0, 0.0, 1.0, 1.0 ], "enabled": false },
				"east": { "texture": "#chlorociboria3", "uv": [ 0.5, 0.0, 1.5, 1.0 ] },
				"south": { "texture": "#chlorociboria3", "uv": [ 0.0, 0.0, 1.0, 1.0 ] },
				"west": { "texture": "#chlorociboria3", "uv": [ 0.0, 0.0, 1.0, 1.0 ] },
				"up": { "texture": "#chlorociboria3", "uv": [ 0.0, 0.0, 1.0, 1.0 ] },
				"down": { "texture": "#chlorociboria3", "uv": [ 0.0, 0.0, 1.0, 1.0 ] }
			}
		},
		{
			"name": "Cube21",
			"from": [ 12.0, 7.0, 16.0 ], 
			"to": [ 13.0, 8.0, 17.0 ], 
			"rotationOrigin": [ 12.0, 8.0, 16.0 ],
			"rotationX": 10.0,
			"rotationZ": -7.0,
			"faces": {
				"north": { "texture": "#chlorociboria", "uv": [ 0.0, 0.0, 1.0, 1.0 ], "enabled": false },
				"east": { "texture": "#chlorociboria3", "uv": [ 0.5, 0.0, 1.5, 1.0 ] },
				"south": { "texture": "#chlorociboria3", "uv": [ 0.0, 0.0, 1.0, 1.0 ] },
				"west": { "texture": "#chlorociboria3", "uv": [ 0.0, 0.0, 1.0, 1.0 ] },
				"up": { "texture": "#chlorociboria3", "uv": [ 0.0, 0.0, 1.0, 1.0 ] },
				"down": { "texture": "#chlorociboria3", "uv": [ 0.0, 0.0, 1.0, 1.0 ] }
			}
		},
		{
			"name": "Cube22",
			"from": [ 10.0, 1.0, 16.0 ], 
			"to": [ 11.0, 2.0, 17.0 ], 
			"rotationOrigin": [ 10.0, 2.0, 16.0 ],
			"rotationX": 10.0,
			"rotationZ": 4.0,
			"faces": {
				"north": { "texture": "#chlorociboria", "uv": [ 0.0, 0.0, 1.0, 1.0 ], "enabled": false },
				"east": { "texture": "#chlorociboria3", "uv": [ 0.5, 0.0, 1.5, 1.0 ] },
				"south": { "texture": "#chlorociboria3", "uv": [ 0.0, 0.0, 1.0, 1.0 ] },
				"west": { "texture": "#chlorociboria3", "uv": [ 0.0, 0.0, 1.0, 1.0 ] },
				"up": { "texture": "#chlorociboria3", "uv": [ 0.0, 0.0, 1.0, 1.0 ] },
				"down": { "texture": "#chlorociboria3", "uv": [ 0.0, 0.0, 1.0, 1.0 ] }
			}
		},
		{
			"name": "Cube23",
			"from": [ 16.0, 4.0, 11.0 ], 
			"to": [ 17.0, 5.0, 12.0 ], 
			"rotationOrigin": [ 16.0, 5.0, 11.0 ],
			"rotationX": 8.0,
			"rotationZ": -10.0,
			"faces": {
				"north": { "texture": "#chlorociboria3", "uv": [ 0.0, 0.0, 1.0, 1.0 ], "windMode": [-1,-1,-1,-1] },
				"east": { "texture": "#chlorociboria3", "uv": [ 0.5, 0.0, 1.5, 1.0 ] },
				"south": { "texture": "#chlorociboria3", "uv": [ 0.0, 0.0, 1.0, 1.0 ] },
				"west": { "texture": "#chlorociboria3", "uv": [ 0.0, 0.0, 1.0, 1.0 ], "enabled": false },
				"up": { "texture": "#chlorociboria3", "uv": [ 0.0, 0.0, 1.0, 1.0 ] },
				"down": { "texture": "#chlorociboria3", "uv": [ 0.0, 0.0, 1.0, 1.0 ] }
			}
		},
		{
			"name": "Cube24",
			"from": [ 16.0, 6.0, 9.0 ], 
			"to": [ 17.0, 7.0, 10.5 ], 
			"rotationOrigin": [ 16.0, 7.0, 9.0 ],
			"rotationX": -8.0,
			"rotationZ": -10.0,
			"faces": {
				"north": { "texture": "#chlorociboria3", "uv": [ 0.0, 0.0, 1.0, 1.0 ], "windMode": [-1,-1,-1,-1] },
				"east": { "texture": "#chlorociboria3", "uv": [ 0.0, 0.0, 1.5, 1.0 ] },
				"south": { "texture": "#chlorociboria3", "uv": [ 0.0, 0.0, 1.0, 1.0 ] },
				"west": { "texture": "#chlorociboria3", "uv": [ 0.0, 0.0, 1.5, 1.0 ], "enabled": false },
				"up": { "texture": "#chlorociboria3", "uv": [ 0.0, 0.0, 1.0, 1.5 ] },
				"down": { "texture": "#chlorociboria3", "uv": [ 0.0, 0.0, 1.0, 1.5 ] }
			}
		},
		{
			"name": "Cube25",
			"from": [ 16.0, 12.0, 6.0 ], 
			"to": [ 17.0, 13.0, 7.5 ], 
			"rotationOrigin": [ 16.0, 13.0, 6.0 ],
			"rotationX": 4.0,
			"rotationZ": -10.0,
			"faces": {
				"north": { "texture": "#chlorociboria3", "uv": [ 0.0, 0.0, 1.0, 1.0 ], "windMode": [-1,-1,-1,-1] },
				"east": { "texture": "#chlorociboria3", "uv": [ 0.0, 0.0, 1.5, 1.0 ] },
				"south": { "texture": "#chlorociboria3", "uv": [ 0.0, 0.0, 1.0, 1.0 ] },
				"west": { "texture": "#chlorociboria3", "uv": [ 0.0, 0.0, 1.5, 1.0 ], "enabled": false },
				"up": { "texture": "#chlorociboria3", "uv": [ 0.0, 0.0, 1.0, 1.5 ] },
				"down": { "texture": "#chlorociboria3", "uv": [ 0.0, 0.0, 1.0, 1.5 ] }
			}
		},
		{
			"name": "Cube26",
			"from": [ 16.0, 10.0, 4.0 ], 
			"to": [ 17.0, 11.0, 5.0 ], 
			"rotationOrigin": [ 16.0, 11.0, 4.0 ],
			"rotationX": -14.0,
			"rotationZ": -10.0,
			"faces": {
				"north": { "texture": "#chlorociboria3", "uv": [ 0.0, 0.0, 1.0, 1.0 ], "windMode": [-1,-1,-1,-1] },
				"east": { "texture": "#chlorociboria3", "uv": [ 0.5, 0.0, 1.5, 1.0 ] },
				"south": { "texture": "#chlorociboria3", "uv": [ 0.0, 0.0, 1.0, 1.0 ] },
				"west": { "texture": "#chlorociboria3", "uv": [ 0.0, 0.0, 1.0, 1.0 ], "enabled": false },
				"up": { "texture": "#chlorociboria3", "uv": [ 0.0, 0.0, 1.0, 1.0 ] },
				"down": { "texture": "#chlorociboria3", "uv": [ 0.0, 0.0, 1.0, 1.0 ] }
			}
		},
		{
			"name": "Cube27",
			"from": [ 16.0, 5.0, 6.0 ], 
			"to": [ 17.0, 6.0, 7.0 ], 
			"rotationOrigin": [ 16.0, 6.0, 6.0 ],
			"rotationX": 7.0,
			"rotationZ": -10.0,
			"faces": {
				"north": { "texture": "#chlorociboria3", "uv": [ 0.0, 0.0, 1.0, 1.0 ], "windMode": [-1,-1,-1,-1] },
				"east": { "texture": "#chlorociboria3", "uv": [ 0.5, 0.0, 1.5, 1.0 ] },
				"south": { "texture": "#chlorociboria3", "uv": [ 0.0, 0.0, 1.0, 1.0 ] },
				"west": { "texture": "#chlorociboria3", "uv": [ 0.0, 0.0, 1.0, 1.0 ], "enabled": false },
				"up": { "texture": "#chlorociboria3", "uv": [ 0.0, 0.0, 1.0, 1.0 ] },
				"down": { "texture": "#chlorociboria3", "uv": [ 0.0, 0.0, 1.0, 1.0 ] }
			}
		},
		{
			"name": "Cube28",
			"from": [ 16.0, 11.0, 12.0 ], 
			"to": [ 17.0, 12.0, 13.0 ], 
			"rotationOrigin": [ 16.0, 12.0, 12.0 ],
			"rotationX": -9.0,
			"rotationZ": -10.0,
			"faces": {
				"north": { "texture": "#chlorociboria3", "uv": [ 0.0, 0.0, 1.0, 1.0 ], "windMode": [-1,-1,-1,-1] },
				"east": { "texture": "#chlorociboria3", "uv": [ 0.5, 0.0, 1.5, 1.0 ] },
				"south": { "texture": "#chlorociboria3", "uv": [ 0.0, 0.0, 1.0, 1.0 ] },
				"west": { "texture": "#chlorociboria3", "uv": [ 0.0, 0.0, 1.0, 1.0 ], "enabled": false },
				"up": { "texture": "#chlorociboria3", "uv": [ 0.0, 0.0, 1.0, 1.0 ] },
				"down": { "texture": "#chlorociboria3", "uv": [ 0.0, 0.0, 1.0, 1.0 ] }
			}
		},
		{
			"name": "Cube29",
			"from": [ 16.0, 2.0, 2.0 ], 
			"to": [ 17.0, 3.0, 3.0 ], 
			"rotationOrigin": [ 16.0, 3.0, 2.0 ],
			"rotationX": -10.0,
			"rotationZ": -10.0,
			"faces": {
				"north": { "texture": "#chlorociboria3", "uv": [ 0.0, 0.0, 1.0, 1.0 ], "windMode": [-1,-1,-1,-1] },
				"east": { "texture": "#chlorociboria3", "uv": [ 0.5, 0.0, 1.5, 1.0 ] },
				"south": { "texture": "#chlorociboria3", "uv": [ 0.0, 0.0, 1.0, 1.0 ] },
				"west": { "texture": "#chlorociboria3", "uv": [ 0.0, 0.0, 1.0, 1.0 ], "enabled": false },
				"up": { "texture": "#chlorociboria3", "uv": [ 0.0, 0.0, 1.0, 1.0 ] },
				"down": { "texture": "#chlorociboria3", "uv": [ 0.0, 0.0, 1.0, 1.0 ] }
			}
		},
		{
			"name": "Cube30",
			"from": [ -1.0, 11.0, 8.0 ], 
			"to": [ 0.0, 12.0, 9.5 ], 
			"rotationOrigin": [ -1.0, 12.0, 8.0 ],
			"rotationX": 10.0,
			"rotationZ": 10.0,
			"faces": {
				"north": { "texture": "#chlorociboria3", "uv": [ 0.0, 0.0, 1.0, 1.0 ], "windMode": [-1,-1,-1,-1] },
				"east": { "texture": "#chlorociboria3", "uv": [ 0.0, 0.0, 1.5, 1.0 ], "enabled": false },
				"south": { "texture": "#chlorociboria3", "uv": [ 0.0, 0.0, 1.0, 1.0 ] },
				"west": { "texture": "#chlorociboria3", "uv": [ 0.0, 0.0, 1.5, 1.0 ], "windMode": [-1,-1,-1,-1] },
				"up": { "texture": "#chlorociboria3", "uv": [ 0.0, 0.0, 1.0, 1.5 ] },
				"down": { "texture": "#chlorociboria3", "uv": [ 0.0, 0.0, 1.0, 1.5 ] }
			}
		},
		{
			"name": "Cube31",
			"from": [ -1.0, 7.0, 3.0 ], 
			"to": [ 0.0, 8.0, 4.5 ], 
			"rotationOrigin": [ -1.0, 8.0, 3.0 ],
			"rotationX": -7.0,
			"rotationZ": 10.0,
			"faces": {
				"north": { "texture": "#chlorociboria3", "uv": [ 0.0, 0.0, 1.0, 1.0 ], "windMode": [-1,-1,-1,-1] },
				"east": { "texture": "#chlorociboria3", "uv": [ 0.0, 0.0, 1.5, 1.0 ], "enabled": false },
				"south": { "texture": "#chlorociboria3", "uv": [ 0.0, 0.0, 1.0, 1.0 ] },
				"west": { "texture": "#chlorociboria3", "uv": [ 0.0, 0.0, 1.5, 1.0 ], "windMode": [-1,-1,-1,-1] },
				"up": { "texture": "#chlorociboria3", "uv": [ 0.0, 0.0, 1.0, 1.5 ] },
				"down": { "texture": "#chlorociboria3", "uv": [ 0.0, 0.0, 1.0, 1.5 ] }
			}
		},
		{
			"name": "Cube32",
			"from": [ -1.0, 8.0, 5.0 ], 
			"to": [ 0.0, 9.0, 6.0 ], 
			"rotationOrigin": [ -1.0, 9.0, 5.0 ],
			"rotationX": 8.0,
			"rotationZ": 10.0,
			"faces": {
				"north": { "texture": "#chlorociboria3", "uv": [ 0.0, 0.0, 1.0, 1.0 ], "windMode": [-1,-1,-1,-1] },
				"east": { "texture": "#chlorociboria3", "uv": [ 0.0, 0.0, 1.0, 1.0 ], "enabled": false },
				"south": { "texture": "#chlorociboria3", "uv": [ 0.0, 0.0, 1.0, 1.0 ] },
				"west": { "texture": "#chlorociboria3", "uv": [ 0.0, 0.0, 1.0, 1.0 ], "windMode": [-1,-1,-1,-1] },
				"up": { "texture": "#chlorociboria3", "uv": [ 0.0, 0.0, 1.0, 1.0 ] },
				"down": { "texture": "#chlorociboria3", "uv": [ 0.0, 0.0, 1.0, 1.0 ] }
			}
		},
		{
			"name": "Cube33",
			"from": [ -1.0, 10.0, 11.0 ], 
			"to": [ 0.0, 11.0, 12.0 ], 
			"rotationOrigin": [ -1.0, 11.0, 11.0 ],
			"rotationX": -13.0,
			"rotationZ": 10.0,
			"faces": {
				"north": { "texture": "#chlorociboria3", "uv": [ 0.0, 0.0, 1.0, 1.0 ], "windMode": [-1,-1,-1,-1] },
				"east": { "texture": "#chlorociboria3", "uv": [ 0.0, 0.0, 1.0, 1.0 ], "enabled": false },
				"south": { "texture": "#chlorociboria3", "uv": [ 0.0, 0.0, 1.0, 1.0 ] },
				"west": { "texture": "#chlorociboria3", "uv": [ 0.0, 0.0, 1.0, 1.0 ], "windMode": [-1,-1,-1,-1] },
				"up": { "texture": "#chlorociboria3", "uv": [ 0.0, 0.0, 1.0, 1.0 ] },
				"down": { "texture": "#chlorociboria3", "uv": [ 0.0, 0.0, 1.0, 1.0 ] }
			}
		},
		{
			"name": "Cube34",
			"from": [ -1.0, 14.0, 6.0 ], 
			"to": [ 0.0, 15.0, 7.0 ], 
			"rotationOrigin": [ -1.0, 15.0, 6.0 ],
			"rotationX": 5.0,
			"rotationZ": 10.0,
			"faces": {
				"north": { "texture": "#chlorociboria3", "uv": [ 0.0, 0.0, 1.0, 1.0 ], "windMode": [-1,-1,-1,-1] },
				"east": { "texture": "#chlorociboria3", "uv": [ 0.0, 0.0, 1.0, 1.0 ], "enabled": false },
				"south": { "texture": "#chlorociboria3", "uv": [ 0.0, 0.0, 1.0, 1.0 ] },
				"west": { "texture": "#chlorociboria3", "uv": [ 0.0, 0.0, 1.0, 1.0 ], "windMode": [-1,-1,-1,-1] },
				"up": { "texture": "#chlorociboria3", "uv": [ 0.0, 0.0, 1.0, 1.0 ] },
				"down": { "texture": "#chlorociboria3", "uv": [ 0.0, 0.0, 1.0, 1.0 ] }
			}
		},
		{
			"name": "Cube35",
			"from": [ -1.0, 2.0, 9.0 ], 
			"to": [ 0.0, 3.0, 10.0 ], 
			"rotationOrigin": [ -1.0, 3.0, 9.0 ],
			"rotationX": -8.0,
			"rotationZ": 10.0,
			"faces": {
				"north": { "texture": "#chlorociboria3", "uv": [ 0.0, 0.0, 1.0, 1.0 ], "windMode": [-1,-1,-1,-1] },
				"east": { "texture": "#chlorociboria3", "uv": [ 0.0, 0.0, 1.0, 1.0 ], "enabled": false },
				"south": { "texture": "#chlorociboria3", "uv": [ 0.0, 0.0, 1.0, 1.0 ] },
				"west": { "texture": "#chlorociboria3", "uv": [ 0.0, 0.0, 1.0, 1.0 ], "windMode": [-1,-1,-1,-1] },
				"up": { "texture": "#chlorociboria3", "uv": [ 0.0, 0.0, 1.0, 1.0 ] },
				"down": { "texture": "#chlorociboria3", "uv": [ 0.0, 0.0, 1.0, 1.0 ] }
			}
		},
		{
			"name": "Cube36",
			"from": [ 11.0, 9.0, -1.0 ], 
			"to": [ 12.5, 10.0, 0.0 ], 
			"rotationOrigin": [ 11.0, 10.0, -1.0 ],
			"rotationX": -10.0,
			"rotationZ": 10.0,
			"faces": {
				"north": { "texture": "#chlorociboria3", "uv": [ 0.0, 0.0, 1.5, 1.0 ], "windMode": [-1,-1,-1,-1] },
				"east": { "texture": "#chlorociboria3", "uv": [ 0.0, 0.0, 1.0, 1.0 ] },
				"south": { "texture": "#chlorociboria3", "uv": [ 0.0, 0.0, 1.5, 1.0 ], "enabled": false },
				"west": { "texture": "#chlorociboria3", "uv": [ 0.0, 0.0, 1.0, 1.0 ] },
				"up": { "texture": "#chlorociboria3", "uv": [ 0.0, 0.0, 1.5, 1.0 ] },
				"down": { "texture": "#chlorociboria3", "uv": [ 0.0, 0.0, 1.5, 1.0 ] }
			}
		},
		{
			"name": "Cube37",
			"from": [ 5.0, 3.0, -1.0 ], 
			"to": [ 6.5, 4.0, 0.0 ], 
			"rotationOrigin": [ 5.0, 4.0, -1.0 ],
			"rotationX": -10.0,
			"rotationZ": -6.0,
			"faces": {
				"north": { "texture": "#chlorociboria3", "uv": [ 0.0, 0.0, 1.5, 1.0 ] },
				"east": { "texture": "#chlorociboria3", "uv": [ 0.0, 0.0, 1.0, 1.0 ] },
				"south": { "texture": "#chlorociboria3", "uv": [ 0.0, 0.0, 1.5, 1.0 ], "enabled": false },
				"west": { "texture": "#chlorociboria3", "uv": [ 0.0, 0.0, 1.0, 1.0 ] },
				"up": { "texture": "#chlorociboria3", "uv": [ 0.0, 0.0, 1.5, 1.0 ] },
				"down": { "texture": "#chlorociboria3", "uv": [ 0.0, 0.0, 1.5, 1.0 ] }
			}
		},
		{
			"name": "Cube38",
			"from": [ 3.0, 5.0, -1.0 ], 
			"to": [ 4.0, 6.0, 0.0 ], 
			"rotationOrigin": [ 3.0, 6.0, -1.0 ],
			"rotationX": -10.0,
			"rotationZ": 4.0,
			"faces": {
				"north": { "texture": "#chlorociboria3", "uv": [ 0.0, 0.0, 1.0, 1.0 ] },
				"east": { "texture": "#chlorociboria3", "uv": [ 0.0, 0.0, 1.0, 1.0 ] },
				"south": { "texture": "#chlorociboria3", "uv": [ 0.0, 0.0, 1.0, 1.0 ], "enabled": false },
				"west": { "texture": "#chlorociboria3", "uv": [ 0.0, 0.0, 1.0, 1.0 ] },
				"up": { "texture": "#chlorociboria3", "uv": [ 0.0, 0.0, 1.0, 1.0 ] },
				"down": { "texture": "#chlorociboria3", "uv": [ 0.0, 0.0, 1.0, 1.0 ] }
			}
		},
		{
			"name": "Cube39",
			"from": [ 9.0, 8.0, -1.0 ], 
			"to": [ 10.0, 9.0, 0.0 ], 
			"rotationOrigin": [ 9.0, 9.0, -1.0 ],
			"rotationX": -10.0,
			"rotationZ": -11.0,
			"faces": {
				"north": { "texture": "#chlorociboria3", "uv": [ 0.0, 0.0, 1.0, 1.0 ] },
				"east": { "texture": "#chlorociboria3", "uv": [ 0.0, 0.0, 1.0, 1.0 ] },
				"south": { "texture": "#chlorociboria3", "uv": [ 0.0, 0.0, 1.0, 1.0 ], "enabled": false },
				"west": { "texture": "#chlorociboria3", "uv": [ 0.0, 0.0, 1.0, 1.0 ] },
				"up": { "texture": "#chlorociboria3", "uv": [ 0.0, 0.0, 1.0, 1.0 ] },
				"down": { "texture": "#chlorociboria3", "uv": [ 0.0, 0.0, 1.0, 1.0 ] }
			}
		},
		{
			"name": "Cube40",
			"from": [ 4.0, 10.0, -1.0 ], 
			"to": [ 5.0, 11.0, 0.0 ], 
			"rotationOrigin": [ 4.0, 11.0, -1.0 ],
			"rotationX": -10.0,
			"rotationZ": 10.0,
			"faces": {
				"north": { "texture": "#chlorociboria3", "uv": [ 0.0, 0.0, 1.0, 1.0 ] },
				"east": { "texture": "#chlorociboria3", "uv": [ 0.0, 0.0, 1.0, 1.0 ] },
				"south": { "texture": "#chlorociboria3", "uv": [ 0.0, 0.0, 1.0, 1.0 ], "enabled": false },
				"west": { "texture": "#chlorociboria3", "uv": [ 0.0, 0.0, 1.0, 1.0 ] },
				"up": { "texture": "#chlorociboria3", "uv": [ 0.0, 0.0, 1.0, 1.0 ] },
				"down": { "texture": "#chlorociboria3", "uv": [ 0.0, 0.0, 1.0, 1.0 ] }
			}
		},
		{
			"name": "Cube41",
			"from": [ 5.0, 13.0, -1.0 ], 
			"to": [ 6.0, 14.0, 0.0 ], 
			"rotationOrigin": [ 5.0, 14.0, -1.0 ],
			"rotationX": -10.0,
			"rotationZ": -7.0,
			"faces": {
				"north": { "texture": "#chlorociboria3", "uv": [ 0.0, 0.0, 1.0, 1.0 ] },
				"east": { "texture": "#chlorociboria3", "uv": [ 0.0, 0.0, 1.0, 1.0 ] },
				"south": { "texture": "#chlorociboria3", "uv": [ 0.0, 0.0, 1.0, 1.0 ], "enabled": false },
				"west": { "texture": "#chlorociboria3", "uv": [ 0.0, 0.0, 1.0, 1.0 ] },
				"up": { "texture": "#chlorociboria3", "uv": [ 0.0, 0.0, 1.0, 1.0 ] },
				"down": { "texture": "#chlorociboria3", "uv": [ 0.0, 0.0, 1.0, 1.0 ] }
			}
		},
		{
			"name": "Cube42",
			"from": [ 13.0, 4.0, -1.0 ], 
			"to": [ 14.0, 5.0, 0.0 ], 
			"rotationOrigin": [ 13.0, 5.0, -1.0 ],
			"rotationX": -10.0,
			"rotationZ": 6.0,
			"faces": {
				"north": { "texture": "#chlorociboria3", "uv": [ 0.0, 0.0, 1.0, 1.0 ] },
				"east": { "texture": "#chlorociboria3", "uv": [ 0.0, 0.0, 1.0, 1.0 ] },
				"south": { "texture": "#chlorociboria3", "uv": [ 0.0, 0.0, 1.0, 1.0 ], "enabled": false },
				"west": { "texture": "#chlorociboria3", "uv": [ 0.0, 0.0, 1.0, 1.0 ] },
				"up": { "texture": "#chlorociboria3", "uv": [ 0.0, 0.0, 1.0, 1.0 ] },
				"down": { "texture": "#chlorociboria3", "uv": [ 0.0, 0.0, 1.0, 1.0 ] }
			}
		}
	]}