{
	"editor": {
		"allAngles": false,
		"entityTextureMode": false
	},
	"textureWidth": 16,
	"textureHeight": 16,
	"textureSizes": {
	},
	"textures": {
	},
	"elements": [
		{
			"name": "Cube1",
			"from": [ 4.0, 0.0, 4.0 ], 
			"to": [ 12.0, 16.0, 12.0 ], 
			"rotationOrigin": [ 4.0, 0.0, 4.0 ],
			"faces": {
				"north": { "texture": "#alder", "uv": [ 0.0, 0.0, 8.0, 16.0 ] },
				"east": { "texture": "#alder", "uv": [ 0.0, 0.0, 8.0, 16.0 ] },
				"south": { "texture": "#alder", "uv": [ 0.0, 0.0, 8.0, 16.0 ] },
				"west": { "texture": "#alder", "uv": [ 0.0, 0.0, 8.0, 16.0 ] },
				"up": { "texture": "#alder", "uv": [ 8.0, 8.0, 16.0, 16.0 ] },
				"down": { "texture": "#alder", "uv": [ 8.0, 8.0, 16.0, 16.0 ] }
			}
		}
	]}