{
    "GameVersion": "1.19.7",
    "SizeX": 18,
    "SizeY": 20,
    "SizeZ": 21,
    "BlockCodes": {
        "9698": "game:supportbeam-aged",
        "2966": "game:cobblestone-granite",
        "4154": "game:drystone-granite",
        "5107": "game:gravel-granite",
        "2852": "game:cobblestoneslab-granite-down-free",
        "2776": "game:cobblestoneslab-granite-east-free",
        "5122": "game:looseboulders-granite-free",
        "9493": "game:agedstonebricks-granite",
        "3061": "game:cobblestonestairs-granite-up-south-free",
        "16414": "game:rocktyped-rubble-free",
        "3004": "game:cobblestonestairs-granite-down-north-free",
        "3080": "game:cobblestonestairs-granite-down-south-free",
        "2329": "game:slantedroofing-blueclay-east-free",
        "7277": "game:planks-aged-ns",
        "2685": "game:soil-medium-normal",
        "8606": "game:clutter",
        "9520": "game:door-ruined-rough2",
        "136": "game:multiblock-monolithic-0-p1-0",
        "7355": "game:plankslab-aged-up-free",
        "8109": "game:chest-east",
        "3118": "game:cobblestonestairs-granite-down-west-free",
        "2339": "game:slantedroofing-blueclay-south-free",
        "7368": "game:plankslab-aged-down-free",
        "2319": "game:slantedroofing-blueclay-north-free",
        "2489": "game:slantedroofingcornerouter-blueclay-east-free",
        "2479": "game:slantedroofingcornerouter-blueclay-north-free",
        "9668": "game:planks-aged-we",
        "2670": "game:soil-medium-none",
        "2814": "game:cobblestoneslab-granite-west-free",
        "8610": "game:groundstorage",
        "3042": "game:cobblestonestairs-granite-down-east-free",
        "2833": "game:cobblestoneslab-granite-up-free",
        "9519": "game:door-ruined-rough1",
        "5535": "game:loosestones-granite-free",
        "7290": "game:planks-aged-ud",
        "3099": "game:cobblestonestairs-granite-up-west-free",
        "2757": "game:cobblestoneslab-granite-north-free",
        "3023": "game:cobblestonestairs-granite-up-east-free",
        "2349": "game:slantedroofing-blueclay-west-free",
        "9521": "game:door-ruined-rough3",
        "2795": "game:cobblestoneslab-granite-south-free",
        "2419": "game:slantedroofingcornerinner-blueclay-south-free",
        "2429": "game:slantedroofingcornerinner-blueclay-west-free",
        "2569": "game:slantedroofingridge-blueclay-we-free",
        "1394": "game:ironfence-top-ew",
        "1396": "game:ironfence-top-sw",
        "1378": "game:ironfence-top-n",
        "1376": "game:ironfence-top-empty",
        "1382": "game:ironfence-top-s",
        "1388": "game:ironfence-top-ns",
        "2985": "game:cobblestonestairs-granite-up-north-free"
    },
    "ItemCodes": {
        "275": "game:stackrandomizer-resource",
        "269": "game:stackrandomizer-ore",
        "279": "game:stackrandomizer-gear",
        "272": "game:stackrandomizer-seed",
        "3639": "game:stackrandomizer-clayproducts",
        "270": "game:stackrandomizer-fuel",
        "1462": "game:shingle-burned-blue",
        "258": "game:stackrandomizer-cloth-lowstatus",
        "277": "game:stackrandomizer-lantern",
        "259": "game:stackrandomizer-cloth-mediumstatus",
        "4687": "game:stackrandomizer-materials-building",
        "262": "game:stackrandomizer-accessory-mediumstatus",
        "3080": "game:stackrandomizer-ruinedweapon"
    },
    "Indices": [
        15360,
        16384,
        17408,
        18432,
        1063936,
        1064960,
        1065984,
        1067008,
        2112512,
        2113536,
        2114560,
        2115584,
        3164160,
        15361,
        16385,
        17409,
        18433,
        19457,
        1063937,
        1064961,
        1065985,
        1067009,
        1068033,
        2112513,
        2113537,
        2114561,
        2115585,
        2116609,
        3162113,
        3163137,
        3164161,
        3165185,
        13314,
        14338,
        15362,
        16386,
        17410,
        18434,
        19458,
        1061890,
        1062914,
        1063938,
        1064962,
        1065986,
        1067010,
        1068034,
        2110466,
        2111490,
        2112514,
        2113538,
        2114562,
        2115586,
        2116610,
        3162114,
        3163138,
        3164162,
        3165186,
        4210690,
        4211714,
        4212738,
        5260290,
        7343106,
        7349250,
        3075,
        4099,
        5123,
        6147,
        7171,
        8195,
        9219,
        10243,
        11267,
        12291,
        13315,
        14339,
        15363,
        16387,
        17411,
        18435,
        19459,
        1051651,
        1052675,
        1053699,
        1054723,
        1055747,
        1056771,
        1057795,
        1058819,
        1059843,
        1060867,
        1061891,
        1062915,
        1063939,
        1064963,
        1065987,
        1067011,
        1068035,
        2100227,
        2101251,
        2102275,
        2103299,
        2104323,
        2105347,
        2106371,
        2107395,
        2108419,
        2109443,
        2110467,
        2111491,
        2112515,
        2113539,
        2114563,
        2115587,
        2116611,
        3147779,
        3148803,
        3149827,
        3150851,
        3151875,
        3152899,
        3153923,
        3154947,
        3155971,
        3156995,
        3158019,
        3160067,
        3161091,
        3162115,
        3163139,
        3164163,
        3165187,
        4197379,
        4198403,
        4199427,
        4200451,
        4201475,
        4202499,
        4203523,
        4206595,
        4210691,
        4211715,
        4212739,
        5245955,
        5246979,
        5248003,
        5249027,
        5250051,
        5251075,
        5252099,
        5260291,
        6294531,
        6295555,
        6296579,
        6297603,
        6298627,
        6299651,
        6300675,
        6308867,
        7342083,
        7343107,
        7344131,
        7345155,
        7346179,
        7347203,
        7348227,
        7349251,
        7350275,
        8391683,
        8392707,
        8393731,
        8394755,
        8395779,
        8396803,
        8397827,
        9440259,
        9441283,
        9442307,
        9443331,
        9444355,
        9445379,
        9446403,
        10488835,
        10489859,
        10490883,
        10491907,
        10492931,
        10493955,
        10494979,
        11537411,
        11538435,
        11539459,
        11540483,
        11541507,
        11542531,
        11543555,
        12585987,
        12587011,
        12588035,
        12590083,
        12591107,
        12592131,
        13634563,
        13635587,
        13636611,
        13637635,
        13638659,
        13639683,
        13640707,
        14683139,
        14684163,
        14685187,
        14686211,
        14687235,
        14688259,
        14689283,
        15731715,
        15734787,
        15737859,
        16780291,
        16783363,
        16786435,
        17828867,
        17829891,
        17830915,
        17831939,
        17832963,
        17833987,
        17835011,
        18877443,
        18878467,
        18879491,
        18880515,
        18881539,
        18882563,
        18883587,
        2052,
        3076,
        4100,
        5124,
        6148,
        7172,
        8196,
        9220,
        10244,
        11268,
        12292,
        13316,
        14340,
        15364,
        16388,
        17412,
        18436,
        19460,
        20484,
        1050628,
        1051652,
        1052676,
        1053700,
        1054724,
        1055748,
        1056772,
        1057796,
        1058820,
        1059844,
        1060868,
        1061892,
        1062916,
        1063940,
        1064964,
        1065988,
        1067012,
        1068036,
        1069060,
        2099204,
        2100228,
        2101252,
        2102276,
        2103300,
        2104324,
        2105348,
        2106372,
        2107396,
        2108420,
        2109444,
        2110468,
        2111492,
        2112516,
        2113540,
        2114564,
        2115588,
        2116612,
        2117636,
        3147780,
        3148804,
        3149828,
        3150852,
        3151876,
        3152900,
        3153924,
        3154948,
        3155972,
        3156996,
        3158020,
        3159044,
        3160068,
        3161092,
        3162116,
        3163140,
        3164164,
        4197380,
        4198404,
        4203524,
        4204548,
        4205572,
        4206596,
        4207620,
        4208644,
        4209668,
        4210692,
        4211716,
        4212740,
        5245956,
        5252100,
        5253124,
        5254148,
        5255172,
        5256196,
        5257220,
        5258244,
        5259268,
        5260292,
        5261316,
        6294532,
        6295556,
        6296580,
        6297604,
        6298628,
        6299652,
        6300676,
        6301700,
        6302724,
        6303748,
        6304772,
        6305796,
        6307844,
        6308868,
        7343108,
        7348228,
        7349252,
        7350276,
        7351300,
        7352324,
        7353348,
        8391684,
        8397828,
        8398852,
        8399876,
        8400900,
        8401924,
        9440260,
        9446404,
        9447428,
        9448452,
        9449476,
        9450500,
        10488836,
        10489860,
        10490884,
        10491908,
        10492932,
        10493956,
        10494980,
        11537412,
        11543556,
        12585988,
        12592132,
        13634564,
        13635588,
        13636612,
        13637636,
        13638660,
        13639684,
        13640708,
        14683140,
        14684164,
        14689284,
        17828868,
        17835012,
        18877444,
        18878468,
        18879492,
        18880516,
        18881540,
        18882564,
        18883588,
        19927044,
        19928068,
        19929092,
        19931140,
        2053,
        3077,
        4101,
        5125,
        6149,
        7173,
        8197,
        9221,
        10245,
        11269,
        12293,
        13317,
        14341,
        15365,
        16389,
        17413,
        18437,
        19461,
        20485,
        1050629,
        1051653,
        1052677,
        1053701,
        1054725,
        1055749,
        1056773,
        1057797,
        1058821,
        1059845,
        1060869,
        1061893,
        1062917,
        1063941,
        1064965,
        1065989,
        1067013,
        1068037,
        1069061,
        2099205,
        2100229,
        2101253,
        2102277,
        2103301,
        2104325,
        2105349,
        2106373,
        2107397,
        2108421,
        2109445,
        2110469,
        2111493,
        2112517,
        2113541,
        2114565,
        2115589,
        2116613,
        2117637,
        3148805,
        3149829,
        3150853,
        3151877,
        3152901,
        3153925,
        3154949,
        3155973,
        3156997,
        3158021,
        3159045,
        3160069,
        3161093,
        3162117,
        3163141,
        3164165,
        3166213,
        4197381,
        4199429,
        4203525,
        4204549,
        4207621,
        4208645,
        4209669,
        4210693,
        4211717,
        5245957,
        5248005,
        5252101,
        5253125,
        5257221,
        5258245,
        5259269,
        6294533,
        6295557,
        6296581,
        6299653,
        6300677,
        6301701,
        6302725,
        6303749,
        6304773,
        6305797,
        6306821,
        7343109,
        7345157,
        7349253,
        7350277,
        7351301,
        7352325,
        7353349,
        7354373,
        8391685,
        8393733,
        8397829,
        8398853,
        9440261,
        9442309,
        9446405,
        9447429,
        10488837,
        10489861,
        10490885,
        10493957,
        10494981,
        10496005,
        10497029,
        10498053,
        11537413,
        11539461,
        11542533,
        11543557,
        12585989,
        12588037,
        12592133,
        13634565,
        13635589,
        13636613,
        13639685,
        13640709,
        14683141,
        14689285,
        17828869,
        17835013,
        18877445,
        18878469,
        19927045,
        1030,
        2054,
        3078,
        4102,
        5126,
        6150,
        7174,
        8198,
        9222,
        10246,
        11270,
        12294,
        13318,
        14342,
        15366,
        16390,
        17414,
        18438,
        19462,
        1049606,
        1050630,
        1051654,
        1052678,
        1053702,
        1054726,
        1055750,
        1056774,
        1057798,
        1058822,
        1059846,
        1060870,
        1061894,
        1062918,
        1063942,
        1064966,
        1065990,
        1067014,
        1068038,
        2098182,
        2099206,
        2100230,
        2101254,
        2102278,
        2103302,
        2104326,
        2105350,
        2106374,
        2107398,
        2108422,
        2109446,
        2110470,
        2111494,
        2112518,
        2113542,
        2114566,
        2115590,
        2116614,
        3147782,
        3148806,
        3149830,
        3150854,
        3151878,
        3152902,
        3153926,
        3154950,
        3155974,
        3156998,
        3158022,
        3159046,
        3160070,
        3161094,
        3162118,
        3163142,
        3164166,
        4197382,
        4198406,
        4199430,
        4205574,
        4208646,
        4209670,
        4210694,
        4211718,
        5245958,
        5258246,
        5259270,
        5260294,
        6294534,
        6297606,
        6298630,
        6299654,
        6300678,
        6301702,
        6302726,
        6303750,
        6304774,
        6305798,
        7343110,
        7350278,
        7351302,
        7352326,
        8391686,
        8398854,
        9440262,
        9446406,
        9447430,
        10488838,
        10489862,
        10490886,
        10491910,
        10492934,
        10493958,
        10494982,
        10496006,
        11537414,
        11540486,
        11543558,
        11544582,
        11545606,
        13634566,
        13635590,
        13636614,
        13637638,
        13638662,
        13639686,
        13640710,
        14683142,
        14685190,
        14686214,
        14688262,
        14689286,
        15731718,
        15737862,
        16780294,
        16786438,
        17828870,
        18877446,
        7,
        1031,
        2055,
        3079,
        4103,
        5127,
        6151,
        7175,
        8199,
        9223,
        10247,
        11271,
        12295,
        13319,
        14343,
        15367,
        16391,
        17415,
        18439,
        19463,
        1048583,
        1049607,
        1050631,
        1051655,
        1052679,
        1053703,
        1054727,
        1055751,
        1056775,
        1057799,
        1058823,
        1059847,
        1060871,
        1061895,
        1062919,
        1063943,
        1064967,
        1065991,
        1067015,
        1068039,
        2097159,
        2098183,
        2099207,
        2100231,
        2101255,
        2102279,
        2103303,
        2104327,
        2105351,
        2106375,
        2107399,
        2108423,
        2109447,
        2110471,
        2111495,
        2112519,
        2113543,
        2114567,
        2115591,
        2116615,
        3148807,
        3149831,
        3150855,
        3151879,
        3152903,
        3153927,
        3154951,
        3155975,
        3156999,
        3158023,
        3159047,
        3160071,
        3161095,
        3162119,
        3163143,
        3164167,
        3165191,
        4197383,
        4198407,
        4199431,
        4200455,
        4203527,
        4204551,
        4206599,
        4207623,
        4208647,
        4209671,
        4210695,
        4211719,
        5245959,
        5246983,
        5252103,
        5253127,
        5260295,
        6294535,
        6299655,
        6300679,
        6301703,
        6302727,
        6303751,
        7343111,
        7348231,
        7349255,
        7350279,
        8391687,
        8397831,
        8398855,
        9440263,
        9446407,
        9447431,
        10488839,
        10489863,
        10493959,
        10494983,
        10496007,
        11538439,
        11543559,
        11544583,
        12585991,
        12592135,
        12593159,
        12594183,
        13634567,
        13639687,
        13640711,
        14689287,
        15737863,
        17828871,
        8,
        1032,
        2056,
        3080,
        4104,
        5128,
        6152,
        7176,
        8200,
        9224,
        10248,
        11272,
        12296,
        13320,
        14344,
        15368,
        16392,
        17416,
        18440,
        1048584,
        1049608,
        1050632,
        1051656,
        1052680,
        1053704,
        1054728,
        1055752,
        1056776,
        1057800,
        1058824,
        1059848,
        1060872,
        1061896,
        1062920,
        1063944,
        1064968,
        1065992,
        1067016,
        2097160,
        2098184,
        2099208,
        2100232,
        2101256,
        2102280,
        2103304,
        2104328,
        2105352,
        2106376,
        2107400,
        2108424,
        2109448,
        2110472,
        2111496,
        2112520,
        2113544,
        2114568,
        2115592,
        3145736,
        3146760,
        3147784,
        3148808,
        3149832,
        3150856,
        3151880,
        3152904,
        3153928,
        3154952,
        3155976,
        3157000,
        3158024,
        3159048,
        3160072,
        3161096,
        3162120,
        3163144,
        3164168,
        4196360,
        4197384,
        4198408,
        4199432,
        4200456,
        4201480,
        4203528,
        4204552,
        4205576,
        4206600,
        4207624,
        4208648,
        4210696,
        4211720,
        5244936,
        5245960,
        5246984,
        5248008,
        5249032,
        5252104,
        5253128,
        5260296,
        6294536,
        6295560,
        6299656,
        6300680,
        6301704,
        6302728,
        6308872,
        7343112,
        7344136,
        7348232,
        7349256,
        7350280,
        7351304,
        8391688,
        8397832,
        8398856,
        9440264,
        9446408,
        9447432,
        10488840,
        10491912,
        10492936,
        10493960,
        10494984,
        10496008,
        11543560,
        11544584,
        12592136,
        12593160,
        12601352,
        13638664,
        13639688,
        13640712,
        14689288,
        9,
        1033,
        2057,
        3081,
        4105,
        5129,
        6153,
        7177,
        8201,
        9225,
        10249,
        11273,
        12297,
        13321,
        14345,
        15369,
        16393,
        17417,
        18441,
        1048585,
        1049609,
        1050633,
        1051657,
        1052681,
        1053705,
        1054729,
        1055753,
        1056777,
        1057801,
        1058825,
        1059849,
        1060873,
        1061897,
        1062921,
        1063945,
        1064969,
        1065993,
        1067017,
        2097161,
        2098185,
        2099209,
        2100233,
        2101257,
        2102281,
        2103305,
        2104329,
        2105353,
        2106377,
        2107401,
        2108425,
        2109449,
        2110473,
        2111497,
        2112521,
        2113545,
        2114569,
        2115593,
        3146761,
        3147785,
        3148809,
        3149833,
        3150857,
        3151881,
        3152905,
        3153929,
        3154953,
        3155977,
        3157001,
        3158025,
        3159049,
        3160073,
        3161097,
        3162121,
        3163145,
        4195337,
        4196361,
        4197385,
        4198409,
        4199433,
        4200457,
        4201481,
        4202505,
        4203529,
        4204553,
        4207625,
        4208649,
        4209673,
        4210697,
        4211721,
        5245961,
        5246985,
        5248009,
        5249033,
        5250057,
        5251081,
        5252105,
        5253129,
        5260297,
        6294537,
        6295561,
        6296585,
        6297609,
        6298633,
        6299657,
        6300681,
        6301705,
        6308873,
        7343113,
        7344137,
        7345161,
        7346185,
        7347209,
        7348233,
        7349257,
        7350281,
        7357449,
        8391689,
        8392713,
        8393737,
        8394761,
        8395785,
        8396809,
        8397833,
        8398857,
        8406025,
        9442313,
        9443337,
        9444361,
        9445385,
        9446409,
        9447433,
        10490889,
        10491913,
        10492937,
        10493961,
        10494985,
        10496009,
        10503177,
        11540489,
        11541513,
        11542537,
        11543561,
        11551753,
        12589065,
        12590089,
        12591113,
        12592137,
        13638665,
        13639689,
        13640713,
        14688265,
        14689289,
        15736841,
        15737865,
        10,
        1034,
        2058,
        3082,
        4106,
        5130,
        6154,
        7178,
        8202,
        9226,
        10250,
        11274,
        12298,
        13322,
        14346,
        15370,
        16394,
        17418,
        1048586,
        1049610,
        1050634,
        1051658,
        1052682,
        1053706,
        1054730,
        1055754,
        1056778,
        1057802,
        1058826,
        1059850,
        1060874,
        1061898,
        1062922,
        1063946,
        1064970,
        1065994,
        2097162,
        2098186,
        2099210,
        2100234,
        2101258,
        2102282,
        2103306,
        2104330,
        2105354,
        2106378,
        2107402,
        2108426,
        2109450,
        2110474,
        2111498,
        2112522,
        2113546,
        2114570,
        3145738,
        3146762,
        3147786,
        3148810,
        3149834,
        3150858,
        3151882,
        3152906,
        3154954,
        3155978,
        3157002,
        3158026,
        3159050,
        3160074,
        3161098,
        3162122,
        3163146,
        4195338,
        4196362,
        4197386,
        4198410,
        4199434,
        4200458,
        4204554,
        4205578,
        4208650,
        4209674,
        4210698,
        4211722,
        5244938,
        5245962,
        5246986,
        5248010,
        5249034,
        5253130,
        5257226,
        5259274,
        5260298,
        6294538,
        6295562,
        6296586,
        6301706,
        6305802,
        6307850,
        6308874,
        7343114,
        7344138,
        7345162,
        7350282,
        7354378,
        7357450,
        8397834,
        8398858,
        8402954,
        8406026,
        9447434,
        9454602,
        10494986,
        10496010,
        11,
        1035,
        2059,
        3083,
        4107,
        5131,
        6155,
        7179,
        8203,
        9227,
        10251,
        11275,
        12299,
        13323,
        14347,
        15371,
        16395,
        17419,
        1048587,
        1049611,
        1050635,
        1051659,
        1052683,
        1053707,
        1054731,
        1055755,
        1056779,
        1057803,
        1058827,
        1059851,
        1060875,
        1061899,
        1062923,
        1063947,
        1064971,
        1065995,
        2097163,
        2098187,
        2099211,
        2100235,
        2101259,
        2102283,
        2103307,
        2104331,
        2105355,
        2106379,
        2107403,
        2108427,
        2109451,
        2110475,
        2111499,
        2112523,
        2113547,
        2114571,
        3145739,
        3146763,
        3147787,
        3148811,
        3149835,
        3150859,
        3151883,
        3153931,
        3154955,
        3155979,
        3157003,
        3158027,
        3159051,
        3160075,
        3161099,
        3162123,
        3163147,
        4195339,
        4196363,
        4197387,
        4198411,
        4199435,
        4204555,
        4205579,
        4206603,
        4207627,
        4208651,
        4209675,
        4210699,
        4211723,
        5244939,
        5245963,
        5253131,
        5254155,
        5255179,
        5256203,
        5257227,
        5258251,
        5259275,
        5260299,
        6293515,
        6295563,
        6301707,
        6302731,
        6303755,
        6304779,
        6305803,
        6306827,
        6307851,
        6308875,
        7350283,
        7351307,
        7352331,
        7353355,
        7354379,
        7355403,
        7356427,
        7357451,
        8397835,
        8398859,
        8399883,
        8400907,
        8401931,
        8402955,
        8403979,
        8405003,
        8406027,
        8407051,
        9447435,
        9448459,
        9449483,
        9450507,
        9451531,
        9452555,
        9454603,
        10498059,
        12,
        1036,
        2060,
        3084,
        4108,
        5132,
        6156,
        7180,
        8204,
        9228,
        10252,
        11276,
        12300,
        13324,
        14348,
        15372,
        16396,
        17420,
        1048588,
        1049612,
        1050636,
        1051660,
        1052684,
        1053708,
        1054732,
        1055756,
        1056780,
        1057804,
        1058828,
        1059852,
        1060876,
        1061900,
        1062924,
        1063948,
        1064972,
        1065996,
        2097164,
        2098188,
        2099212,
        2100236,
        2101260,
        2102284,
        2103308,
        2104332,
        2105356,
        2106380,
        2107404,
        2108428,
        2109452,
        2110476,
        2111500,
        2112524,
        2113548,
        2114572,
        3145740,
        3146764,
        3147788,
        3148812,
        3149836,
        3150860,
        3153932,
        3155980,
        3157004,
        3158028,
        3159052,
        3160076,
        3161100,
        3162124,
        3163148,
        4195340,
        4196364,
        4197388,
        4198412,
        4204556,
        4208652,
        4209676,
        5244940,
        5253132,
        5257228,
        6301708,
        6305804,
        7350284,
        7354380,
        7355404,
        8398860,
        8402956,
        8406028,
        9448460,
        9450508,
        10498060,
        13,
        1037,
        2061,
        3085,
        4109,
        5133,
        6157,
        7181,
        8205,
        9229,
        10253,
        11277,
        12301,
        13325,
        14349,
        15373,
        16397,
        1048589,
        1049613,
        1050637,
        1051661,
        1052685,
        1053709,
        1054733,
        1055757,
        1056781,
        1057805,
        1058829,
        1059853,
        1060877,
        1061901,
        1062925,
        1063949,
        1064973,
        2097165,
        2098189,
        2099213,
        2100237,
        2101261,
        2102285,
        2103309,
        2104333,
        2105357,
        2106381,
        2107405,
        2108429,
        2109453,
        2110477,
        2111501,
        2112525,
        2113549,
        3146765,
        3147789,
        3148813,
        3150861,
        3152909,
        3155981,
        3157005,
        3158029,
        3159053,
        3160077,
        4195341,
        4196365,
        4204557,
        4208653,
        5253133,
        5257229,
        6301709,
        6305805,
        7350285,
        7354381,
        8398861,
        8402957,
        9448461,
        9450509,
        10498061,
        1038,
        2062,
        3086,
        4110,
        5134,
        6158,
        7182,
        8206,
        9230,
        10254,
        11278,
        12302,
        13326,
        14350,
        15374,
        1049614,
        1050638,
        1051662,
        1052686,
        1053710,
        1054734,
        1055758,
        1056782,
        1057806,
        1058830,
        1059854,
        1060878,
        1061902,
        1062926,
        1063950,
        2098190,
        2099214,
        2100238,
        2101262,
        2102286,
        2103310,
        2104334,
        2105358,
        2106382,
        2107406,
        2108430,
        2109454,
        2110478,
        2111502,
        2112526,
        3148814,
        3149838,
        3153934,
        3155982,
        3157006,
        3158030,
        3159054,
        3160078,
        4197390,
        4204558,
        4208654,
        5253134,
        5257230,
        6301710,
        6305806,
        7350286,
        7354382,
        8398862,
        8402958,
        9448462,
        9450510,
        10498062,
        1039,
        2063,
        3087,
        4111,
        5135,
        6159,
        7183,
        8207,
        9231,
        10255,
        11279,
        12303,
        13327,
        14351,
        1049615,
        1050639,
        1051663,
        1052687,
        1053711,
        1054735,
        1055759,
        1056783,
        1057807,
        1058831,
        1059855,
        1060879,
        1061903,
        1062927,
        2098191,
        2099215,
        2100239,
        2101263,
        2102287,
        2103311,
        2104335,
        2105359,
        2106383,
        2107407,
        2108431,
        2109455,
        2110479,
        2111503,
        3148815,
        3150863,
        3151887,
        3154959,
        3155983,
        3157007,
        3158031,
        3159055,
        3160079,
        4204559,
        4207631,
        4208655,
        5253135,
        5257231,
        6301711,
        6305807,
        7350287,
        7354383,
        8398863,
        8402959,
        9448463,
        9450511,
        10498063,
        3088,
        4112,
        5136,
        6160,
        7184,
        8208,
        9232,
        10256,
        11280,
        12304,
        13328,
        14352,
        1051664,
        1052688,
        1053712,
        1054736,
        1055760,
        1056784,
        1057808,
        1058832,
        1059856,
        1060880,
        1061904,
        1062928,
        2100240,
        2101264,
        2102288,
        2103312,
        2104336,
        2105360,
        2106384,
        2107408,
        2108432,
        2109456,
        2110480,
        2111504,
        3148816,
        3149840,
        3151888,
        3153936,
        3154960,
        3155984,
        3157008,
        3158032,
        3159056,
        3160080,
        4204560,
        4205584,
        4207632,
        4208656,
        5253136,
        5254160,
        5256208,
        5257232,
        6301712,
        6302736,
        6303760,
        6304784,
        6305808,
        7349264,
        7350288,
        7351312,
        7352336,
        7353360,
        7354384,
        8398864,
        8399888,
        8400912,
        8401936,
        8402960,
        8403984,
        9448464,
        9449488,
        9450512,
        10498064,
        3155985,
        8402961,
        10498065
    ],
    "BlockIds": [
        2966,
        2966,
        2966,
        2966,
        2966,
        2966,
        2966,
        2966,
        2966,
        2966,
        2966,
        2966,
        4154,
        2966,
        2966,
        2966,
        2966,
        2966,
        2966,
        2966,
        2966,
        2966,
        2966,
        2966,
        2966,
        2966,
        2966,
        2966,
        4154,
        5107,
        2966,
        5107,
        2966,
        2966,
        2966,
        2966,
        2966,
        2966,
        2966,
        2966,
        2966,
        2966,
        2966,
        2966,
        2966,
        2966,
        2966,
        2966,
        2966,
        2966,
        2966,
        2966,
        2966,
        5107,
        5107,
        5107,
        2966,
        2852,
        4154,
        2776,
        5122,
        9698,
        9698,
        2966,
        2966,
        2966,
        2966,
        2966,
        2966,
        2966,
        2966,
        2966,
        2966,
        2966,
        2966,
        5107,
        2966,
        2966,
        2966,
        2966,
        2966,
        2966,
        2966,
        2966,
        2966,
        2966,
        2966,
        2966,
        2966,
        2966,
        2966,
        2966,
        5107,
        2966,
        2966,
        2966,
        2966,
        2966,
        2966,
        2966,
        2966,
        2966,
        2966,
        2966,
        2966,
        2966,
        2966,
        2966,
        2966,
        5107,
        2966,
        2966,
        2966,
        2966,
        9698,
        9493,
        2966,
        9493,
        2966,
        2966,
        4154,
        4154,
        9698,
        3061,
        2966,
        9698,
        4154,
        5107,
        5107,
        4154,
        5107,
        9493,
        2966,
        9493,
        2966,
        9493,
        4154,
        2966,
        5122,
        9493,
        5107,
        2966,
        2966,
        2966,
        9493,
        4154,
        9493,
        2966,
        4154,
        2966,
        4154,
        2966,
        9493,
        4154,
        9493,
        9493,
        4154,
        16414,
        9698,
        2966,
        2966,
        4154,
        2966,
        9493,
        2966,
        9493,
        9698,
        9493,
        9493,
        4154,
        9493,
        2966,
        4154,
        9493,
        4154,
        4154,
        9493,
        2966,
        4154,
        2966,
        4154,
        9493,
        2966,
        2966,
        4154,
        9493,
        2966,
        4154,
        2966,
        2966,
        4154,
        4154,
        9493,
        2966,
        4154,
        9493,
        4154,
        2966,
        9493,
        4154,
        2966,
        4154,
        9493,
        2966,
        4154,
        2966,
        4154,
        9493,
        9493,
        2966,
        2966,
        2966,
        2966,
        2966,
        9493,
        4154,
        4154,
        9493,
        2966,
        2966,
        2966,
        4154,
        3004,
        3080,
        4154,
        3004,
        3080,
        4154,
        9493,
        2329,
        2329,
        4154,
        2329,
        2329,
        9493,
        2966,
        2966,
        2966,
        2966,
        2966,
        2966,
        2966,
        2966,
        2966,
        2966,
        2966,
        2966,
        2966,
        2966,
        2966,
        2966,
        2966,
        2966,
        2966,
        2966,
        2966,
        2966,
        2966,
        2966,
        2966,
        2966,
        2966,
        2966,
        2966,
        2966,
        2966,
        2966,
        2966,
        2966,
        2966,
        2966,
        2966,
        2966,
        2966,
        2966,
        2966,
        2966,
        2966,
        2966,
        2966,
        2966,
        2966,
        2966,
        2966,
        2966,
        2966,
        2966,
        2966,
        2966,
        2966,
        2966,
        2966,
        16414,
        4154,
        7277,
        7277,
        7277,
        2685,
        2685,
        2966,
        4154,
        9493,
        4154,
        9493,
        2966,
        9493,
        4154,
        2966,
        5107,
        2966,
        8606,
        2966,
        2966,
        2966,
        9520,
        4154,
        2966,
        9493,
        2966,
        5107,
        5107,
        9493,
        9493,
        4154,
        9493,
        136,
        2966,
        2966,
        2966,
        5107,
        2966,
        16414,
        9493,
        7355,
        7355,
        7355,
        7355,
        7355,
        2966,
        9493,
        2966,
        2966,
        2966,
        2966,
        2852,
        9698,
        2966,
        8109,
        2966,
        9493,
        2966,
        9493,
        9493,
        2966,
        4154,
        2966,
        9493,
        9493,
        2966,
        9493,
        2966,
        2329,
        2329,
        2329,
        2329,
        4154,
        7355,
        7355,
        7355,
        7355,
        7355,
        2966,
        4154,
        2966,
        9493,
        2966,
        9493,
        7355,
        7355,
        7355,
        7355,
        7355,
        2966,
        9493,
        8109,
        9493,
        3118,
        3118,
        2339,
        7368,
        7368,
        7368,
        7368,
        7368,
        2319,
        2489,
        2329,
        2329,
        2479,
        2966,
        2966,
        2966,
        2966,
        2966,
        2966,
        2966,
        2966,
        2966,
        2966,
        2966,
        2966,
        2966,
        2966,
        2966,
        2966,
        2966,
        2966,
        2966,
        2966,
        2966,
        2966,
        2966,
        2966,
        2966,
        2966,
        2966,
        2966,
        2966,
        2966,
        2966,
        2966,
        2966,
        2966,
        2966,
        2966,
        2966,
        2966,
        2966,
        2966,
        2966,
        2966,
        2966,
        2966,
        2966,
        2966,
        2966,
        2966,
        2966,
        2966,
        2966,
        2966,
        2966,
        2966,
        2966,
        2966,
        2966,
        9493,
        7277,
        7277,
        7277,
        5107,
        5107,
        9493,
        2966,
        9668,
        9668,
        9668,
        9668,
        2670,
        9668,
        4154,
        5107,
        2852,
        4154,
        8606,
        2966,
        2966,
        16414,
        2814,
        5107,
        5107,
        2814,
        4154,
        8606,
        4154,
        2966,
        2814,
        5107,
        2852,
        9493,
        7355,
        8606,
        7355,
        9493,
        9493,
        7355,
        7355,
        7355,
        3118,
        5122,
        9493,
        8606,
        9493,
        2966,
        8610,
        8109,
        8610,
        2319,
        4154,
        8606,
        2966,
        2966,
        2966,
        8606,
        9493,
        4154,
        2966,
        7355,
        8606,
        7355,
        2966,
        2329,
        2329,
        2329,
        9493,
        8606,
        5122,
        9493,
        2966,
        8606,
        4154,
        4154,
        7355,
        8606,
        7355,
        2966,
        2966,
        2966,
        3042,
        3042,
        2339,
        7368,
        2339,
        2966,
        2966,
        2966,
        2966,
        2966,
        2966,
        2966,
        2966,
        2966,
        2966,
        2966,
        2966,
        2966,
        2966,
        2966,
        2966,
        2966,
        2966,
        2966,
        2966,
        2966,
        2966,
        2966,
        2966,
        2966,
        2966,
        2966,
        2966,
        2966,
        2966,
        2966,
        2966,
        2966,
        2966,
        2966,
        2966,
        2966,
        2966,
        2966,
        2966,
        2966,
        2966,
        2966,
        2966,
        2966,
        2966,
        2966,
        2966,
        2966,
        2966,
        2966,
        2966,
        2966,
        2966,
        2966,
        2966,
        2966,
        5107,
        9493,
        7277,
        2670,
        5107,
        5107,
        5107,
        4154,
        9493,
        9668,
        5107,
        9668,
        2670,
        9668,
        9668,
        2966,
        9698,
        2966,
        5107,
        2852,
        16414,
        2966,
        5107,
        5107,
        2776,
        9493,
        2852,
        16414,
        2776,
        4154,
        7355,
        7355,
        7355,
        9493,
        4154,
        7355,
        7355,
        7355,
        2833,
        4154,
        9519,
        8610,
        5122,
        2966,
        136,
        9493,
        2966,
        2966,
        2966,
        7355,
        7355,
        7355,
        7355,
        7355,
        4154,
        2966,
        9493,
        5122,
        4154,
        2329,
        2329,
        2966,
        7355,
        7355,
        7355,
        7355,
        7355,
        4154,
        2966,
        5122,
        8606,
        5535,
        2966,
        4154,
        4154,
        2966,
        9493,
        4154,
        2966,
        5107,
        2966,
        5107,
        2966,
        2966,
        2966,
        2966,
        2966,
        2966,
        2966,
        2966,
        2966,
        2966,
        2966,
        2966,
        2966,
        2966,
        2966,
        2966,
        2966,
        5107,
        2966,
        5107,
        2966,
        2966,
        2966,
        2966,
        2966,
        2966,
        2966,
        2966,
        2966,
        2966,
        2966,
        2966,
        2966,
        2966,
        2966,
        2966,
        2966,
        5107,
        2966,
        5107,
        2966,
        2966,
        2966,
        2966,
        2966,
        2966,
        2966,
        2966,
        2966,
        2966,
        2966,
        2966,
        2966,
        2966,
        2966,
        2966,
        2966,
        4154,
        2670,
        2670,
        2670,
        7277,
        7290,
        2966,
        4154,
        9668,
        9668,
        2670,
        9668,
        2670,
        9668,
        4154,
        5107,
        2852,
        9493,
        5107,
        5107,
        2852,
        2966,
        4154,
        8610,
        2852,
        8610,
        5107,
        8610,
        2814,
        4154,
        4154,
        2966,
        2966,
        2814,
        9493,
        7355,
        2966,
        9493,
        7355,
        7355,
        4154,
        8606,
        2966,
        9493,
        2966,
        2966,
        9493,
        4154,
        9493,
        4154,
        4154,
        7355,
        7355,
        9493,
        3099,
        5535,
        9493,
        3118,
        2966,
        2966,
        2329,
        2329,
        2966,
        7355,
        4154,
        9493,
        16414,
        3118,
        2966,
        2966,
        2966,
        2966,
        2966,
        2966,
        2966,
        2966,
        2966,
        2966,
        2966,
        2966,
        2966,
        2966,
        2966,
        2966,
        2966,
        2966,
        2966,
        2966,
        2966,
        2966,
        2966,
        2966,
        2966,
        2966,
        2966,
        2966,
        2966,
        2966,
        2966,
        2966,
        2966,
        2966,
        2966,
        2966,
        2966,
        2966,
        2966,
        2966,
        2966,
        2966,
        2966,
        2966,
        2966,
        2966,
        2966,
        2966,
        2966,
        2966,
        2966,
        2966,
        2966,
        2966,
        2966,
        2966,
        2966,
        5107,
        4154,
        5107,
        4154,
        7290,
        7290,
        7290,
        7290,
        7277,
        9493,
        9493,
        9668,
        9668,
        5107,
        2670,
        5107,
        9668,
        2966,
        9698,
        2966,
        2966,
        5107,
        5107,
        5107,
        5107,
        9493,
        9493,
        8606,
        8606,
        16414,
        2852,
        2329,
        2776,
        16414,
        2966,
        9493,
        4154,
        2852,
        9493,
        2966,
        2776,
        2966,
        4154,
        7355,
        2966,
        2966,
        7355,
        2776,
        9493,
        2757,
        8606,
        2966,
        4154,
        8606,
        4154,
        4154,
        9493,
        2966,
        4154,
        2966,
        5535,
        7355,
        7355,
        7355,
        4154,
        3023,
        2966,
        3042,
        2966,
        8610,
        9698,
        7355,
        7355,
        2966,
        4154,
        5107,
        2966,
        2966,
        2966,
        2966,
        2966,
        2966,
        2966,
        2966,
        2966,
        2966,
        2966,
        2966,
        2966,
        2966,
        2966,
        2966,
        2966,
        2966,
        5107,
        2966,
        2966,
        2966,
        2966,
        2966,
        2966,
        2966,
        2966,
        2966,
        2966,
        2966,
        2966,
        2966,
        2966,
        2966,
        2966,
        2966,
        2966,
        5107,
        2966,
        2966,
        2966,
        2966,
        2966,
        2966,
        2966,
        2966,
        2966,
        2966,
        2966,
        2966,
        2966,
        2966,
        2966,
        2966,
        2966,
        2966,
        5107,
        4154,
        5107,
        9493,
        2966,
        4154,
        4154,
        2966,
        9493,
        2966,
        5107,
        9668,
        5107,
        9668,
        2670,
        2670,
        9493,
        5107,
        2966,
        4154,
        9493,
        9493,
        5107,
        9493,
        9493,
        9493,
        2966,
        2329,
        2852,
        2852,
        4154,
        2814,
        9493,
        2966,
        4154,
        2852,
        2966,
        9493,
        4154,
        9493,
        2814,
        2966,
        4154,
        9493,
        9493,
        2966,
        9493,
        4154,
        9493,
        2814,
        2966,
        2966,
        9493,
        2966,
        4154,
        2966,
        9493,
        4154,
        2814,
        5122,
        2966,
        4154,
        4154,
        2966,
        9493,
        4154,
        2966,
        2814,
        2966,
        9493,
        2966,
        9493,
        9493,
        4154,
        5535,
        2966,
        9493,
        2966,
        9493,
        2319,
        2966,
        4154,
        4154,
        2966,
        2966,
        2349,
        16414,
        9493,
        4154,
        2966,
        16414,
        9493,
        2966,
        2966,
        2966,
        16414,
        9493,
        2966,
        2966,
        5107,
        5107,
        2966,
        2966,
        2966,
        2966,
        2966,
        2966,
        2966,
        2966,
        2966,
        2966,
        2966,
        2966,
        2966,
        2966,
        2966,
        2966,
        5107,
        5107,
        2966,
        2966,
        2966,
        2966,
        2966,
        2966,
        2966,
        2966,
        2966,
        2966,
        2966,
        2966,
        2966,
        2966,
        2966,
        2966,
        5107,
        5107,
        2966,
        2966,
        2966,
        2966,
        2966,
        2966,
        2966,
        2966,
        2966,
        2966,
        2966,
        2966,
        2966,
        2966,
        5107,
        5107,
        4154,
        5107,
        5107,
        5107,
        3099,
        9493,
        9698,
        4154,
        9668,
        5107,
        9668,
        9668,
        9668,
        5107,
        4154,
        5107,
        2966,
        4154,
        5107,
        5107,
        5107,
        9493,
        16414,
        2776,
        5107,
        2966,
        2776,
        2852,
        2966,
        2966,
        5107,
        16414,
        2966,
        2776,
        2966,
        2776,
        5107,
        2966,
        2966,
        2966,
        3042,
        2852,
        2776,
        2852,
        5107,
        2814,
        9493,
        2776,
        2776,
        9698,
        4154,
        2776,
        2776,
        2966,
        3042,
        9698,
        8610,
        2966,
        2966,
        2966,
        2966,
        2966,
        2966,
        2966,
        2966,
        2966,
        2966,
        2966,
        2966,
        2966,
        2966,
        2966,
        2966,
        2966,
        2966,
        2966,
        2966,
        2966,
        2966,
        2966,
        2966,
        2966,
        2966,
        2966,
        2966,
        2966,
        2966,
        2966,
        2966,
        2966,
        2966,
        2966,
        2966,
        2966,
        2966,
        2966,
        2966,
        2966,
        2966,
        2966,
        2966,
        2966,
        2966,
        2966,
        2966,
        2966,
        2966,
        2966,
        2966,
        2966,
        2966,
        4154,
        5107,
        4154,
        5107,
        5107,
        5107,
        4154,
        8606,
        9698,
        9493,
        4154,
        2966,
        4154,
        2966,
        9493,
        4154,
        2966,
        2852,
        2966,
        2966,
        5107,
        2852,
        4154,
        2966,
        9521,
        2966,
        2966,
        2757,
        2795,
        4154,
        2852,
        5122,
        2966,
        4154,
        136,
        9493,
        4154,
        2757,
        2795,
        9493,
        9698,
        9698,
        2966,
        9493,
        2966,
        2966,
        9493,
        9493,
        4154,
        2966,
        4154,
        2966,
        4154,
        9493,
        2966,
        4154,
        2966,
        2966,
        9698,
        2966,
        9493,
        2966,
        2966,
        9493,
        2966,
        2852,
        2966,
        9698,
        2349,
        2419,
        2966,
        2429,
        5122,
        2329,
        2349,
        2569,
        2966,
        2966,
        2966,
        2966,
        2966,
        2966,
        2966,
        2966,
        2966,
        2966,
        2966,
        2966,
        2966,
        2966,
        2966,
        2966,
        2966,
        2966,
        2966,
        2966,
        2966,
        2966,
        2966,
        2966,
        2966,
        2966,
        2966,
        2966,
        2966,
        2966,
        2966,
        2966,
        2966,
        2966,
        2966,
        2966,
        2966,
        2966,
        2966,
        2966,
        2966,
        2966,
        2966,
        2966,
        2966,
        2966,
        2966,
        2966,
        2966,
        2966,
        2966,
        2966,
        2966,
        2966,
        2966,
        5107,
        2966,
        5107,
        5107,
        2814,
        2852,
        9493,
        9668,
        5107,
        9668,
        2966,
        3099,
        3099,
        9698,
        5535,
        2852,
        5107,
        2852,
        2814,
        2814,
        9698,
        9698,
        2814,
        2814,
        2814,
        2814,
        2966,
        9493,
        9698,
        2339,
        2319,
        9698,
        2339,
        2319,
        2569,
        5107,
        2966,
        2966,
        2966,
        2966,
        2966,
        2966,
        2966,
        2966,
        2966,
        2966,
        2966,
        2966,
        2966,
        2966,
        2966,
        2966,
        5107,
        2966,
        2966,
        2966,
        2966,
        2966,
        2966,
        2966,
        2966,
        2966,
        2966,
        2966,
        2966,
        2966,
        2966,
        2966,
        2966,
        5107,
        2966,
        2966,
        2966,
        2966,
        2966,
        2966,
        2966,
        2966,
        2966,
        2966,
        2966,
        2966,
        2966,
        2966,
        2966,
        2966,
        4154,
        5107,
        5107,
        8606,
        2852,
        4154,
        5107,
        5107,
        9668,
        2966,
        5535,
        5122,
        2776,
        2776,
        2776,
        2776,
        2776,
        2776,
        9493,
        2966,
        2339,
        2319,
        2339,
        2319,
        2569,
        2966,
        2966,
        2966,
        2966,
        2966,
        2966,
        2966,
        2966,
        2966,
        2966,
        2966,
        2966,
        2966,
        2966,
        2966,
        2966,
        2966,
        2966,
        2966,
        2966,
        2966,
        2966,
        2966,
        2966,
        2966,
        2966,
        2966,
        2966,
        2966,
        2966,
        2966,
        2966,
        2966,
        2966,
        2966,
        2966,
        2966,
        2966,
        2966,
        2966,
        2966,
        2966,
        2966,
        2966,
        2966,
        5107,
        2852,
        5122,
        9493,
        5107,
        5107,
        5107,
        2966,
        5122,
        2814,
        2814,
        2814,
        2814,
        2814,
        2814,
        2966,
        4154,
        2339,
        2319,
        2339,
        2319,
        2569,
        5107,
        5107,
        2966,
        2966,
        2966,
        2966,
        2966,
        2966,
        2966,
        2966,
        2966,
        2966,
        2966,
        2966,
        5107,
        5107,
        2966,
        2966,
        2966,
        2966,
        2966,
        2966,
        2966,
        2966,
        2966,
        2966,
        2966,
        2966,
        5107,
        5107,
        2966,
        2966,
        2966,
        2966,
        2966,
        2966,
        2966,
        2966,
        2966,
        2966,
        2966,
        2966,
        1394,
        5535,
        8606,
        8606,
        2966,
        9668,
        9668,
        5107,
        2966,
        2776,
        8606,
        2776,
        2776,
        2776,
        2776,
        2776,
        2966,
        4154,
        2339,
        2319,
        2339,
        2319,
        2569,
        2966,
        2966,
        2966,
        2966,
        2966,
        2966,
        2966,
        2966,
        2966,
        2966,
        2966,
        2966,
        2966,
        2966,
        2966,
        2966,
        2966,
        2966,
        2966,
        2966,
        2966,
        2966,
        2966,
        2966,
        2966,
        2966,
        2966,
        2966,
        2966,
        2966,
        2966,
        2966,
        2966,
        2966,
        2966,
        2966,
        1396,
        1378,
        1376,
        1382,
        1388,
        9493,
        2966,
        3099,
        2966,
        2966,
        2966,
        9493,
        2966,
        4154,
        2966,
        4154,
        4154,
        2966,
        9493,
        2966,
        2833,
        2966,
        9493,
        9698,
        4154,
        4154,
        9493,
        9493,
        2966,
        3061,
        9493,
        2852,
        2966,
        2985,
        9698,
        3061,
        2833,
        2985,
        2852,
        9698,
        9698,
        9698
    ],
    "DecorIndices": [],
    "DecorIds": [],
    "BlockEntities": {
        "7343106": "!<d@[F*MKG#64c-E,TfCEW?(>!<d@[F*a/\"#64o6@VfsmCI<#NAIrp*E,]`9FCJfiD(T1/ARl&M@V&tbF!L_m+pnYd!!%O6'`\\5a58\"J9qu;.1(&S#\\590_(i'8.=9-=<:",
        "7349250": "!<d@[F*MKG#64c-E,TfCEW?(>!<d@[F*aA(#64o6@VfsmCI<#NAIrp*E,]`9FCJfiD(T1/ARl&M@V&tbF\"%(r-OL@n!!%O6'`\\5a590_(J3OYW%0-BY58=.uJA<3$s*m6Mi_(Br!!",
        "3147779": "!<d@[F*MNH#64c-E,TfCD?'Y:!<d@[F*a,!#64o6@VfsmCI<#NAIrp*E,]`9FCJfiD(T1/ARl&M@V&tbEu4la(((3c!!%O6&df?R!2)Rt!!%O6(ue0g",
        "3155971": "!<d@[F*MNH#64c-E,TfCD?'Y:!<d@[F*aD)#64o6@VfsmCI<#NAIrp*E,]`9FCJfiD(T1/ARl&M@V&tbEuG#c(^^EU!!%O6&df'J!.[9K!!&ZW(ue12!rr",
        "3160067": "!<d@[F*MNH#64c-E,TfCD?'Y:!<d@[F*aP-#64o6@VfsmCI<#NAIrp*E,]`9FCJfiD(T1/ARl&M@V&tbF\"%(r-OL@n!!%O6'`\\5a4rjV'!'_),%KHG=^_HhL!4*[K!8p'Yi_(Br!!",
        "6308867": "!<d@[F*MNH#64c-E,TfCE<#t=!<d@[F*aY0#64o6@VfsmCI<#NAJK6(@r$13E+NQ3Ecki#Ch521Eb/ec\"E\\p.AJT</@Ua.b/R`^6Cgh?=/SB*4DJ=3(\":&scFCB9&=9&=$!!EUFATMNNDJ*csgCME?\":&scFCB9&=o\\O&!!rsADes6$@ru9m!!E[MAT2'lE`7'gFCbFP!!!!",
        "7342083": "!<d@[F*MNH#64c-E,TfCEW?(>!<d@[F*a,!#64o6@VfsmCI<#NAIrp*E,]`9FCJfiD(T1/ARl&M@V&tbEub5f)[Zoe!!%O6*<6(i58\";4!<@p@'`\\5a^_l'(!!",
        "7350275": "!<d@[F*MNH#64c-E,TfCEW?(>!<d@[F*aD)#64o6@VfsmCI<#NAIrp*E,]`9FCJfiD(T1/ARl&M@V&tbF(,+V*=<,_!!%O6'`\\5a58\";<s8RR5*A5%;1Do+E+9Dlj$474B!.[9K!!%O6&df'J!.[9K!!!!a(ue12!t$4Z$4Qt8J3ObK!.[9H%h6b_Im+VHs$+:>!<B&`(ue12!rr",
        "3147780": "!<d@[F*MQI#64c-E,TfCD?'Y:!<d@[F*a,!#64o6@VfsmCI<#NAJK6(@r$13E+NQ3Ecki#Ch521Eb/ec\"E\\p.AJT</@Ua.b/R`^6Cgh?>/SB*4DJ=3(\":&scFCB9&=9&=$!!EUFATMNNDJ*csi9`0_\":&scFCB9&=o\\O&!!rsADes6$@ru9m!!E[MAT2'lE`7'gFCbFP!!!!",
        "4198404": "!<d@[F*MQI#64c-E,TfCDZBb;!<d@[F*a2##64o6@VfsmCI<#NAHu^]F`__:EWlSfH#R='CggjbATBA2B4YU.\":&scFCB9&=9&=$!!EUFATMNNDJ*csgCHk?\":&scFCB9&=o\\O&!!rsADes6$@ru9m!!E[MAT2'lE`7'gFCbFP!!!!",
        "4206596": "!<d@[F*MQI#64c-E,TfCDZBb;!<d@[F*aJ+#64o6@VfsmCI<#NAJ/NlDfRFMF_P`)A1_h?F_>AC\":B0fFCB9&=]/[=gCME@#mP<eASu'i!!s*KDK]T3F@]hXA8Ggu!!!",
        "5261316": "!<d@[F*MQI#64c-E,TfCDu]k<!<d@[F*a\\1#64o6@VfsmCI<#NAJK6(@r$13E+NQ3Ecki#Ch521Eb/ec\"E\\p.AJT</@Ua.b/R`^6Cgh?@/SB*4DJ=3(\":&scFCB9&=9&=$!!EUFATMNNDJ*csgCMCi\":&scFCB9&=o\\O&!!rsADes6$@ru9m!!E[MAT2'lE`7'gFCbFP!!!!",
        "6308868": "!<d@[F*MQI#64c-E,TfCE<#t=!<d@[F*aY0#64o6@VfsmCI<#NAIrp*E,]`9FCJfiD(T1/ARl&M@V&tbF!L_m+pnYd!!!!`*<6()58\"J9!<>AM('\":u^`<CT0L-K79-=?;",
        "7348228": "!<d@[F*MQI#64c-E,TfCEW?(>!<d@[F*a>'#64o6@VfsmCI<#NAI;p\\ATMrFARTY%\"po!]G%GQ5DfU+(#'\"^#Dfg%+!!!!'\"`nKuFE7Zf0E;+R!!!Z5!!!$\"!!!-0FDl80CdVlEDI[8&bY12##6?OZ!<<*\"%06G/!<<*\"\":K<iFCAuQBOPdgA]+2>4obfg1&q=T!!!Z5!!!$\"!!!-0FDl80CdVlEDI[8&bY12##6?U\\!<<*\"(BFL9!<<*\"\":K<iFCAuQBOPdgA]+2>4obfg1]ROV!!!H/!!!$\"!!!-0FDl80CdVlEDI[7qor(%S#6?[^!<<*\"(BFL9!<<*\"\":K<iFCAuQBOPdgA]+2>4obfg2?3aX!!!Z5!!!$\"!!!-0FDl80CdVlEDI[8&bY12##6?a`!<<*\"(BFL9!<<*\"\":K<iFCAuQBOPdgA]+2>4obQ_\"Uo!]E^FS\\@r\"GMA7Z*XBOu7,/S/@3F9MehH#R=%@rH1\"@;p:!A2+2nD.Rd%6#L=OA^XNS56(",
        "14684164": "!<d@[F*MQI#64c-E,TfCGlRgE!<d@[F*a2##64o6@VfsmCI<#NAI;p\\ATMrFARTY%\"po!]G%GQ5DfU+(#'\"^#Dfg%+!!!!'\"`nKuFE7Zf0E;+R!!!Q2!!!$\"!!!-0FDl80CdVlEDI[8&bY12##6?OZ!<<*\"2\\#ff!<<*\"!!`N[!!*'\"!\"K#0!!*'\"!!!6)1B7FU!!!K0!!!$\"!!!!(!AjcW!!!!4!<<*#!!!!%$Zp</@;J;E@;]Rdc-/jF!!`N^!!*'\"!##A5!!*'\"!!E[ODffE(6YKnG@qEp/9KiF]!B'oY!!!!1!<<*#!!!!%$Zp</@;J;E@;]Rdc-/jF!!`N`!!*'\"!&kAf!!*'\"z\"Uo!]E^FS\\@r\"GMA7Z*XBOu7,/S/@3F9MehH#R=%@rH1\"@;p:!A2+2nD.Rd%6#L=OA`V%#56(",
        "4199429": "!<d@[F*MTJ#64c-E,TfCDZBb;!<d@[F*a5$#64o6@VfsmCI<#NAHu^]F`__:EWlSfH#R='CggjbATBA2B4YU.\":&scFCB9&=9&=$!!EUFATMNNDJ*csgCHk?\":&scFCB9&=o\\O&!!rsADes6$@ru9m!!E[MAT2'lE`7'gFCbFP!!!!",
        "4207621": "!<d@[F*MTJ#64c-E,TfCDZBb;!<d@[F*aM,#64o6@VfsmCI<#NAJK6(@r$13E+NQ3Ecki#Ch521Eb/ec\"E\\p.AJT</@Ua.b/R`^6Cgh?@/SB*4DJ=3(\":&scFCB9&=9&=$!!EUFATMNNDJ*csgCMCj\":&scFCB9&=o\\O&!!rsADes6$@ru9m!!E[MAT2'lE`7'gFCbFP!!!!",
        "5248005": "!<d@[F*MTJ#64c-E,TfCDu]k<!<d@[F*a5$#64o6@VfsmCI<#NAHu^]F`__:EWlSfH#R='CggjbATBA2B4YU.\":&scFCB9&=9&=$!!EUFATMNNDJ*csgCHk?\":&scFCB9&=o\\O&!!rsADes6$@ru9m!!E[MAT2'lE`7'gFCbFP!!!!",
        "6296581": "!<d@[F*MTJ#64c-E,TfCE<#t=!<d@[F*a5$#64o6@VfsmCI<#NAHu^]F`__:EWlSfH#R='CggjbATBA2B4YU.\":&scFCB9&=9&=$!!EUFATMNNDJ*csgCHk?\":&scFCB9&=o\\O&!!rsADes6$@ru9m!!E[MAT2'lE`7'gFCbFP!!!!",
        "7345157": "!<d@[F*MTJ#64c-E,TfCEW?(>!<d@[F*a5$#64o6@VfsmCI<#NAHu^]F`__:EWlSfH#R='CggjbATBA2B4YU.\":&scFCB9&=9&=$!!EUFATMNNDJ*csgCHk?\":&scFCB9&=o\\O&!!rsADes6$@ru9m!!E[MAT2'lE`7'gFCbFP!!!!",
        "7351301": "!<d@[F*MTJ#64c-E,TfCEW?(>!<d@[F*aG*#64o6@VfsmCI<#NAIW9mDfor.F*)>@@:s-U$#+:#ASuU.Ed7ZiEH>r7FE7Qb!!!3,F)5c:EsD_\"!!*'\"!4E%2!$;1@!!WgQASlBtEaa'4Eb,=fFCf<.ATD4$F`M%e@<6NjE+EC!AH2]1!<:8C5m.R;ASlBtEaa'4Eb,4Nz!!!<;AoD^\"AQ*\\hEa`Tl:i^JnErZ=LD.Rd%6#L=OA_Ra;562+\"FECr$BLZE?AH2]1!!!",
        "7352325": "!<d@[F*MTJ#64c-E,TfCEW?(>!<d@[F*aJ+#64o6@VfsmCI<#NAI;p\\ATMrFARTY%\"po!]G%GQ5DfU+(#'\"^#Dfg%+!!!!'\"`nKuFE7Zf0E;+R!!!'$!!!$\"!!!!(!AOQT!!!!6!<<*#z#6?R[!<<*\"!s&B%!<<*\"!!`N\\!!*'\"!)F4-!!*'\"!!!6)1]ROV!!#e-!!!$\"!!!!(!AsiX!!!!p&c_n4z#6?^_!<<*\"\"p\"](!<<*\"!!`N`!!*'\"!!iu5!!*'\"z\"Uo!]E^FS\\@r\"GMA7Z*XBOu7,/S/@3F9MehH#R=%@rH1\"@;p:!A2+2nD.Rd%6#L=OA_Ra;56(",
        "7353349": "!<d@[F*MTJ#64c-E,TfCEW?(>!<d@[F*aM,#64o6@VfsmCI<#NAIW9mDfor.F*)>@@:s-U$#+:#ASuU.Ed7ZiEH>r7FE7Qb!!!3,F)5c:EsD_\"!!*'\"!4E%2!\"Ao.!!WgQASlBtEaa'4Eb,=fFCf<.ATD4$F`M%e@<6NjE+EC!AH2]1!<:8C5m.R;ASlBtEaa'4Eb,4Nz!!!<;AoD^\"AQ*\\hEa`Tl:i^JnErZ=LD.Rd%6#L=OA_Ra;562+\"FECr$BLZE?AH2]1!!!",
        "8393733": "!<d@[F*MTJ#64c-E,TfCErZ1?!<d@[F*a5$#64o6@VfsmCI<#NAHu^]F`__:EWlSfH#R='CggjbATBA2B4YU.\":&scFCB9&=9&=$!!EUFATMNNDJ*csgCHk?\":&scFCB9&=o\\O&!!rsADes6$@ru9m!!E[MAT2'lE`7'gFCbFP!!!!",
        "9442309": "!<d@[F*MTJ#64c-E,TfCF8u:@!<d@[F*a5$#64o6@VfsmCI<#NAHu^]F`__:EWlSfH#R='CggjbATBA2B4YU.\":&scFCB9&=9&=$!!EUFATMNNDJ*csgCHk?\":&scFCB9&=o\\O&!!rsADes6$@ru9m!!E[MAT2'lE`7'gFCbFP!!!!",
        "10490885": "!<d@[F*MTJ#64c-E,TfCFT;CA!<d@[F*a5$#64o6@VfsmCI<#NAHu^]F`__:EWlSfH#R='CggjbATBA2B4YU.\":&scFCB9&=9&=$!!EUFATMNNDJ*csgCHk?\":&scFCB9&=o\\O&!!rsADes6$@ru9m!!E[MAT2'lE`7'gFCbFP!!!!",
        "11539461": "!<d@[F*MTJ#64c-E,TfCFoVLB!<d@[F*a5$#64o6@VfsmCI<#NAHu^]F`__:EWlSfH#R='CggjbATBA2B4YU.\":&scFCB9&=9&=$!!EUFATMNNDJ*csgCHk?\":&scFCB9&=o\\O&!!rsADes6$@ru9m!!E[MAT2'lE`7'gFCbFP!!!!",
        "12588037": "!<d@[F*MTJ#64c-E,TfCG5qUC!<d@[F*a5$#64o6@VfsmCI<#NAHu^]F`__:EWlSfH#R='CggjbATBA2B4YU.\":&scFCB9&=9&=$!!EUFATMNNDJ*csgCHk?\":&scFCB9&=o\\O&!!rsADes6$@ru9m!!E[MAT2'lE`7'gFCbFP!!!!",
        "13636613": "!<d@[F*MTJ#64c-E,TfCGQ7^D!<d@[F*a5$#64o6@VfsmCI<#NAHu^]F`__:EWlSfH#R='CggjbATBA2B4YU.\":&scFCB9&=9&=$!!EUFATMNNDJ*csgCHk?\":&scFCB9&=o\\O&!!rsADes6$@ru9m!!E[MAT2'lE`7'gFCbFP!!!!",
        "3164166": "!<d@[F*MWK#64c-E,TfCD?'Y:!<d@[F*a\\1#64o6@VfsmCI<#NAIrp*E,]`9FCJfiD(T1/ARl&M@V&tbF!L_m+pnYd!!#8K'`\\5a4q\\A8!!(rl'`\\5!1`ZPr&3q)l9-=99",
        "4205574": "!<d@[F*MWK#64c-E,TfCDZBb;!<d@[F*aG*#64o6@VfsmCI<#NAJK6(@r$13E+NQ3Ecki#Ch521Eb/ec\"E\\p.AJT</@Ua.b/R`^6Cgh??/SB*4DJ=3(\":&scFCB9&=9&=$!!EUFATMNNDJ*csgCHk?\":&scFCB9&=o\\O&!!rsADes6$@ru9m!!E[MAT2'lE`7'gFCbFP!!!!",
        "5259270": "!<d@[F*MWK#64c-E,TfCDu]k<!<d@[F*aV/#64o6@VfsmCI<#NAJK6(@r$13E+NQ3Ecki#Ch521Eb/ec\"E\\p.AJT</@Ua.b/R`^6Cgh?@/SB*4DJ=3(\":&scFCB9&=9&=$!!EUFATMNNDJ*csgCMCj\":&scFCB9&=o\\O&!!rsADes6$@ru9m!!E[MAT2'lE`7'gFCbFP!!!!",
        "7350278": "!<d@[F*MWK#64c-E,TfCEW?(>!<d@[F*aD)#64o6@VfsmCI<#NAJ/NlDfRFMF_P`)A1_h?F_>AB\":B0fFCB9&=]/[=z#mP<eASu'i!=93LDK]T3F@]hXA8Ggu!!!",
        "7351302": "!<d@[F*MWK#64c-E,TfCEW?(>!<d@[F*aG*#64o6@VfsmCI<#NAIW9mDfor.F*)>@@:s-U$#+:#ASuU.Ed7ZiEH>r7FE7Qb!!!3,F)5c:EsD_\"!!*'\"!4E%2!\"Ao.!!WgQASlBtEaa'4Eb,=fFCf<.ATD4$F`M%e@<6NjE+EC!AH2]1!<:8C5m.R;ASlBtEaa'4Eb,4Nz!!!<;AoD^\"AQ*\\hEa`Tl:i^JnErZ=LD.Rd%6#L=OA_Ra;562+\"FECr$BLZE?AH2]1!!!",
        "14686214": "!<d@[F*MWK#64c-E,TfCGlRgE!<d@[F*a8%#64o6@VfsmCI<#NAHu^]F`__:EWlSfH#R=#@WGn'Bk;<A\":&scFCB9&=9&=$!!EUFATMNNDJ*csjNEiR\":&scFCB9&=o\\O&!!rsADes6$@ru9m!!E[MAT2'lE`7'gFCbFP!!!!",
        "4206599": "!<d@[F*MZL#64c-E,TfCDZBb;!<d@[F*aJ+#64o6@VfsmCI<#NAIW9mDfor.F*)>@@:s-U$#+:#ASuU.Ed7ZiEH>r7FE7Qb!!!3,F)5c:EsD_\"!!*'\"!4E%2!\"Ao.!!WgQASlBtEaa'4Eb,=fFCf<.ATD4$F`M%e@<6NjE+EC!AH2]1!<:8C5m.R;ASlBtEaa'4Eb,4Nz!!!<;AoD^\"AQ*\\hEa`Tl:i^JnErZ=LD.Rd%6#L=OA_Ra;562+\"FECr$BLZE?AH2]1!!!",
        "4208647": "!<d@[F*MZL#64c-E,TfCDZBb;!<d@[F*aP-#64o6@VfsmCI<#NAIW9mDfor.F*)>@@:s-U$#+:#ASuU.Ed7ZiEH>r7FE7Qb!!!3,F)5c:EsD_\"!!*'\"!4E%2!!WE'!!WgQASlBtEaa'4Eb,=fFCf<.ATD4$F`M%e@<6NjE+EC!AH2]1!<:8C5m.R;ASlBtEaa'4Eb,4Nz!!!<;AoD^\"AQ*\\hEa`Tl:i^JnErZ=LD.Rd%6#L=OA_Ra;562+\"FECr$BLZE?AH2]1!!!",
        "4210695": "!<d@[F*MZL#64c-E,TfCDZBb;!<d@[F*aV/#64o6@VfsmCI<#NAIW9mDfor.F*)>@@:s-U$#+:#ASuU.Ed7ZiEH>r7FE7Qb!!!3,F)5c:EsD_\"!!*'\"!4E%2!!rW*!!WgQASlBtEaa'4Eb,=fFCf<.ATD4$F`M%e@<6NjE+EC!AH2]1!<:8C5m.R;ASlBtEaa'4Eb,4Nz!!!<;AoD^\"AQ*\\hEa`Tl:i^JnErZ=LD.Rd%6#L=OA_R_e5QM4#FECr$BLZE?AH2]1!!!",
        "7348231": "!<d@[F*MZL#64c-E,TfCEW?(>!<d@[F*a>'#64o6@VfsmCI<#NAHu^]F`__:EWlSfH#R=(FCAWpAM%qFBl7Km1'@i&DffE0AQSp4!!!-.D.Rd%6#L=OA_R_e^]Xm_DffE0AQf'6!!!<3@rH1\"ARfgnA,l`?Eb02uBl[-o@<?&\\z",
        "15737863": "!<d@[F*MZL#64c-E,TfCH2mpF!<d@[F*aA(#64o6@VfsmCI<#NAJK6(@r$13E+NQ3Ecki#Ch521Eb/ec\"E\\p.AJT</@Ua.b/R`^6Cgh?>/SB*4DJ=3(\":&scFCB9&=9&=$!!EUFATMNNDJ*csdSp$-\":&scFCB9&=o\\O&!!rsADes6$@ru9m!!E[MAT2'lE`7'gFCbFP!!!!",
        "3164168": "!<d@[F*M]M#64c-E,TfCD?'Y:!<d@[F*a\\1#64o6@VfsmCI<#NAIrp*E,]`9FCJfiD(T1/ARl&M@V&tbEuG#c(^^EU!!%O6&df'J!.[9K!!!En(ue12!WW",
        "4205576": "!<d@[F*M]M#64c-E,TfCDZBb;!<d@[F*aG*#64o6@VfsmCI<#NAHu^]F`__:EWlSfH#R=6FCAWpAM%_:DJ(PFBln#?@:NeYF)u8?Bk;>g#BFa)@<?'_z\":8pVF(djWB5D/6&'7$=#BFa)@<?'az#mk*[Ci!ZmFCet_\":K6]E+*I$;flGiAH2]1!!!",
        "4206600": "!<d@[F*M]M#64c-E,TfCDZBb;!<d@[F*aJ+#64o6@VfsmCI<#NAHu^]F`__:EWlSfH#R=(@q]:bE\\2<SBl7Km1B[r'DffE0AQSp4!!!-.D.Rd%6#L=OAH2]1!!EOIDffE0AQf'6!!!<3@rH1\"ARfgnA,l`?Eb02uBl[-o@<?&\\z",
        "4207624": "!<d@[F*M]M#64c-E,TfCDZBb;!<d@[F*aM,#64o6@VfsmCI<#NAJK6(@r$13E+NQ3Ecki#Ch521Eb/ec\"E\\p.AJT</@Ua.b/R`^6Cgh??/SB*4DJ=3(\":&scFCB9&=9&=$!!EUFATMNNDJ*csz\":&scFCB9&=o\\O&!!rsADes6$@ru9m!!E[MAT2'lE`7'gFCbFP!!!!",
        "5244936": "!<d@[F*M]M#64c-E,TfCDu]k<!<d@[F*a,!#64o6@VfsmCI<#NAJK6(@r$13E+NQ3Ecki#Ch521Eb/ec\"E\\p.AJT</@Ua.b/R`^6Cgh?@/SB*4DJ=3(\":&scFCB9&=9&=$!!EUFATMNNDJ*csjNA<(\":&scFCB9&=o\\O&!!rsADes6$@ru9m!!E[MAT2'lE`7'gFCbFP!!!!",
        "7348232": "!<d@[F*M]M#64c-E,TfCEW?(>!<d@[F*a>'#64o6@VfsmCI<#NAHu^]F`__:EWlSfH#R=(@q]:bE\\2<SBl7Km1B[r'DffE0AQSp4!!!-.D.Rd%6#L=OA_R_e^]Xm_DffE0AQf'6!!!<3@rH1\"ARfgnA,l`?Eb02uBl[-o@<?&\\z",
        "7351304": "!<d@[F*M]M#64c-E,TfCEW?(>!<d@[F*aG*#64o6@VfsmCI<#NAHu^]F`__:EWlSfH#R=#@WGn'Bk;<A\":&scFCB9&=9&=$!!EUFATMNNDJ*csgCHlj\":&scFCB9&=o\\O&!!rsADes6$@ru9m!!E[MAT2'lE`7'gFCbFP!!!!",
        "12593160": "!<d@[F*M]M#64c-E,TfCG5qUC!<d@[F*aD)#64o6@VfsmCI<#NAIW9mDfor.F*)>@@:s-U$#+:#ASuU.Ed7ZiEH>r7FE7Qb!!!3,F)5c:EsD_\"!!*'\"!4E%2!\"Ju/!!WgQASlBtEaa'4Eb,=fFCf<.ATD4$F`M%e@<6NjE+EC!AH2]1!<:8C5m.R;ASlBtEaa'4Eb,4Nz!!!<;AoD^\"AQ*\\hEa`Tl:i^JnErZ=LD.Rd%6#L=OA_Ra;562+\"FECr$BLZE?AH2]1!!!",
        "12601352": "!<d@[F*M]M#64c-E,TfCG5qUC!<d@[F*a\\1#64o6@VfsmCI<#NAIrp*E,]`9FCJfiD(T1/ARl&M@V&tbEuG#c(^^E]!!#8K&df*Js*m9K!<>C#(ue12!WW",
        "12589065": "!<d@[F*M`N#64c-E,TfCG5qUC!<d@[F*a8%#64o6@VfsmCI<#NAJK6(@r$13E+NQ3Ecki#Ch521Eb/ec\"E\\p.AJT</@Ua.b/R`^6Cgh??/SB*4DJ=3(\":&scFCB9&=9&=$!!EUFATMNNDJ*csjNA<(\":&scFCB9&=o\\O&!!rsADes6$@ru9m!!E[MAT2'lE`7'gFCbFP!!!!",
        "13638665": "!<d@[F*M`N#64c-E,TfCGQ7^D!<d@[F*a;&#64o6@VfsmCI<#NAJK6(@r$13E+NQ3Ecki#Ch521Eb/ec\"E\\p.AJT</@Ua.b/R`^6Cgh?@/SB*4DJ=3(\":&scFCB9&=9&=$!!EUFATMNNDJ*csjNA<(\":&scFCB9&=o\\O&!!rsADes6$@ru9m!!E[MAT2'lE`7'gFCbFP!!!!",
        "15736841": "!<d@[F*M`N#64c-E,TfCH2mpF!<d@[F*a>'#64o6@VfsmCI<#NAJK6(@r$13E+NQ3Ecki#Ch521Eb/ec\"E\\p.AJT</@Ua.b/R`^6Cgh?=/SB*4DJ=3(\":&scFCB9&=9&=$!!EUFATMNNDJ*csjNA<(\":&scFCB9&=o\\O&!!rsADes6$@ru9m!!E[MAT2'lE`7'gFCbFP!!!!",
        "3154954": "!<d@[F*McO#64c-E,TfCD?'Y:!<d@[F*aA(#64o6@VfsmCI<#NAIrp*E,]`9FCJfiD(T1/ARl&M@V&tbEu4la(((3c!!%O6&df?R!2)Rt!!%O6(ue0g",
        "4205578": "!<d@[F*McO#64c-E,TfCDZBb;!<d@[F*aG*#64o6@VfsmCI<#NAJK6(@r$13E+NQ3Ecki#Ch521Eb/ec\"E\\p.AJT</@Ua.b/R`^6Cgh?>/SB*4DJ=3(\":&scFCB9&=9&=$!!EUFATMNNDJ*csgCME?\":&scFCB9&=o\\O&!!rsADes6$@ru9m!!E[MAT2'lE`7'gFCbFP!!!!",
        "5249034": "!<d@[F*McO#64c-E,TfCDu]k<!<d@[F*a8%#64o6@VfsmCI<#NAJK6(@r$13E+NQ3Ecki#Ch521Eb/ec\"E\\p.AJT</@Ua.b/R`^6Cgh?>/SB*4DJ=3(\":&scFCB9&=9&=$!!EUFATMNNDJ*csgCMCj\":&scFCB9&=o\\O&!!rsADes6$@ru9m!!E[MAT2'lE`7'gFCbFP!!!!",
        "8397834": "!<d@[F*McO#64c-E,TfCErZ1?!<d@[F*aA(#64o6@VfsmCI<#NAIrp*E,]`9FCJfiD(T1/ARl&M@V&tbF!:Sk+:8Gj!!%O5*<6(i58\"J9rr3Ko'`e<-^`E@QhnL#f9)n",
        "10494986": "!<d@[F*McO#64c-E,TfCFT;CA!<d@[F*aA(#64o6@VfsmCI<#NAIrp*E,]`9FCJfiD(T1/ARl&M@V&tbF!L_m+pnYl!!%O6*<6(i58\"J9-VllR'`\\6l^E*7PIm4e09-=68",
        "10496010": "!<d@[F*McO#64c-E,TfCFT;CA!<d@[F*aD)#64o6@VfsmCI<#NAIW9mDfor.F*)>@@:s-U$#+:#ASuU.Ed7ZiEH>r7FE7Qb!!!3,F)5c:EsD_\"!!*'\"!4E%2!\"Ao.!!WgQASlBtEaa'4Eb,=fFCf<.ATD4$F`M%e@<6NjE+EC!AH2]1!<:8C5m.R;ASlBtEaa'4Eb,4Nz!!!<;AoD^\"AQ*\\hEa`Tl:i^JnErZ=LD.Rd%6#L=OA_Ra;562+\"FECr$BLZE?AH2]1!!!",
        "3153931": "!<d@[F*MfP#64c-E,TfCD?'Y:!<d@[F*a>'#64o6@VfsmCI<#NAHu^]F`__:EWlSfH#R='B6%F(ATMs3DIkCS\":&scFCB9&=9&=$!!EUFATMNNDJ*csgCHk@\":&scFCB9&=o\\O&!!rsADes6$@ru9m!!E[MAT2'lE`7'gFCbFP!!!!",
        "3154955": "!<d@[F*MfP#64c-E,TfCD?'Y:!<d@[F*aA(#64o6@VfsmCI<#NAIrp*E,]`9FCJfiD(T1/ARl&M@V&tbF!:Sk+:8Gb!!%O6*<6(i58\"J9!!%O6'`\\6L5TKh)J3On19)n",
        "4206603": "!<d@[F*MfP#64c-E,TfCDZBb;!<d@[F*aJ+#64o6@VfsmCI<#NAJ/NlDfRFMF_P`)A1_h?F_>AD\":B0fFCB9&=]/[=gCMCj#mP<eASu'i!=93LDK]T3F@]hXA8Ggu!!!",
        "6293515": "!<d@[F*MfP#64c-E,TfCE<#t=!<d@[F*a,!#64o6@VfsmCI<#NAIrp*E,]`9FCJfiD(T1/ARl&M@V&tbF\"%(r-OL@n!!%O5'`\\46^E!:S!'_),%0-An^D6eK5JJ3=!'n:9i_(Bs!!",
        "6295563": "!<d@[F*MfP#64c-E,TfCE<#t=!<d@[F*a2##64o6@VfsmCI<#NAIrp*E,]`9FCJfiD(T1/ARl&M@V&tbF\"%(r-OL@n!!#8K'`\\46^E!:S!'_),%0-A>5SX8!5enB?!\"_C4i_(Bs!!",
        "8397835": "!<d@[F*MfP#64c-E,TfCErZ1?!<d@[F*aA(#64o6@VfsmCI<#NAIrp*E,]`9FCJfiD(T1/ARl&M@V&tbF!gqp,mk.l!!%O6'`\\5a590_(J3OYW%0-BY^D-_K5X6=j!.[9Ni_'7",
        "8407051": "!<d@[F*MfP#64c-E,TfCErZ1?!<d@[F*a\\1#64o6@VfsmCI<#NAIrp*E,]`9FCJfiD(T1/ARl&M@V&tbF!L_m+pnYd!!%O6'`\\5a58\"J9!!%O6'`\\6,^`DI[%(-r39-=99",
        "3163148": "!<d@[F*MiQ#64c-E,TfCD?'Y:!<d@[F*aY0#64o6@VfsmCI<#NAIrp*E,]`9FCJfiD(T1/ARl&M@V&tbEtA<Y%LN1K\"Vh\";\\3Lnj9-=68",
        "4209676": "!<d@[F*MiQ#64c-E,TfCDZBb;!<d@[F*aS.#64o6@VfsmCI<#NAIrp*E,]`9FCJfiD(T1/ARl&M@V&tbEtA<Y%LN1K\"Vh\";J3Xt29-=?;",
        "5244940": "!<d@[F*MiQ#64c-E,TfCDu]k<!<d@[F*a,!#64o6@VfsmCI<#NAIrp*E,]`9FCJfiD(T1/ARl&M@V&tbF\"%(r-OL@n!!!!`'`\\46^E!:S!'_),%0-Cd58=.uJA3*)!'n:9i_(Bs!!",
        "7355404": "!<d@[F*MiQ#64c-E,TfCEW?(>!<d@[F*aS.#64o6@VfsmCI<#NAIrp*E,]`9FCJfiD(T1/ARl&M@V&tbF\"[M#(^^E]!!%O6&df'J!2)Rlr;V72(ue12!X]SJ\"Vh\";5X,kb'`\\6l58`BQ+9;H",
        "8406028": "!<d@[F*MiQ#64c-E,TfCErZ1?!<d@[F*aY0#64o6@VfsmCI<#NAIrp*E,]`9FCJfiD(T1/ARl&M@V&tbF!L_m+pnYl!!#8K*<6(i58\"J9M+&\\s(&e.s590_(+M\\iR9-=68",
        "3150861": "!<d@[F*MlR#64c-E,TfCD?'Y:!<d@[F*a5$#64o6@VfsmCI<#NAHu^]F`__:EWlSfH#R='B6%F(ATMs3DIkCU\":&scFCB9&=9&=$!!EUFATMNNDJ*csgCMCi\":&scFCB9&=o\\O&!!rsADes6$@ru9m!!E[MAT2'lE`7'gFCbFP!!!!",
        "3151887": "!<d@[F*MrT#64c-E,TfCD?'Y:!<d@[F*a8%#64o6@VfsmCI<#NAHu^]F`__:EWlSfH#R='B6%F(ATMs3DIkCS\":&scFCB9&=9&=$!!EUFATMNNDJ*csgCME@\":&scFCB9&=o\\O&!!rsADes6$@ru9m!!E[MAT2'lE`7'gFCbFP!!!!",
        "3154959": "!<d@[F*MrT#64c-E,TfCD?'Y:!<d@[F*aA(#64o6@VfsmCI<#NAHu^]F`__:EWlSfH#R='B6%F(ATMs3DIkCU\":&scFCB9&=9&=$!!EUFATMNNDJ*csi9`25\":&scFCB9&=o\\O&!!rsADes6$@ru9m!!E[MAT2'lE`7'gFCbFP!!!!",
        "4207631": "!<d@[F*MrT#64c-E,TfCDZBb;!<d@[F*aM,#64o6@VfsmCI<#NAHu^]F`__:EWlSfH#R=#@WGn'Bk;<A\":&scFCB9&=9&=$!!EUFATMNNDJ*csjNA=S\":&scFCB9&=o\\O&!!rsADes6$@ru9m!!E[MAT2'lE`7'gFCbFP!!!!",
        "7349264": "!<d@[F*MuU#64c-E,TfCEW?(>!<d@[F*aA(#64o6@VfsmCI<#NAIrp*E,]`9FCJfiD(T1/ARl&M@V&tbF!gqp,mk.l!!%O6'`\\5a590_(J3OYW%0-CD^_QbHIm4qW!.[9Ni_'7",
        "8403984": "!<d@[F*MuU#64c-E,TfCErZ1?!<d@[F*aS.#64o6@VfsmCI<#NAIrp*E,]`9FCJfiD(T1/ARl&M@V&tbEutAh*=;rZ!!%O6&e>EO!.[9K!!&\\-*I=gPZl%dq+9DN",
        "3155985": "!<d@[F*N#V#64c-E,TfCD?'Y:!<d@[F*aD)#64o6@VfsmCI<#NAIrp*E,]`9FCJfiD(T1/ARl&M@V&tbEtA<Y%LN1K\"Vh\";TKj@R9-=68",
        "8402961": "!<d@[F*N#V#64c-E,TfCErZ1?!<d@[F*aP-#64o6@VfsmCI<#NAIrp*E,]`9FCJfiD(T1/ARl&M@V&tbF$9R2*=;rj!!%O6&e>FtXD5*WHE:kg*<6(i^_l'(+9;fi$3_FM!.[9H%h3idlE_3*!\"_C9!!'gL(ue12!<<",
        "10498065": "!<d@[F*N#V#64c-E,TfCFT;CA!<d@[F*aJ+#64o6@VfsmCI<#NAIrp*E,]`9FCJfiD(T1/ARl&M@V&tbF!L_m+pnYl!!%O5*<6'>58\"J9H*$;;'`e:7^`EFSs1]E19-=68"
    },
    "Entities": [],
    "ReplaceMode": 2,
    "EntranceRotation": -1
}