{
    "GameVersion": "1.19.7",
    "SizeX": 19,
    "SizeY": 15,
    "SizeZ": 21,
    "BlockCodes": {
        "9698": "game:supportbeam-aged",
        "5107": "game:gravel-granite",
        "2966": "game:cobblestone-granite",
        "2852": "game:cobblestoneslab-granite-down-free",
        "2675": "game:soil-medium-verysparse",
        "5122": "game:looseboulders-granite-free",
        "16414": "game:rocktyped-rubble-free",
        "9493": "game:agedstonebricks-granite",
        "4154": "game:drystone-granite",
        "3061": "game:cobblestonestairs-granite-up-south-free",
        "5535": "game:loosestones-granite-free",
        "2776": "game:cobblestoneslab-granite-east-free",
        "7277": "game:planks-aged-ns",
        "2670": "game:soil-medium-none",
        "8606": "game:clutter",
        "9520": "game:door-ruined-rough2",
        "136": "game:multiblock-monolithic-0-p1-0",
        "2329": "game:slantedroofing-blueclay-east-free",
        "9668": "game:planks-aged-we",
        "2814": "game:cobblestoneslab-granite-west-free",
        "8610": "game:groundstorage",
        "7355": "game:plankslab-aged-up-free",
        "3118": "game:cobblestonestairs-granite-down-west-free",
        "8109": "game:chest-east",
        "2349": "game:slantedroofing-blueclay-west-free",
        "3042": "game:cobblestonestairs-granite-down-east-free",
        "7290": "game:planks-aged-ud",
        "3099": "game:cobblestonestairs-granite-up-west-free",
        "2319": "game:slantedroofing-blueclay-north-free",
        "2339": "game:slantedroofing-blueclay-south-free",
        "9521": "game:door-ruined-rough3",
        "2757": "game:cobblestoneslab-granite-north-free",
        "2795": "game:cobblestoneslab-granite-south-free",
        "2833": "game:cobblestoneslab-granite-up-free",
        "2985": "game:cobblestonestairs-granite-up-north-free"
    },
    "ItemCodes": {
        "1462": "game:shingle-burned-blue",
        "3638": "game:stackrandomizer-buildingblocks",
        "275": "game:stackrandomizer-resource",
        "279": "game:stackrandomizer-gear",
        "277": "game:stackrandomizer-lantern"
    },
    "Indices": [
        3072,
        4096,
        5120,
        6144,
        7168,
        8192,
        9216,
        1051648,
        1052672,
        1053696,
        1054720,
        1055744,
        1056768,
        1057792,
        2100224,
        2101248,
        2102272,
        2103296,
        2104320,
        2105344,
        2106368,
        3149824,
        3150848,
        3152896,
        3154944,
        1025,
        2049,
        3073,
        4097,
        5121,
        6145,
        7169,
        8193,
        9217,
        10241,
        11265,
        12289,
        1049601,
        1050625,
        1051649,
        1052673,
        1053697,
        1054721,
        1055745,
        1056769,
        1057793,
        1058817,
        1059841,
        1060865,
        2098177,
        2099201,
        2100225,
        2101249,
        2102273,
        2103297,
        2104321,
        2105345,
        2106369,
        2107393,
        2108417,
        2109441,
        3146753,
        3147777,
        3148801,
        3149825,
        3150849,
        3151873,
        3152897,
        3153921,
        3154945,
        3155969,
        3158017,
        4196353,
        4198401,
        4203521,
        1026,
        2050,
        3074,
        4098,
        5122,
        6146,
        7170,
        8194,
        9218,
        10242,
        11266,
        12290,
        13314,
        1049602,
        1050626,
        1051650,
        1052674,
        1053698,
        1054722,
        1055746,
        1056770,
        1057794,
        1058818,
        1059842,
        1060866,
        1061890,
        2098178,
        2099202,
        2100226,
        2101250,
        2102274,
        2103298,
        2104322,
        2105346,
        2106370,
        2107394,
        2108418,
        2109442,
        2110466,
        3146754,
        3147778,
        3148802,
        3149826,
        3150850,
        3151874,
        3152898,
        3153922,
        3154946,
        3155970,
        3156994,
        4195330,
        4197378,
        4198402,
        4199426,
        4200450,
        4201474,
        4202498,
        4203522,
        5245954,
        5246978,
        5249026,
        5250050,
        6300674,
        7349250,
        3,
        1027,
        2051,
        3075,
        4099,
        5123,
        6147,
        7171,
        8195,
        9219,
        10243,
        11267,
        12291,
        13315,
        14339,
        15363,
        16387,
        17411,
        1048579,
        1049603,
        1050627,
        1051651,
        1052675,
        1053699,
        1054723,
        1055747,
        1056771,
        1057795,
        1058819,
        1059843,
        1060867,
        1061891,
        1062915,
        1063939,
        1064963,
        1065987,
        2097155,
        2098179,
        2099203,
        2100227,
        2101251,
        2102275,
        2103299,
        2104323,
        2105347,
        2106371,
        2107395,
        2108419,
        2109443,
        2110467,
        2111491,
        2112515,
        2113539,
        2114563,
        3146755,
        3147779,
        3148803,
        3149827,
        3150851,
        3151875,
        3152899,
        3153923,
        3154947,
        3155971,
        3156995,
        3158019,
        3159043,
        3160067,
        3161091,
        3162115,
        4195331,
        4196355,
        4197379,
        4198403,
        4199427,
        4200451,
        4201475,
        4202499,
        4203523,
        5245955,
        5246979,
        5248003,
        5249027,
        5250051,
        5251075,
        5252099,
        6294531,
        6295555,
        6296579,
        6297603,
        6298627,
        6299651,
        6300675,
        6301699,
        7345155,
        7346179,
        7347203,
        7348227,
        7349251,
        7350275,
        8394755,
        8395779,
        8396803,
        8397827,
        8398851,
        9444355,
        9445379,
        9446403,
        10492931,
        10493955,
        10494979,
        11542531,
        11543555,
        12591107,
        12592131,
        13640707,
        14689283,
        4,
        1028,
        2052,
        3076,
        4100,
        5124,
        6148,
        7172,
        8196,
        9220,
        10244,
        11268,
        12292,
        13316,
        14340,
        15364,
        16388,
        17412,
        18436,
        19460,
        1048580,
        1049604,
        1050628,
        1051652,
        1052676,
        1053700,
        1054724,
        1055748,
        1056772,
        1057796,
        1058820,
        1059844,
        1060868,
        1061892,
        1062916,
        1063940,
        1064964,
        1065988,
        1067012,
        1068036,
        2097156,
        2098180,
        2099204,
        2100228,
        2101252,
        2102276,
        2103300,
        2104324,
        2105348,
        2106372,
        2107396,
        2108420,
        2109444,
        2110468,
        2111492,
        2112516,
        2113540,
        2114564,
        2115588,
        2116612,
        3145732,
        3146756,
        3147780,
        3148804,
        3149828,
        3150852,
        3151876,
        3152900,
        3153924,
        3154948,
        3155972,
        3156996,
        3158020,
        3159044,
        3160068,
        3161092,
        3162116,
        3163140,
        4195332,
        4196356,
        4197380,
        4198404,
        4199428,
        4200452,
        4201476,
        4202500,
        4203524,
        4204548,
        4205572,
        4206596,
        4207620,
        4208644,
        4209668,
        4210692,
        4211716,
        5244932,
        5245956,
        5246980,
        5248004,
        5249028,
        5250052,
        5251076,
        5252100,
        5253124,
        5254148,
        5255172,
        5256196,
        5257220,
        5259268,
        5260292,
        6294532,
        6295556,
        6296580,
        6298628,
        6299652,
        6300676,
        6301700,
        6302724,
        6303748,
        6304772,
        6305796,
        6306820,
        6307844,
        6308868,
        7343108,
        7344132,
        7349252,
        7350276,
        7351300,
        7352324,
        7353348,
        7354372,
        7355396,
        7356420,
        7357444,
        8392708,
        8397828,
        8398852,
        8399876,
        8401924,
        8402948,
        8403972,
        8404996,
        8406020,
        8407044,
        9446404,
        9447428,
        9448452,
        9449476,
        9450500,
        9451524,
        9452548,
        9453572,
        9454596,
        10494980,
        11543556,
        12592132,
        5,
        1029,
        2053,
        3077,
        4101,
        5125,
        6149,
        7173,
        8197,
        9221,
        10245,
        11269,
        12293,
        13317,
        14341,
        15365,
        16389,
        17413,
        18437,
        19461,
        20485,
        1048581,
        1049605,
        1050629,
        1051653,
        1052677,
        1053701,
        1054725,
        1055749,
        1056773,
        1057797,
        1058821,
        1059845,
        1060869,
        1061893,
        1062917,
        1063941,
        1064965,
        1065989,
        1067013,
        1068037,
        1069061,
        2097157,
        2098181,
        2099205,
        2100229,
        2101253,
        2102277,
        2103301,
        2104325,
        2105349,
        2106373,
        2107397,
        2108421,
        2109445,
        2110469,
        2111493,
        2112517,
        2113541,
        2114565,
        2115589,
        2116613,
        2117637,
        3145733,
        3146757,
        3147781,
        3148805,
        3149829,
        3150853,
        3151877,
        3152901,
        3153925,
        3154949,
        3155973,
        3156997,
        3158021,
        3159045,
        3160069,
        3161093,
        3162117,
        3163141,
        3164165,
        4195333,
        4196357,
        4197381,
        4198405,
        4199429,
        4200453,
        4201477,
        4202501,
        4203525,
        4204549,
        4205573,
        4208645,
        4210693,
        4211717,
        4212741,
        5243909,
        5244933,
        5245957,
        5246981,
        5248005,
        5249029,
        5250053,
        5251077,
        5252101,
        5253125,
        5257221,
        5260293,
        6293509,
        6295557,
        6296581,
        6297605,
        6298629,
        6299653,
        6300677,
        6301701,
        6302725,
        6303749,
        6304773,
        6305797,
        6308869,
        7344133,
        7346181,
        7349253,
        7350277,
        7351301,
        7354373,
        7357445,
        8397829,
        8398853,
        8402949,
        8406021,
        9446405,
        9447429,
        9451525,
        9454597,
        10494981,
        10496005,
        10497029,
        10498053,
        10499077,
        10500101,
        10501125,
        10502149,
        10503173,
        6,
        1030,
        2054,
        3078,
        4102,
        5126,
        6150,
        7174,
        8198,
        9222,
        10246,
        11270,
        12294,
        13318,
        14342,
        15366,
        16390,
        17414,
        18438,
        19462,
        20486,
        1048582,
        1049606,
        1050630,
        1051654,
        1052678,
        1053702,
        1054726,
        1055750,
        1056774,
        1057798,
        1058822,
        1059846,
        1060870,
        1061894,
        1062918,
        1063942,
        1064966,
        1065990,
        1067014,
        1068038,
        1069062,
        2097158,
        2098182,
        2099206,
        2100230,
        2101254,
        2102278,
        2103302,
        2104326,
        2105350,
        2106374,
        2107398,
        2108422,
        2109446,
        2110470,
        2111494,
        2112518,
        2113542,
        2114566,
        2115590,
        2116614,
        2117638,
        3145734,
        3146758,
        3147782,
        3148806,
        3149830,
        3150854,
        3151878,
        3152902,
        3153926,
        3154950,
        3155974,
        3156998,
        3158022,
        3159046,
        3160070,
        3161094,
        3162118,
        3163142,
        3164166,
        3166214,
        4195334,
        4196358,
        4197382,
        4198406,
        4199430,
        4200454,
        4201478,
        4202502,
        4203526,
        4205574,
        4207622,
        4208646,
        4210694,
        4211718,
        5244934,
        5245958,
        5246982,
        5248006,
        5249030,
        5250054,
        5260294,
        6294534,
        6296582,
        6300678,
        6301702,
        6302726,
        6303750,
        6308870,
        7352326,
        7357446,
        8406022,
        9447430,
        9454598,
        10500102,
        10503174,
        11546630,
        11547654,
        11548678,
        11549702,
        11551750,
        7,
        1031,
        2055,
        3079,
        4103,
        5127,
        6151,
        7175,
        8199,
        9223,
        10247,
        11271,
        12295,
        13319,
        14343,
        15367,
        16391,
        17415,
        18439,
        19463,
        1048583,
        1049607,
        1050631,
        1051655,
        1052679,
        1053703,
        1054727,
        1055751,
        1056775,
        1057799,
        1058823,
        1059847,
        1060871,
        1061895,
        1062919,
        1063943,
        1064967,
        1065991,
        1067015,
        1068039,
        2097159,
        2098183,
        2099207,
        2100231,
        2101255,
        2102279,
        2103303,
        2104327,
        2105351,
        2106375,
        2107399,
        2108423,
        2109447,
        2110471,
        2111495,
        2112519,
        2113543,
        2114567,
        2115591,
        2116615,
        3146759,
        3147783,
        3148807,
        3149831,
        3150855,
        3151879,
        3152903,
        3153927,
        3154951,
        3155975,
        3156999,
        3158023,
        3159047,
        3160071,
        3161095,
        3162119,
        3163143,
        3164167,
        4196359,
        4197383,
        4198407,
        4199431,
        4200455,
        4201479,
        4202503,
        4203527,
        4204551,
        4205575,
        4206599,
        4207623,
        4209671,
        4211719,
        5245959,
        5246983,
        5248007,
        5249031,
        5250055,
        5251079,
        5252103,
        5253127,
        5260295,
        6294535,
        6295559,
        6300679,
        6301703,
        6302727,
        6308871,
        7343111,
        7349255,
        7350279,
        7351303,
        7357447,
        8391687,
        8397831,
        8398855,
        8406023,
        9446407,
        9447431,
        9454599,
        10496007,
        10503175,
        11551751,
        8,
        1032,
        2056,
        3080,
        4104,
        5128,
        6152,
        7176,
        8200,
        9224,
        10248,
        11272,
        12296,
        13320,
        14344,
        15368,
        16392,
        17416,
        18440,
        19464,
        1048584,
        1049608,
        1050632,
        1051656,
        1052680,
        1053704,
        1054728,
        1055752,
        1056776,
        1057800,
        1058824,
        1059848,
        1060872,
        1061896,
        1062920,
        1063944,
        1064968,
        1065992,
        1067016,
        1068040,
        2097160,
        2098184,
        2099208,
        2100232,
        2101256,
        2102280,
        2103304,
        2104328,
        2105352,
        2106376,
        2107400,
        2108424,
        2109448,
        2110472,
        2111496,
        2112520,
        2113544,
        2114568,
        2115592,
        2116616,
        3145736,
        3146760,
        3147784,
        3148808,
        3149832,
        3150856,
        3151880,
        3152904,
        3153928,
        3154952,
        3155976,
        3157000,
        3158024,
        3159048,
        3160072,
        3161096,
        3162120,
        3163144,
        3164168,
        4195336,
        4196360,
        4197384,
        4198408,
        4199432,
        4200456,
        4201480,
        4203528,
        4204552,
        4205576,
        4206600,
        4210696,
        4211720,
        5245960,
        5249032,
        5252104,
        5253128,
        6294536,
        6300680,
        6301704,
        6302728,
        7343112,
        7349256,
        7350280,
        7357448,
        8397832,
        8406024,
        9446408,
        9447432,
        9454600,
        10503176,
        9,
        1033,
        2057,
        3081,
        4105,
        5129,
        6153,
        7177,
        8201,
        9225,
        10249,
        11273,
        12297,
        13321,
        14345,
        15369,
        16393,
        17417,
        18441,
        19465,
        1048585,
        1049609,
        1050633,
        1051657,
        1052681,
        1053705,
        1054729,
        1055753,
        1056777,
        1057801,
        1058825,
        1059849,
        1060873,
        1061897,
        1062921,
        1063945,
        1064969,
        1065993,
        1067017,
        1068041,
        2097161,
        2098185,
        2099209,
        2100233,
        2101257,
        2102281,
        2103305,
        2104329,
        2105353,
        2106377,
        2107401,
        2108425,
        2109449,
        2110473,
        2111497,
        2112521,
        2113545,
        2114569,
        2115593,
        2116617,
        3145737,
        3146761,
        3147785,
        3148809,
        3149833,
        3150857,
        3151881,
        3152905,
        3153929,
        3154953,
        3155977,
        3157001,
        3158025,
        3159049,
        3160073,
        3161097,
        3162121,
        3163145,
        3164169,
        3165193,
        4195337,
        4196361,
        4197385,
        4198409,
        4199433,
        4200457,
        4201481,
        4202505,
        4203529,
        4204553,
        4205577,
        4207625,
        4208649,
        4210697,
        4211721,
        4212745,
        5245961,
        5246985,
        5248009,
        5250057,
        5251081,
        5252105,
        5253129,
        5260297,
        6294537,
        6295561,
        6296585,
        6297609,
        6298633,
        6300681,
        6301705,
        6308873,
        7342089,
        7343113,
        7344137,
        7345161,
        7347209,
        7349257,
        7350281,
        7357449,
        8391689,
        8392713,
        8393737,
        8406025,
        9440265,
        9441289,
        10,
        1034,
        2058,
        3082,
        4106,
        5130,
        6154,
        7178,
        8202,
        9226,
        10250,
        11274,
        12298,
        13322,
        14346,
        15370,
        16394,
        17418,
        18442,
        19466,
        1048586,
        1049610,
        1050634,
        1051658,
        1052682,
        1053706,
        1054730,
        1055754,
        1056778,
        1057802,
        1058826,
        1059850,
        1060874,
        1061898,
        1062922,
        1063946,
        1064970,
        1065994,
        1067018,
        1068042,
        2097162,
        2098186,
        2099210,
        2100234,
        2101258,
        2102282,
        2103306,
        2104330,
        2105354,
        2106378,
        2107402,
        2108426,
        2109450,
        2110474,
        2111498,
        2112522,
        2113546,
        2114570,
        2115594,
        2116618,
        3146762,
        3147786,
        3148810,
        3149834,
        3150858,
        3151882,
        3152906,
        3153930,
        3154954,
        3155978,
        3157002,
        3158026,
        3159050,
        3160074,
        3161098,
        3162122,
        3163146,
        3164170,
        3165194,
        4196362,
        4197386,
        4198410,
        4199434,
        4200458,
        4201482,
        4202506,
        4204554,
        4205578,
        4207626,
        4208650,
        4209674,
        4210698,
        4211722,
        5249034,
        5253130,
        5257226,
        5260298,
        6308874,
        7343114,
        7354378,
        7357450,
        8406026,
        1035,
        2059,
        3083,
        4107,
        5131,
        6155,
        7179,
        8203,
        9227,
        10251,
        11275,
        12299,
        13323,
        14347,
        15371,
        16395,
        17419,
        18443,
        19467,
        1049611,
        1050635,
        1051659,
        1052683,
        1053707,
        1054731,
        1055755,
        1056779,
        1057803,
        1058827,
        1059851,
        1060875,
        1061899,
        1062923,
        1063947,
        1064971,
        1065995,
        1067019,
        1068043,
        2098187,
        2099211,
        2100235,
        2101259,
        2102283,
        2103307,
        2104331,
        2105355,
        2106379,
        2107403,
        2108427,
        2109451,
        2110475,
        2111499,
        2112523,
        2113547,
        2114571,
        2115595,
        2116619,
        3146763,
        3147787,
        3148811,
        3149835,
        3150859,
        3151883,
        3152907,
        3153931,
        3154955,
        3155979,
        3157003,
        3158027,
        3159051,
        3160075,
        3161099,
        3162123,
        3163147,
        3164171,
        3165195,
        4200459,
        4204555,
        4205579,
        4206603,
        4207627,
        4208651,
        4209675,
        4210699,
        4211723,
        5253131,
        5254155,
        5255179,
        5256203,
        5257227,
        5258251,
        5259275,
        5260299,
        6301707,
        6302731,
        6303755,
        6304779,
        6305803,
        6306827,
        6307851,
        6308875,
        6309899,
        7351307,
        7352331,
        7353355,
        7354379,
        7355403,
        7356427,
        7357451,
        8400907,
        8401931,
        8402955,
        8403979,
        8405003,
        8406027,
        9450507,
        9452555,
        9454603,
        1036,
        2060,
        3084,
        4108,
        5132,
        6156,
        7180,
        8204,
        9228,
        10252,
        11276,
        12300,
        13324,
        14348,
        15372,
        16396,
        17420,
        18444,
        1049612,
        1050636,
        1051660,
        1052684,
        1053708,
        1054732,
        1055756,
        1056780,
        1057804,
        1058828,
        1059852,
        1060876,
        1061900,
        1062924,
        1063948,
        1064972,
        1065996,
        1067020,
        2098188,
        2099212,
        2100236,
        2101260,
        2102284,
        2103308,
        2104332,
        2105356,
        2106380,
        2107404,
        2108428,
        2109452,
        2110476,
        2111500,
        2112524,
        2113548,
        2114572,
        2115596,
        3146764,
        3147788,
        3148812,
        3150860,
        3151884,
        3152908,
        3155980,
        3157004,
        3158028,
        3159052,
        3160076,
        3161100,
        3162124,
        3163148,
        4199436,
        4204556,
        4207628,
        4208652,
        4209676,
        5253132,
        5257228,
        5258252,
        6301708,
        6305804,
        3085,
        4109,
        5133,
        6157,
        7181,
        8205,
        9229,
        10253,
        11277,
        12301,
        13325,
        14349,
        15373,
        16397,
        17421,
        18445,
        1051661,
        1052685,
        1053709,
        1054733,
        1055757,
        1056781,
        1057805,
        1058829,
        1059853,
        1060877,
        1061901,
        1062925,
        1063949,
        1064973,
        1065997,
        1067021,
        2100237,
        2101261,
        2102285,
        2103309,
        2104333,
        2105357,
        2106381,
        2107405,
        2108429,
        2109453,
        2110477,
        2111501,
        2112525,
        2113549,
        2114573,
        2115597,
        3148813,
        3151885,
        3152909,
        3154957,
        3155981,
        3157005,
        3158029,
        3159053,
        3160077,
        3161101,
        3162125,
        3163149,
        3164173,
        4204557,
        4205581,
        4208653,
        4209677,
        4210701,
        5253133,
        5257229,
        6305805,
        4110,
        5134,
        6158,
        7182,
        8206,
        9230,
        10254,
        11278,
        12302,
        13326,
        14350,
        15374,
        16398,
        1052686,
        1053710,
        1054734,
        1055758,
        1056782,
        1057806,
        1058830,
        1059854,
        1060878,
        1061902,
        1062926,
        1063950,
        1064974,
        2101262,
        2102286,
        2103310,
        2104334,
        2105358,
        2106382,
        2107406,
        2108430,
        2109454,
        2110478,
        2111502,
        2112526,
        2113550,
        3150862,
        3152910,
        3154958,
        3155982,
        3157006,
        3158030,
        3159054,
        3160078,
        3161102,
        3162126,
        4204558,
        4206606,
        4208654,
        5257230,
        6305806,
        7354382,
        5135,
        6159,
        7183,
        8207,
        9231,
        10255,
        11279,
        12303,
        13327,
        14351,
        1053711,
        1054735,
        1055759,
        1056783,
        1057807,
        1058831,
        1059855,
        1060879,
        1061903,
        1062927,
        2102287,
        2103311,
        2104335,
        2105359,
        2106383,
        2107407,
        2108431,
        2109455,
        2110479,
        2111503,
        3152911,
        3153935,
        3154959,
        3155983,
        3157007,
        3158031,
        3159055,
        3160079,
        4203535,
        4204559,
        4205583,
        4206607,
        4208655,
        5252111,
        5253135,
        5254159,
        5257231,
        6302735,
        6305807,
        7354383,
        8402959,
        6160,
        7184,
        8208,
        9232,
        10256,
        11280,
        12304,
        13328,
        14352,
        1054736,
        1055760,
        1056784,
        1057808,
        1058832,
        1059856,
        1060880,
        1061904,
        1062928,
        2103312,
        2104336,
        2105360,
        2106384,
        2107408,
        2108432,
        2109456,
        2110480,
        2111504,
        3151888,
        3152912,
        3153936,
        3154960,
        3155984,
        3157008,
        3158032,
        3159056,
        3160080,
        4203536,
        4204560,
        4205584,
        4207632,
        4208656,
        5253136,
        5256208,
        5257232,
        6301712,
        6303760,
        6304784,
        6305808,
        7352336,
        7353360,
        7354384,
        8401936,
        8402960,
        8403984,
        8209,
        9233,
        10257,
        11281,
        12305,
        1056785,
        1057809,
        1058833,
        1059857,
        1060881,
        2105361,
        2106385,
        2107409,
        2108433,
        2109457,
        3153937,
        3154961,
        3155985,
        3157009,
        3158033,
        4204561,
        5253137,
        7354385,
        8210,
        9234,
        10258,
        11282,
        1056786,
        1057810,
        1058834,
        1059858,
        2105362,
        2106386,
        2107410,
        2108434,
        3153938,
        3154962,
        3155986
    ],
    "BlockIds": [
        5107,
        2966,
        2966,
        5107,
        2966,
        2966,
        2966,
        5107,
        2966,
        2966,
        5107,
        2966,
        2966,
        2966,
        5107,
        2966,
        2966,
        5107,
        2966,
        2966,
        2966,
        2852,
        5107,
        5107,
        2852,
        5107,
        2966,
        2966,
        2966,
        2966,
        2966,
        2675,
        2966,
        2966,
        2966,
        2966,
        2966,
        5107,
        2966,
        2966,
        2966,
        2966,
        2966,
        2675,
        2966,
        2966,
        2966,
        2966,
        2966,
        5107,
        2966,
        2966,
        2966,
        2966,
        2966,
        2675,
        2966,
        2966,
        2966,
        2966,
        2966,
        5107,
        5107,
        5107,
        5107,
        2966,
        2966,
        5107,
        5107,
        5107,
        5107,
        2852,
        5122,
        2852,
        16414,
        2966,
        2966,
        2966,
        2966,
        2966,
        2966,
        2966,
        2966,
        2966,
        2966,
        2966,
        2966,
        2966,
        2966,
        2966,
        2966,
        2966,
        2966,
        2966,
        2966,
        2966,
        2966,
        2966,
        2966,
        2966,
        2966,
        2966,
        2966,
        2966,
        2966,
        2966,
        2966,
        2966,
        2966,
        2966,
        2966,
        2966,
        2966,
        2966,
        5107,
        2966,
        2966,
        5107,
        2966,
        2966,
        2966,
        5107,
        5107,
        5107,
        2852,
        9698,
        9493,
        2966,
        2966,
        5107,
        5107,
        5107,
        2852,
        5122,
        9698,
        16414,
        2852,
        9698,
        9698,
        5107,
        2966,
        2966,
        2966,
        2966,
        2966,
        2966,
        2966,
        2966,
        2966,
        2966,
        2966,
        2966,
        2966,
        2966,
        2966,
        2966,
        2966,
        5107,
        2966,
        2966,
        2966,
        2966,
        2966,
        2966,
        2966,
        2966,
        2966,
        2966,
        2966,
        2966,
        2966,
        2966,
        2966,
        2966,
        2966,
        5107,
        2966,
        2966,
        2966,
        2966,
        2966,
        2966,
        2966,
        2966,
        2966,
        2966,
        2966,
        2966,
        2966,
        2966,
        2966,
        2966,
        2966,
        5107,
        5107,
        2966,
        2966,
        9493,
        2966,
        2966,
        4154,
        4154,
        9698,
        3061,
        2966,
        16414,
        9698,
        2852,
        16414,
        5535,
        9493,
        2966,
        2966,
        9493,
        2966,
        9493,
        4154,
        2966,
        9493,
        9493,
        9493,
        4154,
        9493,
        2966,
        4154,
        2776,
        2966,
        9493,
        4154,
        9493,
        9493,
        4154,
        9698,
        5122,
        2966,
        9493,
        2966,
        9493,
        9698,
        9493,
        2966,
        4154,
        9493,
        9698,
        4154,
        2966,
        4154,
        9493,
        2966,
        4154,
        2966,
        4154,
        4154,
        2966,
        9493,
        9493,
        2966,
        2966,
        2966,
        2966,
        2966,
        2966,
        2966,
        2966,
        2966,
        2966,
        2966,
        2966,
        2966,
        2966,
        2966,
        2966,
        2966,
        2966,
        2966,
        2966,
        2966,
        2966,
        2966,
        2966,
        2966,
        2966,
        2966,
        2966,
        2966,
        2966,
        2966,
        2966,
        2966,
        2966,
        2966,
        2966,
        2966,
        2966,
        2966,
        2966,
        2966,
        2966,
        2966,
        2966,
        2966,
        2966,
        2966,
        2966,
        2966,
        2966,
        2966,
        2966,
        2966,
        2966,
        2966,
        2966,
        2966,
        2966,
        2966,
        2966,
        5107,
        5107,
        5107,
        4154,
        7277,
        7277,
        7277,
        2670,
        2670,
        2966,
        4154,
        9493,
        4154,
        9493,
        2966,
        9493,
        4154,
        2966,
        2966,
        2966,
        2966,
        8606,
        5107,
        2966,
        2966,
        9493,
        2966,
        2966,
        2966,
        9520,
        4154,
        2966,
        2852,
        2966,
        4154,
        2852,
        5107,
        5107,
        5107,
        5107,
        5107,
        5107,
        9493,
        4154,
        9493,
        136,
        2966,
        2966,
        9493,
        9493,
        5107,
        5107,
        5107,
        5107,
        16414,
        2966,
        9493,
        2966,
        2966,
        2966,
        2966,
        4154,
        2966,
        4154,
        16414,
        5107,
        2966,
        9493,
        2966,
        2852,
        9493,
        2966,
        9493,
        2966,
        2966,
        2852,
        4154,
        2966,
        2852,
        2966,
        4154,
        9493,
        9493,
        4154,
        9698,
        2966,
        2329,
        2329,
        2329,
        2329,
        2329,
        2329,
        2329,
        2329,
        2966,
        2966,
        2966,
        2966,
        5107,
        2966,
        2966,
        2966,
        2966,
        2966,
        2966,
        2966,
        2966,
        2966,
        2966,
        2966,
        2966,
        2966,
        2966,
        2966,
        2966,
        2966,
        2966,
        2966,
        2966,
        5107,
        2966,
        2966,
        2966,
        2966,
        2966,
        2966,
        2966,
        2966,
        2966,
        2966,
        2966,
        2966,
        2966,
        2966,
        2966,
        2966,
        2966,
        2966,
        2966,
        2966,
        5107,
        2966,
        2966,
        2966,
        2966,
        2966,
        2966,
        2966,
        2966,
        2966,
        2966,
        2966,
        2966,
        2966,
        2966,
        2966,
        2966,
        2966,
        2966,
        2966,
        5107,
        5107,
        2966,
        9493,
        7277,
        7277,
        7277,
        2670,
        2670,
        9493,
        2966,
        9668,
        9668,
        9668,
        9668,
        5107,
        9668,
        4154,
        5107,
        5107,
        5107,
        4154,
        5107,
        5107,
        2966,
        5107,
        5107,
        2966,
        2966,
        5535,
        2814,
        8610,
        2814,
        16414,
        5535,
        5107,
        2966,
        5107,
        5107,
        2966,
        5107,
        5107,
        4154,
        2966,
        2814,
        2814,
        5122,
        5107,
        9493,
        9493,
        5107,
        5535,
        9493,
        9493,
        7355,
        7355,
        7355,
        3118,
        2814,
        2852,
        16414,
        9493,
        2966,
        8109,
        2814,
        2814,
        2966,
        2966,
        2814,
        2814,
        9493,
        4154,
        3118,
        3118,
        2966,
        2329,
        2329,
        2329,
        2329,
        2329,
        2329,
        2329,
        2329,
        2966,
        2966,
        2966,
        2966,
        2966,
        2966,
        2966,
        2966,
        2966,
        2966,
        2966,
        2966,
        2966,
        2966,
        2966,
        2966,
        2966,
        2966,
        2966,
        2966,
        2966,
        2966,
        2966,
        2966,
        2966,
        2966,
        2966,
        2966,
        2966,
        2966,
        2966,
        2966,
        2966,
        2966,
        2966,
        2966,
        2966,
        2966,
        2966,
        2966,
        2966,
        2966,
        2966,
        2966,
        2966,
        2966,
        2966,
        2966,
        2966,
        2966,
        2966,
        2966,
        2966,
        2966,
        2966,
        2966,
        2966,
        2966,
        2966,
        2966,
        2966,
        2966,
        2966,
        5107,
        5107,
        5107,
        9493,
        7277,
        2670,
        2670,
        2670,
        2670,
        4154,
        9493,
        9668,
        5107,
        9668,
        2670,
        9668,
        9668,
        2966,
        9698,
        9698,
        9493,
        5107,
        2966,
        5107,
        2966,
        2966,
        5107,
        2966,
        5122,
        5122,
        2349,
        2852,
        16414,
        2776,
        2852,
        9493,
        9493,
        5107,
        5107,
        9493,
        2776,
        2852,
        9493,
        9493,
        4154,
        7355,
        7355,
        2776,
        8606,
        2776,
        2776,
        2966,
        3042,
        3118,
        4154,
        2329,
        2329,
        2329,
        2329,
        2329,
        5107,
        2966,
        2966,
        2966,
        2966,
        2966,
        2966,
        2966,
        2966,
        2966,
        2966,
        2966,
        2966,
        2966,
        2966,
        2966,
        2966,
        2966,
        2966,
        2966,
        5107,
        2966,
        2966,
        2966,
        2966,
        2966,
        2966,
        2966,
        2966,
        2966,
        2966,
        2966,
        2966,
        2966,
        2966,
        2966,
        2966,
        2966,
        2966,
        2966,
        5107,
        2966,
        2966,
        2966,
        2966,
        2966,
        2966,
        2966,
        2966,
        2966,
        2966,
        2966,
        2966,
        2966,
        2966,
        2966,
        2966,
        2966,
        2966,
        2966,
        2966,
        5107,
        4154,
        2670,
        2670,
        2670,
        7277,
        7290,
        2966,
        4154,
        9668,
        9668,
        2670,
        9668,
        5107,
        9668,
        4154,
        5122,
        5107,
        9493,
        5107,
        2966,
        5107,
        5107,
        5107,
        2966,
        4154,
        8606,
        5535,
        2852,
        8606,
        2814,
        4154,
        5107,
        5107,
        5107,
        9493,
        9493,
        2966,
        2966,
        2814,
        9493,
        5107,
        5107,
        9493,
        7355,
        2814,
        5107,
        2966,
        9493,
        8610,
        2814,
        16414,
        2966,
        9493,
        2814,
        9493,
        4154,
        3118,
        16414,
        3099,
        3118,
        2966,
        2966,
        2966,
        2966,
        2966,
        2966,
        2966,
        2966,
        2966,
        2966,
        2966,
        2966,
        2966,
        2966,
        2966,
        2966,
        2966,
        2966,
        2966,
        2966,
        2966,
        2966,
        2966,
        2966,
        2966,
        2966,
        2966,
        2966,
        2966,
        2966,
        2966,
        2966,
        2966,
        2966,
        2966,
        2966,
        2966,
        2966,
        2966,
        2966,
        2966,
        2966,
        2966,
        2966,
        2966,
        2966,
        2966,
        2966,
        2966,
        2966,
        2966,
        2966,
        2966,
        2966,
        2966,
        2966,
        2966,
        2966,
        2966,
        2966,
        5107,
        2966,
        5107,
        4154,
        7290,
        7290,
        7290,
        7290,
        7277,
        9493,
        9493,
        9668,
        9668,
        5107,
        5107,
        5107,
        9668,
        2966,
        9698,
        9493,
        5107,
        2966,
        5107,
        5107,
        5107,
        2966,
        9493,
        9493,
        8606,
        2319,
        8610,
        2776,
        2966,
        16414,
        9493,
        2966,
        2966,
        2966,
        2966,
        7355,
        9493,
        2966,
        4154,
        2776,
        4154,
        2776,
        2339,
        2966,
        3042,
        5122,
        2966,
        2966,
        2966,
        2966,
        2966,
        2966,
        2966,
        2966,
        2966,
        2966,
        2966,
        2966,
        2966,
        2966,
        2966,
        2966,
        2966,
        2966,
        2966,
        2966,
        2966,
        2966,
        2966,
        2966,
        2966,
        2966,
        2966,
        2966,
        2966,
        2966,
        2966,
        2966,
        2966,
        2966,
        2966,
        2966,
        2966,
        2966,
        2966,
        2966,
        2966,
        2966,
        2966,
        2966,
        2966,
        2966,
        2966,
        2966,
        2966,
        2966,
        2966,
        2966,
        2966,
        2966,
        2966,
        2966,
        2966,
        2966,
        2966,
        2966,
        5107,
        5107,
        5107,
        4154,
        9493,
        2966,
        4154,
        4154,
        2966,
        9493,
        2966,
        5107,
        9668,
        2670,
        9668,
        5107,
        5107,
        9493,
        5107,
        2852,
        2852,
        9493,
        4154,
        9493,
        9493,
        5107,
        9493,
        9493,
        9493,
        2966,
        8606,
        2852,
        2339,
        16414,
        2814,
        9698,
        9493,
        2966,
        4154,
        2966,
        16414,
        4154,
        9493,
        2814,
        2966,
        4154,
        9493,
        9493,
        2966,
        4154,
        9493,
        2814,
        9698,
        2966,
        2966,
        9493,
        16414,
        16414,
        2339,
        2814,
        2966,
        2966,
        4154,
        2814,
        16414,
        5122,
        5107,
        2966,
        2966,
        2966,
        2675,
        2966,
        2966,
        2966,
        2966,
        2966,
        2966,
        2966,
        2966,
        2966,
        2966,
        2966,
        2966,
        2966,
        2966,
        2966,
        5107,
        2966,
        2966,
        2966,
        2675,
        2966,
        2966,
        2966,
        2966,
        2966,
        2966,
        2966,
        2966,
        2966,
        2966,
        2966,
        2966,
        2966,
        2966,
        2966,
        5107,
        2966,
        2966,
        2966,
        2675,
        2966,
        2966,
        2966,
        2966,
        2966,
        2966,
        2966,
        2966,
        2966,
        2966,
        2966,
        2966,
        2966,
        2966,
        2966,
        5107,
        2966,
        5107,
        5107,
        5107,
        5107,
        5107,
        5107,
        9698,
        4154,
        9668,
        5107,
        9668,
        9668,
        9668,
        9668,
        4154,
        2966,
        5107,
        5122,
        2852,
        5107,
        2966,
        4154,
        2966,
        16414,
        9493,
        8606,
        5122,
        2776,
        5107,
        2852,
        2776,
        16414,
        2966,
        2776,
        2776,
        2776,
        9698,
        2776,
        2776,
        2776,
        5107,
        5107,
        2966,
        2966,
        2966,
        2966,
        2966,
        2675,
        2966,
        2966,
        2966,
        2966,
        2966,
        2966,
        2966,
        2966,
        2966,
        2966,
        5107,
        5107,
        5107,
        2966,
        2966,
        2966,
        2966,
        2966,
        2675,
        2966,
        2966,
        2966,
        2966,
        2966,
        2966,
        2966,
        2966,
        2966,
        2966,
        5107,
        5107,
        5107,
        2966,
        2966,
        2966,
        2966,
        2966,
        2675,
        2966,
        2966,
        2966,
        2966,
        2966,
        2966,
        2966,
        2966,
        2966,
        2966,
        5107,
        5107,
        2852,
        5107,
        2966,
        5107,
        5107,
        5107,
        5107,
        9698,
        9493,
        4154,
        2966,
        4154,
        2966,
        9493,
        4154,
        2966,
        9698,
        5107,
        2852,
        4154,
        2966,
        9521,
        2966,
        2966,
        2757,
        2795,
        4154,
        2966,
        4154,
        136,
        9493,
        4154,
        2757,
        2795,
        9493,
        2966,
        9493,
        2966,
        2966,
        9493,
        9493,
        4154,
        2966,
        9698,
        16414,
        4154,
        9493,
        2966,
        4154,
        2966,
        2966,
        2966,
        2966,
        9493,
        2966,
        9493,
        2966,
        5535,
        5122,
        2349,
        2966,
        2966,
        2966,
        2966,
        2966,
        2966,
        2675,
        2966,
        2966,
        2966,
        2966,
        2966,
        2966,
        2966,
        2966,
        2966,
        2966,
        5107,
        2966,
        2966,
        2966,
        2966,
        2966,
        2966,
        2675,
        2966,
        2966,
        2966,
        2966,
        2966,
        2966,
        2966,
        2966,
        2966,
        2966,
        5107,
        2966,
        2966,
        2966,
        2966,
        2966,
        2966,
        2675,
        2966,
        2966,
        2966,
        2966,
        2966,
        2966,
        2966,
        2966,
        2966,
        2966,
        5107,
        2852,
        5107,
        5107,
        5107,
        5107,
        2966,
        9493,
        9668,
        5107,
        9668,
        2966,
        5107,
        3099,
        2852,
        5122,
        2814,
        5535,
        2814,
        5107,
        2814,
        2814,
        2852,
        2814,
        2814,
        2966,
        2966,
        2966,
        2966,
        2966,
        2966,
        2966,
        2966,
        2966,
        2966,
        2966,
        2966,
        2966,
        5107,
        5107,
        2966,
        2966,
        2966,
        2966,
        2966,
        2966,
        2966,
        2966,
        2966,
        2966,
        2966,
        2966,
        2966,
        2966,
        5107,
        5107,
        2966,
        2966,
        2966,
        2966,
        2966,
        2966,
        2966,
        2966,
        2966,
        2966,
        2966,
        2966,
        2966,
        2966,
        5107,
        5107,
        2966,
        2852,
        2852,
        2966,
        5107,
        4154,
        2675,
        5107,
        9668,
        2966,
        5107,
        2966,
        5107,
        5107,
        2776,
        5107,
        2776,
        2852,
        5107,
        2776,
        2776,
        2776,
        2966,
        2966,
        2966,
        2966,
        2966,
        2966,
        2966,
        2966,
        2966,
        2966,
        2966,
        2966,
        2966,
        2966,
        2966,
        2966,
        2966,
        2966,
        2966,
        2966,
        2966,
        2966,
        2966,
        2966,
        2966,
        2966,
        2966,
        2966,
        2966,
        2966,
        2966,
        2966,
        2966,
        2966,
        2966,
        2966,
        2966,
        2966,
        2966,
        8606,
        5122,
        5107,
        9493,
        5107,
        2670,
        5107,
        2966,
        2966,
        2852,
        16414,
        2966,
        2814,
        2814,
        2814,
        4154,
        2966,
        2966,
        2966,
        2966,
        2966,
        2966,
        2966,
        2966,
        2966,
        2966,
        2966,
        2966,
        2966,
        2966,
        2966,
        2966,
        2966,
        2966,
        2966,
        2966,
        2966,
        2966,
        2966,
        2966,
        2966,
        2966,
        2966,
        2966,
        2966,
        2966,
        2852,
        5107,
        5107,
        2966,
        9668,
        9668,
        5107,
        2966,
        4154,
        5107,
        2966,
        2966,
        2776,
        2852,
        2852,
        2966,
        2776,
        16414,
        2776,
        4154,
        5122,
        2966,
        2966,
        2966,
        2966,
        2966,
        2966,
        2966,
        2966,
        2966,
        2966,
        2966,
        2966,
        2966,
        2966,
        2966,
        2966,
        2966,
        2966,
        2966,
        2966,
        2966,
        2966,
        2966,
        2966,
        2966,
        2966,
        2966,
        2852,
        4154,
        5107,
        5107,
        9493,
        2966,
        3099,
        2966,
        2966,
        2852,
        2966,
        9493,
        2966,
        4154,
        2966,
        4154,
        2966,
        2852,
        2833,
        2966,
        9493,
        16414,
        9493,
        2966,
        5535,
        2985,
        9698,
        2966,
        2966,
        2966,
        2966,
        2966,
        2966,
        2966,
        2966,
        2966,
        2966,
        2966,
        2966,
        2966,
        2966,
        2966,
        4154,
        5107,
        5107,
        5107,
        5107,
        4154,
        5535,
        9698,
        5107,
        2966,
        2966,
        5107,
        5107,
        2966,
        2966,
        5107,
        5107,
        2966,
        2966,
        5107,
        2852,
        5107,
        5107
    ],
    "DecorIndices": [],
    "DecorIds": [],
    "BlockEntities": {
        "4203521": "!<d@[F*O(t#64c-E,TfCDZBb;!<d@[F*aA(#64o6@VfsmCI<#NAJK6(@r$13E+NQ3Ecki#Ch521Eb/ec\"E\\p.AJT</@Ua.b/R`^6Cgh??/SB*4DJ=3(\":&scFCB9&=9&=$!!EUFATMNNDJ*csgCME@\":&scFCB9&=o\\O&!!rsADes6$@ru9m!!E[MAT2'lE`7'gFCbFP!!!!",
        "4195330": "!<d@[F*O+u#64c-E,TfCDZBb;!<d@[F*a(u#64o6@VfsmCI<#NAIrp*E,]`9FCJfiD(T1/ARl&M@V&tbF!L_m+pnYd!!#8K*<6()58\"J9!!!#6'j8>\"ZQ0#GTKa:Q9-=?;",
        "5246978": "!<d@[F*O+u#64c-E,TfCDu]k<!<d@[F*a2##64o6@VfsmCI<#NAIrp*E,]`9FCJfiD(T1/ARl&M@V&tbF!L_m+pnYd!!%O5*<6()58\"J9!!%O6'`\\6l590_(^cr[q9-=?;",
        "5249026": "!<d@[F*O+u#64c-E,TfCDu]k<!<d@[F*a8%#64o6@VfsmCI<#NAJK6(@r$13E+NQ3Ecki#Ch521Eb/ec\"E\\p.AJT</@Ua.b/R`^6Cgh?@/SB*4DJ=3(\":&scFCB9&=9&=$!!EUFATMNNDJ*csgCME@\":&scFCB9&=o\\O&!!rsADes6$@ru9m!!E[MAT2'lE`7'gFCbFP!!!!",
        "6300674": "!<d@[F*O+u#64c-E,TfCE<#t=!<d@[F*aA(#64o6@VfsmCI<#NAIrp*E,]`9FCJfiD(T1/ARl&M@V&tbF\"%(r-OL@n!!%O6'`\\5!590_(J3OYW%0QZ]^(gVJ!5KWQs*qd#i_(Br!!",
        "7349250": "!<d@[F*O+u#64c-E,TfCEW?(>!<d@[F*aA(#64o6@VfsmCI<#NAIrp*E,]`9FCJfiD(T1/ARl&M@V&tbF\"%(r-OL@n!!%O6'`\\5a590_(J3OYW%0-BY58=.uJA<3$s*m6Mi_(Br!!",
        "3155971": "!<d@[F*O/!#64c-E,TfCD?'Y:!<d@[F*aD)#64o6@VfsmCI<#NAIrp*E,]`9FCJfiD(T1/ARl&M@V&tbEuG#c(^^EU!!%O6&df'J!.[9K!!&ZW(ue12!rr",
        "3159043": "!<d@[F*O/!#64c-E,TfCD?'Y:!<d@[F*aM,#64o6@VfsmCI<#NAJK6(@r$13E+NQ3Ecki#Ch521Eb/ec\"E\\p.AJT</@Ua.b/R`^6Cgh??/SB*4DJ=3(\":&scFCB9&=9&=$!!EUFATMNNDJ*csgCME@\":&scFCB9&=o\\O&!!rsADes6$@ru9m!!E[MAT2'lE`7'gFCbFP!!!!",
        "3160067": "!<d@[F*O/!#64c-E,TfCD?'Y:!<d@[F*aP-#64o6@VfsmCI<#NAIrp*E,]`9FCJfiD(T1/ARl&M@V&tbF!L_m+pnYd!!%O6*<6'>58\"J9!!%O6'`\\6L5TKh)!'_=[9-=<:",
        "3162115": "!<d@[F*O/!#64c-E,TfCD?'Y:!<d@[F*aV/#64o6@VfsmCI<#NAJK6(@r$13E+NQ3Ecki#Ch521Eb/ec\"E\\p.AJT</@Ua.b/R`^6Cgh?@/SB*4DJ=3(\":&scFCB9&=9&=$!!EUFATMNNDJ*csgCHlj\":&scFCB9&=o\\O&!!rsADes6$@ru9m!!E[MAT2'lE`7'gFCbFP!!!!",
        "6301699": "!<d@[F*O/!#64c-E,TfCE<#t=!<d@[F*aD)#64o6@VfsmCI<#NAIrp*E,]`9FCJfiD(T1/ARl&M@V&tbF\"%(r-OL@n!!%O6'`\\5a590_(J3FSV%Jp*S58F%pIm4qR!!#;%i_(Br!!",
        "7350275": "!<d@[F*O/!#64c-E,TfCEW?(>!<d@[F*aD)#64o6@VfsmCI<#NAIrp*E,]`9FCJfiD(T1/ARl&M@V&tbF$9R2*=<,_!!%O6'`\\5a58\";<s8RR5*A5%;1Do+E+9Dlj$474B!.[9K!!%O6&df'J!.[9K!!!!a(ue12!rr",
        "8398851": "!<d@[F*O/!#64c-E,TfCErZ1?!<d@[F*aD)#64o6@VfsmCI<#NAIrp*E,]`9FCJfiD(T1/ARl&M@V&tbF!L_m+pnYd!!%O6'`\\5a58\"J9qYu%0(&Ir[590_(!'qI]9-=<:",
        "4198404": "!<d@[F*O2\"#64c-E,TfCDZBb;!<d@[F*a2##64o6@VfsmCI<#NAHu^]F`__:EWlSfH#R='CggjbATBA2B4YU.\":&scFCB9&=9&=$!!EUFATMNNDJ*csgCHk?\":&scFCB9&=o\\O&!!rsADes6$@ru9m!!E[MAT2'lE`7'gFCbFP!!!!",
        "4206596": "!<d@[F*O2\"#64c-E,TfCDZBb;!<d@[F*aJ+#64o6@VfsmCI<#NAJ/NlDfRFMF_P`)A1_h?F_>AC\":B0fFCB9&=]/[=gCME@#mP<eASu'i!!s*KDK]T3F@]hXA8Ggu!!!",
        "6299652": "!<d@[F*O2\"#64c-E,TfCE<#t=!<d@[F*a>'#64o6@VfsmCI<#NAJK6(@r$13E+NQ3Ecki#Ch521Eb/ec\"E\\p.AJT</@Ua.b/R`^6Cgh?=/SB*4DJ=3(\":&scFCB9&=9&=$!!EUFATMNNDJ*csdSp$-\":&scFCB9&=o\\O&!!rsADes6$@ru9m!!E[MAT2'lE`7'gFCbFP!!!!",
        "7343108": "!<d@[F*O2\"#64c-E,TfCEW?(>!<d@[F*a/\"#64o6@VfsmCI<#NAJK6(@r$13E+NQ3Ecki#Ch521Eb/ec\"E\\p.AJT</@Ua.b/R`^6Cgh?>/SB*4DJ=3(\":&scFCB9&=9&=$!!EUFATMNNDJ*csgCHk@\":&scFCB9&=o\\O&!!rsADes6$@ru9m!!E[MAT2'lE`7'gFCbFP!!!!",
        "8407044": "!<d@[F*O2\"#64c-E,TfCErZ1?!<d@[F*a\\1#64o6@VfsmCI<#NAIrp*E,]`9FCJfiD(T1/ARl&M@V&tbF#a4-*=;rb!!%O6&e>H5K[(t\\!!&\\-*TPBQ[2@mr+9Dle$3_.E!.[9H$4Qt8J3XhL!16\"gi_(Bq!!",
        "4210693": "!<d@[F*O5##64c-E,TfCDZBb;!<d@[F*aV/#64o6@VfsmCI<#NAIW9mDfor.F*)>@@:s-U$#+:#ASuU.Ed7ZiEH>r7FE7Qb!!!3,F)5c:EsD_\"!!*'\"!4E%2!!`K(!!WgQASlBtEaa'4Eb,=fFCf<.ATD4$F`M%e@<6NjE+EC!AH2]1!<:8C5m.R;ASlBtEaa'4Eb,4Nz!!!<;AoD^\"AQ*\\hEa`Tl:i^JnErZ=LD.Rd%6#L=OA_Ra;562+\"FECr$BLZE?AH2]1!!!",
        "4212741": "!<d@[F*O5##64c-E,TfCDZBb;!<d@[F*a\\1#64o6@VfsmCI<#NAJK6(@r$13E+NQ3Ecki#Ch521Eb/ec\"E\\p.AJT</@Ua.b/R`^6Cgh??/SB*4DJ=3(\":&scFCB9&=9&=$!!EUFATMNNDJ*csgCME?\":&scFCB9&=o\\O&!!rsADes6$@ru9m!!E[MAT2'lE`7'gFCbFP!!!!",
        "7346181": "!<d@[F*O5##64c-E,TfCEW?(>!<d@[F*a8%#64o6@VfsmCI<#NAJK6(@r$13E+NQ3Ecki#Ch521Eb/ec\"E\\p.AJT</@Ua.b/R`^6Cgh?=/SB*4DJ=3(\":&scFCB9&=9&=$!!EUFATMNNDJ*csi9`25\":&scFCB9&=o\\O&!!rsADes6$@ru9m!!E[MAT2'lE`7'gFCbFP!!!!",
        "7351301": "!<d@[F*O5##64c-E,TfCEW?(>!<d@[F*aG*#64o6@VfsmCI<#NAI;p\\ATMrFARTY%\"po!]G%GQ5DfU+(#'\"^#Dfg%+!!!!'\"`nKuFE7Zf0E;+R!!\"ne!!!$\"!!!-0FDl80CdVlEDI[5X!!#4`#6?OZ!<<*\"'*/(5!<<*\"\":K<iFCAuQBOPdgA^/Fm4obfg1&q=T!!\"ne!!!$\"!!!-0FDl80CdVlEDI[5X!!#4`#6?U\\!<<*\"'*/(5!<<*\"\":K<iFCAuQBOPdgA^/Fm4obfg1]ROV!!!f9!!!$\"!!!-0FDl80CdVlEDI[7qor(%S#6?[^!<<*\"'*/(5!<<*\"\":K<iFCAuQBOPdgA^/Fm4obfg2?3aX!!!`7!!!$\"!!!!(!B0uZ!!!!W%KHJ0!!!!%$Zp</@;J;E@;]Rd!!!!`!!!!&$taEu6>URMCI<#NAI;p\\ATMrFARTY%\"U&pmE+KAdDes5uE-#T$0a%f\"ATMNNDJ*csjNEiR!!",
        "3164166": "!<d@[F*O8$#64c-E,TfCD?'Y:!<d@[F*a\\1#64o6@VfsmCI<#NAIrp*E,]`9FCJfiD(T1/ARl&M@V&tbEuG#c(^^EU!!%O6&df'J!.[9K!!!En(ue12!WW",
        "3166214": "!<d@[F*O8$#64c-E,TfCD?'Y:!<d@[F*ab3#64o6@VfsmCI<#NAIrp*E,]`9FCJfiD(T1/ARl&M@V&tbEutAh*=;rj!!%O5&e>EO!!'eL$0KXA*W?\"&^DPs'+9VZ",
        "4210694": "!<d@[F*O8$#64c-E,TfCDZBb;!<d@[F*aV/#64o6@VfsmCI<#NAJK6(@r$13E+NQ3Ecki#Ch521Eb/ec\"E\\p.AJT</@Ua.b/R`^6Cgh?=/SB*4DJ=3(\":&scFCB9&=9&=$!!EUFATMNNDJ*csdSp$-\":&scFCB9&=o\\O&!!rsADes6$@ru9m!!E[MAT2'lE`7'gFCbFP!!!!",
        "7352326": "!<d@[F*O8$#64c-E,TfCEW?(>!<d@[F*aJ+#64o6@VfsmCI<#NAHu^]F`__:EWlSfH#R=*@V'('@V'(%Ecl)6ARmY$#BFa)@<?'_z\":8pVF(djWB5D/6%nStg#BFa)@<?'az#mk*[Ci!ZmFCet_\":K6]E+*I$;flGiAH2]1!!!",
        "4205575": "!<d@[F*O;%#64c-E,TfCDZBb;!<d@[F*aG*#64o6@VfsmCI<#NAHu^]F`__:EWlSfH#R=(@q]:bE\\2<SBl7Km1B[r'DffE0AQSp4!!!-.D.Rd%6#L=OA_R_e56M43DffE0AQf'6!!!<3@rH1\"ARfgnA,l`?Eb02uBl[-o@<?&\\z",
        "4209671": "!<d@[F*O;%#64c-E,TfCDZBb;!<d@[F*aS.#64o6@VfsmCI<#NAHu^]F`__:EWlSfH#R=6FCAWpAM%_:DJ(PFBln#?@:NeYF)u8?Bk;>g#BFa)@<?'_z\":8pVF(djWB5D/6%nStg#BFa)@<?'az#mk*[Ci!ZmFCet_\":K6]E+*I$;flGiAH2]1!!!",
        "7351303": "!<d@[F*O;%#64c-E,TfCEW?(>!<d@[F*aG*#64o6@VfsmCI<#NAIW9mDfor.F*)>@@:s-U$#+:#ASuU.Ed7ZiEH>r7FE7Qb!!!3,F)5c:EsD_\"!!*'\"!4E%2!!`K(!!WgQASlBtEaa'4Eb,=fFCf<.ATD4$F`M%e@<6NjE+EC!AH2]1!<:8C5m.R;ASlBtEaa'4Eb,4Nz!!!<;AoD^\"AQ*\\hEa`Tl:i^JnErZ=LD.Rd%6#L=OA_Ra;562+\"FECr$BLZE?AH2]1!!!",
        "8391687": "!<d@[F*O;%#64c-E,TfCErZ1?!<d@[F*a/\"#64o6@VfsmCI<#NAJK6(@r$13E+NQ3Ecki#Ch521Eb/ec\"E\\p.AJT</@Ua.b/R`^6Cgh??/SB*4DJ=3(\":&scFCB9&=9&=$!!EUFATMNNDJ*csi9`25\":&scFCB9&=o\\O&!!rsADes6$@ru9m!!E[MAT2'lE`7'gFCbFP!!!!",
        "10496007": "!<d@[F*O;%#64c-E,TfCFT;CA!<d@[F*aD)#64o6@VfsmCI<#NAJK6(@r$13E+NQ3Ecki#Ch521Eb/ec\"E\\p.AJT</@Ua.b/R`^6Cgh?=/SB*4DJ=3(\":&scFCB9&=9&=$!!EUFATMNNDJ*csjNA<(\":&scFCB9&=o\\O&!!rsADes6$@ru9m!!E[MAT2'lE`7'gFCbFP!!!!",
        "3164168": "!<d@[F*O>&#64c-E,TfCD?'Y:!<d@[F*a\\1#64o6@VfsmCI<#NAIrp*E,]`9FCJfiD(T1/ARl&M@V&tbEutAh*=;rZ!!%O6&e>EQ!8tU,>f7tr*WH'L5T&KR+9DN",
        "4205576": "!<d@[F*O>&#64c-E,TfCDZBb;!<d@[F*aG*#64o6@VfsmCI<#NAHu^]F`__:EWlSfH#R=(FCAWpAM%qFBl7Km1'@i&DffE0AQSp4!!!-.D.Rd%6#L=OA_Ra;4p2+2DffE0AQf'6!!!<3@rH1\"ARfgnA,l`?Eb02uBl[-o@<?&\\z",
        "4210696": "!<d@[F*O>&#64c-E,TfCDZBb;!<d@[F*aV/#64o6@VfsmCI<#NAIW9mDfor.F*)>@@:s-U$#+:#ASuU.Ed7ZiEH>r7FE7Qb!!!3,F)5c:EsD_\"!!*'\"!4E%2!#Yb:!!WgQASlBtEaa'4Eb,=fFCf<.ATD4$F`M%e@<6NjE+EC!AH2]1!<:8C5m.R;ASlBtEaa'4Eb,4Nz!!!<;AoD^\"AQ*\\hEa`Tl:i^JnErZ=LD.Rd%6#L=OA_R_e5QM4#FECr$BLZE?AH2]1!!!",
        "5249032": "!<d@[F*O>&#64c-E,TfCDu]k<!<d@[F*a8%#64o6@VfsmCI<#NAJK6(@r$13E+NQ3Ecki#Ch521Eb/ec\"E\\p.AJT</@Ua.b/R`^6Cgh?@/SB*4DJ=3(\":&scFCB9&=9&=$!!EUFATMNNDJ*csjNA=S\":&scFCB9&=o\\O&!!rsADes6$@ru9m!!E[MAT2'lE`7'gFCbFP!!!!",
        "4205577": "!<d@[F*OA'#64c-E,TfCDZBb;!<d@[F*aG*#64o6@VfsmCI<#NAHu^]F`__:EWlSfH#R=#@WGn'Bk;<A\":&scFCB9&=9&=$!!EUFATMNNDJ*csz\":&scFCB9&=o\\O&!!rsADes6$@ru9m!!E[MAT2'lE`7'gFCbFP!!!!",
        "4210697": "!<d@[F*OA'#64c-E,TfCDZBb;!<d@[F*aV/#64o6@VfsmCI<#NAJK6(@r$13E+NQ3Ecki#Ch521Eb/ec\"E\\p.AJT</@Ua.b/R`^6Cgh?>/SB*4DJ=3(\":&scFCB9&=9&=$!!EUFATMNNDJ*csi9`25\":&scFCB9&=o\\O&!!rsADes6$@ru9m!!E[MAT2'lE`7'gFCbFP!!!!",
        "4212745": "!<d@[F*OA'#64c-E,TfCDZBb;!<d@[F*a\\1#64o6@VfsmCI<#NAIrp*E,]`9FCJfiD(T1/ARl&M@V&tbEutAh*=;rZ!!!!`&e>EO!5Lf6HE:kf*<?.*58`BQ+9VZ",
        "5251081": "!<d@[F*OA'#64c-E,TfCDu]k<!<d@[F*a>'#64o6@VfsmCI<#NAJK6(@r$13E+NQ3Ecki#Ch521Eb/ec\"E\\p.AJT</@Ua.b/R`^6Cgh??/SB*4DJ=3(\":&scFCB9&=9&=$!!EUFATMNNDJ*csgCMCj\":&scFCB9&=o\\O&!!rsADes6$@ru9m!!E[MAT2'lE`7'gFCbFP!!!!",
        "7342089": "!<d@[F*OA'#64c-E,TfCEW?(>!<d@[F*a,!#64o6@VfsmCI<#NAIrp*E,]`9FCJfiD(T1/ARl&M@V&tbF!gqp,mk.l!!%O6'`\\5a590_(J3OYW%0QZ]^(gVJ!5KTV!!'bNi_'7",
        "7347209": "!<d@[F*OA'#64c-E,TfCEW?(>!<d@[F*a;&#64o6@VfsmCI<#NAJK6(@r$13E+NQ3Ecki#Ch521Eb/ec\"E\\p.AJT</@Ua.b/R`^6Cgh?@/SB*4DJ=3(\":&scFCB9&=9&=$!!EUFATMNNDJ*csjNA=S\":&scFCB9&=o\\O&!!rsADes6$@ru9m!!E[MAT2'lE`7'gFCbFP!!!!",
        "7349257": "!<d@[F*OA'#64c-E,TfCEW?(>!<d@[F*aA(#64o6@VfsmCI<#NAJK6(@r$13E+NQ3Ecki#Ch521Eb/ec\"E\\p.AJT</@Ua.b/R`^6Cgh?>/SB*4DJ=3(\":&scFCB9&=9&=$!!EUFATMNNDJ*csgCMCj\":&scFCB9&=o\\O&!!rsADes6$@ru9m!!E[MAT2'lE`7'gFCbFP!!!!",
        "9440265": "!<d@[F*OA'#64c-E,TfCF8u:@!<d@[F*a/\"#64o6@VfsmCI<#NAJK6(@r$13E+NQ3Ecki#Ch521Eb/ec\"E\\p.AJT</@Ua.b/R`^6Cgh?>/SB*4DJ=3(\":&scFCB9&=9&=$!!EUFATMNNDJ*csdSp%X\":&scFCB9&=o\\O&!!rsADes6$@ru9m!!E[MAT2'lE`7'gFCbFP!!!!",
        "3154954": "!<d@[F*OD(#64c-E,TfCD?'Y:!<d@[F*aA(#64o6@VfsmCI<#NAIrp*E,]`9FCJfiD(T1/ARl&M@V&tbEu4la(((3c!!%O6&df?R!2)Rt!!%O6(ue0g",
        "4202506": "!<d@[F*OD(#64c-E,TfCDZBb;!<d@[F*a>'#64o6@VfsmCI<#NAJK6(@r$13E+NQ3Ecki#Ch521Eb/ec\"E\\p.AJT</@Ua.b/R`^6Cgh?=/SB*4DJ=3(\":&scFCB9&=9&=$!!EUFATMNNDJ*csdSp$-\":&scFCB9&=o\\O&!!rsADes6$@ru9m!!E[MAT2'lE`7'gFCbFP!!!!",
        "4205578": "!<d@[F*OD(#64c-E,TfCDZBb;!<d@[F*aG*#64o6@VfsmCI<#NAHu^]F`__:EWlSfH#R=(@q]:bE\\2<SBl7Km1B[r'DffE0AQSp4!!!-.D.Rd%6#L=OA`V%#^B=d^DffE0AQf'6!!!<3@rH1\"ARfgnA,l`?Eb02uBl[-o@<?&\\z",
        "5249034": "!<d@[F*OD(#64c-E,TfCDu]k<!<d@[F*a8%#64o6@VfsmCI<#NAJK6(@r$13E+NQ3Ecki#Ch521Eb/ec\"E\\p.AJT</@Ua.b/R`^6Cgh?@/SB*4DJ=3(\":&scFCB9&=9&=$!!EUFATMNNDJ*csjNEiR\":&scFCB9&=o\\O&!!rsADes6$@ru9m!!E[MAT2'lE`7'gFCbFP!!!!",
        "7343114": "!<d@[F*OD(#64c-E,TfCEW?(>!<d@[F*a/\"#64o6@VfsmCI<#NAIrp*E,]`9FCJfiD(T1/ARl&M@V&tbF$9R2*=;rb!!%O6&e>Fc)6>5$!!%Pb*I=gPZl%dq+9;fi$3_.E!.[9H%h8R=h`hhU!'n=?r;XMr(ue12!<<",
        "3154955": "!<d@[F*OG)#64c-E,TfCD?'Y:!<d@[F*aA(#64o6@VfsmCI<#NAIrp*E,]`9FCJfiD(T1/ARl&M@V&tbF!:Sk+:8Gb!!%O6*<6(i58\"J9!!%O6'`\\6L5TKh)J3On19)n",
        "3164171": "!<d@[F*OG)#64c-E,TfCD?'Y:!<d@[F*a\\1#64o6@VfsmCI<#NAIrp*E,]`9FCJfiD(T1/ARl&M@V&tbEuG#c(^^EU!!%O6&df'J!.[9K!!$Cl(ue12!WW",
        "4206603": "!<d@[F*OG)#64c-E,TfCDZBb;!<d@[F*aJ+#64o6@VfsmCI<#NAJ/NlDfRFMF_P`)A1_h?F_>AD\":B0fFCB9&=]/[=gCMCj#mP<eASu'i!!s*KDK]T3F@]hXA8Ggu!!!",
        "6309899": "!<d@[F*OG)#64c-E,TfCE<#t=!<d@[F*a\\1#64o6@VfsmCI<#NAIrp*E,]`9FCJfiD(T1/ARl&M@V&tbF!L_m+pnYd!!%O6'`\\4658\"J9!!!#6'`\\46^`<FUi'/(<9-=99",
        "7351307": "!<d@[F*OG)#64c-E,TfCEW?(>!<d@[F*aG*#64o6@VfsmCI<#NAJK6(@r$13E+NQ3Ecki#Ch521Eb/ec\"E\\p.AJT</@Ua.b/R`^6Cgh?=/SB*4DJ=3(\":&scFCB9&=9&=$!!EUFATMNNDJ*csdSp$-\":&scFCB9&=o\\O&!!rsADes6$@ru9m!!E[MAT2'lE`7'gFCbFP!!!!",
        "3150862": "!<d@[F*OP,#64c-E,TfCD?'Y:!<d@[F*a5$#64o6@VfsmCI<#NAHu^]F`__:EWlSfH#R='B6%F(ATMs3DIkCU\":&scFCB9&=9&=$!!EUFATMNNDJ*csi9`0_\":&scFCB9&=o\\O&!!rsADes6$@ru9m!!E[MAT2'lE`7'gFCbFP!!!!",
        "4204558": "!<d@[F*OP,#64c-E,TfCDZBb;!<d@[F*aD)#64o6@VfsmCI<#NAJK6(@r$13E+NQ3Ecki#Ch521Eb/ec\"E\\p.AJT</@Ua.b/R`^6Cgh?=/SB*4DJ=3(\":&scFCB9&=9&=$!!EUFATMNNDJ*csi9`0_\":&scFCB9&=o\\O&!!rsADes6$@ru9m!!E[MAT2'lE`7'gFCbFP!!!!",
        "6302735": "!<d@[F*OS-#64c-E,TfCE<#t=!<d@[F*aG*#64o6@VfsmCI<#NAJK6(@r$13E+NQ3Ecki#Ch521Eb/ec\"E\\p.AJT</@Ua.b/R`^6Cgh?>/SB*4DJ=3(\":&scFCB9&=9&=$!!EUFATMNNDJ*csgCHlk\":&scFCB9&=o\\O&!!rsADes6$@ru9m!!E[MAT2'lE`7'gFCbFP!!!!",
        "7352336": "!<d@[F*OV.#64c-E,TfCEW?(>!<d@[F*aJ+#64o6@VfsmCI<#NAJK6(@r$13E+NQ3Ecki#Ch521Eb/ec\"E\\p.AJT</@Ua.b/R`^6Cgh?@/SB*4DJ=3(\":&scFCB9&=9&=$!!EUFATMNNDJ*csi9`0_\":&scFCB9&=o\\O&!!rsADes6$@ru9m!!E[MAT2'lE`7'gFCbFP!!!!",
        "8403984": "!<d@[F*OV.#64c-E,TfCErZ1?!<d@[F*aS.#64o6@VfsmCI<#NAIrp*E,]`9FCJfiD(T1/ARl&M@V&tbEutAh*=;rZ!!%O6&e>EO!.[9K!!&\\-*I=gPZl%dq+9DN",
        "7354385": "!<d@[F*OY/#64c-E,TfCEW?(>!<d@[F*aP-#64o6@VfsmCI<#NAIrp*E,]`9FCJfiD(T1/ARl&M@V&tbF!L_m+pnYl!!%O6*<6(i58\"J9rVsVs'`\\5a^`E@QJ%li[9-=68"
    },
    "Entities": [],
    "ReplaceMode": 2,
    "EntranceRotation": -1
}