﻿[
    {
        "file": "game:itemtypes/resource/stone",
        "op": "add",
        "path": "/behaviors",
        "value": [{"name": "BehaviorPilableStone"}]
    },
    {
        "file": "game:itemtypes/resource/ore-ungraded",
        "op": "replace",
        "path": "/classByType",
        "value": {
            "*-bituminouscoal": "ItemCoal",
		    "*": "ItemPilableOreUngraded"
        }
    },
    {
        "file": "game:itemtypes/resource/ore-graded",
        "op": "replace",
        "path": "/class",
        "value": "ItemPilableOreGraded"
    },
    {
        "file": "game:itemtypes/resource/quartz/amethyst",
        "op": "add",
        "path": "/class",
        "value": "ItemPilableQuartz"
    },
    {
        "file": "game:itemtypes/resource/quartz/clearquartz",
        "op": "add",
        "path": "/class",
        "value": "ItemPilableQuartz"
    },
    {
        "file": "game:itemtypes/resource/quartz/rosequartz",
        "op": "add",
        "path": "/class",
        "value": "ItemPilableQuartz"
    },
    {
        "file": "game:itemtypes/resource/quartz/smokyquartz",
        "op": "add",
        "path": "/class",
        "value": "ItemPilableQuartz"
    },
    {
        "file": "game:itemtypes/resource/clay",
        "op": "replace",
        "path": "/class",
        "value": "ItemPilableClay"
    },
    {
        "file": "game:itemtypes/resource/flint",
        "op": "replace",
        "path": "/class",
        "value": "ItemPilableFlint"
    },
    {
        "file": "game:itemtypes/resource/nugget",
        "op": "replace",
        "path": "/class",
        "value": "ItemPilableNugget"
    }
]