{
	code: "varanus-juvenile",
	class: "EntityAgent",
	canClimb: true,
        canClimbAnywhere: false,
        climbTouchDistance: 0.1,
        rotateModelOnClimb: true,
        fallDamage: false,
	variantgroups: [
		{ code: "type", states: ["bengalensis", "flavescens", "nebulosus", "rudicollis", "dumerilii", "yemenensis", "nesterovi", "olivaceus", "mabitang", "bitatawa", "caerulivirens", "cerambonensis", "colei", "lirungensis", "melinus", "obor", "rainerguentheri", "tanimbar", "yuwonoi", "auffenbergi", "timorensis", "salvator", "bangonorum", "cumingi", "dalubhasa", "marmoratus", "nuchalis", "palawanensis", "rasmusseni", "samarensis", "togianus", "komodoensis"]}
	],
	collisionBoxSizeByType: {
		"varanus-juvenile-bengalensis": { x: 0.35, y: 0.0525 },
		"varanus-juvenile-flavescens": { x: 0.19, y: 0.0285 },
		"varanus-juvenile-nebulosus": { x: 0.3, y: 0.045 },
		"varanus-juvenile-rudicollis": { x: 0.3, y: 0.045 },
		"varanus-juvenile-dumerilii": { x: 0.28, y: 0.042 },
		"varanus-juvenile-yemenensis": { x: 0.22, y: 0.033 },
		"varanus-juvenile-nesterovi": { x: 0.24, y: 0.036 },
		"varanus-juvenile-olivaceus": { x: 0.36, y: 0.054 },
		"varanus-juvenile-mabitang": { x: 0.35, y: 0.0525 },
		"varanus-juvenile-bitatawa": { x: 0.4, y: 0.06 },
		"varanus-juvenile-caerulivirens": { x: 0.22, y: 0.033 },
		"varanus-juvenile-cerambonensis": { x: 0.19, y: 0.0285 },
		"varanus-juvenile-colei": { x: 0.146, y: 0.0219 },
		"varanus-juvenile-lirungensis": { x: 0.16, y: 0.024 },
		"varanus-juvenile-melinus": { x: 0.24, y: 0.036 },
		"varanus-juvenile-obor": { x: 0.226, y: 0.0339 },
		"varanus-juvenile-rainerguentheri": { x: 0.148, y: 0.0222 },
		"varanus-juvenile-tanimbar": { x: 0.214, y: 0.0321 },
		"varanus-juvenile-yuwonoi": { x: 0.292, y: 0.0438 },
		"varanus-juvenile-auffenbergi": { x: 0.12, y: 0.018 },
		"varanus-juvenile-timorensis": { x: 0.122, y: 0.0183 },
		"varanus-juvenile-salvator": { x: 0.6, y: 0.09 },
		"varanus-juvenile-bangonorum": { x: 0.276, y: 0.0414 },
		"varanus-juvenile-cumingi": { x: 0.3, y: 0.045 },
		"varanus-juvenile-dalubhasa": { x: 0.232, y: 0.0348 },
		"varanus-juvenile-marmoratus": { x: 0.4, y: 0.06 },
		"varanus-juvenile-nuchalis": { x: 0.29, y: 0.0435 },
		"varanus-juvenile-palawanensis": { x: 0.4, y: 0.06 },
		"varanus-juvenile-rasmusseni": { x: 0.244, y: 0.0366 },
		"varanus-juvenile-samarensis": { x: 0.28, y: 0.042 },
		"varanus-juvenile-togianus": { x: 0.3, y: 0.045 },
		"varanus-juvenile-komodoensis": { x: 0.64, y: 0.096 },
	},
	deadCollisionBoxSizeByType: {
		"varanus-juvenile-bengalensis": { x: 0.35, y: 0.0525 },
		"varanus-juvenile-flavescens": { x: 0.19, y: 0.0285 },
		"varanus-juvenile-nebulosus": { x: 0.3, y: 0.045 },
		"varanus-juvenile-rudicollis": { x: 0.3, y: 0.045 },
		"varanus-juvenile-dumerilii": { x: 0.28, y: 0.042 },
		"varanus-juvenile-yemenensis": { x: 0.22, y: 0.033 },
		"varanus-juvenile-nesterovi": { x: 0.24, y: 0.036 },
		"varanus-juvenile-olivaceus": { x: 0.36, y: 0.054 },
		"varanus-juvenile-mabitang": { x: 0.35, y: 0.0525 },
		"varanus-juvenile-bitatawa": { x: 0.4, y: 0.06 },
		"varanus-juvenile-caerulivirens": { x: 0.22, y: 0.033 },
		"varanus-juvenile-cerambonensis": { x: 0.19, y: 0.0285 },
		"varanus-juvenile-colei": { x: 0.146, y: 0.0219 },
		"varanus-juvenile-lirungensis": { x: 0.16, y: 0.024 },
		"varanus-juvenile-melinus": { x: 0.24, y: 0.036 },
		"varanus-juvenile-obor": { x: 0.226, y: 0.0339 },
		"varanus-juvenile-rainerguentheri": { x: 0.148, y: 0.0222 },
		"varanus-juvenile-tanimbar": { x: 0.214, y: 0.0321 },
		"varanus-juvenile-yuwonoi": { x: 0.292, y: 0.0438 },
		"varanus-juvenile-auffenbergi": { x: 0.12, y: 0.018 },
		"varanus-juvenile-timorensis": { x: 0.122, y: 0.0183 },
		"varanus-juvenile-salvator": { x: 0.6, y: 0.09 },
		"varanus-juvenile-bangonorum": { x: 0.276, y: 0.0414 },
		"varanus-juvenile-cumingi": { x: 0.3, y: 0.045 },
		"varanus-juvenile-dalubhasa": { x: 0.232, y: 0.0348 },
		"varanus-juvenile-marmoratus": { x: 0.4, y: 0.06 },
		"varanus-juvenile-nuchalis": { x: 0.29, y: 0.0435 },
		"varanus-juvenile-palawanensis": { x: 0.4, y: 0.06 },
		"varanus-juvenile-rasmusseni": { x: 0.244, y: 0.0366 },
		"varanus-juvenile-samarensis": { x: 0.28, y: 0.042 },
		"varanus-juvenile-togianus": { x: 0.3, y: 0.045 },
		"varanus-juvenile-komodoensis": { x: 0.64, y: 0.096 },
	},	
	selectionBoxSizeByType: {
		"*-bengalensis": { x: 0.35, y: 0.0525 },
		"*-flavescens": { x: 0.19, y: 0.0285 },
		"*-nebulosus": { x: 0.3, y: 0.045 },
		"*-rudicollis": { x: 0.3, y: 0.045 },
		"*-dumerilii": { x: 0.28, y: 0.042 },
		"*-yemenensis": { x: 0.22, y: 0.033 },
		"*-nesterovi": { x: 0.24, y: 0.036 },
		"*-olivaceus": { x: 0.36, y: 0.054 },
		"*-mabitang": { x: 0.35, y: 0.0525 },
		"*-bitatawa": { x: 0.4, y: 0.06 },
		"*-caerulivirens": { x: 0.22, y: 0.033 },
		"*-cerambonensis": { x: 0.19, y: 0.0285 },
		"*-colei": { x: 0.146, y: 0.0219 },
		"*-lirungensis": { x: 0.16, y: 0.024 },
		"*-melinus": { x: 0.24, y: 0.036 },
		"*-obor": { x: 0.226, y: 0.0339 },
		"*-rainerguentheri": { x: 0.148, y: 0.0222 },
		"*-tanimbar": { x: 0.214, y: 0.0321 },
		"*-yuwonoi": { x: 0.292, y: 0.0438 },
		"*-auffenbergi": { x: 0.12, y: 0.018 },
		"*-timorensis": { x: 0.122, y: 0.0183 },
		"*-salvator": { x: 0.6, y: 0.09 },
		"*-bangonorum": { x: 0.276, y: 0.0414 },
		"*-cumingi": { x: 0.3, y: 0.045 },
		"*-dalubhasa": { x: 0.232, y: 0.0348 },
		"*-marmoratus": { x: 0.4, y: 0.06 },
		"*-nuchalis": { x: 0.29, y: 0.0435 },
		"*-palawanensis": { x: 0.4, y: 0.06 },
		"*-rasmusseni": { x: 0.244, y: 0.0366 },
		"*-samarensis": { x: 0.28, y: 0.042 },
		"*-togianus": { x: 0.3, y: 0.045 },
		"*-komodoensis": { x: 0.64, y: 0.096 },
	},
	deadSelectionBoxSizeByType: {
		"*-bengalensis": { x: 0.35, y: 0.0525 },
		"*-flavescens": { x: 0.19, y: 0.0285 },
		"*-nebulosus": { x: 0.3, y: 0.045 },
		"*-rudicollis": { x: 0.3, y: 0.045 },
		"*-dumerilii": { x: 0.28, y: 0.042 },
		"*-yemenensis": { x: 0.22, y: 0.033 },
		"*-nesterovi": { x: 0.24, y: 0.036 },
		"*-olivaceus": { x: 0.36, y: 0.054 },
		"*-mabitang": { x: 0.35, y: 0.0525 },
		"*-bitatawa": { x: 0.4, y: 0.06 },
		"*-caerulivirens": { x: 0.22, y: 0.033 },
		"*-cerambonensis": { x: 0.19, y: 0.0285 },
		"*-colei": { x: 0.146, y: 0.0219 },
		"*-lirungensis": { x: 0.16, y: 0.024 },
		"*-melinus": { x: 0.24, y: 0.036 },
		"*-obor": { x: 0.226, y: 0.0339 },
		"*-rainerguentheri": { x: 0.148, y: 0.0222 },
		"*-tanimbar": { x: 0.214, y: 0.0321 },
		"*-yuwonoi": { x: 0.292, y: 0.0438 },
		"*-auffenbergi": { x: 0.12, y: 0.018 },
		"*-timorensis": { x: 0.122, y: 0.0183 },
		"*-salvator": { x: 0.6, y: 0.09 },
		"*-bangonorum": { x: 0.276, y: 0.0414 },
		"*-cumingi": { x: 0.3, y: 0.045 },
		"*-dalubhasa": { x: 0.232, y: 0.0348 },
		"*-marmoratus": { x: 0.4, y: 0.06 },
		"*-nuchalis": { x: 0.29, y: 0.0435 },
		"*-palawanensis": { x: 0.4, y: 0.06 },
		"*-rasmusseni": { x: 0.244, y: 0.0366 },
		"*-samarensis": { x: 0.28, y: 0.042 },
		"*-togianus": { x: 0.3, y: 0.045 },
		"*-komodoensis": { x: 0.64, y: 0.096 },

	},	
	knockbackResistance: 0,
	weightByType: {
			"*-bengalensis": 2,
			"*-flavescens": 1,
			"*-nebulosus": 2,
			"*-rudicollis": 1,
			"*-dumerilii": 1,
			"*-yemenensis": 1,
			"*-nesterovi": 1,
			"*-olivaceus": 2,
			"*-mabitang": 2,
			"*-bitatawa": 2,
			"*-caerulivirens": 1,
			"*-cerambonensis": 1,
			"*-colei": 1,
			"*-lirungensis": 1,
			"*-melinus": 1,
			"*-obor": 1,
			"*-rainerguentheri": 1,
			"*-tanimbar": 1,
			"*-yuwonoi": 1,
			"*-auffenbergi": 1,
			"*-timorensis": 1,
			"*-salvator": 3,
			"*-bangonorum": 1,
			"*-cumingi": 2,
			"*-dalubhasa": 1,
			"*-marmoratus": 2,
			"*-nuchalis": 2,
			"*-palawanensis": 2,
			"*-rasmusseni": 1,
			"*-samarensis": 2,
			"*-togianus": 2,
			"*-komodoensis": 3,
			},
	eyeHeight: 0.25,
	drops: [],
	attributes: {
		netCaughtItemCode: "asianmonitorlizards:creature-varanus-juvenile-{type}",
		guiTransform: {
			translation: { x: 0, y: 0, z: 0 },
			rotation: { x: 180, y: -115, z: 6 },
			origin: { x: 0.5, y: 0.74, z: 0.5 }
		},
		tpHandTransform: {
			translation: { x: -0.7, y: -0.8, z: -0.6 },
			rotation: { x: 1, y: 172, z: 26 },
			scale: 0.44
		},
		fpHandTransform: {
			translation: { x: 0.05, y: -0.3, z: 0.5 },
			rotation: { x: -8, y: -84, z: -31 },
		},
		groundTransform: {
			translation: { x: 0, y: 0.1, z: 0 }
		}
	},
	client: {
		renderer: "Shape",
		shapeByType: {
			"*-rudicollis": { base: "entity/land/varanus2" },
			"*-dumerilii": { base: "entity/land/varanus2" },
			"*-komodoensis": { base: "entity/land/varanus3" },
			"*": { base: "entity/land/varanus" },
		},
		textureByType: {
			"*-bengalensis": { base: "entity/monitorlizard/varanus-bengalensis" },
			"*-flavescens": { base: "entity/monitorlizard/varanus-flavescens" },
			"*-nebulosus": { base: "entity/monitorlizard/varanus-nebulosus" },
			"*-rudicollis": { base: "entity/monitorlizard/varanus-rudicollis" },
			"*-dumerilii": { base: "entity/monitorlizard/varanus-dumerilii" },
			"*-yemenensis": { base: "entity/monitorlizard/varanus-yemenensis" },
			"*-nesterovi": { base: "entity/monitorlizard/varanus-nesterovi" },
			"*-olivaceus": { base: "entity/monitorlizard/varanus-olivaceus" },
			"*-mabitang": { base: "entity/monitorlizard/varanus-mabitang" },
			"*-bitatawa": { base: "entity/monitorlizard/varanus-bitatawa" },
			"*-caerulivirens": { base: "entity/monitorlizard/varanus-caerulivirens" },
			"*-cerambonensis": { base: "entity/monitorlizard/varanus-cerambonensis" },
			"*-colei": { base: "entity/monitorlizard/varanus-colei" },
			"*-lirungensis": { base: "entity/monitorlizard/varanus-lirungensis" },
			"*-melinus": { base: "entity/monitorlizard/varanus-melinus" },
			"*-obor": { base: "entity/monitorlizard/varanus-obor" },
			"*-rainerguentheri": { base: "entity/monitorlizard/varanus-rainerguentheri" },
			"*-tanimbar": { base: "entity/monitorlizard/varanus-tanimbar" },
			"*-yuwonoi": { base: "entity/monitorlizard/varanus-yuwonoi" },
			"*-auffenbergi": { base: "entity/monitorlizard/varanus-auffenbergi" },
			"*-timorensis": { base: "entity/monitorlizard/varanus-timorensis" },
			"*-salvator": { base: "entity/monitorlizard/varanus-salvator" },
			"*-bangonorum": { base: "entity/monitorlizard/varanus-bangonorum" },
			"*-cumingi": { base: "entity/monitorlizard/varanus-cumingi" },
			"*-dalubhasa": { base: "entity/monitorlizard/varanus-dalubhasa" },
			"*-marmoratus": { base: "entity/monitorlizard/varanus-marmoratus" },
			"*-nuchalis": { base: "entity/monitorlizard/varanus-nuchalis" },
			"*-palawanensis": { base: "entity/monitorlizard/varanus-palawanensis" },
			"*-rasmusseni": { base: "entity/monitorlizard/varanus-rasmusseni" },
			"*-samarensis": { base: "entity/monitorlizard/varanus-samarensis" },
			"*-togianus": { base: "entity/monitorlizard/varanus-togianus" },
			"*-komodoensis": { base: "entity/monitorlizard/varanus-komodoensis" },
		},
		sizeByType: {
			"varanus-juvenile-bengalensis": 0.1514,
			"varanus-juvenile-flavescens": 0.0822,
			"varanus-juvenile-nebulosus": 0.1298,
			"varanus-juvenile-rudicollis": 0.1264,
			"varanus-juvenile-dumerilii": 0.1178,
			"varanus-juvenile-yemenensis": 0.0952,
			"varanus-juvenile-nesterovi": 0.1038,
			"varanus-juvenile-olivaceus": 0.1556,
			"varanus-juvenile-mabitang": 0.1514,
			"varanus-juvenile-bitatawa": 0.173,
			"varanus-juvenile-caerulivirens": 0.0952,
			"varanus-juvenile-cerambonensis": 0.0822,
			"varanus-juvenile-colei": 0.0632,
			"varanus-juvenile-lirungensis": 0.0692,
			"varanus-juvenile-melinus": 0.1038,
			"varanus-juvenile-obor": 0.0978,
			"varanus-juvenile-rainerguentheri": 0.064,
			"varanus-juvenile-tanimbar": 0.0926,
			"varanus-juvenile-yuwonoi": 0.1262,
			"varanus-juvenile-auffenbergi": 0.0518,
			"varanus-juvenile-timorensis": 0.0528,
			"varanus-juvenile-salvator": 0.2594,
			"varanus-juvenile-bangonorum": 0.1194,
			"varanus-juvenile-cumingi": 0.1298,
			"varanus-juvenile-dalubhasa": 0.1004,
			"varanus-juvenile-marmoratus": 0.173,
			"varanus-juvenile-nuchalis": 0.1254,
			"varanus-juvenile-palawanensis": 0.173,
			"varanus-juvenile-rasmusseni": 0.1056,
			"varanus-juvenile-samarensis": 0.121,
			"varanus-juvenile-togianus": 0.1298,
			"varanus-juvenile-komodoensis": 0.2276,
		},
		behaviors: [
			{ code: "repulseagents" }, 
			{ code: "controlledphysics", stepHeight: 0.25 },
			{ code: "floatupwhenstuck", onlyWhenDead: true },
			{ code: "interpolateposition" },
			{ code: "harvestable" },
			{ code: "despawn", minPlayerDistance: 8, belowLightLevel: 8, minSeconds: 300 },
		],
		animations: [
			{
				code: "hurt",
				animation: "hurt", 
				animationSpeed: 2.2,
				weight: 10,
				blendMode: "AddAverage" 
			},
			{
				code: "die",
				animation: "sleep", 
				animationSpeed: 1.25,
				weight: 10,
				blendMode: "Average",
				triggeredBy: { onControls: ["dead"] }
			},
			{ 
				code: "idle", 
				animation: "idle",
				blendMode: "AddAverage",
				easeOutSpeed: 4,
				triggeredBy: { defaultAnim: true },
			},
			{
				code: "sleep", 
				animation: "sleep",
				easeInSpeed: 4,
				easeOutSpeed: 4,
				weight: 1.25,
				blendMode: "Average", 
			},
			{
				code: "sit", 
				animation: "call",
				easeInSpeed: 4,
				easeOutSpeed: 3,
				supressDefaultAnimation: true,
				blendMode: "Average", 
			},
			{
				code: "walk",
				animation: "walk",
				supressDefaultAnimation: true,
				blendMode: "AddAverage"
			}
		]
	},
	server: {
		attributes: {
			pathfinder: {
				minTurnAnglePerSec: 300,
				maxTurnAnglePerSec: 600
			}
		},
		behaviors: [
			{ code: "repulseagents" }, 
			{ code: "health", 
				maxhealthByType: {
					"*-bengalensis": 2,
					"*-flavescens": 1,
					"*-nebulosus": 2,
					"*-rudicollis": 2,
					"*-dumerilii": 2,
					"*-yemenensis": 2,
					"*-nesterovi": 2,
					"*-olivaceus": 2,
					"*-mabitang": 2,
					"*-bitatawa": 2,
					"*-caerulivirens": 2,
					"*-cerambonensis": 1,
					"*-colei": 1,
					"*-lirungensis": 1,
					"*-melinus": 2,
					"*-obor": 2,
					"*-rainerguentheri": 1,
					"*-tanimbar": 2,
					"*-yuwonoi": 2,
					"*-auffenbergi": 1,
					"*-timorensis": 1,
					"*-salvator": 2,
					"*-bangonorum": 2,
					"*-cumingi": 2,
					"*-dalubhasa": 2,
					"*-marmoratus": 2,
					"*-nuchalis": 2,
					"*-palawanensis": 2,
					"*-rasmusseni": 2,
					"*-samarensis": 2,
					"*-togianus": 2,
					"*-komodoensis": 2,
				}
			},
			{"code": "grow",
				"hoursToGrowByType": {
					"*-bengalensis": 525,
					"*-flavescens": 350,
					"*-nebulosus": 525,
					"*-rudicollis": 438,
					"*-dumerilii": 438,
					"*-yemenensis": 525,
					"*-nesterovi": 525,
					"*-olivaceus": 525,
					"*-mabitang": 525,
					"*-bitatawa": 525,
					"*-caerulivirens": 350,
					"*-cerambonensis": 262,
					"*-colei": 262,
					"*-lirungensis": 262,
					"*-melinus": 350,
					"*-obor": 262,
					"*-rainerguentheri": 262,
					"*-tanimbar": 262,
					"*-yuwonoi": 262,
					"*-auffenbergi": 350,
					"*-timorensis": 350,
					"*-salvator": 350,
					"*-bangonorum": 350,
					"*-cumingi": 350,
					"*-dalubhasa": 350,
					"*-marmoratus": 350,
					"*-nuchalis": 350,
					"*-palawanensis": 350,
					"*-rasmusseni": 350,
					"*-samarensis": 350,
					"*-togianus": 350,
					"*-komodoensis": 1401,
				},
				"adultEntityCodes": [ "asianmonitorlizards:varanus-adult-{type}"]
			},
			{ code: "controlledphysics", stepHeight: 0.25 },
			{ code: "despawn", minPlayerDistance: 8, belowLightLevel: 8, minSeconds: 300 },
			{ "code": "deaddecay", "hoursToDecay": 96, 
				"decayedBlockByType": {
				"*": "carcass-tiny"
				} },
			{ code: "harvestable", drops: [
			
					{
						type: "item", 
						code: "asianmonitorlizards:skin-juvenile-{type}", 
						quantity: { avg: 1, var: 0 },
						
					},
					]
				},
			{ code: "floatupwhenstuck", onlyWhenDead: true },
			{ 
				code: "emotionstates",
				states: [
					{ code: "fleeondamage", 
							duration: 30, 
							chance: 1,
							slot: 2, 
							priority: 5, 
							accumType: "max", 
							whenHealthRelBelow: 0.3 },
					{ 
						code: "saturated", 
						duration: 1200, chance: 1, slot: 0, priority: 1, accumType: "sum",
						belowTempDuration: 600,
						belowTempThreshold: -5
					},
					
				],
			},
			{ 
				code: "taskai",
				aitasks: [
					
					{
						code: "fleeentity",
						entityCodes: ["player"],
						priority: 1.7,
						seekingRange: 20,
						animation: "walk",
						whenInEmotionState: "fleeondamage",
						animationSpeedByType: {
							"*": 2
						},
						movespeedByType: {
							"@.*-(salvator|komodoensis)": 0.0035,
							"@.*-(marmoratus|palawanensis|bitatawa)": 0.00325,
                            				"@.*-(bengalensis|nebulosus|rudicollis|dumerilii|nesterovi|olivaceus|mabitang|melinus|yuwonoi|bangonorum|cumingi|nuchalis|rasmusseni|samarensis|togianus)": 0.003,
							"@.*-(flavescens|yemenensis|caerulivirens|cerambonensis|colei|lirungensis|obor|rainerguentheri|tanimbar|auffenbergi|timorensis|dalubhasa)": 0.00275,
                            				"*": 0.00325
						}
					},
					{
						code: "idle",
						priority: 1.1,
						priorityForCancel: 1.35,
						minduration: 2500,
						maxduration: 2500,
						mincooldown: 6000,
						maxcooldown: 20000,
						animation: "idle",
						animationSpeed: 1
					},
					{
						code: "fleeentity",
						entityCodes: [ "bear-*", "wolf-*", "hyena-*", "chicken-*","hare-*", "rana-*", "procyonidae-*", "player" ],
						priority: 1.7,
						seekingRange: 2,
						animation: "walk",
						animationSpeed: 2,
						whenInEmotionState: "fleeondamage",
						animationSpeed: 1,
						movespeedByType: {
							"@.*-(salvator|komodoensis)": 0.0035,
							"@.*-(marmoratus|palawanensis|bitatawa)": 0.00325,
                            				"@.*-(bengalensis|nebulosus|rudicollis|dumerilii|nesterovi|olivaceus|mabitang|melinus|yuwonoi|bangonorum|cumingi|nuchalis|rasmusseni|samarensis|togianus)": 0.003,
							"@.*-(flavescens|yemenensis|caerulivirens|cerambonensis|colei|lirungensis|obor|rainerguentheri|tanimbar|auffenbergi|timorensis|dalubhasa)": 0.00275,
                            				"*": 0.00325
						}
					},
										{
						code: "getoutofwater",
						priority: 1.4,
						movespeedByType: {
							"@.*-(salvator|komodoensis)": 0.0038,
							"@.*-(marmoratus|palawanensis|bitatawa)": 0.00365,
                            				"@.*-(bengalensis|nebulosus|rudicollis|dumerilii|nesterovi|olivaceus|mabitang|melinus|yuwonoi|bangonorum|cumingi|nuchalis|rasmusseni|samarensis|togianus)": 0.0033,
							"@.*-(flavescens|yemenensis|caerulivirens|cerambonensis|colei|lirungensis|obor|rainerguentheri|tanimbar|auffenbergi|timorensis|dalubhasa)": 0.003,
                            				"*": 0.00365
						},
						animation: "swim",
						animationSpeed: 2,
						animationSpeed: 1
					},
					{
						code: "idle",
						priority: 1.3,
						priorityForCancel: 1.35,
						minduration: 200000,
						maxduration: 800000,
						mincooldown: 10000,
						maxcooldown: 30000,
						animation: "sleep",
						animationSpeed: 0.3,
						duringDayTimeFrames: [ { fromHour: 14, toHour: 18 } ],
						stopOnNearbyEntityCodes: ["player"],
						stopRange: 2,
						stopOnHurt: true
					},					
					{
						code: "idle",
						priority: 1.2,
						priorityForCancel: 1.35,
						minduration: 467,
						maxduration: 467,
						mincooldown: 80000,
						maxcooldown: 500000,
						animation: "call",
						animationSpeed: 1
					},
					{
						code: "idle",
						priority: 1.1,
						priorityForCancel: 1.35,
						minduration: 2500,
						maxduration: 2500,
						mincooldown: 6000,
						maxcooldown: 20000,
						animation: "idle",
						animationSpeed: 1
					},
					{
						code: "wander", 
						priority: 1.0, 
						priorityForCancel: 1.35,
						animation: "walk",
						preferredLightLevel: 20,
						animationSpeed: 1,
						movespeedByType: {
							"@.*-(salvator|komodoensis)": 0.0015,
							"@.*-(marmoratus|palawanensis|bitatawa)": 0.00125,
                            				"@.*-(bengalensis|nebulosus|rudicollis|dumerilii|nesterovi|olivaceus|mabitang|melinus|yuwonoi|bangonorum|cumingi|nuchalis|rasmusseni|samarensis|togianus)": 0.0011,
							"@.*-(flavescens|yemenensis|caerulivirens|cerambonensis|colei|lirungensis|obor|rainerguentheri|tanimbar|auffenbergi|timorensis|dalubhasa)": 0.001,
                            				"*": 0.00125
						}
					},
					{
						code: "idle",
						priority: 0.6,
						priorityForCancel: 1.35,
						minduration: 5000,
						maxduration: 30000,
						mincooldown: 2000,
						maxcooldown: 120000,
						animation: "eat",
						stopOnNearbyEntityCodes: ["player"],
						stopRange: 2					},
					{ 
						code: "lookaround", 
						turnSpeedMul: 0.2,
						priority: 0.5
					}
				]
			},
		],
		spawnconditions: {

				runtime: {
					group: "passive",
					chanceByType: {
						"*-bengalensis": 0.0002,
						"*-flavescens": 0.0002,
						"*-nebulosus": 0.0002,
						"*-rudicollis": 0.0002,
						"*-dumerilii": 0.0002,
						"*-yemenensis": 0.0002,
						"*-nesterovi": 0.0002,
						"*-olivaceus": 0.0002,
						"*-mabitang": 0.0002,
						"*-bitatawa": 0.0002,
						"*-caerulivirens": 0.0002,
						"*-cerambonensis": 0.0002,
						"*-colei": 0.0002,
						"*-lirungensis": 0.0002,
						"*-melinus": 0.0002,
						"*-obor": 0.0002,
						"*-rainerguentheri": 0.0002,
						"*-tanimbar": 0.0002,
						"*-yuwonoi": 0.0002,
						"*-auffenbergi": 0.0002,
						"*-timorensis": 0.0002,
						"*-salvator": 0.0002,
						"*-bangonorum": 0.0002,
						"*-cumingi": 0.0002,
						"*-dalubhasa": 0.0002,
						"*-marmoratus": 0.0002,
						"*-nuchalis": 0.0002,
						"*-palawanensis": 0.0002,
						"*-rasmusseni": 0.0002,
						"*-samarensis": 0.0002,
						"*-togianus": 0.0002,
						"*-komodoensis": 0.0002,

							},
					tryOnlySurface: true,
					requireSolidGround: true,
					spawnCapPlayerScaling: 0.05,
					maxQuantityByGroup: { code: "varanus-*", maxQuantity: 4 },						
					groupSize: { dist: "verynarrowgaussian", avg: 1, var: 0 },
					insideBlockCodesByType: {
					"*-cerambonensis": ["game:saltwater-still-7", "game:water-still-7"],
					"*-colei": ["game:saltwater-still-7", "game:water-still-7"],
					"*-lirungensis": ["game:saltwater-still-7", "game:water-still-7"],
					"*-rainerguentheri": ["game:saltwater-still-7", "game:water-still-7"],
					"*-tanimbar": ["game:saltwater-still-7", "game:water-still-7"],
					"*-salvator": ["game:water-still-7"],
					"*-bangonorum": ["game:water-still-7"],
					"*-cumingi": ["game:water-still-7"],
					"*-dalubhasa": ["game:water-still-7"],
					"*-marmoratus": ["game:water-still-7"],
					"*-nuchalis": ["game:water-still-7"],
					"*-palawanensis": ["game:water-still-7"],
					"*-rasmusseni": ["game:water-still-7"],
					"*-samarensis": ["game:water-still-7"],
					"*-togianus": ["game:water-still-7"],
					"*": ["game:air", "game:tallgrass-*", "game:flower-*"],
					},
					minTempByType: {
						"*-bengalensis": 17,
						"*-flavescens": 21,
						"*-nebulosus": 26,
						"*-rudicollis": 28,
						"*-dumerilii": 29,
						"*-yemenensis": 20,
						"*-nesterovi": 16,
						"*-olivaceus": 26,
						"*-mabitang": 28,
						"*-bitatawa": 27,
						"*-caerulivirens": 29,
						"*-cerambonensis": 30,
						"*-colei": 29,
						"*-lirungensis": 28,
						"*-melinus": 31,
						"*-obor": 30,
						"*-rainerguentheri": 29,
						"*-tanimbar": 27,
						"*-yuwonoi": 29,
						"*-auffenbergi": 25,
						"*-timorensis": 26,
						"*-salvator": 24,
						"*-bangonorum": 28,
						"*-cumingi": 27,
						"*-dalubhasa": 27,
						"*-marmoratus": 26,
						"*-nuchalis": 29,
						"*-palawanensis": 30,
						"*-rasmusseni": 28,
						"*-samarensis": 28,
						"*-togianus": 29,
					},
					maxTempByType: {
						"*-bengalensis": 40,
						"*-flavescens": 34,
						"*-nebulosus": 36,
						"*-rudicollis": 38,
						"*-dumerilii": 39,
						"*-yemenensis": 30,
						"*-nesterovi": 28,
						"*-olivaceus": 35,
						"*-mabitang": 35,
						"*-bitatawa": 33,
						"*-caerulivirens": 37,
						"*-cerambonensis": 39,
						"*-colei": 38,
						"*-lirungensis": 37,
						"*-melinus": 39,
						"*-obor": 38,
						"*-rainerguentheri": 39,
						"*-tanimbar": 36,
						"*-yuwonoi": 37,
						"*-auffenbergi": 35,
						"*-timorensis": 36,
						"*-salvator": 40,
						"*-bangonorum": 36,
						"*-cumingi": 36,
						"*-dalubhasa": 35,
						"*-marmoratus": 38,
						"*-nuchalis": 38,
						"*-palawanensis": 39,
						"*-rasmusseni": 37,
						"*-samarensis": 35,
						"*-togianus": 38,
					},
					minRainByType: {
						"*-bengalensis": 0.12,
						"*-flavescens": 0.6,
						"*-nebulosus": 0.5,
						"*-rudicollis": 0.75,
						"*-dumerilii": 0.8,
						"*-yemenensis": 0.15,
						"*-nesterovi": 0,
						"*-olivaceus": 0.75,
						"*-mabitang": 0.8,
						"*-bitatawa": 0.85,
						"*-caerulivirens": 0.8,
						"*-cerambonensis": 0.8,
						"*-colei": 0.85,
						"*-lirungensis": 0.88,
						"*-melinus": 0.75,
						"*-obor": 0.9,
						"*-rainerguentheri": 0.83,
						"*-tanimbar": 0.86,
						"*-yuwonoi": 0.9,
						"*-auffenbergi": 0.7,
						"*-timorensis": 0.75,
						"*-salvator": 0.6,
						"*-bangonorum": 0.84,
						"*-cumingi": 0.85,
						"*-dalubhasa": 0.82,
						"*-marmoratus": 0.8,
						"*-nuchalis": 0.84,
						"*-palawanensis": 0.9,
						"*-rasmusseni": 0.83,
						"*-samarensis": 0.87,
						"*-togianus": 0.9,
					},
					maxRainByType: {
						"*-bengalensis": 0.66,
						"*-flavescens": 1,
						"*-nebulosus": 0.9,
						"*-rudicollis": 1,
						"*-dumerilii": 1,
						"*-yemenensis": 0.4,
						"*-nesterovi": 0.1,
						"*-olivaceus": 1,
						"*-mabitang": 1,
						"*-bitatawa": 1,
						"*-caerulivirens": 0.95,
						"*-cerambonensis": 0.87,
						"*-colei": 0.92,
						"*-lirungensis": 0.95,
						"*-melinus": 0.95,
						"*-obor": 1,
						"*-rainerguentheri": 0.9,
						"*-tanimbar": 0.93,
						"*-yuwonoi": 1,
						"*-auffenbergi": 0.85,
						"*-timorensis": 0.9,
						"*-salvator": 1,
						"*-bangonorum": 0.91,
						"*-cumingi": 0.96,
						"*-dalubhasa": 0.89,
						"*-marmoratus": 0.95,
						"*-nuchalis": 0.92,
						"*-palawanensis": 0.97,
						"*-rasmusseni": 0.91,
						"*-samarensis": 0.95,
						"*-togianus": 0.98,
					},
					minYByType: {
						"*-bengalensis": 1,
						"*-flavescens": 1.02,
						"*-nebulosus": 1,
						"*-rudicollis": 1,
						"*-dumerilii": 1,
						"*-yemenensis": 1.06,
						"*-nesterovi": 1.1,
						"*-olivaceus": 1,
						"*-mabitang": 1,
						"*-bitatawa": 1.01,
						"*-caerulivirens": 1.03,
						"*-cerambonensis": 0.99,
						"*-colei": 0.99,
						"*-lirungensis": 0.99,
						"*-melinus": 1.02,
						"*-obor": 1,
						"*-rainerguentheri": 0.99,
						"*-tanimbar": 0.99,
						"*-yuwonoi": 1.02,
						"*-auffenbergi": 1,
						"*-timorensis": 1,
						"*-salvator": 1,
						"*-bangonorum": 1.02,
						"*-cumingi": 1,
						"*-dalubhasa": 1,
						"*-marmoratus": 1,
						"*-nuchalis": 1,
						"*-palawanensis": 1.01,
						"*-rasmusseni": 1,
						"*-samarensis": 1,
						"*-togianus": 1,
						"*-komodoensis": 1,
					},
					maxYByType: {
						"*-bengalensis": 1.5,
						"*-flavescens": 1.33,
						"*-nebulosus": 1.2,
						"*-rudicollis": 1.38,
						"*-dumerilii": 1.27,
						"*-yemenensis": 1.56,
						"*-nesterovi": 1.34,
						"*-olivaceus": 1.08,
						"*-mabitang": 1.3,
						"*-bitatawa": 1.06,
						"*-caerulivirens": 1.18,
						"*-cerambonensis": 1.02,
						"*-colei": 1.02,
						"*-lirungensis": 1.02,
						"*-melinus": 1.07,
						"*-obor": 1.08,
						"*-rainerguentheri": 1.02,
						"*-tanimbar": 1.02,
						"*-yuwonoi": 1.06,
						"*-auffenbergi": 1.07,
						"*-timorensis": 1.11,
						"*-salvator": 1.56,
						"*-bangonorum": 1.08,
						"*-cumingi": 1.1,
						"*-dalubhasa": 1.04,
						"*-marmoratus": 1.16,
						"*-nuchalis": 1.1,
						"*-palawanensis": 1.3,
						"*-rasmusseni": 1.05,
						"*-samarensis": 1.08,
						"*-togianus": 1.03,
						"*-komodoensis": 1.22,
					},
					minShrubsByType: {
						"*-bengalensis": 0.33,
						"*-flavescens": 0,
						"*-nebulosus": 0.5,
						"*-rudicollis": 0.5,
						"*-dumerilii": 0.5,
						"*-yemenensis": 0.25,
						"*-nesterovi": 0,
						"*-olivaceus": 0.2,
						"*-mabitang": 0.25,
						"*-bitatawa": 0.15,
						"*-caerulivirens": 0.5,
						"*-cerambonensis": 0,
						"*-colei": 0,
						"*-lirungensis": 0,
						"*-melinus": 0.5,
						"*-obor": 0.5,
						"*-rainerguentheri": 0,
						"*-tanimbar": 0,
						"*-yuwonoi": 0.25,
						"*-auffenbergi": 0,
						"*-timorensis": 0,
						"*-salvator": 0.25,
						"*-bangonorum": 0.25,
						"*-cumingi": 0.5,
						"*-dalubhasa": 0.25,
						"*-marmoratus": 0.25,
						"*-nuchalis": 0.15,
						"*-palawanensis": 0.35,
						"*-rasmusseni": 0,
						"*-samarensis": 0.5,
						"*-togianus": 0.25,
					},
					maxShrubsByType: {
						"*-bengalensis": 0.83,
						"*-flavescens": 0.5,
						"*-nebulosus": 1,
						"*-rudicollis": 1,
						"*-dumerilii": 1,
						"*-yemenensis": 0.75,
						"*-nesterovi": 0.5,
						"*-olivaceus": 0.7,
						"*-mabitang": 0.75,
						"*-bitatawa": 0.65,
						"*-caerulivirens": 1,
						"*-cerambonensis": 1,
						"*-colei": 1,
						"*-lirungensis": 1,
						"*-melinus": 1,
						"*-obor": 1,
						"*-rainerguentheri": 1,
						"*-tanimbar": 1,
						"*-yuwonoi": 0.75,
						"*-auffenbergi": 0.5,
						"*-timorensis": 0.5,
						"*-salvator": 0.75,
						"*-bangonorum": 0.75,
						"*-cumingi": 1,
						"*-dalubhasa": 0.75,
						"*-marmoratus": 0.75,
						"*-nuchalis": 0.65,
						"*-palawanensis": 0.85,
						"*-rasmusseni": 0.5,
						"*-samarensis": 1,
						"*-togianus": 0.75,
					},
					minForestByType: {
						"*-bengalensis": 0.25,
						"*-flavescens": 0.33,
						"*-nebulosus": 0.25,
						"*-rudicollis": 0.5,
						"*-dumerilii": 0.5,
						"*-yemenensis": 0,
						"*-nesterovi": 0,
						"*-olivaceus": 0.5,
						"*-mabitang": 0.5,
						"*-bitatawa": 0.5,
						"*-caerulivirens": 0.5,
						"*-cerambonensis": 0.5,
						"*-colei": 0.5,
						"*-lirungensis": 0.5,
						"*-melinus": 0.25,
						"*-obor": 0,
						"*-rainerguentheri": 0.5,
						"*-tanimbar": 0.5,
						"*-yuwonoi": 0.5,
						"*-auffenbergi": 0.5,
						"*-timorensis": 0.66,
						"*-salvator": 0.25,
						"*-bangonorum": 0.5,
						"*-cumingi": 0.5,
						"*-dalubhasa": 0.5,
						"*-marmoratus": 0.25,
						"*-nuchalis": 0.5,
						"*-palawanensis": 0.5,
						"*-rasmusseni": 0.5,
						"*-samarensis": 0.5,
						"*-togianus": 0.5,
					},
					maxForestByType: {
						"*-bengalensis": 0.75,
						"*-flavescens": 0.83,
						"*-nebulosus": 0.75,
						"*-rudicollis": 1,
						"*-dumerilii": 1,
						"*-yemenensis": 0.5,
						"*-nesterovi": 0.5,
						"*-olivaceus": 1,
						"*-mabitang": 1,
						"*-bitatawa": 1,
						"*-caerulivirens": 1,
						"*-cerambonensis": 1,
						"*-colei": 1,
						"*-lirungensis": 1,
						"*-melinus": 0.75,
						"*-obor": 0.5,
						"*-rainerguentheri": 1,
						"*-tanimbar": 1,
						"*-yuwonoi": 1,
						"*-auffenbergi": 1,
						"*-timorensis": 1,
						"*-salvator": 0.75,
						"*-bangonorum": 1,
						"*-cumingi": 1,
						"*-dalubhasa": 1,
						"*-marmoratus": 0.75,
						"*-nuchalis": 1,
						"*-palawanensis": 1,
						"*-rasmusseni": 1,
						"*-samarensis": 1,
						"*-togianus": 1,
					},

					
				}
		}
	},
	
	idleSoundChance: 0,
}

