{
	code: "varanus-adult",
	class: "EntityAgent",
	canClimb: true,
        canClimbAnywhere: false,
        climbTouchDistance: 0.1,
        rotateModelOnClimb: true,
        fallDamage: false,
	variantgroups: [
		{ code: "type", states: ["bengalensis", "flavescens", "nebulosus", "rudicollis", "dumerilii", "yemenensis", "nesterovi", "olivaceus", "mabitang", "bitatawa", "caerulivirens", "cerambonensis", "colei", "lirungensis", "melinus", "obor", "rainerguentheri", "tanimbar", "yuwonoi", "auffenbergi", "timorensis", "salvator", "bangonorum", "cumingi", "dalubhasa", "marmoratus", "nuchalis", "palawanensis", "rasmusseni", "samarensis", "togianus", "komodoensis"]}
	],
	collisionBoxSizeByType: {
		"varanus-adult-bengalensis": { x: 1.75, y: 0.2625 },
		"varanus-adult-flavescens": { x: 0.95, y: 0.1425 },
		"varanus-adult-nebulosus": { x: 1.5, y: 0.225 },
		"varanus-adult-rudicollis": { x: 1.5, y: 0.225 },
		"varanus-adult-dumerilii": { x: 1.4, y: 0.21 },
		"varanus-adult-yemenensis": { x: 1.1, y: 0.165 },
		"varanus-adult-nesterovi": { x: 1.2, y: 0.18 },
		"varanus-adult-olivaceus": { x: 1.8, y: 0.27},
		"varanus-adult-mabitang": { x: 1.75, y: 0.2625 },
		"varanus-adult-bitatawa": { x: 2, y: 0.3 },
		"varanus-adult-caerulivirens": { x: 1.1, y: 0.165 },
		"varanus-adult-cerambonensis": { x: 0.95, y: 0.1425 },
		"varanus-adult-colei": { x: 0.73, y: 0.1095 },
		"varanus-adult-lirungensis": { x: 0.8, y: 0.12 },
		"varanus-adult-melinus": { x: 1.2, y: 0.18 },
		"varanus-adult-obor": { x: 1.13, y: 0.1695 },
		"varanus-adult-rainerguentheri": { x: 0.74, y: 0.111 },
		"varanus-adult-tanimbar": { x: 1.07, y: 0.1605 },
		"varanus-adult-yuwonoi": { x: 1.46, y: 0.219 },
		"varanus-adult-auffenbergi": { x: 0.6, y: 0.09 },
		"varanus-adult-timorensis": { x: 0.61, y: 0.093 },
		"varanus-adult-salvator": { x: 3, y: 0.45 },
		"varanus-adult-bangonorum": { x: 1.38, y: 0.207 },
		"varanus-adult-cumingi": { x: 1.5, y: 0.225 },
		"varanus-adult-dalubhasa": { x: 1.16, y: 0.174 },
		"varanus-adult-marmoratus": { x: 2, y: 0.3 },
		"varanus-adult-nuchalis": { x: 1.45, y: 0.2175 },
		"varanus-adult-palawanensis": { x: 2, y: 0.3 },
		"varanus-adult-rasmusseni": { x: 1.22, y: 0.183 },
		"varanus-adult-samarensis": { x: 1.4, y: 0.21 },
		"varanus-adult-togianus": { x: 1.5, y: 0.225 },
		"varanus-adult-komodoensis": { x: 3.2, y: 0.48 },
	},
	deadCollisionBoxSizeByType: {
		"varanus-adult-bengalensis": { x: 1.75, y: 0.2625 },
		"varanus-adult-flavescens": { x: 0.95, y: 0.1425 },
		"varanus-adult-nebulosus": { x: 1.5, y: 0.225 },
		"varanus-adult-rudicollis": { x: 1.5, y: 0.225 },
		"varanus-adult-dumerilii": { x: 1.4, y: 0.21 },
		"varanus-adult-yemenensis": { x: 1.1, y: 0.165 },
		"varanus-adult-nesterovi": { x: 1.2, y: 0.18 },
		"varanus-adult-olivaceus": { x: 1.8, y: 0.27},
		"varanus-adult-mabitang": { x: 1.75, y: 0.2625 },
		"varanus-adult-bitatawa": { x: 2, y: 0.3 },
		"varanus-adult-caerulivirens": { x: 1.1, y: 0.165 },
		"varanus-adult-cerambonensis": { x: 0.95, y: 0.1425 },
		"varanus-adult-colei": { x: 0.73, y: 0.1095 },
		"varanus-adult-lirungensis": { x: 0.8, y: 0.12 },
		"varanus-adult-melinus": { x: 1.2, y: 0.18 },
		"varanus-adult-obor": { x: 1.13, y: 0.1695 },
		"varanus-adult-rainerguentheri": { x: 0.74, y: 0.111 },
		"varanus-adult-tanimbar": { x: 1.07, y: 0.1605 },
		"varanus-adult-yuwonoi": { x: 1.46, y: 0.219 },
		"varanus-adult-auffenbergi": { x: 0.6, y: 0.09 },
		"varanus-adult-timorensis": { x: 0.61, y: 0.093 },
		"varanus-adult-salvator": { x: 3, y: 0.45 },
		"varanus-adult-bangonorum": { x: 1.38, y: 0.207 },
		"varanus-adult-cumingi": { x: 1.5, y: 0.225 },
		"varanus-adult-dalubhasa": { x: 1.16, y: 0.174 },
		"varanus-adult-marmoratus": { x: 2, y: 0.3 },
		"varanus-adult-nuchalis": { x: 1.45, y: 0.2175 },
		"varanus-adult-palawanensis": { x: 2, y: 0.3 },
		"varanus-adult-rasmusseni": { x: 1.22, y: 0.183 },
		"varanus-adult-samarensis": { x: 1.4, y: 0.21 },
		"varanus-adult-togianus": { x: 1.5, y: 0.225 },
		"varanus-adult-komodoensis": { x: 3.2, y: 0.48 },
	},	
	selectionBoxSizeByType: {
		"*-bengalensis": { x: 1.75, y: 0.2625 },
		"*-flavescens": { x: 0.95, y: 0.1425 },
		"*-nebulosus": { x: 1.5, y: 0.225 },
		"*-rudicollis": { x: 1.5, y: 0.225 },
		"*-dumerilii": { x: 1.4, y: 0.21 },
		"*-yemenensis": { x: 1.1, y: 0.165 },
		"*-nesterovi": { x: 1.2, y: 0.18 },
		"*-olivaceus": { x: 1.8, y: 0.27},
		"*-mabitang": { x: 1.75, y: 0.2625 },
		"*-bitatawa": { x: 2, y: 0.3 },
		"*-caerulivirens": { x: 1.1, y: 0.165 },
		"*-cerambonensis": { x: 0.95, y: 0.1425 },
		"*-colei": { x: 0.73, y: 0.1095 },
		"*-lirungensis": { x: 0.8, y: 0.12 },
		"*-melinus": { x: 1.2, y: 0.18 },
		"*-obor": { x: 1.13, y: 0.1695 },
		"*-rainerguentheri": { x: 0.74, y: 0.111 },
		"*-tanimbar": { x: 1.07, y: 0.1605 },
		"*-yuwonoi": { x: 1.46, y: 0.219 },
		"*-auffenbergi": { x: 0.6, y: 0.09 },
		"*-timorensis": { x: 0.61, y: 0.093 },
		"*-salvator": { x: 3, y: 0.45 },
		"*-bangonorum": { x: 1.38, y: 0.207 },
		"*-cumingi": { x: 1.5, y: 0.225 },
		"*-dalubhasa": { x: 1.16, y: 0.174 },
		"*-marmoratus": { x: 2, y: 0.3 },
		"*-nuchalis": { x: 1.45, y: 0.2175 },
		"*-palawanensis": { x: 2, y: 0.3 },
		"*-rasmusseni": { x: 1.22, y: 0.183 },
		"*-samarensis": { x: 1.4, y: 0.21 },
		"*-togianus": { x: 1.5, y: 0.225 },
		"*-komodoensis": { x: 3.2, y: 0.48 },
	},
	deadSelectionBoxSizeByType: {
		"*-bengalensis": { x: 1.75, y: 0.2625 },
		"*-flavescens": { x: 0.95, y: 0.1425 },
		"*-nebulosus": { x: 1.5, y: 0.225 },
		"*-rudicollis": { x: 1.5, y: 0.225 },
		"*-dumerilii": { x: 1.4, y: 0.21 },
		"*-yemenensis": { x: 1.1, y: 0.165 },
		"*-nesterovi": { x: 1.2, y: 0.18 },
		"*-olivaceus": { x: 1.8, y: 0.27},
		"*-mabitang": { x: 1.75, y: 0.2625 },
		"*-bitatawa": { x: 2, y: 0.3 },
		"*-caerulivirens": { x: 1.1, y: 0.165 },
		"*-cerambonensis": { x: 0.95, y: 0.1425 },
		"*-colei": { x: 0.73, y: 0.1095 },
		"*-lirungensis": { x: 0.8, y: 0.12 },
		"*-melinus": { x: 1.2, y: 0.18 },
		"*-obor": { x: 1.13, y: 0.1695 },
		"*-rainerguentheri": { x: 0.74, y: 0.111 },
		"*-tanimbar": { x: 1.07, y: 0.1605 },
		"*-yuwonoi": { x: 1.46, y: 0.219 },
		"*-auffenbergi": { x: 0.6, y: 0.09 },
		"*-timorensis": { x: 0.61, y: 0.093 },
		"*-salvator": { x: 3, y: 0.45 },
		"*-bangonorum": { x: 1.38, y: 0.207 },
		"*-cumingi": { x: 1.5, y: 0.225 },
		"*-dalubhasa": { x: 1.16, y: 0.174 },
		"*-marmoratus": { x: 2, y: 0.3 },
		"*-nuchalis": { x: 1.45, y: 0.2175 },
		"*-palawanensis": { x: 2, y: 0.3 },
		"*-rasmusseni": { x: 1.22, y: 0.183 },
		"*-samarensis": { x: 1.4, y: 0.21 },
		"*-togianus": { x: 1.5, y: 0.225 },
		"*-komodoensis": { x: 3.2, y: 0.48 },
	},	
	knockbackResistance: 0,
	weightByType: {
			"*-bengalensis": 10,
			"*-flavescens": 5,
			"*-nebulosus": 8,
			"*-rudicollis": 6,
			"*-dumerilii": 6,
			"*-yemenensis": 6,
			"*-nesterovi": 6,
			"*-olivaceus": 10,
			"*-mabitang": 9,
			"*-bitatawa": 14,
			"*-caerulivirens": 6,
			"*-cerambonensis": 5,
			"*-colei": 4,
			"*-lirungensis": 4,
			"*-melinus": 6,
			"*-obor": 6,
			"*-rainerguentheri": 4,
			"*-tanimbar": 5,
			"*-yuwonoi": 7,
			"*-auffenbergi": 4,
			"*-timorensis": 4,
			"*-salvator": 25,
			"*-bangonorum": 7,
			"*-cumingi": 8,
			"*-dalubhasa": 6,
			"*-marmoratus": 14,
			"*-nuchalis": 8,
			"*-palawanensis": 14,
			"*-rasmusseni": 6,
			"*-samarensis": 7,
			"*-togianus": 8,
			"*-komodoensis": 75,
			},
	eyeHeight: 0.25,
	drops: [],
	attributes: {
		guiTransform: {
			translation: { x: 0, y: 0, z: 0 },
			rotation: { x: 180, y: -115, z: 6 },
			origin: { x: 0.5, y: 0.74, z: 0.5 }
		},
		tpHandTransform: {
			translation: { x: -0.7, y: -0.8, z: -0.6 },
			rotation: { x: 1, y: 172, z: 26 },
			scale: 0.44
		},
		fpHandTransform: {
			translation: { x: 0.05, y: -0.3, z: 0.5 },
			rotation: { x: -8, y: -84, z: -31 },
		},
		groundTransform: {
			translation: { x: 0, y: 0.1, z: 0 }
		}
	},
	client: {
		renderer: "Shape",
		shapeByType: {
			"*-rudicollis": { base: "entity/land/varanus2" },
			"*-dumerilii": { base: "entity/land/varanus2" },
			"*-komodoensis": { base: "entity/land/varanus3" },
			"*": { base: "entity/land/varanus" },
		},
		textureByType: {
			"*-bengalensis": { base: "entity/monitorlizard/varanus-bengalensis" },
			"*-flavescens": { base: "entity/monitorlizard/varanus-flavescens" },
			"*-nebulosus": { base: "entity/monitorlizard/varanus-nebulosus" },
			"*-rudicollis": { base: "entity/monitorlizard/varanus-rudicollis" },
			"*-dumerilii": { base: "entity/monitorlizard/varanus-dumerilii" },
			"*-yemenensis": { base: "entity/monitorlizard/varanus-yemenensis" },
			"*-nesterovi": { base: "entity/monitorlizard/varanus-nesterovi" },
			"*-olivaceus": { base: "entity/monitorlizard/varanus-olivaceus" },
			"*-mabitang": { base: "entity/monitorlizard/varanus-mabitang" },
			"*-bitatawa": { base: "entity/monitorlizard/varanus-bitatawa" },
			"*-caerulivirens": { base: "entity/monitorlizard/varanus-caerulivirens" },
			"*-cerambonensis": { base: "entity/monitorlizard/varanus-cerambonensis" },
			"*-colei": { base: "entity/monitorlizard/varanus-colei" },
			"*-lirungensis": { base: "entity/monitorlizard/varanus-lirungensis" },
			"*-melinus": { base: "entity/monitorlizard/varanus-melinus" },
			"*-obor": { base: "entity/monitorlizard/varanus-obor" },
			"*-rainerguentheri": { base: "entity/monitorlizard/varanus-rainerguentheri" },
			"*-tanimbar": { base: "entity/monitorlizard/varanus-tanimbar" },
			"*-yuwonoi": { base: "entity/monitorlizard/varanus-yuwonoi" },
			"*-auffenbergi": { base: "entity/monitorlizard/varanus-auffenbergi" },
			"*-timorensis": { base: "entity/monitorlizard/varanus-timorensis" },
			"*-salvator": { base: "entity/monitorlizard/varanus-salvator" },
			"*-bangonorum": { base: "entity/monitorlizard/varanus-bangonorum" },
			"*-cumingi": { base: "entity/monitorlizard/varanus-cumingi" },
			"*-dalubhasa": { base: "entity/monitorlizard/varanus-dalubhasa" },
			"*-marmoratus": { base: "entity/monitorlizard/varanus-marmoratus" },
			"*-nuchalis": { base: "entity/monitorlizard/varanus-nuchalis" },
			"*-palawanensis": { base: "entity/monitorlizard/varanus-palawanensis" },
			"*-rasmusseni": { base: "entity/monitorlizard/varanus-rasmusseni" },
			"*-samarensis": { base: "entity/monitorlizard/varanus-samarensis" },
			"*-togianus": { base: "entity/monitorlizard/varanus-togianus" },
			"*-komodoensis": { base: "entity/monitorlizard/varanus-komodoensis" },
		},
		sizeByType: {
			"varanus-adult-bengalensis": 0.757,
			"varanus-adult-flavescens": 0.411,	
			"varanus-adult-nebulosus": 0.649,
			"varanus-adult-rudicollis": 0.632,
			"varanus-adult-dumerilii": 0.589,
			"varanus-adult-yemenensis": 0.476,
			"varanus-adult-nesterovi": 0.519,
			"varanus-adult-olivaceus": 0.778,
			"varanus-adult-mabitang": 0.757,
			"varanus-adult-bitatawa": 0.865,
			"varanus-adult-caerulivirens": 0.476,
			"varanus-adult-cerambonensis": 0.411,
			"varanus-adult-colei": 0.316,
			"varanus-adult-lirungensis": 0.346,
			"varanus-adult-melinus": 0.519,
			"varanus-adult-obor": 0.489,
			"varanus-adult-rainerguentheri": 0.32,
			"varanus-adult-tanimbar": 0.463,
			"varanus-adult-yuwonoi": 0.631,
			"varanus-adult-auffenbergi": 0.259,
			"varanus-adult-timorensis": 0.264,
			"varanus-adult-salvator": 1.297,
			"varanus-adult-bangonorum": 0.597,
			"varanus-adult-cumingi": 0.649,
			"varanus-adult-dalubhasa": 0.502,
			"varanus-adult-marmoratus": 0.865,
			"varanus-adult-nuchalis": 0.627,
			"varanus-adult-palawanensis": 0.865,
			"varanus-adult-rasmusseni": 0.528,
			"varanus-adult-samarensis": 0.605,
			"varanus-adult-togianus": 0.649,
			"varanus-adult-komodoensis": 1.138,
		},
		behaviors: [
			{ code: "repulseagents" }, 
			{ code: "controlledphysics", stepHeight: 0.25 },
			{ code: "harvestable" },
			{ code: "floatupwhenstuck", onlyWhenDead: true },
			{ code: "interpolateposition" },
			{ code: "despawn", minPlayerDistance: 8, belowLightLevel: 8, minSeconds: 300 },
		],
		animations: [
			{
				code: "hurt",
				animation: "hurt", 
				animationSpeed: 2.2,
				weight: 10,
				blendMode: "AddAverage" 
			},
			{
				code: "die",
				animation: "sleep", 
				animationSpeed: 1.25,
				weight: 10,
				blendMode: "Average",
				triggeredBy: { onControls: ["dead"] }
			},
			{ 
				code: "idle", 
				animation: "idle",
				blendMode: "AddAverage",
				easeOutSpeed: 4,
				triggeredBy: { defaultAnim: true },
			},
			{
				code: "sleep", 
				animation: "sleep",
				easeInSpeed: 4,
				easeOutSpeed: 4,
				weight: 1.25,
				blendMode: "Average", 
			},
			{
				code: "sit", 
				animation: "call",
				easeInSpeed: 4,
				easeOutSpeed: 3,
				supressDefaultAnimation: true,
				blendMode: "Average", 
			},
			{
				code: "walk",
				animation: "walk",
				supressDefaultAnimation: true,
				blendMode: "AddAverage"
			}
		]
	},
	server: {
		attributes: {
			pathfinder: {
				minTurnAnglePerSec: 300,
				maxTurnAnglePerSec: 600
			}
		},
		behaviors: [
			{ code: "repulseagents" }, 
			{ code: "health", 
				maxhealthByType: {
					"*-bengalensis": 4,
					"*-flavescens": 3,
					"*-nebulosus": 4,
					"*-rudicollis": 4,
					"*-dumerilii": 4,
					"*-yemenensis": 4,
					"*-nesterovi": 4,
					"*-olivaceus": 4,
					"*-mabitang": 4,
					"*-bitatawa": 5,
					"*-caerulivirens": 4,
					"*-cerambonensis": 3,
					"*-colei": 3,
					"*-lirungensis": 3,
					"*-melinus": 4,
					"*-obor": 4,
					"*-rainerguentheri": 3,
					"*-tanimbar": 4,
					"*-yuwonoi": 4,
					"*-auffenbergi": 2,
					"*-timorensis": 2,
					"*-salvator": 7,
					"*-bangonorum": 4,
					"*-cumingi": 4,
					"*-dalubhasa": 4,
					"*-marmoratus": 5,
					"*-nuchalis": 4,
					"*-palawanensis": 5,
					"*-rasmusseni": 4,
					"*-samarensis": 4,
					"*-togianus": 4,
					"*-komodoensis": 15,
				}
			},
			{ code: "harvestable", drops: [
			
					{
						type: "item", 
						code: "game:bushmeat-raw", 
						quantityByType: {
						"*-bengalensis": { avg: 1, var: 0 },
						"*-flavescens": { avg: 0, var: 0 },
						"*-nebulosus": { avg: 1, var: 0 },
						"*-rudicollis": { avg: 1, var: 0 },
						"*-dumerilii": { avg: 1, var: 0 },
						"*-yemenensis": { avg: 1, var: 0 },
						"*-nesterovi": { avg: 1, var: 0 },
						"*-olivaceus": { avg: 1, var: 0 },
						"*-mabitang": { avg: 1, var: 0 },
						"*-bitatawa": { avg: 1, var: 0 },
						"*-caerulivirens": { avg: 1, var: 0 },
						"*-cerambonensis": { avg: 0, var: 0 },
						"*-colei": { avg: 0, var: 0 },
						"*-lirungensis": { avg: 0, var: 0 },
						"*-melinus": { avg: 1, var: 0 },
						"*-obor": { avg: 1, var: 0 },
						"*-rainerguentheri": { avg: 0, var: 0 },
						"*-tanimbar": { avg: 1, var: 0 },
						"*-yuwonoi": { avg: 1, var: 0 },
						"*-auffenbergi": { avg: 0, var: 0 },
						"*-timorensis": { avg: 0, var: 0 },
						"*-salvator": { avg: 2, var: 0 },
						"*-bangonorum": { avg: 1, var: 0 },
						"*-cumingi": { avg: 1, var: 0 },
						"*-dalubhasa": { avg: 1, var: 0 },
						"*-marmoratus": { avg: 1, var: 0 },
						"*-nuchalis": { avg: 1, var: 0 },
						"*-palawanensis": { avg: 1, var: 0 },
						"*-rasmusseni": { avg: 1, var: 0 },
						"*-samarensis": { avg: 1, var: 0 },
						"*-togianus": { avg: 1, var: 0 },
						"*-komodoensis": { avg: 4, var: 0 },
						}
					},
					{
						type: "item", 
						code: "asianmonitorlizards:skin-adult-{type}", 
						quantity: { avg: 1, var: 0 },
						
					},
					]
				},
			{ code: "controlledphysics", stepHeight: 0.25 },
			{ code: "despawn", minPlayerDistance: 8, belowLightLevel: 8, minSeconds: 300 },
			{ "code": "deaddecay", "hoursToDecay": 96, 
				"decayedBlockByType": {
				"*": "carcass-small"
				} },
			{ code: "floatupwhenstuck", onlyWhenDead: true },
			{ 
				code: "emotionstates",
				states: [
					{ code: "fleeondamage", 
							duration: 30, 
							chance: 1,
							slot: 2, 
							priority: 5, 
							accumType: "max", 
							whenHealthRelBelow: 0.3 },
					{ 
						code: "saturated", 
						duration: 1200, chance: 1, slot: 0, priority: 1, accumType: "sum",
						belowTempDuration: 600,
						belowTempThreshold: -5
					},
					
				],
			},
			{ 
				code: "taskai",
				aitasks: [
					{
						code: "meleeattack",
						"entityCodesByType": {
		            "@.*-(salvator|marmoratus|palawanensis|komodoensis)": [ "player", "chicken-*","hare-*", "rana-*", "procyonidae-*" ],
                            "@.*-(bengalensis|nebulosus|rudicollis|dumerilii|yemenensis|nesterovi|caerulivirens|melinus|obor|tanimbar|yuwonoi|bangonorum|cumingi|dalubhasa|nuchalis|rasmusseni|samarensis|togianus)": [ "chicken-*","hare-*", "rana-*" ],
			    "@.*-(flavescens|cerambonensis|colei|lirungensis|rainerguentheri|auffenbergi|timorensis)": [ "chicken-baby", "hare-baby", "rana-*" ],
			    "@.*-(olivaceus|mabitang|bitatawa)": [ "gnome" ],
                            "*": []},
						priority: 1.5,
						damageByType: {
							"*-bengalensis": 3,
							"*-flavescens": 2,	
							"*-nebulosus": 3,
							"*-rudicollis": 3,
							"*-dumerilii": 3,
							"*-yemenensis": 2,
							"*-nesterovi": 3,
							"*-olivaceus": 3,
							"*-mabitang": 3,
							"*-bitatawa": 4,
							"*-caerulivirens": 2,
							"*-cerambonensis": 2,
							"*-colei": 2,
							"*-lirungensis": 2,
							"*-melinus": 3,
							"*-obor": 2,
							"*-rainerguentheri": 2,
							"*-tanimbar": 2,
							"*-yuwonoi": 3,
							"*-auffenbergi": 2,
							"*-timorensis": 2,
							"*-salvator": 5,
							"*-bangonorum": 3,
							"*-cumingi": 3,
							"*-dalubhasa": 2,
							"*-marmoratus": 4,
							"*-nuchalis": 3,
							"*-palawanensis": 4,
							"*-rasmusseni": 3,
							"*-samarensis": 3,
							"*-togianus": 3,
							"*-komodoensis": 7,
						},
						damageTier: 1,
						damageType: "SlashingAttack",
						minDist: 2,
						minVerDist: 1.5,
						slot: 1,
						mincooldown: 1500, 
						maxcooldown: 1500, 
						attackDurationMs: 400,
						damagePlayerAtMs: 250,
						animation: "Attack",
						animationSpeed: 1,
					},
					{
						code: "meleeattack",
						"entityCodesByType": {
		
                            "@.*-(bengalensis|nebulosus|rudicollis|dumerilii|yemenensis|nesterovi|caerulivirens|melinus|obor|tanimbar|yuwonoi|salvator|bangonorum|cumingi|dalubhasa|marmoratus|nuchalis|palawanensis|rasmusseni|samarensis|togianus|komodoensis)": [ "player" ],
			    "@.*-(flavescens|olivaceus|mabitang|bitatawa|cerambonensis|colei|lirungensis|rainerguentheri|auffenbergi|timorensis)": [ "gnome" ],
                            "*": []},
						priority: 2,
						damageTier: 1,
						damageByType: {
							"*-bengalensis": 3,
							"*-flavescens": 2,
							"*-nebulosus": 3,
							"*-rudicollis": 3,
							"*-dumerilii": 3,
							"*-yemenensis": 2,
							"*-nesterovi": 3,
							"*-olivaceus": 3,
							"*-mabitang": 3,
							"*-bitatawa": 4,
							"*-caerulivirens": 2,
							"*-cerambonensis": 2,
							"*-colei": 2,
							"*-lirungensis": 2,
							"*-melinus": 3,
							"*-obor": 2,
							"*-rainerguentheri": 2,
							"*-tanimbar": 2,
							"*-yuwonoi": 3,
							"*-auffenbergi": 2,
							"*-timorensis": 2,
							"*-salvator": 5,
							"*-bangonorum": 3,
							"*-cumingi": 3,
							"*-dalubhasa": 2,
							"*-marmoratus": 4,
							"*-nuchalis": 3,
							"*-palawanensis": 4,
							"*-rasmusseni": 3,
							"*-samarensis": 3,
							"*-togianus": 3,
							"*-komodoensis": 7,
						},
						damageType: "SlashingAttack",
						minDist: 2.5,
						minVerDist: 1.5,
						slot: 1,
						mincooldown: 1500, 
						maxcooldown: 1500, 
						attackDurationMs: 400,
						damagePlayerAtMs: 250,
						animation: "Attack",
						animationSpeed: 1,
						whenInEmotionState: "aggressiveondamage"
					},
					{
						code: "fleeentity",
						entityCodes: ["player"],
						priority: 1.7,
						seekingRange: 20,
						animation: "walk",
						whenInEmotionState: "fleeondamage",
						animationSpeedByType: {
							"*": 2
						},
						movespeedByType: {
							"@.*-(salvator|komodoensis)": 0.0145,
							"@.*-(marmoratus|palawanensis|bitatawa)": 0.0125,
                            				"@.*-(bengalensis|nebulosus|rudicollis|dumerilii|nesterovi|olivaceus|mabitang|melinus|yuwonoi|bangonorum|cumingi|nuchalis|rasmusseni|samarensis|togianus)": 0.011,
							"@.*-(flavescens|yemenensis|caerulivirens|cerambonensis|colei|lirungensis|obor|rainerguentheri|tanimbar|auffenbergi|timorensis|dalubhasa)": 0.009,
                            				"*": 0.0125
						}
					},
					{
						code: "seekentity",
						"entityCodesByType": {
			    "@.*-(salvator|marmoratus|palawanensis|komodoensis)": [ "chicken-*","hare-*", "rana-*", "procyonidae-*" ],
                            "@.*-(bengalensis|nebulosus|rudicollis|dumerilii|yemenensis|nesterovi|caerulivirens|melinus|obor|tanimbar|yuwonoi|bangonorum|cumingi|dalubhasa|nuchalis|rasmusseni|samarensis|togianus)": [ "chicken-*","hare-*", "rana-*" ],
			    "@.*-(flavescens|cerambonensis|colei|lirungensis|rainerguentheri|auffenbergi|timorensis)": [ "chicken-baby", "hare-baby", "rana-*" ],
			    "@.*-(olivaceus|mabitang|bitatawa)": [ "gnome" ],
                            "*": []},
						priority: 1.6,
						extraTargetDistance: 0.5,
						seekingRange: 10,
						animation: "walk",
						whenNotInEmotionState: "saturated",
						animationSpeedByType: {
							"*": 2,
						},
						movespeedByType: {
							"@.*-(salvator|komodoensis)": 0.025,
							"@.*-(marmoratus|palawanensis|bitatawa)": 0.0225,
                            				"@.*-(bengalensis|nebulosus|rudicollis|dumerilii|nesterovi|olivaceus|mabitang|melinus|yuwonoi|bangonorum|cumingi|nuchalis|rasmusseni|samarensis|togianus)": 0.02,
							"@.*-(flavescens|yemenensis|caerulivirens|cerambonensis|colei|lirungensis|obor|rainerguentheri|tanimbar|auffenbergi|timorensis|dalubhasa)": 0.0175,
                            				"*": 0.0225
						}
					},
					{
						code: "seekentity",
						"entityCodesByType": {
                            
                            "@.*-(salvator|marmoratus|palawanensis|komodoensis)": [ "player" ],
                            "@.*-(bengalensis|nebulosus|rudicollis|dumerilii|yemenensis|nesterovi|caerulivirens|melinus|obor|tanimbar|yuwonoi|flavescens|olivaceus|mabitang|bitatawa|cerambonensis|colei|lirungensis|rainerguentheri|auffenbergi|timorensis|bangonorum|cumingi|dalubhasa|nuchalis|rasmusseni|samarensis|togianus)": [ "gnome" ],
                            "*": []},
						priority: 1.6,
						extraTargetDistance: 0.5,
						seekingRange: 6,
						animation: "walk",
						whenNotInEmotionState: "saturated",
						animationSpeedByType: {
							"*": 2,
						},
						movespeedByType: {
							"@.*-(salvator|komodoensis)": 0.025,
							"@.*-(marmoratus|palawanensis|bitatawa)": 0.0225,
                            				"@.*-(bengalensis|nebulosus|rudicollis|dumerilii|nesterovi|olivaceus|mabitang|melinus|yuwonoi|bangonorum|cumingi|nuchalis|rasmusseni|samarensis|togianus)": 0.02,
							"@.*-(flavescens|yemenensis|caerulivirens|cerambonensis|colei|lirungensis|obor|rainerguentheri|tanimbar|auffenbergi|timorensis|dalubhasa)": 0.0175,
                            				"*": 0.0225
						}
					},
					{
						code: "idle",
						priority: 1.1,
						priorityForCancel: 1.35,
						minduration: 2500,
						maxduration: 2500,
						mincooldown: 6000,
						maxcooldown: 20000,
						animation: "idle",
						animationSpeed: 1
					},
					{
						code: "fleeentity",
						entityCodes: [ "bear-*", "wolf-*", "hyena-*" ],
						priority: 1.7,
						seekingRange: 2,
						animation: "walk",
						animationSpeed: 2,
						whenInEmotionState: "fleeondamage",
						animationSpeed: 1,
						movespeedByType: {
							"@.*-(salvator|komodoensis)": 0.0145,
							"@.*-(marmoratus|palawanensis|bitatawa)": 0.0125,
                            				"@.*-(bengalensis|nebulosus|rudicollis|dumerilii|nesterovi|olivaceus|mabitang|melinus|yuwonoi|bangonorum|cumingi|nuchalis|rasmusseni|samarensis|togianus)": 0.011,
							"@.*-(flavescens|yemenensis|caerulivirens|cerambonensis|colei|lirungensis|obor|rainerguentheri|tanimbar|auffenbergi|timorensis|dalubhasa)": 0.009,
                            				"*": 0.0125
						}
					},
										{
						code: "getoutofwater",
						priority: 1.4,
						movespeedByType: {
							"@.*-(salvator|komodoensis)": 0.0185,
							"@.*-(marmoratus|palawanensis|bitatawa)": 0.0165,
                            				"@.*-(bengalensis|nebulosus|rudicollis|dumerilii|nesterovi|olivaceus|mabitang|melinus|yuwonoi|bangonorum|cumingi|nuchalis|rasmusseni|samarensis|togianus)": 0.015,
							"@.*-(flavescens|yemenensis|caerulivirens|cerambonensis|colei|lirungensis|obor|rainerguentheri|tanimbar|auffenbergi|timorensis|dalubhasa)": 0.012,
                            				"*": 0.0165
						},
						animation: "swim",
						animationSpeed: 2,
						animationSpeed: 1
					},
					{
						code: "idle",
						priority: 1.3,
						priorityForCancel: 1.35,
						minduration: 200000,
						maxduration: 800000,
						mincooldown: 10000,
						maxcooldown: 30000,
						animation: "sleep",
						animationSpeed: 0.3,
						duringDayTimeFrames: [ { fromHour: 14, toHour: 18 } ],
						stopOnNearbyEntityCodes: ["player"],
						stopRange: 2,
						stopOnHurt: true
					},					
					{
						code: "idle",
						priority: 1.2,
						priorityForCancel: 1.35,
						minduration: 467,
						maxduration: 467,
						mincooldown: 80000,
						maxcooldown: 500000,
						animation: "call",
						animationSpeed: 1
					},
					{
						code: "idle",
						priority: 1.1,
						priorityForCancel: 1.35,
						minduration: 2500,
						maxduration: 2500,
						mincooldown: 6000,
						maxcooldown: 20000,
						animation: "idle",
						animationSpeed: 1
					},
					{
						code: "wander", 
						priority: 1.0, 
						priorityForCancel: 1.35,
						animation: "walk",
						preferredLightLevel: 20,
						animationSpeed: 1,
						movespeedByType: {
							"@.*-(salvator|komodoensis)": 0.01,
							"@.*-(marmoratus|palawanensis|bitatawa)": 0.00925,
                            				"@.*-(bengalensis|nebulosus|rudicollis|dumerilii|nesterovi|olivaceus|mabitang|melinus|yuwonoi|bangonorum|cumingi|nuchalis|rasmusseni|samarensis|togianus)": 0.00875,
							"@.*-(flavescens|yemenensis|caerulivirens|cerambonensis|colei|lirungensis|obor|rainerguentheri|tanimbar|auffenbergi|timorensis|dalubhasa)": 0.0075,
                            				"*": 0.00925
						}
					},
					{
						code: "idle",
						priority: 0.6,
						priorityForCancel: 1.35,
						minduration: 5000,
						maxduration: 30000,
						mincooldown: 2000,
						maxcooldown: 120000,
						animation: "eat",
						stopOnNearbyEntityCodes: ["player"],
						stopRange: 2					},
					{ 
						code: "lookaround", 
						turnSpeedMul: 0.2,
						priority: 0.5
					}
				]
			},
		],
		spawnconditions: {

				runtime: {
					group: "passive",
					chanceByType: {
						"*-bengalensis": 0.0008,
						"*-flavescens": 0.0008,
						"*-nebulosus": 0.0008,
						"*-rudicollis": 0.0008,
						"*-dumerilii": 0.0008,
						"*-yemenensis": 0.0008,
						"*-nesterovi": 0.0008,
						"*-olivaceus": 0.0008,
						"*-mabitang": 0.0008,
						"*-bitatawa": 0.0008,
						"*-caerulivirens": 0.0008,
						"*-cerambonensis": 0.0008,
						"*-colei": 0.0008,
						"*-lirungensis": 0.0008,
						"*-melinus": 0.0008,
						"*-obor": 0.0008,
						"*-rainerguentheri": 0.0008,
						"*-tanimbar": 0.0008,
						"*-yuwonoi": 0.0008,
						"*-auffenbergi": 0.0008,
						"*-timorensis": 0.0008,
						"*-salvator": 0.0008,
						"*-bangonorum": 0.0008,
						"*-cumingi": 0.0008,
						"*-dalubhasa": 0.0008,
						"*-marmoratus": 0.0008,
						"*-nuchalis": 0.0008,
						"*-palawanensis": 0.0008,
						"*-rasmusseni": 0.0008,
						"*-samarensis": 0.0008,
						"*-togianus": 0.0008,
						"*-komodoensis": 0.0008,
							},
					tryOnlySurface: true,
					requireSolidGround: true,
					spawnCapPlayerScaling: 0.05,
					maxQuantityByGroup: { code: "varanus-*", maxQuantity: 4 },						
					groupSize: { dist: "verynarrowgaussian", avg: 1, var: 0 },
					insideBlockCodesByType: {
					"*-cerambonensis": ["game:saltwater-still-7", "game:water-still-7"],
					"*-colei": ["game:saltwater-still-7", "game:water-still-7"],
					"*-lirungensis": ["game:saltwater-still-7", "game:water-still-7"],
					"*-rainerguentheri": ["game:saltwater-still-7", "game:water-still-7"],
					"*-tanimbar": ["game:saltwater-still-7", "game:water-still-7"],
					"*-salvator": ["game:water-still-7"],
					"*-bangonorum": ["game:water-still-7"],
					"*-cumingi": ["game:water-still-7"],
					"*-dalubhasa": ["game:water-still-7"],
					"*-marmoratus": ["game:water-still-7"],
					"*-nuchalis": ["game:water-still-7"],
					"*-palawanensis": ["game:water-still-7"],
					"*-rasmusseni": ["game:water-still-7"],
					"*-samarensis": ["game:water-still-7"],
					"*-togianus": ["game:water-still-7"],
					"*": ["game:air", "game:tallgrass-*", "game:flower-*"],
					},
					minTempByType: {
						"*-bengalensis": 17,
						"*-flavescens": 21,
						"*-nebulosus": 26,
						"*-rudicollis": 28,
						"*-dumerilii": 29,
						"*-yemenensis": 20,
						"*-nesterovi": 16,
						"*-olivaceus": 26,
						"*-mabitang": 28,
						"*-bitatawa": 27,
						"*-caerulivirens": 29,
						"*-cerambonensis": 30,
						"*-colei": 29,
						"*-lirungensis": 28,
						"*-melinus": 31,
						"*-obor": 30,
						"*-rainerguentheri": 29,
						"*-tanimbar": 27,
						"*-yuwonoi": 29,
						"*-auffenbergi": 25,
						"*-timorensis": 26,
						"*-salvator": 24,
						"*-bangonorum": 28,
						"*-cumingi": 27,
						"*-dalubhasa": 27,
						"*-marmoratus": 26,
						"*-nuchalis": 29,
						"*-palawanensis": 30,
						"*-rasmusseni": 28,
						"*-samarensis": 28,
						"*-togianus": 29,
						"*-komodoensis": 32,
					},
					maxTempByType: {
						"*-bengalensis": 40,
						"*-flavescens": 34,
						"*-nebulosus": 36,
						"*-rudicollis": 38,
						"*-dumerilii": 39,
						"*-yemenensis": 30,
						"*-nesterovi": 28,
						"*-olivaceus": 35,
						"*-mabitang": 35,
						"*-bitatawa": 33,
						"*-caerulivirens": 37,
						"*-cerambonensis": 39,
						"*-colei": 38,
						"*-lirungensis": 37,
						"*-melinus": 39,
						"*-obor": 38,
						"*-rainerguentheri": 39,
						"*-tanimbar": 36,
						"*-yuwonoi": 37,
						"*-auffenbergi": 35,
						"*-timorensis": 36,
						"*-salvator": 40,
						"*-bangonorum": 36,
						"*-cumingi": 36,
						"*-dalubhasa": 35,
						"*-marmoratus": 38,
						"*-nuchalis": 38,
						"*-palawanensis": 39,
						"*-rasmusseni": 37,
						"*-samarensis": 35,
						"*-togianus": 38,
						"*-komodoensis": 38,
					},
					minRainByType: {
						"*-bengalensis": 0.12,
						"*-flavescens": 0.6,
						"*-nebulosus": 0.5,
						"*-rudicollis": 0.75,
						"*-dumerilii": 0.8,
						"*-yemenensis": 0.15,
						"*-nesterovi": 0,
						"*-olivaceus": 0.75,
						"*-mabitang": 0.8,
						"*-bitatawa": 0.85,
						"*-caerulivirens": 0.8,
						"*-cerambonensis": 0.8,
						"*-colei": 0.85,
						"*-lirungensis": 0.88,
						"*-melinus": 0.75,
						"*-obor": 0.9,
						"*-rainerguentheri": 0.83,
						"*-tanimbar": 0.86,
						"*-yuwonoi": 0.9,
						"*-auffenbergi": 0.7,
						"*-timorensis": 0.75,
						"*-salvator": 0.6,
						"*-bangonorum": 0.84,
						"*-cumingi": 0.85,
						"*-dalubhasa": 0.82,
						"*-marmoratus": 0.8,
						"*-nuchalis": 0.84,
						"*-palawanensis": 0.9,
						"*-rasmusseni": 0.83,
						"*-samarensis": 0.87,
						"*-togianus": 0.9,
						"*-komodoensis": 0.55,
					},
					maxRainByType: {
						"*-bengalensis": 0.66,
						"*-flavescens": 1,
						"*-nebulosus": 0.9,
						"*-rudicollis": 1,
						"*-dumerilii": 1,
						"*-yemenensis": 0.4,
						"*-nesterovi": 0.1,
						"*-olivaceus": 1,
						"*-mabitang": 1,
						"*-bitatawa": 1,
						"*-caerulivirens": 0.95,
						"*-cerambonensis": 0.87,
						"*-colei": 0.92,
						"*-lirungensis": 0.95,
						"*-melinus": 0.95,
						"*-obor": 1,
						"*-rainerguentheri": 0.9,
						"*-tanimbar": 0.93,
						"*-yuwonoi": 1,
						"*-auffenbergi": 0.85,
						"*-timorensis": 0.9,
						"*-salvator": 1,
						"*-bangonorum": 0.91,
						"*-cumingi": 0.96,
						"*-dalubhasa": 0.89,
						"*-marmoratus": 0.95,
						"*-nuchalis": 0.92,
						"*-palawanensis": 0.97,
						"*-rasmusseni": 0.91,
						"*-samarensis": 0.95,
						"*-togianus": 0.98,
						"*-komodoensis": 0.7,
					},
					minYByType: {
						"*-bengalensis": 1,
						"*-flavescens": 1.02,
						"*-nebulosus": 1,
						"*-rudicollis": 1,
						"*-dumerilii": 1,
						"*-yemenensis": 1.06,
						"*-nesterovi": 1.1,
						"*-olivaceus": 1,
						"*-mabitang": 1,
						"*-bitatawa": 1.01,
						"*-caerulivirens": 1.03,
						"*-cerambonensis": 0.99,
						"*-colei": 0.99,
						"*-lirungensis": 0.99,
						"*-melinus": 1.02,
						"*-obor": 1,
						"*-rainerguentheri": 0.99,
						"*-tanimbar": 0.99,
						"*-yuwonoi": 1.02,
						"*-auffenbergi": 1,
						"*-timorensis": 1,
						"*-salvator": 1,
						"*-bangonorum": 1.02,
						"*-cumingi": 1,
						"*-dalubhasa": 1,
						"*-marmoratus": 1,
						"*-nuchalis": 1,
						"*-palawanensis": 1.01,
						"*-rasmusseni": 1,
						"*-samarensis": 1,
						"*-togianus": 1,
						"*-komodoensis": 1,
					},
					maxYByType: {
						"*-bengalensis": 1.5,
						"*-flavescens": 1.33,
						"*-nebulosus": 1.2,
						"*-rudicollis": 1.38,
						"*-dumerilii": 1.27,
						"*-yemenensis": 1.56,
						"*-nesterovi": 1.34,
						"*-olivaceus": 1.08,
						"*-mabitang": 1.3,
						"*-bitatawa": 1.06,
						"*-caerulivirens": 1.18,
						"*-cerambonensis": 1.02,
						"*-colei": 1.02,
						"*-lirungensis": 1.02,
						"*-melinus": 1.07,
						"*-obor": 1.08,
						"*-rainerguentheri": 1.02,
						"*-tanimbar": 1.02,
						"*-yuwonoi": 1.06,
						"*-auffenbergi": 1.07,
						"*-timorensis": 1.11,
						"*-salvator": 1.56,
						"*-bangonorum": 1.08,
						"*-cumingi": 1.1,
						"*-dalubhasa": 1.04,
						"*-marmoratus": 1.16,
						"*-nuchalis": 1.1,
						"*-palawanensis": 1.3,
						"*-rasmusseni": 1.05,
						"*-samarensis": 1.08,
						"*-togianus": 1.03,
						"*-komodoensis": 1.22,
					},
					minShrubsByType: {
						"*-bengalensis": 0.33,
						"*-flavescens": 0,
						"*-nebulosus": 0.5,
						"*-rudicollis": 0.5,
						"*-dumerilii": 0.5,
						"*-yemenensis": 0.25,
						"*-nesterovi": 0,
						"*-olivaceus": 0.2,
						"*-mabitang": 0.25,
						"*-bitatawa": 0.15,
						"*-caerulivirens": 0.5,
						"*-cerambonensis": 0,
						"*-colei": 0,
						"*-lirungensis": 0,
						"*-melinus": 0.5,
						"*-obor": 0.5,
						"*-rainerguentheri": 0,
						"*-tanimbar": 0,
						"*-yuwonoi": 0.25,
						"*-auffenbergi": 0,
						"*-timorensis": 0,
						"*-salvator": 0.25,
						"*-bangonorum": 0.25,
						"*-cumingi": 0.5,
						"*-dalubhasa": 0.25,
						"*-marmoratus": 0.25,
						"*-nuchalis": 0.15,
						"*-palawanensis": 0.35,
						"*-rasmusseni": 0,
						"*-samarensis": 0.5,
						"*-togianus": 0.25,
						"*-komodoensis": 0,
					},
					maxShrubsByType: {
						"*-bengalensis": 0.83,
						"*-flavescens": 0.5,
						"*-nebulosus": 1,
						"*-rudicollis": 1,
						"*-dumerilii": 1,
						"*-yemenensis": 0.75,
						"*-nesterovi": 0.5,
						"*-olivaceus": 0.7,
						"*-mabitang": 0.75,
						"*-bitatawa": 0.65,
						"*-caerulivirens": 1,
						"*-cerambonensis": 1,
						"*-colei": 1,
						"*-lirungensis": 1,
						"*-melinus": 1,
						"*-obor": 1,
						"*-rainerguentheri": 1,
						"*-tanimbar": 1,
						"*-yuwonoi": 0.75,
						"*-auffenbergi": 0.5,
						"*-timorensis": 0.5,
						"*-salvator": 0.75,
						"*-bangonorum": 0.75,
						"*-cumingi": 1,
						"*-dalubhasa": 0.75,
						"*-marmoratus": 0.75,
						"*-nuchalis": 0.65,
						"*-palawanensis": 0.85,
						"*-rasmusseni": 0.5,
						"*-samarensis": 1,
						"*-togianus": 0.75,
						"*-komodoensis": 0.5,

					},
					minForestByType: {
						"*-bengalensis": 0.25,
						"*-flavescens": 0.33,
						"*-nebulosus": 0.25,
						"*-rudicollis": 0.5,
						"*-dumerilii": 0.5,
						"*-yemenensis": 0,
						"*-nesterovi": 0,
						"*-olivaceus": 0.5,
						"*-mabitang": 0.5,
						"*-bitatawa": 0.5,
						"*-caerulivirens": 0.5,
						"*-cerambonensis": 0.5,
						"*-colei": 0.5,
						"*-lirungensis": 0.5,
						"*-melinus": 0.25,
						"*-obor": 0,
						"*-rainerguentheri": 0.5,
						"*-tanimbar": 0.5,
						"*-yuwonoi": 0.5,
						"*-auffenbergi": 0.5,
						"*-timorensis": 0.66,
						"*-salvator": 0.25,
						"*-bangonorum": 0.5,
						"*-cumingi": 0.5,
						"*-dalubhasa": 0.5,
						"*-marmoratus": 0.25,
						"*-nuchalis": 0.5,
						"*-palawanensis": 0.5,
						"*-rasmusseni": 0.5,
						"*-samarensis": 0.5,
						"*-togianus": 0.5,
						"*-komodoensis": 0.25,
					},
					maxForestByType: {
						"*-bengalensis": 0.75,
						"*-flavescens": 0.83,
						"*-nebulosus": 0.75,
						"*-rudicollis": 1,
						"*-dumerilii": 1,
						"*-yemenensis": 0.5,
						"*-nesterovi": 0.5,
						"*-olivaceus": 1,
						"*-mabitang": 1,
						"*-bitatawa": 1,
						"*-caerulivirens": 1,
						"*-cerambonensis": 1,
						"*-colei": 1,
						"*-lirungensis": 1,
						"*-melinus": 0.75,
						"*-obor": 0.5,
						"*-rainerguentheri": 1,
						"*-tanimbar": 1,
						"*-yuwonoi": 1,
						"*-auffenbergi": 1,
						"*-timorensis": 1,
						"*-salvator": 0.75,
						"*-bangonorum": 1,
						"*-cumingi": 1,
						"*-dalubhasa": 1,
						"*-marmoratus": 0.75,
						"*-nuchalis": 1,
						"*-palawanensis": 1,
						"*-rasmusseni": 1,
						"*-samarensis": 1,
						"*-togianus": 1,
						"*-komodoensis": 0.75,
					},
					
				}
		}
	},
	
	idleSoundChance: 0,
}

