{
	"editor": {
		"allAngles": false,
		"entityTextureMode": false
	},
	"textureWidth": 16,
	"textureHeight": 16,
	"textureSizes": {
	},
	"textures": {
	},
	"elements": [
		{
			"name": "_origin",
			"from": [ 0.0, 0.0, 0.0 ],
			"to": [ 0.0, 0.0, 0.0 ],
			"rotationOrigin": [ 8.0, 0.0, 8.0 ],
			"faces": {
				"north": { "texture": "#default", "uv": [ 0.0, 0.0, 0.5, 0.5 ] },
				"east": { "texture": "#default", "uv": [ 0.0, 0.0, 0.5, 0.5 ] },
				"south": { "texture": "#default", "uv": [ 0.0, 0.0, 0.5, 0.5 ] },
				"west": { "texture": "#default", "uv": [ 0.0, 0.0, 0.5, 0.5 ] },
				"up": { "texture": "#default", "uv": [ 0.0, 0.0, 0.5, 0.5 ] },
				"down": { "texture": "#default", "uv": [ 0.0, 0.0, 0.5, 0.5 ] }
			},
			"children": [
				{
					"name": "nub1",
					"from": [ 0.0, 0.5, 0.0 ],
					"to": [ 1.0, 1.1, 1.0 ],
					"rotationOrigin": [ 0.0, 0.5, 0.0 ],
					"faces": {
						"north": { "texture": "#eldrathium", "uv": [ 0.0, 0.0, 1.0, 0.5 ] },
						"east": { "texture": "#eldrathium", "uv": [ 0.0, 0.0, 1.0, 0.5 ] },
						"south": { "texture": "#eldrathium", "uv": [ 0.0, 0.0, 1.0, 0.5 ] },
						"west": { "texture": "#eldrathium", "uv": [ 0.0, 0.0, 1.0, 0.5 ] },
						"up": { "texture": "#eldrathium", "uv": [ 0.0, 0.0, 1.0, 1.0 ] },
						"down": { "texture": "#eldrathium", "uv": [ 0.0, 0.0, 1.0, 1.0 ] }
					}
				},
				{
					"name": "nub2",
					"from": [ 15.0, 0.5, 0.0 ],
					"to": [ 16.0, 1.1, 1.0 ],
					"rotationOrigin": [ 0.0, 0.5, 0.0 ],
					"faces": {
						"north": { "texture": "#eldrathium", "uv": [ 0.0, 0.0, 1.0, 0.5 ] },
						"east": { "texture": "#eldrathium", "uv": [ 0.0, 0.0, 1.0, 0.5 ] },
						"south": { "texture": "#eldrathium", "uv": [ 0.0, 0.0, 1.0, 0.5 ] },
						"west": { "texture": "#eldrathium", "uv": [ 0.0, 0.0, 1.0, 0.5 ] },
						"up": { "texture": "#eldrathium", "uv": [ 0.0, 0.0, 1.0, 1.0 ] },
						"down": { "texture": "#eldrathium", "uv": [ 0.0, 0.0, 1.0, 1.0 ] }
					}
				},
				{
					"name": "nub3",
					"from": [ 0.0, 0.5, 15.0 ],
					"to": [ 1.0, 1.1, 16.0 ],
					"rotationOrigin": [ 0.0, 0.5, 0.0 ],
					"faces": {
						"north": { "texture": "#eldrathium", "uv": [ 0.0, 0.0, 1.0, 0.5 ] },
						"east": { "texture": "#eldrathium", "uv": [ 0.0, 0.0, 1.0, 0.5 ] },
						"south": { "texture": "#eldrathium", "uv": [ 0.0, 0.0, 1.0, 0.5 ] },
						"west": { "texture": "#eldrathium", "uv": [ 0.0, 0.0, 1.0, 0.5 ] },
						"up": { "texture": "#eldrathium", "uv": [ 0.0, 0.0, 1.0, 1.0 ] },
						"down": { "texture": "#eldrathium", "uv": [ 0.0, 0.0, 1.0, 1.0 ] }
					}
				},
				{
					"name": "nub4",
					"from": [ 15.0, 0.5, 15.0 ],
					"to": [ 16.0, 1.1, 16.0 ],
					"rotationOrigin": [ 0.0, 0.5, 0.0 ],
					"faces": {
						"north": { "texture": "#eldrathium", "uv": [ 0.0, 0.0, 1.0, 0.5 ] },
						"east": { "texture": "#eldrathium", "uv": [ 0.0, 0.0, 1.0, 0.5 ] },
						"south": { "texture": "#eldrathium", "uv": [ 0.0, 0.0, 1.0, 0.5 ] },
						"west": { "texture": "#eldrathium", "uv": [ 0.0, 0.0, 1.0, 0.5 ] },
						"up": { "texture": "#eldrathium", "uv": [ 0.0, 0.0, 1.0, 1.0 ] },
						"down": { "texture": "#eldrathium", "uv": [ 0.0, 0.0, 1.0, 1.0 ] }
					}
				},
				{
					"name": "_baseconnector",
					"from": [ 0.0, 0.0, 0.0 ],
					"to": [ 0.0, 0.0, 0.0 ],
					"rotationOrigin": [ 8.0, 0.0, 8.0 ],
					"faces": {
						"north": { "texture": "#default", "uv": [ 0.0, 0.0, 0.5, 0.5 ] },
						"east": { "texture": "#default", "uv": [ 0.0, 0.0, 0.5, 0.5 ] },
						"south": { "texture": "#default", "uv": [ 0.0, 0.0, 0.5, 0.5 ] },
						"west": { "texture": "#default", "uv": [ 0.0, 0.0, 0.5, 0.5 ] },
						"up": { "texture": "#default", "uv": [ 0.0, 0.0, 0.5, 0.5 ] },
						"down": { "texture": "#default", "uv": [ 0.0, 0.0, 0.5, 0.5 ] }
					},
					"children": [
						{
							"name": "baseconnector1",
							"from": [ 0.5, 0.1, 6.9 ],
							"to": [ 3.5, 0.3, 9.1 ],
							"rotationOrigin": [ 0.5, 0.1, 6.9 ],
							"faces": {
								"north": { "texture": "#lead", "uv": [ 0.0, 0.0, 3.0, 0.5 ] },
								"east": { "texture": "#lead", "uv": [ 0.0, 0.0, 2.0, 0.5 ] },
								"south": { "texture": "#lead", "uv": [ 0.0, 0.0, 3.0, 0.5 ] },
								"west": { "texture": "#lead", "uv": [ 0.0, 0.0, 2.0, 0.5 ] },
								"up": { "texture": "#lead", "uv": [ 0.0, 0.0, 3.0, 2.0 ] },
								"down": { "texture": "#lead", "uv": [ 0.0, 0.0, 3.0, 2.0 ] }
							}
						},
						{
							"name": "baseconnector2",
							"from": [ 12.5, 0.1, 6.9 ],
							"to": [ 15.5, 0.3, 9.1 ],
							"rotationOrigin": [ 12.5, 0.1, 6.9 ],
							"faces": {
								"north": { "texture": "#lead", "uv": [ 0.0, 0.0, 3.0, 0.5 ] },
								"east": { "texture": "#lead", "uv": [ 0.0, 0.0, 2.0, 0.5 ] },
								"south": { "texture": "#lead", "uv": [ 0.0, 0.0, 3.0, 0.5 ] },
								"west": { "texture": "#lead", "uv": [ 0.0, 0.0, 2.0, 0.5 ] },
								"up": { "texture": "#lead", "uv": [ 0.0, 0.0, 3.0, 2.0 ] },
								"down": { "texture": "#lead", "uv": [ 0.0, 0.0, 3.0, 2.0 ] }
							}
						},
						{
							"name": "baseconnector3",
							"from": [ 7.9027, 0.1, 15.4998 ],
							"to": [ 10.9027, 0.3, 15.6998 ],
							"rotationOrigin": [ 7.9, 0.1, 15.5 ],
							"rotationY": 89.98,
							"faces": {
								"north": { "texture": "#lead1", "uv": [ 0.0, 0.0, 3.0, 0.5 ] },
								"east": { "texture": "#lead1", "uv": [ 0.0, 0.0, 0.5, 0.5 ] },
								"south": { "texture": "#lead1", "uv": [ 0.0, 0.0, 3.0, 0.5 ] },
								"west": { "texture": "#lead1", "uv": [ 0.0, 0.0, 0.5, 0.5 ] },
								"up": { "texture": "#lead1", "uv": [ 0.0, 0.0, 3.0, 0.5 ] },
								"down": { "texture": "#lead1", "uv": [ 0.0, 0.0, 3.0, 0.5 ] }
							}
						},
						{
							"name": "baseconnector4",
							"from": [ 7.9027, 0.1, 3.4957 ],
							"to": [ 10.9027, 0.3, 3.6957 ],
							"rotationOrigin": [ 7.9, 0.1, 3.5 ],
							"rotationY": 89.98,
							"faces": {
								"north": { "texture": "#lead1", "uv": [ 0.0, 0.0, 3.0, 0.5 ] },
								"east": { "texture": "#lead1", "uv": [ 0.0, 0.0, 0.5, 0.5 ] },
								"south": { "texture": "#lead1", "uv": [ 0.0, 0.0, 3.0, 0.5 ] },
								"west": { "texture": "#lead1", "uv": [ 0.0, 0.0, 0.5, 0.5 ] },
								"up": { "texture": "#lead1", "uv": [ 0.0, 0.0, 3.0, 0.5 ] },
								"down": { "texture": "#lead1", "uv": [ 0.0, 0.0, 3.0, 0.5 ] }
							}
						}
					]
				},
				{
					"name": "_outerbase",
					"from": [ 0.0, 0.0, 0.0 ],
					"to": [ 0.0, 0.0, 0.0 ],
					"rotationOrigin": [ 8.0, 0.0, 8.0 ],
					"faces": {
						"north": { "texture": "#default", "uv": [ 0.0, 0.0, 0.5, 0.5 ] },
						"east": { "texture": "#default", "uv": [ 0.0, 0.0, 0.5, 0.5 ] },
						"south": { "texture": "#default", "uv": [ 0.0, 0.0, 0.5, 0.5 ] },
						"west": { "texture": "#default", "uv": [ 0.0, 0.0, 0.5, 0.5 ] },
						"up": { "texture": "#default", "uv": [ 0.0, 0.0, 0.5, 0.5 ] },
						"down": { "texture": "#default", "uv": [ 0.0, 0.0, 0.5, 0.5 ] }
					},
					"children": [
						{
							"name": "outerbase1",
							"from": [ 0.0, 0.0, 0.0 ],
							"to": [ 1.0, 0.5, 16.0 ],
							"faces": {
								"north": { "texture": "#eldrathium", "uv": [ 0.0, 0.0, 1.0, 0.5 ] },
								"east": { "texture": "#eldrathium", "uv": [ 0.0, 0.0, 16.0, 0.5 ] },
								"south": { "texture": "#eldrathium", "uv": [ 0.0, 0.0, 1.0, 0.5 ] },
								"west": { "texture": "#eldrathium", "uv": [ 0.0, 0.0, 16.0, 0.5 ] },
								"up": { "texture": "#eldrathium", "uv": [ 0.0, 0.0, 1.0, 16.0 ] },
								"down": { "texture": "#eldrathium", "uv": [ 0.0, 0.0, 1.0, 16.0 ] }
							}
						},
						{
							"name": "outerbase2",
							"from": [ 15.0, 0.0, 0.0 ],
							"to": [ 16.0, 0.5, 16.0 ],
							"faces": {
								"north": { "texture": "#eldrathium", "uv": [ 0.0, 0.0, 1.0, 0.5 ] },
								"east": { "texture": "#eldrathium", "uv": [ 0.0, 0.0, 16.0, 0.5 ] },
								"south": { "texture": "#eldrathium", "uv": [ 0.0, 0.0, 1.0, 0.5 ] },
								"west": { "texture": "#eldrathium", "uv": [ 0.0, 0.0, 16.0, 0.5 ] },
								"up": { "texture": "#eldrathium", "uv": [ 0.0, 0.0, 1.0, 16.0 ] },
								"down": { "texture": "#eldrathium", "uv": [ 0.0, 0.0, 1.0, 16.0 ] }
							}
						},
						{
							"name": "outerbase3",
							"from": [ 1.0, 0.0, 15.0 ],
							"to": [ 15.0, 0.5, 16.0 ],
							"rotationOrigin": [ 1.0, 0.0, -1.0 ],
							"faces": {
								"north": { "texture": "#eldrathium", "uv": [ 0.0, 0.0, 14.0, 0.5 ] },
								"east": { "texture": "#eldrathium", "uv": [ 0.0, 0.0, 1.0, 0.5 ] },
								"south": { "texture": "#eldrathium", "uv": [ 0.0, 0.0, 14.0, 0.5 ] },
								"west": { "texture": "#eldrathium", "uv": [ 0.0, 0.0, 1.0, 0.5 ] },
								"up": { "texture": "#eldrathium", "uv": [ 0.0, 0.0, 14.0, 1.0 ] },
								"down": { "texture": "#eldrathium", "uv": [ 0.0, 0.0, 14.0, 1.0 ] }
							}
						},
						{
							"name": "outerbase4",
							"from": [ 1.0, 0.0, 0.0 ],
							"to": [ 15.0, 0.5, 1.0 ],
							"rotationOrigin": [ 1.0, 0.0, 0.0 ],
							"faces": {
								"north": { "texture": "#eldrathium", "uv": [ 0.0, 0.0, 14.0, 0.5 ] },
								"east": { "texture": "#eldrathium", "uv": [ 0.0, 0.0, 1.0, 0.5 ] },
								"south": { "texture": "#eldrathium", "uv": [ 0.0, 0.0, 14.0, 0.5 ] },
								"west": { "texture": "#eldrathium", "uv": [ 0.0, 0.0, 1.0, 0.5 ] },
								"up": { "texture": "#eldrathium", "uv": [ 0.0, 0.0, 14.0, 1.0 ] },
								"down": { "texture": "#eldrathium", "uv": [ 0.0, 0.0, 14.0, 1.0 ] }
							}
						}
					]
				},
				{
					"name": "_innerbase",
					"from": [ 0.0, 0.0, 0.0 ],
					"to": [ 0.0, 0.0, 0.0 ],
					"rotationOrigin": [ 8.0, 0.0, 8.0 ],
					"faces": {
						"north": { "texture": "#default", "uv": [ 0.0, 0.0, 0.5, 0.5 ] },
						"east": { "texture": "#default", "uv": [ 0.0, 0.0, 0.5, 0.5 ] },
						"south": { "texture": "#default", "uv": [ 0.0, 0.0, 0.5, 0.5 ] },
						"west": { "texture": "#default", "uv": [ 0.0, 0.0, 0.5, 0.5 ] },
						"up": { "texture": "#default", "uv": [ 0.0, 0.0, 0.5, 0.5 ] },
						"down": { "texture": "#default", "uv": [ 0.0, 0.0, 0.5, 0.5 ] }
					},
					"children": [
						{
							"name": "innerbase1",
							"from": [ 3.0, 0.0, 3.0 ],
							"to": [ 13.0, 0.4, 5.0 ],
							"rotationOrigin": [ 3.0, 0.0, 3.0 ],
							"faces": {
								"north": { "texture": "#energy", "uv": [ 0.0, 0.0, 10.0, 0.5 ] },
								"east": { "texture": "#energy", "uv": [ 0.0, 0.0, 2.0, 0.5 ] },
								"south": { "texture": "#energy", "uv": [ 0.0, 0.0, 10.0, 0.5 ] },
								"west": { "texture": "#energy", "uv": [ 0.0, 0.0, 2.0, 0.5 ] },
								"up": { "texture": "#energy", "uv": [ 0.0, 0.0, 10.0, 2.0 ], "glow": 50 },
								"down": { "texture": "#energy", "uv": [ 0.0, 0.0, 10.0, 2.0 ] }
							}
						},
						{
							"name": "innerbase2",
							"from": [ 3.0, 0.0, 11.0 ],
							"to": [ 13.0, 0.4, 13.0 ],
							"rotationOrigin": [ 3.0, 0.0, 11.0 ],
							"faces": {
								"north": { "texture": "#energy", "uv": [ 0.0, 0.0, 10.0, 0.5 ] },
								"east": { "texture": "#energy", "uv": [ 0.0, 0.0, 2.0, 0.5 ] },
								"south": { "texture": "#energy", "uv": [ 0.0, 0.0, 10.0, 0.5 ] },
								"west": { "texture": "#energy", "uv": [ 0.0, 0.0, 2.0, 0.5 ] },
								"up": { "texture": "#energy", "uv": [ 0.0, 0.0, 10.0, 2.0 ], "glow": 50 },
								"down": { "texture": "#energy", "uv": [ 0.0, 0.0, 10.0, 2.0 ] }
							}
						},
						{
							"name": "innerbase3",
							"from": [ 3.0, 0.0, 5.0 ],
							"to": [ 5.0, 0.4, 11.0 ],
							"rotationOrigin": [ 3.0, 0.0, 5.0 ],
							"faces": {
								"north": { "texture": "#energy", "uv": [ 0.0, 0.0, 2.0, 0.5 ] },
								"east": { "texture": "#energy", "uv": [ 0.0, 0.0, 6.0, 0.5 ] },
								"south": { "texture": "#energy", "uv": [ 0.0, 0.0, 2.0, 0.5 ] },
								"west": { "texture": "#energy", "uv": [ 0.0, 0.0, 6.0, 0.5 ] },
								"up": { "texture": "#energy", "uv": [ 0.0, 0.0, 2.0, 6.0 ], "glow": 50 },
								"down": { "texture": "#energy", "uv": [ 0.0, 0.0, 2.0, 6.0 ] }
							}
						},
						{
							"name": "innerbase4",
							"from": [ 11.0, 0.0, 5.0 ],
							"to": [ 13.0, 0.4, 11.0 ],
							"rotationOrigin": [ 11.0, 0.0, 5.0 ],
							"faces": {
								"north": { "texture": "#energy", "uv": [ 0.0, 0.0, 2.0, 0.5 ] },
								"east": { "texture": "#energy", "uv": [ 0.0, 0.0, 6.0, 0.5 ] },
								"south": { "texture": "#energy", "uv": [ 0.0, 0.0, 2.0, 0.5 ] },
								"west": { "texture": "#energy", "uv": [ 0.0, 0.0, 6.0, 0.5 ] },
								"up": { "texture": "#energy", "uv": [ 0.0, 0.0, 2.0, 6.0 ], "glow": 50 },
								"down": { "texture": "#energy", "uv": [ 0.0, 0.0, 2.0, 6.0 ] }
							}
						}
					]
				},
				{
					"name": "nubbar2",
					"from": [ 0.25, 0.7, 0.75 ],
					"to": [ 0.75, 0.95, 15.75 ],
					"rotationOrigin": [ 0.25, 0.7, 0.75 ],
					"faces": {
						"north": { "texture": "#rustyglow", "uv": [ 0.0, 0.0, 0.5, 0.5 ] },
						"east": { "texture": "#rustyglow", "uv": [ 0.0, 0.0, 15.0, 0.5 ], "glow": 50 },
						"south": { "texture": "#rustyglow", "uv": [ 0.0, 0.0, 0.5, 0.5 ] },
						"west": { "texture": "#rustyglow", "uv": [ 0.0, 0.0, 15.0, 0.5 ] },
						"up": { "texture": "#rustyglow", "uv": [ 0.0, 0.0, 0.5, 15.0 ] },
						"down": { "texture": "#rustyglow", "uv": [ 0.0, 0.0, 0.5, 15.0 ] }
					}
				},
				{
					"name": "nubbar1",
					"from": [ 0.75, 0.7, 0.25 ],
					"to": [ 15.75, 0.95, 0.75 ],
					"rotationOrigin": [ 0.75, 0.7, 0.25 ],
					"faces": {
						"north": { "texture": "#rustyglow", "uv": [ 0.0, 0.0, 15.0, 0.5 ] },
						"east": { "texture": "#rustyglow", "uv": [ 0.0, 0.0, 0.5, 0.5 ] },
						"south": { "texture": "#rustyglow", "uv": [ 0.0, 0.0, 15.0, 0.5 ] },
						"west": { "texture": "#rustyglow", "uv": [ 0.0, 0.0, 0.5, 0.5 ] },
						"up": { "texture": "#rustyglow", "uv": [ 0.0, 0.0, 15.0, 0.5 ], "glow": 50 },
						"down": { "texture": "#rustyglow", "uv": [ 0.0, 0.0, 15.0, 0.5 ] }
					}
				},
				{
					"name": "nubbar3",
					"from": [ 15.25, 0.7, 0.75 ],
					"to": [ 15.75, 0.95, 15.75 ],
					"rotationOrigin": [ 0.25, 0.7, 0.75 ],
					"faces": {
						"north": { "texture": "#rustyglow", "uv": [ 0.0, 0.0, 0.5, 0.5 ] },
						"east": { "texture": "#rustyglow", "uv": [ 0.0, 0.0, 15.0, 0.5 ] },
						"south": { "texture": "#rustyglow", "uv": [ 0.0, 0.0, 0.5, 0.5 ] },
						"west": { "texture": "#rustyglow", "uv": [ 0.0, 0.0, 15.0, 0.5 ] },
						"up": { "texture": "#rustyglow", "uv": [ 0.0, 0.0, 0.5, 15.0 ], "glow": 50 },
						"down": { "texture": "#rustyglow", "uv": [ 0.0, 0.0, 0.5, 15.0 ] }
					}
				},
				{
					"name": "nubbar4",
					"from": [ 0.75, 0.7, 15.25 ],
					"to": [ 15.75, 0.95, 15.75 ],
					"rotationOrigin": [ 0.75, 0.7, 0.25 ],
					"faces": {
						"north": { "texture": "#rustyglow", "uv": [ 0.0, 0.0, 15.0, 0.5 ] },
						"east": { "texture": "#rustyglow", "uv": [ 0.0, 0.0, 0.5, 0.5 ] },
						"south": { "texture": "#rustyglow", "uv": [ 0.0, 0.0, 15.0, 0.5 ], "glow": 50 },
						"west": { "texture": "#rustyglow", "uv": [ 0.0, 0.0, 0.5, 0.5 ] },
						"up": { "texture": "#rustyglow", "uv": [ 0.0, 0.0, 15.0, 0.5 ] },
						"down": { "texture": "#rustyglow", "uv": [ 0.0, 0.0, 15.0, 0.5 ] }
					}
				}
			]
		}
	]}