{
	"editor": {
		"allAngles": false,
		"entityTextureMode": false
	},
	"textureWidth": 16,
	"textureHeight": 16,
	"textureSizes": {
	},
	"textures": {
	},
	"elements": [
		{
			"name": "_origin1",
			"from": [ 0.0, 0.0, 0.0 ], 
			"to": [ 0.0, 0.0, 0.0 ], 
			"faces": {
				"north": { "texture": "#material1", "uv": [ 0.0, 0.0, 0.5, 0.5 ] },
				"east": { "texture": "#material1", "uv": [ 0.0, 0.0, 0.5, 0.5 ] },
				"south": { "texture": "#material1", "uv": [ 0.0, 0.0, 0.5, 0.5 ] },
				"west": { "texture": "#material1", "uv": [ 0.0, 0.0, 0.5, 0.5 ] },
				"up": { "texture": "#material1", "uv": [ 0.0, 0.0, 0.5, 0.5 ] },
				"down": { "texture": "#material1", "uv": [ 0.0, 0.0, 0.5, 0.5 ] }
			},
			"children": [
				{
					"name": "baseanchor",
					"from": [ 0.01, -0.5, 0.01 ], 
					"to": [ 15.99, 1.0, 15.99 ], 
					"rotationOrigin": [ 0.0, -0.5, 0.0 ],
					"faces": {
						"north": { "texture": "#eldrathium", "uv": [ 0.0, 0.0, 15.5, 1.5 ] },
						"east": { "texture": "#eldrathium", "uv": [ 0.0, 0.0, 15.5, 1.5 ] },
						"south": { "texture": "#eldrathium", "uv": [ 0.0, 0.0, 15.5, 1.5 ] },
						"west": { "texture": "#eldrathium", "uv": [ 0.0, 0.0, 15.5, 1.5 ] },
						"up": { "texture": "#eldrathium", "uv": [ 0.0, 0.0, 15.5, 15.5 ] },
						"down": { "texture": "#eldrathium", "uv": [ 0.0, 0.0, 15.5, 15.5 ] }
					}
				},
				{
					"name": "Cube23",
					"from": [ 0.0, 0.0, 0.0 ], 
					"to": [ 0.0, 0.0, 0.0 ], 
					"rotationOrigin": [ 8.0, 0.0, 8.0 ],
					"rotationX": -180.0,
					"rotationZ": -180.0,
					"faces": {
						"north": { "texture": "#material1", "uv": [ 0.0, 0.0, 0.5, 0.5 ] },
						"east": { "texture": "#material1", "uv": [ 0.0, 0.0, 0.5, 0.5 ] },
						"south": { "texture": "#material1", "uv": [ 0.0, 0.0, 0.5, 0.5 ] },
						"west": { "texture": "#material1", "uv": [ 0.0, 0.0, 0.5, 0.5 ] },
						"up": { "texture": "#material1", "uv": [ 0.0, 0.0, 0.5, 0.5 ] },
						"down": { "texture": "#material1", "uv": [ 0.0, 0.0, 0.5, 0.5 ] }
					},
					"children": [
						{
							"name": "Cube24",
							"from": [ 2.0, 1.0, 10.0 ], 
							"to": [ 6.0, 13.0, 14.0 ], 
							"rotationOrigin": [ 2.0, 1.0, 14.0 ],
							"rotationX": -10.0,
							"rotationZ": -10.0,
							"faces": {
								"north": { "texture": "#eldrathium", "uv": [ 0.0, 0.0, 4.0, 12.0 ] },
								"east": { "texture": "#eldrathium", "uv": [ 0.0, 0.0, 4.0, 12.0 ] },
								"south": { "texture": "#eldrathium", "uv": [ 0.0, 0.0, 4.0, 12.0 ] },
								"west": { "texture": "#eldrathium", "uv": [ 0.0, 0.0, 4.0, 12.0 ] },
								"up": { "texture": "#eldrathium", "uv": [ 0.0, 0.0, 4.0, 4.0 ] },
								"down": { "texture": "#eldrathium", "uv": [ 0.0, 0.0, 4.0, 4.0 ] }
							},
							"children": [
								{
									"name": "Cube25",
									"from": [ 0.0, 16.0, 0.0 ], 
									"to": [ 0.0, 16.0, 0.0 ], 
									"rotationOrigin": [ 0.0, 16.0, 4.0 ],
									"faces": {
										"north": { "texture": "#material1", "uv": [ 0.0, 0.0, 0.5, 0.5 ] },
										"east": { "texture": "#material1", "uv": [ 0.0, 0.0, 0.5, 0.5 ] },
										"south": { "texture": "#material1", "uv": [ 0.0, 0.0, 0.5, 0.5 ] },
										"west": { "texture": "#material1", "uv": [ 0.0, 0.0, 0.5, 0.5 ] },
										"up": { "texture": "#material1", "uv": [ 0.0, 0.0, 0.5, 0.5 ] },
										"down": { "texture": "#material1", "uv": [ 0.0, 0.0, 0.5, 0.5 ] }
									}
								}
							]
						},
						{
							"name": "Cube27",
							"from": [ -0.0028, 0.0, 0.0028 ], 
							"to": [ -0.0028, 0.0, 0.0028 ], 
							"rotationOrigin": [ 8.0, 0.0, 8.0 ],
							"rotationY": 89.98,
							"faces": {
								"north": { "texture": "#material1", "uv": [ 0.0, 0.0, 0.5, 0.5 ] },
								"east": { "texture": "#material1", "uv": [ 0.0, 0.0, 0.5, 0.5 ] },
								"south": { "texture": "#material1", "uv": [ 0.0, 0.0, 0.5, 0.5 ] },
								"west": { "texture": "#material1", "uv": [ 0.0, 0.0, 0.5, 0.5 ] },
								"up": { "texture": "#material1", "uv": [ 0.0, 0.0, 0.5, 0.5 ] },
								"down": { "texture": "#material1", "uv": [ 0.0, 0.0, 0.5, 0.5 ] }
							},
							"children": [
								{
									"name": "Cube28",
									"from": [ 2.0, 1.0, 10.0 ], 
									"to": [ 6.0, 13.0, 14.0 ], 
									"rotationOrigin": [ 2.0, 1.0, 14.0 ],
									"rotationX": -10.0,
									"rotationZ": -10.0,
									"faces": {
										"north": { "texture": "#eldrathium", "uv": [ 0.0, 0.0, 4.0, 12.0 ] },
										"east": { "texture": "#eldrathium", "uv": [ 0.0, 0.0, 4.0, 12.0 ] },
										"south": { "texture": "#eldrathium", "uv": [ 0.0, 0.0, 4.0, 12.0 ] },
										"west": { "texture": "#eldrathium", "uv": [ 0.0, 0.0, 4.0, 12.0 ] },
										"up": { "texture": "#eldrathium", "uv": [ 0.0, 0.0, 4.0, 4.0 ] },
										"down": { "texture": "#eldrathium", "uv": [ 0.0, 0.0, 4.0, 4.0 ] }
									},
									"children": [
										{
											"name": "Cube29",
											"from": [ 0.0, 16.0, 0.0 ], 
											"to": [ 0.0, 16.0, 0.0 ], 
											"rotationOrigin": [ 0.0, 16.0, 4.0 ],
											"faces": {
												"north": { "texture": "#material1", "uv": [ 0.0, 0.0, 0.5, 0.5 ] },
												"east": { "texture": "#material1", "uv": [ 0.0, 0.0, 0.5, 0.5 ] },
												"south": { "texture": "#material1", "uv": [ 0.0, 0.0, 0.5, 0.5 ] },
												"west": { "texture": "#material1", "uv": [ 0.0, 0.0, 0.5, 0.5 ] },
												"up": { "texture": "#material1", "uv": [ 0.0, 0.0, 0.5, 0.5 ] },
												"down": { "texture": "#material1", "uv": [ 0.0, 0.0, 0.5, 0.5 ] }
											}
										}
									]
								}
							]
						}
					]
				},
				{
					"name": "Cube18",
					"from": [ 0.0, 0.0, 0.0 ], 
					"to": [ 0.0, 0.0, 0.0 ], 
					"rotationOrigin": [ 8.0, 0.0, 8.0 ],
					"faces": {
						"north": { "texture": "#material1", "uv": [ 0.0, 0.0, 0.5, 0.5 ] },
						"east": { "texture": "#material1", "uv": [ 0.0, 0.0, 0.5, 0.5 ] },
						"south": { "texture": "#material1", "uv": [ 0.0, 0.0, 0.5, 0.5 ] },
						"west": { "texture": "#material1", "uv": [ 0.0, 0.0, 0.5, 0.5 ] },
						"up": { "texture": "#material1", "uv": [ 0.0, 0.0, 0.5, 0.5 ] },
						"down": { "texture": "#material1", "uv": [ 0.0, 0.0, 0.5, 0.5 ] }
					},
					"children": [
						{
							"name": "Cube16",
							"from": [ 2.0, 1.0, 10.0 ], 
							"to": [ 6.0, 13.0, 14.0 ], 
							"rotationOrigin": [ 2.0, 1.0, 14.0 ],
							"rotationX": -10.0,
							"rotationZ": -10.0,
							"faces": {
								"north": { "texture": "#eldrathium", "uv": [ 0.0, 0.0, 4.0, 12.0 ] },
								"east": { "texture": "#eldrathium", "uv": [ 0.0, 0.0, 4.0, 12.0 ] },
								"south": { "texture": "#eldrathium", "uv": [ 0.0, 0.0, 4.0, 12.0 ] },
								"west": { "texture": "#eldrathium", "uv": [ 0.0, 0.0, 4.0, 12.0 ] },
								"up": { "texture": "#eldrathium", "uv": [ 0.0, 0.0, 4.0, 4.0 ] },
								"down": { "texture": "#eldrathium", "uv": [ 0.0, 0.0, 4.0, 4.0 ] }
							},
							"children": [
								{
									"name": "Cube16",
									"from": [ 0.0, 16.0, 0.0 ], 
									"to": [ 0.0, 16.0, 0.0 ], 
									"rotationOrigin": [ 0.0, 16.0, 4.0 ],
									"faces": {
										"north": { "texture": "#material1", "uv": [ 0.0, 0.0, 0.5, 0.5 ] },
										"east": { "texture": "#material1", "uv": [ 0.0, 0.0, 0.5, 0.5 ] },
										"south": { "texture": "#material1", "uv": [ 0.0, 0.0, 0.5, 0.5 ] },
										"west": { "texture": "#material1", "uv": [ 0.0, 0.0, 0.5, 0.5 ] },
										"up": { "texture": "#material1", "uv": [ 0.0, 0.0, 0.5, 0.5 ] },
										"down": { "texture": "#material1", "uv": [ 0.0, 0.0, 0.5, 0.5 ] }
									}
								}
							]
						},
						{
							"name": "Cube19",
							"from": [ -0.0028, 0.0, 0.0028 ], 
							"to": [ -0.0028, 0.0, 0.0028 ], 
							"rotationOrigin": [ 8.0, 0.0, 8.0 ],
							"rotationY": 89.98,
							"faces": {
								"north": { "texture": "#material1", "uv": [ 0.0, 0.0, 0.5, 0.5 ] },
								"east": { "texture": "#material1", "uv": [ 0.0, 0.0, 0.5, 0.5 ] },
								"south": { "texture": "#material1", "uv": [ 0.0, 0.0, 0.5, 0.5 ] },
								"west": { "texture": "#material1", "uv": [ 0.0, 0.0, 0.5, 0.5 ] },
								"up": { "texture": "#material1", "uv": [ 0.0, 0.0, 0.5, 0.5 ] },
								"down": { "texture": "#material1", "uv": [ 0.0, 0.0, 0.5, 0.5 ] }
							},
							"children": [
								{
									"name": "Cube20",
									"from": [ 2.0, 1.0, 10.0 ], 
									"to": [ 6.0, 13.0, 14.0 ], 
									"rotationOrigin": [ 2.0, 1.0, 14.0 ],
									"rotationX": -10.0,
									"rotationZ": -10.0,
									"faces": {
										"north": { "texture": "#eldrathium", "uv": [ 0.0, 0.0, 4.0, 12.0 ] },
										"east": { "texture": "#eldrathium", "uv": [ 0.0, 0.0, 4.0, 12.0 ] },
										"south": { "texture": "#eldrathium", "uv": [ 0.0, 0.0, 4.0, 12.0 ] },
										"west": { "texture": "#eldrathium", "uv": [ 0.0, 0.0, 4.0, 12.0 ] },
										"up": { "texture": "#eldrathium", "uv": [ 0.0, 0.0, 4.0, 4.0 ] },
										"down": { "texture": "#eldrathium", "uv": [ 0.0, 0.0, 4.0, 4.0 ] }
									},
									"children": [
										{
											"name": "Cube21",
											"from": [ 0.0, 16.0, 0.0 ], 
											"to": [ 0.0, 16.0, 0.0 ], 
											"rotationOrigin": [ 0.0, 16.0, 4.0 ],
											"faces": {
												"north": { "texture": "#material1", "uv": [ 0.0, 0.0, 0.5, 0.5 ] },
												"east": { "texture": "#material1", "uv": [ 0.0, 0.0, 0.5, 0.5 ] },
												"south": { "texture": "#material1", "uv": [ 0.0, 0.0, 0.5, 0.5 ] },
												"west": { "texture": "#material1", "uv": [ 0.0, 0.0, 0.5, 0.5 ] },
												"up": { "texture": "#material1", "uv": [ 0.0, 0.0, 0.5, 0.5 ] },
												"down": { "texture": "#material1", "uv": [ 0.0, 0.0, 0.5, 0.5 ] }
											}
										}
									]
								}
							]
						}
					]
				},
				{
					"name": "top",
					"from": [ 7.5, 15.0, 7.5 ], 
					"to": [ 8.5, 16.0, 8.5 ], 
					"rotationOrigin": [ 8.0, 15.0, 8.0 ],
					"faces": {
						"north": { "texture": "#material1", "uv": [ 0.0, 0.0, 1.0, 1.0 ] },
						"east": { "texture": "#material1", "uv": [ 0.0, 0.0, 1.0, 1.0 ] },
						"south": { "texture": "#material1", "uv": [ 0.0, 0.0, 1.0, 1.0 ] },
						"west": { "texture": "#material1", "uv": [ 0.0, 0.0, 1.0, 1.0 ] },
						"up": { "texture": "#material1", "uv": [ 0.0, 0.0, 1.0, 1.0 ] },
						"down": { "texture": "#material1", "uv": [ 0.0, 0.0, 1.0, 1.0 ] }
					},
					"children": [
						{
							"name": "top35",
							"from": [ -1.0, 0.5, -2.0 ], 
							"to": [ 2.0, 7.5, 0.0 ], 
							"rotationOrigin": [ -1.0, 0.5, 0.0 ],
							"rotationX": -125.0,
							"faces": {
								"north": { "texture": "#eldrathium", "uv": [ 0.0, 0.0, 3.0, 7.0 ] },
								"east": { "texture": "#eldrathium", "uv": [ 0.0, 0.0, 2.0, 7.0 ] },
								"south": { "texture": "#eldrathium", "uv": [ 0.0, 0.0, 3.0, 7.0 ] },
								"west": { "texture": "#eldrathium", "uv": [ 0.0, 0.0, 2.0, 7.0 ] },
								"up": { "texture": "#eldrathium", "uv": [ 0.0, 0.0, 3.0, 2.0 ] },
								"down": { "texture": "#eldrathium", "uv": [ 0.0, 0.0, 3.0, 2.0 ] }
							},
							"children": [
								{
									"name": "top71",
									"from": [ 0.0, 1.0, 2.0 ], 
									"to": [ 3.0, 5.0, 3.0 ], 
									"rotationOrigin": [ 0.0, 1.0, 4.0 ],
									"faces": {
										"north": { "texture": "#eldrathium", "uv": [ 0.0, 0.0, 3.0, 4.0 ] },
										"east": { "texture": "#eldrathium", "uv": [ 0.0, 0.0, 1.0, 4.0 ] },
										"south": { "texture": "#eldrathium", "uv": [ 0.0, 0.0, 3.0, 4.0 ] },
										"west": { "texture": "#eldrathium", "uv": [ 0.0, 0.0, 1.0, 4.0 ] },
										"up": { "texture": "#eldrathium", "uv": [ 0.0, 0.0, 3.0, 1.0 ] },
										"down": { "texture": "#eldrathium", "uv": [ 0.0, 0.0, 3.0, 1.0 ] }
									}
								}
							]
						},
						{
							"name": "top37",
							"from": [ 0.0, 0.0, 0.0 ], 
							"to": [ 1.0, 1.0, 1.0 ], 
							"rotationOrigin": [ 0.5, 0.0, 0.5 ],
							"rotationX": -180.0,
							"rotationZ": -180.0,
							"faces": {
								"north": { "texture": "#eldrathium", "uv": [ 0.0, 0.0, 1.0, 1.0 ] },
								"east": { "texture": "#eldrathium", "uv": [ 0.0, 0.0, 1.0, 1.0 ] },
								"south": { "texture": "#eldrathium", "uv": [ 0.0, 0.0, 1.0, 1.0 ] },
								"west": { "texture": "#eldrathium", "uv": [ 0.0, 0.0, 1.0, 1.0 ] },
								"up": { "texture": "#eldrathium", "uv": [ 0.0, 0.0, 1.0, 1.0 ] },
								"down": { "texture": "#eldrathium", "uv": [ 0.0, 0.0, 1.0, 1.0 ] }
							},
							"children": [
								{
									"name": "top38",
									"from": [ -1.0, 0.5, -2.0 ], 
									"to": [ 2.0, 7.5, 0.0 ], 
									"rotationOrigin": [ -1.0, 0.5, 0.0 ],
									"rotationX": -125.0,
									"faces": {
										"north": { "texture": "#eldrathium", "uv": [ 0.0, 0.0, 3.0, 7.0 ] },
										"east": { "texture": "#eldrathium", "uv": [ 0.0, 0.0, 2.0, 7.0 ] },
										"south": { "texture": "#eldrathium", "uv": [ 0.0, 0.0, 3.0, 7.0 ] },
										"west": { "texture": "#eldrathium", "uv": [ 0.0, 0.0, 2.0, 7.0 ] },
										"up": { "texture": "#eldrathium", "uv": [ 0.0, 0.0, 3.0, 2.0 ] },
										"down": { "texture": "#eldrathium", "uv": [ 0.0, 0.0, 3.0, 2.0 ] }
									},
									"children": [
										{
											"name": "top73",
											"from": [ 0.0, 1.0, 2.0 ], 
											"to": [ 3.0, 5.0, 3.0 ], 
											"rotationOrigin": [ 0.0, 1.0, 4.0 ],
											"faces": {
												"north": { "texture": "#eldrathium", "uv": [ 0.0, 0.0, 3.0, 4.0 ] },
												"east": { "texture": "#eldrathium", "uv": [ 0.0, 0.0, 1.0, 4.0 ] },
												"south": { "texture": "#eldrathium", "uv": [ 0.0, 0.0, 3.0, 4.0 ] },
												"west": { "texture": "#eldrathium", "uv": [ 0.0, 0.0, 1.0, 4.0 ] },
												"up": { "texture": "#eldrathium", "uv": [ 0.0, 0.0, 3.0, 1.0 ] },
												"down": { "texture": "#eldrathium", "uv": [ 0.0, 0.0, 3.0, 1.0 ] }
											}
										}
									]
								}
							]
						},
						{
							"name": "top40",
							"from": [ 0.0024, 0.0, -0.0024 ], 
							"to": [ 1.0024, 1.0, 0.9976 ], 
							"rotationOrigin": [ 0.5, 0.0, 0.5 ],
							"rotationY": 89.98,
							"faces": {
								"north": { "texture": "#material1", "uv": [ 0.0, 0.0, 1.0, 1.0 ] },
								"east": { "texture": "#material1", "uv": [ 0.0, 0.0, 1.0, 1.0 ] },
								"south": { "texture": "#material1", "uv": [ 0.0, 0.0, 1.0, 1.0 ] },
								"west": { "texture": "#material1", "uv": [ 0.0, 0.0, 1.0, 1.0 ] },
								"up": { "texture": "#material1", "uv": [ 0.0, 0.0, 1.0, 1.0 ] },
								"down": { "texture": "#material1", "uv": [ 0.0, 0.0, 1.0, 1.0 ] }
							},
							"children": [
								{
									"name": "top41",
									"from": [ -1.0, 0.5, -2.0 ], 
									"to": [ 2.0, 7.5, 0.0 ], 
									"rotationOrigin": [ -1.0, 0.5, 0.0 ],
									"rotationX": -125.0,
									"faces": {
										"north": { "texture": "#eldrathium", "uv": [ 0.0, 0.0, 3.0, 7.0 ] },
										"east": { "texture": "#eldrathium", "uv": [ 0.0, 0.0, 2.0, 7.0 ] },
										"south": { "texture": "#eldrathium", "uv": [ 0.0, 0.0, 3.0, 7.0 ] },
										"west": { "texture": "#eldrathium", "uv": [ 0.0, 0.0, 2.0, 7.0 ] },
										"up": { "texture": "#eldrathium", "uv": [ 0.0, 0.0, 3.0, 2.0 ] },
										"down": { "texture": "#eldrathium", "uv": [ 0.0, 0.0, 3.0, 2.0 ] }
									},
									"children": [
										{
											"name": "top72",
											"from": [ 0.0, 1.0, 2.0 ], 
											"to": [ 3.0, 5.0, 3.0 ], 
											"rotationOrigin": [ 0.0, 1.0, 4.0 ],
											"faces": {
												"north": { "texture": "#eldrathium", "uv": [ 0.0, 0.0, 3.0, 4.0 ] },
												"east": { "texture": "#eldrathium", "uv": [ 0.0, 0.0, 1.0, 4.0 ] },
												"south": { "texture": "#eldrathium", "uv": [ 0.0, 0.0, 3.0, 4.0 ] },
												"west": { "texture": "#eldrathium", "uv": [ 0.0, 0.0, 1.0, 4.0 ] },
												"up": { "texture": "#eldrathium", "uv": [ 0.0, 0.0, 3.0, 1.0 ] },
												"down": { "texture": "#eldrathium", "uv": [ 0.0, 0.0, 3.0, 1.0 ] }
											}
										}
									]
								},
								{
									"name": "top43",
									"from": [ 0.0, 0.0, 0.0 ], 
									"to": [ 1.0, 1.0, 1.0 ], 
									"rotationOrigin": [ 0.5, 0.0, 0.5 ],
									"rotationX": -180.0,
									"rotationZ": -180.0,
									"faces": {
										"north": { "texture": "#eldrathium", "uv": [ 0.0, 0.0, 1.0, 1.0 ] },
										"east": { "texture": "#eldrathium", "uv": [ 0.0, 0.0, 1.0, 1.0 ] },
										"south": { "texture": "#eldrathium", "uv": [ 0.0, 0.0, 1.0, 1.0 ] },
										"west": { "texture": "#eldrathium", "uv": [ 0.0, 0.0, 1.0, 1.0 ] },
										"up": { "texture": "#eldrathium", "uv": [ 0.0, 0.0, 1.0, 1.0 ] },
										"down": { "texture": "#eldrathium", "uv": [ 0.0, 0.0, 1.0, 1.0 ] }
									},
									"children": [
										{
											"name": "top44",
											"from": [ -1.0, 0.5, -2.0 ], 
											"to": [ 2.0, 7.5, 0.0 ], 
											"rotationOrigin": [ -1.0, 0.5, 0.0 ],
											"rotationX": -125.0,
											"faces": {
												"north": { "texture": "#eldrathium", "uv": [ 0.0, 0.0, 3.0, 7.0 ] },
												"east": { "texture": "#eldrathium", "uv": [ 0.0, 0.0, 2.0, 7.0 ] },
												"south": { "texture": "#eldrathium", "uv": [ 0.0, 0.0, 3.0, 7.0 ] },
												"west": { "texture": "#eldrathium", "uv": [ 0.0, 0.0, 2.0, 7.0 ] },
												"up": { "texture": "#eldrathium", "uv": [ 0.0, 0.0, 3.0, 2.0 ] },
												"down": { "texture": "#eldrathium", "uv": [ 0.0, 0.0, 3.0, 2.0 ] }
											},
											"children": [
												{
													"name": "top74",
													"from": [ 0.0, 1.0, 2.0 ], 
													"to": [ 3.0, 5.0, 3.0 ], 
													"rotationOrigin": [ 0.0, 1.0, 4.0 ],
													"faces": {
														"north": { "texture": "#eldrathium", "uv": [ 0.0, 0.0, 3.0, 4.0 ] },
														"east": { "texture": "#eldrathium", "uv": [ 0.0, 0.0, 1.0, 4.0 ] },
														"south": { "texture": "#eldrathium", "uv": [ 0.0, 0.0, 3.0, 4.0 ] },
														"west": { "texture": "#eldrathium", "uv": [ 0.0, 0.0, 1.0, 4.0 ] },
														"up": { "texture": "#eldrathium", "uv": [ 0.0, 0.0, 3.0, 1.0 ] },
														"down": { "texture": "#eldrathium", "uv": [ 0.0, 0.0, 3.0, 1.0 ] }
													}
												}
											]
										}
									]
								},
								{
									"name": "Cube1",
									"from": [ -1.5, -1.9, -1.5 ], 
									"to": [ 2.5, 1.1, 2.5 ], 
									"rotationOrigin": [ -1.5, -1.9, -1.5 ],
									"faces": {
										"north": { "texture": "#eldrathium", "uv": [ 0.0, 0.0, 4.0, 3.0 ] },
										"east": { "texture": "#eldrathium", "uv": [ 0.0, 0.0, 4.0, 3.0 ] },
										"south": { "texture": "#eldrathium", "uv": [ 0.0, 0.0, 4.0, 3.0 ] },
										"west": { "texture": "#eldrathium", "uv": [ 0.0, 0.0, 4.0, 3.0 ] },
										"up": { "texture": "#eldrathium", "uv": [ 0.0, 0.0, 4.0, 4.0 ] },
										"down": { "texture": "#eldrathium", "uv": [ 0.0, 0.0, 4.0, 4.0 ] }
									}
								}
							]
						}
					]
				},
				{
					"name": "base-side-8",
					"from": [ 4.0, 0.0, 12.0 ], 
					"to": [ 12.0, 12.0, 13.0 ], 
					"rotationOrigin": [ 8.0, 0.0, 13.0 ],
					"rotationX": -10.0,
					"faces": {
						"north": { "texture": "#rustyglow", "uv": [ 0.0, 0.0, 8.0, 12.0 ] },
						"east": { "texture": "#rustyglow", "uv": [ 0.0, 0.0, 1.0, 12.0 ] },
						"south": { "texture": "#rustyglow", "uv": [ 0.0, 0.0, 8.0, 12.0 ] },
						"west": { "texture": "#rustyglow", "uv": [ 0.0, 0.0, 1.0, 12.0 ] },
						"up": { "texture": "#rustyglow", "uv": [ 0.0, 0.0, 8.0, 1.0 ] },
						"down": { "texture": "#rustyglow", "uv": [ 0.0, 0.0, 8.0, 1.0 ] }
					}
				},
				{
					"name": "base-side-3",
					"from": [ 4.0, 0.0, 3.0 ], 
					"to": [ 12.0, 12.0, 4.0 ], 
					"rotationOrigin": [ 8.0, 0.0, 3.0 ],
					"rotationX": 10.0,
					"faces": {
						"north": { "texture": "#rustyglow", "uv": [ 0.0, 0.0, 8.0, 12.0 ] },
						"east": { "texture": "#rustyglow", "uv": [ 0.0, 0.0, 1.0, 12.0 ] },
						"south": { "texture": "#rustyglow", "uv": [ 0.0, 0.0, 8.0, 12.0 ] },
						"west": { "texture": "#rustyglow", "uv": [ 0.0, 0.0, 1.0, 12.0 ] },
						"up": { "texture": "#rustyglow", "uv": [ 0.0, 0.0, 8.0, 1.0 ] },
						"down": { "texture": "#rustyglow", "uv": [ 0.0, 0.0, 8.0, 1.0 ] }
					}
				},
				{
					"name": "base-side-2",
					"from": [ 3.0, 0.0, 4.0 ], 
					"to": [ 4.0, 12.0, 12.0 ], 
					"rotationOrigin": [ 3.0, 0.0, 8.0 ],
					"rotationZ": -10.0,
					"faces": {
						"north": { "texture": "#rustyglow", "uv": [ 0.0, 0.0, 1.0, 12.0 ] },
						"east": { "texture": "#rustyglow", "uv": [ 0.0, 0.0, 8.0, 12.0 ] },
						"south": { "texture": "#rustyglow", "uv": [ 0.0, 0.0, 1.0, 12.0 ] },
						"west": { "texture": "#rustyglow", "uv": [ 0.0, 0.0, 8.0, 12.0 ] },
						"up": { "texture": "#rustyglow", "uv": [ 0.0, 0.0, 1.0, 8.0 ] },
						"down": { "texture": "#rustyglow", "uv": [ 0.0, 0.0, 1.0, 8.0 ] }
					}
				},
				{
					"name": "base-side-1",
					"from": [ 12.0, 0.0, 4.0 ], 
					"to": [ 13.0, 12.0, 12.0 ], 
					"rotationOrigin": [ 13.0, 0.0, 8.0 ],
					"rotationZ": 10.0,
					"faces": {
						"north": { "texture": "#rustyglow", "uv": [ 0.0, 0.0, 1.0, 12.0 ] },
						"east": { "texture": "#rustyglow", "uv": [ 0.0, 0.0, 8.0, 12.0 ] },
						"south": { "texture": "#rustyglow", "uv": [ 0.0, 0.0, 1.0, 12.0 ] },
						"west": { "texture": "#rustyglow", "uv": [ 0.0, 0.0, 8.0, 12.0 ] },
						"up": { "texture": "#rustyglow", "uv": [ 0.0, 0.0, 1.0, 8.0 ] },
						"down": { "texture": "#rustyglow", "uv": [ 0.0, 0.0, 1.0, 8.0 ] }
					}
				},
				{
					"name": "baseanchor67",
					"from": [ -0.2, -0.5, -0.2 ], 
					"to": [ 4.8, 1.5, 4.8 ], 
					"rotationOrigin": [ -0.2, -0.5, -0.2 ],
					"faces": {
						"north": { "texture": "#eldrathium", "uv": [ 0.0, 0.0, 5.0, 2.0 ] },
						"east": { "texture": "#eldrathium", "uv": [ 0.0, 0.0, 5.0, 2.0 ] },
						"south": { "texture": "#eldrathium", "uv": [ 0.0, 0.0, 5.0, 2.0 ] },
						"west": { "texture": "#eldrathium", "uv": [ 0.0, 0.0, 5.0, 2.0 ] },
						"up": { "texture": "#eldrathium", "uv": [ 0.0, 0.0, 5.0, 5.0 ] },
						"down": { "texture": "#eldrathium", "uv": [ 0.0, 0.0, 5.0, 5.0 ] }
					},
					"children": [
						{
							"name": "baseanchor68",
							"from": [ 0.0, 0.01, 11.5 ], 
							"to": [ 5.0, 2.01, 16.5 ], 
							"rotationOrigin": [ 0.0, 0.0, 11.5 ],
							"faces": {
								"north": { "texture": "#eldrathium", "uv": [ 0.0, 0.0, 5.0, 2.0 ] },
								"east": { "texture": "#eldrathium", "uv": [ 0.0, 0.0, 5.0, 2.0 ] },
								"south": { "texture": "#eldrathium", "uv": [ 0.0, 0.0, 5.0, 2.0 ] },
								"west": { "texture": "#eldrathium", "uv": [ 0.0, 0.0, 5.0, 2.0 ] },
								"up": { "texture": "#eldrathium", "uv": [ 0.0, 0.0, 5.0, 5.0 ] },
								"down": { "texture": "#eldrathium", "uv": [ 0.0, 0.0, 5.0, 5.0 ] }
							}
						},
						{
							"name": "baseanchor69",
							"from": [ 11.5, 0.01, 0.0 ], 
							"to": [ 16.5, 2.01, 5.0 ], 
							"rotationOrigin": [ 11.5, 0.0, 0.0 ],
							"faces": {
								"north": { "texture": "#eldrathium", "uv": [ 0.0, 0.0, 5.0, 2.0 ] },
								"east": { "texture": "#eldrathium", "uv": [ 0.0, 0.0, 5.0, 2.0 ] },
								"south": { "texture": "#eldrathium", "uv": [ 0.0, 0.0, 5.0, 2.0 ] },
								"west": { "texture": "#eldrathium", "uv": [ 0.0, 0.0, 5.0, 2.0 ] },
								"up": { "texture": "#eldrathium", "uv": [ 0.0, 0.0, 5.0, 5.0 ] },
								"down": { "texture": "#eldrathium", "uv": [ 0.0, 0.0, 5.0, 5.0 ] }
							},
							"children": [
								{
									"name": "baseanchor70",
									"from": [ 0.0, 0.0, 11.5 ], 
									"to": [ 5.0, 2.0, 16.5 ], 
									"rotationOrigin": [ 0.0, -2.0, 11.5 ],
									"faces": {
										"north": { "texture": "#eldrathium", "uv": [ 0.0, 0.0, 5.0, 2.0 ] },
										"east": { "texture": "#eldrathium", "uv": [ 0.0, 0.0, 5.0, 2.0 ] },
										"south": { "texture": "#eldrathium", "uv": [ 0.0, 0.0, 5.0, 2.0 ] },
										"west": { "texture": "#eldrathium", "uv": [ 0.0, 0.0, 5.0, 2.0 ] },
										"up": { "texture": "#eldrathium", "uv": [ 0.0, 0.0, 5.0, 5.0 ] },
										"down": { "texture": "#eldrathium", "uv": [ 0.0, 0.0, 5.0, 5.0 ] }
									}
								}
							]
						}
					]
				}
			]
		},
		{
			"name": "_origin2",
			"from": [ 0.0, 0.0, 0.0 ], 
			"to": [ 0.0, 0.0, 0.0 ], 
			"rotationOrigin": [ 8.0, 0.0, 8.0 ],
			"faces": {
				"north": { "texture": "#material1", "uv": [ 0.0, 0.0, 0.5, 0.5 ] },
				"east": { "texture": "#material1", "uv": [ 0.0, 0.0, 0.5, 0.5 ] },
				"south": { "texture": "#material1", "uv": [ 0.0, 0.0, 0.5, 0.5 ] },
				"west": { "texture": "#material1", "uv": [ 0.0, 0.0, 0.5, 0.5 ] },
				"up": { "texture": "#material1", "uv": [ 0.0, 0.0, 0.5, 0.5 ] },
				"down": { "texture": "#material1", "uv": [ 0.0, 0.0, 0.5, 0.5 ] }
			},
			"children": [
				{
					"name": "Cube48",
					"from": [ 0.0, 0.0, 0.0 ], 
					"to": [ 0.0, 0.0, 0.0 ], 
					"rotationOrigin": [ 8.0, 0.0, 8.0 ],
					"faces": {
						"north": { "texture": "#material1", "uv": [ 0.0, 0.0, 0.5, 0.5 ] },
						"east": { "texture": "#material1", "uv": [ 0.0, 0.0, 0.5, 0.5 ] },
						"south": { "texture": "#material1", "uv": [ 0.0, 0.0, 0.5, 0.5 ] },
						"west": { "texture": "#material1", "uv": [ 0.0, 0.0, 0.5, 0.5 ] },
						"up": { "texture": "#material1", "uv": [ 0.0, 0.0, 0.5, 0.5 ] },
						"down": { "texture": "#material1", "uv": [ 0.0, 0.0, 0.5, 0.5 ] }
					},
					"children": [
						{
							"name": "Cube49",
							"from": [ 0.0, 1.0, 12.0 ], 
							"to": [ 4.0, 13.0, 16.0 ], 
							"rotationOrigin": [ 0.0, 1.0, 16.0 ],
							"rotationX": -15.0,
							"rotationY": 1.7,
							"rotationZ": -15.0,
							"faces": {
								"north": { "texture": "#material1", "uv": [ 0.0, 0.0, 4.0, 12.0 ] },
								"east": { "texture": "#material1", "uv": [ 0.0, 0.0, 4.0, 12.0 ] },
								"south": { "texture": "#material1", "uv": [ 0.0, 0.0, 4.0, 12.0 ] },
								"west": { "texture": "#material1", "uv": [ 0.0, 0.0, 4.0, 12.0 ] },
								"up": { "texture": "#material1", "uv": [ 0.0, 0.0, 4.0, 4.0 ] },
								"down": { "texture": "#material1", "uv": [ 0.0, 0.0, 4.0, 4.0 ] }
							},
							"children": [
								{
									"name": "Cube77",
									"from": [ 0.0, 12.0, 0.0 ], 
									"to": [ 4.0, 18.0, 4.0 ], 
									"rotationOrigin": [ 0.0, 12.0, 4.0 ],
									"rotationX": -20.0,
									"rotationY": 3.5,
									"rotationZ": -20.0,
									"faces": {
										"north": { "texture": "#material1", "uv": [ 0.0, 0.0, 4.0, 6.0 ] },
										"east": { "texture": "#material1", "uv": [ 0.0, 0.0, 4.0, 6.0 ] },
										"south": { "texture": "#material1", "uv": [ 0.0, 0.0, 4.0, 6.0 ] },
										"west": { "texture": "#material1", "uv": [ 0.0, 0.0, 4.0, 6.0 ] },
										"up": { "texture": "#material1", "uv": [ 0.0, 0.0, 4.0, 4.0 ] },
										"down": { "texture": "#material1", "uv": [ 0.0, 0.0, 4.0, 4.0 ] }
									}
								}
							]
						},
						{
							"name": "Cube56",
							"from": [ -0.0028, 0.0, 0.0028 ], 
							"to": [ -0.0028, 0.0, 0.0028 ], 
							"rotationOrigin": [ 8.0, 0.0, 8.0 ],
							"rotationY": 90.0,
							"faces": {
								"north": { "texture": "#material1", "uv": [ 0.0, 0.0, 0.5, 0.5 ] },
								"east": { "texture": "#material1", "uv": [ 0.0, 0.0, 0.5, 0.5 ] },
								"south": { "texture": "#material1", "uv": [ 0.0, 0.0, 0.5, 0.5 ] },
								"west": { "texture": "#material1", "uv": [ 0.0, 0.0, 0.5, 0.5 ] },
								"up": { "texture": "#material1", "uv": [ 0.0, 0.0, 0.5, 0.5 ] },
								"down": { "texture": "#material1", "uv": [ 0.0, 0.0, 0.5, 0.5 ] }
							},
							"children": [
								{
									"name": "Cube563",
									"from": [ 0.0, 1.0, 12.0 ], 
									"to": [ 4.0, 13.0, 16.0 ], 
									"rotationOrigin": [ 0.0, 1.0, 16.0 ],
									"rotationX": -15.0,
									"rotationY": 1.7,
									"rotationZ": -15.0,
									"faces": {
										"north": { "texture": "#material1", "uv": [ 0.0, 0.0, 4.0, 12.0 ] },
										"east": { "texture": "#material1", "uv": [ 0.0, 0.0, 4.0, 12.0 ] },
										"south": { "texture": "#material1", "uv": [ 0.0, 0.0, 4.0, 12.0 ] },
										"west": { "texture": "#material1", "uv": [ 0.0, 0.0, 4.0, 12.0 ] },
										"up": { "texture": "#material1", "uv": [ 0.0, 0.0, 4.0, 4.0 ] },
										"down": { "texture": "#material1", "uv": [ 0.0, 0.0, 4.0, 4.0 ] }
									},
									"children": [
										{
											"name": "Cube78",
											"from": [ 0.0, 12.0, 0.0 ], 
											"to": [ 4.0, 18.0, 4.0 ], 
											"rotationOrigin": [ 0.0, 12.0, 4.0 ],
											"rotationX": -20.0,
											"rotationY": 3.5,
											"rotationZ": -20.0,
											"faces": {
												"north": { "texture": "#material1", "uv": [ 0.0, 0.0, 4.0, 6.0 ] },
												"east": { "texture": "#material1", "uv": [ 0.0, 0.0, 4.0, 6.0 ] },
												"south": { "texture": "#material1", "uv": [ 0.0, 0.0, 4.0, 6.0 ] },
												"west": { "texture": "#material1", "uv": [ 0.0, 0.0, 4.0, 6.0 ] },
												"up": { "texture": "#material1", "uv": [ 0.0, 0.0, 4.0, 4.0 ] },
												"down": { "texture": "#material1", "uv": [ 0.0, 0.0, 4.0, 4.0 ] }
											}
										}
									]
								}
							]
						}
					]
				},
				{
					"name": "Cube59",
					"from": [ 0.0, 0.0, 0.0 ], 
					"to": [ 0.0, 0.0, 0.0 ], 
					"rotationOrigin": [ 8.0, 0.0, 8.0 ],
					"rotationY": 180.0,
					"faces": {
						"north": { "texture": "#material1", "uv": [ 0.0, 0.0, 0.5, 0.5 ] },
						"east": { "texture": "#material1", "uv": [ 0.0, 0.0, 0.5, 0.5 ] },
						"south": { "texture": "#material1", "uv": [ 0.0, 0.0, 0.5, 0.5 ] },
						"west": { "texture": "#material1", "uv": [ 0.0, 0.0, 0.5, 0.5 ] },
						"up": { "texture": "#material1", "uv": [ 0.0, 0.0, 0.5, 0.5 ] },
						"down": { "texture": "#material1", "uv": [ 0.0, 0.0, 0.5, 0.5 ] }
					},
					"children": [
						{
							"name": "Cube60",
							"from": [ 0.0, 1.0, 12.0 ], 
							"to": [ 4.0, 13.0, 16.0 ], 
							"rotationOrigin": [ 0.0, 1.0, 16.0 ],
							"rotationX": -15.0,
							"rotationY": 1.7,
							"rotationZ": -15.0,
							"faces": {
								"north": { "texture": "#material1", "uv": [ 0.0, 0.0, 4.0, 12.0 ] },
								"east": { "texture": "#material1", "uv": [ 0.0, 0.0, 4.0, 12.0 ] },
								"south": { "texture": "#material1", "uv": [ 0.0, 0.0, 4.0, 12.0 ] },
								"west": { "texture": "#material1", "uv": [ 0.0, 0.0, 4.0, 12.0 ] },
								"up": { "texture": "#material1", "uv": [ 0.0, 0.0, 4.0, 4.0 ] },
								"down": { "texture": "#material1", "uv": [ 0.0, 0.0, 4.0, 4.0 ] }
							},
							"children": [
								{
									"name": "Cube75",
									"from": [ 0.0, 12.0, 0.0 ], 
									"to": [ 4.0, 18.0, 4.0 ], 
									"rotationOrigin": [ 0.0, 12.0, 4.0 ],
									"rotationX": -20.0,
									"rotationY": 3.5,
									"rotationZ": -20.0,
									"faces": {
										"north": { "texture": "#material1", "uv": [ 0.0, 0.0, 4.0, 6.0 ] },
										"east": { "texture": "#material1", "uv": [ 0.0, 0.0, 4.0, 6.0 ] },
										"south": { "texture": "#material1", "uv": [ 0.0, 0.0, 4.0, 6.0 ] },
										"west": { "texture": "#material1", "uv": [ 0.0, 0.0, 4.0, 6.0 ] },
										"up": { "texture": "#material1", "uv": [ 0.0, 0.0, 4.0, 4.0 ] },
										"down": { "texture": "#material1", "uv": [ 0.0, 0.0, 4.0, 4.0 ] }
									}
								}
							]
						},
						{
							"name": "Cube64",
							"from": [ -0.0028, 0.0, 0.0028 ], 
							"to": [ -0.0028, 0.0, 0.0028 ], 
							"rotationOrigin": [ 8.0, 0.0, 8.0 ],
							"rotationY": 90.0,
							"faces": {
								"north": { "texture": "#material1", "uv": [ 0.0, 0.0, 0.5, 0.5 ] },
								"east": { "texture": "#material1", "uv": [ 0.0, 0.0, 0.5, 0.5 ] },
								"south": { "texture": "#material1", "uv": [ 0.0, 0.0, 0.5, 0.5 ] },
								"west": { "texture": "#material1", "uv": [ 0.0, 0.0, 0.5, 0.5 ] },
								"up": { "texture": "#material1", "uv": [ 0.0, 0.0, 0.5, 0.5 ] },
								"down": { "texture": "#material1", "uv": [ 0.0, 0.0, 0.5, 0.5 ] }
							},
							"children": [
								{
									"name": "Cube65",
									"from": [ 0.0, 1.0, 12.0 ], 
									"to": [ 4.0, 13.0, 16.0 ], 
									"rotationOrigin": [ 0.0, 1.0, 16.0 ],
									"rotationX": -15.0,
									"rotationY": 1.7,
									"rotationZ": -15.0,
									"faces": {
										"north": { "texture": "#material1", "uv": [ 0.0, 0.0, 4.0, 12.0 ] },
										"east": { "texture": "#material1", "uv": [ 0.0, 0.0, 4.0, 12.0 ] },
										"south": { "texture": "#material1", "uv": [ 0.0, 0.0, 4.0, 12.0 ] },
										"west": { "texture": "#material1", "uv": [ 0.0, 0.0, 4.0, 12.0 ] },
										"up": { "texture": "#material1", "uv": [ 0.0, 0.0, 4.0, 4.0 ] },
										"down": { "texture": "#material1", "uv": [ 0.0, 0.0, 4.0, 4.0 ] }
									},
									"children": [
										{
											"name": "Cube76",
											"from": [ 0.0, 12.0, 0.0 ], 
											"to": [ 4.0, 18.0, 4.0 ], 
											"rotationOrigin": [ 0.0, 12.0, 4.0 ],
											"rotationX": -20.0,
											"rotationY": 3.5,
											"rotationZ": -20.0,
											"faces": {
												"north": { "texture": "#material1", "uv": [ 0.0, 0.0, 4.0, 6.0 ] },
												"east": { "texture": "#material1", "uv": [ 0.0, 0.0, 4.0, 6.0 ] },
												"south": { "texture": "#material1", "uv": [ 0.0, 0.0, 4.0, 6.0 ] },
												"west": { "texture": "#material1", "uv": [ 0.0, 0.0, 4.0, 6.0 ] },
												"up": { "texture": "#material1", "uv": [ 0.0, 0.0, 4.0, 4.0 ] },
												"down": { "texture": "#material1", "uv": [ 0.0, 0.0, 4.0, 4.0 ] }
											}
										}
									]
								}
							]
						}
					]
				}
			]
		}
	]}