{
  "code": "pellets",
  "class": "ItemGeneric",
  "enabled": true,

  "shape": { "base": "items/shapepellets" },

  "creativeinventory": {
    "general": [ "*" ],
    "items": [ "*" ],
    "viescraftmachines": [ "*" ]
  },
  "maxstacksize": 64,

  "behaviors": [
    {
      "name": "GroundStorable",
      "properties": {
        "layout": "Stacking",
        "placeRemoveSound": "game:sounds/block/charcoal3",
        "stackingModel": "game:block/metal/ingotpile",
        "stackingTextures": {
          "metal": "items/pellets"
        },
        "tessQuantityElements": 1,
        "stackingCapacity": 64,
        "transferQuantity": 1,
        "bulkTransferQuantity": 4,
        "collisionBox": {
          "x1": 0,
          "y1": 0,
          "z1": 0,
          "x2": 1,
          "y2": 0.125,
          "z2": 1
        },
        "cbScaleYByLayer": 0.125
      }
    }
  ],

  "attributes": {
    //"handbook": {
    //    "extraSections": [
    //        {
    //           "title": "handbook-item-sources",
    //            "text": "handbook-bycharcoalburning"
    //        }
    //    ]
    //},
    "displaycaseable": true,
    "shelvable": true
  },
  "textures": {
    "ore": { "base": "items/pellets" }
  },
  //"materialDensity": 300,
  //"combustibleProps": {
  //    "burnTemperature": 1300,
  //    "burnDuration": 40
  //},

  "fpHandTransform": {
    "translation": {
      "x": 0,
      "y": 0,
      "z": 0
    },
    "rotation": {
      "x": 1,
      "y": 90,
      "z": 0
    },
    "scale": 1.67
  },
  "guiTransform": {
    "translation": {
      "x": 0,
      "y": 0,
      "z": 0
    },
    "rotation": {
      "x": 146,
      "y": 50,
      "z": 0
    },
    "origin": {
      "x": 0.5,
      "y": 0.1,
      "z": 0.5
    },
    "scale": 3.28
  },
  "tpHandTransform": {
    "translation": {
      "x": -0.93,
      "y": -0.19,
      "z": -0.77
    },
    "rotation": {
      "x": -48,
      "y": -180,
      "z": 23
    },
    "origin": {
      "x": 0.5,
      "y": 0.12,
      "z": 0.5
    },
    "scale": 0.6
  },
  "groundTransform": {
    "translation": {
      "x": 0,
      "y": 0,
      "z": 0
    },
    "rotation": {
      "x": 0,
      "y": 0,
      "z": 0
    },
    "origin": {
      "x": 0.5,
      "y": 0,
      "z": 0.5
    },
    "scale": 4.5
  }
}