{
  "code": "toolarcspanner",
  "class": "ItemToolArcSpanner",
  "enabled": true,

  "storageFlags": 257,
  "behaviors": [
    {
      "name": "GroundStorable",
      "properties": {
        "layout": "WallHalves",
        "wallOffY": 1,
        "sprintKey": true,
        "selectionBox": {
          "x1": 0,
          "y1": 0,
          "z1": 0,
          "x2": 1,
          "y2": 0.1,
          "z2": 1
        },
        "collisionBox": {
          "x1": 0,
          "y1": 0,
          "z1": 0,
          "x2": 0,
          "y2": 0,
          "z2": 0
        }
      }
    }
  ],

  "damagedby": [ "blockbreaking", "attacking" ],

  "attributes": {
    "handbook": {
      "groupBy": [ "toolarcspanner-*" ]
    },
    "rackable": true,
    "toolrackTransform": {
      "rotation": {
        "y": 1,
        "z": -1
      },
      "translation": {
        "x": -0.2,
        "y": 0.7,
        "z": 0
      },
      "scale": 1.5
    },
    "groundStorageTransform": {
      "translation": {
        "x": 0,
        "y": 0.1,
        "z": -0.14
      },
      "rotation": {
        "x": 26,
        "y": 88,
        "z": -87
      },
      "scale": 1.01
    }
  },

  "creativeinventory": {
    "general": [ "*" ],
    "items": [ "*" ],
    "tools": [ "*" ],
    "viescraftmachines": [ "*" ]
  },

  "maxstacksize": 1,
  "materialDensity": 1200,

  "variantgroups": [
    {
      "code": "material",
      "states": [ "copper", "tinbronze", "bismuthbronze", "blackbronze", "gold", "silver", "iron", "meteoriciron", "steel" ]
    }
  ],

  "shape": { "base": "items/shapetoolarcspanner" },

  "heldTpHitAnimation": "breaktool",
  "heldTpUseAnimation": "breaktool",

  "textures": {
    "default": { "base": "default" },
    "frame": { "base": "entities/machines/frame" },
    "metal": { "base": "game:block/metal/ingot/{material}" },

    "rustyglow": { "base": "game:block/machine/statictranslocator/rustyglow" },
    "cupronickel1": { "base": "game:block/metal/sheet/cupronickel1" },
    "gold": { "base": "game:block/metal/plate/gold" }
  },


  "tooltierbytype": {
    "*-copper": 2,
    "*-gold": 2,
    "*-silver": 2,
    "*-bismuthbronze": 3,
    "*-tinbronze": 3,
    "*-blackbronze": 3,
    "*-iron": 4,
    "*-meteoriciron": 4,
    "*-steel": 5
  },
  "durabilitybytype": {
    "*-gold": 90,
    "*-silver": 90,
    "*-copper": 200,
    "*-tinbronze": 280,
    "*-bismuthbronze": 300,
    "*-blackbronze": 330,
    "*-iron": 500,
    "*-meteoriciron": 600,
    "*-steel": 1250
  },
  "attackpowerbytype": {
    "*-copper": 1.25,
    "*-gold": 1.5,
    "*-silver": 1.5,
    "*-bismuthbronze": 1.5,
    "*-tinbronze": 1.75,
    "*-blackbronze": 2,
    "*-iron": 2.25,
    "*-meteoriciron": 2.35,
    "*-steel": 2.5
  },

  "fpHandTransform": {
    "translation": {
      "x": -0.5,
      "y": -0.2,
      "z": 0
    },
    "rotation": {
      "x": -33,
      "y": 7,
      "z": 90
    },
    "scale": 2.75
  },
  "guiTransform": {
    "translation": {
      "x": 0,
      "y": 0,
      "z": 0
    },
    "rotation": {
      "x": -77,
      "y": 46,
      "z": 8
    },
    "origin": {
      "x": 0.8,
      "y": 1.0,
      "z": 0.3
    },
    "scale": 1.75
  },
  "groundTransform": {
    "translation": {
      "x": 0,
      "y": 0.4,
      "z": 0
    },
    "rotation": {
      "x": 0,
      "y": 0,
      "z": 0
    },
    "origin": {
      "x": 0.5,
      "y": 0.45,
      "z": 0.5
    },
    "scale": 4.5
  },
  "tpHandTransform": {
    "translation": {
      "x": -0.55,
      "y": -0.48,
      "z": -0.05
    },
    "rotation": {
      "x": 90,
      "y": 1,
      "z": 0
    },
    "scale": 1
  }
}