{
	"editor": {
		"allAngles": false,
		"entityTextureMode": false
	},
	"textureWidth": 16,
	"textureHeight": 16,
	"textureSizes": {
	},
	"textures": {
		"oak2": "block/wood/bark/oak"
	},
	"elements": [
		{
			"name": "origin",
			"from": [ 0.0, 0.0, 0.0 ], 
			"to": [ 0.0, 0.0, 0.0 ], 
			"faces": {
				"north": { "texture": "#oak2", "uv": [ 0.0, 0.0, 0.5, 0.5 ], "enabled": false },
				"east": { "texture": "#oak2", "uv": [ 0.0, 0.0, 0.5, 0.5 ], "enabled": false },
				"south": { "texture": "#oak2", "uv": [ 0.0, 0.0, 0.5, 0.5 ], "enabled": false },
				"west": { "texture": "#oak2", "uv": [ 0.0, 0.0, 0.5, 0.5 ], "enabled": false },
				"up": { "texture": "#oak2", "uv": [ 0.0, 0.0, 0.5, 0.5 ], "enabled": false },
				"down": { "texture": "#oak2", "uv": [ 0.0, 0.0, 0.5, 0.5 ], "enabled": false }
			}
		},
		{
			"name": "Cube27",
			"from": [ 5.0, 15.0, 2.0 ], 
			"to": [ 7.0, 26.0, 4.0 ], 
			"rotationOrigin": [ 7.0, 15.0, 2.0 ],
			"rotationY": -90.0,
			"rotationZ": 30.0,
			"faces": {
				"north": { "texture": "#oak2", "uv": [ 0.0, 0.0, 2.0, 11.0 ] },
				"east": { "texture": "#oak2", "uv": [ 0.0, 0.0, 2.0, 11.0 ] },
				"south": { "texture": "#oak2", "uv": [ 0.0, 0.0, 2.0, 11.0 ] },
				"west": { "texture": "#oak2", "uv": [ 0.0, 0.0, 2.0, 11.0 ] },
				"up": { "texture": "#oak2", "uv": [ 0.0, 0.0, 2.0, 2.0 ], "enabled": false, "windMode": [-1,-1,-1,-1] },
				"down": { "texture": "#oak2", "uv": [ 0.0, 0.0, 2.0, 2.0 ], "enabled": false }
			},
			"children": [
				{
					"name": "Cube1",
					"from": [ 0.0, 11.0, 0.001 ], 
					"to": [ 2.0, 21.0, 2.001 ], 
					"rotationOrigin": [ 0.0, 11.0, 0.0 ],
					"rotationX": 15.0,
					"rotationZ": -5.0,
					"faces": {
						"north": { "texture": "#oak2", "uv": [ 0.0, 0.0, 2.0, 10.0 ] },
						"east": { "texture": "#oak2", "uv": [ 0.0, 0.0, 2.0, 10.0 ] },
						"south": { "texture": "#oak2", "uv": [ 0.0, 0.0, 2.0, 10.0 ] },
						"west": { "texture": "#oak2", "uv": [ 0.0, 0.0, 2.0, 10.0 ] },
						"up": { "texture": "#oak2", "uv": [ 0.0, 0.0, 2.0, 2.0 ], "enabled": false },
						"down": { "texture": "#oak2", "uv": [ 0.0, 0.0, 2.0, 2.0 ], "enabled": false }
					},
					"children": [
						{
							"name": "Cube29",
							"from": [ 0.0, 10.0, 0.001 ], 
							"to": [ 2.0, 19.0, 2.001 ], 
							"rotationOrigin": [ 0.0, 10.0, 0.0 ],
							"rotationZ": -10.0,
							"faces": {
								"north": { "texture": "#oak2", "uv": [ 0.0, 0.0, 2.0, 9.0 ] },
								"east": { "texture": "#oak2", "uv": [ 0.0, 0.0, 2.0, 9.0 ] },
								"south": { "texture": "#oak2", "uv": [ 0.0, 0.0, 2.0, 9.0 ] },
								"west": { "texture": "#oak2", "uv": [ 0.0, 0.0, 2.0, 9.0 ] },
								"up": { "texture": "#oak2", "uv": [ 0.0, 0.0, 2.0, 2.0 ] },
								"down": { "texture": "#oak2", "uv": [ 0.0, 0.0, 2.0, 2.0 ], "enabled": false }
							}
						},
						{
							"name": "Cube56",
							"from": [ 0.0, 10.0, 0.001 ], 
							"to": [ 2.0, 19.0, 2.001 ], 
							"rotationOrigin": [ 0.0, 10.0, 0.0 ],
							"rotationX": -48.0,
							"rotationY": 10.0,
							"rotationZ": -11.0,
							"faces": {
								"north": { "texture": "#oak2", "uv": [ 0.0, 0.0, 2.0, 9.0 ] },
								"east": { "texture": "#oak2", "uv": [ 0.0, 0.0, 2.0, 9.0 ] },
								"south": { "texture": "#oak2", "uv": [ 0.0, 0.0, 2.0, 9.0 ] },
								"west": { "texture": "#oak2", "uv": [ 0.0, 0.0, 2.0, 9.0 ] },
								"up": { "texture": "#oak2", "uv": [ 0.0, 0.0, 2.0, 2.0 ] },
								"down": { "texture": "#oak2", "uv": [ 0.0, 0.0, 2.0, 2.0 ], "enabled": false }
							}
						},
						{
							"name": "Cube57",
							"from": [ 0.0, 10.0, 0.001 ], 
							"to": [ 2.0, 21.0, 2.001 ], 
							"rotationOrigin": [ 0.0, 10.0, 0.0 ],
							"rotationX": -1.0,
							"rotationZ": -52.0,
							"faces": {
								"north": { "texture": "#oak2", "uv": [ 0.0, 0.0, 2.0, 11.0 ] },
								"east": { "texture": "#oak2", "uv": [ 0.0, 0.0, 2.0, 11.0 ] },
								"south": { "texture": "#oak2", "uv": [ 0.0, 0.0, 2.0, 11.0 ] },
								"west": { "texture": "#oak2", "uv": [ 0.0, 0.0, 2.0, 11.0 ] },
								"up": { "texture": "#oak2", "uv": [ 0.0, 0.0, 2.0, 2.0 ] },
								"down": { "texture": "#oak2", "uv": [ 0.0, 0.0, 2.0, 2.0 ], "enabled": false }
							}
						}
					]
				}
			]
		},
		{
			"name": "Cube30",
			"from": [ 0.0, 14.0, 8.0 ], 
			"to": [ 2.0, 25.0, 10.0 ], 
			"rotationOrigin": [ 2.0, 14.0, 8.0 ],
			"rotationZ": 27.0,
			"faces": {
				"north": { "texture": "#oak2", "uv": [ 0.0, 0.0, 2.0, 11.0 ] },
				"east": { "texture": "#oak2", "uv": [ 0.0, 0.0, 2.0, 11.0 ] },
				"south": { "texture": "#oak2", "uv": [ 0.0, 0.0, 2.0, 11.0 ] },
				"west": { "texture": "#oak2", "uv": [ 0.0, 0.0, 2.0, 11.0 ] },
				"up": { "texture": "#oak2", "uv": [ 0.0, 0.0, 2.0, 2.0 ], "enabled": false },
				"down": { "texture": "#oak2", "uv": [ 0.0, 0.0, 2.0, 2.0 ], "enabled": false }
			},
			"children": [
				{
					"name": "Cube30",
					"from": [ 0.0, 11.0, 0.001 ], 
					"to": [ 2.0, 21.0, 2.001 ], 
					"rotationOrigin": [ 0.0, 11.0, 0.0 ],
					"rotationX": 9.0,
					"rotationZ": -10.0,
					"faces": {
						"north": { "texture": "#oak2", "uv": [ 0.0, 0.0, 2.0, 10.0 ] },
						"east": { "texture": "#oak2", "uv": [ 0.0, 0.0, 2.0, 10.0 ] },
						"south": { "texture": "#oak2", "uv": [ 0.0, 0.0, 2.0, 10.0 ] },
						"west": { "texture": "#oak2", "uv": [ 0.0, 0.0, 2.0, 10.0 ] },
						"up": { "texture": "#oak2", "uv": [ 0.0, 0.0, 2.0, 2.0 ], "windMode": [-1,-1,-1,-1], "windData": [2,2,2,2] },
						"down": { "texture": "#oak2", "uv": [ 0.0, 0.0, 2.0, 2.0 ], "enabled": false }
					}
				}
			]
		},
		{
			"name": "Cube32",
			"from": [ 1.0, 10.0, 12.0 ], 
			"to": [ 3.0, 21.0, 14.0 ], 
			"rotationOrigin": [ 3.0, 10.0, 12.0 ],
			"rotationY": 35.0,
			"rotationZ": 30.0,
			"faces": {
				"north": { "texture": "#oak2", "uv": [ 0.0, 0.0, 2.0, 11.0 ] },
				"east": { "texture": "#oak2", "uv": [ 0.0, 0.0, 2.0, 11.0 ] },
				"south": { "texture": "#oak2", "uv": [ 0.0, 0.0, 2.0, 11.0 ] },
				"west": { "texture": "#oak2", "uv": [ 0.0, 0.0, 2.0, 11.0 ] },
				"up": { "texture": "#oak2", "uv": [ 0.0, 0.0, 2.0, 2.0 ], "enabled": false },
				"down": { "texture": "#oak2", "uv": [ 0.0, 0.0, 2.0, 2.0 ], "enabled": false }
			},
			"children": [
				{
					"name": "Cube33",
					"from": [ 0.0, 10.0, 0.001 ], 
					"to": [ 2.0, 20.0, 2.001 ], 
					"rotationOrigin": [ 0.0, 10.0, 0.0 ],
					"rotationX": -5.0,
					"rotationZ": -10.0,
					"faces": {
						"north": { "texture": "#oak2", "uv": [ 0.0, 0.0, 2.0, 10.0 ] },
						"east": { "texture": "#oak2", "uv": [ 0.0, 0.0, 2.0, 10.0 ] },
						"south": { "texture": "#oak2", "uv": [ 0.0, 0.0, 2.0, 10.0 ] },
						"west": { "texture": "#oak2", "uv": [ 0.0, 0.0, 2.0, 10.0 ] },
						"up": { "texture": "#oak2", "uv": [ 0.0, 0.0, 2.0, 2.0 ], "windMode": [-1,-1,-1,-1], "windData": [1,1,1,1] },
						"down": { "texture": "#oak2", "uv": [ 0.0, 0.0, 2.0, 2.0 ], "enabled": false }
					}
				}
			]
		},
		{
			"name": "Cube35",
			"from": [ 1.0, 14.0, 0.0 ], 
			"to": [ 3.0, 25.0, 2.0 ], 
			"rotationOrigin": [ 3.0, 14.0, 0.0 ],
			"rotationY": -32.0,
			"rotationZ": 26.0,
			"faces": {
				"north": { "texture": "#oak2", "uv": [ 0.0, 0.0, 2.0, 11.0 ] },
				"east": { "texture": "#oak2", "uv": [ 0.0, 0.0, 2.0, 11.0 ] },
				"south": { "texture": "#oak2", "uv": [ 0.0, 0.0, 2.0, 11.0 ] },
				"west": { "texture": "#oak2", "uv": [ 0.0, 0.0, 2.0, 11.0 ] },
				"up": { "texture": "#oak2", "uv": [ 0.0, 0.0, 2.0, 2.0 ], "enabled": false },
				"down": { "texture": "#oak2", "uv": [ 0.0, 0.0, 2.0, 2.0 ], "enabled": false }
			},
			"children": [
				{
					"name": "Cube35",
					"from": [ 0.0, 11.0, 0.001 ], 
					"to": [ 2.0, 21.0, 2.001 ], 
					"rotationOrigin": [ 0.0, 11.0, 0.0 ],
					"rotationZ": -10.0,
					"faces": {
						"north": { "texture": "#oak2", "uv": [ 0.0, 0.0, 2.0, 10.0 ] },
						"east": { "texture": "#oak2", "uv": [ 0.0, 0.0, 2.0, 10.0 ] },
						"south": { "texture": "#oak2", "uv": [ 0.0, 0.0, 2.0, 10.0 ] },
						"west": { "texture": "#oak2", "uv": [ 0.0, 0.0, 2.0, 10.0 ] },
						"up": { "texture": "#oak2", "uv": [ 0.0, 0.0, 2.0, 2.0 ], "enabled": false },
						"down": { "texture": "#oak2", "uv": [ 0.0, 0.0, 2.0, 2.0 ], "enabled": false }
					},
					"children": [
						{
							"name": "Cube36",
							"from": [ 0.0, 10.0, 0.001 ], 
							"to": [ 2.0, 19.0, 2.001 ], 
							"rotationOrigin": [ 0.0, 10.0, 0.0 ],
							"rotationZ": -10.0,
							"faces": {
								"north": { "texture": "#oak2", "uv": [ 0.0, 0.0, 2.0, 9.0 ] },
								"east": { "texture": "#oak2", "uv": [ 0.0, 0.0, 2.0, 9.0 ] },
								"south": { "texture": "#oak2", "uv": [ 0.0, 0.0, 2.0, 9.0 ] },
								"west": { "texture": "#oak2", "uv": [ 0.0, 0.0, 2.0, 9.0 ] },
								"up": { "texture": "#oak2", "uv": [ 0.0, 0.0, 2.0, 2.0 ] },
								"down": { "texture": "#oak2", "uv": [ 0.0, 0.0, 2.0, 2.0 ], "enabled": false }
							}
						}
					]
				}
			]
		},
		{
			"name": "Cube37",
			"from": [ 10.0, 13.0, 2.0 ], 
			"to": [ 12.0, 24.0, 4.0 ], 
			"rotationOrigin": [ 12.0, 13.0, 2.0 ],
			"rotationY": -100.0,
			"rotationZ": 30.0,
			"faces": {
				"north": { "texture": "#oak2", "uv": [ 0.0, 0.0, 2.0, 11.0 ] },
				"east": { "texture": "#oak2", "uv": [ 0.0, 0.0, 2.0, 11.0 ] },
				"south": { "texture": "#oak2", "uv": [ 0.0, 0.0, 2.0, 11.0 ] },
				"west": { "texture": "#oak2", "uv": [ 0.0, 0.0, 2.0, 11.0 ] },
				"up": { "texture": "#oak2", "uv": [ 0.0, 0.0, 2.0, 2.0 ], "enabled": false },
				"down": { "texture": "#oak2", "uv": [ 0.0, 0.0, 2.0, 2.0 ], "enabled": false }
			},
			"children": [
				{
					"name": "Cube38",
					"from": [ 0.0, 11.0, 0.001 ], 
					"to": [ 2.0, 21.0, 2.001 ], 
					"rotationOrigin": [ 0.0, 11.0, 0.0 ],
					"rotationZ": -17.0,
					"faces": {
						"north": { "texture": "#oak2", "uv": [ 0.0, 0.0, 2.0, 10.0 ] },
						"east": { "texture": "#oak2", "uv": [ 0.0, 0.0, 2.0, 10.0 ] },
						"south": { "texture": "#oak2", "uv": [ 0.0, 0.0, 2.0, 10.0 ] },
						"west": { "texture": "#oak2", "uv": [ 0.0, 0.0, 2.0, 10.0 ] },
						"up": { "texture": "#oak2", "uv": [ 0.0, 0.0, 2.0, 2.0 ], "windMode": [-1,-1,-1,-1], "windData": [1,1,1,1] },
						"down": { "texture": "#oak2", "uv": [ 0.0, 0.0, 2.0, 2.0 ], "enabled": false }
					}
				}
			]
		},
		{
			"name": "Cube39",
			"from": [ 12.0, 12.0, 2.0 ], 
			"to": [ 14.0, 23.0, 4.0 ], 
			"rotationOrigin": [ 14.0, 12.0, 2.0 ],
			"rotationY": -143.0,
			"rotationZ": 30.0,
			"faces": {
				"north": { "texture": "#oak2", "uv": [ 0.0, 0.0, 2.0, 11.0 ] },
				"east": { "texture": "#oak2", "uv": [ 0.0, 0.0, 2.0, 11.0 ] },
				"south": { "texture": "#oak2", "uv": [ 0.0, 0.0, 2.0, 11.0 ] },
				"west": { "texture": "#oak2", "uv": [ 0.0, 0.0, 2.0, 11.0 ] },
				"up": { "texture": "#oak2", "uv": [ 0.0, 0.0, 2.0, 2.0 ], "enabled": false },
				"down": { "texture": "#oak2", "uv": [ 0.0, 0.0, 2.0, 2.0 ], "enabled": false }
			},
			"children": [
				{
					"name": "Cube40",
					"from": [ 0.0, 11.0, 0.001 ], 
					"to": [ 2.0, 21.0, 2.001 ], 
					"rotationOrigin": [ 0.0, 11.0, 0.0 ],
					"rotationZ": -11.0,
					"faces": {
						"north": { "texture": "#oak2", "uv": [ 0.0, 0.0, 2.0, 10.0 ] },
						"east": { "texture": "#oak2", "uv": [ 0.0, 0.0, 2.0, 10.0 ] },
						"south": { "texture": "#oak2", "uv": [ 0.0, 0.0, 2.0, 10.0 ] },
						"west": { "texture": "#oak2", "uv": [ 0.0, 0.0, 2.0, 10.0 ] },
						"up": { "texture": "#oak2", "uv": [ 0.0, 0.0, 2.0, 2.0 ], "enabled": false },
						"down": { "texture": "#oak2", "uv": [ 0.0, 0.0, 2.0, 2.0 ], "enabled": false }
					},
					"children": [
						{
							"name": "Cube41",
							"from": [ 0.0, 10.0, 0.001 ], 
							"to": [ 2.0, 19.0, 2.001 ], 
							"rotationOrigin": [ 0.0, 10.0, 0.0 ],
							"rotationZ": -10.0,
							"faces": {
								"north": { "texture": "#oak2", "uv": [ 0.0, 0.0, 2.0, 9.0 ] },
								"east": { "texture": "#oak2", "uv": [ 0.0, 0.0, 2.0, 9.0 ] },
								"south": { "texture": "#oak2", "uv": [ 0.0, 0.0, 2.0, 9.0 ] },
								"west": { "texture": "#oak2", "uv": [ 0.0, 0.0, 2.0, 9.0 ] },
								"up": { "texture": "#oak2", "uv": [ 0.0, 0.0, 2.0, 2.0 ] },
								"down": { "texture": "#oak2", "uv": [ 0.0, 0.0, 2.0, 2.0 ], "enabled": false }
							}
						}
					]
				}
			]
		},
		{
			"name": "Cube42",
			"from": [ 10.0, 12.0, 4.0 ], 
			"to": [ 12.0, 23.0, 6.0 ], 
			"rotationOrigin": [ 12.0, 12.0, 4.0 ],
			"rotationY": -180.0,
			"rotationZ": 46.0,
			"faces": {
				"north": { "texture": "#oak2", "uv": [ 0.0, 0.0, 2.0, 11.0 ] },
				"east": { "texture": "#oak2", "uv": [ 0.0, 0.0, 2.0, 11.0 ] },
				"south": { "texture": "#oak2", "uv": [ 0.0, 0.0, 2.0, 11.0 ] },
				"west": { "texture": "#oak2", "uv": [ 0.0, 0.0, 2.0, 11.0 ] },
				"up": { "texture": "#oak2", "uv": [ 0.0, 0.0, 2.0, 2.0 ], "enabled": false },
				"down": { "texture": "#oak2", "uv": [ 0.0, 0.0, 2.0, 2.0 ], "enabled": false }
			},
			"children": [
				{
					"name": "Cube43",
					"from": [ 0.0, 11.0, 0.001 ], 
					"to": [ 2.0, 21.0, 2.001 ], 
					"rotationOrigin": [ 0.0, 11.0, 0.0 ],
					"rotationX": -26.0,
					"rotationY": 8.0,
					"rotationZ": -22.0,
					"faces": {
						"north": { "texture": "#oak2", "uv": [ 0.0, 0.0, 2.0, 10.0 ] },
						"east": { "texture": "#oak2", "uv": [ 0.0, 0.0, 2.0, 10.0 ] },
						"south": { "texture": "#oak2", "uv": [ 0.0, 0.0, 2.0, 10.0 ] },
						"west": { "texture": "#oak2", "uv": [ 0.0, 0.0, 2.0, 10.0 ] },
						"up": { "texture": "#oak2", "uv": [ 0.0, 0.0, 2.0, 2.0 ], "enabled": false },
						"down": { "texture": "#oak2", "uv": [ 0.0, 0.0, 2.0, 2.0 ], "enabled": false }
					},
					"children": [
						{
							"name": "Cube44",
							"from": [ 0.0, 10.0, 0.001 ], 
							"to": [ 2.0, 17.0, 2.001 ], 
							"rotationOrigin": [ 0.0, 10.0, 0.0 ],
							"rotationZ": -18.0,
							"faces": {
								"north": { "texture": "#oak2", "uv": [ 0.0, 0.0, 2.0, 7.0 ] },
								"east": { "texture": "#oak2", "uv": [ 0.0, 0.0, 2.0, 7.0 ] },
								"south": { "texture": "#oak2", "uv": [ 0.0, 0.0, 2.0, 7.0 ] },
								"west": { "texture": "#oak2", "uv": [ 0.0, 0.0, 2.0, 7.0 ] },
								"up": { "texture": "#oak2", "uv": [ 0.0, 0.0, 2.0, 2.0 ] },
								"down": { "texture": "#oak2", "uv": [ 0.0, 0.0, 2.0, 2.0 ], "enabled": false }
							}
						}
					]
				},
				{
					"name": "Cube55",
					"from": [ 0.0, 11.0, 0.001 ], 
					"to": [ 2.0, 21.0, 2.001 ], 
					"rotationOrigin": [ 0.0, 11.0, 0.0 ],
					"rotationX": 11.0,
					"rotationZ": -22.0,
					"faces": {
						"north": { "texture": "#oak2", "uv": [ 0.0, 0.0, 2.0, 10.0 ] },
						"east": { "texture": "#oak2", "uv": [ 0.0, 0.0, 2.0, 10.0 ] },
						"south": { "texture": "#oak2", "uv": [ 0.0, 0.0, 2.0, 10.0 ] },
						"west": { "texture": "#oak2", "uv": [ 0.0, 0.0, 2.0, 10.0 ] },
						"up": { "texture": "#oak2", "uv": [ 0.0, 0.0, 2.0, 2.0 ], "windMode": [-1,-1,-1,-1], "windData": [1,1,1,1] },
						"down": { "texture": "#oak2", "uv": [ 0.0, 0.0, 2.0, 2.0 ], "enabled": false }
					}
				}
			]
		},
		{
			"name": "Cube45",
			"from": [ 11.0, 12.0, 15.0 ], 
			"to": [ 13.0, 23.0, 17.0 ], 
			"rotationOrigin": [ 13.0, 12.0, 15.0 ],
			"rotationY": 135.0,
			"rotationZ": 45.0,
			"faces": {
				"north": { "texture": "#oak2", "uv": [ 0.0, 0.0, 2.0, 11.0 ] },
				"east": { "texture": "#oak2", "uv": [ 0.0, 0.0, 2.0, 11.0 ] },
				"south": { "texture": "#oak2", "uv": [ 0.0, 0.0, 2.0, 12.0 ], "autoUv": false },
				"west": { "texture": "#oak2", "uv": [ 0.0, 0.0, 2.0, 11.0 ] },
				"up": { "texture": "#oak2", "uv": [ 0.0, 0.0, 2.0, 2.0 ], "enabled": false },
				"down": { "texture": "#oak2", "uv": [ 0.0, 0.0, 2.0, 2.0 ], "enabled": false }
			},
			"children": [
				{
					"name": "Cube46",
					"from": [ 0.0, 11.0, 0.001 ], 
					"to": [ 2.0, 21.0, 2.001 ], 
					"rotationOrigin": [ 0.0, 11.0, 0.0 ],
					"rotationZ": -22.0,
					"faces": {
						"north": { "texture": "#oak2", "uv": [ 0.0, 0.0, 2.0, 10.0 ] },
						"east": { "texture": "#oak2", "uv": [ 0.0, 0.0, 2.0, 10.0 ] },
						"south": { "texture": "#oak2", "uv": [ 0.0, 0.0, 2.0, 10.0 ] },
						"west": { "texture": "#oak2", "uv": [ 0.0, 0.0, 2.0, 10.0 ] },
						"up": { "texture": "#oak2", "uv": [ 0.0, 0.0, 2.0, 2.0 ], "enabled": false },
						"down": { "texture": "#oak2", "uv": [ 0.0, 0.0, 2.0, 2.0 ], "enabled": false }
					},
					"children": [
						{
							"name": "Cube47",
							"from": [ 0.0, 10.0, 0.001 ], 
							"to": [ 2.0, 19.0, 2.001 ], 
							"rotationOrigin": [ 0.0, 10.0, 0.0 ],
							"rotationZ": -18.0,
							"faces": {
								"north": { "texture": "#oak2", "uv": [ 0.0, 0.0, 2.0, 9.0 ] },
								"east": { "texture": "#oak2", "uv": [ 0.0, 0.0, 2.0, 9.0 ] },
								"south": { "texture": "#oak2", "uv": [ 0.0, 0.0, 2.0, 9.0 ] },
								"west": { "texture": "#oak2", "uv": [ 0.0, 0.0, 2.0, 9.0 ] },
								"up": { "texture": "#oak2", "uv": [ 0.0, 0.0, 2.0, 2.0 ] },
								"down": { "texture": "#oak2", "uv": [ 0.0, 0.0, 2.0, 2.0 ], "enabled": false }
							}
						}
					]
				}
			]
		},
		{
			"name": "Cube48",
			"from": [ 10.0, 12.0, 15.0 ], 
			"to": [ 12.0, 23.0, 17.0 ], 
			"rotationOrigin": [ 12.0, 12.0, 15.0 ],
			"rotationY": 61.0,
			"rotationZ": 43.0,
			"faces": {
				"north": { "texture": "#oak2", "uv": [ 0.0, 0.0, 2.0, 11.0 ] },
				"east": { "texture": "#oak2", "uv": [ 0.0, 0.0, 2.0, 11.0 ] },
				"south": { "texture": "#oak2", "uv": [ 0.0, 0.0, 2.0, 11.0 ] },
				"west": { "texture": "#oak2", "uv": [ 0.0, 0.0, 2.0, 11.0 ] },
				"up": { "texture": "#oak2", "uv": [ 0.0, 0.0, 2.0, 2.0 ], "enabled": false },
				"down": { "texture": "#oak2", "uv": [ 0.0, 0.0, 2.0, 2.0 ], "enabled": false }
			},
			"children": [
				{
					"name": "Cube49",
					"from": [ 0.0, 11.0, 0.001 ], 
					"to": [ 2.0, 21.0, 2.001 ], 
					"rotationOrigin": [ 0.0, 11.0, 0.0 ],
					"rotationZ": -22.0,
					"faces": {
						"north": { "texture": "#oak2", "uv": [ 0.0, 0.0, 2.0, 10.0 ] },
						"east": { "texture": "#oak2", "uv": [ 0.0, 0.0, 2.0, 10.0 ] },
						"south": { "texture": "#oak2", "uv": [ 0.0, 0.0, 2.0, 10.0 ] },
						"west": { "texture": "#oak2", "uv": [ 0.0, 0.0, 2.0, 10.0 ] },
						"up": { "texture": "#oak2", "uv": [ 0.0, 0.0, 2.0, 2.0 ], "enabled": false },
						"down": { "texture": "#oak2", "uv": [ 0.0, 0.0, 2.0, 2.0 ], "enabled": false }
					},
					"children": [
						{
							"name": "Cube50",
							"from": [ 0.0, 10.0, 0.001 ], 
							"to": [ 2.0, 23.0, 2.001 ], 
							"rotationOrigin": [ 0.0, 10.0, 0.0 ],
							"rotationX": -33.0,
							"rotationY": 15.0,
							"rotationZ": -16.0,
							"faces": {
								"north": { "texture": "#oak2", "uv": [ 0.0, 0.0, 2.0, 13.0 ] },
								"east": { "texture": "#oak2", "uv": [ 0.0, 0.0, 2.0, 13.0 ] },
								"south": { "texture": "#oak2", "uv": [ 0.0, 0.0, 2.0, 13.0 ] },
								"west": { "texture": "#oak2", "uv": [ 0.0, 0.0, 2.0, 13.0 ] },
								"up": { "texture": "#oak2", "uv": [ 0.0, 0.0, 2.0, 2.0 ] },
								"down": { "texture": "#oak2", "uv": [ 0.0, 0.0, 2.0, 2.0 ], "enabled": false }
							}
						},
						{
							"name": "Cube54",
							"from": [ 0.0, 10.0, 0.001 ], 
							"to": [ 2.0, 18.0, 2.001 ], 
							"rotationOrigin": [ 0.0, 10.0, 0.0 ],
							"rotationX": 22.0,
							"rotationZ": -18.0,
							"faces": {
								"north": { "texture": "#oak2", "uv": [ 0.0, 0.0, 2.0, 8.0 ] },
								"east": { "texture": "#oak2", "uv": [ 0.0, 0.0, 2.0, 8.0 ] },
								"south": { "texture": "#oak2", "uv": [ 0.0, 0.0, 2.0, 8.0 ] },
								"west": { "texture": "#oak2", "uv": [ 0.0, 0.0, 2.0, 8.0 ] },
								"up": { "texture": "#oak2", "uv": [ 0.0, 0.0, 2.0, 2.0 ] },
								"down": { "texture": "#oak2", "uv": [ 0.0, 0.0, 2.0, 2.0 ], "enabled": false }
							}
						}
					]
				}
			]
		},
		{
			"name": "Cube51",
			"from": [ 11.0, 12.0, 15.0 ], 
			"to": [ 13.0, 23.0, 17.0 ], 
			"rotationOrigin": [ 13.0, 12.0, 15.0 ],
			"rotationY": 90.0,
			"rotationZ": 45.0,
			"faces": {
				"north": { "texture": "#oak2", "uv": [ 0.0, 0.0, 2.0, 11.0 ] },
				"east": { "texture": "#oak2", "uv": [ 0.0, 0.0, 2.0, 11.0 ] },
				"south": { "texture": "#oak2", "uv": [ 0.0, 0.0, 2.0, 11.0 ] },
				"west": { "texture": "#oak2", "uv": [ 0.0, 0.0, 2.0, 11.0 ] },
				"up": { "texture": "#oak2", "uv": [ 0.0, 0.0, 2.0, 2.0 ], "enabled": false },
				"down": { "texture": "#oak2", "uv": [ 0.0, 0.0, 2.0, 2.0 ], "enabled": false }
			},
			"children": [
				{
					"name": "Cube52",
					"from": [ 0.0, 11.0, 0.001 ], 
					"to": [ 2.0, 21.0, 2.001 ], 
					"rotationOrigin": [ 0.0, 11.0, 0.0 ],
					"rotationX": 15.0,
					"rotationZ": -22.0,
					"faces": {
						"north": { "texture": "#oak2", "uv": [ 0.0, 0.0, 2.0, 10.0 ] },
						"east": { "texture": "#oak2", "uv": [ 0.0, 0.0, 2.0, 10.0 ] },
						"south": { "texture": "#oak2", "uv": [ 0.0, 0.0, 2.0, 10.0 ] },
						"west": { "texture": "#oak2", "uv": [ 0.0, 0.0, 2.0, 10.0 ] },
						"up": { "texture": "#oak2", "uv": [ 0.0, 0.0, 2.0, 2.0 ], "enabled": false },
						"down": { "texture": "#oak2", "uv": [ 0.0, 0.0, 2.0, 2.0 ], "enabled": false }
					},
					"children": [
						{
							"name": "Cube53",
							"from": [ 0.0, 9.0, 0.001 ], 
							"to": [ 2.0, 20.0, 2.001 ], 
							"rotationOrigin": [ 0.0, 9.0, 0.0 ],
							"rotationX": -20.0,
							"rotationZ": -18.0,
							"faces": {
								"north": { "texture": "#oak2", "uv": [ 0.0, 0.0, 2.0, 11.0 ] },
								"east": { "texture": "#oak2", "uv": [ 0.0, 0.0, 2.0, 11.0 ] },
								"south": { "texture": "#oak2", "uv": [ 0.0, 0.0, 2.0, 11.0 ] },
								"west": { "texture": "#oak2", "uv": [ 0.0, 0.0, 2.0, 11.0 ] },
								"up": { "texture": "#oak2", "uv": [ 0.0, 0.0, 2.0, 2.0 ] },
								"down": { "texture": "#oak2", "uv": [ 0.0, 0.0, 2.0, 2.0 ], "enabled": false }
							}
						}
					]
				}
			]
		}
	]}