﻿[
 {
   file: "expandedfoods:recipes/kneading/acorns/acornberrydough.json",
    "side": "server",
    op: "addeach", 
    path: "/0/ingredients/1/inputs/-", 
    value: [{ type: "item", code: "wildcraftfruit:fruit-*",  quantity: 1 }, { type: "item", code: "expandedfoods:wilddryfruit-*",  quantity: 1 }, { type: "item", code: "expandedfoods:wilddehydratedfruit-*",  quantity: 1 }, { type: "item", code: "expandedfoods:wildcandiedfruit-*",  quantity: 1 }, { type: "item", code: "expandedfoods:gelatin-*", quantity: 1 },],
    dependsOn: [{ "modid": "acorns" }, { "modid": "wildcraftfruit" }]
 },
 {
   file: "expandedfoods:recipes/kneading/acorns/acornberrydough.json",
    "side": "server",
    op: "addeach", 
    path: "/0/ingredients/2/inputs/-", 
    value: [{ type: "item", code: "wildcraftfruit:fruit-*",  quantity: 1 }, { type: "item", code: "expandedfoods:wilddryfruit-*",  quantity: 1 }, { type: "item", code: "expandedfoods:wilddehydratedfruit-*",  quantity: 1 }, { type: "item", code: "expandedfoods:wildcandiedfruit-*",  quantity: 1 },],
    dependsOn: [{ "modid": "acorns" }, { "modid": "wildcraftfruit" }]
 },
 {
   file: "expandedfoods:recipes/kneading/acorns/acornberrydough.json",
    "side": "server",
    op: "addeach", 
    path: "/0/ingredients/3/inputs/-", 
    value: [{ type: "item", code: "wildcraftfruit:fruit-*",  quantity: 1 }, { type: "item", code: "expandedfoods:wilddryfruit-*",  quantity: 1 }, { type: "item", code: "expandedfoods:wilddehydratedfruit-*",  quantity: 1 }, { type: "item", code: "expandedfoods:wildcandiedfruit-*",  quantity: 1 },],
    dependsOn: [{ "modid": "acorns" }, { "modid": "wildcraftfruit" }]
 },
 {
   file: "expandedfoods:recipes/kneading/acorns/acornberrydough.json",
    "side": "server",
    op: "addeach", 
    path: "/0/ingredients/4/inputs/-", 
    value: [{ type: "item", code: "wildcraftfruit:fruit-*",  quantity: 1 }, { type: "item", code: "expandedfoods:wilddryfruit-*",  quantity: 1 }, { type: "item", code: "expandedfoods:wilddehydratedfruit-*",  quantity: 1 }, { type: "item", code: "expandedfoods:wildcandiedfruit-*",  quantity: 1 },],
    dependsOn: [{ "modid": "acorns" }, { "modid": "wildcraftfruit" }]
 },
 {
   file: "expandedfoods:recipes/kneading/acorns/acornberrydough.json",
    "side": "server",
    op: "addeach", 
    path: "/0/ingredients/5/inputs/-", 
    value: [{ type: "item", code: "wildcraftfruit:fruit-*",  quantity: 1 }, { type: "item", code: "expandedfoods:wilddryfruit-*",  quantity: 1 }, { type: "item", code: "expandedfoods:wilddehydratedfruit-*",  quantity: 1 }, { type: "item", code: "expandedfoods:wildcandiedfruit-*",  quantity: 1 },],
    dependsOn: [{ "modid": "acorns" }, { "modid": "wildcraftfruit" }]
 },
 {
   file: "expandedfoods:recipes/kneading/acorns/acornberrydough.json",
    "side": "server",
    op: "addeach", 
    path: "/1/ingredients/1/inputs/-", 
    value: [{ type: "item", code: "wildcraftfruit:fruit-*",  quantity: 1 }, { type: "item", code: "expandedfoods:wilddryfruit-*",  quantity: 1 }, { type: "item", code: "expandedfoods:wilddehydratedfruit-*",  quantity: 1 }, { type: "item", code: "expandedfoods:wildcandiedfruit-*",  quantity: 1 }, { type: "item", code: "expandedfoods:gelatin-*", quantity: 1 },],
    dependsOn: [{ "modid": "acorns" }, { "modid": "wildcraftfruit" }]
 },
 {
   file: "expandedfoods:recipes/kneading/acorns/acornberrydough.json",
    "side": "server",
    op: "addeach", 
    path: "/1/ingredients/2/inputs/-", 
    value: [{ type: "item", code: "wildcraftfruit:fruit-*",  quantity: 1 }, { type: "item", code: "expandedfoods:wilddryfruit-*",  quantity: 1 }, { type: "item", code: "expandedfoods:wilddehydratedfruit-*",  quantity: 1 }, { type: "item", code: "expandedfoods:wildcandiedfruit-*",  quantity: 1 },],
    dependsOn: [{ "modid": "acorns" }, { "modid": "wildcraftfruit" }]
 },
 {
   file: "expandedfoods:recipes/kneading/acorns/acornberrydough.json",
    "side": "server",
    op: "addeach", 
    path: "/1/ingredients/3/inputs/-", 
    value: [{ type: "item", code: "wildcraftfruit:fruit-*",  quantity: 1 }, { type: "item", code: "expandedfoods:wilddryfruit-*",  quantity: 1 }, { type: "item", code: "expandedfoods:wilddehydratedfruit-*",  quantity: 1 }, { type: "item", code: "expandedfoods:wildcandiedfruit-*",  quantity: 1 },],
    dependsOn: [{ "modid": "acorns" }, { "modid": "wildcraftfruit" }]
 },
 {
   file: "expandedfoods:recipes/kneading/acorns/acornberrydough.json",
    "side": "server",
    op: "addeach", 
    path: "/1/ingredients/4/inputs/-", 
    value: [{ type: "item", code: "wildcraftfruit:fruit-*",  quantity: 1 }, { type: "item", code: "expandedfoods:wilddryfruit-*",  quantity: 1 }, { type: "item", code: "expandedfoods:wilddehydratedfruit-*",  quantity: 1 }, { type: "item", code: "expandedfoods:wildcandiedfruit-*",  quantity: 1 },],
    dependsOn: [{ "modid": "acorns" }, { "modid": "wildcraftfruit" }]
 },
 {
   file: "expandedfoods:recipes/kneading/acorns/acornberrydough.json",
    "side": "server",
    op: "addeach", 
    path: "/2/ingredients/1/inputs/-", 
    value: [{ type: "item", code: "wildcraftfruit:fruit-*",  quantity: 1 }, { type: "item", code: "expandedfoods:wilddryfruit-*",  quantity: 1 }, { type: "item", code: "expandedfoods:wilddehydratedfruit-*",  quantity: 1 }, { type: "item", code: "expandedfoods:wildcandiedfruit-*",  quantity: 1 }, { type: "item", code: "expandedfoods:gelatin-*", quantity: 1 },],
    dependsOn: [{ "modid": "acorns" }, { "modid": "wildcraftfruit" }]
 },
 {
   file: "expandedfoods:recipes/kneading/acorns/acornberrydough.json",
    "side": "server",
    op: "addeach", 
    path: "/2/ingredients/2/inputs/-", 
    value: [{ type: "item", code: "wildcraftfruit:fruit-*",  quantity: 1 }, { type: "item", code: "expandedfoods:wilddryfruit-*",  quantity: 1 }, { type: "item", code: "expandedfoods:wilddehydratedfruit-*",  quantity: 1 }, { type: "item", code: "expandedfoods:wildcandiedfruit-*",  quantity: 1 },],
    dependsOn: [{ "modid": "acorns" }, { "modid": "wildcraftfruit" }]
 },
 {
   file: "expandedfoods:recipes/kneading/acorns/acornberrydough.json",
    "side": "server",
    op: "addeach", 
    path: "/2/ingredients/3/inputs/-", 
    value: [{ type: "item", code: "wildcraftfruit:fruit-*",  quantity: 1 }, { type: "item", code: "expandedfoods:wilddryfruit-*",  quantity: 1 }, { type: "item", code: "expandedfoods:wilddehydratedfruit-*",  quantity: 1 }, { type: "item", code: "expandedfoods:wildcandiedfruit-*",  quantity: 1 },],
    dependsOn: [{ "modid": "acorns" }, { "modid": "wildcraftfruit" }]
 },
 {
   file: "expandedfoods:recipes/kneading/acorns/acornberrydough.json",
    "side": "server",
    op: "addeach", 
    path: "/3/ingredients/1/inputs/-", 
    value: [{ type: "item", code: "wildcraftfruit:fruit-*",  quantity: 1 }, { type: "item", code: "expandedfoods:wilddryfruit-*",  quantity: 1 }, { type: "item", code: "expandedfoods:wilddehydratedfruit-*",  quantity: 1 }, { type: "item", code: "expandedfoods:wildcandiedfruit-*",  quantity: 1 }, { type: "item", code: "expandedfoods:gelatin-*", quantity: 1 },],
    dependsOn: [{ "modid": "acorns" }, { "modid": "wildcraftfruit" }]
 },
 {
   file: "expandedfoods:recipes/kneading/acorns/acornberrydough.json",
    "side": "server",
    op: "addeach", 
    path: "/3/ingredients/2/inputs/-", 
    value: [{ type: "item", code: "wildcraftfruit:fruit-*",  quantity: 1 }, { type: "item", code: "expandedfoods:wilddryfruit-*",  quantity: 1 }, { type: "item", code: "expandedfoods:wilddehydratedfruit-*",  quantity: 1 }, { type: "item", code: "expandedfoods:wildcandiedfruit-*",  quantity: 1 },],
    dependsOn: [{ "modid": "acorns" }, { "modid": "wildcraftfruit" }]
 },
 {
   file: "expandedfoods:recipes/kneading/acorns/acornberrydough.json",
    "side": "server",
    op: "addeach", 
    path: "/4/ingredients/1/inputs/-", 
    value: [{ type: "item", code: "wildcraftfruit:fruit-*",  quantity: 1 }, { type: "item", code: "expandedfoods:wilddryfruit-*",  quantity: 1 }, { type: "item", code: "expandedfoods:wilddehydratedfruit-*",  quantity: 1 }, { type: "item", code: "expandedfoods:wildcandiedfruit-*",  quantity: 1 }, { type: "item", code: "expandedfoods:gelatin-*", quantity: 1 },],
    dependsOn: [{ "modid": "acorns" }, { "modid": "wildcraftfruit" }]
 },
]