[
    
    {
        "op": "add",
        "path": "/server/behaviors/9/aitasks/0/entityCodesByType/*/0",
        "value": "feverstonewilds:bison-*",
        "file": "game:entities/land/bear.json",
        "condition": { "when": "FSWBisonEnabled", "isValue": "true" }
    },
    {
        "op": "add",
        "path": "/server/behaviors/9/aitasks/3/entityCodesByType/*/0",
        "value": "feverstonewilds:bison-*",
        "file": "game:entities/land/bear.json",
        "condition": { "when": "FSWBisonEnabled", "isValue": "true" }
    },
    {
        "op": "add",
        "path": "/server/behaviors/9/aitasks/0/entityCodesByType/*/0",
        "value": "feverstonewilds:direwolf-*",
        "file": "game:entities/land/bear.json",
        "condition": { "when": "FSWDirewolfEnabled", "isValue": "true" }
    },
    {
        "op": "add",
        "path": "/server/behaviors/9/aitasks/3/entityCodesByType/*/0",
        "value": "feverstonewilds:direwolf-*",
        "file": "game:entities/land/bear.json",
        "condition": { "when": "FSWDirewolfEnabled", "isValue": "true" }
    },
    {
        "op": "add",
        "path": "/server/behaviors/9/aitasks/0/entityCodesByType/*/0",
        "value": "feverstonewilds:horse-female-*",
        "file": "game:entities/land/bear.json",
        "condition": { "when": "FSWHorseEnabled", "isValue": "true" }
    },
    {
        "op": "add",
        "path": "/server/behaviors/9/aitasks/3/entityCodesByType/*/0",
        "value": "feverstonewilds:horse-male-*",
        "file": "game:entities/land/bear.json",
        "condition": { "when": "FSWHorseEnabled", "isValue": "true" }
    },
 
    {
        "op": "add",
        "path": "/server/behaviors/9/aitasks/1/entityCodes/0",
        "value": "feverstonewilds:bison-calf",
        "file": "game:entities/land/hyena-male.json",
        "condition": { "when": "FSWBisonEnabled", "isValue": "true" }
    },
    {
        "op": "add",
        "path": "/server/behaviors/9/aitasks/3/entityCodes/0",
        "value": "feverstonewilds:bison-calf",
        "file": "game:entities/land/hyena-male.json",
        "condition": { "when": "FSWBisonEnabled", "isValue": "true" }
    },
    {
        "op": "add",
        "path": "/server/behaviors/10/aitasks/1/entityCodes/0",
        "value": "feverstonewilds:bison-calf",
        "file": "game:entities/land/hyena-female.json",
        "condition": { "when": "FSWBisonEnabled", "isValue": "true" }
    },
    {
        "op": "add",
        "path": "/server/behaviors/10/aitasks/3/entityCodes/0",
        "value": "feverstonewilds:bison-calf",
        "file": "game:entities/land/hyena-female.json",
        "condition": { "when": "FSWBisonEnabled", "isValue": "true" }
    },
    {
        "op": "add",
        "path": "/server/behaviors/9/aitasks/1/entityCodes/0",
        "value": "feverstonewilds:ostrich-*",
        "file": "game:entities/land/hyena-male.json",
        "condition": { "when": "FSWOstrichEnabled", "isValue": "true" }
    },
    {
        "op": "add",
        "path": "/server/behaviors/9/aitasks/3/entityCodes/0",
        "value": "feverstonewilds:ostrich-*",
        "file": "game:entities/land/hyena-male.json",
        "condition": { "when": "FSWOstrichEnabled", "isValue": "true" }
    },
    {
        "op": "add",
        "path": "/server/behaviors/9/aitasks/1/entityCodes/0",
        "value": "feverstonewilds:tame-ostrich-*",
        "file": "game:entities/land/hyena-male.json",
        "condition": { "when": "FSWOstrichEnabled", "isValue": "true" }
    },
    {
        "op": "add",
        "path": "/server/behaviors/9/aitasks/3/entityCodes/0",
        "value": "feverstonewilds:tame-ostrich-*",
        "file": "game:entities/land/hyena-male.json",
        "condition": { "when": "FSWOstrichEnabled", "isValue": "true" }
    },
    {
        "op": "add",
        "path": "/server/behaviors/10/aitasks/1/entityCodes/0",
        "value": "feverstonewilds:ostrich-*",
        "file": "game:entities/land/hyena-female.json",
        "condition": { "when": "FSWOstrichEnabled", "isValue": "true" }
    },
    {
        "op": "add",
        "path": "/server/behaviors/10/aitasks/3/entityCodes/0",
        "value": "feverstonewilds:ostrich-*",
        "file": "game:entities/land/hyena-female.json",
        "condition": { "when": "FSWOstrichEnabled", "isValue": "true" }
    },
    {
        "op": "add",
        "path": "/server/behaviors/10/aitasks/1/entityCodes/0",
        "value": "feverstonewilds:tame-ostrich-*",
        "file": "game:entities/land/hyena-female.json",
        "condition": { "when": "FSWOstrichEnabled", "isValue": "true" }
    },
    {
        "op": "add",
        "path": "/server/behaviors/10/aitasks/3/entityCodes/0",
        "value": "feverstonewilds:tame-ostrich-*",
        "file": "game:entities/land/hyena-female.json",
        "condition": { "when": "FSWOstrichEnabled", "isValue": "true" }
    },

    
    {
        "op": "add",
        "path": "/server/behaviors/10/aitasks/0/entityCodes/0",
        "value": "feverstonewilds:horse-female-*",
        "file": "game:entities/land/wolf-female.json",
        "condition": { "when": "FSWHorseEnabled", "isValue": "true" }
    },
    {
        "op": "add",
        "path": "/server/behaviors/10/aitasks/1/entityCodes/0",
        "value": "feverstonewilds:horse-female-*",
        "file": "game:entities/land/wolf-female.json",
        "condition": { "when": "FSWHorseEnabled", "isValue": "true" }
    },
    {
        "op": "add",
        "path": "/server/behaviors/10/aitasks/2/entityCodes/0",
        "value": "feverstonewilds:horse-female-*",
        "file": "game:entities/land/wolf-female.json",
        "condition": { "when": "FSWHorseEnabled", "isValue": "true" }
    },
    {
        "op": "add",
        "path": "/server/behaviors/9/aitasks/0/entityCodes/0",
        "value": "feverstonewilds:horse-female-*",
        "file": "game:entities/land/wolf-male.json",
        "condition": { "when": "FSWHorseEnabled", "isValue": "true" }
    },
    {
        "op": "add",
        "path": "/server/behaviors/9/aitasks/1/entityCodes/0",
        "value": "feverstonewilds:horse-female-*",
        "file": "game:entities/land/wolf-male.json",
        "condition": { "when": "FSWHorseEnabled", "isValue": "true" }
    },
    {
        "op": "add",
        "path": "/server/behaviors/9/aitasks/2/entityCodes/0",
        "value": "feverstonewilds:horse-female-*",
        "file": "game:entities/land/wolf-male.json",
        "condition": { "when": "FSWHorseEnabled", "isValue": "true" }
    },
    {
        "op": "add",
        "path": "/server/behaviors/10/aitasks/0/entityCodes/0",
        "value": "feverstonewilds:horse-male-*",
        "file": "game:entities/land/wolf-female.json",
        "condition": { "when": "FSWHorseEnabled", "isValue": "true" }
    },
    {
        "op": "add",
        "path": "/server/behaviors/10/aitasks/1/entityCodes/0",
        "value": "feverstonewilds:horse-male-*",
        "file": "game:entities/land/wolf-female.json",
        "condition": { "when": "FSWHorseEnabled", "isValue": "true" }
    },
    {
        "op": "add",
        "path": "/server/behaviors/10/aitasks/2/entityCodes/0",
        "value": "feverstonewilds:horse-male-*",
        "file": "game:entities/land/wolf-female.json",
        "condition": { "when": "FSWHorseEnabled", "isValue": "true" }
    },
    {
        "op": "add",
        "path": "/server/behaviors/9/aitasks/0/entityCodes/0",
        "value": "feverstonewilds:horse-male-*",
        "file": "game:entities/land/wolf-male.json",
        "condition": { "when": "FSWHorseEnabled", "isValue": "true" }
    },
    {
        "op": "add",
        "path": "/server/behaviors/9/aitasks/1/entityCodes/0",
        "value": "feverstonewilds:horse-male-*",
        "file": "game:entities/land/wolf-male.json",
        "condition": { "when": "FSWHorseEnabled", "isValue": "true" }
    },
    {
        "op": "add",
        "path": "/server/behaviors/9/aitasks/2/entityCodes/0",
        "value": "feverstonewilds:horse-male-*",
        "file": "game:entities/land/wolf-male.json",
        "condition": { "when": "FSWHorseEnabled", "isValue": "true" }
    },
    {
        "op": "add",
        "path": "/server/behaviors/10/aitasks/0/entityCodes/0",
        "value": "feverstonewilds:foal-*",
        "file": "game:entities/land/wolf-female.json",
        "condition": { "when": "FSWHorseEnabled", "isValue": "true" }
    },
    {
        "op": "add",
        "path": "/server/behaviors/10/aitasks/1/entityCodes/0",
        "value": "feverstonewilds:foal-*",
        "file": "game:entities/land/wolf-female.json",
        "condition": { "when": "FSWHorseEnabled", "isValue": "true" }
    },
    {
        "op": "add",
        "path": "/server/behaviors/10/aitasks/2/entityCodes/0",
        "value": "feverstonewilds:foal-*",
        "file": "game:entities/land/wolf-female.json",
        "condition": { "when": "FSWHorseEnabled", "isValue": "true" }
    },
    {
        "op": "add",
        "path": "/server/behaviors/9/aitasks/0/entityCodes/0",
        "value": "feverstonewilds:foal-*",
        "file": "game:entities/land/wolf-male.json",
        "condition": { "when": "FSWHorseEnabled", "isValue": "true" }
    },
    {
        "op": "add",
        "path": "/server/behaviors/9/aitasks/1/entityCodes/0",
        "value": "feverstonewilds:foal-*",
        "file": "game:entities/land/wolf-male.json",
        "condition": { "when": "FSWHorseEnabled", "isValue": "true" }
    },
    {
        "op": "add",
        "path": "/server/behaviors/9/aitasks/2/entityCodes/0",
        "value": "feverstonewilds:foal-*",
        "file": "game:entities/land/wolf-male.json",
        "condition": { "when": "FSWHorseEnabled", "isValue": "true" }
    },
    {
        "op": "add",
        "path": "/server/behaviors/10/aitasks/0/entityCodes/0",
        "value": "feverstonewilds:direwolf-*",
        "file": "game:entities/land/wolf-female.json",
        "condition": { "when": "FSWDirewolfEnabled", "isValue": "true" }
    },
    {
        "op": "add",
        "path": "/server/behaviors/10/aitasks/1/entityCodes/0",
        "value": "feverstonewilds:direwolf-*",
        "file": "game:entities/land/wolf-female.json",
        "condition": { "when": "FSWDirewolfEnabled", "isValue": "true" }
    },
    {
        "op": "add",
        "path": "/server/behaviors/10/aitasks/2/entityCodes/0",
        "value": "feverstonewilds:direwolf-*",
        "file": "game:entities/land/wolf-female.json",
        "condition": { "when": "FSWDirewolfEnabled", "isValue": "true" }
    },
    {
        "op": "add",
        "path": "/server/behaviors/9/aitasks/1/entityCodes/0",
        "value": "feverstonewilds:bison-*",
        "file": "game:entities/land/wolf-male.json",
        "condition": { "when": "FSWBisonEnabled", "isValue": "true" }
    },
    {
        "op": "add",
        "path": "/server/behaviors/9/aitasks/3/entityCodes/0",
        "value": "feverstonewilds:bison-*",
        "file": "game:entities/land/wolf-male.json",
        "condition": { "when": "FSWBisonEnabled", "isValue": "true" }
    },
    {
        "op": "add",
        "path": "/server/behaviors/10/aitasks/1/entityCodes/0",
        "value": "feverstonewilds:bison-*",
        "file": "game:entities/land/wolf-female.json",
        "condition": { "when": "FSWBisonEnabled", "isValue": "true" }
    },
    {
        "op": "add",
        "path": "/server/behaviors/10/aitasks/3/entityCodes/0",
        "value": "feverstonewilds:bison-*",
        "file": "game:entities/land/wolf-female.json",
        "condition": { "when": "FSWBisonEnabled", "isValue": "true" }
    },

    
    {
        "op": "add",
        "path": "/server/behaviors/10/aitasks/0/entityCodes/0",
        "value": "feverstonewilds:direwolf-*",
        "file": "game:entities/land/hare-female.json",
        "condition": { "when": "FSWDirewolfEnabled", "isValue": "true" }
    },
    {
        "op": "add",
        "path": "/server/behaviors/9/aitasks/0/entityCodes/0",
        "value": "feverstonewilds:direwolf-*",
        "file": "game:entities/land/hare-male.json",
        "condition": { "when": "FSWDirewolfEnabled", "isValue": "true" }
    },
    {
        "op": "add",
        "path": "/server/behaviors/9/aitasks/0/entityCodes/0",
        "value": "feverstonewilds:direwolf-*",
        "file": "game:entities/land/hare-baby.json",
        "condition": { "when": "FSWDirewolfEnabled", "isValue": "true" }
    },
    {
        "op": "add",
        "path": "/server/behaviors/10/aitasks/0/entityCodes/0",
        "value": "feverstonewilds:tame-direwolf-*",
        "file": "game:entities/land/hare-female.json",
        "condition": { "when": "FSWDirewolfEnabled", "isValue": "true" }
    },
    {
        "op": "add",
        "path": "/server/behaviors/9/aitasks/0/entityCodes/0",
        "value": "feverstonewilds:tame-direwolf-*",
        "file": "game:entities/land/hare-male.json",
        "condition": { "when": "FSWDirewolfEnabled", "isValue": "true" }
    },
    {
        "op": "add",
        "path": "/server/behaviors/9/aitasks/0/entityCodes/0",
        "value": "feverstonewilds:tame-direwolf-*",
        "file": "game:entities/land/hare-baby.json",
        "condition": { "when": "FSWDirewolfEnCockatriceabled", "isValue": "true" }
    },
    {
        "op": "add",
        "path": "/server/behaviors/10/aitasks/0/entityCodes/0",
        "value": "feverstonewilds:cockatrice",
        "file": "game:entities/land/hare-female.json",
        "condition": { "when": "FSWCockatriceEnabled", "isValue": "true" }
    },
    {
        "op": "add",
        "path": "/server/behaviors/9/aitasks/0/entityCodes/0",
        "value": "feverstonewilds:cockatrice",
        "file": "game:entities/land/hare-male.json",
        "condition": { "when": "FSWCockatriceEnabled", "isValue": "true" }
    },
    {
        "op": "add",
        "path": "/server/behaviors/9/aitasks/0/entityCodes/0",
        "value": "feverstonewilds:cockatrice",
        "file": "game:entities/land/hare-baby.json",
        "condition": { "when": "FSWCockatriceEnabled", "isValue": "true" }
    },
    {
        "op": "add",
        "path": "/server/behaviors/10/aitasks/0/entityCodes/0",
        "value": "feverstonewilds:tame-cockatrice",
        "file": "game:entities/land/hare-female.json",
        "condition": { "when": "FSWTameCockatriceEnabled", "isValue": "true" }
    },
    {
        "op": "add",
        "path": "/server/behaviors/9/aitasks/0/entityCodes/0",
        "value": "feverstonewilds:tame-cockatrice",
        "file": "game:entities/land/hare-male.json",
        "condition": { "when": "FSWTameCockatriceEnabled", "isValue": "true" }
    },
    {
        "op": "add",
        "path": "/server/behaviors/9/aitasks/0/entityCodes/0",
        "value": "feverstonewilds:tame-cockatrice",
        "file": "game:entities/land/hare-baby.json",
        "condition": { "when": "FSWTameCockatriceEnabled", "isValue": "true" }
    },

    
    {
        "op": "add",
        "path": "/server/behaviors/11/aitasks/0/entityCodes/0",
        "value": "feverstonewilds:direwolf-*",
        "file": "game:entities/land/chicken-hen.json",
        "condition": { "when": "FSWDirewolfEnabled", "isValue": "true" }
    },
    {
        "op": "add",
        "path": "/server/behaviors/10/aitasks/0/entityCodes/0",
        "value": "feverstonewilds:direwolf-*",
        "file": "game:entities/land/chicken-rooster.json",
        "condition": { "when": "FSWDirewolfEnabled", "isValue": "true" }
    },
    {
        "op": "add",
        "path": "/server/behaviors/10/aitasks/0/entityCodes/0",
        "value": "feverstonewilds:direwolf-*",
        "file": "game:entities/land/chicken-baby.json",
        "condition": { "when": "FSWDirewolfEnabled", "isValue": "true" }
    },
    {
        "op": "add",
        "path": "/server/behaviors/11/aitasks/0/entityCodes/0",
        "value": "feverstonewilds:tame-direwolf-*",
        "file": "game:entities/land/chicken-hen.json",
        "condition": { "when": "FSWDirewolfEnabled", "isValue": "true" }
    },
    {
        "op": "add",
        "path": "/server/behaviors/10/aitasks/0/entityCodes/0",
        "value": "feverstonewilds:tame-direwolf-*",
        "file": "game:entities/land/chicken-rooster.json",
        "condition": { "when": "FSWDirewolfEnabled", "isValue": "true" }
    },
    {
        "op": "add",
        "path": "/server/behaviors/10/aitasks/0/entityCodes/0",
        "value": "feverstonewilds:tame-direwolf-*",
        "file": "game:entities/land/chicken-baby.json",
        "condition": { "when": "FSWDirewolfEnabled", "isValue": "true" }
    },

    
    {
        "op": "add",
        "path": "/server/behaviors/9/aitasks/2/entityCodes/0",
        "value": "feverstonewilds:direwolf-*",
        "file": "game:entities/land/fox-female-arctic.json",
        "condition": { "when": "FSWDirewolfEnabled", "isValue": "true" }
    },
    {
        "op": "add",
        "path": "/server/behaviors/9/aitasks/2/entityCodes/0",
        "value": "feverstonewilds:direwolf-*",
        "file": "game:entities/land/fox-male-arctic.json",
        "condition": { "when": "FSWDirewolfEnabled", "isValue": "true" }
    },
    {
        "op": "add",
        "path": "/server/behaviors/9/aitasks/2/entityCodes/0",
        "value": "feverstonewilds:tame-direwolf-*",
        "file": "game:entities/land/fox-female-arctic.json",
        "condition": { "when": "FSWDirewolfEnabled", "isValue": "true" }
    },
    {
        "op": "add",
        "path": "/server/behaviors/9/aitasks/2/entityCodes/0",
        "value": "feverstonewilds:tame-direwolf-*",
        "file": "game:entities/land/fox-male-arctic.json",
        "condition": { "when": "FSWDirewolfEnabled", "isValue": "true" }
    },
    {
        "op": "add",
        "path": "/server/behaviors/9/aitasks/2/entityCodes/0",
        "value": "feverstonewilds:cockatrice",
        "file": "game:entities/land/fox-female-arctic.json",
        "condition": { "when": "FSWCockatriceEnabled", "isValue": "true" }
    },
    {
        "op": "add",
        "path": "/server/behaviors/9/aitasks/2/entityCodes/0",
        "value": "feverstonewilds:cockatrice",
        "file": "game:entities/land/fox-male-arctic.json",
        "condition": { "when": "FSWCockatriceEnabled", "isValue": "true" }
    },
    {
        "op": "add",
        "path": "/server/behaviors/9/aitasks/2/entityCodes/0",
        "value": "feverstonewilds:tame-cockatrice",
        "file": "game:entities/land/fox-female-arctic.json",
        "condition": { "when": "FSWTameCockatriceEnabled", "isValue": "true" }
    },
    {
        "op": "add",
        "path": "/server/behaviors/9/aitasks/2/entityCodes/0",
        "value": "feverstonewilds:tame-cockatrice",
        "file": "game:entities/land/fox-male-arctic.json",
        "condition": { "when": "FSWTameCockatriceEnabled", "isValue": "true" }
    },
    {
        "op": "add",
        "path": "/server/behaviors/10/aitasks/2/entityCodes/0",
        "value": "feverstonewilds:direwolf-*",
        "file": "game:entities/land/fox-female-red.json",
        "condition": { "when": "FSWDirewolfEnabled", "isValue": "true" }
    },
    {
        "op": "add",
        "path": "/server/behaviors/9/aitasks/2/entityCodes/0",
        "value": "feverstonewilds:direwolf-*",
        "file": "game:entities/land/fox-male-red.json",
        "condition": { "when": "FSWDirewolfEnabled", "isValue": "true" }
    },
    {
        "op": "add",
        "path": "/server/behaviors/9/aitasks/0/entityCodes/0",
        "value": "feverstonewilds:direwolf-*",
        "file": "game:entities/land/fox-pup.json",
        "condition": { "when": "FSWDirewolfEnabled", "isValue": "true" }
    },
    {
        "op": "add",
        "path": "/server/behaviors/10/aitasks/2/entityCodes/0",
        "value": "feverstonewilds:tame-direwolf-*",
        "file": "game:entities/land/fox-female-red.json",
        "condition": { "when": "FSWDirewolfEnabled", "isValue": "true" }
    },
    {
        "op": "add",
        "path": "/server/behaviors/9/aitasks/2/entityCodes/0",
        "value": "feverstonewilds:tame-direwolf-*",
        "file": "game:entities/land/fox-male-red.json",
        "condition": { "when": "FSWDirewolfEnabled", "isValue": "true" }
    },
    {
        "op": "add",
        "path": "/server/behaviors/9/aitasks/0/entityCodes/0",
        "value": "feverstonewilds:tame-direwolf-*",
        "file": "game:entities/land/fox-pup.json",
        "condition": { "when": "FSWDirewolfEnabled", "isValue": "true" }
    },
    {
        "op": "add",
        "path": "/server/behaviors/10/aitasks/2/entityCodes/0",
        "value": "feverstonewilds:cockatrice",
        "file": "game:entities/land/fox-female-red.json",
        "condition": { "when": "FSWCockatriceEnabled", "isValue": "true" }
    },
    {
        "op": "add",
        "path": "/server/behaviors/9/aitasks/2/entityCodes/0",
        "value": "feverstonewilds:cockatrice",
        "file": "game:entities/land/fox-male-red.json",
        "condition": { "when": "FSWCockatriceEnabled", "isValue": "true" }
    },
    {
        "op": "add",
        "path": "/server/behaviors/9/aitasks/0/entityCodes/0",
        "value": "feverstonewilds:cockatrice",
        "file": "game:entities/land/fox-pup.json",
        "condition": { "when": "FSWCockatriceEnabled", "isValue": "true" }
    },
    {
        "op": "add",
        "path": "/server/behaviors/10/aitasks/2/entityCodes/0",
        "value": "feverstonewilds:tame-cockatrice",
        "file": "game:entities/land/fox-female-red.json",
        "condition": { "when": "FSWTameCockatriceEnabled", "isValue": "true" }
    },
    {
        "op": "add",
        "path": "/server/behaviors/9/aitasks/2/entityCodes/0",
        "value": "feverstonewilds:tame-cockatrice",
        "file": "game:entities/land/fox-male-red.json",
        "condition": { "when": "FSWTameCockatriceEnabled", "isValue": "true" }
    },
    {
        "op": "add",
        "path": "/server/behaviors/9/aitasks/0/entityCodes/0",
        "value": "feverstonewilds:tame-cockatrice",
        "file": "game:entities/land/fox-pup.json",
        "condition": { "when": "FSWTameCockatriceEnabled", "isValue": "true" }
    },

    
    {
        "op": "add",
        "path": "/server/behaviors/9/aitasks/2/entityCodes/0",
        "value": "feverstonewilds:direwolf-*",
        "file": "game:entities/land/raccoon-female.json",
        "condition": { "when": "FSWDirewolfEnabled", "isValue": "true" }
    },
    {
        "op": "add",
        "path": "/server/behaviors/9/aitasks/2/entityCodes/0",
        "value": "feverstonewilds:direwolf-*",
        "file": "game:entities/land/raccoon-male.json",
        "condition": { "when": "FSWDirewolfEnabled", "isValue": "true" }
    },
    {
        "op": "add",
        "path": "/server/behaviors/9/aitasks/0/entityCodes/0",
        "value": "feverstonewilds:direwolf-*",
        "file": "game:entities/land/raccoon-pup.json",
        "condition": { "when": "FSWDirewolfEnabled", "isValue": "true" }
    },
    {
        "op": "add",
        "path": "/server/behaviors/9/aitasks/2/entityCodes/0",
        "value": "feverstonewilds:tame-direwolf-*",
        "file": "game:entities/land/raccoon-female.json",
        "condition": { "when": "FSWDirewolfEnabled", "isValue": "true" }
    },
    {
        "op": "add",
        "path": "/server/behaviors/9/aitasks/2/entityCodes/0",
        "value": "feverstonewilds:tame-direwolf-*",
        "file": "game:entities/land/raccoon-male.json",
        "condition": { "when": "FSWDirewolfEnabled", "isValue": "true" }
    },
    {
        "op": "add",
        "path": "/server/behaviors/9/aitasks/0/entityCodes/0",
        "value": "feverstonewilds:tame-direwolf-*",
        "file": "game:entities/land/raccoon-pup.json",
        "condition": { "when": "FSWDirewolfEnabled", "isValue": "true" }
    },
    {
        "op": "add",
        "path": "/server/behaviors/9/aitasks/2/entityCodes/0",
        "value": "feverstonewilds:cockatrice",
        "file": "game:entities/land/raccoon-female.json",
        "condition": { "when": "FSWCockatriceEnabled", "isValue": "true" }
    },
    {
        "op": "add",
        "path": "/server/behaviors/9/aitasks/2/entityCodes/0",
        "value": "feverstonewilds:cockatrice",
        "file": "game:entities/land/raccoon-male.json",
        "condition": { "when": "FSWCockatriceEnabled", "isValue": "true" }
    },
    {
        "op": "add",
        "path": "/server/behaviors/9/aitasks/0/entityCodes/0",
        "value": "feverstonewilds:cockatrice",
        "file": "game:entities/land/raccoon-pup.json",
        "condition": { "when": "FSWCockatriceEnabled", "isValue": "true" }
    },
    {
        "op": "add",
        "path": "/server/behaviors/9/aitasks/2/entityCodes/0",
        "value": "feverstonewilds:tame-cockatrice",
        "file": "game:entities/land/raccoon-female.json",
        "condition": { "when": "FSWTameCockatriceEnabled", "isValue": "true" }
    },
    {
        "op": "add",
        "path": "/server/behaviors/9/aitasks/2/entityCodes/0",
        "value": "feverstonewilds:tame-cockatrice",
        "file": "game:entities/land/raccoon-male.json",
        "condition": { "when": "FSWTameCockatriceEnabled", "isValue": "true" }
    },
    {
        "op": "add",
        "path": "/server/behaviors/9/aitasks/0/entityCodes/0",
        "value": "feverstonewilds:tame-cockatrice",
        "file": "game:entities/land/raccoon-pup.json",
        "condition": { "when": "FSWTameCockatriceEnabled", "isValue": "true" }
    }
]