{
	"code": "halvedpapyrusroot",
	"class": "fogreeditem",
	"texture": { "base": "fieldsofgold:items/halvedpapyrusroot" },
	"creativeinventory": {
		"general": [ "*" ],
		"items": [ "*" ]
	},
	"maxstacksize": 64,
	"materialDensity": 100,
	"transitionableProps": [{
			type: "Perish",
			freshHours: { avg: 168 },
			transitionHours: { avg: 72 },
			transitionedStack: { type: "item", code: "game:rot" },
			transitionRatio: 0.55
		}],
	"guiTransform": {
		"rotation": {
			"x": -3,
			"y": 35,
			"z": -154
		},
		"origin": {
			"x": 0.5,
			"y": 0.5,
			"z": 0.5
		},
		"scale": 1.00
	},
	"fpHandTransform": {
		"translation": {
			"x": 0,
			"y": -0.2,
			"z": 0
		},
		"rotation": {
			"x": -45,
			"y": 104,
			"z": -33
		},
		"scale": 1.0
	},
	"tpHandTransform": {
		"translation": {
			"x": -1,
			"y": -1.1,
			"z": -1
		},
		"rotation": {
			"x": 7,
			"y": 3,
			"z": -88
		},
		"scale": 0.5
	},
	"groundTransform": {
		"scale": 1.0
	},
	"combustibleProps": {
		"meltingPoint": 150,
		"maxTemperature": 300,
		"meltingDuration": 30,
		"smeltingType": "cook",
		"smeltedRatio": 1,
		"smeltedStack": {
			"type": "item",
			"code": "vegetable-cookedhalvedpapyrusroot"
		},
		"requiresContainer": false
	}
}