{
	"editor": {
		"allAngles": false,
		"entityTextureMode": false
	},
	"textureWidth": 16,
	"textureHeight": 16,
	"textureSizes": {
	},
	"textures": {
		"normal-side": "game:block/wood/planks/bamboosmooth",
		"bamboo-side": "game:block/wood/planks/bamboo-side",
		"bamboo-top": "game:block/wood/planks/bamboo-top",
		"snowcover": "game:block/liquid/snow/normal1"
	},
	"elements": [
		{
			"name": "Cube1",
			"from": [ 8.0, 0.0, 8.0 ], 
			"to": [ 8.0, 0.0, 8.0 ], 
			"rotationOrigin": [ 8.0, 0.0, 8.0 ],
			"faces": {
				"north": { "texture": "#normal-side", "uv": [ 0.0, 0.0, 0.5, 0.5 ] },
				"east": { "texture": "#normal-side", "uv": [ 0.0, 0.0, 0.5, 0.5 ] },
				"south": { "texture": "#normal-side", "uv": [ 0.0, 0.0, 0.5, 0.5 ] },
				"west": { "texture": "#normal-side", "uv": [ 0.0, 0.0, 0.5, 0.5 ] },
				"up": { "texture": "#normal-side", "uv": [ 0.0, 0.0, 0.5, 0.5 ] },
				"down": { "texture": "#normal-side", "uv": [ 0.0, 0.0, 0.5, 0.5 ] }
			},
			"children": [
				{
					"name": "OriginShallowLower",
					"from": [ 8.0083, 0.0, -7.9972 ], 
					"to": [ 8.0083, 0.0, -7.9972 ], 
					"rotationOrigin": [ 0.0, 0.0, 0.0 ],
					"rotationY": -89.98,
					"faces": {
						"north": { "texture": "#normal-side", "uv": [ 0.0, 0.0, 0.5, 0.5 ] },
						"east": { "texture": "#normal-side", "uv": [ 0.0, 0.0, 0.5, 0.5 ] },
						"south": { "texture": "#normal-side", "uv": [ 0.0, 0.0, 0.5, 0.5 ] },
						"west": { "texture": "#normal-side", "uv": [ 0.0, 0.0, 0.5, 0.5 ] },
						"up": { "texture": "#normal-side", "uv": [ 0.0, 0.0, 0.5, 0.5 ] },
						"down": { "texture": "#normal-side", "uv": [ 0.0, 0.0, 0.5, 0.5 ] }
					},
					"children": [
						{
							"name": "base horizontal31",
							"from": [ -7.9, 0.0, 0.1 ], 
							"to": [ 0.1, 6.0, 15.9 ], 
							"rotationOrigin": [ -7.9, 0.0, 0.1 ],
							"faces": {
								"north": { "texture": "#bamboo-side", "uv": [ 0.0, 8.0, 8.0, 14.0 ] },
								"east": { "texture": "#bamboo-side", "uv": [ 0.0, 0.0, 15.5, 6.0 ] },
								"south": { "texture": "#bamboo-side", "uv": [ 0.0, 8.0, 8.0, 14.0 ] },
								"west": { "texture": "#bamboo-side", "uv": [ 0.5, 8.0, 16.0, 14.0 ] },
								"up": { "texture": "#bamboo-side", "uv": [ 0.0, 0.0, 8.0, 15.5 ] },
								"down": { "texture": "#bamboo-side", "uv": [ 0.0, 0.0, 8.0, 15.5 ] }
							}
						},
						{
							"name": "base horizontal16",
							"from": [ -16.0, 0.0, 0.1 ], 
							"to": [ -8.0, 4.0, 15.9 ], 
							"rotationOrigin": [ -16.0, 0.0, 0.1 ],
							"faces": {
								"north": { "texture": "#bamboo-side", "uv": [ 0.0, 0.0, 8.0, 4.0 ] },
								"east": { "texture": "#bamboo-side", "uv": [ 0.0, 9.5, 15.5, 13.5 ] },
								"south": { "texture": "#bamboo-side", "uv": [ 0.0, 0.0, 8.0, 4.0 ] },
								"west": { "texture": "#bamboo-side", "uv": [ 0.0, 0.0, 15.5, 4.0 ] },
								"up": { "texture": "#bamboo-side", "uv": [ 0.0, 0.0, 8.0, 15.5 ] },
								"down": { "texture": "#bamboo-side", "uv": [ 0.0, 0.0, 8.0, 15.5 ] }
							}
						},
						{
							"name": "slanted down25",
							"from": [ -20.0, -2.0, 0.0 ], 
							"to": [ -4.0, 3.0, 12.0 ], 
							"rotationOrigin": [ -20.0, -2.0, 8.0 ],
							"rotationZ": 21.5,
							"faces": {
								"north": { "texture": "#normal-side", "uv": [ 5.5, 0.0, 10.5, 16.0 ], "rotation": 270 },
								"east": { "texture": "#bamboo-top", "uv": [ 0.0, 0.0, 12.0, 5.0 ], "enabled": false },
								"south": { "texture": "#normal-side", "uv": [ 8.5, 0.0, 13.5, 16.0 ], "rotation": 90 },
								"west": { "texture": "#bamboo-top", "uv": [ 0.0, 0.0, 12.0, 5.0 ] },
								"up": { "texture": "#normal-side", "uv": [ 0.0, 0.0, 12.0, 16.0 ], "rotation": 90, "windMode": [-1,-1,-1,-1] },
								"down": { "texture": "#normal-side", "uv": [ 0.0, 0.0, 12.0, 16.0 ], "rotation": 90 }
							},
							"children": [
								{
									"name": "slanted down30",
									"from": [ 16.0, 0.0, 0.0 ], 
									"to": [ 22.0, 5.0, 8.0 ], 
									"rotationOrigin": [ 26.0, 0.0, 8.0 ],
									"faces": {
										"north": { "texture": "#normal-side", "uv": [ 5.5, 0.0, 10.5, 6.0 ], "rotation": 270 },
										"east": { "texture": "#bamboo-top", "uv": [ 0.0, 0.0, 8.0, 5.0 ] },
										"south": { "texture": "#normal-side", "uv": [ 8.5, 0.0, 13.5, 6.0 ], "rotation": 90 },
										"west": { "texture": "#bamboo-top", "uv": [ 0.0, 0.0, 8.0, 5.0 ], "enabled": false },
										"up": { "texture": "#normal-side", "uv": [ 0.0, 0.0, 8.0, 6.0 ], "rotation": 90, "windMode": [-1,-1,-1,-1] },
										"down": { "texture": "#normal-side", "uv": [ 0.0, 0.0, 8.0, 6.0 ], "rotation": 90 }
									}
								},
								{
									"name": "slanted down12",
									"from": [ 0.0, 0.0, 12.0 ], 
									"to": [ 11.0, 5.0, 16.0 ], 
									"rotationOrigin": [ 0.0, 0.0, 20.0 ],
									"faces": {
										"north": { "texture": "#normal-side", "uv": [ 5.5, 0.0, 10.5, 11.0 ], "rotation": 270 },
										"east": { "texture": "#bamboo-top", "uv": [ 0.0, 0.0, 4.0, 5.0 ], "enabled": false },
										"south": { "texture": "#normal-side", "uv": [ 8.5, 0.0, 13.5, 11.0 ], "rotation": 90 },
										"west": { "texture": "#bamboo-top", "uv": [ 0.0, 0.0, 4.0, 5.0 ] },
										"up": { "texture": "#normal-side", "uv": [ 0.0, 0.0, 4.0, 11.0 ], "rotation": 90 },
										"down": { "texture": "#normal-side", "uv": [ 0.0, 0.0, 4.0, 11.0 ], "rotation": 90 }
									}
								},
								{
									"name": "snowlayer1",
									"from": [ 0.0, 5.01, 0.0 ], 
									"to": [ 11.0, 6.91, 16.0 ], 
									"rotationOrigin": [ 6.0, 5.0, 8.0 ],
									"rotationX": 0.0,
									"rotationY": 0.0,
									"rotationZ": 0.0,
									"faces": {
										"north": { "texture": "#snowcover", "uv": [ 5.5, 0.0, 7.0, 11.0 ], "rotation": 270 },
										"east": { "texture": "#snowcover", "uv": [ 0.0, 0.0, 16.0, 1.5 ], "enabled": false },
										"south": { "texture": "#snowcover", "uv": [ 8.5, 0.0, 10.0, 11.0 ], "rotation": 90 },
										"west": { "texture": "#snowcover", "uv": [ 0.0, 0.0, 16.0, 1.5 ] },
										"up": { "texture": "#snowcover", "uv": [ 0.0, 0.0, 16.0, 11.0 ], "rotation": 90 },
										"down": { "texture": "#snowcover", "uv": [ 0.0, 0.0, 16.0, 11.0 ], "rotation": 90, "enabled": false }
									}
								},
								{
									"name": "snowlayer2",
									"from": [ 11.0, 5.01, 0.0 ], 
									"to": [ 22.0, 6.91, 8.0 ], 
									"rotationOrigin": [ 17.0, 5.0, 8.0 ],
									"rotationX": 0.0,
									"rotationY": 0.0,
									"rotationZ": 0.0,
									"faces": {
										"north": { "texture": "#snowcover", "uv": [ 5.5, 0.0, 7.0, 11.0 ], "rotation": 270 },
										"east": { "texture": "#snowcover", "uv": [ 0.0, 0.0, 8.0, 1.5 ] },
										"south": { "texture": "#snowcover", "uv": [ 8.5, 0.0, 10.0, 11.0 ], "rotation": 90 },
										"west": { "texture": "#snowcover", "uv": [ 0.0, 0.0, 8.0, 1.5 ], "enabled": false },
										"up": { "texture": "#snowcover", "uv": [ 0.0, 0.0, 8.0, 11.0 ], "rotation": 90 },
										"down": { "texture": "#snowcover", "uv": [ 0.0, 0.0, 8.0, 11.0 ], "rotation": 90, "enabled": false }
									}
								},
								{
									"name": "snowlayer18",
									"from": [ 11.0, 5.01, 8.0 ], 
									"to": [ 16.0, 6.91, 13.0 ], 
									"rotationOrigin": [ 17.0, 5.0, 16.0 ],
									"rotationX": 0.0,
									"rotationY": 0.0,
									"rotationZ": 0.0,
									"faces": {
										"north": { "texture": "#snowcover", "uv": [ 5.5, 0.0, 7.0, 5.0 ], "rotation": 270 },
										"east": { "texture": "#snowcover", "uv": [ 0.0, 0.0, 5.0, 1.5 ] },
										"south": { "texture": "#snowcover", "uv": [ 8.5, 0.0, 10.0, 5.0 ], "rotation": 90 },
										"west": { "texture": "#snowcover", "uv": [ 0.0, 0.0, 5.0, 1.5 ], "enabled": false },
										"up": { "texture": "#snowcover", "uv": [ 0.0, 0.0, 5.0, 5.0 ], "rotation": 90 },
										"down": { "texture": "#snowcover", "uv": [ 0.0, 0.0, 5.0, 5.0 ], "rotation": 90, "enabled": false }
									}
								}
							]
						}
					]
				},
				{
					"name": "OriginShallowLower42",
					"from": [ 8.0, 0.0, -8.0 ], 
					"to": [ 8.0, 0.0, -8.0 ], 
					"faces": {
						"north": { "texture": "#normal-side", "uv": [ 0.0, 0.0, 0.5, 0.5 ] },
						"east": { "texture": "#normal-side", "uv": [ 0.0, 0.0, 0.5, 0.5 ] },
						"south": { "texture": "#normal-side", "uv": [ 0.0, 0.0, 0.5, 0.5 ] },
						"west": { "texture": "#normal-side", "uv": [ 0.0, 0.0, 0.5, 0.5 ] },
						"up": { "texture": "#normal-side", "uv": [ 0.0, 0.0, 0.5, 0.5 ] },
						"down": { "texture": "#normal-side", "uv": [ 0.0, 0.0, 0.5, 0.5 ] }
					},
					"children": [
						{
							"name": "base horizontal43",
							"from": [ -7.9, -0.1, 0.1 ], 
							"to": [ 0.1, 5.8, 15.9 ], 
							"rotationOrigin": [ -7.9, -0.1, 0.1 ],
							"faces": {
								"north": { "texture": "#bamboo-side", "uv": [ 0.0, 8.0, 8.0, 13.5 ] },
								"east": { "texture": "#bamboo-side", "uv": [ 0.0, 0.0, 15.5, 5.5 ] },
								"south": { "texture": "#bamboo-side", "uv": [ 0.0, 8.0, 8.0, 13.5 ] },
								"west": { "texture": "#bamboo-side", "uv": [ 0.5, 8.0, 16.0, 13.5 ] },
								"up": { "texture": "#bamboo-side", "uv": [ 0.0, 0.0, 8.0, 15.5 ] },
								"down": { "texture": "#bamboo-side", "uv": [ 0.0, 0.0, 8.0, 15.5 ] }
							}
						},
						{
							"name": "base horizontal44",
							"from": [ -16.0, 0.1, 0.1 ], 
							"to": [ -8.0, 4.0, 15.9 ], 
							"rotationOrigin": [ -16.0, 0.1, 0.1 ],
							"faces": {
								"north": { "texture": "#bamboo-side", "uv": [ 0.0, 0.0, 8.0, 3.5 ] },
								"east": { "texture": "#bamboo-side", "uv": [ 0.0, 9.5, 15.5, 13.0 ] },
								"south": { "texture": "#bamboo-side", "uv": [ 0.0, 0.0, 8.0, 3.5 ] },
								"west": { "texture": "#bamboo-side", "uv": [ 0.0, 0.0, 15.5, 3.5 ] },
								"up": { "texture": "#bamboo-side", "uv": [ 0.0, 0.0, 8.0, 15.5 ] },
								"down": { "texture": "#bamboo-side", "uv": [ 0.0, 0.0, 8.0, 15.5 ] }
							}
						},
						{
							"name": "slanted down45",
							"from": [ -20.0, -2.0, 4.0 ], 
							"to": [ -4.0, 3.0, 16.0 ], 
							"rotationOrigin": [ -20.0, -2.0, 12.0 ],
							"rotationZ": 21.5,
							"faces": {
								"north": { "texture": "#normal-side", "uv": [ 5.5, 0.0, 10.5, 16.0 ], "rotation": 270 },
								"east": { "texture": "#bamboo-top", "uv": [ 0.0, 0.0, 12.0, 5.0 ], "enabled": false },
								"south": { "texture": "#normal-side", "uv": [ 8.5, 0.0, 13.5, 16.0 ], "rotation": 90 },
								"west": { "texture": "#bamboo-top", "uv": [ 0.0, 0.0, 12.0, 5.0 ] },
								"up": { "texture": "#normal-side", "uv": [ 0.0, 0.0, 12.0, 16.0 ], "rotation": 90, "windMode": [-1,-1,-1,-1] },
								"down": { "texture": "#normal-side", "uv": [ 0.0, 0.0, 12.0, 16.0 ], "rotation": 90 }
							},
							"children": [
								{
									"name": "slanted down46",
									"from": [ 16.0, 0.0, 4.0 ], 
									"to": [ 22.0, 5.0, 12.0 ], 
									"rotationOrigin": [ 26.0, 0.0, 12.0 ],
									"faces": {
										"north": { "texture": "#normal-side", "uv": [ 5.5, 0.0, 10.5, 6.0 ], "rotation": 270 },
										"east": { "texture": "#bamboo-top", "uv": [ 0.0, 0.0, 8.0, 5.0 ] },
										"south": { "texture": "#normal-side", "uv": [ 8.5, 0.0, 13.5, 6.0 ], "rotation": 90 },
										"west": { "texture": "#bamboo-top", "uv": [ 0.0, 0.0, 8.0, 5.0 ], "enabled": false },
										"up": { "texture": "#normal-side", "uv": [ 0.0, 0.0, 8.0, 6.0 ], "rotation": 90, "windMode": [-1,-1,-1,-1] },
										"down": { "texture": "#normal-side", "uv": [ 0.0, 0.0, 8.0, 6.0 ], "rotation": 90 }
									}
								},
								{
									"name": "slanted down13",
									"from": [ 0.0, 0.0, -4.0 ], 
									"to": [ 11.0, 5.0, 0.0 ], 
									"rotationOrigin": [ 0.0, 0.0, 4.0 ],
									"faces": {
										"north": { "texture": "#normal-side", "uv": [ 5.5, 0.0, 10.5, 11.0 ], "rotation": 270 },
										"east": { "texture": "#bamboo-top", "uv": [ 0.0, 0.0, 4.0, 5.0 ], "enabled": false },
										"south": { "texture": "#normal-side", "uv": [ 8.5, 0.0, 13.5, 11.0 ], "rotation": 90 },
										"west": { "texture": "#bamboo-top", "uv": [ 0.0, 0.0, 4.0, 5.0 ] },
										"up": { "texture": "#normal-side", "uv": [ 0.0, 0.0, 4.0, 11.0 ], "rotation": 90 },
										"down": { "texture": "#normal-side", "uv": [ 0.0, 0.0, 4.0, 11.0 ], "rotation": 90 }
									}
								},
								{
									"name": "snowlayer47",
									"from": [ 0.0, 5.01, -4.0 ], 
									"to": [ 11.0, 6.91, 12.0 ], 
									"rotationOrigin": [ 6.0, 5.0, 4.0 ],
									"faces": {
										"north": { "texture": "#snowcover", "uv": [ 5.5, 0.0, 7.0, 11.0 ], "rotation": 270 },
										"east": { "texture": "#snowcover", "uv": [ 0.0, 0.0, 16.0, 1.5 ], "enabled": false },
										"south": { "texture": "#snowcover", "uv": [ 8.5, 0.0, 10.0, 11.0 ], "rotation": 90 },
										"west": { "texture": "#snowcover", "uv": [ 0.0, 0.0, 16.0, 1.5 ] },
										"up": { "texture": "#snowcover", "uv": [ 0.0, 0.0, 16.0, 11.0 ], "rotation": 90 },
										"down": { "texture": "#snowcover", "uv": [ 0.0, 0.0, 16.0, 11.0 ], "rotation": 90, "enabled": false }
									}
								},
								{
									"name": "snowlayer48",
									"from": [ 11.0, 5.01, 4.0 ], 
									"to": [ 22.0, 6.91, 12.0 ], 
									"rotationOrigin": [ 17.0, 5.0, 12.0 ],
									"faces": {
										"north": { "texture": "#snowcover", "uv": [ 5.5, 0.0, 7.0, 11.0 ], "rotation": 270 },
										"east": { "texture": "#snowcover", "uv": [ 0.0, 0.0, 8.0, 1.5 ] },
										"south": { "texture": "#snowcover", "uv": [ 8.5, 0.0, 10.0, 11.0 ], "rotation": 90 },
										"west": { "texture": "#snowcover", "uv": [ 0.0, 0.0, 8.0, 1.5 ], "enabled": false },
										"up": { "texture": "#snowcover", "uv": [ 0.0, 0.0, 8.0, 11.0 ], "rotation": 90 },
										"down": { "texture": "#snowcover", "uv": [ 0.0, 0.0, 8.0, 11.0 ], "rotation": 90, "enabled": false }
									}
								},
								{
									"name": "snowlayer19",
									"from": [ 11.0, 5.01, -1.0 ], 
									"to": [ 16.0, 6.91, 4.0 ], 
									"rotationOrigin": [ 17.0, 5.0, 7.0 ],
									"faces": {
										"north": { "texture": "#snowcover", "uv": [ 5.5, 0.0, 7.0, 5.0 ], "rotation": 270 },
										"east": { "texture": "#snowcover", "uv": [ 0.0, 0.0, 5.0, 1.5 ] },
										"south": { "texture": "#snowcover", "uv": [ 8.5, 0.0, 10.0, 5.0 ], "rotation": 90 },
										"west": { "texture": "#snowcover", "uv": [ 0.0, 0.0, 5.0, 1.5 ], "enabled": false },
										"up": { "texture": "#snowcover", "uv": [ 0.0, 0.0, 5.0, 5.0 ], "rotation": 90 },
										"down": { "texture": "#snowcover", "uv": [ 0.0, 0.0, 5.0, 5.0 ], "rotation": 90, "enabled": false }
									}
								}
							]
						}
					]
				}
			]
		}
	]}