{
	"editor": {
		"allAngles": false,
		"entityTextureMode": false
	},
	"textureWidth": 16,
	"textureHeight": 16,
	"textureSizes": {
	},
	"textures": {
		"material": "game:block/wood/planks/oak3",
		"snowcover": "game:block/liquid/snow/normal*"
	},
	"elements": [
		{
			"name": "Cube1",
			"from": [ 0.0, 0.0, 0.0 ], 
			"to": [ 0.0, 0.0, 0.0 ], 
			"rotationOrigin": [ 8.0, 0.0, 8.0 ],
			"faces": {
				"north": { "texture": "#material", "uv": [ 0.0, 0.0, 0.5, 0.5 ] },
				"east": { "texture": "#material", "uv": [ 0.0, 0.0, 0.5, 0.5 ] },
				"south": { "texture": "#material", "uv": [ 0.0, 0.0, 0.5, 0.5 ] },
				"west": { "texture": "#material", "uv": [ 0.0, 0.0, 0.5, 0.5 ] },
				"up": { "texture": "#material", "uv": [ 0.0, 0.0, 0.5, 0.5 ] },
				"down": { "texture": "#material", "uv": [ 0.0, 0.0, 0.5, 0.5 ] }
			},
			"children": [
				{
					"name": "RoofRoot",
					"from": [ 7.0E-4, 0.0, 3.0 ], 
					"to": [ 7.0E-4, 0.0, 3.0 ], 
					"rotationOrigin": [ 8.0, 0.0, 8.0 ],
					"rotationY": -90.0,
					"faces": {
						"north": { "texture": "#material", "uv": [ 0.0, 0.0, 0.5, 0.5 ], "enabled": false },
						"east": { "texture": "#material", "uv": [ 0.0, 0.0, 0.5, 0.5 ], "enabled": false },
						"south": { "texture": "#material", "uv": [ 0.0, 0.0, 0.5, 0.5 ], "enabled": false },
						"west": { "texture": "#material", "uv": [ 0.0, 0.0, 0.5, 0.5 ], "enabled": false },
						"up": { "texture": "#material", "uv": [ 0.0, 0.0, 0.5, 0.5 ], "enabled": false },
						"down": { "texture": "#material", "uv": [ 0.0, 0.0, 0.5, 0.5 ], "enabled": false }
					},
					"children": [
						{
							"name": "Roof1",
							"from": [ -1.02, 12.9997, -0.8997 ], 
							"to": [ 4.0, 19.9997, 1.6003 ], 
							"rotationOrigin": [ -1.0, 12.9497, 0.0503 ],
							"rotationX": -45.0,
							"faces": {
								"north": { "texture": "#material", "uv": [ 0.0, 11.5, 7.0, 16.0 ], "rotation": 90, "autoUv": false },
								"east": { "texture": "#material", "uv": [ 0.0, 0.5, 7.0, 3.0 ], "rotation": 90, "autoUv": false },
								"south": { "texture": "#material", "uv": [ 0.0, 11.5, 7.0, 16.0 ], "rotation": 90, "autoUv": false },
								"west": { "texture": "#material", "uv": [ 0.0, 0.5, 7.0, 3.0 ], "rotation": 90, "autoUv": false },
								"up": { "texture": "#material", "uv": [ 0.0, 0.0, 2.5, 4.5 ], "rotation": 90, "autoUv": false },
								"down": { "texture": "#material", "uv": [ 0.0, 0.0, 2.5, 4.5 ], "rotation": 90, "autoUv": false, "windMode": [-1,-1,-1,-1] }
							},
							"children": [
								{
									"name": "Roof2",
									"from": [ 5.0, 0.0, 0.0 ], 
									"to": [ 9.0, 7.0, 2.0 ], 
									"rotationOrigin": [ 5.02, -0.05, 0.95 ],
									"faces": {
										"north": { "texture": "#material", "uv": [ 0.0, 11.5, 7.0, 16.0 ], "rotation": 90, "autoUv": false },
										"east": { "texture": "#material", "uv": [ 0.0, 0.0, 2.0, 16.0 ], "enabled": false, "autoUv": false },
										"south": { "texture": "#material", "uv": [ 0.0, 0.5, 7.0, 5.0 ], "rotation": 90, "autoUv": false },
										"west": { "texture": "#material", "uv": [ 0.0, 0.0, 2.5, 16.0 ], "enabled": false, "autoUv": false },
										"up": { "texture": "#material", "uv": [ 0.0, 0.0, 2.5, 4.5 ], "rotation": 90, "autoUv": false },
										"down": { "texture": "#material", "uv": [ 0.0, 0.0, 16.0, 2.0 ], "enabled": false, "autoUv": false }
									}
								},
								{
									"name": "Roof3",
									"from": [ 9.0, 0.0, 0.0 ], 
									"to": [ 13.0, 7.0, 2.5 ], 
									"rotationOrigin": [ 9.02, -0.05, 0.95 ],
									"faces": {
										"north": { "texture": "#material", "uv": [ 9.0, 11.5, 16.0, 16.0 ], "rotation": 90, "autoUv": false },
										"east": { "texture": "#material", "uv": [ 0.0, 0.0, 7.0, 4.5 ], "rotation": 90, "autoUv": false },
										"south": { "texture": "#material", "uv": [ 0.0, 6.0, 7.0, 10.5 ], "rotation": 90, "autoUv": false },
										"west": { "texture": "#material", "uv": [ 0.0, 6.0, 7.0, 10.5 ], "rotation": 90, "autoUv": false },
										"up": { "texture": "#material", "uv": [ 0.0, 11.5, 2.5, 16.0 ], "rotation": 90, "autoUv": false },
										"down": { "texture": "#material", "uv": [ 0.0, 0.5, 2.5, 5.0 ], "rotation": 90, "autoUv": false, "windMode": [-1,-1,-1,-1] }
									}
								},
								{
									"name": "Roof4",
									"from": [ 13.0, 0.0, 0.0 ], 
									"to": [ 17.04, 7.0, 2.0 ], 
									"rotationOrigin": [ 13.02, -0.05, 0.95 ],
									"faces": {
										"north": { "texture": "#material", "uv": [ 6.0, 6.0, 13.0, 10.5 ], "rotation": 90, "autoUv": false },
										"east": { "texture": "#material", "uv": [ 0.0, 14.0, 7.0, 16.0 ], "rotation": 90, "autoUv": false },
										"south": { "texture": "#material", "uv": [ 4.0, 11.5, 11.0, 16.0 ], "rotation": 90, "autoUv": false },
										"west": { "texture": "#material", "uv": [ 0.0, 0.0, 2.0, 16.0 ], "enabled": false, "autoUv": false },
										"up": { "texture": "#material", "uv": [ 0.0, 0.0, 2.0, 4.5 ], "rotation": 90, "autoUv": false },
										"down": { "texture": "#material", "uv": [ 0.0, 0.0, 16.0, 2.0 ], "enabled": false, "autoUv": false }
									}
								}
							]
						},
						{
							"name": "SnowBottom",
							"from": [ 0.0, -1.2124, 15.5359 ], 
							"to": [ 16.04, 12.8276, 17.5359 ], 
							"rotationOrigin": [ -0.02, -1.1924, 15.5359 ],
							"rotationX": -45.0,
							"faces": {
								"north": { "texture": "#snowcover", "uv": [ 0.0, 0.0, 16.0, 14.0 ], "enabled": false },
								"east": { "texture": "#snowcover", "uv": [ 0.0, 0.0, 2.0, 14.0 ] },
								"south": { "texture": "#snowcover", "uv": [ 0.0, 0.0, 16.0, 14.0 ] },
								"west": { "texture": "#snowcover", "uv": [ 0.0, 0.0, 2.0, 14.0 ] },
								"up": { "texture": "#snowcover", "uv": [ 0.0, 0.0, 16.0, 2.0 ], "enabled": false },
								"down": { "texture": "#snowcover", "uv": [ 0.0, 0.0, 16.0, 2.0 ] }
							}
						},
						{
							"name": "SnowTop",
							"from": [ 0.0, 8.6871, 5.6364 ], 
							"to": [ 16.04, 22.7271, 7.6364 ], 
							"rotationOrigin": [ -0.02, 8.7071, 5.6364 ],
							"rotationX": -45.0,
							"faces": {
								"north": { "texture": "#snowcover", "uv": [ 0.0, 0.0, 16.0, 14.0 ], "enabled": false },
								"east": { "texture": "#snowcover", "uv": [ 0.0, 0.0, 2.0, 14.0 ] },
								"south": { "texture": "#snowcover", "uv": [ 0.0, 0.0, 16.0, 14.0 ] },
								"west": { "texture": "#snowcover", "uv": [ 0.0, 0.0, 2.0, 14.0 ] },
								"up": { "texture": "#snowcover", "uv": [ 0.0, 0.0, 16.0, 2.0 ] },
								"down": { "texture": "#snowcover", "uv": [ 0.0, 0.0, 16.0, 2.0 ], "enabled": false }
							}
						},
						{
							"name": "Roof16",
							"from": [ 11.98, -2.6066, 14.1217 ], 
							"to": [ 16.02, 4.3934, 16.6217 ], 
							"rotationOrigin": [ 11.98, -2.6066, 14.1217 ],
							"rotationX": -45.0,
							"faces": {
								"north": { "texture": "#material", "uv": [ 0.0, 0.5, 7.0, 5.0 ], "rotation": 90, "autoUv": false },
								"east": { "texture": "#material", "uv": [ 0.0, 0.0, 7.0, 2.5 ], "rotation": 90 },
								"south": { "texture": "#material", "uv": [ 0.0, 0.5, 7.0, 5.0 ], "rotation": 90, "autoUv": false },
								"west": { "texture": "#material", "uv": [ 0.0, 0.0, 2.0, 16.0 ], "rotation": 90, "autoUv": false },
								"up": { "texture": "#material", "uv": [ 0.0, 11.5, 2.5, 16.0 ], "rotation": 90, "autoUv": false },
								"down": { "texture": "#material", "uv": [ 0.0, 11.5, 2.5, 16.0 ], "rotation": 90, "autoUv": false }
							}
						},
						{
							"name": "Roof12",
							"from": [ 11.98, 3.1003, 8.9997 ], 
							"to": [ 16.02, 10.1003, 10.9997 ], 
							"rotationOrigin": [ 12.0, 3.0503, 9.9497 ],
							"rotationX": -45.0,
							"faces": {
								"north": { "texture": "#material", "uv": [ 0.0, 0.0, 16.0, 16.0 ], "enabled": false, "autoUv": false },
								"east": { "texture": "#material", "uv": [ 0.0, 0.5, 7.0, 2.5 ], "rotation": 90, "autoUv": false },
								"south": { "texture": "#material", "uv": [ 0.0, 0.5, 7.0, 5.0 ], "rotation": 90, "autoUv": false },
								"west": { "texture": "#material", "uv": [ 0.0, 0.0, 2.0, 16.0 ], "enabled": false, "autoUv": false },
								"up": { "texture": "#material", "uv": [ 0.0, 0.0, 4.0, 2.0 ], "enabled": false },
								"down": { "texture": "#material", "uv": [ 0.0, 0.0, 16.0, 2.0 ], "enabled": false, "autoUv": false, "windMode": [-1,-1,-1,-1] }
							},
							"children": [
								{
									"name": "Roof10",
									"from": [ -8.0, 0.0, 0.0 ], 
									"to": [ -4.0, 7.0, 2.0 ], 
									"rotationOrigin": [ -7.98, -0.05, 0.95 ],
									"faces": {
										"north": { "texture": "#material", "uv": [ 0.0, 0.0, 16.0, 16.0 ], "enabled": false, "autoUv": false },
										"east": { "texture": "#material", "uv": [ 0.0, 0.0, 2.0, 16.0 ], "enabled": false, "autoUv": false },
										"south": { "texture": "#material", "uv": [ 8.0, 0.0, 15.0, 4.5 ], "rotation": 90, "autoUv": false },
										"west": { "texture": "#material", "uv": [ 0.0, 0.0, 2.0, 16.0 ], "enabled": false, "autoUv": false },
										"up": { "texture": "#material", "uv": [ 0.0, 0.0, 4.0, 2.0 ], "enabled": false },
										"down": { "texture": "#material", "uv": [ 0.0, 0.0, 16.0, 2.0 ], "enabled": false, "autoUv": false, "windMode": [-1,-1,-1,-1] }
									}
								},
								{
									"name": "Roof11",
									"from": [ -4.0, 0.0, 0.0 ], 
									"to": [ 0.0, 7.0, 2.5 ], 
									"rotationOrigin": [ -3.98, -0.05, 0.95 ],
									"faces": {
										"north": { "texture": "#material", "uv": [ 0.0, 0.0, 16.0, 16.0 ], "enabled": false, "autoUv": false, "windMode": [-1,-1,-1,-1] },
										"east": { "texture": "#material", "uv": [ 1.0, 2.0, 8.0, 4.5 ], "rotation": 90, "autoUv": false },
										"south": { "texture": "#material", "uv": [ 8.0, 7.0, 15.0, 11.5 ], "rotation": 90, "autoUv": false, "windMode": [-1,-1,-1,-1] },
										"west": { "texture": "#material", "uv": [ 3.0, 0.5, 10.0, 3.0 ], "rotation": 90, "autoUv": false },
										"up": { "texture": "#material", "uv": [ 0.0, 0.0, 2.5, 4.5 ], "rotation": 90, "autoUv": false },
										"down": { "texture": "#material", "uv": [ 0.0, 0.0, 2.5, 4.5 ], "rotation": 90, "autoUv": false, "windMode": [-1,-1,-1,-1] }
									}
								}
							]
						},
						{
							"name": "SideRoot",
							"from": [ 0.0, 0.0, -0.4945 ], 
							"to": [ 0.0, 0.0, -0.4945 ], 
							"rotationOrigin": [ 7.9993, 0.0, 5.0 ],
							"rotationX": -180.0,
							"rotationY": 0.04,
							"rotationZ": -180.0,
							"faces": {
								"north": { "texture": "#material", "uv": [ 0.0, 0.0, 0.5, 0.5 ], "enabled": false },
								"east": { "texture": "#material", "uv": [ 0.0, 0.0, 0.5, 0.5 ], "enabled": false },
								"south": { "texture": "#material", "uv": [ 0.0, 0.0, 0.5, 0.5 ], "enabled": false },
								"west": { "texture": "#material", "uv": [ 0.0, 0.0, 0.5, 0.5 ], "enabled": false },
								"up": { "texture": "#material", "uv": [ 0.0, 0.0, 0.5, 0.5 ], "enabled": false },
								"down": { "texture": "#material", "uv": [ 0.0, 0.0, 0.5, 0.5 ], "enabled": false }
							},
							"children": [
								{
									"name": "Side1",
									"from": [ 0.0, 0.0, -2.5 ], 
									"to": [ 16.0, 2.0, 13.5 ], 
									"rotationOrigin": [ 0.0, 0.0, -1.5 ],
									"faces": {
										"north": { "texture": "#material", "uv": [ 0.0, 14.0, 16.0, 16.0 ], "autoUv": false, "windMode": [-1,-1,-1,-1] },
										"east": { "texture": "#material", "uv": [ 0.0, 14.0, 16.0, 16.0 ], "autoUv": false },
										"south": { "texture": "#material", "uv": [ 0.0, 14.0, 16.0, 16.0 ], "autoUv": false },
										"west": { "texture": "#material", "uv": [ 0.0, 14.0, 16.0, 16.0 ], "autoUv": false },
										"up": { "texture": "#material", "uv": [ 0.0, 0.0, 16.0, 16.0 ], "enabled": false },
										"down": { "texture": "#material", "uv": [ 0.0, 0.0, 16.0, 16.0 ], "rotation": 90, "autoUv": false }
									}
								},
								{
									"name": "Side3",
									"from": [ 0.0, 2.0, 0.5 ], 
									"to": [ 3.0, 4.0, 13.5 ], 
									"rotationOrigin": [ 0.0, 2.0, 1.5 ],
									"faces": {
										"north": { "texture": "#material", "uv": [ 0.0, 0.0, 3.0, 2.0 ], "enabled": false },
										"east": { "texture": "#material", "uv": [ 0.0, 12.0, 13.9, 14.0 ], "autoUv": false },
										"south": { "texture": "#material", "uv": [ 0.0, 12.0, 3.0, 14.0 ], "autoUv": false },
										"west": { "texture": "#material", "uv": [ 2.1, 12.0, 16.0, 14.0 ], "autoUv": false },
										"up": { "texture": "#material", "uv": [ 0.0, 0.0, 3.0, 13.0 ], "enabled": false },
										"down": { "texture": "#material", "uv": [ 0.0, 0.0, 3.0, 13.0 ], "enabled": false }
									}
								},
								{
									"name": "Side4",
									"from": [ 0.0, 4.0, 2.5 ], 
									"to": [ 5.0, 6.0, 13.5 ], 
									"rotationOrigin": [ 0.0, 4.0, 3.5 ],
									"faces": {
										"north": { "texture": "#material", "uv": [ 0.0, 0.0, 5.0, 2.0 ], "enabled": false },
										"east": { "texture": "#material", "uv": [ 0.0, 10.0, 11.8, 12.0 ], "autoUv": false },
										"south": { "texture": "#material", "uv": [ 0.0, 10.0, 5.0, 12.0 ] },
										"west": { "texture": "#material", "uv": [ 4.2, 10.0, 16.0, 12.0 ], "autoUv": false },
										"up": { "texture": "#material", "uv": [ 0.0, 0.0, 5.0, 11.0 ], "enabled": false },
										"down": { "texture": "#material", "uv": [ 0.0, 0.0, 5.0, 11.0 ], "enabled": false }
									}
								},
								{
									"name": "Side7",
									"from": [ 0.0, 6.0, 4.5 ], 
									"to": [ 7.0, 8.0, 13.5 ], 
									"rotationOrigin": [ 0.0, 6.0, 4.0 ],
									"faces": {
										"north": { "texture": "#material", "uv": [ 0.0, 0.0, 7.0, 2.0 ], "enabled": false },
										"east": { "texture": "#material", "uv": [ 0.0, 8.0, 9.7, 10.0 ], "autoUv": false },
										"south": { "texture": "#material", "uv": [ 0.0, 8.0, 7.0, 10.0 ] },
										"west": { "texture": "#material", "uv": [ 6.3, 8.0, 16.0, 10.0 ], "autoUv": false },
										"up": { "texture": "#material", "uv": [ 0.0, 0.0, 7.0, 9.0 ], "enabled": false },
										"down": { "texture": "#material", "uv": [ 0.0, 0.0, 7.0, 9.0 ], "enabled": false }
									}
								},
								{
									"name": "Side9",
									"from": [ 0.0, 8.0, 6.5 ], 
									"to": [ 9.0, 10.0, 13.5 ], 
									"rotationOrigin": [ 0.0, 8.0, 7.0 ],
									"faces": {
										"north": { "texture": "#material", "uv": [ 0.0, 0.0, 9.0, 2.0 ], "enabled": false },
										"east": { "texture": "#material", "uv": [ 0.0, 6.0, 7.6, 8.0 ], "autoUv": false },
										"south": { "texture": "#material", "uv": [ 0.0, 6.0, 9.0, 8.0 ] },
										"west": { "texture": "#material", "uv": [ 8.5, 6.0, 16.0, 8.0 ], "autoUv": false },
										"up": { "texture": "#material", "uv": [ 0.0, 0.0, 9.0, 7.0 ], "enabled": false },
										"down": { "texture": "#material", "uv": [ 0.0, 0.0, 9.0, 7.0 ], "enabled": false }
									}
								},
								{
									"name": "Side11",
									"from": [ 0.0, 10.0, 8.5 ], 
									"to": [ 11.0, 12.0, 13.5 ], 
									"rotationOrigin": [ 0.0, 10.0, 9.0 ],
									"faces": {
										"north": { "texture": "#material", "uv": [ 0.0, 0.0, 11.0, 2.0 ], "enabled": false },
										"east": { "texture": "#material", "uv": [ 0.0, 4.0, 5.5, 6.0 ], "autoUv": false },
										"south": { "texture": "#material", "uv": [ 0.0, 4.0, 11.0, 6.0 ] },
										"west": { "texture": "#material", "uv": [ 10.5, 4.0, 15.5, 6.0 ], "autoUv": false },
										"up": { "texture": "#material", "uv": [ 0.0, 0.0, 11.0, 5.0 ], "enabled": false },
										"down": { "texture": "#material", "uv": [ 0.0, 0.0, 11.0, 5.0 ], "enabled": false }
									}
								},
								{
									"name": "Side13",
									"from": [ 0.0, 12.0, 10.5 ], 
									"to": [ 13.0, 14.0, 13.5 ], 
									"rotationOrigin": [ 0.0, 12.0, 11.0 ],
									"faces": {
										"north": { "texture": "#material", "uv": [ 0.0, 0.0, 13.0, 2.0 ], "enabled": false },
										"east": { "texture": "#material", "uv": [ 0.0, 2.0, 3.4, 4.0 ], "autoUv": false },
										"south": { "texture": "#material", "uv": [ 0.0, 2.0, 13.0, 4.0 ] },
										"west": { "texture": "#material", "uv": [ 12.6, 2.0, 16.0, 4.0 ], "autoUv": false },
										"up": { "texture": "#material", "uv": [ 0.0, 0.0, 13.0, 3.0 ], "enabled": false },
										"down": { "texture": "#material", "uv": [ 0.0, 0.0, 13.0, 3.0 ], "enabled": false }
									}
								},
								{
									"name": "Side14",
									"from": [ 0.0, 14.0, 11.5 ], 
									"to": [ 14.0, 15.0, 13.5 ], 
									"rotationOrigin": [ 0.0, 14.0, 12.0 ],
									"faces": {
										"north": { "texture": "#material", "uv": [ 0.0, 0.0, 14.0, 1.0 ], "enabled": false },
										"east": { "texture": "#material", "uv": [ 0.0, 0.0, 1.5, 2.0 ], "autoUv": false },
										"south": { "texture": "#material", "uv": [ 0.0, 1.0, 14.0, 2.0 ] },
										"west": { "texture": "#material", "uv": [ 14.5, 0.0, 16.0, 2.0 ], "autoUv": false },
										"up": { "texture": "#material", "uv": [ 0.0, 0.0, 14.0, 2.0 ], "enabled": false },
										"down": { "texture": "#material", "uv": [ 0.0, 0.0, 14.0, 2.0 ], "enabled": false }
									}
								}
							]
						},
						{
							"name": "Roof8",
							"from": [ 11.98, 7.7672, 4.1672 ], 
							"to": [ 16.02, 14.7672, 6.6672 ], 
							"rotationOrigin": [ 12.0, 7.7172, 4.7172 ],
							"rotationX": -45.0,
							"faces": {
								"north": { "texture": "#material", "uv": [ 0.0, 0.0, 16.0, 16.0 ], "enabled": false, "autoUv": false },
								"east": { "texture": "#material", "uv": [ 4.0, 13.5, 11.0, 16.0 ], "rotation": 90, "autoUv": false },
								"south": { "texture": "#material", "uv": [ 2.0, 6.0, 9.0, 10.5 ], "rotation": 90, "autoUv": false },
								"west": { "texture": "#material", "uv": [ 3.0, 6.5, 10.0, 10.0 ], "rotation": 90, "autoUv": false },
								"up": { "texture": "#material", "uv": [ 0.0, 6.5, 2.5, 11.0 ], "rotation": 90, "autoUv": false },
								"down": { "texture": "#material", "uv": [ 0.0, 6.5, 2.5, 11.0 ], "rotation": 90, "autoUv": false }
							},
							"children": [
								{
									"name": "Roof6",
									"from": [ -8.0, 0.0, 0.0 ], 
									"to": [ -4.0, 7.0, 2.5 ], 
									"rotationOrigin": [ -7.98, -0.05, 0.55 ],
									"faces": {
										"north": { "texture": "#material", "uv": [ 0.0, 0.0, 16.0, 16.0 ], "enabled": false, "autoUv": false },
										"east": { "texture": "#material", "uv": [ 2.0, 13.5, 9.0, 16.0 ], "rotation": 90, "autoUv": false },
										"south": { "texture": "#material", "uv": [ 7.0, 11.5, 14.0, 16.0 ], "rotation": 90, "autoUv": false },
										"west": { "texture": "#material", "uv": [ 2.0, 12.5, 9.0, 15.0 ], "rotation": 90, "autoUv": false },
										"up": { "texture": "#material", "uv": [ 0.0, 0.5, 2.5, 5.0 ], "rotation": 90, "autoUv": false },
										"down": { "texture": "#material", "uv": [ 0.0, 0.5, 2.5, 5.0 ], "rotation": 90, "autoUv": false, "windMode": [-1,-1,-1,-1] }
									}
								},
								{
									"name": "Roof7",
									"from": [ -4.0, 0.0, 0.0 ], 
									"to": [ 0.0, 7.0, 2.0 ], 
									"rotationOrigin": [ -3.98, -0.05, 0.55 ],
									"faces": {
										"north": { "texture": "#material", "uv": [ 0.0, 0.0, 16.0, 16.0 ], "enabled": false, "autoUv": false },
										"east": { "texture": "#material", "uv": [ 0.0, 0.0, 2.0, 16.0 ], "enabled": false, "autoUv": false },
										"south": { "texture": "#material", "uv": [ 4.0, 6.5, 11.0, 11.0 ], "rotation": 90, "autoUv": false },
										"west": { "texture": "#material", "uv": [ 0.0, 0.0, 2.0, 16.0 ], "enabled": false, "autoUv": false },
										"up": { "texture": "#material", "uv": [ 0.0, 0.0, 4.0, 2.0 ], "enabled": false },
										"down": { "texture": "#material", "uv": [ 0.0, 0.0, 16.0, 2.0 ], "enabled": false, "autoUv": false }
									}
								}
							]
						}
					]
				},
				{
					"name": "SideRoot2",
					"from": [ -0.001, 0.0, 2.5028 ], 
					"to": [ -0.001, 0.0, 2.5028 ], 
					"rotationOrigin": [ 8.0, 0.0, 8.0 ],
					"rotationX": -180.0,
					"rotationY": 0.02,
					"rotationZ": -180.0,
					"faces": {
						"north": { "texture": "#material", "uv": [ 0.0, 0.0, 0.5, 0.5 ], "enabled": false },
						"east": { "texture": "#material", "uv": [ 0.0, 0.0, 0.5, 0.5 ], "enabled": false },
						"south": { "texture": "#material", "uv": [ 0.0, 0.0, 0.5, 0.5 ], "enabled": false },
						"west": { "texture": "#material", "uv": [ 0.0, 0.0, 0.5, 0.5 ], "enabled": false },
						"up": { "texture": "#material", "uv": [ 0.0, 0.0, 0.5, 0.5 ], "enabled": false },
						"down": { "texture": "#material", "uv": [ 0.0, 0.0, 0.5, 0.5 ], "enabled": false }
					},
					"children": [
						{
							"name": "Side33",
							"from": [ 0.0, 2.0, 0.5 ], 
							"to": [ 16.0, 4.0, 13.5 ], 
							"rotationOrigin": [ 0.0, 2.0, 1.5 ],
							"faces": {
								"north": { "texture": "#material", "uv": [ 0.0, 0.0, 16.0, 2.0 ], "enabled": false },
								"east": { "texture": "#material", "uv": [ 0.0, 12.0, 13.9, 14.0 ], "autoUv": false },
								"south": { "texture": "#material", "uv": [ 0.0, 12.0, 16.0, 14.0 ], "autoUv": false },
								"west": { "texture": "#material", "uv": [ 3.0, 12.0, 16.0, 14.0 ], "autoUv": false },
								"up": { "texture": "#material", "uv": [ 0.0, 0.0, 16.0, 13.0 ], "enabled": false },
								"down": { "texture": "#material", "uv": [ 0.0, 0.0, 16.0, 13.0 ], "enabled": false }
							}
						},
						{
							"name": "Side34",
							"from": [ 0.0, 4.0, 2.5 ], 
							"to": [ 16.0, 6.0, 13.5 ], 
							"rotationOrigin": [ 0.0, 4.0, 3.5 ],
							"faces": {
								"north": { "texture": "#material", "uv": [ 0.0, 0.0, 16.0, 2.0 ], "enabled": false },
								"east": { "texture": "#material", "uv": [ 0.0, 10.0, 12.0, 12.0 ], "autoUv": false },
								"south": { "texture": "#material", "uv": [ 0.0, 10.0, 16.0, 12.0 ] },
								"west": { "texture": "#material", "uv": [ 4.0, 10.0, 16.0, 12.0 ], "autoUv": false },
								"up": { "texture": "#material", "uv": [ 0.0, 0.0, 16.0, 11.0 ], "enabled": false },
								"down": { "texture": "#material", "uv": [ 0.0, 0.0, 16.0, 11.0 ], "enabled": false }
							}
						},
						{
							"name": "Side35",
							"from": [ 0.0, 6.0, 4.5 ], 
							"to": [ 16.0, 8.0, 13.5 ], 
							"rotationOrigin": [ 0.0, 6.0, 4.0 ],
							"faces": {
								"north": { "texture": "#material", "uv": [ 0.0, 0.0, 16.0, 2.0 ], "enabled": false },
								"east": { "texture": "#material", "uv": [ 0.0, 8.0, 10.0, 10.0 ], "autoUv": false },
								"south": { "texture": "#material", "uv": [ 0.0, 8.0, 16.0, 10.0 ], "autoUv": false },
								"west": { "texture": "#material", "uv": [ 6.2, 8.0, 16.0, 10.0 ], "autoUv": false },
								"up": { "texture": "#material", "uv": [ 0.0, 0.0, 16.0, 9.0 ], "enabled": false },
								"down": { "texture": "#material", "uv": [ 0.0, 0.0, 16.0, 9.0 ], "enabled": false }
							}
						},
						{
							"name": "Side36",
							"from": [ 0.0, 8.0, 6.5 ], 
							"to": [ 16.0, 10.0, 13.5 ], 
							"rotationOrigin": [ 0.0, 8.0, 7.0 ],
							"faces": {
								"north": { "texture": "#material", "uv": [ 0.0, 0.0, 16.0, 2.0 ], "enabled": false },
								"east": { "texture": "#material", "uv": [ 0.0, 6.0, 8.0, 8.0 ], "autoUv": false },
								"south": { "texture": "#material", "uv": [ 0.0, 6.0, 16.0, 8.0 ], "autoUv": false },
								"west": { "texture": "#material", "uv": [ 9.0, 6.0, 16.0, 8.0 ], "autoUv": false },
								"up": { "texture": "#material", "uv": [ 0.0, 0.0, 16.0, 7.0 ], "enabled": false },
								"down": { "texture": "#material", "uv": [ 0.0, 0.0, 16.0, 7.0 ], "enabled": false }
							}
						},
						{
							"name": "Side37",
							"from": [ 0.0, 10.0, 8.5 ], 
							"to": [ 16.0, 12.0, 13.5 ], 
							"rotationOrigin": [ 0.0, 10.0, 9.0 ],
							"faces": {
								"north": { "texture": "#material", "uv": [ 0.0, 0.0, 16.0, 2.0 ], "enabled": false },
								"east": { "texture": "#material", "uv": [ 0.0, 4.0, 5.5, 6.0 ], "autoUv": false },
								"south": { "texture": "#material", "uv": [ 0.0, 4.0, 16.0, 6.0 ], "autoUv": false },
								"west": { "texture": "#material", "uv": [ 10.5, 4.0, 15.5, 6.0 ], "autoUv": false },
								"up": { "texture": "#material", "uv": [ 0.0, 0.0, 16.0, 5.0 ], "enabled": false },
								"down": { "texture": "#material", "uv": [ 0.0, 0.0, 16.0, 5.0 ], "enabled": false }
							}
						},
						{
							"name": "Side38",
							"from": [ 0.0, 12.0, 10.5 ], 
							"to": [ 16.0, 14.0, 13.5 ], 
							"rotationOrigin": [ 0.0, 12.0, 11.0 ],
							"faces": {
								"north": { "texture": "#material", "uv": [ 0.0, 0.0, 16.0, 2.0 ], "enabled": false },
								"east": { "texture": "#material", "uv": [ 0.0, 2.0, 3.4, 4.0 ], "autoUv": false },
								"south": { "texture": "#material", "uv": [ 0.0, 2.0, 16.0, 4.0 ], "autoUv": false },
								"west": { "texture": "#material", "uv": [ 12.6, 2.0, 16.0, 4.0 ], "autoUv": false },
								"up": { "texture": "#material", "uv": [ 0.0, 0.0, 16.0, 3.0 ], "enabled": false },
								"down": { "texture": "#material", "uv": [ 0.0, 0.0, 16.0, 3.0 ], "enabled": false }
							}
						},
						{
							"name": "Side39",
							"from": [ 0.0, 14.0, 11.5 ], 
							"to": [ 16.0, 15.0, 13.5 ], 
							"rotationOrigin": [ 0.0, 14.0, 12.0 ],
							"faces": {
								"north": { "texture": "#material", "uv": [ 0.0, 0.0, 16.0, 1.0 ], "enabled": false },
								"east": { "texture": "#material", "uv": [ 0.0, 0.0, 1.5, 2.0 ], "autoUv": false },
								"south": { "texture": "#material", "uv": [ 0.0, 1.0, 16.0, 2.0 ] },
								"west": { "texture": "#material", "uv": [ 14.5, 0.0, 16.0, 2.0 ], "autoUv": false },
								"up": { "texture": "#material", "uv": [ 0.0, 0.0, 16.0, 2.0 ], "enabled": false },
								"down": { "texture": "#material", "uv": [ 0.0, 0.0, 16.0, 2.0 ], "enabled": false }
							}
						}
					]
				},
				{
					"name": "RoofRoot2",
					"from": [ 7.0E-4, 0.0, 3.0 ], 
					"to": [ 7.0E-4, 0.0, 3.0 ], 
					"rotationOrigin": [ 8.0, 0.0, 8.0 ],
					"faces": {
						"north": { "texture": "#material", "uv": [ 0.0, 0.0, 0.5, 0.5 ], "enabled": false },
						"east": { "texture": "#material", "uv": [ 0.0, 0.0, 0.5, 0.5 ], "enabled": false },
						"south": { "texture": "#material", "uv": [ 0.0, 0.0, 0.5, 0.5 ], "enabled": false },
						"west": { "texture": "#material", "uv": [ 0.0, 0.0, 0.5, 0.5 ], "enabled": false },
						"up": { "texture": "#material", "uv": [ 0.0, 0.0, 0.5, 0.5 ], "enabled": false },
						"down": { "texture": "#material", "uv": [ 0.0, 0.0, 0.5, 0.5 ], "enabled": false }
					},
					"children": [
						{
							"name": "Roof41",
							"from": [ -0.02, -2.5, 14.0 ], 
							"to": [ 4.0, 4.5, 16.0 ], 
							"rotationOrigin": [ -0.02, -2.6066, 14.1217 ],
							"rotationX": -45.0,
							"faces": {
								"north": { "texture": "#material", "uv": [ 0.0, 0.5, 7.0, 5.0 ], "rotation": 90, "autoUv": false },
								"east": { "texture": "#material", "uv": [ 0.0, 0.0, 2.0, 16.0 ], "enabled": false, "autoUv": false },
								"south": { "texture": "#material", "uv": [ 8.0, 11.5, 15.0, 16.0 ], "rotation": 90, "autoUv": false },
								"west": { "texture": "#material", "uv": [ 0.0, 0.0, 7.0, 2.0 ], "rotation": 90 },
								"up": { "texture": "#material", "uv": [ 0.0, 0.0, 4.0, 2.0 ], "enabled": false },
								"down": { "texture": "#material", "uv": [ 0.0, 0.5, 2.0, 5.0 ], "rotation": 90, "autoUv": false }
							}
						},
						{
							"name": "Roof45",
							"from": [ -0.02, 3.0896, 8.8383 ], 
							"to": [ 4.0, 10.0896, 11.3383 ], 
							"rotationOrigin": [ 0.0, 3.0396, 9.7883 ],
							"rotationX": -45.0,
							"faces": {
								"north": { "texture": "#material", "uv": [ 0.0, 0.0, 16.0, 16.0 ], "enabled": false, "autoUv": false },
								"east": { "texture": "#material", "uv": [ 1.0, 8.5, 8.0, 11.0 ], "rotation": 90, "autoUv": false },
								"south": { "texture": "#material", "uv": [ 3.0, 7.0, 11.0, 11.5 ], "rotation": 90, "autoUv": false },
								"west": { "texture": "#material", "uv": [ 2.0, 2.0, 9.0, 4.5 ], "rotation": 90, "autoUv": false },
								"up": { "texture": "#material", "uv": [ 0.0, 1.0, 2.5, 5.5 ], "rotation": 90, "autoUv": false },
								"down": { "texture": "#material", "uv": [ 0.0, 1.0, 2.5, 5.5 ], "rotation": 90, "autoUv": false }
							},
							"children": [
								{
									"name": "Roof46",
									"from": [ 4.0, 0.0, 0.0 ], 
									"to": [ 8.0, 7.0, 2.0 ], 
									"rotationOrigin": [ 4.02, -0.05, 0.95 ],
									"faces": {
										"north": { "texture": "#material", "uv": [ 0.0, 0.0, 16.0, 16.0 ], "enabled": false, "autoUv": false },
										"east": { "texture": "#material", "uv": [ 0.0, 0.0, 2.0, 16.0 ], "enabled": false, "autoUv": false },
										"south": { "texture": "#material", "uv": [ 8.0, 0.0, 15.0, 4.5 ], "rotation": 90, "autoUv": false },
										"west": { "texture": "#material", "uv": [ 0.0, 0.0, 2.0, 16.0 ], "enabled": false, "autoUv": false },
										"up": { "texture": "#material", "uv": [ 0.0, 0.0, 4.0, 2.0 ], "enabled": false },
										"down": { "texture": "#material", "uv": [ 0.0, 0.0, 16.0, 2.0 ], "enabled": false, "autoUv": false }
									}
								},
								{
									"name": "Roof47",
									"from": [ 8.0, 0.0, 0.0 ], 
									"to": [ 12.0, 7.0, 2.5 ], 
									"rotationOrigin": [ 8.02, -0.05, 0.95 ],
									"faces": {
										"north": { "texture": "#material", "uv": [ 0.0, 0.0, 16.0, 16.0 ], "enabled": false, "autoUv": false },
										"east": { "texture": "#material", "uv": [ 1.0, 2.0, 8.0, 4.5 ], "rotation": 90, "autoUv": false },
										"south": { "texture": "#material", "uv": [ 8.0, 7.0, 15.0, 11.5 ], "rotation": 90, "autoUv": false },
										"west": { "texture": "#material", "uv": [ 3.0, 0.5, 10.0, 3.0 ], "rotation": 90, "autoUv": false },
										"up": { "texture": "#material", "uv": [ 0.0, 0.0, 2.5, 4.5 ], "rotation": 90, "autoUv": false },
										"down": { "texture": "#material", "uv": [ 0.0, 0.0, 2.5, 4.5 ], "rotation": 90, "autoUv": false }
									}
								}
							]
						},
						{
							"name": "Roof49",
							"from": [ -0.02, 8.0393, 3.8886 ], 
							"to": [ 4.0, 15.0393, 5.8886 ], 
							"rotationOrigin": [ 0.0, 7.9893, 4.8386 ],
							"rotationX": -45.0,
							"faces": {
								"north": { "texture": "#material", "uv": [ 0.0, 0.0, 16.0, 16.0 ], "enabled": false, "autoUv": false },
								"east": { "texture": "#material", "uv": [ 0.0, 0.0, 2.0, 16.0 ], "enabled": false, "autoUv": false },
								"south": { "texture": "#material", "uv": [ 9.0, 6.0, 16.0, 10.5 ], "rotation": 90, "autoUv": false },
								"west": { "texture": "#material", "uv": [ 5.0, 7.0, 12.0, 9.0 ], "rotation": 90, "autoUv": false },
								"up": { "texture": "#material", "uv": [ 0.0, 0.0, 4.0, 2.0 ], "enabled": false },
								"down": { "texture": "#material", "uv": [ 0.0, 0.0, 16.0, 2.0 ], "enabled": false, "autoUv": false }
							},
							"children": [
								{
									"name": "Roof50",
									"from": [ 4.0, 0.0, 0.0 ], 
									"to": [ 8.0, 7.0, 2.5 ], 
									"rotationOrigin": [ 4.02, -0.05, 0.55 ],
									"faces": {
										"north": { "texture": "#material", "uv": [ 0.0, 0.0, 16.0, 16.0 ], "enabled": false, "autoUv": false },
										"east": { "texture": "#material", "uv": [ 2.0, 13.5, 9.0, 16.0 ], "rotation": 90, "autoUv": false },
										"south": { "texture": "#material", "uv": [ 7.0, 11.5, 14.0, 16.0 ], "rotation": 90, "autoUv": false },
										"west": { "texture": "#material", "uv": [ 2.0, 12.5, 9.0, 15.0 ], "rotation": 90, "autoUv": false },
										"up": { "texture": "#material", "uv": [ 0.0, 0.5, 2.5, 5.0 ], "rotation": 90, "autoUv": false },
										"down": { "texture": "#material", "uv": [ 0.0, 0.5, 2.5, 5.0 ], "rotation": 90, "autoUv": false }
									}
								},
								{
									"name": "Roof51",
									"from": [ 8.0, 0.0, 0.0 ], 
									"to": [ 12.0, 7.0, 2.0 ], 
									"rotationOrigin": [ 8.02, -0.05, 0.55 ],
									"faces": {
										"north": { "texture": "#material", "uv": [ 0.0, 0.0, 16.0, 16.0 ], "enabled": false, "autoUv": false },
										"east": { "texture": "#material", "uv": [ 0.0, 0.0, 2.0, 16.0 ], "enabled": false, "autoUv": false },
										"south": { "texture": "#material", "uv": [ 4.0, 6.5, 11.0, 11.0 ], "rotation": 90, "autoUv": false },
										"west": { "texture": "#material", "uv": [ 0.0, 0.0, 2.0, 16.0 ], "enabled": false, "autoUv": false },
										"up": { "texture": "#material", "uv": [ 0.0, 0.0, 4.0, 2.0 ], "enabled": false },
										"down": { "texture": "#material", "uv": [ 0.0, 0.0, 16.0, 2.0 ], "enabled": false, "autoUv": false }
									}
								}
							]
						},
						{
							"name": "Roof53",
							"from": [ -0.02, 12.989, -1.0611 ], 
							"to": [ 4.0, 19.989, 1.4389 ], 
							"rotationOrigin": [ 0.0, 12.939, -0.1111 ],
							"rotationX": -45.0,
							"faces": {
								"north": { "texture": "#material", "uv": [ 0.0, 11.5, 7.0, 16.0 ], "rotation": 90, "autoUv": false },
								"east": { "texture": "#material", "uv": [ 0.0, 0.5, 7.0, 3.0 ], "rotation": 90, "autoUv": false },
								"south": { "texture": "#material", "uv": [ 0.0, 11.5, 7.0, 16.0 ], "rotation": 90, "autoUv": false },
								"west": { "texture": "#material", "uv": [ 0.0, 0.5, 7.0, 3.0 ], "rotation": 90, "autoUv": false },
								"up": { "texture": "#material", "uv": [ 0.0, 0.0, 2.5, 4.5 ], "rotation": 90, "autoUv": false },
								"down": { "texture": "#material", "uv": [ 0.0, 0.0, 2.5, 4.5 ], "rotation": 90, "autoUv": false }
							},
							"children": [
								{
									"name": "Roof54",
									"from": [ 4.0, 0.0, 0.0 ], 
									"to": [ 8.0, 7.0, 2.0 ], 
									"rotationOrigin": [ 4.02, -0.05, 0.95 ],
									"faces": {
										"north": { "texture": "#material", "uv": [ 0.0, 11.5, 7.0, 16.0 ], "rotation": 90, "autoUv": false },
										"east": { "texture": "#material", "uv": [ 0.0, 0.0, 2.0, 16.0 ], "enabled": false, "autoUv": false },
										"south": { "texture": "#material", "uv": [ 0.0, 0.5, 7.0, 5.0 ], "rotation": 90, "autoUv": false },
										"west": { "texture": "#material", "uv": [ 0.0, 0.0, 2.5, 16.0 ], "enabled": false, "autoUv": false },
										"up": { "texture": "#material", "uv": [ 0.0, 0.0, 2.5, 4.5 ], "rotation": 90, "autoUv": false },
										"down": { "texture": "#material", "uv": [ 0.0, 0.0, 16.0, 2.0 ], "enabled": false, "autoUv": false }
									}
								},
								{
									"name": "Roof55",
									"from": [ 8.0, 0.0, 0.0 ], 
									"to": [ 12.0, 7.0, 2.5 ], 
									"rotationOrigin": [ 8.02, -0.05, 0.95 ],
									"faces": {
										"north": { "texture": "#material", "uv": [ 9.0, 11.5, 16.0, 16.0 ], "rotation": 90, "autoUv": false },
										"east": { "texture": "#material", "uv": [ 0.0, 0.0, 7.0, 4.5 ], "rotation": 90, "autoUv": false },
										"south": { "texture": "#material", "uv": [ 0.0, 6.0, 7.0, 10.5 ], "rotation": 90, "autoUv": false },
										"west": { "texture": "#material", "uv": [ 0.0, 6.0, 7.0, 10.5 ], "rotation": 90, "autoUv": false },
										"up": { "texture": "#material", "uv": [ 0.0, 11.5, 2.5, 16.0 ], "rotation": 90, "autoUv": false },
										"down": { "texture": "#material", "uv": [ 0.0, 0.5, 2.5, 5.0 ], "rotation": 90, "autoUv": false }
									}
								},
								{
									"name": "Roof56",
									"from": [ 12.0, 0.0, 0.0 ], 
									"to": [ 17.04, 7.0, 2.0 ], 
									"rotationOrigin": [ 12.02, -0.05, 0.95 ],
									"faces": {
										"north": { "texture": "#material", "uv": [ 6.0, 6.0, 13.0, 10.5 ], "rotation": 90, "autoUv": false },
										"east": { "texture": "#material", "uv": [ 0.0, 14.0, 7.0, 16.0 ], "rotation": 90, "autoUv": false },
										"south": { "texture": "#material", "uv": [ 4.0, 11.5, 11.0, 16.0 ], "rotation": 90, "autoUv": false },
										"west": { "texture": "#material", "uv": [ 0.0, 0.0, 2.0, 16.0 ], "enabled": false, "autoUv": false },
										"up": { "texture": "#material", "uv": [ 0.0, 0.0, 2.0, 4.5 ], "rotation": 90, "autoUv": false },
										"down": { "texture": "#material", "uv": [ 0.0, 0.0, 16.0, 2.0 ], "enabled": false, "autoUv": false }
									}
								}
							]
						},
						{
							"name": "SnowBottom57",
							"from": [ -0.04, -1.2107, 15.3745 ], 
							"to": [ 16.0, 12.8293, 17.3745 ], 
							"rotationOrigin": [ -0.02, -1.2031, 15.3745 ],
							"rotationX": -45.0,
							"faces": {
								"north": { "texture": "#snowcover", "uv": [ 0.0, 0.0, 16.0, 14.0 ], "enabled": false },
								"east": { "texture": "#snowcover", "uv": [ 0.0, 0.0, 2.0, 14.0 ] },
								"south": { "texture": "#snowcover", "uv": [ 0.0, 0.0, 16.0, 14.0 ] },
								"west": { "texture": "#snowcover", "uv": [ 0.0, 0.0, 2.0, 14.0 ] },
								"up": { "texture": "#snowcover", "uv": [ 0.0, 0.0, 16.0, 2.0 ], "enabled": false },
								"down": { "texture": "#snowcover", "uv": [ 0.0, 0.0, 16.0, 2.0 ] }
							}
						},
						{
							"name": "SnowTop58",
							"from": [ -0.04, 8.6764, 5.475 ], 
							"to": [ 16.0, 22.7164, 7.475 ], 
							"rotationOrigin": [ -0.02, 8.6964, 5.475 ],
							"rotationX": -45.0,
							"faces": {
								"north": { "texture": "#snowcover", "uv": [ 0.0, 0.0, 16.0, 14.0 ], "enabled": false },
								"east": { "texture": "#snowcover", "uv": [ 0.0, 0.0, 2.0, 14.0 ] },
								"south": { "texture": "#snowcover", "uv": [ 0.0, 0.0, 16.0, 14.0 ] },
								"west": { "texture": "#snowcover", "uv": [ 0.0, 0.0, 2.0, 14.0 ] },
								"up": { "texture": "#snowcover", "uv": [ 0.0, 0.0, 16.0, 2.0 ] },
								"down": { "texture": "#snowcover", "uv": [ 0.0, 0.0, 16.0, 2.0 ], "enabled": false }
							}
						}
					]
				}
			]
		}
	]}