{
	"editor": {
		"allAngles": false,
		"entityTextureMode": false
	},
	"textureWidth": 16,
	"textureHeight": 16,
	"textureSizes": {
	},
	"textures": {
		"material": "game:block/metal/shingles/copper1",
		"snowcover": "game:block/liquid/snow/normal*"
	},
	"elements": [
		{
			"name": "RoofRoot",
			"from": [ 0.0, 0.0, 3.0 ], 
			"to": [ 0.0, 0.0, 3.0 ], 
			"rotationOrigin": [ 0.0, 0.0, 3.0 ],
			"faces": {
				"north": { "texture": "#material", "uv": [ 0.0, 0.0, 0.5, 0.5 ], "enabled": false },
				"east": { "texture": "#material", "uv": [ 0.0, 0.0, 0.5, 0.5 ], "enabled": false },
				"south": { "texture": "#material", "uv": [ 0.0, 0.0, 0.5, 0.5 ], "enabled": false },
				"west": { "texture": "#material", "uv": [ 0.0, 0.0, 0.5, 0.5 ], "enabled": false },
				"up": { "texture": "#material", "uv": [ 0.0, 0.0, 0.5, 0.5 ], "enabled": false },
				"down": { "texture": "#material", "uv": [ 0.0, 0.0, 0.5, 0.5 ], "enabled": false }
			},
			"children": [
				{
					"name": "Roof1",
					"from": [ -0.05, 8.05, 4.0 ], 
					"to": [ 16.0, 22.05, 6.0 ], 
					"rotationOrigin": [ 0.0, 8.05, 5.0 ],
					"rotationX": -45.0,
					"faces": {
						"north": { "texture": "#material", "uv": [ 0.0, 0.0, 16.0, 16.0 ], "autoUv": false },
						"east": { "texture": "#material", "uv": [ 0.0, 0.0, 2.0, 16.0 ], "autoUv": false },
						"south": { "texture": "#material", "uv": [ 0.0, 0.0, 16.0, 16.0 ], "autoUv": false },
						"west": { "texture": "#material", "uv": [ 0.0, 0.0, 2.0, 16.0 ], "autoUv": false },
						"up": { "texture": "#material", "uv": [ 0.0, 0.0, 16.0, 2.0 ], "windMode": [-1,-1,-1,-1] },
						"down": { "texture": "#material", "uv": [ 0.0, 0.0, 16.0, 2.0 ], "enabled": false, "autoUv": false, "windMode": [-1,-1,-1,-1] }
					},
					"children": [
						{
							"name": "Cube1",
							"from": [ 0.0, -11.0, -0.1 ], 
							"to": [ 16.0, 0.0, 1.9 ], 
							"rotationOrigin": [ 0.0, -11.0, -0.1 ],
							"faces": {
								"north": { "texture": "#material", "uv": [ 0.0, 0.0, 16.0, 16.0 ], "autoUv": false },
								"east": { "texture": "#material", "uv": [ 0.0, 0.0, 2.0, 16.0 ], "autoUv": false },
								"south": { "texture": "#material", "uv": [ 0.0, 0.0, 16.0, 16.0 ], "autoUv": false },
								"west": { "texture": "#material", "uv": [ 0.0, 0.0, 2.0, 16.0 ], "autoUv": false },
								"up": { "texture": "#material", "uv": [ 0.0, 0.0, 16.0, 2.0 ] },
								"down": { "texture": "#material", "uv": [ 0.0, 0.0, 16.0, 2.0 ] }
							},
							"children": [
								{
									"name": "Cube1-snow",
									"from": [ 0.0, 0.01, 2.0 ], 
									"to": [ 16.0, 11.01, 4.0 ], 
									"rotationOrigin": [ 0.0, -28.0, 2.0 ],
									"faces": {
										"north": { "texture": "#snowcover", "uv": [ 0.0, 0.0, 16.0, 16.0 ], "autoUv": false },
										"east": { "texture": "#snowcover", "uv": [ 0.0, 0.0, 2.0, 16.0 ], "autoUv": false },
										"south": { "texture": "#snowcover", "uv": [ 0.0, 0.0, 16.0, 16.0 ], "autoUv": false },
										"west": { "texture": "#snowcover", "uv": [ 0.0, 0.0, 2.0, 16.0 ], "autoUv": false },
										"up": { "texture": "#snowcover", "uv": [ 0.0, 0.0, 16.0, 2.0 ] },
										"down": { "texture": "#snowcover", "uv": [ 0.0, 0.0, 16.0, 2.0 ] }
									}
								}
							]
						},
						{
							"name": "Cube1-snow15",
							"from": [ 0.0, 0.0, 2.0 ], 
							"to": [ 16.0, 14.0, 4.0 ], 
							"rotationOrigin": [ 0.0, 14.0, 2.0 ],
							"faces": {
								"north": { "texture": "#snowcover", "uv": [ 0.0, 0.0, 16.0, 16.0 ], "autoUv": false },
								"east": { "texture": "#snowcover", "uv": [ 0.0, 0.0, 2.0, 16.0 ], "autoUv": false },
								"south": { "texture": "#snowcover", "uv": [ 0.0, 0.0, 16.0, 16.0 ], "autoUv": false },
								"west": { "texture": "#snowcover", "uv": [ 0.0, 0.0, 2.0, 16.0 ], "autoUv": false },
								"up": { "texture": "#snowcover", "uv": [ 0.0, 0.0, 16.0, 2.0 ] },
								"down": { "texture": "#snowcover", "uv": [ 0.0, 0.0, 16.0, 2.0 ] }
							}
						}
					]
				},
				{
					"name": "Roof31",
					"from": [ 16.0, 8.0, 4.0 ], 
					"to": [ 17.0, 22.0, 6.0 ], 
					"rotationOrigin": [ 16.0, 8.0, 5.0 ],
					"rotationX": -45.0,
					"faces": {
						"north": { "texture": "#material", "uv": [ 0.0, 0.0, 16.0, 16.0 ], "autoUv": false },
						"east": { "texture": "#material", "uv": [ 0.0, 0.0, 2.0, 16.0 ], "autoUv": false },
						"south": { "texture": "#material", "uv": [ 0.0, 0.0, 16.0, 16.0 ], "autoUv": false },
						"west": { "texture": "#material", "uv": [ 0.0, 0.0, 2.0, 16.0 ], "autoUv": false },
						"up": { "texture": "#material", "uv": [ 0.0, 0.0, 1.0, 2.0 ] },
						"down": { "texture": "#material", "uv": [ 0.0, 0.0, 1.0, 2.0 ], "autoUv": false }
					},
					"children": [
						{
							"name": "Cube1-snow34",
							"from": [ 0.0, 11.0, 2.0 ], 
							"to": [ 1.0, 14.0, 4.0 ], 
							"rotationOrigin": [ 0.0, 25.0, 2.0 ],
							"faces": {
								"north": { "texture": "#snowcover", "uv": [ 0.0, 0.0, 16.0, 16.0 ], "autoUv": false },
								"east": { "texture": "#snowcover", "uv": [ 0.0, 0.0, 2.0, 16.0 ], "autoUv": false },
								"south": { "texture": "#snowcover", "uv": [ 0.0, 0.0, 16.0, 16.0 ], "autoUv": false },
								"west": { "texture": "#snowcover", "uv": [ 0.0, 0.0, 2.0, 16.0 ], "autoUv": false },
								"up": { "texture": "#snowcover", "uv": [ 0.0, 0.0, 1.0, 2.0 ] },
								"down": { "texture": "#snowcover", "uv": [ 0.0, 0.0, 1.0, 2.0 ] }
							}
						}
					]
				}
			]
		},
		{
			"name": "SideRoot",
			"from": [ 16.0, 0.0, 13.5 ], 
			"to": [ 16.0, 0.0, 13.5 ], 
			"rotationOrigin": [ 16.0, 0.0, 13.5 ],
			"rotationX": 180.0,
			"rotationZ": 180.0,
			"faces": {
				"north": { "texture": "#material", "uv": [ 0.0, 0.0, 0.5, 0.5 ], "enabled": false },
				"east": { "texture": "#material", "uv": [ 0.0, 0.0, 0.5, 0.5 ], "enabled": false },
				"south": { "texture": "#material", "uv": [ 0.0, 0.0, 0.5, 0.5 ], "enabled": false },
				"west": { "texture": "#material", "uv": [ 0.0, 0.0, 0.5, 0.5 ], "enabled": false },
				"up": { "texture": "#material", "uv": [ 0.0, 0.0, 0.5, 0.5 ], "enabled": false },
				"down": { "texture": "#material", "uv": [ 0.0, 0.0, 0.5, 0.5 ], "enabled": false }
			},
			"children": [
				{
					"name": "Wall1",
					"from": [ 0.0, 0.0, -1.5 ], 
					"to": [ 16.0, 2.0, 13.51 ], 
					"rotationOrigin": [ 0.0, 0.0, -0.5 ],
					"faces": {
						"north": { "texture": "#material", "uv": [ 0.0, 0.0, 16.0, 2.0 ], "enabled": false },
						"east": { "texture": "#material", "uv": [ 0.0, 14.0, 16.0, 16.0 ], "autoUv": false },
						"south": { "texture": "#material", "uv": [ 0.0, 14.0, 16.0, 16.0 ], "autoUv": false },
						"west": { "texture": "#material", "uv": [ 0.0, 14.0, 16.0, 16.0 ], "autoUv": false },
						"up": { "texture": "#material", "uv": [ 0.0, 0.0, 16.0, 15.0 ], "enabled": false },
						"down": { "texture": "#material", "uv": [ 0.0, 0.0, 16.0, 16.0 ], "rotation": 90, "autoUv": false }
					}
				},
				{
					"name": "Wall3",
					"from": [ 0.0, 2.0, -2.5 ], 
					"to": [ 16.0, 4.0, 13.51 ], 
					"rotationOrigin": [ 0.0, 2.0, -1.5 ],
					"faces": {
						"north": { "texture": "#material", "uv": [ 0.0, 0.0, 16.0, 2.0 ], "enabled": false },
						"east": { "texture": "#material", "uv": [ 0.0, 12.0, 15.9, 14.0 ], "autoUv": false },
						"south": { "texture": "#material", "uv": [ 0.0, 12.0, 16.0, 14.0 ], "autoUv": false },
						"west": { "texture": "#material", "uv": [ 0.1, 12.0, 16.0, 14.0 ], "autoUv": false },
						"up": { "texture": "#material", "uv": [ 0.0, 0.0, 16.0, 16.0 ], "enabled": false },
						"down": { "texture": "#material", "uv": [ 0.0, 0.0, 16.0, 16.0 ], "enabled": false }
					}
				},
				{
					"name": "Wall4",
					"from": [ 0.0, 4.0, 2.5 ], 
					"to": [ 16.0, 6.0, 13.51 ], 
					"rotationOrigin": [ 0.0, 4.0, 3.5 ],
					"faces": {
						"north": { "texture": "#material", "uv": [ 0.0, 0.0, 16.0, 2.0 ], "enabled": false },
						"east": { "texture": "#material", "uv": [ 0.0, 10.0, 11.8, 12.0 ], "autoUv": false },
						"south": { "texture": "#material", "uv": [ 0.0, 12.0, 16.0, 14.0 ] },
						"west": { "texture": "#material", "uv": [ 4.2, 10.0, 16.0, 12.0 ], "autoUv": false },
						"up": { "texture": "#material", "uv": [ 0.0, 0.0, 16.0, 11.0 ], "enabled": false },
						"down": { "texture": "#material", "uv": [ 0.0, 0.0, 16.0, 11.0 ], "enabled": false }
					}
				},
				{
					"name": "Wall7",
					"from": [ 0.0, 6.0, 4.5 ], 
					"to": [ 16.0, 8.0, 13.51 ], 
					"rotationOrigin": [ 0.0, 6.0, 4.0 ],
					"faces": {
						"north": { "texture": "#material", "uv": [ 0.0, 0.0, 16.0, 2.0 ], "enabled": false },
						"east": { "texture": "#material", "uv": [ 0.0, 8.0, 9.7, 10.0 ], "autoUv": false },
						"south": { "texture": "#material", "uv": [ 0.0, 10.0, 16.0, 12.0 ], "autoUv": false },
						"west": { "texture": "#material", "uv": [ 6.3, 8.0, 16.0, 10.0 ], "autoUv": false },
						"up": { "texture": "#material", "uv": [ 0.0, 0.0, 16.0, 9.0 ], "enabled": false },
						"down": { "texture": "#material", "uv": [ 0.0, 0.0, 16.0, 9.0 ], "enabled": false }
					}
				},
				{
					"name": "Wall9",
					"from": [ 0.0, 8.0, 6.5 ], 
					"to": [ 16.0, 10.0, 13.51 ], 
					"rotationOrigin": [ 0.0, 8.0, 7.0 ],
					"faces": {
						"north": { "texture": "#material", "uv": [ 0.0, 0.0, 16.0, 2.0 ], "enabled": false },
						"east": { "texture": "#material", "uv": [ 0.0, 6.0, 7.6, 8.0 ], "autoUv": false },
						"south": { "texture": "#material", "uv": [ 0.0, 8.0, 16.0, 10.0 ], "autoUv": false },
						"west": { "texture": "#material", "uv": [ 8.5, 6.0, 15.5, 8.0 ], "autoUv": false },
						"up": { "texture": "#material", "uv": [ 0.0, 0.0, 16.0, 7.0 ], "enabled": false },
						"down": { "texture": "#material", "uv": [ 0.0, 0.0, 16.0, 7.0 ], "enabled": false }
					}
				},
				{
					"name": "Wall11",
					"from": [ 0.0, 10.0, 8.5 ], 
					"to": [ 16.0, 12.0, 13.51 ], 
					"rotationOrigin": [ 0.0, 10.0, 9.0 ],
					"faces": {
						"north": { "texture": "#material", "uv": [ 0.0, 0.0, 16.0, 2.0 ], "enabled": false },
						"east": { "texture": "#material", "uv": [ 0.0, 4.0, 5.5, 6.0 ], "autoUv": false },
						"south": { "texture": "#material", "uv": [ 0.0, 6.0, 16.0, 8.0 ], "autoUv": false },
						"west": { "texture": "#material", "uv": [ 10.5, 4.0, 15.5, 6.0 ], "autoUv": false },
						"up": { "texture": "#material", "uv": [ 0.0, 0.0, 16.0, 5.0 ], "enabled": false },
						"down": { "texture": "#material", "uv": [ 0.0, 0.0, 16.0, 5.0 ], "enabled": false }
					}
				},
				{
					"name": "Wall13",
					"from": [ 0.0, 12.0, 10.5 ], 
					"to": [ 16.0, 14.0, 13.51 ], 
					"rotationOrigin": [ 0.0, 12.0, 11.0 ],
					"faces": {
						"north": { "texture": "#material", "uv": [ 0.0, 0.0, 16.0, 2.0 ], "enabled": false },
						"east": { "texture": "#material", "uv": [ 0.0, 2.0, 3.4, 4.0 ], "autoUv": false },
						"south": { "texture": "#material", "uv": [ 0.0, 4.0, 16.0, 6.0 ], "autoUv": false },
						"west": { "texture": "#material", "uv": [ 12.6, 2.0, 16.0, 4.0 ], "autoUv": false },
						"up": { "texture": "#material", "uv": [ 0.0, 0.0, 16.0, 3.0 ], "enabled": false },
						"down": { "texture": "#material", "uv": [ 0.0, 0.0, 16.0, 3.0 ], "enabled": false }
					}
				},
				{
					"name": "Wall14",
					"from": [ 0.0, 14.0, 11.5 ], 
					"to": [ 16.0, 15.0, 13.51 ], 
					"rotationOrigin": [ 0.0, 14.0, 12.0 ],
					"faces": {
						"north": { "texture": "#material", "uv": [ 0.0, 0.0, 16.0, 1.0 ], "enabled": false },
						"east": { "texture": "#material", "uv": [ 0.0, 0.0, 1.5, 2.0 ], "autoUv": false },
						"south": { "texture": "#material", "uv": [ 0.0, 2.0, 16.0, 3.0 ] },
						"west": { "texture": "#material", "uv": [ 14.5, 0.0, 16.0, 2.0 ], "autoUv": false },
						"up": { "texture": "#material", "uv": [ 0.0, 0.0, 16.0, 2.0 ], "enabled": false },
						"down": { "texture": "#material", "uv": [ 0.0, 0.0, 16.0, 2.0 ], "enabled": false }
					}
				}
			]
		},
		{
			"name": "RoofRoot15",
			"from": [ 13.0, 0.0, 0.0 ], 
			"to": [ 13.0, 0.0, 0.0 ], 
			"rotationOrigin": [ 13.0, 0.0, 0.0 ],
			"rotationY": -90.0,
			"faces": {
				"north": { "texture": "#material", "uv": [ 0.0, 0.0, 0.5, 0.5 ], "enabled": false },
				"east": { "texture": "#material", "uv": [ 0.0, 0.0, 0.5, 0.5 ], "enabled": false },
				"south": { "texture": "#material", "uv": [ 0.0, 0.0, 0.5, 0.5 ], "enabled": false },
				"west": { "texture": "#material", "uv": [ 0.0, 0.0, 0.5, 0.5 ], "enabled": false },
				"up": { "texture": "#material", "uv": [ 0.0, 0.0, 0.5, 0.5 ], "enabled": false },
				"down": { "texture": "#material", "uv": [ 0.0, 0.0, 0.5, 0.5 ], "enabled": false }
			},
			"children": [
				{
					"name": "Roof16",
					"from": [ 0.0, 8.05, 4.0 ], 
					"to": [ 16.05, 22.05, 6.0 ], 
					"rotationOrigin": [ 0.0, 8.05, 5.0 ],
					"rotationX": -45.0,
					"faces": {
						"north": { "texture": "#material", "uv": [ 0.0, 0.0, 16.0, 16.0 ], "autoUv": false },
						"east": { "texture": "#material", "uv": [ 0.0, 0.0, 2.0, 16.0 ], "autoUv": false },
						"south": { "texture": "#material", "uv": [ 0.0, 0.0, 16.0, 16.0 ], "autoUv": false },
						"west": { "texture": "#material", "uv": [ 0.0, 0.0, 2.0, 16.0 ], "autoUv": false },
						"up": { "texture": "#material", "uv": [ 0.0, 0.0, 16.0, 2.0 ] },
						"down": { "texture": "#material", "uv": [ 0.0, 0.0, 16.0, 2.0 ], "enabled": false, "autoUv": false }
					},
					"children": [
						{
							"name": "Cube17",
							"from": [ 0.05, -11.0, -0.1 ], 
							"to": [ 16.05, 0.0, 1.9 ], 
							"rotationOrigin": [ 0.0, -11.0, -0.1 ],
							"faces": {
								"north": { "texture": "#material", "uv": [ 0.0, 0.0, 16.0, 16.0 ], "autoUv": false },
								"east": { "texture": "#material", "uv": [ 0.0, 0.0, 2.0, 16.0 ], "autoUv": false },
								"south": { "texture": "#material", "uv": [ 0.0, 0.0, 16.0, 16.0 ], "autoUv": false },
								"west": { "texture": "#material", "uv": [ 0.0, 0.0, 2.0, 16.0 ], "autoUv": false },
								"up": { "texture": "#material", "uv": [ 0.0, 0.0, 16.0, 2.0 ] },
								"down": { "texture": "#material", "uv": [ 0.0, 0.0, 16.0, 2.0 ] }
							},
							"children": [
								{
									"name": "Cube1-snow18",
									"from": [ 0.0, 0.01, 2.0 ], 
									"to": [ 16.0, 11.01, 4.0 ], 
									"rotationOrigin": [ 0.0, -28.0, 2.0 ],
									"faces": {
										"north": { "texture": "#snowcover", "uv": [ 0.0, 0.0, 16.0, 16.0 ], "autoUv": false },
										"east": { "texture": "#snowcover", "uv": [ 0.0, 0.0, 2.0, 16.0 ], "autoUv": false },
										"south": { "texture": "#snowcover", "uv": [ 0.0, 0.0, 16.0, 16.0 ], "autoUv": false },
										"west": { "texture": "#snowcover", "uv": [ 0.0, 0.0, 2.0, 16.0 ], "autoUv": false },
										"up": { "texture": "#snowcover", "uv": [ 0.0, 0.0, 16.0, 2.0 ] },
										"down": { "texture": "#snowcover", "uv": [ 0.0, 0.0, 16.0, 2.0 ] }
									}
								}
							]
						},
						{
							"name": "Cube1-snow19",
							"from": [ 0.0, 0.0, 2.0 ], 
							"to": [ 16.0, 14.0, 4.0 ], 
							"rotationOrigin": [ 0.0, 14.0, 2.0 ],
							"faces": {
								"north": { "texture": "#snowcover", "uv": [ 0.0, 0.0, 16.0, 16.0 ], "autoUv": false },
								"east": { "texture": "#snowcover", "uv": [ 0.0, 0.0, 2.0, 16.0 ], "autoUv": false },
								"south": { "texture": "#snowcover", "uv": [ 0.0, 0.0, 16.0, 16.0 ], "autoUv": false },
								"west": { "texture": "#snowcover", "uv": [ 0.0, 0.0, 2.0, 16.0 ], "autoUv": false },
								"up": { "texture": "#snowcover", "uv": [ 0.0, 0.0, 16.0, 2.0 ] },
								"down": { "texture": "#snowcover", "uv": [ 0.0, 0.0, 16.0, 2.0 ] }
							}
						},
						{
							"name": "Roof20",
							"from": [ -1.0, 0.0, 0.0 ], 
							"to": [ 0.0, 14.0, 2.0 ], 
							"rotationOrigin": [ -1.0, 0.0, 1.0 ],
							"faces": {
								"north": { "texture": "#material", "uv": [ 0.0, 0.0, 16.0, 16.0 ], "autoUv": false },
								"east": { "texture": "#material", "uv": [ 0.0, 0.0, 2.0, 16.0 ], "autoUv": false },
								"south": { "texture": "#material", "uv": [ 0.0, 0.0, 16.0, 16.0 ], "autoUv": false },
								"west": { "texture": "#material", "uv": [ 0.0, 0.0, 2.0, 16.0 ], "autoUv": false },
								"up": { "texture": "#material", "uv": [ 0.0, 0.0, 1.0, 2.0 ] },
								"down": { "texture": "#material", "uv": [ 0.0, 0.0, 6.0, 2.0 ], "autoUv": false }
							},
							"children": [
								{
									"name": "Cube1-snow23",
									"from": [ 0.0, 11.0, 2.0 ], 
									"to": [ 1.0, 14.0, 4.0 ], 
									"rotationOrigin": [ 0.0, 25.0, 2.0 ],
									"faces": {
										"north": { "texture": "#snowcover", "uv": [ 0.0, 0.0, 16.0, 16.0 ], "autoUv": false },
										"east": { "texture": "#snowcover", "uv": [ 0.0, 0.0, 2.0, 16.0 ], "autoUv": false },
										"south": { "texture": "#snowcover", "uv": [ 0.0, 0.0, 16.0, 16.0 ], "autoUv": false },
										"west": { "texture": "#snowcover", "uv": [ 0.0, 0.0, 2.0, 16.0 ], "autoUv": false },
										"up": { "texture": "#snowcover", "uv": [ 0.0, 0.0, 1.0, 2.0 ] },
										"down": { "texture": "#snowcover", "uv": [ 0.0, 0.0, 1.0, 2.0 ] }
									}
								}
							]
						}
					]
				}
			]
		},
		{
			"name": "SideRoot22",
			"from": [ 4.0, 0.0, 14.5 ], 
			"to": [ 4.0, 0.0, 14.5 ], 
			"rotationOrigin": [ 4.0, 0.0, 16.0 ],
			"rotationX": 180.0,
			"rotationY": 90.0,
			"rotationZ": 180.0,
			"faces": {
				"north": { "texture": "#material", "uv": [ 0.0, 0.0, 0.5, 0.5 ], "enabled": false },
				"east": { "texture": "#material", "uv": [ 0.0, 0.0, 0.5, 0.5 ], "enabled": false },
				"south": { "texture": "#material", "uv": [ 0.0, 0.0, 0.5, 0.5 ], "enabled": false },
				"west": { "texture": "#material", "uv": [ 0.0, 0.0, 0.5, 0.5 ], "enabled": false },
				"up": { "texture": "#material", "uv": [ 0.0, 0.0, 0.5, 0.5 ], "enabled": false },
				"down": { "texture": "#material", "uv": [ 0.0, 0.0, 0.5, 0.5 ], "enabled": false }
			},
			"children": [
				{
					"name": "Wall23",
					"from": [ 0.0, 0.0, -1.5 ], 
					"to": [ 16.0, 2.0, 13.55 ], 
					"rotationOrigin": [ 0.0, 0.0, -0.5 ],
					"faces": {
						"north": { "texture": "#material", "uv": [ 0.0, 0.0, 16.0, 2.0 ], "enabled": false },
						"east": { "texture": "#material", "uv": [ 0.0, 14.0, 16.0, 16.0 ], "autoUv": false },
						"south": { "texture": "#material", "uv": [ 0.0, 14.0, 16.0, 16.0 ], "autoUv": false },
						"west": { "texture": "#material", "uv": [ 0.0, 14.0, 16.0, 16.0 ], "autoUv": false },
						"up": { "texture": "#material", "uv": [ 0.0, 0.0, 16.0, 15.0 ], "enabled": false },
						"down": { "texture": "#material", "uv": [ 0.0, 0.0, 16.0, 16.0 ], "rotation": 90, "autoUv": false }
					}
				},
				{
					"name": "Wall24",
					"from": [ 0.0, 2.0, -2.5 ], 
					"to": [ 16.0, 4.0, 13.55 ], 
					"rotationOrigin": [ 0.0, 2.0, -1.5 ],
					"faces": {
						"north": { "texture": "#material", "uv": [ 0.0, 0.0, 16.0, 2.0 ], "enabled": false },
						"east": { "texture": "#material", "uv": [ 0.0, 12.0, 15.9, 14.0 ], "autoUv": false },
						"south": { "texture": "#material", "uv": [ 0.0, 12.0, 16.0, 14.0 ], "autoUv": false },
						"west": { "texture": "#material", "uv": [ 0.1, 12.0, 16.0, 14.0 ], "autoUv": false },
						"up": { "texture": "#material", "uv": [ 0.0, 0.0, 16.0, 16.0 ], "enabled": false },
						"down": { "texture": "#material", "uv": [ 0.0, 0.0, 16.0, 16.0 ], "enabled": false }
					}
				},
				{
					"name": "Wall25",
					"from": [ 0.0, 4.0, 2.5 ], 
					"to": [ 16.0, 6.0, 13.55 ], 
					"rotationOrigin": [ 0.0, 4.0, 3.5 ],
					"faces": {
						"north": { "texture": "#material", "uv": [ 0.0, 0.0, 16.0, 2.0 ], "enabled": false },
						"east": { "texture": "#material", "uv": [ 0.0, 10.0, 11.8, 12.0 ], "autoUv": false },
						"south": { "texture": "#material", "uv": [ 0.0, 12.0, 16.0, 14.0 ] },
						"west": { "texture": "#material", "uv": [ 4.2, 10.0, 16.0, 12.0 ], "autoUv": false },
						"up": { "texture": "#material", "uv": [ 0.0, 0.0, 16.0, 11.0 ], "enabled": false },
						"down": { "texture": "#material", "uv": [ 0.0, 0.0, 16.0, 11.0 ], "enabled": false }
					}
				},
				{
					"name": "Wall26",
					"from": [ 0.0, 6.0, 4.5 ], 
					"to": [ 16.0, 8.0, 13.55 ], 
					"rotationOrigin": [ 0.0, 6.0, 4.0 ],
					"faces": {
						"north": { "texture": "#material", "uv": [ 0.0, 0.0, 16.0, 2.0 ], "enabled": false },
						"east": { "texture": "#material", "uv": [ 0.0, 8.0, 9.7, 10.0 ], "autoUv": false },
						"south": { "texture": "#material", "uv": [ 0.0, 10.0, 16.0, 12.0 ], "autoUv": false },
						"west": { "texture": "#material", "uv": [ 6.3, 8.0, 16.0, 10.0 ], "autoUv": false },
						"up": { "texture": "#material", "uv": [ 0.0, 0.0, 16.0, 9.0 ], "enabled": false },
						"down": { "texture": "#material", "uv": [ 0.0, 0.0, 16.0, 9.0 ], "enabled": false }
					}
				},
				{
					"name": "Wall27",
					"from": [ 0.0, 8.0, 6.5 ], 
					"to": [ 16.0, 10.0, 13.55 ], 
					"rotationOrigin": [ 0.0, 8.0, 7.0 ],
					"faces": {
						"north": { "texture": "#material", "uv": [ 0.0, 0.0, 16.0, 2.0 ], "enabled": false },
						"east": { "texture": "#material", "uv": [ 0.0, 6.0, 7.6, 8.0 ], "autoUv": false },
						"south": { "texture": "#material", "uv": [ 0.0, 8.0, 16.0, 10.0 ], "autoUv": false },
						"west": { "texture": "#material", "uv": [ 8.5, 6.0, 15.5, 8.0 ], "autoUv": false },
						"up": { "texture": "#material", "uv": [ 0.0, 0.0, 16.0, 7.0 ], "enabled": false },
						"down": { "texture": "#material", "uv": [ 0.0, 0.0, 16.0, 7.0 ], "enabled": false }
					}
				},
				{
					"name": "Wall28",
					"from": [ 0.0, 10.0, 8.5 ], 
					"to": [ 16.0, 12.0, 13.55 ], 
					"rotationOrigin": [ 0.0, 10.0, 9.0 ],
					"faces": {
						"north": { "texture": "#material", "uv": [ 0.0, 0.0, 16.0, 2.0 ], "enabled": false },
						"east": { "texture": "#material", "uv": [ 0.0, 4.0, 5.5, 6.0 ], "autoUv": false },
						"south": { "texture": "#material", "uv": [ 0.0, 6.0, 16.0, 8.0 ], "autoUv": false },
						"west": { "texture": "#material", "uv": [ 10.5, 4.0, 15.5, 6.0 ], "autoUv": false },
						"up": { "texture": "#material", "uv": [ 0.0, 0.0, 16.0, 5.0 ], "enabled": false },
						"down": { "texture": "#material", "uv": [ 0.0, 0.0, 16.0, 5.0 ], "enabled": false }
					}
				},
				{
					"name": "Wall29",
					"from": [ 0.0, 12.0, 10.5 ], 
					"to": [ 16.0, 14.0, 13.55 ], 
					"rotationOrigin": [ 0.0, 12.0, 11.0 ],
					"faces": {
						"north": { "texture": "#material", "uv": [ 0.0, 0.0, 16.0, 2.0 ], "enabled": false },
						"east": { "texture": "#material", "uv": [ 0.0, 2.0, 3.4, 4.0 ], "autoUv": false },
						"south": { "texture": "#material", "uv": [ 0.0, 4.0, 16.0, 6.0 ], "autoUv": false },
						"west": { "texture": "#material", "uv": [ 12.6, 2.0, 16.0, 4.0 ], "autoUv": false },
						"up": { "texture": "#material", "uv": [ 0.0, 0.0, 16.0, 3.0 ], "enabled": false },
						"down": { "texture": "#material", "uv": [ 0.0, 0.0, 16.0, 3.0 ], "enabled": false }
					}
				},
				{
					"name": "Wall30",
					"from": [ 0.0, 14.0, 11.5 ], 
					"to": [ 16.0, 15.0, 13.55 ], 
					"rotationOrigin": [ 0.0, 14.0, 12.0 ],
					"faces": {
						"north": { "texture": "#material", "uv": [ 0.0, 0.0, 16.0, 1.0 ], "enabled": false },
						"east": { "texture": "#material", "uv": [ 0.0, 0.0, 1.5, 2.0 ], "autoUv": false },
						"south": { "texture": "#material", "uv": [ 0.0, 2.0, 16.0, 3.0 ] },
						"west": { "texture": "#material", "uv": [ 14.5, 0.0, 16.0, 2.0 ], "autoUv": false },
						"up": { "texture": "#material", "uv": [ 0.0, 0.0, 16.0, 2.0 ], "enabled": false },
						"down": { "texture": "#material", "uv": [ 0.0, 0.0, 16.0, 2.0 ], "enabled": false }
					}
				}
			]
		}
	]}