{
    "GameVersion": "1.19.7",
    "SizeX": 11,
    "SizeY": 19,
    "SizeZ": 22,
    "BlockCodes": {
        "9698": "game:supportbeam-aged",
        "2966": "game:cobblestone-granite",
        "3023": "game:cobblestonestairs-granite-up-east-free",
        "16414": "game:rocktyped-rubble-free",
        "5107": "game:gravel-granite",
        "9493": "game:agedstonebricks-granite",
        "4154": "game:drystone-granite",
        "2852": "game:cobblestoneslab-granite-down-free",
        "7277": "game:planks-aged-ns",
        "5122": "game:looseboulders-granite-free",
        "8606": "game:clutter",
        "3061": "game:cobblestonestairs-granite-up-south-free",
        "7355": "game:plankslab-aged-up-free",
        "9526": "game:door-solid-aged",
        "136": "game:multiblock-monolithic-0-p1-0",
        "2833": "game:cobblestoneslab-granite-up-free",
        "1565": "game:torchholder-aged-empty-north",
        "3042": "game:cobblestonestairs-granite-down-east-free",
        "3004": "game:cobblestonestairs-granite-down-north-free",
        "3080": "game:cobblestonestairs-granite-down-south-free",
        "2329": "game:slantedroofing-fireclay-east-free",
        "7290": "game:planks-aged-ud",
        "8610": "game:groundstorage",
        "5535": "game:loosestones-granite-free",
        "8380": "game:torch-basic-burnedout-north",
        "8383": "game:torch-basic-burnedout-east",
        "3118": "game:cobblestonestairs-granite-down-west-free",
        "2339": "game:slantedroofing-fireclay-south-free",
        "7368": "game:plankslab-aged-down-free",
        "2319": "game:slantedroofing-fireclay-north-free",
        "2489": "game:slantedroofingcornerouter-fireclay-east-free",
        "2479": "game:slantedroofingcornerouter-fireclay-north-free",
        "2349": "game:slantedroofing-fireclay-west-free",
        "3099": "game:cobblestonestairs-granite-up-west-free",
        "8109": "game:chest-east",
        "8379": "game:torch-basic-extinct-north",
        "9520": "game:door-ruined-rough2",
        "2985": "game:cobblestonestairs-granite-up-north-free",
        "8382": "game:torch-basic-extinct-east",
        "2795": "game:cobblestoneslab-granite-south-free",
        "2757": "game:cobblestoneslab-granite-north-free"
    },
    "ItemCodes": {
        "1462": "game:shingle-burned-fire",
        "275": "game:stackrandomizer-resource",
        "259": "game:stackrandomizer-cloth-mediumstatus",
        "260": "game:stackrandomizer-cloth-highstatus",
        "261": "game:stackrandomizer-accessory-lowstatus",
        "262": "game:stackrandomizer-accessory-mediumstatus",
        "258": "game:stackrandomizer-cloth-lowstatus"
    },
    "Indices": [
        8192,
        9216,
        1056768,
        1057792,
        2105344,
        2106368,
        3153920,
        3154944,
        3166208,
        4202496,
        6304768,
        9450496,
        6145,
        7169,
        8193,
        9217,
        10241,
        11265,
        12289,
        13313,
        14337,
        15361,
        16385,
        17409,
        18433,
        19457,
        20481,
        1054721,
        1055745,
        1056769,
        1057793,
        1058817,
        1059841,
        1060865,
        1061889,
        1062913,
        1063937,
        1064961,
        1065985,
        1067009,
        1068033,
        1069057,
        2103297,
        2104321,
        2105345,
        2106369,
        2107393,
        2108417,
        2109441,
        2110465,
        2111489,
        2112513,
        2113537,
        2114561,
        2115585,
        2116609,
        2117633,
        3151873,
        3152897,
        3153921,
        3154945,
        3155969,
        3156993,
        3158017,
        3159041,
        3160065,
        3161089,
        3162113,
        3163137,
        3164161,
        3165185,
        3166209,
        4202497,
        4203521,
        4207617,
        4208641,
        4209665,
        4210689,
        4211713,
        4212737,
        4213761,
        4214785,
        5252097,
        5256193,
        5257217,
        5258241,
        5259265,
        5260289,
        5261313,
        5262337,
        5263361,
        6303745,
        6304769,
        6305793,
        6306817,
        6307841,
        6308865,
        6309889,
        6310913,
        6311937,
        6312961,
        7353345,
        7354369,
        7355393,
        7356417,
        7357441,
        7358465,
        7359489,
        7360513,
        8401921,
        8402945,
        8403969,
        8404993,
        8406017,
        8407041,
        8408065,
        8409089,
        9449473,
        9450497,
        9451521,
        9452545,
        9453569,
        9454593,
        9455617,
        9456641,
        9457665,
        10499073,
        10506241,
        10507265,
        2050,
        3074,
        4098,
        5122,
        6146,
        7170,
        8194,
        9218,
        10242,
        11266,
        12290,
        13314,
        14338,
        15362,
        16386,
        17410,
        18434,
        19458,
        20482,
        1050626,
        1051650,
        1052674,
        1053698,
        1054722,
        1055746,
        1056770,
        1057794,
        1058818,
        1059842,
        1060866,
        1061890,
        1062914,
        1063938,
        1064962,
        1065986,
        1067010,
        1068034,
        1069058,
        2099202,
        2100226,
        2101250,
        2102274,
        2103298,
        2104322,
        2105346,
        2106370,
        2107394,
        2108418,
        2109442,
        2110466,
        2111490,
        2112514,
        2113538,
        2114562,
        2115586,
        2116610,
        2117634,
        3147778,
        3148802,
        3149826,
        3150850,
        3151874,
        3152898,
        3153922,
        3154946,
        3155970,
        3156994,
        3158018,
        3159042,
        3160066,
        3161090,
        3163138,
        3164162,
        3165186,
        3166210,
        4201474,
        4202498,
        4203522,
        4205570,
        4206594,
        4207618,
        4214786,
        5250050,
        5252098,
        5254146,
        5255170,
        5256194,
        5263362,
        6303746,
        6304770,
        6309890,
        6310914,
        6311938,
        7353346,
        7358466,
        7359490,
        7360514,
        8401922,
        8409090,
        9443330,
        9449474,
        9450498,
        9457666,
        10499074,
        10506242,
        11547650,
        11554818,
        2051,
        3075,
        4099,
        5123,
        6147,
        7171,
        8195,
        9219,
        10243,
        11267,
        12291,
        13315,
        14339,
        15363,
        16387,
        17411,
        18435,
        19459,
        20483,
        1050627,
        1051651,
        1052675,
        1053699,
        1054723,
        1055747,
        1056771,
        1057795,
        1058819,
        1059843,
        1060867,
        1061891,
        1062915,
        1063939,
        1064963,
        1065987,
        1067011,
        1068035,
        1069059,
        2099203,
        2100227,
        2101251,
        2102275,
        2103299,
        2104323,
        2105347,
        2106371,
        2107395,
        2108419,
        2109443,
        2110467,
        2111491,
        2112515,
        2113539,
        2114563,
        2115587,
        2116611,
        2117635,
        3146755,
        3147779,
        3148803,
        3149827,
        3150851,
        3151875,
        3152899,
        3153923,
        3154947,
        3155971,
        3156995,
        3158019,
        3159043,
        3163139,
        3164163,
        3165187,
        3166211,
        4197379,
        4198403,
        4199427,
        4200451,
        4201475,
        4202499,
        4203523,
        4204547,
        4205571,
        4206595,
        4207619,
        4214787,
        5248003,
        5249027,
        5251075,
        5252099,
        5253123,
        5254147,
        5255171,
        5256195,
        5263363,
        6297603,
        6299651,
        6300675,
        6301699,
        6302723,
        6303747,
        6304771,
        6309891,
        6310915,
        6311939,
        7346179,
        7349251,
        7350275,
        7351299,
        7352323,
        7353347,
        7360515,
        8393731,
        8394755,
        8395779,
        8396803,
        8397827,
        8398851,
        8399875,
        8400899,
        8401923,
        8402947,
        8409091,
        9442307,
        9443331,
        9444355,
        9445379,
        9446403,
        9447427,
        9448451,
        9449475,
        9450499,
        9457667,
        10491907,
        10492931,
        10493955,
        10494979,
        10496003,
        10497027,
        10498051,
        10499075,
        10506243,
        11541507,
        11543555,
        11544579,
        11545603,
        11546627,
        11547651,
        11554819,
        12589059,
        12590083,
        12592131,
        12593155,
        12594179,
        12595203,
        12596227,
        12603395,
        13637635,
        13640707,
        13641731,
        13642755,
        13643779,
        14686211,
        14689283,
        14692355,
        15734787,
        15737859,
        15740931,
        16783363,
        16784387,
        16785411,
        16786435,
        16787459,
        16788483,
        16789507,
        17831939,
        17832963,
        17833987,
        17835011,
        17836035,
        17837059,
        17838083,
        1028,
        2052,
        3076,
        4100,
        5124,
        6148,
        7172,
        8196,
        9220,
        10244,
        11268,
        12292,
        13316,
        14340,
        15364,
        16388,
        17412,
        18436,
        19460,
        20484,
        1049604,
        1050628,
        1051652,
        1052676,
        1053700,
        1054724,
        1055748,
        1056772,
        1057796,
        1058820,
        1059844,
        1060868,
        1061892,
        1062916,
        1063940,
        1064964,
        1065988,
        1067012,
        1068036,
        1069060,
        2098180,
        2099204,
        2100228,
        2101252,
        2102276,
        2103300,
        2104324,
        2105348,
        2106372,
        2107396,
        2108420,
        2109444,
        2110468,
        2111492,
        2112516,
        2113540,
        2114564,
        2115588,
        2116612,
        2117636,
        3146756,
        3147780,
        3148804,
        3149828,
        3150852,
        3151876,
        3152900,
        3153924,
        3154948,
        3158020,
        3159044,
        3163140,
        3164164,
        3165188,
        3166212,
        4196356,
        4197380,
        4198404,
        4199428,
        4200452,
        4206596,
        4207620,
        4214788,
        5245956,
        5246980,
        5248004,
        5249028,
        5255172,
        5256196,
        5263364,
        6294532,
        6295556,
        6296580,
        6297604,
        6300676,
        6301700,
        6302724,
        6303748,
        6304772,
        6309892,
        6310916,
        6311940,
        7344132,
        7345156,
        7346180,
        7349252,
        7352324,
        7353348,
        7360516,
        8392708,
        8393732,
        8394756,
        8400900,
        8401924,
        8408068,
        8409092,
        9443332,
        9449476,
        9450500,
        9457668,
        10491908,
        10498052,
        10499076,
        10506244,
        11540484,
        11546628,
        11547652,
        11554820,
        12589060,
        12595204,
        12596228,
        12603396,
        13637636,
        13643780,
        13644804,
        13651972,
        13652996,
        14686212,
        14689284,
        16783364,
        16789508,
        17831940,
        17832964,
        17833988,
        17836036,
        17837060,
        17838084,
        18881540,
        18884612,
        18885636,
        5,
        1029,
        2053,
        3077,
        4101,
        5125,
        6149,
        7173,
        8197,
        9221,
        10245,
        11269,
        12293,
        13317,
        14341,
        15365,
        16389,
        17413,
        18437,
        19461,
        20485,
        1048581,
        1049605,
        1050629,
        1051653,
        1052677,
        1053701,
        1054725,
        1055749,
        1056773,
        1057797,
        1058821,
        1059845,
        1060869,
        1061893,
        1062917,
        1063941,
        1064965,
        1065989,
        1067013,
        1068037,
        1069061,
        2097157,
        2098181,
        2099205,
        2100229,
        2101253,
        2102277,
        2103301,
        2104325,
        2105349,
        2106373,
        2107397,
        2108421,
        2109445,
        2110469,
        2111493,
        2112517,
        2113541,
        2114565,
        2115589,
        2116613,
        2117637,
        3145733,
        3146757,
        3147781,
        3148805,
        3149829,
        3150853,
        3151877,
        3152901,
        3153925,
        3154949,
        3155973,
        3158021,
        3166213,
        4196357,
        4197381,
        4198405,
        4199429,
        4200453,
        4204549,
        4206597,
        4214789,
        5246981,
        5248005,
        5249029,
        5253125,
        5255173,
        5256197,
        5263365,
        6296581,
        6297605,
        6301701,
        6302725,
        6303749,
        6304773,
        6308869,
        6309893,
        6310917,
        6311941,
        7346181,
        7350277,
        7360517,
        8409093,
        9443333,
        9449477,
        9450501,
        9457669,
        10491909,
        10498053,
        10499077,
        10506245,
        11546629,
        11547653,
        11554821,
        12589061,
        12595205,
        12596229,
        12603397,
        13637637,
        13643781,
        14686213,
        16783365,
        16789509,
        17831941,
        17832965,
        17838085,
        18885637,
        6,
        1030,
        2054,
        3078,
        4102,
        5126,
        6150,
        7174,
        8198,
        9222,
        10246,
        11270,
        12294,
        13318,
        14342,
        15366,
        16390,
        17414,
        18438,
        19462,
        20486,
        1048582,
        1049606,
        1050630,
        1051654,
        1052678,
        1053702,
        1054726,
        1055750,
        1056774,
        1057798,
        1058822,
        1059846,
        1060870,
        1061894,
        1062918,
        1063942,
        1064966,
        1065990,
        1067014,
        1068038,
        1069062,
        2097158,
        2098182,
        2099206,
        2100230,
        2101254,
        2102278,
        2103302,
        2104326,
        2105350,
        2106374,
        2107398,
        2108422,
        2109446,
        2110470,
        2111494,
        2112518,
        2113542,
        2114566,
        2115590,
        2116614,
        2117638,
        3146758,
        3147782,
        3148806,
        3149830,
        3150854,
        3151878,
        3152902,
        3155974,
        3156998,
        3158022,
        3159046,
        3165190,
        3166214,
        4196358,
        4197382,
        4198406,
        4199430,
        4200454,
        4205574,
        4206598,
        4207622,
        4214790,
        5244934,
        5246982,
        5248006,
        5249030,
        5255174,
        5256198,
        5263366,
        6297606,
        6303750,
        6304774,
        6307846,
        6308870,
        6309894,
        6310918,
        6311942,
        7352326,
        7353350,
        7357446,
        7358470,
        7359494,
        7360518,
        8399878,
        8400902,
        8401926,
        8409094,
        9449478,
        9450502,
        9457670,
        10498054,
        10499078,
        10506246,
        11546630,
        11547654,
        11554822,
        12595206,
        13643782,
        14692358,
        15740934,
        16789510,
        17837062,
        17838086,
        7,
        1031,
        2055,
        3079,
        4103,
        5127,
        6151,
        7175,
        8199,
        9223,
        10247,
        11271,
        12295,
        13319,
        14343,
        15367,
        16391,
        17415,
        18439,
        19463,
        20487,
        1048583,
        1049607,
        1050631,
        1051655,
        1052679,
        1053703,
        1054727,
        1055751,
        1056775,
        1057799,
        1058823,
        1059847,
        1060871,
        1061895,
        1062919,
        1063943,
        1064967,
        1065991,
        1067015,
        1068039,
        1069063,
        2097159,
        2098183,
        2099207,
        2100231,
        2101255,
        2102279,
        2103303,
        2104327,
        2105351,
        2106375,
        2107399,
        2108423,
        2109447,
        2110471,
        2111495,
        2112519,
        2113543,
        2114567,
        2115591,
        2116615,
        2117639,
        3146759,
        3147783,
        3148807,
        3149831,
        3150855,
        3151879,
        3152903,
        3154951,
        3155975,
        3156999,
        3158023,
        3159047,
        3160071,
        3161095,
        3162119,
        3163143,
        3164167,
        3165191,
        3166215,
        3167239,
        4196359,
        4199431,
        4200455,
        4205575,
        4206599,
        4207623,
        4208647,
        4209671,
        4210695,
        4211719,
        4212743,
        4213767,
        4214791,
        5249031,
        5254151,
        5255175,
        5256199,
        5257223,
        5258247,
        5259271,
        5260295,
        5261319,
        5262343,
        5263367,
        6297607,
        6303751,
        6304775,
        6305799,
        6306823,
        6307847,
        6308871,
        6309895,
        6310919,
        6311943,
        7346183,
        7352327,
        7353351,
        7354375,
        7355399,
        7356423,
        7357447,
        7358471,
        7359495,
        7360519,
        8394759,
        8400903,
        8401927,
        8402951,
        8403975,
        8404999,
        8406023,
        8407047,
        8408071,
        8409095,
        9449479,
        9450503,
        9451527,
        9452551,
        9453575,
        9454599,
        9455623,
        9456647,
        9457671,
        10498055,
        10499079,
        10506247,
        10507271,
        11546631,
        12595207,
        13643783,
        16789511,
        17838087,
        8,
        1032,
        2056,
        3080,
        4104,
        5128,
        6152,
        7176,
        8200,
        9224,
        10248,
        11272,
        12296,
        13320,
        14344,
        15368,
        16392,
        17416,
        18440,
        19464,
        1048584,
        1049608,
        1050632,
        1051656,
        1052680,
        1053704,
        1054728,
        1055752,
        1056776,
        1057800,
        1058824,
        1059848,
        1060872,
        1061896,
        1062920,
        1063944,
        1064968,
        1065992,
        1067016,
        1068040,
        2097160,
        2098184,
        2099208,
        2100232,
        2101256,
        2102280,
        2103304,
        2104328,
        2105352,
        2106376,
        2107400,
        2108424,
        2109448,
        2110472,
        2111496,
        2112520,
        2113544,
        2114568,
        2115592,
        2116616,
        3146760,
        3147784,
        3148808,
        3149832,
        3150856,
        3151880,
        3153928,
        3154952,
        3155976,
        3157000,
        3158024,
        3159048,
        3160072,
        3161096,
        3162120,
        3163144,
        3164168,
        4195336,
        4196360,
        4197384,
        4198408,
        4199432,
        4200456,
        4203528,
        4204552,
        4205576,
        4206600,
        4207624,
        4208648,
        4209672,
        4210696,
        4211720,
        5246984,
        5248008,
        5249032,
        5252104,
        5253128,
        5254152,
        5255176,
        5256200,
        5257224,
        5258248,
        5259272,
        6296584,
        6297608,
        6302728,
        6303752,
        6304776,
        6305800,
        6306824,
        6311944,
        7345160,
        7346184,
        7352328,
        8393736,
        8394760,
        8400904,
        8403976,
        9443336,
        9449480,
        9457672,
        10491912,
        10498056,
        11540488,
        11546632,
        12595208,
        13643784,
        16789512,
        17838088,
        9,
        1033,
        2057,
        3081,
        4105,
        5129,
        6153,
        7177,
        8201,
        9225,
        10249,
        11273,
        12297,
        13321,
        14345,
        15369,
        1048585,
        1049609,
        1050633,
        1051657,
        1052681,
        1053705,
        1054729,
        1055753,
        1056777,
        1057801,
        1058825,
        1059849,
        1060873,
        1061897,
        1062921,
        1063945,
        2097161,
        2098185,
        2099209,
        2100233,
        2101257,
        2102281,
        2103305,
        2104329,
        2105353,
        2106377,
        2107401,
        2108425,
        2109449,
        2110473,
        2111497,
        2112521,
        3145737,
        3146761,
        3147785,
        3148809,
        3149833,
        3150857,
        3151881,
        3152905,
        3153929,
        3154953,
        3155977,
        3157001,
        3158025,
        3159049,
        3160073,
        3161097,
        4198409,
        4199433,
        4200457,
        4201481,
        4202505,
        4203529,
        4204553,
        4205577,
        4206601,
        4207625,
        4208649,
        5246985,
        5248009,
        5249033,
        5250057,
        5251081,
        5252105,
        5253129,
        5255177,
        6297609,
        6298633,
        6299657,
        6300681,
        6301705,
        6303753,
        7346185,
        7347209,
        7348233,
        7349257,
        7350281,
        7351305,
        7352329,
        8394761,
        8395785,
        8396809,
        8397833,
        8398857,
        8399881,
        8400905,
        9443337,
        9444361,
        9445385,
        9446409,
        9447433,
        9448457,
        9449481,
        10491913,
        10492937,
        10493961,
        10494985,
        10496009,
        10497033,
        10498057,
        11540489,
        11541513,
        11542537,
        11543561,
        11544585,
        11545609,
        11546633,
        12589065,
        12590089,
        12591113,
        12592137,
        12593161,
        12594185,
        12595209,
        13637641,
        13638665,
        13639689,
        13640713,
        13641737,
        13642761,
        13643785,
        14686217,
        14687241,
        14689289,
        14692361,
        15737865,
        15740937,
        16785417,
        16786441,
        16787465,
        16788489,
        16789513,
        17835017,
        17836041,
        17837065,
        17838089,
        1034,
        2058,
        3082,
        4106,
        5130,
        6154,
        12298,
        13322,
        14346,
        1049610,
        1050634,
        1051658,
        1052682,
        1053706,
        1054730,
        1060874,
        1061898,
        1062922,
        2098186,
        2099210,
        2100234,
        2101258,
        2102282,
        2103306,
        2109450,
        2110474,
        2111498,
        3146762,
        3149834,
        3150858,
        3159050,
        3160074
    ],
    "BlockIds": [
        2966,
        2966,
        2966,
        2966,
        2966,
        2966,
        2966,
        3023,
        9698,
        16414,
        9698,
        9698,
        2966,
        2966,
        2966,
        2966,
        2966,
        2966,
        2966,
        2966,
        2966,
        2966,
        2966,
        2966,
        2966,
        2966,
        2966,
        2966,
        2966,
        2966,
        2966,
        2966,
        2966,
        2966,
        2966,
        2966,
        2966,
        2966,
        2966,
        2966,
        2966,
        2966,
        2966,
        2966,
        2966,
        2966,
        2966,
        2966,
        2966,
        2966,
        2966,
        2966,
        2966,
        2966,
        2966,
        2966,
        2966,
        3023,
        2966,
        5107,
        5107,
        9493,
        3023,
        9698,
        4154,
        2966,
        9493,
        2966,
        4154,
        2966,
        4154,
        2966,
        2966,
        2966,
        2966,
        4154,
        9493,
        4154,
        9493,
        4154,
        9493,
        2966,
        16414,
        2966,
        9493,
        9493,
        4154,
        9493,
        9493,
        2966,
        2966,
        9698,
        9493,
        4154,
        9493,
        2966,
        2966,
        9493,
        2966,
        9493,
        9698,
        9493,
        4154,
        2966,
        4154,
        2966,
        4154,
        2966,
        2966,
        9493,
        4154,
        2852,
        2966,
        9493,
        2852,
        9493,
        4154,
        9698,
        2966,
        4154,
        9493,
        4154,
        9493,
        2966,
        4154,
        2966,
        3023,
        3023,
        9698,
        2966,
        2966,
        2966,
        2966,
        2966,
        2966,
        2966,
        2966,
        2966,
        2966,
        2966,
        2966,
        7277,
        7277,
        2966,
        7277,
        7277,
        2966,
        2966,
        2966,
        2966,
        2966,
        2966,
        2966,
        2966,
        2966,
        2966,
        2966,
        2966,
        2966,
        2966,
        7277,
        7277,
        2966,
        7277,
        7277,
        2966,
        2966,
        2966,
        2966,
        2966,
        2966,
        2966,
        2966,
        2966,
        2966,
        2966,
        2966,
        2966,
        2966,
        7277,
        7277,
        2966,
        7277,
        7277,
        2966,
        2966,
        5107,
        5107,
        5107,
        5107,
        9698,
        5107,
        5107,
        5107,
        9493,
        9493,
        2966,
        2966,
        16414,
        5122,
        8606,
        8606,
        8606,
        2966,
        5107,
        2966,
        2966,
        2966,
        4154,
        9493,
        4154,
        5122,
        2966,
        3061,
        2966,
        9493,
        9493,
        3061,
        9493,
        7355,
        7355,
        4154,
        9526,
        8606,
        5122,
        2966,
        136,
        2966,
        9698,
        9698,
        2966,
        9493,
        2966,
        4154,
        3023,
        3023,
        2966,
        2966,
        2966,
        2966,
        2966,
        2966,
        2966,
        2966,
        2966,
        2966,
        2966,
        2966,
        2966,
        2966,
        7277,
        7277,
        7277,
        7277,
        2966,
        2966,
        2966,
        2966,
        2966,
        2966,
        2966,
        2966,
        2966,
        2966,
        2966,
        2966,
        2966,
        2966,
        2966,
        7277,
        7277,
        7277,
        7277,
        2966,
        2966,
        2966,
        2966,
        2966,
        2966,
        2966,
        2966,
        2966,
        2966,
        2966,
        2966,
        2966,
        2966,
        2966,
        7277,
        7277,
        7277,
        7277,
        2966,
        9698,
        5107,
        5107,
        5107,
        5107,
        2966,
        4154,
        2966,
        9493,
        2966,
        9493,
        9493,
        9493,
        8606,
        8606,
        8606,
        4154,
        5107,
        5107,
        5107,
        4154,
        2966,
        9493,
        2966,
        2966,
        4154,
        9493,
        2966,
        2852,
        5107,
        9493,
        2966,
        4154,
        9493,
        2966,
        2966,
        4154,
        2833,
        9493,
        16414,
        2966,
        4154,
        2966,
        9493,
        9493,
        7355,
        7355,
        2966,
        4154,
        9493,
        2966,
        4154,
        2966,
        2966,
        4154,
        9698,
        2966,
        2966,
        9493,
        2966,
        9493,
        2966,
        9493,
        2966,
        1565,
        2852,
        9698,
        2966,
        4154,
        2966,
        4154,
        9493,
        9493,
        2966,
        2966,
        2833,
        2966,
        2966,
        9493,
        4154,
        2966,
        9493,
        2966,
        9493,
        2966,
        9493,
        9493,
        2966,
        4154,
        4154,
        2966,
        2966,
        9493,
        3042,
        3042,
        3042,
        3042,
        9493,
        3023,
        3023,
        9493,
        2966,
        9493,
        4154,
        2966,
        2966,
        4154,
        4154,
        2966,
        9493,
        9493,
        9493,
        3004,
        3080,
        4154,
        3004,
        3080,
        4154,
        9493,
        2329,
        2329,
        9493,
        2329,
        2329,
        2966,
        2966,
        2966,
        2966,
        2966,
        2966,
        2966,
        7277,
        2966,
        7290,
        7277,
        7277,
        2966,
        2966,
        7277,
        7277,
        7277,
        7277,
        2966,
        2966,
        2966,
        2966,
        2966,
        2966,
        2966,
        2966,
        2966,
        7277,
        2966,
        7290,
        7277,
        7277,
        2966,
        2966,
        7277,
        7277,
        7277,
        7277,
        2966,
        2966,
        2966,
        2966,
        2966,
        2966,
        2966,
        2966,
        2966,
        7277,
        2966,
        7290,
        7277,
        7277,
        2966,
        2966,
        7277,
        7277,
        7277,
        7277,
        2966,
        2966,
        2966,
        5107,
        2966,
        2966,
        9493,
        5107,
        2966,
        5107,
        5107,
        8610,
        2966,
        4154,
        8606,
        8606,
        8606,
        9493,
        9493,
        2966,
        9493,
        9493,
        9493,
        9493,
        4154,
        2966,
        4154,
        9493,
        4154,
        9493,
        4154,
        9493,
        9493,
        5122,
        4154,
        2966,
        2966,
        7355,
        7355,
        7355,
        4154,
        4154,
        7355,
        7355,
        9493,
        9493,
        9493,
        2966,
        8610,
        2966,
        2966,
        9493,
        5535,
        4154,
        2966,
        9493,
        2966,
        8380,
        2966,
        2966,
        2966,
        4154,
        9493,
        9493,
        9493,
        2966,
        2966,
        9493,
        2966,
        9493,
        2852,
        3080,
        3004,
        4154,
        2833,
        4154,
        9493,
        2852,
        2852,
        9698,
        5122,
        8383,
        3118,
        3118,
        2339,
        7368,
        7368,
        7368,
        7368,
        2319,
        2489,
        2329,
        2479,
        2966,
        2966,
        2966,
        2966,
        2966,
        2966,
        2966,
        2966,
        7277,
        7277,
        2966,
        7277,
        4154,
        7277,
        7277,
        7277,
        2966,
        7277,
        7277,
        2966,
        2966,
        2966,
        2966,
        2966,
        2966,
        2966,
        2966,
        2966,
        2966,
        7277,
        7277,
        2966,
        7277,
        4154,
        7277,
        7277,
        7277,
        2966,
        7277,
        7277,
        2966,
        2966,
        2966,
        2966,
        2966,
        2966,
        2966,
        2966,
        2966,
        2966,
        7277,
        7277,
        2966,
        7277,
        4154,
        7277,
        7277,
        7277,
        2966,
        7277,
        7277,
        2966,
        2966,
        5107,
        5107,
        4154,
        2966,
        4154,
        5107,
        2966,
        8610,
        2349,
        2319,
        8606,
        9526,
        4154,
        9493,
        5107,
        5107,
        4154,
        9493,
        8606,
        136,
        2852,
        5107,
        5107,
        4154,
        8606,
        9493,
        2966,
        2833,
        16414,
        4154,
        8606,
        7355,
        4154,
        2966,
        7355,
        7355,
        7355,
        2966,
        9493,
        8606,
        4154,
        2852,
        4154,
        9493,
        2966,
        2833,
        5122,
        4154,
        9493,
        4154,
        9493,
        2966,
        2966,
        3080,
        3004,
        3099,
        3099,
        9493,
        4154,
        5535,
        3042,
        3042,
        5122,
        7368,
        2319,
        2319,
        2966,
        2966,
        2966,
        2966,
        2966,
        2966,
        4154,
        7277,
        2966,
        2966,
        7277,
        2966,
        2966,
        2966,
        2966,
        7277,
        7277,
        2966,
        7277,
        7277,
        2966,
        2966,
        2966,
        2966,
        2966,
        2966,
        2966,
        4154,
        7277,
        2966,
        2966,
        7277,
        2966,
        2966,
        2966,
        2966,
        7277,
        7277,
        2966,
        7277,
        7277,
        2966,
        2966,
        2966,
        2966,
        2966,
        2966,
        2966,
        4154,
        7277,
        2966,
        2966,
        7277,
        2966,
        2966,
        2966,
        2966,
        7277,
        7277,
        2966,
        7277,
        7277,
        2966,
        5107,
        4154,
        2966,
        4154,
        5107,
        5107,
        5107,
        2966,
        5107,
        9493,
        2966,
        16414,
        2966,
        2966,
        5107,
        5107,
        5107,
        5107,
        8610,
        4154,
        4154,
        9493,
        2966,
        5122,
        5107,
        9493,
        2966,
        2966,
        2966,
        5107,
        4154,
        2966,
        7355,
        7355,
        7355,
        7355,
        9493,
        9493,
        2966,
        8606,
        16414,
        8109,
        9493,
        8379,
        2966,
        2966,
        9493,
        4154,
        2966,
        2966,
        2966,
        2966,
        9493,
        2966,
        3099,
        3099,
        3004,
        2966,
        9493,
        2966,
        4154,
        7368,
        4154,
        2966,
        2966,
        2966,
        2966,
        2966,
        2966,
        2966,
        2966,
        7277,
        7277,
        7277,
        2966,
        2966,
        2966,
        2966,
        2966,
        2966,
        2966,
        2966,
        2966,
        2966,
        2966,
        2966,
        2966,
        2966,
        2966,
        2966,
        2966,
        2966,
        7277,
        7277,
        7277,
        2966,
        2966,
        2966,
        2966,
        2966,
        2966,
        2966,
        2966,
        2966,
        2966,
        2966,
        2966,
        2966,
        2966,
        2966,
        2966,
        2966,
        2966,
        7277,
        7277,
        7277,
        2966,
        2966,
        2966,
        2966,
        2966,
        2966,
        2966,
        2966,
        2966,
        2966,
        5107,
        2966,
        5107,
        5107,
        5107,
        4154,
        8610,
        2966,
        5107,
        5107,
        2966,
        9493,
        2966,
        9493,
        4154,
        2966,
        4154,
        2966,
        2966,
        9698,
        9493,
        5107,
        9493,
        5107,
        9493,
        9493,
        9493,
        2966,
        2966,
        9493,
        4154,
        2966,
        2966,
        4154,
        2339,
        4154,
        9493,
        9493,
        4154,
        9493,
        4154,
        9493,
        2966,
        2966,
        4154,
        2966,
        2966,
        4154,
        4154,
        2966,
        2966,
        4154,
        2966,
        2966,
        9493,
        4154,
        2966,
        9520,
        4154,
        4154,
        9493,
        4154,
        4154,
        2966,
        16414,
        9493,
        2966,
        136,
        2966,
        2852,
        9493,
        2852,
        4154,
        2966,
        2966,
        2966,
        4154,
        2966,
        9493,
        2966,
        2966,
        9493,
        4154,
        9493,
        3099,
        3099,
        9698,
        4154,
        3004,
        9493,
        3118,
        2319,
        2966,
        2966,
        2966,
        2966,
        2966,
        2966,
        2966,
        7277,
        2966,
        7277,
        7277,
        2966,
        2966,
        2966,
        2966,
        2966,
        2966,
        2966,
        2966,
        2966,
        2966,
        2966,
        2966,
        2966,
        2966,
        2966,
        2966,
        7277,
        2966,
        7277,
        7277,
        2966,
        2966,
        2966,
        2966,
        2966,
        2966,
        2966,
        2966,
        2966,
        2966,
        2966,
        2966,
        2966,
        2966,
        2966,
        2966,
        7277,
        2966,
        7277,
        7277,
        2966,
        2966,
        2966,
        2966,
        2966,
        2966,
        2966,
        2966,
        2966,
        5107,
        5107,
        2966,
        5107,
        5107,
        4154,
        2966,
        5107,
        2966,
        5107,
        9493,
        5107,
        9493,
        4154,
        9493,
        2966,
        2985,
        9698,
        9493,
        2966,
        5107,
        5107,
        2966,
        5107,
        2966,
        5107,
        2966,
        5107,
        4154,
        9493,
        2966,
        2985,
        16414,
        3080,
        9493,
        2339,
        5107,
        5107,
        2966,
        5107,
        4154,
        2966,
        2985,
        2966,
        9493,
        5107,
        9493,
        9698,
        2966,
        2985,
        9698,
        4154,
        2966,
        4154,
        16414,
        9493,
        4154,
        8382,
        2966,
        4154,
        9698,
        2966,
        4154,
        16414,
        9493,
        3004,
        4154,
        3042,
        2319,
        2966,
        2966,
        2966,
        2966,
        2966,
        2966,
        2966,
        2966,
        2966,
        2966,
        2966,
        2966,
        2966,
        2966,
        2966,
        2966,
        2966,
        2966,
        2966,
        2966,
        2966,
        2966,
        2966,
        2966,
        2966,
        2966,
        2966,
        2966,
        2966,
        2966,
        2966,
        2966,
        2966,
        2966,
        2966,
        2966,
        2966,
        2966,
        2966,
        2966,
        2966,
        2966,
        2966,
        2966,
        2966,
        2966,
        2966,
        2966,
        5107,
        9698,
        5107,
        8606,
        5107,
        5107,
        2966,
        2966,
        2966,
        9493,
        4154,
        2966,
        2966,
        5107,
        5107,
        5107,
        5107,
        5107,
        9493,
        4154,
        2966,
        9493,
        9493,
        9493,
        2966,
        5107,
        5107,
        9698,
        9698,
        2966,
        4154,
        2795,
        9493,
        2757,
        4154,
        9493,
        9493,
        2795,
        2966,
        2757,
        2966,
        4154,
        9493,
        2795,
        9493,
        2757,
        9493,
        2966,
        2966,
        9493,
        2795,
        4154,
        2757,
        9493,
        4154,
        2966,
        9493,
        2966,
        2966,
        9493,
        9493,
        2966,
        9493,
        9493,
        4154,
        2852,
        9493,
        2966,
        4154,
        2966,
        2966,
        4154,
        2833,
        9493,
        2966,
        4154,
        4154,
        3118,
        3118,
        3118,
        3118,
        3118,
        9493,
        2966,
        2966,
        9493,
        2966,
        4154,
        2966,
        9493,
        5535,
        5122,
        2966,
        9493,
        2966,
        4154,
        3080,
        9493,
        3004,
        3080,
        2966,
        9493,
        8610,
        8610,
        4154,
        2966,
        2966,
        2966,
        2966,
        2966,
        2966,
        2966,
        2966,
        2966,
        2966,
        2966,
        2966,
        2966,
        2966,
        2966,
        2966,
        2966,
        2966,
        2966,
        2966,
        2966,
        2966,
        2966,
        2966,
        2966,
        2966,
        2966,
        5107,
        5107,
        5107,
        8606,
        5107
    ],
    "DecorIndices": [],
    "DecorIds": [],
    "BlockEntities": {
        "3166208": "!<d@[F*O\"r#64c-E,TfCC&e56!<d@[F*^C*#64o6@VfsmCI<#NAIrp*E,]`9FCJfiD(T1/ARl&M@V&tbF!L_m+pnYd!!%O6*<6(i58\"J9!!%O6'`\\6l5TKh)J3On19-=<:",
        "4202496": "!<d@[F*O\"r#64c-E,TfCCB+>7!<d@[F*]ss#64o6@VfsmCI<#NAJK6(@r$13E+NQ3Ecki#Ch521Eb/ec\"E\\p.AJT</@Ua.b/R`^6Cgh??/SB*4DJ=3(\":&scFCB9&=9&=$!!EUFATMNNDJ*csjNEk(\":&scFCB9&=o\\O&!!rsADes6$@ru9m!!E[MAT2'lE`7'gFCbFP!!!!",
        "6304768": "!<d@[F*O\"r#64c-E,TfCD#aP9!<d@[F*^.##64o6@VfsmCI<#NAIrp*E,]`9FCJfiD(T1/ARl&M@V&tbF!L_m+pnYd!!%O6'`\\5!58\"J9qYu%0(&Iqp590_(!'qI]9-=<:",
        "9450496": "!<d@[F*O\"r#64c-E,TfCDu]k<!<d@[F*^.##64o6@VfsmCI<#NAIrp*E,]`9FCJfiD(T1/ARl&M@V&tbF!L_m+pnYd!!%O6'`\\5a58\"J9qYu%0(&Ir[590_(!'qI]9-=<:",
        "3158017": "!<d@[F*O%s#64c-E,TfCC&e56!<d@[F*^+\"#64o6@VfsmCI<#NAIrp*E,]`9FCJfiD(T1/ARl&M@V&tbEu4la(((3c!!%O6&df?R!8p*_!!%O6(ue0g",
        "5252097": "!<d@[F*O%s#64c-E,TfCC]FG8!<d@[F*^!t#64o6@VfsmCI<#NAJK6(@r$13E+NQ3Ecki#Ch521Eb/ec\"E\\p.AJT</@Ua.b/R`^6Cgh?>/SB*4DJ=3(\":&scFCB9&=9&=$!!EUFATMNNDJ*csjNA=S\":&scFCB9&=o\\O&!!rsADes6$@ru9m!!E[MAT2'lE`7'gFCbFP!!!!",
        "6303745": "!<d@[F*O%s#64c-E,TfCD#aP9!<d@[F*^+\"#64o6@VfsmCI<#NAIrp*E,]`9FCJfiD(T1/ARl&M@V&tbF!:Sk+:8Vg!!%O6'`\\5!590_(J3OYR('\":u590b)J3On19)n",
        "6312961": "!<d@[F*O%s#64c-E,TfCD#aP9!<d@[F*^F+#64o6@VfsmCI<#NAIrp*E,]`9FCJfiD(T1/ARl&M@V&tbEuG#c(^^E]!!#8K&df'J!8p*Wqu8lF(ue12!WW",
        "9449473": "!<d@[F*O%s#64c-E,TfCDu]k<!<d@[F*^+\"#64o6@VfsmCI<#NAIrp*E,]`9FCJfiD(T1/ARl&M@V&tbF!:Sk+:8Gj!!%O6*<6(i58\"J9!!!!a'`\\4f5TKh)J3On19)n",
        "10507265": "!<d@[F*O%s#64c-E,TfCE<#t=!<d@[F*^F+#64o6@VfsmCI<#NAIrp*E,]`9FCJfiD(T1/ARl&M@V&tbEtnZ^'++^P$4Qt8?pGG,!)Poti_(Bq!!",
        "3151874": "!<d@[F*O(t#64c-E,TfCC&e56!<d@[F*]mq#64o6@VfsmCI<#NAIrp*E,]`9FCJfiD(T1/ARl&M@V&tbEuG#c(^^EU!!%O6&df'J!.[9K!!'f\"(ue12!rr",
        "3160066": "!<d@[F*O(t#64c-E,TfCC&e56!<d@[F*^1$#64o6@VfsmCI<#NAJK6(@r$13E+NQ3Ecki#Ch521Eb/ec\"E\\p.AJT</@Ua.b/R`^6Cgh?>/SB*4DJ=3(\":&scFCB9&=9&=$!!EUFATMNNDJ*csjNEiR\":&scFCB9&=o\\O&!!rsADes6$@ru9m!!E[MAT2'lE`7'gFCbFP!!!!",
        "3163138": "!<d@[F*O(t#64c-E,TfCC&e56!<d@[F*^:'#64o6@VfsmCI<#NAHu^]F`__:EWlSfH#R=%@q]:bE\\2*GDJ'(WEc6&.FCePS!!!!%$#O6pBL-NKCh;?3aZfn5Ec6&.FCeVU!!!!*$\"ImiCh7*uARkcD$Z]ft@;0a\\FCB9&z!!",
        "3164162": "!<d@[F*O(t#64c-E,TfCC&e56!<d@[F*^=(#64o6@VfsmCI<#NAHu^]F`__:EWlSfH#R=%FCAWpAM%>'ARkoKEc6&.FCePS!!!!%$#O6pBL-NKCh;?3aZfn5Ec6&.FCeVU!!!!*$\"ImiCh7*uARkcD$Z]ft@;0a\\FCB9&z!!",
        "3165186": "!<d@[F*O(t#64c-E,TfCC&e56!<d@[F*^@)#64o6@VfsmCI<#NAHu^]F`__:EWlSfH#R=%@q]:bE\\2*GDJ'(WEc6&.FCePS!!!!%$#O6pBL-NKCh;?3aZfn5Ec6&.FCeVU!!!!*$\"ImiCh7*uARkcD$Z]ft@;0a\\FCB9&z!!",
        "7353346": "!<d@[F*O(t#64c-E,TfCD?'Y:!<d@[F*^.##64o6@VfsmCI<#NAIi<iDfRFNDes,u/R`:'A-<6[DffE0AQ_o>AD7Vd^^13`E+NouA,loFBl8**Ecai\\DIdQpErZ1",
        "7358466": "!<d@[F*O(t#64c-E,TfCD?'Y:!<d@[F*^=(#64o6@VfsmCI<#NAHu^]F`__:EWlSfH#R=*@V'('@V'(%Ecl)6ARmY$#BFa)@<?'_z\":8pVF(djWB5D/?b8*>G#BFa)@<?'az#mk*[Ci!ZmFCet_\":K6]E+*I$;flGiAH2]1!!!",
        "9443330": "!<d@[F*O(t#64c-E,TfCDu]k<!<d@[F*]mq#64o6@VfsmCI<#NAIrp*E,]`9FCJfiD(T1/ARl&M@V&tbEutAh*=;rZ!!%O6&e>HKs*m6JM++5I*<6)t5T&KR+9MT",
        "9449474": "!<d@[F*O(t#64c-E,TfCDu]k<!<d@[F*^+\"#64o6@VfsmCI<#NAIrp*E,]`9FCJfiD(T1/ARl&M@V&tbF%--:+:8Gb!!%O6*<6(i58\"J9!!%Pa'e[23ZQ0&HJ3On19*ujM$4Qt8J3P%S!.[9H%h/L=J3ObK!&-YY!!%O6(ue12!rr",
        "3146755": "!<d@[F*O+u#64c-E,TfCC&e56!<d@[F*]^l#64o6@VfsmCI<#NAIrp*E,]`9FCJfiD(T1/ARl&M@V&tbF!:Sk+:8Gb!!%O6*<6(i58\"J9%KM#C'`\\465TKh)+@$e'9)n",
        "3163139": "!<d@[F*O+u#64c-E,TfCC&e56!<d@[F*^:'#64o6@VfsmCI<#NAHu^]F`__:EWlSfH#R=(FCAWpAM%qFBl7Km1'@i&DffE0AQSp4!!!-.D.Rd%6#L=OA`2r/5Qh=4DffE0AQf'6!!!<3@rH1\"ARfgnA,l`?Eb02uBl[-o@<?&\\z",
        "3164163": "!<d@[F*O+u#64c-E,TfCC&e56!<d@[F*^=(#64o6@VfsmCI<#NAHu^]F`__:EWlSfH#R=%FCAWpAM%>'ARkoKEc6&.FCePS!!!!%$#O6pBL-NKCh;?3aZfn5Ec6&.FCeVU!!!!*$\"ImiCh7*uARkcD$Z]ft@;0a\\FCB9&z!!",
        "3165187": "!<d@[F*O+u#64c-E,TfCC&e56!<d@[F*^@)#64o6@VfsmCI<#NAHu^]F`__:EWlSfH#R=%@q]:bE\\2*GDJ'(WEc6&.FCePS!!!!%$#O6pBL-NKCh;?3aZfn5Ec6&.FCeVU!!!!*$\"ImiCh7*uARkcD$Z]ft@;0a\\FCB9&z!!",
        "6299651": "!<d@[F*O+u#64c-E,TfCD#aP9!<d@[F*]ss#64o6@VfsmCI<#NAJK6(@r$13E+NQ3Ecki#Ch521Eb/ec\"E\\p.AJT</@Ua.b/R`^6Cgh??/SB*4DJ=3(\":&scFCB9&=9&=$!!EUFATMNNDJ*csdSp%X\":&scFCB9&=o\\O&!!rsADes6$@ru9m!!E[MAT2'lE`7'gFCbFP!!!!",
        "8393731": "!<d@[F*O+u#64c-E,TfCDZBb;!<d@[F*]jp#64o6@VfsmCI<#NAIrp*E,]`9FCJfiD(T1/ARl&M@V&tbF\"%(r-OL@n!!%O6'`\\5a590_(J3OYW%J]sQ4r++t5JS9@!2.(Di_(Br!!",
        "8402947": "!<d@[F*O+u#64c-E,TfCDZBb;!<d@[F*^1$#64o6@VfsmCI<#NAK5f1EarcrDerrqE\\1^4ARmB(D/aTB/T,KIFD(X",
        "9442307": "!<d@[F*O+u#64c-E,TfCDu]k<!<d@[F*]jp#64o6@VfsmCI<#NAIrp*E,]`9FCJfiD(T1/ARl&M@V&tbEub5f)[Zo]!!%O6*<6(i58\";<0\"j?Q*<?.j58`BQ!!",
        "3154948": "!<d@[F*O/!#64c-E,TfCC&e56!<d@[F*^!t#64o6@VfsmCI<#NAIW9mDfor.F*)>@@:s-U$#+:#ASuU.Ed7ZiEH>r7FE7Qb!!!3,F)5c:EsD_\"!!*'\"!4E%2!\"Ao.!!WgQASlBtEaa'4Eb,=fFCf<.ATD4$F`M%e@<6NjE+EC!A[DL=!<:8C5m.R;ASlBtEaa'4Eb,4Nz!!!<;AoD^\"AQ*\\hEa`Tl:i^JnErZ=LD.Rd%6#L=OA_Ra;562+\"FECr$BLZE?AH2]1!!!",
        "3163140": "!<d@[F*O/!#64c-E,TfCC&e56!<d@[F*^:'#64o6@VfsmCI<#NAHu^]F`__:EWlSfH#R=(@q]:bE\\2<SBl7Km1B[r'DffE0AQSp4!!!-.D.Rd%6#L=OA_R_e5Qh=4DffE0AQf'6!!!<3@rH1\"ARfgnA,l`?Eb02uBl[-o@<?&\\z",
        "3164164": "!<d@[F*O/!#64c-E,TfCC&e56!<d@[F*^=(#64o6@VfsmCI<#NAHu^]F`__:EWlSfH#R=%FCAWpAM%>'ARkoKEc6&.FCePS!!!!%$#O6pBL-NKCh;?3aZfn5Ec6&.FCeVU!!!!*$\"ImiCh7*uARkcD$Z]ft@;0a\\FCB9&z!!",
        "3165188": "!<d@[F*O/!#64c-E,TfCC&e56!<d@[F*^@)#64o6@VfsmCI<#NAHu^]F`__:EWlSfH#R=%@q]:bE\\2*GDJ'(WEc6&.FCePS!!!!%$#O6pBL-NKCh;?3aZfn5Ec6&.FCeVU!!!!*$\"ImiCh7*uARkcD$Z]ft@;0a\\FCB9&z!!",
        "7349252": "!<d@[F*O/!#64c-E,TfCD?'Y:!<d@[F*^!t#64o6@VfsmCI<#NAIW9mDfor.F*)>@@:s-U$#+:#ASuU.Ed7ZiEH>r7FE7Qb!!!3,F)5c:EsD_\"!!*'\"!4E%2!##>4!!WgQASlBtEaa'4Eb,=fFCf<.ATD4$F`M%e@<6NjE+EC!A[DL=!<:8C5m.R;ASlBtEaa'4Eb,4Nz!!!<;AoD^\"AQ*\\hEa`Tl:i^JnErZ=LD.Rd%6#L=OA_R_e5QM4#FECr$BLZE?AH2]1!!!",
        "8408068": "!<d@[F*O/!#64c-E,TfCDZBb;!<d@[F*^@)#64o6@VfsmCI<#NAK,`0Earc7@UX=l@kD/4Ec,H!Dfp.RDJsQ;BEJoiEa`j,Bln'-DFe\\gEcXocAon\"Qzn@o&>CghC,6YL%@CI*&ADffE(6t(@^z9G%_\"!!",
        "13652996": "!<d@[F*O/!#64c-E,TfCF8u:@!<d@[F*^F+#64o6@VfsmCI<#NAIrp*E,]`9FCJfiD(T1/ARl&M@V&tbEutAh*=<,_!!!!`'`\\5a4q\\23!!%O7('\":u^_l'(+9DN",
        "14689284": "!<d@[F*O/!#64c-E,TfCFT;CA!<d@[F*^!t#64o6@VfsmCI<#NAK#Z/Earc7@UX=l@kD/4Ec,H!Dfp.RARTY%!u#cs@;^.#FD5Z288iWkF%g.WF8u:@!!!#g^B50d@<6NXBOt[h6$-(EFCAuR@<lno!!!!m&Ih#+",
        "3152901": "!<d@[F*O2\"#64c-E,TfCC&e56!<d@[F*]pr#64o6@VfsmCI<#NAIW9mDfor.F*)>@@:s-U$#+:#ASuU.Ed7ZiEH>r7FE7Qb!!!3,F)5c:EsD_\"!!*'\"!4E%2!$;1@!!WgQASlBtEaa'4Eb,=fFCf<.ATD4$F`M%e@<6NjE+EC!A[DL=!<:8C5m.R;ASlBtEaa'4Eb,4Nz!!!<;AoD^\"AQ*\\hEa`Tl:i^JnErZ=LD.Rd%6#L=OAH2]1!!*F8FECr$BLZE?AH2]1!!!",
        "3155973": "!<d@[F*O2\"#64c-E,TfCC&e56!<d@[F*^$u#64o6@VfsmCI<#NAHu^]F`__:EWlSfH#R='CggjbATBA2B4YU.\":&scFCB9&=9&=$!!EUFATMNNDJ*csjNA<(\":&scFCB9&=o\\O&!!rsADes6$@ru9m!!E[MAT2'lE`7'gFCbFP!!!!",
        "3158021": "!<d@[F*O2\"#64c-E,TfCC&e56!<d@[F*^+\"#64o6@VfsmCI<#NAIi<iDfRFNDes,u/R`:'A-<6[DffE0AQ_o>AD7Vd5R@X5E+NouA,uuGBl8**Ecai\\DIdQpErZ1",
        "4204549": "!<d@[F*O2\"#64c-E,TfCCB+>7!<d@[F*^$u#64o6@VfsmCI<#NAHu^]F`__:EWlSfH#R='CggjbATBA2B4YU.\":&scFCB9&=9&=$!!EUFATMNNDJ*csjNA<(\":&scFCB9&=o\\O&!!rsADes6$@ru9m!!E[MAT2'lE`7'gFCbFP!!!!",
        "5253125": "!<d@[F*O2\"#64c-E,TfCC]FG8!<d@[F*^$u#64o6@VfsmCI<#NAHu^]F`__:EWlSfH#R='CggjbATBA2B4YU.\":&scFCB9&=9&=$!!EUFATMNNDJ*csjNA<(\":&scFCB9&=o\\O&!!rsADes6$@ru9m!!E[MAT2'lE`7'gFCbFP!!!!",
        "6296581": "!<d@[F*O2\"#64c-E,TfCD#aP9!<d@[F*]jp#64o6@VfsmCI<#NAJK6(@r$13E+NQ3Ecki#Ch521Eb/ec\"E\\p.AJT</@Ua.b/R`^6Cgh?>/SB*4DJ=3(\":&scFCB9&=9&=$!!EUFATMNNDJ*csi9`0_\":&scFCB9&=o\\O&!!rsADes6$@ru9m!!E[MAT2'lE`7'gFCbFP!!!!",
        "6301701": "!<d@[F*O2\"#64c-E,TfCD#aP9!<d@[F*^$u#64o6@VfsmCI<#NAHu^]F`__:EWlSfH#R='CggjbATBA2B4YU.\":&scFCB9&=9&=$!!EUFATMNNDJ*csjNA<(\":&scFCB9&=o\\O&!!rsADes6$@ru9m!!E[MAT2'lE`7'gFCbFP!!!!",
        "7350277": "!<d@[F*O2\"#64c-E,TfCD?'Y:!<d@[F*^$u#64o6@VfsmCI<#NAHu^]F`__:EWlSfH#R='CggjbATBA2B4YU.\":&scFCB9&=9&=$!!EUFATMNNDJ*csjNA<(\":&scFCB9&=o\\O&!!rsADes6$@ru9m!!E[MAT2'lE`7'gFCbFP!!!!",
        "3165190": "!<d@[F*O5##64c-E,TfCC&e56!<d@[F*^@)#64o6@VfsmCI<#NAJK6(@r$13E+NQ3Ecki#Ch521Eb/ec\"E\\p.AJT</@Ua.b/R`^6Cgh??/SB*4DJ=3(\":&scFCB9&=9&=$!!EUFATMNNDJ*csgCHlk\":&scFCB9&=o\\O&!!rsADes6$@ru9m!!E[MAT2'lE`7'gFCbFP!!!!",
        "4205574": "!<d@[F*O5##64c-E,TfCCB+>7!<d@[F*^(!#64o6@VfsmCI<#NAIW9mDfor.F*)>@@:s-U$#+:#ASuU.Ed7ZiEH>r7FE7Qb!!!3,F)5c:EsD_\"!!*'\"!4E%2!\"Ao.!!WgQASlBtEaa'4Eb,=fFCf<.ATD4$F`M%e@<6NjE+EC!A[DL=!<:8C5m.R;ASlBtEaa'4Eb,4Nz!!!<;AoD^\"AQ*\\hEa`Tl:i^JnErZ=LD.Rd%6#L=OA_R_e5QM4#FECr$BLZE?AH2]1!!!",
        "7357446": "!<d@[F*O5##64c-E,TfCD?'Y:!<d@[F*^:'#64o6@VfsmCI<#NAHu^]F`__:EWlSfH#R=0@V'('@V'(%F*)G2G:dlMDJ*cs1'@i&DffE0AQSp4!!!-.D.Rd%6#L=OA_Ra;^B=d^DffE0AQf'6!!!<3@rH1\"ARfgnA,l`?Eb02uBl[-o@<?&\\z",
        "7358470": "!<d@[F*O5##64c-E,TfCD?'Y:!<d@[F*^=(#64o6@VfsmCI<#NAJK6(@r$13E+NQ3Ecki#Ch521Eb/ec\"E\\p.AJT</@Ua.b/R`^6Cgh?=/SB*4DJ=3(\":&scFCB9&=9&=$!!EUFATMNNDJ*csdSp%X\":&scFCB9&=o\\O&!!rsADes6$@ru9m!!E[MAT2'lE`7'gFCbFP!!!!",
        "7359494": "!<d@[F*O5##64c-E,TfCD?'Y:!<d@[F*^@)#64o6@VfsmCI<#NAI;p\\ATMrFARTY%\"po!]G%GQ5DfU+(#'\"^#Dfg%+!!!!'\"`nKuFE7Zf0E;+R!!!Z5!!!$\"!!!-0FDl80CdVlEDI[8&bY12##6?OZ!<<*\"!s&B%!<<*\"\":K<iFCAuQBOPdgAH2]q56(oh1&q=T!!!Z5!!!$\"!!!-0FDl80CdVlEDI[8&bY12##6?U\\!<<*\"\"9AK&!<<*\"\":K<iFCAuQBOPdgAH2^\\4obfg1]ROV!!!0'!!!$\"!!!!(!AsiX!!!!'!<<*#z#6?^_!<<*\"!W`9$!<<*\"\":K<iFCAuQBOPdgAX]#)56(oh2ZNjY!!!Z5!!!$\"!!!-0FDl80CdVlEDI[8&bY12#!!!02AoD]VCi<g!6Z6LH$=da\\F*'!F@<6Mo\"E\\p.AI;pcCi!O!F(Jl:\":8pVF(djWB5D/-;u=<0",
        "8399878": "!<d@[F*O5##64c-E,TfCDZBb;!<d@[F*^(!#64o6@VfsmCI<#NAJoT.Earc7@UX=l@kD8:FD5W&F=hBKEcbss'6J8'DKBN6Bl@l[Dfp)A9P%gXz!!)N'!u,Q[F*'c_ARfLAFB!1#@;J>?H#irc!!#\\)%7's",
        "3152903": "!<d@[F*O8$#64c-E,TfCC&e56!<d@[F*]pr#64o6@VfsmCI<#NAIW9mDfor.F*)>@@:s-U$#+:#ASuU.Ed7ZiEH>r7FE7Qb!!!3,F)5c:EsD_\"!!*'\"!4E%2!##>4!!WgQASlBtEaa'4Eb,=fFCf<.ATD4$F`M%e@<6NjE+EC!A[DL=!<:8C5m.R;ASlBtEaa'4Eb,4Nz!!!<;AoD^\"AQ*\\hEa`Tl:i^JnErZ=LD.Rd%6#L=OAH2]1!!*F8FECr$BLZE?AH2]1!!!",
        "3167239": "!<d@[F*O8$#64c-E,TfCC&e56!<d@[F*^F+#64o6@VfsmCI<#NAIrp*E,]`9FCJfiD(T1/ARl&M@V&tbEuG#c(^^EU!!%O6&df'J!.[9K!!(qB(ue12!WW",
        "7354375": "!<d@[F*O8$#64c-E,TfCD?'Y:!<d@[F*^1$#64o6@VfsmCI<#NAJ/NlDfRFMF_P`)A1_h?F_>AC\":B0fFCB9&=]/[=gCMCj#mP<eASu'i!=93LDK]T3F@]hXA8Ggu!!!",
        "8394759": "!<d@[F*O8$#64c-E,TfCDZBb;!<d@[F*]mq#64o6@VfsmCI<#NAJK6(@r$13E+NQ3Ecki#Ch521Eb/ec\"E\\p.AJT</@Ua.b/R`^6Cgh?=/SB*4DJ=3(\":&scFCB9&=9&=$!!EUFATMNNDJ*csi9`25\":&scFCB9&=o\\O&!!rsADes6$@ru9m!!E[MAT2'lE`7'gFCbFP!!!!",
        "10507271": "!<d@[F*O8$#64c-E,TfCE<#t=!<d@[F*^F+#64o6@VfsmCI<#NAIrp*E,]`9FCJfiD(T1/ARl&M@V&tbEutAh*=;rZ!!%O6&e>EO!5QAbM++5I*Jm312&P=G+9DN",
        "4195336": "!<d@[F*O;%#64c-E,TfCCB+>7!<d@[F*]^l#64o6@VfsmCI<#NAIrp*E,]`9FCJfiD(T1/ARl&M@V&tbF!L_m+pnYd!!!!`*<6(i4q\\A8!!$uR('\";`590t/TKa:Q9-=?;",
        "5246984": "!<d@[F*O;%#64c-E,TfCC]FG8!<d@[F*]go#64o6@VfsmCI<#NAJK6(@r$13E+NQ3Ecki#Ch521Eb/ec\"E\\p.AJT</@Ua.b/R`^6Cgh??/SB*4DJ=3(\":&scFCB9&=9&=$!!EUFATMNNDJ*csgCHlk\":&scFCB9&=o\\O&!!rsADes6$@ru9m!!E[MAT2'lE`7'gFCbFP!!!!",
        "6304776": "!<d@[F*O;%#64c-E,TfCD#aP9!<d@[F*^.##64o6@VfsmCI<#NAIrp*E,]`9FCJfiD(T1/ARl&M@V&tbEutAh*=<,g!!#8K*<6(i58\";40\"j?Q('\":u58`BQ+9;H",
        "6311944": "!<d@[F*O;%#64c-E,TfCD#aP9!<d@[F*^C*#64o6@VfsmCI<#NAIrp*E,]`9FCJfiD(T1/ARl&M@V&tbF!L_m+pnYl!!#8K*<6(i58\"J9&/'Q$(&\\(r590_(OMD^m9-=68",
        "8393736": "!<d@[F*O;%#64c-E,TfCDZBb;!<d@[F*]jp#64o6@VfsmCI<#NAJK6(@r$13E+NQ3Ecki#Ch521Eb/ec\"E\\p.AJT</@Ua.b/R`^6Cgh??/SB*4DJ=3(\":&scFCB9&=9&=$!!EUFATMNNDJ*csi9`25\":&scFCB9&=o\\O&!!rsADes6$@ru9m!!E[MAT2'lE`7'gFCbFP!!!!",
        "8403976": "!<d@[F*O;%#64c-E,TfCDZBb;!<d@[F*^4%#64o6@VfsmCI<#NAJfN-Earc7@UX=l@kD8:FD5W&F=h'4F*%KtFE1f-F(o`1Df/*aF`MOsAS-#az!:[`*'Pq3!F@0_Q@r\"AP<,ZkeCd_]WErZ1?!)*t65l^",
        "9457672": "!<d@[F*O;%#64c-E,TfCDu]k<!<d@[F*^C*#64o6@VfsmCI<#NAIrp*E,]`9FCJfiD(T1/ARl&M@V&tbF!L_m+pnYl!!%O6*<6(i58\"J90\"nm((&Ir[590_(i4p2h9-=68",
        "11540488": "!<d@[F*O;%#64c-E,TfCEW?(>!<d@[F*]mq#64o6@VfsmCI<#NAJK6(@r$13E+NQ3Ecki#Ch521Eb/ec\"E\\p.AJT</@Ua.b/R`^6Cgh?@/SB*4DJ=3(\":&scFCB9&=9&=$!!EUFATMNNDJ*csi9`25\":&scFCB9&=o\\O&!!rsADes6$@ru9m!!E[MAT2'lE`7'gFCbFP!!!!",
        "3146761": "!<d@[F*O>&#64c-E,TfCC&e56!<d@[F*]^l#64o6@VfsmCI<#NAIrp*E,]`9FCJfiD(T1/ARl&M@V&tbEutAh*=<,_!!%O5*<6(i58\";4r;V8\\'`\\5a58`BQ+9VZ",
        "3148809": "!<d@[F*O>&#64c-E,TfCC&e56!<d@[F*]dn#64o6@VfsmCI<#NAHu^]F`__:EWlSfH#R=#@WGn'Bk;<A\":&scFCB9&=9&=$!!EUFATMNNDJ*csgCMCj\":&scFCB9&=o\\O&!!rsADes6$@ru9m!!E[MAT2'lE`7'gFCbFP!!!!",
        "5246985": "!<d@[F*O>&#64c-E,TfCC]FG8!<d@[F*]go#64o6@VfsmCI<#NAIrp*E,]`9FCJfiD(T1/ARl&M@V&tbEutAh*=;rZ!!#8K&e>HOs.;Lj!!!#7*<6)T^DPs'+9VZ",
        "5248009": "!<d@[F*O>&#64c-E,TfCC]FG8!<d@[F*]jp#64o6@VfsmCI<#NAIrp*E,]`9FCJfiD(T1/ARl&M@V&tbF!L_m+pnYd!!%O5*<6(i58\"J9rr52I'ifq'ZQ0#GJA2r\\9-=?;",
        "17836041": "!<d@[F*O>&#64c-E,TfCGQ7^D!<d@[F*^$u#64o6@VfsmCI<#NAIW9mDfor.F*)>@@:s-U$#+:#ASuU.Ed7ZiEH>r7FE7Qb!!!3,F)5c:EsD_\"!!*'\"!4E%2!!`K(!!WgQASlBtEaa'4Eb,=fFCf<.ATD4$F`M%e@<6NjE+EC!A[DL=!<:8C5m.R;ASlBtEaa'4Eb,4Nz!!!<;AoD^\"AQ*\\hEa`Tl:i^JnErZ=LD.Rd%6#L=OA_R_e5QM4#FECr$BLZE?AH2]1!!!",
        "17837065": "!<d@[F*O>&#64c-E,TfCGQ7^D!<d@[F*^(!#64o6@VfsmCI<#NAIW9mDfor.F*)>@@:s-U$#+:#ASuU.Ed7ZiEH>r7FE7Qb!!!3,F)5c:EsD_\"!!*'\"!4E%2!#Yb:!!WgQASlBtEaa'4Eb,=fFCf<.ATD4$F`M%e@<6NjE+EC!A[DL=!<:8C5m.R;ASlBtEaa'4Eb,4Nz!!!<;AoD^\"AQ*\\hEa`Tl:i^JnErZ=LD.Rd%6#L=OA_R_e5QM4#FECr$BLZE?AH2]1!!!",
        "3159050": "!<d@[F*OA'#64c-E,TfCC&e56!<d@[F*^.##64o6@VfsmCI<#NAHu^]F`__:EWlSfH#R=#@WGn'Bk;<A\":&scFCB9&=9&=$!!EUFATMNNDJ*csdSp$-\":&scFCB9&=o\\O&!!rsADes6$@ru9m!!E[MAT2'lE`7'gFCbFP!!!!"
    },
    "Entities": [],
    "ReplaceMode": 2,
    "EntranceRotation": -1
}