{
    "GameVersion": "1.19.7",
    "SizeX": 10,
    "SizeY": 20,
    "SizeZ": 21,
    "BlockCodes": {
        "9698": "game:supportbeam-aged",
        "605": "game:crock-burned-east",
        "2966": "game:cobblestone-granite",
        "4154": "game:drystone-granite",
        "9493": "game:agedstonebricks-granite",
        "2852": "game:cobblestoneslab-granite-down-free",
        "3023": "game:cobblestonestairs-granite-up-east-free",
        "2329": "game:slantedroofing-fireclay-east-free",
        "6179": "game:rock-granite",
        "3061": "game:cobblestonestairs-granite-up-south-free",
        "8606": "game:clutter",
        "8079": "game:clutteredbookshelf",
        "8611": "game:meta-filler",
        "7355": "game:plankslab-aged-up-free",
        "9526": "game:door-solid-aged",
        "6540": "game:crate",
        "136": "game:multiblock-monolithic-0-p1-0",
        "8617": "game:spiderweb",
        "2833": "game:cobblestoneslab-granite-up-free",
        "8386": "game:torch-basic-burnedout-south",
        "3042": "game:cobblestonestairs-granite-down-east-free",
        "3004": "game:cobblestonestairs-granite-down-north-free",
        "3080": "game:cobblestonestairs-granite-down-south-free",
        "2559": "game:slantedroofingridge-fireclay-ns-free",
        "3118": "game:cobblestonestairs-granite-down-west-free",
        "2339": "game:slantedroofing-fireclay-south-free",
        "7368": "game:plankslab-aged-down-free",
        "2319": "game:slantedroofing-fireclay-north-free",
        "2489": "game:slantedroofingcornerouter-fireclay-east-free",
        "2479": "game:slantedroofingcornerouter-fireclay-north-free",
        "1184": "game:locustnest-metalspike-small",
        "3099": "game:cobblestonestairs-granite-up-west-free",
        "2349": "game:slantedroofing-fireclay-west-free",
        "1617": "game:torchholder-aged-empty-south",
        "8379": "game:torch-basic-extinct-north",
        "8385": "game:torch-basic-extinct-south",
        "8380": "game:torch-basic-burnedout-north",
        "675": "game:clayshingleblock-red",
        "8610": "game:groundstorage",
        "2499": "game:slantedroofingcornerouter-fireclay-south-free",
        "2509": "game:slantedroofingcornerouter-fireclay-west-free",
        "2985": "game:cobblestonestairs-granite-up-north-free",
        "8619": "game:stationarybasket-east",
        "2795": "game:cobblestoneslab-granite-south-free",
        "2757": "game:cobblestoneslab-granite-north-free",
        "9458": "game:overlay-gravel-dry4",
        "9456": "game:overlay-gravel-dry2",
        "9448": "game:attachingplant-spottymoss",
        "9457": "game:overlay-gravel-dry3",
        "9455": "game:overlay-gravel-dry1",
        "9460": "game:oxidation-rust-dripping"
    },
    "ItemCodes": {
        "3640": "game:stackrandomizer-mechanical",
        "278": "game:stackrandomizer-painting",
        "1592": "game:bow-crude",
        "259": "game:stackrandomizer-cloth-mediumstatus",
        "275": "game:stackrandomizer-resource",
        "262": "game:stackrandomizer-accessory-mediumstatus"
    },
    "Indices": [
        3165184,
        6303744,
        9449472,
        12289,
        13313,
        14337,
        15361,
        16385,
        17409,
        18433,
        19457,
        1060865,
        1061889,
        1062913,
        1063937,
        1064961,
        1065985,
        1067009,
        1068033,
        2109441,
        2110465,
        2111489,
        2112513,
        2113537,
        2114561,
        2115585,
        2116609,
        3156993,
        3158017,
        3159041,
        3160065,
        3161089,
        3162113,
        3163137,
        3164161,
        3165185,
        4206593,
        4207617,
        4208641,
        4209665,
        4210689,
        4211713,
        4212737,
        4213761,
        5255169,
        5256193,
        5257217,
        5258241,
        5259265,
        5260289,
        5261313,
        5262337,
        6302721,
        6303745,
        6304769,
        6305793,
        6306817,
        6307841,
        6308865,
        6309889,
        6310913,
        6311937,
        7352321,
        7353345,
        7354369,
        7355393,
        7356417,
        7357441,
        7358465,
        7359489,
        8400897,
        8401921,
        8402945,
        8403969,
        8404993,
        8406017,
        8407041,
        8408065,
        9448449,
        9449473,
        9450497,
        9451521,
        9452545,
        9453569,
        9454593,
        9455617,
        9456641,
        10498049,
        10499073,
        10500097,
        10501121,
        10502145,
        10503169,
        10504193,
        10505217,
        10506241,
        8194,
        9218,
        10242,
        11266,
        19458,
        1056770,
        1057794,
        1058818,
        1059842,
        1068034,
        2105346,
        2106370,
        2107394,
        2108418,
        2109442,
        2110466,
        2111490,
        2112514,
        2113538,
        2114562,
        2115586,
        2116610,
        3150850,
        3153922,
        3154946,
        3155970,
        3156994,
        3158018,
        3159042,
        3160066,
        3161090,
        3162114,
        3163138,
        3164162,
        3165186,
        4203522,
        4204546,
        4205570,
        4206594,
        4207618,
        4208642,
        4209666,
        4210690,
        4211714,
        4212738,
        4213762,
        5253122,
        5254146,
        5255170,
        5256194,
        5257218,
        5258242,
        5259266,
        5260290,
        5261314,
        5262338,
        6302722,
        6303746,
        6304770,
        6305794,
        6306818,
        6307842,
        6308866,
        6309890,
        6310914,
        7352322,
        7353346,
        7354370,
        7355394,
        7356418,
        7357442,
        7358466,
        7359490,
        8400898,
        8401922,
        8402946,
        8403970,
        8404994,
        8406018,
        8407042,
        8408066,
        9442306,
        9448450,
        9449474,
        9450498,
        9451522,
        9452546,
        9453570,
        9454594,
        9455618,
        9456642,
        10498050,
        10499074,
        10500098,
        10501122,
        10502146,
        10503170,
        10504194,
        10505218,
        11546626,
        11547650,
        11548674,
        11549698,
        11550722,
        11551746,
        11552770,
        11553794,
        5123,
        6147,
        7171,
        19459,
        1053699,
        1054723,
        1055747,
        1068035,
        2102275,
        2103299,
        2104323,
        2105347,
        2106371,
        2107395,
        2108419,
        2109443,
        2110467,
        2111491,
        2112515,
        2113539,
        2114563,
        2115587,
        2116611,
        3150851,
        3151875,
        3152899,
        3153923,
        3154947,
        3155971,
        3156995,
        3158019,
        3159043,
        3160067,
        3161091,
        3162115,
        3163139,
        3164163,
        3165187,
        4199427,
        4200451,
        4201475,
        4202499,
        4203523,
        4204547,
        4205571,
        4206595,
        4207619,
        4208643,
        4209667,
        4210691,
        4211715,
        4212739,
        4213763,
        5243907,
        5248003,
        5249027,
        5250051,
        5251075,
        5252099,
        5253123,
        5254147,
        5255171,
        5256195,
        5257219,
        5258243,
        5259267,
        5260291,
        5261315,
        5262339,
        6296579,
        6297603,
        6298627,
        6299651,
        6300675,
        6301699,
        6302723,
        6303747,
        6304771,
        6305795,
        6306819,
        6307843,
        6308867,
        6309891,
        6310915,
        7345155,
        7346179,
        7347203,
        7348227,
        7349251,
        7350275,
        7351299,
        7352323,
        7353347,
        7354371,
        7355395,
        7356419,
        7357443,
        7358467,
        7359491,
        8389635,
        8392707,
        8393731,
        8394755,
        8395779,
        8396803,
        8397827,
        8398851,
        8399875,
        8400899,
        8401923,
        8402947,
        8403971,
        8404995,
        8406019,
        8407043,
        8408067,
        9441283,
        9442307,
        9443331,
        9444355,
        9445379,
        9446403,
        9447427,
        9448451,
        9449475,
        9450499,
        9451523,
        9452547,
        9453571,
        9454595,
        9455619,
        9456643,
        10490883,
        10491907,
        10492931,
        10493955,
        10494979,
        10496003,
        10497027,
        10498051,
        10499075,
        10500099,
        10501123,
        10502147,
        10503171,
        10504195,
        10505219,
        11539459,
        11540483,
        11541507,
        11542531,
        11543555,
        11544579,
        11545603,
        11546627,
        11553795,
        12588035,
        12589059,
        12590083,
        12591107,
        12592131,
        12593155,
        12594179,
        12595203,
        12596227,
        12597251,
        12598275,
        12599299,
        12600323,
        12601347,
        12602371,
        13636611,
        13637635,
        13638659,
        13639683,
        13640707,
        13641731,
        13642755,
        14685187,
        14688259,
        14691331,
        15733763,
        15736835,
        15739907,
        16782339,
        16783363,
        16784387,
        16785411,
        16786435,
        16787459,
        16788483,
        17830915,
        17831939,
        17832963,
        17833987,
        17835011,
        17836035,
        17837059,
        1028,
        2052,
        3076,
        4100,
        5124,
        19460,
        1049604,
        1050628,
        1051652,
        1052676,
        1053700,
        1068036,
        2098180,
        2099204,
        2100228,
        2101252,
        2102276,
        2103300,
        2104324,
        2105348,
        2106372,
        2107396,
        2108420,
        2109444,
        2110468,
        2111492,
        2112516,
        2113540,
        2114564,
        2115588,
        2116612,
        3145732,
        3146756,
        3147780,
        3148804,
        3149828,
        3150852,
        3151876,
        3152900,
        3153924,
        3154948,
        3155972,
        3156996,
        3158020,
        3159044,
        3160068,
        3161092,
        3162116,
        3163140,
        3164164,
        3165188,
        4195332,
        4196356,
        4197380,
        4198404,
        4199428,
        4200452,
        4201476,
        4202500,
        4203524,
        4204548,
        4205572,
        4206596,
        4207620,
        4208644,
        4209668,
        4210692,
        4211716,
        4212740,
        4213764,
        5243908,
        5244932,
        5245956,
        5246980,
        5248004,
        5249028,
        5250052,
        5251076,
        5252100,
        5253124,
        5254148,
        5255172,
        5256196,
        5257220,
        5258244,
        5259268,
        5260292,
        5261316,
        5262340,
        6292484,
        6293508,
        6294532,
        6295556,
        6296580,
        6297604,
        6298628,
        6299652,
        6300676,
        6301700,
        6302724,
        6303748,
        6304772,
        6305796,
        6306820,
        6307844,
        6308868,
        6309892,
        6310916,
        7341060,
        7342084,
        7343108,
        7344132,
        7345156,
        7346180,
        7347204,
        7348228,
        7349252,
        7350276,
        7351300,
        7352324,
        7353348,
        7354372,
        7355396,
        7356420,
        7357444,
        7358468,
        7359492,
        8389636,
        8390660,
        8391684,
        8392708,
        8393732,
        8394756,
        8395780,
        8396804,
        8397828,
        8398852,
        8399876,
        8400900,
        8401924,
        8402948,
        8403972,
        8404996,
        8406020,
        8407044,
        8408068,
        9437188,
        9438212,
        9439236,
        9440260,
        9441284,
        9442308,
        9443332,
        9444356,
        9445380,
        9446404,
        9447428,
        9448452,
        9449476,
        9450500,
        9451524,
        9452548,
        9453572,
        9454596,
        9455620,
        9456644,
        10490884,
        10497028,
        10498052,
        10499076,
        10500100,
        10501124,
        10502148,
        10503172,
        10504196,
        10505220,
        11539460,
        11545604,
        11546628,
        11553796,
        12588036,
        12589060,
        12590084,
        12591108,
        12592132,
        12593156,
        12594180,
        12595204,
        12602372,
        13636612,
        13639684,
        13641732,
        13642756,
        13643780,
        13644804,
        13645828,
        13646852,
        13647876,
        13648900,
        13649924,
        13650948,
        13651972,
        16782340,
        16788484,
        17830916,
        17831940,
        17832964,
        17833988,
        17835012,
        17836036,
        17837060,
        18880516,
        18881540,
        18882564,
        18883588,
        18884612,
        1029,
        19461,
        1049605,
        1068037,
        2098181,
        2099205,
        2100229,
        2101253,
        2102277,
        2103301,
        2104325,
        2105349,
        2106373,
        2107397,
        2108421,
        2109445,
        2110469,
        2111493,
        2112517,
        2113541,
        2114565,
        2115589,
        2116613,
        3146757,
        3147781,
        3148805,
        3149829,
        3150853,
        3151877,
        3152901,
        3153925,
        3154949,
        3155973,
        3156997,
        3158021,
        3159045,
        3160069,
        3161093,
        3162117,
        3163141,
        3164165,
        3165189,
        4195333,
        4196357,
        4197381,
        4198405,
        4199429,
        4200453,
        4201477,
        4202501,
        4203525,
        4204549,
        4205573,
        4206597,
        4207621,
        4208645,
        4209669,
        4210693,
        4211717,
        4212741,
        4213765,
        5243909,
        5244933,
        5245957,
        5246981,
        5248005,
        5249029,
        5250053,
        5251077,
        5252101,
        5253125,
        5254149,
        5255173,
        5256197,
        5257221,
        5258245,
        5259269,
        5260293,
        5261317,
        5262341,
        6292485,
        6293509,
        6294533,
        6295557,
        6296581,
        6297605,
        6298629,
        6299653,
        6300677,
        6301701,
        6302725,
        6303749,
        6304773,
        6305797,
        6306821,
        6307845,
        6308869,
        6309893,
        6310917,
        7341061,
        7342085,
        7343109,
        7344133,
        7345157,
        7346181,
        7347205,
        7348229,
        7349253,
        7350277,
        7351301,
        7352325,
        7353349,
        7354373,
        7355397,
        7356421,
        7357445,
        7358469,
        7359493,
        8389637,
        8390661,
        8391685,
        8392709,
        8393733,
        8394757,
        8395781,
        8396805,
        8397829,
        8398853,
        8399877,
        8400901,
        8401925,
        8402949,
        8403973,
        8404997,
        8406021,
        8407045,
        8408069,
        9438213,
        9439237,
        9440261,
        9441285,
        9442309,
        9443333,
        9444357,
        9445381,
        9446405,
        9447429,
        9448453,
        9449477,
        9450501,
        9451525,
        9452549,
        9453573,
        9454597,
        9455621,
        9456645,
        10486789,
        10487813,
        10488837,
        10489861,
        10490885,
        10494981,
        10497029,
        10498053,
        10499077,
        10500101,
        10501125,
        10502149,
        10503173,
        10504197,
        10505221,
        11539461,
        11543557,
        11545605,
        11546629,
        11553797,
        12588037,
        12589061,
        12592133,
        12593157,
        12594181,
        12595205,
        12596229,
        12597253,
        12598277,
        12599301,
        12600325,
        12601349,
        12602373,
        13636613,
        13642757,
        16782341,
        16788485,
        17830917,
        17831941,
        17832965,
        17833989,
        17835013,
        17836037,
        17837061,
        18880517,
        18884613,
        19930117,
        19931141,
        19932165,
        1030,
        19462,
        1049606,
        1068038,
        2098182,
        2099206,
        2100230,
        2101254,
        2102278,
        2103302,
        2104326,
        2105350,
        2106374,
        2107398,
        2108422,
        2109446,
        2110470,
        2111494,
        2112518,
        2113542,
        2114566,
        2115590,
        2116614,
        3146758,
        3147782,
        3148806,
        3149830,
        3150854,
        3151878,
        3152902,
        3153926,
        3154950,
        3155974,
        3156998,
        3158022,
        3159046,
        3160070,
        3161094,
        3162118,
        3163142,
        3164166,
        3165190,
        4195334,
        4196358,
        4197382,
        4198406,
        4199430,
        4200454,
        4201478,
        4202502,
        4203526,
        4204550,
        4205574,
        4206598,
        4207622,
        4208646,
        4209670,
        4210694,
        4211718,
        4212742,
        4213766,
        5243910,
        5244934,
        5245958,
        5246982,
        5248006,
        5249030,
        5250054,
        5251078,
        5252102,
        5253126,
        5254150,
        5255174,
        5256198,
        5257222,
        5258246,
        5259270,
        5260294,
        5261318,
        5262342,
        6292486,
        6293510,
        6294534,
        6295558,
        6296582,
        6297606,
        6298630,
        6299654,
        6300678,
        6301702,
        6302726,
        6303750,
        6304774,
        6305798,
        6306822,
        6307846,
        6308870,
        6309894,
        6310918,
        7341062,
        7342086,
        7343110,
        7344134,
        7345158,
        7346182,
        7347206,
        7348230,
        7349254,
        7350278,
        7351302,
        7352326,
        7353350,
        7354374,
        7355398,
        7356422,
        7357446,
        7358470,
        7359494,
        8389638,
        8390662,
        8391686,
        8392710,
        8393734,
        8394758,
        8395782,
        8396806,
        8397830,
        8398854,
        8399878,
        8400902,
        8401926,
        8402950,
        8403974,
        8404998,
        8406022,
        8407046,
        8408070,
        9438214,
        9439238,
        9440262,
        9441286,
        9442310,
        9443334,
        9444358,
        9445382,
        9446406,
        9447430,
        9448454,
        9449478,
        9450502,
        9451526,
        9452550,
        9453574,
        9454598,
        9455622,
        9456646,
        10486790,
        10487814,
        10488838,
        10489862,
        10490886,
        10497030,
        10498054,
        10499078,
        10500102,
        10501126,
        10502150,
        10503174,
        10504198,
        10505222,
        11535366,
        11536390,
        11537414,
        11538438,
        11539462,
        11545606,
        11546630,
        11547654,
        11548678,
        11549702,
        11550726,
        11551750,
        11552774,
        11553798,
        12588038,
        12589062,
        12590086,
        12591110,
        12594182,
        13636614,
        13639686,
        13642758,
        14685190,
        14686214,
        14690310,
        14691334,
        15733766,
        15739910,
        16782342,
        16785414,
        16788486,
        17830918,
        17831942,
        17832966,
        17833990,
        17835014,
        17836038,
        17837062,
        18880518,
        18884614,
        19930118,
        19931142,
        19932166,
        1031,
        18439,
        19463,
        1049607,
        1067015,
        1068039,
        2098183,
        2099207,
        2100231,
        2101255,
        2102279,
        2103303,
        2104327,
        2105351,
        2106375,
        2107399,
        2108423,
        2109447,
        2110471,
        2111495,
        2112519,
        2113543,
        2114567,
        2115591,
        2116615,
        3146759,
        3147783,
        3148807,
        3149831,
        3150855,
        3151879,
        3152903,
        3153927,
        3154951,
        3155975,
        3156999,
        3158023,
        3159047,
        3160071,
        3161095,
        3162119,
        3163143,
        3164167,
        3165191,
        3166215,
        4195335,
        4196359,
        4197383,
        4198407,
        4199431,
        4200455,
        4201479,
        4202503,
        4203527,
        4204551,
        4205575,
        4206599,
        4207623,
        4208647,
        4209671,
        4210695,
        4211719,
        4212743,
        4213767,
        5243911,
        5244935,
        5245959,
        5246983,
        5248007,
        5249031,
        5250055,
        5251079,
        5252103,
        5253127,
        5254151,
        5255175,
        5256199,
        5257223,
        5258247,
        5259271,
        5260295,
        5261319,
        5262343,
        6292487,
        6293511,
        6294535,
        6295559,
        6296583,
        6297607,
        6298631,
        6299655,
        6300679,
        6301703,
        6302727,
        6303751,
        6304775,
        6305799,
        6306823,
        6307847,
        6308871,
        6309895,
        6310919,
        7341063,
        7342087,
        7343111,
        7344135,
        7345159,
        7346183,
        7347207,
        7348231,
        7349255,
        7350279,
        7351303,
        7352327,
        7353351,
        7354375,
        7355399,
        7356423,
        7357447,
        7358471,
        7359495,
        8389639,
        8390663,
        8391687,
        8392711,
        8393735,
        8394759,
        8395783,
        8396807,
        8397831,
        8398855,
        8399879,
        8400903,
        8401927,
        8402951,
        8403975,
        8404999,
        8406023,
        8407047,
        8408071,
        9438215,
        9439239,
        9440263,
        9441287,
        9442311,
        9443335,
        9444359,
        9445383,
        9446407,
        9447431,
        9448455,
        9449479,
        9450503,
        9451527,
        9452551,
        9453575,
        9454599,
        9455623,
        9456647,
        10486791,
        10487815,
        10488839,
        10489863,
        10490887,
        10491911,
        10497031,
        10498055,
        10499079,
        10500103,
        10501127,
        10502151,
        10503175,
        10504199,
        10505223,
        10506247,
        11539463,
        11545607,
        12588039,
        12589063,
        12594183,
        13636615,
        13637639,
        13642759,
        16782343,
        16788487,
        17830919,
        17831943,
        17832967,
        17833991,
        17835015,
        17836039,
        17837063,
        18880519,
        18884615,
        19930119,
        19931143,
        19932167,
        1032,
        2056,
        3080,
        4104,
        5128,
        11272,
        12296,
        13320,
        14344,
        15368,
        16392,
        17416,
        1049608,
        1050632,
        1051656,
        1052680,
        1053704,
        1059848,
        1060872,
        1061896,
        1062920,
        1063944,
        1064968,
        1065992,
        2098184,
        2099208,
        2100232,
        2101256,
        2102280,
        2103304,
        2104328,
        2105352,
        2106376,
        2107400,
        2108424,
        2109448,
        2110472,
        2111496,
        2112520,
        2113544,
        2114568,
        3145736,
        3146760,
        3147784,
        3148808,
        3149832,
        3150856,
        3151880,
        3152904,
        3153928,
        3154952,
        3155976,
        3157000,
        3158024,
        3159048,
        3160072,
        3161096,
        3162120,
        3163144,
        4195336,
        4196360,
        4197384,
        4198408,
        4199432,
        4200456,
        4201480,
        4202504,
        4203528,
        4204552,
        4205576,
        4207624,
        4208648,
        4209672,
        4210696,
        5242888,
        5243912,
        5244936,
        5245960,
        5246984,
        5248008,
        5249032,
        5250056,
        5251080,
        5252104,
        5253128,
        5254152,
        5256200,
        5257224,
        5258248,
        6292488,
        6293512,
        6294536,
        6295560,
        6296584,
        6297608,
        6298632,
        6299656,
        6300680,
        6301704,
        6302728,
        6303752,
        6304776,
        6305800,
        6310920,
        7341064,
        7342088,
        7343112,
        7344136,
        7345160,
        7346184,
        7347208,
        7348232,
        7349256,
        7350280,
        7351304,
        8388616,
        8389640,
        8390664,
        8391688,
        8392712,
        8393736,
        8394760,
        8395784,
        8396808,
        8397832,
        8398856,
        8399880,
        9437192,
        9438216,
        9439240,
        9440264,
        9441288,
        9442312,
        9443336,
        9444360,
        9445384,
        9446408,
        9447432,
        9448456,
        9456648,
        10490888,
        10497032,
        11539464,
        11545608,
        12588040,
        12589064,
        12590088,
        12594184,
        13636616,
        13637640,
        13638664,
        13642760,
        16782344,
        16788488,
        17830920,
        17831944,
        17832968,
        17833992,
        17835016,
        17836040,
        17837064,
        18880520,
        18881544,
        18882568,
        18883592,
        18884616,
        5129,
        6153,
        7177,
        8201,
        9225,
        10249,
        11273,
        1053705,
        1054729,
        1055753,
        1056777,
        1057801,
        1058825,
        1059849,
        2102281,
        2103305,
        2104329,
        2105353,
        2106377,
        2107401,
        2108425,
        3149833,
        3150857,
        3151881,
        3152905,
        3153929,
        3154953,
        3155977,
        3157001,
        4199433,
        4200457,
        4201481,
        4202505,
        4203529,
        4204553,
        4205577,
        5243913,
        5248009,
        5249033,
        5250057,
        5251081,
        5252105,
        5253129,
        5254153,
        6296585,
        6297609,
        6298633,
        6299657,
        6300681,
        6301705,
        6302729,
        7345161,
        7346185,
        7347209,
        7348233,
        7349257,
        7350281,
        7351305,
        8392713,
        8393737,
        8394761,
        8395785,
        8396809,
        8397833,
        8398857,
        8399881,
        9442313,
        9443337,
        9444361,
        9445385,
        9446409,
        9447433,
        9448457,
        10490889,
        10491913,
        10492937,
        10493961,
        10494985,
        10496009,
        10497033,
        11539465,
        11540489,
        11541513,
        11542537,
        11543561,
        11544585,
        11545609,
        12588041,
        12589065,
        12590089,
        12591113,
        12592137,
        12593161,
        12594185,
        13636617,
        13637641,
        13638665,
        13639689,
        13640713,
        13641737,
        13642761,
        14685193,
        14688265,
        14691337,
        15733769,
        15736841,
        15739913,
        16782345,
        16783369,
        16784393,
        16785417,
        16786441,
        16787465,
        16788489,
        17830921,
        17831945,
        17832969,
        17833993,
        17835017,
        17836041,
        17837065
    ],
    "BlockIds": [
        9698,
        9698,
        9698,
        2966,
        2966,
        2966,
        2966,
        2966,
        2966,
        2966,
        2966,
        2966,
        2966,
        2966,
        2966,
        2966,
        2966,
        2966,
        2966,
        2966,
        2966,
        2966,
        2966,
        2966,
        2966,
        2966,
        2966,
        9698,
        4154,
        2966,
        9493,
        2966,
        4154,
        2966,
        4154,
        2966,
        2966,
        4154,
        9493,
        4154,
        9493,
        4154,
        9493,
        2966,
        2966,
        9493,
        9493,
        4154,
        9493,
        9493,
        2966,
        2966,
        9698,
        9493,
        4154,
        9493,
        2966,
        2966,
        9493,
        2966,
        9493,
        9698,
        9493,
        4154,
        2966,
        4154,
        2966,
        4154,
        2966,
        2966,
        9493,
        4154,
        2852,
        2966,
        9493,
        2852,
        9493,
        4154,
        9698,
        2966,
        4154,
        9493,
        4154,
        9493,
        2966,
        4154,
        2966,
        3023,
        2329,
        2329,
        2329,
        2329,
        2329,
        2329,
        3023,
        9698,
        2966,
        2966,
        2966,
        2966,
        2966,
        2966,
        2966,
        2966,
        2966,
        2966,
        2966,
        2966,
        2966,
        2966,
        6179,
        6179,
        6179,
        6179,
        6179,
        6179,
        6179,
        2966,
        9698,
        3061,
        9493,
        9493,
        2966,
        2966,
        8606,
        8606,
        8079,
        8079,
        8079,
        8079,
        2966,
        3061,
        2966,
        4154,
        9493,
        8611,
        8611,
        8079,
        8079,
        8079,
        8079,
        4154,
        3061,
        2966,
        9493,
        8611,
        8611,
        8611,
        8611,
        8611,
        8611,
        9493,
        3061,
        9493,
        7355,
        7355,
        7355,
        8611,
        8611,
        8611,
        4154,
        9526,
        8611,
        8606,
        6540,
        8611,
        8611,
        8611,
        2966,
        136,
        8611,
        8611,
        8611,
        8611,
        8611,
        8611,
        2966,
        9698,
        9698,
        2966,
        8611,
        8611,
        8611,
        8611,
        8611,
        8611,
        9493,
        2966,
        8611,
        8611,
        8611,
        8611,
        8611,
        8617,
        4154,
        3023,
        2329,
        2329,
        2329,
        2329,
        2329,
        2329,
        3023,
        2966,
        2966,
        2966,
        2966,
        2966,
        2966,
        2966,
        2966,
        2966,
        2966,
        2966,
        6179,
        6179,
        6179,
        6179,
        6179,
        6179,
        6179,
        6179,
        6179,
        6179,
        6179,
        2966,
        2966,
        4154,
        2966,
        9493,
        2966,
        9493,
        9493,
        9493,
        8606,
        8611,
        8611,
        8606,
        8606,
        8606,
        4154,
        4154,
        2966,
        9493,
        2966,
        2966,
        4154,
        9493,
        2966,
        8606,
        8611,
        8611,
        8611,
        8611,
        8611,
        2852,
        9698,
        9493,
        4154,
        2966,
        4154,
        9493,
        2966,
        2966,
        4154,
        8611,
        8611,
        8611,
        8611,
        8611,
        8611,
        2833,
        9493,
        4154,
        2966,
        2966,
        4154,
        2966,
        9493,
        9493,
        7355,
        7355,
        8611,
        8611,
        8611,
        8611,
        2966,
        4154,
        9493,
        4154,
        9493,
        2966,
        4154,
        2966,
        2966,
        8611,
        8611,
        8611,
        8611,
        8611,
        8611,
        4154,
        9698,
        9698,
        2966,
        2966,
        9493,
        2966,
        9493,
        2966,
        9493,
        2966,
        8386,
        8611,
        8611,
        8611,
        8611,
        8611,
        2852,
        9698,
        2966,
        4154,
        2966,
        4154,
        9493,
        9493,
        2966,
        2966,
        8611,
        8611,
        8611,
        8611,
        8611,
        8611,
        2833,
        2966,
        2966,
        9493,
        4154,
        2966,
        9493,
        2966,
        9493,
        8611,
        8611,
        8611,
        8611,
        8611,
        8611,
        2966,
        2966,
        9493,
        2966,
        9493,
        2966,
        4154,
        4154,
        2966,
        2966,
        9493,
        3042,
        3042,
        3042,
        3042,
        3042,
        9493,
        3023,
        2329,
        2329,
        2329,
        2329,
        2329,
        2329,
        3023,
        9493,
        4154,
        4154,
        2966,
        9493,
        4154,
        2966,
        2966,
        4154,
        4154,
        2966,
        9493,
        9493,
        9493,
        3004,
        3080,
        4154,
        3004,
        3080,
        4154,
        9493,
        2329,
        2329,
        9493,
        2329,
        2329,
        2966,
        2966,
        2966,
        2966,
        2966,
        2966,
        2966,
        2966,
        2966,
        2966,
        2966,
        2966,
        2966,
        2966,
        2966,
        2966,
        2966,
        2966,
        6179,
        6179,
        6179,
        6179,
        6179,
        6179,
        6179,
        6179,
        6179,
        6179,
        6179,
        6179,
        6179,
        2966,
        9698,
        2966,
        2966,
        9493,
        2966,
        2966,
        8606,
        8606,
        8606,
        8611,
        8611,
        2966,
        4154,
        8611,
        8611,
        8611,
        8611,
        8611,
        8611,
        9493,
        9493,
        2966,
        9493,
        9493,
        9493,
        8611,
        8611,
        8611,
        8611,
        8611,
        9493,
        4154,
        8386,
        8611,
        8611,
        8611,
        8611,
        8611,
        2966,
        9493,
        4154,
        9493,
        4154,
        9493,
        8611,
        8611,
        8611,
        8611,
        8611,
        4154,
        9493,
        8611,
        8611,
        8611,
        8611,
        8611,
        8611,
        9493,
        2966,
        2966,
        4154,
        2966,
        2966,
        7355,
        7355,
        7355,
        7355,
        7355,
        4154,
        4154,
        7355,
        8611,
        8611,
        8611,
        8611,
        8611,
        9493,
        2966,
        2966,
        9493,
        9493,
        2966,
        8606,
        8606,
        8611,
        8611,
        8611,
        2966,
        2966,
        8611,
        8611,
        8611,
        8611,
        8611,
        8611,
        9493,
        9493,
        2966,
        4154,
        4154,
        2966,
        8611,
        8611,
        8611,
        8611,
        8611,
        9493,
        2966,
        8611,
        8611,
        8611,
        8611,
        8611,
        8611,
        2966,
        9698,
        2329,
        2329,
        2329,
        2329,
        2966,
        8611,
        8611,
        8611,
        8611,
        8611,
        2966,
        4154,
        8611,
        8611,
        8611,
        8611,
        8611,
        8611,
        9493,
        9493,
        9493,
        2966,
        8611,
        8611,
        8611,
        8611,
        8611,
        8611,
        2966,
        9493,
        2966,
        9493,
        2852,
        3080,
        7355,
        7355,
        7355,
        7355,
        7355,
        3004,
        4154,
        2833,
        4154,
        8606,
        8606,
        9493,
        2852,
        2559,
        2559,
        2559,
        2559,
        2559,
        2559,
        2852,
        9698,
        3118,
        3118,
        2339,
        7368,
        7368,
        7368,
        7368,
        7368,
        2319,
        2489,
        2329,
        2329,
        2329,
        2479,
        2966,
        2966,
        2966,
        2966,
        2966,
        6179,
        6179,
        6179,
        6179,
        6179,
        6179,
        6179,
        6179,
        6179,
        6179,
        6179,
        6179,
        6179,
        6179,
        6179,
        6179,
        6179,
        2966,
        4154,
        8606,
        8606,
        8606,
        2966,
        8606,
        1184,
        8611,
        8606,
        8611,
        9526,
        8611,
        8611,
        8611,
        8611,
        8611,
        8611,
        8606,
        4154,
        9493,
        8611,
        8611,
        8611,
        9493,
        8611,
        8611,
        8611,
        8606,
        8611,
        136,
        8611,
        8611,
        8611,
        8611,
        8611,
        8611,
        8611,
        2852,
        2966,
        8611,
        8611,
        8611,
        4154,
        8611,
        8611,
        8611,
        8606,
        8611,
        9493,
        2966,
        8611,
        8611,
        8611,
        8611,
        8611,
        8611,
        2833,
        2966,
        8611,
        8611,
        8611,
        4154,
        7355,
        8611,
        8611,
        8606,
        7355,
        4154,
        2966,
        7355,
        8611,
        8611,
        8611,
        8611,
        8611,
        2966,
        4154,
        8611,
        8611,
        8611,
        9493,
        8611,
        8611,
        8611,
        8606,
        8606,
        9526,
        8611,
        8611,
        8611,
        8611,
        8611,
        8611,
        8611,
        4154,
        4154,
        8611,
        8611,
        8611,
        4154,
        8611,
        8611,
        8611,
        8606,
        8611,
        136,
        8611,
        8611,
        8611,
        8611,
        8611,
        8611,
        8611,
        2852,
        4154,
        3118,
        3118,
        3118,
        4154,
        8611,
        8611,
        8611,
        8606,
        8611,
        9493,
        2966,
        8611,
        8611,
        8611,
        8611,
        8611,
        8611,
        2833,
        2329,
        2329,
        2329,
        2329,
        9493,
        8606,
        4154,
        9493,
        8611,
        8611,
        8611,
        8611,
        8611,
        8611,
        4154,
        9493,
        8606,
        9493,
        2966,
        2966,
        3080,
        7355,
        8606,
        7355,
        3004,
        3099,
        2349,
        2349,
        2349,
        2349,
        2349,
        2349,
        3099,
        9493,
        4154,
        3042,
        3042,
        2339,
        7368,
        7368,
        7368,
        7368,
        7368,
        2319,
        2339,
        2319,
        2489,
        2329,
        2479,
        2966,
        2966,
        2966,
        2966,
        2966,
        6179,
        6179,
        6179,
        6179,
        6179,
        6179,
        6179,
        6179,
        6179,
        6179,
        6179,
        6179,
        6179,
        6179,
        6179,
        6179,
        6179,
        2966,
        4154,
        8611,
        8606,
        8611,
        9526,
        8611,
        8611,
        8606,
        8611,
        8611,
        9493,
        2966,
        8606,
        8606,
        8606,
        8606,
        8611,
        8606,
        2966,
        2966,
        8611,
        8611,
        8611,
        136,
        8611,
        8611,
        8611,
        8611,
        1617,
        4154,
        4154,
        8611,
        8611,
        8611,
        8611,
        8611,
        8611,
        9493,
        2966,
        8611,
        8611,
        8611,
        9493,
        8611,
        8611,
        8611,
        8611,
        8611,
        2966,
        2966,
        8611,
        8611,
        8611,
        8611,
        8611,
        8611,
        2966,
        2852,
        8611,
        8611,
        8611,
        2966,
        7355,
        7355,
        7355,
        7355,
        7355,
        4154,
        2966,
        7355,
        7355,
        7355,
        7355,
        7355,
        7355,
        9493,
        8611,
        8611,
        8611,
        8611,
        4154,
        8611,
        8606,
        8611,
        8611,
        8611,
        9493,
        2966,
        8611,
        8611,
        8611,
        8606,
        8611,
        8606,
        9493,
        2833,
        8611,
        8611,
        8611,
        2852,
        8611,
        8611,
        8611,
        8611,
        8379,
        2966,
        2966,
        8611,
        8611,
        8611,
        8611,
        8611,
        8611,
        9493,
        2966,
        8611,
        8611,
        8611,
        2833,
        8611,
        8611,
        8611,
        8611,
        8611,
        4154,
        2966,
        8611,
        8611,
        8611,
        8611,
        8611,
        8611,
        2966,
        9493,
        4154,
        4154,
        4154,
        4154,
        2966,
        2966,
        8617,
        8611,
        8611,
        8611,
        8611,
        8611,
        9493,
        2559,
        2559,
        2559,
        2559,
        4154,
        2966,
        3099,
        2349,
        2349,
        2349,
        2349,
        2349,
        2349,
        3099,
        3080,
        7355,
        7355,
        7355,
        3004,
        2966,
        8606,
        2966,
        2966,
        8385,
        8380,
        9493,
        2966,
        2966,
        4154,
        8606,
        4154,
        4154,
        7368,
        7368,
        7368,
        7368,
        7368,
        4154,
        2339,
        2319,
        2339,
        675,
        2319,
        2966,
        2966,
        2966,
        2966,
        2966,
        2966,
        2966,
        6179,
        6179,
        6179,
        6179,
        6179,
        6179,
        6179,
        6179,
        6179,
        6179,
        6179,
        6179,
        6179,
        6179,
        6179,
        6179,
        2966,
        2966,
        2966,
        8611,
        8611,
        8611,
        4154,
        8606,
        8606,
        8611,
        8606,
        8606,
        2966,
        9493,
        2966,
        9493,
        4154,
        2966,
        4154,
        2966,
        2966,
        9698,
        9493,
        8611,
        8611,
        8611,
        9493,
        8611,
        8611,
        8611,
        8611,
        8611,
        9493,
        9493,
        9493,
        2966,
        2966,
        9493,
        4154,
        2966,
        2966,
        9493,
        8611,
        8611,
        8611,
        4154,
        8611,
        8611,
        8611,
        8611,
        8611,
        4154,
        9493,
        9493,
        4154,
        9493,
        4154,
        9493,
        2966,
        2966,
        2966,
        8611,
        8611,
        8611,
        4154,
        7355,
        8611,
        8611,
        8611,
        7355,
        2966,
        2966,
        4154,
        4154,
        2966,
        2966,
        4154,
        2966,
        2966,
        9493,
        8611,
        8611,
        8611,
        9493,
        6540,
        8611,
        8611,
        8611,
        8611,
        4154,
        2966,
        9526,
        4154,
        4154,
        9493,
        4154,
        4154,
        2966,
        2966,
        8611,
        8611,
        8611,
        4154,
        8611,
        8611,
        8611,
        8611,
        8611,
        9493,
        2966,
        136,
        2966,
        2852,
        9493,
        2852,
        4154,
        2966,
        9493,
        3042,
        3042,
        3042,
        2966,
        8611,
        8611,
        8611,
        8611,
        8611,
        2966,
        2966,
        4154,
        2966,
        9493,
        2966,
        2966,
        9493,
        4154,
        2349,
        2349,
        2349,
        2349,
        9493,
        8617,
        9493,
        3099,
        2349,
        2349,
        2349,
        2349,
        2349,
        2349,
        3099,
        9698,
        9493,
        4154,
        3080,
        7355,
        3004,
        4154,
        8610,
        9493,
        3118,
        3118,
        2339,
        7368,
        7368,
        7368,
        7368,
        7368,
        2319,
        2339,
        2319,
        2499,
        2349,
        2509,
        2966,
        2966,
        2966,
        2966,
        2966,
        2966,
        2966,
        2966,
        2966,
        2966,
        2966,
        2966,
        2966,
        2966,
        2966,
        2966,
        2966,
        2966,
        2966,
        2966,
        2966,
        2966,
        2966,
        2966,
        2966,
        2966,
        2966,
        2966,
        2966,
        6179,
        6179,
        6179,
        6179,
        6179,
        2966,
        2966,
        2966,
        2966,
        2966,
        2966,
        2966,
        9698,
        4154,
        2966,
        8606,
        8606,
        4154,
        8606,
        8606,
        8611,
        8606,
        8611,
        9493,
        9698,
        9493,
        4154,
        9493,
        2966,
        2985,
        9493,
        2966,
        8611,
        8611,
        2966,
        8611,
        8611,
        8611,
        8611,
        8611,
        2966,
        4154,
        9493,
        2966,
        2985,
        9698,
        4154,
        4154,
        3004,
        3080,
        9493,
        8611,
        8611,
        8611,
        8611,
        8611,
        2966,
        4154,
        2966,
        2985,
        9493,
        2966,
        4154,
        2966,
        9493,
        7355,
        8611,
        8611,
        8611,
        7355,
        9493,
        9698,
        2966,
        2985,
        9698,
        2966,
        9493,
        2852,
        4154,
        2966,
        6540,
        8611,
        8611,
        8611,
        8606,
        4154,
        9698,
        9493,
        4154,
        2833,
        9493,
        9493,
        8611,
        8611,
        8611,
        8611,
        8611,
        4154,
        9698,
        2349,
        2349,
        2349,
        2349,
        2966,
        8611,
        8611,
        8611,
        8611,
        8611,
        4154,
        9698,
        2966,
        4154,
        2966,
        9493,
        3080,
        7355,
        7355,
        3004,
        9493,
        8606,
        8619,
        4154,
        3042,
        3042,
        2339,
        7368,
        7368,
        7368,
        7368,
        7368,
        2319,
        2499,
        2349,
        2349,
        2349,
        2509,
        2966,
        2966,
        2966,
        2966,
        2966,
        2966,
        2966,
        2966,
        2966,
        2966,
        2966,
        2966,
        2966,
        2966,
        2966,
        2966,
        2966,
        2966,
        2966,
        2966,
        2966,
        9698,
        2966,
        2966,
        2966,
        9493,
        4154,
        2966,
        2966,
        9493,
        4154,
        2966,
        9493,
        9493,
        9493,
        2966,
        9698,
        2966,
        4154,
        2795,
        9493,
        2757,
        9493,
        4154,
        9493,
        9493,
        2795,
        2966,
        2757,
        4154,
        2966,
        4154,
        9493,
        2795,
        9493,
        2757,
        9493,
        2966,
        9698,
        2966,
        9493,
        2795,
        4154,
        2757,
        9493,
        4154,
        2966,
        9493,
        2966,
        2966,
        9493,
        9493,
        2966,
        9493,
        9493,
        4154,
        2852,
        9493,
        2966,
        4154,
        2966,
        2966,
        4154,
        2833,
        9493,
        2966,
        4154,
        4154,
        3118,
        3118,
        3118,
        3118,
        3118,
        9493,
        2966,
        2966,
        9493,
        2966,
        4154,
        2966,
        9493,
        9493,
        2966,
        9493,
        4154,
        2966,
        4154,
        2966,
        3004,
        3080,
        9493,
        3004,
        3080,
        2966,
        9493,
        2349,
        2349,
        9493,
        2349,
        2349,
        4154
    ],
    "DecorIndices": [
        4210689,
        2112515,
        5249027,
        6305795,
        2114564,
        2115588,
        5262340,
        6296580,
        8408068,
        5255173,
        8393733,
        2105350,
        2106374,
        4205574,
        6306822,
        12589062,
        17835014,
        2105351,
        5258247,
        6301703,
        12589063,
        2105352,
        3157000,
        12589064,
        13636616,
        4204553,
        13637641
    ],
    "DecorIds": [
        16786674,
        67118320,
        16786664,
        67118321,
        67118322,
        67118321,
        9458,
        33563880,
        9456,
        33563880,
        33563889,
        67118320,
        67118322,
        9448,
        67118322,
        67118321,
        83895537,
        67118322,
        50341106,
        67118319,
        67118321,
        67118321,
        9457,
        67118320,
        33563889,
        50341106,
        50341108
    ],
    "BlockEntities": {
        "3165184": "!<d@[F*NGb#64c-E,TfCCB+>7!<d@[F*^:'#64o6@VfsmCI<#NAIrp*E,]`9FCJfiD(T1/ARl&M@V&tbF!L_m+pnYd!!%O6*<6(i58\"J9!!%O6'`\\6l5TKh)J3On19-=<:",
        "6303744": "!<d@[F*NGb#64c-E,TfCD?'Y:!<d@[F*^$u#64o6@VfsmCI<#NAIrp*E,]`9FCJfiD(T1/ARl&M@V&tbF!L_m+pnYd!!%O6'`\\5!58\"J9qYu%0(&Iqp590_(!'qI]9-=<:",
        "9449472": "!<d@[F*NGb#64c-E,TfCE<#t=!<d@[F*^$u#64o6@VfsmCI<#NAIrp*E,]`9FCJfiD(T1/ARl&M@V&tbF!L_m+pnYd!!%O6'`\\5a58\"J9qYu%0(&Ir[590_(!'qI]9-=<:",
        "3156993": "!<d@[F*NJc#64c-E,TfCCB+>7!<d@[F*^!t#64o6@VfsmCI<#NAIrp*E,]`9FCJfiD(T1/ARl&M@V&tbEu4la(((3c!!%O6&df?R!8p*_!!%O6(ue0g",
        "6302721": "!<d@[F*NJc#64c-E,TfCD?'Y:!<d@[F*^!t#64o6@VfsmCI<#NAIrp*E,]`9FCJfiD(T1/ARl&M@V&tbF!:Sk+:8Vg!!%O6'`\\5!590_(J3OYR('\":u590b)J3On19)n",
        "6311937": "!<d@[F*NJc#64c-E,TfCD?'Y:!<d@[F*^=(#64o6@VfsmCI<#NAIrp*E,]`9FCJfiD(T1/ARl&M@V&tbEuG#c(^^E]!!#8K&df'J!8p*Wqu8lF(ue12!WW",
        "9448449": "!<d@[F*NJc#64c-E,TfCE<#t=!<d@[F*^!t#64o6@VfsmCI<#NAIrp*E,]`9FCJfiD(T1/ARl&M@V&tbF!:Sk+:8Gj!!%O6*<6(i58\"J9!!!!a'`\\4f5TKh)J3On19)n",
        "10506241": "!<d@[F*NJc#64c-E,TfCEW?(>!<d@[F*^=(#64o6@VfsmCI<#NAIrp*E,]`9FCJfiD(T1/ARl&M@V&tbEtnZ^'++^P$4Qt8?pGG,!)Poti_(Bq!!",
        "3150850": "!<d@[F*NMd#64c-E,TfCCB+>7!<d@[F*]dn#64o6@VfsmCI<#NAIrp*E,]`9FCJfiD(T1/ARl&M@V&tbEuG#c(^^EU!!%O6&df'J!.[9K!!'f\"(ue12!rr",
        "3159042": "!<d@[F*NMd#64c-E,TfCCB+>7!<d@[F*^(!#64o6@VfsmCI<#NAHu^]F`__:EWlSfH#R=4@rc\"\"AM7P6@<?'4F)>?%Cb9^M@:O(aA-<-XDffE0AQSp4!!!-.D.Rd%6#L=OA_Ra;4p2+2DffE0AQf'6!!!<3@rH1\"ARfgnA,l`?Eb02uBl[-o@<?&\\z",
        "3160066": "!<d@[F*NMd#64c-E,TfCCB+>7!<d@[F*^+\"#64o6@VfsmCI<#NAHu^]F`__:EWlSfH#R=,D.R3j@;]dhF\"METBl7Km2$=/)DffE0AQSp4!!!-.D.Rd%6#L=OA^XNS56M43DffE0AQf'6!!!<3@rH1\"ARfgnA,l`?Eb02uBl[-o@<?&\\z",
        "3161090": "!<d@[F*NMd#64c-E,TfCCB+>7!<d@[F*^.##64o6@VfsmCI<#NAJ/KhF`__:Eb/cjDf9E4BOu!l\"U&pmE+L8'Df9E4BOu\"'ATKM6Df9E4BOu!l/TPuJDIm?1ASlC.Gr,X/Ec6&.FCePS!!!!%$#O6pBL-NKCh;?3aZfn5Ec6&.FCeVU!!!!*$\"ImiCh7*uARkcD$Z]ft@;0a\\FCB9&z\"UB3ZEbSs\"F9H8cCh<hSFEqh:1&q:",
        "3162114": "!<d@[F*NMd#64c-E,TfCCB+>7!<d@[F*^1$#64o6@VfsmCI<#NAJ/KhF`__:Eb/cjDf9E4BOu!l\"U&pmE+L5&Df9E4BOu\"'ATKM6Df9E4BOu!l/TPuJDIm?1Ap%p+1^\"&(DffE0AQSp4!!!-.D.Rd%6#L=OA_Ra;56M43DffE0AQf'6!!!<3@rH1\"ARfgnA,l`?Eb02uBl[-o@<?&\\!!!!&#BjNrBjkn$\"DD4[Ad&?[H#R=M!!!",
        "3163138": "!<d@[F*NMd#64c-E,TfCCB+>7!<d@[F*^4%#64o6@VfsmCI<#NAJ/KhF`__:Eb/cjDf9E4BOu!l\"U&pmE+L8'Df9E4BOu\"'ATKM6Df9E4BOu!l/TPuJDIm?1ASlC.Gr>d1Ec6&.FCePS!!!!%$#O6pBL-NKCh;?3aZfn5Ec6&.FCeVU!!!!*$\"ImiCh7*uARkcD$Z]ft@;0a\\FCB9&z\"UB3ZEbSs\"F9H8cCh<hSFEqh:1&q:",
        "3164162": "!<d@[F*NMd#64c-E,TfCCB+>7!<d@[F*^7&#64o6@VfsmCI<#NAJ/KhF`__:Eb/cjDf9E4BOu!l\"U&pmE+L8'Df9E4BOu\"'ATKM6Df9E4BOu!l/TPuJDIm?1ASlC.Gr#R.Ec6&.FCePS!!!!%$#O6pBL-NKCh;?3aZfn5Ec6&.FCeVU!!!!*$\"ImiCh7*uARkcD$Z]ft@;0a\\FCB9&z\"UB3ZEbSs\"F9H8cCh<hSFEqh:1&q:",
        "4209666": "!<d@[F*NMd#64c-E,TfCC]FG8!<d@[F*^.##64o6@VfsmCI<#NAJ/KhF`__:Eb/cjDf9E4BOu!l\"U&pmE+L8'Df9E4BOu\"'ATKM6Df9E4BOu!l/TPuJDIm?1ASlC.GqfF,Ec6&.FCePS!!!!%$#O6pBL-NKCh;?3aZfn5Ec6&.FCeVU!!!!*$\"ImiCh7*uARkcD$Z]ft@;0a\\FCB9&z\"UB3ZEbSs\"F9H8cCh<hSFEqh:1&q:",
        "4210690": "!<d@[F*NMd#64c-E,TfCC]FG8!<d@[F*^1$#64o6@VfsmCI<#NAJ/KhF`__:Eb/cjDf9E4BOu!l\"U&pmE+L8'Df9E4BOu\"'ATKM6Df9E4BOu!l/TPuJDIm?1ASlC.Gr5^0Ec6&.FCePS!!!!%$#O6pBL-NKCh;?3aZfn5Ec6&.FCeVU!!!!*$\"ImiCh7*uARkcD$Z]ft@;0a\\FCB9&z\"UB3ZEbSs\"F9H8cCh<hSFEqh:1&q:",
        "4211714": "!<d@[F*NMd#64c-E,TfCC]FG8!<d@[F*^4%#64o6@VfsmCI<#NAJ/KhF`__:Eb/cjDf9E4BOu!l\"U&pmE+L5&Df9E4BOu\"'ATKM6Df9E4BOu!l/TPuJDIm?1Ap%p+0a%`%DffE0AQSp4!!!-.D.Rd%6#L=OA_Ra;56M43DffE0AQf'6!!!<3@rH1\"ARfgnA,l`?Eb02uBl[-o@<?&\\!!!!&#BjNrBjkn$\"DD4[Ad&?[H#R=M!!!",
        "4212738": "!<d@[F*NMd#64c-E,TfCC]FG8!<d@[F*^7&#64o6@VfsmCI<#NAJ/KhF`__:Eb/cjDf9E4BOu!l\"U&pmE+L8'Df9E4BOu\"'ATKM6Df9E4BOu!l/TPuJDIm?1ASlC.GqoL-Ec6&.FCePS!!!!%$#O6pBL-NKCh;?3aZfn5Ec6&.FCeVU!!!!*$\"ImiCh7*uARkcD$Z]ft@;0a\\FCB9&z\"UB3ZEbSs\"F9H8cCh<hSFEqh:1&q:",
        "7352322": "!<d@[F*NMd#64c-E,TfCDZBb;!<d@[F*^$u#64o6@VfsmCI<#NAIi<iDfRFNDes,u/R`:'A-<6[DffE0AQ_o>AD7Vd^^13`E+NouA,loFBl8**Ecai\\DIdQpErZ1",
        "7354370": "!<d@[F*NMd#64c-E,TfCDZBb;!<d@[F*^+\"#64o6@VfsmCI<#NAHu^]F`__:EWlSfH#R<tFDlF\\\":&scFCB9&=9&=$!!EUFATMNNDJ*csdSp$-\":&scFCB9&=o\\O&!!rsADes6$@ru9m!!E[MAT2'lE`7'gFCbFP!!!!",
        "7355394": "!<d@[F*NMd#64c-E,TfCDZBb;!<d@[F*^.##64o6@VfsmCI<#NAHcRa@<?&b$#+:#ASuU.Ed7ZiEH>r7FE7un!!!3,F)5c:EsD_\"!!*'\"!&tGg!!*'\"z\"Uo!]E^FS\\@r\"GMA7YpSEaa'$\"U/^N@V'?U\"U&pmE+K?\"Df9/<@:s.^\":8pVF(djWB5D/6&'7$:$>a-[ASa_PCi==o!!!!&#]+3c;flGiAHlX\\Df]K##7>9U@V'@SFCAZp!<<",
        "9442306": "!<d@[F*NMd#64c-E,TfCE<#t=!<d@[F*]dn#64o6@VfsmCI<#NAIrp*E,]`9FCJfiD(T1/ARl&M@V&tbEutAh*=;rZ!!%O6&e>HKs*m6JM++5I*<6)t5T&KR+9MT",
        "9448450": "!<d@[F*NMd#64c-E,TfCE<#t=!<d@[F*^!t#64o6@VfsmCI<#NAIrp*E,]`9FCJfiD(T1/ARl&M@V&tbF%--:+:8Gb!!%O6*<6(i58\"J9!!%Pa'e[23ZQ0&HJ3On19*ujM$4Qt8J3P%S!.[9H%h/L=J3ObK!&-YY!!%O6(ue12!rr",
        "3159043": "!<d@[F*NPe#64c-E,TfCCB+>7!<d@[F*^(!#64o6@VfsmCI<#NAHu^]F`__:EWlSfH#R=0@rc\"\"AM7P6@<?'4Cgh?sAM%q@F9DhhDffE0AQSp4!!!-.D.Rd%6#L=OAH2]1!!EOIDffE0AQf'6!!!<3@rH1\"ARfgnA,l`?Eb02uBl[-o@<?&\\z",
        "3162115": "!<d@[F*NPe#64c-E,TfCCB+>7!<d@[F*^1$#64o6@VfsmCI<#NAHu^]F`__:EWlSfH#R='Ecki#Ch52BDf9/B\":&scFCB9&=9&=$!!EUFATMNNDJ*csgCMCj\":&scFCB9&=o\\O&!!rsADes6$@ru9m!!E[MAT2'lE`7'gFCbFP!!!!",
        "3163139": "!<d@[F*NPe#64c-E,TfCCB+>7!<d@[F*^4%#64o6@VfsmCI<#NAHu^]F`__:EWlSfH#R='Ecki#Ch52BDf9/C\":&scFCB9&=9&=$!!EUFATMNNDJ*csdSp$-\":&scFCB9&=o\\O&!!rsADes6$@ru9m!!E[MAT2'lE`7'gFCbFP!!!!",
        "3164163": "!<d@[F*NPe#64c-E,TfCCB+>7!<d@[F*^7&#64o6@VfsmCI<#NAHu^]F`__:EWlSfH#R=3@rc\"\"AM7P6@<?'4D.R6lF_r^>Df9E4\":&scFCB9&=9&=$!!EUFATMNNDJ*csdSp$-\":&scFCB9&=o\\O&!!rsADes6$@ru9m!!E[MAT2'lE`7'gFCbFP!!!!",
        "4207619": "!<d@[F*NPe#64c-E,TfCC]FG8!<d@[F*^(!#64o6@VfsmCI<#NAHu^]F`__:EWlSfH#R=+FDl)6Ea`Hn/TPuJDIm?5\":&scFCB9&=9&=$!!EUFATMNNDJ*csz\":&scFCB9&=o\\O&!!rsADes6$@ru9m!!E[MAT2'lE`7'gFCbFP!!!!",
        "5243907": "!<d@[F*NPe#64c-E,TfCD#aP9!<d@[F*]Xj#64o6@VfsmCI<#NAIrp*E,]`9FCJfiD(T1/ARl&M@V&tbF!L_m+pnYd!!%O6'`\\5a58\"J9rVq@3(&e/^590_(J3Xt29-=<:",
        "8389635": "!<d@[F*NPe#64c-E,TfCDu]k<!<d@[F*]Xj#64o6@VfsmCI<#NAIrp*E,]`9FCJfiD(T1/ARl&M@V&tbF!L_m+pnYd!!%O6'`\\5a58\"J9rVq@3(&e/^590_(J3Xt29-=<:",
        "8392707": "!<d@[F*NPe#64c-E,TfCDu]k<!<d@[F*]am#64o6@VfsmCI<#NAIrp*E,]`9FCJfiD(T1/ARl&M@V&tbF\"%(r-OL@n!!%O6'`\\5a590_(J3OYW%0-BY58=.uTYMTBs*m6Mi_(Br!!",
        "8401923": "!<d@[F*NPe#64c-E,TfCDu]k<!<d@[F*^(!#64o6@VfsmCI<#NAK,`0Earc7@UX=l@kD/4Ec,H!Dfp.RF)Q2CBEJoiEa`j,Bln'-DFe\\gEcXocAon\"Qzn@o&>CghC,6YL%@CI*&ADffE(6t(@^z9G%_\"!!",
        "9441283": "!<d@[F*NPe#64c-E,TfCE<#t=!<d@[F*]am#64o6@VfsmCI<#NAIrp*E,]`9FCJfiD(T1/ARl&M@V&tbEub5f)[Zo]!!%O6*<6(i58\";<0\"j?Q*<?.j58`BQ!!",
        "3145732": "!<d@[F*NSf#64c-E,TfCCB+>7!<d@[F*]Ui#64o6@VfsmCI<#NAIrp*E,]`9FCJfiD(T1/ARl&M@V&tbEu4la(((3c!!%O6&df?R!5Li?!!%O6(ue0g",
        "3151876": "!<d@[F*NSf#64c-E,TfCCB+>7!<d@[F*]go#64o6@VfsmCI<#NAHu^]F`__:EWlSfH#R=\"@Wc0rATT^2#BFa)@<?'_z\":8pVF(djWB5D/?bEb?q#BFa)@<?'az#mk*[Ci!ZmFCet_\":K6]E+*I$;flGiAH2]1!!!",
        "3152900": "!<d@[F*NSf#64c-E,TfCCB+>7!<d@[F*]jp#64o6@VfsmCI<#NAHu^]F`__:EWlSfH#R=)@psCf@<6KAD.R6lF_q6dEc6&.FCePS!!!!%$#O6pBL-NKCh;$nq`b2gEc6&.FCeVU!!!!*$\"ImiCh7*uARkcD$Z]ft@;0a\\FCB9&z!!",
        "3153924": "!<d@[F*NSf#64c-E,TfCCB+>7!<d@[F*]mq#64o6@VfsmCI<#NAHu^]F`__:EWlSfH#R='Ecki#Ch52BDf9/C\":&scFCB9&=9&=$!!EUFATMNNDJ*csgCMCj\":&scFCB9&=o\\O&!!rsADes6$@ru9m!!E[MAT2'lE`7'gFCbFP!!!!",
        "4207620": "!<d@[F*NSf#64c-E,TfCC]FG8!<d@[F*^(!#64o6@VfsmCI<#NAK,`0Earc7@UX=l@kD/4Ec,H!Dfp.RF)Q2CBEJoiEa`j,Bln'-DFe\\gEcXocAon\"Qzn@o&>CghC,6YL%@CI*&ADffE(6t(@^z9G%_\"!!",
        "7346180": "!<d@[F*NSf#64c-E,TfCDZBb;!<d@[F*]go#64o6@VfsmCI<#NAHu^]F`__:EWlSfH#R=2@rc\"\"AM7P6@<?'4D.R6lF_r^FF`(st#BFa)@<?'_z\":8pVF(djWB5D/6%nStg#BFa)@<?'az#mk*[Ci!ZmFCet_\":K6]E+*I$;flGiAH2]1!!!",
        "7347204": "!<d@[F*NSf#64c-E,TfCDZBb;!<d@[F*]jp#64o6@VfsmCI<#NAHu^]F`__:EWlSfH#R='Ecki#Ch52BDf9/C\":&scFCB9&=9&=$!!EUFATMNNDJ*csdSp$-\":&scFCB9&=o\\O&!!rsADes6$@ru9m!!E[MAT2'lE`7'gFCbFP!!!!",
        "9437188": "!<d@[F*NSf#64c-E,TfCE<#t=!<d@[F*]Ui#64o6@VfsmCI<#NAIrp*E,]`9FCJfiD(T1/ARl&M@V&tbEub5f)[Z`h!!%O6&e>EO!$FNA!!!Qq*<6(i58`BQ!!",
        "13639684": "!<d@[F*NSf#64c-E,TfCFT;CA!<d@[F*]mq#64o6@VfsmCI<#NAHu^]F`__:EWlSfH#R=%@UX:tBk(R^AMF;mEc6&.FCePS!!!!%$#O6pBL-NKCh;?38\\bH6Ec6&.FCeVU!!!!*$\"ImiCh7*uARkcD$Z]ft@;0a\\FCB9&z!!",
        "13641732": "!<d@[F*NSf#64c-E,TfCFT;CA!<d@[F*]ss#64o6@VfsmCI<#NAHu^]F`__:EWlSfH#R=&Ci<g+F*'!GF_kjs#BFa)@<?'_z\":8pVF(djWB5D/;m4U^-#BFa)@<?'az#mk*[Ci!ZmFCet_\":K6]E+*I$;flGiAH2]1!!!",
        "13651972": "!<d@[F*NSf#64c-E,TfCFT;CA!<d@[F*^=(#64o6@VfsmCI<#NAIrp*E,]`9FCJfiD(T1/ARl&M@V&tbEutAh*=<,_!!!!`'`\\5a4q\\23!!%O7('\":u^_l'(+9DN",
        "3147781": "!<d@[F*NVg#64c-E,TfCCB+>7!<d@[F*][k#64o6@VfsmCI<#NAHu^]F`__:EWlSfH#R=2@rc\"\"AM7P6@<?'4Cgh?sAM%J1E--@.#BFa)@<?'_z\":8pVF(djWB5D,Z!!!!%#BFa)@<?'az#mk*[Ci!ZmFCet_\":K6]E+*I$;flGiAH2]1!!!",
        "3148805": "!<d@[F*NVg#64c-E,TfCCB+>7!<d@[F*]^l#64o6@VfsmCI<#NAHu^]F`__:EWlSfH#R=0@rc\"\"AM7P6@<?'4Cgh?sAM%q@F9DhhDffE0AQSp4!!!-.D.Rd%6#L=OA_Ra;56M43DffE0AQf'6!!!<3@rH1\"ARfgnA,l`?Eb02uBl[-o@<?&\\z",
        "3149829": "!<d@[F*NVg#64c-E,TfCCB+>7!<d@[F*]am#64o6@VfsmCI<#NAHu^]F`__:EWlSfH#R=4@rc\"\"AM7P6@<?'4F)>?%Cb9[MBl7Km0a%`%DffE0AQSp4!!!-.D.Rd%6#L=OAH2]1!!EOIDffE0AQf'6!!!<3@rH1\"ARfgnA,l`?Eb02uBl[-o@<?&\\z",
        "3151877": "!<d@[F*NVg#64c-E,TfCCB+>7!<d@[F*]go#64o6@VfsmCI<#NAHu^]F`__:EWlSfH#R=%@V'@l/TYlFDIiqUEc6&.FCePS!!!!%$#O6pBL-NKCh;\\NQ9PKWEc6&.FCeVU!!!!*$\"ImiCh7*uARkcD$Z]ft@;0a\\FCB9&z!!",
        "3154949": "!<d@[F*NVg#64c-E,TfCCB+>7!<d@[F*]pr#64o6@VfsmCI<#NAHu^]F`__:EWlSfH#R='CggjbATBA2B4YU.\":&scFCB9&=9&=$!!EUFATMNNDJ*csjNA<(\":&scFCB9&=o\\O&!!rsADes6$@ru9m!!E[MAT2'lE`7'gFCbFP!!!!",
        "3156997": "!<d@[F*NVg#64c-E,TfCCB+>7!<d@[F*^!t#64o6@VfsmCI<#NAIi<iDfRFNDes,u/R`:'A-<6[DffE0AQ_o>AD7Vd5R@X5E+NouA,loFBl8**Ecai\\DIdQpErZ1",
        "3164165": "!<d@[F*NVg#64c-E,TfCCB+>7!<d@[F*^7&#64o6@VfsmCI<#NAHu^]F`__:EWlSfH#R=%FCAWpAM%_:DJ'(WEc6&.FCePS!!!!%$#O6pBL-NKCh;?3ahIr`Ec6&.FCeVU!!!!*$\"ImiCh7*uARkcD$Z]ft@;0a\\FCB9&z!!",
        "4203525": "!<d@[F*NVg#64c-E,TfCC]FG8!<d@[F*]pr#64o6@VfsmCI<#NAHu^]F`__:EWlSfH#R='CggjbATBA2B4YU.\":&scFCB9&=9&=$!!EUFATMNNDJ*csjNA<(\":&scFCB9&=o\\O&!!rsADes6$@ru9m!!E[MAT2'lE`7'gFCbFP!!!!",
        "5252101": "!<d@[F*NVg#64c-E,TfCD#aP9!<d@[F*]pr#64o6@VfsmCI<#NAHu^]F`__:EWlSfH#R='CggjbATBA2B4YU.\":&scFCB9&=9&=$!!EUFATMNNDJ*csjNA<(\":&scFCB9&=o\\O&!!rsADes6$@ru9m!!E[MAT2'lE`7'gFCbFP!!!!",
        "6300677": "!<d@[F*NVg#64c-E,TfCD?'Y:!<d@[F*]pr#64o6@VfsmCI<#NAHu^]F`__:EWlSfH#R='CggjbATBA2B4YU.\":&scFCB9&=9&=$!!EUFATMNNDJ*csjNA<(\":&scFCB9&=o\\O&!!rsADes6$@ru9m!!E[MAT2'lE`7'gFCbFP!!!!",
        "7349253": "!<d@[F*NVg#64c-E,TfCDZBb;!<d@[F*]pr#64o6@VfsmCI<#NAHu^]F`__:EWlSfH#R='CggjbATBA2B4YU.\":&scFCB9&=9&=$!!EUFATMNNDJ*csjNA<(\":&scFCB9&=o\\O&!!rsADes6$@ru9m!!E[MAT2'lE`7'gFCbFP!!!!",
        "7350277": "!<d@[F*NVg#64c-E,TfCDZBb;!<d@[F*]ss#64o6@VfsmCI<#NAHu^]F`__:EWlSfH#R=%@UX:tBk(R^AMjSqEc6&.FCePS!!!!%$#O6pBL-NKCh;Pl00fXFEc6&.FCeVU!!!!*$\"ImiCh7*uARkcD$Z]ft@;0a\\FCB9&z!!",
        "7351301": "!<d@[F*NVg#64c-E,TfCDZBb;!<d@[F*^!t#64o6@VfsmCI<#NAIi<iDfRFNDes,u/R`:'A-<6[DffE0AQ_o>A,lT0!!rjJE+NouA,loFBl8**Ecai\\DIdQpErZ1",
        "8397829": "!<d@[F*NVg#64c-E,TfCDu]k<!<d@[F*]pr#64o6@VfsmCI<#NAHu^]F`__:EWlSfH#R='CggjbATBA2B4YU.\":&scFCB9&=9&=$!!EUFATMNNDJ*csjNA<(\":&scFCB9&=o\\O&!!rsADes6$@ru9m!!E[MAT2'lE`7'gFCbFP!!!!",
        "9446405": "!<d@[F*NVg#64c-E,TfCE<#t=!<d@[F*]pr#64o6@VfsmCI<#NAHu^]F`__:EWlSfH#R='CggjbATBA2B4YU.\":&scFCB9&=9&=$!!EUFATMNNDJ*csjNA<(\":&scFCB9&=o\\O&!!rsADes6$@ru9m!!E[MAT2'lE`7'gFCbFP!!!!",
        "10494981": "!<d@[F*NVg#64c-E,TfCEW?(>!<d@[F*]pr#64o6@VfsmCI<#NAHu^]F`__:EWlSfH#R='CggjbATBA2B4YU.\":&scFCB9&=9&=$!!EUFATMNNDJ*csjNA<(\":&scFCB9&=o\\O&!!rsADes6$@ru9m!!E[MAT2'lE`7'gFCbFP!!!!",
        "11543557": "!<d@[F*NVg#64c-E,TfCErZ1?!<d@[F*]pr#64o6@VfsmCI<#NAHu^]F`__:EWlSfH#R='CggjbATBA2B4YU.\":&scFCB9&=9&=$!!EUFATMNNDJ*csjNA<(\":&scFCB9&=o\\O&!!rsADes6$@ru9m!!E[MAT2'lE`7'gFCbFP!!!!",
        "12592133": "!<d@[F*NVg#64c-E,TfCF8u:@!<d@[F*]pr#64o6@VfsmCI<#NAHu^]F`__:EWlSfH#R='CggjbATBA2B4YU.\":&scFCB9&=9&=$!!EUFATMNNDJ*csjNA<(\":&scFCB9&=o\\O&!!rsADes6$@ru9m!!E[MAT2'lE`7'gFCbFP!!!!",
        "3148806": "!<d@[F*NYh#64c-E,TfCCB+>7!<d@[F*]^l#64o6@VfsmCI<#NAHu^]F`__:EWlSfH#R='Ecki#Ch52BDf9/C\":&scFCB9&=9&=$!!EUFATMNNDJ*csjNEiR\":&scFCB9&=o\\O&!!rsADes6$@ru9m!!E[MAT2'lE`7'gFCbFP!!!!",
        "3150854": "!<d@[F*NYh#64c-E,TfCCB+>7!<d@[F*]dn#64o6@VfsmCI<#NAIi<iDfRFNDes,u/R`:'A-<6[DffE0AQ_o>AD7Vd5R@X5E+NouA,loFBl8**Ecai\\DIdQpErZ1",
        "3153926": "!<d@[F*NYh#64c-E,TfCCB+>7!<d@[F*]mq#64o6@VfsmCI<#NAHu^]F`__:EWlSfH#R=/Anc9sE+sDIAU&<2DI[c?F)Yi8\":&scFCB9&=9&=$!!EUFATMNNDJ*csjNA<(\":&scFCB9&=o\\O&!!rsADes6$@ru9m!!E[MAT2'lE`7'gFCbFP!!!!",
        "3159046": "!<d@[F*NYh#64c-E,TfCCB+>7!<d@[F*^(!#64o6@VfsmCI<#NAHu^]F`__:EWlSfH#R='Ecki#Ch52BDf9/C\":&scFCB9&=9&=$!!EUFATMNNDJ*csgCHlj\":&scFCB9&=o\\O&!!rsADes6$@ru9m!!E[MAT2'lE`7'gFCbFP!!!!",
        "3160070": "!<d@[F*NYh#64c-E,TfCCB+>7!<d@[F*^+\"#64o6@VfsmCI<#NAHu^]F`__:EWlSfH#R=9@rc\"\"AM7P6@<?'4D.R6lF_r^LDfg)4Ed96FCifdbEc6&.FCePS!!!!%$#O6pBL-NKCh;\\NQG3P-Ec6&.FCeVU!!!!*$\"ImiCh7*uARkcD$Z]ft@;0a\\FCB9&z!!",
        "3161094": "!<d@[F*NYh#64c-E,TfCCB+>7!<d@[F*^.##64o6@VfsmCI<#NAHu^]F`__:EWlSfH#R='Ecki#Ch52BDf9/@\":&scFCB9&=9&=$!!EUFATMNNDJ*csjNA=S\":&scFCB9&=o\\O&!!rsADes6$@ru9m!!E[MAT2'lE`7'gFCbFP!!!!",
        "3162118": "!<d@[F*NYh#64c-E,TfCCB+>7!<d@[F*^1$#64o6@VfsmCI<#NAHu^]F`__:EWlSfH#R=0@V'('@V'(%AmoReGqF&ZBl7Km1'@i&DffE0AQSp4!!!-.D.Rd%6#L=OA_Ra;^B=d^DffE0AQf'6!!!<3@rH1\"ARfgnA,l`?Eb02uBl[-o@<?&\\z",
        "3164166": "!<d@[F*NYh#64c-E,TfCCB+>7!<d@[F*^7&#64o6@VfsmCI<#NAHu^]F`__:EWlSfH#R='Ecki#Ch52BDf9/A\":&scFCB9&=9&=$!!EUFATMNNDJ*csjNA=S\":&scFCB9&=o\\O&!!rsADes6$@ru9m!!E[MAT2'lE`7'gFCbFP!!!!",
        "4204550": "!<d@[F*NYh#64c-E,TfCC]FG8!<d@[F*]ss#64o6@VfsmCI<#NAK5f1EarcrDerrqE\\1^4ARmB(D/aTB/TYiQFD(X",
        "7347206": "!<d@[F*NYh#64c-E,TfCDZBb;!<d@[F*]jp#64o6@VfsmCI<#NAHu^]F`__:EWlSfH#R='Ecki#Ch52BDf9/A\":&scFCB9&=9&=$!!EUFATMNNDJ*csjNA=S\":&scFCB9&=o\\O&!!rsADes6$@ru9m!!E[MAT2'lE`7'gFCbFP!!!!",
        "7356422": "!<d@[F*NYh#64c-E,TfCDZBb;!<d@[F*^1$#64o6@VfsmCI<#NAHu^]F`__:EWlSfH#R=*@V'(%F(fK4F=h-GAS#`^#BFa)@<?'_z\":8pVF(djWB5D/6&';Qh#BFa)@<?'az#mk*[Ci!ZmFCet_\":K6]E+*I$;flGiAH2]1!!!",
        "7358470": "!<d@[F*NYh#64c-E,TfCDZBb;!<d@[F*^7&#64o6@VfsmCI<#NAHu^]F`__:EWlSfH#R=1@rc\"\"AM7P6@<?'4F)>?%Cb9CEDJK@[Ec6&.FCePS!!!!%$#O6pBL-NKCh;$nqnE7=Ec6&.FCeVU!!!!*$\"ImiCh7*uARkcD$Z]ft@;0a\\FCB9&z!!",
        "8398854": "!<d@[F*NYh#64c-E,TfCDu]k<!<d@[F*]ss#64o6@VfsmCI<#NAJoT.Earc7@UX=l@kD8:FD5W&F=hBKEcbss'6J8'DKBN6Bl@l[Dfp)A9P%gXz!!)N'!u,Q[F*'c_ARfLAFB!1#@;J>?H#irc!!#\\)%7's",
        "13639686": "!<d@[F*NYh#64c-E,TfCFT;CA!<d@[F*]mq#64o6@VfsmCI<#NAHu^]F`__:EWlSfH#R=%@UX:tBk(R^AMjSqEc6&.FCePS!!!!%$#O6pBL-NKCh;?3ah@l_Ec6&.FCeVU!!!!*$\"ImiCh7*uARkcD$Z]ft@;0a\\FCB9&z!!",
        "14686214": "!<d@[F*NYh#64c-E,TfCFoVLB!<d@[F*]go#64o6@VfsmCI<#NAJoT.Earc7@UX=l@kD8:FD5W&F=hQPF`_:!'6J8'DKBN6Bl@l[Dfp)A9P%gXz!!)N'!u,Q[F*'c_ARfLAFB!1#@;J>?H#irc!!#\\)%7's",
        "14690310": "!<d@[F*NYh#64c-E,TfCFoVLB!<d@[F*]ss#64o6@VfsmCI<#NAK,`0Earc7@UX=l@kD/4Ec,H!Dfp.RDJsQ;BEJoiEa`j,Bln'-DFe\\gEcXocAon\"Qzn@o&>CghC,6YL%@CI*&ADffE(6t(@^z9G%_\"!!",
        "16785414": "!<d@[F*NYh#64c-E,TfCGQ7^D!<d@[F*]mq#64o6@VfsmCI<#NAHu^]F`__:EWlSfH#R=!E-5u5AU+C`Ec6&.FCePS!!!!%$#O6pBL-NKCh;\\NQ9PKWEc6&.FCeVU!!!!*$\"ImiCh7*uARkcD$Z]ft@;0a\\FCB9&z!!",
        "3151879": "!<d@[F*N\\i#64c-E,TfCCB+>7!<d@[F*]go#64o6@VfsmCI<#NAHu^]F`__:EWlSfH#R=4@rc\"\"AM7P6@<?'4F)>?%Cb9[MBl7Km0a%`%DffE0AQSp4!!!-.D.Rd%6#L=OA_R_e^B=d^DffE0AQf'6!!!<3@rH1\"ARfgnA,l`?Eb02uBl[-o@<?&\\z",
        "3152903": "!<d@[F*N\\i#64c-E,TfCCB+>7!<d@[F*]jp#64o6@VfsmCI<#NAHu^]F`__:EWlSfH#R='Ecki#Ch52BDf9/A\":&scFCB9&=9&=$!!EUFATMNNDJ*csjNA<(\":&scFCB9&=o\\O&!!rsADes6$@ru9m!!E[MAT2'lE`7'gFCbFP!!!!",
        "3154951": "!<d@[F*N\\i#64c-E,TfCCB+>7!<d@[F*]pr#64o6@VfsmCI<#NAHu^]F`__:EWlSfH#R='Ecki#Ch52BDf9/A\":&scFCB9&=9&=$!!EUFATMNNDJ*csi9`25\":&scFCB9&=o\\O&!!rsADes6$@ru9m!!E[MAT2'lE`7'gFCbFP!!!!",
        "3155975": "!<d@[F*N\\i#64c-E,TfCCB+>7!<d@[F*]ss#64o6@VfsmCI<#NAHu^]F`__:EWlSfH#R='E+s-\"/S8g-F),hO\":&scFCB9&=9&=$!!EUFATMNNDJ*csi9`25\":&scFCB9&=o\\O&!!rsADes6$@ru9m!!E[MAT2'lE`7'gFCbFP!!!!",
        "3166215": "!<d@[F*N\\i#64c-E,TfCCB+>7!<d@[F*^=(#64o6@VfsmCI<#NAIrp*E,]`9FCJfiD(T1/ARl&M@V&tbEuG#c(^^EU!!%O6&df'J!.[9K!!(qB(ue12!WW",
        "7346183": "!<d@[F*N\\i#64c-E,TfCDZBb;!<d@[F*]go#64o6@VfsmCI<#NAHcRa@<?&b$#+:#ASuU.Ed7ZiEH>r7FE7un!!!3,F)5c:EsD_\"!!*'\"!#>S8!!*'\"z\"Uo!]E^FS\\@r\"GMA7YpSEaa'$\"U/^N@V'?U\"U&pmE+K?\"Df9/<@:s.^\":8pVF(djWB5D/6&';Qe$>a-[ASa_PCi==o!!!!&#]+3c;flGiAHlX\\Df]K##7>9U@V'@SFCAZp!<<",
        "7353351": "!<d@[F*N\\i#64c-E,TfCDZBb;!<d@[F*^(!#64o6@VfsmCI<#NAIi<iDfRFNDes,u/R`:'A-<6[DffE0AQ_o>AD7X:57%O4E+NouA,uuGBl8**Ecai\\DIdQpErZ1",
        "10506247": "!<d@[F*N\\i#64c-E,TfCEW?(>!<d@[F*^=(#64o6@VfsmCI<#NAIrp*E,]`9FCJfiD(T1/ARl&M@V&tbEutAh*=;rZ!!%O6&e>EO!5QAbM++5I*Jm312&P=G+9DN",
        "13637639": "!<d@[F*N\\i#64c-E,TfCFT;CA!<d@[F*]go#64o6@VfsmCI<#NAIW9mDfor.F*)>@@:s-U$#+:#ASuU.Ed7ZiEH>r7FE7Qb!!!3,F)5c:EsD_\"!!*'\"!&t/_!!*'\"!!*OLASu$iE`QUhBjkn$z!!!!*&S>s%@qAS\\DfT9!APdDcE,u!^$#O6pBL-NKCh;?38O*:`@<?U\"@q\\>?@q>W?!!!!",
        "3145736": "!<d@[F*N_j#64c-E,TfCCB+>7!<d@[F*]Ui#64o6@VfsmCI<#NAIrp*E,]`9FCJfiD(T1/ARl&M@V&tbF!:Sk+:8Gb!!%O6*<6(i58\"J9!!%O6'`\\6L5TKh)J3On19)n",
        "3148808": "!<d@[F*N_j#64c-E,TfCCB+>7!<d@[F*]^l#64o6@VfsmCI<#NAHu^]F`__:EWlSfH#R='Ecki#Ch52BDf9/A\":&scFCB9&=9&=$!!EUFATMNNDJ*csjNEk(\":&scFCB9&=o\\O&!!rsADes6$@ru9m!!E[MAT2'lE`7'gFCbFP!!!!",
        "3149832": "!<d@[F*N_j#64c-E,TfCCB+>7!<d@[F*]am#64o6@VfsmCI<#NAHu^]F`__:EWlSfH#R=%@UX:tBk(R^AMsYrEc6&.FCePS!!!!%$#O6pBL-NKCh;?3aZfn5Ec6&.FCeVU!!!!*$\"ImiCh7*uARkcD$Z]ft@;0a\\FCB9&z!!",
        "3151880": "!<d@[F*N_j#64c-E,TfCCB+>7!<d@[F*]go#64o6@VfsmCI<#NAHu^]F`__:EWlSfH#R=4@rc\"\"AM7P6@<?'4F)>?%Cb9^M@:O(aA-<-XDffE0AQSp4!!!-.D.Rd%6#L=OA`V%#^B=d^DffE0AQf'6!!!<3@rH1\"ARfgnA,l`?Eb02uBl[-o@<?&\\z",
        "3152904": "!<d@[F*N_j#64c-E,TfCCB+>7!<d@[F*]jp#64o6@VfsmCI<#NAHu^]F`__:EWlSfH#R='Ecki#Ch52BDf9/@\":&scFCB9&=9&=$!!EUFATMNNDJ*csgCME?\":&scFCB9&=o\\O&!!rsADes6$@ru9m!!E[MAT2'lE`7'gFCbFP!!!!",
        "3154952": "!<d@[F*N_j#64c-E,TfCCB+>7!<d@[F*]pr#64o6@VfsmCI<#NAHu^]F`__:EWlSfH#R=0@V'('@V'(%F*)G2G:diXBl7Km0a%`%DffE0AQSp4!!!-.D.Rd%6#L=OA_Ra;56M43DffE0AQf'6!!!<3@rH1\"ARfgnA,l`?Eb02uBl[-o@<?&\\z",
        "3158024": "!<d@[F*N_j#64c-E,TfCCB+>7!<d@[F*^$u#64o6@VfsmCI<#NAIrp*E,]`9FCJfiD(T1/ARl&M@V&tbEtA<Y%LN1K\"Vh\";i'8.=9-=68",
        "5242888": "!<d@[F*N_j#64c-E,TfCD#aP9!<d@[F*]Ui#64o6@VfsmCI<#NAIrp*E,]`9FCJfiD(T1/ARl&M@V&tbF!gqp,mk.l!!%O6'`\\5a590_(J3OYW%0-BY^_QeIIm4qV!.[9Ni_'7",
        "6303752": "!<d@[F*N_j#64c-E,TfCD?'Y:!<d@[F*^$u#64o6@VfsmCI<#NAIrp*E,]`9FCJfiD(T1/ARl&M@V&tbEutAh*=<,g!!#8K*<6(i58\";40\"j?Q('\":u58`BQ+9;H",
        "6310920": "!<d@[F*N_j#64c-E,TfCD?'Y:!<d@[F*^:'#64o6@VfsmCI<#NAIrp*E,]`9FCJfiD(T1/ARl&M@V&tbF!L_m+pnYl!!#8K*<6(i58\"J9&/'Q$(&\\(r590_(OMD^m9-=68",
        "7346184": "!<d@[F*N_j#64c-E,TfCDZBb;!<d@[F*]go#64o6@VfsmCI<#NAHcRa@<?&b$#+:#ASuU.Ed7ZiEH>r7FE7un!!!3,F)5c:ErZ1D$taEu6>URMCI<#NAHcRa@<?&a\"`.UVAS_>M\"E\\p.AI3R!De(G.B4YTV$#O6pBL-NKCh3SH!!!$,CggdaCdW,WDfPgX!!!0.Ch[EYFCB9&#%MIfF(Jke$>a-[ASb:e@:O'R!!",
        "7350280": "!<d@[F*N_j#64c-E,TfCDZBb;!<d@[F*]ss#64o6@VfsmCI<#NAHu^]F`__:EWlSfH#R='Ecki#Ch52BDf9/@\":&scFCB9&=9&=$!!EUFATMNNDJ*csjNA=S\":&scFCB9&=o\\O&!!rsADes6$@ru9m!!E[MAT2'lE`7'gFCbFP!!!!",
        "8388616": "!<d@[F*N_j#64c-E,TfCDu]k<!<d@[F*]Ui#64o6@VfsmCI<#NAIrp*E,]`9FCJfiD(T1/ARl&M@V&tbF!gqp,mk.l!!%O6'`\\5a590_(J3OYW%0-BY^_QeIIm4qV!.[9Ni_'7",
        "9437192": "!<d@[F*N_j#64c-E,TfCE<#t=!<d@[F*]Ui#64o6@VfsmCI<#NAIrp*E,]`9FCJfiD(T1/ARl&M@V&tbF!:Sk+:8Gb!!%O6*<6(i58\"J9!!'gL'`\\4F5TKn+J3On19)n",
        "9456648": "!<d@[F*N_j#64c-E,TfCE<#t=!<d@[F*^:'#64o6@VfsmCI<#NAIrp*E,]`9FCJfiD(T1/ARl&M@V&tbF!L_m+pnYl!!%O6*<6(i58\"J90\"nm((&Ir[590_(i4p2h9-=68",
        "13637640": "!<d@[F*N_j#64c-E,TfCFT;CA!<d@[F*]go#64o6@VfsmCI<#NAHu^]F`__:EWlSfH#R=+F),?'ATVj./TYlB@qf@f\":&scFCB9&=9&=$!!EUFATMNNDJ*csjNEk(\":&scFCB9&=o\\O&!!rsADes6$@ru9m!!E[MAT2'lE`7'gFCbFP!!!!",
        "13638664": "!<d@[F*N_j#64c-E,TfCFT;CA!<d@[F*]jp#64o6@VfsmCI<#NAJK9.@<?4%DIIR2@UX=nATTM8@<6Mp$#+:#ASuU.Ed7ZiEH>r7FE7]f!!!3,F)5c:EsD_\"!!*'\"!!<6%!!*'\"!!!6)0`V4S!!!Z5!!!$\"!!!!(!AsiW!!!\")!WW3$z#6?^_!<<*\"\"p\"](!<<*\"!!!!&$taEu6>URMCI<#NAJK9.@<?4%DIIR2@UX=nATTM8@<6Mo\"E\\p.AHZFSARkoMD.Rd%6#L=OA^XNS^An",
        "3149833": "!<d@[F*Nbk#64c-E,TfCCB+>7!<d@[F*]am#64o6@VfsmCI<#NAIrp*E,]`9FCJfiD(T1/ARl&M@V&tbEu4la(((3c!!%O6&df?R!5Li?!!%O6(ue0g",
        "5243913": "!<d@[F*Nbk#64c-E,TfCD#aP9!<d@[F*]Xj#64o6@VfsmCI<#NAIrp*E,]`9FCJfiD(T1/ARl&M@V&tbF!L_m+pnYl!!%O6*<6(i4q\\A8>QHOc(&e/^590_(J3Xt29-=68",
        "8392713": "!<d@[F*Nbk#64c-E,TfCDu]k<!<d@[F*]am#64o6@VfsmCI<#NAIrp*E,]`9FCJfiD(T1/ARl&M@V&tbF!L_m+pnYl!!%O6*<6(i58\"J90\"j?R(&e/^590_(5en5r9-=68"
    },
    "Entities": [],
    "ReplaceMode": 2,
    "EntranceRotation": -1
}