[
	{ file: "game:entities/humanoid/player", op: "add", path: "/client/animations/-", value: 
		
		{
			code: "ammcrawl",
			animation: "AMMCrawl",
			mulWithWalkSpeed: true,
			animationSpeed: 1.5,
			blendMode: "Add",
			weight: 2,
							elementBlendMode: {
					"UpperFootR": "AddAverage",
					"UpperFootL": "AddAverage",
					"LowerFootR": "AddAverage",
					"LowerFootL": "AddAverage",
					"UpperArmR": "AddAverage",
					"LowerArmR": "AddAverage",
					"UpperArmL": "AddAverage",
					"LowerArmL": "AddAverage",
				}
		},
	},
]
