{
  "code": "sawbuck",
  "class": "idgsawbuck",
  "entityClass": "idgbesawbuck",
  "maxstacksize": 1,
  "behaviors": [
    {"name": "Unstable" }, {"name": "HorizontalOrientable", "properties": {  "dropBlockFace": "east" }}
  ],
  "attributes": {
		"handbook": {
			"groupBy": ["sawbuck-birch-*-east"],
			"extraSections": [
				{ "title": "indappledgroves:block-handbooktitle-sawbuck", "text": "indappledgroves:block-handbooktext-sawbuck" }
			]
		}
	},	
  "variantgroups": [
    { "code": "support", "loadFromProperties": "wildcrafttree:block/wood" },
    { "code": "crossbrace", "loadFromProperties": "wildcrafttree:block/wood"},
    { "code":"side", "loadFromProperties": "game:abstract/horizontalorientation" }
  ],
  "heldTpIdleAnimation": "holdbothhandslarge",
  "helpTpUseAnimation": "twohandplaceblock",
  "creativeinventory": { "general": ["*-east"]},
  "textures": {		
      "support": { "base": "wildcrafttree:block/wood/planks/{support}1" },
			"crossbrace": { "base": "wildcrafttree:block/wood/planks/{crossbrace}1" }
	},
  "shapeByType": {
		"*-north": { "base": "indappledgroves:block/sawbuck", "rotateY":0 },
		"*-east": { "base": "indappledgroves:block/sawbuck", "rotateY":270 },
		"*-south": { "base": "indappledgroves:block/sawbuck", "rotateY":180 },
		"*-west": { "base": "indappledgroves:block/sawbuck", "rotateY":90 }
	}, 
  "lightabsorption": 0,
  "sideopaque": { "all": false },
  "sidesolid": { "all": false },
  "blockmaterial": "wood",
  "sounds": {"place": "game:block/planks"},
  tpHandTransform: {
		translation: { x: -0.5, y: -0.4, z: -0.28 },
		rotation: { x: -9, y: -77, z: -165 },
		origin: { x: 0.5, y: 0.4, z: 0.5 },
		scale: 1
	},
  "collisionbox": { "x1": 0, "y1": 0, "z1": 0, "x2": 1, "y2": 1, "z2": 1},
  "selectionBox": { "x1": 0, "y1": 0, "z1": 0, "x2": 1, "y2": 1, "z2": 1}
}