{
	code: "treestump",
	"class": "idgblockstump",
	"__comment": "BlockLog contains only contains code for OnPickBlock",
	behaviorsByType: {
		"*-grown-*": [{name: "PushEventOnBlockBroken",	properties: {eventName: "testForDecay"}}, { name: "MyceliumHost" }],
		"*": [{ name: "MyceliumHost" }]
	},
	variantgroups: [
		{ code: "type", states: ["grown", "placed"] },
		{ code: "wood", loadFromProperties: "wildcrafttree:block/wood" },
    {
      "code": "side",
      "loadFromProperties": "abstract/horizontalorientation"
    }
	],
	"attributes": {
		handbook: {
			excludeByType: {
				"*-placed-*": true
			}
		},
		treeFellingGroupCodeByType: {
			"treestump-grown-*": "{wood}",
			"groupBy": ["treestump-*-{wood}-*"]
		},
		"treeFellingGroupSpreadIndexByType": {
			"*": 4
		},
		preventsDecayByType: {
			"treestump-grown-*": true
		}
	},
	creativeinventory: { "general": ["treestump-grown-*-east"], "flora": ["treestump-grown-*-east"], "construction": ["treestump-grown-*-east"] },
	shape: { base: "indappledgroves:block/wood/treestump2", "alternates": [{"base": "indappledgroves:block/wood/treestump" },{"base": "indappledgroves:block/wood/treestumpfin1" },{"base": "indappledgroves:block/wood/treestumpfin1"}] },
	"sidesolid": {
		"all": "false"
	},
	"sideopaque": {
		"all": "false"
	},
	drawtype: "json",
	blockmaterial: "Wood",
	requiredMiningTier: 1,
	textures: {
		"all": { base: "wildcrafttree:block/wood/bark/{wood}" },
		"up": {"base": "wildcrafttree:block/wood/treetrunk/{wood}"}
	},
	replaceable: 500,
	sounds: {
		"place": "game:block/planks",
		"walk": "game:walk/wood",
		"hit": "game:block/planks",
		"break": "game:block/planks",
		byTool: {
			"Axe": { hit: "game:block/chop", break: "game:block/planks" }
		}
	},
	drops: [
		{ type: "block", code: "wildcrafttree:log-placed-{wood}-ud", quantity: { avg: 1 }  }
	],
	combustiblePropsByType: {
		"treestump-*-birch-*": {
			burnTemperature: 800,
			burnDuration: 78
		},
		"treestump-*-oak-*": {
			burnTemperature: 800,
			burnDuration: 98
		},
		"treestump-*-ebony-*": {
			burnTemperature: 800,
			burnDuration: 110
		},
		"treestump-*-pine-*": {
			burnTemperature: 800,
			burnDuration: 60
		},
		"treestump-*-acacia-*": {
			burnTemperature: 800,
			burnDuration: 89
		},
		"treestump-*-kapok-*": {
			burnTemperature: 800,
			burnDuration: 47
		},
		"treestump-*-maple-*": {
			burnTemperature: 800,
			burnDuration: 79
		},
		"treestump-*-redwood-*": {
			burnTemperature: 800,
			burnDuration: 72
		},
		"treestump-*-aged-*": {
			burnTemperature: 700,
			burnDuration: 40
		},
		"*": {
			burnTemperature: 800,
			burnDuration: 72
		}
	},
	"resistanceByType": {
		"*-banyan-*":69,
		"*-bearnut-*":14,
		"*-beech-*":38,
		"*-bluemahoe-*":42,
		"*-catalpa-*":16,
		"*-cedar-*":27,
		"*-chlorociboria-*":15,
		"*-dalbergia-*":75,
		"*-douglasfir-*":20,
		"*-elm-*":23,
		"*-empresstree-*":39,
		"*-eucalyptus-*":33,
		"*-ghost gum-*":45,
		"*-ginkgo-*":32,
		"*-guajacum-*":133,
		"*-honey locust-*":46,
		"*-jacaranda-*":85,
		"*-kauri-*":40,
		"*-mahogany-*":77,
		"*-ohia-*":62,
		"*-petrified-*":12,
		"*-poplar-*":16,
		"*-red cedar-*":27,
		"*-sal-*":62,
		"*-satin ash-*":44,
		"*-saxaul-*":37,
		"*-spruce-*":20,
		"*-sycamore-*":23,
		"*-tuja-*":35,
		"*-umnini-*":96,
		"*-willow-*":17,
		"*-yew-*":45,
		"*": 45
    },
	maxStackSize: 16,
	materialDensity: 700,
	heldTpIdleAnimation: "holdbothhandslarge", heldTpUseAnimation: "twohandplaceblock",
	tpHandTransform: {
		translation: { x: -1.23, y: -0.91, z: -0.8 },
		rotation: { x: -2, y: 25, z: -78 },
		scale: 0.4
	}
}
