{
	"editor": {
		"allAngles": false,
		"entityTextureMode": true
	},
	"textureWidth": 40,
	"textureHeight": 32,
	"textureSizes": {
	},
	"textures": {
	},
	"elements": [
		{
			"name": "ShellLower",
			"from": [ 14.29, 8.01, 5.73 ],
			"to": [ 17.55, 9.64, 10.294 ],
			"autoUnwrap": false,
			"uv": [ 1.5, 14.0 ],
			"rotationOrigin": [ 15.916, 8.008, 8.008 ],
			"rotationX": 90.0,
			"rotationZ": 90.0,
			"faces": {
				"north": { "texture": "#skin", "uv": [ 0.0, 14.0, 10.0, 19.0 ], "autoUv": false, "windMode": [-1,-1,-1,-1] },
				"east": { "texture": "#skin", "uv": [ 10.0, 14.0, 24.0, 19.0 ], "autoUv": false },
				"south": { "texture": "#skin", "uv": [ 0.0, 19.0, 10.0, 24.0 ], "autoUv": false },
				"west": { "texture": "#skin", "uv": [ 24.0, 14.0, 10.0, 19.0 ], "autoUv": false, "windMode": [-1,-1,-1,-1] },
				"up": { "texture": "#skin", "uv": [ 0.0, 0.0, 10.0, 14.0 ], "autoUv": false },
				"down": { "texture": "#skin", "uv": [ 10.0, 0.0, 20.0, 14.0 ], "autoUv": false }
			},
			"children": [
				{
					"name": "ShellUpper",
					"from": [ 0.163, 0.163, 0.326 ],
					"to": [ 3.097, 2.0864, 4.238 ],
					"autoUnwrap": false,
					"uv": [ 15.0, 7.5 ],
					"rotationOrigin": [ 0.163, 0.1304, 0.326 ],
					"faces": {
						"north": { "texture": "#skin", "uv": [ 31.0, 18.0, 40.0, 23.5 ], "autoUv": false },
						"east": { "texture": "#skin", "uv": [ 28.0, 12.0, 40.0, 17.5 ], "autoUv": false },
						"south": { "texture": "#skin", "uv": [ 31.0, 18.0, 40.0, 23.5 ], "autoUv": false, "windMode": [-1,-1,-1,-1] },
						"west": { "texture": "#skin", "uv": [ 40.0, 12.0, 28.0, 17.5 ], "autoUv": false, "windMode": [-1,-1,-1,-1] },
						"up": { "texture": "#skin", "uv": [ 31.0, 0.0, 40.0, 12.0 ], "autoUv": false },
						"down": { "texture": "#skin", "uv": [ 31.0, 0.0, 40.0, 12.0 ], "autoUv": false }
					}
				}
			]
		}
	]}