{
	code: "tortoise-female",
	class: "EntityAgent",
	habitat: "Land",
	hitboxSize: { x: 0.4, y: 0.35 },
	deadHitboxSize: { x: 0.4, y: 0.35 },
	eyeHeight: 0.7,
	knockbackresistance: 0.2,
	attributes: {
		blockDiet: ["crop-cabbage*"]
	},
	drops: [],
	client: {
		renderer: "Shape",
		size: 0.9,
		shape: { base: "entity/land/tortoise" },
		texture: { base: "entity/land/tortoise" },
		behaviors: [
			{ code: "repulseagents" }, 
			{ code: "controlledphysics", stepHeight: 1.1251 }, 
			{ code: "floatupwhenstuck", onlyWhenDead: true },
			{ code: "interpolateposition" },
			{ code: "multiplybase" }, 
			{ code: "harvestable" },
			{ code: "despawn", minPlayerDistance: 15, minSeconds: 120 },
		],
		animations: [
			{
				code: "hurt",
				animation: "hurt", 
				easeInSpeed: 4,
				easeOutSpeed: 4,
				weight: 10,
				blendMode: "AddAverage" 
			},
			{
				code: "die",
				animation: "die", 
				animationSpeed: 2,
				weight: 10,
				blendMode: "Average",
				triggeredBy: { onControls: ["dead"] }
			},
			{ 
				code: "idle", 
				animation: "idle",
				animationSpeed: 0.5,
				blendMode: "AddAverage",
				easeOutSpeed: 10,
				triggeredBy: { defaultAnim: true },
			},
			{
				code: "sleep", 
				animation: "sleep",
				easeInSpeed: 4,
				easeOutSpeed: 4,
				blendMode: "Average", 
			}
		]
	},
	server: {
		behaviors: [
			{ code: "repulseagents" }, 
			{ code: "controlledphysics", stepHeight: 1.1251 },
			{ code: "despawn", minPlayerDistance: 15, minSeconds: 120 },
			{ code: "health", currenthealth: 13, maxhealth: 13, },
			{ code: "deaddecay", hoursToDecay: 96 },
			{ code: "floatupwhenstuck", onlyWhenDead: true },
			{ code: "harvestable", drops: [
				{
					type: "item", 
					code: "game:turtlemeat-raw", 
					quantity: { avg: 4, var: 0 } 
				},
				{
					"type": "item",
					"code": "kreaturesandkritters:tortoiseshell",
					"quantity": {
						"avg": 1,
						"var": 0
					}
				},
				{
					type: "item", 
					code: "fat", 
					quantity: { avg: 1, var: 0 } 
				},
				{
					type: "item", 
					code: "bone", 
					quantity: { avg: 1.4, var: 0 } 
				}
			],
			},
			{ code: "breathe" },
			{ code: "multiplybase",
				multiplyCooldownDaysMin: 4,
				multiplyCooldownDaysMax: 6,
				portionsEatenForMultiply: 2
			},
			{ 
				code: "taskai",
				aitasks: [
					{
						code: "fleeentity",
						entityCodes: ["player", "wolf-male", "wolf-female", "fox-*", "hyena-male", "hyena-female"],
						priority: 1.8,
						minduration: 3200,
						maxduration: 3200,
						movespeed: 0.0055,
						seekingRange: 3,
						animation: "Walk",
						animationSpeed: 2,
					},
					{
						code: "getoutofwater",
						priority: 1.4,
						movespeed: 0.0045,
						animation: "Walk",
						animationSpeed: 4
					},
					{
						"code": "seekblockandlay",
						"priority": 1.36,
						"layTime": 5,
						"movespeed": 0.003,
						"animation": "Walk",
						"mincooldownHours": 48,
						"maxcooldownHours": 72,
						"sitAnimation": "sleep",
						"requiresNearbyEntityCode": "tortoise-male",
						"requiresNearbyEntityRange": 12,
						"failBlockCode": "kreaturesandkritters:egg-tortoise-1"
					},
					{
						code: "idle",
						priority: 1.35,
						minduration: 200000,
						maxduration: 800000,
						mincooldown: 10000,
						maxcooldown: 30000,
						priorityForCancel: 1.35,
						animation: "Sleep",
						duringDayTimeFrames: [ { fromHour: 4, toHour: 16 } ],
						stopOnNearbyEntityCodes: ["player", "wolf-male", "wolf-female", "fox-*", "hyena-male", "hyena-female"],
						stopRange: 6,
						stopOnHurt: true
					},
					{
						code: "seekfoodandeat",
						movespeed: 0.003,
						priority: 1.3,
						animationSpeed: 2,
						animation: "Walk",
						eatAnimation: "Eat",
						eatSound: "player/eat",
						eatTime: 1.5,
						eatLooseItems: true,
						eatItemCategories: ["Vegetable", "Protein"],
						mincooldownHours: 1,
						maxcooldownHours: 4,
					},
					{
						code: "idle",
						priority: 1.2,
						priorityForCancel: 1.35,
						minduration: 3200,
						maxduration: 3200,
						mincooldown: 6000,
						maxcooldown: 20000,
						animation: "Idle",
						animationSpeed: 1.5,
					},
					{
						code: "wander", 
						priority: 1.0, 
						movespeed: 0.0008,
						animationSpeed: 1,
						animation: "Walk",
						preferredLightLevel: 4,
						priorityForCancel: 1.35
					},
					{ 
						code: "lookaround", 
						priority: 0.5
					}
				]
			}
		]
	},
	sounds: {
	},
	idleSoundChance: 0.01
}