{
	"editor": {
		"allAngles": true,
		"entityTextureMode": false
	},
	"textureWidth": 16,
	"textureHeight": 16,
	"textureSizes": {
	},
	"textures": {
	},
	"elements": [
		{
			"name": "stick",
			"from": [ 7.0, 0.0, 7.0 ], 
			"to": [ 9.0, 8.0, 9.0 ], 
			"rotationOrigin": [ 7.0, 0.0, 7.0 ],
			"faces": {
				"north": { "texture": "#agedwood", "uv": [ 7.0, 10.0, 15.0, 12.0 ], "rotation": 90 },
				"east": { "texture": "#agedwood", "uv": [ 4.0, 6.0, 12.0, 8.0 ], "rotation": 90 },
				"south": { "texture": "#agedwood", "uv": [ 4.0, 12.0, 12.0, 14.0 ], "rotation": 90 },
				"west": { "texture": "#agedwood", "uv": [ 2.0, 7.0, 10.0, 9.0 ], "rotation": 90 },
				"up": { "texture": "#agedwood", "uv": [ 0.0, 0.0, 2.0, 2.0 ], "enabled": false },
				"down": { "texture": "#agedwood", "uv": [ 0.0, 0.0, 2.0, 2.0 ] }
			},
			"children": [
				{
					"name": "body",
					"from": [ -2.0, 8.0, -2.0 ], 
					"to": [ 4.0, 12.0, 4.0 ], 
					"rotationOrigin": [ 0.0, 0.0, -2.0 ],
					"faces": {
						"north": { "texture": "#bamboo-side", "uv": [ 0.0, 2.0, 6.0, 6.0 ] },
						"east": { "texture": "#bamboo-side", "uv": [ 4.0, 2.0, 10.0, 6.0 ] },
						"south": { "texture": "#bamboo-side", "uv": [ 1.0, 2.0, 7.0, 6.0 ] },
						"west": { "texture": "#bamboo-side", "uv": [ 8.0, 2.0, 14.0, 6.0 ] },
						"up": { "texture": "#bamboo-top", "uv": [ 3.0, 3.0, 9.0, 9.0 ], "enabled": false },
						"down": { "texture": "#bamboo-top", "uv": [ 6.0, 6.0, 12.0, 12.0 ] }
					},
					"children": [
						{
							"name": "upper body",
							"from": [ -1.0, 4.0, -1.0 ], 
							"to": [ 7.0, 15.0, 7.0 ], 
							"rotationOrigin": [ -1.0, 10.0, -1.0 ],
							"faces": {
								"north": { "texture": "#bamboo-side", "uv": [ 0.0, 5.0, 8.0, 16.0 ] },
								"east": { "texture": "#bamboo-side", "uv": [ 7.0, 5.0, 15.0, 16.0 ] },
								"south": { "texture": "#bamboo-side", "uv": [ 4.0, 5.0, 12.0, 16.0 ] },
								"west": { "texture": "#bamboo-side", "uv": [ 2.0, 5.0, 10.0, 16.0 ] },
								"up": { "texture": "#bamboo-top", "uv": [ 0.0, 1.0, 8.0, 9.0 ] },
								"down": { "texture": "#bamboo-top", "uv": [ 6.0, 0.0, 14.0, 8.0 ] }
							},
							"children": [
								{
									"name": "hands",
									"from": [ -4.0, 7.0, 2.5 ], 
									"to": [ 11.0, 9.0, 4.5 ], 
									"rotationOrigin": [ 3.0, 6.0, 3.5 ],
									"rotationZ": -4.0,
									"faces": {
										"north": { "texture": "#agedwood", "uv": [ 0.0, 6.0, 15.0, 8.0 ] },
										"east": { "texture": "#agedwood", "uv": [ 11.0, 13.0, 13.0, 15.0 ] },
										"south": { "texture": "#agedwood", "uv": [ 1.0, 4.0, 16.0, 6.0 ] },
										"west": { "texture": "#agedwood", "uv": [ 6.0, 3.0, 8.0, 5.0 ] },
										"up": { "texture": "#agedwood", "uv": [ 0.0, 9.0, 15.0, 11.0 ] },
										"down": { "texture": "#agedwood", "uv": [ 1.0, 9.0, 16.0, 11.0 ] }
									}
								},
								{
									"name": "neck",
									"from": [ 3.0, 11.0, 3.0 ], 
									"to": [ 5.0, 12.0, 5.0 ], 
									"rotationOrigin": [ 3.0, 11.0, 3.0 ],
									"faces": {
										"north": { "texture": "#agedwood", "uv": [ 3.0, 4.0, 4.0, 6.0 ], "rotation": 90 },
										"east": { "texture": "#agedwood", "uv": [ 4.0, 6.0, 5.0, 8.0 ], "rotation": 90 },
										"south": { "texture": "#agedwood", "uv": [ 13.0, 8.0, 14.0, 10.0 ], "rotation": 90 },
										"west": { "texture": "#agedwood", "uv": [ 7.0, 9.0, 8.0, 11.0 ], "rotation": 90 },
										"up": { "texture": "#agedwood", "uv": [ 6.0, 7.0, 8.0, 9.0 ], "enabled": false },
										"down": { "texture": "#agedwood", "uv": [ 4.0, 5.0, 6.0, 7.0 ], "enabled": false }
									},
									"children": [
										{
											"name": "Head",
											"from": [ -2.0, 1.0, -2.0 ], 
											"to": [ 4.0, 6.0, 4.0 ], 
											"rotationOrigin": [ -2.0, 2.0, -2.0 ],
											"faces": {
												"north": { "texture": "#bamboo-side", "uv": [ 0.0, 4.0, 6.0, 9.0 ] },
												"east": { "texture": "#bamboo-side", "uv": [ 9.0, 5.0, 15.0, 10.0 ] },
												"south": { "texture": "#face", "uv": [ 5.0, 6.0, 11.0, 11.0 ] },
												"west": { "texture": "#bamboo-side", "uv": [ 9.0, 5.0, 15.0, 10.0 ] },
												"up": { "texture": "#bamboo-top", "uv": [ 3.0, 2.0, 9.0, 8.0 ] },
												"down": { "texture": "#bamboo-top", "uv": [ 0.0, 10.0, 6.0, 16.0 ] }
											}
										}
									]
								}
							]
						}
					]
				}
			]
		}
	],
	"animations": [
		{
			"name": "Bounce",
			"code": "bounce",
			"quantityframes": 38,
			"onActivityStopped": "PlayTillEnd",
			"onAnimationEnd": "Stop",
			"keyframes": [
				{
					"frame": 0,
					"elements": {
						"stick": { "rotationX": 0.0, "rotationY": 0.0, "rotationZ": 0.0 }
					}
				},
				{
					"frame": 7,
					"elements": {
						"stick": { "rotationX": -22.5, "rotationY": 0.0, "rotationZ": 0.0 }
					}
				},
				{
					"frame": 14,
					"elements": {
						"stick": { "rotationX": 22.5, "rotationY": 0.0, "rotationZ": 0.0 }
					}
				},
				{
					"frame": 19,
					"elements": {
						"stick": { "rotationX": -11.0, "rotationY": 0.0, "rotationZ": 0.0 }
					}
				},
				{
					"frame": 24,
					"elements": {
						"stick": { "rotationX": 11.0, "rotationY": 0.0, "rotationZ": 0.0 }
					}
				},
				{
					"frame": 28,
					"elements": {
						"stick": { "rotationX": -6.0, "rotationY": 0.0, "rotationZ": 0.0 }
					}
				},
				{
					"frame": 32,
					"elements": {
						"stick": { "rotationX": 6.0, "rotationY": 0.0, "rotationZ": 0.0 }
					}
				},
				{
					"frame": 35,
					"elements": {
						"stick": { "rotationX": 0.0, "rotationY": 0.0, "rotationZ": 0.0 }
					}
				}
			]
		}
	]
}