{
	"editor": {
		"allAngles": false,
		"entityTextureMode": false
	},
	"textureWidth": 16,
	"textureHeight": 16,
	"textureSizes": {
	},
	"textures": {
		"aged": "/Users/vinte/AppData/Roaming/Vintagestory/1179/assets/survival/textures/block/wood/debarked/aged"
	},
	"elements": [
		{
			"name": "Cube1",
			"from": [ 0.0, 0.0, 0.0 ], 
			"to": [ 16.0, 16.0, 16.0 ], 
			"faces": {
				"north": { "texture": "#aged", "uv": [ 0.0, 0.0, 16.0, 16.0 ] },
				"east": { "texture": "#aged", "uv": [ 0.0, 0.0, 16.0, 16.0 ] },
				"south": { "texture": "#aged", "uv": [ 0.0, 0.0, 16.0, 16.0 ] },
				"west": { "texture": "#aged", "uv": [ 0.0, 0.0, 16.0, 16.0 ] },
				"up": { "texture": "#aged", "uv": [ 0.0, 0.0, 16.0, 16.0 ] },
				"down": { "texture": "#aged", "uv": [ 0.0, 0.0, 16.0, 16.0 ] }
			},
			"children": [
				{
					"name": "Cube2",
					"from": [ -1.0, 11.89, -0.01 ], 
					"to": [ 0.0, 15.89, 15.97 ], 
					"rotationOrigin": [ 0.0, 11.9, 0.0 ],
					"rotationZ": -14.0,
					"faces": {
						"north": { "texture": "#aged", "uv": [ 0.0, 0.0, 1.0, 4.0 ] },
						"east": { "texture": "#aged", "uv": [ 0.0, 0.0, 15.5, 4.0 ], "enabled": false },
						"south": { "texture": "#aged", "uv": [ 0.0, 0.0, 1.0, 4.0 ] },
						"west": { "texture": "#aged", "uv": [ 0.0, 0.0, 15.5, 4.0 ] },
						"up": { "texture": "#aged", "uv": [ 0.0, 0.0, 1.0, 15.5 ], "enabled": false },
						"down": { "texture": "#aged", "uv": [ 0.0, 0.0, 1.0, 15.5 ] }
					}
				},
				{
					"name": "Cube3",
					"from": [ -1.0, 8.0, -0.01 ], 
					"to": [ 0.0, 12.0, 15.97 ], 
					"rotationOrigin": [ 0.0, 8.0, 0.0 ],
					"rotationZ": -14.0,
					"faces": {
						"north": { "texture": "#aged", "uv": [ 0.0, 0.0, 1.0, 4.0 ] },
						"east": { "texture": "#aged", "uv": [ 0.0, 0.0, 15.5, 4.0 ], "enabled": false },
						"south": { "texture": "#aged", "uv": [ 0.0, 0.0, 1.0, 4.0 ] },
						"west": { "texture": "#aged", "uv": [ 0.0, 0.0, 15.5, 4.0 ] },
						"up": { "texture": "#aged", "uv": [ 0.0, 0.0, 1.0, 15.5 ], "enabled": false },
						"down": { "texture": "#aged", "uv": [ 0.0, 0.0, 1.0, 15.5 ] }
					}
				},
				{
					"name": "Cube4",
					"from": [ -1.0, 4.0, -0.01 ], 
					"to": [ 0.0, 8.0, 15.99 ], 
					"rotationOrigin": [ 0.0, 4.0, 0.0 ],
					"rotationZ": -14.0,
					"faces": {
						"north": { "texture": "#aged", "uv": [ 0.0, 0.0, 1.0, 4.0 ] },
						"east": { "texture": "#aged", "uv": [ 0.0, 0.0, 16.0, 4.0 ], "enabled": false },
						"south": { "texture": "#aged", "uv": [ 0.0, 0.0, 1.0, 4.0 ] },
						"west": { "texture": "#aged", "uv": [ 0.0, 0.0, 16.0, 4.0 ] },
						"up": { "texture": "#aged", "uv": [ 0.0, 0.0, 1.0, 16.0 ], "enabled": false },
						"down": { "texture": "#aged", "uv": [ 0.0, 0.0, 1.0, 16.0 ] }
					}
				},
				{
					"name": "Cube5",
					"from": [ -1.0, 0.0, -0.01 ], 
					"to": [ 0.0, 4.0, 15.97 ], 
					"rotationOrigin": [ 0.0, 0.0, 0.0 ],
					"rotationZ": -14.0,
					"faces": {
						"north": { "texture": "#aged", "uv": [ 0.0, 0.0, 1.0, 4.0 ] },
						"east": { "texture": "#aged", "uv": [ 0.0, 0.0, 15.5, 4.0 ], "enabled": false },
						"south": { "texture": "#aged", "uv": [ 0.0, 0.0, 1.0, 4.0 ] },
						"west": { "texture": "#aged", "uv": [ 0.0, 0.0, 15.5, 4.0 ] },
						"up": { "texture": "#aged", "uv": [ 0.0, 0.0, 1.0, 15.5 ], "enabled": false },
						"down": { "texture": "#aged", "uv": [ 0.0, 0.0, 1.0, 15.5 ] }
					}
				},
				{
					"name": "Cube12",
					"from": [ 14.9994, 11.8799, 0.01 ], 
					"to": [ 15.9994, 15.8799, 15.99 ], 
					"rotationOrigin": [ 16.0, 11.9, 0.0 ],
					"rotationX": 0.002,
					"rotationY": -89.98,
					"rotationZ": -14.0,
					"faces": {
						"north": { "texture": "#aged", "uv": [ 0.0, 0.0, 1.0, 4.0 ] },
						"east": { "texture": "#aged", "uv": [ 0.0, 0.0, 15.5, 4.0 ], "enabled": false },
						"south": { "texture": "#aged", "uv": [ 0.0, 0.0, 1.0, 4.0 ] },
						"west": { "texture": "#aged", "uv": [ 0.0, 0.0, 15.5, 4.0 ] },
						"up": { "texture": "#aged", "uv": [ 0.0, 0.0, 1.0, 15.5 ], "enabled": false },
						"down": { "texture": "#aged", "uv": [ 0.0, 0.0, 1.0, 15.5 ] }
					}
				},
				{
					"name": "Cube13",
					"from": [ 14.9996, 7.9999, 0.01 ], 
					"to": [ 15.9996, 11.9999, 15.99 ], 
					"rotationOrigin": [ 16.0, 8.0, 0.0 ],
					"rotationX": 0.002,
					"rotationY": -89.98,
					"rotationZ": -14.0,
					"faces": {
						"north": { "texture": "#aged", "uv": [ 0.0, 0.0, 1.0, 4.0 ] },
						"east": { "texture": "#aged", "uv": [ 0.0, 0.0, 15.5, 4.0 ], "enabled": false },
						"south": { "texture": "#aged", "uv": [ 0.0, 0.0, 1.0, 4.0 ] },
						"west": { "texture": "#aged", "uv": [ 0.0, 0.0, 15.5, 4.0 ] },
						"up": { "texture": "#aged", "uv": [ 0.0, 0.0, 1.0, 15.5 ], "enabled": false },
						"down": { "texture": "#aged", "uv": [ 0.0, 0.0, 1.0, 15.5 ] }
					}
				},
				{
					"name": "Cube15",
					"from": [ 15.0, -1.0E-4, 0.01 ], 
					"to": [ 16.0, 3.9999, 15.99 ], 
					"rotationOrigin": [ 16.0, 0.0, 0.0 ],
					"rotationX": 0.002,
					"rotationY": -89.98,
					"rotationZ": -14.0,
					"faces": {
						"north": { "texture": "#aged", "uv": [ 0.0, 0.0, 1.0, 4.0 ] },
						"east": { "texture": "#aged", "uv": [ 0.0, 0.0, 15.5, 4.0 ], "enabled": false },
						"south": { "texture": "#aged", "uv": [ 0.0, 0.0, 1.0, 4.0 ] },
						"west": { "texture": "#aged", "uv": [ 0.0, 0.0, 15.5, 4.0 ] },
						"up": { "texture": "#aged", "uv": [ 0.0, 0.0, 1.0, 15.5 ], "enabled": false },
						"down": { "texture": "#aged", "uv": [ 0.0, 0.0, 1.0, 15.5 ] }
					}
				},
				{
					"name": "Cube14",
					"from": [ 15.0, 3.9999, 0.01 ], 
					"to": [ 16.0, 7.9999, 15.99 ], 
					"rotationOrigin": [ 16.0, 4.0, 0.0 ],
					"rotationX": 0.002,
					"rotationY": -89.98,
					"rotationZ": -14.0,
					"faces": {
						"north": { "texture": "#aged", "uv": [ 0.0, 0.0, 1.0, 4.0 ] },
						"east": { "texture": "#aged", "uv": [ 0.0, 0.0, 15.5, 4.0 ], "enabled": false },
						"south": { "texture": "#aged", "uv": [ 0.0, 0.0, 1.0, 4.0 ] },
						"west": { "texture": "#aged", "uv": [ 0.0, 0.0, 15.5, 4.0 ] },
						"up": { "texture": "#aged", "uv": [ 0.0, 0.0, 1.0, 15.5 ], "enabled": false },
						"down": { "texture": "#aged", "uv": [ 0.0, 0.0, 1.0, 15.5 ] }
					}
				}
			]
		}
	]}