{
	"editor": {
		"allAngles": false,
		"entityTextureMode": false
	},
	"textureWidth": 16,
	"textureHeight": 16,
	"textureSizes": {
	},
	"textures": {
		"latex": "block/liquid/latex"
	},
	"elements": [
		{
			"name": "Origin",
			"from": [ 8.5, 0.0, 9.0 ], 
			"to": [ 8.5, 0.0, 9.0 ], 
			"rotationOrigin": [ 8.0, 0.0, 8.5 ],
			"faces": {
				"north": { "texture": "#latex", "uv": [ 0.0, 0.0, 0.5, 0.5 ], "enabled": false },
				"east": { "texture": "#latex", "uv": [ 0.0, 0.0, 0.5, 0.5 ], "enabled": false },
				"south": { "texture": "#latex", "uv": [ 0.0, 0.0, 0.5, 0.5 ], "enabled": false },
				"west": { "texture": "#latex", "uv": [ 0.0, 0.0, 0.5, 0.5 ], "enabled": false },
				"up": { "texture": "#latex", "uv": [ 0.0, 0.0, 0.5, 0.5 ], "enabled": false },
				"down": { "texture": "#latex", "uv": [ 0.0, 0.0, 0.5, 0.5 ], "enabled": false }
			},
			"children": [
				{
					"name": "Cube1",
					"from": [ -1.0, 0.0, -3.0 ], 
					"to": [ 1.5, 1.0, 1.5 ], 
					"rotationOrigin": [ 0.0, 0.0, -1.0 ],
					"faces": {
						"north": { "texture": "#latex", "uv": [ 7.5, 10.0, 10.0, 11.0 ] },
						"east": { "texture": "#latex", "uv": [ 7.5, 4.5, 12.0, 5.5 ] },
						"south": { "texture": "#latex", "uv": [ 3.0, 15.0, 5.5, 16.0 ] },
						"west": { "texture": "#latex", "uv": [ 0.0, 15.0, 4.5, 16.0 ] },
						"up": { "texture": "#latex", "uv": [ 7.5, 3.5, 10.0, 8.0 ] },
						"down": { "texture": "#latex", "uv": [ 0.0, 1.5, 2.5, 6.0 ] }
					}
				},
				{
					"name": "Cube5",
					"from": [ -3.0, 0.0, -3.5 ], 
					"to": [ 1.0, 0.5, 1.5 ], 
					"rotationOrigin": [ 0.0, 0.0, -1.5 ],
					"faces": {
						"north": { "texture": "#latex", "uv": [ 7.5, 10.0, 11.5, 10.5 ] },
						"east": { "texture": "#latex", "uv": [ 4.0, 5.0, 9.0, 5.5 ] },
						"south": { "texture": "#latex", "uv": [ 3.5, 15.0, 7.5, 15.5 ] },
						"west": { "texture": "#latex", "uv": [ 6.0, 0.0, 11.0, 0.5 ] },
						"up": { "texture": "#latex", "uv": [ 9.0, 4.5, 13.0, 9.5 ] },
						"down": { "texture": "#latex", "uv": [ 1.5, 2.0, 5.5, 7.0 ] }
					}
				},
				{
					"name": "Cube14",
					"from": [ -0.5, 0.5, -3.5 ], 
					"to": [ 0.5, 1.0, -3.0 ], 
					"rotationOrigin": [ 4.5, 1.0, -4.0 ],
					"faces": {
						"north": { "texture": "#latex", "uv": [ 13.5, 14.0, 14.5, 14.5 ] },
						"east": { "texture": "#latex", "uv": [ 1.0, 8.0, 1.5, 8.5 ] },
						"south": { "texture": "#latex", "uv": [ 0.0, 0.0, 1.0, 0.5 ], "enabled": false },
						"west": { "texture": "#latex", "uv": [ 15.0, 11.5, 15.5, 12.0 ] },
						"up": { "texture": "#latex", "uv": [ 14.0, 14.0, 15.0, 14.5 ] },
						"down": { "texture": "#latex", "uv": [ 0.0, 0.0, 1.0, 0.5 ], "enabled": false }
					}
				},
				{
					"name": "Cube15",
					"from": [ 1.5, 0.0, -2.5 ], 
					"to": [ 2.5, 0.5, -1.5 ], 
					"rotationOrigin": [ 0.5, 0.5, -3.0 ],
					"faces": {
						"north": { "texture": "#latex", "uv": [ 13.5, 14.0, 14.5, 14.5 ] },
						"east": { "texture": "#latex", "uv": [ 1.0, 8.0, 2.0, 8.5 ] },
						"south": { "texture": "#latex", "uv": [ 3.0, 15.0, 4.0, 15.5 ] },
						"west": { "texture": "#latex", "uv": [ 0.0, 0.0, 1.0, 0.5 ], "enabled": false },
						"up": { "texture": "#latex", "uv": [ 14.0, 14.0, 15.0, 15.0 ] },
						"down": { "texture": "#latex", "uv": [ 2.5, 3.5, 3.5, 4.5 ] }
					}
				},
				{
					"name": "Cube16",
					"from": [ -2.5, 0.0, 1.5 ], 
					"to": [ -1.5, 0.5, 2.5 ], 
					"rotationOrigin": [ 0.5, 0.5, -3.0 ],
					"faces": {
						"north": { "texture": "#latex", "uv": [ 0.0, 0.0, 1.0, 0.5 ], "enabled": false },
						"east": { "texture": "#latex", "uv": [ 1.0, 8.0, 2.0, 8.5 ] },
						"south": { "texture": "#latex", "uv": [ 3.0, 14.5, 4.0, 15.0 ] },
						"west": { "texture": "#latex", "uv": [ 15.0, 11.5, 16.0, 12.0 ] },
						"up": { "texture": "#latex", "uv": [ 14.0, 14.0, 15.0, 15.0 ] },
						"down": { "texture": "#latex", "uv": [ 0.5, 1.5, 1.5, 2.5 ] }
					}
				},
				{
					"name": "Cube17",
					"from": [ -2.0, 0.5, -2.5 ], 
					"to": [ -1.0, 1.0, 1.0 ], 
					"rotationOrigin": [ 3.0, 1.0, -3.0 ],
					"faces": {
						"north": { "texture": "#latex", "uv": [ 13.5, 14.0, 14.5, 14.5 ] },
						"east": { "texture": "#latex", "uv": [ 0.0, 0.0, 3.5, 0.5 ], "enabled": false },
						"south": { "texture": "#latex", "uv": [ 3.0, 11.0, 4.0, 11.5 ] },
						"west": { "texture": "#latex", "uv": [ 10.0, 11.5, 13.5, 12.0 ] },
						"up": { "texture": "#latex", "uv": [ 11.0, 10.5, 12.0, 14.0 ] },
						"down": { "texture": "#latex", "uv": [ 0.0, 0.0, 1.0, 3.5 ], "enabled": false }
					}
				},
				{
					"name": "Cube18",
					"from": [ -0.5, 1.0, -2.0 ], 
					"to": [ 0.5, 1.5, 0.0 ], 
					"rotationOrigin": [ 4.5, 1.5, -2.5 ],
					"faces": {
						"north": { "texture": "#latex", "uv": [ 13.5, 14.0, 14.5, 14.5 ] },
						"east": { "texture": "#latex", "uv": [ 1.0, 8.0, 3.0, 8.5 ], "windMode": [-1,-1,-1,-1] },
						"south": { "texture": "#latex", "uv": [ 4.0, 11.0, 5.0, 11.5 ] },
						"west": { "texture": "#latex", "uv": [ 10.0, 10.0, 12.0, 10.5 ], "windMode": [-1,-1,-1,-1] },
						"up": { "texture": "#latex", "uv": [ 10.0, 11.0, 11.0, 13.0 ] },
						"down": { "texture": "#latex", "uv": [ 0.0, 0.0, 1.0, 2.0 ], "enabled": false }
					}
				},
				{
					"name": "Cube19",
					"from": [ -1.0, 0.0, -1.0 ], 
					"to": [ 2.0, 0.5, 2.0 ], 
					"rotationOrigin": [ 4.0, 0.5, -1.5 ],
					"faces": {
						"north": { "texture": "#latex", "uv": [ 5.5, 8.0, 8.5, 8.5 ] },
						"east": { "texture": "#latex", "uv": [ 1.0, 8.0, 4.0, 8.5 ] },
						"south": { "texture": "#latex", "uv": [ 3.0, 15.0, 6.0, 15.5 ] },
						"west": { "texture": "#latex", "uv": [ 9.5, 11.5, 12.5, 12.0 ] },
						"up": { "texture": "#latex", "uv": [ 9.0, 9.0, 12.0, 12.0 ] },
						"down": { "texture": "#latex", "uv": [ 1.5, 2.5, 4.5, 5.5 ] }
					}
				},
				{
					"name": "Cube20",
					"from": [ -2.5, 0.5, -1.5 ], 
					"to": [ -2.0, 1.0, -0.5 ], 
					"rotationOrigin": [ 2.5, 1.0, -2.0 ],
					"faces": {
						"north": { "texture": "#latex", "uv": [ 13.5, 14.0, 14.0, 14.5 ] },
						"east": { "texture": "#latex", "uv": [ 0.0, 0.0, 1.0, 0.5 ], "enabled": false },
						"south": { "texture": "#latex", "uv": [ 3.0, 15.0, 3.5, 15.5 ] },
						"west": { "texture": "#latex", "uv": [ 15.0, 11.5, 16.0, 12.0 ] },
						"up": { "texture": "#latex", "uv": [ 14.0, 14.0, 14.5, 15.0 ] },
						"down": { "texture": "#latex", "uv": [ 0.0, 0.0, 0.5, 1.0 ], "enabled": false }
					}
				},
				{
					"name": "Cube21",
					"from": [ 0.0, 1.5, -1.0 ], 
					"to": [ 0.6, 2.0, -0.5 ], 
					"rotationOrigin": [ 5.0, 2.0, -1.5 ],
					"faces": {
						"north": { "texture": "#latex", "uv": [ 13.5, 14.0, 14.0, 14.5 ] },
						"east": { "texture": "#latex", "uv": [ 1.0, 8.0, 1.5, 8.5 ] },
						"south": { "texture": "#latex", "uv": [ 3.0, 15.0, 3.5, 15.5 ] },
						"west": { "texture": "#latex", "uv": [ 15.0, 11.5, 15.5, 12.0 ] },
						"up": { "texture": "#latex", "uv": [ 14.0, 14.0, 14.5, 14.5 ] },
						"down": { "texture": "#latex", "uv": [ 0.0, 0.0, 0.5, 0.5 ], "enabled": false }
					}
				},
				{
					"name": "Cube22",
					"from": [ -3.5, 0.0, -3.5 ], 
					"to": [ -3.0, 0.5, -3.0 ], 
					"rotationOrigin": [ 1.5, 0.5, -4.0 ],
					"faces": {
						"north": { "texture": "#latex", "uv": [ 13.5, 14.0, 14.0, 14.5 ] },
						"east": { "texture": "#latex", "uv": [ 0.0, 0.0, 0.5, 0.5 ], "enabled": false },
						"south": { "texture": "#latex", "uv": [ 3.0, 15.0, 3.5, 15.5 ] },
						"west": { "texture": "#latex", "uv": [ 15.0, 11.5, 15.5, 12.0 ] },
						"up": { "texture": "#latex", "uv": [ 14.0, 14.0, 14.5, 14.5 ] },
						"down": { "texture": "#latex", "uv": [ 1.0, 1.5, 1.5, 2.0 ] }
					}
				},
				{
					"name": "Cube23",
					"from": [ 2.0, 0.0, 1.0 ], 
					"to": [ 2.5, 0.5, 1.5 ], 
					"rotationOrigin": [ 7.0, 0.5, 0.5 ],
					"faces": {
						"north": { "texture": "#latex", "uv": [ 13.5, 14.0, 14.0, 14.5 ] },
						"east": { "texture": "#latex", "uv": [ 1.0, 8.0, 1.5, 8.5 ] },
						"south": { "texture": "#latex", "uv": [ 3.0, 15.0, 3.5, 15.5 ] },
						"west": { "texture": "#latex", "uv": [ 0.0, 0.0, 0.5, 0.5 ], "enabled": false },
						"up": { "texture": "#latex", "uv": [ 14.0, 14.0, 14.5, 14.5 ] },
						"down": { "texture": "#latex", "uv": [ 2.5, 3.5, 3.0, 4.0 ] }
					}
				},
				{
					"name": "Cube24",
					"from": [ -0.5, 0.0, 2.0 ], 
					"to": [ 0.0, 0.5, 2.5 ], 
					"rotationOrigin": [ 4.5, 0.5, 1.5 ],
					"faces": {
						"north": { "texture": "#latex", "uv": [ 13.5, 14.0, 14.0, 14.5 ] },
						"east": { "texture": "#latex", "uv": [ 1.0, 8.0, 1.5, 8.5 ] },
						"south": { "texture": "#latex", "uv": [ 3.0, 15.0, 3.5, 15.5 ] },
						"west": { "texture": "#latex", "uv": [ 15.0, 11.5, 15.5, 12.0 ] },
						"up": { "texture": "#latex", "uv": [ 14.0, 14.0, 14.5, 14.5 ] },
						"down": { "texture": "#latex", "uv": [ 2.0, 1.5, 2.5, 2.0 ], "windMode": [-1,-1,-1,-1] }
					}
				},
				{
					"name": "Cube25",
					"from": [ 0.5, 1.0, -2.0 ], 
					"to": [ 1.0, 1.5, -0.5 ], 
					"rotationOrigin": [ 5.5, 1.5, -2.5 ],
					"faces": {
						"north": { "texture": "#latex", "uv": [ 13.5, 14.0, 14.0, 14.5 ] },
						"east": { "texture": "#latex", "uv": [ 1.0, 8.0, 2.5, 8.5 ] },
						"south": { "texture": "#latex", "uv": [ 4.0, 11.0, 4.5, 11.5 ] },
						"west": { "texture": "#latex", "uv": [ 0.0, 0.0, 1.5, 0.5 ], "enabled": false },
						"up": { "texture": "#latex", "uv": [ 10.0, 11.0, 10.5, 12.5 ] },
						"down": { "texture": "#latex", "uv": [ 0.0, 0.0, 0.5, 1.5 ], "enabled": false }
					}
				},
				{
					"name": "Cube26",
					"from": [ -1.0, 1.0, -1.0 ], 
					"to": [ -0.5, 1.5, 0.0 ], 
					"rotationOrigin": [ 4.0, 1.5, -1.5 ],
					"faces": {
						"north": { "texture": "#latex", "uv": [ 13.5, 14.0, 14.0, 14.5 ] },
						"east": { "texture": "#latex", "uv": [ 0.0, 0.0, 1.0, 0.5 ], "enabled": false },
						"south": { "texture": "#latex", "uv": [ 4.0, 11.0, 4.5, 11.5 ] },
						"west": { "texture": "#latex", "uv": [ 10.0, 10.0, 11.0, 10.5 ], "windMode": [-1,-1,-1,-1] },
						"up": { "texture": "#latex", "uv": [ 10.0, 11.0, 10.5, 12.0 ] },
						"down": { "texture": "#latex", "uv": [ 0.0, 0.0, 0.5, 1.0 ], "enabled": false }
					}
				},
				{
					"name": "Cube27",
					"from": [ -3.5, 0.0, 0.5 ], 
					"to": [ -3.0, 0.5, 1.0 ], 
					"rotationOrigin": [ 1.5, 0.5, 0.0 ],
					"faces": {
						"north": { "texture": "#latex", "uv": [ 13.5, 14.0, 14.0, 14.5 ], "windMode": [-1,-1,-1,-1] },
						"east": { "texture": "#latex", "uv": [ 0.0, 0.0, 0.5, 0.5 ], "enabled": false },
						"south": { "texture": "#latex", "uv": [ 3.0, 15.0, 3.5, 15.5 ], "windMode": [-1,-1,-1,-1] },
						"west": { "texture": "#latex", "uv": [ 15.0, 11.5, 15.5, 12.0 ], "windMode": [-1,-1,-1,-1] },
						"up": { "texture": "#latex", "uv": [ 14.0, 14.0, 14.5, 14.5 ] },
						"down": { "texture": "#latex", "uv": [ 1.5, 1.5, 2.0, 2.0 ], "windMode": [-1,-1,-1,-1] }
					}
				},
				{
					"name": "Cube28",
					"from": [ -3.5, 0.0, -2.0 ], 
					"to": [ -3.0, 0.5, -1.0 ], 
					"rotationOrigin": [ 1.5, 0.5, -2.5 ],
					"faces": {
						"north": { "texture": "#latex", "uv": [ 13.5, 14.0, 14.0, 14.5 ] },
						"east": { "texture": "#latex", "uv": [ 0.0, 0.0, 1.0, 0.5 ], "enabled": false },
						"south": { "texture": "#latex", "uv": [ 3.0, 15.0, 3.5, 15.5 ] },
						"west": { "texture": "#latex", "uv": [ 15.0, 11.5, 16.0, 12.0 ] },
						"up": { "texture": "#latex", "uv": [ 14.0, 14.0, 14.5, 15.0 ] },
						"down": { "texture": "#latex", "uv": [ 1.5, 1.5, 2.0, 2.5 ], "windMode": [-1,-1,-1,-1] }
					}
				},
				{
					"name": "Cube29",
					"from": [ -3.0, 0.0, -4.0 ], 
					"to": [ -2.0, 0.5, -3.5 ], 
					"rotationOrigin": [ 2.0, 0.5, -4.5 ],
					"faces": {
						"north": { "texture": "#latex", "uv": [ 13.5, 14.0, 14.5, 14.5 ] },
						"east": { "texture": "#latex", "uv": [ 1.0, 8.0, 1.5, 8.5 ] },
						"south": { "texture": "#latex", "uv": [ 0.0, 0.0, 1.0, 0.5 ], "enabled": false },
						"west": { "texture": "#latex", "uv": [ 15.0, 11.5, 15.5, 12.0 ] },
						"up": { "texture": "#latex", "uv": [ 14.0, 14.0, 15.0, 14.5 ] },
						"down": { "texture": "#latex", "uv": [ 1.0, 1.5, 2.0, 2.0 ] }
					}
				},
				{
					"name": "Cube30",
					"from": [ -0.5, 0.0, -4.0 ], 
					"to": [ 0.5, 0.5, -3.5 ], 
					"rotationOrigin": [ 4.5, 0.5, -4.5 ],
					"faces": {
						"north": { "texture": "#latex", "uv": [ 13.5, 14.0, 14.5, 14.5 ] },
						"east": { "texture": "#latex", "uv": [ 1.0, 8.0, 1.5, 8.5 ] },
						"south": { "texture": "#latex", "uv": [ 0.0, 0.0, 1.0, 0.5 ], "enabled": false },
						"west": { "texture": "#latex", "uv": [ 15.0, 11.5, 15.5, 12.0 ] },
						"up": { "texture": "#latex", "uv": [ 14.0, 14.0, 15.0, 14.5 ] },
						"down": { "texture": "#latex", "uv": [ 1.0, 1.5, 2.0, 2.0 ] }
					}
				},
				{
					"name": "Cube31",
					"from": [ -2.5, 0.5, -3.0 ], 
					"to": [ -2.0, 1.0, -2.5 ], 
					"rotationOrigin": [ 2.5, 1.0, -3.5 ],
					"faces": {
						"north": { "texture": "#latex", "uv": [ 13.5, 14.0, 14.0, 14.5 ] },
						"east": { "texture": "#latex", "uv": [ 1.0, 8.0, 1.5, 8.5 ] },
						"south": { "texture": "#latex", "uv": [ 3.0, 15.0, 3.5, 15.5 ] },
						"west": { "texture": "#latex", "uv": [ 15.0, 11.5, 15.5, 12.0 ] },
						"up": { "texture": "#latex", "uv": [ 14.0, 14.0, 14.5, 14.5 ] },
						"down": { "texture": "#latex", "uv": [ 0.0, 0.0, 0.5, 0.5 ], "enabled": false }
					}
				}
			]
		}
	]}