[
	{
		ingredientPattern: "SP,MT,S_",
		ingredients: {
			"S": { type: "item", code: "ceramicslabitem-burned"},
			"M": { type: "item", code: "game:mortar"},
			"P": { type: "item", code: "game:stick", quantity: 8 },
			"T": { type: "item", code: "game:flaxtwine" }
		},
		width: 2,
		height: 3,
		output: { type: "block", code: "cellardoor-plain-north-down-closed-left" }
	},
	
	{
		ingredientPattern: "SN,MH,SC",
		ingredients: {
			"S": { type: "item", code: "ceramicslabitem-burned"},
			"M": { type: "item", code: "game:mortar"},
			"N": { type: "item", code: "game:metalnailsandstrips-*", quantity: 2 },
			"H": { type: "item", code: "game:hammer-*", isTool: true },
			"C": { type: "item", code: "game:chisel-*", isTool: true }
		},
		width: 2,
		height: 3,
		output: { type: "block", code: "cellardoor-fancy-north-down-closed-left" }
	}
]