{
	"editor": {
		"allAngles": true,
		"entityTextureMode": false
	},
	"textureWidth": 16,
	"textureHeight": 16,
	"textureSizes": {
	},
	"textures": {
		"rope": "item/resource/rope",
		"aged": "block/wood/bark/aged",
		"oak2": "block/wood/debarked/oak"
	},
	"elements": [
		{
			"name": "Stake15",
			"from": [ 0.5, 0.0, 11.5 ], 
			"to": [ 3.5, 16.0, 14.5 ], 
			"rotationOrigin": [ 2.0, 0.0, 13.0 ],
			"rotationY": 20.0,
			"faces": {
				"north": { "texture": "#aged", "uv": [ 9.5, 0.0, 12.5, 16.0 ] },
				"east": { "texture": "#aged", "uv": [ 4.0, 0.0, 7.0, 16.0 ] },
				"south": { "texture": "#aged", "uv": [ 3.0, 0.0, 6.0, 16.0 ] },
				"west": { "texture": "#aged", "uv": [ 8.5, 0.0, 11.5, 16.0 ] },
				"up": { "texture": "#oak2", "uv": [ 11.5, 7.5, 14.5, 10.5 ] },
				"down": { "texture": "#aged", "uv": [ 7.5, 5.0, 10.5, 8.0 ], "enabled": false }
			},
			"children": [
				{
					"name": "Ropetie9",
					"from": [ -0.25, 7.6, 0.01 ], 
					"to": [ 3.25, 8.6, 4.01 ], 
					"rotationOrigin": [ -0.2, 7.6, 0.0 ],
					"rotationX": -30.0,
					"faces": {
						"north": { "texture": "#rope", "uv": [ 0.0, 0.0, 3.5, 1.0 ] },
						"east": { "texture": "#rope", "uv": [ 0.0, 0.0, 4.0, 1.0 ] },
						"south": { "texture": "#rope", "uv": [ 0.0, 0.0, 3.5, 1.0 ] },
						"west": { "texture": "#rope", "uv": [ 0.0, 0.0, 4.0, 1.0 ] },
						"up": { "texture": "#rope", "uv": [ 0.0, 0.0, 3.5, 4.0 ] },
						"down": { "texture": "#rope", "uv": [ 0.0, 0.0, 3.5, 4.0 ] }
					}
				},
				{
					"name": "Ropetie10",
					"from": [ -0.3, 10.1, -0.4 ], 
					"to": [ 3.2, 10.6, 3.7 ], 
					"rotationOrigin": [ -0.3, 10.1, -0.4 ],
					"rotationX": 36.0,
					"faces": {
						"north": { "texture": "#rope", "uv": [ 0.0, 0.0, 3.5, 0.5 ] },
						"east": { "texture": "#rope", "uv": [ 0.0, 0.0, 4.0, 0.5 ] },
						"south": { "texture": "#rope", "uv": [ 0.0, 0.0, 3.5, 0.5 ] },
						"west": { "texture": "#rope", "uv": [ 0.0, 0.0, 4.0, 0.5 ] },
						"up": { "texture": "#rope", "uv": [ 0.0, 0.0, 3.5, 4.0 ] },
						"down": { "texture": "#rope", "uv": [ 0.0, 0.0, 3.5, 4.0 ] }
					}
				}
			]
		},
		{
			"name": "Stake25",
			"from": [ 0.5, 0.0, 7.0 ], 
			"to": [ 3.5, 16.0, 10.0 ], 
			"rotationOrigin": [ 2.0, 0.0, 8.5 ],
			"rotationY": -23.0,
			"faces": {
				"north": { "texture": "#aged", "uv": [ 3.5, 0.0, 6.5, 16.0 ] },
				"east": { "texture": "#aged", "uv": [ 9.0, 0.0, 12.0, 16.0 ] },
				"south": { "texture": "#aged", "uv": [ 5.0, 0.0, 8.0, 16.0 ], "autoUv": false },
				"west": { "texture": "#aged", "uv": [ 7.0, 0.0, 10.0, 16.0 ] },
				"up": { "texture": "#oak2", "uv": [ 6.5, 7.5, 9.5, 10.5 ] },
				"down": { "texture": "#aged", "uv": [ 11.5, 9.0, 14.5, 12.0 ], "enabled": false }
			},
			"children": [
				{
					"name": "Ropetie13",
					"from": [ -0.3, 9.4, -0.5 ], 
					"to": [ 3.2, 10.4, 3.3 ], 
					"rotationOrigin": [ -0.3, 9.4, -0.5 ],
					"rotationX": 20.0,
					"faces": {
						"north": { "texture": "#rope", "uv": [ 0.0, 0.0, 3.5, 1.0 ] },
						"east": { "texture": "#rope", "uv": [ 0.0, 0.0, 3.5, 1.0 ] },
						"south": { "texture": "#rope", "uv": [ 0.0, 0.0, 3.5, 1.0 ] },
						"west": { "texture": "#rope", "uv": [ 0.0, 0.0, 3.5, 1.0 ] },
						"up": { "texture": "#rope", "uv": [ 0.0, 0.0, 3.5, 3.5 ] },
						"down": { "texture": "#rope", "uv": [ 0.0, 0.0, 3.5, 3.5 ] }
					}
				},
				{
					"name": "Ropetie14",
					"from": [ -0.2, 8.0, -0.2 ], 
					"to": [ 3.3, 8.5, 3.3 ], 
					"rotationOrigin": [ -0.2, 8.0, -0.2 ],
					"rotationX": -5.0,
					"faces": {
						"north": { "texture": "#rope", "uv": [ 0.0, 0.0, 3.5, 0.5 ] },
						"east": { "texture": "#rope", "uv": [ 0.0, 0.0, 3.5, 0.5 ] },
						"south": { "texture": "#rope", "uv": [ 0.0, 0.0, 3.5, 0.5 ] },
						"west": { "texture": "#rope", "uv": [ 0.0, 0.0, 3.5, 0.5 ] },
						"up": { "texture": "#rope", "uv": [ 0.0, 0.0, 3.5, 3.5 ] },
						"down": { "texture": "#rope", "uv": [ 0.0, 0.0, 3.5, 3.5 ] }
					}
				},
				{
					"name": "Ropetie15",
					"from": [ -0.25, 5.0, -0.3 ], 
					"to": [ 3.25, 5.5, 3.2 ], 
					"rotationOrigin": [ -0.2, 5.0, -0.3 ],
					"rotationX": 10.0,
					"faces": {
						"north": { "texture": "#rope", "uv": [ 0.0, 0.0, 3.5, 0.5 ] },
						"east": { "texture": "#rope", "uv": [ 0.0, 0.0, 3.5, 0.5 ] },
						"south": { "texture": "#rope", "uv": [ 0.0, 0.0, 3.5, 0.5 ] },
						"west": { "texture": "#rope", "uv": [ 0.0, 0.0, 3.5, 0.5 ] },
						"up": { "texture": "#rope", "uv": [ 0.0, 0.0, 3.5, 3.5 ] },
						"down": { "texture": "#rope", "uv": [ 0.0, 0.0, 3.5, 3.5 ] }
					}
				}
			]
		},
		{
			"name": "Stake36",
			"from": [ 0.5, 0.0, 1.0 ], 
			"to": [ 3.5, 16.0, 4.0 ], 
			"rotationOrigin": [ 2.0, 0.0, 2.5 ],
			"rotationY": 17.0,
			"faces": {
				"north": { "texture": "#aged", "uv": [ 2.5, 0.0, 5.5, 16.0 ] },
				"east": { "texture": "#aged", "uv": [ 4.0, 0.0, 7.0, 16.0 ] },
				"south": { "texture": "#aged", "uv": [ 9.0, 0.0, 12.0, 16.0 ] },
				"west": { "texture": "#aged", "uv": [ 4.5, 0.0, 7.5, 16.0 ] },
				"up": { "texture": "#oak2", "uv": [ 10.0, 13.0, 13.0, 16.0 ] },
				"down": { "texture": "#aged", "uv": [ 7.0, 13.5, 10.0, 16.5 ], "enabled": false }
			},
			"children": [
				{
					"name": "Ropetie11",
					"from": [ -0.2, 8.5, -0.4 ], 
					"to": [ 3.3, 9.5, 3.1 ], 
					"rotationOrigin": [ -0.2, 8.5, -0.4 ],
					"rotationX": 11.0,
					"faces": {
						"north": { "texture": "#rope", "uv": [ 0.0, 0.0, 3.5, 1.0 ] },
						"east": { "texture": "#rope", "uv": [ 0.0, 0.0, 3.5, 1.0 ] },
						"south": { "texture": "#rope", "uv": [ 0.0, 0.0, 3.5, 1.0 ] },
						"west": { "texture": "#rope", "uv": [ 0.0, 0.0, 3.5, 1.0 ] },
						"up": { "texture": "#rope", "uv": [ 0.0, 0.0, 3.5, 3.5 ] },
						"down": { "texture": "#rope", "uv": [ 0.0, 0.0, 3.5, 3.5 ] }
					}
				},
				{
					"name": "Ropetie12",
					"from": [ -0.25, 7.0, 0.1 ], 
					"to": [ 3.25, 7.5, 4.2 ], 
					"rotationOrigin": [ -0.2, 7.0, 0.1 ],
					"rotationX": -38.0,
					"faces": {
						"north": { "texture": "#rope", "uv": [ 0.0, 0.0, 3.5, 0.5 ] },
						"east": { "texture": "#rope", "uv": [ 0.0, 0.0, 4.0, 0.5 ] },
						"south": { "texture": "#rope", "uv": [ 0.0, 0.0, 3.5, 0.5 ] },
						"west": { "texture": "#rope", "uv": [ 0.0, 0.0, 4.0, 0.5 ] },
						"up": { "texture": "#rope", "uv": [ 0.0, 0.0, 3.5, 4.0 ] },
						"down": { "texture": "#rope", "uv": [ 0.0, 0.0, 3.5, 4.0 ] }
					}
				}
			]
		},
		{
			"name": "Ropetether2",
			"from": [ 1.1, 8.0, 6.2 ], 
			"to": [ 2.5, 9.4, 15.2 ], 
			"rotationOrigin": [ 1.1, 8.0, 6.2 ],
			"faces": {
				"north": { "texture": "#rope", "uv": [ 0.0, 0.0, 1.0, 1.0 ] },
				"east": { "texture": "#rope", "uv": [ 0.0, 0.0, 9.0, 1.0 ] },
				"south": { "texture": "#rope", "uv": [ 0.0, 0.0, 1.0, 1.0 ] },
				"west": { "texture": "#rope", "uv": [ 0.0, 0.0, 9.0, 1.0 ] },
				"up": { "texture": "#rope", "uv": [ 0.0, 0.0, 1.0, 9.0 ] },
				"down": { "texture": "#rope", "uv": [ 0.0, 0.0, 1.0, 9.0 ] }
			},
			"children": [
				{
					"name": "Ropeknot5",
					"from": [ -0.2, -0.2, 0.0 ], 
					"to": [ 1.8, 2.2, 1.0 ], 
					"rotationOrigin": [ -0.2, -0.2, 0.0 ],
					"rotationX": 20.0,
					"faces": {
						"north": { "texture": "#rope", "uv": [ 0.0, 0.0, 2.0, 2.0 ] },
						"east": { "texture": "#rope", "uv": [ 0.0, 0.0, 1.0, 2.0 ] },
						"south": { "texture": "#rope", "uv": [ 0.0, 0.0, 2.0, 2.0 ] },
						"west": { "texture": "#rope", "uv": [ 0.0, 0.0, 1.0, 2.0 ] },
						"up": { "texture": "#rope", "uv": [ 0.0, 0.0, 2.0, 1.0 ] },
						"down": { "texture": "#rope", "uv": [ 0.0, 0.0, 2.0, 1.0 ] }
					}
				},
				{
					"name": "Ropeknot6",
					"from": [ -0.1, -0.1, 0.8 ], 
					"to": [ 1.7, 1.8, 1.8 ], 
					"rotationOrigin": [ -0.1, -0.1, 0.8 ],
					"rotationX": -20.0,
					"faces": {
						"north": { "texture": "#rope", "uv": [ 0.0, 0.0, 1.5, 1.5 ] },
						"east": { "texture": "#rope", "uv": [ 0.0, 0.0, 1.0, 1.5 ] },
						"south": { "texture": "#rope", "uv": [ 0.0, 0.0, 1.5, 1.5 ] },
						"west": { "texture": "#rope", "uv": [ 0.0, 0.0, 1.0, 1.5 ] },
						"up": { "texture": "#rope", "uv": [ 0.0, 0.0, 1.5, 1.0 ] },
						"down": { "texture": "#rope", "uv": [ 0.0, 0.0, 1.5, 1.0 ] }
					}
				},
				{
					"name": "Ropeknot7",
					"from": [ -0.1, 0.3, 7.4 ], 
					"to": [ 1.7, 2.1, 8.1 ], 
					"rotationOrigin": [ -0.1, 0.3, 7.4 ],
					"rotationX": 30.0,
					"faces": {
						"north": { "texture": "#rope", "uv": [ 0.0, 0.0, 1.5, 1.5 ] },
						"east": { "texture": "#rope", "uv": [ 0.0, 0.0, 0.5, 1.5 ] },
						"south": { "texture": "#rope", "uv": [ 0.0, 0.0, 1.5, 1.5 ] },
						"west": { "texture": "#rope", "uv": [ 0.0, 0.0, 0.5, 1.5 ] },
						"up": { "texture": "#rope", "uv": [ 0.0, 0.0, 1.5, 0.5 ] },
						"down": { "texture": "#rope", "uv": [ 0.0, 0.0, 1.5, 0.5 ] }
					}
				},
				{
					"name": "Ropeknot8",
					"from": [ -0.2, -0.6, 7.9 ], 
					"to": [ 1.8, 1.4, 8.9 ], 
					"rotationOrigin": [ -0.2, -0.6, 7.9 ],
					"rotationX": -20.0,
					"faces": {
						"north": { "texture": "#rope", "uv": [ 0.0, 0.0, 2.0, 2.0 ] },
						"east": { "texture": "#rope", "uv": [ 0.0, 0.0, 1.0, 2.0 ] },
						"south": { "texture": "#rope", "uv": [ 0.0, 0.0, 2.0, 2.0 ] },
						"west": { "texture": "#rope", "uv": [ 0.0, 0.0, 1.0, 2.0 ] },
						"up": { "texture": "#rope", "uv": [ 0.0, 0.0, 2.0, 1.0 ] },
						"down": { "texture": "#rope", "uv": [ 0.0, 0.0, 2.0, 1.0 ] }
					}
				}
			]
		}
	]}