[
    {
        "name": "deconstruct with knife: stained leather poncho",
        "ingredientPattern": "KC",
        "ingredients": {
            "K": { "type": "item", "code": "game:knife-*", "isTool": true },
            "C": { "type": "item", "code": "game:clothes-shoulder-stained-leather-poncho" }
        },
        "width": 2,
        "height": 1,
        "shapeless": true,
        "recipeGroup": 2,
        "output": { "type": "item", "code": "game:leather-orange", "quantity": 4 }
    },
    {
        "name": "deconstruct with shears: stained leather poncho",
        "ingredientPattern": "KC",
        "ingredients": {
            "K": { "type": "item", "code": "game:shears-*", "isTool": true },
            "C": { "type": "item", "code": "game:clothes-shoulder-stained-leather-poncho" }
        },
        "width": 2,
        "height": 1,
        "shapeless": true,
        "recipeGroup": 2,
        "output": { "type": "item", "code": "game:leather-orange", "quantity": 4 }
    }
]
