{
	code: "fruittree",
	class: "BlockDynamicTreeBranch",
	entityClass: "DynamicTreeBranch",
	maxStackSize: 16,
	attributes: {
		handbook: {
			groupBy: ["wildcraftfruit:fruittree-*"]
		},
		asphyxiating: false,
		foliageBlock: "wildcraftfruit:fruittree-foliage",
		branchBlock: "wildcraftfruit:fruittree-branch",
		worldgen: [
			{ type: "almond", mintemp: -7, maxtemp: 16, minrain: 0.4, maxrain: 0.7 },
			{ type: "apricot", mintemp: 2, maxtemp: 18, minrain: 0.55, maxrain: 1 },
			{ type: "citron", mintemp: 16, maxtemp: 36, minrain: 0.6, maxrain: 1 },
			{ type: "lemon", mintemp: 24, maxtemp: 38, minrain: 0.5, maxrain: 1 },
			{ type: "falseorange", mintemp: 8, maxtemp: 22, minrain: 0.4, maxrain: 0.8 },
			{ type: "cocoa", mintemp: 26, maxtemp: 50, minrain: 0.6, maxrain: 1 },
			{ type: "engkala", mintemp: 28, maxtemp: 50, minrain: 0.6, maxrain: 1 },
			{ type: "macadamia", mintemp: 28, maxtemp: 50, minrain: 0.6, maxrain: 1 },
			{ type: "fig", mintemp: 14, maxtemp: 30, minrain: 0.5, maxrain: 1 },
			{ type: "achacha", mintemp: 18, maxtemp: 30, minrain: 0.5, maxrain: 0.8 },
			{ type: "illawarra", mintemp: 12, maxtemp: 36, minrain: 0.6, maxrain: 1 },
			{ type: "bunya", mintemp: 22, maxtemp: 30, minrain: 0.4, maxrain: 0.7 },
			{ type: "roseapple", mintemp: 16, maxtemp: 32, minrain: 0.6, maxrain: 1 },
			{ type: "lemonaspen", mintemp: 18, maxtemp: 30, minrain: 0.5, maxrain: 0.9 },
			{ type: "bluequandong", mintemp: 14, maxtemp: 30, minrain: 0.5, maxrain: 1 },
			{ type: "chinaberry", mintemp: 12, maxtemp: 30, minrain: 0.4, maxrain: 1 },
			{ type: "avocado", mintemp: 18, maxtemp: 45, minrain: 0.6, maxrain: 1 },
			{ type: "hawthorn",  mintemp: -15, maxtemp: 12, minrain: 0.4, maxrain: 1 },
			{ type: "rowan",  mintemp: -20, maxtemp: 8, minrain: 0.4, maxrain: 1 },
			{ type: "purpleplum", mintemp: -4, maxtemp: 16, minrain: 0.6, maxrain: 1 },
			{ type: "cherryplum", mintemp: 2, maxtemp: 22, minrain: 0.4, maxrain: 0.8 },
			{ type: "loquat", mintemp: 0, maxtemp: 20, minrain: 0.6, maxrain: 1 },
			{ type: "jujube", mintemp: 0, maxtemp: 20, minrain: 0.3, maxrain: 0.9 },
			{ type: "quince", mintemp: -8, maxtemp: 10, minrain: 0.5, maxrain: 1 },
			{ type: "commonhackberry", mintemp: -6, maxtemp: 12, minrain: 0.2, maxrain: 0.6 },
			{ type: "redquandong", mintemp: 22, maxtemp: 40, minrain: 0.2, maxrain: 0.4 },
			{ type: "sugarhackberry", mintemp: 12, maxtemp: 28, minrain: 0.6, maxrain: 1 },
			{ type: "beachalmond", mintemp: 14, maxtemp: 32, minrain: 0.6, maxrain: 0.8 },
			{ type: "pomelo",  mintemp: 25, maxtemp: 35, minrain: 0.55, maxrain: 0.8 },
			{ type: "cashew",  mintemp: 27, maxtemp: 50, minrain: 0.45, maxrain: 1 },
			{ type: "pandan",  mintemp: 24, maxtemp: 50, minrain: 0.5, maxrain: 1 },
			{ type: "guajava",  mintemp: 24, maxtemp: 40, minrain: 0.6, maxrain: 1 },
			{ type: "silvernettle",  mintemp: 22, maxtemp: 40, minrain: 0.6, maxrain: 1 },
			{ type: "hazelnut",  mintemp: -10, maxtemp: 10, minrain: 0.5, maxrain: 0.8 },
			{ type: "chestnut",  mintemp: -4, maxtemp: 14, minrain: 0.5, maxrain: 1 },
			{ type: "whiteoak",  mintemp: -4, maxtemp: 18, minrain: 0.3, maxrain: 0.8 }
		],
		shapes: {
			"stem": { base: "game:block/plant/fruittree/branch-ver" },
			
			"cutting-ns": { base: "game:block/plant/fruittree/cutting-hor", rotateY: 90 },
			"cutting-we": { base: "game:block/plant/fruittree/cutting-hor" },
			"cutting-ud": { base: "game:block/plant/fruittree/cutting-ver" },
			
			"branch-n": { base: "game:block/plant/fruittree/branch-hor", rotateY: 90 },
			"branch-e": { base: "game:block/plant/fruittree/branch-hor" },
			"branch-s": { base: "game:block/plant/fruittree/branch-hor", rotateY: -90 },
			"branch-w": { base: "game:block/plant/fruittree/branch-hor", rotateY: 180 },
			
			"branch-n-end": { base: "game:block/plant/fruittree/branch-hor-end", rotateY: 90 },
			"branch-e-end": { base: "game:block/plant/fruittree/branch-hor-end" },
			"branch-s-end": { base: "game:block/plant/fruittree/branch-hor-end", rotateY: -90 },
			"branch-w-end": { base: "game:block/plant/fruittree/branch-hor-end", rotateY: 180 },
			
			"branch-ud": { base: "game:block/plant/fruittree/branch-ver" },
			"branch-ud-end": { base: "game:block/plant/fruittree/branch-ver-end" },
			
			"foliage-ver": { base: "game:block/plant/fruittree/leaves-ver" },
			"foliage-hor-n": { base: "game:block/plant/fruittree/leaves-hor", rotateY: 90 },
			"foliage-hor-e": { base: "game:block/plant/fruittree/leaves-hor", rotateY: 0 },
			"foliage-hor-s": { base: "game:block/plant/fruittree/leaves-hor", rotateY: 270 },
			"foliage-hor-w": { base: "game:block/plant/fruittree/leaves-hor", rotateY: 180 },
			
			"fruit-almond": { base: "wildcraftfruit:block/plant/fruittree/fruit-almond" },
			"fruit-apricot": { base: "wildcraftfruit:block/plant/fruittree/fruit-apricot" },
			"fruit-engkala": { base: "wildcraftfruit:block/plant/fruittree/fruit-engkala" },
			"fruit-citron": { base: "wildcraftfruit:block/plant/fruittree/fruit-citron" },
			"fruit-lemon": { base: "wildcraftfruit:block/plant/fruittree/fruit-lemon" },
			"fruit-cocoa": { base: "wildcraftfruit:block/plant/fruittree/fruit-cocoa" },
			"fruit-fig": { base: "wildcraftfruit:block/plant/fruittree/fruit-fig" },
			"fruit-bluequandong": { base: "wildcraftfruit:block/plant/fruittree/fruit-bluequandong" },
			"fruit-redquandong": { base: "wildcraftfruit:block/plant/fruittree/fruit-redquandong" },
			"fruit-hawthorn": { base: "wildcraftfruit:block/plant/fruittree/fruit-hawthorn" },
			"fruit-rowan": { base: "wildcraftfruit:block/plant/fruittree/fruit-rowan" },
			"fruit-purpleplum": { base: "wildcraftfruit:block/plant/fruittree/fruit-purpleplum" },
			"fruit-cherryplum": { base: "wildcraftfruit:block/plant/fruittree/fruit-cherryplum" },
			"fruit-jujube": { base: "wildcraftfruit:block/plant/fruittree/fruit-jujube" },
			"fruit-quince": { base: "wildcraftfruit:block/plant/fruittree/fruit-quince" },
			"fruit-commonhackberry": { base: "wildcraftfruit:block/plant/fruittree/fruit-commonhackberry" },
			"fruit-sugarhackberry": { base: "wildcraftfruit:block/plant/fruittree/fruit-sugarhackberry" },
			"fruit-cashew": { base: "wildcraftfruit:block/plant/fruittree/fruit-cashew" },
			"fruit-cashew-ripe": { base: "wildcraftfruit:block/plant/fruittree/fruit-cashew-ripe" },
			"fruit-pandan": { base: "wildcraftfruit:block/plant/fruittree/fruit-pandan" },
			"fruit-pandan-ripe": { base: "wildcraftfruit:block/plant/fruittree/fruit-pandan-ripe" },
			"fruit-lemonaspen": { base: "wildcraftfruit:block/plant/fruittree/fruit-lemonaspen" },
			"fruit-silvernettle": { base: "wildcraftfruit:block/plant/fruittree/fruit-silvernettle" },
			"fruit-pomelo": { base: "wildcraftfruit:block/plant/fruittree/fruit-pomelo" },
			"fruit-falseorange": { base: "wildcraftfruit:block/plant/fruittree/fruit-falseorange" },
			"fruit-hazelnut": { base: "wildcraftfruit:block/plant/fruittree/fruit-hazelnut" },
			"fruit-chestnut": { base: "wildcraftfruit:block/plant/fruittree/fruit-chestnut" },
			"fruit-macadamia": { base: "wildcraftfruit:block/plant/fruittree/fruit-macadamia" },
			"fruit-guajava": { base: "wildcraftfruit:block/plant/fruittree/fruit-guajava" },
			"fruit-loquat": { base: "wildcraftfruit:block/plant/fruittree/fruit-loquat" },
			"fruit-roseapple": { base: "wildcraftfruit:block/plant/fruittree/fruit-roseapple" },
			"fruit-avocado": { base: "wildcraftfruit:block/plant/fruittree/fruit-avocado" },
			"fruit-illawarra": { base: "wildcraftfruit:block/plant/fruittree/fruit-illawarra" },
			"fruit-chinaberry": { base: "wildcraftfruit:block/plant/fruittree/fruit-chinaberry" },
			"fruit-beachalmond": { base: "wildcraftfruit:block/plant/fruittree/fruit-beachalmond" },
			"fruit-bunya": { base: "wildcraftfruit:block/plant/fruittree/fruit-bunya" },
			"fruit-achacha": { base: "wildcraftfruit:block/plant/fruittree/fruit-achacha" },
			"fruit-whiteoak": { base: "wildcraftfruit:block/plant/fruittree/fruit-whiteoak" }
		},
		treeFellingGroupCode: "fruittree",
		treeFellingGroupSpreadIndexByType: {
			"*-stem": 3,
			"*-branch": 2,
			"*-cutting": 2
		},
		fruittreeProperties: {
			"almond": {
				vernalizationHours: { avg: 250, var: 30 },
				vernalizationTemp: { avg: 4, var: 0.5 },
				floweringDays: { avg: 8.5, var: 1.5 },
				fruitingDays: { dist: "strongerinvexp", avg: 18, var: 12 },
				ripeDays: { dist: "strongerinvexp", avg: 20, var: 10 },
				growthStepDays: { dist: "verynarrowgaussian", avg: 5, var: 1 },
				fruitStacks: [
					{ type: "item", code: "wildcraftfruit:nut-almond", quantity: { dist: "strongerinvexp", avg: 8, var: 4 } }
				],
				enterDormancyTemp: { dist: "verynarrowgaussian", avg: -3, var: 4 },
				leaveDormancyTemp: { dist: "verynarrowgaussian", avg: 15, var: 5 },
				dieBelowTemp: { dist: "strongerinvexp", avg: -23, var: -10 },
				cuttingRootingChance: 0.4,
				cuttingGraftChance: 0.5
			},
			"whiteoak": {
				blossomParticles: false,
				vernalizationHours: { avg: 250, var: 30 },
				vernalizationTemp: { avg: 3, var: 0.5 },
				floweringDays: { avg: 4.5, var: 1.5 },
				fruitingDays: { dist: "strongerinvexp", avg: 26, var: 12 },
				ripeDays: { dist: "strongerinvexp", avg: 20, var: 10 },
				growthStepDays: { dist: "verynarrowgaussian", avg: 5, var: 1 },
				fruitStacks: [
					{ type: "item", code: "wildcraftfruit:nut-acorn", quantity: { dist: "strongerinvexp", avg: 8, var: 4 } }
				],
				enterDormancyTemp: { dist: "verynarrowgaussian", avg: 0, var: 4 },
				leaveDormancyTemp: { dist: "verynarrowgaussian", avg: 14, var: 5 },
				dieBelowTemp: { dist: "strongerinvexp", avg: -26, var: -10 },
				cuttingRootingChance: 0.4,
				cuttingGraftChance: 0.5
			},
			"apricot": {
				vernalizationHours: { avg: 250, var: 30 },
				vernalizationTemp: { avg: 6, var: 0.5 },
				floweringDays: { avg: 6.5, var: 1.5 },
				fruitingDays: { dist: "strongerinvexp", avg: 17, var: 10 },
				ripeDays: { dist: "strongerinvexp", avg: 8, var: 8 },
				growthStepDays: { dist: "verynarrowgaussian", avg: 5, var: 1 },
				fruitStacks: [
					{ type: "item", code: "wildcraftfruit:fruit-apricot", quantity: { dist: "strongerinvexp", avg: 6, var: 4 } }
				],
				enterDormancyTemp: { dist: "verynarrowgaussian", avg: 0, var: 4 },
				leaveDormancyTemp: { dist: "verynarrowgaussian", avg: 18, var: 5 },
				dieBelowTemp: { dist: "strongerinvexp", avg: -17, var: -10 },
				cuttingRootingChance: 0.4,
				cuttingGraftChance: 0.5
			},
			"citron": {
				cycleType: "Evergreen",
				floweringDays: { avg: 6.5, var: 1.5 },
				fruitingDays: { dist: "strongerinvexp", avg: 55, var: 12 },
				ripeDays: { dist: "strongerinvexp", avg: 12, var: 10 },
				growthStepDays: { dist: "verynarrowgaussian", avg: 5, var: 1 },
				fruitStacks: [
					{ type: "item", code: "wildcraftfruit:fruit-citron", quantity: { dist: "strongerinvexp", avg: 5, var: 4 } }
				],
				looseLeavesBelowTemp: { dist: "strongerinvexp", avg: 6, var: -4 },
				blossomAtYearRel: { dist: "strongerinvexp", avg: 0.5, var: 0.1 },
				dieBelowTemp: { dist: "strongerinvexp", avg: 0, var: -5 },
				cuttingRootingChance: 0.4,
				cuttingGraftChance: 0.5
			},
			"lemon": {
				cycleType: "Evergreen",
				floweringDays: { avg: 6.5, var: 1.5 },
				fruitingDays: { dist: "strongerinvexp", avg: 50, var: 12 },
				ripeDays: { dist: "strongerinvexp", avg: 12, var: 10 },
				growthStepDays: { dist: "verynarrowgaussian", avg: 5, var: 1 },
				fruitStacks: [
					{ type: "item", code: "wildcraftfruit:fruit-lemon", quantity: { dist: "strongerinvexp", avg: 5, var: 4 } }
				],
				looseLeavesBelowTemp: { dist: "strongerinvexp", avg: 8, var: -4 },
				blossomAtYearRel: { dist: "strongerinvexp", avg: 0.5, var: 0.1 },
				dieBelowTemp: { dist: "strongerinvexp", avg: 5, var: -5 },
				cuttingRootingChance: 0.4,
				cuttingGraftChance: 0.5
			},
			"avocado": {
				cycleType: "Evergreen",
				floweringDays: { avg: 4.5, var: 1.5 },
				fruitingDays: { dist: "strongerinvexp", avg: 50, var: 12 },
				ripeDays: { dist: "strongerinvexp", avg: 42, var: 12 },
				growthStepDays: { dist: "verynarrowgaussian", avg: 5, var: 1 },
				fruitStacks: [
					{ type: "item", code: "wildcraftfruit:vegetable-avocado", quantity: { dist: "strongerinvexp", avg: 5, var: 4 } }
				],
				looseLeavesBelowTemp: { dist: "strongerinvexp", avg: 6, var: -4 },
				blossomAtYearRel: { dist: "strongerinvexp", avg: 0.5, var: 0.1 },
				dieBelowTemp: { dist: "strongerinvexp", avg: 1, var: -5 },
				cuttingRootingChance: 0.4,
				cuttingGraftChance: 0.5
			},
			"falseorange": {
				vernalizationHours: { avg: 250, var: 30 },
				vernalizationTemp: { avg: 19, var: 0.5 },
				floweringDays: { avg: 4.5, var: 1.5 },
				fruitingDays: { dist: "strongerinvexp", avg: 28, var: 12 },
				ripeDays: { dist: "strongerinvexp", avg: 20, var: 10 },
				growthStepDays: { dist: "verynarrowgaussian", avg: 5, var: 1 },
				fruitStacks: [
					{ type: "item", code: "wildcraftfruit:fruit-falseorange", quantity: { dist: "strongerinvexp", avg: 5, var: 4 } }
				],
				enterDormancyTemp: { dist: "verynarrowgaussian", avg: 8, var: 4 },
				leaveDormancyTemp: { dist: "verynarrowgaussian", avg: 24, var: 5 },
				dieBelowTemp: { dist: "strongerinvexp", avg: -8, var: -5 },
				cuttingRootingChance: 0.4,
				cuttingGraftChance: 0.5
			},
			"cashew": {
				cycleType: "Evergreen",
				floweringDays: { avg: 4.5, var: 1.5 },
				fruitingDays: { dist: "strongerinvexp", avg: 40, var: 12 },
				ripeDays: { dist: "strongerinvexp", avg: 10, var: 10 },
				growthStepDays: { dist: "verynarrowgaussian", avg: 5, var: 1 },
				fruitStacks: [
					{ type: "item", code: "wildcraftfruit:fruit-cashewwhole", quantity: { dist: "strongerinvexp", avg: 6, var: 4 } }
				],
				looseLeavesBelowTemp: { dist: "strongerinvexp", avg: 10, var: -4 },
				blossomAtYearRel: { dist: "strongerinvexp", avg: 0.3, var: 0.1 },
				dieBelowTemp: { dist: "strongerinvexp", avg: 12, var: -4 },
				cuttingRootingChance: 0.4,
				cuttingGraftChance: 0.5
			},
			"achacha": {
				cycleType: "Evergreen",
				floweringDays: { avg: 4.5, var: 1.5 },
				fruitingDays: { dist: "strongerinvexp", avg: 30, var: 12 },
				ripeDays: { dist: "strongerinvexp", avg: 8, var: 10 },
				growthStepDays: { dist: "verynarrowgaussian", avg: 5, var: 1 },
				fruitStacks: [
					{ type: "item", code: "wildcraftfruit:fruit-achacha", quantity: { dist: "strongerinvexp", avg: 6, var: 4 } }
				],
				looseLeavesBelowTemp: { dist: "strongerinvexp", avg: 7, var: -4 },
				blossomAtYearRel: { dist: "strongerinvexp", avg: 0.3, var: 0.1 },
				dieBelowTemp: { dist: "strongerinvexp", avg: 4, var: -4 },
				cuttingRootingChance: 0.4,
				cuttingGraftChance: 0.5
			},
			"pandan": {
				cycleType: "Evergreen",
				floweringDays: { avg: 4.5, var: 1.5 },
				fruitingDays: { dist: "strongerinvexp", avg: 64, var: 12 },
				ripeDays: { dist: "strongerinvexp", avg: 20, var: 10 },
				growthStepDays: { dist: "verynarrowgaussian", avg: 5, var: 1 },
				fruitStacks: [
					{ type: "item", code: "wildcraftfruit:nut-pandan", quantity: { dist: "strongerinvexp", avg: 1.7, var: 1 } }
				],
				looseLeavesBelowTemp: { dist: "strongerinvexp", avg: 8, var: -4 },
				blossomAtYearRel: { dist: "strongerinvexp", avg: 0.3, var: 0.1 },
				dieBelowTemp: { dist: "strongerinvexp", avg: 7, var: -4 },
				cuttingRootingChance: 0.4,
				cuttingGraftChance: 0.5
			},
			"bunya": {
				cycleType: "Evergreen",
				floweringDays: { avg: 4.5, var: 1.5 },
				fruitingDays: { dist: "strongerinvexp", avg: 72, var: 16 },
				ripeDays: { dist: "strongerinvexp", avg: 30, var: 10 },
				growthStepDays: { dist: "verynarrowgaussian", avg: 5, var: 1 },
				fruitStacks: [
					{ type: "item", code: "wildcraftfruit:nut-bunyacone", quantity: { dist: "strongerinvexp", avg: 2.4, var: 1 } }
				],
				looseLeavesBelowTemp: { dist: "strongerinvexp", avg: 6, var: -4 },
				blossomAtYearRel: { dist: "strongerinvexp", avg: 0.3, var: 0.1 },
				dieBelowTemp: { dist: "strongerinvexp", avg: -4, var: -4 },
				cuttingRootingChance: 0.4,
				cuttingGraftChance: 0.5
			},
			"guajava": {
				cycleType: "Evergreen",
				floweringDays: { avg: 4.5, var: 1.5 },
				fruitingDays: { dist: "strongerinvexp", avg: 28, var: 12 },
				ripeDays: { dist: "strongerinvexp", avg: 12, var: 10 },
				growthStepDays: { dist: "verynarrowgaussian", avg: 5, var: 1 },
				fruitStacks: [
					{ type: "item", code: "wildcraftfruit:fruit-guajava", quantity: { dist: "strongerinvexp", avg: 6, var: 4 } }
				],
				looseLeavesBelowTemp: { dist: "strongerinvexp", avg: 10, var: -4 },
				blossomAtYearRel: { dist: "strongerinvexp", avg: 0.3, var: 0.1 },
				dieBelowTemp: { dist: "strongerinvexp", avg: 3, var: -4 },
				cuttingRootingChance: 0.4,
				cuttingGraftChance: 0.5
			},
			"silvernettle": {
				cycleType: "Evergreen",
				floweringDays: { avg: 4.5, var: 1.5 },
				fruitingDays: { dist: "strongerinvexp", avg: 24, var: 12 },
				ripeDays: { dist: "strongerinvexp", avg: 8, var: 10 },
				growthStepDays: { dist: "verynarrowgaussian", avg: 5, var: 1 },
				fruitStacks: [
					{ type: "item", code: "wildcraftfruit:fruit-silvernettle", quantity: { dist: "strongerinvexp", avg: 8, var: 4 } }
				],
				looseLeavesBelowTemp: { dist: "strongerinvexp", avg: 10, var: -4 },
				blossomAtYearRel: { dist: "strongerinvexp", avg: 0.5, var: 0.1 },
				dieBelowTemp: { dist: "strongerinvexp", avg: 7, var: -4 },
				cuttingRootingChance: 0.4,
				cuttingGraftChance: 0.5
			},
			"cocoa": {
				cycleType: "Evergreen",
				floweringDays: { avg: 4.5, var: 1.5 },
				fruitingDays: { dist: "strongerinvexp", avg: 50, var: 12 },
				ripeDays: { dist: "strongerinvexp", avg: 24, var: 12 },
				growthStepDays: { dist: "verynarrowgaussian", avg: 5, var: 1 },
				fruitStacks: [
					{ type: "item", code: "wildcraftfruit:fruit-cocoa", quantity: { dist: "strongerinvexp", avg: 3, var: 4 } }
				],
				looseLeavesBelowTemp: { dist: "strongerinvexp", avg: 8, var: -4 },
				blossomAtYearRel: { dist: "strongerinvexp", avg: 0.3, var: 0.1 },
				dieBelowTemp: { dist: "strongerinvexp", avg: 5, var: -4 },
				cuttingRootingChance: 0.4,
				cuttingGraftChance: 0.5
			},
			"engkala": {
				cycleType: "Evergreen",
				floweringDays: { avg: 4.5, var: 1.5 },
				fruitingDays: { dist: "strongerinvexp", avg: 42, var: 12 },
				ripeDays: { dist: "strongerinvexp", avg: 14, var: 10 },
				growthStepDays: { dist: "verynarrowgaussian", avg: 5, var: 1 },
				fruitStacks: [
					{ type: "item", code: "wildcraftfruit:fruit-engkala", quantity: { dist: "strongerinvexp", avg: 6, var: 4 } }
				],
				looseLeavesBelowTemp: { dist: "strongerinvexp", avg: 12, var: -4 },
				blossomAtYearRel: { dist: "strongerinvexp", avg: 0.4, var: 0.1 },
				dieBelowTemp: { dist: "strongerinvexp", avg: 12, var: -4 },
				cuttingRootingChance: 0.4,
				cuttingGraftChance: 0.5
			},
			"macadamia": {
				cycleType: "Evergreen",
				blossomParticles: false,
				floweringDays: { avg: 4.5, var: 1.5 },
				fruitingDays: { dist: "strongerinvexp", avg: 40, var: 12 },
				ripeDays: { dist: "strongerinvexp", avg: 24, var: 12 },
				growthStepDays: { dist: "verynarrowgaussian", avg: 5, var: 1 },
				fruitStacks: [
					{ type: "item", code: "wildcraftfruit:nut-macadamia", quantity: { dist: "strongerinvexp", avg: 8, var: 4 } }
				],
				looseLeavesBelowTemp: { dist: "strongerinvexp", avg: 12, var: -4 },
				blossomAtYearRel: { dist: "strongerinvexp", avg: 0.3, var: 0.1 },
				dieBelowTemp: { dist: "strongerinvexp", avg: 6, var: -4 },
				cuttingRootingChance: 0.4,
				cuttingGraftChance: 0.5
			},
			"fig": {
				cycleType: "Evergreen",
				blossomParticles: false,
				floweringDays: { avg: 4.5, var: 1.5 },
				fruitingDays: { dist: "strongerinvexp", avg: 30, var: 12 },
				ripeDays: { dist: "strongerinvexp", avg: 10, var: 10 },
				growthStepDays: { dist: "verynarrowgaussian", avg: 5, var: 1 },
				fruitStacks: [
					{ type: "item", code: "wildcraftfruit:fruit-fig", quantity: { dist: "strongerinvexp", avg: 6, var: 4 } }
				],
				looseLeavesBelowTemp: { dist: "strongerinvexp", avg: 8, var: -4 },
				blossomAtYearRel: { dist: "strongerinvexp", avg: 0.5, var: 0.1 },
				dieBelowTemp: { dist: "strongerinvexp", avg: -2, var: -4 },
				cuttingRootingChance: 0.4,
				cuttingGraftChance: 0.5
			},
			"illawarra": {
				cycleType: "Evergreen",
				blossomParticles: false,
				floweringDays: { avg: 4.5, var: 1.5 },
				fruitingDays: { dist: "strongerinvexp", avg: 34, var: 12 },
				ripeDays: { dist: "strongerinvexp", avg: 16, var: 10 },
				growthStepDays: { dist: "verynarrowgaussian", avg: 5, var: 1 },
				fruitStacks: [
					{ type: "item", code: "wildcraftfruit:fruit-illawarra", quantity: { dist: "strongerinvexp", avg: 8, var: 4 } }
				],
				looseLeavesBelowTemp: { dist: "strongerinvexp", avg: 8, var: -4 },
				blossomAtYearRel: { dist: "strongerinvexp", avg: 0.5, var: 0.1 },
				dieBelowTemp: { dist: "strongerinvexp", avg: -3, var: -4 },
				cuttingRootingChance: 0.4,
				cuttingGraftChance: 0.5
			},
			"roseapple": {
				cycleType: "Evergreen",
				floweringDays: { avg: 6.5, var: 1.5 },
				fruitingDays: { dist: "strongerinvexp", avg: 28, var: 12 },
				ripeDays: { dist: "strongerinvexp", avg: 10, var: 10 },
				growthStepDays: { dist: "verynarrowgaussian", avg: 5, var: 1 },
				fruitStacks: [
					{ type: "item", code: "wildcraftfruit:fruit-roseapple", quantity: { dist: "strongerinvexp", avg: 6, var: 4 } }
				],
				looseLeavesBelowTemp: { dist: "strongerinvexp", avg: 12, var: -4 },
				blossomAtYearRel: { dist: "strongerinvexp", avg: 0.5, var: 0.1 },
				dieBelowTemp: { dist: "strongerinvexp", avg: 4, var: -4 },
				cuttingRootingChance: 0.4,
				cuttingGraftChance: 0.5
			},
			"lemonaspen": {
				cycleType: "Evergreen",
				floweringDays: { avg: 4.5, var: 1.5 },
				fruitingDays: { dist: "strongerinvexp", avg: 24, var: 12 },
				ripeDays: { dist: "strongerinvexp", avg: 12, var: 10 },
				growthStepDays: { dist: "verynarrowgaussian", avg: 5, var: 1 },
				fruitStacks: [
					{ type: "item", code: "wildcraftfruit:fruit-lemonaspen", quantity: { dist: "strongerinvexp", avg: 8, var: 4 } }
				],
				looseLeavesBelowTemp: { dist: "strongerinvexp", avg: 10, var: -4 },
				blossomAtYearRel: { dist: "strongerinvexp", avg: 0.5, var: 0.1 },
				dieBelowTemp: { dist: "strongerinvexp", avg: 4, var: -4 },
				cuttingRootingChance: 0.4,
				cuttingGraftChance: 0.5
			},
			"chinaberry": {
				cycleType: "Evergreen",
				floweringDays: { avg: 8.5, var: 1.5 },
				fruitingDays: { dist: "strongerinvexp", avg: 34, var: 12 },
				ripeDays: { dist: "strongerinvexp", avg: 18, var: 10 },
				growthStepDays: { dist: "verynarrowgaussian", avg: 5, var: 1 },
				fruitStacks: [
					{ type: "item", code: "wildcraftfruit:fruit-chinaberry", quantity: { dist: "strongerinvexp", avg: 8, var: 4 } }
				],
				looseLeavesBelowTemp: { dist: "strongerinvexp", avg: 12, var: -4 },
				blossomAtYearRel: { dist: "strongerinvexp", avg: 0.5, var: 0.1 },
				dieBelowTemp: { dist: "strongerinvexp", avg: 2, var: -4 },
				cuttingRootingChance: 0.4,
				cuttingGraftChance: 0.5
			},
			"bluequandong": {
				cycleType: "Evergreen",
				floweringDays: { avg: 4.5, var: 1.5 },
				fruitingDays: { dist: "strongerinvexp", avg: 34, var: 12 },
				ripeDays: { dist: "strongerinvexp", avg: 18, var: 10 },
				growthStepDays: { dist: "verynarrowgaussian", avg: 5, var: 1 },
				fruitStacks: [
					{ type: "item", code: "wildcraftfruit:nut-bluequandong", quantity: { dist: "strongerinvexp", avg: 8, var: 4 } }
				],
				looseLeavesBelowTemp: { dist: "strongerinvexp", avg: 12, var: -4 },
				blossomAtYearRel: { dist: "strongerinvexp", avg: 0.5, var: 0.1 },
				dieBelowTemp: { dist: "strongerinvexp", avg: 2, var: -4 },
				cuttingRootingChance: 0.4,
				cuttingGraftChance: 0.5
			},
			"redquandong": {
				blossomParticles: false,
				cycleType: "Evergreen",
				floweringDays: { avg: 4.5, var: 1.5 },
				fruitingDays: { dist: "strongerinvexp", avg: 30, var: 10 },
				ripeDays: { dist: "strongerinvexp", avg: 16, var: 10 },
				growthStepDays: { dist: "verynarrowgaussian", avg: 5, var: 1 },
				fruitStacks: [
					{ type: "item", code: "wildcraftfruit:fruit-redquandong", quantity: { dist: "strongerinvexp", avg: 6, var: 4 } }
				],
				looseLeavesBelowTemp: { dist: "strongerinvexp", avg: 12, var: -4 },
				blossomAtYearRel: { dist: "strongerinvexp", avg: 0.5, var: 0.1 },
				dieBelowTemp: { dist: "strongerinvexp", avg: 8, var: -4 },
				cuttingRootingChance: 0.4,
				cuttingGraftChance: 0.5
			},
			"hawthorn": {
				vernalizationHours: { avg: 250, var: 30 },
				vernalizationTemp: { avg: -3, var: 0.5 },
				floweringDays: { avg: 8.5, var: 1.5 },
				fruitingDays: { dist: "strongerinvexp", avg: 17, var: 12 },
				ripeDays: { dist: "strongerinvexp", avg: 20, var: 10 },
				growthStepDays: { dist: "verynarrowgaussian", avg: 5, var: 1 },
				fruitStacks: [
					{ type: "item", code: "wildcraftfruit:fruit-hawthorn", quantity: { dist: "strongerinvexp", avg: 8, var: 4 } }
				],
				enterDormancyTemp: { dist: "verynarrowgaussian", avg: -8, var: 4 },
				leaveDormancyTemp: { dist: "verynarrowgaussian", avg: 8, var: 5 },
				dieBelowTemp: { dist: "strongerinvexp", avg: -36, var: 10 },
				cuttingRootingChance: 0.4,
				cuttingGraftChance: 0.5
			},
			"rowan": {
				vernalizationHours: { avg: 250, var: 30 },
				vernalizationTemp: { avg: -4, var: 0.5 },
				floweringDays: { avg: 8.5, var: 1.5 },
				fruitingDays: { dist: "strongerinvexp", avg: 17, var: 12 },
				ripeDays: { dist: "strongerinvexp", avg: 30, var: 10 },
				growthStepDays: { dist: "verynarrowgaussian", avg: 5, var: 1 },
				fruitStacks: [
					{ type: "item", code: "wildcraftfruit:fruit-rowanberry", quantity: { dist: "strongerinvexp", avg: 8, var: 4 } }
				],
				enterDormancyTemp: { dist: "verynarrowgaussian", avg: -8, var: 4 },
				leaveDormancyTemp: { dist: "verynarrowgaussian", avg: 8, var: 5 },
				dieBelowTemp: { dist: "strongerinvexp", avg: -42, var: 10 },
				cuttingRootingChance: 0.4,
				cuttingGraftChance: 0.5
			},
			"purpleplum": {
				vernalizationHours: { avg: 250, var: 30 },
				vernalizationTemp: { avg: 4, var: 0.5 },
				floweringDays: { avg: 6.5, var: 1.5 },
				fruitingDays: { dist: "strongerinvexp", avg: 20, var: 10 },
				ripeDays: { dist: "strongerinvexp", avg: 10, var: 10 },
				growthStepDays: { dist: "verynarrowgaussian", avg: 5, var: 1 },
				fruitStacks: [
					{ type: "item", code: "wildcraftfruit:fruit-purpleplum", quantity: { dist: "strongerinvexp", avg: 6, var: 4 } }
				],
				enterDormancyTemp: { dist: "verynarrowgaussian", avg: -3, var: 4 },
				leaveDormancyTemp: { dist: "verynarrowgaussian", avg: 19, var: 5 },
				dieBelowTemp: { dist: "strongerinvexp", avg: -22, var: -10 },
				cuttingRootingChance: 0.4,
				cuttingGraftChance: 0.5
			},
			"cherryplum": {
				vernalizationHours: { avg: 250, var: 30 },
				vernalizationTemp: { avg: 7, var: 0.5 },
				floweringDays: { avg: 6.5, var: 1.5 },
				fruitingDays: { dist: "strongerinvexp", avg: 17, var: 10 },
				ripeDays: { dist: "strongerinvexp", avg: 10, var: 10 },
				growthStepDays: { dist: "verynarrowgaussian", avg: 5, var: 1 },
				fruitStacks: [
					{ type: "item", code: "wildcraftfruit:fruit-cherryplum", quantity: { dist: "strongerinvexp", avg: 8, var: 4 } }
				],
				enterDormancyTemp: { dist: "verynarrowgaussian", avg: 4, var: 4 },
				leaveDormancyTemp: { dist: "verynarrowgaussian", avg: 22, var: 5 },
				dieBelowTemp: { dist: "strongerinvexp", avg: -16, var: -10 },
				cuttingRootingChance: 0.4,
				cuttingGraftChance: 0.5
			},
			"quince": {
				vernalizationHours: { avg: 250, var: 30 },
				vernalizationTemp: { avg: 2, var: 0.5 },
				floweringDays: { avg: 8.5, var: 1.5 },
				fruitingDays: { dist: "strongerinvexp", avg: 20, var: 12 },
				ripeDays: { dist: "strongerinvexp", avg: 28, var: 10 },
				growthStepDays: { dist: "verynarrowgaussian", avg: 5, var: 1 },
				fruitStacks: [
					{ type: "item", code: "wildcraftfruit:fruit-quince", quantity: { dist: "strongerinvexp", avg: 5, var: 4 } }
				],
				enterDormancyTemp: { dist: "verynarrowgaussian", avg: -3, var: 4 },
				leaveDormancyTemp: { dist: "verynarrowgaussian", avg: 19, var: 5 },
				dieBelowTemp: { dist: "strongerinvexp", avg: -29, var: -13 },
				cuttingRootingChance: 0.4,
				cuttingGraftChance: 0.5
			},
			"commonhackberry": {
				vernalizationHours: { avg: 250, var: 30 },
				vernalizationTemp: { avg: 10, var: 0.5 },
				floweringDays: { avg: 4.5, var: 1.5 },
				fruitingDays: { dist: "strongerinvexp", avg: 20, var: 12 },
				ripeDays: { dist: "strongerinvexp", avg: 28, var: 12 },
				growthStepDays: { dist: "verynarrowgaussian", avg: 5, var: 1 },
				fruitStacks: [
					{ type: "item", code: "wildcraftfruit:nut-commonhackberry", quantity: { dist: "strongerinvexp", avg: 8, var: 4 } }
				],
				enterDormancyTemp: { dist: "verynarrowgaussian", avg: 4, var: 4 },
				leaveDormancyTemp: { dist: "verynarrowgaussian", avg: 16, var: 5 },
				dieBelowTemp: { dist: "strongerinvexp", avg: -19, var: -6 },
				cuttingRootingChance: 0.4,
				cuttingGraftChance: 0.5
			},
			"sugarhackberry": {
				vernalizationHours: { avg: 250, var: 30 },
				vernalizationTemp: { avg: 17, var: 0.5 },
				floweringDays: { avg: 4.5, var: 1.5 },
				fruitingDays: { dist: "strongerinvexp", avg: 24, var: 12 },
				ripeDays: { dist: "strongerinvexp", avg: 28, var: 12 },
				growthStepDays: { dist: "verynarrowgaussian", avg: 5, var: 1 },
				fruitStacks: [
					{ type: "item", code: "wildcraftfruit:nut-sugarhackberry", quantity: { dist: "strongerinvexp", avg: 8, var: 4 } }
				],
				enterDormancyTemp: { dist: "verynarrowgaussian", avg: 8, var: 2 },
				leaveDormancyTemp: { dist: "verynarrowgaussian", avg: 22, var: 5 },
				dieBelowTemp: { dist: "strongerinvexp", avg: -10, var: -8 },
				cuttingRootingChance: 0.4,
				cuttingGraftChance: 0.5
			},
			"beachalmond": {
				vernalizationHours: { avg: 250, var: 30 },
				vernalizationTemp: { avg: 20, var: 0.5 },
				floweringDays: { avg: 4.5, var: 1.5 },
				fruitingDays: { dist: "strongerinvexp", avg: 28, var: 12 },
				ripeDays: { dist: "strongerinvexp", avg: 20, var: 12 },
				growthStepDays: { dist: "verynarrowgaussian", avg: 5, var: 1 },
				fruitStacks: [
					{ type: "item", code: "wildcraftfruit:fruit-beachalmondwhole", quantity: { dist: "strongerinvexp", avg: 8, var: 4 } }
				],
				enterDormancyTemp: { dist: "verynarrowgaussian", avg: 10, var: 2 },
				leaveDormancyTemp: { dist: "verynarrowgaussian", avg: 26, var: 5 },
				dieBelowTemp: { dist: "strongerinvexp", avg: -7, var: -8 },
				cuttingRootingChance: 0.4,
				cuttingGraftChance: 0.5
			},
			"jujube": {
				vernalizationHours: { avg: 250, var: 30 },
				vernalizationTemp: { avg: 8, var: 0.5 },
				floweringDays: { avg: 4.5, var: 1.5 },
				fruitingDays: { dist: "strongerinvexp", avg: 20, var: 12 },
				ripeDays: { dist: "strongerinvexp", avg: 28, var: 12 },
				growthStepDays: { dist: "verynarrowgaussian", avg: 5, var: 1 },
				fruitStacks: [
					{ type: "item", code: "wildcraftfruit:fruit-jujube", quantity: { dist: "strongerinvexp", avg: 6, var: 4 } }
				],
				enterDormancyTemp: { dist: "verynarrowgaussian", avg: 2, var: 4 },
				leaveDormancyTemp: { dist: "verynarrowgaussian", avg: 18, var: 5 },
				dieBelowTemp: { dist: "strongerinvexp", avg: -15, var: -10 },
				cuttingRootingChance: 0.4,
				cuttingGraftChance: 0.5
			},
			"loquat": {
				vernalizationHours: { avg: 250, var: 30 },
				vernalizationTemp: { avg: 10, var: 0.5 },
				floweringDays: { avg: 6.5, var: 1.5 },
				fruitingDays: { dist: "strongerinvexp", avg: 28, var: 12 },
				ripeDays: { dist: "strongerinvexp", avg: 12, var: 10 },
				growthStepDays: { dist: "verynarrowgaussian", avg: 5, var: 1 },
				fruitStacks: [
					{ type: "item", code: "wildcraftfruit:fruit-loquat", quantity: { dist: "strongerinvexp", avg: 6, var: 4 } }
				],
				enterDormancyTemp: { dist: "verynarrowgaussian", avg: 4, var: 4 },
				leaveDormancyTemp: { dist: "verynarrowgaussian", avg: 22, var: 5 },
				dieBelowTemp: { dist: "strongerinvexp", avg: -13, var: -13 },
				cuttingRootingChance: 0.4,
				cuttingGraftChance: 0.5
			},
			"pomelo": {
				cycleType: "Evergreen",
				floweringDays: { avg: 4.5, var: 1.5 },
				fruitingDays: { dist: "strongerinvexp", avg: 60, var: 12 },
				ripeDays: { dist: "strongerinvexp", avg: 16, var: 10 },
				growthStepDays: { dist: "verynarrowgaussian", avg: 5, var: 1 },
				fruitStacks: [
					{ type: "item", code: "wildcraftfruit:fruit-pomelo", quantity: { dist: "strongerinvexp", avg: 3, var: 4 } }
				],
				looseLeavesBelowTemp: { dist: "strongerinvexp", avg: 3, var: -4 },
				blossomAtYearRel: { dist: "strongerinvexp", avg: 0.3, var: 0.1 },
				dieBelowTemp: { dist: "strongerinvexp", avg: 3, var: -5 },
				cuttingRootingChance: 0.4,
				cuttingGraftChance: 0.5
			},
			"hazelnut": {
				blossomParticles: false,
				vernalizationHours: { avg: 250, var: 30 },
				vernalizationTemp: { avg: 0, var: 0.5 },
				blossomParticles: false,
				floweringDays: { avg: 4.5, var: 1.5 },
				fruitingDays: { dist: "strongerinvexp", avg: 20, var: 12 },
				ripeDays: { dist: "strongerinvexp", avg: 20, var: 10 },
				growthStepDays: { dist: "verynarrowgaussian", avg: 5, var: 1 },
				fruitStacks: [
					{ type: "item", code: "wildcraftfruit:nut-hazelnut", quantity: { dist: "strongerinvexp", avg: 8, var: 4 } }
				],
				enterDormancyTemp: { dist: "verynarrowgaussian", avg: -6, var: 4 },
				leaveDormancyTemp: { dist: "verynarrowgaussian", avg: 10, var: 5 },
				dieBelowTemp: { dist: "strongerinvexp", avg: -31, var: -10 },
				cuttingRootingChance: 0.4,
				cuttingGraftChance: 0.5
			},
			"chestnut": {
				vernalizationHours: { avg: 250, var: 30 },
				vernalizationTemp: { avg: 6, var: 0.5 },
				floweringDays: { avg: 4.5, var: 1.5 },
				fruitingDays: { dist: "strongerinvexp", avg: 24, var: 12 },
				ripeDays: { dist: "strongerinvexp", avg: 20, var: 10 },
				growthStepDays: { dist: "verynarrowgaussian", avg: 5, var: 1 },
				fruitStacks: [
					{ type: "item", code: "wildcraftfruit:nut-chestnut", quantity: { dist: "strongerinvexp", avg: 8, var: 4 } }
				],
				enterDormancyTemp: { dist: "verynarrowgaussian", avg: 3, var: 4 },
				leaveDormancyTemp: { dist: "verynarrowgaussian", avg: 16, var: 5 },
				dieBelowTemp: { dist: "strongerinvexp", avg: -18, var: -10 },
				cuttingRootingChance: 0.4,
				cuttingGraftChance: 0.5
			}
		}
	},
	variantgroups: [
		{ code: "type", states: ["stem", "branch", "cutting"] },
	],
	creativeinventory: { },
	creativeinventoryStacksByType: {
		"*-branch": [
			{
				tabs: [ "general", "flora", "wildcraftfruit" ],
				stacks: [
					{ type: "block", code: "fruittree-cutting", attributes: { type: "bunya" } },
					{ type: "block", code: "fruittree-cutting", attributes: { type: "illawarra" } },
					{ type: "block", code: "fruittree-cutting", attributes: { type: "pandan" } },
					{ type: "block", code: "fruittree-cutting", attributes: { type: "avocado" } },
					{ type: "block", code: "fruittree-cutting", attributes: { type: "engkala" } },
					{ type: "block", code: "fruittree-cutting", attributes: { type: "macadamia" } },
					{ type: "block", code: "fruittree-cutting", attributes: { type: "hawthorn" } },
					{ type: "block", code: "fruittree-cutting", attributes: { type: "rowan" } },
					{ type: "block", code: "fruittree-cutting", attributes: { type: "quince" } },
					{ type: "block", code: "fruittree-cutting", attributes: { type: "loquat" } },
					{ type: "block", code: "fruittree-cutting", attributes: { type: "almond" } },
					{ type: "block", code: "fruittree-cutting", attributes: { type: "apricot" } },
					{ type: "block", code: "fruittree-cutting", attributes: { type: "purpleplum" } },
					{ type: "block", code: "fruittree-cutting", attributes: { type: "cherryplum" } },
					{ type: "block", code: "fruittree-cutting", attributes: { type: "jujube" } },
					{ type: "block", code: "fruittree-cutting", attributes: { type: "fig" } },
					{ type: "block", code: "fruittree-cutting", attributes: { type: "falseorange" } },
					{ type: "block", code: "fruittree-cutting", attributes: { type: "silvernettle" } },
					{ type: "block", code: "fruittree-cutting", attributes: { type: "commonhackberry" } },
					{ type: "block", code: "fruittree-cutting", attributes: { type: "sugarhackberry" } },
					{ type: "block", code: "fruittree-cutting", attributes: { type: "whiteoak" } },
					{ type: "block", code: "fruittree-cutting", attributes: { type: "chestnut" } },
					{ type: "block", code: "fruittree-cutting", attributes: { type: "hazelnut" } },
					{ type: "block", code: "fruittree-cutting", attributes: { type: "bluequandong" } },
					{ type: "block", code: "fruittree-cutting", attributes: { type: "achacha" } },
					{ type: "block", code: "fruittree-cutting", attributes: { type: "guajava" } },
					{ type: "block", code: "fruittree-cutting", attributes: { type: "roseapple" } },
					{ type: "block", code: "fruittree-cutting", attributes: { type: "beachalmond" } },
					{ type: "block", code: "fruittree-cutting", attributes: { type: "cocoa" } },
					{ type: "block", code: "fruittree-cutting", attributes: { type: "citron" } },
					{ type: "block", code: "fruittree-cutting", attributes: { type: "lemon" } },
					{ type: "block", code: "fruittree-cutting", attributes: { type: "pomelo" } },
					{ type: "block", code: "fruittree-cutting", attributes: { type: "lemonaspen" } },
					{ type: "block", code: "fruittree-cutting", attributes: { type: "cashew" } },
					{ type: "block", code: "fruittree-cutting", attributes: { type: "chinaberry" } },
					{ type: "block", code: "fruittree-cutting", attributes: { type: "redquandong" } },
				]
			}
		],
	},
	shape: { 
		base: "game:block/plant/fruittree/cutting-ver",
	},
	textures: {
		"deadtree": { base: "game:block/wood/bark/aged" }
	},
	renderpass: "OpaqueNoCull",
	faceCullMode: "Callback",
	blockmaterial: "Wood",
	requiredMiningTierByType: {
		"*-cutting": 0,
		"*": 1,
	},
	climateColorMapBy: "climatePlantTint",
	seasonColorMap: "seasonalFoliage",
	sideopaque: {
		all: false
	},
	sidesolid: {
		all: false
	},
	sideao: {
		all: true
	},
	emitSideAo: {
		all: false
	},
	snowCoverage: true,
	replaceable: 4000,
	lightAbsorption: 1,
	resistance: 5,
	collisionbox: null,
	dropsByType: {
		"*-stem": [ { type: "item", code: "game:firewood", quantity: { avg: 3, var: 1 } } ],
		"*-branch": [ { type: "block", code: "wildcraftfruit:fruittree-cutting", quantity: { avg: 1 } } ],
		"*-cutting": [ { type: "block", code: "wildcraftfruit:fruittree-cutting", quantity: { avg: 1 } } ]
	},
	sounds: {
		"place": "game:block/planks",
		"walk": "game:walk/wood",
		"hit": "game:block/planks",
		"break": "game:block/planks",
		byTool: {
			"Axe": { hit: "game:block/chop", break: "game:block/planks" }
		}
	},
	combustibleProps: {
		burnTemperature: 600,
		burnDuration: 10,
	},
	frostable: true,
	materialDensity: 300,
	collisionSelectionBox: { x1: 0.1875, y1: 0, z1: 0.1875, x2: 0.8125, y2: 1, z2: 0.8125 },
	groundTransform: {
		translation: { x: 0, y: 0, z: 0 },
		rotation: { x: 90, y: 0, z: 0 },
		origin: { x: 0.5, y: 0, z: 0.65 },
		scale: 2.3
	}
}