[
    {
        "ingredientPattern": "MS,IT",
        "ingredients": {
			"M": { type: "item", code: "game:metalplate-*", name: "metal", allowedVariants: ["copper","brass","tin","tinbronze","bismuthbronze","blackbronze"] },
			"S": { type: "item", code: "game:solderingiron", isTool: true, toolDurabilityCost: 1 },
			"I": { type: "item", code: "game:solderbar-*", allowedVariants: ["tin", "silver"], quantity: 1 },
            "T": { "type": "item", "code": "game:flaxtwine", "quantity": 2 }
        },
        "width": 2,
        "height": 2,
        "output": { "type": "block", "code": "watercontainermetal-{metal}-plain" }
    },
	{
        "ingredientPattern": "MS,IT",
        "ingredients": {
			"M": { type: "block", code: "watercontainermetal-*-plain", name: "metal", allowedVariants: ["copper","brass","tin","tinbronze","bismuthbronze","blackbronze"] },
			"S": { type: "item", code: "game:solderingiron", isTool: true, toolDurabilityCost: 1 },
			"I": { type: "item", code: "game:solderbar-*", allowedVariants: ["tin", "silver"], quantity: 1 },
            "T": { "type": "item", "code": "game:metalbit-silver", "quantity": 5 }
        },
        "width": 2,
        "height": 2,
        "output": { "type": "block", "code": "watercontainermetal-{metal}-silver" }
    },
	{
        "ingredientPattern": "MS,IT",
        "ingredients": {
			"M": { type: "block", code: "watercontainermetal-*-plain", name: "metal", allowedVariants: ["copper","brass","tin","tinbronze","bismuthbronze","blackbronze"] },
			"S": { type: "item", code: "game:solderingiron", isTool: true, toolDurabilityCost: 1 },
			"I": { type: "item", code: "game:solderbar-*", allowedVariants: ["tin", "silver"], quantity: 1 },
            "T": { "type": "item", "code": "game:metalbit-gold", "quantity": 5 }
        },
        "width": 2,
        "height": 2,
        "output": { "type": "block", "code": "watercontainermetal-{metal}-gold" }
    },
	{
        "ingredientPattern": "MS,IT",
        "ingredients": {
			"M": { type: "block", code: "watercontainermetal-*-plain", name: "metal", allowedVariants: ["copper","brass","tin","tinbronze","bismuthbronze","blackbronze"] },
			"S": { type: "item", code: "game:solderingiron", isTool: true, toolDurabilityCost: 1 },
			"I": { type: "item", code: "game:solderbar-*", allowedVariants: ["tin", "silver"], quantity: 1 },
            "T": { "type": "item", "code": "game:metalbit-electrum", "quantity": 5 }
        },
        "width": 2,
        "height": 2,
        "output": { "type": "block", "code": "watercontainermetal-{metal}-electrum" }
    },
	{
        "ingredientPattern": "MS,IT",
        "ingredients": {
			"M": { type: "block", code: "watercontainermetal-*-plain", name: "metal", allowedVariants: ["copper","brass","tin","tinbronze","bismuthbronze","blackbronze"] },
			"S": { type: "item", code: "game:solderingiron", isTool: true, toolDurabilityCost: 1 },
			"I": { type: "item", code: "game:solderbar-*", allowedVariants: ["tin", "silver"], quantity: 1 },
            "T": { "type": "item", "code": "game:metalbit-silver", "quantity": 5 }
        },
        "width": 2,
        "height": 2,
        "output": { "type": "block", "code": "watercontainermetal-{metal}-platinum" }
    },
	{
        "ingredientPattern": "MS,IT",
        "ingredients": {
			"M": { type: "block", code: "watercontainermetal-*-plain", name: "metal", allowedVariants: ["copper","brass","tin","tinbronze","bismuthbronze","blackbronze"] },
			"S": { type: "item", code: "game:solderingiron", isTool: true, toolDurabilityCost: 1 },
			"I": { type: "item", code: "game:solderbar-*", allowedVariants: ["tin", "silver"], quantity: 1 },
            "T": { "type": "item", "code": "game:nugget-nativesilver", "quantity": 5 }
        },
        "width": 2,
        "height": 2,
        "output": { "type": "block", "code": "watercontainermetal-{metal}-silver" }
    },
    {
        "ingredientPattern": "MS,IT",
        "ingredients": {
			"M": { type: "block", code: "watercontainermetal-*-plain", name: "metal", allowedVariants: ["copper","brass","tin","tinbronze","bismuthbronze","blackbronze"] },
			"S": { type: "item", code: "game:solderingiron", isTool: true, toolDurabilityCost: 1 },
			"I": { type: "item", code: "game:solderbar-*", allowedVariants: ["tin", "silver"], quantity: 1 },
            "T": { "type": "item", "code": "game:nugget-nativesilver", "quantity": 5 }
        },
        "width": 2,
        "height": 2,
        "output": { "type": "block", "code": "watercontainermetal-{metal}-silver" }
    },
    {
        "ingredientPattern": "MS,IT",
        "ingredients": {
			"M": { type: "block", code: "watercontainermetal-*-plain", name: "metal", allowedVariants: ["copper","brass","tin","tinbronze","bismuthbronze","blackbronze"] },
			"S": { type: "item", code: "game:solderingiron", isTool: true, toolDurabilityCost: 1 },
			"I": { type: "item", code: "game:solderbar-*", allowedVariants: ["tin", "silver"], quantity: 1 },
            "T": { "type": "item", "code": "game:nugget-nativegold", "quantity": 5 }
        },
        "width": 2,
        "height": 2,
        "output": { "type": "block", "code": "watercontainermetal-{metal}-gold" }
    }
]