[
  {
    "ingredientPattern": "K,H",
    "shapeless": true,
    "ingredients": {
      "K": { "type": "item", "code": "game:hammer-*", "isTool": true },
      "H": { "type": "item", "code": "wildcraftfruit:nut-macadamia" }
    },
    "name": "macadamiashelled",
    "width": 1,
    "height": 2,
    "output": { "type": "item", "code": "wildcraftfruit:nut-macadamiashelled" }
  },
  {
    "ingredientPattern": "K,H",
    "shapeless": true,
    "ingredients": {
      "K": { "type": "item", "code": "game:stone-*" },
      "H": { "type": "item", "code": "wildcraftfruit:nut-macadamia" }
    },
    "name": "macadamiashelled",
    "width": 1,
    "height": 2,
    "output": { "type": "item", "code": "wildcraftfruit:nut-macadamiashelled" }
  },
  {
    "ingredientPattern": "K,H",
    "shapeless": true,
    "ingredients": {
      "K": { "type": "item", "code": "game:hammer-*", "isTool": true },
      "H": { "type": "item", "code": "wildcraftfruit:nut-acorn" }
    },
    "name": "macadamiashelled",
    "width": 1,
    "height": 2,
    "output": { "type": "item", "code": "wildcraftfruit:nut-acornshelled" }
  },
  {
    "ingredientPattern": "K,H",
    "shapeless": true,
    "ingredients": {
      "K": { "type": "item", "code": "game:stone-*" },
      "H": { "type": "item", "code": "wildcraftfruit:nut-acorn" }
    },
    "name": "macadamiashelled",
    "width": 1,
    "height": 2,
    "output": { "type": "item", "code": "wildcraftfruit:nut-acornshelled" }
  }
]
