{
	code: "skin-taricha",
	maxstacksize: 64,
	attributes: {
		inContainerTextureByType: {
			//"*": { base: "game:block/wood/barrel/{type}-fish" },
		},
		inFirePitProps: {
			transform: {
				scale: 0.75,
				origin: { x: 0.5, y: 0.0625, z: 0.5 },
				translation: { x: 0, y: 0.1875, z: 0 },
				rotation: { x: 0, y: 53, z: -90 }
			},
			useFirepitModel: "Spit"
		},		
		nutritionPropsWhenInMeal: { satiety: 15, health: -15, foodcategory: "Protein" },
		displaycaseable: true,
		shelvable: true,
	},
	variantgroups: [
		{ code: "type", states: ["granulosa", "rivularis", "torosa", "sierrae"]}
	],
	shape: { base: "item/food/skin-taricha" },
	textureByType: {
			"*-granulosa": { base: "entity/pacificnewt/taricha-granulosa" },
			"*-rivularis": { base: "entity/pacificnewt/taricha-rivularis" },
			"*-torosa": { base: "entity/pacificnewt/taricha-torosa" },
			"*-sierrae": { base: "entity/pacificnewt/taricha-sierrae" },
		},
	creativeinventory: { "general": ["*"], "items": ["*"] },
	nutritionPropsByType: {
		"*": { saturation: 10, health: -15, foodcategory: "Protein" },
	},
	materialDensity: 600,
	guiTransform: {
		translation: { x: 3, y: 0, z: 0 },
		rotation: { x: -22.5, y: 44.6875, z: 158 },
		origin: { x: 0.55, y: 0.03, z: 0.51 },
		scale: 2.81
	},
	fpHandTransform: {
		translation: { x: 0.1, y: 0.2, z: 0.2 },
		rotation: { x: 44, y: 99, z: 20 },
		origin: { x: 0.5, y: 0.1, z: 0.5 },
		scale: 1.67
	},
	tpHandTransform: {
		translation: { x: -0.75, y: -0.2, z: -0.8 },
		rotation: { x: -59, y: -1, z: -8 },
		origin: { x: 0.5, y: 0.1, z: 0.5 },
		scale: 0.58
	},
	groundTransform: {
		translation: { x: 0, y: 0, z: 0 },
		rotation: { x: 0, y: 0, z: 0 },
		origin: { x: 0.5, y: 0, z: 0.5 },
		scale: 1.9
	},
}