{
	"editor": {
		"allAngles": false,
		"entityTextureMode": false
	},
	"textureWidth": 16,
	"textureHeight": 16,
	"textureSizes": {
	},
	"textures": {
		"red": "game:block/clay/shingles/red",
		"snowcover": "game:block/liquid/snow/normal1"
	},
	"elements": [
		{
			"name": "Cube2",
			"from": [ 8.0, 0.0, 8.0 ],
			"to": [ 8.0, 0.0, 8.0 ],
			"rotationOrigin": [ 8.0, 0.0, 8.0 ],
			"faces": {
			},
			"children": [
				{
					"name": "origin60",
					"from": [ -16.0, 0.0, 0.0 ],
					"to": [ -16.0, 0.0, 0.0 ],
					"faces": {
					},
					"children": [
						{
							"name": "Cube68",
							"from": [ 14.0, 0.0, -7.9 ],
							"to": [ 24.0, 16.0, 7.9 ],
							"rotationOrigin": [ 14.0, 0.0, -7.9 ],
							"faces": {
								"north": { "texture": "#red", "uv": [ 0.0, 0.0, 10.0, 16.0 ] },
								"east": { "texture": "#red", "uv": [ 0.0, 0.0, 15.5, 16.0 ] },
								"south": { "texture": "#red", "uv": [ 6.0, 0.0, 16.0, 16.0 ] },
								"west": { "texture": "#red", "uv": [ 0.0, 0.0, 15.5, 16.0 ] },
								"up": { "texture": "#red", "uv": [ 0.0, 0.0, 10.0, 15.5 ] },
								"down": { "texture": "#red", "uv": [ 0.0, 0.0, 10.0, 15.5 ] }
							}
						},
						{
							"name": "Cube69",
							"from": [ 8.0, 0.0, -7.9 ],
							"to": [ 14.0, 10.0, 7.9 ],
							"rotationOrigin": [ 8.0, 0.0, -7.9 ],
							"faces": {
								"north": { "texture": "#red", "uv": [ 0.0, 6.0, 6.0, 16.0 ] },
								"east": { "texture": "#red", "uv": [ 0.0, 0.0, 15.5, 10.0 ] },
								"south": { "texture": "#red", "uv": [ 0.0, 6.0, 6.0, 16.0 ] },
								"west": { "texture": "#red", "uv": [ 0.0, 0.0, 15.5, 10.0 ] },
								"up": { "texture": "#red", "uv": [ 0.0, 0.0, 6.0, 15.5 ] },
								"down": { "texture": "#red", "uv": [ 0.0, 0.0, 6.0, 15.5 ] }
							}
						},
						{
							"name": "slate65",
							"from": [ 3.423, 7.4319, -8.06 ],
							"to": [ 19.423, 11.4319, 8.02 ],
							"rotationOrigin": [ 4.423, 7.4319, -0.12 ],
							"rotationZ": 11.25,
							"faces": {
								"north": { "texture": "#red", "uv": [ 0.0, 0.0, 16.0, 4.0 ] },
								"south": { "texture": "#red", "uv": [ 0.0, 0.0, 16.0, 4.0 ] },
								"west": { "texture": "#red", "uv": [ 0.0, 0.0, 16.0, 4.0 ] },
								"up": { "texture": "#red", "uv": [ 0.0, 0.0, 16.0, 16.0 ], "rotation": 90 }
							},
							"children": [
								{
									"name": "slate66",
									"from": [ 8.0, 4.0, 0.0 ],
									"to": [ 24.0, 8.0, 16.08 ],
									"rotationOrigin": [ 8.5, 4.0, 7.94 ],
									"faces": {
										"north": { "texture": "#red", "uv": [ 0.0, 0.0, 16.0, 4.0 ] },
										"east": { "texture": "#red", "uv": [ 0.0, 0.0, 16.0, 4.0 ] },
										"south": { "texture": "#red", "uv": [ 0.0, 0.0, 16.0, 4.0 ] },
										"west": { "texture": "#red", "uv": [ 0.0, 0.0, 16.0, 4.0 ] },
										"up": { "texture": "#red", "uv": [ 0.0, 0.0, 16.0, 16.0 ], "rotation": 90 },
										"down": { "texture": "#red", "uv": [ 0.0, 0.0, 16.0, 16.0 ], "rotation": 270 }
									},
									"children": [
										{
											"name": "slate65-snow",
											"from": [ 0.0, 4.01, 0.0 ],
											"to": [ 16.0, 6.01, 16.08 ],
											"rotationOrigin": [ 8.5, 4.0, 7.94 ],
											"faces": {
												"north": { "texture": "#snowcover", "uv": [ 0.0, 0.0, 16.0, 2.0 ] },
												"east": { "texture": "#snowcover", "uv": [ 0.0, 0.0, 16.0, 2.0 ] },
												"south": { "texture": "#snowcover", "uv": [ 0.0, 0.0, 16.0, 2.0 ] },
												"west": { "texture": "#snowcover", "uv": [ 0.0, 0.0, 16.0, 2.0 ] },
												"up": { "texture": "#snowcover", "uv": [ 0.0, 0.0, 16.0, 16.0 ], "rotation": 90 },
												"down": { "texture": "#snowcover", "uv": [ 0.0, 0.0, 16.0, 16.0 ], "rotation": 270 }
											}
										}
									]
								},
								{
									"name": "slate65-snow7",
									"from": [ 0.0, 4.01, 0.0 ],
									"to": [ 8.0, 6.01, 16.08 ],
									"rotationOrigin": [ 8.5, 4.0, 7.94 ],
									"faces": {
										"north": { "texture": "#snowcover", "uv": [ 0.0, 0.0, 8.0, 2.0 ] },
										"east": { "texture": "#snowcover", "uv": [ 0.0, 0.0, 16.0, 2.0 ] },
										"south": { "texture": "#snowcover", "uv": [ 0.0, 0.0, 8.0, 2.0 ] },
										"west": { "texture": "#snowcover", "uv": [ 0.0, 0.0, 16.0, 2.0 ] },
										"up": { "texture": "#snowcover", "uv": [ 0.0, 0.0, 16.0, 8.0 ], "rotation": 90 },
										"down": { "texture": "#snowcover", "uv": [ 0.0, 0.0, 16.0, 8.0 ], "rotation": 270 }
									}
								}
							]
						}
					]
				},
				{
					"name": "origin61",
					"from": [ -16.0028, 0.0, -0.0083 ],
					"to": [ -16.0028, 0.0, -0.0083 ],
					"rotationOrigin": [ 0.0, 0.0, 0.0 ],
					"rotationY": -89.98,
					"faces": {
					},
					"children": [
						{
							"name": "Cube70",
							"from": [ 14.0, 0.0, -7.9 ],
							"to": [ 24.0, 16.0, 7.9 ],
							"rotationOrigin": [ 14.0, 0.0, -7.9 ],
							"faces": {
								"north": { "texture": "#red", "uv": [ 0.0, 0.0, 10.0, 16.0 ] },
								"east": { "texture": "#red", "uv": [ 0.0, 0.0, 15.5, 16.0 ] },
								"south": { "texture": "#red", "uv": [ 6.0, 0.0, 16.0, 16.0 ] },
								"west": { "texture": "#red", "uv": [ 0.0, 0.0, 15.5, 16.0 ] },
								"up": { "texture": "#red", "uv": [ 0.0, 0.0, 10.0, 15.5 ] },
								"down": { "texture": "#red", "uv": [ 0.0, 0.0, 10.0, 15.5 ] }
							}
						},
						{
							"name": "Cube71",
							"from": [ 8.0, 0.0, -7.9 ],
							"to": [ 14.0, 10.0, 7.9 ],
							"rotationOrigin": [ 8.0, 0.0, -7.9 ],
							"faces": {
								"north": { "texture": "#red", "uv": [ 0.0, 6.0, 6.0, 16.0 ] },
								"east": { "texture": "#red", "uv": [ 0.0, 0.0, 15.5, 10.0 ] },
								"south": { "texture": "#red", "uv": [ 0.0, 6.0, 6.0, 16.0 ] },
								"west": { "texture": "#red", "uv": [ 0.0, 0.0, 15.5, 10.0 ] },
								"up": { "texture": "#red", "uv": [ 0.0, 0.0, 6.0, 15.5 ] },
								"down": { "texture": "#red", "uv": [ 0.0, 0.0, 6.0, 15.5 ] }
							}
						},
						{
							"name": "slate67",
							"from": [ 3.423, 7.4319, -8.06 ],
							"to": [ 19.423, 11.4319, 8.02 ],
							"rotationOrigin": [ 4.423, 7.4319, -0.12 ],
							"rotationZ": 11.25,
							"faces": {
								"north": { "texture": "#red", "uv": [ 0.0, 0.0, 16.0, 4.0 ] },
								"south": { "texture": "#red", "uv": [ 0.0, 0.0, 16.0, 4.0 ] },
								"west": { "texture": "#red", "uv": [ 0.0, 0.0, 16.0, 4.0 ] },
								"up": { "texture": "#red", "uv": [ 0.0, 0.0, 16.0, 16.0 ], "rotation": 90 }
							},
							"children": [
								{
									"name": "slate68",
									"from": [ 8.0, 4.0, 0.0 ],
									"to": [ 24.0, 8.0, 16.08 ],
									"rotationOrigin": [ 8.5, 4.0, 7.94 ],
									"faces": {
										"north": { "texture": "#red", "uv": [ 0.0, 0.0, 16.0, 4.0 ] },
										"east": { "texture": "#red", "uv": [ 0.0, 0.0, 16.0, 4.0 ] },
										"south": { "texture": "#red", "uv": [ 0.0, 0.0, 16.0, 4.0 ] },
										"west": { "texture": "#red", "uv": [ 0.0, 0.0, 16.0, 4.0 ] },
										"up": { "texture": "#red", "uv": [ 0.0, 0.0, 16.0, 16.0 ], "rotation": 90 },
										"down": { "texture": "#red", "uv": [ 0.0, 0.0, 16.0, 16.0 ], "rotation": 270 }
									},
									"children": [
										{
											"name": "slate65-snow2",
											"from": [ 0.0, 4.01, 0.0 ],
											"to": [ 16.0, 6.01, 16.08 ],
											"rotationOrigin": [ 8.5, 4.0, 7.94 ],
											"faces": {
												"north": { "texture": "#snowcover", "uv": [ 0.0, 0.0, 16.0, 2.0 ] },
												"east": { "texture": "#snowcover", "uv": [ 0.0, 0.0, 16.0, 2.0 ] },
												"south": { "texture": "#snowcover", "uv": [ 0.0, 0.0, 16.0, 2.0 ] },
												"west": { "texture": "#snowcover", "uv": [ 0.0, 0.0, 16.0, 2.0 ] },
												"up": { "texture": "#snowcover", "uv": [ 0.0, 0.0, 16.0, 16.0 ], "rotation": 90 },
												"down": { "texture": "#snowcover", "uv": [ 0.0, 0.0, 16.0, 16.0 ], "rotation": 270 }
											}
										}
									]
								},
								{
									"name": "slate65-snow8",
									"from": [ 0.0, 4.01, 0.0 ],
									"to": [ 8.0, 6.01, 16.08 ],
									"rotationOrigin": [ 8.5, 4.0, 7.94 ],
									"faces": {
										"north": { "texture": "#snowcover", "uv": [ 0.0, 0.0, 8.0, 2.0 ] },
										"east": { "texture": "#snowcover", "uv": [ 0.0, 0.0, 16.0, 2.0 ] },
										"south": { "texture": "#snowcover", "uv": [ 0.0, 0.0, 8.0, 2.0 ] },
										"west": { "texture": "#snowcover", "uv": [ 0.0, 0.0, 16.0, 2.0 ] },
										"up": { "texture": "#snowcover", "uv": [ 0.0, 0.0, 16.0, 8.0 ], "rotation": 90 },
										"down": { "texture": "#snowcover", "uv": [ 0.0, 0.0, 16.0, 8.0 ], "rotation": 270 }
									}
								}
							]
						}
					]
				}
			]
		}
	]}