{
	"editor": {
		"allAngles": false,
		"entityTextureMode": false
	},
	"textureWidth": 16,
	"textureHeight": 16,
	"textureSizes": {
	},
	"textures": {
		"red": "game:block/clay/shingles/red"
	},
	"elements": [
		{
			"name": "Cube2",
			"from": [ 8.0, 0.0, 8.0 ],
			"to": [ 9.0, 1.0, 9.0 ],
			"faces": {
				"north": { "texture": "#red", "uv": [ 0.0, 0.0, 1.0, 1.0 ] },
				"east": { "texture": "#red", "uv": [ 0.0, 0.0, 1.0, 1.0 ] },
				"south": { "texture": "#red", "uv": [ 0.0, 0.0, 1.0, 1.0 ] },
				"west": { "texture": "#red", "uv": [ 0.0, 0.0, 1.0, 1.0 ] },
				"up": { "texture": "#red", "uv": [ 0.0, 0.0, 1.0, 1.0 ] },
				"down": { "texture": "#red", "uv": [ 0.0, 0.0, 1.0, 1.0 ] }
			},
			"children": [
				{
					"name": "origin",
					"from": [ 0.0, 0.0, 0.0 ],
					"to": [ 0.0, 0.0, 0.0 ],
					"faces": {
					},
					"children": [
						{
							"name": "slate60",
							"from": [ -12.5, -1.25, -7.99 ],
							"to": [ 3.5, 2.75, 8.03 ],
							"rotationOrigin": [ 1.0, 6.7, 0.0 ],
							"rotationZ": 11.25,
							"faces": {
								"north": { "texture": "#red", "uv": [ 0.0, 0.0, 16.0, 4.0 ] },
								"east": { "texture": "#red", "uv": [ 0.0, 0.0, 16.0, 4.0 ] },
								"south": { "texture": "#red", "uv": [ 0.0, 0.0, 16.0, 4.0 ] },
								"west": { "texture": "#red", "uv": [ 0.0, 0.0, 16.0, 4.0 ] },
								"up": { "texture": "#red", "uv": [ 0.0, 0.0, 16.0, 16.0 ], "rotation": 90 },
								"down": { "texture": "#red", "uv": [ 0.0, 0.0, 16.0, 16.0 ], "rotation": 270 }
							},
							"children": [
								{
									"name": "slate61",
									"from": [ 8.0, 4.0, -0.03 ],
									"to": [ 24.0, 8.0, 16.03 ],
									"rotationOrigin": [ 8.0, 4.0, 8.0 ],
									"faces": {
										"north": { "texture": "#red", "uv": [ 0.0, 0.0, 16.0, 4.0 ] },
										"east": { "texture": "#red", "uv": [ 0.0, 0.0, 16.0, 4.0 ], "windMode": [-1,-1,-1,-1] },
										"south": { "texture": "#red", "uv": [ 0.0, 0.0, 16.0, 4.0 ] },
										"west": { "texture": "#red", "uv": [ 0.0, 0.0, 16.0, 4.0 ] },
										"up": { "texture": "#red", "uv": [ 0.0, 0.0, 16.0, 16.0 ], "rotation": 90 },
										"down": { "texture": "#red", "uv": [ 0.0, 0.0, 16.0, 16.0 ], "rotation": 270, "windMode": [-1,-1,-1,-1] }
									}
								},
								{
									"name": "slate64",
									"from": [ 16.0, 0.0, 0.0 ],
									"to": [ 20.0, 4.0, 16.02 ],
									"rotationOrigin": [ 16.0, 1.95, 7.99 ],
									"faces": {
										"north": { "texture": "#red", "uv": [ 12.0, 0.0, 16.0, 4.0 ] },
										"east": { "texture": "#red", "uv": [ 0.0, 0.0, 16.0, 4.0 ] },
										"south": { "texture": "#red", "uv": [ 12.0, 0.0, 16.0, 4.0 ] },
										"west": { "texture": "#red", "uv": [ 0.0, 0.0, 16.0, 4.0 ] },
										"up": { "texture": "#red", "uv": [ 0.0, 0.0, 16.0, 4.0 ], "rotation": 90 },
										"down": { "texture": "#red", "uv": [ 0.0, 0.0, 16.0, 4.0 ], "rotation": 270 }
									}
								}
							]
						},
						{
							"name": "Cube65",
							"from": [ 3.0, 0.0, -7.9 ],
							"to": [ 8.0, 7.0, 7.9 ],
							"rotationOrigin": [ 3.0, 0.0, -7.9 ],
							"faces": {
								"north": { "texture": "#red", "uv": [ 3.0, 7.0, 8.0, 14.0 ] },
								"east": { "texture": "#red", "uv": [ 0.0, 0.0, 15.5, 7.0 ] },
								"south": { "texture": "#red", "uv": [ 8.0, 7.0, 13.0, 14.0 ] },
								"west": { "texture": "#red", "uv": [ 0.0, 0.0, 15.5, 7.0 ] },
								"up": { "texture": "#red", "uv": [ 0.0, 0.0, 5.0, 15.5 ] },
								"down": { "texture": "#red", "uv": [ 0.0, 0.0, 5.0, 15.5 ] }
							}
						}
					]
				},
				{
					"name": "origin2",
					"from": [ -0.0028, 0.0, 0.0028 ],
					"to": [ -0.0028, 0.0, 0.0028 ],
					"rotationOrigin": [ 0.0, 0.0, 0.0 ],
					"rotationY": -89.98,
					"faces": {
					},
					"children": [
						{
							"name": "slate62",
							"from": [ -12.5, -1.25, -7.99 ],
							"to": [ 3.5, 2.75, 8.03 ],
							"rotationOrigin": [ 1.0, 6.7, 0.0 ],
							"rotationZ": 11.25,
							"faces": {
								"north": { "texture": "#red", "uv": [ 0.0, 0.0, 16.0, 4.0 ] },
								"east": { "texture": "#red", "uv": [ 0.0, 0.0, 16.0, 4.0 ] },
								"south": { "texture": "#red", "uv": [ 0.0, 0.0, 16.0, 4.0 ] },
								"west": { "texture": "#red", "uv": [ 0.0, 0.0, 16.0, 4.0 ] },
								"up": { "texture": "#red", "uv": [ 0.0, 0.0, 16.0, 16.0 ], "rotation": 90 },
								"down": { "texture": "#red", "uv": [ 0.0, 0.0, 16.0, 16.0 ], "rotation": 270 }
							},
							"children": [
								{
									"name": "slate63",
									"from": [ 8.0, 4.0, -0.03 ],
									"to": [ 24.0, 8.0, 16.03 ],
									"rotationOrigin": [ 8.0, 4.0, 8.0 ],
									"faces": {
										"north": { "texture": "#red", "uv": [ 0.0, 0.0, 16.0, 4.0 ] },
										"east": { "texture": "#red", "uv": [ 0.0, 0.0, 16.0, 4.0 ] },
										"south": { "texture": "#red", "uv": [ 0.0, 0.0, 16.0, 4.0 ] },
										"west": { "texture": "#red", "uv": [ 0.0, 0.0, 16.0, 4.0 ] },
										"up": { "texture": "#red", "uv": [ 0.0, 0.0, 16.0, 16.0 ], "rotation": 90 },
										"down": { "texture": "#red", "uv": [ 0.0, 0.0, 16.0, 16.0 ], "rotation": 270 }
									}
								},
								{
									"name": "slate65",
									"from": [ 16.0, 0.0, 0.0 ],
									"to": [ 20.0, 4.0, 16.02 ],
									"rotationOrigin": [ 16.0, 1.95, 7.99 ],
									"faces": {
										"north": { "texture": "#red", "uv": [ 12.0, 0.0, 16.0, 4.0 ] },
										"east": { "texture": "#red", "uv": [ 0.0, 0.0, 16.0, 4.0 ] },
										"south": { "texture": "#red", "uv": [ 12.0, 0.0, 16.0, 4.0 ] },
										"west": { "texture": "#red", "uv": [ 0.0, 0.0, 16.0, 4.0 ] },
										"up": { "texture": "#red", "uv": [ 0.0, 0.0, 16.0, 4.0 ], "rotation": 90 },
										"down": { "texture": "#red", "uv": [ 0.0, 0.0, 16.0, 4.0 ], "rotation": 270 }
									}
								}
							]
						},
						{
							"name": "Cube66",
							"from": [ 3.0, 0.0, -7.9 ],
							"to": [ 8.0, 7.0, 7.9 ],
							"rotationOrigin": [ 3.0, 0.0, -7.9 ],
							"faces": {
								"north": { "texture": "#red", "uv": [ 3.0, 7.0, 8.0, 14.0 ] },
								"east": { "texture": "#red", "uv": [ 0.0, 0.0, 15.5, 7.0 ] },
								"south": { "texture": "#red", "uv": [ 8.0, 7.0, 13.0, 14.0 ] },
								"west": { "texture": "#red", "uv": [ 0.0, 0.0, 15.5, 7.0 ] },
								"up": { "texture": "#red", "uv": [ 0.0, 0.0, 5.0, 15.5 ] },
								"down": { "texture": "#red", "uv": [ 0.0, 0.0, 5.0, 15.5 ] }
							}
						}
					]
				}
			]
		}
	]}