{
	"editor": {
		"allAngles": false,
		"entityTextureMode": false
	},
	"textureWidth": 16,
	"textureHeight": 16,
	"textureSizes": {
	},
	"textures": {
		"normal-side": "game:block/hay/normal-side",
		"bamboo-side": "game:block/hay/bamboo-side",
		"normal-top": "game:block/hay/normal-top",
		"snowcover": "game:block/liquid/snow/normal1",
		"straw1": "game:block/plant/grassroofing/straw1"
	},
	"elements": [
		{
			"name": "Cube1",
			"from": [ 8.0, 0.0, 8.0 ], 
			"to": [ 8.0, 0.0, 8.0 ], 
			"rotationOrigin": [ 8.0, 0.0, 8.0 ],
			"faces": {
				"north": { "texture": "#normal-side", "uv": [ 0.0, 0.0, 0.5, 0.5 ] },
				"east": { "texture": "#normal-side", "uv": [ 0.0, 0.0, 0.5, 0.5 ] },
				"south": { "texture": "#normal-side", "uv": [ 0.0, 0.0, 0.5, 0.5 ] },
				"west": { "texture": "#normal-side", "uv": [ 0.0, 0.0, 0.5, 0.5 ] },
				"up": { "texture": "#normal-side", "uv": [ 0.0, 0.0, 0.5, 0.5 ] },
				"down": { "texture": "#normal-side", "uv": [ 0.0, 0.0, 0.5, 0.5 ] }
			},
			"children": [
				{
					"name": "OriginShallowLower",
					"from": [ 8.0083, 0.0, -7.9972 ], 
					"to": [ 8.0083, 0.0, -7.9972 ], 
					"rotationOrigin": [ 0.0, 0.0, 0.0 ],
					"rotationY": -89.98,
					"faces": {
						"north": { "texture": "#normal-side", "uv": [ 0.0, 0.0, 0.5, 0.5 ] },
						"east": { "texture": "#normal-side", "uv": [ 0.0, 0.0, 0.5, 0.5 ] },
						"south": { "texture": "#normal-side", "uv": [ 0.0, 0.0, 0.5, 0.5 ] },
						"west": { "texture": "#normal-side", "uv": [ 0.0, 0.0, 0.5, 0.5 ] },
						"up": { "texture": "#normal-side", "uv": [ 0.0, 0.0, 0.5, 0.5 ] },
						"down": { "texture": "#normal-side", "uv": [ 0.0, 0.0, 0.5, 0.5 ] }
					},
					"children": [
						{
							"name": "base horizontal31",
							"from": [ -7.9, 0.0, 0.1 ], 
							"to": [ 0.1, 6.0, 15.9 ], 
							"rotationOrigin": [ -7.9, 0.0, 0.1 ],
							"faces": {
								"north": { "texture": "#bamboo-side", "uv": [ 0.0, 8.0, 8.0, 14.0 ] },
								"east": { "texture": "#bamboo-side", "uv": [ 0.0, 0.0, 15.5, 6.0 ] },
								"south": { "texture": "#bamboo-side", "uv": [ 0.0, 8.0, 8.0, 14.0 ] },
								"west": { "texture": "#bamboo-side", "uv": [ 0.5, 8.0, 16.0, 14.0 ] },
								"up": { "texture": "#bamboo-side", "uv": [ 0.0, 0.0, 8.0, 15.5 ] },
								"down": { "texture": "#bamboo-side", "uv": [ 0.0, 0.0, 8.0, 15.5 ] }
							}
						},
						{
							"name": "base horizontal16",
							"from": [ -16.0, 0.0, 0.1 ], 
							"to": [ -8.0, 4.0, 15.9 ], 
							"rotationOrigin": [ -16.0, 0.0, 0.1 ],
							"faces": {
								"north": { "texture": "#bamboo-side", "uv": [ 0.0, 0.0, 8.0, 4.0 ] },
								"east": { "texture": "#bamboo-side", "uv": [ 0.0, 9.5, 15.5, 13.5 ] },
								"south": { "texture": "#bamboo-side", "uv": [ 0.0, 0.0, 8.0, 4.0 ] },
								"west": { "texture": "#bamboo-side", "uv": [ 0.0, 0.0, 15.5, 4.0 ] },
								"up": { "texture": "#bamboo-side", "uv": [ 0.0, 0.0, 8.0, 15.5 ] },
								"down": { "texture": "#bamboo-side", "uv": [ 0.0, 0.0, 8.0, 15.5 ] }
							}
						},
						{
							"name": "slanted down25",
							"from": [ -20.0, -2.0, 0.0 ], 
							"to": [ -4.0, 3.0, 16.0 ], 
							"rotationOrigin": [ -20.0, -2.0, 8.0 ],
							"rotationZ": 21.5,
							"faces": {
								"north": { "texture": "#normal-side", "uv": [ 5.5, 0.0, 10.5, 16.0 ], "rotation": 270 },
								"east": { "texture": "#normal-top", "uv": [ 0.0, 0.0, 16.0, 5.0 ], "enabled": false },
								"south": { "texture": "#normal-side", "uv": [ 8.5, 0.0, 13.5, 16.0 ], "rotation": 90 },
								"west": { "texture": "#normal-top", "uv": [ 0.0, 0.0, 16.0, 5.0 ] },
								"up": { "texture": "#normal-side", "uv": [ 0.0, 0.0, 16.0, 16.0 ], "rotation": 90, "windMode": [-1,-1,-1,-1] },
								"down": { "texture": "#normal-side", "uv": [ 0.0, 0.0, 16.0, 16.0 ], "rotation": 90 }
							},
							"children": [
								{
									"name": "slanted down30",
									"from": [ 16.0, 0.0, 0.0 ], 
									"to": [ 22.0, 5.0, 16.0 ], 
									"rotationOrigin": [ 26.0, 0.0, 8.0 ],
									"faces": {
										"north": { "texture": "#normal-side", "uv": [ 5.5, 0.0, 10.5, 6.0 ], "rotation": 270 },
										"east": { "texture": "#normal-top", "uv": [ 0.0, 0.0, 16.0, 5.0 ] },
										"south": { "texture": "#normal-side", "uv": [ 8.5, 0.0, 13.5, 6.0 ], "rotation": 90 },
										"west": { "texture": "#normal-top", "uv": [ 0.0, 0.0, 16.0, 5.0 ], "enabled": false },
										"up": { "texture": "#normal-side", "uv": [ 0.0, 0.0, 16.0, 6.0 ], "rotation": 90, "windMode": [-1,-1,-1,-1] },
										"down": { "texture": "#normal-side", "uv": [ 0.0, 0.0, 16.0, 6.0 ], "rotation": 90 }
									},
									"children": [
										{
											"name": "snowlayer1",
											"from": [ -16.0, 5.01, 0.0 ], 
											"to": [ -5.0, 6.91, 16.0 ], 
											"rotationOrigin": [ -10.0, 5.0, 8.0 ],
											"faces": {
												"north": { "texture": "#snowcover", "uv": [ 5.5, 0.0, 7.0, 11.0 ], "rotation": 270 },
												"east": { "texture": "#snowcover", "uv": [ 0.0, 0.0, 16.0, 1.5 ], "enabled": false },
												"south": { "texture": "#snowcover", "uv": [ 8.5, 0.0, 10.0, 11.0 ], "rotation": 90 },
												"west": { "texture": "#snowcover", "uv": [ 0.0, 0.0, 16.0, 1.5 ] },
												"up": { "texture": "#snowcover", "uv": [ 0.0, 0.0, 16.0, 11.0 ], "rotation": 90 },
												"down": { "texture": "#snowcover", "uv": [ 0.0, 0.0, 16.0, 11.0 ], "rotation": 90, "enabled": false }
											}
										},
										{
											"name": "snowlayer2",
											"from": [ -5.0, 5.01, 0.0 ], 
											"to": [ 6.0, 6.91, 16.0 ], 
											"rotationOrigin": [ 1.0, 5.0, 8.0 ],
											"faces": {
												"north": { "texture": "#snowcover", "uv": [ 5.5, 0.0, 7.0, 11.0 ], "rotation": 270 },
												"east": { "texture": "#snowcover", "uv": [ 0.0, 0.0, 16.0, 1.5 ] },
												"south": { "texture": "#snowcover", "uv": [ 8.5, 0.0, 10.0, 11.0 ], "rotation": 90 },
												"west": { "texture": "#snowcover", "uv": [ 0.0, 0.0, 16.0, 1.5 ], "enabled": false },
												"up": { "texture": "#snowcover", "uv": [ 0.0, 0.0, 16.0, 11.0 ], "rotation": 90 },
												"down": { "texture": "#snowcover", "uv": [ 0.0, 0.0, 16.0, 11.0 ], "rotation": 90, "enabled": false }
											}
										}
									]
								},
								{
									"name": "slanted up26",
									"from": [ -6.0, 4.75, 0.0 ], 
									"to": [ 0.0, 4.75, 16.0 ], 
									"rotationOrigin": [ 0.0, 4.75, 7.0 ],
									"rotationZ": 67.5,
									"faces": {
										"north": { "texture": "#straw1", "uv": [ 0.0, 0.0, 6.0, 0.5 ], "enabled": false },
										"east": { "texture": "#straw1", "uv": [ 0.0, 0.0, 16.0, 0.5 ], "enabled": false },
										"south": { "texture": "#straw1", "uv": [ 0.0, 0.0, 6.0, 0.5 ], "enabled": false },
										"west": { "texture": "#straw1", "uv": [ 0.0, 0.0, 16.0, 0.5 ], "enabled": false },
										"up": { "texture": "#straw1", "uv": [ 0.0, 10.0, 16.0, 16.0 ], "rotation": 90 },
										"down": { "texture": "#straw1", "uv": [ 0.0, 0.0, 6.0, 16.0 ], "enabled": false }
									}
								},
								{
									"name": "slanted up28",
									"from": [ 0.5, 4.7, 9.5 ], 
									"to": [ 6.5, 4.7, 21.5 ], 
									"rotationOrigin": [ 6.5, 4.7, 16.0 ],
									"rotationX": 67.5,
									"rotationY": 90.0,
									"faces": {
										"north": { "texture": "#straw1", "uv": [ 0.0, 0.0, 6.0, 0.5 ], "enabled": false },
										"east": { "texture": "#straw1", "uv": [ 0.0, 0.0, 12.0, 0.5 ], "enabled": false },
										"south": { "texture": "#straw1", "uv": [ 0.0, 0.0, 6.0, 0.5 ], "enabled": false },
										"west": { "texture": "#straw1", "uv": [ 0.0, 0.0, 12.0, 0.5 ], "enabled": false },
										"up": { "texture": "#straw1", "uv": [ 0.0, 0.5, 12.0, 6.5 ], "rotation": 90 },
										"down": { "texture": "#straw1", "uv": [ 0.0, 0.0, 6.0, 12.0 ], "enabled": false }
									},
									"children": [
										{
											"name": "slanted up32",
											"from": [ -1.0, 0.0, 12.0 ], 
											"to": [ 6.0, 0.0, 22.0 ], 
											"rotationOrigin": [ 6.0, 0.0, 18.5 ],
											"faces": {
												"north": { "texture": "#straw1", "uv": [ 0.0, 0.0, 7.0, 0.5 ], "enabled": false },
												"east": { "texture": "#straw1", "uv": [ 0.0, 0.0, 10.0, 0.5 ], "enabled": false },
												"south": { "texture": "#straw1", "uv": [ 0.0, 0.0, 7.0, 0.5 ], "enabled": false },
												"west": { "texture": "#straw1", "uv": [ 0.0, 0.0, 10.0, 0.5 ], "enabled": false },
												"up": { "texture": "#straw1", "uv": [ 3.5, 0.5, 13.5, 7.5 ], "rotation": 90 },
												"down": { "texture": "#straw1", "uv": [ 0.0, 0.0, 7.0, 10.0 ], "enabled": false }
											}
										}
									]
								}
							]
						}
					]
				},
				{
					"name": "OriginShallowLower42",
					"from": [ 8.0, 0.0, -8.0 ], 
					"to": [ 8.0, 0.0, -8.0 ], 
					"faces": {
						"north": { "texture": "#normal-side", "uv": [ 0.0, 0.0, 0.5, 0.5 ] },
						"east": { "texture": "#normal-side", "uv": [ 0.0, 0.0, 0.5, 0.5 ] },
						"south": { "texture": "#normal-side", "uv": [ 0.0, 0.0, 0.5, 0.5 ] },
						"west": { "texture": "#normal-side", "uv": [ 0.0, 0.0, 0.5, 0.5 ] },
						"up": { "texture": "#normal-side", "uv": [ 0.0, 0.0, 0.5, 0.5 ] },
						"down": { "texture": "#normal-side", "uv": [ 0.0, 0.0, 0.5, 0.5 ] }
					},
					"children": [
						{
							"name": "base horizontal43",
							"from": [ -7.9, -0.1, 0.1 ], 
							"to": [ 0.1, 5.8, 15.9 ], 
							"rotationOrigin": [ -7.9, -0.1, 0.1 ],
							"faces": {
								"north": { "texture": "#bamboo-side", "uv": [ 0.0, 8.0, 8.0, 13.5 ] },
								"east": { "texture": "#bamboo-side", "uv": [ 0.0, 0.0, 15.5, 5.5 ] },
								"south": { "texture": "#bamboo-side", "uv": [ 0.0, 8.0, 8.0, 13.5 ] },
								"west": { "texture": "#bamboo-side", "uv": [ 0.5, 8.0, 16.0, 13.5 ] },
								"up": { "texture": "#bamboo-side", "uv": [ 0.0, 0.0, 8.0, 15.5 ] },
								"down": { "texture": "#bamboo-side", "uv": [ 0.0, 0.0, 8.0, 15.5 ] }
							}
						},
						{
							"name": "base horizontal44",
							"from": [ -16.0, 0.1, 0.1 ], 
							"to": [ -8.0, 4.0, 15.9 ], 
							"rotationOrigin": [ -16.0, 0.1, 0.1 ],
							"faces": {
								"north": { "texture": "#bamboo-side", "uv": [ 0.0, 0.0, 8.0, 3.5 ] },
								"east": { "texture": "#bamboo-side", "uv": [ 0.0, 9.5, 15.5, 13.0 ] },
								"south": { "texture": "#bamboo-side", "uv": [ 0.0, 0.0, 8.0, 3.5 ] },
								"west": { "texture": "#bamboo-side", "uv": [ 0.0, 0.0, 15.5, 3.5 ] },
								"up": { "texture": "#bamboo-side", "uv": [ 0.0, 0.0, 8.0, 15.5 ] },
								"down": { "texture": "#bamboo-side", "uv": [ 0.0, 0.0, 8.0, 15.5 ] }
							}
						},
						{
							"name": "slanted down45",
							"from": [ -20.0, -2.0, 0.0 ], 
							"to": [ -4.0, 3.0, 16.0 ], 
							"rotationOrigin": [ -20.0, -2.0, 8.0 ],
							"rotationZ": 21.5,
							"faces": {
								"north": { "texture": "#normal-side", "uv": [ 5.5, 0.0, 10.5, 16.0 ], "rotation": 270 },
								"east": { "texture": "#normal-top", "uv": [ 0.0, 0.0, 16.0, 5.0 ], "enabled": false },
								"south": { "texture": "#normal-side", "uv": [ 8.5, 0.0, 13.5, 16.0 ], "rotation": 90 },
								"west": { "texture": "#normal-top", "uv": [ 0.0, 0.0, 16.0, 5.0 ] },
								"up": { "texture": "#normal-side", "uv": [ 0.0, 0.0, 16.0, 16.0 ], "rotation": 90, "windMode": [-1,-1,-1,-1] },
								"down": { "texture": "#normal-side", "uv": [ 0.0, 0.0, 16.0, 16.0 ], "rotation": 90 }
							},
							"children": [
								{
									"name": "slanted down46",
									"from": [ 16.0, 0.0, 0.0 ], 
									"to": [ 22.0, 5.0, 16.0 ], 
									"rotationOrigin": [ 26.0, 0.0, 8.0 ],
									"faces": {
										"north": { "texture": "#normal-side", "uv": [ 5.5, 0.0, 10.5, 6.0 ], "rotation": 270 },
										"east": { "texture": "#normal-top", "uv": [ 0.0, 0.0, 16.0, 5.0 ] },
										"south": { "texture": "#normal-side", "uv": [ 8.5, 0.0, 13.5, 6.0 ], "rotation": 90 },
										"west": { "texture": "#normal-top", "uv": [ 0.0, 0.0, 16.0, 5.0 ], "enabled": false },
										"up": { "texture": "#normal-side", "uv": [ 0.0, 0.0, 16.0, 6.0 ], "rotation": 90, "windMode": [-1,-1,-1,-1] },
										"down": { "texture": "#normal-side", "uv": [ 0.0, 0.0, 16.0, 6.0 ], "rotation": 90 }
									},
									"children": [
										{
											"name": "snowlayer47",
											"from": [ -16.0, 5.01, 0.0 ], 
											"to": [ -5.0, 6.91, 16.0 ], 
											"rotationOrigin": [ -10.0, 5.0, 8.0 ],
											"faces": {
												"north": { "texture": "#snowcover", "uv": [ 5.5, 0.0, 7.0, 11.0 ], "rotation": 270 },
												"east": { "texture": "#snowcover", "uv": [ 0.0, 0.0, 16.0, 1.5 ], "enabled": false },
												"south": { "texture": "#snowcover", "uv": [ 8.5, 0.0, 10.0, 11.0 ], "rotation": 90 },
												"west": { "texture": "#snowcover", "uv": [ 0.0, 0.0, 16.0, 1.5 ] },
												"up": { "texture": "#snowcover", "uv": [ 0.0, 0.0, 16.0, 11.0 ], "rotation": 90 },
												"down": { "texture": "#snowcover", "uv": [ 0.0, 0.0, 16.0, 11.0 ], "rotation": 90, "enabled": false }
											}
										},
										{
											"name": "snowlayer48",
											"from": [ -5.0, 5.01, 0.0 ], 
											"to": [ 6.0, 6.91, 16.0 ], 
											"rotationOrigin": [ 1.0, 5.0, 8.0 ],
											"faces": {
												"north": { "texture": "#snowcover", "uv": [ 5.5, 0.0, 7.0, 11.0 ], "rotation": 270 },
												"east": { "texture": "#snowcover", "uv": [ 0.0, 0.0, 16.0, 1.5 ] },
												"south": { "texture": "#snowcover", "uv": [ 8.5, 0.0, 10.0, 11.0 ], "rotation": 90 },
												"west": { "texture": "#snowcover", "uv": [ 0.0, 0.0, 16.0, 1.5 ], "enabled": false },
												"up": { "texture": "#snowcover", "uv": [ 0.0, 0.0, 16.0, 11.0 ], "rotation": 90 },
												"down": { "texture": "#snowcover", "uv": [ 0.0, 0.0, 16.0, 11.0 ], "rotation": 90, "enabled": false }
											}
										}
									]
								},
								{
									"name": "slanted up49",
									"from": [ -6.0, 4.75, 0.0 ], 
									"to": [ 0.0, 4.75, 16.0 ], 
									"rotationOrigin": [ 0.0, 4.75, 7.0 ],
									"rotationZ": 67.5,
									"faces": {
										"north": { "texture": "#straw1", "uv": [ 0.0, 0.0, 6.0, 0.5 ], "enabled": false },
										"east": { "texture": "#straw1", "uv": [ 0.0, 0.0, 16.0, 0.5 ], "enabled": false },
										"south": { "texture": "#straw1", "uv": [ 0.0, 0.0, 6.0, 0.5 ], "enabled": false },
										"west": { "texture": "#straw1", "uv": [ 0.0, 0.0, 16.0, 0.5 ], "enabled": false },
										"up": { "texture": "#straw1", "uv": [ 0.0, 10.0, 16.0, 16.0 ], "rotation": 90 },
										"down": { "texture": "#straw1", "uv": [ 0.0, 0.0, 6.0, 16.0 ], "enabled": false }
									}
								},
								{
									"name": "slanted up52",
									"from": [ 0.5, 4.7, -6.5 ], 
									"to": [ 6.5, 4.7, 5.5 ], 
									"rotationOrigin": [ 6.5, 4.7, 0.0 ],
									"rotationX": 112.5,
									"rotationY": 90.0,
									"faces": {
										"north": { "texture": "#straw1", "uv": [ 0.0, 0.0, 6.0, 0.5 ], "enabled": false },
										"east": { "texture": "#straw1", "uv": [ 0.0, 0.0, 12.0, 0.5 ], "enabled": false },
										"south": { "texture": "#straw1", "uv": [ 0.0, 0.0, 6.0, 0.5 ], "enabled": false },
										"west": { "texture": "#straw1", "uv": [ 0.0, 0.0, 12.0, 0.5 ], "enabled": false },
										"up": { "texture": "#straw1", "uv": [ 0.0, 0.5, 12.0, 6.5 ], "rotation": 90 },
										"down": { "texture": "#straw1", "uv": [ 0.0, 0.0, 6.0, 12.0 ], "enabled": false }
									},
									"children": [
										{
											"name": "slanted up53",
											"from": [ -1.0, 0.0, 12.0 ], 
											"to": [ 6.0, 0.0, 22.0 ], 
											"rotationOrigin": [ 6.0, 0.0, 18.5 ],
											"faces": {
												"north": { "texture": "#straw1", "uv": [ 0.0, 0.0, 7.0, 0.5 ], "enabled": false },
												"east": { "texture": "#straw1", "uv": [ 0.0, 0.0, 10.0, 0.5 ], "enabled": false },
												"south": { "texture": "#straw1", "uv": [ 0.0, 0.0, 7.0, 0.5 ], "enabled": false },
												"west": { "texture": "#straw1", "uv": [ 0.0, 0.0, 10.0, 0.5 ], "enabled": false },
												"up": { "texture": "#straw1", "uv": [ 3.5, 0.5, 13.5, 7.5 ], "rotation": 90 },
												"down": { "texture": "#straw1", "uv": [ 0.0, 0.0, 7.0, 10.0 ], "enabled": false }
											}
										}
									]
								}
							]
						}
					]
				}
			]
		}
	]}