{
	"editor": {
		"allAngles": false,
		"entityTextureMode": false
	},
	"textureWidth": 16,
	"textureHeight": 16,
	"textureSizes": {
	},
	"textures": {
		"horsesaddle": "items/horsesaddle"
	},
	"elements": [
		{
			"name": "Root",
			"stepParentName": "Mid Body",
			"from": [ 2.22, 11.61, 3.8475 ],
			"to": [ 2.22, 11.61, 3.8475 ],
			"rotationOrigin": [ 3.145, 11.115, 4.275 ],
			"faces": {
				"north": { "texture": "#Saddle", "uv": [ 0.0, 0.0, 0.5, 0.5 ] },
				"east": { "texture": "#Saddle", "uv": [ 0.0, 0.0, 0.5, 0.5 ] },
				"south": { "texture": "#Saddle", "uv": [ 0.0, 0.0, 0.5, 0.5 ] },
				"west": { "texture": "#Saddle", "uv": [ 0.0, 0.0, 0.5, 0.5 ] },
				"up": { "texture": "#Saddle", "uv": [ 0.0, 0.0, 0.5, 0.5 ] },
				"down": { "texture": "#Saddle", "uv": [ 0.0, 0.0, 0.5, 0.5 ] }
			},
			"children": [
				{
					"name": "Saddle",
					"from": [ -3.42, 0.0, -3.5055 ],
					"to": [ 8.55, 1.026, 5.0445 ],
					"rotationOrigin": [ -3.42, 0.0, -4.275 ],
					"faces": {
						"north": { "texture": "#horsesaddle", "uv": [ 5.75, 12.75, 7.2462, 14.2462 ], "autoUv": false },
						"east": { "texture": "#horsesaddle", "uv": [ 5.75, 12.75, 7.46, 14.46 ], "autoUv": false },
						"south": { "texture": "#horsesaddle", "uv": [ 5.5, 12.75, 6.9962, 14.2462 ], "autoUv": false },
						"west": { "texture": "#horsesaddle", "uv": [ 5.5, 12.75, 7.21, 14.46 ], "autoUv": false },
						"up": { "texture": "#horsesaddle", "uv": [ 2.0, 12.75, 5.2062, 14.8875 ], "autoUv": false },
						"down": { "texture": "#horsesaddle", "uv": [ 5.5, 12.75, 7.21, 14.46 ], "autoUv": false }
					},
					"children": [
						{
							"name": "L_curb",
							"from": [ 0.0, 0.4275, 7.7805 ],
							"to": [ 11.97, 1.4535, 10.3455 ],
							"rotationOrigin": [ 0.0, 0.0, 7.7805 ],
							"rotationX": 45.0,
							"faces": {
								"north": { "texture": "#horsesaddle", "uv": [ 5.75, 12.75, 7.2462, 14.2462 ], "autoUv": false },
								"east": { "texture": "#horsesaddle", "uv": [ 5.75, 12.75, 7.46, 14.46 ], "autoUv": false },
								"south": { "texture": "#horsesaddle", "uv": [ 5.5, 12.75, 6.9962, 14.2462 ], "autoUv": false },
								"west": { "texture": "#horsesaddle", "uv": [ 5.5, 12.75, 7.21, 14.46 ], "autoUv": false },
								"up": { "texture": "#horsesaddle", "uv": [ 2.0, 12.75, 5.2062, 14.8875 ], "autoUv": false },
								"down": { "texture": "#horsesaddle", "uv": [ 5.5, 12.75, 7.21, 14.46 ], "autoUv": false }
							}
						},
						{
							"name": "R_curb",
							"from": [ 0.0, -1.881, -0.6754 ],
							"to": [ 11.97, -0.855, 1.8895 ],
							"rotationOrigin": [ 0.0, -2.565, -1.6245 ],
							"rotationX": -44.0,
							"faces": {
								"north": { "texture": "#horsesaddle", "uv": [ 5.75, 12.75, 7.2462, 14.2462 ], "autoUv": false },
								"east": { "texture": "#horsesaddle", "uv": [ 5.75, 12.75, 7.46, 14.46 ], "autoUv": false },
								"south": { "texture": "#horsesaddle", "uv": [ 5.5, 12.75, 6.9962, 14.2462 ], "autoUv": false },
								"west": { "texture": "#horsesaddle", "uv": [ 5.5, 12.75, 7.21, 14.46 ], "autoUv": false },
								"up": { "texture": "#horsesaddle", "uv": [ 2.0, 12.75, 5.2062, 14.8875 ], "autoUv": false },
								"down": { "texture": "#horsesaddle", "uv": [ 5.5, 12.75, 7.21, 14.46 ], "autoUv": false }
							}
						},
						{
							"name": "seat",
							"from": [ 1.71, 0.342, -0.4275 ],
							"to": [ 10.26, 1.197, 8.9775 ],
							"rotationOrigin": [ 1.71, 0.0, 0.0 ],
							"faces": {
								"north": { "texture": "#horsesaddle", "uv": [ 0.25, 0.5, 1.3187, 1.355 ], "autoUv": false },
								"east": { "texture": "#horsesaddle", "uv": [ 0.25, 0.25, 1.3187, 1.3187 ], "autoUv": false },
								"south": { "texture": "#horsesaddle", "uv": [ 0.25, 0.5, 1.3187, 1.1412 ], "autoUv": false },
								"west": { "texture": "#horsesaddle", "uv": [ 0.25, 0.5, 1.3187, 1.355 ], "autoUv": false },
								"up": { "texture": "#horsesaddle", "uv": [ 0.25, 0.25, 3.4562, 3.0287 ], "autoUv": false },
								"down": { "texture": "#horsesaddle", "uv": [ 0.25, 0.5, 3.0287, 2.6375 ], "autoUv": false }
							}
						},
						{
							"name": "seatL",
							"from": [ 1.71, 0.5985, 7.695 ],
							"to": [ 10.26, 1.6245, 10.431 ],
							"rotationOrigin": [ 1.71, 0.0, 7.7805 ],
							"rotationX": 45.0,
							"faces": {
								"north": { "texture": "#horsesaddle", "uv": [ 0.5, 0.5, 1.9962, 1.9962 ], "autoUv": false },
								"east": { "texture": "#horsesaddle", "uv": [ 0.25, 0.0, 1.96, 1.71 ], "autoUv": false },
								"south": { "texture": "#horsesaddle", "uv": [ 0.5, 0.5, 1.9962, 1.9962 ], "autoUv": false },
								"west": { "texture": "#horsesaddle", "uv": [ 0.5, 0.5, 2.21, 2.21 ], "autoUv": false },
								"up": { "texture": "#horsesaddle", "uv": [ 0.25, 0.5, 3.4562, 2.6375 ], "autoUv": false },
								"down": { "texture": "#horsesaddle", "uv": [ 0.25, 0.5, 1.96, 2.21 ], "autoUv": false }
							}
						},
						{
							"name": "seatR",
							"from": [ 1.71, -2.1375, -1.5304 ],
							"to": [ 10.26, -1.1115, 1.0345 ],
							"rotationOrigin": [ 0.0, -1.71, -2.4795 ],
							"rotationX": -44.0,
							"faces": {
								"north": { "texture": "#horsesaddle", "uv": [ 0.25, 0.75, 1.7462, 2.2462 ], "autoUv": false },
								"east": { "texture": "#horsesaddle", "uv": [ 0.75, 0.75, 1.8187, 2.2462 ], "autoUv": false },
								"south": { "texture": "#horsesaddle", "uv": [ 0.5, 0.5, 1.7825, 1.9962 ], "autoUv": false },
								"west": { "texture": "#horsesaddle", "uv": [ 0.75, 0.75, 2.46, 2.46 ], "autoUv": false },
								"up": { "texture": "#horsesaddle", "uv": [ 0.5, 0.75, 2.21, 2.0325 ], "autoUv": false },
								"down": { "texture": "#horsesaddle", "uv": [ 0.75, 1.0, 2.2462, 2.4962 ], "autoUv": false }
							},
							"children": [
								{
									"name": "R_Cube66",
									"from": [ 0.0, -0.7432, -1.942 ],
									"to": [ 8.55, 1.9928, -1.6855 ],
									"rotationOrigin": [ 0.0, -0.7432, -2.1985 ],
									"rotationX": 44.0,
									"faces": {
										"north": { "texture": "#horsesaddle", "uv": [ 0.0, 0.0, 2.3512, 1.9237 ], "autoUv": false },
										"east": { "texture": "#horsesaddle", "uv": [ 0.25, 0.25, 0.4637, 2.815 ] },
										"south": { "texture": "#horsesaddle", "uv": [ 0.0, 0.0, 2.3512, 2.565 ], "autoUv": false },
										"west": { "texture": "#horsesaddle", "uv": [ 0.5, 0.75, 0.7137, 3.315 ] },
										"up": { "texture": "#horsesaddle", "uv": [ 0.25, 1.0, 1.96, 1.2137 ], "autoUv": false },
										"down": { "texture": "#horsesaddle", "uv": [ 0.0, 0.0, 5.3437, 1.4962 ], "autoUv": false }
									},
									"children": [
										{
											"name": "Cube70",
											"from": [ 1.881, -1.881, 0.0256 ],
											"to": [ 7.011, 0.684, 0.2821 ],
											"rotationOrigin": [ 1.71, -1.71, -0.2565 ],
											"faces": {
												"north": { "texture": "#horsesaddle", "uv": [ 0.0, 0.0, 2.3512, 1.9237 ], "autoUv": false },
												"east": { "texture": "#horsesaddle", "uv": [ 0.5, 0.75, 0.7137, 3.315 ] },
												"south": { "texture": "#horsesaddle", "uv": [ 0.0, 0.0, 2.3512, 2.565 ], "autoUv": false },
												"west": { "texture": "#horsesaddle", "uv": [ 0.25, 1.0, 0.4637, 3.565 ] },
												"up": { "texture": "#horsesaddle", "uv": [ 0.25, 0.25, 1.96, 0.4637 ], "autoUv": false },
												"down": { "texture": "#horsesaddle", "uv": [ 0.0, 0.0, 5.3437, 1.4962 ], "autoUv": false }
											},
											"children": [
												{
													"name": "Cube71",
													"from": [ -1.881, 1.881, 0.0513 ],
													"to": [ 0.684, 4.446, 0.3078 ],
													"rotationOrigin": [ -1.881, 1.881, -0.2821 ],
													"rotationZ": -45.0,
													"faces": {
														"north": { "texture": "#horsesaddle", "uv": [ 0.0, 0.0, 2.3512, 1.9237 ], "autoUv": false },
														"east": { "texture": "#horsesaddle", "uv": [ 0.5, 0.75, 0.7137, 3.315 ] },
														"south": { "texture": "#horsesaddle", "uv": [ 0.0, 0.0, 2.3512, 2.565 ], "autoUv": false },
														"west": { "texture": "#horsesaddle", "uv": [ 0.25, 1.0, 0.4637, 3.565 ] },
														"up": { "texture": "#horsesaddle", "uv": [ 0.25, 0.25, 1.96, 0.4637 ], "autoUv": false },
														"down": { "texture": "#horsesaddle", "uv": [ 0.0, 0.0, 5.3437, 1.4962 ], "autoUv": false }
													}
												},
												{
													"name": "Cube72",
													"from": [ 4.959, 0.0, 0.0513 ],
													"to": [ 7.524, 2.565, 0.3078 ],
													"rotationOrigin": [ 4.959, 0.171, -0.2821 ],
													"rotationZ": 50.0,
													"faces": {
														"north": { "texture": "#horsesaddle", "uv": [ 0.0, 0.0, 2.3512, 1.9237 ], "autoUv": false },
														"east": { "texture": "#horsesaddle", "uv": [ 0.5, 0.75, 0.7137, 3.315 ] },
														"south": { "texture": "#horsesaddle", "uv": [ 0.0, 0.0, 2.3512, 2.565 ], "autoUv": false },
														"west": { "texture": "#horsesaddle", "uv": [ 0.25, 1.0, 0.4637, 3.565 ] },
														"up": { "texture": "#horsesaddle", "uv": [ 0.25, 0.25, 1.96, 0.4637 ], "autoUv": false },
														"down": { "texture": "#horsesaddle", "uv": [ 0.0, 0.0, 5.3437, 1.4962 ], "autoUv": false }
													}
												}
											]
										}
									]
								}
							]
						},
						{
							"name": "L_Cube65",
							"from": [ 1.71, -3.42, 10.5165 ],
							"to": [ 10.26, -0.855, 10.773 ],
							"rotationOrigin": [ 1.71, -3.42, 10.26 ],
							"faces": {
								"north": { "texture": "#horsesaddle", "uv": [ 0.0, 0.0, 2.3512, 1.9237 ], "autoUv": false },
								"east": { "texture": "#horsesaddle", "uv": [ 0.5, 0.75, 0.7137, 3.315 ] },
								"south": { "texture": "#horsesaddle", "uv": [ 0.0, 0.0, 2.3512, 2.565 ], "autoUv": false },
								"west": { "texture": "#horsesaddle", "uv": [ 0.25, 1.0, 0.4637, 3.565 ] },
								"up": { "texture": "#horsesaddle", "uv": [ 0.25, 0.25, 1.96, 0.4637 ], "autoUv": false },
								"down": { "texture": "#horsesaddle", "uv": [ 0.0, 0.0, 5.3437, 1.4962 ], "autoUv": false }
							},
							"children": [
								{
									"name": "Cube69",
									"from": [ 1.881, -1.881, -0.0085 ],
									"to": [ 7.011, 0.684, 0.2479 ],
									"rotationOrigin": [ 1.71, -1.71, -0.2565 ],
									"faces": {
										"north": { "texture": "#horsesaddle", "uv": [ 0.0, 0.0, 2.3512, 1.9237 ], "autoUv": false },
										"east": { "texture": "#horsesaddle", "uv": [ 0.5, 0.75, 0.7137, 3.315 ] },
										"south": { "texture": "#horsesaddle", "uv": [ 0.0, 0.0, 2.3512, 2.565 ], "autoUv": false },
										"west": { "texture": "#horsesaddle", "uv": [ 0.25, 1.0, 0.4637, 3.565 ] },
										"up": { "texture": "#horsesaddle", "uv": [ 0.25, 0.25, 1.96, 0.4637 ], "autoUv": false },
										"down": { "texture": "#horsesaddle", "uv": [ 0.0, 0.0, 5.3437, 1.4962 ], "autoUv": false }
									},
									"children": [
										{
											"name": "Cube67",
											"from": [ -1.881, 1.881, -0.0085 ],
											"to": [ 0.684, 4.446, 0.2479 ],
											"rotationOrigin": [ -1.881, 1.881, -0.2479 ],
											"rotationZ": -45.0,
											"faces": {
												"north": { "texture": "#horsesaddle", "uv": [ 0.0, 0.0, 2.3512, 1.9237 ], "autoUv": false },
												"east": { "texture": "#horsesaddle", "uv": [ 0.5, 0.75, 0.7137, 3.315 ] },
												"south": { "texture": "#horsesaddle", "uv": [ 0.0, 0.0, 2.3512, 2.565 ], "autoUv": false },
												"west": { "texture": "#horsesaddle", "uv": [ 0.25, 1.0, 0.4637, 3.565 ] },
												"up": { "texture": "#horsesaddle", "uv": [ 0.25, 0.25, 1.96, 0.4637 ], "autoUv": false },
												"down": { "texture": "#horsesaddle", "uv": [ 0.0, 0.0, 5.3437, 1.4962 ], "autoUv": false }
											}
										},
										{
											"name": "Cube68",
											"from": [ 4.959, 0.0, -0.0085 ],
											"to": [ 7.524, 2.565, 0.2479 ],
											"rotationOrigin": [ 4.959, 0.171, -0.2479 ],
											"rotationZ": 50.0,
											"faces": {
												"north": { "texture": "#horsesaddle", "uv": [ 0.0, 0.0, 2.3512, 1.9237 ], "autoUv": false },
												"east": { "texture": "#horsesaddle", "uv": [ 0.5, 0.75, 0.7137, 3.315 ] },
												"south": { "texture": "#horsesaddle", "uv": [ 0.0, 0.0, 2.3512, 2.565 ], "autoUv": false },
												"west": { "texture": "#horsesaddle", "uv": [ 0.25, 1.0, 0.4637, 3.565 ] },
												"up": { "texture": "#horsesaddle", "uv": [ 0.25, 0.25, 1.96, 0.4637 ], "autoUv": false },
												"down": { "texture": "#horsesaddle", "uv": [ 0.0, 0.0, 5.3437, 1.4962 ], "autoUv": false }
											}
										}
									]
								}
							]
						},
						{
							"name": "L_fender",
							"from": [ 0.0, -4.446, 9.4905 ],
							"to": [ 11.97, -1.026, 10.5165 ],
							"rotationOrigin": [ 0.0, -5.13, 9.4905 ],
							"faces": {
								"north": { "texture": "#horsesaddle", "uv": [ 5.75, 12.75, 7.2462, 14.2462 ], "autoUv": false },
								"east": { "texture": "#horsesaddle", "uv": [ 5.75, 12.75, 7.46, 14.46 ], "autoUv": false },
								"south": { "texture": "#horsesaddle", "uv": [ 5.5, 12.75, 6.9962, 14.2462 ], "autoUv": false },
								"west": { "texture": "#horsesaddle", "uv": [ 5.5, 12.75, 7.21, 14.46 ], "autoUv": false },
								"up": { "texture": "#horsesaddle", "uv": [ 2.0, 12.75, 5.2062, 14.8875 ], "autoUv": false },
								"down": { "texture": "#horsesaddle", "uv": [ 5.5, 12.75, 7.21, 14.46 ], "autoUv": false }
							},
							"children": [
								{
									"name": "L_side2",
									"from": [ 1.71, -2.565, -0.0855 ],
									"to": [ 10.26, 0.855, 0.9405 ],
									"rotationOrigin": [ 1.71, -3.249, 0.0 ],
									"faces": {
										"north": { "texture": "#horsesaddle", "uv": [ 5.75, 12.75, 7.2462, 14.2462 ], "autoUv": false },
										"east": { "texture": "#horsesaddle", "uv": [ 5.75, 12.75, 7.46, 14.46 ], "autoUv": false },
										"south": { "texture": "#horsesaddle", "uv": [ 5.5, 12.75, 6.9962, 14.2462 ], "autoUv": false },
										"west": { "texture": "#horsesaddle", "uv": [ 5.5, 12.75, 7.21, 14.46 ], "autoUv": false },
										"up": { "texture": "#horsesaddle", "uv": [ 2.0, 12.75, 5.2062, 14.8875 ], "autoUv": false },
										"down": { "texture": "#horsesaddle", "uv": [ 5.5, 12.75, 7.21, 14.46 ], "autoUv": false }
									}
								},
								{
									"name": "L_side3",
									"from": [ -0.855, 0.2992, -0.0855 ],
									"to": [ 2.1289, 3.7192, 0.8721 ],
									"rotationOrigin": [ -0.855, -0.684, 0.0 ],
									"rotationZ": -55.0,
									"faces": {
										"north": { "texture": "#horsesaddle", "uv": [ 5.75, 12.75, 7.2462, 14.2462 ], "autoUv": false },
										"east": { "texture": "#horsesaddle", "uv": [ 5.75, 12.75, 7.46, 14.46 ], "autoUv": false },
										"south": { "texture": "#horsesaddle", "uv": [ 5.5, 12.75, 6.9962, 14.2462 ], "autoUv": false },
										"west": { "texture": "#horsesaddle", "uv": [ 5.5, 12.75, 7.21, 14.46 ], "autoUv": false },
										"up": { "texture": "#horsesaddle", "uv": [ 2.0, 12.75, 5.2062, 14.8875 ], "autoUv": false },
										"down": { "texture": "#horsesaddle", "uv": [ 5.5, 12.75, 7.21, 14.46 ], "autoUv": false }
									}
								},
								{
									"name": "L_side4",
									"from": [ 7.5154, -0.9405, -0.0855 ],
									"to": [ 10.4994, 2.0263, 0.8721 ],
									"rotationOrigin": [ 7.695, -1.539, 0.0 ],
									"rotationZ": -33.0,
									"faces": {
										"north": { "texture": "#horsesaddle", "uv": [ 5.75, 12.75, 7.2462, 14.2462 ], "autoUv": false },
										"east": { "texture": "#horsesaddle", "uv": [ 5.75, 12.75, 7.46, 14.46 ], "autoUv": false },
										"south": { "texture": "#horsesaddle", "uv": [ 5.5, 12.75, 6.9962, 14.2462 ], "autoUv": false },
										"west": { "texture": "#horsesaddle", "uv": [ 5.5, 12.75, 7.21, 14.46 ], "autoUv": false },
										"up": { "texture": "#horsesaddle", "uv": [ 2.0, 12.75, 5.2062, 14.8875 ], "autoUv": false },
										"down": { "texture": "#horsesaddle", "uv": [ 5.5, 12.75, 7.21, 14.46 ], "autoUv": false }
									}
								},
								{
									"name": "L_Srap",
									"from": [ 3.42, -6.84, 0.0 ],
									"to": [ 6.3697, -1.71, 0.855 ],
									"rotationOrigin": [ 3.42, -7.524, 0.0 ],
									"faces": {
										"north": { "texture": "#horsesaddle", "uv": [ 2.5, 10.75, 3.1412, 11.605 ], "autoUv": false },
										"east": { "texture": "#horsesaddle", "uv": [ 3.75, 10.5, 2.6813, 11.355 ], "autoUv": false },
										"south": { "texture": "#horsesaddle", "uv": [ 1.75, 10.5, 2.605, 11.355 ], "autoUv": false },
										"west": { "texture": "#horsesaddle", "uv": [ 1.5, 10.5, 2.1412, 11.355 ], "autoUv": false },
										"up": { "texture": "#horsesaddle", "uv": [ 1.75, 10.5, 2.3912, 11.5687 ], "autoUv": false },
										"down": { "texture": "#horsesaddle", "uv": [ 2.5, 10.5, 3.1412, 11.1412 ], "autoUv": false }
									}
								},
								{
									"name": "L_Stirrup",
									"from": [ 3.8475, -9.8325, 1.2825 ],
									"to": [ 5.9422, -6.4125, 2.1375 ],
									"rotationOrigin": [ 3.8475, -9.405, 0.855 ],
									"rotationX": -15.0,
									"faces": {
										"north": { "texture": "#horsesaddle", "uv": [ 2.5, 10.5, 3.355, 11.355 ], "autoUv": false },
										"east": { "texture": "#horsesaddle", "uv": [ 3.5, 10.5, 4.355, 11.355 ], "autoUv": false },
										"south": { "texture": "#horsesaddle", "uv": [ 1.75, 10.5, 2.605, 11.355 ], "autoUv": false },
										"west": { "texture": "#horsesaddle", "uv": [ 2.25, 10.25, 3.105, 11.3187 ], "autoUv": false },
										"up": { "texture": "#horsesaddle", "uv": [ 2.5, 10.25, 3.5687, 11.3187 ], "autoUv": false },
										"down": { "texture": "#horsesaddle", "uv": [ 2.25, 10.5, 3.105, 11.355 ], "autoUv": false }
									},
									"children": [
										{
											"name": "Footholder1",
											"from": [ 0.0, 0.4425, -1.6517 ],
											"to": [ 2.0947, 3.8625, -0.7967 ],
											"rotationOrigin": [ 0.0, 0.4425, -2.0793 ],
											"rotationX": 15.0,
											"faces": {
												"north": { "texture": "#horsesaddle", "uv": [ 2.75, 10.5, 3.3912, 11.1412 ], "autoUv": false },
												"east": { "texture": "#horsesaddle", "uv": [ 2.75, 10.5, 3.8187, 11.355 ], "autoUv": false },
												"south": { "texture": "#horsesaddle", "uv": [ 1.75, 10.5, 2.605, 11.355 ], "autoUv": false },
												"west": { "texture": "#horsesaddle", "uv": [ 2.75, 10.5, 3.605, 11.355 ], "autoUv": false },
												"up": { "texture": "#horsesaddle", "uv": [ 3.0, 10.5, 3.855, 11.355 ], "autoUv": false },
												"down": { "texture": "#horsesaddle", "uv": [ 2.5, 10.25, 3.355, 11.105 ], "autoUv": false }
											}
										},
										{
											"name": "Footholder2",
											"from": [ 0.0, 0.4425, -1.6517 ],
											"to": [ 2.0947, 1.2975, 0.4858 ],
											"rotationOrigin": [ 0.0, 0.4425, -2.0793 ],
											"rotationX": 15.0,
											"faces": {
												"north": { "texture": "#horsesaddle", "uv": [ 3.5, 10.25, 4.5687, 11.105 ], "autoUv": false },
												"east": { "texture": "#horsesaddle", "uv": [ 3.75, 10.75, 4.605, 11.605 ], "autoUv": false },
												"south": { "texture": "#horsesaddle", "uv": [ 1.75, 10.5, 2.605, 11.355 ], "autoUv": false },
												"west": { "texture": "#horsesaddle", "uv": [ 3.0, 10.25, 3.855, 11.3187 ], "autoUv": false },
												"up": { "texture": "#horsesaddle", "uv": [ 2.25, 10.5, 3.3187, 11.355 ], "autoUv": false },
												"down": { "texture": "#horsesaddle", "uv": [ 2.75, 10.25, 3.605, 11.3187 ], "autoUv": false }
											}
										}
									]
								}
							]
						},
						{
							"name": "R_fender",
							"from": [ 0.0, -4.446, -2.1375 ],
							"to": [ 11.97, -1.026, -1.1115 ],
							"rotationOrigin": [ 0.0, -5.13, -1.6245 ],
							"faces": {
								"north": { "texture": "#horsesaddle", "uv": [ 5.75, 12.75, 7.2462, 14.2462 ], "autoUv": false },
								"east": { "texture": "#horsesaddle", "uv": [ 5.75, 12.75, 7.46, 14.46 ], "autoUv": false },
								"south": { "texture": "#horsesaddle", "uv": [ 5.5, 12.75, 6.9962, 14.2462 ], "autoUv": false },
								"west": { "texture": "#horsesaddle", "uv": [ 5.5, 12.75, 7.21, 14.46 ], "autoUv": false },
								"up": { "texture": "#horsesaddle", "uv": [ 2.0, 12.75, 5.2062, 14.8875 ], "autoUv": false },
								"down": { "texture": "#horsesaddle", "uv": [ 5.5, 12.75, 7.21, 14.46 ], "autoUv": false }
							},
							"children": [
								{
									"name": "R_side4",
									"from": [ 7.5154, -0.9405, 0.0855 ],
									"to": [ 10.4994, 2.0263, 1.0431 ],
									"rotationOrigin": [ 7.695, -1.539, 0.0 ],
									"rotationZ": -33.0,
									"faces": {
										"north": { "texture": "#horsesaddle", "uv": [ 5.75, 12.75, 7.2462, 14.2462 ], "autoUv": false },
										"east": { "texture": "#horsesaddle", "uv": [ 5.75, 12.75, 7.46, 14.46 ], "autoUv": false },
										"south": { "texture": "#horsesaddle", "uv": [ 5.5, 12.75, 6.9962, 14.2462 ], "autoUv": false },
										"west": { "texture": "#horsesaddle", "uv": [ 5.5, 12.75, 7.21, 14.46 ], "autoUv": false },
										"up": { "texture": "#horsesaddle", "uv": [ 2.0, 12.75, 5.2062, 14.8875 ], "autoUv": false },
										"down": { "texture": "#horsesaddle", "uv": [ 5.5, 12.75, 7.21, 14.46 ], "autoUv": false }
									},
									"children": [
										{
											"name": "R_side3",
											"from": [ -7.4567, -3.5548, 0.0 ],
											"to": [ -4.4728, -0.1348, 0.9576 ],
											"rotationOrigin": [ -7.4567, -4.5381, -0.0855 ],
											"rotationZ": -22.0,
											"faces": {
												"north": { "texture": "#horsesaddle", "uv": [ 5.75, 12.75, 7.2462, 14.2462 ], "autoUv": false },
												"east": { "texture": "#horsesaddle", "uv": [ 5.75, 12.75, 7.46, 14.46 ], "autoUv": false },
												"south": { "texture": "#horsesaddle", "uv": [ 5.5, 12.75, 6.9962, 14.2462 ], "autoUv": false },
												"west": { "texture": "#horsesaddle", "uv": [ 5.5, 12.75, 7.21, 14.46 ], "autoUv": false },
												"up": { "texture": "#horsesaddle", "uv": [ 2.0, 12.75, 5.2062, 14.8875 ], "autoUv": false },
												"down": { "texture": "#horsesaddle", "uv": [ 5.5, 12.75, 7.21, 14.46 ], "autoUv": false }
											}
										},
										{
											"name": "R_side2",
											"from": [ -3.9085, -4.6083, 0.0 ],
											"to": [ 4.6415, -1.1883, 1.026 ],
											"rotationOrigin": [ -3.9085, -5.2923, -0.0855 ],
											"rotationZ": 33.0,
											"faces": {
												"north": { "texture": "#horsesaddle", "uv": [ 5.75, 12.75, 7.2462, 14.2462 ], "autoUv": false },
												"east": { "texture": "#horsesaddle", "uv": [ 5.75, 12.75, 7.46, 14.46 ], "autoUv": false },
												"south": { "texture": "#horsesaddle", "uv": [ 5.5, 12.75, 6.9962, 14.2462 ], "autoUv": false },
												"west": { "texture": "#horsesaddle", "uv": [ 5.5, 12.75, 7.21, 14.46 ], "autoUv": false },
												"up": { "texture": "#horsesaddle", "uv": [ 2.0, 12.75, 5.2062, 14.8875 ], "autoUv": false },
												"down": { "texture": "#horsesaddle", "uv": [ 5.5, 12.75, 7.21, 14.46 ], "autoUv": false }
											}
										}
									]
								},
								{
									"name": "R_strap",
									"from": [ 3.42, -6.84, 0.2565 ],
									"to": [ 6.3697, -1.71, 1.1115 ],
									"rotationOrigin": [ 3.42, -7.524, 0.0 ],
									"faces": {
										"north": { "texture": "#horsesaddle", "uv": [ 2.75, 10.5, 3.605, 11.1412 ], "autoUv": false },
										"east": { "texture": "#horsesaddle", "uv": [ 3.0, 10.5, 3.855, 11.355 ], "autoUv": false },
										"south": { "texture": "#horsesaddle", "uv": [ 1.75, 10.5, 2.605, 11.355 ], "autoUv": false },
										"west": { "texture": "#horsesaddle", "uv": [ 2.25, 10.5, 3.105, 11.355 ], "autoUv": false },
										"up": { "texture": "#horsesaddle", "uv": [ 2.0, 10.5, 3.0687, 11.355 ], "autoUv": false },
										"down": { "texture": "#horsesaddle", "uv": [ 2.5, 10.5, 3.5687, 11.355 ], "autoUv": false }
									},
									"children": [
										{
											"name": "R_Stirrup",
											"from": [ 0.4275, -2.9925, 0.0 ],
											"to": [ 2.5222, 0.4275, 0.855 ],
											"rotationOrigin": [ 0.4275, -2.565, 0.0 ],
											"faces": {
												"north": { "texture": "#horsesaddle", "uv": [ 3.25, 10.5, 4.3187, 11.355 ], "autoUv": false },
												"east": { "texture": "#horsesaddle", "uv": [ 3.25, 10.5, 4.5325, 11.1412 ], "autoUv": false },
												"south": { "texture": "#horsesaddle", "uv": [ 1.75, 10.5, 2.605, 11.355 ], "autoUv": false },
												"west": { "texture": "#horsesaddle", "uv": [ 2.25, 10.5, 3.105, 11.5687 ], "autoUv": false },
												"up": { "texture": "#horsesaddle", "uv": [ 1.75, 10.25, 2.605, 11.105 ], "autoUv": false },
												"down": { "texture": "#horsesaddle", "uv": [ 3.0, 10.5, 3.855, 11.355 ], "autoUv": false }
											},
											"children": [
												{
													"name": "Footholder18",
													"from": [ 0.0, 0.4425, -1.6517 ],
													"to": [ 2.0947, 3.8625, -0.7967 ],
													"rotationOrigin": [ 0.0, 0.4425, -2.0793 ],
													"rotationX": 15.0,
													"faces": {
														"north": { "texture": "#horsesaddle", "uv": [ 3.25, 10.5, 4.105, 11.355 ], "autoUv": false },
														"east": { "texture": "#horsesaddle", "uv": [ 3.25, 10.5, 4.105, 11.355 ], "autoUv": false },
														"south": { "texture": "#horsesaddle", "uv": [ 1.75, 10.5, 2.605, 11.355 ], "autoUv": false },
														"west": { "texture": "#horsesaddle", "uv": [ 2.5, 10.5, 3.355, 11.1412 ], "autoUv": false },
														"up": { "texture": "#horsesaddle", "uv": [ 2.5, 10.5, 3.5687, 11.355 ], "autoUv": false },
														"down": { "texture": "#horsesaddle", "uv": [ 2.5, 10.5, 3.355, 11.1412 ], "autoUv": false }
													}
												},
												{
													"name": "Footholder19",
													"from": [ 0.0, 0.4425, -1.6517 ],
													"to": [ 2.0947, 1.2975, 0.4858 ],
													"rotationOrigin": [ 0.0, 0.4425, -2.0793 ],
													"rotationX": 15.0,
													"faces": {
														"north": { "texture": "#horsesaddle", "uv": [ 3.25, 10.5, 4.105, 11.355 ], "autoUv": false },
														"east": { "texture": "#horsesaddle", "uv": [ 3.5, 10.5, 4.355, 11.1412 ], "autoUv": false },
														"south": { "texture": "#horsesaddle", "uv": [ 1.75, 10.5, 2.605, 11.355 ], "autoUv": false },
														"west": { "texture": "#horsesaddle", "uv": [ 3.0, 10.5, 3.6412, 11.355 ], "autoUv": false },
														"up": { "texture": "#horsesaddle", "uv": [ 3.25, 10.5, 4.3187, 11.355 ], "autoUv": false },
														"down": { "texture": "#horsesaddle", "uv": [ 3.25, 10.5, 4.105, 11.355 ], "autoUv": false }
													}
												}
											]
										}
									]
								}
							]
						},
						{
							"name": "cantel",
							"from": [ 10.6875, -1.368, 0.0855 ],
							"to": [ 13.2525, 1.197, 8.6355 ],
							"rotationOrigin": [ 11.115, -0.855, 0.0855 ],
							"rotationZ": 22.5,
							"faces": {
								"north": { "texture": "#horsesaddle", "uv": [ 1.0, 13.5, 1.855, 14.355 ], "autoUv": false },
								"east": { "texture": "#horsesaddle", "uv": [ 1.75, 13.5, 3.0325, 14.355 ], "autoUv": false },
								"south": { "texture": "#horsesaddle", "uv": [ 1.0, 13.25, 1.855, 14.3187 ], "autoUv": false },
								"west": { "texture": "#horsesaddle", "uv": [ 0.5, 13.25, 1.5687, 14.105 ], "autoUv": false },
								"up": { "texture": "#horsesaddle", "uv": [ 0.25, 13.0, 1.3187, 13.855 ], "autoUv": false },
								"down": { "texture": "#horsesaddle", "uv": [ 0.25, 13.5, 1.3187, 14.355 ], "autoUv": false }
							}
						},
						{
							"name": "Pomel",
							"from": [ -2.9925, 2.394, 3.078 ],
							"to": [ -1.026, 3.6765, 5.643 ],
							"rotationOrigin": [ -2.565, 1.71, 2.6505 ],
							"rotationZ": -10.0,
							"faces": {
								"north": { "texture": "#horsesaddle", "uv": [ 0.25, 13.25, 1.96, 14.5325 ], "autoUv": false },
								"east": { "texture": "#horsesaddle", "uv": [ 0.25, 13.0, 1.7462, 14.71 ], "autoUv": false },
								"south": { "texture": "#horsesaddle", "uv": [ 0.25, 13.0, 1.96, 14.71 ], "autoUv": false },
								"west": { "texture": "#horsesaddle", "uv": [ 0.25, 13.0, 1.7462, 14.4962 ], "autoUv": false },
								"up": { "texture": "#horsesaddle", "uv": [ 0.25, 13.0, 1.7462, 14.71 ], "autoUv": false },
								"down": { "texture": "#horsesaddle", "uv": [ 0.5, 13.0, 2.21, 14.4962 ], "autoUv": false }
							},
							"children": [
								{
									"name": "Cube25",
									"from": [ 0.9815, -0.235, 0.0 ],
									"to": [ 4.829, 1.304, 2.565 ],
									"rotationOrigin": [ 1.5373, -0.8164, -0.4275 ],
									"rotationZ": -27.5,
									"faces": {
										"north": { "texture": "#horsesaddle", "uv": [ 0.25, 13.25, 1.96, 14.5325 ], "autoUv": false },
										"east": { "texture": "#horsesaddle", "uv": [ 0.25, 13.0, 1.7462, 14.71 ], "autoUv": false },
										"south": { "texture": "#horsesaddle", "uv": [ 0.25, 13.0, 1.96, 14.71 ], "autoUv": false },
										"west": { "texture": "#horsesaddle", "uv": [ 0.25, 13.0, 1.7462, 14.4962 ], "autoUv": false },
										"up": { "texture": "#horsesaddle", "uv": [ 0.25, 13.0, 1.7462, 14.71 ], "autoUv": false },
										"down": { "texture": "#horsesaddle", "uv": [ 0.5, 13.0, 2.21, 14.4962 ], "autoUv": false }
									}
								},
								{
									"name": "Cube27",
									"from": [ 1.71, -2.565, 0.0855 ],
									"to": [ 3.42, 0.0, 2.4795 ],
									"rotationOrigin": [ 1.71, -2.565, 0.0 ],
									"faces": {
										"north": { "texture": "#horsesaddle", "uv": [ 0.75, 13.0, 1.605, 14.0687 ], "autoUv": false },
										"east": { "texture": "#horsesaddle", "uv": [ 1.0, 10.5, 1.855, 11.355 ], "autoUv": false },
										"south": { "texture": "#horsesaddle", "uv": [ 0.5, 13.5, 1.355, 14.355 ], "autoUv": false },
										"west": { "texture": "#horsesaddle", "uv": [ 1.5, 13.0, 2.355, 13.855 ], "autoUv": false },
										"up": { "texture": "#horsesaddle", "uv": [ 0.5, 13.25, 1.355, 14.5325 ], "autoUv": false },
										"down": { "texture": "#horsesaddle", "uv": [ 0.5, 13.75, 1.355, 14.8187 ], "autoUv": false }
									}
								},
								{
									"name": "Cube26",
									"from": [ 2.1245, -1.4761, 2.1375 ],
									"to": [ 4.6895, 0.2339, 6.4125 ],
									"rotationOrigin": [ 1.2695, -0.5356, 2.1375 ],
									"rotationX": 18.266,
									"rotationY": 25.993,
									"rotationZ": -12.219,
									"faces": {
										"north": { "texture": "#horsesaddle", "uv": [ 0.25, 13.25, 1.96, 14.5325 ], "autoUv": false },
										"east": { "texture": "#horsesaddle", "uv": [ 0.25, 13.0, 1.7462, 14.71 ], "autoUv": false },
										"south": { "texture": "#horsesaddle", "uv": [ 0.25, 13.0, 1.96, 14.71 ], "autoUv": false },
										"west": { "texture": "#horsesaddle", "uv": [ 0.25, 13.0, 1.7462, 14.4962 ], "autoUv": false },
										"up": { "texture": "#horsesaddle", "uv": [ 0.25, 13.0, 1.7462, 14.71 ], "autoUv": false },
										"down": { "texture": "#horsesaddle", "uv": [ 0.5, 13.0, 2.21, 14.4962 ], "autoUv": false }
									}
								},
								{
									"name": "Cube1",
									"from": [ 3.399, -3.1066, -2.9925 ],
									"to": [ 5.964, -1.3966, 1.2825 ],
									"rotationOrigin": [ 3.399, -2.7646, -2.9925 ],
									"rotationX": -18.266,
									"rotationY": -25.993,
									"rotationZ": -12.219,
									"faces": {
										"north": { "texture": "#horsesaddle", "uv": [ 0.25, 13.25, 1.96, 14.5325 ], "autoUv": false },
										"east": { "texture": "#horsesaddle", "uv": [ 0.25, 13.0, 1.7462, 14.71 ], "autoUv": false },
										"south": { "texture": "#horsesaddle", "uv": [ 0.25, 13.0, 1.96, 14.71 ], "autoUv": false },
										"west": { "texture": "#horsesaddle", "uv": [ 0.25, 13.0, 1.7462, 14.4962 ], "autoUv": false },
										"up": { "texture": "#horsesaddle", "uv": [ 0.25, 13.0, 1.7462, 14.71 ], "autoUv": false },
										"down": { "texture": "#horsesaddle", "uv": [ 0.5, 13.0, 2.21, 14.4962 ], "autoUv": false }
									}
								}
							]
						},
						{
							"name": "straps",
							"from": [ 8.892, -12.7395, -0.7695 ],
							"to": [ 8.892, -12.7395, -0.7695 ],
							"rotationOrigin": [ 8.892, -12.7395, -0.7695 ],
							"faces": {
								"north": { "texture": "#horsesaddle", "uv": [ 0.0, 0.0, 0.2137, 0.2137 ] },
								"east": { "texture": "#horsesaddle", "uv": [ 0.0, 0.0, 0.2137, 0.2137 ] },
								"south": { "texture": "#horsesaddle", "uv": [ 0.0, 0.0, 0.2137, 0.2137 ] },
								"west": { "texture": "#horsesaddle", "uv": [ 0.0, 0.0, 0.2137, 0.2137 ] },
								"up": { "texture": "#horsesaddle", "uv": [ 0.0, 0.0, 0.2137, 0.2137 ] },
								"down": { "texture": "#horsesaddle", "uv": [ 0.0, 0.0, 0.2137, 0.2137 ] }
							},
							"children": [
								{
									"name": "Cube54",
									"from": [ 0.0, -0.2565, 0.0 ],
									"to": [ 1.197, 0.342, 10.089 ],
									"rotationOrigin": [ 0.0, -0.0855, -0.171 ],
									"rotationZ": 6.0,
									"faces": {
										"north": { "texture": "#horsesaddle", "uv": [ 8.5, 0.25, 9.5687, 0.8912 ], "autoUv": false },
										"east": { "texture": "#horsesaddle", "uv": [ 8.5, 0.75, 9.5687, 1.3912 ], "autoUv": false },
										"south": { "texture": "#horsesaddle", "uv": [ 8.5, 1.25, 9.5687, 1.6775 ] },
										"west": { "texture": "#horsesaddle", "uv": [ 8.5, 0.25, 9.7825, 2.3875 ], "autoUv": false },
										"up": { "texture": "#horsesaddle", "uv": [ 8.5, 0.25, 9.5687, 10.2962 ] },
										"down": { "texture": "#horsesaddle", "uv": [ 8.5, 0.75, 9.5687, 10.7962 ] }
									}
								},
								{
									"name": "Cube55",
									"from": [ -6.84, -1.0, 0.0 ],
									"to": [ -5.643, -0.2305, 10.089 ],
									"rotationOrigin": [ -6.84, -0.9405, -0.171 ],
									"rotationZ": -3.0,
									"faces": {
										"north": { "texture": "#horsesaddle", "uv": [ 8.5, 0.25, 9.5687, 0.8912 ], "autoUv": false },
										"east": { "texture": "#horsesaddle", "uv": [ 8.5, 0.75, 9.5687, 1.3912 ], "autoUv": false },
										"south": { "texture": "#horsesaddle", "uv": [ 8.5, 1.5, 9.5, 2.0 ] },
										"west": { "texture": "#horsesaddle", "uv": [ 8.5, 0.25, 9.7825, 2.3875 ], "autoUv": false },
										"up": { "texture": "#horsesaddle", "uv": [ 8.5, 0.5, 9.5, 10.5 ] },
										"down": { "texture": "#horsesaddle", "uv": [ 8.5, 1.0, 9.5, 11.0 ] }
									}
								},
								{
									"name": "L_strap1",
									"from": [ -6.84, -0.74, 9.8325 ],
									"to": [ -5.5575, 12.44, 10.6875 ],
									"rotationOrigin": [ -7.182, -0.9405, 9.405 ],
									"faces": {
										"north": { "texture": "#horsesaddle", "uv": [ 8.5, 0.25, 9.355, 13.075 ], "autoUv": false },
										"east": { "texture": "#horsesaddle", "uv": [ 8.5, 0.5, 9.5687, 12.0425 ], "autoUv": false },
										"south": { "texture": "#horsesaddle", "uv": [ 8.5, 0.5, 9.5687, 12.8975 ], "autoUv": false },
										"west": { "texture": "#horsesaddle", "uv": [ 8.5, 0.25, 9.5687, 12.22 ], "autoUv": false },
										"up": { "texture": "#horsesaddle", "uv": [ 8.5, 0.75, 9.355, 1.605 ], "autoUv": false },
										"down": { "texture": "#horsesaddle", "uv": [ 8.5, 2.0, 9.5687, 2.855 ], "autoUv": false }
									},
									"children": [
										{
											"name": "Cube42",
											"from": [ 0.0, 1.71, 1.2825 ],
											"to": [ 1.2825, 3.42, 1.71 ],
											"rotationOrigin": [ -0.342, 1.71, 0.4275 ],
											"rotationX": -22.5,
											"faces": {
												"north": { "texture": "#horsesaddle", "uv": [ 8.5, 0.25, 9.355, 13.075 ], "autoUv": false },
												"east": { "texture": "#horsesaddle", "uv": [ 8.5, 0.5, 9.5687, 12.0425 ], "autoUv": false },
												"south": { "texture": "#horsesaddle", "uv": [ 8.5, 0.5, 9.5687, 12.8975 ], "autoUv": false },
												"west": { "texture": "#horsesaddle", "uv": [ 8.5, 0.25, 9.5687, 12.22 ], "autoUv": false },
												"up": { "texture": "#horsesaddle", "uv": [ 8.5, 0.75, 9.355, 1.605 ], "autoUv": false },
												"down": { "texture": "#horsesaddle", "uv": [ 8.5, 2.0, 9.5687, 2.855 ], "autoUv": false }
											}
										},
										{
											"name": "Ring1",
											"from": [ -0.1453, 3.42, 0.855 ],
											"to": [ 1.3936, 3.8475, 1.197 ],
											"rotationOrigin": [ 0.855, 3.42, 0.855 ],
											"faces": {
												"north": { "texture": "#horsesaddle", "uv": [ 10.25, 6.5, 10.6775, 8.21 ], "autoUv": false },
												"east": { "texture": "#horsesaddle", "uv": [ 10.25, 5.75, 10.6775, 7.6737 ], "autoUv": false },
												"south": { "texture": "#horsesaddle", "uv": [ 10.25, 6.0, 10.6775, 7.71 ], "autoUv": false },
												"west": { "texture": "#horsesaddle", "uv": [ 10.25, 6.25, 10.6775, 7.7462 ], "autoUv": false },
												"up": { "texture": "#horsesaddle", "uv": [ 10.25, 6.5, 10.6775, 7.355 ], "autoUv": false },
												"down": { "texture": "#horsesaddle", "uv": [ 10.25, 6.5, 10.6775, 7.5687 ], "autoUv": false }
											},
											"children": [
												{
													"name": "Cube39",
													"from": [ -0.1111, 0.0, -1.2825 ],
													"to": [ 0.1453, 0.4275, 0.342 ],
													"rotationOrigin": [ 1.0003, 0.0, -1.71 ],
													"faces": {
														"north": { "texture": "#horsesaddle", "uv": [ 10.25, 6.5, 10.6775, 8.21 ], "autoUv": false },
														"east": { "texture": "#horsesaddle", "uv": [ 10.25, 5.75, 10.6775, 7.6737 ], "autoUv": false },
														"south": { "texture": "#horsesaddle", "uv": [ 10.25, 6.0, 10.6775, 7.71 ], "autoUv": false },
														"west": { "texture": "#horsesaddle", "uv": [ 10.25, 6.25, 10.6775, 7.7462 ], "autoUv": false },
														"up": { "texture": "#horsesaddle", "uv": [ 10.25, 6.5, 10.6775, 7.355 ], "autoUv": false },
														"down": { "texture": "#horsesaddle", "uv": [ 10.25, 6.5, 10.6775, 7.5687 ], "autoUv": false }
													},
													"children": [
														{
															"name": "Cube40",
															"from": [ 1.4535, 0.0, 0.0 ],
															"to": [ 1.71, 0.4275, 1.6245 ],
															"rotationOrigin": [ 1.9665, 0.0, -0.4275 ],
															"faces": {
																"north": { "texture": "#horsesaddle", "uv": [ 10.25, 6.5, 10.6775, 8.21 ], "autoUv": false },
																"east": { "texture": "#horsesaddle", "uv": [ 10.25, 5.75, 10.6775, 7.6737 ], "autoUv": false },
																"south": { "texture": "#horsesaddle", "uv": [ 10.25, 6.0, 10.6775, 7.71 ], "autoUv": false },
																"west": { "texture": "#horsesaddle", "uv": [ 10.25, 6.25, 10.6775, 7.7462 ], "autoUv": false },
																"up": { "texture": "#horsesaddle", "uv": [ 10.25, 6.5, 10.6775, 7.355 ], "autoUv": false },
																"down": { "texture": "#horsesaddle", "uv": [ 10.25, 6.5, 10.6775, 7.5687 ], "autoUv": false }
															}
														},
														{
															"name": "Cube41",
															"from": [ 0.1111, 0.0, 0.0855 ],
															"to": [ 1.6501, 0.4275, 0.4275 ],
															"rotationOrigin": [ 1.1115, 0.0, -0.4275 ],
															"faces": {
																"north": { "texture": "#horsesaddle", "uv": [ 10.25, 6.5, 10.6775, 8.21 ], "autoUv": false },
																"east": { "texture": "#horsesaddle", "uv": [ 10.25, 5.75, 10.6775, 7.6737 ], "autoUv": false },
																"south": { "texture": "#horsesaddle", "uv": [ 10.25, 6.0, 10.6775, 7.71 ], "autoUv": false },
																"west": { "texture": "#horsesaddle", "uv": [ 10.25, 6.25, 10.6775, 7.7462 ], "autoUv": false },
																"up": { "texture": "#horsesaddle", "uv": [ 10.25, 6.5, 10.6775, 7.355 ], "autoUv": false },
																"down": { "texture": "#horsesaddle", "uv": [ 10.25, 6.5, 10.6775, 7.5687 ], "autoUv": false }
															}
														}
													]
												}
											]
										}
									]
								},
								{
									"name": "L_strap2",
									"from": [ 0.0, -0.0855, 9.576 ],
									"to": [ 1.2825, 11.8845, 10.431 ],
									"rotationOrigin": [ -0.342, -0.0855, 9.405 ],
									"faces": {
										"north": { "texture": "#horsesaddle", "uv": [ 8.5, 0.25, 9.355, 13.075 ], "autoUv": false },
										"east": { "texture": "#horsesaddle", "uv": [ 8.5, 0.5, 9.5687, 12.0425 ], "autoUv": false },
										"south": { "texture": "#horsesaddle", "uv": [ 8.5, 0.5, 9.5687, 12.8975 ], "autoUv": false },
										"west": { "texture": "#horsesaddle", "uv": [ 8.5, 0.25, 9.5687, 12.22 ], "autoUv": false },
										"up": { "texture": "#horsesaddle", "uv": [ 8.5, 0.75, 9.355, 1.605 ], "autoUv": false },
										"down": { "texture": "#horsesaddle", "uv": [ 8.5, 2.0, 9.5687, 2.855 ], "autoUv": false }
									},
									"children": [
										{
											"name": "Cube33",
											"from": [ 0.0, 1.71, 1.2825 ],
											"to": [ 1.2825, 3.42, 1.71 ],
											"rotationOrigin": [ -0.342, 1.71, 0.4275 ],
											"rotationX": -22.5,
											"faces": {
												"north": { "texture": "#horsesaddle", "uv": [ 8.5, 0.25, 9.355, 13.075 ], "autoUv": false },
												"east": { "texture": "#horsesaddle", "uv": [ 8.5, 0.5, 9.5687, 12.0425 ], "autoUv": false },
												"south": { "texture": "#horsesaddle", "uv": [ 8.5, 0.5, 9.5687, 12.8975 ], "autoUv": false },
												"west": { "texture": "#horsesaddle", "uv": [ 8.5, 0.25, 9.5687, 12.22 ], "autoUv": false },
												"up": { "texture": "#horsesaddle", "uv": [ 8.5, 0.75, 9.355, 1.605 ], "autoUv": false },
												"down": { "texture": "#horsesaddle", "uv": [ 8.5, 2.0, 9.5687, 2.855 ], "autoUv": false }
											}
										},
										{
											"name": "Ring2",
											"from": [ -0.1453, 3.42, 0.855 ],
											"to": [ 1.3936, 3.8475, 1.197 ],
											"rotationOrigin": [ 0.855, 3.42, 0.855 ],
											"faces": {
												"north": { "texture": "#horsesaddle", "uv": [ 10.25, 6.5, 10.6775, 8.21 ], "autoUv": false },
												"east": { "texture": "#horsesaddle", "uv": [ 10.25, 5.75, 10.6775, 7.6737 ], "autoUv": false },
												"south": { "texture": "#horsesaddle", "uv": [ 10.25, 6.0, 10.6775, 7.71 ], "autoUv": false },
												"west": { "texture": "#horsesaddle", "uv": [ 10.25, 6.25, 10.6775, 7.7462 ], "autoUv": false },
												"up": { "texture": "#horsesaddle", "uv": [ 10.25, 6.5, 10.6775, 7.355 ], "autoUv": false },
												"down": { "texture": "#horsesaddle", "uv": [ 10.25, 6.5, 10.6775, 7.5687 ], "autoUv": false }
											},
											"children": [
												{
													"name": "Cube35",
													"from": [ -0.1111, 0.0, -1.2825 ],
													"to": [ 0.1453, 0.4275, 0.342 ],
													"rotationOrigin": [ 1.0003, 0.0, -1.71 ],
													"faces": {
														"north": { "texture": "#horsesaddle", "uv": [ 10.25, 6.5, 10.6775, 8.21 ], "autoUv": false },
														"east": { "texture": "#horsesaddle", "uv": [ 10.25, 5.75, 10.6775, 7.6737 ], "autoUv": false },
														"south": { "texture": "#horsesaddle", "uv": [ 10.25, 6.0, 10.6775, 7.71 ], "autoUv": false },
														"west": { "texture": "#horsesaddle", "uv": [ 10.25, 6.25, 10.6775, 7.7462 ], "autoUv": false },
														"up": { "texture": "#horsesaddle", "uv": [ 10.25, 6.5, 10.6775, 7.355 ], "autoUv": false },
														"down": { "texture": "#horsesaddle", "uv": [ 10.25, 6.5, 10.6775, 7.5687 ], "autoUv": false }
													},
													"children": [
														{
															"name": "Cube36",
															"from": [ 1.4535, 0.0, 0.0 ],
															"to": [ 1.71, 0.4275, 1.6245 ],
															"rotationOrigin": [ 1.9665, 0.0, -0.4275 ],
															"faces": {
																"north": { "texture": "#horsesaddle", "uv": [ 10.25, 6.5, 10.6775, 8.21 ], "autoUv": false },
																"east": { "texture": "#horsesaddle", "uv": [ 10.25, 5.75, 10.6775, 7.6737 ], "autoUv": false },
																"south": { "texture": "#horsesaddle", "uv": [ 10.25, 6.0, 10.6775, 7.71 ], "autoUv": false },
																"west": { "texture": "#horsesaddle", "uv": [ 10.25, 6.25, 10.6775, 7.7462 ], "autoUv": false },
																"up": { "texture": "#horsesaddle", "uv": [ 10.25, 6.5, 10.6775, 7.355 ], "autoUv": false },
																"down": { "texture": "#horsesaddle", "uv": [ 10.25, 6.5, 10.6775, 7.5687 ], "autoUv": false }
															}
														},
														{
															"name": "Cube37",
															"from": [ 0.1111, 0.0, 0.0855 ],
															"to": [ 1.6501, 0.4275, 0.4275 ],
															"rotationOrigin": [ 1.1115, 0.0, -0.4275 ],
															"faces": {
																"north": { "texture": "#horsesaddle", "uv": [ 10.25, 6.5, 10.6775, 8.21 ], "autoUv": false },
																"east": { "texture": "#horsesaddle", "uv": [ 10.25, 5.75, 10.6775, 7.6737 ], "autoUv": false },
																"south": { "texture": "#horsesaddle", "uv": [ 10.25, 6.0, 10.6775, 7.71 ], "autoUv": false },
																"west": { "texture": "#horsesaddle", "uv": [ 10.25, 6.25, 10.6775, 7.7462 ], "autoUv": false },
																"up": { "texture": "#horsesaddle", "uv": [ 10.25, 6.5, 10.6775, 7.355 ], "autoUv": false },
																"down": { "texture": "#horsesaddle", "uv": [ 10.25, 6.5, 10.6775, 7.5687 ], "autoUv": false }
															}
														}
													]
												}
											]
										}
									]
								},
								{
									"name": "R_strap_",
									"from": [ -6.84, -0.74, -0.855 ],
									"to": [ -5.5575, 12.01, 0.0 ],
									"rotationOrigin": [ -7.182, -0.9405, -1.71 ],
									"faces": {
										"north": { "texture": "#horsesaddle", "uv": [ 8.5, 0.25, 9.355, 13.075 ], "autoUv": false },
										"east": { "texture": "#horsesaddle", "uv": [ 8.5, 0.5, 9.5687, 12.0425 ], "autoUv": false },
										"south": { "texture": "#horsesaddle", "uv": [ 8.5, 0.5, 9.5687, 12.8975 ], "autoUv": false },
										"west": { "texture": "#horsesaddle", "uv": [ 8.5, 0.25, 9.5687, 12.22 ], "autoUv": false },
										"up": { "texture": "#horsesaddle", "uv": [ 8.5, 0.75, 9.355, 1.605 ], "autoUv": false },
										"down": { "texture": "#horsesaddle", "uv": [ 8.5, 2.0, 9.5687, 2.855 ], "autoUv": false }
									},
									"children": [
										{
											"name": "Cube43",
											"from": [ 0.0, 2.565, -0.4275 ],
											"to": [ 1.2825, 4.275, 0.0 ],
											"rotationOrigin": [ -0.342, 2.565, -1.2825 ],
											"rotationX": 22.5,
											"faces": {
												"north": { "texture": "#horsesaddle", "uv": [ 8.5, 0.25, 9.355, 13.075 ], "autoUv": false },
												"east": { "texture": "#horsesaddle", "uv": [ 8.5, 0.5, 9.5687, 12.0425 ], "autoUv": false },
												"south": { "texture": "#horsesaddle", "uv": [ 8.5, 0.5, 9.5687, 12.8975 ], "autoUv": false },
												"west": { "texture": "#horsesaddle", "uv": [ 8.5, 0.25, 9.5687, 12.22 ], "autoUv": false },
												"up": { "texture": "#horsesaddle", "uv": [ 8.5, 0.75, 9.355, 1.605 ], "autoUv": false },
												"down": { "texture": "#horsesaddle", "uv": [ 8.5, 2.0, 9.5687, 2.855 ], "autoUv": false }
											}
										},
										{
											"name": "Ring44",
											"from": [ -0.1453, 3.42, 0.855 ],
											"to": [ 1.3936, 3.8475, 1.197 ],
											"rotationOrigin": [ 0.855, 3.42, 0.855 ],
											"faces": {
												"north": { "texture": "#horsesaddle", "uv": [ 10.25, 6.5, 10.6775, 8.21 ], "autoUv": false },
												"east": { "texture": "#horsesaddle", "uv": [ 10.25, 5.75, 10.6775, 7.6737 ], "autoUv": false },
												"south": { "texture": "#horsesaddle", "uv": [ 10.25, 6.0, 10.6775, 7.71 ], "autoUv": false },
												"west": { "texture": "#horsesaddle", "uv": [ 10.25, 6.25, 10.6775, 7.7462 ], "autoUv": false },
												"up": { "texture": "#horsesaddle", "uv": [ 10.25, 6.5, 10.6775, 7.355 ], "autoUv": false },
												"down": { "texture": "#horsesaddle", "uv": [ 10.25, 6.5, 10.6775, 7.5687 ], "autoUv": false }
											},
											"children": [
												{
													"name": "Cube47",
													"from": [ 0.0, 0.0, -1.197 ],
													"to": [ 1.539, 0.4275, -0.855 ],
													"rotationOrigin": [ 1.0003, 0.0, -1.71 ],
													"faces": {
														"north": { "texture": "#horsesaddle", "uv": [ 10.25, 6.5, 10.6775, 8.21 ], "autoUv": false },
														"east": { "texture": "#horsesaddle", "uv": [ 10.25, 5.75, 10.6775, 7.6737 ], "autoUv": false },
														"south": { "texture": "#horsesaddle", "uv": [ 10.25, 6.0, 10.6775, 7.71 ], "autoUv": false },
														"west": { "texture": "#horsesaddle", "uv": [ 10.25, 6.25, 10.6775, 7.7462 ], "autoUv": false },
														"up": { "texture": "#horsesaddle", "uv": [ 10.25, 6.5, 10.6775, 7.355 ], "autoUv": false },
														"down": { "texture": "#horsesaddle", "uv": [ 10.25, 6.5, 10.6775, 7.5687 ], "autoUv": false }
													},
													"children": [
														{
															"name": "Cube46",
															"from": [ 1.3423, 0.0, 0.342 ],
															"to": [ 1.5988, 0.4275, 1.9665 ],
															"rotationOrigin": [ 1.8553, 0.0, -0.513 ],
															"faces": {
																"north": { "texture": "#horsesaddle", "uv": [ 10.25, 6.5, 10.6775, 8.21 ], "autoUv": false },
																"east": { "texture": "#horsesaddle", "uv": [ 10.25, 5.75, 10.6775, 7.6737 ], "autoUv": false },
																"south": { "texture": "#horsesaddle", "uv": [ 10.25, 6.0, 10.6775, 7.71 ], "autoUv": false },
																"west": { "texture": "#horsesaddle", "uv": [ 10.25, 6.25, 10.6775, 7.7462 ], "autoUv": false },
																"up": { "texture": "#horsesaddle", "uv": [ 10.25, 6.5, 10.6775, 7.355 ], "autoUv": false },
																"down": { "texture": "#horsesaddle", "uv": [ 10.25, 6.5, 10.6775, 7.5687 ], "autoUv": false }
															}
														},
														{
															"name": "Cube45",
															"from": [ -0.1111, 0.0, 0.0 ],
															"to": [ 0.1453, 0.4275, 1.6245 ],
															"rotationOrigin": [ 1.0003, 0.0, -2.223 ],
															"faces": {
																"north": { "texture": "#horsesaddle", "uv": [ 10.25, 6.5, 10.6775, 8.21 ], "autoUv": false },
																"east": { "texture": "#horsesaddle", "uv": [ 10.25, 5.75, 10.6775, 7.6737 ], "autoUv": false },
																"south": { "texture": "#horsesaddle", "uv": [ 10.25, 6.0, 10.6775, 7.71 ], "autoUv": false },
																"west": { "texture": "#horsesaddle", "uv": [ 10.25, 6.25, 10.6775, 7.7462 ], "autoUv": false },
																"up": { "texture": "#horsesaddle", "uv": [ 10.25, 6.5, 10.6775, 7.355 ], "autoUv": false },
																"down": { "texture": "#horsesaddle", "uv": [ 10.25, 6.5, 10.6775, 7.5687 ], "autoUv": false }
															}
														}
													]
												}
											]
										}
									]
								},
								{
									"name": "R_strap2",
									"from": [ 0.0, -0.0855, -0.5985 ],
									"to": [ 1.2825, 11.8845, 0.2565 ],
									"rotationOrigin": [ -0.342, -0.0855, -0.855 ],
									"faces": {
										"north": { "texture": "#horsesaddle", "uv": [ 8.5, 0.25, 9.355, 13.075 ], "autoUv": false },
										"east": { "texture": "#horsesaddle", "uv": [ 8.5, 0.5, 9.5687, 12.0425 ], "autoUv": false },
										"south": { "texture": "#horsesaddle", "uv": [ 8.5, 0.5, 9.5687, 12.8975 ], "autoUv": false },
										"west": { "texture": "#horsesaddle", "uv": [ 8.5, 0.25, 9.5687, 12.22 ], "autoUv": false },
										"up": { "texture": "#horsesaddle", "uv": [ 8.5, 0.75, 9.355, 1.605 ], "autoUv": false },
										"down": { "texture": "#horsesaddle", "uv": [ 8.5, 2.0, 9.5687, 2.855 ], "autoUv": false }
									},
									"children": [
										{
											"name": "Cube49",
											"from": [ 0.0, 2.4795, -0.5985 ],
											"to": [ 1.2825, 4.1895, -0.171 ],
											"rotationOrigin": [ -0.342, 2.565, -1.2825 ],
											"rotationX": 22.5,
											"faces": {
												"north": { "texture": "#horsesaddle", "uv": [ 8.5, 0.25, 9.355, 13.075 ], "autoUv": false },
												"east": { "texture": "#horsesaddle", "uv": [ 8.5, 0.5, 9.5687, 12.0425 ], "autoUv": false },
												"south": { "texture": "#horsesaddle", "uv": [ 8.5, 0.5, 9.5687, 12.8975 ], "autoUv": false },
												"west": { "texture": "#horsesaddle", "uv": [ 8.5, 0.25, 9.5687, 12.22 ], "autoUv": false },
												"up": { "texture": "#horsesaddle", "uv": [ 8.5, 0.75, 9.355, 1.605 ], "autoUv": false },
												"down": { "texture": "#horsesaddle", "uv": [ 8.5, 2.0, 9.5687, 2.855 ], "autoUv": false }
											}
										},
										{
											"name": "Ring50",
											"from": [ -0.1453, 3.42, 0.855 ],
											"to": [ 1.3936, 3.8475, 1.197 ],
											"rotationOrigin": [ 0.855, 3.42, 0.855 ],
											"faces": {
												"north": { "texture": "#horsesaddle", "uv": [ 10.25, 6.5, 10.6775, 8.21 ], "autoUv": false },
												"east": { "texture": "#horsesaddle", "uv": [ 10.25, 5.75, 10.6775, 7.6737 ], "autoUv": false },
												"south": { "texture": "#horsesaddle", "uv": [ 10.25, 6.0, 10.6775, 7.71 ], "autoUv": false },
												"west": { "texture": "#horsesaddle", "uv": [ 10.25, 6.25, 10.6775, 7.7462 ], "autoUv": false },
												"up": { "texture": "#horsesaddle", "uv": [ 10.25, 6.5, 10.6775, 7.355 ], "autoUv": false },
												"down": { "texture": "#horsesaddle", "uv": [ 10.25, 6.5, 10.6775, 7.5687 ], "autoUv": false }
											},
											"children": [
												{
													"name": "Cube51",
													"from": [ -0.1111, 0.0, -1.197 ],
													"to": [ 0.1453, 0.4275, 0.4275 ],
													"rotationOrigin": [ 1.0003, 0.0, -0.855 ],
													"faces": {
														"north": { "texture": "#horsesaddle", "uv": [ 10.25, 6.5, 10.6775, 8.21 ], "autoUv": false },
														"east": { "texture": "#horsesaddle", "uv": [ 10.25, 5.75, 10.6775, 7.6737 ], "autoUv": false },
														"south": { "texture": "#horsesaddle", "uv": [ 10.25, 6.0, 10.6775, 7.71 ], "autoUv": false },
														"west": { "texture": "#horsesaddle", "uv": [ 10.25, 6.25, 10.6775, 7.7462 ], "autoUv": false },
														"up": { "texture": "#horsesaddle", "uv": [ 10.25, 6.5, 10.6775, 7.355 ], "autoUv": false },
														"down": { "texture": "#horsesaddle", "uv": [ 10.25, 6.5, 10.6775, 7.5687 ], "autoUv": false }
													}
												},
												{
													"name": "Cube52",
													"from": [ 1.3423, 0.0, -1.197 ],
													"to": [ 1.5988, 0.4275, 0.4275 ],
													"rotationOrigin": [ 1.8553, 0.0, -1.71 ],
													"faces": {
														"north": { "texture": "#horsesaddle", "uv": [ 10.25, 6.5, 10.6775, 8.21 ], "autoUv": false },
														"east": { "texture": "#horsesaddle", "uv": [ 10.25, 5.75, 10.6775, 7.6737 ], "autoUv": false },
														"south": { "texture": "#horsesaddle", "uv": [ 10.25, 6.0, 10.6775, 7.71 ], "autoUv": false },
														"west": { "texture": "#horsesaddle", "uv": [ 10.25, 6.25, 10.6775, 7.7462 ], "autoUv": false },
														"up": { "texture": "#horsesaddle", "uv": [ 10.25, 6.5, 10.6775, 7.355 ], "autoUv": false },
														"down": { "texture": "#horsesaddle", "uv": [ 10.25, 6.5, 10.6775, 7.5687 ], "autoUv": false }
													}
												},
												{
													"name": "Cube53",
													"from": [ 0.0, 0.0, -1.197 ],
													"to": [ 1.539, 0.4275, -0.855 ],
													"rotationOrigin": [ 1.0003, 0.0, -1.71 ],
													"faces": {
														"north": { "texture": "#horsesaddle", "uv": [ 10.25, 6.5, 10.6775, 8.21 ], "autoUv": false },
														"east": { "texture": "#horsesaddle", "uv": [ 10.25, 5.75, 10.6775, 7.6737 ], "autoUv": false },
														"south": { "texture": "#horsesaddle", "uv": [ 10.25, 6.0, 10.6775, 7.71 ], "autoUv": false },
														"west": { "texture": "#horsesaddle", "uv": [ 10.25, 6.25, 10.6775, 7.7462 ], "autoUv": false },
														"up": { "texture": "#horsesaddle", "uv": [ 10.25, 6.5, 10.6775, 7.355 ], "autoUv": false },
														"down": { "texture": "#horsesaddle", "uv": [ 10.25, 6.5, 10.6775, 7.5687 ], "autoUv": false }
													}
												}
											]
										}
									]
								}
							]
						},
						{
							"name": "Blanket",
							"from": [ 7.2675, -0.855, 5.2155 ],
							"to": [ 7.2675, -0.855, 5.2155 ],
							"rotationOrigin": [ 7.2675, -0.855, 5.2155 ],
							"faces": {
								"north": { "texture": "#horsesaddle", "uv": [ 0.0, 0.0, 0.2137, 0.2137 ] },
								"east": { "texture": "#horsesaddle", "uv": [ 0.0, 0.0, 0.2137, 0.2137 ] },
								"south": { "texture": "#horsesaddle", "uv": [ 0.0, 0.0, 0.2137, 0.2137 ] },
								"west": { "texture": "#horsesaddle", "uv": [ 0.0, 0.0, 0.2137, 0.2137 ] },
								"up": { "texture": "#horsesaddle", "uv": [ 0.0, 0.0, 0.2137, 0.2137 ] },
								"down": { "texture": "#horsesaddle", "uv": [ 0.0, 0.0, 0.2137, 0.2137 ] }
							},
							"children": [
								{
									"name": "L Cube62",
									"from": [ 3.42, -6.84, 4.1895 ],
									"to": [ 7.695, -0.4275, 5.0445 ],
									"rotationOrigin": [ 3.42, -6.5835, 4.446 ],
									"faces": {
										"north": { "texture": "#horsesaddle", "uv": [ 10.25, 13.0, 11.5325, 14.4962 ], "rotation": 90, "autoUv": false },
										"east": { "texture": "#horsesaddle", "uv": [ 15.0, 13.75, 15.6412, 15.0325 ], "autoUv": false },
										"south": { "texture": "#horsesaddle", "uv": [ 14.75, 13.25, 15.605, 14.7462 ], "autoUv": false },
										"west": { "texture": "#horsesaddle", "uv": [ 15.0, 14.0, 15.6412, 14.855 ], "autoUv": false },
										"up": { "texture": "#horsesaddle", "uv": [ 14.5, 14.0, 15.5687, 15.2825 ], "autoUv": false },
										"down": { "texture": "#horsesaddle", "uv": [ 14.5, 13.5, 15.5687, 14.9962 ], "autoUv": false }
									}
								},
								{
									"name": "L Cube63",
									"from": [ 3.42, 0.0855, 4.104 ],
									"to": [ 8.1225, 1.7955, 4.959 ],
									"rotationOrigin": [ 3.42, 0.2565, 5.301 ],
									"rotationX": -45.0,
									"faces": {
										"north": { "texture": "#horsesaddle", "uv": [ 10.25, 13.0, 11.5325, 14.4962 ], "rotation": 90, "autoUv": false },
										"east": { "texture": "#horsesaddle", "uv": [ 15.0, 13.75, 15.6412, 15.0325 ], "autoUv": false },
										"south": { "texture": "#horsesaddle", "uv": [ 14.75, 13.25, 15.605, 14.7462 ], "autoUv": false },
										"west": { "texture": "#horsesaddle", "uv": [ 15.0, 14.0, 15.6412, 14.855 ], "autoUv": false },
										"up": { "texture": "#horsesaddle", "uv": [ 14.5, 14.0, 15.5687, 15.2825 ], "autoUv": false },
										"down": { "texture": "#horsesaddle", "uv": [ 14.75, 13.5, 15.8187, 14.9962 ], "autoUv": false }
									}
								},
								{
									"name": "L Cube61",
									"from": [ -6.84, -6.5835, 3.5226 ],
									"to": [ 4.275, 0.684, 4.3776 ],
									"rotationOrigin": [ -6.84, -6.5835, 3.591 ],
									"faces": {
										"north": { "texture": "#horsesaddle", "uv": [ 10.25, 13.0, 11.5325, 14.4962 ], "rotation": 90, "autoUv": false },
										"east": { "texture": "#horsesaddle", "uv": [ 15.0, 13.75, 15.6412, 15.0325 ], "autoUv": false },
										"south": { "texture": "#horsesaddle", "uv": [ 14.75, 13.25, 15.605, 14.7462 ], "autoUv": false },
										"west": { "texture": "#horsesaddle", "uv": [ 15.0, 14.0, 15.6412, 14.855 ], "autoUv": false },
										"up": { "texture": "#horsesaddle", "uv": [ 14.5, 14.0, 15.5687, 15.2825 ], "autoUv": false },
										"down": { "texture": "#horsesaddle", "uv": [ 14.75, 13.5, 15.8187, 14.9962 ], "autoUv": false }
									}
								},
								{
									"name": "R Cube60",
									"from": [ 3.42, -0.5985, -7.182 ],
									"to": [ 8.1225, 1.1115, -6.327 ],
									"rotationOrigin": [ 3.42, -0.5985, -6.669 ],
									"rotationX": 45.0,
									"faces": {
										"north": { "texture": "#horsesaddle", "uv": [ 10.25, 13.0, 11.5325, 14.4962 ], "rotation": 90, "autoUv": false },
										"east": { "texture": "#horsesaddle", "uv": [ 15.0, 13.75, 15.6412, 15.0325 ], "autoUv": false },
										"south": { "texture": "#horsesaddle", "uv": [ 14.75, 13.25, 15.605, 14.7462 ], "autoUv": false },
										"west": { "texture": "#horsesaddle", "uv": [ 15.0, 14.0, 15.6412, 14.855 ], "autoUv": false },
										"up": { "texture": "#horsesaddle", "uv": [ 14.5, 14.0, 15.5687, 15.2825 ], "autoUv": false },
										"down": { "texture": "#horsesaddle", "uv": [ 14.75, 13.5, 15.8187, 14.9962 ], "autoUv": false }
									}
								},
								{
									"name": "R Cube58",
									"from": [ -6.84, -6.5835, -6.498 ],
									"to": [ 4.275, 0.684, -5.643 ],
									"rotationOrigin": [ -6.84, -6.5835, -6.669 ],
									"faces": {
										"north": { "texture": "#horsesaddle", "uv": [ 10.25, 13.0, 11.5325, 14.4962 ], "rotation": 90, "autoUv": false },
										"east": { "texture": "#horsesaddle", "uv": [ 15.0, 13.75, 15.6412, 15.0325 ], "autoUv": false },
										"south": { "texture": "#horsesaddle", "uv": [ 14.75, 13.25, 15.605, 14.7462 ], "autoUv": false },
										"west": { "texture": "#horsesaddle", "uv": [ 15.0, 14.0, 15.6412, 14.855 ], "autoUv": false },
										"up": { "texture": "#horsesaddle", "uv": [ 14.5, 14.0, 15.5687, 15.2825 ], "autoUv": false },
										"down": { "texture": "#horsesaddle", "uv": [ 14.75, 13.5, 15.8187, 14.9962 ], "autoUv": false }
									}
								},
								{
									"name": "R Cube59",
									"from": [ 3.42, -6.84, -7.011 ],
									"to": [ 7.695, -0.4275, -6.156 ],
									"rotationOrigin": [ 3.42, -6.5835, -6.669 ],
									"faces": {
										"north": { "texture": "#horsesaddle", "uv": [ 10.25, 13.0, 11.5325, 14.4962 ], "rotation": 90, "autoUv": false },
										"east": { "texture": "#horsesaddle", "uv": [ 15.0, 13.75, 15.6412, 15.0325 ], "autoUv": false },
										"south": { "texture": "#horsesaddle", "uv": [ 14.75, 13.25, 15.605, 14.7462 ], "autoUv": false },
										"west": { "texture": "#horsesaddle", "uv": [ 15.0, 14.0, 15.6412, 14.855 ], "autoUv": false },
										"up": { "texture": "#horsesaddle", "uv": [ 14.5, 14.0, 15.5687, 15.2825 ], "autoUv": false },
										"down": { "texture": "#horsesaddle", "uv": [ 14.5, 13.5, 15.5687, 14.9962 ], "autoUv": false }
									}
								},
								{
									"name": "Fabric_top",
									"from": [ -8.55, 0.2565, -5.814 ],
									"to": [ 9.405, 1.1115, 4.0185 ],
									"rotationOrigin": [ -8.55, 0.0, -5.985 ],
									"faces": {
										"north": { "texture": "#horsesaddle", "uv": [ 11.5, 13.25, 12.355, 14.5325 ], "autoUv": false },
										"east": { "texture": "#horsesaddle", "uv": [ 11.75, 13.25, 13.6737, 14.7462 ], "autoUv": false },
										"south": { "texture": "#horsesaddle", "uv": [ 12.25, 13.5, 14.3875, 15.21 ], "autoUv": false },
										"west": { "texture": "#horsesaddle", "uv": [ 11.0, 13.0, 14.2062, 14.9237 ], "autoUv": false },
										"up": { "texture": "#horsesaddle", "uv": [ 12.25, 13.5, 13.5325, 14.5687 ], "rotation": 90, "autoUv": false },
										"down": { "texture": "#horsesaddle", "uv": [ 12.75, 13.0, 14.2462, 14.2825 ], "autoUv": false }
									}
								}
							]
						}
					]
				},
				{
					"name": "Bedroll",
					"from": [ 8.9775, -0.855, -4.7025 ],
					"to": [ 14.1075, 2.9925, 6.4125 ],
					"rotationOrigin": [ 8.9775, -0.855, -5.13 ],
					"faces": {
						"north": { "texture": "#horsesaddle", "uv": [ 14.5, 5.5, 11.2575, 8.2787 ], "autoUv": false },
						"east": { "texture": "#horsesaddle", "uv": [ 10.25, 9.25, 15.7025, 11.4237 ], "autoUv": false },
						"south": { "texture": "#horsesaddle", "uv": [ 11.25, 5.5, 14.2425, 8.4925 ], "autoUv": false },
						"west": { "texture": "#horsesaddle", "uv": [ 10.25, 9.75, 15.9525, 11.8875 ], "autoUv": false },
						"up": { "texture": "#horsesaddle", "uv": [ 10.25, 9.25, 15.7025, 12.065 ], "rotation": 90, "autoUv": false },
						"down": { "texture": "#horsesaddle", "uv": [ 10.5, 9.5, 15.6662, 11.6375 ], "rotation": 90, "autoUv": false }
					},
					"children": [
						{
							"name": "R-Bedroll_strap",
							"from": [ -0.3334, 0.4275, 0.9405 ],
							"to": [ 5.395, 4.1467, 2.565 ],
							"rotationOrigin": [ 0.0, 0.0, 0.4275 ],
							"faces": {
								"north": { "texture": "#horsesaddle", "uv": [ 9.75, 5.25, 8.6813, 8.2425 ], "autoUv": false },
								"east": { "texture": "#horsesaddle", "uv": [ 8.5, 9.25, 9.5687, 11.1737 ], "autoUv": false },
								"south": { "texture": "#horsesaddle", "uv": [ 8.5, 6.0, 9.5687, 8.9925 ], "autoUv": false },
								"west": { "texture": "#horsesaddle", "uv": [ 8.5, 10.0, 9.5687, 12.565 ], "autoUv": false },
								"up": { "texture": "#horsesaddle", "uv": [ 8.75, 9.25, 9.8187, 11.3875 ], "rotation": 90, "autoUv": false },
								"down": { "texture": "#horsesaddle", "uv": [ 8.5, 8.75, 9.5687, 10.6737 ], "rotation": 90, "autoUv": false }
							},
							"children": [
								{
									"name": "L-Bedroll_strap",
									"from": [ 0.0, 0.0, 7.524 ],
									"to": [ 5.7285, 3.7192, 9.1485 ],
									"rotationOrigin": [ 0.3334, -0.4275, 7.182 ],
									"faces": {
										"north": { "texture": "#horsesaddle", "uv": [ 9.75, 5.25, 8.6813, 8.2425 ], "autoUv": false },
										"east": { "texture": "#horsesaddle", "uv": [ 8.5, 9.25, 9.5687, 11.1737 ], "autoUv": false },
										"south": { "texture": "#horsesaddle", "uv": [ 8.5, 6.0, 9.5687, 8.9925 ], "autoUv": false },
										"west": { "texture": "#horsesaddle", "uv": [ 8.5, 10.0, 9.5687, 12.565 ], "autoUv": false },
										"up": { "texture": "#horsesaddle", "uv": [ 8.75, 9.25, 9.8187, 11.3875 ], "rotation": 90, "autoUv": false },
										"down": { "texture": "#horsesaddle", "uv": [ 8.5, 8.75, 9.5687, 10.6737 ], "rotation": 90, "autoUv": false }
									}
								}
							]
						},
						{
							"name": "Cube115",
							"from": [ 0.5301, 0.4275, -0.342 ],
							"to": [ 4.6341, 3.42, 11.457 ],
							"rotationOrigin": [ 0.4275, -0.855, -0.4275 ],
							"faces": {
								"north": { "texture": "#horsesaddle", "uv": [ 14.25, 6.0, 12.3263, 8.1375 ], "autoUv": false },
								"east": { "texture": "#horsesaddle", "uv": [ 11.75, 9.5, 13.6737, 9.9275 ], "autoUv": false },
								"south": { "texture": "#horsesaddle", "uv": [ 12.0, 6.0, 13.9237, 8.1375 ], "autoUv": false },
								"west": { "texture": "#horsesaddle", "uv": [ 12.0, 9.5, 13.4962, 10.1412 ], "autoUv": false },
								"up": { "texture": "#horsesaddle", "uv": [ 11.75, 10.25, 13.8875, 10.8912 ], "autoUv": false },
								"down": { "texture": "#horsesaddle", "uv": [ 12.0, 9.75, 13.71, 10.1775 ], "autoUv": false }
							}
						}
					]
				},
				{
					"name": "llinenbag",
					"from": [ 9.78, -8.61, 7.15 ],
					"to": [ 13.78, 2.39, 11.15 ],
					"rotationOrigin": [ 11.78, -8.61, 9.1525 ],
					"rotationX": -2.0,
					"faces": {
						"north": { "texture": "#horsesaddle", "uv": [ 11.75, 9.25, 14.25, 11.25 ], "autoUv": false },
						"east": { "texture": "#horsesaddle", "uv": [ 11.5, 9.75, 14.25, 11.75 ], "autoUv": false },
						"south": { "texture": "#horsesaddle", "uv": [ 11.5, 10.0, 14.25, 12.0 ], "autoUv": false },
						"west": { "texture": "#horsesaddle", "uv": [ 11.75, 9.5, 14.25, 11.5 ], "autoUv": false },
						"up": { "texture": "#horsesaddle", "uv": [ 11.75, 6.0, 14.25, 8.5 ], "autoUv": false },
						"down": { "texture": "#horsesaddle", "uv": [ 11.75, 9.25, 14.25, 12.0 ], "autoUv": false }
					},
					"children": [
						{
							"name": "N",
							"from": [ 0.0, 1.0, -1.0 ],
							"to": [ 4.0, 10.0, 0.0 ],
							"rotationOrigin": [ 0.0, 1.0, 0.0 ],
							"faces": {
								"north": { "texture": "#horsesaddle", "uv": [ 11.5, 9.25, 12.25, 12.25 ], "autoUv": false },
								"east": { "texture": "#horsesaddle", "uv": [ 11.75, 9.5, 12.5, 12.0 ], "autoUv": false },
								"west": { "texture": "#horsesaddle", "uv": [ 11.75, 9.0, 12.5, 12.0 ], "autoUv": false },
								"up": { "texture": "#horsesaddle", "uv": [ 11.75, 9.5, 14.5, 10.25 ], "autoUv": false },
								"down": { "texture": "#horsesaddle", "uv": [ 11.75, 10.0, 14.25, 10.75 ], "autoUv": false }
							}
						},
						{
							"name": "S",
							"from": [ 0.0, 1.0, 4.0 ],
							"to": [ 4.0, 10.0, 5.0 ],
							"rotationOrigin": [ 0.0, 1.0, 0.0 ],
							"faces": {
								"east": { "texture": "#horsesaddle", "uv": [ 11.75, 9.25, 12.75, 11.75 ], "autoUv": false },
								"south": { "texture": "#horsesaddle", "uv": [ 12.0, 9.75, 14.0, 13.75 ], "autoUv": false },
								"west": { "texture": "#horsesaddle", "uv": [ 12.0, 9.25, 12.75, 11.75 ], "autoUv": false },
								"up": { "texture": "#horsesaddle", "uv": [ 11.75, 9.25, 14.25, 10.5 ], "autoUv": false },
								"down": { "texture": "#horsesaddle", "uv": [ 11.75, 10.75, 14.25, 11.5 ], "autoUv": false }
							}
						},
						{
							"name": "W",
							"from": [ -0.5, 1.0, 0.0 ],
							"to": [ 0.0, 10.0, 4.0 ],
							"rotationOrigin": [ 0.0, 1.0, 0.0 ],
							"faces": {
								"north": { "texture": "#horsesaddle", "uv": [ 12.0, 9.5, 12.75, 12.5 ], "autoUv": false },
								"south": { "texture": "#horsesaddle", "uv": [ 11.5, 9.25, 12.25, 11.5 ], "autoUv": false },
								"west": { "texture": "#horsesaddle", "uv": [ 11.75, 9.75, 14.25, 12.5 ], "autoUv": false },
								"up": { "texture": "#horsesaddle", "uv": [ 12.0, 9.25, 12.75, 12.0 ], "autoUv": false },
								"down": { "texture": "#horsesaddle", "uv": [ 11.75, 11.25, 14.0, 12.0 ], "rotation": 90, "autoUv": false }
							}
						},
						{
							"name": "E",
							"from": [ 4.0, 1.0, 0.0 ],
							"to": [ 4.5, 10.0, 4.0 ],
							"rotationOrigin": [ 0.0, 1.0, 0.0 ],
							"faces": {
								"north": { "texture": "#horsesaddle", "uv": [ 11.75, 9.25, 12.5, 12.5 ], "autoUv": false },
								"east": { "texture": "#horsesaddle", "uv": [ 11.75, 9.5, 14.25, 12.75 ], "autoUv": false },
								"south": { "texture": "#horsesaddle", "uv": [ 11.75, 9.25, 12.5, 12.25 ], "autoUv": false },
								"up": { "texture": "#horsesaddle", "uv": [ 11.75, 9.25, 12.5, 12.25 ], "autoUv": false },
								"down": { "texture": "#horsesaddle", "uv": [ 11.75, 10.5, 14.25, 11.25 ], "rotation": 90, "autoUv": false }
							}
						},
						{
							"name": "top",
							"from": [ 1.5, 11.0, 1.5 ],
							"to": [ 2.5, 12.0, 2.5 ],
							"rotationOrigin": [ 0.0, 5.0, 0.0 ],
							"faces": {
								"north": { "texture": "#horsesaddle", "uv": [ 12.5, 10.5, 13.5, 11.5 ] },
								"east": { "texture": "#horsesaddle", "uv": [ 12.5, 11.0, 13.5, 12.0 ] },
								"south": { "texture": "#horsesaddle", "uv": [ 12.0, 11.0, 13.0, 12.0 ] },
								"west": { "texture": "#horsesaddle", "uv": [ 12.5, 10.0, 13.5, 11.0 ] },
								"up": { "texture": "#horsesaddle", "uv": [ 12.5, 11.0, 13.5, 12.0 ] },
								"down": { "texture": "#horsesaddle", "uv": [ 12.5, 10.5, 13.5, 11.5 ] }
							},
							"children": [
								{
									"name": "Cube1",
									"from": [ 0.5, -1.0, -2.0 ],
									"to": [ 0.5, 3.0, 3.0 ],
									"rotationOrigin": [ 0.5, 0.0, 0.0 ],
									"rotationZ": -22.5,
									"faces": {
										"west": { "texture": "#horsesaddle", "uv": [ 11.75, 10.5, 14.0, 12.75 ], "autoUv": false }
									}
								},
								{
									"name": "Cube8",
									"from": [ -2.0, -1.0, 0.5 ],
									"to": [ 3.0, 3.0, 0.5 ],
									"rotationOrigin": [ 0.0, 0.0, 0.5 ],
									"rotationX": -22.5,
									"faces": {
										"north": { "texture": "#horsesaddle", "uv": [ 11.5, 10.0, 14.25, 12.75 ], "autoUv": false }
									}
								},
								{
									"name": "Cube9",
									"from": [ 0.5, -1.0, -2.0 ],
									"to": [ 0.5, 3.0, 3.0 ],
									"rotationOrigin": [ 0.5, 0.0, 0.0 ],
									"rotationZ": 22.5,
									"faces": {
										"west": { "texture": "#horsesaddle", "uv": [ 11.5, 10.5, 14.5, 12.75 ], "autoUv": false }
									}
								},
								{
									"name": "Cube10",
									"from": [ -2.0, -1.0, 0.5 ],
									"to": [ 3.0, 3.0, 0.5 ],
									"rotationOrigin": [ 0.0, 0.0, 0.5 ],
									"rotationX": 22.5,
									"faces": {
										"north": { "texture": "#horsesaddle", "uv": [ 11.5, 10.25, 14.5, 12.75 ], "autoUv": false }
									}
								}
							]
						},
						{
							"name": "LBagStrap",
							"from": [ -0.25, 0.5, -0.25 ],
							"to": [ 4.25, 1.0, 0.75 ],
							"rotationOrigin": [ 2.0, 1.0, 0.0 ],
							"rotationX": 16.0,
							"faces": {
								"north": { "texture": "#horsesaddle", "uv": [ 8.5, 6.75, 9.75, 4.25 ], "autoUv": false },
								"east": { "texture": "#horsesaddle", "uv": [ 8.5, 5.75, 9.5, 6.25 ] },
								"south": { "texture": "#horsesaddle", "uv": [ 8.5, 2.25, 9.5, 5.25 ], "autoUv": false },
								"west": { "texture": "#horsesaddle", "uv": [ 9.5, 5.25, 8.5, 2.0 ], "autoUv": false },
								"up": { "texture": "#horsesaddle", "uv": [ 8.5, 9.0, 9.5, 4.75 ], "autoUv": false },
								"down": { "texture": "#horsesaddle", "uv": [ 8.5, 6.5, 9.75, 3.5 ], "autoUv": false }
							},
							"children": [
								{
									"name": "Cube2",
									"from": [ -0.5, 0.0, 0.5 ],
									"to": [ 0.5, 9.5, 1.0 ],
									"rotationOrigin": [ 0.0, 0.0, 1.0 ],
									"rotationX": -21.0,
									"rotationZ": 1.0,
									"faces": {
										"north": { "texture": "#horsesaddle", "uv": [ 8.75, 2.0, 9.75, 11.5 ] },
										"east": { "texture": "#horsesaddle", "uv": [ 8.75, 1.75, 9.25, 11.25 ] },
										"south": { "texture": "#horsesaddle", "uv": [ 8.75, 2.25, 9.75, 11.75 ] },
										"west": { "texture": "#horsesaddle", "uv": [ 8.75, 2.0, 9.25, 11.5 ] },
										"up": { "texture": "#horsesaddle", "uv": [ 8.5, 3.25, 9.5, 3.75 ] },
										"down": { "texture": "#horsesaddle", "uv": [ 8.75, 3.5, 9.75, 4.0 ] }
									}
								},
								{
									"name": "Cube3",
									"from": [ 4.0, 0.0, 0.5 ],
									"to": [ 5.0, 9.5, 1.0 ],
									"rotationOrigin": [ 4.0, 0.0, 1.0 ],
									"rotationX": -28.0,
									"rotationZ": 1.0,
									"faces": {
										"north": { "texture": "#horsesaddle", "uv": [ 8.75, 1.75, 9.75, 11.25 ] },
										"east": { "texture": "#horsesaddle", "uv": [ 8.75, 1.75, 9.25, 11.25 ] },
										"south": { "texture": "#horsesaddle", "uv": [ 8.5, 1.75, 9.5, 11.25 ] },
										"west": { "texture": "#horsesaddle", "uv": [ 8.75, 2.25, 9.25, 11.75 ] },
										"up": { "texture": "#horsesaddle", "uv": [ 8.5, 3.5, 9.5, 4.0 ] },
										"down": { "texture": "#horsesaddle", "uv": [ 8.75, 3.5, 9.75, 4.0 ] }
									}
								},
								{
									"name": "Cube4",
									"from": [ 0.0, 0.0, 0.0 ],
									"to": [ 1.0, 0.5, 2.5 ],
									"rotationOrigin": [ 0.0, 0.0, 0.0 ],
									"rotationX": -11.0,
									"faces": {
										"north": { "texture": "#horsesaddle", "uv": [ 8.5, 0.0, 9.5, 0.5 ] },
										"east": { "texture": "#horsesaddle", "uv": [ 8.25, 2.75, 9.75, 4.5 ], "autoUv": false },
										"south": { "texture": "#horsesaddle", "uv": [ 8.5, 1.75, 9.5, 2.25 ] },
										"west": { "texture": "#horsesaddle", "uv": [ 8.25, 2.75, 9.75, 4.5 ], "autoUv": false },
										"up": { "texture": "#horsesaddle", "uv": [ 8.5, 2.25, 9.5, 4.75 ] },
										"down": { "texture": "#horsesaddle", "uv": [ 8.5, 1.75, 9.5, 4.25 ] }
									}
								},
								{
									"name": "Cube5",
									"from": [ 3.5, 0.0, 0.0 ],
									"to": [ 4.5, 0.5, 2.5 ],
									"rotationOrigin": [ 3.0, 0.0, 0.0 ],
									"rotationX": -11.0,
									"faces": {
										"north": { "texture": "#horsesaddle", "uv": [ 8.5, 2.25, 9.5, 2.75 ] },
										"east": { "texture": "#horsesaddle", "uv": [ 8.5, 3.0, 9.5, 5.25 ], "autoUv": false },
										"south": { "texture": "#horsesaddle", "uv": [ 8.5, 2.75, 9.5, 3.25 ] },
										"west": { "texture": "#horsesaddle", "uv": [ 8.5, 3.25, 9.5, 5.25 ], "autoUv": false },
										"up": { "texture": "#horsesaddle", "uv": [ 8.75, 2.25, 9.75, 4.75 ] },
										"down": { "texture": "#horsesaddle", "uv": [ 8.5, 2.75, 9.5, 5.25 ] }
									}
								},
								{
									"name": "Cube6",
									"from": [ 0.0, 0.25, 2.5 ],
									"to": [ 1.0, 0.75, 5.0 ],
									"rotationOrigin": [ 0.0, 0.0, 2.0 ],
									"rotationX": -21.0,
									"faces": {
										"north": { "texture": "#horsesaddle", "uv": [ 8.5, 1.75, 9.5, 2.25 ] },
										"east": { "texture": "#horsesaddle", "uv": [ 8.5, 2.25, 9.5, 4.25 ], "autoUv": false },
										"south": { "texture": "#horsesaddle", "uv": [ 8.75, 2.0, 9.75, 2.5 ] },
										"west": { "texture": "#horsesaddle", "uv": [ 8.75, 2.5, 9.75, 4.25 ], "autoUv": false },
										"up": { "texture": "#horsesaddle", "uv": [ 8.5, 1.75, 9.5, 4.25 ] },
										"down": { "texture": "#horsesaddle", "uv": [ 8.75, 1.75, 9.75, 4.25 ] }
									}
								},
								{
									"name": "Cube7",
									"from": [ 3.5, 0.25, 2.5 ],
									"to": [ 4.5, 0.75, 5.0 ],
									"rotationOrigin": [ 3.0, 0.0, 2.0 ],
									"rotationX": -21.0,
									"faces": {
										"north": { "texture": "#horsesaddle", "uv": [ 8.5, 2.75, 9.5, 3.25 ] },
										"east": { "texture": "#horsesaddle", "uv": [ 8.5, 2.5, 9.5, 4.0 ], "autoUv": false },
										"south": { "texture": "#horsesaddle", "uv": [ 8.5, 2.5, 9.5, 3.0 ] },
										"west": { "texture": "#horsesaddle", "uv": [ 8.5, 2.25, 9.5, 3.75 ], "autoUv": false },
										"up": { "texture": "#horsesaddle", "uv": [ 8.75, 1.75, 9.75, 4.25 ] },
										"down": { "texture": "#horsesaddle", "uv": [ 8.75, 2.75, 9.75, 5.25 ] }
									}
								},
								{
									"name": "Cube73",
									"from": [ 0.0, 1.0, 4.0 ],
									"to": [ 4.5, 1.5, 5.0 ],
									"rotationOrigin": [ 2.25, 1.5, 4.25 ],
									"rotationX": -26.0,
									"faces": {
										"north": { "texture": "#horsesaddle", "uv": [ 8.5, 2.25, 9.5, 5.0 ], "autoUv": false },
										"east": { "texture": "#horsesaddle", "uv": [ 8.25, 2.25, 9.25, 2.75 ] },
										"south": { "texture": "#horsesaddle", "uv": [ 8.5, 2.5, 9.5, 4.75 ], "autoUv": false },
										"west": { "texture": "#horsesaddle", "uv": [ 9.0, 2.25, 10.0, 2.75 ] },
										"up": { "texture": "#horsesaddle", "uv": [ 8.5, 2.25, 9.75, 4.5 ], "autoUv": false },
										"down": { "texture": "#horsesaddle", "uv": [ 8.5, 2.5, 9.75, 5.5 ], "autoUv": false }
									},
									"children": [
										{
											"name": "Cube11",
											"from": [ -0.2, 0.0, 0.0 ],
											"to": [ 0.3, 5.0, 1.0 ],
											"rotationOrigin": [ 0.0, 0.0, 0.0 ],
											"rotationX": -17.0,
											"rotationZ": 5.0,
											"faces": {
												"north": { "texture": "#horsesaddle", "uv": [ 9.0, 1.0, 9.5, 6.0 ] },
												"east": { "texture": "#horsesaddle", "uv": [ 8.75, 1.75, 9.75, 6.75 ] },
												"south": { "texture": "#horsesaddle", "uv": [ 9.0, 1.0, 9.5, 6.0 ] },
												"west": { "texture": "#horsesaddle", "uv": [ 8.5, 1.5, 9.5, 6.5 ] },
												"up": { "texture": "#horsesaddle", "uv": [ 8.75, 2.5, 9.25, 3.5 ] },
												"down": { "texture": "#horsesaddle", "uv": [ 8.75, 2.25, 9.25, 3.25 ] }
											},
											"children": [
												{
													"name": "Cube12",
													"from": [ 0.0, 4.8, 0.0 ],
													"to": [ 0.5, 12.0, 1.0 ],
													"rotationOrigin": [ 0.0, 5.0, 0.0 ],
													"rotationX": -7.0,
													"rotationZ": -4.0,
													"faces": {
														"north": { "texture": "#horsesaddle", "uv": [ 8.75, 2.25, 9.25, 9.25 ] },
														"east": { "texture": "#horsesaddle", "uv": [ 8.5, 1.5, 9.5, 8.5 ] },
														"south": { "texture": "#horsesaddle", "uv": [ 8.75, 1.25, 9.25, 8.25 ] },
														"west": { "texture": "#horsesaddle", "uv": [ 8.75, 1.25, 9.75, 8.25 ] },
														"up": { "texture": "#horsesaddle", "uv": [ 8.75, 2.75, 9.25, 3.75 ] },
														"down": { "texture": "#horsesaddle", "uv": [ 8.75, 2.75, 9.25, 3.75 ] }
													}
												}
											]
										},
										{
											"name": "Cube13",
											"from": [ 4.3, 0.0, 0.0 ],
											"to": [ 4.8, 5.0, 1.0 ],
											"rotationOrigin": [ 5.0, 0.0, 0.0 ],
											"rotationX": -17.0,
											"rotationZ": -3.0,
											"faces": {
												"north": { "texture": "#horsesaddle", "uv": [ 8.75, 1.0, 9.25, 6.0 ] },
												"east": { "texture": "#horsesaddle", "uv": [ 8.5, 1.5, 9.5, 6.5 ] },
												"south": { "texture": "#horsesaddle", "uv": [ 8.75, 1.75, 9.25, 6.75 ] },
												"west": { "texture": "#horsesaddle", "uv": [ 8.5, 1.0, 9.5, 6.0 ] },
												"up": { "texture": "#horsesaddle", "uv": [ 8.75, 2.75, 9.25, 3.75 ] },
												"down": { "texture": "#horsesaddle", "uv": [ 9.0, 3.5, 9.5, 4.5 ] }
											},
											"children": [
												{
													"name": "Cube14",
													"from": [ 0.0, 4.8, 0.0 ],
													"to": [ 0.5, 12.0, 1.0 ],
													"rotationOrigin": [ 0.0, 5.0, 0.0 ],
													"rotationX": -7.0,
													"rotationZ": 6.0,
													"faces": {
														"north": { "texture": "#horsesaddle", "uv": [ 8.75, 1.0, 9.25, 8.0 ] },
														"east": { "texture": "#horsesaddle", "uv": [ 8.5, 1.25, 9.5, 8.25 ] },
														"south": { "texture": "#horsesaddle", "uv": [ 8.75, 1.25, 9.25, 8.25 ] },
														"west": { "texture": "#horsesaddle", "uv": [ 8.5, 1.25, 9.5, 8.25 ] },
														"up": { "texture": "#horsesaddle", "uv": [ 8.75, 3.0, 9.25, 4.0 ] },
														"down": { "texture": "#horsesaddle", "uv": [ 8.75, 4.0, 9.25, 5.0 ] }
													}
												}
											]
										}
									]
								}
							]
						}
					]
				},
				{
					"name": "rlinenbag87",
					"from": [ 9.78, -8.61, -9.85 ],
					"to": [ 13.78, 2.39, -5.85 ],
					"rotationOrigin": [ 11.78, -8.61, -7.8475 ],
					"rotationX": 2.0,
					"faces": {
						"north": { "texture": "#horsesaddle", "uv": [ 11.75, 9.25, 14.25, 11.25 ], "autoUv": false },
						"east": { "texture": "#horsesaddle", "uv": [ 11.5, 9.75, 14.25, 11.75 ], "autoUv": false },
						"south": { "texture": "#horsesaddle", "uv": [ 11.5, 9.75, 14.25, 11.75 ], "autoUv": false },
						"west": { "texture": "#horsesaddle", "uv": [ 11.75, 9.5, 14.25, 11.5 ], "autoUv": false },
						"up": { "texture": "#horsesaddle", "uv": [ 11.75, 6.0, 14.25, 8.5 ], "autoUv": false },
						"down": { "texture": "#horsesaddle", "uv": [ 11.75, 9.25, 14.25, 12.0 ], "autoUv": false }
					},
					"children": [
						{
							"name": "N88",
							"from": [ 0.0, 1.0, -1.0 ],
							"to": [ 4.0, 10.0, 0.0 ],
							"rotationOrigin": [ 0.0, 1.0, 0.0 ],
							"faces": {
								"north": { "texture": "#horsesaddle", "uv": [ 11.5, 9.25, 12.25, 12.25 ], "autoUv": false },
								"east": { "texture": "#horsesaddle", "uv": [ 11.75, 9.5, 12.5, 12.0 ], "autoUv": false },
								"west": { "texture": "#horsesaddle", "uv": [ 11.75, 9.0, 12.5, 12.0 ], "autoUv": false },
								"up": { "texture": "#horsesaddle", "uv": [ 11.75, 9.5, 14.5, 10.25 ], "autoUv": false },
								"down": { "texture": "#horsesaddle", "uv": [ 11.75, 10.0, 14.25, 10.75 ], "autoUv": false }
							}
						},
						{
							"name": "S89",
							"from": [ 0.0, 1.0, 4.0 ],
							"to": [ 4.0, 10.0, 5.0 ],
							"rotationOrigin": [ 0.0, 1.0, 0.0 ],
							"faces": {
								"east": { "texture": "#horsesaddle", "uv": [ 11.75, 9.25, 12.75, 11.75 ], "autoUv": false },
								"south": { "texture": "#horsesaddle", "uv": [ 12.0, 9.5, 14.0, 12.5 ], "autoUv": false },
								"west": { "texture": "#horsesaddle", "uv": [ 12.0, 9.25, 12.75, 11.75 ], "autoUv": false },
								"up": { "texture": "#horsesaddle", "uv": [ 11.75, 9.25, 14.25, 10.5 ], "autoUv": false },
								"down": { "texture": "#horsesaddle", "uv": [ 11.75, 10.75, 14.25, 11.5 ], "autoUv": false }
							}
						},
						{
							"name": "W90",
							"from": [ -0.5, 1.0, 0.0 ],
							"to": [ 0.0, 10.0, 4.0 ],
							"rotationOrigin": [ 0.0, 1.0, 0.0 ],
							"faces": {
								"north": { "texture": "#horsesaddle", "uv": [ 12.0, 9.5, 12.75, 12.5 ], "autoUv": false },
								"south": { "texture": "#horsesaddle", "uv": [ 11.5, 9.25, 12.25, 11.5 ], "autoUv": false },
								"west": { "texture": "#horsesaddle", "uv": [ 11.75, 9.75, 14.25, 12.5 ], "autoUv": false },
								"up": { "texture": "#horsesaddle", "uv": [ 12.0, 9.25, 12.75, 12.0 ], "autoUv": false },
								"down": { "texture": "#horsesaddle", "uv": [ 11.75, 11.25, 14.0, 12.0 ], "rotation": 90, "autoUv": false }
							}
						},
						{
							"name": "E91",
							"from": [ 4.0, 1.0, 0.0 ],
							"to": [ 4.5, 10.0, 4.0 ],
							"rotationOrigin": [ 0.0, 1.0, 0.0 ],
							"faces": {
								"north": { "texture": "#horsesaddle", "uv": [ 11.75, 9.25, 12.5, 12.5 ], "autoUv": false },
								"east": { "texture": "#horsesaddle", "uv": [ 11.75, 9.5, 14.25, 12.75 ], "autoUv": false },
								"south": { "texture": "#horsesaddle", "uv": [ 11.75, 9.25, 12.5, 12.25 ], "autoUv": false },
								"up": { "texture": "#horsesaddle", "uv": [ 11.75, 9.25, 12.5, 12.25 ], "autoUv": false },
								"down": { "texture": "#horsesaddle", "uv": [ 11.75, 10.5, 14.25, 11.25 ], "rotation": 90, "autoUv": false }
							}
						},
						{
							"name": "top92",
							"from": [ 1.5, 11.0, 1.5 ],
							"to": [ 2.5, 12.0, 2.5 ],
							"rotationOrigin": [ 0.0, 5.0, 0.0 ],
							"faces": {
								"north": { "texture": "#horsesaddle", "uv": [ 12.5, 10.5, 13.5, 11.5 ] },
								"east": { "texture": "#horsesaddle", "uv": [ 12.5, 11.0, 13.5, 12.0 ] },
								"south": { "texture": "#horsesaddle", "uv": [ 12.0, 11.0, 13.0, 12.0 ] },
								"west": { "texture": "#horsesaddle", "uv": [ 12.5, 10.0, 13.5, 11.0 ] },
								"up": { "texture": "#horsesaddle", "uv": [ 12.5, 11.0, 13.5, 12.0 ] },
								"down": { "texture": "#horsesaddle", "uv": [ 12.5, 10.5, 13.5, 11.5 ] }
							},
							"children": [
								{
									"name": "Cube93",
									"from": [ 0.5, -1.0, -2.0 ],
									"to": [ 0.5, 3.0, 3.0 ],
									"rotationOrigin": [ 0.5, 0.0, 0.0 ],
									"rotationZ": -22.5,
									"faces": {
										"west": { "texture": "#horsesaddle", "uv": [ 11.75, 10.5, 14.0, 12.75 ], "autoUv": false }
									}
								},
								{
									"name": "Cube94",
									"from": [ -2.0, -1.0, 0.5 ],
									"to": [ 3.0, 3.0, 0.5 ],
									"rotationOrigin": [ 0.0, 0.0, 0.5 ],
									"rotationX": -22.5,
									"faces": {
										"north": { "texture": "#horsesaddle", "uv": [ 11.5, 10.0, 14.25, 12.75 ], "autoUv": false }
									}
								},
								{
									"name": "Cube95",
									"from": [ 0.5, -1.0, -2.0 ],
									"to": [ 0.5, 3.0, 3.0 ],
									"rotationOrigin": [ 0.5, 0.0, 0.0 ],
									"rotationZ": 22.5,
									"faces": {
										"west": { "texture": "#horsesaddle", "uv": [ 11.5, 10.5, 14.5, 12.75 ], "autoUv": false }
									}
								},
								{
									"name": "Cube96",
									"from": [ -2.0, -1.0, 0.5 ],
									"to": [ 3.0, 3.0, 0.5 ],
									"rotationOrigin": [ 0.0, 0.0, 0.5 ],
									"rotationX": 22.5,
									"faces": {
										"north": { "texture": "#horsesaddle", "uv": [ 11.5, 10.25, 14.5, 12.75 ], "autoUv": false }
									}
								}
							]
						},
						{
							"name": "LBagStrap2",
							"from": [ -0.15, 0.57, 3.54 ],
							"to": [ 4.35, 1.07, 4.54 ],
							"rotationOrigin": [ 2.0, 0.57, 4.25 ],
							"rotationX": -16.0,
							"rotationY": 0.0,
							"rotationZ": 0.0,
							"faces": {
								"south": { "texture": "#horsesaddle", "uv": [ 8.75, 1.25, 9.5, 3.0 ], "autoUv": false },
								"west": { "texture": "#horsesaddle", "uv": [ 8.5, 2.0, 9.5, 2.5 ] },
								"north": { "texture": "#horsesaddle", "uv": [ 8.75, 1.5, 9.75, 3.5 ], "autoUv": false },
								"east": { "texture": "#horsesaddle", "uv": [ 8.75, 2.25, 9.75, 2.75 ] },
								"up": { "texture": "#horsesaddle", "uv": [ 8.5, 1.75, 9.75, 4.25 ], "autoUv": false },
								"down": { "texture": "#horsesaddle", "uv": [ 8.5, 1.75, 9.75, 4.0 ], "autoUv": false }
							},
							"children": [
								{
									"name": "Cube15",
									"from": [ 4.0, 0.0, 0.0 ],
									"to": [ 5.0, 9.5, 0.5 ],
									"rotationOrigin": [ 4.5, 0.0, 0.0 ],
									"rotationX": 28.0,
									"rotationZ": 2.0,
									"faces": {
										"south": { "texture": "#horsesaddle", "uv": [ 8.75, 0.25, 9.75, 9.75 ] },
										"west": { "texture": "#horsesaddle", "uv": [ 8.75, 0.25, 9.25, 9.75 ] },
										"north": { "texture": "#horsesaddle", "uv": [ 8.5, 0.0, 9.5, 9.5 ] },
										"east": { "texture": "#horsesaddle", "uv": [ 8.75, 0.25, 9.25, 9.75 ] },
										"up": { "texture": "#horsesaddle", "uv": [ 8.5, 2.0, 9.5, 2.5 ] },
										"down": { "texture": "#horsesaddle", "uv": [ 8.5, 2.25, 9.5, 2.75 ] }
									}
								},
								{
									"name": "Cube16",
									"from": [ -0.5, 0.0, 0.0 ],
									"to": [ 0.5, 9.5, 0.5 ],
									"rotationOrigin": [ 0.5, 0.0, 0.0 ],
									"rotationX": 21.0,
									"rotationY": 0.0,
									"rotationZ": 1.0,
									"faces": {
										"south": { "texture": "#horsesaddle", "uv": [ 8.5, 0.5, 9.5, 10.0 ] },
										"west": { "texture": "#horsesaddle", "uv": [ 8.75, 1.75, 9.25, 11.25 ] },
										"north": { "texture": "#horsesaddle", "uv": [ 8.5, 1.0, 9.5, 10.5 ] },
										"east": { "texture": "#horsesaddle", "uv": [ 9.0, 2.0, 9.5, 11.5 ] },
										"up": { "texture": "#horsesaddle", "uv": [ 8.5, 3.5, 9.5, 4.0 ] },
										"down": { "texture": "#horsesaddle", "uv": [ 8.5, 4.25, 9.5, 4.75 ] }
									}
								},
								{
									"name": "Cube17",
									"from": [ 3.5, 0.0, -1.5 ],
									"to": [ 4.5, 0.5, 1.0 ],
									"rotationOrigin": [ 4.5, 0.0, 1.0 ],
									"rotationX": 11.0,
									"rotationZ": 0.0,
									"faces": {
										"south": { "texture": "#horsesaddle", "uv": [ 8.5, 2.75, 9.5, 3.25 ] },
										"west": { "texture": "#horsesaddle", "uv": [ 8.75, 2.25, 9.5, 4.25 ], "autoUv": false },
										"north": { "texture": "#horsesaddle", "uv": [ 8.5, 3.5, 9.5, 4.0 ] },
										"east": { "texture": "#horsesaddle", "uv": [ 8.5, 2.75, 9.5, 5.0 ], "autoUv": false },
										"up": { "texture": "#horsesaddle", "uv": [ 8.75, 2.75, 9.75, 5.25 ] },
										"down": { "texture": "#horsesaddle", "uv": [ 8.5, 2.75, 9.5, 5.25 ] }
									}
								},
								{
									"name": "Cube18",
									"from": [ 0.0, 0.0, -1.5 ],
									"to": [ 1.0, 0.5, 1.0 ],
									"rotationOrigin": [ 1.5, 0.0, 1.0 ],
									"rotationX": 11.0,
									"rotationZ": 0.0,
									"faces": {
										"south": { "texture": "#horsesaddle", "uv": [ 8.5, 2.75, 9.5, 3.25 ] },
										"west": { "texture": "#horsesaddle", "uv": [ 8.5, 2.0, 9.5, 4.5 ], "autoUv": false },
										"north": { "texture": "#horsesaddle", "uv": [ 8.5, 3.0, 9.5, 3.5 ] },
										"east": { "texture": "#horsesaddle", "uv": [ 8.75, 2.0, 9.75, 4.5 ], "autoUv": false },
										"up": { "texture": "#horsesaddle", "uv": [ 8.5, 2.25, 9.5, 4.75 ] },
										"down": { "texture": "#horsesaddle", "uv": [ 8.5, 2.5, 9.5, 5.0 ] }
									}
								},
								{
									"name": "Cube19",
									"from": [ 3.5, 0.25, -4.0 ],
									"to": [ 4.5, 0.75, -1.5 ],
									"rotationOrigin": [ 4.5, 0.0, -1.0 ],
									"rotationX": 21.0,
									"rotationY": 0.0,
									"rotationZ": 0.0,
									"faces": {
										"south": { "texture": "#horsesaddle", "uv": [ 8.5, 2.0, 9.5, 2.5 ] },
										"west": { "texture": "#horsesaddle", "uv": [ 8.5, 2.0, 9.5, 4.75 ], "autoUv": false },
										"north": { "texture": "#horsesaddle", "uv": [ 8.5, 2.75, 9.5, 3.25 ] },
										"east": { "texture": "#horsesaddle", "uv": [ 8.5, 2.0, 9.5, 4.5 ], "autoUv": false },
										"up": { "texture": "#horsesaddle", "uv": [ 8.5, 1.5, 9.5, 4.0 ] },
										"down": { "texture": "#horsesaddle", "uv": [ 8.5, 2.75, 9.5, 5.25 ] }
									}
								},
								{
									"name": "Cube20",
									"from": [ 0.0, 0.25, -4.0 ],
									"to": [ 1.0, 0.75, -1.5 ],
									"rotationOrigin": [ 1.5, 0.0, -1.0 ],
									"rotationX": 21.0,
									"rotationY": 0.0,
									"rotationZ": 0.0,
									"faces": {
										"south": { "texture": "#horsesaddle", "uv": [ 8.75, 2.25, 9.75, 2.75 ] },
										"west": { "texture": "#horsesaddle", "uv": [ 8.5, 2.5, 9.5, 4.5 ], "autoUv": false },
										"north": { "texture": "#horsesaddle", "uv": [ 8.75, 2.5, 9.75, 3.0 ] },
										"east": { "texture": "#horsesaddle", "uv": [ 8.5, 2.5, 9.5, 4.5 ], "autoUv": false },
										"up": { "texture": "#horsesaddle", "uv": [ 8.75, 2.5, 9.75, 5.0 ] },
										"down": { "texture": "#horsesaddle", "uv": [ 8.5, 2.75, 9.5, 5.25 ] }
									}
								},
								{
									"name": "Cube74",
									"from": [ 0.0, 1.0, -4.0 ],
									"to": [ 4.5, 1.5, -3.0 ],
									"rotationOrigin": [ 2.25, 1.5, -3.25 ],
									"rotationX": 26.0,
									"rotationY": 0.0,
									"rotationZ": 0.0,
									"faces": {
										"south": { "texture": "#horsesaddle", "uv": [ 8.75, 2.25, 9.5, 5.5 ], "autoUv": false },
										"west": { "texture": "#horsesaddle", "uv": [ 8.5, 2.75, 9.5, 3.25 ] },
										"north": { "texture": "#horsesaddle", "uv": [ 8.75, 2.0, 9.5, 5.0 ], "autoUv": false },
										"east": { "texture": "#horsesaddle", "uv": [ 8.5, 2.75, 9.5, 3.25 ] },
										"up": { "texture": "#horsesaddle", "uv": [ 8.5, 2.25, 9.5, 5.25 ], "autoUv": false },
										"down": { "texture": "#horsesaddle", "uv": [ 8.5, 2.0, 9.5, 5.25 ], "autoUv": false }
									},
									"children": [
										{
											"name": "Cube21",
											"from": [ 4.2, 0.0, 0.0 ],
											"to": [ 4.7, 5.0, 1.0 ],
											"rotationOrigin": [ 4.5, 0.0, 1.0 ],
											"rotationX": 17.0,
											"rotationZ": -5.0,
											"faces": {
												"south": { "texture": "#horsesaddle", "uv": [ 8.75, 1.75, 9.25, 6.75 ] },
												"west": { "texture": "#horsesaddle", "uv": [ 8.5, 1.5, 9.5, 6.5 ] },
												"north": { "texture": "#horsesaddle", "uv": [ 8.75, 1.75, 9.25, 6.75 ] },
												"east": { "texture": "#horsesaddle", "uv": [ 8.75, 1.5, 9.75, 6.5 ] },
												"up": { "texture": "#horsesaddle", "uv": [ 9.0, 3.0, 9.5, 4.0 ] },
												"down": { "texture": "#horsesaddle", "uv": [ 8.75, 2.75, 9.25, 3.75 ] }
											},
											"children": [
												{
													"name": "Cube22",
													"from": [ 0.0, 4.8, 0.0 ],
													"to": [ 0.5, 12.0, 1.0 ],
													"rotationOrigin": [ 0.5, 5.0, 1.0 ],
													"rotationX": 11.0,
													"rotationZ": 9.0,
													"faces": {
														"south": { "texture": "#horsesaddle", "uv": [ 9.0, 3.25, 9.5, 10.25 ] },
														"west": { "texture": "#horsesaddle", "uv": [ 8.25, 2.5, 9.25, 9.5 ] },
														"north": { "texture": "#horsesaddle", "uv": [ 9.0, 3.0, 9.5, 10.0 ] },
														"east": { "texture": "#horsesaddle", "uv": [ 8.75, 2.5, 9.75, 9.5 ] },
														"up": { "texture": "#horsesaddle", "uv": [ 8.75, 3.25, 9.25, 4.25 ] },
														"down": { "texture": "#horsesaddle", "uv": [ 9.0, 3.25, 9.5, 4.25 ] }
													}
												}
											]
										},
										{
											"name": "Cube23",
											"from": [ -0.4, 0.0, 0.0 ],
											"to": [ 0.1, 5.0, 1.0 ],
											"rotationOrigin": [ -0.5, 0.0, 1.0 ],
											"rotationX": 17.0,
											"rotationZ": 3.0,
											"faces": {
												"south": { "texture": "#horsesaddle", "uv": [ 9.0, 1.75, 9.5, 6.75 ] },
												"west": { "texture": "#horsesaddle", "uv": [ 8.5, 2.0, 9.5, 7.0 ] },
												"north": { "texture": "#horsesaddle", "uv": [ 8.5, 2.5, 9.0, 7.5 ] },
												"east": { "texture": "#horsesaddle", "uv": [ 8.5, 2.25, 9.5, 7.25 ] },
												"up": { "texture": "#horsesaddle", "uv": [ 8.75, 3.25, 9.25, 4.25 ] },
												"down": { "texture": "#horsesaddle", "uv": [ 8.75, 2.75, 9.25, 3.75 ] }
											},
											"children": [
												{
													"name": "Cube24",
													"from": [ 0.0, 4.8, 0.0 ],
													"to": [ 0.5, 12.0, 1.0 ],
													"rotationOrigin": [ 0.5, 5.0, 1.0 ],
													"rotationX": 7.0,
													"rotationZ": -3.0,
													"faces": {
														"south": { "texture": "#horsesaddle", "uv": [ 9.0, 2.0, 9.5, 9.0 ] },
														"west": { "texture": "#horsesaddle", "uv": [ 8.75, 2.0, 9.75, 9.0 ] },
														"north": { "texture": "#horsesaddle", "uv": [ 8.75, 2.25, 9.25, 9.25 ] },
														"east": { "texture": "#horsesaddle", "uv": [ 8.5, 2.0, 9.5, 9.0 ] },
														"up": { "texture": "#horsesaddle", "uv": [ 9.0, 2.25, 9.5, 3.25 ] },
														"down": { "texture": "#horsesaddle", "uv": [ 8.75, 2.5, 9.25, 3.5 ] }
													}
												}
											]
										}
									]
								}
							]
						}
					]
				}
			]
		}
	]}