{
	"enabled":  false,
	code: "herbalacornbread",
  	classByType: {
		"*-dough": "ExpandedDough",
		"*": "ExpandedFood",
	},
	maxstacksize: 32,
	variantgroups: [
		{code: "state", states: ["dough", "partbaked", "cooked", "charred", "syruppartbaked", "syrup", "syrupcharred"]}
	],
	attributes: {
		displaycaseable: true,
		shelvable: true,
		inPiePropertiesByType: {
			"*-dough": { texture: "game:block/food/pie/herbalacorn{bakeLevel}", partType: 'Crust'  },
		},
		expandedNutritionProps: {
      		"game:milkportion" : { saturation: 1.5, foodcategory: "Dairy" },
			"expandedfoods:lard": { saturation: 16, "health":  0.1, foodcategory: "Protein"},
			"expandedfoods:pasteurizedmilk": { saturation: 1.15, "health":  0.1, foodcategory: "Dairy"},
			"expandedfoods:brothportion-bone": { saturation: 1, "health": 0.1, foodcategory: "Protein"},
			"expandedfoods:brothportion-vegetable": { saturation: 1, "health": 0.1, foodcategory: "Vegetable"},
			"expandedfoods:brothportion-meat": { saturation: 1.25, "health": 0.1, foodcategory: "Protein"},
			"expandedfoods:brothportion-fish": { saturation: 1, "health": 0.1, foodcategory: "Protein"},
			"expandedfoods:clarifiedbrothportion-bone": { saturation: 1, "health": 0.1, foodcategory: "Protein"},
			"expandedfoods:clarifiedbrothportion-vegetable": { saturation: 1, "health": 0.1, foodcategory: "Vegetable"},
			"expandedfoods:clarifiedbrothportion-meat": { saturation: 1.25, "health": 0.1, foodcategory: "Protein"},
			"expandedfoods:clarifiedbrothportion-fish": { saturation: 1, "health": 0.1, foodcategory: "Protein"},
			"expandedfoods:soymilk-edible": { saturation: 1.125, "health": 0.1, foodcategory: "Dairy"},
      		"game:flour-rice" : { saturation: 170, foodcategory: "Grain" },
      		"game:flour-rye" : { saturation: 140, foodcategory: "Grain" },
      		"game:flour-spelt" : { saturation: 140, foodcategory: "Grain" },
      		"game:flour-cassava" : { saturation: 140, foodcategory: "Grain" },
      		"game:flour-amaranth" : { saturation: 140, foodcategory: "Grain" },
      		"game:flour-sunflower" : { saturation: 140, foodcategory: "Grain" },
      		"wildcraftfruit:flour-acorn" : { saturation: 50, foodcategory: "Grain" },
			"aculinaryartillery:eggyolkfullportion-chicken": { saturation: 20, foodcategory: "Protein"},
			"aculinaryartillery:eggyolkfullportion-pheasant": { saturation: 28, foodcategory: "Protein"},
			"aculinaryartillery:eggyolkfullportion-goldenpheasant": { saturation: 28, foodcategory: "Protein"},
			"aculinaryartillery:eggyolkfullportion-capercaillie": { saturation: 28, foodcategory: "Protein"},
			"aculinaryartillery:eggyolkfullportion-wildturkey": { saturation: 28, foodcategory: "Protein"},
      		"acorns:flour-acorn" : { saturation: 140, foodcategory: "Grain" },
      		"game:honeyportion" : { saturation: 4, foodcategory: "Fruit" },
      		"expandedfoods:fruitsyrupportion-saguaro" : { saturation: 12, "health": 0.2, foodcategory: "Fruit" }, 
      		"expandedfoods:fruitsyrupportion-*" : { saturation: 12, "health": 0.1, foodcategory: "Fruit" },
      		"expandedfoods:treesyrupportion-*" : { saturation: 9.6, "health": 0.1, foodcategory: "Fruit" }, 
      		"expandedfoods:wildfruitsyrupportion-cloudberry" : { saturation: 12, "health": 0.5, foodcategory: "Fruit" },
      		"expandedfoods:wildfruitsyrupportion-husktomato" : { saturation: 12, "health": 0.3, foodcategory: "Fruit" },
      		"expandedfoods:wildfruitsyrupportion-juniper" : { saturation: 12, "health": 0.3, foodcategory: "Fruit" },
      		"expandedfoods:wildfruitsyrupportion-coralbead" : { saturation: 12, "health": -0.1, foodcategory: "Fruit" },
      		"expandedfoods:wildfruitsyrupportion-pokeberry" : { saturation: 12, "health": -0.25, foodcategory: "Fruit" },
      		"expandedfoods:wildfruitsyrupportion-snowberry" : { saturation: 12, "health": -0.25, foodcategory: "Fruit" },
      		"expandedfoods:wildfruitsyrupportion-falseorange" : { saturation: 12, "health": -0.25, foodcategory: "Fruit" },
      		"expandedfoods:wildfruitsyrupportion-blacknightshadeunripe" : { saturation: 12, "health": -1, foodcategory: "Fruit" },
      		"expandedfoods:wildfruitsyrupportion-bitternightshade" : { saturation: 12, "health": -2, foodcategory: "Fruit" },
      		"expandedfoods:wildfruitsyrupportion-wolfberry" : { saturation: 12, "health": -3, foodcategory: "Fruit" },
      		"expandedfoods:wildfruitsyrupportion-seamango" : { saturation: 12, "health": -4, foodcategory: "Fruit" },
      		"expandedfoods:wildfruitsyrupportion-crowseye" : { saturation: 12, "health": -5, foodcategory: "Fruit" },
      		"expandedfoods:wildfruitsyrupportion-*" : { saturation: 12, "health": 0.1, foodcategory: "Fruit" },
      		"expandedfoods:wildtreefruitsyrupportion-*" : { saturation: 12, "health": 0.1, foodcategory: "Fruit" },
		},
    	renderIngredientsByType: {
			"*-partbaked": {
      				"game:flour-*" : "game:shapes/item/food/bread/acornamaranthbread.json",
			},
			"*-cooked": {
      				"game:flour-*" : "game:shapes/item/food/bread/acornamaranthbread.json",
			},
			"*-charred": {
      				"game:flour-*" : "game:shapes/item/food/bread/acornamaranthbread.json",
			},
			"*-dough": {
      				"game:flour-*" : "game:shapes/item/food/bread/acornamaranthbread-dough.json",
			},
			"*-syruppartbaked": {
      			"game:flour-*" : "game:shapes/item/food/bread/acornamaranthbread.json",
				"expandedfoods:peanutliquid-paste": "expandedfoods:shapes/item/food/bread/overlays/syrup/acornbread/peanutbutter.json",
				"expandedfoods:treesyrupportion-birch": "expandedfoods:shapes/item/food/bread/overlays/syrup/acornbread/birchsyrup.json",
				"expandedfoods:treesyrupportion-maple": "expandedfoods:shapes/item/food/bread/overlays/syrup/acornbread/maplesyrup.json",
				"expandedfoods:fruitsyrupportion-blueberry": "expandedfoods:shapes/item/food/bread/overlays/syrup/acornbread/blueberrysyrup.json",
      			"expandedfoods:fruitsyrupportion-cranberry": "expandedfoods:shapes/item/food/bread/overlays/syrup/acornbread/cranberrysyrup.json",
      			"expandedfoods:fruitsyrupportion-redcurrant": "expandedfoods:shapes/item/food/bread/overlays/syrup/acornbread/redcurrantsyrup.json",
      			"expandedfoods:fruitsyrupportion-blackcurrant": "expandedfoods:shapes/item/food/bread/overlays/syrup/acornbread/blackcurrantsyrup.json",
      			"expandedfoods:fruitsyrupportion-whitecurrant": "expandedfoods:shapes/item/food/bread/overlays/syrup/acornbread/whitecurrantsyrup.json",
      			"expandedfoods:fruitsyrupportion-pineapple": "expandedfoods:shapes/item/food/bread/overlays/syrup/acornbread/pineapplesyrup.json",
      			"expandedfoods:fruitsyrupportion-saguaro": "expandedfoods:shapes/item/food/bread/overlays/syrup/acornbread/saguarosyrup.json",
      			"expandedfoods:fruitsyrupportion-apple": "expandedfoods:shapes/item/food/bread/overlays/syrup/acornbread/applesyrup.json",
      			"expandedfoods:fruitsyrupportion-cherry": "expandedfoods:shapes/item/food/bread/overlays/syrup/acornbread/cherrysyrup.json",
      			"expandedfoods:fruitsyrupportion-peach": "expandedfoods:shapes/item/food/bread/overlays/syrup/acornbread/peachsyrup.json",
      			"expandedfoods:fruitsyrupportion-pear": "expandedfoods:shapes/item/food/bread/overlays/syrup/acornbread/pearsyrup.json",
      			"expandedfoods:fruitsyrupportion-orange": "expandedfoods:shapes/item/food/bread/overlays/syrup/acornbread/orangesyrup.json",
      			"expandedfoods:fruitsyrupportion-mango": "expandedfoods:shapes/item/food/bread/overlays/syrup/acornbread/mangosyrup.json",
      			"expandedfoods:fruitsyrupportion-breadfruit": "expandedfoods:shapes/item/food/bread/overlays/syrup/acornbread/breadfruitsyrup.json",
      			"expandedfoods:fruitsyrupportion-lychee": "expandedfoods:shapes/item/food/bread/overlays/syrup/acornbread/lycheesyrup.json",
      			"expandedfoods:fruitsyrupportion-pomegranate": "expandedfoods:shapes/item/food/bread/overlays/syrup/acornbread/pomegranatesyrup.json",
				"game:honeyportion": "expandedfoods:shapes/item/food/bread/overlays/syrup/acornbread/honey.json",
                        "expandedfoods:wildfruitsyrupportion-achacha": "expandedfoods:shapes/item/food/bread/overlays/syrup/acornbread/wildcraftfruit/achacha.json",
                        "expandedfoods:wildfruitsyrupportion-apricot": "expandedfoods:shapes/item/food/bread/overlays/syrup/acornbread/wildcraftfruit/apricot.json",
                        "expandedfoods:wildfruitsyrupportion-beachalmond": "expandedfoods:shapes/item/food/bread/overlays/syrup/acornbread/wildcraftfruit/beachalmond.json",
                        "expandedfoods:wildfruitsyrupportion-beautyberry": "expandedfoods:shapes/item/food/bread/overlays/syrup/acornbread/wildcraftfruit/beautyberry.json",
                        "expandedfoods:wildfruitsyrupportion-bitternightshade": "expandedfoods:shapes/item/food/bread/overlays/syrup/acornbread/wildcraftfruit/bitternightshade.json",
                        "expandedfoods:wildfruitsyrupportion-blacknightshade": "expandedfoods:shapes/item/food/bread/overlays/syrup/acornbread/wildcraftfruit/blacknightshade.json",
                        "expandedfoods:wildfruitsyrupportion-blacknightshadeunripe": "expandedfoods:shapes/item/food/bread/overlays/syrup/acornbread/wildcraftfruit/blacknightshadeunripe.json",
                        "expandedfoods:wildfruitsyrupportion-blueraspberry": "expandedfoods:shapes/item/food/bread/overlays/syrup/acornbread/wildcraftfruit/blueraspberry.json",
                        "expandedfoods:wildfruitsyrupportion-bluetongue": "expandedfoods:shapes/item/food/bread/overlays/syrup/acornbread/wildcraftfruit/bluetongue.json",
                        "expandedfoods:wildfruitsyrupportion-brambleberry": "expandedfoods:shapes/item/food/bread/overlays/syrup/acornbread/wildcraftfruit/brambleberry.json",
                        "expandedfoods:wildfruitsyrupportion-bunchberry": "expandedfoods:shapes/item/food/bread/overlays/syrup/acornbread/wildcraftfruit/bunchberry.json",
                        "expandedfoods:wildfruitsyrupportion-bushlawyer": "expandedfoods:shapes/item/food/bread/overlays/syrup/acornbread/wildcraftfruit/bushlawyer.json",
                        "expandedfoods:wildfruitsyrupportion-cashewapple": "expandedfoods:shapes/item/food/bread/overlays/syrup/acornbread/wildcraftfruit/cashewapple.json",
                        "expandedfoods:wildfruitsyrupportion-cheeseberry": "expandedfoods:shapes/item/food/bread/overlays/syrup/acornbread/wildcraftfruit/cheeseberry.json",
                        "expandedfoods:wildfruitsyrupportion-cherryplum": "expandedfoods:shapes/item/food/bread/overlays/syrup/acornbread/wildcraftfruit/cherryplum.json",
                        "expandedfoods:wildfruitsyrupportion-chinaberry": "expandedfoods:shapes/item/food/bread/overlays/syrup/acornbread/wildcraftfruit/chinaberry.json",
                        "expandedfoods:wildfruitsyrupportion-citron": "expandedfoods:shapes/item/food/bread/overlays/syrup/acornbread/wildcraftfruit/citron.json",
                        "expandedfoods:wildfruitsyrupportion-cloudberry": "expandedfoods:shapes/item/food/bread/overlays/syrup/acornbread/wildcraftfruit/cloudberry.json",
                        "expandedfoods:wildfruitsyrupportion-cocoa": "expandedfoods:shapes/item/food/bread/overlays/syrup/acornbread/wildcraftfruit/cocoa.json",
                        "expandedfoods:wildfruitsyrupportion-coralbead": "expandedfoods:shapes/item/food/bread/overlays/syrup/acornbread/wildcraftfruit/coralbead.json",
                        "expandedfoods:wildfruitsyrupportion-creepingpine": "expandedfoods:shapes/item/food/bread/overlays/syrup/acornbread/wildcraftfruit/creepingpine.json",
                        "expandedfoods:wildfruitsyrupportion-crowberry": "expandedfoods:shapes/item/food/bread/overlays/syrup/acornbread/wildcraftfruit/crowberry.json",
                        "expandedfoods:wildfruitsyrupportion-crowseye": "expandedfoods:shapes/item/food/bread/overlays/syrup/acornbread/wildcraftfruit/crowseye.json",
                        "expandedfoods:wildfruitsyrupportion-dogrose": "expandedfoods:shapes/item/food/bread/overlays/syrup/acornbread/wildcraftfruit/dogrose.json",
                        "expandedfoods:wildfruitsyrupportion-elderberry": "expandedfoods:shapes/item/food/bread/overlays/syrup/acornbread/wildcraftfruit/elderberry.json",
                        "expandedfoods:wildfruitsyrupportion-engkala": "expandedfoods:shapes/item/food/bread/overlays/syrup/acornbread/wildcraftfruit/engkala.json",
                        "expandedfoods:wildfruitsyrupportion-falseorange": "expandedfoods:shapes/item/food/bread/overlays/syrup/acornbread/wildcraftfruit/falseorange.json",
                        "expandedfoods:wildfruitsyrupportion-falsestrawberry": "expandedfoods:shapes/item/food/bread/overlays/syrup/acornbread/wildcraftfruit/falsestrawberry.json",
                        "expandedfoods:wildfruitsyrupportion-feijoa": "expandedfoods:shapes/item/food/bread/overlays/syrup/acornbread/wildcraftfruit/feijoa.json",
                        "expandedfoods:wildfruitsyrupportion-fig": "expandedfoods:shapes/item/food/bread/overlays/syrup/acornbread/wildcraftfruit/fig.json",
                        "expandedfoods:wildfruitsyrupportion-fingerlime": "expandedfoods:shapes/item/food/bread/overlays/syrup/acornbread/wildcraftfruit/fingerlime.json",
                        "expandedfoods:wildfruitsyrupportion-flaxlily": "expandedfoods:shapes/item/food/bread/overlays/syrup/acornbread/wildcraftfruit/flaxlily.json",
                        "expandedfoods:wildfruitsyrupportion-foxgrape": "expandedfoods:shapes/item/food/bread/overlays/syrup/acornbread/wildcraftfruit/foxgrape.json",
                        "expandedfoods:wildfruitsyrupportion-fractureberry": "expandedfoods:shapes/item/food/bread/overlays/syrup/acornbread/wildcraftfruit/fractureberry.json",
                        "expandedfoods:wildfruitsyrupportion-gardenstrawberry": "expandedfoods:shapes/item/food/bread/overlays/syrup/acornbread/wildcraftfruit/gardenstrawberry.json",
                        "expandedfoods:wildfruitsyrupportion-gooseberry": "expandedfoods:shapes/item/food/bread/overlays/syrup/acornbread/wildcraftfruit/gooseberry.json",
                        "expandedfoods:wildfruitsyrupportion-guajava": "expandedfoods:shapes/item/food/bread/overlays/syrup/acornbread/wildcraftfruit/guajava.json",
                        "expandedfoods:wildfruitsyrupportion-hawthorn": "expandedfoods:shapes/item/food/bread/overlays/syrup/acornbread/wildcraftfruit/hawthorn.json",
                        "expandedfoods:wildfruitsyrupportion-honeypots": "expandedfoods:shapes/item/food/bread/overlays/syrup/acornbread/wildcraftfruit/honeypots.json",
                        "expandedfoods:wildfruitsyrupportion-honeysuckle": "expandedfoods:shapes/item/food/bread/overlays/syrup/acornbread/wildcraftfruit/honeysuckle.json",
                        "expandedfoods:wildfruitsyrupportion-huckleberry": "expandedfoods:shapes/item/food/bread/overlays/syrup/acornbread/wildcraftfruit/huckleberry.json",
                        "expandedfoods:wildfruitsyrupportion-husktomato": "expandedfoods:shapes/item/food/bread/overlays/syrup/acornbread/wildcraftfruit/usktomato.json",
                        "expandedfoods:wildfruitsyrupportion-illawarra": "expandedfoods:shapes/item/food/bread/overlays/syrup/acornbread/wildcraftfruit/illawarra.json",
                        "expandedfoods:wildfruitsyrupportion-jujube": "expandedfoods:shapes/item/food/bread/overlays/syrup/acornbread/wildcraftfruit/jujube.json",
                        "expandedfoods:wildfruitsyrupportion-juniper": "expandedfoods:shapes/item/food/bread/overlays/syrup/acornbread/wildcraftfruit/juniper.json",
                        "expandedfoods:wildfruitsyrupportion-kakaha": "expandedfoods:shapes/item/food/bread/overlays/syrup/acornbread/wildcraftfruit/kakaha.json",
                        "expandedfoods:wildfruitsyrupportion-kawakawa": "expandedfoods:shapes/item/food/bread/overlays/syrup/acornbread/wildcraftfruit/kawakawa.json",
                        "expandedfoods:wildfruitsyrupportion-knyazberry": "expandedfoods:shapes/item/food/bread/overlays/syrup/acornbread/wildcraftfruit/knyazberry.json",
                        "expandedfoods:wildfruitsyrupportion-kumquat": "expandedfoods:shapes/item/food/bread/overlays/syrup/acornbread/wildcraftfruit/kumquat.json",
                        "expandedfoods:wildfruitsyrupportion-lemonaspen": "expandedfoods:shapes/item/food/bread/overlays/syrup/acornbread/wildcraftfruit/lemonaspen.json",
                        "expandedfoods:wildfruitsyrupportion-lillypillypink": "expandedfoods:shapes/item/food/bread/overlays/syrup/acornbread/wildcraftfruit/lillypillypink.json",
                        "expandedfoods:wildfruitsyrupportion-lingonberry": "expandedfoods:shapes/item/food/bread/overlays/syrup/acornbread/wildcraftfruit/lingonberry.json",
                        "expandedfoods:wildfruitsyrupportion-loquat": "expandedfoods:shapes/item/food/bread/overlays/syrup/acornbread/wildcraftfruit/loquat.json",
                        "expandedfoods:wildfruitsyrupportion-midyimberry": "expandedfoods:shapes/item/food/bread/overlays/syrup/acornbread/wildcraftfruit/midyimberry.json",
                        "expandedfoods:wildfruitsyrupportion-mingimingi": "expandedfoods:shapes/item/food/bread/overlays/syrup/acornbread/wildcraftfruit/mingimingi.json",
                        "expandedfoods:wildfruitsyrupportion-munthari": "expandedfoods:shapes/item/food/bread/overlays/syrup/acornbread/wildcraftfruit/munthari.json",
                        "expandedfoods:wildfruitsyrupportion-naranjilla": "expandedfoods:shapes/item/food/bread/overlays/syrup/acornbread/wildcraftfruit/naranjilla.json",
                        "expandedfoods:wildfruitsyrupportion-numnum": "expandedfoods:shapes/item/food/bread/overlays/syrup/acornbread/wildcraftfruit/numnum.json",
                        "expandedfoods:wildfruitsyrupportion-pandanbits": "expandedfoods:shapes/item/food/bread/overlays/syrup/acornbread/wildcraftfruit/pandanbits.json",
                        "expandedfoods:wildfruitsyrupportion-pilo": "expandedfoods:shapes/item/food/bread/overlays/syrup/acornbread/wildcraftfruit/pilo.json",
                        "expandedfoods:wildfruitsyrupportion-pineheath": "expandedfoods:shapes/item/food/bread/overlays/syrup/acornbread/wildcraftfruit/pineheath.json",
                        "expandedfoods:wildfruitsyrupportion-pokeberry": "expandedfoods:shapes/item/food/bread/overlays/syrup/acornbread/wildcraftfruit/pokeberry.json",
                        "expandedfoods:wildfruitsyrupportion-pomelo": "expandedfoods:shapes/item/food/bread/overlays/syrup/acornbread/wildcraftfruit/pomelo.json",
                        "expandedfoods:wildfruitsyrupportion-pricklyheath": "expandedfoods:shapes/item/food/bread/overlays/syrup/acornbread/wildcraftfruit/pricklyheath.json",
                        "expandedfoods:wildfruitsyrupportion-purpleplum": "expandedfoods:shapes/item/food/bread/overlays/syrup/acornbread/wildcraftfruit/purpleplum.json",
                        "expandedfoods:wildfruitsyrupportion-quince": "expandedfoods:shapes/item/food/bread/overlays/syrup/acornbread/wildcraftfruit/quince.json",
                        "expandedfoods:wildfruitsyrupportion-raspberry": "expandedfoods:shapes/item/food/bread/overlays/syrup/acornbread/wildcraftfruit/raspberry.json",
                        "expandedfoods:wildfruitsyrupportion-redgrape": "expandedfoods:shapes/item/food/bread/overlays/syrup/acornbread/wildcraftfruit/redgrape.json",
                        "expandedfoods:wildfruitsyrupportion-redquandong": "expandedfoods:shapes/item/food/bread/overlays/syrup/acornbread/wildcraftfruit/redquandong.json",
                        "expandedfoods:wildfruitsyrupportion-roseapple": "expandedfoods:shapes/item/food/bread/overlays/syrup/acornbread/wildcraftfruit/roseapple.json",
                        "expandedfoods:wildfruitsyrupportion-rowanberry": "expandedfoods:shapes/item/food/bread/overlays/syrup/acornbread/wildcraftfruit/rowanberry.json",
                        "expandedfoods:wildfruitsyrupportion-rubysaltbush": "expandedfoods:shapes/item/food/bread/overlays/syrup/acornbread/wildcraftfruit/rubysaltbush.json",
                        "expandedfoods:wildfruitsyrupportion-sallowthorn": "expandedfoods:shapes/item/food/bread/overlays/syrup/acornbread/wildcraftfruit/sallowthorn.json",
                        "expandedfoods:wildfruitsyrupportion-seamango": "expandedfoods:shapes/item/food/bread/overlays/syrup/acornbread/wildcraftfruit/seamango.json",
                        "expandedfoods:wildfruitsyrupportion-silvernettle": "expandedfoods:shapes/item/food/bread/overlays/syrup/acornbread/wildcraftfruit/silvernettle.json",
                        "expandedfoods:wildfruitsyrupportion-snowberry": "expandedfoods:shapes/item/food/bread/overlays/syrup/acornbread/wildcraftfruit/snowberry.json",
                        "expandedfoods:wildfruitsyrupportion-spindle": "expandedfoods:shapes/item/food/bread/overlays/syrup/acornbread/wildcraftfruit/spindle.json",
                        "expandedfoods:wildfruitsyrupportion-strawberry": "expandedfoods:shapes/item/food/bread/overlays/syrup/acornbread/wildcraftfruit/strawberry.json",
                        "expandedfoods:wildfruitsyrupportion-sumac": "expandedfoods:shapes/item/food/bread/overlays/syrup/acornbread/wildcraftfruit/sumac.json",
                        "expandedfoods:wildfruitsyrupportion-turkscap": "expandedfoods:shapes/item/food/bread/overlays/syrup/acornbread/wildcraftfruit/turkscap.json",
                        "expandedfoods:wildfruitsyrupportion-ugni": "expandedfoods:shapes/item/food/bread/overlays/syrup/acornbread/wildcraftfruit/ugni.json",
                        "expandedfoods:wildfruitsyrupportion-virgingrape": "expandedfoods:shapes/item/food/bread/overlays/syrup/acornbread/wildcraftfruit/virgingrape.json",
                        "expandedfoods:wildfruitsyrupportion-whitegrape": "expandedfoods:shapes/item/food/bread/overlays/syrup/acornbread/wildcraftfruit/whitegrape.json",
                        "expandedfoods:wildfruitsyrupportion-wolfberry": "expandedfoods:shapes/item/food/bread/overlays/syrup/acornbread/wildcraftfruit/wolfberry.json",
			},
			"*-syrup": {
      			"game:flour-*" : "game:shapes/item/food/bread/acornamaranthbread.json",
				"expandedfoods:peanutliquid-paste": "expandedfoods:shapes/item/food/bread/overlays/syrup/acornbread/peanutbutter.json",
				"expandedfoods:treesyrupportion-birch": "expandedfoods:shapes/item/food/bread/overlays/syrup/acornbread/birchsyrup.json",
				"expandedfoods:treesyrupportion-maple": "expandedfoods:shapes/item/food/bread/overlays/syrup/acornbread/maplesyrup.json",
				"expandedfoods:fruitsyrupportion-blueberry": "expandedfoods:shapes/item/food/bread/overlays/syrup/acornbread/blueberrysyrup.json",
      			"expandedfoods:fruitsyrupportion-cranberry": "expandedfoods:shapes/item/food/bread/overlays/syrup/acornbread/cranberrysyrup.json",
      			"expandedfoods:fruitsyrupportion-redcurrant": "expandedfoods:shapes/item/food/bread/overlays/syrup/acornbread/redcurrantsyrup.json",
      			"expandedfoods:fruitsyrupportion-blackcurrant": "expandedfoods:shapes/item/food/bread/overlays/syrup/acornbread/blackcurrantsyrup.json",
      			"expandedfoods:fruitsyrupportion-whitecurrant": "expandedfoods:shapes/item/food/bread/overlays/syrup/acornbread/whitecurrantsyrup.json",
      			"expandedfoods:fruitsyrupportion-pineapple": "expandedfoods:shapes/item/food/bread/overlays/syrup/acornbread/pineapplesyrup.json",
      			"expandedfoods:fruitsyrupportion-saguaro": "expandedfoods:shapes/item/food/bread/overlays/syrup/acornbread/saguarosyrup.json",
      			"expandedfoods:fruitsyrupportion-apple": "expandedfoods:shapes/item/food/bread/overlays/syrup/acornbread/applesyrup.json",
      			"expandedfoods:fruitsyrupportion-cherry": "expandedfoods:shapes/item/food/bread/overlays/syrup/acornbread/cherrysyrup.json",
      			"expandedfoods:fruitsyrupportion-peach": "expandedfoods:shapes/item/food/bread/overlays/syrup/acornbread/peachsyrup.json",
      			"expandedfoods:fruitsyrupportion-pear": "expandedfoods:shapes/item/food/bread/overlays/syrup/acornbread/pearsyrup.json",
      			"expandedfoods:fruitsyrupportion-orange": "expandedfoods:shapes/item/food/bread/overlays/syrup/acornbread/orangesyrup.json",
      			"expandedfoods:fruitsyrupportion-mango": "expandedfoods:shapes/item/food/bread/overlays/syrup/acornbread/mangosyrup.json",
      			"expandedfoods:fruitsyrupportion-breadfruit": "expandedfoods:shapes/item/food/bread/overlays/syrup/acornbread/breadfruitsyrup.json",
      			"expandedfoods:fruitsyrupportion-lychee": "expandedfoods:shapes/item/food/bread/overlays/syrup/acornbread/lycheesyrup.json",
      			"expandedfoods:fruitsyrupportion-pomegranate": "expandedfoods:shapes/item/food/bread/overlays/syrup/acornbread/pomegranatesyrup.json",
				"game:honeyportion": "expandedfoods:shapes/item/food/bread/overlays/syrup/acornbread/honey.json",
                        "expandedfoods:wildfruitsyrupportion-achacha": "expandedfoods:shapes/item/food/bread/overlays/syrup/acornbread/wildcraftfruit/achacha.json",
                        "expandedfoods:wildfruitsyrupportion-apricot": "expandedfoods:shapes/item/food/bread/overlays/syrup/acornbread/wildcraftfruit/apricot.json",
                        "expandedfoods:wildfruitsyrupportion-beachalmond": "expandedfoods:shapes/item/food/bread/overlays/syrup/acornbread/wildcraftfruit/beachalmond.json",
                        "expandedfoods:wildfruitsyrupportion-beautyberry": "expandedfoods:shapes/item/food/bread/overlays/syrup/acornbread/wildcraftfruit/beautyberry.json",
                        "expandedfoods:wildfruitsyrupportion-bitternightshade": "expandedfoods:shapes/item/food/bread/overlays/syrup/acornbread/wildcraftfruit/bitternightshade.json",
                        "expandedfoods:wildfruitsyrupportion-blacknightshade": "expandedfoods:shapes/item/food/bread/overlays/syrup/acornbread/wildcraftfruit/blacknightshade.json",
                        "expandedfoods:wildfruitsyrupportion-blacknightshadeunripe": "expandedfoods:shapes/item/food/bread/overlays/syrup/acornbread/wildcraftfruit/blacknightshadeunripe.json",
                        "expandedfoods:wildfruitsyrupportion-blueraspberry": "expandedfoods:shapes/item/food/bread/overlays/syrup/acornbread/wildcraftfruit/blueraspberry.json",
                        "expandedfoods:wildfruitsyrupportion-bluetongue": "expandedfoods:shapes/item/food/bread/overlays/syrup/acornbread/wildcraftfruit/bluetongue.json",
                        "expandedfoods:wildfruitsyrupportion-brambleberry": "expandedfoods:shapes/item/food/bread/overlays/syrup/acornbread/wildcraftfruit/brambleberry.json",
                        "expandedfoods:wildfruitsyrupportion-bunchberry": "expandedfoods:shapes/item/food/bread/overlays/syrup/acornbread/wildcraftfruit/bunchberry.json",
                        "expandedfoods:wildfruitsyrupportion-bushlawyer": "expandedfoods:shapes/item/food/bread/overlays/syrup/acornbread/wildcraftfruit/bushlawyer.json",
                        "expandedfoods:wildfruitsyrupportion-cashewapple": "expandedfoods:shapes/item/food/bread/overlays/syrup/acornbread/wildcraftfruit/cashewapple.json",
                        "expandedfoods:wildfruitsyrupportion-cheeseberry": "expandedfoods:shapes/item/food/bread/overlays/syrup/acornbread/wildcraftfruit/cheeseberry.json",
                        "expandedfoods:wildfruitsyrupportion-cherryplum": "expandedfoods:shapes/item/food/bread/overlays/syrup/acornbread/wildcraftfruit/cherryplum.json",
                        "expandedfoods:wildfruitsyrupportion-chinaberry": "expandedfoods:shapes/item/food/bread/overlays/syrup/acornbread/wildcraftfruit/chinaberry.json",
                        "expandedfoods:wildfruitsyrupportion-citron": "expandedfoods:shapes/item/food/bread/overlays/syrup/acornbread/wildcraftfruit/citron.json",
                        "expandedfoods:wildfruitsyrupportion-cloudberry": "expandedfoods:shapes/item/food/bread/overlays/syrup/acornbread/wildcraftfruit/cloudberry.json",
                        "expandedfoods:wildfruitsyrupportion-cocoa": "expandedfoods:shapes/item/food/bread/overlays/syrup/acornbread/wildcraftfruit/cocoa.json",
                        "expandedfoods:wildfruitsyrupportion-coralbead": "expandedfoods:shapes/item/food/bread/overlays/syrup/acornbread/wildcraftfruit/coralbead.json",
                        "expandedfoods:wildfruitsyrupportion-creepingpine": "expandedfoods:shapes/item/food/bread/overlays/syrup/acornbread/wildcraftfruit/creepingpine.json",
                        "expandedfoods:wildfruitsyrupportion-crowberry": "expandedfoods:shapes/item/food/bread/overlays/syrup/acornbread/wildcraftfruit/crowberry.json",
                        "expandedfoods:wildfruitsyrupportion-crowseye": "expandedfoods:shapes/item/food/bread/overlays/syrup/acornbread/wildcraftfruit/crowseye.json",
                        "expandedfoods:wildfruitsyrupportion-dogrose": "expandedfoods:shapes/item/food/bread/overlays/syrup/acornbread/wildcraftfruit/dogrose.json",
                        "expandedfoods:wildfruitsyrupportion-elderberry": "expandedfoods:shapes/item/food/bread/overlays/syrup/acornbread/wildcraftfruit/elderberry.json",
                        "expandedfoods:wildfruitsyrupportion-engkala": "expandedfoods:shapes/item/food/bread/overlays/syrup/acornbread/wildcraftfruit/engkala.json",
                        "expandedfoods:wildfruitsyrupportion-falseorange": "expandedfoods:shapes/item/food/bread/overlays/syrup/acornbread/wildcraftfruit/falseorange.json",
                        "expandedfoods:wildfruitsyrupportion-falsestrawberry": "expandedfoods:shapes/item/food/bread/overlays/syrup/acornbread/wildcraftfruit/falsestrawberry.json",
                        "expandedfoods:wildfruitsyrupportion-feijoa": "expandedfoods:shapes/item/food/bread/overlays/syrup/acornbread/wildcraftfruit/feijoa.json",
                        "expandedfoods:wildfruitsyrupportion-fig": "expandedfoods:shapes/item/food/bread/overlays/syrup/acornbread/wildcraftfruit/fig.json",
                        "expandedfoods:wildfruitsyrupportion-fingerlime": "expandedfoods:shapes/item/food/bread/overlays/syrup/acornbread/wildcraftfruit/fingerlime.json",
                        "expandedfoods:wildfruitsyrupportion-flaxlily": "expandedfoods:shapes/item/food/bread/overlays/syrup/acornbread/wildcraftfruit/flaxlily.json",
                        "expandedfoods:wildfruitsyrupportion-foxgrape": "expandedfoods:shapes/item/food/bread/overlays/syrup/acornbread/wildcraftfruit/foxgrape.json",
                        "expandedfoods:wildfruitsyrupportion-fractureberry": "expandedfoods:shapes/item/food/bread/overlays/syrup/acornbread/wildcraftfruit/fractureberry.json",
                        "expandedfoods:wildfruitsyrupportion-gardenstrawberry": "expandedfoods:shapes/item/food/bread/overlays/syrup/acornbread/wildcraftfruit/gardenstrawberry.json",
                        "expandedfoods:wildfruitsyrupportion-gooseberry": "expandedfoods:shapes/item/food/bread/overlays/syrup/acornbread/wildcraftfruit/gooseberry.json",
                        "expandedfoods:wildfruitsyrupportion-guajava": "expandedfoods:shapes/item/food/bread/overlays/syrup/acornbread/wildcraftfruit/guajava.json",
                        "expandedfoods:wildfruitsyrupportion-hawthorn": "expandedfoods:shapes/item/food/bread/overlays/syrup/acornbread/wildcraftfruit/hawthorn.json",
                        "expandedfoods:wildfruitsyrupportion-honeypots": "expandedfoods:shapes/item/food/bread/overlays/syrup/acornbread/wildcraftfruit/honeypots.json",
                        "expandedfoods:wildfruitsyrupportion-honeysuckle": "expandedfoods:shapes/item/food/bread/overlays/syrup/acornbread/wildcraftfruit/honeysuckle.json",
                        "expandedfoods:wildfruitsyrupportion-huckleberry": "expandedfoods:shapes/item/food/bread/overlays/syrup/acornbread/wildcraftfruit/huckleberry.json",
                        "expandedfoods:wildfruitsyrupportion-husktomato": "expandedfoods:shapes/item/food/bread/overlays/syrup/acornbread/wildcraftfruit/usktomato.json",
                        "expandedfoods:wildfruitsyrupportion-illawarra": "expandedfoods:shapes/item/food/bread/overlays/syrup/acornbread/wildcraftfruit/illawarra.json",
                        "expandedfoods:wildfruitsyrupportion-jujube": "expandedfoods:shapes/item/food/bread/overlays/syrup/acornbread/wildcraftfruit/jujube.json",
                        "expandedfoods:wildfruitsyrupportion-juniper": "expandedfoods:shapes/item/food/bread/overlays/syrup/acornbread/wildcraftfruit/juniper.json",
                        "expandedfoods:wildfruitsyrupportion-kakaha": "expandedfoods:shapes/item/food/bread/overlays/syrup/acornbread/wildcraftfruit/kakaha.json",
                        "expandedfoods:wildfruitsyrupportion-kawakawa": "expandedfoods:shapes/item/food/bread/overlays/syrup/acornbread/wildcraftfruit/kawakawa.json",
                        "expandedfoods:wildfruitsyrupportion-knyazberry": "expandedfoods:shapes/item/food/bread/overlays/syrup/acornbread/wildcraftfruit/knyazberry.json",
                        "expandedfoods:wildfruitsyrupportion-kumquat": "expandedfoods:shapes/item/food/bread/overlays/syrup/acornbread/wildcraftfruit/kumquat.json",
                        "expandedfoods:wildfruitsyrupportion-lemonaspen": "expandedfoods:shapes/item/food/bread/overlays/syrup/acornbread/wildcraftfruit/lemonaspen.json",
                        "expandedfoods:wildfruitsyrupportion-lillypillypink": "expandedfoods:shapes/item/food/bread/overlays/syrup/acornbread/wildcraftfruit/lillypillypink.json",
                        "expandedfoods:wildfruitsyrupportion-lingonberry": "expandedfoods:shapes/item/food/bread/overlays/syrup/acornbread/wildcraftfruit/lingonberry.json",
                        "expandedfoods:wildfruitsyrupportion-loquat": "expandedfoods:shapes/item/food/bread/overlays/syrup/acornbread/wildcraftfruit/loquat.json",
                        "expandedfoods:wildfruitsyrupportion-midyimberry": "expandedfoods:shapes/item/food/bread/overlays/syrup/acornbread/wildcraftfruit/midyimberry.json",
                        "expandedfoods:wildfruitsyrupportion-mingimingi": "expandedfoods:shapes/item/food/bread/overlays/syrup/acornbread/wildcraftfruit/mingimingi.json",
                        "expandedfoods:wildfruitsyrupportion-munthari": "expandedfoods:shapes/item/food/bread/overlays/syrup/acornbread/wildcraftfruit/munthari.json",
                        "expandedfoods:wildfruitsyrupportion-naranjilla": "expandedfoods:shapes/item/food/bread/overlays/syrup/acornbread/wildcraftfruit/naranjilla.json",
                        "expandedfoods:wildfruitsyrupportion-numnum": "expandedfoods:shapes/item/food/bread/overlays/syrup/acornbread/wildcraftfruit/numnum.json",
                        "expandedfoods:wildfruitsyrupportion-pandanbits": "expandedfoods:shapes/item/food/bread/overlays/syrup/acornbread/wildcraftfruit/pandanbits.json",
                        "expandedfoods:wildfruitsyrupportion-pilo": "expandedfoods:shapes/item/food/bread/overlays/syrup/acornbread/wildcraftfruit/pilo.json",
                        "expandedfoods:wildfruitsyrupportion-pineheath": "expandedfoods:shapes/item/food/bread/overlays/syrup/acornbread/wildcraftfruit/pineheath.json",
                        "expandedfoods:wildfruitsyrupportion-pokeberry": "expandedfoods:shapes/item/food/bread/overlays/syrup/acornbread/wildcraftfruit/pokeberry.json",
                        "expandedfoods:wildfruitsyrupportion-pomelo": "expandedfoods:shapes/item/food/bread/overlays/syrup/acornbread/wildcraftfruit/pomelo.json",
                        "expandedfoods:wildfruitsyrupportion-pricklyheath": "expandedfoods:shapes/item/food/bread/overlays/syrup/acornbread/wildcraftfruit/pricklyheath.json",
                        "expandedfoods:wildfruitsyrupportion-purpleplum": "expandedfoods:shapes/item/food/bread/overlays/syrup/acornbread/wildcraftfruit/purpleplum.json",
                        "expandedfoods:wildfruitsyrupportion-quince": "expandedfoods:shapes/item/food/bread/overlays/syrup/acornbread/wildcraftfruit/quince.json",
                        "expandedfoods:wildfruitsyrupportion-raspberry": "expandedfoods:shapes/item/food/bread/overlays/syrup/acornbread/wildcraftfruit/raspberry.json",
                        "expandedfoods:wildfruitsyrupportion-redgrape": "expandedfoods:shapes/item/food/bread/overlays/syrup/acornbread/wildcraftfruit/redgrape.json",
                        "expandedfoods:wildfruitsyrupportion-redquandong": "expandedfoods:shapes/item/food/bread/overlays/syrup/acornbread/wildcraftfruit/redquandong.json",
                        "expandedfoods:wildfruitsyrupportion-roseapple": "expandedfoods:shapes/item/food/bread/overlays/syrup/acornbread/wildcraftfruit/roseapple.json",
                        "expandedfoods:wildfruitsyrupportion-rowanberry": "expandedfoods:shapes/item/food/bread/overlays/syrup/acornbread/wildcraftfruit/rowanberry.json",
                        "expandedfoods:wildfruitsyrupportion-rubysaltbush": "expandedfoods:shapes/item/food/bread/overlays/syrup/acornbread/wildcraftfruit/rubysaltbush.json",
                        "expandedfoods:wildfruitsyrupportion-sallowthorn": "expandedfoods:shapes/item/food/bread/overlays/syrup/acornbread/wildcraftfruit/sallowthorn.json",
                        "expandedfoods:wildfruitsyrupportion-seamango": "expandedfoods:shapes/item/food/bread/overlays/syrup/acornbread/wildcraftfruit/seamango.json",
                        "expandedfoods:wildfruitsyrupportion-silvernettle": "expandedfoods:shapes/item/food/bread/overlays/syrup/acornbread/wildcraftfruit/silvernettle.json",
                        "expandedfoods:wildfruitsyrupportion-snowberry": "expandedfoods:shapes/item/food/bread/overlays/syrup/acornbread/wildcraftfruit/snowberry.json",
                        "expandedfoods:wildfruitsyrupportion-spindle": "expandedfoods:shapes/item/food/bread/overlays/syrup/acornbread/wildcraftfruit/spindle.json",
                        "expandedfoods:wildfruitsyrupportion-strawberry": "expandedfoods:shapes/item/food/bread/overlays/syrup/acornbread/wildcraftfruit/strawberry.json",
                        "expandedfoods:wildfruitsyrupportion-sumac": "expandedfoods:shapes/item/food/bread/overlays/syrup/acornbread/wildcraftfruit/sumac.json",
                        "expandedfoods:wildfruitsyrupportion-turkscap": "expandedfoods:shapes/item/food/bread/overlays/syrup/acornbread/wildcraftfruit/turkscap.json",
                        "expandedfoods:wildfruitsyrupportion-ugni": "expandedfoods:shapes/item/food/bread/overlays/syrup/acornbread/wildcraftfruit/ugni.json",
                        "expandedfoods:wildfruitsyrupportion-virgingrape": "expandedfoods:shapes/item/food/bread/overlays/syrup/acornbread/wildcraftfruit/virgingrape.json",
                        "expandedfoods:wildfruitsyrupportion-whitegrape": "expandedfoods:shapes/item/food/bread/overlays/syrup/acornbread/wildcraftfruit/whitegrape.json",
                        "expandedfoods:wildfruitsyrupportion-wolfberry": "expandedfoods:shapes/item/food/bread/overlays/syrup/acornbread/wildcraftfruit/wolfberry.json",
			},
			"*-syrupcharred": {
      			"game:flour-*" : "game:shapes/item/food/bread/acornamaranthbread.json",
				"expandedfoods:peanutliquid-paste": "expandedfoods:shapes/item/food/bread/overlays/syrup/acornbread/peanutbutter.json",
				"expandedfoods:treesyrupportion-birch": "expandedfoods:shapes/item/food/bread/overlays/syrup/acornbread/birchsyrup.json",
				"expandedfoods:treesyrupportion-maple": "expandedfoods:shapes/item/food/bread/overlays/syrup/acornbread/maplesyrup.json",
				"expandedfoods:fruitsyrupportion-blueberry": "expandedfoods:shapes/item/food/bread/overlays/syrup/acornbread/blueberrysyrup.json",
      			"expandedfoods:fruitsyrupportion-cranberry": "expandedfoods:shapes/item/food/bread/overlays/syrup/acornbread/cranberrysyrup.json",
      			"expandedfoods:fruitsyrupportion-redcurrant": "expandedfoods:shapes/item/food/bread/overlays/syrup/acornbread/redcurrantsyrup.json",
      			"expandedfoods:fruitsyrupportion-blackcurrant": "expandedfoods:shapes/item/food/bread/overlays/syrup/acornbread/blackcurrantsyrup.json",
      			"expandedfoods:fruitsyrupportion-whitecurrant": "expandedfoods:shapes/item/food/bread/overlays/syrup/acornbread/whitecurrantsyrup.json",
      			"expandedfoods:fruitsyrupportion-pineapple": "expandedfoods:shapes/item/food/bread/overlays/syrup/acornbread/pineapplesyrup.json",
      			"expandedfoods:fruitsyrupportion-saguaro": "expandedfoods:shapes/item/food/bread/overlays/syrup/acornbread/saguarosyrup.json",
      			"expandedfoods:fruitsyrupportion-apple": "expandedfoods:shapes/item/food/bread/overlays/syrup/acornbread/applesyrup.json",
      			"expandedfoods:fruitsyrupportion-cherry": "expandedfoods:shapes/item/food/bread/overlays/syrup/acornbread/cherrysyrup.json",
      			"expandedfoods:fruitsyrupportion-peach": "expandedfoods:shapes/item/food/bread/overlays/syrup/acornbread/peachsyrup.json",
      			"expandedfoods:fruitsyrupportion-pear": "expandedfoods:shapes/item/food/bread/overlays/syrup/acornbread/pearsyrup.json",
      			"expandedfoods:fruitsyrupportion-orange": "expandedfoods:shapes/item/food/bread/overlays/syrup/acornbread/orangesyrup.json",
      			"expandedfoods:fruitsyrupportion-mango": "expandedfoods:shapes/item/food/bread/overlays/syrup/acornbread/mangosyrup.json",
      			"expandedfoods:fruitsyrupportion-breadfruit": "expandedfoods:shapes/item/food/bread/overlays/syrup/acornbread/breadfruitsyrup.json",
      			"expandedfoods:fruitsyrupportion-lychee": "expandedfoods:shapes/item/food/bread/overlays/syrup/acornbread/lycheesyrup.json",
      			"expandedfoods:fruitsyrupportion-pomegranate": "expandedfoods:shapes/item/food/bread/overlays/syrup/acornbread/pomegranatesyrup.json",
				"game:honeyportion": "expandedfoods:shapes/item/food/bread/overlays/syrup/acornbread/honey.json",
                        "expandedfoods:wildfruitsyrupportion-achacha": "expandedfoods:shapes/item/food/bread/overlays/syrup/acornbread/wildcraftfruit/achacha.json",
                        "expandedfoods:wildfruitsyrupportion-apricot": "expandedfoods:shapes/item/food/bread/overlays/syrup/acornbread/wildcraftfruit/apricot.json",
                        "expandedfoods:wildfruitsyrupportion-beachalmond": "expandedfoods:shapes/item/food/bread/overlays/syrup/acornbread/wildcraftfruit/beachalmond.json",
                        "expandedfoods:wildfruitsyrupportion-beautyberry": "expandedfoods:shapes/item/food/bread/overlays/syrup/acornbread/wildcraftfruit/beautyberry.json",
                        "expandedfoods:wildfruitsyrupportion-bitternightshade": "expandedfoods:shapes/item/food/bread/overlays/syrup/acornbread/wildcraftfruit/bitternightshade.json",
                        "expandedfoods:wildfruitsyrupportion-blacknightshade": "expandedfoods:shapes/item/food/bread/overlays/syrup/acornbread/wildcraftfruit/blacknightshade.json",
                        "expandedfoods:wildfruitsyrupportion-blacknightshadeunripe": "expandedfoods:shapes/item/food/bread/overlays/syrup/acornbread/wildcraftfruit/blacknightshadeunripe.json",
                        "expandedfoods:wildfruitsyrupportion-blueraspberry": "expandedfoods:shapes/item/food/bread/overlays/syrup/acornbread/wildcraftfruit/blueraspberry.json",
                        "expandedfoods:wildfruitsyrupportion-bluetongue": "expandedfoods:shapes/item/food/bread/overlays/syrup/acornbread/wildcraftfruit/bluetongue.json",
                        "expandedfoods:wildfruitsyrupportion-brambleberry": "expandedfoods:shapes/item/food/bread/overlays/syrup/acornbread/wildcraftfruit/brambleberry.json",
                        "expandedfoods:wildfruitsyrupportion-bunchberry": "expandedfoods:shapes/item/food/bread/overlays/syrup/acornbread/wildcraftfruit/bunchberry.json",
                        "expandedfoods:wildfruitsyrupportion-bushlawyer": "expandedfoods:shapes/item/food/bread/overlays/syrup/acornbread/wildcraftfruit/bushlawyer.json",
                        "expandedfoods:wildfruitsyrupportion-cashewapple": "expandedfoods:shapes/item/food/bread/overlays/syrup/acornbread/wildcraftfruit/cashewapple.json",
                        "expandedfoods:wildfruitsyrupportion-cheeseberry": "expandedfoods:shapes/item/food/bread/overlays/syrup/acornbread/wildcraftfruit/cheeseberry.json",
                        "expandedfoods:wildfruitsyrupportion-cherryplum": "expandedfoods:shapes/item/food/bread/overlays/syrup/acornbread/wildcraftfruit/cherryplum.json",
                        "expandedfoods:wildfruitsyrupportion-chinaberry": "expandedfoods:shapes/item/food/bread/overlays/syrup/acornbread/wildcraftfruit/chinaberry.json",
                        "expandedfoods:wildfruitsyrupportion-citron": "expandedfoods:shapes/item/food/bread/overlays/syrup/acornbread/wildcraftfruit/citron.json",
                        "expandedfoods:wildfruitsyrupportion-cloudberry": "expandedfoods:shapes/item/food/bread/overlays/syrup/acornbread/wildcraftfruit/cloudberry.json",
                        "expandedfoods:wildfruitsyrupportion-cocoa": "expandedfoods:shapes/item/food/bread/overlays/syrup/acornbread/wildcraftfruit/cocoa.json",
                        "expandedfoods:wildfruitsyrupportion-coralbead": "expandedfoods:shapes/item/food/bread/overlays/syrup/acornbread/wildcraftfruit/coralbead.json",
                        "expandedfoods:wildfruitsyrupportion-creepingpine": "expandedfoods:shapes/item/food/bread/overlays/syrup/acornbread/wildcraftfruit/creepingpine.json",
                        "expandedfoods:wildfruitsyrupportion-crowberry": "expandedfoods:shapes/item/food/bread/overlays/syrup/acornbread/wildcraftfruit/crowberry.json",
                        "expandedfoods:wildfruitsyrupportion-crowseye": "expandedfoods:shapes/item/food/bread/overlays/syrup/acornbread/wildcraftfruit/crowseye.json",
                        "expandedfoods:wildfruitsyrupportion-dogrose": "expandedfoods:shapes/item/food/bread/overlays/syrup/acornbread/wildcraftfruit/dogrose.json",
                        "expandedfoods:wildfruitsyrupportion-elderberry": "expandedfoods:shapes/item/food/bread/overlays/syrup/acornbread/wildcraftfruit/elderberry.json",
                        "expandedfoods:wildfruitsyrupportion-engkala": "expandedfoods:shapes/item/food/bread/overlays/syrup/acornbread/wildcraftfruit/engkala.json",
                        "expandedfoods:wildfruitsyrupportion-falseorange": "expandedfoods:shapes/item/food/bread/overlays/syrup/acornbread/wildcraftfruit/falseorange.json",
                        "expandedfoods:wildfruitsyrupportion-falsestrawberry": "expandedfoods:shapes/item/food/bread/overlays/syrup/acornbread/wildcraftfruit/falsestrawberry.json",
                        "expandedfoods:wildfruitsyrupportion-feijoa": "expandedfoods:shapes/item/food/bread/overlays/syrup/acornbread/wildcraftfruit/feijoa.json",
                        "expandedfoods:wildfruitsyrupportion-fig": "expandedfoods:shapes/item/food/bread/overlays/syrup/acornbread/wildcraftfruit/fig.json",
                        "expandedfoods:wildfruitsyrupportion-fingerlime": "expandedfoods:shapes/item/food/bread/overlays/syrup/acornbread/wildcraftfruit/fingerlime.json",
                        "expandedfoods:wildfruitsyrupportion-flaxlily": "expandedfoods:shapes/item/food/bread/overlays/syrup/acornbread/wildcraftfruit/flaxlily.json",
                        "expandedfoods:wildfruitsyrupportion-foxgrape": "expandedfoods:shapes/item/food/bread/overlays/syrup/acornbread/wildcraftfruit/foxgrape.json",
                        "expandedfoods:wildfruitsyrupportion-fractureberry": "expandedfoods:shapes/item/food/bread/overlays/syrup/acornbread/wildcraftfruit/fractureberry.json",
                        "expandedfoods:wildfruitsyrupportion-gardenstrawberry": "expandedfoods:shapes/item/food/bread/overlays/syrup/acornbread/wildcraftfruit/gardenstrawberry.json",
                        "expandedfoods:wildfruitsyrupportion-gooseberry": "expandedfoods:shapes/item/food/bread/overlays/syrup/acornbread/wildcraftfruit/gooseberry.json",
                        "expandedfoods:wildfruitsyrupportion-guajava": "expandedfoods:shapes/item/food/bread/overlays/syrup/acornbread/wildcraftfruit/guajava.json",
                        "expandedfoods:wildfruitsyrupportion-hawthorn": "expandedfoods:shapes/item/food/bread/overlays/syrup/acornbread/wildcraftfruit/hawthorn.json",
                        "expandedfoods:wildfruitsyrupportion-honeypots": "expandedfoods:shapes/item/food/bread/overlays/syrup/acornbread/wildcraftfruit/honeypots.json",
                        "expandedfoods:wildfruitsyrupportion-honeysuckle": "expandedfoods:shapes/item/food/bread/overlays/syrup/acornbread/wildcraftfruit/honeysuckle.json",
                        "expandedfoods:wildfruitsyrupportion-huckleberry": "expandedfoods:shapes/item/food/bread/overlays/syrup/acornbread/wildcraftfruit/huckleberry.json",
                        "expandedfoods:wildfruitsyrupportion-husktomato": "expandedfoods:shapes/item/food/bread/overlays/syrup/acornbread/wildcraftfruit/usktomato.json",
                        "expandedfoods:wildfruitsyrupportion-illawarra": "expandedfoods:shapes/item/food/bread/overlays/syrup/acornbread/wildcraftfruit/illawarra.json",
                        "expandedfoods:wildfruitsyrupportion-jujube": "expandedfoods:shapes/item/food/bread/overlays/syrup/acornbread/wildcraftfruit/jujube.json",
                        "expandedfoods:wildfruitsyrupportion-juniper": "expandedfoods:shapes/item/food/bread/overlays/syrup/acornbread/wildcraftfruit/juniper.json",
                        "expandedfoods:wildfruitsyrupportion-kakaha": "expandedfoods:shapes/item/food/bread/overlays/syrup/acornbread/wildcraftfruit/kakaha.json",
                        "expandedfoods:wildfruitsyrupportion-kawakawa": "expandedfoods:shapes/item/food/bread/overlays/syrup/acornbread/wildcraftfruit/kawakawa.json",
                        "expandedfoods:wildfruitsyrupportion-knyazberry": "expandedfoods:shapes/item/food/bread/overlays/syrup/acornbread/wildcraftfruit/knyazberry.json",
                        "expandedfoods:wildfruitsyrupportion-kumquat": "expandedfoods:shapes/item/food/bread/overlays/syrup/acornbread/wildcraftfruit/kumquat.json",
                        "expandedfoods:wildfruitsyrupportion-lemonaspen": "expandedfoods:shapes/item/food/bread/overlays/syrup/acornbread/wildcraftfruit/lemonaspen.json",
                        "expandedfoods:wildfruitsyrupportion-lillypillypink": "expandedfoods:shapes/item/food/bread/overlays/syrup/acornbread/wildcraftfruit/lillypillypink.json",
                        "expandedfoods:wildfruitsyrupportion-lingonberry": "expandedfoods:shapes/item/food/bread/overlays/syrup/acornbread/wildcraftfruit/lingonberry.json",
                        "expandedfoods:wildfruitsyrupportion-loquat": "expandedfoods:shapes/item/food/bread/overlays/syrup/acornbread/wildcraftfruit/loquat.json",
                        "expandedfoods:wildfruitsyrupportion-midyimberry": "expandedfoods:shapes/item/food/bread/overlays/syrup/acornbread/wildcraftfruit/midyimberry.json",
                        "expandedfoods:wildfruitsyrupportion-mingimingi": "expandedfoods:shapes/item/food/bread/overlays/syrup/acornbread/wildcraftfruit/mingimingi.json",
                        "expandedfoods:wildfruitsyrupportion-munthari": "expandedfoods:shapes/item/food/bread/overlays/syrup/acornbread/wildcraftfruit/munthari.json",
                        "expandedfoods:wildfruitsyrupportion-naranjilla": "expandedfoods:shapes/item/food/bread/overlays/syrup/acornbread/wildcraftfruit/naranjilla.json",
                        "expandedfoods:wildfruitsyrupportion-numnum": "expandedfoods:shapes/item/food/bread/overlays/syrup/acornbread/wildcraftfruit/numnum.json",
                        "expandedfoods:wildfruitsyrupportion-pandanbits": "expandedfoods:shapes/item/food/bread/overlays/syrup/acornbread/wildcraftfruit/pandanbits.json",
                        "expandedfoods:wildfruitsyrupportion-pilo": "expandedfoods:shapes/item/food/bread/overlays/syrup/acornbread/wildcraftfruit/pilo.json",
                        "expandedfoods:wildfruitsyrupportion-pineheath": "expandedfoods:shapes/item/food/bread/overlays/syrup/acornbread/wildcraftfruit/pineheath.json",
                        "expandedfoods:wildfruitsyrupportion-pokeberry": "expandedfoods:shapes/item/food/bread/overlays/syrup/acornbread/wildcraftfruit/pokeberry.json",
                        "expandedfoods:wildfruitsyrupportion-pomelo": "expandedfoods:shapes/item/food/bread/overlays/syrup/acornbread/wildcraftfruit/pomelo.json",
                        "expandedfoods:wildfruitsyrupportion-pricklyheath": "expandedfoods:shapes/item/food/bread/overlays/syrup/acornbread/wildcraftfruit/pricklyheath.json",
                        "expandedfoods:wildfruitsyrupportion-purpleplum": "expandedfoods:shapes/item/food/bread/overlays/syrup/acornbread/wildcraftfruit/purpleplum.json",
                        "expandedfoods:wildfruitsyrupportion-quince": "expandedfoods:shapes/item/food/bread/overlays/syrup/acornbread/wildcraftfruit/quince.json",
                        "expandedfoods:wildfruitsyrupportion-raspberry": "expandedfoods:shapes/item/food/bread/overlays/syrup/acornbread/wildcraftfruit/raspberry.json",
                        "expandedfoods:wildfruitsyrupportion-redgrape": "expandedfoods:shapes/item/food/bread/overlays/syrup/acornbread/wildcraftfruit/redgrape.json",
                        "expandedfoods:wildfruitsyrupportion-redquandong": "expandedfoods:shapes/item/food/bread/overlays/syrup/acornbread/wildcraftfruit/redquandong.json",
                        "expandedfoods:wildfruitsyrupportion-roseapple": "expandedfoods:shapes/item/food/bread/overlays/syrup/acornbread/wildcraftfruit/roseapple.json",
                        "expandedfoods:wildfruitsyrupportion-rowanberry": "expandedfoods:shapes/item/food/bread/overlays/syrup/acornbread/wildcraftfruit/rowanberry.json",
                        "expandedfoods:wildfruitsyrupportion-rubysaltbush": "expandedfoods:shapes/item/food/bread/overlays/syrup/acornbread/wildcraftfruit/rubysaltbush.json",
                        "expandedfoods:wildfruitsyrupportion-sallowthorn": "expandedfoods:shapes/item/food/bread/overlays/syrup/acornbread/wildcraftfruit/sallowthorn.json",
                        "expandedfoods:wildfruitsyrupportion-seamango": "expandedfoods:shapes/item/food/bread/overlays/syrup/acornbread/wildcraftfruit/seamango.json",
                        "expandedfoods:wildfruitsyrupportion-silvernettle": "expandedfoods:shapes/item/food/bread/overlays/syrup/acornbread/wildcraftfruit/silvernettle.json",
                        "expandedfoods:wildfruitsyrupportion-snowberry": "expandedfoods:shapes/item/food/bread/overlays/syrup/acornbread/wildcraftfruit/snowberry.json",
                        "expandedfoods:wildfruitsyrupportion-spindle": "expandedfoods:shapes/item/food/bread/overlays/syrup/acornbread/wildcraftfruit/spindle.json",
                        "expandedfoods:wildfruitsyrupportion-strawberry": "expandedfoods:shapes/item/food/bread/overlays/syrup/acornbread/wildcraftfruit/strawberry.json",
                        "expandedfoods:wildfruitsyrupportion-sumac": "expandedfoods:shapes/item/food/bread/overlays/syrup/acornbread/wildcraftfruit/sumac.json",
                        "expandedfoods:wildfruitsyrupportion-turkscap": "expandedfoods:shapes/item/food/bread/overlays/syrup/acornbread/wildcraftfruit/turkscap.json",
                        "expandedfoods:wildfruitsyrupportion-ugni": "expandedfoods:shapes/item/food/bread/overlays/syrup/acornbread/wildcraftfruit/ugni.json",
                        "expandedfoods:wildfruitsyrupportion-virgingrape": "expandedfoods:shapes/item/food/bread/overlays/syrup/acornbread/wildcraftfruit/virgingrape.json",
                        "expandedfoods:wildfruitsyrupportion-whitegrape": "expandedfoods:shapes/item/food/bread/overlays/syrup/acornbread/wildcraftfruit/whitegrape.json",
                        "expandedfoods:wildfruitsyrupportion-wolfberry": "expandedfoods:shapes/item/food/bread/overlays/syrup/acornbread/wildcraftfruit/wolfberry.json",
			},
		},
		bakingPropertiesByType: {
			"*-dough": {
				temp: 160,
				levelFrom: 0.0,
				levelTo: 0.25,
				startScaleY: 0.9,
				endScaleY: 0.95,
				resultCode: "expandedfoods:herbalacornbread-partbaked",
			},
			"*-partbaked": {
				temp: 160,
				levelFrom: 0.25,
				levelTo: 0.5,
				startScaleY: 0.95,
				endScaleY: 1.10,
				resultCode: "expandedfoods:herbalacornbread-cooked",
				initialCode: "expandedfoods:herbalacornbread-dough",
			},
			"*-cooked": {
				temp: 160,
				levelFrom: 0.5,
				levelTo: 0.75,
				startScaleY: 1.10,
				endScaleY: 1.13,
				resultCode: "expandedfoods:herbalacornbread-charred",
				initialCode: "expandedfoods:herbalacornbread-partbaked",
			},
			"*-charred": {
				temp: 160,
				levelFrom: 0.75,
				levelTo: 1.0,
				startScaleY: 1.13,
				endScaleY: 1.10,
				initialCode: "expandedfoods:herbalacornbread-cooked",
			},
			"*-syruppartbaked": {
				temp: 160,
				levelFrom: 0.25,
				levelTo: 0.5,
				startScaleY: 0.95,
				endScaleY: 1.10,
				resultCode: "expandedfoods:herbalacornbread-syrup",
			},
			"*-syrup": {
				temp: 160,
				levelFrom: 0.5,
				levelTo: 0.75,
				startScaleY: 1.10,
				endScaleY: 1.13,
				resultCode: "expandedfoods:herbalacornbread-syrupcharred",
				initialCode: "expandedfoods:herbalacornbread-syruppartbaked",
			},
			"*-syrupcharred": {
				temp: 160,
				levelFrom: 0.75,
				levelTo: 1.0,
				startScaleY: 1.13,
				endScaleY: 1.10,
				initialCode: "expandedfoods:herbalacornbread-syrup",
			},
		},
		satMultByType: {
			"*-partbaked": 0.5,
			"*-cooked": 1,
			"*-charred": 0.75,
			"*-syruppartbaked": 0.5,
			"*-syrup": 1,
			"*-syrupcharred": 0.75
		},
	},
	shape: { base: "game:item/food/bread/acornamaranthbread" },
  	texturesByType: {
		"*-syruppartbaked": {
			"weaktannin": { base: "game:block/liquid/weaktannin"},
			"strongtannin": { base: "game:block/liquid/strongtannin"},
			"honey": { base: "game:block/liquid/honey"},
    		"bread": {base: "item/food/grain/herbal/acornbread2" },
			"fill-apple": { base: "game:block/food/pie/fill-apple" },
			"fill-blackcurrant": { base: "game:block/food/pie/fill-blackcurrant" },
			"fill-blueberry": { base: "game:block/food/pie/fill-blueberry" },
			"fill-breadfruit": { base: "game:block/food/pie/fill-breadfruit" },
			"fill-cherry": { base: "game:block/food/pie/fill-cherry" },
			"fill-cranberry": { base: "game:block/food/pie/fill-cranberry" },
			"fill-lychee": { base: "game:block/food/pie/fill-lychee" },
			"fill-mango": { base: "game:block/food/pie/fill-mango" },
			"fill-orange": { base: "game:block/food/pie/fill-orange" },
			"fill-peach": { base: "game:block/food/pie/fill-peach" },
			"fill-pear": { base: "game:block/food/pie/fill-pear" },
			"fill-pineapple": { base: "game:block/food/pie/fill-pineapple" },
			"fill-pomegranate": { base: "game:block/food/pie/fill-pomegranate" },
			"fill-redcurrant": { base: "game:block/food/pie/fill-redcurrant" },
			"fill-saguaro": { base: "game:block/food/pie/fill-saguaro" },
			"fill-whitecurrant": { base: "game:block/food/pie/fill-whitecurrant" },
			"fill-huckleberry" : {base: "wildcraft:block/food/pie/fill-huckleberry" },
			"fill-snowberry" : {base: "wildcraft:block/food/pie/fill-snowberry" },
			"fill-brambleberry" : {base: "wildcraft:block/food/pie/fill-brambleberry" },
			"fill-cloudberry" : {base: "wildcraft:block/food/pie/fill-cloudberry" },
			"fill-dogrose" : {base: "wildcraft:block/food/pie/fill-dogrose" },
			"fill-elderberry" : {base: "wildcraft:block/food/pie/fill-elderberry" },
			"fill-gooseberry" : {base: "wildcraft:block/food/pie/fill-gooseberry" },
			"fill-honeysuckle" : {base: "wildcraft:block/food/pie/fill-honeysuckle" },
			"fill-strawberry" : {base: "wildcraft:block/food/pie/fill-strawberry" },
			"fill-raspberry" : {base: "wildcraft:block/food/pie/fill-raspberry" },
		"fill-achacha": { base: "wildcraftfruit:block/food/pie/fill-achacha" },
		"fill-apricot": { base: "wildcraftfruit:block/food/pie/fill-apricot" },
		"fill-beachalmond": { base: "wildcraftfruit:block/food/pie/fill-beachalmond" },
		"fill-beautyberry": { base: "wildcraftfruit:block/food/pie/fill-beautyberry" },
		"fill-bitternightshade": { base: "wildcraftfruit:block/food/pie/fill-bitternightshade" },
		"fill-blacknightshade": { base: "wildcraftfruit:block/food/pie/fill-blacknightshade" },
		"fill-blacknightshadeunripe": { base: "wildcraftfruit:block/food/pie/fill-blacknightshadeunripe" },
		"fill-blueraspberry": { base: "wildcraftfruit:block/food/pie/fill-blueraspberry" },
		"fill-bluetongue": { base: "wildcraftfruit:block/food/pie/fill-bluetongue" },
		"fill-brambleberry": { base: "wildcraftfruit:block/food/pie/fill-brambleberry" },
		"fill-bunchberry": { base: "wildcraftfruit:block/food/pie/fill-bunchberry" },
		"fill-cashewapple": { base: "wildcraftfruit:block/food/pie/fill-cashewapple" },
		"fill-cheeseberry": { base: "wildcraftfruit:block/food/pie/fill-cheeseberry" },
		"fill-cherryplum": { base: "wildcraftfruit:block/food/pie/fill-cherryplum" },
		"fill-chinaberry": { base: "wildcraftfruit:block/food/pie/fill-chinaberry" },
		"fill-citron": { base: "wildcraftfruit:block/food/pie/fill-citron" },
		"fill-cloudberry": { base: "wildcraftfruit:block/food/pie/fill-cloudberry" },
		"fill-cocoa": { base: "wildcraftfruit:block/food/pie/fill-cocoa" },
		"fill-coralbead": { base: "wildcraftfruit:block/food/pie/fill-coralbead" },
		"fill-creepingpine": { base: "wildcraftfruit:block/food/pie/fill-creepingpine" },
		"fill-crowberry": { base: "wildcraftfruit:block/food/pie/fill-crowberry" },
		"fill-crowseye": { base: "wildcraftfruit:block/food/pie/fill-crowseye" },
		"fill-dogrose": { base: "wildcraftfruit:block/food/pie/fill-dogrose" },
		"fill-elderberry": { base: "wildcraftfruit:block/food/pie/fill-elderberry" },
		"fill-engkala": { base: "wildcraftfruit:block/food/pie/fill-engkala" },
		"fill-falseorange": { base: "wildcraftfruit:block/food/pie/fill-falseorange" },
		"fill-falsestrawberry": { base: "wildcraftfruit:block/food/pie/fill-falsestrawberry" },
		"fill-feijoa": { base: "wildcraftfruit:block/food/pie/fill-feijoa" },
		"fill-fig": { base: "wildcraftfruit:block/food/pie/fill-fig" },
		"fill-fingerlime": { base: "wildcraftfruit:block/food/pie/fill-fingerlime" },
		"fill-flaxlily": { base: "wildcraftfruit:block/food/pie/fill-flaxlily" },
		"fill-foxgrape": { base: "wildcraftfruit:block/food/pie/fill-foxgrape" },
		"fill-fractureberry": { base: "wildcraftfruit:block/food/pie/fill-fractureberry" },
		"fill-gardenstrawberry": { base: "wildcraftfruit:block/food/pie/fill-gardenstrawberry" },
		"fill-gooseberry": { base: "wildcraftfruit:block/food/pie/fill-gooseberry" },
		"fill-guajava": { base: "wildcraftfruit:block/food/pie/fill-guajava" },
		"fill-hawthorn": { base: "wildcraftfruit:block/food/pie/fill-hawthorn" },
		"fill-honeypots": { base: "wildcraftfruit:block/food/pie/fill-honeypots" },
		"fill-honeysuckle": { base: "wildcraftfruit:block/food/pie/fill-honeysuckle" },
		"fill-huckleberry": { base: "wildcraftfruit:block/food/pie/fill-huckleberry" },
		"fill-husktomato": { base: "wildcraftfruit:block/food/pie/fill-husktomato" },
		"fill-illawarra": { base: "wildcraftfruit:block/food/pie/fill-illawarra" },
		"fill-jujube": { base: "wildcraftfruit:block/food/pie/fill-jujube" },
		"fill-juniper": { base: "wildcraftfruit:block/food/pie/fill-juniper" },
		"fill-kakaha": { base: "wildcraftfruit:block/food/pie/fill-kakaha" },
		"fill-kawakawa": { base: "wildcraftfruit:block/food/pie/fill-kawakawa" },
		"fill-knyazberry": { base: "wildcraftfruit:block/food/pie/fill-knyazberry" },
		"fill-kumquat": { base: "wildcraftfruit:block/food/pie/fill-kumquat" },
		"fill-lemonaspen": { base: "wildcraftfruit:block/food/pie/fill-lemonaspen" },
		"fill-lillypillypink": { base: "wildcraftfruit:block/food/pie/fill-lillypillypink" },
		"fill-lingonberry": { base: "wildcraftfruit:block/food/pie/fill-lingonberry" },
		"fill-loquat": { base: "wildcraftfruit:block/food/pie/fill-loquat" },
		"fill-midyimberry": { base: "wildcraftfruit:block/food/pie/fill-midyimberry" },
		"fill-mingimingi": { base: "wildcraftfruit:block/food/pie/fill-mingimingi" },
		"fill-munthari": { base: "wildcraftfruit:block/food/pie/fill-munthari" },
		"fill-naranjilla": { base: "wildcraftfruit:block/food/pie/fill-naranjilla" },
		"fill-numnum": { base: "wildcraftfruit:block/food/pie/fill-numnum" },
		"fill-pandanbits": { base: "wildcraftfruit:block/food/pie/fill-pandanbits" },
		"fill-pilo": { base: "wildcraftfruit:block/food/pie/fill-pilo" },
		"fill-pineheath": { base: "wildcraftfruit:block/food/pie/fill-pineheath" },
		"fill-pokeberry": { base: "wildcraftfruit:block/food/pie/fill-pokeberry" },
		"fill-pomelo": { base: "wildcraftfruit:block/food/pie/fill-pomelo" },
		"fill-pricklyheath": { base: "wildcraftfruit:block/food/pie/fill-pricklyheath" },
		"fill-purpleplum": { base: "wildcraftfruit:block/food/pie/fill-purpleplum" },
		"fill-quince": { base: "wildcraftfruit:block/food/pie/fill-quince" },
		"fill-raspberry": { base: "wildcraftfruit:block/food/pie/fill-raspberry" },
		"fill-redgrape": { base: "wildcraftfruit:block/food/pie/fill-redgrape" },
		"fill-redquandong": { base: "wildcraftfruit:block/food/pie/fill-redquandong" },
		"fill-roseapple": { base: "wildcraftfruit:block/food/pie/fill-roseapple" },
		"fill-rowanberry": { base: "wildcraftfruit:block/food/pie/fill-rowanberry" },
		"fill-rubysaltbush": { base: "wildcraftfruit:block/food/pie/fill-rubysaltbush" },
		"fill-sallowthorn": { base: "wildcraftfruit:block/food/pie/fill-sallowthorn" },
		"fill-seamango": { base: "wildcraftfruit:block/food/pie/fill-seamango" },
		"fill-silvernettle": { base: "wildcraftfruit:block/food/pie/fill-silvernettle" },
		"fill-snowberry": { base: "wildcraftfruit:block/food/pie/fill-snowberry" },
		"fill-spindle": { base: "wildcraftfruit:block/food/pie/fill-spindle" },
		"fill-strawberry": { base: "wildcraftfruit:block/food/pie/fill-strawberry" },
		"fill-sumac": { base: "wildcraftfruit:block/food/pie/fill-sumac" },
		"fill-turkscap": { base: "wildcraftfruit:block/food/pie/fill-turkscap" },
		"fill-ugni": { base: "wildcraftfruit:block/food/pie/fill-ugni" },
		"fill-virgingrape": { base: "wildcraftfruit:block/food/pie/fill-virgingrape" },
		"fill-whitegrape": { base: "wildcraftfruit:block/food/pie/fill-whitegrape" },
		"fill-wolfberry": { base: "wildcraftfruit:block/food/pie/fill-wolfberry" },
		},
		"*-syrupcharred": {
			"weaktannin": { base: "game:block/liquid/weaktannin"},
			"strongtannin": { base: "game:block/liquid/strongtannin"},
			"honey": { base: "game:block/liquid/honey"},
    		"bread": {base: "item/food/grain/herbal/acornbread1" },
			"fill-apple": { base: "game:block/food/pie/fill-apple" },
			"fill-blackcurrant": { base: "game:block/food/pie/fill-blackcurrant" },
			"fill-blueberry": { base: "game:block/food/pie/fill-blueberry" },
			"fill-breadfruit": { base: "game:block/food/pie/fill-breadfruit" },
			"fill-cherry": { base: "game:block/food/pie/fill-cherry" },
			"fill-cranberry": { base: "game:block/food/pie/fill-cranberry" },
			"fill-lychee": { base: "game:block/food/pie/fill-lychee" },
			"fill-mango": { base: "game:block/food/pie/fill-mango" },
			"fill-orange": { base: "game:block/food/pie/fill-orange" },
			"fill-peach": { base: "game:block/food/pie/fill-peach" },
			"fill-pear": { base: "game:block/food/pie/fill-pear" },
			"fill-pineapple": { base: "game:block/food/pie/fill-pineapple" },
			"fill-pomegranate": { base: "game:block/food/pie/fill-pomegranate" },
			"fill-redcurrant": { base: "game:block/food/pie/fill-redcurrant" },
			"fill-saguaro": { base: "game:block/food/pie/fill-saguaro" },
			"fill-whitecurrant": { base: "game:block/food/pie/fill-whitecurrant" },
			"fill-huckleberry" : {base: "wildcraft:block/food/pie/fill-huckleberry" },
			"fill-snowberry" : {base: "wildcraft:block/food/pie/fill-snowberry" },
			"fill-brambleberry" : {base: "wildcraft:block/food/pie/fill-brambleberry" },
			"fill-cloudberry" : {base: "wildcraft:block/food/pie/fill-cloudberry" },
			"fill-dogrose" : {base: "wildcraft:block/food/pie/fill-dogrose" },
			"fill-elderberry" : {base: "wildcraft:block/food/pie/fill-elderberry" },
			"fill-gooseberry" : {base: "wildcraft:block/food/pie/fill-gooseberry" },
			"fill-honeysuckle" : {base: "wildcraft:block/food/pie/fill-honeysuckle" },
			"fill-strawberry" : {base: "wildcraft:block/food/pie/fill-strawberry" },
			"fill-raspberry" : {base: "wildcraft:block/food/pie/fill-raspberry" },
		"fill-achacha": { base: "wildcraftfruit:block/food/pie/fill-achacha" },
		"fill-apricot": { base: "wildcraftfruit:block/food/pie/fill-apricot" },
		"fill-beachalmond": { base: "wildcraftfruit:block/food/pie/fill-beachalmond" },
		"fill-beautyberry": { base: "wildcraftfruit:block/food/pie/fill-beautyberry" },
		"fill-bitternightshade": { base: "wildcraftfruit:block/food/pie/fill-bitternightshade" },
		"fill-blacknightshade": { base: "wildcraftfruit:block/food/pie/fill-blacknightshade" },
		"fill-blacknightshadeunripe": { base: "wildcraftfruit:block/food/pie/fill-blacknightshadeunripe" },
		"fill-blueraspberry": { base: "wildcraftfruit:block/food/pie/fill-blueraspberry" },
		"fill-bluetongue": { base: "wildcraftfruit:block/food/pie/fill-bluetongue" },
		"fill-brambleberry": { base: "wildcraftfruit:block/food/pie/fill-brambleberry" },
		"fill-bunchberry": { base: "wildcraftfruit:block/food/pie/fill-bunchberry" },
		"fill-cashewapple": { base: "wildcraftfruit:block/food/pie/fill-cashewapple" },
		"fill-cheeseberry": { base: "wildcraftfruit:block/food/pie/fill-cheeseberry" },
		"fill-cherryplum": { base: "wildcraftfruit:block/food/pie/fill-cherryplum" },
		"fill-chinaberry": { base: "wildcraftfruit:block/food/pie/fill-chinaberry" },
		"fill-citron": { base: "wildcraftfruit:block/food/pie/fill-citron" },
		"fill-cloudberry": { base: "wildcraftfruit:block/food/pie/fill-cloudberry" },
		"fill-cocoa": { base: "wildcraftfruit:block/food/pie/fill-cocoa" },
		"fill-coralbead": { base: "wildcraftfruit:block/food/pie/fill-coralbead" },
		"fill-creepingpine": { base: "wildcraftfruit:block/food/pie/fill-creepingpine" },
		"fill-crowberry": { base: "wildcraftfruit:block/food/pie/fill-crowberry" },
		"fill-crowseye": { base: "wildcraftfruit:block/food/pie/fill-crowseye" },
		"fill-dogrose": { base: "wildcraftfruit:block/food/pie/fill-dogrose" },
		"fill-elderberry": { base: "wildcraftfruit:block/food/pie/fill-elderberry" },
		"fill-engkala": { base: "wildcraftfruit:block/food/pie/fill-engkala" },
		"fill-falseorange": { base: "wildcraftfruit:block/food/pie/fill-falseorange" },
		"fill-falsestrawberry": { base: "wildcraftfruit:block/food/pie/fill-falsestrawberry" },
		"fill-feijoa": { base: "wildcraftfruit:block/food/pie/fill-feijoa" },
		"fill-fig": { base: "wildcraftfruit:block/food/pie/fill-fig" },
		"fill-fingerlime": { base: "wildcraftfruit:block/food/pie/fill-fingerlime" },
		"fill-flaxlily": { base: "wildcraftfruit:block/food/pie/fill-flaxlily" },
		"fill-foxgrape": { base: "wildcraftfruit:block/food/pie/fill-foxgrape" },
		"fill-fractureberry": { base: "wildcraftfruit:block/food/pie/fill-fractureberry" },
		"fill-gardenstrawberry": { base: "wildcraftfruit:block/food/pie/fill-gardenstrawberry" },
		"fill-gooseberry": { base: "wildcraftfruit:block/food/pie/fill-gooseberry" },
		"fill-guajava": { base: "wildcraftfruit:block/food/pie/fill-guajava" },
		"fill-hawthorn": { base: "wildcraftfruit:block/food/pie/fill-hawthorn" },
		"fill-honeypots": { base: "wildcraftfruit:block/food/pie/fill-honeypots" },
		"fill-honeysuckle": { base: "wildcraftfruit:block/food/pie/fill-honeysuckle" },
		"fill-huckleberry": { base: "wildcraftfruit:block/food/pie/fill-huckleberry" },
		"fill-husktomato": { base: "wildcraftfruit:block/food/pie/fill-husktomato" },
		"fill-illawarra": { base: "wildcraftfruit:block/food/pie/fill-illawarra" },
		"fill-jujube": { base: "wildcraftfruit:block/food/pie/fill-jujube" },
		"fill-juniper": { base: "wildcraftfruit:block/food/pie/fill-juniper" },
		"fill-kakaha": { base: "wildcraftfruit:block/food/pie/fill-kakaha" },
		"fill-kawakawa": { base: "wildcraftfruit:block/food/pie/fill-kawakawa" },
		"fill-knyazberry": { base: "wildcraftfruit:block/food/pie/fill-knyazberry" },
		"fill-kumquat": { base: "wildcraftfruit:block/food/pie/fill-kumquat" },
		"fill-lemonaspen": { base: "wildcraftfruit:block/food/pie/fill-lemonaspen" },
		"fill-lillypillypink": { base: "wildcraftfruit:block/food/pie/fill-lillypillypink" },
		"fill-lingonberry": { base: "wildcraftfruit:block/food/pie/fill-lingonberry" },
		"fill-loquat": { base: "wildcraftfruit:block/food/pie/fill-loquat" },
		"fill-midyimberry": { base: "wildcraftfruit:block/food/pie/fill-midyimberry" },
		"fill-mingimingi": { base: "wildcraftfruit:block/food/pie/fill-mingimingi" },
		"fill-munthari": { base: "wildcraftfruit:block/food/pie/fill-munthari" },
		"fill-naranjilla": { base: "wildcraftfruit:block/food/pie/fill-naranjilla" },
		"fill-numnum": { base: "wildcraftfruit:block/food/pie/fill-numnum" },
		"fill-pandanbits": { base: "wildcraftfruit:block/food/pie/fill-pandanbits" },
		"fill-pilo": { base: "wildcraftfruit:block/food/pie/fill-pilo" },
		"fill-pineheath": { base: "wildcraftfruit:block/food/pie/fill-pineheath" },
		"fill-pokeberry": { base: "wildcraftfruit:block/food/pie/fill-pokeberry" },
		"fill-pomelo": { base: "wildcraftfruit:block/food/pie/fill-pomelo" },
		"fill-pricklyheath": { base: "wildcraftfruit:block/food/pie/fill-pricklyheath" },
		"fill-purpleplum": { base: "wildcraftfruit:block/food/pie/fill-purpleplum" },
		"fill-quince": { base: "wildcraftfruit:block/food/pie/fill-quince" },
		"fill-raspberry": { base: "wildcraftfruit:block/food/pie/fill-raspberry" },
		"fill-redgrape": { base: "wildcraftfruit:block/food/pie/fill-redgrape" },
		"fill-redquandong": { base: "wildcraftfruit:block/food/pie/fill-redquandong" },
		"fill-roseapple": { base: "wildcraftfruit:block/food/pie/fill-roseapple" },
		"fill-rowanberry": { base: "wildcraftfruit:block/food/pie/fill-rowanberry" },
		"fill-rubysaltbush": { base: "wildcraftfruit:block/food/pie/fill-rubysaltbush" },
		"fill-sallowthorn": { base: "wildcraftfruit:block/food/pie/fill-sallowthorn" },
		"fill-seamango": { base: "wildcraftfruit:block/food/pie/fill-seamango" },
		"fill-silvernettle": { base: "wildcraftfruit:block/food/pie/fill-silvernettle" },
		"fill-snowberry": { base: "wildcraftfruit:block/food/pie/fill-snowberry" },
		"fill-spindle": { base: "wildcraftfruit:block/food/pie/fill-spindle" },
		"fill-strawberry": { base: "wildcraftfruit:block/food/pie/fill-strawberry" },
		"fill-sumac": { base: "wildcraftfruit:block/food/pie/fill-sumac" },
		"fill-turkscap": { base: "wildcraftfruit:block/food/pie/fill-turkscap" },
		"fill-ugni": { base: "wildcraftfruit:block/food/pie/fill-ugni" },
		"fill-virgingrape": { base: "wildcraftfruit:block/food/pie/fill-virgingrape" },
		"fill-whitegrape": { base: "wildcraftfruit:block/food/pie/fill-whitegrape" },
		"fill-wolfberry": { base: "wildcraftfruit:block/food/pie/fill-wolfberry" },
		},
		"*-partbaked": {
    			"bread": {base: "item/food/grain/herbal/acornbread2" },
		},
		"*-charred": {
    			"bread": {base: "item/food/grain/herbal/acornbread1" },
		},
		"*": {
			"weaktannin": { base: "game:block/liquid/weaktannin"},
			"strongtannin": { base: "game:block/liquid/strongtannin"},
			"honey": { base: "game:block/liquid/honey"},
    		"bread": {base: "item/food/grain/herbal/acornbread" },
    		"acornbread": {base: "item/food/grain/herbal/acornbread" },
			"fill-apple": { base: "game:block/food/pie/fill-apple" },
			"fill-blackcurrant": { base: "game:block/food/pie/fill-blackcurrant" },
			"fill-blueberry": { base: "game:block/food/pie/fill-blueberry" },
			"fill-breadfruit": { base: "game:block/food/pie/fill-breadfruit" },
			"fill-cherry": { base: "game:block/food/pie/fill-cherry" },
			"fill-cranberry": { base: "game:block/food/pie/fill-cranberry" },
			"fill-lychee": { base: "game:block/food/pie/fill-lychee" },
			"fill-mango": { base: "game:block/food/pie/fill-mango" },
			"fill-orange": { base: "game:block/food/pie/fill-orange" },
			"fill-peach": { base: "game:block/food/pie/fill-peach" },
			"fill-pear": { base: "game:block/food/pie/fill-pear" },
			"fill-pineapple": { base: "game:block/food/pie/fill-pineapple" },
			"fill-pomegranate": { base: "game:block/food/pie/fill-pomegranate" },
			"fill-redcurrant": { base: "game:block/food/pie/fill-redcurrant" },
			"fill-saguaro": { base: "game:block/food/pie/fill-saguaro" },
			"fill-whitecurrant": { base: "game:block/food/pie/fill-whitecurrant" },
			"fill-huckleberry" : {base: "wildcraft:block/food/pie/fill-huckleberry" },
			"fill-snowberry" : {base: "wildcraft:block/food/pie/fill-snowberry" },
			"fill-brambleberry" : {base: "wildcraft:block/food/pie/fill-brambleberry" },
			"fill-cloudberry" : {base: "wildcraft:block/food/pie/fill-cloudberry" },
			"fill-dogrose" : {base: "wildcraft:block/food/pie/fill-dogrose" },
			"fill-elderberry" : {base: "wildcraft:block/food/pie/fill-elderberry" },
			"fill-gooseberry" : {base: "wildcraft:block/food/pie/fill-gooseberry" },
			"fill-honeysuckle" : {base: "wildcraft:block/food/pie/fill-honeysuckle" },
			"fill-strawberry" : {base: "wildcraft:block/food/pie/fill-strawberry" },
			"fill-raspberry" : {base: "wildcraft:block/food/pie/fill-raspberry" },
		"fill-achacha": { base: "wildcraftfruit:block/food/pie/fill-achacha" },
		"fill-apricot": { base: "wildcraftfruit:block/food/pie/fill-apricot" },
		"fill-beachalmond": { base: "wildcraftfruit:block/food/pie/fill-beachalmond" },
		"fill-beautyberry": { base: "wildcraftfruit:block/food/pie/fill-beautyberry" },
		"fill-bitternightshade": { base: "wildcraftfruit:block/food/pie/fill-bitternightshade" },
		"fill-blacknightshade": { base: "wildcraftfruit:block/food/pie/fill-blacknightshade" },
		"fill-blacknightshadeunripe": { base: "wildcraftfruit:block/food/pie/fill-blacknightshadeunripe" },
		"fill-blueraspberry": { base: "wildcraftfruit:block/food/pie/fill-blueraspberry" },
		"fill-bluetongue": { base: "wildcraftfruit:block/food/pie/fill-bluetongue" },
		"fill-brambleberry": { base: "wildcraftfruit:block/food/pie/fill-brambleberry" },
		"fill-bunchberry": { base: "wildcraftfruit:block/food/pie/fill-bunchberry" },
		"fill-cashewapple": { base: "wildcraftfruit:block/food/pie/fill-cashewapple" },
		"fill-cheeseberry": { base: "wildcraftfruit:block/food/pie/fill-cheeseberry" },
		"fill-cherryplum": { base: "wildcraftfruit:block/food/pie/fill-cherryplum" },
		"fill-chinaberry": { base: "wildcraftfruit:block/food/pie/fill-chinaberry" },
		"fill-citron": { base: "wildcraftfruit:block/food/pie/fill-citron" },
		"fill-cloudberry": { base: "wildcraftfruit:block/food/pie/fill-cloudberry" },
		"fill-cocoa": { base: "wildcraftfruit:block/food/pie/fill-cocoa" },
		"fill-coralbead": { base: "wildcraftfruit:block/food/pie/fill-coralbead" },
		"fill-creepingpine": { base: "wildcraftfruit:block/food/pie/fill-creepingpine" },
		"fill-crowberry": { base: "wildcraftfruit:block/food/pie/fill-crowberry" },
		"fill-crowseye": { base: "wildcraftfruit:block/food/pie/fill-crowseye" },
		"fill-dogrose": { base: "wildcraftfruit:block/food/pie/fill-dogrose" },
		"fill-elderberry": { base: "wildcraftfruit:block/food/pie/fill-elderberry" },
		"fill-engkala": { base: "wildcraftfruit:block/food/pie/fill-engkala" },
		"fill-falseorange": { base: "wildcraftfruit:block/food/pie/fill-falseorange" },
		"fill-falsestrawberry": { base: "wildcraftfruit:block/food/pie/fill-falsestrawberry" },
		"fill-feijoa": { base: "wildcraftfruit:block/food/pie/fill-feijoa" },
		"fill-fig": { base: "wildcraftfruit:block/food/pie/fill-fig" },
		"fill-fingerlime": { base: "wildcraftfruit:block/food/pie/fill-fingerlime" },
		"fill-flaxlily": { base: "wildcraftfruit:block/food/pie/fill-flaxlily" },
		"fill-foxgrape": { base: "wildcraftfruit:block/food/pie/fill-foxgrape" },
		"fill-fractureberry": { base: "wildcraftfruit:block/food/pie/fill-fractureberry" },
		"fill-gardenstrawberry": { base: "wildcraftfruit:block/food/pie/fill-gardenstrawberry" },
		"fill-gooseberry": { base: "wildcraftfruit:block/food/pie/fill-gooseberry" },
		"fill-guajava": { base: "wildcraftfruit:block/food/pie/fill-guajava" },
		"fill-hawthorn": { base: "wildcraftfruit:block/food/pie/fill-hawthorn" },
		"fill-honeypots": { base: "wildcraftfruit:block/food/pie/fill-honeypots" },
		"fill-honeysuckle": { base: "wildcraftfruit:block/food/pie/fill-honeysuckle" },
		"fill-huckleberry": { base: "wildcraftfruit:block/food/pie/fill-huckleberry" },
		"fill-husktomato": { base: "wildcraftfruit:block/food/pie/fill-husktomato" },
		"fill-illawarra": { base: "wildcraftfruit:block/food/pie/fill-illawarra" },
		"fill-jujube": { base: "wildcraftfruit:block/food/pie/fill-jujube" },
		"fill-juniper": { base: "wildcraftfruit:block/food/pie/fill-juniper" },
		"fill-kakaha": { base: "wildcraftfruit:block/food/pie/fill-kakaha" },
		"fill-kawakawa": { base: "wildcraftfruit:block/food/pie/fill-kawakawa" },
		"fill-knyazberry": { base: "wildcraftfruit:block/food/pie/fill-knyazberry" },
		"fill-kumquat": { base: "wildcraftfruit:block/food/pie/fill-kumquat" },
		"fill-lemonaspen": { base: "wildcraftfruit:block/food/pie/fill-lemonaspen" },
		"fill-lillypillypink": { base: "wildcraftfruit:block/food/pie/fill-lillypillypink" },
		"fill-lingonberry": { base: "wildcraftfruit:block/food/pie/fill-lingonberry" },
		"fill-loquat": { base: "wildcraftfruit:block/food/pie/fill-loquat" },
		"fill-midyimberry": { base: "wildcraftfruit:block/food/pie/fill-midyimberry" },
		"fill-mingimingi": { base: "wildcraftfruit:block/food/pie/fill-mingimingi" },
		"fill-munthari": { base: "wildcraftfruit:block/food/pie/fill-munthari" },
		"fill-naranjilla": { base: "wildcraftfruit:block/food/pie/fill-naranjilla" },
		"fill-numnum": { base: "wildcraftfruit:block/food/pie/fill-numnum" },
		"fill-pandanbits": { base: "wildcraftfruit:block/food/pie/fill-pandanbits" },
		"fill-pilo": { base: "wildcraftfruit:block/food/pie/fill-pilo" },
		"fill-pineheath": { base: "wildcraftfruit:block/food/pie/fill-pineheath" },
		"fill-pokeberry": { base: "wildcraftfruit:block/food/pie/fill-pokeberry" },
		"fill-pomelo": { base: "wildcraftfruit:block/food/pie/fill-pomelo" },
		"fill-pricklyheath": { base: "wildcraftfruit:block/food/pie/fill-pricklyheath" },
		"fill-purpleplum": { base: "wildcraftfruit:block/food/pie/fill-purpleplum" },
		"fill-quince": { base: "wildcraftfruit:block/food/pie/fill-quince" },
		"fill-raspberry": { base: "wildcraftfruit:block/food/pie/fill-raspberry" },
		"fill-redgrape": { base: "wildcraftfruit:block/food/pie/fill-redgrape" },
		"fill-redquandong": { base: "wildcraftfruit:block/food/pie/fill-redquandong" },
		"fill-roseapple": { base: "wildcraftfruit:block/food/pie/fill-roseapple" },
		"fill-rowanberry": { base: "wildcraftfruit:block/food/pie/fill-rowanberry" },
		"fill-rubysaltbush": { base: "wildcraftfruit:block/food/pie/fill-rubysaltbush" },
		"fill-sallowthorn": { base: "wildcraftfruit:block/food/pie/fill-sallowthorn" },
		"fill-seamango": { base: "wildcraftfruit:block/food/pie/fill-seamango" },
		"fill-silvernettle": { base: "wildcraftfruit:block/food/pie/fill-silvernettle" },
		"fill-snowberry": { base: "wildcraftfruit:block/food/pie/fill-snowberry" },
		"fill-spindle": { base: "wildcraftfruit:block/food/pie/fill-spindle" },
		"fill-strawberry": { base: "wildcraftfruit:block/food/pie/fill-strawberry" },
		"fill-sumac": { base: "wildcraftfruit:block/food/pie/fill-sumac" },
		"fill-turkscap": { base: "wildcraftfruit:block/food/pie/fill-turkscap" },
		"fill-ugni": { base: "wildcraftfruit:block/food/pie/fill-ugni" },
		"fill-virgingrape": { base: "wildcraftfruit:block/food/pie/fill-virgingrape" },
		"fill-whitegrape": { base: "wildcraftfruit:block/food/pie/fill-whitegrape" },
		"fill-wolfberry": { base: "wildcraftfruit:block/food/pie/fill-wolfberry" },
		},
  	},
	"grindingPropsByType": {
		"@*-(partbaked|cooked|charred)": { "GroundStack": { "type":  "item", "code": "expandedfoods:herbalacornbreadcrumbs", "quantity": 4 } },
	},
	creativeinventory: { "general": ["*"], "items": ["*"], "expandedfoods": ["*"] },
	nutritionPropsByType: {
		"*-partbaked": {saturation: 145, foodcategory: "Grain" },
		"*-syruppartbaked": {saturation: 145, foodcategory: "Grain" },
		"*-cooked": {saturation: 160, foodcategory: "Grain" },
		"*-syrup": {saturation: 160, foodcategory: "Grain" },
		"*-charred": {saturation: 130, foodcategory: "Grain" },
		"*-syrupcharred": {saturation: 130, foodcategory: "Grain" },
	},
	combustiblePropsByType: {
		"*-dough": {
			meltingPoint: 200,
			meltingDuration: 15,
			smeltedRatio: 1,
			smeltingType: "bake",
			smeltedStack: { type: "item", code: "expandedfoods:herbalacornbread-charred" },
			requiresContainer: false
		},
		"*-partbaked": {
			meltingPoint: 200,
			meltingDuration: 15,
			smeltedRatio: 1,
			smeltingType: "bake",
			smeltedStack: { type: "item", code: "expandedfoods:herbalacornbread-charred" },
			requiresContainer: false
		},
		"*-cooked": {
			meltingPoint: 200,
			meltingDuration: 15,
			smeltedRatio: 1,
			smeltingType: "bake",
			smeltedStack: { type: "item", code: "expandedfoods:herbalacornbread-charred" },
			requiresContainer: false
		},
		"*-syruppartbaked": {
			meltingPoint: 200,
			meltingDuration: 15,
			smeltedRatio: 1,
			smeltingType: "bake",
			smeltedStack: { type: "item", code: "expandedfoods:herbalacornbread-syrupcharred" },
			requiresContainer: false
		},
		"*-syrup": {
			meltingPoint: 200,
			meltingDuration: 15,
			smeltedRatio: 1,
			smeltingType: "bake",
			smeltedStack: { type: "item", code: "expandedfoods:herbalacornbread-syrupcharred" },
			requiresContainer: false
		},
	},
	transitionablePropsByType: { 
		"*-dough": [{
			type: "Perish",
			freshHours: { avg: 48 },
			transitionHours: { avg: 24 },
			transitionedStack: { type: "item", code: "game:rot" },
			transitionRatio: 1
		}],
		"*-charred": [{
			type: "Perish",
			freshHours: { avg: 864 },
			transitionHours: { avg: 72 },
			transitionedStack: { type: "item", code: "game:rot" },
			transitionRatio: 1
		}],
		"*-syrupcharred": [{
			type: "Perish",
			freshHours: { avg: 864 },
			transitionHours: { avg: 72 },
			transitionedStack: { type: "item", code: "game:rot" },
			transitionRatio: 1
		}],
		"*": [{
			type: "Perish",
			freshHours: { avg: 432 },
			transitionHours: { avg: 36 },
			transitionedStack: { type: "item", code: "game:rot" },
			transitionRatio: 1
		}],
	},
	materialDensity: 200,
	guiTransform: {
		translation: { x: 3, y: 0, z: 0 },
		rotation: { x: -28, y: 23, z: 180 },
		origin: { x: 0.5, y: 0.07, z: 0.5 },
		scale: 5
	},
	groundTransform: {
		translation: { x: 0, y: 0, z: 0 },
		rotation: { x: 0, y: 0, z: 1 },
		origin: { x: 0.5, y: 0, z: 0.5 },
		scale: 4.5
	},
	tpHandTransform: {
		translation: { x: -0.54, y: -0.16, z: -0.4 },
		rotation: { x: 44, y: -69, z: 2 },
		origin: { x: 0.5, y: 0.13, z: 0.5 },
		scale: 1
	},
	fpHandTransform: {
		translation: { x: 0, y: 0.24, z: 0.3 },
		rotation: { x: 104, y: 0, z: 71 },
		origin: { x: 0.5, y: 0.1, z: 0.5 },
		scale: 2.5
	}
}
