{
    "GameVersion": "1.19.7",
    "SizeX": 14,
    "SizeY": 18,
    "SizeZ": 25,
    "BlockCodes": {
        "9698": "game:supportbeam-aged",
        "2966": "game:cobblestone-granite",
        "3023": "game:cobblestonestairs-granite-up-east-free",
        "4154": "game:drystone-granite",
        "5107": "game:gravel-granite",
        "2852": "game:cobblestoneslab-granite-down-free",
        "9493": "game:agedstonebricks-granite",
        "3061": "game:cobblestonestairs-granite-up-south-free",
        "5535": "game:loosestones-granite-free",
        "16414": "game:rocktyped-rubble-free",
        "5122": "game:looseboulders-granite-free",
        "7277": "game:planks-aged-ns",
        "8109": "game:chest-east",
        "8606": "game:clutter",
        "8383": "game:torch-basic-burnedout-east",
        "2985": "game:cobblestonestairs-granite-up-north-free",
        "9520": "game:door-ruined-rough2",
        "136": "game:multiblock-monolithic-0-p1-0",
        "2329": "game:slantedroofing-brownclay-east-free",
        "8079": "game:clutteredbookshelf",
        "2833": "game:cobblestoneslab-granite-up-free",
        "3042": "game:cobblestonestairs-granite-down-east-free",
        "8610": "game:groundstorage",
        "3004": "game:cobblestonestairs-granite-down-north-free",
        "3080": "game:cobblestonestairs-granite-down-south-free",
        "7290": "game:planks-aged-ud",
        "7355": "game:plankslab-aged-up-free",
        "3118": "game:cobblestonestairs-granite-down-west-free",
        "2339": "game:slantedroofing-brownclay-south-free",
        "7368": "game:plankslab-aged-down-free",
        "9521": "game:door-ruined-rough3",
        "2349": "game:slantedroofing-brownclay-west-free",
        "3099": "game:cobblestonestairs-granite-up-west-free",
        "1565": "game:torchholder-aged-empty-north",
        "8379": "game:torch-basic-extinct-north",
        "7329": "game:plankslab-aged-south-free",
        "2319": "game:slantedroofing-brownclay-north-free",
        "2795": "game:cobblestoneslab-granite-south-free",
        "2757": "game:cobblestoneslab-granite-north-free"
    },
    "ItemCodes": {
        "278": "game:stackrandomizer-painting",
        "279": "game:stackrandomizer-gear",
        "275": "game:stackrandomizer-resource",
        "4687": "game:stackrandomizer-materials-building",
        "1462": "game:shingle-burned-brown",
        "3639": "game:stackrandomizer-clayproducts",
        "272": "game:stackrandomizer-seed",
        "3638": "game:stackrandomizer-buildingblocks",
        "4688": "game:stackrandomizer-materials-mining",
        "4683": "game:stackrandomizer-clutter-chains-and-fences"
    },
    "Indices": [
        12288,
        18432,
        19456,
        20480,
        1060864,
        1067008,
        1068032,
        1069056,
        2109440,
        2115584,
        2116608,
        2117632,
        3158016,
        3164160,
        3165184,
        3166208,
        4213760,
        4214784,
        11265,
        12289,
        13313,
        14337,
        15361,
        16385,
        17409,
        18433,
        19457,
        20481,
        1059841,
        1060865,
        1061889,
        1062913,
        1063937,
        1064961,
        1065985,
        1067009,
        1068033,
        1069057,
        2108417,
        2109441,
        2110465,
        2111489,
        2112513,
        2113537,
        2114561,
        2115585,
        2116609,
        2117633,
        3156993,
        3158017,
        3163137,
        3164161,
        3165185,
        3166209,
        3167233,
        4206593,
        4213761,
        4214785,
        5262337,
        5263361,
        9451521,
        8194,
        9218,
        10242,
        11266,
        12290,
        13314,
        14338,
        15362,
        16386,
        17410,
        18434,
        19458,
        20482,
        21506,
        22530,
        23554,
        1056770,
        1057794,
        1058818,
        1059842,
        1060866,
        1061890,
        1062914,
        1063938,
        1064962,
        1065986,
        1067010,
        1068034,
        1069058,
        1070082,
        1071106,
        1072130,
        2105346,
        2106370,
        2107394,
        2108418,
        2109442,
        2110466,
        2111490,
        2112514,
        2113538,
        2114562,
        2115586,
        2116610,
        2117634,
        2118658,
        2119682,
        2120706,
        3153922,
        3154946,
        3155970,
        3156994,
        3158018,
        3159042,
        3160066,
        3161090,
        3162114,
        3163138,
        3164162,
        3165186,
        3166210,
        3167234,
        3168258,
        3169282,
        4205570,
        4206594,
        4208642,
        4209666,
        4210690,
        4211714,
        4212738,
        4213762,
        4214786,
        4215810,
        5255170,
        5257218,
        5258242,
        5259266,
        5260290,
        5261314,
        5262338,
        5263362,
        5264386,
        6303746,
        6304770,
        6305794,
        6306818,
        6307842,
        6308866,
        6309890,
        6310914,
        6311938,
        6312962,
        6313986,
        7354370,
        7355394,
        7356418,
        7357442,
        7358466,
        7359490,
        7360514,
        7361538,
        8402946,
        8403970,
        8404994,
        8406018,
        8407042,
        8409090,
        8410114,
        9450498,
        9451522,
        9452546,
        9458690,
        10500098,
        10507266,
        8195,
        9219,
        10243,
        11267,
        12291,
        13315,
        14339,
        15363,
        16387,
        17411,
        18435,
        19459,
        20483,
        21507,
        22531,
        23555,
        24579,
        1056771,
        1057795,
        1058819,
        1059843,
        1060867,
        1061891,
        1062915,
        1063939,
        1064963,
        1065987,
        1067011,
        1068035,
        1069059,
        1070083,
        1071107,
        1072131,
        1073155,
        2105347,
        2106371,
        2107395,
        2108419,
        2109443,
        2110467,
        2111491,
        2112515,
        2113539,
        2114563,
        2115587,
        2116611,
        2117635,
        2118659,
        2119683,
        2120707,
        2121731,
        3152899,
        3153923,
        3154947,
        3155971,
        3156995,
        3158019,
        3159043,
        3160067,
        3161091,
        3164163,
        3165187,
        3166211,
        3167235,
        3168259,
        3169283,
        4203523,
        4204547,
        4205571,
        4206595,
        4207619,
        4208643,
        4212739,
        4214787,
        4215811,
        4216835,
        5253123,
        5254147,
        5255171,
        5256195,
        5257219,
        5264387,
        5265411,
        6302723,
        6303747,
        6304771,
        6305795,
        6312963,
        7351299,
        7352323,
        7353347,
        7354371,
        7361539,
        8400899,
        8402947,
        8410115,
        9444355,
        9450499,
        9451523,
        9458691,
        10500099,
        10507267,
        11548675,
        5124,
        6148,
        7172,
        8196,
        9220,
        10244,
        11268,
        12292,
        13316,
        14340,
        15364,
        16388,
        17412,
        18436,
        19460,
        20484,
        21508,
        22532,
        23556,
        24580,
        1053700,
        1054724,
        1055748,
        1056772,
        1057796,
        1058820,
        1059844,
        1060868,
        1061892,
        1062916,
        1063940,
        1064964,
        1065988,
        1067012,
        1068036,
        1069060,
        1070084,
        1071108,
        1072132,
        1073156,
        2102276,
        2103300,
        2104324,
        2105348,
        2106372,
        2107396,
        2108420,
        2109444,
        2110468,
        2111492,
        2112516,
        2113540,
        2114564,
        2115588,
        2116612,
        2117636,
        2118660,
        2119684,
        2120708,
        2121732,
        3150852,
        3152900,
        3153924,
        3154948,
        3155972,
        3156996,
        3158020,
        3159044,
        3160068,
        3162116,
        3164164,
        3166212,
        3167236,
        3168260,
        3169284,
        3170308,
        4199428,
        4201476,
        4202500,
        4203524,
        4204548,
        4205572,
        4206596,
        4207620,
        4208644,
        4209668,
        4215812,
        4216836,
        4217860,
        5245956,
        5250052,
        5251076,
        5252100,
        5253124,
        5254148,
        5255172,
        5256196,
        5257220,
        5264388,
        6298628,
        6299652,
        6300676,
        6301700,
        6302724,
        6303748,
        6304772,
        6305796,
        6312964,
        7347204,
        7350276,
        7351300,
        7352324,
        7353348,
        7354372,
        7361540,
        8391684,
        8394756,
        8395780,
        8396804,
        8398852,
        8399876,
        8400900,
        8401924,
        8402948,
        8410116,
        9443332,
        9444356,
        9445380,
        9448452,
        9449476,
        9450500,
        9451524,
        9458692,
        10492932,
        10493956,
        10496004,
        10497028,
        10498052,
        10499076,
        10500100,
        10507268,
        11541508,
        11542532,
        11543556,
        11544580,
        11545604,
        11546628,
        11547652,
        11548676,
        11555844,
        12590084,
        12592132,
        12593156,
        12594180,
        12596228,
        12597252,
        12604420,
        13638660,
        13639684,
        13640708,
        13641732,
        13642756,
        13644804,
        14687236,
        14690308,
        15735812,
        15738884,
        16784388,
        16785412,
        16786436,
        16787460,
        17832964,
        17833988,
        17835012,
        17836036,
        3077,
        4101,
        5125,
        6149,
        7173,
        8197,
        9221,
        10245,
        11269,
        12293,
        13317,
        14341,
        15365,
        16389,
        17413,
        18437,
        19461,
        20485,
        21509,
        22533,
        23557,
        24581,
        1051653,
        1052677,
        1053701,
        1054725,
        1055749,
        1056773,
        1057797,
        1058821,
        1059845,
        1060869,
        1061893,
        1062917,
        1063941,
        1064965,
        1065989,
        1067013,
        1068037,
        1069061,
        1070085,
        1071109,
        1072133,
        1073157,
        2100229,
        2101253,
        2102277,
        2103301,
        2104325,
        2105349,
        2106373,
        2107397,
        2108421,
        2109445,
        2110469,
        2111493,
        2112517,
        2113541,
        2114565,
        2115589,
        2116613,
        2117637,
        2118661,
        2119685,
        2120709,
        2121733,
        3147781,
        3148805,
        3149829,
        3150853,
        3151877,
        3152901,
        3154949,
        3155973,
        3159045,
        3160069,
        3163141,
        3167237,
        3168261,
        3169285,
        3170309,
        4197381,
        4198405,
        4199429,
        4200453,
        4201477,
        4204549,
        4207621,
        4208645,
        4215813,
        5245957,
        5246981,
        5248005,
        5249029,
        5250053,
        5256197,
        5257221,
        5264389,
        6294533,
        6295557,
        6296581,
        6297605,
        6298629,
        6299653,
        6300677,
        6301701,
        6302725,
        6303749,
        6304773,
        6305797,
        6312965,
        7343109,
        7344133,
        7345157,
        7346181,
        7347205,
        7352325,
        7353349,
        7361541,
        8391685,
        8392709,
        8393733,
        8394757,
        8395781,
        8401925,
        8410117,
        9439237,
        9440261,
        9441285,
        9443333,
        9444357,
        9450501,
        9451525,
        9458693,
        10492933,
        10499077,
        10500101,
        10507269,
        11541509,
        11547653,
        11548677,
        11555845,
        12590085,
        12591109,
        12592133,
        12593157,
        12594181,
        12595205,
        12596229,
        12597253,
        12604421,
        13638661,
        13641733,
        13642757,
        13644805,
        13645829,
        13652997,
        13654021,
        14690309,
        16784389,
        17832965,
        17833989,
        17835013,
        17836037,
        3078,
        4102,
        5126,
        6150,
        7174,
        8198,
        9222,
        10246,
        11270,
        12294,
        13318,
        14342,
        15366,
        16390,
        17414,
        18438,
        19462,
        20486,
        21510,
        22534,
        23558,
        24582,
        1051654,
        1052678,
        1053702,
        1054726,
        1055750,
        1056774,
        1057798,
        1058822,
        1059846,
        1060870,
        1061894,
        1062918,
        1063942,
        1064966,
        1065990,
        1067014,
        1068038,
        1069062,
        1070086,
        1071110,
        1072134,
        1073158,
        2100230,
        2101254,
        2102278,
        2103302,
        2104326,
        2105350,
        2106374,
        2107398,
        2108422,
        2109446,
        2110470,
        2111494,
        2112518,
        2113542,
        2114566,
        2115590,
        2116614,
        2117638,
        2118662,
        2119686,
        2120710,
        2121734,
        3148806,
        3149830,
        3150854,
        3151878,
        3152902,
        3156998,
        3159046,
        3161094,
        3162118,
        3167238,
        4197382,
        4200454,
        4201478,
        4205574,
        4207622,
        4215814,
        5245958,
        5249030,
        5250054,
        5254150,
        5256198,
        5257222,
        5264390,
        6294534,
        6298630,
        6299654,
        6302726,
        6303750,
        6304774,
        6305798,
        6312966,
        7343110,
        7347206,
        7351302,
        7361542,
        8391686,
        8395782,
        8410118,
        9440262,
        9441286,
        9444358,
        9450502,
        9458694,
        10488838,
        10492934,
        10499078,
        10500102,
        10507270,
        11541510,
        11547654,
        11555846,
        12590086,
        12591110,
        12594182,
        12595206,
        12596230,
        12604422,
        13638662,
        13639686,
        13644806,
        14693382,
        16784390,
        17832966,
        17833990,
        17835014,
        3079,
        4103,
        5127,
        6151,
        7175,
        8199,
        9223,
        10247,
        11271,
        12295,
        13319,
        14343,
        15367,
        16391,
        17415,
        18439,
        19463,
        20487,
        21511,
        22535,
        23559,
        1051655,
        1052679,
        1053703,
        1054727,
        1055751,
        1056775,
        1057799,
        1058823,
        1059847,
        1060871,
        1061895,
        1062919,
        1063943,
        1064967,
        1065991,
        1067015,
        1068039,
        1069063,
        1070087,
        1071111,
        1072135,
        2100231,
        2101255,
        2102279,
        2103303,
        2104327,
        2105351,
        2106375,
        2107399,
        2108423,
        2109447,
        2110471,
        2111495,
        2112519,
        2113543,
        2114567,
        2115591,
        2116615,
        2117639,
        2118663,
        2119687,
        2120711,
        3148807,
        3149831,
        3150855,
        3151879,
        3152903,
        3156999,
        3158023,
        3159047,
        3160071,
        3161095,
        3162119,
        3166215,
        3167239,
        4197383,
        4199431,
        4201479,
        4207623,
        4208647,
        4209671,
        4210695,
        4215815,
        5245959,
        5250055,
        5256199,
        5257223,
        5264391,
        6294535,
        6298631,
        6299655,
        6303751,
        6304775,
        6305799,
        6311943,
        6312967,
        7347207,
        7352327,
        7353351,
        7354375,
        7361543,
        8391687,
        8395783,
        8401927,
        8402951,
        8410119,
        9440263,
        9444359,
        9450503,
        9451527,
        9458695,
        10488839,
        10492935,
        10499079,
        10500103,
        10507271,
        11541511,
        11547655,
        11555847,
        12590087,
        12591111,
        12592135,
        12593159,
        12596231,
        13638663,
        13641735,
        14687239,
        14688263,
        15735815,
        16784391,
        17832967,
        17833991,
        2056,
        3080,
        4104,
        5128,
        6152,
        7176,
        8200,
        9224,
        10248,
        11272,
        12296,
        13320,
        14344,
        15368,
        16392,
        17416,
        18440,
        19464,
        20488,
        21512,
        22536,
        1050632,
        1051656,
        1052680,
        1053704,
        1054728,
        1055752,
        1056776,
        1057800,
        1058824,
        1059848,
        1060872,
        1061896,
        1062920,
        1063944,
        1064968,
        1065992,
        1067016,
        1068040,
        1069064,
        1070088,
        1071112,
        2099208,
        2100232,
        2101256,
        2102280,
        2103304,
        2104328,
        2105352,
        2106376,
        2107400,
        2108424,
        2109448,
        2110472,
        2111496,
        2112520,
        2113544,
        2114568,
        2115592,
        2116616,
        2117640,
        2118664,
        2119688,
        3148808,
        3149832,
        3150856,
        3152904,
        3155976,
        3157000,
        3158024,
        3159048,
        3160072,
        3161096,
        3162120,
        3163144,
        3164168,
        3165192,
        3166216,
        3167240,
        3168264,
        4197384,
        4198408,
        4200456,
        4201480,
        4206600,
        4207624,
        4208648,
        4209672,
        4210696,
        4211720,
        4212744,
        4213768,
        4214792,
        4215816,
        5245960,
        5250056,
        5256200,
        5257224,
        5258248,
        5259272,
        5260296,
        5261320,
        5262344,
        5263368,
        5264392,
        6294536,
        6298632,
        6299656,
        6303752,
        6304776,
        6305800,
        6306824,
        6308872,
        6310920,
        6311944,
        6312968,
        7343112,
        7347208,
        7353352,
        7354376,
        7357448,
        7359496,
        7360520,
        7361544,
        8391688,
        8395784,
        8401928,
        8402952,
        8410120,
        9440264,
        9444360,
        9450504,
        9458696,
        10492936,
        10499080,
        10507272,
        10508296,
        11541512,
        12590088,
        12591112,
        13638664,
        16784392,
        17833992,
        1033,
        2057,
        3081,
        4105,
        5129,
        6153,
        7177,
        8201,
        9225,
        10249,
        11273,
        12297,
        13321,
        14345,
        15369,
        16393,
        17417,
        18441,
        19465,
        20489,
        21513,
        1049609,
        1050633,
        1051657,
        1052681,
        1053705,
        1054729,
        1055753,
        1056777,
        1057801,
        1058825,
        1059849,
        1060873,
        1061897,
        1062921,
        1063945,
        1064969,
        1065993,
        1067017,
        1068041,
        1069065,
        1070089,
        2098185,
        2099209,
        2100233,
        2101257,
        2102281,
        2103305,
        2104329,
        2105353,
        2106377,
        2107401,
        2108425,
        2109449,
        2110473,
        2111497,
        2112521,
        2113545,
        2114569,
        2115593,
        2116617,
        2117641,
        2118665,
        3147785,
        3148809,
        3149833,
        3152905,
        3153929,
        3154953,
        3155977,
        3157001,
        3158025,
        3159049,
        3160073,
        3161097,
        3162121,
        3163145,
        3164169,
        3165193,
        3166217,
        4196361,
        4197385,
        4198409,
        4201481,
        4204553,
        4205577,
        4206601,
        4207625,
        4208649,
        4209673,
        4210697,
        4211721,
        4212745,
        4213769,
        4214793,
        5244937,
        5245961,
        5248009,
        5249033,
        5250057,
        5256201,
        5257225,
        5258249,
        5259273,
        5260297,
        5261321,
        5262345,
        6296585,
        6297609,
        6298633,
        6299657,
        6302729,
        6303753,
        6304777,
        6305801,
        6306825,
        6307849,
        6312969,
        7345161,
        7346185,
        7347209,
        7352329,
        7353353,
        8394761,
        8395785,
        8401929,
        9444361,
        9450505,
        9458697,
        10492937,
        11541513,
        12590089,
        12591113,
        12592137,
        13638665,
        13639689,
        13640713,
        16784393,
        17833993,
        1034,
        2058,
        3082,
        4106,
        5130,
        6154,
        7178,
        8202,
        9226,
        10250,
        11274,
        12298,
        13322,
        14346,
        15370,
        16394,
        17418,
        18442,
        19466,
        20490,
        21514,
        1049610,
        1050634,
        1051658,
        1052682,
        1053706,
        1054730,
        1055754,
        1056778,
        1057802,
        1058826,
        1059850,
        1060874,
        1061898,
        1062922,
        1063946,
        1064970,
        1065994,
        1067018,
        1068042,
        1069066,
        1070090,
        2098186,
        2099210,
        2100234,
        2101258,
        2102282,
        2103306,
        2104330,
        2105354,
        2106378,
        2107402,
        2108426,
        2109450,
        2110474,
        2111498,
        2112522,
        2113546,
        2114570,
        2115594,
        2116618,
        2117642,
        2118666,
        3146762,
        3147786,
        3148810,
        3149834,
        3150858,
        3151882,
        3152906,
        3153930,
        3154954,
        3155978,
        3157002,
        3158026,
        3159050,
        3160074,
        3161098,
        3162122,
        3163146,
        3164170,
        3165194,
        3166218,
        3167242,
        4196362,
        4197386,
        4198410,
        4201482,
        4202506,
        4203530,
        4204554,
        4205578,
        4206602,
        4207626,
        4208650,
        4209674,
        4210698,
        4211722,
        4212746,
        4213770,
        5245962,
        5250058,
        5251082,
        5252106,
        5253130,
        5254154,
        5255178,
        5256202,
        5257226,
        5258250,
        5259274,
        5260298,
        5261322,
        6297610,
        6298634,
        6299658,
        6300682,
        6301706,
        6302730,
        6303754,
        6304778,
        6305802,
        7347210,
        7348234,
        7349258,
        7350282,
        7351306,
        7352330,
        8395786,
        8396810,
        8397834,
        8398858,
        8399882,
        9444362,
        9445386,
        9446410,
        9447434,
        10492938,
        10493962,
        10494986,
        10496010,
        11541514,
        11542538,
        11543562,
        12590090,
        12591114,
        12592138,
        13638666,
        13639690,
        13640714,
        14687242,
        15735818,
        16784394,
        16785418,
        17832970,
        1035,
        2059,
        3083,
        4107,
        5131,
        6155,
        7179,
        8203,
        9227,
        10251,
        11275,
        12299,
        13323,
        14347,
        15371,
        16395,
        17419,
        18443,
        19467,
        20491,
        21515,
        1049611,
        1050635,
        1051659,
        1052683,
        1053707,
        1054731,
        1055755,
        1056779,
        1057803,
        1058827,
        1059851,
        1060875,
        1061899,
        1062923,
        1063947,
        1064971,
        1065995,
        1067019,
        1068043,
        1069067,
        1070091,
        2098187,
        2099211,
        2100235,
        2101259,
        2102283,
        2103307,
        2104331,
        2105355,
        2106379,
        2107403,
        2108427,
        2109451,
        2110475,
        2111499,
        2112523,
        2113547,
        2114571,
        2115595,
        2116619,
        2117643,
        2118667,
        3147787,
        3148811,
        3149835,
        3152907,
        3153931,
        3154955,
        3155979,
        3159051,
        3160075,
        3161099,
        3162123,
        3163147,
        3164171,
        3165195,
        3166219,
        3167243,
        4196363,
        4197387,
        4210699,
        4211723,
        4213771,
        12,
        1036,
        2060,
        3084,
        13324,
        14348,
        15372,
        16396,
        17420,
        18444,
        19468,
        20492,
        1048588,
        1049612,
        1050636,
        1051660,
        1061900,
        1062924,
        1063948,
        1064972,
        1065996,
        1067020,
        1068044,
        1069068,
        2097164,
        2098188,
        2099212,
        2100236,
        2110476,
        2111500,
        2112524,
        2113548,
        2114572,
        2115596,
        2116620,
        2117644,
        3148812,
        3159052,
        3161100,
        3162124,
        3163148,
        3164172,
        3165196,
        3166220,
        13,
        1048589,
        2097165
    ],
    "BlockIds": [
        2966,
        2966,
        2966,
        2966,
        2966,
        2966,
        2966,
        2966,
        2966,
        2966,
        2966,
        2966,
        3023,
        3023,
        4154,
        5107,
        2852,
        2852,
        2966,
        2966,
        2966,
        2966,
        2966,
        2966,
        2966,
        2966,
        2966,
        2966,
        2966,
        2966,
        2966,
        2966,
        2966,
        2966,
        2966,
        2966,
        2966,
        2966,
        2966,
        2966,
        2966,
        2966,
        2966,
        2966,
        2966,
        2966,
        2966,
        2966,
        3023,
        2966,
        5107,
        5107,
        5107,
        5107,
        9698,
        2966,
        5107,
        2966,
        2966,
        2852,
        9698,
        2966,
        2966,
        2966,
        2966,
        2966,
        2966,
        2966,
        2966,
        2966,
        2966,
        2966,
        2966,
        2966,
        2966,
        2966,
        2966,
        2966,
        2966,
        2966,
        2966,
        2966,
        2966,
        2966,
        2966,
        2966,
        2966,
        2966,
        2966,
        2966,
        2966,
        2966,
        2966,
        2966,
        2966,
        2966,
        2966,
        2966,
        2966,
        2966,
        2966,
        2966,
        2966,
        2966,
        2966,
        2966,
        2966,
        2966,
        2966,
        2966,
        4154,
        5107,
        5107,
        2966,
        9698,
        4154,
        2966,
        9493,
        2966,
        4154,
        2966,
        4154,
        2966,
        4154,
        2966,
        3023,
        2966,
        2966,
        4154,
        9493,
        4154,
        9493,
        4154,
        9493,
        2966,
        2966,
        2966,
        9493,
        9493,
        4154,
        9493,
        9493,
        2966,
        2966,
        3061,
        9698,
        9493,
        4154,
        9493,
        2966,
        2966,
        9493,
        2966,
        9493,
        9698,
        9493,
        4154,
        2966,
        4154,
        2966,
        5535,
        2966,
        2966,
        9493,
        4154,
        2852,
        16414,
        5122,
        5122,
        4154,
        9698,
        2966,
        4154,
        2966,
        3023,
        5122,
        2966,
        2966,
        2966,
        2966,
        2966,
        2966,
        2966,
        7277,
        7277,
        2966,
        7277,
        7277,
        2966,
        2966,
        2966,
        2966,
        2966,
        2966,
        2966,
        2966,
        2966,
        2966,
        2966,
        2966,
        7277,
        7277,
        2966,
        7277,
        7277,
        2966,
        2966,
        2966,
        2966,
        2966,
        2966,
        2966,
        2966,
        2966,
        2966,
        2966,
        2966,
        7277,
        7277,
        2966,
        7277,
        7277,
        2966,
        2966,
        2966,
        2966,
        2966,
        9698,
        4154,
        5107,
        5107,
        5107,
        9493,
        2966,
        2966,
        8109,
        8606,
        5107,
        5107,
        2966,
        5107,
        2966,
        2966,
        5107,
        5107,
        2966,
        4154,
        9493,
        8383,
        5107,
        4154,
        5107,
        2966,
        5107,
        3061,
        2966,
        9493,
        9493,
        2985,
        5107,
        5107,
        3061,
        9493,
        4154,
        16414,
        5107,
        9698,
        9520,
        2966,
        5122,
        136,
        2966,
        9698,
        9698,
        2966,
        9493,
        2966,
        16414,
        3023,
        2966,
        2966,
        2966,
        2966,
        2966,
        2966,
        2966,
        2966,
        2966,
        2966,
        2966,
        2966,
        7277,
        7277,
        7277,
        7277,
        2966,
        2966,
        2966,
        2966,
        2966,
        2966,
        2966,
        2966,
        2966,
        2966,
        2966,
        2966,
        2966,
        2966,
        2966,
        2966,
        7277,
        7277,
        7277,
        7277,
        2966,
        2966,
        2966,
        2966,
        2966,
        2966,
        2966,
        2966,
        2966,
        2966,
        2966,
        2966,
        2966,
        2966,
        2966,
        2966,
        7277,
        7277,
        7277,
        7277,
        2966,
        2966,
        2966,
        2966,
        5107,
        2966,
        4154,
        2966,
        9493,
        2966,
        9493,
        9493,
        9493,
        8606,
        8606,
        5107,
        4154,
        2966,
        2966,
        2966,
        2329,
        4154,
        2966,
        9493,
        2966,
        2966,
        4154,
        9493,
        2966,
        8079,
        2852,
        2966,
        9698,
        9698,
        9493,
        4154,
        2966,
        4154,
        9493,
        2966,
        2966,
        4154,
        2833,
        9493,
        16414,
        5535,
        2966,
        4154,
        2966,
        9493,
        9493,
        2966,
        4154,
        9493,
        2966,
        4154,
        2966,
        2966,
        4154,
        9698,
        9698,
        2966,
        2966,
        16414,
        9493,
        2966,
        9493,
        2966,
        2852,
        9698,
        2966,
        4154,
        9493,
        9493,
        2966,
        2966,
        2833,
        2966,
        2966,
        4154,
        2966,
        9493,
        2966,
        9493,
        2966,
        2966,
        9493,
        2966,
        9493,
        2966,
        4154,
        4154,
        2966,
        2966,
        9493,
        3042,
        3042,
        3042,
        9493,
        3023,
        3023,
        9493,
        4154,
        4154,
        2966,
        8610,
        16414,
        2966,
        4154,
        2966,
        9493,
        9493,
        3004,
        3080,
        4154,
        9493,
        2329,
        2329,
        9493,
        2966,
        2966,
        2966,
        2966,
        2966,
        7277,
        2966,
        7290,
        7277,
        7277,
        2966,
        2966,
        7277,
        7277,
        7277,
        7277,
        2966,
        2966,
        2966,
        2966,
        2966,
        2966,
        2966,
        2966,
        2966,
        2966,
        2966,
        7277,
        2966,
        7290,
        7277,
        7277,
        2966,
        2966,
        7277,
        7277,
        7277,
        7277,
        2966,
        2966,
        2966,
        2966,
        2966,
        2966,
        2966,
        2966,
        2966,
        2966,
        2966,
        7277,
        2966,
        7290,
        7277,
        7277,
        2966,
        2966,
        7277,
        7277,
        7277,
        7277,
        2966,
        2966,
        2966,
        2966,
        2966,
        2966,
        9698,
        2966,
        2966,
        9493,
        2966,
        2966,
        8606,
        8606,
        2966,
        4154,
        8606,
        9493,
        5107,
        2966,
        5107,
        9493,
        2966,
        9493,
        9493,
        9493,
        8606,
        9493,
        4154,
        2966,
        9493,
        4154,
        9493,
        4154,
        9493,
        4154,
        9493,
        9493,
        2966,
        2966,
        4154,
        2966,
        2966,
        7355,
        7355,
        7355,
        7355,
        7355,
        4154,
        4154,
        9493,
        2966,
        2966,
        9493,
        9493,
        2966,
        8109,
        2966,
        9493,
        9493,
        2966,
        4154,
        4154,
        2966,
        9493,
        2966,
        9698,
        2329,
        2329,
        5535,
        2966,
        2966,
        4154,
        9493,
        9493,
        9493,
        2966,
        2966,
        9493,
        2966,
        9493,
        2852,
        3080,
        7355,
        7355,
        7355,
        7355,
        7355,
        3004,
        4154,
        2833,
        4154,
        8610,
        8610,
        9493,
        2852,
        2852,
        9698,
        8383,
        3118,
        2339,
        7368,
        7368,
        7368,
        2966,
        2966,
        2966,
        2966,
        2966,
        2966,
        7277,
        7277,
        2966,
        7277,
        4154,
        7277,
        7277,
        7277,
        2966,
        7277,
        7277,
        2966,
        2966,
        2966,
        2966,
        2966,
        2966,
        2966,
        2966,
        2966,
        2966,
        2966,
        7277,
        7277,
        2966,
        7277,
        4154,
        7277,
        7277,
        7277,
        2966,
        7277,
        7277,
        2966,
        2966,
        2966,
        2966,
        2966,
        2966,
        2966,
        2966,
        2966,
        2966,
        2966,
        7277,
        7277,
        2966,
        7277,
        4154,
        7277,
        7277,
        7277,
        2966,
        7277,
        7277,
        2966,
        2966,
        2966,
        2966,
        2966,
        4154,
        8606,
        5107,
        5107,
        2966,
        8606,
        9521,
        5107,
        8606,
        4154,
        9493,
        5107,
        9493,
        8606,
        136,
        2852,
        2966,
        2349,
        4154,
        8606,
        9493,
        2966,
        2833,
        2966,
        4154,
        7355,
        8606,
        7355,
        4154,
        2966,
        2966,
        4154,
        9493,
        8606,
        4154,
        4154,
        4154,
        2852,
        4154,
        3118,
        4154,
        9493,
        2833,
        2329,
        9493,
        4154,
        9493,
        4154,
        9493,
        9493,
        2966,
        3080,
        7355,
        8606,
        7355,
        3004,
        3099,
        9493,
        2349,
        4154,
        5122,
        3042,
        2339,
        7368,
        7368,
        2966,
        2966,
        2966,
        2966,
        4154,
        7277,
        2966,
        2966,
        7277,
        2966,
        2966,
        2966,
        2966,
        7277,
        7277,
        2966,
        7277,
        7277,
        2966,
        2966,
        2966,
        2966,
        2966,
        2966,
        2966,
        4154,
        7277,
        2966,
        2966,
        7277,
        2966,
        2966,
        2966,
        2966,
        7277,
        7277,
        2966,
        7277,
        7277,
        2966,
        2966,
        2966,
        2966,
        2966,
        2966,
        2966,
        4154,
        7277,
        2966,
        2966,
        7277,
        2966,
        2966,
        2966,
        2966,
        7277,
        7277,
        2966,
        7277,
        7277,
        2966,
        2966,
        2966,
        4154,
        8610,
        5107,
        5107,
        9520,
        5107,
        5107,
        9493,
        2966,
        5107,
        5107,
        8606,
        2966,
        2966,
        2349,
        136,
        4154,
        4154,
        5107,
        8079,
        9493,
        2966,
        9493,
        2966,
        2966,
        2966,
        2852,
        2966,
        7355,
        7355,
        4154,
        2966,
        7355,
        9493,
        4154,
        8606,
        9493,
        2966,
        9493,
        2833,
        2852,
        2966,
        2966,
        9493,
        2966,
        2833,
        4154,
        2966,
        2966,
        9493,
        4154,
        2966,
        16414,
        9493,
        4154,
        2966,
        3099,
        3080,
        7355,
        7355,
        7355,
        3004,
        2966,
        8606,
        2966,
        1565,
        2966,
        4154,
        4154,
        7368,
        2966,
        2966,
        2966,
        2966,
        2966,
        2966,
        2966,
        7277,
        7277,
        7277,
        2966,
        2966,
        2966,
        2966,
        2966,
        2966,
        2966,
        2966,
        2966,
        2966,
        2966,
        2966,
        2966,
        2966,
        2966,
        2966,
        2966,
        2966,
        7277,
        7277,
        7277,
        2966,
        2966,
        2966,
        2966,
        2966,
        2966,
        2966,
        2966,
        2966,
        2966,
        2966,
        2966,
        2966,
        2966,
        2966,
        2966,
        2966,
        2966,
        7277,
        7277,
        7277,
        2966,
        2966,
        2966,
        2966,
        2966,
        2966,
        2966,
        2966,
        2966,
        2966,
        2966,
        2966,
        5107,
        5107,
        4154,
        5107,
        5107,
        5107,
        2966,
        9493,
        2966,
        9493,
        4154,
        2966,
        4154,
        2966,
        2966,
        9698,
        9493,
        8610,
        8379,
        9493,
        5107,
        9493,
        9493,
        9493,
        2966,
        2966,
        9493,
        4154,
        2966,
        2966,
        9493,
        4154,
        4154,
        9493,
        9493,
        4154,
        9493,
        4154,
        9493,
        2966,
        2966,
        2966,
        4154,
        7355,
        7355,
        2966,
        2966,
        4154,
        2966,
        4154,
        2966,
        2966,
        9493,
        9493,
        4154,
        2966,
        5122,
        16414,
        5122,
        2966,
        2966,
        4154,
        9493,
        5122,
        2966,
        9493,
        2966,
        2966,
        4154,
        9493,
        5535,
        3099,
        9698,
        9493,
        3080,
        7355,
        4154,
        3118,
        7368,
        2966,
        2966,
        2966,
        2966,
        2966,
        2966,
        2966,
        7277,
        2966,
        7277,
        7277,
        2966,
        2966,
        2966,
        2966,
        2966,
        2966,
        2966,
        2966,
        2966,
        2966,
        2966,
        2966,
        2966,
        2966,
        2966,
        2966,
        2966,
        7277,
        2966,
        7277,
        7277,
        2966,
        2966,
        2966,
        2966,
        2966,
        2966,
        2966,
        2966,
        2966,
        2966,
        2966,
        2966,
        2966,
        2966,
        2966,
        2966,
        2966,
        7277,
        2966,
        7277,
        7277,
        2966,
        2966,
        2966,
        2966,
        2966,
        2966,
        2966,
        2966,
        2966,
        2966,
        2966,
        4154,
        2966,
        4154,
        5107,
        5107,
        5107,
        5107,
        5107,
        9493,
        4154,
        9493,
        4154,
        9493,
        2966,
        2966,
        5107,
        8610,
        9493,
        2966,
        2966,
        5107,
        5107,
        5107,
        2966,
        4154,
        4154,
        9493,
        2966,
        2966,
        5107,
        5107,
        9698,
        9493,
        3004,
        3080,
        9493,
        2966,
        4154,
        4154,
        2966,
        2966,
        5107,
        5107,
        4154,
        2966,
        9493,
        7355,
        7329,
        7355,
        9493,
        2966,
        2966,
        16414,
        9698,
        2339,
        4154,
        2966,
        8606,
        4154,
        9493,
        9493,
        4154,
        2966,
        5122,
        9698,
        2966,
        2966,
        3080,
        7355,
        7355,
        9493,
        8109,
        2319,
        3042,
        7368,
        2966,
        2966,
        2966,
        2966,
        2966,
        2966,
        2966,
        2966,
        2966,
        2966,
        2966,
        2966,
        2966,
        2966,
        2966,
        2966,
        2966,
        2966,
        2966,
        2966,
        2966,
        2966,
        2966,
        2966,
        2966,
        2966,
        2966,
        2966,
        2966,
        2966,
        2966,
        2966,
        2966,
        2966,
        2966,
        2966,
        2966,
        2966,
        2966,
        2966,
        2966,
        2966,
        2966,
        2966,
        2966,
        2966,
        2966,
        2966,
        2966,
        2966,
        2966,
        2966,
        2966,
        2966,
        2966,
        2966,
        2966,
        2966,
        2966,
        2966,
        2966,
        2966,
        2966,
        2966,
        2966,
        5107,
        5107,
        8610,
        9698,
        2966,
        2966,
        2966,
        9493,
        4154,
        2966,
        2966,
        5107,
        5107,
        5107,
        5107,
        5107,
        2966,
        2966,
        5107,
        2966,
        2966,
        2349,
        9493,
        4154,
        2966,
        9493,
        9493,
        9493,
        2966,
        4154,
        2966,
        4154,
        2966,
        2966,
        5107,
        2966,
        2966,
        4154,
        2795,
        9493,
        2757,
        9493,
        4154,
        2966,
        2966,
        5107,
        9698,
        2966,
        9698,
        9493,
        9493,
        2795,
        2966,
        2757,
        4154,
        2966,
        16414,
        4154,
        9493,
        2795,
        9493,
        2757,
        16414,
        2966,
        9493,
        2795,
        4154,
        2757,
        2966,
        9493,
        2966,
        2966,
        9493,
        9493,
        4154,
        2852,
        2966,
        2966,
        4154,
        4154,
        3118,
        3118,
        2966,
        2966,
        9493,
        9493,
        4154,
        2966,
        3004,
        9493,
        2966,
        2966,
        2966,
        2966,
        2966,
        2966,
        2966,
        2966,
        2966,
        2966,
        2966,
        2966,
        2966,
        2966,
        2966,
        2966,
        2966,
        2966,
        2966,
        2966,
        2966,
        2966,
        2966,
        2966,
        2966,
        2966,
        2966,
        2966,
        2966,
        2966,
        2966,
        2966,
        2966,
        2966,
        2966,
        2966,
        2966,
        2966,
        2966,
        2966,
        2966,
        2966,
        2966,
        2966,
        2966,
        2966,
        2966,
        2966,
        2966,
        2966,
        2966,
        2966,
        2966,
        2966,
        2966,
        2966,
        2966,
        2966,
        2966,
        2966,
        2966,
        2966,
        2966,
        5107,
        5107,
        5107,
        8606,
        8606,
        8606,
        2349,
        5107,
        4154,
        5107,
        5107,
        5107,
        2966,
        2966,
        5107,
        5107,
        9698,
        2966,
        2966,
        8606,
        5107,
        2966,
        2966,
        2966,
        2966,
        2966,
        2966,
        2966,
        2966,
        2966,
        2966,
        2966,
        2966,
        2966,
        2966,
        2966,
        2966,
        2966,
        2966,
        2966,
        2966,
        2966,
        2966,
        2966,
        2966,
        2966,
        2966,
        2966,
        2966,
        2966,
        2966,
        2966,
        2966,
        2966,
        2966,
        2966,
        2966,
        5107,
        5107,
        5107,
        2966,
        2966,
        2966,
        5107,
        5107,
        2966,
        2966,
        2966
    ],
    "DecorIndices": [],
    "DecorIds": [],
    "BlockEntities": {
        "3167233": "!<d@[F*OY/#64c-E,TfCC&e56!<d@[F*^=(#64o6@VfsmCI<#NAIrp*E,]`9FCJfiD(T1/ARl&M@V&tbF!L_m+pnYd!!%O6*<6(i58\"J9!!%O6'`\\6l5TKh)J3On19-=<:",
        "9451521": "!<d@[F*OY/#64c-E,TfCDu]k<!<d@[F*^(!#64o6@VfsmCI<#NAIrp*E,]`9FCJfiD(T1/ARl&M@V&tbF!L_m+pnYd!!%O6'`\\5!58\"J9&-.6p'`e<E^`EIT[m1ei9-=<:",
        "3159042": "!<d@[F*O\\0#64c-E,TfCC&e56!<d@[F*^$u#64o6@VfsmCI<#NAIrp*E,]`9FCJfiD(T1/ARl&M@V&tbEu4la(((3c!!%O6&df?R!8p*_!!%O6(ue0g",
        "6304770": "!<d@[F*O\\0#64c-E,TfCD#aP9!<d@[F*^$u#64o6@VfsmCI<#NAIrp*E,]`9FCJfiD(T1/ARl&M@V&tbF!:Sk+:8Vg!!%O6'`\\5!590_(J3OYR('\":u590b)J3On19)n",
        "6313986": "!<d@[F*O\\0#64c-E,TfCD#aP9!<d@[F*^@)#64o6@VfsmCI<#NAIrp*E,]`9FCJfiD(T1/ARl&M@V&tbEutAh*=;rb!!!!`&e>EP!!#8!!!!SG*<6'>5T&KR+9DN",
        "8406018": "!<d@[F*O\\0#64c-E,TfCDZBb;!<d@[F*^1$#64o6@VfsmCI<#NAJK6(@r$13E+NQ3Ecki#Ch521Eb/ec\"E\\p.AJT</@Ua.b/R`^6Cgh??/SB*4DJ=3(\":&scFCB9&=9&=$!!EUFATMNNDJ*csjNEiR\":&scFCB9&=o\\O&!!rsADes6$@ru9m!!E[MAT2'lE`7'gFCbFP!!!!",
        "9450498": "!<d@[F*O\\0#64c-E,TfCDu]k<!<d@[F*^$u#64o6@VfsmCI<#NAIrp*E,]`9FCJfiD(T1/ARl&M@V&tbF!:Sk+:8Gj!!%O6*<6(i58\"J9!!!!a'`\\4f5TKh)J3On19)n",
        "3152899": "!<d@[F*O_1#64c-E,TfCC&e56!<d@[F*]go#64o6@VfsmCI<#NAIrp*E,]`9FCJfiD(T1/ARl&M@V&tbEuG#c(^^EU!!%O6&df'J!.[9K!!'f\"(ue12!rr",
        "3161091": "!<d@[F*O_1#64c-E,TfCC&e56!<d@[F*^+\"#64o6@VfsmCI<#NAI;p\\ATMrFARTY%\"po!]G%GQ5DfU+(#'\"^#Dfg%+!!!!'\"`nKuFE7Zf0`V4S!!!c8!!!$\"!!!!(!AXWU!!!!8!<<*#!!!!%$Zp</@;J;E@;]Rd_tBrl!!`N\\!!*'\"!#GY9!!*'\"!!E[ODffE(6YKnG@qERNW'11d!AjcW!!!!4!<<*#!!!!%$Zp</@;J;E@;]Rdc-/jF!!`N^!!*'\"!)F4-!!*'\"!!!6)2?3aX!!#e-!!!$\"z!!NdCDfS0\\De!QMDe*Dd@q]FpF=h'4F*%QgFEqh:$=e!jCgh:(ARmP!$#O6pBL-NKCh;?3aZfb",
        "3164163": "!<d@[F*O_1#64c-E,TfCC&e56!<d@[F*^4%#64o6@VfsmCI<#NAHu^]F`__:EWlSfH#R=0@V'('@V'(%AmoReGqF&ZBl7Km1'@i&DffE0AQSp4!!!-.D.Rd%6#L=OAH2]1!!EOIDffE0AQf'6!!!<3@rH1\"ARfgnA,l`?Eb02uBl[-o@<?&\\z",
        "4212739": "!<d@[F*O_1#64c-E,TfCCB+>7!<d@[F*^4%#64o6@VfsmCI<#NAK#Z/Earc7@UX=l@kD/4Ec,H!Dfp.RARTY%!u#cs@;^.#FD5Z288iWkF%g.WF8u:@!!!#g^B50d@<6NXBOt[h6$-(EFCAuR@<lno!!!!m&Ih#+",
        "7351299": "!<d@[F*O_1#64c-E,TfCD?'Y:!<d@[F*]ss#64o6@VfsmCI<#NAJK6(@r$13E+NQ3Ecki#Ch521Eb/ec\"E\\p.AJT</@Ua.b/R`^6Cgh?=/SB*4DJ=3(\":&scFCB9&=9&=$!!EUFATMNNDJ*csjNA=S\":&scFCB9&=o\\O&!!rsADes6$@ru9m!!E[MAT2'lE`7'gFCbFP!!!!",
        "7353347": "!<d@[F*O_1#64c-E,TfCD?'Y:!<d@[F*^$u#64o6@VfsmCI<#NAIrp*E,]`9FCJfiD(T1/ARl&M@V&tbEutAh*=<,_!!#8K*<6()58\";4!!!#6'i*>9ZP_[p+9VZ",
        "7354371": "!<d@[F*O_1#64c-E,TfCD?'Y:!<d@[F*^(!#64o6@VfsmCI<#NAJ/NlDfRFMF_P`)A1_h?F_>AC\":B0fFCB9&=]/[=gCHlk#mP<eASu'i!!s*KDK]T3F@]hXA8Ggu!!!",
        "9444355": "!<d@[F*O_1#64c-E,TfCDu]k<!<d@[F*]go#64o6@VfsmCI<#NAIrp*E,]`9FCJfiD(T1/ARl&M@V&tbEutAh*=;rZ!!%O6&e>G]s*q`trr<#5*<?/E5T&KR+9MT",
        "9450499": "!<d@[F*O_1#64c-E,TfCDu]k<!<d@[F*^$u#64o6@VfsmCI<#NAIrp*E,]`9FCJfiD(T1/ARl&M@V&tbF%--:+:8Gb!!%O6*<6(i58\"J9!!%Pa'e[23ZQ0&HJ3On19*ujM$4Qt8J3P%S!.[9H%h/L=J3ObK!&-YY!!%O6(ue12!rr",
        "10507267": "!<d@[F*O_1#64c-E,TfCE<#t=!<d@[F*^=(#64o6@VfsmCI<#NAJK6(@r$13E+NQ3Ecki#Ch521Eb/ec\"E\\p.AJT</@Ua.b/R`^6Cgh?=/SB*4DJ=3(\":&scFCB9&=9&=$!!EUFATMNNDJ*csdSp%X\":&scFCB9&=o\\O&!!rsADes6$@ru9m!!E[MAT2'lE`7'gFCbFP!!!!",
        "3162116": "!<d@[F*Ob2#64c-E,TfCC&e56!<d@[F*^.##64o6@VfsmCI<#NAHu^]F`__:EWlSfH#R=0@V'('@V'(%AmoReGqF&ZBl7Km2$=/)DffE0AQSp4!!!-.D.Rd%6#L=OAH2]1!!EOIDffE0AQf'6!!!<3@rH1\"ARfgnA,l`?Eb02uBl[-o@<?&\\z",
        "3164164": "!<d@[F*Ob2#64c-E,TfCC&e56!<d@[F*^4%#64o6@VfsmCI<#NAHu^]F`__:EWlSfH#R=0@V'('@V'(%AmoReGqF&ZBl7Km1'@i&DffE0AQSp4!!!-.D.Rd%6#L=OA`2r/^]Xm_DffE0AQf'6!!!<3@rH1\"ARfgnA,l`?Eb02uBl[-o@<?&\\z",
        "4209668": "!<d@[F*Ob2#64c-E,TfCCB+>7!<d@[F*^+\"#64o6@VfsmCI<#NAJ/KhF`__:Eb/cjDf9E4BOu!l\"U&pmE+L5&Df9E4BOu\"'ATKM6Df9E4BOu!l/TPuJDIm?1Ap%p+1'@i&DffE0AQSp4!!!-.D.Rd%6#L=OAH2]1!!EOIDffE0AQf'6!!!<3@rH1\"ARfgnA,l`?Eb02uBl[-o@<?&\\!!!!&#BjNrBjkn$\"DD4[Ad&?[H#R=M!!!",
        "4217860": "!<d@[F*Ob2#64c-E,TfCCB+>7!<d@[F*^C*#64o6@VfsmCI<#NAIrp*E,]`9FCJfiD(T1/ARl&M@V&tbF!L_m+pnYd!!%O5*<6(i58\"J9s8W*`'f7_[ZQ0#G!43U&9-=?;",
        "5245956": "!<d@[F*Ob2#64c-E,TfCC]FG8!<d@[F*][k#64o6@VfsmCI<#NAIrp*E,]`9FCJfiD(T1/ARl&M@V&tbF!L_m+pnYd!!%O6'`\\5a58\"J9rVq@3(&e/^590_(J3Xt29-=<:",
        "6299652": "!<d@[F*Ob2#64c-E,TfCD#aP9!<d@[F*]jp#64o6@VfsmCI<#NAJK6(@r$13E+NQ3Ecki#Ch521Eb/ec\"E\\p.AJT</@Ua.b/R`^6Cgh??/SB*4DJ=3(\":&scFCB9&=9&=$!!EUFATMNNDJ*csgCME@\":&scFCB9&=o\\O&!!rsADes6$@ru9m!!E[MAT2'lE`7'gFCbFP!!!!",
        "8391684": "!<d@[F*Ob2#64c-E,TfCDZBb;!<d@[F*][k#64o6@VfsmCI<#NAIrp*E,]`9FCJfiD(T1/ARl&M@V&tbF!L_m+pnYd!!%O6'`\\5a58\"J9rVq@3(&e/^590_(J3Xt29-=<:",
        "8394756": "!<d@[F*Ob2#64c-E,TfCDZBb;!<d@[F*]dn#64o6@VfsmCI<#NAIrp*E,]`9FCJfiD(T1/ARl&M@V&tbF\"%(r-OL@n!!%O6'`\\5a590_(J3OYW%0-BY58=.uTYMTBs*m6Mi_(Br!!",
        "8398852": "!<d@[F*Ob2#64c-E,TfCDZBb;!<d@[F*]pr#64o6@VfsmCI<#NAJK6(@r$13E+NQ3Ecki#Ch521Eb/ec\"E\\p.AJT</@Ua.b/R`^6Cgh?>/SB*4DJ=3(\":&scFCB9&=9&=$!!EUFATMNNDJ*csi9`0_\":&scFCB9&=o\\O&!!rsADes6$@ru9m!!E[MAT2'lE`7'gFCbFP!!!!",
        "9443332": "!<d@[F*Ob2#64c-E,TfCDu]k<!<d@[F*]dn#64o6@VfsmCI<#NAIrp*E,]`9FCJfiD(T1/ARl&M@V&tbEub5f)[Zo]!!%O6*<6(i58\";<0\"j?Q*<?.j58`BQ!!",
        "13642756": "!<d@[F*Ob2#64c-E,TfCF8u:@!<d@[F*]ss#64o6@VfsmCI<#NAIW9mDfor.F*)>@@:s-U$#+:#ASuU.Ed7ZiEH>r7FE7Qb!!!3,F)5c:EsD_\"!!*'\"!4E%2!\"Ao.!!WgQASlBtEaa'4Eb,=fFCf<.ATD4$F`M%e@<6NjE+EC!A[DL=!<:8C5m.R;ASlBtEaa'4Eb,4Nz!!!<;AoD^\"AQ*\\hEa`Tl:i^JnErZ=LD.Rd%6#L=OAH2]1!!*F8FECr$BLZE?AH2]1!!!",
        "13644804": "!<d@[F*Ob2#64c-E,TfCF8u:@!<d@[F*^$u#64o6@VfsmCI<#NAJK6(@r$13E+NQ3Ecki#Ch521Eb/ec\"E\\p.AJT</@Ua.b/R`^6Cgh?=/SB*4DJ=3(\":&scFCB9&=9&=$!!EUFATMNNDJ*csgCME?\":&scFCB9&=o\\O&!!rsADes6$@ru9m!!E[MAT2'lE`7'gFCbFP!!!!",
        "3147781": "!<d@[F*Oe3#64c-E,TfCC&e56!<d@[F*]Xj#64o6@VfsmCI<#NAIrp*E,]`9FCJfiD(T1/ARl&M@V&tbEu4la(((3c!!%O6&df?R!5Li?!!%O6(ue0g",
        "3154949": "!<d@[F*Oe3#64c-E,TfCC&e56!<d@[F*]mq#64o6@VfsmCI<#NAHu^]F`__:EWlSfH#R=9@W-1#F(f-$G%G_JF(96/Ci\"-#@r!Z:F_P`)A2=>nEc6&.FCePS!!!!%$#O6pBL-NKCh;?3aZfn5Ec6&.FCeVU!!!!*$\"ImiCh7*uARkcD$Z]ft@;0a\\FCB9&z!!",
        "3155973": "!<d@[F*Oe3#64c-E,TfCC&e56!<d@[F*]pr#64o6@VfsmCI<#NAHu^]F`__:EWlSfH#R=7@W-1#F(f-$G%G_JF(96/Ci\"-#@r!Z.F_kkM\":&scFCB9&=9&=$!!EUFATMNNDJ*csgCMCj\":&scFCB9&=o\\O&!!rsADes6$@ru9m!!E[MAT2'lE`7'gFCbFP!!!!",
        "3163141": "!<d@[F*Oe3#64c-E,TfCC&e56!<d@[F*^1$#64o6@VfsmCI<#NAHu^]F`__:EWlSfH#R=%@q]:bE\\1^4ARkoKEc6&.FCePS!!!!%$#O6pBL-NKCh;\\N(-i!-Ec6&.FCeVU!!!!*$\"ImiCh7*uARkcD$Z]ft@;0a\\FCB9&z!!",
        "4204549": "!<d@[F*Oe3#64c-E,TfCCB+>7!<d@[F*]pr#64o6@VfsmCI<#NAHu^]F`__:EWlSfH#R=9@W-1#F(f-$G%G_JF(96/Ci\"-#@r!Z:F_P`)A2+2lEc6&.FCePS!!!!%$#O6pBL-NKCh;?3aZfn5Ec6&.FCeVU!!!!*$\"ImiCh7*uARkcD$Z]ft@;0a\\FCB9&z!!",
        "7352325": "!<d@[F*Oe3#64c-E,TfCD?'Y:!<d@[F*^!t#64o6@VfsmCI<#NAI;p\\ATMrFARTY%\"po!]G%GQ5DfU+(#'\"^#Dfg%+!!!!'\"`nKuFE7Zf0`V4S!!\"qf!!!$\"!!!!(!AXWU!!!!1!<<*#!!!!%$Zp</@;J;E@;]Rdc-/jF!!`N\\!!*'\"!\"]/2!!*'\"!!E[ODffE(6YKnG@qEp/9KiF]!AsiX!!!!1!<<*#!!!!%$Zp</@;J;E@;]Rdc-/jF!!`N_!!*'\"!\"]/2!!*'\"!!E[ODffE(6YKnG@qEp/9KiFV!!NdCDfS0\\De!QMDe*Dd@q]FpF=h'4F*%QgFEqh:$=e!jCgh:(ARmP!$#O6pBL-NKCh;$nq`b&",
        "9439237": "!<d@[F*Oe3#64c-E,TfCDu]k<!<d@[F*]Xj#64o6@VfsmCI<#NAIrp*E,]`9FCJfiD(T1/ARl&M@V&tbEub5f)[Z`h!!%O6&e>EO!$FNA!!!Qq*<6(i58`BQ!!",
        "13641733": "!<d@[F*Oe3#64c-E,TfCF8u:@!<d@[F*]pr#64o6@VfsmCI<#NAIW9mDfor.F*)>@@:s-U$#+:#ASuU.Ed7ZiEH>r7FE7Qb!!!3,F)5c:EsD_\"!!*'\"!4E%2!#Yb:!!WgQASlBtEaa'4Eb,=fFCf<.ATD4$F`M%e@<6NjE+EC!A[DL=!<:8C5m.R;ASlBtEaa'4Eb,4Nz!!!<;AoD^\"AQ*\\hEa`Tl:i^JnErZ=LD.Rd%6#L=OAH2]1!!*F8FECr$BLZE?AH2]1!!!",
        "13642757": "!<d@[F*Oe3#64c-E,TfCF8u:@!<d@[F*]ss#64o6@VfsmCI<#NAIW9mDfor.F*)>@@:s-U$#+:#ASuU.Ed7ZiEH>r7FE7Qb!!!3,F)5c:EsD_\"!!*'\"!4E%2!\"Ao.!!WgQASlBtEaa'4Eb,=fFCf<.ATD4$F`M%e@<6NjE+EC!A[DL=!<:8C5m.R;ASlBtEaa'4Eb,4Nz!!!<;AoD^\"AQ*\\hEa`Tl:i^JnErZ=LD.Rd%6#L=OAH2]1!!*F8FECr$BLZE?AH2]1!!!",
        "13654021": "!<d@[F*Oe3#64c-E,TfCF8u:@!<d@[F*^@)#64o6@VfsmCI<#NAIrp*E,]`9FCJfiD(T1/ARl&M@V&tbEutAh*=<,_!!!!`'`\\5a4q\\23!!%O7('\":u^_l'(+9DN",
        "14690309": "!<d@[F*Oe3#64c-E,TfCFT;CA!<d@[F*]pr#64o6@VfsmCI<#NAK#Z/Earc7@UX=l@kD/4Ec,H!Dfp.RARTY%!u#cs@;^.#FD5Z288iWkF%g.WF8u:@!!!#g^B50d@<6NXBOt[h6$-(EFCAuR@<lno!!!!m&Ih#+",
        "3149830": "!<d@[F*Oh4#64c-E,TfCC&e56!<d@[F*]^l#64o6@VfsmCI<#NAHu^]F`__:EWlSfH#R=#@WGn'Bk;<@\":&scFCB9&=9&=$!!EUFATMNNDJ*csjNEiR\":&scFCB9&=o\\O&!!rsADes6$@ru9m!!E[MAT2'lE`7'gFCbFP!!!!",
        "3156998": "!<d@[F*Oh4#64c-E,TfCC&e56!<d@[F*]ss#64o6@VfsmCI<#NAHu^]F`__:EWlSfH#R='CggjbATBA2B4YU.\":&scFCB9&=9&=$!!EUFATMNNDJ*csjNA<(\":&scFCB9&=o\\O&!!rsADes6$@ru9m!!E[MAT2'lE`7'gFCbFP!!!!",
        "3159046": "!<d@[F*Oh4#64c-E,TfCC&e56!<d@[F*^$u#64o6@VfsmCI<#NAJ/NlDfRFMF_P`)A1_h?F_>AD\":B0fFCB9&=]/[=gCHk@#mP<eASu'i!=93LDK]T3F@]hXA8Ggu!!!",
        "3162118": "!<d@[F*Oh4#64c-E,TfCC&e56!<d@[F*^.##64o6@VfsmCI<#NAHu^]F`__:EWlSfH#R=\"@:EYTF`TAB#BFa)@<?'_z\":8pVF(djWB5D/6&';Ng#BFa)@<?'az#mk*[Ci!ZmFCet_\":K6]E+*I$;flGiAH2]1!!!",
        "4205574": "!<d@[F*Oh4#64c-E,TfCCB+>7!<d@[F*]ss#64o6@VfsmCI<#NAHu^]F`__:EWlSfH#R='CggjbATBA2B4YU.\":&scFCB9&=9&=$!!EUFATMNNDJ*csjNA<(\":&scFCB9&=o\\O&!!rsADes6$@ru9m!!E[MAT2'lE`7'gFCbFP!!!!",
        "5254150": "!<d@[F*Oh4#64c-E,TfCC]FG8!<d@[F*]ss#64o6@VfsmCI<#NAHu^]F`__:EWlSfH#R='CggjbATBA2B4YU2\":&scFCB9&=9&=$!!EUFATMNNDJ*csjNA<(\":&scFCB9&=o\\O&!!rsADes6$@ru9m!!E[MAT2'lE`7'gFCbFP!!!!",
        "6302726": "!<d@[F*Oh4#64c-E,TfCD#aP9!<d@[F*]ss#64o6@VfsmCI<#NAHu^]F`__:EWlSfH#R='CggjbATBA2B4YU.\":&scFCB9&=9&=$!!EUFATMNNDJ*csjNA<(\":&scFCB9&=o\\O&!!rsADes6$@ru9m!!E[MAT2'lE`7'gFCbFP!!!!",
        "7351302": "!<d@[F*Oh4#64c-E,TfCD?'Y:!<d@[F*]ss#64o6@VfsmCI<#NAHu^]F`__:EWlSfH#R='CggjbATBA2B4YU/\":&scFCB9&=9&=$!!EUFATMNNDJ*csjNA<(\":&scFCB9&=o\\O&!!rsADes6$@ru9m!!E[MAT2'lE`7'gFCbFP!!!!",
        "12594182": "!<d@[F*Oh4#64c-E,TfCErZ1?!<d@[F*]ss#64o6@VfsmCI<#NAHu^]F`__:EWlSfH#R='CggjbATBA2B4YU/\":&scFCB9&=9&=$!!EUFATMNNDJ*csjNA<(\":&scFCB9&=o\\O&!!rsADes6$@ru9m!!E[MAT2'lE`7'gFCbFP!!!!",
        "3149831": "!<d@[F*Ok5#64c-E,TfCC&e56!<d@[F*]^l#64o6@VfsmCI<#NAIW9mDfor.F*)>@@:s-U$#+:#ASuU.Ed7ZiEH>r7FE7Qb!!!3,F)5c:EsD_\"!!*'\"!4E%2!$;1@!!WgQASlBtEaa'4Eb,=fFCf<.ATD4$F`M%e@<6NjE+EC!A[DL=!<:8C5m.R;ASlBtEaa'4Eb,4Nz!!!<;AoD^\"AQ*\\hEa`Tl:i^JnErZ=LD.Rd%6#L=OA_Ra;562+\"FECr$BLZE?AH2]1!!!",
        "3152903": "!<d@[F*Ok5#64c-E,TfCC&e56!<d@[F*]go#64o6@VfsmCI<#NAJ/NlDfRFMF_P`)A1_h?F_>AC\":B0fFCB9&=]/[=gCHk@#mP<eASu'i!=93LDK]T3F@]hXA8Ggu!!!",
        "3166215": "!<d@[F*Ok5#64c-E,TfCC&e56!<d@[F*^:'#64o6@VfsmCI<#NAHu^]F`__:EWlSfH#R=%FCAWpAM%>'ARkoKEc6&.FCePS!!!!%$#O6pBL-NKCh;\\N(;L%XEc6&.FCeVU!!!!*$\"ImiCh7*uARkcD$Z]ft@;0a\\FCB9&z!!",
        "4210695": "!<d@[F*Ok5#64c-E,TfCCB+>7!<d@[F*^.##64o6@VfsmCI<#NAJ/KhF`__:Eb/cjDf9E4BOu!l\"U&pmE+L5&Df9E4BOu\"'ATKM6Df9E4BOu!l/TPuJDIm?1Ap%p+3<TS-DffE0AQSp4!!!-.D.Rd%6#L=OA_Ra;^B=d^DffE0AQf'6!!!<3@rH1\"ARfgnA,l`?Eb02uBl[-o@<?&\\!!!!&#BjNrBjkn$\"DD4[Ad&?[H#R=M!!!",
        "7352327": "!<d@[F*Ok5#64c-E,TfCD?'Y:!<d@[F*^!t#64o6@VfsmCI<#NAHu^]F`__:EWlSfH#R=*@V'('@V'(%Ecl)6ARmY$#BFa)@<?'_z\":8pVF(djWB5D/;m4Z6X#BFa)@<?'az#mk*[Ci!ZmFCet_\":K6]E+*I$;flGiAH2]1!!!",
        "10500103": "!<d@[F*Ok5#64c-E,TfCE<#t=!<d@[F*^(!#64o6@VfsmCI<#NAJK6(@r$13E+NQ3Ecki#Ch521Eb/ec\"E\\p.AJT</@Ua.b/R`^6Cgh??/SB*4DJ=3(\":&scFCB9&=9&=$!!EUFATMNNDJ*csjNEiR\":&scFCB9&=o\\O&!!rsADes6$@ru9m!!E[MAT2'lE`7'gFCbFP!!!!",
        "13641735": "!<d@[F*Ok5#64c-E,TfCF8u:@!<d@[F*]pr#64o6@VfsmCI<#NAHu^]F`__:EWlSfH#R=#@WGn'Bk;<@\":&scFCB9&=9&=$!!EUFATMNNDJ*csgCHk?\":&scFCB9&=o\\O&!!rsADes6$@ru9m!!E[MAT2'lE`7'gFCbFP!!!!",
        "14688263": "!<d@[F*Ok5#64c-E,TfCFT;CA!<d@[F*]jp#64o6@VfsmCI<#NAK5f1EarcrDerrqE\\1^4ARmB(D/aTB/T,KIFD(X",
        "3168264": "!<d@[F*On6#64c-E,TfCC&e56!<d@[F*^@)#64o6@VfsmCI<#NAIrp*E,]`9FCJfiD(T1/ARl&M@V&tbEuG#c(^^EU!!%O6&df'J!.[9K!!(qB(ue12!WW",
        "4198408": "!<d@[F*On6#64c-E,TfCCB+>7!<d@[F*]^l#64o6@VfsmCI<#NAIW9mDfor.F*)>@@:s-U$#+:#ASuU.Ed7ZiEH>r7FE7Qb!!!3,F)5c:EsD_\"!!*'\"!4E%2!##>4!!WgQASlBtEaa'4Eb,=fFCf<.ATD4$F`M%e@<6NjE+EC!A[DL=!<:8C5m.R;ASlBtEaa'4Eb,4Nz!!!<;AoD^\"AQ*\\hEa`Tl:i^JnErZ=LD.Rd%6#L=OA_Ra;562+\"FECr$BLZE?AH2]1!!!",
        "4200456": "!<d@[F*On6#64c-E,TfCCB+>7!<d@[F*]dn#64o6@VfsmCI<#NAJoT.Earc7@UX=l@kD8:FD5W&F=hBKEcbss'6J8'DKBN6Bl@l[Dfp)A9P%gXz!!)N'!u,Q[F*'c_ARfLAFB!1#@;J>?H#irc!!#\\)%7's",
        "7359496": "!<d@[F*On6#64c-E,TfCD?'Y:!<d@[F*^7&#64o6@VfsmCI<#NAJK6(@r$13E+NQ3Ecki#Ch521Eb/ec\"E\\p.AJT</@Ua.b/R`^6Cgh?=/SB*4DJ=3(\":&scFCB9&=9&=$!!EUFATMNNDJ*csgCMCj\":&scFCB9&=o\\O&!!rsADes6$@ru9m!!E[MAT2'lE`7'gFCbFP!!!!",
        "10508296": "!<d@[F*On6#64c-E,TfCE<#t=!<d@[F*^@)#64o6@VfsmCI<#NAIrp*E,]`9FCJfiD(T1/ARl&M@V&tbEutAh*=;rZ!!%O6&e>EO!5QAbM++5I*Jm312&P=G+9DN",
        "4196361": "!<d@[F*Oq7#64c-E,TfCCB+>7!<d@[F*]Xj#64o6@VfsmCI<#NAIW9mDfor.F*)>@@:s-U$#+:#ASuU.Ed7ZiEH>r7FE7Qb!!!3,F)5c:EsD_\"!!*'\"!4E%2!##>4!!WgQASlBtEaa'4Eb,=fFCf<.ATD4$F`M%e@<6NjE+EC!A[DL=!<:8C5m.R;ASlBtEaa'4Eb,4Nz!!!<;AoD^\"AQ*\\hEa`Tl:i^JnErZ=LD.Rd%6#L=OA_R_e5QM4#FECr$BLZE?AH2]1!!!",
        "5244937": "!<d@[F*Oq7#64c-E,TfCC]FG8!<d@[F*]Xj#64o6@VfsmCI<#NAIrp*E,]`9FCJfiD(T1/ARl&M@V&tbF!gqp,mk.l!!%O6'`\\5a590_(J3OYW%0-BY^_QeIIm4qV!.[9Ni_'7",
        "6307849": "!<d@[F*Oq7#64c-E,TfCD#aP9!<d@[F*^.##64o6@VfsmCI<#NAJK6(@r$13E+NQ3Ecki#Ch521Eb/ec\"E\\p.AJT</@Ua.b/R`^6Cgh?>/SB*4DJ=3(\":&scFCB9&=9&=$!!EUFATMNNDJ*csgCHk?\":&scFCB9&=o\\O&!!rsADes6$@ru9m!!E[MAT2'lE`7'gFCbFP!!!!",
        "6312969": "!<d@[F*Oq7#64c-E,TfCD#aP9!<d@[F*^=(#64o6@VfsmCI<#NAIrp*E,]`9FCJfiD(T1/ARl&M@V&tbF!L_m+pnYl!!#8K*<6(i58\"J9!!\"-,'`\\46^`<CT^qU`G9-=68",
        "7352329": "!<d@[F*Oq7#64c-E,TfCD?'Y:!<d@[F*^!t#64o6@VfsmCI<#NAHu^]F`__:EWlSfH#R=4@rc\"\"AM7P6@<?'4F)>?%Cb9^M@:O(aA-<-XDffE0AQSp4!!!-.D.Rd%6#L=OA_Ra;56M43DffE0AQf'6!!!<3@rH1\"ARfgnA,l`?Eb02uBl[-o@<?&\\z",
        "9458697": "!<d@[F*Oq7#64c-E,TfCDu]k<!<d@[F*^=(#64o6@VfsmCI<#NAIrp*E,]`9FCJfiD(T1/ARl&M@V&tbF!L_m+pnYl!!%O6*<6(i58\"J9!<?Lm'`\\6L^`<OXJA2r\\9-=68",
        "13639689": "!<d@[F*Oq7#64c-E,TfCF8u:@!<d@[F*]jp#64o6@VfsmCI<#NAI;p\\ATMrFARTY%\"po!]G%GQ5DfU+(#'\"^#Dfg%+!!!!'\"`nKuFE7Zf0E;+R!!\"ne!!!$\"!!!-0FDl80CdVlEDI[5X!!#4`#6?OZ!<<*\":_Ea.!<<*\"!!`N[!!*'\"!)!q)!!*'\"!!!6)1B7FU!!!Q2!!!$\"!!!-0FDl80CdVlEDI[8&bY12##6?X]!<<*\"9+h4)!<<*\"!!`N^!!*'\"!#GY9!!*'\"!!E[ODffE(6YKnG@qERNW'11d!B'oY!!!!q&c_n4z!!!02AoD]VCi<g!6Z6LH$=da\\F*'!F@<6Mo\"E\\p.AI;pcCi!O!F(Jl;\":8pVF(djWB5D/6&';Nc",
        "3150858": "!<d@[F*Ot8#64c-E,TfCC&e56!<d@[F*]am#64o6@VfsmCI<#NAIW9mDfor.F*)>@@:s-U$#+:#ASuU.Ed7ZiEH>r7FE7Qb!!!3,F)5c:EsD_\"!!*'\"!4E%2!##>4!!WgQASlBtEaa'4Eb,=fFCf<.ATD4$F`M%e@<6NjE+EC!A[DL=!<:8C5m.R;ASlBtEaa'4Eb,4Nz!!!<;AoD^\"AQ*\\hEa`Tl:i^JnErZ=LD.Rd%6#L=OAH2]1!!*F8FECr$BLZE?AH2]1!!!",
        "3151882": "!<d@[F*Ot8#64c-E,TfCC&e56!<d@[F*]dn#64o6@VfsmCI<#NAIrp*E,]`9FCJfiD(T1/ARl&M@V&tbEu4la(((3c!!%O6&df?R!5Li?!!%O6(ue0g",
        "5260298": "!<d@[F*Ot8#64c-E,TfCC]FG8!<d@[F*^1$#64o6@VfsmCI<#NAIrp*E,]`9FCJfiD(T1/ARl&M@V&tbF!L_m+pnYd!!%O5*<6(i4q\\A8!!%O6'shZiZQ9)Gs#q:Z9-=?;",
        "6297610": "!<d@[F*Ot8#64c-E,TfCD#aP9!<d@[F*]dn#64o6@VfsmCI<#NAIrp*E,]`9FCJfiD(T1/ARl&M@V&tbEub5f)[Z`h!!%O6&e>EP!2)Oks8P=!*<H4k^DPs'!!",
        "6305802": "!<d@[F*Ot8#64c-E,TfCD#aP9!<d@[F*^(!#64o6@VfsmCI<#NAJK6(@r$13E+NQ3Ecki#Ch521Eb/ec\"E\\p.AJT</@Ua.b/R`^6Cgh?>/SB*4DJ=3(\":&scFCB9&=9&=$!!EUFATMNNDJ*csgCHk?\":&scFCB9&=o\\O&!!rsADes6$@ru9m!!E[MAT2'lE`7'gFCbFP!!!!",
        "7352330": "!<d@[F*Ot8#64c-E,TfCD?'Y:!<d@[F*^!t#64o6@VfsmCI<#NAJK6(@r$13E+NQ3Ecki#Ch521Eb/ec\"E\\p.AJT</@Ua.b/R`^6Cgh??/SB*4DJ=3(\":&scFCB9&=9&=$!!EUFATMNNDJ*csgCHk?\":&scFCB9&=o\\O&!!rsADes6$@ru9m!!E[MAT2'lE`7'gFCbFP!!!!",
        "3152907": "!<d@[F*P\"9#64c-E,TfCC&e56!<d@[F*]go#64o6@VfsmCI<#NAHu^]F`__:EWlSfH#R=\"@Wc0rATT^2#BFa)@<?'_z\":8pVF(djWB5D/?b8*>G#BFa)@<?'az#mk*[Ci!ZmFCet_\":K6]E+*I$;flGiAH2]1!!!",
        "3153931": "!<d@[F*P\"9#64c-E,TfCC&e56!<d@[F*]jp#64o6@VfsmCI<#NAHu^]F`__:EWlSfH#R=4@rc\"\"AM7P6@<?'4F)>?%Cb9^M@:O(aA-<-XDffE0AQSp4!!!-.D.Rd%6#L=OA^XNS56M43DffE0AQf'6!!!<3@rH1\"ARfgnA,l`?Eb02uBl[-o@<?&\\z",
        "3154955": "!<d@[F*P\"9#64c-E,TfCC&e56!<d@[F*]mq#64o6@VfsmCI<#NAHu^]F`__:EWlSfH#R=4@rc\"\"AM7P6@<?'4F)>?%Cb9^M@:O(aA-<-XDffE0AQSp4!!!-.D.Rd%6#L=OA_R_e56M43DffE0AQf'6!!!<3@rH1\"ARfgnA,l`?Eb02uBl[-o@<?&\\z",
        "4196363": "!<d@[F*P\"9#64c-E,TfCCB+>7!<d@[F*]Xj#64o6@VfsmCI<#NAIrp*E,]`9FCJfiD(T1/ARl&M@V&tbF!L_m+pnYd!!%O5*<6(i58\"J9!!!Qq'`\\5a^E!:STYD?'9-=?;",
        "4211723": "!<d@[F*P\"9#64c-E,TfCCB+>7!<d@[F*^1$#64o6@VfsmCI<#NAHu^]F`__:EWlSfH#R=\"@Wc0rATT^2#BFa)@<?'_z\":8pVF(djWB5D/6%nStg#BFa)@<?'az#mk*[Ci!ZmFCet_\":K6]E+*I$;flGiAH2]1!!!"
    },
    "Entities": [],
    "ReplaceMode": 2,
    "EntranceRotation": -1
}