{
    "GameVersion": "1.19.7",
    "SizeX": 12,
    "SizeY": 17,
    "SizeZ": 22,
    "BlockCodes": {
        "9698": "game:supportbeam-aged",
        "2966": "game:cobblestone-granite",
        "5107": "game:gravel-granite",
        "4154": "game:drystone-granite",
        "2329": "game:slantedroofing-brownclay-east-free",
        "2852": "game:cobblestoneslab-granite-down-free",
        "2319": "game:slantedroofing-brownclay-north-free",
        "9493": "game:agedstonebricks-granite",
        "16414": "game:rocktyped-rubble-free",
        "5535": "game:loosestones-granite-free",
        "3023": "game:cobblestonestairs-granite-up-east-free",
        "5122": "game:looseboulders-granite-free",
        "7277": "game:planks-aged-ns",
        "3061": "game:cobblestonestairs-granite-up-south-free",
        "8109": "game:chest-east",
        "8610": "game:groundstorage",
        "8606": "game:clutter",
        "7355": "game:plankslab-aged-up-free",
        "9526": "game:door-solid-aged",
        "136": "game:multiblock-monolithic-0-p1-0",
        "2349": "game:slantedroofing-brownclay-west-free",
        "8079": "game:clutteredbookshelf",
        "2833": "game:cobblestoneslab-granite-up-free",
        "7303": "game:plankslab-aged-north-free",
        "3042": "game:cobblestonestairs-granite-down-east-free",
        "7290": "game:planks-aged-ud",
        "8385": "game:torch-basic-extinct-south",
        "1565": "game:torchholder-aged-empty-north",
        "3080": "game:cobblestonestairs-granite-down-south-free",
        "3004": "game:cobblestonestairs-granite-down-north-free",
        "8382": "game:torch-basic-extinct-east",
        "3099": "game:cobblestonestairs-granite-up-west-free",
        "8380": "game:torch-basic-burnedout-north",
        "9520": "game:door-ruined-rough2",
        "2985": "game:cobblestonestairs-granite-up-north-free",
        "2757": "game:cobblestoneslab-granite-north-free",
        "2795": "game:cobblestoneslab-granite-south-free",
        "3118": "game:cobblestonestairs-granite-down-west-free"
    },
    "ItemCodes": {
        "3943": "game:stackrandomizer-alljonas",
        "269": "game:stackrandomizer-ore",
        "275": "game:stackrandomizer-resource",
        "3080": "game:stackrandomizer-ruinedweapon",
        "3814": "game:stackrandomizer-backpack",
        "270": "game:stackrandomizer-fuel",
        "1462": "game:shingle-burned-brown",
        "3704": "game:stackrandomizer-jonasframes",
        "271": "game:stackrandomizer-ingot"
    },
    "Indices": [
        1024,
        2048,
        3072,
        4096,
        5120,
        6144,
        7168,
        8192,
        9216,
        10240,
        11264,
        12288,
        13312,
        14336,
        15360,
        16384,
        17408,
        18432,
        19456,
        1049600,
        1050624,
        1051648,
        1052672,
        1053696,
        1054720,
        1055744,
        1056768,
        1057792,
        1058816,
        1059840,
        1060864,
        1061888,
        1062912,
        1063936,
        1064960,
        1065984,
        1067008,
        1068032,
        2098176,
        2099200,
        2100224,
        2101248,
        2102272,
        2103296,
        2104320,
        2105344,
        2106368,
        2107392,
        2108416,
        2109440,
        2110464,
        2111488,
        2112512,
        2113536,
        2114560,
        2115584,
        2116608,
        3146752,
        3147776,
        3148800,
        3149824,
        3152896,
        3156992,
        3158016,
        3159040,
        3160064,
        3162112,
        3163136,
        3164160,
        3165184,
        3166208,
        4207616,
        6303744,
        9449472,
        1025,
        2049,
        3073,
        4097,
        5121,
        6145,
        7169,
        8193,
        9217,
        10241,
        11265,
        12289,
        13313,
        14337,
        15361,
        16385,
        17409,
        18433,
        19457,
        20481,
        1049601,
        1050625,
        1051649,
        1052673,
        1053697,
        1054721,
        1055745,
        1056769,
        1057793,
        1058817,
        1059841,
        1060865,
        1061889,
        1062913,
        1063937,
        1064961,
        1065985,
        1067009,
        1068033,
        1069057,
        2098177,
        2099201,
        2100225,
        2101249,
        2102273,
        2103297,
        2104321,
        2105345,
        2106369,
        2107393,
        2108417,
        2109441,
        2110465,
        2111489,
        2112513,
        2113537,
        2114561,
        2115585,
        2116609,
        2117633,
        3146753,
        3147777,
        3148801,
        3149825,
        3150849,
        3151873,
        3152897,
        3153921,
        3154945,
        3156993,
        3158017,
        3159041,
        3160065,
        3161089,
        3162113,
        3163137,
        3164161,
        3165185,
        3166209,
        4197377,
        4198401,
        4201473,
        4206593,
        4207617,
        4208641,
        4209665,
        4210689,
        4211713,
        4212737,
        4213761,
        5255169,
        5256193,
        5257217,
        5258241,
        5259265,
        5260289,
        5261313,
        5262337,
        6302721,
        6303745,
        6304769,
        6305793,
        6306817,
        6307841,
        6308865,
        6309889,
        6310913,
        6311937,
        7352321,
        7353345,
        7354369,
        7355393,
        7356417,
        7358465,
        7359489,
        8400897,
        8401921,
        8402945,
        8403969,
        8407041,
        8408065,
        9448449,
        9449473,
        9450497,
        9451521,
        9452545,
        9453569,
        9454593,
        9455617,
        9456641,
        10498049,
        10499073,
        10501121,
        10503169,
        10504193,
        10505217,
        1026,
        2050,
        3074,
        4098,
        5122,
        6146,
        7170,
        8194,
        9218,
        10242,
        11266,
        12290,
        13314,
        14338,
        15362,
        16386,
        17410,
        18434,
        19458,
        20482,
        1049602,
        1050626,
        1051650,
        1052674,
        1053698,
        1054722,
        1055746,
        1056770,
        1057794,
        1058818,
        1059842,
        1060866,
        1061890,
        1062914,
        1063938,
        1064962,
        1065986,
        1067010,
        1068034,
        1069058,
        2098178,
        2099202,
        2100226,
        2101250,
        2102274,
        2103298,
        2104322,
        2105346,
        2106370,
        2107394,
        2108418,
        2109442,
        2110466,
        2111490,
        2112514,
        2113538,
        2114562,
        2115586,
        2116610,
        2117634,
        3147778,
        3148802,
        3149826,
        3150850,
        3151874,
        3152898,
        3153922,
        3154946,
        3155970,
        3156994,
        3158018,
        3160066,
        3161090,
        3163138,
        3165186,
        3166210,
        4198402,
        4199426,
        4200450,
        4201474,
        4203522,
        4204546,
        4205570,
        4206594,
        4213762,
        5246978,
        5248002,
        5250050,
        5253122,
        5254146,
        5255170,
        5262338,
        6302722,
        6303746,
        6304770,
        6305794,
        6306818,
        6310914,
        7352322,
        7355394,
        7359490,
        8399874,
        8400898,
        8408066,
        9448450,
        9449474,
        9456642,
        10498050,
        10505218,
        11546626,
        1027,
        2051,
        3075,
        4099,
        5123,
        6147,
        7171,
        8195,
        9219,
        10243,
        11267,
        12291,
        13315,
        14339,
        15363,
        16387,
        17411,
        18435,
        19459,
        20483,
        21507,
        1049603,
        1050627,
        1051651,
        1052675,
        1053699,
        1054723,
        1055747,
        1056771,
        1057795,
        1058819,
        1059843,
        1060867,
        1061891,
        1062915,
        1063939,
        1064963,
        1065987,
        1067011,
        1068035,
        1069059,
        1070083,
        2098179,
        2099203,
        2100227,
        2101251,
        2102275,
        2103299,
        2104323,
        2105347,
        2106371,
        2107395,
        2108419,
        2109443,
        2110467,
        2111491,
        2112515,
        2113539,
        2114563,
        2115587,
        2116611,
        2117635,
        2118659,
        3146755,
        3148803,
        3149827,
        3150851,
        3151875,
        3152899,
        3153923,
        3154947,
        3155971,
        3156995,
        3158019,
        3162115,
        3165187,
        3166211,
        3167235,
        4198403,
        4199427,
        4200451,
        4201475,
        4202499,
        4203523,
        4204547,
        4205571,
        4206595,
        4207619,
        4213763,
        4215811,
        5246979,
        5248003,
        5249027,
        5250051,
        5251075,
        5252099,
        5253123,
        5254147,
        5255171,
        5262339,
        6295555,
        6296579,
        6297603,
        6298627,
        6299651,
        6300675,
        6301699,
        6302723,
        6303747,
        6304771,
        6305795,
        6306819,
        6310915,
        7346179,
        7347203,
        7348227,
        7349251,
        7350275,
        7351299,
        7352323,
        7353347,
        7359491,
        8395779,
        8396803,
        8397827,
        8398851,
        8399875,
        8400899,
        8408067,
        9444355,
        9445379,
        9446403,
        9447427,
        9448451,
        9449475,
        9456643,
        10493955,
        10494979,
        10496003,
        10497027,
        10498051,
        10505219,
        11542531,
        11543555,
        11544579,
        11545603,
        11546627,
        12591107,
        12592131,
        12593155,
        12594179,
        12595203,
        13639683,
        13640707,
        13641731,
        13642755,
        14688259,
        14689283,
        14690307,
        14691331,
        15736835,
        15739907,
        16785411,
        1028,
        2052,
        3076,
        4100,
        5124,
        6148,
        7172,
        8196,
        9220,
        10244,
        11268,
        12292,
        13316,
        14340,
        15364,
        16388,
        17412,
        18436,
        19460,
        20484,
        21508,
        1049604,
        1050628,
        1051652,
        1052676,
        1053700,
        1054724,
        1055748,
        1056772,
        1057796,
        1058820,
        1059844,
        1060868,
        1061892,
        1062916,
        1063940,
        1064964,
        1065988,
        1067012,
        1068036,
        1069060,
        1070084,
        2098180,
        2099204,
        2100228,
        2101252,
        2102276,
        2103300,
        2104324,
        2105348,
        2106372,
        2107396,
        2108420,
        2109444,
        2110468,
        2111492,
        2112516,
        2113540,
        2114564,
        2115588,
        2116612,
        2117636,
        2118660,
        3146756,
        3147780,
        3148804,
        3149828,
        3150852,
        3152900,
        3153924,
        3156996,
        3158020,
        3160068,
        3164164,
        3165188,
        4195332,
        4196356,
        4197380,
        4198404,
        4199428,
        4201476,
        4202500,
        4205572,
        4206596,
        4207620,
        4213764,
        5242884,
        5243908,
        5244932,
        5245956,
        5246980,
        5248004,
        5254148,
        5255172,
        5262340,
        6292484,
        6293508,
        6294532,
        6295556,
        6296580,
        6297604,
        6298628,
        6299652,
        6300676,
        6301700,
        6302724,
        6303748,
        6304772,
        6310916,
        7341060,
        7342084,
        7343108,
        7344132,
        7345156,
        7346180,
        7347204,
        7348228,
        7351300,
        7352324,
        7359492,
        8390660,
        8391684,
        8393732,
        8399876,
        8400900,
        8401924,
        9442308,
        9448452,
        9449476,
        10490884,
        10497028,
        11539460,
        11545604,
        11546628,
        12588036,
        12589060,
        12590084,
        12591108,
        12592132,
        12593156,
        12594180,
        12595204,
        13636612,
        13642756,
        13643780,
        14688260,
        14691332,
        1029,
        2053,
        3077,
        4101,
        5125,
        6149,
        7173,
        8197,
        9221,
        10245,
        11269,
        12293,
        13317,
        14341,
        15365,
        16389,
        17413,
        18437,
        19461,
        20485,
        21509,
        1049605,
        1050629,
        1051653,
        1052677,
        1053701,
        1054725,
        1055749,
        1056773,
        1057797,
        1058821,
        1059845,
        1060869,
        1061893,
        1062917,
        1063941,
        1064965,
        1065989,
        1067013,
        1068037,
        1069061,
        1070085,
        2098181,
        2099205,
        2100229,
        2101253,
        2102277,
        2103301,
        2104325,
        2105349,
        2106373,
        2107397,
        2108421,
        2109445,
        2110469,
        2111493,
        2112517,
        2113541,
        2114565,
        2115589,
        2116613,
        2117637,
        2118661,
        3146757,
        3150853,
        3151877,
        3154949,
        3156997,
        3165189,
        3166213,
        4195333,
        4199429,
        4203525,
        4205573,
        4213765,
        4214789,
        5243909,
        5248005,
        5252101,
        5254149,
        5255173,
        5262341,
        6292485,
        6296581,
        6297605,
        6300677,
        6301701,
        6302725,
        6303749,
        6304773,
        6310917,
        7341061,
        7345157,
        7349253,
        7351301,
        8389637,
        8393733,
        8397829,
        8399877,
        9438213,
        9442309,
        9446405,
        9448453,
        9449477,
        10490885,
        10494981,
        10497029,
        10498053,
        11539461,
        11543557,
        11545605,
        11546629,
        12588037,
        12589061,
        12592133,
        12593157,
        12594181,
        12595205,
        13636613,
        13637637,
        13642757,
        14685189,
        1030,
        2054,
        3078,
        4102,
        5126,
        6150,
        7174,
        8198,
        9222,
        10246,
        11270,
        12294,
        13318,
        14342,
        15366,
        16390,
        17414,
        18438,
        19462,
        20486,
        21510,
        1049606,
        1050630,
        1051654,
        1052678,
        1053702,
        1054726,
        1055750,
        1056774,
        1057798,
        1058822,
        1059846,
        1060870,
        1061894,
        1062918,
        1063942,
        1064966,
        1065990,
        1067014,
        1068038,
        1069062,
        1070086,
        2098182,
        2099206,
        2100230,
        2101254,
        2102278,
        2103302,
        2104326,
        2105350,
        2106374,
        2107398,
        2108422,
        2109446,
        2110470,
        2111494,
        2112518,
        2113542,
        2114566,
        2115590,
        2116614,
        2117638,
        2118662,
        3146758,
        3147782,
        3150854,
        3153926,
        3155974,
        3156998,
        3158022,
        3161094,
        3165190,
        4195334,
        4199430,
        4205574,
        4206598,
        4213766,
        5243910,
        5248006,
        5254150,
        5255174,
        6292486,
        6296582,
        6297606,
        6298630,
        6299654,
        6300678,
        6301702,
        6302726,
        6303750,
        6304774,
        6305798,
        6306822,
        6307846,
        6308870,
        7345158,
        7351302,
        7352326,
        7354374,
        8389638,
        8393734,
        8398854,
        8399878,
        8400902,
        9438214,
        9442310,
        9448454,
        9449478,
        10486790,
        10490886,
        10497030,
        10498054,
        11539462,
        11545606,
        11546630,
        12588038,
        12589062,
        12590086,
        12591110,
        12594182,
        13636614,
        13639686,
        13642758,
        14685190,
        14691334,
        15733766,
        15739910,
        16782342,
        1031,
        2055,
        3079,
        4103,
        5127,
        6151,
        7175,
        8199,
        9223,
        10247,
        11271,
        12295,
        13319,
        14343,
        15367,
        16391,
        17415,
        18439,
        19463,
        20487,
        1049607,
        1050631,
        1051655,
        1052679,
        1053703,
        1054727,
        1055751,
        1056775,
        1057799,
        1058823,
        1059847,
        1060871,
        1061895,
        1062919,
        1063943,
        1064967,
        1065991,
        1067015,
        1068039,
        1069063,
        2098183,
        2099207,
        2100231,
        2101255,
        2102279,
        2103303,
        2104327,
        2105351,
        2106375,
        2107399,
        2108423,
        2109447,
        2110471,
        2111495,
        2112519,
        2113543,
        2114567,
        2115591,
        2116615,
        2117639,
        3146759,
        3150855,
        3152903,
        3154951,
        3156999,
        3158023,
        3159047,
        3160071,
        3161095,
        3162119,
        3163143,
        3164167,
        3165191,
        4195335,
        4198407,
        4199431,
        4205575,
        4206599,
        4207623,
        4208647,
        4209671,
        4210695,
        4211719,
        4212743,
        4213767,
        5243911,
        5248007,
        5254151,
        5255175,
        5256199,
        5257223,
        5258247,
        5259271,
        5260295,
        5261319,
        6292487,
        6296583,
        6297607,
        6301703,
        6302727,
        6303751,
        6304775,
        6305799,
        6306823,
        6307847,
        6308871,
        7341063,
        7345159,
        7346183,
        7350279,
        7351303,
        7352327,
        7353351,
        7354375,
        7355399,
        7356423,
        8389639,
        8393735,
        8399879,
        8400903,
        8401927,
        8402951,
        8403975,
        8404999,
        9438215,
        9448455,
        9449479,
        9450503,
        9451527,
        10490887,
        10497031,
        10499079,
        11539463,
        11545607,
        12588039,
        12589063,
        12594183,
        13636615,
        1032,
        2056,
        3080,
        4104,
        5128,
        6152,
        7176,
        8200,
        9224,
        10248,
        11272,
        12296,
        13320,
        14344,
        15368,
        16392,
        17416,
        18440,
        19464,
        20488,
        1049608,
        1050632,
        1051656,
        1052680,
        1053704,
        1054728,
        1055752,
        1056776,
        1057800,
        1058824,
        1059848,
        1060872,
        1061896,
        1062920,
        1063944,
        1064968,
        1065992,
        1067016,
        1068040,
        1069064,
        2098184,
        2099208,
        2100232,
        2101256,
        2102280,
        2103304,
        2104328,
        2105352,
        2106376,
        2107400,
        2108424,
        2109448,
        2110472,
        2111496,
        2112520,
        2113544,
        2114568,
        2115592,
        2116616,
        2117640,
        3145736,
        3146760,
        3147784,
        3148808,
        3149832,
        3150856,
        3151880,
        3155976,
        3157000,
        3158024,
        3159048,
        3160072,
        3161096,
        3162120,
        3163144,
        3165192,
        4195336,
        4196360,
        4199432,
        4205576,
        4206600,
        4207624,
        4208648,
        4209672,
        4210696,
        5242888,
        5243912,
        5244936,
        5245960,
        5246984,
        5248008,
        5254152,
        5255176,
        5256200,
        5257224,
        5258248,
        6292488,
        6293512,
        6294536,
        6295560,
        6296584,
        6297608,
        6301704,
        6302728,
        6304776,
        6305800,
        7341064,
        7342088,
        7343112,
        7344136,
        7345160,
        7351304,
        8389640,
        8390664,
        8392712,
        8393736,
        9439240,
        9442312,
        10490888,
        11539464,
        12588040,
        12589064,
        12590088,
        13636616,
        13637640,
        14685192,
        1033,
        2057,
        3081,
        4105,
        5129,
        6153,
        7177,
        8201,
        9225,
        10249,
        11273,
        12297,
        13321,
        14345,
        15369,
        16393,
        17417,
        18441,
        19465,
        1049609,
        1050633,
        1051657,
        1052681,
        1053705,
        1054729,
        1055753,
        1056777,
        1057801,
        1058825,
        1059849,
        1060873,
        1061897,
        1062921,
        1063945,
        1064969,
        1065993,
        1067017,
        1068041,
        2098185,
        2099209,
        2100233,
        2101257,
        2102281,
        2103305,
        2104329,
        2105353,
        2106377,
        2107401,
        2108425,
        2109449,
        2110473,
        2111497,
        2112521,
        2113545,
        2114569,
        2115593,
        2116617,
        3146761,
        3148809,
        3149833,
        3150857,
        3151881,
        3152905,
        3153929,
        3154953,
        3155977,
        3157001,
        3158025,
        3159049,
        3160073,
        3161097,
        3162121,
        4196361,
        4199433,
        4200457,
        4201481,
        4202505,
        4203529,
        4204553,
        4205577,
        4206601,
        4207625,
        4208649,
        5243913,
        5248009,
        5249033,
        5250057,
        5251081,
        5252105,
        5253129,
        5254153,
        5255177,
        5256201,
        6296585,
        6297609,
        6299657,
        6300681,
        6301705,
        6302729,
        7345161,
        7348233,
        7349257,
        7350281,
        8392713,
        8393737,
        8396809,
        8397833,
        9442313,
        9443337,
        9445385,
        9446409,
        10490889,
        10491913,
        10492937,
        10493961,
        10494985,
        11539465,
        11540489,
        11541513,
        11542537,
        12588041,
        12589065,
        12590089,
        12591113,
        13636617,
        13637641,
        13638665,
        14686217,
        3082,
        4106,
        5130,
        6154,
        7178,
        8202,
        9226,
        10250,
        11274,
        12298,
        13322,
        14346,
        15370,
        16394,
        17418,
        18442,
        1051658,
        1052682,
        1053706,
        1054730,
        1055754,
        1056778,
        1057802,
        1058826,
        1059850,
        1060874,
        1061898,
        1062922,
        1063946,
        1064970,
        1065994,
        1067018,
        2100234,
        2101258,
        2102282,
        2103306,
        2104330,
        2105354,
        2106378,
        2107402,
        2108426,
        2109450,
        2110474,
        2111498,
        2112522,
        2113546,
        2114570,
        2115594,
        3150858,
        3152906,
        3155978,
        3157002,
        3158026,
        3159050,
        3160074,
        3161098,
        3163146,
        4204554,
        4205578,
        4206602,
        4207626,
        5131,
        6155,
        7179,
        8203,
        9227,
        10251,
        11275,
        12299,
        13323,
        14347,
        15371,
        1053707,
        1054731,
        1055755,
        1056779,
        1057803,
        1058827,
        1059851,
        1060875,
        1061899,
        1062923,
        1063947,
        2102283,
        2103307,
        2104331,
        2105355,
        2106379,
        2107403,
        2108427,
        2109451,
        2110475,
        2111499,
        2112523,
        3150859,
        3158027,
        3159051,
        3160075
    ],
    "BlockIds": [
        2966,
        2966,
        2966,
        2966,
        2966,
        2966,
        2966,
        2966,
        2966,
        2966,
        2966,
        2966,
        2966,
        2966,
        2966,
        2966,
        2966,
        2966,
        2966,
        2966,
        2966,
        2966,
        2966,
        2966,
        2966,
        2966,
        2966,
        2966,
        2966,
        2966,
        2966,
        2966,
        2966,
        2966,
        2966,
        2966,
        2966,
        2966,
        2966,
        2966,
        2966,
        2966,
        2966,
        2966,
        2966,
        2966,
        2966,
        2966,
        2966,
        2966,
        2966,
        2966,
        2966,
        2966,
        2966,
        2966,
        2966,
        5107,
        5107,
        5107,
        4154,
        2966,
        5107,
        5107,
        5107,
        5107,
        2329,
        2852,
        9698,
        2966,
        9698,
        2319,
        9698,
        9698,
        2966,
        2966,
        2966,
        2966,
        2966,
        2966,
        2966,
        2966,
        2966,
        2966,
        2966,
        2966,
        2966,
        2966,
        2966,
        2966,
        2966,
        2966,
        2966,
        2966,
        2966,
        2966,
        2966,
        2966,
        2966,
        2966,
        2966,
        2966,
        2966,
        2966,
        2966,
        2966,
        2966,
        2966,
        2966,
        2966,
        2966,
        2966,
        2966,
        2966,
        2966,
        2966,
        2966,
        2966,
        2966,
        2966,
        2966,
        2966,
        2966,
        2966,
        2966,
        2966,
        2966,
        2966,
        2966,
        2966,
        2966,
        2966,
        2966,
        2966,
        5107,
        5107,
        2966,
        2966,
        5107,
        4154,
        4154,
        2966,
        5107,
        9698,
        4154,
        2966,
        9493,
        2966,
        4154,
        2966,
        4154,
        2966,
        2966,
        4154,
        4154,
        2966,
        2966,
        4154,
        9493,
        4154,
        9493,
        4154,
        9493,
        2966,
        2966,
        9493,
        9493,
        4154,
        9493,
        9493,
        2966,
        2966,
        9698,
        9493,
        4154,
        9493,
        2966,
        2966,
        16414,
        2966,
        9493,
        9698,
        9493,
        4154,
        2966,
        4154,
        5535,
        2966,
        2966,
        9493,
        4154,
        2852,
        2966,
        9493,
        4154,
        9698,
        2966,
        4154,
        9493,
        4154,
        9493,
        2966,
        4154,
        2966,
        3023,
        5122,
        2329,
        5122,
        2329,
        3023,
        2966,
        2966,
        2966,
        2966,
        2966,
        2966,
        2966,
        2966,
        2966,
        2966,
        2966,
        2966,
        7277,
        7277,
        2966,
        7277,
        7277,
        2966,
        2966,
        2966,
        2966,
        2966,
        2966,
        2966,
        2966,
        2966,
        2966,
        2966,
        2966,
        2966,
        2966,
        2966,
        7277,
        7277,
        2966,
        7277,
        7277,
        2966,
        2966,
        2966,
        2966,
        2966,
        2966,
        2966,
        2966,
        2966,
        2966,
        2966,
        2966,
        2966,
        2966,
        2966,
        7277,
        7277,
        2966,
        7277,
        7277,
        2966,
        2966,
        2966,
        5107,
        2966,
        2966,
        2966,
        5107,
        4154,
        3061,
        9493,
        9493,
        2966,
        2966,
        8109,
        8610,
        8606,
        2966,
        2966,
        2966,
        2966,
        4154,
        4154,
        3061,
        2966,
        4154,
        9493,
        4154,
        9698,
        2966,
        16414,
        3061,
        2966,
        9493,
        9493,
        3061,
        9493,
        7355,
        7355,
        7355,
        4154,
        9526,
        8606,
        2966,
        9698,
        136,
        2966,
        9698,
        2966,
        9493,
        2966,
        4154,
        3023,
        2966,
        2966,
        2966,
        2966,
        2966,
        2966,
        2966,
        2966,
        2966,
        2966,
        2966,
        2966,
        2966,
        2966,
        7277,
        7277,
        7277,
        7277,
        2966,
        2966,
        2966,
        2966,
        2966,
        2966,
        2966,
        2966,
        2966,
        2966,
        2966,
        2966,
        2966,
        2966,
        2966,
        2966,
        2966,
        7277,
        7277,
        7277,
        7277,
        2966,
        2966,
        2966,
        2966,
        2966,
        2966,
        2966,
        2966,
        2966,
        2966,
        2966,
        2966,
        2966,
        2966,
        2966,
        2966,
        2966,
        7277,
        7277,
        7277,
        7277,
        2966,
        2966,
        2966,
        9698,
        2966,
        5107,
        2966,
        4154,
        2966,
        9493,
        2966,
        9493,
        9493,
        9493,
        2349,
        4154,
        4154,
        2966,
        2966,
        4154,
        2966,
        9493,
        2966,
        2966,
        4154,
        9493,
        2966,
        8079,
        2852,
        2329,
        2966,
        9493,
        4154,
        2966,
        4154,
        9493,
        2966,
        2966,
        4154,
        2833,
        2966,
        16414,
        4154,
        2966,
        2966,
        4154,
        2966,
        9493,
        9493,
        7355,
        7355,
        7303,
        2966,
        9493,
        4154,
        9493,
        2966,
        4154,
        2966,
        2966,
        8606,
        4154,
        9493,
        2966,
        9493,
        2966,
        9493,
        2966,
        2852,
        2966,
        4154,
        9493,
        9493,
        2966,
        2966,
        2833,
        4154,
        2966,
        9493,
        2966,
        9493,
        5122,
        9493,
        2966,
        4154,
        4154,
        2966,
        3042,
        3042,
        3042,
        9493,
        3023,
        2966,
        9493,
        4154,
        2966,
        4154,
        5535,
        5122,
        4154,
        9493,
        9493,
        16414,
        2966,
        2966,
        2966,
        2966,
        2966,
        7277,
        2966,
        7290,
        7277,
        7277,
        2966,
        2966,
        7277,
        7277,
        7277,
        7277,
        2966,
        2966,
        2966,
        2966,
        2966,
        2966,
        2966,
        2966,
        2966,
        2966,
        7277,
        2966,
        7290,
        7277,
        7277,
        2966,
        2966,
        7277,
        7277,
        7277,
        7277,
        2966,
        2966,
        2966,
        2966,
        2966,
        2966,
        2966,
        2966,
        2966,
        2966,
        7277,
        2966,
        7290,
        7277,
        7277,
        2966,
        2966,
        7277,
        7277,
        7277,
        7277,
        2966,
        2966,
        2966,
        2966,
        2966,
        2966,
        2966,
        9493,
        2966,
        2966,
        8606,
        8606,
        2966,
        4154,
        2319,
        8610,
        9493,
        9493,
        2966,
        9493,
        9493,
        9493,
        8606,
        8606,
        9493,
        4154,
        8385,
        2966,
        9698,
        9493,
        4154,
        9493,
        4154,
        9493,
        4154,
        9493,
        9493,
        2966,
        2966,
        4154,
        2966,
        2966,
        7355,
        7355,
        7355,
        7355,
        7355,
        4154,
        4154,
        7355,
        9493,
        5122,
        2966,
        9493,
        9493,
        2966,
        8606,
        8606,
        8606,
        2966,
        2966,
        16414,
        2966,
        16414,
        2966,
        9493,
        2966,
        1565,
        2966,
        2966,
        4154,
        9493,
        9493,
        9493,
        2966,
        9493,
        3080,
        7355,
        7355,
        7355,
        7355,
        7355,
        3004,
        4154,
        4154,
        9493,
        2852,
        8382,
        5122,
        2966,
        2966,
        2966,
        2966,
        2966,
        2966,
        7277,
        7277,
        2966,
        7277,
        4154,
        7277,
        7277,
        7277,
        2966,
        7277,
        7277,
        2966,
        2966,
        2966,
        2966,
        2966,
        2966,
        2966,
        2966,
        2966,
        2966,
        7277,
        7277,
        2966,
        7277,
        4154,
        7277,
        7277,
        7277,
        2966,
        7277,
        7277,
        2966,
        2966,
        2966,
        2966,
        2966,
        2966,
        2966,
        2966,
        2966,
        2966,
        7277,
        7277,
        2966,
        7277,
        4154,
        7277,
        7277,
        7277,
        2966,
        7277,
        7277,
        2966,
        2966,
        2966,
        2966,
        4154,
        2966,
        16414,
        8606,
        9526,
        4154,
        4154,
        9493,
        9493,
        8606,
        136,
        2852,
        16414,
        2966,
        4154,
        8606,
        9493,
        2966,
        2833,
        2966,
        4154,
        7355,
        8606,
        7355,
        4154,
        2966,
        7355,
        2349,
        4154,
        9493,
        8606,
        9526,
        4154,
        4154,
        8606,
        136,
        5535,
        4154,
        8606,
        9493,
        2966,
        9493,
        8606,
        4154,
        9493,
        9493,
        8606,
        9493,
        2966,
        3080,
        7355,
        8606,
        7355,
        3004,
        3099,
        9493,
        5535,
        4154,
        5535,
        2966,
        2966,
        2966,
        2966,
        4154,
        7277,
        2966,
        2966,
        7277,
        2966,
        2966,
        2966,
        2966,
        7277,
        7277,
        2966,
        7277,
        7277,
        2966,
        2966,
        2966,
        2966,
        2966,
        2966,
        2966,
        4154,
        7277,
        2966,
        2966,
        7277,
        2966,
        2966,
        2966,
        2966,
        7277,
        7277,
        2966,
        7277,
        7277,
        2966,
        2966,
        2966,
        2966,
        2966,
        2966,
        2966,
        4154,
        7277,
        2966,
        2966,
        7277,
        2966,
        2966,
        2966,
        2966,
        7277,
        7277,
        2966,
        7277,
        7277,
        2966,
        2966,
        2966,
        4154,
        16414,
        9526,
        8606,
        5122,
        9493,
        2966,
        8606,
        2966,
        2966,
        136,
        4154,
        4154,
        9493,
        2966,
        9493,
        2966,
        2966,
        2852,
        2966,
        7355,
        7355,
        7355,
        7355,
        7355,
        4154,
        2966,
        7355,
        7355,
        7355,
        7355,
        7303,
        4154,
        9493,
        2966,
        5122,
        2833,
        2852,
        8380,
        2966,
        2966,
        2966,
        2833,
        4154,
        2966,
        5122,
        4154,
        2966,
        4154,
        4154,
        2966,
        16414,
        3080,
        7355,
        7355,
        7355,
        3004,
        2966,
        8606,
        2966,
        2966,
        9493,
        2966,
        2966,
        16414,
        2966,
        2966,
        2966,
        2966,
        2966,
        2966,
        7277,
        7277,
        7277,
        2966,
        2966,
        2966,
        2966,
        2966,
        2966,
        2966,
        2966,
        2966,
        2966,
        2966,
        2966,
        2966,
        2966,
        2966,
        2966,
        2966,
        7277,
        7277,
        7277,
        2966,
        2966,
        2966,
        2966,
        2966,
        2966,
        2966,
        2966,
        2966,
        2966,
        2966,
        2966,
        2966,
        2966,
        2966,
        2966,
        2966,
        7277,
        7277,
        7277,
        2966,
        2966,
        2966,
        2966,
        2966,
        2966,
        2966,
        2966,
        2966,
        2966,
        2966,
        2966,
        4154,
        8606,
        8606,
        2966,
        9493,
        2966,
        9493,
        4154,
        2966,
        4154,
        2966,
        2966,
        9493,
        8380,
        9493,
        9493,
        9493,
        9493,
        2966,
        2966,
        9493,
        4154,
        2966,
        2966,
        9493,
        4154,
        4154,
        9493,
        9493,
        4154,
        9493,
        4154,
        9493,
        2966,
        2966,
        4154,
        7355,
        7355,
        2966,
        9493,
        4154,
        4154,
        2966,
        2966,
        16414,
        9493,
        9493,
        8606,
        8606,
        4154,
        2966,
        9520,
        4154,
        4154,
        9493,
        2966,
        4154,
        9493,
        2966,
        136,
        2966,
        16414,
        5122,
        2966,
        2966,
        2966,
        4154,
        2966,
        9493,
        9493,
        5122,
        9493,
        4154,
        3080,
        7355,
        16414,
        4154,
        2966,
        2966,
        2966,
        2966,
        2966,
        7277,
        2966,
        7277,
        7277,
        2966,
        2966,
        2966,
        2966,
        2966,
        2966,
        2966,
        2966,
        2966,
        2966,
        2966,
        2966,
        2966,
        2966,
        2966,
        2966,
        7277,
        2966,
        7277,
        7277,
        2966,
        2966,
        2966,
        2966,
        2966,
        2966,
        2966,
        2966,
        2966,
        2966,
        2966,
        2966,
        2966,
        2966,
        2966,
        2966,
        7277,
        2966,
        7277,
        7277,
        2966,
        2966,
        2966,
        2966,
        2966,
        2966,
        2966,
        2966,
        2966,
        2966,
        2966,
        9698,
        4154,
        2966,
        5535,
        5122,
        4154,
        8606,
        16414,
        9493,
        4154,
        9493,
        4154,
        9493,
        2966,
        2985,
        16414,
        9493,
        2966,
        2966,
        2966,
        4154,
        4154,
        9493,
        2966,
        2985,
        9698,
        4154,
        4154,
        3004,
        3080,
        9493,
        2966,
        4154,
        4154,
        2966,
        2985,
        9493,
        2966,
        4154,
        2966,
        9493,
        7355,
        7355,
        9493,
        2966,
        2985,
        2966,
        9493,
        2852,
        4154,
        2966,
        9493,
        9493,
        4154,
        16414,
        9493,
        5535,
        2966,
        2966,
        2966,
        3080,
        7355,
        7355,
        9493,
        8109,
        5122,
        2966,
        2966,
        2966,
        2966,
        2966,
        2966,
        2966,
        2966,
        2966,
        2966,
        2966,
        2966,
        2966,
        2966,
        2966,
        2966,
        2966,
        2966,
        2966,
        2966,
        2966,
        2966,
        2966,
        2966,
        2966,
        2966,
        2966,
        2966,
        2966,
        2966,
        2966,
        2966,
        2966,
        2966,
        2966,
        2966,
        2966,
        2966,
        2966,
        2966,
        2966,
        2966,
        2966,
        2966,
        2966,
        2966,
        2966,
        2966,
        2966,
        2966,
        2966,
        2966,
        2966,
        2966,
        2966,
        2966,
        2966,
        8606,
        5535,
        9698,
        2966,
        2966,
        2966,
        9493,
        4154,
        2966,
        2966,
        5107,
        4154,
        4154,
        4154,
        5107,
        8382,
        9493,
        4154,
        2966,
        9493,
        9493,
        9493,
        2966,
        3099,
        9493,
        2757,
        9698,
        2966,
        4154,
        2795,
        9493,
        2757,
        9493,
        4154,
        9493,
        16414,
        9493,
        9493,
        2966,
        2757,
        4154,
        2966,
        4154,
        9493,
        2757,
        16414,
        9698,
        2966,
        4154,
        2757,
        2966,
        9493,
        2966,
        9493,
        9493,
        9493,
        4154,
        2852,
        16414,
        2966,
        2966,
        4154,
        2833,
        4154,
        3118,
        3118,
        5535,
        2966,
        2966,
        9493,
        16414,
        2966,
        2966,
        2966,
        2966,
        2966,
        2966,
        2966,
        2966,
        2966,
        2966,
        2966,
        2966,
        2966,
        2966,
        2966,
        2966,
        2966,
        2966,
        2966,
        2966,
        2966,
        2966,
        2966,
        2966,
        2966,
        2966,
        2966,
        2966,
        2966,
        2966,
        2966,
        2966,
        2966,
        2966,
        2966,
        2966,
        2966,
        2966,
        2966,
        2966,
        2966,
        2966,
        2966,
        2966,
        2966,
        2966,
        2966,
        2966,
        8606,
        2852,
        5107,
        4154,
        5107,
        5107,
        2852,
        4154,
        5107,
        16414,
        9493,
        9493,
        4154,
        2966,
        2966,
        2966,
        2966,
        2966,
        2966,
        2966,
        2966,
        2966,
        2966,
        2966,
        2966,
        2966,
        2966,
        2966,
        2966,
        2966,
        2966,
        2966,
        2966,
        2966,
        2966,
        2966,
        2966,
        2966,
        2966,
        2966,
        2966,
        2966,
        2966,
        2966,
        2966,
        2966,
        2795,
        9493,
        4154,
        5107
    ],
    "DecorIndices": [],
    "DecorIds": [],
    "BlockEntities": {
        "3164160": "!<d@[F*P@C#64c-E,TfCC&e56!<d@[F*^7&#64o6@VfsmCI<#NAIrp*E,]`9FCJfiD(T1/ARl&M@V&tbEuG#c(^^6U%h/O>J3ObK!2)Os!!&ZV(ue12\"98",
        "3166208": "!<d@[F*P@C#64c-E,TfCC&e56!<d@[F*^=(#64o6@VfsmCI<#NAIrp*E,]`9FCJfiD(T1/ARl&M@V&tbEutAh*=<,_!!%O6'`\\5a4q\\23!!&ZV'`\\5a5T&KR+9DN",
        "6303744": "!<d@[F*P@C#64c-E,TfCD#aP9!<d@[F*^$u#64o6@VfsmCI<#NAIrp*E,]`9FCJfiD(T1/ARl&M@V&tbF!L_m+pnYd!!%O6'`\\5!58\"J9!!%PV'`\\5!^`<CT^d&ar9-=<:",
        "9449472": "!<d@[F*P@C#64c-E,TfCDu]k<!<d@[F*^$u#64o6@VfsmCI<#NAIrp*E,]`9FCJfiD(T1/ARl&M@V&tbF!L_m+pnYd!!%O6'`\\5a58\"J9qYu%0(&Ir[590_(!'qI]9-=<:",
        "3156993": "!<d@[F*PCD#64c-E,TfCC&e56!<d@[F*^!t#64o6@VfsmCI<#NAIrp*E,]`9FCJfiD(T1/ARl&M@V&tbEu4la(((3c!!%O6&df?R!8p*_!!%O6(ue0g",
        "6302721": "!<d@[F*PCD#64c-E,TfCD#aP9!<d@[F*^!t#64o6@VfsmCI<#NAIrp*E,]`9FCJfiD(T1/ARl&M@V&tbF!:Sk+:8Vg!!%O6'`\\5!590_(J3OYR('\":u590b)J3On19)n",
        "6308865": "!<d@[F*PCD#64c-E,TfCD#aP9!<d@[F*^4%#64o6@VfsmCI<#NAJK6(@r$13E+NQ3Ecki#Ch521Eb/ec\"E\\p.AJT</@Ua.b/R`^6Cgh?>/SB*4DJ=3(\":&scFCB9&=9&=$!!EUFATMNNDJ*csgCME@\":&scFCB9&=o\\O&!!rsADes6$@ru9m!!E[MAT2'lE`7'gFCbFP!!!!",
        "6311937": "!<d@[F*PCD#64c-E,TfCD#aP9!<d@[F*^=(#64o6@VfsmCI<#NAIrp*E,]`9FCJfiD(T1/ARl&M@V&tbF!L_m+pnYd!!%O5'`\\5!58\"J9s8T8f'a\"G$^`ECRh`ht;9-=99",
        "9448449": "!<d@[F*PCD#64c-E,TfCDu]k<!<d@[F*^!t#64o6@VfsmCI<#NAIrp*E,]`9FCJfiD(T1/ARl&M@V&tbF!:Sk+:8Gj!!%O6*<6(i58\"J9!!!!a'`\\4f5TKh)J3On19)n",
        "3160066": "!<d@[F*PFE#64c-E,TfCC&e56!<d@[F*^+\"#64o6@VfsmCI<#NAI;p\\ATMrFARTY%\"po!]G%GQ5DfU+(#'\"^#Dfg%+!!!!'\"`nKuFE7Zf0E;+R!!$XB!!!$\"!!!!(!AOQT!!!!.!<<*#!!!!%$Zp</@;J;E@;]Rd_tBrl!!`N[!!*'\"!##A5!!*'\"!!E[ODffE(6YKnG@qEp/9KiF]!Aa]V!!!!)$ig8.z#6?X]!<<*\"'*/(5!<<*\"\":K<iFCAuQBOPdgA^/Fm4obfg2#mXW!!)-k!!!$\"!!!-0FDl80CdVlEDI[5X!.[65#6?^_!<<*\"'*/(5!<<*\"\":K<iFCAuQBOPdgA^/Fm4obfg2ZNjY!!!K0!!!$\"!!!-0FDl80CdVlEDI[5X!!#4`!!!02AoD]VCi<g!6Z6LH$=da\\F*'!F@<6Mo\"E\\p.AI;pcCi!O!F(Jl;\":8pVF(djWB5D/6&'7!8",
        "3161090": "!<d@[F*PFE#64c-E,TfCC&e56!<d@[F*^.##64o6@VfsmCI<#NAIW9mDfor.F*)>@@:s-U$#+:#ASuU.Ed7ZiEH>r7FE7Qb!!!3,F)5c:EsD_\"!!*'\"!4E%2!##>4!!WgQASlBtEaa'4Eb,=fFCf<.ATD4$F`M%e@<6NjE+EC!A[DL=!<:8C5m.R;ASlBtEaa'4Eb,4Nz!!!<;AoD^\"AQ*\\hEa`Tl:i^JnErZ=LD.Rd%6#L=OA_Ra;562+\"FECr$BLZE?AH2]1!!!",
        "3163138": "!<d@[F*PFE#64c-E,TfCC&e56!<d@[F*^4%#64o6@VfsmCI<#NAHu^]F`__:EWlSfH#R=0@V'('@V'(%AmoReGqF&ZBl7Km2$=/)DffE0AQSp4!!!-.D.Rd%6#L=OA`V#M5Qh=4DffE0AQf'6!!!<3@rH1\"ARfgnA,l`?Eb02uBl[-o@<?&\\z",
        "5246978": "!<d@[F*PFE#64c-E,TfCC]FG8!<d@[F*]am#64o6@VfsmCI<#NAIrp*E,]`9FCJfiD(T1/ARl&M@V&tbF!L_m+pnhi!!%O6'`\\46590_(J3OYR%0-BY4rjV'J3Fh09-=<:",
        "5250050": "!<d@[F*PFE#64c-E,TfCC]FG8!<d@[F*]jp#64o6@VfsmCI<#NAJK6(@r$13E+NQ3Ecki#Ch521Eb/ec\"E\\p.AJT</@Ua.b/R`^6Cgh?=/SB*4DJ=3(\":&scFCB9&=9&=$!!EUFATMNNDJ*csgCME@\":&scFCB9&=o\\O&!!rsADes6$@ru9m!!E[MAT2'lE`7'gFCbFP!!!!",
        "7352322": "!<d@[F*PFE#64c-E,TfCD?'Y:!<d@[F*^$u#64o6@VfsmCI<#NAIi<iDfRFNDes,u/R`:'A-<6[DffE0AQ_o>AD7Vd^^13`E+NouA,loFBl8**Ecai\\DIdQpErZ1",
        "7355394": "!<d@[F*PFE#64c-E,TfCD?'Y:!<d@[F*^.##64o6@VfsmCI<#NAHu^]F`__:EWlSfH#R=%@q]:bE\\1^4ARkoKEc6&.FCePS!!!!%$#O6pBL-NKCh;\\N(-i!-Ec6&.FCeVU!!!!*$\"ImiCh7*uARkcD$Z]ft@;0a\\FCB9&z!!",
        "8399874": "!<d@[F*PFE#64c-E,TfCDZBb;!<d@[F*^!t#64o6@VfsmCI<#NAIrp*E,]`9FCJfiD(T1/ARl&M@V&tbF\"%(r-OL@n!!%O6'`\\5a590_(5X,kl%K?Al^D-eM5enE>s'NPYi_(Br!!",
        "9448450": "!<d@[F*PFE#64c-E,TfCDu]k<!<d@[F*^!t#64o6@VfsmCI<#NAIrp*E,]`9FCJfiD(T1/ARl&M@V&tbF%--:+:8Gb!!%O6*<6(i58\"J9!!%Pa'e[23ZQ0&HJ3On19*ujM$4Qt8J3P%S!.[9H%h/L=J3ObK!&-YY!!%O6(ue12!rr",
        "3146755": "!<d@[F*PIF#64c-E,TfCC&e56!<d@[F*]Xj#64o6@VfsmCI<#NAIrp*E,]`9FCJfiD(T1/ARl&M@V&tbEutAh*=;rZ!!%O6&e>HJs*qcu!!!!a*<?-?5T&KR+9MT",
        "4207619": "!<d@[F*PIF#64c-E,TfCCB+>7!<d@[F*^(!#64o6@VfsmCI<#NAJ/KhF`__:Eb/cjDf9E4BOu!l\"U&pmE+L8'Df9E4BOu\"'ATKM6Df9E4BOu!l/TPuJDIm?1ASlC.GqfF,Ec6&.FCePS!!!!%$#O6pBL-NKCh3SH!!!-,Ec6&.FCeVU!!!!*$\"ImiCh7*uARkcD$Z]ft@;0a\\FCB9&z\"UB3ZEbSs\"F9H8cCh<hSFEqh:1&q:",
        "6296579": "!<d@[F*PIF#64c-E,TfCD#aP9!<d@[F*]dn#64o6@VfsmCI<#NAJK6(@r$13E+NQ3Ecki#Ch521Eb/ec\"E\\p.AJT</@Ua.b/R`^6Cgh?>/SB*4DJ=3(\":&scFCB9&=9&=$!!EUFATMNNDJ*csgCME@\":&scFCB9&=o\\O&!!rsADes6$@ru9m!!E[MAT2'lE`7'gFCbFP!!!!",
        "7353347": "!<d@[F*PIF#64c-E,TfCD?'Y:!<d@[F*^(!#64o6@VfsmCI<#NAHu^]F`__:EWlSfH#R=*@V'('@V'(%Ecl)6ARmY$#BFa)@<?'_z\":8pVF(djWB5D/6&'7$=#BFa)@<?'az#mk*[Ci!ZmFCet_\":K6]E+*I$;flGiAH2]1!!!",
        "16785411": "!<d@[F*PIF#64c-E,TfCG5qUC!<d@[F*]mq#64o6@VfsmCI<#NAJK6(@r$13E+NQ3Ecki#Ch521Eb/ec\"E\\p.AJT</@Ua.b/R`^6Cgh?=/SB*4DJ=3(\":&scFCB9&=9&=$!!EUFATMNNDJ*csjNEiR\":&scFCB9&=o\\O&!!rsADes6$@ru9m!!E[MAT2'lE`7'gFCbFP!!!!",
        "3152900": "!<d@[F*PLG#64c-E,TfCC&e56!<d@[F*]jp#64o6@VfsmCI<#NAHu^]F`__:EWlSfH#R=8@W-1#F(f-$G%G_JF(96/Ci\"-#@r!Z-D/aTB0a%`%DffE0AQSp4!!!-.D.Rd%6#L=OA_Ra;56M43DffE0AQf'6!!!<3@rH1\"ARfgnA,l`?Eb02uBl[-o@<?&\\z",
        "3153924": "!<d@[F*PLG#64c-E,TfCC&e56!<d@[F*]mq#64o6@VfsmCI<#NAHu^]F`__:EWlSfH#R=8@W-1#F(f-$G%G_JF(96/Ci\"-#@r!Z-D/aTB0a%`%DffE0AQSp4!!!-.D.Rd%6#L=OA_Ra;56M43DffE0AQf'6!!!<3@rH1\"ARfgnA,l`?Eb02uBl[-o@<?&\\z",
        "3164164": "!<d@[F*PLG#64c-E,TfCC&e56!<d@[F*^7&#64o6@VfsmCI<#NAIW9mDfor.F*)>@@:s-U$#+:#ASuU.Ed7ZiEH>r7FE7Qb!!!3,F)5c:EsD_\"!!*'\"!4E%2!#Yb:!!WgQASlBtEaa'4Eb,=fFCf<.ATD4$F`M%e@<6NjE+EC!A[DL=!<:8C5m.R;ASlBtEaa'4Eb,4Nz!!!<;AoD^\"AQ*\\hEa`Tl:i^JnErZ=LD.Rd%6#L=OA_Ra;562+\"FECr$BLZE?AH2]1!!!",
        "4201476": "!<d@[F*PLG#64c-E,TfCCB+>7!<d@[F*]jp#64o6@VfsmCI<#NAHu^]F`__:EWlSfH#R=9@W-1#F(f-$G%G_JF(96/Ci\"-#@r!Z:F_P`)A2=>nEc6&.FCePS!!!!%$#O6pBL-NKCh;?3aZfn5Ec6&.FCeVU!!!!*$\"ImiCh7*uARkcD$Z]ft@;0a\\FCB9&z!!",
        "4202500": "!<d@[F*PLG#64c-E,TfCCB+>7!<d@[F*]mq#64o6@VfsmCI<#NAHu^]F`__:EWlSfH#R=8@W-1#F(f-$G%G_JF(96/Ci\"-#@r!Z-D/aTB0a%`%DffE0AQSp4!!!-.D.Rd%6#L=OA_Ra;56M43DffE0AQf'6!!!<3@rH1\"ARfgnA,l`?Eb02uBl[-o@<?&\\z",
        "4207620": "!<d@[F*PLG#64c-E,TfCCB+>7!<d@[F*^(!#64o6@VfsmCI<#NAJoT.Earc7@UX=l@kD8:FD5W&F=hQPF`_:!'6J8'DKBN6Bl@l[Dfp)A9P%gXz!!)N'!u,Q[F*'c_ARfLAFB!1#@;J>?H#irc!!#\\)%7's",
        "5242884": "!<d@[F*PLG#64c-E,TfCC]FG8!<d@[F*]Ui#64o6@VfsmCI<#NAIrp*E,]`9FCJfiD(T1/ARl&M@V&tbF!:Sk+:8Gj!!%O6*<6(i58\"J9qZ!2&'`nAc^E!=T?pGRg9)n",
        "7346180": "!<d@[F*PLG#64c-E,TfCD?'Y:!<d@[F*]go#64o6@VfsmCI<#NAHu^]F`__:EWlSfH#R=#@WGn'Bk;<A\":&scFCB9&=9&=$!!EUFATMNNDJ*csgCHk?\":&scFCB9&=o\\O&!!rsADes6$@ru9m!!E[MAT2'lE`7'gFCbFP!!!!",
        "7347204": "!<d@[F*PLG#64c-E,TfCD?'Y:!<d@[F*]jp#64o6@VfsmCI<#NAHu^]F`__:EWlSfH#R=(@q]:bE\\2<SBl7Km1B[r'DffE0AQSp4!!!-.D.Rd%6#L=OA_Ra;56M43DffE0AQf'6!!!<3@rH1\"ARfgnA,l`?Eb02uBl[-o@<?&\\z",
        "7348228": "!<d@[F*PLG#64c-E,TfCD?'Y:!<d@[F*]mq#64o6@VfsmCI<#NAHu^]F`__:EWlSfH#R=(FCAWpAM%qFBl7Km1'@i&DffE0AQSp4!!!-.D.Rd%6#L=OA^XNS56M43DffE0AQf'6!!!<3@rH1\"ARfgnA,l`?Eb02uBl[-o@<?&\\z",
        "7359492": "!<d@[F*PLG#64c-E,TfCD?'Y:!<d@[F*^:'#64o6@VfsmCI<#NAJK6(@r$13E+NQ3Ecki#Ch521Eb/ec\"E\\p.AJT</@Ua.b/R`^6Cgh??/SB*4DJ=3(\":&scFCB9&=9&=$!!EUFATMNNDJ*csgCHk?\":&scFCB9&=o\\O&!!rsADes6$@ru9m!!E[MAT2'lE`7'gFCbFP!!!!",
        "8391684": "!<d@[F*PLG#64c-E,TfCDZBb;!<d@[F*]^l#64o6@VfsmCI<#NAJK6(@r$13E+NQ3Ecki#Ch521Eb/ec\"E\\p.AJT</@Ua.b/R`^6Cgh?@/SB*4DJ=3(\":&scFCB9&=9&=$!!EUFATMNNDJ*csgCME@\":&scFCB9&=o\\O&!!rsADes6$@ru9m!!E[MAT2'lE`7'gFCbFP!!!!",
        "8401924": "!<d@[F*PLG#64c-E,TfCDZBb;!<d@[F*^(!#64o6@VfsmCI<#NAK5f1EarcrDerrqE\\1^4ARmB(D/aTB/T,KIFD(X",
        "14688260": "!<d@[F*PLG#64c-E,TfCFT;CA!<d@[F*]mq#64o6@VfsmCI<#NAJfN-Earc7@UX=l@kD8:FD5W&F=h'4F*%KtFE1f-F(o`1Df/*aF`MOsAS-#az!:[`*'Pq3!F@0_Q@r\"AP<,ZkeCd_]WErZ1?!)*t65l^",
        "3151877": "!<d@[F*POH#64c-E,TfCC&e56!<d@[F*]go#64o6@VfsmCI<#NAJK6(@r$13E+NQ3Ecki#Ch521Eb/ec\"E\\p.AJT</@Ua.b/R`^6Cgh?=/SB*4DJ=3(\":&scFCB9&=9&=$!!EUFATMNNDJ*csgCHk?\":&scFCB9&=o\\O&!!rsADes6$@ru9m!!E[MAT2'lE`7'gFCbFP!!!!",
        "3154949": "!<d@[F*POH#64c-E,TfCC&e56!<d@[F*]pr#64o6@VfsmCI<#NAHu^]F`__:EWlSfH#R='CggjbATBA2B4YU.\":&scFCB9&=9&=$!!EUFATMNNDJ*csjNA<(\":&scFCB9&=o\\O&!!rsADes6$@ru9m!!E[MAT2'lE`7'gFCbFP!!!!",
        "3156997": "!<d@[F*POH#64c-E,TfCC&e56!<d@[F*^!t#64o6@VfsmCI<#NAIi<iDfRFNDes,u/R`:'A-<6[DffE0AQ_o>AD7Vd5R@X5E+NouA,uuGBl8**Ecai\\DIdQpErZ1",
        "4203525": "!<d@[F*POH#64c-E,TfCCB+>7!<d@[F*]pr#64o6@VfsmCI<#NAHu^]F`__:EWlSfH#R='CggjbATBA2B4YU.\":&scFCB9&=9&=$!!EUFATMNNDJ*csjNA<(\":&scFCB9&=o\\O&!!rsADes6$@ru9m!!E[MAT2'lE`7'gFCbFP!!!!",
        "4214789": "!<d@[F*POH#64c-E,TfCCB+>7!<d@[F*^=(#64o6@VfsmCI<#NAJK6(@r$13E+NQ3Ecki#Ch521Eb/ec\"E\\p.AJT</@Ua.b/R`^6Cgh?>/SB*4DJ=3(\":&scFCB9&=9&=$!!EUFATMNNDJ*csgCHk?\":&scFCB9&=o\\O&!!rsADes6$@ru9m!!E[MAT2'lE`7'gFCbFP!!!!",
        "5252101": "!<d@[F*POH#64c-E,TfCC]FG8!<d@[F*]pr#64o6@VfsmCI<#NAHu^]F`__:EWlSfH#R='CggjbATBA2B4YU.\":&scFCB9&=9&=$!!EUFATMNNDJ*csjNA<(\":&scFCB9&=o\\O&!!rsADes6$@ru9m!!E[MAT2'lE`7'gFCbFP!!!!",
        "6300677": "!<d@[F*POH#64c-E,TfCD#aP9!<d@[F*]pr#64o6@VfsmCI<#NAHu^]F`__:EWlSfH#R='CggjbATBA2B4YU/\":&scFCB9&=9&=$!!EUFATMNNDJ*csjNA<(\":&scFCB9&=o\\O&!!rsADes6$@ru9m!!E[MAT2'lE`7'gFCbFP!!!!",
        "7349253": "!<d@[F*POH#64c-E,TfCD?'Y:!<d@[F*]pr#64o6@VfsmCI<#NAHu^]F`__:EWlSfH#R='CggjbATBA2B4YU1\":&scFCB9&=9&=$!!EUFATMNNDJ*csjNA<(\":&scFCB9&=o\\O&!!rsADes6$@ru9m!!E[MAT2'lE`7'gFCbFP!!!!",
        "7351301": "!<d@[F*POH#64c-E,TfCD?'Y:!<d@[F*^!t#64o6@VfsmCI<#NAIi<iDfRFNDes,u/R`:'A-<6[DffE0AQ_o>A,lT0!!rjJE+NouA,uuGBl8**Ecai\\DIdQpErZ1",
        "8397829": "!<d@[F*POH#64c-E,TfCDZBb;!<d@[F*]pr#64o6@VfsmCI<#NAHu^]F`__:EWlSfH#R='CggjbATBA2B4YU.\":&scFCB9&=9&=$!!EUFATMNNDJ*csjNA<(\":&scFCB9&=o\\O&!!rsADes6$@ru9m!!E[MAT2'lE`7'gFCbFP!!!!",
        "9446405": "!<d@[F*POH#64c-E,TfCDu]k<!<d@[F*]pr#64o6@VfsmCI<#NAHu^]F`__:EWlSfH#R='CggjbATBA2B4YU2\":&scFCB9&=9&=$!!EUFATMNNDJ*csjNA<(\":&scFCB9&=o\\O&!!rsADes6$@ru9m!!E[MAT2'lE`7'gFCbFP!!!!",
        "10494981": "!<d@[F*POH#64c-E,TfCE<#t=!<d@[F*]pr#64o6@VfsmCI<#NAHu^]F`__:EWlSfH#R='CggjbATBA2B4YU2\":&scFCB9&=9&=$!!EUFATMNNDJ*csjNA<(\":&scFCB9&=o\\O&!!rsADes6$@ru9m!!E[MAT2'lE`7'gFCbFP!!!!",
        "11543557": "!<d@[F*POH#64c-E,TfCEW?(>!<d@[F*]pr#64o6@VfsmCI<#NAHu^]F`__:EWlSfH#R='CggjbATBA2B4YU0\":&scFCB9&=9&=$!!EUFATMNNDJ*csjNA<(\":&scFCB9&=o\\O&!!rsADes6$@ru9m!!E[MAT2'lE`7'gFCbFP!!!!",
        "12592133": "!<d@[F*POH#64c-E,TfCErZ1?!<d@[F*]pr#64o6@VfsmCI<#NAHu^]F`__:EWlSfH#R='CggjbATBA2B4YU/\":&scFCB9&=9&=$!!EUFATMNNDJ*csjNA<(\":&scFCB9&=o\\O&!!rsADes6$@ru9m!!E[MAT2'lE`7'gFCbFP!!!!",
        "3147782": "!<d@[F*PRI#64c-E,TfCC&e56!<d@[F*][k#64o6@VfsmCI<#NAJK6(@r$13E+NQ3Ecki#Ch521Eb/ec\"E\\p.AJT</@Ua.b/R`^6Cgh??/SB*4DJ=3(\":&scFCB9&=9&=$!!EUFATMNNDJ*csz\":&scFCB9&=o\\O&!!rsADes6$@ru9m!!E[MAT2'lE`7'gFCbFP!!!!",
        "3150854": "!<d@[F*PRI#64c-E,TfCC&e56!<d@[F*]dn#64o6@VfsmCI<#NAIi<iDfRFNDes,u/R`:'A-<6[DffE0AQ_o>AD7Vd5R@X5E+NouA,uuGBl8**Ecai\\DIdQpErZ1",
        "3153926": "!<d@[F*PRI#64c-E,TfCC&e56!<d@[F*]mq#64o6@VfsmCI<#NAHu^]F`__:EWlSfH#R=\"@:EYTF`T8?#BFa)@<?'_z\":8pVF(djWB5D/?b8*>G#BFa)@<?'az#mk*[Ci!ZmFCet_\":K6]E+*I$;flGiAH2]1!!!",
        "3161094": "!<d@[F*PRI#64c-E,TfCC&e56!<d@[F*^.##64o6@VfsmCI<#NAHu^]F`__:EWlSfH#R=%FCAWpAM%_:DJ'(WEc6&.FCePS!!!!%$#O6pBL-NKCh;?38\\bH6Ec6&.FCeVU!!!!*$\"ImiCh7*uARkcD$Z]ft@;0a\\FCB9&z!!",
        "8398854": "!<d@[F*PRI#64c-E,TfCDZBb;!<d@[F*]ss#64o6@VfsmCI<#NAK,`0Earc7@UX=l@kD/4Ec,H!Dfp.RDJsQ;BEJoiEa`j,Bln'-DFe\\gEcXocAon\"Qzn@o&>CghC,6YL%@CI*&ADffE(6t(@^z9G%_\"!!",
        "11546630": "!<d@[F*PRI#64c-E,TfCEW?(>!<d@[F*^$u#64o6@VfsmCI<#NAJK6(@r$13E+NQ3Ecki#Ch521Eb/ec\"E\\p.AJT</@Ua.b/R`^6Cgh?=/SB*4DJ=3(\":&scFCB9&=9&=$!!EUFATMNNDJ*csgCHk?\":&scFCB9&=o\\O&!!rsADes6$@ru9m!!E[MAT2'lE`7'gFCbFP!!!!",
        "13639686": "!<d@[F*PRI#64c-E,TfCF8u:@!<d@[F*]mq#64o6@VfsmCI<#NAHu^]F`__:EWlSfH#R=#@WGn'Bk;<A\":&scFCB9&=9&=$!!EUFATMNNDJ*csdSp%X\":&scFCB9&=o\\O&!!rsADes6$@ru9m!!E[MAT2'lE`7'gFCbFP!!!!",
        "16782342": "!<d@[F*PRI#64c-E,TfCG5qUC!<d@[F*]dn#64o6@VfsmCI<#NAJK6(@r$13E+NQ3Ecki#Ch521Eb/ec\"E\\p.AJT</@Ua.b/R`^6Cgh?>/SB*4DJ=3(\":&scFCB9&=9&=$!!EUFATMNNDJ*csgCHk?\":&scFCB9&=o\\O&!!rsADes6$@ru9m!!E[MAT2'lE`7'gFCbFP!!!!",
        "3152903": "!<d@[F*PUJ#64c-E,TfCC&e56!<d@[F*]jp#64o6@VfsmCI<#NAHu^]F`__:EWlSfH#R=%@q]:bE\\1^4ARkoKEc6&.FCePS!!!!%$#O6pBL-NKCh;?3ah@l_Ec6&.FCeVU!!!!*$\"ImiCh7*uARkcD$Z]ft@;0a\\FCB9&z!!",
        "3154951": "!<d@[F*PUJ#64c-E,TfCC&e56!<d@[F*]pr#64o6@VfsmCI<#NAHu^]F`__:EWlSfH#R=*@V'('@V'(%Ecl)6ARmS\"#BFa)@<?'_z\":8pVF(djWB5D/;m4Z6X#BFa)@<?'az#mk*[Ci!ZmFCet_\":K6]E+*I$;flGiAH2]1!!!",
        "4198407": "!<d@[F*PUJ#64c-E,TfCCB+>7!<d@[F*]am#64o6@VfsmCI<#NAK,`0Earc7@UX=l@kD/4Ec,H!Dfp.RDJsQ;BEJoiEa`j,Bln'-DFe\\gEcXocAon\"Qzn@o&>CghC,6YL%@CI*&ADffE(6t(@^z9G%_\"!!",
        "6308871": "!<d@[F*PUJ#64c-E,TfCD#aP9!<d@[F*^4%#64o6@VfsmCI<#NAJK6(@r$13E+NQ3Ecki#Ch521Eb/ec\"E\\p.AJT</@Ua.b/R`^6Cgh??/SB*4DJ=3(\":&scFCB9&=9&=$!!EUFATMNNDJ*csgCME?\":&scFCB9&=o\\O&!!rsADes6$@ru9m!!E[MAT2'lE`7'gFCbFP!!!!",
        "7346183": "!<d@[F*PUJ#64c-E,TfCD?'Y:!<d@[F*]go#64o6@VfsmCI<#NAHu^]F`__:EWlSfH#R=\"@Wc0rATT^2#BFa)@<?'_z\":8pVF(djWB5D/6%nXM=#BFa)@<?'az#mk*[Ci!ZmFCet_\":K6]E+*I$;flGiAH2]1!!!",
        "7350279": "!<d@[F*PUJ#64c-E,TfCD?'Y:!<d@[F*]ss#64o6@VfsmCI<#NAHu^]F`__:EWlSfH#R=%FCAWpAM%>'ARkoKEc6&.FCePS!!!!%$#O6pBL-NKCh;\\N(;L%XEc6&.FCeVU!!!!*$\"ImiCh7*uARkcD$Z]ft@;0a\\FCB9&z!!",
        "7353351": "!<d@[F*PUJ#64c-E,TfCD?'Y:!<d@[F*^(!#64o6@VfsmCI<#NAJ/NlDfRFMF_P`)A1_h?F_>AC\":B0fFCB9&=]/[=gCMCj#mP<eASu'i!=93LDK]T3F@]hXA8Ggu!!!",
        "8403975": "!<d@[F*PUJ#64c-E,TfCDZBb;!<d@[F*^.##64o6@VfsmCI<#NAJK6(@r$13E+NQ3Ecki#Ch521Eb/ec\"E\\p.AJT</@Ua.b/R`^6Cgh??/SB*4DJ=3(\":&scFCB9&=9&=$!!EUFATMNNDJ*csgCHk?\":&scFCB9&=o\\O&!!rsADes6$@ru9m!!E[MAT2'lE`7'gFCbFP!!!!",
        "12594183": "!<d@[F*PUJ#64c-E,TfCErZ1?!<d@[F*^!t#64o6@VfsmCI<#NAJK6(@r$13E+NQ3Ecki#Ch521Eb/ec\"E\\p.AJT</@Ua.b/R`^6Cgh?>/SB*4DJ=3(\":&scFCB9&=9&=$!!EUFATMNNDJ*csjNEiR\":&scFCB9&=o\\O&!!rsADes6$@ru9m!!E[MAT2'lE`7'gFCbFP!!!!",
        "3145736": "!<d@[F*PXK#64c-E,TfCC&e56!<d@[F*]Ui#64o6@VfsmCI<#NAIrp*E,]`9FCJfiD(T1/ARl&M@V&tbF!:Sk+:8Gb!!%O6*<6(i58\"J9!!%O6'`\\6L5TKh)J3On19)n",
        "3151880": "!<d@[F*PXK#64c-E,TfCC&e56!<d@[F*]go#64o6@VfsmCI<#NAHu^]F`__:EWlSfH#R=?@W-1#F(f-$G%G_JCh7*uF`M@O@:s.^/RiX:CFsIDASu'i\":&scFCB9&=9&=$!!EUFATMNNDJ*csgCME?\":&scFCB9&=o\\O&!!rsADes6$@ru9m!!E[MAT2'lE`7'gFCbFP!!!!",
        "3155976": "!<d@[F*PXK#64c-E,TfCC&e56!<d@[F*]ss#64o6@VfsmCI<#NAJK6(@r$13E+NQ3Ecki#Ch521Eb/ec\"E\\p.AJT</@Ua.b/R`^6Cgh??/SB*4DJ=3(\":&scFCB9&=9&=$!!EUFATMNNDJ*csgCHk@\":&scFCB9&=o\\O&!!rsADes6$@ru9m!!E[MAT2'lE`7'gFCbFP!!!!",
        "3165192": "!<d@[F*PXK#64c-E,TfCC&e56!<d@[F*^:'#64o6@VfsmCI<#NAJK6(@r$13E+NQ3Ecki#Ch521Eb/ec\"E\\p.AJT</@Ua.b/R`^6Cgh?=/SB*4DJ=3(\":&scFCB9&=9&=$!!EUFATMNNDJ*csjNEiR\":&scFCB9&=o\\O&!!rsADes6$@ru9m!!E[MAT2'lE`7'gFCbFP!!!!",
        "5242888": "!<d@[F*PXK#64c-E,TfCC]FG8!<d@[F*]Ui#64o6@VfsmCI<#NAIrp*E,]`9FCJfiD(T1/ARl&M@V&tbF!gqp,mk.l!!%O6'`\\5a590_(J3OYW%0-BY^_QeIIm4qV!.[9Ni_'7",
        "8392712": "!<d@[F*PXK#64c-E,TfCDZBb;!<d@[F*]am#64o6@VfsmCI<#NAJK6(@r$13E+NQ3Ecki#Ch521Eb/ec\"E\\p.AJT</@Ua.b/R`^6Cgh?@/SB*4DJ=3(\":&scFCB9&=9&=$!!EUFATMNNDJ*csdSp%X\":&scFCB9&=o\\O&!!rsADes6$@ru9m!!E[MAT2'lE`7'gFCbFP!!!!",
        "13637640": "!<d@[F*PXK#64c-E,TfCF8u:@!<d@[F*]go#64o6@VfsmCI<#NAI;p\\ATMrFARTY%\"po!]G%GQ5DfU+(#'\"^#Dfg%+!!!!'\"`nKuFE7Zf0E;+R!!!H/!!!$\"!!!!(!AOQT!!!\"D%KHJ0z#6?U\\!<<*\"%KQP0!<<*\"!!`N^!!*'\"!\"T)1!!*'\"!!!6)2?3aX!!!K0!!!$\"!!!!(!B0uZ!!!!.!<<*#z!!!02AoD]VCi<g!6Z6LH$=da\\F*'!F@<6Mo\"E\\p.AI;pcCi!O!F(Jl;\":8pVF(djWB5D/6&';Nc",
        "3146761": "!<d@[F*P[L#64c-E,TfCC&e56!<d@[F*]Xj#64o6@VfsmCI<#NAHu^]F`__:EWlSfH#R=#@WGn'Bk;<A\":&scFCB9&=9&=$!!EUFATMNNDJ*csdSp$-\":&scFCB9&=o\\O&!!rsADes6$@ru9m!!E[MAT2'lE`7'gFCbFP!!!!",
        "3149833": "!<d@[F*P[L#64c-E,TfCC&e56!<d@[F*]am#64o6@VfsmCI<#NAIrp*E,]`9FCJfiD(T1/ARl&M@V&tbEu4la(((3c!!%O6&df?R!5Li?!!%O6(ue0g",
        "4196361": "!<d@[F*P[L#64c-E,TfCCB+>7!<d@[F*][k#64o6@VfsmCI<#NAJfN-Earc7@UX=l@kD8:FD5W&F=h'4F*%KtFE1f-F(o`1Df/*aF`MOsAS-#az!:[`*'Pq3!F@0_Q@r\"AP<,ZkeCd_]WErZ1?!)*t65l^",
        "5243913": "!<d@[F*P[L#64c-E,TfCC]FG8!<d@[F*]Xj#64o6@VfsmCI<#NAIrp*E,]`9FCJfiD(T1/ARl&M@V&tbF!L_m+pnYl!!%O6*<6(i4q\\A8>QHOc(&e/^590_(J3Xt29-=68",
        "5256201": "!<d@[F*P[L#64c-E,TfCC]FG8!<d@[F*^(!#64o6@VfsmCI<#NAJK6(@r$13E+NQ3Ecki#Ch521Eb/ec\"E\\p.AJT</@Ua.b/R`^6Cgh?@/SB*4DJ=3(\":&scFCB9&=9&=$!!EUFATMNNDJ*csgCMCi\":&scFCB9&=o\\O&!!rsADes6$@ru9m!!E[MAT2'lE`7'gFCbFP!!!!",
        "7350281": "!<d@[F*P[L#64c-E,TfCD?'Y:!<d@[F*]ss#64o6@VfsmCI<#NAJK6(@r$13E+NQ3Ecki#Ch521Eb/ec\"E\\p.AJT</@Ua.b/R`^6Cgh??/SB*4DJ=3(\":&scFCB9&=9&=$!!EUFATMNNDJ*csdSp$-\":&scFCB9&=o\\O&!!rsADes6$@ru9m!!E[MAT2'lE`7'gFCbFP!!!!",
        "8392713": "!<d@[F*P[L#64c-E,TfCDZBb;!<d@[F*]am#64o6@VfsmCI<#NAIrp*E,]`9FCJfiD(T1/ARl&M@V&tbF!L_m+pnYl!!%O6*<6(i58\"J90\"j?R(&e/^590_(5en5r9-=68",
        "10494985": "!<d@[F*P[L#64c-E,TfCE<#t=!<d@[F*]pr#64o6@VfsmCI<#NAJK6(@r$13E+NQ3Ecki#Ch521Eb/ec\"E\\p.AJT</@Ua.b/R`^6Cgh??/SB*4DJ=3(\":&scFCB9&=9&=$!!EUFATMNNDJ*csgCHk?\":&scFCB9&=o\\O&!!rsADes6$@ru9m!!E[MAT2'lE`7'gFCbFP!!!!",
        "14686217": "!<d@[F*P[L#64c-E,TfCFT;CA!<d@[F*]go#64o6@VfsmCI<#NAJK6(@r$13E+NQ3Ecki#Ch521Eb/ec\"E\\p.AJT</@Ua.b/R`^6Cgh?=/SB*4DJ=3(\":&scFCB9&=9&=$!!EUFATMNNDJ*csgCHk?\":&scFCB9&=o\\O&!!rsADes6$@ru9m!!E[MAT2'lE`7'gFCbFP!!!!",
        "3150858": "!<d@[F*P^M#64c-E,TfCC&e56!<d@[F*]dn#64o6@VfsmCI<#NAHu^]F`__:EWlSfH#R=\"@Wc0rATT^2#BFa)@<?'_z\":8pVF(djWB5D/;m4U^-#BFa)@<?'az#mk*[Ci!ZmFCet_\":K6]E+*I$;flGiAH2]1!!!",
        "4204554": "!<d@[F*P^M#64c-E,TfCCB+>7!<d@[F*]ss#64o6@VfsmCI<#NAJK6(@r$13E+NQ3Ecki#Ch521Eb/ec\"E\\p.AJT</@Ua.b/R`^6Cgh?@/SB*4DJ=3(\":&scFCB9&=9&=$!!EUFATMNNDJ*csdSp$-\":&scFCB9&=o\\O&!!rsADes6$@ru9m!!E[MAT2'lE`7'gFCbFP!!!!"
    },
    "Entities": [],
    "ReplaceMode": 2,
    "EntranceRotation": -1
}