{
	"editor": {
		"allAngles": false,
		"entityTextureMode": true
	},
	"textureWidth": 28,
	"textureHeight": 24,
	"textureSizes": {
	},
	"textures": {
	},
	"elements": [
		{
			"name": "UpperBack",
			"from": [ 3.0, 7.0, 5.0 ],
			"to": [ 8.0, 8.0, 11.0 ],
			"autoUnwrap": false,
			"uv": [ 8.5, 15.0 ],
			"rotationOrigin": [ 5.5, 7.0, 8.0 ],
			"faces": {
				"north": { "texture": "#skin", "uv": [ 18.0, 2.0, 13.0, 3.0 ], "autoUv": false, "windMode": [-1,-1,-1,-1] },
				"east": { "texture": "#skin", "uv": [ 17.0, 0.0, 23.0, 1.0 ] },
				"south": { "texture": "#skin", "uv": [ 13.0, 2.0, 18.0, 3.0 ] },
				"west": { "texture": "#skin", "uv": [ 17.0, 0.0, 23.0, 1.0 ] },
				"up": { "texture": "#skin", "uv": [ 23.0, 0.0, 28.0, 6.0 ] },
				"down": { "texture": "#skin", "uv": [ 23.0, 0.0, 28.0, 6.0 ] }
			},
			"children": [
				{
					"name": "LowerBack",
					"from": [ 5.0, 0.0, 0.005 ],
					"to": [ 10.0, 1.0, 5.995 ],
					"autoUnwrap": false,
					"uv": [ 10.0, 25.0 ],
					"rotationOrigin": [ 5.0, 1.0, 3.0 ],
					"rotationZ": -22.5,
					"faces": {
						"north": { "texture": "#skin", "uv": [ 23.0, 1.0, 18.0, 2.0 ], "autoUv": false, "windMode": [-1,-1,-1,-1] },
						"east": { "texture": "#skin", "uv": [ 19.5, 22.0, 25.0, 23.0 ] },
						"south": { "texture": "#skin", "uv": [ 18.0, 1.0, 23.0, 2.0 ], "windMode": [-1,-1,-1,-1] },
						"west": { "texture": "#skin", "uv": [ 19.5, 22.0, 25.0, 23.0 ], "windMode": [-1,-1,-1,-1] },
						"up": { "texture": "#skin", "uv": [ 23.0, 6.0, 28.0, 11.5 ] },
						"down": { "texture": "#skin", "uv": [ 23.0, 6.0, 28.0, 11.5 ], "windMode": [-1,-1,-1,-1] }
					}
				},
				{
					"name": "Rear",
					"from": [ 7.0, -4.0, 0.0 ],
					"to": [ 9.67, -0.9, 6.0 ],
					"autoUnwrap": false,
					"uv": [ 8.5, 5.5 ],
					"rotationOrigin": [ 7.0, -4.0, 0.0 ],
					"faces": {
						"north": { "texture": "#skin", "uv": [ 22.5, 4.0, 20.0, 7.0 ], "autoUv": false, "windMode": [-1,-1,-1,-1] },
						"east": { "texture": "#skin", "uv": [ 6.5, 13.5, 12.5, 16.5 ] },
						"south": { "texture": "#skin", "uv": [ 20.0, 4.0, 22.5, 7.0 ], "windMode": [-1,-1,-1,-1] },
						"west": { "texture": "#skin", "uv": [ 6.5, 13.5, 12.5, 16.5 ], "windMode": [-1,-1,-1,-1] },
						"up": { "texture": "#skin", "uv": [ 6.5, 13.5, 12.5, 14.9 ], "autoUv": false },
						"down": { "texture": "#skin", "uv": [ 4.0, 13.0, 6.5, 19.0 ] }
					}
				},
				{
					"name": "Abdomen",
					"from": [ 3.0, -4.0, 0.0 ],
					"to": [ 7.0, 0.0, 6.0 ],
					"autoUnwrap": false,
					"uv": [ 15.0, 1.0 ],
					"rotationOrigin": [ 3.0, -4.0, 0.0 ],
					"faces": {
						"north": { "texture": "#skin", "uv": [ 20.0, 3.0, 16.0, 7.0 ], "autoUv": false, "windMode": [-1,-1,-1,-1] },
						"east": { "texture": "#skin", "uv": [ 5.0, 7.0, 11.0, 11.0 ] },
						"south": { "texture": "#skin", "uv": [ 16.0, 3.0, 20.0, 7.0 ], "autoUv": false, "windMode": [-1,-1,-1,-1] },
						"west": { "texture": "#skin", "uv": [ 5.0, 7.0, 11.0, 11.0 ] },
						"up": { "texture": "#skin", "uv": [ 16.0, 3.0, 20.0, 4.0 ], "autoUv": false },
						"down": { "texture": "#skin", "uv": [ 6.0, 1.0, 10.0, 7.0 ] }
					}
				},
				{
					"name": "UpperBelly",
					"from": [ 1.0, -2.0, 0.015 ],
					"to": [ 4.45, -1.0, 5.985 ],
					"autoUnwrap": false,
					"uv": [ 2.0, 31.5 ],
					"rotationOrigin": [ 1.0, -1.0, 0.0 ],
					"rotationZ": -40.0,
					"faces": {
						"north": { "texture": "#skin", "uv": [ 3.0, 6.0, 6.0, 7.0 ] },
						"east": { "texture": "#skin", "uv": [ 22.5, 18.0, 28.0, 19.0 ] },
						"south": { "texture": "#skin", "uv": [ 3.0, 6.0, 6.0, 7.0 ] },
						"west": { "texture": "#skin", "uv": [ 22.5, 18.0, 28.0, 19.0 ] },
						"up": { "texture": "#skin", "uv": [ 16.5, 12.0, 19.5, 17.5 ] },
						"down": { "texture": "#skin", "uv": [ 16.5, 12.0, 19.5, 17.5 ] }
					}
				},
				{
					"name": "Torso",
					"from": [ 2.0, -3.0, 0.0 ],
					"to": [ 3.0, 0.0, 6.0 ],
					"autoUnwrap": false,
					"uv": [ 18.0, 27.5 ],
					"rotationOrigin": [ 2.0, -3.0, 0.0 ],
					"faces": {
						"north": { "texture": "#skin", "uv": [ 15.0, 3.0, 16.0, 6.0 ] },
						"east": { "texture": "#skin", "uv": [ 19.5, 15.0, 25.5, 18.0 ] },
						"south": { "texture": "#skin", "uv": [ 15.0, 3.0, 16.0, 6.0 ] },
						"west": { "texture": "#skin", "uv": [ 19.5, 15.0, 25.5, 18.0 ] },
						"up": { "texture": "#skin", "uv": [ 22.0, 7.0, 23.0, 13.0 ] },
						"down": { "texture": "#skin", "uv": [ 22.0, 7.0, 23.0, 13.0 ] }
					}
				},
				{
					"name": "Neck",
					"from": [ 1.0, -2.0, 0.0 ],
					"to": [ 2.0, 0.0, 6.0 ],
					"autoUnwrap": false,
					"uv": [ 17.5, 20.0 ],
					"rotationOrigin": [ 1.0, -2.0, 0.0 ],
					"faces": {
						"north": { "texture": "#skin", "uv": [ 14.0, 3.0, 15.0, 5.0 ], "autoUv": false, "windMode": [-1,-1,-1,-1] },
						"east": { "texture": "#skin", "uv": [ 13.5, 20.5, 19.5, 22.5 ] },
						"south": { "texture": "#skin", "uv": [ 14.0, 3.0, 15.0, 5.0 ], "windMode": [-1,-1,-1,-1] },
						"west": { "texture": "#skin", "uv": [ 13.5, 20.5, 19.5, 22.5 ] },
						"up": { "texture": "#skin", "uv": [ 20.0, 7.0, 21.0, 13.0 ] },
						"down": { "texture": "#skin", "uv": [ 20.0, 7.0, 21.0, 13.0 ] }
					},
					"children": [
						{
							"name": "Head",
							"from": [ -1.0, 0.3, 0.005 ],
							"to": [ 0.0, 2.3, 6.015 ],
							"autoUnwrap": false,
							"uv": [ 17.5, 11.5 ],
							"rotationOrigin": [ -1.0, 1.0, 0.0 ],
							"faces": {
								"north": { "texture": "#skin", "uv": [ 13.0, 2.7, 14.0, 4.7 ], "autoUv": false, "windMode": [-1,-1,-1,-1] },
								"east": { "texture": "#skin", "uv": [ 19.5, 13.0, 25.5, 15.0 ] },
								"south": { "texture": "#skin", "uv": [ 13.0, 2.7, 14.0, 4.7 ], "autoUv": false, "windMode": [-1,-1,-1,-1] },
								"west": { "texture": "#skin", "uv": [ 19.5, 13.0, 25.5, 15.0 ] },
								"up": { "texture": "#skin", "uv": [ 21.0, 7.0, 22.0, 13.0 ] },
								"down": { "texture": "#skin", "uv": [ 21.0, 7.0, 22.0, 13.0 ] }
							},
							"children": [
								{
									"name": "LowerJawControl",
									"from": [ 1.0, 0.0, 1.995 ],
									"to": [ 1.0, 0.0, 3.995 ],
									"autoUnwrap": false,
									"uv": [ 6.5, 0.0 ],
									"rotationOrigin": [ 1.0, -1.3, 2.0 ],
									"rotationZ": -10.0,
									"faces": {
										"north": { "texture": "#skin", "uv": [ 9.5, 0.0, 10.0, 0.5 ] },
										"east": { "texture": "#skin", "uv": [ 7.5, 0.0, 9.5, 0.5 ] },
										"south": { "texture": "#skin", "uv": [ 9.5, 0.0, 10.0, 0.5 ] },
										"west": { "texture": "#skin", "uv": [ 7.5, 0.0, 9.5, 0.5 ] },
										"up": { "texture": "#skin", "uv": [ 10.5, 0.0, 11.0, 2.0 ] },
										"down": { "texture": "#skin", "uv": [ 10.5, 0.0, 11.0, 2.0 ] }
									},
									"children": [
										{
											"name": "LowerJaw",
											"from": [ -3.12, 0.0, -1.12 ],
											"to": [ 1.12, 1.0, 3.12 ],
											"autoUnwrap": false,
											"uv": [ 1.5, 39.5 ],
											"rotationOrigin": [ -1.0, 0.0, 1.0 ],
											"rotationY": -45.0,
											"faces": {
												"north": { "texture": "#skin", "uv": [ 15.5, 7.0, 19.5, 8.0 ] },
												"east": { "texture": "#skin", "uv": [ 15.5, 7.0, 19.5, 8.0 ] },
												"south": { "texture": "#skin", "uv": [ 15.5, 7.0, 19.5, 8.0 ] },
												"west": { "texture": "#skin", "uv": [ 15.5, 7.0, 19.5, 8.0 ] },
												"up": { "texture": "#skin", "uv": [ 12.5, 12.0, 16.5, 16.0 ] },
												"down": { "texture": "#skin", "uv": [ 3.5, 20.0, 7.5, 24.0 ] }
											}
										}
									]
								},
								{
									"name": "UpperJaw",
									"from": [ -2.12, 1.2, 0.875 ],
									"to": [ 2.12, 2.69, 5.115 ],
									"autoUnwrap": false,
									"uv": [ 14.0, 31.0 ],
									"rotationOrigin": [ 0.0, 1.7, 3.0 ],
									"rotationY": -45.0,
									"faces": {
										"north": { "texture": "#skin", "uv": [ 23.0, 11.5, 27.0, 12.5 ], "autoUv": false, "windMode": [-1,-1,-1,-1] },
										"east": { "texture": "#skin", "uv": [ 23.0, 11.5, 27.0, 12.5 ], "autoUv": false, "windMode": [-1,-1,-1,-1] },
										"south": { "texture": "#skin", "uv": [ 23.0, 11.5, 27.0, 12.5 ], "autoUv": false, "windMode": [-1,-1,-1,-1] },
										"west": { "texture": "#skin", "uv": [ 27.0, 11.5, 23.0, 12.5 ], "autoUv": false, "windMode": [-1,-1,-1,-1] },
										"up": { "texture": "#skin", "uv": [ 15.5, 8.0, 19.5, 12.0 ] },
										"down": { "texture": "#skin", "uv": [ 11.5, 7.5, 15.5, 11.5 ] }
									}
								},
								{
									"name": "LeftEye",
									"from": [ -0.25, 2.2, 5.245 ],
									"to": [ 0.75, 3.2, 6.245 ],
									"uv": [ 11.0, 5.5 ],
									"rotationOrigin": [ 0.25, 2.7, 5.75 ],
									"rotationY": 45.0,
									"faces": {
										"north": { "texture": "#skin", "uv": [ 11.0, 6.5, 12.0, 7.5 ] },
										"east": { "texture": "#skin", "uv": [ 12.0, 6.5, 13.0, 7.5 ] },
										"south": { "texture": "#skin", "uv": [ 13.0, 6.5, 14.0, 7.5 ] },
										"west": { "texture": "#skin", "uv": [ 14.0, 6.5, 15.0, 7.5 ] },
										"up": { "texture": "#skin", "uv": [ 11.0, 5.5, 12.0, 6.5 ] },
										"down": { "texture": "#skin", "uv": [ 12.0, 5.5, 13.0, 6.5 ] }
									}
								},
								{
									"name": "RightEye",
									"from": [ -0.25, 2.2, -0.255 ],
									"to": [ 0.75, 3.2, 0.745 ],
									"uv": [ 11.0, 5.5 ],
									"rotationOrigin": [ 0.25, 2.7, 0.25 ],
									"rotationY": -45.0,
									"faces": {
										"north": { "texture": "#skin", "uv": [ 11.0, 6.5, 12.0, 7.5 ] },
										"east": { "texture": "#skin", "uv": [ 12.0, 6.5, 13.0, 7.5 ] },
										"south": { "texture": "#skin", "uv": [ 13.0, 6.5, 14.0, 7.5 ] },
										"west": { "texture": "#skin", "uv": [ 14.0, 6.5, 15.0, 7.5 ] },
										"up": { "texture": "#skin", "uv": [ 11.0, 5.5, 12.0, 6.5 ] },
										"down": { "texture": "#skin", "uv": [ 12.0, 5.5, 13.0, 6.5 ] }
									}
								}
							]
						},
						{
							"name": "Throat",
							"from": [ -1.0, -1.0, 0.01 ],
							"to": [ 1.0, 1.0, 5.99 ],
							"autoUnwrap": false,
							"uv": [ 0.5, 16.5 ],
							"rotationOrigin": [ 0.0, 1.0, 0.0 ],
							"rotationZ": 45.0,
							"faces": {
								"north": { "texture": "#skin", "uv": [ 13.0, 0.0, 15.0, 2.0 ] },
								"east": { "texture": "#skin", "uv": [ 5.0, 11.0, 10.5, 13.0 ] },
								"south": { "texture": "#skin", "uv": [ 13.0, 0.0, 15.0, 2.0 ], "windMode": [-1,-1,-1,-1] },
								"west": { "texture": "#skin", "uv": [ 5.0, 11.0, 10.5, 13.0 ], "windMode": [-1,-1,-1,-1] },
								"up": { "texture": "#skin", "uv": [ 11.0, 0.0, 13.0, 5.5 ] },
								"down": { "texture": "#skin", "uv": [ 11.0, 0.0, 13.0, 5.5 ], "windMode": [-1,-1,-1,-1] }
							}
						}
					]
				},
				{
					"name": "RightArmUpper",
					"from": [ 1.0, -5.0, -1.0 ],
					"to": [ 2.5, -2.0, 0.25 ],
					"uv": [ 19.5, 18.0 ],
					"rotationOrigin": [ 1.75, -2.0, 0.0 ],
					"rotationX": 22.5,
					"rotationZ": 30.0,
					"faces": {
						"north": { "texture": "#skin", "uv": [ 19.5, 19.0, 21.0, 22.0 ] },
						"east": { "texture": "#skin", "uv": [ 21.0, 19.0, 22.0, 22.0 ] },
						"south": { "texture": "#skin", "uv": [ 22.0, 19.0, 23.5, 22.0 ] },
						"west": { "texture": "#skin", "uv": [ 23.5, 19.0, 24.5, 22.0 ] },
						"up": { "texture": "#skin", "uv": [ 19.5, 18.0, 21.0, 19.0 ] },
						"down": { "texture": "#skin", "uv": [ 21.0, 18.0, 22.5, 19.0 ] }
					},
					"children": [
						{
							"name": "RightArmLower",
							"from": [ 0.0, -3.0, 0.0 ],
							"to": [ 1.5, 0.0, 1.25 ],
							"uv": [ 10.5, 16.5 ],
							"rotationOrigin": [ 1.5, 0.0, 1.0 ],
							"rotationX": -22.5,
							"rotationZ": -30.0,
							"faces": {
								"north": { "texture": "#skin", "uv": [ 10.5, 17.5, 12.0, 20.5 ] },
								"east": { "texture": "#skin", "uv": [ 12.0, 17.5, 13.0, 20.5 ] },
								"south": { "texture": "#skin", "uv": [ 13.0, 17.5, 14.5, 20.5 ] },
								"west": { "texture": "#skin", "uv": [ 14.5, 17.5, 15.5, 20.5 ] },
								"up": { "texture": "#skin", "uv": [ 10.5, 16.5, 12.0, 17.5 ] },
								"down": { "texture": "#skin", "uv": [ 12.0, 16.5, 13.5, 17.5 ] }
							},
							"children": [
								{
									"name": "RightHand",
									"from": [ -1.5, -0.001, -1.0 ],
									"to": [ 1.5, -0.001, 2.0 ],
									"autoUnwrap": false,
									"uv": [ 19.0, 17.0 ],
									"rotationOrigin": [ 1.5, 0.0, 2.0 ],
									"faces": {
										"north": { "texture": "#skin", "uv": [ 4.0, 0.0, 7.0, 0.5 ] },
										"east": { "texture": "#skin", "uv": [ 4.0, 0.0, 7.0, 0.5 ], "windMode": [-1,-1,-1,-1] },
										"south": { "texture": "#skin", "uv": [ 4.0, 0.0, 7.0, 0.5 ], "windMode": [-1,-1,-1,-1] },
										"west": { "texture": "#skin", "uv": [ 4.0, 0.0, 7.0, 0.5 ], "windMode": [-1,-1,-1,-1] },
										"up": { "texture": "#skin", "uv": [ 7.0, 16.5, 10.5, 20.0 ], "autoUv": false }
									}
								}
							]
						}
					]
				},
				{
					"name": "LeftArmUpper",
					"from": [ 1.0, -5.0, 5.75 ],
					"to": [ 2.5, -2.0, 7.0 ],
					"uv": [ 19.5, 18.0 ],
					"rotationOrigin": [ 1.75, -2.0, 6.0 ],
					"rotationX": -22.5,
					"rotationZ": 30.0,
					"faces": {
						"north": { "texture": "#skin", "uv": [ 19.5, 19.0, 21.0, 22.0 ] },
						"east": { "texture": "#skin", "uv": [ 21.0, 19.0, 22.0, 22.0 ] },
						"south": { "texture": "#skin", "uv": [ 22.0, 19.0, 23.5, 22.0 ] },
						"west": { "texture": "#skin", "uv": [ 23.5, 19.0, 24.5, 22.0 ] },
						"up": { "texture": "#skin", "uv": [ 19.5, 18.0, 21.0, 19.0 ] },
						"down": { "texture": "#skin", "uv": [ 21.0, 18.0, 22.5, 19.0 ] }
					},
					"children": [
						{
							"name": "LeftArmLower",
							"from": [ 0.0, -3.0, 0.0 ],
							"to": [ 1.5, 0.0, 1.25 ],
							"uv": [ 10.5, 16.5 ],
							"rotationOrigin": [ 1.5, 0.0, 0.25 ],
							"rotationX": 22.5,
							"rotationZ": -30.0,
							"faces": {
								"north": { "texture": "#skin", "uv": [ 10.5, 17.5, 12.0, 20.5 ] },
								"east": { "texture": "#skin", "uv": [ 12.0, 17.5, 13.0, 20.5 ] },
								"south": { "texture": "#skin", "uv": [ 13.0, 17.5, 14.5, 20.5 ] },
								"west": { "texture": "#skin", "uv": [ 14.5, 17.5, 15.5, 20.5 ] },
								"up": { "texture": "#skin", "uv": [ 10.5, 16.5, 12.0, 17.5 ] },
								"down": { "texture": "#skin", "uv": [ 12.0, 16.5, 13.5, 17.5 ] }
							},
							"children": [
								{
									"name": "LeftHand",
									"from": [ -1.5, -0.001, -1.0 ],
									"to": [ 1.5, -0.001, 2.0 ],
									"autoUnwrap": false,
									"uv": [ 19.0, 17.0 ],
									"rotationOrigin": [ 1.5, 0.0, -1.0 ],
									"faces": {
										"north": { "texture": "#skin", "uv": [ 4.0, 0.0, 7.0, 0.5 ], "windMode": [-1,-1,-1,-1] },
										"east": { "texture": "#skin", "uv": [ 4.0, 0.0, 7.0, 0.5 ], "windMode": [-1,-1,-1,-1] },
										"south": { "texture": "#skin", "uv": [ 4.0, 0.0, 7.0, 0.5 ], "windMode": [-1,-1,-1,-1] },
										"west": { "texture": "#skin", "uv": [ 4.0, 0.0, 7.0, 0.5 ], "windMode": [-1,-1,-1,-1] },
										"up": { "texture": "#skin", "uv": [ 7.0, 16.5, 10.5, 20.0 ], "autoUv": false }
									}
								}
							]
						}
					]
				},
				{
					"name": "LeftLegUpper",
					"from": [ 7.5, -7.0, 5.75 ],
					"to": [ 9.5, -2.0, 7.0 ],
					"autoUnwrap": false,
					"uv": [ 0.0, 0.0 ],
					"rotationOrigin": [ 8.75, -3.0, 6.0 ],
					"rotationX": -50.0,
					"rotationZ": -10.0,
					"faces": {
						"north": { "texture": "#skin", "uv": [ 0.0, 1.0, 2.0, 6.0 ] },
						"east": { "texture": "#skin", "uv": [ 3.0, 1.0, 2.0, 6.0 ], "autoUv": false, "windMode": [-1,-1,-1,-1] },
						"south": { "texture": "#skin", "uv": [ 3.0, 1.0, 5.0, 6.0 ] },
						"west": { "texture": "#skin", "uv": [ 5.0, 1.0, 6.0, 6.0 ], "windMode": [-1,-1,-1,-1] },
						"up": { "texture": "#skin", "uv": [ 0.0, 0.0, 2.0, 1.0 ] },
						"down": { "texture": "#skin", "uv": [ 2.0, 0.0, 4.0, 1.0 ] }
					},
					"children": [
						{
							"name": "LeftLegMiddle",
							"from": [ 0.0, -5.5, 0.0 ],
							"to": [ 1.5, 0.0, 1.0 ],
							"uv": [ 0.0, 6.0 ],
							"rotationOrigin": [ 0.5, 0.0, 0.0 ],
							"rotationY": 45.0,
							"rotationZ": 120.0,
							"faces": {
								"north": { "texture": "#skin", "uv": [ 0.0, 7.0, 1.5, 12.5 ] },
								"east": { "texture": "#skin", "uv": [ 1.5, 7.0, 2.5, 12.5 ] },
								"south": { "texture": "#skin", "uv": [ 2.5, 7.0, 4.0, 12.5 ] },
								"west": { "texture": "#skin", "uv": [ 4.0, 7.0, 5.0, 12.5 ] },
								"up": { "texture": "#skin", "uv": [ 0.0, 6.0, 1.5, 7.0 ] },
								"down": { "texture": "#skin", "uv": [ 1.5, 6.0, 3.0, 7.0 ] }
							},
							"children": [
								{
									"name": "LeftLegLower",
									"from": [ 0.25, -3.5, -0.5 ],
									"to": [ 1.35, 0.0, 0.5 ],
									"uv": [ 0.0, 12.5 ],
									"rotationOrigin": [ 1.25, 0.0, 1.0 ],
									"rotationX": -25.0,
									"rotationY": 60.0,
									"rotationZ": -135.0,
									"faces": {
										"north": { "texture": "#skin", "uv": [ 0.0, 13.5, 1.0, 17.0 ] },
										"east": { "texture": "#skin", "uv": [ 1.0, 13.5, 2.0, 17.0 ] },
										"south": { "texture": "#skin", "uv": [ 2.0, 13.5, 3.0, 17.0 ] },
										"west": { "texture": "#skin", "uv": [ 3.0, 13.5, 4.0, 17.0 ] },
										"up": { "texture": "#skin", "uv": [ 0.0, 12.5, 1.0, 13.5 ] },
										"down": { "texture": "#skin", "uv": [ 1.0, 12.5, 2.0, 13.5 ] }
									},
									"children": [
										{
											"name": "LeftFoot",
											"from": [ -1.0, -3.0, 0.25 ],
											"to": [ 2.0, 1.0, 0.25 ],
											"autoUnwrap": false,
											"uv": [ 0.5, 10.5 ],
											"rotationOrigin": [ -1.0, -3.0, 0.0 ],
											"faces": {
												"east": { "texture": "#skin", "uv": [ 10.0, 0.0, 10.5, 4.0 ] },
												"south": { "texture": "#skin", "uv": [ 0.0, 17.0, 3.5, 20.5 ], "autoUv": false },
												"west": { "texture": "#skin", "uv": [ 10.0, 0.0, 10.5, 4.0 ] },
												"up": { "texture": "#skin", "uv": [ 4.0, 0.5, 7.0, 1.0 ] },
												"down": { "texture": "#skin", "uv": [ 4.0, 0.5, 7.0, 1.0 ] }
											}
										}
									]
								}
							]
						}
					]
				},
				{
					"name": "RightLegUpper",
					"from": [ 7.5, -7.0, -1.0 ],
					"to": [ 9.5, -2.0, 0.25 ],
					"autoUnwrap": false,
					"uv": [ 12.5, 8.5 ],
					"rotationOrigin": [ 8.75, -3.0, 0.0 ],
					"rotationX": 50.0,
					"rotationZ": -10.0,
					"faces": {
						"north": { "texture": "#skin", "uv": [ 3.0, 1.0, 5.0, 6.0 ] },
						"east": { "texture": "#skin", "uv": [ 2.0, 1.0, 3.0, 6.0 ] },
						"south": { "texture": "#skin", "uv": [ 0.0, 1.0, 2.0, 6.0 ] },
						"west": { "texture": "#skin", "uv": [ 5.0, 1.0, 6.0, 6.0 ] },
						"up": { "texture": "#skin", "uv": [ 0.0, 0.0, 2.0, 1.0 ] },
						"down": { "texture": "#skin", "uv": [ 2.0, 0.0, 4.0, 1.0 ] }
					},
					"children": [
						{
							"name": "RightLegMiddle",
							"from": [ 0.0, -5.5, 0.25 ],
							"to": [ 1.5, 0.0, 1.25 ],
							"uv": [ 0.0, 6.0 ],
							"rotationOrigin": [ 0.5, 0.0, 1.3 ],
							"rotationY": -45.0,
							"rotationZ": 120.0,
							"faces": {
								"north": { "texture": "#skin", "uv": [ 0.0, 7.0, 1.5, 12.5 ] },
								"east": { "texture": "#skin", "uv": [ 1.5, 7.0, 2.5, 12.5 ] },
								"south": { "texture": "#skin", "uv": [ 2.5, 7.0, 4.0, 12.5 ] },
								"west": { "texture": "#skin", "uv": [ 4.0, 7.0, 5.0, 12.5 ] },
								"up": { "texture": "#skin", "uv": [ 0.0, 6.0, 1.5, 7.0 ] },
								"down": { "texture": "#skin", "uv": [ 1.5, 6.0, 3.0, 7.0 ] }
							},
							"children": [
								{
									"name": "RightLegLower",
									"from": [ 0.25, -3.5, 0.5 ],
									"to": [ 1.35, 0.0, 1.5 ],
									"uv": [ 0.0, 12.5 ],
									"rotationOrigin": [ 1.25, 0.0, 0.0 ],
									"rotationX": 25.0,
									"rotationY": -60.0,
									"rotationZ": -135.0,
									"faces": {
										"north": { "texture": "#skin", "uv": [ 0.0, 13.5, 1.0, 17.0 ] },
										"east": { "texture": "#skin", "uv": [ 1.0, 13.5, 2.0, 17.0 ] },
										"south": { "texture": "#skin", "uv": [ 2.0, 13.5, 3.0, 17.0 ] },
										"west": { "texture": "#skin", "uv": [ 3.0, 13.5, 4.0, 17.0 ] },
										"up": { "texture": "#skin", "uv": [ 0.0, 12.5, 1.0, 13.5 ] },
										"down": { "texture": "#skin", "uv": [ 1.0, 12.5, 2.0, 13.5 ] }
									},
									"children": [
										{
											"name": "RightFoot",
											"from": [ -1.0, -3.0, 0.75 ],
											"to": [ 2.0, 1.0, 0.75 ],
											"autoUnwrap": false,
											"uv": [ 0.5, 10.5 ],
											"rotationOrigin": [ -1.0, -3.0, 1.0 ],
											"faces": {
												"east": { "texture": "#skin", "uv": [ 10.0, 0.0, 10.5, 4.0 ] },
												"south": { "texture": "#skin", "uv": [ 0.0, 17.0, 3.5, 20.5 ], "autoUv": false },
												"west": { "texture": "#skin", "uv": [ 10.0, 0.0, 10.5, 4.0 ] },
												"up": { "texture": "#skin", "uv": [ 4.0, 0.5, 7.0, 1.0 ] },
												"down": { "texture": "#skin", "uv": [ 4.0, 0.5, 7.0, 1.0 ] }
											}
										}
									]
								}
							]
						}
					]
				}
			]
		}
	],
	"animations": [
		{
			"name": "idle",
			"code": "idle",
			"quantityframes": 30,
			"onActivityStopped": "Rewind",
			"onAnimationEnd": "Repeat",
			"keyframes": [
				{
					"frame": 0,
					"elements": {
						"UpperBack": { "offsetX": 0.0, "offsetY": -0.125, "offsetZ": 0.0 },
						"RightArmUpper": { "rotationX": 5.0, "rotationY": 0.0, "rotationZ": 0.0 },
						"RightArmLower": { "rotationX": -10.0, "rotationY": 0.0, "rotationZ": 0.0 },
						"LeftArmUpper": { "rotationX": -5.0, "rotationY": 0.0, "rotationZ": 0.0 },
						"LeftArmLower": { "rotationX": 10.0, "rotationY": 0.0, "rotationZ": 0.0 },
						"LeftLegUpper": { "rotationX": -3.0, "rotationY": 0.0, "rotationZ": 5.0 },
						"LeftLegMiddle": { "rotationX": 3.0, "rotationY": 0.0, "rotationZ": -5.0 },
						"LeftLegLower": { "rotationX": 0.0, "rotationY": -10.0, "rotationZ": 0.0 },
						"RightLegUpper": { "rotationX": 3.0, "rotationY": 0.0, "rotationZ": 5.0 },
						"RightLegMiddle": { "rotationX": -3.0, "rotationY": 0.0, "rotationZ": -5.0 },
						"RightLegLower": { "rotationX": 0.0, "rotationY": 10.0, "rotationZ": 0.0 }
					}
				},
				{
					"frame": 15,
					"elements": {
						"UpperBack": { "offsetX": 0.0, "offsetY": 0.125, "offsetZ": 0.0 },
						"RightArmUpper": { "rotationX": 0.0, "rotationY": 0.0, "rotationZ": 0.0 },
						"RightArmLower": { "rotationX": 0.0, "rotationY": 0.0, "rotationZ": 0.0 },
						"LeftArmUpper": { "rotationX": 0.0, "rotationY": 0.0, "rotationZ": 0.0 },
						"LeftArmLower": { "rotationX": 0.0, "rotationY": 0.0, "rotationZ": 0.0 },
						"LeftLegUpper": { "rotationX": 3.0, "rotationY": 0.0, "rotationZ": 0.0 },
						"LeftLegMiddle": { "rotationX": -3.0, "rotationY": 0.0, "rotationZ": 0.0 },
						"LeftLegLower": { "rotationX": 0.0, "rotationY": -5.0, "rotationZ": 0.0 },
						"RightLegUpper": { "rotationX": -3.0, "rotationY": 0.0, "rotationZ": 0.0 },
						"RightLegMiddle": { "rotationX": 3.0, "rotationY": 0.0, "rotationZ": 0.0 },
						"RightLegLower": { "rotationX": 0.0, "rotationY": 5.0, "rotationZ": 0.0 }
					}
				},
				{
					"frame": 29,
					"elements": {
						"UpperBack": { "offsetX": 0.0, "offsetY": -0.125, "offsetZ": 0.0 },
						"RightArmUpper": { "rotationX": 5.0, "rotationY": 0.0, "rotationZ": 0.0 },
						"RightArmLower": { "rotationX": -10.0, "rotationY": 0.0, "rotationZ": 0.0 },
						"LeftArmUpper": { "rotationX": -5.0, "rotationY": 0.0, "rotationZ": 0.0 },
						"LeftArmLower": { "rotationX": 10.0, "rotationY": 0.0, "rotationZ": 0.0 },
						"LeftLegUpper": { "rotationX": -3.0, "rotationY": 0.0, "rotationZ": 5.0 },
						"LeftLegMiddle": { "rotationX": 3.0, "rotationY": 0.0, "rotationZ": -5.0 },
						"LeftLegLower": { "rotationX": 0.0, "rotationY": -10.0, "rotationZ": 0.0 },
						"RightLegUpper": { "rotationX": 3.0, "rotationY": 0.0, "rotationZ": 5.0 },
						"RightLegMiddle": { "rotationX": -3.0, "rotationY": 0.0, "rotationZ": -5.0 },
						"RightLegLower": { "rotationX": 0.0, "rotationY": 10.0, "rotationZ": 0.0 }
					}
				}
			]
		},

		{
			"name": "call",
			"code": "call",
			"quantityframes": 30,
			"onActivityStopped": "Rewind",
			"onAnimationEnd": "Repeat",
			"keyframes": [
				{
					"frame": 0,
					"elements": {
						"UpperBack": { "offsetX": 0.0, "offsetY": -0.25, "offsetZ": 0.0 },
						"Throat": { "rotationX": 0.0, "rotationY": 0.0, "rotationZ": 0.0 },
						"LowerJawControl": { "rotationX": 0.0, "rotationY": 0.0, "rotationZ": 5.0 },
						"RightArmUpper": { "rotationX": 5.0, "rotationY": 0.0, "rotationZ": 0.0 },
						"RightArmLower": { "rotationX": -10.0, "rotationY": 0.0, "rotationZ": 0.0 },
						"LeftArmUpper": { "rotationX": -5.0, "rotationY": 0.0, "rotationZ": 0.0 },
						"LeftArmLower": { "rotationX": 10.0, "rotationY": 0.0, "rotationZ": 0.0 },
						"LeftLegUpper": { "rotationX": -5.0, "rotationY": 0.0, "rotationZ": 0.0 },
						"LeftLegLower": { "rotationX": -10.0, "rotationY": 0.0, "rotationZ": 0.0 },
						"RightLegUpper": { "rotationX": 5.0, "rotationY": 0.0, "rotationZ": 0.0 },
						"RightLegLower": { "rotationX": 10.0, "rotationY": 0.0, "rotationZ": 0.0 }
					}
				},
				{
					"frame": 15,
					"elements": {
						"UpperBack": { "offsetX": 0.0, "offsetY": 0.25, "offsetZ": 0.0 },
						"Throat": { "rotationX": 0.0, "rotationY": 0.0, "rotationZ": -67.5 },
						"LowerJawControl": { "rotationX": 0.0, "rotationY": 0.0, "rotationZ": 0.0 },
						"RightArmUpper": { "rotationX": -5.0, "rotationY": 0.0, "rotationZ": 0.0 },
						"RightArmLower": { "rotationX": 0.0, "rotationY": 0.0, "rotationZ": 0.0 },
						"LeftArmUpper": { "rotationX": 5.0, "rotationY": 0.0, "rotationZ": 0.0 },
						"LeftArmLower": { "rotationX": 0.0, "rotationY": 0.0, "rotationZ": 0.0 },
						"LeftLegUpper": { "rotationX": 5.0, "rotationY": 0.0, "rotationZ": 0.0 },
						"LeftLegLower": { "rotationX": 0.0, "rotationY": 0.0, "rotationZ": 0.0 },
						"RightLegUpper": { "rotationX": -5.0, "rotationY": 0.0, "rotationZ": 0.0 },
						"RightLegLower": { "rotationX": 0.0, "rotationY": 0.0, "rotationZ": 0.0 }
					}
				},
				{
					"frame": 29,
					"elements": {
						"UpperBack": { "offsetX": 0.0, "offsetY": -0.25, "offsetZ": 0.0 },
						"Throat": { "rotationX": 0.0, "rotationY": 0.0, "rotationZ": 0.0 },
						"LowerJawControl": { "rotationX": 0.0, "rotationY": 0.0, "rotationZ": 5.0 },
						"RightArmUpper": { "rotationX": 5.0, "rotationY": 0.0, "rotationZ": 0.0 },
						"RightArmLower": { "rotationX": -10.0, "rotationY": 0.0, "rotationZ": 0.0 },
						"LeftArmUpper": { "rotationX": -5.0, "rotationY": 0.0, "rotationZ": 0.0 },
						"LeftArmLower": { "rotationX": 10.0, "rotationY": 0.0, "rotationZ": 0.0 },
						"LeftLegUpper": { "rotationX": -5.0, "rotationY": 0.0, "rotationZ": 0.0 },
						"LeftLegLower": { "rotationX": -10.0, "rotationY": 0.0, "rotationZ": 0.0 },
						"RightLegUpper": { "rotationX": 5.0, "rotationY": 0.0, "rotationZ": 0.0 },
						"RightLegLower": { "rotationX": 10.0, "rotationY": 0.0, "rotationZ": 0.0 }
					}
				}
			]
		},

		{
			"name": "jump",
			"code": "jump",
			"quantityframes": 50,
			"onActivityStopped": "Rewind",
			"onAnimationEnd": "Repeat",
			"keyframes": [
				{
					"frame": 0,
					"elements": {
						"UpperBack": { "offsetX": -10.0, "offsetY": 0.0, "offsetZ": 0.0 }
					}
				},
				{
					"frame": 15,
					"elements": {
						"UpperBack": { "offsetX": 0.0, "offsetY": 0.0, "offsetZ": 0.0, "rotationX": 0.0, "rotationY": 0.0, "rotationZ": 0.0 },
						"RightArmUpper": { "rotationX": 0.0, "rotationY": 0.0, "rotationZ": 0.0 },
						"RightArmLower": { "rotationX": 0.0, "rotationY": 0.0, "rotationZ": 0.0 },
						"RightHand": { "rotationX": 0.0, "rotationY": 0.0, "rotationZ": 0.0 },
						"LeftArmUpper": { "rotationX": 0.0, "rotationY": 0.0, "rotationZ": 0.0 },
						"LeftArmLower": { "rotationX": 0.0, "rotationY": 0.0, "rotationZ": 0.0 },
						"LeftHand": { "rotationX": 0.0, "rotationY": 0.0, "rotationZ": 0.0 },
						"RightLegUpper": { "rotationX": 0.0, "rotationY": 0.0, "rotationZ": 0.0 },
						"RightLegMiddle": { "rotationX": 0.0, "rotationY": 0.0, "rotationZ": 0.0 },
						"RightLegLower": { "rotationX": 0.0, "rotationY": 0.0, "rotationZ": 0.0 },
						"LeftLegUpper": { "rotationX": 0.0, "rotationY": 0.0, "rotationZ": 0.0 },
						"LeftLegMiddle": { "rotationX": 0.0, "rotationY": 0.0, "rotationZ": 0.0 },
						"LeftLegLower": { "rotationX": 0.0, "rotationY": 0.0, "rotationZ": 0.0 }
					}
				},
				{
					"frame": 20,
					"elements": {
						"UpperBack": { "rotationX": 0.0, "rotationY": 0.0, "rotationZ": -15.0 },
						"RightArmUpper": { "rotationX": 0.0, "rotationY": 0.0, "rotationZ": 30.0 },
						"RightArmLower": { "rotationX": 0.0, "rotationY": 0.0, "rotationZ": 45.0 },
						"RightHand": { "rotationX": 0.0, "rotationY": 0.0, "rotationZ": 45.0 },
						"LeftArmUpper": { "rotationX": 0.0, "rotationY": 0.0, "rotationZ": 30.0 },
						"LeftArmLower": { "rotationX": 0.0, "rotationY": 0.0, "rotationZ": 45.0 },
						"LeftHand": { "rotationX": 0.0, "rotationY": 0.0, "rotationZ": 45.0 },
						"RightLegUpper": { "rotationX": 0.0, "rotationY": 0.0, "rotationZ": 60.0 },
						"RightLegMiddle": { "rotationX": 0.0, "rotationY": 30.0, "rotationZ": -70.0 },
						"RightLegLower": { "rotationX": 0.0, "rotationY": 67.5, "rotationZ": 100.0 },
						"LeftLegUpper": { "rotationX": 0.0, "rotationY": 0.0, "rotationZ": 60.0 },
						"LeftLegMiddle": { "rotationX": 0.0, "rotationY": -30.0, "rotationZ": -70.0 },
						"LeftLegLower": { "rotationX": 0.0, "rotationY": -67.5, "rotationZ": 100.0 }
					}
				},
				{
					"frame": 25,
					"elements": {
						"UpperBack": { "offsetX": -10.0, "offsetY": 10.0, "offsetZ": 0.0 }
					}
				},
				{
					"frame": 30,
					"elements": {
						"UpperBack": { "rotationX": 0.0, "rotationY": 0.0, "rotationZ": 15.0 }
					}
				},
				{
					"frame": 35,
					"elements": {
						"UpperBack": { "offsetX": -20.0, "offsetY": 0.0, "offsetZ": 0.0, "rotationX": 0.0, "rotationY": 0.0, "rotationZ": 0.0 },
						"RightArmUpper": { "rotationX": 0.0, "rotationY": 0.0, "rotationZ": 0.0 },
						"RightArmLower": { "rotationX": 0.0, "rotationY": 0.0, "rotationZ": 0.0 },
						"RightHand": { "rotationX": 0.0, "rotationY": 0.0, "rotationZ": 0.0 },
						"LeftArmUpper": { "rotationX": 0.0, "rotationY": 0.0, "rotationZ": 0.0 },
						"LeftArmLower": { "rotationX": 0.0, "rotationY": 0.0, "rotationZ": 0.0 },
						"LeftHand": { "rotationX": 0.0, "rotationY": 0.0, "rotationZ": 0.0 },
						"RightLegUpper": { "rotationX": 0.0, "rotationY": 0.0, "rotationZ": 0.0 },
						"RightLegMiddle": { "rotationX": 0.0, "rotationY": 0.0, "rotationZ": 0.0 },
						"RightLegLower": { "rotationX": 0.0, "rotationY": 0.0, "rotationZ": 0.0 },
						"LeftLegUpper": { "rotationX": 0.0, "rotationY": 0.0, "rotationZ": 0.0 },
						"LeftLegMiddle": { "rotationX": 0.0, "rotationY": 0.0, "rotationZ": 0.0 },
						"LeftLegLower": { "rotationX": 0.0, "rotationY": 0.0, "rotationZ": 0.0 }
					}
				},
				{
					"frame": 49,
					"elements": {
						"UpperBack": { "offsetX": -10.0, "offsetY": 0.0, "offsetZ": 0.0 }
					}
				}
			]
		},

		{
			"name": "swim",
			"code": "swim",
			"quantityframes": 30,
			"onActivityStopped": "Rewind",
			"onAnimationEnd": "Repeat",
			"keyframes": [
				{
					"frame": 0,
					"elements": {
						"UpperBack": { "offsetX": 0.0, "offsetY": -5.0, "offsetZ": 0.0, "rotationX": 0.0, "rotationY": 0.0, "rotationZ": 10.0 }
					}
				},
				{
					"frame": 5,
					"elements": {
						"RightArmUpper": { "rotationX": 0.0, "rotationY": 0.0, "rotationZ": 0.0 },
						"RightArmLower": { "rotationX": 0.0, "rotationY": 0.0, "rotationZ": 0.0 },
						"RightHand": { "rotationX": 0.0, "rotationY": 0.0, "rotationZ": 0.0 },
						"LeftArmUpper": { "rotationX": 0.0, "rotationY": 0.0, "rotationZ": 0.0 },
						"LeftArmLower": { "rotationX": 0.0, "rotationY": 0.0, "rotationZ": 0.0 },
						"LeftHand": { "rotationX": 0.0, "rotationY": 0.0, "rotationZ": 0.0 },
						"RightLegUpper": { "rotationX": 0.0, "rotationY": 0.0, "rotationZ": 0.0 },
						"RightLegMiddle": { "rotationX": 0.0, "rotationY": 0.0, "rotationZ": 0.0 },
						"RightLegLower": { "rotationX": 0.0, "rotationY": 0.0, "rotationZ": 0.0 },
						"LeftLegUpper": { "rotationX": 0.0, "rotationY": 0.0, "rotationZ": 0.0 },
						"LeftLegMiddle": { "rotationX": 0.0, "rotationY": 0.0, "rotationZ": 0.0 },
						"LeftLegLower": { "rotationX": 0.0, "rotationY": 0.0, "rotationZ": 0.0 }
					}
				},
				{
					"frame": 15,
					"elements": {
						"UpperBack": { "rotationX": 0.0, "rotationY": 0.0, "rotationZ": 0.0 },
						"RightArmUpper": { "rotationX": 0.0, "rotationY": 0.0, "rotationZ": 30.0 },
						"RightArmLower": { "rotationX": 0.0, "rotationY": 0.0, "rotationZ": 30.0 },
						"RightHand": { "rotationX": 0.0, "rotationY": 0.0, "rotationZ": 30.0 },
						"LeftArmUpper": { "rotationX": 0.0, "rotationY": 0.0, "rotationZ": 30.0 },
						"LeftArmLower": { "rotationX": 0.0, "rotationY": 0.0, "rotationZ": 30.0 },
						"LeftHand": { "rotationX": 0.0, "rotationY": 0.0, "rotationZ": 30.0 },
						"RightLegUpper": { "rotationX": 0.0, "rotationY": 0.0, "rotationZ": 60.0 },
						"RightLegMiddle": { "rotationX": 0.0, "rotationY": 0.0, "rotationZ": -70.0 },
						"RightLegLower": { "rotationX": 0.0, "rotationY": 67.5, "rotationZ": 90.0 },
						"LeftLegUpper": { "rotationX": 0.0, "rotationY": 0.0, "rotationZ": 60.0 },
						"LeftLegMiddle": { "rotationX": 0.0, "rotationY": 0.0, "rotationZ": -70.0 },
						"LeftLegLower": { "rotationX": 0.0, "rotationY": -67.5, "rotationZ": 90.0 }
					}
				}
			]
		},

		{
			"name": "eat",
			"code": "eat",
			"quantityframes": 30,
			"onActivityStopped": "Rewind",
			"onAnimationEnd": "Repeat",
			"keyframes": [
				{
					"frame": 5,
					"elements": {
						"UpperBack": { "offsetX": 0.0, "offsetY": 0.0, "offsetZ": 0.0, "rotationX": 0.0, "rotationY": 0.0, "rotationZ": 0.0 },
						"Head": { "rotationX": 0.0, "rotationY": 0.0, "rotationZ": 0.0 },
						"LowerJawControl": { "rotationX": 0.0, "rotationY": 0.0, "rotationZ": 0.0 },
						"RightLegUpper": { "rotationX": 0.0, "rotationY": 0.0, "rotationZ": 0.0 },
						"RightLegMiddle": { "rotationX": 0.0, "rotationY": 0.0, "rotationZ": 0.0 },
						"RightLegLower": { "rotationX": 0.0, "rotationY": 0.0, "rotationZ": 0.0 },
						"LeftLegUpper": { "rotationX": 0.0, "rotationY": 0.0, "rotationZ": 0.0 },
						"LeftLegMiddle": { "rotationX": 0.0, "rotationY": 0.0, "rotationZ": 0.0 },
						"LeftLegLower": { "rotationX": 0.0, "rotationY": 0.0, "rotationZ": 0.0 }
					}
				},
				{
					"frame": 10,
					"elements": {
						"UpperBack": { "offsetX": -3.0, "offsetY": 1.0, "offsetZ": 0.0, "rotationX": 0.0, "rotationY": 0.0, "rotationZ": 20.0 },
						"Head": { "rotationX": 0.0, "rotationY": 0.0, "rotationZ": 0.0 },
						"LowerJawControl": { "rotationX": 0.0, "rotationY": 0.0, "rotationZ": 20.0 },
						"RightLegUpper": { "rotationX": 0.0, "rotationY": 0.0, "rotationZ": 50.0 },
						"RightLegMiddle": { "rotationX": 0.0, "rotationY": 30.0, "rotationZ": -50.0 },
						"RightLegLower": { "rotationX": 0.0, "rotationY": 20.0, "rotationZ": 40.0 },
						"LeftLegUpper": { "rotationX": 0.0, "rotationY": 0.0, "rotationZ": 50.0 },
						"LeftLegMiddle": { "rotationX": 0.0, "rotationY": -30.0, "rotationZ": -50.0 },
						"LeftLegLower": { "rotationX": 0.0, "rotationY": -20.0, "rotationZ": 40.0 }
					}
				},
				{
					"frame": 15,
					"elements": {
						"UpperBack": { "offsetX": 0.0, "offsetY": 0.0, "offsetZ": 0.0, "rotationX": 0.0, "rotationY": 0.0, "rotationZ": 0.0 },
						"LowerJawControl": { "rotationX": 0.0, "rotationY": 0.0, "rotationZ": 0.0 },
						"RightLegUpper": { "rotationX": 0.0, "rotationY": 0.0, "rotationZ": 0.0 },
						"RightLegMiddle": { "rotationX": 0.0, "rotationY": 0.0, "rotationZ": 0.0 },
						"RightLegLower": { "rotationX": 0.0, "rotationY": 0.0, "rotationZ": 0.0 },
						"LeftLegUpper": { "rotationX": 0.0, "rotationY": 0.0, "rotationZ": 0.0 },
						"LeftLegMiddle": { "rotationX": 0.0, "rotationY": 0.0, "rotationZ": 0.0 },
						"LeftLegLower": { "rotationX": 0.0, "rotationY": 0.0, "rotationZ": 0.0 }
					}
				}
			]
		},

		{
			"name": "sleep",
			"code": "sleep",
			"quantityframes": 30,
			"onActivityStopped": "Rewind",
			"onAnimationEnd": "Repeat",
			"keyframes": [
				{
					"frame": 0,
					"elements": {
						"UpperBack": { "offsetX": 0.0, "offsetY": -3.0, "offsetZ": 0.0 },
						"RightArmUpper": { "rotationX": 40.0, "rotationY": 0.0, "rotationZ": 30.0 },
						"RightArmLower": { "rotationX": 30.0, "rotationY": 20.0, "rotationZ": -50.0 },
						"RightHand": { "rotationX": 0.0, "rotationY": 0.0, "rotationZ": 30.0 },
						"LeftArmUpper": { "rotationX": -40.0, "rotationY": 0.0, "rotationZ": 30.0 },
						"LeftArmLower": { "rotationX": -30.0, "rotationY": -20.0, "rotationZ": -50.0 },
						"LeftHand": { "rotationX": 0.0, "rotationY": 0.0, "rotationZ": 30.0 },
						"RightLegUpper": { "rotationX": 50.0, "rotationY": 0.0, "rotationZ": 0.0 },
						"RightLegMiddle": { "rotationX": -10.0, "rotationY": 0.0, "rotationZ": 30.0 },
						"RightLegLower": { "rotationX": 10.0, "rotationY": 10.0, "rotationZ": 10.0 },
						"LeftLegUpper": { "rotationX": -50.0, "rotationY": 0.0, "rotationZ": 0.0 },
						"LeftLegMiddle": { "rotationX": 10.0, "rotationY": 0.0, "rotationZ": 30.0 },
						"LeftLegLower": { "rotationX": -10.0, "rotationY": -10.0, "rotationZ": 10.0 }
					}
				}
			]
		}
	]
}