{
  "code": "oculus",
  "classByType": {
    "*-burned-*": "BlockStationGenericRM",
    "*-tier1-anchor-*": "BlockStationOculusAnchorRM",
    "*-tier1-pedestal-*": "BlockStationOculusPedestalRM"
  },
  "entityclassByType": {
    "*-tier1-anchor-*": "BlockEntityStationOculusAnchorRM",
    "*-tier1-pedestal-*": "BlockEntityStationOculusPedestalRM"
  },
  "enabled": true,

  //"storageFlags": 32769,
  "variantgroups": [
    {
      "code": "stage",
      "states": [ "raw", "burned", "tier1" ]
    },
    {
      "code": "type",
      "states": [ "anchor", "pedestal" ]
    },
    {
      "code": "side",
      "loadFromProperties": "game:abstract/horizontalorientation"
    }
  ],
  //"skipVariants": [ "*-raw-light-*", "*-burned-light-*", "*-raw-dark-*", "*-burned-dark-*", "*-raw-conduit-*", "*-burned-conduit-*" ],

  //"entityBehaviors": [ { "name": "Animatable" } ],
  "behaviorsByType": {
    "*-raw-*": [
      {
        "name": "GroundStorable",
        "properties": { "layout": "SingleCenter" }
      },
      {
        "name": "Unplaceable",
        "__comment": "The ground storable obsoletes this being a block. Should be an item, but is kept a block for backwards compatibility"
      },
      { "name": "RightClickPickup" }
    ],
    "*": [
      { "name": "HorizontalOrientable" },
      { "name": "Container" } //,
      //{ "name": "BlockBehaviorTransmuteRM" }

    ]
  },
  "combustiblePropsByType": {
    "*-raw-anchor-*": {
      "meltingPoint": 600,
      "meltingDuration": 45,
      "smeltedRatio": 1,
      "smeltingType": "fire",
      "smeltedStack": {
        "type": "block",
        "code": "oculus-burned-anchor-north",
        "attributes": { "type": "normal" }
      },
      "requiresContainer": false
    },
    "*-raw-pedestal-*": {
      "meltingPoint": 600,
      "meltingDuration": 45,
      "smeltedRatio": 1,
      "smeltingType": "fire",
      "smeltedStack": {
        "type": "block",
        "code": "oculus-burned-pedestal-north",
        "attributes": { "type": "normal" }
      },
      "requiresContainer": false
    }
  },
  "attributesByType": {
    "*-raw-*": {
      "handbook": {
        "groupBy": [ "oculus-*" ]
      }
    },
    "*-burned-*": {
      "handbook": {
        "groupBy": [ "oculus-*" ],
        "extraSections": [
          {
            "title": "game:Created by",
            "text": "game:itemdesc-fireinkiln"
          }
        ]
      }
    },
    "*-anchor-north": {
      "shelvable": true,
      "onshelfTransform": {
        "translation": {
          "x": -0,
          "y": -0.375,
          "z": 0
        },
        "scale": 0.25
      },
      "displaycaseable": true,
      "onDisplayTransform": {
        "translation": {
          "x": -0,
          "y": -0.375,
          "z": 0
        },
        "scale": 0.25
      },
      "handbook": {
        "groupBy": [ "oculus-*" ],
        "extraSections": [
          {
            "title": "game:Created by",
            "text": "rustboundmagic:handbook-synthesistier1-text"
          },
          {
            "title": "rustboundmagic:handbook-magicstation-title",
            "text": "rustboundmagic:handbook-magicstation-text"
          },
          {
            "title": "rustboundmagic:handbook-essencesystem-title",
            "text": "rustboundmagic:handbook-essencesystem-text"
          },
          {
            "title": "rustboundmagic:handbook-synthesissystem-title",
            "text": "rustboundmagic:handbook-synthesissystem-text"
          }
        ]
      },

      "multiblockStructures": [
        {
          "blockNumbers": {
            "rustboundmagic:manastoneblock-*-none": 1,
            "rustboundmagic:runestone-*": 2
          },
          "offsets": [
            {
              "x": 1,
              "y": 0,
              "z": 0,
              "w": 1
            },
            {
              "x": -1,
              "y": 0,
              "z": 0,
              "w": 1
            },
            {
              "x": 2,
              "y": 0,
              "z": 1,
              "w": 2
            },
            {
              "x": 2,
              "y": 0,
              "z": -1,
              "w": 2
            },
            {
              "x": -2,
              "y": 0,
              "z": 1,
              "w": 2
            },
            {
              "x": -2,
              "y": 0,
              "z": -1,
              "w": 2
            },
            {
              "x": -2,
              "y": -1,
              "z": 0,
              "w": 1
            },
            {
              "x": -2,
              "y": -2,
              "z": 0,
              "w": 1
            },
            {
              "x": -2,
              "y": -3,
              "z": 0,
              "w": 1
            },
            {
              "x": 2,
              "y": -1,
              "z": 0,
              "w": 1
            },
            {
              "x": 2,
              "y": -2,
              "z": 0,
              "w": 1
            },
            {
              "x": 2,
              "y": -3,
              "z": 0,
              "w": 1
            },
            {
              "x": 1,
              "y": -4,
              "z": 0,
              "w": 1
            },
            {
              "x": 0,
              "y": -4,
              "z": 0,
              "w": 1
            },
            {
              "x": -1,
              "y": -4,
              "z": 0,
              "w": 1
            }
          ]
        }
      ]
    },
    "*-anchor-south": {
      "shelvable": true,
      "onshelfTransform": {
        "translation": {
          "x": -0,
          "y": -0.375,
          "z": 0
        },
        "scale": 0.25
      },
      "displaycaseable": true,
      "onDisplayTransform": {
        "translation": {
          "x": -0,
          "y": -0.375,
          "z": 0
        },
        "scale": 0.25
      },
      "handbook": {
        "groupBy": [ "oculus-*" ],
        "extraSections": [
          {
            "title": "game:Created by",
            "text": "rustboundmagic:handbook-synthesistier1-text"
          },
          {
            "title": "rustboundmagic:handbook-magicstation-title",
            "text": "rustboundmagic:handbook-magicstation-text"
          },
          {
            "title": "rustboundmagic:handbook-synthesissystem-title",
            "text": "rustboundmagic:handbook-synthesissystem-text"
          }
        ]
      },

      "multiblockStructures": [
        {
          "blockNumbers": {
            "rustboundmagic:manastoneblock-*-none": 1,
            "rustboundmagic:runestone-*": 2
          },
          "offsets": [
            {
              "x": 1,
              "y": 0,
              "z": 0,
              "w": 1
            },
            {
              "x": -1,
              "y": 0,
              "z": 0,
              "w": 1
            },
            {
              "x": 2,
              "y": 0,
              "z": 1,
              "w": 2
            },
            {
              "x": 2,
              "y": 0,
              "z": -1,
              "w": 2
            },
            {
              "x": -2,
              "y": 0,
              "z": 1,
              "w": 2
            },
            {
              "x": -2,
              "y": 0,
              "z": -1,
              "w": 2
            },
            {
              "x": -2,
              "y": -1,
              "z": 0,
              "w": 1
            },
            {
              "x": -2,
              "y": -2,
              "z": 0,
              "w": 1
            },
            {
              "x": -2,
              "y": -3,
              "z": 0,
              "w": 1
            },
            {
              "x": 2,
              "y": -1,
              "z": 0,
              "w": 1
            },
            {
              "x": 2,
              "y": -2,
              "z": 0,
              "w": 1
            },
            {
              "x": 2,
              "y": -3,
              "z": 0,
              "w": 1
            },
            {
              "x": 1,
              "y": -4,
              "z": 0,
              "w": 1
            },
            {
              "x": 0,
              "y": -4,
              "z": 0,
              "w": 1
            },
            {
              "x": -1,
              "y": -4,
              "z": 0,
              "w": 1
            }
          ]
        }
      ]
    },
    "*-anchor-east": {
      "shelvable": true,
      "onshelfTransform": {
        "translation": {
          "x": -0,
          "y": -0.375,
          "z": 0
        },
        "scale": 0.25
      },
      "displaycaseable": true,
      "onDisplayTransform": {
        "translation": {
          "x": -0,
          "y": -0.375,
          "z": 0
        },
        "scale": 0.25
      },
      "handbook": {
        "groupBy": [ "oculus-*" ],
        "extraSections": [
          {
            "title": "game:Created by",
            "text": "rustboundmagic:handbook-synthesistier1-text"
          },
          {
            "title": "rustboundmagic:handbook-magicstation-title",
            "text": "rustboundmagic:handbook-magicstation-text"
          },
          {
            "title": "rustboundmagic:handbook-synthesissystem-title",
            "text": "rustboundmagic:handbook-synthesissystem-text"
          }
        ]
      },

      "multiblockStructures": [
        {
          "blockNumbers": {
            "rustboundmagic:manastoneblock-*-none": 1,
            "rustboundmagic:runestone-*": 2
          },
          "offsets": [
            {
              "x": 0,
              "y": 0,
              "z": 1,
              "w": 1
            },
            {
              "x": 0,
              "y": 0,
              "z": -1,
              "w": 1
            },
            {
              "x": 1,
              "y": 0,
              "z": 2,
              "w": 2
            },
            {
              "x": -1,
              "y": 0,
              "z": 2,
              "w": 2
            },
            {
              "x": 1,
              "y": 0,
              "z": -2,
              "w": 2
            },
            {
              "x": -1,
              "y": 0,
              "z": -2,
              "w": 2
            },
            {
              "x": 0,
              "y": -1,
              "z": -2,
              "w": 1
            },
            {
              "x": 0,
              "y": -2,
              "z": -2,
              "w": 1
            },
            {
              "x": 0,
              "y": -3,
              "z": -2,
              "w": 1
            },
            {
              "x": 0,
              "y": -1,
              "z": 2,
              "w": 1
            },
            {
              "x": 0,
              "y": -2,
              "z": 2,
              "w": 1
            },
            {
              "x": 0,
              "y": -3,
              "z": 2,
              "w": 1
            },
            {
              "x": 0,
              "y": -4,
              "z": 1,
              "w": 1
            },
            {
              "x": 0,
              "y": -4,
              "z": 0,
              "w": 1
            },
            {
              "x": 0,
              "y": -4,
              "z": -1,
              "w": 1
            }
          ]
        }
      ]
    },
    "*-anchor-west": {
      "shelvable": true,
      "onshelfTransform": {
        "translation": {
          "x": -0,
          "y": -0.375,
          "z": 0
        },
        "scale": 0.25
      },
      "displaycaseable": true,
      "onDisplayTransform": {
        "translation": {
          "x": -0,
          "y": -0.375,
          "z": 0
        },
        "scale": 0.25
      },
      "handbook": {
        "groupBy": [ "oculus-*" ],
        "extraSections": [
          {
            "title": "game:Created by",
            "text": "rustboundmagic:handbook-synthesistier1-text"
          },
          {
            "title": "rustboundmagic:handbook-magicstation-title",
            "text": "rustboundmagic:handbook-magicstation-text"
          },
          {
            "title": "rustboundmagic:handbook-synthesissystem-title",
            "text": "rustboundmagic:handbook-synthesissystem-text"
          }
        ]
      },

      "multiblockStructures": [
        {
          "blockNumbers": {
            "rustboundmagic:manastoneblock-*-none": 1,
            "rustboundmagic:runestone-*": 2
          },
          "offsets": [
            {
              "x": 0,
              "y": 0,
              "z": 1,
              "w": 1
            },
            {
              "x": 0,
              "y": 0,
              "z": -1,
              "w": 1
            },
            {
              "x": 1,
              "y": 0,
              "z": 2,
              "w": 2
            },
            {
              "x": -1,
              "y": 0,
              "z": 2,
              "w": 2
            },
            {
              "x": 1,
              "y": 0,
              "z": -2,
              "w": 2
            },
            {
              "x": -1,
              "y": 0,
              "z": -2,
              "w": 2
            },
            {
              "x": 0,
              "y": -1,
              "z": -2,
              "w": 1
            },
            {
              "x": 0,
              "y": -2,
              "z": -2,
              "w": 1
            },
            {
              "x": 0,
              "y": -3,
              "z": -2,
              "w": 1
            },
            {
              "x": 0,
              "y": -1,
              "z": 2,
              "w": 1
            },
            {
              "x": 0,
              "y": -2,
              "z": 2,
              "w": 1
            },
            {
              "x": 0,
              "y": -3,
              "z": 2,
              "w": 1
            },
            {
              "x": 0,
              "y": -4,
              "z": 1,
              "w": 1
            },
            {
              "x": 0,
              "y": -4,
              "z": 0,
              "w": 1
            },
            {
              "x": 0,
              "y": -4,
              "z": -1,
              "w": 1
            }
          ]
        }
      ]
    },



    "*-pedestal-*": {
      "shelvable": true,
      "onshelfTransform": {
        "translation": {
          "x": -0,
          "y": -0.375,
          "z": 0
        },
        "scale": 0.25
      },
      "displaycaseable": true,
      "onDisplayTransform": {
        "translation": {
          "x": -0,
          "y": -0.375,
          "z": 0
        },
        "scale": 0.25
      },
      "handbook": {
        "groupBy": [ "oculus-*" ],
        "extraSections": [
          {
            "title": "game:Created by",
            "text": "rustboundmagic:handbook-synthesistier1-text"
          },
          {
            "title": "rustboundmagic:handbook-magicstation-title",
            "text": "rustboundmagic:handbook-magicstation-text"
          },
          {
            "title": "rustboundmagic:handbook-synthesissystem-title",
            "text": "rustboundmagic:handbook-synthesissystem-text"
          }
        ]
      },

      "multiblockStructures": [
        {
          "blockNumbers": {
            "rustboundmagic:manastoneblock-normal-none": 1,
            "game:irondoor-south-up-closed-*": 2,
            "game:irondoor-south-down-closed-*": 3,
            "game:drypackeddirt": 4,
            "game:log-placed-oak-ud": 5
          },
          "offsets": [
            {
              "x": 0,
              "y": -2,
              "z": 2,
              "w": 1
            },
            {
              "x": 0,
              "y": -2,
              "z": -2,
              "w": 2
            },
            {
              "x": 0,
              "y": -1,
              "z": 0,
              "w": 1
            },
            {
              "x": 0,
              "y": -1,
              "z": 1,
              "w": 1
            },
            {
              "x": 0,
              "y": -1,
              "z": -1,
              "w": 1
            },
            {
              "x": 0,
              "y": -1,
              "z": -2,
              "w": 1
            },
            {
              "x": 0,
              "y": -3,
              "z": 2,
              "w": 1
            },
            {
              "x": 0,
              "y": -3,
              "z": -2,
              "w": 3
            },
            {
              "x": 0,
              "y": 0,
              "z": 0,
              "w": 4
            },
            {
              "x": 0,
              "y": -4,
              "z": 0,
              "w": 5
            },
            {
              "x": 0,
              "y": -4,
              "z": 1,
              "w": 1
            },
            {
              "x": 0,
              "y": -4,
              "z": -1,
              "w": 1
            },
            {
              "x": 0,
              "y": -4,
              "z": -2,
              "w": 1
            },
            {
              "x": 0,
              "y": -5,
              "z": 1,
              "w": 1
            },
            {
              "x": 1,
              "y": -2,
              "z": 2,
              "w": 1
            },
            {
              "x": 1,
              "y": -2,
              "z": -2,
              "w": 1
            },
            {
              "x": 1,
              "y": -1,
              "z": 0,
              "w": 1
            },
            {
              "x": 1,
              "y": -1,
              "z": 1,
              "w": 1
            },
            {
              "x": 1,
              "y": -1,
              "z": -1,
              "w": 1
            },
            {
              "x": 1,
              "y": -3,
              "z": 2,
              "w": 1
            },
            {
              "x": 1,
              "y": -3,
              "z": -2,
              "w": 1
            },
            {
              "x": 1,
              "y": -4,
              "z": 0,
              "w": 1
            },
            {
              "x": 1,
              "y": -4,
              "z": 1,
              "w": 1
            },
            {
              "x": 1,
              "y": -4,
              "z": -1,
              "w": 1
            },
            {
              "x": 1,
              "y": -5,
              "z": 0,
              "w": 1
            },
            {
              "x": 1,
              "y": -5,
              "z": -1,
              "w": 1
            },
            {
              "x": -1,
              "y": -2,
              "z": 2,
              "w": 1
            },
            {
              "x": -1,
              "y": -2,
              "z": -2,
              "w": 1
            },
            {
              "x": -1,
              "y": -1,
              "z": 0,
              "w": 1
            },
            {
              "x": -1,
              "y": -1,
              "z": 1,
              "w": 1
            },
            {
              "x": -1,
              "y": -1,
              "z": -1,
              "w": 1
            },
            {
              "x": -1,
              "y": -3,
              "z": 2,
              "w": 1
            },
            {
              "x": -1,
              "y": -3,
              "z": -2,
              "w": 1
            },
            {
              "x": -1,
              "y": -4,
              "z": 0,
              "w": 1
            },
            {
              "x": -1,
              "y": -4,
              "z": 1,
              "w": 1
            },
            {
              "x": -1,
              "y": -4,
              "z": -1,
              "w": 1
            },
            {
              "x": -1,
              "y": -5,
              "z": 0,
              "w": 1
            },
            {
              "x": -1,
              "y": -5,
              "z": -1,
              "w": 1
            },
            {
              "x": 2,
              "y": -2,
              "z": 0,
              "w": 1
            },
            {
              "x": 2,
              "y": -2,
              "z": 1,
              "w": 1
            },
            {
              "x": 2,
              "y": -2,
              "z": -1,
              "w": 1
            },
            {
              "x": 2,
              "y": -3,
              "z": 0,
              "w": 1
            },
            {
              "x": 2,
              "y": -3,
              "z": 1,
              "w": 1
            },
            {
              "x": 2,
              "y": -3,
              "z": -1,
              "w": 1
            },
            {
              "x": -2,
              "y": -2,
              "z": 0,
              "w": 1
            },
            {
              "x": -2,
              "y": -2,
              "z": 1,
              "w": 1
            },
            {
              "x": -2,
              "y": -2,
              "z": -1,
              "w": 1
            },
            {
              "x": -2,
              "y": -3,
              "z": 0,
              "w": 1
            },
            {
              "x": -2,
              "y": -3,
              "z": 1,
              "w": 1
            },
            {
              "x": -2,
              "y": -3,
              "z": -1,
              "w": 1
            }
          ]
        }
      ]


    }
  },

  "creativeinventory": {
    "general": [ "*-north" ],
    "items": [ "*-north" ],
    "rustboundmagic": [ "*-north" ]
  },

  //"drawtypeByType": {
  //  "*-free": "JSON",
  //  "*-snow": "JSONAndSnowLayer"
  //},
  "shapeBytype": {
    "*-raw-anchor-*": {
      "base": "blocks/stations/oculus-anchor-rawburned",
      "rotateY": 0
    },
    "*-raw-pedestal-*": {
      "base": "blocks/stations/oculus-pedestal-rawburned",
      "rotateY": 0
    },
    "*-burned-anchor-*": {
      "base": "blocks/stations/oculus-anchor-rawburned",
      "rotateY": 0
    },
    "*-burned-pedestal-*": {
      "base": "blocks/stations/oculus-pedestal-rawburned",
      "rotateY": 0
    },
    "*-anchor-north": {
      "base": "blocks/stations/oculus-anchor",
      "rotateY": 0
    },
    "*-anchor-south": {
      "base": "blocks/stations/oculus-anchor",
      "rotateY": 180
    },
    "*-anchor-east": {
      "base": "blocks/stations/oculus-anchor",
      "rotateY": 270
    },
    "*-anchor-west": {
      "base": "blocks/stations/oculus-anchor",
      "rotateY": 90
    },
    "*-pedestal-north": {
      "base": "blocks/stations/oculus-pedestal",
      "rotateY": 0
    },
    "*-pedestal-south": {
      "base": "blocks/stations/oculus-pedestal",
      "rotateY": 180
    },
    "*-pedestal-east": {
      "base": "blocks/stations/oculus-pedestal",
      "rotateY": 270
    },
    "*-pedestal-west": {
      "base": "blocks/stations/oculus-pedestal",
      "rotateY": 90
    }
  },
  "texturesByType": {
    "*-raw-*": {
      "default": { "base": "default" },
      "material": { "base": "game:block/clay/blueclay" }
    },
    "*-burned-*": {
      "default": { "base": "default" },
      "material": { "base": "game:block/clay/ceramic" }
    },
    "*-tier1-anchor-*": {
      "default": { "base": "default" },
      "stoneside": { "base": "blocks/stations/oculus-manastone-none*" },
      "energyaura": { "base": "blocks/stations/oculus-energyaura" },
      "material3": { "base": "game:block/stone/rock/obsidian1" },
      "material4": { "base": "game:block/machine/statictranslocator/rustyglow" },
      "material5": { "base": "game:block/stone/rock/obsidian1" },
      "material6": { "base": "game:block/stone/rock/obsidian1" }
    },
    "*-tier1-pedestal-*": {
      "default": { "base": "default" },
      "material1": { "base": "game:block/metal/plate/lead" },
      "material2": { "base": "game:block/stone/rock/obsidian1" },
      "material3": { "base": "blocks/manastone/bricksmall/manastonebricksmall-none*" },
      "material4": { "base": "game:block/stone/rock/obsidian1" },
      "manastone": { "base": "game:block/machine/statictranslocator/rustyglow" },
      "gemstone": { "base": "game:block/machine/statictranslocator/rustyglow" },
      "tabletop": { "base": "game:block/wood-generic" },
      "cloth": { "base": "game:block/cloth/linen/purple" },
      "clothdecal": { "base": "game:block/cloth/linen/purple" },
      "material6": { "base": "game:block/stone/rock/obsidian1" }
    }
  },

  "sidesolid": {
    "all": "false"
  },
  "sideopaque": {
    "all": "false"
  },

  "maxstacksize": 1,
  "blockmaterial": "Other",
  "materialDensity": 1200,
  "replaceable": 300,
  "resistance": 3,
  "lightAbsorption": 0,
  //"heldTpIdleAnimation": "holdbothhands",

  "sounds": {
    "place": "game:block/rock-hit-pickaxe",
    "break": "game:block/rock-hit-pickaxe",
    "hit": "game:walk/stone",
    "walk": "game:walk/stone"
  },

  "collisionSelectionBoxesByType": {
    "*-anchor-*": [
      {
        "x1": 0,
        "y1": 0,
        "z1": 0,
        "x2": 1,
        "y2": 1,
        "z2": 1,
        "rotateYByType": {
          "*": 0
        }
      }
    ],
    "*-pedestal-*": [
      {
        "x1": 0,
        "y1": 0,
        "z1": 0,
        "x2": 1,
        "y2": 0.8125,
        "z2": 1,
        "rotateYByType": {
          "*": 0
        }
      }
    ]
  },

  "guiTransform": {
    "rotation": {
      "x": -22.6,
      "y": 135,
      "z": 0
    }
  },
  "fpHandTransform": {
    "translation": {
      "x": 0,
      "y": 0.1,
      "z": 0.5
    },
    "rotation": {
      "x": -2,
      "y": -118,
      "z": 12
    },
    "origin": {
      "x": 0.5,
      "y": 0.6,
      "z": 0.5
    },
    "scale": 1
  },
  "tpHandTransform": {
    "translation": {
      "x": 0,
      "y": 0.2,
      "z": 0.2
    },
    "rotation": {
      "x": 55,
      "y": 13,
      "z": -82
    },
    "origin": {
      "x": 0.05,
      "y": -0.1,
      "z": 0.25
    },
    "scale": 0.5899
  },
  "groundTransform": {
    "scale": 2.0
  }
}
