{
  "code": "ritualaltar",
  "classByType": {
    "*-burned-*": "BlockStationGenericRM",
    "*-tier1-*": "BlockStationRitualAltarRM",
    "*-alteration-*": "BlockStationRitualAltarRM",
    "*-invocation-*": "BlockStationRitualAltarRM",
    "*-enchantment-*": "BlockStationRitualAltarRM",
    "*-conjuration-*": "BlockStationRitualAltarRM"
  },
  "entityclassByType": {
    "*-tier1-*": "BlockEntityStationRitualAltarRM",
    "*-alteration-*": "BlockEntityStationRitualAltarRM",
    "*-invocation-*": "BlockEntityStationRitualAltarRM",
    "*-enchantment-*": "BlockEntityStationRitualAltarRM",
    "*-conjuration-*": "BlockEntityStationRitualAltarRM"
  },
  "enabled": true,

  //"storageFlags": 32769,

  "variantgroups": [
    {
      "code": "stage",
      "states": [ "raw", "burned", "tier1", "alteration", "invocation", "enchantment", "conjuration" ]
    },
    //{
    //  "code": "type",
    //  "states": [ "none", "alteration", "invocation", "enchantment", "conjuration" ]
    //},
    {
      "code": "side",
      "loadFromProperties": "game:abstract/horizontalorientation"
    }
  ],
  //"skipVariants": [ "*-raw-light-*", "*-burned-light-*", "*-raw-dark-*", "*-burned-dark-*", "*-raw-conduit-*", "*-burned-conduit-*" ],

  //"entityBehaviors": [ { "name": "Animatable" } ],
  "behaviorsByType": {
    "*-raw-*": [
      {
        "name": "GroundStorable",
        "properties": { "layout": "SingleCenter" }
      },
      {
        "name": "Unplaceable",
        "__comment": "The ground storable obsoletes this being a block. Should be an item, but is kept a block for backwards compatibility"
      },
      { "name": "RightClickPickup" }
    ],
    "*": [
      { "name": "HorizontalOrientable" },
      { "name": "Container" } //,
      //{ "name": "BlockBehaviorTransmuteRM" }

    ]
  },
  "combustiblePropsByType": {
    "*-raw-*": {
      "meltingPoint": 600,
      "meltingDuration": 45,
      "smeltedRatio": 1,
      "smeltingType": "fire",
      "smeltedStack": {
        "type": "block",
        "code": "ritualaltar-burned-north",
        "attributes": { "type": "normal" }
      },
      "requiresContainer": false
    }
  },
  "attributesByType": {
    "*-raw-*": {
      "handbook": {
        "groupBy": [ "ritualaltar-*" ]
      }
    },
    "*-burned-*": {
      "handbook": {
        "groupBy": [ "ritualaltar-*" ],
        "extraSections": [
          {
            "title": "game:Created by",
            "text": "game:itemdesc-fireinkiln"
          }
        ]
      }
    },
    "*-tier1-*": {
      "shelvable": true,
      "onshelfTransform": {
        "translation": {
          "x": -0,
          "y": -0.375,
          "z": 0
        },
        "scale": 0.25
      },
      "displaycaseable": true,
      "onDisplayTransform": {
        "translation": {
          "x": -0,
          "y": -0.375,
          "z": 0
        },
        "scale": 0.25
      },
      "handbook": {
        "groupBy": [ "ritualaltar-*" ],
        "extraSections": [
          {
            "title": "game:Created by",
            "text": "rustboundmagic:handbook-synthesistier1-text"
          },
          {
            "title": "rustboundmagic:handbook-magicstation-title",
            "text": "rustboundmagic:handbook-magicstation-text"
          },
          {
            "title": "rustboundmagic:handbook-ritualsystem-title",
            "text": "rustboundmagic:handbook-ritualsystem-text"
          }
        ]
      },

      "multiblockStructures0": [
        {
          "blockNumbers": {
            "rustboundmagic:elementalcrystals-*": 1
          },
          "offsets": [
            {
              "x": 4,
              "y": 0,
              "z": 4,
              "w": 1
            },
            {
              "x": 4,
              "y": 0,
              "z": -4,
              "w": 1
            },
            {
              "x": -4,
              "y": 0,
              "z": 4,
              "w": 1
            },
            {
              "x": -4,
              "y": 0,
              "z": -4,
              "w": 1
            }
          ]
        }
      ]
    },



    "*-alteration-*": {
      "handbook": {
        "groupBy": [ "ritualaltar-*" ]
      },

      "multiblockStructuresAlteration": [
        {
          "blockNumbers": {
            "rustboundmagic:elementalcrystals-*": 1,
            "rustboundmagic:manatorch-light-*-*": 2,
            "rustboundmagic:magicruneblock-*": 3,
            "rustboundmagic:manastoneblock-*-*": 4
          },
          "offsets": [
            //======== manastone base for stabilizers
            {
              "x": 4,
              "y": 0,
              "z": 4,
              "w": 4
            },
            {
              "x": 4,
              "y": 0,
              "z": -4,
              "w": 4
            },
            {
              "x": -4,
              "y": 0,
              "z": 4,
              "w": 4
            },
            {
              "x": -4,
              "y": 0,
              "z": -4,
              "w": 4
            },
            //======== manatorches
            {
              "x": -1,
              "y": 0,
              "z": -1,
              "w": 2
            },
            {
              "x": -1,
              "y": 0,
              "z": 1,
              "w": 2
            },
            {
              "x": 1,
              "y": 0,
              "z": -1,
              "w": 2
            },
            {
              "x": 1,
              "y": 0,
              "z": 1,
              "w": 2
            },
            //======== magicrunes
            {
              "x": 0,
              "y": 0,
              "z": 3,
              "w": 3
            },
            {
              "x": 0,
              "y": 0,
              "z": 4,
              "w": 3
            },
            {
              "x": 1,
              "y": 0,
              "z": 4,
              "w": 3
            },
            {
              "x": 2,
              "y": 0,
              "z": 3,
              "w": 3
            },
            {
              "x": 3,
              "y": 0,
              "z": 2,
              "w": 3
            },
            {
              "x": 4,
              "y": 0,
              "z": 1,
              "w": 3
            },
            {
              "x": 3,
              "y": 0,
              "z": 0,
              "w": 3
            },
            {
              "x": 4,
              "y": 0,
              "z": 0,
              "w": 3
            },
            {
              "x": 4,
              "y": 0,
              "z": -1,
              "w": 3
            },
            {
              "x": 3,
              "y": 0,
              "z": -2,
              "w": 3
            },
            {
              "x": 2,
              "y": 0,
              "z": -3,
              "w": 3
            },
            {
              "x": 1,
              "y": 0,
              "z": -4,
              "w": 3
            },
            {
              "x": 0,
              "y": 0,
              "z": -3,
              "w": 3
            },
            {
              "x": 0,
              "y": 0,
              "z": -4,
              "w": 3
            },
            {
              "x": -1,
              "y": 0,
              "z": -4,
              "w": 3
            },
            {
              "x": -2,
              "y": 0,
              "z": -3,
              "w": 3
            },
            {
              "x": -3,
              "y": 0,
              "z": -2,
              "w": 3
            },
            {
              "x": -4,
              "y": 0,
              "z": -1,
              "w": 3
            },
            {
              "x": -4,
              "y": 0,
              "z": 0,
              "w": 3
            },
            {
              "x": -3,
              "y": 0,
              "z": 0,
              "w": 3
            },
            {
              "x": -4,
              "y": 0,
              "z": 1,
              "w": 3
            },
            {
              "x": -3,
              "y": 0,
              "z": 2,
              "w": 3
            },
            {
              "x": -2,
              "y": 0,
              "z": 3,
              "w": 3
            },
            {
              "x": -1,
              "y": 0,
              "z": 4,
              "w": 3
            }
          ]
        }
      ]
    },

    "*-invocation-*": {
      "handbook": {
        "groupBy": [ "ritualaltar-*" ]
      },

      "multiblockStructuresInvocation": [
        {
          "blockNumbers": {
            "rustboundmagic:elementalcrystals-*": 1,
            "rustboundmagic:manatorch-dark-*-*": 2,
            "rustboundmagic:magicruneblock-*": 3,
            "rustboundmagic:manastoneblock-*-*": 4
          },
          "offsets": [
            //======== manastone base for stabilizers
            {
              "x": 4,
              "y": 0,
              "z": 4,
              "w": 4
            },
            {
              "x": 4,
              "y": 0,
              "z": -4,
              "w": 4
            },
            {
              "x": -4,
              "y": 0,
              "z": 4,
              "w": 4
            },
            {
              "x": -4,
              "y": 0,
              "z": -4,
              "w": 4
            },
            //======== manatorches
            {
              "x": -1,
              "y": 0,
              "z": -1,
              "w": 2
            },
            {
              "x": -1,
              "y": 0,
              "z": 1,
              "w": 2
            },
            {
              "x": 1,
              "y": 0,
              "z": -1,
              "w": 2
            },
            {
              "x": 1,
              "y": 0,
              "z": 1,
              "w": 2
            },
            //======== magicrunes
            {
              "x": 1,
              "y": 0,
              "z": 2,
              "w": 3
            },
            {
              "x": 2,
              "y": 0,
              "z": 1,
              "w": 3
            },
            {
              "x": 2,
              "y": 0,
              "z": 3,
              "w": 3
            },
            {
              "x": 2,
              "y": 0,
              "z": 4,
              "w": 3
            },
            {
              "x": 3,
              "y": 0,
              "z": 2,
              "w": 3
            },
            {
              "x": 4,
              "y": 0,
              "z": 2,
              "w": 3
            },

            {
              "x": 1,
              "y": 0,
              "z": -2,
              "w": 3
            },
            {
              "x": 2,
              "y": 0,
              "z": -1,
              "w": 3
            },
            {
              "x": 2,
              "y": 0,
              "z": -3,
              "w": 3
            },
            {
              "x": 2,
              "y": 0,
              "z": -4,
              "w": 3
            },
            {
              "x": 3,
              "y": 0,
              "z": -2,
              "w": 3
            },
            {
              "x": 4,
              "y": 0,
              "z": -2,
              "w": 3
            },

            {
              "x": -1,
              "y": 0,
              "z": 2,
              "w": 3
            },
            {
              "x": -2,
              "y": 0,
              "z": 1,
              "w": 3
            },
            {
              "x": -2,
              "y": 0,
              "z": 3,
              "w": 3
            },
            {
              "x": -2,
              "y": 0,
              "z": 4,
              "w": 3
            },
            {
              "x": -3,
              "y": 0,
              "z": 2,
              "w": 3
            },
            {
              "x": -4,
              "y": 0,
              "z": 2,
              "w": 3
            },

            {
              "x": -1,
              "y": 0,
              "z": -2,
              "w": 3
            },
            {
              "x": -2,
              "y": 0,
              "z": -1,
              "w": 3
            },
            {
              "x": -2,
              "y": 0,
              "z": -3,
              "w": 3
            },
            {
              "x": -2,
              "y": 0,
              "z": -4,
              "w": 3
            },
            {
              "x": -3,
              "y": 0,
              "z": -2,
              "w": 3
            },
            {
              "x": -4,
              "y": 0,
              "z": -2,
              "w": 3
            }
          ]
        }
      ]
    },

    "*-enchantment-*": {
      "handbook": {
        "groupBy": [ "ritualaltar-*" ]
      },

      "multiblockStructuresEnchantment": [
        {
          "blockNumbers": {
            "rustboundmagic:elementalcrystals-*": 1,
            "rustboundmagic:manatorch-neutral-*-*": 2,
            "rustboundmagic:magicruneblock-*": 3,
            "rustboundmagic:manastoneblock-*-*": 4
          },
          "offsets": [
            //======== manastone base for stabilizers
            {
              "x": 4,
              "y": 0,
              "z": 4,
              "w": 4
            },
            {
              "x": 4,
              "y": 0,
              "z": -4,
              "w": 4
            },
            {
              "x": -4,
              "y": 0,
              "z": 4,
              "w": 4
            },
            {
              "x": -4,
              "y": 0,
              "z": -4,
              "w": 4
            },
            //======== manatorches
            {
              "x": -1,
              "y": 0,
              "z": -1,
              "w": 2
            },
            {
              "x": -1,
              "y": 0,
              "z": 1,
              "w": 2
            },
            {
              "x": 1,
              "y": 0,
              "z": -1,
              "w": 2
            },
            {
              "x": 1,
              "y": 0,
              "z": 1,
              "w": 2
            },
            //======== magicrunes
            {
              "x": 0,
              "y": 0,
              "z": 2,
              "w": 3
            },
            {
              "x": 0,
              "y": 0,
              "z": 4,
              "w": 3
            },
            {
              "x": -1,
              "y": 0,
              "z": 3,
              "w": 3
            },
            {
              "x": -1,
              "y": 0,
              "z": 4,
              "w": 3
            },
            {
              "x": 1,
              "y": 0,
              "z": 3,
              "w": 3
            },
            {
              "x": 1,
              "y": 0,
              "z": 4,
              "w": 3
            },

            {
              "x": 0,
              "y": 0,
              "z": -2,
              "w": 3
            },
            {
              "x": 0,
              "y": 0,
              "z": -4,
              "w": 3
            },
            {
              "x": -1,
              "y": 0,
              "z": -3,
              "w": 3
            },
            {
              "x": -1,
              "y": 0,
              "z": -4,
              "w": 3
            },
            {
              "x": 1,
              "y": 0,
              "z": -3,
              "w": 3
            },
            {
              "x": 1,
              "y": 0,
              "z": -4,
              "w": 3
            },

            {
              "x": 2,
              "y": 0,
              "z": 0,
              "w": 3
            },
            {
              "x": 4,
              "y": 0,
              "z": 0,
              "w": 3
            },
            {
              "x": 3,
              "y": 0,
              "z": 1,
              "w": 3
            },
            {
              "x": 4,
              "y": 0,
              "z": 1,
              "w": 3
            },
            {
              "x": 3,
              "y": 0,
              "z": -1,
              "w": 3
            },
            {
              "x": 4,
              "y": 0,
              "z": -1,
              "w": 3
            },

            {
              "x": -2,
              "y": 0,
              "z": 0,
              "w": 3
            },
            {
              "x": -4,
              "y": 0,
              "z": 0,
              "w": 3
            },
            {
              "x": -3,
              "y": 0,
              "z": 1,
              "w": 3
            },
            {
              "x": -4,
              "y": 0,
              "z": 1,
              "w": 3
            },
            {
              "x": -3,
              "y": 0,
              "z": -1,
              "w": 3
            },
            {
              "x": -4,
              "y": 0,
              "z": -1,
              "w": 3
            }
          ]
        }
      ]
    },

    "*-conjuration-*": {
      "handbook": {
        "groupBy": [ "ritualaltar-*" ]
      },

      "multiblockStructuresConjuration": [
        {
          "blockNumbers": {
            "rustboundmagic:elementalcrystals-*": 1,
            "rustboundmagic:manatorch-*-*-*": 2,
            "rustboundmagic:magicruneblock-*": 3,
            "rustboundmagic:manastoneblock-*-*": 4
          },
          "offsets": [
            //======== manastone base for stabilizers
            {
              "x": 4,
              "y": 0,
              "z": 4,
              "w": 4
            },
            {
              "x": 4,
              "y": 0,
              "z": -4,
              "w": 4
            },
            {
              "x": -4,
              "y": 0,
              "z": 4,
              "w": 4
            },
            {
              "x": -4,
              "y": 0,
              "z": -4,
              "w": 4
            },
            //======== manatorches
            {
              "x": -1,
              "y": 0,
              "z": -1,
              "w": 2
            },
            {
              "x": -1,
              "y": 0,
              "z": 1,
              "w": 2
            },
            {
              "x": 1,
              "y": 0,
              "z": -1,
              "w": 2
            },
            {
              "x": 1,
              "y": 0,
              "z": 1,
              "w": 2
            },
            //======== magicrunes
            {
              "x": -2,
              "y": 0,
              "z": 1,
              "w": 3
            },
            {
              "x": -2,
              "y": 0,
              "z": 2,
              "w": 3
            },
            {
              "x": -1,
              "y": 0,
              "z": 3,
              "w": 3
            },
            {
              "x": 0,
              "y": 0,
              "z": 4,
              "w": 3
            },
            {
              "x": 1,
              "y": 0,
              "z": 4,
              "w": 3
            },
            {
              "x": 2,
              "y": 0,
              "z": 4,
              "w": 3
            },

            {
              "x": 1,
              "y": 0,
              "z": 2,
              "w": 3
            },
            {
              "x": 2,
              "y": 0,
              "z": 2,
              "w": 3
            },
            {
              "x": 3,
              "y": 0,
              "z": 1,
              "w": 3
            },
            {
              "x": 4,
              "y": 0,
              "z": 0,
              "w": 3
            },
            {
              "x": 4,
              "y": 0,
              "z": -1,
              "w": 3
            },
            {
              "x": 4,
              "y": 0,
              "z": -2,
              "w": 3
            },

            {
              "x": 2,
              "y": 0,
              "z": -1,
              "w": 3
            },
            {
              "x": 2,
              "y": 0,
              "z": -2,
              "w": 3
            },
            {
              "x": 1,
              "y": 0,
              "z": -3,
              "w": 3
            },
            {
              "x": 0,
              "y": 0,
              "z": -4,
              "w": 3
            },
            {
              "x": -1,
              "y": 0,
              "z": -4,
              "w": 3
            },
            {
              "x": -2,
              "y": 0,
              "z": -4,
              "w": 3
            },

            {
              "x": -1,
              "y": 0,
              "z": -2,
              "w": 3
            },
            {
              "x": -2,
              "y": 0,
              "z": -2,
              "w": 3
            },
            {
              "x": -3,
              "y": 0,
              "z": -1,
              "w": 3
            },
            {
              "x": -4,
              "y": 0,
              "z": 0,
              "w": 3
            },
            {
              "x": -4,
              "y": 0,
              "z": 1,
              "w": 3
            },
            {
              "x": -4,
              "y": 0,
              "z": 2,
              "w": 3
            }
          ]
        }
      ]
    }
  },

  "creativeinventory": {
    "general": [ "*-raw-north", "*-burned-north", "*-tier1-north" ],
    "items": [ "*-raw-north", "*-burned-north", "*-tier1-north" ],
    "rustboundmagic": [ "*-raw-north", "*-burned-north", "*-tier1-north" ]
  },

  //"drawtypeByType": {
  //  "*-free": "JSON",
  //  "*-snow": "JSONAndSnowLayer"
  //},
  "shapeBytype": {
    "*-raw-*": {
      "base": "blocks/stations/ritualaltar-rawburned",
      "rotateY": 0
    },
    "*-burned-*": {
      "base": "blocks/stations/ritualaltar-rawburned",
      "rotateY": 0
    },
    "*-north": {
      "base": "blocks/stations/ritualaltar",
      "rotateY": 0
    },
    "*-south": {
      "base": "blocks/stations/ritualaltar",
      "rotateY": 180
    },
    "*-east": {
      "base": "blocks/stations/ritualaltar",
      "rotateY": 270
    },
    "*-west": {
      "base": "blocks/stations/ritualaltar",
      "rotateY": 90
    }
  },
  "texturesByType": {
    "*-raw-*": {
      "default": { "base": "default" },
      "stoneside": { "base": "game:block/clay/blueclay" }
    },
    "*-burned-*": {
      "default": { "base": "default" },
      "stoneside": { "base": "game:block/clay/ceramic" }
    },
    "*-tier1-*": {
      "default": { "base": "default" },
      "colorblack": { "base": "color-black" },
      "stoneside": { "base": "blocks/manastone/normal/manastoneblock-none*" },
      "stoneside2": { "base": "blocks/manastone/cobblestone/manastonecobblestone-none*" },
      "energy": { "base": "game:block/machine/statictranslocator/rusty" },
      "lead": { "base": "game:block/metal/plate/lead" },
      "lead2": { "base": "default" },
      "material": { "base": "default" },
      "material2": { "base": "default" },
      "rustyglow": { "base": "default" },
      "overlay": { "base": "default" }
    },
    "*-alteration-*": {
      "default": { "base": "default" },
      "colorblack": { "base": "color-black" },
      "stoneside": { "base": "blocks/manastone/normal/manastoneblock-none*" },
      "stoneside2": { "base": "blocks/manastone/cobblestone/manastonecobblestone-none*" },
      "energy": { "base": "game:block/machine/statictranslocator/rustyglow" },
      "lead": { "base": "game:block/metal/plate/lead" },
      "lead2": { "base": "game:block/metal/plate/lead" },
      "material2": { "base": "items/talisman-overlay2-alteration" },
      "material": { "base": "items/rust-solid" },
      "rustyglow": { "base": "game:block/machine/statictranslocator/rustyglow" },
      "overlay": { "base": "items/talisman-overlay-alteration" }
    },
    "*-invocation-*": {
      "default": { "base": "default" },
      "colorblack": { "base": "color-black" },
      "stoneside": { "base": "blocks/manastone/normal/manastoneblock-none*" },
      "stoneside2": { "base": "blocks/manastone/cobblestone/manastonecobblestone-none*" },
      "energy": { "base": "game:block/machine/statictranslocator/rustyglow" },
      "lead": { "base": "game:block/metal/plate/lead" },
      "lead2": { "base": "game:block/metal/plate/lead" },
      "material2": { "base": "items/talisman-overlay2-invocation" },
      "material": { "base": "items/rust-solid" },
      "rustyglow": { "base": "game:block/machine/statictranslocator/rustyglow" },
      "overlay": { "base": "items/talisman-overlay-invocation" }
    },
    "*-enchantment-*": {
      "default": { "base": "default" },
      "colorblack": { "base": "color-black" },
      "stoneside": { "base": "blocks/manastone/normal/manastoneblock-none*" },
      "stoneside2": { "base": "blocks/manastone/cobblestone/manastonecobblestone-none*" },
      "energy": { "base": "game:block/machine/statictranslocator/rustyglow" },
      "lead": { "base": "game:block/metal/plate/lead" },
      "lead2": { "base": "game:block/metal/plate/lead" },
      "material2": { "base": "items/talisman-overlay2-enchantment" },
      "material": { "base": "items/rust-solid" },
      "rustyglow": { "base": "game:block/machine/statictranslocator/rustyglow" },
      "overlay": { "base": "items/talisman-overlay-enchantment" }
    },
    "*-conjuration-*": {
      "default": { "base": "default" },
      "colorblack": { "base": "color-black" },
      "stoneside": { "base": "blocks/manastone/normal/manastoneblock-none*" },
      "stoneside2": { "base": "blocks/manastone/cobblestone/manastonecobblestone-none*" },
      "energy": { "base": "game:block/machine/statictranslocator/rustyglow" },
      "lead": { "base": "game:block/metal/plate/lead" },
      "lead2": { "base": "game:block/metal/plate/lead" },
      "material2": { "base": "items/talisman-overlay2-conjuration" },
      "material": { "base": "items/rust-solid" },
      "rustyglow": { "base": "game:block/machine/statictranslocator/rustyglow" },
      "overlay": { "base": "items/talisman-overlay-conjuration" }
    }
  },

  "sidesolid": {
    "verticals": "false",
    "horizontals": "false"
  },
  "sideopaque": {
    "all": "false"
  },

  "maxstacksize": 1,
  "blockmaterial": "Other",
  "materialDensity": 1200,
  "replaceable": 300,
  "resistance": 3,
  "lightAbsorption": 0,
  //"heldTpIdleAnimation": "holdbothhands",

  "sounds": {
    "place": "game:block/rock-hit-pickaxe",
    "break": "game:block/rock-hit-pickaxe",
    "hit": "game:walk/stone",
    "walk": "game:walk/stone"
  },

  "collisionSelectionBoxesByType": {
    "*": [
      {
        "x1": 0.125,
        "y1": 0,
        "z1": 0.125,
        "x2": 0.875,
        "y2": 0.625,
        "z2": 0.875,
        "rotateYByType": {
          "*": 0
        }
      }
    ]
  },

  "guiTransform": {
    "rotation": {
      "x": -22.6,
      "y": 135,
      "z": 0
    }
  },
  "fpHandTransform": {
    "translation": {
      "x": 0,
      "y": 0.1,
      "z": 0.5
    },
    "rotation": {
      "x": -2,
      "y": -118,
      "z": 12
    },
    "origin": {
      "x": 0.5,
      "y": 0.6,
      "z": 0.5
    },
    "scale": 0.5
  },
  "tpHandTransform": {
    "translation": {
      "x": 0,
      "y": 0.4,
      "z": -0.82
    },
    "rotation": {
      "x": 90,
      "y": 4,
      "z": -82
    },
    "origin": {
      "x": 0.05,
      "y": -0.1,
      "z": 0.25
    },
    "scale": 0.25
  },
  "groundTransform": {
    "translation": {
      "x": 0,
      "y": 0,
      "z": 0
    },
    "rotation": {
      "x": 90,
      "y": 0,
      "z": 0
    },
    "origin": {
      "x": 0.5,
      "y": 0.5,
      "z": 1
    },
    "scale": 2
  }
}
