{
	"editor": {
		"allAngles": false,
		"entityTextureMode": false
	},
	"textureWidth": 16,
	"textureHeight": 16,
	"textureSizes": {
	},
	"textures": {
	},
	"elements": [
		{
			"name": "_origin",
			"from": [ 0.0, 0.0, 0.0 ], 
			"to": [ 0.0, 0.0, 0.0 ], 
			"rotationOrigin": [ 8.0, 0.0, 8.0 ],
			"faces": {
				"north": { "texture": "#default", "uv": [ 10.5, 2.0, 11.0, 2.5 ] },
				"east": { "texture": "#default", "uv": [ 8.0, 11.5, 8.5, 12.0 ] },
				"south": { "texture": "#default", "uv": [ 9.0, 5.0, 9.5, 5.5 ] },
				"west": { "texture": "#default", "uv": [ 14.0, 13.5, 14.5, 14.0 ] },
				"up": { "texture": "#default", "uv": [ 11.5, 13.5, 12.0, 14.0 ] },
				"down": { "texture": "#default", "uv": [ 15.0, 2.0, 15.5, 2.5 ] }
			},
			"children": [
				{
					"name": "Cube1",
					"from": [ 1.0, 0.0, 1.0 ], 
					"to": [ 15.0, 1.0, 15.0 ], 
					"rotationOrigin": [ 1.0, 0.0, 1.0 ],
					"faces": {
						"north": { "texture": "#wood", "uv": [ 0.5, 8.5, 14.5, 9.5 ] },
						"east": { "texture": "#wood", "uv": [ 1.0, 9.0, 15.0, 10.0 ] },
						"south": { "texture": "#wood", "uv": [ 1.0, 3.0, 15.0, 4.0 ] },
						"west": { "texture": "#wood", "uv": [ 1.0, 14.0, 15.0, 15.0 ] },
						"up": { "texture": "#frame", "uv": [ 0.5, 1.0, 14.5, 15.0 ] },
						"down": { "texture": "#wood", "uv": [ 0.0, 0.5, 14.0, 14.5 ] }
					},
					"children": [
						{
							"name": "Cube3",
							"from": [ 0.0, 1.0, 0.0 ], 
							"to": [ 14.0, 2.0, 1.0 ], 
							"rotationOrigin": [ 0.0, 1.0, 0.0 ],
							"faces": {
								"north": { "texture": "#wood", "uv": [ 0.5, 4.0, 14.5, 5.0 ] },
								"east": { "texture": "#wood", "uv": [ 9.0, 0.5, 10.0, 1.5 ] },
								"south": { "texture": "#wood", "uv": [ 1.0, 5.0, 15.0, 6.0 ] },
								"west": { "texture": "#wood", "uv": [ 11.5, 7.5, 12.5, 8.5 ] },
								"up": { "texture": "#wood", "uv": [ 0.5, 13.5, 14.5, 14.5 ] },
								"down": { "texture": "#wood", "uv": [ 0.5, 10.0, 14.5, 11.0 ] }
							},
							"children": [
								{
									"name": "Cube4",
									"from": [ 0.0, 0.0, 13.0 ], 
									"to": [ 14.0, 1.0, 14.0 ], 
									"rotationOrigin": [ 0.0, 0.0, 13.0 ],
									"faces": {
										"north": { "texture": "#wood", "uv": [ 0.5, 7.0, 14.5, 8.0 ] },
										"east": { "texture": "#wood", "uv": [ 1.0, 2.0, 2.0, 3.0 ] },
										"south": { "texture": "#wood", "uv": [ 1.0, 9.0, 15.0, 10.0 ] },
										"west": { "texture": "#wood", "uv": [ 11.0, 5.0, 12.0, 6.0 ] },
										"up": { "texture": "#wood", "uv": [ 1.0, 6.5, 15.0, 7.5 ] },
										"down": { "texture": "#wood", "uv": [ 1.0, 8.0, 15.0, 9.0 ] }
									},
									"children": [
										{
											"name": "Cube5",
											"from": [ 0.0, 0.0, -12.0 ], 
											"to": [ 1.0, 1.0, 0.0 ], 
											"rotationOrigin": [ 1.0, 0.0, -12.0 ],
											"faces": {
												"north": { "texture": "#wood", "uv": [ 6.0, 14.0, 7.0, 15.0 ] },
												"east": { "texture": "#wood", "uv": [ 2.5, 12.5, 14.5, 13.5 ] },
												"south": { "texture": "#wood", "uv": [ 2.0, 8.5, 3.0, 9.5 ] },
												"west": { "texture": "#wood", "uv": [ 3.5, 12.0, 15.5, 13.0 ] },
												"up": { "texture": "#wood", "uv": [ 14.0, 3.0, 15.0, 15.0 ] },
												"down": { "texture": "#wood", "uv": [ 11.5, 0.5, 12.5, 12.5 ] }
											},
											"children": [
												{
													"name": "Cube6",
													"from": [ 13.0, 0.0, 0.0 ], 
													"to": [ 14.0, 1.0, 12.0 ], 
													"rotationOrigin": [ 13.0, 0.0, 0.0 ],
													"faces": {
														"north": { "texture": "#wood", "uv": [ 11.5, 3.0, 12.5, 4.0 ] },
														"east": { "texture": "#wood", "uv": [ 3.5, 13.5, 15.5, 14.5 ] },
														"south": { "texture": "#wood", "uv": [ 11.5, 6.5, 12.5, 7.5 ] },
														"west": { "texture": "#wood", "uv": [ 2.0, 4.5, 14.0, 5.5 ] },
														"up": { "texture": "#wood", "uv": [ 7.5, 1.0, 8.5, 13.0 ] },
														"down": { "texture": "#wood", "uv": [ 8.5, 2.0, 9.5, 14.0 ] }
													}
												}
											]
										}
									]
								}
							]
						},
						{
							"name": "Cube7",
							"from": [ 11.0, 1.0, 1.0 ], 
							"to": [ 11.25, 2.0, 13.0 ], 
							"rotationOrigin": [ 11.0, 1.0, 1.0 ],
							"faces": {
								"north": { "texture": "#wood", "uv": [ 14.5, 1.5, 15.0, 2.5 ] },
								"east": { "texture": "#wood", "uv": [ 3.5, 2.5, 15.5, 3.5 ] },
								"south": { "texture": "#wood", "uv": [ 5.5, 9.5, 6.0, 10.5 ] },
								"west": { "texture": "#wood", "uv": [ 0.5, 1.5, 12.5, 2.5 ] },
								"up": { "texture": "#wood", "uv": [ 1.0, 0.5, 1.5, 12.5 ] },
								"down": { "texture": "#wood", "uv": [ 14.0, 1.0, 14.5, 13.0 ] }
							},
							"children": [
								{
									"name": "Cube8",
									"from": [ -2.0, 0.0, 0.0 ], 
									"to": [ -1.75, 1.0, 12.0 ], 
									"rotationOrigin": [ -2.0, 0.0, 0.0 ],
									"faces": {
										"north": { "texture": "#wood", "uv": [ 2.5, 13.5, 3.0, 14.5 ] },
										"east": { "texture": "#wood", "uv": [ 3.0, 3.5, 15.0, 4.5 ] },
										"south": { "texture": "#wood", "uv": [ 2.5, 5.5, 3.0, 6.5 ] },
										"west": { "texture": "#wood", "uv": [ 2.0, 1.5, 14.0, 2.5 ] },
										"up": { "texture": "#wood", "uv": [ 4.5, 3.0, 5.0, 15.0 ] },
										"down": { "texture": "#wood", "uv": [ 6.0, 3.0, 6.5, 15.0 ] }
									},
									"children": [
										{
											"name": "Cube9",
											"from": [ -2.0, 0.0, 0.0 ], 
											"to": [ -1.75, 1.0, 12.0 ], 
											"rotationOrigin": [ -2.0, 0.0, 0.0 ],
											"faces": {
												"north": { "texture": "#wood", "uv": [ 0.0, 10.0, 0.5, 11.0 ] },
												"east": { "texture": "#wood", "uv": [ 1.5, 10.5, 13.5, 11.5 ] },
												"south": { "texture": "#wood", "uv": [ 12.5, 1.0, 13.0, 2.0 ] },
												"west": { "texture": "#wood", "uv": [ 3.0, 11.0, 15.0, 12.0 ] },
												"up": { "texture": "#wood", "uv": [ 10.5, 0.5, 11.0, 12.5 ] },
												"down": { "texture": "#wood", "uv": [ 11.0, 3.5, 11.5, 15.5 ] }
											}
										}
									]
								}
							]
						},
						{
							"name": "Cube10",
							"from": [ 1.0, 1.0, 3.0 ], 
							"to": [ 7.0, 2.0, 3.25 ], 
							"rotationOrigin": [ 1.0, 1.0, 3.0 ],
							"faces": {
								"north": { "texture": "#wood", "uv": [ 2.5, 2.5, 8.5, 3.5 ] },
								"east": { "texture": "#wood", "uv": [ 5.5, 3.5, 6.0, 4.5 ] },
								"south": { "texture": "#wood", "uv": [ 8.5, 3.0, 14.5, 4.0 ] },
								"west": { "texture": "#wood", "uv": [ 6.5, 6.0, 7.0, 7.0 ] },
								"up": { "texture": "#wood", "uv": [ 4.0, 7.0, 10.0, 7.5 ] },
								"down": { "texture": "#wood", "uv": [ 4.0, 2.0, 10.0, 2.5 ] }
							},
							"children": [
								{
									"name": "Cube11",
									"from": [ 0.0, 0.0, 2.0 ], 
									"to": [ 6.0, 1.0, 2.25 ], 
									"rotationOrigin": [ 0.0, 0.0, 2.0 ],
									"faces": {
										"north": { "texture": "#wood", "uv": [ 8.0, 2.5, 14.0, 3.5 ] },
										"east": { "texture": "#wood", "uv": [ 4.0, 10.0, 4.5, 11.0 ] },
										"south": { "texture": "#wood", "uv": [ 8.0, 14.5, 14.0, 15.5 ] },
										"west": { "texture": "#wood", "uv": [ 13.0, 1.0, 13.5, 2.0 ] },
										"up": { "texture": "#wood", "uv": [ 3.0, 10.5, 9.0, 11.0 ] },
										"down": { "texture": "#wood", "uv": [ 5.0, 14.0, 11.0, 14.5 ] }
									},
									"children": [
										{
											"name": "Cube12",
											"from": [ 0.0, 0.0, 4.0 ], 
											"to": [ 6.0, 1.0, 4.25 ], 
											"rotationOrigin": [ 0.0, 0.0, 4.0 ],
											"faces": {
												"north": { "texture": "#wood", "uv": [ 3.0, 9.5, 9.0, 10.5 ] },
												"east": { "texture": "#wood", "uv": [ 12.0, 6.5, 12.5, 7.5 ] },
												"south": { "texture": "#wood", "uv": [ 7.0, 11.0, 13.0, 12.0 ] },
												"west": { "texture": "#wood", "uv": [ 2.0, 10.0, 2.5, 11.0 ] },
												"up": { "texture": "#wood", "uv": [ 3.0, 10.5, 9.0, 11.0 ] },
												"down": { "texture": "#wood", "uv": [ 6.5, 13.5, 12.5, 14.0 ] }
											}
										}
									]
								}
							]
						},
						{
							"name": "Cube13",
							"from": [ 3.75, 1.0, 5.25 ], 
							"to": [ 4.0, 2.0, 9.0 ], 
							"rotationOrigin": [ 3.0, 1.0, 5.0 ],
							"faces": {
								"north": { "texture": "#wood", "uv": [ 0.5, 5.5, 1.0, 6.5 ] },
								"east": { "texture": "#wood", "uv": [ 5.5, 14.5, 9.0, 15.5 ] },
								"south": { "texture": "#wood", "uv": [ 13.5, 5.0, 14.0, 6.0 ] },
								"west": { "texture": "#wood", "uv": [ 4.5, 1.0, 8.0, 2.0 ] },
								"up": { "texture": "#wood", "uv": [ 4.5, 6.0, 5.0, 9.5 ] },
								"down": { "texture": "#wood", "uv": [ 6.5, 9.5, 7.0, 13.0 ] }
							},
							"children": [
								{
									"name": "Cube14",
									"from": [ 0.0, 0.0, 4.0 ], 
									"to": [ 0.25, 1.0, 7.75 ], 
									"rotationOrigin": [ -0.75, 0.0, 3.75 ],
									"faces": {
										"north": { "texture": "#wood", "uv": [ 4.5, 0.0, 5.0, 1.0 ] },
										"east": { "texture": "#wood", "uv": [ 9.5, 3.5, 13.0, 4.5 ] },
										"south": { "texture": "#wood", "uv": [ 14.0, 0.5, 14.5, 1.5 ] },
										"west": { "texture": "#wood", "uv": [ 0.0, 6.5, 3.5, 7.5 ] },
										"up": { "texture": "#wood", "uv": [ 5.0, 10.5, 5.5, 14.0 ] },
										"down": { "texture": "#wood", "uv": [ 14.0, 9.5, 14.5, 13.0 ] }
									},
									"children": [
										{
											"name": "Cube15",
											"from": [ -2.0, 0.0, 0.75 ], 
											"to": [ -1.75, 1.0, 3.75 ], 
											"rotationOrigin": [ -2.75, 0.0, 0.75 ],
											"faces": {
												"north": { "texture": "#wood", "uv": [ 13.0, 11.0, 13.5, 12.0 ] },
												"east": { "texture": "#wood", "uv": [ 7.0, 0.0, 10.0, 1.0 ] },
												"south": { "texture": "#wood", "uv": [ 10.5, 14.5, 11.0, 15.5 ] },
												"west": { "texture": "#wood", "uv": [ 3.0, 5.5, 6.0, 6.5 ] },
												"up": { "texture": "#wood", "uv": [ 3.5, 1.5, 4.0, 4.5 ] },
												"down": { "texture": "#wood", "uv": [ 13.5, 3.5, 14.0, 6.5 ] }
											},
											"children": [
												{
													"name": "Cube16",
													"from": [ 1.0, 0.0, -0.75 ], 
													"to": [ 1.25, 1.0, 3.0 ], 
													"rotationOrigin": [ 0.25, 0.0, -1.0 ],
													"faces": {
														"north": { "texture": "#wood", "uv": [ 10.5, 4.5, 11.0, 5.5 ] },
														"east": { "texture": "#wood", "uv": [ 11.0, 6.5, 14.5, 7.5 ] },
														"south": { "texture": "#wood", "uv": [ 14.5, 6.5, 15.0, 7.5 ] },
														"west": { "texture": "#wood", "uv": [ 4.0, 7.0, 7.5, 8.0 ] },
														"up": { "texture": "#wood", "uv": [ 13.0, 5.0, 13.5, 8.5 ] },
														"down": { "texture": "#wood", "uv": [ 2.5, 9.0, 3.0, 12.5 ] }
													}
												}
											]
										}
									]
								}
							]
						},
						{
							"name": "Cube17",
							"from": [ 1.0, 1.0, 10.0 ], 
							"to": [ 1.75, 2.0, 10.25 ], 
							"rotationOrigin": [ 1.0, 1.0, 10.0 ],
							"faces": {
								"north": { "texture": "#wood", "uv": [ 6.5, 12.0, 7.0, 13.0 ] },
								"east": { "texture": "#wood", "uv": [ 7.0, 12.0, 7.5, 13.0 ] },
								"south": { "texture": "#wood", "uv": [ 13.5, 13.0, 14.0, 14.0 ] },
								"west": { "texture": "#wood", "uv": [ 12.5, 5.5, 13.0, 6.5 ] },
								"up": { "texture": "#wood", "uv": [ 4.0, 6.0, 4.5, 6.5 ] },
								"down": { "texture": "#wood", "uv": [ 13.0, 10.0, 13.5, 10.5 ] }
							},
							"children": [
								{
									"name": "Cube18",
									"from": [ 0.0, 0.0, 1.0 ], 
									"to": [ 0.75, 1.0, 1.25 ], 
									"rotationOrigin": [ 0.0, 0.0, 1.0 ],
									"faces": {
										"north": { "texture": "#wood", "uv": [ 9.0, 9.5, 9.5, 10.5 ] },
										"east": { "texture": "#wood", "uv": [ 9.0, 13.0, 9.5, 14.0 ] },
										"south": { "texture": "#wood", "uv": [ 10.5, 5.0, 11.0, 6.0 ] },
										"west": { "texture": "#wood", "uv": [ 12.5, 2.5, 13.0, 3.5 ] },
										"up": { "texture": "#wood", "uv": [ 12.5, 1.0, 13.0, 1.5 ] },
										"down": { "texture": "#wood", "uv": [ 12.0, 4.0, 12.5, 4.5 ] }
									},
									"children": [
										{
											"name": "Cube19",
											"from": [ 0.0, 0.0, 1.0 ], 
											"to": [ 0.75, 1.0, 1.25 ], 
											"rotationOrigin": [ 0.0, 0.0, 1.0 ],
											"faces": {
												"north": { "texture": "#wood", "uv": [ 5.5, 6.5, 6.0, 7.5 ] },
												"east": { "texture": "#wood", "uv": [ 13.0, 8.5, 13.5, 9.5 ] },
												"south": { "texture": "#wood", "uv": [ 11.0, 12.0, 11.5, 13.0 ] },
												"west": { "texture": "#wood", "uv": [ 5.0, 13.0, 5.5, 14.0 ] },
												"up": { "texture": "#wood", "uv": [ 10.0, 7.5, 10.5, 8.0 ] },
												"down": { "texture": "#wood", "uv": [ 13.5, 6.5, 14.0, 7.0 ] }
											}
										}
									]
								}
							]
						},
						{
							"name": "Cube20",
							"from": [ 2.0, 1.0, 10.0 ], 
							"to": [ 2.75, 2.0, 10.25 ], 
							"rotationOrigin": [ 2.0, 1.0, 10.0 ],
							"faces": {
								"north": { "texture": "#wood", "uv": [ 11.0, 2.0, 11.5, 3.0 ] },
								"east": { "texture": "#wood", "uv": [ 8.0, 1.5, 8.5, 2.5 ] },
								"south": { "texture": "#wood", "uv": [ 8.5, 6.5, 9.0, 7.5 ] },
								"west": { "texture": "#wood", "uv": [ 8.0, 11.0, 8.5, 12.0 ] },
								"up": { "texture": "#wood", "uv": [ 5.0, 2.0, 5.5, 2.5 ] },
								"down": { "texture": "#wood", "uv": [ 5.5, 12.5, 6.0, 13.0 ] }
							},
							"children": [
								{
									"name": "Cube21",
									"from": [ 0.0, 0.0, 1.0 ], 
									"to": [ 0.75, 1.0, 1.25 ], 
									"rotationOrigin": [ 0.0, 0.0, 1.0 ],
									"faces": {
										"north": { "texture": "#wood", "uv": [ 6.5, 14.5, 7.0, 15.5 ] },
										"east": { "texture": "#wood", "uv": [ 1.5, 2.0, 2.0, 3.0 ] },
										"south": { "texture": "#wood", "uv": [ 10.5, 12.5, 11.0, 13.5 ] },
										"west": { "texture": "#wood", "uv": [ 11.0, 4.5, 11.5, 5.5 ] },
										"up": { "texture": "#wood", "uv": [ 11.5, 7.5, 12.0, 8.0 ] },
										"down": { "texture": "#wood", "uv": [ 8.5, 11.0, 9.0, 11.5 ] }
									},
									"children": [
										{
											"name": "Cube22",
											"from": [ 0.0, 0.0, 1.0 ], 
											"to": [ 0.75, 1.0, 1.25 ], 
											"rotationOrigin": [ 0.0, 0.0, 1.0 ],
											"faces": {
												"north": { "texture": "#wood", "uv": [ 14.5, 2.0, 15.0, 3.0 ] },
												"east": { "texture": "#wood", "uv": [ 6.0, 12.5, 6.5, 13.5 ] },
												"south": { "texture": "#wood", "uv": [ 5.0, 0.0, 5.5, 1.0 ] },
												"west": { "texture": "#wood", "uv": [ 4.0, 7.5, 4.5, 8.5 ] },
												"up": { "texture": "#wood", "uv": [ 13.0, 14.0, 13.5, 14.5 ] },
												"down": { "texture": "#wood", "uv": [ 13.5, 14.5, 14.0, 15.0 ] }
											}
										}
									]
								}
							]
						},
						{
							"name": "Cube23",
							"from": [ 1.25, 1.0, 10.5 ], 
							"to": [ 1.5, 2.0, 10.75 ], 
							"rotationOrigin": [ 1.0, 1.0, 10.0 ],
							"faces": {
								"north": { "texture": "#wood", "uv": [ 4.5, 3.5, 5.0, 4.5 ] },
								"east": { "texture": "#wood", "uv": [ 3.5, 6.0, 4.0, 7.0 ] },
								"south": { "texture": "#wood", "uv": [ 3.5, 6.0, 4.0, 7.0 ] },
								"west": { "texture": "#wood", "uv": [ 1.0, 8.5, 1.5, 9.5 ] },
								"up": { "texture": "#wood", "uv": [ 10.5, 11.0, 11.0, 11.5 ] },
								"down": { "texture": "#wood", "uv": [ 6.5, 10.5, 7.0, 11.0 ] }
							},
							"children": [
								{
									"name": "Cube24",
									"from": [ 0.0, 0.0, 1.0 ], 
									"to": [ 0.25, 1.0, 1.25 ], 
									"rotationOrigin": [ 0.0, 0.0, 1.0 ],
									"faces": {
										"north": { "texture": "#wood", "uv": [ 12.0, 9.0, 12.5, 10.0 ] },
										"east": { "texture": "#wood", "uv": [ 10.5, 8.5, 11.0, 9.5 ] },
										"south": { "texture": "#wood", "uv": [ 10.5, 3.0, 11.0, 4.0 ] },
										"west": { "texture": "#wood", "uv": [ 2.0, 2.5, 2.5, 3.5 ] },
										"up": { "texture": "#wood", "uv": [ 6.0, 13.0, 6.5, 13.5 ] },
										"down": { "texture": "#wood", "uv": [ 12.0, 5.5, 12.5, 6.0 ] }
									},
									"children": [
										{
											"name": "Cube25",
											"from": [ 0.0, 0.0, 1.0 ], 
											"to": [ 0.25, 1.0, 1.25 ], 
											"rotationOrigin": [ -1.0, 0.0, 1.0 ],
											"faces": {
												"north": { "texture": "#wood", "uv": [ 9.0, 7.5, 9.5, 8.5 ] },
												"east": { "texture": "#wood", "uv": [ 10.5, 6.5, 11.0, 7.5 ] },
												"south": { "texture": "#wood", "uv": [ 11.5, 12.5, 12.0, 13.5 ] },
												"west": { "texture": "#wood", "uv": [ 7.5, 11.0, 8.0, 12.0 ] },
												"up": { "texture": "#wood", "uv": [ 9.5, 4.0, 10.0, 4.5 ] },
												"down": { "texture": "#wood", "uv": [ 13.5, 7.5, 14.0, 8.0 ] }
											}
										}
									]
								}
							]
						},
						{
							"name": "Cube26",
							"from": [ 2.25, 1.0, 10.5 ], 
							"to": [ 2.5, 2.0, 10.75 ], 
							"rotationOrigin": [ 2.0, 1.0, 10.0 ],
							"faces": {
								"north": { "texture": "#wood", "uv": [ 0.5, 6.0, 1.0, 7.0 ] },
								"east": { "texture": "#wood", "uv": [ 0.5, 6.0, 1.0, 7.0 ] },
								"south": { "texture": "#wood", "uv": [ 10.0, 12.0, 10.5, 13.0 ] },
								"west": { "texture": "#wood", "uv": [ 12.5, 6.0, 13.0, 7.0 ] },
								"up": { "texture": "#wood", "uv": [ 7.0, 6.5, 7.5, 7.0 ] },
								"down": { "texture": "#wood", "uv": [ 11.0, 14.5, 11.5, 15.0 ] }
							},
							"children": [
								{
									"name": "Cube27",
									"from": [ 0.0, 0.0, 1.0 ], 
									"to": [ 0.25, 1.0, 1.25 ], 
									"rotationOrigin": [ 0.0, 0.0, 1.0 ],
									"faces": {
										"north": { "texture": "#wood", "uv": [ 4.5, 11.5, 5.0, 12.5 ] },
										"east": { "texture": "#wood", "uv": [ 14.0, 3.0, 14.5, 4.0 ] },
										"south": { "texture": "#wood", "uv": [ 0.5, 1.5, 1.0, 2.5 ] },
										"west": { "texture": "#wood", "uv": [ 6.0, 6.5, 6.5, 7.5 ] },
										"up": { "texture": "#wood", "uv": [ 13.5, 2.5, 14.0, 3.0 ] },
										"down": { "texture": "#wood", "uv": [ 9.5, 15.0, 10.0, 15.5 ] }
									},
									"children": [
										{
											"name": "Cube28",
											"from": [ 0.0, 0.0, 1.0 ], 
											"to": [ 0.25, 1.0, 1.25 ], 
											"rotationOrigin": [ -1.0, 0.0, 1.0 ],
											"faces": {
												"north": { "texture": "#wood", "uv": [ 14.5, 0.5, 15.0, 1.5 ] },
												"east": { "texture": "#wood", "uv": [ 0.0, 3.0, 0.5, 4.0 ] },
												"south": { "texture": "#wood", "uv": [ 12.0, 1.5, 12.5, 2.5 ] },
												"west": { "texture": "#wood", "uv": [ 2.0, 12.0, 2.5, 13.0 ] },
												"up": { "texture": "#wood", "uv": [ 5.5, 8.5, 6.0, 9.0 ] },
												"down": { "texture": "#wood", "uv": [ 6.0, 2.0, 6.5, 2.5 ] }
											}
										}
									]
								}
							]
						},
						{
							"name": "Cube30",
							"from": [ 4.0, 1.0, 10.0 ], 
							"to": [ 4.75, 2.0, 12.25 ], 
							"rotationOrigin": [ 4.0, 1.0, 9.0 ],
							"faces": {
								"north": { "texture": "#wood", "uv": [ 8.0, 1.5, 8.5, 2.5 ] },
								"east": { "texture": "#wood", "uv": [ 6.0, 0.5, 8.0, 1.5 ] },
								"south": { "texture": "#wood", "uv": [ 9.5, 12.5, 10.0, 13.5 ] },
								"west": { "texture": "#wood", "uv": [ 11.0, 1.0, 13.0, 2.0 ] },
								"up": { "texture": "#wood", "uv": [ 15.0, 6.0, 15.5, 8.0 ] },
								"down": { "texture": "#wood", "uv": [ 14.0, 12.0, 14.5, 14.0 ] }
							},
							"children": [
								{
									"name": "Cube31",
									"from": [ 2.25, 0.0, 0.0 ], 
									"to": [ 3.0, 1.0, 2.25 ], 
									"rotationOrigin": [ 2.0, 0.0, -1.0 ],
									"faces": {
										"north": { "texture": "#wood", "uv": [ 2.0, 4.0, 2.5, 5.0 ] },
										"east": { "texture": "#wood", "uv": [ 11.0, 1.0, 13.0, 2.0 ] },
										"south": { "texture": "#wood", "uv": [ 5.5, 0.0, 6.0, 1.0 ] },
										"west": { "texture": "#wood", "uv": [ 7.5, 2.5, 9.5, 3.5 ] },
										"up": { "texture": "#wood", "uv": [ 6.5, 0.5, 7.0, 2.5 ] },
										"down": { "texture": "#wood", "uv": [ 0.5, 10.0, 1.0, 12.0 ] }
									}
								}
							]
						},
						{
							"name": "Cube32",
							"from": [ 4.75, 1.0, 5.25 ], 
							"to": [ 6.25, 2.0, 8.5 ], 
							"rotationOrigin": [ 4.0, 1.0, 4.0 ],
							"faces": {
								"north": { "texture": "#wood", "uv": [ 0.5, 3.0, 2.0, 4.0 ] },
								"east": { "texture": "#wood", "uv": [ 10.0, 10.0, 13.0, 11.0 ] },
								"south": { "texture": "#wood", "uv": [ 5.5, 1.5, 7.0, 2.5 ] },
								"west": { "texture": "#wood", "uv": [ 1.0, 9.0, 4.0, 10.0 ] },
								"up": { "texture": "#wood", "uv": [ 8.5, 5.0, 10.0, 8.0 ] },
								"down": { "texture": "#wood", "uv": [ 3.0, 6.5, 4.5, 9.5 ] }
							},
							"children": [
								{
									"name": "Cube29",
									"from": [ -1.75, 0.0, 5.75 ], 
									"to": [ -1.0, 1.0, 6.0 ], 
									"rotationOrigin": [ -1.75, 0.0, 5.75 ],
									"faces": {
										"north": { "texture": "#wood", "uv": [ 13.0, 4.0, 13.5, 5.0 ] },
										"east": { "texture": "#wood", "uv": [ 14.5, 10.0, 15.0, 11.0 ] },
										"south": { "texture": "#wood", "uv": [ 1.5, 4.0, 2.0, 5.0 ] },
										"west": { "texture": "#wood", "uv": [ 1.5, 10.0, 2.0, 11.0 ] },
										"up": { "texture": "#wood", "uv": [ 4.5, 7.0, 5.0, 7.5 ] },
										"down": { "texture": "#wood", "uv": [ 4.0, 8.5, 4.5, 9.0 ] }
									}
								}
							]
						},
						{
							"name": "Cube34",
							"from": [ 1.0, 1.0, 6.0 ], 
							"to": [ 1.75, 2.0, 8.25 ], 
							"rotationOrigin": [ 1.0, 1.0, 5.0 ],
							"faces": {
								"north": { "texture": "#wood", "uv": [ 12.0, 3.5, 12.5, 4.5 ] },
								"east": { "texture": "#wood", "uv": [ 6.5, 13.5, 8.5, 14.5 ] },
								"south": { "texture": "#wood", "uv": [ 5.5, 6.0, 6.0, 7.0 ] },
								"west": { "texture": "#wood", "uv": [ 5.0, 5.5, 7.0, 6.5 ] },
								"up": { "texture": "#wood", "uv": [ 11.5, 0.5, 12.0, 2.5 ] },
								"down": { "texture": "#wood", "uv": [ 4.0, 9.5, 4.5, 11.5 ] }
							},
							"children": [
								{
									"name": "Cube35",
									"from": [ 2.0, 0.0, 0.0 ], 
									"to": [ 2.75, 1.0, 2.25 ], 
									"rotationOrigin": [ 2.0, 0.0, -1.0 ],
									"faces": {
										"north": { "texture": "#wood", "uv": [ 11.5, 0.5, 12.0, 1.5 ] },
										"east": { "texture": "#wood", "uv": [ 4.0, 9.0, 6.0, 10.0 ] },
										"south": { "texture": "#wood", "uv": [ 15.0, 10.5, 15.5, 11.5 ] },
										"west": { "texture": "#wood", "uv": [ 12.5, 1.0, 14.5, 2.0 ] },
										"up": { "texture": "#wood", "uv": [ 12.5, 2.5, 13.0, 4.5 ] },
										"down": { "texture": "#wood", "uv": [ 10.0, 0.5, 10.5, 2.5 ] }
									}
								}
							]
						}
					]
				}
			]
		}
	]}