{
	"editor": {
		"allAngles": false,
		"entityTextureMode": false
	},
	"textureWidth": 16,
	"textureHeight": 16,
	"textureSizes": {
	},
	"textures": {
	},
	"elements": [
		{
			"name": "_frame",
			"from": [ 0.0, 0.0, 0.0 ], 
			"to": [ 0.0, 0.0, 0.0 ], 
			"rotationOrigin": [ 8.0, 0.0, 8.0 ],
			"faces": {
				"north": { "texture": "#frame", "uv": [ 8.0, 4.5, 8.5, 5.0 ], "enabled": false },
				"east": { "texture": "#frame", "uv": [ 7.5, 14.0, 8.0, 14.5 ], "enabled": false },
				"south": { "texture": "#frame", "uv": [ 13.0, 9.0, 13.5, 9.5 ], "enabled": false },
				"west": { "texture": "#frame", "uv": [ 7.0, 7.0, 7.5, 7.5 ], "enabled": false },
				"up": { "texture": "#frame", "uv": [ 5.5, 9.0, 6.0, 9.5 ], "enabled": false },
				"down": { "texture": "#frame", "uv": [ 9.5, 11.0, 10.0, 11.5 ], "enabled": false }
			},
			"children": [
				{
					"name": "base-middle-1.1",
					"from": [ 2.0, 6.5, 14.0 ], 
					"to": [ 14.0, 8.5, 15.0 ], 
					"rotationOrigin": [ 2.0, 6.0, -1.0 ],
					"faces": {
						"north": { "texture": "#frame", "uv": [ 2.5, 7.0, 14.5, 9.0 ] },
						"east": { "texture": "#frame", "uv": [ 0.5, 8.0, 1.5, 10.0 ], "rotation": 180 },
						"south": { "texture": "#frame", "uv": [ 0.0, 12.0, 12.0, 14.0 ] },
						"west": { "texture": "#frame", "uv": [ 2.0, 7.0, 3.0, 9.0 ], "rotation": 180 },
						"up": { "texture": "#frame", "uv": [ 2.5, 7.5, 14.5, 8.5 ] },
						"down": { "texture": "#frame", "uv": [ 3.0, 0.5, 15.0, 1.5 ] }
					}
				},
				{
					"name": "base-middle-1.2",
					"from": [ 2.0, 6.5, 1.0 ], 
					"to": [ 14.0, 8.5, 2.0 ], 
					"rotationOrigin": [ 2.0, -1.0, 1.0 ],
					"faces": {
						"north": { "texture": "#frame", "uv": [ 3.5, 6.0, 15.5, 8.0 ] },
						"east": { "texture": "#frame", "uv": [ 9.0, 2.0, 10.0, 4.0 ], "rotation": 180 },
						"south": { "texture": "#frame", "uv": [ 3.5, 7.0, 15.5, 9.0 ] },
						"west": { "texture": "#frame", "uv": [ 9.5, 12.0, 10.5, 14.0 ], "rotation": 180 },
						"up": { "texture": "#frame", "uv": [ 3.0, 13.5, 15.0, 14.5 ] },
						"down": { "texture": "#frame", "uv": [ 1.5, 5.0, 13.5, 6.0 ], "rotation": 180 }
					}
				},
				{
					"name": "floor-1.1",
					"from": [ 1.0, 0.5, 1.0 ], 
					"to": [ 15.0, 1.5, 15.0 ], 
					"rotationOrigin": [ 0.0, 0.5, 0.0 ],
					"faces": {
						"north": { "texture": "#frame", "uv": [ 1.5, 11.5, 15.5, 12.5 ] },
						"east": { "texture": "#frame", "uv": [ 0.0, 10.5, 14.0, 11.5 ] },
						"south": { "texture": "#frame", "uv": [ 0.5, 11.5, 14.5, 12.5 ] },
						"west": { "texture": "#frame", "uv": [ 1.0, 1.0, 15.0, 2.0 ] },
						"up": { "texture": "#frame", "uv": [ 0.0, 1.0, 14.0, 15.0 ], "rotation": 90 },
						"down": { "texture": "#frame", "uv": [ 0.0, 1.0, 14.0, 15.0 ], "rotation": 90 }
					}
				},
				{
					"name": "base-sideedge-1.1",
					"from": [ 0.5, 2.0, 0.5 ], 
					"to": [ 2.5, 12.0, 2.5 ], 
					"rotationOrigin": [ 0.5, 2.0, 0.5 ],
					"faces": {
						"north": { "texture": "#frame", "uv": [ 0.0, 6.5, 10.0, 8.5 ], "rotation": 90 },
						"east": { "texture": "#frame", "uv": [ 4.5, 5.0, 14.5, 7.0 ], "rotation": 90 },
						"south": { "texture": "#frame", "uv": [ 0.5, 1.0, 10.5, 3.0 ], "rotation": 90 },
						"west": { "texture": "#frame", "uv": [ 5.0, 13.0, 15.0, 15.0 ], "rotation": 90 },
						"up": { "texture": "#frame", "uv": [ 11.0, 13.0, 13.0, 15.0 ] },
						"down": { "texture": "#frame", "uv": [ 2.5, 4.5, 4.5, 6.5 ] }
					},
					"children": [
						{
							"name": "base-sideedge-1.2",
							"from": [ 0.0, 0.0, 13.0 ], 
							"to": [ 2.0, 10.0, 15.0 ], 
							"rotationOrigin": [ 0.0, 0.0, 13.0 ],
							"faces": {
								"north": { "texture": "#frame", "uv": [ 3.5, 6.0, 13.5, 8.0 ], "rotation": 90 },
								"east": { "texture": "#frame", "uv": [ 4.0, 8.0, 14.0, 10.0 ], "rotation": 90 },
								"south": { "texture": "#frame", "uv": [ 0.5, 1.5, 10.5, 3.5 ], "rotation": 90 },
								"west": { "texture": "#frame", "uv": [ 2.5, 0.5, 12.5, 2.5 ], "rotation": 90 },
								"up": { "texture": "#frame", "uv": [ 11.0, 8.0, 13.0, 10.0 ] },
								"down": { "texture": "#frame", "uv": [ 1.0, 9.0, 3.0, 11.0 ] }
							},
							"children": [
								{
									"name": "base-sideedge-1.3",
									"from": [ 13.0, 0.0, 0.0 ], 
									"to": [ 15.0, 10.0, 2.0 ], 
									"rotationOrigin": [ 13.0, 0.0, 0.0 ],
									"faces": {
										"north": { "texture": "#frame", "uv": [ 5.5, 11.5, 15.5, 13.5 ], "rotation": 90 },
										"east": { "texture": "#frame", "uv": [ 1.5, 5.0, 11.5, 7.0 ], "rotation": 90 },
										"south": { "texture": "#frame", "uv": [ 0.5, 7.0, 10.5, 9.0 ], "rotation": 90 },
										"west": { "texture": "#frame", "uv": [ 3.5, 13.5, 13.5, 15.5 ], "rotation": 90 },
										"up": { "texture": "#frame", "uv": [ 11.5, 0.5, 13.5, 2.5 ] },
										"down": { "texture": "#frame", "uv": [ 2.5, 3.5, 4.5, 5.5 ] }
									},
									"children": [
										{
											"name": "base-sideedge-1.4",
											"from": [ 0.0, 0.0, -13.0 ], 
											"to": [ 2.0, 10.0, -11.0 ], 
											"rotationOrigin": [ 0.0, 0.0, -13.0 ],
											"faces": {
												"north": { "texture": "#frame", "uv": [ 1.0, 6.0, 11.0, 8.0 ], "rotation": 90 },
												"east": { "texture": "#frame", "uv": [ 2.0, 13.0, 12.0, 15.0 ], "rotation": 90 },
												"south": { "texture": "#frame", "uv": [ 1.5, 11.5, 11.5, 13.5 ], "rotation": 90 },
												"west": { "texture": "#frame", "uv": [ 5.5, 2.0, 15.5, 4.0 ], "rotation": 90 },
												"up": { "texture": "#frame", "uv": [ 0.5, 0.0, 2.5, 2.0 ] },
												"down": { "texture": "#frame", "uv": [ 10.0, 1.0, 12.0, 3.0 ] }
											}
										}
									]
								}
							]
						}
					]
				},
				{
					"name": "base-bottomedge-1.1",
					"from": [ 1.0, 0.0, 15.0 ], 
					"to": [ 15.0, 2.0, 15.5 ], 
					"rotationOrigin": [ 1.0, 0.0, 15.0 ],
					"faces": {
						"north": { "texture": "#frame", "uv": [ 1.0, 10.0, 15.0, 12.0 ] },
						"east": { "texture": "#frame", "uv": [ 13.0, 10.5, 13.5, 12.5 ] },
						"south": { "texture": "#frame", "uv": [ 0.5, 0.0, 14.5, 2.0 ] },
						"west": { "texture": "#frame", "uv": [ 15.0, 8.5, 15.5, 10.5 ] },
						"up": { "texture": "#frame", "uv": [ 1.0, 0.0, 15.0, 0.5 ] },
						"down": { "texture": "#frame", "uv": [ 1.0, 2.5, 15.0, 3.0 ] }
					},
					"children": [
						{
							"name": "base-bottomedge-1.2",
							"from": [ 14.0, 0.0, -14.5 ], 
							"to": [ 14.5, 2.0, 0.5 ], 
							"rotationOrigin": [ 14.0, 0.0, -14.5 ],
							"faces": {
								"north": { "texture": "#frame", "uv": [ 2.5, 5.0, 3.0, 7.0 ] },
								"east": { "texture": "#frame", "uv": [ 0.5, 2.0, 15.5, 4.0 ] },
								"south": { "texture": "#frame", "uv": [ 15.0, 10.5, 15.5, 12.5 ] },
								"west": { "texture": "#frame", "uv": [ 0.5, 8.0, 15.5, 10.0 ] },
								"up": { "texture": "#frame", "uv": [ 0.0, 3.0, 15.0, 3.5 ], "rotation": 90 },
								"down": { "texture": "#frame", "uv": [ 0.0, 4.0, 15.0, 4.5 ], "rotation": 90 }
							},
							"children": [
								{
									"name": "base-bottomedge-1.3",
									"from": [ -14.5, 0.0, 0.0 ], 
									"to": [ -14.0, 2.0, 15.0 ], 
									"rotationOrigin": [ -14.5, 0.0, 0.0 ],
									"faces": {
										"north": { "texture": "#frame", "uv": [ 13.5, 6.0, 14.0, 8.0 ] },
										"east": { "texture": "#frame", "uv": [ 0.5, 8.5, 15.5, 10.5 ] },
										"south": { "texture": "#frame", "uv": [ 6.0, 1.5, 6.5, 3.5 ] },
										"west": { "texture": "#frame", "uv": [ 0.5, 5.5, 15.5, 7.5 ] },
										"up": { "texture": "#frame", "uv": [ 0.5, 2.5, 15.5, 3.0 ], "rotation": 90 },
										"down": { "texture": "#frame", "uv": [ 0.5, 4.5, 15.5, 5.0 ], "rotation": 90 }
									},
									"children": [
										{
											"name": "base-bottomedge-1.4",
											"from": [ 0.5, 0.0, 0.0 ], 
											"to": [ 14.5, 2.0, 0.5 ], 
											"rotationOrigin": [ 0.5, 0.0, 0.0 ],
											"faces": {
												"north": { "texture": "#frame", "uv": [ 1.0, 5.0, 15.0, 7.0 ] },
												"east": { "texture": "#frame", "uv": [ 2.5, 9.0, 3.0, 11.0 ] },
												"south": { "texture": "#frame", "uv": [ 0.5, 11.5, 14.5, 13.5 ] },
												"west": { "texture": "#frame", "uv": [ 1.0, 5.5, 1.5, 7.5 ] },
												"up": { "texture": "#frame", "uv": [ 1.5, 14.0, 15.5, 14.5 ] },
												"down": { "texture": "#frame", "uv": [ 1.5, 9.5, 15.5, 10.0 ] }
											}
										}
									]
								}
							]
						}
					]
				},
				{
					"name": "base-middle-1.39",
					"from": [ 2.0, 5.5, 6.0 ], 
					"to": [ 14.0, 9.5, 10.0 ], 
					"rotationOrigin": [ 2.0, -2.0, 6.0 ],
					"faces": {
						"north": { "texture": "#frame", "uv": [ 0.0, 10.0, 12.0, 14.0 ] },
						"east": { "texture": "#frame", "uv": [ 8.5, 7.0, 12.5, 11.0 ], "rotation": 180 },
						"south": { "texture": "#frame", "uv": [ 0.5, 11.0, 12.5, 15.0 ] },
						"west": { "texture": "#frame", "uv": [ 10.0, 5.0, 14.0, 9.0 ], "rotation": 180 },
						"up": { "texture": "#frame", "uv": [ 2.0, 6.0, 14.0, 10.0 ] },
						"down": { "texture": "#frame", "uv": [ 1.5, 10.5, 13.5, 14.5 ], "rotation": 180 }
					}
				},
				{
					"name": "base-topedge-1.4",
					"from": [ 1.5, 12.0, 0.5 ], 
					"to": [ 14.5, 14.0, 1.5 ], 
					"rotationOrigin": [ 1.0, 12.0, 0.5 ],
					"faces": {
						"north": { "texture": "#frame", "uv": [ 2.5, 2.5, 15.5, 4.5 ] },
						"east": { "texture": "#frame", "uv": [ 0.5, 9.0, 1.5, 11.0 ] },
						"south": { "texture": "#frame", "uv": [ 1.0, 6.0, 14.0, 8.0 ] },
						"west": { "texture": "#frame", "uv": [ 8.0, 5.0, 9.0, 7.0 ] },
						"up": { "texture": "#frame", "uv": [ 1.5, 13.5, 14.5, 14.5 ] },
						"down": { "texture": "#frame", "uv": [ 2.0, 14.0, 15.0, 15.0 ] }
					},
					"children": [
						{
							"name": "base-topedge-1.1",
							"from": [ 0.0, 0.0, 14.0 ], 
							"to": [ 13.0, 2.0, 15.0 ], 
							"rotationOrigin": [ 0.0, 0.0, 14.0 ],
							"faces": {
								"north": { "texture": "#frame", "uv": [ 2.5, 1.5, 15.5, 3.5 ] },
								"east": { "texture": "#frame", "uv": [ 7.0, 10.5, 8.0, 12.5 ] },
								"south": { "texture": "#frame", "uv": [ 2.0, 9.5, 15.0, 11.5 ] },
								"west": { "texture": "#frame", "uv": [ 1.5, 12.0, 2.5, 14.0 ] },
								"up": { "texture": "#frame", "uv": [ 2.5, 11.0, 15.5, 12.0 ] },
								"down": { "texture": "#frame", "uv": [ 2.5, 7.5, 15.5, 8.5 ] }
							}
						},
						{
							"name": "base-topedge-1.2",
							"from": [ 13.0, 0.0, 0.0 ], 
							"to": [ 14.0, 2.0, 15.0 ], 
							"rotationOrigin": [ 13.0, 0.0, 0.0 ],
							"faces": {
								"north": { "texture": "#frame", "uv": [ 5.0, 7.5, 6.0, 9.5 ] },
								"east": { "texture": "#frame", "uv": [ 0.0, 1.5, 15.0, 3.5 ] },
								"south": { "texture": "#frame", "uv": [ 3.5, 12.5, 4.5, 14.5 ] },
								"west": { "texture": "#frame", "uv": [ 0.0, 2.0, 15.0, 4.0 ] },
								"up": { "texture": "#frame", "uv": [ 0.0, 9.5, 15.0, 10.5 ], "rotation": 90 },
								"down": { "texture": "#frame", "uv": [ 0.0, 10.0, 15.0, 11.0 ], "rotation": 90 }
							}
						}
					]
				},
				{
					"name": "base-topedge-1.3",
					"from": [ 0.5, 12.0, 0.5 ], 
					"to": [ 1.5, 14.0, 15.5 ], 
					"rotationOrigin": [ 0.5, 12.0, 0.5 ],
					"faces": {
						"north": { "texture": "#frame", "uv": [ 14.5, 3.0, 15.5, 5.0 ] },
						"east": { "texture": "#frame", "uv": [ 0.5, 1.5, 15.5, 3.5 ] },
						"south": { "texture": "#frame", "uv": [ 14.5, 10.5, 15.5, 12.5 ] },
						"west": { "texture": "#frame", "uv": [ 0.0, 12.5, 15.0, 14.5 ] },
						"up": { "texture": "#frame", "uv": [ 0.0, 0.5, 15.0, 1.5 ], "rotation": 90 },
						"down": { "texture": "#frame", "uv": [ 0.5, 14.5, 15.5, 15.5 ], "rotation": 90 }
					}
				},
				{
					"name": "side-cross-1.32",
					"from": [ 13.5, 12.5, 12.25 ], 
					"to": [ 28.5, 13.5, 15.25 ], 
					"rotationOrigin": [ 13.5, 13.0, 13.75 ],
					"rotationX": -90.00003369581339,
					"rotationY": -44.9999868892999,
					"rotationZ": -179.99995872401405,
					"faces": {
						"north": { "texture": "#frame", "uv": [ 14.0, 0.0, 15.0, 15.0 ], "rotation": 90 },
						"east": { "texture": "#frame", "uv": [ 13.5, 1.0, 14.5, 4.0 ], "rotation": 90 },
						"south": { "texture": "#frame", "uv": [ 11.0, 0.0, 12.0, 15.0 ], "rotation": 90 },
						"west": { "texture": "#frame", "uv": [ 5.0, 11.5, 6.0, 14.5 ], "rotation": 90 },
						"up": { "texture": "#frame", "uv": [ 0.5, 9.0, 15.5, 12.0 ] },
						"down": { "texture": "#frame", "uv": [ 0.5, 0.5, 15.5, 3.5 ] }
					},
					"children": [
						{
							"name": "side-cross-1.33",
							"from": [ 7.7777, 0.5051, 7.7727 ], 
							"to": [ 22.7777, 1.5051, 10.7727 ], 
							"rotationOrigin": [ 7.7782, 1.0, 9.2782 ],
							"rotationX": 95.5326136098733,
							"rotationY": 89.97201860485777,
							"rotationZ": -95.53261310196109,
							"faces": {
								"north": { "texture": "#frame", "uv": [ 3.0, 0.5, 4.0, 15.5 ], "rotation": 90 },
								"east": { "texture": "#frame", "uv": [ 6.5, 0.0, 7.5, 3.0 ], "rotation": 90 },
								"south": { "texture": "#frame", "uv": [ 2.5, 0.5, 3.5, 15.5 ], "rotation": 90 },
								"west": { "texture": "#frame", "uv": [ 12.5, 2.0, 13.5, 5.0 ], "rotation": 90 },
								"up": { "texture": "#frame", "uv": [ 0.0, 6.0, 15.0, 9.0 ] },
								"down": { "texture": "#frame", "uv": [ 0.0, 5.5, 15.0, 8.5 ] }
							}
						}
					]
				},
				{
					"name": "side-cross-1.29",
					"from": [ 2.5, 12.5, 0.75 ], 
					"to": [ 17.5, 13.5, 3.75 ], 
					"rotationOrigin": [ 2.5, 13.0, 2.25 ],
					"rotationX": -89.99995159138756,
					"rotationY": 44.99998205962819,
					"rotationZ": 1.931868670018925E-5,
					"faces": {
						"north": { "texture": "#frame", "uv": [ 2.5, 0.5, 3.5, 15.5 ], "rotation": 90 },
						"east": { "texture": "#frame", "uv": [ 1.5, 6.5, 2.5, 9.5 ], "rotation": 90 },
						"south": { "texture": "#frame", "uv": [ 10.0, 0.0, 11.0, 15.0 ], "rotation": 90 },
						"west": { "texture": "#frame", "uv": [ 3.0, 7.5, 4.0, 10.5 ], "rotation": 90 },
						"up": { "texture": "#frame", "uv": [ 0.0, 10.5, 15.0, 13.5 ] },
						"down": { "texture": "#frame", "uv": [ 0.0, 7.0, 15.0, 10.0 ] }
					},
					"children": [
						{
							"name": "side-cross-1.30",
							"from": [ 7.7777, 0.5051, 7.7727 ], 
							"to": [ 22.7777, 1.5051, 10.7727 ], 
							"rotationOrigin": [ 7.7782, 1.0, 9.2782 ],
							"rotationX": 95.5326136098733,
							"rotationY": 89.97201860485777,
							"rotationZ": -95.53261411778558,
							"faces": {
								"north": { "texture": "#frame", "uv": [ 2.5, 0.0, 3.5, 15.0 ], "rotation": 90 },
								"east": { "texture": "#frame", "uv": [ 1.0, 6.0, 2.0, 9.0 ], "rotation": 90 },
								"south": { "texture": "#frame", "uv": [ 0.5, 0.5, 1.5, 15.5 ], "rotation": 90 },
								"west": { "texture": "#frame", "uv": [ 4.0, 5.5, 5.0, 8.5 ], "rotation": 90 },
								"up": { "texture": "#frame", "uv": [ 0.5, 0.5, 15.5, 3.5 ] },
								"down": { "texture": "#frame", "uv": [ 0.5, 4.5, 15.5, 7.5 ] }
							}
						}
					]
				},
				{
					"name": "side-cross-1.36",
					"from": [ 2.25, 12.5, 12.0 ], 
					"to": [ 17.25, 13.5, 15.0 ], 
					"rotationOrigin": [ 2.25, 13.0, 13.5 ],
					"rotationX": -134.99998292831336,
					"rotationY": 3.244339677621784E-5,
					"rotationZ": 90.00004969995359,
					"faces": {
						"north": { "texture": "#frame", "uv": [ 0.0, 0.0, 1.0, 15.0 ], "rotation": 90 },
						"east": { "texture": "#frame", "uv": [ 4.5, 12.0, 5.5, 15.0 ], "rotation": 90 },
						"south": { "texture": "#frame", "uv": [ 5.0, 0.5, 6.0, 15.5 ], "rotation": 90 },
						"west": { "texture": "#frame", "uv": [ 0.0, 8.0, 1.0, 11.0 ], "rotation": 90 },
						"up": { "texture": "#frame", "uv": [ 0.0, 8.5, 15.0, 11.5 ] },
						"down": { "texture": "#frame", "uv": [ 0.5, 3.5, 15.5, 6.5 ] }
					},
					"children": [
						{
							"name": "side-cross-1.37",
							"from": [ 7.7777, 0.5051, 7.7727 ], 
							"to": [ 22.7777, 1.5051, 10.7727 ], 
							"rotationOrigin": [ 7.7782, 1.0, 9.2782 ],
							"rotationX": 95.5326136098733,
							"rotationY": 89.97201860485777,
							"rotationZ": -95.5326136098733,
							"faces": {
								"north": { "texture": "#frame", "uv": [ 3.5, 0.0, 4.5, 15.0 ], "rotation": 90 },
								"east": { "texture": "#frame", "uv": [ 7.0, 10.5, 8.0, 13.5 ], "rotation": 90 },
								"south": { "texture": "#frame", "uv": [ 1.0, 0.0, 2.0, 15.0 ], "rotation": 90 },
								"west": { "texture": "#frame", "uv": [ 14.5, 4.0, 15.5, 7.0 ], "rotation": 90 },
								"up": { "texture": "#frame", "uv": [ 0.5, 10.0, 15.5, 13.0 ] },
								"down": { "texture": "#frame", "uv": [ 0.5, 5.5, 15.5, 8.5 ] }
							}
						}
					]
				},
				{
					"name": "side-cross-1.40",
					"from": [ 13.75, 12.5, 1.0 ], 
					"to": [ 28.75, 13.5, 4.0 ], 
					"rotationOrigin": [ 13.75, 13.0, 2.5 ],
					"rotationX": -45.000009603401715,
					"rotationY": -3.585849117371488E-5,
					"rotationZ": -89.9999472471184,
					"faces": {
						"north": { "texture": "#frame", "uv": [ 9.0, 0.0, 10.0, 15.0 ], "rotation": 90 },
						"east": { "texture": "#frame", "uv": [ 5.0, 3.5, 6.0, 6.5 ], "rotation": 90 },
						"south": { "texture": "#frame", "uv": [ 14.0, 0.0, 15.0, 15.0 ], "rotation": 90 },
						"west": { "texture": "#frame", "uv": [ 3.5, 8.0, 4.5, 11.0 ], "rotation": 90 },
						"up": { "texture": "#frame", "uv": [ 0.5, 1.0, 15.5, 4.0 ] },
						"down": { "texture": "#frame", "uv": [ 0.5, 8.5, 15.5, 11.5 ] }
					},
					"children": [
						{
							"name": "side-cross-1.41",
							"from": [ 7.7777, 0.5051, 7.7727 ], 
							"to": [ 22.7777, 1.5051, 10.7727 ], 
							"rotationOrigin": [ 7.7782, 1.0, 9.2782 ],
							"rotationX": 95.5326136098733,
							"rotationY": 89.97201860485777,
							"rotationZ": -95.53261310196109,
							"faces": {
								"north": { "texture": "#frame", "uv": [ 8.5, 0.0, 9.5, 15.0 ], "rotation": 90 },
								"east": { "texture": "#frame", "uv": [ 7.0, 12.5, 8.0, 15.5 ], "rotation": 90 },
								"south": { "texture": "#frame", "uv": [ 10.5, 0.5, 11.5, 15.5 ], "rotation": 90 },
								"west": { "texture": "#frame", "uv": [ 14.5, 8.0, 15.5, 11.0 ], "rotation": 90 },
								"up": { "texture": "#frame", "uv": [ 0.5, 3.0, 15.5, 6.0 ] },
								"down": { "texture": "#frame", "uv": [ 0.5, 10.0, 15.5, 13.0 ] }
							}
						}
					]
				},
				{
					"name": "base-middle-1.40",
					"from": [ 2.0, 9.6967, -0.1317 ], 
					"to": [ 14.0, 13.6967, 3.8683 ], 
					"rotationOrigin": [ 2.0, 2.1967, -0.1317 ],
					"rotationX": 44.999992699547086,
					"faces": {
						"north": { "texture": "#frame", "uv": [ 2.0, 1.5, 14.0, 5.5 ] },
						"east": { "texture": "#frame", "uv": [ 7.5, 8.5, 11.5, 12.5 ], "rotation": 180 },
						"south": { "texture": "#frame", "uv": [ 0.5, 0.0, 12.5, 4.0 ] },
						"west": { "texture": "#frame", "uv": [ 8.5, 10.5, 12.5, 14.5 ], "rotation": 180 },
						"up": { "texture": "#frame", "uv": [ 3.0, 10.5, 15.0, 14.5 ] },
						"down": { "texture": "#frame", "uv": [ 0.0, 1.0, 12.0, 5.0 ], "rotation": 180 }
					},
					"children": [
						{
							"name": "base-middle-1.44",
							"from": [ -3.1317, 1.5074, 2.4926 ], 
							"to": [ 9.3683, 5.5074, 6.4926 ], 
							"rotationOrigin": [ -2.1317, -5.9926, 2.4926 ],
							"rotationX": 135.000026738608,
							"rotationY": 45.00000620799082,
							"rotationZ": -89.99998056941884,
							"faces": {
								"north": { "texture": "#frame", "uv": [ 0.5, 8.0, 13.0, 12.0 ] },
								"east": { "texture": "#frame", "uv": [ 6.5, 11.5, 10.5, 15.5 ], "rotation": 180 },
								"south": { "texture": "#frame", "uv": [ 0.0, 5.5, 12.5, 9.5 ] },
								"west": { "texture": "#frame", "uv": [ 4.0, 9.5, 8.0, 13.5 ], "rotation": 180 },
								"up": { "texture": "#frame", "uv": [ 1.0, 7.0, 13.5, 11.0 ] },
								"down": { "texture": "#frame", "uv": [ 0.0, 10.0, 12.5, 14.0 ], "rotation": 180 }
							}
						},
						{
							"name": "base-middle-1.42",
							"from": [ -2.1317, 9.9926, 9.9926 ], 
							"to": [ 9.8683, 13.9926, 13.9926 ], 
							"rotationOrigin": [ -2.1317, 2.4926, 9.9926 ],
							"rotationX": 44.999987283934956,
							"rotationY": 45.00000620799082,
							"rotationZ": -89.99998056941884,
							"faces": {
								"north": { "texture": "#frame", "uv": [ 2.5, 11.5, 14.5, 15.5 ] },
								"east": { "texture": "#frame", "uv": [ 2.5, 7.5, 6.5, 11.5 ], "rotation": 180 },
								"south": { "texture": "#frame", "uv": [ 3.5, 10.5, 15.5, 14.5 ] },
								"west": { "texture": "#frame", "uv": [ 2.0, 0.5, 6.0, 4.5 ], "rotation": 180 },
								"up": { "texture": "#frame", "uv": [ 1.5, 6.5, 13.5, 10.5 ] },
								"down": { "texture": "#frame", "uv": [ 0.5, 3.5, 12.5, 7.5 ], "rotation": 180 }
							}
						}
					]
				},
				{
					"name": "Cube45",
					"from": [ 1.5, 1.0, 1.0 ], 
					"to": [ 3.5, 3.0, 2.0 ], 
					"rotationOrigin": [ 1.0, 1.0, 1.0 ],
					"faces": {
						"north": { "texture": "#frame", "uv": [ 12.5, 9.5, 14.5, 11.5 ] },
						"east": { "texture": "#frame", "uv": [ 3.0, 13.5, 4.0, 15.5 ] },
						"south": { "texture": "#frame", "uv": [ 11.5, 7.0, 13.5, 9.0 ] },
						"west": { "texture": "#frame", "uv": [ 12.0, 8.5, 13.0, 10.5 ] },
						"up": { "texture": "#frame", "uv": [ 2.0, 10.5, 4.0, 11.5 ] },
						"down": { "texture": "#frame", "uv": [ 7.5, 5.5, 9.5, 6.5 ] }
					},
					"children": [
						{
							"name": "Cube46",
							"from": [ 11.0, 0.0, 0.0 ], 
							"to": [ 13.0, 2.0, 1.0 ], 
							"rotationOrigin": [ 10.5, 0.0, 0.0 ],
							"faces": {
								"north": { "texture": "#frame", "uv": [ 9.5, 3.5, 11.5, 5.5 ] },
								"east": { "texture": "#frame", "uv": [ 3.5, 3.0, 4.5, 5.0 ] },
								"south": { "texture": "#frame", "uv": [ 8.0, 1.0, 10.0, 3.0 ] },
								"west": { "texture": "#frame", "uv": [ 4.5, 6.0, 5.5, 8.0 ] },
								"up": { "texture": "#frame", "uv": [ 7.0, 1.0, 9.0, 2.0 ] },
								"down": { "texture": "#frame", "uv": [ 9.0, 4.5, 11.0, 5.5 ] }
							}
						},
						{
							"name": "Cube47",
							"from": [ 0.0, 0.0, 13.0 ], 
							"to": [ 2.0, 2.0, 14.0 ], 
							"rotationOrigin": [ -0.5, 0.0, 13.0 ],
							"faces": {
								"north": { "texture": "#frame", "uv": [ 4.0, 10.0, 6.0, 12.0 ] },
								"east": { "texture": "#frame", "uv": [ 7.5, 4.0, 8.5, 6.0 ] },
								"south": { "texture": "#frame", "uv": [ 1.0, 2.5, 3.0, 4.5 ] },
								"west": { "texture": "#frame", "uv": [ 1.0, 7.5, 2.0, 9.5 ] },
								"up": { "texture": "#frame", "uv": [ 2.5, 14.5, 4.5, 15.5 ] },
								"down": { "texture": "#frame", "uv": [ 9.5, 3.5, 11.5, 4.5 ] }
							},
							"children": [
								{
									"name": "Cube48",
									"from": [ 11.0, 0.0, 0.0 ], 
									"to": [ 13.0, 2.0, 1.0 ], 
									"rotationOrigin": [ 10.5, 0.0, 0.0 ],
									"faces": {
										"north": { "texture": "#frame", "uv": [ 8.0, 3.5, 10.0, 5.5 ] },
										"east": { "texture": "#frame", "uv": [ 11.5, 1.0, 12.5, 3.0 ] },
										"south": { "texture": "#frame", "uv": [ 7.0, 6.0, 9.0, 8.0 ] },
										"west": { "texture": "#frame", "uv": [ 6.5, 13.0, 7.5, 15.0 ] },
										"up": { "texture": "#frame", "uv": [ 10.0, 13.5, 12.0, 14.5 ] },
										"down": { "texture": "#frame", "uv": [ 11.5, 8.0, 13.5, 9.0 ] }
									}
								}
							]
						}
					]
				},
				{
					"name": "Cube49",
					"from": [ 1.5003, 1.0, 14.9993 ], 
					"to": [ 3.5003, 3.0, 15.9993 ], 
					"rotationOrigin": [ 1.0, 1.0, 15.0 ],
					"rotationY": 89.9802127184967,
					"faces": {
						"north": { "texture": "#frame", "uv": [ 0.5, 11.5, 2.5, 13.5 ] },
						"east": { "texture": "#frame", "uv": [ 12.0, 3.0, 13.0, 5.0 ] },
						"south": { "texture": "#frame", "uv": [ 3.0, 8.5, 5.0, 10.5 ] },
						"west": { "texture": "#frame", "uv": [ 10.0, 5.5, 11.0, 7.5 ] },
						"up": { "texture": "#frame", "uv": [ 8.0, 9.0, 10.0, 10.0 ] },
						"down": { "texture": "#frame", "uv": [ 10.0, 6.5, 12.0, 7.5 ] }
					},
					"children": [
						{
							"name": "Cube50",
							"from": [ 11.0, 0.0, 0.0 ], 
							"to": [ 13.0, 2.0, 1.0 ], 
							"rotationOrigin": [ 10.5, 0.0, 0.0 ],
							"faces": {
								"north": { "texture": "#frame", "uv": [ 3.5, 7.0, 5.5, 9.0 ] },
								"east": { "texture": "#frame", "uv": [ 8.0, 11.5, 9.0, 13.5 ] },
								"south": { "texture": "#frame", "uv": [ 3.0, 1.0, 5.0, 3.0 ] },
								"west": { "texture": "#frame", "uv": [ 13.0, 7.0, 14.0, 9.0 ] },
								"up": { "texture": "#frame", "uv": [ 3.0, 5.5, 5.0, 6.5 ] },
								"down": { "texture": "#frame", "uv": [ 2.5, 5.0, 4.5, 6.0 ] }
							}
						},
						{
							"name": "Cube51",
							"from": [ 0.0, 0.0, 13.0 ], 
							"to": [ 2.0, 2.0, 14.0 ], 
							"rotationOrigin": [ -0.5, 0.0, 13.0 ],
							"faces": {
								"north": { "texture": "#frame", "uv": [ 0.0, 8.5, 2.0, 10.5 ] },
								"east": { "texture": "#frame", "uv": [ 8.5, 0.5, 9.5, 2.5 ] },
								"south": { "texture": "#frame", "uv": [ 8.0, 4.0, 10.0, 6.0 ] },
								"west": { "texture": "#frame", "uv": [ 3.0, 6.5, 4.0, 8.5 ] },
								"up": { "texture": "#frame", "uv": [ 10.5, 5.0, 12.5, 6.0 ] },
								"down": { "texture": "#frame", "uv": [ 11.5, 0.0, 13.5, 1.0 ] }
							},
							"children": [
								{
									"name": "Cube52",
									"from": [ 11.0, 0.0, 0.0 ], 
									"to": [ 13.0, 2.0, 1.0 ], 
									"rotationOrigin": [ 10.5, 0.0, 0.0 ],
									"faces": {
										"north": { "texture": "#frame", "uv": [ 9.5, 0.0, 11.5, 2.0 ] },
										"east": { "texture": "#frame", "uv": [ 9.5, 7.0, 10.5, 9.0 ] },
										"south": { "texture": "#frame", "uv": [ 5.0, 7.0, 7.0, 9.0 ] },
										"west": { "texture": "#frame", "uv": [ 5.0, 11.0, 6.0, 13.0 ] },
										"up": { "texture": "#frame", "uv": [ 5.5, 6.5, 7.5, 7.5 ] },
										"down": { "texture": "#frame", "uv": [ 3.0, 7.0, 5.0, 8.0 ] }
									}
								}
							]
						}
					]
				},
				{
					"name": "_top",
					"from": [ 0.0, 0.0, 0.0 ], 
					"to": [ 0.0, 0.0, 0.0 ], 
					"faces": {
						"north": { "texture": "#frame", "uv": [ 1.0, 10.0, 1.5, 10.5 ] },
						"east": { "texture": "#frame", "uv": [ 3.5, 0.5, 4.0, 1.0 ] },
						"south": { "texture": "#frame", "uv": [ 2.0, 5.0, 2.5, 5.5 ] },
						"west": { "texture": "#frame", "uv": [ 0.0, 9.5, 0.5, 10.0 ] },
						"up": { "texture": "#frame", "uv": [ 3.0, 7.5, 3.5, 8.0 ] },
						"down": { "texture": "#frame", "uv": [ 1.0, 1.5, 1.5, 2.0 ] }
					},
					"children": [
						{
							"name": "top-cross-1.2",
							"from": [ 2.5, 12.75, 12.0 ], 
							"to": [ 17.5, 13.75, 15.0 ], 
							"rotationOrigin": [ 2.5, 13.0, 13.5 ],
							"rotationX": 8.577103921079593E-6,
							"rotationY": 44.99999171897202,
							"rotationZ": 1.969363900986129E-5,
							"faces": {
								"north": { "texture": "#frame", "uv": [ 8.0, 0.0, 9.0, 15.0 ], "rotation": 90 },
								"east": { "texture": "#frame", "uv": [ 5.0, 8.5, 6.0, 11.5 ], "rotation": 90 },
								"south": { "texture": "#frame", "uv": [ 0.5, 0.5, 1.5, 15.5 ], "rotation": 90 },
								"west": { "texture": "#frame", "uv": [ 14.0, 3.5, 15.0, 6.5 ], "rotation": 90 },
								"up": { "texture": "#frame", "uv": [ 0.0, 5.0, 15.0, 8.0 ] },
								"down": { "texture": "#frame", "uv": [ 0.0, 2.0, 15.0, 5.0 ] }
							}
						},
						{
							"name": "top-cross-1.1",
							"from": [ 13.5, 13.0, 12.0 ], 
							"to": [ 28.5, 14.0, 15.0 ], 
							"rotationOrigin": [ 13.5, 13.5, 13.5 ],
							"rotationX": 179.99994048433643,
							"rotationY": 44.99999171897202,
							"rotationZ": -179.99995414471172,
							"faces": {
								"north": { "texture": "#frame", "uv": [ 9.5, 0.0, 10.5, 15.0 ], "rotation": 90 },
								"east": { "texture": "#frame", "uv": [ 14.5, 2.0, 15.5, 5.0 ], "rotation": 90 },
								"south": { "texture": "#frame", "uv": [ 6.5, 0.0, 7.5, 15.0 ], "rotation": 90 },
								"west": { "texture": "#frame", "uv": [ 7.5, 2.5, 8.5, 5.5 ], "rotation": 90 },
								"up": { "texture": "#frame", "uv": [ 0.0, 12.5, 15.0, 15.5 ] },
								"down": { "texture": "#frame", "uv": [ 0.0, 1.5, 15.0, 4.5 ] }
							}
						},
						{
							"name": "top-stud-1.1",
							"from": [ 1.0, 12.5, 1.0 ], 
							"to": [ 4.0, 14.5, 4.0 ], 
							"rotationOrigin": [ 1.0, 13.0, 2.5 ],
							"rotationX": 7.121309783445999E-6,
							"faces": {
								"north": { "texture": "#frame", "uv": [ 0.0, 8.0, 2.0, 11.0 ], "rotation": 90 },
								"east": { "texture": "#frame", "uv": [ 7.0, 0.0, 9.0, 3.0 ], "rotation": 90 },
								"south": { "texture": "#frame", "uv": [ 13.5, 12.0, 15.5, 15.0 ], "rotation": 90 },
								"west": { "texture": "#frame", "uv": [ 4.0, 8.5, 6.0, 11.5 ], "rotation": 90 },
								"up": { "texture": "#frame", "uv": [ 3.5, 5.0, 6.5, 8.0 ] },
								"down": { "texture": "#frame", "uv": [ 5.0, 0.0, 8.0, 3.0 ] }
							},
							"children": [
								{
									"name": "top-stud-1.2",
									"from": [ 0.0, 0.0, 11.0 ], 
									"to": [ 3.0, 2.0, 14.0 ], 
									"rotationOrigin": [ 0.0, 0.5, 12.5 ],
									"faces": {
										"north": { "texture": "#frame", "uv": [ 0.0, 5.5, 2.0, 8.5 ], "rotation": 90 },
										"east": { "texture": "#frame", "uv": [ 4.5, 4.0, 6.5, 7.0 ], "rotation": 90 },
										"south": { "texture": "#frame", "uv": [ 2.0, 6.0, 4.0, 9.0 ], "rotation": 90 },
										"west": { "texture": "#frame", "uv": [ 5.0, 0.5, 7.0, 3.5 ], "rotation": 90 },
										"up": { "texture": "#frame", "uv": [ 3.5, 6.5, 6.5, 9.5 ] },
										"down": { "texture": "#frame", "uv": [ 2.5, 0.5, 5.5, 3.5 ] }
									},
									"children": [
										{
											"name": "top-stud-1.3",
											"from": [ 11.0, 0.0, -11.0 ], 
											"to": [ 14.0, 2.0, -8.0 ], 
											"rotationOrigin": [ 11.0, 0.5, -9.5 ],
											"faces": {
												"north": { "texture": "#frame", "uv": [ 3.0, 3.5, 5.0, 6.5 ], "rotation": 90 },
												"east": { "texture": "#frame", "uv": [ 7.0, 4.0, 9.0, 7.0 ], "rotation": 90 },
												"south": { "texture": "#frame", "uv": [ 12.5, 5.5, 14.5, 8.5 ], "rotation": 90 },
												"west": { "texture": "#frame", "uv": [ 3.0, 7.0, 5.0, 10.0 ], "rotation": 90 },
												"up": { "texture": "#frame", "uv": [ 3.0, 7.5, 6.0, 10.5 ] },
												"down": { "texture": "#frame", "uv": [ 3.5, 6.5, 6.5, 9.5 ] }
											},
											"children": [
												{
													"name": "top-stud-1.4",
													"from": [ 0.0, 0.0, 11.0 ], 
													"to": [ 3.0, 2.0, 14.0 ], 
													"rotationOrigin": [ 0.0, 0.5, 12.5 ],
													"faces": {
														"north": { "texture": "#frame", "uv": [ 10.0, 0.0, 12.0, 3.0 ], "rotation": 90 },
														"east": { "texture": "#frame", "uv": [ 5.0, 0.5, 7.0, 3.5 ], "rotation": 90 },
														"south": { "texture": "#frame", "uv": [ 3.0, 3.0, 5.0, 6.0 ], "rotation": 90 },
														"west": { "texture": "#frame", "uv": [ 9.5, 11.0, 11.5, 14.0 ], "rotation": 90 },
														"up": { "texture": "#frame", "uv": [ 3.0, 11.5, 6.0, 14.5 ] },
														"down": { "texture": "#frame", "uv": [ 12.5, 5.5, 15.5, 8.5 ] }
													}
												}
											]
										}
									]
								}
							]
						}
					]
				}
			]
		},
		{
			"name": "_ball",
			"from": [ 5.0, 2.0, 5.0 ], 
			"to": [ 5.0, 2.0, 5.0 ], 
			"renderInEditor": false,
			"rotationOrigin": [ 5.0, 2.0, 5.0 ],
			"faces": {
				"north": { "texture": "#default", "uv": [ 0.0, 0.0, 0.5, 0.5 ], "enabled": false },
				"east": { "texture": "#default", "uv": [ 0.0, 0.0, 0.5, 0.5 ], "enabled": false },
				"south": { "texture": "#default", "uv": [ 0.0, 0.0, 0.5, 0.5 ], "enabled": false },
				"west": { "texture": "#default", "uv": [ 0.0, 0.0, 0.5, 0.5 ], "enabled": false },
				"up": { "texture": "#default", "uv": [ 0.0, 0.0, 0.5, 0.5 ], "enabled": false },
				"down": { "texture": "#default", "uv": [ 0.0, 0.0, 0.5, 0.5 ], "enabled": false }
			},
			"children": [
				{
					"name": "Cube1",
					"from": [ 0.0, 0.0, 0.0 ], 
					"to": [ 6.0, 6.0, 6.0 ], 
					"faces": {
						"north": { "texture": "#frame", "uv": [ 4.5, 1.5, 10.5, 7.5 ] },
						"east": { "texture": "#frame", "uv": [ 7.5, 1.0, 13.5, 7.0 ] },
						"south": { "texture": "#frame", "uv": [ 4.5, 7.5, 10.5, 13.5 ] },
						"west": { "texture": "#frame", "uv": [ 1.5, 3.5, 7.5, 9.5 ] },
						"up": { "texture": "#frame", "uv": [ 2.0, 6.0, 8.0, 12.0 ] },
						"down": { "texture": "#frame", "uv": [ 7.5, 2.0, 13.5, 8.0 ] }
					},
					"children": [
						{
							"name": "Cube2",
							"from": [ -0.5, 0.5, 0.5 ], 
							"to": [ 6.5, 5.5, 5.5 ], 
							"rotationOrigin": [ -1.0, 0.0, 0.0 ],
							"faces": {
								"north": { "texture": "#frame", "uv": [ 5.5, 8.0, 12.5, 13.0 ] },
								"east": { "texture": "#frame", "uv": [ 5.5, 2.0, 10.5, 7.0 ] },
								"south": { "texture": "#frame", "uv": [ 6.5, 2.5, 13.5, 7.5 ] },
								"west": { "texture": "#frame", "uv": [ 3.5, 4.5, 8.5, 9.5 ] },
								"up": { "texture": "#frame", "uv": [ 3.5, 7.0, 10.5, 12.0 ] },
								"down": { "texture": "#frame", "uv": [ 1.5, 8.5, 8.5, 13.5 ] }
							}
						},
						{
							"name": "Cube3",
							"from": [ 0.5, -0.5, 0.5 ], 
							"to": [ 5.5, 6.5, 5.5 ], 
							"rotationOrigin": [ 0.0, -1.0, 0.0 ],
							"faces": {
								"north": { "texture": "#frame", "uv": [ 3.5, 6.0, 8.5, 13.0 ] },
								"east": { "texture": "#frame", "uv": [ 1.0, 2.0, 6.0, 9.0 ] },
								"south": { "texture": "#frame", "uv": [ 9.0, 5.0, 14.0, 12.0 ] },
								"west": { "texture": "#frame", "uv": [ 6.5, 4.5, 11.5, 11.5 ] },
								"up": { "texture": "#frame", "uv": [ 2.0, 7.5, 7.0, 12.5 ] },
								"down": { "texture": "#frame", "uv": [ 2.0, 3.0, 7.0, 8.0 ] }
							}
						},
						{
							"name": "Cube4",
							"from": [ 0.5, 0.5, -0.5 ], 
							"to": [ 5.5, 5.5, 6.5 ], 
							"rotationOrigin": [ -1.0, -1.0, -1.0 ],
							"faces": {
								"north": { "texture": "#frame", "uv": [ 6.0, 8.0, 11.0, 13.0 ] },
								"east": { "texture": "#frame", "uv": [ 0.0, 0.0, 7.0, 5.0 ] },
								"south": { "texture": "#frame", "uv": [ 4.0, 0.5, 9.0, 5.5 ] },
								"west": { "texture": "#frame", "uv": [ 3.5, 7.0, 10.5, 12.0 ] },
								"up": { "texture": "#frame", "uv": [ 3.0, 5.5, 8.0, 12.5 ] },
								"down": { "texture": "#frame", "uv": [ 9.0, 1.5, 14.0, 8.5 ] }
							}
						}
					]
				}
			]
		},
		{
			"name": "_main-color1",
			"from": [ 0.0, 0.5, -6.0 ], 
			"to": [ 0.0, 0.5, -6.0 ], 
			"rotationOrigin": [ 0.0, 0.0, -6.0 ],
			"faces": {
				"north": { "texture": "#default", "uv": [ 10.5, 11.0, 11.0, 11.5 ] },
				"east": { "texture": "#default", "uv": [ 5.5, 14.5, 6.0, 15.0 ] },
				"south": { "texture": "#default", "uv": [ 2.0, 12.5, 2.5, 13.0 ] },
				"west": { "texture": "#default", "uv": [ 6.5, 12.0, 7.0, 12.5 ] },
				"up": { "texture": "#default", "uv": [ 0.5, 0.0, 1.0, 0.5 ] },
				"down": { "texture": "#default", "uv": [ 10.5, 3.0, 11.0, 3.5 ] }
			},
			"children": [
				{
					"name": "middle-button-1",
					"from": [ 6.5, 5.5, 6.75 ], 
					"to": [ 9.5, 8.5, 21.25 ], 
					"rotationOrigin": [ 8.0, 7.0, 11.0 ],
					"rotationZ": -44.99999632180179,
					"faces": {
						"north": { "texture": "#cloth", "uv": [ 2.0, 3.0, 5.0, 6.0 ] },
						"east": { "texture": "#cloth", "uv": [ 1.0, 8.5, 15.5, 11.5 ] },
						"south": { "texture": "#cloth", "uv": [ 3.0, 11.0, 6.0, 14.0 ] },
						"west": { "texture": "#cloth", "uv": [ 0.0, 11.0, 14.5, 14.0 ] },
						"up": { "texture": "#cloth", "uv": [ 8.0, 1.0, 11.0, 15.5 ] },
						"down": { "texture": "#cloth", "uv": [ 5.0, 0.5, 8.0, 15.0 ] }
					},
					"children": [
						{
							"name": "middle-button-2",
							"from": [ 0.0, 0.0, 0.1 ], 
							"to": [ 3.0, 3.0, 14.4 ], 
							"rotationOrigin": [ 1.5, 1.5, 4.25 ],
							"rotationZ": 45.00000115147458,
							"faces": {
								"north": { "texture": "#cloth", "uv": [ 3.5, 9.0, 6.5, 12.0 ] },
								"east": { "texture": "#cloth", "uv": [ 0.0, 8.0, 14.0, 11.0 ] },
								"south": { "texture": "#cloth", "uv": [ 6.5, 3.0, 9.5, 6.0 ] },
								"west": { "texture": "#cloth", "uv": [ 0.0, 11.5, 14.0, 14.5 ] },
								"up": { "texture": "#cloth", "uv": [ 8.0, 1.0, 11.0, 15.0 ] },
								"down": { "texture": "#cloth", "uv": [ 10.0, 1.5, 13.0, 15.5 ] }
							},
							"children": [
								{
									"name": "middle-button-63",
									"from": [ -2.9968, 2.0E-4, 2.905 ], 
									"to": [ 0.0032, 3.0002, 17.405 ], 
									"rotationOrigin": [ -1.4972, 1.5, 7.1559 ],
									"rotationX": 0.01748101494671735,
									"rotationY": 89.97201860485777,
									"rotationZ": -45.01482946685585,
									"faces": {
										"north": { "texture": "#cloth", "uv": [ 1.5, 1.0, 4.5, 4.0 ] },
										"east": { "texture": "#cloth", "uv": [ 1.0, 10.0, 15.5, 13.0 ] },
										"south": { "texture": "#cloth", "uv": [ 1.0, 1.0, 4.0, 4.0 ] },
										"west": { "texture": "#cloth", "uv": [ 1.0, 6.0, 15.5, 9.0 ] },
										"up": { "texture": "#cloth", "uv": [ 5.5, 0.5, 8.5, 15.0 ] },
										"down": { "texture": "#cloth", "uv": [ 9.5, 1.0, 12.5, 15.5 ] }
									},
									"children": [
										{
											"name": "middle-button-64",
											"from": [ 0.0, 0.0, 0.1 ], 
											"to": [ 3.0, 3.0, 14.4 ], 
											"rotationOrigin": [ 1.5, 1.5, 4.25 ],
											"rotationZ": 45.00000115147458,
											"faces": {
												"north": { "texture": "#cloth", "uv": [ 0.0, 1.5, 3.0, 4.5 ] },
												"east": { "texture": "#cloth", "uv": [ 1.0, 7.0, 15.0, 10.0 ] },
												"south": { "texture": "#cloth", "uv": [ 7.5, 2.0, 10.5, 5.0 ] },
												"west": { "texture": "#cloth", "uv": [ 0.5, 12.0, 14.5, 15.0 ] },
												"up": { "texture": "#cloth", "uv": [ 12.5, 0.5, 15.5, 14.5 ] },
												"down": { "texture": "#cloth", "uv": [ 3.0, 1.0, 6.0, 15.0 ] }
											},
											"children": [
												{
													"name": "middle-button-68",
													"from": [ 0.007, 2.4999, 2.9081 ], 
													"to": [ 3.007, 5.4999, 16.4081 ], 
													"rotationOrigin": [ 1.507, 3.9999, 7.1581 ],
													"rotationX": 89.99999505843996,
													"rotationY": 6.061792555669251E-4,
													"rotationZ": 44.9720131974962,
													"faces": {
														"north": { "texture": "#cloth", "uv": [ 2.5, 10.0, 5.5, 13.0 ] },
														"east": { "texture": "#cloth", "uv": [ 1.0, 12.0, 14.5, 15.0 ] },
														"south": { "texture": "#cloth", "uv": [ 4.5, 0.5, 7.5, 3.5 ] },
														"west": { "texture": "#cloth", "uv": [ 0.0, 11.0, 13.5, 14.0 ] },
														"up": { "texture": "#cloth", "uv": [ 11.0, 2.0, 14.0, 15.5 ] },
														"down": { "texture": "#cloth", "uv": [ 0.5, 1.0, 3.5, 14.5 ] }
													},
													"children": [
														{
															"name": "middle-button-69",
															"from": [ 0.0, 0.0, 0.1 ], 
															"to": [ 3.0, 3.0, 13.4 ], 
															"rotationOrigin": [ 1.5, 1.5, 4.25 ],
															"rotationZ": 45.00000115147458,
															"faces": {
																"north": { "texture": "#cloth", "uv": [ 6.5, 2.0, 9.5, 5.0 ] },
																"east": { "texture": "#cloth", "uv": [ 2.0, 2.5, 15.0, 5.5 ] },
																"south": { "texture": "#cloth", "uv": [ 1.5, 3.0, 4.5, 6.0 ] },
																"west": { "texture": "#cloth", "uv": [ 0.5, 2.5, 13.5, 5.5 ] },
																"up": { "texture": "#cloth", "uv": [ 3.0, 0.0, 6.0, 13.0 ] },
																"down": { "texture": "#cloth", "uv": [ 5.0, 1.0, 8.0, 14.0 ] }
															}
														}
													]
												}
											]
										}
									]
								}
							]
						}
					]
				}
			]
		}
	]}