{
	"editor": {
		"allAngles": true,
		"entityTextureMode": false
	},
	"textureWidth": 16,
	"textureHeight": 16,
	"textureSizes": {
	},
	"textures": {
	},
	"elements": [
		{
			"name": "origin",
			"from": [ 0.0, 0.0, 0.0 ], 
			"to": [ 0.0, 0.0, 0.0 ], 
			"faces": {
				"north": { "texture": "#frame", "uv": [ 0.5, 7.0, 1.0, 7.5 ], "enabled": false },
				"east": { "texture": "#frame", "uv": [ 0.5, 3.0, 1.0, 3.5 ], "enabled": false },
				"south": { "texture": "#frame", "uv": [ 13.5, 13.5, 14.0, 14.0 ], "enabled": false },
				"west": { "texture": "#frame", "uv": [ 5.5, 14.5, 6.0, 15.0 ], "enabled": false },
				"up": { "texture": "#frame", "uv": [ 6.5, 13.0, 7.0, 13.5 ], "enabled": false },
				"down": { "texture": "#frame", "uv": [ 11.5, 11.0, 12.0, 11.5 ], "enabled": false }
			},
			"children": [
				{
					"name": "floor",
					"from": [ 2.0, 0.5, 2.0 ], 
					"to": [ 14.0, 1.5, 14.0 ], 
					"rotationOrigin": [ 1.0, 0.5, 1.0 ],
					"faces": {
						"north": { "texture": "#frame", "uv": [ 2.5, 8.0, 14.5, 9.0 ] },
						"east": { "texture": "#frame", "uv": [ 2.5, 8.0, 14.5, 9.0 ] },
						"south": { "texture": "#frame", "uv": [ 1.5, 13.5, 13.5, 14.5 ] },
						"west": { "texture": "#frame", "uv": [ 3.0, 14.5, 15.0, 15.5 ] },
						"up": { "texture": "#frame", "uv": [ 3.5, 1.5, 15.5, 13.5 ], "rotation": 90 },
						"down": { "texture": "#frame", "uv": [ 3.0, 0.5, 15.0, 12.5 ], "rotation": 90 }
					}
				},
				{
					"name": "Cube15",
					"from": [ 0.5, 2.0, 0.5 ], 
					"to": [ 2.5, 4.0, 2.5 ], 
					"rotationOrigin": [ 0.5, 2.0, 0.5 ],
					"faces": {
						"north": { "texture": "#frame", "uv": [ 11.5, 8.0, 13.5, 10.0 ], "rotation": 90 },
						"east": { "texture": "#frame", "uv": [ 0.0, 1.5, 2.0, 3.5 ], "rotation": 90 },
						"south": { "texture": "#frame", "uv": [ 7.5, 3.0, 9.5, 5.0 ], "rotation": 90 },
						"west": { "texture": "#frame", "uv": [ 13.0, 11.5, 15.0, 13.5 ], "rotation": 90 },
						"up": { "texture": "#frame", "uv": [ 12.5, 3.0, 14.5, 5.0 ] },
						"down": { "texture": "#frame", "uv": [ 4.0, 0.0, 6.0, 2.0 ] }
					},
					"children": [
						{
							"name": "Cube16",
							"from": [ 0.0, 0.0, 13.0 ], 
							"to": [ 2.0, 2.0, 15.0 ], 
							"rotationOrigin": [ 0.0, 0.0, 13.0 ],
							"faces": {
								"north": { "texture": "#frame", "uv": [ 8.5, 12.5, 10.5, 14.5 ], "rotation": 90 },
								"east": { "texture": "#frame", "uv": [ 0.5, 5.5, 2.5, 7.5 ], "rotation": 90 },
								"south": { "texture": "#frame", "uv": [ 9.0, 1.5, 11.0, 3.5 ], "rotation": 90 },
								"west": { "texture": "#frame", "uv": [ 8.0, 7.5, 10.0, 9.5 ], "rotation": 90 },
								"up": { "texture": "#frame", "uv": [ 1.0, 7.0, 3.0, 9.0 ] },
								"down": { "texture": "#frame", "uv": [ 9.0, 12.5, 11.0, 14.5 ] }
							}
						},
						{
							"name": "Cube17",
							"from": [ 13.0, 0.0, 13.0 ], 
							"to": [ 15.0, 2.0, 15.0 ], 
							"rotationOrigin": [ 13.0, 0.0, 13.0 ],
							"faces": {
								"north": { "texture": "#frame", "uv": [ 9.0, 2.5, 11.0, 4.5 ], "rotation": 90 },
								"east": { "texture": "#frame", "uv": [ 3.5, 5.0, 5.5, 7.0 ], "rotation": 90 },
								"south": { "texture": "#frame", "uv": [ 6.0, 2.0, 8.0, 4.0 ], "rotation": 90 },
								"west": { "texture": "#frame", "uv": [ 10.5, 0.0, 12.5, 2.0 ], "rotation": 90 },
								"up": { "texture": "#frame", "uv": [ 8.5, 10.0, 10.5, 12.0 ] },
								"down": { "texture": "#frame", "uv": [ 12.5, 4.0, 14.5, 6.0 ] }
							}
						},
						{
							"name": "Cube18",
							"from": [ 13.0, 0.0, 0.0 ], 
							"to": [ 15.0, 2.0, 2.0 ], 
							"rotationOrigin": [ 13.0, 0.0, 0.0 ],
							"faces": {
								"north": { "texture": "#frame", "uv": [ 2.0, 2.0, 4.0, 4.0 ], "rotation": 90 },
								"east": { "texture": "#frame", "uv": [ 0.0, 0.0, 2.0, 2.0 ], "rotation": 90 },
								"south": { "texture": "#frame", "uv": [ 4.5, 13.0, 6.5, 15.0 ], "rotation": 90 },
								"west": { "texture": "#frame", "uv": [ 3.0, 13.5, 5.0, 15.5 ], "rotation": 90 },
								"up": { "texture": "#frame", "uv": [ 11.5, 8.5, 13.5, 10.5 ] },
								"down": { "texture": "#frame", "uv": [ 1.5, 1.0, 3.5, 3.0 ] }
							}
						}
					]
				},
				{
					"name": "lid",
					"from": [ 1.0, 5.0, 1.0 ], 
					"to": [ 15.0, 5.25, 15.0 ], 
					"rotationOrigin": [ 7.0, 5.5, 0.0 ],
					"faces": {
						"north": { "texture": "#material", "uv": [ 1.5, 10.0, 15.5, 10.5 ] },
						"east": { "texture": "#material", "uv": [ 1.5, 14.5, 15.5, 15.0 ] },
						"south": { "texture": "#material", "uv": [ 0.5, 1.0, 14.5, 1.5 ] },
						"west": { "texture": "#material", "uv": [ 0.5, 8.5, 14.5, 9.0 ] },
						"up": { "texture": "#material", "uv": [ 0.5, 0.0, 14.5, 14.0 ], "rotation": 90 },
						"down": { "texture": "#material", "uv": [ 1.5, 0.5, 15.5, 14.5 ], "rotation": 90 }
					}
				},
				{
					"name": "Cube1",
					"from": [ 0.5, 5.0, 0.5 ], 
					"to": [ 1.5, 6.0, 15.5 ], 
					"rotationOrigin": [ 0.5, 12.0, 0.5 ],
					"faces": {
						"north": { "texture": "#frame", "uv": [ 12.0, 7.0, 13.0, 8.0 ] },
						"east": { "texture": "#frame", "uv": [ 0.5, 1.0, 15.5, 2.0 ] },
						"south": { "texture": "#frame", "uv": [ 1.5, 10.5, 2.5, 11.5 ] },
						"west": { "texture": "#frame", "uv": [ 0.0, 2.0, 15.0, 3.0 ] },
						"up": { "texture": "#frame", "uv": [ 0.0, 5.5, 15.0, 6.5 ], "rotation": 90 },
						"down": { "texture": "#frame", "uv": [ 0.0, 7.5, 15.0, 8.5 ], "rotation": 90 }
					}
				},
				{
					"name": "Cube9",
					"from": [ 1.5, 5.0, 0.5 ], 
					"to": [ 14.5, 6.0, 1.0 ], 
					"rotationOrigin": [ 1.0, 12.0, 0.5 ],
					"faces": {
						"north": { "texture": "#frame", "uv": [ 1.0, 11.0, 14.0, 12.0 ] },
						"east": { "texture": "#frame", "uv": [ 10.0, 11.5, 10.5, 12.5 ] },
						"south": { "texture": "#frame", "uv": [ 0.0, 11.5, 13.0, 12.5 ] },
						"west": { "texture": "#frame", "uv": [ 1.5, 7.0, 2.0, 8.0 ] },
						"up": { "texture": "#frame", "uv": [ 2.5, 10.5, 15.5, 11.0 ] },
						"down": { "texture": "#frame", "uv": [ 0.5, 1.0, 13.5, 1.5 ] }
					}
				},
				{
					"name": "Cube8",
					"from": [ 14.5, 5.0, 0.5 ], 
					"to": [ 15.5, 6.0, 15.5 ], 
					"rotationOrigin": [ 14.0, 5.0, 0.5 ],
					"faces": {
						"north": { "texture": "#frame", "uv": [ 7.5, 12.5, 8.5, 13.5 ] },
						"east": { "texture": "#frame", "uv": [ 0.0, 6.5, 15.0, 7.5 ] },
						"south": { "texture": "#frame", "uv": [ 9.0, 13.5, 10.0, 14.5 ] },
						"west": { "texture": "#frame", "uv": [ 0.5, 8.0, 15.5, 9.0 ] },
						"up": { "texture": "#frame", "uv": [ 0.5, 4.0, 15.5, 5.0 ], "rotation": 90 },
						"down": { "texture": "#frame", "uv": [ 0.5, 9.5, 15.5, 10.5 ], "rotation": 90 }
					}
				},
				{
					"name": "Cube10",
					"from": [ 1.5, 5.0, 15.0 ], 
					"to": [ 14.5, 6.0, 15.5 ], 
					"rotationOrigin": [ 1.0, 12.0, 15.0 ],
					"faces": {
						"north": { "texture": "#frame", "uv": [ 2.0, 9.0, 15.0, 10.0 ] },
						"east": { "texture": "#frame", "uv": [ 5.0, 6.0, 5.5, 7.0 ] },
						"south": { "texture": "#frame", "uv": [ 2.0, 8.0, 15.0, 9.0 ] },
						"west": { "texture": "#frame", "uv": [ 12.5, 2.5, 13.0, 3.5 ] },
						"up": { "texture": "#frame", "uv": [ 0.5, 14.5, 13.5, 15.0 ] },
						"down": { "texture": "#frame", "uv": [ 0.0, 1.0, 13.0, 1.5 ] }
					}
				},
				{
					"name": "Cube13",
					"from": [ 0.5, 0.0, 0.5 ], 
					"to": [ 1.0, 1.0, 15.5 ], 
					"rotationOrigin": [ 0.5, 0.0, 0.5 ],
					"faces": {
						"north": { "texture": "#frame", "uv": [ 3.0, 1.5, 3.5, 2.5 ] },
						"east": { "texture": "#frame", "uv": [ 0.5, 5.5, 15.5, 6.5 ] },
						"south": { "texture": "#frame", "uv": [ 2.0, 14.0, 2.5, 15.0 ] },
						"west": { "texture": "#frame", "uv": [ 0.5, 12.5, 15.5, 13.5 ] },
						"up": { "texture": "#frame", "uv": [ 0.0, 12.5, 15.0, 13.0 ], "rotation": 90 },
						"down": { "texture": "#frame", "uv": [ 0.5, 4.5, 15.5, 5.0 ], "rotation": 90 }
					}
				},
				{
					"name": "Cube14",
					"from": [ 1.0, 0.0, 15.0 ], 
					"to": [ 15.0, 1.0, 15.5 ], 
					"rotationOrigin": [ 1.0, 0.0, 15.0 ],
					"faces": {
						"north": { "texture": "#frame", "uv": [ 1.0, 3.5, 15.0, 4.5 ] },
						"east": { "texture": "#frame", "uv": [ 15.0, 1.5, 15.5, 2.5 ] },
						"south": { "texture": "#frame", "uv": [ 0.0, 12.5, 14.0, 13.5 ] },
						"west": { "texture": "#frame", "uv": [ 9.5, 5.0, 10.0, 6.0 ] },
						"up": { "texture": "#frame", "uv": [ 1.5, 8.0, 15.5, 8.5 ] },
						"down": { "texture": "#frame", "uv": [ 1.5, 8.5, 15.5, 9.0 ] }
					}
				},
				{
					"name": "Cube12",
					"from": [ 1.0, 0.0, 0.5 ], 
					"to": [ 15.0, 1.0, 1.0 ], 
					"rotationOrigin": [ 1.0, 0.0, 0.5 ],
					"faces": {
						"north": { "texture": "#frame", "uv": [ 1.5, 6.0, 15.5, 7.0 ] },
						"east": { "texture": "#frame", "uv": [ 10.5, 7.0, 11.0, 8.0 ] },
						"south": { "texture": "#frame", "uv": [ 1.5, 9.5, 15.5, 10.5 ] },
						"west": { "texture": "#frame", "uv": [ 0.5, 3.5, 1.0, 4.5 ] },
						"up": { "texture": "#frame", "uv": [ 1.0, 13.0, 15.0, 13.5 ] },
						"down": { "texture": "#frame", "uv": [ 1.5, 0.0, 15.5, 0.5 ] }
					}
				},
				{
					"name": "Cube11",
					"from": [ 15.0, 0.0, 0.5 ], 
					"to": [ 15.5, 1.0, 15.5 ], 
					"rotationOrigin": [ 15.0, 0.0, 0.5 ],
					"faces": {
						"north": { "texture": "#frame", "uv": [ 1.5, 6.5, 2.0, 7.5 ] },
						"east": { "texture": "#frame", "uv": [ 0.0, 3.5, 15.0, 4.5 ] },
						"south": { "texture": "#frame", "uv": [ 9.0, 7.5, 9.5, 8.5 ] },
						"west": { "texture": "#frame", "uv": [ 0.0, 8.5, 15.0, 9.5 ] },
						"up": { "texture": "#frame", "uv": [ 0.0, 15.0, 15.0, 15.5 ], "rotation": 90 },
						"down": { "texture": "#frame", "uv": [ 0.5, 0.5, 15.5, 1.0 ], "rotation": 90 }
					}
				},
				{
					"name": "Cube26",
					"from": [ 1.5, 4.75, 13.0 ], 
					"to": [ 14.5, 5.75, 13.5 ], 
					"rotationOrigin": [ 1.0, 11.0, 13.0 ],
					"faces": {
						"north": { "texture": "#frame", "uv": [ 0.5, 9.5, 13.5, 10.5 ] },
						"east": { "texture": "#frame", "uv": [ 2.5, 8.0, 3.0, 9.0 ] },
						"south": { "texture": "#frame", "uv": [ 2.5, 4.0, 15.5, 5.0 ] },
						"west": { "texture": "#frame", "uv": [ 11.5, 13.0, 12.0, 14.0 ] },
						"up": { "texture": "#frame", "uv": [ 1.0, 6.0, 14.0, 6.5 ] },
						"down": { "texture": "#frame", "uv": [ 0.0, 12.0, 13.0, 12.5 ] }
					},
					"children": [
						{
							"name": "Cube29",
							"from": [ 1.5062, -0.25, 7.0E-4 ], 
							"to": [ 11.5062, 0.75, 0.5007 ], 
							"rotationOrigin": [ 6.5, 6.75, -5.0 ],
							"rotationY": 89.9802127184967,
							"faces": {
								"north": { "texture": "#frame", "uv": [ 4.5, 1.0, 14.5, 2.0 ] },
								"east": { "texture": "#frame", "uv": [ 4.5, 8.0, 5.0, 9.0 ] },
								"south": { "texture": "#frame", "uv": [ 4.5, 12.0, 14.5, 13.0 ] },
								"west": { "texture": "#frame", "uv": [ 9.5, 12.5, 10.0, 13.5 ] },
								"up": { "texture": "#frame", "uv": [ 5.5, 14.5, 15.5, 15.0 ] },
								"down": { "texture": "#frame", "uv": [ 1.5, 8.5, 11.5, 9.0 ] }
							},
							"children": [
								{
									"name": "Cube31",
									"from": [ 0.0, 0.0, -10.5 ], 
									"to": [ 10.0, 1.0, -10.0 ], 
									"rotationOrigin": [ -0.5, 7.0, -10.25 ],
									"faces": {
										"north": { "texture": "#frame", "uv": [ 4.0, 4.0, 14.0, 5.0 ] },
										"east": { "texture": "#frame", "uv": [ 3.5, 2.0, 4.0, 3.0 ] },
										"south": { "texture": "#frame", "uv": [ 4.0, 10.5, 14.0, 11.5 ] },
										"west": { "texture": "#frame", "uv": [ 6.0, 7.5, 6.5, 8.5 ] },
										"up": { "texture": "#frame", "uv": [ 2.0, 2.5, 12.0, 3.0 ] },
										"down": { "texture": "#frame", "uv": [ 1.5, 1.0, 11.5, 1.5 ] }
									}
								}
							]
						},
						{
							"name": "Cube28",
							"from": [ 0.0, 0.0, -10.5 ], 
							"to": [ 13.0, 1.0, -10.0 ], 
							"rotationOrigin": [ -0.5, 7.0, -10.25 ],
							"faces": {
								"north": { "texture": "#frame", "uv": [ 1.0, 0.5, 14.0, 1.5 ] },
								"east": { "texture": "#frame", "uv": [ 4.5, 12.5, 5.0, 13.5 ] },
								"south": { "texture": "#frame", "uv": [ 1.5, 2.0, 14.5, 3.0 ] },
								"west": { "texture": "#frame", "uv": [ 3.5, 13.0, 4.0, 14.0 ] },
								"up": { "texture": "#frame", "uv": [ 2.5, 7.5, 15.5, 8.0 ] },
								"down": { "texture": "#frame", "uv": [ 1.0, 5.0, 14.0, 5.5 ] }
							}
						}
					]
				},
				{
					"name": "south",
					"from": [ 2.0, 0.0, 14.0 ], 
					"to": [ 14.0, 5.5, 15.0 ], 
					"rotationOrigin": [ 2.0, 0.0, -1.0 ],
					"faces": {
						"north": { "texture": "#material", "uv": [ 3.0, 0.5, 15.0, 6.0 ] },
						"east": { "texture": "#material", "uv": [ 5.5, 2.0, 6.5, 7.5 ], "rotation": 180 },
						"south": { "texture": "#material", "uv": [ 0.0, 6.0, 12.0, 11.5 ], "glow": 50 },
						"west": { "texture": "#material", "uv": [ 0.0, 8.0, 1.0, 13.5 ], "rotation": 180 },
						"up": { "texture": "#material", "uv": [ 2.0, 5.5, 14.0, 6.5 ] },
						"down": { "texture": "#material", "uv": [ 3.5, 1.0, 15.5, 2.0 ] }
					},
					"children": [
						{
							"name": "north",
							"from": [ 0.0, 0.0, -13.0 ], 
							"to": [ 12.0, 5.5, -12.0 ], 
							"rotationOrigin": [ 0.0, 0.0, -13.0 ],
							"faces": {
								"north": { "texture": "#material", "uv": [ 0.5, 5.5, 12.5, 11.0 ], "glow": 50 },
								"east": { "texture": "#material", "uv": [ 4.0, 7.5, 5.0, 13.0 ], "rotation": 180 },
								"south": { "texture": "#material", "uv": [ 1.5, 0.5, 13.5, 6.0 ] },
								"west": { "texture": "#material", "uv": [ 12.0, 8.0, 13.0, 13.5 ], "rotation": 180 },
								"up": { "texture": "#material", "uv": [ 3.0, 0.5, 15.0, 1.5 ] },
								"down": { "texture": "#material", "uv": [ 2.0, 8.0, 14.0, 9.0 ], "rotation": 180 }
							},
							"children": [
								{
									"name": "west",
									"from": [ -1.0, 0.0, 0.0 ], 
									"to": [ 0.0, 5.5, 14.0 ], 
									"rotationOrigin": [ -1.0, 0.0, -1.0 ],
									"faces": {
										"north": { "texture": "#material", "uv": [ 13.0, 8.0, 14.0, 13.5 ] },
										"east": { "texture": "#material", "uv": [ 1.5, 8.5, 15.5, 14.0 ], "glow": 50 },
										"south": { "texture": "#material", "uv": [ 5.0, 8.5, 6.0, 14.0 ] },
										"west": { "texture": "#material", "uv": [ 0.5, 6.0, 14.5, 11.5 ] },
										"up": { "texture": "#material", "uv": [ 0.0, 8.0, 14.0, 9.0 ], "rotation": 270 },
										"down": { "texture": "#material", "uv": [ 1.5, 3.0, 15.5, 4.0 ], "rotation": 90 }
									}
								}
							]
						},
						{
							"name": "east",
							"from": [ 12.0, 0.0, -13.0 ], 
							"to": [ 13.0, 5.5, 1.0 ], 
							"rotationOrigin": [ -3.0, 0.0, -14.0 ],
							"faces": {
								"north": { "texture": "#material", "uv": [ 10.0, 3.0, 11.0, 8.5 ] },
								"east": { "texture": "#material", "uv": [ 1.0, 1.0, 15.0, 6.5 ], "glow": 50 },
								"south": { "texture": "#material", "uv": [ 2.5, 3.0, 3.5, 8.5 ] },
								"west": { "texture": "#material", "uv": [ 0.5, 8.0, 14.5, 13.5 ] },
								"up": { "texture": "#material", "uv": [ 0.5, 12.5, 14.5, 13.5 ], "rotation": 90 },
								"down": { "texture": "#material", "uv": [ 0.5, 9.0, 14.5, 10.0 ], "rotation": 90 }
							}
						}
					]
				},
				{
					"name": "Cube271",
					"from": [ 0.75, 1.0, 14.25 ], 
					"to": [ 1.75, 5.0, 15.25 ], 
					"rotationOrigin": [ 0.5, 1.0, 13.5 ],
					"faces": {
						"north": { "texture": "#frame", "uv": [ 8.5, 12.5, 12.5, 13.5 ], "rotation": 90 },
						"east": { "texture": "#frame", "uv": [ 0.5, 5.5, 4.5, 6.5 ], "rotation": 90 },
						"south": { "texture": "#frame", "uv": [ 9.0, 1.5, 13.0, 2.5 ], "rotation": 90 },
						"west": { "texture": "#frame", "uv": [ 8.0, 7.5, 12.0, 8.5 ], "rotation": 90 },
						"up": { "texture": "#frame", "uv": [ 1.0, 7.0, 2.0, 8.0 ] },
						"down": { "texture": "#frame", "uv": [ 9.0, 12.5, 10.0, 13.5 ] }
					},
					"children": [
						{
							"name": "1Cube30",
							"from": [ 13.5, 0.0, 0.0 ], 
							"to": [ 14.5, 4.0, 1.0 ], 
							"rotationOrigin": [ 12.75, 0.0, -0.75 ],
							"faces": {
								"north": { "texture": "#frame", "uv": [ 9.0, 2.5, 13.0, 3.5 ], "rotation": 90 },
								"east": { "texture": "#frame", "uv": [ 3.5, 5.0, 7.5, 6.0 ], "rotation": 90 },
								"south": { "texture": "#frame", "uv": [ 6.0, 2.0, 10.0, 3.0 ], "rotation": 90 },
								"west": { "texture": "#frame", "uv": [ 10.5, 0.0, 14.5, 1.0 ], "rotation": 90 },
								"up": { "texture": "#frame", "uv": [ 8.5, 10.0, 9.5, 11.0 ] },
								"down": { "texture": "#frame", "uv": [ 12.5, 4.0, 13.5, 5.0 ] }
							},
							"children": [
								{
									"name": "Cube30",
									"from": [ 0.0, 0.0, -13.5 ], 
									"to": [ 1.0, 4.0, -12.5 ], 
									"rotationOrigin": [ -0.75, 0.0, -13.75 ],
									"faces": {
										"north": { "texture": "#frame", "uv": [ 2.0, 2.0, 6.0, 3.0 ], "rotation": 90 },
										"east": { "texture": "#frame", "uv": [ 0.0, 0.0, 4.0, 1.0 ], "rotation": 90 },
										"south": { "texture": "#frame", "uv": [ 4.5, 13.0, 8.5, 14.0 ], "rotation": 90 },
										"west": { "texture": "#frame", "uv": [ 3.0, 13.5, 7.0, 14.5 ], "rotation": 90 },
										"up": { "texture": "#frame", "uv": [ 11.5, 8.5, 12.5, 9.5 ] },
										"down": { "texture": "#frame", "uv": [ 1.5, 1.0, 2.5, 2.0 ] }
									},
									"children": [
										{
											"name": "Cube27",
											"from": [ -13.5, 0.0, 0.0 ], 
											"to": [ -12.5, 4.0, 1.0 ], 
											"rotationOrigin": [ -13.75, 0.0, -0.25 ],
											"faces": {
												"north": { "texture": "#frame", "uv": [ 11.5, 8.0, 15.5, 9.0 ], "rotation": 90 },
												"east": { "texture": "#frame", "uv": [ 0.0, 1.5, 4.0, 2.5 ], "rotation": 90 },
												"south": { "texture": "#frame", "uv": [ 7.5, 3.0, 11.5, 4.0 ], "rotation": 90 },
												"west": { "texture": "#frame", "uv": [ 13.0, 11.5, 17.0, 12.5 ], "rotation": 90 },
												"up": { "texture": "#frame", "uv": [ 12.5, 3.0, 13.5, 4.0 ] },
												"down": { "texture": "#frame", "uv": [ 4.0, 0.0, 5.0, 1.0 ] }
											}
										}
									]
								}
							]
						}
					]
				}
			]
		},
		{
			"name": "origin1",
			"from": [ 0.0, 0.0, 0.0 ], 
			"to": [ 0.0, 0.0, 0.0 ], 
			"rotationOrigin": [ 8.0, 0.0, 8.0 ],
			"rotationY": 180.0,
			"faces": {
				"north": { "texture": "#0", "uv": [ 0.0, 0.0, 0.5, 0.5 ], "enabled": false },
				"east": { "texture": "#0", "uv": [ 0.0, 0.0, 0.5, 0.5 ], "enabled": false },
				"south": { "texture": "#0", "uv": [ 0.0, 0.0, 0.5, 0.5 ], "enabled": false },
				"west": { "texture": "#0", "uv": [ 0.0, 0.0, 0.5, 0.5 ], "enabled": false },
				"up": { "texture": "#0", "uv": [ 0.0, 0.0, 0.5, 0.5 ], "enabled": false },
				"down": { "texture": "#0", "uv": [ 0.0, 0.0, 0.5, 0.5 ], "enabled": false }
			},
			"children": [
				{
					"name": "label",
					"from": [ 4.0, 2.6, 0.49 ], 
					"to": [ 12.0, 5.6, 0.49 ], 
					"rotationOrigin": [ 4.0, 7.2, -0.1 ],
					"faces": {
						"north": { "texture": "#kitlabel", "uv": [ 0.0, 0.0, 16.0, 6.0 ], "autoUv": false },
						"east": { "texture": "#kitlabel", "uv": [ 0.0, 0.0, 0.5, 3.0 ], "enabled": false },
						"south": { "texture": "#kitlabel", "uv": [ 0.0, 0.0, 8.0, 3.0 ], "enabled": false },
						"west": { "texture": "#kitlabel", "uv": [ 0.0, 0.0, 0.5, 3.0 ], "enabled": false },
						"up": { "texture": "#kitlabel", "uv": [ 0.0, 0.0, 8.0, 0.5 ], "enabled": false },
						"down": { "texture": "#kitlabel", "uv": [ 0.0, 0.0, 8.0, 0.5 ], "enabled": false }
					}
				}
			]
		}
	]}