{
    "code": "barrel",
    "class": "Item",
	  "variantgroups": [
      { "code": "material", "states": ["tinbronze", "iron", "meteoriciron", "steel" ]},
      { "code": "barrel",   "states": ["smoothbore", "rifled"]}],
    "maxstacksize": 4,
    "creativeinventory": { "general": ["*"], "items": ["*"], "rustyshell": ["*"] },
    "shape":     { "base": "item/barrel" },
    "textures":  { "metal" : { "base": "game:block/metal/plate/{material}" }},
    "behaviors": [
      { "name": "GroundStorable", "properties": { "layout": "Quadrants", "collisionBox": { "x1": 0, "y1": 0, "z1": 0, "x2": 1, "y2": 0.6, "z2": 1 } }}
    ],
    "attributes": {
      "groundStorageTransform": {
        "rotation": { "x": 0, "y": 33, "z": 0 },
        "scale": 0.88
      },
		  "handbook": { "groupBy": [ "barrel-*" ]}
    },
    "heldTpIdleAnimation": "holdbothhandslarge", "heldTpUseAnimation": "twohandplaceblock",
    "tpHandTransform": {
      "translation": { "x": -0.7, "y": -0.2, "z": -0.5 },
      "rotation":    { "x": 0,    "y": 41,   "z": -95 },
      "origin":      { "x": 0.5,  "y": 0.2,  "z": 0.5 },
      "scale": 0.65
    },
    "fpHandTransform": {
      "rotation": { "x": 12,  "y": -17, "z": 38 },
      "origin":   { "x": 0.5, "y": 0.3, "z": 0.5 },
      "scale": 2.56
    },
    "guiTransform": {
      "translation": { "x": 0,   "y": 1,   "z": 0 },
      "rotation":    { "x": 4,   "y": 145, "z": 73 },
      "origin":      { "x": 0.5, "y": 0.2, "z": 0.5 },
      "scale": 1.66
    },
    "groundTransform": {
      "translation": { "x": 0,   "y": 0.1, "z": 0 },
      "rotation":    { "x": 45,  "y": 45,  "z": 0 },
      "origin":      { "x": 0.5, "y": 0.2, "z": 0.5 },
      "scale": 2.56
    }
}