{
    "code": "fixedshot",
    "class": "ItemAmmunition",
	  "variantgroups": [{ "code": "type", "states": ["stone", "round", "explosive", "canister" ]}],
    "maxstacksize": 1,
    "creativeinventory": { "general": ["*"], "items": ["*"], "rustyshell": ["*"] },
    "attributes": {
      "hasFuse": true,
      "scrollrackable": true,
      "entityCode": "rustyshell:shot-{type}",
      "detonationByType": {
        "*-round":     { "type": "Piercing",      "amount": 80, "blastRadius": 4, "injureRadius":  5 },
        "*-stone":     { "type": "NonExplosive",  "amount": 60, "blastRadius": 2, "injureRadius":  2 },
        "*-explosive": { "type": "HighExplosive", "amount": 60, "blastRadius": 5, "injureRadius":  8 },
        "*-canister":  { "type": "Canister",      "amount": 20, "blastRadius": 6, "injureRadius": 20, "fuseDuration": 1000 }
      },
      "groundStorageTransform": {
        "rotation": { "x":   0, "y": 45, "z":   0 },
        "origin":   { "x": 0.5, "y":  0, "z": 0.5 }
      },
      "onscrollrackTransform": {
        "translation": { "x": -0.95, "y": -0.1, "z": 0.5 },
        "rotation":    { "x":   -45, "y":    0, "z": -90 },
        "origin":      { "x":   0.5, "y":  0.1, "z": 0.5 }
      },
		  "handbook": { "groupBy": [ "fixedshot-*" ]}
    },
    "behaviors": [{ "name": "GroundStorable", "properties": { "layout": "Quadrants", "collisionBox": { "x1": 0, "y1": 0, "z1": 0, "x2": 1, "y2": 1, "z2": 1 } }}],
    "shapeByType": {
      "*-canister": { "base": "ammunition/fixed-canister" },
      "*":          { "base": "ammunition/fixed-roundshot" }
    },
    "texturesByType": {
      "*-stone": {
        "material":        { "base": "game:block/stone/rock/granite1" },
        "blastpowdersack": { "base": "game:item/resource/blastpowdersack" }
      },
      "*": {
        "material":        { "base": "game:block/metal/sheet/lead1" },
        "blastpowdersack": { "base": "game:item/resource/blastpowdersack" }
      }
    },
    "heldTpIdleAnimation": "holdbothhandslarge", "heldTpUseAnimation": "twohandplaceblock",
    "tpHandTransform": {
      "translation": { "x": -0.7, "y": -0.1, "z": -0.3 },
      "rotation":    { "x":   45, "y":  -45, "z": -110 },
      "origin":      { "x":  0.5, "y":    0, "z":  0.5 },
      "scale": 0.65
    },
    "fpHandTransform": {
      "rotation": { "x": 12,  "y": -22, "z": 0 },
      "origin":   { "x": 0.5, "y": 0.3, "z": 0.5 },
      "scale": 2.56
    },
    "guiTransform": {
      "translation": { "x":   2, "y":   0, "z":   0 },
      "rotation":    { "x":  30, "y":  45, "z": 120 },
      "origin":      { "x": 0.5, "y": 0.5, "z": 0.5 },
      "scale": 1.65
    },
    "groundTransform": {
      "translation": { "x":  0, "y": 0.05, "z":  0 },
      "rotation":    { "x": 90, "y":    0, "z": 20 },
      "scale": 3
    }
}