{
    "code": "roundshell",
    "class": "Item",
    "maxstacksize": 1,
    "creativeinventory": { "general": ["*"], "items": ["*"], "rustyshell": ["*"] },
    "shape": { "base": "ammunition/roundshell" },
    "textures":  {
      "material" : { "base": "game:block/metal/sheet/lead1" },
      "black":     { "base": "game:block/black" }
    },
    "heldTpIdleAnimation": "holdbothhands",
    "heldTpUseAnimation": "twohandplaceblock",
    "behaviors": [{ "name": "GroundStorable", "properties": { "layout": "Quadrants", "collisionBox": { "x1": 0, "y1": 0, "z1": 0, "x2": 1, "y2": 0.6, "z2": 1 } }}],
    "attributes": {
      "groundStorageTransform": {
        "rotation": { "x":   0, "y":  45, "z":   0 },
        "origin":   { "x": 0.5, "y": 0.1, "z": 0.5 }
      }
    },
    "tpHandTransform": {
      "translation": { "x": -0.7, "y": -0.3, "z": -0.4 },
      "rotation":    { "x":    0, "y":    0, "z": -110 },
      "origin":      { "x":  0.5, "y":  0.2, "z":  0.5 },
      "scale": 0.8
    },
    "fpHandTransform": {
      "rotation": { "x": 12,  "y": -22, "z": 0 },
      "origin":   { "x": 0.5, "y": 0.3, "z": 0.5 },
      "scale": 2.56
    },
    "guiTransform": {
      "rotation": { "x": 180, "y": 45,  "z": 24 },
      "origin":   { "x": 0.5, "y": 0.2, "z": 0.5 },
      "scale": 2.3
    },
    "groundTransform": {
      "translation": { "x": 0,   "y": 0.1, "z": 0 },
      "rotation":    { "x": 45,  "y": 45,  "z": 0 },
      "origin":      { "x": 0.5, "y": 0.2, "z": 0.5 },
      "scale": 2.56
    }
}