[
  {
    "op": "replace",
    "path": "/elements/0/children/0/children/5/rotationX",
    "value": -80.0,
    "file": "game:shapes/entity/humanoid/seraphskinparts/hair-base/combed.json"
  },
  {
    "op": "replace",
    "path": "/elements/0/children/0/children/5/rotationY",
    "value": -3.0,
    "file": "game:shapes/entity/humanoid/seraphskinparts/hair-base/combed.json"
  },
  {
    "op": "replace",
    "path": "/elements/0/children/0/children/5/rotationZ",
    "value": 3.0,
    "file": "game:shapes/entity/humanoid/seraphskinparts/hair-base/combed.json"
  }
]