[
  {
    "op": "replace",
    "path": "/elements/0/children",
    "value": [
      {
        "name": "hideme",
        "from": [
          0.0,
          -2.5,
          0.0
        ],
        "to": [
          1.0,
          -1.5,
          1.0
        ],
        "uv": [
          0.0,
          0.0
        ],
        "rotationOrigin": [
          0.0,
          -2.5,
          0.0
        ],
        "faces": {},
        "children": [
          {
            "name": "StrandBack",
            "from": [
              6.1,
              2.8,
              2.1
            ],
            "to": [
              7.1,
              5.8,
              3.6
            ],
            "uv": [
              21.0,
              24.5
            ],
            "rotationOrigin": [
              6.3,
              5.8,
              2.3
            ],
            "rotationZ": 19.0,
            "faces": {
              "north": {
                "texture": "#hair",
                "uv": [
                  21.0,
                  26.0,
                  22.0,
                  29.0
                ]
              },
              "east": {
                "texture": "#hair",
                "uv": [
                  22.0,
                  26.0,
                  23.5,
                  29.0
                ]
              },
              "south": {
                "texture": "#hair",
                "uv": [
                  23.5,
                  26.0,
                  24.5,
                  29.0
                ]
              },
              "up": {
                "texture": "#hair",
                "uv": [
                  21.0,
                  24.5,
                  22.0,
                  26.0
                ]
              }
            }
          },
          {
            "name": "StrandBackR",
            "from": [
              6.5,
              5.6,
              -0.1
            ],
            "to": [
              7.0,
              6.6,
              2.9
            ],
            "autoUnwrap": false,
            "uv": [
              16.0,
              27.5
            ],
            "rotationOrigin": [
              6.8,
              5.9,
              -0.1
            ],
            "rotationX": 15.0,
            "faces": {
              "north": {
                "texture": "#hair",
                "uv": [
                  16.0,
                  33.5,
                  16.5,
                  34.5
                ]
              },
              "east": {
                "texture": "#hair",
                "uv": [
                  16.5,
                  33.5,
                  19.5,
                  34.5
                ]
              },
              "south": {
                "texture": "#hair",
                "uv": [
                  22.5,
                  33.5,
                  23.0,
                  34.5
                ]
              },
              "up": {
                "texture": "#hair",
                "uv": [
                  19.0,
                  31.5,
                  22.0,
                  32.0
                ],
                "rotation": 90
              },
              "down": {
                "texture": "#hair",
                "uv": [
                  19.5,
                  34.0,
                  22.5,
                  34.5
                ],
                "rotation": 90
              }
            }
          },
          {
            "name": "StrandBackL",
            "from": [
              6.5,
              5.6,
              2.7
            ],
            "to": [
              7.0,
              6.6,
              5.7
            ],
            "autoUnwrap": false,
            "uv": [
              16.0,
              27.5
            ],
            "rotationOrigin": [
              6.8,
              5.9,
              5.7
            ],
            "rotationX": -15.0,
            "faces": {
              "north": {
                "texture": "#hair",
                "uv": [
                  16.0,
                  33.5,
                  16.5,
                  34.5
                ]
              },
              "east": {
                "texture": "#hair",
                "uv": [
                  16.5,
                  33.5,
                  19.5,
                  34.5
                ]
              },
              "south": {
                "texture": "#hair",
                "uv": [
                  22.5,
                  33.5,
                  23.0,
                  34.5
                ]
              },
              "up": {
                "texture": "#hair",
                "uv": [
                  19.0,
                  31.5,
                  22.0,
                  32.0
                ],
                "rotation": 90
              },
              "down": {
                "texture": "#hair",
                "uv": [
                  19.5,
                  34.0,
                  22.5,
                  34.5
                ],
                "rotation": 90
              }
            }
          },
          {
            "name": "StrandLeft2",
            "from": [
              3.6,
              5.7,
              5.7
            ],
            "to": [
              7.1,
              6.7,
              6.2
            ],
            "uv": [
              20.5,
              32.5
            ],
            "rotationOrigin": [
              3.6,
              5.95,
              5.95
            ],
            "rotationY": 5.0,
            "rotationZ": -2.0,
            "faces": {
              "east": {
                "texture": "#hair",
                "uv": [
                  20.5,
                  33.0,
                  21.0,
                  34.0
                ]
              },
              "south": {
                "texture": "#hair",
                "uv": [
                  21.0,
                  33.0,
                  24.5,
                  34.0
                ]
              },
              "west": {
                "texture": "#hair",
                "uv": [
                  24.5,
                  33.0,
                  25.0,
                  34.0
                ]
              },
              "up": {
                "texture": "#hair",
                "uv": [
                  20.5,
                  32.5,
                  24.0,
                  33.0
                ]
              },
              "down": {
                "texture": "#hair",
                "uv": [
                  24.0,
                  32.5,
                  27.5,
                  33.0
                ]
              }
            }
          },
          {
            "name": "StrandRight2",
            "from": [
              3.6,
              5.7,
              -0.6
            ],
            "to": [
              7.1,
              6.7,
              -0.1
            ],
            "uv": [
              18.0,
              33.5
            ],
            "rotationOrigin": [
              3.6,
              5.95,
              -0.35
            ],
            "rotationY": -5.0,
            "rotationZ": -2.0,
            "faces": {
              "north": {
                "texture": "#hair",
                "uv": [
                  18.0,
                  34.0,
                  21.5,
                  35.0
                ]
              },
              "east": {
                "texture": "#hair",
                "uv": [
                  21.5,
                  34.0,
                  22.0,
                  35.0
                ]
              },
              "west": {
                "texture": "#hair",
                "uv": [
                  22.0,
                  34.0,
                  22.5,
                  35.0
                ]
              },
              "up": {
                "texture": "#hair",
                "uv": [
                  18.0,
                  33.5,
                  21.5,
                  34.0
                ]
              },
              "down": {
                "texture": "#hair",
                "uv": [
                  21.5,
                  33.5,
                  25.0,
                  34.0
                ]
              }
            }
          },
          {
            "name": "StrandRight",
            "from": [
              0.1,
              6.7,
              -0.2
            ],
            "to": [
              4.1,
              8.2,
              0.3
            ],
            "uv": [
              19.0,
              32.5
            ],
            "rotationOrigin": [
              0.1,
              6.9,
              0.1
            ],
            "rotationY": 7.0,
            "rotationZ": -19.0,
            "faces": {
              "north": {
                "texture": "#hair",
                "uv": [
                  19.0,
                  33.0,
                  23.0,
                  34.5
                ]
              },
              "east": {
                "texture": "#hair",
                "uv": [
                  23.0,
                  33.0,
                  23.5,
                  34.5
                ],
                "windMode": [
                  -1,
                  -1,
                  -1,
                  -1
                ]
              },
              "west": {
                "texture": "#hair",
                "uv": [
                  23.5,
                  33.0,
                  24.0,
                  34.5
                ]
              },
              "up": {
                "texture": "#hair",
                "uv": [
                  19.0,
                  32.5,
                  23.0,
                  33.0
                ]
              },
              "down": {
                "texture": "#hair",
                "uv": [
                  23.0,
                  32.5,
                  27.0,
                  33.0
                ]
              }
            }
          },
          {
            "name": "StrandLeft",
            "from": [
              0.1,
              6.7,
              5.3
            ],
            "to": [
              4.1,
              8.2,
              5.8
            ],
            "uv": [
              17.0,
              33.0
            ],
            "rotationOrigin": [
              0.1,
              6.95,
              5.55
            ],
            "rotationY": -7.0,
            "rotationZ": -19.0,
            "faces": {
              "east": {
                "texture": "#hair",
                "uv": [
                  17.0,
                  33.5,
                  17.5,
                  35.0
                ],
                "windMode": [
                  -1,
                  -1,
                  -1,
                  -1
                ]
              },
              "south": {
                "texture": "#hair",
                "uv": [
                  17.5,
                  33.5,
                  21.5,
                  35.0
                ]
              },
              "west": {
                "texture": "#hair",
                "uv": [
                  21.5,
                  33.5,
                  22.0,
                  35.0
                ]
              },
              "up": {
                "texture": "#hair",
                "uv": [
                  17.0,
                  33.0,
                  21.0,
                  33.5
                ]
              },
              "down": {
                "texture": "#hair",
                "uv": [
                  21.0,
                  33.0,
                  25.0,
                  33.5
                ]
              }
            }
          },
          {
            "name": "StrandFace2",
            "from": [
              -0.1,
              5.0,
              3.0
            ],
            "to": [
              -0.1,
              8.0,
              5.0
            ],
            "uv": [
              45.0,
              41.0
            ],
            "rotationOrigin": [
              -0.1,
              8.0,
              4.0
            ],
            "rotationX": -28.0,
            "rotationZ": -1.0,
            "faces": {
              "west": {
                "texture": "#hair",
                "uv": [
                  45.0,
                  41.0,
                  47.0,
                  44.0
                ]
              }
            }
          },
          {
            "name": "StrandFace1",
            "from": [
              0.0,
              5.0,
              1.0
            ],
            "to": [
              0.0,
              8.0,
              3.0
            ],
            "uv": [
              45.5,
              40.5
            ],
            "rotationOrigin": [
              0.0,
              8.0,
              2.0
            ],
            "rotationX": 28.0,
            "rotationZ": -1.0,
            "faces": {
              "west": {
                "texture": "#hair",
                "uv": [
                  45.5,
                  40.5,
                  47.5,
                  43.5
                ]
              }
            }
          },
          {
            "name": "StrandBack13",
            "from": [
              5.9,
              1.0,
              0.3
            ],
            "to": [
              6.9,
              6.0,
              5.3
            ],
            "unwrapRotation": 1,
            "autoUnwrap": false,
            "uv": [
              36.0,
              13.0
            ],
            "rotationOrigin": [
              6.1,
              6.0,
              0.5
            ],
            "rotationZ": 10.0,
            "faces": {
              "north": {
                "texture": "#hair",
                "uv": [
                  38.5,
                  18.0,
                  39.5,
                  23.0
                ]
              },
              "east": {
                "texture": "#hair",
                "uv": [
                  37.0,
                  18.0,
                  42.0,
                  23.0
                ]
              },
              "south": {
                "texture": "#hair",
                "uv": [
                  42.5,
                  18.0,
                  43.5,
                  23.0
                ]
              },
              "up": {
                "texture": "#hair",
                "uv": [
                  36.0,
                  13.0,
                  37.0,
                  18.0
                ]
              }
            }
          }
        ]
      },
      {
        "name": "BelowShoulder",
        "from": [
          0.0,
          -2.5,
          0.0
        ],
        "to": [
          6.5,
          0.0,
          5.5
        ],
        "autoUnwrap": false,
        "uv": [
          2.0,
          2.5
        ],
        "rotationOrigin": [
          3.2,
          2.6,
          2.8
        ],
        "faces": {
          "north": {
            "texture": "#hair",
            "uv": [
              41.0,
              6.0,
              47.5,
              8.5
            ],
            "autoUv": false,
            "windMode": [
              -1,
              -1,
              -1,
              -1
            ],
            "windData": [
              1,
              1,
              1,
              1
            ]
          },
          "east": {
            "texture": "#hair",
            "uv": [
              37.0,
              19.0,
              42.5,
              21.5
            ],
            "autoUv": false,
            "windMode": [
              -1,
              -1,
              -1,
              -1
            ],
            "windData": [
              1,
              1,
              1,
              1
            ]
          },
          "south": {
            "texture": "#hair",
            "uv": [
              31.5,
              6.0,
              38.0,
              8.5
            ],
            "autoUv": false,
            "windMode": [
              -1,
              -1,
              -1,
              -1
            ],
            "windData": [
              1,
              1,
              1,
              1
            ]
          }
        }
      }
    ],
    "file": "game:shapes/entity/humanoid/seraphskinparts/hair-base/longwithstrands.json"
  },
  {
    "op": "remove",
    "path": "/elements/0/faces/down",
    "file": "game:shapes/entity/humanoid/seraphskinparts/hair-base/longwithstrands.json"
  },
  {
    "op": "replace",
    "path": "/elements/0/faces/east/uv/3",
    "value": 19.0,
    "file": "game:shapes/entity/humanoid/seraphskinparts/hair-base/longwithstrands.json"
  },
  {
    "op": "replace",
    "path": "/elements/0/faces/north/uv/3",
    "value": 6.0,
    "file": "game:shapes/entity/humanoid/seraphskinparts/hair-base/longwithstrands.json"
  },
  {
    "op": "replace",
    "path": "/elements/0/faces/south/uv/3",
    "value": 6.0,
    "file": "game:shapes/entity/humanoid/seraphskinparts/hair-base/longwithstrands.json"
  },
  {
    "op": "replace",
    "path": "/elements/0/faces/west/uv/3",
    "value": 45.0,
    "file": "game:shapes/entity/humanoid/seraphskinparts/hair-base/longwithstrands.json"
  },
  {
    "op": "replace",
    "path": "/elements/0/from/1",
    "value": -0.6,
    "file": "game:shapes/entity/humanoid/seraphskinparts/hair-base/longwithstrands.json"
  },
  {
    "op": "replace",
    "path": "/elements/0/from/2",
    "value": -0.25,
    "file": "game:shapes/entity/humanoid/seraphskinparts/hair-base/longwithstrands.json"
  },
  {
    "op": "replace",
    "path": "/elements/0/rotationOrigin/1",
    "value": 4.5,
    "file": "game:shapes/entity/humanoid/seraphskinparts/hair-base/longwithstrands.json"
  },
  {
    "op": "replace",
    "path": "/elements/0/to/2",
    "value": 5.25,
    "file": "game:shapes/entity/humanoid/seraphskinparts/hair-base/longwithstrands.json"
  },
  {
    "op": "remove",
    "path": "/elements/1/faces/down",
    "file": "game:shapes/entity/humanoid/seraphskinparts/hair-base/longwithstrands.json"
  }
]