[
  {
    "op": "replace",
    "path": "/elements/0/children",
    "value": [
      {
        "name": "bangs",
        "from": [
          0.0,
          -2.5,
          0.0
        ],
        "to": [
          1.0,
          -1.5,
          1.0
        ],
        "uv": [
          0.0,
          0.0
        ],
        "rotationOrigin": [
          0.0,
          -2.5,
          0.0
        ],
        "faces": {},
        "children": [
          {
            "name": "StrandLeft1",
            "from": [
              -0.1,
              5.7,
              3.3
            ],
            "to": [
              -0.1,
              7.7,
              4.8
            ],
            "uv": [
              45.5,
              39.5
            ],
            "rotationOrigin": [
              -0.1,
              7.7,
              4.1
            ],
            "rotationX": -30.0,
            "rotationY": -3.0,
            "rotationZ": -19.0,
            "faces": {
              "west": {
                "texture": "#hair",
                "uv": [
                  45.5,
                  39.5,
                  47.0,
                  41.5
                ]
              }
            },
            "children": [
              {
                "name": "StrandLeft2",
                "from": [
                  0.0,
                  -2.0,
                  0.0
                ],
                "to": [
                  0.0,
                  0.0,
                  1.5
                ],
                "uv": [
                  44.0,
                  42.0
                ],
                "rotationOrigin": [
                  0.0,
                  0.0,
                  0.7
                ],
                "rotationZ": 47.0,
                "faces": {
                  "west": {
                    "texture": "#hair",
                    "uv": [
                      44.0,
                      42.0,
                      45.5,
                      44.0
                    ]
                  }
                }
              }
            ]
          },
          {
            "name": "StrandRight",
            "from": [
              0.1,
              5.7,
              1.3
            ],
            "to": [
              0.1,
              7.7,
              2.8
            ],
            "uv": [
              45.5,
              39.5
            ],
            "rotationOrigin": [
              0.1,
              7.7,
              2.1
            ],
            "rotationX": 28.0,
            "rotationY": -3.0,
            "rotationZ": -20.0,
            "faces": {
              "west": {
                "texture": "#hair",
                "uv": [
                  45.5,
                  39.5,
                  47.0,
                  41.5
                ]
              }
            },
            "children": [
              {
                "name": "StrandRight2",
                "from": [
                  0.0,
                  -2.0,
                  0.0
                ],
                "to": [
                  0.0,
                  0.0,
                  1.5
                ],
                "uv": [
                  44.0,
                  42.0
                ],
                "rotationOrigin": [
                  0.0,
                  0.0,
                  0.7
                ],
                "rotationZ": 57.0,
                "faces": {
                  "west": {
                    "texture": "#hair",
                    "uv": [
                      44.0,
                      42.0,
                      45.5,
                      44.0
                    ]
                  }
                }
              }
            ]
          }
        ]
      },
      {
        "name": "HairExtension",
        "from": [
          6.5,
          -9.5,
          0.0
        ],
        "to": [
          6.5,
          -2.5,
          5.5
        ],
        "uv": [
          36.5,
          15.5
        ],
        "rotationOrigin": [
          6.5,
          -2.5,
          2.7
        ],
        "rotationZ": -5.0,
        "faces": {
          "east": {
            "texture": "#hair",
            "uv": [
              36.5,
              15.5,
              42.0,
              22.5
            ],
            "windMode": [
              -1,
              -1,
              -1,
              -1
            ],
            "windData": [
              0,
              1,
              1,
              0
            ]
          }
        }
      },
      {
        "name": "BelowShoulder",
        "from": [
          0.0,
          -2.5,
          0.0
        ],
        "to": [
          6.5,
          0.0,
          5.5
        ],
        "autoUnwrap": false,
        "uv": [
          2.0,
          2.5
        ],
        "rotationOrigin": [
          3.2,
          2.6,
          2.8
        ],
        "faces": {
          "north": {
            "texture": "#hair",
            "uv": [
              41.0,
              6.0,
              47.5,
              8.5
            ],
            "autoUv": false,
            "windMode": [
              -1,
              -1,
              -1,
              -1
            ],
            "windData": [
              1,
              1,
              1,
              1
            ]
          },
          "east": {
            "texture": "#hair",
            "uv": [
              37.0,
              14.5,
              42.5,
              17.0
            ],
            "autoUv": false,
            "windMode": [
              -1,
              -1,
              -1,
              -1
            ],
            "windData": [
              1,
              1,
              1,
              1
            ]
          },
          "south": {
            "texture": "#hair",
            "uv": [
              31.5,
              6.0,
              38.0,
              8.5
            ],
            "autoUv": false,
            "windMode": [
              -1,
              -1,
              -1,
              -1
            ],
            "windData": [
              1,
              1,
              1,
              1
            ]
          }
        }
      },
      {
        "name": "BangsExtension",
        "from": [
          0.0,
          -2.5,
          0.0
        ],
        "to": [
          0.0,
          0.0,
          5.5
        ],
        "uv": [
          42.5,
          20.5
        ],
        "rotationOrigin": [
          3.2,
          2.6,
          2.8
        ],
        "faces": {
          "west": {
            "texture": "#hair",
            "uv": [
              42.5,
              20.5,
              48.0,
              23.0
            ],
            "windMode": [
              -1,
              -1,
              -1,
              -1
            ],
            "windData": [
              1,
              1,
              1,
              1
            ]
          }
        }
      }
    ],
    "file": "game:shapes/entity/humanoid/seraphskinparts/hair-base/longflowing.json"
  },
  {
    "op": "replace",
    "path": "/elements/0/faces/east/uv/3",
    "value": 14.5,
    "file": "game:shapes/entity/humanoid/seraphskinparts/hair-base/longflowing.json"
  },
  {
    "op": "replace",
    "path": "/elements/0/faces/north/uv/3",
    "value": 6.0,
    "file": "game:shapes/entity/humanoid/seraphskinparts/hair-base/longflowing.json"
  },
  {
    "op": "replace",
    "path": "/elements/0/faces/south/uv/3",
    "value": 6.0,
    "file": "game:shapes/entity/humanoid/seraphskinparts/hair-base/longflowing.json"
  },
  {
    "op": "replace",
    "path": "/elements/0/faces/west/uv/3",
    "value": 20.5,
    "file": "game:shapes/entity/humanoid/seraphskinparts/hair-base/longflowing.json"
  },
  {
    "op": "replace",
    "path": "/elements/0/from/1",
    "value": -0.6,
    "file": "game:shapes/entity/humanoid/seraphskinparts/hair-base/longflowing.json"
  },
  {
    "op": "replace",
    "path": "/elements/0/from/2",
    "value": -0.25,
    "file": "game:shapes/entity/humanoid/seraphskinparts/hair-base/longflowing.json"
  },
  {
    "op": "replace",
    "path": "/elements/0/to/2",
    "value": 5.25,
    "file": "game:shapes/entity/humanoid/seraphskinparts/hair-base/longflowing.json"
  },
  {
    "op": "replace",
    "path": "/elements/1/from/0",
    "value": -0.4,
    "file": "game:shapes/entity/humanoid/seraphskinparts/hair-base/longflowing.json"
  },
  {
    "op": "replace",
    "path": "/elements/1/rotationOrigin/0",
    "value": 3.1,
    "file": "game:shapes/entity/humanoid/seraphskinparts/hair-base/longflowing.json"
  },
  {
    "op": "replace",
    "path": "/elements/1/to/0",
    "value": 6.6,
    "file": "game:shapes/entity/humanoid/seraphskinparts/hair-base/longflowing.json"
  }
]