[
  {
    "op": "replace",
    "path": "/elements/0/children/0/children/0/rotationX",
    "value": 5.0,
    "file": "game:shapes/entity/humanoid/seraphskinparts/hair-base/short-parted.json"
  },
  {
    "op": "replace",
    "path": "/elements/0/children/0/children/1/rotationX",
    "value": -5.0,
    "file": "game:shapes/entity/humanoid/seraphskinparts/hair-base/short-parted.json"
  },
  {
    "op": "replace",
    "path": "/elements/0/children/0/children/2/rotationX",
    "value": -5.0,
    "file": "game:shapes/entity/humanoid/seraphskinparts/hair-base/short-parted.json"
  },
  {
    "op": "replace",
    "path": "/elements/0/children/0/children/3/rotationX",
    "value": 5.0,
    "file": "game:shapes/entity/humanoid/seraphskinparts/hair-base/short-parted.json"
  }
]