[
  {
    "op": "replace",
    "path": "/elements/0/from/2",
    "value": -0.25,
    "file": "game:shapes/entity/humanoid/seraphskinparts/hair-base/shortspiky.json"
  },
  {
    "op": "replace",
    "path": "/elements/0/rotationOrigin/2",
    "value": 2.5,
    "file": "game:shapes/entity/humanoid/seraphskinparts/hair-base/shortspiky.json"
  },
  {
    "op": "replace",
    "path": "/elements/0/to/2",
    "value": 5.25,
    "file": "game:shapes/entity/humanoid/seraphskinparts/hair-base/shortspiky.json"
  }
]