[
  {
    "op": "replace",
    "path": "/elements/0/children/0/children/7/rotationX",
    "value": -5.0,
    "file": "game:shapes/entity/humanoid/seraphskinparts/hair-base/messy2.json"
  },
  {
    "op": "replace",
    "path": "/elements/0/children/0/children/7/rotationY",
    "value": 36.0,
    "file": "game:shapes/entity/humanoid/seraphskinparts/hair-base/messy2.json"
  },
  {
    "op": "replace",
    "path": "/elements/0/children/0/children/7/rotationZ",
    "value": -8.0,
    "file": "game:shapes/entity/humanoid/seraphskinparts/hair-base/messy2.json"
  },
  {
    "op": "replace",
    "path": "/elements/0/children/0/children/8/rotationX",
    "value": 5.0,
    "file": "game:shapes/entity/humanoid/seraphskinparts/hair-base/messy2.json"
  },
  {
    "op": "replace",
    "path": "/elements/0/children/0/children/8/rotationY",
    "value": -36.0,
    "file": "game:shapes/entity/humanoid/seraphskinparts/hair-base/messy2.json"
  },
  {
    "op": "replace",
    "path": "/elements/0/children/0/children/8/rotationZ",
    "value": -8.0,
    "file": "game:shapes/entity/humanoid/seraphskinparts/hair-base/messy2.json"
  },
  {
    "op": "replace",
    "path": "/elements/0/from/2",
    "value": -0.25,
    "file": "game:shapes/entity/humanoid/seraphskinparts/hair-base/messy2.json"
  },
  {
    "op": "replace",
    "path": "/elements/0/to/2",
    "value": 5.25,
    "file": "game:shapes/entity/humanoid/seraphskinparts/hair-base/messy2.json"
  }
]