[
  {
    "op": "replace",
    "path": "/elements/0/children/0/from/0",
    "value": -4.5,
    "file": "game:shapes/item/bag/hunterbackpack-attached.json"
  },
  {
    "op": "replace",
    "path": "/elements/0/children/0/rotationOrigin/0",
    "value": -2.1,
    "file": "game:shapes/item/bag/hunterbackpack-attached.json"
  },
  {
    "op": "replace",
    "path": "/elements/0/children/0/to/0",
    "value": 0.3,
    "file": "game:shapes/item/bag/hunterbackpack-attached.json"
  },
  {
    "op": "replace",
    "path": "/elements/0/from/2",
    "value": 1.0,
    "file": "game:shapes/item/bag/hunterbackpack-attached.json"
  },
  {
    "op": "replace",
    "path": "/elements/0/rotationOrigin/2",
    "value": 1.0,
    "file": "game:shapes/item/bag/hunterbackpack-attached.json"
  },
  {
    "op": "replace",
    "path": "/elements/0/to/2",
    "value": 2.0,
    "file": "game:shapes/item/bag/hunterbackpack-attached.json"
  }
]