[
  {
    "op": "replace",
    "path": "/elements/0/from/0",
    "value": -0.65,
    "file": "game:shapes/entity/humanoid/seraph/clothing/head/alchemist.json"
  },
  {
    "op": "replace",
    "path": "/elements/0/from/1",
    "value": 3.15,
    "file": "game:shapes/entity/humanoid/seraph/clothing/head/alchemist.json"
  },
  {
    "op": "replace",
    "path": "/elements/0/rotationOrigin/0",
    "value": 3.25,
    "file": "game:shapes/entity/humanoid/seraph/clothing/head/alchemist.json"
  },
  {
    "op": "replace",
    "path": "/elements/0/rotationOrigin/1",
    "value": 4.15,
    "file": "game:shapes/entity/humanoid/seraph/clothing/head/alchemist.json"
  },
  {
    "op": "replace",
    "path": "/elements/0/rotationZ",
    "value": -7.0,
    "file": "game:shapes/entity/humanoid/seraph/clothing/head/alchemist.json"
  },
  {
    "op": "replace",
    "path": "/elements/0/to/0",
    "value": 6.85,
    "file": "game:shapes/entity/humanoid/seraph/clothing/head/alchemist.json"
  },
  {
    "op": "replace",
    "path": "/elements/0/to/1",
    "value": 4.55,
    "file": "game:shapes/entity/humanoid/seraph/clothing/head/alchemist.json"
  }
]