[
  {
    "op": "replace",
    "path": "/elements/0/children/0/from/2",
    "value": -1.9,
    "file": "game:shapes/entity/humanoid/seraph/clothing/neck/medallion1.json"
  },
  {
    "op": "replace",
    "path": "/elements/0/children/0/rotationOrigin/2",
    "value": -1.4,
    "file": "game:shapes/entity/humanoid/seraph/clothing/neck/medallion1.json"
  },
  {
    "op": "replace",
    "path": "/elements/0/children/0/to/2",
    "value": -1.4,
    "file": "game:shapes/entity/humanoid/seraph/clothing/neck/medallion1.json"
  },
  {
    "op": "replace",
    "path": "/elements/0/children/1/from/2",
    "value": 1.4,
    "file": "game:shapes/entity/humanoid/seraph/clothing/neck/medallion1.json"
  },
  {
    "op": "replace",
    "path": "/elements/0/children/1/rotationOrigin/2",
    "value": 1.4,
    "file": "game:shapes/entity/humanoid/seraph/clothing/neck/medallion1.json"
  },
  {
    "op": "replace",
    "path": "/elements/0/children/1/to/2",
    "value": 1.9,
    "file": "game:shapes/entity/humanoid/seraph/clothing/neck/medallion1.json"
  },
  {
    "op": "replace",
    "path": "/elements/0/children/2/from/2",
    "value": -1.8,
    "file": "game:shapes/entity/humanoid/seraph/clothing/neck/medallion1.json"
  },
  {
    "op": "replace",
    "path": "/elements/0/children/2/rotationOrigin/2",
    "value": -1.8,
    "file": "game:shapes/entity/humanoid/seraph/clothing/neck/medallion1.json"
  },
  {
    "op": "replace",
    "path": "/elements/0/children/2/to/2",
    "value": 0.2,
    "file": "game:shapes/entity/humanoid/seraph/clothing/neck/medallion1.json"
  },
  {
    "op": "add",
    "path": "/elements/0/children/3/children/1/rotationZ",
    "value": -1.0,
    "file": "game:shapes/entity/humanoid/seraph/clothing/neck/medallion1.json"
  },
  {
    "op": "replace",
    "path": "/elements/0/children/3/children/1/from/2",
    "value": -0.3,
    "file": "game:shapes/entity/humanoid/seraph/clothing/neck/medallion1.json"
  },
  {
    "op": "replace",
    "path": "/elements/0/children/3/children/1/rotationOrigin/2",
    "value": 0.2,
    "file": "game:shapes/entity/humanoid/seraph/clothing/neck/medallion1.json"
  },
  {
    "op": "replace",
    "path": "/elements/0/children/3/children/1/to/2",
    "value": 0.2,
    "file": "game:shapes/entity/humanoid/seraph/clothing/neck/medallion1.json"
  },
  {
    "op": "replace",
    "path": "/elements/0/children/3/children/2/from/2",
    "value": 0.8,
    "file": "game:shapes/entity/humanoid/seraph/clothing/neck/medallion1.json"
  },
  {
    "op": "replace",
    "path": "/elements/0/children/3/children/2/rotationOrigin/2",
    "value": 1.3,
    "file": "game:shapes/entity/humanoid/seraph/clothing/neck/medallion1.json"
  },
  {
    "op": "replace",
    "path": "/elements/0/children/3/children/2/to/2",
    "value": 1.3,
    "file": "game:shapes/entity/humanoid/seraph/clothing/neck/medallion1.json"
  },
  {
    "op": "replace",
    "path": "/elements/0/children/3/from/0",
    "value": -2.4,
    "file": "game:shapes/entity/humanoid/seraph/clothing/neck/medallion1.json"
  },
  {
    "op": "replace",
    "path": "/elements/0/children/3/from/2",
    "value": -2.1,
    "file": "game:shapes/entity/humanoid/seraph/clothing/neck/medallion1.json"
  },
  {
    "op": "replace",
    "path": "/elements/0/children/3/rotationOrigin/0",
    "value": -2.4,
    "file": "game:shapes/entity/humanoid/seraph/clothing/neck/medallion1.json"
  },
  {
    "op": "replace",
    "path": "/elements/0/children/3/rotationOrigin/2",
    "value": -1.6,
    "file": "game:shapes/entity/humanoid/seraph/clothing/neck/medallion1.json"
  },
  {
    "op": "replace",
    "path": "/elements/0/children/3/to/0",
    "value": -0.9,
    "file": "game:shapes/entity/humanoid/seraph/clothing/neck/medallion1.json"
  },
  {
    "op": "replace",
    "path": "/elements/0/children/3/to/2",
    "value": -1.6,
    "file": "game:shapes/entity/humanoid/seraph/clothing/neck/medallion1.json"
  },
  {
    "op": "add",
    "path": "/elements/0/children/4/children/1/rotationZ",
    "value": -1.0,
    "file": "game:shapes/entity/humanoid/seraph/clothing/neck/medallion1.json"
  },
  {
    "op": "replace",
    "path": "/elements/0/children/4/from/0",
    "value": -2.4,
    "file": "game:shapes/entity/humanoid/seraph/clothing/neck/medallion1.json"
  },
  {
    "op": "replace",
    "path": "/elements/0/children/4/from/2",
    "value": 1.6,
    "file": "game:shapes/entity/humanoid/seraph/clothing/neck/medallion1.json"
  },
  {
    "op": "replace",
    "path": "/elements/0/children/4/rotationOrigin/0",
    "value": -2.4,
    "file": "game:shapes/entity/humanoid/seraph/clothing/neck/medallion1.json"
  },
  {
    "op": "replace",
    "path": "/elements/0/children/4/rotationOrigin/2",
    "value": 1.6,
    "file": "game:shapes/entity/humanoid/seraph/clothing/neck/medallion1.json"
  },
  {
    "op": "replace",
    "path": "/elements/0/children/4/to/0",
    "value": -0.9,
    "file": "game:shapes/entity/humanoid/seraph/clothing/neck/medallion1.json"
  },
  {
    "op": "replace",
    "path": "/elements/0/children/4/to/2",
    "value": 2.1,
    "file": "game:shapes/entity/humanoid/seraph/clothing/neck/medallion1.json"
  },
  {
    "op": "replace",
    "path": "/elements/0/children/5/from/2",
    "value": -0.2,
    "file": "game:shapes/entity/humanoid/seraph/clothing/neck/medallion1.json"
  },
  {
    "op": "replace",
    "path": "/elements/0/children/5/rotationOrigin/2",
    "value": 1.8,
    "file": "game:shapes/entity/humanoid/seraph/clothing/neck/medallion1.json"
  },
  {
    "op": "replace",
    "path": "/elements/0/children/5/to/2",
    "value": 1.8,
    "file": "game:shapes/entity/humanoid/seraph/clothing/neck/medallion1.json"
  },
  {
    "op": "replace",
    "path": "/elements/0/children/6/from/0",
    "value": -2.6,
    "file": "game:shapes/entity/humanoid/seraph/clothing/neck/medallion1.json"
  },
  {
    "op": "replace",
    "path": "/elements/0/children/6/from/2",
    "value": -0.8,
    "file": "game:shapes/entity/humanoid/seraph/clothing/neck/medallion1.json"
  },
  {
    "op": "replace",
    "path": "/elements/0/children/6/rotationOrigin/0",
    "value": -2.3,
    "file": "game:shapes/entity/humanoid/seraph/clothing/neck/medallion1.json"
  },
  {
    "op": "replace",
    "path": "/elements/0/children/6/rotationOrigin/1",
    "value": -3.8,
    "file": "game:shapes/entity/humanoid/seraph/clothing/neck/medallion1.json"
  },
  {
    "op": "replace",
    "path": "/elements/0/children/6/rotationOrigin/2",
    "value": 0.0,
    "file": "game:shapes/entity/humanoid/seraph/clothing/neck/medallion1.json"
  },
  {
    "op": "replace",
    "path": "/elements/0/children/6/to/0",
    "value": -2.0,
    "file": "game:shapes/entity/humanoid/seraph/clothing/neck/medallion1.json"
  },
  {
    "op": "replace",
    "path": "/elements/0/children/6/to/2",
    "value": 0.8,
    "file": "game:shapes/entity/humanoid/seraph/clothing/neck/medallion1.json"
  },
  {
    "op": "replace",
    "path": "/elements/0/from/0",
    "value": 2.0,
    "file": "game:shapes/entity/humanoid/seraph/clothing/neck/medallion1.json"
  },
  {
    "op": "replace",
    "path": "/elements/0/from/2",
    "value": 3.1,
    "file": "game:shapes/entity/humanoid/seraph/clothing/neck/medallion1.json"
  },
  {
    "op": "replace",
    "path": "/elements/0/rotationOrigin/0",
    "value": 2.5,
    "file": "game:shapes/entity/humanoid/seraph/clothing/neck/medallion1.json"
  },
  {
    "op": "replace",
    "path": "/elements/0/to/0",
    "value": 2.0,
    "file": "game:shapes/entity/humanoid/seraph/clothing/neck/medallion1.json"
  },
  {
    "op": "replace",
    "path": "/elements/0/to/2",
    "value": 3.1,
    "file": "game:shapes/entity/humanoid/seraph/clothing/neck/medallion1.json"
  }
]