{
	"editor": {
		"allAngles": false,
		"entityTextureMode": false
	},
	"textureWidth": 16,
	"textureHeight": 16,
	"textureSizes": {
	},
	"textures": {
		"material": "elementalcrystal-fire"
	},
	"elements": [
		{
			"name": "origin",
			"from": [ 13.0, -0.5, 4.0 ], 
			"to": [ 13.0, -0.5, 4.0 ], 
			"rotationOrigin": [ 13.0, -0.5, 4.0 ],
			"rotationX": 1.0,
			"rotationY": 67.5,
			"rotationZ": -7.0,
			"faces": {
				"north": { "texture": "#material", "uv": [ 6.5, 12.0, 6.5, 12.0 ], "enabled": false },
				"east": { "texture": "#material", "uv": [ 4.5, 11.0, 4.5, 11.0 ], "enabled": false },
				"south": { "texture": "#material", "uv": [ 5.5, 14.5, 5.5, 14.5 ], "enabled": false },
				"west": { "texture": "#material", "uv": [ 6.0, 13.0, 6.0, 13.0 ], "enabled": false },
				"up": { "texture": "#material", "uv": [ 11.0, 12.0, 11.0, 12.0 ], "enabled": false },
				"down": { "texture": "#material", "uv": [ 3.0, 14.0, 3.0, 14.0 ], "enabled": false }
			},
			"children": [
				{
					"name": "base",
					"from": [ -1.0, 0.0, -1.0 ], 
					"to": [ 1.0, 1.0, 1.0 ], 
					"renderPass": 3,
					"faces": {
						"north": { "texture": "#material", "uv": [ 11.25, 6.25, 13.25, 7.25 ] },
						"east": { "texture": "#material", "uv": [ 14.0, 6.25, 16.0, 7.25 ] },
						"south": { "texture": "#material", "uv": [ 14.0, 6.25, 16.0, 7.25 ] },
						"west": { "texture": "#material", "uv": [ 11.25, 6.25, 13.25, 7.25 ] },
						"up": { "texture": "#material", "uv": [ 11.25, 2.75, 15.95, 6.25 ], "autoUv": false },
						"down": { "texture": "#material", "uv": [ 4.5, 14.0, 6.5, 16.0 ], "enabled": false }
					},
					"children": [
						{
							"name": "crystal 1",
							"from": [ 0.5, 1.0, 0.5 ], 
							"to": [ 1.5, 6.0, 1.5 ], 
							"renderPass": 3,
							"rotationOrigin": [ 1.0, 1.0, 1.0 ],
							"faces": {
								"north": { "texture": "#material", "uv": [ 11.75, 6.25, 12.75, 11.25 ] },
								"east": { "texture": "#material", "uv": [ 14.0, 6.25, 15.0, 11.25 ] },
								"south": { "texture": "#material", "uv": [ 11.5, 6.25, 12.5, 11.25 ] },
								"west": { "texture": "#material", "uv": [ 14.5, 6.25, 15.5, 11.25 ] },
								"up": { "texture": "#material", "uv": [ 11.25, 2.75, 15.95, 6.25 ], "autoUv": false },
								"down": { "texture": "#material", "uv": [ 0.0, 0.0, 1.0, 1.0 ], "enabled": false }
							}
						},
						{
							"name": "crystal 2",
							"from": [ 0.5, 0.5, 1.0 ], 
							"to": [ 1.5, 4.5, 2.0 ], 
							"renderPass": 3,
							"rotationOrigin": [ 1.0, 0.5, 1.5 ],
							"rotationX": 20.0,
							"rotationY": -1.0,
							"faces": {
								"north": { "texture": "#material", "uv": [ 15.0, 6.25, 16.0, 10.25 ] },
								"east": { "texture": "#material", "uv": [ 11.25, 6.25, 12.25, 10.25 ] },
								"south": { "texture": "#material", "uv": [ 15.0, 6.25, 16.0, 10.25 ] },
								"west": { "texture": "#material", "uv": [ 11.25, 6.25, 12.25, 10.25 ] },
								"up": { "texture": "#material", "uv": [ 11.25, 2.75, 15.95, 6.25 ], "autoUv": false },
								"down": { "texture": "#material", "uv": [ 0.0, 0.0, 1.0, 1.0 ], "enabled": false }
							}
						},
						{
							"name": "crystal 3",
							"from": [ 0.3, 0.5, 0.3 ], 
							"to": [ 1.3, 5.5, 1.3 ], 
							"renderPass": 3,
							"rotationOrigin": [ 0.8, 0.5, 0.8 ],
							"rotationX": -30.0,
							"rotationY": 30.0,
							"rotationZ": 15.0,
							"faces": {
								"north": { "texture": "#material", "uv": [ 15.0, 6.25, 16.0, 11.25 ] },
								"east": { "texture": "#material", "uv": [ 11.25, 6.25, 12.25, 11.25 ] },
								"south": { "texture": "#material", "uv": [ 15.0, 6.25, 16.0, 11.25 ] },
								"west": { "texture": "#material", "uv": [ 11.25, 6.25, 12.25, 11.25 ] },
								"up": { "texture": "#material", "uv": [ 11.25, 2.75, 15.95, 6.25 ], "autoUv": false },
								"down": { "texture": "#material", "uv": [ 0.0, 0.0, 1.0, 1.0 ], "enabled": false }
							}
						},
						{
							"name": "crystal 4",
							"from": [ 1.0, 0.4, 0.0 ], 
							"to": [ 2.0, 4.4, 1.0 ], 
							"renderPass": 3,
							"rotationOrigin": [ 1.5, 0.4, 0.5 ],
							"rotationX": -15.0,
							"rotationZ": -30.0,
							"faces": {
								"north": { "texture": "#material", "uv": [ 12.5, 6.25, 13.5, 10.25 ] },
								"east": { "texture": "#material", "uv": [ 11.25, 6.25, 12.25, 10.25 ] },
								"south": { "texture": "#material", "uv": [ 12.5, 6.25, 13.5, 10.25 ] },
								"west": { "texture": "#material", "uv": [ 11.25, 6.25, 12.25, 10.25 ] },
								"up": { "texture": "#material", "uv": [ 11.25, 2.75, 15.95, 6.25 ], "autoUv": false },
								"down": { "texture": "#material", "uv": [ 0.0, 0.0, 1.0, 1.0 ], "enabled": false }
							}
						},
						{
							"name": "crystal 7",
							"from": [ -0.1, 0.5, 0.4 ], 
							"to": [ 1.4, 4.5, 1.9 ], 
							"renderPass": 3,
							"rotationOrigin": [ 0.6, 0.5, 1.1 ],
							"rotationX": 8.0,
							"rotationY": 14.0,
							"rotationZ": 30.0,
							"faces": {
								"north": { "texture": "#material", "uv": [ 11.25, 6.25, 12.75, 10.25 ] },
								"east": { "texture": "#material", "uv": [ 14.5, 6.25, 16.0, 10.25 ] },
								"south": { "texture": "#material", "uv": [ 11.25, 6.25, 12.75, 10.25 ] },
								"west": { "texture": "#material", "uv": [ 14.5, 6.25, 16.0, 10.25 ] },
								"up": { "texture": "#material", "uv": [ 11.25, 2.75, 15.95, 6.25 ], "autoUv": false },
								"down": { "texture": "#material", "uv": [ 0.0, 0.0, 1.5, 1.5 ], "enabled": false }
							}
						},
						{
							"name": "crystal 8",
							"from": [ 1.5, 0.7, 1.2 ], 
							"to": [ 2.0, 3.2, 1.7 ], 
							"renderPass": 3,
							"rotationOrigin": [ 1.7, 0.7, 1.4 ],
							"rotationX": 25.0,
							"rotationZ": -41.0,
							"faces": {
								"north": { "texture": "#material", "uv": [ 13.25, 6.25, 13.75, 8.75 ] },
								"east": { "texture": "#material", "uv": [ 13.75, 6.25, 14.25, 8.75 ] },
								"south": { "texture": "#material", "uv": [ 15.25, 6.25, 15.75, 8.75 ] },
								"west": { "texture": "#material", "uv": [ 14.0, 6.25, 14.5, 8.75 ] },
								"up": { "texture": "#material", "uv": [ 15.25, 6.5, 15.75, 7.0 ] },
								"down": { "texture": "#material", "uv": [ 0.0, 0.0, 0.5, 0.5 ], "enabled": false }
							}
						},
						{
							"name": "crystal 9",
							"from": [ 0.0, 0.4, 0.0 ], 
							"to": [ 0.5, 2.4, 0.5 ], 
							"renderPass": 3,
							"rotationOrigin": [ 0.2, 0.4, 0.2 ],
							"rotationY": -25.0,
							"rotationZ": 47.0,
							"faces": {
								"north": { "texture": "#material", "uv": [ 11.75, 6.25, 12.25, 8.25 ] },
								"east": { "texture": "#material", "uv": [ 14.25, 6.25, 14.75, 8.25 ] },
								"south": { "texture": "#material", "uv": [ 15.0, 6.25, 15.5, 8.25 ] },
								"west": { "texture": "#material", "uv": [ 12.75, 6.25, 13.25, 8.25 ] },
								"up": { "texture": "#material", "uv": [ 15.5, 6.5, 16.0, 7.0 ] },
								"down": { "texture": "#material", "uv": [ 0.0, 0.0, 0.5, 0.5 ], "enabled": false }
							}
						}
					]
				}
			]
		},
		{
			"name": "origin",
			"from": [ 4.5, -0.4, 4.0 ], 
			"to": [ 4.5, -0.4, 4.0 ], 
			"rotationOrigin": [ 4.5, -0.4, 4.0 ],
			"rotationY": -45.0,
			"rotationZ": 16.0,
			"faces": {
				"north": { "texture": "#material", "uv": [ 6.5, 12.0, 6.5, 12.0 ], "enabled": false },
				"east": { "texture": "#material", "uv": [ 4.5, 11.0, 4.5, 11.0 ], "enabled": false },
				"south": { "texture": "#material", "uv": [ 5.5, 14.5, 5.5, 14.5 ], "enabled": false },
				"west": { "texture": "#material", "uv": [ 6.0, 13.0, 6.0, 13.0 ], "enabled": false },
				"up": { "texture": "#material", "uv": [ 11.0, 12.0, 11.0, 12.0 ], "enabled": false },
				"down": { "texture": "#material", "uv": [ 3.0, 14.0, 3.0, 14.0 ], "enabled": false }
			},
			"children": [
				{
					"name": "base1",
					"from": [ -1.0, 0.0, -1.0 ], 
					"to": [ 1.0, 1.0, 2.0 ], 
					"renderPass": 3,
					"faces": {
						"north": { "texture": "#material", "uv": [ 14.0, 6.25, 16.0, 7.25 ] },
						"east": { "texture": "#material", "uv": [ 11.25, 6.25, 14.25, 7.25 ] },
						"south": { "texture": "#material", "uv": [ 14.0, 6.25, 16.0, 7.25 ] },
						"west": { "texture": "#material", "uv": [ 11.25, 6.25, 14.25, 7.25 ] },
						"up": { "texture": "#material", "uv": [ 11.25, 2.75, 15.95, 6.25 ], "autoUv": false },
						"down": { "texture": "#material", "uv": [ 11.0, 9.5, 13.0, 12.5 ], "enabled": false }
					},
					"children": [
						{
							"name": "crystal 11",
							"from": [ 0.5, 0.5, 1.9 ], 
							"to": [ 1.5, 5.5, 2.9 ], 
							"renderPass": 3,
							"rotationOrigin": [ 1.0, 0.5, 2.4 ],
							"rotationX": 35.0,
							"faces": {
								"north": { "texture": "#material", "uv": [ 11.25, 6.25, 12.25, 11.25 ] },
								"east": { "texture": "#material", "uv": [ 13.0, 6.25, 14.0, 11.25 ] },
								"south": { "texture": "#material", "uv": [ 11.25, 6.25, 12.25, 11.25 ] },
								"west": { "texture": "#material", "uv": [ 13.0, 6.25, 14.0, 11.25 ] },
								"up": { "texture": "#material", "uv": [ 11.25, 2.75, 15.95, 6.25 ], "autoUv": false },
								"down": { "texture": "#material", "uv": [ 0.0, 0.0, 1.0, 1.0 ], "enabled": false }
							}
						},
						{
							"name": "crystal 12",
							"from": [ 0.6, 0.5, 1.2 ], 
							"to": [ 1.6, 4.5, 2.2 ], 
							"renderPass": 3,
							"rotationOrigin": [ 1.1, 0.5, 1.7 ],
							"rotationX": 20.0,
							"rotationY": -1.0,
							"rotationZ": -15.0,
							"faces": {
								"north": { "texture": "#material", "uv": [ 15.0, 6.25, 16.0, 10.25 ] },
								"east": { "texture": "#material", "uv": [ 12.5, 6.25, 13.5, 10.25 ] },
								"south": { "texture": "#material", "uv": [ 15.0, 6.25, 16.0, 10.25 ] },
								"west": { "texture": "#material", "uv": [ 12.5, 6.25, 13.5, 10.25 ] },
								"up": { "texture": "#material", "uv": [ 11.25, 2.75, 15.95, 6.25 ], "autoUv": false },
								"down": { "texture": "#material", "uv": [ 0.0, 0.0, 1.0, 1.0 ], "enabled": false }
							}
						},
						{
							"name": "crystal 13",
							"from": [ 0.3, 0.5, 0.3 ], 
							"to": [ 1.3, 6.0, 1.3 ], 
							"renderPass": 3,
							"rotationOrigin": [ 0.8, 0.5, 0.8 ],
							"rotationX": -30.0,
							"rotationY": 30.0,
							"rotationZ": 15.0,
							"faces": {
								"north": { "texture": "#material", "uv": [ 15.0, 6.25, 16.0, 11.75 ] },
								"east": { "texture": "#material", "uv": [ 11.25, 6.25, 12.25, 11.75 ] },
								"south": { "texture": "#material", "uv": [ 15.0, 6.25, 16.0, 11.75 ] },
								"west": { "texture": "#material", "uv": [ 11.25, 6.25, 12.25, 11.75 ] },
								"up": { "texture": "#material", "uv": [ 11.25, 2.75, 15.95, 6.25 ], "autoUv": false },
								"down": { "texture": "#material", "uv": [ 0.0, 0.0, 1.0, 1.0 ], "enabled": false }
							}
						},
						{
							"name": "crystal 14",
							"from": [ 0.5, 0.5, 0.6 ], 
							"to": [ 1.5, 4.0, 1.6 ], 
							"renderPass": 3,
							"rotationOrigin": [ 1.0, 0.5, 1.1 ],
							"rotationX": -41.0,
							"rotationZ": -30.0,
							"faces": {
								"north": { "texture": "#material", "uv": [ 15.0, 6.25, 16.0, 9.75 ] },
								"east": { "texture": "#material", "uv": [ 11.25, 6.25, 12.25, 9.75 ] },
								"south": { "texture": "#material", "uv": [ 15.0, 6.25, 16.0, 9.75 ] },
								"west": { "texture": "#material", "uv": [ 11.25, 6.25, 12.25, 9.75 ] },
								"up": { "texture": "#material", "uv": [ 11.25, 2.75, 15.95, 6.25 ], "autoUv": false },
								"down": { "texture": "#material", "uv": [ 0.0, 0.0, 1.0, 1.0 ], "enabled": false }
							}
						},
						{
							"name": "crystal 17",
							"from": [ 0.1, 0.5, 0.8 ], 
							"to": [ 1.6, 4.0, 2.3 ], 
							"renderPass": 3,
							"rotationOrigin": [ 0.8, 0.5, 1.5 ],
							"rotationX": 8.0,
							"rotationY": 14.0,
							"rotationZ": 30.0,
							"faces": {
								"north": { "texture": "#material", "uv": [ 11.25, 6.25, 12.75, 9.75 ] },
								"east": { "texture": "#material", "uv": [ 14.75, 6.25, 16.25, 9.75 ] },
								"south": { "texture": "#material", "uv": [ 11.25, 6.25, 12.75, 9.75 ] },
								"west": { "texture": "#material", "uv": [ 14.5, 6.25, 16.0, 9.75 ] },
								"up": { "texture": "#material", "uv": [ 11.25, 2.75, 15.95, 6.25 ], "autoUv": false },
								"down": { "texture": "#material", "uv": [ 0.0, 0.0, 1.5, 1.5 ], "enabled": false }
							}
						},
						{
							"name": "crystal 18",
							"from": [ 1.5, 0.7, 1.2 ], 
							"to": [ 2.0, 3.7, 1.7 ], 
							"renderPass": 3,
							"rotationOrigin": [ 1.7, 0.7, 1.4 ],
							"rotationX": 25.0,
							"rotationZ": -41.0,
							"faces": {
								"north": { "texture": "#material", "uv": [ 11.25, 6.25, 11.75, 9.25 ] },
								"east": { "texture": "#material", "uv": [ 12.0, 6.25, 12.5, 9.25 ] },
								"south": { "texture": "#material", "uv": [ 13.5, 6.25, 14.0, 9.25 ] },
								"west": { "texture": "#material", "uv": [ 14.75, 6.25, 15.25, 9.25 ] },
								"up": { "texture": "#material", "uv": [ 15.25, 6.5, 15.75, 7.0 ] },
								"down": { "texture": "#material", "uv": [ 0.0, 0.0, 0.5, 0.5 ], "enabled": false }
							}
						},
						{
							"name": "crystal 19",
							"from": [ 0.0, 0.4, 0.0 ], 
							"to": [ 0.5, 1.9, 0.5 ], 
							"renderPass": 3,
							"rotationOrigin": [ 0.2, 0.4, 0.2 ],
							"rotationY": -25.0,
							"rotationZ": 47.0,
							"faces": {
								"north": { "texture": "#material", "uv": [ 11.75, 6.25, 12.25, 7.75 ] },
								"east": { "texture": "#material", "uv": [ 14.25, 6.25, 14.75, 7.75 ] },
								"south": { "texture": "#material", "uv": [ 15.25, 6.25, 15.75, 7.75 ] },
								"west": { "texture": "#material", "uv": [ 12.5, 6.25, 13.0, 7.75 ] },
								"up": { "texture": "#material", "uv": [ 15.25, 6.5, 15.75, 7.0 ] },
								"down": { "texture": "#material", "uv": [ 0.0, 0.0, 0.5, 0.5 ], "enabled": false }
							}
						},
						{
							"name": "crystal 110",
							"from": [ 1.3, 0.7, 2.3 ], 
							"to": [ 1.8, 2.7, 2.8 ], 
							"renderPass": 3,
							"rotationOrigin": [ 1.5, 0.7, 2.5 ],
							"rotationX": 60.0,
							"rotationZ": -38.0,
							"faces": {
								"north": { "texture": "#material", "uv": [ 15.0, 6.25, 15.5, 8.25 ] },
								"east": { "texture": "#material", "uv": [ 13.25, 6.25, 13.75, 8.25 ] },
								"south": { "texture": "#material", "uv": [ 14.25, 6.25, 14.75, 8.25 ] },
								"west": { "texture": "#material", "uv": [ 11.75, 6.25, 12.25, 8.25 ] },
								"up": { "texture": "#material", "uv": [ 15.25, 6.5, 15.75, 7.0 ] },
								"down": { "texture": "#material", "uv": [ 0.0, 0.0, 0.5, 0.5 ], "enabled": false }
							}
						}
					]
				}
			]
		},
		{
			"name": "origin",
			"from": [ 6.0, -1.1, 12.0 ], 
			"to": [ 6.0, -1.1, 12.0 ], 
			"rotationOrigin": [ 6.0, -0.5, 12.0 ],
			"rotationX": 10.0,
			"rotationY": 22.5,
			"faces": {
				"north": { "texture": "#material", "uv": [ 6.5, 12.0, 6.5, 12.0 ], "enabled": false },
				"east": { "texture": "#material", "uv": [ 4.5, 11.0, 4.5, 11.0 ], "enabled": false },
				"south": { "texture": "#material", "uv": [ 5.5, 14.5, 5.5, 14.5 ], "enabled": false },
				"west": { "texture": "#material", "uv": [ 6.0, 13.0, 6.0, 13.0 ], "enabled": false },
				"up": { "texture": "#material", "uv": [ 11.0, 12.0, 11.0, 12.0 ], "enabled": false },
				"down": { "texture": "#material", "uv": [ 3.0, 14.0, 3.0, 14.0 ], "enabled": false }
			},
			"children": [
				{
					"name": "base2",
					"from": [ -1.0, 0.0, -1.0 ], 
					"to": [ 1.0, 1.0, 1.0 ], 
					"renderPass": 3,
					"faces": {
						"north": { "texture": "#material", "uv": [ 11.25, 6.25, 13.25, 7.25 ] },
						"east": { "texture": "#material", "uv": [ 11.25, 6.25, 13.25, 7.25 ] },
						"south": { "texture": "#material", "uv": [ 14.0, 6.25, 16.0, 7.25 ] },
						"west": { "texture": "#material", "uv": [ 14.0, 6.25, 16.0, 7.25 ] },
						"up": { "texture": "#material", "uv": [ 11.25, 2.75, 15.95, 6.25 ], "autoUv": false },
						"down": { "texture": "#material", "uv": [ 4.5, 14.0, 6.5, 16.0 ], "enabled": false }
					},
					"children": [
						{
							"name": "crystal 21",
							"from": [ 0.5, 0.7, 0.0 ], 
							"to": [ 1.0, 4.2, 0.5 ], 
							"renderPass": 3,
							"rotationOrigin": [ 0.7, 0.7, 0.2 ],
							"rotationX": -37.0,
							"faces": {
								"north": { "texture": "#material", "uv": [ 11.25, 6.25, 11.75, 9.75 ] },
								"east": { "texture": "#material", "uv": [ 14.25, 6.25, 14.75, 9.75 ] },
								"south": { "texture": "#material", "uv": [ 11.25, 6.25, 11.75, 9.75 ] },
								"west": { "texture": "#material", "uv": [ 15.25, 6.25, 15.75, 9.75 ] },
								"up": { "texture": "#material", "uv": [ 14.75, 6.75, 15.25, 7.25 ] },
								"down": { "texture": "#material", "uv": [ 0.0, 0.0, 0.5, 0.5 ], "enabled": false }
							}
						},
						{
							"name": "crystal 22",
							"from": [ 0.5, 0.5, 1.0 ], 
							"to": [ 1.5, 2.5, 2.0 ], 
							"renderPass": 3,
							"rotationOrigin": [ 1.0, 0.5, 1.5 ],
							"rotationX": 54.0,
							"rotationY": -1.0,
							"faces": {
								"north": { "texture": "#material", "uv": [ 13.0, 6.25, 14.0, 8.25 ] },
								"east": { "texture": "#material", "uv": [ 14.5, 6.25, 15.5, 8.25 ] },
								"south": { "texture": "#material", "uv": [ 15.0, 6.25, 16.0, 8.25 ] },
								"west": { "texture": "#material", "uv": [ 11.75, 6.25, 12.75, 8.25 ] },
								"up": { "texture": "#material", "uv": [ 11.25, 2.75, 15.95, 6.25 ], "autoUv": false },
								"down": { "texture": "#material", "uv": [ 0.0, 0.0, 1.0, 1.0 ], "enabled": false }
							}
						},
						{
							"name": "crystal 23",
							"from": [ 0.3, 0.5, 0.6 ], 
							"to": [ 1.3, 4.5, 1.6 ], 
							"renderPass": 3,
							"rotationOrigin": [ 0.8, 0.5, 1.1 ],
							"rotationX": 15.0,
							"rotationY": 6.0,
							"rotationZ": 2.0,
							"faces": {
								"north": { "texture": "#material", "uv": [ 11.25, 6.25, 12.25, 10.25 ] },
								"east": { "texture": "#material", "uv": [ 13.0, 6.25, 14.0, 10.25 ] },
								"south": { "texture": "#material", "uv": [ 11.25, 6.25, 12.25, 10.25 ] },
								"west": { "texture": "#material", "uv": [ 14.75, 6.25, 15.75, 10.25 ] },
								"up": { "texture": "#material", "uv": [ 11.25, 2.75, 15.95, 6.25 ], "autoUv": false },
								"down": { "texture": "#material", "uv": [ 0.0, 0.0, 1.0, 1.0 ], "enabled": false }
							}
						},
						{
							"name": "crystal 24",
							"from": [ 0.8, 0.4, 0.2 ], 
							"to": [ 1.8, 2.9, 1.2 ], 
							"renderPass": 3,
							"rotationOrigin": [ 1.3, 0.4, 0.7 ],
							"rotationX": -31.0,
							"rotationZ": -30.0,
							"faces": {
								"north": { "texture": "#material", "uv": [ 11.25, 6.25, 12.25, 8.75 ] },
								"east": { "texture": "#material", "uv": [ 15.0, 6.25, 16.0, 8.75 ] },
								"south": { "texture": "#material", "uv": [ 11.25, 6.25, 12.25, 8.75 ] },
								"west": { "texture": "#material", "uv": [ 15.0, 6.25, 16.0, 8.75 ] },
								"up": { "texture": "#material", "uv": [ 11.25, 2.75, 15.95, 6.25 ], "autoUv": false },
								"down": { "texture": "#material", "uv": [ 0.0, 0.0, 1.0, 1.0 ], "enabled": false }
							}
						},
						{
							"name": "crystal 27",
							"from": [ 0.0, 0.5, 0.5 ], 
							"to": [ 1.0, 3.5, 1.5 ], 
							"renderPass": 3,
							"rotationOrigin": [ 0.5, 0.5, 1.0 ],
							"rotationX": 8.0,
							"rotationY": 9.5,
							"rotationZ": 45.0,
							"faces": {
								"north": { "texture": "#material", "uv": [ 15.0, 6.25, 16.0, 9.25 ] },
								"east": { "texture": "#material", "uv": [ 11.25, 6.25, 12.25, 9.25 ] },
								"south": { "texture": "#material", "uv": [ 15.0, 6.25, 16.0, 9.25 ] },
								"west": { "texture": "#material", "uv": [ 11.25, 6.25, 12.25, 9.25 ] },
								"up": { "texture": "#material", "uv": [ 11.25, 2.75, 15.95, 6.25 ], "autoUv": false },
								"down": { "texture": "#material", "uv": [ 0.0, 0.0, 1.0, 1.0 ], "enabled": false }
							}
						},
						{
							"name": "crystal 28",
							"from": [ 1.5, 0.7, 1.2 ], 
							"to": [ 2.0, 3.2, 1.7 ], 
							"renderPass": 3,
							"rotationOrigin": [ 1.7, 0.7, 1.4 ],
							"rotationX": 25.0,
							"rotationZ": -41.0,
							"faces": {
								"north": { "texture": "#material", "uv": [ 11.25, 6.25, 11.75, 8.75 ] },
								"east": { "texture": "#material", "uv": [ 12.5, 6.25, 13.0, 8.75 ] },
								"south": { "texture": "#material", "uv": [ 11.25, 6.25, 11.75, 8.75 ] },
								"west": { "texture": "#material", "uv": [ 12.25, 6.25, 12.75, 8.75 ] },
								"up": { "texture": "#material", "uv": [ 15.25, 6.5, 15.75, 7.0 ] },
								"down": { "texture": "#material", "uv": [ 0.0, 0.0, 0.5, 0.5 ], "enabled": false }
							}
						},
						{
							"name": "crystal 29",
							"from": [ 0.0, 0.6, 0.0 ], 
							"to": [ 0.5, 2.1, 0.5 ], 
							"renderPass": 3,
							"rotationOrigin": [ 0.2, 0.6, 0.2 ],
							"rotationY": -33.0,
							"rotationZ": 55.0,
							"faces": {
								"north": { "texture": "#material", "uv": [ 12.0, 6.25, 12.5, 7.75 ] },
								"east": { "texture": "#material", "uv": [ 13.75, 6.25, 14.25, 7.75 ] },
								"south": { "texture": "#material", "uv": [ 12.25, 6.25, 12.75, 7.75 ] },
								"west": { "texture": "#material", "uv": [ 15.0, 6.25, 15.5, 7.75 ] },
								"up": { "texture": "#material", "uv": [ 15.25, 6.5, 15.75, 7.0 ] },
								"down": { "texture": "#material", "uv": [ 0.0, 0.0, 0.5, 0.5 ], "enabled": false }
							}
						}
					]
				}
			]
		},
		{
			"name": "origin",
			"from": [ 7.0, -0.8, 7.0 ], 
			"to": [ 7.0, -0.8, 7.0 ], 
			"rotationOrigin": [ 7.0, -0.8, 7.0 ],
			"rotationY": 16.0,
			"rotationZ": -16.0,
			"faces": {
				"north": { "texture": "#material", "uv": [ 6.5, 12.0, 6.5, 12.0 ], "enabled": false },
				"east": { "texture": "#material", "uv": [ 4.5, 11.0, 4.5, 11.0 ], "enabled": false },
				"south": { "texture": "#material", "uv": [ 5.5, 14.5, 5.5, 14.5 ], "enabled": false },
				"west": { "texture": "#material", "uv": [ 6.0, 13.0, 6.0, 13.0 ], "enabled": false },
				"up": { "texture": "#material", "uv": [ 11.0, 12.0, 11.0, 12.0 ], "enabled": false },
				"down": { "texture": "#material", "uv": [ 3.0, 14.0, 3.0, 14.0 ], "enabled": false }
			},
			"children": [
				{
					"name": "base3",
					"from": [ -1.0, 0.0, -1.0 ], 
					"to": [ 1.0, 1.0, 2.0 ], 
					"renderPass": 3,
					"faces": {
						"north": { "texture": "#material", "uv": [ 11.25, 6.25, 13.25, 7.25 ] },
						"east": { "texture": "#material", "uv": [ 13.0, 6.25, 16.0, 7.25 ] },
						"south": { "texture": "#material", "uv": [ 11.25, 6.25, 13.25, 7.25 ] },
						"west": { "texture": "#material", "uv": [ 13.0, 6.25, 16.0, 7.25 ] },
						"up": { "texture": "#material", "uv": [ 11.25, 2.75, 15.95, 6.25 ], "autoUv": false },
						"down": { "texture": "#material", "uv": [ 11.0, 9.5, 13.0, 12.5 ], "enabled": false }
					},
					"children": [
						{
							"name": "crystal 31",
							"from": [ 0.5, 0.5, 1.9 ], 
							"to": [ 1.5, 5.5, 2.9 ], 
							"renderPass": 3,
							"rotationOrigin": [ 1.0, 0.5, 2.4 ],
							"rotationX": 35.0,
							"faces": {
								"north": { "texture": "#material", "uv": [ 11.25, 6.25, 12.25, 11.25 ] },
								"east": { "texture": "#material", "uv": [ 15.0, 6.25, 16.0, 11.25 ] },
								"south": { "texture": "#material", "uv": [ 11.25, 6.25, 12.25, 11.25 ] },
								"west": { "texture": "#material", "uv": [ 15.0, 6.25, 16.0, 11.25 ] },
								"up": { "texture": "#material", "uv": [ 11.25, 2.75, 15.95, 6.25 ], "autoUv": false },
								"down": { "texture": "#material", "uv": [ 0.0, 0.0, 1.0, 1.0 ], "enabled": false }
							}
						},
						{
							"name": "crystal 32",
							"from": [ 0.6, 0.5, 1.2 ], 
							"to": [ 1.6, 4.5, 2.2 ], 
							"renderPass": 3,
							"rotationOrigin": [ 1.1, 0.5, 1.7 ],
							"rotationX": 20.0,
							"rotationY": -1.0,
							"rotationZ": -15.0,
							"faces": {
								"north": { "texture": "#material", "uv": [ 11.25, 6.25, 12.25, 10.25 ] },
								"east": { "texture": "#material", "uv": [ 15.0, 6.25, 16.0, 10.25 ] },
								"south": { "texture": "#material", "uv": [ 11.25, 6.25, 12.25, 10.25 ] },
								"west": { "texture": "#material", "uv": [ 15.0, 6.25, 16.0, 10.25 ] },
								"up": { "texture": "#material", "uv": [ 11.25, 2.75, 15.95, 6.25 ], "autoUv": false },
								"down": { "texture": "#material", "uv": [ 0.0, 0.0, 1.0, 1.0 ], "enabled": false }
							}
						},
						{
							"name": "crystal 33",
							"from": [ 0.3, 0.5, 0.3 ], 
							"to": [ 1.3, 6.0, 1.3 ], 
							"renderPass": 3,
							"rotationOrigin": [ 0.8, 0.5, 0.8 ],
							"rotationX": -30.0,
							"rotationY": 30.0,
							"rotationZ": 15.0,
							"faces": {
								"north": { "texture": "#material", "uv": [ 12.5, 6.25, 13.5, 11.75 ] },
								"east": { "texture": "#material", "uv": [ 14.25, 6.25, 15.25, 11.75 ] },
								"south": { "texture": "#material", "uv": [ 12.75, 6.25, 13.75, 11.75 ] },
								"west": { "texture": "#material", "uv": [ 14.5, 6.25, 15.5, 11.75 ] },
								"up": { "texture": "#material", "uv": [ 11.25, 2.75, 15.95, 6.25 ], "autoUv": false },
								"down": { "texture": "#material", "uv": [ 0.0, 0.0, 1.0, 1.0 ], "enabled": false }
							}
						},
						{
							"name": "crystal 34",
							"from": [ 0.5, 0.5, 0.6 ], 
							"to": [ 1.5, 4.0, 1.6 ], 
							"renderPass": 3,
							"rotationOrigin": [ 1.0, 0.5, 1.1 ],
							"rotationX": -41.0,
							"rotationZ": -30.0,
							"faces": {
								"north": { "texture": "#material", "uv": [ 11.25, 6.25, 12.25, 9.75 ] },
								"east": { "texture": "#material", "uv": [ 13.0, 6.25, 14.0, 9.75 ] },
								"south": { "texture": "#material", "uv": [ 11.25, 6.25, 12.25, 9.75 ] },
								"west": { "texture": "#material", "uv": [ 13.0, 6.25, 14.0, 9.75 ] },
								"up": { "texture": "#material", "uv": [ 11.25, 2.75, 15.95, 6.25 ], "autoUv": false },
								"down": { "texture": "#material", "uv": [ 0.0, 0.0, 1.0, 1.0 ], "enabled": false }
							}
						},
						{
							"name": "crystal 37",
							"from": [ 0.1, 0.5, 0.8 ], 
							"to": [ 1.6, 4.0, 2.3 ], 
							"renderPass": 3,
							"rotationOrigin": [ 0.8, 0.5, 1.5 ],
							"rotationX": 8.0,
							"rotationY": 14.0,
							"rotationZ": 30.0,
							"faces": {
								"north": { "texture": "#material", "uv": [ 14.5, 6.25, 16.0, 9.75 ] },
								"east": { "texture": "#material", "uv": [ 11.25, 6.25, 12.75, 9.75 ] },
								"south": { "texture": "#material", "uv": [ 14.5, 6.25, 16.0, 9.75 ] },
								"west": { "texture": "#material", "uv": [ 11.25, 6.25, 12.75, 9.75 ] },
								"up": { "texture": "#material", "uv": [ 11.25, 2.75, 15.95, 6.25 ], "autoUv": false },
								"down": { "texture": "#material", "uv": [ 0.0, 0.0, 1.5, 1.5 ], "enabled": false }
							}
						},
						{
							"name": "crystal 38",
							"from": [ 1.5, 0.7, 1.2 ], 
							"to": [ 2.0, 3.7, 1.7 ], 
							"renderPass": 3,
							"rotationOrigin": [ 1.7, 0.7, 1.4 ],
							"rotationX": 25.0,
							"rotationZ": -41.0,
							"faces": {
								"north": { "texture": "#material", "uv": [ 11.25, 6.25, 11.75, 9.25 ] },
								"east": { "texture": "#material", "uv": [ 13.5, 6.25, 14.0, 9.25 ] },
								"south": { "texture": "#material", "uv": [ 15.0, 6.25, 15.5, 9.25 ] },
								"west": { "texture": "#material", "uv": [ 13.0, 6.25, 13.5, 9.25 ] },
								"up": { "texture": "#material", "uv": [ 15.0, 6.5, 15.5, 7.0 ] },
								"down": { "texture": "#material", "uv": [ 0.0, 0.0, 0.5, 0.5 ], "enabled": false }
							}
						},
						{
							"name": "crystal 39",
							"from": [ 0.0, 0.4, 0.0 ], 
							"to": [ 0.5, 1.9, 0.5 ], 
							"renderPass": 3,
							"rotationOrigin": [ 0.2, 0.4, 0.2 ],
							"rotationY": -25.0,
							"rotationZ": 47.0,
							"faces": {
								"north": { "texture": "#material", "uv": [ 11.75, 6.25, 12.25, 7.75 ] },
								"east": { "texture": "#material", "uv": [ 13.75, 6.25, 14.25, 7.75 ] },
								"south": { "texture": "#material", "uv": [ 13.25, 6.25, 13.75, 7.75 ] },
								"west": { "texture": "#material", "uv": [ 15.25, 6.25, 15.75, 7.75 ] },
								"up": { "texture": "#material", "uv": [ 15.0, 6.5, 15.5, 7.0 ] },
								"down": { "texture": "#material", "uv": [ 0.0, 0.0, 0.5, 0.5 ], "enabled": false }
							}
						},
						{
							"name": "crystal 310",
							"from": [ 1.3, 0.7, 2.3 ], 
							"to": [ 1.8, 2.7, 2.8 ], 
							"renderPass": 3,
							"rotationOrigin": [ 1.5, 0.7, 2.5 ],
							"rotationX": 60.0,
							"rotationZ": -38.0,
							"faces": {
								"north": { "texture": "#material", "uv": [ 12.5, 6.25, 13.0, 8.25 ] },
								"east": { "texture": "#material", "uv": [ 11.5, 6.25, 12.0, 8.25 ] },
								"south": { "texture": "#material", "uv": [ 13.0, 6.25, 13.5, 8.25 ] },
								"west": { "texture": "#material", "uv": [ 14.75, 6.25, 15.25, 8.25 ] },
								"up": { "texture": "#material", "uv": [ 15.0, 6.5, 15.5, 7.0 ] },
								"down": { "texture": "#material", "uv": [ 0.0, 0.0, 0.5, 0.5 ], "enabled": false }
							}
						}
					]
				}
			]
		}
	]}