[
	{
    "file": "wildcrafttree:blocktypes/wood/woodtyped/thintrunk.json",
    "side": "server",
    "op": "add",
    "path": "/attributes/workStationTransformsByType",
    "value": {
      "*-placed-*":{
        "idgChoppingBlockProps": {               
            "idgChoppingBlockTransform": {
            "translation": {
              "x": 0,
              "y": 0.0955,
              "z": 0
            },
            "rotation": {
              "x": 0,
              "y": 0,
              "z": 0
            }
          }
				}
			}
		},
		"dependsOn": [ { "modid": "wildcrafttree" } ]
	},
	{
    "file": "wildcrafttree:blocktypes/wood/woodtyped/thintrunk.json",
    "op": "remove",
		"side": "server",
    "path": "/resistance",
		"dependsOn": [ { "modid": "wildcrafttree" } ]
	},
  {
    "file": "wildcrafttree:blocktypes/wood/woodtyped/thintrunk.json",
    "op": "add",
		"side": "server",
    "path": "/resistanceByType",
		"comment": "Narrow logs have their hardness reduced by half",
		"comment2": "Based on research, the WiliWili tree was determined to have an approximate hardness of 0.89",
		"comment3": "This information was derived from Balsa having a specific gravity of 0.17",
		"comment4": "and the Lecythis pisonis, which has a specific gravity of 1, and a Janka Hardness of 1200",
		"comment5": "Since Wiliwili is known to be harder than balsa, but equally light, it was assigned an arbitrary",
		"comment6": "specific gravity of 0.25. (1200*.025)/337 = 0.89.  You're welcome",
    "value": {
		"*-alder-*": 1.75,
    "*-banyan-*": 3.47,
		"*-bearnut-*": 0.73,
		"*-beech-*": 1.93,
		"*-bluemahoe-*": 2.11,
		"*-brideinwhite-*": 1.41,
		"*-catalpa-*": 0.82,
		"*-cedar-*": 1.34,
		"*-chlorociboria-*": 0.73,
		"*-dalbergia-*": 3.74,
		"*-douglasfir-*": 0.97,
		"*-elm-*": 1.14,
		"*-empresstree-*": 1.93,
		"*-eucalyptus-*": 1.67,
		"*-ghost gum-*": 2.23,
		"*-ginkgo-*": 1.60,
		"*-guajacum-*": 6.68,
		"*-honey locust-*": 2.30,
		"*-jacaranda-*": 4.24,
		"*-kauri-*": 2.00,
		"*-mahogany-*": 3.65,
		"*-ohia-*": 3.10,
		"*-petrified-*": 5.93,
		"*-poplar-*": 0.80,
		"*-red cedar-*": 1.34,
		"*-sal-*": 3.08,
		"*-satin ash-*": 2.20,
		"*-saxaul-*": 1.83,
		"*-sourwood-*": 2.70,
		"*-spruce-*": 0.86,
		"*-sycamore-*": 1.14,
		"*-tuja-*": 1.72,
		"*-umnini-*": 4.76,
		"*-willow-*": 0.86,
		"*-redwillow-*": 0.86,
		"*-whitewillow-*": 1.20,
		"*-wiliwili-*": 0.89,
		"*-yew-*": 2.25,
		"*": 2.25
    },
		"dependsOn": [ { "modid": "wildcrafttree" } ]
  }
]