{
	"editor": {
		"collapsedPaths": "Root/Base/Barrel4,Root/Base/Barrel1,Root/RimMoverLeft/Quadrant10-12,Root/HubL,Root/Base/Barrel1/Barrel2,Root/Base/HubLeft/HubFatPart,Root/RimMoverRight1/Hub,Root/Base/Barrel1/Barrel4,Root/Base/Barrel1/Barrel1Detail2,Root/Hub,Root/HubRight/HubFatPart,Root/RimMoverLeft/Quadrant1-3,Root/RimMoverRight1/RimMover,Root/RimMoverLeft/Quadrant7-9,Root/Gun/Detail1,Root/HubRight/HubFatPart2,Root/Base/BaseRight1,Root/RimMoverRight2,Root/RimMoverRight1,Root/RimMoverLeft/Hub,Root/RimMoverLeft/RimMover,Root/Base/Gun,Root/HubRight,Root/Gun/BarrelStart2,Root/Base/Barrel1/Barrel2/Barrel3,Root/Base/Barrel4/Barrel5,Root/RimMoverLeft1,Root/RimMoverLeft2,Root/RimMover,Root/Base/HubLeft,Root/BarrelStart,Root/HubLeft,Root/Base/Barrel4/Barrel1Detail5,Root/Base/Barrel1/BarrelDetail3,Root/Gun/BarrelPart2,Root/Gun/BarrelPart1,Root/Base/Barrel1/BarrelDetail1,Root/Gun/BarrelPart4,Root/Base/BaseLeft1,Root/Gun/BarrelPart3,Root/Base/HubLeft/WheelLeft2,Root/RimMoverLeft/Quadrant4-6,Root/Base/Barrel4/Barrel5/Barrel6,Root/Base/HubRight,Root/HubLeft/HubFatPart",
		"allAngles": true,
		"entityTextureMode": false
	},
	"textureWidth": 16,
	"textureHeight": 16,
	"textureSizes": {
	},
	"textures": {
	},
	"elements": [
		{
			"name": "Base",
			"from": [ 2.0, 12.0, 1.0 ],
			"to": [ 14.0, 20.0, 15.0 ],
			"rotationOrigin": [ 8.0, 15.0, 9.0 ],
			"rotationX": 16.0,
			"faces": {
				"north": { "texture": "#generic", "uv": [ 0.0, 6.0, 12.0, 14.0 ], "windMode": [-1,-1,-1,-1], "windData": [0,1,1,0] },
				"south": { "texture": "#generic", "uv": [ 2.0, 4.0, 14.0, 12.0 ], "windMode": [-1,-1,-1,-1] },
				"up": { "texture": "#generic", "uv": [ 0.0, 0.0, 14.0, 12.0 ], "rotation": 90, "windMode": [-1,-1,-1,-1], "windData": [1,0,0,1] },
				"down": { "texture": "#generic", "uv": [ 0.0, 0.0, 14.0, 12.0 ], "rotation": 90, "windMode": [-1,-1,-1,-1] }
			},
			"children": [
				{
					"name": "BaseLeft1",
					"from": [ -4.0, -1.0, -1.0 ],
					"to": [ 0.0, 9.0, 15.0 ],
					"rotationOrigin": [ -4.0, -1.0, -1.0 ],
					"rotationY": 10.0,
					"faces": {
						"north": { "texture": "#plainoak", "uv": [ 0.0, 0.0, 4.0, 10.0 ] },
						"east": { "texture": "#plainoak", "uv": [ 0.0, 0.0, 16.0, 10.0 ], "windMode": [-1,-1,-1,-1], "windData": [0,1,1,0] },
						"south": { "texture": "#plainoak", "uv": [ 0.0, 0.0, 4.0, 10.0 ], "windMode": [-1,-1,-1,-1], "windData": [0,0,1,1] },
						"west": { "texture": "#plainoak", "uv": [ 0.0, 0.0, 16.0, 10.0 ], "windMode": [-1,-1,-1,-1], "windData": [0,0,1,1] },
						"up": { "texture": "#plainoak", "uv": [ 0.0, 0.0, 16.0, 4.0 ], "rotation": 90, "windMode": [-1,-1,-1,-1], "windData": [1,1,1,1] },
						"down": { "texture": "#plainoak", "uv": [ 0.0, 0.0, 16.0, 4.0 ], "rotation": 90, "windMode": [-1,-1,-1,-1] }
					},
					"children": [
						{
							"name": "BaseLeft2",
							"from": [ 0.0, 0.01, 16.0 ],
							"to": [ 8.0, 9.01, 32.0 ],
							"rotationOrigin": [ 4.0, 3.0, 16.0 ],
							"rotationY": -3.0,
							"faces": {
								"north": { "texture": "#plainoak", "uv": [ 3.5, 5.0, 11.5, 14.0 ], "windMode": [-1,-1,-1,-1], "windData": [0,1,1,0] },
								"east": { "texture": "#plainoak", "uv": [ 0.0, 3.0, 16.0, 12.0 ], "windMode": [-1,-1,-1,-1] },
								"south": { "texture": "#plainoak", "uv": [ 1.5, 5.0, 10.5, 13.0 ], "rotation": 90, "windMode": [-1,-1,-1,-1] },
								"west": { "texture": "#plainoak", "uv": [ 0.0, 4.0, 16.0, 13.0 ], "windMode": [-1,-1,-1,-1] },
								"up": { "texture": "#plainoak", "uv": [ 0.0, 3.0, 16.0, 11.0 ], "rotation": 90, "windMode": [-1,-1,-1,-1] },
								"down": { "texture": "#plainoak", "uv": [ 0.0, 1.5, 16.0, 9.5 ], "rotation": 90, "windMode": [-1,-1,-1,-1] }
							},
							"children": [
								{
									"name": "BaseLeft3",
									"from": [ 0.01, -0.01, 15.0 ],
									"to": [ 5.99, 7.99, 31.0 ],
									"rotationOrigin": [ 4.0, 3.0, 15.0 ],
									"faces": {
										"east": { "texture": "#plainoak", "uv": [ 0.0, 3.0, 16.0, 11.0 ], "windMode": [-1,-1,-1,-1] },
										"west": { "texture": "#plainoak", "uv": [ 0.0, 4.0, 16.0, 12.0 ], "windMode": [-1,-1,-1,-1] },
										"up": { "texture": "#plainoak", "uv": [ 0.0, 0.0, 16.0, 5.5 ], "rotation": 90, "windMode": [-1,-1,-1,-1] },
										"down": { "texture": "#plainoak", "uv": [ 0.0, 1.5, 16.0, 7.0 ], "rotation": 90, "windMode": [-1,-1,-1,-1] }
									}
								}
							]
						},
						{
							"name": "GunAnchorLeft",
							"from": [ 0.5, 10.0, 2.79 ],
							"to": [ 3.5, 17.0, 17.79 ],
							"rotationOrigin": [ 0.0055, 10.0, 2.7907 ],
							"rotationX": 30.0,
							"faces": {
								"north": { "texture": "#iron1", "uv": [ 0.0, 0.0, 3.0, 7.0 ] },
								"east": { "texture": "#iron1", "uv": [ 0.0, 0.0, 15.0, 7.0 ] },
								"south": { "texture": "#iron1", "uv": [ 0.0, 0.0, 3.0, 7.0 ] },
								"west": { "texture": "#iron1", "uv": [ 0.0, 0.0, 15.0, 7.0 ] },
								"up": { "texture": "#iron1", "uv": [ 0.0, 0.0, 3.0, 15.0 ] },
								"down": { "texture": "#iron1", "uv": [ 0.0, 0.0, 3.0, 15.0 ] }
							}
						}
					]
				},
				{
					"name": "BaseRight1",
					"from": [ 12.0, -1.0, -1.0 ],
					"to": [ 16.0, 9.0, 15.0 ],
					"rotationOrigin": [ 16.0, -1.0, -1.0 ],
					"rotationY": -10.0,
					"faces": {
						"north": { "texture": "#plainoak", "uv": [ 2.5, 6.0, 6.5, 16.0 ], "windMode": [-1,-1,-1,-1], "windData": [0,1,1,0] },
						"east": { "texture": "#plainoak", "uv": [ 0.0, 3.0, 16.0, 13.0 ], "windMode": [-1,-1,-1,-1], "windData": [0,1,1,0] },
						"south": { "texture": "#plainoak", "uv": [ 4.5, 2.5, 14.5, 6.5 ], "rotation": 90, "windMode": [-1,-1,-1,-1], "windData": [0,0,1,1] },
						"west": { "texture": "#plainoak", "uv": [ 0.0, 3.5, 16.0, 13.5 ], "windMode": [-1,-1,-1,-1], "windData": [0,0,1,1] },
						"up": { "texture": "#plainoak", "uv": [ 0.0, 6.5, 16.0, 10.5 ], "rotation": 90, "windMode": [-1,-1,-1,-1], "windData": [1,1,1,1] },
						"down": { "texture": "#plainoak", "uv": [ 0.0, 3.0, 16.0, 7.0 ], "rotation": 90, "windMode": [-1,-1,-1,-1] }
					},
					"children": [
						{
							"name": "BaseRight2",
							"from": [ -4.0, 0.0, 16.0 ],
							"to": [ 4.0, 9.0, 32.0 ],
							"rotationOrigin": [ -4.0, 3.0, 16.0 ],
							"rotationY": 3.0,
							"faces": {
								"north": { "texture": "#plainoak", "uv": [ 5.5, 4.0, 13.5, 13.0 ], "windMode": [-1,-1,-1,-1], "windData": [0,1,1,0] },
								"east": { "texture": "#plainoak", "uv": [ 0.0, 3.0, 16.0, 12.0 ], "windMode": [-1,-1,-1,-1] },
								"south": { "texture": "#plainoak", "uv": [ 4.5, 2.0, 13.5, 10.0 ], "rotation": 90, "windMode": [-1,-1,-1,-1] },
								"west": { "texture": "#plainoak", "uv": [ 0.0, 8.5, 16.0, 17.5 ], "windMode": [-1,-1,-1,-1] },
								"up": { "texture": "#plainoak", "uv": [ 0.0, 6.5, 16.0, 14.5 ], "rotation": 90, "windMode": [-1,-1,-1,-1] },
								"down": { "texture": "#plainoak", "uv": [ 0.0, 3.0, 16.0, 11.0 ], "rotation": 90, "windMode": [-1,-1,-1,-1] }
							},
							"children": [
								{
									"name": "BaseRIght3",
									"from": [ 2.01, 0.01, 15.0 ],
									"to": [ 7.99, 8.01, 31.0 ],
									"rotationOrigin": [ 2.0, 3.0, 15.0 ],
									"faces": {
										"east": { "texture": "#plainoak", "uv": [ 0.0, 1.0, 16.0, 9.0 ], "windMode": [-1,-1,-1,-1] },
										"west": { "texture": "#plainoak", "uv": [ 0.0, 4.0, 16.0, 12.0 ], "windMode": [-1,-1,-1,-1] },
										"up": { "texture": "#plainoak", "uv": [ 0.0, 5.0, 16.0, 10.5 ], "rotation": 90, "windMode": [-1,-1,-1,-1] },
										"down": { "texture": "#plainoak", "uv": [ 0.0, 6.5, 16.0, 12.0 ], "rotation": 90, "windMode": [-1,-1,-1,-1] }
									}
								}
							]
						},
						{
							"name": "GunAnchorRight",
							"from": [ 0.5, 10.0, 3.09 ],
							"to": [ 3.5, 17.0, 18.09 ],
							"rotationOrigin": [ -0.7365, 10.0, 3.0934 ],
							"rotationX": 31.567,
							"faces": {
								"north": { "texture": "#iron1", "uv": [ 13.0, 4.0, 16.0, 11.0 ] },
								"east": { "texture": "#iron1", "uv": [ 1.0, 3.5, 16.0, 10.5 ] },
								"south": { "texture": "#iron1", "uv": [ 11.0, 4.5, 14.0, 11.5 ] },
								"west": { "texture": "#iron1", "uv": [ 1.5, 4.0, 16.5, 11.0 ] },
								"up": { "texture": "#iron1", "uv": [ 13.0, 0.5, 16.0, 15.5 ] },
								"down": { "texture": "#iron1", "uv": [ 13.0, 0.5, 16.0, 15.5 ] }
							}
						}
					]
				},
				{
					"name": "BeamLeft",
					"from": [ -13.0, 0.6968, 4.9426 ],
					"to": [ 3.0, 4.6968, 8.9426 ],
					"rotationOrigin": [ -13.0, 2.6968, 6.9426 ],
					"rotationX": 164.0,
					"faces": {
						"north": { "texture": "#generic", "uv": [ 0.0, 2.0, 16.0, 6.0 ] },
						"south": { "texture": "#generic", "uv": [ 0.0, 8.5, 16.0, 12.5 ] },
						"west": { "texture": "#generic", "uv": [ 6.0, 6.0, 10.0, 10.0 ], "windMode": [-1,-1,-1,-1], "windData": [1,1,0,0] },
						"up": { "texture": "#generic", "uv": [ 0.0, 1.5, 16.0, 5.5 ] },
						"down": { "texture": "#generic", "uv": [ 0.0, 2.5, 16.0, 6.5 ] }
					}
				},
				{
					"name": "BeamRight",
					"from": [ 25.0, 0.6968, 4.9426 ],
					"to": [ 41.0, 4.6968, 8.9426 ],
					"rotationOrigin": [ 25.0, 2.6968, 6.9426 ],
					"rotationX": 164.0,
					"rotationZ": -180.0,
					"faces": {
						"north": { "texture": "#generic", "uv": [ 0.0, 0.0, 16.0, 4.0 ] },
						"south": { "texture": "#generic", "uv": [ 0.0, 3.0, 16.0, 7.0 ] },
						"west": { "texture": "#generic", "uv": [ 6.0, 6.0, 10.0, 10.0 ], "windMode": [-1,-1,-1,-1], "windData": [0,0,1,1] },
						"up": { "texture": "#generic", "uv": [ 0.0, 3.0, 16.0, 7.0 ] },
						"down": { "texture": "#generic", "uv": [ 0.0, 8.5, 16.0, 12.5 ] }
					}
				},
				{
					"name": "Back",
					"from": [ 2.3, -0.88, 43.95 ],
					"to": [ 9.7, 7.12, 50.95 ],
					"rotationOrigin": [ 6.5067, 2.1161, 43.9459 ],
					"rotationZ": 0.562,
					"faces": {
						"east": { "texture": "#iron1", "uv": [ 9.0, 5.5, 16.0, 13.5 ], "windMode": [-1,-1,-1,-1] },
						"south": { "texture": "#iron1", "uv": [ 7.5, 5.0, 14.5, 13.0 ], "windMode": [-1,-1,-1,-1] },
						"west": { "texture": "#iron1", "uv": [ 0.0, 5.5, 7.0, 13.5 ], "windMode": [-1,-1,-1,-1] },
						"up": { "texture": "#iron1", "uv": [ 4.0, 0.0, 11.0, 7.0 ], "windMode": [-1,-1,-1,-1] },
						"down": { "texture": "#iron1", "uv": [ 7.0, 0.0, 14.0, 7.0 ], "windMode": [-1,-1,-1,-1] }
					}
				}
			]
		},
		{
			"name": "RimMoverLeft",
			"from": [ -10.0, 14.0, 7.0 ],
			"to": [ -8.0, 16.0, 9.0 ],
			"rotationOrigin": [ -10.0, 15.0, 8.0 ],
			"faces": {
			}
		},
		{
			"name": "RimMoverRight",
			"from": [ 25.0, 14.0, 7.0 ],
			"to": [ 27.0, 16.0, 9.0 ],
			"rotationOrigin": [ 25.0, 15.0, 8.0 ],
			"faces": {
			}
		},
		{
			"name": "Gun",
			"from": [ 8.0, 24.2, 8.6 ],
			"to": [ 8.0, 24.2, 8.6 ],
			"rotationOrigin": [ 8.0, 24.2, 8.6 ],
			"faces": {
			}
		}
	]}