{
	"editor": {
		"collapsedPaths": "Root/Base/Barrel4,Root/Base/Barrel1,Root/RimMoverLeft/Quadrant10-12,Root/Base/Barrel1/Barrel2,Root/Base/HubLeft/HubFatPart,Root/RimMoverRight1/Hub,Root/Root/Hub2,Root/Base/Barrel1/Barrel4,Root/Base/Barrel1/Barrel1Detail2,Root/Hub,Root/HubRight/HubFatPart,Root/RimMoverLeft/Quadrant1-3,Root/RimMoverRight1/RimMover,Root/RimMoverLeft/Quadrant7-9,Root/Gun/Detail1,Root/Base/BaseRight1,Root/RimMoverRight2,Root/RimMoverRight1,Root/RimMoverLeft/Hub,Root/RimMoverRight,Root/RimMoverLeft/RimMover,Root/Base/Gun,Root/Gun,Root/HubRight,Root/Gun/BarrelStart2,Root/Base/Barrel1/Barrel2/Barrel3,Root/Root/RimMover,Root/Base/Barrel4/Barrel5,Root/RimMoverLeft1,Root/RimMoverLeft2,Root/Base,Root/RimMover,Root/Base/HubLeft,Root/BarrelStart,Root/HubLeft,Root/Base/Barrel4/Barrel1Detail5,Root/Root/Hub,Root/Base/Barrel1/BarrelDetail3,Root/Gun/BarrelPart2,Root/Gun/BarrelPart1,Root/Base/Barrel1/BarrelDetail1,Root/Base/BaseLeft1,Root/Gun/BarrelPart4,Root/Root/RimMover2,Root/Gun/BarrelPart3,Root/Base/HubLeft/WheelLeft2,Root/RimMoverLeft/Quadrant4-6,Root/Base/Barrel4/Barrel5/Barrel6,Root/Base/HubRight,Root/HubLeft/HubFatPart",
		"allAngles": true,
		"entityTextureMode": false
	},
	"textureWidth": 16,
	"textureHeight": 16,
	"textureSizes": {
	},
	"textures": {
	},
	"elements": [
		{
			"name": "Root",
			"from": [ 8.0, 0.0, 8.0 ],
			"to": [ 8.0, 0.0, 8.0 ],
			"rotationOrigin": [ 8.0, 0.0, 8.0 ],
			"rotationY": -90.0,
			"faces": {
			},
			"children": [
				{
					"name": "Base",
					"from": [ 0.0, 9.0, -7.0 ],
					"to": [ 0.0, 9.0, -7.0 ],
					"rotationOrigin": [ 0.0, 12.0, 1.0 ],
					"rotationX": 16.0,
					"faces": {
					},
					"children": [
						{
							"name": "Base1",
							"from": [ -3.0, 0.0, -1.0 ],
							"to": [ 3.0, 4.0, 12.0 ],
							"rotationOrigin": [ -3.0, 0.0, -1.0 ],
							"faces": {
								"north": { "texture": "#plainoak", "uv": [ 0.0, 0.0, 6.0, 4.0 ] },
								"east": { "texture": "#plainoak", "uv": [ 0.0, 0.0, 13.0, 4.0 ], "windMode": [-1,-1,-1,-1], "windData": [0,1,1,0] },
								"south": { "texture": "#plainoak", "uv": [ 0.0, 0.0, 6.0, 4.0 ], "windMode": [-1,-1,-1,-1], "windData": [0,0,1,1] },
								"west": { "texture": "#plainoak", "uv": [ 0.0, 0.0, 13.0, 4.0 ], "windMode": [-1,-1,-1,-1], "windData": [0,0,1,1] },
								"up": { "texture": "#plainoak", "uv": [ 0.0, 0.0, 13.0, 6.0 ], "rotation": 90, "windMode": [-1,-1,-1,-1], "windData": [1,1,1,1] },
								"down": { "texture": "#plainoak", "uv": [ 0.0, 0.0, 13.0, 6.0 ], "rotation": 90, "windMode": [-1,-1,-1,-1] }
							},
							"children": [
								{
									"name": "Base2",
									"from": [ 0.0, 0.0, 13.0 ],
									"to": [ 6.0, 3.0, 26.0 ],
									"rotationOrigin": [ 4.0, 3.0, 13.0 ],
									"faces": {
										"east": { "texture": "#plainoak", "uv": [ 0.0, 3.0, 13.0, 6.0 ], "windMode": [-1,-1,-1,-1] },
										"south": { "texture": "#plainoak", "uv": [ 1.5, 5.0, 4.5, 11.0 ], "rotation": 90, "windMode": [-1,-1,-1,-1] },
										"west": { "texture": "#plainoak", "uv": [ 0.0, 4.0, 13.0, 7.0 ], "windMode": [-1,-1,-1,-1] },
										"up": { "texture": "#plainoak", "uv": [ 0.0, 0.0, 13.0, 6.0 ], "rotation": 90, "windMode": [-1,-1,-1,-1] },
										"down": { "texture": "#plainoak", "uv": [ 0.0, 1.5, 13.0, 7.5 ], "rotation": 90, "windMode": [-1,-1,-1,-1] }
									},
									"children": [
										{
											"name": "Base3",
											"from": [ 0.01, 0.0, 12.0 ],
											"to": [ 5.99, 3.0, 25.0 ],
											"rotationOrigin": [ 4.0, 3.0, 12.0 ],
											"rotationX": -4.0,
											"faces": {
												"east": { "texture": "#plainoak", "uv": [ 0.0, 3.0, 13.0, 6.0 ], "windMode": [-1,-1,-1,-1] },
												"west": { "texture": "#plainoak", "uv": [ 0.0, 4.0, 13.0, 7.0 ], "windMode": [-1,-1,-1,-1] },
												"up": { "texture": "#plainoak", "uv": [ 0.0, 0.0, 13.0, 5.5 ], "rotation": 90, "windMode": [-1,-1,-1,-1] },
												"down": { "texture": "#plainoak", "uv": [ 0.0, 1.5, 13.0, 7.0 ], "rotation": 90, "windMode": [-1,-1,-1,-1] }
											},
											"children": [
												{
													"name": "Base4",
													"from": [ -0.01, 0.0, 13.0 ],
													"to": [ 5.99, 3.0, 18.0 ],
													"rotationOrigin": [ 4.0, 3.0, 13.0 ],
													"faces": {
														"east": { "texture": "#iron1", "uv": [ 11.0, 3.5, 16.0, 6.5 ] },
														"south": { "texture": "#iron1", "uv": [ 7.0, 5.0, 13.0, 8.0 ], "windMode": [-1,-1,-1,-1] },
														"west": { "texture": "#iron1", "uv": [ 0.0, 4.0, 5.0, 7.0 ], "windMode": [-1,-1,-1,-1] },
														"up": { "texture": "#iron1", "uv": [ 4.5, 0.0, 10.5, 5.0 ], "windMode": [-1,-1,-1,-1] },
														"down": { "texture": "#iron1", "uv": [ 3.5, 0.0, 9.5, 5.0 ], "windMode": [-1,-1,-1,-1] }
													}
												},
												{
													"name": "Gear1",
													"from": [ 2.5, 3.0, 10.0 ],
													"to": [ 3.5, 11.0, 13.0 ],
													"rotationOrigin": [ 2.5, 3.0, 10.5 ],
													"faces": {
														"north": { "texture": "#iron1", "uv": [ 3.0, 4.0, 4.0, 12.0 ], "windMode": [-1,-1,-1,-1] },
														"east": { "texture": "#iron1", "uv": [ 5.5, 4.5, 8.5, 12.5 ] },
														"south": { "texture": "#iron1", "uv": [ 8.5, 5.0, 9.5, 13.0 ] },
														"west": { "texture": "#iron1", "uv": [ 6.0, 5.0, 9.0, 13.0 ] },
														"up": { "texture": "#iron1", "uv": [ 6.5, 3.0, 7.5, 6.0 ] },
														"down": { "texture": "#iron1", "uv": [ 5.0, 3.0, 6.0, 6.0 ] }
													},
													"children": [
														{
															"name": "Gear2",
															"from": [ 0.0, 7.0, 0.0 ],
															"to": [ 1.0, 15.0, 3.0 ],
															"rotationOrigin": [ 0.5, 7.0, 0.5 ],
															"rotationX": -8.0,
															"faces": {
																"north": { "texture": "#iron1", "uv": [ 7.5, 3.5, 8.5, 11.5 ] },
																"east": { "texture": "#iron1", "uv": [ 9.5, 1.0, 12.5, 9.0 ] },
																"south": { "texture": "#iron1", "uv": [ 4.0, 3.5, 5.0, 11.5 ] },
																"west": { "texture": "#iron1", "uv": [ 10.5, 3.0, 13.5, 11.0 ] },
																"up": { "texture": "#iron1", "uv": [ 8.5, 6.0, 9.5, 9.0 ] },
																"down": { "texture": "#iron1", "uv": [ 3.5, 8.0, 4.5, 11.0 ] }
															},
															"children": [
																{
																	"name": "Gear3",
																	"from": [ 0.0, 7.0, 0.0 ],
																	"to": [ 1.0, 15.0, 3.0 ],
																	"rotationOrigin": [ 0.5, 7.0, 0.5 ],
																	"rotationX": -8.0,
																	"faces": {
																		"north": { "texture": "#iron1", "uv": [ 5.0, 4.0, 6.0, 12.0 ] },
																		"east": { "texture": "#iron1", "uv": [ 11.0, 4.0, 14.0, 12.0 ] },
																		"south": { "texture": "#iron1", "uv": [ 5.0, 4.0, 6.0, 12.0 ] },
																		"west": { "texture": "#iron1", "uv": [ 5.5, 7.5, 8.5, 15.5 ] },
																		"up": { "texture": "#iron1", "uv": [ 11.0, 4.0, 12.0, 7.0 ] },
																		"down": { "texture": "#iron1", "uv": [ 6.5, 7.5, 7.5, 10.5 ] }
																	}
																}
															]
														}
													]
												}
											]
										}
									]
								}
							]
						},
						{
							"name": "HubLeft",
							"from": [ -15.0, 0.6968, 4.9426 ],
							"to": [ -3.0, 3.6968, 7.9426 ],
							"rotationOrigin": [ -15.0, 2.6968, 6.9426 ],
							"faces": {
								"north": { "texture": "#generic", "uv": [ 0.0, 1.0, 12.0, 4.0 ] },
								"south": { "texture": "#generic", "uv": [ 0.0, 7.0, 12.0, 10.0 ] },
								"west": { "texture": "#iron1", "uv": [ 6.0, 6.0, 9.0, 9.0 ] },
								"up": { "texture": "#generic", "uv": [ 0.0, 5.0, 12.0, 8.0 ] },
								"down": { "texture": "#generic", "uv": [ 0.0, 2.5, 12.0, 5.5 ] }
							}
						},
						{
							"name": "HubRight",
							"from": [ 3.0, 0.7, 4.9426 ],
							"to": [ 15.0, 3.7, 7.9426 ],
							"rotationOrigin": [ 3.0, 2.6968, 6.9426 ],
							"faces": {
								"north": { "texture": "#generic", "uv": [ 0.0, 0.0, 12.0, 3.0 ] },
								"east": { "texture": "#generic", "uv": [ 0.0, 0.0, 3.0, 3.0 ] },
								"south": { "texture": "#generic", "uv": [ 0.0, 0.0, 12.0, 3.0 ] },
								"up": { "texture": "#generic", "uv": [ 0.0, 0.0, 12.0, 3.0 ] },
								"down": { "texture": "#generic", "uv": [ 0.0, 0.0, 12.0, 3.0 ] }
							}
						},
						{
							"name": "Bolt",
							"from": [ -3.74, 2.0, 0.0 ],
							"to": [ 3.26, 4.0, 2.0 ],
							"rotationOrigin": [ -3.24, 2.0, 0.0 ],
							"rotationX": -20.0,
							"faces": {
								"north": { "texture": "#iron1", "uv": [ 5.0, 4.0, 12.0, 6.0 ] },
								"east": { "texture": "#iron1", "uv": [ 11.0, 4.0, 13.0, 6.0 ] },
								"south": { "texture": "#iron1", "uv": [ 5.0, 4.0, 12.0, 6.0 ] },
								"west": { "texture": "#iron1", "uv": [ 5.5, 7.5, 7.5, 9.5 ] },
								"up": { "texture": "#iron1", "uv": [ 3.5, 5.0, 10.5, 7.0 ] },
								"down": { "texture": "#iron1", "uv": [ 6.5, 7.5, 13.5, 9.5 ] }
							}
						}
					]
				},
				{
					"name": "Gun",
					"from": [ 0.0, 17.4, -7.35 ],
					"to": [ 0.0, 17.4, -7.35 ],
					"rotationOrigin": [ 0.0, 17.4, -7.35 ],
					"rotationX": 8.0,
					"faces": {
					},
					"children": [
						{
							"name": "Gun",
							"from": [ 0.0, -2.0, 23.0 ],
							"to": [ 0.0, -2.0, 23.0 ],
							"rotationOrigin": [ 0.0, -2.0, 23.0 ],
							"faces": {
							},
							"children": [
								{
									"name": "BarrelPart1",
									"from": [ -3.6495, 1.2856, -0.2281 ],
									"to": [ -3.6495, 1.2856, -0.2281 ],
									"rotationOrigin": [ 0.0, 1.2856, 3.4214 ],
									"rotationX": -90.0,
									"faces": {
									},
									"children": [
										{
											"name": "Barrel1",
											"from": [ 5.0181, 0.0, 2.7372 ],
											"to": [ 5.4743, 7.2991, 4.5619 ],
											"rotationOrigin": [ 5.0181, 0.0, 3.6495 ],
											"faces": {
												"east": { "texture": "#metal", "uv": [ 9.0, 0.5, 10.6128, 7.6424 ] },
												"west": { "texture": "#metal", "uv": [ 8.5, 0.5, 10.1128, 7.6424 ] },
												"up": { "texture": "#metal", "uv": [ 5.5, 6.0, 5.7304, 7.6128 ] },
												"down": { "texture": "#metal", "uv": [ 5.0, 7.0, 5.2304, 8.6128 ] }
											}
										},
										{
											"name": "Barrel2",
											"from": [ 1.8248, 0.0, 2.7372 ],
											"to": [ 2.281, 7.2991, 4.5619 ],
											"rotationOrigin": [ 2.281, 0.0, 3.6495 ],
											"faces": {
												"east": { "texture": "#metal", "uv": [ 4.5, 0.0, 6.1128, 7.1424 ] },
												"west": { "texture": "#metal", "uv": [ 8.5, 0.5, 10.1128, 7.6424 ] },
												"up": { "texture": "#metal", "uv": [ 13.0, 3.0, 13.2304, 4.6128 ] },
												"down": { "texture": "#metal", "uv": [ 1.5, 3.0, 1.7304, 4.6128 ] }
											}
										},
										{
											"name": "Barrel3",
											"from": [ 2.7372, 0.0, 5.0181 ],
											"to": [ 4.5619, 7.2991, 5.4743 ],
											"rotationOrigin": [ 3.6495, 0.0, 5.0181 ],
											"faces": {
												"north": { "texture": "#metal", "uv": [ 4.0, 0.5, 5.6128, 7.6424 ] },
												"south": { "texture": "#metal", "uv": [ 8.5, 0.5, 10.1128, 7.6424 ], "windMode": [-1,-1,-1,-1], "windData": [1,1,1,1] },
												"up": { "texture": "#metal", "uv": [ 7.0, 7.5, 8.6128, 7.7304 ] },
												"down": { "texture": "#metal", "uv": [ 3.0, 6.0, 4.6128, 6.2304 ] }
											}
										},
										{
											"name": "Barrel4",
											"from": [ 2.7372, 0.0, 1.8248 ],
											"to": [ 4.5619, 7.2991, 2.281 ],
											"rotationOrigin": [ 3.6495, 0.0, 2.281 ],
											"faces": {
												"north": { "texture": "#metal", "uv": [ 1.5, 0.5, 3.1128, 7.6424 ] },
												"south": { "texture": "#metal", "uv": [ 8.5, 0.0, 10.1128, 7.1424 ] },
												"up": { "texture": "#metal", "uv": [ 5.5, 7.0, 7.1128, 7.2304 ] },
												"down": { "texture": "#metal", "uv": [ 6.0, 8.0, 7.6128, 8.2304 ] }
											}
										},
										{
											"name": "Barrel5",
											"from": [ 4.3338, 0.0, 5.0181 ],
											"to": [ 5.7024, 7.3037, 5.4743 ],
											"rotationOrigin": [ 5.0181, 0.0, 5.0181 ],
											"rotationX": -180.0,
											"rotationY": -45.0,
											"rotationZ": -180.0,
											"faces": {
												"north": { "texture": "#metal", "uv": [ 9.5, 0.0, 10.652, 7.1424 ] },
												"south": { "texture": "#metal", "uv": [ 4.5, 0.5, 5.652, 7.6424 ] },
												"up": { "texture": "#metal", "uv": [ 13.0, 2.5, 14.152, 2.7304 ] },
												"down": { "texture": "#metal", "uv": [ 3.0, 7.0, 4.152, 7.2304 ] }
											}
										},
										{
											"name": "Barrel6",
											"from": [ 1.5967, 0.0, 5.0181 ],
											"to": [ 2.9652, 7.3037, 5.4743 ],
											"rotationOrigin": [ 2.281, 0.0, 5.0181 ],
											"rotationX": -180.0,
											"rotationY": 45.0,
											"rotationZ": -180.0,
											"faces": {
												"north": { "texture": "#metal", "uv": [ 5.5, 0.5, 6.652, 7.6424 ] },
												"south": { "texture": "#metal", "uv": [ 10.5, 0.5, 11.652, 7.6424 ] },
												"up": { "texture": "#metal", "uv": [ 3.5, 3.5, 4.652, 3.7304 ] },
												"down": { "texture": "#metal", "uv": [ 11.0, 10.5, 12.152, 10.7304 ] }
											}
										},
										{
											"name": "Barrel7",
											"from": [ 1.5967, 0.0, 2.281 ],
											"to": [ 2.9652, 7.3037, 2.7372 ],
											"rotationOrigin": [ 2.281, 0.0, 2.281 ],
											"rotationY": 45.0,
											"faces": {
												"north": { "texture": "#metal", "uv": [ 9.5, 0.5, 10.652, 7.6424 ] },
												"south": { "texture": "#metal", "uv": [ 3.0, 0.0, 4.152, 7.1424 ] },
												"up": { "texture": "#metal", "uv": [ 10.5, 5.5, 11.652, 5.7304 ] },
												"down": { "texture": "#metal", "uv": [ 9.5, 6.5, 10.652, 6.7304 ] }
											}
										},
										{
											"name": "Barrel8",
											"from": [ 4.3338, 0.0, 2.281 ],
											"to": [ 5.7024, 7.3037, 2.7372 ],
											"rotationOrigin": [ 5.0181, 0.0, 2.281 ],
											"rotationY": -45.0,
											"faces": {
												"north": { "texture": "#metal", "uv": [ 2.0, 0.0, 3.152, 7.1424 ] },
												"south": { "texture": "#metal", "uv": [ 9.0, 0.5, 10.152, 7.6424 ] },
												"up": { "texture": "#metal", "uv": [ 11.5, 6.5, 12.652, 6.7304 ] },
												"down": { "texture": "#metal", "uv": [ 6.5, 8.5, 7.652, 8.7304 ] }
											}
										}
									]
								},
								{
									"name": "BarrelPart2",
									"from": [ -3.3178, 1.2442, -6.9811 ],
									"to": [ -3.3178, 1.2442, -6.9811 ],
									"rotationOrigin": [ 0.0, 1.2442, -3.6634 ],
									"rotationX": -90.0,
									"faces": {
									},
									"children": [
										{
											"name": "Barrel9",
											"from": [ 4.5619, 0.0, 2.4883 ],
											"to": [ 4.9766, 7.3728, 4.1472 ],
											"rotationOrigin": [ 4.5619, 0.0, 3.3178 ],
											"faces": {
												"east": { "texture": "#metal", "uv": [ 7.5, 0.0, 9.1128, 7.3728 ] },
												"west": { "texture": "#metal", "uv": [ 1.5, 0.0, 3.1128, 7.3728 ] }
											}
										},
										{
											"name": "Barrel10",
											"from": [ 1.6589, 0.0, 2.4883 ],
											"to": [ 2.0736, 7.3728, 4.1472 ],
											"rotationOrigin": [ 2.0736, 0.0, 3.3178 ],
											"faces": {
												"east": { "texture": "#metal", "uv": [ 12.0, 0.0, 13.6128, 7.3728 ] },
												"west": { "texture": "#metal", "uv": [ 7.0, 0.0, 8.6128, 7.3728 ] }
											}
										},
										{
											"name": "Barrel11",
											"from": [ 2.4883, 0.0, 4.5619 ],
											"to": [ 4.1472, 7.3728, 4.9766 ],
											"rotationOrigin": [ 3.3178, 0.0, 4.5619 ],
											"faces": {
												"north": { "texture": "#metal", "uv": [ 2.5, 0.0, 4.1128, 7.3728 ] },
												"south": { "texture": "#metal", "uv": [ 7.0, 0.0, 8.6128, 7.3728 ] }
											}
										},
										{
											"name": "Barrel12",
											"from": [ 2.4883, 0.0, 1.6589 ],
											"to": [ 4.1472, 7.3728, 2.0736 ],
											"rotationOrigin": [ 3.3178, 0.0, 2.0736 ],
											"faces": {
												"north": { "texture": "#metal", "uv": [ 8.5, 0.0, 10.1128, 7.3728 ] },
												"south": { "texture": "#metal", "uv": [ 9.5, 0.0, 11.1128, 7.3728 ] }
											}
										},
										{
											"name": "Barrel13",
											"from": [ 3.9398, 0.0, 4.5619 ],
											"to": [ 5.184, 7.3728, 4.9766 ],
											"rotationOrigin": [ 4.5619, 0.0, 4.5619 ],
											"rotationX": -180.0,
											"rotationY": -45.0,
											"rotationZ": -180.0,
											"faces": {
												"north": { "texture": "#metal", "uv": [ 10.5, 0.0, 11.652, 7.3728 ] },
												"south": { "texture": "#metal", "uv": [ 2.5, 0.0, 3.652, 7.3728 ] }
											}
										},
										{
											"name": "Barrel14",
											"from": [ 1.4515, 0.0, 4.5619 ],
											"to": [ 2.6957, 7.3728, 4.9766 ],
											"rotationOrigin": [ 2.0736, 0.0, 4.5619 ],
											"rotationX": -180.0,
											"rotationY": 45.0,
											"rotationZ": -180.0,
											"faces": {
												"north": { "texture": "#metal", "uv": [ 4.0, 0.0, 5.152, 7.3728 ] },
												"south": { "texture": "#metal", "uv": [ 11.5, 0.0, 12.652, 7.3728 ] }
											}
										},
										{
											"name": "Barrel15",
											"from": [ 1.4515, 0.0, 2.0736 ],
											"to": [ 2.6957, 7.3728, 2.4883 ],
											"rotationOrigin": [ 2.0736, 0.0, 2.0736 ],
											"rotationY": 45.0,
											"faces": {
												"north": { "texture": "#metal", "uv": [ 9.5, 0.0, 10.652, 7.3728 ] },
												"south": { "texture": "#metal", "uv": [ 3.5, 0.0, 4.652, 7.3728 ] }
											}
										},
										{
											"name": "Barrel16",
											"from": [ 3.9398, 0.0, 2.0736 ],
											"to": [ 5.184, 7.3728, 2.4883 ],
											"rotationOrigin": [ 4.5619, 0.0, 2.0736 ],
											"rotationY": -45.0,
											"faces": {
												"north": { "texture": "#metal", "uv": [ 9.5, 0.0, 10.652, 7.3728 ] },
												"south": { "texture": "#metal", "uv": [ 4.5, 0.0, 5.652, 7.3728 ] }
											}
										}
									]
								},
								{
									"name": "BarrelPart3",
									"from": [ -3.3178, 1.2442, -14.3539 ],
									"to": [ -3.3178, 1.2442, -14.3539 ],
									"rotationOrigin": [ 0.0, 1.2442, -11.0362 ],
									"rotationX": -90.0,
									"faces": {
									},
									"children": [
										{
											"name": "Barrel17",
											"from": [ 4.5619, 0.0, 2.4883 ],
											"to": [ 4.9766, 15.3728, 4.1472 ],
											"rotationOrigin": [ 4.5619, 0.0, 3.3178 ],
											"faces": {
												"east": { "texture": "#metal", "uv": [ 7.5, 0.0, 9.0, 15.0 ] },
												"west": { "texture": "#metal", "uv": [ 1.5, 0.0, 3.0, 15.0 ] },
												"up": { "texture": "#metal", "uv": [ 5.0, 7.5, 5.5, 9.0 ], "windMode": [-1,-1,-1,-1] }
											}
										},
										{
											"name": "Barrel18",
											"from": [ 1.6589, 0.0, 2.4883 ],
											"to": [ 2.0736, 15.3728, 4.1472 ],
											"rotationOrigin": [ 2.0736, 0.0, 3.3178 ],
											"faces": {
												"east": { "texture": "#metal", "uv": [ 12.0, 0.0, 13.5, 15.0 ] },
												"west": { "texture": "#metal", "uv": [ 7.0, 0.0, 8.5, 15.0 ] },
												"up": { "texture": "#metal", "uv": [ 13.0, 3.0, 13.5, 4.5 ], "windMode": [-1,-1,-1,-1] }
											}
										},
										{
											"name": "Barrel19",
											"from": [ 2.4883, 0.0, 4.5619 ],
											"to": [ 4.1472, 15.3728, 4.9766 ],
											"rotationOrigin": [ 3.3178, 0.0, 4.5619 ],
											"faces": {
												"north": { "texture": "#metal", "uv": [ 2.5, 0.0, 4.0, 15.0 ] },
												"south": { "texture": "#metal", "uv": [ 7.0, 0.0, 8.5, 15.0 ] },
												"up": { "texture": "#metal", "uv": [ 7.0, 7.5, 8.5, 8.0 ], "windMode": [-1,-1,-1,-1] }
											}
										},
										{
											"name": "Barrel20",
											"from": [ 2.4883, 0.0, 1.6589 ],
											"to": [ 4.1472, 15.3728, 2.0736 ],
											"rotationOrigin": [ 3.3178, 0.0, 2.0736 ],
											"faces": {
												"north": { "texture": "#metal", "uv": [ 8.5, 0.0, 10.0, 15.0 ] },
												"south": { "texture": "#metal", "uv": [ 9.5, 0.0, 11.0, 15.0 ] },
												"up": { "texture": "#metal", "uv": [ 5.5, 7.0, 7.0, 7.5 ], "windMode": [-1,-1,-1,-1] }
											}
										},
										{
											"name": "Barrel21",
											"from": [ 3.9398, 0.0, 4.5619 ],
											"to": [ 5.184, 15.3728, 4.9766 ],
											"rotationOrigin": [ 4.5619, 0.0, 4.5619 ],
											"rotationX": -180.0,
											"rotationY": -45.0,
											"rotationZ": -180.0,
											"faces": {
												"north": { "texture": "#metal", "uv": [ 10.5, 0.0, 11.5, 15.0 ] },
												"south": { "texture": "#metal", "uv": [ 2.5, 0.0, 3.5, 15.0 ] },
												"up": { "texture": "#metal", "uv": [ 13.0, 2.5, 14.0, 3.0 ], "windMode": [-1,-1,-1,-1] }
											}
										},
										{
											"name": "Barrel22",
											"from": [ 1.4515, 0.0, 4.5619 ],
											"to": [ 2.6957, 15.3728, 4.9766 ],
											"rotationOrigin": [ 2.0736, 0.0, 4.5619 ],
											"rotationX": -180.0,
											"rotationY": 45.0,
											"rotationZ": -180.0,
											"faces": {
												"north": { "texture": "#metal", "uv": [ 4.0, 0.0, 5.0, 15.0 ] },
												"south": { "texture": "#metal", "uv": [ 11.5, 0.0, 12.5, 15.0 ] },
												"up": { "texture": "#metal", "uv": [ 3.5, 3.5, 4.5, 4.0 ], "windMode": [-1,-1,-1,-1] }
											}
										},
										{
											"name": "Barrel23",
											"from": [ 1.4515, 0.0, 2.0736 ],
											"to": [ 2.6957, 15.3728, 2.4883 ],
											"rotationOrigin": [ 2.0736, 0.0, 2.0736 ],
											"rotationY": 45.0,
											"faces": {
												"north": { "texture": "#metal", "uv": [ 9.5, 0.0, 10.5, 15.0 ] },
												"south": { "texture": "#metal", "uv": [ 3.5, 0.0, 4.5, 15.0 ] },
												"up": { "texture": "#metal", "uv": [ 9.5, 6.5, 10.5, 7.0 ], "windMode": [-1,-1,-1,-1] }
											}
										},
										{
											"name": "Barrel24",
											"from": [ 3.9398, 0.0, 2.0736 ],
											"to": [ 5.184, 15.3728, 2.4883 ],
											"rotationOrigin": [ 4.5619, 0.0, 2.0736 ],
											"rotationY": -45.0,
											"faces": {
												"north": { "texture": "#metal", "uv": [ 9.5, 0.0, 10.5, 15.0 ] },
												"south": { "texture": "#metal", "uv": [ 4.5, 0.0, 5.5, 15.0 ] },
												"up": { "texture": "#metal", "uv": [ 11.5, 6.5, 12.5, 7.0 ], "windMode": [-1,-1,-1,-1] }
											}
										}
									]
								},
								{
									"name": "Detail1",
									"from": [ -1.3824, -0.0922, -3.6922 ],
									"to": [ 1.3824, 2.6726, 3.6806 ],
									"rotationOrigin": [ -1.3824, -0.4608, -3.6864 ],
									"faces": {
										"north": { "texture": "#black", "uv": [ 2.0, 2.5, 4.592, 5.092 ] },
										"east": { "texture": "#metalalt", "uv": [ 0.0, 6.5, 7.2, 9.092 ] },
										"south": { "texture": "#metalalt", "uv": [ 8.5, 2.0, 11.092, 4.592 ] },
										"west": { "texture": "#metalalt", "uv": [ 0.0, 7.0, 7.2, 9.592 ] },
										"up": { "texture": "#metalalt", "uv": [ 6.5, 0.0, 9.092, 7.2 ] },
										"down": { "texture": "#metalalt", "uv": [ 4.0, 0.0, 6.592, 7.2 ] }
									},
									"children": [
										{
											"name": "Detail2",
											"from": [ 0.4608, 0.4608, 7.3728 ],
											"to": [ 2.304, 2.304, 7.6032 ],
											"rotationOrigin": [ 1.3824, 1.3824, 7.3728 ],
											"rotationZ": 45.0,
											"faces": {
												"north": { "texture": "#metalalt", "uv": [ 5.0, 4.5, 6.8432, 6.3432 ] },
												"east": { "texture": "#metalalt", "uv": [ 7.0, 6.5, 7.2304, 8.3432 ] },
												"south": { "texture": "#metalalt", "uv": [ 4.0, 5.0, 5.8432, 6.8432 ] },
												"west": { "texture": "#metalalt", "uv": [ 9.5, 4.5, 9.7304, 6.3432 ] },
												"up": { "texture": "#metalalt", "uv": [ 3.0, 4.0, 4.8432, 4.2304 ] },
												"down": { "texture": "#metalalt", "uv": [ 6.0, 9.0, 7.8432, 9.2304 ] }
											}
										},
										{
											"name": "Detail3",
											"from": [ 0.9216, 0.9216, 7.6032 ],
											"to": [ 1.8432, 1.8432, 7.8336 ],
											"rotationOrigin": [ 1.3824, 1.3824, 7.8336 ],
											"faces": {
												"north": { "texture": "#metalalt", "uv": [ 5.0, 4.5, 5.9216, 5.4216 ] },
												"east": { "texture": "#metalalt", "uv": [ 7.0, 6.5, 7.2304, 7.4216 ] },
												"south": { "texture": "#metalalt", "uv": [ 4.0, 5.0, 4.9216, 5.9216 ] },
												"west": { "texture": "#metalalt", "uv": [ 9.5, 4.5, 9.7304, 5.4216 ] },
												"up": { "texture": "#metalalt", "uv": [ 3.0, 4.0, 3.9216, 4.2304 ] },
												"down": { "texture": "#metalalt", "uv": [ 6.0, 9.0, 6.9216, 9.2304 ] }
											}
										}
									]
								},
								{
									"name": "Base",
									"from": [ -2.16, -2.44, -25.0 ],
									"to": [ 2.16, -0.24, -9.0 ],
									"rotationOrigin": [ -2.88, -2.44, -25.28 ],
									"faces": {
										"north": { "texture": "#plainoak", "uv": [ 6.0, 5.0, 10.0, 7.0 ] },
										"east": { "texture": "#plainoak", "uv": [ 0.0, 5.0, 16.0, 7.0 ], "windMode": [-1,-1,-1,-1] },
										"west": { "texture": "#plainoak", "uv": [ 0.0, 3.5, 16.0, 5.5 ], "windMode": [-1,-1,-1,-1] },
										"up": { "texture": "#plainoak", "uv": [ 0.0, 6.0, 16.0, 10.0 ], "rotation": 90, "windMode": [-1,-1,-1,-1] },
										"down": { "texture": "#plainoak", "uv": [ 0.0, 3.0, 16.0, 7.0 ], "rotation": 90, "windMode": [-1,-1,-1,-1] }
									}
								},
								{
									"name": "Base3",
									"from": [ -2.17, -0.44, 4.0 ],
									"to": [ 2.13, 1.06, 13.0 ],
									"rotationOrigin": [ -2.88, -0.44, 4.76 ],
									"rotationX": 14.0,
									"faces": {
										"north": { "texture": "#plainoak", "uv": [ 2.5, 9.0, 6.5, 10.5 ] },
										"east": { "texture": "#plainoak", "uv": [ 5.0, 8.0, 14.0, 9.5 ] },
										"south": { "texture": "#plainoak", "uv": [ 10.0, 3.5, 14.0, 5.0 ] },
										"west": { "texture": "#plainoak", "uv": [ 5.5, 5.5, 14.5, 7.0 ] },
										"up": { "texture": "#plainoak", "uv": [ 9.0, 5.5, 18.0, 9.5 ], "rotation": 90 },
										"down": { "texture": "#plainoak", "uv": [ 4.5, 4.5, 13.5, 8.5 ], "rotation": 90 }
									}
								},
								{
									"name": "Base2",
									"from": [ -2.16, -2.44, -9.0 ],
									"to": [ 2.16, -0.24, 7.0 ],
									"rotationOrigin": [ -2.88, -2.44, -9.28 ],
									"faces": {
										"east": { "texture": "#plainoak", "uv": [ 0.0, 5.0, 16.0, 7.0 ] },
										"south": { "texture": "#plainoak", "uv": [ 7.0, 6.0, 11.0, 8.0 ] },
										"west": { "texture": "#plainoak", "uv": [ 0.0, 3.5, 16.0, 5.5 ] },
										"up": { "texture": "#plainoak", "uv": [ 0.0, 6.0, 16.0, 10.0 ], "rotation": 90 },
										"down": { "texture": "#plainoak", "uv": [ 0.0, 3.0, 16.0, 7.0 ], "rotation": 90 }
									}
								},
								{
									"name": "Base4",
									"from": [ -2.16, -2.44, 7.0 ],
									"to": [ 2.16, -0.94, 17.0 ],
									"rotationOrigin": [ -2.88, -2.44, 6.72 ],
									"faces": {
										"north": { "texture": "#plainoak", "uv": [ 0.0, 0.0, 4.0, 1.5 ] },
										"east": { "texture": "#plainoak", "uv": [ 0.0, 5.0, 10.0, 6.5 ] },
										"south": { "texture": "#plainoak", "uv": [ 7.0, 6.0, 11.0, 7.5 ] },
										"west": { "texture": "#plainoak", "uv": [ 0.0, 3.5, 10.0, 5.0 ] },
										"up": { "texture": "#plainoak", "uv": [ 0.0, 6.0, 10.0, 10.0 ], "rotation": 90 },
										"down": { "texture": "#plainoak", "uv": [ 0.0, 3.0, 10.0, 7.0 ], "rotation": 90 }
									}
								}
							]
						}
					]
				},
				{
					"name": "Hub",
					"from": [ -16.68, 9.6, -2.6 ],
					"to": [ -9.88, 12.8, 0.6 ],
					"rotationOrigin": [ -16.68, 11.2, -1.0 ],
					"faces": {
						"north": { "texture": "#generic", "uv": [ 0.0, 0.0, 6.5, 3.0 ] },
						"east": { "texture": "#top", "uv": [ 6.0, 6.0, 9.0, 9.0 ] },
						"south": { "texture": "#generic", "uv": [ 0.0, 0.0, 6.5, 3.0 ] },
						"west": { "texture": "#top", "uv": [ 6.0, 6.0, 9.0, 9.0 ] },
						"up": { "texture": "#generic", "uv": [ 0.0, 0.0, 6.5, 3.0 ] },
						"down": { "texture": "#generic", "uv": [ 0.0, 0.0, 6.5, 3.0 ] }
					},
					"children": [
						{
							"name": "HubFatPart",
							"from": [ 0.8, -0.8, -0.8 ],
							"to": [ 6.0, 4.0, 4.0 ],
							"rotationOrigin": [ 0.8, 1.6, 1.6 ],
							"faces": {
								"north": { "texture": "#generic", "uv": [ 0.0, 0.0, 5.2, 4.8 ] },
								"east": { "texture": "#generic", "uv": [ 0.0, 0.0, 4.8, 4.8 ] },
								"south": { "texture": "#generic", "uv": [ 0.0, 0.0, 5.2, 4.8 ] },
								"west": { "texture": "#generic", "uv": [ 0.0, 0.0, 4.8, 4.8 ] },
								"up": { "texture": "#generic", "uv": [ 0.0, 0.0, 5.2, 4.8 ] },
								"down": { "texture": "#generic", "uv": [ 0.0, 0.0, 5.2, 4.8 ] }
							},
							"children": [
								{
									"name": "HubBand1",
									"from": [ 0.4, -0.16, -0.16 ],
									"to": [ 1.6, 4.96, 4.96 ],
									"rotationOrigin": [ 0.4, -0.16, -0.16 ],
									"faces": {
										"north": { "texture": "#iron1", "uv": [ 0.5, 0.5, 1.7, 5.3 ] },
										"east": { "texture": "#iron1", "uv": [ 0.0, 0.0, 4.8, 4.8 ] },
										"south": { "texture": "#iron1", "uv": [ 14.0, 0.5, 15.2, 5.3 ] },
										"west": { "texture": "#iron1", "uv": [ 0.0, 0.0, 4.8, 4.8 ] },
										"up": { "texture": "#iron1", "uv": [ 14.0, 9.0, 15.2, 13.8 ] },
										"down": { "texture": "#iron1", "uv": [ 0.5, 9.0, 1.7, 13.8 ] }
									}
								},
								{
									"name": "HubBand2",
									"from": [ 3.6, -0.16, -0.16 ],
									"to": [ 4.8, 4.96, 4.96 ],
									"rotationOrigin": [ 3.6, -0.16, -0.16 ],
									"faces": {
										"north": { "texture": "#iron1", "uv": [ 0.5, 9.0, 1.7, 13.8 ] },
										"east": { "texture": "#iron1", "uv": [ 0.0, 0.0, 4.8, 4.8 ] },
										"south": { "texture": "#iron1", "uv": [ 14.0, 9.0, 15.2, 13.8 ] },
										"west": { "texture": "#iron1", "uv": [ 0.0, 0.0, 4.8, 4.8 ] },
										"up": { "texture": "#iron1", "uv": [ 5.0, 13.5, 10.0, 14.5 ], "rotation": 270 },
										"down": { "texture": "#iron1", "uv": [ 5.0, 0.5, 10.0, 1.5 ], "rotation": 90 }
									}
								}
							]
						}
					]
				},
				{
					"name": "RimMover",
					"from": [ -14.6, 10.4, -1.2 ],
					"to": [ -13.0, 12.0, 0.4 ],
					"rotationOrigin": [ -14.6, 11.2, -0.4 ],
					"faces": {
					},
					"children": [
						{
							"name": "Quadrant4-6",
							"from": [ 0.0, 0.0, 0.0 ],
							"to": [ 1.6, 1.6, 1.6 ],
							"rotationOrigin": [ 0.0, 0.8, 0.8 ],
							"faces": {
								"north": { "texture": "#generic", "uv": [ 0.0, 0.0, 1.6, 1.6 ] },
								"east": { "texture": "#generic", "uv": [ 0.0, 0.0, 1.6, 1.6 ] },
								"south": { "texture": "#generic", "uv": [ 0.0, 0.0, 1.6, 1.6 ] },
								"west": { "texture": "#generic", "uv": [ 0.0, 0.0, 1.6, 1.6 ] },
								"up": { "texture": "#generic", "uv": [ 0.0, 0.0, 1.6, 1.6 ] },
								"down": { "texture": "#generic", "uv": [ 0.0, 0.0, 1.6, 1.6 ] }
							},
							"children": [
								{
									"name": "Spoke6",
									"from": [ 0.4, -9.6, 0.16 ],
									"to": [ 1.68, 0.0, 1.44 ],
									"rotationOrigin": [ 1.2, 0.8, 0.8 ],
									"rotationX": -15.0,
									"faces": {
										"north": { "texture": "#generic", "uv": [ 1.0, 11.0, 10.5, 12.0 ], "rotation": 90 },
										"east": { "texture": "#generic", "uv": [ 1.5, 7.0, 11.0, 8.0 ], "rotation": 90 },
										"south": { "texture": "#generic", "uv": [ 3.0, 0.5, 12.5, 1.5 ], "rotation": 90 },
										"west": { "texture": "#generic", "uv": [ 2.0, 3.0, 11.5, 4.0 ], "rotation": 90 }
									},
									"children": [
										{
											"name": "Rim6oclock",
											"from": [ -0.392, -0.8052, -2.3607 ],
											"to": [ 1.608, 0.7948, 3.6393 ],
											"rotationOrigin": [ -0.4, 10.3948, 0.6593 ],
											"rotationX": 15.0,
											"faces": {
												"east": { "texture": "#generic", "uv": [ 7.0, 4.0, 13.0, 5.6 ] },
												"west": { "texture": "#generic", "uv": [ 4.5, 13.5, 10.5, 15.1 ] },
												"up": { "texture": "#generic", "uv": [ 1.5, 12.0, 7.5, 14.0 ], "rotation": 90 }
											},
											"children": [
												{
													"name": "Iron6",
													"from": [ -0.08, -0.08, -0.04 ],
													"to": [ 2.08, 0.4, 6.04 ],
													"rotationOrigin": [ -0.08, 11.12, 2.94 ],
													"faces": {
														"north": { "texture": "#iron1", "uv": [ 12.0, 10.0, 14.0, 10.4 ] },
														"east": { "texture": "#iron1", "uv": [ 6.5, 15.0, 12.5, 15.4 ] },
														"south": { "texture": "#iron1", "uv": [ 10.5, 8.0, 12.5, 8.4 ] },
														"west": { "texture": "#iron1", "uv": [ 1.0, 12.0, 7.0, 12.4 ] },
														"up": { "texture": "#iron1", "uv": [ 7.5, 9.5, 13.5, 11.5 ], "rotation": 90 },
														"down": { "texture": "#iron1", "uv": [ 4.5, 13.0, 10.5, 15.0 ], "rotation": 90 }
													}
												}
											]
										}
									]
								},
								{
									"name": "Spoke5",
									"from": [ 0.4, -9.6, 0.16 ],
									"to": [ 1.68, 0.0, 1.44 ],
									"rotationOrigin": [ 1.2, 0.8, 0.8 ],
									"rotationX": 15.0,
									"faces": {
										"north": { "texture": "#generic", "uv": [ 0.5, 2.5, 10.0, 3.5 ], "rotation": 90 },
										"east": { "texture": "#generic", "uv": [ 1.0, 12.5, 10.5, 13.5 ], "rotation": 90 },
										"south": { "texture": "#generic", "uv": [ 3.5, 13.5, 13.0, 14.5 ], "rotation": 90 },
										"west": { "texture": "#generic", "uv": [ 2.5, 10.0, 12.0, 11.0 ], "rotation": 90 }
									},
									"children": [
										{
											"name": "Rim5oclock",
											"from": [ -0.4, -0.8052, -2.3607 ],
											"to": [ 1.6, 0.7948, 3.6393 ],
											"rotationOrigin": [ -0.4, 10.3948, 0.6593 ],
											"rotationX": 15.0,
											"faces": {
												"east": { "texture": "#generic", "uv": [ 7.0, 8.0, 13.0, 9.6 ] },
												"west": { "texture": "#generic", "uv": [ 7.0, 8.0, 13.0, 9.6 ] },
												"up": { "texture": "#generic", "uv": [ 2.0, 8.0, 8.0, 10.0 ], "rotation": 90 }
											},
											"children": [
												{
													"name": "Iron5",
													"from": [ -0.08, -0.08, -0.04 ],
													"to": [ 2.08, 0.4, 6.04 ],
													"rotationOrigin": [ -0.08, 11.12, 2.94 ],
													"faces": {
														"north": { "texture": "#iron1", "uv": [ 12.5, 14.0, 14.5, 14.4 ] },
														"east": { "texture": "#iron1", "uv": [ 3.5, 5.5, 9.5, 5.9 ] },
														"south": { "texture": "#iron1", "uv": [ 10.5, 13.5, 12.5, 13.9 ] },
														"west": { "texture": "#iron1", "uv": [ 5.0, 4.5, 11.0, 4.9 ] },
														"up": { "texture": "#iron1", "uv": [ 4.0, 0.0, 10.0, 2.0 ], "rotation": 90 },
														"down": { "texture": "#iron1", "uv": [ 13.5, 4.0, 15.5, 10.0 ] }
													}
												}
											]
										}
									]
								},
								{
									"name": "Spoke4",
									"from": [ 0.4, -9.6, 0.16 ],
									"to": [ 1.68, 0.0, 1.44 ],
									"rotationOrigin": [ 1.2, 0.8, 0.8 ],
									"rotationX": 45.0,
									"faces": {
										"north": { "texture": "#generic", "uv": [ 3.0, 8.5, 12.5, 9.5 ], "rotation": 90 },
										"east": { "texture": "#generic", "uv": [ 1.5, 14.0, 11.0, 15.0 ], "rotation": 90 },
										"south": { "texture": "#generic", "uv": [ 1.5, 3.0, 11.0, 4.0 ], "rotation": 90 },
										"west": { "texture": "#generic", "uv": [ 3.5, 6.0, 13.0, 7.0 ], "rotation": 90 }
									},
									"children": [
										{
											"name": "Rim4oclock",
											"from": [ -0.408, -0.8052, -2.3607 ],
											"to": [ 1.592, 0.7948, 3.6393 ],
											"rotationOrigin": [ -0.4, 10.3948, 0.6593 ],
											"rotationX": 15.0,
											"faces": {
												"east": { "texture": "#generic", "uv": [ 6.5, 5.5, 12.5, 7.1 ] },
												"west": { "texture": "#generic", "uv": [ 8.0, 7.5, 14.0, 9.1 ] },
												"up": { "texture": "#generic", "uv": [ 2.5, 9.5, 8.5, 11.5 ], "rotation": 90 }
											},
											"children": [
												{
													"name": "Iron4",
													"from": [ -0.08, -0.08, -0.04 ],
													"to": [ 2.08, 0.4, 6.04 ],
													"rotationOrigin": [ -0.08, 11.12, 2.94 ],
													"faces": {
														"north": { "texture": "#iron1", "uv": [ 8.5, 8.0, 10.5, 8.4 ] },
														"east": { "texture": "#iron1", "uv": [ 7.5, 11.5, 13.5, 11.9 ] },
														"south": { "texture": "#iron1", "uv": [ 7.5, 12.0, 9.5, 12.4 ] },
														"west": { "texture": "#iron1", "uv": [ 7.5, 9.5, 13.5, 9.9 ] },
														"up": { "texture": "#iron1", "uv": [ 4.5, 13.0, 10.5, 15.0 ], "rotation": 90 },
														"down": { "texture": "#iron1", "uv": [ 0.0, 8.0, 2.0, 14.0 ] }
													}
												}
											]
										}
									]
								}
							]
						},
						{
							"name": "Quadrant1-3",
							"from": [ 0.0, 0.0, 0.0 ],
							"to": [ 1.6, 1.6, 1.6 ],
							"rotationOrigin": [ 0.0, 0.8, 0.8 ],
							"rotationX": 90.0,
							"faces": {
								"north": { "texture": "#generic", "uv": [ 0.0, 0.0, 1.6, 1.6 ] },
								"east": { "texture": "#generic", "uv": [ 0.0, 0.0, 1.6, 1.6 ] },
								"south": { "texture": "#generic", "uv": [ 0.0, 0.0, 1.6, 1.6 ] },
								"west": { "texture": "#generic", "uv": [ 0.0, 0.0, 1.6, 1.6 ] },
								"up": { "texture": "#generic", "uv": [ 0.0, 0.0, 1.6, 1.6 ] },
								"down": { "texture": "#generic", "uv": [ 0.0, 0.0, 1.6, 1.6 ] }
							},
							"children": [
								{
									"name": "Spoke3",
									"from": [ 0.4, -9.6, 0.16 ],
									"to": [ 1.68, 0.0, 1.44 ],
									"rotationOrigin": [ 1.2, 0.8, 0.8 ],
									"rotationX": -15.0,
									"faces": {
										"north": { "texture": "#generic", "uv": [ 1.0, 4.5, 10.5, 5.5 ], "rotation": 90 },
										"east": { "texture": "#generic", "uv": [ 0.0, 2.0, 9.5, 3.0 ], "rotation": 90 },
										"south": { "texture": "#generic", "uv": [ 0.5, 6.0, 10.0, 7.0 ], "rotation": 90 },
										"west": { "texture": "#generic", "uv": [ 2.0, 8.0, 11.5, 9.0 ], "rotation": 90 }
									},
									"children": [
										{
											"name": "Rim3oclock",
											"from": [ -0.392, -0.8052, -2.3607 ],
											"to": [ 1.608, 0.7948, 3.6393 ],
											"rotationOrigin": [ -0.4, 10.3948, 0.6593 ],
											"rotationX": 15.0,
											"faces": {
												"east": { "texture": "#generic", "uv": [ 6.5, 5.0, 12.5, 6.6 ] },
												"west": { "texture": "#generic", "uv": [ 4.5, 13.0, 10.5, 14.6 ] },
												"up": { "texture": "#generic", "uv": [ 2.5, 5.5, 8.5, 7.5 ], "rotation": 90 }
											},
											"children": [
												{
													"name": "Iron3",
													"from": [ -0.08, -0.08, -0.04 ],
													"to": [ 2.08, 0.4, 6.04 ],
													"rotationOrigin": [ -0.08, 11.12, 2.94 ],
													"faces": {
														"north": { "texture": "#iron1", "uv": [ 13.0, 15.0, 15.0, 15.4 ] },
														"east": { "texture": "#iron1", "uv": [ 7.5, 7.5, 13.5, 7.9 ] },
														"south": { "texture": "#iron1", "uv": [ 2.5, 11.0, 4.5, 11.4 ] },
														"west": { "texture": "#iron1", "uv": [ 5.0, 13.0, 11.0, 13.4 ] },
														"up": { "texture": "#iron1", "uv": [ 5.5, 10.0, 11.5, 12.0 ], "rotation": 90 },
														"down": { "texture": "#iron1", "uv": [ 13.5, 4.0, 15.5, 10.0 ] }
													}
												}
											]
										}
									]
								},
								{
									"name": "Spoke2",
									"from": [ 0.4, -9.6, 0.16 ],
									"to": [ 1.68, 0.0, 1.44 ],
									"rotationOrigin": [ 1.2, 0.8, 0.8 ],
									"rotationX": 15.0,
									"faces": {
										"north": { "texture": "#generic", "uv": [ 0.5, 2.5, 10.0, 3.5 ], "rotation": 90 },
										"east": { "texture": "#generic", "uv": [ 1.0, 12.5, 10.5, 13.5 ], "rotation": 90 },
										"south": { "texture": "#generic", "uv": [ 3.5, 13.5, 13.0, 14.5 ], "rotation": 90 },
										"west": { "texture": "#generic", "uv": [ 2.5, 10.0, 12.0, 11.0 ], "rotation": 90 }
									},
									"children": [
										{
											"name": "Rim2oclock",
											"from": [ -0.4, -0.8052, -2.3607 ],
											"to": [ 1.6, 0.7948, 3.6393 ],
											"rotationOrigin": [ -0.4, 10.3948, 0.6593 ],
											"rotationX": 15.0,
											"faces": {
												"east": { "texture": "#generic", "uv": [ 7.0, 8.0, 13.0, 9.6 ] },
												"west": { "texture": "#generic", "uv": [ 7.0, 8.0, 13.0, 9.6 ] },
												"up": { "texture": "#generic", "uv": [ 2.0, 8.0, 8.0, 10.0 ], "rotation": 90 }
											},
											"children": [
												{
													"name": "Iron2",
													"from": [ -0.08, -0.08, -0.04 ],
													"to": [ 2.08, 0.4, 6.04 ],
													"rotationOrigin": [ -0.08, 11.12, 2.94 ],
													"faces": {
														"north": { "texture": "#iron1", "uv": [ 12.5, 14.0, 14.5, 14.4 ] },
														"east": { "texture": "#iron1", "uv": [ 3.5, 5.5, 9.5, 5.9 ] },
														"south": { "texture": "#iron1", "uv": [ 10.5, 13.5, 12.5, 13.9 ] },
														"west": { "texture": "#iron1", "uv": [ 5.0, 4.5, 11.0, 4.9 ] },
														"up": { "texture": "#iron1", "uv": [ 4.0, 0.0, 10.0, 2.0 ], "rotation": 90 },
														"down": { "texture": "#iron1", "uv": [ 13.5, 4.0, 15.5, 10.0 ] }
													}
												}
											]
										}
									]
								},
								{
									"name": "Spoke1",
									"from": [ 0.4, -9.6, 0.16 ],
									"to": [ 1.68, 0.0, 1.44 ],
									"rotationOrigin": [ 1.2, 0.8, 0.8 ],
									"rotationX": 45.0,
									"faces": {
										"north": { "texture": "#generic", "uv": [ 3.5, 0.0, 13.0, 1.0 ], "rotation": 90 },
										"east": { "texture": "#generic", "uv": [ 1.0, 10.5, 10.5, 11.5 ], "rotation": 90 },
										"south": { "texture": "#generic", "uv": [ 0.5, 13.5, 10.0, 14.5 ], "rotation": 90 },
										"west": { "texture": "#generic", "uv": [ 1.5, 12.5, 11.0, 13.5 ], "rotation": 90 }
									},
									"children": [
										{
											"name": "Rim1oclock",
											"from": [ -0.408, -0.8052, -2.3607 ],
											"to": [ 1.592, 0.7948, 3.6393 ],
											"rotationOrigin": [ -0.4, 10.3948, 0.6593 ],
											"rotationX": 15.0,
											"faces": {
												"east": { "texture": "#generic", "uv": [ 1.0, 12.5, 7.0, 14.1 ] },
												"west": { "texture": "#generic", "uv": [ 4.0, 0.5, 10.0, 2.1 ] },
												"up": { "texture": "#generic", "uv": [ 4.0, 5.0, 10.0, 7.0 ], "rotation": 90 }
											},
											"children": [
												{
													"name": "Iron1",
													"from": [ -0.08, -0.08, -0.04 ],
													"to": [ 2.08, 0.4, 6.04 ],
													"rotationOrigin": [ -0.08, 11.12, 2.94 ],
													"faces": {
														"north": { "texture": "#iron1", "uv": [ 2.0, 8.0, 4.0, 8.4 ] },
														"east": { "texture": "#iron1", "uv": [ 5.5, 2.5, 11.5, 2.9 ] },
														"south": { "texture": "#iron1", "uv": [ 7.0, 15.0, 9.0, 15.4 ] },
														"west": { "texture": "#iron1", "uv": [ 6.5, 11.0, 12.5, 11.4 ] },
														"up": { "texture": "#iron1", "uv": [ 7.5, 11.5, 13.5, 13.5 ], "rotation": 90 },
														"down": { "texture": "#iron1", "uv": [ 13.5, 4.0, 15.5, 10.0 ] }
													}
												}
											]
										}
									]
								}
							]
						},
						{
							"name": "Quadrant10-12",
							"from": [ 0.0, 0.0, 0.0 ],
							"to": [ 1.6, 1.6, 1.6 ],
							"rotationOrigin": [ 0.0, 0.8, 0.8 ],
							"rotationX": 180.0,
							"faces": {
								"north": { "texture": "#generic", "uv": [ 0.0, 0.0, 1.6, 1.6 ] },
								"east": { "texture": "#generic", "uv": [ 0.0, 0.0, 1.6, 1.6 ] },
								"south": { "texture": "#generic", "uv": [ 0.0, 0.0, 1.6, 1.6 ] },
								"west": { "texture": "#generic", "uv": [ 0.0, 0.0, 1.6, 1.6 ] },
								"up": { "texture": "#generic", "uv": [ 0.0, 0.0, 1.6, 1.6 ] },
								"down": { "texture": "#generic", "uv": [ 0.0, 0.0, 1.6, 1.6 ] }
							},
							"children": [
								{
									"name": "Spoke12",
									"from": [ 0.4, -9.6, 0.16 ],
									"to": [ 1.68, 0.0, 1.44 ],
									"rotationOrigin": [ 1.2, 0.8, 0.8 ],
									"rotationX": -15.0,
									"faces": {
										"north": { "texture": "#generic", "uv": [ 1.5, 5.5, 11.0, 6.5 ], "rotation": 90 },
										"east": { "texture": "#generic", "uv": [ 1.0, 5.0, 10.5, 6.0 ], "rotation": 90 },
										"south": { "texture": "#generic", "uv": [ 1.0, 1.0, 10.5, 2.0 ], "rotation": 90 },
										"west": { "texture": "#generic", "uv": [ 0.5, 0.5, 10.0, 1.5 ], "rotation": 90 }
									},
									"children": [
										{
											"name": "Rim12oclock",
											"from": [ -0.392, -0.8052, -2.3607 ],
											"to": [ 1.608, 0.7948, 3.6393 ],
											"rotationOrigin": [ -0.4, 10.3948, 0.6593 ],
											"rotationX": 15.0,
											"faces": {
												"east": { "texture": "#generic", "uv": [ 7.0, 2.5, 13.0, 4.1 ] },
												"west": { "texture": "#generic", "uv": [ 7.5, 12.0, 13.5, 13.6 ] },
												"up": { "texture": "#generic", "uv": [ 6.0, 3.0, 12.0, 5.0 ], "rotation": 90 }
											},
											"children": [
												{
													"name": "Iron12",
													"from": [ -0.08, -0.08, -0.04 ],
													"to": [ 2.08, 0.4, 6.04 ],
													"rotationOrigin": [ -0.08, 11.12, 2.94 ],
													"faces": {
														"north": { "texture": "#iron1", "uv": [ 1.0, 15.0, 3.0, 15.4 ] },
														"east": { "texture": "#iron1", "uv": [ 5.0, 4.5, 11.0, 4.9 ] },
														"south": { "texture": "#iron1", "uv": [ 6.5, 14.5, 8.5, 14.9 ] },
														"west": { "texture": "#iron1", "uv": [ 6.5, 6.0, 12.5, 6.4 ] },
														"up": { "texture": "#iron1", "uv": [ 4.5, 13.0, 10.5, 15.0 ], "rotation": 90 },
														"down": { "texture": "#iron1", "uv": [ 13.5, 8.0, 15.5, 14.0 ] }
													}
												}
											]
										}
									]
								},
								{
									"name": "Spoke11",
									"from": [ 0.4, -9.6, 0.16 ],
									"to": [ 1.68, 0.0, 1.44 ],
									"rotationOrigin": [ 1.2, 0.8, 0.8 ],
									"rotationX": 15.0,
									"faces": {
										"north": { "texture": "#generic", "uv": [ 3.0, 13.5, 12.5, 14.5 ], "rotation": 90 },
										"east": { "texture": "#generic", "uv": [ 2.0, 2.5, 11.5, 3.5 ], "rotation": 90 },
										"south": { "texture": "#generic", "uv": [ 2.5, 8.5, 12.0, 9.5 ], "rotation": 90 },
										"west": { "texture": "#generic", "uv": [ 0.0, 0.0, 9.5, 1.0 ], "rotation": 90 }
									},
									"children": [
										{
											"name": "Rim11oclock",
											"from": [ -0.4, -0.8052, -2.3607 ],
											"to": [ 1.6, 0.7948, 3.6393 ],
											"rotationOrigin": [ -0.4, 10.3948, 0.6593 ],
											"rotationX": 15.0,
											"faces": {
												"east": { "texture": "#generic", "uv": [ 6.0, 6.5, 12.0, 8.1 ] },
												"west": { "texture": "#generic", "uv": [ 5.5, 4.5, 11.5, 6.1 ] },
												"up": { "texture": "#generic", "uv": [ 1.5, 9.0, 7.5, 11.0 ], "rotation": 90 }
											},
											"children": [
												{
													"name": "Iron11",
													"from": [ -0.08, -0.08, -0.04 ],
													"to": [ 2.08, 0.4, 6.04 ],
													"rotationOrigin": [ -0.08, 11.12, 2.94 ],
													"faces": {
														"north": { "texture": "#iron1", "uv": [ 4.0, 0.0, 6.0, 0.4 ] },
														"east": { "texture": "#iron1", "uv": [ 1.5, 8.5, 7.5, 8.9 ] },
														"south": { "texture": "#iron1", "uv": [ 11.0, 5.5, 13.0, 5.9 ] },
														"west": { "texture": "#iron1", "uv": [ 4.5, 10.0, 10.5, 10.4 ] },
														"up": { "texture": "#iron1", "uv": [ 1.5, 3.5, 7.5, 5.5 ], "rotation": 90 },
														"down": { "texture": "#iron1", "uv": [ 13.5, 4.0, 15.5, 10.0 ] }
													}
												}
											]
										}
									]
								},
								{
									"name": "Spoke10",
									"from": [ 0.4, -9.6, 0.16 ],
									"to": [ 1.68, 0.0, 1.44 ],
									"rotationOrigin": [ 1.2, 0.8, 0.8 ],
									"rotationX": 45.0,
									"faces": {
										"north": { "texture": "#generic", "uv": [ 1.0, 2.0, 10.5, 3.0 ], "rotation": 90 },
										"east": { "texture": "#generic", "uv": [ 1.0, 0.0, 10.5, 1.0 ], "rotation": 90 },
										"south": { "texture": "#generic", "uv": [ 0.5, 11.5, 10.0, 12.5 ], "rotation": 90 },
										"west": { "texture": "#generic", "uv": [ 1.5, 11.5, 11.0, 12.5 ], "rotation": 90 }
									},
									"children": [
										{
											"name": "Rim10oclock",
											"from": [ -0.408, -0.8052, -2.3607 ],
											"to": [ 1.592, 0.7948, 3.6393 ],
											"rotationOrigin": [ -0.4, 10.3948, 0.6593 ],
											"rotationX": 15.0,
											"faces": {
												"east": { "texture": "#generic", "uv": [ 2.5, 6.5, 8.5, 8.1 ] },
												"west": { "texture": "#generic", "uv": [ 2.0, 4.5, 8.0, 6.1 ] },
												"up": { "texture": "#generic", "uv": [ 6.5, 10.0, 12.5, 12.0 ], "rotation": 90 }
											},
											"children": [
												{
													"name": "Iron10",
													"from": [ -0.08, -0.08, -0.04 ],
													"to": [ 2.08, 0.4, 6.04 ],
													"rotationOrigin": [ -0.08, 11.12, 2.94 ],
													"faces": {
														"north": { "texture": "#iron1", "uv": [ 13.0, 8.5, 15.0, 8.9 ] },
														"east": { "texture": "#iron1", "uv": [ 6.0, 3.5, 12.0, 3.9 ] },
														"south": { "texture": "#iron1", "uv": [ 12.0, 0.5, 14.0, 0.9 ] },
														"west": { "texture": "#iron1", "uv": [ 8.0, 2.0, 14.0, 2.4 ] },
														"up": { "texture": "#iron1", "uv": [ 0.5, 3.0, 6.5, 5.0 ], "rotation": 90 },
														"down": { "texture": "#iron1", "uv": [ 13.5, 4.0, 15.5, 10.0 ] }
													}
												}
											]
										}
									]
								}
							]
						},
						{
							"name": "Quadrant7-9",
							"from": [ 0.0, 0.0, 0.0 ],
							"to": [ 1.6, 1.6, 1.6 ],
							"rotationOrigin": [ 0.0, 0.8, 0.8 ],
							"rotationX": 270.0,
							"faces": {
								"north": { "texture": "#generic", "uv": [ 0.0, 0.0, 1.6, 1.6 ] },
								"east": { "texture": "#generic", "uv": [ 0.0, 0.0, 1.6, 1.6 ] },
								"south": { "texture": "#generic", "uv": [ 0.0, 0.0, 1.6, 1.6 ] },
								"west": { "texture": "#generic", "uv": [ 0.0, 0.0, 1.6, 1.6 ] },
								"up": { "texture": "#generic", "uv": [ 0.0, 0.0, 1.6, 1.6 ] },
								"down": { "texture": "#generic", "uv": [ 0.0, 0.0, 1.6, 1.6 ] }
							},
							"children": [
								{
									"name": "Spoke9",
									"from": [ 0.4, -9.6, 0.16 ],
									"to": [ 1.68, 0.0, 1.44 ],
									"rotationOrigin": [ 1.2, 0.8, 0.8 ],
									"rotationX": -15.0,
									"faces": {
										"north": { "texture": "#generic", "uv": [ 2.0, 6.5, 11.5, 7.5 ], "rotation": 90 },
										"east": { "texture": "#generic", "uv": [ 3.5, 8.5, 13.0, 9.5 ], "rotation": 90 },
										"south": { "texture": "#generic", "uv": [ 0.0, 2.5, 9.5, 3.5 ], "rotation": 90 },
										"west": { "texture": "#generic", "uv": [ 0.0, 7.0, 9.5, 8.0 ], "rotation": 90 }
									},
									"children": [
										{
											"name": "Rim9oclock",
											"from": [ -0.392, -0.8052, -2.3607 ],
											"to": [ 1.608, 0.7948, 3.6393 ],
											"rotationOrigin": [ -0.4, 10.3948, 0.6593 ],
											"rotationX": 15.0,
											"faces": {
												"east": { "texture": "#generic", "uv": [ 7.0, 5.5, 13.0, 7.1 ] },
												"west": { "texture": "#generic", "uv": [ 0.5, 13.0, 6.5, 14.6 ] },
												"up": { "texture": "#generic", "uv": [ 7.0, 9.5, 13.0, 11.5 ], "rotation": 90 }
											},
											"children": [
												{
													"name": "Iron9",
													"from": [ -0.08, -0.08, -0.04 ],
													"to": [ 2.08, 0.4, 6.04 ],
													"rotationOrigin": [ -0.08, 11.12, 2.94 ],
													"faces": {
														"north": { "texture": "#iron1", "uv": [ 0.5, 15.0, 2.5, 15.4 ] },
														"east": { "texture": "#iron1", "uv": [ 7.0, 0.0, 13.0, 0.4 ] },
														"south": { "texture": "#iron1", "uv": [ 6.0, 8.0, 8.0, 8.4 ] },
														"west": { "texture": "#iron1", "uv": [ 3.0, 0.0, 9.0, 0.4 ] },
														"up": { "texture": "#iron1", "uv": [ 1.0, 9.5, 7.0, 11.5 ], "rotation": 90 },
														"down": { "texture": "#iron1", "uv": [ 13.5, 4.0, 15.5, 10.0 ] }
													}
												}
											]
										}
									]
								},
								{
									"name": "Spoke8",
									"from": [ 0.4, -9.6, 0.16 ],
									"to": [ 1.68, 0.0, 1.44 ],
									"rotationOrigin": [ 1.2, 0.8, 0.8 ],
									"rotationX": 15.0,
									"faces": {
										"north": { "texture": "#generic", "uv": [ 3.5, 9.0, 13.0, 10.0 ], "rotation": 90 },
										"east": { "texture": "#generic", "uv": [ 3.0, 11.0, 12.5, 12.0 ], "rotation": 90 },
										"south": { "texture": "#generic", "uv": [ 0.0, 1.5, 9.5, 2.5 ], "rotation": 90 },
										"west": { "texture": "#generic", "uv": [ 3.0, 14.0, 12.5, 15.0 ], "rotation": 90 }
									},
									"children": [
										{
											"name": "Rim8oclock",
											"from": [ -0.4, -0.8052, -2.3607 ],
											"to": [ 1.6, 0.7948, 3.6393 ],
											"rotationOrigin": [ -0.4, 10.3948, 0.6593 ],
											"rotationX": 15.0,
											"faces": {
												"east": { "texture": "#generic", "uv": [ 6.0, 10.0, 12.0, 11.6 ] },
												"west": { "texture": "#generic", "uv": [ 8.0, 6.0, 14.0, 7.6 ] },
												"up": { "texture": "#generic", "uv": [ 1.0, 12.0, 7.0, 14.0 ], "rotation": 90 }
											},
											"children": [
												{
													"name": "Iron8",
													"from": [ -0.08, -0.08, -0.04 ],
													"to": [ 2.08, 0.4, 6.04 ],
													"rotationOrigin": [ -0.08, 11.12, 2.94 ],
													"faces": {
														"north": { "texture": "#iron1", "uv": [ 2.0, 6.5, 4.0, 6.9 ] },
														"east": { "texture": "#iron1", "uv": [ 3.0, 2.5, 9.0, 2.9 ] },
														"south": { "texture": "#iron1", "uv": [ 4.0, 1.0, 6.0, 1.4 ] },
														"west": { "texture": "#iron1", "uv": [ 3.0, 10.5, 9.0, 10.9 ] },
														"up": { "texture": "#iron1", "uv": [ 7.5, 2.0, 13.5, 4.0 ], "rotation": 90 },
														"down": { "texture": "#iron1", "uv": [ 13.5, 8.5, 15.5, 14.5 ], "rotation": 180 }
													}
												}
											]
										}
									]
								},
								{
									"name": "Spoke7",
									"from": [ 0.4, -9.6, 0.16 ],
									"to": [ 1.68, 0.0, 1.44 ],
									"rotationOrigin": [ 1.2, 0.8, 0.8 ],
									"rotationX": 45.0,
									"faces": {
										"north": { "texture": "#generic", "uv": [ 2.5, 10.0, 12.0, 11.0 ], "rotation": 90 },
										"east": { "texture": "#generic", "uv": [ 3.0, 3.5, 12.5, 4.5 ], "rotation": 90 },
										"south": { "texture": "#generic", "uv": [ 3.5, 2.0, 13.0, 3.0 ], "rotation": 90 },
										"west": { "texture": "#generic", "uv": [ 3.0, 14.0, 12.5, 15.0 ], "rotation": 90 }
									},
									"children": [
										{
											"name": "Rim7oclock",
											"from": [ -0.408, -0.8052, -2.3607 ],
											"to": [ 1.592, 0.7948, 3.6393 ],
											"rotationOrigin": [ -0.4, 10.3948, 0.6593 ],
											"rotationX": 15.0,
											"faces": {
												"east": { "texture": "#generic", "uv": [ 1.0, 11.5, 7.0, 13.1 ] },
												"west": { "texture": "#generic", "uv": [ 0.0, 7.5, 6.0, 9.1 ] },
												"up": { "texture": "#generic", "uv": [ 3.0, 11.0, 9.0, 13.0 ], "rotation": 90 }
											},
											"children": [
												{
													"name": "Iron7",
													"from": [ -0.08, -0.08, -0.04 ],
													"to": [ 2.08, 0.4, 6.04 ],
													"rotationOrigin": [ -0.08, 11.12, 2.94 ],
													"faces": {
														"north": { "texture": "#iron1", "uv": [ 10.0, 1.5, 12.0, 1.9 ] },
														"east": { "texture": "#iron1", "uv": [ 4.5, 11.0, 10.5, 11.4 ] },
														"south": { "texture": "#iron1", "uv": [ 1.5, 7.0, 3.5, 7.4 ] },
														"west": { "texture": "#iron1", "uv": [ 1.0, 7.0, 7.0, 7.4 ] },
														"up": { "texture": "#iron1", "uv": [ 6.5, 4.5, 12.5, 6.5 ], "rotation": 90 },
														"down": { "texture": "#iron1", "uv": [ 13.5, 4.0, 15.5, 10.0 ] }
													}
												}
											]
										}
									]
								}
							]
						}
					]
				},
				{
					"name": "Hub2",
					"from": [ 9.32, 9.6, -2.6 ],
					"to": [ 16.12, 12.8, 0.6 ],
					"rotationOrigin": [ 9.32, 11.2, -1.0 ],
					"faces": {
						"north": { "texture": "#generic", "uv": [ 0.0, 0.0, 6.5, 3.0 ] },
						"east": { "texture": "#top", "uv": [ 6.0, 6.0, 9.0, 9.0 ] },
						"south": { "texture": "#generic", "uv": [ 0.0, 0.0, 6.5, 3.0 ] },
						"west": { "texture": "#top", "uv": [ 6.0, 6.0, 9.0, 9.0 ] },
						"up": { "texture": "#generic", "uv": [ 0.0, 0.0, 6.5, 3.0 ] },
						"down": { "texture": "#generic", "uv": [ 0.0, 0.0, 6.5, 3.0 ] }
					},
					"children": [
						{
							"name": "HubFatPart2",
							"from": [ 0.8, -0.8, -0.8 ],
							"to": [ 6.0, 4.0, 4.0 ],
							"rotationOrigin": [ 0.8, 1.6, 1.6 ],
							"faces": {
								"north": { "texture": "#generic", "uv": [ 0.0, 0.0, 5.0, 4.5 ] },
								"east": { "texture": "#generic", "uv": [ 0.0, 0.0, 4.5, 4.5 ] },
								"south": { "texture": "#generic", "uv": [ 0.0, 0.0, 5.0, 4.5 ] },
								"west": { "texture": "#generic", "uv": [ 0.0, 0.0, 4.5, 4.5 ] },
								"up": { "texture": "#generic", "uv": [ 0.0, 0.0, 5.0, 4.5 ] },
								"down": { "texture": "#generic", "uv": [ 0.0, 0.0, 5.0, 4.5 ] }
							},
							"children": [
								{
									"name": "HubBand3",
									"from": [ 0.4, -0.16, -0.16 ],
									"to": [ 1.6, 4.96, 4.96 ],
									"rotationOrigin": [ 0.4, -0.16, -0.16 ],
									"faces": {
										"north": { "texture": "#iron1", "uv": [ 0.5, 0.5, 1.5, 5.5 ] },
										"east": { "texture": "#iron1", "uv": [ 0.0, 0.0, 5.0, 5.0 ] },
										"south": { "texture": "#iron1", "uv": [ 14.0, 0.5, 15.0, 5.5 ] },
										"west": { "texture": "#iron1", "uv": [ 0.0, 0.0, 5.0, 5.0 ] },
										"up": { "texture": "#iron1", "uv": [ 14.0, 9.0, 15.0, 14.0 ] },
										"down": { "texture": "#iron1", "uv": [ 0.5, 9.0, 1.5, 14.0 ] }
									}
								},
								{
									"name": "HubBand4",
									"from": [ 3.6, -0.16, -0.16 ],
									"to": [ 4.8, 4.96, 4.96 ],
									"rotationOrigin": [ 3.6, -0.16, -0.16 ],
									"faces": {
										"north": { "texture": "#iron1", "uv": [ 0.5, 9.0, 1.5, 14.0 ] },
										"east": { "texture": "#iron1", "uv": [ 0.0, 0.0, 5.0, 5.0 ] },
										"south": { "texture": "#iron1", "uv": [ 14.0, 9.0, 15.0, 14.0 ] },
										"west": { "texture": "#iron1", "uv": [ 0.0, 0.0, 5.0, 5.0 ] },
										"up": { "texture": "#iron1", "uv": [ 5.0, 13.5, 10.0, 14.5 ], "rotation": 270 },
										"down": { "texture": "#iron1", "uv": [ 5.0, 0.5, 10.0, 1.5 ], "rotation": 90 }
									}
								}
							]
						}
					]
				},
				{
					"name": "RimMover2",
					"from": [ 11.4, 10.4, -1.2 ],
					"to": [ 13.0, 12.0, 0.4 ],
					"rotationOrigin": [ 11.4, 11.2, -0.4 ],
					"faces": {
					},
					"children": [
						{
							"name": "Quadrant4-7",
							"from": [ 0.0, 0.0, 0.0 ],
							"to": [ 1.6, 1.6, 1.6 ],
							"rotationOrigin": [ 0.0, 0.8, 0.8 ],
							"faces": {
								"north": { "texture": "#generic", "uv": [ 0.0, 0.0, 1.5, 1.5 ] },
								"east": { "texture": "#generic", "uv": [ 0.0, 0.0, 1.5, 1.5 ] },
								"south": { "texture": "#generic", "uv": [ 0.0, 0.0, 1.5, 1.5 ] },
								"west": { "texture": "#generic", "uv": [ 0.0, 0.0, 1.5, 1.5 ] },
								"up": { "texture": "#generic", "uv": [ 0.0, 0.0, 1.5, 1.5 ] },
								"down": { "texture": "#generic", "uv": [ 0.0, 0.0, 1.5, 1.5 ] }
							},
							"children": [
								{
									"name": "Spoke13",
									"from": [ 0.4, -9.6, 0.16 ],
									"to": [ 1.68, 0.0, 1.44 ],
									"rotationOrigin": [ 1.2, 0.8, 0.8 ],
									"rotationX": -15.0,
									"faces": {
										"north": { "texture": "#generic", "uv": [ 1.0, 11.0, 10.5, 12.0 ], "rotation": 90 },
										"east": { "texture": "#generic", "uv": [ 1.5, 7.0, 11.0, 8.0 ], "rotation": 90 },
										"south": { "texture": "#generic", "uv": [ 3.0, 0.5, 12.5, 1.5 ], "rotation": 90 },
										"west": { "texture": "#generic", "uv": [ 2.0, 3.0, 11.5, 4.0 ], "rotation": 90 }
									},
									"children": [
										{
											"name": "Rim6oclock2",
											"from": [ -0.392, -0.8052, -2.3607 ],
											"to": [ 1.608, 0.7948, 3.6393 ],
											"rotationOrigin": [ -0.4, 10.3948, 0.6593 ],
											"rotationX": 15.0,
											"faces": {
												"east": { "texture": "#generic", "uv": [ 7.0, 4.0, 13.0, 5.5 ] },
												"west": { "texture": "#generic", "uv": [ 4.5, 13.5, 10.5, 15.0 ] },
												"up": { "texture": "#generic", "uv": [ 1.5, 12.0, 7.5, 14.0 ], "rotation": 90 }
											},
											"children": [
												{
													"name": "Iron13",
													"from": [ -0.08, -0.08, -0.04 ],
													"to": [ 2.08, 0.4, 6.04 ],
													"rotationOrigin": [ -0.08, 11.12, 2.94 ],
													"faces": {
														"north": { "texture": "#iron1", "uv": [ 12.0, 10.0, 14.0, 10.5 ] },
														"east": { "texture": "#iron1", "uv": [ 6.5, 15.0, 12.5, 15.5 ] },
														"south": { "texture": "#iron1", "uv": [ 10.5, 8.0, 12.5, 8.5 ] },
														"west": { "texture": "#iron1", "uv": [ 1.0, 12.0, 7.0, 12.5 ] },
														"up": { "texture": "#iron1", "uv": [ 7.5, 9.5, 13.5, 11.5 ], "rotation": 90 },
														"down": { "texture": "#iron1", "uv": [ 4.5, 13.0, 10.5, 15.0 ], "rotation": 90 }
													}
												}
											]
										}
									]
								},
								{
									"name": "Spoke14",
									"from": [ 0.4, -9.6, 0.16 ],
									"to": [ 1.68, 0.0, 1.44 ],
									"rotationOrigin": [ 1.2, 0.8, 0.8 ],
									"rotationX": 15.0,
									"faces": {
										"north": { "texture": "#generic", "uv": [ 0.5, 2.5, 10.0, 3.5 ], "rotation": 90 },
										"east": { "texture": "#generic", "uv": [ 1.0, 12.5, 10.5, 13.5 ], "rotation": 90 },
										"south": { "texture": "#generic", "uv": [ 3.5, 13.5, 13.0, 14.5 ], "rotation": 90 },
										"west": { "texture": "#generic", "uv": [ 2.5, 10.0, 12.0, 11.0 ], "rotation": 90 }
									},
									"children": [
										{
											"name": "Rim5oclock2",
											"from": [ -0.4, -0.8052, -2.3607 ],
											"to": [ 1.6, 0.7948, 3.6393 ],
											"rotationOrigin": [ -0.4, 10.3948, 0.6593 ],
											"rotationX": 15.0,
											"faces": {
												"east": { "texture": "#generic", "uv": [ 7.0, 8.0, 13.0, 9.5 ] },
												"west": { "texture": "#generic", "uv": [ 7.0, 8.0, 13.0, 9.5 ] },
												"up": { "texture": "#generic", "uv": [ 2.0, 8.0, 8.0, 10.0 ], "rotation": 90 }
											},
											"children": [
												{
													"name": "Iron14",
													"from": [ -0.08, -0.08, -0.04 ],
													"to": [ 2.08, 0.4, 6.04 ],
													"rotationOrigin": [ -0.08, 11.12, 2.94 ],
													"faces": {
														"north": { "texture": "#iron1", "uv": [ 12.5, 14.0, 14.5, 14.5 ] },
														"east": { "texture": "#iron1", "uv": [ 3.5, 5.5, 9.5, 6.0 ] },
														"south": { "texture": "#iron1", "uv": [ 10.5, 13.5, 12.5, 14.0 ] },
														"west": { "texture": "#iron1", "uv": [ 5.0, 4.5, 11.0, 5.0 ] },
														"up": { "texture": "#iron1", "uv": [ 4.0, 0.0, 10.0, 2.0 ], "rotation": 90 },
														"down": { "texture": "#iron1", "uv": [ 13.5, 4.0, 15.5, 10.0 ] }
													}
												}
											]
										}
									]
								},
								{
									"name": "Spoke15",
									"from": [ 0.4, -9.6, 0.16 ],
									"to": [ 1.68, 0.0, 1.44 ],
									"rotationOrigin": [ 1.2, 0.8, 0.8 ],
									"rotationX": 45.0,
									"faces": {
										"north": { "texture": "#generic", "uv": [ 3.0, 8.5, 12.5, 9.5 ], "rotation": 90 },
										"east": { "texture": "#generic", "uv": [ 1.5, 14.0, 11.0, 15.0 ], "rotation": 90 },
										"south": { "texture": "#generic", "uv": [ 1.5, 3.0, 11.0, 4.0 ], "rotation": 90 },
										"west": { "texture": "#generic", "uv": [ 3.5, 6.0, 13.0, 7.0 ], "rotation": 90 }
									},
									"children": [
										{
											"name": "Rim4oclock2",
											"from": [ -0.408, -0.8052, -2.3607 ],
											"to": [ 1.592, 0.7948, 3.6393 ],
											"rotationOrigin": [ -0.4, 10.3948, 0.6593 ],
											"rotationX": 15.0,
											"faces": {
												"east": { "texture": "#generic", "uv": [ 6.5, 5.5, 12.5, 7.0 ] },
												"west": { "texture": "#generic", "uv": [ 8.0, 7.5, 14.0, 9.0 ] },
												"up": { "texture": "#generic", "uv": [ 2.5, 9.5, 8.5, 11.5 ], "rotation": 90 }
											},
											"children": [
												{
													"name": "Iron15",
													"from": [ -0.08, -0.08, -0.04 ],
													"to": [ 2.08, 0.4, 6.04 ],
													"rotationOrigin": [ -0.08, 11.12, 2.94 ],
													"faces": {
														"north": { "texture": "#iron1", "uv": [ 8.5, 8.0, 10.5, 8.5 ] },
														"east": { "texture": "#iron1", "uv": [ 7.5, 11.5, 13.5, 12.0 ] },
														"south": { "texture": "#iron1", "uv": [ 7.5, 12.0, 9.5, 12.5 ] },
														"west": { "texture": "#iron1", "uv": [ 7.5, 9.5, 13.5, 10.0 ] },
														"up": { "texture": "#iron1", "uv": [ 4.5, 13.0, 10.5, 15.0 ], "rotation": 90 },
														"down": { "texture": "#iron1", "uv": [ 0.0, 8.0, 2.0, 14.0 ] }
													}
												}
											]
										}
									]
								}
							]
						},
						{
							"name": "Quadrant1-4",
							"from": [ 0.0, 0.0, 0.0 ],
							"to": [ 1.6, 1.6, 1.6 ],
							"rotationOrigin": [ 0.0, 0.8, 0.8 ],
							"rotationX": 90.0,
							"faces": {
								"north": { "texture": "#generic", "uv": [ 0.0, 0.0, 1.5, 1.5 ] },
								"east": { "texture": "#generic", "uv": [ 0.0, 0.0, 1.5, 1.5 ] },
								"south": { "texture": "#generic", "uv": [ 0.0, 0.0, 1.5, 1.5 ] },
								"west": { "texture": "#generic", "uv": [ 0.0, 0.0, 1.5, 1.5 ] },
								"up": { "texture": "#generic", "uv": [ 0.0, 0.0, 1.5, 1.5 ] },
								"down": { "texture": "#generic", "uv": [ 0.0, 0.0, 1.5, 1.5 ] }
							},
							"children": [
								{
									"name": "Spoke16",
									"from": [ 0.4, -9.6, 0.16 ],
									"to": [ 1.68, 0.0, 1.44 ],
									"rotationOrigin": [ 1.2, 0.8, 0.8 ],
									"rotationX": -15.0,
									"faces": {
										"north": { "texture": "#generic", "uv": [ 1.0, 4.5, 10.5, 5.5 ], "rotation": 90 },
										"east": { "texture": "#generic", "uv": [ 0.0, 2.0, 9.5, 3.0 ], "rotation": 90 },
										"south": { "texture": "#generic", "uv": [ 0.5, 6.0, 10.0, 7.0 ], "rotation": 90 },
										"west": { "texture": "#generic", "uv": [ 2.0, 8.0, 11.5, 9.0 ], "rotation": 90 }
									},
									"children": [
										{
											"name": "Rim3oclock2",
											"from": [ -0.392, -0.8052, -2.3607 ],
											"to": [ 1.608, 0.7948, 3.6393 ],
											"rotationOrigin": [ -0.4, 10.3948, 0.6593 ],
											"rotationX": 15.0,
											"faces": {
												"east": { "texture": "#generic", "uv": [ 6.5, 5.0, 12.5, 6.5 ] },
												"west": { "texture": "#generic", "uv": [ 4.5, 13.0, 10.5, 14.5 ] },
												"up": { "texture": "#generic", "uv": [ 2.5, 5.5, 8.5, 7.5 ], "rotation": 90 }
											},
											"children": [
												{
													"name": "Iron16",
													"from": [ -0.08, -0.08, -0.04 ],
													"to": [ 2.08, 0.4, 6.04 ],
													"rotationOrigin": [ -0.08, 11.12, 2.94 ],
													"faces": {
														"north": { "texture": "#iron1", "uv": [ 13.0, 15.0, 15.0, 15.5 ] },
														"east": { "texture": "#iron1", "uv": [ 7.5, 7.5, 13.5, 8.0 ] },
														"south": { "texture": "#iron1", "uv": [ 2.5, 11.0, 4.5, 11.5 ] },
														"west": { "texture": "#iron1", "uv": [ 5.0, 13.0, 11.0, 13.5 ] },
														"up": { "texture": "#iron1", "uv": [ 5.5, 10.0, 11.5, 12.0 ], "rotation": 90 },
														"down": { "texture": "#iron1", "uv": [ 13.5, 4.0, 15.5, 10.0 ] }
													}
												}
											]
										}
									]
								},
								{
									"name": "Spoke17",
									"from": [ 0.4, -9.6, 0.16 ],
									"to": [ 1.68, 0.0, 1.44 ],
									"rotationOrigin": [ 1.2, 0.8, 0.8 ],
									"rotationX": 15.0,
									"faces": {
										"north": { "texture": "#generic", "uv": [ 0.5, 2.5, 10.0, 3.5 ], "rotation": 90 },
										"east": { "texture": "#generic", "uv": [ 1.0, 12.5, 10.5, 13.5 ], "rotation": 90 },
										"south": { "texture": "#generic", "uv": [ 3.5, 13.5, 13.0, 14.5 ], "rotation": 90 },
										"west": { "texture": "#generic", "uv": [ 2.5, 10.0, 12.0, 11.0 ], "rotation": 90 }
									},
									"children": [
										{
											"name": "Rim2oclock2",
											"from": [ -0.4, -0.8052, -2.3607 ],
											"to": [ 1.6, 0.7948, 3.6393 ],
											"rotationOrigin": [ -0.4, 10.3948, 0.6593 ],
											"rotationX": 15.0,
											"faces": {
												"east": { "texture": "#generic", "uv": [ 7.0, 8.0, 13.0, 9.5 ] },
												"west": { "texture": "#generic", "uv": [ 7.0, 8.0, 13.0, 9.5 ] },
												"up": { "texture": "#generic", "uv": [ 2.0, 8.0, 8.0, 10.0 ], "rotation": 90 }
											},
											"children": [
												{
													"name": "Iron17",
													"from": [ -0.08, -0.08, -0.04 ],
													"to": [ 2.08, 0.4, 6.04 ],
													"rotationOrigin": [ -0.08, 11.12, 2.94 ],
													"faces": {
														"north": { "texture": "#iron1", "uv": [ 12.5, 14.0, 14.5, 14.5 ] },
														"east": { "texture": "#iron1", "uv": [ 3.5, 5.5, 9.5, 6.0 ] },
														"south": { "texture": "#iron1", "uv": [ 10.5, 13.5, 12.5, 14.0 ] },
														"west": { "texture": "#iron1", "uv": [ 5.0, 4.5, 11.0, 5.0 ] },
														"up": { "texture": "#iron1", "uv": [ 4.0, 0.0, 10.0, 2.0 ], "rotation": 90 },
														"down": { "texture": "#iron1", "uv": [ 13.5, 4.0, 15.5, 10.0 ] }
													}
												}
											]
										}
									]
								},
								{
									"name": "Spoke18",
									"from": [ 0.4, -9.6, 0.16 ],
									"to": [ 1.68, 0.0, 1.44 ],
									"rotationOrigin": [ 1.2, 0.8, 0.8 ],
									"rotationX": 45.0,
									"faces": {
										"north": { "texture": "#generic", "uv": [ 3.5, 0.0, 13.0, 1.0 ], "rotation": 90 },
										"east": { "texture": "#generic", "uv": [ 1.0, 10.5, 10.5, 11.5 ], "rotation": 90 },
										"south": { "texture": "#generic", "uv": [ 0.5, 13.5, 10.0, 14.5 ], "rotation": 90 },
										"west": { "texture": "#generic", "uv": [ 1.5, 12.5, 11.0, 13.5 ], "rotation": 90 }
									},
									"children": [
										{
											"name": "Rim1oclock2",
											"from": [ -0.408, -0.8052, -2.3607 ],
											"to": [ 1.592, 0.7948, 3.6393 ],
											"rotationOrigin": [ -0.4, 10.3948, 0.6593 ],
											"rotationX": 15.0,
											"faces": {
												"east": { "texture": "#generic", "uv": [ 1.0, 12.5, 7.0, 14.0 ] },
												"west": { "texture": "#generic", "uv": [ 4.0, 0.5, 10.0, 2.0 ] },
												"up": { "texture": "#generic", "uv": [ 4.0, 5.0, 10.0, 7.0 ], "rotation": 90 }
											},
											"children": [
												{
													"name": "Iron18",
													"from": [ -0.08, -0.08, -0.04 ],
													"to": [ 2.08, 0.4, 6.04 ],
													"rotationOrigin": [ -0.08, 11.12, 2.94 ],
													"faces": {
														"north": { "texture": "#iron1", "uv": [ 2.0, 8.0, 4.0, 8.5 ] },
														"east": { "texture": "#iron1", "uv": [ 5.5, 2.5, 11.5, 3.0 ] },
														"south": { "texture": "#iron1", "uv": [ 7.0, 15.0, 9.0, 15.5 ] },
														"west": { "texture": "#iron1", "uv": [ 6.5, 11.0, 12.5, 11.5 ] },
														"up": { "texture": "#iron1", "uv": [ 7.5, 11.5, 13.5, 13.5 ], "rotation": 90 },
														"down": { "texture": "#iron1", "uv": [ 13.5, 4.0, 15.5, 10.0 ] }
													}
												}
											]
										}
									]
								}
							]
						},
						{
							"name": "Quadrant10-13",
							"from": [ 0.0, 0.0, 0.0 ],
							"to": [ 1.6, 1.6, 1.6 ],
							"rotationOrigin": [ 0.0, 0.8, 0.8 ],
							"rotationX": 180.0,
							"faces": {
								"north": { "texture": "#generic", "uv": [ 0.0, 0.0, 1.5, 1.5 ] },
								"east": { "texture": "#generic", "uv": [ 0.0, 0.0, 1.5, 1.5 ] },
								"south": { "texture": "#generic", "uv": [ 0.0, 0.0, 1.5, 1.5 ] },
								"west": { "texture": "#generic", "uv": [ 0.0, 0.0, 1.5, 1.5 ] },
								"up": { "texture": "#generic", "uv": [ 0.0, 0.0, 1.5, 1.5 ] },
								"down": { "texture": "#generic", "uv": [ 0.0, 0.0, 1.5, 1.5 ] }
							},
							"children": [
								{
									"name": "Spoke19",
									"from": [ 0.4, -9.6, 0.16 ],
									"to": [ 1.68, 0.0, 1.44 ],
									"rotationOrigin": [ 1.2, 0.8, 0.8 ],
									"rotationX": -15.0,
									"faces": {
										"north": { "texture": "#generic", "uv": [ 1.5, 5.5, 11.0, 6.5 ], "rotation": 90 },
										"east": { "texture": "#generic", "uv": [ 1.0, 5.0, 10.5, 6.0 ], "rotation": 90 },
										"south": { "texture": "#generic", "uv": [ 1.0, 1.0, 10.5, 2.0 ], "rotation": 90 },
										"west": { "texture": "#generic", "uv": [ 0.5, 0.5, 10.0, 1.5 ], "rotation": 90 }
									},
									"children": [
										{
											"name": "Rim12oclock2",
											"from": [ -0.392, -0.8052, -2.3607 ],
											"to": [ 1.608, 0.7948, 3.6393 ],
											"rotationOrigin": [ -0.4, 10.3948, 0.6593 ],
											"rotationX": 15.0,
											"faces": {
												"east": { "texture": "#generic", "uv": [ 7.0, 2.5, 13.0, 4.0 ] },
												"west": { "texture": "#generic", "uv": [ 7.5, 12.0, 13.5, 13.5 ] },
												"up": { "texture": "#generic", "uv": [ 6.0, 3.0, 12.0, 5.0 ], "rotation": 90 }
											},
											"children": [
												{
													"name": "Iron19",
													"from": [ -0.08, -0.08, -0.04 ],
													"to": [ 2.08, 0.4, 6.04 ],
													"rotationOrigin": [ -0.08, 11.12, 2.94 ],
													"faces": {
														"north": { "texture": "#iron1", "uv": [ 1.0, 15.0, 3.0, 15.5 ] },
														"east": { "texture": "#iron1", "uv": [ 5.0, 4.5, 11.0, 5.0 ] },
														"south": { "texture": "#iron1", "uv": [ 6.5, 14.5, 8.5, 15.0 ] },
														"west": { "texture": "#iron1", "uv": [ 6.5, 6.0, 12.5, 6.5 ] },
														"up": { "texture": "#iron1", "uv": [ 4.5, 13.0, 10.5, 15.0 ], "rotation": 90 },
														"down": { "texture": "#iron1", "uv": [ 13.5, 8.0, 15.5, 14.0 ] }
													}
												}
											]
										}
									]
								},
								{
									"name": "Spoke20",
									"from": [ 0.4, -9.6, 0.16 ],
									"to": [ 1.68, 0.0, 1.44 ],
									"rotationOrigin": [ 1.2, 0.8, 0.8 ],
									"rotationX": 15.0,
									"faces": {
										"north": { "texture": "#generic", "uv": [ 3.0, 13.5, 12.5, 14.5 ], "rotation": 90 },
										"east": { "texture": "#generic", "uv": [ 2.0, 2.5, 11.5, 3.5 ], "rotation": 90 },
										"south": { "texture": "#generic", "uv": [ 2.5, 8.5, 12.0, 9.5 ], "rotation": 90 },
										"west": { "texture": "#generic", "uv": [ 0.0, 0.0, 9.5, 1.0 ], "rotation": 90 }
									},
									"children": [
										{
											"name": "Rim11oclock2",
											"from": [ -0.4, -0.8052, -2.3607 ],
											"to": [ 1.6, 0.7948, 3.6393 ],
											"rotationOrigin": [ -0.4, 10.3948, 0.6593 ],
											"rotationX": 15.0,
											"faces": {
												"east": { "texture": "#generic", "uv": [ 6.0, 6.5, 12.0, 8.0 ] },
												"west": { "texture": "#generic", "uv": [ 5.5, 4.5, 11.5, 6.0 ] },
												"up": { "texture": "#generic", "uv": [ 1.5, 9.0, 7.5, 11.0 ], "rotation": 90 }
											},
											"children": [
												{
													"name": "Iron20",
													"from": [ -0.08, -0.08, -0.04 ],
													"to": [ 2.08, 0.4, 6.04 ],
													"rotationOrigin": [ -0.08, 11.12, 2.94 ],
													"faces": {
														"north": { "texture": "#iron1", "uv": [ 4.0, 0.0, 6.0, 0.5 ] },
														"east": { "texture": "#iron1", "uv": [ 1.5, 8.5, 7.5, 9.0 ] },
														"south": { "texture": "#iron1", "uv": [ 11.0, 5.5, 13.0, 6.0 ] },
														"west": { "texture": "#iron1", "uv": [ 4.5, 10.0, 10.5, 10.5 ] },
														"up": { "texture": "#iron1", "uv": [ 1.5, 3.5, 7.5, 5.5 ], "rotation": 90 },
														"down": { "texture": "#iron1", "uv": [ 13.5, 4.0, 15.5, 10.0 ] }
													}
												}
											]
										}
									]
								},
								{
									"name": "Spoke21",
									"from": [ 0.4, -9.6, 0.16 ],
									"to": [ 1.68, 0.0, 1.44 ],
									"rotationOrigin": [ 1.2, 0.8, 0.8 ],
									"rotationX": 45.0,
									"faces": {
										"north": { "texture": "#generic", "uv": [ 1.0, 2.0, 10.5, 3.0 ], "rotation": 90 },
										"east": { "texture": "#generic", "uv": [ 1.0, 0.0, 10.5, 1.0 ], "rotation": 90 },
										"south": { "texture": "#generic", "uv": [ 0.5, 11.5, 10.0, 12.5 ], "rotation": 90 },
										"west": { "texture": "#generic", "uv": [ 1.5, 11.5, 11.0, 12.5 ], "rotation": 90 }
									},
									"children": [
										{
											"name": "Rim10oclock2",
											"from": [ -0.408, -0.8052, -2.3607 ],
											"to": [ 1.592, 0.7948, 3.6393 ],
											"rotationOrigin": [ -0.4, 10.3948, 0.6593 ],
											"rotationX": 15.0,
											"faces": {
												"east": { "texture": "#generic", "uv": [ 2.5, 6.5, 8.5, 8.0 ] },
												"west": { "texture": "#generic", "uv": [ 2.0, 4.5, 8.0, 6.0 ] },
												"up": { "texture": "#generic", "uv": [ 6.5, 10.0, 12.5, 12.0 ], "rotation": 90 }
											},
											"children": [
												{
													"name": "Iron21",
													"from": [ -0.08, -0.08, -0.04 ],
													"to": [ 2.08, 0.4, 6.04 ],
													"rotationOrigin": [ -0.08, 11.12, 2.94 ],
													"faces": {
														"north": { "texture": "#iron1", "uv": [ 13.0, 8.5, 15.0, 9.0 ] },
														"east": { "texture": "#iron1", "uv": [ 6.0, 3.5, 12.0, 4.0 ] },
														"south": { "texture": "#iron1", "uv": [ 12.0, 0.5, 14.0, 1.0 ] },
														"west": { "texture": "#iron1", "uv": [ 8.0, 2.0, 14.0, 2.5 ] },
														"up": { "texture": "#iron1", "uv": [ 0.5, 3.0, 6.5, 5.0 ], "rotation": 90 },
														"down": { "texture": "#iron1", "uv": [ 13.5, 4.0, 15.5, 10.0 ] }
													}
												}
											]
										}
									]
								}
							]
						},
						{
							"name": "Quadrant7-10",
							"from": [ 0.0, 0.0, 0.0 ],
							"to": [ 1.6, 1.6, 1.6 ],
							"rotationOrigin": [ 0.0, 0.8, 0.8 ],
							"rotationX": 270.0,
							"faces": {
								"north": { "texture": "#generic", "uv": [ 0.0, 0.0, 1.5, 1.5 ] },
								"east": { "texture": "#generic", "uv": [ 0.0, 0.0, 1.5, 1.5 ] },
								"south": { "texture": "#generic", "uv": [ 0.0, 0.0, 1.5, 1.5 ] },
								"west": { "texture": "#generic", "uv": [ 0.0, 0.0, 1.5, 1.5 ] },
								"up": { "texture": "#generic", "uv": [ 0.0, 0.0, 1.5, 1.5 ] },
								"down": { "texture": "#generic", "uv": [ 0.0, 0.0, 1.5, 1.5 ] }
							},
							"children": [
								{
									"name": "Spoke22",
									"from": [ 0.4, -9.6, 0.16 ],
									"to": [ 1.68, 0.0, 1.44 ],
									"rotationOrigin": [ 1.2, 0.8, 0.8 ],
									"rotationX": -15.0,
									"faces": {
										"north": { "texture": "#generic", "uv": [ 2.0, 6.5, 11.5, 7.5 ], "rotation": 90 },
										"east": { "texture": "#generic", "uv": [ 3.5, 8.5, 13.0, 9.5 ], "rotation": 90 },
										"south": { "texture": "#generic", "uv": [ 0.0, 2.5, 9.5, 3.5 ], "rotation": 90 },
										"west": { "texture": "#generic", "uv": [ 0.0, 7.0, 9.5, 8.0 ], "rotation": 90 }
									},
									"children": [
										{
											"name": "Rim9oclock2",
											"from": [ -0.392, -0.8052, -2.3607 ],
											"to": [ 1.608, 0.7948, 3.6393 ],
											"rotationOrigin": [ -0.4, 10.3948, 0.6593 ],
											"rotationX": 15.0,
											"faces": {
												"east": { "texture": "#generic", "uv": [ 7.0, 5.5, 13.0, 7.0 ] },
												"west": { "texture": "#generic", "uv": [ 0.5, 13.0, 6.5, 14.5 ] },
												"up": { "texture": "#generic", "uv": [ 7.0, 9.5, 13.0, 11.5 ], "rotation": 90 }
											},
											"children": [
												{
													"name": "Iron22",
													"from": [ -0.08, -0.08, -0.04 ],
													"to": [ 2.08, 0.4, 6.04 ],
													"rotationOrigin": [ -0.08, 11.12, 2.94 ],
													"faces": {
														"north": { "texture": "#iron1", "uv": [ 0.5, 15.0, 2.5, 15.5 ] },
														"east": { "texture": "#iron1", "uv": [ 7.0, 0.0, 13.0, 0.5 ] },
														"south": { "texture": "#iron1", "uv": [ 6.0, 8.0, 8.0, 8.5 ] },
														"west": { "texture": "#iron1", "uv": [ 3.0, 0.0, 9.0, 0.5 ] },
														"up": { "texture": "#iron1", "uv": [ 1.0, 9.5, 7.0, 11.5 ], "rotation": 90 },
														"down": { "texture": "#iron1", "uv": [ 13.5, 4.0, 15.5, 10.0 ] }
													}
												}
											]
										}
									]
								},
								{
									"name": "Spoke23",
									"from": [ 0.4, -9.6, 0.16 ],
									"to": [ 1.68, 0.0, 1.44 ],
									"rotationOrigin": [ 1.2, 0.8, 0.8 ],
									"rotationX": 15.0,
									"faces": {
										"north": { "texture": "#generic", "uv": [ 3.5, 9.0, 13.0, 10.0 ], "rotation": 90 },
										"east": { "texture": "#generic", "uv": [ 3.0, 11.0, 12.5, 12.0 ], "rotation": 90 },
										"south": { "texture": "#generic", "uv": [ 0.0, 1.5, 9.5, 2.5 ], "rotation": 90 },
										"west": { "texture": "#generic", "uv": [ 3.0, 14.0, 12.5, 15.0 ], "rotation": 90 }
									},
									"children": [
										{
											"name": "Rim8oclock2",
											"from": [ -0.4, -0.8052, -2.3607 ],
											"to": [ 1.6, 0.7948, 3.6393 ],
											"rotationOrigin": [ -0.4, 10.3948, 0.6593 ],
											"rotationX": 15.0,
											"faces": {
												"east": { "texture": "#generic", "uv": [ 6.0, 10.0, 12.0, 11.5 ] },
												"west": { "texture": "#generic", "uv": [ 8.0, 6.0, 14.0, 7.5 ] },
												"up": { "texture": "#generic", "uv": [ 1.0, 12.0, 7.0, 14.0 ], "rotation": 90 }
											},
											"children": [
												{
													"name": "Iron23",
													"from": [ -0.08, -0.08, -0.04 ],
													"to": [ 2.08, 0.4, 6.04 ],
													"rotationOrigin": [ -0.08, 11.12, 2.94 ],
													"faces": {
														"north": { "texture": "#iron1", "uv": [ 2.0, 6.5, 4.0, 7.0 ] },
														"east": { "texture": "#iron1", "uv": [ 3.0, 2.5, 9.0, 3.0 ] },
														"south": { "texture": "#iron1", "uv": [ 4.0, 1.0, 6.0, 1.5 ] },
														"west": { "texture": "#iron1", "uv": [ 3.0, 10.5, 9.0, 11.0 ] },
														"up": { "texture": "#iron1", "uv": [ 7.5, 2.0, 13.5, 4.0 ], "rotation": 90 },
														"down": { "texture": "#iron1", "uv": [ 13.5, 8.5, 15.5, 14.5 ], "rotation": 180 }
													}
												}
											]
										}
									]
								},
								{
									"name": "Spoke24",
									"from": [ 0.4, -9.6, 0.16 ],
									"to": [ 1.68, 0.0, 1.44 ],
									"rotationOrigin": [ 1.2, 0.8, 0.8 ],
									"rotationX": 45.0,
									"faces": {
										"north": { "texture": "#generic", "uv": [ 2.5, 10.0, 12.0, 11.0 ], "rotation": 90 },
										"east": { "texture": "#generic", "uv": [ 3.0, 3.5, 12.5, 4.5 ], "rotation": 90 },
										"south": { "texture": "#generic", "uv": [ 3.5, 2.0, 13.0, 3.0 ], "rotation": 90 },
										"west": { "texture": "#generic", "uv": [ 3.0, 14.0, 12.5, 15.0 ], "rotation": 90 }
									},
									"children": [
										{
											"name": "Rim7oclock2",
											"from": [ -0.408, -0.8052, -2.3607 ],
											"to": [ 1.592, 0.7948, 3.6393 ],
											"rotationOrigin": [ -0.4, 10.3948, 0.6593 ],
											"rotationX": 15.0,
											"faces": {
												"east": { "texture": "#generic", "uv": [ 1.0, 11.5, 7.0, 13.0 ] },
												"west": { "texture": "#generic", "uv": [ 0.0, 7.5, 6.0, 9.0 ] },
												"up": { "texture": "#generic", "uv": [ 3.0, 11.0, 9.0, 13.0 ], "rotation": 90 }
											},
											"children": [
												{
													"name": "Iron24",
													"from": [ -0.08, -0.08, -0.04 ],
													"to": [ 2.08, 0.4, 6.04 ],
													"rotationOrigin": [ -0.08, 11.12, 2.94 ],
													"faces": {
														"north": { "texture": "#iron1", "uv": [ 10.0, 1.5, 12.0, 2.0 ] },
														"east": { "texture": "#iron1", "uv": [ 4.5, 11.0, 10.5, 11.5 ] },
														"south": { "texture": "#iron1", "uv": [ 1.5, 7.0, 3.5, 7.5 ] },
														"west": { "texture": "#iron1", "uv": [ 1.0, 7.0, 7.0, 7.5 ] },
														"up": { "texture": "#iron1", "uv": [ 6.5, 4.5, 12.5, 6.5 ], "rotation": 90 },
														"down": { "texture": "#iron1", "uv": [ 13.5, 4.0, 15.5, 10.0 ] }
													}
												}
											]
										}
									]
								}
							]
						}
					]
				}
			]
		}
	],
	"animations": [
		{
			"name": "Move",
			"code": "move",
			"quantityframes": 100,
			"onActivityStopped": "Stop",
			"onAnimationEnd": "Repeat",
			"keyframes": [
				{
					"frame": 0,
					"elements": {
						"RimMover": { "rotationX": -180.0, "rotationY": 0.0, "rotationZ": 0.0 },
						"RimMover2": { "rotationX": -180.0, "rotationY": 0.0, "rotationZ": 0.0 }
					}
				},
				{
					"frame": 99,
					"elements": {
						"RimMover": { "rotationX": 180.0, "rotationY": 0.0, "rotationZ": 0.0 },
						"RimMover2": { "rotationX": 180.0, "rotationY": 0.0, "rotationZ": 0.0 }
					}
				}
			]
		}
	]
}