{
	"editor": {
		"collapsedPaths": "Root/Base/Barrel4,Root/RimMoverLeft/RimMover,Root/Base/Gun,Root/Base/Barrel1,Root/RimMoverLeft/Quadrant10-12,Root/HubRight,Root/Base1/Chain1,Root/Gun/BarrelStart2,Root/Base/Barrel1/Barrel2/Barrel3,Root/Base/Barrel4/Barrel5,Root/Base/Barrel1/Barrel2,Root/Base/HubLeft/HubFatPart,Root/RimMoverRight1/Hub,Root/RimMoverLeft1,Root/RimMoverLeft2,Root/Base,Root/RimMover,Root/Base/HubLeft,Root/BarrelStart,Root/Base/Barrel1/Barrel4,Root/HubLeft,Root/Base/Barrel1/Barrel1Detail2,Root/Hub,Root/Base/Barrel4/Barrel1Detail5,Root/HubRight/HubFatPart,Root/Base1/GearLeft1,Root/Base/Barrel1/BarrelDetail3,Root/Gun/BarrelPart2,Root/Gun/BarrelPart1,Root/Base/Barrel1/BarrelDetail1,Root/Base/BaseLeft1,Root/Gun/BarrelPart4,Root/Gun/BarrelPart3,Root/RimMoverLeft/Quadrant1-3,Root/Base/HubLeft/WheelLeft2,Root/RimMoverRight1/RimMover,Root/RimMoverLeft/Quadrant4-6,Root/RimMoverLeft/Quadrant7-9,Root/Base/BaseRight1,Root/Base/Barrel4/Barrel5/Barrel6,Root/Base/HubRight,Root/Base1,Root/RimMoverRight2,Root/RimMoverRight1,Root/RimMoverLeft/Hub,Root/RimMoverRight,Root/HubLeft/HubFatPart",
		"allAngles": false,
		"entityTextureMode": false
	},
	"textureWidth": 16,
	"textureHeight": 16,
	"textureSizes": {
	},
	"textures": {
		"iron1": "survival/textures/block/metal/sheet/iron1"
	},
	"elements": [
		{
			"name": "Base1",
			"from": [ 7.0, 0.0, 7.0 ],
			"to": [ 9.0, 3.0, 9.0 ],
			"rotationOrigin": [ 8.0, 0.0, 8.0 ],
			"faces": {
				"north": { "texture": "#iron1", "uv": [ 3.5, 2.5, 5.5, 5.5 ] },
				"east": { "texture": "#iron1", "uv": [ 0.5, 4.0, 2.5, 7.0 ], "windMode": [-1,-1,-1,-1] },
				"south": { "texture": "#iron1", "uv": [ 6.5, 4.5, 8.5, 7.5 ], "windMode": [-1,-1,-1,-1] },
				"west": { "texture": "#iron1", "uv": [ 9.5, 7.0, 11.5, 10.0 ], "windMode": [-1,-1,-1,-1] },
				"up": { "texture": "#iron1", "uv": [ 3.5, 5.0, 5.5, 7.0 ], "windMode": [-1,-1,-1,-1] }
			},
			"children": [
				{
					"name": "Base2Left1",
					"from": [ 0.0, 3.0, -0.05 ],
					"to": [ 1.0, 6.0, 2.05 ],
					"rotationOrigin": [ 1.0, 3.0, 1.0 ],
					"rotationZ": 45.0,
					"faces": {
						"north": { "texture": "#iron1", "uv": [ 3.5, 2.5, 4.5, 5.5 ] },
						"east": { "texture": "#iron1", "uv": [ 0.5, 4.0, 2.5, 7.0 ] },
						"south": { "texture": "#iron1", "uv": [ 6.5, 4.5, 7.5, 7.5 ] },
						"west": { "texture": "#iron1", "uv": [ 9.5, 7.0, 11.5, 10.0 ] },
						"up": { "texture": "#iron1", "uv": [ 3.5, 5.0, 4.5, 7.0 ] },
						"down": { "texture": "#iron1", "uv": [ 7.0, 5.5, 8.0, 7.5 ] }
					},
					"children": [
						{
							"name": "Base2Left2",
							"from": [ -0.3, 2.0, 0.0 ],
							"to": [ 0.7, 4.0, 2.1 ],
							"rotationOrigin": [ 1.0, 2.0, 1.05 ],
							"rotationZ": -45.0,
							"faces": {
								"north": { "texture": "#iron1", "uv": [ 9.5, 11.0, 10.5, 13.0 ] },
								"east": { "texture": "#iron1", "uv": [ 9.5, 10.5, 11.5, 12.5 ] },
								"south": { "texture": "#iron1", "uv": [ 5.0, 8.5, 6.0, 10.5 ] },
								"west": { "texture": "#iron1", "uv": [ 5.5, 10.0, 7.5, 12.0 ] },
								"up": { "texture": "#iron1", "uv": [ 8.5, 7.5, 9.5, 9.5 ] }
							}
						}
					]
				},
				{
					"name": "Base2Right1",
					"from": [ 1.0, 3.0, -0.05 ],
					"to": [ 2.0, 6.0, 2.05 ],
					"rotationOrigin": [ 1.0, 3.0, 1.0 ],
					"rotationZ": -45.0,
					"faces": {
						"north": { "texture": "#iron1", "uv": [ 3.5, 5.5, 4.5, 8.5 ] },
						"east": { "texture": "#iron1", "uv": [ 6.0, 7.0, 8.0, 10.0 ] },
						"south": { "texture": "#iron1", "uv": [ 12.5, 9.0, 13.5, 12.0 ] },
						"west": { "texture": "#iron1", "uv": [ 4.5, 6.5, 6.5, 9.5 ] },
						"up": { "texture": "#iron1", "uv": [ 7.5, 9.5, 8.5, 11.5 ] },
						"down": { "texture": "#iron1", "uv": [ 8.5, 6.5, 9.5, 8.5 ] }
					},
					"children": [
						{
							"name": "Base2Right2",
							"from": [ 0.3, 2.0, 0.0 ],
							"to": [ 1.3, 4.0, 2.1 ],
							"rotationOrigin": [ 0.0, 2.0, 1.05 ],
							"rotationZ": 45.0,
							"faces": {
								"north": { "texture": "#iron1", "uv": [ 8.0, 7.0, 9.0, 9.0 ] },
								"east": { "texture": "#iron1", "uv": [ 3.0, 10.0, 5.0, 12.0 ] },
								"south": { "texture": "#iron1", "uv": [ 10.5, 10.0, 11.5, 12.0 ] },
								"west": { "texture": "#iron1", "uv": [ 10.5, 3.0, 12.5, 5.0 ] },
								"up": { "texture": "#iron1", "uv": [ 4.5, 8.5, 5.5, 10.5 ] }
							}
						}
					]
				},
				{
					"name": "Base2",
					"from": [ -1.0, 0.0, -1.0 ],
					"to": [ 3.0, 0.5, 3.0 ],
					"faces": {
						"north": { "texture": "#iron1", "uv": [ 3.0, 8.0, 7.0, 8.5 ] },
						"east": { "texture": "#iron1", "uv": [ 8.0, 9.5, 12.0, 10.0 ] },
						"south": { "texture": "#iron1", "uv": [ 6.0, 9.0, 10.0, 9.5 ] },
						"west": { "texture": "#iron1", "uv": [ 2.5, 10.0, 6.5, 10.5 ] },
						"up": { "texture": "#iron1", "uv": [ 9.5, 9.5, 13.5, 13.5 ] },
						"down": { "texture": "#iron1", "uv": [ 4.5, 8.0, 8.5, 12.0 ] }
					}
				}
			]
		},
		{
			"name": "Gun",
			"from": [ 8.0, 6.0, 8.0 ],
			"to": [ 8.0, 6.0, 8.0 ],
			"rotationOrigin": [ 8.0, 6.0, 8.0 ],
			"faces": {
				"south": { "texture": "#iron1", "uv": [ 0.0, 0.0, 0.5, 0.5 ] }
			}
		}
	]}