{
	"editor": {
		"collapsedPaths": "Root/Base/Barrel4,Root/RimMoverLeft/RimMover,Root/Base/Gun,Root/Base/Barrel1,Root/RimMoverLeft/Quadrant10-12,Root/HubRight,Root/Gun/BarrelStart2,Root/Base/Barrel1/Barrel2/Barrel3,Root/Base/Barrel4/Barrel5,Root/Base/Barrel1/Barrel2,Root/Base/HubLeft/HubFatPart,Root/RimMoverRight1/Hub,Root/RimMoverLeft1,Root/RimMoverLeft2,Root/Base,Root/RimMover,Root/Base/HubLeft,Root/BarrelStart,Root/Base/Barrel1/Barrel4,Root/HubLeft,Root/Base/Barrel1/Barrel1Detail2,Root/Hub,Root/Base/Barrel4/Barrel1Detail5,Root/HubRight/HubFatPart,Root/Base/Barrel1/BarrelDetail3,Root/Gun/BarrelPart2,Root/Gun/BarrelPart1,Root/Base/Barrel1/BarrelDetail1,Root/Base/BaseLeft1,Root/Gun/BarrelPart4,Root/Gun/BarrelPart3,Root/RimMoverLeft/Quadrant1-3,Root/Base/HubLeft/WheelLeft2,Root/RimMoverRight1/RimMover,Root/RimMoverLeft/Quadrant4-6,Root/RimMoverLeft/Quadrant7-9,Root/Base/BaseRight1,Root/Base/Barrel4/Barrel5/Barrel6,Root/Base/HubRight,Root/RimMoverRight2,Root/RimMoverRight1,Root/RimMoverLeft/Hub,Root/HubLeft/HubFatPart",
		"allAngles": true,
		"entityTextureMode": false
	},
	"textureWidth": 16,
	"textureHeight": 16,
	"textureSizes": {
	},
	"textures": {
	},
	"elements": [
		{
			"name": "Base",
			"from": [ 2.0, 11.0, 1.0 ],
			"to": [ 14.0, 16.0, 16.0 ],
			"rotationOrigin": [ 8.0, 14.0, 9.0 ],
			"rotationX": 16.0,
			"faces": {
				"north": { "texture": "#generic", "uv": [ 0.0, 6.0, 12.0, 11.0 ], "windMode": [-1,-1,-1,-1], "windData": [0,1,1,0] },
				"south": { "texture": "#generic", "uv": [ 0.0, 3.0, 12.0, 8.0 ], "windMode": [-1,-1,-1,-1] },
				"up": { "texture": "#generic", "uv": [ 0.0, 0.0, 15.0, 12.0 ], "rotation": 90, "windMode": [-1,-1,-1,-1], "windData": [1,0,0,1] },
				"down": { "texture": "#generic", "uv": [ 0.0, 0.0, 15.0, 12.0 ], "rotation": 90, "windMode": [-1,-1,-1,-1] }
			},
			"children": [
				{
					"name": "BaseLeft1",
					"from": [ -4.0, 0.0, -1.0 ],
					"to": [ 0.0, 8.0, 15.0 ],
					"rotationOrigin": [ -4.0, 0.0, -1.0 ],
					"faces": {
						"north": { "texture": "#plainoak", "uv": [ 0.0, 0.0, 4.0, 8.0 ] },
						"east": { "texture": "#plainoak", "uv": [ 0.0, 0.0, 16.0, 8.0 ], "windMode": [-1,-1,-1,-1], "windData": [0,1,1,0] },
						"south": { "texture": "#plainoak", "uv": [ 0.0, 0.0, 4.0, 8.0 ], "windMode": [-1,-1,-1,-1], "windData": [0,0,1,1] },
						"west": { "texture": "#plainoak", "uv": [ 0.0, 0.0, 16.0, 8.0 ], "windMode": [-1,-1,-1,-1], "windData": [0,0,1,1] },
						"up": { "texture": "#plainoak", "uv": [ 0.0, 0.0, 16.0, 4.0 ], "rotation": 90, "windMode": [-1,-1,-1,-1], "windData": [1,1,1,1] },
						"down": { "texture": "#plainoak", "uv": [ 0.0, 0.0, 16.0, 4.0 ], "rotation": 90, "windMode": [-1,-1,-1,-1] }
					},
					"children": [
						{
							"name": "BaseLeft2",
							"from": [ 0.0, 0.0, 16.0 ],
							"to": [ 4.0, 7.0, 32.0 ],
							"rotationOrigin": [ 4.0, 3.0, 16.0 ],
							"faces": {
								"east": { "texture": "#plainoak", "uv": [ 0.0, 3.0, 16.0, 10.0 ], "windMode": [-1,-1,-1,-1] },
								"south": { "texture": "#plainoak", "uv": [ 1.5, 5.0, 8.5, 9.0 ], "rotation": 90, "windMode": [-1,-1,-1,-1] },
								"west": { "texture": "#plainoak", "uv": [ 0.0, 4.0, 16.0, 11.0 ], "windMode": [-1,-1,-1,-1] },
								"up": { "texture": "#plainoak", "uv": [ 0.0, 0.0, 16.0, 4.0 ], "rotation": 90, "windMode": [-1,-1,-1,-1] },
								"down": { "texture": "#plainoak", "uv": [ 0.0, 1.5, 16.0, 5.5 ], "rotation": 90, "windMode": [-1,-1,-1,-1] }
							},
							"children": [
								{
									"name": "BaseLeft3",
									"from": [ 0.01, 0.0, 15.0 ],
									"to": [ 3.99, 6.0, 31.0 ],
									"rotationOrigin": [ 4.0, 3.0, 15.0 ],
									"rotationX": -4.0,
									"faces": {
										"east": { "texture": "#plainoak", "uv": [ 0.0, 3.0, 16.0, 9.0 ], "windMode": [-1,-1,-1,-1] },
										"west": { "texture": "#plainoak", "uv": [ 0.0, 4.0, 16.0, 10.0 ], "windMode": [-1,-1,-1,-1] },
										"up": { "texture": "#plainoak", "uv": [ 0.0, 0.0, 16.0, 3.5 ], "rotation": 90, "windMode": [-1,-1,-1,-1] },
										"down": { "texture": "#plainoak", "uv": [ 0.0, 1.5, 16.0, 5.0 ], "rotation": 90, "windMode": [-1,-1,-1,-1] }
									},
									"children": [
										{
											"name": "BaseLeft4",
											"from": [ 0.0, 0.0, 16.0 ],
											"to": [ 4.0, 6.0, 21.0 ],
											"rotationOrigin": [ 4.0, 3.0, 16.0 ],
											"faces": {
												"east": { "texture": "#iron1", "uv": [ 11.0, 3.5, 16.0, 9.5 ] },
												"south": { "texture": "#iron1", "uv": [ 7.0, 5.0, 11.0, 11.0 ], "windMode": [-1,-1,-1,-1] },
												"west": { "texture": "#iron1", "uv": [ 0.0, 4.0, 5.0, 10.0 ], "windMode": [-1,-1,-1,-1] },
												"up": { "texture": "#iron1", "uv": [ 4.5, 0.0, 8.5, 5.0 ], "windMode": [-1,-1,-1,-1] },
												"down": { "texture": "#iron1", "uv": [ 3.5, 0.0, 7.5, 5.0 ], "windMode": [-1,-1,-1,-1] }
											}
										}
									]
								}
							]
						}
					]
				},
				{
					"name": "BaseRight1",
					"from": [ 12.0, 0.0, -1.0 ],
					"to": [ 16.0, 8.0, 15.0 ],
					"rotationOrigin": [ 12.0, 3.0, -1.0 ],
					"faces": {
						"north": { "texture": "#plainoak", "uv": [ 2.5, 6.0, 6.5, 14.0 ], "windMode": [-1,-1,-1,-1], "windData": [0,1,1,0] },
						"east": { "texture": "#plainoak", "uv": [ 0.0, 3.0, 16.0, 11.0 ], "windMode": [-1,-1,-1,-1], "windData": [0,1,1,0] },
						"south": { "texture": "#plainoak", "uv": [ 4.5, 2.5, 12.5, 6.5 ], "rotation": 90, "windMode": [-1,-1,-1,-1], "windData": [0,0,1,1] },
						"west": { "texture": "#plainoak", "uv": [ 0.0, 7.0, 16.0, 15.0 ], "windMode": [-1,-1,-1,-1], "windData": [0,0,1,1] },
						"up": { "texture": "#plainoak", "uv": [ 0.0, 6.5, 16.0, 10.5 ], "rotation": 90, "windMode": [-1,-1,-1,-1], "windData": [1,1,1,1] },
						"down": { "texture": "#plainoak", "uv": [ 0.0, 3.0, 16.0, 7.0 ], "rotation": 90, "windMode": [-1,-1,-1,-1] }
					},
					"children": [
						{
							"name": "BaseRight2",
							"from": [ 0.0, 0.0, 16.0 ],
							"to": [ 4.0, 7.0, 32.0 ],
							"rotationOrigin": [ 0.0, 3.0, 16.0 ],
							"faces": {
								"east": { "texture": "#plainoak", "uv": [ 0.0, 3.0, 16.0, 10.0 ], "windMode": [-1,-1,-1,-1] },
								"south": { "texture": "#plainoak", "uv": [ 4.5, 2.0, 11.5, 6.0 ], "rotation": 90, "windMode": [-1,-1,-1,-1] },
								"west": { "texture": "#plainoak", "uv": [ 0.0, 8.5, 16.0, 15.5 ], "windMode": [-1,-1,-1,-1] },
								"up": { "texture": "#plainoak", "uv": [ 0.0, 6.5, 16.0, 10.5 ], "rotation": 90, "windMode": [-1,-1,-1,-1] },
								"down": { "texture": "#plainoak", "uv": [ 0.0, 3.0, 16.0, 7.0 ], "rotation": 90, "windMode": [-1,-1,-1,-1] }
							},
							"children": [
								{
									"name": "BaseRIght3",
									"from": [ 0.01, 0.0, 15.0 ],
									"to": [ 3.99, 6.0, 31.0 ],
									"rotationOrigin": [ 0.0, 3.0, 15.0 ],
									"rotationX": -4.0,
									"faces": {
										"east": { "texture": "#plainoak", "uv": [ 0.0, 9.5, 16.0, 15.5 ], "windMode": [-1,-1,-1,-1] },
										"west": { "texture": "#plainoak", "uv": [ 0.0, 4.0, 16.0, 10.0 ], "windMode": [-1,-1,-1,-1] },
										"up": { "texture": "#plainoak", "uv": [ 0.0, 5.0, 16.0, 8.5 ], "rotation": 90, "windMode": [-1,-1,-1,-1] },
										"down": { "texture": "#plainoak", "uv": [ 0.0, 6.5, 16.0, 10.0 ], "rotation": 90, "windMode": [-1,-1,-1,-1] }
									},
									"children": [
										{
											"name": "BaseRight4",
											"from": [ 0.0, 0.0, 16.0 ],
											"to": [ 4.0, 6.0, 21.0 ],
											"rotationOrigin": [ 0.0, 3.0, 16.0 ],
											"faces": {
												"east": { "texture": "#iron1", "uv": [ 11.0, 9.0, 16.0, 15.0 ] },
												"south": { "texture": "#iron1", "uv": [ 9.5, 2.5, 13.5, 8.5 ], "windMode": [-1,-1,-1,-1] },
												"west": { "texture": "#iron1", "uv": [ 0.0, 8.5, 5.0, 14.5 ], "windMode": [-1,-1,-1,-1] },
												"up": { "texture": "#iron1", "uv": [ 1.0, 0.0, 5.0, 5.0 ], "windMode": [-1,-1,-1,-1] },
												"down": { "texture": "#iron1", "uv": [ 9.5, 0.0, 13.5, 5.0 ], "windMode": [-1,-1,-1,-1] }
											}
										}
									]
								}
							]
						}
					]
				},
				{
					"name": "HubLeft",
					"from": [ -13.0, 0.6968, 4.9426 ],
					"to": [ 3.0, 4.6968, 8.9426 ],
					"rotationOrigin": [ -13.0, 2.6968, 6.9426 ],
					"rotationX": 164.0,
					"faces": {
						"north": { "texture": "#generic", "uv": [ 0.0, 1.0, 16.0, 5.0 ] },
						"south": { "texture": "#generic", "uv": [ 0.0, 7.0, 16.0, 11.0 ] },
						"west": { "texture": "#iron1", "uv": [ 6.0, 6.0, 10.0, 10.0 ] },
						"up": { "texture": "#generic", "uv": [ 0.0, 5.0, 16.0, 9.0 ] },
						"down": { "texture": "#generic", "uv": [ 0.0, 2.5, 16.0, 6.5 ] }
					}
				},
				{
					"name": "HubRight",
					"from": [ 25.0, 0.6968, 4.9426 ],
					"to": [ 41.0, 4.6968, 8.9426 ],
					"rotationOrigin": [ 25.0, 2.6968, 6.9426 ],
					"rotationX": 164.0,
					"rotationZ": -180.0,
					"faces": {
						"north": { "texture": "#generic", "uv": [ 0.0, 0.0, 16.0, 4.0 ] },
						"south": { "texture": "#generic", "uv": [ 0.0, 0.0, 16.0, 4.0 ] },
						"west": { "texture": "#iron1", "uv": [ 6.0, 6.0, 10.0, 10.0 ] },
						"up": { "texture": "#generic", "uv": [ 0.0, 0.0, 16.0, 4.0 ] },
						"down": { "texture": "#generic", "uv": [ 0.0, 0.0, 16.0, 4.0 ] }
					}
				}
			]
		},
		{
			"name": "RimMoverRight",
			"from": [ 26.0, 13.0, 7.0 ],
			"to": [ 26.0, 13.0, 7.0 ],
			"rotationOrigin": [ 26.0, 14.0, 8.0 ],
			"faces": {
			}
		},
		{
			"name": "Gun",
			"from": [ 8.0, 16.4, 7.65 ],
			"to": [ 8.0, 16.4, 7.65 ],
			"rotationOrigin": [ 8.0, 16.4, 7.65 ],
			"faces": {
			}
		},
		{
			"name": "RimMoverLeft",
			"from": [ -10.0, 13.0, 7.0 ],
			"to": [ -10.0, 13.0, 7.0 ],
			"rotationOrigin": [ -10.0, 14.0, 8.0 ],
			"faces": {
			}
		}
	]}