{
	"code": "deadchicken",
	"class": "butcherable",
	"variantgroups": [
		{ "code": "type", "states": [ "male", "female", "baby"] },
		{ "code": "texture", "states": [ "1", "2", "3", "4", "5", "6", "7", "8" ] },
		{ "code": "state", "states": [ "dead", "skinned", "bledout", "rotten" ] }
	],
	"skipVariants": [ "deadchicken-male-6-*", "deadchicken-male-7-*", "deadchicken-male-8-*" ],
	"maxstacksize": 1,
	"behaviors": [{ "name": "GroundStorable", "properties": { "layout": "SingleCenter", "collisionBox": { "x1": 0.2, "y1": 0, "z1": 0.2, "x2": 0.8, "y2": 0.5, "z2": 0.8 }}}],
	"texturesByType": {
		"deadchicken-male-*-dead": { "rooster": { "base": "game:entity/chicken/rooster{texture}" } },
		"deadchicken-female-*-dead": { "hen": { "base": "game:entity/chicken/hen{texture}" } },
		"deadchicken-baby-*-dead": { "babychick": { "base": "game:entity/chicken/babychick{texture}" } },
		"deadchicken-male-*-skinned": { "rooster": { "base": "butchering:item/butchercreatures/animalpoultrymeatbloody" } },
		"deadchicken-female-*-skinned": { "hen": { "base": "butchering:item/butchercreatures/animalpoultrymeatbloody" } },
		"deadchicken-baby-*-skinned": { "babychick": { "base": "butchering:item/butchercreatures/animalpoultrymeatbloody" } },
		"deadchicken-male-*-bledout": { "rooster": { "base": "butchering:item/butchercreatures/animalpoultrymeatbledout" } },
		"deadchicken-female-*-bledout": { "hen": { "base": "butchering:item/butchercreatures/animalpoultrymeatbledout" } },
		"deadchicken-baby-*-bledout": { "babychick": { "base": "butchering:item/butchercreatures/animalpoultrymeatbledout" } },
		"deadchicken-male-*-rotten": { "rooster": { "base": "game:block/creature/rot/rot" } },
		"deadchicken-female-*-rotten": { "hen": { "base": "game:block/creature/rot/rot" } },
		"deadchicken-baby-*-rotten": { "babychick": { "base": "game:block/creature/rot/rot" } }
	},
	"attributesByType": {
		"deadchicken-male-*": {
			"size": 0.5,
			"weight": 0.02,
			"handbookByType": {
				"*-rotten": {
					"exclude": false
				},
				"*": {
					"exclude": true
				}
			},
			"hangingShape": { "base": "butchering:butchercreatures/chicken/chicken-rooster-hanging" },
			"butcheringRewards": [
			],
			"skinningRewards": [
			]
		},
		"deadchicken-female-*": {
			"size": 0.5,
			"weight": 0.02,
			"handbookByType": {
				"*-rotten": {
					"exclude": false
				},
				"*": {
					"exclude": true
				}
			},
			"hangingShape": { "base": "butchering:butchercreatures/chicken/chicken-hen-hanging" },
			"butcheringRewards": [
			],
			"skinningRewards": [
			]
		},
		"deadchicken-baby-*": {
			"size": 0.5,
			"weight": 0,
			"handbookByType": {
				"*-rotten": {
					"exclude": false
				},
				"*": {
					"exclude": true
				}
			},
			"hangingShape": { "base": "butchering:butchercreatures/chicken/chicken-baby-hanging" },
			"butcheringRewards": [
			],
			"skinningRewards": [
			]
		}
	},
	"shapeByType": {
		 "deadchicken-male-*": { "base": "butchercreatures/chicken/chicken-rooster-dead" },
		 "deadchicken-female-*": { "base": "butchercreatures/chicken/chicken-hen-dead" },
		 "deadchicken-baby-*": { "base": "butchercreatures/chicken/chicken-baby-dead" }
	},
	"storageFlagsbytype": {
		"deadchicken-baby-*": 2049,
		"*-rotten": 1,
		"*": 2049
	},
    "transitionablePropsByType": {
		"*-rotten": [],
		"*": [
			{
				"type": "perish",
				"freshHours": {
					"avg": 80
				},
				"transitionHours": {
					"avg": 24
				},
				"transitionedStack": {
					"type": "item",
					"code": "butchering:deadchicken-{type}-{texture}-rotten"
				},
				"transitionRatio": 1
			}
		]
	},
	"creativeinventory": { "general": ["*"], "items": ["*"] },
	"heldTpIdleAnimation": "holdunderarm",
	"guiTransform": {
		"translation": { "x": 0, "y": 0, "z": 0 },
		"rotation": { "x": -20, "y": 21, "z": 180 },
		"origin": { "x": 0.53, "y": 0.35, "z": 0.5 },
		"scale": 1,
		"rotate": true
	},
	"fpHandTransform": {
		"translation": { "x": 0, "y": 0, "z": 0 },
		"rotation": { "x": -132, "y": -180, "z": -18 }
	},
	"tpHandTransform": {
		"translation": { "x": -0.5, "y": -0.3, "z": -0.7 },
		"rotation": { "x": -89, "y": -12, "z": 3 },
		"scale": 0.86
	},
	"groundTransform": {
		"translation": { "x": 0, "y": 0, "z": 0 },
		"rotation": { "x": 180, "y": 33, "z": -180 },
		"origin": { "x": 0.5, "y": 0, "z": 0.5 },
		"scale": 4.5
	}
}