[
  {
    // If you add enabled: false to your recipe, you can simply enable it when the desired mod is loaded
    "file": "floralzonescentralaustralianregion:recipes/barrel/weaktannin.json",
    "op": "add",
    "side": "server",
    "path": "/0",
    "value": {"enabled": false}
  },
  {
    // If you add enabled: false to your recipe, you can simply enable it when the desired mod is loaded
    "file": "floralzonescentralaustralianregion:recipes/barrel/weaktannin.json",
    "op": "add",
    "side": "server",
    "path": "/1",
    "value": {"enabled": false}
  },
  {
    // If you add enabled: false to your recipe, you can simply enable it when the desired mod is loaded
    "file": "floralzonescentralaustralianregion:recipes/barrel/strongtannin.json",
    "op": "add",
    "side": "server",
    "path": "/0",
    "value": {"enabled": false}
  },
  {
    // If you add enabled: false to your recipe, you can simply enable it when the desired mod is loaded
    "file": "floralzonescentralaustralianregion:recipes/barrel/strongtannin.json",
    "op": "add",
    "side": "server",
    "path": "/1",
    "value": {"enabled": false}
  }
]