{
	code: "varanus-juvenile",
	class: "EntityAgent",
	canClimb: true,
        canClimbAnywhere: false,
        climbTouchDistance: 0.1,
        rotateModelOnClimb: true,
        fallDamage: false,
	variantgroups: [
		{ code: "type", states: ["niloticus", "stellatus", "albigularis", "exanthematicus", "griseus"]}
	],
	collisionBoxSizeByType: {
		"varanus-juvenile-niloticus": { x: 0.48, y: 0.072 },
		"varanus-juvenile-stellatus": { x: 0.44, y: 0.066 },
		"varanus-juvenile-albigularis": { x: 0.4, y: 0.06 },
		"varanus-juvenile-exanthematicus": { x: 0.3, y: 0.045 },
		"varanus-juvenile-griseus": { x: 0.3, y: 0.045 },
	},
	deadCollisionBoxSizeByType: {
		"varanus-juvenile-niloticus": { x: 0.48, y: 0.072 },
		"varanus-juvenile-stellatus": { x: 0.44, y: 0.066 },
		"varanus-juvenile-albigularis": { x: 0.4, y: 0.06 },
		"varanus-juvenile-exanthematicus": { x: 0.3, y: 0.045 },
		"varanus-juvenile-griseus": { x: 0.3, y: 0.045 },
	},	
	selectionBoxSizeByType: {
		"*-niloticus": { x: 0.48, y: 0.072 },
		"*-stellatus": { x: 0.44, y: 0.066 },
		"*-albigularis": { x: 0.4, y: 0.06 },
		"*-exanthematicus": { x: 0.3, y: 0.045 },
		"*-griseus": { x: 0.3, y: 0.045 },
	},
	deadSelectionBoxSizeByType: {
		"*-niloticus": { x: 0.48, y: 0.072 },
		"*-stellatus": { x: 0.44, y: 0.066 },
		"*-albigularis": { x: 0.4, y: 0.06 },
		"*-exanthematicus": { x: 0.3, y: 0.045 },
		"*-griseus": { x: 0.3, y: 0.045 },
	},	
	knockbackResistance: 0,
	weightByType: {
			"*-niloticus": 3,
			"*-stellatus": 3,
			"*-albigularis": 3,
			"*-exanthematicus": 2,
			"*-griseus": 2,
			},
	eyeHeight: 0.25,
	drops: [],
	attributes: {
		netCaughtItemCode: "africanmonitorlizards:creature-varanus-juvenile-{type}",
		guiTransform: {
			translation: { x: 0, y: 0, z: 0 },
			rotation: { x: 180, y: -115, z: 6 },
			origin: { x: 0.5, y: 0.74, z: 0.5 }
		},
		tpHandTransform: {
			translation: { x: -0.7, y: -0.8, z: -0.6 },
			rotation: { x: 1, y: 172, z: 26 },
			scale: 0.44
		},
		fpHandTransform: {
			translation: { x: 0.05, y: -0.3, z: 0.5 },
			rotation: { x: -8, y: -84, z: -31 },
		},
		groundTransform: {
			translation: { x: 0, y: 0.1, z: 0 }
		}
	},
	client: {
		renderer: "Shape",
		shape: { base: "entity/land/varanus" },
		textureByType: {
			"*-niloticus": { base: "entity/monitorlizard/varanus-niloticus" },
			"*-stellatus": { base: "entity/monitorlizard/varanus-stellatus" },
			"*-albigularis": { base: "entity/monitorlizard/varanus-albigularis" },
			"*-exanthematicus": { base: "entity/monitorlizard/varanus-exanthematicus" },
			"*-griseus": { base: "entity/monitorlizard/varanus-griseus" },
		},
		sizeByType: {
			"varanus-juvenile-niloticus": 0.2076,
			"varanus-juvenile-stellatus": 0.1902,
			"varanus-juvenile-albigularis": 0.173,
			"varanus-juvenile-exanthematicus": 0.1298,
			"varanus-juvenile-griseus": 0.1298,
			
		},
		behaviors: [
			{ code: "repulseagents" }, 
			{ code: "controlledphysics", stepHeight: 0.25 },
			{ code: "floatupwhenstuck", onlyWhenDead: true },
			{ code: "interpolateposition" },
			{ code: "harvestable" },
			{ code: "despawn", minPlayerDistance: 8, belowLightLevel: 8, minSeconds: 300 },
		],
		animations: [
			{
				code: "hurt",
				animation: "hurt", 
				animationSpeed: 2.2,
				weight: 10,
				blendMode: "AddAverage" 
			},
			{
				code: "die",
				animation: "sleep", 
				animationSpeed: 1.25,
				weight: 10,
				blendMode: "Average",
				triggeredBy: { onControls: ["dead"] }
			},
			{ 
				code: "idle", 
				animation: "idle",
				blendMode: "AddAverage",
				easeOutSpeed: 4,
				triggeredBy: { defaultAnim: true },
			},
			{
				code: "sleep", 
				animation: "sleep",
				easeInSpeed: 4,
				easeOutSpeed: 4,
				weight: 1.25,
				blendMode: "Average", 
			},
			{
				code: "sit", 
				animation: "call",
				easeInSpeed: 4,
				easeOutSpeed: 3,
				supressDefaultAnimation: true,
				blendMode: "Average", 
			},
			{
				code: "walk",
				animation: "walk",
				supressDefaultAnimation: true,
				blendMode: "AddAverage"
			}
		]
	},
	server: {
		attributes: {
			pathfinder: {
				minTurnAnglePerSec: 300,
				maxTurnAnglePerSec: 600
			}
		},
		behaviors: [
			{ code: "repulseagents" }, 
			{ code: "health", 
				maxhealthByType: {
					"*-niloticus": 2,
					"*-stellatus": 2,
					"*-albigularis": 2,
					"*-exanthematicus": 2,
					"*-griseus": 2,
				}
			},
			{"code": "grow",
				"hoursToGrowByType": {
					"*-niloticus": 350,
					"*-stellatus": 350,
					"*-albigularis": 525,
					"*-exanthematicus": 350,
					"*-griseus": 525,
				},
				"adultEntityCodes": [ "africanmonitorlizards:varanus-adult-{type}"]
			},
			{ code: "controlledphysics", stepHeight: 0.25 },
			{ code: "despawn", minPlayerDistance: 8, belowLightLevel: 8, minSeconds: 300 },
			{ "code": "deaddecay", "hoursToDecay": 96, 
				"decayedBlockByType": {
				"*": "carcass-tiny"
				} },
			{ code: "harvestable", drops: [
			
					{
						type: "item", 
						code: "africanmonitorlizards:skin-juvenile-{type}", 
						quantity: { avg: 1, var: 0 },
						
					},
					]
				},
			{ code: "floatupwhenstuck", onlyWhenDead: true },
			{ 
				code: "emotionstates",
				states: [
					{ code: "fleeondamage", 
							duration: 30, 
							chance: 1,
							slot: 2, 
							priority: 5, 
							accumType: "max", 
							whenHealthRelBelow: 0.3 },
					{ 
						code: "saturated", 
						duration: 1200, chance: 1, slot: 0, priority: 1, accumType: "sum",
						belowTempDuration: 600,
						belowTempThreshold: -5
					},
					
				],
			},
			{ 
				code: "taskai",
				aitasks: [
					
					{
						code: "fleeentity",
						entityCodes: ["player"],
						priority: 1.7,
						seekingRange: 20,
						animation: "walk",
						whenInEmotionState: "fleeondamage",
						animationSpeedByType: {
							"*": 2
						},
						movespeedByType: {
							"@.*-(niloticus|stellatus|albigularis)": 0.00325,
                            				"@.*-(exanthematicus|griseus)": 0.003,
                            				"*": 0.00325
						}
					},
					{
						code: "idle",
						priority: 1.1,
						priorityForCancel: 1.35,
						minduration: 2500,
						maxduration: 2500,
						mincooldown: 6000,
						maxcooldown: 20000,
						animation: "idle",
						animationSpeed: 1
					},
					{
						code: "fleeentity",
						entityCodes: [ "bear-*", "wolf-*", "hyena-*", "chicken-*","hare-*", "rana-*", "procyonidae-*", "player" ],
						priority: 1.7,
						seekingRange: 2,
						animation: "walk",
						animationSpeed: 2,
						whenInEmotionState: "fleeondamage",
						animationSpeed: 1,
						movespeedByType: {
							"@.*-(niloticus|stellatus|albigularis)": 0.00325,
                            				"@.*-(exanthematicus|griseus)": 0.003,
                            				"*": 0.00325
						}
					},
										{
						code: "getoutofwater",
						priority: 1.4,
						movespeedByType: {
							"@.*-(niloticus|stellatus|albigularis)": 0.00365,
                            				"@.*-(exanthematicus|griseus)": 0.0033,
                            				"*": 0.00365
						},
						animation: "swim",
						animationSpeed: 2,
						animationSpeed: 1
					},
					{
						code: "idle",
						priority: 1.3,
						priorityForCancel: 1.35,
						minduration: 200000,
						maxduration: 800000,
						mincooldown: 10000,
						maxcooldown: 30000,
						animation: "sleep",
						animationSpeed: 0.3,
						duringDayTimeFrames: [ { fromHour: 14, toHour: 18 } ],
						stopOnNearbyEntityCodes: ["player"],
						stopRange: 2,
						stopOnHurt: true
					},					
					{
						code: "idle",
						priority: 1.2,
						priorityForCancel: 1.35,
						minduration: 467,
						maxduration: 467,
						mincooldown: 80000,
						maxcooldown: 500000,
						animation: "call",
						animationSpeed: 1
					},
					{
						code: "idle",
						priority: 1.1,
						priorityForCancel: 1.35,
						minduration: 2500,
						maxduration: 2500,
						mincooldown: 6000,
						maxcooldown: 20000,
						animation: "idle",
						animationSpeed: 1
					},
					{
						code: "wander", 
						priority: 1.0, 
						priorityForCancel: 1.35,
						animation: "walk",
						preferredLightLevel: 20,
						animationSpeed: 1,
						movespeedByType: {
							"@.*-(niloticus|stellatus|albigularis)": 0.00125,
                            				"@.*-(exanthematicus|griseus)": 0.0011,
                            				"*": 0.00125
						}
					},
					{
						code: "idle",
						priority: 0.6,
						priorityForCancel: 1.35,
						minduration: 5000,
						maxduration: 30000,
						mincooldown: 2000,
						maxcooldown: 120000,
						animation: "eat",
						stopOnNearbyEntityCodes: ["player"],
						stopRange: 2					},
					{ 
						code: "lookaround", 
						turnSpeedMul: 0.2,
						priority: 0.5
					}
				]
			},
		],
		spawnconditions: {

				runtime: {
					group: "passive",
					chanceByType: {
						"*-niloticus": 0.0002,
						"*-stellatus": 0.0002,
						"*-albigularis": 0.0002,
						"*-exanthematicus": 0.0002,
						"*-griseus": 0.0002,
							},
					tryOnlySurface: true,
					spawnCapPlayerScaling: 0.05,
					maxQuantityByGroup: { code: "varanus-*", maxQuantity: 4 },						
					groupSize: { dist: "verynarrowgaussian", avg: 1, var: 0 },
					insideBlockCodes: ["game:air", "game:tallgrass-*", "game:flower-*"],
					minTempByType: {
						"*-niloticus": 22,
						"*-stellatus": 24,
						"*-albigularis": 10,
						"*-exanthematicus": 16,
						"*-griseus": 7,
					},
					maxTempByType: {
						"*-niloticus": 38,
						"*-stellatus": 36,
						"*-albigularis": 26,
						"*-exanthematicus": 34,
						"*-griseus": 40,
					},
					minRainByType: {
						"*-niloticus": 0.25,
						"*-stellatus": 0.45,
						"*-albigularis": 0.2,
						"*-exanthematicus": 0.15,
						"*-griseus": 0,
					},
					maxRainByType: {
						"*-niloticus": 0.75,
						"*-stellatus": 0.95,
						"*-albigularis": 0.8,
						"*-exanthematicus": 0.5,
						"*-griseus": 0.1,
					},
					minYByType: {
						"*-niloticus": 1,
						"*-stellatus": 1.01,
						"*-albigularis": 1,
						"*-exanthematicus": 1.02,
						"*-griseus": 1,
					},
					maxYByType: {
						"*-niloticus": 1.53,
						"*-stellatus": 1.48,
						"*-albigularis": 1.33,
						"*-exanthematicus": 1.22,
						"*-griseus": 1.39,
	
					},
					minShrubsByType: {
						"*-niloticus": 0.25,
						"*-stellatus": 0.25,
						"*-albigularis": 0.1,
						"*-exanthematicus": 0.33,
						"*-griseus": 0,
					},
					maxShrubsByType: {
						"*-niloticus": 0.75,
						"*-stellatus": 0.75,
						"*-albigularis": 0.6,
						"*-exanthematicus": 0.83,
						"*-griseus": 0.5,
					},
					minForestByType: {
						"*-niloticus": 0.1,
						"*-stellatus": 0.25,
						"*-albigularis": 0,
						"*-exanthematicus": 0.05,
						"*-griseus": 0,
					},
					maxForestByType: {
						"*-niloticus": 0.6,
						"*-stellatus": 0.75,
						"*-albigularis": 0.5,
						"*-exanthematicus": 0.55,
						"*-griseus": 0.5,
					},
					
				}
		}
	},
	
	idleSoundChance: 0,
}

