{
	"editor": {
		"allAngles": true,
		"entityTextureMode": true
	},
	"textureWidth": 128,
	"textureHeight": 64,
	"textureSizes": {
	},
	"textures": {
	},
	"elements": [
		{
			"name": "Neck",
			"from": [ 10.5, 4.5, 3.2 ],
			"to": [ 18.25, 12.2, 12.45 ],
			"unwrapMode": 7,
			"unwrapRotation": 1,
			"autoUnwrap": false,
			"uv": [ 94.0, -8.0 ],
			"rotationOrigin": [ 14.38, 8.35, 7.82 ],
			"faces": {
				"north": { "texture": "#ursusthibetanus", "uv": [ 113.0, 0.5, 120.5, 8.0 ], "rotation": 90 },
				"east": { "texture": "#ursusthibetanus", "uv": [ 59.5, 2.5, 68.5, 10.0 ], "windMode": [-1,-1,-1,-1], "windData": [0,1,1,0] },
				"south": { "texture": "#ursusthibetanus", "uv": [ 95.5, 0.5, 103.0, 8.0 ], "rotation": 270, "windMode": [-1,-1,-1,-1], "windData": [0,0,1,1] },
				"west": { "texture": "#ursusthibetanus", "uv": [ 88.0, 54.5, 97.0, 62.0 ], "rotation": 180 },
				"up": { "texture": "#ursusthibetanus", "uv": [ 104.0, 0.5, 113.0, 8.0 ], "rotation": 270 },
				"down": { "texture": "#ursusthibetanus", "uv": [ 59.5, 2.5, 68.5, 10.0 ], "rotation": 90 }
			},
			"children": [
				{
					"name": "Head",
					"from": [ -4.87, 0.8, 1.8 ],
					"to": [ 5.1251, 7.45, 7.6 ],
					"unwrapMode": 7,
					"unwrapRotation": 1,
					"autoUnwrap": false,
					"uv": [ 97.5, 2.0 ],
					"rotationOrigin": [ 0.1914, 4.2116, 4.3351 ],
					"faces": {
						"north": { "texture": "#ursusthibetanus", "uv": [ 111.5, 8.5, 118.0, 18.0 ], "rotation": 90, "windMode": [-1,-1,-1,-1], "windData": [0,1,1,1] },
						"east": { "texture": "#ursusthibetanus", "uv": [ 21.5, 35.5, 28.0, 41.0 ], "rotation": 90, "windMode": [-1,-1,-1,-1], "windData": [0,1,1,0] },
						"south": { "texture": "#ursusthibetanus", "uv": [ 99.5, 8.5, 106.0, 18.0 ], "rotation": 270, "windMode": [-1,-1,-1,-1], "windData": [0,1,1,1] },
						"west": { "texture": "#ursusthibetanus", "uv": [ 119.5, 20.5, 125.0, 27.0 ], "rotation": 180, "windMode": [-1,-1,-1,-1], "windData": [0,0,1,1] },
						"up": { "texture": "#ursusthibetanus", "uv": [ 106.0, 8.5, 111.5, 18.0 ], "rotation": 270 },
						"down": { "texture": "#ursusthibetanus", "uv": [ 118.0, 8.5, 123.5, 18.0 ], "rotation": 90, "windMode": [-1,-1,-1,-1] }
					},
					"children": [
						{
							"name": "EarRight",
							"from": [ 2.941, 5.29, 4.55 ],
							"to": [ 3.859, 7.63, 6.998 ],
							"unwrapMode": 7,
							"unwrapRotation": 1,
							"uv": [ 37.5, 54.0 ],
							"rotationOrigin": [ 3.6088, 7.1952, 5.6703 ],
							"rotationX": 35.0,
							"rotationY": 35.0,
							"faces": {
								"north": { "texture": "#ursusthibetanus", "uv": [ 41.5, 56.0, 43.5, 56.5 ], "rotation": 90 },
								"east": { "texture": "#ursusthibetanus", "uv": [ 39.5, 56.5, 41.5, 58.5 ], "windMode": [-1,-1,-1,-1], "windData": [1,1,1,1] },
								"south": { "texture": "#ursusthibetanus", "uv": [ 37.5, 56.0, 39.5, 56.5 ], "rotation": 270, "windMode": [-1,-1,-1,-1], "windData": [1,1,1,1] },
								"west": { "texture": "#ursusthibetanus", "uv": [ 39.5, 54.0, 41.5, 56.0 ], "rotation": 180, "windMode": [-1,-1,-1,-1], "windData": [1,1,1,1] },
								"up": { "texture": "#ursusthibetanus", "uv": [ 39.5, 56.0, 41.5, 56.5 ], "rotation": 270, "windMode": [-1,-1,-1,-1], "windData": [1,1,1,1] }
							},
							"children": [
								{
									"name": "EarRight5",
									"from": [ 0.0102, 2.06, 0.51 ],
									"to": [ 0.9078, 2.84, 1.92 ],
									"unwrapMode": 7,
									"unwrapRotation": 1,
									"uv": [ 64.0, 53.5 ],
									"rotationOrigin": [ 0.8748, 3.6387, 1.4168 ],
									"faces": {
										"north": { "texture": "#ursusthibetanus", "uv": [ 65.0, 54.0, 65.5, 54.5 ], "rotation": 90 },
										"east": { "texture": "#ursusthibetanus", "uv": [ 64.0, 54.5, 65.0, 55.0 ] },
										"west": { "texture": "#ursusthibetanus", "uv": [ 64.0, 53.5, 65.0, 54.0 ], "rotation": 180 },
										"up": { "texture": "#ursusthibetanus", "uv": [ 64.0, 54.0, 65.0, 54.5 ], "rotation": 270 }
									},
									"children": [
										{
											"name": "EarRight3",
											"from": [ 0.0, -0.8828, 0.3101 ],
											"to": [ 0.8976, -0.1692, 1.3101 ],
											"unwrapMode": 7,
											"unwrapRotation": 1,
											"uv": [ 64.0, 53.5 ],
											"rotationOrigin": [ 0.8646, 0.6787, 1.3068 ],
											"rotationX": 45.0,
											"faces": {
												"north": { "texture": "#ursusthibetanus", "uv": [ 65.0, 54.0, 65.5, 54.5 ], "rotation": 90 },
												"east": { "texture": "#ursusthibetanus", "uv": [ 64.0, 54.5, 65.0, 55.0 ] },
												"west": { "texture": "#ursusthibetanus", "uv": [ 64.0, 53.5, 65.0, 54.0 ], "rotation": 180 },
												"up": { "texture": "#ursusthibetanus", "uv": [ 64.0, 54.0, 65.0, 54.5 ], "rotation": 270 }
											},
											"children": [
												{
													"name": "EarRight4",
													"from": [ -2.0E-4, 0.7099, 0.9899 ],
													"to": [ 0.8974, 1.7099, 1.7035 ],
													"unwrapMode": 7,
													"unwrapRotation": 1,
													"uv": [ 64.0, 55.5 ],
													"rotationOrigin": [ 0.8646, 2.2686, 1.9867 ],
													"faces": {
														"north": { "texture": "#ursusthibetanus", "uv": [ 64.5, 56.5, 65.5, 57.0 ], "rotation": 90 },
														"east": { "texture": "#ursusthibetanus", "uv": [ 64.0, 57.0, 64.5, 58.0 ] },
														"west": { "texture": "#ursusthibetanus", "uv": [ 64.0, 55.5, 64.5, 56.5 ], "rotation": 180 },
														"up": { "texture": "#ursusthibetanus", "uv": [ 64.0, 56.5, 64.5, 57.0 ], "rotation": 270 }
													}
												}
											]
										}
									]
								}
							]
						},
						{
							"name": "Head2",
							"from": [ -1.29, 1.12, 0.221 ],
							"to": [ 0.6552, 7.07, 5.576 ],
							"unwrapMode": 4,
							"unwrapRotation": 1,
							"autoUnwrap": false,
							"uv": [ 88.0, 69.0 ],
							"rotationOrigin": [ 3.7626, 4.5328, 2.7047 ],
							"rotationZ": 11.0,
							"faces": {
								"north": { "texture": "#ursusthibetanus", "uv": [ 39.0, 43.5, 44.5, 45.0 ], "rotation": 90 },
								"south": { "texture": "#ursusthibetanus", "uv": [ 26.5, 55.5, 32.0, 57.0 ], "rotation": 90 },
								"west": { "texture": "#ursusthibetanus", "uv": [ 119.5, 27.5, 125.0, 32.5 ], "rotation": 90 },
								"up": { "texture": "#ursusthibetanus", "uv": [ 106.5, 11.5, 111.5, 13.0 ], "rotation": 90 },
								"down": { "texture": "#ursusthibetanus", "uv": [ 22.0, 37.5, 27.0, 39.0 ], "rotation": 270 }
							},
							"children": [
								{
									"name": "ForeheadPivotPoint",
									"from": [ -1.53, 0.15, 1.52 ],
									"to": [ 0.1231, 4.1, 3.97 ],
									"unwrapMode": 4,
									"autoUnwrap": false,
									"uv": [ 89.35, 14.44 ],
									"rotationOrigin": [ 0.93, 3.36, 2.86 ],
									"rotationZ": -75.0,
									"faces": {
										"north": { "texture": "#ursusthibetanus", "uv": [ 89.5, 16.0, 91.0, 19.5 ], "windMode": [-1,-1,-1,-1], "windData": [0,0,0,0] },
										"south": { "texture": "#ursusthibetanus", "uv": [ 93.0, 16.0, 94.5, 19.5 ], "windMode": [-1,-1,-1,-1], "windData": [0,0,0,0] },
										"west": { "texture": "#ursusthibetanus", "uv": [ 91.0, 16.0, 93.0, 19.5 ], "windMode": [-1,-1,-1,-1], "windData": [0,0,0,0] },
										"down": { "texture": "#ursusthibetanus", "uv": [ 91.0, 19.5, 93.0, 21.0 ], "rotation": 90, "windMode": [-1,-1,-1,-1] }
									},
									"children": [
										{
											"name": "JawUpper",
											"from": [ -3.66, 0.48, 0.05 ],
											"to": [ 1.7184, 2.28, 2.4 ],
											"unwrapMode": 7,
											"unwrapRotation": 1,
											"uv": [ 107.5, 22.0 ],
											"rotationOrigin": [ 0.5046, 3.6186, 1.0159 ],
											"rotationZ": 58.0,
											"faces": {
												"north": { "texture": "#ursusthibetanus", "uv": [ 111.0, 23.5, 112.5, 28.5 ], "rotation": 90 },
												"south": { "texture": "#ursusthibetanus", "uv": [ 107.5, 23.5, 109.0, 28.5 ], "rotation": 270, "windMode": [-1,-1,-1,-1], "windData": [0,1,1,1] },
												"west": { "texture": "#ursusthibetanus", "uv": [ 109.0, 22.0, 111.0, 23.5 ], "rotation": 180, "windMode": [-1,-1,-1,-1], "windData": [0,0,1,1] },
												"up": { "texture": "#ursusthibetanus", "uv": [ 109.0, 23.5, 111.0, 28.5 ], "rotation": 270, "windMode": [-1,-1,-1,-1], "windData": [1,1,1,1] },
												"down": { "texture": "#ursusthibetanus", "uv": [ 112.5, 23.5, 114.5, 28.5 ], "rotation": 90, "windMode": [-1,-1,-1,-1], "windData": [0,1,1,0] }
											},
											"children": [
												{
													"name": "Fang4",
													"from": [ 0.3603, -0.3775, 0.21 ],
													"to": [ 0.6173, 0.1002, 0.4671 ],
													"unwrapMode": 7,
													"unwrapRotation": 1,
													"uv": [ 58.8889, 53.2778 ],
													"rotationOrigin": [ 0.3603, -0.3365, 0.2123 ],
													"rotationZ": 2.0,
													"faces": {
														"north": { "texture": "#ursusthibetanus", "uv": [ 59.5, 54.0, 60.0, 54.5 ], "rotation": 90, "windMode": [-1,-1,-1,-1], "windData": [0,1,1,0] },
														"east": { "texture": "#ursusthibetanus", "uv": [ 59.5, 54.5, 60.0, 55.0 ], "windMode": [-1,-1,-1,-1], "windData": [0,1,1,0] },
														"south": { "texture": "#ursusthibetanus", "uv": [ 59.0, 54.0, 59.5, 54.5 ], "rotation": 270, "windMode": [-1,-1,-1,-1], "windData": [0,0,1,1] },
														"west": { "texture": "#ursusthibetanus", "uv": [ 59.5, 53.5, 60.0, 54.0 ], "rotation": 180, "windMode": [-1,-1,-1,-1], "windData": [0,0,1,1] },
														"down": { "texture": "#ursusthibetanus", "uv": [ 60.0, 54.0, 60.5, 54.5 ], "rotation": 90, "windMode": [-1,-1,-1,-1] }
													},
													"children": [
														{
															"name": "Fang5",
															"from": [ 0.0, 0.0, 1.7449 ],
															"to": [ 0.2571, 0.4775, 2.002 ],
															"unwrapMode": 7,
															"unwrapRotation": 1,
															"uv": [ 58.9978, 53.2789 ],
															"rotationOrigin": [ 0.0, 0.0409, 1.7449 ],
															"faces": {
																"north": { "texture": "#ursusthibetanus", "uv": [ 59.5, 54.0, 60.0, 54.5 ], "rotation": 90 },
																"east": { "texture": "#ursusthibetanus", "uv": [ 59.5, 54.5, 60.0, 55.0 ] },
																"south": { "texture": "#ursusthibetanus", "uv": [ 59.0, 54.0, 59.5, 54.5 ], "rotation": 270 },
																"west": { "texture": "#ursusthibetanus", "uv": [ 59.5, 53.5, 60.0, 54.0 ], "rotation": 180 },
																"down": { "texture": "#ursusthibetanus", "uv": [ 60.0, 54.0, 60.5, 54.5 ], "rotation": 90 }
															}
														}
													]
												},
												{
													"name": "Fang6",
													"from": [ 0.3374, -0.0919, 0.4959 ],
													"to": [ 0.5945, 0.0184, 2.1307 ],
													"unwrapMode": 7,
													"unwrapRotation": 1,
													"uv": [ 58.0, 55.5 ],
													"rotationOrigin": [ 0.4126, -0.0509, 0.4959 ],
													"rotationZ": 2.0,
													"faces": {
														"north": { "texture": "#ursusthibetanus", "uv": [ 58.5, 56.0, 59.0, 56.5 ], "rotation": 90 },
														"east": { "texture": "#ursusthibetanus", "uv": [ 58.5, 56.5, 60.0, 57.0 ], "windMode": [-1,-1,-1,-1] },
														"south": { "texture": "#ursusthibetanus", "uv": [ 58.0, 56.0, 58.5, 56.5 ], "rotation": 270, "windMode": [-1,-1,-1,-1] },
														"west": { "texture": "#ursusthibetanus", "uv": [ 58.5, 55.5, 60.0, 56.0 ], "rotation": 180, "windMode": [-1,-1,-1,-1] },
														"down": { "texture": "#ursusthibetanus", "uv": [ 59.0, 56.0, 60.5, 56.5 ], "rotation": 90, "windMode": [-1,-1,-1,-1] }
													}
												}
											]
										},
										{
											"name": "NoseBridge",
											"from": [ -5.58, 0.94, 0.38 ],
											"to": [ -0.43, 2.39, 2.08 ],
											"unwrapMode": 7,
											"unwrapRotation": 1,
											"uv": [ 90.0, 9.0 ],
											"rotationOrigin": [ -1.4978, 4.452, 1.3536 ],
											"rotationZ": 72.0,
											"faces": {
												"north": { "texture": "#ursusthibetanus", "uv": [ 92.5, 10.0, 93.5, 15.0 ], "rotation": 90 },
												"south": { "texture": "#ursusthibetanus", "uv": [ 90.0, 10.0, 91.0, 15.0 ], "rotation": 270, "windMode": [-1,-1,-1,-1], "windData": [1,1,1,1] },
												"west": { "texture": "#ursusthibetanus", "uv": [ 91.0, 9.0, 92.5, 10.0 ], "rotation": 180, "windMode": [-1,-1,-1,-1], "windData": [1,1,1,1] },
												"up": { "texture": "#ursusthibetanus", "uv": [ 91.0, 10.0, 92.5, 15.0 ], "rotation": 270, "windMode": [-1,-1,-1,-1], "windData": [1,1,1,1] }
											},
											"children": [
												{
													"name": "NoseButton",
													"from": [ -0.6603, 0.4, -0.26 ],
													"to": [ 0.2577, 1.6, 1.04 ],
													"unwrapMode": 7,
													"unwrapRotation": 1,
													"uv": [ 59.5556, 57.8889 ],
													"rotationOrigin": [ -0.2012, 0.9424, 0.3733 ],
													"rotationX": -17.178,
													"rotationY": 0.887,
													"rotationZ": -2.866,
													"faces": {
														"north": { "texture": "#ursusthibetanus", "uv": [ 62.0, 59.0, 63.0, 59.5 ], "rotation": 90 },
														"east": { "texture": "#ursusthibetanus", "uv": [ 61.0, 59.5, 62.0, 60.5 ] },
														"south": { "texture": "#ursusthibetanus", "uv": [ 59.5, 59.0, 60.5, 59.5 ], "rotation": 270 },
														"west": { "texture": "#ursusthibetanus", "uv": [ 61.0, 58.0, 62.0, 59.0 ], "rotation": 180 },
														"up": { "texture": "#ursusthibetanus", "uv": [ 61.0, 59.0, 62.0, 59.5 ], "rotation": 270 },
														"down": { "texture": "#ursusthibetanus", "uv": [ 63.0, 59.0, 64.0, 59.5 ], "rotation": 90 }
													},
													"children": [
														{
															"name": "NoseButton2",
															"from": [ 0.0, -0.2448, 0.84 ],
															"to": [ 0.918, 0.9552, 2.14 ],
															"unwrapMode": 7,
															"unwrapRotation": 1,
															"uv": [ 59.5556, 57.8889 ],
															"rotationOrigin": [ 0.4592, 0.3374, 1.4859 ],
															"rotationX": 34.399,
															"faces": {
																"north": { "texture": "#ursusthibetanus", "uv": [ 62.0, 59.0, 63.0, 59.5 ], "rotation": 90 },
																"east": { "texture": "#ursusthibetanus", "uv": [ 61.0, 59.5, 62.0, 60.5 ] },
																"south": { "texture": "#ursusthibetanus", "uv": [ 59.5, 59.0, 60.5, 59.5 ], "rotation": 270 },
																"west": { "texture": "#ursusthibetanus", "uv": [ 61.0, 58.0, 62.0, 59.0 ], "rotation": 180 },
																"up": { "texture": "#ursusthibetanus", "uv": [ 61.0, 59.0, 62.0, 59.5 ], "rotation": 270 },
																"down": { "texture": "#ursusthibetanus", "uv": [ 63.0, 59.0, 64.0, 59.5 ], "rotation": 90 }
															}
														}
													]
												}
											]
										}
									]
								},
								{
									"name": "CheekRight",
									"from": [ -1.02, 1.07, 1.26 ],
									"to": [ 1.13, 5.02, 2.71 ],
									"unwrapMode": 4,
									"uv": [ 103.0, 25.0 ],
									"rotationOrigin": [ -1.0221, 0.2654, 2.1279 ],
									"rotationX": 8.0,
									"rotationY": 42.0,
									"rotationZ": -11.0,
									"faces": {
										"north": { "texture": "#ursusthibetanus", "uv": [ 103.0, 27.0, 105.0, 30.5 ] },
										"up": { "texture": "#ursusthibetanus", "uv": [ 105.0, 25.0, 106.0, 27.0 ], "rotation": 90 },
										"down": { "texture": "#ursusthibetanus", "uv": [ 105.0, 30.5, 106.0, 32.5 ], "rotation": 90 }
									}
								},
								{
									"name": "CheekLeft",
									"from": [ -1.02, 1.13, 2.65 ],
									"to": [ 1.03, 5.08, 4.1 ],
									"unwrapMode": 4,
									"uv": [ 99.0, 25.0 ],
									"rotationOrigin": [ -1.0236, 1.1083, 3.5772 ],
									"rotationX": -8.0,
									"rotationY": -42.0,
									"rotationZ": -11.0,
									"faces": {
										"east": { "texture": "#ursusthibetanus", "uv": [ 101.0, 27.0, 102.0, 30.5 ], "windMode": [-1,-1,-1,-1] },
										"south": { "texture": "#ursusthibetanus", "uv": [ 99.0, 27.0, 101.0, 30.5 ], "windMode": [-1,-1,-1,-1], "windData": [0,0,1,1] },
										"up": { "texture": "#ursusthibetanus", "uv": [ 99.0, 25.0, 100.0, 27.0 ], "rotation": 90 },
										"down": { "texture": "#ursusthibetanus", "uv": [ 99.0, 30.5, 100.0, 32.5 ], "rotation": 90 }
									}
								},
								{
									"name": "EyeRight",
									"from": [ -1.05, 3.89, 2.8 ],
									"to": [ -0.25, 4.49, 3.4 ],
									"unwrapMode": 4,
									"unwrapRotation": 1,
									"uv": [ 61.5, 53.5 ],
									"rotationOrigin": [ 0.9007, 4.4458, 3.1453 ],
									"rotationX": 1.282,
									"rotationY": 43.38,
									"rotationZ": -8.659,
									"faces": {
										"north": { "texture": "#ursusthibetanus", "uv": [ 62.0, 54.5, 62.5, 55.0 ], "rotation": 90 },
										"south": { "texture": "#ursusthibetanus", "uv": [ 62.0, 53.5, 62.5, 54.0 ], "rotation": 90, "windMode": [-1,-1,-1,-1], "windData": [1,1,1,1] },
										"west": { "texture": "#ursusthibetanus", "uv": [ 62.0, 54.0, 62.5, 54.5 ], "rotation": 90, "windMode": [-1,-1,-1,-1], "windData": [1,1,1,1] },
										"up": { "texture": "#ursusthibetanus", "uv": [ 61.5, 54.0, 62.0, 54.5 ], "rotation": 180, "windMode": [-1,-1,-1,-1], "windData": [1,1,1,1] },
										"down": { "texture": "#ursusthibetanus", "uv": [ 62.5, 54.0, 63.0, 54.5 ], "rotation": 180, "windMode": [-1,-1,-1,-1], "windData": [1,1,1,1] }
									},
									"children": [
										{
											"name": "EyeRight2",
											"from": [ -0.0437, 0.15, 0.15 ],
											"to": [ 0.7563, 0.45, 0.45 ],
											"unwrapMode": 4,
											"unwrapRotation": 1,
											"uv": [ 61.5, 55.5 ],
											"rotationOrigin": [ 0.7894, 0.7189, 0.4736 ],
											"faces": {
												"north": { "texture": "#ursusthibetanus", "uv": [ 62.0, 56.5, 62.5, 57.0 ], "rotation": 90, "windMode": [-1,-1,-1,-1], "windData": [1,1,1,1] },
												"south": { "texture": "#ursusthibetanus", "uv": [ 62.0, 55.5, 62.5, 56.0 ], "rotation": 90, "windMode": [-1,-1,-1,-1], "windData": [1,1,1,1] },
												"west": { "texture": "#ursusthibetanus", "uv": [ 62.0, 56.0, 62.5, 56.5 ], "rotation": 90, "windMode": [-1,-1,-1,-1], "windData": [1,1,1,1] },
												"up": { "texture": "#ursusthibetanus", "uv": [ 61.5, 56.0, 62.0, 56.5 ], "rotation": 180, "windMode": [-1,-1,-1,-1], "windData": [1,1,1,1] },
												"down": { "texture": "#ursusthibetanus", "uv": [ 62.5, 56.0, 63.0, 56.5 ], "rotation": 180, "windMode": [-1,-1,-1,-1], "windData": [1,1,1,1] }
											}
										}
									]
								},
								{
									"name": "EyeLeft",
									"from": [ -0.64, 4.05, 1.05 ],
									"to": [ 0.16, 4.65, 1.65 ],
									"unwrapMode": 4,
									"unwrapRotation": 1,
									"uv": [ 61.5, 53.5 ],
									"rotationOrigin": [ -0.1926, 4.7441, 1.2249 ],
									"rotationX": -1.42,
									"rotationY": -43.353,
									"rotationZ": -8.658,
									"faces": {
										"north": { "texture": "#ursusthibetanus", "uv": [ 62.0, 54.5, 62.5, 55.0 ], "rotation": 90, "windMode": [-1,-1,-1,-1], "windData": [1,1,1,1] },
										"south": { "texture": "#ursusthibetanus", "uv": [ 62.0, 53.5, 62.5, 54.0 ], "rotation": 90, "windMode": [-1,-1,-1,-1], "windData": [1,1,1,1] },
										"west": { "texture": "#ursusthibetanus", "uv": [ 62.0, 54.0, 62.5, 54.5 ], "rotation": 90, "windMode": [-1,-1,-1,-1], "windData": [1,1,1,1] },
										"up": { "texture": "#ursusthibetanus", "uv": [ 61.5, 54.0, 62.0, 54.5 ], "rotation": 180, "windMode": [-1,-1,-1,-1], "windData": [1,1,1,1] },
										"down": { "texture": "#ursusthibetanus", "uv": [ 62.5, 54.0, 63.0, 54.5 ], "rotation": 180, "windMode": [-1,-1,-1,-1], "windData": [1,1,1,1] }
									},
									"children": [
										{
											"name": "EyeLeft2",
											"from": [ -0.0394, 0.15, 0.15 ],
											"to": [ 0.7606, 0.45, 0.45 ],
											"unwrapMode": 4,
											"unwrapRotation": 1,
											"uv": [ 61.5, 55.5 ],
											"rotationOrigin": [ 0.4736, 0.8683, 0.4032 ],
											"faces": {
												"north": { "texture": "#ursusthibetanus", "uv": [ 62.0, 56.5, 62.5, 57.0 ], "rotation": 90 },
												"south": { "texture": "#ursusthibetanus", "uv": [ 62.0, 55.5, 62.5, 56.0 ], "rotation": 90, "windMode": [-1,-1,-1,-1], "windData": [1,1,1,1] },
												"west": { "texture": "#ursusthibetanus", "uv": [ 62.0, 56.0, 62.5, 56.5 ], "rotation": 90, "windMode": [-1,-1,-1,-1], "windData": [1,1,1,1] },
												"up": { "texture": "#ursusthibetanus", "uv": [ 61.5, 56.0, 62.0, 56.5 ], "rotation": 180, "windMode": [-1,-1,-1,-1], "windData": [1,1,1,1] },
												"down": { "texture": "#ursusthibetanus", "uv": [ 62.5, 56.0, 63.0, 56.5 ], "rotation": 180, "windMode": [-1,-1,-1,-1], "windData": [1,1,1,1] }
											}
										}
									]
								},
								{
									"name": "JawLower",
									"from": [ -3.99, 1.8, 1.51 ],
									"to": [ 0.5619, 2.204, 3.96 ],
									"unwrapMode": 4,
									"uv": [ 91.5, 19.0 ],
									"rotationOrigin": [ 0.6784, 1.8973, 3.1084 ],
									"rotationZ": 8.0,
									"faces": {
										"north": { "texture": "#ursusthibetanus", "uv": [ 91.5, 23.5, 96.0, 24.0 ], "windMode": [-1,-1,-1,-1], "windData": [0,0,1,0] },
										"south": { "texture": "#ursusthibetanus", "uv": [ 98.0, 23.5, 102.5, 24.0 ], "windMode": [-1,-1,-1,-1], "windData": [0,0,1,0] },
										"west": { "texture": "#ursusthibetanus", "uv": [ 96.0, 23.5, 98.0, 24.0 ], "windMode": [-1,-1,-1,-1] },
										"up": { "texture": "#ursusthibetanus", "uv": [ 96.0, 19.0, 98.0, 23.5 ], "rotation": 90, "windMode": [-1,-1,-1,-1], "windData": [0,0,1,1] },
										"down": { "texture": "#ursusthibetanus", "uv": [ 96.0, 24.0, 98.0, 28.5 ], "rotation": 90, "windMode": [-1,-1,-1,-1] }
									},
									"children": [
										{
											"name": "Fang1",
											"from": [ 0.3123, 0.4592, 0.3305 ],
											"to": [ 0.5694, 1.0286, 0.5878 ],
											"unwrapMode": 7,
											"unwrapRotation": 1,
											"uv": [ 58.9444, 53.2778 ],
											"rotationOrigin": [ 0.3123, 0.4592, 0.3305 ],
											"faces": {
												"north": { "texture": "#ursusthibetanus", "uv": [ 60.0, 54.0, 60.5, 54.5 ], "rotation": 90 },
												"east": { "texture": "#ursusthibetanus", "uv": [ 59.5, 54.5, 60.0, 55.0 ], "windMode": [-1,-1,-1,-1], "windData": [0,1,1,0] },
												"south": { "texture": "#ursusthibetanus", "uv": [ 59.0, 54.0, 59.5, 54.5 ], "rotation": 270, "windMode": [-1,-1,-1,-1], "windData": [0,0,1,1] },
												"west": { "texture": "#ursusthibetanus", "uv": [ 59.5, 53.5, 60.0, 54.0 ], "rotation": 180, "windMode": [-1,-1,-1,-1], "windData": [0,0,1,1] },
												"up": { "texture": "#ursusthibetanus", "uv": [ 59.5, 54.0, 60.0, 54.5 ], "rotation": 270, "windMode": [-1,-1,-1,-1], "windData": [1,1,1,1] }
											},
											"children": [
												{
													"name": "Fang2",
													"from": [ 0.0, -0.0919, 1.7449 ],
													"to": [ 0.2571, 0.4775, 2.002 ],
													"unwrapMode": 7,
													"unwrapRotation": 1,
													"uv": [ 59.0, 53.5 ],
													"rotationOrigin": [ 0.0, -0.0919, 1.7449 ],
													"faces": {
														"north": { "texture": "#ursusthibetanus", "uv": [ 60.0, 54.0, 60.5, 54.5 ], "rotation": 90 },
														"east": { "texture": "#ursusthibetanus", "uv": [ 59.5, 54.5, 60.0, 55.0 ], "windMode": [-1,-1,-1,-1], "windData": [0,1,1,0] },
														"south": { "texture": "#ursusthibetanus", "uv": [ 59.0, 54.0, 59.5, 54.5 ], "rotation": 270, "windMode": [-1,-1,-1,-1], "windData": [0,0,1,1] },
														"west": { "texture": "#ursusthibetanus", "uv": [ 59.5, 53.5, 60.0, 54.0 ], "rotation": 180, "windMode": [-1,-1,-1,-1], "windData": [0,0,1,1] },
														"up": { "texture": "#ursusthibetanus", "uv": [ 59.5, 54.0, 60.0, 54.5 ], "rotation": 270, "windMode": [-1,-1,-1,-1], "windData": [1,1,1,1] }
													}
												}
											]
										},
										{
											"name": "Fang3",
											"from": [ 0.3124, 0.3674, 0.5143 ],
											"to": [ 0.5695, 0.5694, 2.149 ],
											"unwrapMode": 7,
											"unwrapRotation": 1,
											"uv": [ 58.0, 55.5 ],
											"rotationOrigin": [ 0.3124, 0.3674, 0.5143 ],
											"faces": {
												"north": { "texture": "#ursusthibetanus", "uv": [ 60.0, 56.0, 60.5, 56.5 ], "rotation": 90 },
												"east": { "texture": "#ursusthibetanus", "uv": [ 58.5, 56.5, 60.0, 57.0 ], "windMode": [-1,-1,-1,-1], "windData": [0,1,1,0] },
												"south": { "texture": "#ursusthibetanus", "uv": [ 58.0, 56.0, 58.5, 56.5 ], "rotation": 270, "windMode": [-1,-1,-1,-1], "windData": [0,0,1,1] },
												"west": { "texture": "#ursusthibetanus", "uv": [ 58.5, 55.5, 60.0, 56.0 ], "rotation": 180, "windMode": [-1,-1,-1,-1], "windData": [0,0,1,1] },
												"up": { "texture": "#ursusthibetanus", "uv": [ 58.5, 56.0, 60.0, 56.5 ], "rotation": 270, "windMode": [-1,-1,-1,-1], "windData": [1,1,1,1] }
											}
										},
										{
											"name": "MouthChin",
											"from": [ 0.525, 0.6887, 0.0092 ],
											"to": [ 1.4434, 1.2887, 2.4357 ],
											"unwrapMode": 2,
											"uv": [ 108.9664, 19.83 ],
											"rotationOrigin": [ 0.7017, 0.4843, 1.0705 ],
											"rotationZ": -166.0,
											"faces": {
												"north": { "texture": "#ursusthibetanus", "uv": [ 111.5, 20.0, 112.0, 20.5 ], "windMode": [-1,-1,-1,-1], "windData": [0,0,0,0] },
												"east": { "texture": "#ursusthibetanus", "uv": [ 109.5, 20.0, 111.5, 20.5 ], "windMode": [-1,-1,-1,-1] },
												"south": { "texture": "#ursusthibetanus", "uv": [ 109.0, 20.0, 109.5, 20.5 ], "windMode": [-1,-1,-1,-1] },
												"west": { "texture": "#ursusthibetanus", "uv": [ 112.0, 20.0, 114.0, 20.5 ], "windMode": [-1,-1,-1,-1] },
												"down": { "texture": "#ursusthibetanus", "uv": [ 109.5, 20.5, 111.5, 21.0 ], "rotation": 270, "windMode": [-1,-1,-1,-1] }
											},
											"children": [
												{
													"name": "Chin",
													"from": [ -4.27, -2.63, -0.0028 ],
													"to": [ 0.3845, -1.8872, 2.4329 ],
													"unwrapMode": 4,
													"uv": [ 99.0, 19.0 ],
													"rotationOrigin": [ -2.196, -0.5531, 3.7057 ],
													"rotationZ": 160.0,
													"faces": {
														"north": { "texture": "#ursusthibetanus", "uv": [ 99.0, 19.0, 103.5, 19.5 ], "windMode": [-1,-1,-1,-1], "windData": [0,0,1,0] },
														"south": { "texture": "#ursusthibetanus", "uv": [ 105.5, 19.0, 110.0, 19.5 ], "windMode": [0,-1,-1,-1], "windData": [0,0,1,0] },
														"west": { "texture": "#ursusthibetanus", "uv": [ 103.5, 19.0, 105.5, 19.5 ], "windMode": [-1,-1,-1,-1], "windData": [0,0,0,0] },
														"down": { "texture": "#ursusthibetanus", "uv": [ 103.5, 19.5, 105.5, 24.0 ], "rotation": 90, "windMode": [-1,-1,-1,-1] }
													}
												},
												{
													"name": "Chin2",
													"from": [ -3.8, -2.5, 0.0 ],
													"to": [ 1.6545, -1.6, 2.4 ],
													"unwrapMode": 4,
													"uv": [ 111.0, 19.0 ],
													"rotationOrigin": [ -1.821, -0.3381, 3.7057 ],
													"rotationZ": 152.0,
													"faces": {
														"north": { "texture": "#ursusthibetanus", "uv": [ 111.0, 19.0, 116.0, 19.5 ] },
														"south": { "texture": "#ursusthibetanus", "uv": [ 118.0, 19.0, 123.0, 19.5 ] },
														"west": { "texture": "#ursusthibetanus", "uv": [ 116.0, 19.0, 118.0, 19.5 ] },
														"down": { "texture": "#ursusthibetanus", "uv": [ 116.0, 19.5, 118.0, 24.5 ], "rotation": 90 }
													}
												}
											]
										},
										{
											"name": "Tongue",
											"from": [ 0.9214, 0.2318, 0.7503 ],
											"to": [ 7.31, 0.4523, 1.9219 ],
											"unwrapMode": 7,
											"unwrapRotation": 1,
											"uv": [ 66.27, 53.67 ],
											"rotationOrigin": [ 3.81, 0.2907, 1.3197 ],
											"rotationZ": -7.0,
											"faces": {
												"north": { "texture": "#ursusthibetanus", "uv": [ 68.0, 54.5, 68.5, 60.5 ], "rotation": 90, "windMode": [-1,-1,-1,-1], "windData": [0,0,1,1] },
												"south": { "texture": "#ursusthibetanus", "uv": [ 66.5, 54.5, 67.0, 60.5 ], "rotation": 270, "windMode": [-1,-1,-1,-1], "windData": [0,1,1,0] },
												"west": { "texture": "#ursusthibetanus", "uv": [ 67.0, 53.5, 68.0, 54.0 ], "rotation": 180, "windMode": [-1,-1,-1,-1] },
												"up": { "texture": "#ursusthibetanus", "uv": [ 67.0, 54.5, 68.0, 60.5 ], "rotation": 270, "windMode": [-1,-1,-1,-1], "windData": [0,0,1,1] },
												"down": { "texture": "#ursusthibetanus", "uv": [ 68.5, 54.5, 69.5, 60.5 ], "rotation": 90, "windMode": [-1,-1,-1,-1], "windData": [0,1,1,0] }
											}
										}
									]
								}
							]
						},
						{
							"name": "EarLeft",
							"from": [ 2.941, 5.29, -1.05 ],
							"to": [ 3.859, 7.63, 1.398 ],
							"unwrapMode": 7,
							"unwrapRotation": 1,
							"uv": [ 37.5, 54.0 ],
							"rotationOrigin": [ 3.6088, 7.1952, 0.1703 ],
							"rotationX": -35.0,
							"rotationY": -35.0,
							"faces": {
								"north": { "texture": "#ursusthibetanus", "uv": [ 41.5, 56.0, 43.5, 56.5 ], "rotation": 90 },
								"east": { "texture": "#ursusthibetanus", "uv": [ 39.5, 56.5, 41.5, 58.5 ] },
								"south": { "texture": "#ursusthibetanus", "uv": [ 37.5, 56.0, 39.5, 56.5 ], "rotation": 270 },
								"west": { "texture": "#ursusthibetanus", "uv": [ 39.5, 54.0, 41.5, 56.0 ], "rotation": 180 },
								"up": { "texture": "#ursusthibetanus", "uv": [ 39.5, 56.0, 41.5, 56.5 ], "rotation": 270 }
							},
							"children": [
								{
									"name": "EarLeft2",
									"from": [ 0.0102, 2.06, 0.51 ],
									"to": [ 0.9078, 2.84, 1.92 ],
									"unwrapMode": 7,
									"unwrapRotation": 1,
									"uv": [ 64.0, 53.5 ],
									"rotationOrigin": [ 0.8748, 3.6387, 1.4168 ],
									"faces": {
										"north": { "texture": "#ursusthibetanus", "uv": [ 65.0, 54.0, 65.5, 54.5 ], "rotation": 90 },
										"east": { "texture": "#ursusthibetanus", "uv": [ 64.0, 54.5, 65.0, 55.0 ] },
										"west": { "texture": "#ursusthibetanus", "uv": [ 64.0, 53.5, 65.0, 54.0 ], "rotation": 180 },
										"up": { "texture": "#ursusthibetanus", "uv": [ 64.0, 54.0, 65.0, 54.5 ], "rotation": 270 }
									},
									"children": [
										{
											"name": "EarLeft3",
											"from": [ 0.0, -0.8828, 0.3101 ],
											"to": [ 0.8976, -0.1692, 1.3101 ],
											"unwrapMode": 7,
											"unwrapRotation": 1,
											"uv": [ 64.0, 53.5 ],
											"rotationOrigin": [ 0.8646, 0.6787, 1.3068 ],
											"rotationX": 45.0,
											"faces": {
												"north": { "texture": "#ursusthibetanus", "uv": [ 65.0, 54.0, 65.5, 54.5 ], "rotation": 90 },
												"east": { "texture": "#ursusthibetanus", "uv": [ 64.0, 54.5, 65.0, 55.0 ] },
												"west": { "texture": "#ursusthibetanus", "uv": [ 64.0, 53.5, 65.0, 54.0 ], "rotation": 180 },
												"up": { "texture": "#ursusthibetanus", "uv": [ 64.0, 54.0, 65.0, 54.5 ], "rotation": 270 }
											},
											"children": [
												{
													"name": "EarLeft4",
													"from": [ -2.0E-4, 0.7099, 0.9899 ],
													"to": [ 0.8974, 1.7099, 1.7035 ],
													"unwrapMode": 7,
													"unwrapRotation": 1,
													"uv": [ 64.0, 55.5 ],
													"rotationOrigin": [ 0.8646, 2.2686, 1.9867 ],
													"faces": {
														"north": { "texture": "#ursusthibetanus", "uv": [ 64.5, 56.5, 65.5, 57.0 ], "rotation": 90 },
														"east": { "texture": "#ursusthibetanus", "uv": [ 64.0, 57.0, 64.5, 58.0 ] },
														"west": { "texture": "#ursusthibetanus", "uv": [ 64.0, 55.5, 64.5, 56.5 ], "rotation": 180 },
														"up": { "texture": "#ursusthibetanus", "uv": [ 64.0, 56.5, 64.5, 57.0 ], "rotation": 270 }
													}
												}
											]
										}
									]
								}
							]
						},
						{
							"name": "FaceFluff",
							"from": [ 0.0, -1.1, 5.5035 ],
							"to": [ 7.65, 2.3, 5.5035 ],
							"renderPass": 1,
							"unwrapMode": 3,
							"autoUnwrap": false,
							"uv": [ 54.5, 60.5 ],
							"rotationOrigin": [ 4.2572, 8.1175, 10.6835 ],
							"rotationX": -2.998,
							"faces": {
								"south": { "texture": "#ursusthibetanus", "uv": [ 78.5, 53.5, 86.0, 56.5 ] }
							}
						},
						{
							"name": "FaceFluff2",
							"from": [ 0.0, -1.5, 0.3 ],
							"to": [ 7.65, 1.9, 0.3 ],
							"renderPass": 1,
							"unwrapMode": 3,
							"autoUnwrap": false,
							"uv": [ 54.5, 57.0 ],
							"rotationOrigin": [ 4.2572, 7.7175, 5.4835 ],
							"rotationX": 3.0,
							"faces": {
								"north": { "texture": "#ursusthibetanus", "uv": [ 78.5, 49.5, 86.0, 52.5 ], "windMode": [-1,-1,-1,-1] }
							}
						},
						{
							"name": "FaceFluff3",
							"from": [ 0.0, 2.4, 3.74 ],
							"to": [ 7.65, 5.8, 3.74 ],
							"renderPass": 1,
							"unwrapMode": 3,
							"autoUnwrap": false,
							"uv": [ 54.5, 60.5 ],
							"rotationOrigin": [ 4.2572, 11.6175, 8.7835 ],
							"rotationX": -18.0,
							"faces": {
								"south": { "texture": "#ursusthibetanus", "uv": [ 47.0, 56.0, 54.5, 59.0 ] }
							}
						},
						{
							"name": "FaceFluff4",
							"from": [ 0.0, -0.62, 1.48 ],
							"to": [ 7.65, 2.78, 1.48 ],
							"renderPass": 1,
							"unwrapMode": 3,
							"autoUnwrap": false,
							"uv": [ 54.5, 60.5 ],
							"rotationOrigin": [ 4.2572, 8.5175, 6.5835 ],
							"rotationX": 18.0,
							"faces": {
								"north": { "texture": "#ursusthibetanus", "uv": [ 47.0, 56.0, 54.5, 59.0 ], "windMode": [-1,-1,-1,-1] }
							}
						}
					]
				},
				{
					"name": "NeckFluff",
					"from": [ 0.0, -2.0, -0.01 ],
					"to": [ 5.75, 0.7, -0.01 ],
					"renderPass": 1,
					"unwrapMode": 7,
					"unwrapRotation": 1,
					"autoUnwrap": false,
					"uv": [ 94.0, -8.0 ],
					"rotationOrigin": [ 5.3174, 0.2348, 3.6603 ],
					"rotationX": 3.0,
					"faces": {
						"north": { "texture": "#ursusthibetanus", "uv": [ 71.5, 54.0, 77.0, 56.5 ] }
					}
				},
				{
					"name": "NeckFluff2",
					"from": [ 0.0, -2.0, 9.28 ],
					"to": [ 5.75, 0.7, 9.28 ],
					"renderPass": 1,
					"unwrapMode": 7,
					"unwrapRotation": 1,
					"autoUnwrap": false,
					"uv": [ 94.0, -8.0 ],
					"rotationOrigin": [ 5.3174, 0.2348, 12.9603 ],
					"rotationX": -3.0,
					"faces": {
						"south": { "texture": "#ursusthibetanus", "uv": [ 71.5, 54.0, 77.0, 56.5 ], "windMode": [-1,-1,-1,-1] }
					}
				},
				{
					"name": "NeckFluff3",
					"from": [ 0.2, 0.0, -1.4 ],
					"to": [ 0.2, 7.7, 0.85 ],
					"unwrapMode": 7,
					"unwrapRotation": 1,
					"autoUnwrap": false,
					"uv": [ 94.0, -8.0 ],
					"rotationOrigin": [ 5.5174, 2.2348, 2.3603 ],
					"rotationY": 3.0,
					"faces": {
						"west": { "texture": "#ursusthibetanus", "uv": [ 78.5, 50.5, 86.0, 52.5 ], "rotation": 90, "windMode": [-1,-1,-1,-1], "windData": [0,0,1,1] }
					}
				},
				{
					"name": "NeckFluff4",
					"from": [ -0.2, 0.0, 8.6 ],
					"to": [ -0.2, 7.7, 10.85 ],
					"renderPass": 1,
					"unwrapMode": 7,
					"unwrapRotation": 1,
					"autoUnwrap": false,
					"uv": [ 94.0, -8.0 ],
					"rotationOrigin": [ 5.1174, 2.2348, 12.3603 ],
					"rotationY": -3.0,
					"faces": {
						"west": { "texture": "#ursusthibetanus", "uv": [ 78.5, 54.5, 86.0, 56.5 ], "rotation": 270 }
					}
				},
				{
					"name": "NeckFluff5",
					"from": [ -0.1, 6.9, 0.0 ],
					"to": [ -0.1, 9.6, 9.25 ],
					"renderPass": 1,
					"unwrapMode": 7,
					"unwrapRotation": 1,
					"autoUnwrap": false,
					"uv": [ 94.0, -8.0 ],
					"rotationOrigin": [ 5.3174, 9.1348, 3.7603 ],
					"rotationZ": 3.0,
					"faces": {
						"west": { "texture": "#ursusthibetanus", "uv": [ 77.0, 54.0, 86.0, 56.5 ], "rotation": 180 }
					}
				}
			]
		}
	]}