{
	"enabled": true,
	"code": "primemeat",
	"maxstacksize": 64,
	"attributes": {
		"transformsWhenSmokedByType": {
			"*-raw": "butchering:smoked-none-primemeat",
			"*-curedhealing": "butchering:smoked-healing-primemeat",
			"*": null
		},
		"onHookTransformByType": {
			"*": {
				"scale": 1,
				"origin": {
					"x": 0,
					"y": 0,
					"z": 0
				},
				"translation": {
					"x": -0.24875,
					"y": 0.03625,
					"z": 0.725
				},
				"rotation": {
					"x": 0,
					"y": 70,
					"z": 90
				}
			}
		},
		"inFirePitProps": {
			"transform": {
				"scale": 0.9,
				"origin": {
					"x": 0.5,
					"y": 0.0625,
					"z": 0.5
				},
				"translation": {
					"x": 0.03125,
					"y": 0.3125,
					"z": 0
				},
				"rotation": {
					"x": 0,
					"y": 53,
					"z": 90
				}
			},
			"useFirepitModel": "Spit"
		},
		"nutritionPropsWhenInMealByType": {
			"*-raw": {
				"satiety": 480,
				"foodcategory": "Protein"
			}
		}
	},
	"variantgroups": [
		{
			"code": "type",
			"states": [ "raw", "curedhealing", "cooked", "healing" ]
		}
	],
	"shapebytype": {
		"*": { "base": "butcheryresources/primemeat" }
	},
	"texturesbytype": {
		"*-raw": {
			"raw": { "base": "item/food/rawprimemeat" }
		},
		"*-curedhealing": {
			"raw": { "base": "item/food/curedhealingprimemeat" }
		},
		"*-cooked": {
			"raw": { "base": "item/food/cookedprimemeat" }
		},
		"*-healing": {
			"raw": { "base": "item/food/healingprimemeat" }
		}
	},
	"creativeinventory": {
		"general": [ "*" ],
		"items": [ "*" ],
		"butchering": [ "*" ]
	},
	"nutritionPropsByType": {
		"*-raw": {
			"satiety": 100,
			"health": -1,
			"foodcategory": "Protein"
		},
		"*-curedhealing": {
			"satiety": 200,
			"health": 2,
			"foodcategory": "Protein"
		},
		"*-cooked": {
			"satiety": 400,
			"health": 0,
			"foodcategory": "Protein"
		},
		"*-healing": {
			"satiety": 100,
			"health": -1,
			"foodcategory": "Protein"
		}
	},
	"transitionablePropsByType": {
		"*-raw": [
			{
				"type": "Perish",
				"freshHours": { "avg": 36 },
				"spoilHours": { "avg": 24 },
				"transitionedStack": {
					"type": "item",
					"code": "game:rot"
				},
				"transitionRatio": 1
			}
		],
		"*-curedhealing": [
			{
				"type": "Perish",
				"freshHours": { "avg": 8760 },
				"spoilHours": { "avg": 4380 },
				"transitionedStack": {
					"type": "item",
					"code": "game:rot"
				},
				"transitionRatio": 1
			}
		],
		"*-cooked": [
			{
				"type": "Perish",
				"freshHours": { "avg": 120 },
				"spoilHours": { "avg": 36 },
				"transitionedStack": {
					"type": "item",
					"code": "game:rot"
				},
				"transitionRatio": 1
			}
		],
		"*-healing": [
			{
				"type": "Perish",
				"freshHours": { "avg": 36 },
				"spoilHours": { "avg": 24 },
				"transitionedStack": {
					"type": "item",
					"code": "game:rot"
				},
				"transitionRatio": 1
			}
		]
	},
	"combustiblePropsByType": {
		"primemeat-raw": {
			"meltingPoint": 150,
			"meltingDuration": 40,
			"smeltedRatio": 1,
			"smeltingType": "cook",
			"smeltedStack": {
				"type": "item",
				"code": "primemeat-cooked"
			},
			"requiresContainer": false
		}
	},
	"materialDensity": 600,
	"guiTransformByType": {
		"*": {
			"rotate": false,
			"translation": {
				"x": 0.5,
				"y": 0,
				"z": 0
			},
			"rotation": {
				"x": 171,
				"y": -122,
				"z": 33
			},
			"origin": {
				"x": 0.4,
				"y": 0.08,
				"z": 0.5
			},
			"scale": 4.72
		}
	},
	"tpHandTransformByType": {
		"*": {
			"translation": {
				"x": 0,
				"y": 0,
				"z": 0
			},
			"rotation": {
				"x": 5,
				"y": 41,
				"z": -31
			},
			"origin": {
				"x": 0.23,
				"y": 0,
				"z": 0.13
			},
			"scale": 0.75
		}
	},
	"groundTransformByType": {
		"*": {
			"translation": {
				"x": 0,
				"y": 0,
				"z": 0
			},
			"rotation": {
				"x": 180,
				"y": 33,
				"z": -180
			},
			"origin": {
				"x": 0.5,
				"y": 0,
				"z": 0.5
			},
			"scale": 5
		}
	},
	"fpHandTransformByType": {
		"*": {
			"translation": {
				"x": -0.06,
				"y": 0.36,
				"z": 0.23
			},
			"rotation": {
				"x": 40,
				"y": 91,
				"z": 15
			},
			"origin": {
				"x": 0.5,
				"y": 0.1,
				"z": 0.5
			},
			"scale": 2.5
		}
	}
}