{
	"editor": {
		"allAngles": true,
		"entityTextureMode": true
	},
	"textureWidth": 64,
	"textureHeight": 96,
	"textureSizes": {
		"aa1": [64,96]
	},
	"textures": {

	},
	"elements": [
		{
			"name": "Body",
			"from": [ -8.2, 14.4, 0.0 ],
			"to": [ -5.0, 17.6, 3.2 ],
			"uv": [ 999.0, 999.0 ],
			"rotationOrigin": [ 6.2, 20.8, 7.8 ],
			"faces": {
			},
			"children": [
				{
					"name": "neck",
					"from": [ 0.0, 5.0, 4.8 ],
					"to": [ 9.0, 12.5, 11.2 ],
					"uv": [ 2.0, 11.25 ],
					"rotationOrigin": [ 14.12, 7.64, 8.0 ],
					"rotationZ": 30.0,
					"faces": {
						"north": { "texture": "#yak01", "uv": [ 2.0, 20.5, 9.5, 29.5 ], "rotation": 90 },
						"east": { "texture": "#yak01", "uv": [ 9.5, 20.5, 15.5, 28.0 ], "rotation": 180 },
						"south": { "texture": "#yak01", "uv": [ 15.5, 20.5, 23.0, 29.5 ], "rotation": 270 },
						"west": { "texture": "#yak01", "uv": [ 23.0, 20.5, 29.0, 28.0 ] },
						"up": { "texture": "#yak01", "uv": [ 2.0, 11.5, 8.0, 20.5 ], "rotation": 90 },
						"down": { "texture": "#yak01", "uv": [ 8.0, 11.5, 14.0, 20.5 ], "rotation": 90 }
					},
					"children": [
						{
							"name": "head",
							"from": [ -5.64, 6.5, -1.6 ],
							"to": [ 3.96, 15.5, 8.0 ],
							"autoUnwrap": false,
							"uv": [ 39.0, 28.0 ],
							"rotationOrigin": [ -0.36, 8.12, 2.4 ],
							"rotationZ": -14.0,
							"faces": {
								"north": { "texture": "#yak01", "uv": [ 39.0, 34.0, 45.0, 39.0 ], "autoUv": false },
								"east": { "texture": "#yak01", "uv": [ 57.0, 34.0, 63.0, 39.0 ], "autoUv": false },
								"south": { "texture": "#yak01", "uv": [ 51.0, 34.0, 57.0, 39.0 ], "autoUv": false },
								"west": { "texture": "#yak01", "uv": [ 45.0, 34.0, 51.0, 39.0 ], "autoUv": false },
								"up": { "texture": "#yak01", "uv": [ 53.5, 24.5, 63.0, 34.0 ], "rotation": 90, "autoUv": false },
								"down": { "texture": "#yak01", "uv": [ 53.5, 39.0, 63.0, 48.5 ], "rotation": 90, "autoUv": false }
							},
							"children": [
								{
									"name": "mouth up",
									"from": [ -4.12, 1.32, 1.6 ],
									"to": [ 5.48, 6.12, 8.0 ],
									"autoUnwrap": false,
									"uv": [ 49.0, 1.0 ],
									"rotationOrigin": [ 2.28, 2.92, 0.0 ],
									"rotationZ": 3.0,
									"faces": {
										"north": { "texture": "#yak01", "uv": [ 51.5, 10.5, 56.0, 20.0 ], "rotation": 270, "autoUv": false },
										"south": { "texture": "#yak01", "uv": [ 51.5, 10.5, 56.0, 20.0 ], "rotation": 90, "autoUv": false },
										"west": { "texture": "#yak01", "uv": [ 52.0, 7.0, 56.0, 10.0 ], "autoUv": false },
										"up": { "texture": "#yak01", "uv": [ 56.0, 10.5, 62.0, 20.0 ], "rotation": 90, "autoUv": false },
										"down": { "texture": "#yak01", "uv": [ 58.0, 1.0, 64.0, 10.5 ], "rotation": 270, "autoUv": false }
									}
								},
								{
									"name": "mouth down",
									"from": [ -2.72, 1.48, 1.632 ],
									"to": [ 5.28, 3.08, 7.968 ],
									"autoUnwrap": false,
									"uv": [ 36.0, 1.0 ],
									"rotationOrigin": [ 3.68, 1.48, 4.8 ],
									"rotationZ": 17.0,
									"faces": {
										"north": { "texture": "#yak01", "uv": [ 36.0, 1.0, 37.5, 9.0 ], "rotation": 270, "autoUv": false },
										"south": { "texture": "#yak01", "uv": [ 41.0, 1.0, 42.5, 9.0 ], "rotation": 90, "autoUv": false },
										"west": { "texture": "#yak01", "uv": [ 37.5, 6.0, 41.0, 7.0 ], "autoUv": false },
										"up": { "texture": "#yak01", "uv": [ 37.0, 1.0, 43.0, 9.0 ], "rotation": 90, "autoUv": false },
										"down": { "texture": "#yak01", "uv": [ 42.0, 1.0, 48.0, 9.0 ], "rotation": 270, "autoUv": false }
									}
								},
								{
									"name": "R ear",
									"from": [ 4.2, 3.2, -3.2 ],
									"to": [ 5.8, 6.4, 1.6 ],
									"uv": [ 35.5, 40.5 ],
									"rotationOrigin": [ 5.0, 4.8, 1.6 ],
									"rotationX": 8.0,
									"rotationY": -22.0,
									"rotationZ": 22.0,
									"faces": {
										"north": { "texture": "#yak01", "uv": [ 35.5, 42.0, 37.0, 45.0 ] },
										"east": { "texture": "#yak01", "uv": [ 37.0, 42.0, 41.5, 45.0 ] },
										"west": { "texture": "#yak01", "uv": [ 41.5, 42.0, 46.0, 45.0 ] },
										"up": { "texture": "#yak01", "uv": [ 35.5, 40.5, 40.0, 42.0 ], "rotation": 90 },
										"down": { "texture": "#yak01", "uv": [ 40.0, 40.5, 44.5, 42.0 ], "rotation": 90 }
									}
								},
								{
									"name": "L ear",
									"from": [ 4.2, 3.2, 8.0 ],
									"to": [ 5.8, 6.4, 12.8 ],
									"uv": [ 35.5, 40.5 ],
									"rotationOrigin": [ 5.0, 4.8, 8.0 ],
									"rotationX": -8.0,
									"rotationY": 22.0,
									"rotationZ": 22.0,
									"faces": {
										"east": { "texture": "#yak01", "uv": [ 35.5, 41.5, 38.5, 43.5 ] },
										"south": { "texture": "#yak01", "uv": [ 38.5, 41.5, 39.5, 43.5 ] },
										"west": { "texture": "#yak01", "uv": [ 39.5, 41.5, 42.5, 43.5 ] },
										"up": { "texture": "#yak01", "uv": [ 35.5, 40.5, 40.0, 42.0 ], "rotation": 90 },
										"down": { "texture": "#yak01", "uv": [ 38.5, 40.5, 43.0, 42.0 ], "rotation": 90 }
									}
								},
								{
									"name": "TOp",
									"from": [ 1.85, 6.25, 1.4 ],
									"to": [ 6.27, 11.35, 8.2 ],
									"unwrapMode": 1,
									"unwrapRotation": 1,
									"uv": [ 0.25, 0.5 ],
									"rotationOrigin": [ 1.17, 5.57, 1.0 ],
									"rotationZ": -22.0,
									"faces": {
										"north": { "texture": "#yak01", "uv": [ 7.0, 7.0, 12.0, 11.0 ], "rotation": 90 },
										"east": { "texture": "#yak01", "uv": [ 7.0, 11.0, 12.0, 17.5 ], "rotation": 90 },
										"south": { "texture": "#yak01", "uv": [ 18.5, 7.0, 23.5, 11.0 ], "rotation": 270 },
										"west": { "texture": "#yak01", "uv": [ 7.0, 0.5, 12.0, 7.0 ], "rotation": 90 },
										"up": { "texture": "#yak01", "uv": [ 0.5, 7.0, 7.0, 11.0 ], "rotation": 270 },
										"down": { "texture": "#yak01", "uv": [ 12.0, 7.0, 18.5, 11.0 ], "rotation": 90 }
									},
									"children": [
										{
											"name": "Horns24",
											"from": [ 0.3188, 2.91, 5.83 ],
											"to": [ 2.6138, 4.5675, 8.89 ],
											"uv": [ 3.0, 49.0 ],
											"rotationOrigin": [ 0.3209, 2.7499, 5.825 ],
											"rotationX": -2.099,
											"rotationY": -34.945,
											"rotationZ": -3.661,
											"faces": {
												"north": { "texture": "#yak01", "uv": [ 3.0, 52.0, 5.0, 53.5 ] },
												"east": { "texture": "#yak01", "uv": [ 5.0, 52.0, 8.0, 53.5 ] },
												"south": { "texture": "#yak01", "uv": [ 8.0, 52.0, 10.0, 53.5 ] },
												"west": { "texture": "#yak01", "uv": [ 10.0, 52.0, 13.0, 53.5 ] },
												"up": { "texture": "#yak01", "uv": [ 3.0, 49.0, 5.0, 52.0 ] },
												"down": { "texture": "#yak01", "uv": [ 5.0, 49.0, 7.0, 52.0 ] }
											},
											"children": [
												{
													"name": "Horns27",
													"from": [ 0.3188, 0.0, 2.55 ],
													"to": [ 1.9763, 1.02, 6.885 ],
													"uv": [ 3.0, 49.0 ],
													"rotationOrigin": [ 0.0, 0.51, 2.55 ],
													"rotationX": -66.0,
													"faces": {
														"north": { "texture": "#yak01", "uv": [ 3.0, 55.75, 4.5938, 56.7063 ] },
														"east": { "texture": "#yak01", "uv": [ 5.5, 55.75, 9.8031, 56.7063 ] },
														"south": { "texture": "#yak01", "uv": [ 12.25, 55.75, 13.8438, 56.7063 ] },
														"west": { "texture": "#yak01", "uv": [ 14.75, 55.75, 19.0531, 56.7063 ] },
														"up": { "texture": "#yak01", "uv": [ 3.0, 49.0, 4.5938, 53.3031 ] },
														"down": { "texture": "#yak01", "uv": [ 5.5, 49.0, 7.0938, 53.3031 ] }
													}
												}
											]
										},
										{
											"name": "Horns25",
											"from": [ -0.9563, 2.91, 0.0 ],
											"to": [ 1.3388, 4.5675, 3.06 ],
											"uv": [ 3.0, 49.0 ],
											"rotationOrigin": [ 0.7028, 7.8299, 0.6375 ],
											"rotationX": -178.269,
											"rotationY": -33.0,
											"rotationZ": -176.537,
											"faces": {
												"north": { "texture": "#yak01", "uv": [ 3.0, 52.0, 5.0, 53.5 ] },
												"east": { "texture": "#yak01", "uv": [ 5.0, 52.0, 8.0, 53.5 ] },
												"south": { "texture": "#yak01", "uv": [ 8.0, 52.0, 10.0, 53.5 ] },
												"west": { "texture": "#yak01", "uv": [ 10.0, 52.0, 13.0, 53.5 ] },
												"up": { "texture": "#yak01", "uv": [ 3.0, 49.0, 5.0, 52.0 ] },
												"down": { "texture": "#yak01", "uv": [ 5.0, 49.0, 7.0, 52.0 ] }
											},
											"children": [
												{
													"name": "Horns26",
													"from": [ 0.3188, 0.0, 2.55 ],
													"to": [ 1.9763, 1.02, 6.885 ],
													"uv": [ 3.0, 49.0 ],
													"rotationOrigin": [ 0.0, 0.51, 2.55 ],
													"rotationX": -66.0,
													"faces": {
														"north": { "texture": "#yak01", "uv": [ 3.0, 55.75, 4.5938, 56.7063 ] },
														"east": { "texture": "#yak01", "uv": [ 5.5, 55.75, 9.8031, 56.7063 ] },
														"south": { "texture": "#yak01", "uv": [ 12.25, 55.75, 13.8438, 56.7063 ] },
														"west": { "texture": "#yak01", "uv": [ 14.75, 55.75, 19.0531, 56.7063 ] },
														"up": { "texture": "#yak01", "uv": [ 3.0, 49.0, 4.5938, 53.3031 ] },
														"down": { "texture": "#yak01", "uv": [ 5.5, 49.0, 7.0938, 53.3031 ] }
													}
												}
											]
										}
									]
								}
							]
						}
					]
				},
				{
					"name": "R front leg",
					"from": [ 4.8, -6.4, 1.6 ],
					"to": [ 9.6, 3.2, 6.4 ],
					"autoUnwrap": false,
					"uv": [ 36.0, 67.0 ],
					"rotationOrigin": [ 7.2, 3.2, 4.0 ],
					"faces": {
						"north": { "texture": "#yak01", "uv": [ 36.0, 70.0, 39.0, 76.0 ] },
						"east": { "texture": "#yak01", "uv": [ 39.0, 70.0, 42.0, 76.0 ] },
						"south": { "texture": "#yak01", "uv": [ 42.0, 70.0, 45.0, 76.0 ] },
						"west": { "texture": "#yak01", "uv": [ 45.0, 70.0, 48.0, 76.0 ] },
						"down": { "texture": "#yak01", "uv": [ 36.0, 67.0, 40.5, 71.5 ], "rotation": 90 }
					},
					"children": [
						{
							"name": "R front foot",
							"from": [ 0.16, -8.0, 0.16 ],
							"to": [ 4.64, 1.6, 4.64 ],
							"uv": [ 36.0, 77.0 ],
							"rotationOrigin": [ 2.56, 4.8, 2.56 ],
							"faces": {
								"north": { "texture": "#yak01", "uv": [ 36.0, 80.0, 38.5, 86.0 ] },
								"east": { "texture": "#yak01", "uv": [ 43.5, 80.0, 46.0, 86.0 ] },
								"south": { "texture": "#yak01", "uv": [ 41.0, 80.0, 43.5, 86.0 ] },
								"west": { "texture": "#yak01", "uv": [ 38.5, 80.0, 41.0, 86.0 ] },
								"up": { "texture": "#yak01", "uv": [ 38.5, 77.0, 42.5, 81.0 ], "rotation": 90 },
								"down": { "texture": "#yak01", "uv": [ 38.5, 88.0, 42.5, 92.0 ], "rotation": 90 }
							}
						}
					]
				},
				{
					"name": "L front leg",
					"from": [ 4.8, -6.4, 9.6 ],
					"to": [ 9.6, 3.2, 14.4 ],
					"autoUnwrap": false,
					"uv": [ 49.0, 67.0 ],
					"rotationOrigin": [ 7.2, 3.2, 12.0 ],
					"faces": {
						"north": { "texture": "#yak01", "uv": [ 49.0, 70.0, 52.0, 76.0 ] },
						"east": { "texture": "#yak01", "uv": [ 52.0, 70.0, 55.0, 76.0 ] },
						"south": { "texture": "#yak01", "uv": [ 55.0, 70.0, 58.0, 76.0 ] },
						"west": { "texture": "#yak01", "uv": [ 58.0, 70.0, 61.0, 76.0 ] },
						"down": { "texture": "#yak01", "uv": [ 49.0, 67.0, 53.5, 71.5 ], "rotation": 90 }
					},
					"children": [
						{
							"name": "L front foot",
							"from": [ 0.16, -8.0, 0.16 ],
							"to": [ 4.64, 1.6, 4.64 ],
							"autoUnwrap": false,
							"uv": [ 49.0, 77.0 ],
							"rotationOrigin": [ 2.56, 4.8, 2.56 ],
							"faces": {
								"north": { "texture": "#yak01", "uv": [ 49.0, 80.0, 51.5, 86.0 ] },
								"east": { "texture": "#yak01", "uv": [ 56.5, 80.0, 59.0, 86.0 ] },
								"south": { "texture": "#yak01", "uv": [ 54.0, 80.0, 56.5, 86.0 ] },
								"west": { "texture": "#yak01", "uv": [ 51.5, 80.0, 54.0, 86.0 ] },
								"up": { "texture": "#yak01", "uv": [ 51.5, 77.0, 55.5, 81.0 ], "rotation": 90 },
								"down": { "texture": "#yak01", "uv": [ 51.5, 88.0, 55.5, 92.0 ], "rotation": 90 }
							}
						}
					]
				},
				{
					"name": "R back leg",
					"from": [ 19.68, -4.8, 1.28 ],
					"to": [ 26.08, 4.8, 7.68 ],
					"autoUnwrap": false,
					"uv": [ 1.0, 67.0 ],
					"rotationOrigin": [ 22.88, 6.4, 4.48 ],
					"rotationZ": 15.0,
					"faces": {
						"north": { "texture": "#yak01", "uv": [ 1.0, 71.0, 5.0, 77.0 ] },
						"east": { "texture": "#yak01", "uv": [ 5.0, 71.0, 9.0, 77.0 ] },
						"south": { "texture": "#yak01", "uv": [ 9.0, 71.0, 13.0, 77.0 ] },
						"west": { "texture": "#yak01", "uv": [ 13.0, 71.0, 17.0, 77.0 ] },
						"down": { "texture": "#yak01", "uv": [ 1.0, 67.0, 7.0, 73.0 ], "rotation": 90 }
					},
					"children": [
						{
							"name": "R back foot",
							"from": [ 1.28, -9.92, 1.76 ],
							"to": [ 5.76, 2.88, 6.24 ],
							"autoUnwrap": false,
							"uv": [ 2.0, 80.0 ],
							"rotationOrigin": [ 3.68, 6.08, 4.16 ],
							"rotationZ": -15.0,
							"faces": {
								"north": { "texture": "#yak01", "uv": [ 2.0, 83.0, 4.5, 91.0 ] },
								"east": { "texture": "#yak01", "uv": [ 9.5, 83.0, 12.0, 91.0 ] },
								"south": { "texture": "#yak01", "uv": [ 7.0, 83.0, 9.5, 91.0 ] },
								"west": { "texture": "#yak01", "uv": [ 4.5, 83.0, 7.0, 91.0 ] },
								"up": { "texture": "#yak01", "uv": [ 4.5, 80.0, 8.5, 84.0 ], "rotation": 90 },
								"down": { "texture": "#yak01", "uv": [ 4.5, 93.0, 8.5, 97.0 ], "rotation": 90 }
							}
						}
					]
				},
				{
					"name": "L back leg",
					"from": [ 19.68, -4.8, 8.32 ],
					"to": [ 26.08, 4.8, 14.72 ],
					"autoUnwrap": false,
					"uv": [ 18.0, 67.0 ],
					"rotationOrigin": [ 22.88, 6.4, 1.92 ],
					"rotationZ": 15.0,
					"faces": {
						"north": { "texture": "#yak01", "uv": [ 18.0, 71.0, 22.0, 77.0 ] },
						"east": { "texture": "#yak01", "uv": [ 22.0, 71.0, 26.0, 77.0 ] },
						"south": { "texture": "#yak01", "uv": [ 26.0, 71.0, 30.0, 77.0 ] },
						"west": { "texture": "#yak01", "uv": [ 30.0, 71.0, 34.0, 77.0 ] },
						"down": { "texture": "#yak01", "uv": [ 18.0, 67.0, 24.0, 73.0 ], "rotation": 90 }
					},
					"children": [
						{
							"name": "L back foot",
							"from": [ 1.28, -9.92, 0.16 ],
							"to": [ 5.76, 2.88, 4.64 ],
							"autoUnwrap": false,
							"uv": [ 20.0, 80.0 ],
							"rotationOrigin": [ 3.68, 6.08, 2.56 ],
							"rotationZ": -15.0,
							"faces": {
								"north": { "texture": "#yak01", "uv": [ 20.0, 83.0, 22.5, 91.0 ] },
								"east": { "texture": "#yak01", "uv": [ 27.5, 83.0, 30.0, 91.0 ] },
								"south": { "texture": "#yak01", "uv": [ 25.0, 83.0, 27.5, 91.0 ] },
								"west": { "texture": "#yak01", "uv": [ 22.5, 83.0, 25.0, 91.0 ] },
								"up": { "texture": "#yak01", "uv": [ 22.5, 80.0, 26.5, 84.0 ], "rotation": 90 },
								"down": { "texture": "#yak01", "uv": [ 22.5, 93.0, 26.5, 97.0 ], "rotation": 90 }
							}
						}
					]
				},
				{
					"name": "tail",
					"from": [ 32.0, 4.8, 6.4 ],
					"to": [ 36.8, 8.0, 9.6 ],
					"unwrapMode": 1,
					"unwrapRotation": 1,
					"uv": [ 51.75, 45.25 ],
					"rotationOrigin": [ 32.32, 6.4, 8.0 ],
					"rotationZ": -53.0,
					"faces": {
						"north": { "texture": "#yak01", "uv": [ 55.0, 45.5, 58.0, 50.0 ], "rotation": 90 },
						"east": { "texture": "#yak01", "uv": [ 55.0, 50.0, 58.0, 53.0 ], "rotation": 90 },
						"south": { "texture": "#yak01", "uv": [ 61.0, 45.5, 64.0, 50.0 ], "rotation": 270 },
						"up": { "texture": "#yak01", "uv": [ 52.0, 45.5, 55.0, 50.0 ], "rotation": 270 },
						"down": { "texture": "#yak01", "uv": [ 58.0, 45.5, 61.0, 50.0 ], "rotation": 90 }
					},
					"children": [
						{
							"name": "tail33",
							"from": [ 3.2, 1.0, -0.8 ],
							"to": [ 11.2, 4.2, 4.0 ],
							"unwrapMode": 1,
							"unwrapRotation": 1,
							"autoUnwrap": false,
							"uv": [ 46.0, 45.75 ],
							"rotationOrigin": [ 3.2, 2.6, 1.6 ],
							"rotationZ": -25.0,
							"faces": {
								"north": { "texture": "#yak01", "uv": [ 49.0, 54.5, 52.0, 62.5 ], "rotation": 90, "windMode": [-1,-1,1,-1], "windData": [1,1,0,0] },
								"east": { "texture": "#yak01", "uv": [ 55.0, 53.0, 58.0, 57.5 ], "rotation": 90 },
								"south": { "texture": "#yak01", "uv": [ 48.0, 54.5, 51.0, 62.5 ], "rotation": 270, "windMode": [-1,-1,1,-1], "windData": [1,0,0,1] },
								"west": { "texture": "#yak01", "uv": [ 48.0, 40.0, 51.0, 44.5 ], "rotation": 90 },
								"up": { "texture": "#yak01", "uv": [ 48.0, 54.0, 52.5, 62.0 ], "rotation": 270, "windMode": [-1,-1,1,1], "windData": [1,1,0,0] },
								"down": { "texture": "#yak01", "uv": [ 48.0, 54.0, 52.5, 62.0 ], "rotation": 90 }
							}
						}
					]
				},
				{
					"name": "Front_body",
					"from": [ 7.8, 0.6, 0.0 ],
					"to": [ 27.0, 15.0, 16.2 ],
					"autoUnwrap": false,
					"uv": [ 0.5, 0.5 ],
					"rotationOrigin": [ 22.2, 19.8, 8.2 ],
					"rotationY": 180.0,
					"rotationZ": 16.0,
					"faces": {
						"north": { "texture": "#yak01", "uv": [ 11.0, 12.5, 30.0, 26.5 ] },
						"east": { "texture": "#yak01", "uv": [ 12.5, 12.5, 26.5, 28.5 ], "rotation": 90 },
						"south": { "texture": "#yak01", "uv": [ 12.5, 12.5, 31.5, 26.5 ] },
						"west": { "texture": "#yak01", "uv": [ 12.0, 12.5, 26.0, 28.5 ], "rotation": 90 },
						"up": { "texture": "#yak01", "uv": [ 12.5, 0.5, 31.5, 16.5 ], "rotation": 180 },
						"down": { "texture": "#yak01", "uv": [ 12.5, 0.5, 31.5, 16.5 ] }
					},
					"children": [
						{
							"name": "middle_body",
							"from": [ 12.8, -1.6, 0.8 ],
							"to": [ 28.8, 14.4, 15.4 ],
							"autoUnwrap": false,
							"uv": [ 0.5, 0.5 ],
							"rotationOrigin": [ 12.8, -1.6, 1.6 ],
							"rotationZ": -22.0,
							"faces": {
								"north": { "texture": "#yak01", "uv": [ 0.5, 11.5, 16.5, 27.5 ] },
								"east": { "texture": "#yak01", "uv": [ 10.5, 11.5, 25.0, 27.5 ] },
								"south": { "texture": "#yak01", "uv": [ 11.0, 15.5, 27.0, 31.5 ] },
								"west": { "texture": "#yak01", "uv": [ 9.5, 15.5, 24.0, 31.5 ] },
								"up": { "texture": "#yak01", "uv": [ 4.5, 3.0, 20.5, 17.5 ], "rotation": 180 },
								"down": { "texture": "#yak01", "uv": [ 10.5, 0.5, 26.5, 15.0 ] }
							}
						},
						{
							"name": "hair_R",
							"from": [ 0.0, -4.8, 0.0 ],
							"to": [ 24.0, 8.0, 1.6 ],
							"autoUnwrap": false,
							"uv": [ 0.0, 35.5 ],
							"rotationOrigin": [ 0.0, -1.6, 0.0 ],
							"rotationY": -3.0,
							"rotationZ": -19.0,
							"faces": {
								"north": { "texture": "#yak01", "uv": [ 0.0, 36.5, 15.0, 44.5 ], "autoUv": false, "windMode": [1,-1,-1,-1], "windData": [0,1,1,0] },
								"east": { "texture": "#yak01", "uv": [ 15.0, 36.5, 16.0, 44.5 ] },
								"south": { "texture": "#yak01", "uv": [ 16.0, 36.5, 31.0, 44.5 ], "windMode": [1,-1,-1,-1], "windData": [0,0,1,1] },
								"west": { "texture": "#yak01", "uv": [ 31.0, 36.5, 32.0, 44.5 ] },
								"up": { "texture": "#yak01", "uv": [ 0.0, 35.5, 15.0, 36.5 ] }
							}
						},
						{
							"name": "hair_L",
							"from": [ 0.0, -4.8, 14.6 ],
							"to": [ 24.0, 8.0, 16.2 ],
							"autoUnwrap": false,
							"uv": [ 0.0, 35.5 ],
							"rotationOrigin": [ 0.0, -1.6, 14.6 ],
							"rotationY": 3.0,
							"rotationZ": -19.0,
							"faces": {
								"north": { "texture": "#yak01", "uv": [ 0.0, 36.5, 15.0, 44.5 ], "autoUv": false, "windMode": [1,-1,-1,-1], "windData": [0,1,1,0] },
								"east": { "texture": "#yak01", "uv": [ 15.0, 36.5, 16.0, 44.5 ], "autoUv": false },
								"south": { "texture": "#yak01", "uv": [ 16.0, 36.5, 31.0, 44.5 ], "autoUv": false, "windMode": [1,-1,-1,-1], "windData": [0,0,1,1] },
								"west": { "texture": "#yak01", "uv": [ 31.0, 36.5, 32.0, 44.5 ], "autoUv": false },
								"up": { "texture": "#yak01", "uv": [ 0.0, 35.5, 24.0, 37.0 ] }
							}
						},
						{
							"name": "HillBody",
							"from": [ 20.0, 8.0, 3.0 ],
							"to": [ 34.0, 12.0, 13.0 ],
							"uv": [ 0.0, 0.0 ],
							"rotationOrigin": [ 27.0, 13.0, 8.0 ],
							"rotationZ": -25.0,
							"faces": {
								"north": { "texture": "#yak01", "uv": [ 0.0, 10.0, 14.0, 14.0 ] },
								"east": { "texture": "#yak01", "uv": [ 14.0, 10.0, 24.0, 14.0 ] },
								"south": { "texture": "#yak01", "uv": [ 24.0, 10.0, 38.0, 14.0 ] },
								"west": { "texture": "#yak01", "uv": [ 38.0, 10.0, 48.0, 14.0 ] },
								"up": { "texture": "#yak01", "uv": [ 0.0, 0.0, 14.0, 10.0 ] },
								"down": { "texture": "#yak01", "uv": [ 14.0, 0.0, 28.0, 10.0 ] }
							}
						}
					]
				}
			],
			"attachmentpoints": [
				{
					"code": "Center",
					"posX": "9.0","posY": "4.0","posZ": "5.0",
					"rotationX": "0.0","rotationY": "0.0","rotationZ": "0.0"
				}
			]
		}
	],
	"animations": [
		{
			"name": "Walk",
			"code": "walk",
			"quantityframes": 90,
			"onActivityStopped": "Rewind",
			"onAnimationEnd": "Repeat",
			"keyframes": [
				{
					"frame": 0,
					"elements": {
						"Body": { "offsetX": 0.0, "offsetY": 0.0, "offsetZ": 0.0, "rotationX": -2.0, "rotationY": -1.0, "rotationZ": -2.0 },
						"neck": { "offsetX": 0.0, "offsetY": 1.0, "offsetZ": 0.0, "rotationX": 2.0, "rotationY": 0.0, "rotationZ": 3.0 },
						"head": { "offsetX": 0.0, "offsetY": 0.0, "offsetZ": 0.0, "rotationX": 0.0, "rotationY": 0.0, "rotationZ": -3.0 },
						"L ear": { "offsetX": 0.0, "offsetY": 0.0, "offsetZ": 0.0, "rotationX": 0.0, "rotationY": 0.0, "rotationZ": 0.0 },
						"R ear": { "offsetX": 0.0, "offsetY": 0.0, "offsetZ": 0.0, "rotationX": 0.0, "rotationY": 0.0, "rotationZ": 0.0 },
						"R front leg": { "offsetX": 0.0, "offsetY": 0.0, "offsetZ": 0.0, "rotationX": 2.0, "rotationY": 0.0, "rotationZ": 8.0 },
						"R front foot": { "offsetX": 0.0, "offsetY": 0.0, "offsetZ": 0.0, "rotationX": 0.0, "rotationY": 0.0, "rotationZ": 0.0 },
						"L front leg": { "offsetX": -0.800000011920929, "offsetY": -0.800000011920929, "offsetZ": 0.0, "rotationX": 0.0, "rotationY": 1.0, "rotationZ": -33.0 },
						"L front foot": { "offsetX": 0.0, "offsetY": 0.0, "offsetZ": 0.0, "rotationX": 0.0, "rotationY": 0.0, "rotationZ": 39.0 },
						"R back leg": { "offsetX": -1.600000023841858, "offsetY": 1.600000023841858, "offsetZ": 0.0, "rotationX": 2.0, "rotationY": 0.0, "rotationZ": 11.0 },
						"R back foot": { "offsetX": 0.0, "offsetY": 0.0, "offsetZ": 0.0, "rotationX": 0.0, "rotationY": 0.0, "rotationZ": -30.0 },
						"L back leg": { "offsetX": 0.0, "offsetY": 0.0, "offsetZ": 0.0, "rotationX": 0.0, "rotationY": 2.0, "rotationZ": 8.0 },
						"L back foot": { "offsetX": 0.0, "offsetY": 0.0, "offsetZ": 0.0, "rotationX": 0.0, "rotationY": 0.0, "rotationZ": 0.0 },
						"tail": { "offsetX": 0.0, "offsetY": 0.0, "offsetZ": 0.0, "rotationX": 0.0, "rotationY": 0.0, "rotationZ": 0.0 }
					}
				},
				{
					"frame": 15,
					"elements": {
						"Body": { "offsetX": 0.0, "offsetY": 0.0, "offsetZ": 0.0, "rotationX": 2.0, "rotationY": -1.0, "rotationZ": 2.0 },
						"neck": { "offsetX": 0.0, "offsetY": 2.0, "offsetZ": 0.0, "rotationX": -2.0, "rotationY": 0.0, "rotationZ": 9.0 },
						"head": { "offsetX": 0.0, "offsetY": 0.0, "offsetZ": 0.0, "rotationX": 0.0, "rotationY": 0.0, "rotationZ": -14.0 },
						"R ear": { "offsetX": 0.0, "offsetY": 0.0, "offsetZ": 0.0, "rotationX": -8.0, "rotationY": -14.0, "rotationZ": 0.0 },
						"L ear": { "offsetX": 0.0, "offsetY": 0.0, "offsetZ": 0.0, "rotationX": 8.0, "rotationY": 14.0, "rotationZ": 0.0 },
						"R front leg": { "offsetX": 0.0, "offsetY": -0.800000011920929, "offsetZ": 0.0, "rotationX": 0.0, "rotationY": 0.0, "rotationZ": 14.0 },
						"R front foot": { "offsetX": 0.0, "offsetY": 0.0, "offsetZ": 0.0, "rotationX": 0.0, "rotationY": 0.0, "rotationZ": 0.0 },
						"L front leg": { "offsetX": -1.600000023841858, "offsetY": -1.600000023841858, "offsetZ": 0.0, "rotationX": -2.0, "rotationY": 1.0, "rotationZ": -17.0 },
						"L front foot": { "offsetX": 0.0, "offsetY": 0.0, "offsetZ": 0.0, "rotationX": 0.0, "rotationY": 0.0, "rotationZ": -6.0 },
						"R back leg": { "offsetX": -3.200000047683716, "offsetY": -0.800000011920929, "offsetZ": 0.0, "rotationX": 0.0, "rotationY": 0.0, "rotationZ": 8.0 },
						"R back foot": { "offsetX": 0.0, "offsetY": 0.0, "offsetZ": 0.0, "rotationX": 0.0, "rotationY": 0.0, "rotationZ": -33.0 },
						"L back leg": { "offsetX": 0.800000011920929, "offsetY": -2.400000035762787, "offsetZ": 0.0, "rotationX": -2.0, "rotationY": 1.0, "rotationZ": 14.0 },
						"L back foot": { "offsetX": 0.0, "offsetY": 0.0, "offsetZ": 0.0, "rotationX": 0.0, "rotationY": 0.0, "rotationZ": -2.0 },
						"tail": { "offsetX": 0.0, "offsetY": 0.0, "offsetZ": 0.0, "rotationX": 0.0, "rotationY": 0.0, "rotationZ": 19.0 }
					}
				},
				{
					"frame": 30,
					"elements": {
						"Body": { "offsetX": 0.0, "offsetY": 0.0, "offsetZ": 0.0, "rotationX": 0.0, "rotationY": 0.0, "rotationZ": 0.0 },
						"neck": { "offsetX": 0.0, "offsetY": 1.0, "offsetZ": 0.0, "rotationX": -2.0, "rotationY": 0.0, "rotationZ": 6.0 },
						"head": { "offsetX": 0.0, "offsetY": 0.0, "offsetZ": 0.0, "rotationX": 0.0, "rotationY": 0.0, "rotationZ": -8.0 },
						"R front leg": { "offsetX": 0.0, "offsetY": 0.0, "offsetZ": 0.0, "rotationX": 0.0, "rotationY": 0.0, "rotationZ": -8.0 },
						"R front foot": { "offsetX": 0.0, "offsetY": 0.0, "offsetZ": 0.0, "rotationX": 0.0, "rotationY": 0.0, "rotationZ": 30.0 },
						"L front leg": { "offsetX": -1.600000023841858, "offsetY": 0.0, "offsetZ": 0.0, "rotationX": 0.0, "rotationY": 0.0, "rotationZ": -6.0 },
						"L front foot": { "offsetX": 0.0, "offsetY": 0.0, "offsetZ": 0.0, "rotationX": 0.0, "rotationY": 0.0, "rotationZ": -6.0 },
						"L back leg": { "offsetX": 0.0, "offsetY": -1.600000023841858, "offsetZ": 0.0, "rotationX": 0.0, "rotationY": 0.0, "rotationZ": 17.0 },
						"L back foot": { "offsetX": 0.0, "offsetY": 0.0, "offsetZ": 0.0, "rotationX": 0.0, "rotationY": 0.0, "rotationZ": -19.0 },
						"tail": { "offsetX": 0.0, "offsetY": 0.0, "offsetZ": 0.0, "rotationX": 0.0, "rotationY": 0.0, "rotationZ": 11.0 }
					}
				},
				{
					"frame": 45,
					"elements": {
						"Body": { "offsetX": 0.0, "offsetY": 0.0, "offsetZ": 0.0, "rotationX": 2.0, "rotationY": 1.0, "rotationZ": -2.0 },
						"neck": { "offsetX": 0.0, "offsetY": 1.0, "offsetZ": 0.0, "rotationX": -2.0, "rotationY": 0.0, "rotationZ": 3.0 },
						"head": { "offsetX": 0.0, "offsetY": 0.0, "offsetZ": 0.0, "rotationX": 0.0, "rotationY": 0.0, "rotationZ": -3.0 },
						"L ear": { "offsetX": 0.0, "offsetY": 0.0, "offsetZ": 0.0, "rotationX": 0.0, "rotationY": 0.0, "rotationZ": 0.0 },
						"R ear": { "offsetX": 0.0, "offsetY": 0.0, "offsetZ": 0.0, "rotationX": 0.0, "rotationY": 0.0, "rotationZ": 0.0 },
						"R front leg": { "offsetX": -0.800000011920929, "offsetY": -0.800000011920929, "offsetZ": 0.0, "rotationX": 0.0, "rotationY": -1.0, "rotationZ": -33.0 },
						"R front foot": { "offsetX": 0.0, "offsetY": 0.0, "offsetZ": 0.0, "rotationX": 0.0, "rotationY": 0.0, "rotationZ": 39.0 },
						"L front leg": { "offsetX": -1.600000023841858, "offsetY": 0.0, "offsetZ": 0.0, "rotationX": -2.0, "rotationY": 0.0, "rotationZ": 8.0 },
						"L front foot": { "offsetX": 0.0, "offsetY": 0.0, "offsetZ": 0.0, "rotationX": 0.0, "rotationY": 0.0, "rotationZ": 0.0 },
						"R back leg": { "offsetX": 0.0, "offsetY": 0.0, "offsetZ": 0.0, "rotationX": 0.0, "rotationY": -2.0, "rotationZ": 8.0 },
						"R back foot": { "offsetX": 0.0, "offsetY": 0.0, "offsetZ": 0.0, "rotationX": 0.0, "rotationY": 0.0, "rotationZ": 0.0 },
						"L back leg": { "offsetX": -1.600000023841858, "offsetY": 1.600000023841858, "offsetZ": 0.0, "rotationX": -2.0, "rotationY": 0.0, "rotationZ": 11.0 },
						"L back foot": { "offsetX": 0.0, "offsetY": 0.0, "offsetZ": 0.0, "rotationX": 0.0, "rotationY": 0.0, "rotationZ": -30.0 },
						"tail": { "offsetX": 0.0, "offsetY": 0.0, "offsetZ": 0.0, "rotationX": 0.0, "rotationY": 0.0, "rotationZ": 0.0 }
					}
				},
				{
					"frame": 60,
					"elements": {
						"Body": { "offsetX": 0.0, "offsetY": 0.0, "offsetZ": 0.0, "rotationX": -2.0, "rotationY": 1.0, "rotationZ": 2.0 },
						"neck": { "offsetX": 0.0, "offsetY": 2.0, "offsetZ": 0.0, "rotationX": 2.0, "rotationY": 0.0, "rotationZ": 9.0 },
						"head": { "offsetX": 0.0, "offsetY": 0.0, "offsetZ": 0.0, "rotationX": 0.0, "rotationY": 0.0, "rotationZ": -14.0 },
						"L ear": { "offsetX": 0.0, "offsetY": 0.0, "offsetZ": 0.0, "rotationX": 8.0, "rotationY": 14.0, "rotationZ": 0.0 },
						"R ear": { "offsetX": 0.0, "offsetY": 0.0, "offsetZ": 0.0, "rotationX": -8.0, "rotationY": -14.0, "rotationZ": 0.0 },
						"R front leg": { "offsetX": 0.0, "offsetY": -0.800000011920929, "offsetZ": 0.0, "rotationX": 2.0, "rotationY": -1.0, "rotationZ": -17.0 },
						"R front foot": { "offsetX": 0.0, "offsetY": 0.0, "offsetZ": 0.0, "rotationX": 0.0, "rotationY": 0.0, "rotationZ": -6.0 },
						"L front leg": { "offsetX": 0.0, "offsetY": -0.800000011920929, "offsetZ": 0.0, "rotationX": 0.0, "rotationY": 0.0, "rotationZ": 14.0 },
						"L front foot": { "offsetX": 0.0, "offsetY": 0.0, "offsetZ": 0.0, "rotationX": 0.0, "rotationY": 0.0, "rotationZ": 0.0 },
						"R back leg": { "offsetX": 0.800000011920929, "offsetY": -2.400000035762787, "offsetZ": 0.0, "rotationX": 2.0, "rotationY": -1.0, "rotationZ": 14.0 },
						"R back foot": { "offsetX": 0.0, "offsetY": 0.0, "offsetZ": 0.0, "rotationX": 0.0, "rotationY": 0.0, "rotationZ": -2.0 },
						"L back leg": { "offsetX": -3.200000047683716, "offsetY": -1.600000023841858, "offsetZ": 0.0, "rotationX": 0.0, "rotationY": 0.0, "rotationZ": 8.0 },
						"L back foot": { "offsetX": 0.0, "offsetY": 0.0, "offsetZ": 0.0, "rotationX": 0.0, "rotationY": 0.0, "rotationZ": -33.0 },
						"tail": { "offsetX": 0.0, "offsetY": 0.0, "offsetZ": 0.0, "rotationX": 0.0, "rotationY": 0.0, "rotationZ": 14.0 }
					}
				},
				{
					"frame": 75,
					"elements": {
						"Body": { "offsetX": 0.0, "offsetY": 0.0, "offsetZ": 0.0, "rotationX": 0.0, "rotationY": 0.0, "rotationZ": 0.0 },
						"neck": { "offsetX": 0.0, "offsetY": 2.0, "offsetZ": 0.0, "rotationX": 2.0, "rotationY": 0.0, "rotationZ": 6.0 },
						"head": { "offsetX": 0.0, "offsetY": 0.0, "offsetZ": 0.0, "rotationX": 0.0, "rotationY": 0.0, "rotationZ": -8.0 },
						"R front leg": { "offsetX": -1.600000023841858, "offsetY": 0.0, "offsetZ": 0.0, "rotationX": 0.0, "rotationY": 0.0, "rotationZ": -6.0 },
						"R front foot": { "offsetX": 0.0, "offsetY": 0.0, "offsetZ": 0.0, "rotationX": 0.0, "rotationY": 0.0, "rotationZ": -6.0 },
						"L front leg": { "offsetX": 0.0, "offsetY": 0.0, "offsetZ": 0.0, "rotationX": 0.0, "rotationY": 0.0, "rotationZ": -8.0 },
						"L front foot": { "offsetX": 0.0, "offsetY": 0.0, "offsetZ": 0.0, "rotationX": 0.0, "rotationY": 0.0, "rotationZ": 30.0 },
						"R back leg": { "offsetX": 0.0, "offsetY": -1.600000023841858, "offsetZ": 0.0, "rotationX": 0.0, "rotationY": 0.0, "rotationZ": 17.0 },
						"R back foot": { "offsetX": 0.0, "offsetY": 0.0, "offsetZ": 0.0, "rotationX": 0.0, "rotationY": 0.0, "rotationZ": -19.0 },
						"tail": { "offsetX": 0.0, "offsetY": 0.0, "offsetZ": 0.0, "rotationX": 0.0, "rotationY": 0.0, "rotationZ": 11.0 }
					}
				}
			]
		},

		{
			"name": "Run",
			"code": "run",
			"quantityframes": 40,
			"onActivityStopped": "Rewind",
			"onAnimationEnd": "Repeat",
			"keyframes": [
				{
					"frame": 0,
					"elements": {
						"Body": { "offsetX": 6.400000095367432, "offsetY": -4.800000071525574, "offsetZ": 0.0, "rotationX": 0.0, "rotationY": 0.0, "rotationZ": -6.0 },
						"neck": { "offsetX": 2.0, "offsetY": 0.0, "offsetZ": 0.0, "rotationX": 0.0, "rotationY": 0.0, "rotationZ": 11.0 },
						"head": { "offsetX": 0.0, "offsetY": 0.0, "offsetZ": 0.0, "rotationX": 0.0, "rotationY": 0.0, "rotationZ": 6.0 },
						"L ear": { "offsetX": 0.0, "offsetY": 0.0, "offsetZ": 0.0, "rotationX": 0.0, "rotationY": 0.0, "rotationZ": 0.0 },
						"R ear": { "offsetX": 0.0, "offsetY": 0.0, "offsetZ": 0.0, "rotationX": 0.0, "rotationY": 0.0, "rotationZ": 0.0 },
						"TOp": { "rotationX": 0.0, "rotationY": 0.0, "rotationZ": -6.0 },
						"R front leg": { "offsetX": -1.600000023841858, "offsetY": 3.200000047683716, "offsetZ": 0.0, "rotationX": 0.0, "rotationY": 0.0, "rotationZ": -13.0 },
						"R front foot": { "offsetX": 0.0, "offsetY": 0.0, "offsetZ": 0.0, "rotationX": 0.0, "rotationY": 0.0, "rotationZ": 30.0 },
						"L front leg": { "offsetX": -1.600000023841858, "offsetY": 3.200000047683716, "offsetZ": 0.0, "rotationX": 0.0, "rotationY": 0.0, "rotationZ": -13.0 },
						"L front foot": { "offsetX": 0.0, "offsetY": 0.0, "offsetZ": 0.0, "rotationX": 0.0, "rotationY": 0.0, "rotationZ": 11.0 },
						"R back leg": { "offsetX": 1.600000023841858, "offsetY": 3.200000047683716, "offsetZ": 0.0, "rotationX": 0.0, "rotationY": 0.0, "rotationZ": 39.0 },
						"R back foot": { "offsetX": 0.0, "offsetY": 0.0, "offsetZ": 0.0, "rotationX": 0.0, "rotationY": 0.0, "rotationZ": -44.0 },
						"L back leg": { "offsetX": 1.600000023841858, "offsetY": 4.000000059604645, "offsetZ": 0.0, "rotationX": 0.0, "rotationY": 0.0, "rotationZ": 19.0 },
						"L back foot": { "offsetX": 0.0, "offsetY": 0.0, "offsetZ": 0.0, "rotationX": 0.0, "rotationY": 0.0, "rotationZ": -36.0 },
						"tail": { "offsetX": 0.0, "offsetY": 0.0, "offsetZ": 0.0, "rotationX": 0.0, "rotationY": 0.0, "rotationZ": 19.0 },
						"hair_R": { "rotationX": 0.0, "rotationY": 0.0, "rotationZ": 0.0 }
					}
				},
				{
					"frame": 10,
					"elements": {
						"Body": { "offsetX": -3.200000047683716, "offsetY": 0.0, "offsetZ": 0.0, "rotationX": 0.0, "rotationY": 0.0, "rotationZ": 0.0 },
						"neck": { "offsetX": 2.0, "offsetY": 4.0, "offsetZ": 0.0, "rotationX": 0.0, "rotationY": 0.0, "rotationZ": 19.0 },
						"head": { "offsetX": 0.0, "offsetY": 0.0, "offsetZ": 0.0, "rotationX": 0.0, "rotationY": 0.0, "rotationZ": -6.0 },
						"R ear": { "offsetX": 0.0, "offsetY": 0.0, "offsetZ": 0.0, "rotationX": -30.0, "rotationY": -14.0, "rotationZ": -22.0 },
						"L ear": { "offsetX": 0.0, "offsetY": 0.0, "offsetZ": 0.0, "rotationX": 30.0, "rotationY": 14.0, "rotationZ": -22.0 },
						"TOp": { "rotationX": 0.0, "rotationY": 0.0, "rotationZ": -17.0 },
						"R front leg": { "offsetX": 0.0, "offsetY": 0.0, "offsetZ": 0.0, "rotationX": 0.0, "rotationY": 0.0, "rotationZ": 30.0 },
						"R front foot": { "offsetX": 0.0, "offsetY": 0.0, "offsetZ": 0.0, "rotationX": 0.0, "rotationY": 0.0, "rotationZ": 50.0 },
						"L front leg": { "offsetX": 0.0, "offsetY": 0.0, "offsetZ": 0.0, "rotationX": 0.0, "rotationY": 0.0, "rotationZ": 17.0 },
						"L front foot": { "offsetX": 0.0, "offsetY": 0.0, "offsetZ": 0.0, "rotationX": 0.0, "rotationY": 0.0, "rotationZ": 28.0 },
						"R back leg": { "offsetX": 0.0, "offsetY": 0.0, "offsetZ": 0.0, "rotationX": 0.0, "rotationY": 0.0, "rotationZ": 42.0 },
						"R back foot": { "offsetX": 0.0, "offsetY": 0.0, "offsetZ": 0.0, "rotationX": 0.0, "rotationY": 0.0, "rotationZ": -6.0 },
						"L back leg": { "offsetX": 0.0, "offsetY": 0.0, "offsetZ": 0.0, "rotationX": 0.0, "rotationY": 0.0, "rotationZ": 30.0 },
						"L back foot": { "offsetX": 0.0, "offsetY": 0.0, "offsetZ": 0.0, "rotationX": 0.0, "rotationY": 0.0, "rotationZ": -11.0 },
						"tail": { "offsetX": 0.0, "offsetY": 0.0, "offsetZ": 0.0, "rotationX": 0.0, "rotationY": 0.0, "rotationZ": 0.0 }
					}
				},
				{
					"frame": 12,
					"elements": {
						"hair_R": { "rotationX": 0.0, "rotationY": 0.0, "rotationZ": 8.0 }
					}
				},
				{
					"frame": 20,
					"elements": {
						"Body": { "offsetX": -4.800000071525574, "offsetY": 0.0, "offsetZ": 0.0, "rotationX": 0.0, "rotationY": 0.0, "rotationZ": 6.0 },
						"neck": { "rotationX": 0.0, "rotationY": 0.0, "rotationZ": 30.0 },
						"head": { "offsetX": 0.0, "offsetY": 0.0, "offsetZ": 0.0, "rotationX": 0.0, "rotationY": 0.0, "rotationZ": 0.0 },
						"R ear": { "offsetX": 0.0, "offsetY": 0.0, "offsetZ": 0.0, "rotationX": -18.0, "rotationY": -8.4, "rotationZ": -13.2 },
						"L ear": { "offsetX": 0.0, "offsetY": 0.0, "offsetZ": 0.0, "rotationX": 18.0, "rotationY": 8.4, "rotationZ": -13.2 },
						"R front leg": { "offsetX": 0.0, "offsetY": 0.0, "offsetZ": 0.0, "rotationX": 0.0, "rotationY": 0.0, "rotationZ": -47.0 },
						"R front foot": { "offsetX": 0.0, "offsetY": 0.0, "offsetZ": 0.0, "rotationX": 0.0, "rotationY": 0.0, "rotationZ": 80.0 },
						"L front leg": { "offsetX": 0.0, "offsetY": 0.0, "offsetZ": 0.0, "rotationX": 0.0, "rotationY": 0.0, "rotationZ": -8.0 },
						"L front foot": { "offsetX": 0.0, "offsetY": 0.0, "offsetZ": 0.0, "rotationX": 0.0, "rotationY": 0.0, "rotationZ": 61.0 },
						"R back leg": { "offsetX": 0.0, "offsetY": 1.600000023841858, "offsetZ": 0.0, "rotationX": 0.0, "rotationY": 0.0, "rotationZ": 28.0 },
						"R back foot": { "offsetX": 0.0, "offsetY": 0.0, "offsetZ": 0.0, "rotationX": 0.0, "rotationY": 0.0, "rotationZ": -61.0 },
						"L back leg": { "offsetX": 0.0, "offsetY": 1.600000023841858, "offsetZ": 0.0, "rotationX": 0.0, "rotationY": 0.0, "rotationZ": 36.0 },
						"L back foot": { "offsetX": 0.0, "offsetY": 0.0, "offsetZ": 0.0, "rotationX": 0.0, "rotationY": 0.0, "rotationZ": -55.0 },
						"tail": { "offsetX": 0.0, "offsetY": 0.0, "offsetZ": 0.0, "rotationX": 0.0, "rotationY": 0.0, "rotationZ": 17.0 }
					}
				},
				{
					"frame": 30,
					"elements": {
						"Body": { "offsetX": -4.800000071525574, "offsetY": -3.200000047683716, "offsetZ": 0.0, "rotationX": 0.0, "rotationY": 0.0, "rotationZ": 6.0 },
						"neck": { "offsetX": 4.0, "offsetY": 6.0, "offsetZ": 0.0, "rotationX": 0.0, "rotationY": 0.0, "rotationZ": 28.0 },
						"head": { "offsetX": 0.0, "offsetY": 0.0, "offsetZ": 0.0, "rotationX": 0.0, "rotationY": 0.0, "rotationZ": -11.0 },
						"R ear": { "offsetX": 0.0, "offsetY": 0.0, "offsetZ": 0.0, "rotationX": -7.714, "rotationY": -3.6, "rotationZ": -5.657 },
						"L ear": { "offsetX": 0.0, "offsetY": 0.0, "offsetZ": 0.0, "rotationX": 7.714, "rotationY": 3.6, "rotationZ": -5.657 },
						"R front leg": { "offsetX": -1.600000023841858, "offsetY": 1.600000023841858, "offsetZ": 0.0, "rotationX": 0.0, "rotationY": 0.0, "rotationZ": -53.0 },
						"R front foot": { "offsetX": 0.0, "offsetY": 0.0, "offsetZ": 0.0, "rotationX": 0.0, "rotationY": 0.0, "rotationZ": 17.0 },
						"L front leg": { "offsetX": -1.600000023841858, "offsetY": 1.600000023841858, "offsetZ": 0.0, "rotationX": 0.0, "rotationY": 0.0, "rotationZ": -47.0 },
						"L front foot": { "offsetX": 0.0, "offsetY": 0.0, "offsetZ": 0.0, "rotationX": 0.0, "rotationY": 0.0, "rotationZ": 28.0 },
						"R back leg": { "offsetX": -1.600000023841858, "offsetY": 1.600000023841858, "offsetZ": 0.0, "rotationX": 0.0, "rotationY": 0.0, "rotationZ": -17.0 },
						"R back foot": { "offsetX": 0.0, "offsetY": 0.0, "offsetZ": 0.0, "rotationX": 0.0, "rotationY": 0.0, "rotationZ": -30.0 },
						"L back leg": { "offsetX": -1.600000023841858, "offsetY": 1.600000023841858, "offsetZ": 0.0, "rotationX": 0.0, "rotationY": 0.0, "rotationZ": 8.0 },
						"L back foot": { "offsetX": 0.0, "offsetY": 0.0, "offsetZ": 0.0, "rotationX": 0.0, "rotationY": 0.0, "rotationZ": -36.0 },
						"tail": { "offsetX": 0.0, "offsetY": 0.0, "offsetZ": 0.0, "rotationX": 0.0, "rotationY": 0.0, "rotationZ": 8.0 }
					}
				}
			]
		},

		{
			"name": "Look",
			"code": "look",
			"quantityframes": 160,
			"onActivityStopped": "EaseOut",
			"onAnimationEnd": "Stop",
			"keyframes": [
				{
					"frame": 0,
					"elements": {
						"Body": { "offsetX": 0.0, "offsetY": 0.0, "offsetZ": 0.0, "rotationX": 0.0, "rotationY": 0.0, "rotationZ": 0.0 },
						"neck": { "offsetX": 0.0, "offsetY": 0.0, "offsetZ": 0.0, "rotationX": 0.0, "rotationY": 0.0, "rotationZ": 0.0 },
						"head": { "offsetX": 0.0, "offsetY": 0.0, "offsetZ": 0.0, "rotationX": 0.0, "rotationY": 0.0, "rotationZ": 0.0 },
						"R front leg": { "offsetX": 0.0, "offsetY": 0.0, "offsetZ": 0.0, "rotationX": 0.0, "rotationY": 0.0, "rotationZ": 0.0 },
						"R front foot": { "offsetX": 0.0, "offsetY": 0.0, "offsetZ": 0.0, "rotationX": 0.0, "rotationY": 0.0, "rotationZ": 0.0 },
						"L front leg": { "offsetX": 0.0, "offsetY": 0.0, "offsetZ": 0.0, "rotationX": 0.0, "rotationY": 0.0, "rotationZ": 0.0 },
						"L front foot": { "offsetX": 0.0, "offsetY": 0.0, "offsetZ": 0.0, "rotationX": 0.0, "rotationY": 0.0, "rotationZ": 0.0 },
						"R back leg": { "offsetX": 0.0, "offsetY": 0.0, "offsetZ": 0.0, "rotationX": 0.0, "rotationY": 0.0, "rotationZ": 0.0 },
						"R back foot": { "offsetX": 0.0, "offsetY": 0.0, "offsetZ": 0.0, "rotationX": 0.0, "rotationY": 0.0, "rotationZ": 0.0 },
						"L back leg": { "offsetX": 0.0, "offsetY": 0.0, "offsetZ": 0.0, "rotationX": 0.0, "rotationY": 0.0, "rotationZ": 0.0 },
						"L back foot": { "offsetX": 0.0, "offsetY": 0.0, "offsetZ": 0.0, "rotationX": 0.0, "rotationY": 0.0, "rotationZ": 0.0 },
						"tail": { "offsetX": 0.0, "offsetY": 0.0, "offsetZ": 0.0, "rotationX": 0.0, "rotationY": 0.0, "rotationZ": 0.0 }
					}
				},
				{
					"frame": 25,
					"elements": {
						"Body": { "offsetX": 0.0, "offsetY": 0.0, "offsetZ": 0.0, "rotationX": -2.0, "rotationY": 2.0, "rotationZ": -1.0 },
						"neck": { "offsetX": 0.0, "offsetY": 0.0, "offsetZ": 0.0, "rotationX": 3.0, "rotationY": 19.0, "rotationZ": -2.0 },
						"head": { "offsetX": 0.0, "offsetY": 0.0, "offsetZ": 0.0, "rotationX": -14.0, "rotationY": 2.0, "rotationZ": 0.0 },
						"R front leg": { "offsetX": 0.0, "offsetY": 0.0, "offsetZ": 0.0, "rotationX": 2.0, "rotationY": 0.0, "rotationZ": 1.0 },
						"R front foot": { "offsetX": 0.0, "offsetY": 0.0, "offsetZ": 0.0, "rotationX": 0.0, "rotationY": 0.0, "rotationZ": 0.0 },
						"L front leg": { "offsetX": 0.0, "offsetY": 0.0, "offsetZ": 0.0, "rotationX": 2.0, "rotationY": 0.0, "rotationZ": 1.0 },
						"L front foot": { "offsetX": 0.0, "offsetY": 0.0, "offsetZ": 0.0, "rotationX": 0.0, "rotationY": 0.0, "rotationZ": 0.0 },
						"R back leg": { "offsetX": 0.0, "offsetY": 0.0, "offsetZ": 0.0, "rotationX": 2.0, "rotationY": 0.0, "rotationZ": 1.0 },
						"R back foot": { "offsetX": 0.0, "offsetY": 0.0, "offsetZ": 0.0, "rotationX": 0.0, "rotationY": 0.0, "rotationZ": 0.0 },
						"L back leg": { "offsetX": 0.0, "offsetY": 0.0, "offsetZ": 0.0, "rotationX": 2.0, "rotationY": 0.0, "rotationZ": 1.0 },
						"L back foot": { "offsetX": 0.0, "offsetY": 0.0, "offsetZ": 0.0, "rotationX": 0.0, "rotationY": 0.0, "rotationZ": 0.0 },
						"tail": { "offsetX": 0.0, "offsetY": 0.0, "offsetZ": 0.0, "rotationX": 0.0, "rotationY": 0.0, "rotationZ": 0.0 }
					}
				},
				{
					"frame": 70,
					"elements": {
						"Body": { "offsetX": 0.0, "offsetY": 0.0, "offsetZ": 0.0, "rotationX": -2.0, "rotationY": 2.0, "rotationZ": 0.0 },
						"neck": { "offsetX": 0.0, "offsetY": 0.0, "offsetZ": 0.0, "rotationX": 3.0, "rotationY": 19.0, "rotationZ": -2.0 },
						"head": { "offsetX": 0.0, "offsetY": 0.0, "offsetZ": 0.0, "rotationX": -14.0, "rotationY": 2.0, "rotationZ": 0.0 },
						"R front leg": { "offsetX": 0.0, "offsetY": 0.0, "offsetZ": 0.0, "rotationX": 2.0, "rotationY": 0.0, "rotationZ": 0.0 },
						"R front foot": { "offsetX": 0.0, "offsetY": 0.0, "offsetZ": 0.0, "rotationX": 0.0, "rotationY": 0.0, "rotationZ": 0.0 },
						"L front leg": { "offsetX": 0.0, "offsetY": 0.0, "offsetZ": 0.0, "rotationX": 2.0, "rotationY": 0.0, "rotationZ": 0.0 },
						"L front foot": { "offsetX": 0.0, "offsetY": 0.0, "offsetZ": 0.0, "rotationX": 0.0, "rotationY": 0.0, "rotationZ": 0.0 },
						"R back leg": { "offsetX": 0.0, "offsetY": 0.0, "offsetZ": 0.0, "rotationX": 2.0, "rotationY": 0.0, "rotationZ": 0.0 },
						"R back foot": { "offsetX": 0.0, "offsetY": 0.0, "offsetZ": 0.0, "rotationX": 0.0, "rotationY": 0.0, "rotationZ": 0.0 },
						"L back leg": { "offsetX": 0.0, "offsetY": 0.0, "offsetZ": 0.0, "rotationX": 2.0, "rotationY": 0.0, "rotationZ": 0.0 },
						"L back foot": { "offsetX": 0.0, "offsetY": 0.0, "offsetZ": 0.0, "rotationX": 0.0, "rotationY": 0.0, "rotationZ": 0.0 },
						"tail": { "offsetX": 0.0, "offsetY": 0.0, "offsetZ": 0.0, "rotationX": 0.0, "rotationY": 0.0, "rotationZ": 0.0 }
					}
				},
				{
					"frame": 90,
					"elements": {
						"Body": { "offsetX": 0.0, "offsetY": 0.0, "offsetZ": 0.0, "rotationX": -3.0, "rotationY": 3.0, "rotationZ": -1.0 },
						"neck": { "offsetX": 0.0, "offsetY": 0.0, "offsetZ": 0.0, "rotationX": 2.0, "rotationY": 20.0, "rotationZ": -3.0 },
						"head": { "offsetX": 0.0, "offsetY": 0.0, "offsetZ": 0.0, "rotationX": -22.0, "rotationY": -2.0, "rotationZ": 0.0 },
						"R front leg": { "offsetX": 0.0, "offsetY": 0.0, "offsetZ": 0.0, "rotationX": 3.0, "rotationY": 0.0, "rotationZ": 1.0 },
						"R front foot": { "offsetX": 0.0, "offsetY": 0.0, "offsetZ": 0.0, "rotationX": 0.0, "rotationY": 0.0, "rotationZ": 0.0 },
						"L front leg": { "offsetX": 0.0, "offsetY": 0.0, "offsetZ": 0.0, "rotationX": 3.0, "rotationY": 0.0, "rotationZ": 1.0 },
						"L front foot": { "offsetX": 0.0, "offsetY": 0.0, "offsetZ": 0.0, "rotationX": 0.0, "rotationY": 0.0, "rotationZ": 0.0 },
						"R back leg": { "offsetX": 0.0, "offsetY": 0.0, "offsetZ": 0.0, "rotationX": 3.0, "rotationY": 0.0, "rotationZ": 1.0 },
						"R back foot": { "offsetX": 0.0, "offsetY": 0.0, "offsetZ": 0.0, "rotationX": 0.0, "rotationY": 0.0, "rotationZ": 0.0 },
						"L back leg": { "offsetX": 0.0, "offsetY": 0.0, "offsetZ": 0.0, "rotationX": 3.0, "rotationY": 0.0, "rotationZ": 1.0 },
						"L back foot": { "offsetX": 0.0, "offsetY": 0.0, "offsetZ": 0.0, "rotationX": 0.0, "rotationY": 0.0, "rotationZ": 0.0 },
						"tail": { "offsetX": 0.0, "offsetY": 0.0, "offsetZ": 0.0, "rotationX": 0.0, "rotationY": 0.0, "rotationZ": 0.0 }
					}
				},
				{
					"frame": 135,
					"elements": {
						"Body": { "offsetX": 0.0, "offsetY": 0.0, "offsetZ": 0.0, "rotationX": -3.0, "rotationY": 3.0, "rotationZ": 0.0 },
						"neck": { "offsetX": 0.0, "offsetY": 0.0, "offsetZ": 0.0, "rotationX": 2.0, "rotationY": 20.0, "rotationZ": -3.0 },
						"head": { "offsetX": 0.0, "offsetY": 0.0, "offsetZ": 0.0, "rotationX": -22.0, "rotationY": -2.0, "rotationZ": 0.0 },
						"R front leg": { "offsetX": 0.0, "offsetY": 0.0, "offsetZ": 0.0, "rotationX": 3.0, "rotationY": 0.0, "rotationZ": 0.0 },
						"R front foot": { "offsetX": 0.0, "offsetY": 0.0, "offsetZ": 0.0, "rotationX": 0.0, "rotationY": 0.0, "rotationZ": 0.0 },
						"L front leg": { "offsetX": 0.0, "offsetY": 0.0, "offsetZ": 0.0, "rotationX": 3.0, "rotationY": 0.0, "rotationZ": 0.0 },
						"L front foot": { "offsetX": 0.0, "offsetY": 0.0, "offsetZ": 0.0, "rotationX": 0.0, "rotationY": 0.0, "rotationZ": 0.0 },
						"R back leg": { "offsetX": 0.0, "offsetY": 0.0, "offsetZ": 0.0, "rotationX": 3.0, "rotationY": 0.0, "rotationZ": 0.0 },
						"R back foot": { "offsetX": 0.0, "offsetY": 0.0, "offsetZ": 0.0, "rotationX": 0.0, "rotationY": 0.0, "rotationZ": 0.0 },
						"L back leg": { "offsetX": 0.0, "offsetY": 0.0, "offsetZ": 0.0, "rotationX": 3.0, "rotationY": 0.0, "rotationZ": 0.0 },
						"L back foot": { "offsetX": 0.0, "offsetY": 0.0, "offsetZ": 0.0, "rotationX": 0.0, "rotationY": 0.0, "rotationZ": 0.0 },
						"tail": { "offsetX": 0.0, "offsetY": 0.0, "offsetZ": 0.0, "rotationX": 0.0, "rotationY": 0.0, "rotationZ": 0.0 }
					}
				}
			]
		},

		{
			"name": "Idle",
			"code": "idle",
			"quantityframes": 80,
			"onActivityStopped": "EaseOut",
			"onAnimationEnd": "Repeat",
			"keyframes": [
				{
					"frame": 0,
					"elements": {
						"Body": { "offsetX": 0.0, "offsetY": 0.0, "offsetZ": 0.0, "rotationX": 0.0, "rotationY": 0.0, "rotationZ": 0.0 },
						"neck": { "offsetX": 0.0, "offsetY": 0.0, "offsetZ": 0.0, "rotationX": 0.0, "rotationY": 0.0, "rotationZ": 0.0 },
						"head": { "offsetX": 0.0, "offsetY": 0.0, "offsetZ": 0.0, "rotationX": 0.0, "rotationY": 0.0, "rotationZ": 0.0 },
						"R ear": { "offsetX": 0.0, "offsetY": 0.0, "offsetZ": 0.0, "rotationX": 0.0, "rotationY": 0.0, "rotationZ": 0.0 },
						"L ear": { "offsetX": 0.0, "offsetY": 0.0, "offsetZ": 0.0, "rotationX": 0.0, "rotationY": 0.0, "rotationZ": 0.0 },
						"R front leg": { "offsetX": 0.0, "offsetY": 0.0, "offsetZ": 0.0, "rotationX": 0.0, "rotationY": 0.0, "rotationZ": 1.0 },
						"R front foot": { "offsetX": 0.0, "offsetY": 0.0, "offsetZ": 0.0, "rotationX": 0.0, "rotationY": 0.0, "rotationZ": -1.0 },
						"L front leg": { "offsetX": 0.0, "offsetY": 0.0, "offsetZ": 0.0, "rotationX": 0.0, "rotationY": 0.0, "rotationZ": 1.0 },
						"L front foot": { "offsetX": 0.0, "offsetY": 0.0, "offsetZ": 0.0, "rotationX": 0.0, "rotationY": 0.0, "rotationZ": -1.0 },
						"R back leg": { "offsetX": 0.0, "offsetY": 0.0, "offsetZ": 0.0, "rotationX": 0.0, "rotationY": 0.0, "rotationZ": 0.0 },
						"R back foot": { "offsetX": 0.0, "offsetY": 0.0, "offsetZ": 0.0, "rotationX": 0.0, "rotationY": 0.0, "rotationZ": 0.0 },
						"L back leg": { "offsetX": 0.0, "offsetY": 0.0, "offsetZ": 0.0, "rotationX": 0.0, "rotationY": 0.0, "rotationZ": 0.0 },
						"L back foot": { "offsetX": 0.0, "offsetY": 0.0, "offsetZ": 0.0, "rotationX": 0.0, "rotationY": 0.0, "rotationZ": 0.0 },
						"tail": { "offsetX": 0.0, "offsetY": 0.0, "offsetZ": 0.0, "rotationX": 0.0, "rotationY": 0.0, "rotationZ": 0.0 }
					}
				},
				{
					"frame": 40,
					"elements": {
						"Body": { "offsetX": 0.0, "offsetY": 0.0, "offsetZ": 0.0, "rotationX": 0.0, "rotationY": 0.0, "rotationZ": -1.0 },
						"neck": { "offsetX": 0.0, "offsetY": 0.0, "offsetZ": 0.0, "rotationX": 0.0, "rotationY": 0.0, "rotationZ": -1.0 },
						"head": { "offsetX": 0.0, "offsetY": 0.0, "offsetZ": 0.0, "rotationX": 0.0, "rotationY": 0.0, "rotationZ": 3.0 },
						"R ear": { "offsetX": 0.0, "offsetY": 0.0, "offsetZ": 0.0, "rotationX": 0.0, "rotationY": -11.0, "rotationZ": 0.0 },
						"L ear": { "offsetX": 0.0, "offsetY": 0.0, "offsetZ": 0.0, "rotationX": 0.0, "rotationY": 11.0, "rotationZ": 0.0 },
						"R front leg": { "offsetX": 0.0, "offsetY": 0.0, "offsetZ": 0.0, "rotationX": 0.0, "rotationY": 0.0, "rotationZ": 2.0 },
						"R front foot": { "offsetX": 0.0, "offsetY": 0.0, "offsetZ": 0.0, "rotationX": 0.0, "rotationY": 0.0, "rotationZ": 0.0 },
						"L front leg": { "offsetX": 0.0, "offsetY": 0.0, "offsetZ": 0.0, "rotationX": 0.0, "rotationY": 0.0, "rotationZ": 2.0 },
						"L front foot": { "offsetX": 0.0, "offsetY": 0.0, "offsetZ": 0.0, "rotationX": 0.0, "rotationY": 0.0, "rotationZ": 0.0 },
						"R back leg": { "offsetX": 0.0, "offsetY": 0.0, "offsetZ": 0.0, "rotationX": 0.0, "rotationY": 0.0, "rotationZ": 2.0 },
						"R back foot": { "offsetX": 0.0, "offsetY": 0.0, "offsetZ": 0.0, "rotationX": 0.0, "rotationY": 0.0, "rotationZ": -1.0 },
						"L back leg": { "offsetX": 0.0, "offsetY": 0.0, "offsetZ": 0.0, "rotationX": 0.0, "rotationY": 0.0, "rotationZ": 2.0 },
						"L back foot": { "offsetX": 0.0, "offsetY": 0.0, "offsetZ": 0.0, "rotationX": 0.0, "rotationY": 0.0, "rotationZ": -1.0 },
						"tail": { "offsetX": 0.0, "offsetY": 0.0, "offsetZ": 0.0, "rotationX": 0.0, "rotationY": 0.0, "rotationZ": 6.0 }
					}
				}
			]
		},

		{
			"name": "Death",
			"code": "death",
			"quantityframes": 120,
			"onActivityStopped": "Stop",
			"onAnimationEnd": "Hold",
			"keyframes": [
				{
					"frame": 0,
					"elements": {
						"Body": { "offsetX": 0.0, "offsetY": 0.0, "offsetZ": 0.0, "rotationX": 0.0, "rotationY": 0.0, "rotationZ": 0.0 },
						"neck": { "offsetX": 0.0, "offsetY": 0.0, "offsetZ": 0.0, "rotationX": 0.0, "rotationY": 0.0, "rotationZ": 0.0 },
						"head": { "offsetX": 0.0, "offsetY": 0.0, "offsetZ": 0.0, "rotationX": 0.0, "rotationY": 0.0, "rotationZ": 0.0 },
						"R ear": { "offsetX": 0.0, "offsetY": 0.0, "offsetZ": 0.0, "rotationX": 0.0, "rotationY": 0.0, "rotationZ": 0.0 },
						"L ear": { "offsetX": 0.0, "offsetY": 0.0, "offsetZ": 0.0, "rotationX": 0.0, "rotationY": 0.0, "rotationZ": 0.0 },
						"R front leg": { "offsetX": 0.0, "offsetY": 0.0, "offsetZ": 0.0, "rotationX": 0.0, "rotationY": 0.0, "rotationZ": 0.0 },
						"R front foot": { "offsetX": 0.0, "offsetY": 0.0, "offsetZ": 0.0, "rotationX": 0.0, "rotationY": 0.0, "rotationZ": 0.0 },
						"L front leg": { "offsetX": 0.0, "offsetY": 0.0, "offsetZ": 0.0, "rotationX": 0.0, "rotationY": 0.0, "rotationZ": 0.0 },
						"L front foot": { "offsetX": 0.0, "offsetY": 0.0, "offsetZ": 0.0, "rotationX": 0.0, "rotationY": 0.0, "rotationZ": 0.0 },
						"R back leg": { "offsetX": 0.0, "offsetY": 0.0, "offsetZ": 0.0, "rotationX": 0.0, "rotationY": 0.0, "rotationZ": 0.0 },
						"R back foot": { "offsetX": 0.0, "offsetY": 0.0, "offsetZ": 0.0, "rotationX": 0.0, "rotationY": 0.0, "rotationZ": 0.0 },
						"L back leg": { "offsetX": 0.0, "offsetY": 0.0, "offsetZ": 0.0, "rotationX": 0.0, "rotationY": 0.0, "rotationZ": 0.0 },
						"L back foot": { "offsetX": 0.0, "offsetY": 0.0, "offsetZ": 0.0, "rotationX": 0.0, "rotationY": 0.0, "rotationZ": 0.0 },
						"tail": { "offsetX": 0.0, "offsetY": 0.0, "offsetZ": 0.0, "rotationX": 0.0, "rotationY": 0.0, "rotationZ": 0.0 }
					}
				},
				{
					"frame": 10,
					"elements": {
						"Body": { "offsetX": 3.200000047683716, "offsetY": 0.0, "offsetZ": 0.0, "rotationX": -4.0, "rotationY": -4.0, "rotationZ": -8.0 },
						"neck": { "offsetX": 0.0, "offsetY": -3.200000047683716, "offsetZ": 0.0, "rotationX": 2.0, "rotationY": 4.0, "rotationZ": -3.0 },
						"head": { "offsetX": 0.0, "offsetY": 0.0, "offsetZ": 0.0, "rotationX": -2.0, "rotationY": -3.0, "rotationZ": 25.0 },
						"R ear": { "offsetX": 0.0, "offsetY": 0.0, "offsetZ": 0.0, "rotationX": 6.0, "rotationY": -19.0, "rotationZ": 6.0 },
						"L ear": { "offsetX": 0.0, "offsetY": 0.0, "offsetZ": 0.0, "rotationX": -6.0, "rotationY": 19.0, "rotationZ": 6.0 },
						"R front leg": { "offsetX": 0.0, "offsetY": -0.800000011920929, "offsetZ": 0.0, "rotationX": 4.0, "rotationY": 0.0, "rotationZ": 4.0 },
						"R front foot": { "offsetX": 0.0, "offsetY": 0.0, "offsetZ": 0.0, "rotationX": 0.0, "rotationY": 0.0, "rotationZ": 0.0 },
						"L front leg": { "offsetX": 0.0, "offsetY": -1.600000023841858, "offsetZ": 0.0, "rotationX": 0.0, "rotationY": 0.0, "rotationZ": 4.0 },
						"L front foot": { "offsetX": 0.0, "offsetY": 0.0, "offsetZ": 0.0, "rotationX": 0.0, "rotationY": 0.0, "rotationZ": 0.0 },
						"R back leg": { "offsetX": 0.0, "offsetY": 1.600000023841858, "offsetZ": 0.0, "rotationX": 2.0, "rotationY": 0.0, "rotationZ": 6.0 },
						"R back foot": { "offsetX": 0.0, "offsetY": 0.0, "offsetZ": 0.0, "rotationX": 0.0, "rotationY": 0.0, "rotationZ": -12.0 },
						"L back leg": { "offsetX": 0.0, "offsetY": 1.600000023841858, "offsetZ": 0.0, "rotationX": 0.0, "rotationY": 0.0, "rotationZ": 7.0 },
						"L back foot": { "offsetX": 0.0, "offsetY": 0.0, "offsetZ": 0.0, "rotationX": 0.0, "rotationY": 0.0, "rotationZ": -10.0 },
						"tail": { "offsetX": 0.0, "offsetY": 0.0, "offsetZ": 0.0, "rotationX": 0.0, "rotationY": 0.0, "rotationZ": 58.0 }
					}
				},
				{
					"frame": 45,
					"elements": {
						"Body": { "offsetX": 1.600000023841858, "offsetY": 0.0, "offsetZ": 0.0, "rotationX": 3.0, "rotationY": 6.0, "rotationZ": 2.0 },
						"neck": { "offsetX": 0.0, "offsetY": -3.200000047683716, "offsetZ": 0.0, "rotationX": 3.0, "rotationY": 5.0, "rotationZ": -1.0 },
						"head": { "offsetX": 0.0, "offsetY": 0.0, "offsetZ": 0.0, "rotationX": -3.0, "rotationY": -7.0, "rotationZ": 27.0 },
						"R ear": { "offsetX": 0.0, "offsetY": 0.0, "offsetZ": 0.0, "rotationX": 0.0, "rotationY": -8.0, "rotationZ": 3.0 },
						"L ear": { "offsetX": 0.0, "offsetY": 0.0, "offsetZ": 0.0, "rotationX": 0.0, "rotationY": 8.0, "rotationZ": 3.0 },
						"R front leg": { "offsetX": 0.0, "offsetY": 0.800000011920929, "offsetZ": 0.0, "rotationX": 4.0, "rotationY": 2.0, "rotationZ": 3.0 },
						"R front foot": { "offsetX": 0.0, "offsetY": 0.0, "offsetZ": 0.0, "rotationX": 0.0, "rotationY": 0.0, "rotationZ": 6.0 },
						"L front leg": { "offsetX": 0.0, "offsetY": 0.0, "offsetZ": 0.0, "rotationX": -4.0, "rotationY": 4.0, "rotationZ": -8.0 },
						"L front foot": { "offsetX": 0.0, "offsetY": 0.0, "offsetZ": 0.0, "rotationX": -4.0, "rotationY": 0.0, "rotationZ": 8.0 },
						"R back leg": { "offsetX": 0.0, "offsetY": -0.800000011920929, "offsetZ": 0.0, "rotationX": -6.0, "rotationY": 4.0, "rotationZ": 0.0 },
						"R back foot": { "offsetX": 0.0, "offsetY": 0.0, "offsetZ": 0.0, "rotationX": 0.0, "rotationY": 0.0, "rotationZ": -8.0 },
						"L back leg": { "offsetX": 0.0, "offsetY": -0.800000011920929, "offsetZ": 0.0, "rotationX": -10.0, "rotationY": 10.0, "rotationZ": -8.0 },
						"L back foot": { "offsetX": 0.0, "offsetY": -0.800000011920929, "offsetZ": 0.0, "rotationX": 0.0, "rotationY": 0.0, "rotationZ": -6.0 },
						"tail": { "offsetX": 0.0, "offsetY": 0.0, "offsetZ": 0.0, "rotationX": 0.0, "rotationY": 0.0, "rotationZ": 47.0 }
					}
				},
				{
					"frame": 70,
					"elements": {
						"Body": { "offsetX": -3.200000047683716, "offsetY": 6.400000095367432, "offsetZ": -14.400000214576721, "rotationX": -75.0, "rotationY": 6.0, "rotationZ": 40.0 },
						"neck": { "offsetX": 0.0, "offsetY": -1.600000023841858, "offsetZ": 0.0, "rotationX": -8.0, "rotationY": -8.0, "rotationZ": 14.0 },
						"head": { "offsetX": 0.0, "offsetY": 0.0, "offsetZ": 0.0, "rotationX": 25.0, "rotationY": 22.0, "rotationZ": -3.0 },
						"R ear": { "offsetX": 0.0, "offsetY": 0.0, "offsetZ": 0.0, "rotationX": -19.0, "rotationY": 23.0, "rotationZ": 6.0 },
						"L ear": { "offsetX": 0.0, "offsetY": 0.0, "offsetZ": 0.0, "rotationX": 36.0, "rotationY": 17.0, "rotationZ": -28.0 },
						"R front leg": { "offsetX": 0.0, "offsetY": 1.600000023841858, "offsetZ": 0.0, "rotationX": 4.0, "rotationY": 2.0, "rotationZ": 36.0 },
						"R front foot": { "offsetX": 0.0, "offsetY": 0.0, "offsetZ": 0.0, "rotationX": 0.0, "rotationY": 0.0, "rotationZ": 33.0 },
						"L front leg": { "offsetX": 0.0, "offsetY": 1.600000023841858, "offsetZ": 0.0, "rotationX": 19.0, "rotationY": 4.0, "rotationZ": -6.0 },
						"L front foot": { "offsetX": 0.0, "offsetY": 0.0, "offsetZ": 0.0, "rotationX": -4.0, "rotationY": 0.0, "rotationZ": 33.0 },
						"R back leg": { "offsetX": 0.0, "offsetY": -0.800000011920929, "offsetZ": 0.0, "rotationX": -6.0, "rotationY": 22.0, "rotationZ": 14.0 },
						"R back foot": { "offsetX": 0.0, "offsetY": 0.0, "offsetZ": 0.0, "rotationX": 8.0, "rotationY": 0.0, "rotationZ": -33.0 },
						"L back leg": { "offsetX": 0.0, "offsetY": -0.800000011920929, "offsetZ": 0.0, "rotationX": 13.0, "rotationY": 28.0, "rotationZ": -8.0 },
						"L back foot": { "offsetX": 0.0, "offsetY": -0.800000011920929, "offsetZ": 0.0, "rotationX": 0.0, "rotationY": 0.0, "rotationZ": -3.0 },
						"tail": { "offsetX": 0.0, "offsetY": 0.0, "offsetZ": 0.0, "rotationX": 8.0, "rotationY": 36.0, "rotationZ": 36.0 }
					}
				},
				{
					"frame": 72,
					"elements": {
						"Body": { "offsetX": -3.200000047683716, "offsetY": 6.400000095367432, "offsetZ": -14.720000219345092, "rotationX": -73.0, "rotationY": 3.0, "rotationZ": 40.0 },
						"neck": { "offsetX": 0.0, "offsetY": 0.0, "offsetZ": 0.0, "rotationX": -8.0, "rotationY": -8.0, "rotationZ": 14.0 },
						"head": { "offsetX": 0.0, "offsetY": 0.0, "offsetZ": 0.0, "rotationX": 25.0, "rotationY": 22.0, "rotationZ": -3.0 },
						"R ear": { "offsetX": 0.0, "offsetY": 0.0, "offsetZ": 0.0, "rotationX": -19.0, "rotationY": 23.0, "rotationZ": 6.0 },
						"L ear": { "offsetX": 0.0, "offsetY": 0.0, "offsetZ": 0.0, "rotationX": 36.0, "rotationY": 17.0, "rotationZ": -28.0 },
						"R front leg": { "offsetX": 0.0, "offsetY": 1.600000023841858, "offsetZ": 0.0, "rotationX": 4.0, "rotationY": 2.0, "rotationZ": 36.0 },
						"R front foot": { "offsetX": 0.0, "offsetY": 0.0, "offsetZ": 0.0, "rotationX": 0.0, "rotationY": 0.0, "rotationZ": 33.0 },
						"L front leg": { "offsetX": 0.0, "offsetY": 1.600000023841858, "offsetZ": 0.0, "rotationX": 19.0, "rotationY": 4.0, "rotationZ": -6.0 },
						"L front foot": { "offsetX": 0.0, "offsetY": 0.0, "offsetZ": 0.0, "rotationX": -4.0, "rotationY": 0.0, "rotationZ": 33.0 },
						"R back leg": { "offsetX": 0.0, "offsetY": -0.800000011920929, "offsetZ": 0.0, "rotationX": -6.0, "rotationY": 22.0, "rotationZ": 14.0 },
						"R back foot": { "offsetX": 0.0, "offsetY": 0.0, "offsetZ": 0.0, "rotationX": 8.0, "rotationY": 0.0, "rotationZ": -33.0 },
						"L back leg": { "offsetX": 0.0, "offsetY": -0.800000011920929, "offsetZ": 0.0, "rotationX": 13.0, "rotationY": 28.0, "rotationZ": -8.0 },
						"L back foot": { "offsetX": 0.0, "offsetY": -0.800000011920929, "offsetZ": 0.0, "rotationX": 0.0, "rotationY": 0.0, "rotationZ": -3.0 },
						"tail": { "offsetX": 0.0, "offsetY": 0.0, "offsetZ": 0.0, "rotationX": 8.0, "rotationY": 36.0, "rotationZ": 36.0 }
					}
				},
				{
					"frame": 78,
					"elements": {
						"Body": { "offsetX": -3.200000047683716, "offsetY": 6.400000095367432, "offsetZ": -14.400000214576721, "rotationX": -75.0, "rotationY": 6.0, "rotationZ": 40.0 },
						"neck": { "offsetX": 0.0, "offsetY": 0.0, "offsetZ": 0.0, "rotationX": -8.0, "rotationY": -8.0, "rotationZ": 14.0 },
						"head": { "offsetX": 0.0, "offsetY": 0.0, "offsetZ": 0.0, "rotationX": 25.0, "rotationY": 22.0, "rotationZ": -3.0 },
						"R ear": { "offsetX": 0.0, "offsetY": 0.0, "offsetZ": 0.0, "rotationX": -19.0, "rotationY": 23.0, "rotationZ": 6.0 },
						"L ear": { "offsetX": 0.0, "offsetY": 0.0, "offsetZ": 0.0, "rotationX": 36.0, "rotationY": 17.0, "rotationZ": -28.0 },
						"R front leg": { "offsetX": 0.0, "offsetY": 1.600000023841858, "offsetZ": 0.0, "rotationX": 4.0, "rotationY": 2.0, "rotationZ": 36.0 },
						"R front foot": { "offsetX": 0.0, "offsetY": 0.0, "offsetZ": 0.0, "rotationX": 0.0, "rotationY": 0.0, "rotationZ": 33.0 },
						"L front leg": { "offsetX": 0.0, "offsetY": 1.600000023841858, "offsetZ": 0.0, "rotationX": 19.0, "rotationY": 4.0, "rotationZ": -6.0 },
						"L front foot": { "offsetX": 0.0, "offsetY": 0.0, "offsetZ": 0.0, "rotationX": -4.0, "rotationY": 0.0, "rotationZ": 33.0 },
						"R back leg": { "offsetX": 0.0, "offsetY": -0.800000011920929, "offsetZ": 0.0, "rotationX": -6.0, "rotationY": 22.0, "rotationZ": 14.0 },
						"R back foot": { "offsetX": 0.0, "offsetY": 0.0, "offsetZ": 0.0, "rotationX": 8.0, "rotationY": 0.0, "rotationZ": -33.0 },
						"L back leg": { "offsetX": 0.0, "offsetY": -0.800000011920929, "offsetZ": 0.0, "rotationX": 13.0, "rotationY": 28.0, "rotationZ": -8.0 },
						"L back foot": { "offsetX": 0.0, "offsetY": -0.800000011920929, "offsetZ": 0.0, "rotationX": 0.0, "rotationY": 0.0, "rotationZ": -3.0 },
						"tail": { "offsetX": 0.0, "offsetY": 0.0, "offsetZ": 0.0, "rotationX": 8.0, "rotationY": 36.0, "rotationZ": 36.0 }
					}
				},
				{
					"frame": 119,
					"elements": {
						"Body": { "offsetX": -3.200000047683716, "offsetY": 6.400000095367432, "offsetZ": -14.400000214576721, "rotationX": -75.0, "rotationY": 6.0, "rotationZ": 40.0 },
						"neck": { "offsetX": 0.0, "offsetY": 0.0, "offsetZ": 0.0, "rotationX": -8.0, "rotationY": -8.0, "rotationZ": 14.0 },
						"head": { "offsetX": 0.0, "offsetY": 0.0, "offsetZ": 0.0, "rotationX": 25.0, "rotationY": 22.0, "rotationZ": -3.0 },
						"R ear": { "offsetX": 0.0, "offsetY": 0.0, "offsetZ": 0.0, "rotationX": -19.0, "rotationY": 23.0, "rotationZ": 6.0 },
						"L ear": { "offsetX": 0.0, "offsetY": 0.0, "offsetZ": 0.0, "rotationX": 36.0, "rotationY": 17.0, "rotationZ": -28.0 },
						"R front leg": { "offsetX": 0.0, "offsetY": 1.600000023841858, "offsetZ": 0.0, "rotationX": 4.0, "rotationY": 2.0, "rotationZ": 36.0 },
						"R front foot": { "offsetX": 0.0, "offsetY": 0.0, "offsetZ": 0.0, "rotationX": 0.0, "rotationY": 0.0, "rotationZ": 33.0 },
						"L front leg": { "offsetX": 0.0, "offsetY": 1.600000023841858, "offsetZ": 0.0, "rotationX": 19.0, "rotationY": 4.0, "rotationZ": -6.0 },
						"L front foot": { "offsetX": 0.0, "offsetY": 0.0, "offsetZ": 0.0, "rotationX": -4.0, "rotationY": 0.0, "rotationZ": 33.0 },
						"R back leg": { "offsetX": 0.0, "offsetY": -0.800000011920929, "offsetZ": 0.0, "rotationX": -6.0, "rotationY": 22.0, "rotationZ": 14.0 },
						"R back foot": { "offsetX": 0.0, "offsetY": 0.0, "offsetZ": 0.0, "rotationX": 8.0, "rotationY": 0.0, "rotationZ": -33.0 },
						"L back leg": { "offsetX": 0.0, "offsetY": -0.800000011920929, "offsetZ": 0.0, "rotationX": 13.0, "rotationY": 28.0, "rotationZ": -8.0 },
						"L back foot": { "offsetX": 0.0, "offsetY": -0.800000011920929, "offsetZ": 0.0, "rotationX": 0.0, "rotationY": 0.0, "rotationZ": -3.0 },
						"tail": { "offsetX": 0.0, "offsetY": 0.0, "offsetZ": 0.0, "rotationX": 8.0, "rotationY": 36.0, "rotationZ": 36.0 }
					}
				}
			]
		},

		{
			"name": "Attack",
			"code": "attack",
			"quantityframes": 75,
			"onActivityStopped": "PlayTillEnd",
			"onAnimationEnd": "Stop",
			"keyframes": [
				{
					"frame": 0,
					"elements": {
						"Body": { "offsetX": 0.0, "offsetY": 0.0, "offsetZ": 0.0, "rotationX": 0.0, "rotationY": 0.0, "rotationZ": 0.0 },
						"neck": { "rotationX": 0.0, "rotationY": 0.0, "rotationZ": 0.0 },
						"head": { "offsetX": 0.0, "offsetY": 0.0, "offsetZ": 0.0, "rotationX": 0.0, "rotationY": 0.0, "rotationZ": 0.0 },
						"R ear": { "offsetX": 0.0, "offsetY": 0.0, "offsetZ": 0.0, "rotationX": 0.0, "rotationY": 0.0, "rotationZ": 0.0 },
						"L ear": { "offsetX": 0.0, "offsetY": 0.0, "offsetZ": 0.0, "rotationX": 0.0, "rotationY": 0.0, "rotationZ": 0.0 },
						"R front leg": { "offsetX": 0.0, "offsetY": 0.0, "offsetZ": 0.0, "rotationX": 0.0, "rotationY": 0.0, "rotationZ": 0.0 },
						"R front foot": { "offsetX": 0.0, "offsetY": 0.0, "offsetZ": 0.0, "rotationX": 0.0, "rotationY": 0.0, "rotationZ": 0.0 },
						"L front leg": { "offsetX": 0.0, "offsetY": 0.0, "offsetZ": 0.0, "rotationX": 0.0, "rotationY": 0.0, "rotationZ": 0.0 },
						"L front foot": { "offsetX": 0.0, "offsetY": 0.0, "offsetZ": 0.0, "rotationX": 0.0, "rotationY": 0.0, "rotationZ": 0.0 },
						"R back leg": { "offsetX": 0.0, "offsetY": 0.0, "offsetZ": 0.0, "rotationX": 0.0, "rotationY": 0.0, "rotationZ": 0.0 },
						"R back foot": { "offsetX": 0.0, "offsetY": 0.0, "offsetZ": 0.0, "rotationX": 0.0, "rotationY": 0.0, "rotationZ": 0.0 },
						"L back leg": { "offsetX": 0.0, "offsetY": 0.0, "offsetZ": 0.0, "rotationX": 0.0, "rotationY": 0.0, "rotationZ": 0.0 },
						"L back foot": { "offsetX": 0.0, "offsetY": 0.0, "offsetZ": 0.0, "rotationX": 0.0, "rotationY": 0.0, "rotationZ": 0.0 },
						"tail": { "offsetX": 0.0, "offsetY": 0.0, "offsetZ": 0.0, "rotationX": 0.0, "rotationY": 0.0, "rotationZ": 0.0 }
					}
				},
				{
					"frame": 7,
					"elements": {
						"L front leg": { "offsetX": 0.0, "offsetY": 3.200000047683716, "offsetZ": 0.0 },
						"R back foot": { "offsetX": 0.0, "offsetY": 1.600000023841858, "offsetZ": 0.0 }
					}
				},
				{
					"frame": 15,
					"elements": {
						"R front leg": { "rotationX": 0.0, "rotationY": 0.0, "rotationZ": -16.0 },
						"L front leg": { "rotationX": 0.0, "rotationY": 0.0, "rotationZ": -10.0 },
						"L back leg": { "offsetX": 0.0, "offsetY": 0.0, "offsetZ": 0.0, "rotationX": 0.0, "rotationY": 0.0, "rotationZ": -10.0 },
						"R back foot": { "offsetX": 0.0, "offsetY": 0.0, "offsetZ": 0.0, "rotationX": 0.0, "rotationY": 0.0, "rotationZ": 5.0 }
					}
				},
				{
					"frame": 22,
					"elements": {
						"R front leg": { "offsetX": 0.0, "offsetY": 4.800000071525574, "offsetZ": 0.0 },
						"L back leg": { "offsetX": 0.0, "offsetY": 1.600000023841858, "offsetZ": 0.0 }
					}
				},
				{
					"frame": 30,
					"elements": {
						"Body": { "offsetX": 8.00000011920929, "offsetY": -3.200000047683716, "offsetZ": 0.0, "rotationX": 0.0, "rotationY": 0.0, "rotationZ": 12.0 },
						"neck": { "offsetX": 2.0, "offsetY": 2.0, "offsetZ": 0.0, "rotationX": 0.0, "rotationY": 0.0, "rotationZ": 10.0 },
						"head": { "offsetX": 0.0, "offsetY": 0.0, "offsetZ": 0.0, "rotationX": 0.0, "rotationY": 0.0, "rotationZ": -20.0 },
						"R ear": { "offsetX": 0.0, "offsetY": 0.0, "offsetZ": 0.0, "rotationX": 0.0, "rotationY": -10.0, "rotationZ": 0.0 },
						"L ear": { "offsetX": 0.0, "offsetY": 0.0, "offsetZ": 0.0, "rotationX": 0.0, "rotationY": 10.0, "rotationZ": 0.0 },
						"R front leg": { "offsetX": 0.0, "offsetY": 2.400000035762787, "offsetZ": 0.0, "rotationX": 0.0, "rotationY": 0.0, "rotationZ": 0.0 },
						"R front foot": { "offsetX": 0.0, "offsetY": 0.0, "offsetZ": 0.0, "rotationX": 0.0, "rotationY": 0.0, "rotationZ": 5.0 },
						"L front leg": { "offsetX": 0.0, "offsetY": 2.400000035762787, "offsetZ": 0.0, "rotationX": 0.0, "rotationY": 0.0, "rotationZ": -30.0 },
						"L front foot": { "offsetX": 0.0, "offsetY": 0.0, "offsetZ": 0.0, "rotationX": 0.0, "rotationY": 0.0, "rotationZ": 10.0 },
						"R back leg": { "offsetX": 0.0, "offsetY": -0.800000011920929, "offsetZ": 0.0, "rotationX": 0.0, "rotationY": 0.0, "rotationZ": -10.0 },
						"R back foot": { "offsetX": 0.0, "offsetY": 0.0, "offsetZ": 0.0, "rotationX": 0.0, "rotationY": 0.0, "rotationZ": -5.0 },
						"L back leg": { "offsetX": 0.0, "offsetY": -1.600000023841858, "offsetZ": 0.0, "rotationX": 0.0, "rotationY": 0.0, "rotationZ": 0.0 },
						"L back foot": { "offsetX": 0.0, "offsetY": 0.0, "offsetZ": 0.0, "rotationX": 0.0, "rotationY": 0.0, "rotationZ": 0.0 },
						"tail": { "offsetX": 0.0, "offsetY": 0.0, "offsetZ": 0.0, "rotationX": 0.0, "rotationY": 0.0, "rotationZ": 0.0 }
					}
				},
				{
					"frame": 35,
					"elements": {
						"R front leg": { "offsetX": 0.0, "offsetY": 4.800000071525574, "offsetZ": 0.0 },
						"L back leg": { "offsetX": 0.0, "offsetY": 0.800000011920929, "offsetZ": 0.0 }
					}
				},
				{
					"frame": 38,
					"elements": {
						"Body": { "offsetX": 2.880000042915344, "offsetY": -2.5600000381469727, "offsetZ": 0.0, "rotationX": 0.0, "rotationY": 0.0, "rotationZ": 9.2 },
						"neck": { "offsetX": 2.0, "offsetY": 2.0, "offsetZ": 0.0, "rotationX": 0.0, "rotationY": 0.0, "rotationZ": 18.0 },
						"head": { "offsetX": 0.0, "offsetY": 0.0, "offsetZ": 0.0, "rotationX": 0.0, "rotationY": 0.0, "rotationZ": -2.0 },
						"R ear": { "offsetX": 0.0, "offsetY": 0.0, "offsetZ": 0.0, "rotationX": -10.0, "rotationY": -20.0, "rotationZ": 0.0 },
						"L ear": { "offsetX": 0.0, "offsetY": 0.0, "offsetZ": 0.0, "rotationX": 10.0, "rotationY": 20.0, "rotationZ": 0.0 },
						"R front leg": { "offsetX": 0.0, "offsetY": 3.200000047683716, "offsetZ": 0.0, "rotationX": 0.0, "rotationY": 0.0, "rotationZ": -26.0 },
						"R front foot": { "offsetX": 0.0, "offsetY": 0.0, "offsetZ": 0.0, "rotationX": 0.0, "rotationY": 0.0, "rotationZ": 9.0 },
						"L front leg": { "offsetX": 0.0, "offsetY": 3.200000047683716, "offsetZ": 0.0, "rotationX": 0.0, "rotationY": 0.0, "rotationZ": -15.0 },
						"L front foot": { "offsetX": 0.0, "offsetY": 0.0, "offsetZ": 0.0, "rotationX": 0.0, "rotationY": 0.0, "rotationZ": 14.0 },
						"R back leg": { "offsetX": 0.0, "offsetY": -0.1600000023841858, "offsetZ": 0.0, "rotationX": 0.0, "rotationY": 0.0, "rotationZ": 0.0 },
						"R back foot": { "offsetX": 0.0, "offsetY": 0.0, "offsetZ": 0.0, "rotationX": 0.0, "rotationY": 0.0, "rotationZ": -7.0 },
						"L back leg": { "offsetX": 0.0, "offsetY": 0.0, "offsetZ": 0.0, "rotationX": 0.0, "rotationY": 0.0, "rotationZ": -10.0 },
						"L back foot": { "offsetX": 0.0, "offsetY": 0.0, "offsetZ": 0.0, "rotationX": 0.0, "rotationY": 0.0, "rotationZ": 0.0 },
						"tail": { "offsetX": 0.0, "offsetY": 0.0, "offsetZ": 0.0, "rotationX": 0.0, "rotationY": 0.0, "rotationZ": 0.0 }
					}
				},
				{
					"frame": 42,
					"elements": {
						"L front leg": { "offsetX": 0.0, "offsetY": 4.800000071525574, "offsetZ": 0.0 },
						"R back leg": { "offsetX": 0.0, "offsetY": 1.600000023841858, "offsetZ": 0.0 }
					}
				},
				{
					"frame": 45,
					"elements": {
						"Body": { "offsetX": -4.800000071525574, "offsetY": -1.600000023841858, "offsetZ": 0.0, "rotationX": 0.0, "rotationY": 0.0, "rotationZ": 5.0 },
						"neck": { "offsetX": 2.0, "offsetY": 2.0, "offsetZ": 0.0, "rotationX": 0.0, "rotationY": 0.0, "rotationZ": 19.0 },
						"head": { "offsetX": 0.0, "offsetY": 0.0, "offsetZ": 0.0, "rotationX": 0.0, "rotationY": 0.0, "rotationZ": 25.0 },
						"R ear": { "offsetX": 0.0, "offsetY": 0.0, "offsetZ": 0.0, "rotationX": 0.0, "rotationY": 0.0, "rotationZ": 0.0 },
						"L ear": { "offsetX": 0.0, "offsetY": 0.0, "offsetZ": 0.0, "rotationX": 0.0, "rotationY": 0.0, "rotationZ": 0.0 },
						"R front leg": { "offsetX": 0.0, "offsetY": 2.400000035762787, "offsetZ": 0.0, "rotationX": 0.0, "rotationY": 0.0, "rotationZ": -5.0 },
						"R front foot": { "offsetX": 0.0, "offsetY": 0.0, "offsetZ": 0.0, "rotationX": 0.0, "rotationY": 0.0, "rotationZ": 15.0 },
						"L front leg": { "offsetX": 0.0, "offsetY": 2.400000035762787, "offsetZ": 0.0, "rotationX": 0.0, "rotationY": 0.0, "rotationZ": -30.0 },
						"L front foot": { "offsetX": 0.0, "offsetY": 0.0, "offsetZ": 0.0, "rotationX": 0.0, "rotationY": 0.0, "rotationZ": 20.0 },
						"R back leg": { "offsetX": 0.0, "offsetY": 0.800000011920929, "offsetZ": 0.0, "rotationX": 0.0, "rotationY": 0.0, "rotationZ": -10.0 },
						"R back foot": { "offsetX": 0.0, "offsetY": 0.0, "offsetZ": 0.0, "rotationX": 0.0, "rotationY": 0.0, "rotationZ": -10.0 },
						"L back leg": { "offsetX": 0.0, "offsetY": 0.0, "offsetZ": 0.0, "rotationX": 0.0, "rotationY": 0.0, "rotationZ": 10.0 },
						"L back foot": { "offsetX": 0.0, "offsetY": 0.0, "offsetZ": 0.0, "rotationX": 0.0, "rotationY": 0.0, "rotationZ": 0.0 },
						"tail": { "offsetX": 0.0, "offsetY": 0.0, "offsetZ": 0.0, "rotationX": 0.0, "rotationY": 0.0, "rotationZ": 0.0 }
					}
				},
				{
					"frame": 50,
					"elements": {
						"Body": { "offsetX": -8.00000011920929, "offsetY": -1.600000023841858, "offsetZ": 0.0, "rotationX": 0.0, "rotationY": 0.0, "rotationZ": -10.0 },
						"neck": { "offsetX": 3.0, "offsetY": 2.0, "offsetZ": 0.0, "rotationX": 0.0, "rotationY": 0.0, "rotationZ": 20.0 },
						"head": { "offsetX": 0.0, "offsetY": 0.0, "offsetZ": 0.0, "rotationX": 0.0, "rotationY": 0.0, "rotationZ": 15.0 },
						"R ear": { "offsetX": 0.0, "offsetY": 0.0, "offsetZ": 0.0, "rotationX": 0.0, "rotationY": 0.0, "rotationZ": 0.0 },
						"L ear": { "offsetX": 0.0, "offsetY": 0.0, "offsetZ": 0.0, "rotationX": 0.0, "rotationY": 0.0, "rotationZ": 0.0 },
						"R front leg": { "offsetX": 0.0, "offsetY": -1.600000023841858, "offsetZ": 0.0, "rotationX": 0.0, "rotationY": 0.0, "rotationZ": 15.0 },
						"R front foot": { "offsetX": 0.0, "offsetY": 0.0, "offsetZ": 0.0, "rotationX": 0.0, "rotationY": 0.0, "rotationZ": 15.0 },
						"L front leg": { "offsetX": 0.0, "offsetY": -1.600000023841858, "offsetZ": 0.0, "rotationX": 0.0, "rotationY": 0.0, "rotationZ": 10.0 },
						"L front foot": { "offsetX": 0.0, "offsetY": 0.0, "offsetZ": 0.0, "rotationX": 0.0, "rotationY": 0.0, "rotationZ": 10.0 },
						"R back leg": { "offsetX": 0.0, "offsetY": 1.600000023841858, "offsetZ": 0.0, "rotationX": 0.0, "rotationY": 0.0, "rotationZ": 5.0 },
						"R back foot": { "offsetX": 0.0, "offsetY": 0.0, "offsetZ": 0.0, "rotationX": 0.0, "rotationY": 0.0, "rotationZ": 0.0 },
						"L back leg": { "offsetX": 0.0, "offsetY": 0.0, "offsetZ": 0.0, "rotationX": 0.0, "rotationY": 0.0, "rotationZ": 30.0 },
						"L back foot": { "offsetX": 0.0, "offsetY": 0.0, "offsetZ": 0.0, "rotationX": 0.0, "rotationY": 0.0, "rotationZ": 0.0 },
						"tail": { "offsetX": 0.0, "offsetY": 0.0, "offsetZ": 0.0, "rotationX": 0.0, "rotationY": 0.0, "rotationZ": 0.0 }
					}
				},
				{
					"frame": 57,
					"elements": {
						"L front leg": { "offsetX": 0.0, "offsetY": -0.800000011920929, "offsetZ": 0.0, "rotationX": 0.0, "rotationY": 0.0, "rotationZ": 0.0 }
					}
				},
				{
					"frame": 62,
					"elements": {
						"R back leg": { "offsetX": 0.0, "offsetY": 2.400000035762787, "offsetZ": 0.0 }
					}
				},
				{
					"frame": 65,
					"elements": {
						"L front leg": { "offsetX": 0.0, "offsetY": 0.800000011920929, "offsetZ": 0.0 }
					}
				}
			]
		},

		{
			"name": "Eat",
			"code": "eat",
			"quantityframes": 120,
			"onActivityStopped": "PlayTillEnd",
			"onAnimationEnd": "Stop",
			"keyframes": [
				{
					"frame": 0,
					"elements": {
						"Body": { "offsetX": 0.0, "offsetY": 0.0, "offsetZ": 0.0, "rotationX": 0.0, "rotationY": 0.0, "rotationZ": 0.0 },
						"neck": { "offsetX": 0.0, "offsetY": 0.0, "offsetZ": 0.0, "rotationX": 0.0, "rotationY": 0.0, "rotationZ": 0.0 },
						"head": { "offsetX": 0.0, "offsetY": 0.0, "offsetZ": 0.0, "rotationX": 0.0, "rotationY": 0.0, "rotationZ": 0.0 },
						"mouth down": { "offsetX": 0.0, "offsetY": 0.0, "offsetZ": 0.0, "rotationX": 0.0, "rotationY": 0.0, "rotationZ": 0.0 },
						"R ear": { "offsetX": 0.0, "offsetY": 0.0, "offsetZ": 0.0, "rotationX": 0.0, "rotationY": 0.0, "rotationZ": 0.0 },
						"L ear": { "offsetX": 0.0, "offsetY": 0.0, "offsetZ": 0.0, "rotationX": 0.0, "rotationY": 0.0, "rotationZ": 0.0 },
						"R front leg": { "offsetX": 0.0, "offsetY": 0.0, "offsetZ": 0.0, "rotationX": 0.0, "rotationY": 0.0, "rotationZ": 0.0 },
						"R front foot": { "offsetX": 0.0, "offsetY": 0.0, "offsetZ": 0.0, "rotationX": 0.0, "rotationY": 0.0, "rotationZ": 0.0 },
						"L front leg": { "offsetX": 0.0, "offsetY": 0.0, "offsetZ": 0.0, "rotationX": 0.0, "rotationY": 0.0, "rotationZ": 0.0 },
						"L front foot": { "offsetX": 0.0, "offsetY": 0.0, "offsetZ": 0.0, "rotationX": 0.0, "rotationY": 0.0, "rotationZ": 0.0 },
						"R back leg": { "offsetX": 0.0, "offsetY": 0.0, "offsetZ": 0.0, "rotationX": 0.0, "rotationY": 0.0, "rotationZ": 0.0 },
						"R back foot": { "offsetX": 0.0, "offsetY": 0.0, "offsetZ": 0.0, "rotationX": 0.0, "rotationY": 0.0, "rotationZ": 0.0 },
						"L back leg": { "offsetX": 0.0, "offsetY": 0.0, "offsetZ": 0.0, "rotationX": 0.0, "rotationY": 0.0, "rotationZ": 0.0 },
						"L back foot": { "offsetX": 0.0, "offsetY": 0.0, "offsetZ": 0.0, "rotationX": 0.0, "rotationY": 0.0, "rotationZ": 0.0 },
						"tail": { "offsetX": 0.0, "offsetY": 0.0, "offsetZ": 0.0, "rotationX": 0.0, "rotationY": 0.0, "rotationZ": 0.0 },
						"Front_body": { "rotationX": 0.0, "rotationY": 0.0, "rotationZ": -3.0 }
					}
				},
				{
					"frame": 8,
					"elements": {
						"L back leg": { "offsetX": 0.0, "offsetY": 0.0, "offsetZ": 0.0 }
					}
				},
				{
					"frame": 17,
					"elements": {
						"R front leg": { "offsetX": 0.0, "offsetY": 3.200000047683716, "offsetZ": 0.0 }
					}
				},
				{
					"frame": 35,
					"elements": {
						"Body": { "offsetX": 0.0, "offsetY": -1.600000023841858, "offsetZ": 0.0, "rotationX": -3.0, "rotationY": 2.0, "rotationZ": 20.0 },
						"neck": { "offsetX": 13.0, "offsetY": 10.6, "offsetZ": 0.0, "rotationX": 3.0, "rotationY": -2.0, "rotationZ": 75.0 },
						"head": { "offsetX": 0.0, "offsetY": 0.0, "offsetZ": 0.0, "rotationX": 0.0, "rotationY": 0.0, "rotationZ": -40.0 },
						"mouth down": { "offsetX": 0.0, "offsetY": 0.0, "offsetZ": 0.0, "rotationX": 0.0, "rotationY": 0.0, "rotationZ": 0.0 },
						"R ear": { "offsetX": 0.0, "offsetY": 0.0, "offsetZ": 0.0, "rotationX": 0.0, "rotationY": 0.0, "rotationZ": 0.0 },
						"L ear": { "offsetX": 0.0, "offsetY": 0.0, "offsetZ": 0.0, "rotationX": 0.0, "rotationY": 0.0, "rotationZ": 0.0 },
						"R front leg": { "offsetX": 0.0, "offsetY": 3.200000047683716, "offsetZ": 0.0, "rotationX": 3.0, "rotationY": 0.0, "rotationZ": 10.0 },
						"R front foot": { "offsetX": 0.0, "offsetY": 0.0, "offsetZ": 0.0, "rotationX": 0.0, "rotationY": 0.0, "rotationZ": -10.0 },
						"L front leg": { "offsetX": 0.0, "offsetY": 3.200000047683716, "offsetZ": 0.0, "rotationX": 0.0, "rotationY": 0.0, "rotationZ": -15.0 },
						"L front foot": { "offsetX": 0.0, "offsetY": 0.0, "offsetZ": 0.0, "rotationX": 0.0, "rotationY": 0.0, "rotationZ": -10.0 },
						"R back leg": { "offsetX": 0.0, "offsetY": -1.600000023841858, "offsetZ": 0.0, "rotationX": 3.0, "rotationY": 0.0, "rotationZ": -22.5 },
						"R back foot": { "offsetX": 0.0, "offsetY": 0.0, "offsetZ": 0.0, "rotationX": 0.0, "rotationY": 0.0, "rotationZ": 0.0 },
						"L back leg": { "offsetX": -1.600000023841858, "offsetY": -3.200000047683716, "offsetZ": 0.0, "rotationX": 0.0, "rotationY": 0.0, "rotationZ": 0.0 },
						"L back foot": { "offsetX": 0.0, "offsetY": 0.0, "offsetZ": 0.0, "rotationX": 0.0, "rotationY": 0.0, "rotationZ": 0.0 },
						"tail": { "offsetX": 0.0, "offsetY": 0.0, "offsetZ": 0.0, "rotationX": 0.0, "rotationY": 0.0, "rotationZ": 0.0 }
					}
				},
				{
					"frame": 45,
					"elements": {
						"Body": { "offsetX": 0.0, "offsetY": -1.600000023841858, "offsetZ": 0.0, "rotationX": -3.0, "rotationY": 2.0, "rotationZ": 22.0 },
						"neck": { "offsetX": 14.0, "offsetY": 9.2, "offsetZ": 0.0, "rotationX": 3.0, "rotationY": -2.0, "rotationZ": 80.0 },
						"head": { "offsetX": -0.800000011920929, "offsetY": 0.0, "offsetZ": 0.0, "rotationX": 0.0, "rotationY": 0.0, "rotationZ": -50.0 },
						"mouth down": { "offsetX": 0.0, "offsetY": 0.0, "offsetZ": 0.0, "rotationX": 0.0, "rotationY": 0.0, "rotationZ": 20.0 },
						"R ear": { "offsetX": 0.0, "offsetY": 0.0, "offsetZ": 0.0, "rotationX": 0.0, "rotationY": 0.0, "rotationZ": 0.0 },
						"L ear": { "offsetX": 0.0, "offsetY": 0.0, "offsetZ": 0.0, "rotationX": 0.0, "rotationY": 0.0, "rotationZ": 0.0 },
						"R front leg": { "offsetX": 0.0, "offsetY": 3.200000047683716, "offsetZ": 0.0, "rotationX": 3.0, "rotationY": 0.0, "rotationZ": 8.0 },
						"R front foot": { "offsetX": 0.0, "offsetY": 0.0, "offsetZ": 0.0, "rotationX": 0.0, "rotationY": 0.0, "rotationZ": -10.0 },
						"L front leg": { "offsetX": 0.0, "offsetY": 3.200000047683716, "offsetZ": 0.0, "rotationX": 0.0, "rotationY": 0.0, "rotationZ": -17.0 },
						"L front foot": { "offsetX": 0.0, "offsetY": 0.0, "offsetZ": 0.0, "rotationX": 0.0, "rotationY": 0.0, "rotationZ": -10.0 },
						"R back leg": { "offsetX": 0.0, "offsetY": -1.9200000286102294, "offsetZ": 0.0, "rotationX": 3.0, "rotationY": 0.0, "rotationZ": -24.5 },
						"R back foot": { "offsetX": 0.0, "offsetY": 0.0, "offsetZ": 0.0, "rotationX": 0.0, "rotationY": 0.0, "rotationZ": 0.0 },
						"L back leg": { "offsetX": -1.600000023841858, "offsetY": -3.5200000524520876, "offsetZ": 0.0, "rotationX": 0.0, "rotationY": 0.0, "rotationZ": -2.0 },
						"L back foot": { "offsetX": 0.0, "offsetY": 0.0, "offsetZ": 0.0, "rotationX": 0.0, "rotationY": 0.0, "rotationZ": 0.0 },
						"tail": { "offsetX": 0.0, "offsetY": 0.0, "offsetZ": 0.0, "rotationX": 0.0, "rotationY": 0.0, "rotationZ": 0.0 }
					}
				},
				{
					"frame": 55,
					"elements": {
						"Body": { "offsetX": 0.0, "offsetY": -1.600000023841858, "offsetZ": 0.0, "rotationX": -3.0, "rotationY": 2.0, "rotationZ": 20.0 },
						"neck": { "offsetX": 11.4, "offsetY": 8.2, "offsetZ": 0.0, "rotationX": 3.0, "rotationY": -2.0, "rotationZ": 75.0 },
						"head": { "offsetX": -1.600000023841858, "offsetY": 0.0, "offsetZ": 0.0, "rotationX": 0.0, "rotationY": 0.0, "rotationZ": -60.0 },
						"mouth down": { "offsetX": 0.0, "offsetY": 0.0, "offsetZ": 0.0, "rotationX": 0.0, "rotationY": 0.0, "rotationZ": 0.0 },
						"R ear": { "offsetX": 0.0, "offsetY": 0.0, "offsetZ": 0.0, "rotationX": 0.0, "rotationY": 0.0, "rotationZ": 0.0 },
						"L ear": { "offsetX": 0.0, "offsetY": 0.0, "offsetZ": 0.0, "rotationX": 0.0, "rotationY": 0.0, "rotationZ": 0.0 },
						"R front leg": { "offsetX": 0.0, "offsetY": 3.200000047683716, "offsetZ": 0.0, "rotationX": 3.0, "rotationY": 0.0, "rotationZ": 10.0 },
						"R front foot": { "offsetX": 0.0, "offsetY": 0.0, "offsetZ": 0.0, "rotationX": 0.0, "rotationY": 0.0, "rotationZ": -10.0 },
						"L front leg": { "offsetX": 0.0, "offsetY": 3.200000047683716, "offsetZ": 0.0, "rotationX": 0.0, "rotationY": 0.0, "rotationZ": -15.0 },
						"L front foot": { "offsetX": 0.0, "offsetY": 0.0, "offsetZ": 0.0, "rotationX": 0.0, "rotationY": 0.0, "rotationZ": -10.0 },
						"R back leg": { "offsetX": 0.0, "offsetY": -1.600000023841858, "offsetZ": 0.0, "rotationX": 3.0, "rotationY": 0.0, "rotationZ": -22.5 },
						"R back foot": { "offsetX": 0.0, "offsetY": 0.0, "offsetZ": 0.0, "rotationX": 0.0, "rotationY": 0.0, "rotationZ": 0.0 },
						"L back leg": { "offsetX": -1.600000023841858, "offsetY": -3.200000047683716, "offsetZ": 0.0, "rotationX": 0.0, "rotationY": 0.0, "rotationZ": 0.0 },
						"L back foot": { "offsetX": 0.0, "offsetY": 0.0, "offsetZ": 0.0, "rotationX": 0.0, "rotationY": 0.0, "rotationZ": 0.0 },
						"tail": { "offsetX": 0.0, "offsetY": 0.0, "offsetZ": 0.0, "rotationX": 0.0, "rotationY": 0.0, "rotationZ": 0.0 }
					}
				},
				{
					"frame": 63,
					"elements": {
						"mouth down": { "rotationX": 0.0, "rotationY": 0.0, "rotationZ": 8.0 }
					}
				},
				{
					"frame": 71,
					"elements": {
						"mouth down": { "rotationX": 0.0, "rotationY": 0.0, "rotationZ": 0.0 }
					}
				},
				{
					"frame": 75,
					"elements": {
						"L back leg": { "offsetX": 0.0, "offsetY": -1.600000023841858, "offsetZ": 0.0 }
					}
				},
				{
					"frame": 79,
					"elements": {
						"mouth down": { "rotationX": 0.0, "rotationY": 0.0, "rotationZ": 8.0 },
						"R front leg": { "offsetX": 0.0, "offsetY": 3.200000047683716, "offsetZ": 0.0 }
					}
				},
				{
					"frame": 87,
					"elements": {
						"mouth down": { "rotationX": 0.0, "rotationY": 0.0, "rotationZ": 0.0 }
					}
				},
				{
					"frame": 95,
					"elements": {
						"mouth down": { "rotationX": 0.0, "rotationY": 0.0, "rotationZ": 8.0 }
					}
				},
				{
					"frame": 103,
					"elements": {
						"mouth down": { "rotationX": 0.0, "rotationY": 0.0, "rotationZ": 0.0 }
					}
				},
				{
					"frame": 110,
					"elements": {
						"Body": { "offsetX": 0.0, "offsetY": 0.0, "offsetZ": 0.0, "rotationX": 0.0, "rotationY": 0.0, "rotationZ": 0.0 },
						"neck": { "rotationX": 0.0, "rotationY": 0.0, "rotationZ": 0.0 },
						"head": { "offsetX": 0.0, "offsetY": 0.0, "offsetZ": 0.0, "rotationX": 0.0, "rotationY": 0.0, "rotationZ": 0.0 },
						"mouth down": { "offsetX": 0.0, "offsetY": 0.0, "offsetZ": 0.0, "rotationX": 0.0, "rotationY": 0.0, "rotationZ": 0.0 },
						"R ear": { "offsetX": 0.0, "offsetY": 0.0, "offsetZ": 0.0, "rotationX": 0.0, "rotationY": 0.0, "rotationZ": 0.0 },
						"L ear": { "offsetX": 0.0, "offsetY": 0.0, "offsetZ": 0.0, "rotationX": 0.0, "rotationY": 0.0, "rotationZ": 0.0 },
						"R front leg": { "offsetX": 0.0, "offsetY": 0.0, "offsetZ": 0.0, "rotationX": 0.0, "rotationY": 0.0, "rotationZ": 0.0 },
						"R front foot": { "offsetX": 0.0, "offsetY": 0.0, "offsetZ": 0.0, "rotationX": 0.0, "rotationY": 0.0, "rotationZ": 0.0 },
						"L front leg": { "offsetX": 0.0, "offsetY": 0.0, "offsetZ": 0.0, "rotationX": 0.0, "rotationY": 0.0, "rotationZ": 0.0 },
						"L front foot": { "offsetX": 0.0, "offsetY": 0.0, "offsetZ": 0.0, "rotationX": 0.0, "rotationY": 0.0, "rotationZ": 0.0 },
						"R back leg": { "offsetX": 0.0, "offsetY": 0.0, "offsetZ": 0.0, "rotationX": 0.0, "rotationY": 0.0, "rotationZ": 0.0 },
						"R back foot": { "offsetX": 0.0, "offsetY": 0.0, "offsetZ": 0.0, "rotationX": 0.0, "rotationY": 0.0, "rotationZ": 0.0 },
						"L back leg": { "offsetX": 0.0, "offsetY": 0.0, "offsetZ": 0.0, "rotationX": 0.0, "rotationY": 0.0, "rotationZ": 0.0 },
						"L back foot": { "offsetX": 0.0, "offsetY": 0.0, "offsetZ": 0.0, "rotationX": 0.0, "rotationY": 0.0, "rotationZ": 0.0 },
						"tail": { "offsetX": 0.0, "offsetY": 0.0, "offsetZ": 0.0, "rotationX": 0.0, "rotationY": 0.0, "rotationZ": 0.0 }
					}
				}
			]
		},

		{
			"name": "Hurt",
			"code": "hurt",
			"quantityframes": 30,
			"onActivityStopped": "PlayTillEnd",
			"onAnimationEnd": "Stop",
			"keyframes": [
				{
					"frame": 0,
					"elements": {
						"Body": { "offsetX": 0.0, "offsetY": 0.0, "offsetZ": 0.0, "rotationX": 0.0, "rotationY": 0.0, "rotationZ": 0.0 },
						"neck": { "offsetX": 0.0, "offsetY": 0.0, "offsetZ": 0.0, "rotationX": 0.0, "rotationY": 0.0, "rotationZ": 0.0 },
						"head": { "offsetX": 0.0, "offsetY": 0.0, "offsetZ": 0.0, "rotationX": 0.0, "rotationY": 0.0, "rotationZ": 0.0 },
						"mouth down": { "rotationX": 0.0, "rotationY": 0.0, "rotationZ": 0.0 },
						"R front leg": { "offsetX": 0.0, "offsetY": 0.0, "offsetZ": 0.0, "rotationX": 0.0, "rotationY": 0.0, "rotationZ": 0.0 },
						"R front foot": { "offsetX": 0.0, "offsetY": 0.0, "offsetZ": 0.0, "rotationX": 0.0, "rotationY": 0.0, "rotationZ": 0.0 },
						"L front leg": { "offsetX": 0.0, "offsetY": 0.0, "offsetZ": 0.0, "rotationX": 0.0, "rotationY": 0.0, "rotationZ": 0.0 },
						"L front foot": { "offsetX": 0.0, "offsetY": 0.0, "offsetZ": 0.0, "rotationX": 0.0, "rotationY": 0.0, "rotationZ": 0.0 },
						"R back leg": { "offsetX": 0.0, "offsetY": 0.0, "offsetZ": 0.0, "rotationX": 0.0, "rotationY": 0.0, "rotationZ": 0.0 },
						"R back foot": { "offsetX": 0.0, "offsetY": 0.0, "offsetZ": 0.0, "rotationX": 0.0, "rotationY": 0.0, "rotationZ": 0.0 },
						"L back leg": { "offsetX": 0.0, "offsetY": 0.0, "offsetZ": 0.0, "rotationX": 0.0, "rotationY": 0.0, "rotationZ": 0.0 },
						"L back foot": { "offsetX": 0.0, "offsetY": 0.0, "offsetZ": 0.0, "rotationX": 0.0, "rotationY": 0.0, "rotationZ": 0.0 },
						"tail": { "rotationX": 0.0, "rotationY": 0.0, "rotationZ": 0.0 }
					}
				},
				{
					"frame": 6,
					"elements": {
						"Body": { "offsetX": 0.0, "offsetY": 0.0, "offsetZ": 0.0, "rotationX": 1.0, "rotationY": -5.0, "rotationZ": -10.0 },
						"neck": { "offsetX": 0.0, "offsetY": 0.0, "offsetZ": 0.0, "rotationX": -2.0, "rotationY": 2.0, "rotationZ": -5.0 },
						"head": { "offsetX": 0.0, "offsetY": 0.0, "offsetZ": 0.0, "rotationX": 0.0, "rotationY": 0.0, "rotationZ": 15.0 },
						"mouth down": { "rotationX": 0.0, "rotationY": 0.0, "rotationZ": 0.0 },
						"R front leg": { "offsetX": 0.0, "offsetY": -1.600000023841858, "offsetZ": 0.0, "rotationX": -3.0, "rotationY": 0.0, "rotationZ": 5.0 },
						"R front foot": { "offsetX": 0.0, "offsetY": 0.0, "offsetZ": 0.0, "rotationX": 0.0, "rotationY": 0.0, "rotationZ": 5.0 },
						"L front leg": { "offsetX": 0.0, "offsetY": 0.0, "offsetZ": 0.0, "rotationX": 0.0, "rotationY": 0.0, "rotationZ": -5.0 },
						"L front foot": { "offsetX": 0.0, "offsetY": 0.0, "offsetZ": 0.0, "rotationX": 0.0, "rotationY": 0.0, "rotationZ": 25.0 },
						"R back leg": { "offsetX": 0.0, "offsetY": 1.600000023841858, "offsetZ": 0.0, "rotationX": 2.0, "rotationY": 0.0, "rotationZ": 15.0 },
						"R back foot": { "offsetX": 0.0, "offsetY": 0.0, "offsetZ": 0.0, "rotationX": 0.0, "rotationY": 0.0, "rotationZ": -7.0 },
						"L back leg": { "offsetX": 0.0, "offsetY": 1.600000023841858, "offsetZ": 0.0, "rotationX": 1.0, "rotationY": 0.0, "rotationZ": 15.0 },
						"L back foot": { "offsetX": 0.0, "offsetY": 0.0, "offsetZ": 0.0, "rotationX": 0.0, "rotationY": 0.0, "rotationZ": -5.0 },
						"tail": { "rotationX": 0.0, "rotationY": 0.0, "rotationZ": 0.0 }
					}
				}
			]
		},

		{
			"name": "Sit",
			"code": "sit",
			"quantityframes": 30,
			"onActivityStopped": "EaseOut",
			"onAnimationEnd": "Repeat",
			"keyframes": [
				{
					"frame": 0,
					"elements": {
						"Body": { "offsetX": 0.0, "offsetY": -15.20000022649765, "offsetZ": 1.600000023841858, "rotationX": 9.0, "rotationY": 0.0, "rotationZ": 0.0 },
						"neck": { "rotationX": 0.0, "rotationY": -28.0, "rotationZ": -8.0 },
						"head": { "rotationX": 30.0, "rotationY": -8.0, "rotationZ": 8.0 },
						"R front leg": { "rotationX": 33.0, "rotationY": 8.0, "rotationZ": -53.0 },
						"R front foot": { "rotationX": 0.0, "rotationY": 0.0, "rotationZ": 138.0 },
						"L front leg": { "rotationX": 33.0, "rotationY": 8.0, "rotationZ": -53.0 },
						"L front foot": { "rotationX": 0.0, "rotationY": 0.0, "rotationZ": 141.0 },
						"R back leg": { "offsetX": 0.0, "offsetY": 1.600000023841858, "offsetZ": 0.0, "rotationX": 17.0, "rotationY": -19.0, "rotationZ": 11.0 },
						"R back foot": { "offsetX": 1.600000023841858, "offsetY": 1.600000023841858, "offsetZ": 0.0, "rotationX": 0.0, "rotationY": 0.0, "rotationZ": -91.0 },
						"L back leg": { "offsetX": 0.0, "offsetY": 1.600000023841858, "offsetZ": 0.0, "rotationX": -11.0, "rotationY": 8.0, "rotationZ": 8.0 },
						"L back foot": { "offsetX": 1.600000023841858, "offsetY": 0.0, "offsetZ": 0.0, "rotationX": 0.0, "rotationY": 0.0, "rotationZ": -94.0 },
						"Front_body": { "offsetX": 0.0, "offsetY": 3.0, "offsetZ": 0.0 }
					}
				},
				{
					"frame": 15,
					"elements": {
						"Body": { "offsetX": 0.0, "offsetY": -15.20000022649765, "offsetZ": 1.600000023841858, "rotationX": 9.0, "rotationY": 0.0, "rotationZ": -1.0 },
						"neck": { "rotationX": 0.0, "rotationY": -28.0, "rotationZ": -7.0 },
						"head": { "rotationX": 30.0, "rotationY": -8.0, "rotationZ": 8.0 },
						"R front leg": { "rotationX": 33.0, "rotationY": 9.0, "rotationZ": -51.0 },
						"R front foot": { "rotationX": 0.0, "rotationY": 0.0, "rotationZ": 137.0 },
						"L front leg": { "rotationX": 33.0, "rotationY": 8.0, "rotationZ": -50.0 },
						"L front foot": { "rotationX": 0.0, "rotationY": 0.0, "rotationZ": 139.0 },
						"R back leg": { "offsetX": 0.1600000023841858, "offsetY": 1.7600000262260438, "offsetZ": 0.0, "rotationX": 18.0, "rotationY": -19.0, "rotationZ": 12.0 },
						"R back foot": { "offsetX": 1.600000023841858, "offsetY": 1.600000023841858, "offsetZ": 0.0, "rotationX": 0.0, "rotationY": 0.0, "rotationZ": -91.0 },
						"L back leg": { "offsetX": 0.1600000023841858, "offsetY": 1.7600000262260438, "offsetZ": 0.0, "rotationX": -11.0, "rotationY": 8.0, "rotationZ": 9.0 },
						"L back foot": { "offsetX": 1.600000023841858, "offsetY": 0.0, "offsetZ": 0.0, "rotationX": 0.0, "rotationY": 0.0, "rotationZ": -94.0 },
						"hair_R": { "rotationX": 25.0, "rotationY": 0.0, "rotationZ": 0.0 }
					}
				}
			]
		},

		{
			"name": "Sleep",
			"code": "sleep",
			"quantityframes": 30,
			"onActivityStopped": "EaseOut",
			"onAnimationEnd": "Repeat",
			"keyframes": [
				{
					"frame": 0,
					"elements": {
						"Body": { "offsetX": 0.0, "offsetY": -15.0, "offsetZ": 0.0, "rotationX": 0.0, "rotationY": -5.0, "rotationZ": 5.0 },
						"neck": { "offsetX": 13.6, "offsetY": 7.2, "offsetZ": 0.0, "rotationX": 0.0, "rotationY": 5.0, "rotationZ": 72.0 },
						"head": { "offsetX": 0.0, "offsetY": 1.28, "offsetZ": 0.0, "rotationX": 0.0, "rotationY": 0.0, "rotationZ": -53.0 },
						"R front leg": { "offsetX": 1.600000023841858, "offsetY": 3.200000047683716, "offsetZ": 0.0, "rotationX": 6.0, "rotationY": 14.0, "rotationZ": 19.0 },
						"R front foot": { "rotationX": 0.0, "rotationY": 0.0, "rotationZ": -114.0 },
						"L front leg": { "offsetX": 1.600000023841858, "offsetY": 3.200000047683716, "offsetZ": 0.0, "rotationX": -6.0, "rotationY": -3.0, "rotationZ": 28.0 },
						"L front foot": { "rotationX": 0.0, "rotationY": 0.0, "rotationZ": -122.0 },
						"R back leg": { "offsetX": 0.0, "offsetY": 1.600000023841858, "offsetZ": 0.0, "rotationX": 14.0, "rotationY": -11.0, "rotationZ": 8.0 },
						"R back foot": { "offsetX": 1.2800000190734864, "offsetY": 0.0, "offsetZ": 0.0, "rotationX": 0.0, "rotationY": 0.0, "rotationZ": -100.0 },
						"L back leg": { "offsetX": 0.0, "offsetY": 1.600000023841858, "offsetZ": 0.0, "rotationX": -3.0, "rotationY": 8.0, "rotationZ": 8.0 },
						"L back foot": { "offsetX": 1.2800000190734864, "offsetY": 0.0, "offsetZ": 0.0, "rotationX": 0.0, "rotationY": 0.0, "rotationZ": -96.0 }
					}
				},
				{
					"frame": 15,
					"elements": {
						"Body": { "offsetX": 0.16, "offsetY": -15.0, "offsetZ": 0.0, "rotationX": 0.0, "rotationY": -5.0, "rotationZ": 4.0 },
						"neck": { "rotationX": 0.0, "rotationY": 5.0, "rotationZ": 73.0 },
						"head": { "offsetX": 0.0, "offsetY": 1.2800000190734864, "offsetZ": 0.0, "rotationX": 0.0, "rotationY": 0.0, "rotationZ": -53.0 },
						"R front leg": { "offsetX": 1.600000023841858, "offsetY": 3.200000047683716, "offsetZ": 0.0, "rotationX": 6.0, "rotationY": 14.0, "rotationZ": 20.0 },
						"R front foot": { "rotationX": 0.0, "rotationY": 0.0, "rotationZ": -114.0 },
						"L front leg": { "offsetX": 1.600000023841858, "offsetY": 3.200000047683716, "offsetZ": 0.0, "rotationX": -6.0, "rotationY": -3.0, "rotationZ": 29.0 },
						"L front foot": { "rotationX": 0.0, "rotationY": 0.0, "rotationZ": -122.0 },
						"R back leg": { "offsetX": 0.0, "offsetY": 1.600000023841858, "offsetZ": 0.0, "rotationX": 14.0, "rotationY": -11.0, "rotationZ": 10.0 },
						"R back foot": { "offsetX": 1.2800000190734864, "offsetY": 0.0, "offsetZ": 0.0, "rotationX": 0.0, "rotationY": 0.0, "rotationZ": -102.0 },
						"L back leg": { "offsetX": 0.0, "offsetY": 1.600000023841858, "offsetZ": 0.0, "rotationX": -3.0, "rotationY": 8.0, "rotationZ": 10.0 },
						"L back foot": { "offsetX": 1.2800000190734864, "offsetY": 0.0, "offsetZ": 0.0, "rotationX": 0.0, "rotationY": 0.0, "rotationZ": -98.0 }
					}
				}
			]
		}
	]
}