{
	"code": "oakum",
	"class": "heatretention:ItemOakum",
	"shape": { "base": "item/oakum" },
	"creativeinventory": { "general": ["*"], "items": ["*"]},
	"drawtype": "json",
	"materialDensity": 120,
	"maxstacksize": 1,	
	"textures": {
		"fibers":{ "base":"fibers"}
	},
	"guiTransform": {
		"rotation": { "x": 120, "y": 11, "z": -20 },
		"origin": { "x": 0.45, "y": 0.3, "z": 0.4 },
		"scale": 1.69
	},
	"tpHandTransform": {
		"translation": { "x": -0.75, "y": -0.3, "z": -0.7 },
		"rotation": { "x": -10, "y": -10, "z": -2 },
		"scale": 0.75
	},
	"groundTransform": {
		"translation": { "x": 0, "y": 0.18, "z": 0 },
		"rotation": { "x": 1, "y": 0, "z": 0 },
		"origin": { "x": 0.5, "y": 0.22, "z": 0.5299 },
		"scale": 4
	}
}
	
