{
	code: "creature",
	class: "ItemCreature",
	maxstacksize: 1,
	variantgroups: [
		{ code: "genus", states: ["leiopelma"]},
		{
			code: "type",
			states: [
				"archeyi",
				"hamiltoni",
				"hochstetteri",
				"auroraensis",
				"markhami",
				"waitomoensis",
				]
		},
		
		],

	shape: {
			"base": "entity/land/leiopelma"
		
	},
	texturesByType: {
		"*-leiopelma-archeyi": {
			"skin": { "base": "entity/newzealandfrogs/leiopelma-archeyi" }
		},
		"*-leiopelma-hamiltoni": {
			"skin": { "base": "entity/newzealandfrogs/leiopelma-hamiltoni" }
		},
		"*-leiopelma-hochstetteri": {
			"skin": { "base": "entity/newzealandfrogs/leiopelma-hochstetteri" }
		},
		"*-leiopelma-auroraensis": {
			"skin": { "base": "entity/newzealandfrogs/leiopelma-auroraensis" }
		},
		"*-leiopelma-markhami": {
			"skin": { "base": "entity/newzealandfrogs/leiopelma-markhami" }
		},
		"*-leiopelma-waitomoensis": {
			"skin": { "base": "entity/newzealandfrogs/leiopelma-waitomoensis" }
		},
	},
	
	
	
	
	creativeinventory: { "general": ["*"], "items": ["*"], "creatures": ["*"] },
	materialDensity: 600,
	guiTransform: {
		
			rotate: true,
			translation: { x: 1, y: -1, z: 0 },
			rotation: { x: -11, y: -52, z: -180 },
			origin: { x: 0.5, y: 0.6, z: 0.5 },
			scale: 0.97		
	},
	
	tpHandTransform: {

			translation: { x: -0.4, y: 0, z: -0.6 },
			rotation: { x: -160, y: -26, z: -90 },
			origin: { x: 0.5, y: 0.1, z: 0.5 },
			scale: 0.45	
	},
	
	fpHandTransform: {
	
			translation: { x: 0.4, y: 0, z: 0 },
			rotation: { x: -8, y: -63, z: -7 }
	}
	

	
	
	
	




