[
  {
    "code": "causticpotashbarrel",
    "ingredients": [
      {
        "type": "item",
        "code": "game:slakedlimeportion",
        "litres": 1
      },
      {
        "type": "item",
        "code": "game:potash",
        "quantity": 1
      }
    ],
    "output": {
      "type": "item",
      "code": "chemistrylib:mineralalkaliportion-potassiumhydroxide",
      "litres": 1
    }
  },
  {
    "code": "causticsodabarrel",
    "ingredients": [
      {
        "type": "item",
        "code": "game:slakedlimeportion",
        "litres": 1
      },
      {
        "type": "item",
        "code": "chemistrylib:sodaash",
        "quantity": 1
      }
    ],
    "output": {
      "type": "item",
      "code": "chemistrylib:mineralalkaliportion-sodiumhydroxide",
      "litres": 1
    }
  }
]