{
	"editor": {
		"allAngles": false,
		"entityTextureMode": false
	},
	"textureWidth": 16,
	"textureHeight": 16,
	"textureSizes": {
	},
	"textures": {
		"pretzel": "game:item/food/grain/ryebread"
	},
	"elements": [
		{
			"name": "Cube2",
			"from": [ 6.0, 0.0, 8.5 ],
			"to": [ 6.75, 1.0, 11.5 ],
			"rotationOrigin": [ 6.0, 0.0, 9.0 ],
			"rotationY": 180.0,
			"faces": {
				"north": { "texture": "#pretzel", "uv": [ 11.5, 13.0, 12.0, 14.0 ] },
				"east": { "texture": "#pretzel", "uv": [ 12.0, 12.0, 15.0, 13.0 ] },
				"south": { "texture": "#pretzel", "uv": [ 12.5, 12.5, 13.0, 13.5 ] },
				"west": { "texture": "#pretzel", "uv": [ 11.5, 12.5, 14.5, 13.5 ] },
				"up": { "texture": "#pretzel", "uv": [ 14.5, 10.5, 15.0, 13.5 ] },
				"down": { "texture": "#pretzel", "uv": [ 14.0, 11.0, 14.5, 14.0 ] }
			},
			"children": [
				{
					"name": "Cube5",
					"from": [ -1.0, 0.0, 3.5 ],
					"to": [ -0.5, 0.8, 5.0 ],
					"rotationOrigin": [ -1.0, 0.0, 5.0 ],
					"faces": {
						"north": { "texture": "#pretzel", "uv": [ 12.5, 13.5, 13.0, 14.0 ] },
						"east": { "texture": "#pretzel", "uv": [ 12.5, 13.5, 14.0, 14.0 ] },
						"south": { "texture": "#pretzel", "uv": [ 13.0, 13.0, 13.5, 13.5 ] },
						"west": { "texture": "#pretzel", "uv": [ 12.0, 13.0, 13.5, 13.5 ] },
						"up": { "texture": "#pretzel", "uv": [ 15.0, 11.5, 15.5, 13.0 ] },
						"down": { "texture": "#pretzel", "uv": [ 14.5, 13.5, 15.0, 15.0 ] }
					}
				},
				{
					"name": "Cube6",
					"from": [ -2.0016, 0.0, -3.499 ],
					"to": [ -0.5016, 0.8, -2.999 ],
					"rotationOrigin": [ -2.0, 0.0, -2.0 ],
					"rotationY": -89.98,
					"faces": {
						"north": { "texture": "#pretzel", "uv": [ 9.0, 14.0, 10.5, 14.5 ] },
						"east": { "texture": "#pretzel", "uv": [ 8.5, 12.5, 9.0, 13.0 ] },
						"south": { "texture": "#pretzel", "uv": [ 10.0, 14.5, 11.5, 15.0 ] },
						"west": { "texture": "#pretzel", "uv": [ 9.5, 13.5, 10.0, 14.0 ] },
						"up": { "texture": "#pretzel", "uv": [ 14.5, 10.5, 16.0, 11.0 ] },
						"down": { "texture": "#pretzel", "uv": [ 10.0, 13.5, 11.5, 14.0 ] }
					}
				},
				{
					"name": "Cube9",
					"from": [ 0.0, 0.0, 3.0 ],
					"to": [ 0.5, 0.9, 4.0 ],
					"rotationOrigin": [ 0.0, 0.0, 3.5 ],
					"faces": {
						"north": { "texture": "#pretzel", "uv": [ 8.0, 14.0, 8.5, 14.5 ] },
						"east": { "texture": "#pretzel", "uv": [ 8.0, 14.0, 9.0, 14.5 ] },
						"south": { "texture": "#pretzel", "uv": [ 9.0, 12.0, 9.5, 12.5 ] },
						"west": { "texture": "#pretzel", "uv": [ 8.0, 13.0, 9.0, 13.5 ] },
						"up": { "texture": "#pretzel", "uv": [ 15.0, 11.0, 15.5, 12.0 ] },
						"down": { "texture": "#pretzel", "uv": [ 10.0, 13.0, 10.5, 14.0 ] }
					}
				},
				{
					"name": "Cube10",
					"from": [ 0.0, 0.0, -1.0 ],
					"to": [ 0.5, 0.9, 0.0 ],
					"rotationOrigin": [ 0.0, 0.0, -0.5 ],
					"faces": {
						"north": { "texture": "#pretzel", "uv": [ 9.5, 14.0, 10.0, 14.5 ] },
						"east": { "texture": "#pretzel", "uv": [ 9.0, 13.0, 10.0, 13.5 ] },
						"south": { "texture": "#pretzel", "uv": [ 9.5, 13.0, 10.0, 13.5 ] },
						"west": { "texture": "#pretzel", "uv": [ 8.0, 13.5, 9.0, 14.0 ] },
						"up": { "texture": "#pretzel", "uv": [ 13.0, 12.5, 13.5, 13.5 ] },
						"down": { "texture": "#pretzel", "uv": [ 9.5, 12.5, 10.0, 13.5 ] }
					}
				},
				{
					"name": "Cube3",
					"from": [ 0.0, 0.0, 3.5 ],
					"to": [ 0.5, 0.9, 5.5 ],
					"rotationOrigin": [ 0.0, 0.0, 4.0 ],
					"rotationX": -180.0,
					"rotationZ": -180.0,
					"faces": {
						"north": { "texture": "#pretzel", "uv": [ 9.5, 12.0, 10.0, 12.5 ] },
						"east": { "texture": "#pretzel", "uv": [ 7.5, 14.5, 9.5, 15.0 ] },
						"south": { "texture": "#pretzel", "uv": [ 9.5, 13.5, 10.0, 14.0 ] },
						"west": { "texture": "#pretzel", "uv": [ 6.5, 13.5, 8.5, 14.0 ] },
						"up": { "texture": "#pretzel", "uv": [ 14.0, 11.5, 14.5, 13.5 ] },
						"down": { "texture": "#pretzel", "uv": [ 9.0, 12.0, 9.5, 14.0 ] }
					}
				},
				{
					"name": "Cube4",
					"from": [ 0.0, 0.0, -0.5 ],
					"to": [ 0.5, 0.9, 1.5 ],
					"rotationOrigin": [ 0.0, 0.0, 0.0 ],
					"rotationX": -180.0,
					"rotationZ": -180.0,
					"faces": {
						"north": { "texture": "#pretzel", "uv": [ 9.0, 13.5, 9.5, 14.0 ] },
						"east": { "texture": "#pretzel", "uv": [ 8.0, 15.0, 10.0, 15.5 ] },
						"south": { "texture": "#pretzel", "uv": [ 9.5, 13.5, 10.0, 14.0 ] },
						"west": { "texture": "#pretzel", "uv": [ 6.0, 13.5, 8.0, 14.0 ] },
						"up": { "texture": "#pretzel", "uv": [ 14.5, 10.0, 15.0, 12.0 ] },
						"down": { "texture": "#pretzel", "uv": [ 8.0, 11.5, 8.5, 13.5 ] }
					}
				},
				{
					"name": "Cube7",
					"from": [ -1.0, 0.0, -1.0 ],
					"to": [ 0.5, 0.7, 0.0 ],
					"rotationOrigin": [ -1.0, 0.0, -1.0 ],
					"rotationX": -180.0,
					"rotationZ": -180.0,
					"faces": {
						"north": { "texture": "#pretzel", "uv": [ 8.5, 14.5, 10.0, 15.0 ] },
						"east": { "texture": "#pretzel", "uv": [ 9.5, 14.0, 10.5, 14.5 ] },
						"south": { "texture": "#pretzel", "uv": [ 6.5, 14.0, 8.0, 14.5 ] },
						"west": { "texture": "#pretzel", "uv": [ 7.5, 13.0, 8.5, 13.5 ] },
						"up": { "texture": "#pretzel", "uv": [ 13.5, 13.5, 15.0, 14.5 ] },
						"down": { "texture": "#pretzel", "uv": [ 9.0, 12.0, 10.5, 13.0 ] }
					}
				},
				{
					"name": "Cube8",
					"from": [ -1.0, 0.0, 5.0 ],
					"to": [ 0.5, 0.7, 6.0 ],
					"rotationOrigin": [ -1.0, 0.0, 5.0 ],
					"rotationX": -180.0,
					"rotationZ": -180.0,
					"faces": {
						"north": { "texture": "#pretzel", "uv": [ 7.5, 13.5, 9.0, 14.0 ] },
						"east": { "texture": "#pretzel", "uv": [ 8.0, 12.0, 9.0, 12.5 ] },
						"south": { "texture": "#pretzel", "uv": [ 7.0, 11.5, 8.5, 12.0 ] },
						"west": { "texture": "#pretzel", "uv": [ 8.5, 13.0, 9.5, 13.5 ] },
						"up": { "texture": "#pretzel", "uv": [ 14.0, 11.0, 15.5, 12.0 ] },
						"down": { "texture": "#pretzel", "uv": [ 8.5, 12.5, 10.0, 13.5 ] }
					}
				},
				{
					"name": "Cube11",
					"from": [ -3.0, 0.0, 3.5 ],
					"to": [ -2.5, 0.7, 5.0 ],
					"rotationOrigin": [ -3.0, 0.0, 5.0 ],
					"faces": {
						"north": { "texture": "#pretzel", "uv": [ 8.5, 14.0, 9.0, 14.5 ] },
						"east": { "texture": "#pretzel", "uv": [ 8.0, 14.0, 9.5, 14.5 ] },
						"south": { "texture": "#pretzel", "uv": [ 8.0, 13.5, 8.5, 14.0 ] },
						"west": { "texture": "#pretzel", "uv": [ 7.0, 12.0, 8.5, 12.5 ] },
						"up": { "texture": "#pretzel", "uv": [ 14.5, 10.5, 15.0, 12.0 ] },
						"down": { "texture": "#pretzel", "uv": [ 9.0, 12.0, 9.5, 13.5 ] }
					}
				},
				{
					"name": "Cube12",
					"from": [ -3.5, 0.0, 2.0 ],
					"to": [ -3.0, 0.6, 4.5 ],
					"rotationOrigin": [ -3.0, 0.0, 4.0 ],
					"faces": {
						"north": { "texture": "#pretzel", "uv": [ 9.5, 14.0, 10.0, 14.5 ] },
						"east": { "texture": "#pretzel", "uv": [ 7.0, 13.0, 9.5, 13.5 ] },
						"south": { "texture": "#pretzel", "uv": [ 8.0, 13.0, 8.5, 13.5 ] },
						"west": { "texture": "#pretzel", "uv": [ 7.5, 14.0, 10.0, 14.5 ] },
						"up": { "texture": "#pretzel", "uv": [ 14.5, 10.5, 15.0, 13.0 ] },
						"down": { "texture": "#pretzel", "uv": [ 9.0, 12.0, 9.5, 14.5 ] }
					}
				},
				{
					"name": "Cube13",
					"from": [ -4.0, 0.0, -3.5 ],
					"to": [ -2.5, 0.7, -3.0 ],
					"rotationOrigin": [ -4.0, 0.0, -2.0 ],
					"rotationY": -90.0,
					"faces": {
						"north": { "texture": "#pretzel", "uv": [ 9.0, 14.0, 10.5, 14.5 ] },
						"east": { "texture": "#pretzel", "uv": [ 9.5, 13.5, 10.0, 14.0 ] },
						"south": { "texture": "#pretzel", "uv": [ 8.5, 13.5, 10.0, 14.0 ] },
						"west": { "texture": "#pretzel", "uv": [ 9.0, 14.0, 9.5, 14.5 ] },
						"up": { "texture": "#pretzel", "uv": [ 14.5, 12.5, 16.0, 13.0 ] },
						"down": { "texture": "#pretzel", "uv": [ 9.5, 13.5, 11.0, 14.0 ] }
					}
				},
				{
					"name": "Cube14",
					"from": [ -5.5, 0.0, -3.0 ],
					"to": [ -3.0, 0.4, -2.5 ],
					"rotationOrigin": [ -5.0, 0.0, -1.0 ],
					"rotationY": -90.0,
					"faces": {
						"north": { "texture": "#pretzel", "uv": [ 9.0, 14.5, 11.5, 15.0 ] },
						"east": { "texture": "#pretzel", "uv": [ 9.5, 14.5, 10.0, 15.0 ] },
						"south": { "texture": "#pretzel", "uv": [ 8.0, 14.0, 10.5, 14.5 ] },
						"west": { "texture": "#pretzel", "uv": [ 10.0, 14.0, 10.5, 14.5 ] },
						"up": { "texture": "#pretzel", "uv": [ 13.5, 11.5, 16.0, 12.0 ] },
						"down": { "texture": "#pretzel", "uv": [ 8.5, 14.0, 11.0, 14.5 ] }
					}
				},
				{
					"name": "Cube15",
					"from": [ -3.5, 0.0, -2.5 ],
					"to": [ -3.0, 0.6, -1.5 ],
					"rotationOrigin": [ -3.0, 0.0, 0.0 ],
					"rotationY": -180.0,
					"faces": {
						"north": { "texture": "#pretzel", "uv": [ 9.0, 14.0, 9.5, 14.5 ] },
						"east": { "texture": "#pretzel", "uv": [ 10.0, 14.5, 11.0, 15.0 ] },
						"south": { "texture": "#pretzel", "uv": [ 9.5, 14.5, 10.0, 15.0 ] },
						"west": { "texture": "#pretzel", "uv": [ 9.0, 13.0, 10.0, 13.5 ] },
						"up": { "texture": "#pretzel", "uv": [ 15.0, 11.0, 15.5, 12.0 ] },
						"down": { "texture": "#pretzel", "uv": [ 9.5, 14.5, 10.0, 15.5 ] }
					}
				},
				{
					"name": "Cube16",
					"from": [ -3.5, 0.0, -3.5 ],
					"to": [ -3.0, 0.3, -2.5 ],
					"rotationOrigin": [ -3.0, 0.0, -1.0 ],
					"rotationY": -180.0,
					"faces": {
						"north": { "texture": "#pretzel", "uv": [ 10.0, 14.0, 10.5, 14.5 ] },
						"east": { "texture": "#pretzel", "uv": [ 9.0, 13.5, 10.0, 14.0 ] },
						"south": { "texture": "#pretzel", "uv": [ 9.5, 15.0, 10.0, 15.5 ] },
						"west": { "texture": "#pretzel", "uv": [ 8.5, 13.0, 9.5, 13.5 ] },
						"up": { "texture": "#pretzel", "uv": [ 14.0, 13.0, 14.5, 14.0 ] },
						"down": { "texture": "#pretzel", "uv": [ 10.0, 13.5, 10.5, 14.5 ] }
					}
				},
				{
					"name": "Cube17",
					"from": [ -2.5, 0.0, 0.5 ],
					"to": [ -2.0, 0.6, 1.5 ],
					"rotationOrigin": [ -2.0, 0.0, 3.0 ],
					"faces": {
						"north": { "texture": "#pretzel", "uv": [ 10.0, 15.0, 10.5, 15.5 ] },
						"east": { "texture": "#pretzel", "uv": [ 9.5, 14.0, 10.5, 14.5 ] },
						"south": { "texture": "#pretzel", "uv": [ 10.0, 14.5, 10.5, 15.0 ] },
						"west": { "texture": "#pretzel", "uv": [ 9.0, 13.5, 10.0, 14.0 ] },
						"up": { "texture": "#pretzel", "uv": [ 14.5, 12.0, 15.0, 13.0 ] },
						"down": { "texture": "#pretzel", "uv": [ 9.5, 13.0, 10.0, 14.0 ] }
					}
				},
				{
					"name": "Cube18",
					"from": [ -2.5, 0.0, 1.5 ],
					"to": [ -2.0, 0.3, 2.5 ],
					"rotationOrigin": [ -2.0, 0.0, 4.0 ],
					"faces": {
						"north": { "texture": "#pretzel", "uv": [ 9.5, 15.0, 10.0, 15.5 ] },
						"east": { "texture": "#pretzel", "uv": [ 9.5, 13.0, 10.5, 13.5 ] },
						"south": { "texture": "#pretzel", "uv": [ 10.0, 13.0, 10.5, 13.5 ] },
						"west": { "texture": "#pretzel", "uv": [ 10.0, 14.5, 11.0, 15.0 ] },
						"up": { "texture": "#pretzel", "uv": [ 15.0, 15.0, 15.5, 16.0 ] },
						"down": { "texture": "#pretzel", "uv": [ 9.5, 12.5, 10.0, 13.5 ] }
					}
				},
				{
					"name": "Cube19",
					"from": [ -2.5, 0.0, -5.0 ],
					"to": [ -2.0, 0.5, -4.0 ],
					"rotationOrigin": [ -2.0, 0.0, -2.0 ],
					"rotationY": -180.0,
					"faces": {
						"north": { "texture": "#pretzel", "uv": [ 11.0, 13.5, 11.5, 14.0 ] },
						"east": { "texture": "#pretzel", "uv": [ 10.5, 13.5, 11.5, 14.0 ] },
						"south": { "texture": "#pretzel", "uv": [ 10.5, 13.5, 11.0, 14.0 ] },
						"west": { "texture": "#pretzel", "uv": [ 9.0, 14.5, 10.0, 15.0 ] },
						"up": { "texture": "#pretzel", "uv": [ 14.5, 13.5, 15.0, 14.5 ] },
						"down": { "texture": "#pretzel", "uv": [ 9.5, 14.0, 10.0, 15.0 ] }
					}
				},
				{
					"name": "Cube20",
					"from": [ -2.5, 0.0, -3.0 ],
					"to": [ -2.0, 0.5, -2.0 ],
					"rotationOrigin": [ -2.0, 0.0, 0.0 ],
					"rotationY": -180.0,
					"faces": {
						"north": { "texture": "#pretzel", "uv": [ 9.5, 14.0, 10.0, 14.5 ] },
						"east": { "texture": "#pretzel", "uv": [ 10.0, 14.5, 11.0, 15.0 ] },
						"south": { "texture": "#pretzel", "uv": [ 9.5, 13.5, 10.0, 14.0 ] },
						"west": { "texture": "#pretzel", "uv": [ 10.0, 14.5, 11.0, 15.0 ] },
						"up": { "texture": "#pretzel", "uv": [ 15.0, 12.5, 15.5, 13.5 ] },
						"down": { "texture": "#pretzel", "uv": [ 9.5, 14.0, 10.0, 15.0 ] }
					}
				},
				{
					"name": "Cube21",
					"from": [ -1.5, 0.0, 2.5 ],
					"to": [ -1.0, 0.5, 3.5 ],
					"rotationOrigin": [ -1.0, 0.0, 5.0 ],
					"faces": {
						"north": { "texture": "#pretzel", "uv": [ 10.0, 14.0, 10.5, 14.5 ] },
						"east": { "texture": "#pretzel", "uv": [ 10.0, 13.5, 11.0, 14.0 ] },
						"south": { "texture": "#pretzel", "uv": [ 9.0, 14.5, 9.5, 15.0 ] },
						"west": { "texture": "#pretzel", "uv": [ 9.5, 13.5, 10.5, 14.0 ] },
						"up": { "texture": "#pretzel", "uv": [ 14.0, 12.0, 14.5, 13.0 ] },
						"down": { "texture": "#pretzel", "uv": [ 9.5, 13.5, 10.0, 14.5 ] }
					}
				},
				{
					"name": "Cube22",
					"from": [ -1.5, 0.0, -0.5 ],
					"to": [ -1.0, 0.5, 0.5 ],
					"rotationOrigin": [ -1.0, 0.0, 2.0 ],
					"faces": {
						"north": { "texture": "#pretzel", "uv": [ 10.0, 15.5, 10.5, 16.0 ] },
						"east": { "texture": "#pretzel", "uv": [ 9.0, 15.0, 10.0, 15.5 ] },
						"south": { "texture": "#pretzel", "uv": [ 9.5, 14.0, 10.0, 14.5 ] },
						"west": { "texture": "#pretzel", "uv": [ 9.5, 14.5, 10.5, 15.0 ] },
						"up": { "texture": "#pretzel", "uv": [ 15.5, 13.5, 16.0, 14.5 ] },
						"down": { "texture": "#pretzel", "uv": [ 9.5, 13.5, 10.0, 14.5 ] }
					}
				},
				{
					"name": "Cube23",
					"from": [ -1.5, 0.0, -6.0 ],
					"to": [ -1.0, 0.5, -5.5 ],
					"rotationOrigin": [ -1.0, 0.0, -3.0 ],
					"rotationY": -180.0,
					"faces": {
						"north": { "texture": "#pretzel", "uv": [ 9.0, 14.0, 9.5, 14.5 ] },
						"east": { "texture": "#pretzel", "uv": [ 8.5, 14.5, 9.0, 15.0 ] },
						"south": { "texture": "#pretzel", "uv": [ 8.0, 14.0, 8.5, 14.5 ] },
						"west": { "texture": "#pretzel", "uv": [ 9.0, 14.5, 9.5, 15.0 ] },
						"up": { "texture": "#pretzel", "uv": [ 14.0, 12.5, 14.5, 13.0 ] },
						"down": { "texture": "#pretzel", "uv": [ 9.5, 13.0, 10.0, 13.5 ] }
					}
				},
				{
					"name": "Cube24",
					"from": [ 1.5, 0.0, 0.0 ],
					"to": [ 2.0, 0.5, 0.5 ],
					"rotationOrigin": [ 2.0, 0.0, 3.0 ],
					"rotationY": 90.0,
					"faces": {
						"north": { "texture": "#pretzel", "uv": [ 8.5, 14.5, 9.0, 15.0 ] },
						"east": { "texture": "#pretzel", "uv": [ 8.5, 14.5, 9.0, 15.0 ] },
						"south": { "texture": "#pretzel", "uv": [ 9.5, 14.0, 10.0, 14.5 ] },
						"west": { "texture": "#pretzel", "uv": [ 8.0, 14.5, 8.5, 15.0 ] },
						"up": { "texture": "#pretzel", "uv": [ 14.5, 13.0, 15.0, 13.5 ] },
						"down": { "texture": "#pretzel", "uv": [ 9.0, 14.0, 9.5, 14.5 ] }
					}
				},
				{
					"name": "Cube25",
					"from": [ -0.5, 0.0, -7.0 ],
					"to": [ 0.0, 0.5, -6.5 ],
					"rotationOrigin": [ 0.0, 0.0, -4.0 ],
					"rotationY": -180.0,
					"faces": {
						"north": { "texture": "#pretzel", "uv": [ 9.0, 15.0, 9.5, 15.5 ] },
						"east": { "texture": "#pretzel", "uv": [ 9.5, 14.5, 10.0, 15.0 ] },
						"south": { "texture": "#pretzel", "uv": [ 10.5, 14.0, 11.0, 14.5 ] },
						"west": { "texture": "#pretzel", "uv": [ 10.5, 14.5, 11.0, 15.0 ] },
						"up": { "texture": "#pretzel", "uv": [ 14.5, 13.0, 15.0, 13.5 ] },
						"down": { "texture": "#pretzel", "uv": [ 10.0, 14.0, 10.5, 14.5 ] }
					}
				}
			]
		}
	]}