{
	"editor": {
		"allAngles": false,
		"entityTextureMode": true
	},
	"textureWidth": 24,
	"textureHeight": 20,
	"textureSizes": {
	},
	"textures": {
	},
	"elements": [
		{
			"name": "Body",
			"from": [ 2.65, 3.27, 7.11 ],
			"to": [ 8.6104, 4.8249, 9.1832 ],
			"autoUnwrap": false,
			"uv": [ 1.0, 7.0 ],
			"rotationOrigin": [ 5.2464, 3.2684, 8.1464 ],
			"rotationZ": -45.0,
			"faces": {
				"north": { "texture": "#skin", "uv": [ 11.5, 4.0, 0.0, 7.0 ], "autoUv": false, "windMode": [-1,-1,-1,-1] },
				"east": { "texture": "#skin", "uv": [ 11.5, 4.0, 15.5, 7.0 ], "autoUv": false },
				"south": { "texture": "#skin", "uv": [ 0.0, 4.0, 11.5, 7.0 ], "autoUv": false, "windMode": [-1,-1,-1,-1] },
				"west": { "texture": "#skin", "uv": [ 11.5, 4.0, 15.5, 7.0 ], "autoUv": false },
				"up": { "texture": "#skin", "uv": [ 0.0, 0.0, 11.5, 4.0 ], "autoUv": false, "windMode": [-1,-1,-1,-1] },
				"down": { "texture": "#skin", "uv": [ 11.5, 0.0, 23.0, 4.0 ], "autoUv": false }
			},
			"children": [
				{
					"name": "Neck",
					"from": [ -1.4771, 0.3006, 0.4561 ],
					"to": [ 0.3369, 1.2802, 1.6222 ],
					"autoUnwrap": false,
					"uv": [ 17.0, 20.5 ],
					"rotationOrigin": [ -0.3107, 0.9211, 1.2309 ],
					"rotationZ": 22.5,
					"faces": {
						"north": { "texture": "#skin", "uv": [ 17.5, 17.0, 21.5, 19.0 ], "autoUv": false, "windMode": [-1,-1,-1,-1] },
						"east": { "texture": "#skin", "uv": [ 10.0, 12.5, 13.0, 14.5 ], "autoUv": false },
						"south": { "texture": "#skin", "uv": [ 17.5, 17.0, 21.5, 19.0 ], "autoUv": false, "windMode": [-1,-1,-1,-1] },
						"west": { "texture": "#skin", "uv": [ 10.0, 12.5, 13.0, 14.5 ], "autoUv": false },
						"up": { "texture": "#skin", "uv": [ 0.0, 13.5, 4.0, 16.5 ], "autoUv": false },
						"down": { "texture": "#skin", "uv": [ 4.0, 13.5, 8.0, 16.5 ], "autoUv": false }
					},
					"children": [
						{
							"name": "Head",
							"from": [ -1.3735, -0.0583, -0.0972 ],
							"to": [ 0.0, 1.0197, 1.2634 ],
							"autoUnwrap": false,
							"uv": [ 1.0, 15.0 ],
							"rotationOrigin": [ -0.2073, 0.8163, 0.6803 ],
							"faces": {
								"north": { "texture": "#skin", "uv": [ 9.0, 7.0, 6.0, 9.5 ], "autoUv": false, "windMode": [-1,-1,-1,-1] },
								"east": { "texture": "#skin", "uv": [ 9.0, 7.0, 12.5, 9.5 ], "autoUv": false },
								"south": { "texture": "#skin", "uv": [ 6.0, 7.0, 9.0, 9.5 ], "autoUv": false, "windMode": [-1,-1,-1,-1] },
								"west": { "texture": "#skin", "uv": [ 9.0, 7.0, 12.5, 9.5 ], "autoUv": false },
								"up": { "texture": "#skin", "uv": [ 0.0, 7.0, 3.0, 10.5 ], "autoUv": false },
								"down": { "texture": "#skin", "uv": [ 3.0, 7.0, 6.0, 10.5 ], "autoUv": false }
							},
							"children": [
								{
									"name": "LowerJaw",
									"from": [ -0.9329, 0.0, 0.0972 ],
									"to": [ 0.3887, 0.1943, 1.2634 ],
									"autoUnwrap": false,
									"uv": [ 0.0, 12.0 ],
									"rotationOrigin": [ -0.1555, 0.1943, 0.7774 ],
									"rotationZ": 22.5,
									"faces": {
										"north": { "texture": "#skin", "uv": [ 9.0, 9.5, 12.0, 10.0 ], "autoUv": false },
										"east": { "texture": "#skin", "uv": [ 9.0, 9.5, 12.0, 10.0 ], "autoUv": false },
										"south": { "texture": "#skin", "uv": [ 9.0, 9.5, 12.0, 10.0 ], "autoUv": false },
										"west": { "texture": "#skin", "uv": [ 9.0, 9.5, 12.0, 10.0 ], "autoUv": false },
										"up": { "texture": "#skin", "uv": [ 0.0, 10.5, 3.0, 13.5 ], "autoUv": false },
										"down": { "texture": "#skin", "uv": [ 3.0, 10.5, 6.0, 13.5 ], "autoUv": false }
									}
								},
								{
									"name": "UpperJaw",
									"from": [ -0.9329, 0.1943, 0.0972 ],
									"to": [ 0.3887, 0.9264, 1.2634 ],
									"autoUnwrap": false,
									"uv": [ 20.5, 13.5 ],
									"rotationOrigin": [ -0.9329, 0.3887, 0.0 ],
									"faces": {
										"north": { "texture": "#skin", "uv": [ 3.0, 16.5, 6.0, 18.0 ], "autoUv": false },
										"east": { "texture": "#skin", "uv": [ 21.0, 13.0, 24.0, 14.5 ], "autoUv": false },
										"south": { "texture": "#skin", "uv": [ 3.0, 16.5, 6.0, 18.0 ], "autoUv": false, "windMode": [-1,-1,-1,-1] },
										"west": { "texture": "#skin", "uv": [ 21.0, 13.0, 24.0, 14.5 ], "autoUv": false },
										"up": { "texture": "#skin", "uv": [ 0.0, 16.5, 3.0, 19.5 ], "autoUv": false },
										"down": { "texture": "#skin", "uv": [ 6.0, 17.0, 9.0, 20.0 ], "autoUv": false }
									}
								},
								{
									"name": "LeftEye",
									"from": [ 0.1943, 0.596, 1.0106 ],
									"to": [ 0.4859, 0.8876, 1.3994 ],
									"unwrapMode": 1,
									"autoUnwrap": false,
									"uv": [ 10.0, 17.0 ],
									"rotationOrigin": [ 0.3887, 0.8293, 1.2439 ],
									"faces": {
										"north": { "texture": "#skin", "uv": [ 11.5, 18.0, 11.0, 18.5 ], "autoUv": false, "windMode": [-1,-1,-1,-1] },
										"east": { "texture": "#skin", "uv": [ 10.0, 18.0, 11.0, 18.5 ], "autoUv": false },
										"south": { "texture": "#skin", "uv": [ 12.5, 17.5, 13.5, 18.5 ], "rotation": 180, "autoUv": false, "windMode": [-1,-1,-1,-1] },
										"west": { "texture": "#skin", "uv": [ 11.5, 18.0, 12.5, 18.5 ], "autoUv": false },
										"up": { "texture": "#skin", "uv": [ 11.0, 17.0, 11.5, 18.0 ], "rotation": 180, "autoUv": false },
										"down": { "texture": "#skin", "uv": [ 11.0, 18.5, 11.5, 19.5 ], "autoUv": false }
									}
								},
								{
									"name": "RightEye",
									"from": [ 0.1943, 0.596, -0.0389 ],
									"to": [ 0.4859, 0.8876, 0.3498 ],
									"unwrapMode": 1,
									"autoUnwrap": false,
									"uv": [ 10.0, 17.0 ],
									"rotationOrigin": [ 0.3887, 0.8293, 0.1943 ],
									"faces": {
										"north": { "texture": "#skin", "uv": [ 12.5, 17.5, 13.5, 18.5 ], "autoUv": false },
										"east": { "texture": "#skin", "uv": [ 10.0, 18.0, 11.0, 18.5 ], "autoUv": false },
										"south": { "texture": "#skin", "uv": [ 11.0, 18.0, 11.5, 18.5 ], "autoUv": false },
										"west": { "texture": "#skin", "uv": [ 11.5, 18.0, 12.5, 18.5 ], "autoUv": false },
										"up": { "texture": "#skin", "uv": [ 11.0, 17.0, 11.5, 18.0 ], "rotation": 180, "autoUv": false },
										"down": { "texture": "#skin", "uv": [ 11.0, 18.5, 11.5, 19.5 ], "autoUv": false }
									}
								}
							]
						}
					]
				},
				{
					"name": "UpperTail",
					"from": [ 5.183, 0.2591, 0.5183 ],
					"to": [ 8.811, 1.2957, 1.5549 ],
					"autoUnwrap": false,
					"uv": [ 0.5, 26.5 ],
					"rotationOrigin": [ 5.183, 0.2344, 1.2957 ],
					"rotationZ": 15.0,
					"faces": {
						"north": { "texture": "#skin", "uv": [ 22.0, 15.0, 15.0, 17.0 ], "autoUv": false, "windMode": [-1,-1,-1,-1] },
						"east": { "texture": "#skin", "uv": [ 20.0, 11.0, 22.0, 13.0 ], "autoUv": false },
						"south": { "texture": "#skin", "uv": [ 15.0, 15.0, 22.0, 17.0 ], "autoUv": false, "windMode": [-1,-1,-1,-1] },
						"west": { "texture": "#skin", "uv": [ 20.0, 11.0, 22.0, 13.0 ], "autoUv": false },
						"up": { "texture": "#skin", "uv": [ 14.0, 13.0, 21.0, 15.0 ], "autoUv": false, "windMode": [-1,-1,-1,-1] },
						"down": { "texture": "#skin", "uv": [ 13.0, 11.0, 20.0, 13.0 ], "autoUv": false }
					},
					"children": [
						{
							"name": "MidTail",
							"from": [ 3.1098, 0.1295, 0.1295 ],
							"to": [ 6.7378, 0.7774, 0.907 ],
							"autoUnwrap": false,
							"uv": [ 5.5, 15.0 ],
							"rotationOrigin": [ 3.1098, 0.0518, -0.1295 ],
							"rotationZ": 20.0,
							"faces": {
								"north": { "texture": "#skin", "uv": [ 15.5, 9.0, 22.5, 10.0 ], "autoUv": false, "windMode": [-1,-1,-1,-1] },
								"east": { "texture": "#skin", "uv": [ 21.5, 4.0, 23.0, 5.0 ], "autoUv": false },
								"south": { "texture": "#skin", "uv": [ 15.5, 9.0, 22.5, 10.0 ], "autoUv": false, "windMode": [-1,-1,-1,-1] },
								"west": { "texture": "#skin", "uv": [ 21.5, 4.0, 23.0, 5.0 ], "autoUv": false },
								"up": { "texture": "#skin", "uv": [ 6.0, 11.0, 13.0, 12.5 ], "autoUv": false, "windMode": [-1,-1,-1,-1] },
								"down": { "texture": "#skin", "uv": [ 8.0, 15.5, 15.0, 17.0 ], "autoUv": false }
							},
							"children": [
								{
									"name": "LowerTail",
									"from": [ 3.1098, 0.0648, 0.1295 ],
									"to": [ 6.7378, 0.5831, 0.6478 ],
									"autoUnwrap": false,
									"uv": [ 16.0, 27.5 ],
									"rotationOrigin": [ 3.1098, 0.5183, 0.1943 ],
									"rotationZ": 8.0,
									"faces": {
										"north": { "texture": "#skin", "uv": [ 24.0, 19.0, 17.0, 20.0 ], "autoUv": false, "windMode": [-1,-1,-1,-1] },
										"east": { "texture": "#skin", "uv": [ 10.0, 10.0, 11.0, 11.0 ], "autoUv": false, "windMode": [-1,-1,-1,-1] },
										"south": { "texture": "#skin", "uv": [ 17.0, 19.0, 24.0, 20.0 ], "autoUv": false, "windMode": [-1,-1,-1,-1] },
										"west": { "texture": "#skin", "uv": [ 10.0, 10.0, 11.0, 11.0 ], "autoUv": false, "windMode": [-1,-1,-1,-1] },
										"up": { "texture": "#skin", "uv": [ 15.5, 7.0, 22.5, 8.0 ], "autoUv": false },
										"down": { "texture": "#skin", "uv": [ 15.5, 8.0, 22.5, 9.0 ], "autoUv": false }
									}
								}
							]
						}
					]
				},
				{
					"name": "RFShoulder",
					"from": [ 0.5183, -0.0518, 0.0 ],
					"to": [ 1.2957, 0.4665, 0.0 ],
					"uv": [ 6.0, 9.5 ],
					"rotationOrigin": [ 0.907, -0.0518, 0.0 ],
					"rotationX": -22.5,
					"faces": {
						"north": { "texture": "#skin", "uv": [ 6.0, 10.0, 7.5, 11.0 ], "autoUv": false },
						"east": { "texture": "#skin", "uv": [ 7.5, 10.0, 8.0, 11.0 ], "autoUv": false },
						"south": { "texture": "#skin", "uv": [ 8.0, 10.0, 9.5, 11.0 ], "autoUv": false },
						"west": { "texture": "#skin", "uv": [ 9.5, 10.0, 10.0, 11.0 ], "autoUv": false },
						"up": { "texture": "#skin", "uv": [ 6.0, 9.5, 7.5, 10.0 ], "autoUv": false },
						"down": { "texture": "#skin", "uv": [ 7.5, 9.5, 9.0, 10.0 ], "autoUv": false }
					},
					"children": [
						{
							"name": "RFLegUpper",
							"from": [ 0.0, 0.0518, -1.2957 ],
							"to": [ 0.7774, 0.5701, 0.2591 ],
							"autoUnwrap": false,
							"uv": [ 12.5, 7.5 ],
							"rotationOrigin": [ 0.2591, 0.5701, 0.2591 ],
							"rotationX": -15.0,
							"faces": {
								"north": { "texture": "#skin", "uv": [ 11.0, 10.0, 12.5, 11.0 ], "autoUv": false },
								"east": { "texture": "#skin", "uv": [ 12.5, 10.0, 15.5, 11.0 ], "autoUv": false },
								"south": { "texture": "#skin", "uv": [ 15.5, 10.0, 17.0, 11.0 ], "autoUv": false },
								"west": { "texture": "#skin", "uv": [ 17.0, 10.0, 20.0, 11.0 ], "autoUv": false },
								"up": { "texture": "#skin", "uv": [ 12.5, 7.0, 14.0, 10.0 ], "autoUv": false },
								"down": { "texture": "#skin", "uv": [ 14.0, 7.0, 15.5, 10.0 ], "autoUv": false }
							},
							"children": [
								{
									"name": "RFLegLower",
									"from": [ 0.013, 0.0, -1.0366 ],
									"to": [ 0.7645, 0.5183, 0.0 ],
									"uv": [ 8.0, 12.5 ],
									"rotationOrigin": [ 0.2591, 0.5183, 0.0 ],
									"rotationX": -55.0,
									"faces": {
										"north": { "texture": "#skin", "uv": [ 8.0, 14.5, 9.0, 15.5 ], "autoUv": false },
										"east": { "texture": "#skin", "uv": [ 9.0, 14.5, 11.0, 15.5 ], "autoUv": false },
										"south": { "texture": "#skin", "uv": [ 11.0, 14.5, 12.0, 15.5 ], "autoUv": false },
										"west": { "texture": "#skin", "uv": [ 12.0, 14.5, 14.0, 15.5 ], "autoUv": false, "windMode": [-1,-1,-1,-1] },
										"up": { "texture": "#skin", "uv": [ 8.0, 12.5, 9.0, 14.5 ], "autoUv": false, "windMode": [-1,-1,-1,-1] },
										"down": { "texture": "#skin", "uv": [ 9.0, 12.5, 10.0, 14.5 ], "autoUv": false }
									},
									"children": [
										{
											"name": "RFFoot",
											"from": [ 0.0, 0.2288, -0.384 ],
											"to": [ 0.7774, 0.4362, 0.1862 ],
											"uv": [ 12.0, 18.5 ],
											"rotationOrigin": [ 0.2565, 0.2288, -0.1258 ],
											"rotationX": 70.0,
											"faces": {
												"north": { "texture": "#skin", "uv": [ 12.0, 19.5, 13.5, 20.0 ], "autoUv": false },
												"east": { "texture": "#skin", "uv": [ 13.5, 19.5, 14.5, 20.0 ], "autoUv": false },
												"south": { "texture": "#skin", "uv": [ 14.5, 19.5, 16.0, 20.0 ], "autoUv": false },
												"west": { "texture": "#skin", "uv": [ 16.0, 19.5, 17.0, 20.0 ], "autoUv": false },
												"up": { "texture": "#skin", "uv": [ 12.0, 18.5, 13.5, 19.5 ], "autoUv": false },
												"down": { "texture": "#skin", "uv": [ 13.5, 18.5, 15.0, 19.5 ], "autoUv": false, "windMode": [-1,-1,-1,-1] }
											},
											"children": [
												{
													"name": "RFClaws",
													"from": [ -0.7801, 0.0222, -0.3171 ],
													"to": [ 0.7748, 0.0222, 0.9786 ],
													"autoUnwrap": false,
													"uv": [ 15.5, 4.0 ],
													"rotationOrigin": [ -0.5183, 0.0222, -0.3181 ],
													"faces": {
														"north": { "texture": "#skin", "uv": [ 15.5, 6.5, 18.5, 7.0 ], "autoUv": false },
														"east": { "texture": "#skin", "uv": [ 18.5, 6.5, 21.0, 7.0 ], "autoUv": false },
														"south": { "texture": "#skin", "uv": [ 21.0, 6.5, 24.0, 7.0 ], "autoUv": false },
														"west": { "texture": "#skin", "uv": [ 21.5, 6.0, 24.0, 6.5 ], "autoUv": false, "windMode": [-1,-1,-1,-1] },
														"up": { "texture": "#skin", "uv": [ 15.5, 4.0, 18.5, 6.5 ], "rotation": 180, "autoUv": false, "windMode": [-1,-1,-1,-1] },
														"down": { "texture": "#skin", "uv": [ 18.5, 4.0, 21.5, 6.5 ], "rotation": 180, "autoUv": false, "windMode": [-1,-1,-1,-1] }
													}
												}
											]
										}
									]
								}
							]
						}
					]
				},
				{
					"name": "RBShoulder",
					"from": [ 5.183, -0.0518, 0.0 ],
					"to": [ 5.9604, 0.4665, 0.0 ],
					"uv": [ 6.0, 9.5 ],
					"rotationOrigin": [ 5.5716, -0.0518, 0.0 ],
					"rotationX": 22.5,
					"rotationY": -22.5,
					"rotationZ": 45.0,
					"faces": {
						"north": { "texture": "#skin", "uv": [ 6.0, 10.0, 7.5, 11.0 ], "autoUv": false },
						"east": { "texture": "#skin", "uv": [ 7.5, 10.0, 8.0, 11.0 ], "autoUv": false },
						"south": { "texture": "#skin", "uv": [ 8.0, 10.0, 9.5, 11.0 ], "autoUv": false },
						"west": { "texture": "#skin", "uv": [ 9.5, 10.0, 10.0, 11.0 ], "autoUv": false },
						"up": { "texture": "#skin", "uv": [ 6.0, 9.5, 7.5, 10.0 ], "autoUv": false },
						"down": { "texture": "#skin", "uv": [ 7.5, 9.5, 9.0, 10.0 ], "autoUv": false }
					},
					"children": [
						{
							"name": "RBLegUpper",
							"from": [ -0.0389, 0.0518, -1.2957 ],
							"to": [ 0.7386, 0.5701, 0.2591 ],
							"autoUnwrap": false,
							"uv": [ 12.5, 7.5 ],
							"rotationOrigin": [ 0.2591, 0.5701, 0.2591 ],
							"rotationX": -15.0,
							"faces": {
								"north": { "texture": "#skin", "uv": [ 11.0, 10.0, 12.5, 11.0 ], "autoUv": false },
								"east": { "texture": "#skin", "uv": [ 12.5, 10.0, 15.5, 11.0 ], "autoUv": false },
								"south": { "texture": "#skin", "uv": [ 15.5, 10.0, 17.0, 11.0 ], "autoUv": false },
								"west": { "texture": "#skin", "uv": [ 17.0, 10.0, 20.0, 11.0 ], "autoUv": false },
								"up": { "texture": "#skin", "uv": [ 12.5, 7.0, 14.0, 10.0 ], "autoUv": false },
								"down": { "texture": "#skin", "uv": [ 14.0, 7.0, 15.5, 10.0 ], "autoUv": false }
							},
							"children": [
								{
									"name": "RBLegLower",
									"from": [ 0.013, 0.0, -1.0366 ],
									"to": [ 0.7645, 0.5183, 0.0 ],
									"uv": [ 8.0, 12.5 ],
									"rotationOrigin": [ 0.2591, 0.5183, 0.0 ],
									"rotationX": -55.0,
									"faces": {
										"north": { "texture": "#skin", "uv": [ 8.0, 14.5, 9.0, 15.5 ], "autoUv": false },
										"east": { "texture": "#skin", "uv": [ 9.0, 14.5, 11.0, 15.5 ], "autoUv": false },
										"south": { "texture": "#skin", "uv": [ 11.0, 14.5, 12.0, 15.5 ], "autoUv": false },
										"west": { "texture": "#skin", "uv": [ 12.0, 14.5, 14.0, 15.5 ], "autoUv": false, "windMode": [-1,-1,-1,-1] },
										"up": { "texture": "#skin", "uv": [ 8.0, 12.5, 9.0, 14.5 ], "autoUv": false },
										"down": { "texture": "#skin", "uv": [ 9.0, 12.5, 10.0, 14.5 ], "autoUv": false }
									},
									"children": [
										{
											"name": "RBFoot",
											"from": [ 0.0, 0.226, -0.3341 ],
											"to": [ 0.7774, 0.4333, 0.236 ],
											"uv": [ 12.0, 18.5 ],
											"rotationOrigin": [ 0.2591, 0.226, -0.0729 ],
											"rotationX": 70.0,
											"faces": {
												"north": { "texture": "#skin", "uv": [ 12.0, 19.5, 13.5, 20.0 ], "autoUv": false },
												"east": { "texture": "#skin", "uv": [ 13.5, 19.5, 14.5, 20.0 ], "autoUv": false },
												"south": { "texture": "#skin", "uv": [ 14.5, 19.5, 16.0, 20.0 ], "autoUv": false },
												"west": { "texture": "#skin", "uv": [ 16.0, 19.5, 17.0, 20.0 ], "autoUv": false },
												"up": { "texture": "#skin", "uv": [ 12.0, 18.5, 13.5, 19.5 ], "autoUv": false },
												"down": { "texture": "#skin", "uv": [ 13.5, 18.5, 15.0, 19.5 ], "autoUv": false }
											},
											"children": [
												{
													"name": "RBClaws",
													"from": [ -0.793, -0.0265, -0.3348 ],
													"to": [ 0.7619, -0.0265, 0.9609 ],
													"autoUnwrap": false,
													"uv": [ 15.5, 4.0 ],
													"rotationOrigin": [ -0.5313, -0.0265, -0.3358 ],
													"faces": {
														"north": { "texture": "#skin", "uv": [ 15.5, 6.5, 18.5, 7.0 ], "autoUv": false },
														"east": { "texture": "#skin", "uv": [ 18.5, 6.5, 21.0, 7.0 ], "autoUv": false },
														"south": { "texture": "#skin", "uv": [ 21.0, 6.5, 24.0, 7.0 ], "autoUv": false },
														"west": { "texture": "#skin", "uv": [ 21.5, 6.0, 24.0, 6.5 ], "autoUv": false, "windMode": [-1,-1,-1,-1] },
														"up": { "texture": "#skin", "uv": [ 15.5, 4.0, 18.5, 6.5 ], "rotation": 180, "autoUv": false, "windMode": [-1,-1,-1,-1] },
														"down": { "texture": "#skin", "uv": [ 18.5, 4.0, 21.5, 6.5 ], "rotation": 180, "autoUv": false, "windMode": [-1,-1,-1,-1] }
													}
												}
											]
										}
									]
								}
							]
						}
					]
				},
				{
					"name": "LBShoulder",
					"from": [ 5.183, -0.0518, 2.0732 ],
					"to": [ 5.9604, 0.4665, 2.0732 ],
					"uv": [ 6.0, 9.5 ],
					"rotationOrigin": [ 5.5716, -0.0518, 2.0732 ],
					"rotationX": -22.5,
					"rotationY": 22.5,
					"rotationZ": 45.0,
					"faces": {
						"north": { "texture": "#skin", "uv": [ 6.0, 10.0, 7.5, 11.0 ], "autoUv": false },
						"east": { "texture": "#skin", "uv": [ 7.5, 10.0, 8.0, 11.0 ], "autoUv": false },
						"south": { "texture": "#skin", "uv": [ 8.0, 10.0, 9.5, 11.0 ], "autoUv": false },
						"west": { "texture": "#skin", "uv": [ 9.5, 10.0, 10.0, 11.0 ], "autoUv": false },
						"up": { "texture": "#skin", "uv": [ 6.0, 9.5, 7.5, 10.0 ], "autoUv": false },
						"down": { "texture": "#skin", "uv": [ 7.5, 9.5, 9.0, 10.0 ], "autoUv": false }
					},
					"children": [
						{
							"name": "LBLegUpper",
							"from": [ -0.0389, 0.0518, -0.2591 ],
							"to": [ 0.7386, 0.5701, 1.2957 ],
							"autoUnwrap": false,
							"uv": [ 12.5, 7.5 ],
							"rotationOrigin": [ 0.2591, 0.5701, -0.2591 ],
							"rotationX": 15.0,
							"faces": {
								"north": { "texture": "#skin", "uv": [ 11.0, 10.0, 12.5, 11.0 ], "autoUv": false },
								"east": { "texture": "#skin", "uv": [ 12.5, 10.0, 15.5, 11.0 ], "autoUv": false },
								"south": { "texture": "#skin", "uv": [ 15.5, 10.0, 17.0, 11.0 ], "autoUv": false },
								"west": { "texture": "#skin", "uv": [ 17.0, 10.0, 20.0, 11.0 ], "autoUv": false },
								"up": { "texture": "#skin", "uv": [ 12.5, 7.0, 14.0, 10.0 ], "autoUv": false },
								"down": { "texture": "#skin", "uv": [ 14.0, 7.0, 15.5, 10.0 ], "autoUv": false }
							},
							"children": [
								{
									"name": "LBLegLower",
									"from": [ 0.013, 0.0, 1.5549 ],
									"to": [ 0.7645, 0.5183, 2.5915 ],
									"uv": [ 8.0, 12.5 ],
									"rotationOrigin": [ 0.2591, 0.5183, 1.5549 ],
									"rotationX": 55.0,
									"faces": {
										"north": { "texture": "#skin", "uv": [ 8.0, 14.5, 9.0, 15.5 ], "autoUv": false },
										"east": { "texture": "#skin", "uv": [ 9.0, 14.5, 11.0, 15.5 ], "autoUv": false },
										"south": { "texture": "#skin", "uv": [ 11.0, 14.5, 12.0, 15.5 ], "autoUv": false },
										"west": { "texture": "#skin", "uv": [ 12.0, 14.5, 14.0, 15.5 ], "autoUv": false },
										"up": { "texture": "#skin", "uv": [ 8.0, 12.5, 9.0, 14.5 ], "autoUv": false },
										"down": { "texture": "#skin", "uv": [ 9.0, 12.5, 10.0, 14.5 ], "autoUv": false }
									},
									"children": [
										{
											"name": "LBFoot",
											"from": [ 0.0, 0.1926, 0.8655 ],
											"to": [ 0.7774, 0.3999, 1.4356 ],
											"uv": [ 12.0, 18.5 ],
											"rotationOrigin": [ 0.2591, 0.1926, 1.1255 ],
											"rotationX": -70.0,
											"faces": {
												"north": { "texture": "#skin", "uv": [ 12.0, 19.5, 13.5, 20.0 ], "autoUv": false },
												"east": { "texture": "#skin", "uv": [ 13.5, 19.5, 14.5, 20.0 ], "autoUv": false },
												"south": { "texture": "#skin", "uv": [ 14.5, 19.5, 16.0, 20.0 ], "autoUv": false },
												"west": { "texture": "#skin", "uv": [ 16.0, 19.5, 17.0, 20.0 ], "autoUv": false },
												"up": { "texture": "#skin", "uv": [ 12.0, 18.5, 13.5, 19.5 ], "autoUv": false },
												"down": { "texture": "#skin", "uv": [ 13.5, 18.5, 15.0, 19.5 ], "autoUv": false }
											},
											"children": [
												{
													"name": "LBClaws",
													"from": [ -0.7411, 0.0, -0.4137 ],
													"to": [ 0.8137, 0.0, 0.882 ],
													"autoUnwrap": false,
													"uv": [ 15.5, 4.0 ],
													"rotationOrigin": [ -0.4794, 0.0, -0.4146 ],
													"faces": {
														"north": { "texture": "#skin", "uv": [ 15.5, 6.5, 18.5, 7.0 ], "autoUv": false },
														"east": { "texture": "#skin", "uv": [ 18.5, 6.5, 21.0, 7.0 ], "autoUv": false },
														"south": { "texture": "#skin", "uv": [ 21.0, 6.5, 24.0, 7.0 ], "autoUv": false },
														"west": { "texture": "#skin", "uv": [ 21.5, 6.0, 24.0, 6.5 ], "autoUv": false, "windMode": [-1,-1,-1,-1] },
														"up": { "texture": "#skin", "uv": [ 15.5, 4.0, 18.5, 6.5 ], "rotation": 180, "autoUv": false, "windMode": [-1,-1,-1,-1] },
														"down": { "texture": "#skin", "uv": [ 18.5, 4.0, 21.5, 6.5 ], "rotation": 180, "autoUv": false, "windMode": [-1,-1,-1,-1] }
													}
												}
											]
										}
									]
								}
							]
						}
					]
				},
				{
					"name": "LFShoulder",
					"from": [ 0.5183, -0.0518, 2.0732 ],
					"to": [ 1.2957, 0.4665, 2.0732 ],
					"uv": [ 6.0, 9.5 ],
					"rotationOrigin": [ 0.907, -0.0518, 2.0732 ],
					"rotationX": 22.5,
					"faces": {
						"north": { "texture": "#skin", "uv": [ 6.0, 10.0, 7.5, 11.0 ], "autoUv": false },
						"east": { "texture": "#skin", "uv": [ 7.5, 10.0, 8.0, 11.0 ], "autoUv": false },
						"south": { "texture": "#skin", "uv": [ 8.0, 10.0, 9.5, 11.0 ], "autoUv": false },
						"west": { "texture": "#skin", "uv": [ 9.5, 10.0, 10.0, 11.0 ], "autoUv": false },
						"up": { "texture": "#skin", "uv": [ 6.0, 9.5, 7.5, 10.0 ], "autoUv": false },
						"down": { "texture": "#skin", "uv": [ 7.5, 9.5, 9.0, 10.0 ], "autoUv": false }
					},
					"children": [
						{
							"name": "LFLegUpper",
							"from": [ 0.0, 0.0518, -0.2591 ],
							"to": [ 0.7774, 0.5701, 1.2957 ],
							"autoUnwrap": false,
							"uv": [ 12.5, 7.5 ],
							"rotationOrigin": [ 0.2591, 0.5701, -0.2591 ],
							"rotationX": 15.0,
							"faces": {
								"north": { "texture": "#skin", "uv": [ 11.0, 10.0, 12.5, 11.0 ], "autoUv": false },
								"east": { "texture": "#skin", "uv": [ 12.5, 10.0, 15.5, 11.0 ], "autoUv": false },
								"south": { "texture": "#skin", "uv": [ 15.5, 10.0, 17.0, 11.0 ], "autoUv": false },
								"west": { "texture": "#skin", "uv": [ 17.0, 10.0, 20.0, 11.0 ], "autoUv": false },
								"up": { "texture": "#skin", "uv": [ 12.5, 7.0, 14.0, 10.0 ], "autoUv": false, "windMode": [-1,-1,-1,-1] },
								"down": { "texture": "#skin", "uv": [ 14.0, 7.0, 15.5, 10.0 ], "autoUv": false }
							},
							"children": [
								{
									"name": "LFLegLower",
									"from": [ 0.013, 0.0, 1.5549 ],
									"to": [ 0.7645, 0.5183, 2.5915 ],
									"uv": [ 8.0, 12.5 ],
									"rotationOrigin": [ 0.2591, 0.5183, 1.5549 ],
									"rotationX": 55.0,
									"faces": {
										"north": { "texture": "#skin", "uv": [ 8.0, 14.5, 9.0, 15.5 ], "autoUv": false },
										"east": { "texture": "#skin", "uv": [ 9.0, 14.5, 11.0, 15.5 ], "autoUv": false, "windMode": [-1,-1,-1,-1] },
										"south": { "texture": "#skin", "uv": [ 11.0, 14.5, 12.0, 15.5 ], "autoUv": false },
										"west": { "texture": "#skin", "uv": [ 12.0, 14.5, 14.0, 15.5 ], "autoUv": false },
										"up": { "texture": "#skin", "uv": [ 8.0, 12.5, 9.0, 14.5 ], "autoUv": false },
										"down": { "texture": "#skin", "uv": [ 9.0, 12.5, 10.0, 14.5 ], "autoUv": false }
									},
									"children": [
										{
											"name": "LFFoot",
											"from": [ 0.0, 0.1926, 0.8655 ],
											"to": [ 0.7774, 0.3999, 1.4356 ],
											"uv": [ 12.0, 18.5 ],
											"rotationOrigin": [ 0.2591, 0.1926, 1.1255 ],
											"rotationX": -70.0,
											"faces": {
												"north": { "texture": "#skin", "uv": [ 12.0, 19.5, 13.5, 20.0 ], "autoUv": false },
												"east": { "texture": "#skin", "uv": [ 13.5, 19.5, 14.5, 20.0 ], "autoUv": false, "windMode": [-1,-1,-1,-1] },
												"south": { "texture": "#skin", "uv": [ 14.5, 19.5, 16.0, 20.0 ], "autoUv": false, "windMode": [-1,-1,-1,-1] },
												"west": { "texture": "#skin", "uv": [ 16.0, 19.5, 17.0, 20.0 ], "autoUv": false },
												"up": { "texture": "#skin", "uv": [ 12.0, 18.5, 13.5, 19.5 ], "autoUv": false },
												"down": { "texture": "#skin", "uv": [ 13.5, 18.5, 15.0, 19.5 ], "autoUv": false, "windMode": [-1,-1,-1,-1] }
											},
											"children": [
												{
													"name": "LFClaws",
													"from": [ -0.7801, 0.0, -0.4137 ],
													"to": [ 0.7748, 0.0, 0.882 ],
													"autoUnwrap": false,
													"uv": [ 15.5, 4.0 ],
													"rotationOrigin": [ -0.5183, 0.0, -0.4146 ],
													"faces": {
														"north": { "texture": "#skin", "uv": [ 15.5, 6.5, 18.5, 7.0 ], "autoUv": false },
														"east": { "texture": "#skin", "uv": [ 18.5, 6.5, 21.0, 7.0 ], "autoUv": false },
														"south": { "texture": "#skin", "uv": [ 21.0, 6.5, 24.0, 7.0 ], "autoUv": false },
														"west": { "texture": "#skin", "uv": [ 21.5, 6.0, 24.0, 6.5 ], "autoUv": false, "windMode": [-1,-1,-1,-1] },
														"up": { "texture": "#skin", "uv": [ 15.5, 4.0, 18.5, 6.5 ], "rotation": 180, "autoUv": false, "windMode": [-1,-1,-1,-1] },
														"down": { "texture": "#skin", "uv": [ 18.5, 4.0, 21.5, 6.5 ], "rotation": 180, "autoUv": false, "windMode": [-1,-1,-1,-1] }
													}
												}
											]
										}
									]
								}
							]
						}
					]
				}
			]
		}
	]}