{
	"editor": {
		"allAngles": false,
		"entityTextureMode": true
	},
	"textureWidth": 28,
	"textureHeight": 24,
	"textureSizes": {
	},
	"textures": {
	},
	"elements": [
		{
			"name": "Body",
			"from": [ 5.3, 0.756, 7.37 ],
			"to": [ 8.9225, 1.7465, 8.63 ],
			"autoUnwrap": false,
			"uv": [ 1.0, 7.0 ],
			"rotationOrigin": [ 6.873, 0.756, 7.9917 ],
			"faces": {
				"north": { "texture": "#skin", "uv": [ 11.5, 4.0, 0.0, 7.0 ], "autoUv": false, "windMode": [-1,-1,-1,-1] },
				"east": { "texture": "#skin", "uv": [ 11.5, 4.0, 15.5, 7.0 ], "autoUv": false },
				"south": { "texture": "#skin", "uv": [ 0.0, 4.0, 11.5, 7.0 ], "autoUv": false, "windMode": [-1,-1,-1,-1] },
				"west": { "texture": "#skin", "uv": [ 11.5, 4.0, 15.5, 7.0 ], "autoUv": false },
				"up": { "texture": "#skin", "uv": [ 0.0, 0.0, 11.5, 4.0 ], "autoUv": false, "windMode": [-1,-1,-1,-1] },
				"down": { "texture": "#skin", "uv": [ 11.5, 0.0, 23.0, 4.0 ], "autoUv": false }
			},
			"children": [
				{
					"name": "Neck",
					"from": [ -0.7087, 0.0567, 0.2457 ],
					"to": [ 0.3622, 0.9355, 1.0174 ],
					"autoUnwrap": false,
					"uv": [ 17.0, 20.5 ],
					"rotationOrigin": [ 0.0, 0.1024, 0.7166 ],
					"rotationZ": -15.0,
					"faces": {
						"north": { "texture": "#skin", "uv": [ 17.5, 17.0, 21.5, 19.0 ], "autoUv": false, "windMode": [-1,-1,-1,-1] },
						"east": { "texture": "#skin", "uv": [ 22.5, 7.0, 25.5, 9.0 ], "autoUv": false },
						"south": { "texture": "#skin", "uv": [ 17.5, 17.0, 21.5, 19.0 ], "autoUv": false, "windMode": [-1,-1,-1,-1] },
						"west": { "texture": "#skin", "uv": [ 22.5, 7.0, 25.5, 9.0 ], "autoUv": false },
						"up": { "texture": "#skin", "uv": [ 0.0, 13.5, 4.0, 16.5 ], "autoUv": false },
						"down": { "texture": "#skin", "uv": [ 4.0, 13.5, 8.0, 16.5 ], "autoUv": false }
					},
					"children": [
						{
							"name": "Head",
							"from": [ -0.5197, 0.2489, 0.0346 ],
							"to": [ 0.126, 0.8096, 0.7355 ],
							"autoUnwrap": false,
							"uv": [ 1.0, 15.0 ],
							"rotationOrigin": [ 0.189, 0.7796, 0.5079 ],
							"rotationZ": 10.0,
							"faces": {
								"north": { "texture": "#skin", "uv": [ 9.0, 7.0, 6.0, 9.5 ], "autoUv": false, "windMode": [-1,-1,-1,-1] },
								"east": { "texture": "#skin", "uv": [ 9.0, 7.0, 12.5, 9.5 ], "autoUv": false },
								"south": { "texture": "#skin", "uv": [ 6.0, 7.0, 9.0, 9.5 ], "autoUv": false, "windMode": [-1,-1,-1,-1] },
								"west": { "texture": "#skin", "uv": [ 9.0, 7.0, 12.5, 9.5 ], "autoUv": false },
								"up": { "texture": "#skin", "uv": [ 0.0, 7.0, 3.0, 10.5 ], "autoUv": false },
								"down": { "texture": "#skin", "uv": [ 3.0, 7.0, 6.0, 10.5 ], "autoUv": false }
							},
							"children": [
								{
									"name": "LowerJaw",
									"from": [ -0.5355, -0.0914, 0.0284 ],
									"to": [ 0.5512, 0.0882, 0.6741 ],
									"autoUnwrap": false,
									"uv": [ 0.0, 12.0 ],
									"rotationOrigin": [ -0.063, 0.0236, 0.441 ],
									"rotationZ": 10.0,
									"faces": {
										"north": { "texture": "#skin", "uv": [ 9.0, 9.5, 12.0, 10.0 ], "autoUv": false },
										"east": { "texture": "#skin", "uv": [ 9.0, 9.5, 12.0, 10.0 ], "autoUv": false },
										"south": { "texture": "#skin", "uv": [ 9.0, 9.5, 12.0, 10.0 ], "autoUv": false },
										"west": { "texture": "#skin", "uv": [ 9.0, 9.5, 12.0, 10.0 ], "autoUv": false },
										"up": { "texture": "#skin", "uv": [ 0.0, 10.5, 3.0, 13.5 ], "autoUv": false },
										"down": { "texture": "#skin", "uv": [ 3.0, 10.5, 6.0, 13.5 ], "autoUv": false }
									}
								},
								{
									"name": "UpperJaw",
									"from": [ -0.567, 0.0882, 0.0284 ],
									"to": [ 0.2362, 0.5331, 0.6741 ],
									"autoUnwrap": false,
									"uv": [ 20.5, 13.5 ],
									"rotationOrigin": [ -0.567, 0.2047, -0.0315 ],
									"faces": {
										"north": { "texture": "#skin", "uv": [ 6.0, 16.5, 3.0, 18.0 ], "autoUv": false },
										"east": { "texture": "#skin", "uv": [ 20.0, 9.5, 23.0, 11.0 ], "autoUv": false },
										"south": { "texture": "#skin", "uv": [ 3.0, 16.5, 6.0, 18.0 ], "autoUv": false, "windMode": [-1,-1,-1,-1] },
										"west": { "texture": "#skin", "uv": [ 20.0, 9.5, 23.0, 11.0 ], "autoUv": false },
										"up": { "texture": "#skin", "uv": [ 0.0, 16.5, 3.0, 19.5 ], "autoUv": false },
										"down": { "texture": "#skin", "uv": [ 6.0, 17.0, 9.0, 20.0 ], "autoUv": false }
									}
								},
								{
									"name": "LeftEye",
									"from": [ 0.1181, 0.3307, 0.5512 ],
									"to": [ 0.2953, 0.5079, 0.7245 ],
									"unwrapMode": 1,
									"autoUnwrap": false,
									"uv": [ 10.0, 17.0 ],
									"rotationOrigin": [ 0.2362, 0.4725, 0.693 ],
									"faces": {
										"north": { "texture": "#skin", "uv": [ 11.5, 18.0, 11.0, 18.5 ], "autoUv": false, "windMode": [-1,-1,-1,-1] },
										"east": { "texture": "#skin", "uv": [ 10.0, 18.0, 11.0, 18.5 ], "autoUv": false },
										"south": { "texture": "#skin", "uv": [ 12.5, 17.5, 13.5, 18.5 ], "rotation": 180, "autoUv": false, "windMode": [-1,-1,-1,-1] },
										"west": { "texture": "#skin", "uv": [ 11.5, 18.0, 12.5, 18.5 ], "autoUv": false },
										"up": { "texture": "#skin", "uv": [ 11.0, 17.0, 11.5, 18.0 ], "rotation": 180, "autoUv": false },
										"down": { "texture": "#skin", "uv": [ 11.0, 18.5, 11.5, 19.5 ], "autoUv": false }
									}
								},
								{
									"name": "RightEye",
									"from": [ 0.1181, 0.3307, -0.0221 ],
									"to": [ 0.2953, 0.5079, 0.2142 ],
									"unwrapMode": 1,
									"autoUnwrap": false,
									"uv": [ 10.0, 17.0 ],
									"rotationOrigin": [ 0.2362, 0.4725, 0.1181 ],
									"faces": {
										"north": { "texture": "#skin", "uv": [ 12.5, 17.5, 13.5, 18.5 ], "autoUv": false },
										"east": { "texture": "#skin", "uv": [ 10.0, 18.0, 11.0, 18.5 ], "autoUv": false },
										"south": { "texture": "#skin", "uv": [ 11.0, 18.0, 11.5, 18.5 ], "autoUv": false },
										"west": { "texture": "#skin", "uv": [ 11.5, 18.0, 12.5, 18.5 ], "autoUv": false },
										"up": { "texture": "#skin", "uv": [ 11.0, 17.0, 11.5, 18.0 ], "rotation": 180, "autoUv": false },
										"down": { "texture": "#skin", "uv": [ 11.0, 18.5, 11.5, 19.5 ], "autoUv": false }
									}
								}
							]
						}
					]
				},
				{
					"name": "RFShoulder",
					"from": [ 0.315, -0.0315, 0.0 ],
					"to": [ 0.7875, 0.2835, 0.0 ],
					"uv": [ 6.0, 9.5 ],
					"rotationOrigin": [ 0.5512, -0.0315, 0.0 ],
					"faces": {
						"north": { "texture": "#skin", "uv": [ 6.0, 10.0, 7.5, 11.0 ], "autoUv": false },
						"east": { "texture": "#skin", "uv": [ 7.5, 10.0, 8.0, 11.0 ], "autoUv": false },
						"south": { "texture": "#skin", "uv": [ 8.0, 10.0, 9.5, 11.0 ], "autoUv": false },
						"west": { "texture": "#skin", "uv": [ 9.5, 10.0, 10.0, 11.0 ], "autoUv": false },
						"up": { "texture": "#skin", "uv": [ 6.0, 9.5, 7.5, 10.0 ], "autoUv": false },
						"down": { "texture": "#skin", "uv": [ 7.5, 9.5, 9.0, 10.0 ], "autoUv": false }
					},
					"children": [
						{
							"name": "RFLegUpper",
							"from": [ 0.0, 0.0315, -0.7875 ],
							"to": [ 0.567, 0.4095, 0.1575 ],
							"autoUnwrap": false,
							"uv": [ 12.5, 7.5 ],
							"rotationOrigin": [ 0.1575, 0.3465, 0.1575 ],
							"rotationX": -15.0,
							"faces": {
								"north": { "texture": "#skin", "uv": [ 11.0, 10.0, 12.5, 11.0 ], "autoUv": false },
								"east": { "texture": "#skin", "uv": [ 12.5, 10.0, 15.5, 11.0 ], "autoUv": false },
								"south": { "texture": "#skin", "uv": [ 15.5, 10.0, 17.0, 11.0 ], "autoUv": false },
								"west": { "texture": "#skin", "uv": [ 17.0, 10.0, 20.0, 11.0 ], "autoUv": false },
								"up": { "texture": "#skin", "uv": [ 12.5, 7.0, 14.0, 10.0 ], "autoUv": false },
								"down": { "texture": "#skin", "uv": [ 14.0, 7.0, 15.5, 10.0 ], "autoUv": false }
							},
							"children": [
								{
									"name": "RFLegLower",
									"from": [ 0.0094, 0.0, -0.63 ],
									"to": [ 0.5607, 0.3465, 0.0 ],
									"uv": [ 8.0, 12.5 ],
									"rotationOrigin": [ 0.1575, 0.315, 0.0 ],
									"rotationX": -55.0,
									"faces": {
										"north": { "texture": "#skin", "uv": [ 8.0, 14.5, 9.5, 15.5 ], "autoUv": false },
										"east": { "texture": "#skin", "uv": [ 9.5, 14.5, 11.5, 15.5 ], "autoUv": false },
										"south": { "texture": "#skin", "uv": [ 11.5, 14.5, 13.0, 15.5 ], "autoUv": false },
										"west": { "texture": "#skin", "uv": [ 13.0, 14.5, 15.0, 15.5 ], "autoUv": false, "windMode": [-1,-1,-1,-1] },
										"up": { "texture": "#skin", "uv": [ 8.0, 12.5, 9.5, 14.5 ], "autoUv": false, "windMode": [-1,-1,-1,-1] },
										"down": { "texture": "#skin", "uv": [ 9.5, 12.5, 11.0, 14.5 ], "autoUv": false }
									},
									"children": [
										{
											"name": "RFFoot",
											"from": [ 0.0, 0.1391, -0.2334 ],
											"to": [ 0.567, 0.2651, 0.1131 ],
											"uv": [ 12.0, 18.5 ],
											"rotationOrigin": [ 0.1559, 0.1391, -0.0765 ],
											"rotationX": 70.0,
											"faces": {
												"north": { "texture": "#skin", "uv": [ 12.0, 19.5, 13.5, 20.0 ], "autoUv": false },
												"east": { "texture": "#skin", "uv": [ 13.5, 19.5, 14.5, 20.0 ], "autoUv": false },
												"south": { "texture": "#skin", "uv": [ 14.5, 19.5, 16.0, 20.0 ], "autoUv": false },
												"west": { "texture": "#skin", "uv": [ 16.0, 19.5, 17.0, 20.0 ], "autoUv": false },
												"up": { "texture": "#skin", "uv": [ 12.0, 18.5, 13.5, 19.5 ], "autoUv": false },
												"down": { "texture": "#skin", "uv": [ 13.5, 18.5, 15.0, 19.5 ], "autoUv": false }
											},
											"children": [
												{
													"name": "RFClaws",
													"from": [ -0.1639, -0.0819, -0.1291 ],
													"to": [ 0.5641, 0.2016, 0.5009 ],
													"autoUnwrap": false,
													"uv": [ 22.0, 15.5 ],
													"rotationOrigin": [ -0.0035, -0.081, -0.1303 ],
													"faces": {
														"north": { "texture": "#skin", "uv": [ 23.0, 4.0, 26.0, 5.0 ], "autoUv": false },
														"east": { "texture": "#skin", "uv": [ 23.0, 5.0, 25.5, 6.0 ], "autoUv": false },
														"south": { "texture": "#skin", "uv": [ 23.0, 4.0, 26.0, 5.0 ], "autoUv": false },
														"west": { "texture": "#skin", "uv": [ 23.0, 6.0, 25.5, 7.0 ], "autoUv": false, "windMode": [-1,-1,-1,-1] },
														"up": { "texture": "#skin", "uv": [ 17.0, 4.0, 20.0, 6.5 ], "rotation": 180, "autoUv": false, "windMode": [-1,-1,-1,-1] },
														"down": { "texture": "#skin", "uv": [ 20.0, 4.0, 23.0, 6.5 ], "rotation": 180, "autoUv": false, "windMode": [-1,-1,-1,-1] }
													}
												}
											]
										}
									]
								}
							]
						}
					]
				},
				{
					"name": "RBShoulder",
					"from": [ 3.0555, -0.0315, 0.0 ],
					"to": [ 3.528, 0.2835, 0.0 ],
					"uv": [ 6.0, 9.5 ],
					"rotationOrigin": [ 3.2917, -0.0315, 0.0 ],
					"faces": {
						"north": { "texture": "#skin", "uv": [ 6.0, 10.0, 7.5, 11.0 ], "autoUv": false },
						"east": { "texture": "#skin", "uv": [ 7.5, 10.0, 8.0, 11.0 ], "autoUv": false },
						"south": { "texture": "#skin", "uv": [ 8.0, 10.0, 9.5, 11.0 ], "autoUv": false },
						"west": { "texture": "#skin", "uv": [ 9.5, 10.0, 10.0, 11.0 ], "autoUv": false },
						"up": { "texture": "#skin", "uv": [ 6.0, 9.5, 7.5, 10.0 ], "autoUv": false },
						"down": { "texture": "#skin", "uv": [ 7.5, 9.5, 9.0, 10.0 ], "autoUv": false }
					},
					"children": [
						{
							"name": "RBLegUpper",
							"from": [ -0.0236, 0.0315, -0.7875 ],
							"to": [ 0.5434, 0.4095, 0.1575 ],
							"autoUnwrap": false,
							"uv": [ 12.5, 7.5 ],
							"rotationOrigin": [ 0.1575, 0.3465, 0.1575 ],
							"rotationX": -15.0,
							"faces": {
								"north": { "texture": "#skin", "uv": [ 11.0, 10.0, 12.5, 11.0 ], "autoUv": false },
								"east": { "texture": "#skin", "uv": [ 12.5, 10.0, 15.5, 11.0 ], "autoUv": false },
								"south": { "texture": "#skin", "uv": [ 15.5, 10.0, 17.0, 11.0 ], "autoUv": false },
								"west": { "texture": "#skin", "uv": [ 17.0, 10.0, 20.0, 11.0 ], "autoUv": false },
								"up": { "texture": "#skin", "uv": [ 12.5, 7.0, 14.0, 10.0 ], "autoUv": false },
								"down": { "texture": "#skin", "uv": [ 14.0, 7.0, 15.5, 10.0 ], "autoUv": false }
							},
							"children": [
								{
									"name": "RBLegLower",
									"from": [ 0.0079, 0.0, -0.63 ],
									"to": [ 0.5591, 0.3465, 0.0 ],
									"uv": [ 8.0, 12.5 ],
									"rotationOrigin": [ 0.1575, 0.315, 0.0 ],
									"rotationX": -55.0,
									"faces": {
										"north": { "texture": "#skin", "uv": [ 8.0, 14.5, 9.5, 15.5 ], "autoUv": false },
										"east": { "texture": "#skin", "uv": [ 9.5, 14.5, 11.5, 15.5 ], "autoUv": false },
										"south": { "texture": "#skin", "uv": [ 11.5, 14.5, 13.0, 15.5 ], "autoUv": false },
										"west": { "texture": "#skin", "uv": [ 13.0, 14.5, 15.0, 15.5 ], "autoUv": false, "windMode": [-1,-1,-1,-1] },
										"up": { "texture": "#skin", "uv": [ 8.0, 12.5, 9.5, 14.5 ], "autoUv": false },
										"down": { "texture": "#skin", "uv": [ 9.5, 12.5, 11.0, 14.5 ], "autoUv": false }
									},
									"children": [
										{
											"name": "RBFoot",
											"from": [ 0.0, 0.1374, -0.203 ],
											"to": [ 0.567, 0.2634, 0.1435 ],
											"uv": [ 12.0, 18.5 ],
											"rotationOrigin": [ 0.1575, 0.1374, -0.0443 ],
											"rotationX": 70.0,
											"faces": {
												"north": { "texture": "#skin", "uv": [ 12.0, 19.5, 13.5, 20.0 ], "autoUv": false },
												"east": { "texture": "#skin", "uv": [ 13.5, 19.5, 14.5, 20.0 ], "autoUv": false },
												"south": { "texture": "#skin", "uv": [ 14.5, 19.5, 16.0, 20.0 ], "autoUv": false },
												"west": { "texture": "#skin", "uv": [ 16.0, 19.5, 17.0, 20.0 ], "autoUv": false },
												"up": { "texture": "#skin", "uv": [ 12.0, 18.5, 13.5, 19.5 ], "autoUv": false },
												"down": { "texture": "#skin", "uv": [ 13.5, 18.5, 15.0, 19.5 ], "autoUv": false }
											},
											"children": [
												{
													"name": "RBClaws",
													"from": [ -0.1707, -0.1102, -0.1417 ],
													"to": [ 0.5573, 0.1732, 0.4882 ],
													"autoUnwrap": false,
													"uv": [ 23.0, 7.5 ],
													"rotationOrigin": [ -0.0113, -0.1106, -0.1411 ],
													"faces": {
														"north": { "texture": "#skin", "uv": [ 23.0, 4.0, 26.0, 5.0 ], "autoUv": false, "windMode": [-1,-1,-1,-1] },
														"east": { "texture": "#skin", "uv": [ 23.0, 5.0, 25.5, 6.0 ], "autoUv": false },
														"south": { "texture": "#skin", "uv": [ 23.0, 4.0, 26.0, 5.0 ], "autoUv": false, "windMode": [-1,-1,-1,-1] },
														"west": { "texture": "#skin", "uv": [ 23.0, 6.0, 25.5, 7.0 ], "autoUv": false, "windMode": [-1,-1,-1,-1] },
														"up": { "texture": "#skin", "uv": [ 17.0, 4.0, 20.0, 6.5 ], "rotation": 180, "autoUv": false, "windMode": [-1,-1,-1,-1] },
														"down": { "texture": "#skin", "uv": [ 20.0, 4.0, 23.0, 6.5 ], "rotation": 180, "autoUv": false, "windMode": [-1,-1,-1,-1] }
													}
												}
											]
										}
									]
								}
							]
						}
					]
				},
				{
					"name": "LBShoulder",
					"from": [ 3.0555, -0.0315, 1.26 ],
					"to": [ 3.528, 0.2835, 1.26 ],
					"uv": [ 6.0, 9.5 ],
					"rotationOrigin": [ 3.2917, -0.0315, 1.26 ],
					"faces": {
						"north": { "texture": "#skin", "uv": [ 6.0, 10.0, 7.5, 11.0 ], "autoUv": false },
						"east": { "texture": "#skin", "uv": [ 7.5, 10.0, 8.0, 11.0 ], "autoUv": false },
						"south": { "texture": "#skin", "uv": [ 8.0, 10.0, 9.5, 11.0 ], "autoUv": false },
						"west": { "texture": "#skin", "uv": [ 9.5, 10.0, 10.0, 11.0 ], "autoUv": false },
						"up": { "texture": "#skin", "uv": [ 6.0, 9.5, 7.5, 10.0 ], "autoUv": false },
						"down": { "texture": "#skin", "uv": [ 7.5, 9.5, 9.0, 10.0 ], "autoUv": false }
					},
					"children": [
						{
							"name": "LBLegUpper",
							"from": [ -0.0236, 0.0315, -0.1575 ],
							"to": [ 0.5434, 0.4095, 0.7875 ],
							"autoUnwrap": false,
							"uv": [ 12.5, 7.5 ],
							"rotationOrigin": [ 0.1575, 0.3465, -0.1575 ],
							"rotationX": 15.0,
							"faces": {
								"north": { "texture": "#skin", "uv": [ 11.0, 10.0, 12.5, 11.0 ], "autoUv": false },
								"east": { "texture": "#skin", "uv": [ 12.5, 10.0, 15.5, 11.0 ], "autoUv": false },
								"south": { "texture": "#skin", "uv": [ 15.5, 10.0, 17.0, 11.0 ], "autoUv": false },
								"west": { "texture": "#skin", "uv": [ 17.0, 10.0, 20.0, 11.0 ], "autoUv": false },
								"up": { "texture": "#skin", "uv": [ 12.5, 7.0, 14.0, 10.0 ], "autoUv": false },
								"down": { "texture": "#skin", "uv": [ 14.0, 7.0, 15.5, 10.0 ], "autoUv": false }
							},
							"children": [
								{
									"name": "LBLegLower",
									"from": [ 0.0079, 0.0, 0.945 ],
									"to": [ 0.5591, 0.3465, 1.575 ],
									"uv": [ 8.0, 12.5 ],
									"rotationOrigin": [ 0.1575, 0.315, 0.945 ],
									"rotationX": 55.0,
									"faces": {
										"north": { "texture": "#skin", "uv": [ 8.0, 14.5, 9.5, 15.5 ], "autoUv": false },
										"east": { "texture": "#skin", "uv": [ 9.5, 14.5, 11.5, 15.5 ], "autoUv": false },
										"south": { "texture": "#skin", "uv": [ 11.5, 14.5, 13.0, 15.5 ], "autoUv": false },
										"west": { "texture": "#skin", "uv": [ 13.0, 14.5, 15.0, 15.5 ], "autoUv": false },
										"up": { "texture": "#skin", "uv": [ 8.0, 12.5, 9.5, 14.5 ], "autoUv": false },
										"down": { "texture": "#skin", "uv": [ 9.5, 12.5, 11.0, 14.5 ], "autoUv": false }
									},
									"children": [
										{
											"name": "LBFoot",
											"from": [ 0.0, 0.1171, 0.526 ],
											"to": [ 0.567, 0.2431, 0.8725 ],
											"uv": [ 12.0, 18.5 ],
											"rotationOrigin": [ 0.1575, 0.1171, 0.6841 ],
											"rotationX": -70.0,
											"faces": {
												"north": { "texture": "#skin", "uv": [ 12.0, 19.5, 13.5, 20.0 ], "autoUv": false },
												"east": { "texture": "#skin", "uv": [ 13.5, 19.5, 14.5, 20.0 ], "autoUv": false },
												"south": { "texture": "#skin", "uv": [ 14.5, 19.5, 16.0, 20.0 ], "autoUv": false },
												"west": { "texture": "#skin", "uv": [ 16.0, 19.5, 17.0, 20.0 ], "autoUv": false },
												"up": { "texture": "#skin", "uv": [ 12.0, 18.5, 13.5, 19.5 ], "autoUv": false },
												"down": { "texture": "#skin", "uv": [ 13.5, 18.5, 15.0, 19.5 ], "autoUv": false }
											},
											"children": [
												{
													"name": "LBClaws",
													"from": [ -0.1707, -0.0945, -0.1575 ],
													"to": [ 0.5573, 0.189, 0.4725 ],
													"autoUnwrap": false,
													"uv": [ 19.5, 8.0 ],
													"rotationOrigin": [ -0.0113, -0.0945, -0.1575 ],
													"faces": {
														"north": { "texture": "#skin", "uv": [ 23.0, 4.0, 26.0, 5.0 ], "autoUv": false },
														"east": { "texture": "#skin", "uv": [ 23.0, 5.0, 25.5, 6.0 ], "autoUv": false },
														"south": { "texture": "#skin", "uv": [ 23.0, 4.0, 26.0, 5.0 ], "autoUv": false },
														"west": { "texture": "#skin", "uv": [ 23.0, 6.0, 25.5, 7.0 ], "autoUv": false, "windMode": [-1,-1,-1,-1] },
														"up": { "texture": "#skin", "uv": [ 17.0, 4.0, 20.0, 6.5 ], "rotation": 180, "autoUv": false, "windMode": [-1,-1,-1,-1] },
														"down": { "texture": "#skin", "uv": [ 20.0, 4.0, 23.0, 6.5 ], "rotation": 180, "autoUv": false, "windMode": [-1,-1,-1,-1] }
													}
												}
											]
										}
									]
								}
							]
						}
					]
				},
				{
					"name": "LFShoulder",
					"from": [ 0.315, -0.0315, 1.26 ],
					"to": [ 0.7875, 0.2835, 1.26 ],
					"uv": [ 6.0, 9.5 ],
					"rotationOrigin": [ 0.5512, -0.0315, 1.26 ],
					"faces": {
						"north": { "texture": "#skin", "uv": [ 6.0, 10.0, 7.5, 11.0 ], "autoUv": false },
						"east": { "texture": "#skin", "uv": [ 7.5, 10.0, 8.0, 11.0 ], "autoUv": false },
						"south": { "texture": "#skin", "uv": [ 8.0, 10.0, 9.5, 11.0 ], "autoUv": false },
						"west": { "texture": "#skin", "uv": [ 9.5, 10.0, 10.0, 11.0 ], "autoUv": false },
						"up": { "texture": "#skin", "uv": [ 6.0, 9.5, 7.5, 10.0 ], "autoUv": false },
						"down": { "texture": "#skin", "uv": [ 7.5, 9.5, 9.0, 10.0 ], "autoUv": false }
					},
					"children": [
						{
							"name": "LFLegUpper",
							"from": [ 0.0, 0.0315, -0.1575 ],
							"to": [ 0.567, 0.4095, 0.7875 ],
							"autoUnwrap": false,
							"uv": [ 12.5, 7.5 ],
							"rotationOrigin": [ 0.1575, 0.3465, -0.1575 ],
							"rotationX": 15.0,
							"faces": {
								"north": { "texture": "#skin", "uv": [ 11.0, 10.0, 12.5, 11.0 ], "autoUv": false },
								"east": { "texture": "#skin", "uv": [ 12.5, 10.0, 15.5, 11.0 ], "autoUv": false },
								"south": { "texture": "#skin", "uv": [ 15.5, 10.0, 17.0, 11.0 ], "autoUv": false },
								"west": { "texture": "#skin", "uv": [ 17.0, 10.0, 20.0, 11.0 ], "autoUv": false },
								"up": { "texture": "#skin", "uv": [ 12.5, 7.0, 14.0, 10.0 ], "autoUv": false, "windMode": [-1,-1,-1,-1] },
								"down": { "texture": "#skin", "uv": [ 14.0, 7.0, 15.5, 10.0 ], "autoUv": false }
							},
							"children": [
								{
									"name": "LFLegLower",
									"from": [ 0.0063, 0.0, 0.945 ],
									"to": [ 0.5576, 0.3465, 1.575 ],
									"uv": [ 8.0, 12.5 ],
									"rotationOrigin": [ 0.1575, 0.315, 0.945 ],
									"rotationX": 55.0,
									"faces": {
										"north": { "texture": "#skin", "uv": [ 8.0, 14.5, 9.5, 15.5 ], "autoUv": false },
										"east": { "texture": "#skin", "uv": [ 9.5, 14.5, 11.5, 15.5 ], "autoUv": false, "windMode": [-1,-1,-1,-1] },
										"south": { "texture": "#skin", "uv": [ 11.5, 14.5, 13.0, 15.5 ], "autoUv": false },
										"west": { "texture": "#skin", "uv": [ 13.0, 14.5, 15.0, 15.5 ], "autoUv": false },
										"up": { "texture": "#skin", "uv": [ 8.0, 12.5, 9.5, 14.5 ], "autoUv": false },
										"down": { "texture": "#skin", "uv": [ 9.5, 12.5, 11.0, 14.5 ], "autoUv": false }
									},
									"children": [
										{
											"name": "LFFoot",
											"from": [ 0.0, 0.1171, 0.526 ],
											"to": [ 0.567, 0.2431, 0.8725 ],
											"uv": [ 12.0, 18.5 ],
											"rotationOrigin": [ 0.1575, 0.1171, 0.6841 ],
											"rotationX": -70.0,
											"faces": {
												"north": { "texture": "#skin", "uv": [ 12.0, 19.5, 13.5, 20.0 ], "autoUv": false },
												"east": { "texture": "#skin", "uv": [ 13.5, 19.5, 14.5, 20.0 ], "autoUv": false },
												"south": { "texture": "#skin", "uv": [ 14.5, 19.5, 16.0, 20.0 ], "autoUv": false },
												"west": { "texture": "#skin", "uv": [ 16.0, 19.5, 17.0, 20.0 ], "autoUv": false },
												"up": { "texture": "#skin", "uv": [ 12.0, 18.5, 13.5, 19.5 ], "autoUv": false },
												"down": { "texture": "#skin", "uv": [ 13.5, 18.5, 15.0, 19.5 ], "autoUv": false }
											},
											"children": [
												{
													"name": "LFClaws",
													"from": [ -0.1639, -0.126, -0.126 ],
													"to": [ 0.5641, 0.1575, 0.504 ],
													"autoUnwrap": false,
													"uv": [ 20.0, 15.5 ],
													"rotationOrigin": [ -0.0035, -0.126, -0.126 ],
													"faces": {
														"north": { "texture": "#skin", "uv": [ 23.0, 4.0, 26.0, 5.0 ], "autoUv": false },
														"east": { "texture": "#skin", "uv": [ 23.0, 5.0, 25.5, 6.0 ], "autoUv": false },
														"south": { "texture": "#skin", "uv": [ 23.0, 4.0, 26.0, 5.0 ], "autoUv": false },
														"west": { "texture": "#skin", "uv": [ 23.0, 6.0, 25.5, 7.0 ], "autoUv": false, "windMode": [-1,-1,-1,-1] },
														"up": { "texture": "#skin", "uv": [ 17.0, 4.0, 20.0, 6.5 ], "rotation": 180, "autoUv": false, "windMode": [-1,-1,-1,-1] },
														"down": { "texture": "#skin", "uv": [ 20.0, 4.0, 23.0, 6.5 ], "rotation": 180, "autoUv": false, "windMode": [-1,-1,-1,-1] }
													}
												}
											]
										}
									]
								}
							]
						}
					]
				},
				{
					"name": "Cube2",
					"from": [ 3.5506, 0.091, 0.1593 ],
					"to": [ 4.6886, 0.8421, 1.1152 ],
					"autoUnwrap": false,
					"uv": [ 6.5, 17.0 ],
					"rotationOrigin": [ 3.5506, 0.7738, 0.1593 ],
					"rotationY": 4.0,
					"rotationZ": -4.0,
					"faces": {
						"north": { "texture": "#skin", "uv": [ 0.0, 21.0, 5.0, 24.0 ], "autoUv": false },
						"east": { "texture": "#skin", "uv": [ 15.0, 21.0, 19.0, 24.0 ], "autoUv": false },
						"south": { "texture": "#skin", "uv": [ 0.0, 21.0, 5.0, 24.0 ], "autoUv": false },
						"west": { "texture": "#skin", "uv": [ 15.0, 21.0, 19.0, 24.0 ], "autoUv": false },
						"up": { "texture": "#skin", "uv": [ 5.0, 20.0, 10.0, 24.0 ], "autoUv": false },
						"down": { "texture": "#skin", "uv": [ 10.0, 20.0, 15.0, 24.0 ], "autoUv": false }
					},
					"children": [
						{
							"name": "UpperTail",
							"from": [ 0.9218, 0.0665, 0.1242 ],
							"to": [ 2.3302, 0.6965, 0.8172 ],
							"autoUnwrap": false,
							"uv": [ 0.5, 26.5 ],
							"rotationOrigin": [ 0.9213, 0.3815, 0.5967 ],
							"rotationY": 8.0,
							"faces": {
								"north": { "texture": "#skin", "uv": [ 22.0, 15.0, 15.0, 17.0 ], "autoUv": false, "windMode": [-1,-1,-1,-1] },
								"east": { "texture": "#skin", "uv": [ 20.0, 11.0, 22.0, 13.0 ], "autoUv": false },
								"south": { "texture": "#skin", "uv": [ 15.0, 15.0, 22.0, 17.0 ], "autoUv": false, "windMode": [-1,-1,-1,-1] },
								"west": { "texture": "#skin", "uv": [ 20.0, 11.0, 22.0, 13.0 ], "autoUv": false },
								"up": { "texture": "#skin", "uv": [ 15.0, 13.0, 22.0, 15.0 ], "autoUv": false, "windMode": [-1,-1,-1,-1] },
								"down": { "texture": "#skin", "uv": [ 13.0, 11.0, 20.0, 13.0 ], "autoUv": false }
							},
							"children": [
								{
									"name": "MidTail",
									"from": [ 0.7511, 0.1102, 0.0637 ],
									"to": [ 2.5009, 0.5985, 0.5992 ],
									"autoUnwrap": false,
									"uv": [ 5.5, 15.0 ],
									"rotationOrigin": [ 0.752, 0.063, -0.1102 ],
									"rotationY": -4.0,
									"faces": {
										"north": { "texture": "#skin", "uv": [ 19.0, 20.0, 26.0, 21.5 ], "autoUv": false, "windMode": [-1,-1,-1,-1] },
										"east": { "texture": "#skin", "uv": [ 15.5, 4.0, 17.0, 5.5 ], "autoUv": false },
										"south": { "texture": "#skin", "uv": [ 19.0, 20.0, 26.0, 21.5 ], "autoUv": false, "windMode": [-1,-1,-1,-1] },
										"west": { "texture": "#skin", "uv": [ 15.5, 4.0, 17.0, 5.5 ], "autoUv": false },
										"up": { "texture": "#skin", "uv": [ 6.0, 11.0, 13.0, 12.5 ], "autoUv": false, "windMode": [-1,-1,-1,-1] },
										"down": { "texture": "#skin", "uv": [ 8.0, 15.5, 15.0, 17.0 ], "autoUv": false }
									},
									"children": [
										{
											"name": "LowerTail",
											"from": [ 1.0014, 0.0724, 0.0865 ],
											"to": [ 3.434, 0.4504, 0.4645 ],
											"autoUnwrap": false,
											"uv": [ 16.0, 27.5 ],
											"rotationOrigin": [ 1.0024, 0.3465, 0.1409 ],
											"rotationY": -4.0,
											"faces": {
												"north": { "texture": "#skin", "uv": [ 24.0, 19.0, 17.0, 20.0 ], "autoUv": false, "windMode": [-1,-1,-1,-1] },
												"east": { "texture": "#skin", "uv": [ 10.0, 10.0, 11.0, 11.0 ], "autoUv": false, "windMode": [-1,-1,-1,-1] },
												"south": { "texture": "#skin", "uv": [ 17.0, 19.0, 24.0, 20.0 ], "autoUv": false, "windMode": [-1,-1,-1,-1] },
												"west": { "texture": "#skin", "uv": [ 10.0, 10.0, 11.0, 11.0 ], "autoUv": false, "windMode": [-1,-1,-1,-1] },
												"up": { "texture": "#skin", "uv": [ 15.5, 7.0, 22.5, 8.0 ], "autoUv": false },
												"down": { "texture": "#skin", "uv": [ 15.5, 8.0, 22.5, 9.0 ], "autoUv": false }
											}
										}
									]
								}
							]
						}
					]
				}
			]
		}
	]}