{
	"editor": {
		"allAngles": false,
		"entityTextureMode": true
	},
	"textureWidth": 28,
	"textureHeight": 24,
	"textureSizes": {
	},
	"textures": {
	},
	"elements": [
		{
			"name": "Body",
			"from": [ -1.31, 3.78, 5.8607 ],
			"to": [ 16.8024, 8.7326, 12.1607 ],
			"autoUnwrap": false,
			"uv": [ 1.0, 7.0 ],
			"rotationOrigin": [ 6.5651, 3.78, 8.9583 ],
			"faces": {
				"north": { "texture": "#skin", "uv": [ 11.5, 4.0, 0.0, 7.0 ], "autoUv": false, "windMode": [-1,-1,-1,-1] },
				"east": { "texture": "#skin", "uv": [ 11.5, 4.0, 15.5, 7.0 ], "autoUv": false },
				"south": { "texture": "#skin", "uv": [ 0.0, 4.0, 11.5, 7.0 ], "autoUv": false, "windMode": [-1,-1,-1,-1] },
				"west": { "texture": "#skin", "uv": [ 11.5, 4.0, 15.5, 7.0 ], "autoUv": false },
				"up": { "texture": "#skin", "uv": [ 0.0, 0.0, 11.5, 4.0 ], "autoUv": false, "windMode": [-1,-1,-1,-1] },
				"down": { "texture": "#skin", "uv": [ 11.5, 0.0, 23.0, 4.0 ], "autoUv": false }
			},
			"children": [
				{
					"name": "Neck",
					"from": [ -3.5437, 0.2835, 1.2285 ],
					"to": [ 1.8112, 4.6777, 5.0872 ],
					"autoUnwrap": false,
					"uv": [ 17.0, 20.5 ],
					"rotationOrigin": [ 0.0, 0.5119, 3.5831 ],
					"rotationZ": -15.0,
					"faces": {
						"north": { "texture": "#skin", "uv": [ 17.5, 17.0, 21.5, 19.0 ], "autoUv": false, "windMode": [-1,-1,-1,-1] },
						"east": { "texture": "#skin", "uv": [ 22.5, 7.0, 25.5, 9.0 ], "autoUv": false },
						"south": { "texture": "#skin", "uv": [ 17.5, 17.0, 21.5, 19.0 ], "autoUv": false, "windMode": [-1,-1,-1,-1] },
						"west": { "texture": "#skin", "uv": [ 22.5, 7.0, 25.5, 9.0 ], "autoUv": false },
						"up": { "texture": "#skin", "uv": [ 0.0, 13.5, 4.0, 16.5 ], "autoUv": false },
						"down": { "texture": "#skin", "uv": [ 4.0, 13.5, 8.0, 16.5 ], "autoUv": false }
					},
					"children": [
						{
							"name": "Head",
							"from": [ -2.5987, 1.2443, 0.1732 ],
							"to": [ 0.63, 4.0478, 3.6776 ],
							"autoUnwrap": false,
							"uv": [ 1.0, 15.0 ],
							"rotationOrigin": [ 0.945, 3.8981, 2.5397 ],
							"rotationZ": 10.0,
							"faces": {
								"north": { "texture": "#skin", "uv": [ 9.0, 7.0, 6.0, 9.5 ], "autoUv": false, "windMode": [-1,-1,-1,-1] },
								"east": { "texture": "#skin", "uv": [ 9.0, 7.0, 12.5, 9.5 ], "autoUv": false },
								"south": { "texture": "#skin", "uv": [ 6.0, 7.0, 9.0, 9.5 ], "autoUv": false, "windMode": [-1,-1,-1,-1] },
								"west": { "texture": "#skin", "uv": [ 9.0, 7.0, 12.5, 9.5 ], "autoUv": false },
								"up": { "texture": "#skin", "uv": [ 0.0, 7.0, 3.0, 10.5 ], "autoUv": false },
								"down": { "texture": "#skin", "uv": [ 3.0, 7.0, 6.0, 10.5 ], "autoUv": false }
							},
							"children": [
								{
									"name": "LowerJaw",
									"from": [ -2.6775, -0.4568, 0.1418 ],
									"to": [ 2.7562, 0.441, 3.3705 ],
									"autoUnwrap": false,
									"uv": [ 0.0, 12.0 ],
									"rotationOrigin": [ -0.315, 0.1181, 2.205 ],
									"rotationZ": 10.0,
									"faces": {
										"north": { "texture": "#skin", "uv": [ 9.0, 9.5, 12.0, 10.0 ], "autoUv": false },
										"east": { "texture": "#skin", "uv": [ 9.0, 9.5, 12.0, 10.0 ], "autoUv": false },
										"south": { "texture": "#skin", "uv": [ 9.0, 9.5, 12.0, 10.0 ], "autoUv": false },
										"west": { "texture": "#skin", "uv": [ 9.0, 9.5, 12.0, 10.0 ], "autoUv": false },
										"up": { "texture": "#skin", "uv": [ 0.0, 10.5, 3.0, 13.5 ], "autoUv": false },
										"down": { "texture": "#skin", "uv": [ 3.0, 10.5, 6.0, 13.5 ], "autoUv": false }
									}
								},
								{
									"name": "UpperJaw",
									"from": [ -2.835, 0.441, 0.1418 ],
									"to": [ 1.1812, 2.6657, 3.3705 ],
									"autoUnwrap": false,
									"uv": [ 20.5, 13.5 ],
									"rotationOrigin": [ -2.835, 1.0237, -0.1575 ],
									"faces": {
										"north": { "texture": "#skin", "uv": [ 6.0, 16.5, 3.0, 18.0 ], "autoUv": false },
										"east": { "texture": "#skin", "uv": [ 20.0, 9.5, 23.0, 11.0 ], "autoUv": false },
										"south": { "texture": "#skin", "uv": [ 3.0, 16.5, 6.0, 18.0 ], "autoUv": false, "windMode": [-1,-1,-1,-1] },
										"west": { "texture": "#skin", "uv": [ 20.0, 9.5, 23.0, 11.0 ], "autoUv": false },
										"up": { "texture": "#skin", "uv": [ 0.0, 16.5, 3.0, 19.5 ], "autoUv": false },
										"down": { "texture": "#skin", "uv": [ 6.0, 17.0, 9.0, 20.0 ], "autoUv": false }
									}
								},
								{
									"name": "LeftEye",
									"from": [ 0.5906, 1.6537, 2.7562 ],
									"to": [ 1.4766, 2.5397, 3.6225 ],
									"unwrapMode": 1,
									"autoUnwrap": false,
									"uv": [ 10.0, 17.0 ],
									"rotationOrigin": [ 1.1812, 2.3625, 3.465 ],
									"faces": {
										"north": { "texture": "#skin", "uv": [ 11.5, 18.0, 11.0, 18.5 ], "autoUv": false, "windMode": [-1,-1,-1,-1] },
										"east": { "texture": "#skin", "uv": [ 10.0, 18.0, 11.0, 18.5 ], "autoUv": false },
										"south": { "texture": "#skin", "uv": [ 12.5, 17.5, 13.5, 18.5 ], "rotation": 180, "autoUv": false, "windMode": [-1,-1,-1,-1] },
										"west": { "texture": "#skin", "uv": [ 11.5, 18.0, 12.5, 18.5 ], "autoUv": false },
										"up": { "texture": "#skin", "uv": [ 11.0, 17.0, 11.5, 18.0 ], "rotation": 180, "autoUv": false },
										"down": { "texture": "#skin", "uv": [ 11.0, 18.5, 11.5, 19.5 ], "autoUv": false }
									}
								},
								{
									"name": "RightEye",
									"from": [ 0.5906, 1.6537, -0.1103 ],
									"to": [ 1.4766, 2.5397, 1.071 ],
									"unwrapMode": 1,
									"autoUnwrap": false,
									"uv": [ 10.0, 17.0 ],
									"rotationOrigin": [ 1.1812, 2.3625, 0.5906 ],
									"faces": {
										"north": { "texture": "#skin", "uv": [ 12.5, 17.5, 13.5, 18.5 ], "autoUv": false },
										"east": { "texture": "#skin", "uv": [ 10.0, 18.0, 11.0, 18.5 ], "autoUv": false },
										"south": { "texture": "#skin", "uv": [ 11.0, 18.0, 11.5, 18.5 ], "autoUv": false },
										"west": { "texture": "#skin", "uv": [ 11.5, 18.0, 12.5, 18.5 ], "autoUv": false },
										"up": { "texture": "#skin", "uv": [ 11.0, 17.0, 11.5, 18.0 ], "rotation": 180, "autoUv": false },
										"down": { "texture": "#skin", "uv": [ 11.0, 18.5, 11.5, 19.5 ], "autoUv": false }
									}
								}
							]
						}
					]
				},
				{
					"name": "RFShoulder",
					"from": [ 1.575, -0.1575, 0.0 ],
					"to": [ 3.9375, 1.4175, 0.0 ],
					"uv": [ 6.0, 9.5 ],
					"rotationOrigin": [ 2.7562, -0.1575, 0.0 ],
					"faces": {
						"north": { "texture": "#skin", "uv": [ 6.0, 10.0, 7.5, 11.0 ], "autoUv": false },
						"east": { "texture": "#skin", "uv": [ 7.5, 10.0, 8.0, 11.0 ], "autoUv": false },
						"south": { "texture": "#skin", "uv": [ 8.0, 10.0, 9.5, 11.0 ], "autoUv": false },
						"west": { "texture": "#skin", "uv": [ 9.5, 10.0, 10.0, 11.0 ], "autoUv": false },
						"up": { "texture": "#skin", "uv": [ 6.0, 9.5, 7.5, 10.0 ], "autoUv": false },
						"down": { "texture": "#skin", "uv": [ 7.5, 9.5, 9.0, 10.0 ], "autoUv": false }
					},
					"children": [
						{
							"name": "RFLegUpper",
							"from": [ 0.0, 0.1575, -3.9375 ],
							"to": [ 2.835, 2.0475, 0.7875 ],
							"autoUnwrap": false,
							"uv": [ 12.5, 7.5 ],
							"rotationOrigin": [ 0.7875, 1.7325, 0.7875 ],
							"rotationX": -15.0,
							"faces": {
								"north": { "texture": "#skin", "uv": [ 11.0, 10.0, 12.5, 11.0 ], "autoUv": false },
								"east": { "texture": "#skin", "uv": [ 12.5, 10.0, 15.5, 11.0 ], "autoUv": false },
								"south": { "texture": "#skin", "uv": [ 15.5, 10.0, 17.0, 11.0 ], "autoUv": false },
								"west": { "texture": "#skin", "uv": [ 17.0, 10.0, 20.0, 11.0 ], "autoUv": false },
								"up": { "texture": "#skin", "uv": [ 12.5, 7.0, 14.0, 10.0 ], "autoUv": false },
								"down": { "texture": "#skin", "uv": [ 14.0, 7.0, 15.5, 10.0 ], "autoUv": false }
							},
							"children": [
								{
									"name": "RFLegLower",
									"from": [ 0.0472, 0.0, -3.15 ],
									"to": [ 2.8035, 1.7325, 0.0 ],
									"uv": [ 8.0, 12.5 ],
									"rotationOrigin": [ 0.7875, 1.575, 0.0 ],
									"rotationX": -55.0,
									"faces": {
										"north": { "texture": "#skin", "uv": [ 8.0, 14.5, 9.5, 15.5 ], "autoUv": false },
										"east": { "texture": "#skin", "uv": [ 9.5, 14.5, 11.5, 15.5 ], "autoUv": false },
										"south": { "texture": "#skin", "uv": [ 11.5, 14.5, 13.0, 15.5 ], "autoUv": false },
										"west": { "texture": "#skin", "uv": [ 13.0, 14.5, 15.0, 15.5 ], "autoUv": false, "windMode": [-1,-1,-1,-1] },
										"up": { "texture": "#skin", "uv": [ 8.0, 12.5, 9.5, 14.5 ], "autoUv": false, "windMode": [-1,-1,-1,-1] },
										"down": { "texture": "#skin", "uv": [ 9.5, 12.5, 11.0, 14.5 ], "autoUv": false }
									},
									"children": [
										{
											"name": "RFFoot",
											"from": [ 0.0, 0.6953, -1.1668 ],
											"to": [ 2.835, 1.3253, 0.5657 ],
											"uv": [ 12.0, 18.5 ],
											"rotationOrigin": [ 0.7796, 0.6953, -0.3823 ],
											"rotationX": 70.0,
											"faces": {
												"north": { "texture": "#skin", "uv": [ 12.0, 19.5, 13.5, 20.0 ], "autoUv": false },
												"east": { "texture": "#skin", "uv": [ 13.5, 19.5, 14.5, 20.0 ], "autoUv": false },
												"south": { "texture": "#skin", "uv": [ 14.5, 19.5, 16.0, 20.0 ], "autoUv": false },
												"west": { "texture": "#skin", "uv": [ 16.0, 19.5, 17.0, 20.0 ], "autoUv": false },
												"up": { "texture": "#skin", "uv": [ 12.0, 18.5, 13.5, 19.5 ], "autoUv": false },
												"down": { "texture": "#skin", "uv": [ 13.5, 18.5, 15.0, 19.5 ], "autoUv": false }
											},
											"children": [
												{
													"name": "RFClaws",
													"from": [ -0.8194, -0.4095, -0.6457 ],
													"to": [ 2.8204, 1.008, 2.5043 ],
													"autoUnwrap": false,
													"uv": [ 22.0, 15.5 ],
													"rotationOrigin": [ -0.0173, -0.4051, -0.6517 ],
													"faces": {
														"north": { "texture": "#skin", "uv": [ 23.0, 4.0, 26.0, 5.0 ], "autoUv": false },
														"east": { "texture": "#skin", "uv": [ 23.0, 5.0, 25.5, 6.0 ], "autoUv": false },
														"south": { "texture": "#skin", "uv": [ 23.0, 4.0, 26.0, 5.0 ], "autoUv": false },
														"west": { "texture": "#skin", "uv": [ 23.0, 6.0, 25.5, 7.0 ], "autoUv": false, "windMode": [-1,-1,-1,-1] },
														"up": { "texture": "#skin", "uv": [ 17.0, 4.0, 20.0, 6.5 ], "rotation": 180, "autoUv": false, "windMode": [-1,-1,-1,-1] },
														"down": { "texture": "#skin", "uv": [ 20.0, 4.0, 23.0, 6.5 ], "rotation": 180, "autoUv": false, "windMode": [-1,-1,-1,-1] }
													}
												}
											]
										}
									]
								}
							]
						}
					]
				},
				{
					"name": "RBShoulder",
					"from": [ 15.2774, -0.1575, 0.0 ],
					"to": [ 17.6399, 1.4175, 0.0 ],
					"uv": [ 6.0, 9.5 ],
					"rotationOrigin": [ 16.4587, -0.1575, 0.0 ],
					"faces": {
						"north": { "texture": "#skin", "uv": [ 6.0, 10.0, 7.5, 11.0 ], "autoUv": false },
						"east": { "texture": "#skin", "uv": [ 7.5, 10.0, 8.0, 11.0 ], "autoUv": false },
						"south": { "texture": "#skin", "uv": [ 8.0, 10.0, 9.5, 11.0 ], "autoUv": false },
						"west": { "texture": "#skin", "uv": [ 9.5, 10.0, 10.0, 11.0 ], "autoUv": false },
						"up": { "texture": "#skin", "uv": [ 6.0, 9.5, 7.5, 10.0 ], "autoUv": false },
						"down": { "texture": "#skin", "uv": [ 7.5, 9.5, 9.0, 10.0 ], "autoUv": false }
					},
					"children": [
						{
							"name": "RBLegUpper",
							"from": [ -0.1181, 0.1575, -3.9375 ],
							"to": [ 2.7169, 2.0475, 0.7875 ],
							"autoUnwrap": false,
							"uv": [ 12.5, 7.5 ],
							"rotationOrigin": [ 0.7875, 1.7325, 0.7875 ],
							"rotationX": -15.0,
							"faces": {
								"north": { "texture": "#skin", "uv": [ 11.0, 10.0, 12.5, 11.0 ], "autoUv": false },
								"east": { "texture": "#skin", "uv": [ 12.5, 10.0, 15.5, 11.0 ], "autoUv": false },
								"south": { "texture": "#skin", "uv": [ 15.5, 10.0, 17.0, 11.0 ], "autoUv": false },
								"west": { "texture": "#skin", "uv": [ 17.0, 10.0, 20.0, 11.0 ], "autoUv": false },
								"up": { "texture": "#skin", "uv": [ 12.5, 7.0, 14.0, 10.0 ], "autoUv": false },
								"down": { "texture": "#skin", "uv": [ 14.0, 7.0, 15.5, 10.0 ], "autoUv": false }
							},
							"children": [
								{
									"name": "RBLegLower",
									"from": [ 0.0394, 0.0, -3.15 ],
									"to": [ 2.7956, 1.7325, 0.0 ],
									"uv": [ 8.0, 12.5 ],
									"rotationOrigin": [ 0.7875, 1.575, 0.0 ],
									"rotationX": -55.0,
									"faces": {
										"north": { "texture": "#skin", "uv": [ 8.0, 14.5, 9.5, 15.5 ], "autoUv": false },
										"east": { "texture": "#skin", "uv": [ 9.5, 14.5, 11.5, 15.5 ], "autoUv": false },
										"south": { "texture": "#skin", "uv": [ 11.5, 14.5, 13.0, 15.5 ], "autoUv": false },
										"west": { "texture": "#skin", "uv": [ 13.0, 14.5, 15.0, 15.5 ], "autoUv": false, "windMode": [-1,-1,-1,-1] },
										"up": { "texture": "#skin", "uv": [ 8.0, 12.5, 9.5, 14.5 ], "autoUv": false },
										"down": { "texture": "#skin", "uv": [ 9.5, 12.5, 11.0, 14.5 ], "autoUv": false }
									},
									"children": [
										{
											"name": "RBFoot",
											"from": [ 0.0, 0.6869, -1.0152 ],
											"to": [ 2.835, 1.3169, 0.7173 ],
											"uv": [ 12.0, 18.5 ],
											"rotationOrigin": [ 0.7875, 0.6869, -0.2216 ],
											"rotationX": 70.0,
											"faces": {
												"north": { "texture": "#skin", "uv": [ 12.0, 19.5, 13.5, 20.0 ], "autoUv": false },
												"east": { "texture": "#skin", "uv": [ 13.5, 19.5, 14.5, 20.0 ], "autoUv": false },
												"south": { "texture": "#skin", "uv": [ 14.5, 19.5, 16.0, 20.0 ], "autoUv": false },
												"west": { "texture": "#skin", "uv": [ 16.0, 19.5, 17.0, 20.0 ], "autoUv": false },
												"up": { "texture": "#skin", "uv": [ 12.0, 18.5, 13.5, 19.5 ], "autoUv": false },
												"down": { "texture": "#skin", "uv": [ 13.5, 18.5, 15.0, 19.5 ], "autoUv": false }
											},
											"children": [
												{
													"name": "RBClaws",
													"from": [ -0.8535, -0.5512, -0.7087 ],
													"to": [ 2.7863, 0.8662, 2.4412 ],
													"autoUnwrap": false,
													"uv": [ 23.0, 7.5 ],
													"rotationOrigin": [ -0.0567, -0.553, -0.7056 ],
													"faces": {
														"north": { "texture": "#skin", "uv": [ 23.0, 4.0, 26.0, 5.0 ], "autoUv": false, "windMode": [-1,-1,-1,-1] },
														"east": { "texture": "#skin", "uv": [ 23.0, 5.0, 25.5, 6.0 ], "autoUv": false },
														"south": { "texture": "#skin", "uv": [ 23.0, 4.0, 26.0, 5.0 ], "autoUv": false, "windMode": [-1,-1,-1,-1] },
														"west": { "texture": "#skin", "uv": [ 23.0, 6.0, 25.5, 7.0 ], "autoUv": false, "windMode": [-1,-1,-1,-1] },
														"up": { "texture": "#skin", "uv": [ 17.0, 4.0, 20.0, 6.5 ], "rotation": 180, "autoUv": false, "windMode": [-1,-1,-1,-1] },
														"down": { "texture": "#skin", "uv": [ 20.0, 4.0, 23.0, 6.5 ], "rotation": 180, "autoUv": false, "windMode": [-1,-1,-1,-1] }
													}
												}
											]
										}
									]
								}
							]
						}
					]
				},
				{
					"name": "LBShoulder",
					"from": [ 15.2774, -0.1575, 6.3 ],
					"to": [ 17.6399, 1.4175, 6.3 ],
					"uv": [ 6.0, 9.5 ],
					"rotationOrigin": [ 16.4587, -0.1575, 6.3 ],
					"faces": {
						"north": { "texture": "#skin", "uv": [ 6.0, 10.0, 7.5, 11.0 ], "autoUv": false },
						"east": { "texture": "#skin", "uv": [ 7.5, 10.0, 8.0, 11.0 ], "autoUv": false },
						"south": { "texture": "#skin", "uv": [ 8.0, 10.0, 9.5, 11.0 ], "autoUv": false },
						"west": { "texture": "#skin", "uv": [ 9.5, 10.0, 10.0, 11.0 ], "autoUv": false },
						"up": { "texture": "#skin", "uv": [ 6.0, 9.5, 7.5, 10.0 ], "autoUv": false },
						"down": { "texture": "#skin", "uv": [ 7.5, 9.5, 9.0, 10.0 ], "autoUv": false }
					},
					"children": [
						{
							"name": "LBLegUpper",
							"from": [ -0.1181, 0.1575, -0.7875 ],
							"to": [ 2.7169, 2.0475, 3.9375 ],
							"autoUnwrap": false,
							"uv": [ 12.5, 7.5 ],
							"rotationOrigin": [ 0.7875, 1.7325, -0.7875 ],
							"rotationX": 15.0,
							"faces": {
								"north": { "texture": "#skin", "uv": [ 11.0, 10.0, 12.5, 11.0 ], "autoUv": false },
								"east": { "texture": "#skin", "uv": [ 12.5, 10.0, 15.5, 11.0 ], "autoUv": false },
								"south": { "texture": "#skin", "uv": [ 15.5, 10.0, 17.0, 11.0 ], "autoUv": false },
								"west": { "texture": "#skin", "uv": [ 17.0, 10.0, 20.0, 11.0 ], "autoUv": false },
								"up": { "texture": "#skin", "uv": [ 12.5, 7.0, 14.0, 10.0 ], "autoUv": false },
								"down": { "texture": "#skin", "uv": [ 14.0, 7.0, 15.5, 10.0 ], "autoUv": false }
							},
							"children": [
								{
									"name": "LBLegLower",
									"from": [ 0.0394, 0.0, 4.725 ],
									"to": [ 2.7956, 1.7325, 7.875 ],
									"uv": [ 8.0, 12.5 ],
									"rotationOrigin": [ 0.7875, 1.575, 4.725 ],
									"rotationX": 55.0,
									"faces": {
										"north": { "texture": "#skin", "uv": [ 8.0, 14.5, 9.5, 15.5 ], "autoUv": false },
										"east": { "texture": "#skin", "uv": [ 9.5, 14.5, 11.5, 15.5 ], "autoUv": false },
										"south": { "texture": "#skin", "uv": [ 11.5, 14.5, 13.0, 15.5 ], "autoUv": false },
										"west": { "texture": "#skin", "uv": [ 13.0, 14.5, 15.0, 15.5 ], "autoUv": false },
										"up": { "texture": "#skin", "uv": [ 8.0, 12.5, 9.5, 14.5 ], "autoUv": false },
										"down": { "texture": "#skin", "uv": [ 9.5, 12.5, 11.0, 14.5 ], "autoUv": false }
									},
									"children": [
										{
											"name": "LBFoot",
											"from": [ 0.0, 0.5853, 2.6299 ],
											"to": [ 2.835, 1.2153, 4.3624 ],
											"uv": [ 12.0, 18.5 ],
											"rotationOrigin": [ 0.7875, 0.5853, 3.4203 ],
											"rotationX": -70.0,
											"faces": {
												"north": { "texture": "#skin", "uv": [ 12.0, 19.5, 13.5, 20.0 ], "autoUv": false },
												"east": { "texture": "#skin", "uv": [ 13.5, 19.5, 14.5, 20.0 ], "autoUv": false },
												"south": { "texture": "#skin", "uv": [ 14.5, 19.5, 16.0, 20.0 ], "autoUv": false },
												"west": { "texture": "#skin", "uv": [ 16.0, 19.5, 17.0, 20.0 ], "autoUv": false },
												"up": { "texture": "#skin", "uv": [ 12.0, 18.5, 13.5, 19.5 ], "autoUv": false },
												"down": { "texture": "#skin", "uv": [ 13.5, 18.5, 15.0, 19.5 ], "autoUv": false }
											},
											"children": [
												{
													"name": "LBClaws",
													"from": [ -0.8535, -0.4725, -0.7875 ],
													"to": [ 2.7863, 0.945, 2.3625 ],
													"autoUnwrap": false,
													"uv": [ 19.5, 8.0 ],
													"rotationOrigin": [ -0.0567, -0.4725, -0.7875 ],
													"faces": {
														"north": { "texture": "#skin", "uv": [ 23.0, 4.0, 26.0, 5.0 ], "autoUv": false },
														"east": { "texture": "#skin", "uv": [ 23.0, 5.0, 25.5, 6.0 ], "autoUv": false },
														"south": { "texture": "#skin", "uv": [ 23.0, 4.0, 26.0, 5.0 ], "autoUv": false },
														"west": { "texture": "#skin", "uv": [ 23.0, 6.0, 25.5, 7.0 ], "autoUv": false, "windMode": [-1,-1,-1,-1] },
														"up": { "texture": "#skin", "uv": [ 17.0, 4.0, 20.0, 6.5 ], "rotation": 180, "autoUv": false, "windMode": [-1,-1,-1,-1] },
														"down": { "texture": "#skin", "uv": [ 20.0, 4.0, 23.0, 6.5 ], "rotation": 180, "autoUv": false, "windMode": [-1,-1,-1,-1] }
													}
												}
											]
										}
									]
								}
							]
						}
					]
				},
				{
					"name": "LFShoulder",
					"from": [ 1.575, -0.1575, 6.3 ],
					"to": [ 3.9375, 1.4175, 6.3 ],
					"uv": [ 6.0, 9.5 ],
					"rotationOrigin": [ 2.7562, -0.1575, 6.3 ],
					"faces": {
						"north": { "texture": "#skin", "uv": [ 6.0, 10.0, 7.5, 11.0 ], "autoUv": false },
						"east": { "texture": "#skin", "uv": [ 7.5, 10.0, 8.0, 11.0 ], "autoUv": false },
						"south": { "texture": "#skin", "uv": [ 8.0, 10.0, 9.5, 11.0 ], "autoUv": false },
						"west": { "texture": "#skin", "uv": [ 9.5, 10.0, 10.0, 11.0 ], "autoUv": false },
						"up": { "texture": "#skin", "uv": [ 6.0, 9.5, 7.5, 10.0 ], "autoUv": false },
						"down": { "texture": "#skin", "uv": [ 7.5, 9.5, 9.0, 10.0 ], "autoUv": false }
					},
					"children": [
						{
							"name": "LFLegUpper",
							"from": [ 0.0, 0.1575, -0.7875 ],
							"to": [ 2.835, 2.0475, 3.9375 ],
							"autoUnwrap": false,
							"uv": [ 12.5, 7.5 ],
							"rotationOrigin": [ 0.7875, 1.7325, -0.7875 ],
							"rotationX": 15.0,
							"faces": {
								"north": { "texture": "#skin", "uv": [ 11.0, 10.0, 12.5, 11.0 ], "autoUv": false },
								"east": { "texture": "#skin", "uv": [ 12.5, 10.0, 15.5, 11.0 ], "autoUv": false },
								"south": { "texture": "#skin", "uv": [ 15.5, 10.0, 17.0, 11.0 ], "autoUv": false },
								"west": { "texture": "#skin", "uv": [ 17.0, 10.0, 20.0, 11.0 ], "autoUv": false },
								"up": { "texture": "#skin", "uv": [ 12.5, 7.0, 14.0, 10.0 ], "autoUv": false, "windMode": [-1,-1,-1,-1] },
								"down": { "texture": "#skin", "uv": [ 14.0, 7.0, 15.5, 10.0 ], "autoUv": false }
							},
							"children": [
								{
									"name": "LFLegLower",
									"from": [ 0.0315, 0.0, 4.725 ],
									"to": [ 2.7878, 1.7325, 7.875 ],
									"uv": [ 8.0, 12.5 ],
									"rotationOrigin": [ 0.7875, 1.575, 4.725 ],
									"rotationX": 55.0,
									"faces": {
										"north": { "texture": "#skin", "uv": [ 8.0, 14.5, 9.5, 15.5 ], "autoUv": false },
										"east": { "texture": "#skin", "uv": [ 9.5, 14.5, 11.5, 15.5 ], "autoUv": false, "windMode": [-1,-1,-1,-1] },
										"south": { "texture": "#skin", "uv": [ 11.5, 14.5, 13.0, 15.5 ], "autoUv": false },
										"west": { "texture": "#skin", "uv": [ 13.0, 14.5, 15.0, 15.5 ], "autoUv": false },
										"up": { "texture": "#skin", "uv": [ 8.0, 12.5, 9.5, 14.5 ], "autoUv": false },
										"down": { "texture": "#skin", "uv": [ 9.5, 12.5, 11.0, 14.5 ], "autoUv": false }
									},
									"children": [
										{
											"name": "LFFoot",
											"from": [ 0.0, 0.5853, 2.6299 ],
											"to": [ 2.835, 1.2153, 4.3624 ],
											"uv": [ 12.0, 18.5 ],
											"rotationOrigin": [ 0.7875, 0.5853, 3.4203 ],
											"rotationX": -70.0,
											"faces": {
												"north": { "texture": "#skin", "uv": [ 12.0, 19.5, 13.5, 20.0 ], "autoUv": false },
												"east": { "texture": "#skin", "uv": [ 13.5, 19.5, 14.5, 20.0 ], "autoUv": false },
												"south": { "texture": "#skin", "uv": [ 14.5, 19.5, 16.0, 20.0 ], "autoUv": false },
												"west": { "texture": "#skin", "uv": [ 16.0, 19.5, 17.0, 20.0 ], "autoUv": false },
												"up": { "texture": "#skin", "uv": [ 12.0, 18.5, 13.5, 19.5 ], "autoUv": false },
												"down": { "texture": "#skin", "uv": [ 13.5, 18.5, 15.0, 19.5 ], "autoUv": false }
											},
											"children": [
												{
													"name": "LFClaws",
													"from": [ -0.8194, -0.63, -0.63 ],
													"to": [ 2.8204, 0.7875, 2.52 ],
													"autoUnwrap": false,
													"uv": [ 20.0, 15.5 ],
													"rotationOrigin": [ -0.0173, -0.63, -0.63 ],
													"faces": {
														"north": { "texture": "#skin", "uv": [ 23.0, 4.0, 26.0, 5.0 ], "autoUv": false },
														"east": { "texture": "#skin", "uv": [ 23.0, 5.0, 25.5, 6.0 ], "autoUv": false },
														"south": { "texture": "#skin", "uv": [ 23.0, 4.0, 26.0, 5.0 ], "autoUv": false },
														"west": { "texture": "#skin", "uv": [ 23.0, 6.0, 25.5, 7.0 ], "autoUv": false, "windMode": [-1,-1,-1,-1] },
														"up": { "texture": "#skin", "uv": [ 17.0, 4.0, 20.0, 6.5 ], "rotation": 180, "autoUv": false, "windMode": [-1,-1,-1,-1] },
														"down": { "texture": "#skin", "uv": [ 20.0, 4.0, 23.0, 6.5 ], "rotation": 180, "autoUv": false, "windMode": [-1,-1,-1,-1] }
													}
												}
											]
										}
									]
								}
							]
						}
					]
				},
				{
					"name": "Cube2",
					"from": [ 17.7528, 0.4552, 0.7966 ],
					"to": [ 23.4428, 4.2106, 5.5762 ],
					"autoUnwrap": false,
					"uv": [ 6.5, 17.0 ],
					"rotationOrigin": [ 17.7528, 3.8692, 0.7966 ],
					"rotationY": 4.0,
					"rotationZ": -4.0,
					"faces": {
						"north": { "texture": "#skin", "uv": [ 0.0, 21.0, 5.0, 24.0 ], "autoUv": false },
						"east": { "texture": "#skin", "uv": [ 15.0, 21.0, 19.0, 24.0 ], "autoUv": false },
						"south": { "texture": "#skin", "uv": [ 0.0, 21.0, 5.0, 24.0 ], "autoUv": false },
						"west": { "texture": "#skin", "uv": [ 15.0, 21.0, 19.0, 24.0 ], "autoUv": false },
						"up": { "texture": "#skin", "uv": [ 5.0, 20.0, 10.0, 24.0 ], "autoUv": false },
						"down": { "texture": "#skin", "uv": [ 10.0, 20.0, 15.0, 24.0 ], "autoUv": false }
					},
					"children": [
						{
							"name": "UpperTail",
							"from": [ 4.6089, 0.3323, 0.6209 ],
							"to": [ 11.6508, 3.4823, 4.0859 ],
							"autoUnwrap": false,
							"uv": [ 0.5, 26.5 ],
							"rotationOrigin": [ 4.6066, 1.9073, 2.9834 ],
							"rotationY": 8.0,
							"faces": {
								"north": { "texture": "#skin", "uv": [ 22.0, 15.0, 15.0, 17.0 ], "autoUv": false, "windMode": [-1,-1,-1,-1] },
								"east": { "texture": "#skin", "uv": [ 20.0, 11.0, 22.0, 13.0 ], "autoUv": false },
								"south": { "texture": "#skin", "uv": [ 15.0, 15.0, 22.0, 17.0 ], "autoUv": false, "windMode": [-1,-1,-1,-1] },
								"west": { "texture": "#skin", "uv": [ 20.0, 11.0, 22.0, 13.0 ], "autoUv": false },
								"up": { "texture": "#skin", "uv": [ 15.0, 13.0, 22.0, 15.0 ], "autoUv": false, "windMode": [-1,-1,-1,-1] },
								"down": { "texture": "#skin", "uv": [ 13.0, 11.0, 20.0, 13.0 ], "autoUv": false }
							},
							"children": [
								{
									"name": "MidTail",
									"from": [ 3.7554, 0.5512, 0.3186 ],
									"to": [ 12.5043, 2.9925, 2.9961 ],
									"autoUnwrap": false,
									"uv": [ 5.5, 15.0 ],
									"rotationOrigin": [ 3.76, 0.315, -0.5512 ],
									"rotationY": -4.0,
									"faces": {
										"north": { "texture": "#skin", "uv": [ 19.0, 20.0, 26.0, 21.5 ], "autoUv": false, "windMode": [-1,-1,-1,-1] },
										"east": { "texture": "#skin", "uv": [ 15.5, 4.0, 17.0, 5.5 ], "autoUv": false },
										"south": { "texture": "#skin", "uv": [ 19.0, 20.0, 26.0, 21.5 ], "autoUv": false, "windMode": [-1,-1,-1,-1] },
										"west": { "texture": "#skin", "uv": [ 15.5, 4.0, 17.0, 5.5 ], "autoUv": false },
										"up": { "texture": "#skin", "uv": [ 6.0, 11.0, 13.0, 12.5 ], "autoUv": false, "windMode": [-1,-1,-1,-1] },
										"down": { "texture": "#skin", "uv": [ 8.0, 15.5, 15.0, 17.0 ], "autoUv": false }
									},
									"children": [
										{
											"name": "LowerTail",
											"from": [ 5.0072, 0.3622, 0.4324 ],
											"to": [ 17.1701, 2.2522, 2.3224 ],
											"autoUnwrap": false,
											"uv": [ 16.0, 27.5 ],
											"rotationOrigin": [ 5.0118, 1.7325, 0.7044 ],
											"rotationY": -4.0,
											"faces": {
												"north": { "texture": "#skin", "uv": [ 24.0, 19.0, 17.0, 20.0 ], "autoUv": false, "windMode": [-1,-1,-1,-1] },
												"east": { "texture": "#skin", "uv": [ 10.0, 10.0, 11.0, 11.0 ], "autoUv": false, "windMode": [-1,-1,-1,-1] },
												"south": { "texture": "#skin", "uv": [ 17.0, 19.0, 24.0, 20.0 ], "autoUv": false, "windMode": [-1,-1,-1,-1] },
												"west": { "texture": "#skin", "uv": [ 10.0, 10.0, 11.0, 11.0 ], "autoUv": false, "windMode": [-1,-1,-1,-1] },
												"up": { "texture": "#skin", "uv": [ 15.5, 7.0, 22.5, 8.0 ], "autoUv": false },
												"down": { "texture": "#skin", "uv": [ 15.5, 8.0, 22.5, 9.0 ], "autoUv": false }
											}
										}
									]
								}
							]
						}
					]
				}
			]
		}
	]}