{
	"editor": {
		"allAngles": false,
		"entityTextureMode": true
	},
	"textureWidth": 24,
	"textureHeight": 20,
	"textureSizes": {
	},
	"textures": {
	},
	"elements": [
		{
			"name": "Body",
			"from": [ 3.83, 0.8632, 7.37 ],
			"to": [ 8.5571, 2.0963, 9.0142 ],
			"autoUnwrap": false,
			"uv": [ 1.0, 7.0 ],
			"rotationOrigin": [ 5.8884, 0.8632, 8.1884 ],
			"rotationY": 12.5,
			"faces": {
				"north": { "texture": "#skin", "uv": [ 11.5, 4.0, 0.0, 7.0 ], "autoUv": false, "windMode": [-1,-1,-1,-1] },
				"east": { "texture": "#skin", "uv": [ 11.5, 4.0, 15.5, 7.0 ], "autoUv": false },
				"south": { "texture": "#skin", "uv": [ 0.0, 4.0, 11.5, 7.0 ], "autoUv": false, "windMode": [-1,-1,-1,-1] },
				"west": { "texture": "#skin", "uv": [ 11.5, 4.0, 15.5, 7.0 ], "autoUv": false },
				"up": { "texture": "#skin", "uv": [ 0.0, 0.0, 11.5, 4.0 ], "autoUv": false, "windMode": [-1,-1,-1,-1] },
				"down": { "texture": "#skin", "uv": [ 11.5, 0.0, 23.0, 4.0 ], "autoUv": false }
			},
			"children": [
				{
					"name": "Neck",
					"from": [ -1.1715, 0.2384, 0.3617 ],
					"to": [ 0.2672, 1.0153, 1.2866 ],
					"autoUnwrap": false,
					"uv": [ 17.0, 20.5 ],
					"rotationOrigin": [ -0.2466, 0.298, 0.9762 ],
					"rotationY": -10.0,
					"faces": {
						"north": { "texture": "#skin", "uv": [ 17.5, 17.0, 21.5, 19.0 ], "autoUv": false, "windMode": [-1,-1,-1,-1] },
						"east": { "texture": "#skin", "uv": [ 10.0, 12.5, 13.0, 14.5 ], "autoUv": false },
						"south": { "texture": "#skin", "uv": [ 17.5, 17.0, 21.5, 19.0 ], "autoUv": false, "windMode": [-1,-1,-1,-1] },
						"west": { "texture": "#skin", "uv": [ 10.0, 12.5, 13.0, 14.5 ], "autoUv": false },
						"up": { "texture": "#skin", "uv": [ 0.0, 13.5, 4.0, 16.5 ], "autoUv": false },
						"down": { "texture": "#skin", "uv": [ 4.0, 13.5, 8.0, 16.5 ], "autoUv": false }
					},
					"children": [
						{
							"name": "Head",
							"from": [ -1.0893, -0.0463, -0.0771 ],
							"to": [ 0.0, 0.8088, 1.0019 ],
							"autoUnwrap": false,
							"uv": [ 1.0, 15.0 ],
							"rotationOrigin": [ -0.1644, 0.6474, 0.5395 ],
							"faces": {
								"north": { "texture": "#skin", "uv": [ 9.0, 7.0, 6.0, 9.5 ], "autoUv": false, "windMode": [-1,-1,-1,-1] },
								"east": { "texture": "#skin", "uv": [ 9.0, 7.0, 12.5, 9.5 ], "autoUv": false },
								"south": { "texture": "#skin", "uv": [ 6.0, 7.0, 9.0, 9.5 ], "autoUv": false, "windMode": [-1,-1,-1,-1] },
								"west": { "texture": "#skin", "uv": [ 9.0, 7.0, 12.5, 9.5 ], "autoUv": false },
								"up": { "texture": "#skin", "uv": [ 0.0, 7.0, 3.0, 10.5 ], "autoUv": false },
								"down": { "texture": "#skin", "uv": [ 3.0, 7.0, 6.0, 10.5 ], "autoUv": false }
							},
							"children": [
								{
									"name": "LowerJaw",
									"from": [ -0.7399, 0.0, 0.0771 ],
									"to": [ 0.3083, 0.1541, 1.0019 ],
									"autoUnwrap": false,
									"uv": [ 0.0, 12.0 ],
									"rotationOrigin": [ -0.1233, 0.1541, 0.6166 ],
									"faces": {
										"north": { "texture": "#skin", "uv": [ 9.0, 9.5, 12.0, 10.0 ], "autoUv": false },
										"east": { "texture": "#skin", "uv": [ 9.0, 9.5, 12.0, 10.0 ], "autoUv": false },
										"south": { "texture": "#skin", "uv": [ 9.0, 9.5, 12.0, 10.0 ], "autoUv": false },
										"west": { "texture": "#skin", "uv": [ 9.0, 9.5, 12.0, 10.0 ], "autoUv": false },
										"up": { "texture": "#skin", "uv": [ 0.0, 10.5, 3.0, 13.5 ], "autoUv": false },
										"down": { "texture": "#skin", "uv": [ 3.0, 10.5, 6.0, 13.5 ], "autoUv": false }
									}
								},
								{
									"name": "UpperJaw",
									"from": [ -0.7399, 0.1541, 0.0771 ],
									"to": [ 0.3083, 0.7347, 1.0019 ],
									"autoUnwrap": false,
									"uv": [ 20.5, 13.5 ],
									"rotationOrigin": [ -0.7399, 0.3083, 0.0 ],
									"faces": {
										"north": { "texture": "#skin", "uv": [ 3.0, 16.5, 6.0, 18.0 ], "autoUv": false },
										"east": { "texture": "#skin", "uv": [ 21.0, 13.0, 24.0, 14.5 ], "autoUv": false },
										"south": { "texture": "#skin", "uv": [ 3.0, 16.5, 6.0, 18.0 ], "autoUv": false, "windMode": [-1,-1,-1,-1] },
										"west": { "texture": "#skin", "uv": [ 21.0, 13.0, 24.0, 14.5 ], "autoUv": false },
										"up": { "texture": "#skin", "uv": [ 0.0, 16.5, 3.0, 19.5 ], "autoUv": false },
										"down": { "texture": "#skin", "uv": [ 6.0, 17.0, 9.0, 20.0 ], "autoUv": false }
									}
								},
								{
									"name": "LeftEye",
									"from": [ 0.1541, 0.4727, 0.8015 ],
									"to": [ 0.3853, 0.7039, 1.1098 ],
									"unwrapMode": 1,
									"autoUnwrap": false,
									"uv": [ 10.0, 17.0 ],
									"rotationOrigin": [ 0.3083, 0.6577, 0.9865 ],
									"faces": {
										"north": { "texture": "#skin", "uv": [ 11.5, 18.0, 11.0, 18.5 ], "autoUv": false, "windMode": [-1,-1,-1,-1] },
										"east": { "texture": "#skin", "uv": [ 10.0, 18.0, 11.0, 18.5 ], "autoUv": false },
										"south": { "texture": "#skin", "uv": [ 12.5, 17.5, 13.5, 18.5 ], "rotation": 180, "autoUv": false, "windMode": [-1,-1,-1,-1] },
										"west": { "texture": "#skin", "uv": [ 11.5, 18.0, 12.5, 18.5 ], "autoUv": false },
										"up": { "texture": "#skin", "uv": [ 11.0, 17.0, 11.5, 18.0 ], "rotation": 180, "autoUv": false },
										"down": { "texture": "#skin", "uv": [ 11.0, 18.5, 11.5, 19.5 ], "autoUv": false }
									}
								},
								{
									"name": "RightEye",
									"from": [ 0.1541, 0.4727, -0.0308 ],
									"to": [ 0.3853, 0.7039, 0.2774 ],
									"unwrapMode": 1,
									"autoUnwrap": false,
									"uv": [ 10.0, 17.0 ],
									"rotationOrigin": [ 0.3083, 0.6577, 0.1541 ],
									"faces": {
										"north": { "texture": "#skin", "uv": [ 12.5, 17.5, 13.5, 18.5 ], "autoUv": false },
										"east": { "texture": "#skin", "uv": [ 10.0, 18.0, 11.0, 18.5 ], "autoUv": false },
										"south": { "texture": "#skin", "uv": [ 11.0, 18.0, 11.5, 18.5 ], "autoUv": false },
										"west": { "texture": "#skin", "uv": [ 11.5, 18.0, 12.5, 18.5 ], "autoUv": false },
										"up": { "texture": "#skin", "uv": [ 11.0, 17.0, 11.5, 18.0 ], "rotation": 180, "autoUv": false },
										"down": { "texture": "#skin", "uv": [ 11.0, 18.5, 11.5, 19.5 ], "autoUv": false }
									}
								}
							]
						}
					]
				},
				{
					"name": "UpperTail",
					"from": [ 4.1105, 0.2055, 0.411 ],
					"to": [ 6.9878, 1.0276, 1.2331 ],
					"autoUnwrap": false,
					"uv": [ 0.5, 26.5 ],
					"rotationOrigin": [ 4.1105, 0.6166, 1.0276 ],
					"rotationY": -5.0,
					"faces": {
						"north": { "texture": "#skin", "uv": [ 22.0, 15.0, 15.0, 17.0 ], "autoUv": false, "windMode": [-1,-1,-1,-1] },
						"east": { "texture": "#skin", "uv": [ 20.0, 11.0, 22.0, 13.0 ], "autoUv": false },
						"south": { "texture": "#skin", "uv": [ 15.0, 15.0, 22.0, 17.0 ], "autoUv": false, "windMode": [-1,-1,-1,-1] },
						"west": { "texture": "#skin", "uv": [ 20.0, 11.0, 22.0, 13.0 ], "autoUv": false },
						"up": { "texture": "#skin", "uv": [ 14.0, 13.0, 21.0, 15.0 ], "autoUv": false, "windMode": [-1,-1,-1,-1] },
						"down": { "texture": "#skin", "uv": [ 13.0, 11.0, 20.0, 13.0 ], "autoUv": false }
					},
					"children": [
						{
							"name": "MidTail",
							"from": [ 2.4663, 0.1028, 0.1028 ],
							"to": [ 5.3436, 0.6166, 0.7193 ],
							"autoUnwrap": false,
							"uv": [ 5.5, 15.0 ],
							"rotationOrigin": [ 2.4663, 0.0411, -0.1028 ],
							"rotationY": -8.0,
							"faces": {
								"north": { "texture": "#skin", "uv": [ 15.5, 9.0, 22.5, 10.0 ], "autoUv": false, "windMode": [-1,-1,-1,-1] },
								"east": { "texture": "#skin", "uv": [ 21.5, 4.0, 23.0, 5.0 ], "autoUv": false },
								"south": { "texture": "#skin", "uv": [ 15.5, 9.0, 22.5, 10.0 ], "autoUv": false, "windMode": [-1,-1,-1,-1] },
								"west": { "texture": "#skin", "uv": [ 21.5, 4.0, 23.0, 5.0 ], "autoUv": false },
								"up": { "texture": "#skin", "uv": [ 6.0, 11.0, 13.0, 12.5 ], "autoUv": false, "windMode": [-1,-1,-1,-1] },
								"down": { "texture": "#skin", "uv": [ 8.0, 15.5, 15.0, 17.0 ], "autoUv": false }
							},
							"children": [
								{
									"name": "LowerTail",
									"from": [ 2.4663, 0.0514, 0.1028 ],
									"to": [ 5.3436, 0.4624, 0.5138 ],
									"autoUnwrap": false,
									"uv": [ 16.0, 27.5 ],
									"rotationOrigin": [ 2.4663, 0.411, 0.1541 ],
									"rotationY": -13.0,
									"faces": {
										"north": { "texture": "#skin", "uv": [ 24.0, 19.0, 17.0, 20.0 ], "autoUv": false, "windMode": [-1,-1,-1,-1] },
										"east": { "texture": "#skin", "uv": [ 10.0, 10.0, 11.0, 11.0 ], "autoUv": false, "windMode": [-1,-1,-1,-1] },
										"south": { "texture": "#skin", "uv": [ 17.0, 19.0, 24.0, 20.0 ], "autoUv": false, "windMode": [-1,-1,-1,-1] },
										"west": { "texture": "#skin", "uv": [ 10.0, 10.0, 11.0, 11.0 ], "autoUv": false, "windMode": [-1,-1,-1,-1] },
										"up": { "texture": "#skin", "uv": [ 15.5, 7.0, 22.5, 8.0 ], "autoUv": false },
										"down": { "texture": "#skin", "uv": [ 15.5, 8.0, 22.5, 9.0 ], "autoUv": false }
									}
								}
							]
						}
					]
				},
				{
					"name": "RFShoulder",
					"from": [ 0.411, -0.0411, 0.0 ],
					"to": [ 1.0276, 0.3699, 0.0 ],
					"uv": [ 6.0, 9.5 ],
					"rotationOrigin": [ 0.7193, -0.0411, 0.0 ],
					"faces": {
						"north": { "texture": "#skin", "uv": [ 6.0, 10.0, 7.5, 11.0 ], "autoUv": false },
						"east": { "texture": "#skin", "uv": [ 7.5, 10.0, 8.0, 11.0 ], "autoUv": false },
						"south": { "texture": "#skin", "uv": [ 8.0, 10.0, 9.5, 11.0 ], "autoUv": false },
						"west": { "texture": "#skin", "uv": [ 9.5, 10.0, 10.0, 11.0 ], "autoUv": false },
						"up": { "texture": "#skin", "uv": [ 6.0, 9.5, 7.5, 10.0 ], "autoUv": false },
						"down": { "texture": "#skin", "uv": [ 7.5, 9.5, 9.0, 10.0 ], "autoUv": false }
					},
					"children": [
						{
							"name": "RFLegUpper",
							"from": [ 0.0, 0.0411, -1.0276 ],
							"to": [ 0.6166, 0.4522, 0.2055 ],
							"autoUnwrap": false,
							"uv": [ 12.5, 7.5 ],
							"rotationOrigin": [ 0.2055, 0.4522, 0.2055 ],
							"rotationX": -15.0,
							"rotationY": 22.5,
							"faces": {
								"north": { "texture": "#skin", "uv": [ 11.0, 10.0, 12.5, 11.0 ], "autoUv": false },
								"east": { "texture": "#skin", "uv": [ 12.5, 10.0, 15.5, 11.0 ], "autoUv": false },
								"south": { "texture": "#skin", "uv": [ 15.5, 10.0, 17.0, 11.0 ], "autoUv": false },
								"west": { "texture": "#skin", "uv": [ 17.0, 10.0, 20.0, 11.0 ], "autoUv": false },
								"up": { "texture": "#skin", "uv": [ 12.5, 7.0, 14.0, 10.0 ], "autoUv": false },
								"down": { "texture": "#skin", "uv": [ 14.0, 7.0, 15.5, 10.0 ], "autoUv": false }
							},
							"children": [
								{
									"name": "RFLegLower",
									"from": [ 0.0103, 0.0, -0.8221 ],
									"to": [ 0.6063, 0.411, 0.0 ],
									"uv": [ 8.0, 12.5 ],
									"rotationOrigin": [ 0.2055, 0.411, 0.0 ],
									"rotationX": -55.0,
									"faces": {
										"north": { "texture": "#skin", "uv": [ 8.0, 14.5, 9.0, 15.5 ], "autoUv": false },
										"east": { "texture": "#skin", "uv": [ 9.0, 14.5, 11.0, 15.5 ], "autoUv": false },
										"south": { "texture": "#skin", "uv": [ 11.0, 14.5, 12.0, 15.5 ], "autoUv": false },
										"west": { "texture": "#skin", "uv": [ 12.0, 14.5, 14.0, 15.5 ], "autoUv": false, "windMode": [-1,-1,-1,-1] },
										"up": { "texture": "#skin", "uv": [ 8.0, 12.5, 9.0, 14.5 ], "autoUv": false, "windMode": [-1,-1,-1,-1] },
										"down": { "texture": "#skin", "uv": [ 9.0, 12.5, 10.0, 14.5 ], "autoUv": false }
									},
									"children": [
										{
											"name": "RFFoot",
											"from": [ 0.0, 0.1815, -0.3045 ],
											"to": [ 0.6166, 0.3459, 0.1476 ],
											"uv": [ 12.0, 18.5 ],
											"rotationOrigin": [ 0.2035, 0.1815, -0.0998 ],
											"rotationX": 70.0,
											"faces": {
												"north": { "texture": "#skin", "uv": [ 12.0, 19.5, 13.5, 20.0 ], "autoUv": false },
												"east": { "texture": "#skin", "uv": [ 13.5, 19.5, 14.5, 20.0 ], "autoUv": false },
												"south": { "texture": "#skin", "uv": [ 14.5, 19.5, 16.0, 20.0 ], "autoUv": false },
												"west": { "texture": "#skin", "uv": [ 16.0, 19.5, 17.0, 20.0 ], "autoUv": false },
												"up": { "texture": "#skin", "uv": [ 12.0, 18.5, 13.5, 19.5 ], "autoUv": false },
												"down": { "texture": "#skin", "uv": [ 13.5, 18.5, 15.0, 19.5 ], "autoUv": false }
											},
											"children": [
												{
													"name": "RFClaws",
													"from": [ -0.6186, 0.0176, -0.2515 ],
													"to": [ 0.6145, 0.0176, 0.7761 ],
													"autoUnwrap": false,
													"uv": [ 15.5, 4.0 ],
													"rotationOrigin": [ -0.411, 0.0176, -0.2523 ],
													"faces": {
														"north": { "texture": "#skin", "uv": [ 15.5, 6.5, 18.5, 7.0 ], "autoUv": false },
														"east": { "texture": "#skin", "uv": [ 18.5, 6.5, 21.0, 7.0 ], "autoUv": false },
														"south": { "texture": "#skin", "uv": [ 21.0, 6.5, 24.0, 7.0 ], "autoUv": false },
														"west": { "texture": "#skin", "uv": [ 21.5, 6.0, 24.0, 6.5 ], "autoUv": false, "windMode": [-1,-1,-1,-1] },
														"up": { "texture": "#skin", "uv": [ 15.5, 4.0, 18.5, 6.5 ], "rotation": 180, "autoUv": false, "windMode": [-1,-1,-1,-1] },
														"down": { "texture": "#skin", "uv": [ 18.5, 4.0, 21.5, 6.5 ], "autoUv": false }
													}
												}
											]
										}
									]
								}
							]
						}
					]
				},
				{
					"name": "RBShoulder",
					"from": [ 4.1105, -0.0411, 0.0 ],
					"to": [ 4.7271, 0.3699, 0.0 ],
					"uv": [ 6.0, 9.5 ],
					"rotationOrigin": [ 4.4188, -0.0411, 0.0 ],
					"faces": {
						"north": { "texture": "#skin", "uv": [ 6.0, 10.0, 7.5, 11.0 ], "autoUv": false },
						"east": { "texture": "#skin", "uv": [ 7.5, 10.0, 8.0, 11.0 ], "autoUv": false },
						"south": { "texture": "#skin", "uv": [ 8.0, 10.0, 9.5, 11.0 ], "autoUv": false },
						"west": { "texture": "#skin", "uv": [ 9.5, 10.0, 10.0, 11.0 ], "autoUv": false },
						"up": { "texture": "#skin", "uv": [ 6.0, 9.5, 7.5, 10.0 ], "autoUv": false },
						"down": { "texture": "#skin", "uv": [ 7.5, 9.5, 9.0, 10.0 ], "autoUv": false }
					},
					"children": [
						{
							"name": "RBLegUpper",
							"from": [ -0.0308, 0.0411, -1.0276 ],
							"to": [ 0.5857, 0.4522, 0.2055 ],
							"autoUnwrap": false,
							"uv": [ 12.5, 7.5 ],
							"rotationOrigin": [ 0.2055, 0.4522, 0.2055 ],
							"rotationX": -15.0,
							"rotationY": -22.5,
							"faces": {
								"north": { "texture": "#skin", "uv": [ 11.0, 10.0, 12.5, 11.0 ], "autoUv": false },
								"east": { "texture": "#skin", "uv": [ 12.5, 10.0, 15.5, 11.0 ], "autoUv": false },
								"south": { "texture": "#skin", "uv": [ 15.5, 10.0, 17.0, 11.0 ], "autoUv": false },
								"west": { "texture": "#skin", "uv": [ 17.0, 10.0, 20.0, 11.0 ], "autoUv": false },
								"up": { "texture": "#skin", "uv": [ 12.5, 7.0, 14.0, 10.0 ], "autoUv": false },
								"down": { "texture": "#skin", "uv": [ 14.0, 7.0, 15.5, 10.0 ], "autoUv": false }
							},
							"children": [
								{
									"name": "RBLegLower",
									"from": [ 0.0103, 0.0, -0.8221 ],
									"to": [ 0.6063, 0.411, 0.0 ],
									"uv": [ 8.0, 12.5 ],
									"rotationOrigin": [ 0.2055, 0.411, 0.0 ],
									"rotationX": -55.0,
									"faces": {
										"north": { "texture": "#skin", "uv": [ 8.0, 14.5, 9.0, 15.5 ], "autoUv": false },
										"east": { "texture": "#skin", "uv": [ 9.0, 14.5, 11.0, 15.5 ], "autoUv": false },
										"south": { "texture": "#skin", "uv": [ 11.0, 14.5, 12.0, 15.5 ], "autoUv": false },
										"west": { "texture": "#skin", "uv": [ 12.0, 14.5, 14.0, 15.5 ], "autoUv": false, "windMode": [-1,-1,-1,-1] },
										"up": { "texture": "#skin", "uv": [ 8.0, 12.5, 9.0, 14.5 ], "autoUv": false },
										"down": { "texture": "#skin", "uv": [ 9.0, 12.5, 10.0, 14.5 ], "autoUv": false }
									},
									"children": [
										{
											"name": "RBFoot",
											"from": [ 0.0, 0.1793, -0.265 ],
											"to": [ 0.6166, 0.3437, 0.1872 ],
											"uv": [ 12.0, 18.5 ],
											"rotationOrigin": [ 0.2055, 0.1793, -0.0578 ],
											"rotationX": 70.0,
											"faces": {
												"north": { "texture": "#skin", "uv": [ 12.0, 19.5, 13.5, 20.0 ], "autoUv": false },
												"east": { "texture": "#skin", "uv": [ 13.5, 19.5, 14.5, 20.0 ], "autoUv": false },
												"south": { "texture": "#skin", "uv": [ 14.5, 19.5, 16.0, 20.0 ], "autoUv": false },
												"west": { "texture": "#skin", "uv": [ 16.0, 19.5, 17.0, 20.0 ], "autoUv": false },
												"up": { "texture": "#skin", "uv": [ 12.0, 18.5, 13.5, 19.5 ], "autoUv": false },
												"down": { "texture": "#skin", "uv": [ 13.5, 18.5, 15.0, 19.5 ], "autoUv": false }
											},
											"children": [
												{
													"name": "RBClaws",
													"from": [ -0.6289, -0.021, -0.2656 ],
													"to": [ 0.6043, -0.021, 0.762 ],
													"autoUnwrap": false,
													"uv": [ 15.5, 4.0 ],
													"rotationOrigin": [ -0.4213, -0.021, -0.2663 ],
													"faces": {
														"north": { "texture": "#skin", "uv": [ 15.5, 6.5, 18.5, 7.0 ], "autoUv": false },
														"east": { "texture": "#skin", "uv": [ 18.5, 6.5, 21.0, 7.0 ], "autoUv": false },
														"south": { "texture": "#skin", "uv": [ 21.0, 6.5, 24.0, 7.0 ], "autoUv": false },
														"west": { "texture": "#skin", "uv": [ 21.5, 6.0, 24.0, 6.5 ], "autoUv": false, "windMode": [-1,-1,-1,-1] },
														"up": { "texture": "#skin", "uv": [ 15.5, 4.0, 18.5, 6.5 ], "rotation": 180, "autoUv": false, "windMode": [-1,-1,-1,-1] },
														"down": { "texture": "#skin", "uv": [ 18.5, 4.0, 21.5, 6.5 ], "autoUv": false, "windMode": [-1,-1,-1,-1] }
													}
												}
											]
										}
									]
								}
							]
						}
					]
				},
				{
					"name": "LBShoulder",
					"from": [ 4.1105, -0.0411, 1.6442 ],
					"to": [ 4.7271, 0.3699, 1.6442 ],
					"uv": [ 6.0, 9.5 ],
					"rotationOrigin": [ 4.4188, -0.0411, 1.6442 ],
					"faces": {
						"north": { "texture": "#skin", "uv": [ 6.0, 10.0, 7.5, 11.0 ], "autoUv": false },
						"east": { "texture": "#skin", "uv": [ 7.5, 10.0, 8.0, 11.0 ], "autoUv": false },
						"south": { "texture": "#skin", "uv": [ 8.0, 10.0, 9.5, 11.0 ], "autoUv": false },
						"west": { "texture": "#skin", "uv": [ 9.5, 10.0, 10.0, 11.0 ], "autoUv": false },
						"up": { "texture": "#skin", "uv": [ 6.0, 9.5, 7.5, 10.0 ], "autoUv": false },
						"down": { "texture": "#skin", "uv": [ 7.5, 9.5, 9.0, 10.0 ], "autoUv": false }
					},
					"children": [
						{
							"name": "LBLegUpper",
							"from": [ -0.0308, 0.0411, -0.2055 ],
							"to": [ 0.5857, 0.4522, 1.0276 ],
							"autoUnwrap": false,
							"uv": [ 12.5, 7.5 ],
							"rotationOrigin": [ 0.2055, 0.4522, -0.2055 ],
							"rotationX": 15.0,
							"rotationY": -22.5,
							"faces": {
								"north": { "texture": "#skin", "uv": [ 11.0, 10.0, 12.5, 11.0 ], "autoUv": false },
								"east": { "texture": "#skin", "uv": [ 12.5, 10.0, 15.5, 11.0 ], "autoUv": false },
								"south": { "texture": "#skin", "uv": [ 15.5, 10.0, 17.0, 11.0 ], "autoUv": false },
								"west": { "texture": "#skin", "uv": [ 17.0, 10.0, 20.0, 11.0 ], "autoUv": false },
								"up": { "texture": "#skin", "uv": [ 12.5, 7.0, 14.0, 10.0 ], "autoUv": false },
								"down": { "texture": "#skin", "uv": [ 14.0, 7.0, 15.5, 10.0 ], "autoUv": false }
							},
							"children": [
								{
									"name": "LBLegLower",
									"from": [ 0.0103, 0.0, 1.2331 ],
									"to": [ 0.6063, 0.411, 2.0552 ],
									"uv": [ 8.0, 12.5 ],
									"rotationOrigin": [ 0.2055, 0.411, 1.2331 ],
									"rotationX": 55.0,
									"faces": {
										"north": { "texture": "#skin", "uv": [ 8.0, 14.5, 9.0, 15.5 ], "autoUv": false },
										"east": { "texture": "#skin", "uv": [ 9.0, 14.5, 11.0, 15.5 ], "autoUv": false },
										"south": { "texture": "#skin", "uv": [ 11.0, 14.5, 12.0, 15.5 ], "autoUv": false },
										"west": { "texture": "#skin", "uv": [ 12.0, 14.5, 14.0, 15.5 ], "autoUv": false },
										"up": { "texture": "#skin", "uv": [ 8.0, 12.5, 9.0, 14.5 ], "autoUv": false },
										"down": { "texture": "#skin", "uv": [ 9.0, 12.5, 10.0, 14.5 ], "autoUv": false }
									},
									"children": [
										{
											"name": "LBFoot",
											"from": [ 0.0, 0.1527, 0.6864 ],
											"to": [ 0.6166, 0.3172, 1.1385 ],
											"uv": [ 12.0, 18.5 ],
											"rotationOrigin": [ 0.2055, 0.1527, 0.8926 ],
											"rotationX": -70.0,
											"faces": {
												"north": { "texture": "#skin", "uv": [ 12.0, 19.5, 13.5, 20.0 ], "autoUv": false },
												"east": { "texture": "#skin", "uv": [ 13.5, 19.5, 14.5, 20.0 ], "autoUv": false },
												"south": { "texture": "#skin", "uv": [ 14.5, 19.5, 16.0, 20.0 ], "autoUv": false },
												"west": { "texture": "#skin", "uv": [ 16.0, 19.5, 17.0, 20.0 ], "autoUv": false },
												"up": { "texture": "#skin", "uv": [ 12.0, 18.5, 13.5, 19.5 ], "autoUv": false },
												"down": { "texture": "#skin", "uv": [ 13.5, 18.5, 15.0, 19.5 ], "autoUv": false }
											},
											"children": [
												{
													"name": "LBClaws",
													"from": [ -0.5878, 0.0, -0.3281 ],
													"to": [ 0.6454, 0.0, 0.6995 ],
													"autoUnwrap": false,
													"uv": [ 15.5, 4.0 ],
													"rotationOrigin": [ -0.3802, 0.0, -0.3288 ],
													"faces": {
														"north": { "texture": "#skin", "uv": [ 15.5, 6.5, 18.5, 7.0 ], "autoUv": false },
														"east": { "texture": "#skin", "uv": [ 18.5, 6.5, 21.0, 7.0 ], "autoUv": false },
														"south": { "texture": "#skin", "uv": [ 21.0, 6.5, 24.0, 7.0 ], "autoUv": false },
														"west": { "texture": "#skin", "uv": [ 21.5, 6.0, 24.0, 6.5 ], "autoUv": false, "windMode": [-1,-1,-1,-1] },
														"up": { "texture": "#skin", "uv": [ 15.5, 4.0, 18.5, 6.5 ], "rotation": 180, "autoUv": false, "windMode": [-1,-1,-1,-1] },
														"down": { "texture": "#skin", "uv": [ 18.5, 4.0, 21.5, 6.5 ], "autoUv": false }
													}
												}
											]
										}
									]
								}
							]
						}
					]
				},
				{
					"name": "LFShoulder",
					"from": [ 0.411, -0.0411, 1.6442 ],
					"to": [ 1.0276, 0.3699, 1.6442 ],
					"uv": [ 6.0, 9.5 ],
					"rotationOrigin": [ 0.7193, -0.0411, 1.6442 ],
					"faces": {
						"north": { "texture": "#skin", "uv": [ 6.0, 10.0, 7.5, 11.0 ], "autoUv": false },
						"east": { "texture": "#skin", "uv": [ 7.5, 10.0, 8.0, 11.0 ], "autoUv": false },
						"south": { "texture": "#skin", "uv": [ 8.0, 10.0, 9.5, 11.0 ], "autoUv": false },
						"west": { "texture": "#skin", "uv": [ 9.5, 10.0, 10.0, 11.0 ], "autoUv": false },
						"up": { "texture": "#skin", "uv": [ 6.0, 9.5, 7.5, 10.0 ], "autoUv": false },
						"down": { "texture": "#skin", "uv": [ 7.5, 9.5, 9.0, 10.0 ], "autoUv": false }
					},
					"children": [
						{
							"name": "LFLegUpper",
							"from": [ 0.0, 0.0411, -0.2055 ],
							"to": [ 0.6166, 0.4522, 1.0276 ],
							"autoUnwrap": false,
							"uv": [ 12.5, 7.5 ],
							"rotationOrigin": [ 0.2055, 0.4522, -0.2055 ],
							"rotationX": 15.0,
							"rotationY": 22.5,
							"faces": {
								"north": { "texture": "#skin", "uv": [ 11.0, 10.0, 12.5, 11.0 ], "autoUv": false },
								"east": { "texture": "#skin", "uv": [ 12.5, 10.0, 15.5, 11.0 ], "autoUv": false },
								"south": { "texture": "#skin", "uv": [ 15.5, 10.0, 17.0, 11.0 ], "autoUv": false },
								"west": { "texture": "#skin", "uv": [ 17.0, 10.0, 20.0, 11.0 ], "autoUv": false },
								"up": { "texture": "#skin", "uv": [ 12.5, 7.0, 14.0, 10.0 ], "autoUv": false, "windMode": [-1,-1,-1,-1] },
								"down": { "texture": "#skin", "uv": [ 14.0, 7.0, 15.5, 10.0 ], "autoUv": false }
							},
							"children": [
								{
									"name": "LFLegLower",
									"from": [ 0.0103, 0.0, 1.2331 ],
									"to": [ 0.6063, 0.411, 2.0552 ],
									"uv": [ 8.0, 12.5 ],
									"rotationOrigin": [ 0.2055, 0.411, 1.2331 ],
									"rotationX": 55.0,
									"faces": {
										"north": { "texture": "#skin", "uv": [ 8.0, 14.5, 9.0, 15.5 ], "autoUv": false },
										"east": { "texture": "#skin", "uv": [ 9.0, 14.5, 11.0, 15.5 ], "autoUv": false, "windMode": [-1,-1,-1,-1] },
										"south": { "texture": "#skin", "uv": [ 11.0, 14.5, 12.0, 15.5 ], "autoUv": false },
										"west": { "texture": "#skin", "uv": [ 12.0, 14.5, 14.0, 15.5 ], "autoUv": false },
										"up": { "texture": "#skin", "uv": [ 8.0, 12.5, 9.0, 14.5 ], "autoUv": false },
										"down": { "texture": "#skin", "uv": [ 9.0, 12.5, 10.0, 14.5 ], "autoUv": false }
									},
									"children": [
										{
											"name": "LFFoot",
											"from": [ 0.0, 0.1527, 0.6864 ],
											"to": [ 0.6166, 0.3172, 1.1385 ],
											"uv": [ 12.0, 18.5 ],
											"rotationOrigin": [ 0.2055, 0.1527, 0.8926 ],
											"rotationX": -70.0,
											"faces": {
												"north": { "texture": "#skin", "uv": [ 12.0, 19.5, 13.5, 20.0 ], "autoUv": false },
												"east": { "texture": "#skin", "uv": [ 13.5, 19.5, 14.5, 20.0 ], "autoUv": false },
												"south": { "texture": "#skin", "uv": [ 14.5, 19.5, 16.0, 20.0 ], "autoUv": false },
												"west": { "texture": "#skin", "uv": [ 16.0, 19.5, 17.0, 20.0 ], "autoUv": false },
												"up": { "texture": "#skin", "uv": [ 12.0, 18.5, 13.5, 19.5 ], "autoUv": false },
												"down": { "texture": "#skin", "uv": [ 13.5, 18.5, 15.0, 19.5 ], "autoUv": false }
											},
											"children": [
												{
													"name": "LFClaws",
													"from": [ -0.6186, 0.0, -0.3281 ],
													"to": [ 0.6145, 0.0, 0.6995 ],
													"autoUnwrap": false,
													"uv": [ 15.5, 4.0 ],
													"rotationOrigin": [ -0.411, 0.0, -0.3288 ],
													"faces": {
														"north": { "texture": "#skin", "uv": [ 15.5, 6.5, 18.5, 7.0 ], "autoUv": false },
														"east": { "texture": "#skin", "uv": [ 18.5, 6.5, 21.0, 7.0 ], "autoUv": false },
														"south": { "texture": "#skin", "uv": [ 21.0, 6.5, 24.0, 7.0 ], "autoUv": false },
														"west": { "texture": "#skin", "uv": [ 21.5, 6.0, 24.0, 6.5 ], "autoUv": false, "windMode": [-1,-1,-1,-1] },
														"up": { "texture": "#skin", "uv": [ 15.5, 4.0, 18.5, 6.5 ], "rotation": 180, "autoUv": false, "windMode": [-1,-1,-1,-1] },
														"down": { "texture": "#skin", "uv": [ 18.5, 4.0, 21.5, 6.5 ], "autoUv": false }
													}
												}
											]
										}
									]
								}
							]
						}
					]
				}
			]
		}
	]}