{
	"editor": {
		"allAngles": false,
		"entityTextureMode": true
	},
	"textureWidth": 24,
	"textureHeight": 20,
	"textureSizes": {
	},
	"textures": {
	},
	"elements": [
		{
			"name": "Body",
			"from": [ 7.41, 0.216, 7.72 ],
			"to": [ 8.6042, 0.5275, 8.1354 ],
			"autoUnwrap": false,
			"uv": [ 1.0, 7.0 ],
			"rotationOrigin": [ 7.9307, 0.2181, 7.9307 ],
			"rotationY": -12.5,
			"faces": {
				"north": { "texture": "#skin", "uv": [ 11.5, 4.0, 0.0, 7.0 ], "autoUv": false, "windMode": [-1,-1,-1,-1] },
				"east": { "texture": "#skin", "uv": [ 11.5, 4.0, 15.5, 7.0 ], "autoUv": false },
				"south": { "texture": "#skin", "uv": [ 0.0, 4.0, 11.5, 7.0 ], "autoUv": false, "windMode": [-1,-1,-1,-1] },
				"west": { "texture": "#skin", "uv": [ 11.5, 4.0, 15.5, 7.0 ], "autoUv": false },
				"up": { "texture": "#skin", "uv": [ 0.0, 0.0, 11.5, 4.0 ], "autoUv": false, "windMode": [-1,-1,-1,-1] },
				"down": { "texture": "#skin", "uv": [ 11.5, 0.0, 23.0, 4.0 ], "autoUv": false }
			},
			"children": [
				{
					"name": "Neck",
					"from": [ -0.2959, 0.0602, 0.0914 ],
					"to": [ 0.0675, 0.2565, 0.325 ],
					"autoUnwrap": false,
					"uv": [ 17.0, 20.5 ],
					"rotationOrigin": [ -0.0623, 0.0753, 0.2466 ],
					"rotationY": 10.0,
					"faces": {
						"north": { "texture": "#skin", "uv": [ 17.5, 17.0, 21.5, 19.0 ], "autoUv": false, "windMode": [-1,-1,-1,-1] },
						"east": { "texture": "#skin", "uv": [ 10.0, 12.5, 13.0, 14.5 ], "autoUv": false },
						"south": { "texture": "#skin", "uv": [ 17.5, 17.0, 21.5, 19.0 ], "autoUv": false, "windMode": [-1,-1,-1,-1] },
						"west": { "texture": "#skin", "uv": [ 10.0, 12.5, 13.0, 14.5 ], "autoUv": false },
						"up": { "texture": "#skin", "uv": [ 0.0, 13.5, 4.0, 16.5 ], "autoUv": false },
						"down": { "texture": "#skin", "uv": [ 4.0, 13.5, 8.0, 16.5 ], "autoUv": false }
					},
					"children": [
						{
							"name": "Head",
							"from": [ -0.2752, -0.0117, -0.0194 ],
							"to": [ 0.0, 0.2043, 0.2531 ],
							"autoUnwrap": false,
							"uv": [ 1.0, 15.0 ],
							"rotationOrigin": [ -0.0415, 0.1635, 0.1363 ],
							"faces": {
								"north": { "texture": "#skin", "uv": [ 9.0, 7.0, 6.0, 9.5 ], "autoUv": false, "windMode": [-1,-1,-1,-1] },
								"east": { "texture": "#skin", "uv": [ 9.0, 7.0, 12.5, 9.5 ], "autoUv": false },
								"south": { "texture": "#skin", "uv": [ 6.0, 7.0, 9.0, 9.5 ], "autoUv": false, "windMode": [-1,-1,-1,-1] },
								"west": { "texture": "#skin", "uv": [ 9.0, 7.0, 12.5, 9.5 ], "autoUv": false },
								"up": { "texture": "#skin", "uv": [ 0.0, 7.0, 3.0, 10.5 ], "autoUv": false },
								"down": { "texture": "#skin", "uv": [ 3.0, 7.0, 6.0, 10.5 ], "autoUv": false }
							},
							"children": [
								{
									"name": "LowerJaw",
									"from": [ -0.1869, 0.0, 0.0194 ],
									"to": [ 0.0779, 0.039, 0.2531 ],
									"autoUnwrap": false,
									"uv": [ 0.0, 12.0 ],
									"rotationOrigin": [ -0.0311, 0.039, 0.1558 ],
									"faces": {
										"north": { "texture": "#skin", "uv": [ 9.0, 9.5, 12.0, 10.0 ], "autoUv": false },
										"east": { "texture": "#skin", "uv": [ 9.0, 9.5, 12.0, 10.0 ], "autoUv": false },
										"south": { "texture": "#skin", "uv": [ 9.0, 9.5, 12.0, 10.0 ], "autoUv": false },
										"west": { "texture": "#skin", "uv": [ 9.0, 9.5, 12.0, 10.0 ], "autoUv": false },
										"up": { "texture": "#skin", "uv": [ 0.0, 10.5, 3.0, 13.5 ], "autoUv": false },
										"down": { "texture": "#skin", "uv": [ 3.0, 10.5, 6.0, 13.5 ], "autoUv": false }
									}
								},
								{
									"name": "UpperJaw",
									"from": [ -0.1869, 0.039, 0.0194 ],
									"to": [ 0.0779, 0.1856, 0.2531 ],
									"autoUnwrap": false,
									"uv": [ 20.5, 13.5 ],
									"rotationOrigin": [ -0.1869, 0.0779, 0.0 ],
									"faces": {
										"north": { "texture": "#skin", "uv": [ 3.0, 16.5, 6.0, 18.0 ], "autoUv": false },
										"east": { "texture": "#skin", "uv": [ 21.0, 13.0, 24.0, 14.5 ], "autoUv": false },
										"south": { "texture": "#skin", "uv": [ 3.0, 16.5, 6.0, 18.0 ], "autoUv": false, "windMode": [-1,-1,-1,-1] },
										"west": { "texture": "#skin", "uv": [ 21.0, 13.0, 24.0, 14.5 ], "autoUv": false },
										"up": { "texture": "#skin", "uv": [ 0.0, 16.5, 3.0, 19.5 ], "autoUv": false },
										"down": { "texture": "#skin", "uv": [ 6.0, 17.0, 9.0, 20.0 ], "autoUv": false }
									}
								},
								{
									"name": "LeftEye",
									"from": [ 0.039, 0.1194, 0.2025 ],
									"to": [ 0.0974, 0.1778, 0.2804 ],
									"unwrapMode": 1,
									"autoUnwrap": false,
									"uv": [ 10.0, 17.0 ],
									"rotationOrigin": [ 0.0779, 0.1662, 0.2492 ],
									"faces": {
										"north": { "texture": "#skin", "uv": [ 11.5, 18.0, 11.0, 18.5 ], "autoUv": false, "windMode": [-1,-1,-1,-1] },
										"east": { "texture": "#skin", "uv": [ 10.0, 18.0, 11.0, 18.5 ], "autoUv": false },
										"south": { "texture": "#skin", "uv": [ 12.5, 17.5, 13.5, 18.5 ], "rotation": 180, "autoUv": false, "windMode": [-1,-1,-1,-1] },
										"west": { "texture": "#skin", "uv": [ 11.5, 18.0, 12.5, 18.5 ], "autoUv": false },
										"up": { "texture": "#skin", "uv": [ 11.0, 17.0, 11.5, 18.0 ], "rotation": 180, "autoUv": false },
										"down": { "texture": "#skin", "uv": [ 11.0, 18.5, 11.5, 19.5 ], "autoUv": false }
									}
								},
								{
									"name": "RightEye",
									"from": [ 0.039, 0.1194, -0.0078 ],
									"to": [ 0.0974, 0.1778, 0.0701 ],
									"unwrapMode": 1,
									"autoUnwrap": false,
									"uv": [ 10.0, 17.0 ],
									"rotationOrigin": [ 0.0779, 0.1662, 0.039 ],
									"faces": {
										"north": { "texture": "#skin", "uv": [ 12.5, 17.5, 13.5, 18.5 ], "autoUv": false },
										"east": { "texture": "#skin", "uv": [ 10.0, 18.0, 11.0, 18.5 ], "autoUv": false },
										"south": { "texture": "#skin", "uv": [ 11.0, 18.0, 11.5, 18.5 ], "autoUv": false },
										"west": { "texture": "#skin", "uv": [ 11.5, 18.0, 12.5, 18.5 ], "autoUv": false },
										"up": { "texture": "#skin", "uv": [ 11.0, 17.0, 11.5, 18.0 ], "rotation": 180, "autoUv": false },
										"down": { "texture": "#skin", "uv": [ 11.0, 18.5, 11.5, 19.5 ], "autoUv": false }
									}
								}
							]
						}
					]
				},
				{
					"name": "UpperTail",
					"from": [ 1.0384, 0.0519, 0.1038 ],
					"to": [ 1.7653, 0.2596, 0.3115 ],
					"autoUnwrap": false,
					"uv": [ 0.5, 26.5 ],
					"rotationOrigin": [ 1.0384, 0.1558, 0.2596 ],
					"rotationY": 5.0,
					"faces": {
						"north": { "texture": "#skin", "uv": [ 22.0, 15.0, 15.0, 17.0 ], "autoUv": false, "windMode": [-1,-1,-1,-1] },
						"east": { "texture": "#skin", "uv": [ 20.0, 11.0, 22.0, 13.0 ], "autoUv": false },
						"south": { "texture": "#skin", "uv": [ 15.0, 15.0, 22.0, 17.0 ], "autoUv": false, "windMode": [-1,-1,-1,-1] },
						"west": { "texture": "#skin", "uv": [ 20.0, 11.0, 22.0, 13.0 ], "autoUv": false },
						"up": { "texture": "#skin", "uv": [ 14.0, 13.0, 21.0, 15.0 ], "autoUv": false, "windMode": [-1,-1,-1,-1] },
						"down": { "texture": "#skin", "uv": [ 13.0, 11.0, 20.0, 13.0 ], "autoUv": false }
					},
					"children": [
						{
							"name": "MidTail",
							"from": [ 0.623, 0.026, 0.026 ],
							"to": [ 1.3499, 0.1558, 0.1818 ],
							"autoUnwrap": false,
							"uv": [ 5.5, 15.0 ],
							"rotationOrigin": [ 0.623, 0.0104, -0.026 ],
							"rotationY": 8.0,
							"faces": {
								"north": { "texture": "#skin", "uv": [ 15.5, 9.0, 22.5, 10.0 ], "autoUv": false, "windMode": [-1,-1,-1,-1] },
								"east": { "texture": "#skin", "uv": [ 21.5, 4.0, 23.0, 5.0 ], "autoUv": false },
								"south": { "texture": "#skin", "uv": [ 15.5, 9.0, 22.5, 10.0 ], "autoUv": false, "windMode": [-1,-1,-1,-1] },
								"west": { "texture": "#skin", "uv": [ 21.5, 4.0, 23.0, 5.0 ], "autoUv": false },
								"up": { "texture": "#skin", "uv": [ 6.0, 11.0, 13.0, 12.5 ], "autoUv": false, "windMode": [-1,-1,-1,-1] },
								"down": { "texture": "#skin", "uv": [ 8.0, 15.5, 15.0, 17.0 ], "autoUv": false }
							},
							"children": [
								{
									"name": "LowerTail",
									"from": [ 0.623, 0.013, 0.026 ],
									"to": [ 1.3499, 0.1168, 0.1298 ],
									"autoUnwrap": false,
									"uv": [ 16.0, 27.5 ],
									"rotationOrigin": [ 0.623, 0.1038, 0.039 ],
									"rotationY": 13.0,
									"faces": {
										"north": { "texture": "#skin", "uv": [ 24.0, 19.0, 17.0, 20.0 ], "autoUv": false, "windMode": [-1,-1,-1,-1] },
										"east": { "texture": "#skin", "uv": [ 10.0, 10.0, 11.0, 11.0 ], "autoUv": false, "windMode": [-1,-1,-1,-1] },
										"south": { "texture": "#skin", "uv": [ 17.0, 19.0, 24.0, 20.0 ], "autoUv": false, "windMode": [-1,-1,-1,-1] },
										"west": { "texture": "#skin", "uv": [ 10.0, 10.0, 11.0, 11.0 ], "autoUv": false, "windMode": [-1,-1,-1,-1] },
										"up": { "texture": "#skin", "uv": [ 15.5, 7.0, 22.5, 8.0 ], "autoUv": false },
										"down": { "texture": "#skin", "uv": [ 15.5, 8.0, 22.5, 9.0 ], "autoUv": false }
									}
								}
							]
						}
					]
				},
				{
					"name": "RFShoulder",
					"from": [ 0.1038, -0.0104, 0.0 ],
					"to": [ 0.2596, 0.0934, 0.0 ],
					"uv": [ 6.0, 9.5 ],
					"rotationOrigin": [ 0.1818, -0.0104, 0.0 ],
					"faces": {
						"north": { "texture": "#skin", "uv": [ 6.0, 10.0, 7.5, 11.0 ], "autoUv": false },
						"east": { "texture": "#skin", "uv": [ 7.5, 10.0, 8.0, 11.0 ], "autoUv": false },
						"south": { "texture": "#skin", "uv": [ 8.0, 10.0, 9.5, 11.0 ], "autoUv": false },
						"west": { "texture": "#skin", "uv": [ 9.5, 10.0, 10.0, 11.0 ], "autoUv": false },
						"up": { "texture": "#skin", "uv": [ 6.0, 9.5, 7.5, 10.0 ], "autoUv": false },
						"down": { "texture": "#skin", "uv": [ 7.5, 9.5, 9.0, 10.0 ], "autoUv": false }
					},
					"children": [
						{
							"name": "RFLegUpper",
							"from": [ 0.0, 0.0104, -0.2596 ],
							"to": [ 0.1558, 0.1142, 0.0519 ],
							"autoUnwrap": false,
							"uv": [ 12.5, 7.5 ],
							"rotationOrigin": [ 0.0519, 0.1142, 0.0519 ],
							"rotationX": -15.0,
							"rotationY": -22.5,
							"faces": {
								"north": { "texture": "#skin", "uv": [ 11.0, 10.0, 12.5, 11.0 ], "autoUv": false },
								"east": { "texture": "#skin", "uv": [ 12.5, 10.0, 15.5, 11.0 ], "autoUv": false },
								"south": { "texture": "#skin", "uv": [ 15.5, 10.0, 17.0, 11.0 ], "autoUv": false },
								"west": { "texture": "#skin", "uv": [ 17.0, 10.0, 20.0, 11.0 ], "autoUv": false },
								"up": { "texture": "#skin", "uv": [ 12.5, 7.0, 14.0, 10.0 ], "autoUv": false },
								"down": { "texture": "#skin", "uv": [ 14.0, 7.0, 15.5, 10.0 ], "autoUv": false }
							},
							"children": [
								{
									"name": "RFLegLower",
									"from": [ 0.0026, 0.0, -0.2077 ],
									"to": [ 0.1532, 0.1038, 0.0 ],
									"uv": [ 8.0, 12.5 ],
									"rotationOrigin": [ 0.0519, 0.1038, 0.0 ],
									"rotationX": -55.0,
									"faces": {
										"north": { "texture": "#skin", "uv": [ 8.0, 14.5, 9.0, 15.5 ], "autoUv": false },
										"east": { "texture": "#skin", "uv": [ 9.0, 14.5, 11.0, 15.5 ], "autoUv": false },
										"south": { "texture": "#skin", "uv": [ 11.0, 14.5, 12.0, 15.5 ], "autoUv": false },
										"west": { "texture": "#skin", "uv": [ 12.0, 14.5, 14.0, 15.5 ], "autoUv": false, "windMode": [-1,-1,-1,-1] },
										"up": { "texture": "#skin", "uv": [ 8.0, 12.5, 9.0, 14.5 ], "autoUv": false, "windMode": [-1,-1,-1,-1] },
										"down": { "texture": "#skin", "uv": [ 9.0, 12.5, 10.0, 14.5 ], "autoUv": false }
									},
									"children": [
										{
											"name": "RFFoot",
											"from": [ 0.0, 0.0458, -0.077 ],
											"to": [ 0.1558, 0.0874, 0.0373 ],
											"uv": [ 12.0, 18.5 ],
											"rotationOrigin": [ 0.0514, 0.0458, -0.0252 ],
											"rotationX": 70.0,
											"faces": {
												"north": { "texture": "#skin", "uv": [ 12.0, 19.5, 13.5, 20.0 ], "autoUv": false },
												"east": { "texture": "#skin", "uv": [ 13.5, 19.5, 14.5, 20.0 ], "autoUv": false },
												"south": { "texture": "#skin", "uv": [ 14.5, 19.5, 16.0, 20.0 ], "autoUv": false },
												"west": { "texture": "#skin", "uv": [ 16.0, 19.5, 17.0, 20.0 ], "autoUv": false },
												"up": { "texture": "#skin", "uv": [ 12.0, 18.5, 13.5, 19.5 ], "autoUv": false },
												"down": { "texture": "#skin", "uv": [ 13.5, 18.5, 15.0, 19.5 ], "autoUv": false }
											},
											"children": [
												{
													"name": "RFClaws",
													"from": [ -0.1562, 0.0045, -0.0635 ],
													"to": [ 0.1553, 0.0045, 0.1961 ],
													"autoUnwrap": false,
													"uv": [ 15.5, 4.0 ],
													"rotationOrigin": [ -0.1038, 0.0045, -0.0638 ],
													"faces": {
														"north": { "texture": "#skin", "uv": [ 15.5, 6.5, 18.5, 7.0 ], "autoUv": false },
														"east": { "texture": "#skin", "uv": [ 18.5, 6.5, 21.0, 7.0 ], "autoUv": false },
														"south": { "texture": "#skin", "uv": [ 21.0, 6.5, 24.0, 7.0 ], "autoUv": false },
														"west": { "texture": "#skin", "uv": [ 21.5, 6.0, 24.0, 6.5 ], "autoUv": false, "windMode": [-1,-1,-1,-1] },
														"up": { "texture": "#skin", "uv": [ 15.5, 4.0, 18.5, 6.5 ], "rotation": 180, "autoUv": false, "windMode": [-1,-1,-1,-1] },
														"down": { "texture": "#skin", "uv": [ 18.5, 4.0, 21.5, 6.5 ], "autoUv": false }
													}
												}
											]
										}
									]
								}
							]
						}
					]
				},
				{
					"name": "RBShoulder",
					"from": [ 1.0384, -0.0104, 0.0 ],
					"to": [ 1.1942, 0.0934, 0.0 ],
					"uv": [ 6.0, 9.5 ],
					"rotationOrigin": [ 1.1163, -0.0104, 0.0 ],
					"faces": {
						"north": { "texture": "#skin", "uv": [ 6.0, 10.0, 7.5, 11.0 ], "autoUv": false },
						"east": { "texture": "#skin", "uv": [ 7.5, 10.0, 8.0, 11.0 ], "autoUv": false },
						"south": { "texture": "#skin", "uv": [ 8.0, 10.0, 9.5, 11.0 ], "autoUv": false },
						"west": { "texture": "#skin", "uv": [ 9.5, 10.0, 10.0, 11.0 ], "autoUv": false },
						"up": { "texture": "#skin", "uv": [ 6.0, 9.5, 7.5, 10.0 ], "autoUv": false },
						"down": { "texture": "#skin", "uv": [ 7.5, 9.5, 9.0, 10.0 ], "autoUv": false }
					},
					"children": [
						{
							"name": "RBLegUpper",
							"from": [ -0.0078, 0.0104, -0.2596 ],
							"to": [ 0.148, 0.1142, 0.0519 ],
							"autoUnwrap": false,
							"uv": [ 12.5, 7.5 ],
							"rotationOrigin": [ 0.0519, 0.1142, 0.0519 ],
							"rotationX": -15.0,
							"rotationY": 22.5,
							"faces": {
								"north": { "texture": "#skin", "uv": [ 11.0, 10.0, 12.5, 11.0 ], "autoUv": false },
								"east": { "texture": "#skin", "uv": [ 12.5, 10.0, 15.5, 11.0 ], "autoUv": false },
								"south": { "texture": "#skin", "uv": [ 15.5, 10.0, 17.0, 11.0 ], "autoUv": false },
								"west": { "texture": "#skin", "uv": [ 17.0, 10.0, 20.0, 11.0 ], "autoUv": false },
								"up": { "texture": "#skin", "uv": [ 12.5, 7.0, 14.0, 10.0 ], "autoUv": false },
								"down": { "texture": "#skin", "uv": [ 14.0, 7.0, 15.5, 10.0 ], "autoUv": false }
							},
							"children": [
								{
									"name": "RBLegLower",
									"from": [ 0.0026, 0.0, -0.2077 ],
									"to": [ 0.1532, 0.1038, 0.0 ],
									"uv": [ 8.0, 12.5 ],
									"rotationOrigin": [ 0.0519, 0.1038, 0.0 ],
									"rotationX": -55.0,
									"faces": {
										"north": { "texture": "#skin", "uv": [ 8.0, 14.5, 9.0, 15.5 ], "autoUv": false },
										"east": { "texture": "#skin", "uv": [ 9.0, 14.5, 11.0, 15.5 ], "autoUv": false },
										"south": { "texture": "#skin", "uv": [ 11.0, 14.5, 12.0, 15.5 ], "autoUv": false },
										"west": { "texture": "#skin", "uv": [ 12.0, 14.5, 14.0, 15.5 ], "autoUv": false, "windMode": [-1,-1,-1,-1] },
										"up": { "texture": "#skin", "uv": [ 8.0, 12.5, 9.0, 14.5 ], "autoUv": false },
										"down": { "texture": "#skin", "uv": [ 9.0, 12.5, 10.0, 14.5 ], "autoUv": false }
									},
									"children": [
										{
											"name": "RBFoot",
											"from": [ 0.0, 0.0453, -0.067 ],
											"to": [ 0.1558, 0.0868, 0.0473 ],
											"uv": [ 12.0, 18.5 ],
											"rotationOrigin": [ 0.0519, 0.0453, -0.0146 ],
											"rotationX": 70.0,
											"faces": {
												"north": { "texture": "#skin", "uv": [ 12.0, 19.5, 13.5, 20.0 ], "autoUv": false },
												"east": { "texture": "#skin", "uv": [ 13.5, 19.5, 14.5, 20.0 ], "autoUv": false },
												"south": { "texture": "#skin", "uv": [ 14.5, 19.5, 16.0, 20.0 ], "autoUv": false },
												"west": { "texture": "#skin", "uv": [ 16.0, 19.5, 17.0, 20.0 ], "autoUv": false },
												"up": { "texture": "#skin", "uv": [ 12.0, 18.5, 13.5, 19.5 ], "autoUv": false },
												"down": { "texture": "#skin", "uv": [ 13.5, 18.5, 15.0, 19.5 ], "autoUv": false }
											},
											"children": [
												{
													"name": "RBClaws",
													"from": [ -0.1589, -0.0053, -0.0671 ],
													"to": [ 0.1526, -0.0053, 0.1925 ],
													"autoUnwrap": false,
													"uv": [ 15.5, 4.0 ],
													"rotationOrigin": [ -0.1064, -0.0053, -0.0673 ],
													"faces": {
														"north": { "texture": "#skin", "uv": [ 15.5, 6.5, 18.5, 7.0 ], "autoUv": false },
														"east": { "texture": "#skin", "uv": [ 18.5, 6.5, 21.0, 7.0 ], "autoUv": false },
														"south": { "texture": "#skin", "uv": [ 21.0, 6.5, 24.0, 7.0 ], "autoUv": false },
														"west": { "texture": "#skin", "uv": [ 21.5, 6.0, 24.0, 6.5 ], "autoUv": false, "windMode": [-1,-1,-1,-1] },
														"up": { "texture": "#skin", "uv": [ 15.5, 4.0, 18.5, 6.5 ], "rotation": 180, "autoUv": false, "windMode": [-1,-1,-1,-1] },
														"down": { "texture": "#skin", "uv": [ 18.5, 4.0, 21.5, 6.5 ], "autoUv": false, "windMode": [-1,-1,-1,-1] }
													}
												}
											]
										}
									]
								}
							]
						}
					]
				},
				{
					"name": "LBShoulder",
					"from": [ 1.0384, -0.0104, 0.4154 ],
					"to": [ 1.1942, 0.0934, 0.4154 ],
					"uv": [ 6.0, 9.5 ],
					"rotationOrigin": [ 1.1163, -0.0104, 0.4154 ],
					"faces": {
						"north": { "texture": "#skin", "uv": [ 6.0, 10.0, 7.5, 11.0 ], "autoUv": false },
						"east": { "texture": "#skin", "uv": [ 7.5, 10.0, 8.0, 11.0 ], "autoUv": false },
						"south": { "texture": "#skin", "uv": [ 8.0, 10.0, 9.5, 11.0 ], "autoUv": false },
						"west": { "texture": "#skin", "uv": [ 9.5, 10.0, 10.0, 11.0 ], "autoUv": false },
						"up": { "texture": "#skin", "uv": [ 6.0, 9.5, 7.5, 10.0 ], "autoUv": false },
						"down": { "texture": "#skin", "uv": [ 7.5, 9.5, 9.0, 10.0 ], "autoUv": false }
					},
					"children": [
						{
							"name": "LBLegUpper",
							"from": [ -0.0078, 0.0104, -0.0519 ],
							"to": [ 0.148, 0.1142, 0.2596 ],
							"autoUnwrap": false,
							"uv": [ 12.5, 7.5 ],
							"rotationOrigin": [ 0.0519, 0.1142, -0.0519 ],
							"rotationX": 15.0,
							"rotationY": 22.5,
							"faces": {
								"north": { "texture": "#skin", "uv": [ 11.0, 10.0, 12.5, 11.0 ], "autoUv": false },
								"east": { "texture": "#skin", "uv": [ 12.5, 10.0, 15.5, 11.0 ], "autoUv": false },
								"south": { "texture": "#skin", "uv": [ 15.5, 10.0, 17.0, 11.0 ], "autoUv": false },
								"west": { "texture": "#skin", "uv": [ 17.0, 10.0, 20.0, 11.0 ], "autoUv": false },
								"up": { "texture": "#skin", "uv": [ 12.5, 7.0, 14.0, 10.0 ], "autoUv": false },
								"down": { "texture": "#skin", "uv": [ 14.0, 7.0, 15.5, 10.0 ], "autoUv": false }
							},
							"children": [
								{
									"name": "LBLegLower",
									"from": [ 0.0026, 0.0, 0.3115 ],
									"to": [ 0.1532, 0.1038, 0.5192 ],
									"uv": [ 8.0, 12.5 ],
									"rotationOrigin": [ 0.0519, 0.1038, 0.3115 ],
									"rotationX": 55.0,
									"faces": {
										"north": { "texture": "#skin", "uv": [ 8.0, 14.5, 9.0, 15.5 ], "autoUv": false },
										"east": { "texture": "#skin", "uv": [ 9.0, 14.5, 11.0, 15.5 ], "autoUv": false },
										"south": { "texture": "#skin", "uv": [ 11.0, 14.5, 12.0, 15.5 ], "autoUv": false },
										"west": { "texture": "#skin", "uv": [ 12.0, 14.5, 14.0, 15.5 ], "autoUv": false },
										"up": { "texture": "#skin", "uv": [ 8.0, 12.5, 9.0, 14.5 ], "autoUv": false },
										"down": { "texture": "#skin", "uv": [ 9.0, 12.5, 10.0, 14.5 ], "autoUv": false }
									},
									"children": [
										{
											"name": "LBFoot",
											"from": [ 0.0, 0.0386, 0.1734 ],
											"to": [ 0.1558, 0.0802, 0.2876 ],
											"uv": [ 12.0, 18.5 ],
											"rotationOrigin": [ 0.0519, 0.0386, 0.2255 ],
											"rotationX": -70.0,
											"faces": {
												"north": { "texture": "#skin", "uv": [ 12.0, 19.5, 13.5, 20.0 ], "autoUv": false },
												"east": { "texture": "#skin", "uv": [ 13.5, 19.5, 14.5, 20.0 ], "autoUv": false },
												"south": { "texture": "#skin", "uv": [ 14.5, 19.5, 16.0, 20.0 ], "autoUv": false },
												"west": { "texture": "#skin", "uv": [ 16.0, 19.5, 17.0, 20.0 ], "autoUv": false },
												"up": { "texture": "#skin", "uv": [ 12.0, 18.5, 13.5, 19.5 ], "autoUv": false },
												"down": { "texture": "#skin", "uv": [ 13.5, 18.5, 15.0, 19.5 ], "autoUv": false }
											},
											"children": [
												{
													"name": "LBClaws",
													"from": [ -0.1485, 0.0, -0.0829 ],
													"to": [ 0.163, 0.0, 0.1767 ],
													"autoUnwrap": false,
													"uv": [ 15.5, 4.0 ],
													"rotationOrigin": [ -0.0961, 0.0, -0.083 ],
													"faces": {
														"north": { "texture": "#skin", "uv": [ 15.5, 6.5, 18.5, 7.0 ], "autoUv": false },
														"east": { "texture": "#skin", "uv": [ 18.5, 6.5, 21.0, 7.0 ], "autoUv": false },
														"south": { "texture": "#skin", "uv": [ 21.0, 6.5, 24.0, 7.0 ], "autoUv": false },
														"west": { "texture": "#skin", "uv": [ 21.5, 6.0, 24.0, 6.5 ], "autoUv": false, "windMode": [-1,-1,-1,-1] },
														"up": { "texture": "#skin", "uv": [ 15.5, 4.0, 18.5, 6.5 ], "rotation": 180, "autoUv": false, "windMode": [-1,-1,-1,-1] },
														"down": { "texture": "#skin", "uv": [ 18.5, 4.0, 21.5, 6.5 ], "autoUv": false }
													}
												}
											]
										}
									]
								}
							]
						}
					]
				},
				{
					"name": "LFShoulder",
					"from": [ 0.1038, -0.0104, 0.4154 ],
					"to": [ 0.2596, 0.0934, 0.4154 ],
					"uv": [ 6.0, 9.5 ],
					"rotationOrigin": [ 0.1818, -0.0104, 0.4154 ],
					"faces": {
						"north": { "texture": "#skin", "uv": [ 6.0, 10.0, 7.5, 11.0 ], "autoUv": false },
						"east": { "texture": "#skin", "uv": [ 7.5, 10.0, 8.0, 11.0 ], "autoUv": false },
						"south": { "texture": "#skin", "uv": [ 8.0, 10.0, 9.5, 11.0 ], "autoUv": false },
						"west": { "texture": "#skin", "uv": [ 9.5, 10.0, 10.0, 11.0 ], "autoUv": false },
						"up": { "texture": "#skin", "uv": [ 6.0, 9.5, 7.5, 10.0 ], "autoUv": false },
						"down": { "texture": "#skin", "uv": [ 7.5, 9.5, 9.0, 10.0 ], "autoUv": false }
					},
					"children": [
						{
							"name": "LFLegUpper",
							"from": [ 0.0, 0.0104, -0.0519 ],
							"to": [ 0.1558, 0.1142, 0.2596 ],
							"autoUnwrap": false,
							"uv": [ 12.5, 7.5 ],
							"rotationOrigin": [ 0.0519, 0.1142, -0.0519 ],
							"rotationX": 15.0,
							"rotationY": -22.5,
							"faces": {
								"north": { "texture": "#skin", "uv": [ 11.0, 10.0, 12.5, 11.0 ], "autoUv": false },
								"east": { "texture": "#skin", "uv": [ 12.5, 10.0, 15.5, 11.0 ], "autoUv": false },
								"south": { "texture": "#skin", "uv": [ 15.5, 10.0, 17.0, 11.0 ], "autoUv": false },
								"west": { "texture": "#skin", "uv": [ 17.0, 10.0, 20.0, 11.0 ], "autoUv": false },
								"up": { "texture": "#skin", "uv": [ 12.5, 7.0, 14.0, 10.0 ], "autoUv": false, "windMode": [-1,-1,-1,-1] },
								"down": { "texture": "#skin", "uv": [ 14.0, 7.0, 15.5, 10.0 ], "autoUv": false }
							},
							"children": [
								{
									"name": "LFLegLower",
									"from": [ 0.0026, 0.0, 0.3115 ],
									"to": [ 0.1532, 0.1038, 0.5192 ],
									"uv": [ 8.0, 12.5 ],
									"rotationOrigin": [ 0.0519, 0.1038, 0.3115 ],
									"rotationX": 55.0,
									"faces": {
										"north": { "texture": "#skin", "uv": [ 8.0, 14.5, 9.0, 15.5 ], "autoUv": false },
										"east": { "texture": "#skin", "uv": [ 9.0, 14.5, 11.0, 15.5 ], "autoUv": false, "windMode": [-1,-1,-1,-1] },
										"south": { "texture": "#skin", "uv": [ 11.0, 14.5, 12.0, 15.5 ], "autoUv": false },
										"west": { "texture": "#skin", "uv": [ 12.0, 14.5, 14.0, 15.5 ], "autoUv": false },
										"up": { "texture": "#skin", "uv": [ 8.0, 12.5, 9.0, 14.5 ], "autoUv": false },
										"down": { "texture": "#skin", "uv": [ 9.0, 12.5, 10.0, 14.5 ], "autoUv": false }
									},
									"children": [
										{
											"name": "LFFoot",
											"from": [ 0.0, 0.0386, 0.1734 ],
											"to": [ 0.1558, 0.0802, 0.2876 ],
											"uv": [ 12.0, 18.5 ],
											"rotationOrigin": [ 0.0519, 0.0386, 0.2255 ],
											"rotationX": -70.0,
											"faces": {
												"north": { "texture": "#skin", "uv": [ 12.0, 19.5, 13.5, 20.0 ], "autoUv": false },
												"east": { "texture": "#skin", "uv": [ 13.5, 19.5, 14.5, 20.0 ], "autoUv": false },
												"south": { "texture": "#skin", "uv": [ 14.5, 19.5, 16.0, 20.0 ], "autoUv": false },
												"west": { "texture": "#skin", "uv": [ 16.0, 19.5, 17.0, 20.0 ], "autoUv": false },
												"up": { "texture": "#skin", "uv": [ 12.0, 18.5, 13.5, 19.5 ], "autoUv": false },
												"down": { "texture": "#skin", "uv": [ 13.5, 18.5, 15.0, 19.5 ], "autoUv": false }
											},
											"children": [
												{
													"name": "LFClaws",
													"from": [ -0.1562, 0.0, -0.0829 ],
													"to": [ 0.1553, 0.0, 0.1767 ],
													"autoUnwrap": false,
													"uv": [ 15.5, 4.0 ],
													"rotationOrigin": [ -0.1038, 0.0, -0.083 ],
													"faces": {
														"north": { "texture": "#skin", "uv": [ 15.5, 6.5, 18.5, 7.0 ], "autoUv": false },
														"east": { "texture": "#skin", "uv": [ 18.5, 6.5, 21.0, 7.0 ], "autoUv": false },
														"south": { "texture": "#skin", "uv": [ 21.0, 6.5, 24.0, 7.0 ], "autoUv": false },
														"west": { "texture": "#skin", "uv": [ 21.5, 6.0, 24.0, 6.5 ], "autoUv": false, "windMode": [-1,-1,-1,-1] },
														"up": { "texture": "#skin", "uv": [ 15.5, 4.0, 18.5, 6.5 ], "rotation": 180, "autoUv": false, "windMode": [-1,-1,-1,-1] },
														"down": { "texture": "#skin", "uv": [ 18.5, 4.0, 21.5, 6.5 ], "autoUv": false }
													}
												}
											]
										}
									]
								}
							]
						}
					]
				}
			]
		}
	]}