{
	"editor": {
		"allAngles": false,
		"entityTextureMode": true
	},
	"textureWidth": 24,
	"textureHeight": 20,
	"textureSizes": {
	},
	"textures": {
	},
	"elements": [
		{
			"name": "Body",
			"from": [ 7.63, 0.1106, 7.92 ],
			"to": [ 8.2359, 0.2687, 8.1307 ],
			"autoUnwrap": false,
			"uv": [ 1.0, 7.0 ],
			"rotationOrigin": [ 7.8943, 0.1106, 8.022 ],
			"faces": {
				"north": { "texture": "#skin", "uv": [ 11.5, 4.0, 0.0, 7.0 ], "autoUv": false, "windMode": [-1,-1,-1,-1] },
				"east": { "texture": "#skin", "uv": [ 11.5, 4.0, 15.5, 7.0 ], "autoUv": false },
				"south": { "texture": "#skin", "uv": [ 0.0, 4.0, 11.5, 7.0 ], "autoUv": false, "windMode": [-1,-1,-1,-1] },
				"west": { "texture": "#skin", "uv": [ 11.5, 4.0, 15.5, 7.0 ], "autoUv": false },
				"up": { "texture": "#skin", "uv": [ 0.0, 0.0, 11.5, 4.0 ], "autoUv": false, "windMode": [-1,-1,-1,-1] },
				"down": { "texture": "#skin", "uv": [ 11.5, 0.0, 23.0, 4.0 ], "autoUv": false }
			},
			"children": [
				{
					"name": "Neck",
					"from": [ -0.1502, 0.0306, 0.0464 ],
					"to": [ 0.0342, 0.1301, 0.1649 ],
					"autoUnwrap": false,
					"uv": [ 17.0, 20.5 ],
					"rotationOrigin": [ -0.0316, 0.0382, 0.1251 ],
					"rotationY": -10.0,
					"faces": {
						"north": { "texture": "#skin", "uv": [ 17.5, 17.0, 21.5, 19.0 ], "autoUv": false, "windMode": [-1,-1,-1,-1] },
						"east": { "texture": "#skin", "uv": [ 10.0, 12.5, 13.0, 14.5 ], "autoUv": false },
						"south": { "texture": "#skin", "uv": [ 17.5, 17.0, 21.5, 19.0 ], "autoUv": false, "windMode": [-1,-1,-1,-1] },
						"west": { "texture": "#skin", "uv": [ 10.0, 12.5, 13.0, 14.5 ], "autoUv": false },
						"up": { "texture": "#skin", "uv": [ 0.0, 13.5, 4.0, 16.5 ], "autoUv": false },
						"down": { "texture": "#skin", "uv": [ 4.0, 13.5, 8.0, 16.5 ], "autoUv": false }
					},
					"children": [
						{
							"name": "Head",
							"from": [ -0.1396, -0.0059, -0.0099 ],
							"to": [ 0.0, 0.1037, 0.1284 ],
							"autoUnwrap": false,
							"uv": [ 1.0, 15.0 ],
							"rotationOrigin": [ -0.0211, 0.083, 0.0691 ],
							"faces": {
								"north": { "texture": "#skin", "uv": [ 9.0, 7.0, 6.0, 9.5 ], "autoUv": false, "windMode": [-1,-1,-1,-1] },
								"east": { "texture": "#skin", "uv": [ 9.0, 7.0, 12.5, 9.5 ], "autoUv": false },
								"south": { "texture": "#skin", "uv": [ 6.0, 7.0, 9.0, 9.5 ], "autoUv": false, "windMode": [-1,-1,-1,-1] },
								"west": { "texture": "#skin", "uv": [ 9.0, 7.0, 12.5, 9.5 ], "autoUv": false },
								"up": { "texture": "#skin", "uv": [ 0.0, 7.0, 3.0, 10.5 ], "autoUv": false },
								"down": { "texture": "#skin", "uv": [ 3.0, 7.0, 6.0, 10.5 ], "autoUv": false }
							},
							"children": [
								{
									"name": "LowerJaw",
									"from": [ -0.0948, 0.0, 0.0099 ],
									"to": [ 0.0395, 0.0198, 0.1284 ],
									"autoUnwrap": false,
									"uv": [ 0.0, 12.0 ],
									"rotationOrigin": [ -0.0158, 0.0198, 0.079 ],
									"faces": {
										"north": { "texture": "#skin", "uv": [ 9.0, 9.5, 12.0, 10.0 ], "autoUv": false },
										"east": { "texture": "#skin", "uv": [ 9.0, 9.5, 12.0, 10.0 ], "autoUv": false },
										"south": { "texture": "#skin", "uv": [ 9.0, 9.5, 12.0, 10.0 ], "autoUv": false },
										"west": { "texture": "#skin", "uv": [ 9.0, 9.5, 12.0, 10.0 ], "autoUv": false },
										"up": { "texture": "#skin", "uv": [ 0.0, 10.5, 3.0, 13.5 ], "autoUv": false },
										"down": { "texture": "#skin", "uv": [ 3.0, 10.5, 6.0, 13.5 ], "autoUv": false }
									}
								},
								{
									"name": "UpperJaw",
									"from": [ -0.0948, 0.0198, 0.0099 ],
									"to": [ 0.0395, 0.0942, 0.1284 ],
									"autoUnwrap": false,
									"uv": [ 20.5, 13.5 ],
									"rotationOrigin": [ -0.0948, 0.0395, 0.0 ],
									"faces": {
										"north": { "texture": "#skin", "uv": [ 3.0, 16.5, 6.0, 18.0 ], "autoUv": false },
										"east": { "texture": "#skin", "uv": [ 21.0, 13.0, 24.0, 14.5 ], "autoUv": false },
										"south": { "texture": "#skin", "uv": [ 3.0, 16.5, 6.0, 18.0 ], "autoUv": false, "windMode": [-1,-1,-1,-1] },
										"west": { "texture": "#skin", "uv": [ 21.0, 13.0, 24.0, 14.5 ], "autoUv": false },
										"up": { "texture": "#skin", "uv": [ 0.0, 16.5, 3.0, 19.5 ], "autoUv": false },
										"down": { "texture": "#skin", "uv": [ 6.0, 17.0, 9.0, 20.0 ], "autoUv": false }
									}
								},
								{
									"name": "LeftEye",
									"from": [ 0.0198, 0.0606, 0.1027 ],
									"to": [ 0.0494, 0.0902, 0.1422 ],
									"unwrapMode": 1,
									"autoUnwrap": false,
									"uv": [ 10.0, 17.0 ],
									"rotationOrigin": [ 0.0395, 0.0843, 0.1265 ],
									"faces": {
										"north": { "texture": "#skin", "uv": [ 11.5, 18.0, 11.0, 18.5 ], "autoUv": false, "windMode": [-1,-1,-1,-1] },
										"east": { "texture": "#skin", "uv": [ 10.0, 18.0, 11.0, 18.5 ], "autoUv": false },
										"south": { "texture": "#skin", "uv": [ 12.5, 17.5, 13.5, 18.5 ], "rotation": 180, "autoUv": false, "windMode": [-1,-1,-1,-1] },
										"west": { "texture": "#skin", "uv": [ 11.5, 18.0, 12.5, 18.5 ], "autoUv": false },
										"up": { "texture": "#skin", "uv": [ 11.0, 17.0, 11.5, 18.0 ], "rotation": 180, "autoUv": false },
										"down": { "texture": "#skin", "uv": [ 11.0, 18.5, 11.5, 19.5 ], "autoUv": false }
									}
								},
								{
									"name": "RightEye",
									"from": [ 0.0198, 0.0606, -0.004 ],
									"to": [ 0.0494, 0.0902, 0.0356 ],
									"unwrapMode": 1,
									"autoUnwrap": false,
									"uv": [ 10.0, 17.0 ],
									"rotationOrigin": [ 0.0395, 0.0843, 0.0198 ],
									"faces": {
										"north": { "texture": "#skin", "uv": [ 12.5, 17.5, 13.5, 18.5 ], "autoUv": false },
										"east": { "texture": "#skin", "uv": [ 10.0, 18.0, 11.0, 18.5 ], "autoUv": false },
										"south": { "texture": "#skin", "uv": [ 11.0, 18.0, 11.5, 18.5 ], "autoUv": false },
										"west": { "texture": "#skin", "uv": [ 11.5, 18.0, 12.5, 18.5 ], "autoUv": false },
										"up": { "texture": "#skin", "uv": [ 11.0, 17.0, 11.5, 18.0 ], "rotation": 180, "autoUv": false },
										"down": { "texture": "#skin", "uv": [ 11.0, 18.5, 11.5, 19.5 ], "autoUv": false }
									}
								}
							]
						}
					]
				},
				{
					"name": "UpperTail",
					"from": [ 0.5269, 0.0263, 0.0527 ],
					"to": [ 0.8957, 0.1317, 0.1581 ],
					"autoUnwrap": false,
					"uv": [ 0.5, 26.5 ],
					"rotationOrigin": [ 0.5269, 0.079, 0.1317 ],
					"rotationY": 13.0,
					"faces": {
						"north": { "texture": "#skin", "uv": [ 22.0, 15.0, 15.0, 17.0 ], "autoUv": false, "windMode": [-1,-1,-1,-1] },
						"east": { "texture": "#skin", "uv": [ 20.0, 11.0, 22.0, 13.0 ], "autoUv": false },
						"south": { "texture": "#skin", "uv": [ 15.0, 15.0, 22.0, 17.0 ], "autoUv": false, "windMode": [-1,-1,-1,-1] },
						"west": { "texture": "#skin", "uv": [ 20.0, 11.0, 22.0, 13.0 ], "autoUv": false },
						"up": { "texture": "#skin", "uv": [ 14.0, 13.0, 21.0, 15.0 ], "autoUv": false, "windMode": [-1,-1,-1,-1] },
						"down": { "texture": "#skin", "uv": [ 13.0, 11.0, 20.0, 13.0 ], "autoUv": false }
					},
					"children": [
						{
							"name": "MidTail",
							"from": [ 0.3161, 0.0132, 0.0132 ],
							"to": [ 0.6849, 0.079, 0.0922 ],
							"autoUnwrap": false,
							"uv": [ 5.5, 15.0 ],
							"rotationOrigin": [ 0.3161, 0.0053, -0.0132 ],
							"rotationY": 21.0,
							"faces": {
								"north": { "texture": "#skin", "uv": [ 15.5, 9.0, 22.5, 10.0 ], "autoUv": false, "windMode": [-1,-1,-1,-1] },
								"east": { "texture": "#skin", "uv": [ 21.5, 4.0, 23.0, 5.0 ], "autoUv": false },
								"south": { "texture": "#skin", "uv": [ 15.5, 9.0, 22.5, 10.0 ], "autoUv": false, "windMode": [-1,-1,-1,-1] },
								"west": { "texture": "#skin", "uv": [ 21.5, 4.0, 23.0, 5.0 ], "autoUv": false },
								"up": { "texture": "#skin", "uv": [ 6.0, 11.0, 13.0, 12.5 ], "autoUv": false, "windMode": [-1,-1,-1,-1] },
								"down": { "texture": "#skin", "uv": [ 8.0, 15.5, 15.0, 17.0 ], "autoUv": false }
							},
							"children": [
								{
									"name": "LowerTail",
									"from": [ 0.3161, 0.0066, 0.0132 ],
									"to": [ 0.6849, 0.0593, 0.0659 ],
									"autoUnwrap": false,
									"uv": [ 16.0, 27.5 ],
									"rotationOrigin": [ 0.3161, 0.0527, 0.0198 ],
									"rotationY": 34.0,
									"faces": {
										"north": { "texture": "#skin", "uv": [ 24.0, 19.0, 17.0, 20.0 ], "autoUv": false, "windMode": [-1,-1,-1,-1] },
										"east": { "texture": "#skin", "uv": [ 10.0, 10.0, 11.0, 11.0 ], "autoUv": false, "windMode": [-1,-1,-1,-1] },
										"south": { "texture": "#skin", "uv": [ 17.0, 19.0, 24.0, 20.0 ], "autoUv": false, "windMode": [-1,-1,-1,-1] },
										"west": { "texture": "#skin", "uv": [ 10.0, 10.0, 11.0, 11.0 ], "autoUv": false, "windMode": [-1,-1,-1,-1] },
										"up": { "texture": "#skin", "uv": [ 15.5, 7.0, 22.5, 8.0 ], "autoUv": false },
										"down": { "texture": "#skin", "uv": [ 15.5, 8.0, 22.5, 9.0 ], "autoUv": false }
									}
								}
							]
						}
					]
				},
				{
					"name": "RFShoulder",
					"from": [ 0.0527, -0.0053, 0.0 ],
					"to": [ 0.1317, 0.0474, 0.0 ],
					"uv": [ 6.0, 9.5 ],
					"rotationOrigin": [ 0.0922, -0.0053, 0.0 ],
					"faces": {
						"north": { "texture": "#skin", "uv": [ 6.0, 10.0, 7.5, 11.0 ], "autoUv": false },
						"east": { "texture": "#skin", "uv": [ 7.5, 10.0, 8.0, 11.0 ], "autoUv": false },
						"south": { "texture": "#skin", "uv": [ 8.0, 10.0, 9.5, 11.0 ], "autoUv": false },
						"west": { "texture": "#skin", "uv": [ 9.5, 10.0, 10.0, 11.0 ], "autoUv": false },
						"up": { "texture": "#skin", "uv": [ 6.0, 9.5, 7.5, 10.0 ], "autoUv": false },
						"down": { "texture": "#skin", "uv": [ 7.5, 9.5, 9.0, 10.0 ], "autoUv": false }
					},
					"children": [
						{
							"name": "RFLegUpper",
							"from": [ 0.0, 0.0053, -0.1317 ],
							"to": [ 0.079, 0.0579, 0.0263 ],
							"autoUnwrap": false,
							"uv": [ 12.5, 7.5 ],
							"rotationOrigin": [ 0.0263, 0.0579, 0.0263 ],
							"rotationX": -15.0,
							"faces": {
								"north": { "texture": "#skin", "uv": [ 11.0, 10.0, 12.5, 11.0 ], "autoUv": false },
								"east": { "texture": "#skin", "uv": [ 12.5, 10.0, 15.5, 11.0 ], "autoUv": false },
								"south": { "texture": "#skin", "uv": [ 15.5, 10.0, 17.0, 11.0 ], "autoUv": false },
								"west": { "texture": "#skin", "uv": [ 17.0, 10.0, 20.0, 11.0 ], "autoUv": false },
								"up": { "texture": "#skin", "uv": [ 12.5, 7.0, 14.0, 10.0 ], "autoUv": false },
								"down": { "texture": "#skin", "uv": [ 14.0, 7.0, 15.5, 10.0 ], "autoUv": false }
							},
							"children": [
								{
									"name": "RFLegLower",
									"from": [ 0.0013, 0.0, -0.1054 ],
									"to": [ 0.0777, 0.0527, 0.0 ],
									"uv": [ 8.0, 12.5 ],
									"rotationOrigin": [ 0.0263, 0.0527, 0.0 ],
									"rotationX": -55.0,
									"faces": {
										"north": { "texture": "#skin", "uv": [ 8.0, 14.5, 9.0, 15.5 ], "autoUv": false },
										"east": { "texture": "#skin", "uv": [ 9.0, 14.5, 11.0, 15.5 ], "autoUv": false },
										"south": { "texture": "#skin", "uv": [ 11.0, 14.5, 12.0, 15.5 ], "autoUv": false },
										"west": { "texture": "#skin", "uv": [ 12.0, 14.5, 14.0, 15.5 ], "autoUv": false, "windMode": [-1,-1,-1,-1] },
										"up": { "texture": "#skin", "uv": [ 8.0, 12.5, 9.0, 14.5 ], "autoUv": false, "windMode": [-1,-1,-1,-1] },
										"down": { "texture": "#skin", "uv": [ 9.0, 12.5, 10.0, 14.5 ], "autoUv": false }
									},
									"children": [
										{
											"name": "RFFoot",
											"from": [ 0.0, 0.0233, -0.039 ],
											"to": [ 0.079, 0.0443, 0.0189 ],
											"uv": [ 12.0, 18.5 ],
											"rotationOrigin": [ 0.0261, 0.0233, -0.0128 ],
											"rotationX": 70.0,
											"faces": {
												"north": { "texture": "#skin", "uv": [ 12.0, 19.5, 13.5, 20.0 ], "autoUv": false },
												"east": { "texture": "#skin", "uv": [ 13.5, 19.5, 14.5, 20.0 ], "autoUv": false },
												"south": { "texture": "#skin", "uv": [ 14.5, 19.5, 16.0, 20.0 ], "autoUv": false },
												"west": { "texture": "#skin", "uv": [ 16.0, 19.5, 17.0, 20.0 ], "autoUv": false },
												"up": { "texture": "#skin", "uv": [ 12.0, 18.5, 13.5, 19.5 ], "autoUv": false },
												"down": { "texture": "#skin", "uv": [ 13.5, 18.5, 15.0, 19.5 ], "autoUv": false }
											},
											"children": [
												{
													"name": "RFClaws",
													"from": [ -0.0793, 0.0022, -0.0322 ],
													"to": [ 0.0788, 0.0022, 0.0995 ],
													"autoUnwrap": false,
													"uv": [ 15.5, 4.0 ],
													"rotationOrigin": [ -0.0527, 0.0022, -0.0323 ],
													"faces": {
														"north": { "texture": "#skin", "uv": [ 15.5, 6.5, 18.5, 7.0 ], "autoUv": false },
														"east": { "texture": "#skin", "uv": [ 18.5, 6.5, 21.0, 7.0 ], "autoUv": false },
														"south": { "texture": "#skin", "uv": [ 21.0, 6.5, 24.0, 7.0 ], "autoUv": false },
														"west": { "texture": "#skin", "uv": [ 21.5, 6.0, 24.0, 6.5 ], "autoUv": false, "windMode": [-1,-1,-1,-1] },
														"up": { "texture": "#skin", "uv": [ 15.5, 4.0, 18.5, 6.5 ], "rotation": 180, "autoUv": false, "windMode": [-1,-1,-1,-1] },
														"down": { "texture": "#skin", "uv": [ 18.5, 4.0, 21.5, 6.5 ], "autoUv": false }
													}
												}
											]
										}
									]
								}
							]
						}
					]
				},
				{
					"name": "RBShoulder",
					"from": [ 0.5269, -0.0053, 0.0 ],
					"to": [ 0.6059, 0.0474, 0.0 ],
					"uv": [ 6.0, 9.5 ],
					"rotationOrigin": [ 0.5664, -0.0053, 0.0 ],
					"faces": {
						"north": { "texture": "#skin", "uv": [ 6.0, 10.0, 7.5, 11.0 ], "autoUv": false },
						"east": { "texture": "#skin", "uv": [ 7.5, 10.0, 8.0, 11.0 ], "autoUv": false },
						"south": { "texture": "#skin", "uv": [ 8.0, 10.0, 9.5, 11.0 ], "autoUv": false },
						"west": { "texture": "#skin", "uv": [ 9.5, 10.0, 10.0, 11.0 ], "autoUv": false },
						"up": { "texture": "#skin", "uv": [ 6.0, 9.5, 7.5, 10.0 ], "autoUv": false },
						"down": { "texture": "#skin", "uv": [ 7.5, 9.5, 9.0, 10.0 ], "autoUv": false }
					},
					"children": [
						{
							"name": "RBLegUpper",
							"from": [ -0.004, 0.0053, -0.1317 ],
							"to": [ 0.0751, 0.0579, 0.0263 ],
							"autoUnwrap": false,
							"uv": [ 12.5, 7.5 ],
							"rotationOrigin": [ 0.0263, 0.0579, 0.0263 ],
							"rotationX": -15.0,
							"faces": {
								"north": { "texture": "#skin", "uv": [ 11.0, 10.0, 12.5, 11.0 ], "autoUv": false },
								"east": { "texture": "#skin", "uv": [ 12.5, 10.0, 15.5, 11.0 ], "autoUv": false },
								"south": { "texture": "#skin", "uv": [ 15.5, 10.0, 17.0, 11.0 ], "autoUv": false },
								"west": { "texture": "#skin", "uv": [ 17.0, 10.0, 20.0, 11.0 ], "autoUv": false },
								"up": { "texture": "#skin", "uv": [ 12.5, 7.0, 14.0, 10.0 ], "autoUv": false },
								"down": { "texture": "#skin", "uv": [ 14.0, 7.0, 15.5, 10.0 ], "autoUv": false }
							},
							"children": [
								{
									"name": "RBLegLower",
									"from": [ 0.0013, 0.0, -0.1054 ],
									"to": [ 0.0777, 0.0527, 0.0 ],
									"uv": [ 8.0, 12.5 ],
									"rotationOrigin": [ 0.0263, 0.0527, 0.0 ],
									"rotationX": -55.0,
									"faces": {
										"north": { "texture": "#skin", "uv": [ 8.0, 14.5, 9.0, 15.5 ], "autoUv": false },
										"east": { "texture": "#skin", "uv": [ 9.0, 14.5, 11.0, 15.5 ], "autoUv": false },
										"south": { "texture": "#skin", "uv": [ 11.0, 14.5, 12.0, 15.5 ], "autoUv": false },
										"west": { "texture": "#skin", "uv": [ 12.0, 14.5, 14.0, 15.5 ], "autoUv": false, "windMode": [-1,-1,-1,-1] },
										"up": { "texture": "#skin", "uv": [ 8.0, 12.5, 9.0, 14.5 ], "autoUv": false },
										"down": { "texture": "#skin", "uv": [ 9.0, 12.5, 10.0, 14.5 ], "autoUv": false }
									},
									"children": [
										{
											"name": "RBFoot",
											"from": [ 0.0, 0.023, -0.034 ],
											"to": [ 0.079, 0.044, 0.024 ],
											"uv": [ 12.0, 18.5 ],
											"rotationOrigin": [ 0.0263, 0.023, -0.0074 ],
											"rotationX": 70.0,
											"faces": {
												"north": { "texture": "#skin", "uv": [ 12.0, 19.5, 13.5, 20.0 ], "autoUv": false },
												"east": { "texture": "#skin", "uv": [ 13.5, 19.5, 14.5, 20.0 ], "autoUv": false },
												"south": { "texture": "#skin", "uv": [ 14.5, 19.5, 16.0, 20.0 ], "autoUv": false },
												"west": { "texture": "#skin", "uv": [ 16.0, 19.5, 17.0, 20.0 ], "autoUv": false },
												"up": { "texture": "#skin", "uv": [ 12.0, 18.5, 13.5, 19.5 ], "autoUv": false },
												"down": { "texture": "#skin", "uv": [ 13.5, 18.5, 15.0, 19.5 ], "autoUv": false }
											},
											"children": [
												{
													"name": "RBClaws",
													"from": [ -0.0806, -0.0027, -0.034 ],
													"to": [ 0.0774, -0.0027, 0.0977 ],
													"autoUnwrap": false,
													"uv": [ 15.5, 4.0 ],
													"rotationOrigin": [ -0.054, -0.0027, -0.0341 ],
													"faces": {
														"north": { "texture": "#skin", "uv": [ 15.5, 6.5, 18.5, 7.0 ], "autoUv": false },
														"east": { "texture": "#skin", "uv": [ 18.5, 6.5, 21.0, 7.0 ], "autoUv": false },
														"south": { "texture": "#skin", "uv": [ 21.0, 6.5, 24.0, 7.0 ], "autoUv": false },
														"west": { "texture": "#skin", "uv": [ 21.5, 6.0, 24.0, 6.5 ], "autoUv": false, "windMode": [-1,-1,-1,-1] },
														"up": { "texture": "#skin", "uv": [ 15.5, 4.0, 18.5, 6.5 ], "rotation": 180, "autoUv": false, "windMode": [-1,-1,-1,-1] },
														"down": { "texture": "#skin", "uv": [ 18.5, 4.0, 21.5, 6.5 ], "autoUv": false, "windMode": [-1,-1,-1,-1] }
													}
												}
											]
										}
									]
								}
							]
						}
					]
				},
				{
					"name": "LBShoulder",
					"from": [ 0.5269, -0.0053, 0.2107 ],
					"to": [ 0.6059, 0.0474, 0.2107 ],
					"uv": [ 6.0, 9.5 ],
					"rotationOrigin": [ 0.5664, -0.0053, 0.2107 ],
					"faces": {
						"north": { "texture": "#skin", "uv": [ 6.0, 10.0, 7.5, 11.0 ], "autoUv": false },
						"east": { "texture": "#skin", "uv": [ 7.5, 10.0, 8.0, 11.0 ], "autoUv": false },
						"south": { "texture": "#skin", "uv": [ 8.0, 10.0, 9.5, 11.0 ], "autoUv": false },
						"west": { "texture": "#skin", "uv": [ 9.5, 10.0, 10.0, 11.0 ], "autoUv": false },
						"up": { "texture": "#skin", "uv": [ 6.0, 9.5, 7.5, 10.0 ], "autoUv": false },
						"down": { "texture": "#skin", "uv": [ 7.5, 9.5, 9.0, 10.0 ], "autoUv": false }
					},
					"children": [
						{
							"name": "LBLegUpper",
							"from": [ -0.004, 0.0053, -0.0263 ],
							"to": [ 0.0751, 0.0579, 0.1317 ],
							"autoUnwrap": false,
							"uv": [ 12.5, 7.5 ],
							"rotationOrigin": [ 0.0263, 0.0579, -0.0263 ],
							"rotationX": 15.0,
							"faces": {
								"north": { "texture": "#skin", "uv": [ 11.0, 10.0, 12.5, 11.0 ], "autoUv": false },
								"east": { "texture": "#skin", "uv": [ 12.5, 10.0, 15.5, 11.0 ], "autoUv": false },
								"south": { "texture": "#skin", "uv": [ 15.5, 10.0, 17.0, 11.0 ], "autoUv": false },
								"west": { "texture": "#skin", "uv": [ 17.0, 10.0, 20.0, 11.0 ], "autoUv": false },
								"up": { "texture": "#skin", "uv": [ 12.5, 7.0, 14.0, 10.0 ], "autoUv": false },
								"down": { "texture": "#skin", "uv": [ 14.0, 7.0, 15.5, 10.0 ], "autoUv": false }
							},
							"children": [
								{
									"name": "LBLegLower",
									"from": [ 0.0013, 0.0, 0.1581 ],
									"to": [ 0.0777, 0.0527, 0.2634 ],
									"uv": [ 8.0, 12.5 ],
									"rotationOrigin": [ 0.0263, 0.0527, 0.1581 ],
									"rotationX": 55.0,
									"faces": {
										"north": { "texture": "#skin", "uv": [ 8.0, 14.5, 9.0, 15.5 ], "autoUv": false },
										"east": { "texture": "#skin", "uv": [ 9.0, 14.5, 11.0, 15.5 ], "autoUv": false },
										"south": { "texture": "#skin", "uv": [ 11.0, 14.5, 12.0, 15.5 ], "autoUv": false },
										"west": { "texture": "#skin", "uv": [ 12.0, 14.5, 14.0, 15.5 ], "autoUv": false },
										"up": { "texture": "#skin", "uv": [ 8.0, 12.5, 9.0, 14.5 ], "autoUv": false },
										"down": { "texture": "#skin", "uv": [ 9.0, 12.5, 10.0, 14.5 ], "autoUv": false }
									},
									"children": [
										{
											"name": "LBFoot",
											"from": [ 0.0, 0.0196, 0.088 ],
											"to": [ 0.079, 0.0407, 0.1459 ],
											"uv": [ 12.0, 18.5 ],
											"rotationOrigin": [ 0.0263, 0.0196, 0.1144 ],
											"rotationX": -70.0,
											"faces": {
												"north": { "texture": "#skin", "uv": [ 12.0, 19.5, 13.5, 20.0 ], "autoUv": false },
												"east": { "texture": "#skin", "uv": [ 13.5, 19.5, 14.5, 20.0 ], "autoUv": false },
												"south": { "texture": "#skin", "uv": [ 14.5, 19.5, 16.0, 20.0 ], "autoUv": false },
												"west": { "texture": "#skin", "uv": [ 16.0, 19.5, 17.0, 20.0 ], "autoUv": false },
												"up": { "texture": "#skin", "uv": [ 12.0, 18.5, 13.5, 19.5 ], "autoUv": false },
												"down": { "texture": "#skin", "uv": [ 13.5, 18.5, 15.0, 19.5 ], "autoUv": false }
											},
											"children": [
												{
													"name": "LBClaws",
													"from": [ -0.0753, 0.0, -0.042 ],
													"to": [ 0.0827, 0.0, 0.0897 ],
													"autoUnwrap": false,
													"uv": [ 15.5, 4.0 ],
													"rotationOrigin": [ -0.0487, 0.0, -0.0422 ],
													"faces": {
														"north": { "texture": "#skin", "uv": [ 15.5, 6.5, 18.5, 7.0 ], "autoUv": false },
														"east": { "texture": "#skin", "uv": [ 18.5, 6.5, 21.0, 7.0 ], "autoUv": false },
														"south": { "texture": "#skin", "uv": [ 21.0, 6.5, 24.0, 7.0 ], "autoUv": false },
														"west": { "texture": "#skin", "uv": [ 21.5, 6.0, 24.0, 6.5 ], "autoUv": false, "windMode": [-1,-1,-1,-1] },
														"up": { "texture": "#skin", "uv": [ 15.5, 4.0, 18.5, 6.5 ], "rotation": 180, "autoUv": false, "windMode": [-1,-1,-1,-1] },
														"down": { "texture": "#skin", "uv": [ 18.5, 4.0, 21.5, 6.5 ], "autoUv": false }
													}
												}
											]
										}
									]
								}
							]
						}
					]
				},
				{
					"name": "LFShoulder",
					"from": [ 0.0527, -0.0053, 0.2107 ],
					"to": [ 0.1317, 0.0474, 0.2107 ],
					"uv": [ 6.0, 9.5 ],
					"rotationOrigin": [ 0.0922, -0.0053, 0.2107 ],
					"faces": {
						"north": { "texture": "#skin", "uv": [ 6.0, 10.0, 7.5, 11.0 ], "autoUv": false },
						"east": { "texture": "#skin", "uv": [ 7.5, 10.0, 8.0, 11.0 ], "autoUv": false },
						"south": { "texture": "#skin", "uv": [ 8.0, 10.0, 9.5, 11.0 ], "autoUv": false },
						"west": { "texture": "#skin", "uv": [ 9.5, 10.0, 10.0, 11.0 ], "autoUv": false },
						"up": { "texture": "#skin", "uv": [ 6.0, 9.5, 7.5, 10.0 ], "autoUv": false },
						"down": { "texture": "#skin", "uv": [ 7.5, 9.5, 9.0, 10.0 ], "autoUv": false }
					},
					"children": [
						{
							"name": "LFLegUpper",
							"from": [ 0.0, 0.0053, -0.0263 ],
							"to": [ 0.079, 0.0579, 0.1317 ],
							"autoUnwrap": false,
							"uv": [ 12.5, 7.5 ],
							"rotationOrigin": [ 0.0263, 0.0579, -0.0263 ],
							"rotationX": 15.0,
							"faces": {
								"north": { "texture": "#skin", "uv": [ 11.0, 10.0, 12.5, 11.0 ], "autoUv": false },
								"east": { "texture": "#skin", "uv": [ 12.5, 10.0, 15.5, 11.0 ], "autoUv": false },
								"south": { "texture": "#skin", "uv": [ 15.5, 10.0, 17.0, 11.0 ], "autoUv": false },
								"west": { "texture": "#skin", "uv": [ 17.0, 10.0, 20.0, 11.0 ], "autoUv": false },
								"up": { "texture": "#skin", "uv": [ 12.5, 7.0, 14.0, 10.0 ], "autoUv": false, "windMode": [-1,-1,-1,-1] },
								"down": { "texture": "#skin", "uv": [ 14.0, 7.0, 15.5, 10.0 ], "autoUv": false }
							},
							"children": [
								{
									"name": "LFLegLower",
									"from": [ 0.0013, 0.0, 0.1581 ],
									"to": [ 0.0777, 0.0527, 0.2634 ],
									"uv": [ 8.0, 12.5 ],
									"rotationOrigin": [ 0.0263, 0.0527, 0.1581 ],
									"rotationX": 55.0,
									"faces": {
										"north": { "texture": "#skin", "uv": [ 8.0, 14.5, 9.0, 15.5 ], "autoUv": false },
										"east": { "texture": "#skin", "uv": [ 9.0, 14.5, 11.0, 15.5 ], "autoUv": false, "windMode": [-1,-1,-1,-1] },
										"south": { "texture": "#skin", "uv": [ 11.0, 14.5, 12.0, 15.5 ], "autoUv": false },
										"west": { "texture": "#skin", "uv": [ 12.0, 14.5, 14.0, 15.5 ], "autoUv": false },
										"up": { "texture": "#skin", "uv": [ 8.0, 12.5, 9.0, 14.5 ], "autoUv": false },
										"down": { "texture": "#skin", "uv": [ 9.0, 12.5, 10.0, 14.5 ], "autoUv": false }
									},
									"children": [
										{
											"name": "LFFoot",
											"from": [ 0.0, 0.0196, 0.088 ],
											"to": [ 0.079, 0.0407, 0.1459 ],
											"uv": [ 12.0, 18.5 ],
											"rotationOrigin": [ 0.0263, 0.0196, 0.1144 ],
											"rotationX": -70.0,
											"faces": {
												"north": { "texture": "#skin", "uv": [ 12.0, 19.5, 13.5, 20.0 ], "autoUv": false },
												"east": { "texture": "#skin", "uv": [ 13.5, 19.5, 14.5, 20.0 ], "autoUv": false },
												"south": { "texture": "#skin", "uv": [ 14.5, 19.5, 16.0, 20.0 ], "autoUv": false },
												"west": { "texture": "#skin", "uv": [ 16.0, 19.5, 17.0, 20.0 ], "autoUv": false },
												"up": { "texture": "#skin", "uv": [ 12.0, 18.5, 13.5, 19.5 ], "autoUv": false },
												"down": { "texture": "#skin", "uv": [ 13.5, 18.5, 15.0, 19.5 ], "autoUv": false }
											},
											"children": [
												{
													"name": "LFClaws",
													"from": [ -0.0793, 0.0, -0.042 ],
													"to": [ 0.0788, 0.0, 0.0897 ],
													"autoUnwrap": false,
													"uv": [ 15.5, 4.0 ],
													"rotationOrigin": [ -0.0527, 0.0, -0.0422 ],
													"faces": {
														"north": { "texture": "#skin", "uv": [ 15.5, 6.5, 18.5, 7.0 ], "autoUv": false },
														"east": { "texture": "#skin", "uv": [ 18.5, 6.5, 21.0, 7.0 ], "autoUv": false },
														"south": { "texture": "#skin", "uv": [ 21.0, 6.5, 24.0, 7.0 ], "autoUv": false },
														"west": { "texture": "#skin", "uv": [ 21.5, 6.0, 24.0, 6.5 ], "autoUv": false, "windMode": [-1,-1,-1,-1] },
														"up": { "texture": "#skin", "uv": [ 15.5, 4.0, 18.5, 6.5 ], "rotation": 180, "autoUv": false, "windMode": [-1,-1,-1,-1] },
														"down": { "texture": "#skin", "uv": [ 18.5, 4.0, 21.5, 6.5 ], "autoUv": false }
													}
												}
											]
										}
									]
								}
							]
						}
					]
				}
			]
		}
	]}