{
	"editor": {
		"allAngles": false,
		"entityTextureMode": true
	},
	"textureWidth": 24,
	"textureHeight": 20,
	"textureSizes": {
	},
	"textures": {
	},
	"elements": [
		{
			"name": "Body",
			"from": [ 3.9, 1.3904, 6.79 ],
			"to": [ 11.168, 3.2864, 9.318 ],
			"autoUnwrap": false,
			"uv": [ 1.0, 7.0 ],
			"rotationOrigin": [ 7.056, 1.3904, 8.056 ],
			"faces": {
				"north": { "texture": "#skin", "uv": [ 11.5, 4.0, 4.232, 5.896 ], "autoUv": false, "windMode": [-1,-1,-1,-1] },
				"east": { "texture": "#skin", "uv": [ 11.5, 4.0, 14.0, 5.5 ] },
				"south": { "texture": "#skin", "uv": [ 0.0, 4.0, 7.0, 5.5 ], "windMode": [-1,-1,-1,-1] },
				"west": { "texture": "#skin", "uv": [ 11.5, 4.0, 14.0, 5.5 ] },
				"up": { "texture": "#skin", "uv": [ 0.0, 0.0, 7.0, 2.5 ], "windMode": [-1,-1,-1,-1] },
				"down": { "texture": "#skin", "uv": [ 11.5, 0.0, 18.5, 2.5 ] }
			},
			"children": [
				{
					"name": "Neck",
					"from": [ -1.8012, 0.3666, 0.5562 ],
					"to": [ 0.4108, 1.561, 1.9782 ],
					"autoUnwrap": false,
					"uv": [ 17.0, 20.5 ],
					"rotationOrigin": [ -0.3792, 0.4582, 1.501 ],
					"faces": {
						"north": { "texture": "#skin", "uv": [ 17.5, 17.0, 20.028, 18.264 ], "autoUv": false, "windMode": [-1,-1,-1,-1] },
						"east": { "texture": "#skin", "uv": [ 10.0, 12.5, 11.896, 13.764 ], "autoUv": false },
						"south": { "texture": "#skin", "uv": [ 17.5, 17.0, 20.028, 18.264 ], "autoUv": false, "windMode": [-1,-1,-1,-1] },
						"west": { "texture": "#skin", "uv": [ 10.0, 12.5, 11.896, 13.764 ], "autoUv": false },
						"up": { "texture": "#skin", "uv": [ 0.0, 13.5, 2.528, 15.396 ], "autoUv": false },
						"down": { "texture": "#skin", "uv": [ 4.0, 13.5, 6.528, 15.396 ], "autoUv": false }
					},
					"children": [
						{
							"name": "Head",
							"from": [ -1.6748, -0.0711, -0.1185 ],
							"to": [ 0.0, 1.2435, 1.5405 ],
							"autoUnwrap": false,
							"uv": [ 1.0, 15.0 ],
							"rotationOrigin": [ -0.2528, 0.9954, 0.8295 ],
							"faces": {
								"north": { "texture": "#skin", "uv": [ 9.0, 7.0, 7.104, 8.58 ], "autoUv": false, "windMode": [-1,-1,-1,-1] },
								"east": { "texture": "#skin", "uv": [ 9.0, 7.0, 11.212, 8.58 ], "autoUv": false },
								"south": { "texture": "#skin", "uv": [ 6.0, 7.0, 7.896, 8.58 ], "autoUv": false, "windMode": [-1,-1,-1,-1] },
								"west": { "texture": "#skin", "uv": [ 9.0, 7.0, 11.212, 8.58 ], "autoUv": false },
								"up": { "texture": "#skin", "uv": [ 0.0, 7.0, 1.896, 9.212 ], "autoUv": false },
								"down": { "texture": "#skin", "uv": [ 3.0, 7.0, 4.896, 9.212 ], "autoUv": false }
							},
							"children": [
								{
									"name": "LowerJaw",
									"from": [ -1.1376, 0.0, 0.1185 ],
									"to": [ 0.474, 0.237, 1.5405 ],
									"autoUnwrap": false,
									"uv": [ 0.0, 12.0 ],
									"rotationOrigin": [ -0.1896, 0.237, 0.948 ],
									"faces": {
										"north": { "texture": "#skin", "uv": [ 9.0, 9.5, 10.896, 9.816 ], "autoUv": false },
										"east": { "texture": "#skin", "uv": [ 9.0, 9.5, 10.896, 9.816 ], "autoUv": false },
										"south": { "texture": "#skin", "uv": [ 9.0, 9.5, 10.896, 9.816 ], "autoUv": false },
										"west": { "texture": "#skin", "uv": [ 9.0, 9.5, 10.896, 9.816 ], "autoUv": false },
										"up": { "texture": "#skin", "uv": [ 0.0, 10.5, 1.896, 12.396 ], "autoUv": false },
										"down": { "texture": "#skin", "uv": [ 3.0, 10.5, 4.896, 12.396 ], "autoUv": false }
									}
								},
								{
									"name": "UpperJaw",
									"from": [ -1.1376, 0.237, 0.1185 ],
									"to": [ 0.474, 1.1297, 1.5405 ],
									"autoUnwrap": false,
									"uv": [ 20.5, 13.5 ],
									"rotationOrigin": [ -1.1376, 0.474, 0.0 ],
									"faces": {
										"north": { "texture": "#skin", "uv": [ 3.0, 16.5, 4.896, 17.448 ], "autoUv": false },
										"east": { "texture": "#skin", "uv": [ 21.0, 13.0, 22.896, 13.948 ], "autoUv": false },
										"south": { "texture": "#skin", "uv": [ 3.0, 16.5, 4.896, 17.448 ], "autoUv": false, "windMode": [-1,-1,-1,-1] },
										"west": { "texture": "#skin", "uv": [ 21.0, 13.0, 22.896, 13.948 ], "autoUv": false },
										"up": { "texture": "#skin", "uv": [ 0.0, 16.5, 1.896, 18.396 ], "autoUv": false },
										"down": { "texture": "#skin", "uv": [ 6.0, 17.0, 7.896, 18.896 ], "autoUv": false }
									}
								},
								{
									"name": "LeftEye",
									"from": [ 0.237, 0.7268, 1.2324 ],
									"to": [ 0.5925, 1.0823, 1.7064 ],
									"unwrapMode": 1,
									"autoUnwrap": false,
									"uv": [ 10.0, 17.0 ],
									"rotationOrigin": [ 0.474, 1.0112, 1.5168 ],
									"faces": {
										"north": { "texture": "#skin", "uv": [ 11.5, 18.0, 11.184, 18.316 ], "autoUv": false, "windMode": [-1,-1,-1,-1] },
										"east": { "texture": "#skin", "uv": [ 10.0, 18.0, 10.632, 18.316 ], "autoUv": false },
										"south": { "texture": "#skin", "uv": [ 12.5, 17.5, 13.132, 18.132 ], "rotation": 180, "autoUv": false, "windMode": [-1,-1,-1,-1] },
										"west": { "texture": "#skin", "uv": [ 11.5, 18.0, 12.132, 18.316 ], "autoUv": false },
										"up": { "texture": "#skin", "uv": [ 11.0, 17.0, 11.316, 17.632 ], "rotation": 180, "autoUv": false },
										"down": { "texture": "#skin", "uv": [ 11.0, 18.5, 11.316, 19.132 ], "autoUv": false }
									}
								},
								{
									"name": "RightEye",
									"from": [ 0.237, 0.7268, -0.0474 ],
									"to": [ 0.5925, 1.0823, 0.4266 ],
									"unwrapMode": 1,
									"autoUnwrap": false,
									"uv": [ 10.0, 17.0 ],
									"rotationOrigin": [ 0.474, 1.0112, 0.237 ],
									"faces": {
										"north": { "texture": "#skin", "uv": [ 12.5, 17.5, 13.132, 18.132 ], "autoUv": false },
										"east": { "texture": "#skin", "uv": [ 10.0, 18.0, 10.632, 18.316 ], "autoUv": false },
										"south": { "texture": "#skin", "uv": [ 11.0, 18.0, 11.316, 18.316 ], "autoUv": false },
										"west": { "texture": "#skin", "uv": [ 11.5, 18.0, 12.132, 18.316 ], "autoUv": false },
										"up": { "texture": "#skin", "uv": [ 11.0, 17.0, 11.316, 17.632 ], "rotation": 180, "autoUv": false },
										"down": { "texture": "#skin", "uv": [ 11.0, 18.5, 11.316, 19.132 ], "autoUv": false }
									}
								}
							]
						}
					]
				},
				{
					"name": "UpperTail",
					"from": [ 6.32, 0.316, 0.711 ],
					"to": [ 11.376, 1.422, 1.817 ],
					"autoUnwrap": false,
					"uv": [ 0.5, 26.5 ],
					"rotationOrigin": [ 6.32, 0.948, 1.7064 ],
					"faces": {
						"north": { "texture": "#skin", "uv": [ 22.0, 15.0, 17.576, 16.264 ], "autoUv": false, "windMode": [-1,-1,-1,-1] },
						"east": { "texture": "#skin", "uv": [ 20.0, 11.0, 20.948, 11.948 ] },
						"south": { "texture": "#skin", "uv": [ 15.0, 15.0, 19.424, 16.264 ], "autoUv": false, "windMode": [-1,-1,-1,-1] },
						"west": { "texture": "#skin", "uv": [ 20.0, 11.0, 20.948, 11.948 ] },
						"up": { "texture": "#skin", "uv": [ 14.0, 13.0, 18.424, 13.948 ], "autoUv": false, "windMode": [-1,-1,-1,-1] },
						"down": { "texture": "#skin", "uv": [ 13.0, 11.0, 17.424, 11.948 ], "autoUv": false }
					},
					"children": [
						{
							"name": "MidTail",
							"from": [ 4.424, 0.158, 0.158 ],
							"to": [ 8.848, 0.948, 0.948 ],
							"autoUnwrap": false,
							"uv": [ 5.5, 15.0 ],
							"rotationOrigin": [ 4.424, 0.0632, -0.158 ],
							"faces": {
								"north": { "texture": "#skin", "uv": [ 15.5, 9.0, 19.924, 9.632 ], "windMode": [-1,-1,-1,-1] },
								"east": { "texture": "#skin", "uv": [ 21.5, 4.0, 22.132, 4.632 ] },
								"south": { "texture": "#skin", "uv": [ 15.5, 9.0, 19.924, 9.632 ], "windMode": [-1,-1,-1,-1] },
								"west": { "texture": "#skin", "uv": [ 21.5, 4.0, 22.132, 4.632 ] },
								"up": { "texture": "#skin", "uv": [ 6.0, 11.0, 10.424, 11.632 ], "windMode": [-1,-1,-1,-1] },
								"down": { "texture": "#skin", "uv": [ 8.0, 15.5, 12.424, 16.132 ] }
							},
							"children": [
								{
									"name": "LowerTail",
									"from": [ 3.792, 0.079, 0.079 ],
									"to": [ 8.216, 0.711, 0.711 ],
									"autoUnwrap": false,
									"uv": [ 16.0, 27.5 ],
									"rotationOrigin": [ 3.792, 0.632, 0.1738 ],
									"faces": {
										"north": { "texture": "#skin", "uv": [ 24.0, 19.0, 19.576, 19.632 ], "autoUv": false, "windMode": [-1,-1,-1,-1] },
										"east": { "texture": "#skin", "uv": [ 10.0, 10.0, 10.632, 10.632 ], "windMode": [-1,-1,-1,-1] },
										"south": { "texture": "#skin", "uv": [ 17.0, 19.0, 21.424, 19.632 ], "windMode": [-1,-1,-1,-1] },
										"west": { "texture": "#skin", "uv": [ 10.0, 10.0, 10.0, 10.632 ], "windMode": [-1,-1,-1,-1] },
										"up": { "texture": "#skin", "uv": [ 15.5, 7.0, 19.924, 7.632 ] },
										"down": { "texture": "#skin", "uv": [ 15.5, 8.0, 19.924, 8.632 ] }
									}
								}
							]
						}
					]
				},
				{
					"name": "RFShoulder",
					"from": [ 0.632, -0.0632, 0.0 ],
					"to": [ 1.58, 0.5688, 0.0 ],
					"uv": [ 6.0, 9.5 ],
					"rotationOrigin": [ 1.106, -0.0632, 0.0 ],
					"faces": {
						"north": { "texture": "#skin", "uv": [ 6.0, 10.0, 6.948, 10.632 ] },
						"east": { "texture": "#skin", "uv": [ 7.5, 10.0, 7.816, 10.632 ] },
						"south": { "texture": "#skin", "uv": [ 8.0, 10.0, 8.948, 10.632 ] },
						"west": { "texture": "#skin", "uv": [ 9.5, 10.0, 9.816, 10.632 ] },
						"up": { "texture": "#skin", "uv": [ 6.0, 9.5, 6.948, 9.816 ] },
						"down": { "texture": "#skin", "uv": [ 7.5, 9.5, 8.448, 9.816 ] }
					},
					"children": [
						{
							"name": "RFLegUpper",
							"from": [ 0.0, 0.0632, -1.58 ],
							"to": [ 0.948, 0.6952, 0.316 ],
							"autoUnwrap": false,
							"uv": [ 12.5, 7.5 ],
							"rotationOrigin": [ 0.316, 0.6952, 0.316 ],
							"rotationX": -15.0,
							"faces": {
								"north": { "texture": "#skin", "uv": [ 11.0, 10.0, 11.948, 10.632 ] },
								"east": { "texture": "#skin", "uv": [ 12.5, 10.0, 14.396, 10.632 ] },
								"south": { "texture": "#skin", "uv": [ 15.5, 10.0, 16.448, 10.632 ] },
								"west": { "texture": "#skin", "uv": [ 17.0, 10.0, 18.896, 10.632 ] },
								"up": { "texture": "#skin", "uv": [ 12.5, 7.0, 13.448, 8.896 ] },
								"down": { "texture": "#skin", "uv": [ 14.0, 7.0, 14.948, 8.896 ] }
							},
							"children": [
								{
									"name": "RFLegLower",
									"from": [ 0.0158, 0.0, -1.264 ],
									"to": [ 0.9322, 0.632, 0.0 ],
									"uv": [ 8.0, 12.5 ],
									"rotationOrigin": [ 0.316, 0.632, 0.0 ],
									"rotationX": -55.0,
									"faces": {
										"north": { "texture": "#skin", "uv": [ 8.0, 14.5, 8.632, 15.132 ] },
										"east": { "texture": "#skin", "uv": [ 9.0, 14.5, 10.264, 15.132 ] },
										"south": { "texture": "#skin", "uv": [ 11.0, 14.5, 11.632, 15.132 ] },
										"west": { "texture": "#skin", "uv": [ 12.0, 14.5, 13.264, 15.132 ], "windMode": [-1,-1,-1,-1] },
										"up": { "texture": "#skin", "uv": [ 8.0, 12.5, 8.632, 13.764 ], "windMode": [-1,-1,-1,-1] },
										"down": { "texture": "#skin", "uv": [ 9.0, 12.5, 9.632, 13.764 ] }
									},
									"children": [
										{
											"name": "RFFoot",
											"from": [ 0.0, 0.279, -0.4682 ],
											"to": [ 0.948, 0.5318, 0.227 ],
											"uv": [ 12.0, 18.5 ],
											"rotationOrigin": [ 0.3128, 0.279, -0.1534 ],
											"rotationX": 70.0,
											"faces": {
												"north": { "texture": "#skin", "uv": [ 12.0, 19.5, 12.948, 19.816 ] },
												"east": { "texture": "#skin", "uv": [ 13.5, 19.5, 14.132, 19.816 ] },
												"south": { "texture": "#skin", "uv": [ 14.5, 19.5, 15.448, 19.816 ] },
												"west": { "texture": "#skin", "uv": [ 16.0, 19.5, 16.632, 19.816 ] },
												"up": { "texture": "#skin", "uv": [ 12.0, 18.5, 12.948, 19.132 ] },
												"down": { "texture": "#skin", "uv": [ 13.5, 18.5, 14.448, 19.132 ] }
											},
											"children": [
												{
													"name": "RFClaws",
													"from": [ -0.9512, 0.027, -0.3867 ],
													"to": [ 0.9448, 0.027, 1.1933 ],
													"autoUnwrap": false,
													"uv": [ 15.5, 4.0 ],
													"rotationOrigin": [ -0.632, 0.027, -0.3879 ],
													"faces": {
														"north": { "texture": "#skin", "uv": [ 15.5, 6.5, 17.396, 6.816 ] },
														"east": { "texture": "#skin", "uv": [ 18.5, 6.5, 20.08, 6.816 ] },
														"south": { "texture": "#skin", "uv": [ 21.0, 6.5, 22.896, 6.816 ] },
														"west": { "texture": "#skin", "uv": [ 21.5, 6.0, 23.08, 6.316 ], "windMode": [-1,-1,-1,-1] },
														"up": { "texture": "#skin", "uv": [ 15.5, 4.0, 17.396, 5.58 ], "rotation": 180, "windMode": [-1,-1,-1,-1] },
														"down": { "texture": "#skin", "uv": [ 18.5, 4.0, 20.396, 5.58 ], "rotation": 180, "windMode": [-1,-1,-1,-1] }
													}
												}
											]
										}
									]
								}
							]
						}
					]
				},
				{
					"name": "RBShoulder",
					"from": [ 6.32, -0.0632, 0.0 ],
					"to": [ 7.268, 0.5688, 0.0 ],
					"uv": [ 6.0, 9.5 ],
					"rotationOrigin": [ 6.794, -0.0632, 0.0 ],
					"faces": {
						"north": { "texture": "#skin", "uv": [ 6.0, 10.0, 6.948, 10.632 ] },
						"east": { "texture": "#skin", "uv": [ 7.5, 10.0, 7.816, 10.632 ] },
						"south": { "texture": "#skin", "uv": [ 8.0, 10.0, 8.948, 10.632 ] },
						"west": { "texture": "#skin", "uv": [ 9.5, 10.0, 9.816, 10.632 ] },
						"up": { "texture": "#skin", "uv": [ 6.0, 9.5, 6.948, 9.816 ] },
						"down": { "texture": "#skin", "uv": [ 7.5, 9.5, 8.448, 9.816 ] }
					},
					"children": [
						{
							"name": "RBLegUpper",
							"from": [ -0.0474, 0.0632, -1.58 ],
							"to": [ 0.9006, 0.6952, 0.316 ],
							"autoUnwrap": false,
							"uv": [ 12.5, 7.5 ],
							"rotationOrigin": [ 0.316, 0.6952, 0.316 ],
							"rotationX": -15.0,
							"faces": {
								"north": { "texture": "#skin", "uv": [ 11.0, 10.0, 11.948, 10.632 ] },
								"east": { "texture": "#skin", "uv": [ 12.5, 10.0, 14.396, 10.632 ] },
								"south": { "texture": "#skin", "uv": [ 15.5, 10.0, 16.448, 10.632 ] },
								"west": { "texture": "#skin", "uv": [ 17.0, 10.0, 18.896, 10.632 ] },
								"up": { "texture": "#skin", "uv": [ 12.5, 7.0, 13.448, 8.896 ] },
								"down": { "texture": "#skin", "uv": [ 14.0, 7.0, 14.948, 8.896 ] }
							},
							"children": [
								{
									"name": "RBLegLower",
									"from": [ 0.0158, 0.0, -1.264 ],
									"to": [ 0.9322, 0.632, 0.0 ],
									"uv": [ 8.0, 12.5 ],
									"rotationOrigin": [ 0.316, 0.632, 0.0 ],
									"rotationX": -55.0,
									"faces": {
										"north": { "texture": "#skin", "uv": [ 8.0, 14.5, 8.632, 15.132 ] },
										"east": { "texture": "#skin", "uv": [ 9.0, 14.5, 10.264, 15.132 ] },
										"south": { "texture": "#skin", "uv": [ 11.0, 14.5, 11.632, 15.132 ] },
										"west": { "texture": "#skin", "uv": [ 12.0, 14.5, 13.264, 15.132 ], "windMode": [-1,-1,-1,-1] },
										"up": { "texture": "#skin", "uv": [ 8.0, 12.5, 8.632, 13.764 ] },
										"down": { "texture": "#skin", "uv": [ 9.0, 12.5, 9.632, 13.764 ] }
									},
									"children": [
										{
											"name": "RBFoot",
											"from": [ 0.0, 0.2756, -0.4074 ],
											"to": [ 0.948, 0.5284, 0.2878 ],
											"uv": [ 12.0, 18.5 ],
											"rotationOrigin": [ 0.316, 0.2756, -0.0889 ],
											"rotationX": 70.0,
											"faces": {
												"north": { "texture": "#skin", "uv": [ 12.0, 19.5, 12.948, 19.816 ] },
												"east": { "texture": "#skin", "uv": [ 13.5, 19.5, 14.132, 19.816 ] },
												"south": { "texture": "#skin", "uv": [ 14.5, 19.5, 15.448, 19.816 ] },
												"west": { "texture": "#skin", "uv": [ 16.0, 19.5, 16.632, 19.816 ] },
												"up": { "texture": "#skin", "uv": [ 12.0, 18.5, 12.948, 19.132 ] },
												"down": { "texture": "#skin", "uv": [ 13.5, 18.5, 14.448, 19.132 ] }
											},
											"children": [
												{
													"name": "RBClaws",
													"from": [ -0.967, -0.0323, -0.4083 ],
													"to": [ 0.929, -0.0323, 1.1717 ],
													"autoUnwrap": false,
													"uv": [ 15.5, 4.0 ],
													"rotationOrigin": [ -0.6478, -0.0323, -0.4095 ],
													"faces": {
														"north": { "texture": "#skin", "uv": [ 15.5, 6.5, 17.396, 6.816 ] },
														"east": { "texture": "#skin", "uv": [ 18.5, 6.5, 20.08, 6.816 ] },
														"south": { "texture": "#skin", "uv": [ 21.0, 6.5, 22.896, 6.816 ] },
														"west": { "texture": "#skin", "uv": [ 21.5, 6.0, 23.08, 6.316 ], "windMode": [-1,-1,-1,-1] },
														"up": { "texture": "#skin", "uv": [ 15.5, 4.0, 17.396, 5.58 ], "rotation": 180, "windMode": [-1,-1,-1,-1] },
														"down": { "texture": "#skin", "uv": [ 18.5, 4.0, 20.396, 5.58 ], "rotation": 180, "windMode": [-1,-1,-1,-1] }
													}
												}
											]
										}
									]
								}
							]
						}
					]
				},
				{
					"name": "LBShoulder",
					"from": [ 6.32, -0.0632, 2.528 ],
					"to": [ 7.268, 0.5688, 2.528 ],
					"uv": [ 6.0, 9.5 ],
					"rotationOrigin": [ 6.794, -0.0632, 2.528 ],
					"faces": {
						"north": { "texture": "#skin", "uv": [ 6.0, 10.0, 6.948, 10.632 ] },
						"east": { "texture": "#skin", "uv": [ 7.5, 10.0, 7.816, 10.632 ] },
						"south": { "texture": "#skin", "uv": [ 8.0, 10.0, 8.948, 10.632 ] },
						"west": { "texture": "#skin", "uv": [ 9.5, 10.0, 9.816, 10.632 ] },
						"up": { "texture": "#skin", "uv": [ 6.0, 9.5, 6.948, 9.816 ] },
						"down": { "texture": "#skin", "uv": [ 7.5, 9.5, 8.448, 9.816 ] }
					},
					"children": [
						{
							"name": "LBLegUpper",
							"from": [ -0.0474, 0.0632, -0.316 ],
							"to": [ 0.9006, 0.6952, 1.58 ],
							"autoUnwrap": false,
							"uv": [ 12.5, 7.5 ],
							"rotationOrigin": [ 0.316, 0.6952, -0.316 ],
							"rotationX": 15.0,
							"faces": {
								"north": { "texture": "#skin", "uv": [ 11.0, 10.0, 11.948, 10.632 ] },
								"east": { "texture": "#skin", "uv": [ 12.5, 10.0, 14.396, 10.632 ] },
								"south": { "texture": "#skin", "uv": [ 15.5, 10.0, 16.448, 10.632 ] },
								"west": { "texture": "#skin", "uv": [ 17.0, 10.0, 18.896, 10.632 ] },
								"up": { "texture": "#skin", "uv": [ 12.5, 7.0, 13.448, 8.896 ] },
								"down": { "texture": "#skin", "uv": [ 14.0, 7.0, 14.948, 8.896 ] }
							},
							"children": [
								{
									"name": "LBLegLower",
									"from": [ 0.0158, 0.0, 1.896 ],
									"to": [ 0.9322, 0.632, 3.16 ],
									"uv": [ 8.0, 12.5 ],
									"rotationOrigin": [ 0.316, 0.632, 1.896 ],
									"rotationX": 55.0,
									"faces": {
										"north": { "texture": "#skin", "uv": [ 8.0, 14.5, 8.632, 15.132 ] },
										"east": { "texture": "#skin", "uv": [ 9.0, 14.5, 10.264, 15.132 ] },
										"south": { "texture": "#skin", "uv": [ 11.0, 14.5, 11.632, 15.132 ] },
										"west": { "texture": "#skin", "uv": [ 12.0, 14.5, 13.264, 15.132 ] },
										"up": { "texture": "#skin", "uv": [ 8.0, 12.5, 8.632, 13.764 ] },
										"down": { "texture": "#skin", "uv": [ 9.0, 12.5, 9.632, 13.764 ] }
									},
									"children": [
										{
											"name": "LBFoot",
											"from": [ 0.0, 0.2349, 1.0553 ],
											"to": [ 0.948, 0.4877, 1.7505 ],
											"uv": [ 12.0, 18.5 ],
											"rotationOrigin": [ 0.316, 0.2349, 1.3725 ],
											"rotationX": -70.0,
											"faces": {
												"north": { "texture": "#skin", "uv": [ 12.0, 19.5, 12.948, 19.816 ] },
												"east": { "texture": "#skin", "uv": [ 13.5, 19.5, 14.132, 19.816 ] },
												"south": { "texture": "#skin", "uv": [ 14.5, 19.5, 15.448, 19.816 ] },
												"west": { "texture": "#skin", "uv": [ 16.0, 19.5, 16.632, 19.816 ] },
												"up": { "texture": "#skin", "uv": [ 12.0, 18.5, 12.948, 19.132 ] },
												"down": { "texture": "#skin", "uv": [ 13.5, 18.5, 14.448, 19.132 ] }
											},
											"children": [
												{
													"name": "LBClaws",
													"from": [ -0.9038, 0.0, -0.5045 ],
													"to": [ 0.9922, 0.0, 1.0755 ],
													"autoUnwrap": false,
													"uv": [ 15.5, 4.0 ],
													"rotationOrigin": [ -0.5846, 0.0, -0.5056 ],
													"faces": {
														"north": { "texture": "#skin", "uv": [ 15.5, 6.5, 17.396, 6.816 ] },
														"east": { "texture": "#skin", "uv": [ 18.5, 6.5, 20.08, 6.816 ] },
														"south": { "texture": "#skin", "uv": [ 21.0, 6.5, 22.896, 6.816 ] },
														"west": { "texture": "#skin", "uv": [ 21.5, 6.0, 23.08, 6.316 ], "autoUv": false, "windMode": [-1,-1,-1,-1] },
														"up": { "texture": "#skin", "uv": [ 15.5, 4.0, 17.396, 5.58 ], "rotation": 180, "windMode": [-1,-1,-1,-1] },
														"down": { "texture": "#skin", "uv": [ 18.5, 4.0, 20.396, 5.58 ], "rotation": 180, "windMode": [-1,-1,-1,-1] }
													}
												}
											]
										}
									]
								}
							]
						}
					]
				},
				{
					"name": "LFShoulder",
					"from": [ 0.632, -0.0632, 2.528 ],
					"to": [ 1.58, 0.5688, 2.528 ],
					"uv": [ 6.0, 9.5 ],
					"rotationOrigin": [ 1.106, -0.0632, 2.528 ],
					"faces": {
						"north": { "texture": "#skin", "uv": [ 6.0, 10.0, 6.948, 10.632 ] },
						"east": { "texture": "#skin", "uv": [ 7.5, 10.0, 7.816, 10.632 ] },
						"south": { "texture": "#skin", "uv": [ 8.0, 10.0, 8.948, 10.632 ] },
						"west": { "texture": "#skin", "uv": [ 9.5, 10.0, 9.816, 10.632 ] },
						"up": { "texture": "#skin", "uv": [ 6.0, 9.5, 6.948, 9.816 ] },
						"down": { "texture": "#skin", "uv": [ 7.5, 9.5, 8.448, 9.816 ] }
					},
					"children": [
						{
							"name": "LFLegUpper",
							"from": [ 0.0, 0.0632, -0.316 ],
							"to": [ 0.948, 0.6952, 1.58 ],
							"autoUnwrap": false,
							"uv": [ 12.5, 7.5 ],
							"rotationOrigin": [ 0.316, 0.6952, -0.316 ],
							"rotationX": 15.0,
							"faces": {
								"north": { "texture": "#skin", "uv": [ 11.0, 10.0, 11.948, 10.632 ] },
								"east": { "texture": "#skin", "uv": [ 12.5, 10.0, 14.396, 10.632 ] },
								"south": { "texture": "#skin", "uv": [ 15.5, 10.0, 16.448, 10.632 ] },
								"west": { "texture": "#skin", "uv": [ 17.0, 10.0, 18.896, 10.632 ] },
								"up": { "texture": "#skin", "uv": [ 12.5, 7.0, 13.448, 8.896 ], "windMode": [-1,-1,-1,-1] },
								"down": { "texture": "#skin", "uv": [ 14.0, 7.0, 14.948, 8.896 ] }
							},
							"children": [
								{
									"name": "LFLegLower",
									"from": [ 0.0158, 0.0, 1.896 ],
									"to": [ 0.9322, 0.632, 3.16 ],
									"uv": [ 8.0, 12.5 ],
									"rotationOrigin": [ 0.316, 0.632, 1.896 ],
									"rotationX": 55.0,
									"faces": {
										"north": { "texture": "#skin", "uv": [ 8.0, 14.5, 8.632, 15.132 ] },
										"east": { "texture": "#skin", "uv": [ 9.0, 14.5, 10.264, 15.132 ], "windMode": [-1,-1,-1,-1] },
										"south": { "texture": "#skin", "uv": [ 11.0, 14.5, 11.632, 15.132 ] },
										"west": { "texture": "#skin", "uv": [ 12.0, 14.5, 13.264, 15.132 ] },
										"up": { "texture": "#skin", "uv": [ 8.0, 12.5, 8.632, 13.764 ] },
										"down": { "texture": "#skin", "uv": [ 9.0, 12.5, 9.632, 13.764 ] }
									},
									"children": [
										{
											"name": "LFFoot",
											"from": [ 0.0, 0.2349, 1.0553 ],
											"to": [ 0.948, 0.4877, 1.7505 ],
											"uv": [ 12.0, 18.5 ],
											"rotationOrigin": [ 0.316, 0.2349, 1.3725 ],
											"rotationX": -70.0,
											"faces": {
												"north": { "texture": "#skin", "uv": [ 12.0, 19.5, 12.948, 19.816 ] },
												"east": { "texture": "#skin", "uv": [ 13.5, 19.5, 14.132, 19.816 ] },
												"south": { "texture": "#skin", "uv": [ 14.5, 19.5, 15.448, 19.816 ] },
												"west": { "texture": "#skin", "uv": [ 16.0, 19.5, 16.632, 19.816 ] },
												"up": { "texture": "#skin", "uv": [ 12.0, 18.5, 12.948, 19.132 ] },
												"down": { "texture": "#skin", "uv": [ 13.5, 18.5, 14.448, 19.132 ] }
											},
											"children": [
												{
													"name": "LFClaws",
													"from": [ -0.9512, 0.0, -0.5045 ],
													"to": [ 0.9448, 0.0, 1.0755 ],
													"autoUnwrap": false,
													"uv": [ 15.5, 4.0 ],
													"rotationOrigin": [ -0.632, 0.0, -0.5056 ],
													"faces": {
														"north": { "texture": "#skin", "uv": [ 15.5, 6.5, 17.396, 6.816 ] },
														"east": { "texture": "#skin", "uv": [ 18.5, 6.5, 20.08, 6.816 ] },
														"south": { "texture": "#skin", "uv": [ 21.0, 6.5, 22.896, 6.816 ] },
														"west": { "texture": "#skin", "uv": [ 21.5, 6.0, 23.08, 6.316 ], "windMode": [-1,-1,-1,-1] },
														"up": { "texture": "#skin", "uv": [ 15.5, 4.0, 17.396, 5.58 ], "rotation": 180, "windMode": [-1,-1,-1,-1] },
														"down": { "texture": "#skin", "uv": [ 18.5, 4.0, 20.396, 5.58 ], "rotation": 180, "windMode": [-1,-1,-1,-1] }
													}
												}
											]
										}
									]
								}
							]
						}
					]
				}
			]
		}
	]}