{
	"code": "shakeroofingridge",
	"behaviors": [{ "name": "NWOrientable"}],	
	"variantgroups": [
		{ "code": "material", "states": ["aged", "birch", "oak", "maple", "pine", "acacia", "kapok", "baldcypress", "larch", "redwood", "walnut", "ebony", "purpleheart"] },
		{ "code":"orientation", "states": ["ns", "we"] },
		{ "code": "cover", "states": ["free", "snow"] }
	],
	"shapeByType": { 
		"*-ns-*": { "base": "block/roofing/ridge/shakes-wood-{cover}", "rotateY": 0 },
		"*-we-*": { "base": "block/roofing/ridge/shakes-wood-{cover}", "rotateY": 90 }
	},
	"texturesByType": {
		"*": {
			"material": { "base": "game:block/wood/planks/{material}*" }
		}
	},
	"drawtype": "json",
	"faceCullMode": "neverCull",
	"renderpass": "OpaqueNoCull",
	"sidesolid": { "all": false },
	"sideopaque": { "all": false},
	"blockmaterialByType": {
		"*": "Wood"
	},
	"creativeinventory": { "general": ["*-ns-free"], "decorative": ["*-ns-free"] },
	"replaceable": 300,
	"resistance": 2,
	"lightAbsorption": 99,
	"emitSideAo": {
		"all": true
	},
	"collisionSelectionBox": {
		"x1": 0.1875, "y1": 0, "z1": 0, "x2": 1, "y2": 0.5625, "z2": 1
	},
	"soundsByType": {
		"*": {
			"place": "game:block/planks",
			"break": "game:block/planks",
			"hit": "game:block/planks",
            "walk": "game:walk/wood"
		}
	},
	"guiTransformByType": {
		"*": {
			"rotation": { "x": -22.6, "y": -40, "z": 0 },
			"origin": { "x": 0.29, "y": 0.45, "z": 0.44 },
			"scale": 0.85
		}
	}
}