{
	"code": "slantedroofingcornerouter",
	"behaviors": [{ "name": "HorizontalOrientable", "properties": {  "dropBlockFace": "east" }}],
	"variantgroups": [
		{ "code": "material", "states": ["lead","zinc","molybdochalkos"] },
		{ "loadFromProperties": "abstract/horizontalorientation" },
		{ "code": "cover", "states": ["free", "snow"] }
	],
	"shapeByType": { 
		"*-north-*": { "base": "block/roofing/cornerouter/shingles-slate-{material}-{cover}", "rotateY": 90 },
		"*-west-*": { "base": "block/roofing/cornerouter/shingles-slate-{material}-{cover}", "rotateY": 180 },
		"*-south-*": { "base": "block/roofing/cornerouter/shingles-slate-{material}-{cover}", "rotateY": 270 },
		"*-east-*": { "base": "block/roofing/cornerouter/shingles-slate-{material}-{cover}", "rotateY": 0 }
	},
	"texturesByType": {
		"*-lead-*": {
			"material": { "base": "block/metal/shingles/lead*" }
		},
		"*-zinc-*": {
			"material": { "base": "block/metal/shingles/zinc*" }
		},
		"*-molybdochalkos-*": {
			"material": { "base": "block/metal/shingles/molybdochalkos*" }
		}
	},
	"drawtype": "json",
	"faceCullMode": "neverCull",
	"renderpass": "OpaqueNoCull",
	"sidesolid": { "all": false },
	"sideopaque": { "all": false},
	"blockmaterialByType": {
		"*-lead-*": "Metal",
		"*-zinc-*": "Metal",
		"*-molybdochalkos-*": "Metal"
	},
	"creativeinventory": { "general": ["*-east-free"], "decorative": ["*-east-free"] },
	"replaceable": 300,
	"resistance": 2,
	"lightAbsorption": 99,
	"emitSideAo": {
		"all": true
	},
	"collisionSelectionBoxesByType": {
		"*-north-*": [ { "x1": 0.1875, "y1": 0, "z1": 0, "x2": 1, "y2": 0.5625, "z2": 1, "rotateY": 90 }, { "x1": 0.625, "y1": 0.5625, "z1": 0.625, "x2": 1, "y2": 1, "z2": 1, "rotateY": 90 } ],
		"*-west-*": [ { "x1": 0.1875, "y1": 0, "z1": 0, "x2": 1, "y2": 0.5625, "z2": 1, "rotateY": 180 }, { "x1": 0.625, "y1": 0.5625, "z1": 0.625, "x2": 1, "y2": 1, "z2": 1, "rotateY": 180 } ],
		"*-south-*": [ { "x1": 0.1875, "y1": 0, "z1": 0, "x2": 1, "y2": 0.5625, "z2": 1, "rotateY": 270 }, { "x1": 0.625, "y1": 0.5625, "z1": 0.625, "x2": 1, "y2": 1, "z2": 1, "rotateY": 270 } ],
		"*-east-*": [ { "x1": 0.1875, "y1": 0, "z1": 0, "x2": 1, "y2": 0.5625, "z2": 1 }, { "x1": 0.625, "y1": 0.5625, "z1": 0.625, "x2": 1, "y2": 1, "z2": 1 } ]
	},
	"sounds": {
		"place": "game:block/chute",
		"break": "game:block/chute",
		"hit": "game:block/chute",
		"walk": "game:walk/stone"
	},
	"guiTransformByType": {
		"*-lead-*": {
			"rotation": { "x": -22.6, "y": -40, "z": 0 },
			"origin": { "x": 0.29, "y": 0.45, "z": 0.44 },
			"scale": 0.85
		},
		"*-zinc-*": {
			"rotation": { "x": -22.6, "y": -40, "z": 0 },
			"origin": { "x": 0.29, "y": 0.45, "z": 0.44 },
			"scale": 0.85
		}
	}
}