{
	code: "leiopelma",
	class: "EntityAgent",
	variantgroups: [
		{ code: "type", states: ["archeyi", "hamiltoni", "hochstetteri", "auroraensis", "markhami", "waitomoensis"]},
	],
	collisionBoxSizeByType: {
		"leiopelma-archeyi": { x: 0.038, y: 0.019 },
		"leiopelma-hamiltoni": { x: 0.049, y: 0.0245 },
		"leiopelma-hochstetteri": { x: 0.047, y: 0.0235 },
		"leiopelma-auroraensis": { x: 0.06, y: 0.03 },
		"leiopelma-markhami": { x: 0.055, y: 0.0275 },
		"leiopelma-waitomoensis": { x: 0.1, y: 0.05 },
	},
	deadCollisionBoxSizeByType: {
		"leiopelma-archeyi": { x: 0.038, y: 0.019 },
		"leiopelma-hamiltoni": { x: 0.049, y: 0.0245 },
		"leiopelma-hochstetteri": { x: 0.047, y: 0.0235 },
		"leiopelma-auroraensis": { x: 0.06, y: 0.03 },
		"leiopelma-markhami": { x: 0.055, y: 0.0275 },
		"leiopelma-waitomoensis": { x: 0.1, y: 0.05 },
	},	
	selectionBoxSizeByType: {
		"*-archeyi": { x: 0.038, y: 0.019 },
		"*-hamiltoni": { x: 0.049, y: 0.0245 },
		"*-hochstetteri": { x: 0.047, y: 0.0235 },
		"*-auroraensis": { x: 0.06, y: 0.03 },
		"*-markhami": { x: 0.055, y: 0.0275 },
		"*-waitomoensis": { x: 0.1, y: 0.05 },
	},
	deadSelectionBoxSizeByType: {
		"*-archeyi": { x: 0.038, y: 0.019 },
		"*-hamiltoni": { x: 0.049, y: 0.0245 },
		"*-hochstetteri": { x: 0.047, y: 0.0235 },
		"*-auroraensis": { x: 0.06, y: 0.03 },
		"*-markhami": { x: 0.055, y: 0.0275 },
		"*-waitomoensis": { x: 0.1, y: 0.05 },
	},	
	knockbackResistance: 0,
	weight: 1,
	eyeHeight: 0.04,
	drops: [],
	attributes: {
		netCaughtItemCode: "newzealandfrogs:creature-leiopelma-{type}",
		guiTransform: {
			translation: { x: 0, y: 0, z: 0 },
			rotation: { x: 180, y: -115, z: 6 },
			origin: { x: 0.5, y: 0.74, z: 0.5 }
		},
		tpHandTransform: {
			translation: { x: -0.7, y: -0.8, z: -0.6 },
			rotation: { x: 1, y: 172, z: 26 },
			scale: 0.44
		},
		fpHandTransform: {
			translation: { x: 0.05, y: -0.3, z: 0.5 },
			rotation: { x: -8, y: -84, z: -31 },
		},
		groundTransform: {
			translation: { x: 0, y: 0.1, z: 0 }
		}
	},
	client: {
		renderer: "Shape",
		shape: { base: "entity/land/leiopelma" },
		textureByType: {
			"*-archeyi": { base: "entity/newzealandfrogs/leiopelma-archeyi" },
			"*-hamiltoni": { base: "entity/newzealandfrogs/leiopelma-hamiltoni" },
			"*-hochstetteri": { base: "entity/newzealandfrogs/leiopelma-hochstetteri" },
			"*-auroraensis": { base: "entity/newzealandfrogs/leiopelma-auroraensis" },
			"*-markhami": { base: "entity/newzealandfrogs/leiopelma-markhami" },
			"*-waitomoensis": { base: "entity/newzealandfrogs/leiopelma-waitomoensis" },
		},
		sizeByType: {
			"leiopelma-archeyi": 0.043,
			"leiopelma-hamiltoni": 0.056,
			"leiopelma-hochstetteri": 0.054,
			"leiopelma-auroraensis": 0.069,
			"leiopelma-markhami": 0.063,
			"leiopelma-waitomoensis": 0.114,
		},
		behaviors: [
			{ code: "repulseagents" }, 
			{ code: "controlledphysics", stepHeight: 0.5},
			{ code: "floatupwhenstuck", onlyWhenDead: true },
			{ code: "interpolateposition" },
			{ code: "despawn", minPlayerDistance: 8, belowLightLevel: 8, minSeconds: 300 },
		],
		animations: [
			{
				code: "hurt",
				animation: "jump", 
				animationSpeed: 2.2,
				weight: 10,
				blendMode: "AddAverage" 
			},
			{
				code: "die",
				animation: "sleep", 
				animationSpeed: 1.25,
				weight: 10,
				blendMode: "Average",
				triggeredBy: { onControls: ["dead"] }
			},
			{ 
				code: "idle", 
				animation: "idle",
				blendMode: "AddAverage",
				easeOutSpeed: 4,
				triggeredBy: { defaultAnim: true },
			},
			{
				code: "sleep", 
				animation: "sleep",
				easeInSpeed: 4,
				easeOutSpeed: 4,
				weight: 1.25,
				blendMode: "Average", 
			},
			{
				code: "sit", 
				animation: "call",
				easeInSpeed: 4,
				easeOutSpeed: 3,
				supressDefaultAnimation: true,
				blendMode: "Average", 
			},
			{
				code: "walk",
				animation: "jump",
				supressDefaultAnimation: true,
				blendMode: "AddAverage"
			}
		]
	},
	server: {
		attributes: {
			pathfinder: {
				minTurnAnglePerSec: 350,
				maxTurnAnglePerSec: 650
			}
		},
		behaviors: [
			{ code: "repulseagents" }, 
			{ code: "controlledphysics", stepHeight: 0.5},
			{ code: "despawn", minPlayerDistance: 8, belowLightLevel: 8, minSeconds: 300 },
			{ code: "floatupwhenstuck", onlyWhenDead: true },
			{ 
				code: "emotionstates",
				states: [
					{ code: "fleeondamage", 
							duration: 30, 
							chance: 1,
							slot: 2, 
							priority: 5, 
							accumType: "max", 
							whenHealthRelBelow: 0.3 },
					{ 
						code: "saturated", 
						duration: 1200, chance: 1, slot: 0, priority: 1, accumType: "sum",
						belowTempDuration: 600,
						belowTempThreshold: -5
					},
					
				],
			},
			{ 
				code: "taskai",
				aitasks: [
					{
						code: "idle",
						priority: 1.1,
						priorityForCancel: 1.35,
						minduration: 2500,
						maxduration: 2500,
						mincooldown: 6000,
						maxcooldown: 20000,
						animation: "idle",
						animationSpeed: 1
					},
					{
                     			   code: "idle",
                        		   priority: 1.3,
                        		   priorityForCancel: 1.35,
                   		           minduration: 4667,
                        		   maxduration: 4667,
                        		   mincooldown: 4667,
                        		   maxcooldown: 8000,
					   duringDayTimeFrames: [ { fromHour: 17, toHour: 24 }, { fromHour: 0, toHour: 6 }],
                       		   	   animation: "call",
                       		    	   animationSpeed: 1.0,
                    			},
					{
						code: "fleeentity",
						entityCodes: [ "player", "wolf-male", "wolf-female", "bear-*", "hyena-male", "hyena-female" ],
						priority: 1.7,
						seekingRange: 2,
						animation: "jump",
						whenInEmotionState: "fleeondamage",
						animationSpeed: 1,
						movespeed: 0.0025
					},
					{
						code: "idle",
						priority: 1.3,
						priorityForCancel: 1.35,
						minduration: 200000,
						maxduration: 800000,
						mincooldown: 10000,
						maxcooldown: 30000,
						animation: "sleep",
						animationSpeed: 0.3,
						belowTempPriority: 1.9,
 						belowTempThresholdByType: {
						"*-archeyi": 7,
						"*-hamiltoni": 5,
						"*-hochstetteri": 6,
						"*-auroraensis": 0,
						"*-markhami": 2,
						"*-waitomoensis": 6,
						},
						duringDayTimeFrames: [ { fromHour: 12, toHour: 17 } ],
						stopOnNearbyEntityCodes: ["player"],
						stopRange: 2,
						stopOnHurt: true
					},					
					{
						code: "idle",
						priority: 1.1,
						priorityForCancel: 1.35,
						minduration: 2500,
						maxduration: 2500,
						mincooldown: 6000,
						maxcooldown: 20000,
						animation: "idle",
						animationSpeed: 1
					},
					{
						code: "wander", 
						priority: 1.0, 
						priorityForCancel: 1.35,
						animation: "jump",
						preferredLightLevel: 20,
						animationSpeed: 1,
						movespeed: 0.0015
					},
					{
						code: "getoutofwater",
						priority: 1.4,
						movespeed: 0.001,
						animation: "swim",
						animationSpeed: 1
					},
					{
						code: "idle",
						priority: 0.6,
						priorityForCancel: 1.35,
						minduration: 5000,
						maxduration: 30000,
						mincooldown: 2000,
						maxcooldown: 120000,
						animation: "eat",
						stopOnNearbyEntityCodes: ["player"],
						stopRange: 2					},
					{ 
						code: "lookaround", 
						turnSpeedMul: 0.2,
						priority: 0.5
					}
				]
			},
		],
		spawnconditions: {

				runtime: {
					group: "passive",
					chanceByType: {
						"*-archeyi": 0.01,
						"*-hamiltoni": 0.01,
						"*-hochstetteri": 0.025,
						"*-auroraensis": 0.01,
						"*-markhami": 0.01,
						"*-waitomoensis": 0.025,
							},
					tryOnlySurface: true,
					spawnCapPlayerScaling: 0.05,
					maxQuantityByGroup: { code: "leiopelma-*", maxQuantity: 15 },				
					groupSize: { dist: "verynarrowgaussian", avg: 2, var: 1 },
					insideBlockCodesByType: { 
							     "*-hochstetteri":["game:water-d-*", "game:water-n-*", "game:water-ne-*", "game:water-e-*", "game:water-se-*", "game:water-s-*", "game:water-sw-*", "game:water-w-*", "game:water-nw-*", "game:flower-horsetail-*"],
							     "*-waitomoensis":["game:water-d-*", "game:water-n-*", "game:water-ne-*", "game:water-e-*", "game:water-se-*", "game:water-s-*", "game:water-sw-*", "game:water-w-*", "game:water-nw-*", "game:flower-horsetail-*"],
							     "*":["game:air", "game:tallgrass-*", "game:flower-*"],
					},
					minTempByType: {
						"*-archeyi": 10,
						"*-hamiltoni": 8,
						"*-hochstetteri": 9,
						"*-auroraensis": 3,
						"*-markhami": 5,
						"*-waitomoensis": 9,
						
					},
					maxTempByType: {
						"*-archeyi": 20,
						"*-hamiltoni": 18,
						"*-hochstetteri": 21,
						"*-auroraensis": 13,
						"*-markhami": 17,
						"*-waitomoensis": 19,
					},
					minRainByType: {
						"*-archeyi": 0.65,
						"*-hamiltoni": 0.75,
						"*-hochstetteri": 0.6,
						"*-auroraensis": 0.7,
						"*-markhami": 0.65,
						"*-waitomoensis": 0.7,
					},
					maxRainByType: {
						"*-archeyi": 0.9,
						"*-hamiltoni": 1,
						"*-hochstetteri": 0.95,
						"*-auroraensis": 0.9,
						"*-markhami": 0.95,
						"*-waitomoensis": 0.9,
					},
					minYByType: {
						"*-archeyi": 1.08,
						"*-hamiltoni": 1,
						"*-hochstetteri": 1,
						"*-auroraensis": 1.05,
						"*-markhami": 1.03,
						"*-waitomoensis": 1.02,
					},
					maxYByType: {
						"*-archeyi": 1.33,
						"*-hamiltoni": 1.06,
						"*-hochstetteri": 1.13,
						"*-auroraensis": 1.25,
						"*-markhami": 1.4,
						"*-waitomoensis": 1.1,
					},
					minShrubsByType: {
						"*-archeyi": 0.33,
						"*-hamiltoni": 0.33,
						"*-hochstetteri": 0.25,
						"*-auroraensis": 0.15,
						"*-markhami": 0.1,
						"*-waitomoensis": 0.5,
					},
					maxShrubsByType: {
						"*-archeyi": 0.83,
						"*-hamiltoni": 0.83,
						"*-hochstetteri": 0.75,
						"*-auroraensis": 0.65,
						"*-markhami": 0.6,
						"*-waitomoensis": 1,
					},
					minForestByType: {
						"*-archeyi": 0.33,
						"*-hamiltoni": 0.5,
						"*-hochstetteri": 0.5,
						"*-auroraensis": 0.1,
						"*-markhami": 0,
						"*-waitomoensis": 0.5,
					},
					maxForestByType: {
						"*-archeyi": 0.83,
						"*-hamiltoni": 1,
						"*-hochstetteri": 1,
						"*-auroraensis": 0.6,
						"*-markhami": 0.5,
						"*-waitomoensis": 1,
					},
					
				}
		}
	},
	idleSoundChance: 0,
}

