[
	{
		"ingredientPattern": "RSR,_E_,RSR",
		"ingredients": {
			"R": {
				"type": "item",
				"code": "rustydust",
				"quantity": 1
			},
			"S": {
				"type": "item",
				"code": "shiftingfibers",
				"quantity": 1
			},
			"E": {
				"type": "item",
				"code": "elementalfragment-*",
				"name": "elements",
				"allowedVariants": [ "fire", "water", "wind", "earth", "lightning", "frost", "nature", "arcane" ],
				"quantity": 1
			}
		},
		"width": 3,
		"height": 3,
		"output": {
			"type": "item",
			"code": "temporalfragment",
			"quantity": 1
		}
	}
]
