[
	{
		"ingredientPattern": "ES,MT",
		"requiresTrait": "enlightenment",
		"ingredients": {
			"E": {
				"type": "item",
				"code": "elementalfragment-*",
				"name": "elements",
				"allowedVariants": [ "fire", "water", "wind", "earth", "lightning", "frost", "nature", "arcane" ],
				"quantity": 1
			},
			"S": {
				"type": "item",
				"code": "shiftingfibers",
				"quantity": 2
			},
			"T": {
				"type": "item",
				"code": "temporalfragment",
				"quantity": 2
			},
			"M": {
				"type": "item",
				"code": "nugget-eldrathium",
				"quantity": 2
			}
		},
		"width": 2,
		"height": 2,
		"output": {
			"type": "item",
			"code": "toolfocus-advanced-{elements}",
			"quantity": 1
		}
	}
]
