[
	{
		"ingredientPattern": "T,X,T",
		"ingredients": {
			"T": {
				"type": "item",
				"code": "temporalfragment",
				"quantity": 1
			},
			"X": {
				"type": "item",
				"code": "game:metalbit-copper",
				"quantity": 1
			}
		},
		"width": 3,
		"height": 1,
		"output": {
			"type": "item",
			"code": "nugget-eldrathium",
			"quantity": 1
		}
	},
	{
		"ingredientPattern": "T,X,T",
		"ingredients": {
			"T": {
				"type": "item",
				"code": "temporalfragment",
				"quantity": 1
			},
			"X": {
				"type": "item",
				"code": "game:nugget-nativecopper",
				"quantity": 1
			}
		},
		"width": 3,
		"height": 1,
		"output": {
			"type": "item",
			"code": "nugget-eldrathium",
			"quantity": 1
		}
	}
]
