[
  {
    "op": "add",
    "path": "/client/behaviors/-",
    "value": {
      "code": "EntityBehaviorElementalDamageModifiersRM"
    },
    "file": "game:entities/land/chicken-baby.json"
  },



  {
    "op": "add",
    "path": "/attributes/weaknessElementRM",
    "value": "none",
    "file": "game:entities/land/chicken-baby.json"
  },
  {
    "op": "add",
    "path": "/attributes/weaknessAmountRM",
    "value": 0,
    "file": "game:entities/land/chicken-baby.json"
  },

  {
    "op": "add",
    "path": "/attributes/resistanceElementRM",
    "value": "wind",
    "file": "game:entities/land/chicken-baby.json"
  },
  {
    "op": "add",
    "path": "/attributes/resistanceAmountRM",
    "value": 0.5,
    "file": "game:entities/land/chicken-baby.json"
  },

  {
    "op": "add",
    "path": "/attributes/strengthElementRM",
    "value": "none",
    "file": "game:entities/land/chicken-baby.json"
  },
  {
    "op": "add",
    "path": "/attributes/strengthAmountRM",
    "value": 0,
    "file": "game:entities/land/chicken-baby.json"
  }
]