{
	"editor": {
		"allAngles": false,
		"entityTextureMode": false
	},
	"textureWidth": 16,
	"textureHeight": 16,
	"textureSizes": {
	},
	"textures": {
		"blue": "game:block/glass/quartz"
	},
	"elements": [
		{
			"name": "Cube1",
			"from": [ 4.0, 0.0, 4.0 ], 
			"to": [ 12.0, 1.0, 12.0 ], 
			"renderPass": 3,
			"rotationOrigin": [ 4.0, 0.0, 4.0 ],
			"faces": {
				"north": { "texture": "#blue", "uv": [ 0.0, 0.0, 8.0, 1.0 ] },
				"east": { "texture": "#blue", "uv": [ 0.0, 0.0, 8.0, 1.0 ] },
				"south": { "texture": "#blue", "uv": [ 0.0, 0.0, 8.0, 1.0 ] },
				"west": { "texture": "#blue", "uv": [ 0.0, 0.0, 8.0, 1.0 ] },
				"up": { "texture": "#blue", "uv": [ 0.0, 0.0, 8.0, 8.0 ] },
				"down": { "texture": "#blue", "uv": [ 0.0, 0.0, 8.0, 8.0 ] }
			},
			"children": [
				{
					"name": "Cube2",
					"from": [ 1.0, 1.0, 1.0 ], 
					"to": [ 7.0, 1.5, 7.0 ], 
					"renderPass": 3,
					"rotationOrigin": [ 1.0, 1.0, 1.0 ],
					"faces": {
						"north": { "texture": "#blue", "uv": [ 0.0, 0.0, 6.0, 0.5 ] },
						"east": { "texture": "#blue", "uv": [ 0.0, 0.0, 6.0, 0.5 ] },
						"south": { "texture": "#blue", "uv": [ 0.0, 0.0, 6.0, 0.5 ] },
						"west": { "texture": "#blue", "uv": [ 0.0, 0.0, 6.0, 0.5 ] },
						"up": { "texture": "#blue", "uv": [ 0.0, 0.0, 6.0, 6.0 ] },
						"down": { "texture": "#blue", "uv": [ 0.0, 0.0, 6.0, 6.0 ] }
					}
				}
			]
		}
	]}