{
	code: "shallowroofingtiplower",
	variantgroups: [
		{ code: "material", states: ["copper", "zinc", "lead", "molybdochalkos", "slate", "agedthatch", "thatch", "fireclay", "blueclay", "redclay", "brownclay", "bamboo"] },
		{ code: "cover", states: ["free", "snow"] }
	],
	shapeByType: { 
		"@.*-(agedthatch|thatch)-.*": { base: "block/shallowroofing/tip/thatch-shallowlower-{cover}" },

		"@.*-(fire|blue|red|brown)clay-.*": { base: "block/shallowroofing/tip/shingles-clay-shallowlower-{cover}"},
	
		"*-bamboo-*": { base: "block/shallowroofing/tip/bamboo-shallowlower-{cover}"},
		
		"*": { base: "block/shallowroofing/tip/shingles-clay-shallowlower-{cover}"}
	},
	texturesByType: {
		"*-copper-*": {
			"red": { base: "game:block/metal/shingles/copper*" }
		},
		"*-lead-*": {
			"red": { "base": "block/metal/shingles/lead*" }
		},
		"*-zinc-*": {
			"red": { "base": "block/metal/shingles/zinc*" }
		},
		"*-molybdochalkos-*": {
			"red": { "base": "block/metal/shingles/molybdochalkos*" }
		},
		"*-slate-*": {
			"red": { base: "game:block/stone/shingles/slate*" }
		},
		"*-fireclay-*": {
			"red": { base: "game:block/clay/shingles/fire" }
		},
		"*-blueclay-*": {
			"red": { base: "game:block/clay/shingles/blue" }
		},
		"*-redclay-*": {
			"red": { base: "game:block/clay/shingles/red" }
		},
		"*-brownclay-*": {
			"red": { base: "game:block/clay/shingles/brown" }
		},
		"*-thatch-*": {
			"normal-side": { base: "game:block/hay/normal-side" },
			"normal-top": { base: "game:block/hay/bamboo-side" },
			"bamboo-side": { base: "game:block/hay/bamboo-side" },
			"straw1": { base: "game:block/plant/grassroofing/straw1" }
		},
		"*-agedthatch-*": {
			"normal-side": { base: "game:block/hay/aged-side" },
			"normal-top": { base: "game:block/hay/aged-top" },
			"bamboo-side": { base: "game:block/hay/bamboo-side" },
			"straw1": { base: "game:block/plant/grassroofing/straw-winter" }
		},
		"*-bamboo-*": {
			"bamboo-side": { base: "game:block/wood/planks/bamboo-side" },
			"bamboo-top": { base: "game:block/wood/planks/bamboo-top" },
			"bamboosmooth": { base: "game:block/wood/planks/bamboosmooth" }
		},
		"*-snow": {
			"snowcover": { "base": "game:block/liquid/snow/normal1 "}
		}
	},
	drawtype: "json",
	faceCullMode: "NeverCull",
	renderpass: "OpaqueNoCull",
	sidesolid: { all: false, down: true },
	sideopaque: { all: false },
	blockmaterialByType: {
		"*-agedthatch-*": "Plant",
		"*-thatch-*": "Plant",
		"*-bamboo-*": "Wood",
		"*-copper-*": "Metal",
		"*-lead-*": "Metal",
		"*-zinc-*": "Metal",
		"*-molybdochalkos-*": "Metal",
		"*-fireclay-*": "Ceramic",
		"*-blueclay-*": "Ceramic",
		"*-redclay-*": "Ceramic",
		"*-brownclay-*": "Ceramic",
		"*-slate-*": "Stone"
	},
	creativeinventory: { "general": ["*-free"], "decorative": ["*-free"] },
	replaceable: 300,
	resistance: 2,
	lightAbsorption: 99,
	emitSideAo: {
		all: true
	},
	sideAoByType: { "*-sod-*": { all: false } },
	collisionSelectionBoxesByType: {
		"*": [ { x1: 0, y1: 0, z1: 0, x2: 1, y2: 0.375, z2: 1 } ]
	},
	soundsByType: {
		"*-agedthatch-*": {
			"place": "game:block/plant",
			"break": "game:block/plant",
			"hit": "game:block/plant"
		},
		"*-thatch-*": {
			"place": "game:block/plant",
			"break": "game:block/plant",
			"hit": "game:block/plant"
		},
		"*-bamboo-*": {
			"place": "game:block/planks",
			"break": "game:block/planks",
			"hit": "game:block/planks"
		},
		"*-copper-*": {
			"place": "game:block/chute",
			"break": "game:block/chute",
			"hit": "game:block/chute",
			"walk": "game:walk/stone"
		},
		"*-lead-*": {
			"place": "game:block/chute",
			"break": "game:block/chute",
			"hit": "game:block/chute",
			"walk": "game:walk/stone"
		},
		"*-zinc-*": {
			"place": "game:block/chute",
			"break": "game:block/chute",
			"hit": "game:block/chute",
			"walk": "game:walk/stone"
		},
		"*-molybdochalkos-*": {
			"place": "game:block/chute",
			"break": "game:block/chute",
			"hit": "game:block/chute",
			"walk": "game:walk/stone"
		},
		"*-slate-*": {
			"walk": "game:walk/stone",
			"place": "game:block/ceramicplace"
		},
		"*-fireclay-*": {
			"walk": "game:walk/stone",
			"place": "game:block/ceramicplace"
		},
		"*-blueclay-*": {
			"walk": "game:walk/stone",
			"place": "game:block/ceramicplace"
		},
		"*-redclay-*": {
			"walk": "game:walk/stone",
			"place": "game:block/ceramicplace"
		},
		"*-brownclay-*": {
			"walk": "game:walk/stone",
			"place": "game:block/ceramicplace"
		}
	},
	guiTransformByType: {
		"*-thatch-*": {
			rotation: { x: -22.6, y: -40, z: 0 },
			origin: { x: 0.29, y: 0.4, z: 0.44 },
			scale: 0.85
		},
		"*-agedthatch-*": {
			rotation: { x: -22.6, y: -40, z: 0 },
			origin: { x: 0.29, y: 0.4, z: 0.44 },
			scale: 0.85
		},
		"*-copper-*": {
			rotation: { x: -22.6, y: -40, z: 0 },
			origin: { x: 0.53, y: 0.25, z: 0.46 },
			scale: 0.85
		},
		"*-slate-*": {
			rotation: { x: -22.6, y: -40, z: 0 },
			origin: { x: 0.53, y: 0.2, z: 0.46 },
			scale: 0.85
		},
		"*": {
			rotation: { x: -22.6, y: -40, z: 0 },
			origin: { x: 0.53, y: 0.4, z: 0.46 },
			scale: 0.85
		}
	}
}