{
	"code": "creature",
	"class": "ItemCreature",
	"maxStackSize": 1,
	"variantgroups": [
			{
				"code": "type",
				"states": ["ostrich-male", "ostrich-female", "ostrich-chick",
							"tame-ostrich-male", "tame-ostrich-female", "tame-ostrich-chick" ]
			}
		],
	"shapeByType": {
		"*-ostrich-male": { "base": "entity/land/ostrich" },
		"*-ostrich-female": { "base": "entity/land/ostrich" },
		"*-ostrich-chick": { "base": "entity/land/ostrich-chick" }
		},
	"texturesByType": {
		"*-ostrich-male": { "skin": { "base": "entity/land/ostrich/ostrichskin1" } },
		"*-ostrich-female": { "skin": { "base": "entity/land/ostrich/ostrichskin1" } },
		"*-ostrich-chick": {"skin": { "base": "entity/land/ostrich/ostrichskin1" } }
		},
		
	"creativeinventory": {
		"general": ["*"],
		"items": ["*"],
		"creatures": ["*"]
		},
	
	"guiTransformByType":{
		"*-ostrich-chick": {
			"translation": { "x": 0, "y": 0, "z": 0 },
			"rotation": { "x": 15, "y": -120, "z": -163 },
			"origin": { "x": 0.5, "y": 0.3, "z": 0.5 },
			"scale": 2.32
		},
		"*-ostrich-*": {
			"translation": { "x": 0, "y": 0, "z": 0 },
			"rotation": { "x": 15, "y": -120, "z": -163 },
			"origin": { "x": 0.5, "y": 1.5, "z": 0.5 },
			"scale": 0.50
		}
	}, 
	"fpHandTransformByType": {
		"*-ostrich-chick": {
			"translation": { "x": -0.2, "y": 0.3, "z": 0.8 },
			"rotation": { "x": 11, "y": -77, "z": -4 },
			"origin": { "x": 0.5, "y": 0.8, "z": 0.5 },
			"scale": 1.7
		},
		"*-ostrich-*": {
			"translation": { "x": 0.9, "y": 0.9, "z": 0.7 },
			"rotation": { "x": 7, "y": -87, "z": -3 },
			"origin": { "x": 0, "y": -1.2, "z": -0.5 },
			"scale": 0.82
		}
	},
	"tpHandTransform": {
		"translation": { "x": 0.2, "y": 0, "z": 0 },
		"rotation": { "x": -175, "y": 53, "z": -107 },
		"origin": { "x": 0.5, "y": 0.8, "z": 0.5 },
		"scale": 0.62
	}

}