{
	"code": "creature",
	"class": "ItemCreature",
	"maxstackssize": 1,
	"variantgroups": [
			{
				"code": "type",
				"states": ["snail"]
			}
		],
	"shape": {
		"base": "entity/land/snail"
		},
	"creativeinventory": {
		"general": ["*"],
		"items": ["*"],
		"creatures": ["*"]
		},
	
	"guiTransform": {
		"translation": { "x": -21, "y": 18, "z": 47 },
		"rotation": { "x": -73, "y": -128, "z": -143 },
		"origin": { "x": 0.5, "y": 0.8, "z": 0.5 },
		"scale": 3.7
	},
	"fpHandTransform": {
		"translation": { "x": 0.9, "y": 0.9, "z": 0.7 },
		"rotation": { "x": -0, "y": 0, "z": -0 },
		"origin": { "x": 0.5, "y": 0.8, "z": 0.5 },
		"scale": 1.25
	},
	"tpHandTransform": {
		"translation": { "x": -0.5, "y": 0, "z": -0.4 },
		"rotation": { "x": 1, "y": -180, "z": 0 },
		"origin": { "x": 0.5, "y": 0.8, "z": 0.5 },
		"scale": 1.25
	}
}