{
	"code": "creature",
	"class": "ItemCreature",
	"maxstackssize": 1,
	"variantgroups": [
			{
				"code": "type",
				"states": ["toad"]
			}
		],
	"shape": {
	"base": "entity/land/toad"
		},
	"creativeinventory": {
		"general": ["*"],
		"items": ["*"],
		"creatures": ["*"]
		},
	
	"guiTransform": {
		"translation": { "x": -1, "y": 1, "z": 0 },
		"rotation": { "x": -42, "y": -135, "z": 176 },
		"origin": { "x": 0.5, "y": 0.1, "z": 0.5 },
		"scale": 4.1
	},
	"fpHandTransform": {
		"translation": { "x": 0.2, "y": 0.5, "z": -0.1 },
		"rotation": { "x": 0, "y": -46, "z": -17 },
		"origin": { "x": 0.5, "y": 0.8, "z": 0.5 },
		"scale": 2.65
	},
	"tpHandTransform": {
		"translation": { "x": -0.7, "y": 0.2, "z": -0.2 },
		"rotation": { "x": 9, "y": 169, "z": 38 },
		"origin": { "x": 0.5, "y": 0.8, "z": 0.5 },
		"scale": 1.51
	}
}