[
    {
        "ingredientPattern": "PBP,P_P",
        "ingredients": {
            "P": {
                "type": "item",
                "code": "game:hide-pelt-medium",
                "quantity": 2
            },
            "B": {
                "type": "item",
                "code": "feverstonewilds:bone-big",
                "quantity": 2
            }
        },
        "width": 3,
        "height": 2,
        "output": {
            "type": "item",
            "code": "feverstonewilds:clothes-foot-hunterblack",
            "quantity": 1
        }
    }
]