{
	"editor": {
		"allAngles": false,
		"entityTextureMode": false
	},
	"textureWidth": 16,
	"textureHeight": 16,
	"textureSizes": {
	},
	"textures": {
		"material": "game:block/metal/shingles/copper1",
		"snowcover": "game:block/liquid/snow/normal*"
	},
	"elements": [
		{
			"name": "origin",
			"from": [ 8.0, 0.0, 8.0 ], 
			"to": [ 8.0, 0.0, 8.0 ], 
			"rotationOrigin": [ 8.0, 0.0, 8.0 ],
			"faces": {
				"north": { "texture": "#material", "uv": [ 0.0, 5.0, 0.5, 5.5 ], "enabled": false },
				"east": { "texture": "#material", "uv": [ 0.0, 0.0, 0.5, 0.5 ], "enabled": false },
				"south": { "texture": "#material", "uv": [ 0.0, 0.0, 0.5, 0.5 ], "enabled": false },
				"west": { "texture": "#material", "uv": [ 0.0, 0.0, 0.5, 0.5 ], "enabled": false },
				"up": { "texture": "#material", "uv": [ 0.0, 0.0, 0.5, 0.5 ], "enabled": false },
				"down": { "texture": "#material", "uv": [ 0.0, 0.0, 0.5, 0.5 ], "enabled": false }
			},
			"children": [
				{
					"name": "slateS",
					"from": [ -13.5, 0.5, -7.99 ], 
					"to": [ 2.5, 5.0, 8.03 ], 
					"rotationOrigin": [ 0.0, 8.5, 2.0 ],
					"rotationZ": 22.5,
					"faces": {
						"north": { "texture": "#material", "uv": [ 0.0, 0.0, 16.0, 4.5 ] },
						"east": { "texture": "#material", "uv": [ 0.0, 0.0, 16.0, 4.5 ] },
						"south": { "texture": "#material", "uv": [ 0.0, 0.0, 16.0, 4.5 ] },
						"west": { "texture": "#material", "uv": [ 0.0, 0.0, 16.0, 4.5 ] },
						"up": { "texture": "#material", "uv": [ 0.0, 0.0, 16.0, 16.0 ], "rotation": 90, "enabled": false },
						"down": { "texture": "#material", "uv": [ 0.0, 0.0, 16.0, 16.0 ], "rotation": 270 }
					},
					"children": [
						{
							"name": "slate2",
							"from": [ 8.5, 4.5, 5.97 ], 
							"to": [ 20.5, 9.5, 16.03 ], 
							"rotationOrigin": [ 8.0, 4.5, 14.0 ],
							"faces": {
								"north": { "texture": "#material", "uv": [ 0.0, 0.0, 12.0, 5.0 ] },
								"east": { "texture": "#material", "uv": [ 0.0, 0.0, 10.0, 5.0 ] },
								"south": { "texture": "#material", "uv": [ 0.0, 0.0, 12.0, 5.0 ] },
								"west": { "texture": "#material", "uv": [ 0.0, 0.0, 10.0, 5.0 ] },
								"up": { "texture": "#material", "uv": [ 0.0, 3.0, 10.0, 15.0 ], "rotation": 90, "enabled": false },
								"down": { "texture": "#material", "uv": [ 0.0, 3.0, 10.0, 15.0 ], "rotation": 270 }
							},
							"children": [
								{
									"name": "slate3",
									"from": [ 11.0, 5.0, 6.96 ], 
									"to": [ 14.08, 9.0, 10.04 ], 
									"rotationOrigin": [ 11.5, 5.0, 6.9 ],
									"rotationZ": -22.5,
									"faces": {
										"north": { "texture": "#material", "uv": [ 0.0, 0.0, 3.0, 4.0 ] },
										"east": { "texture": "#material", "uv": [ 0.0, 0.0, 3.0, 4.0 ] },
										"south": { "texture": "#material", "uv": [ 0.0, 0.0, 3.0, 4.0 ] },
										"west": { "texture": "#material", "uv": [ 0.0, 0.0, 3.0, 4.0 ] },
										"up": { "texture": "#material", "uv": [ 0.0, 5.0, 3.0, 8.0 ], "rotation": 90, "enabled": false },
										"down": { "texture": "#material", "uv": [ 0.0, 5.5, 3.0, 8.5 ], "rotation": 270, "enabled": false }
									},
									"children": [
										{
											"name": "Cube1",
											"from": [ 0.0, 4.0, 0.0 ], 
											"to": [ 3.08, 7.0, 3.08 ], 
											"rotationOrigin": [ 0.0, 4.0, 0.0 ],
											"faces": {
												"north": { "texture": "#snowcover", "uv": [ 0.0, 0.0, 3.0, 3.0 ] },
												"east": { "texture": "#snowcover", "uv": [ 0.0, 0.0, 3.0, 3.0 ] },
												"south": { "texture": "#snowcover", "uv": [ 0.0, 0.0, 3.0, 3.0 ] },
												"west": { "texture": "#snowcover", "uv": [ 0.0, 0.0, 3.0, 3.0 ] },
												"up": { "texture": "#snowcover", "uv": [ 0.0, 0.0, 3.0, 3.0 ] },
												"down": { "texture": "#snowcover", "uv": [ 0.0, 0.0, 3.0, 3.0 ] }
											}
										}
									]
								},
								{
									"name": "slate2-snow",
									"from": [ 0.0, 5.01, 0.0 ], 
									"to": [ 12.0, 7.01, 10.06 ], 
									"rotationOrigin": [ 8.0, 4.5, 12.0 ],
									"faces": {
										"north": { "texture": "#snowcover", "uv": [ 0.0, 0.0, 12.0, 2.0 ] },
										"east": { "texture": "#snowcover", "uv": [ 0.0, 0.0, 10.0, 2.0 ] },
										"south": { "texture": "#snowcover", "uv": [ 0.0, 0.0, 12.0, 2.0 ] },
										"west": { "texture": "#snowcover", "uv": [ 0.0, 0.0, 10.0, 2.0 ] },
										"up": { "texture": "#snowcover", "uv": [ 0.0, 3.0, 10.0, 15.0 ], "rotation": 90 },
										"down": { "texture": "#snowcover", "uv": [ 0.0, 3.0, 10.0, 15.0 ], "rotation": 270, "enabled": false }
									}
								}
							]
						},
						{
							"name": "Cube13",
							"from": [ 0.0, 4.5, 0.0 ], 
							"to": [ 16.0, 6.5, 16.02 ], 
							"rotationOrigin": [ 0.0, 4.5, 0.0 ],
							"faces": {
								"north": { "texture": "#snowcover", "uv": [ 0.0, 0.0, 16.0, 2.0 ] },
								"east": { "texture": "#snowcover", "uv": [ 0.0, 0.0, 16.0, 2.0 ] },
								"south": { "texture": "#snowcover", "uv": [ 0.0, 0.0, 16.0, 2.0 ] },
								"west": { "texture": "#snowcover", "uv": [ 0.0, 0.0, 16.0, 2.0 ] },
								"up": { "texture": "#snowcover", "uv": [ 0.0, 0.0, 16.0, 16.0 ] },
								"down": { "texture": "#snowcover", "uv": [ 0.0, 0.0, 16.0, 16.0 ], "enabled": false }
							}
						}
					]
				},
				{
					"name": "Cube6",
					"from": [ 0.1, 0.0, 0.1 ], 
					"to": [ 7.9, 9.0, 7.9 ], 
					"rotationOrigin": [ 0.1, 0.0, 0.1 ],
					"faces": {
						"north": { "texture": "#material", "uv": [ 3.0, 7.0, 10.5, 16.0 ] },
						"east": { "texture": "#material", "uv": [ 0.0, 0.0, 7.5, 9.0 ] },
						"south": { "texture": "#material", "uv": [ 8.0, 7.0, 15.5, 16.0 ] },
						"west": { "texture": "#material", "uv": [ 0.0, 0.0, 7.5, 9.0 ] },
						"up": { "texture": "#material", "uv": [ 0.0, 0.0, 7.5, 7.5 ], "enabled": false },
						"down": { "texture": "#material", "uv": [ 0.0, 0.0, 7.5, 7.5 ] }
					}
				},
				{
					"name": "slateE",
					"from": [ -13.5, 0.5, -7.99 ], 
					"to": [ 2.5, 5.0, 8.03 ], 
					"rotationOrigin": [ 0.0, 8.5, 0.0 ],
					"rotationY": -90.0,
					"rotationZ": 22.5,
					"faces": {
						"north": { "texture": "#material", "uv": [ 0.0, 0.0, 16.0, 4.5 ] },
						"east": { "texture": "#material", "uv": [ 0.0, 0.0, 16.0, 4.5 ] },
						"south": { "texture": "#material", "uv": [ 0.0, 0.0, 16.0, 4.5 ] },
						"west": { "texture": "#material", "uv": [ 0.0, 0.0, 16.0, 4.5 ] },
						"up": { "texture": "#material", "uv": [ 0.0, 0.0, 16.0, 16.0 ], "rotation": 90, "enabled": false },
						"down": { "texture": "#material", "uv": [ 0.0, 0.0, 16.0, 16.0 ], "rotation": 270 }
					},
					"children": [
						{
							"name": "slate20",
							"from": [ 8.5, 4.5, -0.03 ], 
							"to": [ 20.5, 9.5, 10.03 ], 
							"rotationOrigin": [ 8.0, 4.5, 8.0 ],
							"faces": {
								"north": { "texture": "#material", "uv": [ 0.0, 0.0, 12.0, 5.0 ] },
								"east": { "texture": "#material", "uv": [ 0.0, 0.0, 10.0, 5.0 ] },
								"south": { "texture": "#material", "uv": [ 0.0, 0.0, 12.0, 5.0 ] },
								"west": { "texture": "#material", "uv": [ 0.0, 0.0, 10.0, 5.0 ] },
								"up": { "texture": "#material", "uv": [ 0.0, 3.0, 10.0, 15.0 ], "rotation": 90, "enabled": false },
								"down": { "texture": "#material", "uv": [ 0.0, 3.0, 10.0, 15.0 ], "rotation": 270 }
							},
							"children": [
								{
									"name": "slate20-snow",
									"from": [ 0.0, 5.01, 0.0 ], 
									"to": [ 12.0, 7.01, 10.06 ], 
									"rotationOrigin": [ 8.0, 4.5, 8.0 ],
									"faces": {
										"north": { "texture": "#snowcover", "uv": [ 0.0, 0.0, 12.0, 2.0 ] },
										"east": { "texture": "#snowcover", "uv": [ 0.0, 0.0, 10.0, 2.0 ] },
										"south": { "texture": "#snowcover", "uv": [ 0.0, 0.0, 12.0, 2.0 ] },
										"west": { "texture": "#snowcover", "uv": [ 0.0, 0.0, 10.0, 2.0 ] },
										"up": { "texture": "#snowcover", "uv": [ 0.0, 3.0, 10.0, 15.0 ], "rotation": 90 },
										"down": { "texture": "#snowcover", "uv": [ 0.0, 3.0, 10.0, 15.0 ], "rotation": 270, "enabled": false }
									}
								}
							]
						},
						{
							"name": "Cube12",
							"from": [ 0.0, 4.5, 0.0 ], 
							"to": [ 16.0, 6.5, 16.02 ], 
							"rotationOrigin": [ 0.0, 4.5, 0.0 ],
							"faces": {
								"north": { "texture": "#snowcover", "uv": [ 0.0, 0.0, 16.0, 2.0 ] },
								"east": { "texture": "#snowcover", "uv": [ 0.0, 0.0, 16.0, 2.0 ] },
								"south": { "texture": "#snowcover", "uv": [ 0.0, 0.0, 16.0, 2.0 ] },
								"west": { "texture": "#snowcover", "uv": [ 0.0, 0.0, 16.0, 2.0 ] },
								"up": { "texture": "#snowcover", "uv": [ 0.0, 0.0, 16.0, 16.0 ] },
								"down": { "texture": "#snowcover", "uv": [ 0.0, 0.0, 16.0, 16.0 ], "enabled": false }
							}
						}
					]
				},
				{
					"name": "Cube20",
					"from": [ 5.1, 9.0, 5.1 ], 
					"to": [ 7.9, 12.4, 7.9 ], 
					"rotationOrigin": [ 5.1, 9.0, 5.1 ],
					"faces": {
						"north": { "texture": "#material", "uv": [ 3.0, 7.0, 5.5, 10.0 ], "enabled": false },
						"east": { "texture": "#material", "uv": [ 0.0, 0.0, 2.5, 3.0 ] },
						"south": { "texture": "#material", "uv": [ 8.0, 7.0, 10.5, 10.0 ] },
						"west": { "texture": "#material", "uv": [ 0.0, 0.0, 2.5, 3.0 ], "enabled": false },
						"up": { "texture": "#material", "uv": [ 0.0, 0.0, 2.5, 2.5 ], "enabled": false },
						"down": { "texture": "#material", "uv": [ 0.0, 0.0, 2.5, 2.5 ], "enabled": false }
					}
				}
			]
		}
	]}