{
	"editor": {
		"collapsedPaths": "Root/origin/chest/stomach/rleg,Root/origin/chest/stomach/tail,Root/origin/chest/stomach/lleg,Root/origin/chest/neck/neck2/head/featherfrill",
		"allAngles": false,
		"entityTextureMode": false
	},
	"textureWidth": 16,
	"textureHeight": 16,
	"textureSizes": {
	},
	"textures": {
		"cockatriceegg": "block/nests/cockatriceegg"
	},
	"elements": [
		{
			"name": "Cube1",
			"from": [ 7.2, 0.0, 7.2 ],
			"to": [ 8.7, 1.5, 8.7 ],
			"rotationOrigin": [ 8.0, 0.0, 8.0 ],
			"faces": {
				"north": { "texture": "#cockatriceegg", "uv": [ 0.75, 1.75, 3.0, 3.75 ], "autoUv": false },
				"east": { "texture": "#cockatriceegg", "uv": [ 5.75, 2.5, 7.5, 4.5 ], "autoUv": false },
				"south": { "texture": "#cockatriceegg", "uv": [ 5.0, 0.5, 7.25, 2.5 ], "autoUv": false },
				"west": { "texture": "#cockatriceegg", "uv": [ 3.25, 4.25, 5.0, 6.5 ], "autoUv": false },
				"up": { "texture": "#cockatriceegg", "uv": [ 5.25, 0.25, 7.0, 2.5 ], "autoUv": false },
				"down": { "texture": "#cockatriceegg", "uv": [ 3.25, 6.0, 2.25, 7.25 ], "autoUv": false }
			},
			"children": [
				{
					"name": "Cube11",
					"from": [ 0.1, 1.5, 0.1 ],
					"to": [ 1.4, 2.5, 1.4 ],
					"rotationOrigin": [ 0.8, 2.0, 0.8 ],
					"faces": {
						"north": { "texture": "#cockatriceegg", "uv": [ 2.25, 5.0, 4.0, 6.75 ], "autoUv": false },
						"east": { "texture": "#cockatriceegg", "uv": [ 0.25, 0.25, 2.0, 2.0 ], "autoUv": false },
						"south": { "texture": "#cockatriceegg", "uv": [ 4.5, 4.25, 7.0, 6.25 ], "autoUv": false },
						"west": { "texture": "#cockatriceegg", "uv": [ 5.5, 4.5, 7.0, 6.25 ], "autoUv": false },
						"up": { "texture": "#cockatriceegg", "uv": [ 2.25, 5.75, 3.5, 7.5 ], "autoUv": false },
						"down": { "texture": "#cockatriceegg", "uv": [ 0.25, 0.25, 1.0, 1.0 ], "autoUv": false }
					}
				}
			]
		},
		{
			"name": "Cube2",
			"from": [ 8.2, 0.0, 8.6 ],
			"to": [ 9.7, 1.5, 10.1 ],
			"rotationOrigin": [ 9.0, 0.0, 9.0 ],
			"rotationY": 45.0,
			"faces": {
				"north": { "texture": "#cockatriceegg", "uv": [ 0.75, 9.0, 3.0, 11.0 ], "autoUv": false },
				"east": { "texture": "#cockatriceegg", "uv": [ 5.75, 9.5, 7.5, 11.5 ], "autoUv": false },
				"south": { "texture": "#cockatriceegg", "uv": [ 5.0, 8.75, 7.25, 10.75 ], "autoUv": false },
				"west": { "texture": "#cockatriceegg", "uv": [ 3.0, 12.0, 4.75, 14.25 ], "autoUv": false },
				"up": { "texture": "#cockatriceegg", "uv": [ 5.25, 8.25, 7.0, 10.5 ], "autoUv": false },
				"down": { "texture": "#cockatriceegg", "uv": [ 3.5, 13.75, 2.5, 15.0 ], "autoUv": false }
			},
			"children": [
				{
					"name": "Cube22",
					"from": [ 0.1, 1.5, 0.1 ],
					"to": [ 1.4, 2.5, 1.4 ],
					"rotationOrigin": [ 0.8, 2.0, 0.8 ],
					"faces": {
						"north": { "texture": "#cockatriceegg", "uv": [ 2.25, 13.5, 4.0, 15.25 ], "autoUv": false },
						"east": { "texture": "#cockatriceegg", "uv": [ 0.5, 8.0, 2.25, 9.75 ], "autoUv": false },
						"south": { "texture": "#cockatriceegg", "uv": [ 3.5, 10.25, 6.0, 12.25 ], "autoUv": false },
						"west": { "texture": "#cockatriceegg", "uv": [ 5.5, 8.5, 7.0, 10.25 ], "autoUv": false },
						"up": { "texture": "#cockatriceegg", "uv": [ 2.25, 13.25, 3.5, 15.0 ], "autoUv": false },
						"down": { "texture": "#cockatriceegg", "uv": [ 0.5, 8.0, 1.25, 8.75 ], "autoUv": false }
					}
				}
			]
		},
		{
			"name": "Cube3",
			"from": [ 6.5, 0.0, 5.0 ],
			"to": [ 8.0, 1.5, 6.5 ],
			"rotationOrigin": [ 8.0, 0.0, 7.0 ],
			"rotationY": -45.0,
			"rotationZ": -90.0,
			"faces": {
				"north": { "texture": "#cockatriceegg", "uv": [ 8.75, 1.75, 11.0, 3.75 ], "autoUv": false },
				"east": { "texture": "#cockatriceegg", "uv": [ 12.75, 2.5, 14.5, 4.5 ], "autoUv": false },
				"south": { "texture": "#cockatriceegg", "uv": [ 12.5, 1.0, 14.75, 3.0 ], "autoUv": false },
				"west": { "texture": "#cockatriceegg", "uv": [ 12.5, 4.0, 14.25, 6.25 ], "autoUv": false },
				"up": { "texture": "#cockatriceegg", "uv": [ 13.25, 0.75, 15.0, 3.0 ], "autoUv": false },
				"down": { "texture": "#cockatriceegg", "uv": [ 11.25, 6.0, 10.25, 7.25 ], "autoUv": false }
			},
			"children": [
				{
					"name": "Cube33",
					"from": [ 0.1, 1.5, 0.1 ],
					"to": [ 1.4, 2.5, 1.4 ],
					"rotationOrigin": [ 0.8, 2.0, 0.8 ],
					"faces": {
						"north": { "texture": "#cockatriceegg", "uv": [ 9.75, 5.25, 11.5, 7.0 ], "autoUv": false },
						"east": { "texture": "#cockatriceegg", "uv": [ 8.5, 0.25, 10.25, 2.0 ], "autoUv": false },
						"south": { "texture": "#cockatriceegg", "uv": [ 12.75, 4.25, 15.25, 6.25 ], "autoUv": false },
						"west": { "texture": "#cockatriceegg", "uv": [ 13.5, 4.5, 15.0, 6.25 ], "autoUv": false },
						"up": { "texture": "#cockatriceegg", "uv": [ 10.25, 6.0, 11.5, 7.75 ], "autoUv": false },
						"down": { "texture": "#cockatriceegg", "uv": [ 8.0, 0.25, 8.75, 1.0 ], "autoUv": false }
					}
				}
			]
		},
		{
			"name": "Cube4",
			"from": [ 6.0, 0.0, 8.0 ],
			"to": [ 7.5, 1.5, 9.5 ],
			"rotationOrigin": [ 7.0, 0.0, 9.0 ],
			"rotationY": 22.5,
			"faces": {
				"north": { "texture": "#cockatriceegg", "uv": [ 9.25, 8.75, 11.5, 10.75 ], "autoUv": false },
				"east": { "texture": "#cockatriceegg", "uv": [ 13.0, 9.5, 14.75, 11.5 ], "autoUv": false },
				"south": { "texture": "#cockatriceegg", "uv": [ 12.5, 9.0, 14.75, 11.0 ], "autoUv": false },
				"west": { "texture": "#cockatriceegg", "uv": [ 12.75, 12.5, 14.5, 14.75 ], "autoUv": false },
				"up": { "texture": "#cockatriceegg", "uv": [ 13.0, 9.0, 14.75, 11.25 ], "autoUv": false },
				"down": { "texture": "#cockatriceegg", "uv": [ 11.5, 14.0, 10.5, 15.25 ], "autoUv": false }
			},
			"children": [
				{
					"name": "Cube44",
					"from": [ 0.1, 1.5, 0.1 ],
					"to": [ 1.4, 2.5, 1.4 ],
					"rotationOrigin": [ 0.8, 2.0, 0.8 ],
					"faces": {
						"north": { "texture": "#cockatriceegg", "uv": [ 10.0, 13.5, 11.75, 15.25 ], "autoUv": false },
						"east": { "texture": "#cockatriceegg", "uv": [ 8.5, 8.5, 10.25, 10.25 ], "autoUv": false },
						"south": { "texture": "#cockatriceegg", "uv": [ 12.25, 12.75, 14.75, 14.75 ], "autoUv": false },
						"west": { "texture": "#cockatriceegg", "uv": [ 13.5, 12.5, 15.0, 14.25 ], "autoUv": false },
						"up": { "texture": "#cockatriceegg", "uv": [ 10.0, 13.5, 11.25, 15.25 ], "autoUv": false },
						"down": { "texture": "#cockatriceegg", "uv": [ 8.0, 8.0, 8.75, 8.75 ], "autoUv": false }
					}
				}
			]
		},
		{
			"name": "Cube5",
			"from": [ 5.0, 0.0, 5.8 ],
			"to": [ 6.5, 1.5, 7.3 ],
			"rotationOrigin": [ 7.0, 0.0, 6.0 ],
			"rotationY": 37.0,
			"faces": {
				"north": { "texture": "#cockatriceegg", "uv": [ 0.75, 9.0, 3.0, 11.0 ], "autoUv": false },
				"east": { "texture": "#cockatriceegg", "uv": [ 5.75, 9.5, 7.5, 11.5 ], "autoUv": false },
				"south": { "texture": "#cockatriceegg", "uv": [ 5.0, 8.75, 7.25, 10.75 ], "autoUv": false },
				"west": { "texture": "#cockatriceegg", "uv": [ 3.0, 12.0, 4.75, 14.25 ], "autoUv": false },
				"up": { "texture": "#cockatriceegg", "uv": [ 5.25, 8.25, 7.0, 10.5 ], "autoUv": false },
				"down": { "texture": "#cockatriceegg", "uv": [ 3.5, 13.75, 2.5, 15.0 ], "autoUv": false }
			},
			"children": [
				{
					"name": "Cube55",
					"from": [ 0.1, 1.5, 0.1 ],
					"to": [ 1.4, 2.5, 1.4 ],
					"rotationOrigin": [ 0.8, 2.0, 0.8 ],
					"faces": {
						"north": { "texture": "#cockatriceegg", "uv": [ 2.25, 13.5, 4.0, 15.25 ], "autoUv": false },
						"east": { "texture": "#cockatriceegg", "uv": [ 0.5, 8.0, 2.25, 9.75 ], "autoUv": false },
						"south": { "texture": "#cockatriceegg", "uv": [ 3.5, 10.25, 6.0, 12.25 ], "autoUv": false },
						"west": { "texture": "#cockatriceegg", "uv": [ 5.5, 8.5, 7.0, 10.25 ], "autoUv": false },
						"up": { "texture": "#cockatriceegg", "uv": [ 2.25, 13.25, 3.5, 15.0 ], "autoUv": false },
						"down": { "texture": "#cockatriceegg", "uv": [ 0.5, 8.0, 1.25, 8.75 ], "autoUv": false }
					}
				}
			]
		}
	]}