{
	"editor": {
		"allAngles": false,
		"entityTextureMode": false
	},
	"textureWidth": 16,
	"textureHeight": 16,
	"textureSizes": {
	},
	"textures": {
		"almond": "almond",
		"ripe": "almond/ripe"
	},
	"elements": [
		{
			"name": "Cube6",
			"from": [ 4.0, 0.0, 7.0 ], 
			"to": [ 5.6, 1.6, 9.5 ], 
			"rotationOrigin": [ 5.0, 0.0, 8.0 ],
			"rotationY": -157.5,
			"faces": {
				"north": { "texture": "#almond", "uv": [ 10.0, 10.0, 14.0, 14.0 ], "autoUv": false },
				"east": { "texture": "#almond", "uv": [ 9.0, 10.0, 15.0, 14.0 ], "autoUv": false },
				"south": { "texture": "#almond", "uv": [ 10.0, 10.0, 14.0, 14.0 ], "autoUv": false },
				"west": { "texture": "#almond", "uv": [ 9.0, 10.0, 15.0, 14.0 ], "autoUv": false },
				"up": { "texture": "#almond", "uv": [ 10.0, 9.0, 14.0, 15.0 ], "autoUv": false },
				"down": { "texture": "#almond", "uv": [ 10.0, 9.0, 14.0, 15.0 ], "autoUv": false }
			}
		},
		{
			"name": "Cube7split",
			"from": [ 3.0, 0.0, 10.0 ], 
			"to": [ 4.0, 2.0, 13.0 ], 
			"rotationOrigin": [ 4.0, 0.0, 11.0 ],
			"rotationY": -45.0,
			"faces": {
				"north": { "texture": "#almond", "uv": [ 3.0, 10.0, 5.0, 14.0 ], "autoUv": false, "windMode": [-1,-1,-1,-1] },
				"east": { "texture": "#almond", "uv": [ 4.0, 13.0, 7.0, 15.0 ], "enabled": false, "windMode": [-1,-1,-1,-1] },
				"south": { "texture": "#almond", "uv": [ 3.0, 10.0, 5.0, 14.0 ], "autoUv": false, "windMode": [-1,-1,-1,-1] },
				"west": { "texture": "#almond", "uv": [ 2.0, 9.0, 6.0, 15.0 ], "rotation": 90, "autoUv": false, "windMode": [-1,-1,-1,-1] },
				"up": { "texture": "#almond", "uv": [ 3.0, 9.0, 5.0, 15.0 ], "autoUv": false, "windMode": [-1,-1,-1,-1] },
				"down": { "texture": "#almond", "uv": [ 3.0, 9.0, 5.0, 15.0 ], "autoUv": false }
			},
			"children": [
				{
					"name": "Cube7split9",
					"from": [ 1.0, 0.0, 0.0 ], 
					"to": [ 2.0, 2.0, 3.0 ], 
					"rotationOrigin": [ 1.0, 0.0, 0.0 ],
					"rotationY": 45.0,
					"faces": {
						"north": { "texture": "#almond", "uv": [ 3.0, 10.0, 5.0, 14.0 ], "autoUv": false, "windMode": [-1,-1,-1,-1] },
						"east": { "texture": "#almond", "uv": [ 2.0, 9.0, 6.0, 15.0 ], "rotation": 90, "autoUv": false, "windMode": [-1,-1,-1,-1] },
						"south": { "texture": "#almond", "uv": [ 3.0, 10.0, 5.0, 14.0 ], "autoUv": false },
						"west": { "texture": "#ripe", "uv": [ 2.0, 12.5, 5.0, 14.5 ], "enabled": false, "windMode": [-1,-1,-1,-1] },
						"up": { "texture": "#almond", "uv": [ 3.0, 9.0, 5.0, 15.0 ], "autoUv": false, "windMode": [-1,-1,-1,-1] },
						"down": { "texture": "#almond", "uv": [ 3.0, 9.0, 5.0, 15.0 ], "autoUv": false }
					}
				},
				{
					"name": "Core",
					"from": [ 0.2, 0.2, 0.1 ], 
					"to": [ 1.8, 1.8, 2.6 ], 
					"rotationOrigin": [ 1.0, 0.2, 0.1 ],
					"rotationY": 22.5,
					"faces": {
						"north": { "texture": "#almond", "uv": [ 10.0, 10.0, 14.0, 14.0 ], "autoUv": false },
						"east": { "texture": "#almond", "uv": [ 9.0, 10.0, 15.0, 14.0 ], "autoUv": false },
						"south": { "texture": "#almond", "uv": [ 10.0, 10.0, 14.0, 14.0 ], "autoUv": false },
						"west": { "texture": "#almond", "uv": [ 9.0, 10.0, 15.0, 14.0 ], "autoUv": false },
						"up": { "texture": "#almond", "uv": [ 10.0, 9.0, 14.0, 15.0 ], "autoUv": false },
						"down": { "texture": "#almond", "uv": [ 10.0, 9.0, 14.0, 15.0 ], "autoUv": false }
					}
				}
			]
		},
		{
			"name": "Cube8",
			"from": [ 6.5, 0.0, 10.0 ], 
			"to": [ 8.1, 1.6, 12.5 ], 
			"rotationOrigin": [ 7.5, 0.0, 11.0 ],
			"rotationY": 45.0,
			"faces": {
				"north": { "texture": "#almond", "uv": [ 10.0, 10.0, 14.0, 14.0 ], "autoUv": false },
				"east": { "texture": "#almond", "uv": [ 9.0, 10.0, 15.0, 14.0 ], "autoUv": false },
				"south": { "texture": "#almond", "uv": [ 10.0, 10.0, 14.0, 14.0 ], "autoUv": false },
				"west": { "texture": "#almond", "uv": [ 9.0, 10.0, 15.0, 14.0 ], "autoUv": false },
				"up": { "texture": "#almond", "uv": [ 10.0, 9.0, 14.0, 15.0 ], "autoUv": false },
				"down": { "texture": "#almond", "uv": [ 10.0, 9.0, 14.0, 15.0 ], "autoUv": false }
			}
		},
		{
			"name": "Cube7split10",
			"from": [ 8.0, 0.0, 8.0 ], 
			"to": [ 9.0, 2.0, 11.0 ], 
			"rotationOrigin": [ 9.0, 0.0, 9.0 ],
			"rotationY": 112.5,
			"faces": {
				"north": { "texture": "#almond", "uv": [ 3.0, 10.0, 5.0, 14.0 ], "autoUv": false },
				"east": { "texture": "#almond", "uv": [ 4.0, 13.0, 7.0, 15.0 ], "enabled": false },
				"south": { "texture": "#almond", "uv": [ 3.0, 10.0, 5.0, 14.0 ], "autoUv": false },
				"west": { "texture": "#almond", "uv": [ 2.0, 9.0, 6.0, 15.0 ], "rotation": 90, "autoUv": false },
				"up": { "texture": "#almond", "uv": [ 3.0, 9.0, 5.0, 15.0 ], "autoUv": false },
				"down": { "texture": "#almond", "uv": [ 3.0, 9.0, 5.0, 15.0 ], "autoUv": false }
			},
			"children": [
				{
					"name": "Cube7split11",
					"from": [ 1.0, 0.0, 0.0 ], 
					"to": [ 2.0, 2.0, 3.0 ], 
					"rotationOrigin": [ 1.0, 0.0, 0.0 ],
					"rotationY": 18.0,
					"faces": {
						"north": { "texture": "#almond", "uv": [ 3.0, 10.0, 5.0, 14.0 ], "autoUv": false },
						"east": { "texture": "#almond", "uv": [ 2.0, 9.0, 6.0, 15.0 ], "rotation": 90, "autoUv": false },
						"south": { "texture": "#almond", "uv": [ 3.0, 10.0, 5.0, 14.0 ], "autoUv": false },
						"west": { "texture": "#ripe", "uv": [ 2.0, 12.5, 5.0, 14.5 ], "enabled": false },
						"up": { "texture": "#almond", "uv": [ 3.0, 9.0, 5.0, 15.0 ], "autoUv": false },
						"down": { "texture": "#almond", "uv": [ 3.0, 9.0, 5.0, 15.0 ], "autoUv": false }
					}
				},
				{
					"name": "Core12",
					"from": [ 0.2, 0.2, 0.1 ], 
					"to": [ 1.8, 1.8, 2.6 ], 
					"rotationOrigin": [ 1.0, 0.2, 0.1 ],
					"rotationY": 12.0,
					"faces": {
						"north": { "texture": "#almond", "uv": [ 10.0, 10.0, 14.0, 14.0 ], "autoUv": false },
						"east": { "texture": "#almond", "uv": [ 9.0, 10.0, 15.0, 14.0 ], "autoUv": false },
						"south": { "texture": "#almond", "uv": [ 10.0, 10.0, 14.0, 14.0 ], "autoUv": false },
						"west": { "texture": "#almond", "uv": [ 9.0, 10.0, 15.0, 14.0 ], "autoUv": false },
						"up": { "texture": "#almond", "uv": [ 10.0, 9.0, 14.0, 15.0 ], "autoUv": false },
						"down": { "texture": "#almond", "uv": [ 10.0, 9.0, 14.0, 15.0 ], "autoUv": false }
					}
				}
			]
		}
	]}