{
	"editor": {
		"collapsedPaths": "Root/Bow_holder_1,Root/Bow_holder_4,Root/Bow_right_limb_7,Root/Bow_right_limb_1,Root/Cube12,Root/lever_1,Root/Bow/Bow_right_limb_13,Root/Stock/Stock_front_1,Root/Bow/String_3,Root/Bow/Bow_right_limb_7,Root/Cube2,Root/Cube3,Root/Wheel",
		"allAngles": false,
		"entityTextureMode": false
	},
	"textureWidth": 16,
	"textureHeight": 16,
	"textureSizes": {
	},
	"textures": {
		"string": "game:block/cloth/burlap/string",
		"flint": "game:block/stone/flint",
		"aged": "game:block/wood/debarked/aged",
		"wood": "game:block/wood/debarked/larch",
		"maple": "game:block/wood/debarked/maple"
	},
	"elements": [
		{
			"name": "Bow",
			"from": [ -0.5, -0.8, 7.5 ],
			"to": [ -0.5, -0.8, 7.5 ],
			"rotationOrigin": [ 8.0, 0.0, 8.0 ],
			"faces": {
				"north": { "texture": "#wood", "uv": [ 0.0, 0.0, 0.5, 0.5 ] },
				"east": { "texture": "#wood", "uv": [ 0.0, 0.0, 0.5, 0.5 ] },
				"south": { "texture": "#wood", "uv": [ 0.0, 0.0, 0.5, 0.5 ] },
				"west": { "texture": "#wood", "uv": [ 0.0, 0.0, 0.5, 0.5 ] },
				"up": { "texture": "#wood", "uv": [ 0.0, 0.0, 0.5, 0.5 ] },
				"down": { "texture": "#wood", "uv": [ 0.0, 0.0, 0.5, 0.5 ] }
			},
			"children": [
				{
					"name": "Bow_limbs",
					"from": [ 7.5, 0.3, 0.0 ],
					"to": [ 9.5, 1.3, 0.8 ],
					"rotationOrigin": [ 8.5, 0.7, 0.5 ],
					"faces": {
						"north": { "texture": "#wood", "uv": [ 0.0, 0.0, 2.0, 1.0 ] },
						"east": { "texture": "#wood", "uv": [ 0.0, 0.0, 0.5, 1.0 ] },
						"south": { "texture": "#wood", "uv": [ 0.0, 0.0, 2.0, 1.0 ] },
						"west": { "texture": "#wood", "uv": [ 0.0, 0.0, 0.5, 1.0 ] },
						"up": { "texture": "#wood", "uv": [ 0.0, 0.0, 2.0, 0.5 ] },
						"down": { "texture": "#wood", "uv": [ 0.0, 0.0, 2.0, 0.5 ] }
					},
					"children": [
						{
							"name": "Bow_right_limb",
							"from": [ 2.0, 0.0, 0.0 ],
							"to": [ 3.5, 1.0, 0.9 ],
							"rotationOrigin": [ 2.0, 0.5, 0.5 ],
							"faces": {
								"north": { "texture": "#aged", "uv": [ 12.5, 0.5, 14.0, 1.5 ] },
								"east": { "texture": "#aged", "uv": [ 1.0, 0.0, 1.5, 1.0 ] },
								"south": { "texture": "#aged", "uv": [ 0.5, 2.5, 2.0, 3.5 ] },
								"west": { "texture": "#aged", "uv": [ 1.5, 0.0, 2.0, 1.0 ] },
								"up": { "texture": "#aged", "uv": [ 3.0, 2.0, 4.5, 3.1 ], "autoUv": false },
								"down": { "texture": "#aged", "uv": [ 4.5, 2.0, 6.0, 3.1 ], "autoUv": false }
							},
							"children": [
								{
									"name": "Bow_right_limb_14",
									"from": [ 1.5, 0.01, 0.0 ],
									"to": [ 3.0, 0.99, 0.8 ],
									"rotationOrigin": [ 1.5, 0.0, 0.0 ],
									"rotationY": -5.0,
									"faces": {
										"north": { "texture": "#aged", "uv": [ 1.0, 13.5, 2.5, 14.5 ], "autoUv": false },
										"east": { "texture": "#aged", "uv": [ 3.5, 0.0, 4.0, 0.5 ] },
										"south": { "texture": "#aged", "uv": [ 3.0, 5.0, 4.5, 6.0 ], "autoUv": false },
										"west": { "texture": "#aged", "uv": [ 3.0, 0.0, 3.5, 0.5 ] },
										"up": { "texture": "#aged", "uv": [ 5.0, 2.0, 6.5, 3.0 ], "autoUv": false },
										"down": { "texture": "#aged", "uv": [ 5.0, 2.0, 6.5, 3.0 ], "autoUv": false }
									},
									"children": [
										{
											"name": "Bow_right_limb_15",
											"from": [ 1.5, 0.01, 0.0 ],
											"to": [ 3.0, 0.97, 0.8 ],
											"rotationOrigin": [ 1.5, 0.0, 0.0 ],
											"rotationY": -5.0,
											"faces": {
												"north": { "texture": "#aged", "uv": [ 11.0, 14.0, 12.5, 15.0 ], "autoUv": false, "windMode": [-1,-1,-1,-1] },
												"east": { "texture": "#aged", "uv": [ 0.0, 0.0, 0.5, 1.0 ], "autoUv": false, "windMode": [-1,-1,-1,-1] },
												"south": { "texture": "#aged", "uv": [ 3.0, 5.5, 4.5, 6.5 ], "autoUv": false, "windMode": [-1,-1,-1,-1] },
												"west": { "texture": "#aged", "uv": [ 0.0, 0.0, 0.5, 1.0 ], "autoUv": false, "windMode": [-1,-1,-1,-1] },
												"up": { "texture": "#aged", "uv": [ 12.0, 2.0, 13.5, 3.0 ], "autoUv": false, "windMode": [-1,-1,-1,-1] },
												"down": { "texture": "#aged", "uv": [ 12.0, 2.0, 13.5, 3.0 ], "autoUv": false, "windMode": [-1,-1,-1,-1] }
											},
											"children": [
												{
													"name": "Bow_right_limb_16",
													"from": [ 1.5, 0.01, 0.0 ],
													"to": [ 3.0, 0.95, 0.7 ],
													"rotationOrigin": [ 1.5, 0.0, 0.0 ],
													"rotationY": -5.0,
													"faces": {
														"north": { "texture": "#aged", "uv": [ 11.0, 14.0, 12.5, 15.0 ], "autoUv": false, "windMode": [-1,-1,-1,-1] },
														"east": { "texture": "#aged", "uv": [ 0.0, 0.0, 0.5, 1.0 ], "autoUv": false, "windMode": [-1,-1,-1,-1] },
														"south": { "texture": "#aged", "uv": [ 10.5, 5.5, 12.0, 6.5 ], "autoUv": false, "windMode": [-1,-1,-1,-1] },
														"west": { "texture": "#aged", "uv": [ 0.0, 0.0, 0.5, 1.0 ], "autoUv": false, "windMode": [-1,-1,-1,-1] },
														"up": { "texture": "#aged", "uv": [ 14.0, 2.0, 15.5, 3.0 ], "autoUv": false, "windMode": [-1,-1,-1,-1] },
														"down": { "texture": "#aged", "uv": [ 14.0, 2.0, 15.5, 3.0 ], "autoUv": false, "windMode": [-1,-1,-1,-1] }
													},
													"children": [
														{
															"name": "Bow_right_limb_17",
															"from": [ 1.5, 0.01, 0.0 ],
															"to": [ 3.0, 0.93, 0.7 ],
															"rotationOrigin": [ 1.5, 0.0, 0.0 ],
															"rotationY": -5.0,
															"faces": {
																"north": { "texture": "#aged", "uv": [ 10.3, 14.5, 12.0, 15.5 ], "autoUv": false, "windMode": [-1,-1,-1,-1] },
																"east": { "texture": "#aged", "uv": [ 0.0, 0.0, 1.0, 1.0 ], "autoUv": false, "windMode": [-1,-1,-1,-1] },
																"south": { "texture": "#aged", "uv": [ 7.5, 7.0, 9.2, 8.0 ], "autoUv": false, "windMode": [-1,-1,-1,-1] },
																"west": { "texture": "#aged", "uv": [ 0.0, 0.0, 0.5, 1.0 ], "autoUv": false, "windMode": [-1,-1,-1,-1] },
																"up": { "texture": "#aged", "uv": [ 13.5, 2.0, 15.2, 3.0 ], "autoUv": false, "windMode": [-1,-1,-1,-1] },
																"down": { "texture": "#aged", "uv": [ 13.5, 2.0, 15.2, 3.0 ], "autoUv": false, "windMode": [-1,-1,-1,-1] }
															},
															"children": [
																{
																	"name": "Bow_right_limb_18",
																	"from": [ 1.5, 0.15, 0.0 ],
																	"to": [ 2.5, 0.75, 0.7 ],
																	"rotationOrigin": [ 1.5, 0.1, 0.7 ],
																	"rotationY": 10.0,
																	"faces": {
																		"north": { "texture": "#aged", "uv": [ 0.0, 0.0, 1.5, 1.0 ], "autoUv": false, "windMode": [-1,-1,-1,-1] },
																		"east": { "texture": "#aged", "uv": [ 0.0, 0.0, 1.0, 1.0 ], "autoUv": false, "windMode": [-1,-1,-1,-1] },
																		"south": { "texture": "#aged", "uv": [ 0.0, 0.0, 1.5, 1.0 ], "autoUv": false, "windMode": [-1,-1,-1,-1] },
																		"west": { "texture": "#aged", "uv": [ 0.0, 0.0, 1.0, 1.0 ], "autoUv": false, "windMode": [-1,-1,-1,-1] },
																		"up": { "texture": "#aged", "uv": [ 3.5, 1.0, 5.0, 2.0 ], "autoUv": false, "windMode": [-1,-1,-1,-1] },
																		"down": { "texture": "#aged", "uv": [ 0.0, 0.0, 1.5, 1.0 ], "autoUv": false, "windMode": [-1,-1,-1,-1] }
																	}
																}
															]
														}
													]
												}
											]
										}
									]
								}
							]
						},
						{
							"name": "Bow_left_limb",
							"from": [ 0.0, 0.0, 0.0 ],
							"to": [ 1.5, 1.0, 0.9 ],
							"rotationOrigin": [ 0.0, 0.5, 0.5 ],
							"rotationZ": 180.0,
							"faces": {
								"north": { "texture": "#aged", "uv": [ 12.5, 0.5, 14.0, 1.5 ] },
								"east": { "texture": "#aged", "uv": [ 1.0, 0.0, 1.5, 1.0 ] },
								"south": { "texture": "#aged", "uv": [ 0.5, 2.5, 2.0, 3.5 ] },
								"west": { "texture": "#aged", "uv": [ 1.5, 0.0, 2.0, 1.0 ] },
								"up": { "texture": "#aged", "uv": [ 3.0, 2.0, 4.5, 3.1 ], "autoUv": false },
								"down": { "texture": "#aged", "uv": [ 4.5, 2.0, 6.0, 3.1 ], "autoUv": false }
							},
							"children": [
								{
									"name": "Bow_right_limb_19",
									"from": [ 1.5, 0.01, 0.0 ],
									"to": [ 3.0, 0.99, 0.8 ],
									"rotationOrigin": [ 1.5, 0.0, 0.0 ],
									"rotationY": -5.0,
									"faces": {
										"north": { "texture": "#aged", "uv": [ 1.0, 13.5, 2.5, 14.5 ], "autoUv": false },
										"east": { "texture": "#aged", "uv": [ 3.5, 0.0, 4.0, 0.5 ] },
										"south": { "texture": "#aged", "uv": [ 3.0, 5.0, 4.5, 6.0 ], "autoUv": false },
										"west": { "texture": "#aged", "uv": [ 3.0, 0.0, 3.5, 0.5 ] },
										"up": { "texture": "#aged", "uv": [ 5.0, 2.0, 6.5, 3.0 ], "autoUv": false },
										"down": { "texture": "#aged", "uv": [ 5.0, 2.0, 6.5, 3.0 ], "autoUv": false }
									},
									"children": [
										{
											"name": "Bow_right_limb_20",
											"from": [ 1.5, 0.01, 0.0 ],
											"to": [ 3.0, 0.97, 0.8 ],
											"rotationOrigin": [ 1.5, 0.0, 0.0 ],
											"rotationY": -5.0,
											"faces": {
												"north": { "texture": "#aged", "uv": [ 11.0, 14.0, 12.5, 15.0 ], "autoUv": false },
												"east": { "texture": "#aged", "uv": [ 0.0, 0.0, 0.5, 1.0 ], "autoUv": false },
												"south": { "texture": "#aged", "uv": [ 3.0, 5.5, 4.5, 6.5 ], "autoUv": false },
												"west": { "texture": "#aged", "uv": [ 0.0, 0.0, 0.5, 1.0 ], "autoUv": false },
												"up": { "texture": "#aged", "uv": [ 12.0, 2.0, 13.5, 3.0 ], "autoUv": false },
												"down": { "texture": "#aged", "uv": [ 12.0, 2.0, 13.5, 3.0 ], "autoUv": false }
											},
											"children": [
												{
													"name": "Bow_right_limb_21",
													"from": [ 1.5, 0.01, 0.0 ],
													"to": [ 3.0, 0.95, 0.7 ],
													"rotationOrigin": [ 1.5, 0.0, 0.0 ],
													"rotationY": -5.0,
													"faces": {
														"north": { "texture": "#aged", "uv": [ 11.0, 14.0, 12.5, 15.0 ], "autoUv": false },
														"east": { "texture": "#aged", "uv": [ 0.0, 0.0, 0.5, 1.0 ], "autoUv": false },
														"south": { "texture": "#aged", "uv": [ 10.5, 5.5, 12.0, 6.5 ], "autoUv": false },
														"west": { "texture": "#aged", "uv": [ 0.0, 0.0, 0.5, 1.0 ], "autoUv": false },
														"up": { "texture": "#aged", "uv": [ 14.0, 2.0, 15.5, 3.0 ], "autoUv": false },
														"down": { "texture": "#aged", "uv": [ 14.0, 2.0, 15.5, 3.0 ], "autoUv": false }
													},
													"children": [
														{
															"name": "Bow_right_limb_22",
															"from": [ 1.5, 0.01, 0.0 ],
															"to": [ 3.0, 0.93, 0.7 ],
															"rotationOrigin": [ 1.5, 0.0, 0.0 ],
															"rotationY": -5.0,
															"faces": {
																"north": { "texture": "#aged", "uv": [ 10.3, 14.5, 12.0, 15.5 ], "autoUv": false },
																"east": { "texture": "#aged", "uv": [ 0.0, 0.0, 1.0, 1.0 ], "autoUv": false },
																"south": { "texture": "#aged", "uv": [ 7.5, 7.0, 9.2, 8.0 ], "autoUv": false },
																"west": { "texture": "#aged", "uv": [ 0.0, 0.0, 0.5, 1.0 ], "autoUv": false },
																"up": { "texture": "#aged", "uv": [ 13.5, 2.0, 15.2, 3.0 ], "autoUv": false },
																"down": { "texture": "#aged", "uv": [ 13.3, 2.0, 15.0, 3.0 ], "autoUv": false }
															},
															"children": [
																{
																	"name": "Bow_right_limb_23",
																	"from": [ 1.5, 0.15, 0.0 ],
																	"to": [ 2.5, 0.75, 0.7 ],
																	"rotationOrigin": [ 1.5, 0.1, 0.7 ],
																	"rotationY": 10.0,
																	"faces": {
																		"north": { "texture": "#aged", "uv": [ 0.0, 0.0, 1.5, 1.0 ], "autoUv": false },
																		"east": { "texture": "#aged", "uv": [ 0.0, 0.0, 1.0, 1.0 ], "autoUv": false },
																		"south": { "texture": "#aged", "uv": [ 0.0, 0.0, 1.5, 1.0 ], "autoUv": false },
																		"west": { "texture": "#aged", "uv": [ 0.0, 0.0, 1.0, 1.0 ], "autoUv": false },
																		"up": { "texture": "#aged", "uv": [ 3.5, 1.0, 5.0, 2.0 ], "autoUv": false },
																		"down": { "texture": "#aged", "uv": [ 0.0, 0.0, 1.5, 1.0 ], "autoUv": false }
																	}
																}
															]
														}
													]
												}
											]
										}
									]
								}
							]
						}
					]
				},
				{
					"name": "Bow_String",
					"from": [ 7.0, 0.4, 1.9 ],
					"to": [ 10.0, 1.1, 2.6 ],
					"rotationOrigin": [ 8.5, 0.8, 2.3 ],
					"faces": {
					},
					"children": [
						{
							"name": "Bpw_String_right",
							"from": [ 0.5, -0.3, 0.0 ],
							"to": [ 1.5, 0.21, 0.5 ],
							"rotationOrigin": [ 1.5, 0.2, 0.5 ],
							"rotationZ": -180.0,
							"faces": {
								"north": { "texture": "#string", "uv": [ 12.0, 4.5, 13.5, 5.0 ], "autoUv": false },
								"east": { "texture": "#string", "uv": [ 10.0, 2.5, 10.5, 3.0 ] },
								"south": { "texture": "#string", "uv": [ 12.5, 4.5, 14.0, 5.0 ], "autoUv": false },
								"west": { "texture": "#string", "uv": [ 12.5, 4.0, 13.0, 4.5 ] },
								"up": { "texture": "#string", "uv": [ 12.0, 4.5, 13.5, 5.0 ], "autoUv": false },
								"down": { "texture": "#string", "uv": [ 12.5, 4.5, 14.0, 5.0 ], "autoUv": false }
							},
							"children": [
								{
									"name": "String_8",
									"from": [ 0.0, -0.2, 0.1 ],
									"to": [ 7.5, 0.1, 0.4 ],
									"rotationOrigin": [ 0.0, 0.1, 0.4 ],
									"rotationZ": -180.0,
									"faces": {
										"north": { "texture": "#string", "uv": [ 0.0, 1.0, 12.0, 1.5 ], "autoUv": false },
										"east": { "texture": "#string", "uv": [ 0.0, 0.0, 0.5, 0.5 ] },
										"south": { "texture": "#string", "uv": [ 0.0, 1.5, 12.0, 2.0 ], "autoUv": false },
										"west": { "texture": "#string", "uv": [ 0.0, 0.0, 0.5, 0.5 ] },
										"up": { "texture": "#string", "uv": [ 0.0, 1.5, 12.0, 2.0 ], "autoUv": false },
										"down": { "texture": "#string", "uv": [ 0.0, 2.5, 12.0, 3.0 ], "autoUv": false }
									},
									"children": [
										{
											"name": "String_7",
											"from": [ 7.5, -0.3, -0.1 ],
											"to": [ 8.6, 0.5, 0.3 ],
											"rotationOrigin": [ 7.5, 0.5, 0.3 ],
											"rotationY": 70.0,
											"faces": {
												"north": { "texture": "#string", "uv": [ 12.5, 2.5, 13.5, 4.0 ], "autoUv": false },
												"east": { "texture": "#string", "uv": [ 12.5, 3.0, 13.0, 4.5 ], "autoUv": false },
												"south": { "texture": "#string", "uv": [ 11.5, 3.0, 13.5, 4.5 ], "autoUv": false },
												"west": { "texture": "#string", "uv": [ 11.5, 3.5, 11.9, 5.0 ], "autoUv": false },
												"up": { "texture": "#string", "uv": [ 12.0, 4.5, 13.9, 5.0 ], "autoUv": false },
												"down": { "texture": "#string", "uv": [ 13.0, 4.5, 15.0, 5.0 ], "autoUv": false }
											}
										}
									]
								}
							]
						},
						{
							"name": "Bpw_String_left",
							"from": [ 0.5, 0.2, 0.0 ],
							"to": [ 1.5, 0.71, 0.5 ],
							"rotationOrigin": [ 1.5, 0.7, 0.5 ],
							"faces": {
								"north": { "texture": "#string", "uv": [ 12.0, 4.5, 13.5, 5.0 ], "autoUv": false },
								"east": { "texture": "#string", "uv": [ 10.0, 2.5, 10.5, 3.0 ] },
								"south": { "texture": "#string", "uv": [ 12.5, 4.5, 14.0, 5.0 ], "autoUv": false },
								"west": { "texture": "#string", "uv": [ 12.5, 4.0, 13.0, 4.5 ] },
								"up": { "texture": "#string", "uv": [ 12.0, 4.5, 13.5, 5.0 ], "autoUv": false },
								"down": { "texture": "#string", "uv": [ 12.5, 4.5, 14.0, 5.0 ], "autoUv": false }
							},
							"children": [
								{
									"name": "String_9",
									"from": [ 0.0, -0.2, 0.1 ],
									"to": [ 7.5, 0.1, 0.4 ],
									"rotationOrigin": [ 0.0, 0.1, 0.4 ],
									"rotationZ": -180.0,
									"faces": {
										"north": { "texture": "#string", "uv": [ 0.0, 1.0, 12.0, 1.5 ], "autoUv": false },
										"east": { "texture": "#string", "uv": [ 0.0, 0.0, 0.5, 0.5 ] },
										"south": { "texture": "#string", "uv": [ 0.0, 1.5, 12.0, 2.0 ], "autoUv": false },
										"west": { "texture": "#string", "uv": [ 0.0, 0.0, 0.5, 0.5 ] },
										"up": { "texture": "#string", "uv": [ 0.0, 1.5, 12.0, 2.0 ], "autoUv": false },
										"down": { "texture": "#string", "uv": [ 0.0, 2.5, 12.0, 3.0 ], "autoUv": false }
									},
									"children": [
										{
											"name": "String_10",
											"from": [ 7.5, -0.2, -0.1 ],
											"to": [ 8.6, 0.6, 0.3 ],
											"rotationOrigin": [ 7.5, 0.6, 0.3 ],
											"rotationY": 70.0,
											"faces": {
												"north": { "texture": "#string", "uv": [ 12.5, 2.5, 13.5, 4.0 ], "autoUv": false },
												"east": { "texture": "#string", "uv": [ 12.5, 3.0, 13.0, 4.5 ], "autoUv": false },
												"south": { "texture": "#string", "uv": [ 11.5, 3.0, 13.5, 4.5 ], "autoUv": false },
												"west": { "texture": "#string", "uv": [ 11.5, 3.5, 11.9, 5.0 ], "autoUv": false },
												"up": { "texture": "#string", "uv": [ 12.0, 4.5, 13.9, 5.0 ], "autoUv": false },
												"down": { "texture": "#string", "uv": [ 13.0, 4.5, 15.0, 5.0 ], "autoUv": false }
											}
										}
									]
								}
							]
						}
					]
				},
				{
					"name": "Bow_handle",
					"from": [ 6.5, 0.2, -0.1 ],
					"to": [ 10.0, 1.4, 1.0 ],
					"rotationOrigin": [ 6.5, 1.1, 0.9 ],
					"faces": {
						"north": { "texture": "#string", "uv": [ 9.5, 2.0, 14.0, 3.5 ], "autoUv": false },
						"east": { "texture": "#string", "uv": [ 5.0, 2.5, 6.5, 3.9 ], "autoUv": false },
						"south": { "texture": "#string", "uv": [ 8.0, 2.0, 12.5, 3.5 ], "autoUv": false },
						"west": { "texture": "#string", "uv": [ 0.0, 0.0, 1.5, 1.5 ], "autoUv": false },
						"up": { "texture": "#string", "uv": [ 3.0, 1.5, 7.5, 3.0 ], "autoUv": false },
						"down": { "texture": "#string", "uv": [ 8.0, 2.5, 12.5, 4.0 ], "autoUv": false }
					}
				}
			]
		}
	]}