{
	"editor": {
		"collapsedPaths": "Root/Bow_holder_1,Root/Bow_holder_4,Root/Bow_right_limb_7,Root/Bow/Bow_String,Root/Bow_right_limb_1,Root/Cube12,Root/lever_1,Root/Bow/Bow_right_limb_13,Root/Stock/Stock_front_1,Root/Bow/String_3,Root/Bow/Bow_right_limb_7,Root/Cube2,Root/Cube3,Root/Wheel,Root/Bow/Bow_limbs/Bow_left_limb/Bow_right_limb_16/Bow_right_limb_17,Root/Bow/Bow_limbs/Bow_right_limb/Bow_right_limb_14/Bow_right_limb_15",
		"allAngles": false,
		"entityTextureMode": false
	},
	"textureWidth": 16,
	"textureHeight": 16,
	"textureSizes": {
	},
	"textures": {
		"fireclay": "game:block/clay/fireclay",
		"wrapping": "game:block/cloth/linen/normal1",
		"plain": "game:block/leather/plain",
		"iron": "game:block/metal/ingot/iron",
		"kapok": "game:block/wood/debarked/kapok",
		"wood": "game:block/wood/debarked/larch",
		"feather2": "game:item/tool/material/feather2",
		"handle": "game:item/tool/material/handle"
	},
	"elements": [
		{
			"name": "Bow",
			"from": [ -0.5, -0.8, 7.5 ],
			"to": [ -0.5, -0.8, 7.5 ],
			"rotationOrigin": [ 8.0, 0.0, 8.0 ],
			"faces": {
				"north": { "texture": "#wood", "uv": [ 0.0, 0.0, 0.5, 0.5 ] },
				"east": { "texture": "#wood", "uv": [ 0.0, 0.0, 0.5, 0.5 ] },
				"south": { "texture": "#wood", "uv": [ 0.0, 0.0, 0.5, 0.5 ] },
				"west": { "texture": "#wood", "uv": [ 0.0, 0.0, 0.5, 0.5 ] },
				"up": { "texture": "#wood", "uv": [ 0.0, 0.0, 0.5, 0.5 ] },
				"down": { "texture": "#wood", "uv": [ 0.0, 0.0, 0.5, 0.5 ] }
			},
			"children": [
				{
					"name": "Bow_limbs",
					"from": [ 7.5, 0.3, 0.0 ],
					"to": [ 9.5, 1.3, 1.0 ],
					"rotationOrigin": [ 8.5, 0.7, 0.5 ],
					"faces": {
					},
					"children": [
						{
							"name": "Bow_right_limb",
							"from": [ 2.5, 0.0, 0.0 ],
							"to": [ 4.0, 1.0, 0.6 ],
							"rotationOrigin": [ 2.5, 0.5, 0.5 ],
							"rotationY": 7.0,
							"faces": {
								"north": { "texture": "#fireclay", "uv": [ 9.5, 9.5, 11.7, 11.0 ], "autoUv": false },
								"east": { "texture": "#fireclay", "uv": [ 1.0, 0.0, 1.5, 1.0 ] },
								"south": { "texture": "#fireclay", "uv": [ 6.0, 13.5, 8.2, 15.0 ], "autoUv": false },
								"west": { "texture": "#fireclay", "uv": [ 1.5, 0.0, 2.0, 1.0 ] },
								"up": { "texture": "#fireclay", "uv": [ 5.5, 7.5, 7.7, 8.2 ], "autoUv": false },
								"down": { "texture": "#fireclay", "uv": [ 8.0, 9.5, 10.2, 10.2 ], "autoUv": false }
							},
							"children": [
								{
									"name": "Bow_right_limb_14",
									"from": [ 1.5, 0.01, 0.0 ],
									"to": [ 3.0, 0.99, 0.5 ],
									"rotationOrigin": [ 1.5, 0.0, 0.0 ],
									"rotationY": -10.0,
									"faces": {
										"north": { "texture": "#fireclay", "uv": [ 9.5, 9.0, 11.7, 10.5 ], "autoUv": false },
										"east": { "texture": "#fireclay", "uv": [ 3.5, 0.0, 4.0, 0.5 ] },
										"south": { "texture": "#fireclay", "uv": [ 7.0, 12.0, 9.2, 13.5 ], "autoUv": false },
										"west": { "texture": "#fireclay", "uv": [ 3.0, 0.0, 3.5, 0.5 ] },
										"up": { "texture": "#fireclay", "uv": [ 6.0, 7.5, 8.2, 8.1 ], "autoUv": false },
										"down": { "texture": "#fireclay", "uv": [ 4.0, 7.0, 6.2, 7.6 ], "autoUv": false }
									},
									"children": [
										{
											"name": "Bow_right_limb_15",
											"from": [ 1.5, 0.01, 0.0 ],
											"to": [ 3.0, 0.97, 0.4 ],
											"rotationOrigin": [ 1.5, 0.0, 0.0 ],
											"rotationY": -18.0,
											"faces": {
												"north": { "texture": "#fireclay", "uv": [ 13.0, 12.0, 15.2, 13.5 ], "autoUv": false, "windMode": [-1,-1,-1,-1] },
												"east": { "texture": "#fireclay", "uv": [ 0.0, 0.0, 0.5, 1.0 ], "autoUv": false, "windMode": [-1,-1,-1,-1] },
												"south": { "texture": "#fireclay", "uv": [ 5.0, 8.0, 7.2, 9.5 ], "autoUv": false, "windMode": [-1,-1,-1,-1] },
												"west": { "texture": "#fireclay", "uv": [ 0.0, 0.0, 0.5, 1.0 ], "autoUv": false, "windMode": [-1,-1,-1,-1] },
												"up": { "texture": "#fireclay", "uv": [ 9.5, 7.5, 11.7, 8.0 ], "autoUv": false, "windMode": [-1,-1,-1,-1] },
												"down": { "texture": "#fireclay", "uv": [ 6.5, 8.0, 8.7, 8.5 ], "autoUv": false, "windMode": [-1,-1,-1,-1] }
											},
											"children": [
												{
													"name": "Bow_right_limb_24",
													"from": [ 1.5, 0.0, 0.0 ],
													"to": [ 5.5, 0.94, 0.4 ],
													"rotationOrigin": [ 1.5, -0.01, 0.0 ],
													"rotationY": -15.0,
													"faces": {
														"north": { "texture": "#fireclay", "uv": [ 9.0, 8.5, 15.0, 10.0 ], "autoUv": false },
														"east": { "texture": "#fireclay", "uv": [ 0.0, 0.0, 0.5, 1.0 ], "autoUv": false },
														"south": { "texture": "#fireclay", "uv": [ 1.0, 3.0, 7.0, 4.5 ], "autoUv": false },
														"west": { "texture": "#fireclay", "uv": [ 0.0, 0.0, 0.5, 1.0 ], "autoUv": false },
														"up": { "texture": "#fireclay", "uv": [ 6.5, 10.0, 12.5, 10.5 ], "autoUv": false },
														"down": { "texture": "#fireclay", "uv": [ 6.0, 9.5, 12.0, 10.0 ], "autoUv": false }
													},
													"children": [
														{
															"name": "Bow_right_limb_26",
															"from": [ 4.0, 0.01, 0.0 ],
															"to": [ 6.5, 0.93, 0.4 ],
															"rotationOrigin": [ 4.0, 0.0, 0.4 ],
															"rotationY": 11.0,
															"faces": {
																"north": { "texture": "#fireclay", "uv": [ 9.5, 9.0, 13.5, 10.5 ], "autoUv": false },
																"east": { "texture": "#fireclay", "uv": [ 0.0, 0.0, 0.4, 1.5 ], "autoUv": false },
																"south": { "texture": "#fireclay", "uv": [ 1.0, 4.5, 5.0, 6.0 ], "autoUv": false },
																"west": { "texture": "#fireclay", "uv": [ 0.0, 0.0, 0.5, 1.0 ], "autoUv": false },
																"up": { "texture": "#fireclay", "uv": [ 7.0, 6.0, 11.0, 6.5 ], "autoUv": false },
																"down": { "texture": "#fireclay", "uv": [ 4.5, 10.0, 8.5, 10.5 ], "autoUv": false }
															},
															"children": [
																{
																	"name": "Bow_right_limb_27",
																	"from": [ 2.5, 0.3, -0.4 ],
																	"to": [ 5.5, 0.6, 0.4 ],
																	"rotationOrigin": [ 2.5, 0.7, 0.4 ],
																	"rotationY": 18.0,
																	"faces": {
																		"north": { "texture": "#kapok", "uv": [ 7.0, 3.5, 14.0, 4.0 ], "autoUv": false },
																		"east": { "texture": "#kapok", "uv": [ 7.5, 2.5, 9.0, 3.0 ], "autoUv": false },
																		"south": { "texture": "#kapok", "uv": [ 8.0, 2.5, 15.0, 3.0 ], "autoUv": false },
																		"west": { "texture": "#kapok", "uv": [ 0.0, 0.0, 1.0, 1.0 ], "autoUv": false },
																		"up": { "texture": "#kapok", "uv": [ 9.0, 1.5, 14.5, 3.0 ], "autoUv": false },
																		"down": { "texture": "#kapok", "uv": [ 8.0, 1.5, 13.5, 3.0 ], "autoUv": false }
																	},
																	"children": [
																		{
																			"name": "Bow_right_limb_28",
																			"from": [ -1.2, 0.0, 0.0 ],
																			"to": [ 0.0, 0.3, 0.4 ],
																			"rotationOrigin": [ -1.2, 0.35, 0.0 ],
																			"faces": {
																				"north": { "texture": "#kapok", "uv": [ 10.0, 4.0, 11.9, 4.5 ], "autoUv": false },
																				"east": { "texture": "#kapok", "uv": [ 0.0, 0.0, 1.0, 1.0 ], "autoUv": false },
																				"south": { "texture": "#kapok", "uv": [ 0.0, 0.0, 1.5, 1.0 ], "autoUv": false },
																				"west": { "texture": "#kapok", "uv": [ 0.0, 0.0, 1.0, 1.0 ], "autoUv": false },
																				"up": { "texture": "#kapok", "uv": [ 0.0, 0.0, 2.2, 0.75 ], "autoUv": false },
																				"down": { "texture": "#kapok", "uv": [ 0.0, 0.0, 1.5, 1.0 ], "autoUv": false }
																			}
																		}
																	]
																}
															]
														}
													]
												}
											]
										}
									]
								}
							]
						},
						{
							"name": "Bow_left_limb",
							"from": [ -0.5, 0.0, 0.0 ],
							"to": [ 1.0, 1.0, 0.6 ],
							"rotationOrigin": [ -0.5, 0.5, 0.5 ],
							"rotationY": -7.0,
							"rotationZ": 180.0,
							"faces": {
								"north": { "texture": "#fireclay", "uv": [ 9.5, 9.5, 11.7, 11.0 ], "autoUv": false },
								"east": { "texture": "#fireclay", "uv": [ 1.0, 0.0, 1.5, 1.0 ] },
								"south": { "texture": "#fireclay", "uv": [ 6.0, 13.5, 8.2, 15.0 ], "autoUv": false },
								"west": { "texture": "#fireclay", "uv": [ 1.5, 0.0, 2.0, 1.0 ] },
								"up": { "texture": "#fireclay", "uv": [ 5.5, 7.5, 7.7, 8.2 ], "autoUv": false },
								"down": { "texture": "#fireclay", "uv": [ 8.0, 9.5, 10.2, 10.2 ], "autoUv": false }
							},
							"children": [
								{
									"name": "Bow_right_limb_16",
									"from": [ 1.5, 0.01, 0.0 ],
									"to": [ 3.0, 0.99, 0.5 ],
									"rotationOrigin": [ 1.5, 0.0, 0.0 ],
									"rotationY": -10.0,
									"faces": {
										"north": { "texture": "#fireclay", "uv": [ 9.5, 9.0, 11.7, 10.5 ], "autoUv": false },
										"east": { "texture": "#fireclay", "uv": [ 3.5, 0.0, 4.0, 0.5 ] },
										"south": { "texture": "#fireclay", "uv": [ 7.0, 12.0, 9.2, 13.5 ], "autoUv": false },
										"west": { "texture": "#fireclay", "uv": [ 3.0, 0.0, 3.5, 0.5 ] },
										"up": { "texture": "#fireclay", "uv": [ 6.0, 7.5, 8.2, 8.1 ], "autoUv": false },
										"down": { "texture": "#fireclay", "uv": [ 4.0, 7.0, 6.2, 7.6 ], "autoUv": false }
									},
									"children": [
										{
											"name": "Bow_right_limb_17",
											"from": [ 1.5, 0.01, 0.0 ],
											"to": [ 3.0, 0.97, 0.4 ],
											"rotationOrigin": [ 1.5, 0.0, 0.0 ],
											"rotationY": -18.0,
											"faces": {
												"north": { "texture": "#fireclay", "uv": [ 13.0, 12.0, 15.2, 13.5 ], "autoUv": false },
												"east": { "texture": "#fireclay", "uv": [ 0.0, 0.0, 0.5, 1.0 ], "autoUv": false },
												"south": { "texture": "#fireclay", "uv": [ 5.0, 8.0, 7.2, 9.5 ], "autoUv": false },
												"west": { "texture": "#fireclay", "uv": [ 0.0, 0.0, 0.5, 1.0 ], "autoUv": false },
												"up": { "texture": "#fireclay", "uv": [ 9.5, 7.5, 11.7, 8.0 ], "autoUv": false },
												"down": { "texture": "#fireclay", "uv": [ 6.5, 8.0, 8.7, 8.5 ], "autoUv": false }
											},
											"children": [
												{
													"name": "Bow_right_limb_25",
													"from": [ 1.5, 0.0, 0.0 ],
													"to": [ 5.5, 0.94, 0.4 ],
													"rotationOrigin": [ 1.5, -0.01, 0.0 ],
													"rotationY": -15.0,
													"faces": {
														"north": { "texture": "#fireclay", "uv": [ 9.0, 8.5, 15.0, 10.0 ], "autoUv": false },
														"east": { "texture": "#fireclay", "uv": [ 0.0, 0.0, 0.5, 1.0 ], "autoUv": false },
														"south": { "texture": "#fireclay", "uv": [ 1.0, 3.0, 7.0, 4.5 ], "autoUv": false },
														"west": { "texture": "#fireclay", "uv": [ 0.0, 0.0, 0.5, 1.0 ], "autoUv": false },
														"up": { "texture": "#fireclay", "uv": [ 6.5, 10.0, 12.5, 10.5 ], "autoUv": false },
														"down": { "texture": "#fireclay", "uv": [ 6.0, 9.5, 12.0, 10.0 ], "autoUv": false }
													},
													"children": [
														{
															"name": "Bow_right_limb_29",
															"from": [ 4.0, 0.01, 0.0 ],
															"to": [ 6.5, 0.93, 0.4 ],
															"rotationOrigin": [ 4.0, 0.0, 0.4 ],
															"rotationY": 11.0,
															"faces": {
																"north": { "texture": "#fireclay", "uv": [ 9.5, 9.0, 13.5, 10.5 ], "autoUv": false },
																"east": { "texture": "#fireclay", "uv": [ 0.0, 0.0, 0.4, 1.5 ], "autoUv": false },
																"south": { "texture": "#fireclay", "uv": [ 1.0, 4.5, 5.0, 6.0 ], "autoUv": false },
																"west": { "texture": "#fireclay", "uv": [ 0.0, 0.0, 0.5, 1.0 ], "autoUv": false },
																"up": { "texture": "#fireclay", "uv": [ 7.0, 6.0, 11.0, 6.5 ], "autoUv": false },
																"down": { "texture": "#fireclay", "uv": [ 4.5, 10.0, 8.5, 10.5 ], "autoUv": false }
															},
															"children": [
																{
																	"name": "Bow_right_limb_30",
																	"from": [ 2.5, 0.3, -0.4 ],
																	"to": [ 5.5, 0.6, 0.4 ],
																	"rotationOrigin": [ 2.5, 0.7, 0.4 ],
																	"rotationY": 18.0,
																	"faces": {
																		"north": { "texture": "#kapok", "uv": [ 7.0, 3.5, 14.0, 4.0 ], "autoUv": false },
																		"east": { "texture": "#kapok", "uv": [ 7.5, 2.5, 9.0, 3.0 ], "autoUv": false },
																		"south": { "texture": "#kapok", "uv": [ 8.0, 2.5, 15.0, 3.0 ], "autoUv": false },
																		"west": { "texture": "#kapok", "uv": [ 0.0, 0.0, 1.0, 1.0 ], "autoUv": false },
																		"up": { "texture": "#kapok", "uv": [ 9.0, 1.5, 14.5, 3.0 ], "autoUv": false },
																		"down": { "texture": "#kapok", "uv": [ 8.0, 1.5, 13.5, 3.0 ], "autoUv": false }
																	},
																	"children": [
																		{
																			"name": "Bow_right_limb_31",
																			"from": [ -1.2, 0.0, 0.0 ],
																			"to": [ 0.0, 0.3, 0.4 ],
																			"rotationOrigin": [ -1.2, 0.35, 0.0 ],
																			"faces": {
																				"north": { "texture": "#kapok", "uv": [ 10.0, 4.0, 11.9, 4.5 ], "autoUv": false },
																				"east": { "texture": "#kapok", "uv": [ 0.0, 0.0, 1.0, 1.0 ], "autoUv": false },
																				"south": { "texture": "#kapok", "uv": [ 0.0, 0.0, 1.5, 1.0 ], "autoUv": false },
																				"west": { "texture": "#kapok", "uv": [ 0.0, 0.0, 1.0, 1.0 ], "autoUv": false },
																				"up": { "texture": "#kapok", "uv": [ 0.0, 0.0, 2.2, 0.75 ], "autoUv": false },
																				"down": { "texture": "#kapok", "uv": [ 0.0, 0.0, 1.5, 1.0 ], "autoUv": false }
																			}
																		}
																	]
																}
															]
														}
													]
												}
											]
										}
									]
								}
							]
						}
					]
				},
				{
					"name": "Bow_String",
					"from": [ 7.0, 0.35, 4.4 ],
					"to": [ 10.0, 1.05, 5.1 ],
					"rotationOrigin": [ 8.5, 0.7, 4.8 ],
					"faces": {
					},
					"children": [
						{
							"name": "Bpw_String_right",
							"from": [ 0.0, -0.3, 0.0 ],
							"to": [ 1.5, 0.21, 0.5 ],
							"rotationOrigin": [ 1.5, 0.2, 0.5 ],
							"rotationZ": -180.0,
							"faces": {
								"north": { "texture": "#plain", "uv": [ 12.0, 4.5, 14.5, 5.0 ], "autoUv": false },
								"east": { "texture": "#plain", "uv": [ 10.0, 2.5, 10.5, 3.0 ] },
								"south": { "texture": "#plain", "uv": [ 12.0, 3.5, 14.0, 4.0 ], "autoUv": false },
								"west": { "texture": "#plain", "uv": [ 12.5, 4.0, 13.0, 4.5 ] },
								"up": { "texture": "#plain", "uv": [ 12.0, 4.5, 14.5, 5.0 ], "autoUv": false },
								"down": { "texture": "#plain", "uv": [ 12.5, 4.5, 14.5, 5.0 ], "autoUv": false }
							},
							"children": [
								{
									"name": "String_8",
									"from": [ 0.0, -0.2, 0.1 ],
									"to": [ 11.7, 0.1, 0.4 ],
									"rotationOrigin": [ 0.0, 0.1, 0.4 ],
									"rotationZ": -180.0,
									"faces": {
										"north": { "texture": "#wrapping", "uv": [ 0.0, 1.0, 16.0, 1.5 ], "autoUv": false },
										"east": { "texture": "#wrapping", "uv": [ 0.0, 0.0, 0.5, 0.5 ] },
										"south": { "texture": "#wrapping", "uv": [ 0.0, 1.5, 16.0, 2.0 ], "autoUv": false },
										"west": { "texture": "#wrapping", "uv": [ 0.0, 0.0, 0.5, 0.5 ] },
										"up": { "texture": "#wrapping", "uv": [ 0.0, 1.5, 16.0, 2.0 ], "autoUv": false },
										"down": { "texture": "#wrapping", "uv": [ 0.0, 2.5, 16.0, 3.0 ], "autoUv": false }
									},
									"children": [
										{
											"name": "String_7",
											"from": [ 11.7, -0.1, -0.2 ],
											"to": [ 13.1, 0.4, 0.3 ],
											"rotationOrigin": [ 11.7, 0.1, 0.3 ],
											"rotationY": 55.0,
											"faces": {
												"north": { "texture": "#wrapping", "uv": [ 12.5, 2.5, 13.5, 4.0 ], "autoUv": false },
												"east": { "texture": "#wrapping", "uv": [ 12.5, 3.0, 13.4, 4.5 ], "autoUv": false },
												"south": { "texture": "#wrapping", "uv": [ 11.5, 3.5, 13.5, 4.5 ], "autoUv": false },
												"west": { "texture": "#wrapping", "uv": [ 11.5, 3.5, 12.5, 5.0 ], "autoUv": false },
												"up": { "texture": "#wrapping", "uv": [ 12.0, 4.5, 14.0, 5.5 ], "autoUv": false },
												"down": { "texture": "#wrapping", "uv": [ 13.0, 4.5, 15.0, 5.5 ], "autoUv": false }
											}
										}
									]
								}
							]
						},
						{
							"name": "Bpw_String_left",
							"from": [ 0.0, 0.2, 0.0 ],
							"to": [ 1.5, 0.71, 0.5 ],
							"rotationOrigin": [ 1.5, 0.7, 0.5 ],
							"faces": {
								"north": { "texture": "#plain", "uv": [ 12.0, 4.5, 14.5, 5.0 ], "autoUv": false },
								"east": { "texture": "#plain", "uv": [ 10.0, 2.5, 10.5, 3.0 ] },
								"south": { "texture": "#plain", "uv": [ 12.0, 3.5, 14.0, 4.0 ], "autoUv": false },
								"west": { "texture": "#plain", "uv": [ 12.5, 4.0, 13.0, 4.5 ] },
								"up": { "texture": "#plain", "uv": [ 12.0, 4.5, 14.5, 5.0 ], "autoUv": false },
								"down": { "texture": "#plain", "uv": [ 12.5, 4.5, 14.5, 5.0 ], "autoUv": false }
							},
							"children": [
								{
									"name": "String_9",
									"from": [ 0.0, -0.2, 0.1 ],
									"to": [ 11.7, 0.1, 0.4 ],
									"rotationOrigin": [ 0.0, 0.1, 0.4 ],
									"rotationZ": -180.0,
									"faces": {
										"north": { "texture": "#wrapping", "uv": [ 0.0, 1.0, 16.0, 1.5 ], "autoUv": false },
										"east": { "texture": "#wrapping", "uv": [ 0.0, 0.0, 0.5, 0.5 ] },
										"south": { "texture": "#wrapping", "uv": [ 0.0, 1.5, 16.0, 2.0 ], "autoUv": false },
										"west": { "texture": "#wrapping", "uv": [ 0.0, 0.0, 0.5, 0.5 ] },
										"up": { "texture": "#wrapping", "uv": [ 0.0, 1.5, 16.0, 2.0 ], "autoUv": false },
										"down": { "texture": "#wrapping", "uv": [ 0.0, 2.5, 16.0, 3.0 ], "autoUv": false }
									},
									"children": [
										{
											"name": "String_10",
											"from": [ 11.7, -0.1, -0.2 ],
											"to": [ 13.1, 0.4, 0.3 ],
											"rotationOrigin": [ 11.7, 0.1, 0.3 ],
											"rotationY": 55.0,
											"faces": {
												"north": { "texture": "#wrapping", "uv": [ 12.5, 2.5, 13.5, 4.0 ], "autoUv": false },
												"east": { "texture": "#wrapping", "uv": [ 12.5, 3.0, 13.4, 4.5 ], "autoUv": false },
												"south": { "texture": "#wrapping", "uv": [ 11.5, 3.5, 13.5, 4.5 ], "autoUv": false },
												"west": { "texture": "#wrapping", "uv": [ 11.5, 3.5, 12.5, 5.0 ], "autoUv": false },
												"up": { "texture": "#wrapping", "uv": [ 12.0, 4.5, 14.0, 5.5 ], "autoUv": false },
												"down": { "texture": "#wrapping", "uv": [ 13.0, 4.5, 15.0, 5.5 ], "autoUv": false }
											}
										}
									]
								}
							]
						}
					]
				},
				{
					"name": "Bow_handle3",
					"from": [ 6.5, 0.2, -0.1 ],
					"to": [ 10.5, 1.4, 0.7 ],
					"rotationOrigin": [ 6.5, 0.8, 0.8 ],
					"faces": {
						"north": { "texture": "#plain", "uv": [ 9.0, 1.0, 16.0, 3.0 ], "autoUv": false },
						"east": { "texture": "#plain", "uv": [ 0.0, 0.0, 1.5, 1.4 ], "autoUv": false },
						"south": { "texture": "#plain", "uv": [ 9.0, 9.5, 16.0, 11.5 ], "autoUv": false },
						"west": { "texture": "#plain", "uv": [ 0.0, 0.0, 1.5, 1.5 ], "autoUv": false },
						"up": { "texture": "#plain", "uv": [ 9.0, 7.0, 16.0, 8.5 ], "autoUv": false },
						"down": { "texture": "#plain", "uv": [ 9.0, 7.0, 16.0, 8.5 ], "autoUv": false }
					}
				}
			]
		}
	]}