{
    "code": "wildfruit",
    "variants": [
      {
        "code": "pokeberry"
      },
      {
        "code": "bunchberry"
      },
      {
        "code": "pricklyheath"
      },
      {
        "code": "crowberry"
      },
      {
        "code": "huckleberry"
      },
      {
        "code": "lingonberry"
      },
      {
        "code": "snowberry"
      },
      {
        "code": "honeysuckle"
      },
      {
        "code": "elderberry"
      },
      {
        "code": "blacknightshade"
      },
      {
        "code": "bitternightshade"
      },
      {
        "code": "husktomato"
      },
      {
        "code": "naranjilla"
      },
      {
        "code": "beautyberry"
      },
      {
        "code": "numnum"
      },
      {
        "code": "gooseberry"
      },
      {
        "code": "fractureberry"
      },
      {
        "code": "redgrape"
      },
      {
        "code": "whitegrape"
      },
      {
        "code": "foxgrape"
      },
      {
        "code": "virgingrape"
      },
      {
        "code": "rowanberry"
      },
      {
        "code": "dogrose"
      },
      {
        "code": "strawberry"
      },
      {
        "code": "falsestrawberry"
      },
      {
        "code": "blueraspberry"
      },
      {
        "code": "brambleberry"
      },
      {
        "code": "raspberry"
      },
      {
        "code": "cloudberry"
      },
      {
        "code": "knyazberry"
      },
      {
        "code": "sallowthorn"
      },
      {
        "code": "spindle"
      },
      {
        "code": "feijoa"
      },
      {
        "code": "wolfberry"
      },
      {
        "code": "turkscap"
      },
      {
        "code": "kumquat"
      },
      {
        "code": "sumac"
      },
      {
        "code": "pistachioberry"
      },
      {
        "code": "crowseye"
      },
      {
        "code": "juniper"
      }
    ]
  }
  