﻿[
  {
    "op": "remove",
    "path": "/notcreativeinventory",
    "file": "game:itemtypes/food/butter.json"
  },
  {
    "op": "add",
    "path": "/creativeinventory",
    "value": {
      "general": [ "*" ],
      "items": [ "*" ],
      "pretzels": [ "*" ]
    },
    "file": "game:itemtypes/food/butter.json"
  },
  {
    "op": "replace",
    "path": "/handbook",
    "value": {
      "include": true
    },
    "file": "game:itemtypes/food/butter.json"
  },
  {
    "op": "add",
    "path": "/nutritionPropsByType",
    "value": {
      "*-unsalted": { "saturation": 85, "health": 0, "foodcategory": "Dairy"},
      "*-salted": {"saturation": 85, "health": 1, "foodcategory": "Dairy"}
    },
    "file": "game:itemtypes/food/butter.json"
  }
]

