{
	code: "bread",
	maxstacksizeByType: {
		"*-charred": 48,
		"*": 32,
	},
	variantgroups: [
		{ code: "type", states: ["acorn" ] },
		{ code: "state", states: ["partbaked", "perfect", "charred" ] }
	],
	shape: { base: "wildcraftfruit:item/bread/acorn-bread" },
	texturesbytype: {
		"*-partbaked": { "bread": {base: "wildcraftfruit:items/grain/{type}bread2" }},
		"*-perfect": { "bread": {base: "wildcraftfruit:items/grain/{type}bread" }},
		"*-charred": { "bread": {base: "wildcraftfruit:items/grain/{type}bread1" }}
	},
	creativeinventory: { "general": ["*"], "items": ["*"], "wildcraftfruit": ["*"] },
	attributesByType: {
		"*-partbaked": {
			displaycaseable: true,
			shelvable: true,
			bakingProperties: {
				temp: 160,
				levelFrom: 0.25,
				levelTo: 0.5,
				startScaleY: 0.95,
				endScaleY: 1.10,
				resultCode: "wildcraftfruit:bread-acorn-perfect",
				initialCode: "wildcraftfruit:dough-acorn"
			}
		},
		"*-perfect": {
			displaycaseable: true,
			shelvable: true,
			bakingProperties: {
				temp: 160,
				levelFrom: 0.5,
				levelTo: 0.75,
				startScaleY: 1.10,
				endScaleY: 1.13,
				resultCode: "wildcraftfruit:bread-acorn-charred",
				initialCode: "wildcraftfruit:bread-acorn-partbaked"
			}
		},
		"*-charred": {
			displaycaseable: true,
			shelvable: true,
			bakingProperties: {
				temp: 160,
				levelFrom: 0.75,
				levelTo: 1,
				startScaleY: 1.13,
				endScaleY: 1.10,
				initialCode: "wildcraftfruit:bread-acorn-perfect"
			}
		}
	},
	combustiblePropsByType: {
		"*-partbaked": {
			meltingPoint: 200,
			meltingDuration: 15,
			smeltedRatio: 1,
			smeltingType: "bake",
			smeltedStack: { type: "item", code: "wildcraftfruit:bread-acorn-charred" },
			requiresContainer: false
		},
		"*-perfect": {
			meltingPoint: 200,
			meltingDuration: 15,
			smeltedRatio: 1,
			smeltingType: "bake",
			smeltedStack: { type: "item", code: "wildcraftfruit:bread-acorn-charred" },
			requiresContainer: false
		}
	},
	nutritionPropsByType: {
		"*-partbaked": { saturation: 170, foodcategory: "Grain" },
		"*-perfect": { saturation: 350, foodcategory: "Grain" },
		"*-charred": { saturation: 230, foodcategory: "Grain" }
	},
	transitionablePropsByType: {
		"*-partbaked":  [{
			type: "Perish",
			freshHours: { avg: 120 },
			transitionHours: { avg: 24 },
			transitionedStack: { type: "item", code: "game:rot" },
			transitionRatio: 1
		}],
		"*-perfect":  [{
			type: "Perish",
			freshHours: { avg: 192 },
			transitionHours: { avg: 36 },
			transitionedStack: { type: "item", code: "game:rot" },
			transitionRatio: 1
		}],
		"*-charred":  [{
			type: "Perish",
			freshHours: { avg: 420 },
			transitionHours: { avg: 60 },
			transitionedStack: { type: "item", code: "game:rot" },
			transitionRatio: 1
		}]
	},
	materialDensity: 200,
	guiTransform: {
		translation: { x: 0, y: 0, z: 0 },
		rotation: { x: -30, y: 26, z: 180 },
		origin: { x: 0.52, y: 0.07, z: 0.5 },
		scale: 4.9
	},
	groundTransform: {
		translation: { x: 0, y: 0, z: 0 },
		rotation: { x: 0, y: 0, z: 1 },
		origin: { x: 0.5, y: 0, z: 0.5 },
		scale: 4.5
	},
	tpHandTransform: {
		translation: { x: -0.54, y: -0.16, z: -0.4 },
		rotation: { x: 88, y: -85, z: 2 },
		origin: { x: 0.5, y: 0.13, z: 0.5 },
		scale: 1
	},
	fpHandTransform: {
		translation: { x: 0, y: 0.24, z: 0.3 },
		rotation: { x: 104, y: 0, z: 71 },
		origin: { x: 0.5, y: 0.1, z: 0.5 },
		scale: 2.5
	}
}