{
  "code": "fruit",
  "maxstacksize": 64,
  "variantgroups": [
    { "loadFromProperties": "wildcraftfruit:block/fruit" }
  ],
  "materialDensityByType": {
    "*": 600
  },
  "attributes": {
    "inContainerTexture": {
      "base": "wildcraftfruit:block/food/pie/fill-{fruit}"
    },
    "nutritionPropsWhenInMealByType": {
    "*-pomelo": { 
      "satiety": 180, 
      "foodcategory": "Fruit" 
    },
    "*-cloudberry": {
      "satiety": 140,
      "health": 2,
      "foodcategory": "Fruit"
    },
    "@*-(gardenstrawberry|knyazberry|pittedcherry)": {
      "satiety": 140,
      "foodcategory": "Fruit"
    },
    "@*-(brambleberry|gooseberry|honeysuckle|raspberry|blueraspberry|quince|apricot|fig|ugni|guajava|redgrape|whitegrape|foxgrape|numnum|naranjilla|pittedapticot|pittedbreadfruit|strawberry|roseapple|munthari|pittedbeachalmond|lillypillypink|lillypillywhite|lillypillyblue|achacha|cocoa|lemon|mirzamelon|muskmelon|maritasoft)": {
      "satiety": 120,
      "foodcategory": "Fruit"
    },
    "*-wolfberry": {
      "satiety": 90,
      "health": -24,
      "foodcategory": "Fruit"
    },
    "*-cashewwhole": {
      "satiety": 140,
      "health": -4,
      "foodcategory": "Fruit"
    },
    "*-bitternightshade": {
      "satiety": 90,
      "health": -16,
      "foodcategory": "Fruit"
    },
    "*-spindle": {
      "satiety": 60,
      "health": -14,
      "foodcategory": "Fruit"
    },
    "*-crowseye": {
      "satiety": 60,
      "health": -40,
      "foodcategory": "Fruit"
    },
    "*-seamango": {
      "satiety": 60,
      "health": -30,
      "foodcategory": "Fruit"
    },
    "@*-(snowberry|pokeberry)": {
      "satiety": 60,
      "health": -2,
      "foodcategory": "Fruit"
    },
    "*-juniper": {
      "satiety": 60,
      "health": 1,
      "foodcategory": "Fruit"
    },
    "*-coralbead": {
      "satiety": 60,
      "health": -1,
      "foodcategory": "Fruit"
    },
    "*-husktomato": {
      "satiety": 90,
      "health": 1,
      "foodcategory": "Fruit"
    },
    "*-blacknightshadeunripe": {
      "satiety": 90,
      "health": -8,
      "foodcategory": "Fruit"
    },
    "*-chinaberry": {
      "satiety": 90,
      "health": -18,
      "foodcategory": "Fruit"
    },
    "@*-(huckleberry|hawthorn|purpleplum|cherryplum|citron|feijoa|sallowthorn|kumquat|lingonberry|loquat|turkscap|rowanberry|blacknightshade|pricklyheath|flaxlily|kawakawa|bushlawyer|engkala|cashewapple|fingerlime|lemonaspen|redquandong|midyimberry|pittedchinaberry|jujube|kakaha|watermelon|blackelder)": { 
      "satiety": 90, 
      "foodcategory": "Fruit" 
    },
    "@*-(bunchberry|crowberry|dogrose|elderberry|beautyberry|falsestrawberry|sumac|fractureberry|virgingrape|silvernettle|pandanbits|bluetongue|rubysaltbush|pineheath|beachalmondwhole|illawarra|honeypots|cheeseberry|creepingpine|pilo|mingimingi)": {
      "satiety": 60,
      "foodcategory": "Fruit"
    },
      "*-falseorange": {
      "satiety": 100,
      "foodcategory": "Fruit"
    },
      "*": {
      "satiety": 120,
      "foodcategory": "Fruit"
    }
    },
    "inPiePropertiesByType": {
      "*-pittedcherry": { texture: "game:block/food/pie/fill-cherry", partType: 'Filling' },
      "*-pittedbreadfruit": { texture: "game:block/food/pie/fill-breadfruit", partType: 'Filling' },
      "*-pittedapricot": { texture: "wildcraftfruit:block/food/pie/fill-apricot", partType: 'Filling' },
      "*-lillypillywhite": { texture: "wildcraftfruit:block/food/pie/fill-lillypillypink", partType: 'Filling' },
      "*-lillypillyblue": { texture: "wildcraftfruit:block/food/pie/fill-lillypillypink", partType: 'Filling' },
      "*-lemon": { texture: "wildcraftfruit:block/food/pie/fill-citron", partType: 'Filling' },
      "*-cashewwhole": null,
      "*-beachalmondwhole": null,
      "*": {
      "texture": "wildcraftfruit:block/food/pie/fill-{fruit}",
      "partType": "Filling"
    }
    },
		juiceablePropertiesByType: {
			"*-lillypillywhite": {
				litresPerItem: 0.3125,
				liquidStack: { type: "item", code: "wildcraftfruit:juiceportion-lillypillypink", stacksize: 1 },
				pressedStack: { type: "item", code: "wildcraftfruit:pressedmash-lillypillypink", stacksize: 1 }
			},
			"*-lillypillyblue": {
				litresPerItem: 0.3125,
				liquidStack: { type: "item", code: "wildcraftfruit:juiceportion-lillypillypink", stacksize: 1 },
				pressedStack: { type: "item", code: "wildcraftfruit:pressedmash-lillypillypink", stacksize: 1 }
			},
			"*-cashewwhole": {
				litresPerItem: 0.3125,
				liquidStack: { type: "item", code: "wildcraftfruit:juiceportion-cashewapple", stacksize: 1 },
				pressedStack: { type: "item", code: "wildcraftfruit:pressedmash-cashewapple", stacksize: 1 }
			},
			"*-pittedcherry": {
				litresPerItem: 0.3125,
				liquidStack: { type: "item", code: "game:juiceportion-cherry", stacksize: 1 },
				pressedStack: { type: "item", code: "game:pressedmash-cherry", stacksize: 1 }
			},
			"*-pittedapricot": {
				litresPerItem: 0.3125,
				liquidStack: { type: "item", code: "wildcraftfruit:juiceportion-apricot", stacksize: 1 },
				pressedStack: { type: "item", code: "wildcraftfruit:pressedmash-apricot", stacksize: 1 }
			},
			"*-pittedbreadfruit": {
				litresPerItem: 0.3125,
				liquidStack: { type: "item", code: "game:juiceportion-breadfruit", stacksize: 1 },
				pressedStack: { type: "item", code: "game:pressedmash-breadfruit", stacksize: 1 }
			},
			"*-beachalmondwhole": {
				litresPerItem: 0.3125,
				liquidStack: { type: "item", code: "wildcraftfruit:juiceportion-pittedbeachalmond", stacksize: 1 },
				pressedStack: { type: "item", code: "wildcraftfruit:pressedmash-pittedbeachalmond", stacksize: 1 }
			},
			"*-chinaberry": {
				litresPerItem: 0.3125,
				liquidStack: { type: "item", code: "wildcraftfruit:juiceportion-pittedchinaberry", stacksize: 1 },
				pressedStack: { type: "item", code: "wildcraftfruit:pressedmash-chinaberry", stacksize: 1 }
			},
			"*-lemon": {
				litresPerItem: 0.3125,
				liquidStack: { type: "item", code: "wildcraftfruit:juiceportion-citron", stacksize: 1 },
				pressedStack: { type: "item", code: "wildcraftfruit:pressedmash-citron", stacksize: 1 }
			},
			"*": {
				litresPerItem: 0.3125,
				liquidStack: { type: "item", code: "wildcraftfruit:juiceportion-{fruit}", stacksize: 1 },
				pressedStack: { type: "item", code: "wildcraftfruit:pressedmash-{fruit}", stacksize: 1 }
			}
		}
  },
  "shapebytype": {
    "*": { "base": "wildcraftfruit:item/fruit/{fruit}" }
  },
  "textureByType": {
    "*": null
  },
  "creativeinventory": {
    "general": [ "*" ],
    "items": [ "*" ],
    "wildcraftfruit": [ "*" ]
  },
  "storageFlags": 33,
  "nutritionPropsByType": {
    "*-pomelo": { 
      "satiety": 120, 
      "foodcategory": "Fruit" 
    },
    "@*-(pittedcherry|gardenstrawberry|knyazberry)": { 
      "satiety": 100, 
      "foodcategory": "Fruit" 
    },
    "*-cloudberry": {
      "satiety": 100,
      "health": 1,
      "foodcategory": "Fruit"
    },
    "@*-(brambleberry|gooseberry|honeysuckle|raspberry|blueraspberry|quince|apricot|fig|guajava|ugni|redgrape|whitegrape|foxgrape|numnum|naranjilla|pittedapticot|strawberry|pittedbreadfruit|roseapple|munthari|pittedbeachalmond|lillypillypink|lillypillywhite|lillypillyblue|achacha|cocoa|lemon|mirzamelon|muskmelon|maritasoft)": {
      "satiety": 80,
      "foodcategory": "Fruit"
    },
    "*-wolfberry": {
      "satiety": 60,
      "health": -24,
      "foodcategory": "Fruit"
    },
    "*-seamango": {
      "satiety": 40,
      "health": -30,
      "foodcategory": "Fruit"
    },
    "*-bitternightshade": {
      "satiety": 60,
      "health": -16,
      "foodcategory": "Fruit"
    },
    "*-blacknightshadeunripe": {
      "satiety": 60,
      "health": -8,
      "foodcategory": "Fruit"
    },
    "*-cashewwhole": {
      "satiety": 100,
      "health": -4,
      "foodcategory": "Fruit"
    },
    "*-falseorange": {
      "satiety": 80,
      "health": -2,
      "foodcategory": "Fruit"
    },
    "*-spindle": {
      "satiety": 30,
      "health": -14,
      "foodcategory": "Fruit"
    },
    "@*-(snowberry|pokeberry)": {
      "satiety": 40,
      "health": -2,
      "foodcategory": "Fruit"
    },
    "*-crowseye": {
      "satiety": 40,
      "health": -40,
      "foodcategory": "Fruit"
    },
    "*-coralbead": {
      "satiety": 40,
      "health": -1,
      "foodcategory": "Fruit"
    },
    "@*-(elderberry|juniper|virgingrape)": {
      "satiety": 40,
      "health": -0.5,
      "foodcategory": "Fruit"
    },
    "*-husktomato": {
      "satiety": 60,
      "health": 0.5,
      "foodcategory": "Fruit"
    },
    "*-rowanberry": {
      "satiety": 60,
      "health": -0.5,
      "foodcategory": "Fruit"
    },
    "*-chinaberry": {
      "satiety": 60,
      "health": -18,
      "foodcategory": "Fruit"
    },
    "*-pittedchinaberry": {
      "satiety": 60,
      "health": -1,
      "foodcategory": "Fruit"
    },
    "@*-(huckleberry|hawthorn|purpleplum|cherryplum|citron|feijoa|sallowthorn|kumquat|turkscap|loquat|lingonberry|blacknightshade|pricklyheath|flaxlily|kawakawa|bushlawyer|engkala|cashewapple|fingerlime|lemonaspen|redquandong|midyimberry|jujube|kakaha|watermelon|blackelder)": { 
      "satiety": 60, 
      "foodcategory": "Fruit" 
    },
    "@*-(bunchberry|crowberry|sumac|fractureberry|falsestrawberry|silvernettle|pandanbits|illawarra|rubysaltbush|pineheath|beachalmondwhole|honeypots|creepingpine|cheeseberry|pilo|mingimingi)": {
      "satiety": 40,
      "foodcategory": "Fruit"
    },
    "@*-(dogrose|beautyberry|bluetongue)": {
      "satiety": 30,
      "foodcategory": "Fruit"
    },
    "*": {
      "satiety": 80,
      "foodcategory": "Fruit"
    }
  },
  "transitionablePropsByType": {
    "@*-(bunchberry|crowberry|spindle|pomelo|beautyberry|kumquat|guajava|turkscap|rowanberry|fingerlime|lemonaspen|illawarra|seamango|lemon)": [
      {
        "type": "Perish",
        "freshHours": { "avg": 360 },
        "transitionHours": { "avg": 48 },
        "transitionedStack": {
          "type": "item",
          "code": "game:rot"
        },
        "transitionRatio": 0.25
      }
    ],
    "@*-(feijoa|husktomato|snowberry|elderberry|lingonberry|virgingrape|blacknightshade|blacknightshadeunripe|bitternightshade|pricklyheath|flaxlily|coralbead|pittedbreadfruit|roseapple|redquandong|pineheath|munthari|midyimberry|lillypillypink|lillypillywhite|lillypillyblue|cheeseberry|honeypots|chinaberry|pittedchinaberry|blackelder)": [
      {
        "type": "Perish",
        "freshHours": { "avg": 192 },
        "transitionHours": { "avg": 24 },
        "transitionedStack": {
          "type": "item",
          "code": "game:rot"
        },
        "transitionRatio": 0.25
      }
    ],
    "*-cloudberry": [
      {
	"type": "Melt",
	"freshHours": { avg: 0 },
	"transitionHours": { avg: 12 },
	"transitionedStack": { type: "item", code: "wildcraftfruit:berrymush-cloudberrymush" },
	"transitionRatio": 1
      }
    ],
    "@*-(strawberry|gardenstrawberry|honeysuckle|cashewwhole|cashewapple|brambleberry|raspberry|blueraspberry|gooseberry|apricot|purpleplum|cherryplum|pokeberry|knyazberry|naranjilla|bushlawyer|kawakawa|pittedcherry|pittedapricot|achacha|rubysaltbush|watermelon|mirzamelon|muskmelon)": [
      {
        "type": "Perish",
        "freshHours": { "avg": 48 },
        "transitionHours": { "avg": 12 },
        "transitionedStack": {
          "type": "item",
          "code": "game:rot"
        },
        "transitionRatio": 0.25
      }
    ],
    "@*-(wolfberry|huckleberry|fig|sallowthorn|loquat|ugni|redgrape|whitegrape|foxgrape|crowseye|numnum|falsestrawberry|silvernettle|engkala|bluetongue|pittedbeachalmond|beachalmondwhole|creepingpine|pilo|mingimingi|kakaha|maritasoft)": [
      {
        "type": "Perish",
        "freshHours": { "avg": 96 },
        "transitionHours": { "avg": 12 },
        "transitionedStack": {
          "type": "item",
          "code": "game:rot"
        },
        "transitionRatio": 0.25
      }
    ],
    "@*-(dogrose|jujube|hawthorn|quince|citron|cocoa|falseorange|sumac|juniper|pandanbits)": [
      {
        "type": "Perish",
        "freshHours": { "avg": 960 },
        "transitionHours": { "avg": 48 },
        "transitionedStack": {
          "type": "item",
          "code": "game:rot"
        },
        "transitionRatio": 0.25
      }
    ]
  },
  "guiTransformByType": {
	"@*-(watermelon|mirzamelon|muskmelon)": {
		rotation: { x: 180, y: 152, z: 44 },
		origin: { x: 0.35, y: 0.23, z: 0.2 },
		scale: 3.09
	},
    "@*-(chinaberry|lillypillypink|lillypillywhite|lillypillyblue)": {
        translation: { x: 0, y: 0, z: 0 },
        rotation: { x: 126, y: -176, z: 2 },
        origin: { x: 0.52, y: 0.13, z: 0.67 },
        scale: 2.92
    },
    "@*-(pilo|mingimingi)": {
        translation: { x: 0, y: 0, z: 0 },
        rotation: { x: 136, y: 128, z: 4 },
        origin: { x: 0.2, y: -0.26, z: 0.25 },
        scale: 3.04
    },
	"*-seamango": {
        translation: { x: 0, y: 0, z: 0 },
        rotation: { x: 151, y: 180, z: -2 },
        origin: { x: 0.44, y: 0, z: 0.25 },
        scale: 3.6
	},
	"*-kakaha": {
        translation: { x: 0, y: 0, z: 0 },
        rotation: { x: -43, y: -70, z: 38 },
        origin: { x: 0.41, y: 0, z: 0.52 },
        scale: 3.66
	},
	"*-bluetongue": {
        translation: { x: 0, y: 0, z: 0 },
        rotation: { x: 139, y: -123, z: 0 },
        origin: { x: 0.56, y: 0.03, z: 0.44 },
        scale: 3.31
	},
	"*-midyimberry": {
        translation: { x: 0, y: 0, z: 0 },
        rotation: { x: -74, y: -45, z: 155 },
        origin: { x: 0.6, y: 0, z: 0.48 },
        scale: 2.86
	},
	"*-fingerlime": {
        translation: { x: 0, y: 0, z: 0 },
        rotation: { x: 141, y: 167, z: -11 },
        origin: { x: 0.48, y: -0.27, z: 0.12 },
        scale: 2.92
	},
	"@*-(pittedbeachalmond|maritasoft)": {
        translation: { x: 0, y: 0, z: 0 },
        rotation: { x: 143, y: 30, z: 6 },
        origin: { x: 0.46, y: 0.04, z: 0.55 },
        scale: 2.4
	},
    "*-beachalmondwhole": {
        translation: { x: 0, y: 0, z: 0 },
        rotation: { x: 113, y: 76, z: 27 },
        origin: { x: 0.56, y: 0.15, z: 0.46 },
        scale: 3.99
    },
    "*-illawarra": {
        translation: { x: 0, y: 0, z: 0 },
        rotation: { x: 139, y: 41, z: -14 },
        origin: { x: 0.49, y: 0.2, z: 0.46 },
        scale: 2.78
    },
    "*-redquandong": {
        translation: { x: 0, y: 0, z: 0 },
        rotation: { x: 158, y: -67, z: 12 },
        origin: { x: 0.55, y: 0.05, z: 0.55 },
        scale: 3.48
    },
    "*-roseapple": {
        translation: { x: 0, y: 0, z: 0 },
        rotation: { x: 169, y: 58, z: 41 },
        origin: { x: 0.45, y: 0.18, z: 0.51 },
        scale: 3.41
    },
    "*-lemonaspen": {
        translation: { x: 0, y: 0, z: 0 },
        rotation: { x: 126, y: -158, z: 2 },
        origin: { x: 0.52, y: 0.15, z: 0.67 },
        scale: 2.69
    },
    "*-pittedbreadfruit": {
        translation: { x: 0, y: 0, z: 0 },
        rotation: { x: 151, y: 166, z: 4 },
        origin: { x: 0.45, y: -0.05, z: 0.2 },
        scale: 3.18
    },
    "*-pittedapricot": {
        translation: { x: 0, y: 0, z: 0 },
        rotation: { x: -28, y: 108, z: 169 },
        origin: { x: 0.4, y: 0.05, z: 0.52 },
        scale: 2.8
    },
    "@*-(pittedcherry|pittedchinaberry)": {
        translation: { x: 0, y: 0, z: 0 },
        rotation: { x: 140, y: 169, z: 4 },
        origin: { x: 0.49, y: -0.18, z: 0.2 },
        scale: 3.06
    },
    "*-naranjilla": {
        translation: { x: 0, y: 0, z: 0 },
        rotation: { x: 174, y: -124, z: 20 },
        origin: { x: 0.6, y: 0.11, z: 0.46 },
        scale: 3.3
    },
    "*-kawakawa": {
      translation: { x: 0, y: 0, z: 0 },
      rotation: { x: -11, y: -5, z: 166 },
      origin: { x: 0.51, y: 0.3, z: 0.6 },
      scale: 2.73
    },
    "*-pandanbits": {
      translation: { x: 0, y: 0, z: 0 },
      rotation: { x: 159, y: -115, z: 24 },
      origin: { x: 0.9, y: -0.28, z: 0.255 },
      scale: 3.32
    },
    "*-flaxlily": {
        rotation: { x: -31, y: -51, z: 57 },
        origin: { x: 0.53, y: 0.3, z: 0.42 },
        scale: 2.86
    },
    "@*-(bitternightshade|blacknightshade|blacknightshadeunripe)":{
        rotation: { x: 130, y: 58, z: 166 },
        origin: { x: 0.42, y: -0.02, z: 0.53 },
        scale: 2.77
    },
    "*-pricklyheath": {
      translation: { x: 0, y: 0, z: 0 },
      rotation: { x: 114, y: -93, z: -62 },
      origin: { x: 0.5299, y: 0.22, z: 0.5299 },
      scale: 2.6
    },
    "@*-(wolfberry|sallowthorn)": {
      rotation: { x: -17, y: 53, z: -49 },
      origin: { x: 0.35, y: -0.2, z: 0.7 },
      scale: 2.23
    },
    "@*-(turkscap|cheeseberry)": {
      translation: { x: 0, y: 0, z: 0 },
      rotation: { x: -40, y: -13, z: -172 },
      origin: { x: 0.59, y: -0.25, z: 0.1 },
      scale: 3.47
    },
    "*-numnum": {
      translation: { x: 0, y: 0, z: 0 },
      rotation: { x: 176, y: -146, z: -41 },
      origin: { x: 0.66, y: 0.3, z: 0.2 },
      scale: 3.39
    },
    "*-crowseye": {
      translation: { x: 0, y: 0, z: 0 },
      rotation: { x: -44, y: 3, z: 171 },
      origin: { x: 0.62, y: -0.3, z: 0.13 },
      scale: 3.74
    },
    "*-juniper": {
      translation: { x: 0, y: 0, z: 0 },
      rotation: { x: -12, y: -101, z: -152 },
      origin: { x: 0.6, y: 0.06, z: 0.48 },
      scale: 3.57
    },
    "@*-(creepingpine|rubysaltbush)": {
      translation: { x: 0, y: 0, z: 0 },
      rotation: { x: -28, y: -22, z: -157 },
      origin: { x: 0.52, y: 0.11, z: 0.47 },
      scale: 3.54
    },
    "*-coralbead": {
      translation: { x: 0, y: 0, z: 0 },
      rotation: { x: -35, y: -9, z: -176 },
      origin: { x: 0.52, y: 0.02, z: 0.48 },
      scale: 3.16
    },
    "*-jujube": {
      translation: { x: 0, y: 0, z: 0 },
      rotation: { x: -18, y: -24, z: 154 },
      origin: { x: 0.5, y: 0.26, z: 0.55 },
      scale: 2.71
    },
    "*-pokeberry":	{
        rotation: { x: -8, y: 25, z: 150 },
        origin: { x: 0.2, y: -0.04, z: -0.4 },
        scale: 2.88
    },
    "*-loquat": {
      translation: { x: 0, y: 0, z: 0 },
      rotation: { x: -11, y: -37, z: -180 },
      origin: { x: 0.5, y: 0.2, z: 0.54 },
      scale: 2.71
    },
    "*-achacha": {
      translation: { x: 0, y: 0, z: 0 },
      rotation: { x: 30, y: -179, z: -162 },
      origin: { x: 0.54, y: 0.24, z: 0.54 },
      scale: 2.88
    },
    "*-kumquat": {
      translation: { x: 0, y: 0, z: 0 },
      rotation: { x: 0, y: 59, z: 154 },
      origin: { x: 0.5, y: 0.14, z: 0.58 },
      scale: 2.9
    },
    "*-beautyberry": {
      translation: { x: 0, y: 0, z: 0 },
      rotation: { x: -68, y: -15, z: -167 },
      origin: { x: 0.5, y: 0.35, z: 0.62 },
      scale: 2.87
    },
    "*-falseorange": {
	translation: { x: 0, y: 1, z: 0 },
	rotation: { x: 162, y: -175, z: -15 },
	origin: { x: 0.5, y: 0.18, z: 0.5 },
	scale: 3.19
    },
    "@*-(crowberry|lingonberry|honeypots)": {
      translation: { x: 0, y: 0, z: 0 },
      rotation: { x: 124, y: 62, z: -14 },
      origin: { x: 0.2, y: -0.5, z: 0.74 },
      scale: 2.93
    },
    "*-pineheath": {
      translation: { x: 0, y: 0, z: 0 },
      rotation: { x: -51, y: -176, z: -21 },
      origin: { x: 0.47, y: 0.28, z: 0.65 },
      scale: 2.52
    },
    "*-cashewwhole": {
      translation: { x: 0, y: 0, z: 0 },
      rotation: { x: 53, y: -138, z: -124 },
      origin: { x: 0.65, y: 0.31, z: 0.6 },
      scale: 2.85
    },
    "*-cashewapple": {
      translation: { x: 0, y: 0, z: 0 },
      rotation: { x: 53, y: -132, z: -145 },
      origin: { x: 0.6, y: 0.4, z: 0.55 },
      scale: 3.23
    },
    "*-bunchberry": {
      rotation: { x: 17, y: -13, z: 157 },
      origin: { x: 0.5, y: 0.45, z: 0 },
      scale: 3.22
    },
    "*-husktomato": {
        translation: { x: 2, y: 0, z: 0 },
        rotation: { x: -34, y: 37, z: 166 },
        origin: { x: 0, y: -0.2, z: 0 },
        scale: 2
    },
    "@*-(strawberry|falsestrawberry|gardenstrawberry)": {
        translation: { x: 0, y: 0, z: 0 },
        rotation: { x: -142, y: 15, z: 24 },
        origin: { x: 0.45, y: 0, z: 0.44 },
        scale: 2.3
    },
    "*-cherryplum": {
        translation: { x: 0, y: 0, z: 0 },
        rotation: { x: 134, y: -173, z: -4 },
        origin: { x: 0.61, y: -0.44, z: 0 },
        scale: 2.83
    },
    "*-silvernettle": {
        translation: { x: 0, y: 0, z: 0 },
        rotation: { x: 148, y: -153, z: 2 },
        origin: { x: 0.71, y: -0.2, z: 0.15 },
        scale: 3.56
    },
    "@*-(huckleberry|snowberry)": {
		translation: { x: 0, y: 0, z: 0 },
		rotation: { x: -113, y: -58, z: 16 },
		origin: { x: 0.46, y: 0.22, z: 0.42 },
		scale: 2.6
	},
    "*-munthari": {
		translation: { x: 0, y: 0, z: 0 },
		rotation: { x: -25, y: -37, z: -156 },
		origin: { x: 0.52, y: 0.19, z: 0.45 },
		scale: 2.81
	},
    "@*-(knyazberry|bushlawyer|cloudberry)":	{
        translation: { x: 0, y: 0, z: 0 },
        rotation: { x: 99, y: -130, z: -180 },
        origin: { x: 0.4299, y: 0.32, z: 0.6 },
        scale: 3.21
    },
    "@*-(feijoa|guajava)":	{
        translation: { x: 0, y: 0, z: 0 },
        rotation: { x: 6, y: 21, z: -153 },
        origin: { x: 0.45, y: 0.38, z: 0.34 },
        scale: 2.52
    },
    "@*-(elderberry|blackelder)":	{
        rotation: { x: -5, y: 36, z: -42 },
        origin: { x: 0.7, y: 0.35, z: 0.1 },
        scale: 3.6
    },
    "*-gooseberry": {
        rotation: { x: -99, y: -31, z: 163 },
        origin: { x: 0.45, y: -0.25, z: 0.2 },
        scale: 1.85
    },
    "@*-(raspberry|brambleberry|blueraspberry)": {
      translation: { x: 0, y: 0, z: 0 },
      rotation: { x: 40, y: -180, z: 180 },
      origin: { x: 0.45, y: 0.07, z: 0.52 },
      scale: 2.42
    },
    "*-dogrose":{
        rotation: { x: 125, y: -124, z: 29 },
        origin: { x: 0.37, y: 0.1, z: 0.51 },
        scale: 2.2
    },
    "*-ugni":{
        rotation: { x: 113, y: -55, z: -23 },
        origin: { x: 0.49, y: 0.06, z: 0.55 },
        scale: 2.99
    },
    "*-honeysuckle": {
        translation: { x: 0, y: 0, z: 0 },
        rotation: { x: 3, y: -53, z: -95 },
        origin: { x: 0.44, y: -0.62, z: 0 },
        scale: 3.02
    },
    "*-spindle": {
        translation: { x: 0, y: 0, z: 0 },
        rotation: { x: -46, y: -62, z: -147 },
        origin: { x: 0.38, y: 0.07, z: 0.5 },
        scale: 3.56
    },
	"@*-(hawthorn|rowanberry)": {
		"translation": { "x": 0, "y": 0, "z": 0 },
		"rotation": { "x": 118, "y": 155, "z": 11 },
		"origin": { "x": 0.42, "y": 0, "z": 0.53 },
		"scale": 2.71
	},
	"*-cocoa": {
		"translation": { "x": 0, "y": 0, "z": 0 },
		"rotation": { "x": 142, "y": 7, "z": -53 },
		"origin": { "x": 0.4, "y": 0.19, "z": 0.37 },
		"scale": 3
	},
	"*-citron": {
		"translation": { "x": 0, "y": 0, "z": 0 },
		"rotation": { "x": 66, "y": 143, "z": -34 },
		"origin": { "x": 0.48, "y": 0.12, "z": 0.47 },
		"scale": 3.28
	},
	"*-lemon": {
		"translation": { "x": 0, "y": 0, "z": 0 },
		"rotation": { "x": 66, "y": 143, "z": -34 },
		"origin": { "x": 0.48, "y": 0.12, "z": 0.485 },
		"scale": 3.28
	},
	"@*-(apricot|purpleplum)": {
		translation: { x: 0, y: 0, z: 0 },
		rotation: { x: 162, y: -175, z: -15 },
		origin: { x: 0.5, y: 0.19, z: 0.5 },
		scale: 2.8
	},
	"*-engkala": {
		translation: { x: 0, y: 0, z: 0 },
		rotation: { x: 162, y: -175, z: -15 },
		origin: { x: 0.5, y: 0.17, z: 0.5 },
		scale: 2.97
	},
	"*-fig": {
		"translation": { "x": 0, "y": 0, "z": 0 },
		"rotation": { "x": 162, "y": -175, "z": -15 },
		"origin": { "x": 0.47, "y": 0.19, "z": 0.54 },
		"scaleXyz": { "x": -2.91, "y": 2.91, "z": 2.91 }
	},
	"*-pomelo": {
		"translation": { "x": 0, "y": 0, "z": 0 },
		"rotation": { "x": 145, "y": -42, "z": -19 },
		"origin": { "x": 0.53, "y": 0.16, "z": 0.56 },
		"scale": 3.19
	},
	"*-fractureberry": {
		"translation": { "x": 0, "y": 0, "z": 0 },
		"rotation": { "x": -28, "y": -27, "z": 180 },
		"origin": { "x": 0.8, "y": -0.25, "z": 0 },
		"scale": 3.54
	},
	"*-quince": {
		"translation": { "x": 0, "y": 0, "z": 0 },
		"rotation": { "x": 162, "y": -175, "z": -15 },
		"origin": { "x": 0.5, "y": 0.21, "z": 0.5 },
		"scale": 3.19
	},
    "*-virgingrape":	{
	translation: { x: 0, y: 0, z: 0 },
        rotation: { x: -8, y: 38, z: -121 },
        origin: { x: 0.13, y: 0.47, z: -0.2 },
        scale: 4.17
    },
    "@*-(foxgrape|redgrape|whitegrape)":	{
	"translation": { "x": 0, "y": 0, "z": 0 },
	"rotation": { "x": 162, "y": -180, "z": 32 },
	"origin": { "x": 0.44, "y": 0.21, "z": 0.1 },
	"scale": 3.29
    },
    "*-sumac":	{
	"translation": { "x": 0, "y": 0, "z": 0 },
	"rotation": { "x": 162, "y": 174, "z": 32 },
	"origin": { "x": 0.445, "y": 0.2, "z": 0.1 },
	"scale": 4.17
    },
    "*":   {
	"rotation": { "x": 162, "y": 174, "z": 32 },
	"origin": { "x": 0.445, "y": 0.2, "z": 0.1 },
	"scale": 4.17
    }
  },
  "fpHandTransformByType": {
    "*-naranjilla":{
        translation: { x: 0, y: 0, z: 0 },
        rotation: { x: -79, y: 121, z: 180 },
        origin: { x: 0.2, y: 0.34, z: 0.99 },
        scale: 0.74
    },
    "*-kawakawa": {
      rotation: { x: 95, y: -147, z: -46 },
      origin: { x: 0.4, y: 0.25, z: 0.5 },
      scale: 1.09
    },
    "*-pandanbits": {
      rotation: { x: -23, y: -105, z: -40 },
      origin: { x: 0.4, y: 0.5, z: 0.55 },
      scale: 1.48
    },
    "*-flaxlily": {
      rotation: { x: 0, y: 144, z: -46 },
      origin: { x: 0.3, y: 0.5, z: 0.55 }
    },
    "*-pricklyheath": {
      translation: { x: 0, y: 0, z: 0 },
      rotation: { x: 39, y: 3, z: -30 },
      origin: { x: 0.3, y: 0.2, z: 0.5 }
    },
    "*-juniper": {
        translation: { x: 0, y: 0, z: 0 },
        rotation: { x: -4, y: 8, z: 7 },
        origin: { x: 0.3, y: 0.4, z: 0.3 },
        scale: 1.58
    },
    "*-coralbead": {
        translation: { x: 0, y: 0, z: 0 },
        rotation: { x: -4, y: 8, z: 7 },
        origin: { x: 0.35, y: 0.5, z: 0.3 },
        scale: 1.08
    },
    "*-numnum": {
        translation: { x: 0, y: 0, z: 0 },
        rotation: { x: 6, y: -87, z: -40 },
        origin: { x: 0.4, y: 0.35, z: 0.55 },
        scale: 1.4
    },
    "*-turkscap": {
        translation: { x: 0, y: 0, z: 0 },
        rotation: { x: 24, y: 15, z: 14 },
        origin: { x: 0.17, y: 0.2, z: 0.9 },
        scale: 1.15
    },
    "*-crowseye": {
        rotation: { x: 2, y: -31, z: -20 },
        origin: { x: 0.4, y: 0.5, z: 0.55 },
        scale: 1.57
    },
    "@*-(strawberry|falsestrawberry|gardenstrawberry)": {
        translation: { x: 0, y: 0, z: 0 },
        rotation: { x: 122, y: 19, z: -152 },
        origin: { x: 0.5, y: 0.5, z: 0.4 },
        scale: 1.16
    },
    "*-jujube": {
        translation: { x: 0, y: 0, z: 0 },
        rotation: { x: -11, y: -67, z: -33 },
        origin: { x: 0.3, y: 0.5, z: 0.6 },
        scale: 1.22
    },
    "*-pokeberry": {
        translation: { x: 0, y: 0, z: 0 },
        rotation: { x: -7, y: 33, z: -30 },
        origin: { x: 0.35, y: 0.35, z: 0.5 },
        scale: 1.29
    },
    "*-loquat": {
        translation: { x: 0, y: 0, z: 0 },
        rotation: { x: -11, y: 2, z: -4 },
        origin: { x: 0.3, y: 0.5, z: 0.6 },
        scale: 1.22
    },
    "*-kumquat": {
        rotation: { x: 35, y: -83, z: 31 },
        scale: 1.47
    },
    "*-beautyberry": {
        translation: { x: 0, y: 0, z: 0 },
        rotation: { x: -37, y: -81, z: -50 },
        origin: { x: 0.44, y: 0.3, z: 0.5 },
        scale: 1.09
    },
    "*-falseorange": {
	translation: { x: 0, y: -0.05, z: 0 },
	rotation: { x: 36, y: 92, z: -32 },
	origin: { x: 0.5, y: 1.2, z: 0.5 },
	scale: 2
    },
	"@*-(huckleberry|snowberry)": {
		translation: { x: 0, y: 0, z: 0 },
		rotation: { x: 39, y: 3, z: -30 },
		origin: { x: 0.3, y: 0.2, z: 0.5 }
	},
	"*-cherryplum": {
		rotation: { x: 20, y: 103, z: -6 },
		origin: { x: 0.46, y: 0.5, z: 0.5 },
  		scale: 1.66
	},
	"*-silvernettle": {
		rotation: { x: 20, y: 103, z: -6 },
		origin: { x: 0.46, y: 0.5, z: 0.5 },
  		scale: 1.66
	},
    "*-cashewwhole": {
        translation: { x: -0.1, y: 0, z: 0 },
        rotation: { x: 8, y: 12, z: -16 },
        origin: { x: 0.5, y: 0.2, z: 0.5 },
        scale: 1.22
    },
    "*-husktomato": {
        rotation: { x: 22, y: 32, z: -26 },
        origin: { x: 0.4, y: 0.4, z: 0.6 },
        scale: 0.99
    },
    "*-bunchberry": {
        rotation: { x: 172, y: 56, z: 137 },
        origin: { x: 0.25, y: 0.5, z: 0.7 },
        scale: 0.89
    },
    "@*-(wolfberry|sallowthorn)": {
        rotation: { x: 99, y: 53, z: -117 },
        origin: { x: 0.4, y: 0.35, z: 0.5 },
    },
    "@*-(crowberry|lingonberry)": {
        rotation: { x: 9, y: -6, z: -16 },
        origin: { x: 0.5, y: 0.25, z: 0.2 },
    },
    "@*-(knyazberry|bushlawyer)":	{
        translation: { x: 0, y: 0, z: 0 },
        rotation: { x: -151, y: -17, z: -167 },
        origin: { x: 0.37, y: 0.63, z: 0.8 },
        scale: 1.08
    },
    "*-elderberry":	{
      translation: { x: 0, y: 0, z: 0 },
      rotation: { x: 116, y: 87, z: 25 },
      origin: { x: 0.3, y: 0.28, z: 0.6 },
      scale: 1.22
    },
    "@*-(feijoa|guajava)":	{
      translation: { x: 0, y: 0, z: 0 },
      rotation: { x: 82, y: 163, z: 18 },
      origin: { x: 0.35, y: -0.1, z: 0 },
      scale: 1.26
    },
    "*-gooseberry":	{
        rotation: { x: -132, y: 23, z: -31 },
        origin: { x: 0.4, y: 0.37, z: 0.5 },
        scale: 0.8
    },
    "@*-(raspberry|cloudberry|brambleberry|blueraspberry)": {
        translation: { x: 0, y: 0, z: 0 },
        rotation: { x: 133, y: 1, z: 24 },
        origin: { x: 0.6, y: 0.07, z: 0.4 },
        scale: 1.28
    },
    "@*-(dogrose|ugni|bitternightshade|blacknightshade|blacknightshadeunripe)":{
        translation: { x: 0, y: 0, z: 0 },
        rotation: { x: 162, y: 103, z: 73 },
        origin: { x: 0.23, y: 0.57, z: 0.99 },
        scale: 0.62
    },
    "*-honeysuckle": {
        rotation: { x: 105, y: 112, z: -26 },
        origin: { x: 0.45, y: 0.4, z: 0.9 },
        scale: 1.24
    },
    "*-spindle": {
        translation: { x: 0, y: 0.1, z: 0 },
        rotation: { x: -16, y: -67, z: -46 },
        origin: { x: 0.4, y: 0.2, z: 0.5 },
        scale: 1.27
    },
	"@*-(hawthorn|rowanberry)": {
		"translation": { "x": 0, "y": 0, "z": 0 },
		"rotation": { "x": -40, "y": -144, "z": -64 },
		"origin": { "x": 0.6, "y": 0.1, "z": 0.4 },
		"scale": 1.2
	},
	"*-cocoa": {
		"translation": { "x": 0, "y": 0.22, "z": 0 },
		"rotation": { "x": 7, "y": -22, "z": -98 },
		"origin": { "x": 0.55, "y": 0.1, "z": 0.4 },
		"scale": 1.69
	},
	"*-citron": {
		translation: { x: 0.2, y: 0, z: 0 },
		rotation: { x: 75, y: 16, z: -16 },
		origin: { x: 0.5, y: 0.34, z: 0.3 },
		scale: 2.08
	},
	"*-fig": {
		"translation": { "x": 0, "y": 0, "z": 0 },
		"rotation": { "x": -6, "y": 74, "z": -2 },
		"origin": { "x": 0.5, "y": 1, "z": 0.9 },
		"scale": 1.32
	},
	"@*-(apricot|purpleplum)": {
		translation: { x: 0, y: -0.05, z: 0 },
		rotation: { x: 36, y: 92, z: -32 },
		origin: { x: 0.47, y: 0.8, z: 0.5 },
		scale: 1.72
	},
	"*-engkala": {
		translation: { x: 0, y: -0.05, z: 0 },
		rotation: { x: 41, y: 100, z: -32 },
		origin: { x: 0.47, y: 0.6, z: 0.5 },
		scale: 1.72
	},
	"*-pomelo": {
		"translation": { "x": 0, "y": 0, "z": 0 },
		"rotation": { "x": 43, "y": 90, "z": -37 },
		"origin": { "x": 0.5, "y": 0.4, "z": 0.2 },
		"scale": 2.3
	},
	"*-fractureberry": {
		"rotation": { "x": 2, "y": -14, "z": 7 },
		"origin": { "x": 0.5, "y": 0.5, "z": 0.3 },
		"scale": 1.4
	},
	"*-quince": {
		"translation": { "x": 0, "y": -0.05, "z": 0 },
		"rotation": { "x": 36, "y": 92, "z": -32 },
		"origin": { "x": 0.5, "y": 1.2, "z": 0.5 },
		"scale": 2
	},
    "*-virgingrape":	{
      translation: { x: 0, y: 0, z: 0 },
      rotation: { x: -29, y: 125, z: 61 },
      origin: { x: 0.56, y: 0.2, z: 0.3 },
      scale: 2.08
    },
    "@*-(foxgrape|redgrape|whitegrape)":	{
	"translation": { "x": 0, "y": 0, "z": 0 },
	"rotation": { "x": 30, "y": 102, "z": -25 },
	"origin": { "x": 0.47, "y": 0.3, "z": 0.53 },
	"scale": 1.5
    },
    "*-sumac":	{
	"translation": { "x": 0, "y": 0, "z": 0 },
	"rotation": { "x": -41, "y": -24, "z": -40 },
	"origin": { "x": 0.4, "y": 0.5, "z": 0.55 },
	"scale": 1.48
    },
    "*":  {
	"rotation": { "x": -41, "y": -24, "z": -40 },
	"origin": { "x": 0.4, "y": 0.5, "z": 0.55 },
	"scale": 1.48
    }
	},
	tpHandTransformByType: {
		"@*-(watermelon|mirzamelon|muskmelon)": {
			translation: { x: 0, y: 0, z: 0 },
			rotation: { x: -10, y: -173, z: 146 },
			origin: { x: 0.1, y: -0.13, z: -0.43 },
			scale: 0.48
		},
		"*-illawarra": {
			"translation": { "x": -0.48, "y": -0.06, "z": 0.13 },
			"rotation": { "x": 142, "y": 150, "z": 73 },
			"origin": { "x": 0.07, "y": 0.24, "z": 0.1 },
			"scale": 0.36
		},
		"*-seamango": {
			"translation": { "x": 0.17, "y": -0.2, "z": 0.32 },
			"rotation": { "x": -27, "y": 159, "z": 102 },
			"origin": { "x": 0.13, "y": -0.17, "z": -0.4 },
			"scale": 0.5
		},
		"*-kakaha": {
			"translation": { "x": 0, "y": -0.8, "z": 0 },
			"rotation": { "x": 119, "y": 43, "z": 180 },
			"origin": { "x": -0.1, "y": 0, "z": -0.2 },
			"scale": 0.56
		},
		"*-bluetongue": {
			"translation": { "x": -0.8, "y": 0, "z": 0.2 },
			"rotation": { "x": -13, "y": -48, "z": 97 },
			"origin": { "x": 0, "y": -0.24, "z": 0 },
			"scale": 0.42
		},
		"*-midyimberry": {
			"translation": { "x": 0, "y": 0, "z": 0 },
			"rotation": { "x": -133, "y": 20, "z": 81 },
			"origin": { "x": 0.02, "y": 0.18, "z": 0.03 },
			"scale": 0.37
		},
		"*-fingerlime": {
			"translation": { "x": 0, "y": -0.5, "z": 0.6 },
			"rotation": { "x": 61, "y": -10, "z": 172 },
			"origin": { "x": -0.7, "y": 0.02, "z": -0.2 },
			"scale": 0.48
		},
		"*-pittedbreadfruit": {
			translation: { x: 0.3, y: 0, z: 0 },
			rotation: { x: 97, y: -1, z: -65 },
			origin: { x: -0.05, y: -0.12, z: 0.3 },
			scale: 0.48
		},
		"*-redquandong": {
			translation: { x: 0, y: 0, z: 0 },
			rotation: { x: -72, y: -51, z: -127 },
			origin: { x: -0.53, y: 0.11, z: -0.3 },
			scale: 0.48
		},
		"@*-(lemonaspen|chinaberry|lillypillypink|lillypillywhite|lillypillyblue)": {
			translation: { x: 0, y: 0.4, z: 0 },
			rotation: { x: 53, y: 130, z: 35 },
			origin: { x: 0.1, y: 0.03, z: -0.28 },
			scale: 0.42
		},
		"*-naranjilla": {
			translation: { x: -1.5, y: -0.8, z: -1.5 },
			rotation: { x: 99, y: -109, z: -100 },
			origin: { x: 0.54, y: 0.28, z: 0.56 },
			scale: 0.4
		},
		"*-flaxlily": {
			translation: { x: 0, y: 0, z: 0 },
			rotation: { x: -51, y: 27, z: -90 },
			origin: { x: 0, y: 0.15, z: 0 },
		},
		"*-pandanbits": {
			"translation": { "x": 0, "y": 0, "z": -0.33 },
			"rotation": { "x": 87, "y": 7, "z": -65 },
			"origin": { "x": 0.04, "y": -0.05, "z": 0.36 },
			"scale": 0.44
		},
		"*-kawakawa": {
			translation: { x: -0.1, y: -1.5, z: 0.4 },
			rotation: { x: 3, y: 59, z: -22 },
			origin: { x: 0.2, y: 0.65, z: -0.1 },
			"scale": 0.37
		},
		"*-pricklyheath": {
			translation: { x: -2.05, y: -1.52, z: -1.27 },
			rotation: { x: 13, y: 35, z: -79 }
		},
		"*-juniper": {
			"translation": { "x": 0, "y": 0, "z": -0.33 },
			"rotation": { "x": 113, "y": -2, "z": -70 },
			"origin": { "x": 0.05, "y": -0.11, "z": 0.38 },
			"scale": 0.44
		},
		"@*-(creepingpine|rubysaltbush)": {
			"translation": { "x": 0.03, "y": 0.05, "z": -0.35 },
			"rotation": { "x": 102, "y": -2, "z": -70 },
			"origin": { "x": 0.02, "y": -0.11, "z": 0.38 },
			"scale": 0.44
		},
		"*-coralbead": {
			"translation": { "x": 0, "y": 0.3, "z": -0.3 },
			"rotation": { "x": -4, "y": 22, "z": -100 },
			"origin": { "x": -0.1, "y": 0.1, "z": 0.3 },
			"scale": 0.42
		},
		"@*-(pilo|mingimingi)": {
			"translation": { "x": -0.08, "y": 0.3, "z": -0.37 },
			"rotation": { "x": -4, "y": 22, "z": -100 },
			"origin": { "x": -0.1, "y": 0.1, "z": 0.3 },
			"scale": 0.42
		},
		"*-numnum": {
			"translation": { "x": 0, "y": 0, "z": 0 },
			"rotation": { "x": -13, "y": -164, "z": -4 },
			"origin": { "x": -0.5, "y": -0.25, "z": -0.1 },
			"scale": 0.39
		},
		"*-fractureberry": {
			"translation": { "x": 0, "y": 0, "z": -0.33 },
			"rotation": { "x": 117, "y": 0, "z": -68 },
			"origin": { "x": 0.08, "y": -0.18, "z": 0.27 },
			"scale": 0.44
		},
		"@*-(brambleberry|raspberry|blueraspberry)": {
			translation: { x: -1.5, y: -1, z: -1.26 },
			rotation: { x: -37, y: -55, z: 67 },
			origin: { x: 0.52, y: 0.45, z: 0.53 }
		},
		"*-jujube": {
			translation: { x: 0, y: 0, z: 0 },
			rotation: { x: -37, y: -11, z: 2 },
			origin: { x: 0.07, y: 0, z: 0.18 }
		},
		"*-pokeberry": {
			translation: { x: 0, y: 0, z: 0 },
			rotation: { x: 7, y: -5, z: -64 },
			origin: { x: -0.06, y: 0.27, z: 0.2 },
			scale: 0.45
		},
		"*-loquat": {
			translation: { x: 0, y: 0, z: 0.1 },
			rotation: { x: -19, y: -19, z: -11 },
			origin: { x: 0.04, y: 0.05, z: 0.2 },
			scale: 0.43
		},
		"*-achacha": {
			translation: { x: 0.3, y: -0.23, z: 0.1 },
			rotation: { x: -34, y: 17, z: -13 },
			origin: { x: 0.06, y: 0.05, z: 0.09 },
			scale: 0.43
		},
		"*-falseorange": {
			translation: { x: -1.39, y: -0.96, z: -0.86 },
			rotation: { x: -27, y: 0, z: -90 },
			scale: 0.56
		},
		"*-roseapple": {
			translation: { x: -1.39, y: -0.96, z: -0.86 },
			rotation: { x: -27, y: 0, z: -90 },
			origin: { x: 0.5, y: 0.5, z: 0.52 },
			scale: 0.54
		},
		"@*-(huckleberry|snowberry)": {
			translation: { x: -1.89, y: -1.43, z: -1.54 },
			rotation: { x: -6, y: -33, z: -93 },
			scale: 0.36
		},
		"*-munthari": {
			translation: { x: -1.89, y: -1.43, z: -1.54 },
			rotation: { x: -6, y: -33, z: -93 },
			origin: { x: 0.58, y: 0.55, z: 0.55 },
			scale: 0.42
		},
		"@*-(bushlawyer|knyazberry|cloudberry)": {
			translation: { x: 0, y: 0, z: 0 },
			rotation: { x: -123, y: -17, z: 10 },
			origin: { x: 0.04, y: 0.16, z: -0.14 },
			scale: 0.34
		},
		"@*-(crowberry|lingonberry|honeypots)": {
			translation: { x: -1.5, y: -1, z: -1.26 },
			rotation: { x: 21, y: 38, z: -95 },
			origin: { x: 0.425, y: 0.3, z: 0.55 },
			scale: 0.37
		},
		"*-pineheath": {
			translation: { x: 0, y: 0, z: 0 },
			rotation: { x: -8, y: 21, z: -100 },
			origin: { x: -0.13, y: 0.2, z: 0.15 },
			scale: 0.34
		},
		"*-bunchberry": {
			translation: { x: -1.5, y: -1, z: -1.26 },
			rotation: { x: -6, y: 45, z: -131 },
			origin: { x: 0.42, y: 0.3, z: 0.5 },
			scale: 0.34
		},
		"*-cashewwhole": {
			translation: { x: -0.9, y: 0.2, z: 0.05 },
			rotation: { x: -39, y: -69, z: 31 },
			origin: { x: 0.2, y: -0.4, z: 0.25 },
			scale: 0.49
		},
		"*-cashewapple": {
			translation: { x: -0.9, y: 0.2, z: 0.05 },
			rotation: { x: -39, y: -69, z: 31 },
			origin: { x: 0.2, y: -0.4, z: 0.25 },
			scale: 0.49
		},
		"@*-(wolfberry|sallowthorn)": {
			translation: { x: -1.5, y: -1, z: -1.26 },
			rotation: { x: 45, y: 21, z: -8 },
			origin: { x: 0.34, y: 0.3, z: 0.44 },
			scale: 0.3
		},
		"@*-(feijoa|guajava)": {
			translation: { x: 0.2, y: 0, z: 0 },
			rotation: { x: -19, y: 38, z: 29 },
			origin: { x: -0.05, y: -0.27, z: 0.15 },
			scale: 0.38
		},
		"@*-(elderberry|blackelder)": {
			translation: { x: 0, y: 0, z: 0 },
			rotation: { x: 7, y: -5, z: 51 },
			origin: { x: -0.2, y: -0.48, z: 0.13 },
			scale: 0.45
		},
		"@*-(strawberry|falsestrawberry|gardenstrawberry)": {
			translation: { x: -1.5, y: -1, z: -1.26 },
			rotation: { x: -171, y: -132, z: 5 },
			origin: { x: 0.37, y: 0.25, z: 0.48 },
			scale: 0.34
		},
		"*-honeysuckle": {
			translation: { x: -1.5, y: -1, z: -1.26 },
			rotation: { x: 37, y: -103, z: 14 },
			origin: { x: 0.52, y: 0.49, z: 0.57 },
			scale: 0.37
		},
		"*-cherryplum": {
			translation: { x: -0.1, y: 0.2, z: -0.8 },
			rotation: { x: 138, y: -19, z: -66 },
			origin: { x: 0.12, y: -0.25, z: 0.37 },
			scale: 0.42
		},
		"@*-(pittedcherry|pittedchinaberry)": {
			translation: { x: -0.19, y: 0.2, z: -0.8 },
			rotation: { x: 138, y: -16, z: -72 },
			origin: { x: 0.14, y: -0.27, z: 0.4 },
			scale: 0.42
		},
		"*-silvernettle": {
			translation: { x: -0.18, y: 0.2, z: -0.8 },
			rotation: { x: 145, y: -19, z: -66 },
			origin: { x: 0.12, y: -0.25, z: 0.37 },
			scale: 0.42
		},
		"@*-(dogrose|ugni|bitternightshade|blacknightshade|blacknightshadeunripe)": {
			translation: { x: -1.5, y: -1, z: -1.26 },
			rotation: { x: 78, y: -104, z: -38 },
			origin: { x: 0.44, y: 0.33, z: 0.55 },
		},
		"*-gooseberry": {
			translation: { x: -1.5, y: -1, z: -1.26 },
			rotation: { x: 38, y: -159, z: -31 },
			origin: { x: 0.55, y: 0.34, z: 0.6 },
			scale: 0.34
		},
		"*-husktomato": {
			translation: { x: -1.5, y: -1, z: -1.26 },
			rotation: { x: 92, y: 180, z: 54 },
			origin: { x: 0.4, y: 0.33, z: 0.53 },
			scale: 0.32
		},
		"*-spindle": {
			translation: { x: 0, y: 0, z: 0 },
			rotation: { x: -9, y: 180, z: 92 },
			origin: { x: 0.02, y: -0.22, z: -0.2 },
			scale: 0.34
		},
		"@*-(hawthorn|rowanberry)": {
			"translation": { "x": 0, "y": 0, "z": 0 },
			"rotation": { "x": -127, "y": 51, "z": 18 },
			"origin": { "x": 0.1, "y": 0.03, "z": 0.04 },
			"scale": 0.32
		},
		"*-cocoa": {
			"translation": { "x": -1.2, "y": 0, "z": -1 },
			"rotation": { "x": -82, "y": -5, "z": 167 },
			"origin": { "x": 0.85, "y": 0, "z": 0.57 },
			"scale": 0.65
		},
		"@*-(apricot|purpleplum|engkala)": {
			translation: { x: -1.39, y: -0.96, z: -0.86 },
			rotation: { x: -27, y: 0, z: -90 },
			scale: 0.56
		},
		"*-pittedapricot": {
			translation: { x: -1.39, y: -0.96, z: -0.86 },
			rotation: { x: 44, y: -4, z: -91 },
			origin: { x: 0.525, y: 0.53, z: 0.5 },
			scale: 0.56
		},
		"*-citron": {
			translation: { x: -1.18, y: -0.97, z: -1.04 },
			rotation: { x: -8, y: -89, z: -1 },
			origin: { "x": 0.5, "y": 0.8, "z": 0.5 },
			scale: 0.5
		},
		"*-lemon": {
			translation: { x: -1.18, y: -0.97, z: -1.04 },
			rotation: { x: -8, y: -89, z: -1 },
			origin: { "x": 0.45, "y": 0.68, "z": 0.5 },
			scale: 0.46
		},
		"*-fig": {
			translation: { x: -1.39, y: -0.96, z: -0.86 },
			rotation: { x: 39, y: 0, z: -90 },
			origin: { "x": 0.4, "y": 0.48, "z": 0.5 },
			scale: 0.46
		},
		"*-kumquat": {
			"translation": { "x": -0.1, "y": 0, "z": 0 },
			"rotation": { "x": -17, "y": -63, "z": 33 },
			"origin": { "x": -0.1, "y": -0.2, "z": 0.25 },
			"scale": 0.45
		},
		"*-beachalmondwhole": {
			"translation": { "x": -0.1, "y": 0.05, "z": 0 },
			"rotation": { "x": -19, "y": -63, "z": -44 },
			"origin": { "x": -0.13, "y": 0.3, "z": 0.12 },
			"scale": 0.48
		},
		"*-pomelo": {
			translation: { x: -1.39, y: -0.96, z: -0.86 },
			rotation: { x: -17, y: 4, z: -97 },
			origin: { "x": 0.6, "y": 0.5, "z": 0.6 },
			scale: 0.65
		},
		"*-quince": {
			translation: { x: -1.39, y: -0.96, z: -0.86 },
			rotation: { x: -27, y: 0, z: -90 },
			scale: 0.56
		},
		"*-beautyberry": {
			"translation": { "x": 0, "y": 0, "z": 0 },
			"rotation": { "x": -17, "y": 37, "z": 122 },
			"origin": { "x": -0.2, "y": -0.15, "z": 0.25 },
			"scale": 0.38
		},
		"@*-(turkscap|cheeseberry)": {
			"translation": { "x": 0, "y": 0, "z": 1 },
			"rotation": { "x": 47, "y": 15, "z": -86 },
			"origin": { "x": 0.04, "y": 0, "z": -0.04 },
			"scale": 0.44
		},
		"*-crowseye": {
			"translation": { "x": 0.18, "y": 0.18, "z": 0 },
			"rotation": { "x": -39, "y": 15, "z": -86 },
			"origin": { "x": -0.16, "y": 0.27, "z": 0 },
			"scale": 0.43
		},
		"*-virgingrape": {
			translation: { x: 0, y: 0, z: 0 },
			rotation: { x: 7, y: -5, z: 51 },
			origin: { x: -0.17, y: -0.48, z: 0.13 },
			scale: 0.45
		},
		"@*-(foxgrape|redgrape|whitegrape)": {
			"translation": { "x": 0, "y": 0, "z": 0 },
			"rotation": { "x": -13, "y": -62, "z": 1 },
			"origin": { "x": 0, "y": -0.4, "z": 0.35 },
			"scale": 0.48
		},
		"*-sumac": {
			"translation": { "x": 0, "y": 0, "z": 0 },
			"rotation": { "x": 87, "y": 29, "z": -77 },
			"origin": { "x": 0.07, "y": -0.03, "z": 0.2 },
			"scale": 0.48
		},
		"@*-(pittedbeachalmond|maritasoft)": {
			"translation": { "x": -0.1, "y": -1.45, "z": -1.3 },
			"rotation": { "x": 116, "y": -4, "z": -69 },
			"origin": { "x": -0.1, "y": 0.4, "z": 0.7 },
			"scale": 0.32
		},
		"*": {
			"rotation": { "x": -13, "y": -48, "z": 180 },
			"origin": { "x": -0.7, "y": 0.02, "z": -0.22 },
			"scale": 0.48
		}
	},
	"groundTransformByType": {
		"@*-(watermelon|mirzamelon|muskmelon)": {
			translation: { x: 0, y: 0, z: 0 },
			rotation: { x: -94, y: 0, z: 0 },
			origin: { x: 0, y: 0, z: 0.45 },
			scale: 3.81
		},
		"*-illawarra": {
			"translation": { "x": 0, "y": 0, "z": 0 },
			"rotation": { "x": 0, "y": 0, "z": 0 },
			"origin": { "x": 0.47, "y": 0, "z": 0.5 },
			"scale": 2.32
		},
		"*-kakaha": {
			"translation": { "x": 0, "y": 0, "z": 0 },
			"rotation": { "x": 0, "y": 0, "z": 5 },
			"origin": { "x": 0.5, "y": -0.01, "z": 0.53 },
			"scale": 2.87
		},
		"*-bluetongue": {
			"translation": { "x": 0, "y": 0, "z": 0 },
			"rotation": { "x": 0, "y": 0, "z": 0 },
			"origin": { "x": 0.5, "y": 0, "z": 0.53 },
			"scale": 2.22
		},
		"*-seamango": {
			"translation": { "x": 0, "y": 0, "z": 0 },
			"rotation": { "x": 113, "y": 0, "z": 41 },
			"origin": { "x": 0.44, "y": 0.5, "z": 0.5 },
			"scale": 3.03
		},
		"*-midyimberry": {
			"translation": { "x": 0, "y": 0, "z": 0 },
			"rotation": { "x": 1, "y": 0, "z": 0 },
			"origin": { "x": 0.5, "y": 0.05, "z": 0.53 },
			"scale": 2.34
		},
		"*-fingerlime": {
			"translation": { "x": 0, "y": 0, "z": 0 },
			"rotation": { "x": 3, "y": 0, "z": -4 },
			"origin": { "x": 0.5, "y": -0.02, "z": 0.5 },
			"scale": 2.68
		},
		"*-beachalmondwhole": {
			translation: { x: 0, y: 0, z: 0 },
			rotation: { x: 0, y: 0, z: 0 },
			origin: { x: 0.5, y: 0, z: 0 },
			scale: 2.83
		},
		"@*-(pittedcherry|pittedchinaberry)": {
			translation: { x: 0, y: 0, z: 0 },
			rotation: { x: 0, y: 0, z: 0 },
			origin: { x: 0.5, y: -0.02, z: 0 },
			scale: 3.05
		},
		"*-redquandong": {
			translation: { x: 0, y: 0, z: 0 },
			rotation: { x: -2, y: 0, z: 0 },
			origin: { x: 0.5, y: 0, z: 0.53 },
			scale: 2.55
		},
		"@*-(lemonaspen|chinaberry|lillypillypink|lillypillywhite|lillypillyblue)": {
			translation: { x: 0, y: 0, z: 0 },
			rotation: { x: 0, y: 0, z: 0 },
			origin: { x: 0.5, y: 0, z: 0.5 },
			scale: 2.77
		},
		"*-pittedapricot": {
			translation: { x: 0, y: 0, z: 0 },
			rotation: { x: 0, y: 0, z: 0 },
			origin: { x: 0.5, y: -0.02, z: 0 },
			scale: 2.71
		},
		"*-naranjilla": {
			translation: { x: 0, y: 0, z: 0 },
			rotation: { x: -34, y: 22, z: -11 },
			origin: { x: 0.5, y: 0, z: 0.56 },
			scale: 3.34
		},
		"*-flaxlily": {
			translation: { x: 0, y: 0, z: 0 },
			rotation: { x: 125, y: 6, z: 67 },
			origin: { x: 0.5, y: 0.5, z: 0.53 },
			scale: 2.05
		},
		"*-kawakawa": {
			translation: { x: 0, y: 0, z: 0 },
			rotation: { x: 93, y: 44, z: -146 },
			origin: { x: 0.5, y: 0.5, z: 0.42 },
			scale: 2.16
		},
		"*-pandanbits": {
			translation: { x: 0, y: 0, z: 0 },
			rotation: { x: 0, y: 0, z: 0 },
			origin: { x: 0, y: 0, z: 0 },
			scale: 3.22
		},
		"*-pricklyheath": {
			translation: { x: 0, y: 0, z: 0 },
			rotation: { x: 90, y: 0, z: 0 },
			origin: { x: 0.5, y: 0.2, z: 0.5 },
			scale: 2.3
		},
		"@*-(juniper|creepingpine|rubysaltbush)": {
			translation: { x: 0, y: 0, z: 0 },
			rotation: { x: 0, y: 0, z: 0 },
			origin: { x: 0.5, y: -0.02, z: 0 },
			scale: 2.87
		},
		"@*-(coralbead|pilo|mingimingi)": {
			translation: { x: 0, y: 0, z: 0 },
			rotation: { x: 0, y: 0, z: 0 },
			origin: { x: 0.5, y: -0.02, z: 0 },
			scale: 2.35
		},
		"*-silvernettle": {
			translation: { x: 0, y: 0, z: 0 },
			rotation: { x: 0, y: 0, z: 0 },
			origin: { x: 0.5, y: -0.02, z: 0 },
			scale: 2.43
		},
		"*-numnum": {
			translation: { x: 0, y: 0, z: 0 },
			rotation: { x: 56, y: 30, z: -140 },
			origin: { x: 0.5, y: 0.5, z: 0.63 },
			scale: 2.68
		},
		"@*-(brambleberry|raspberry|blueraspberry)": {
			translation: { x: 0, y: 0, z: 0 },
			rotation: { x: 90, y: 0, z: 0 },
			origin: { x: 0.5, y: 0.5, z: 0.5299 },
			scale: 2.05
		},
		"*-jujube": {
			translation: { x: 0, y: 0, z: 0 },
			rotation: { x: -84, y: 12, z: 6 },
			origin: { x: 0.5, y: 0.5, z: 0.3 },
			scale: 2.58
		},
		"*-pokeberry": {
			translation: { x: 0, y: 0, z: 0 },
			rotation: { x: 61, y: 0, z: 0 },
			origin: { x: 0.5, y: 0.5, z: 0.82 },
			scale: 2.68
		},
		"*-loquat": {
			translation: { x: 0, y: 0, z: 0 },
			rotation: { x: -47, y: 12, z: -42 },
			origin: { x: 0.5, y: 0.5, z: 0.1 },
			scale: 2.58
		},
		"*-achacha": {
			translation: { x: 0, y: 0, z: 0 },
			rotation: { x: -77, y: 12, z: -8 },
			origin: { x: 0.5, y: 0.5, z: 0.32 },
			scale: 2.8
		},
		"*-falseorange": {
			translation: { x: 0, y: 0, z: 0 },
			rotation: { x: 95, y: 11, z: -135 },
			origin: { x: 0.6, y: 0.2, z: 0.41 },
			scale: 3.4
		},
		"*-roseapple": {
			translation: { x: 0, y: 0, z: 0 },
			rotation: { x: 95, y: 11, z: -135 },
			origin: { x: 0.6, y: 0.2, z: 0.41 },
			scale: 2.88
		},
		"@*-(bushlawyer|knyazberry|cloudberry)": {
			translation: { x: 0, y: 0, z: 0 },
			rotation: { x: -11, y: -17, z: 3 },
			origin: { x: 0.5, y: -0.08, z: 0.8 },
			scale: 2.64
		},
		"@*-(strawberry|falsestrawberry|gardenstrawberry)": {
			translation: { x: 0, y: 0, z: 0 },
			rotation: { x: 99, y: -5, z: 0 },
			origin: { x: 0.5, y: 0.3, z: 0.64 },
			scale: 2.26
		},
		"*-cashewwhole": {
			translation: { x: 0, y: 0, z: 0 },
			rotation: { x: 90, y: 0, z: 0 },
			origin: { x: 0.5, y: 0.5, z: 0.58 },
			scale: 2.9
		},
		"*-cashewapple": {
			translation: { x: 0, y: 0, z: 0 },
			rotation: { x: 90, y: 0, z: 0 },
			origin: { x: 0.5, y: 0.5, z: 0.58 },
			scale: 2.9
		},
		"*-kumquat": {
			translation: { x: 0, y: 0, z: 0 },
			rotation: { x: 0, y: -1, z: 15 },
			origin: { x: 0, y: 0.15, z: 0.6 },
			scale: 2.64
		},
		"*-cherryplum": {
			translation: { x: 0, y: 0, z: 0 },
			rotation: { x: 4, y: 24, z: 11 },
			origin: { x: 0.5, y: 0, z: 0.5299 },
			scale: 2.84
		},
		"@*-(feijoa|guajava)": {
			translation: { x: 0, y: 0, z: 0 },
			rotation: { x: 90, y: 0, z: 160 },
			origin: { x: 0.5, y: 0.5, z: 0.37 },
			scale: 2.72
		},
		"*-bunchberry": {
			translation: { x: 0, y: 0, z: 0 },
			rotation: { x: 134, y: 42, z: 2 },
			origin: { x: 0.5, y: 0.4, z: 0.53 },
			scale: 2.22
		},
		"@*-(crowberry|lingonberry|honeypots)": {
			translation: { x: 0, y: 0, z: 0 },
			rotation: { x: -16, y: -1, z: -10 },
			origin: { x: 0.5, y: 0.1, z: 0.53 },
			scale: 2.42
		},
		"*-pineheath": {
			translation: { x: 0, y: 0, z: 0 },
			rotation: { x: -7, y: 5, z: -2 },
			origin: { x: 0.5, y: -0.02, z: 0.53 },
			scale: 2.27
		},
		"@*-(elderberry|blackelder)": {
			translation: { x: 0, y: 0, z: 0 },
			rotation: { x: 116, y: 0, z: 0 },
			origin: { x: 0.5, y: 0.5, z: 0.49 },
			scale: 3.13
		},
		"@*-(wolfberry|sallowthorn)": {
			translation: { x: 0, y: 0, z: 0 },
			rotation: { x: 55, y: 30, z: 10 },
			origin: { x: 0.5, y: 0.5, z: 0.9 },
			scale: 2.17
		},
		"*-honeysuckle": {
			translation: { x: 0, y: 0, z: 0 },
			rotation: { x: 177, y: 1, z: 10 },
			origin: { x: 0.5, y: 0.14, z: 0.5299 },
			scale: 2.88
		},
		"*-husktomato": {
			translation: { x: 0, y: 0, z: 0 },
			rotation: { x: -4, y: -17, z: -11 },
			origin: { x: 0.5, y: 0.1, z: 0.5299 },
			scale: 2.41
		},
		"*-gooseberry": {
			translation: { x: 0, y: 0, z: 0 },
			rotation: { x: -1, y: 3, z: -39 },
			origin: { x: 0.5, y: -0.1, z: 0.5299 },
			scale: 2.17
		},
		"@*-(dogrose|ugni|bitternightshade|blacknightshade|blacknightshadeunripe)": {
			translation: { x: 0, y: 0, z: 0 },
			rotation: { x: -1, y: 40, z: -6 },
			origin: { x: 0.5, y: 0, z: 0.5299 },
			scale: 2.36
		},
		"*-spindle": {
			translation: { x: 0, y: 0, z: 0 },
			rotation: { x: 3, y: -17, z: 3 },
			origin: { x: 0, y: 0.05, z: 0.6 },
			scale: 2.41
		},
		"@*-(huckleberry|snowberry)": {
			translation: { x: 0, y: 0, z: 0 },
			rotation: { x: 90, y: 0, z: 0 },
			origin: { x: 0.5, y: 0.2, z: 0.5 },
			scale: 2.3
		},
		"*-munthari": {
			translation: { x: 0, y: 0, z: 0 },
			rotation: { x: 90, y: 0, z: 0 },
			origin: { x: 0.5, y: 0.2, z: 0.5 },
			scale: 3.16
		},
		"@*-(hawthorn|rowanberry)": {
			"translation": { "x": 0, "y": 0, "z": 0 },
			"rotation": { "x": 0, "y": 0, "z": -3 },
			"origin": { "x": 0.47, "y": 0, "z": 0.5 },
			"scale": 2.18
		},
		"*-cocoa": {
			"translation": { "x": 0, "y": 0, "z": 0 },
			"rotation": { "x": 0, "y": 0, "z": -3 },
			"origin": { "x": 0.47, "y": 0, "z": 0.5 },
			"scale": 4.5
		},
		"@*-(apricot|purpleplum|engkala)": {
			translation: { x: 0, y: 0, z: 0 },
			rotation: { x: 95, y: 11, z: -135 },
			origin: { x: 0.6, y: 0.2, z: 0.41 },
			scale: 2.71
		},
		"*-citron": {
			"translation": { "x": 0, "y": 0, "z": 0 },
			"rotation": { "x": -2, "y": 1, "z": -174 },
			"origin": { "x": 0.6, "y": 0.18, "z": 0.5 },
			"scale": 3.4
		},
		"*-lemon": {
			"translation": { "x": 0, "y": 0, "z": 0 },
			"rotation": { "x": -2, "y": 1, "z": -174 },
			"origin": { "x": 0.6, "y": 0.18, "z": 0.5 },
			"scale": 2.83
		},
		"*-fig": {
			"translation": { "x": 0, "y": 0, "z": 0 },
			"rotation": { "x": 8, "y": 1, "z": -103 },
			"origin": { "x": 0.64, "y": 0.2, "z": 0.5 },
			"scale": 2.55
		},
		"*-pomelo": {
			"translation": { "x": 0, "y": 0, "z": 0 },
			"rotation": { "x": 0, "y": 0, "z": -87 },
			"origin": { "x": 0.63, "y": 0.2, "z": 0.5 },
			"scale": 4.74
		},
		"*-quince": {
			translation: { x: 0, y: 0, z: 0 },
			rotation: { x: 95, y: 11, z: -135 },
			origin: { x: 0.6, y: 0.2, z: 0.41 },
			scale: 3.4
		},
		"*-beautyberry": {
			translation: { x: 0, y: 0, z: 0 },
			rotation: { x: 0, y: 0, z: 0 },
			origin: { x: 0.5, y: 0, z: 0 },
			scale: 2.65
		},
		"@*-(turkscap|cheeseberry)": {
			translation: { x: 0, y: 0, z: 0 },
			rotation: { x: -1, y: 1, z: 7 },
			origin: { x: 0.5, y: 0.05, z: 0 },
			scale: 2.81
		},
		"*-crowseye": {
			translation: { x: 0, y: 0, z: 0 },
			rotation: { x: -4, y: -39, z: -13 },
			origin: { x: 0.5, y: 0.05, z: 0 },
			scale: 2.93
		},
		"*-fractureberry": {
			"translation": { "x": 0, "y": 0, "z": 0 },
			"rotation": { "x": 0, "y": 0, "z": 0 },
			"origin": { "x": 0.47, "y": 0, "z": 0.5 },
			"scale": 2.5
		},
		"*-pittedbreadfruit": {
			"translation": { "x": 0, "y": 0, "z": 0 },
			"rotation": { "x": 0, "y": 0, "z": 0 },
			"origin": { "x": 0.5, "y": 0, "z": 0.5 },
			"scale": 2.86
		},
		"*-virgingrape": {
			translation: { x: 0, y: 0, z: 0 },
			rotation: { x: 116, y: 0, z: 0 },
			origin: { x: 0.5, y: 0.5, z: 0.44 },
			scale: 3.13
		},
		"@*-(foxgrape|redgrape|whitegrape)": {
			translation: { x: 0, y: 0, z: 0 },
			rotation: { x: 95, y: 11, z: -135 },
			origin: { x: 0.55, y: 0.2, z: 0.41 },
			scale: 2.86
		},
		"*-sumac": {
			translation: { x: 0, y: 0, z: 0 },
			rotation: { x: 105, y: 41, z: -135 },
			origin: { x: 0.55, y: 0.2, z: 0.44 },
			scale: 3.13
		},
		"@*-(pittedbeachalmond|maritasoft)": {
			"translation": { "x": 0, "y": 0, "z": 0 },
			"rotation": { "x": 0, "y": 0, "z": 0 },
			"origin": { "x": 0.47, "y": 0, "z": 0.5 },
			"scale": 2.26
		},
		"*": {
			"scale": 2.5
		}
    },
	heldTpIdleAnimationByType: {
		"@*-(brambleberry|raspberry|blueraspberry|crowberry|lingonberry|strawberry|falsestrawberry|husktomato|cherryplum|juniper|turkscap|fractureberry|silvernettle|coralbead|pandanbits|pittedcherry|pittedbreadfruit|gardenstrawberry|illawarra|pittedbeachalmond|pittedchinaberry|cheeseberry|creepingpine|honeypots|pineheath|rubysaltbush|pilo|mingimingi|maritasoft)": "holdbothhands"
	},
	"heldRightReadyAnimationByType": {
		"@*-(brambleberry|raspberry|blueraspberry|crowberry|lingonberry|strawberry|falsestrawberry|husktomato|cherryplum|juniper|turkscap|fractureberry|silvernettle|coralbead|pandanbits|pittedcherry|pittedbreadfruit|gardenstrawberry|illawarra|pittedbeachalmond|pittedchinaberry|cheeseberry|creepingpine|honeypots|pineheath|rubysaltbush|pilo|mingimingi|maritasoft)": "holdbothhands"
        }
}
