{
  "code": "nut",
  "maxstacksize": 64,
  "variantgroups": [
    { "loadFromProperties": "wildcraftfruit:block/nut" }
  ],
  "materialDensityByType": {
    "*": 600
  },
  "attributesByType": {
		"*-peanutbar": {
                	handbook: {
                   	"groupBy": ["nut-*"]
                	},
			inContainerTexture: { base: "game:block/food/pie/fill-peanut" },
			nutritionPropsWhenInMeal: null,
			inPieProperties: null,
			displaycaseable: true,
			shelvable: true,
	                onshelfTransform: {
		          "translation": { "x": 0, "y": 0, "z": -0.02 },
			  "rotation": { "x": 0, "y": 58, "z": 0 },
			  "origin": { "x": 0.5, "y": 0, "z": 0.5 },
			  "scale": 0.84
	                },
		},
		"*-almondbar": {
                	handbook: {
                   	"groupBy": ["nut-*"]
                	},
			inContainerTexture: { base: "wildcraftfruit:block/food/pie/fill-almond" },
			nutritionPropsWhenInMeal: null,
			inPieProperties: null,
			displaycaseable: true,
			shelvable: true,
	                onshelfTransform: {
		          "translation": { "x": 0, "y": 0, "z": -0.02 },
			  "rotation": { "x": 0, "y": 58, "z": 0 },
			  "origin": { "x": 0.5, "y": 0, "z": 0.5 },
			  "scale": 0.84
	                },
		},
		"*-apricotbar": {
                	handbook: {
                   	"groupBy": ["nut-*"]
                	},
			inContainerTexture: { base: "wildcraftfruit:block/food/pie/fill-apricotpit" },
			nutritionPropsWhenInMeal: null,
			inPieProperties: null,
			displaycaseable: true,
			shelvable: true,
	                onshelfTransform: {
		          "translation": { "x": 0, "y": 0, "z": -0.02 },
			  "rotation": { "x": 0, "y": 58, "z": 0 },
			  "origin": { "x": 0.5, "y": 0, "z": 0.5 },
			  "scale": 0.84
	                },
		},
		"*-hackberrybar": {
                	handbook: {
                   	"groupBy": ["nut-*"]
                	},
			inContainerTexture: { base: "wildcraftfruit:block/food/pie/fill-hackberrypit" },
			nutritionPropsWhenInMeal: null,
			inPieProperties: null,
			displaycaseable: true,
			shelvable: true,
	                onshelfTransform: {
		          "translation": { "x": 0, "y": 0, "z": -0.02 },
			  "rotation": { "x": 0, "y": 58, "z": 0 },
			  "origin": { "x": 0.5, "y": 0, "z": 0.5 },
			  "scale": 0.84
	                },
		},
		"*-cherrybar": {
                	handbook: {
                   	"groupBy": ["nut-*"]
                	},
			inContainerTexture: { base: "wildcraftfruit:block/food/pie/fill-cherrypit" },
			nutritionPropsWhenInMeal: null,
			inPieProperties: null,
			displaycaseable: true,
			shelvable: true,
	                onshelfTransform: {
		          "translation": { "x": 0, "y": 0, "z": -0.02 },
			  "rotation": { "x": 0, "y": 58, "z": 0 },
			  "origin": { "x": 0.5, "y": 0, "z": 0.5 },
			  "scale": 0.84
	                },
		},
		"*-sunflowerbar": {
                	handbook: {
                   	"groupBy": ["nut-*"]
                	},
			inContainerTexture: { base: "wildcraftfruit:block/food/pie/fill-halva" },
			nutritionPropsWhenInMeal: null,
			inPieProperties: null,
			displaycaseable: true,
			shelvable: true,
	                onshelfTransform: {
		          "translation": { "x": 0, "y": 0, "z": -0.02 },
			  "rotation": { "x": 0, "y": 58, "z": 0 },
			  "origin": { "x": 0.5, "y": 0, "z": 0.5 },
			  "scale": 0.84
	                },
		},
		"*-hazelbar": {
                	handbook: {
                   	"groupBy": ["nut-*"]
                	},
			inContainerTexture: { base: "wildcraftfruit:block/food/pie/fill-hazelnut" },
			nutritionPropsWhenInMeal: null,
			inPieProperties: null,
			displaycaseable: true,
			shelvable: true,
	                onshelfTransform: {
		          "translation": { "x": 0, "y": 0, "z": -0.02 },
			  "rotation": { "x": 0, "y": 58, "z": 0 },
			  "origin": { "x": 0.5, "y": 0, "z": 0.5 },
			  "scale": 0.84
	                },
		},
		"*-acornbar": {
                	handbook: {
                   	"groupBy": ["nut-*"]
                	},
			inContainerTexture: { base: "wildcraftfruit:block/food/pie/fill-acornleached" },
			nutritionPropsWhenInMeal: null,
			inPieProperties: null,
			displaycaseable: true,
			shelvable: true,
	                onshelfTransform: {
		          "translation": { "x": 0, "y": 0, "z": -0.02 },
			  "rotation": { "x": 0, "y": 58, "z": 0 },
			  "origin": { "x": 0.5, "y": 0, "z": 0.5 },
			  "scale": 0.84
	                },
		},
		"*-pistachiobar": {
                	handbook: {
                   	"groupBy": ["nut-*"]
                	},
			inContainerTexture: { base: "wildcraftfruit:block/food/pie/fill-pistachionut" },
			nutritionPropsWhenInMeal: null,
			inPieProperties: null,
			displaycaseable: true,
			shelvable: true,
	                onshelfTransform: {
		          "translation": { "x": 0, "y": 0, "z": -0.02 },
			  "rotation": { "x": 0, "y": 58, "z": 0 },
			  "origin": { "x": 0.5, "y": 0, "z": 0.5 },
			  "scale": 0.84
	                },
		},
		"*-pumpkinbar": {
                	handbook: {
                   	"groupBy": ["nut-*"]
                	},
			inContainerTexture: { base: "wildcraftfruit:block/food/pie/fill-pumpkinseed" },
			nutritionPropsWhenInMeal: null,
			inPieProperties: null,
			displaycaseable: true,
			shelvable: true,
	                onshelfTransform: {
		          "translation": { "x": 0, "y": 0, "z": -0.02 },
			  "rotation": { "x": 0, "y": 58, "z": 0 },
			  "origin": { "x": 0.5, "y": 0, "z": 0.5 },
			  "scale": 0.84
	                },
		},
		"*-cashewbar": {
                	handbook: {
                   	"groupBy": ["nut-*"]
                	},
			inContainerTexture: { base: "wildcraftfruit:block/food/pie/fill-cashewnut" },
			nutritionPropsWhenInMeal: null,
			inPieProperties: null,
			displaycaseable: true,
			shelvable: true,
	                onshelfTransform: {
		          "translation": { "x": 0, "y": 0, "z": -0.02 },
			  "rotation": { "x": 0, "y": 58, "z": 0 },
			  "origin": { "x": 0.5, "y": 0, "z": 0.5 },
			  "scale": 0.84
	                },
		},
		"*-bunyabar": {
                	handbook: {
                   	"groupBy": ["nut-*"]
                	},
			inContainerTexture: { base: "wildcraftfruit:block/food/pie/fill-bunya" },
			nutritionPropsWhenInMeal: null,
			inPieProperties: null,
			displaycaseable: true,
			shelvable: true,
	                onshelfTransform: {
		          "translation": { "x": 0, "y": 0, "z": -0.02 },
			  "rotation": { "x": 0, "y": 58, "z": 0 },
			  "origin": { "x": 0.5, "y": 0, "z": 0.5 },
			  "scale": 0.84
	                },
		},
		"*-beachalmondbar": {
                	handbook: {
                   	"groupBy": ["nut-*"]
                	},
			inContainerTexture: { base: "wildcraftfruit:block/food/pie/fill-beachalmond" },
			nutritionPropsWhenInMeal: null,
			inPieProperties: null,
			displaycaseable: true,
			shelvable: true,
	                onshelfTransform: {
		          "translation": { "x": 0, "y": 0, "z": -0.02 },
			  "rotation": { "x": 0, "y": 58, "z": 0 },
			  "origin": { "x": 0.5, "y": 0, "z": 0.5 },
			  "scale": 0.84
	                },
		},
		"*-saltbushbar": {
                	handbook: {
                   	"groupBy": ["nut-*"]
                	},
			inContainerTexture: { base: "wildcraftfruit:block/food/pie/fill-oldmansaltbush" },
			nutritionPropsWhenInMeal: null,
			inPieProperties: null,
			displaycaseable: true,
			shelvable: true,
	                onshelfTransform: {
		          "translation": { "x": 0, "y": 0, "z": -0.02 },
			  "rotation": { "x": 0, "y": 58, "z": 0 },
			  "origin": { "x": 0.5, "y": 0, "z": 0.5 },
			  "scale": 0.84
	                },
		},
		"*-macadamiabar": {
                	handbook: {
                   	"groupBy": ["nut-*"]
                	},
			inContainerTexture: { base: "wildcraftfruit:block/food/pie/fill-macadamiashelled" },
			nutritionPropsWhenInMeal: null,
			inPieProperties: null,
			displaycaseable: true,
			shelvable: true,
	                onshelfTransform: {
		          "translation": { "x": 0, "y": 0, "z": -0.02 },
			  "rotation": { "x": 0, "y": 58, "z": 0 },
			  "origin": { "x": 0.5, "y": 0, "z": 0.5 },
			  "scale": 0.84
	                },
		},
		"*-pinenutbar": {
                	handbook: {
                   	"groupBy": ["nut-*"]
                	},
			inContainerTexture: { base: "wildcraftfruit:block/food/pie/fill-pinenut" },
			nutritionPropsWhenInMeal: null,
			inPieProperties: null,
			displaycaseable: true,
			shelvable: true,
	                onshelfTransform: {
		          "translation": { "x": 0, "y": 0, "z": -0.02 },
			  "rotation": { "x": 0, "y": 58, "z": 0 },
			  "origin": { "x": 0.5, "y": 0, "z": 0.5 },
			  "scale": 0.84
	                },
		},
		"*-pandan": {
			inContainerTexture: { base: "wildcraftfruit:block/food/pie/fill-pandanbits" },
			nutritionPropsWhenInMeal: null,
			inPieProperties: null
		},
		"*-marita": {
			inContainerTexture: { base: "wildcraftfruit:block/food/pie/fill-maritasoft" },
			nutritionPropsWhenInMeal: null,
			inPieProperties: null
		},
		"*-dwarfpinecone": {
			inContainerTexture: { base: "wildcraftfruit:block/food/pie/fill-almond" },
			nutritionPropsWhenInMeal: null,
			inPieProperties: null,
			displaycaseable: true,
			shelvable: true
		},
		"*-bunyacone": {
			inContainerTexture: { base: "wildcraftfruit:block/plant/fruittree/bunya/ripe" },
			nutritionPropsWhenInMeal: null,
			inPieProperties: null,
			displaycaseable: true,
			shelvable: true
		},
		"*-macadamia": {
			inContainerTexture: { base: "wildcraftfruit:block/food/pie/fill-chocolate" },
			nutritionPropsWhenInMeal: null,
			inPieProperties: null
		},
		"*-fermentedcocoa": {
			inContainerTexture: { base: "wildcraftfruit:block/food/pie/fill-almond" },
			nutritionPropsWhenInMeal: null,
			inPieProperties: null
		},
		"*-acorn": {
			inContainerTexture: { base: "wildcraftfruit:block/food/pie/fill-acornleached" },
			nutritionPropsWhenInMeal: null,
			inPieProperties: null
		},
		"*-pistachioberry": {
			inContainerTexture: { base: "wildcraftfruit:block/food/pie/fill-turkscap" },
			nutritionPropsWhenInMeal: { satiety: 100, foodcategory: "Fruit" },
			inPieProperties: null
		},
		"*-chestnutbaked": {
			inContainerTexture: { base: "wildcraftfruit:block/food/pie/fill-chestnut" },
			nutritionPropsWhenInMeal: { satiety: 160, foodcategory: "Vegetable" },
			inPieProperties: null
		},
		"*-chestnut": {
			inContainerTexture: { base: "wildcraftfruit:block/food/pie/fill-chestnut" },
			nutritionPropsWhenInMeal: { satiety: 160, foodcategory: "Vegetable" },
			inPieProperties: { texture: "block/food/pie/fill-chestnut", partType: 'Filling' }
		},
		"*-breadnut": {
			inContainerTexture: { base: "wildcraftfruit:block/food/pie/fill-breadnut" },
			nutritionPropsWhenInMeal: { satiety: 140, foodcategory: "Vegetable" },
			inPieProperties: { texture: "block/food/pie/fill-breadnut", partType: 'Filling' }
		},
		"*-breadnutbaked": {
			inContainerTexture: { base: "wildcraftfruit:block/food/pie/fill-breadnut" },
			nutritionPropsWhenInMeal: { satiety: 140, foodcategory: "Vegetable" },
			inPieProperties: null
		},
		"*-bluequandong": {
			inContainerTexture: { base: "wildcraftfruit:block/food/pie/fill-bluequandong" },
			nutritionPropsWhenInMeal: { satiety: 60, foodcategory: "Fruit" },
			inPieProperties: { texture: "block/food/pie/fill-bluequandong", partType: 'Filling' }
		},
		"*-acornshelled": {
			inContainerTexture: { base: "wildcraftfruit:block/food/pie/fill-acornleached" },
			nutritionPropsWhenInMeal: { satiety: 240, foodcategory: "Grain" },
			inPieProperties: null
		},
		"*-acornleached": {
			inContainerTexture: { base: "wildcraftfruit:block/food/pie/fill-acornleached" },
			nutritionPropsWhenInMeal: { satiety: 240, foodcategory: "Grain" },
			inPieProperties: { texture: "block/food/pie/fill-acornleached", partType: 'Filling' }
		},
		"*-almondground": {
			inContainerTexture: { base: "wildcraftfruit:block/food/pie/fill-marzipan" },
			nutritionPropsWhenInMeal: { satiety: 160, foodcategory: "Protein" },
			inPieProperties: { texture: "block/food/pie/fill-marzipan", partType: 'Filling' }
		},
		"*-peanutground": {
			inContainerTexture: { base: "wildcraftfruit:block/food/pie/fill-peanutground" },
			nutritionPropsWhenInMeal: { satiety: 160, foodcategory: "Protein" },
			inPieProperties: { texture: "block/food/pie/fill-peanutground", partType: 'Filling' }
		},
		"*-marzipan": {
			inContainerTexture: { base: "wildcraftfruit:block/food/pie/fill-marzipan" },
			nutritionPropsWhenInMeal: { satiety: 300, health: 2, foodcategory: "Fruit" },
			inPieProperties: { texture: "block/food/pie/fill-marzipan", partType: 'Filling' },
			displaycaseable: true,
			shelvable: true,
	                onshelfTransform: {
		          "translation": { "x": -0.02, "y": 0, "z": 0 },
			  "rotation": { "x": 0, "y": 50, "z": 0 },
			  "origin": { "x": 0.5, "y": 0, "z": 0.5 },
			  "scale": 0.72
	                },
		},
		"*-halva": {
			inContainerTexture: { base: "wildcraftfruit:block/food/pie/fill-halva" },
			nutritionPropsWhenInMeal: { satiety: 300, health: 2, foodcategory: "Grain" },
			inPieProperties: { texture: "block/food/pie/fill-halva", partType: 'Filling' },
			displaycaseable: true,
			shelvable: true,
	                onshelfTransform: {
		     	  "rotation": { "x": 0, "y": -69, "z": 0 },
		          "origin": { "x": 0.52, "y": 0, "z": 0.52 },
		          "scale": 0.72
	                },
		},
		"*-pacoca": {
			inContainerTexture: { base: "wildcraftfruit:block/food/pie/fill-peanutground" },
			nutritionPropsWhenInMeal: { satiety: 300, health: 2, foodcategory: "Protein" },
			inPieProperties: { texture: "block/food/pie/fill-peanutground", partType: 'Filling' },
			displaycaseable: true,
			shelvable: true,
	                onshelfTransform: {
		          "translation": { "x": 0, "y": 0, "z": -0.06 },
		          "rotation": { "x": 0, "y": 9, "z": 0 },
		          "origin": { "x": 0.5, "y": 0, "z": 0.5 },
		          "scale": 0.7
	                },
		},
		"*-chocolate": {
			inContainerTexture: { base: "wildcraftfruit:block/food/pie/fill-chocolate" },
			nutritionPropsWhenInMeal: { satiety: 140, health: 2, foodcategory: "Fruit" },
			inPieProperties: { texture: "block/food/pie/fill-chocolate", partType: 'Filling' }
		},
		"*-pistachionut": {
			inContainerTexture: { base: "wildcraftfruit:block/food/pie/fill-pistachionut" },
			nutritionPropsWhenInMeal: { satiety: 120, foodcategory: "Protein" },
			inPieProperties: { texture: "block/food/pie/fill-{nut}", partType: 'Filling' }
		},
		"*-cherrypit": {
			inContainerTexture: { base: "wildcraftfruit:block/food/pie/fill-cherrypit" },
			nutritionPropsWhenInMeal: { satiety: 70, health: 1, foodcategory: "Fruit" },
			inPieProperties: { texture: "block/food/pie/fill-{nut}", partType: 'Filling' }
		},
		"@*-(hazelnut|apricotpit|beachalmond)": {
			inContainerTexture: { base: "wildcraftfruit:block/food/pie/fill-{nut}" },
			nutritionPropsWhenInMeal: { satiety: 120, foodcategory: "Protein" },
			inPieProperties: { texture: "block/food/pie/fill-{nut}", partType: 'Filling' }
		},
		"*-pumpkinseed": {
			inContainerTexture: { base: "wildcraftfruit:block/food/pie/fill-pumpkinseed" },
			nutritionPropsWhenInMeal: { satiety: 90, foodcategory: "Grain" },
			inPieProperties: { texture: "block/food/pie/fill-pumpkinseed", partType: 'Filling' }
		},
		"*-oldmansaltbush": {
			inContainerTexture: { base: "wildcraftfruit:block/food/pie/fill-oldmansaltbush" },
			nutritionPropsWhenInMeal: { satiety: 120, foodcategory: "Grain" },
			inPieProperties: { texture: "block/food/pie/fill-oldmansaltbush", partType: 'Filling' }
		},
		"@*-(commonhackberry|sugarhackberry|deserthackberry)": {
			inContainerTexture: { base: "wildcraftfruit:block/food/pie/fill-{nut}" },
			nutritionPropsWhenInMeal: { satiety: 90, foodcategory: "Fruit" },
			inPieProperties: { texture: "block/food/pie/fill-{nut}", partType: 'Filling' }
		},
		"@*-(pinenut|hackberrypit)": {
			inContainerTexture: { base: "wildcraftfruit:block/food/pie/fill-{nut}" },
			nutritionPropsWhenInMeal: { satiety: 90, foodcategory: "Protein" },
			inPieProperties: { texture: "block/food/pie/fill-{nut}", partType: 'Filling' }
		},
		"*": {
			inContainerTexture: { base: "wildcraftfruit:block/food/pie/fill-{nut}" },
			nutritionPropsWhenInMeal: { satiety: 160, foodcategory: "Protein" },
			inPieProperties: { texture: "block/food/pie/fill-{nut}", partType: 'Filling' }
		}
	},
  "shapebytype": {
    "*": { "base": "wildcraftfruit:item/fruit/{nut}" }
  },
  "textureByType": {
    "*": null
  },
  "creativeinventory": {
    "general": [ "*" ],
    "items": [ "*" ],
    "wildcraftfruit": [ "*" ]
  },
  "storageFlags": 33,
  "nutritionPropsByType": {
      "@*-(almond|almondground|cashewnut|macadamiashelled|peanutground|bunya)": { 
      "satiety": 160,
      "foodcategory": "Protein" 
    },
      "*-acornleached": { 
      "satiety": 120, 
      "foodcategory": "Grain" 
    },
      "*-chestnut": { 
      "satiety": 100, 
      "foodcategory": "Vegetable" 
    },
      "*-chestnutbaked": { 
      "satiety": 160, 
      "foodcategory": "Vegetable" 
    },
      "*-breadnut": { 
      "satiety": 80, 
      "foodcategory": "Vegetable" 
    },
      "*-breadnutbaked": { 
      "satiety": 140, 
      "foodcategory": "Vegetable" 
    },
      "@*-(commonhackberry|sugarhackberry|deserthackberry)": { 
      "satiety": 60, 
      "foodcategory": "Fruit" 
    },
   "*-cherrypit": {
      "satiety": 60,
      "health": 0.5,
      "foodcategory": "Fruit"
    },
      "@*-(hazelnut|apricotpit|beachalmond)": { 
      "satiety": 120, 
      "foodcategory": "Protein" 
    },
      "*-pistachionut": { 
      "satiety": 100, 
      "foodcategory": "Protein" 
    },
      "*-pumpkinseed": { 
      "satiety": 80, 
      "foodcategory": "Grain" 
    },
      "*-oldmansaltbush": { 
      "satiety": 40, 
      "foodcategory": "Grain" 
    },
      "@*-(pinenut|hackberrypit)": { 
      "satiety": 80, 
      "foodcategory": "Protein" 
    },
      "*-pistachioberry": { 
      "satiety": 80, 
      "foodcategory": "Fruit" 
    },
      "*-bluequandong": { 
      "satiety": 30, 
      "foodcategory": "Fruit" 
    },
   "*-chocolate": {
      "satiety": 120,
      "health": 1,
      "foodcategory": "Fruit"
    },
   "*-pacoca": {
      "satiety": 300,
      "health": 1,
      "foodcategory": "Protein"
    },
   "*-marzipan": {
      "satiety": 300,
      "health": 1,
      "foodcategory": "Fruit"
    },
   "*-halva": {
      "satiety": 300,
      "health": 1,
      "foodcategory": "Grain"
    },
      "@*-(almondbar|cashewbar|macadamiabar|peanutbar|bunyabar)": { 
      "satiety": 440,
      "foodcategory": "Protein" 
    },
      "*-acornbar": { 
      "satiety": 400,
      "foodcategory": "Grain" 
    },
      "@*-(hazelbar|apricotbar|beachalmondbar)": { 
      "satiety": 400,
      "foodcategory": "Protein" 
    },
      "*-pistachiobar": { 
      "satiety": 380,
      "foodcategory": "Protein" 
    },
      "@*-(pumpkinbar|sunflowerbar)": { 
      "satiety": 360,
      "foodcategory": "Grain" 
    },
      "*-saltbushbar": { 
      "satiety": 340,
      "foodcategory": "Grain" 
    },
      "@*-(pinenutbar|hackberrybar)": { 
      "satiety": 360,
      "foodcategory": "Protein" 
    },
      "*-cherrybar": { 
      "satiety": 340,
      "health": 2,
      "foodcategory": "Fruit" 
    }
  },
  "transitionablePropsByType": {
		"@*-(fermentedcocoa|bluequandong)": [{
			"type": "Perish",
			"freshHours": { "avg": 360 },
			"transitionHours": { "avg": 48 },
			"transitionedStack": { "type": "item", "code": "game:rot" },
			"transitionRatio": 0.33
		}],
		"@*-(cashewnut|apricotpit|beachalmond|pistachionut|pinenut|almondground|peanutground|macadamiashelled|chocolate|pacoca|pumpkinseed|oldmansaltbush|hackberrypit)": [{
			type: "Perish",
			freshHours: { avg: 1920 },
			transitionHours: { avg: 96 },
			transitionedStack: { "type": "item", "code": "game:rot" },
			transitionRatio: 0.5
		}],
		"@*-(almond|hazelnut|acornshelled|acornleached|cherrypit|bunya|almondbar|peanutbar|pinenutbar|hazelbar|macadamiabar|pistachiobar|cashewbar|acornbar|sunflowerbar|pumpkinbar|apricotbar|cherrybar|bunyabar|saltbushbar|beachalmondbar|hackberrybar)": [{
			type: "Perish",
			freshHours: { avg: 3840 },
			transitionHours: { avg: 144 },
			transitionedStack: { "type": "item", "code": "game:rot" },
			transitionRatio: 0.5
		}],
		"@*-(macadamia|acorn|dwarfpinecone|bunyacone)": [{
			type: "Perish",
			freshHours: { avg: 8760 },
			transitionHours: { avg: 876 },
			transitionedStack: { "type": "item", "code": "game:rot" },
			transitionRatio: 0.5
		}],
		"@*-(chestnut|marzipan|halva|breadnut)": [{
			type: "Perish",
			freshHours: { avg: 960 },
			transitionHours: { avg: 48 },
			transitionedStack: { "type": "item", "code": "game:rot" },
			transitionRatio: 1
		}],
		"*-pandan": [{
			type: "Perish",
			freshHours: { avg: 960 },
			transitionHours: { avg: 48 },
			transitionedStack: { "type": "item", "code": "game:rot" },
			transitionRatio: 1
		}],
		"@*-(commonhackberry|sugarhackberry|deserthackberry|pistachioberry|chestnutbaked|breadnutbaked)": [{
			type: "Perish",
			freshHours: { avg: 360 },
			transitionHours: { avg: 48 },
			transitionedStack: { "type": "item", "code": "game:rot" },
			transitionRatio: 0.5
		}],
		"*-marita": [{
			type: "Perish",
			freshHours: { avg: 360 },
			transitionHours: { avg: 48 },
			transitionedStack: { "type": "item", "code": "game:rot" },
			transitionRatio: 1
		}],
  },
  "guiTransformByType": {
	"*-beachalmond": {
		"translation": { "x": 0, "y": 0, "z": 0 },
		"rotation": { "x": 132, "y": 177, "z": -2 },
		"origin": { "x": 0.52, "y": 0.08, "z": 0.54 },
		"scale": 3.99
	},
	"*-marita": {
		"translation": { "x": 0, "y": 0, "z": 0 },
		"rotation": { "x": 91, "y": -6, "z": -124 },
		"origin": { "x": 0.65, "y": 0.19, "z": 0.5 },
		"scale": 2.32
	},
	"*-bunya": {
		"translation": { "x": 0, "y": 0, "z": 0 },
		"rotation": { "x": -42, "y": -18, "z": 179 },
		"origin": { "x": 0.67, "y": -0.46, "z": 0 },
		"scale": 3.19
	},
	"*-bunyacone": {
		"translation": { "x": 0, "y": 0, "z": 0 },
		"rotation": { "x": -4, "y": 34, "z": 161 },
		"origin": { "x": 0.21, "y": 0.05, "z": 0 },
		"scale": 3.37
	},
	"*-chocolate": {
        translation: { x: 0, y: 0, z: 0 },
        rotation: { x: 143, y: 30, z: 6 },
        origin: { x: 0.46, y: 0.04, z: 0.55 },
        scale: 2.4
	},
	"*-oldmansaltbush": {
        translation: { x: 0, y: 0, z: 0 },
        rotation: { x: 137, y: -36, z: 6 },
        origin: { x: 0.55, y: -0.02, z: 0.55 },
        scale: 3.96
	},
	"*-pacoca": {
        translation: { x: 0, y: 0, z: 0 },
        rotation: { x: 152, y: 76, z: -8 },
        origin: { x: 0.6, y: 0.25, z: 0.5 },
        scale: 2.34
	},
	"*-pandan": {
        rotation: { x: 3, y: -18, z: 146 },
        origin: { x: 0.6, y: 0.3, z: 0.1 },
        scale: 3.73
	},
	"@*-(commonhackberry|sugarhackberry|deserthackberry)": {
		"translation": { "x": 0, "y": 0, "z": 0 },
		"rotation": { "x": -130, "y": 13, "z": -14 },
		"origin": { "x": 0.37, "y": 0, "z": 0.6 },
		"scale": 2.1
	},
	"@*-(acornbar|hazelbar|almondbar|macadamiabar|cashewbar|peanutbar|pinenutbar|pistachiobar|pumpkinbar|sunflowerbar|cherrybar|apricotbar|saltbushbar|bunyabar|beachalmondbar|hackberrybar)": {
		"rotation": { "x": -31, "y": -38, "z": 180 },
		"origin": { "x": 0.8, "y": -0.24, "z": 0.11 },
		"scale": 3.68
	},
    "*-bluequandong": {
        translation: { x: 0, y: 0, z: 0 },
        rotation: { x: 151, y: -165, z: 2 },
        origin: { x: 0.63, y: -0.17, z: 0 },
        scale: 3.1
    },
	"*-hazelnut": {
		"translation": { "x": 2, "y": 3, "z": 0 },
		"rotation": { "x": -11, "y": -4, "z": -153 },
		"origin": { "x": 0.51, "y": 0.03, "z": 0.3 },
		"scale": 2.77
	},
	"@*-(almondground|peanutground)": {
		translation: { x: 3, y: 1, z: -25 },
		rotation: { x: 149, y: 15, z: 5 },
		origin: { x: 0.36, y: -0.14, z: 0.8 },
		scale: 2.77
	},
	"*-cashewnut": {
		"translation": { "x": 0, "y": 0, "z": 0 },
		"rotation": { "x": 164, "y": 113, "z": 1 },
		"origin": { "x": 0.5, "y": 0.12, "z": 0.45 },
		"scale": 3.09
	},
	"*-marzipan": {
		"translation": { "x": 0, "y": 0, "z": 0 },
		"rotation": { "x": -21, "y": -23, "z": 180 },
		"origin": { "x": 0.6, "y": 0.03, "z": 0.4 },
		"scale": 3.23
	},
	"*-halva": {
		"translation": { "x": 0, "y": 0, "z": 0 },
		"rotation": { "x": -23, "y": -58, "z": 180 },
		"origin": { "x": 0.62, "y": 0.08, "z": 0.46 },
		"scale": 2.86
	},
	"*-chestnut": {
		"rotation": { "x": -46, "y": -66, "z": -180 },
		"origin": { "x": 0.8, "y": -0.19, "z": 0.44 },
		"scale": 2.67
	},
	"*-chestnutbaked": {
		"translation": { "x": 0, "y": 0, "z": 0 },
		"rotation": { "x": -36, "y": -82, "z": -180 },
		"origin": { "x": 0.82, "y": -0.2, "z": 0.44 },
		"scale": 2.9
	},
	"*-pinenut": {
		"translation": { "x": 0, "y": 0, "z": 0 },
		"rotation": { "x": -63, "y": 2, "z": -7 },
		"origin": { "x": 0.52, "y": 0.1, "z": 0.45 },
		"scale": 3.5
	},
	"*-macadamia": {
		"translation": { "x": 0, "y": 0, "z": 0 },
		"rotation": { "x": 144, "y": 35, "z": -5 },
		"origin": { "x": 0.52, "y": 0.15, "z": 0.45 },
		"scale": 2.74
	},
	"*-macadamiashelled": {
		"translation": { "x": 0, "y": 0, "z": 0 },
		"rotation": { "x": 141, "y": 96, "z": -8 },
		"origin": { "x": 0.52, "y": 0.08, "z": 0.45 },
		"scale": 3.56
	},
	"*-fermentedcocoa": {
		"translation": { "x": 0, "y": 0, "z": 0 },
		"rotation": { "x": 138, "y": 160, "z": -4 },
		"origin": { "x": 0.466, "y": 0.04, "z": 0.47 },
		"scale": 3.56
	},
	"*-pistachioberry": {
		"translation": { "x": 0, "y": 0, "z": 0 },
		"rotation": { "x": 124, "y": -106, "z": -8 },
		"origin": { "x": 0.47, "y": 0.02, "z": 0.52 },
		"scale": 4.04
	},
	"*-pistachionut": {
		"translation": { "x": 0, "y": 0, "z": 0 },
		"rotation": { "x": 124, "y": -106, "z": -8 },
		"origin": { "x": 0.48, "y": 0.03, "z": 0.52 },
		"scale": 4.04
	},
	"*-acorn": {
		"translation": { "x": 0, "y": 0, "z": 0 },
		"rotation": { "x": 137, "y": 119, "z": -2 },
		"origin": { "x": 0.48, "y": 0.12, "z": 0.46 },
		"scale": 2.65
	},
	"@*-(acornshelled|acornleached)": {
		"translation": { "x": 0, "y": 0, "z": 0 },
		"rotation": { "x": 161, "y": -36, "z": -1 },
		"origin": { "x": 0.39, "y": 0.16, "z": 0.45 },
		"scale": 3.25
	},
	"*-almond": {
		"translation": { "x": 2, "y": 3, "z": 0 },
		"rotation": { "x": 126, "y": 167, "z": 8 },
		"origin": { "x": 0.4, "y": 0.07, "z": 0.6 },
		"scale": 2.79
	},
	"*-dwarfpinecone": {
		translation: { x: 0, y: 0, z: 0 },
		rotation: { x: 19, y: 133, z: 133 },
		origin: { x: 0.45, y: 0.14, z: 0.52 },
		scale: 3.73
	},
	"*-pumpkinseed": {
		"translation": { "x": 0, "y": 0, "z": 0 },
		"rotation": { "x": 127, "y": -84, "z": -5 },
		"origin": { "x": 0.5, "y": 0.06, "z": 0.56 },
		"scale": 3.75
	},
	"@*-(breadnut|breadnutbaked)": {
		"translation": { "x": 0, "y": 0, "z": 0 },
		"rotation": { "x": 143, "y": -81, "z": -5 },
		"origin": { "x": 0.57, "y": 0.08, "z": 0.55 },
		"scale": 3.56
	},
	"*-cherrypit": {
		"translation": { "x": 0, "y": 0, "z": 0 },
		"rotation": { "x": 120, "y": 83, "z": 12 },
		"origin": { "x": 0.4, "y": -0.04, "z": 0.53 },
		"scale": 3.56
	},
	"*-hackberrypit": {
		"translation": { "x": 0, "y": 0, "z": 0 },
		"rotation": { "x": 120, "y": 122, "z": 12 },
		"origin": { "x": 0.4, "y": -0.06, "z": 0.45 },
		"scale": 3.7
	},
	"*-apricotpit": {
		"translation": { "x": 0, "y": 0, "z": 0 },
		"rotation": { "x": 131, "y": -145, "z": 3 },
		"origin": { "x": 0.51, "y": 0.1, "z": 0.56 },
		"scale": 3.18
	},
  },
  "fpHandTransformByType": {
	"*-chocolate": {
		"translation": { "x": 0, "y": 0, "z": 0 },
		"rotation": { "x": 9, "y": -161, "z": 2 },
		"origin": { "x": 0.5, "y": 0.3, "z": 0.5 },
		"scale": 1.26
	},
	"*-pandan": {
		"rotation": { "x": 24, "y": 5, "z": 7 },
		"origin": { "x": 0.2, "y": 0.2, "z": 0.7 },
		"scale": 2.43
	},
	"@*-(acornbar|hazelbar|almondbar|macadamiabar|cashewbar|peanutbar|pinenutbar|pistachiobar|pumpkinbar|sunflowerbar|cherrybar|apricotbar|saltbushbar|bunyabar|beachalmondbar)": {
		"rotation": { "x": 40, "y": 15, "z": -30 },
		"origin": { "x": 0.8, "y": 0.5, "z": 0.5 },
		"scale": 1.83
	},
	"@*-(commonhackberry|sugarhackberry|deserthackberry)": {
		"translation": { "x": 0, "y": 0, "z": 0 },
		"rotation": { "x": 123, "y": -36, "z": 99 },
		"origin": { "x": 0.7, "y": 0, "z": 0.3 },
		"scale": 1.1
	},
	"@*-(almondground|peanutground)": {
		translation: { x: 0.1, y: 0.16, z: 0 },
		rotation: { x: 37, y: 77, z: 2 },
		origin: { x: 0.4, y: 0.1, z: 0.5 },
		scale: 1.35
	},
	"*-bluequandong": {
		rotation: { x: 20, y: 103, z: -6 },
		origin: { x: 0.5, y: 0.5, z: 0.55 },
  		scale: 1.66
	},
	"*-marzipan": {
		"translation": { "x": 0, "y": 0, "z": 0 },
		"rotation": { "x": 73, "y": -180, "z": -65 },
		"origin": { "x": 0.45, "y": 0.2, "z": 0.5 },
		"scale": 1.84
	},
	"*-halva": {
		"rotation": { "x": -126, "y": -2, "z": -71 },
		"origin": { "x": 0.4, "y": 0.3, "z": 0.5 },
		"scale": 1.5
	},
	"*-hazelnut": {
		"translation": { "x": 0, "y": 0.1, "z": 0 },
		"rotation": { "x": -48, "y": -45, "z": -22 },
		"origin": { "x": 0.6, "y": 0.1, "z": 0.5 },
		"scale": 1.37
	},
	"*-chestnut": {
		"translation": { "x": 0, "y": 0, "z": 0 },
		"rotation": { "x": 14, "y": 50, "z": -3 },
		"origin": { "x": 0.5, "y": 0.3, "z": 0.5 },
		"scale": 1.48
	},
	"*-chestnutbaked": {
		"translation": { "x": 0, "y": 0, "z": 0 },
		"rotation": { "x": 17, "y": -19, "z": 2 },
		"origin": { "x": 0.6, "y": 0.25, "z": 0.5 },
		"scale": 1.48
	},
	"*-cashewnut": {
		"translation": { "x": 0, "y": 0, "z": 0 },
		"rotation": { "x": 60, "y": 102, "z": -65 },
		"origin": { "x": 0.4, "y": 0.25, "z": 0.5 },
		"scale": 1.05
	},
	"@*-(almond|apricotpit|cherrypit|breadnut|breadnutbaked)": {
		"translation": { "x": 0, "y": 0.22, "z": 0 },
		"rotation": { "x": 24, "y": -25, "z": 2 },
		"origin": { "x": 0.6, "y": 0.1, "z": 0.5 },
		"scale": 1.26
	},
	"*-pinenut": {
		"translation": { "x": 0, "y": 0.22, "z": 0 },
		"rotation": { "x": 24, "y": -25, "z": 2 },
		"origin": { "x": 0.23, "y": 0.1, "z": 0.4 },
		"scale": 1.26
	},
	"*-pumpkinseed": {
		"translation": { "x": 0, "y": 0.22, "z": 0 },
		"rotation": { "x": 24, "y": -25, "z": 2 },
		"origin": { "x": 0.23, "y": 0.1, "z": 0.4 },
		"scale": 1.26
	},
	"@*-(macadamia|macadamiashelled)": {
		"translation": { "x": 0, "y": 0.22, "z": 0 },
		"rotation": { "x": 24, "y": -25, "z": 2 },
		"origin": { "x": 0.23, "y": 0.1, "z": 0.4 },
		"scale": 1.26
	},
	"*-fermentedcocoa": {
		"translation": { "x": 0, "y": 0.22, "z": 0 },
		"rotation": { "x": 24, "y": -25, "z": 2 },
		"origin": { "x": 0.23, "y": 0.1, "z": 0.55 },
		"scale": 1.54
	},
	"*-acorn": {
		"translation": { "x": 0, "y": 0.04, "z": 0 },
		"rotation": { "x": 0, "y": 54, "z": 16 },
		"origin": { "x": 0.4, "y": 0.15, "z": 0.55 },
		"scale": 1.05
	},
	"@*-(acornshelled|acornleached)": {
		"translation": { "x": 0, "y": 0.04, "z": 0 },
		"rotation": { "x": 4, "y": 60, "z": 20 },
		"origin": { "x": 0.36, "y": 0.15, "z": 0.55 },
		"scale": 1.19
	},
	"@*-(pistachioberry|pistachionut)": {
		"translation": { "x": 0, "y": 0.04, "z": 0 },
		"rotation": { "x": 27, "y": 27, "z": 24 },
		"origin": { "x": 0.3, "y": 0.1, "z": 0.55 },
		"scale": 1.65
	},
	"*-dwarfpinecone": {
		translation: { x: -0.05, y: 0, z: 0 },
		rotation: { x: -21, y: 90, z: 13 },
		origin: { x: 0.45, y: 0.14, z: 0.45 },
		scale: 1.72
	},
	"*-pacoca": {
		rotation: { x: 7, y: -112, z: 9 },
		scale: 1.34
	}
	},
	tpHandTransformByType: {
		"*-chocolate": {
			"translation": { "x": -0.1, "y": -1.45, "z": -1.3 },
			"rotation": { "x": 116, "y": -4, "z": -69 },
			"origin": { "x": -0.1, "y": 0.4, "z": 0.7 },
			"scale": 0.32
		},
		"*-marita": {
			"translation": { "x": 0, "y": 0, "z": 0 },
			"rotation": { "x": -89, "y": 41, "z": -13 },
			"origin": { "x": 0.24, "y": 0.1, "z": 0 },
			"scale": 0.64
		},
		"*-oldmansaltbush": {
			"translation": { "x": -0.34, "y": -0.9, "z": -0.6 },
			"rotation": { "x": 116, "y": -4, "z": -69 },
			"origin": { "x": 0, "y": 0.4, "z": 0.7 },
			"scale": 0.5
		},
		"*-pandan": {
			"translation": { "x": -0.14, "y": 0, "z": 0 },
			"rotation": { "x": 12, "y": -2, "z": -77 },
			"origin": { "x": 0, "y": 0.34, "z": 0.3 },
			"scale": 0.86
		},
	"@*-(acornbar|hazelbar|almondbar|macadamiabar|cashewbar|peanutbar|pinenutbar|pistachiobar|pumpkinbar|sunflowerbar|cherrybar|apricotbar|saltbushbar|bunyabar|beachalmondbar|hackberrybar)": {
		"translation": { "x": 0.3, "y": 0.3, "z": -0.85 },
		"rotation": { "x": -78, "y": -112, "z": -38 },
		"origin": { "x": -0.7, "y": 0.25, "z": 0.1 },
		"scale": 0.62
	},
		"@*-(commonhackberry|sugarhackberry|deserthackberry)": {
			"translation": { "x": 0, "y": 0, "z": 0 },
			"rotation": { "x": 90, "y": 158, "z": 2 },
			"origin": { "x": -0.2, "y": 0.2, "z": 0.04 },
			"scale": 0.3
		},
		"*-bluequandong": {
			translation: { x: -0.1, y: 0.2, z: -0.8 },
			rotation: { x: 138, y: -19, z: -66 },
			origin: { x: 0.12, y: -0.25, z: 0.37 },
			scale: 0.42
		},
		"*-hazelnut": {
			"translation": { "x": 0, "y": 0, "z": 0 },
			"rotation": { "x": -128, "y": 20, "z": -118 },
			"origin": { "x": -0.1, "y": 0.13, "z": -0.27 }
		},
		"@*-(almondground|peanutground)": {
			translation: { x: -1.64, y: -1.1, z: -0.7 },
			rotation: { x: 19, y: 26, z: -83 },
			scale: 0.48
		},
		"*-almond": {
			"translation": { "x": 0, "y": 0, "z": 0 },
			"rotation": { "x": 120, "y": -5, "z": 108 },
			"origin": { "x": -0.33, "y": -0.23, "z": -0.35 },
			"scale": 0.43
		},
	"@*-(marzipan|halva)": {
		"translation": { "x": -0.36, "y": 0, "z": -0.6 },
		"rotation": { "x": 44, "y": -164, "z": 72 },
		"origin": { "x": 0, "y": -0, "z": 0.12 },
		"scale": 0.56
	},
	"*-pacoca": {
		origin: { x: 0.57, y: 0.75, z: 0.58 },
		scale: 0.37
	},
		"*-pinenut": {
			"translation": { "x": 0, "y": 0, "z": 0 },
			"rotation": { "x": 110, "y": -5, "z": 108 },
			"origin": { "x": -0.34, "y": -0.23, "z": -0.35 },
			"scale": 0.43
		},
		"*-pumpkinseed": {
			"translation": { "x": 0, "y": 0, "z": 0 },
			"rotation": { "x": 110, "y": 180, "z": 74 },
			"origin": { "x": -0.39, "y": 0.4, "z": -0.16 },
			"scale": 0.48
		},
		"*-macadamia": {
			"translation": { "x": 0, "y": 0, "z": 0 },
			"rotation": { "x": 110, "y": -5, "z": 108 },
			"origin": { "x": -0.36, "y": -0.27, "z": -0.35 },
			"scale": 0.43
		},
		"@*-(macadamiashelled|pistachioberry|pistachionut)": {
			"translation": { "x": 0, "y": 0, "z": -0.33 },
			"rotation": { "x": 117, "y": 0, "z": -68 },
			"origin": { "x": 0.07, "y": -0.13, "z": 0.37 },
			"scale": 0.51
		},
		"*-fermentedcocoa": {
			"translation": { "x": -0.03, "y": 0, "z": -0.33 },
			"rotation": { "x": 117, "y": 0, "z": -68 },
			"origin": { "x": 0.07, "y": -0.13, "z": 0.37 },
			"scale": 0.51
		},
	        "@*-(acorn|acornshelled|acornleached)": {
			"translation": { "x": -0.1, "y": 0.2, "z": -0.66 },
			"rotation": { "x": 68, "y": 4, "z": -67 },
			"origin": { "x": 0.06, "y": 0, "z": 0.5 },
			"scale": 0.4
		},
		"*-chestnut": {
			"translation": { "x": 0, "y": 0, "z": 0 },
			"rotation": { "x": 118, "y": -5, "z": -62 },
			"origin": { "x": 0.11, "y": -0.26, "z": 0.04 },
			"scale": 0.43
		},
		"*-chestnutbaked": {
			"translation": { "x": 0, "y": 0.25, "z": 0.2 },
			"rotation": { "x": 97, "y": -5, "z": -62 },
			"origin": { "x": 0.11, "y": -0.3, "z": 0.04 },
			"scale": 0.43
		},
		"*-cashewnut": {
			"translation": { "x": 0, "y": 0, "z": -0.33 },
			"rotation": { "x": 117, "y": 0, "z": -68 },
			"origin": { "x": 0.08, "y": -0.13, "z": 0.34 },
			"scale": 0.44
		},
		"*-dwarfpinecone": {
			translation: { x: -1.24, y: -0.17, z: -1.1 },
			rotation: { x: -12, y: 7, z: -95 },
			origin: { x: 0.5, y: 0.09, z: 0.53 },
			scale: 0.48
		},
		"*-bunyacone": {
			translation: { x: -1.16, y: -0.4, z: -1.1 },
			rotation: { x: -12, y: 5, z: -86 },
			origin: { x: 0.6, y: 0.2, z: 0.67 },
			scale: 0.67
		},
		"@*-(apricotpit|cherrypit|breadnut|breadnutbaked|hackberrypit)": {
			"translation": { "x": -0.48, "y": 0, "z": 0 },
			"rotation": { "x": 113, "y": 167, "z": 70 },
			"origin": { "x": 0, "y": 0.27, "z": 0.02 },
			"scale": 0.43
		},
		"*-bunya": {
			"translation": { "x": -0.4, "y": 0, "z": 0 },
			"rotation": { "x": 164, "y": 164, "z": 79 },
			"origin": { "x": 0.03, "y": 0.2, "z": 0.2 },
			"scale": 0.43
		},
		"*-beachalmond": {
			"translation": { "x": -0.5, "y": 0, "z": 0 },
			"rotation": { "x": 113, "y": 167, "z": 70 },
			"origin": { "x": 0, "y": 0.3, "z": 0 },
			"scale": 0.49
		},
	},
	"groundTransformByType": {
		"*-chocolate": {
			"translation": { "x": 0, "y": 0, "z": 0 },
			"rotation": { "x": 0, "y": 0, "z": 0 },
			"origin": { "x": 0.47, "y": 0, "z": 0.5 },
			"scale": 2.26
		},
		"*-marita": {
			"translation": { "x": 0, "y": 0, "z": 0 },
			"rotation": { "x": 8, "y": 0, "z": 3 },
			"origin": { "x": 0.5, "y": 0, "z": 0.5 },
			"scale": 3.92
		},
		"*-oldmansaltbush": {
			"translation": { "x": 0, "y": 0, "z": 0 },
			"rotation": { "x": 0, "y": 0, "z": 0 },
			"origin": { "x": 0.47, "y": 0, "z": 0.5 },
			"scale": 4
		},
		"*-pandan": {
			"translation": { "x": 0, "y": 0, "z": 0 },
			"rotation": { "x": 111, "y": 0, "z": 0 },
			"origin": { "x": 0.5, "y": 0.5, "z": 0.52 },
			"scale": 6
		},
		"@*-(marzipan|halva)": {
			"translation": { "x": 0, "y": 0, "z": 0 },
			"rotation": { "x": 0, "y": 0, "z": 0 },
			"origin": { "x": 0, "y": 0, "z": 0 },
			"scale": 3
		},
		"*-bluequandong": {
			translation: { x: 0, y: 0, z: 0 },
			rotation: { x: -5, y: 30, z: 1 },
			origin: { x: 0.5, y: 0, z: 0.53 },
			scale: 2.46
		},
		"*-pacoca": {
			"translation": { "x": 0, "y": 0, "z": 0 },
			"rotation": { "x": 0, "y": 0, "z": 0 },
			"origin": { "x": 0, "y": 0, "z": 0 },
			"scale": 2.68
		},
	"@*-(acornbar|hazelbar|almondbar|macadamiabar|cashewbar|peanutbar|pinenutbar|pistachiobar|pumpkinbar|sunflowerbar|cherrybar|apricotbar|saltbushbar|bunyabar|beachalmondbar|hackberrybar)": {
		"translation": { "x": 0, "y": 0, "z": 0 },
		"rotation": { "x": 0, "y": 0, "z": 0 },
		"origin": { "x": 0, "y": 0, "z": 0 },
		"scale": 3.21
	},
		"@*-(commonhackberry|sugarhackberry|deserthackberry)": {
			"translation": { "x": 0, "y": 0, "z": 0 },
			"rotation": { "x": -11, "y": 0, "z": -3 },
			"origin": { "x": 0.47, "y": 0, "z": 0.5 },
			"scale": 1.89
		},
		"@*-(almond|pinenut|macadamia|macadamiashelled|pumpkinseed|apricotpit|breadnut|breadnutbaked)": {
			"translation": { "x": 0, "y": 0, "z": 0 },
			"rotation": { "x": 0, "y": 0, "z": 0 },
			"origin": { "x": 0.47, "y": 0, "z": 0.5 },
			"scale": 2.72
		},
		"*-bunya": {
			"translation": { "x": 0, "y": 0, "z": 0 },
			"rotation": { "x": 0, "y": 0, "z": 0 },
			"origin": { "x": 0.47, "y": 0, "z": 0.5 },
			"scale": 2.9
		},
		"@*-(cherrypit|hackberrypit)": {
			"translation": { "x": 0, "y": 0, "z": 0 },
			"rotation": { "x": 0, "y": 0, "z": 0 },
			"origin": { "x": 0.47, "y": 0, "z": 0.5 },
			"scale": 3.1
		},
		"*-beachalmond": {
			"translation": { "x": 0, "y": 0, "z": 0 },
			"rotation": { "x": 0, "y": 0, "z": 0 },
			"origin": { "x": 0.47, "y": 0, "z": 0.5 },
			"scale": 3.02
		},
		"@*-(almondground|peanutground)": {
			translation: { x: 0, y: 0, z: 0 },
			rotation: { x: 3, y: 1, z: 0 },
			origin: { x: 0.5, y: 0, z: 0.5 },
			scale: 2.65
		},
		"@*-(fermentedcocoa|pistachioberry|pistachionut)": {
			"translation": { "x": 0, "y": 0, "z": 0 },
			"rotation": { "x": 0, "y": 0, "z": 0 },
			"origin": { "x": 0.47, "y": 0, "z": 0.5 },
			"scale": 3.66
		},
	        "@*-(acorn|acornshelled|acornleached)": {
			"translation": { "x": 0, "y": 0, "z": 0 },
			"rotation": { "x": 0, "y": 0, "z": 0 },
			"origin": { "x": 0.47, "y": 0, "z": 0.5 },
			"scale": 2.29
		},
		"*-cashewnut": {
			"translation": { "x": 0, "y": 0, "z": 0 },
			"rotation": { "x": 1, "y": 1, "z": 4 },
			"origin": { "x": 0.4, "y": 0, "z": 0 },
			"scale": 1.99
		},
		"@*-(chestnut|chestnutbaked)": {
			"translation": { "x": 0, "y": 0, "z": 0 },
			"rotation": { "x": 0, "y": 0, "z": 0 },
			"origin": { "x": 0.5, "y": -0.01, "z": 0 },
			"scale": 2.96
		},
		"*-hazelnut": {
			"translation": { "x": 0, "y": 0, "z": 0 },
			"rotation": { "x": -58, "y": 0, "z": 0 },
			"origin": { "x": 0.5, "y": 0.01, "z": 0.5 },
			"scale": 2.66
		},
		"*-dwarfpinecone": {
			translation: { x: 0, y: 0, z: 0 },
			rotation: { x: 80, y: 0, z: 0 },
			origin: { x: 0.5, y: 0.1, z: 0.6 },
			scale: 2.86
		},
		"*-bunyacone": {
			translation: { x: 0, y: 0, z: 0 },
			rotation: { x: 80, y: 0, z: 24 },
			origin: { x: 0.7, y: 0.1, z: 0.7 },
			scale: 3.81
		}
    },
	combustiblePropsByType: {
		"*-pistachioberry": {
			meltingPoint: 100,
			meltingDuration: 15,
			smeltedRatio: 1,
			smeltingType: "cook",
			smeltedStack: { type: "item", code: "wildcraftfruit:nut-pistachionut" },
			requiresContainer: false
		},
		"*-chestnut": {
			meltingPoint: 150,
			meltingDuration: 30,
			smeltedRatio: 1,
			smeltingType: "cook",
			smeltedStack: { type: "item", code: "wildcraftfruit:nut-chestnutbaked" },
			requiresContainer: false
		},
		"*-breadnut": {
			meltingPoint: 150,
			meltingDuration: 30,
			smeltedRatio: 1,
			smeltingType: "cook",
			smeltedStack: { type: "item", code: "wildcraftfruit:nut-breadnutbaked" },
			requiresContainer: false
		}
	},
	grindingPropsByType: {
               "*-fermentedcocoa": {
		groundStack: { type: "item", code: "wildcraftfruit:nut-chocolate" },
        },
               "*-almond": {
		groundStack: { type: "item", code: "wildcraftfruit:nut-almondground" },
        },
               "*-acornleached": {
		groundStack: { type: "item", code: "wildcraftfruit:flour-acorn" },
        },
               "*": null
	},
	heldTpIdleAnimationByType: {
		"@*-(almond|cashewnut|chestnut|chestnutbaked|pinenut|macadamia|macadamiashelled|fermentedcocoa|chocolate|pistachioberry|pistachionut|acorn|acornshelled|acornleached|peanutground|almondground|marzipan|halva|bluequandong|pumpkinseed|cherrypit|apricotpit|breadnut|breadnutbaked|beachalmond|bunya|oldmansaltbush|hackberrypit)": "holdbothhands"
	},
	"heldRightReadyAnimationByType": {
		"@*-(almond|cashewnut|chestnut|chestnutbaked|pinenut|macadamia|macadamiashelled|fermentedcocoa|chocolate|pistachioberry|pistachionut|acorn|acornshelled|acornleached|peanutground|almondground|marzipan|halva|bluequandong|pumpkinseed|cherrypit|apricotpit|breadnut|breadnutbaked|beachalmond|bunya|oldmansaltbush|hackberrypit)": "holdbothhands"
	},
}
