{
	code: "vegetable",
	maxstacksize: 64,
  "attributes": {
    "inContainerTexture": {
      "base": "wildcraftfruit:block/food/pie/fill-{type}"
    },
    "nutritionPropsWhenInMealByType": {
    "*-avocado": { 
      "satiety": 150, 
      "foodcategory": "Vegetable" 
    },
    "*-maritabits": { 
      "satiety": 120,
      "foodcategory": "Vegetable" 
    }
    },
    "inPiePropertiesByType": {
      "*-maritabits": {
      "texture": "wildcraftfruit:block/food/pie/fill-maritasoft",
      "partType": "Filling"
    },
      "*": {
      "texture": "wildcraftfruit:block/food/pie/fill-{type}",
      "partType": "Filling"
    }
    },
  },
	variantgroups: [
		{ code: "type", states: ["maritabits", "avocado"] },
	],
	shapebytype: {
		"*-avocado": { base: "wildcraftfruit:item/fruit/avocado" },
		"*-maritabits": { base: "wildcraftfruit:item/fruit/maritabits" }
	},
	creativeinventory: { "general": ["*"], "items": ["*"], "wildcraftfruit": ["*"] },
	storageFlags: 33,
	nutritionPropsByType: {
		"*-maritabits": { satiety: 80, foodcategory: "Vegetable" },
		"*": { satiety: 100, foodcategory: "Vegetable" },
	},
	transitionablePropsByType: {
		"*-maritabits": [{
			type: "Perish",
			freshHours: { avg: 360 },
			transitionHours: { avg: 48 },
			transitionedStack: { type: "item", code: "game:rot" },
			transitionRatio: 0.5
		}],
		"*-avocado": [{
			type: "Perish",
			freshHours: { avg: 360 },
			transitionHours: { avg: 48 },
			transitionedStack: { type: "item", code: "game:rot" },
			transitionRatio: 0.5
		}]
	},
	combustiblePropsByType: {
		"*-maritabits": {
			meltingPoint: 100,
			meltingDuration: 30,
			smeltedRatio: 1,
			smeltingType: "cook",
			smeltedStack: { type: "item", code: "wildcraftfruit:fruit-maritasoft" },
			requiresContainer: false
		}
	},
	materialDensity: 600,
	guiTransformByType: {
		"*-avocado": {
			translation: { x: 2, y: 1, z: 0 },
			rotation: { x: 95, y: 68, z: 56 },
			origin: { x: 0.5, y: 0.17, z: 0.51 },
			scale: 3.16
		},
		"*-maritabits": {
			translation: { x: 0, y: 0, z: 0 },
			rotation: { x: -30, y: 6, z: -165 },
			origin: { x: 0.44, y: -0.12, z: 0 },
			scale: 2.58
		},
	},
	fpHandTransformByType: {
		"*-avocado": {
			translation: { x: 0, y: 0, z: 0 },
			rotation: { x: 21, y: 85, z: -12 },
			origin: { x: 0.5, y: 0.5, z: 0.6 },
			scale: 1.71
		}
	},
	tpHandTransformByType: {
		"*-avocado": {
			translation: { x: -1.39, y: -0.96, z: -0.86 },
			rotation: { x: -27, y: 0, z: -90 },
			scale: 0.56
		},
		"*-maritabits": {
			translation: { x: 0, y: 0, z: 0 },
			rotation: { x: 38, y: -41, z: -2 },
			origin: { x: 0.03, y: -0.65, z: 0.1 },
			scale: 0.57
		}
        },
	groundTransformByType: {
		"*-avocado": {
			translation: { x: 0, y: 0, z: 0 },
			rotation: { x: 0, y: 0, z: 89 },
			origin: { x: 0.47, y: 0, z: 0.5 },
			scale: 3
		},
		"*-maritabits": {
			translation: { x: 0, y: 0, z: 0 },
			rotation: { x: 0, y: 0, z: 0 },
			origin: { x: 0, y: 0, z: 0 },
			scale: 3.1
		}
	}
}