{
	"editor": {
		"allAngles": false,
		"entityTextureMode": false
	},
	"textureWidth": 16,
	"textureHeight": 16,
	"textureSizes": {
	},
	"textures": {
		"croissant": "game:item/food/grain/amaranthbread"
	},
	"elements": [
		{
			"name": "Cube2",
			"from": [ 9.0, 0.0, 7.0 ],
			"to": [ 9.75, 0.75, 9.0 ],
			"rotationOrigin": [ 9.0, 0.0, 7.0 ],
			"faces": {
				"north": { "texture": "#croissant", "uv": [ 2.5, 12.0, 3.0, 12.5 ] },
				"east": { "texture": "#croissant", "uv": [ 1.5, 10.5, 3.5, 11.0 ] },
				"south": { "texture": "#croissant", "uv": [ 3.0, 11.5, 3.5, 12.0 ] },
				"west": { "texture": "#croissant", "uv": [ 2.5, 11.5, 4.5, 12.0 ] },
				"up": { "texture": "#croissant", "uv": [ 2.0, 11.5, 2.5, 13.5 ] },
				"down": { "texture": "#croissant", "uv": [ 2.0, 11.0, 2.5, 13.0 ] }
			}
		},
		{
			"name": "Cube3",
			"from": [ 9.0, 0.0, 7.0 ],
			"to": [ 9.6, 0.6, 7.6 ],
			"rotationOrigin": [ 9.0, 0.0, 7.0 ],
			"rotationY": 90.0,
			"faces": {
				"north": { "texture": "#croissant", "uv": [ 3.0, 12.0, 3.5, 12.5 ] },
				"east": { "texture": "#croissant", "uv": [ 3.0, 10.5, 3.5, 11.0 ] },
				"south": { "texture": "#croissant", "uv": [ 2.0, 12.0, 2.5, 12.5 ] },
				"west": { "texture": "#croissant", "uv": [ 1.5, 11.5, 2.0, 12.0 ] },
				"up": { "texture": "#croissant", "uv": [ 2.0, 11.0, 2.5, 11.5 ] },
				"down": { "texture": "#croissant", "uv": [ 0.5, 10.0, 1.0, 10.5 ] }
			},
			"children": [
				{
					"name": "Cube5",
					"from": [ 0.0, 0.0, -2.0 ],
					"to": [ 1.0, 0.5, -1.25 ],
					"rotationOrigin": [ 1.0, 0.0, -1.0 ],
					"rotationY": 90.0,
					"faces": {
						"north": { "texture": "#croissant", "uv": [ 2.0, 12.5, 3.0, 13.0 ] },
						"east": { "texture": "#croissant", "uv": [ 2.0, 13.0, 2.5, 13.5 ] },
						"south": { "texture": "#croissant", "uv": [ 2.0, 11.5, 3.0, 12.0 ] },
						"west": { "texture": "#croissant", "uv": [ 1.5, 11.5, 2.0, 12.0 ] },
						"up": { "texture": "#croissant", "uv": [ 1.5, 13.0, 2.5, 13.5 ] },
						"down": { "texture": "#croissant", "uv": [ 2.5, 11.5, 3.5, 12.0 ] }
					}
				},
				{
					"name": "Cube8",
					"from": [ 0.0, 0.0, -3.0 ],
					"to": [ 0.5, 0.4, -2.4 ],
					"rotationOrigin": [ 1.0, 0.0, -2.0 ],
					"rotationX": -180.0,
					"rotationY": 90.0,
					"rotationZ": -180.0,
					"faces": {
						"north": { "texture": "#croissant", "uv": [ 2.5, 12.5, 3.0, 13.0 ] },
						"east": { "texture": "#croissant", "uv": [ 2.0, 12.5, 2.5, 13.0 ] },
						"south": { "texture": "#croissant", "uv": [ 1.5, 12.5, 2.0, 13.0 ] },
						"west": { "texture": "#croissant", "uv": [ 2.0, 14.5, 2.5, 15.0 ] },
						"up": { "texture": "#croissant", "uv": [ 1.5, 14.5, 2.0, 15.0 ] },
						"down": { "texture": "#croissant", "uv": [ 2.5, 11.5, 3.0, 12.0 ] }
					}
				},
				{
					"name": "Cube9",
					"from": [ 0.0, 0.0, -0.8 ],
					"to": [ 0.5, 0.3, -0.4 ],
					"rotationOrigin": [ 0.0, 0.0, -1.0 ],
					"rotationY": 180.0,
					"faces": {
						"north": { "texture": "#croissant", "uv": [ 2.0, 11.5, 2.5, 12.0 ] },
						"east": { "texture": "#croissant", "uv": [ 3.0, 11.5, 3.5, 12.0 ] },
						"south": { "texture": "#croissant", "uv": [ 3.0, 11.0, 3.5, 11.5 ] },
						"west": { "texture": "#croissant", "uv": [ 2.0, 12.5, 2.5, 13.0 ] },
						"up": { "texture": "#croissant", "uv": [ 2.5, 9.5, 3.0, 10.0 ] },
						"down": { "texture": "#croissant", "uv": [ 2.5, 13.0, 3.0, 13.5 ] }
					}
				}
			]
		},
		{
			"name": "Cube4",
			"from": [ 9.0, 0.0, 9.0 ],
			"to": [ 9.6, 0.6, 9.6 ],
			"rotationOrigin": [ 9.0, 0.0, 9.0 ],
			"faces": {
				"north": { "texture": "#croissant", "uv": [ 2.5, 12.0, 3.0, 12.5 ] },
				"east": { "texture": "#croissant", "uv": [ 2.5, 11.0, 3.0, 11.5 ] },
				"south": { "texture": "#croissant", "uv": [ 2.5, 13.5, 3.0, 14.0 ] },
				"west": { "texture": "#croissant", "uv": [ 1.5, 11.0, 2.0, 11.5 ] },
				"up": { "texture": "#croissant", "uv": [ 0.5, 10.0, 1.0, 10.5 ] },
				"down": { "texture": "#croissant", "uv": [ 1.0, 11.0, 1.5, 11.5 ] }
			},
			"children": [
				{
					"name": "Cube6",
					"from": [ -2.0, 0.0, 0.0 ],
					"to": [ -1.25, 0.5, 1.0 ],
					"rotationOrigin": [ -1.0, 0.0, 1.0 ],
					"rotationX": -180.0,
					"rotationY": -90.0,
					"rotationZ": -180.0,
					"faces": {
						"north": { "texture": "#croissant", "uv": [ 2.0, 11.0, 2.5, 11.5 ] },
						"east": { "texture": "#croissant", "uv": [ 3.0, 12.0, 4.0, 12.5 ] },
						"south": { "texture": "#croissant", "uv": [ 3.5, 12.0, 4.0, 12.5 ] },
						"west": { "texture": "#croissant", "uv": [ 2.0, 11.5, 3.0, 12.0 ] },
						"up": { "texture": "#croissant", "uv": [ 1.0, 11.5, 1.5, 12.5 ] },
						"down": { "texture": "#croissant", "uv": [ 2.5, 11.0, 3.0, 12.0 ] }
					}
				},
				{
					"name": "Cube7",
					"from": [ -3.0, 0.0, 0.0 ],
					"to": [ -2.4, 0.4, 0.5 ],
					"rotationOrigin": [ -2.0, 0.0, 1.0 ],
					"rotationY": -90.0,
					"faces": {
						"north": { "texture": "#croissant", "uv": [ 3.0, 12.5, 3.5, 13.0 ] },
						"east": { "texture": "#croissant", "uv": [ 2.0, 13.5, 2.5, 14.0 ] },
						"south": { "texture": "#croissant", "uv": [ 2.5, 12.0, 3.0, 12.5 ] },
						"west": { "texture": "#croissant", "uv": [ 2.5, 13.0, 3.0, 13.5 ] },
						"up": { "texture": "#croissant", "uv": [ 1.0, 11.5, 1.5, 12.0 ] },
						"down": { "texture": "#croissant", "uv": [ 1.5, 9.5, 2.0, 10.0 ] }
					}
				},
				{
					"name": "Cube10",
					"from": [ -0.8, 0.0, 0.0 ],
					"to": [ -0.4, 0.3, 0.5 ],
					"rotationOrigin": [ -1.0, 0.0, 0.0 ],
					"rotationY": -180.0,
					"faces": {
						"north": { "texture": "#croissant", "uv": [ 1.5, 13.0, 2.0, 13.5 ] },
						"east": { "texture": "#croissant", "uv": [ 2.0, 12.0, 2.5, 12.5 ] },
						"south": { "texture": "#croissant", "uv": [ 2.5, 11.0, 3.0, 11.5 ] },
						"west": { "texture": "#croissant", "uv": [ 2.5, 12.5, 3.0, 13.0 ] },
						"up": { "texture": "#croissant", "uv": [ 3.0, 12.0, 3.5, 12.5 ] },
						"down": { "texture": "#croissant", "uv": [ 3.0, 11.0, 3.5, 11.5 ] }
					}
				},
				{
					"name": "Cube11",
					"from": [ 0.0, 0.0, 0.0 ],
					"to": [ 0.2, 0.6, 2.0 ],
					"rotationOrigin": [ 0.0, 0.0, 0.0 ],
					"rotationY": -180.0,
					"faces": {
						"north": { "texture": "#croissant", "uv": [ 1.5, 11.5, 2.0, 12.0 ] },
						"east": { "texture": "#croissant", "uv": [ 2.0, 12.0, 4.0, 12.5 ] },
						"south": { "texture": "#croissant", "uv": [ 2.5, 10.0, 3.0, 10.5 ] },
						"west": { "texture": "#croissant", "uv": [ 1.0, 10.0, 3.0, 10.5 ] },
						"up": { "texture": "#croissant", "uv": [ 2.5, 10.0, 3.0, 12.0 ] },
						"down": { "texture": "#croissant", "uv": [ 3.0, 10.0, 3.5, 12.0 ] }
					}
				}
			]
		}
	]}