{
	"code": "heavymachinegun",
	"class": "BlockHeavyGun",
	"entityClass": "HeavyGun",
	"variantgroups": [
		{ "code": "material", "states": ["tinbronze", "iron", "meteoriciron", "steel"]},
		{ "code": "barrel",   "states": ["rifled"]}
	],
	"attributes": {
		"barrelLength": 1,
		"accuracyByType": {
			"*-tinbronze-**": 0.7,
			"*-steel-**":     0.8,
			"*":              0.75
		},
		"firePower":    2,
		"cooldownByType": {
			"*-tinbronze-*":     6.0,
			"*-iron-*":          4.5,
			"*-meteoriciron-*":  4.5,
			"*-steel-*":         3.0
		},
		"handbook": { "groupBy": [ "heavymachinegun-*" ]}
	},
	"creativeinventory": { "general": ["*"], "mechanics": ["*"], "rustyshell": ["*"] },
	"maxstacksize": 1,
	"behaviors": [
		{ "name": "RepeatingFire", "properties": { "fireInterval": 0.2, "rotatingBarrelShapePath": "rustyshell:shapes/barrel/heavymachinegun-barrel-rotating" }},
		{ "name": "Loadable",      "properties": { "ammunitionLimit": 64, "ammunitionCodes": [ "rustyshell:cartridge" ]}},
		{ "name": "Geared",        "properties": { "minElevation":  -0.05, "maxElevation": 0.5, "barrelShapePath": "rustyshell:shapes/barrel/heavymachinegun-barrel-base" }},
		{ "name": "Limberable",    "properties": { "entityCode": "rustyshell:limberedgun-heavymachinegun-{material}-rifled" }},
		{ "name": "Wheeled",       "properties": { "turnSpeedByType": { "*-tinbronze-*": 0.4, "*-steel-*": 0.3 }}},
		{ "name": "Unstable" }
	],
	"entityBehaviors": [
		{ "name": "RepeatingFireGun" },
		{ "name": "GearedGun" },
		{ "name": "WheeledObject" }
	],
	"blockmaterial": "wood",
    "shape":          { "base": "gun/wheeledgun-base" },
    "shapeinventory": { "base": "gun/heavymachinegun" },
	"textures": {
		"metal":    { "base": "game:block/metal/plate/{material}" },
		"metalalt": { "base": "game:block/metal/sheet/{material}1" },
		"iron1":    { "base": "game:block/metal/sheet/iron1" },
		"top":      { "base": "game:block/wood/echochamber/top" },
		"plainoak": { "base": "game:block/wood/plainoak" },
		"generic":  { "base": "game:block/wood/planks/generic" },
		"black":    { "base": "game:block/black" }
	},
	"resistance": 6,
	"sounds": {
		"place": "game:block/plate",
		"walk":  "game:walk/wood1",
		"hit":   "game:block/plate"
	},
	"drops": [
		{
			"type": "item", 
			"code": "rustyshell:thinbarrel-{material}-{barrel}", 
			"quantity": { "avg": 3, "var": 0.5 } 
		},
		{
			"type": "block", 
			"code": "game:wagonwheels-spoked-west", 
			"quantity": { "avg": 1, "var": 0.5 } 
		}
	],
    "sidesolid": { "all": "false" },
	"sideopaque": { "all": "false" },
    "heldTpIdleAnimation": "holdbothhandslarge", "heldTpUseAnimation": "twohandplaceblock",
	"tpHandTransform": {
		"translation": { "x": -1, "y": -1.2, "z": -0.5 },
		"rotation":    { "x":  8, "y":   15, "z":  -35 },
		"scale": 0.64
	},
	"guiTransform": {
		"translation": { "x": 0, "y":  5, "z": 0 },
		"rotation":    { "x": 0, "y": 33, "z": 0 },
		"scale": 0.45
	},
	"groundTransform": {
		"translation": { "x":   0, "y": 0, "z":   0 },
		"rotation":    { "x":   0, "y": 0, "z":   0 },
		"origin":      { "x": 0.5, "y": 0, "z": 0.5 },
		"scale": 2.56
	}
}