{
	"code": "heavyhowitzer",
	"class": "BlockHeavyGun",
	"entityClass": "HeavyGun",
	"variantgroups": [{ "code": "material", "states": ["tinbronze", "iron", "meteoriciron", "steel"]}, { "code": "barrel", "states": ["rifled"]}],
	"attributes": {
		"barrelLength":    3,
		"accuracyByType": {
			"*-tinbronze-**": 0.9,
			"*-steel-**":     1,
			"*":              0.95
		},
		"firePower": 2,
		"cooldownByType": {
			"*-tinbronze-*":    6.5,
			"*-iron-*":         5.0,
			"*-meteoriciron-*": 5.0,
			"*-steel-*":        4.0
		},
		"handbook": { "groupBy": [ "heavyhowitzer-*" ]}
	},
	"creativeinventory": { "general": ["*"], "mechanics": ["*"], "rustyshell": ["*"] },
	"maxstacksize": 1,
	"behaviors": [
		{ "name": "Loadable",   "properties": { "ammunitionCodes": [ "rustyshell:shell-*" ]}},
		{ "name": "Geared",     "properties": { "minElevation": 0.4, "maxElevation": 2, "barrelShapePath": "rustyshell:shapes/barrel/heavyhowitzer-barrel" }},
		{ "name": "Limberable", "properties": { "entityCode": "rustyshell:limberedgun-heavyhowitzer-{material}-rifled" }},
		{ "name": "Wheeled",    "properties": { "turnSpeedByType": { "*-tinbronze-*": 0.2, "*-steel-*": 0.15, "*": 0.1 }, "wheelShapePath": "rustyshell:shapes/wheel/spoked-pedrail" }},
		{ "name": "Unstable" }
	],
	"entityBehaviors": [
		{ "name": "GearedGun" },
		{ "name": "WheeledObject" }
	],
	"blockmaterial": "wood",
    "shape":          { "base": "gun/heavywheeledgun-base" },
    "shapeinventory": { "base": "gun/heavyhowitzer" },
	"textures": {
		"metal":       { "base": "game:block/metal/plate/{material}" },
		"metalalt":    { "base": "game:block/metal/sheet/{material}1" },
		"metalbarrel": { "base": "barrel/{material}-{barrel}" },
		"iron1":       { "base": "game:block/metal/sheet/iron1" },
		"top":         { "base": "game:block/wood/echochamber/top" },
		"plainoak":    { "base": "game:block/wood/plainoak" },
		"generic":     { "base": "game:block/wood/planks/generic" },
		"pedrail":     { "base": "game:block/wood/charred" },
		"black":       { "base": "game:block/black" }
	},
	"resistance": 6,
	"sounds": {
		"place": "game:block/plate",
		"walk":  "game:walk/wood1",
		"hit":   "game:block/plate"
	},
	"drops": [{
		"type": "item", 
		"code": "barrel-{material}-rifled", 
		"quantity": { "avg": 2, "var": 0.5 }
	}, {
		"type": "block", 
		"code": "game:wagonwheels-spoked-west", 
		"quantity": { "avg": 1, "var": 0.5 } 
	}],
    "sidesolid": { "all": "false" },
	"sideopaque": { "all": "false" },
    "heldTpIdleAnimation": "holdbothhandslarge", "heldTpUseAnimation": "twohandplaceblock",
	"tpHandTransform": {
		"translation": { "x":  -1, "y": -1.5, "z": -0.5 },
		"rotation":    { "x": -13, "y":   19, "z":  -51 },
		"scale": 0.64
	},
	"guiTransform": {
		"translation": { "x": 0, "y":  5, "z": 0 },
		"rotation":    { "x": 0, "y": 33, "z": 0 },
		"scale": 0.45
	},
	"groundTransform": {
		"translation": { "x":   0, "y": 0, "z":   0 },
		"rotation":    { "x":   0, "y": 0, "z":   0 },
		"origin":      { "x": 0.5, "y": 0, "z": 0.5 },
		"scale": 2.56
	}
}