{
	"code": "heavygun",
	"class": "BlockHeavyGun",
	"entityClass": "HeavyGun",
	"variantgroups": [
		{ "code": "material", "states": ["tinbronze", "iron", "meteoriciron", "steel"]},
		{ "code": "barrel",   "states": ["smoothbore"]}
	],
	"attributes": {
		"barrelLength": 2,
		"accuracyByType": {
			"*-tinbronze-*": 0.7,
			"*-steel-*":     0.8,
			"*":             0.75
		},
		"firePower": 1.7,
		"cooldownByType": {
			"*-tinbronze-*":    5.0,
			"*-iron-*":         4.0,
			"*-meteoriciron-*": 4.0,
			"*-steel-*":        2.5
		},
		"handbook": { "groupBy": [ "heavygun-*" ]}
	},
	"creativeinventory": { "general": ["*"], "mechanics": ["*"], "rustyshell": ["*"] },
	"maxstacksize": 1,
	"behaviors": [
		{ "name": "Loadable",      "properties": { "ammunitionCodes": [ "rustyshell:heavybullet-*", "rustyshell:shot-grape" ]}},
		{ "name": "MuzzleLoading", "properties": { "cleanDuration": 2.5, "loadDuration": 2.5 }},
		{ "name": "Geared",        "properties": { "minElevation": -0.05, "maxElevation": 0.3, "barrelShapePath": "rustyshell:shapes/barrel/heavygun-barrel" }},
		{ "name": "Limberable",    "properties": { "entityCode": "rustyshell:limberedgun-heavygun-{material}-{barrel}" }},
		{ "name": "Wheeled",       "properties": { "turnSpeedByType": { "*-tinbronze-*": 0.3, "*-steel-*": 0.25, "*": 0.2 }, "wheelShapePath": "rustyshell:shapes/wheel/spoked-small" }},
		{ "name": "Unstable" }
	],
	"entityBehaviors": [
		{ "name": "MuzzleLoadingGun" },
		{ "name": "GearedGun" },
		{ "name": "WheeledObject" }
	],
	"blockmaterial": "wood",
    "shape":          { "base": "gun/lightwheeledgun-base" },
    "shapeinventory": { "base": "gun/heavygun" },
	"textures": {
		"metal":       { "base": "game:block/metal/plate/{material}" },
		"metalalt":    { "base": "game:block/metal/sheet/{material}1" },
		"metalbarrel": { "base": "barrel/{material}-{barrel}" },
		"iron1":       { "base": "game:block/metal/sheet/iron1" },
		"top":         { "base": "game:block/wood/echochamber/top" },
		"plainoak":    { "base": "game:block/wood/plainoak" },
		"generic":     { "base": "game:block/wood/planks/generic" },
		"black":       { "base": "game:block/black" }
	},
	"resistance": 6,
	"sounds": {
		"place": "game:block/plate",
		"walk":  "game:walk/wood1",
		"hit":   "game:block/plate"
	},
	"drops": [{
		"type": "item", 
		"code": "barrel-{material}-{barrel}", 
		"quantity": { "avg": 0, "var": 0.75 } 
	}, {
		"type": "block", 
		"code": "game:wagonwheels-spoked-west", 
		"quantity": { "avg": 1, "var": 0.5 } 
	}],
    "sidesolid": { "all": "false" },
	"sideopaque": { "all": "false" },
    "heldTpIdleAnimation": "holdbothhandslarge", "heldTpUseAnimation": "twohandplaceblock",
	"tpHandTransform": {
		"translation": { "x": -1, "y": -1.2, "z": -0.5 },
		"rotation":    { "x":  8, "y":   15, "z":  -35 },
		"scale": 0.64
	},
	"guiTransform": {
		"translation": { "x": 0, "y":  5, "z": 0 },
		"rotation":    { "x": 0, "y": 33, "z": 0 },
		"scale": 0.45
	},
	"groundTransform": {
		"translation": { "x":   0, "y": 0, "z":   0 },
		"rotation":    { "x":   0, "y": 0, "z":   0 },
		"origin":      { "x": 0.5, "y": 0, "z": 0.5 },
		"scale": 2.56
	}
}