{
	"code": "heavyfieldgun",
	"class": "BlockHeavyGun",
	"entityClass": "HeavyGun",
	"variantgroups": [
		{ "code": "material", "states": ["tinbronze", "iron", "meteoriciron", "steel"]},
		{ "code": "barrel",   "states": ["rifled"]}
	],
	"attributes": {
		"barrelLength": 4.0,
		"accuracyByType": {
			"*-tinbronze-*": 0.8,
			"*-steel-*":     0.95,
			"*":             0.9
		},
		"firePower":    2.4,
		"cooldownByType": {
			"*-tinbronze-*":    6.0,
			"*-iron-*":         4.5,
			"*-meteoriciron-*": 4.5,
			"*-steel-*":        3.0
		},
		"handbook": { "groupBy": [ "heavyfieldgun-*" ]}
	},
	"creativeinventory": { "general": ["*"], "mechanics": ["*"], "rustyshell": ["*"] },
	"maxstacksize": 1,
	"behaviors": [
		{ "name": "Loadable",   "properties": { "ammunitionCodes": [ "rustyshell:shell-*" ]}},
		{ "name": "Geared",     "properties": { "minElevation": -0.05, "maxElevation": 0.6, "barrelShapePath": "rustyshell:shapes/barrel/heavyfieldgun-barrel" }},
		{ "name": "Limberable", "properties": { "entityCode": "rustyshell:limberedgun-heavyfieldgun-{material}-rifled" }},
		{ "name": "Wheeled",    "properties": { "turnSpeedByType": { "*-tinbronze-*": 0.15, "*-steel-*": 0.1, "*": 0.08 }, "wheelShapePath": "rustyshell:shapes/wheel/spoked-pedrail" }},
		{ "name": "Unstable" }
	],
	"entityBehaviors": [
		{ "name": "GearedGun" },
		{ "name": "WheeledObject" }
	],
	"blockmaterial": "wood",
    "shape":          { "base": "gun/heavywheeledgun-base" },
    "shapeinventory": { "base": "gun/heavyfieldgun" },
	"textures": {
		"metal":       { "base": "game:block/metal/plate/{material}" },
		"metalalt":    { "base": "game:block/metal/sheet/{material}1" },
		"metalbarrel": { "base": "barrel/{material}-{barrel}" },
		"iron1":       { "base": "game:block/metal/sheet/iron1" },
		"top":         { "base": "game:block/wood/echochamber/top" },
		"plainoak":    { "base": "game:block/wood/plainoak" },
		"generic":     { "base": "game:block/wood/planks/generic" },
		"pedrail":     { "base": "game:block/wood/charred" },
		"black":       { "base": "game:block/black" }
	},
	"resistance": 6,
	"sounds": {
		"place": "game:block/plate",
		"walk":  "game:walk/wood1",
		"hit":   "game:block/plate"
	},
	"drops": [{
		"type": "item", 
		"code": "barrel-{material}-rifled", 
		"quantity": { "avg": 2, "var": 0.5 } 
	}, {
		"type": "block", 
		"code": "game:wagonwheels-spoked-west", 
		"quantity": { "avg": 1, "var": 0.5 } 
	}],
    "sidesolid": { "all": "false" },
	"sideopaque": { "all": "false" },
    "heldTpIdleAnimation": "holdbothhandslarge", "heldTpUseAnimation": "twohandplaceblock",
	"tpHandTransform": {
		"translation": { "x":  -1, "y": -1.5, "z": -0.5 },
		"rotation":    { "x": -13, "y":   19, "z":  -51 },
		"scale": 0.64
	},
	"guiTransform": {
		"translation": { "x": 0, "y":  5, "z": 0 },
		"rotation":    { "x": 0, "y": 33, "z": 0 },
		"scale": 0.45
	},
	"groundTransform": {
		"translation": { "x":   0, "y": 0, "z":   0 },
		"rotation":    { "x":   0, "y": 0, "z":   0 },
		"origin":      { "x": 0.5, "y": 0, "z": 0.5 },
		"scale": 2.56
	}
}