{
	"code": "howitzer",
	"class": "BlockHeavyGun",
	"entityClass": "HeavyGun",
	"variantgroups": [
		{ "code": "material", "states": ["tinbronze", "iron", "meteoriciron", "steel"]},
		{ "code": "barrel",   "states": ["smoothbore", "rifled"]}
	],
	"attributes": {
		"barrelLength": 2,
		"accuracyByType": {
			"*-tinbronze-smoothbore": 0.7,
			"*-steel-smoothbore":     0.85,
			"*-smoothbore":           0.8,
			"*-tinbronze-rifled":     0.8,
			"*-steel-rifled":         0.9,
			"*-rifled":               0.85
		},
		"firePower": 1.6,
		"cooldownByType": {
			"*-tinbronze-*":    6.0,
			"*-iron-*":         4.5,
			"*-meteoriciron-*": 4.5,
			"*-steel-*":        3.0
		},
		"handbook": { "groupBy": [ "howitzer-*" ]}
	},
	"creativeinventory": { "general": ["*"], "mechanics": ["*"], "rustyshell": ["*"] },
	"maxstacksize": 1,
	"behaviors": [
		{ "name": "Loadable",      "properties": { "ammunitionCodes": { "smoothbore": [ "rustyshell:shot-*", "rustyshell:fixedshot-*" ], "rifled": [ "rustyshell:shell-*" ]}}},
		{ "name": "MuzzleLoading", "properties": { "cleanDuration": 3.0, "loadDuration": 3.0 }},
		{ "name": "Geared",        "properties": { "minElevation": 0.4, "maxElevation": 1.2, "barrelShapePath": "rustyshell:shapes/barrel/howitzer-barrel" }},
		{ "name": "Limberable",    "properties": { "entityCode": "rustyshell:limberedgun-howitzer-{material}-{barrel}" }},
		{ "name": "Wheeled",       "properties": { "turnSpeedByType": { "*-tinbronze-*": 0.3, "*-steel-*": 0.25, "*": 0.2 } }},
		{ "name": "Unstable" }
	],
	"entityBehaviors": [
		{ "name": "MuzzleLoadingGun" },
		{ "name": "GearedGun" },
		{ "name": "WheeledObject" }
	],
	"blockmaterial": "wood",
    "shape":          { "base": "gun/wheeledgun-base" },
    "shapeinventory": { "base": "gun/howitzer" },
	"textures": {
		"metal":       { "base": "game:block/metal/plate/{material}" },
		"metalalt":    { "base": "game:block/metal/sheet/{material}1" },
		"metalbarrel": { "base": "barrel/{material}-{barrel}" },
		"iron1":       { "base": "game:block/metal/sheet/iron1" },
		"top":         { "base": "game:block/wood/echochamber/top" },
		"plainoak":    { "base": "game:block/wood/plainoak" },
		"generic":     { "base": "game:block/wood/planks/generic" },
		"black":       { "base": "game:block/black" }
	},
	"resistance": 6,
	"sounds": {
		"place": "game:block/plate",
		"walk":  "game:walk/wood1",
		"hit":   "game:block/plate"
	},
	"drops": [{
		"type": "item", 
		"code": "barrel-{material}-{barrel}", 
		"quantity": { "avg": 1, "var": 0.5 } 
	}, {
		"type": "block", 
		"code": "game:wagonwheels-spoked-west", 
		"quantity": { "avg": 1, "var": 0.5 } 
	}],
    "sidesolid": { "all": "false" },
	"sideopaque": { "all": "false" },
    "heldTpIdleAnimation": "holdbothhandslarge", "heldTpUseAnimation": "twohandplaceblock",
	"tpHandTransform": {
		"translation": { "x": -1, "y": -1.2, "z": -0.5 },
		"rotation":    { "x":  8, "y":   15, "z":  -35 },
		"scale": 0.64
	},
	"guiTransform": {
		"translation": { "x": 0, "y":  5, "z": 0 },
		"rotation":    { "x": 0, "y": 33, "z": 0 },
		"scale": 0.45
	},
	"groundTransform": {
		"translation": { "x":   0, "y": 0, "z":   0 },
		"rotation":    { "x":   0, "y": 0, "z":   0 },
		"origin":      { "x": 0.5, "y": 0, "z": 0.5 },
		"scale": 2.56
	}
}