{
	"code": "limber",
	"class": "BlockOrientable",
	"entityClass": "Orientable",
	"creativeinventory": { "general": ["*"], "rustyshell": ["*"] },
	"maxstacksize": 1,
	"behaviors": [
		{ "name": "Wheeled" },
		{ "name": "Limberable", "properties": { "entityCode": "rustyshell:limber" }},
		{ "name": "Unstable" }
	],
	"entityBehaviors": [
		{ "name": "WheeledObject" }
	],
	"blockmaterial": "wood",
    "shape":          { "base": "gun/limber-base" },
    "shapeinventory": { "base": "gun/limber-complete" },
    "textures": {
        "iron1":    { "base": "game:block/metal/sheet/iron1" },
        "top":      { "base": "game:block/wood/echochamber/top" },
        "plainoak": { "base": "game:block/wood/plainoak" },
        "generic":  { "base": "game:block/wood/planks/generic" }
    },
	"resistance": 3.5,
    "sidesolid": { "all": "false" },
	"sideopaque": { "all": "false" },
    "heldTpIdleAnimation": "holdbothhandslarge", "heldTpUseAnimation": "twohandplaceblock",
	"tpHandTransform": {
		"translation": { "x": -1, "y": -1.2, "z": -0.5 },
		"rotation":    { "x":  8, "y":   15, "z":  -35 },
		"scale": 0.64
	},
	"guiTransform": {
		"translation": { "x": 0, "y":  5, "z": 0 },
		"rotation":    { "x": 0, "y": 33, "z": 0 },
		"scale": 0.45
	},
	"groundTransform": {
		"translation": { "x":   0, "y": 0, "z":   0 },
		"rotation":    { "x":   0, "y": 0, "z":   0 },
		"origin":      { "x": 0.5, "y": 0, "z": 0.5 },
		"scale": 2.56
	}
}