{
	"editor": {
		"allAngles": true,
		"entityTextureMode": false
	},
	"textureWidth": 16,
	"textureHeight": 16,
	"textureSizes": {
	},
	"textures": {
        "brideinwhite-basket": "block/wattle/brideinwhite"
	},
	"elements": [
		{
			"name": "N",
			"from": [ 2.0, 0.0, 2.0 ], 
			"to": [ 14.0, 8.0, 3.0 ], 
			"faces": {
				"north": { "texture": "#brideinwhite-basket", "uv": [ 4.0, 0.5, 16.0, 8.5 ] },
				"east": { "texture": "#brideinwhite-basket", "uv": [ 11.5, 1.5, 12.5, 9.5 ] },
				"south": { "texture": "#brideinwhite-basket", "uv": [ 4.0, 1.0, 16.0, 9.0 ] },
				"west": { "texture": "#brideinwhite-basket", "uv": [ 8.5, 1.5, 9.5, 9.5 ] },
				"up": { "texture": "#brideinwhite-basket", "uv": [ 4.0, 11.0, 16.0, 12.0 ] },
				"down": { "texture": "#brideinwhite-basket", "uv": [ 4.0, 13.0, 16.0, 14.0 ] }
			}
		},
		{
			"name": "S",
			"from": [ 2.0, 0.0, 12.0 ], 
			"to": [ 14.0, 8.0, 13.0 ], 
			"faces": {
				"north": { "texture": "#brideinwhite-basket", "uv": [ 4.0, 0.0, 16.0, 8.0 ] },
				"east": { "texture": "#brideinwhite-basket", "uv": [ 13.5, 0.5, 14.5, 8.5 ] },
				"south": { "texture": "#brideinwhite-basket", "uv": [ 4.0, 1.5, 16.0, 9.5 ] },
				"west": { "texture": "#brideinwhite-basket", "uv": [ 5.5, 1.5, 6.5, 9.5 ] },
				"up": { "texture": "#brideinwhite-basket", "uv": [ 4.0, 13.5, 16.0, 14.5 ], "rotation": 180 },
				"down": { "texture": "#brideinwhite-basket", "uv": [ 4.0, 10.5, 16.0, 11.5 ] }
			}
		},
		{
			"name": "W",
			"from": [ 2.0, 0.0, 3.0 ], 
			"to": [ 3.0, 8.0, 12.0 ], 
			"faces": {
				"north": { "texture": "#brideinwhite-basket", "uv": [ 0.0, 0.0, 1.0, 8.0 ], "enabled": false },
				"east": { "texture": "#brideinwhite-basket", "uv": [ 6.0, 1.0, 15.0, 9.0 ] },
				"south": { "texture": "#brideinwhite-basket", "uv": [ 0.0, 0.0, 1.0, 8.0 ], "enabled": false },
				"west": { "texture": "#brideinwhite-basket", "uv": [ 6.0, 1.5, 15.0, 9.5 ] },
				"up": { "texture": "#brideinwhite-basket", "uv": [ 5.5, 11.5, 14.5, 12.5 ], "rotation": 90 },
				"down": { "texture": "#brideinwhite-basket", "uv": [ 6.5, 14.0, 15.5, 15.0 ], "rotation": 90 }
			}
		},
		{
			"name": "E",
			"from": [ 13.0, 0.0, 3.0 ], 
			"to": [ 14.0, 8.0, 12.0 ], 
			"faces": {
				"north": { "texture": "#brideinwhite-basket", "uv": [ 0.0, 0.0, 1.0, 8.0 ], "enabled": false },
				"east": { "texture": "#brideinwhite-basket", "uv": [ 5.0, 0.5, 14.0, 8.5 ] },
				"south": { "texture": "#brideinwhite-basket", "uv": [ 0.0, 0.0, 1.0, 8.0 ], "enabled": false },
				"west": { "texture": "#brideinwhite-basket", "uv": [ 6.0, 0.0, 15.0, 8.0 ] },
				"up": { "texture": "#brideinwhite-basket", "uv": [ 5.5, 11.0, 14.5, 12.0 ], "rotation": 90 },
				"down": { "texture": "#brideinwhite-basket", "uv": [ 5.5, 12.0, 14.5, 13.0 ], "rotation": 90 }
			}
		},
		{
			"name": "floor",
			"from": [ 3.0, 0.0, 3.0 ], 
			"to": [ 13.0, 1.0, 12.0 ], 
			"faces": {
				"north": { "texture": "#brideinwhite-basket", "uv": [ 0.0, 0.0, 10.0, 1.0 ], "enabled": false },
				"east": { "texture": "#brideinwhite-basket", "uv": [ 0.0, 0.0, 9.0, 1.0 ], "enabled": false },
				"south": { "texture": "#brideinwhite-basket", "uv": [ 0.0, 0.0, 10.0, 1.0 ], "enabled": false },
				"west": { "texture": "#brideinwhite-basket", "uv": [ 0.0, 0.0, 9.0, 1.0 ], "enabled": false },
				"up": { "texture": "#brideinwhite-basket", "uv": [ 5.0, 0.0, 15.0, 9.0 ] },
				"down": { "texture": "#brideinwhite-basket", "uv": [ 6.0, 1.0, 16.0, 10.0 ] }
			},
			"children": [
				{
					"name": "Cube1",
					"from": [ -2.0, 7.0, -1.02 ], 
					"to": [ -1.0, 8.0, 9.98 ], 
					"rotationOrigin": [ -1.0, 7.0, -1.0 ],
					"rotationZ": -45.0,
					"faces": {
						"north": { "texture": "#brideinwhite-basket", "uv": [ 7.5, 11.0, 8.5, 12.0 ] },
						"east": { "texture": "#brideinwhite-basket", "uv": [ 1.5, 2.5, 2.5, 13.5 ], "rotation": 90 },
						"south": { "texture": "#brideinwhite-basket", "uv": [ 8.5, 11.5, 9.5, 12.5 ] },
						"west": { "texture": "#brideinwhite-basket", "uv": [ 1.0, 2.0, 2.0, 13.0 ], "rotation": 90 },
						"up": { "texture": "#brideinwhite-basket", "uv": [ 1.5, 2.0, 2.5, 13.0 ] },
						"down": { "texture": "#brideinwhite-basket", "uv": [ 2.0, 0.0, 3.0, 11.0 ] }
					}
				},
				{
					"name": "Cube9",
					"from": [ 10.0, 7.0, -1.02 ], 
					"to": [ 11.0, 8.0, 9.98 ], 
					"rotationOrigin": [ 11.0, 7.0, -1.0 ],
					"rotationZ": -45.0,
					"faces": {
						"north": { "texture": "#brideinwhite-basket", "uv": [ 8.0, 12.5, 9.0, 13.5 ] },
						"east": { "texture": "#brideinwhite-basket", "uv": [ 0.0, 0.0, 1.0, 11.0 ], "rotation": 90 },
						"south": { "texture": "#brideinwhite-basket", "uv": [ 8.0, 13.0, 9.0, 14.0 ] },
						"west": { "texture": "#brideinwhite-basket", "uv": [ 2.0, 3.0, 3.0, 14.0 ], "rotation": 90 },
						"up": { "texture": "#brideinwhite-basket", "uv": [ 0.5, 2.5, 1.5, 13.5 ] },
						"down": { "texture": "#brideinwhite-basket", "uv": [ 1.5, 4.0, 2.5, 15.0 ] }
					}
				},
				{
					"name": "Cube10",
					"from": [ 11.0, 0.0, -1.02 ], 
					"to": [ 12.0, 1.0, 9.98 ], 
					"rotationOrigin": [ 11.0, 1.0, -1.0 ],
					"rotationZ": -45.0,
					"faces": {
						"north": { "texture": "#brideinwhite-basket", "uv": [ 7.5, 11.0, 8.5, 12.0 ] },
						"east": { "texture": "#brideinwhite-basket", "uv": [ 1.0, 1.5, 2.0, 12.5 ], "rotation": 90 },
						"south": { "texture": "#brideinwhite-basket", "uv": [ 8.0, 11.0, 9.0, 12.0 ] },
						"west": { "texture": "#brideinwhite-basket", "uv": [ 2.0, 3.0, 3.0, 14.0 ], "rotation": 90 },
						"up": { "texture": "#brideinwhite-basket", "uv": [ 0.0, 0.0, 1.0, 11.0 ] },
						"down": { "texture": "#brideinwhite-basket", "uv": [ 2.5, 1.5, 3.5, 12.5 ] }
					}
				},
				{
					"name": "Cube11",
					"from": [ -1.0, 0.0, -1.02 ], 
					"to": [ 0.0, 1.0, 9.98 ], 
					"rotationOrigin": [ -1.0, 1.0, -1.0 ],
					"rotationZ": -45.0,
					"faces": {
						"north": { "texture": "#brideinwhite-basket", "uv": [ 11.0, 11.5, 12.0, 12.5 ] },
						"east": { "texture": "#brideinwhite-basket", "uv": [ 0.0, 0.0, 1.0, 11.0 ], "rotation": 90 },
						"south": { "texture": "#brideinwhite-basket", "uv": [ 6.5, 12.0, 7.5, 13.0 ] },
						"west": { "texture": "#brideinwhite-basket", "uv": [ 2.5, 2.0, 3.5, 13.0 ], "rotation": 90 },
						"up": { "texture": "#brideinwhite-basket", "uv": [ 2.0, 3.0, 3.0, 14.0 ] },
						"down": { "texture": "#brideinwhite-basket", "uv": [ 1.0, 4.0, 2.0, 15.0 ] }
					}
				},
				{
					"name": "Cube12",
					"from": [ -1.02, 7.0, -2.0 ], 
					"to": [ 10.98, 8.0, -1.0 ], 
					"rotationOrigin": [ -1.0, 7.0, -1.0 ],
					"rotationX": 45.0,
					"faces": {
						"north": { "texture": "#brideinwhite-basket", "uv": [ 0.0, 3.5, 1.0, 15.5 ], "rotation": 90 },
						"east": { "texture": "#brideinwhite-basket", "uv": [ 7.0, 11.0, 8.0, 12.0 ] },
						"south": { "texture": "#brideinwhite-basket", "uv": [ 0.5, 2.0, 1.5, 14.0 ], "rotation": 90 },
						"west": { "texture": "#brideinwhite-basket", "uv": [ 11.0, 13.0, 12.0, 14.0 ] },
						"up": { "texture": "#brideinwhite-basket", "uv": [ 2.0, 1.5, 3.0, 13.5 ], "rotation": 90 },
						"down": { "texture": "#brideinwhite-basket", "uv": [ 1.0, 1.0, 2.0, 13.0 ], "rotation": 90 }
					}
				},
				{
					"name": "Cube13",
					"from": [ -1.02, 7.0, 9.0 ], 
					"to": [ 10.98, 8.0, 10.0 ], 
					"rotationOrigin": [ -1.0, 7.0, 10.0 ],
					"rotationX": 45.0,
					"faces": {
						"north": { "texture": "#brideinwhite-basket", "uv": [ 2.5, 0.0, 3.5, 12.0 ], "rotation": 90 },
						"east": { "texture": "#brideinwhite-basket", "uv": [ 9.5, 12.0, 10.5, 13.0 ] },
						"south": { "texture": "#brideinwhite-basket", "uv": [ 0.5, 1.5, 1.5, 13.5 ], "rotation": 90 },
						"west": { "texture": "#brideinwhite-basket", "uv": [ 13.5, 12.5, 14.5, 13.5 ] },
						"up": { "texture": "#brideinwhite-basket", "uv": [ 1.5, 2.0, 2.5, 14.0 ], "rotation": 90 },
						"down": { "texture": "#brideinwhite-basket", "uv": [ 2.0, 3.5, 3.0, 15.5 ], "rotation": 90 }
					}
				},
				{
					"name": "Cube14",
					"from": [ -1.02, 0.0, 10.0 ], 
					"to": [ 10.98, 1.0, 11.0 ], 
					"rotationOrigin": [ -1.0, 1.0, 10.0 ],
					"rotationX": 45.0,
					"faces": {
						"north": { "texture": "#brideinwhite-basket", "uv": [ 1.5, 2.5, 2.5, 14.5 ], "rotation": 90 },
						"east": { "texture": "#brideinwhite-basket", "uv": [ 7.5, 11.0, 8.5, 12.0 ] },
						"south": { "texture": "#brideinwhite-basket", "uv": [ 0.0, 0.0, 1.0, 12.0 ], "rotation": 90 },
						"west": { "texture": "#brideinwhite-basket", "uv": [ 5.5, 14.0, 6.5, 15.0 ] },
						"up": { "texture": "#brideinwhite-basket", "uv": [ 2.5, 3.0, 3.5, 15.0 ], "rotation": 90 },
						"down": { "texture": "#brideinwhite-basket", "uv": [ 1.0, 2.0, 2.0, 14.0 ], "rotation": 90 }
					}
				},
				{
					"name": "Cube15",
					"from": [ -1.02, 0.0, -1.0 ], 
					"to": [ 10.98, 1.0, 0.0 ], 
					"rotationOrigin": [ -1.0, 1.0, -1.0 ],
					"rotationX": 45.0,
					"faces": {
						"north": { "texture": "#brideinwhite-basket", "uv": [ 1.0, 1.0, 2.0, 13.0 ], "rotation": 90 },
						"east": { "texture": "#brideinwhite-basket", "uv": [ 10.0, 11.0, 11.0, 12.0 ] },
						"south": { "texture": "#brideinwhite-basket", "uv": [ 2.0, 3.0, 3.0, 15.0 ], "rotation": 90 },
						"west": { "texture": "#brideinwhite-basket", "uv": [ 10.0, 12.0, 11.0, 13.0 ] },
						"up": { "texture": "#brideinwhite-basket", "uv": [ 0.0, 1.5, 1.0, 13.5 ], "rotation": 90 },
						"down": { "texture": "#brideinwhite-basket", "uv": [ 2.5, 0.0, 3.5, 12.0 ], "rotation": 90 }
					}
				},
				{
					"name": "Cube16",
					"from": [ -1.5, 0.0, -1.5 ], 
					"to": [ -0.5, 8.5, -0.5 ], 
					"rotationOrigin": [ -2.0, 0.0, -2.0 ],
					"faces": {
						"north": { "texture": "#brideinwhite-basket", "uv": [ 1.0, 1.0, 2.0, 9.5 ] },
						"east": { "texture": "#brideinwhite-basket", "uv": [ 2.0, 5.0, 3.0, 13.5 ] },
						"south": { "texture": "#brideinwhite-basket", "uv": [ 0.5, 2.5, 1.5, 11.0 ] },
						"west": { "texture": "#brideinwhite-basket", "uv": [ 2.0, 3.0, 3.0, 11.5 ] },
						"up": { "texture": "#brideinwhite-basket", "uv": [ 7.0, 12.0, 8.0, 13.0 ] },
						"down": { "texture": "#brideinwhite-basket", "uv": [ 10.0, 12.0, 11.0, 13.0 ] }
					}
				},
				{
					"name": "Cube17",
					"from": [ 10.5, 0.0, -1.5 ], 
					"to": [ 11.5, 8.5, -0.5 ], 
					"rotationOrigin": [ 10.0, 0.0, -2.0 ],
					"faces": {
						"north": { "texture": "#brideinwhite-basket", "uv": [ 2.5, 5.0, 3.5, 13.5 ] },
						"east": { "texture": "#brideinwhite-basket", "uv": [ 0.5, 2.0, 1.5, 10.5 ] },
						"south": { "texture": "#brideinwhite-basket", "uv": [ 2.5, 6.0, 3.5, 14.5 ] },
						"west": { "texture": "#brideinwhite-basket", "uv": [ 1.0, 3.0, 2.0, 11.5 ] },
						"up": { "texture": "#brideinwhite-basket", "uv": [ 8.5, 12.5, 9.5, 13.5 ] },
						"down": { "texture": "#brideinwhite-basket", "uv": [ 13.5, 12.0, 14.5, 13.0 ] }
					}
				},
				{
					"name": "Cube18",
					"from": [ 10.5, 0.0, 9.5 ], 
					"to": [ 11.5, 8.5, 10.5 ], 
					"rotationOrigin": [ 10.0, 0.0, 9.0 ],
					"faces": {
						"north": { "texture": "#brideinwhite-basket", "uv": [ 0.5, 1.0, 1.5, 9.5 ] },
						"east": { "texture": "#brideinwhite-basket", "uv": [ 1.0, 2.5, 2.0, 11.0 ] },
						"south": { "texture": "#brideinwhite-basket", "uv": [ 2.0, 6.0, 3.0, 14.5 ] },
						"west": { "texture": "#brideinwhite-basket", "uv": [ 1.0, 3.5, 2.0, 12.0 ] },
						"up": { "texture": "#brideinwhite-basket", "uv": [ 12.0, 12.5, 13.0, 13.5 ] },
						"down": { "texture": "#brideinwhite-basket", "uv": [ 11.0, 13.0, 12.0, 14.0 ] }
					}
				},
				{
					"name": "Cube19",
					"from": [ -1.5, 0.0, 9.5 ], 
					"to": [ -0.5, 8.5, 10.5 ], 
					"rotationOrigin": [ -2.0, 0.0, 9.0 ],
					"faces": {
						"north": { "texture": "#brideinwhite-basket", "uv": [ 2.0, 6.0, 3.0, 14.5 ] },
						"east": { "texture": "#brideinwhite-basket", "uv": [ 1.0, 1.5, 2.0, 10.0 ] },
						"south": { "texture": "#brideinwhite-basket", "uv": [ 2.5, 4.0, 3.5, 12.5 ] },
						"west": { "texture": "#brideinwhite-basket", "uv": [ 1.0, 1.5, 2.0, 10.0 ] },
						"up": { "texture": "#brideinwhite-basket", "uv": [ 9.0, 13.0, 10.0, 14.0 ] },
						"down": { "texture": "#brideinwhite-basket", "uv": [ 10.0, 11.0, 11.0, 12.0 ] }
					}
				},
				{
					"name": "Cube20",
					"from": [ 4.5, 0.0, 9.5 ], 
					"to": [ 5.5, 8.5, 10.5 ], 
					"rotationOrigin": [ 4.0, 0.0, 9.0 ],
					"faces": {
						"north": { "texture": "#brideinwhite-basket", "uv": [ 1.5, 5.5, 2.5, 14.0 ] },
						"east": { "texture": "#brideinwhite-basket", "uv": [ 1.5, 0.5, 2.5, 9.0 ] },
						"south": { "texture": "#brideinwhite-basket", "uv": [ 1.5, 6.0, 2.5, 14.5 ] },
						"west": { "texture": "#brideinwhite-basket", "uv": [ 2.0, 3.0, 3.0, 11.5 ] },
						"up": { "texture": "#brideinwhite-basket", "uv": [ 6.5, 11.5, 7.5, 12.5 ] },
						"down": { "texture": "#brideinwhite-basket", "uv": [ 12.5, 11.5, 13.5, 12.5 ] }
					}
				},
				{
					"name": "Cube21",
					"from": [ 4.5, 0.0, -1.5 ], 
					"to": [ 5.5, 8.5, -0.5 ], 
					"rotationOrigin": [ 4.0, 0.0, -2.0 ],
					"faces": {
						"north": { "texture": "#brideinwhite-basket", "uv": [ 1.0, 5.5, 2.0, 14.0 ] },
						"east": { "texture": "#brideinwhite-basket", "uv": [ 1.0, 1.5, 2.0, 10.0 ] },
						"south": { "texture": "#brideinwhite-basket", "uv": [ 2.5, 6.5, 3.5, 15.0 ] },
						"west": { "texture": "#brideinwhite-basket", "uv": [ 1.0, 2.0, 2.0, 10.5 ] },
						"up": { "texture": "#brideinwhite-basket", "uv": [ 5.0, 11.0, 6.0, 12.0 ] },
						"down": { "texture": "#brideinwhite-basket", "uv": [ 13.5, 12.5, 14.5, 13.5 ] }
					}
				},
				{
					"name": "Cube22",
					"from": [ -1.5, 0.0, 4.0 ], 
					"to": [ -0.5, 8.5, 5.0 ], 
					"rotationOrigin": [ -2.0, 0.0, 3.0 ],
					"faces": {
						"north": { "texture": "#brideinwhite-basket", "uv": [ 1.5, 2.0, 2.5, 10.5 ] },
						"east": { "texture": "#brideinwhite-basket", "uv": [ 1.0, 5.5, 2.0, 14.0 ] },
						"south": { "texture": "#brideinwhite-basket", "uv": [ 1.0, 2.0, 2.0, 10.5 ] },
						"west": { "texture": "#brideinwhite-basket", "uv": [ 1.5, 5.0, 2.5, 13.5 ] },
						"up": { "texture": "#brideinwhite-basket", "uv": [ 5.5, 11.5, 6.5, 12.5 ] },
						"down": { "texture": "#brideinwhite-basket", "uv": [ 13.0, 12.5, 14.0, 13.5 ] }
					}
				},
				{
					"name": "Cube23",
					"from": [ 10.5, 0.0, 4.0 ], 
					"to": [ 11.5, 8.5, 5.0 ], 
					"rotationOrigin": [ 10.0, 0.0, 3.0 ],
					"faces": {
						"north": { "texture": "#brideinwhite-basket", "uv": [ 1.5, 2.5, 2.5, 11.0 ] },
						"east": { "texture": "#brideinwhite-basket", "uv": [ 2.0, 7.0, 3.0, 15.5 ] },
						"south": { "texture": "#brideinwhite-basket", "uv": [ 2.0, 3.5, 3.0, 12.0 ] },
						"west": { "texture": "#brideinwhite-basket", "uv": [ 0.5, 1.5, 1.5, 10.0 ] },
						"up": { "texture": "#brideinwhite-basket", "uv": [ 13.5, 12.0, 14.5, 13.0 ] },
						"down": { "texture": "#brideinwhite-basket", "uv": [ 7.0, 12.0, 8.0, 13.0 ] }
					}
				}
			]
		},
		{
			"name": "lid",
			"from": [ 3.0, 6.0, 3.0 ], 
			"to": [ 13.0, 7.0, 12.0 ], 
			"rotationOrigin": [ 8.0, 8.5, 2.0 ],
			"faces": {
				"north": { "texture": "#brideinwhite-basket", "uv": [ 5.5, 11.0, 15.5, 12.0 ] },
				"east": { "texture": "#brideinwhite-basket", "uv": [ 6.5, 13.5, 15.5, 14.5 ] },
				"south": { "texture": "#brideinwhite-basket", "uv": [ 4.5, 11.5, 14.5, 12.5 ] },
				"west": { "texture": "#brideinwhite-basket", "uv": [ 5.5, 12.0, 14.5, 13.0 ] },
				"up": { "texture": "#brideinwhite-basket", "uv": [ 4.5, 0.5, 14.5, 9.5 ] },
				"down": { "texture": "#brideinwhite-basket", "uv": [ 5.5, 0.5, 15.5, 9.5 ] }
			},
			"children": [
				{
					"name": "handle",
					"from": [ 3.5, 1.0, 3.5 ], 
					"to": [ 6.5, 2.0, 5.5 ], 
					"faces": {
						"north": { "texture": "#brideinwhite-basket", "uv": [ 11.0, 10.5, 12.0, 13.5 ], "rotation": 270 },
						"east": { "texture": "#brideinwhite-basket", "uv": [ 7.0, 10.5, 9.0, 11.5 ] },
						"south": { "texture": "#brideinwhite-basket", "uv": [ 13.0, 10.5, 14.0, 13.5 ], "rotation": 270 },
						"west": { "texture": "#brideinwhite-basket", "uv": [ 7.5, 12.0, 9.5, 13.0 ] },
						"up": { "texture": "#brideinwhite-basket", "uv": [ 11.5, 10.5, 13.5, 13.5 ], "rotation": 90 },
						"down": { "texture": "#brideinwhite-basket", "uv": [ 11.0, 11.5, 14.0, 13.5 ], "enabled": false }
					}
				}
			]
		}
	],
	"animations": [
		{
			"name": "lidopen",
			"code": "lidopen",
			"quantityframes": 30,
			"onActivityStopped": "Rewind",
			"onAnimationEnd": "Hold",
			"keyframes": [
				{
					"frame": 0,
					"elements": {
						"lid": { "offsetX": 0.0, "offsetY": 0.0, "offsetZ": 0.0, "rotationX": 0.0, "rotationY": 0.0, "rotationZ": 0.0 }
					}
				},
				{
					"frame": 29,
					"elements": {
						"lid": { "offsetX": 0.0, "offsetY": 1.9, "offsetZ": -9.7, "rotationX": -78.0, "rotationY": 0.0, "rotationZ": 0.0 }
					}
				}
			]
		}
	]
}