{
	"editor": {
		"allAngles": false,
		"entityTextureMode": true
	},
	"textureWidth": 8,
	"textureHeight": 8,
	"textureSizes": {
	},
	"textures": {
		"moonjellycombined": "somethinginthewater:entity/moonjellycombined"
	},
	"elements": [
		{
			"name": "Core",
			"from": [ 7.0, 0.0, 7.0 ], 
			"to": [ 9.0, 1.7, 9.0 ], 
			"renderPass": 3,
			"autoUnwrap": false,
			"uv": [ 3.0, 1.0 ],
			"rotationOrigin": [ 8.0, 1.0, 8.0 ],
			"rotationY": 45.0,
			"faces": {
				"north": { "texture": "#moonjellycombined", "uv": [ 3.0, 3.0, 5.0, 4.62 ], "enabled": false, "autoUv": false, "windMode": [-1,-1,-1,-1] },
				"east": { "texture": "#moonjellycombined", "uv": [ 3.0, 3.0, 5.0, 4.625 ], "enabled": false },
				"south": { "texture": "#moonjellycombined", "uv": [ 3.0, 3.0, 5.0, 4.625 ], "enabled": false },
				"west": { "texture": "#moonjellycombined", "uv": [ 3.0, 3.0, 5.0, 4.62 ], "enabled": false, "autoUv": false, "windMode": [-1,-1,-1,-1] },
				"up": { "texture": "#moonjellycombined", "uv": [ 3.0, 1.0, 5.0, 3.0 ], "enabled": false, "windMode": [-1,-1,-1,-1] },
				"down": { "texture": "#null", "uv": [ 2.0, 0.0, 4.0, 2.0 ], "enabled": false, "windMode": [-1,-1,-1,-1] }
			},
			"children": [
				{
					"name": "TentacleN12",
					"from": [ 0.75, -0.5, 1.75 ], 
					"to": [ 1.25, 1.5, 1.75 ], 
					"autoUnwrap": false,
					"uv": [ 5.0, 1.0 ],
					"rotationOrigin": [ 1.0, 1.5, 1.75 ],
					"rotationX": -180.0,
					"rotationZ": 180.0,
					"faces": {
						"north": { "texture": "#moonjellycombined", "uv": [ 3.0, 3.625, 3.5, 5.625 ] },
						"east": { "texture": "#moonjellycombined", "uv": [ 5.0, 1.0, 5.125, 3.0 ], "enabled": false },
						"south": { "texture": "#moonjellycombined", "uv": [ 5.0, 1.0, 5.5, 3.0 ], "enabled": false },
						"west": { "texture": "#moonjellycombined", "uv": [ 5.0, 1.0, 5.125, 3.0 ], "enabled": false },
						"up": { "texture": "#moonjellycombined", "uv": [ 0.0, 0.0, 0.5, 0.125 ], "enabled": false },
						"down": { "texture": "#moonjellycombined", "uv": [ 0.5, 0.0, 1.0, 0.125 ], "enabled": false }
					}
				},
				{
					"name": "TentacleN14",
					"from": [ 0.0, -0.5, 1.0 ], 
					"to": [ 0.5, 1.5, 1.0 ], 
					"autoUnwrap": false,
					"uv": [ 5.0, 1.0 ],
					"rotationOrigin": [ 0.25, 1.5, 1.0 ],
					"rotationY": -90.0,
					"faces": {
						"north": { "texture": "#moonjellycombined", "uv": [ 3.0, 3.625, 3.5, 5.625 ] },
						"east": { "texture": "#moonjellycombined", "uv": [ 5.0, 1.0, 5.125, 3.0 ], "enabled": false },
						"south": { "texture": "#moonjellycombined", "uv": [ 5.0, 1.0, 5.5, 3.0 ], "enabled": false },
						"west": { "texture": "#moonjellycombined", "uv": [ 5.0, 1.0, 5.125, 3.0 ], "enabled": false },
						"up": { "texture": "#moonjellycombined", "uv": [ 0.0, 0.0, 0.5, 0.125 ], "enabled": false },
						"down": { "texture": "#moonjellycombined", "uv": [ 0.5, 0.0, 1.0, 0.125 ], "enabled": false }
					}
				},
				{
					"name": "RoundNEBase",
					"from": [ 1.5, 1.5, 0.9 ], 
					"to": [ 2.1, 1.7, 1.1 ], 
					"uv": [ 3.0, 3.25 ],
					"rotationOrigin": [ 1.8, 1.6, 1.0 ],
					"rotationY": -90.0,
					"faces": {
						"north": { "texture": "#moonjellycombined", "uv": [ 3.0, 3.375, 3.5, 3.5 ] },
						"east": { "texture": "#moonjellycombined", "uv": [ 3.5, 3.375, 3.625, 3.5 ] },
						"south": { "texture": "#moonjellycombined", "uv": [ 3.625, 3.375, 4.125, 3.5 ] },
						"west": { "texture": "#moonjellycombined", "uv": [ 4.125, 3.375, 4.25, 3.5 ] },
						"up": { "texture": "#moonjellycombined", "uv": [ 3.0, 3.25, 3.5, 3.375 ] },
						"down": { "texture": "#moonjellycombined", "uv": [ 3.5, 3.25, 4.0, 3.375 ] }
					},
					"children": [
						{
							"name": "RoundNWBase22",
							"from": [ -0.4, 0.0, -0.1 ], 
							"to": [ 0.1, 0.2, 0.1 ], 
							"uv": [ 3.0, 3.25 ],
							"rotationOrigin": [ 0.1, 0.1, 0.1 ],
							"rotationY": 105.0,
							"faces": {
								"north": { "texture": "#moonjellycombined", "uv": [ 3.0, 3.375, 3.5, 3.5 ] },
								"east": { "texture": "#moonjellycombined", "uv": [ 3.5, 3.375, 3.625, 3.5 ] },
								"south": { "texture": "#moonjellycombined", "uv": [ 3.625, 3.375, 4.125, 3.5 ] },
								"west": { "texture": "#moonjellycombined", "uv": [ 4.125, 3.375, 4.25, 3.5 ] },
								"up": { "texture": "#moonjellycombined", "uv": [ 3.0, 3.25, 3.5, 3.375 ] },
								"down": { "texture": "#moonjellycombined", "uv": [ 3.5, 3.25, 4.0, 3.375 ] }
							}
						},
						{
							"name": "RoundNWBase23",
							"from": [ 0.0, 0.0, 0.1 ], 
							"to": [ 0.5, 0.2, 0.3 ], 
							"uv": [ 3.0, 3.25 ],
							"rotationOrigin": [ 0.5, 0.1, 0.1 ],
							"rotationY": 75.0,
							"faces": {
								"north": { "texture": "#moonjellycombined", "uv": [ 3.0, 3.375, 3.5, 3.5 ] },
								"east": { "texture": "#moonjellycombined", "uv": [ 3.5, 3.375, 3.625, 3.5 ] },
								"south": { "texture": "#moonjellycombined", "uv": [ 3.625, 3.375, 4.125, 3.5 ] },
								"west": { "texture": "#moonjellycombined", "uv": [ 4.125, 3.375, 4.25, 3.5 ] },
								"up": { "texture": "#moonjellycombined", "uv": [ 3.0, 3.25, 3.5, 3.375 ] },
								"down": { "texture": "#moonjellycombined", "uv": [ 3.5, 3.25, 4.0, 3.375 ] }
							}
						}
					]
				},
				{
					"name": "RoundNWBase",
					"from": [ 0.7, 1.5, 0.1 ], 
					"to": [ 1.3, 1.7, 0.3 ], 
					"uv": [ 3.0, 3.25 ],
					"rotationOrigin": [ 1.0, 1.6, 0.2 ],
					"faces": {
						"north": { "texture": "#moonjellycombined", "uv": [ 3.0, 3.375, 3.5, 3.5 ] },
						"east": { "texture": "#moonjellycombined", "uv": [ 3.5, 3.375, 3.625, 3.5 ] },
						"south": { "texture": "#moonjellycombined", "uv": [ 3.625, 3.375, 4.125, 3.5 ] },
						"west": { "texture": "#moonjellycombined", "uv": [ 4.125, 3.375, 4.25, 3.5 ] },
						"up": { "texture": "#moonjellycombined", "uv": [ 3.0, 3.25, 3.5, 3.375 ] },
						"down": { "texture": "#moonjellycombined", "uv": [ 3.5, 3.25, 4.0, 3.375 ] }
					},
					"children": [
						{
							"name": "RoundNWBase19",
							"from": [ -0.4, 0.0, -0.1 ], 
							"to": [ 0.1, 0.2, 0.1 ], 
							"uv": [ 3.0, 3.25 ],
							"rotationOrigin": [ 0.1, 0.1, 0.1 ],
							"rotationY": 105.0,
							"faces": {
								"north": { "texture": "#moonjellycombined", "uv": [ 3.0, 3.375, 3.5, 3.5 ] },
								"east": { "texture": "#moonjellycombined", "uv": [ 3.5, 3.375, 3.625, 3.5 ] },
								"south": { "texture": "#moonjellycombined", "uv": [ 3.625, 3.375, 4.125, 3.5 ] },
								"west": { "texture": "#moonjellycombined", "uv": [ 4.125, 3.375, 4.25, 3.5 ] },
								"up": { "texture": "#moonjellycombined", "uv": [ 3.0, 3.25, 3.5, 3.375 ] },
								"down": { "texture": "#moonjellycombined", "uv": [ 3.5, 3.25, 4.0, 3.375 ] }
							}
						},
						{
							"name": "RoundNWBase20",
							"from": [ 0.0, 0.0, 0.1 ], 
							"to": [ 0.5, 0.2, 0.3 ], 
							"uv": [ 3.0, 3.25 ],
							"rotationOrigin": [ 0.5, 0.1, 0.1 ],
							"rotationY": 75.0,
							"faces": {
								"north": { "texture": "#moonjellycombined", "uv": [ 3.0, 3.375, 3.5, 3.5 ] },
								"east": { "texture": "#moonjellycombined", "uv": [ 3.5, 3.375, 3.625, 3.5 ] },
								"south": { "texture": "#moonjellycombined", "uv": [ 3.625, 3.375, 4.125, 3.5 ] },
								"west": { "texture": "#moonjellycombined", "uv": [ 4.125, 3.375, 4.25, 3.5 ] },
								"up": { "texture": "#moonjellycombined", "uv": [ 3.0, 3.25, 3.5, 3.375 ] },
								"down": { "texture": "#moonjellycombined", "uv": [ 3.5, 3.25, 4.0, 3.375 ] }
							}
						}
					]
				},
				{
					"name": "RoundSWBase",
					"from": [ -0.1, 1.5, 0.9 ], 
					"to": [ 0.5, 1.7, 1.1 ], 
					"uv": [ 3.0, 3.25 ],
					"rotationOrigin": [ 0.2, 1.6, 1.0 ],
					"rotationY": 90.0,
					"faces": {
						"north": { "texture": "#moonjellycombined", "uv": [ 3.0, 3.375, 3.5, 3.5 ] },
						"east": { "texture": "#moonjellycombined", "uv": [ 3.5, 3.375, 3.625, 3.5 ] },
						"south": { "texture": "#moonjellycombined", "uv": [ 3.625, 3.375, 4.125, 3.5 ] },
						"west": { "texture": "#moonjellycombined", "uv": [ 4.125, 3.375, 4.25, 3.5 ] },
						"up": { "texture": "#moonjellycombined", "uv": [ 3.0, 3.25, 3.5, 3.375 ] },
						"down": { "texture": "#moonjellycombined", "uv": [ 3.5, 3.25, 4.0, 3.375 ] }
					},
					"children": [
						{
							"name": "RoundNWBase24",
							"from": [ -0.4, 0.0, -0.1 ], 
							"to": [ 0.1, 0.2, 0.1 ], 
							"uv": [ 3.0, 3.25 ],
							"rotationOrigin": [ 0.1, 0.1, 0.1 ],
							"rotationY": 105.0,
							"faces": {
								"north": { "texture": "#moonjellycombined", "uv": [ 3.0, 3.375, 3.5, 3.5 ] },
								"east": { "texture": "#moonjellycombined", "uv": [ 3.5, 3.375, 3.625, 3.5 ] },
								"south": { "texture": "#moonjellycombined", "uv": [ 3.625, 3.375, 4.125, 3.5 ] },
								"west": { "texture": "#moonjellycombined", "uv": [ 4.125, 3.375, 4.25, 3.5 ] },
								"up": { "texture": "#moonjellycombined", "uv": [ 3.0, 3.25, 3.5, 3.375 ] },
								"down": { "texture": "#moonjellycombined", "uv": [ 3.5, 3.25, 4.0, 3.375 ] }
							}
						},
						{
							"name": "RoundNWBase24",
							"from": [ 0.0, 0.0, 0.1 ], 
							"to": [ 0.5, 0.2, 0.3 ], 
							"uv": [ 3.0, 3.25 ],
							"rotationOrigin": [ 0.5, 0.1, 0.1 ],
							"rotationY": 75.0,
							"faces": {
								"north": { "texture": "#moonjellycombined", "uv": [ 3.0, 3.375, 3.5, 3.5 ] },
								"east": { "texture": "#moonjellycombined", "uv": [ 3.5, 3.375, 3.625, 3.5 ] },
								"south": { "texture": "#moonjellycombined", "uv": [ 3.625, 3.375, 4.125, 3.5 ] },
								"west": { "texture": "#moonjellycombined", "uv": [ 4.125, 3.375, 4.25, 3.5 ] },
								"up": { "texture": "#moonjellycombined", "uv": [ 3.0, 3.25, 3.5, 3.375 ] },
								"down": { "texture": "#moonjellycombined", "uv": [ 3.5, 3.25, 4.0, 3.375 ] }
							}
						}
					]
				},
				{
					"name": "RoundSEBase",
					"from": [ 0.7, 1.5, 1.7 ], 
					"to": [ 1.3, 1.7, 1.9 ], 
					"uv": [ 3.0, 3.25 ],
					"rotationOrigin": [ 1.0, 1.6, 1.8 ],
					"rotationY": -180.0,
					"faces": {
						"north": { "texture": "#moonjellycombined", "uv": [ 3.0, 3.375, 3.5, 3.5 ] },
						"east": { "texture": "#moonjellycombined", "uv": [ 3.5, 3.375, 3.625, 3.5 ] },
						"south": { "texture": "#moonjellycombined", "uv": [ 3.625, 3.375, 4.125, 3.5 ] },
						"west": { "texture": "#moonjellycombined", "uv": [ 4.125, 3.375, 4.25, 3.5 ] },
						"up": { "texture": "#moonjellycombined", "uv": [ 3.0, 3.25, 3.5, 3.375 ] },
						"down": { "texture": "#moonjellycombined", "uv": [ 3.5, 3.25, 4.0, 3.375 ] }
					},
					"children": [
						{
							"name": "RoundNWBase25",
							"from": [ -0.4, 0.0, -0.1 ], 
							"to": [ 0.1, 0.2, 0.1 ], 
							"uv": [ 3.0, 3.25 ],
							"rotationOrigin": [ 0.1, 0.1, 0.1 ],
							"rotationY": 105.0,
							"faces": {
								"north": { "texture": "#moonjellycombined", "uv": [ 3.0, 3.375, 3.5, 3.5 ] },
								"east": { "texture": "#moonjellycombined", "uv": [ 3.5, 3.375, 3.625, 3.5 ] },
								"south": { "texture": "#moonjellycombined", "uv": [ 3.625, 3.375, 4.125, 3.5 ] },
								"west": { "texture": "#moonjellycombined", "uv": [ 4.125, 3.375, 4.25, 3.5 ] },
								"up": { "texture": "#moonjellycombined", "uv": [ 3.0, 3.25, 3.5, 3.375 ] },
								"down": { "texture": "#moonjellycombined", "uv": [ 3.5, 3.25, 4.0, 3.375 ] }
							}
						},
						{
							"name": "RoundNWBase26",
							"from": [ 0.0, 0.0, 0.1 ], 
							"to": [ 0.5, 0.2, 0.3 ], 
							"uv": [ 3.0, 3.25 ],
							"rotationOrigin": [ 0.5, 0.1, 0.1 ],
							"rotationY": 75.0,
							"faces": {
								"north": { "texture": "#moonjellycombined", "uv": [ 3.0, 3.375, 3.5, 3.5 ] },
								"east": { "texture": "#moonjellycombined", "uv": [ 3.5, 3.375, 3.625, 3.5 ] },
								"south": { "texture": "#moonjellycombined", "uv": [ 3.625, 3.375, 4.125, 3.5 ] },
								"west": { "texture": "#moonjellycombined", "uv": [ 4.125, 3.375, 4.25, 3.5 ] },
								"up": { "texture": "#moonjellycombined", "uv": [ 3.0, 3.25, 3.5, 3.375 ] },
								"down": { "texture": "#moonjellycombined", "uv": [ 3.5, 3.25, 4.0, 3.375 ] }
							}
						}
					]
				},
				{
					"name": "Trailtentacle",
					"from": [ 0.2, -0.7, 1.0 ], 
					"to": [ 1.8, 1.3, 1.0 ], 
					"renderPass": 3,
					"autoUnwrap": false,
					"uv": [ 5.0, 1.0 ],
					"rotationOrigin": [ 1.0, 1.3, 1.0 ],
					"rotationY": -45.0,
					"faces": {
						"north": { "texture": "#moonjellycombined", "uv": [ 3.5, 3.625, 5.0, 5.625 ] },
						"east": { "texture": "#moonjellycombined", "uv": [ 5.0, 1.0, 5.125, 3.0 ], "enabled": false },
						"south": { "texture": "#moonjellycombined", "uv": [ 5.0, 1.0, 6.5, 3.0 ], "enabled": false },
						"west": { "texture": "#moonjellycombined", "uv": [ 5.0, 1.0, 5.125, 3.0 ], "enabled": false },
						"up": { "texture": "#moonjellycombined", "uv": [ 0.0, 0.0, 1.5, 0.125 ], "enabled": false },
						"down": { "texture": "#moonjellycombined", "uv": [ 0.5, 0.0, 2.0, 0.125 ], "enabled": false }
					}
				},
				{
					"name": "Trailtentacle2",
					"from": [ 0.2, -0.7, 1.0 ], 
					"to": [ 1.8, 1.3, 1.0 ], 
					"autoUnwrap": false,
					"uv": [ 5.0, 1.0 ],
					"rotationOrigin": [ 1.0, 1.3, 1.0 ],
					"rotationY": 45.0,
					"faces": {
						"north": { "texture": "#moonjellycombined", "uv": [ 3.5, 3.625, 5.0, 5.625 ] },
						"east": { "texture": "#moonjellycombined", "uv": [ 5.0, 1.0, 5.125, 3.0 ], "enabled": false },
						"south": { "texture": "#moonjellycombined", "uv": [ 5.0, 1.0, 6.5, 3.0 ], "enabled": false },
						"west": { "texture": "#moonjellycombined", "uv": [ 5.0, 1.0, 5.125, 3.0 ], "enabled": false },
						"up": { "texture": "#moonjellycombined", "uv": [ 0.0, 0.0, 1.5, 0.125 ], "enabled": false },
						"down": { "texture": "#moonjellycombined", "uv": [ 0.5, 0.0, 2.0, 0.125 ], "enabled": false }
					}
				},
				{
					"name": "Cube1",
					"from": [ 0.0, 1.29, 0.0 ], 
					"to": [ 2.0, 1.99, 2.0 ], 
					"renderPass": 3,
					"autoUnwrap": false,
					"uv": [ 0.0, 1.0 ],
					"rotationOrigin": [ 0.0, 1.3, 0.0 ],
					"faces": {
						"north": { "texture": "#moonjellycombined", "uv": [ 3.0, 1.0, 5.0, 1.625 ] },
						"east": { "texture": "#moonjellycombined", "uv": [ 3.0, 1.0, 5.0, 1.625 ] },
						"south": { "texture": "#moonjellycombined", "uv": [ 3.0, 1.0, 5.0, 1.625 ] },
						"west": { "texture": "#moonjellycombined", "uv": [ 3.0, 1.0, 5.0, 1.625 ] },
						"up": { "texture": "#moonjellycombined", "uv": [ 3.0, 1.0, 5.0, 3.0 ], "windMode": [-1,-1,-1,-1] },
						"down": { "texture": "#moonjellycombined", "uv": [ 3.0, 1.0, 5.0, 3.0 ] }
					}
				},
				{
					"name": "Top",
					"from": [ -0.5, 1.5, -0.5 ], 
					"to": [ 2.5, 2.0, 2.5 ], 
					"renderPass": 3,
					"autoUnwrap": false,
					"uv": [ 0.0, 1.0 ],
					"rotationOrigin": [ 1.0, 2.0, 1.0 ],
					"rotationY": 0.0,
					"faces": {
						"north": { "texture": "#null", "uv": [ 0.0, 4.0, 3.0, 4.5 ], "enabled": false, "windMode": [-1,-1,-1,-1] },
						"east": { "texture": "#null", "uv": [ 4.0, 4.0, 7.0, 4.5 ], "enabled": false, "windMode": [-1,-1,-1,-1] },
						"south": { "texture": "#null", "uv": [ 4.0, 4.0, 7.0, 4.5 ], "enabled": false, "windMode": [-1,-1,-1,-1] },
						"west": { "texture": "#null", "uv": [ 4.0, 4.0, 7.0, 4.5 ], "enabled": false, "windMode": [-1,-1,-1,-1] },
						"up": { "texture": "#moonjellycombined", "uv": [ 0.0, 1.0, 3.0, 4.0 ] },
						"down": { "texture": "#null", "uv": [ 4.0, 0.0, 8.0, 4.0 ], "enabled": false, "autoUv": false, "windMode": [-1,-1,-1,-1] }
					}
				},
				{
					"name": "Cube6",
					"stepParentName": "Core",
					"from": [ -0.5, 1.5, 2.5 ], 
					"to": [ 2.5, 2.0, 2.5 ], 
					"renderPass": 3,
					"uv": [ 0.0, 0.0 ],
					"rotationOrigin": [ 1.5, 2.0, 2.5 ],
					"rotationY": 0.0,
					"faces": {
						"north": { "texture": "#null", "uv": [ 0.0, 0.5, 4.0, 1.0 ], "enabled": false, "windMode": [-1,-1,-1,-1] },
						"east": { "texture": "#null", "uv": [ 0.0, 0.0, 0.25, 0.5 ], "enabled": false, "windMode": [-1,-1,-1,-1] },
						"south": { "texture": "#moonjellycombined", "uv": [ 0.0, 0.0, 3.0, 0.5 ] },
						"west": { "texture": "#null", "uv": [ 4.25, 0.0, 4.5, 0.5 ], "enabled": false, "windMode": [-1,-1,-1,-1] },
						"up": { "texture": "#null", "uv": [ 0.0, 0.0, 4.0, 0.5 ], "enabled": false, "autoUv": false, "windMode": [-1,-1,-1,-1] },
						"down": { "texture": "#null", "uv": [ 4.0, 0.0, 8.0, 0.25 ], "enabled": false, "windMode": [-1,-1,-1,-1] }
					},
					"children": [
						{
							"name": "Cube8",
							"stepParentName": "Cube6",
							"from": [ 0.0, -0.5, 0.0 ], 
							"to": [ 3.0, 0.0, 0.0 ], 
							"renderPass": 3,
							"uv": [ 0.0, 0.5 ],
							"rotationOrigin": [ 2.0, 0.0, 0.0 ],
							"faces": {
								"north": { "texture": "#null", "uv": [ 0.0, 0.5, 4.0, 1.0 ], "enabled": false, "windMode": [-1,-1,-1,-1] },
								"east": { "texture": "#null", "uv": [ 0.0, 0.25, 0.25, 0.75 ], "enabled": false, "windMode": [-1,-1,-1,-1] },
								"south": { "texture": "#moonjellycombined", "uv": [ 0.0, 0.5, 3.0, 1.0 ] },
								"west": { "texture": "#null", "uv": [ 8.5, 0.5, 9.0, 1.0 ], "enabled": false, "autoUv": false, "windMode": [-1,-1,-1,-1] },
								"up": { "texture": "#null", "uv": [ 0.0, 0.0, 4.0, 0.25 ], "enabled": false, "windMode": [-1,-1,-1,-1] },
								"down": { "texture": "#null", "uv": [ 4.0, 0.0, 8.0, 0.25 ], "enabled": false, "windMode": [-1,-1,-1,-1] }
							}
						}
					]
				},
				{
					"name": "TentacleN28",
					"from": [ 1.6, -0.5, 1.0 ], 
					"to": [ 2.1, 1.5, 1.0 ], 
					"autoUnwrap": false,
					"uv": [ 5.0, 1.0 ],
					"rotationOrigin": [ 1.85, 1.5, 1.0 ],
					"rotationY": 90.0,
					"faces": {
						"north": { "texture": "#moonjellycombined", "uv": [ 3.0, 3.625, 3.5, 5.625 ] },
						"east": { "texture": "#moonjellycombined", "uv": [ 5.0, 1.0, 5.125, 3.0 ], "enabled": false },
						"south": { "texture": "#moonjellycombined", "uv": [ 5.0, 1.0, 5.5, 3.0 ], "enabled": false },
						"west": { "texture": "#moonjellycombined", "uv": [ 5.0, 1.0, 5.125, 3.0 ], "enabled": false },
						"up": { "texture": "#moonjellycombined", "uv": [ 0.0, 0.0, 0.5, 0.125 ], "enabled": false },
						"down": { "texture": "#moonjellycombined", "uv": [ 0.5, 0.0, 1.0, 0.125 ], "enabled": false }
					}
				},
				{
					"name": "TentacleN29",
					"from": [ 0.75, -0.5, 0.15 ], 
					"to": [ 1.25, 1.5, 0.15 ], 
					"renderPass": 3,
					"autoUnwrap": false,
					"uv": [ 5.0, 1.0 ],
					"rotationOrigin": [ 1.0, 1.5, 0.15 ],
					"rotationY": -180.0,
					"faces": {
						"north": { "texture": "#moonjellycombined", "uv": [ 3.0, 3.625, 3.5, 5.62 ], "enabled": false, "autoUv": false, "windMode": [-1,-1,-1,-1] },
						"east": { "texture": "#moonjellycombined", "uv": [ 5.0, 1.0, 5.125, 3.0 ], "enabled": false },
						"south": { "texture": "#moonjellycombined", "uv": [ 3.0, 3.625, 3.5, 5.625 ], "windMode": [-1,-1,-1,-1] },
						"west": { "texture": "#moonjellycombined", "uv": [ 5.0, 1.0, 5.125, 3.0 ], "enabled": false },
						"up": { "texture": "#moonjellycombined", "uv": [ 0.0, 0.0, 0.5, 0.125 ], "enabled": false },
						"down": { "texture": "#moonjellycombined", "uv": [ 0.5, 0.0, 1.0, 0.125 ], "enabled": false }
					}
				},
				{
					"name": "Cube5",
					"from": [ -0.5, 1.5, -0.5 ], 
					"to": [ 2.5, 2.0, -0.5 ], 
					"renderPass": 3,
					"uv": [ 0.0, 0.0 ],
					"rotationOrigin": [ 1.5, 2.0, -0.5 ],
					"rotationY": 0.0,
					"faces": {
						"north": { "texture": "#null", "uv": [ 0.0, 0.5, 4.0, 1.0 ], "enabled": false, "windMode": [-1,-1,-1,-1] },
						"east": { "texture": "#null", "uv": [ 0.0, 0.25, 0.25, 0.75 ], "enabled": false, "windMode": [-1,-1,-1,-1] },
						"south": { "texture": "#moonjellycombined", "uv": [ 0.0, 0.0, 3.0, 0.5 ] },
						"west": { "texture": "#null", "uv": [ 4.25, 0.25, 4.5, 0.75 ], "enabled": false, "windMode": [-1,-1,-1,-1] },
						"up": { "texture": "#null", "uv": [ 0.0, 0.0, 4.0, 0.25 ], "enabled": false, "windMode": [-1,-1,-1,-1] },
						"down": { "texture": "#null", "uv": [ 4.0, 0.0, 8.0, 0.25 ], "enabled": false, "windMode": [-1,-1,-1,-1] }
					},
					"children": [
						{
							"name": "Cube9",
							"from": [ 0.0, -0.5, 0.0 ], 
							"to": [ 3.0, 0.0, 0.0 ], 
							"renderPass": 3,
							"uv": [ 0.0, 0.25 ],
							"rotationOrigin": [ 2.0, 0.0, 0.0 ],
							"faces": {
								"north": { "texture": "#null", "uv": [ 0.0, 0.5, 4.0, 1.0 ], "enabled": false, "windMode": [-1,-1,-1,-1] },
								"east": { "texture": "#null", "uv": [ 4.0, 0.5, 4.5, 1.0 ], "enabled": false, "autoUv": false, "windMode": [-1,-1,-1,-1] },
								"south": { "texture": "#moonjellycombined", "uv": [ 0.0, 0.5, 3.0, 1.0 ] },
								"west": { "texture": "#null", "uv": [ 4.0, 0.25, 4.25, 0.75 ], "enabled": false, "windMode": [-1,-1,-1,-1] },
								"up": { "texture": "#null", "uv": [ 0.0, 0.0, 4.0, 0.25 ], "enabled": false, "windMode": [-1,-1,-1,-1] },
								"down": { "texture": "#null", "uv": [ 4.0, 0.0, 8.0, 0.25 ], "enabled": false, "windMode": [-1,-1,-1,-1] }
							}
						}
					]
				},
				{
					"name": "Cube4",
					"from": [ 2.5, 1.5, -0.5 ], 
					"to": [ 2.5, 2.0, 2.5 ], 
					"renderPass": 3,
					"uv": [ 0.0, 0.0 ],
					"rotationOrigin": [ 2.5, 2.0, 1.5 ],
					"rotationY": 0.0,
					"faces": {
						"north": { "texture": "#null", "uv": [ 0.0, 4.0, 0.25, 4.5 ], "enabled": false, "windMode": [-1,-1,-1,-1] },
						"east": { "texture": "#null", "uv": [ 0.5, 8.0, 4.5, 8.5 ], "enabled": false, "windMode": [-1,-1,-1,-1] },
						"south": { "texture": "#null", "uv": [ 0.25, 4.0, 0.5, 4.5 ], "enabled": false, "windMode": [-1,-1,-1,-1] },
						"west": { "texture": "#moonjellycombined", "uv": [ 0.0, 0.0, 3.0, 0.5 ] },
						"up": { "texture": "#null", "uv": [ 0.0, 4.0, 0.5, 8.0 ], "enabled": false, "autoUv": false, "windMode": [-1,-1,-1,-1] },
						"down": { "texture": "#null", "uv": [ 0.25, 4.0, 0.5, 8.0 ], "enabled": false, "windMode": [-1,-1,-1,-1] }
					},
					"children": [
						{
							"name": "Cube10",
							"from": [ 0.0, -0.5, 0.0 ], 
							"to": [ 0.0, 0.0, 3.0 ], 
							"renderPass": 3,
							"uv": [ 0.0, 0.5 ],
							"rotationOrigin": [ 0.0, 0.0, 2.0 ],
							"faces": {
								"north": { "texture": "#null", "uv": [ 0.0, 4.0, 0.25, 4.5 ], "enabled": false, "windMode": [-1,-1,-1,-1] },
								"east": { "texture": "#null", "uv": [ 0.5, 8.0, 4.5, 8.5 ], "enabled": false, "windMode": [-1,-1,-1,-1] },
								"south": { "texture": "#null", "uv": [ 0.25, 4.0, 0.5, 4.5 ], "enabled": false, "windMode": [-1,-1,-1,-1] },
								"west": { "texture": "#moonjellycombined", "uv": [ 0.0, 0.5, 3.0, 1.0 ] },
								"up": { "texture": "#null", "uv": [ 0.0, 4.0, 0.5, 8.0 ], "enabled": false, "autoUv": false, "windMode": [-1,-1,-1,-1] },
								"down": { "texture": "#null", "uv": [ 0.25, 4.0, 0.5, 8.0 ], "enabled": false, "windMode": [-1,-1,-1,-1] }
							}
						}
					]
				},
				{
					"name": "Cube3",
					"from": [ -0.5, 1.5, -0.5 ], 
					"to": [ -0.5, 2.0, 2.5 ], 
					"renderPass": 3,
					"uv": [ 0.0, 0.0 ],
					"rotationOrigin": [ -0.5, 2.0, 1.5 ],
					"rotationY": 0.0,
					"faces": {
						"north": { "texture": "#null", "uv": [ 0.0, 8.0, 0.5, 8.5 ], "enabled": false, "autoUv": false, "windMode": [-1,-1,-1,-1] },
						"east": { "texture": "#null", "uv": [ 0.5, 8.0, 4.5, 8.5 ], "enabled": false, "windMode": [-1,-1,-1,-1] },
						"south": { "texture": "#null", "uv": [ 0.0, 8.0, 0.25, 8.5 ], "enabled": false, "windMode": [-1,-1,-1,-1] },
						"west": { "texture": "#moonjellycombined", "uv": [ 0.0, 0.0, 3.0, 0.5 ] },
						"up": { "texture": "#null", "uv": [ 0.0, 4.0, 0.25, 8.0 ], "enabled": false, "windMode": [-1,-1,-1,-1] },
						"down": { "texture": "#null", "uv": [ 0.25, 4.0, 0.5, 8.0 ], "enabled": false, "windMode": [-1,-1,-1,-1] }
					},
					"children": [
						{
							"name": "Cube7",
							"from": [ 0.0, -0.5, 0.0 ], 
							"to": [ 0.0, 0.0, 3.0 ], 
							"renderPass": 3,
							"uv": [ 0.0, 0.5 ],
							"rotationOrigin": [ 0.0, 0.0, 2.0 ],
							"faces": {
								"north": { "texture": "#null", "uv": [ 0.0, 8.0, 0.25, 8.5 ], "enabled": false, "windMode": [-1,-1,-1,-1] },
								"east": { "texture": "#null", "uv": [ 0.5, 8.0, 4.5, 8.5 ], "enabled": false },
								"south": { "texture": "#null", "uv": [ 0.25, 4.0, 0.5, 4.5 ], "enabled": false, "windMode": [-1,-1,-1,-1] },
								"west": { "texture": "#moonjellycombined", "uv": [ 0.0, 0.5, 3.0, 1.0 ] },
								"up": { "texture": "#null", "uv": [ 0.0, 4.0, 0.25, 8.0 ], "enabled": false, "windMode": [-1,-1,-1,-1] },
								"down": { "texture": "#null", "uv": [ 0.5, 4.0, 1.0, 8.0 ], "enabled": false, "autoUv": false, "windMode": [-1,-1,-1,-1] }
							}
						}
					]
				}
			]
		}
	],
	"animations": [
		{
			"name": "swim",
			"code": "swim",
			"quantityframes": 30,
			"onActivityStopped": "EaseOut",
			"onAnimationEnd": "Repeat",
			"keyframes": [
				{
					"frame": 0,
					"elements": {
						"Core": { "offsetX": 0.0, "offsetY": -0.0, "offsetZ": 0.0, "rotationX": -42.0, "rotationY": -29.5, "rotationZ": 71.5 },
						"Cube3": { "rotationX": 0.0, "rotationY": 0.0, "rotationZ": -45.0 },
						"Cube7": { "rotationX": 0.0, "rotationY": 0.0, "rotationZ": -22.5 },
						"Cube6": { "rotationX": -45.0, "rotationY": 0.0, "rotationZ": 0.0 },
						"Cube8": { "rotationX": -22.5, "rotationY": 0.0, "rotationZ": 0.0 },
						"Cube5": { "rotationX": 45.0, "rotationY": 0.0, "rotationZ": 0.0 },
						"Cube9": { "rotationX": 22.5, "rotationY": 0.0, "rotationZ": 0.0 },
						"Cube4": { "rotationX": 0.0, "rotationY": 0.0, "rotationZ": 45.0 },
						"Cube10": { "rotationX": 0.0, "rotationY": 0.0, "rotationZ": 22.5 },
						"TentacleN28": { "rotationX": 0.0, "rotationY": 0.0, "rotationZ": 0.0 },
						"TentacleN12": { "rotationX": 0.0, "rotationY": 0.0, "rotationZ": 0.0 },
						"TentacleN14": { "rotationX": 0.0, "rotationY": 0.0, "rotationZ": 0.0 },
						"TentacleN29": { "rotationX": 0.0, "rotationY": 0.0, "rotationZ": 0.0 }
					}
				},
				{
					"frame": 15,
					"elements": {
						"Core": { "offsetX": 0.0, "offsetY": 0.5, "offsetZ": 0.0 },
						"Cube3": { "rotationX": 0.0, "rotationY": 0.0, "rotationZ": 0.0 },
						"Cube7": { "rotationX": 0.0, "rotationY": 0.0, "rotationZ": 22.5 },
						"Cube6": { "rotationX": 0.0, "rotationY": 0.0, "rotationZ": 0.0 },
						"Cube8": { "rotationX": 22.5, "rotationY": 0.0, "rotationZ": 0.0 },
						"Cube5": { "rotationX": 0.0, "rotationY": 0.0, "rotationZ": 0.0 },
						"Cube9": { "rotationX": -22.5, "rotationY": 0.0, "rotationZ": 0.0 },
						"Cube4": { "rotationX": 0.0, "rotationY": 0.0, "rotationZ": 0.0 },
						"Cube10": { "rotationX": 0.0, "rotationY": 0.0, "rotationZ": -22.5 },
						"TentacleN28": { "rotationX": 90.0, "rotationY": -8.0, "rotationZ": -90.0 },
						"TentacleN12": { "rotationX": 8.0, "rotationY": 0.0, "rotationZ": 0.0 },
						"TentacleN14": { "rotationX": -90.0, "rotationY": -8.0, "rotationZ": -90.0 },
						"TentacleN29": { "rotationX": -8.0, "rotationY": 0.0, "rotationZ": 0.0 }
					}
				},
				{
					"frame": 25,
					"elements": {
						"Core": {  },
						"Cube4": { "rotationX": 0.0, "rotationY": 0.0, "rotationZ": 45.0 },
						"Cube6": { "rotationX": -45.0, "rotationY": 0.0, "rotationZ": 0.0 },
						"Cube3": { "rotationX": 0.0, "rotationY": 0.0, "rotationZ": -45.0 },
						"Cube5": { "rotationX": 45.0, "rotationY": 0.0, "rotationZ": 0.0 }
					}
				}
			]
		},

		{
			"name": "idle",
			"code": "idle",
			"quantityframes": 30,
			"onActivityStopped": "EaseOut",
			"onAnimationEnd": "Repeat",
			"keyframes": [
				{
					"frame": 0,
					"elements": {
						"Core": { "offsetX": 0.0, "offsetY": 0.0, "offsetZ": 0.0 },
						"TentacleN12": { "rotationX": 0.0, "rotationY": 0.0, "rotationZ": 0.0 },
						"TentacleN14": { "rotationX": 0.0, "rotationY": 0.0, "rotationZ": 0.0 },
						"TentacleN28": { "rotationX": 0.0, "rotationY": 0.0, "rotationZ": 0.0 },
						"TentacleN29": { "rotationX": 0.0, "rotationY": 0.0, "rotationZ": 0.0 }
					}
				},
				{
					"frame": 15,
					"elements": {
						"Core": { "offsetX": -0.0, "offsetY": 0.01, "offsetZ": 0.0 },
						"TentacleN12": { "rotationX": -3.5, "rotationY": 0.0, "rotationZ": 0.0 },
						"TentacleN14": { "rotationX": 90.0, "rotationY": -3.5, "rotationZ": 90.0 },
						"TentacleN28": { "rotationX": 90.0, "rotationY": 3.5, "rotationZ": -90.0 },
						"TentacleN29": { "rotationX": 3.5, "rotationY": 0.0, "rotationZ": 0.0 }
					}
				}
			]
		},

		{
			"name": "die",
			"code": "die",
			"quantityframes": 30,
			"onActivityStopped": "Stop",
			"onAnimationEnd": "Hold",
			"keyframes": [
				{
					"frame": 0,
					"elements": {
						"Core": { "offsetX": 0.0, "offsetY": 0.0, "offsetZ": 0.0, "rotationX": 0.0, "rotationY": 0.0, "rotationZ": 0.0 },
						"Cube3": { "rotationX": 0.0, "rotationY": 0.0, "rotationZ": 0.0 },
						"TentacleN12": { "rotationX": 0.0, "rotationY": 0.0, "rotationZ": 0.0 },
						"TentacleN29": { "rotationX": 0.0, "rotationY": 0.0, "rotationZ": 0.0 },
						"TentacleN28": { "rotationX": 0.0, "rotationY": 0.0, "rotationZ": 0.0 },
						"TentacleN14": { "rotationX": 0.0, "rotationY": 0.0, "rotationZ": 0.0 },
						"Cube5": { "rotationX": 0.0, "rotationY": 0.0, "rotationZ": 0.0 },
						"Cube4": { "rotationX": 0.0, "rotationY": 0.0, "rotationZ": 0.0 },
						"Cube6": { "rotationX": 0.0, "rotationY": 0.0, "rotationZ": 0.0 }
					}
				},
				{
					"frame": 29,
					"elements": {
						"Core": { "offsetX": 0.0, "offsetY": -1.5, "offsetZ": 0.0, "rotationX": 0.0, "rotationY": -22.5, "rotationZ": 0.0 },
						"Cube3": { "rotationX": 0.0, "rotationY": 0.0, "rotationZ": -67.5 },
						"Cube6": { "rotationX": -67.5, "rotationY": 0.0, "rotationZ": 0.0 },
						"Cube4": { "rotationX": 0.0, "rotationY": 0.0, "rotationZ": 67.5 },
						"Cube5": { "rotationX": 67.5, "rotationY": 0.0, "rotationZ": 0.0 },
						"TentacleN12": { "rotationX": -90.0, "rotationY": 0.0, "rotationZ": 0.0 },
						"TentacleN28": { "rotationX": 90.0, "rotationY": 90.0, "rotationZ": -90.0 },
						"TentacleN29": { "rotationX": 90.0, "rotationY": 0.0, "rotationZ": 0.0 },
						"TentacleN14": { "rotationX": 90.0, "rotationY": -90.0, "rotationZ": 90.0 }
					}
				}
			]
		}
	]
}