{
  "code": "itementityfamiliarbear",
  "class": "ItemPetRM",
  "maxstacksize": 1,
  "enabled": false,

  "variantgroups": [
    {
      "code": "type",
      "states": [ "black", "brown", "polar", "sun", "panda", "fire", "frost", "electricity", "gravity", "heal", "poison" ]
    }
  ],
  //"skipVariants": [ "*-ashened-*", "*-verdant-*", "*-violet-*" ],

  "creativeinventory": {
    "general": [ "*" ],
    "creatures": [ "*" ],
    "rustboundmagic": [ "*" ]
  },

  "shape": { "base": "game:entity/land/bear" },
  "texturesByType": {
    "*-fire": {
      "default": { "base": "default" },
      "fur": { "base": "entities/familiars/bear/bear-{type}" }
    },
    "*-frost": {
      "default": { "base": "default" },
      "fur": { "base": "entities/familiars/bear/bear-{type}" }
    },
    "*-electricity": {
      "default": { "base": "default" },
      "fur": { "base": "entities/familiars/bear/bear-{type}" }
    },
    "*-gravity": {
      "default": { "base": "default" },
      "fur": { "base": "entities/familiars/bear/bear-{type}" }
    },
    "*-heal": {
      "default": { "base": "default" },
      "fur": { "base": "entities/familiars/bear/bear-{type}" }
    },
    "*-poison": {
      "default": { "base": "default" },
      "fur": { "base": "entities/familiars/bear/bear-{type}" }
    },
    "*": {
      "fur": { "base": "game:entity/bear/{type}1" }
    }
  },

  //"attributesByType": {
  //  "*": {
  //    "*": ""
  //    //"setGuardedEntityAttributeByType": {
  //    //	"*-locust-bronze-hacked": true,
  //    //	"*-locust-corrupt-hacked": true
  //    //}
  //  }
  //},

  "materialDensity": 600,

  "guiTransformByType": {
    "*": {
      "rotate": true,
      "translation": {
        "x": 2,
        "y": 0,
        "z": 0
      },
      "rotation": {
        "x": -20,
        "y": -127,
        "z": -180
      },
      "origin": {
        "x": 0.5,
        "y": 0.75,
        "z": 0.5
      },
      "scale": 0.5
    }
  },
  "tpHandTransformByType": {
    "*": {
      "translation": {
        "x": -2.1,
        "y": -0.3,
        "z": -0.7
      },
      "rotation": {
        "x": -164,
        "y": -4,
        "z": -173
      },
      "origin": {
        "x": 0.5,
        "y": -0.1,
        "z": 0
      },
      "scale": 0.25
    }
  },
  "fpHandTransformByType": {
    "*": {
      "translation": {
        "x": 0.3,
        "y": 0.09,
        "z": 0
      },
      "rotation": {
        "x": -149,
        "y": -115,
        "z": -180
      },
      "origin": {
        "x": 0.5,
        "y": 0.1,
        "z": 0.5
      },
      "scale": 0.65
    }
  },
  "groundTransformByType": {
    "*": {
      "translation": {
        "x": 0,
        "y": 0,
        "z": 0
      },
      "rotation": {
        "x": 90,
        "y": 0,
        "z": 0
      },
      "origin": {
        "x": 0.5,
        "y": 0.5,
        "z": 0.7
      },
      "scale": 1
    }
  }
}