﻿[
  {
    "ingredientPattern": "PN",
    "ingredients": {
      "P": {
        "type": "item",
        "code": "kosphotography:saltedpaper",
        "quantity": 1
      },
      "N": {
        "type": "block",
        "code": "game:woodbucket"
      }
    },
    "width": 2,
    "height": 1,
    "attributes": {
      "liquidContainerProps": {
        "requiresContent": {
          "type": "item",
          "code": "kosphotography:silvernitrateportion"
        },
        "requiresLitres": 0.1
      }
    },
    "name": "photographicpaper",
    "shapeless": true,
    "output": {
      "type": "item",
      "code": "kosphotography:photographicpaper",
      "quantity": 1
    }
  },
  {
    "ingredientPattern": "PN",
    "ingredients": {
      "N": {
        "type": "block",
        "code": "game:bowl-fired"
      },
      "P": {
        "type": "item",
        "code": "kosphotography:saltedpaper",
        "quantity": 1
      }
    },
    "width": 2,
    "height": 1,
    "attributes": {
      "liquidContainerProps": {
        "requiresContent": {
          "type": "item",
          "code": "kosphotography:silvernitrateportion"
        },
        "requiresLitres": 0.1
      }
    },
    "name": "photographicpaper",
    "shapeless": true,
    "output": {
      "type": "item",
      "code": "kosphotography:photographicpaper",
      "quantity": 1
    }
  }
]