{
	"code": "agedpeat",
	"creativeinventory": { "general": ["*"], "items": ["*"] },
	"blockmaterial": "Soil",
	"replaceable": 700,
	"resistance": 2,
	"textures": {
		"all": { "base": "item/agedpeat" }
	},
	"behaviors": [{ 
		"name": "GroundStorable",
		"properties": {
			"layout": "Stacking",
			"placeRemoveSound": "game:sounds/block/dirt1",
			"stackingModel": "driedfirefuels:block/peatbrickpile",
			"tessQuantityElements": 1,
			"stackingCapacity": 32,
			"transferQuantity": 1,
			"bulkTransferQuantity": 4,
			"collisionBox": { "x1": 0, "y1": 0, "z1": 0, "x2": 1, "y2": 0.25, "z2": 1 },
			"cbScaleYByLayer": 0.125
		}
	}],
	"shape": { "base": "game:block/peatbrick" },
	"shapeinventory": { "base": "game:block/peatbrick" },
	"attributes": {
		"firepitConstructable": true,
		"isFirewood": true,
		"isClayOvenFuel": true,
		"placeSound": "game:block/dirt"
	},
	"maxStackSize": 128,
	"combustibleProps": {
		"burnTemperature": 500,
		"burnDuration": 48
	},
	"guiTransform": {
		"rotation": { "x": 164, "y": -37, "z": 1 },
		"origin": { "x": 0.5, "y": 0.125, "z": 0.5 },
		"scale": 2.65
	},
	"fpHandTransform": {
		"translation": { "x": 0, "y": 0.1, "z": 0 },
		"rotation": { "x": 111, "y": 69, "z": -57 },
		"origin": { "x": 0.5, "y": 0.1, "z": 0.5 },
		"scale": 1.57
	},
	"tpHandTransform": {
		"translation": { "x": 0, "y": 0, "z": 0 },
		"rotation": { "x": -17, "y": 8, "z": -19 },
		"origin": { "x": 0.14, "y": 0.04, "z": 0.18 },
		"scale": 0.46
	},
	"groundTransform": {
		"translation": { "x": 0, "y": 0, "z": 0 },
		"rotation": { "x": 0, "y": 0, "z": 0 },
		"origin": { "x": 0.5, "y": 0, "z": 0.5 },
		"scale": 3
	}
}