{
	"code": "cockatrice-chick",
	"class": "EntityAgent",
	"hitboxSize": { "x": 0.4, "y": 0.4 },
	"deadHitboxSize": { "x": 0.4, "y": 0.4 },
	"eyeHeight": 0.15,
	"weight": 0.1,
	"attributes": {
		"killedByInfoText": "feverstonewilds:deadcreature-eaten-cockatrice",
		"creatureDiet": {
			"foodCategories": [ "Grain", "Protein" ],
			"foodTags": [ "nibbleCrop" ],
			"skipFoodTags": [ "rice" ]
		},
		"handbook": {
			"groupcode": "feverstonewilds:creaturegroup-fswcockatrice"
		},
		"netCaughtItemCode": "feverstonewilds:creature-cockatrice-chick",
		"basketCatchable": true,
		"trapChance": 0.35,
		"trapDestroyChance": 0.025
	},
	"client": {
		"renderer": "Shape",
		"shape": { "base": "entity/land/cockatrice-chick" },
		"texture": { "base": "entity/land/cockatrice/cockatriceskin1",
			"alternates": [ { "base": "entity/land/cockatrice/cockatriceskin2" }, { "base": "entity/land/cockatrice/cockatriceskin3" }, 
							{ "base": "entity/land/cockatrice/cockatriceskin4" }, { "base": "entity/land/cockatrice/cockatriceskin5" }, 
							{ "base": "entity/land/cockatrice/cockatriceskin6" }, { "base": "entity/land/cockatrice/cockatriceskin7" },
							{ "base": "entity/land/cockatrice/cockatriceskin8" }, { "base": "entity/land/cockatrice/cockatriceskin9" }
							] },
		"size": 0.9,
		"sizeGrowthFactor": 0.3,
		"behaviors": [
			{ "code": "nametag", "showtagonlywhentargeted": true },
            { "code": "receivecommand",
                "availableCommands": [
                    { "commandName": "followmaster", "commandType": "COMPLEX", "minObedience": 0.4 },
                    { "commandName": "stay", "commandType": "COMPLEX", "minObedience": 0.1 }
                ]
            },
            {
                "code": "tameable",
				"tameEntityCode": "feverstonewilds:tame-cockatrice-chick",
                "treat": [
					{ "code": "bushmeat-raw", "progress": 0.05, "cooldown": 0.5 },
                    { "code": "poultry-raw", "progress": 0.075, "cooldown": 0.6 },
					{ "code": "redmeat-raw", "progress": 0.125, "cooldown": 0.75 },
					{ "code": "grain-*", "progress": 0.025, "cooldown": 0.25 },
					{ "code": "bone", "progress": 0.05, "cooldown": 0.55 }
                ]
            },
            {
                "code": "mouthinventory",
                "acceptStacks": [
					{ "type": "item", "code": "bushmeat-raw"},
                    { "type": "item", "code": "poultry-raw" },
					{ "type": "item", "code": "redmeat-raw" },
					{ "type": "item", "code": "grain-rye" },
					{ "type": "item", "code": "bone" }
				]
            },
			{ "code": "repulseagents" },
			{ "code": "controlledphysics", "stepHeight": 1.1251 }, 
			{ "code": "floatupwhenstuck", "onlyWhenDead": true },
			{ "code": "interpolateposition" },
			{ "code": "harvestable" },
			{ "code": "despawn", "minPlayerDistance": 8, "belowLightLevel": 8, "minSeconds": 300 },
			{ "code": "ropetieable", "minGeneration": 2 }
		
		],
		"animations": [
			{
				"code": "hurt",
				"animation": "hurt", 
				"animationSpeed": 2.2,
				"weight": 10,
				"blendMode": "addAverage" 
			},
			{
				"code": "eat",
				"animation": "eat", 
				"animationSpeed": 1,
				"weight": 4,
				"easeOutSpeed": 8,
				"easeInSpeed": 5,
				"blendMode": "addAverage" 
			},			
			{
				"code": "die",
				"animation": "death", 
				"animationSpeed": 1.25,
				"weight": 10,
				"blendMode": "average",
				"triggeredBy": { "onControls": ["dead"] }
			},
			{ 
				"code": "idle", 
				"animation": "idle",
				"blendMode": "addAverage",
				"easeOutSpeed": 4,
				"triggeredBy": { "defaultAnim": true }
			},
			{
				"code": "sleep", 
				"animation": "sleep",
				"easeInSpeed": 4,
				"easeOutSpeed": 4,
				"blendMode": "average"
			},
			{
				"code": "sit", 
				"animation": "sit",
				"easeInSpeed": 4,
				"easeOutSpeed": 4,
				"blendMode": "average" 
			}
		]
	},
	"server": {
		"behaviors": [
			{ "code": "nametag", "showtagonlywhentargeted": true },
            { "code": "receivecommand",
                "availableCommands": [
                    { "commandName": "followmaster", "commandType": "COMPLEX", "minObedience": 0.4 },
                    { "commandName": "stay", "commandType": "COMPLEX", "minObedience": 0.1 }
                ]
            },
            { "code": "tameable",
				"tameEntityCode": "feverstonewilds:tame-cockatrice-chick",
                "treat": [
					{ "code": "bushmeat-raw", "progress": 0.05, "cooldown": 0.5 },
                    { "code": "poultry-raw", "progress": 0.075, "cooldown": 0.6 },
					{ "code": "redmeat-raw", "progress": 0.125, "cooldown": 0.75 },
					{ "code": "grain-*", "progress": 0.025, "cooldown": 0.25 },
					{ "code": "bone", "progress": 0.05, "cooldown": 0.55 }
                ]
            },
            { "code": "mouthinventory",
                "acceptStacks": [
					{ "type": "item", "code": "bushmeat-raw"},
                    { "type": "item", "code": "poultry-raw" },
					{ "type": "item", "code": "redmeat-raw" },
					{ "type": "item", "code": "grain-{flax|spelt|rye|sunflower}" },
					{ "type": "item", "code": "bone" }
				]
            },
			{ "code": "repulseagents" }, 
			{ "code": "controlledphysics", "stepHeight": 1.1251 },
			{ "code": "despawn", "minPlayerDistance": 8, "belowLightLevel": 8, "minSeconds": 300 },
			{ "code": "health", "currenthealth": 3, "maxhealth": 3 },
			{ "code": "deaddecay", "hoursToDecay": 0 },
			{ "code": "floatupwhenstuck", "onlyWhenDead": true },
			{ "code": "grow", "hoursToGrow": 100,
				"adultEntityCodes": [ "feverstonewilds:cockatrice-male", "feverstonewilds:cockatrice-female" ]
			},
			{ "code": "breathe" },
			{ "code": "emotionstates",
				"states": [
					{ "code": "fleeondamage", "duration": 60, "chance": 0.85, "slot": 0, "priority": 6, "accumtype": "max", "whenHealthRelBelow": 0.4 },
					{ "code": "aggressiveondamage", "duration": 30, "chance": 0.95, "slot": 0, "priority": 1, "accumtype": "noaccum" },
					{ "code": "alarmherdondamage", "chance": 1, "slot": 1, "priority": 3, "accumtype": "max" }
				]
			},
			{ "code": "taskai",
				"aitasks": [
					{
						"code": "fleeentity",
						"entityCodes": ["player", "wolf-*", "fox-*", "raccoon-*", "hyena-*", "bear-*"],
						"priority": 6,
						"movespeed": 0.03,
						"animationSpeed": 1.4,
						"seekingRange": 9,
						"animation": "Run"
					},
					{
						"code": "getoutofwater",
						"priority": 1.4,
						"movespeed": 0.015,
						"animation": "Run"
					},
					{
						"code": "stayclosetoentity",
						"priority": 1.3,
						"entityCode": "feverstonewilds:cockatrice-*",
						"movespeed": 0.01,
						"maxDistance": 3,
						"searchRange": 12,
						"animation": "Run"
					},
					{
						"code": "idle",
						"priority": 1.2,
						"minduration": 2500,
						"maxduration": 2500,
						"mincooldown": 1000,
						"maxcooldown": 10000,
						"priorityForCancel": 1.28,
						"animation": "Eat"
					},
					{
						"code": "idle",
						"priority": 1.1,
						"minduration": 1000,
						"maxduration": 3000,
						"mincooldown": 2000,
						"maxcooldown": 30000,
						"animation": "Idle"
					},
					{
						"code": "useinventory",
						"animation": "eat",
						"animationSpeed": 0.7,
						"priority": 2.1,
						"priorityForCancel": 2.2,
						"eatItemCategories": [ "Protein", "Grain" ],
						"eatItemCodes": [ "redmeat-raw", "bushmeat-raw", "poultry-raw", 
								"bone", "petai:petcookie-meat-perfect" ],
						"useTime": 1.5,
						"mincooldownHours": 1,
						"maxcooldownHours": 1.5
					},
					{
						"code": "seekfoodandeat",
						"movespeed": 0.004,
						"priority": 1.35,
						"eatSound": "game:creature/animal-eat-small",
						"soundRange": 3,
						"soundStartMs": 800,
						"eatTime": 1.5,
						"animationSpeed": 1.4,
						"animation": "walk",
						"eatAnimation": "eat",
						"mincooldownHours": 1,
						"maxcooldownHours": 4
					},
					{
						"code": "wander", 
						"priority": 1.0, 
						"movespeed": 0.003,
						"animationSpeed": 1.2,
						"animation": "Walk",
						"wanderChance": 0.02,
						"preferredLightLevel": 19
					},
					{
						"code": "meleeattack",
						"entityCodes": ["player", "drifter-*", "toad-*", "spider-*", "hare-*", "raccoon-*", "fox-*"],
						"knockbackStrength": 0.65,
						"priority": 1,
						"slot": 1,
						"damage": 1,
						"damageTier": 1,
						"mincooldown": 1500, 
						"maxcooldown": 2500, 
						"attackDurationMs": 1250,
						"damagePlayerAtMs": 800,
						"animation": "Attack",
						"animationSpeed": 2,
						"whenInEmotionState": "aggressiveondamage"
					},
					{
						"code": "idle",
						"priority": 0.9,
						"minduration": 6000,
						"maxduration": 40000,
						"mincooldown": 2000,
						"maxcooldown": 120000,
						"priorityForCancel": 1.1,
						"animation": "Sit"
					},
					{ 
						"code": "lookaround", 
						"priority": 0.5
					}
				]
			},
			{ "code": "pettable", "minGeneration": 0 }
		]
	},
	"sounds": {
		"hurt": "game:creature/chicken/chick*",
		"death": "game:creature/chicken/chick*",
		"idle": "game:creature/chicken/chick*"
	},
	"idleSoundRange": 8,
	"idleSoundChance": 0.01
}