{
    "code": "direwolf",
    "class": "EntityAgent",
    "variantgroups": [
        { "code": "gender", "states": [ "male", "female" ] }
    ],
    "collisionBoxSizeByType": {
        "direwolf-male": { "x": 1.4, "y": 1.8, "z": 1.1 },
        "direwolf-female": { "x": 1.3, "y": 1.75, "z": 1.1 }
    },
    "deadCollisionBoxSizeByType": {
        "direwolf-male": { "x": 0.8, "y": 1.3 },
        "direwolf-female": { "x": 0.8, "y": 1.3 }
    },
    "selectionBoxSizeByType": {
        "*-male": { "x": 1.4, "y": 1.8, "z": 1.1 },
        "*-female": { "x": 1.75, "y": 1.35, "z": 1.0 }
    },
    "deadSelectionBoxSizeByType": {
        "*-male": { "x": 0.9, "y": 1.3 },
        "*-female": { "x": 0.9 , "y": 1.3 }
    },
    "knockbackResistanceByType": {
        "*-male": 0.15,
        "*-female": 0.10
    },
    "eyeheight": 1.1,
    "drops": [],
    "attributes": {
        "killedByInfoText": "feverstonewilds:deadcreature-eaten-direwolf",
		"creatureDiet": {
			"foodCategories": [ "Protein" ]
		},
		"handbook": {
			"groupcode": "feverstonewilds:creaturegroup-fswdirewolf"
		}
    },
    "client": {
        "renderer": "Shape",
        "shape": { "base": "entity/land/direwolf" },
        "texture": { "base": "entity/land/direwolf/direwolf1",
                    "alternates": [ { "base": "entity/land/direwolf/direwolf2" }, { "base": "entity/land/direwolf/direwolf3" }, 
                                    { "base": "entity/land/direwolf/direwolf4" }, { "base": "entity/land/direwolf/direwolf5" }, 
                                    { "base": "entity/land/direwolf/direwolf6" }, { "base": "entity/land/direwolf/direwolf7" } ] },
        "sizeByType": {
            "direwolf-male": 1,
            "direwolf-female": 0.95

        },
        "behaviors": [
            { "code": "multiply", "enabledByType": { "*-male": false, "*-female": true } },
            { "code": "repulseagents" },
            { "code": "controlledphysics", "stepHeight": 1.1251 },
            { "code": "floatupwhenstuck", "onlyWhenDead": true },
            { "code": "interpolateposition" },
            { "code": "harvestable" },
            { "code": "despawn", "minPlayerDistance": 15, "belowLightLevel": 7, "minSeconds": 300 }
        ],
        "animations": [
            {
                "code": "hurt",
                "animation": "hurt",
                "animationSpeed": 2.2,
                "weight": 10,
                "blendMode": "addAverage"
            },
			{
				"code": "die",
				"animation": "death", 
				"animationSpeed": 1.25,
				"weight": 10,
				"blendMode": "average",
				"triggeredBy": { "onControls": ["dead"] }
			},
			{ 
				"code": "idle", 
				"animation": "idle",
				"blendMode": "addAverage",
				"easeOutSpeed": 4,
				"triggeredBy": { "defaultAnim": true }
			},
			{
				"code": "idleitch", 
				"animation": "idleitch",
				"easeInSpeed": 4,
				"easeOutSpeed": 4,
				"blendMode": "average" 
			},
			{
				"code": "sleep", 
				"animation": "sleep",
				"easeInSpeed": 4,
				"easeOutSpeed": 4,
				"blendMode": "average" 
			},
			{
				"code": "sit", 
				"animation": "sit",
				"easeInSpeed": 4,
				"easeOutSpeed": 4,
				"blendMode": "average" 
			}
        ]
    },
    "server": {
        "attributes": {
            "pathfinder": {
                "minTurnAnglePerSec": 125,
                "maxTurnAnglePerSec": 210
            }
        },
        "behaviors": [
                { "code": "multiply",
                    "enabledByType": { "*-male": false, "*-female": true },
				    "quantityPerDay": 0,
				    "spawnEntityCode": "feverstonewilds:direwolf-pup",
				    "growthCapQuantity": 10,
				    "growthCapRange": 15,
				    "growthCapEntityCodes": ["feverstonewilds:direwolf-pup", "feverstonewilds:direwolf-female", "feverstonewilds:direwolf-male"],
				    "requiresNearbyEntityCode": "feverstonewilds:direwolf-male",
				    "requiresNearbyEntityRange": 10
                },
                { "code": "repulseagents" },
                { "code": "controlledphysics", "stepHeight": 1.1251 },
                { "code": "floatupwhenstuck", "onlyWhenDead": true },
                { "code": "harvestable",
                    "drops": [
                        { "type": "item", "code": "bushmeat-raw", "quantity": { "avg": 5, "var": 2 } },
                        { "type": "item", "code": "hide-raw-medium", "quantity": { "avg": 2, "var": 1 } },
                        { "type": "item", "code": "fat", "quantity": { "avg": 1.5, "var": 0.5 } },
                        { "type": "item", "code": "feverstonewilds:bone-big", "quantity": { "avg": 1, "var": 0 } },
                        { "type": "item", "code": "feverstonewilds:canineskull", "quantity": { "avg": 0.85, "var": 0.5 } }

                    ] },
                { "code": "deaddecay", "hourstoDecay": 96, "decayedBlock": "carcass-medium" },
                { "code": "despawn", "minPlayerDistance": 15, "belowLightLevel": 7, "minSeconds": 300 },
                { "code": "health", "maxHealth": 18 },
                { "code": "breathe" },
                { "code": "deaddecay", "hoursToDecay": 96, "decayedBlock": "carcass-medium" },
                { "code": "emotionstates",
                    "states": [
                        { "code": "fleeondamage", "duration": 60, "chance": 0.75, "slot": 2, "priority": 5, "accumType": "max", "whenHealthRelBelow": 0.3 },
                        { 
                            "code": "saturated", "duration": 1200, "chance": 1, "slot": 0, "priority": 1, "accumType": "sum",
                            "belowTempDuration": 600,
                            "belowTempThreshold": -5
                        },
                        { "code": "aggressiveondamage", "duration": 30, "chance": 1, "slot": 2, "priority": 2, "accumType": "noaccum" },
                        { "code": "alarmherdondamage", "chance": 1, "slot": 1, "priority": 1, "accumType": "max" }
                    ]
			    },
                { "code": "taskai",
                    "aitasks": [
                        {
                            "code": "meleeattack",
                            "entityCodes": ["player", "chicken-*",  "wolf-*", 
                                            "drifter-*", "bear-*", "hare-*",
                                            "feverstonewilds:cockatrice", "feverstonewilds:horse-*",
                                            "feverstonewilds:ostrich-*", "feverstonewilds:ostrich-chick",
                                            "feverstonewilds:bison-*", "feverstonewilds:bison-calf",
                                            "feverstonewilds:giraffe"],
                            "priority": 2,
                            "damage": 8,
                            "damageTier": 2,
                            "damageType": "SlashingAttack",
                            "slot": 1,
                            "mincooldown": 1500, 
                            "maxcooldown": 1500, 
                            "attackDurationMs": 800,
                            "damagePlayerAtMs": 500,
                            "animation": "Attack",
                            "animationSpeed": 2.5,
                            "sound": "game:creature/wolf/attack"
                        },
                        {
                            "code": "fleeentity",
                            "entityCodes": ["player"],
                            "priority": 1.6,
                            "movespeed": 0.052,
                            "seekingRange": 20,
                            "animation": "Run",
                            "animationSpeed": 3,
                            "whenInEmotionState": "fleeondamage"
                        },
                        {
                            "code": "seekentity",
                            "entityCodes": ["player"],
                            "priority": 1.51,
                            "movespeed": 0.045,
                            "seekingRange": 9,
                            "belowTempSeekingRange": 25,
                            "belowTempThreshold": -5,
                            "animation": "Run",
                            "leapAtTarget": true,
                            "leapAnimation": null,
                            "animationSpeed": 2.2,
                            "leapChance": 0.01,
                            "sound": "game:creature/wolf/growl",
                            "whenNotInEmotionState": "saturated"
                        },
                        {
                            "code": "seekentity",
                            "entityCodes": ["chicken-*",  "wolf-*", 
                                            "drifter-*", "bear-*", "hare-*",
                                            "feverstonewilds:cockatrice", "feverstonewilds:horse-*",
                                            "feverstonewilds:ostrich-*", "feverstonewilds:ostrich-chick",
                                            "feverstonewilds:bison-*", "feverstonewilds:bison-calf",
                                            "feverstonewilds:giraffe"],
                            "priority": 1.5,
                            "movespeed": 0.045,
                            "seekingRange": 15,
                            "belowTempSeekingRange": 25,
                            "belowTempThreshold": -5,
                            "animation": "Run",
                            "leapAtTarget": true,
                            "leapAnimation": null,
                            "animationSpeed": 2.2,
                            "leapChance": 0.01,
                            "sound": "game:creature/wolf/growl",
                            "whenNotInEmotionState": "saturated"
                        },
                        {
                            "code": "seekentity",
                            "entityCodes": ["player"],
                            "priority": 1.49,
                            "movespeed": 0.045,
                            "seekingRange": 15,
                            "animation": "Run",
                            "leapAtTarget": true,
                            "leapAnimation": null,
                            "animationSpeed": 2.2,
                            "leapChance": 0.01,
                            "sound": "game:creature/wolf/growl",
                            "whenInEmotionState": "aggressiveondamage"
                        },
                        {
                            "code": "idle",
                            "priority": 1.45,
                            "priorityForCancel": 1.55,
                            "minduration": 200000,
                            "maxduration": 800000,
                            "mincooldown": 10000,
                            "maxcooldown": 30000,
                            "animation": "Sleep",
                            "whenNotInEmotionState": "aggressiveondamage",
                            "duringDayTimeFrames": [ { "fromHour": 10, "toHour": 18 }, { "fromHour": 1, "toHour": 3 } ],
                            "stopOnNearbyEntityCodes": ["player"],
                            "stopRange": 10,
                            "stopOnHurt": true
                        },
                        {
                            "code": "getoutofwater",
                            "priority": 1.4,
                            "movespeed": 0.015,
                            "animation": "Walk",
                            "animationSpeed": 2.2
                        },
                        {
                            "code": "idle",
                            "priority": 1.3,
                            "priorityForCancel": 1.35,
                            "minduration": 4667,
                            "maxduration": 4667,
                            "mincooldown": 80000,
                            "maxcooldown": 500000,
                            "animation": "Howl",
                            "animationSpeed": 0.5,
                            "sound": "game:creature/wolf/howl*",
                            "soundRange": 110
                        },
                        {
                            "code": "idle",
                            "priority": 1.2,
                            "priorityForCancel": 1.35,
                            "minduration": 2500,
                            "maxduration": 2500,
                            "mincooldown": 6000,
                            "maxcooldown": 20000,
                            "animation": "Sniff",
                            "animationSpeed": 1.25,
                            "whenNotInEmotionState": "aggressiveondamage"
                        },
                        {
                            "code": "wander", 
                            "priority": 1.0, 
                            "priorityForCancel": 1.35,
                            "movespeed": 0.006,
                            "animation": "Walk",
                            "preferredLightLevel": 20
                        },
                        {
                            "code": "idle",
                            "priority": 0.9,
                            "minduration": 5000,
                            "maxduration": 30000,
                            "mincooldown": 2000,
                            "maxcooldown": 120000,
                            "priorityForCancel": 1.33,
                            "animation": "Sit",
                            "whenNotInEmotionState": "aggressiveondamage",
                            "stopOnNearbyEntityCodes": ["player", "bear-*", 
                                                        "feverstonewilds:cockatrice"],
                            "stopRange": 5
                        },
                        { 
                            "code": "lookaround", 
                            "priority": 0.5
                        }
                    ]
                },
                { "code": "ropetieable", "minGeneration": 2 },
                { "code": "pettableextended", "minGeneration": 1 }
            ],
        "spawnconditionsByType": {
            "*-male": {
                "worldgen": {
                    "TriesPerChunk": {
                        "avg": 0.010,
                        "var": 0.005
                    },
                    "tryOnlySurface": true,
                    "minLightLevel": 10,
                    "groupSize": {
                        "dist": "narrowgaussian",
                        "avg": 2,
                        "var": 1
                    },
                    "insideBlockCodes": [ "game:air", "game:tallgrass-*", "game:snowlayer-1" ],
                    "minTemp": -15,
                    "maxTemp": 12,
                    "minRain": 0.25,
                    "minForest": 0.15,
                    "companions": [ "direwolf-female", "feverstonewilds:direwolf-pup" ]
                },
                "runtime": {
                    "group": "neutral",
                    "tryOnlySurface": true,
                    "chance": 0.00004,
                    "maxQuantity": 1,
                    "maxLightLevel": 7,
                    "lightLevelType": "onlyBlockLight",
                    "groupSize": {
                        "dist": "narrowgaussian",
                        "avg": 2,
                        "var": 1
                    },
                    "insideBlockCodes": [ "game:air", "game:tallgrass-*", "game:snowlayer-1" ],
                    "minTemp": -15,
                    "maxTemp": 12,
                    "minRain": 0.15,
                    "minForest": 0.15,
                    "companions": [ "direwolf-female", "feverstonewilds:direwolf-pup" ]
                }
            }                
        }
    },
    "sounds": {
        "hurt": "game:creature/wolf/hurt",
        "death": "game:creature/wolf/hurt",
        "idle": "game:creature/wolf/howl*"
    },
    "idleSoundChance": 0.015,
    "hurtSoundChance": 0.25
}