{
	"code": "giraffe",
	"class": "EntityAgent",
	"hitboxSize": { "x": 2.15, "y": 2.4 },
	"deadHitboxSize": { "x": 2.15, "y": 1.75 },
	"eyeHeight": 1.4,
	"weight": 150,
	"drops": [],
	"client": {
		"renderer": "Shape",
		"shape": { "base": "entity/land/giraffe" },
		"texture": { "base": "entity/land/giraffe/giraffeskin1",
                    "alternates": [ { "base": "entity/land/giraffe/giraffeskin2" }, { "base": "entity/land/giraffe/giraffeskin3" }, 
                                    { "base": "entity/land/giraffe/giraffeskin4" }, { "base": "entity/land/giraffe/giraffeskin5" },
									{ "base": "entity/land/giraffe/giraffeskin6" }, { "base": "entity/land/giraffe/giraffeskin7" }
                                    ] },
		"behaviors": [
			{ "code": "repulseagents" }, 
			{ "code": "controlledphysics", "stepHeight": 2.1251 }, 
			{ "code": "floatupwhenstuck", "onlyWhenDead": true },
			{ "code": "interpolateposition" },
			{ "code": "harvestable" },
			{ "code": "despawn", "minPlayerDistance": 8, "belowLightLevel": 8, "minSeconds": 300 },
			{ "code": "ropetieable", "minGeneration": 2 }
		],
		"animations": [
			{
				"code": "hurt",
				"animation": "hurt", 
				"animationSpeed": 2.2,
				"weight": 10,
				"blendMode": "addAverage" 
			},
			{
				"code": "die",
				"animation": "death", 
				"animationSpeed": 1.25,
				"weight": 10,
				"blendMode": "average",
				"triggeredBy": { "onControls": ["dead"] }
			},
			{ 
				"code": "idle", 
				"animation": "idle",
				"blendMode": "addAverage",
				"easeOutSpeed": 4,
				"triggeredBy": { "defaultAnim": true }
			},
			{
				"code": "sleep", 
				"animation": "sleep",
				"easeInSpeed": 4,
				"easeOutSpeed": 4,
				"blendMode": "average" 
			},
			{
				"code": "sit", 
				"animation": "sit",
				"easeInSpeed": 4,
				"easeOutSpeed": 4,
				"blendMode": "average" 
			}
		]
	},
	"server": {
		"attributes": {
			"pathfinder": {
				"minTurnAnglePerSec": 90,
				"maxTurnAnglePerSec": 180
			}
		},
		"behaviors": [
			{ "code": "repulseagents" }, 
			{ "code": "controlledphysics", "stepHeight": 2.1251 },
			{ "code": "despawn", "minPlayerDistance": 8, "belowLightLevel": 8, "minSeconds": 300 },
			{ "code": "health", "currenthealth": 60, "maxhealth": 60 },
			{ "code": "deaddecay", "hoursToDecay": 96, "decayedBlock": "carcass-large" },
			{ "code": "floatupwhenstuck", "onlyWhenDead": true },
			{ "code": "harvestable", "drops": [
				{
					"type": "item", 
					"code": "redmeat-raw", 
					"quantity": { "avg": 35, "var": 4 } 
				},
				{
					"type": "item", 
					"code": "hide-raw-large", 
					"quantity": { "avg": 3.2, "var": 0.2 } 
				},
				{
					"type": "item", 
					"code": "fat", 
					"quantity": { "avg": 5, "var": 0.3 } 
				}
			]
			},
			{ "code": "breathe" },
			{ 
				"code": "emotionstates",
				"states": [
					{ "code": "fleeondamage", "duration": 60, "chance": 0.85, "slot": 0, "priority": 5, "accumType": "max", "whenHealthRelBelow": 0.4 },
					{ "code": "aggressiveondamage", "duration": 30, "chance": 0.95, "slot": 0, "priority": 2, "accumType": "noaccum" },
					{ "code": "fleeondamage", "duration": 30, "chance": 1, "slot": 0, "priority": 1, "accumType": "max" },
					{ "code": "alarmherdondamage", "chance": 1, "slot": 1, "priority": 1, "accumType": "max" }
				]
			},
			{ 
				"code": "taskai",
				"aitasks": [
					{
						"code": "meleeattack",
						"entityCodes": ["hyena-male", "hyena-female"],
						"knockbackStrength": 2.65,
						"priority": 2,
						"slot": 1,
						"damage": 7.5,
						"damageTier": 2,
						"mincooldown": 1500, 
						"maxcooldown": 2500, 
						"attackDurationMs": 1250,
						"damagePlayerAtMs": 800,
						"animation": "Attack",
						"animationSpeed": 2
					},
					{
						"code": "seekentity",
						"entityCodes": ["player"],
						"priority": 1.5,
						"mincooldown": 1000, 
						"maxcooldown": 1500, 
						"seekingRange": 25,
						"movespeed": 0.05,
						"animation": "Run",
						"animationSpeed": 2.5,
						"whenInEmotionState": "aggressiveondamage"
					},
					{
						"code": "seekentity",
						"entityCodes": ["hyena-female", "hyena-male"],
						"priority": 1.5,
						"mincooldown": 1000, 
						"maxcooldown": 1500, 
						"seekingRange": 6,
						"movespeed": 0.05,
						"animation": "Run",
						"animationSpeed": 2.5
					},
					{
						"code": "fleeentity",
						"entityCodes": ["player"],
						"priority": 1.5,
						"movespeed": 0.052,
						"seekingRange": 12,
						"animation": "Run",
						"animationSpeed": 3.5,
						"sound": "game:creature/sheep/hurt2",
						"whenInEmotionState": "fleeondamage"
					},
					{
						"code": "getoutofwater",
						"priority": 1.4,
						"movespeed": 0.02,
						"animation": "Walk",
						"animationSpeed": 4
					},
					{
						"code": "idle",
						"priority": 1.35,
						"priorityForCancel": 1.35,
						"minduration": 5000000,
						"maxduration": 5000000,
						"mincooldown": 10000,
						"maxcooldown": 30000,
						"animation": "Sleep",
						"whenNotInEmotionState": "aggressiveondamage",
						"duringDayTimeFrames": [ { "fromHour": 22, "toHour": 24 }, { "fromHour": 0, "toHour": 5 } ],
						"stopOnNearbyEntityCodes": ["player"],
						"stopRange": 8,
						"stopOnHurt": true
					},
					{
						"code": "idle",
						"priority": 1.3,
						"priorityForCancel": 1.35,
						"minduration": 2667,
						"maxduration": 2667,
						"mincooldown": 6000,
						"maxcooldown": 20000,
						"animation": "Eat",
						"animationSpeed": 1.5,
						"whenNotInEmotionState": "aggressiveondamage"
					},
					{
						"code": "idle",
						"priority": 1.2,
						"priorityForCancel": 1.35,
						"minduration": 2500,
						"maxduration": 2500,
						"mincooldown": 6000,
						"maxcooldown": 20000,
						"animation": "Idle",
						"animationSpeed": 1.25,
						"whenNotInEmotionState": "aggressiveondamage"
					},
					{
						"code": "idle",
						"priority": 1.1,
						"priorityForCancel": 1.35,
						"minduration": 1500,
						"maxduration": 1500,
						"mincooldown": 6000,
						"maxcooldown": 90000,
						"animation": "look",
						"animationSpeed": 1,
						"whenNotInEmotionState": "aggressiveondamage"
					},
					{
						"code": "idle",
						"priority": 1.0,
						"priorityForCancel": 1.35,
						"minduration": 5333,
						"maxduration": 5333,
						"mincooldown": 6000,
						"maxcooldown": 120000,
						"animation": "Look"
					},
					{
						"code": "wander", 
						"priority": 1.0, 
						"priorityForCancel": 1.35,
						"movespeed": 0.006,
						"animationSpeed": 1.68,
						"animation": "Walk",
						"preferredLightLevel": 24
					},
					{
						"code": "idle",
						"priority": 0.9,
						"minduration": 7000,
						"maxduration": 45000,
						"mincooldown": 6000,
						"maxcooldown": 120000,
						"priorityForCancel": 1.33,
						"stopOnNearbyEntityCodes": ["player"],
						"stopRange": 5,
						"stopOnHurt": true,
						"animation": "idle",
						"sound": "feverstonewilds:giraffe/giraffeidle"
					},
					{ 
						"code": "lookaround", 
						"priority": 0.5
					}
				]
			},
			{ "code": "ropetieable", "minGeneration": 2 },
			{ "code": "pettable", "minGeneration": 1 }
		],
		"spawnconditions": {
			"worldgen": {
				"TriesPerChunk": { "avg": 0.045, "var": 0 },
				"tryOnlySurface": true,
				"minLightLevel": 8,
				"groupSize": { "dist": "verynarrowgaussian", "avg": 3, "var": 4 },
				"insideBlockCodes": ["game:air", "game:tallgrass-*", "game:snowlayer-1"],
				"minTemp": 22,
				"maxTemp": 50,
				"minRain": 0.2,
				"minForestOrShrubs": 0.25,
					"maxForest": 0.75,
					"maxShrubs": 0.75,
				"companions": ["giraffe"]
			},
			"runtime": {
				"group": "neutral",
				"tryOnlySurface": true,
				"chance": 0.0005,
				"maxQuantity": 3,
				"minLightLevel": 10,
				"groupSize": { "dist": "verynarrowgaussian", "avg": 3, "var": 4 },
				"insideBlockCodes": ["game:air", "game:tallgrass-*", "game:snowlayer-1"],
				"minTemp": 22,
				"maxTemp": 50,
				"minRain": 0.2,
				"minForestOrShrubs": 0.25,
					"maxForest": 0.75,
					"maxShrubs": 0.75,
				"companions": ["giraffe"]
			}
		}
	},
	"sounds": {
		"hurt": "game:creature/sheep/hurt",
		"death": "game:creature/sheep/hurt",
		"idle": "feverstonewilds:giraffe/giraffeidle"
	},
	"idleSoundChance": 0.001
}