{
	"code": "ostrich-chick",
	"class": "EntityAgent",
	"hitboxSize": { "x": 0.3, "y": 0.2 },
	"deadHitboxSize": { "x": 0.4, "y": 0.2 },
	"eyeHeight": 0.15,
	"weight": 0.1,
	"attributes": {
		"netCaughtItemCode": "feverstonewilds:creature-ostrich-chick",
		"basketCatchable": true,
		"creatureDiet": {
			"foodCategories": [ "Grain" ],
			"foodTags": [ "cabbage", "carrot", "parsnip", "blueberry", "cranberry", "cherry", "whitecurrant", "redcurrant", "blackcurrant", "lychee" ],
			"skipFoodTags": [ "rice" ]
		},
		"handbook": {
			"groupcode": "feverstonewilds:creaturegroup-fswostrich"
		}
	},
	"client": {
		"renderer": "Shape",
		"shape": { "base": "entity/land/ostrich-chick" },
		"texture": { "base": "entity/land/ostrich/ostrichskin1",
			"alternates": [ { "base": "entity/land/ostrich/ostrichskin2" }, { "base": "entity/land/ostrich/ostrichskin3" }, 
							{ "base": "entity/land/ostrich/ostrichskin4" }, { "base": "entity/land/ostrich/ostrichskin5" }, 
							{ "base": "entity/land/ostrich/ostrichskin6" }, { "base": "entity/land/ostrich/ostrichskin7" },
							{ "base": "entity/land/ostrich/ostrichskin8" }, { "base": "entity/land/ostrich/ostrichskin9" }, 
							{ "base": "entity/land/ostrich/ostrichskin10" } ] },
		"sizeGrowthFactor": 0.3,
		"behaviors": [
			{ "code": "controlledphysics", "stepHeight": 1.1251 }, 
			{ "code": "floatupwhenstuck", "onlyWhenDead": true },
			{ "code": "interpolateposition" },
			{ "code": "despawn", "minPlayerDistance": 8, "belowLightLevel": 8, "minSeconds": 300 }
		],
		"animations": [
			{
				"code": "hurt",
				"animation": "hurt", 
				"animationSpeed": 2.2,
				"weight": 10,
				"blendMode": "addAverage" 
			},
			{
				"code": "eat",
				"animation": "eat", 
				"animationSpeed": 1,
				"weight": 4,
				"easeOutSpeed": 8,
				"easeInSpeed": 5,
				"blendMode": "addAverage" 
			},			
			{
				"code": "die",
				"animation": "death", 
				"animationSpeed": 1.25,
				"weight": 10,
				"blendMode": "average",
				"triggeredBy": { "onControls": ["dead"] }
			},
			{ 
				"code": "idle", 
				"animation": "idle",
				"blendMode": "addAverage",
				"easeOutSpeed": 4,
				"triggeredBy": { "defaultAnim": true }
			},
			{
				"code": "sleep", 
				"animation": "sleep",
				"easeInSpeed": 4,
				"easeOutSpeed": 4,
				"blendMode": "average"
			},
			{
				"code": "sit", 
				"animation": "sit",
				"easeInSpeed": 4,
				"easeOutSpeed": 4,
				"blendMode": "average" 
			}
		]
	},
	"server": {
		"attributes": {
			"pathfinder": {
				"minTurnAnglePerSec": 1440,
				"maxTurnAnglePerSec": 2880
			}
		},
		"behaviors": [
			{ "code": "repulseagents" }, 
			{ "code": "controlledphysics", "stepHeight": 1.1251 },
			{ "code": "despawn", "minPlayerDistance": 8, "belowLightLevel": 8, "minSeconds": 300 },
			{ "code": "health", "currenthealth": 1.5, "maxhealth": 1.5 },
			{ "code": "deaddecay", "hoursToDecay": 2 },
			{ "code": "floatupwhenstuck", "onlyWhenDead": true },
			{ "code": "grow", "hoursToGrow": 128,
				"adultEntityCodes": ["feverstonewilds:ostrich-female", "feverstonewilds:ostrich-male"]
			},
			{ "code": "breathe" },
			{ "code": "emotionstates",
				"states": [
					{ "code": "alarmherdondamage", "chance": 1, "slot": 1, "priority": 1, "accumType": "max" }
				]
			},
			{ "code": "taskai",
				"aitasks": [
					{
						"code": "fleeentity",
						"entityCodes": ["player", "wolf-male", "wolf-female", "fox-*", "hyena-male", "hyena-female", "bear-*"],
						"priority": 1.5,
						"movespeed": 0.03,
						"animationSpeed": 1.4,
						"seekingRange": 9,
						"animation": "Run"
					},
					{
						"code": "getoutofwater",
						"priority": 1.4,
						"movespeed": 0.015,
						"animation": "Run"
					},
					{
						"code": "stayclosetoentity",
						"priority": 1.3,
						"entityCode": "feverstonewilds:ostrich-female",
						"movespeed": 0.01,
						"maxDistance": 2,
						"searchRange": 12,
						"animation": "Run"
					},
					{
						"code": "idle",
						"priority": 1.2,
						"minduration": 2500,
						"maxduration": 2500,
						"mincooldown": 1000,
						"maxcooldown": 10000,
						"priorityForCancel": 1.28,
						"animation": "Eat"
					},
					{
						"code": "idle",
						"priority": 1.1,
						"minduration": 1000,
						"maxduration": 3000,
						"mincooldown": 2000,
						"maxcooldown": 30000,
						"animation": "Idle"
					},
					{
						"code": "wander", 
						"priority": 1.0, 
						"movespeed": 0.003,
						"animationSpeed": 1.2,
						"animation": "Walk",
						"wanderChance": 0.02,
						"preferredLightLevel": 19,
						"priorityForCancel": 1.35
					},
					{
						"code": "idle",
						"priority": 0.95,
						"minduration": 5000000,
						"maxduration": 5000000,
						"mincooldown": 5000,
						"maxcooldown": 15000,
						"priorityForCancel": 1.33,
						"animation": "Sleep",
						"whenNotInEmotionState": "aggressiveondamage",
						"duringDayTimeFrames": [ { "fromHour": 20, "toHour": 24 }, { "fromHour": 0, "toHour": 6 } ],
						"stopOnNearbyEntityCodes": ["player", "wolf-male", "wolf-female", "hyena-male", "hyena-female", "fox-*"],
						"stopRange": 8,
						"stopOnHurt": true
					},
					{
						"code": "idle",
						"priority": 0.9,
						"minduration": 6000,
						"maxduration": 40000,
						"mincooldown": 2000,
						"maxcooldown": 120000,
						"priorityForCancel": 1.1,
						"animation": "Sit"
					},
					{ 
						"code": "lookaround", 
						"priority": 0.5
					}
				]
			},
			{ "code": "pettable", "minGeneration": 0 }
		]
	},
	"sounds": {
		"hurt": "game:creature/chick/chick*",
		"death": "game:creature/chick/chick*",
		"idle": "game:creature/chick/chick*"
	},
	"idleSoundRange": 12,
	"idleSoundChance": 0.01
}