{
  "code": "tame-cockatrice",
  "class": "EntityPet",
  "variantgroups": [
    { "code": "gender", "states": [ "male", "female" ] } ],
  "hitboxSize": {
    "x": 1.2,
    "y": 1
  },
  "deadHitboxSize": {
    "x": 1,
    "y": 0.75
  },
  "eyeHeight": 0.9,
  "drops": [],
  "attributes": {
    "killedByInfoText": "feverstonewilds:deadcreature-eaten-cockatrice",
    "creatureDiet": {
      "foodCategories": [ "Grain", "Protein" ],
      "skipFoodTags": [ "rice" ]
    },
    "handbook": {
      "groupcode": "feverstonewilds:creaturegroup-fswcockatrice"
    }
  },
  "client": {
    "renderer": "Shape",
    "shape": {
      "base": "entity/land/cockatrice"
    },
    "texture": {
      "base": "entity/land/cockatrice/cockatriceskin1",
      "alternates": [
        { "base": "entity/land/cockatrice/cockatriceskin2" },
        { "base": "entity/land/cockatrice/cockatriceskin3" },
        { "base": "entity/land/cockatrice/cockatriceskin4" },
        { "base": "entity/land/cockatrice/cockatriceskin5" },
        { "base": "entity/land/cockatrice/cockatriceskin6" },
        { "base": "entity/land/cockatrice/cockatriceskin7" },
        { "base": "entity/land/cockatrice/cockatriceskin8" },
        { "base": "entity/land/cockatrice/cockatriceskin9" }
      ]
    },
    "sizeByType": {
      "tame-cockatrice-male": 1,
      "tame-cockatrice-female": 0.92
    },
    "behaviors": [
      { "code": "nametag", "showtagonlywhentargeted": true },
			{ "code": "multiplybase",
				"enabledByType": { "*-male": false, "*-female": true } },
      {
        "code": "receivecommand",
        "availableCommands": [
          { "commandName": "sit", "commandType": "SIMPLE", "minObedience": 0.2 },
          { "commandName": "lay", "commandType": "SIMPLE", "minObedience": 0.2 },
          { "commandName": "speak", "commandType": "SIMPLE", "minObedience": 0.2 },
          { "commandName": "followmaster", "commandType": "COMPLEX", "minObedience": 0.6 },
          { "commandName": "stay", "commandType": "COMPLEX", "minObedience": 0.1 },
          { "commandName": "NEUTRAL", "commandType": "AGGRESSIONLEVEL", "minObedience": 0 },
          { "commandName": "PROTECTIVE", "commandType": "AGGRESSIONLEVEL", "minObedience": 0.5 },
          { "commandName": "AGGRESSIVE", "commandType": "AGGRESSIONLEVEL", "minObedience": 0.7 },
          { "commandName": "PASSIVE", "commandType": "AGGRESSIONLEVEL", "minObedience": 0.8 }
        ]
      },
      {
        "code": "tameable",
        "size": "medium",
        "treat": [
          { "code": "bone", "progress": 0.1, "cooldown": 1 },
          { "code": "bushmeat-raw", "progress": 0.15, "cooldown": 2 },
          { "code": "redmeat-raw", "progress": 0.3, "cooldown": 3 },
          { "code": "poultry-raw", "progress": 0.3, "cooldown": 3 },
          { "code": "petcookie-meat-perfect", "domain": "petai", "progress": 0.8, "cooldown": 3 },
          { "code": "grain-*", "progress": 0.2, "cooldown": 2.5 }
        ]
      },
      {
        "code": "mouthinventory",
        "acceptStacks": [
          { "type": "item", "code": "bone" },
          { "type": "item", "code": "bushmeat-raw" },
          { "type": "item", "code": "redmeat-raw" },
          { "type": "item", "code": "poultry-raw" },
          { "type": "item", "code": "petai:petcookie-meat-perfect" },
					{ "type": "item", "code": "grain-flax" },
					{ "type": "item", "code": "grain-spelt" },
					{ "type": "item", "code": "grain-rye" },
					{ "type": "item", "code": "grain-sunflower" }
        ]
      },
      { "code": "repulseagents" },
      { "code": "controlledphysics", "stepHeight": 1.1251 },
      { "code": "floatupwhenstuck", "onlyWhenDead": true },
      { "code": "interpolateposition" },
      { "code": "harvestable" },
      { "code": "ropetieable", "minGeneration": 2 }
    ],
    "animations": [
      {
        "code": "hurt",
        "animation": "hurt",
        "animationSpeed": 2.2,
        "weight": 10,
        "blendMode": "addAverage"
      },
      {
        "code": "die",
        "animation": "death",
        "animationSpeed": 1.25,
        "weight": 10,
        "blendMode": "average",
        "triggeredBy": { "onControls": [ "dead" ] }
      },
      {
        "code": "idle",
        "animation": "idle",
        "blendMode": "addAverage",
        "easeOutSpeed": 4,
        "triggeredBy": { "defaultAnim": true }
      },
      {
        "code": "sleep",
        "animation": "sleep",
        "easeInSpeed": 4,
        "easeOutSpeed": 4,
        "blendMode": "average"
      },
      {
        "code": "sit",
        "animation": "sit",
        "easeInSpeed": 4,
        "easeOutSpeed": 4,
        "blendMode": "average"
      }
    ]
  },
  "server": {
    "behaviors": [
      { "code": "nametag",  "showtagonlywhentargeted": true  },
			{ "code": "multiplybase",
				"enabledByType": { "*-female": true, "*-male": false },
				"multiplyCooldownDaysMin": 0,
				"multiplyCooldownDaysMax": 1,
				"portionsEatenForMultiply": 5
			},
      {
        "code": "tameable",
        "size": "medium",
        "disobediencePerDay": 0.01,
        "treat": [
          { "code": "bone", "progress": 0.1, "cooldown": 1 },
          { "code": "bushmeat-raw", "progress": 0.15, "cooldown": 2 },
          { "code": "redmeat-raw", "progress": 0.3, "cooldown": 3 },
          { "code": "poultry-raw", "progress": 0.3, "cooldown": 3 },
          { "code": "petcookie-meat-perfect", "domain": "petai", "progress": 0.8, "cooldown": 3 },
          { "code": "grain-*", "progress": 0.2, "cooldown": 2.5 }
        ]
      },
      {
        "code": "mouthinventory",
        "acceptStacks": [
          { "type": "item", "code": "bone" },
          { "type": "item", "code": "bushmeat-raw" },
          { "type": "item", "code": "redmeat-raw" },
          { "type": "item", "code": "poultry-raw" },
          { "type": "item", "code": "petai:petcookie-meat-perfect" },
					{ "type": "item", "code": "grain-flax" },
					{ "type": "item", "code": "grain-spelt" },
					{ "type": "item", "code": "grain-rye" },
					{ "type": "item", "code": "grain-sunflower" }
        ]
      },
      {
        "code": "receivecommand",
        "availableCommands": [
          {
            "commandName": "sit",
            "commandType": "SIMPLE",
            "minObedience": 0.2
          },
          {
            "commandName": "lay",
            "commandType": "SIMPLE",
            "minObedience": 0.2
          },
          {
            "commandName": "speak",
            "commandType": "SIMPLE",
            "minObedience": 0.2
          },
          {
            "commandName": "followmaster",
            "commandType": "COMPLEX",
            "minObedience": 0.4
          },
          {
            "commandName": "stay",
            "commandType": "COMPLEX",
            "minObedience": 0.1
          },
          {
            "commandName": "NEUTRAL",
            "commandType": "AGGRESSIONLEVEL",
            "minObedience": 0
          },
          {
            "commandName": "PROTECTIVE",
            "commandType": "AGGRESSIONLEVEL",
            "minObedience": 0.5
          },
          {
            "commandName": "AGGRESSIVE",
            "commandType": "AGGRESSIONLEVEL",
            "minObedience": 0.4
          },
          {
            "commandName": "PASSIVE",
            "commandType": "AGGRESSIONLEVEL",
            "minObedience": 0.4
          }
        ]
      },
      { "code": "repulseagents" },
      { "code": "controlledphysics", "stepHeight": 1.1251 },
      { "code": "health", "currenthealth": 24, "maxhealth": 24 },
      { "code": "deaddecay", "hoursToDecay": 50, "decayedBlock": "carcass-medium" },
      { "code": "floatupwhenstuck", "onlyWhenDead": true },
      {
        "code": "harvestable",
        "drops": [
          { "type": "item", "code": "poultry-raw", "quantity": { "avg": 10, "var": 3 } },
          { "type": "item", "code": "hide-raw-medium", "quantity": { "avg": 1.2, "var": 0.2 } },
          { "type": "item", "code": "feather", "quantity": { "avg": 5.2, "var": 0.2 } },
          { "type": "item", "code": "fat", "quantity": { "avg": 1, "var": 0.3  } },
					{ "type": "item", "code": "feverstonewilds:cockatricetail-raw", "quantity": { "avg": 0.9, "var": 0.2 } }
        ]
      },
      { "code": "breathe" },
      { 
        "code": "emotionstates",
        "states": [
          {
            "code": "fleeondamage",
            "duration": 60,
            "chance": 0.75,
            "slot": 2,
            "priority": 5,
            "accumType": "max",
            "whenHealthRelBelow": 0.05
          },
          {
            "code": "saturated",
            "duration": 1200,
            "chance": 1,
            "slot": 0,
            "priority": 1,
            "accumType": "sum",
            "belowTempDuration": 600,
            "belowTempThreshold": -5
          },
          {
            "code": "aggressiveondamage",
            "duration": 30,
            "chance": 1,
            "slot": 2,
            "priority": 2,
            "accumType": "noaccum"
          }
        ]
      },
      {
        "code": "taskai",
        "aitasks": [
          {
            "code": "petmeleeattack",
            "entityCodes": [
              "drifter-*",
              "wolf-*",
              "hyena-*",
              "squirrel-*"
            ],
            "isCommandable": true,
            "priority": 3,
            "damage": 5,
            "damageTier": 2,
            "damageType": "SlashingAttack",
            "slot": 1,
            "mincooldown": 1500,
            "maxcooldown": 1500,
            "attackDurationMs": 800,
            "damagePlayerAtMs": 500,
            "animation": "Attack",
            "animationSpeed": 2.5,
            "sound": "game:creature/chicken/rooster-alarm2"
          },
          {
            "code": "petseekentity",
            "entityCodes": [
              "drifter-*",
              "wolf-*",
              "hyena-*",
              "squirrel-*"
            ],
            "isCommandable": true,
            "priority": 2.9,
            "movespeed": 0.045,
            "seekingRange": 15,
            "belowTempSeekingRange": 25,
            "belowTempThreshold": -5,
            "animation": "Run",
            "leapAtTarget": true,
            "leapAnimation": null,
            "animationSpeed": 2.2,
            "leapChance": 0.01
          },
          {
            "code": "simplecommand",
            "priority": 3,
            "minduration": 2000,
            "maxduration": 10000,
            "priorityForCancel": 2.8,
            "animation": "Sleep",
            "command": "sit"
          },
          {
            "code": "simplecommand",
            "priority": 3,
            "minduration": 5000,
            "maxduration": 15000,
            "priorityForCancel": 2.8,
            "animation": "Sleep",
            "animationSpeed": 0.8,
            "command": "lay"
          },
          {
            "code": "followmaster",
            "priority": 2,
            "priorityForCancel": 1.9,
            "command": "followmaster",
            "movespeed": 0.045,
            "animationSpeed": 2.2,
            "maxDistance": 8,
            "searchRange": 40,
            "animation": "Run",
            "allowTeleport": true
          },
          {
            "code": "stay",
            "priority": 2,
            "priorityForCancel": 1.9,
            "command": "stay",
            "movespeed": 0.006,
            "maxDistance": 10,
            "searchRange": 40,
            "animation": "Walk"
          },
					{
						"code": "seekblockandlay",
						"enabledByType": { "*-female": true, "*-male": false },
						"priority": 1.6,
						"layTime": 2,
						"chickCode": "cockatrice-chick",
						"sitDays": 0.9,
						"incubationDays": 3.6,
						"movespeed": 0.012,
						"animation": "Walk",
						"mincooldownHours": 1,
						"maxcooldownHours": 2,
						"sitAnimation": "Sleep",
						"requiresNearbyEntityCode": "feverstonewilds:tame-cockatrice-male",
						"requiresNearbyEntityRange": 12,
						"growthCapEntityCodes": ["feverstonewilds:tame-cockatrice-chick", "feverstonewilds:tame-cockatrice-female", "feverstonewilds:tame-cockatrice-male"],
						"failBlockCode": "feverstonewilds:egg-cockatrice-1",
						"sound": "game:creature/chicken/hurt",
						"priorityForCancel": 1.65
					},
          {
            "code": "fleeentity",
            "entityCodes": [
              "drifter-*"
            ],
            "priority": 1.6,
            "movespeed": 0.03,
            "fleeingDistance": 8,
            "seekingRange": 5,
            "animation": "Run",
            "animationSpeed": 1.5
          },
          {
            "code": "seeknest",
            "priority": 1.56,
            "duringDayTimeFrames": [
              { "fromHour": 10, "toHour": 18 },
              { "fromHour": 1, "toHour": 3 } 
            ],
            "movespeed": 0.006,
            "animation": "Walk"
          },
          {
            "code": "idle",
            "priority": 1.45,
            "priorityForCancel": 1.55,
            "minduration": 200000,
            "maxduration": 800000,
            "mincooldown": 10000,
            "maxcooldown": 30000,
            "animation": "Sleep",
            "whenNotInEmotionState": "aggressiveondamage",
            "duringDayTimeFrames": [
              { "fromHour": 10, "toHour": 18 },
              { "fromHour": 1, "toHour": 3 }
            ],
            "stopOnNearbyEntityCodes": [ "drifter-*" ],
            "stopRange": 10,
            "stopOnHurt": true
          },
          {
            "code": "getoutofwater",
            "priority": 1.4,
            "movespeed": 0.015,
            "animation": "Walk",
            "animationSpeed": 2.2
          },
          {
            "code": "wander",
            "priority": 1.0,
            "priorityForCancel": 1.35,
            "movespeed": 0.006,
            "animation": "Walk",
            "preferredLightLevel": 20
          },
          {
            "code": "useinventory",
            "animation": "eat",
            "animationSpeed": 1.25,
            "priority": 1.6,
            "priorityForCancel": 1.7,
            "eatItemCategories": [ "Protein", "Grain" ],
            "eatItemCodes": [
              "bone", "bushmeat-raw",
              "redmeat-raw", "poultry-raw",
              "petai:petcookie-meat-perfect"
            ],
            "useTime": 1.75,
            "mincooldownHours": 1,
            "maxcooldownHours": 1.5
          },
					{
						"code": "seekfoodandeat",
						"movespeed": 0.004,
						"priority": 1.4,
						"animationSpeed": 1.25,
						"animation": "Walk",
						"eatAnimation": "Eat",
						"eatSound": "game:creature/animal-eat-small",
						"eatTime": 1.75,
						"mincooldownHours": 1,
						"maxcooldownHours": 4
					},
          {
            "code": "idle",
            "priority": 0.9,
            "minduration": 2000,
            "maxduration": 10000,
            "mincooldown": 2000,
            "maxcooldown": 120000,
            "priorityForCancel": 1.33,
            "animation": "Sit",
            "whenNotInEmotionState": "aggressiveondamage",
            "stopRange": 5
          },
          { "code": "lookaround", "priority": 0.5 }
        ]
      },
      { "code": "ropetieable", "minGeneration": 2 },
      { "code": "pettableextended", "minGeneration": 0 }
    ]
  },
  "sounds": {
    "hurt": "game:creature/chicken/hurt",
    "death": "game:creature/chicken/hurt",
    "idle": "game:creature/chicken/hen-idle*"
  },
  "idleSoundChance": 0
}