{
	"editor": {
		"allAngles": false,
		"entityTextureMode": false
	},
	"textureWidth": 16,
	"textureHeight": 16,
	"textureSizes": {
	},
	"textures": {
		"crocodile": "crocodile"
	},
	"elements": [
		{
			"name": "origin",
			"from": [ 0.0, 0.0, 0.0 ], 
			"to": [ 0.0, 0.0, 0.0 ], 
			"rotationOrigin": [ 8.0, 7.0, 8.0 ],
			"faces": {
				"north": { "texture": "#null", "uv": [ 0.0, 0.0, 0.5, 0.5 ] },
				"east": { "texture": "#null", "uv": [ 0.0, 0.0, 0.5, 0.5 ] },
				"south": { "texture": "#null", "uv": [ 0.0, 0.0, 0.5, 0.5 ] },
				"west": { "texture": "#null", "uv": [ 0.0, 0.0, 0.5, 0.5 ] },
				"up": { "texture": "#null", "uv": [ 0.0, 0.0, 0.5, 0.5 ] },
				"down": { "texture": "#null", "uv": [ 0.0, 0.0, 0.5, 0.5 ] }
			},
			"children": [
				{
					"name": "body",
					"from": [ -4.5, 0.0, 2.5 ], 
					"to": [ 20.5, 8.0, 13.5 ], 
					"rotationOrigin": [ 8.0, 3.9, 8.0 ],
					"faces": {
						"north": { "texture": "#crocodile", "uv": [ 1.0, 13.75, 6.0, 15.75 ], "autoUv": false },
						"east": { "texture": "#crocodile", "uv": [ 13.5, 13.75, 15.875, 15.75 ], "autoUv": false },
						"south": { "texture": "#crocodile", "uv": [ 8.875, 14.0, 13.25, 15.75 ], "autoUv": false },
						"west": { "texture": "#crocodile", "uv": [ 13.5, 13.5, 16.0, 15.75 ], "autoUv": false },
						"up": { "texture": "#crocodile", "uv": [ 6.0, 3.75, 8.375, 10.5 ], "rotation": 90, "autoUv": false },
						"down": { "texture": "#crocodile", "uv": [ 8.5, 3.5, 11.0, 8.75 ], "rotation": 90, "autoUv": false }
					},
					"children": [
						{
							"name": "neck",
							"from": [ -2.8, 0.4, 1.0 ], 
							"to": [ 2.5, 7.0, 10.0 ], 
							"rotationOrigin": [ 2.2, 4.4, 5.5 ],
							"faces": {
								"north": { "texture": "#crocodile", "uv": [ 9.125, 14.25, 10.25, 15.75 ], "autoUv": false },
								"east": { "texture": "#null", "uv": [ 0.0, 0.0, 9.0, 6.5 ] },
								"south": { "texture": "#crocodile", "uv": [ 9.25, 14.25, 10.375, 15.75 ], "autoUv": false },
								"west": { "texture": "#crocodile", "uv": [ 1.52, 10.9, 2.98, 13.5 ], "autoUv": false },
								"up": { "texture": "#crocodile", "uv": [ 6.625, 9.0, 7.75, 10.75 ], "rotation": 90, "autoUv": false },
								"down": { "texture": "#crocodile", "uv": [ 9.25, 5.5, 10.75, 8.25 ], "rotation": 90, "autoUv": false }
							},
							"children": [
								{
									"name": "lower jaw",
									"from": [ -13.1, 0.6, 1.0 ], 
									"to": [ 0.9, 2.1, 8.0 ], 
									"rotationOrigin": [ -1.1, 0.6, 4.0 ],
									"faces": {
										"north": { "texture": "#crocodile", "uv": [ 10.625, 3.25, 13.625, 3.75 ], "autoUv": false },
										"east": { "texture": "#null", "uv": [ 0.0, 0.0, 7.0, 1.5 ] },
										"south": { "texture": "#crocodile", "uv": [ 10.75, 3.25, 13.75, 3.75 ], "autoUv": false },
										"west": { "texture": "#crocodile", "uv": [ 7.875, 15.25, 9.5, 15.75 ], "autoUv": false },
										"up": { "texture": "#crocodile", "uv": [ 12.07, 0.25, 13.18, 3.1 ], "rotation": 90, "autoUv": false },
										"down": { "texture": "#crocodile", "uv": [ 13.375, 0.0, 14.375, 3.0 ], "rotation": 90, "autoUv": false }
									},
									"children": [
										{
											"name": "upper jaw",
											"from": [ 0.0, 1.5, -0.1 ], 
											"to": [ 14.0, 4.9, 7.0 ], 
											"rotationOrigin": [ 14.0, 1.5, 2.9 ],
											"faces": {
												"north": { "texture": "#crocodile", "uv": [ 7.5, 14.25, 9.875, 15.25 ], "autoUv": false },
												"east": { "texture": "#null", "uv": [ 0.0, 0.0, 7.0, 3.0 ], "enabled": false, "windMode": [-1,-1,-1,-1] },
												"south": { "texture": "#crocodile", "uv": [ 7.5, 14.0, 9.875, 15.0 ], "autoUv": false },
												"west": { "texture": "#crocodile", "uv": [ 6.375, 13.75, 8.0, 14.75 ], "autoUv": false },
												"up": { "texture": "#crocodile", "uv": [ 6.5, 10.25, 8.0, 14.0 ], "rotation": 90, "autoUv": false },
												"down": { "texture": "#crocodile", "uv": [ 12.1, 0.0, 13.18, 3.1 ], "rotation": 270, "autoUv": false }
											},
											"children": [
												{
													"name": "nostrils",
													"from": [ 0.7, 3.0, 2.0 ], 
													"to": [ 3.7, 4.0, 5.0 ], 
													"rotationOrigin": [ 2.2, 3.0, 3.5 ],
													"faces": {
														"north": { "texture": "#crocodile", "uv": [ 1.875, 10.0, 2.375, 10.5 ], "autoUv": false, "windMode": [-1,-1,-1,-1] },
														"east": { "texture": "#crocodile", "uv": [ 5.0, 14.25, 5.625, 14.75 ], "autoUv": false },
														"south": { "texture": "#crocodile", "uv": [ 3.625, 12.0, 4.25, 12.5 ], "autoUv": false },
														"west": { "texture": "#crocodile", "uv": [ 12.875, 7.25, 13.625, 7.75 ], "autoUv": false },
														"up": { "texture": "#crocodile", "uv": [ 1.75, 9.0, 2.75, 9.75 ], "rotation": 90, "autoUv": false, "windMode": [-1,-1,-1,-1] },
														"down": { "texture": "#null", "uv": [ 0.0, 0.0, 3.0, 3.0 ], "enabled": false, "windMode": [-1,-1,-1,-1] }
													}
												},
												{
													"name": "right eye",
													"from": [ 9.0, 2.9, 1.2 ], 
													"to": [ 11.0, 4.9, 2.2 ], 
													"rotationOrigin": [ 10.0, 3.5, 1.7 ],
													"faces": {
														"north": { "texture": "#crocodile", "uv": [ 1.0, 11.0, 1.625, 12.25 ], "autoUv": false, "windMode": [-1,-1,-1,-1] },
														"east": { "texture": "#crocodile", "uv": [ 7.0, 7.0, 7.25, 7.75 ], "autoUv": false },
														"south": { "texture": "#crocodile", "uv": [ 7.375, 5.25, 7.75, 5.75 ], "autoUv": false },
														"west": { "texture": "#crocodile", "uv": [ 6.625, 6.25, 6.875, 7.0 ], "autoUv": false },
														"up": { "texture": "#crocodile", "uv": [ 6.5, 6.5, 6.875, 7.0 ], "autoUv": false },
														"down": { "texture": "#null", "uv": [ 0.0, 0.0, 2.0, 1.0 ], "enabled": false, "windMode": [-1,-1,-1,-1] }
													}
												},
												{
													"name": "left eye",
													"from": [ 9.0, 2.9, 4.9 ], 
													"to": [ 11.0, 4.9, 5.9 ], 
													"rotationOrigin": [ 10.0, 3.5, 5.4 ],
													"faces": {
														"north": { "texture": "#crocodile", "uv": [ 6.75, 6.75, 7.375, 7.5 ], "autoUv": false },
														"east": { "texture": "#crocodile", "uv": [ 3.125, 14.0, 3.25, 14.75 ], "autoUv": false },
														"south": { "texture": "#crocodile", "uv": [ 2.875, 11.0, 3.5, 12.25 ], "autoUv": false },
														"west": { "texture": "#crocodile", "uv": [ 3.5, 14.5, 3.75, 15.25 ], "autoUv": false },
														"up": { "texture": "#crocodile", "uv": [ 7.25, 7.0, 7.625, 7.5 ], "autoUv": false },
														"down": { "texture": "#null", "uv": [ 0.0, 0.0, 2.0, 1.0 ], "enabled": false }
													}
												},
												{
													"name": "top teeth",
													"from": [ 0.2, -0.9, 0.3 ], 
													"to": [ 12.2, 0.1, 6.9 ], 
													"rotationOrigin": [ 7.2, -0.9, 3.6 ],
													"faces": {
														"north": { "texture": "#crocodile", "uv": [ 14.125, 8.0, 16.0, 8.5 ], "autoUv": false },
														"east": { "texture": "#null", "uv": [ 0.0, 0.0, 6.5, 1.0 ], "enabled": false },
														"south": { "texture": "#crocodile", "uv": [ 3.125, 7.5, 5.0, 8.0 ], "rotation": 180, "autoUv": false },
														"west": { "texture": "#crocodile", "uv": [ 14.5, 8.0, 15.875, 8.5 ], "autoUv": false },
														"up": { "texture": "#null", "uv": [ 0.0, 0.0, 12.0, 6.5 ], "enabled": false },
														"down": { "texture": "#null", "uv": [ 0.0, 0.0, 12.0, 6.5 ], "enabled": false }
													}
												}
											]
										},
										{
											"name": "bottom teeth",
											"from": [ 0.3, 1.4, 0.2 ], 
											"to": [ 12.3, 2.4, 6.8 ], 
											"rotationOrigin": [ 7.3, 1.4, 3.5 ],
											"faces": {
												"north": { "texture": "#crocodile", "uv": [ 14.0, 8.0, 16.0, 8.5 ], "rotation": 180, "autoUv": false },
												"east": { "texture": "#null", "uv": [ 0.0, 0.0, 6.5, 1.0 ], "enabled": false, "windMode": [-1,-1,-1,-1] },
												"south": { "texture": "#crocodile", "uv": [ 3.0, 7.5, 5.0, 8.0 ], "autoUv": false },
												"west": { "texture": "#crocodile", "uv": [ 3.375, 7.5, 4.5, 8.0 ], "autoUv": false },
												"up": { "texture": "#null", "uv": [ 0.0, 0.0, 12.0, 6.5 ], "enabled": false, "windMode": [-1,-1,-1,-1] },
												"down": { "texture": "#null", "uv": [ 0.0, 0.0, 12.0, 6.5 ], "enabled": false, "windMode": [-1,-1,-1,-1] }
											}
										}
									]
								}
							]
						},
						{
							"name": "front left leg upper",
							"from": [ 2.5, -3.2, 9.0 ], 
							"to": [ 5.5, 2.8, 12.0 ], 
							"rotationOrigin": [ 3.5, 2.8, 9.0 ],
							"rotationY": -45.0,
							"rotationZ": 67.5,
							"faces": {
								"north": { "texture": "#crocodile", "uv": [ 2.5, 0.75, 3.25, 3.25 ], "autoUv": false },
								"east": { "texture": "#crocodile", "uv": [ 2.375, 0.5, 3.125, 2.75 ], "autoUv": false },
								"south": { "texture": "#crocodile", "uv": [ 2.25, 0.75, 3.0, 3.0 ], "autoUv": false },
								"west": { "texture": "#crocodile", "uv": [ 2.625, 0.75, 3.375, 3.25 ], "autoUv": false },
								"up": { "texture": "#crocodile", "uv": [ 2.5, 0.5, 3.25, 1.75 ], "autoUv": false },
								"down": { "texture": "#crocodile", "uv": [ 2.25, 1.25, 2.875, 2.0 ], "autoUv": false }
							},
							"children": [
								{
									"name": "front left leg lower",
									"from": [ 0.3, -5.0, 0.3 ], 
									"to": [ 2.8, 1.0, 2.8 ], 
									"rotationOrigin": [ 1.5, 0.0, 1.6 ],
									"rotationX": 22.5,
									"faces": {
										"north": { "texture": "#crocodile", "uv": [ 2.375, 0.75, 3.125, 3.25 ], "autoUv": false },
										"east": { "texture": "#crocodile", "uv": [ 2.25, 0.75, 3.0, 3.0 ], "autoUv": false },
										"south": { "texture": "#crocodile", "uv": [ 2.375, 0.75, 3.0, 3.25 ], "autoUv": false },
										"west": { "texture": "#crocodile", "uv": [ 2.375, 0.5, 3.25, 3.25 ], "autoUv": false },
										"up": { "texture": "#crocodile", "uv": [ 2.5, 0.75, 3.25, 1.5 ], "autoUv": false },
										"down": { "texture": "#crocodile", "uv": [ 2.375, 1.25, 3.0, 1.75 ], "autoUv": false }
									}
								}
							]
						},
						{
							"name": "front right leg",
							"from": [ 2.5, -3.2, -1.0 ], 
							"to": [ 5.5, 2.8, 2.0 ], 
							"rotationOrigin": [ 3.5, 2.8, 2.0 ],
							"rotationY": 45.0,
							"rotationZ": 67.5,
							"faces": {
								"north": { "texture": "#crocodile", "uv": [ 2.625, 1.25, 3.25, 3.25 ], "autoUv": false },
								"east": { "texture": "#crocodile", "uv": [ 2.625, 1.0, 3.375, 3.25 ], "autoUv": false },
								"south": { "texture": "#crocodile", "uv": [ 2.5, 0.75, 3.25, 3.0 ], "autoUv": false },
								"west": { "texture": "#crocodile", "uv": [ 2.375, 1.5, 3.125, 3.75 ], "autoUv": false },
								"up": { "texture": "#crocodile", "uv": [ 2.75, 1.5, 3.375, 2.75 ], "autoUv": false },
								"down": { "texture": "#crocodile", "uv": [ 2.5, 1.0, 3.25, 1.75 ], "autoUv": false }
							},
							"children": [
								{
									"name": "front right leg lower",
									"from": [ 0.3, -5.0, 0.2 ], 
									"to": [ 2.8, 1.0, 2.7 ], 
									"rotationOrigin": [ 1.5, 0.0, 1.5 ],
									"rotationX": -22.5,
									"faces": {
										"north": { "texture": "#crocodile", "uv": [ 2.375, 1.25, 3.125, 3.5 ], "autoUv": false },
										"east": { "texture": "#crocodile", "uv": [ 2.5, 0.75, 3.125, 3.0 ], "autoUv": false },
										"south": { "texture": "#crocodile", "uv": [ 2.625, 0.75, 3.375, 3.25 ], "autoUv": false },
										"west": { "texture": "#crocodile", "uv": [ 2.375, 1.0, 3.375, 2.75 ], "autoUv": false },
										"up": { "texture": "#crocodile", "uv": [ 2.25, 1.0, 3.0, 1.75 ], "autoUv": false },
										"down": { "texture": "#crocodile", "uv": [ 2.75, 1.25, 3.375, 2.0 ], "autoUv": false }
									}
								}
							]
						},
						{
							"name": "back right leg",
							"from": [ 19.5, -3.0, -2.0 ], 
							"to": [ 23.5, 3.0, 1.0 ], 
							"rotationOrigin": [ 21.5, 2.0, 1.0 ],
							"rotationX": 22.5,
							"rotationY": 22.5,
							"rotationZ": 67.5,
							"faces": {
								"north": { "texture": "#crocodile", "uv": [ 2.5, 0.25, 3.125, 3.75 ], "autoUv": false },
								"east": { "texture": "#crocodile", "uv": [ 2.125, 0.25, 2.75, 3.75 ], "autoUv": false },
								"south": { "texture": "#crocodile", "uv": [ 2.25, 0.25, 2.875, 2.75 ], "autoUv": false },
								"west": { "texture": "#crocodile", "uv": [ 2.875, 0.25, 3.625, 3.25 ], "autoUv": false },
								"up": { "texture": "#crocodile", "uv": [ 2.125, 0.5, 2.875, 1.25 ], "autoUv": false },
								"down": { "texture": "#crocodile", "uv": [ 2.125, 1.0, 3.0, 1.75 ], "autoUv": false }
							},
							"children": [
								{
									"name": "back right leg lower",
									"from": [ 0.8, -5.0, 0.2 ], 
									"to": [ 3.8, 1.0, 2.7 ], 
									"rotationOrigin": [ 2.4, 0.0, 1.5 ],
									"rotationX": -22.5,
									"faces": {
										"north": { "texture": "#crocodile", "uv": [ 2.125, 0.25, 2.75, 3.0 ], "autoUv": false },
										"east": { "texture": "#crocodile", "uv": [ 2.5, 0.25, 3.125, 3.5 ], "autoUv": false },
										"south": { "texture": "#crocodile", "uv": [ 2.375, 0.25, 3.0, 3.75 ], "autoUv": false },
										"west": { "texture": "#crocodile", "uv": [ 2.375, 0.25, 3.125, 3.5 ], "autoUv": false },
										"up": { "texture": "#crocodile", "uv": [ 2.25, 0.5, 2.75, 1.0 ], "autoUv": false },
										"down": { "texture": "#crocodile", "uv": [ 2.25, 1.0, 2.75, 1.5 ], "autoUv": false }
									}
								}
							]
						},
						{
							"name": "back left leg",
							"from": [ 19.5, -3.0, 10.0 ], 
							"to": [ 23.5, 3.0, 13.0 ], 
							"rotationOrigin": [ 21.5, 2.0, 10.0 ],
							"rotationX": -22.5,
							"rotationY": -22.5,
							"rotationZ": 67.5,
							"faces": {
								"north": { "texture": "#crocodile", "uv": [ 2.5, 0.75, 3.25, 3.5 ], "autoUv": false },
								"east": { "texture": "#crocodile", "uv": [ 2.375, 0.5, 3.125, 3.5 ], "autoUv": false },
								"south": { "texture": "#crocodile", "uv": [ 2.875, 0.5, 3.5, 3.25 ], "autoUv": false },
								"west": { "texture": "#crocodile", "uv": [ 2.375, 0.75, 3.125, 3.5 ], "autoUv": false },
								"up": { "texture": "#crocodile", "uv": [ 2.75, 1.0, 3.25, 1.5 ], "autoUv": false },
								"down": { "texture": "#crocodile", "uv": [ 2.25, 0.5, 2.875, 1.25 ], "autoUv": false }
							},
							"children": [
								{
									"name": "back left leg lower",
									"from": [ 0.8, -5.0, 0.3 ], 
									"to": [ 3.8, 1.0, 2.8 ], 
									"rotationOrigin": [ 2.4, 0.0, 1.6 ],
									"rotationX": 22.5,
									"faces": {
										"north": { "texture": "#crocodile", "uv": [ 2.375, 0.25, 3.0, 3.75 ], "autoUv": false },
										"east": { "texture": "#crocodile", "uv": [ 2.375, 0.75, 3.125, 3.25 ], "autoUv": false },
										"south": { "texture": "#crocodile", "uv": [ 2.25, 0.75, 3.0, 3.5 ], "autoUv": false },
										"west": { "texture": "#crocodile", "uv": [ 2.5, 0.5, 3.25, 3.5 ], "autoUv": false },
										"up": { "texture": "#crocodile", "uv": [ 2.5, 0.75, 3.25, 3.5 ], "autoUv": false },
										"down": { "texture": "#crocodile", "uv": [ 2.5, 0.25, 3.25, 3.75 ], "autoUv": false }
									}
								}
							]
						},
						{
							"name": "tail base",
							"from": [ 23.0, 0.5, 1.0 ], 
							"to": [ 36.0, 7.0, 10.0 ], 
							"rotationOrigin": [ 23.0, 4.0, 5.5 ],
							"faces": {
								"north": { "texture": "#crocodile", "uv": [ 1.125, 13.75, 4.0, 15.75 ], "autoUv": false },
								"east": { "texture": "#crocodile", "uv": [ 10.25, 14.0, 12.25, 15.75 ], "autoUv": false },
								"south": { "texture": "#crocodile", "uv": [ 1.75, 13.75, 4.625, 15.75 ], "autoUv": false },
								"west": { "texture": "#null", "uv": [ 0.0, 0.0, 9.0, 6.5 ], "enabled": false, "windMode": [-1,-1,-1,-1] },
								"up": { "texture": "#crocodile", "uv": [ 6.0, 3.75, 8.375, 7.5 ], "autoUv": false },
								"down": { "texture": "#crocodile", "uv": [ 13.375, 0.0, 14.5, 3.0 ], "rotation": 270, "autoUv": false }
							},
							"children": [
								{
									"name": "tail middle",
									"from": [ 11.5, 0.5, 1.5 ], 
									"to": [ 24.5, 5.5, 7.5 ], 
									"rotationOrigin": [ 11.5, 3.0, 4.5 ],
									"faces": {
										"north": { "texture": "#crocodile", "uv": [ 10.5, 14.25, 13.125, 15.75 ], "autoUv": false },
										"east": { "texture": "#crocodile", "uv": [ 10.75, 14.0, 12.25, 15.75 ], "autoUv": false, "windMode": [-1,-1,-1,-1] },
										"south": { "texture": "#crocodile", "uv": [ 1.625, 14.25, 4.375, 15.75 ], "autoUv": false },
										"west": { "texture": "#null", "uv": [ 0.0, 0.0, 6.0, 5.0 ], "enabled": false, "windMode": [-1,-1,-1,-1] },
										"up": { "texture": "#crocodile", "uv": [ 6.125, 5.0, 8.375, 7.0 ], "autoUv": false },
										"down": { "texture": "#crocodile", "uv": [ 9.125, 7.0, 10.375, 10.25 ], "rotation": 90, "autoUv": false }
									},
									"children": [
										{
											"name": "tail end",
											"from": [ 11.0, 0.5, 0.5 ], 
											"to": [ 25.0, 4.5, 5.5 ], 
											"rotationOrigin": [ 11.0, 2.5, 3.0 ],
											"faces": {
												"north": { "texture": "#crocodile", "uv": [ 10.5, 14.25, 13.375, 15.75 ], "autoUv": false },
												"east": { "texture": "#crocodile", "uv": [ 10.375, 14.5, 11.25, 15.75 ], "autoUv": false },
												"south": { "texture": "#crocodile", "uv": [ 9.375, 14.5, 11.875, 15.75 ], "autoUv": false },
												"west": { "texture": "#null", "uv": [ 0.0, 0.0, 5.0, 4.0 ], "enabled": false, "windMode": [-1,-1,-1,-1] },
												"up": { "texture": "#crocodile", "uv": [ 10.5, 14.0, 13.125, 15.25 ], "autoUv": false },
												"down": { "texture": "#crocodile", "uv": [ 9.25, 5.0, 10.5, 11.0 ], "rotation": 90, "autoUv": false }
											},
											"children": [
												{
													"name": "tailend frills right",
													"from": [ 2.5, 3.8, 1.0 ], 
													"to": [ 13.5, 5.3, 1.0 ], 
													"rotationOrigin": [ 7.5, 3.8, 1.0 ],
													"faces": {
														"north": { "texture": "#crocodile", "uv": [ 13.5, 9.25, 16.0, 10.0 ], "autoUv": false, "windMode": [-1,-1,-1,-1] },
														"east": { "texture": "#null", "uv": [ 0.0, 0.0, 0.5, 1.5 ], "enabled": false, "windMode": [-1,-1,-1,-1] },
														"south": { "texture": "#null", "uv": [ 0.0, 0.0, 11.0, 1.5 ], "enabled": false, "windMode": [-1,-1,-1,-1] },
														"west": { "texture": "#null", "uv": [ 0.0, 0.0, 0.5, 1.5 ], "enabled": false, "windMode": [-1,-1,-1,-1] },
														"up": { "texture": "#null", "uv": [ 0.0, 0.0, 11.0, 0.5 ], "enabled": false, "windMode": [-1,-1,-1,-1] },
														"down": { "texture": "#null", "uv": [ 0.0, 0.0, 11.0, 0.5 ], "enabled": false, "windMode": [-1,-1,-1,-1] }
													}
												},
												{
													"name": "tailend frills left",
													"from": [ 2.5, 3.8, 4.0 ], 
													"to": [ 13.5, 5.3, 4.0 ], 
													"rotationOrigin": [ 7.5, 3.8, 4.0 ],
													"faces": {
														"north": { "texture": "#crocodile", "uv": [ 13.5, 9.25, 16.0, 10.0 ], "autoUv": false, "windMode": [-1,-1,-1,-1] },
														"east": { "texture": "#null", "uv": [ 0.0, 0.0, 0.5, 1.5 ], "enabled": false, "windMode": [-1,-1,-1,-1] },
														"south": { "texture": "#null", "uv": [ 0.0, 0.0, 11.0, 1.5 ], "enabled": false, "windMode": [-1,-1,-1,-1] },
														"west": { "texture": "#null", "uv": [ 0.0, 0.0, 0.5, 1.5 ], "enabled": false, "windMode": [-1,-1,-1,-1] },
														"up": { "texture": "#null", "uv": [ 0.0, 0.0, 11.0, 0.5 ], "enabled": false, "windMode": [-1,-1,-1,-1] },
														"down": { "texture": "#null", "uv": [ 0.0, 0.0, 11.0, 0.5 ], "enabled": false, "windMode": [-1,-1,-1,-1] }
													}
												}
											]
										},
										{
											"name": "tailmiddle frills left",
											"from": [ 1.5, 4.8, 5.0 ], 
											"to": [ 12.5, 6.3, 5.0 ], 
											"rotationOrigin": [ 6.5, 4.8, 5.0 ],
											"faces": {
												"north": { "texture": "#crocodile", "uv": [ 13.5, 9.25, 16.0, 10.0 ], "autoUv": false },
												"east": { "texture": "#null", "uv": [ 0.0, 0.0, 0.5, 1.5 ], "enabled": false, "windMode": [-1,-1,-1,-1] },
												"south": { "texture": "#null", "uv": [ 0.0, 0.0, 11.0, 1.5 ], "enabled": false, "windMode": [-1,-1,-1,-1] },
												"west": { "texture": "#null", "uv": [ 0.0, 0.0, 0.5, 1.5 ], "enabled": false, "windMode": [-1,-1,-1,-1] },
												"up": { "texture": "#null", "uv": [ 0.0, 0.0, 11.0, 0.5 ], "enabled": false, "windMode": [-1,-1,-1,-1] },
												"down": { "texture": "#null", "uv": [ 0.0, 0.0, 11.0, 0.5 ], "enabled": false, "windMode": [-1,-1,-1,-1] }
											}
										},
										{
											"name": "tailmiddle frills right",
											"from": [ 1.5, 4.8, 1.0 ], 
											"to": [ 12.5, 6.3, 1.0 ], 
											"rotationOrigin": [ 6.5, 4.8, 1.0 ],
											"faces": {
												"north": { "texture": "#crocodile", "uv": [ 13.5, 9.25, 16.0, 10.0 ], "autoUv": false, "windMode": [-1,-1,-1,-1] },
												"east": { "texture": "#null", "uv": [ 0.0, 0.0, 0.5, 1.5 ], "enabled": false, "windMode": [-1,-1,-1,-1] },
												"south": { "texture": "#null", "uv": [ 0.0, 0.0, 11.0, 1.5 ], "enabled": false, "windMode": [-1,-1,-1,-1] },
												"west": { "texture": "#null", "uv": [ 0.0, 0.0, 0.5, 1.5 ], "enabled": false, "windMode": [-1,-1,-1,-1] },
												"up": { "texture": "#null", "uv": [ 0.0, 0.0, 11.0, 0.5 ], "enabled": false, "windMode": [-1,-1,-1,-1] },
												"down": { "texture": "#null", "uv": [ 0.0, 0.0, 11.0, 0.5 ], "enabled": false, "windMode": [-1,-1,-1,-1] }
											}
										}
									]
								},
								{
									"name": "tailbase frills right",
									"from": [ 2.0, 6.3, 1.0 ], 
									"to": [ 12.5, 7.8, 1.0 ], 
									"rotationOrigin": [ 7.0, 6.3, 1.0 ],
									"faces": {
										"north": { "texture": "#crocodile", "uv": [ 13.5, 9.25, 16.0, 10.0 ], "autoUv": false, "windMode": [-1,-1,-1,-1] },
										"east": { "texture": "#null", "uv": [ 0.0, 0.0, 0.5, 1.5 ], "enabled": false, "windMode": [-1,-1,-1,-1] },
										"south": { "texture": "#null", "uv": [ 0.0, 0.0, 10.5, 1.5 ], "enabled": false, "windMode": [-1,-1,-1,-1] },
										"west": { "texture": "#null", "uv": [ 0.0, 0.0, 0.5, 1.5 ], "enabled": false, "windMode": [-1,-1,-1,-1] },
										"up": { "texture": "#null", "uv": [ 0.0, 0.0, 10.5, 0.5 ], "enabled": false, "windMode": [-1,-1,-1,-1] },
										"down": { "texture": "#null", "uv": [ 0.0, 0.0, 10.5, 0.5 ], "enabled": false, "windMode": [-1,-1,-1,-1] }
									}
								},
								{
									"name": "tailbase frills left",
									"from": [ 2.0, 6.3, 8.0 ], 
									"to": [ 12.5, 7.8, 8.0 ], 
									"rotationOrigin": [ 7.0, 6.3, 8.0 ],
									"faces": {
										"north": { "texture": "#crocodile", "uv": [ 13.5, 9.25, 16.0, 10.0 ], "autoUv": false, "windMode": [-1,-1,-1,-1] },
										"east": { "texture": "#null", "uv": [ 0.0, 0.0, 0.5, 1.5 ], "enabled": false, "windMode": [-1,-1,-1,-1] },
										"south": { "texture": "#null", "uv": [ 0.0, 0.0, 10.5, 1.5 ], "enabled": false, "windMode": [-1,-1,-1,-1] },
										"west": { "texture": "#null", "uv": [ 0.0, 0.0, 0.5, 1.5 ], "enabled": false, "windMode": [-1,-1,-1,-1] },
										"up": { "texture": "#null", "uv": [ 0.0, 0.0, 10.5, 0.5 ], "enabled": false, "windMode": [-1,-1,-1,-1] },
										"down": { "texture": "#null", "uv": [ 0.0, 0.0, 10.5, 0.5 ], "enabled": false, "windMode": [-1,-1,-1,-1] }
									}
								}
							]
						},
						{
							"name": "back frills right middle",
							"from": [ 1.0, 7.8, 5.0 ], 
							"to": [ 23.0, 9.3, 5.0 ], 
							"rotationOrigin": [ 13.0, 7.8, 5.0 ],
							"faces": {
								"north": { "texture": "#crocodile", "uv": [ 11.0, 9.25, 16.0, 10.0 ], "autoUv": false },
								"east": { "texture": "#crocodile", "uv": [ 0.0, 0.0, 0.125, 1.5 ], "enabled": false, "windMode": [-1,-1,-1,-1] },
								"south": { "texture": "#crocodile", "uv": [ 0.0, 0.0, 22.0, 1.5 ], "enabled": false, "windMode": [-1,-1,-1,-1] },
								"west": { "texture": "#crocodile", "uv": [ 0.0, 0.0, 0.125, 1.5 ], "enabled": false, "windMode": [-1,-1,-1,-1] },
								"up": { "texture": "#crocodile", "uv": [ 0.0, 0.0, 22.0, 0.25 ], "enabled": false, "windMode": [-1,-1,-1,-1] },
								"down": { "texture": "#crocodile", "uv": [ 0.0, 0.0, 22.0, 0.25 ], "enabled": false, "windMode": [-1,-1,-1,-1] }
							}
						},
						{
							"name": "back frills left middle",
							"from": [ 1.0, 7.8, 6.0 ], 
							"to": [ 23.0, 9.3, 6.0 ], 
							"rotationOrigin": [ 13.0, 7.8, 6.0 ],
							"faces": {
								"north": { "texture": "#crocodile", "uv": [ 11.0, 9.25, 16.0, 10.0 ], "autoUv": false },
								"east": { "texture": "#null", "uv": [ 0.0, 0.0, 0.5, 1.5 ], "enabled": false, "windMode": [-1,-1,-1,-1] },
								"south": { "texture": "#null", "uv": [ 0.0, 0.0, 22.0, 1.5 ], "enabled": false, "windMode": [-1,-1,-1,-1] },
								"west": { "texture": "#null", "uv": [ 0.0, 0.0, 0.5, 1.5 ], "enabled": false, "windMode": [-1,-1,-1,-1] },
								"up": { "texture": "#null", "uv": [ 0.0, 0.0, 22.0, 0.5 ], "enabled": false, "windMode": [-1,-1,-1,-1] },
								"down": { "texture": "#null", "uv": [ 0.0, 0.0, 22.0, 0.5 ], "enabled": false, "windMode": [-1,-1,-1,-1] }
							}
						},
						{
							"name": "back frills left outer",
							"from": [ 1.0, 7.8, 10.0 ], 
							"to": [ 23.0, 9.3, 10.0 ], 
							"rotationOrigin": [ 13.0, 7.8, 10.0 ],
							"faces": {
								"north": { "texture": "#crocodile", "uv": [ 11.0, 9.25, 16.0, 10.0 ], "autoUv": false },
								"east": { "texture": "#crocodile", "uv": [ 0.0, 0.0, 0.125, 1.5 ], "enabled": false, "windMode": [-1,-1,-1,-1] },
								"south": { "texture": "#crocodile", "uv": [ 11.12, 9.25, 16.75, 9.75 ], "enabled": false, "autoUv": false, "windMode": [-1,-1,-1,-1] },
								"west": { "texture": "#crocodile", "uv": [ 0.0, 0.0, 0.125, 1.5 ], "enabled": false, "windMode": [-1,-1,-1,-1] },
								"up": { "texture": "#crocodile", "uv": [ 0.0, 0.0, 22.0, 0.25 ], "enabled": false, "windMode": [-1,-1,-1,-1] },
								"down": { "texture": "#crocodile", "uv": [ 0.0, 0.0, 22.0, 0.25 ], "enabled": false, "windMode": [-1,-1,-1,-1] }
							}
						},
						{
							"name": "back frills right outer",
							"from": [ 1.0, 7.8, 1.0 ], 
							"to": [ 23.0, 9.3, 1.0 ], 
							"rotationOrigin": [ 13.0, 7.8, 1.0 ],
							"faces": {
								"north": { "texture": "#crocodile", "uv": [ 11.0, 9.25, 16.0, 10.0 ], "autoUv": false },
								"east": { "texture": "#null", "uv": [ 0.0, 0.0, 0.5, 1.5 ], "enabled": false, "windMode": [-1,-1,-1,-1] },
								"south": { "texture": "#null", "uv": [ 0.0, 0.0, 22.0, 1.5 ], "enabled": false, "windMode": [-1,-1,-1,-1] },
								"west": { "texture": "#null", "uv": [ 0.0, 0.0, 0.5, 1.5 ], "enabled": false, "windMode": [-1,-1,-1,-1] },
								"up": { "texture": "#null", "uv": [ 0.0, 0.0, 22.0, 0.5 ], "enabled": false, "windMode": [-1,-1,-1,-1] },
								"down": { "texture": "#null", "uv": [ 0.0, 0.0, 22.0, 0.5 ], "enabled": false, "windMode": [-1,-1,-1,-1] }
							}
						}
					]
				}
			]
		}
	],
	"animations": [
		{
			"name": "Attack",
			"code": "attack",
			"quantityframes": 10,
			"onActivityStopped": "PlayTillEnd",
			"onAnimationEnd": "Stop",
			"keyframes": [
				{
					"frame": 0,
					"elements": {
						"origin": {  },
						"body": {  },
						"neck": {  },
						"lower jaw": {  },
						"upper jaw": { "offsetX": 0.0, "offsetY": 0.0, "offsetZ": 0.0, "rotationX": 0.0, "rotationY": 0.0, "rotationZ": 0.0 }
					}
				},
				{
					"frame": 5,
					"elements": {
						"origin": {  },
						"body": {  },
						"neck": {  },
						"lower jaw": {  },
						"upper jaw": { "offsetX": 0.0, "offsetY": 0.0, "offsetZ": 0.0, "rotationX": 0.0, "rotationY": 0.0, "rotationZ": -45.0 }
					}
				}
			]
		},

		{
			"name": "Swim",
			"code": "swim",
			"quantityframes": 20,
			"onActivityStopped": "PlayTillEnd",
			"onAnimationEnd": "Repeat",
			"keyframes": [
				{
					"frame": 10,
					"elements": {
						"origin": { "offsetX": 0.0, "offsetY": 0.0, "offsetZ": 0.0, "rotationX": 0.0, "rotationY": 0.0, "rotationZ": 0.0 },
						"body": { "offsetX": 0.0, "offsetY": 0.0, "offsetZ": 0.0, "rotationX": 0.0, "rotationY": -6.0, "rotationZ": 0.0 },
						"neck": { "offsetX": 0.0, "offsetY": 0.0, "offsetZ": 0.0, "rotationX": 0.0, "rotationY": 7.0, "rotationZ": 0.0 },
						"tail base": { "offsetX": 0.0, "offsetY": 0.0, "offsetZ": 0.0, "rotationX": 0.0, "rotationY": 15.0, "rotationZ": 0.0 },
						"tail middle": { "offsetX": 0.0, "offsetY": 0.0, "offsetZ": 0.0, "rotationX": 0.0, "rotationY": 18.0, "rotationZ": 0.0 },
						"tail end": { "offsetX": 0.0, "offsetY": 0.0, "offsetZ": 0.0, "rotationX": 0.0, "rotationY": 12.0, "rotationZ": 0.0 },
						"tailbase frills left": { "offsetX": 0.0, "offsetY": 0.0, "offsetZ": 0.0, "rotationX": 0.0, "rotationY": 0.0, "rotationZ": 0.0 },
						"back left leg": { "offsetX": 0.0, "offsetY": 0.0, "offsetZ": 0.0, "rotationX": 0.0, "rotationY": 0.0, "rotationZ": 0.0 },
						"back right leg": { "offsetX": 0.0, "offsetY": 0.0, "offsetZ": 0.0, "rotationX": 0.0, "rotationY": 0.0, "rotationZ": 0.0 },
						"front right leg": { "offsetX": 0.0, "offsetY": 0.0, "offsetZ": 0.0, "rotationX": 0.0, "rotationY": 0.0, "rotationZ": 0.0 },
						"front left leg upper": { "offsetX": 0.0, "offsetY": 0.0, "offsetZ": 0.0, "rotationX": 0.0, "rotationY": 0.0, "rotationZ": 0.0 }
					}
				},
				{
					"frame": 19,
					"elements": {
						"origin": { "offsetX": 0.0, "offsetY": 0.0, "offsetZ": 0.0, "rotationX": 0.0, "rotationY": 0.0, "rotationZ": 0.0 },
						"body": { "offsetX": 0.0, "offsetY": 0.0, "offsetZ": 0.0, "rotationX": 0.0, "rotationY": 6.0, "rotationZ": 0.0 },
						"neck": { "offsetX": 0.0, "offsetY": 0.0, "offsetZ": 0.0, "rotationX": 0.0, "rotationY": -7.0, "rotationZ": 0.0 },
						"tail base": { "offsetX": 0.0, "offsetY": 0.0, "offsetZ": 0.0, "rotationX": 0.0, "rotationY": -15.0, "rotationZ": 0.0 },
						"tail middle": { "offsetX": 0.0, "offsetY": 0.0, "offsetZ": 0.0, "rotationX": 0.0, "rotationY": -18.0, "rotationZ": 0.0 },
						"tail end": { "offsetX": 0.0, "offsetY": 0.0, "offsetZ": 0.0, "rotationX": 0.0, "rotationY": -12.0, "rotationZ": 0.0 },
						"tailbase frills left": { "offsetX": 0.0, "offsetY": 0.0, "offsetZ": 0.0, "rotationX": 0.0, "rotationY": 0.0, "rotationZ": 0.0 },
						"front left leg upper": { "offsetX": 0.0, "offsetY": 0.0, "offsetZ": 0.0, "rotationX": 0.0, "rotationY": 0.0, "rotationZ": 0.0 },
						"back left leg": { "offsetX": 0.0, "offsetY": 0.0, "offsetZ": 0.0, "rotationX": 0.0, "rotationY": 0.0, "rotationZ": 0.0 },
						"back right leg": { "offsetX": 0.0, "offsetY": 0.0, "offsetZ": 0.0, "rotationX": 0.0, "rotationY": 0.0, "rotationZ": 0.0 },
						"front right leg": { "offsetX": 0.0, "offsetY": 0.0, "offsetZ": 0.0, "rotationX": 0.0, "rotationY": 0.0, "rotationZ": 0.0 }
					}
				}
			]
		},

		{
			"name": "Walk",
			"code": "walk",
			"quantityframes": 60,
			"onActivityStopped": "PlayTillEnd",
			"onAnimationEnd": "Repeat",
			"keyframes": [
				{
					"frame": 0,
					"elements": {
						"origin": {  },
						"body": { "offsetX": 0.0, "offsetY": 5.0, "offsetZ": 0.0 },
						"front right leg": { "offsetX": 0.0, "offsetY": 0.0, "offsetZ": 0.0, "rotationX": 45.0, "rotationY": -45.0, "rotationZ": -67.5 },
						"front left leg upper": { "offsetX": 0.0, "offsetY": 0.0, "offsetZ": 0.0, "rotationX": -45.0, "rotationY": 45.0, "rotationZ": -67.5 },
						"back left leg": { "offsetX": 0.0, "offsetY": 0.0, "offsetZ": 0.0, "rotationX": -22.5, "rotationY": 22.5, "rotationZ": -67.5 },
						"back right leg": { "offsetX": 0.0, "offsetY": 0.0, "offsetZ": 0.0, "rotationX": 22.5, "rotationY": -22.5, "rotationZ": -67.5 },
						"tail base": { "offsetX": 0.0, "offsetY": 0.0, "offsetZ": 0.0, "rotationX": 0.0, "rotationY": 0.0, "rotationZ": -14.0 },
						"tail middle": {  },
						"tail end": { "offsetX": 0.0, "offsetY": 0.0, "offsetZ": 0.0, "rotationX": 0.0, "rotationY": 0.0, "rotationZ": 6.0 }
					}
				},
				{
					"frame": 5,
					"elements": {
						"origin": {  },
						"body": { "rotationX": 0.0, "rotationY": -4.0, "rotationZ": 0.0 },
						"front left leg upper": { "offsetX": 0.0, "offsetY": 0.0, "offsetZ": 0.0, "rotationX": -45.0, "rotationY": 45.0, "rotationZ": -112.5 },
						"front right leg": { "offsetX": 0.0, "offsetY": 0.0, "offsetZ": 0.0, "rotationX": 45.0, "rotationY": -45.0, "rotationZ": -67.5 },
						"back right leg": { "offsetX": 0.0, "offsetY": 0.0, "offsetZ": 0.0, "rotationX": 22.5, "rotationY": -22.5, "rotationZ": -112.5 },
						"back left leg": { "offsetX": 0.0, "offsetY": 0.0, "offsetZ": 0.0, "rotationX": -22.5, "rotationY": 22.5, "rotationZ": -67.5 },
						"tail base": { "offsetX": 0.0, "offsetY": 0.0, "offsetZ": 0.0, "rotationX": 0.0, "rotationY": 7.0, "rotationZ": -14.0 },
						"tail middle": { "offsetX": 0.0, "offsetY": 0.0, "offsetZ": 0.0, "rotationX": 0.0, "rotationY": 7.0, "rotationZ": 0.0 },
						"tail end": { "offsetX": 0.0, "offsetY": 0.0, "offsetZ": 0.0, "rotationX": 0.0, "rotationY": 7.0, "rotationZ": 0.0 }
					}
				},
				{
					"frame": 10,
					"elements": {
						"origin": {  },
						"body": {  },
						"front left leg upper": { "offsetX": 0.0, "offsetY": 0.0, "offsetZ": 0.0, "rotationX": -45.0, "rotationY": 45.0, "rotationZ": -90.0 },
						"front right leg": { "offsetX": 0.0, "offsetY": 0.0, "offsetZ": 0.0, "rotationX": 45.0, "rotationY": -45.0, "rotationZ": -67.5 },
						"back right leg": { "offsetX": 0.0, "offsetY": 0.0, "offsetZ": 0.0, "rotationX": 22.5, "rotationY": -22.5, "rotationZ": -90.0 },
						"back left leg": { "offsetX": 0.0, "offsetY": 0.0, "offsetZ": 0.0, "rotationX": -22.5, "rotationY": 22.5, "rotationZ": -67.5 }
					}
				},
				{
					"frame": 15,
					"elements": {
						"origin": {  },
						"body": {  },
						"front left leg upper": { "offsetX": 0.0, "offsetY": 0.0, "offsetZ": 0.0, "rotationX": -45.0, "rotationY": 45.0, "rotationZ": -67.5 },
						"front right leg": { "offsetX": 0.0, "offsetY": 0.0, "offsetZ": 0.0, "rotationX": 45.0, "rotationY": -45.0, "rotationZ": -67.5 },
						"back right leg": { "offsetX": 0.0, "offsetY": 0.0, "offsetZ": 0.0, "rotationX": 22.5, "rotationY": -22.5, "rotationZ": -67.5 },
						"back left leg": { "offsetX": 0.0, "offsetY": 0.0, "offsetZ": 0.0, "rotationX": -22.5, "rotationY": 22.5, "rotationZ": -67.5 }
					}
				},
				{
					"frame": 20,
					"elements": {
						"origin": {  },
						"body": {  },
						"front left leg upper": { "offsetX": 0.0, "offsetY": 0.0, "offsetZ": 0.0, "rotationX": -45.0, "rotationY": 45.0, "rotationZ": -45.0 },
						"front right leg": { "offsetX": 0.0, "offsetY": 0.0, "offsetZ": 0.0, "rotationX": 45.0, "rotationY": -45.0, "rotationZ": -67.5 },
						"back right leg": { "offsetX": 0.0, "offsetY": 0.0, "offsetZ": 0.0, "rotationX": 22.5, "rotationY": -22.5, "rotationZ": -45.0 },
						"back left leg": { "offsetX": 0.0, "offsetY": 0.0, "offsetZ": 0.0, "rotationX": -22.5, "rotationY": 22.5, "rotationZ": -67.5 }
					}
				},
				{
					"frame": 25,
					"elements": {
						"origin": {  },
						"body": { "rotationX": 0.0, "rotationY": 4.0, "rotationZ": 0.0 },
						"front left leg upper": { "offsetX": 0.0, "offsetY": 0.0, "offsetZ": 0.0, "rotationX": -45.0, "rotationY": 45.0, "rotationZ": -22.5 },
						"front right leg": { "offsetX": 0.0, "offsetY": 0.0, "offsetZ": 0.0, "rotationX": 45.0, "rotationY": -45.0, "rotationZ": -67.5 },
						"back right leg": { "offsetX": 0.0, "offsetY": 0.0, "offsetZ": 0.0, "rotationX": 22.5, "rotationY": -22.5, "rotationZ": -22.5 },
						"back left leg": { "offsetX": 0.0, "offsetY": 0.0, "offsetZ": 0.0, "rotationX": -22.5, "rotationY": 22.5, "rotationZ": -67.5 },
						"tail base": { "offsetX": 0.0, "offsetY": 0.0, "offsetZ": 0.0, "rotationX": 0.0, "rotationY": -6.0, "rotationZ": -14.0 },
						"tail middle": { "offsetX": 0.0, "offsetY": 0.0, "offsetZ": 0.0, "rotationX": 0.0, "rotationY": -7.0, "rotationZ": 0.0 },
						"tail end": { "offsetX": 0.0, "offsetY": 0.0, "offsetZ": 0.0, "rotationX": 0.0, "rotationY": -7.0, "rotationZ": 0.0 }
					}
				},
				{
					"frame": 30,
					"elements": {
						"origin": {  },
						"body": {  },
						"front left leg upper": { "offsetX": 0.0, "offsetY": 0.0, "offsetZ": 0.0, "rotationX": -45.0, "rotationY": 45.0, "rotationZ": -67.5 },
						"front right leg": { "offsetX": 0.0, "offsetY": 0.0, "offsetZ": 0.0, "rotationX": 45.0, "rotationY": -45.0, "rotationZ": -67.5 },
						"back right leg": { "offsetX": 0.0, "offsetY": 0.0, "offsetZ": 0.0, "rotationX": 22.5, "rotationY": -22.5, "rotationZ": -67.5 },
						"back left leg": { "offsetX": 0.0, "offsetY": 0.0, "offsetZ": 0.0, "rotationX": -22.5, "rotationY": 22.5, "rotationZ": -67.5 }
					}
				},
				{
					"frame": 35,
					"elements": {
						"origin": {  },
						"body": { "rotationX": 0.0, "rotationY": -4.0, "rotationZ": 0.0 },
						"front left leg upper": { "offsetX": 0.0, "offsetY": 0.0, "offsetZ": 0.0, "rotationX": -45.0, "rotationY": 45.0, "rotationZ": -67.5 },
						"front right leg": { "offsetX": 0.0, "offsetY": 0.0, "offsetZ": 0.0, "rotationX": 45.0, "rotationY": -45.0, "rotationZ": -112.5 },
						"back right leg": { "offsetX": 0.0, "offsetY": 0.0, "offsetZ": 0.0, "rotationX": 22.5, "rotationY": -22.5, "rotationZ": -67.5 },
						"back left leg": { "offsetX": 0.0, "offsetY": 0.0, "offsetZ": 0.0, "rotationX": -22.5, "rotationY": 22.5, "rotationZ": -112.5 }
					}
				},
				{
					"frame": 40,
					"elements": {
						"origin": {  },
						"body": {  },
						"front left leg upper": { "offsetX": 0.0, "offsetY": 0.0, "offsetZ": 0.0, "rotationX": -45.0, "rotationY": 45.0, "rotationZ": -67.5 },
						"front right leg": { "offsetX": 0.0, "offsetY": 0.0, "offsetZ": 0.0, "rotationX": 45.0, "rotationY": -45.0, "rotationZ": -90.0 },
						"back right leg": { "offsetX": 0.0, "offsetY": 0.0, "offsetZ": 0.0, "rotationX": 22.5, "rotationY": -22.5, "rotationZ": -67.5 },
						"back left leg": { "offsetX": 0.0, "offsetY": 0.0, "offsetZ": 0.0, "rotationX": -22.5, "rotationY": 22.5, "rotationZ": -90.0 }
					}
				},
				{
					"frame": 45,
					"elements": {
						"origin": {  },
						"body": {  },
						"front left leg upper": { "offsetX": 0.0, "offsetY": 0.0, "offsetZ": 0.0, "rotationX": -45.0, "rotationY": 45.0, "rotationZ": -67.5 },
						"front right leg": { "offsetX": 0.0, "offsetY": 0.0, "offsetZ": 0.0, "rotationX": 45.0, "rotationY": -45.0, "rotationZ": -67.5 },
						"back right leg": { "offsetX": 0.0, "offsetY": 0.0, "offsetZ": 0.0, "rotationX": 22.5, "rotationY": -22.5, "rotationZ": -67.5 },
						"back left leg": { "offsetX": 0.0, "offsetY": 0.0, "offsetZ": 0.0, "rotationX": -22.5, "rotationY": 22.5, "rotationZ": -67.5 }
					}
				},
				{
					"frame": 50,
					"elements": {
						"origin": {  },
						"body": {  },
						"front left leg upper": { "offsetX": 0.0, "offsetY": 0.0, "offsetZ": 0.0, "rotationX": -45.0, "rotationY": 45.0, "rotationZ": -67.5 },
						"front right leg": { "offsetX": 0.0, "offsetY": 0.0, "offsetZ": 0.0, "rotationX": 45.0, "rotationY": -45.0, "rotationZ": -45.0 },
						"back right leg": { "offsetX": 0.0, "offsetY": 0.0, "offsetZ": 0.0, "rotationX": 22.5, "rotationY": -22.5, "rotationZ": -67.5 },
						"back left leg": { "offsetX": 0.0, "offsetY": 0.0, "offsetZ": 0.0, "rotationX": -22.5, "rotationY": 22.5, "rotationZ": -45.0 }
					}
				},
				{
					"frame": 55,
					"elements": {
						"origin": {  },
						"body": { "rotationX": 0.0, "rotationY": 4.0, "rotationZ": 0.0 },
						"front left leg upper": { "offsetX": 0.0, "offsetY": 0.0, "offsetZ": 0.0, "rotationX": -45.0, "rotationY": 45.0, "rotationZ": -67.5 },
						"front right leg": { "offsetX": 0.0, "offsetY": 0.0, "offsetZ": 0.0, "rotationX": 45.0, "rotationY": -45.0, "rotationZ": -22.5 },
						"back right leg": { "offsetX": 0.0, "offsetY": 0.0, "offsetZ": 0.0, "rotationX": 22.5, "rotationY": -22.5, "rotationZ": -67.5 },
						"back left leg": { "offsetX": 0.0, "offsetY": 0.0, "offsetZ": 0.0, "rotationX": -22.5, "rotationY": 22.5, "rotationZ": -22.5 }
					}
				}
			]
		},

		{
			"name": "Death",
			"code": "death",
			"quantityframes": 5,
			"onActivityStopped": "PlayTillEnd",
			"onAnimationEnd": "Hold",
			"keyframes": [
				{
					"frame": 0,
					"elements": {
						"origin": {  },
						"body": {  },
						"neck": {  },
						"lower jaw": {  },
						"upper jaw": {  },
						"left eye": { "offsetX": 0.0, "offsetY": 0.0, "offsetZ": 0.0 },
						"right eye": { "offsetX": 0.0, "offsetY": 0.0, "offsetZ": 0.0 },
						"front right leg": { "offsetX": 0.0, "offsetY": 0.0, "offsetZ": 0.0, "rotationX": 0.0, "rotationY": 0.0, "rotationZ": 0.0 },
						"front left leg upper": { "offsetX": 0.0, "offsetY": 0.0, "offsetZ": 0.0, "rotationX": 0.0, "rotationY": 0.0, "rotationZ": 0.0 },
						"back left leg": { "offsetX": 0.0, "offsetY": 0.0, "offsetZ": 0.0, "rotationX": 0.0, "rotationY": 0.0, "rotationZ": 0.0 },
						"back right leg": { "offsetX": 0.0, "offsetY": 0.0, "offsetZ": 0.0, "rotationX": 0.0, "rotationY": 0.0, "rotationZ": 0.0 }
					}
				},
				{
					"frame": 4,
					"elements": {
						"origin": {  },
						"body": {  },
						"neck": {  },
						"lower jaw": {  },
						"upper jaw": {  },
						"left eye": { "offsetX": 0.0, "offsetY": -1.2, "offsetZ": 0.0 },
						"right eye": { "offsetX": 0.0, "offsetY": -1.2, "offsetZ": 0.0 },
						"front right leg": { "offsetX": 0.0, "offsetY": 0.0, "offsetZ": 0.0, "rotationX": 0.0, "rotationY": 0.0, "rotationZ": 22.5 },
						"back right leg": { "offsetX": 0.0, "offsetY": 0.0, "offsetZ": 0.0, "rotationX": 0.0, "rotationY": 0.0, "rotationZ": 22.5 },
						"front left leg upper": { "offsetX": 0.0, "offsetY": 0.0, "offsetZ": 0.0, "rotationX": 0.0, "rotationY": 0.0, "rotationZ": 22.5 },
						"back left leg": { "offsetX": 0.0, "offsetY": 0.0, "offsetZ": 0.0, "rotationX": 0.0, "rotationY": 0.0, "rotationZ": 22.5 }
					}
				}
			]
		}
	]
}