{
	"editor": {
		"allAngles": true,
		"entityTextureMode": false
	},
	"textureWidth": 16,
	"textureHeight": 16,
	"textureSizes": {
	},
	"textures": {
		"flamejelly": "flamejelly"
	},
	"elements": [
		{
			"name": "body",
			"from": [ 4.0, 11.0, 4.0 ], 
			"to": [ 12.0, 15.0, 12.0 ], 
			"rotationOrigin": [ 8.0, 11.0, 8.0 ],
			"rotationY": -180.0,
			"faces": {
				"north": { "texture": "#flamejelly", "uv": [ 2.62, 4.5, 4.12, 6.0 ], "glow": 60, "autoUv": false, "windMode": [-1,-1,-1,-1] },
				"east": { "texture": "#flamejelly", "uv": [ 2.62, 4.5, 4.0, 6.0 ], "glow": 60, "autoUv": false, "windMode": [-1,-1,-1,-1] },
				"south": { "texture": "#flamejelly", "uv": [ 3.88, 2.5, 5.38, 4.0 ], "glow": 60, "autoUv": false, "windMode": [-1,-1,-1,-1] },
				"west": { "texture": "#flamejelly", "uv": [ 2.38, 5.0, 4.0, 6.5 ], "glow": 60, "autoUv": false, "windMode": [-1,-1,-1,-1] },
				"up": { "texture": "#flamejelly", "uv": [ 2.62, 0.0, 4.12, 6.5 ], "glow": 60, "autoUv": false, "windMode": [-1,-1,-1,-1] },
				"down": { "texture": "#flamejelly", "uv": [ 3.75, 0.0, 5.25, 6.5 ], "glow": 60, "enabled": false, "autoUv": false, "windMode": [-1,-1,-1,-1] }
			},
			"children": [
				{
					"name": "body top",
					"from": [ 1.0, 3.6, 1.0 ], 
					"to": [ 7.0, 4.6, 7.0 ], 
					"rotationOrigin": [ 1.0, 3.6, 1.0 ],
					"faces": {
						"north": { "texture": "#flamejelly", "uv": [ 8.25, 5.0, 9.5, 6.0 ], "glow": 60, "autoUv": false, "windMode": [-1,-1,-1,-1] },
						"east": { "texture": "#flamejelly", "uv": [ 8.25, 4.0, 9.38, 5.0 ], "glow": 60, "autoUv": false, "windMode": [-1,-1,-1,-1] },
						"south": { "texture": "#flamejelly", "uv": [ 8.62, 3.5, 9.88, 4.5 ], "glow": 60, "autoUv": false, "windMode": [-1,-1,-1,-1] },
						"west": { "texture": "#flamejelly", "uv": [ 6.0, 4.0, 7.12, 5.0 ], "glow": 60, "autoUv": false, "windMode": [-1,-1,-1,-1] },
						"up": { "texture": "#flamejelly", "uv": [ 6.0, 1.0, 12.0, 7.0 ], "glow": 60, "windMode": [-1,-1,-1,-1] },
						"down": { "texture": "#flamejelly", "uv": [ 0.0, 0.0, 6.0, 6.0 ], "glow": 60, "enabled": false, "windMode": [-1,-1,-1,-1] }
					},
					"children": [
						{
							"name": "body top 2",
							"from": [ 1.0, 0.5, 1.0 ], 
							"to": [ 5.0, 1.5, 5.0 ], 
							"rotationOrigin": [ 1.0, 0.5, 1.0 ],
							"faces": {
								"north": { "texture": "#flamejelly", "uv": [ 8.25, 5.0, 9.5, 6.0 ], "glow": 60, "autoUv": false, "windMode": [-1,-1,-1,-1], "windData": [0,1,1,0] },
								"east": { "texture": "#flamejelly", "uv": [ 8.25, 4.0, 9.38, 5.0 ], "glow": 60, "autoUv": false, "windMode": [-1,-1,-1,-1], "windData": [0,1,1,0] },
								"south": { "texture": "#flamejelly", "uv": [ 8.62, 3.5, 9.88, 4.5 ], "glow": 60, "autoUv": false, "windMode": [-1,-1,-1,-1], "windData": [0,0,1,1] },
								"west": { "texture": "#flamejelly", "uv": [ 6.0, 4.0, 7.12, 5.0 ], "glow": 60, "autoUv": false, "windMode": [-1,-1,-1,-1], "windData": [0,0,1,1] },
								"up": { "texture": "#flamejelly", "uv": [ 6.0, 1.0, 10.0, 5.0 ], "glow": 60, "windMode": [-1,-1,-1,-1], "windData": [1,1,1,1] },
								"down": { "texture": "#flamejelly", "uv": [ 0.0, 0.0, 4.0, 4.0 ], "glow": 60, "enabled": false, "windMode": [-1,-1,-1,-1] }
							}
						}
					]
				},
				{
					"name": "body bottom",
					"from": [ 2.5, -4.0, 2.5 ], 
					"to": [ 5.5, 3.5, 5.5 ], 
					"rotationOrigin": [ 4.0, 3.5, 4.0 ],
					"faces": {
						"north": { "texture": "#flamejelly", "uv": [ 8.25, 5.0, 9.5, 6.0 ], "glow": 120, "autoUv": false },
						"east": { "texture": "#flamejelly", "uv": [ 8.25, 4.0, 9.38, 5.0 ], "glow": 120, "autoUv": false, "windMode": [-1,-1,-1,-1] },
						"south": { "texture": "#flamejelly", "uv": [ 8.62, 3.5, 9.88, 4.5 ], "glow": 120, "autoUv": false, "windMode": [-1,-1,-1,-1] },
						"west": { "texture": "#flamejelly", "uv": [ 6.0, 4.0, 7.12, 5.0 ], "glow": 120, "autoUv": false, "windMode": [-1,-1,-1,-1] },
						"up": { "texture": "#flamejelly", "uv": [ 6.0, 1.0, 9.0, 4.0 ], "enabled": false, "windMode": [-1,-1,-1,-1] },
						"down": { "texture": "#flamejelly", "uv": [ 6.0, 1.0, 9.0, 4.0 ], "glow": 120, "windMode": [-1,-1,-1,-1] }
					},
					"children": [
						{
							"name": "TentopNW",
							"from": [ -0.5, -2.0, -0.5 ], 
							"to": [ 0.5, 1.0, 0.5 ], 
							"rotationOrigin": [ 0.5, 1.0, 0.5 ],
							"faces": {
								"north": { "texture": "#flamejelly", "uv": [ 4.38, 8.0, 5.38, 11.0 ], "glow": 160, "autoUv": false, "windMode": [-1,-1,-1,-1] },
								"east": { "texture": "#flamejelly", "uv": [ 9.88, 7.0, 11.0, 10.0 ], "glow": 160, "autoUv": false, "windMode": [-1,-1,-1,-1] },
								"south": { "texture": "#flamejelly", "uv": [ 5.75, 7.5, 6.88, 10.5 ], "glow": 160, "autoUv": false, "windMode": [-1,-1,-1,-1] },
								"west": { "texture": "#flamejelly", "uv": [ 5.38, 8.0, 6.5, 11.0 ], "glow": 160, "autoUv": false, "windMode": [-1,-1,-1,-1] },
								"up": { "texture": "#flamejelly", "uv": [ 4.5, 7.0, 5.5, 8.0 ], "glow": 160, "windMode": [-1,-1,-1,-1] },
								"down": { "texture": "#flamejelly", "uv": [ 5.62, 8.0, 6.88, 9.0 ], "glow": 160, "autoUv": false, "windMode": [-1,-1,-1,-1] }
							},
							"children": [
								{
									"name": "TenbottomNW",
									"from": [ 0.25, -5.0, 0.25 ], 
									"to": [ 0.75, 0.5, 0.75 ], 
									"rotationOrigin": [ 0.5, 0.5, 0.5 ],
									"faces": {
										"north": { "texture": "#flamejelly", "uv": [ 5.88, 12.0, 6.88, 15.0 ], "glow": 60, "autoUv": false, "windMode": [-1,-1,-1,-1] },
										"east": { "texture": "#flamejelly", "uv": [ 8.38, 12.0, 9.5, 15.0 ], "glow": 60, "autoUv": false, "windMode": [-1,-1,-1,-1] },
										"south": { "texture": "#flamejelly", "uv": [ 6.75, 12.0, 7.88, 15.0 ], "glow": 60, "autoUv": false, "windMode": [-1,-1,-1,-1] },
										"west": { "texture": "#flamejelly", "uv": [ 3.88, 12.0, 5.0, 15.0 ], "glow": 60, "autoUv": false, "windMode": [-1,-1,-1,-1] },
										"up": { "texture": "#flamejelly", "uv": [ 3.5, 12.0, 4.0, 12.5 ], "glow": 60, "enabled": false, "windMode": [-1,-1,-1,-1] },
										"down": { "texture": "#flamejelly", "uv": [ 3.5, 12.0, 4.0, 12.5 ], "glow": 60, "windMode": [-1,-1,-1,-1] }
									}
								}
							]
						},
						{
							"name": "TentopNE",
							"from": [ 2.5, -2.0, -0.5 ], 
							"to": [ 3.5, 1.0, 0.5 ], 
							"rotationOrigin": [ 2.5, 1.0, 0.5 ],
							"faces": {
								"north": { "texture": "#flamejelly", "uv": [ 3.0, 8.5, 4.0, 11.5 ], "glow": 160, "windMode": [-1,-1,-1,-1] },
								"east": { "texture": "#flamejelly", "uv": [ 4.0, 8.5, 5.0, 11.5 ], "glow": 160, "windMode": [-1,-1,-1,-1] },
								"south": { "texture": "#flamejelly", "uv": [ 4.88, 8.0, 6.0, 11.0 ], "glow": 160, "autoUv": false, "windMode": [-1,-1,-1,-1] },
								"west": { "texture": "#flamejelly", "uv": [ 5.0, 8.5, 6.0, 11.5 ], "glow": 160, "windMode": [-1,-1,-1,-1] },
								"up": { "texture": "#flamejelly", "uv": [ 3.0, 7.5, 4.0, 8.5 ], "glow": 160, "windMode": [-1,-1,-1,-1] },
								"down": { "texture": "#flamejelly", "uv": [ 3.0, 9.5, 4.12, 10.5 ], "glow": 160, "autoUv": false, "windMode": [-1,-1,-1,-1] }
							},
							"children": [
								{
									"name": "TenbottomNE",
									"from": [ 0.25, -5.0, 0.35 ], 
									"to": [ 0.75, 0.5, 0.85 ], 
									"rotationOrigin": [ 0.5, 0.5, 0.6 ],
									"faces": {
										"north": { "texture": "#flamejelly", "uv": [ 5.88, 12.0, 6.88, 15.0 ], "glow": 60, "autoUv": false, "windMode": [-1,-1,-1,-1] },
										"east": { "texture": "#flamejelly", "uv": [ 8.38, 12.0, 9.5, 15.0 ], "glow": 60, "autoUv": false, "windMode": [-1,-1,-1,-1] },
										"south": { "texture": "#flamejelly", "uv": [ 6.75, 12.0, 7.88, 15.0 ], "glow": 60, "autoUv": false, "windMode": [-1,-1,-1,-1] },
										"west": { "texture": "#flamejelly", "uv": [ 3.88, 12.0, 5.0, 15.0 ], "glow": 60, "autoUv": false, "windMode": [-1,-1,-1,-1] },
										"up": { "texture": "#flamejelly", "uv": [ 3.5, 12.0, 4.0, 12.5 ], "enabled": false, "windMode": [-1,-1,-1,-1] },
										"down": { "texture": "#flamejelly", "uv": [ 4.0, 12.0, 4.5, 12.5 ], "glow": 60, "windMode": [-1,-1,-1,-1] }
									}
								}
							]
						},
						{
							"name": "TentopSE",
							"from": [ 2.5, -2.0, 2.5 ], 
							"to": [ 3.5, 1.0, 3.5 ], 
							"rotationOrigin": [ 2.5, 1.0, 2.5 ],
							"faces": {
								"north": { "texture": "#flamejelly", "uv": [ 5.0, 8.5, 6.0, 11.5 ], "glow": 160, "windMode": [-1,-1,-1,-1] },
								"east": { "texture": "#flamejelly", "uv": [ 6.0, 8.5, 7.0, 11.5 ], "glow": 160, "windMode": [-1,-1,-1,-1] },
								"south": { "texture": "#flamejelly", "uv": [ 7.0, 8.5, 8.0, 11.5 ], "glow": 160, "windMode": [-1,-1,-1,-1] },
								"west": { "texture": "#flamejelly", "uv": [ 8.0, 8.5, 9.0, 11.5 ], "glow": 160, "windMode": [-1,-1,-1,-1] },
								"up": { "texture": "#flamejelly", "uv": [ 5.0, 7.5, 6.0, 8.5 ], "glow": 160, "windMode": [-1,-1,-1,-1] },
								"down": { "texture": "#flamejelly", "uv": [ 6.0, 7.5, 7.0, 8.5 ], "glow": 160, "windMode": [-1,-1,-1,-1] }
							},
							"children": [
								{
									"name": "TenbottomSE",
									"from": [ 0.25, -5.0, 0.25 ], 
									"to": [ 0.75, 0.5, 0.75 ], 
									"rotationOrigin": [ 0.5, 0.5, 0.5 ],
									"faces": {
										"north": { "texture": "#flamejelly", "uv": [ 5.88, 12.0, 6.88, 15.0 ], "glow": 60, "autoUv": false, "windMode": [-1,-1,-1,-1] },
										"east": { "texture": "#flamejelly", "uv": [ 8.38, 12.0, 9.5, 15.0 ], "glow": 60, "autoUv": false, "windMode": [-1,-1,-1,-1] },
										"south": { "texture": "#flamejelly", "uv": [ 6.75, 12.0, 7.875, 15.0 ], "glow": 60, "autoUv": false },
										"west": { "texture": "#flamejelly", "uv": [ 3.88, 12.0, 5.0, 15.0 ], "glow": 60, "autoUv": false, "windMode": [-1,-1,-1,-1] },
										"up": { "texture": "#flamejelly", "uv": [ 3.5, 12.0, 4.0, 12.5 ], "enabled": false, "windMode": [-1,-1,-1,-1] },
										"down": { "texture": "#flamejelly", "uv": [ 4.0, 12.0, 4.5, 12.5 ], "glow": 60, "windMode": [-1,-1,-1,-1] }
									}
								}
							]
						},
						{
							"name": "TentopSW",
							"from": [ -0.5, -2.0, 2.5 ], 
							"to": [ 0.5, 1.0, 3.5 ], 
							"rotationOrigin": [ 0.5, 1.0, 2.5 ],
							"faces": {
								"north": { "texture": "#flamejelly", "uv": [ 2.5, 8.5, 3.5, 11.5 ], "glow": 160, "windMode": [-1,-1,-1,-1] },
								"east": { "texture": "#flamejelly", "uv": [ 3.5, 8.5, 4.5, 11.5 ], "glow": 160, "windMode": [-1,-1,-1,-1] },
								"south": { "texture": "#flamejelly", "uv": [ 4.5, 8.5, 5.5, 11.5 ], "glow": 160, "windMode": [-1,-1,-1,-1] },
								"west": { "texture": "#flamejelly", "uv": [ 5.5, 8.5, 6.5, 11.5 ], "glow": 160, "windMode": [-1,-1,-1,-1] },
								"up": { "texture": "#flamejelly", "uv": [ 2.5, 7.5, 3.5, 8.5 ], "glow": 160, "windMode": [-1,-1,-1,-1] },
								"down": { "texture": "#flamejelly", "uv": [ 3.5, 7.5, 4.5, 8.5 ], "glow": 160, "windMode": [-1,-1,-1,-1] }
							},
							"children": [
								{
									"name": "TenbottomSW",
									"from": [ 0.25, -5.0, 0.25 ], 
									"to": [ 0.75, 0.5, 0.75 ], 
									"rotationOrigin": [ 0.5, 0.5, 0.5 ],
									"faces": {
										"north": { "texture": "#flamejelly", "uv": [ 5.88, 12.0, 6.88, 15.0 ], "glow": 60, "autoUv": false, "windMode": [-1,-1,-1,-1] },
										"east": { "texture": "#flamejelly", "uv": [ 8.38, 12.0, 9.5, 15.0 ], "glow": 60, "autoUv": false, "windMode": [-1,-1,-1,-1] },
										"south": { "texture": "#flamejelly", "uv": [ 6.75, 12.0, 7.88, 15.0 ], "glow": 60, "autoUv": false, "windMode": [-1,-1,-1,-1] },
										"west": { "texture": "#flamejelly", "uv": [ 3.88, 12.0, 5.0, 15.0 ], "glow": 60, "autoUv": false, "windMode": [-1,-1,-1,-1] },
										"up": { "texture": "#flamejelly", "uv": [ 3.5, 12.0, 4.0, 12.5 ], "enabled": false, "windMode": [-1,-1,-1,-1] },
										"down": { "texture": "#flamejelly", "uv": [ 4.0, 12.0, 4.5, 12.5 ], "glow": 60, "windMode": [-1,-1,-1,-1] }
									}
								}
							]
						},
						{
							"name": "TentopS",
							"from": [ 1.0, -2.0, 2.5 ], 
							"to": [ 2.0, 1.0, 3.5 ], 
							"rotationOrigin": [ 1.5, 1.0, 2.5 ],
							"faces": {
								"north": { "texture": "#flamejelly", "uv": [ 3.5, 8.5, 4.5, 11.5 ], "glow": 160, "windMode": [-1,-1,-1,-1] },
								"east": { "texture": "#flamejelly", "uv": [ 4.5, 8.5, 5.5, 11.5 ], "glow": 160, "windMode": [-1,-1,-1,-1] },
								"south": { "texture": "#flamejelly", "uv": [ 5.5, 8.5, 6.5, 11.5 ], "glow": 160, "windMode": [-1,-1,-1,-1] },
								"west": { "texture": "#flamejelly", "uv": [ 6.5, 8.5, 7.5, 11.5 ], "glow": 160, "windMode": [-1,-1,-1,-1] },
								"up": { "texture": "#flamejelly", "uv": [ 3.5, 7.5, 4.5, 8.5 ], "glow": 160, "windMode": [-1,-1,-1,-1] },
								"down": { "texture": "#flamejelly", "uv": [ 4.5, 7.5, 5.5, 8.5 ], "glow": 160, "windMode": [-1,-1,-1,-1] }
							},
							"children": [
								{
									"name": "TenbottomS",
									"from": [ 0.25, -5.0, 0.25 ], 
									"to": [ 0.75, 0.5, 0.75 ], 
									"rotationOrigin": [ 0.5, 0.5, 0.5 ],
									"faces": {
										"north": { "texture": "#flamejelly", "uv": [ 5.88, 12.0, 6.88, 15.0 ], "glow": 60, "autoUv": false, "windMode": [-1,-1,-1,-1] },
										"east": { "texture": "#flamejelly", "uv": [ 8.38, 12.0, 9.5, 15.0 ], "glow": 60, "autoUv": false, "windMode": [-1,-1,-1,-1] },
										"south": { "texture": "#flamejelly", "uv": [ 6.75, 12.0, 7.88, 15.0 ], "glow": 60, "autoUv": false, "windMode": [-1,-1,-1,-1] },
										"west": { "texture": "#flamejelly", "uv": [ 3.88, 12.0, 5.0, 15.0 ], "glow": 60, "autoUv": false, "windMode": [-1,-1,-1,-1] },
										"up": { "texture": "#flamejelly", "uv": [ 3.5, 12.0, 4.0, 12.5 ], "enabled": false, "windMode": [-1,-1,-1,-1] },
										"down": { "texture": "#flamejelly", "uv": [ 3.5, 12.0, 4.0, 12.5 ], "glow": 60, "windMode": [-1,-1,-1,-1] }
									}
								}
							]
						},
						{
							"name": "TentopN",
							"from": [ 1.0, -2.0, -0.5 ], 
							"to": [ 2.0, 1.0, 0.5 ], 
							"rotationOrigin": [ 1.5, 1.0, 0.5 ],
							"faces": {
								"north": { "texture": "#flamejelly", "uv": [ 4.0, 8.5, 5.0, 11.5 ], "glow": 160 },
								"east": { "texture": "#flamejelly", "uv": [ 8.62, 8.0, 9.75, 11.0 ], "glow": 160, "autoUv": false, "windMode": [-1,-1,-1,-1] },
								"south": { "texture": "#flamejelly", "uv": [ 8.38, 8.0, 9.5, 11.0 ], "glow": 160, "autoUv": false, "windMode": [-1,-1,-1,-1] },
								"west": { "texture": "#flamejelly", "uv": [ 9.88, 7.5, 11.0, 10.5 ], "glow": 160, "autoUv": false, "windMode": [-1,-1,-1,-1] },
								"up": { "texture": "#flamejelly", "uv": [ 4.0, 7.5, 5.0, 8.5 ], "glow": 160, "windMode": [-1,-1,-1,-1] },
								"down": { "texture": "#flamejelly", "uv": [ 7.5, 8.5, 8.62, 9.5 ], "glow": 160, "autoUv": false, "windMode": [-1,-1,-1,-1] }
							},
							"children": [
								{
									"name": "TenbottomN",
									"from": [ 0.25, -5.0, 0.35 ], 
									"to": [ 0.75, 0.5, 0.85 ], 
									"rotationOrigin": [ 0.5, 0.5, 0.6 ],
									"faces": {
										"north": { "texture": "#flamejelly", "uv": [ 5.875, 12.0, 6.875, 15.0 ], "glow": 60, "autoUv": false },
										"east": { "texture": "#flamejelly", "uv": [ 8.38, 12.0, 9.5, 15.0 ], "glow": 60, "autoUv": false, "windMode": [-1,-1,-1,-1] },
										"south": { "texture": "#flamejelly", "uv": [ 6.75, 12.0, 7.88, 15.0 ], "glow": 60, "autoUv": false, "windMode": [-1,-1,-1,-1] },
										"west": { "texture": "#flamejelly", "uv": [ 3.875, 12.0, 5.0, 15.0 ], "autoUv": false },
										"up": { "texture": "#flamejelly", "uv": [ 3.5, 12.0, 4.0, 12.5 ], "enabled": false, "windMode": [-1,-1,-1,-1] },
										"down": { "texture": "#flamejelly", "uv": [ 4.0, 12.0, 4.5, 12.5 ], "glow": 60, "windMode": [-1,-1,-1,-1] }
									}
								}
							]
						},
						{
							"name": "TentopE",
							"from": [ 2.5, -2.0, 1.0 ], 
							"to": [ 3.5, 1.0, 2.0 ], 
							"rotationOrigin": [ 2.5, 1.0, 1.5 ],
							"faces": {
								"north": { "texture": "#flamejelly", "uv": [ 4.5, 8.0, 5.5, 11.0 ], "glow": 160, "windMode": [-1,-1,-1,-1] },
								"east": { "texture": "#flamejelly", "uv": [ 5.5, 8.0, 6.5, 11.0 ], "glow": 160, "windMode": [-1,-1,-1,-1] },
								"south": { "texture": "#flamejelly", "uv": [ 6.5, 8.0, 7.5, 11.0 ], "glow": 160, "windMode": [-1,-1,-1,-1] },
								"west": { "texture": "#flamejelly", "uv": [ 7.5, 8.0, 8.5, 11.0 ], "glow": 160, "windMode": [-1,-1,-1,-1] },
								"up": { "texture": "#flamejelly", "uv": [ 4.5, 7.0, 5.5, 8.0 ], "glow": 160, "windMode": [-1,-1,-1,-1] },
								"down": { "texture": "#flamejelly", "uv": [ 5.5, 7.0, 6.5, 8.0 ], "glow": 160, "windMode": [-1,-1,-1,-1] }
							},
							"children": [
								{
									"name": "TenbottomE",
									"from": [ 0.25, -5.0, 0.25 ], 
									"to": [ 0.75, 0.5, 0.75 ], 
									"rotationOrigin": [ 0.5, 0.5, 0.5 ],
									"faces": {
										"north": { "texture": "#flamejelly", "uv": [ 5.88, 12.0, 6.88, 15.0 ], "glow": 60, "autoUv": false, "windMode": [-1,-1,-1,-1] },
										"east": { "texture": "#flamejelly", "uv": [ 8.38, 12.0, 9.5, 15.0 ], "glow": 60, "autoUv": false, "windMode": [-1,-1,-1,-1] },
										"south": { "texture": "#flamejelly", "uv": [ 6.75, 12.0, 7.875, 15.0 ], "autoUv": false },
										"west": { "texture": "#flamejelly", "uv": [ 3.88, 12.0, 5.0, 15.0 ], "glow": 60, "autoUv": false, "windMode": [-1,-1,-1,-1] },
										"up": { "texture": "#flamejelly", "uv": [ 3.5, 12.0, 4.0, 12.5 ], "enabled": false, "windMode": [-1,-1,-1,-1] },
										"down": { "texture": "#flamejelly", "uv": [ 3.5, 12.0, 4.0, 12.5 ], "glow": 60, "windMode": [-1,-1,-1,-1] }
									}
								}
							]
						},
						{
							"name": "TentopW",
							"from": [ -0.5, -2.0, 1.0 ], 
							"to": [ 0.5, 1.0, 2.0 ], 
							"rotationOrigin": [ 0.6, 1.0, 1.5 ],
							"faces": {
								"north": { "texture": "#flamejelly", "uv": [ 2.0, 8.5, 3.0, 11.5 ], "glow": 160, "windMode": [-1,-1,-1,-1] },
								"east": { "texture": "#flamejelly", "uv": [ 3.0, 8.5, 4.0, 11.5 ], "glow": 160, "windMode": [-1,-1,-1,-1] },
								"south": { "texture": "#flamejelly", "uv": [ 4.0, 8.5, 5.0, 11.5 ], "glow": 160, "windMode": [-1,-1,-1,-1] },
								"west": { "texture": "#flamejelly", "uv": [ 5.0, 8.5, 6.0, 11.5 ], "glow": 160, "windMode": [-1,-1,-1,-1] },
								"up": { "texture": "#flamejelly", "uv": [ 2.0, 7.5, 3.0, 8.5 ], "glow": 160, "windMode": [-1,-1,-1,-1] },
								"down": { "texture": "#flamejelly", "uv": [ 3.0, 7.5, 4.0, 8.5 ], "glow": 160, "windMode": [-1,-1,-1,-1] }
							},
							"children": [
								{
									"name": "TenbottomW",
									"from": [ 0.25, -5.0, 0.25 ], 
									"to": [ 0.75, 0.5, 0.75 ], 
									"rotationOrigin": [ 0.5, 0.5, 0.5 ],
									"faces": {
										"north": { "texture": "#flamejelly", "uv": [ 5.88, 12.0, 6.88, 15.0 ], "glow": 60, "autoUv": false, "windMode": [-1,-1,-1,-1] },
										"east": { "texture": "#flamejelly", "uv": [ 8.38, 12.0, 9.5, 15.0 ], "glow": 60, "autoUv": false, "windMode": [-1,-1,-1,-1] },
										"south": { "texture": "#flamejelly", "uv": [ 6.75, 12.0, 7.88, 15.0 ], "glow": 60, "autoUv": false, "windMode": [-1,-1,-1,-1] },
										"west": { "texture": "#flamejelly", "uv": [ 3.88, 12.0, 5.0, 15.0 ], "glow": 60, "autoUv": false, "windMode": [-1,-1,-1,-1] },
										"up": { "texture": "#flamejelly", "uv": [ 3.5, 12.0, 4.0, 12.5 ], "glow": 60, "windMode": [-1,-1,-1,-1] },
										"down": { "texture": "#flamejelly", "uv": [ 4.0, 12.0, 4.5, 12.5 ], "glow": 60, "windMode": [-1,-1,-1,-1] }
									}
								}
							]
						}
					]
				},
				{
					"name": "body movement",
					"from": [ 0.02, 0.0, 0.02 ], 
					"to": [ 7.99, 4.0, 7.99 ], 
					"rotationOrigin": [ 0.1, 0.0, 0.0 ],
					"faces": {
						"north": { "texture": "#flamejelly", "uv": [ 2.62, 4.5, 4.12, 6.0 ], "glow": 60, "autoUv": false, "windMode": [-1,-1,-1,-1] },
						"east": { "texture": "#flamejelly", "uv": [ 2.62, 4.5, 4.0, 6.0 ], "glow": 60, "autoUv": false, "windMode": [-1,-1,-1,-1] },
						"south": { "texture": "#flamejelly", "uv": [ 3.88, 2.5, 5.38, 4.0 ], "glow": 60, "autoUv": false, "windMode": [-1,-1,-1,-1] },
						"west": { "texture": "#flamejelly", "uv": [ 2.38, 5.0, 4.0, 6.5 ], "glow": 60, "autoUv": false, "windMode": [-1,-1,-1,-1] },
						"up": { "texture": "#flamejelly", "uv": [ 2.62, 0.0, 4.12, 6.5 ], "enabled": false, "autoUv": false, "windMode": [-1,-1,-1,-1] },
						"down": { "texture": "#flamejelly", "uv": [ 3.75, 0.0, 5.25, 6.5 ], "enabled": false, "autoUv": false, "windMode": [-1,-1,-1,-1] }
					}
				}
			]
		}
	],
	"animations": [
		{
			"name": "Idle",
			"code": "idle",
			"quantityframes": 30,
			"onActivityStopped": "Rewind",
			"onAnimationEnd": "Repeat",
			"keyframes": [
				{
					"frame": 14,
					"elements": {
						"body": {  },
						"body top": { "offsetX": 0.0, "offsetY": -0.3, "offsetZ": 0.0 },
						"body top 2": { "offsetX": 0.0, "offsetY": 0.0, "offsetZ": 0.0 },
						"body bottom": {  },
						"TentopNW": { "rotationX": 5.0, "rotationY": 0.0, "rotationZ": -5.0 },
						"TentopSE": { "rotationX": -5.0, "rotationY": 0.0, "rotationZ": 5.0 },
						"TentopNE": { "rotationX": 5.0, "rotationY": 0.0, "rotationZ": 5.0 },
						"TentopSW": { "rotationX": -5.0, "rotationY": 0.0, "rotationZ": -5.0 },
						"TentopS": { "rotationX": -5.0, "rotationY": 0.0, "rotationZ": 0.0 },
						"TentopN": { "rotationX": 5.0, "rotationY": 0.0, "rotationZ": 0.0 },
						"TentopE": { "rotationX": 0.0, "rotationY": 0.0, "rotationZ": 5.0 },
						"TentopW": { "rotationX": 0.0, "rotationY": 0.0, "rotationZ": -5.0 },
						"body movement": { "offsetX": 0.0, "offsetY": 0.0, "offsetZ": 0.0 }
					}
				},
				{
					"frame": 29,
					"elements": {
						"body": {  },
						"body bottom": {  },
						"TentopNW": { "rotationX": 0.0, "rotationY": 0.0, "rotationZ": 0.0 },
						"TentopNE": { "rotationX": 0.0, "rotationY": 0.0, "rotationZ": 0.0 },
						"TentopSE": { "rotationX": 0.0, "rotationY": 0.0, "rotationZ": 0.0 },
						"TentopSW": { "rotationX": 0.0, "rotationY": 0.0, "rotationZ": 0.0 },
						"TentopS": { "rotationX": 0.0, "rotationY": 0.0, "rotationZ": 0.0 },
						"TentopN": { "rotationX": 0.0, "rotationY": 0.0, "rotationZ": 0.0 },
						"TentopE": { "rotationX": 0.0, "rotationY": 0.0, "rotationZ": 0.0 },
						"TentopW": { "rotationX": 0.0, "rotationY": 0.0, "rotationZ": 0.0 },
						"body top": { "offsetX": 0.0, "offsetY": 0.2, "offsetZ": 0.0 },
						"body top 2": { "offsetX": 0.0, "offsetY": 0.2, "offsetZ": 0.0 },
						"body movement": { "offsetX": 0.0, "offsetY": -1.0, "offsetZ": 0.0 }
					}
				}
			]
		},

		{
			"name": "Swim",
			"code": "swim",
			"quantityframes": 30,
			"onActivityStopped": "PlayTillEnd",
			"onAnimationEnd": "Repeat",
			"keyframes": [
				{
					"frame": 0,
					"elements": {
						"body": { "offsetX": 0.0, "offsetY": 0.0, "offsetZ": 0.0, "rotationX": 0.0, "rotationY": 0.0, "rotationZ": -90.0 },
						"body bottom": {  },
						"TentopNW": { "offsetX": 0.0, "offsetY": 0.0, "offsetZ": 0.0, "rotationX": -7.0, "rotationY": 0.0, "rotationZ": 7.0 },
						"TentopW": { "offsetX": 0.0, "offsetY": 0.0, "offsetZ": 0.0, "rotationX": 0.0, "rotationY": 0.0, "rotationZ": 7.0 },
						"TentopSW": { "offsetX": 0.0, "offsetY": 0.0, "offsetZ": 0.0, "rotationX": 7.0, "rotationY": 0.0, "rotationZ": 7.0 },
						"TentopS": { "offsetX": 0.0, "offsetY": 0.0, "offsetZ": 0.0, "rotationX": 7.0, "rotationY": 0.0, "rotationZ": 0.0 },
						"TentopSE": { "offsetX": 0.0, "offsetY": 0.0, "offsetZ": 0.0, "rotationX": 7.0, "rotationY": 0.0, "rotationZ": -7.0 },
						"TentopE": { "offsetX": 0.0, "offsetY": 0.0, "offsetZ": 0.0, "rotationX": 0.0, "rotationY": 0.0, "rotationZ": -7.0 },
						"TentopNE": { "offsetX": 0.0, "offsetY": 0.0, "offsetZ": 0.0, "rotationX": -6.0, "rotationY": 0.0, "rotationZ": -7.0 },
						"TentopN": { "offsetX": 0.0, "offsetY": 0.0, "offsetZ": 0.0, "rotationX": -6.0, "rotationY": 0.0, "rotationZ": 0.0 },
						"body movement": { "offsetX": 0.0, "offsetY": 0.0, "offsetZ": 0.0, "rotationX": 0.0, "rotationY": 0.0, "rotationZ": 0.0 },
						"body top": { "offsetX": 0.0, "offsetY": 0.0, "offsetZ": 0.0 },
						"body top 2": { "offsetX": 0.0, "offsetY": 0.0, "offsetZ": 0.0 }
					}
				},
				{
					"frame": 15,
					"elements": {
						"body": { "offsetX": 0.0, "offsetY": 0.0, "offsetZ": 0.0, "rotationX": 0.0, "rotationY": 0.0, "rotationZ": -90.0 },
						"body top": { "offsetX": 0.0, "offsetY": 0.4, "offsetZ": 0.0 },
						"body top 2": { "offsetX": 0.0, "offsetY": 0.5, "offsetZ": 0.0 },
						"body bottom": {  },
						"TentopNW": { "offsetX": 0.0, "offsetY": 0.0, "offsetZ": 0.0, "rotationX": -7.0, "rotationY": 0.0, "rotationZ": 7.0 },
						"TentopNE": { "offsetX": 0.0, "offsetY": 0.0, "offsetZ": 0.0, "rotationX": -6.0, "rotationY": 0.0, "rotationZ": -7.0 },
						"TentopSE": { "offsetX": 0.0, "offsetY": 0.0, "offsetZ": 0.0, "rotationX": 7.0, "rotationY": 0.0, "rotationZ": -7.0 },
						"TentopSW": { "offsetX": 0.0, "offsetY": 0.0, "offsetZ": 0.0, "rotationX": 7.0, "rotationY": 0.0, "rotationZ": 7.0 },
						"TentopS": { "offsetX": 0.0, "offsetY": 0.0, "offsetZ": 0.0, "rotationX": 7.0, "rotationY": 0.0, "rotationZ": 0.0 },
						"TentopN": { "offsetX": 0.0, "offsetY": 0.0, "offsetZ": 0.0, "rotationX": -6.0, "rotationY": 0.0, "rotationZ": 0.0 },
						"TentopE": { "offsetX": 0.0, "offsetY": 0.0, "offsetZ": 0.0, "rotationX": 0.0, "rotationY": 0.0, "rotationZ": -7.0 },
						"TentopW": { "offsetX": 0.0, "offsetY": 0.0, "offsetZ": 0.0, "rotationX": 0.0, "rotationY": 0.0, "rotationZ": 7.0 },
						"body movement": { "offsetX": 0.0, "offsetY": -4.0, "offsetZ": 0.0, "rotationX": 0.0, "rotationY": 0.0, "rotationZ": 0.0 }
					}
				}
			]
		},

		{
			"name": "Flop",
			"code": "flop",
			"quantityframes": 30,
			"onActivityStopped": "PlayTillEnd",
			"onAnimationEnd": "Repeat",
			"keyframes": [
				{
					"frame": 0,
					"elements": {
						"body": { "offsetX": 8.7, "offsetY": -1.6, "offsetZ": 0.0, "rotationX": 0.0, "rotationY": 0.0, "rotationZ": -67.5 },
						"body bottom": { "offsetX": 0.0, "offsetY": 0.0, "offsetZ": 0.0, "rotationX": 0.0, "rotationY": 0.0, "rotationZ": -9.0 },
						"TentopSE": { "offsetX": 0.0, "offsetY": 0.0, "offsetZ": 0.0, "rotationX": 0.0, "rotationY": 0.0, "rotationZ": -12.0 },
						"TenbottomSE": { "offsetX": 0.0, "offsetY": 0.0, "offsetZ": 0.0, "rotationX": 0.0, "rotationY": 0.0, "rotationZ": 3.0 },
						"TentopNE": { "offsetX": 0.0, "offsetY": 0.0, "offsetZ": 0.0, "rotationX": 0.0, "rotationY": 0.0, "rotationZ": -12.0 },
						"TenbottomNE": { "offsetX": 0.0, "offsetY": 0.0, "offsetZ": 0.0, "rotationX": 0.0, "rotationY": 0.0, "rotationZ": 3.0 },
						"TentopE": { "offsetX": 0.0, "offsetY": 0.0, "offsetZ": 0.0, "rotationX": 0.0, "rotationY": 0.0, "rotationZ": -12.0 },
						"TenbottomE": { "offsetX": 0.0, "offsetY": 0.0, "offsetZ": 0.0, "rotationX": 0.0, "rotationY": 0.0, "rotationZ": 3.0 },
						"TentopNW": { "offsetX": 0.0, "offsetY": 0.0, "offsetZ": 0.0, "rotationX": 0.0, "rotationY": 0.0, "rotationZ": 10.0 },
						"TentopW": { "offsetX": 0.0, "offsetY": 0.0, "offsetZ": 0.0, "rotationX": 0.0, "rotationY": 0.0, "rotationZ": 10.0 },
						"TentopSW": { "offsetX": 0.0, "offsetY": 0.0, "offsetZ": 0.0, "rotationX": 0.0, "rotationY": 0.0, "rotationZ": 10.0 },
						"body movement": { "offsetX": 0.0, "offsetY": 0.0, "offsetZ": 0.0, "rotationX": 0.0, "rotationY": 0.0, "rotationZ": 0.0 }
					}
				},
				{
					"frame": 15,
					"elements": {
						"body": { "offsetX": 7.7, "offsetY": -0.6, "offsetZ": 0.0, "rotationX": 0.0, "rotationY": 0.0, "rotationZ": -67.5 },
						"body bottom": { "offsetX": 0.0, "offsetY": 0.0, "offsetZ": 0.0, "rotationX": 0.0, "rotationY": 0.0, "rotationZ": -1.0 },
						"TentopNW": { "offsetX": 0.0, "offsetY": 0.0, "offsetZ": 0.0, "rotationX": 0.0, "rotationY": 0.0, "rotationZ": 10.0 },
						"TentopNE": { "offsetX": 0.0, "offsetY": 0.0, "offsetZ": 0.0, "rotationX": 0.0, "rotationY": 0.0, "rotationZ": -12.0 },
						"TenbottomNE": { "offsetX": 0.0, "offsetY": 0.0, "offsetZ": 0.0, "rotationX": 0.0, "rotationY": 0.0, "rotationZ": 3.0 },
						"TentopSE": { "offsetX": 0.0, "offsetY": 0.0, "offsetZ": 0.0, "rotationX": 0.0, "rotationY": 0.0, "rotationZ": -12.0 },
						"TenbottomSE": { "offsetX": 0.0, "offsetY": 0.0, "offsetZ": 0.0, "rotationX": 0.0, "rotationY": 0.0, "rotationZ": 3.0 },
						"TentopSW": { "offsetX": 0.0, "offsetY": 0.0, "offsetZ": 0.0, "rotationX": 0.0, "rotationY": 0.0, "rotationZ": 10.0 },
						"TentopE": { "offsetX": 0.0, "offsetY": 0.0, "offsetZ": 0.0, "rotationX": 0.0, "rotationY": 0.0, "rotationZ": -12.0 },
						"TenbottomE": { "offsetX": 0.0, "offsetY": 0.0, "offsetZ": 0.0, "rotationX": 0.0, "rotationY": 0.0, "rotationZ": 3.0 },
						"TentopW": { "offsetX": 0.0, "offsetY": 0.0, "offsetZ": 0.0, "rotationX": 0.0, "rotationY": 0.0, "rotationZ": 10.0 },
						"body movement": { "offsetX": 0.0, "offsetY": -3.0, "offsetZ": 0.0, "rotationX": 0.0, "rotationY": 0.0, "rotationZ": 0.0 }
					}
				}
			]
		}
	]
}