{
	"editor": {
		"allAngles": false,
		"entityTextureMode": false
	},
	"textureWidth": 16,
	"textureHeight": 16,
	"textureSizes": {
	},
	"textures": {
		"hipponose": "hipponose",
		"hippothroat": "hippothroat",
		"hippo": "hippo",
		"hippomouth": "hippomouth"
	},
	"elements": [
		{
			"name": "body",
			"from": [ -5.0, 7.0, 0.5 ], 
			"to": [ 21.0, 19.4, 15.6 ], 
			"rotationOrigin": [ 8.0, 15.0, 8.5 ],
			"faces": {
				"north": { "texture": "#hippo", "uv": [ 1.0, 5.5, 14.0, 13.5 ], "autoUv": false },
				"east": { "texture": "#hippo", "uv": [ 1.5, 0.25, 12.25, 6.75 ], "autoUv": false },
				"south": { "texture": "#hippo", "uv": [ 1.25, 5.75, 14.0, 13.5 ], "autoUv": false },
				"west": { "texture": "#hippo", "uv": [ 1.75, 5.75, 14.0, 12.5 ], "autoUv": false },
				"up": { "texture": "#hippo", "uv": [ 2.25, 0.25, 14.0, 7.0 ], "autoUv": false },
				"down": { "texture": "#hippo", "uv": [ 2.0, 0.5, 14.0, 8.5 ], "autoUv": false }
			},
			"children": [
				{
					"name": "backhump",
					"from": [ 2.0, 12.5, 3.0 ], 
					"to": [ 24.0, 13.0, 13.0 ], 
					"rotationOrigin": [ 15.0, 20.5, 11.0 ],
					"faces": {
						"north": { "texture": "#hippo", "uv": [ 0.0, 0.0, 9.0, 0.5 ], "autoUv": false },
						"east": { "texture": "#hippo", "uv": [ 0.0, 0.0, 10.0, 0.5 ], "autoUv": false },
						"south": { "texture": "#hippo", "uv": [ 0.0, 0.0, 10.5, 0.5 ], "autoUv": false },
						"west": { "texture": "#hippo", "uv": [ 0.0, 0.0, 10.0, 0.5 ], "autoUv": false },
						"up": { "texture": "#hippo", "uv": [ 1.75, 0.25, 10.5, 5.75 ], "autoUv": false },
						"down": { "texture": "#hippo", "uv": [ 0.0, 0.0, 9.75, 0.5 ], "autoUv": false }
					}
				},
				{
					"name": "neck",
					"from": [ -3.0, 2.1, 1.7 ], 
					"to": [ 1.0, 12.1, 13.7 ], 
					"rotationOrigin": [ 1.0, 7.1, 6.7 ],
					"faces": {
						"north": { "texture": "#hippo", "uv": [ 1.5, 5.25, 3.75, 11.25 ], "autoUv": false },
						"east": { "texture": "#hippo", "uv": [ 0.5, 0.0, 12.5, 10.0 ] },
						"south": { "texture": "#hippo", "uv": [ 3.0, 5.25, 5.25, 11.75 ], "autoUv": false },
						"west": { "texture": "#hippo", "uv": [ 0.0, 0.0, 12.0, 10.0 ] },
						"up": { "texture": "#hippo", "uv": [ 6.5, 0.25, 9.25, 8.0 ], "autoUv": false },
						"down": { "texture": "#hippo", "uv": [ 6.25, 0.25, 8.5, 7.25 ], "autoUv": false }
					},
					"children": [
						{
							"name": "head",
							"from": [ -6.0, 0.7, 1.5 ], 
							"to": [ 1.0, 9.7, 10.5 ], 
							"rotationOrigin": [ 1.0, 4.7, 5.5 ],
							"rotationZ": 7.0,
							"faces": {
								"north": { "texture": "#hippo", "uv": [ 11.5, 0.25, 16.0, 4.75 ], "autoUv": false },
								"east": { "texture": "#hippo", "uv": [ 0.0, 0.0, 9.0, 8.75 ], "autoUv": false },
								"south": { "texture": "#hippo", "uv": [ 11.5, 4.75, 16.0, 0.25 ], "rotation": 180, "autoUv": false },
								"west": { "texture": "#hippothroat", "uv": [ 3.0, 0.0, 13.0, 14.0 ], "autoUv": false },
								"up": { "texture": "#hippo", "uv": [ 5.75, 0.75, 11.0, 5.5 ], "autoUv": false },
								"down": { "texture": "#hippo", "uv": [ 7.5, 12.75, 10.75, 15.75 ], "autoUv": false }
							},
							"children": [
								{
									"name": "right cheek",
									"from": [ 1.5, 0.1, -0.5 ], 
									"to": [ 6.0, 4.6, 0.5 ], 
									"rotationOrigin": [ 3.9, 2.4, 0.0 ],
									"faces": {
										"north": { "texture": "#hippo", "uv": [ 7.25, 7.5, 10.0, 10.25 ], "autoUv": false },
										"east": { "texture": "#hippo", "uv": [ 9.0, 8.25, 9.25, 10.75 ], "autoUv": false },
										"south": { "texture": "#hippo", "uv": [ 10.5, 13.25, 12.75, 13.5 ], "autoUv": false },
										"west": { "texture": "#hippo", "uv": [ 8.0, 8.5, 8.25, 11.5 ], "autoUv": false },
										"up": { "texture": "#hippo", "uv": [ 7.0, 6.75, 9.5, 7.25 ], "autoUv": false },
										"down": { "texture": "#hippo", "uv": [ 8.0, 13.5, 10.25, 14.0 ], "autoUv": false }
									}
								},
								{
									"name": "left cheek",
									"from": [ 1.5, 0.1, 8.5 ], 
									"to": [ 6.0, 4.6, 9.5 ], 
									"rotationOrigin": [ 3.9, 2.4, 9.0 ],
									"faces": {
										"north": { "texture": "#hippo", "uv": [ 6.5, 4.0, 9.5, 7.0 ], "autoUv": false },
										"east": { "texture": "#hippo", "uv": [ 14.25, 11.5, 14.75, 15.0 ], "autoUv": false },
										"south": { "texture": "#hippo", "uv": [ 7.25, 7.0, 10.0, 9.75 ], "autoUv": false },
										"west": { "texture": "#hippo", "uv": [ 8.25, 9.5, 8.75, 13.0 ], "autoUv": false },
										"up": { "texture": "#hippo", "uv": [ 6.75, 4.75, 9.5, 5.25 ], "autoUv": false },
										"down": { "texture": "#hippo", "uv": [ 7.75, 14.0, 10.0, 14.5 ], "autoUv": false }
									}
								},
								{
									"name": "top jaw",
									"from": [ -10.0, 2.4, 0.4 ], 
									"to": [ 1.5, 8.3, 8.6 ], 
									"rotationOrigin": [ 3.0, 3.1, 4.7 ],
									"faces": {
										"north": { "texture": "#hippo", "uv": [ 6.0, 1.5, 11.75, 5.5 ], "autoUv": false },
										"east": { "texture": "#hippo", "uv": [ 0.0, 0.0, 8.0, 5.75 ] },
										"south": { "texture": "#hippo", "uv": [ 4.5, 0.75, 10.5, 5.0 ], "autoUv": false },
										"west": { "texture": "#hippo", "uv": [ 0.0, 0.0, 8.0, 5.75 ] },
										"up": { "texture": "#hippo", "uv": [ 4.0, 1.0, 9.5, 5.75 ], "autoUv": false },
										"down": { "texture": "#hippomouth", "uv": [ 5.0, 4.5, 11.5, 16.0 ], "rotation": 90, "autoUv": false }
									},
									"children": [
										{
											"name": "nose",
											"from": [ -0.3, 0.061, -0.3 ], 
											"to": [ 4.7, 6.161, 8.5 ], 
											"rotationOrigin": [ 12.7027, 0.761, 4.0 ],
											"faces": {
												"north": { "texture": "#hipponose", "uv": [ 0.5, 6.0, 8.0, 13.0 ], "autoUv": false },
												"east": { "texture": "#hipponose", "uv": [ 1.0, 6.5, 9.5, 14.5 ], "autoUv": false },
												"south": { "texture": "#hipponose", "uv": [ 0.0, 6.5, 8.0, 14.0 ], "autoUv": false },
												"west": { "texture": "#hipponose", "uv": [ 0.0, 6.5, 15.5, 15.5 ], "autoUv": false },
												"up": { "texture": "#hipponose", "uv": [ 1.0, 0.75, 15.0, 8.25 ], "rotation": 90, "autoUv": false },
												"down": { "texture": "#hipponose", "uv": [ 0.5, 6.0, 12.5, 14.5 ], "autoUv": false }
											}
										},
										{
											"name": "top teeth",
											"from": [ 0.5, -1.7, 0.0 ], 
											"to": [ 10.0, 1.0, 8.2 ], 
											"rotationOrigin": [ 13.5, -1.0, 4.3 ],
											"faces": {
												"north": { "texture": "#hippo", "uv": [ 6.0, 1.5, 11.75, 5.5 ], "enabled": false, "autoUv": false },
												"east": { "texture": "#hippo", "uv": [ 0.0, 0.0, 8.0, 2.5 ], "enabled": false, "windMode": [-1,-1,-1,-1] },
												"south": { "texture": "#hippo", "uv": [ 4.5, 0.75, 10.5, 5.0 ], "enabled": false, "autoUv": false },
												"west": { "texture": "#hippomouth", "uv": [ 8.0, 0.0, 16.0, 3.0 ], "autoUv": false },
												"up": { "texture": "#hippo", "uv": [ 4.0, 1.0, 9.5, 5.75 ], "enabled": false, "autoUv": false, "windMode": [-1,-1,-1,-1], "windData": [1,1,1,1] },
												"down": { "texture": "#hippomouth", "uv": [ 5.0, 4.5, 11.5, 16.0 ], "rotation": 90, "enabled": false, "autoUv": false, "windMode": [-1,-1,-1,-1], "windData": [1,0,0,1] }
											}
										}
									]
								},
								{
									"name": "bottom jaw",
									"from": [ -9.7, 0.5, 0.4 ], 
									"to": [ 1.7, 2.5, 8.6 ], 
									"rotationOrigin": [ 3.3, 1.2, 4.7 ],
									"faces": {
										"north": { "texture": "#hippo", "uv": [ 3.75, 9.25, 12.5, 10.5 ], "autoUv": false },
										"east": { "texture": "#hippo", "uv": [ 1.5, 2.5, 9.5, 4.5 ], "enabled": false },
										"south": { "texture": "#hippo", "uv": [ 3.75, 9.0, 12.75, 10.25 ], "autoUv": false },
										"west": { "texture": "#hippo", "uv": [ 4.75, 11.0, 10.25, 13.0 ], "autoUv": false },
										"up": { "texture": "#hippomouth", "uv": [ 4.5, 4.5, 11.75, 16.0 ], "rotation": 270, "autoUv": false },
										"down": { "texture": "#hippo", "uv": [ 9.5, 12.25, 14.5, 15.75 ], "autoUv": false }
									},
									"children": [
										{
											"name": "bottom teeth",
											"from": [ 0.2, 2.0, 0.2 ], 
											"to": [ 11.6, 5.0, 8.0 ], 
											"rotationOrigin": [ 13.2, 2.7, 4.5 ],
											"faces": {
												"north": { "texture": "#hippomouth", "uv": [ 2.75, 2.25, 7.0, 3.5 ], "enabled": false, "autoUv": false, "windMode": [-1,-1,-1,-1] },
												"east": { "texture": "#hippomouth", "uv": [ 1.5, 2.5, 9.0, 5.5 ], "enabled": false, "windMode": [-1,-1,-1,-1] },
												"south": { "texture": "#hippomouth", "uv": [ 2.25, 2.5, 4.25, 3.75 ], "enabled": false, "autoUv": false, "windMode": [-1,-1,-1,-1] },
												"west": { "texture": "#hippomouth", "uv": [ 1.25, 1.5, 7.75, 4.5 ], "autoUv": false, "windMode": [-1,-1,-1,-1] },
												"up": { "texture": "#hippomouth", "uv": [ 4.5, 4.5, 11.75, 16.0 ], "rotation": 270, "enabled": false, "autoUv": false },
												"down": { "texture": "#hippomouth", "uv": [ 9.5, 12.25, 14.5, 15.75 ], "enabled": false, "autoUv": false, "windMode": [-1,-1,-1,-1] }
											}
										}
									]
								},
								{
									"name": "right ear",
									"from": [ 4.0, 7.5, 0.7 ], 
									"to": [ 5.6, 10.5, 1.4 ], 
									"rotationOrigin": [ 4.8, 7.5, 1.4 ],
									"rotationY": 22.0,
									"rotationZ": -35.0,
									"faces": {
										"north": { "texture": "#hippo", "uv": [ 5.0, 14.75, 6.0, 16.0 ], "autoUv": false },
										"east": { "texture": "#hippo", "uv": [ 2.75, 0.75, 3.25, 3.75 ] },
										"south": { "texture": "#hippo", "uv": [ 5.25, 1.25, 6.75, 4.25 ] },
										"west": { "texture": "#hippo", "uv": [ 5.25, 2.5, 5.75, 5.5 ] },
										"up": { "texture": "#hippo", "uv": [ 2.0, 1.5, 3.5, 2.0 ] },
										"down": { "texture": "#hippo", "uv": [ 2.75, 1.75, 4.25, 2.25 ] }
									}
								},
								{
									"name": "left ear",
									"from": [ 4.0, 7.5, 7.6 ], 
									"to": [ 5.6, 10.5, 8.3 ], 
									"rotationOrigin": [ 4.8, 7.5, 7.7 ],
									"rotationY": -22.0,
									"rotationZ": -35.0,
									"faces": {
										"north": { "texture": "#hippo", "uv": [ 6.25, 2.0, 7.75, 5.0 ] },
										"east": { "texture": "#hippo", "uv": [ 6.75, 2.25, 7.25, 5.25 ] },
										"south": { "texture": "#hippo", "uv": [ 5.0, 14.75, 6.0, 16.0 ], "autoUv": false },
										"west": { "texture": "#hippo", "uv": [ 6.0, 2.25, 6.5, 5.25 ] },
										"up": { "texture": "#hippo", "uv": [ 2.25, 2.5, 3.75, 3.0 ] },
										"down": { "texture": "#hippo", "uv": [ 4.5, 2.75, 6.0, 3.25 ] }
									}
								},
								{
									"name": "left eyelid",
									"from": [ 1.4, 5.6, 8.499 ], 
									"to": [ 2.9, 7.8, 8.999 ], 
									"rotationOrigin": [ 2.1, 6.6, 9.0 ],
									"faces": {
										"north": { "texture": "#hipponose", "uv": [ 0.0, 0.0, 1.5, 2.0 ] },
										"east": { "texture": "#hipponose", "uv": [ 0.0, 0.0, 0.5, 2.0 ] },
										"south": { "texture": "#hipponose", "uv": [ 0.0, 0.0, 1.5, 2.0 ] },
										"west": { "texture": "#hipponose", "uv": [ 0.0, 0.0, 0.5, 2.0 ] },
										"up": { "texture": "#hipponose", "uv": [ 0.0, 0.0, 1.5, 0.5 ] },
										"down": { "texture": "#hipponose", "uv": [ 0.0, 0.0, 1.5, 0.5 ] }
									}
								},
								{
									"name": "right eyelid",
									"from": [ 1.4, 5.6, 0.01 ], 
									"to": [ 2.9, 7.8, 0.51 ], 
									"rotationOrigin": [ 2.1, 6.6, 0.5 ],
									"faces": {
										"north": { "texture": "#hipponose", "uv": [ 0.0, 0.0, 1.5, 2.0 ] },
										"east": { "texture": "#hipponose", "uv": [ 0.0, 0.0, 0.5, 2.0 ] },
										"south": { "texture": "#hipponose", "uv": [ 0.0, 0.0, 1.5, 2.0 ] },
										"west": { "texture": "#hipponose", "uv": [ 0.0, 0.0, 0.5, 2.0 ] },
										"up": { "texture": "#hipponose", "uv": [ 0.0, 0.0, 1.5, 0.5 ] },
										"down": { "texture": "#hipponose", "uv": [ 0.0, 0.0, 1.5, 0.5 ] }
									}
								}
							]
						}
					]
				},
				{
					"name": "butt",
					"from": [ 22.6, 0.6, 0.1 ], 
					"to": [ 28.6, 12.0, 14.9 ], 
					"rotationOrigin": [ 23.6, 5.6, 7.6 ],
					"rotationZ": -7.0,
					"faces": {
						"north": { "texture": "#hippo", "uv": [ 10.25, 6.25, 13.75, 13.25 ], "autoUv": false },
						"east": { "texture": "#hippo", "uv": [ 3.25, 6.0, 13.25, 13.5 ], "autoUv": false },
						"south": { "texture": "#hippo", "uv": [ 0.75, 6.0, 4.25, 13.25 ], "autoUv": false },
						"west": { "texture": "#hippo", "uv": [ 0.0, 0.25, 14.0, 12.25 ], "enabled": false, "autoUv": false },
						"up": { "texture": "#hippo", "uv": [ 5.5, 0.25, 9.75, 8.5 ], "autoUv": false },
						"down": { "texture": "#hippo", "uv": [ 0.0, 0.0, 6.0, 14.75 ] }
					}
				},
				{
					"name": "front right leg top",
					"from": [ 1.0, -1.5, 10.5 ], 
					"to": [ 5.5, 4.5, 15.5 ], 
					"rotationOrigin": [ 3.4, 4.5, 13.0 ],
					"faces": {
						"north": { "texture": "#hippo", "uv": [ 7.5, 9.5, 9.75, 13.0 ], "autoUv": false },
						"east": { "texture": "#hippo", "uv": [ 7.25, 9.5, 9.5, 13.0 ], "autoUv": false },
						"south": { "texture": "#hippo", "uv": [ 1.75, 10.75, 4.0, 14.5 ], "autoUv": false },
						"west": { "texture": "#hippo", "uv": [ 7.0, 9.5, 9.0, 13.0 ], "autoUv": false },
						"up": { "texture": "#hippo", "uv": [ 7.0, 3.0, 9.25, 5.25 ], "autoUv": false },
						"down": { "texture": "#hippo", "uv": [ 10.75, 13.0, 12.5, 14.75 ], "autoUv": false }
					},
					"children": [
						{
							"name": "front right leg bottom",
							"from": [ 0.5, -5.0, 0.5 ], 
							"to": [ 4.0, 0.5, 4.5 ], 
							"rotationOrigin": [ 2.5, 0.0, 2.5 ],
							"faces": {
								"north": { "texture": "#hippo", "uv": [ 11.25, 12.25, 13.0, 14.75 ], "autoUv": false },
								"east": { "texture": "#hippo", "uv": [ 11.75, 12.25, 13.5, 15.5 ], "autoUv": false },
								"south": { "texture": "#hippo", "uv": [ 13.5, 12.0, 15.0, 15.5 ], "autoUv": false },
								"west": { "texture": "#hippo", "uv": [ 7.75, 13.0, 9.75, 16.0 ], "autoUv": false },
								"up": { "texture": "#hippo", "uv": [ 0.0, 0.0, 3.5, 4.0 ] },
								"down": { "texture": "#hippo", "uv": [ 12.0, 13.0, 14.75, 15.75 ], "autoUv": false }
							},
							"children": [
								{
									"name": "front right leg foot",
									"from": [ -0.2, -0.5, -0.2 ], 
									"to": [ 3.3, 1.5, 4.2 ], 
									"rotationOrigin": [ -0.2, -0.5, -0.2 ],
									"faces": {
										"north": { "texture": "#hippo", "uv": [ 8.75, 13.25, 11.25, 14.5 ], "autoUv": false },
										"east": { "texture": "#hippo", "uv": [ 8.0, 13.0, 12.25, 15.0 ] },
										"south": { "texture": "#hippo", "uv": [ 9.25, 13.75, 11.75, 15.25 ], "autoUv": false },
										"west": { "texture": "#hippo", "uv": [ 0.0, 14.5, 3.75, 16.0 ], "autoUv": false },
										"up": { "texture": "#hippo", "uv": [ 9.25, 13.0, 11.25, 15.0 ], "autoUv": false },
										"down": { "texture": "#hippo", "uv": [ 10.25, 13.0, 12.5, 15.25 ], "autoUv": false }
									}
								}
							]
						}
					]
				},
				{
					"name": "front right leg top16",
					"from": [ 1.0, -1.5, -0.4 ], 
					"to": [ 5.5, 4.5, 4.6 ], 
					"rotationOrigin": [ 3.4, 4.5, 2.1 ],
					"faces": {
						"north": { "texture": "#hippo", "uv": [ 10.75, 10.75, 13.0, 14.25 ], "autoUv": false },
						"east": { "texture": "#hippo", "uv": [ 6.0, 9.75, 8.25, 13.25 ], "autoUv": false },
						"south": { "texture": "#hippo", "uv": [ 7.25, 9.75, 9.5, 13.5 ], "autoUv": false },
						"west": { "texture": "#hippo", "uv": [ 7.0, 9.5, 9.0, 13.0 ], "autoUv": false },
						"up": { "texture": "#hippo", "uv": [ 7.25, 3.25, 9.5, 6.0 ], "autoUv": false },
						"down": { "texture": "#hippo", "uv": [ 10.75, 13.0, 12.5, 14.75 ], "autoUv": false }
					},
					"children": [
						{
							"name": "front right leg bottom17",
							"from": [ 0.5, -5.0, 0.5 ], 
							"to": [ 4.0, 0.5, 4.5 ], 
							"rotationOrigin": [ 2.5, 0.0, 2.5 ],
							"faces": {
								"north": { "texture": "#hippo", "uv": [ 11.25, 12.25, 13.0, 14.75 ], "autoUv": false },
								"east": { "texture": "#hippo", "uv": [ 11.75, 12.25, 13.5, 15.5 ], "autoUv": false },
								"south": { "texture": "#hippo", "uv": [ 13.5, 12.0, 15.0, 15.5 ], "autoUv": false },
								"west": { "texture": "#hippo", "uv": [ 7.75, 13.0, 9.75, 16.0 ], "autoUv": false },
								"up": { "texture": "#hippo", "uv": [ 0.0, 0.0, 3.5, 4.0 ] },
								"down": { "texture": "#hippo", "uv": [ 12.0, 13.0, 14.75, 15.75 ], "autoUv": false }
							},
							"children": [
								{
									"name": "front right leg foot18",
									"from": [ -0.2, -0.5, -0.2 ], 
									"to": [ 3.3, 1.5, 4.2 ], 
									"rotationOrigin": [ -0.2, -0.5, -0.2 ],
									"faces": {
										"north": { "texture": "#hippo", "uv": [ 8.75, 13.25, 11.25, 14.5 ], "autoUv": false },
										"east": { "texture": "#hippo", "uv": [ 8.0, 13.0, 12.25, 15.0 ] },
										"south": { "texture": "#hippo", "uv": [ 9.25, 13.75, 11.75, 15.25 ], "autoUv": false },
										"west": { "texture": "#hippo", "uv": [ 0.0, 14.5, 3.75, 16.0 ], "autoUv": false },
										"up": { "texture": "#hippo", "uv": [ 9.25, 13.0, 11.25, 15.0 ], "autoUv": false },
										"down": { "texture": "#hippo", "uv": [ 10.25, 13.0, 12.5, 15.25 ], "autoUv": false }
									}
								}
							]
						}
					]
				},
				{
					"name": "front right leg top19",
					"from": [ 19.0, -1.5, -0.4 ], 
					"to": [ 23.5, 4.5, 4.6 ], 
					"rotationOrigin": [ 21.4, 4.5, 2.1 ],
					"faces": {
						"north": { "texture": "#hippo", "uv": [ 3.0, 11.0, 5.25, 14.5 ], "autoUv": false },
						"east": { "texture": "#hippo", "uv": [ 7.0, 10.5, 9.25, 14.0 ], "autoUv": false },
						"south": { "texture": "#hippo", "uv": [ 7.0, 11.0, 9.25, 14.75 ], "autoUv": false },
						"west": { "texture": "#hippo", "uv": [ 7.0, 9.5, 9.0, 13.0 ], "autoUv": false },
						"up": { "texture": "#hippo", "uv": [ 7.25, 3.25, 9.5, 6.0 ], "autoUv": false },
						"down": { "texture": "#hippo", "uv": [ 10.75, 13.0, 12.5, 14.75 ], "autoUv": false }
					},
					"children": [
						{
							"name": "front right leg bottom20",
							"from": [ 0.5, -5.0, 0.5 ], 
							"to": [ 4.0, 0.5, 4.5 ], 
							"rotationOrigin": [ 2.5, 0.0, 2.5 ],
							"faces": {
								"north": { "texture": "#hippo", "uv": [ 11.25, 12.25, 13.0, 14.75 ], "autoUv": false },
								"east": { "texture": "#hippo", "uv": [ 11.75, 12.25, 13.5, 15.5 ], "autoUv": false },
								"south": { "texture": "#hippo", "uv": [ 13.5, 12.0, 15.0, 15.5 ], "autoUv": false },
								"west": { "texture": "#hippo", "uv": [ 7.75, 13.0, 9.75, 16.0 ], "autoUv": false },
								"up": { "texture": "#hippo", "uv": [ 0.0, 0.0, 3.5, 4.0 ] },
								"down": { "texture": "#hippo", "uv": [ 12.0, 13.0, 14.75, 15.75 ], "autoUv": false }
							},
							"children": [
								{
									"name": "front right leg foot21",
									"from": [ -0.2, -0.5, -0.2 ], 
									"to": [ 3.3, 1.5, 4.2 ], 
									"rotationOrigin": [ -0.2, -0.5, -0.2 ],
									"faces": {
										"north": { "texture": "#hippo", "uv": [ 8.75, 13.25, 11.25, 14.5 ], "autoUv": false },
										"east": { "texture": "#hippo", "uv": [ 8.0, 13.0, 12.25, 15.0 ] },
										"south": { "texture": "#hippo", "uv": [ 9.25, 13.75, 11.75, 15.25 ], "autoUv": false },
										"west": { "texture": "#hippo", "uv": [ 0.0, 14.5, 3.75, 16.0 ], "autoUv": false },
										"up": { "texture": "#hippo", "uv": [ 9.25, 13.0, 11.25, 15.0 ], "autoUv": false },
										"down": { "texture": "#hippo", "uv": [ 10.25, 13.0, 12.5, 15.25 ], "autoUv": false }
									}
								}
							]
						}
					]
				},
				{
					"name": "front right leg top22",
					"from": [ 19.0, -1.5, 10.5 ], 
					"to": [ 23.5, 4.5, 15.5 ], 
					"rotationOrigin": [ 21.4, 4.5, 13.0 ],
					"faces": {
						"north": { "texture": "#hippo", "uv": [ 7.5, 9.5, 9.75, 13.0 ], "autoUv": false },
						"east": { "texture": "#hippo", "uv": [ 7.25, 9.5, 9.5, 13.0 ], "autoUv": false },
						"south": { "texture": "#hippo", "uv": [ 10.25, 10.75, 12.5, 14.5 ], "autoUv": false },
						"west": { "texture": "#hippo", "uv": [ 7.0, 9.5, 9.0, 13.0 ], "autoUv": false },
						"up": { "texture": "#hippo", "uv": [ 7.25, 3.25, 9.5, 6.0 ], "autoUv": false },
						"down": { "texture": "#hippo", "uv": [ 10.75, 13.0, 12.5, 14.75 ], "autoUv": false }
					},
					"children": [
						{
							"name": "front right leg bottom23",
							"from": [ 0.5, -5.0, 0.5 ], 
							"to": [ 4.0, 0.5, 4.5 ], 
							"rotationOrigin": [ 2.5, 0.0, 2.5 ],
							"faces": {
								"north": { "texture": "#hippo", "uv": [ 11.25, 12.25, 13.0, 14.75 ], "autoUv": false },
								"east": { "texture": "#hippo", "uv": [ 11.75, 12.25, 13.5, 15.5 ], "autoUv": false },
								"south": { "texture": "#hippo", "uv": [ 13.5, 12.0, 15.0, 15.5 ], "autoUv": false },
								"west": { "texture": "#hippo", "uv": [ 7.75, 13.0, 9.75, 16.0 ], "autoUv": false },
								"up": { "texture": "#hippo", "uv": [ 0.0, 0.0, 3.5, 4.0 ] },
								"down": { "texture": "#hippo", "uv": [ 12.0, 13.0, 14.75, 15.75 ], "autoUv": false }
							},
							"children": [
								{
									"name": "front right leg foot24",
									"from": [ -0.2, -0.5, -0.2 ], 
									"to": [ 3.3, 1.5, 4.2 ], 
									"rotationOrigin": [ -0.2, -0.5, -0.2 ],
									"faces": {
										"north": { "texture": "#hippo", "uv": [ 8.75, 13.25, 11.25, 14.5 ], "autoUv": false },
										"east": { "texture": "#hippo", "uv": [ 8.0, 13.0, 12.25, 15.0 ] },
										"south": { "texture": "#hippo", "uv": [ 9.25, 13.75, 11.75, 15.25 ], "autoUv": false },
										"west": { "texture": "#hippo", "uv": [ 0.0, 14.5, 3.75, 16.0 ], "autoUv": false },
										"up": { "texture": "#hippo", "uv": [ 9.25, 13.0, 11.25, 15.0 ], "autoUv": false },
										"down": { "texture": "#hippo", "uv": [ 10.25, 13.0, 12.5, 15.25 ], "autoUv": false }
									}
								}
							]
						}
					]
				}
			]
		}
	],
	"animations": [
		{
			"name": "Attack",
			"code": "attack",
			"quantityframes": 30,
			"onActivityStopped": "PlayTillEnd",
			"onAnimationEnd": "Stop",
			"keyframes": [
				{
					"frame": 0,
					"elements": {
						"body": {  },
						"neck": {  },
						"head": {  },
						"top jaw": { "offsetX": 0.0, "offsetY": 0.0, "offsetZ": 0.0, "rotationX": 0.0, "rotationY": 0.0, "rotationZ": 0.0 },
						"bottom jaw": { "offsetX": 0.0, "offsetY": 0.0, "offsetZ": 0.0, "rotationX": 0.0, "rotationY": 0.0, "rotationZ": 0.0 }
					}
				},
				{
					"frame": 15,
					"elements": {
						"body": {  },
						"neck": {  },
						"head": {  },
						"top jaw": { "offsetX": 0.0, "offsetY": 0.0, "offsetZ": 0.0, "rotationX": 0.0, "rotationY": 0.0, "rotationZ": -48.0 },
						"bottom jaw": { "offsetX": 0.0, "offsetY": 0.0, "offsetZ": 0.0, "rotationX": 0.0, "rotationY": 0.0, "rotationZ": 22.0 }
					}
				}
			]
		},

		{
			"name": "Swim",
			"code": "swim",
			"quantityframes": 30,
			"onActivityStopped": "PlayTillEnd",
			"onAnimationEnd": "Repeat",
			"keyframes": [
				{
					"frame": 0,
					"elements": {
						"body": {  },
						"front right leg top": { "offsetX": 0.0, "offsetY": 0.0, "offsetZ": 0.0, "rotationX": 0.0, "rotationY": 0.0, "rotationZ": -45.0 },
						"front right leg bottom": { "offsetX": 0.0, "offsetY": 0.0, "offsetZ": 0.0, "rotationX": 0.0, "rotationY": 0.0, "rotationZ": 0.0 },
						"front right leg top22": { "offsetX": 0.0, "offsetY": 0.0, "offsetZ": 0.0, "rotationX": 0.0, "rotationY": 0.0, "rotationZ": 45.0 },
						"front right leg top19": { "offsetX": 0.0, "offsetY": 0.0, "offsetZ": 0.0, "rotationX": 0.0, "rotationY": 0.0, "rotationZ": -45.0 },
						"front right leg top16": { "offsetX": 0.0, "offsetY": 0.0, "offsetZ": 0.0, "rotationX": 0.0, "rotationY": 0.0, "rotationZ": 45.0 }
					}
				},
				{
					"frame": 15,
					"elements": {
						"body": {  },
						"front right leg top": { "offsetX": 0.0, "offsetY": 0.0, "offsetZ": 0.0, "rotationX": 0.0, "rotationY": 0.0, "rotationZ": 45.0 },
						"front right leg top22": { "offsetX": 0.0, "offsetY": 0.0, "offsetZ": 0.0, "rotationX": 0.0, "rotationY": 0.0, "rotationZ": -45.0 },
						"front right leg top19": { "offsetX": 0.0, "offsetY": 0.0, "offsetZ": 0.0, "rotationX": 0.0, "rotationY": 0.0, "rotationZ": 45.0 },
						"front right leg top16": { "offsetX": 0.0, "offsetY": 0.0, "offsetZ": 0.0, "rotationX": 0.0, "rotationY": 0.0, "rotationZ": -45.0 }
					}
				}
			]
		},

		{
			"name": "Idle",
			"code": "idle",
			"quantityframes": 30,
			"onActivityStopped": "PlayTillEnd",
			"onAnimationEnd": "Stop",
			"keyframes": [
				{
					"frame": 0,
					"elements": {
						"body": {  },
						"neck": {  },
						"head": {  },
						"right eyelid": { "offsetX": 0.0, "offsetY": 0.0, "offsetZ": 0.0 },
						"left eyelid": { "offsetX": 0.0, "offsetY": 0.0, "offsetZ": 0.0 }
					}
				},
				{
					"frame": 9,
					"elements": {
						"body": {  },
						"neck": {  },
						"head": {  },
						"left eyelid": { "offsetX": 0.0, "offsetY": 0.0, "offsetZ": 0.02 },
						"right eyelid": { "offsetX": 0.0, "offsetY": 0.0, "offsetZ": -0.02 }
					}
				},
				{
					"frame": 12,
					"elements": {
						"body": {  },
						"neck": {  },
						"head": {  },
						"left eyelid": { "offsetX": 0.0, "offsetY": 0.0, "offsetZ": 0.0 },
						"right eyelid": { "offsetX": 0.0, "offsetY": 0.0, "offsetZ": 0.0 }
					}
				}
			]
		},

		{
			"name": "Death",
			"code": "death",
			"quantityframes": 30,
			"onActivityStopped": "PlayTillEnd",
			"onAnimationEnd": "Hold",
			"keyframes": [
				{
					"frame": 0,
					"elements": {
						"body": { "offsetX": 0.0, "offsetY": 0.0, "offsetZ": 0.0, "rotationX": 0.0, "rotationY": 0.0, "rotationZ": 0.0 },
						"backhump": { "offsetX": 0.0, "offsetY": 0.0, "offsetZ": 0.0, "rotationX": 0.0, "rotationY": 0.0, "rotationZ": 0.0 },
						"neck": { "offsetX": 0.0, "offsetY": 0.0, "offsetZ": 0.0, "rotationX": 0.0, "rotationY": 0.0, "rotationZ": 0.0 },
						"head": { "offsetX": 0.0, "offsetY": 0.0, "offsetZ": 0.0, "rotationX": 0.0, "rotationY": 0.0, "rotationZ": 0.0 },
						"right cheek": { "offsetX": 0.0, "offsetY": 0.0, "offsetZ": 0.0, "rotationX": 0.0, "rotationY": 0.0, "rotationZ": 0.0 },
						"left cheek": { "offsetX": 0.0, "offsetY": 0.0, "offsetZ": 0.0, "rotationX": 0.0, "rotationY": 0.0, "rotationZ": 0.0 },
						"top jaw": { "offsetX": 0.0, "offsetY": 0.0, "offsetZ": 0.0, "rotationX": 0.0, "rotationY": 0.0, "rotationZ": 0.0 },
						"nose": { "offsetX": 0.0, "offsetY": 0.0, "offsetZ": 0.0, "rotationX": 0.0, "rotationY": 0.0, "rotationZ": 0.0 },
						"top teeth": { "offsetX": 0.0, "offsetY": 0.0, "offsetZ": 0.0, "rotationX": 0.0, "rotationY": 0.0, "rotationZ": 0.0 },
						"bottom jaw": { "offsetX": 0.0, "offsetY": 0.0, "offsetZ": 0.0, "rotationX": 0.0, "rotationY": 0.0, "rotationZ": 0.0 },
						"bottom teeth": { "offsetX": 0.0, "offsetY": 0.0, "offsetZ": 0.0, "rotationX": 0.0, "rotationY": 0.0, "rotationZ": 0.0 },
						"right ear": { "offsetX": 0.0, "offsetY": 0.0, "offsetZ": 0.0, "rotationX": 0.0, "rotationY": 0.0, "rotationZ": 0.0 },
						"left ear": { "offsetX": 0.0, "offsetY": 0.0, "offsetZ": 0.0, "rotationX": 0.0, "rotationY": 0.0, "rotationZ": 0.0 },
						"left eyelid": { "offsetX": 0.0, "offsetY": 0.0, "offsetZ": 0.0 },
						"right eyelid": { "offsetX": 0.0, "offsetY": 0.0, "offsetZ": 0.0 },
						"butt": { "offsetX": 0.0, "offsetY": 0.0, "offsetZ": 0.0, "rotationX": 0.0, "rotationY": 0.0, "rotationZ": 0.0 },
						"front right leg top": { "offsetX": 0.0, "offsetY": 0.0, "offsetZ": 0.0, "rotationX": 0.0, "rotationY": 0.0, "rotationZ": 0.0 },
						"front right leg bottom": { "offsetX": 0.0, "offsetY": 0.0, "offsetZ": 0.0, "rotationX": 0.0, "rotationY": 0.0, "rotationZ": 0.0 },
						"front right leg foot": { "offsetX": 0.0, "offsetY": 0.0, "offsetZ": 0.0, "rotationX": 0.0, "rotationY": 0.0, "rotationZ": 0.0 },
						"front right leg top16": { "offsetX": 0.0, "offsetY": 0.0, "offsetZ": 0.0, "rotationX": 0.0, "rotationY": 0.0, "rotationZ": 0.0 },
						"front right leg bottom17": { "offsetX": 0.0, "offsetY": 0.0, "offsetZ": 0.0, "rotationX": 0.0, "rotationY": 0.0, "rotationZ": 0.0 },
						"front right leg foot18": { "offsetX": 0.0, "offsetY": 0.0, "offsetZ": 0.0, "rotationX": 0.0, "rotationY": 0.0, "rotationZ": 0.0 },
						"front right leg top19": { "offsetX": 0.0, "offsetY": 0.0, "offsetZ": 0.0, "rotationX": 0.0, "rotationY": 0.0, "rotationZ": 0.0 },
						"front right leg bottom20": { "offsetX": 0.0, "offsetY": 0.0, "offsetZ": 0.0, "rotationX": 0.0, "rotationY": 0.0, "rotationZ": 0.0 },
						"front right leg foot21": { "offsetX": 0.0, "offsetY": 0.0, "offsetZ": 0.0, "rotationX": 0.0, "rotationY": 0.0, "rotationZ": 0.0 },
						"front right leg top22": { "offsetX": 0.0, "offsetY": 0.0, "offsetZ": 0.0, "rotationX": 0.0, "rotationY": 0.0, "rotationZ": 0.0 },
						"front right leg bottom23": { "offsetX": 0.0, "offsetY": 0.0, "offsetZ": 0.0, "rotationX": 0.0, "rotationY": 0.0, "rotationZ": 0.0 },
						"front right leg foot24": { "offsetX": 0.0, "offsetY": 0.0, "offsetZ": 0.0, "rotationX": 0.0, "rotationY": 0.0, "rotationZ": 0.0 }
					}
				},
				{
					"frame": 29,
					"elements": {
						"body": { "offsetX": 0.0, "offsetY": 2.0, "offsetZ": 0.0, "rotationX": 180.0, "rotationY": 0.0, "rotationZ": 0.0 },
						"front right leg top16": { "offsetX": 0.0, "offsetY": 0.0, "offsetZ": 0.0, "rotationX": 0.0, "rotationY": 0.0, "rotationZ": 0.0 },
						"neck": {  },
						"head": {  },
						"top jaw": { "offsetX": 0.0, "offsetY": 0.0, "offsetZ": 0.0, "rotationX": 0.0, "rotationY": 0.0, "rotationZ": -45.0 },
						"left eyelid": { "offsetX": 0.0, "offsetY": 0.0, "offsetZ": 0.02 },
						"right eyelid": { "offsetX": 0.0, "offsetY": 0.0, "offsetZ": -0.02 }
					}
				}
			]
		},

		{
			"name": "Sleep",
			"code": "sleep",
			"quantityframes": 30,
			"onActivityStopped": "PlayTillEnd",
			"onAnimationEnd": "Repeat",
			"keyframes": [
				{
					"frame": 0,
					"elements": {
						"body": {  },
						"neck": {  },
						"head": {  },
						"right eyelid": { "offsetX": 0.0, "offsetY": 0.0, "offsetZ": -0.02 },
						"left eyelid": { "offsetX": 0.0, "offsetY": 0.0, "offsetZ": 0.02 }
					}
				}
			]
		},

		{
			"name": "Eartwirl",
			"code": "eartwirl",
			"quantityframes": 30,
			"onActivityStopped": "PlayTillEnd",
			"onAnimationEnd": "Stop",
			"keyframes": [
				{
					"frame": 0,
					"elements": {
						"body": {  },
						"neck": {  },
						"head": {  },
						"right ear": { "offsetX": 0.0, "offsetY": 0.0, "offsetZ": 0.0, "rotationX": 0.0, "rotationY": 0.0, "rotationZ": 0.0 },
						"left ear": { "offsetX": 0.0, "offsetY": 0.0, "offsetZ": 0.0, "rotationX": 0.0, "rotationY": 0.0, "rotationZ": 0.0 }
					}
				},
				{
					"frame": 5,
					"elements": {
						"body": {  },
						"neck": {  },
						"head": {  },
						"left ear": { "offsetX": 0.0, "offsetY": 0.0, "offsetZ": 0.0, "rotationX": 0.0, "rotationY": 0.0, "rotationZ": 67.5 },
						"right ear": { "offsetX": 0.0, "offsetY": 0.0, "offsetZ": 0.0, "rotationX": 0.0, "rotationY": 0.0, "rotationZ": 67.5 }
					}
				},
				{
					"frame": 10,
					"elements": {
						"body": {  },
						"neck": {  },
						"head": {  },
						"right ear": { "offsetX": 0.0, "offsetY": 0.0, "offsetZ": 0.0, "rotationX": -67.5, "rotationY": 0.0, "rotationZ": 67.5 },
						"left ear": { "offsetX": 0.0, "offsetY": 0.0, "offsetZ": 0.0, "rotationX": 45.0, "rotationY": 0.0, "rotationZ": 67.5 }
					}
				},
				{
					"frame": 15,
					"elements": {
						"body": {  },
						"neck": {  },
						"head": {  },
						"right ear": { "offsetX": 0.0, "offsetY": 0.0, "offsetZ": 0.0, "rotationX": -67.5, "rotationY": 0.0, "rotationZ": 0.0 },
						"left ear": { "offsetX": 0.0, "offsetY": 0.0, "offsetZ": 0.0, "rotationX": 67.5, "rotationY": 0.0, "rotationZ": 0.0 }
					}
				}
			]
		}
	]
}