{
  "code": "riftbloom",
  "class": "BlockRiftbloomRM",
  "entityclass": "BlockEntityRiftbloomRM",
  "enabled": true,

  "storageFlags": 131073,

  "behaviors": [
    { "name": "DropNotSnowCovered" }
  ],

  "variantgroups": [
    {
      "code": "state",
      "states": [ "unstable", "permanent" ]
    },
    {
      "code": "stage",
      "states": [ "1", "2", "3" ]
    },
    {
      "code": "speed",
      "states": [ "slow", "fast" ]
    },
    {
      "code": "type",
      "states": [ "rust", "fire", "frost", "electricity", "gravity", "heal", "poison" ]
    },
    {
      "code": "cover",
      "states": [ "free", "snow" ]
    }
  ],
  "skipVariants": [ "*-unstable-1-*", "*-unstable-2-*", "*-fire-*", "*-frost-*", "*-electricity-*", "*-gravity-*", "*-heal-*", "*-poison-*" ],



  "attributes": {
    "displaycaseable": true,
    "onDisplayTransform": {
      "translation": {
        "x": 0,
        "y": -0.125,
        "z": 0
      },
      "scale": 0.75
    },
    "shelvable": true,
    "onshelfTransform": {
      "translation": {
        "x": 0,
        "y": -0.125,
        "z": 0
      },
      "scale": 0.75
    },
    "handbookByType": {
      "*-unstable-3-*": {
        "groupByByType": {
          "*": [ "riftbloom-*" ]
        },
        "extraSections": [
          {
            "title": "game:Created by",
            "text": "rustboundmagic:handbook-rifts-text"
          },
          {
            "title": "rustboundmagic:handbook-rifteffectedplant-title",
            "text": "rustboundmagic:handbook-rifteffectedplant-text"
          },
          {
            "title": "rustboundmagic:handbook-rustplantsriftbloom-title",
            "text": "rustboundmagic:handbook-rustplantsriftbloom-text"
          }
        ]
      },
      "*": {
        "groupByByType": {
          "*": [ "riftbloom-*" ]
        },
        "extraSections": [
          {
            "title": "game:Created by",
            "text": "rustboundmagic:handbook-rifts-text"
          },
          {
            "title": "rustboundmagic:handbook-rustplantsriftbloom-title",
            "text": "rustboundmagic:handbook-rustplantsriftbloom-text"
          }
        ]
      }
    },

    "sprintIntoDamage": 1,
    "fallIntoDamageMul": 2,
    "immuneCreatures": [ "locust-bronze", "locust-corrupt", "drifter-normal", "drifter-deep", "drifter-tainted", "drifter-nightmare", "drifter-corrupt", "drifter-doubleheaded" ],

    "butterflyFeed": false,
    "beeFeed": false,

    "plantContainable": {
      "smallContainer": {
        "shape": {
          "base": "blocks/plants/riftbloom1",
          "alternates": [
            { "base": "blocks/plants/riftbloom2" },
            { "base": "blocks/plants/riftbloom3" },
            { "base": "blocks/plants/riftbloom4" },
            { "base": "blocks/plants/riftbloom5" },
            { "base": "blocks/plants/riftbloom6" }
          ]
        }
      },
      "largeContainer": {
        "shape": {
          "base": "blocks/plants/riftbloom1",
          "alternates": [
            { "base": "blocks/plants/riftbloom2" },
            { "base": "blocks/plants/riftbloom3" },
            { "base": "blocks/plants/riftbloom4" },
            { "base": "blocks/plants/riftbloom5" },
            { "base": "blocks/plants/riftbloom6" }
          ]
        }
      }
    },

    "transientPropsByType": {
      "riftbloom-permanent-1-slow-rust-free": {
        "convertFrom": "riftbloom-permanent-1-slow-rust-free",
        "convertTo": "riftbloom-permanent-2-slow-rust-free",
        "inGameHours": "24",
        "resetBelowTemperature": -999,
        "stopBelowTemperature": -999
      },
      "riftbloom-permanent-2-slow-rust-free": {
        "convertFrom": "riftbloom-permanent-2-slow-rust-free",
        "convertTo": "riftbloom-permanent-3-slow-rust-free",
        "inGameHours": "72",
        "resetBelowTemperature": -999,
        "stopBelowTemperature": -999
      },

      "riftbloom-permanent-1-fast-rust-free": {
        "convertFrom": "riftbloom-permanent-1-fast-rust-free",
        "convertTo": "riftbloom-permanent-2-fast-rust-free",
        "inGameHours": "12",
        "resetBelowTemperature": -999,
        "stopBelowTemperature": -999
      },
      "riftbloom-permanent-2-fast-rust-free": {
        "convertFrom": "riftbloom-permanent-2-fast-rust-free",
        "convertTo": "riftbloom-permanent-3-slow-rust-free",
        "inGameHours": "12",
        "resetBelowTemperature": -999,
        "stopBelowTemperature": -999
      },

      "riftbloom-permanent-1-slow-rust-snow": {
        "convertFrom": "riftbloom-permanent-1-slow-rust-snow",
        "convertTo": "riftbloom-permanent-2-slow-rust-snow",
        "inGameHours": "24",
        "resetBelowTemperature": -999,
        "stopBelowTemperature": -999
      },
      "riftbloom-permanent-2-slow-rust-snow": {
        "convertFrom": "riftbloom-permanent-2-slow-rust-snow",
        "convertTo": "riftbloom-permanent-3-slow-rust-snow",
        "inGameHours": "72",
        "resetBelowTemperature": -999,
        "stopBelowTemperature": -999
      },

      "riftbloom-permanent-1-fast-rust-snow": {
        "convertFrom": "riftbloom-permanent-1-fast-rust-snow",
        "convertTo": "riftbloom-permanent-2-fast-rust-snow",
        "inGameHours": "12",
        "resetBelowTemperature": -999,
        "stopBelowTemperature": -999
      },
      "riftbloom-permanent-2-fast-rust-snow": {
        "convertFrom": "riftbloom-permanent-2-fast-rust-snow",
        "convertTo": "riftbloom-permanent-3-slow-rust-snow",
        "inGameHours": "12",
        "resetBelowTemperature": -999,
        "stopBelowTemperature": -999
      }
    }
  },

  "shapebytype": {
    "*-1-*": {
      "base": "blocks/plants/riftbloomseed",
      "scale": 1.0
      //"alternates": [
      //  {
      //    "base": "blocks/plants/riftbloombase2",
      //    "scale": 0.25
      //  }
      //]
    },
    "*-2-*": {
      "base": "blocks/plants/riftbloombase1",
      "scale": 0.5
      //"alternates": [
      //  {
      //    "base": "blocks/plants/riftbloombase2",
      //    "scale": 0.5
      //  }
      //]
    },
    "*-3-*": {
      "base": "blocks/plants/riftbloom1",
      "scale": 1.0,
      "alternates": [
        { "base": "blocks/plants/riftbloom2" },
        { "base": "blocks/plants/riftbloom3" },
        { "base": "blocks/plants/riftbloom4" },
        { "base": "blocks/plants/riftbloom5" },
        { "base": "blocks/plants/riftbloom6" }
      ]
    }
  },
  "texturesByType": {
    "*": {
      "green": { "base": "blocks/plants/green" },
      "crimson": { "base": "blocks/plants/crimson" },
      "yellow-green": { "base": "blocks/plants/yellow-green" },
      "crimson-green": { "base": "blocks/plants/crimson-green" },
      "cream-green": { "base": "blocks/plants/cream-green" },
      "pink-green": { "base": "blocks/plants/pink-green" },
      "tree": { "base": "blocks/plants/tree" },
      "fertlow": { "base": "game:block/soil/fertlow" },
      "seed": { "base": "blocks/plants/seed" }
    }
  },

  "creativeinventory": {
    "general": [ "*-unstable-3-slow-rust-free", "*-permanent-1-slow-rust-free", "*-permanent-2-slow-rust-free", "*-permanent-3-slow-rust-free" ],
    "flora": [ "*-unstable-3-slow-rust-free", "*-permanent-1-slow-rust-free", "*-permanent-2-slow-rust-free", "*-permanent-3-slow-rust-free" ],
    "rustboundmagic": [ "*-unstable-3-slow-rust-free", "*-permanent-1-slow-rust-free", "*-permanent-2-slow-rust-free", "*-permanent-3-slow-rust-free" ]
  },

  "renderpass": "OpaqueNoCull",
  "drawtypeByType": {
    "*-free": "JSON",
    "*-snow": "JSONAndSnowLayer"
  },
  //"randomDrawOffset": true,
  "randomizeRotations": true,
  "randomizeAxes": "xz",
  "randomSizeAdjustByType": {
    "*-1-*": 0.10,
    "*-2-*": 0.10,
    "*-3-*": 0.10
  },
  "blockmaterial": "Plant",
  "replaceable": 3000,
  "resistance": 0.5,
  "lightAbsorption": 0,
  "rainPermeable": false,
  "materialDensity": 200,
  "maxstacksize": 16,
  "faceCullMode": "MergeMaterial",

  "combustibleProps": {
    "burnTemperature": 600,
    "burnDuration": 15
  },

  "sideopaqueByType": {
    "*-snow": {
      "all": false,
      "down": true
    },
    "*": { "all": false }
  },
  "sidesolid": {
    "all": false
  },

  "collisionbox": null,
  "selectionbox": {
    "x1": 0.125,
    "y1": 0,
    "z1": 0.125,
    "x2": 0.875,
    "y2": 0.25,
    "z2": 0.875
  },

  //"heldTpIdleAnimation": "holdbothhandslarge",
  //"heldTpUseAnimation": "twohandplaceblock",

  "sounds": {
    "place": "game:block/plant",
    "break": "game:block/plant",
    "hit": "game:block/plant"
  },

  "dropsByType": {
    "riftbloom-unstable-*-*-rust-*": [
      {
        "type": "block",
        "code": "riftbloom-permanent-1-slow-rust-free",
        "quantity": {
          "avg": 0.20
        }
      },
      {
        "type": "item",
        "code": "rustydust",
        "quantity": {
          "avg": 1
        }
      },
      {
        "type": "item",
        "code": "shiftingfibers",
        "quantity": {
          "avg": 1
        }
      }
    ],
    "riftbloom-permanent-1-*-rust-*": [
      {
        "type": "block",
        "code": "riftbloom-permanent-1-slow-rust-free",
        "quantity": {
          "avg": 1
        }
      }
    ],
    "riftbloom-permanent-2-*-rust-*": [
      {
        "type": "block",
        "code": "riftbloom-permanent-1-slow-rust-free",
        "quantity": {
          "avg": 1
        }
      }
    ],
    "riftbloom-permanent-3-*-rust-*": [
      {
        "type": "block",
        "code": "riftbloom-permanent-1-slow-rust-free",
        "quantity": {
          "avg": 1
        }
      },
      {
        "type": "item",
        "code": "rustydust",
        "quantity": {
          "avg": 1.5
        }
      },
      {
        "type": "item",
        "code": "shiftingfibers",
        "quantity": {
          "avg": 1.5
        }
      }
    ]
  },

  "frostable": true,
  "guiTransformByType": {
    "*-1-*": {
      "translation": {
        "x": 0,
        "y": 0,
        "z": 0
      },
      "rotation": {
        "x": -22,
        "y": 97,
        "z": 2
      },
      "origin": {
        "x": 0.53,
        "y": 0.04,
        "z": 0.51
      },
      "scale": 5
    },
    "*": {
      "origin": {
        "x": 0.5,
        "y": 0.5,
        "z": 0.5
      },
      "scale": 1.5
    }
  },
  "fpHandTransformByType": {
    "*-1-*": {
      "translation": {
        "x": -0.1,
        "y": 0,
        "z": 0
      },
      "rotation": {
        "x": -21,
        "y": 90,
        "z": 13
      },
      "origin": {
        "x": 0.5,
        "y": 0.14,
        "z": 0.5
      },
      "scale": 1.45
    },
    "*": {
      "translation": {
        "x": 0,
        "y": 0,
        "z": 0.5
      },
      "rotation": {
        "x": -51,
        "y": 28,
        "z": 68
      },
      "origin": {
        "x": 0.63,
        "y": -1.3,
        "z": 0.5
      },
      "scale": 2.5
    }
  },
  "tpHandTransform": {
    "translation": {
      "x": -1.2,
      "y": -0.65,
      "z": -0.58
    },
    "rotation": {
      "x": 0,
      "y": 6,
      "z": -90
    },
    "scale": 0.75
  },
  "groundTransformByType": {
    "*-1-*": {
      "translation": {
        "x": 0,
        "y": 0,
        "z": 0
      },
      "rotation": {
        "x": 0,
        "y": 0,
        "z": 0
      },
      "origin": {
        "x": 0.5,
        "y": 0,
        "z": 0.5
      },
      "scale": 3
    },
    "*": {
      "translation": {
        "x": 0,
        "y": 0,
        "z": 0.5
      },
      "rotation": {
        "x": -51,
        "y": 28,
        "z": 68
      },
      "origin": {
        "x": 0.63,
        "y": -1.3,
        "z": 0.5
      },
      "scale": 2.5
    }
  }
}