{
  "editor": {
    "allAngles": false,
    "entityTextureMode": false
  },
  "textureWidth": 16,
  "textureHeight": 16,
  "textureSizes": {
  },
  "textures": {
    "fireclay": "block/soil/redclay"
  },
  "elements": [
    {
      "name": "origin",
      "from": [ 8.0, 0.0, 8.0 ],
      "to": [ 8.0, 0.0, 8.0 ],
      "rotationOrigin": [ 8.0, 0.0, 8.0 ],
      "faces": {
      },
      "children": [
        {
          "name": "Main",
          "from": [ -2.5, 0.0, -3.0 ],
          "to": [ 2.5, 2.5, 2.0 ],
          "rotationOrigin": [ 0.5, 0.0, 0.0 ],
          "rotationY": 22.5,
          "faces": {
            "north": {
              "texture": "#fireclay",
              "uv": [ 3.0, 2.0, 8.0, 4.5 ]
            },
            "east": {
              "texture": "#fireclay",
              "uv": [ 0.0, 5.0, 2.5, 10.0 ],
              "rotation": 90
            },
            "south": {
              "texture": "#fireclay",
              "uv": [ 3.0, 11.0, 8.0, 13.5 ],
              "rotation": 180
            },
            "west": {
              "texture": "#fireclay",
              "uv": [ 9.0, 5.0, 11.5, 10.0 ],
              "rotation": 270
            },
            "up": {
              "texture": "#fireclay",
              "uv": [ 5.0, 1.0, 10.0, 6.0 ]
            },
            "down": {
              "texture": "#fireclay",
              "uv": [ 3.0, 5.0, 8.0, 10.0 ]
            }
          },
          "children": [
            {
              "name": "Cube1",
              "from": [ 3.0, 0.1, 3.0 ],
              "to": [ 6.5, 1.6, 6.0 ],
              "rotationOrigin": [ 5.0, 0.1, 5.0 ],
              "rotationY": 45.0,
              "faces": {
                "east": {
                  "texture": "#fireclay",
                  "uv": [ 4.0, 14.0, 7.0, 15.5 ]
                },
                "south": {
                  "texture": "#fireclay",
                  "uv": [ 8.0, 14.0, 11.5, 15.5 ]
                },
                "west": {
                  "texture": "#fireclay",
                  "uv": [ 12.0, 14.0, 15.0, 15.5 ]
                },
                "up": {
                  "texture": "#fireclay",
                  "uv": [ 0.0, 10.0, 3.5, 13.0 ]
                },
                "down": {
                  "texture": "#fireclay",
                  "uv": [ 4.0, 10.0, 7.5, 13.0 ]
                }
              }
            },
            {
              "name": "Cube3",
              "from": [ 1.0, 2.5, 1.0 ],
              "to": [ 4.0, 3.5, 4.0 ],
              "rotationOrigin": [ 2.5, 2.5, 2.5 ],
              "rotationY": -22.5,
              "faces": {
                "north": {
                  "texture": "#fireclay",
                  "uv": [ 4.0, 7.0, 7.0, 8.0 ]
                },
                "east": {
                  "texture": "#fireclay",
                  "uv": [ 7.0, 7.0, 10.0, 8.0 ]
                },
                "south": {
                  "texture": "#fireclay",
                  "uv": [ 10.0, 7.0, 13.0, 8.0 ]
                },
                "west": {
                  "texture": "#fireclay",
                  "uv": [ 13.0, 7.0, 16.0, 8.0 ]
                },
                "up": {
                  "texture": "#fireclay",
                  "uv": [ 4.0, 4.0, 7.0, 7.0 ]
                }
              }
            },
            {
              "name": "Cube5",
              "from": [ -3.0, 0.0, -1.0 ],
              "to": [ -1.0, 1.0, 1.5 ],
              "rotationOrigin": [ -2.0, 0.0, 0.5 ],
              "rotationY": -22.5,
              "faces": {
                "north": {
                  "texture": "#fireclay",
                  "uv": [ 6.0, 9.0, 8.0, 10.0 ]
                },
                "east": {
                  "texture": "#fireclay",
                  "uv": [ 8.0, 9.0, 10.5, 10.0 ]
                },
                "south": {
                  "texture": "#fireclay",
                  "uv": [ 11.0, 9.0, 13.0, 10.0 ]
                },
                "west": {
                  "texture": "#fireclay",
                  "uv": [ 13.0, 9.0, 15.5, 10.0 ]
                },
                "up": {
                  "texture": "#fireclay",
                  "uv": [ 6.0, 6.0, 8.0, 8.5 ]
                },
                "down": {
                  "texture": "#fireclay",
                  "uv": [ 8.0, 6.0, 10.0, 8.5 ]
                }
              }
            },
            {
              "name": "Cube6",
              "from": [ -2.0, 0.1, 3.5 ],
              "to": [ 1.5, 1.1, 6.5 ],
              "rotationOrigin": [ 0.0, 0.1, 5.0 ],
              "rotationY": 90.0,
              "faces": {
                "north": {
                  "texture": "#fireclay",
                  "uv": [ 5.0, 3.5, 8.5, 4.5 ]
                },
                "east": {
                  "texture": "#fireclay",
                  "uv": [ 3.0, 5.0, 6.0, 6.0 ]
                },
                "south": {
                  "texture": "#fireclay",
                  "uv": [ 0.0, 0.0, 3.5, 1.0 ]
                },
                "west": {
                  "texture": "#fireclay",
                  "uv": [ 0.0, 0.0, 3.0, 1.0 ]
                },
                "up": {
                  "texture": "#fireclay",
                  "uv": [ 0.0, 0.0, 3.5, 3.0 ]
                },
                "down": {
                  "texture": "#fireclay",
                  "uv": [ 0.0, 0.0, 3.5, 3.0 ]
                }
              },
              "children": [
                {
                  "name": "Cube9",
                  "from": [ 1.0, 1.0, 0.6 ],
                  "to": [ 2.0, 2.0, 1.6 ],
                  "rotationOrigin": [ 1.5, 1.0, 1.1 ],
                  "rotationY": -45.0,
                  "faces": {
                    "north": {
                      "texture": "#fireclay",
                      "uv": [ 8.0, 1.0, 9.0, 2.0 ]
                    },
                    "east": {
                      "texture": "#fireclay",
                      "uv": [ 9.0, 1.0, 10.0, 2.0 ]
                    },
                    "south": {
                      "texture": "#fireclay",
                      "uv": [ 10.0, 1.0, 11.0, 2.0 ]
                    },
                    "west": {
                      "texture": "#fireclay",
                      "uv": [ 11.0, 1.0, 12.0, 2.0 ]
                    },
                    "up": {
                      "texture": "#fireclay",
                      "uv": [ 8.0, 0.0, 9.0, 1.0 ]
                    },
                    "down": {
                      "texture": "#fireclay",
                      "uv": [ 9.0, 0.0, 10.0, 1.0 ]
                    }
                  }
                }
              ]
            },
            {
              "name": "Cube7",
              "from": [ 2.0, 0.1, -1.5 ],
              "to": [ 5.5, 1.6, 2.0 ],
              "rotationOrigin": [ 4.0, 0.1, 0.5 ],
              "rotationY": -112.5,
              "faces": {
                "north": {
                  "texture": "#fireclay",
                  "uv": [ 0.0, 14.0, 3.5, 15.5 ]
                },
                "south": {
                  "texture": "#fireclay",
                  "uv": [ 8.0, 14.0, 11.5, 15.5 ]
                },
                "west": {
                  "texture": "#fireclay",
                  "uv": [ 12.0, 14.0, 15.5, 15.5 ]
                },
                "up": {
                  "texture": "#fireclay",
                  "uv": [ 0.0, 10.0, 3.5, 13.5 ]
                },
                "down": {
                  "texture": "#fireclay",
                  "uv": [ 4.0, 10.0, 7.5, 13.5 ]
                }
              }
            },
            {
              "name": "Cube8",
              "from": [ 3.8, 2.5, 3.8 ],
              "to": [ 4.8, 3.0, 4.8 ],
              "rotationOrigin": [ 4.3, 2.5, 4.3 ],
              "rotationY": -22.5,
              "faces": {
                "north": {
                  "texture": "#fireclay",
                  "uv": [ 12.0, 5.0, 13.0, 5.5 ]
                },
                "east": {
                  "texture": "#fireclay",
                  "uv": [ 13.0, 5.0, 14.0, 5.5 ]
                },
                "south": {
                  "texture": "#fireclay",
                  "uv": [ 14.0, 5.0, 15.0, 5.5 ]
                },
                "west": {
                  "texture": "#fireclay",
                  "uv": [ 15.0, 5.0, 16.0, 5.5 ]
                },
                "up": {
                  "texture": "#fireclay",
                  "uv": [ 12.0, 4.0, 13.0, 5.0 ]
                }
              }
            },
            {
              "name": "Cube12",
              "from": [ 5.0, -0.1, 1.0 ],
              "to": [ 7.0, 0.9, 4.0 ],
              "rotationOrigin": [ 6.0, -0.1, 2.5 ],
              "rotationY": 22.5,
              "faces": {
                "north": {
                  "texture": "#fireclay",
                  "uv": [ 9.0, 13.0, 11.0, 14.0 ]
                },
                "east": {
                  "texture": "#fireclay",
                  "uv": [ 11.0, 13.0, 14.0, 14.0 ]
                },
                "south": {
                  "texture": "#fireclay",
                  "uv": [ 14.0, 13.0, 16.0, 14.0 ]
                },
                "up": {
                  "texture": "#fireclay",
                  "uv": [ 9.0, 10.0, 11.0, 13.0 ]
                },
                "down": {
                  "texture": "#fireclay",
                  "uv": [ 11.0, 10.0, 13.0, 13.0 ]
                }
              }
            }
          ]
        },
        {
          "name": "Cube10",
          "from": [ 1.5, 0.0, 4.0 ],
          "to": [ 2.5, 1.0, 5.0 ],
          "rotationOrigin": [ 2.0, 0.0, 4.5 ],
          "rotationY": 22.5,
          "faces": {
            "north": {
              "texture": "#fireclay",
              "uv": [ 12.0, 13.0, 13.0, 14.0 ]
            },
            "east": {
              "texture": "#fireclay",
              "uv": [ 13.0, 13.0, 14.0, 14.0 ]
            },
            "south": {
              "texture": "#fireclay",
              "uv": [ 14.0, 13.0, 15.0, 14.0 ]
            },
            "west": {
              "texture": "#fireclay",
              "uv": [ 15.0, 13.0, 16.0, 14.0 ]
            },
            "up": {
              "texture": "#fireclay",
              "uv": [ 12.0, 12.0, 13.0, 13.0 ]
            },
            "down": {
              "texture": "#fireclay",
              "uv": [ 13.0, 12.0, 14.0, 13.0 ]
            }
          }
        },
        {
          "name": "Cube11",
          "from": [ -5.0, 0.0, -4.0 ],
          "to": [ -4.0, 1.0, -3.0 ],
          "rotationOrigin": [ -4.5, 0.0, -3.5 ],
          "rotationY": -45.0,
          "faces": {
            "north": {
              "texture": "#fireclay",
              "uv": [ 12.0, 1.0, 13.0, 2.0 ]
            },
            "east": {
              "texture": "#fireclay",
              "uv": [ 13.0, 1.0, 14.0, 2.0 ]
            },
            "south": {
              "texture": "#fireclay",
              "uv": [ 14.0, 1.0, 15.0, 2.0 ]
            },
            "west": {
              "texture": "#fireclay",
              "uv": [ 15.0, 1.0, 16.0, 2.0 ]
            },
            "up": {
              "texture": "#fireclay",
              "uv": [ 12.0, 0.0, 13.0, 1.0 ]
            },
            "down": {
              "texture": "#fireclay",
              "uv": [ 13.0, 0.0, 14.0, 1.0 ]
            }
          }
        }
      ]
    }
  ]
}