{
	"editor": {
		"allAngles": false,
		"entityTextureMode": true
	},
	"textureWidth": 64,
	"textureHeight": 48,
	"textureSizes": {
	},
	"textures": {
	},
	"elements": [
		{
			"name": "origin",
			"from": [ 0.0, 8.0, 8.0 ],
			"to": [ 0.0, 8.0, 8.0 ],
			"uv": [ 0.0, 0.0 ],
			"rotationOrigin": [ 0.0, 8.0, 8.0 ],
			"rotationZ": -90.0,
			"faces": {
			},
			"children": [
				{
					"name": "Pelt Center",
					"from": [ -3.0, 0.0, -1.8 ],
					"to": [ 1.2, 0.9, 1.8 ],
					"unwrapMode": 7,
					"unwrapRotation": 1,
					"autoUnwrap": false,
					"uv": [ 8.5, 10.0 ],
					"rotationOrigin": [ -1.2, 0.0, -0.18 ],
					"faces": {
						"north": { "texture": "#skin", "uv": [ 16.0, 11.5, 17.5, 18.5 ], "rotation": 90, "autoUv": false },
						"east": { "texture": "#skin", "uv": [ 13.5, 30.5, 19.5, 32.0 ], "autoUv": false },
						"south": { "texture": "#skin", "uv": [ 8.5, 11.5, 10.0, 18.5 ], "rotation": 270, "autoUv": false },
						"west": { "texture": "#skin", "uv": [ 1.0, 30.5, 7.0, 32.0 ], "rotation": 180, "autoUv": false },
						"up": { "texture": "#skin", "uv": [ 10.0, 11.5, 16.0, 18.5 ], "rotation": 270, "autoUv": false },
						"down": { "texture": "#skin", "uv": [ 24.5, 11.5, 30.5, 18.5 ], "rotation": 90, "autoUv": false }
					},
					"children": [
						{
							"name": "Pelt Neck",
							"from": [ -0.9, 0.006, 0.3 ],
							"to": [ 1.5, 0.846, 3.3 ],
							"unwrapMode": 7,
							"unwrapRotation": 1,
							"autoUnwrap": false,
							"uv": [ 10.0, 6.0 ],
							"rotationOrigin": [ -0.9, 0.0, 0.3 ],
							"faces": {
								"north": { "texture": "#skin", "uv": [ 16.0, 7.0, 17.0, 11.0 ], "rotation": 90, "autoUv": false },
								"south": { "texture": "#skin", "uv": [ 10.0, 7.0, 11.0, 11.0 ], "rotation": 270, "autoUv": false },
								"west": { "texture": "#skin", "uv": [ 11.0, 5.5, 16.0, 6.5 ], "rotation": 180, "autoUv": false, "windMode": [-1,-1,-1,-1] },
								"up": { "texture": "#skin", "uv": [ 11.0, 7.0, 16.0, 11.0 ], "rotation": 270, "autoUv": false },
								"down": { "texture": "#skin", "uv": [ 22.0, 7.0, 27.0, 11.0 ], "rotation": 90, "autoUv": false }
							}
						},
						{
							"name": "Pelt Tail",
							"from": [ 3.24, 0.006, 0.12 ],
							"to": [ 5.64, 0.846, 3.48 ],
							"unwrapMode": 7,
							"unwrapRotation": 1,
							"autoUnwrap": false,
							"uv": [ 9.0, 19.0 ],
							"rotationOrigin": [ 3.24, 0.0, 0.12 ],
							"faces": {
								"north": { "texture": "#skin", "uv": [ 15.5, 19.0, 16.5, 23.0 ], "rotation": 90, "autoUv": false },
								"east": { "texture": "#skin", "uv": [ 7.5, 30.5, 13.0, 31.5 ], "autoUv": false },
								"south": { "texture": "#skin", "uv": [ 9.0, 19.0, 10.0, 23.0 ], "rotation": 270, "autoUv": false },
								"up": { "texture": "#skin", "uv": [ 10.0, 19.0, 15.5, 23.0 ], "rotation": 270, "autoUv": false },
								"down": { "texture": "#skin", "uv": [ 7.5, 32.5, 13.0, 36.5 ], "rotation": 90, "autoUv": false }
							},
							"children": [
								{
									"name": "Pelt Tail 2",
									"from": [ 0.6, 0.006, 0.18 ],
									"to": [ 3.0, 0.726, 3.18 ],
									"unwrapMode": 7,
									"unwrapRotation": 1,
									"autoUnwrap": false,
									"uv": [ 9.0, 22.5 ],
									"rotationOrigin": [ 0.6, 0.0, 0.18 ],
									"faces": {
										"north": { "texture": "#skin", "uv": [ 15.0, 23.5, 16.0, 27.5 ], "rotation": 90, "autoUv": false },
										"east": { "texture": "#skin", "uv": [ 10.0, 27.5, 15.0, 28.5 ], "autoUv": false },
										"south": { "texture": "#skin", "uv": [ 9.0, 23.5, 10.0, 27.5 ], "rotation": 270, "autoUv": false },
										"west": { "texture": "#skin", "uv": [ 22.5, 19.5, 27.5, 20.5 ], "rotation": 180, "autoUv": false },
										"up": { "texture": "#skin", "uv": [ 10.0, 23.5, 15.0, 27.5 ], "rotation": 270, "autoUv": false },
										"down": { "texture": "#skin", "uv": [ 22.5, 20.5, 27.5, 24.5 ], "rotation": 90, "autoUv": false }
									},
									"children": [
										{
											"name": "Tail Feathers",
											"from": [ 1.5, 0.006, 0.06 ],
											"to": [ 3.9, 0.606, 2.94 ],
											"unwrapMode": 7,
											"unwrapRotation": 1,
											"autoUnwrap": false,
											"uv": [ 49.5, 40.0 ],
											"rotationOrigin": [ 1.5, 0.006, 0.06 ],
											"faces": {
												"north": { "texture": "#skin", "uv": [ 55.0, 40.0, 56.0, 44.0 ], "rotation": 90, "autoUv": false },
												"south": { "texture": "#skin", "uv": [ 49.5, 40.0, 50.5, 44.0 ], "rotation": 270, "autoUv": false },
												"up": { "texture": "#skin", "uv": [ 50.5, 40.0, 55.0, 44.0 ], "rotation": 270, "autoUv": false },
												"down": { "texture": "#skin", "uv": [ 58.5, 40.0, 63.0, 44.0 ], "rotation": 90, "autoUv": false }
											}
										}
									]
								}
							]
						}
					]
				}
			]
		}
	]}