{
	"editor": {
		"allAngles": false,
		"entityTextureMode": true
	},
	"textureWidth": 64,
	"textureHeight": 52,
	"textureSizes": {
	},
	"textures": {
	},
	"elements": [
		{
			"name": "origin",
			"from": [ 0.0, 8.0, 8.0 ],
			"to": [ 0.0, 8.0, 8.0 ],
			"uv": [ 0.0, 0.0 ],
			"rotationOrigin": [ 0.0, 8.0, 8.0 ],
			"rotationZ": -90.0,
			"faces": {
			},
			"children": [
				{
					"name": "Pelt Center",
					"from": [ -5.0, 0.0, -4.0 ],
					"to": [ 4.0, 1.5, 4.0 ],
					"unwrapMode": 7,
					"unwrapRotation": 1,
					"autoUnwrap": false,
					"uv": [ 7.5, 11.0 ],
					"rotationOrigin": [ -2.0, 0.0, -1.3 ],
					"faces": {
						"north": { "texture": "#skin", "uv": [ 17.0, 12.5, 18.5, 21.5 ], "rotation": 90 },
						"east": { "texture": "#skin", "uv": [ 18.5, 34.5, 26.5, 36.0 ] },
						"south": { "texture": "#skin", "uv": [ 7.5, 12.5, 9.0, 21.5 ], "rotation": 270 },
						"west": { "texture": "#skin", "uv": [ 1.0, 34.5, 9.0, 36.0 ], "rotation": 180 },
						"up": { "texture": "#skin", "uv": [ 9.0, 12.5, 17.0, 21.5 ], "rotation": 270 },
						"down": { "texture": "#skin", "uv": [ 25.0, 12.5, 33.0, 21.5 ], "rotation": 90 }
					},
					"children": [
						{
							"name": "Pelt Neck",
							"from": [ -1.5, 0.01, 0.5 ],
							"to": [ 2.5, 1.41, 7.5 ],
							"unwrapMode": 7,
							"unwrapRotation": 1,
							"autoUnwrap": false,
							"uv": [ 8.5, 7.0 ],
							"rotationOrigin": [ -1.5, 0.0, 0.5 ],
							"faces": {
								"north": { "texture": "#skin", "uv": [ 16.5, 8.0, 17.5, 12.0 ], "rotation": 90 },
								"south": { "texture": "#skin", "uv": [ 8.5, 8.0, 9.5, 12.0 ], "rotation": 270 },
								"west": { "texture": "#skin", "uv": [ 23.5, 22.5, 30.5, 23.5 ], "rotation": 180, "windMode": [-1,-1,-1,-1] },
								"up": { "texture": "#skin", "uv": [ 9.5, 8.0, 16.5, 12.0 ], "rotation": 270 },
								"down": { "texture": "#skin", "uv": [ 23.5, 8.0, 30.5, 12.0 ], "rotation": 90 }
							}
						},
						{
							"name": "Pelt Tail",
							"from": [ 6.4, 0.01, 0.2 ],
							"to": [ 11.4, 1.41, 7.8 ],
							"unwrapMode": 7,
							"unwrapRotation": 1,
							"autoUnwrap": false,
							"uv": [ 7.5, 22.0 ],
							"rotationOrigin": [ 6.4, 0.0, 0.2 ],
							"faces": {
								"north": { "texture": "#skin", "uv": [ 16.0, 22.0, 17.0, 27.0 ], "rotation": 90 },
								"east": { "texture": "#skin", "uv": [ 10.0, 34.5, 17.5, 35.5 ] },
								"south": { "texture": "#skin", "uv": [ 7.5, 22.0, 8.5, 27.0 ], "rotation": 270 },
								"up": { "texture": "#skin", "uv": [ 8.5, 22.0, 16.0, 27.0 ], "rotation": 270 },
								"down": { "texture": "#skin", "uv": [ 10.0, 34.5, 17.5, 39.5 ], "rotation": 90 }
							},
							"children": [
								{
									"name": "Pelt Tail 2",
									"from": [ 3.0, 0.01, 0.3 ],
									"to": [ 7.0, 1.21, 7.3 ],
									"unwrapMode": 7,
									"unwrapRotation": 1,
									"autoUnwrap": false,
									"uv": [ 8.0, 26.5 ],
									"rotationOrigin": [ 3.0, 0.0, 0.3 ],
									"faces": {
										"north": { "texture": "#skin", "uv": [ 16.0, 27.5, 17.0, 31.5 ], "rotation": 90 },
										"east": { "texture": "#skin", "uv": [ 9.0, 31.5, 16.0, 32.5 ] },
										"south": { "texture": "#skin", "uv": [ 8.0, 27.5, 9.0, 31.5 ], "rotation": 270 },
										"west": { "texture": "#skin", "uv": [ 42.0, 37.0, 49.0, 38.0 ], "rotation": 180 },
										"up": { "texture": "#skin", "uv": [ 9.0, 27.5, 16.0, 31.5 ], "rotation": 270 },
										"down": { "texture": "#skin", "uv": [ 42.0, 37.0, 49.0, 41.0 ], "rotation": 90 }
									},
									"children": [
										{
											"name": "Tail Feathers",
											"from": [ 0.5, 0.01, 0.1 ],
											"to": [ 6.5, 1.01, 6.9 ],
											"unwrapMode": 7,
											"unwrapRotation": 1,
											"autoUnwrap": false,
											"uv": [ 29.5, 43.5 ],
											"rotationOrigin": [ 0.5, 0.01, 0.1 ],
											"faces": {
												"north": { "texture": "#skin", "uv": [ 37.0, 43.5, 38.0, 49.5 ], "rotation": 90 },
												"south": { "texture": "#skin", "uv": [ 29.5, 43.5, 30.5, 49.5 ], "rotation": 270 },
												"up": { "texture": "#skin", "uv": [ 30.5, 43.5, 37.0, 49.5 ], "rotation": 270 },
												"down": { "texture": "#skin", "uv": [ 40.5, 43.5, 47.0, 49.5 ], "rotation": 90 }
											}
										}
									]
								}
							]
						}
					]
				}
			]
		}
	]}