{
	"editor": {
		"allAngles": false,
		"entityTextureMode": true
	},
	"textureWidth": 64,
	"textureHeight": 52,
	"textureSizes": {
	},
	"textures": {
	},
	"elements": [
		{
			"name": "origin",
			"from": [ 0.0, 8.0, 8.0 ],
			"to": [ 0.0, 8.0, 8.0 ],
			"uv": [ 0.0, 0.0 ],
			"rotationOrigin": [ 0.0, 8.0, 8.0 ],
			"rotationZ": -90.0,
			"faces": {
			},
			"children": [
				{
					"name": "Pelt Center",
					"from": [ -4.5, 0.0, -3.6 ],
					"to": [ 3.6, 1.35, 3.6 ],
					"unwrapMode": 7,
					"unwrapRotation": 1,
					"autoUnwrap": false,
					"uv": [ 7.5, 11.0 ],
					"rotationOrigin": [ -1.8, 0.0, -1.17 ],
					"faces": {
						"north": { "texture": "#skin", "uv": [ 17.0, 12.5, 18.5, 21.5 ], "rotation": 90, "autoUv": false },
						"east": { "texture": "#skin", "uv": [ 18.5, 34.5, 26.5, 36.0 ], "autoUv": false },
						"south": { "texture": "#skin", "uv": [ 7.5, 12.5, 9.0, 21.5 ], "rotation": 270, "autoUv": false },
						"west": { "texture": "#skin", "uv": [ 1.0, 34.5, 9.0, 36.0 ], "rotation": 180, "autoUv": false },
						"up": { "texture": "#skin", "uv": [ 9.0, 12.5, 17.0, 21.5 ], "rotation": 270, "autoUv": false },
						"down": { "texture": "#skin", "uv": [ 25.0, 12.5, 33.0, 21.5 ], "rotation": 90, "autoUv": false }
					},
					"children": [
						{
							"name": "Pelt Neck",
							"from": [ -1.35, 0.009, 0.45 ],
							"to": [ 2.25, 1.269, 6.75 ],
							"unwrapMode": 7,
							"unwrapRotation": 1,
							"autoUnwrap": false,
							"uv": [ 8.5, 7.0 ],
							"rotationOrigin": [ -1.35, 0.0, 0.45 ],
							"faces": {
								"north": { "texture": "#skin", "uv": [ 16.5, 8.0, 17.5, 12.0 ], "rotation": 90, "autoUv": false },
								"south": { "texture": "#skin", "uv": [ 8.5, 8.0, 9.5, 12.0 ], "rotation": 270, "autoUv": false },
								"west": { "texture": "#skin", "uv": [ 23.5, 22.5, 30.5, 23.5 ], "rotation": 180, "autoUv": false, "windMode": [-1,-1,-1,-1] },
								"up": { "texture": "#skin", "uv": [ 9.5, 8.0, 16.5, 12.0 ], "rotation": 270, "autoUv": false },
								"down": { "texture": "#skin", "uv": [ 23.5, 8.0, 30.5, 12.0 ], "rotation": 90, "autoUv": false }
							}
						},
						{
							"name": "Pelt Tail",
							"from": [ 5.76, 0.009, 0.18 ],
							"to": [ 10.26, 1.269, 7.02 ],
							"unwrapMode": 7,
							"unwrapRotation": 1,
							"autoUnwrap": false,
							"uv": [ 7.5, 22.0 ],
							"rotationOrigin": [ 5.76, 0.0, 0.18 ],
							"faces": {
								"north": { "texture": "#skin", "uv": [ 16.0, 22.0, 17.0, 27.0 ], "rotation": 90, "autoUv": false },
								"east": { "texture": "#skin", "uv": [ 10.0, 34.5, 17.5, 35.5 ], "autoUv": false },
								"south": { "texture": "#skin", "uv": [ 7.5, 22.0, 8.5, 27.0 ], "rotation": 270, "autoUv": false },
								"up": { "texture": "#skin", "uv": [ 8.5, 22.0, 16.0, 27.0 ], "rotation": 270, "autoUv": false },
								"down": { "texture": "#skin", "uv": [ 10.0, 34.5, 17.5, 39.5 ], "rotation": 90, "autoUv": false }
							},
							"children": [
								{
									"name": "Pelt Tail 2",
									"from": [ 2.7, 0.009, 0.27 ],
									"to": [ 6.3, 1.089, 6.57 ],
									"unwrapMode": 7,
									"unwrapRotation": 1,
									"autoUnwrap": false,
									"uv": [ 8.0, 26.5 ],
									"rotationOrigin": [ 2.7, 0.0, 0.27 ],
									"faces": {
										"north": { "texture": "#skin", "uv": [ 16.0, 27.5, 17.0, 31.5 ], "rotation": 90, "autoUv": false },
										"east": { "texture": "#skin", "uv": [ 9.0, 31.5, 16.0, 32.5 ], "autoUv": false },
										"south": { "texture": "#skin", "uv": [ 8.0, 27.5, 9.0, 31.5 ], "rotation": 270, "autoUv": false },
										"west": { "texture": "#skin", "uv": [ 42.0, 37.0, 49.0, 38.0 ], "rotation": 180, "autoUv": false },
										"up": { "texture": "#skin", "uv": [ 9.0, 27.5, 16.0, 31.5 ], "rotation": 270, "autoUv": false },
										"down": { "texture": "#skin", "uv": [ 42.0, 37.0, 49.0, 41.0 ], "rotation": 90, "autoUv": false }
									},
									"children": [
										{
											"name": "Tail Feathers",
											"from": [ 0.45, 0.009, 0.09 ],
											"to": [ 5.85, 0.909, 6.21 ],
											"unwrapMode": 7,
											"unwrapRotation": 1,
											"autoUnwrap": false,
											"uv": [ 29.5, 43.5 ],
											"rotationOrigin": [ 0.45, 0.009, 0.09 ],
											"faces": {
												"north": { "texture": "#skin", "uv": [ 37.0, 43.5, 38.0, 49.5 ], "rotation": 90, "autoUv": false },
												"south": { "texture": "#skin", "uv": [ 29.5, 43.5, 30.5, 49.5 ], "rotation": 270, "autoUv": false },
												"up": { "texture": "#skin", "uv": [ 30.5, 43.5, 37.0, 49.5 ], "rotation": 270, "autoUv": false },
												"down": { "texture": "#skin", "uv": [ 40.5, 43.5, 47.0, 49.5 ], "rotation": 90, "autoUv": false }
											}
										}
									]
								}
							]
						}
					]
				}
			]
		}
	]}