{
	"editor": {
		"allAngles": false,
		"entityTextureMode": true
	},
	"textureWidth": 56,
	"textureHeight": 36,
	"textureSizes": {
	},
	"textures": {
	},
	"elements": [
		{
			"name": "origin",
			"from": [ 0.0, 8.0, 8.0 ],
			"to": [ 0.0, 8.0, 8.0 ],
			"uv": [ 0.0, 0.0 ],
			"rotationOrigin": [ 0.0, 8.0, 8.0 ],
			"rotationZ": -90.0,
			"faces": {
			},
			"children": [
				{
					"name": "Pelt Center",
					"from": [ -1.2, 0.0, -0.96 ],
					"to": [ 1.04, 0.6, 0.96 ],
					"unwrapMode": 7,
					"unwrapRotation": 1,
					"autoUnwrap": false,
					"uv": [ 6.0, 8.0 ],
					"faces": {
						"north": { "texture": "#skin", "uv": [ 11.5, 9.5, 13.0, 15.0 ], "rotation": 90, "autoUv": false },
						"east": { "texture": "#skin", "uv": [ 11.0, 24.5, 15.5, 26.0 ], "autoUv": false },
						"south": { "texture": "#skin", "uv": [ 5.5, 9.5, 7.0, 15.0 ], "rotation": 270, "autoUv": false },
						"west": { "texture": "#skin", "uv": [ 1.0, 24.5, 5.5, 26.0 ], "rotation": 180, "autoUv": false },
						"up": { "texture": "#skin", "uv": [ 7.0, 9.5, 11.5, 15.0 ], "rotation": 270, "autoUv": false },
						"down": { "texture": "#skin", "uv": [ 18.5, 9.5, 23.0, 15.0 ], "rotation": 90, "autoUv": false }
					},
					"children": [
						{
							"name": "Pelt Neck",
							"from": [ -0.6, 0.004, 0.16 ],
							"to": [ 0.36, 0.564, 1.76 ],
							"unwrapMode": 7,
							"unwrapRotation": 1,
							"autoUnwrap": false,
							"uv": [ 6.5, 6.0 ],
							"rotationOrigin": [ -0.6, 0.0, 0.16 ],
							"faces": {
								"north": { "texture": "#skin", "uv": [ 11.5, 7.0, 12.5, 9.0 ], "rotation": 90, "autoUv": false },
								"south": { "texture": "#skin", "uv": [ 6.5, 7.0, 7.5, 9.0 ], "rotation": 270, "autoUv": false },
								"west": { "texture": "#skin", "uv": [ 7.5, 5.5, 11.5, 6.5 ], "rotation": 180, "autoUv": false, "windMode": [-1,-1,-1,-1] },
								"up": { "texture": "#skin", "uv": [ 7.5, 7.0, 11.5, 9.0 ], "rotation": 270, "autoUv": false },
								"down": { "texture": "#skin", "uv": [ 17.0, 7.0, 21.0, 9.0 ], "rotation": 90, "autoUv": false }
							}
						},
						{
							"name": "Pelt Tail",
							"from": [ 1.6, 0.004, 0.06 ],
							"to": [ 2.88, 0.564, 1.86 ],
							"unwrapMode": 7,
							"unwrapRotation": 1,
							"autoUnwrap": false,
							"uv": [ 6.5, 15.5 ],
							"rotationOrigin": [ 1.6, 0.0, 0.06 ],
							"faces": {
								"north": { "texture": "#skin", "uv": [ 12.0, 15.5, 13.0, 18.5 ], "rotation": 90, "autoUv": false },
								"east": { "texture": "#skin", "uv": [ 6.0, 24.5, 10.5, 25.5 ], "autoUv": false },
								"south": { "texture": "#skin", "uv": [ 6.5, 15.5, 7.5, 18.5 ], "rotation": 270, "autoUv": false },
								"up": { "texture": "#skin", "uv": [ 7.5, 15.5, 12.0, 18.5 ], "rotation": 270, "autoUv": false },
								"down": { "texture": "#skin", "uv": [ 18.5, 12.0, 23.0, 15.0 ], "rotation": 90, "autoUv": false }
							},
							"children": [
								{
									"name": "Pelt Tail 2",
									"from": [ 0.4, 0.004, 0.1 ],
									"to": [ 1.68, 0.484, 1.7 ],
									"unwrapMode": 7,
									"unwrapRotation": 1,
									"autoUnwrap": false,
									"uv": [ 6.5, 18.0 ],
									"rotationOrigin": [ 0.4, 0.0, 0.1 ],
									"faces": {
										"north": { "texture": "#skin", "uv": [ 11.5, 19.0, 12.5, 22.0 ], "rotation": 90, "autoUv": false },
										"east": { "texture": "#skin", "uv": [ 7.5, 22.0, 11.5, 23.0 ], "autoUv": false },
										"south": { "texture": "#skin", "uv": [ 6.5, 19.0, 7.5, 22.0 ], "rotation": 270, "autoUv": false },
										"west": { "texture": "#skin", "uv": [ 6.0, 25.5, 10.0, 26.5 ], "rotation": 180, "autoUv": false },
										"up": { "texture": "#skin", "uv": [ 7.5, 19.0, 11.5, 22.0 ], "rotation": 270, "autoUv": false },
										"down": { "texture": "#skin", "uv": [ 19.5, 16.5, 23.5, 19.5 ], "rotation": 90, "autoUv": false }
									},
									"children": [
										{
											"name": "Tail Feathers",
											"from": [ 0.6, 0.004, 0.04 ],
											"to": [ 1.88, 0.404, 1.56 ],
											"unwrapMode": 7,
											"unwrapRotation": 1,
											"autoUnwrap": false,
											"uv": [ 26.0, 31.5 ],
											"rotationOrigin": [ 0.6, 0.004, 0.04 ],
											"faces": {
												"north": { "texture": "#skin", "uv": [ 31.0, 31.5, 32.0, 34.5 ], "rotation": 90, "autoUv": false },
												"south": { "texture": "#skin", "uv": [ 26.5, 31.5, 27.5, 34.5 ], "rotation": 270, "autoUv": false },
												"up": { "texture": "#skin", "uv": [ 27.5, 31.5, 31.0, 34.5 ], "rotation": 270, "autoUv": false },
												"down": { "texture": "#skin", "uv": [ 34.0, 31.5, 37.5, 34.5 ], "rotation": 90, "autoUv": false }
											}
										}
									]
								}
							]
						}
					]
				}
			]
		}
	]}