[
  {
    "ingredients": [
      {
        "inputs": [
          {
            "type": "item",
            "code": "chemistrylib:mineralacidportion-*",
            "quantity": 10
          }
        ]
      },
      {
        "inputs": [
          {
            "type": "item",
            "code": "chemistrylib:phenolateportion",
            "quantity": 10
          }
        ]
      }
    ],
    "output": {
      "type": "item",
      "code": "chemistrylib:phenol",
      "stackSize": 1
    }
  }
] 