﻿{
	code: "herbalacornbreadcrumbs",
  	class: "ExpandedFood",
	"enabled":  false,
	maxstacksize: 128,
	attributes: {
		"handbook": { "groupBy": [ "herbalacornbreadcrumbs-*" ] },
		nutritionPropsWhenInMeal: { 
			satietyByType:  { 
				"*":  220 
			},
			"health": 0.5,
			foodcategory: "Grain" 
		},
		expandedNutritionProps: {
      		"wildcraftherb:herb-mustard" : { saturation: 16, "health": 0.5, foodcategory: "Vegetable" },
      		"wildcraftherb:herb-poisonoak" : { saturation: 11, "health": -0.5, foodcategory: "Vegetable" },
      		"wildcraftherb:herb-stingingnettle" : { saturation: 11, foodcategory: "Vegetable" },
      		"wildcraftherb:herb-basil" : { saturation: 11, "health": 0.875, foodcategory: "Vegetable" },
      		"wildcraftherb:herb-*" : { saturation: 8, "health": 0.25, foodcategory: "Vegetable" },
		},
	},
	shape: {  base: "item/food/bread/crumbs/breadcrumbs-acorn" },
  	textures: {
		"acorn": {base: "item/food/grain/herbal/crumbs/breadcrumbs-acorn" },
  	},
	creativeinventory: { "general": ["*"], "items": ["*"], "expandedfoods": ["*"] },
	nutritionPropsByType: {
		"*": { saturation: 110, "health": 0.25, foodcategory: "Grain" }
	},
	transitionableProps: [{
		type: "Perish",
		freshHours: { avg: 432 },
		transitionHours: { avg: 36 },
		transitionedStack: { type: "item", code: "game:rot" },
		transitionRatio: 1
	}],
	materialDensity: 200,
	guiTransform: {
		translation: { x: 2.5, y: -3, z: 0 },
		rotation: { x: 137, y: 131, z: 0 },
		origin: { x: 0.5, y: 0.2, z: 0.5 },
		scale: 1.65,
		rotate: true,
	},
	fpHandTransform: {
		translation: { x: 0, y: 0, z: 0 },
		rotation: { x: 51, y: 90, z: -30 },
		scale: 1.9
	},
	tpHandTransform: {
		translation: { x: -0.7, y: -0.14, z: -0.6 },
		rotation: { x: 1, y: -1, z: -31 },
		origin: { x: 0.5, y: 0.1, z: 0.5 },
		scale: 0.79
	},
	groundTransform: {
			translation: { x: 0, y: 0, z: 0 },
			rotation: { x: 0, y: 0, z: 0 },
			origin: { x: 0.5, y: 0, z: 0.5 },
			scale: 1.25
	},
}