{
	code: "sapling",
	class: "BlockPlant",
	entityclassByType: {
		"*": "Sapling",
	},
	attributes: {
		treeGenByType: {
			"*-alder-*": "alder",
			"*-bearnut-*": "bearnut",
			"*-beech-*": "beech",
			"*-poplar-*": "blackpoplar",
			"*-bluemahoe-*": "bluemahoe",
			"*-bluespruce-*": "bluespruce",
			"*-brideinwhite-*": "brideinwhite",
			"*-catalpa-*": "catalpa",
			"*-cedar-*": "cedar",
			"*-dalbergia-*": "dalbergia",
			"*-douglasfir-*": "coastdouglasfir",
			"*-elm-*": "elm",
			"*-empresstree-*": "empresstree",
			"*-eucalyptus-*": "eucalyptus",
			"*-ghostgum-*": "ghostgum",
			"*-banyan-*": "banyan",
			"*-ginkgo-*": "ginkgo",
			"*-guajacum-*": "guajacum",
			"*-honeylocust-*": "honeylocust",
			"*-jacaranda-*": "jacaranda",
			"*-kauri-*": "kauri",
			"*-mahogany-*": "mahogany",
			"*-ohia-*": "ohia",
			"*-redcedar-*": "redcedar",
			"*-redwillow-*": "redwillow",
			"*-sourwood-*": "sourwood",
			"*-sal-*": "sal",
			"*-saxaul-*": "saxaul",
			"*-spruce-*": "spruce",
			"*-sycamore-*": "sycamore",
			"*-tuja-*": "tuja",
			"*-umnini-*": "umnini",
			"*-wiliwili-*": "wiliwili",
			"*-willow-*": "willow",
			"*-yew-*": "yew",
			"*-satinash-*": "satinash",
			"*-fir-*": "truefir",
			"*-horsechestnut-*": "horsechestnut",
			"*-mousetrap-*": "mousetrap",
			"*-aspen-*": "aspen",
			"*-azobe-*": "azobe",
			"*-leadwood-*": "leadwood",
			"*-tamanu-*": "tamanu",
			"*-mangrove-*": "mangrove",
			"*-tigerwood-*": "tigerwood",
			"*-heather-*": "treeheather",
			"*-linden-*": "linden",
			"*-ash-*": "ash",
			"*-sapele-*": "sapele",
			"*-crownofthorns-*": "crownofthorns",
			"*-spurgetree-*": "spurgetree",
		},
		reinforcable: true,
		sproutDays: { avg: 1.5, var: 0.5 },
		matureDaysByType: {
			"*-yew-*": { avg: 20, var: 4 },
			"*-ginkgo-*": { avg: 14, var: 4 },
			"*-saxaul-*": { avg: 14, var: 4 },
			"*-mahogany-*": { avg: 12, var: 3 },
			"*-umnini-*": { avg: 18, var: 3 },
			"*-guajacum-*": { avg: 14, var: 2 },
			"*-catalpa-*": { avg: 6, var: 1 },
			"*-willow-*": { avg: 6, var: 1 },
			"*-dalbergia-*": { avg: 20, var: 4 },
			"*-bluemahoe-*": { avg: 5, var: 2 },
			"*-honeylocust-*": { avg: 5, var: 2 },
			"*-eucalyptus-*": { avg: 10, var: 2 },
			"*-ghostgum-*": { avg: 10, var: 2 },
			"*-fir-*": { avg: 10, var: 2 },
			"*-leadwood-*": { avg: 12, var: 2 },
			"*-ohia-*": { avg: 12, var: 3 },
			"*-elm-*": { avg: 12, var: 2 },
			"*-tigerwood-*": { avg: 10, var: 2 },
			"*-wiliwili-*": { avg: 10, var: 2 },
			"*-bluespruce-*": { avg: 12, var: 3 },
			"*-spruce-*": { avg: 12, var: 3 },
			"*-kauri-*": { avg: 12, var: 3 },
			"*-alder-*": { avg: 5, var: 1 },
			"*-sourwood-*": { avg: 5, var: 1 },
			"*-redwillow-*": { avg: 5, var: 1 },
			"*-brideinwhite-*": { avg: 5, var: 1 },
			"*-aspen-*": { avg: 5, var: 1 },
			"*-douglasfir-*": { avg: 35, var: 10 },
			"*-redcedar-*": { avg: 30, var: 8 },
			"*": { avg: 7, var: 2 },
		},
		plantContainable: {
			largeContainer: {
				shapeByType: {
					"*": { base:  "wildcrafttree:block/plant/sapling/plaintree/potted/{wood}-large" }
				}
			}
		}
	},
	variantgroups: [
		{ code: "wood", states: ["bluespruce", "wiliwili", "crownofthorns", "brideinwhite", "alder", "redwillow", "aspen", "heather", "sourwood", "mousetrap"], loadFromProperties: "wildcrafttree:block/wood" },
		{ code: "cover", states: ["free", "snow"] },
	],
	skipVariants: [ "*-chlorociboria-*", "*-petrified-*", "*-charred-*" ],
	creativeinventory: { "general": ["*-free"], "flora": ["*-free"], "wildcrafttree": ["*-free"] },
	storageFlags: 33,
	renderpass: "OpaqueNoCull",
	drawtypeByType: {
		"*-free": "JSON",
		"*-snow": "JSONAndSnowLayer",
	},
	randomDrawOffset: true,
	randomizeRotations: true,
	shapeByType: {
		"*": { base: "wildcrafttree:block/plant/sapling/plaintree/{wood}" },
	},
	drops: [
		{ type: "block", code: "wildcrafttree:sapling-{wood}-free", quantity: { avg: 1, var: 0 }  }
	],
	blockmaterial: "Plant",
	sideopaqueByType: {
		"*-snow": { all: false, down: true },
		"*": { all: false }
	},
	sidesolid: {
		all: false
	},
	textures: {
		"fertlow": { base: "game:block/soil/fertlow" }
	},
	replaceable: 5200,
	lightAbsorption: 0,
	resistance: 1,
	collisionbox: null,
	selectionbox: {
		x1: 0.3, y1: 0, z1: 0.2,
		x2: 0.7, y2: 0.5, z2: 0.7
	},
	sounds: {
		place: "game:block/plant",
		break: "game:block/plant",
		hit: "game:block/plant",
	},
	rainPermeable: true,
	materialDensity: 200,
	combustibleProps: {
		burnTemperature: 600,
		burnDuration: 10,
	},
	guiTransformByType: {
		"*": {
			rotation: { x: -22, y: -44, z: 0 },
			origin: { x: 0.5, y: 0.28, z: 0.5 },
			scale: 2.6
		}
	},
	tpHandTransform: {
		translation: { x: -1.3, y: -1, z: -1 },
		rotation: { x: 2, y: -12, z: -105 },
		scale: 0.5
	},
	groundTransform: {
		translation: { x: 0, y: 0, z: 0 },
		rotation: { x: 0, y: -45, z: 0 },
		origin: { x: 0.5, y: 0, z: 0.5 },
		scale: 3
	},
	frostable: true
}