{
	"code": "largenest",
	"class": "BlockAnimalNestLarge",
	"entityClass": "AnimalNestLarge",
	"behaviors": [{ "name": "CollectFrom"}],
	"variantgroups": [
        { "code": "ownerBird", "states": ["cockatrice", "ostrich"] },
		{ "code": "eggCount", "states": ["1egg", "2eggs", "3eggs", "4eggs", "5eggs", "6eggs" ] }
	],
    "skipVariants": [ "*-cockatrice-6eggs" ],
	"attributes": {
		"fullVariantByType": {
			"*-ostrich-*":"6eggs",
			"*-cockatrice-*": "5eggs"
		},
		"handbook": {
			"groupBy": ["largenest-*"],
			"extraSections": [
				{ "title": "handbooktitle-largenest", "text": "handbooktext-henbox" }
			]
		}
	},
	"creativeinventory": { "general": ["*"] },
	"shapeByType": {
		"*-ostrich-*": {
            "base": "block/wood/largenest-ostrich/largenest-ostrich-{eggCount}"
        },
        "*-cockatrice-*": {
            "base":"block/wood/largenest-cockatrice/largenest-cockatrice-{eggCount}"
        }
	},
	"resistance": 1,
	"sideopaque": {
		"all": false
	},
	"sidesolid": {
		"all": false
	},
	"blockmaterial": "Wood",
	"randomizeRotations": true,
	"sideao": { "all": false },
	"lightAbsorption": 0,
	"collisionbox": {"x1": 0.25, "y1": 0, "z1": 0.25, "x2": 0.75, "y2": 0.08, "z2": 0.75},
	"selectionbox": {
		"x1": 0.2, "y1": 0, "z1": 0.2,
		"x2": 0.8, "y2": 0.21, "z2": 0.8
	},
	"dropsbytype":
	{
		"*-1egg": [ 
			{ "type": "item", "code": "egg-{ownerBird}-raw", "quantity": { "avg": 1 }  },
			{ "type": "block", "code": "largenest-empty", "quantity": { "avg": 1} }
		],
		"*-2eggs": [ 			
			{ "type": "item", "code": "egg-{ownerBird}-raw", "quantity": { "avg": 2 }  },
			{ "type": "block", "code": "largenest-empty", "quantity": { "avg": 1} } 
			],
		"*-3eggs": [ 
			{ "type": "item", "code": "egg-{ownerBird}-raw", "quantity": { "avg": 3 }  },
			{ "type": "block", "code": "largenest-empty", "quantity": { "avg": 1} }
		],
		"*-4eggs": [ 
			{ "type": "item", "code": "egg-{ownerBird}-raw", "quantity": { "avg": 4 }  },
			{ "type": "block", "code": "largenest-empty", "quantity": { "avg": 1} }
		],
		"*-5eggs": [ 
			{ "type": "item", "code": "egg-{ownerBird}-raw", "quantity": { "avg": 5 }  },
			{ "type": "block", "code": "largenest-empty", "quantity": { "avg": 1} }
		],
		"*-6eggs": [ 
			{ "type": "item", "code": "egg-ostrich-raw", "quantity": { "avg": 6 }  },
			{ "type": "block", "code": "largenest-empty", "quantity": { "avg": 1} }
		],
		"*-empty":[
			{ "type": "block", "code": "largenest-empty", "quantity": { "avg": 1} }
		]
	},
	"tphandTransform": {
		"origin": { "x": 0.5, "y": 0.5, "z": 0 },
		"translation": { "x": -1.2, "y": -0.5, "z": 0.5 },
		"rotation": { "x": 0, "y": 0, "z": 0 },
		"scale": 0.5
	},
	"guiTransform": {
		"origin": { "x": 0.5, "y": 0.15, "z": 0.5 },
		"scale": 1.8
	}
	
}