[
  {
    "toolmode": "chopping",
    "ingredients":
    [ 
      {"inputs": 
       [
         {"type": "block", "code": "floralzonesneozeylandicregion:logslab-*"}
       ]
      }
    ],
    "output": {"type": "item", "code": "game:firewood", "quantity": 2},
  },
  {
    "toolmode": "chopping",
    "ingredients":
    [ 
      {"inputs": 
       [
         {"type": "block", "code": "floralzonesneozeylandicregion:lognarrow-*"}
       ]
      }
    ],
    "output": {"type": "item", "code": "game:firewood", "quantity": 2}
  }
]