[
  {
    "toolmode": "chopping",
    "ingredients":
    [ 
      {"inputs": 
       [
         {"type": "block", "code": "floralzonesneozeylandicregion:plankstairs-*"}
       ]
      }
    ],
    "output": {"type": "item", "code": "game:firewood", "quantity": 1}
  },
  {
    "toolmode": "chopping",
    "ingredients":
    [ 
      {"inputs": 
       [
         {"type": "block", "code": "floralzonesneozeylandicregion:planks-*"}
       ]
      }
    ],
    "output": {"type": "item", "code": "game:firewood", "quantity": 1}
  },
  {
    "toolmode": "chopping",
    "ingredients":
    [ 
      {"inputs": 
       [
         {"type": "block", "code": "floralzonesneozeylandicregion:roughhewnfence-*"}
       ]
      }
    ],
    "output": {"type": "item", "code": "game:firewood", "quantity": 1}
  },
  {
    "toolmode": "chopping",
    "ingredients":
    [ 
      {"inputs": 
       [
         {"type": "block", "code": "floralzonesneozeylandicregion:roughhewnfencegate-*"}
       ]
      }
    ],
    "output": {"type": "item", "code": "game:firewood", "quantity": 8}
  },
  {
    "toolmode": "chopping",
    "ingredients":
    [ 
      {"inputs": 
       [
         {"type": "block", "code": "floralzonesneozeylandicregion:woodenfence-*"}
       ]
      }
    ],
    "output": {"type": "item", "code": "game:stick", "quantity": 1}
  },
  {
    "toolmode": "chopping",
    "ingredients":
    [ 
      {"inputs": 
       [
         {"type": "block", "code": "floralzonesneozeylandicregion:woodenfencegate-*"}
       ]
      }
    ],
    "output": {"type": "item", "code": "game:stick", "quantity": 2}
  },
  {
    "toolmode": "chopping",
    "ingredients":
    [ 
      {"inputs": 
       [
         {"type": "block", "code": "floralzonesneozeylandicregion:plankslab-*"}
       ]
      }
    ],
    "output": {"type": "item", "code": "game:stick", "quantity": 1}
  }
]