{
    "code": "agedtallcandelabra",
    "storageFlags": 257,
    "creativeinventory": { "general": ["*-north"], "decorative": ["*-north"], "decorbazaar": ["*-north"] },
    "behaviors": [{ "name": "HorizontalOrientable" }],
    "variantgroups": [{ "code": "side", "loadFromProperties": "abstract/horizontalorientation" }],
    "shape": {
        "base": "block/lamps/agedtallcandelabra",
        "rotateYByType": {
            "*-north": 0,
            "*-east": 270,
            "*-south": 180,
            "*-west": 90
        }
    },
    "blockmaterial": "Metal",
    "sidesolid": {
        "all": "false"
    },
    "sideopaque": {
        "all": "false"
    },
    "drawtype": "json",
    "resistance": 1.0,
    "lightAbsorption": 0,
    "lightHsv": [7, 3, 18],
    "sounds": {
        "place": "game:block/planks",
        "walk": "game:walk/stone"
    },
	selectionBox: { x1: 0.1875, y1: 0, z1: 0.1875, x2: 0.8125, y2: 1, z2: 0.8125 },
	collisionBox: { x1: 0.1875, y1: 0, z1: 0.1875, x2: 0.8125, y2: 1, z2: 0.8125 },
	guiTransform: {
		rotation: { x: -22.6, y: 147, z: 0 }
	}
}