{
    "code": "brasssconce",
    "storageFlags": 257,
    "creativeinventory": { "general": ["*-north"], "decorative": ["*-north"], "decorbazaar": ["*-north"] },
    "behaviors": [{ "name": "HorizontalOrientable" }],
    "variantgroups": [{ "code": "side", "loadFromProperties": "abstract/horizontalorientation" }],
    "shape": {
        "base": "block/lamps/brasssconce",
        "rotateYByType": {
            "*-north": 0,
            "*-east": 270,
            "*-south": 180,
            "*-west": 90
        }
    },
    "blockmaterial": "Metal",
    "sidesolid": {
        "all": "false"
    },
    "sideopaque": {
        "all": "false"
    },
    "drawtype": "json",
"textures": {
		"0": { "base": "game:block/metal/ingot/brass" },
		"1": { "base": "game:block/glass/quartz" }
	},
    "resistance": 1.0,
	    "collisionBox": { 
			x1: 0.3751, y1: 0, z1: 0, x2: 0.625, y2: 1, z2: 0.25,
			rotateYByType: {
			"*-east": 270,
			"*-west": 90,
			"*-south": 180
			}
},
	    "selectionBox": { 
			x1: 0.3751, y1: 0, z1: 0, x2: 0.625, y2: 1, z2: 0.25,
			rotateYByType: {
			"*-east": 270,
			"*-west": 90,
			"*-south": 180
			}
},
    "lightAbsorption": 0,
    "lightHsv": [7, 3, 18],
    "sounds": {
        "place": "game:block/planks",
        "walk": "game:walk/stone"
    },
	guiTransform: {
		rotation: { x: -22.6, y: 147, z: 0 }
	}
}