[
	{
    "file": "floralzonesneozeylandicregion:blocktypes/wood/woodtyped/thintrunk.json",
    "side": "server",
    "op": "add",
    "path": "/attributes/workStationTransformsByType",
    "value": {
      "*-placed-*":{
        "idgChoppingBlockProps": {               
            "idgChoppingBlockTransform": {
            "translation": {
              "x": 0,
              "y": 0.0955,
              "z": 0
            },
            "rotation": {
              "x": 0,
              "y": 0,
              "z": 0
            }
          }
				}
			}
		},
		"dependsOn": [ { "modid": "floralzonesneozeylandicregion" } ]
	}
]