[
  {
    "file": "floralzonesneozeylandicregion:recipes/grid/wood/debarkedlog.json",
    "op": "remove",
    "path": "/0",
    "side": "server",
		"dependsOn": [ { "modid": "floralzonesneozeylandicregion" } ]
  },
  {
    "file": "floralzonesneozeylandicregion:recipes/grid/wood/beams.json",
    "op": "remove",
    "path": "/0",
    "side": "server",
		"dependsOn": [ { "modid": "floralzonesneozeylandicregion" } ]
  },
  {
    "file": "floralzonesneozeylandicregion:recipes/grid/wood/firewood.json",
    "op": "remove",
    "path": "/1",
    "side": "server",
		"dependsOn": [ { "modid": "floralzonesneozeylandicregion" } ]
  },
  {
    "file": "floralzonesneozeylandicregion:recipes/grid/wood/firewood.json",
    "op": "remove",
    "path": "/0",
    "side": "server",
		"dependsOn": [ { "modid": "floralzonesneozeylandicregion" } ]
  },
  {
    "file": "floralzonesneozeylandicregion:recipes/grid/wood/plank.json",
    "op": "remove",
    "path": "/4",
    "side": "server",
		"dependsOn": [ { "modid": "floralzonesneozeylandicregion" } ]
  },
  {
    "file": "floralzonesneozeylandicregion:recipes/grid/wood/plank.json",
    "op": "remove",
    "path": "/3",
    "side": "server",
		"dependsOn": [ { "modid": "floralzonesneozeylandicregion" } ]
  },
  {
    "file": "floralzonesneozeylandicregion:recipes/grid/wood/plank.json",
    "op": "remove",
    "path": "/2",
    "side": "server",
		"dependsOn": [ { "modid": "floralzonesneozeylandicregion" } ]
  },
  {
    "file": "floralzonesneozeylandicregion:recipes/grid/wood/plank.json",
    "op": "remove",
    "path": "/1",
    "side": "server",
		"dependsOn": [ { "modid": "floralzonesneozeylandicregion" } ]
  },
  {
    "file": "floralzonesneozeylandicregion:recipes/grid/wood/plank.json",
    "op": "remove",
    "path": "/0",
    "side": "server",
		"dependsOn": [ { "modid": "floralzonesneozeylandicregion" } ]
  }
]