{
    "GameVersion": "1.19.7",
    "SizeX": 13,
    "SizeY": 10,
    "SizeZ": 14,
    "BlockCodes": {
        "9698": "game:supportbeam-aged",
        "2966": "game:cobblestone-granite",
        "5107": "game:gravel-granite",
        "2852": "game:cobblestoneslab-granite-down-free",
        "5122": "game:looseboulders-granite-free",
        "2319": "game:slantedroofing-brownclay-north-free",
        "9493": "game:agedstonebricks-granite",
        "16414": "game:rocktyped-rubble-free",
        "4154": "game:drystone-granite",
        "9521": "game:door-ruined-rough3",
        "3023": "game:cobblestonestairs-granite-up-east-free",
        "2329": "game:slantedroofing-brownclay-east-free",
        "9668": "game:planks-aged-we",
        "2349": "game:slantedroofing-brownclay-west-free",
        "5535": "game:loosestones-granite-free",
        "7355": "game:plankslab-aged-up-free",
        "8610": "game:groundstorage",
        "2757": "game:cobblestoneslab-granite-north-free",
        "2339": "game:slantedroofing-brownclay-south-free",
        "3061": "game:cobblestonestairs-granite-up-south-free",
        "3099": "game:cobblestonestairs-granite-up-west-free",
        "2675": "game:soil-medium-verysparse"
    },
    "ItemCodes": {
        "1462": "game:shingle-burned-brown"
    },
    "Indices": [
        5120,
        6144,
        7168,
        8192,
        9216,
        10240,
        11264,
        12288,
        13312,
        1053696,
        1054720,
        1055744,
        1056768,
        1057792,
        1058816,
        1059840,
        1060864,
        1061888,
        2102272,
        2103296,
        2104320,
        2105344,
        2106368,
        2107392,
        2108416,
        2109440,
        2110464,
        3155968,
        3156992,
        3158016,
        2049,
        3073,
        4097,
        5121,
        6145,
        7169,
        8193,
        9217,
        10241,
        11265,
        12289,
        13313,
        1050625,
        1051649,
        1052673,
        1053697,
        1054721,
        1055745,
        1056769,
        1057793,
        1058817,
        1059841,
        1060865,
        1061889,
        2099201,
        2100225,
        2101249,
        2102273,
        2103297,
        2104321,
        2105345,
        2106369,
        2107393,
        2108417,
        2109441,
        2110465,
        3146753,
        3147777,
        3150849,
        3151873,
        3154945,
        3155969,
        3156993,
        3158017,
        3159041,
        4204545,
        4205569,
        5244929,
        5253121,
        8390657,
        8398849,
        1026,
        2050,
        3074,
        4098,
        5122,
        6146,
        7170,
        8194,
        9218,
        10242,
        11266,
        12290,
        13314,
        1049602,
        1050626,
        1051650,
        1052674,
        1053698,
        1054722,
        1055746,
        1056770,
        1057794,
        1058818,
        1059842,
        1060866,
        1061890,
        2098178,
        2099202,
        2100226,
        2101250,
        2102274,
        2103298,
        2104322,
        2105346,
        2106370,
        2107394,
        2108418,
        2109442,
        2110466,
        3146754,
        3147778,
        3148802,
        3149826,
        3150850,
        3151874,
        3152898,
        3153922,
        3154946,
        3155970,
        3156994,
        3158018,
        3159042,
        4196354,
        4197378,
        4199426,
        4200450,
        4201474,
        4202498,
        4203522,
        4204546,
        4205570,
        4206594,
        5244930,
        5245954,
        5246978,
        5248002,
        5249026,
        5250050,
        5251074,
        5252098,
        5253122,
        5254146,
        5255170,
        6293506,
        6294530,
        6295554,
        6296578,
        6297602,
        6298626,
        6299650,
        6300674,
        7342082,
        7343106,
        7345154,
        7346178,
        7347202,
        7349250,
        8390658,
        8391682,
        8392706,
        8393730,
        8395778,
        9439234,
        9440258,
        9441282,
        3,
        1027,
        2051,
        3075,
        4099,
        5123,
        6147,
        7171,
        8195,
        9219,
        10243,
        11267,
        12291,
        13315,
        1048579,
        1049603,
        1050627,
        1051651,
        1052675,
        1053699,
        1054723,
        1055747,
        1056771,
        1057795,
        1058819,
        1059843,
        1060867,
        1061891,
        2097155,
        2098179,
        2099203,
        2100227,
        2101251,
        2102275,
        2103299,
        2104323,
        2105347,
        2106371,
        2107395,
        2108419,
        2109443,
        2110467,
        3145731,
        3146755,
        3147779,
        3148803,
        3150851,
        3151875,
        3152899,
        3153923,
        3154947,
        3155971,
        3156995,
        3158019,
        4196355,
        4201475,
        4203523,
        4204547,
        4205571,
        5244931,
        5245955,
        5246979,
        5251075,
        5252099,
        5253123,
        6293507,
        6294531,
        6299651,
        6300675,
        6301699,
        7342083,
        7350275,
        8390659,
        9439235,
        4,
        1028,
        2052,
        3076,
        4100,
        5124,
        6148,
        7172,
        8196,
        9220,
        10244,
        11268,
        12292,
        1048580,
        1049604,
        1050628,
        1051652,
        1052676,
        1053700,
        1054724,
        1055748,
        1056772,
        1057796,
        1058820,
        1059844,
        1060868,
        2097156,
        2098180,
        2099204,
        2100228,
        2101252,
        2102276,
        2103300,
        2104324,
        2105348,
        2106372,
        2107396,
        2108420,
        2109444,
        3145732,
        3146756,
        3147780,
        3148804,
        3149828,
        3150852,
        3151876,
        3152900,
        3153924,
        3154948,
        3155972,
        3156996,
        3158020,
        4196356,
        4197380,
        4200452,
        4201476,
        4202500,
        4204548,
        5244932,
        5245956,
        5249028,
        5252100,
        5253124,
        6293508,
        6300676,
        6301700,
        7342084,
        7350276,
        8390660,
        8398852,
        9439236,
        9447428,
        5,
        1029,
        2053,
        3077,
        4101,
        5125,
        6149,
        7173,
        8197,
        9221,
        10245,
        11269,
        1048581,
        1049605,
        1050629,
        1051653,
        1052677,
        1053701,
        1054725,
        1055749,
        1056773,
        1057797,
        1058821,
        1059845,
        2097157,
        2098181,
        2099205,
        2100229,
        2101253,
        2102277,
        2103301,
        2104325,
        2105349,
        2106373,
        2107397,
        2108421,
        3145733,
        3146757,
        3147781,
        3148805,
        3149829,
        3150853,
        3151877,
        3152901,
        3153925,
        3154949,
        3155973,
        4195333,
        4196357,
        4197381,
        4198405,
        4199429,
        4200453,
        4201477,
        4204549,
        5244933,
        5248005,
        5252101,
        5253125,
        6293509,
        6300677,
        6301701,
        7350277,
        8390661,
        8398853,
        9439237,
        6,
        1030,
        2054,
        3078,
        4102,
        5126,
        6150,
        7174,
        8198,
        9222,
        10246,
        11270,
        1048582,
        1049606,
        1050630,
        1051654,
        1052678,
        1053702,
        1054726,
        1055750,
        1056774,
        1057798,
        1058822,
        1059846,
        2097158,
        2098182,
        2099206,
        2100230,
        2101254,
        2102278,
        2103302,
        2104326,
        2105350,
        2106374,
        2107398,
        2108422,
        3145734,
        3146758,
        3147782,
        3148806,
        3149830,
        3150854,
        3151878,
        3152902,
        3153926,
        3154950,
        3155974,
        4194310,
        4195334,
        4196358,
        4199430,
        4200454,
        4201478,
        4204550,
        5243910,
        5244934,
        5250054,
        5251078,
        5252102,
        5253126,
        6293510,
        6299654,
        6301702,
        7342086,
        8390662,
        8398854,
        9439238,
        9447430,
        7,
        1031,
        2055,
        3079,
        4103,
        5127,
        6151,
        7175,
        8199,
        9223,
        10247,
        1048583,
        1049607,
        1050631,
        1051655,
        1052679,
        1053703,
        1054727,
        1055751,
        1056775,
        1057799,
        1058823,
        2097159,
        2098183,
        2099207,
        2100231,
        2101255,
        2102279,
        2103303,
        2104327,
        2105351,
        2106375,
        2107399,
        3145735,
        3146759,
        3147783,
        3148807,
        3149831,
        3150855,
        3151879,
        3152903,
        3153927,
        3154951,
        3155975,
        4196359,
        4199431,
        4201479,
        4202503,
        4203527,
        4204551,
        5244935,
        5251079,
        5252103,
        5253127,
        6293511,
        6300679,
        6301703,
        7342087,
        7350279,
        8390663,
        8398855,
        9439239,
        9447431,
        1032,
        2056,
        3080,
        4104,
        5128,
        6152,
        7176,
        8200,
        9224,
        10248,
        1049608,
        1050632,
        1051656,
        1052680,
        1053704,
        1054728,
        1055752,
        1056776,
        1057800,
        1058824,
        2098184,
        2099208,
        2100232,
        2101256,
        2102280,
        2103304,
        2104328,
        2105352,
        2106376,
        2107400,
        3146760,
        3147784,
        3148808,
        3149832,
        3150856,
        3151880,
        3152904,
        3153928,
        3154952,
        3155976,
        3157000,
        4196360,
        4197384,
        4198408,
        4199432,
        4200456,
        4201480,
        4202504,
        4203528,
        4204552,
        5243912,
        5244936,
        5245960,
        5246984,
        5248008,
        5249032,
        5250056,
        5251080,
        5252104,
        5253128,
        6293512,
        6294536,
        6295560,
        6296584,
        6297608,
        6298632,
        6299656,
        6300680,
        6301704,
        7342088,
        7343112,
        7345160,
        7349256,
        7350280,
        8390664,
        8391688,
        8392712,
        8393736,
        8397832,
        8398856,
        8399880,
        9439240,
        9440264,
        9441288,
        9446408,
        9447432,
        2057,
        3081,
        4105,
        5129,
        6153,
        7177,
        8201,
        9225,
        1050633,
        1051657,
        1052681,
        1053705,
        1054729,
        1055753,
        1056777,
        1057801,
        2099209,
        2100233,
        2101257,
        2102281,
        2103305,
        2104329,
        2105353,
        2106377,
        3149833,
        3150857,
        3151881,
        3152905,
        3153929,
        3154953,
        4198409,
        4199433,
        4201481,
        4202505,
        5250057,
        5253129,
        8390665,
        4106,
        5130,
        6154,
        7178,
        8202,
        1052682,
        1053706,
        1054730,
        1055754,
        1056778,
        2101258,
        2102282,
        2103306,
        2104330,
        2105354,
        3148810,
        3150858,
        3151882,
        3152906,
        3153930,
        4200458,
        4201482,
        5131,
        6155,
        7179,
        1053707,
        1054731,
        1055755,
        2102283,
        2103307,
        2104331,
        3152907,
        6156,
        1054732,
        2103308
    ],
    "BlockIds": [
        2966,
        2966,
        2966,
        2966,
        2966,
        2966,
        2966,
        2966,
        2966,
        2966,
        2966,
        2966,
        2966,
        2966,
        2966,
        2966,
        2966,
        2966,
        2966,
        2966,
        2966,
        2966,
        2966,
        2966,
        2966,
        2966,
        2966,
        5107,
        5107,
        2852,
        2966,
        2966,
        2966,
        5107,
        2966,
        5107,
        2966,
        2966,
        2966,
        2966,
        2966,
        2966,
        2966,
        2966,
        2966,
        5107,
        2966,
        5107,
        2966,
        2966,
        2966,
        2966,
        2966,
        2966,
        2966,
        2966,
        2966,
        5107,
        2966,
        5107,
        2966,
        2966,
        2966,
        2966,
        2966,
        2966,
        9698,
        5122,
        2319,
        9698,
        5107,
        5107,
        5107,
        5107,
        2852,
        5107,
        9493,
        9698,
        16414,
        9698,
        9698,
        2966,
        2966,
        2966,
        9493,
        2966,
        2966,
        2966,
        2966,
        2966,
        2966,
        2966,
        2966,
        2966,
        2966,
        2966,
        2966,
        9493,
        2966,
        2966,
        2966,
        2966,
        2966,
        2966,
        2966,
        2966,
        2966,
        2966,
        2966,
        2966,
        9493,
        2966,
        2966,
        2966,
        2966,
        2966,
        2966,
        2966,
        2966,
        2966,
        16414,
        2966,
        4154,
        9521,
        4154,
        2966,
        2966,
        2966,
        2966,
        2966,
        5107,
        5107,
        2852,
        2966,
        9493,
        9493,
        2966,
        2966,
        2852,
        4154,
        2966,
        9493,
        5107,
        2966,
        2966,
        2966,
        9493,
        2966,
        2966,
        9493,
        2966,
        9493,
        9698,
        5122,
        9493,
        2966,
        9493,
        2966,
        9493,
        2966,
        9493,
        2966,
        4154,
        2966,
        2966,
        9493,
        2966,
        5122,
        4154,
        4154,
        2966,
        2966,
        4154,
        3023,
        2329,
        5122,
        2966,
        2966,
        2966,
        9668,
        9668,
        9668,
        2966,
        2966,
        2966,
        9668,
        2966,
        2966,
        2966,
        2966,
        2966,
        2966,
        2966,
        9668,
        9668,
        9668,
        2966,
        2966,
        2966,
        9668,
        2966,
        2966,
        2966,
        2966,
        2966,
        2966,
        2966,
        9668,
        9668,
        9668,
        2966,
        2966,
        2966,
        9668,
        2966,
        2966,
        2966,
        2966,
        9698,
        2852,
        9493,
        2319,
        2852,
        5107,
        5107,
        9493,
        5107,
        4154,
        5107,
        2852,
        4154,
        2349,
        2852,
        9493,
        5535,
        4154,
        7355,
        7355,
        7355,
        7355,
        2966,
        2966,
        2319,
        5122,
        8610,
        2966,
        2966,
        5122,
        2966,
        9493,
        2966,
        2966,
        2966,
        9668,
        9668,
        9668,
        9668,
        2966,
        9668,
        9668,
        2966,
        2966,
        2966,
        2966,
        2966,
        2966,
        9668,
        9668,
        9668,
        9668,
        2966,
        9668,
        9668,
        2966,
        2966,
        2966,
        2966,
        2966,
        2966,
        9668,
        9668,
        9668,
        9668,
        2966,
        9668,
        9668,
        2966,
        2966,
        2966,
        2852,
        5107,
        9493,
        5107,
        9493,
        5107,
        5107,
        5107,
        5107,
        5107,
        2966,
        2757,
        5107,
        9493,
        5107,
        9493,
        5107,
        2852,
        2852,
        4154,
        16414,
        16414,
        7355,
        2966,
        2966,
        2339,
        9493,
        2966,
        5535,
        2966,
        2966,
        2966,
        2966,
        2966,
        2966,
        2966,
        2966,
        2966,
        9668,
        9668,
        9668,
        9668,
        2966,
        2966,
        2966,
        2966,
        2966,
        2966,
        2966,
        2966,
        9668,
        9668,
        9668,
        9668,
        2966,
        2966,
        2966,
        2966,
        2966,
        2966,
        2966,
        2966,
        9668,
        9668,
        9668,
        9668,
        2966,
        2966,
        2966,
        5107,
        9493,
        2966,
        9493,
        5107,
        5107,
        5107,
        5107,
        9493,
        5107,
        2966,
        2852,
        2966,
        8610,
        5122,
        5107,
        5107,
        9493,
        2966,
        9493,
        5122,
        7355,
        9493,
        2966,
        5122,
        2966,
        2966,
        9493,
        2966,
        16414,
        2966,
        2966,
        2966,
        9668,
        2966,
        2966,
        9668,
        9668,
        2966,
        9668,
        2966,
        2966,
        2966,
        2966,
        2966,
        9668,
        2966,
        2966,
        9668,
        9668,
        2966,
        9668,
        2966,
        2966,
        2966,
        2966,
        2966,
        9668,
        2966,
        2966,
        9668,
        9668,
        2966,
        9668,
        2966,
        2966,
        5107,
        5107,
        4154,
        8610,
        5107,
        5107,
        5107,
        9493,
        5107,
        9493,
        4154,
        16414,
        5107,
        9493,
        5107,
        5107,
        9493,
        9493,
        2852,
        2966,
        5535,
        7355,
        7355,
        9493,
        9493,
        5535,
        9493,
        4154,
        9493,
        4154,
        9493,
        9493,
        2966,
        2966,
        2966,
        9668,
        9668,
        2966,
        2966,
        2966,
        2966,
        2966,
        2966,
        2966,
        2966,
        2966,
        9668,
        9668,
        2966,
        2966,
        2966,
        2966,
        2966,
        2966,
        2966,
        2966,
        2966,
        9668,
        9668,
        2966,
        2966,
        2966,
        2966,
        2966,
        2966,
        2852,
        9493,
        2966,
        8610,
        9493,
        5107,
        3061,
        2966,
        4154,
        9493,
        2966,
        2966,
        2329,
        3061,
        4154,
        2966,
        4154,
        2966,
        3061,
        2966,
        2966,
        9493,
        8610,
        2966,
        2966,
        9493,
        9493,
        4154,
        2966,
        9493,
        2966,
        2966,
        2966,
        2966,
        2966,
        2966,
        2966,
        2966,
        2966,
        2966,
        2966,
        2966,
        2966,
        2966,
        2966,
        2966,
        2966,
        2966,
        2966,
        2966,
        2966,
        2966,
        2966,
        2966,
        2966,
        2966,
        2966,
        2966,
        2966,
        2966,
        9698,
        2966,
        9493,
        2966,
        2966,
        2966,
        9493,
        9493,
        2966,
        2966,
        9698,
        2966,
        9493,
        2852,
        9493,
        2966,
        4154,
        4154,
        9493,
        2966,
        9698,
        4154,
        4154,
        2966,
        4154,
        2966,
        9493,
        4154,
        2966,
        4154,
        9493,
        9493,
        9493,
        2966,
        8610,
        2852,
        2966,
        9493,
        2966,
        9493,
        9493,
        2966,
        2966,
        2966,
        9493,
        4154,
        2966,
        2966,
        4154,
        2966,
        9698,
        3099,
        2349,
        16414,
        2349,
        3099,
        2966,
        2966,
        2966,
        2966,
        2966,
        2966,
        2966,
        2966,
        2966,
        2966,
        2966,
        2966,
        2966,
        2966,
        2966,
        2966,
        2966,
        2966,
        2966,
        2966,
        2966,
        2966,
        2966,
        2966,
        5107,
        5107,
        9698,
        5107,
        5107,
        2966,
        2852,
        2852,
        5107,
        2852,
        2852,
        9698,
        9698,
        2966,
        2966,
        2966,
        2675,
        2966,
        2966,
        2966,
        2966,
        2675,
        2966,
        2966,
        2966,
        2966,
        2675,
        2966,
        9698,
        2852,
        5107,
        9493,
        2966,
        16414,
        2852,
        2966,
        2966,
        2966,
        2966,
        2966,
        2966,
        2966,
        2966,
        2966,
        2966,
        2966,
        2966,
        2966
    ],
    "DecorIndices": [],
    "DecorIds": [],
    "BlockEntities": {
        "3146753": "!<d@[F*Ic3#64c-E,TfCCB+>7!<d@[F*aA(#64o6@VfsmCI<#NAIrp*E,]`9FCJfiD(T1/ARl&M@V&tbF!L_m+pnYd!!%O6*<6(i58\"J9!!%O6'`\\6L5TKh)J3On19-=?;",
        "3151873": "!<d@[F*Ic3#64c-E,TfCCB+>7!<d@[F*aP-#64o6@VfsmCI<#NAIrp*E,]`9FCJfiD(T1/ARl&M@V&tbF!L_m+pnYd!!%O6*<6'>58\"J9!!%O6'`\\6D5TKh)!'_=[9-=<:",
        "5244929": "!<d@[F*Ic3#64c-E,TfCD#aP9!<d@[F*aD)#64o6@VfsmCI<#NAIrp*E,]`9FCJfiD(T1/ARl&M@V&tbF!L_m+pnYd!!%O6'`\\5a58\"J9q>Yq/(&@lZ590_(&4%/m9-=<:",
        "5253121": "!<d@[F*Ic3#64c-E,TfCD#aP9!<d@[F*a\\1#64o6@VfsmCI<#NAJK6(@r$13E+NQ3Ecki#Ch521Eb/ec\"E\\p.AJT</@Ua.b/R`^6Cgh??/SB*4DJ=3(\":&scFCB9&=9&=$!!EUFATMNNDJ*csgCMCi\":&scFCB9&=o\\O&!!rsADes6$@ru9m!!E[MAT2'lE`7'gFCbFP!!!!",
        "8390657": "!<d@[F*Ic3#64c-E,TfCDu]k<!<d@[F*aD)#64o6@VfsmCI<#NAIrp*E,]`9FCJfiD(T1/ARl&M@V&tbF!L_m+pnYd!!%O6'`\\5a58\"J9q>Yq/(&@lZ590_(&4%/m9-=<:",
        "8398849": "!<d@[F*Ic3#64c-E,TfCDu]k<!<d@[F*a\\1#64o6@VfsmCI<#NAIrp*E,]`9FCJfiD(T1/ARl&M@V&tbF\"%(r-OL@n!!%O6'`\\5a590_(J3OYW%0-BY58=.uTYMTBs*m6Mi_(Br!!",
        "3146754": "!<d@[F*If4#64c-E,TfCCB+>7!<d@[F*aA(#64o6@VfsmCI<#NAJK6(@r$13E+NQ3Ecki#Ch521Eb/ec\"E\\p.AJT</@Ua.b/R`^6Cgh?=/SB*4DJ=3(\":&scFCB9&=9&=$!!EUFATMNNDJ*csjNA=S\":&scFCB9&=o\\O&!!rsADes6$@ru9m!!E[MAT2'lE`7'gFCbFP!!!!",
        "3149826": "!<d@[F*If4#64c-E,TfCCB+>7!<d@[F*aJ+#64o6@VfsmCI<#NAJ/NlDfRFMF_P`)A1_h?F_>AD\":B0fFCB9&=]/[=gCME@#mP<eASu'i!!s*KDK]T3F@]hXA8Ggu!!!",
        "5254146": "!<d@[F*If4#64c-E,TfCD#aP9!<d@[F*a_2#64o6@VfsmCI<#NAIrp*E,]`9FCJfiD(T1/ARl&M@V&tbEuG#c(^^E]!!%O6&df'J!8p*Wqu;.1(ue12!WW",
        "3145731": "!<d@[F*Ii5#64c-E,TfCCB+>7!<d@[F*a>'#64o6@VfsmCI<#NAIrp*E,]`9FCJfiD(T1/ARl&M@V&tbF!L_m+pnYd!!#8K*<6(i4q\\A8o`+s*'`\\4f5TKn+!'hC\\9-=?;",
        "6300675": "!<d@[F*Ii5#64c-E,TfCD?'Y:!<d@[F*aY0#64o6@VfsmCI<#NAIW9mDfor.F*)>@@:s-U$#+:#ASuU.Ed7ZiEH>r7FE7Qb!!!3,F)5c:EsD_\"!!*'\"!4E%2!##>4!!WgQASlBtEaa'4Eb,=fFCf<.ATD4$F`M%e@<6NjE+EC!AH2]1!<:8C5m.R;ASlBtEaa'4Eb,4Nz!!!<;AoD^\"AQ*\\hEa`Tl:i^JnErZ=LD.Rd%6#L=OA_Ra;562+\"FECr$BLZE?AH2]1!!!",
        "5245956": "!<d@[F*Il6#64c-E,TfCD#aP9!<d@[F*aG*#64o6@VfsmCI<#NAJK6(@r$13E+NQ3Ecki#Ch521Eb/ec\"E\\p.AJT</@Ua.b/R`^6Cgh??/SB*4DJ=3(\":&scFCB9&=9&=$!!EUFATMNNDJ*csgCMCi\":&scFCB9&=o\\O&!!rsADes6$@ru9m!!E[MAT2'lE`7'gFCbFP!!!!",
        "5249028": "!<d@[F*Il6#64c-E,TfCD#aP9!<d@[F*aP-#64o6@VfsmCI<#NAJK6(@r$13E+NQ3Ecki#Ch521Eb/ec\"E\\p.AJT</@Ua.b/R`^6Cgh??/SB*4DJ=3(\":&scFCB9&=9&=$!!EUFATMNNDJ*csjNEiR\":&scFCB9&=o\\O&!!rsADes6$@ru9m!!E[MAT2'lE`7'gFCbFP!!!!",
        "4197381": "!<d@[F*Io7#64c-E,TfCC]FG8!<d@[F*aG*#64o6@VfsmCI<#NAIW9mDfor.F*)>@@:s-U$#+:#ASuU.Ed7ZiEH>r7FE7Qb!!!3,F)5c:EsD_\"!!*'\"!4E%2!##>4!!WgQASlBtEaa'4Eb,=fFCf<.ATD4$F`M%e@<6NjE+EC!AH2]1!<:8C5m.R;ASlBtEaa'4Eb,4Nz!!!<;AoD^\"AQ*\\hEa`Tl:i^JnErZ=LD.Rd%6#L=OAH2]1!!*F8FECr$BLZE?AH2]1!!!",
        "9439237": "!<d@[F*Io7#64c-E,TfCE<#t=!<d@[F*aD)#64o6@VfsmCI<#NAJK6(@r$13E+NQ3Ecki#Ch521Eb/ec\"E\\p.AJT</@Ua.b/R`^6Cgh??/SB*4DJ=3(\":&scFCB9&=9&=$!!EUFATMNNDJ*csz\":&scFCB9&=o\\O&!!rsADes6$@ru9m!!E[MAT2'lE`7'gFCbFP!!!!",
        "3148806": "!<d@[F*Ir8#64c-E,TfCCB+>7!<d@[F*aG*#64o6@VfsmCI<#NAIW9mDfor.F*)>@@:s-U$#+:#ASuU.Ed7ZiEH>r7FE7Qb!!!3,F)5c:EsD_\"!!*'\"!4E%2!##>4!!WgQASlBtEaa'4Eb,=fFCf<.ATD4$F`M%e@<6NjE+EC!AH2]1!<:8C5m.R;ASlBtEaa'4Eb,4Nz!!!<;AoD^\"AQ*\\hEa`Tl:i^JnErZ=LD.Rd%6#L=OAH2]1!!*F8FECr$BLZE?AH2]1!!!",
        "4194310": "!<d@[F*Ir8#64c-E,TfCC]FG8!<d@[F*a>'#64o6@VfsmCI<#NAJK6(@r$13E+NQ3Ecki#Ch521Eb/ec\"E\\p.AJT</@Ua.b/R`^6Cgh?>/SB*4DJ=3(\":&scFCB9&=9&=$!!EUFATMNNDJ*csdSp%X\":&scFCB9&=o\\O&!!rsADes6$@ru9m!!E[MAT2'lE`7'gFCbFP!!!!",
        "3148807": "!<d@[F*Iu9#64c-E,TfCCB+>7!<d@[F*aG*#64o6@VfsmCI<#NAIW9mDfor.F*)>@@:s-U$#+:#ASuU.Ed7ZiEH>r7FE7Qb!!!3,F)5c:EsD_\"!!*'\"!4E%2!&4HR!!WgQASlBtEaa'4Eb,=fFCf<.ATD4$F`M%e@<6NjE+EC!AH2]1!<:8C5m.R;ASlBtEaa'4Eb,4Nz!!!<;AoD^\"AQ*\\hEa`Tl:i^JnErZ=LD.Rd%6#L=OAH2]1!!*F8FECr$BLZE?AH2]1!!!",
        "6300679": "!<d@[F*Iu9#64c-E,TfCD?'Y:!<d@[F*aY0#64o6@VfsmCI<#NAIW9mDfor.F*)>@@:s-U$#+:#ASuU.Ed7ZiEH>r7FE7Qb!!!3,F)5c:EsD_\"!!*'\"!4E%2!#Yb:!!WgQASlBtEaa'4Eb,=fFCf<.ATD4$F`M%e@<6NjE+EC!AH2]1!<:8C5m.R;ASlBtEaa'4Eb,4Nz!!!<;AoD^\"AQ*\\hEa`Tl:i^JnErZ=LD.Rd%6#L=OA_Ra;^B\"[MFECr$BLZE?AH2]1!!!",
        "3146760": "!<d@[F*J#:#64c-E,TfCCB+>7!<d@[F*aA(#64o6@VfsmCI<#NAIrp*E,]`9FCJfiD(T1/ARl&M@V&tbF!:Sk+:8Gb!!%O6*<6(i58\"J9!!%O6'`\\6L5TKh)J3On19)n",
        "3157000": "!<d@[F*J#:#64c-E,TfCCB+>7!<d@[F*a_2#64o6@VfsmCI<#NAIrp*E,]`9FCJfiD(T1/ARl&M@V&tbEuG#c(^^EU!!%O6&df'J!.[9K!!'f\"(ue12\"98",
        "5243912": "!<d@[F*J#:#64c-E,TfCD#aP9!<d@[F*aA(#64o6@VfsmCI<#NAIrp*E,]`9FCJfiD(T1/ARl&M@V&tbF!gqp,mk.l!!#8K'`\\5a590_(J3OYW%0-CD^_QbHIm4qW!.[9Ni_'7",
        "6297608": "!<d@[F*J#:#64c-E,TfCD?'Y:!<d@[F*aP-#64o6@VfsmCI<#NAIW9mDfor.F*)>@@:s-U$#+:#ASuU.Ed7ZiEH>r7FE7Qb!!!3,F)5c:EsD_\"!!*'\"!4E%2!$;1@!!WgQASlBtEaa'4Eb,=fFCf<.ATD4$F`M%e@<6NjE+EC!AH2]1!<:8C5m.R;ASlBtEaa'4Eb,4Nz!!!<;AoD^\"AQ*\\hEa`Tl:i^JnErZ=LD.Rd%6#L=OAH2]1!!*F8FECr$BLZE?AH2]1!!!",
        "8399880": "!<d@[F*J#:#64c-E,TfCDu]k<!<d@[F*a_2#64o6@VfsmCI<#NAIrp*E,]`9FCJfiD(T1/ARl&M@V&tbF!L_m+pnYd!!%O6'`\\5a58\"J9!!'gM(&S#\\595SL,W-Fu9-=99",
        "9441288": "!<d@[F*J#:#64c-E,TfCE<#t=!<d@[F*aJ+#64o6@VfsmCI<#NAJK6(@r$13E+NQ3Ecki#Ch521Eb/ec\"E\\p.AJT</@Ua.b/R`^6Cgh?>/SB*4DJ=3(\":&scFCB9&=9&=$!!EUFATMNNDJ*csgCHlj\":&scFCB9&=o\\O&!!rsADes6$@ru9m!!E[MAT2'lE`7'gFCbFP!!!!",
        "3151881": "!<d@[F*J&;#64c-E,TfCCB+>7!<d@[F*aP-#64o6@VfsmCI<#NAIrp*E,]`9FCJfiD(T1/ARl&M@V&tbEutAh*=;rj!!!!`&e>EO!+8&,M+&\\s*<6'>58`BQ+9;H",
        "5253129": "!<d@[F*J&;#64c-E,TfCD#aP9!<d@[F*a\\1#64o6@VfsmCI<#NAIrp*E,]`9FCJfiD(T1/ARl&M@V&tbF!L_m+pnYl!!%O6*<6(i58\"J9e25X](&@lZ590_(!5TN39-=68",
        "8390665": "!<d@[F*J&;#64c-E,TfCDu]k<!<d@[F*aD)#64o6@VfsmCI<#NAIrp*E,]`9FCJfiD(T1/ARl&M@V&tbEutAh*=;rb!!#8K&e>F(]fWP8!!!#+*WQ.h58`BQ+9;H",
        "3148810": "!<d@[F*J)<#64c-E,TfCCB+>7!<d@[F*aG*#64o6@VfsmCI<#NAIrp*E,]`9FCJfiD(T1/ARl&M@V&tbF!L_m+pnYd!!%O5*<6(i58\"J9!<@X7'mcrrZQ9)Gs$%@[9-=?;",
        "4200458": "!<d@[F*J)<#64c-E,TfCC]FG8!<d@[F*aP-#64o6@VfsmCI<#NAJK6(@r$13E+NQ3Ecki#Ch521Eb/ec\"E\\p.AJT</@Ua.b/R`^6Cgh??/SB*4DJ=3(\":&scFCB9&=9&=$!!EUFATMNNDJ*csdSp$-\":&scFCB9&=o\\O&!!rsADes6$@ru9m!!E[MAT2'lE`7'gFCbFP!!!!"
    },
    "Entities": [],
    "ReplaceMode": 2,
    "EntranceRotation": -1
}