{
    "GameVersion": "1.19.7",
    "SizeX": 18,
    "SizeY": 13,
    "SizeZ": 10,
    "BlockCodes": {
        "9698": "game:supportbeam-aged",
        "2966": "game:cobblestone-granite",
        "9493": "game:agedstonebricks-granite",
        "4154": "game:drystone-granite",
        "2757": "game:cobblestoneslab-granite-north-free",
        "2795": "game:cobblestoneslab-granite-south-free",
        "2852": "game:cobblestoneslab-granite-down-free",
        "9668": "game:planks-aged-we",
        "5107": "game:gravel-granite",
        "5122": "game:looseboulders-granite-free",
        "7303": "game:plankslab-aged-north-free",
        "7355": "game:plankslab-aged-up-free",
        "16414": "game:rocktyped-rubble-free",
        "2675": "game:soil-medium-verysparse",
        "2680": "game:soil-medium-sparse",
        "5535": "game:loosestones-granite-free",
        "3061": "game:cobblestonestairs-granite-up-south-free",
        "8606": "game:clutter",
        "9520": "game:door-ruined-rough2",
        "136": "game:multiblock-monolithic-0-p1-0",
        "3023": "game:cobblestonestairs-granite-up-east-free",
        "7316": "game:plankslab-aged-east-free",
        "2776": "game:cobblestoneslab-granite-east-free",
        "8109": "game:chest-east",
        "2985": "game:cobblestonestairs-granite-up-north-free",
        "699": "game:clayshinglelabs-brown-down-free",
        "695": "game:clayshinglelabs-brown-up-free"
    },
    "ItemCodes": {
        "259": "game:stackrandomizer-cloth-mediumstatus",
        "275": "game:stackrandomizer-resource",
        "260": "game:stackrandomizer-cloth-highstatus",
        "262": "game:stackrandomizer-accessory-mediumstatus",
        "272": "game:stackrandomizer-seed"
    },
    "Indices": [
        3145728,
        3151872,
        5243904,
        1025,
        2049,
        3073,
        4097,
        5121,
        6145,
        7169,
        8193,
        9217,
        1049601,
        1050625,
        1051649,
        1052673,
        1053697,
        1054721,
        1055745,
        1056769,
        1057793,
        2098177,
        2099201,
        2100225,
        2101249,
        2102273,
        2103297,
        2104321,
        2105345,
        2106369,
        3146753,
        3147777,
        3148801,
        3149825,
        3150849,
        3151873,
        4195329,
        4196353,
        4197377,
        4198401,
        4199425,
        4200449,
        5243905,
        5244929,
        5245953,
        5246977,
        5248001,
        5249025,
        6292481,
        6293505,
        6294529,
        6295553,
        6296577,
        6297601,
        6298625,
        1026,
        2050,
        3074,
        4098,
        5122,
        6146,
        7170,
        8194,
        9218,
        1049602,
        1050626,
        1051650,
        1052674,
        1053698,
        1054722,
        1055746,
        1056770,
        1057794,
        2098178,
        2099202,
        2100226,
        2101250,
        2102274,
        2103298,
        2104322,
        2105346,
        2106370,
        3146754,
        3149826,
        3150850,
        3151874,
        3152898,
        4195330,
        4198402,
        4200450,
        4201474,
        5243906,
        5244930,
        5249026,
        6292482,
        1027,
        2051,
        3075,
        4099,
        5123,
        6147,
        7171,
        8195,
        9219,
        1049603,
        1050627,
        1051651,
        1052675,
        1053699,
        1054723,
        1055747,
        1056771,
        1057795,
        2098179,
        2099203,
        2100227,
        2101251,
        2102275,
        2103299,
        2104323,
        2105347,
        2106371,
        3146755,
        3148803,
        3149827,
        3150851,
        3151875,
        3152899,
        3153923,
        3154947,
        4195331,
        4199427,
        4200451,
        4201475,
        5243907,
        5244931,
        5245955,
        6292483,
        6293507,
        1028,
        2052,
        3076,
        4100,
        5124,
        6148,
        7172,
        8196,
        9220,
        1049604,
        1050628,
        1051652,
        1052676,
        1053700,
        1054724,
        1055748,
        1056772,
        1057796,
        2098180,
        2099204,
        2100228,
        2101252,
        2102276,
        2103300,
        2104324,
        2105348,
        2106372,
        3146756,
        3147780,
        3148804,
        3149828,
        3150852,
        3151876,
        3152900,
        3153924,
        3154948,
        4195332,
        4198404,
        4199428,
        4200452,
        4201476,
        4202500,
        5243908,
        5244932,
        5245956,
        5248004,
        6292484,
        6293508,
        6294532,
        6295556,
        8389636,
        1029,
        2053,
        3077,
        4101,
        5125,
        6149,
        7173,
        8197,
        9221,
        1049605,
        1050629,
        1051653,
        1052677,
        1053701,
        1054725,
        1055749,
        1056773,
        1057797,
        2098181,
        2099205,
        2100229,
        2101253,
        2102277,
        2103301,
        2104325,
        2105349,
        2106373,
        3145733,
        3146757,
        3147781,
        3148805,
        3149829,
        3150853,
        3151877,
        3152901,
        3153925,
        3154949,
        4195333,
        4196357,
        4198405,
        4199429,
        4200453,
        5243909,
        5244933,
        5245957,
        5248005,
        6292485,
        6293509,
        7341061,
        7342085,
        8388613,
        8389637,
        8390661,
        8391685,
        9438213,
        9439237,
        1030,
        2054,
        3078,
        4102,
        5126,
        6150,
        7174,
        8198,
        9222,
        1049606,
        1050630,
        1051654,
        1052678,
        1053702,
        1054726,
        1055750,
        1056774,
        1057798,
        2098182,
        2099206,
        2100230,
        2101254,
        2102278,
        2103302,
        2104326,
        2105350,
        2106374,
        3146758,
        3147782,
        3148806,
        3149830,
        3150854,
        3151878,
        3152902,
        3153926,
        4195334,
        4197382,
        4199430,
        4200454,
        4201478,
        5243910,
        5249030,
        6292486,
        7341062,
        8389638,
        1031,
        2055,
        3079,
        4103,
        5127,
        6151,
        7175,
        8199,
        9223,
        1049607,
        1050631,
        1051655,
        1052679,
        1053703,
        1054727,
        1055751,
        1056775,
        1057799,
        2098183,
        2099207,
        2100231,
        2101255,
        2102279,
        2103303,
        2104327,
        2105351,
        2106375,
        3146759,
        3147783,
        3149831,
        3150855,
        3151879,
        3152903,
        4195335,
        4200455,
        4201479,
        5243911,
        6292487,
        7341063,
        8389639,
        1032,
        2056,
        3080,
        4104,
        5128,
        6152,
        7176,
        8200,
        9224,
        1049608,
        1050632,
        1051656,
        1052680,
        1053704,
        1054728,
        1055752,
        1056776,
        1057800,
        2098184,
        2099208,
        2100232,
        2101256,
        2102280,
        2103304,
        2104328,
        2105352,
        2106376,
        3146760,
        3148808,
        3150856,
        3151880,
        3152904,
        4195336,
        4201480,
        5243912,
        6292488,
        7341064,
        8389640,
        1033,
        2057,
        3081,
        4105,
        5129,
        6153,
        7177,
        8201,
        9225,
        1049609,
        1050633,
        1051657,
        1052681,
        1053705,
        1054729,
        1055753,
        1056777,
        1057801,
        2098185,
        2099209,
        2100233,
        2101257,
        2102281,
        2103305,
        2104329,
        2105353,
        2106377,
        3145737,
        3146761,
        3147785,
        3151881,
        3152905,
        4195337,
        4201481,
        5243913,
        5249033,
        5250057,
        6292489,
        7341065,
        8389641,
        9438217,
        1034,
        2058,
        3082,
        4106,
        5130,
        6154,
        7178,
        8202,
        9226,
        1049610,
        1050634,
        1051658,
        1052682,
        1053706,
        1054730,
        1055754,
        1056778,
        1057802,
        2098186,
        2099210,
        2100234,
        2101258,
        2102282,
        2103306,
        2104330,
        2105354,
        2106378,
        3146762,
        3147786,
        3152906,
        4195338,
        4196362,
        4201482,
        5243914,
        5248010,
        5249034,
        5250058,
        6292490,
        6296586,
        6298634,
        7341066,
        7347210,
        8389642,
        9438218,
        1035,
        2059,
        3083,
        4107,
        5131,
        6155,
        7179,
        8203,
        9227,
        1049611,
        1050635,
        1051659,
        1052683,
        1053707,
        1054731,
        1055755,
        1056779,
        1057803,
        2098187,
        2099211,
        2100235,
        2101259,
        2102283,
        2103307,
        2104331,
        2105355,
        2106379,
        3146763,
        3147787,
        3152907,
        4195339,
        4196363,
        4201483,
        5243915,
        5244939,
        5246987,
        5248011,
        5249035,
        5250059,
        6292491,
        6296587,
        6298635,
        7341067,
        7347211,
        8389643,
        1036,
        2060,
        3084,
        4108,
        5132,
        6156,
        7180,
        8204,
        9228,
        1049612,
        1050636,
        1051660,
        1052684,
        1053708,
        1054732,
        1055756,
        1056780,
        1057804,
        2098188,
        2099212,
        2100236,
        2101260,
        2102284,
        2103308,
        2104332,
        2105356,
        2106380,
        3146764,
        3147788,
        3149836,
        3150860,
        3152908,
        4195340,
        4196364,
        4201484,
        5243916,
        5244940,
        5245964,
        5246988,
        5248012,
        5249036,
        5250060,
        6292492,
        6293516,
        6294540,
        6295564,
        6297612,
        6298636,
        7341068,
        7347212,
        8389644,
        8395788,
        1037,
        2061,
        3085,
        4109,
        5133,
        6157,
        7181,
        8205,
        9229,
        1049613,
        1050637,
        1051661,
        1052685,
        1053709,
        1054733,
        1055757,
        1056781,
        1057805,
        2098189,
        2099213,
        2100237,
        2101261,
        2102285,
        2103309,
        2104333,
        2105357,
        2106381,
        3146765,
        3147789,
        3148813,
        3149837,
        3150861,
        3151885,
        3152909,
        3153933,
        4195341,
        4196365,
        4197389,
        4198413,
        4199437,
        4200461,
        4201485,
        5242893,
        5243917,
        5244941,
        5245965,
        5246989,
        5248013,
        5249037,
        5250061,
        6292493,
        6293517,
        6294541,
        6295565,
        6296589,
        6297613,
        6298637,
        7341069,
        7342093,
        7343117,
        7344141,
        7345165,
        7346189,
        7347213,
        8389645,
        8390669,
        8391693,
        8392717,
        8393741,
        8394765,
        8395789,
        9438221,
        9439245,
        9440269,
        9441293,
        9442317,
        9444365,
        10487821,
        10488845,
        10489869,
        11537421,
        11538445,
        12587021,
        1038,
        2062,
        3086,
        4110,
        5134,
        6158,
        7182,
        8206,
        9230,
        1049614,
        1050638,
        1051662,
        1052686,
        1053710,
        1054734,
        1055758,
        1056782,
        1057806,
        2098190,
        2099214,
        2100238,
        2101262,
        2102286,
        2103310,
        2104334,
        2105358,
        2106382,
        3145742,
        3146766,
        3148814,
        3149838,
        3150862,
        3151886,
        3152910,
        4195342,
        4196366,
        4199438,
        4200462,
        4201486,
        4202510,
        5243918,
        5244942,
        5250062,
        6292494,
        6294542,
        6298638,
        8389646,
        9438222,
        1039,
        2063,
        3087,
        4111,
        5135,
        6159,
        7183,
        8207,
        9231,
        1049615,
        1050639,
        1051663,
        1052687,
        1053711,
        1054735,
        1055759,
        1056783,
        1057807,
        2098191,
        2099215,
        2100239,
        2101263,
        2102287,
        2103311,
        2104335,
        2105359,
        2106383,
        3146767,
        3150863,
        3151887,
        3152911,
        3153935,
        4195343,
        4199439,
        4201487,
        5243919,
        5244943,
        6294543,
        1040,
        2064,
        3088,
        4112,
        5136,
        6160,
        7184,
        8208,
        1049616,
        1050640,
        1051664,
        1052688,
        1053712,
        1054736,
        1055760,
        1056784,
        2098192,
        2099216,
        2100240,
        2101264,
        2102288,
        2103312,
        2104336,
        2105360,
        3146768,
        3147792,
        3151888,
        3152912,
        4194320,
        4195344,
        4200464,
        4201488,
        4202512,
        5243920,
        5244944,
        5246992,
        5250064,
        6294544,
        4113,
        5137,
        6161,
        1052689,
        1053713,
        1054737,
        2101265,
        2102289,
        2103313,
        3146769,
        3149841,
        3150865,
        3152913,
        5243921,
        5250065
    ],
    "BlockIds": [
        9698,
        9698,
        9698,
        2966,
        2966,
        2966,
        2966,
        2966,
        2966,
        2966,
        2966,
        2966,
        2966,
        2966,
        2966,
        2966,
        2966,
        2966,
        2966,
        2966,
        2966,
        2966,
        2966,
        2966,
        2966,
        2966,
        2966,
        2966,
        2966,
        2966,
        2966,
        9493,
        2966,
        2966,
        4154,
        4154,
        4154,
        2966,
        2757,
        2795,
        4154,
        9493,
        4154,
        2966,
        9493,
        9493,
        4154,
        4154,
        2852,
        2852,
        2852,
        2852,
        2852,
        2852,
        9698,
        2966,
        2966,
        2966,
        9668,
        9668,
        2966,
        2966,
        2966,
        2966,
        2966,
        2966,
        2966,
        9668,
        9668,
        2966,
        2966,
        2966,
        2966,
        2966,
        2966,
        2966,
        9668,
        9668,
        2966,
        2966,
        2966,
        2966,
        9493,
        5107,
        5107,
        9493,
        5107,
        9493,
        5122,
        2966,
        5122,
        4154,
        7303,
        2966,
        2852,
        2966,
        9668,
        9668,
        9668,
        9668,
        2966,
        2966,
        2966,
        2966,
        2966,
        9668,
        9668,
        9668,
        9668,
        2966,
        2966,
        2966,
        2966,
        2966,
        9668,
        9668,
        9668,
        9668,
        2966,
        2966,
        2966,
        2966,
        2966,
        5107,
        5107,
        4154,
        9493,
        5107,
        5107,
        2852,
        9493,
        2852,
        2852,
        2852,
        9493,
        7355,
        7355,
        2852,
        16414,
        2966,
        9668,
        2966,
        9668,
        2675,
        2966,
        2675,
        2680,
        2966,
        2966,
        9668,
        2966,
        9668,
        2675,
        2966,
        2675,
        2680,
        2966,
        2966,
        9668,
        2966,
        9668,
        2675,
        2966,
        2675,
        2680,
        2966,
        4154,
        2852,
        4154,
        5107,
        4154,
        9493,
        4154,
        5107,
        5107,
        2966,
        2852,
        2966,
        2966,
        4154,
        2852,
        4154,
        7355,
        7355,
        2852,
        2852,
        9698,
        5535,
        9698,
        9698,
        2966,
        2966,
        9493,
        2966,
        2966,
        2966,
        2966,
        2966,
        2966,
        2966,
        2966,
        9493,
        2966,
        2966,
        2966,
        2966,
        2966,
        2966,
        2966,
        2966,
        9493,
        2966,
        2966,
        2966,
        2966,
        2966,
        2966,
        9698,
        2966,
        2966,
        2852,
        2966,
        4154,
        2966,
        2966,
        5107,
        5107,
        2966,
        9493,
        2966,
        9493,
        2852,
        2966,
        2966,
        2966,
        5107,
        2966,
        2966,
        9493,
        2966,
        9698,
        4154,
        9493,
        2852,
        3061,
        16414,
        2966,
        2966,
        9668,
        9668,
        9668,
        9668,
        2966,
        2966,
        5107,
        2966,
        2966,
        9668,
        9668,
        9668,
        9668,
        2966,
        2966,
        5107,
        2966,
        2966,
        9668,
        9668,
        9668,
        9668,
        2966,
        2966,
        5107,
        2966,
        5122,
        5107,
        2966,
        4154,
        2966,
        4154,
        5107,
        2966,
        5535,
        4154,
        4154,
        9493,
        2966,
        2852,
        4154,
        2966,
        2966,
        2966,
        9668,
        9668,
        9668,
        9668,
        9668,
        2966,
        2966,
        5107,
        2966,
        9668,
        9668,
        9668,
        9668,
        9668,
        2966,
        2966,
        5107,
        2966,
        9668,
        9668,
        9668,
        9668,
        9668,
        2966,
        2966,
        5107,
        9493,
        8606,
        5107,
        5107,
        2966,
        9520,
        2852,
        2966,
        136,
        9493,
        2966,
        2852,
        9493,
        2966,
        9668,
        2966,
        2966,
        9668,
        9668,
        2966,
        5107,
        2966,
        2966,
        9668,
        2966,
        2966,
        9668,
        9668,
        2966,
        5107,
        2966,
        2966,
        9668,
        2966,
        2966,
        9668,
        9668,
        2966,
        5107,
        2966,
        2966,
        16414,
        5107,
        4154,
        2966,
        4154,
        2966,
        4154,
        4154,
        2966,
        2966,
        2966,
        2966,
        2966,
        9668,
        9668,
        2966,
        2966,
        5107,
        5107,
        2966,
        2966,
        2966,
        9668,
        9668,
        2966,
        2966,
        5107,
        5107,
        2966,
        2966,
        2966,
        9668,
        9668,
        2966,
        2966,
        5107,
        5107,
        9698,
        9493,
        3023,
        5107,
        2966,
        2966,
        2852,
        9493,
        7355,
        9493,
        2966,
        9493,
        4154,
        5122,
        2966,
        2966,
        9668,
        9668,
        9668,
        2966,
        2966,
        2966,
        2966,
        2966,
        2966,
        9668,
        9668,
        9668,
        2966,
        2966,
        2966,
        2966,
        2966,
        2966,
        9668,
        9668,
        9668,
        2966,
        2966,
        2966,
        2966,
        9493,
        9493,
        4154,
        2966,
        3023,
        9493,
        4154,
        7355,
        7355,
        4154,
        2966,
        5122,
        2966,
        2966,
        16414,
        4154,
        16414,
        2966,
        2966,
        9668,
        2966,
        9668,
        9668,
        2966,
        2966,
        2966,
        2966,
        2966,
        9668,
        2966,
        9668,
        9668,
        2966,
        2966,
        2966,
        2966,
        2966,
        9668,
        2966,
        9668,
        9668,
        2966,
        2966,
        2966,
        2966,
        9493,
        4154,
        2966,
        4154,
        2966,
        9493,
        3023,
        7316,
        7355,
        7355,
        9493,
        4154,
        5122,
        2966,
        9493,
        2776,
        2966,
        2966,
        2966,
        2966,
        2966,
        9668,
        9668,
        2966,
        2966,
        2966,
        2966,
        2966,
        2966,
        2966,
        9668,
        9668,
        2966,
        2966,
        2966,
        2966,
        2966,
        2966,
        2966,
        9668,
        9668,
        2966,
        2966,
        2966,
        9493,
        9493,
        8606,
        8606,
        2966,
        4154,
        4154,
        2966,
        4154,
        9493,
        7355,
        7355,
        7355,
        7355,
        9493,
        2966,
        16414,
        5535,
        5535,
        8109,
        2966,
        2966,
        2966,
        4154,
        2966,
        2966,
        2966,
        2966,
        2966,
        2966,
        2966,
        2966,
        2966,
        2966,
        2966,
        2966,
        2966,
        2966,
        2966,
        2966,
        2966,
        2966,
        2966,
        2966,
        2966,
        2966,
        2966,
        2966,
        2966,
        2966,
        2966,
        2966,
        2966,
        2966,
        2966,
        9493,
        9493,
        4154,
        9493,
        9698,
        2966,
        4154,
        4154,
        2852,
        4154,
        4154,
        2966,
        9698,
        9493,
        9493,
        4154,
        9493,
        4154,
        9493,
        4154,
        4154,
        2966,
        2966,
        4154,
        2966,
        4154,
        2966,
        9493,
        9493,
        2966,
        9493,
        2966,
        4154,
        2966,
        4154,
        2966,
        4154,
        4154,
        2966,
        2966,
        4154,
        3061,
        2966,
        9493,
        9493,
        16414,
        2985,
        3061,
        4154,
        2966,
        3061,
        2966,
        2852,
        2966,
        2966,
        2966,
        2966,
        2675,
        2966,
        2966,
        2966,
        2966,
        2966,
        2966,
        2966,
        2966,
        2675,
        2966,
        2966,
        2966,
        2966,
        2966,
        2966,
        2966,
        2966,
        2675,
        2966,
        2966,
        2966,
        2966,
        9698,
        9493,
        8109,
        5107,
        5107,
        5107,
        9493,
        4154,
        9698,
        5107,
        5107,
        4154,
        9698,
        699,
        695,
        699,
        9698,
        699,
        9698,
        9698,
        9698,
        2966,
        5107,
        2966,
        5107,
        5107,
        2966,
        2966,
        2966,
        2966,
        2966,
        5107,
        2966,
        5107,
        5107,
        2966,
        2966,
        2966,
        2966,
        2966,
        5107,
        2966,
        5107,
        5107,
        2966,
        2966,
        2966,
        2966,
        9493,
        4154,
        5107,
        2966,
        699,
        2966,
        699,
        9493,
        699,
        695,
        699,
        2966,
        2966,
        5107,
        2966,
        5107,
        2966,
        2966,
        2966,
        2966,
        2966,
        5107,
        2966,
        5107,
        2966,
        2966,
        2966,
        2966,
        2966,
        5107,
        2966,
        5107,
        2966,
        2966,
        2966,
        2966,
        9698,
        2852,
        2966,
        9698,
        2966,
        9698,
        4154,
        9698,
        699,
        695,
        9698,
        9698,
        699,
        5107,
        2966,
        2966,
        5107,
        2966,
        2966,
        5107,
        2966,
        2966,
        9698,
        9698,
        699,
        9698,
        9698,
        9698
    ],
    "DecorIndices": [],
    "DecorIds": [],
    "BlockEntities": {
        "3145728": "!<d@[F*L4##64c-E,TfCCB+>7!<d@[F*`qq#64o6@VfsmCI<#NAIrp*E,]`9FCJfiD(T1/ARl&M@V&tbF!L_m+pnYd!!%O6*<6(i58\"J9!!%O6'`\\515TKh)J3On19-=?;",
        "3151872": "!<d@[F*L4##64c-E,TfCCB+>7!<d@[F*a/\"#64o6@VfsmCI<#NAIrp*E,]`9FCJfiD(T1/ARl&M@V&tbF!L_m+pnYd!!%O6*<6(i58\"J9!!%O6'`\\515TKh)J3On19-=<:",
        "5243904": "!<d@[F*L4##64c-E,TfCD#aP9!<d@[F*`tr#64o6@VfsmCI<#NAIrp*E,]`9FCJfiD(T1/ARl&M@V&tbF!L_m+pnYd!!%O6'`\\5a58\"J9r;V72(&\\)]590_(^d&ar9-=<:",
        "6298625": "!<d@[F*L7$#64c-E,TfCD?'Y:!<d@[F*a2##64o6@VfsmCI<#NAIrp*E,]`9FCJfiD(T1/ARl&M@V&tbEuG#c(^^6U%h/L=5X,t`!'n=?qu;.1(ue12!WW",
        "6293507": "!<d@[F*L=&#64c-E,TfCD?'Y:!<d@[F*a\"s#64o6@VfsmCI<#NAJK6(@r$13E+NQ3Ecki#Ch521Eb/ec\"E\\p.AJT</@Ua.b/R`^6Cgh?=/SB*4DJ=3(\":&scFCB9&=9&=$!!EUFATMNNDJ*csgCHlj\":&scFCB9&=o\\O&!!rsADes6$@ru9m!!E[MAT2'lE`7'gFCbFP!!!!",
        "6293508": "!<d@[F*L@'#64c-E,TfCD?'Y:!<d@[F*a\"s#64o6@VfsmCI<#NAIrp*E,]`9FCJfiD(T1/ARl&M@V&tbF!L_m+pnYd!!%O6*<6'>58\"J9!!%O6'`\\5!5TKh)!'_=[9-=<:",
        "6295556": "!<d@[F*L@'#64c-E,TfCD?'Y:!<d@[F*a(u#64o6@VfsmCI<#NAIrp*E,]`9FCJfiD(T1/ARl&M@V&tbEutAh*=;rZ!!!!`&e>EP!._g!LMWNf*WH('^DPs'+9VZ",
        "8389636": "!<d@[F*L@'#64c-E,TfCDu]k<!<d@[F*`tr#64o6@VfsmCI<#NAIrp*E,]`9FCJfiD(T1/ARl&M@V&tbF!L_m+pnYd!!%O6'`\\5a58\"J9!!!#6'`e:7^`EFS%mUuk9-=<:",
        "3145733": "!<d@[F*LC(#64c-E,TfCCB+>7!<d@[F*`qq#64o6@VfsmCI<#NAIrp*E,]`9FCJfiD(T1/ARl&M@V&tbEu4la(((3c!!%O6&df?R!5Li?!!%O6(ue0g",
        "8388613": "!<d@[F*LC(#64c-E,TfCDu]k<!<d@[F*`qq#64o6@VfsmCI<#NAIrp*E,]`9FCJfiD(T1/ARl&M@V&tbF!:Sk+:8Gj!!%O6*<6(i58\"J9!!!Qr(&@lZ590_(J3On19)n",
        "9439237": "!<d@[F*LC(#64c-E,TfCE<#t=!<d@[F*a\"s#64o6@VfsmCI<#NAJK6(@r$13E+NQ3Ecki#Ch521Eb/ec\"E\\p.AJT</@Ua.b/R`^6Cgh??/SB*4DJ=3(\":&scFCB9&=9&=$!!EUFATMNNDJ*csgCME?\":&scFCB9&=o\\O&!!rsADes6$@ru9m!!E[MAT2'lE`7'gFCbFP!!!!",
        "3147783": "!<d@[F*LI*#64c-E,TfCCB+>7!<d@[F*a\"s#64o6@VfsmCI<#NAHu^]F`__:EWlSfH#R=%@q]:bE\\2*GDJ'(WEc6&.FCePS!!!!%$#O6pBL-NKCh;?3aZfn5Ec6&.FCeVU!!!!*$\"ImiCh7*uARkcD$Z]ft@;0a\\FCB9&z!!",
        "3152903": "!<d@[F*LI*#64c-E,TfCCB+>7!<d@[F*a2##64o6@VfsmCI<#NAJ/NlDfRFMF_P`)A1_h?F_>AC\":B0fFCB9&=]/[=z#mP<eASu'i!=93LDK]T3F@]hXA8Ggu!!!",
        "3148808": "!<d@[F*LL+#64c-E,TfCCB+>7!<d@[F*a%t#64o6@VfsmCI<#NAJK6(@r$13E+NQ3Ecki#Ch521Eb/ec\"E\\p.AJT</@Ua.b/R`^6Cgh?>/SB*4DJ=3(\":&scFCB9&=9&=$!!EUFATMNNDJ*csgCMCi\":&scFCB9&=o\\O&!!rsADes6$@ru9m!!E[MAT2'lE`7'gFCbFP!!!!",
        "3145737": "!<d@[F*LO,#64c-E,TfCCB+>7!<d@[F*`qq#64o6@VfsmCI<#NAIrp*E,]`9FCJfiD(T1/ARl&M@V&tbF!:Sk+:8Gb!!!!`*<6(i58\"J9!!!!`'`\\6L5TKh)J3On19)n",
        "7347210": "!<d@[F*LR-#64c-E,TfCDZBb;!<d@[F*a2##64o6@VfsmCI<#NAJK6(@r$13E+NQ3Ecki#Ch521Eb/ec\"E\\p.AJT</@Ua.b/R`^6Cgh?=/SB*4DJ=3(\":&scFCB9&=9&=$!!EUFATMNNDJ*csgCME@\":&scFCB9&=o\\O&!!rsADes6$@ru9m!!E[MAT2'lE`7'gFCbFP!!!!",
        "9438218": "!<d@[F*LR-#64c-E,TfCE<#t=!<d@[F*`tr#64o6@VfsmCI<#NAJK6(@r$13E+NQ3Ecki#Ch521Eb/ec\"E\\p.AJT</@Ua.b/R`^6Cgh??/SB*4DJ=3(\":&scFCB9&=9&=$!!EUFATMNNDJ*csjNEk(\":&scFCB9&=o\\O&!!rsADes6$@ru9m!!E[MAT2'lE`7'gFCbFP!!!!",
        "3149836": "!<d@[F*LX/#64c-E,TfCCB+>7!<d@[F*a(u#64o6@VfsmCI<#NAHu^]F`__:EWlSfH#R=%FCAWpAM%>'ARkoKEc6&.FCePS!!!!%$#O6pBL-NKCh;?3ahIr`Ec6&.FCeVU!!!!*$\"ImiCh7*uARkcD$Z]ft@;0a\\FCB9&z!!",
        "3150860": "!<d@[F*LX/#64c-E,TfCCB+>7!<d@[F*a,!#64o6@VfsmCI<#NAHu^]F`__:EWlSfH#R=%@q]:bE\\1^4ARkoKEc6&.FCePS!!!!%$#O6pBL-NKCh;$nqnE7=Ec6&.FCeVU!!!!*$\"ImiCh7*uARkcD$Z]ft@;0a\\FCB9&z!!",
        "6293516": "!<d@[F*LX/#64c-E,TfCD?'Y:!<d@[F*a\"s#64o6@VfsmCI<#NAJK6(@r$13E+NQ3Ecki#Ch521Eb/ec\"E\\p.AJT</@Ua.b/R`^6Cgh?@/SB*4DJ=3(\":&scFCB9&=9&=$!!EUFATMNNDJ*csgCHlj\":&scFCB9&=o\\O&!!rsADes6$@ru9m!!E[MAT2'lE`7'gFCbFP!!!!",
        "6297612": "!<d@[F*LX/#64c-E,TfCD?'Y:!<d@[F*a/\"#64o6@VfsmCI<#NAI;p\\ATMrFARTY%\"po!]G%GQ5DfU+(#'\"^#Dfg%+!!!!'\"`nKuFE7Zf0E;+R!!!*%!!!$\"!!!!(!AOQT!!!!4!<<*#!!!!%$Zp</@;J;E@;]Rdc-/jF!!`N[!!*'\"!##A5!!*'\"!!E[ODffE(6YKnG@qEp/9KiF]!Aa]V!!!!%!<<*#z#6?X]!<<*\"'*/(5!<<*\"\":K<iFCAuQBOPdgA^/Fm4obfg2#mXW!!!Z5!!!$\"!!!-0FDl80CdVlEDI[8&bY12##6?^_!<<*\"\"p\"](!<<*\"!!`N`!!*'\"!##A5!!*'\"!!E[ODffE(6YKnG@qEp/9KiFV!!NdCDfS0\\De!QMDe*Dd@q]FpF=h'4F*%QgFEqh:$=e!jCgh:(ARmLu$#O6pBL-NKCh;$nqnE+",
        "3153933": "!<d@[F*L[0#64c-E,TfCCB+>7!<d@[F*a5$#64o6@VfsmCI<#NAIrp*E,]`9FCJfiD(T1/ARl&M@V&tbEuG#c(^^EU!!%O6&df'J!.[9K!!()*(ue12\"98",
        "5242893": "!<d@[F*L[0#64c-E,TfCD#aP9!<d@[F*`qq#64o6@VfsmCI<#NAIrp*E,]`9FCJfiD(T1/ARl&M@V&tbF!gqp,mk.l!!%O6'`\\5a590_(J3OYW%0-An_%l\\DIm4q\\!.[9Ni_'7",
        "9442317": "!<d@[F*L[0#64c-E,TfCE<#t=!<d@[F*a,!#64o6@VfsmCI<#NAJK6(@r$13E+NQ3Ecki#Ch521Eb/ec\"E\\p.AJT</@Ua.b/R`^6Cgh?=/SB*4DJ=3(\":&scFCB9&=9&=$!!EUFATMNNDJ*csjNEk(\":&scFCB9&=o\\O&!!rsADes6$@ru9m!!E[MAT2'lE`7'gFCbFP!!!!",
        "3145742": "!<d@[F*L^1#64c-E,TfCCB+>7!<d@[F*`qq#64o6@VfsmCI<#NAIrp*E,]`9FCJfiD(T1/ARl&M@V&tbEu4la(((3c!!%O6&df?R!5Li?!!%O6(ue0g",
        "3148814": "!<d@[F*L^1#64c-E,TfCCB+>7!<d@[F*a%t#64o6@VfsmCI<#NAI;p\\ATMrFARTY%\"po!]G%GQ5DfU+(#'\"^#Dfg%+!!!!'\"`nKuFE7Zf0E;+R!!!Z5!!!$\"!!!-0FDl80CdVlEDI[8&bY12##6?OZ!<<*\"'*/(5!<<*\"\":K<iFCAuQBOPdgA^/Fm4obfg1&q=T!!!Q2!!!$\"!!!-0FDl80CdVlEDI[8&bY12##6?U\\!<<*\"&-2b2!<<*\"\":K<iFCAuQBOPdgA^/Fm4obfg1]ROV!!!Q2!!!$\"!!!-0FDl80CdVlEDI[8&bY12##6?[^!<<*\"'*/(5!<<*\"\":K<iFCAuQBOPdgA^/Fm4obfg2?3aX!!!Q2!!!$\"!!!-0FDl80CdVlEDI[8&bY12##6?a`!<<*\"'*/(5!<<*\"\":K<iFCAuQBOPdgA^/Fm4obQ_\"Uo!]E^FS\\@r\"GMA7Z*XBOu7,/S/@3F9MehH#R=%@rH1\"@;p:!A2+2nD.Rd%6#L=OA_Ra;56(",
        "4196366": "!<d@[F*L^1#64c-E,TfCC]FG8!<d@[F*a\"s#64o6@VfsmCI<#NAIrp*E,]`9FCJfiD(T1/ARl&M@V&tbF'&DL(^^E]!!%O6&df'J!'idarr7I4(ue12!X]qT\"Vh\";J3OYW%=5,@ZP<H?+@$qI!$FNDi_(Bp$69HW'`\\5a58\"J9m]?dD'`\\5a^E\"r?41#ja9-=68",
        "4202510": "!<d@[F*L^1#64c-E,TfCC]FG8!<d@[F*a5$#64o6@VfsmCI<#NAIrp*E,]`9FCJfiD(T1/ARl&M@V&tbEuG#c(^^E]!!%O6&df'J!'idarr7I4(ue12!WW",
        "6292494": "!<d@[F*L^1#64c-E,TfCD?'Y:!<d@[F*`tr#64o6@VfsmCI<#NAIrp*E,]`9FCJfiD(T1/ARl&M@V&tbEuG#c(^^6U%h4@aUpLj;!'idi!!(qB(ue12!<<",
        "6298638": "!<d@[F*L^1#64c-E,TfCD?'Y:!<d@[F*a2##64o6@VfsmCI<#NAIrp*E,]`9FCJfiD(T1/ARl&M@V&tbF$9R2*=;rj!!%O6&e>G.7AR:*M++5I*<6)T^_l'(+9;fi$3_FM!.[9H%h4@aUpLj;!'idi!!'gM(ue12!<<",
        "8389646": "!<d@[F*L^1#64c-E,TfCDu]k<!<d@[F*`tr#64o6@VfsmCI<#NAIrp*E,]`9FCJfiD(T1/ARl&M@V&tbF!L_m+pnYl!!%O6*<6(i4q\\A8!s\"uY(&n6J^E!:S+@$e'9-=68",
        "9438222": "!<d@[F*L^1#64c-E,TfCE<#t=!<d@[F*`tr#64o6@VfsmCI<#NAIrp*E,]`9FCJfiD(T1/ARl&M@V&tbEuG#c(^^6U%h4@a,d\\9d!)Pp$!!$Cl(ue12!<<",
        "3147792": "!<d@[F*Ld3#64c-E,TfCCB+>7!<d@[F*a\"s#64o6@VfsmCI<#NAIrp*E,]`9FCJfiD(T1/ARl&M@V&tbEuG#c(^^EU!!%O6&df'J!.[9K!!!!a(ue12!WW",
        "4194320": "!<d@[F*Ld3#64c-E,TfCC]FG8!<d@[F*`qq#64o6@VfsmCI<#NAIrp*E,]`9FCJfiD(T1/ARl&M@V&tbF!gqp,mk.l!!%O6'`\\5a590_(J3OYW%0-A.^_QkKIm4qT!.[9Ni_'7",
        "4200464": "!<d@[F*Ld3#64c-E,TfCC]FG8!<d@[F*a/\"#64o6@VfsmCI<#NAIrp*E,]`9FCJfiD(T1/ARl&M@V&tbF!gqp,mk.l!!%O6'`\\5a590_(J3OYW%0-A.^_QkKIm4qT!.[9Ni_'7",
        "4202512": "!<d@[F*Ld3#64c-E,TfCC]FG8!<d@[F*a5$#64o6@VfsmCI<#NAIrp*E,]`9FCJfiD(T1/ARl&M@V&tbF!L_m+pnYd!!%O6'`\\5a58\"J9!!%O6'`\\5a^E\"r?41#ja9-=99",
        "5246992": "!<d@[F*Ld3#64c-E,TfCD#aP9!<d@[F*a(u#64o6@VfsmCI<#NAIrp*E,]`9FCJfiD(T1/ARl&M@V&tbF\"%(r-OL@n!!#8K'`\\6L590_(!'_),%0-A.^_QnL^HW_A!!#5#i_(Bt!!",
        "5250064": "!<d@[F*Ld3#64c-E,TfCD#aP9!<d@[F*a2##64o6@VfsmCI<#NAIrp*E,]`9FCJfiD(T1/ARl&M@V&tbF!L_m+pnYd!!#8K*<6()58\"J9!!&\\,'eFP(ZQ0#GJA2r\\9-=?;",
        "3146769": "!<d@[F*Lg4#64c-E,TfCCB+>7!<d@[F*`tr#64o6@VfsmCI<#NAIrp*E,]`9FCJfiD(T1/ARl&M@V&tbEtA<Y%LN1K\"Vh\";!'hC\\9-=68",
        "3149841": "!<d@[F*Lg4#64c-E,TfCCB+>7!<d@[F*a(u#64o6@VfsmCI<#NAIrp*E,]`9FCJfiD(T1/ARl&M@V&tbEuG#c(^^Ee!!!!`&df?R!.[<T!!!!`(ue12\"98",
        "3152913": "!<d@[F*Lg4#64c-E,TfCCB+>7!<d@[F*a2##64o6@VfsmCI<#NAIrp*E,]`9FCJfiD(T1/ARl&M@V&tbEuG#c(^^6U%h8O<5<flXeqgXQ!<Ae-(ue12!<<",
        "5243921": "!<d@[F*Lg4#64c-E,TfCD#aP9!<d@[F*`tr#64o6@VfsmCI<#NAIrp*E,]`9FCJfiD(T1/ARl&M@V&tbEuG#c(^^6U%h4@a,d\\<ds5-$]!!$Cl(ue12!<<",
        "5250065": "!<d@[F*Lg4#64c-E,TfCD#aP9!<d@[F*a2##64o6@VfsmCI<#NAIrp*E,]`9FCJfiD(T1/ARl&M@V&tbEutAh*=;rj!!%O6&e>G.7AR:*M++5I*<6)T^_l'(+9;H"
    },
    "Entities": [],
    "ReplaceMode": 2,
    "EntranceRotation": -1
}