[
  // Prime Meat
  {
    "op": "add",
    "path": "/ingredients/0/validStacks/-",
    "value": {
      "type": "item",
      "code": "butchering:primemeat-raw",
      "shapeElement": "bowl/meat stew/*",
      "textureMapping": [ "meat", "group2" ]
    },
    "file": "game:recipes/cooking/meatystew.json"
  },
  {
    "op": "add",
    "path": "/ingredients/2/validStacks/-",
    "value": {
      "type": "item",
      "code": "butchering:primemeat-raw",
      "shapeElement": "bowl/meat stew/*",
      "textureMapping": [ "meat", "group2" ]
    },
    "file": "game:recipes/cooking/meatystew.json"
  },
  {
    "op": "add",
    "path": "/ingredients/3/validStacks/-",
    "value": {
      "type": "item",
      "code": "butchering:primemeat-raw",
      "shapeElement": "bowl/meat stew/*",
      "textureMapping": [ "meat", "group2" ]
    },
    "file": "game:recipes/cooking/meatystew.json"
  },
  // Smoked Redmeat
  {
    "op": "add",
    "path": "/ingredients/0/validStacks/-",
    "value": {
      "type": "item",
      "code": "butchering:smoked-*-redmeat",
      "shapeElement": "bowl/meat stew/*",
      "textureMapping": [ "meat", "group2" ]
    },
    "file": "game:recipes/cooking/meatystew.json"
  },
  {
    "op": "add",
    "path": "/ingredients/2/validStacks/-",
    "value": {
      "type": "item",
      "code": "butchering:smoked-*-redmeat",
      "shapeElement": "bowl/red meat/*",
      "textureMapping": [ "meat", "group2" ]

    },
    "file": "game:recipes/cooking/meatystew.json"
  },
  {
    "op": "add",
    "path": "/ingredients/3/validStacks/-",
    "value": {
      "type": "item",
      "code": "butchering:smoked-*-redmeat",
      "shapeElement": "bowl/red meat/*",
      "textureMapping": [ "meat", "group2" ]
    },
    "file": "game:recipes/cooking/meatystew.json"
  },
  // Smoked Fish
  {
    "op": "add",
    "path": "/ingredients/0/validStacks/-",
    "value": {
      "type": "item",
      "code": "butchering:smoked-*-fish",
      "shapeElement": "bowl/meat stew/*",
      "textureMapping": [ "meat", "group4" ]
    },
    "file": "game:recipes/cooking/meatystew.json"
  },
  {
    "op": "add",
    "path": "/ingredients/2/validStacks/-",
    "value": {
      "type": "item",
      "code": "butchering:smoked-*-fish",
      "shapeElement": "bowl/fish/*",
      "textureMapping": [ "meat", "group4" ]
    },
    "file": "game:recipes/cooking/meatystew.json"
  },
  {
    "op": "add",
    "path": "/ingredients/3/validStacks/-",
    "value": {
      "type": "item",
      "code": "butchering:smoked-*-fish",
      "shapeElement": "bowl/fish/*",
      "textureMapping": [ "meat", "group4" ]
    },
    "file": "game:recipes/cooking/meatystew.json"
  }
]
