{
	"editor": {
		"allAngles": false,
		"entityTextureMode": false
	},
	"textureWidth": 16,
	"textureHeight": 16,
	"textureSizes": {
	},
	"textures": {
	},
	"elements": [
		{
			"name": "_thin-ring",
			"from": [ 0.0, 0.0, 0.0 ], 
			"to": [ 0.0, 0.0, 0.0 ], 
			"rotationOrigin": [ 8.0, 2.5, 8.0 ],
			"faces": {
				"north": { "texture": "#obsidian1", "uv": [ 0.0, 11.5, 0.5, 12.0 ] },
				"east": { "texture": "#obsidian1", "uv": [ 10.0, 8.5, 10.5, 9.0 ] },
				"south": { "texture": "#obsidian1", "uv": [ 7.5, 7.5, 8.0, 8.0 ] },
				"west": { "texture": "#obsidian1", "uv": [ 2.0, 2.5, 2.5, 3.0 ] },
				"up": { "texture": "#obsidian1", "uv": [ 5.0, 8.5, 5.5, 9.0 ] },
				"down": { "texture": "#obsidian1", "uv": [ 1.5, 3.5, 2.0, 4.0 ] }
			},
			"children": [
				{
					"name": "_test56",
					"from": [ 7.5, 0.0, 8.0 ], 
					"to": [ 7.5, 0.0, 8.0 ], 
					"rotationOrigin": [ 8.0, 0.0, 8.0 ],
					"faces": {
						"north": { "texture": "#obsidian1", "uv": [ 7.5, 8.5, 8.0, 9.0 ] },
						"east": { "texture": "#obsidian1", "uv": [ 14.5, 10.0, 15.0, 10.5 ] },
						"south": { "texture": "#obsidian1", "uv": [ 8.5, 12.5, 9.0, 13.0 ] },
						"west": { "texture": "#obsidian1", "uv": [ 7.5, 6.0, 8.0, 6.5 ] },
						"up": { "texture": "#obsidian1", "uv": [ 11.5, 1.5, 12.0, 2.0 ] },
						"down": { "texture": "#obsidian1", "uv": [ 4.0, 7.0, 4.5, 7.5 ] }
					},
					"children": [
						{
							"name": "midringCube67",
							"from": [ 2.75, 2.25, 0.5 ], 
							"to": [ 3.0, 2.75, 1.5 ], 
							"rotationOrigin": [ 3.0, 2.5, 0.5 ],
							"rotationY": -22.5,
							"faces": {
								"north": { "texture": "#middlering", "uv": [ 3.0, 12.0, 3.5, 12.5 ], "enabled": false },
								"east": { "texture": "#middlering", "uv": [ 11.5, 7.0, 15.5, 9.0 ], "autoUv": false },
								"south": { "texture": "#middlering", "uv": [ 8.5, 5.5, 9.0, 6.0 ], "enabled": false },
								"west": { "texture": "#middlering", "uv": [ 3.0, 12.5, 7.0, 14.5 ], "autoUv": false },
								"up": { "texture": "#middlering", "uv": [ 6.0, 5.0, 8.0, 9.0 ], "autoUv": false },
								"down": { "texture": "#middlering", "uv": [ 5.0, 11.0, 7.0, 15.0 ], "autoUv": false }
							},
							"children": [
								{
									"name": "midringCube68",
									"from": [ 0.0, 0.01, 1.0 ], 
									"to": [ 0.25, 0.49, 2.0 ], 
									"rotationOrigin": [ 0.25, 0.25, 1.0 ],
									"rotationY": -22.5,
									"faces": {
										"north": { "texture": "#middlering", "uv": [ 15.0, 2.0, 15.5, 2.5 ], "enabled": false },
										"east": { "texture": "#middlering", "uv": [ 4.0, 4.5, 8.0, 6.5 ], "autoUv": false },
										"south": { "texture": "#middlering", "uv": [ 10.5, 10.5, 11.0, 11.0 ], "enabled": false },
										"west": { "texture": "#middlering", "uv": [ 0.0, 5.0, 4.0, 7.0 ], "autoUv": false },
										"up": { "texture": "#middlering", "uv": [ 1.0, 4.0, 3.0, 8.0 ], "autoUv": false },
										"down": { "texture": "#middlering", "uv": [ 10.5, 6.0, 12.5, 10.0 ], "autoUv": false }
									}
								},
								{
									"name": "midringCube69",
									"from": [ -0.3827, 0.0, 1.9239 ], 
									"to": [ -0.1327, 0.5, 2.9239 ], 
									"rotationOrigin": [ -0.1327, 0.25, 1.9239 ],
									"rotationY": -45.0,
									"faces": {
										"north": { "texture": "#middlering", "uv": [ 14.0, 7.5, 14.5, 8.0 ], "enabled": false },
										"east": { "texture": "#middlering", "uv": [ 2.5, 5.0, 6.5, 7.0 ], "autoUv": false },
										"south": { "texture": "#middlering", "uv": [ 2.0, 14.5, 2.5, 15.0 ], "enabled": false },
										"west": { "texture": "#middlering", "uv": [ 9.0, 11.5, 13.0, 13.5 ], "autoUv": false },
										"up": { "texture": "#middlering", "uv": [ 8.5, 7.5, 10.5, 11.5 ], "autoUv": false },
										"down": { "texture": "#middlering", "uv": [ 13.0, 3.0, 15.0, 7.0 ], "autoUv": false }
									}
								}
							]
						},
						{
							"name": "Cube58",
							"from": [ 1.0, 0.0, -0.25 ], 
							"to": [ 2.0, 0.25, 0.25 ], 
							"rotationOrigin": [ 1.0, 0.0, 0.0 ],
							"rotationZ": 22.5,
							"faces": {
								"north": { "texture": "#obsidian1", "uv": [ 10.5, 10.0, 11.5, 10.5 ] },
								"east": { "texture": "#obsidian1", "uv": [ 14.5, 1.5, 15.0, 2.0 ], "enabled": false },
								"south": { "texture": "#obsidian1", "uv": [ 2.5, 11.5, 3.5, 12.0 ] },
								"west": { "texture": "#obsidian1", "uv": [ 3.0, 10.5, 3.5, 11.0 ], "enabled": false },
								"up": { "texture": "#obsidian1", "uv": [ 13.0, 13.0, 14.0, 13.5 ] },
								"down": { "texture": "#obsidian1", "uv": [ 8.0, 8.5, 9.0, 9.0 ] }
							},
							"children": [
								{
									"name": "Cube59",
									"from": [ 1.0, 0.0, 0.01 ], 
									"to": [ 2.0, 0.25, 0.49 ], 
									"rotationOrigin": [ 1.0, 0.0, 0.5 ],
									"rotationZ": 22.5,
									"faces": {
										"north": { "texture": "#obsidian1", "uv": [ 3.0, 7.0, 4.0, 7.5 ] },
										"east": { "texture": "#obsidian1", "uv": [ 12.0, 2.5, 12.5, 3.0 ], "enabled": false },
										"south": { "texture": "#obsidian1", "uv": [ 9.0, 4.5, 10.0, 5.0 ] },
										"west": { "texture": "#obsidian1", "uv": [ 2.5, 4.5, 3.0, 5.0 ], "enabled": false },
										"up": { "texture": "#obsidian1", "uv": [ 3.0, 12.0, 4.0, 12.5 ] },
										"down": { "texture": "#obsidian1", "uv": [ 10.5, 4.5, 11.5, 5.0 ] }
									}
								},
								{
									"name": "Cube60",
									"from": [ 1.9239, 0.3827, 0.0 ], 
									"to": [ 2.9239, 0.6327, 0.5 ], 
									"rotationOrigin": [ 1.9239, 0.3827, 0.5 ],
									"rotationZ": 45.0,
									"faces": {
										"north": { "texture": "#obsidian1", "uv": [ 12.0, 11.0, 13.0, 11.5 ] },
										"east": { "texture": "#obsidian1", "uv": [ 11.5, 12.5, 12.0, 13.0 ], "enabled": false },
										"south": { "texture": "#obsidian1", "uv": [ 11.5, 10.5, 12.5, 11.0 ] },
										"west": { "texture": "#obsidian1", "uv": [ 4.5, 12.5, 5.0, 13.0 ], "enabled": false },
										"up": { "texture": "#obsidian1", "uv": [ 14.0, 15.0, 15.0, 15.5 ] },
										"down": { "texture": "#obsidian1", "uv": [ 0.5, 0.5, 1.5, 1.0 ] }
									},
									"children": [
										{
											"name": "Cube61",
											"from": [ 1.0, 0.0, -0.25 ], 
											"to": [ 2.0, 0.25, 0.75 ], 
											"rotationOrigin": [ 1.0, 0.0, -0.5 ],
											"rotationZ": 22.5,
											"faces": {
												"north": { "texture": "#obsidian2", "uv": [ 7.5, 5.0, 11.5, 7.0 ], "autoUv": false },
												"east": { "texture": "#obsidian2", "uv": [ 10.0, 5.5, 14.0, 7.5 ], "autoUv": false },
												"south": { "texture": "#obsidian2", "uv": [ 6.5, 1.5, 10.5, 3.5 ], "autoUv": false },
												"west": { "texture": "#obsidian2", "uv": [ 6.5, 9.0, 10.5, 11.0 ], "autoUv": false },
												"up": { "texture": "#obsidian2", "uv": [ 6.5, 2.5, 10.5, 6.5 ], "autoUv": false },
												"down": { "texture": "#obsidian2", "uv": [ 5.5, 0.0, 9.5, 4.0 ], "autoUv": false }
											},
											"children": [
												{
													"name": "Cube62",
													"from": [ 1.0, 0.0, 0.25 ], 
													"to": [ 2.0, 0.25, 0.75 ], 
													"rotationOrigin": [ 1.0, 0.0, 0.5 ],
													"rotationZ": 22.5,
													"faces": {
														"north": { "texture": "#obsidian1", "uv": [ 13.5, 13.5, 14.5, 14.0 ] },
														"east": { "texture": "#obsidian1", "uv": [ 5.5, 7.0, 6.0, 7.5 ], "enabled": false },
														"south": { "texture": "#obsidian1", "uv": [ 6.0, 6.5, 7.0, 7.0 ] },
														"west": { "texture": "#obsidian1", "uv": [ 14.5, 14.0, 15.0, 14.5 ], "enabled": false },
														"up": { "texture": "#obsidian1", "uv": [ 0.0, 7.5, 1.0, 8.0 ] },
														"down": { "texture": "#obsidian1", "uv": [ 11.0, 0.0, 12.0, 0.5 ] }
													},
													"children": [
														{
															"name": "Cube63",
															"from": [ 1.0, 0.0, 0.01 ], 
															"to": [ 2.0, 0.25, 0.49 ], 
															"rotationOrigin": [ 1.0, 0.0, 0.5 ],
															"rotationZ": 22.5,
															"faces": {
																"north": { "texture": "#obsidian1", "uv": [ 3.0, 4.0, 4.0, 4.5 ] },
																"east": { "texture": "#obsidian1", "uv": [ 10.0, 14.0, 10.5, 14.5 ], "enabled": false },
																"south": { "texture": "#obsidian1", "uv": [ 6.5, 0.0, 7.5, 0.5 ] },
																"west": { "texture": "#obsidian1", "uv": [ 2.0, 5.0, 2.5, 5.5 ], "enabled": false },
																"up": { "texture": "#obsidian1", "uv": [ 8.0, 5.5, 9.0, 6.0 ] },
																"down": { "texture": "#obsidian1", "uv": [ 5.5, 14.0, 6.5, 14.5 ] }
															}
														},
														{
															"name": "Cube64",
															"from": [ 1.9239, 0.3827, 0.0 ], 
															"to": [ 2.9239, 0.6327, 0.5 ], 
															"rotationOrigin": [ 1.9239, 0.3827, 0.5 ],
															"rotationZ": 45.0,
															"faces": {
																"north": { "texture": "#obsidian1", "uv": [ 9.0, 9.0, 10.0, 9.5 ] },
																"east": { "texture": "#obsidian1", "uv": [ 5.0, 12.5, 5.5, 13.0 ], "enabled": false },
																"south": { "texture": "#obsidian1", "uv": [ 6.5, 10.0, 7.5, 10.5 ] },
																"west": { "texture": "#obsidian1", "uv": [ 14.0, 3.0, 14.5, 3.5 ], "enabled": false },
																"up": { "texture": "#obsidian1", "uv": [ 13.5, 4.0, 14.5, 4.5 ] },
																"down": { "texture": "#obsidian1", "uv": [ 14.0, 5.0, 15.0, 5.5 ] }
															}
														}
													]
												}
											]
										}
									]
								}
							]
						}
					]
				},
				{
					"name": "_test70",
					"from": [ 7.4972, 0.0, 8.0024 ], 
					"to": [ 7.4972, 0.0, 8.0024 ], 
					"rotationOrigin": [ 8.0, 0.0, 8.0 ],
					"rotationY": -89.98,
					"faces": {
						"north": { "texture": "#obsidian1", "uv": [ 3.5, 4.5, 4.0, 5.0 ] },
						"east": { "texture": "#obsidian1", "uv": [ 6.5, 6.5, 7.0, 7.0 ] },
						"south": { "texture": "#obsidian1", "uv": [ 0.0, 12.0, 0.5, 12.5 ] },
						"west": { "texture": "#obsidian1", "uv": [ 8.0, 14.5, 8.5, 15.0 ] },
						"up": { "texture": "#obsidian1", "uv": [ 2.0, 5.5, 2.5, 6.0 ] },
						"down": { "texture": "#obsidian1", "uv": [ 4.5, 5.0, 5.0, 5.5 ] }
					},
					"children": [
						{
							"name": "midringCube80",
							"from": [ 2.75, 2.25, 0.5 ], 
							"to": [ 3.0, 2.75, 1.5 ], 
							"rotationOrigin": [ 3.0, 2.5, 0.5 ],
							"rotationY": -22.5,
							"faces": {
								"north": { "texture": "#middlering", "uv": [ 1.5, 9.5, 2.0, 10.0 ], "enabled": false },
								"east": { "texture": "#middlering", "uv": [ 7.5, 4.0, 11.5, 6.0 ], "autoUv": false },
								"south": { "texture": "#middlering", "uv": [ 11.5, 9.5, 12.0, 10.0 ], "enabled": false },
								"west": { "texture": "#middlering", "uv": [ 2.0, 5.5, 6.0, 7.5 ], "autoUv": false },
								"up": { "texture": "#middlering", "uv": [ 1.0, 2.5, 3.0, 6.5 ], "autoUv": false },
								"down": { "texture": "#middlering", "uv": [ 0.5, 11.0, 2.5, 15.0 ], "autoUv": false }
							},
							"children": [
								{
									"name": "midringCube81",
									"from": [ 0.0, 0.01, 1.0 ], 
									"to": [ 0.25, 0.49, 2.0 ], 
									"rotationOrigin": [ 0.25, 0.25, 1.0 ],
									"rotationY": -22.5,
									"faces": {
										"north": { "texture": "#middlering", "uv": [ 14.5, 7.0, 15.0, 7.5 ], "enabled": false },
										"east": { "texture": "#middlering", "uv": [ 0.5, 13.5, 4.5, 15.5 ], "autoUv": false },
										"south": { "texture": "#middlering", "uv": [ 0.5, 7.5, 1.0, 8.0 ], "enabled": false },
										"west": { "texture": "#middlering", "uv": [ 11.0, 7.5, 15.0, 9.5 ], "autoUv": false },
										"up": { "texture": "#middlering", "uv": [ 9.0, 11.5, 11.0, 15.5 ], "autoUv": false },
										"down": { "texture": "#middlering", "uv": [ 5.5, 8.0, 7.5, 12.0 ], "autoUv": false }
									}
								},
								{
									"name": "midringCube82",
									"from": [ -0.3827, 0.0, 1.9239 ], 
									"to": [ -0.1327, 0.5, 2.9239 ], 
									"rotationOrigin": [ -0.1327, 0.25, 1.9239 ],
									"rotationY": -45.0,
									"faces": {
										"north": { "texture": "#middlering", "uv": [ 4.0, 0.0, 4.5, 0.5 ], "enabled": false },
										"east": { "texture": "#middlering", "uv": [ 2.0, 8.0, 6.0, 10.0 ], "autoUv": false },
										"south": { "texture": "#middlering", "uv": [ 11.5, 12.5, 12.0, 13.0 ], "enabled": false },
										"west": { "texture": "#middlering", "uv": [ 6.5, 11.0, 10.5, 13.0 ], "autoUv": false },
										"up": { "texture": "#middlering", "uv": [ 7.0, 7.5, 9.0, 11.5 ], "autoUv": false },
										"down": { "texture": "#middlering", "uv": [ 8.0, 11.5, 10.0, 15.5 ], "autoUv": false }
									}
								}
							]
						},
						{
							"name": "Cube72",
							"from": [ 1.0, 0.0, -0.25 ], 
							"to": [ 2.0, 0.25, 0.25 ], 
							"rotationOrigin": [ 1.0, 0.0, 0.0 ],
							"rotationZ": 22.5,
							"faces": {
								"north": { "texture": "#obsidian1", "uv": [ 4.0, 4.5, 5.0, 5.0 ] },
								"east": { "texture": "#obsidian1", "uv": [ 4.0, 1.5, 4.5, 2.0 ], "enabled": false },
								"south": { "texture": "#obsidian1", "uv": [ 11.0, 8.5, 12.0, 9.0 ] },
								"west": { "texture": "#obsidian1", "uv": [ 3.0, 12.5, 3.5, 13.0 ], "enabled": false },
								"up": { "texture": "#obsidian1", "uv": [ 3.0, 10.5, 4.0, 11.0 ] },
								"down": { "texture": "#obsidian1", "uv": [ 8.0, 0.5, 9.0, 1.0 ] }
							},
							"children": [
								{
									"name": "Cube73",
									"from": [ 1.0, 0.0, 0.01 ], 
									"to": [ 2.0, 0.25, 0.49 ], 
									"rotationOrigin": [ 1.0, 0.0, 0.5 ],
									"rotationZ": 22.5,
									"faces": {
										"north": { "texture": "#obsidian1", "uv": [ 9.0, 3.5, 10.0, 4.0 ] },
										"east": { "texture": "#obsidian1", "uv": [ 0.5, 8.5, 1.0, 9.0 ], "enabled": false },
										"south": { "texture": "#obsidian1", "uv": [ 3.0, 12.5, 4.0, 13.0 ] },
										"west": { "texture": "#obsidian1", "uv": [ 3.0, 0.0, 3.5, 0.5 ], "enabled": false },
										"up": { "texture": "#obsidian1", "uv": [ 12.0, 2.0, 13.0, 2.5 ] },
										"down": { "texture": "#obsidian1", "uv": [ 3.0, 12.0, 4.0, 12.5 ] }
									}
								},
								{
									"name": "Cube74",
									"from": [ 1.9239, 0.3827, 0.0 ], 
									"to": [ 2.9239, 0.6327, 0.5 ], 
									"rotationOrigin": [ 1.9239, 0.3827, 0.5 ],
									"rotationZ": 45.0,
									"faces": {
										"north": { "texture": "#obsidian1", "uv": [ 1.0, 7.0, 2.0, 7.5 ] },
										"east": { "texture": "#obsidian1", "uv": [ 12.0, 2.5, 12.5, 3.0 ], "enabled": false },
										"south": { "texture": "#obsidian1", "uv": [ 12.5, 5.5, 13.5, 6.0 ] },
										"west": { "texture": "#obsidian1", "uv": [ 14.5, 12.5, 15.0, 13.0 ] },
										"up": { "texture": "#obsidian1", "uv": [ 5.0, 15.0, 6.0, 15.5 ] },
										"down": { "texture": "#obsidian1", "uv": [ 0.5, 14.5, 1.5, 15.0 ] }
									},
									"children": [
										{
											"name": "Cube75",
											"from": [ 1.0, 0.0, -0.25 ], 
											"to": [ 2.0, 0.25, 0.75 ], 
											"rotationOrigin": [ 1.0, 0.0, -0.5 ],
											"rotationZ": 22.5,
											"faces": {
												"north": { "texture": "#obsidian2", "uv": [ 7.5, 4.0, 11.5, 6.0 ], "autoUv": false },
												"east": { "texture": "#obsidian2", "uv": [ 9.0, 8.0, 13.0, 10.0 ], "autoUv": false },
												"south": { "texture": "#obsidian2", "uv": [ 1.0, 7.0, 5.0, 9.0 ], "autoUv": false },
												"west": { "texture": "#obsidian2", "uv": [ 11.5, 4.5, 15.5, 6.5 ], "autoUv": false },
												"up": { "texture": "#obsidian2", "uv": [ 5.0, 9.5, 9.0, 13.5 ], "autoUv": false },
												"down": { "texture": "#obsidian2", "uv": [ 8.5, 4.0, 12.5, 8.0 ], "autoUv": false }
											},
											"children": [
												{
													"name": "Cube76",
													"from": [ 1.0, 0.0, 0.25 ], 
													"to": [ 2.0, 0.25, 0.75 ], 
													"rotationOrigin": [ 1.0, 0.0, 0.5 ],
													"rotationZ": 22.5,
													"faces": {
														"north": { "texture": "#obsidian1", "uv": [ 13.5, 11.5, 14.5, 12.0 ] },
														"east": { "texture": "#obsidian1", "uv": [ 9.5, 3.5, 10.0, 4.0 ], "enabled": false },
														"south": { "texture": "#obsidian1", "uv": [ 1.0, 1.5, 2.0, 2.0 ] },
														"west": { "texture": "#obsidian1", "uv": [ 13.0, 6.5, 13.5, 7.0 ], "enabled": false },
														"up": { "texture": "#obsidian1", "uv": [ 13.0, 0.0, 14.0, 0.5 ] },
														"down": { "texture": "#obsidian1", "uv": [ 2.5, 10.5, 3.5, 11.0 ] }
													},
													"children": [
														{
															"name": "Cube77",
															"from": [ 1.0, 0.0, 0.01 ], 
															"to": [ 2.0, 0.25, 0.49 ], 
															"rotationOrigin": [ 1.0, 0.0, 0.5 ],
															"rotationZ": 22.5,
															"faces": {
																"north": { "texture": "#obsidian1", "uv": [ 9.0, 7.5, 10.0, 8.0 ] },
																"east": { "texture": "#obsidian1", "uv": [ 5.0, 12.5, 5.5, 13.0 ], "enabled": false },
																"south": { "texture": "#obsidian1", "uv": [ 3.0, 14.0, 4.0, 14.5 ] },
																"west": { "texture": "#obsidian1", "uv": [ 4.5, 9.5, 5.0, 10.0 ], "enabled": false },
																"up": { "texture": "#obsidian1", "uv": [ 4.5, 1.0, 5.5, 1.5 ] },
																"down": { "texture": "#obsidian1", "uv": [ 3.0, 15.0, 4.0, 15.5 ] }
															}
														},
														{
															"name": "Cube78",
															"from": [ 1.9239, 0.3827, 0.0 ], 
															"to": [ 2.9239, 0.6327, 0.5 ], 
															"rotationOrigin": [ 1.9239, 0.3827, 0.5 ],
															"rotationZ": 45.0,
															"faces": {
																"north": { "texture": "#obsidian1", "uv": [ 1.0, 11.5, 2.0, 12.0 ] },
																"east": { "texture": "#obsidian1", "uv": [ 9.5, 14.5, 10.0, 15.0 ], "enabled": false },
																"south": { "texture": "#obsidian1", "uv": [ 10.5, 11.0, 11.5, 11.5 ] },
																"west": { "texture": "#obsidian1", "uv": [ 9.0, 1.5, 9.5, 2.0 ], "enabled": false },
																"up": { "texture": "#obsidian1", "uv": [ 2.5, 12.5, 3.5, 13.0 ] },
																"down": { "texture": "#obsidian1", "uv": [ 12.0, 5.5, 13.0, 6.0 ] }
															}
														}
													]
												}
											]
										}
									]
								}
							]
						}
					]
				},
				{
					"name": "_thin-ring84",
					"from": [ 0.0, 0.0, 0.0 ], 
					"to": [ 0.0, 0.0, 0.0 ], 
					"rotationOrigin": [ 8.0, 2.5, 8.0 ],
					"rotationX": -180.0,
					"rotationZ": -180.0,
					"faces": {
						"north": { "texture": "#obsidian1", "uv": [ 9.5, 2.0, 10.0, 2.5 ] },
						"east": { "texture": "#obsidian1", "uv": [ 11.5, 5.0, 12.0, 5.5 ] },
						"south": { "texture": "#obsidian1", "uv": [ 5.0, 13.5, 5.5, 14.0 ] },
						"west": { "texture": "#obsidian1", "uv": [ 4.0, 4.0, 4.5, 4.5 ] },
						"up": { "texture": "#obsidian1", "uv": [ 7.5, 13.5, 8.0, 14.0 ] },
						"down": { "texture": "#obsidian1", "uv": [ 11.0, 14.0, 11.5, 14.5 ] }
					},
					"children": [
						{
							"name": "_test85",
							"from": [ 7.5, 0.0, 8.0 ], 
							"to": [ 7.5, 0.0, 8.0 ], 
							"rotationOrigin": [ 8.0, 0.0, 8.0 ],
							"faces": {
								"north": { "texture": "#obsidian1", "uv": [ 2.5, 4.0, 3.0, 4.5 ] },
								"east": { "texture": "#obsidian1", "uv": [ 15.0, 8.0, 15.5, 8.5 ] },
								"south": { "texture": "#obsidian1", "uv": [ 6.0, 6.5, 6.5, 7.0 ] },
								"west": { "texture": "#obsidian1", "uv": [ 10.0, 11.0, 10.5, 11.5 ] },
								"up": { "texture": "#obsidian1", "uv": [ 2.0, 9.5, 2.5, 10.0 ] },
								"down": { "texture": "#obsidian1", "uv": [ 12.0, 11.5, 12.5, 12.0 ] }
							},
							"children": [
								{
									"name": "Cube86",
									"from": [ 0.0, 0.0, -0.5 ], 
									"to": [ 1.0, 0.25, 0.5 ], 
									"faces": {
										"north": { "texture": "#obsidian3", "uv": [ 1.5, 4.0, 2.5, 4.5 ] },
										"east": { "texture": "#obsidian3", "uv": [ 12.5, 5.0, 13.5, 5.5 ] },
										"south": { "texture": "#obsidian3", "uv": [ 2.5, 4.5, 3.5, 5.0 ] },
										"west": { "texture": "#obsidian3", "uv": [ 12.0, 11.0, 13.0, 11.5 ] },
										"up": { "texture": "#obsidian3", "uv": [ 13.5, 6.0, 14.5, 7.0 ] },
										"down": { "texture": "#obsidian3", "uv": [ 13.5, 12.5, 14.5, 13.5 ] }
									},
									"children": [
										{
											"name": "Cube87",
											"from": [ 1.0, 0.0, 0.25 ], 
											"to": [ 2.0, 0.25, 0.75 ], 
											"rotationOrigin": [ 1.0, 0.0, 0.5 ],
											"rotationZ": 22.5,
											"faces": {
												"north": { "texture": "#obsidian1", "uv": [ 10.5, 9.5, 11.5, 10.0 ] },
												"east": { "texture": "#obsidian1", "uv": [ 6.5, 13.5, 7.0, 14.0 ], "enabled": false },
												"south": { "texture": "#obsidian1", "uv": [ 0.0, 12.0, 1.0, 12.5 ] },
												"west": { "texture": "#obsidian1", "uv": [ 13.5, 11.0, 14.0, 11.5 ], "enabled": false },
												"up": { "texture": "#obsidian1", "uv": [ 8.5, 0.0, 9.5, 0.5 ] },
												"down": { "texture": "#obsidian1", "uv": [ 13.5, 7.0, 14.5, 7.5 ] }
											},
											"children": [
												{
													"name": "Cube88",
													"from": [ 1.0, 0.0, 0.01 ], 
													"to": [ 2.0, 0.25, 0.49 ], 
													"rotationOrigin": [ 1.0, 0.0, 0.5 ],
													"rotationZ": 22.5,
													"faces": {
														"north": { "texture": "#obsidian1", "uv": [ 3.0, 2.5, 4.0, 3.0 ] },
														"east": { "texture": "#obsidian1", "uv": [ 9.5, 12.5, 10.0, 13.0 ], "enabled": false },
														"south": { "texture": "#obsidian1", "uv": [ 2.5, 7.0, 3.5, 7.5 ] },
														"west": { "texture": "#obsidian1", "uv": [ 8.0, 14.5, 8.5, 15.0 ], "enabled": false },
														"up": { "texture": "#obsidian1", "uv": [ 12.0, 12.0, 13.0, 12.5 ] },
														"down": { "texture": "#obsidian1", "uv": [ 10.0, 12.5, 11.0, 13.0 ] }
													}
												},
												{
													"name": "Cube89",
													"from": [ 1.9239, 0.3827, 0.0 ], 
													"to": [ 2.9239, 0.6327, 0.5 ], 
													"rotationOrigin": [ 1.9239, 0.3827, 0.5 ],
													"rotationZ": 45.0,
													"faces": {
														"north": { "texture": "#obsidian1", "uv": [ 4.5, 8.0, 5.5, 8.5 ] },
														"east": { "texture": "#obsidian1", "uv": [ 11.5, 6.0, 12.0, 6.5 ], "enabled": false },
														"south": { "texture": "#obsidian1", "uv": [ 8.5, 5.5, 9.5, 6.0 ] },
														"west": { "texture": "#obsidian1", "uv": [ 8.0, 8.0, 8.5, 8.5 ], "enabled": false },
														"up": { "texture": "#obsidian1", "uv": [ 12.5, 6.0, 13.5, 6.5 ] },
														"down": { "texture": "#obsidian1", "uv": [ 14.0, 1.5, 15.0, 2.0 ] }
													},
													"children": [
														{
															"name": "Cube90",
															"from": [ 1.0, 0.0, -0.25 ], 
															"to": [ 2.0, 0.25, 0.75 ], 
															"rotationOrigin": [ 1.0, 0.0, -0.5 ],
															"rotationZ": 22.5,
															"faces": {
																"north": { "texture": "#obsidian2", "uv": [ 0.5, 11.0, 4.5, 13.0 ], "autoUv": false },
																"east": { "texture": "#obsidian2", "uv": [ 11.0, 12.0, 15.0, 14.0 ], "autoUv": false },
																"south": { "texture": "#obsidian2", "uv": [ 9.5, 0.0, 13.5, 2.0 ], "autoUv": false },
																"west": { "texture": "#obsidian2", "uv": [ 5.0, 12.0, 9.0, 14.0 ], "autoUv": false },
																"up": { "texture": "#obsidian2", "uv": [ 4.5, 8.5, 8.5, 12.5 ], "autoUv": false },
																"down": { "texture": "#obsidian2", "uv": [ 4.0, 2.5, 8.0, 6.5 ], "autoUv": false }
															},
															"children": [
																{
																	"name": "Cube91",
																	"from": [ 1.0, 0.0, 0.25 ], 
																	"to": [ 2.0, 0.25, 0.75 ], 
																	"rotationOrigin": [ 1.0, 0.0, 0.5 ],
																	"rotationZ": 22.5,
																	"faces": {
																		"north": { "texture": "#obsidian1", "uv": [ 10.5, 8.5, 11.5, 9.0 ] },
																		"east": { "texture": "#obsidian1", "uv": [ 2.5, 5.5, 3.0, 6.0 ], "enabled": false },
																		"south": { "texture": "#obsidian1", "uv": [ 3.5, 3.0, 4.5, 3.5 ] },
																		"west": { "texture": "#obsidian1", "uv": [ 2.5, 12.0, 3.0, 12.5 ], "enabled": false },
																		"up": { "texture": "#obsidian1", "uv": [ 2.0, 7.0, 3.0, 7.5 ] },
																		"down": { "texture": "#obsidian1", "uv": [ 12.0, 3.0, 13.0, 3.5 ] }
																	},
																	"children": [
																		{
																			"name": "Cube92",
																			"from": [ 1.0, 0.0, 0.01 ], 
																			"to": [ 2.0, 0.25, 0.49 ], 
																			"rotationOrigin": [ 1.0, 0.0, 0.5 ],
																			"rotationZ": 22.5,
																			"faces": {
																				"north": { "texture": "#obsidian1", "uv": [ 10.0, 2.0, 11.0, 2.5 ] },
																				"east": { "texture": "#obsidian1", "uv": [ 7.5, 0.5, 8.0, 1.0 ], "enabled": false },
																				"south": { "texture": "#obsidian1", "uv": [ 7.0, 14.0, 8.0, 14.5 ] },
																				"west": { "texture": "#obsidian1", "uv": [ 14.5, 7.5, 15.0, 8.0 ], "enabled": false },
																				"up": { "texture": "#obsidian1", "uv": [ 8.5, 4.0, 9.5, 4.5 ] },
																				"down": { "texture": "#obsidian1", "uv": [ 6.0, 8.0, 7.0, 8.5 ] }
																			}
																		},
																		{
																			"name": "Cube93",
																			"from": [ 1.9239, 0.3827, 0.0 ], 
																			"to": [ 2.9239, 0.6327, 0.5 ], 
																			"rotationOrigin": [ 1.9239, 0.3827, 0.5 ],
																			"rotationZ": 45.0,
																			"faces": {
																				"north": { "texture": "#obsidian1", "uv": [ 3.0, 0.0, 4.0, 0.5 ] },
																				"east": { "texture": "#obsidian1", "uv": [ 12.5, 13.5, 13.0, 14.0 ], "enabled": false },
																				"south": { "texture": "#obsidian1", "uv": [ 7.5, 0.0, 8.5, 0.5 ] },
																				"west": { "texture": "#obsidian1", "uv": [ 6.5, 13.5, 7.0, 14.0 ], "enabled": false },
																				"up": { "texture": "#obsidian1", "uv": [ 12.5, 14.0, 13.5, 14.5 ] },
																				"down": { "texture": "#obsidian1", "uv": [ 0.0, 9.0, 1.0, 9.5 ] }
																			},
																			"children": [
																				{
																					"name": "Cube94",
																					"from": [ 1.0, 0.0, -0.25 ], 
																					"to": [ 2.0, 0.25, 0.75 ], 
																					"rotationOrigin": [ 1.0, 0.0, 0.5 ],
																					"rotationZ": 22.5,
																					"faces": {
																						"north": { "texture": "#obsidian3", "uv": [ 5.0, 12.5, 6.0, 13.0 ] },
																						"east": { "texture": "#obsidian3", "uv": [ 9.5, 8.0, 10.5, 8.5 ] },
																						"south": { "texture": "#obsidian3", "uv": [ 2.0, 12.5, 3.0, 13.0 ] },
																						"west": { "texture": "#obsidian3", "uv": [ 11.0, 3.5, 12.0, 4.0 ] },
																						"up": { "texture": "#obsidian3", "uv": [ 13.0, 1.5, 14.0, 2.5 ] },
																						"down": { "texture": "#obsidian3", "uv": [ 10.0, 7.0, 11.0, 8.0 ] }
																					}
																				}
																			]
																		}
																	]
																}
															]
														}
													]
												}
											]
										}
									]
								},
								{
									"name": "midringCube95",
									"from": [ 2.75, 2.25, 0.5 ], 
									"to": [ 3.0, 2.75, 1.5 ], 
									"rotationOrigin": [ 3.0, 2.5, 0.5 ],
									"rotationY": -22.5,
									"faces": {
										"north": { "texture": "#middlering", "uv": [ 7.5, 9.0, 8.0, 9.5 ], "enabled": false },
										"east": { "texture": "#middlering", "uv": [ 1.5, 6.5, 5.5, 8.5 ], "autoUv": false },
										"south": { "texture": "#middlering", "uv": [ 2.0, 8.0, 2.5, 8.5 ], "enabled": false },
										"west": { "texture": "#middlering", "uv": [ 5.5, 8.0, 9.5, 10.0 ], "autoUv": false },
										"up": { "texture": "#middlering", "uv": [ 0.5, 3.0, 2.5, 7.0 ], "autoUv": false },
										"down": { "texture": "#middlering", "uv": [ 11.5, 0.5, 13.5, 4.5 ], "autoUv": false }
									},
									"children": [
										{
											"name": "midringCube96",
											"from": [ 0.0, 0.01, 1.0 ], 
											"to": [ 0.25, 0.49, 2.0 ], 
											"rotationOrigin": [ 0.25, 0.25, 1.0 ],
											"rotationY": -22.5,
											"faces": {
												"north": { "texture": "#middlering", "uv": [ 14.5, 5.5, 15.0, 6.0 ], "enabled": false },
												"east": { "texture": "#middlering", "uv": [ 0.5, 7.0, 4.5, 9.0 ], "autoUv": false },
												"south": { "texture": "#middlering", "uv": [ 5.0, 5.0, 5.5, 5.5 ], "enabled": false },
												"west": { "texture": "#middlering", "uv": [ 11.0, 13.5, 15.0, 15.5 ], "autoUv": false },
												"up": { "texture": "#middlering", "uv": [ 9.0, 7.0, 11.0, 11.0 ], "autoUv": false },
												"down": { "texture": "#middlering", "uv": [ 10.5, 8.5, 12.5, 12.5 ], "autoUv": false }
											}
										},
										{
											"name": "midringCube97",
											"from": [ -0.3827, 0.0, 1.9239 ], 
											"to": [ -0.1327, 0.5, 2.9239 ], 
											"rotationOrigin": [ -0.1327, 0.25, 1.9239 ],
											"rotationY": -45.0,
											"faces": {
												"north": { "texture": "#middlering", "uv": [ 6.5, 15.0, 7.0, 15.5 ], "enabled": false },
												"east": { "texture": "#middlering", "uv": [ 0.0, 9.5, 4.0, 11.5 ], "autoUv": false },
												"south": { "texture": "#middlering", "uv": [ 0.0, 1.5, 0.5, 2.0 ], "enabled": false },
												"west": { "texture": "#middlering", "uv": [ 11.5, 12.5, 15.5, 14.5 ], "autoUv": false },
												"up": { "texture": "#middlering", "uv": [ 1.0, 1.0, 3.0, 5.0 ], "autoUv": false },
												"down": { "texture": "#middlering", "uv": [ 6.0, 10.0, 8.0, 14.0 ], "autoUv": false }
											}
										}
									]
								}
							]
						},
						{
							"name": "_test98",
							"from": [ 7.4972, 0.0, 8.0024 ], 
							"to": [ 7.4972, 0.0, 8.0024 ], 
							"rotationOrigin": [ 8.0, 0.0, 8.0 ],
							"rotationY": -89.98,
							"faces": {
								"north": { "texture": "#obsidian1", "uv": [ 3.5, 7.5, 4.0, 8.0 ] },
								"east": { "texture": "#obsidian1", "uv": [ 11.5, 12.5, 12.0, 13.0 ] },
								"south": { "texture": "#obsidian1", "uv": [ 9.5, 6.5, 10.0, 7.0 ] },
								"west": { "texture": "#obsidian1", "uv": [ 1.5, 12.0, 2.0, 12.5 ] },
								"up": { "texture": "#obsidian1", "uv": [ 10.5, 11.0, 11.0, 11.5 ] },
								"down": { "texture": "#obsidian1", "uv": [ 10.5, 13.0, 11.0, 13.5 ] }
							},
							"children": [
								{
									"name": "midringCube108",
									"from": [ 2.75, 2.25, 0.5 ], 
									"to": [ 3.0, 2.75, 1.5 ], 
									"rotationOrigin": [ 3.0, 2.5, 0.5 ],
									"rotationY": -22.5,
									"faces": {
										"north": { "texture": "#middlering", "uv": [ 7.5, 2.0, 8.0, 2.5 ], "enabled": false },
										"east": { "texture": "#middlering", "uv": [ 3.0, 7.5, 7.0, 9.5 ], "autoUv": false },
										"south": { "texture": "#middlering", "uv": [ 0.5, 11.5, 1.0, 12.0 ], "enabled": false },
										"west": { "texture": "#middlering", "uv": [ 3.5, 2.0, 7.5, 4.0 ], "autoUv": false },
										"up": { "texture": "#middlering", "uv": [ 11.0, 5.5, 13.0, 9.5 ], "autoUv": false },
										"down": { "texture": "#middlering", "uv": [ 10.0, 4.0, 12.0, 8.0 ], "autoUv": false }
									},
									"children": [
										{
											"name": "midringCube109",
											"from": [ 0.0, 0.01, 1.0 ], 
											"to": [ 0.25, 0.49, 2.0 ], 
											"rotationOrigin": [ 0.25, 0.25, 1.0 ],
											"rotationY": -22.5,
											"faces": {
												"north": { "texture": "#middlering", "uv": [ 2.5, 15.0, 3.0, 15.5 ], "enabled": false },
												"east": { "texture": "#middlering", "uv": [ 10.0, 0.0, 14.0, 2.0 ], "autoUv": false },
												"south": { "texture": "#middlering", "uv": [ 12.5, 0.0, 13.0, 0.5 ], "enabled": false },
												"west": { "texture": "#middlering", "uv": [ 0.0, 10.0, 4.0, 12.0 ], "autoUv": false },
												"up": { "texture": "#middlering", "uv": [ 11.5, 1.5, 13.5, 5.5 ], "autoUv": false },
												"down": { "texture": "#middlering", "uv": [ 1.5, 11.0, 3.5, 15.0 ], "autoUv": false }
											}
										},
										{
											"name": "midringCube110",
											"from": [ -0.3827, 0.0, 1.9239 ], 
											"to": [ -0.1327, 0.5, 2.9239 ], 
											"rotationOrigin": [ -0.1327, 0.25, 1.9239 ],
											"rotationY": -45.0,
											"faces": {
												"north": { "texture": "#middlering", "uv": [ 1.0, 5.5, 1.5, 6.0 ], "enabled": false },
												"east": { "texture": "#middlering", "uv": [ 2.0, 8.5, 6.0, 10.5 ], "autoUv": false },
												"south": { "texture": "#middlering", "uv": [ 3.5, 1.5, 4.0, 2.0 ], "enabled": false },
												"west": { "texture": "#middlering", "uv": [ 11.0, 2.5, 15.0, 4.5 ], "autoUv": false },
												"up": { "texture": "#middlering", "uv": [ 9.5, 3.5, 11.5, 7.5 ], "autoUv": false },
												"down": { "texture": "#middlering", "uv": [ 3.5, 6.0, 5.5, 10.0 ], "autoUv": false }
											}
										}
									]
								},
								{
									"name": "Cube100",
									"from": [ 1.0, 0.0, -0.25 ], 
									"to": [ 2.0, 0.25, 0.25 ], 
									"rotationOrigin": [ 1.0, 0.0, 0.0 ],
									"rotationZ": 22.5,
									"faces": {
										"north": { "texture": "#obsidian1", "uv": [ 2.0, 11.0, 3.0, 11.5 ] },
										"east": { "texture": "#obsidian1", "uv": [ 2.5, 8.0, 3.0, 8.5 ], "enabled": false },
										"south": { "texture": "#obsidian1", "uv": [ 0.0, 4.5, 1.0, 5.0 ] },
										"west": { "texture": "#obsidian1", "uv": [ 2.5, 1.5, 3.0, 2.0 ], "enabled": false },
										"up": { "texture": "#obsidian1", "uv": [ 13.0, 12.0, 14.0, 12.5 ] },
										"down": { "texture": "#obsidian1", "uv": [ 13.5, 3.5, 14.5, 4.0 ] }
									},
									"children": [
										{
											"name": "Cube101",
											"from": [ 1.0, 0.0, 0.01 ], 
											"to": [ 2.0, 0.25, 0.49 ], 
											"rotationOrigin": [ 1.0, 0.0, 0.5 ],
											"rotationZ": 22.5,
											"faces": {
												"north": { "texture": "#obsidian1", "uv": [ 4.5, 1.0, 5.5, 1.5 ] },
												"east": { "texture": "#obsidian1", "uv": [ 10.5, 5.0, 11.0, 5.5 ], "enabled": false },
												"south": { "texture": "#obsidian1", "uv": [ 8.0, 5.5, 9.0, 6.0 ] },
												"west": { "texture": "#obsidian1", "uv": [ 5.5, 7.0, 6.0, 7.5 ], "enabled": false },
												"up": { "texture": "#obsidian1", "uv": [ 9.0, 7.5, 10.0, 8.0 ] },
												"down": { "texture": "#obsidian1", "uv": [ 14.5, 13.0, 15.5, 13.5 ] }
											}
										},
										{
											"name": "Cube102",
											"from": [ 1.9239, 0.3827, 0.0 ], 
											"to": [ 2.9239, 0.6327, 0.5 ], 
											"rotationOrigin": [ 1.9239, 0.3827, 0.5 ],
											"rotationZ": 45.0,
											"faces": {
												"north": { "texture": "#obsidian1", "uv": [ 7.0, 4.5, 8.0, 5.0 ] },
												"east": { "texture": "#obsidian1", "uv": [ 9.5, 13.5, 10.0, 14.0 ], "enabled": false },
												"south": { "texture": "#obsidian1", "uv": [ 7.5, 7.0, 8.5, 7.5 ] },
												"west": { "texture": "#obsidian1", "uv": [ 3.0, 14.0, 3.5, 14.5 ], "enabled": false },
												"up": { "texture": "#obsidian1", "uv": [ 8.5, 6.5, 9.5, 7.0 ] },
												"down": { "texture": "#obsidian1", "uv": [ 8.5, 7.0, 9.5, 7.5 ] }
											},
											"children": [
												{
													"name": "Cube103",
													"from": [ 1.0, 0.0, -0.25 ], 
													"to": [ 2.0, 0.25, 0.75 ], 
													"rotationOrigin": [ 1.0, 0.0, -0.5 ],
													"rotationZ": 22.5,
													"faces": {
														"north": { "texture": "#obsidian2", "uv": [ 6.5, 10.0, 10.5, 12.0 ], "autoUv": false },
														"east": { "texture": "#obsidian2", "uv": [ 10.5, 8.5, 14.5, 10.5 ], "autoUv": false },
														"south": { "texture": "#obsidian2", "uv": [ 5.5, 6.5, 9.5, 8.5 ], "autoUv": false },
														"west": { "texture": "#obsidian2", "uv": [ 11.5, 1.0, 15.5, 3.0 ], "autoUv": false },
														"up": { "texture": "#obsidian2", "uv": [ 3.0, 5.0, 7.0, 9.0 ], "autoUv": false },
														"down": { "texture": "#obsidian2", "uv": [ 5.5, 1.0, 9.5, 5.0 ], "autoUv": false }
													},
													"children": [
														{
															"name": "Cube104",
															"from": [ 1.0, 0.0, 0.25 ], 
															"to": [ 2.0, 0.25, 0.75 ], 
															"rotationOrigin": [ 1.0, 0.0, 0.5 ],
															"rotationZ": 22.5,
															"faces": {
																"north": { "texture": "#obsidian1", "uv": [ 2.5, 9.5, 3.5, 10.0 ] },
																"east": { "texture": "#obsidian1", "uv": [ 9.5, 11.5, 10.0, 12.0 ], "enabled": false },
																"south": { "texture": "#obsidian1", "uv": [ 4.0, 8.5, 5.0, 9.0 ] },
																"west": { "texture": "#obsidian1", "uv": [ 9.0, 5.0, 9.5, 5.5 ], "enabled": false },
																"up": { "texture": "#obsidian1", "uv": [ 13.5, 12.0, 14.5, 12.5 ] },
																"down": { "texture": "#obsidian1", "uv": [ 5.5, 13.5, 6.5, 14.0 ] }
															},
															"children": [
																{
																	"name": "Cube105",
																	"from": [ 1.0, 0.0, 0.01 ], 
																	"to": [ 2.0, 0.25, 0.49 ], 
																	"rotationOrigin": [ 1.0, 0.0, 0.5 ],
																	"rotationZ": 22.5,
																	"faces": {
																		"north": { "texture": "#obsidian1", "uv": [ 8.0, 1.0, 9.0, 1.5 ] },
																		"east": { "texture": "#obsidian1", "uv": [ 0.0, 11.0, 0.5, 11.5 ], "enabled": false },
																		"south": { "texture": "#obsidian1", "uv": [ 8.5, 1.5, 9.5, 2.0 ] },
																		"west": { "texture": "#obsidian1", "uv": [ 3.0, 7.5, 3.5, 8.0 ], "enabled": false },
																		"up": { "texture": "#obsidian1", "uv": [ 0.5, 12.5, 1.5, 13.0 ] },
																		"down": { "texture": "#obsidian1", "uv": [ 10.5, 12.0, 11.5, 12.5 ] }
																	}
																},
																{
																	"name": "Cube106",
																	"from": [ 1.9239, 0.3827, 0.0 ], 
																	"to": [ 2.9239, 0.6327, 0.5 ], 
																	"rotationOrigin": [ 1.9239, 0.3827, 0.5 ],
																	"rotationZ": 45.0,
																	"faces": {
																		"north": { "texture": "#obsidian1", "uv": [ 6.0, 13.5, 7.0, 14.0 ] },
																		"east": { "texture": "#obsidian1", "uv": [ 15.0, 12.0, 15.5, 12.5 ], "enabled": false },
																		"south": { "texture": "#obsidian1", "uv": [ 13.0, 7.5, 14.0, 8.0 ] },
																		"west": { "texture": "#obsidian1", "uv": [ 7.0, 7.0, 7.5, 7.5 ], "enabled": false },
																		"up": { "texture": "#obsidian1", "uv": [ 10.0, 0.5, 11.0, 1.0 ] },
																		"down": { "texture": "#obsidian1", "uv": [ 9.5, 9.0, 10.5, 9.5 ] }
																	}
																}
															]
														}
													]
												}
											]
										}
									]
								}
							]
						}
					]
				}
			]
		},
		{
			"name": "_rune-casing-seal",
			"from": [ 0.0, 0.0, 0.0 ], 
			"to": [ 0.0, 0.0, 0.0 ], 
			"faces": {
				"north": { "texture": "#default", "uv": [ 0.0, 0.0, 0.5, 0.5 ] },
				"east": { "texture": "#default", "uv": [ 0.0, 0.0, 0.5, 0.5 ] },
				"south": { "texture": "#default", "uv": [ 0.0, 0.0, 0.5, 0.5 ] },
				"west": { "texture": "#default", "uv": [ 0.0, 0.0, 0.5, 0.5 ] },
				"up": { "texture": "#default", "uv": [ 0.0, 0.0, 0.5, 0.5 ] },
				"down": { "texture": "#default", "uv": [ 0.0, 0.0, 0.5, 0.5 ] }
			},
			"children": [
				{
					"name": "rune-6",
					"from": [ 8.5, -0.01, 7.5 ], 
					"to": [ 9.5, 0.24, 8.5 ], 
					"rotationOrigin": [ 8.5, -0.01, 8.0 ],
					"rotationX": -180.0,
					"rotationZ": -180.0,
					"faces": {
						"north": { "texture": "#runes-cruxcasing", "uv": [ 3.0, 1.5, 4.0, 2.0 ], "enabled": false },
						"east": { "texture": "#runes-cruxcasing", "uv": [ 2.0, 13.5, 3.0, 14.0 ], "enabled": false },
						"south": { "texture": "#runes-cruxcasing", "uv": [ 6.5, 14.5, 7.5, 15.0 ], "enabled": false },
						"west": { "texture": "#runes-cruxcasing", "uv": [ 5.0, 14.5, 6.0, 15.0 ], "enabled": false },
						"up": { "texture": "#runes-cruxcasing", "uv": [ 5.0, 4.0, 6.0, 5.0 ], "enabled": false },
						"down": { "texture": "#runes-cruxcasing", "uv": [ 10.5, 10.5, 16.0, 16.0 ], "glow": 255, "autoUv": false }
					}
				},
				{
					"name": "rune-5",
					"from": [ 7.5, 5.0373, 7.0 ], 
					"to": [ 8.5, 5.2873, 8.0 ], 
					"rotationOrigin": [ 7.5, 5.0373, 7.75 ],
					"rotationX": -180.0,
					"faces": {
						"north": { "texture": "#runes-cruxcasing", "uv": [ 10.0, 11.0, 11.0, 11.5 ], "enabled": false },
						"east": { "texture": "#runes-cruxcasing", "uv": [ 7.0, 6.0, 8.0, 6.5 ], "enabled": false },
						"south": { "texture": "#runes-cruxcasing", "uv": [ 11.5, 14.0, 12.5, 14.5 ], "enabled": false },
						"west": { "texture": "#runes-cruxcasing", "uv": [ 9.5, 7.5, 10.5, 8.0 ], "enabled": false },
						"up": { "texture": "#runes-cruxcasing", "uv": [ 1.0, 4.5, 2.0, 5.5 ], "enabled": false },
						"down": { "texture": "#runes-cruxcasing", "uv": [ 10.5, 10.5, 16.0, 16.0 ], "glow": 255, "autoUv": false }
					}
				},
				{
					"name": "rune-4",
					"from": [ 5.4763, 2.0137, 9.0 ], 
					"to": [ 6.4763, 2.2637, 10.0 ], 
					"rotationOrigin": [ 5.4763, 2.0137, 8.75 ],
					"rotationX": -180.0,
					"rotationZ": -90.0,
					"faces": {
						"north": { "texture": "#runes-cruxcasing", "uv": [ 10.0, 5.0, 11.0, 5.5 ], "enabled": false },
						"east": { "texture": "#runes-cruxcasing", "uv": [ 10.5, 11.0, 11.5, 11.5 ], "enabled": false },
						"south": { "texture": "#runes-cruxcasing", "uv": [ 3.0, 6.0, 4.0, 6.5 ], "enabled": false },
						"west": { "texture": "#runes-cruxcasing", "uv": [ 6.5, 10.5, 7.5, 11.0 ], "enabled": false },
						"up": { "texture": "#runes-cruxcasing", "uv": [ 0.0, 0.0, 1.0, 1.0 ], "enabled": false },
						"down": { "texture": "#runes-cruxcasing", "uv": [ 5.5, 5.5, 11.0, 11.0 ], "glow": 255, "autoUv": false }
					}
				},
				{
					"name": "rune-3",
					"from": [ 7.2522, 2.0121, 5.729 ], 
					"to": [ 8.2522, 2.2621, 6.729 ], 
					"rotationOrigin": [ 7.2515, 2.0137, 5.4794 ],
					"rotationX": 179.926,
					"rotationY": 89.96,
					"rotationZ": -89.891,
					"faces": {
						"north": { "texture": "#runes-cruxcasing", "uv": [ 3.5, 11.0, 4.5, 11.5 ], "enabled": false },
						"east": { "texture": "#runes-cruxcasing", "uv": [ 8.5, 9.0, 9.5, 9.5 ], "enabled": false },
						"south": { "texture": "#runes-cruxcasing", "uv": [ 7.5, 9.5, 8.5, 10.0 ], "enabled": false },
						"west": { "texture": "#runes-cruxcasing", "uv": [ 2.5, 7.5, 3.5, 8.0 ], "enabled": false },
						"up": { "texture": "#runes-cruxcasing", "uv": [ 0.0, 0.0, 1.0, 1.0 ], "enabled": false },
						"down": { "texture": "#runes-cruxcasing", "uv": [ 0.0, 5.5, 5.5, 11.0 ], "glow": 255, "autoUv": false }
					}
				},
				{
					"name": "rune-2",
					"from": [ 10.5237, 2.0137, 7.5 ], 
					"to": [ 11.5237, 2.2637, 8.5 ], 
					"rotationOrigin": [ 10.5237, 2.0137, 7.25 ],
					"rotationZ": 90.0,
					"faces": {
						"north": { "texture": "#runes-cruxcasing", "uv": [ 8.5, 12.0, 9.5, 12.5 ], "enabled": false },
						"east": { "texture": "#runes-cruxcasing", "uv": [ 10.0, 0.5, 11.0, 1.0 ], "enabled": false },
						"south": { "texture": "#runes-cruxcasing", "uv": [ 14.0, 8.5, 15.0, 9.0 ], "enabled": false },
						"west": { "texture": "#runes-cruxcasing", "uv": [ 9.0, 5.5, 10.0, 6.0 ], "enabled": false },
						"up": { "texture": "#runes-cruxcasing", "uv": [ 1.0, 2.0, 2.0, 3.0 ], "enabled": false },
						"down": { "texture": "#runes-cruxcasing", "uv": [ 5.5, 0.0, 11.0, 5.5 ], "glow": 255, "autoUv": false }
					}
				},
				{
					"name": "rune-1",
					"from": [ 8.7485, 2.0083, 10.7716 ], 
					"to": [ 9.7485, 2.2583, 11.7716 ], 
					"rotationOrigin": [ 8.7485, 2.0137, 10.5206 ],
					"rotationY": -90.0,
					"rotationZ": 90.0,
					"faces": {
						"north": { "texture": "#runes-cruxcasing", "uv": [ 0.0, 0.0, 1.0, 0.5 ], "enabled": false },
						"east": { "texture": "#runes-cruxcasing", "uv": [ 2.5, 13.0, 3.5, 13.5 ], "enabled": false },
						"south": { "texture": "#runes-cruxcasing", "uv": [ 3.0, 10.0, 4.0, 10.5 ], "enabled": false },
						"west": { "texture": "#runes-cruxcasing", "uv": [ 10.5, 13.5, 11.5, 14.0 ], "enabled": false },
						"up": { "texture": "#runes-cruxcasing", "uv": [ 5.5, 13.0, 6.5, 14.0 ], "enabled": false },
						"down": { "texture": "#runes-cruxcasing", "uv": [ 0.0, 0.0, 5.5, 5.5 ], "glow": 255, "autoUv": false }
					}
				}
			]
		},
		{
			"name": "_origin",
			"from": [ 8.0, 1.68, 8.0 ], 
			"to": [ 8.0, 1.68, 8.0 ], 
			"rotationOrigin": [ 8.0, 1.7, 8.0 ],
			"faces": {
				"north": { "texture": "#default", "uv": [ 0.0, 0.0, 0.5, 0.5 ] },
				"east": { "texture": "#default", "uv": [ 0.0, 0.0, 0.5, 0.5 ] },
				"south": { "texture": "#default", "uv": [ 0.0, 0.0, 0.5, 0.5 ] },
				"west": { "texture": "#default", "uv": [ 0.0, 0.0, 0.5, 0.5 ] },
				"up": { "texture": "#default", "uv": [ 0.0, 0.0, 0.5, 0.5 ] },
				"down": { "texture": "#default", "uv": [ 0.0, 0.0, 0.5, 0.5 ] }
			},
			"children": [
				{
					"name": "_prism",
					"from": [ -0.6, 1.65, 3.5 ], 
					"to": [ -0.6, 1.65, 3.5 ], 
					"rotationOrigin": [ -0.6, 1.75, 3.0 ],
					"rotationX": -90.0,
					"faces": {
						"north": { "texture": "#default", "uv": [ 0.0, 13.0, 0.5, 13.5 ] },
						"east": { "texture": "#default", "uv": [ 1.5, 3.0, 2.0, 3.5 ] },
						"south": { "texture": "#default", "uv": [ 5.5, 7.0, 6.0, 7.5 ] },
						"west": { "texture": "#default", "uv": [ 5.5, 6.5, 6.0, 7.0 ] },
						"up": { "texture": "#default", "uv": [ 11.0, 1.5, 11.5, 2.0 ] },
						"down": { "texture": "#default", "uv": [ 1.0, 0.0, 1.5, 0.5 ] }
					},
					"children": [
						{
							"name": "_mainbody-capfront",
							"from": [ 0.0, 0.0, 0.0 ], 
							"to": [ 0.0, 0.0, 0.0 ], 
							"faces": {
								"north": { "texture": "#default", "uv": [ 0.0, 0.0, 0.0375, 0.0375 ] },
								"east": { "texture": "#default", "uv": [ 0.0, 0.0, 0.0375, 0.0375 ] },
								"south": { "texture": "#default", "uv": [ 0.0, 0.0, 0.0375, 0.0375 ] },
								"west": { "texture": "#default", "uv": [ 0.0, 0.0, 0.0375, 0.0375 ] },
								"up": { "texture": "#default", "uv": [ 0.0, 0.0, 0.0375, 0.0375 ] },
								"down": { "texture": "#default", "uv": [ 0.0, 0.0, 0.0375, 0.0375 ] }
							},
							"children": [
								{
									"name": "mainbody-capfront-1-4",
									"from": [ -0.075, 2.48, -2.8446 ], 
									"to": [ 0.0, 3.68, -2.2446 ], 
									"rotationOrigin": [ 0.0, 2.4803, -2.2446 ],
									"rotationX": -180.0,
									"rotationY": 60.0,
									"rotationZ": 180.0,
									"faces": {
										"north": { "texture": "#material", "uv": [ 6.5, 0.0, 7.0, 1.0 ], "enabled": false },
										"east": { "texture": "#material", "uv": [ 0.0, 0.0, 0.5, 1.0 ], "glow": 66 },
										"south": { "texture": "#material", "uv": [ 10.5, 0.0, 11.0, 1.0 ], "enabled": false },
										"west": { "texture": "#material", "uv": [ 0.0, 0.0, 0.5, 1.0 ], "enabled": false },
										"up": { "texture": "#material", "uv": [ 0.0, 0.0, 0.5, 0.5 ], "glow": 66 },
										"down": { "texture": "#material", "uv": [ 0.0, 0.0, 0.5, 0.5 ], "glow": 66 }
									}
								},
								{
									"name": "mainbody-capfront-1-2",
									"from": [ 1.2, 2.48, -2.8446 ], 
									"to": [ 1.275, 3.68, -2.2446 ], 
									"rotationOrigin": [ 1.2, 2.4803, -2.2446 ],
									"rotationX": -180.0,
									"rotationY": -60.0,
									"rotationZ": 180.0,
									"faces": {
										"north": { "texture": "#material", "uv": [ 7.5, 0.0, 8.0, 1.0 ], "enabled": false },
										"east": { "texture": "#material", "uv": [ 1.5, 0.0, 2.0, 1.0 ], "enabled": false },
										"south": { "texture": "#material", "uv": [ 2.5, 0.0, 3.0, 1.0 ], "enabled": false },
										"west": { "texture": "#material", "uv": [ 0.0, 0.0, 0.5, 1.0 ], "glow": 66 },
										"up": { "texture": "#material", "uv": [ 0.0, 0.0, 0.5, 0.5 ], "glow": 66 },
										"down": { "texture": "#material", "uv": [ 0.0, 0.0, 0.5, 0.5 ], "glow": 66 }
									}
								},
								{
									"name": "mainbody-capfront-1-3",
									"from": [ 1.7196, 2.48, -2.5446 ], 
									"to": [ 1.7946, 3.68, -1.9446 ], 
									"rotationOrigin": [ 1.7196, 2.4803, -1.9446 ],
									"rotationX": -180.0,
									"rotationY": -30.0,
									"rotationZ": 180.0,
									"faces": {
										"north": { "texture": "#material", "uv": [ 13.5, 0.0, 14.0, 1.0 ], "enabled": false },
										"east": { "texture": "#material", "uv": [ 6.0, 0.0, 6.5, 1.0 ], "enabled": false },
										"south": { "texture": "#material", "uv": [ 4.0, 0.0, 4.5, 1.0 ], "enabled": false },
										"west": { "texture": "#material", "uv": [ 0.0, 0.0, 0.5, 1.0 ], "glow": 66 },
										"up": { "texture": "#material", "uv": [ 0.0, 0.0, 0.5, 0.5 ], "glow": 66 },
										"down": { "texture": "#material", "uv": [ 0.0, 0.0, 0.5, 0.5 ], "glow": 66 }
									}
								},
								{
									"name": "mainbody-capfront-1-5",
									"from": [ -0.5946, 2.48, -2.5446 ], 
									"to": [ -0.5196, 3.68, -1.9446 ], 
									"rotationOrigin": [ -0.5196, 2.4803, -1.9446 ],
									"rotationX": -180.0,
									"rotationY": 30.0,
									"rotationZ": 180.0,
									"faces": {
										"north": { "texture": "#material", "uv": [ 11.5, 0.0, 12.0, 1.0 ], "enabled": false },
										"east": { "texture": "#material", "uv": [ 0.0, 0.0, 0.5, 1.0 ], "glow": 66 },
										"south": { "texture": "#material", "uv": [ 3.0, 0.0, 3.5, 1.0 ], "enabled": false },
										"west": { "texture": "#material", "uv": [ 1.0, 0.0, 1.5, 1.0 ], "enabled": false },
										"up": { "texture": "#material", "uv": [ 0.0, 0.0, 0.5, 0.5 ], "glow": 66 },
										"down": { "texture": "#material", "uv": [ 0.0, 0.0, 0.5, 0.5 ], "glow": 66 }
									}
								},
								{
									"name": "mainbody-capfront-2-1",
									"from": [ -0.5934, 3.5999, -2.842 ], 
									"to": [ 0.0066, 3.6749, -2.242 ], 
									"rotationOrigin": [ 0.0066, 3.6749, -2.2323 ],
									"rotationX": -165.048,
									"rotationY": 60.054,
									"rotationZ": 107.071,
									"faces": {
										"north": { "texture": "#material", "uv": [ 0.0, 0.0, 0.5, 0.5 ], "glow": 66 },
										"east": { "texture": "#material", "uv": [ 4.0, 4.5, 4.5, 5.0 ], "enabled": false },
										"south": { "texture": "#material", "uv": [ 7.5, 10.5, 8.0, 11.0 ], "enabled": false },
										"west": { "texture": "#material", "uv": [ 0.0, 0.0, 0.5, 0.5 ], "glow": 66 },
										"up": { "texture": "#material", "uv": [ 0.0, 0.0, 0.5, 0.5 ], "glow": 66 },
										"down": { "texture": "#material", "uv": [ 5.5, 6.5, 6.0, 7.0 ], "enabled": false }
									}
								},
								{
									"name": "mainbody-capfront-2-3",
									"from": [ -0.9691, 3.8595, -1.4066 ], 
									"to": [ -0.3691, 3.9345, -0.8066 ], 
									"rotationOrigin": [ -0.6691, 3.9345, -1.4066 ],
									"rotationX": 163.888,
									"rotationY": 25.513,
									"rotationZ": 123.8,
									"faces": {
										"north": { "texture": "#material", "uv": [ 7.0, 8.0, 7.5, 8.5 ], "enabled": false },
										"east": { "texture": "#material", "uv": [ 0.0, 0.0, 0.5, 0.5 ], "glow": 66 },
										"south": { "texture": "#material", "uv": [ 0.0, 0.0, 0.5, 0.5 ], "glow": 66 },
										"west": { "texture": "#material", "uv": [ 0.0, 0.0, 0.5, 0.5 ], "glow": 66 },
										"up": { "texture": "#material", "uv": [ 0.0, 0.0, 0.5, 0.5 ], "glow": 66 },
										"down": { "texture": "#material", "uv": [ 7.5, 6.5, 8.0, 7.0 ], "enabled": false }
									}
								},
								{
									"name": "mainbody-capfront-2-2",
									"from": [ -0.5583, 4.2683, -1.4071 ], 
									"to": [ 0.0417, 4.3433, -0.8071 ], 
									"rotationOrigin": [ -0.2583, 4.3433, -1.4071 ],
									"rotationX": 153.454,
									"rotationY": 14.316,
									"rotationZ": 153.509,
									"faces": {
										"north": { "texture": "#material", "uv": [ 4.5, 13.5, 5.0, 14.0 ], "enabled": false },
										"east": { "texture": "#material", "uv": [ 0.0, 0.0, 0.5, 0.5 ], "glow": 66 },
										"south": { "texture": "#material", "uv": [ 0.0, 0.0, 0.5, 0.5 ], "glow": 66 },
										"west": { "texture": "#material", "uv": [ 0.0, 0.0, 0.5, 0.5 ], "glow": 66 },
										"up": { "texture": "#material", "uv": [ 0.0, 0.0, 0.5, 0.5 ], "glow": 66 },
										"down": { "texture": "#material", "uv": [ 7.5, 7.5, 8.0, 8.0 ], "enabled": false }
									}
								},
								{
									"name": "mainbody-capfront-5-1",
									"from": [ 0.6, 3.597, -2.842 ], 
									"to": [ 1.2, 3.672, -2.242 ], 
									"rotationOrigin": [ 1.2, 3.672, -2.2323 ],
									"rotationX": 119.1,
									"rotationY": 7.4,
									"rotationZ": -149.9,
									"faces": {
										"north": { "texture": "#material", "uv": [ 0.0, 0.0, 0.5, 0.5 ], "glow": 66 },
										"east": { "texture": "#material", "uv": [ 4.0, 4.5, 4.5, 5.0 ], "enabled": false },
										"south": { "texture": "#material", "uv": [ 7.5, 10.5, 8.0, 11.0 ], "enabled": false },
										"west": { "texture": "#material", "uv": [ 0.0, 0.0, 0.5, 0.5 ], "glow": 66 },
										"up": { "texture": "#material", "uv": [ 0.0, 0.0, 0.5, 0.5 ], "glow": 66 },
										"down": { "texture": "#material", "uv": [ 5.5, 6.5, 6.0, 7.0 ], "enabled": false }
									}
								},
								{
									"name": "mainbody-capfront-5-3",
									"from": [ 1.1596, 4.2727, -1.4066 ], 
									"to": [ 1.7596, 4.3477, -0.8066 ], 
									"rotationOrigin": [ 1.4596, 4.3477, -1.4066 ],
									"rotationX": 153.583,
									"rotationY": -14.504,
									"rotationZ": -153.292,
									"faces": {
										"north": { "texture": "#material", "uv": [ 7.0, 8.0, 7.5, 8.5 ], "glow": 66 },
										"east": { "texture": "#material", "uv": [ 6.0, 0.5, 6.5, 1.0 ], "glow": 66 },
										"south": { "texture": "#material", "uv": [ 5.5, 0.5, 6.0, 1.0 ], "glow": 66 },
										"west": { "texture": "#material", "uv": [ 2.0, 6.5, 2.5, 7.0 ], "glow": 66 },
										"up": { "texture": "#material", "uv": [ 2.0, 1.5, 2.5, 2.0 ], "glow": 66 },
										"down": { "texture": "#material", "uv": [ 7.5, 6.5, 8.0, 7.0 ], "glow": 66 }
									}
								},
								{
									"name": "mainbody-capfront-5-2",
									"from": [ 1.5685, 3.8619, -1.4071 ], 
									"to": [ 2.1685, 3.9369, -0.8071 ], 
									"rotationOrigin": [ 1.8685, 3.9369, -1.4071 ],
									"rotationX": 164.078,
									"rotationY": -25.66,
									"rotationZ": -123.533,
									"faces": {
										"north": { "texture": "#material", "uv": [ 4.5, 13.5, 5.0, 14.0 ], "enabled": false },
										"east": { "texture": "#material", "uv": [ 0.0, 0.0, 0.5, 0.5 ], "glow": 66 },
										"south": { "texture": "#material", "uv": [ 0.0, 0.0, 0.5, 0.5 ], "glow": 66 },
										"west": { "texture": "#material", "uv": [ 0.0, 0.0, 0.5, 0.5 ], "glow": 66 },
										"up": { "texture": "#material", "uv": [ 0.0, 0.0, 0.5, 0.5 ], "glow": 66 },
										"down": { "texture": "#material", "uv": [ 7.5, 7.5, 8.0, 8.0 ], "enabled": false }
									}
								},
								{
									"name": "mainbody-capfront-1-7",
									"from": [ 1.1993, 4.4249, -1.425 ], 
									"to": [ 2.4008, 4.4999, -0.825 ], 
									"rotationOrigin": [ 1.2, 4.4999, -1.425 ],
									"rotationX": 150.0,
									"rotationZ": -180.0,
									"faces": {
										"north": { "texture": "#material", "uv": [ 0.0, 11.0, 1.0, 11.5 ], "enabled": false },
										"east": { "texture": "#material", "uv": [ 0.0, 0.0, 0.5, 0.5 ], "glow": 66 },
										"south": { "texture": "#material", "uv": [ 0.0, 3.0, 1.0, 3.5 ], "enabled": false },
										"west": { "texture": "#material", "uv": [ 0.0, 0.0, 0.5, 0.5 ], "glow": 66 },
										"up": { "texture": "#material", "uv": [ 0.0, 0.0, 1.0, 0.5 ], "glow": 66 },
										"down": { "texture": "#material", "uv": [ 0.0, 0.5, 1.0, 1.0 ], "enabled": false }
									}
								},
								{
									"name": "mainbody-capfront-1-6",
									"from": [ 1.2, 4.1249, -1.9446 ], 
									"to": [ 2.4, 4.1999, -1.3446 ], 
									"rotationOrigin": [ 1.2, 4.1999, -1.9446 ],
									"rotationX": 120.0,
									"rotationZ": -180.0,
									"faces": {
										"north": { "texture": "#material", "uv": [ 0.0, 2.0, 1.0, 2.5 ], "enabled": false },
										"east": { "texture": "#material", "uv": [ 0.0, 0.0, 0.5, 0.5 ], "glow": 66 },
										"south": { "texture": "#material", "uv": [ 0.0, 11.5, 1.0, 12.0 ], "enabled": false },
										"west": { "texture": "#material", "uv": [ 0.0, 0.0, 0.5, 0.5 ], "glow": 66 },
										"up": { "texture": "#material", "uv": [ 0.0, 0.0, 1.0, 0.5 ], "glow": 66 },
										"down": { "texture": "#material", "uv": [ 0.0, 2.0, 1.0, 2.5 ], "enabled": false }
									}
								},
								{
									"name": "mainbody-capfront-1-1",
									"from": [ 1.2, 3.6054, -2.2445 ], 
									"to": [ 2.4, 3.6804, -1.0445 ], 
									"rotationOrigin": [ 1.2, 3.6804, -2.2446 ],
									"rotationX": 90.0,
									"rotationZ": -180.0,
									"faces": {
										"north": { "texture": "#material", "uv": [ 0.0, 11.5, 1.0, 12.0 ], "enabled": false },
										"east": { "texture": "#material", "uv": [ 0.0, 14.5, 1.0, 15.0 ], "enabled": false },
										"south": { "texture": "#material", "uv": [ 0.0, 11.0, 1.0, 11.5 ], "enabled": false },
										"west": { "texture": "#material", "uv": [ 0.0, 6.0, 1.0, 6.5 ], "enabled": false },
										"up": { "texture": "#material", "uv": [ 0.0, 0.0, 1.0, 1.0 ], "glow": 66 },
										"down": { "texture": "#material", "uv": [ 0.0, 0.0, 1.0, 1.0 ], "enabled": false }
									}
								}
							]
						},
						{
							"name": "_mainbody-capback",
							"from": [ -1.2, 0.0, 2.86 ], 
							"to": [ -1.2, 0.0, 2.86 ], 
							"rotationOrigin": [ 0.0, 0.0, 0.0 ],
							"rotationY": 180.0,
							"faces": {
								"north": { "texture": "#default", "uv": [ 0.0, 0.0, 0.5, 0.5 ] },
								"east": { "texture": "#default", "uv": [ 0.0, 0.0, 0.5, 0.5 ] },
								"south": { "texture": "#default", "uv": [ 0.0, 0.0, 0.5, 0.5 ] },
								"west": { "texture": "#default", "uv": [ 0.0, 0.0, 0.5, 0.5 ] },
								"up": { "texture": "#default", "uv": [ 0.0, 0.0, 0.5, 0.5 ] },
								"down": { "texture": "#default", "uv": [ 0.0, 0.0, 0.5, 0.5 ] }
							},
							"children": [
								{
									"name": "mainbody-capback-1-4",
									"from": [ -0.075, 2.48, -2.8446 ], 
									"to": [ 0.0, 3.68, -2.2446 ], 
									"rotationOrigin": [ 0.0, 2.4803, -2.2446 ],
									"rotationX": -180.0,
									"rotationY": 60.0,
									"rotationZ": 180.0,
									"faces": {
										"north": { "texture": "#material", "uv": [ 6.5, 0.0, 7.0, 1.0 ], "enabled": false },
										"east": { "texture": "#material", "uv": [ 0.0, 0.0, 0.5, 1.0 ], "glow": 66 },
										"south": { "texture": "#material", "uv": [ 10.5, 0.0, 11.0, 1.0 ], "enabled": false },
										"west": { "texture": "#material", "uv": [ 0.0, 0.0, 0.5, 1.0 ], "enabled": false },
										"up": { "texture": "#material", "uv": [ 0.0, 0.0, 0.5, 0.5 ], "glow": 66 },
										"down": { "texture": "#material", "uv": [ 0.0, 0.0, 0.5, 0.5 ], "glow": 66 }
									}
								},
								{
									"name": "mainbody-capback-1-2",
									"from": [ 1.2, 2.48, -2.8446 ], 
									"to": [ 1.275, 3.68, -2.2446 ], 
									"rotationOrigin": [ 1.2, 2.4803, -2.2446 ],
									"rotationX": -180.0,
									"rotationY": -60.0,
									"rotationZ": 180.0,
									"faces": {
										"north": { "texture": "#material", "uv": [ 7.5, 0.0, 8.0, 1.0 ], "enabled": false },
										"east": { "texture": "#material", "uv": [ 1.5, 0.0, 2.0, 1.0 ], "enabled": false },
										"south": { "texture": "#material", "uv": [ 2.5, 0.0, 3.0, 1.0 ], "enabled": false },
										"west": { "texture": "#material", "uv": [ 0.0, 0.0, 0.5, 1.0 ], "glow": 66 },
										"up": { "texture": "#material", "uv": [ 0.0, 0.0, 0.5, 0.5 ], "glow": 66 },
										"down": { "texture": "#material", "uv": [ 0.0, 0.0, 0.5, 0.5 ], "glow": 66 }
									}
								},
								{
									"name": "mainbody-capback-1-3",
									"from": [ 1.7196, 2.48, -2.5446 ], 
									"to": [ 1.7946, 3.68, -1.9446 ], 
									"rotationOrigin": [ 1.7196, 2.4803, -1.9446 ],
									"rotationX": -180.0,
									"rotationY": -30.0,
									"rotationZ": 180.0,
									"faces": {
										"north": { "texture": "#material", "uv": [ 13.5, 0.0, 14.0, 1.0 ], "enabled": false },
										"east": { "texture": "#material", "uv": [ 6.0, 0.0, 6.5, 1.0 ], "enabled": false },
										"south": { "texture": "#material", "uv": [ 4.0, 0.0, 4.5, 1.0 ], "enabled": false },
										"west": { "texture": "#material", "uv": [ 0.0, 0.0, 0.5, 1.0 ], "glow": 66 },
										"up": { "texture": "#material", "uv": [ 0.0, 0.0, 0.5, 0.5 ], "glow": 66 },
										"down": { "texture": "#material", "uv": [ 0.0, 0.0, 0.5, 0.5 ], "glow": 66 }
									}
								},
								{
									"name": "mainbody-capback-1-5",
									"from": [ -0.5946, 2.48, -2.5446 ], 
									"to": [ -0.5196, 3.68, -1.9446 ], 
									"rotationOrigin": [ -0.5196, 2.4803, -1.9446 ],
									"rotationX": -180.0,
									"rotationY": 30.0,
									"rotationZ": 180.0,
									"faces": {
										"north": { "texture": "#material", "uv": [ 11.5, 0.0, 12.0, 1.0 ], "enabled": false },
										"east": { "texture": "#material", "uv": [ 0.0, 0.0, 0.5, 1.0 ], "glow": 66 },
										"south": { "texture": "#material", "uv": [ 3.0, 0.0, 3.5, 1.0 ], "enabled": false },
										"west": { "texture": "#material", "uv": [ 1.0, 0.0, 1.5, 1.0 ], "enabled": false },
										"up": { "texture": "#material", "uv": [ 0.0, 0.0, 0.5, 0.5 ], "glow": 66 },
										"down": { "texture": "#material", "uv": [ 0.0, 0.0, 0.5, 0.5 ], "glow": 66 }
									}
								},
								{
									"name": "mainbody-capback-2-1",
									"from": [ -0.5934, 3.5999, -2.842 ], 
									"to": [ 0.0066, 3.6749, -2.242 ], 
									"rotationOrigin": [ 0.0066, 3.6749, -2.2323 ],
									"rotationX": -165.048,
									"rotationY": 60.054,
									"rotationZ": 107.071,
									"faces": {
										"north": { "texture": "#material", "uv": [ 0.0, 0.0, 0.5, 0.5 ], "glow": 66 },
										"east": { "texture": "#material", "uv": [ 4.0, 4.5, 4.5, 5.0 ], "enabled": false },
										"south": { "texture": "#material", "uv": [ 7.5, 10.5, 8.0, 11.0 ], "enabled": false },
										"west": { "texture": "#material", "uv": [ 0.0, 0.0, 0.5, 0.5 ], "glow": 66 },
										"up": { "texture": "#material", "uv": [ 0.0, 0.0, 0.5, 0.5 ], "glow": 66 },
										"down": { "texture": "#material", "uv": [ 5.5, 6.5, 6.0, 7.0 ], "enabled": false }
									}
								},
								{
									"name": "mainbody-capback-2-3",
									"from": [ -0.9691, 3.8595, -1.4066 ], 
									"to": [ -0.3691, 3.9345, -0.8066 ], 
									"rotationOrigin": [ -0.6691, 3.9345, -1.4066 ],
									"rotationX": 163.888,
									"rotationY": 25.513,
									"rotationZ": 123.8,
									"faces": {
										"north": { "texture": "#material", "uv": [ 7.0, 8.0, 7.5, 8.5 ], "enabled": false },
										"east": { "texture": "#material", "uv": [ 0.0, 0.0, 0.5, 0.5 ], "glow": 66 },
										"south": { "texture": "#material", "uv": [ 0.0, 0.0, 0.5, 0.5 ], "glow": 66 },
										"west": { "texture": "#material", "uv": [ 0.0, 0.0, 0.5, 0.5 ], "glow": 66 },
										"up": { "texture": "#material", "uv": [ 0.0, 0.0, 0.5, 0.5 ], "glow": 66 },
										"down": { "texture": "#material", "uv": [ 7.5, 6.5, 8.0, 7.0 ], "enabled": false }
									}
								},
								{
									"name": "mainbody-capback-2-2",
									"from": [ -0.5583, 4.2683, -1.4071 ], 
									"to": [ 0.0417, 4.3433, -0.8071 ], 
									"rotationOrigin": [ -0.2583, 4.3433, -1.4071 ],
									"rotationX": 153.454,
									"rotationY": 14.316,
									"rotationZ": 153.509,
									"faces": {
										"north": { "texture": "#material", "uv": [ 4.5, 13.5, 5.0, 14.0 ], "enabled": false },
										"east": { "texture": "#material", "uv": [ 0.0, 0.0, 0.5, 0.5 ], "glow": 66 },
										"south": { "texture": "#material", "uv": [ 0.0, 0.0, 0.5, 0.5 ], "glow": 66 },
										"west": { "texture": "#material", "uv": [ 0.0, 0.0, 0.5, 0.5 ], "glow": 66 },
										"up": { "texture": "#material", "uv": [ 0.0, 0.0, 0.5, 0.5 ], "glow": 66 },
										"down": { "texture": "#material", "uv": [ 7.5, 7.5, 8.0, 8.0 ], "enabled": false }
									}
								},
								{
									"name": "mainbody-capback-5-1",
									"from": [ 0.6, 3.597, -2.842 ], 
									"to": [ 1.2, 3.672, -2.242 ], 
									"rotationOrigin": [ 1.2, 3.672, -2.2323 ],
									"rotationX": 119.1,
									"rotationY": 7.4,
									"rotationZ": -149.9,
									"faces": {
										"north": { "texture": "#material", "uv": [ 0.0, 0.0, 0.5, 0.5 ], "glow": 66 },
										"east": { "texture": "#material", "uv": [ 4.0, 4.5, 4.5, 5.0 ], "enabled": false },
										"south": { "texture": "#material", "uv": [ 7.5, 10.5, 8.0, 11.0 ], "enabled": false },
										"west": { "texture": "#material", "uv": [ 0.0, 0.0, 0.5, 0.5 ], "glow": 66 },
										"up": { "texture": "#material", "uv": [ 0.0, 0.0, 0.5, 0.5 ], "glow": 66 },
										"down": { "texture": "#material", "uv": [ 5.5, 6.5, 6.0, 7.0 ], "enabled": false }
									}
								},
								{
									"name": "mainbody-capback-5-3",
									"from": [ 1.1596, 4.2727, -1.4066 ], 
									"to": [ 1.7596, 4.3477, -0.8066 ], 
									"rotationOrigin": [ 1.4596, 4.3477, -1.4066 ],
									"rotationX": 153.583,
									"rotationY": -14.504,
									"rotationZ": -153.292,
									"faces": {
										"north": { "texture": "#material", "uv": [ 7.0, 8.0, 7.5, 8.5 ], "glow": 66 },
										"east": { "texture": "#material", "uv": [ 6.0, 0.5, 6.5, 1.0 ], "glow": 66 },
										"south": { "texture": "#material", "uv": [ 5.5, 0.5, 6.0, 1.0 ], "glow": 66 },
										"west": { "texture": "#material", "uv": [ 2.0, 6.5, 2.5, 7.0 ], "glow": 66 },
										"up": { "texture": "#material", "uv": [ 2.0, 1.5, 2.5, 2.0 ], "glow": 66 },
										"down": { "texture": "#material", "uv": [ 7.5, 6.5, 8.0, 7.0 ], "glow": 66 }
									}
								},
								{
									"name": "mainbody-capback-5-2",
									"from": [ 1.5685, 3.8619, -1.4071 ], 
									"to": [ 2.1685, 3.9369, -0.8071 ], 
									"rotationOrigin": [ 1.8685, 3.9369, -1.4071 ],
									"rotationX": 164.078,
									"rotationY": -25.66,
									"rotationZ": -123.533,
									"faces": {
										"north": { "texture": "#material", "uv": [ 4.5, 13.5, 5.0, 14.0 ], "enabled": false },
										"east": { "texture": "#material", "uv": [ 0.0, 0.0, 0.5, 0.5 ], "glow": 66 },
										"south": { "texture": "#material", "uv": [ 0.0, 0.0, 0.5, 0.5 ], "glow": 66 },
										"west": { "texture": "#material", "uv": [ 0.0, 0.0, 0.5, 0.5 ], "glow": 66 },
										"up": { "texture": "#material", "uv": [ 0.0, 0.0, 0.5, 0.5 ], "glow": 66 },
										"down": { "texture": "#material", "uv": [ 7.5, 7.5, 8.0, 8.0 ], "enabled": false }
									}
								},
								{
									"name": "mainbody-capback-1-7",
									"from": [ 1.1993, 4.4249, -1.425 ], 
									"to": [ 2.4008, 4.4999, -0.825 ], 
									"rotationOrigin": [ 1.2, 4.4999, -1.425 ],
									"rotationX": 150.0,
									"rotationZ": -180.0,
									"faces": {
										"north": { "texture": "#material", "uv": [ 0.0, 11.0, 1.0, 11.5 ], "enabled": false },
										"east": { "texture": "#material", "uv": [ 0.0, 0.0, 0.5, 0.5 ], "glow": 66 },
										"south": { "texture": "#material", "uv": [ 0.0, 3.0, 1.0, 3.5 ], "enabled": false },
										"west": { "texture": "#material", "uv": [ 0.0, 0.0, 0.5, 0.5 ], "glow": 66 },
										"up": { "texture": "#material", "uv": [ 0.0, 0.0, 1.0, 0.5 ], "glow": 66 },
										"down": { "texture": "#material", "uv": [ 0.0, 0.5, 1.0, 1.0 ], "enabled": false }
									}
								},
								{
									"name": "mainbody-capback-1-6",
									"from": [ 1.2, 4.1249, -1.9446 ], 
									"to": [ 2.4, 4.1999, -1.3446 ], 
									"rotationOrigin": [ 1.2, 4.1999, -1.9446 ],
									"rotationX": 120.0,
									"rotationZ": -180.0,
									"faces": {
										"north": { "texture": "#material", "uv": [ 0.0, 2.0, 1.0, 2.5 ], "enabled": false },
										"east": { "texture": "#material", "uv": [ 0.0, 0.0, 0.5, 0.5 ], "glow": 66 },
										"south": { "texture": "#material", "uv": [ 0.0, 11.5, 1.0, 12.0 ], "enabled": false },
										"west": { "texture": "#material", "uv": [ 0.0, 0.0, 0.5, 0.5 ], "glow": 66 },
										"up": { "texture": "#material", "uv": [ 0.0, 0.0, 1.0, 0.5 ], "glow": 66 },
										"down": { "texture": "#material", "uv": [ 0.0, 2.0, 1.0, 2.5 ], "enabled": false }
									}
								},
								{
									"name": "mainbody-capback-1-1",
									"from": [ 1.2, 3.6054, -2.2445 ], 
									"to": [ 2.4, 3.6804, -1.0445 ], 
									"rotationOrigin": [ 1.2, 3.6804, -2.2446 ],
									"rotationX": 90.0,
									"rotationZ": -180.0,
									"faces": {
										"north": { "texture": "#material", "uv": [ 0.0, 11.5, 1.0, 12.0 ], "enabled": false },
										"east": { "texture": "#material", "uv": [ 0.0, 14.5, 1.0, 15.0 ], "enabled": false },
										"south": { "texture": "#material", "uv": [ 0.0, 11.0, 1.0, 11.5 ], "enabled": false },
										"west": { "texture": "#material", "uv": [ 0.0, 6.0, 1.0, 6.5 ], "enabled": false },
										"up": { "texture": "#material", "uv": [ 0.0, 0.0, 1.0, 1.0 ], "glow": 66 },
										"down": { "texture": "#material", "uv": [ 0.0, 0.0, 1.0, 1.0 ], "enabled": false }
									}
								}
							]
						},
						{
							"name": "Cube1",
							"from": [ 1.2, -0.6, -2.86 ], 
							"to": [ 1.2, -0.6, -2.86 ], 
							"rotationOrigin": [ 1.2, 0.0, -2.86 ],
							"rotationX": -180.0,
							"rotationZ": -180.0,
							"faces": {
								"north": { "texture": "#default", "uv": [ 0.0, 0.0, 0.5, 0.5 ] },
								"east": { "texture": "#default", "uv": [ 0.0, 0.0, 0.5, 0.5 ] },
								"south": { "texture": "#default", "uv": [ 0.0, 0.0, 0.5, 0.5 ] },
								"west": { "texture": "#default", "uv": [ 0.0, 0.0, 0.5, 0.5 ] },
								"up": { "texture": "#default", "uv": [ 0.0, 0.0, 0.5, 0.5 ] },
								"down": { "texture": "#default", "uv": [ 0.0, 0.0, 0.5, 0.5 ] }
							},
							"children": [
								{
									"name": "mainbody-capback-3-1",
									"from": [ -0.6, 3.0177, -2.842 ], 
									"to": [ 0.0, 3.0927, -2.242 ], 
									"rotationOrigin": [ 0.0, 3.0927, -2.2323 ],
									"rotationX": -119.1,
									"rotationY": -7.4,
									"rotationZ": 30.1,
									"faces": {
										"north": { "texture": "#material", "uv": [ 0.0, 0.0, 0.5, 0.5 ], "glow": 66 },
										"east": { "texture": "#material", "uv": [ 4.0, 4.5, 4.5, 5.0 ], "enabled": false },
										"south": { "texture": "#material", "uv": [ 7.5, 10.5, 8.0, 11.0 ], "enabled": false },
										"west": { "texture": "#material", "uv": [ 0.0, 0.0, 0.5, 0.5 ], "glow": 66 },
										"up": { "texture": "#material", "uv": [ 0.0, 0.0, 0.5, 0.5 ], "glow": 66 },
										"down": { "texture": "#material", "uv": [ 5.5, 6.5, 6.0, 7.0 ], "enabled": false }
									}
								},
								{
									"name": "mainbody-capback-3-3",
									"from": [ -0.5596, 2.342, -1.4066 ], 
									"to": [ 0.0404, 2.417, -0.8066 ], 
									"rotationOrigin": [ -0.2596, 2.417, -1.4066 ],
									"rotationX": -153.583,
									"rotationY": 14.504,
									"rotationZ": 26.708,
									"faces": {
										"north": { "texture": "#material", "uv": [ 7.0, 8.0, 7.5, 8.5 ], "enabled": false },
										"east": { "texture": "#material", "uv": [ 0.0, 0.0, 0.5, 0.5 ], "glow": 66 },
										"south": { "texture": "#material", "uv": [ 0.0, 0.0, 0.5, 0.5 ], "glow": 66 },
										"west": { "texture": "#material", "uv": [ 0.0, 0.0, 0.5, 0.5 ], "glow": 66 },
										"up": { "texture": "#material", "uv": [ 0.0, 0.0, 0.5, 0.5 ], "glow": 66 },
										"down": { "texture": "#material", "uv": [ 7.5, 6.5, 8.0, 7.0 ], "enabled": false }
									}
								},
								{
									"name": "mainbody-capback-3-2",
									"from": [ -0.9684, 2.7528, -1.4071 ], 
									"to": [ -0.3684, 2.8278, -0.8071 ], 
									"rotationOrigin": [ -0.6684, 2.8278, -1.4071 ],
									"rotationX": -164.078,
									"rotationY": 25.66,
									"rotationZ": 56.467,
									"faces": {
										"north": { "texture": "#material", "uv": [ 4.5, 13.5, 5.0, 14.0 ], "enabled": false },
										"east": { "texture": "#material", "uv": [ 0.0, 0.0, 0.5, 0.5 ], "glow": 66 },
										"south": { "texture": "#material", "uv": [ 0.0, 0.0, 0.5, 0.5 ], "glow": 66 },
										"west": { "texture": "#material", "uv": [ 0.0, 0.0, 0.5, 0.5 ], "glow": 66 },
										"up": { "texture": "#material", "uv": [ 0.0, 0.0, 0.5, 0.5 ], "glow": 66 },
										"down": { "texture": "#material", "uv": [ 7.5, 7.5, 8.0, 8.0 ], "enabled": false }
									}
								},
								{
									"name": "mainbody-capback-4-1",
									"from": [ 0.5934, 3.0149, -2.842 ], 
									"to": [ 1.1934, 3.0899, -2.242 ], 
									"rotationOrigin": [ 1.1934, 3.0899, -2.2323 ],
									"rotationX": 165.048,
									"rotationY": -60.054,
									"rotationZ": -72.929,
									"faces": {
										"north": { "texture": "#material", "uv": [ 0.0, 0.0, 0.5, 0.5 ], "glow": 66 },
										"east": { "texture": "#material", "uv": [ 4.0, 4.5, 4.5, 5.0 ], "enabled": false },
										"south": { "texture": "#material", "uv": [ 7.5, 10.5, 8.0, 11.0 ], "enabled": false },
										"west": { "texture": "#material", "uv": [ 0.0, 0.0, 0.5, 0.5 ], "glow": 66 },
										"up": { "texture": "#material", "uv": [ 0.0, 0.0, 0.5, 0.5 ], "glow": 66 },
										"down": { "texture": "#material", "uv": [ 5.5, 6.5, 6.0, 7.0 ], "enabled": false }
									}
								},
								{
									"name": "mainbody-capback-4-3",
									"from": [ 1.5691, 2.7553, -1.4066 ], 
									"to": [ 2.1691, 2.8303, -0.8066 ], 
									"rotationOrigin": [ 1.8691, 2.8303, -1.4066 ],
									"rotationX": -163.888,
									"rotationY": -25.513,
									"rotationZ": -56.2,
									"faces": {
										"north": { "texture": "#material", "uv": [ 7.0, 8.0, 7.5, 8.5 ], "enabled": false },
										"east": { "texture": "#material", "uv": [ 0.0, 0.0, 0.5, 0.5 ], "glow": 66 },
										"south": { "texture": "#material", "uv": [ 0.0, 0.0, 0.5, 0.5 ], "glow": 66 },
										"west": { "texture": "#material", "uv": [ 0.0, 0.0, 0.5, 0.5 ], "glow": 66 },
										"up": { "texture": "#material", "uv": [ 0.0, 0.0, 0.5, 0.5 ], "glow": 66 },
										"down": { "texture": "#material", "uv": [ 7.5, 6.5, 8.0, 7.0 ], "enabled": false }
									}
								},
								{
									"name": "mainbody-capback-4-2",
									"from": [ 1.1583, 2.3464, -1.4071 ], 
									"to": [ 1.7583, 2.4214, -0.8071 ], 
									"rotationOrigin": [ 1.4583, 2.4214, -1.4071 ],
									"rotationX": -153.455,
									"rotationY": -14.316,
									"rotationZ": -26.491,
									"faces": {
										"north": { "texture": "#material", "uv": [ 4.5, 13.5, 5.0, 14.0 ], "enabled": false },
										"east": { "texture": "#material", "uv": [ 0.0, 0.0, 0.5, 0.5 ], "glow": 66 },
										"south": { "texture": "#material", "uv": [ 0.0, 0.0, 0.5, 0.5 ], "glow": 66 },
										"west": { "texture": "#material", "uv": [ 0.0, 0.0, 0.5, 0.5 ], "glow": 66 },
										"up": { "texture": "#material", "uv": [ 0.0, 0.0, 0.5, 0.5 ], "glow": 66 },
										"down": { "texture": "#material", "uv": [ 7.5, 7.5, 8.0, 8.0 ], "enabled": false }
									}
								},
								{
									"name": "mainbody-capback-1-9",
									"from": [ 1.1993, 2.4856, -1.9446 ], 
									"to": [ 2.4008, 2.5606, -1.3446 ], 
									"rotationOrigin": [ 1.2, 2.5606, -1.9446 ],
									"rotationX": 30.0,
									"rotationZ": 180.0,
									"faces": {
										"north": { "texture": "#material", "uv": [ 0.0, 3.0, 1.0, 3.5 ], "enabled": false },
										"east": { "texture": "#material", "uv": [ 0.0, 0.0, 0.5, 0.5 ], "glow": 66 },
										"south": { "texture": "#material", "uv": [ 0.0, 14.5, 1.0, 15.0 ], "enabled": false },
										"west": { "texture": "#material", "uv": [ 0.0, 0.0, 0.5, 0.5 ], "glow": 66 },
										"up": { "texture": "#material", "uv": [ 0.0, 0.0, 1.0, 0.5 ], "glow": 66 },
										"down": { "texture": "#material", "uv": [ 0.0, 2.0, 1.0, 2.5 ], "enabled": false }
									}
								},
								{
									"name": "mainbody-capback-1-8",
									"from": [ 0.9, 3.0052, -2.2446 ], 
									"to": [ 2.1, 3.0802, -1.6446 ], 
									"rotationOrigin": [ 1.05, 3.0803, -2.2446 ],
									"rotationX": 60.0,
									"rotationZ": 180.0,
									"faces": {
										"north": { "texture": "#material", "uv": [ 0.0, 0.0, 1.0, 0.5 ], "enabled": false },
										"east": { "texture": "#material", "uv": [ 0.0, 0.0, 0.5, 0.5 ], "glow": 66 },
										"south": { "texture": "#material", "uv": [ 0.0, 4.0, 1.0, 4.5 ], "enabled": false },
										"west": { "texture": "#material", "uv": [ 0.0, 0.0, 0.5, 0.5 ], "glow": 66 },
										"up": { "texture": "#material", "uv": [ 0.0, 0.0, 1.0, 0.5 ], "glow": 66 },
										"down": { "texture": "#material", "uv": [ 0.0, 3.0, 1.0, 3.5 ], "enabled": false }
									}
								},
								{
									"name": "mainbody-capfront-3-1",
									"from": [ 0.6, 3.0177, -1.2374 ], 
									"to": [ 1.2, 3.0927, -0.6374 ], 
									"rotationOrigin": [ 1.2, 3.0927, -0.6277 ],
									"rotationX": -60.9,
									"rotationY": 7.4,
									"rotationZ": -149.9,
									"faces": {
										"north": { "texture": "#material", "uv": [ 0.0, 0.0, 0.5, 0.5 ], "glow": 66 },
										"east": { "texture": "#material", "uv": [ 4.0, 4.5, 4.5, 5.0 ], "enabled": false },
										"south": { "texture": "#material", "uv": [ 7.5, 10.5, 8.0, 11.0 ], "enabled": false },
										"west": { "texture": "#material", "uv": [ 0.0, 0.0, 0.5, 0.5 ], "glow": 66 },
										"up": { "texture": "#material", "uv": [ 0.0, 0.0, 0.5, 0.5 ], "glow": 66 },
										"down": { "texture": "#material", "uv": [ 5.5, 6.5, 6.0, 7.0 ], "enabled": false }
									}
								},
								{
									"name": "mainbody-capfront-3-3",
									"from": [ 1.1596, 2.342, -1.4534 ], 
									"to": [ 1.7596, 2.417, -0.8534 ], 
									"rotationOrigin": [ 1.4596, 2.417, -1.4534 ],
									"rotationX": -26.417,
									"rotationY": -14.504,
									"rotationZ": -153.292,
									"faces": {
										"north": { "texture": "#material", "uv": [ 7.0, 8.0, 7.5, 8.5 ], "enabled": false },
										"east": { "texture": "#material", "uv": [ 0.0, 0.0, 0.5, 0.5 ], "glow": 66 },
										"south": { "texture": "#material", "uv": [ 0.0, 0.0, 0.5, 0.5 ], "glow": 66 },
										"west": { "texture": "#material", "uv": [ 0.0, 0.0, 0.5, 0.5 ], "glow": 66 },
										"up": { "texture": "#material", "uv": [ 0.0, 0.0, 0.5, 0.5 ], "glow": 66 },
										"down": { "texture": "#material", "uv": [ 7.5, 6.5, 8.0, 7.0 ], "enabled": false }
									}
								},
								{
									"name": "mainbody-capfront-3-2",
									"from": [ 1.5684, 2.7528, -1.4529 ], 
									"to": [ 2.1684, 2.8278, -0.8529 ], 
									"rotationOrigin": [ 1.8684, 2.8278, -1.4529 ],
									"rotationX": -15.922,
									"rotationY": -25.66,
									"rotationZ": -123.533,
									"faces": {
										"north": { "texture": "#material", "uv": [ 4.5, 13.5, 5.0, 14.0 ], "enabled": false },
										"east": { "texture": "#material", "uv": [ 0.0, 0.0, 0.5, 0.5 ], "glow": 66 },
										"south": { "texture": "#material", "uv": [ 0.0, 0.0, 0.5, 0.5 ], "glow": 66 },
										"west": { "texture": "#material", "uv": [ 0.0, 0.0, 0.5, 0.5 ], "glow": 66 },
										"up": { "texture": "#material", "uv": [ 0.0, 0.0, 0.5, 0.5 ], "glow": 66 },
										"down": { "texture": "#material", "uv": [ 7.5, 7.5, 8.0, 8.0 ], "enabled": false }
									}
								},
								{
									"name": "mainbody-capfront-4-1",
									"from": [ -0.5934, 3.0149, -1.2374 ], 
									"to": [ 0.0066, 3.0899, -0.6374 ], 
									"rotationOrigin": [ 0.0066, 3.0899, -0.6277 ],
									"rotationX": 14.952,
									"rotationY": 60.054,
									"rotationZ": 107.071,
									"faces": {
										"north": { "texture": "#material", "uv": [ 0.0, 0.0, 0.5, 0.5 ], "glow": 66 },
										"east": { "texture": "#material", "uv": [ 4.0, 4.5, 4.5, 5.0 ], "enabled": false },
										"south": { "texture": "#material", "uv": [ 7.5, 10.5, 8.0, 11.0 ], "enabled": false },
										"west": { "texture": "#material", "uv": [ 0.0, 0.0, 0.5, 0.5 ], "glow": 66 },
										"up": { "texture": "#material", "uv": [ 0.0, 0.0, 0.5, 0.5 ], "glow": 66 },
										"down": { "texture": "#material", "uv": [ 5.5, 6.5, 6.0, 7.0 ], "enabled": false }
									}
								},
								{
									"name": "mainbody-capfront-4-3",
									"from": [ -0.9691, 2.7553, -1.4534 ], 
									"to": [ -0.3691, 2.8303, -0.8534 ], 
									"rotationOrigin": [ -0.6691, 2.8303, -1.4534 ],
									"rotationX": -16.112,
									"rotationY": 25.513,
									"rotationZ": 123.8,
									"faces": {
										"north": { "texture": "#material", "uv": [ 7.0, 8.0, 7.5, 8.5 ], "enabled": false },
										"east": { "texture": "#material", "uv": [ 0.0, 0.0, 0.5, 0.5 ], "glow": 66 },
										"south": { "texture": "#material", "uv": [ 0.0, 0.0, 0.5, 0.5 ], "glow": 66 },
										"west": { "texture": "#material", "uv": [ 0.0, 0.0, 0.5, 0.5 ], "glow": 66 },
										"up": { "texture": "#material", "uv": [ 0.0, 0.0, 0.5, 0.5 ], "glow": 66 },
										"down": { "texture": "#material", "uv": [ 7.5, 6.5, 8.0, 7.0 ], "enabled": false }
									}
								},
								{
									"name": "mainbody-capfront-4-2",
									"from": [ -0.5583, 2.3464, -1.4529 ], 
									"to": [ 0.0417, 2.4214, -0.8529 ], 
									"rotationOrigin": [ -0.2583, 2.4214, -1.4529 ],
									"rotationX": -26.545,
									"rotationY": 14.316,
									"rotationZ": 153.509,
									"faces": {
										"north": { "texture": "#material", "uv": [ 4.5, 13.5, 5.0, 14.0 ], "enabled": false },
										"east": { "texture": "#material", "uv": [ 0.0, 0.0, 0.5, 0.5 ], "glow": 66 },
										"south": { "texture": "#material", "uv": [ 0.0, 0.0, 0.5, 0.5 ], "glow": 66 },
										"west": { "texture": "#material", "uv": [ 0.0, 0.0, 0.5, 0.5 ], "glow": 66 },
										"up": { "texture": "#material", "uv": [ 0.0, 0.0, 0.5, 0.5 ], "glow": 66 },
										"down": { "texture": "#material", "uv": [ 7.5, 7.5, 8.0, 8.0 ], "enabled": false }
									}
								},
								{
									"name": "mainbody-capfront-1-9",
									"from": [ -7.0E-4, 2.4856, -0.9154 ], 
									"to": [ 1.2008, 2.5606, -0.3154 ], 
									"rotationOrigin": [ 0.0, 2.5606, -0.9154 ],
									"rotationX": 150.0,
									"faces": {
										"north": { "texture": "#material", "uv": [ 0.0, 3.0, 1.0, 3.5 ], "enabled": false },
										"east": { "texture": "#material", "uv": [ 0.0, 0.0, 0.5, 0.5 ], "glow": 66 },
										"south": { "texture": "#material", "uv": [ 0.0, 14.5, 1.0, 15.0 ], "enabled": false },
										"west": { "texture": "#material", "uv": [ 0.0, 0.0, 0.5, 0.5 ], "glow": 66 },
										"up": { "texture": "#material", "uv": [ 0.0, 0.0, 1.0, 0.5 ], "glow": 66 },
										"down": { "texture": "#material", "uv": [ 0.0, 2.0, 1.0, 2.5 ], "enabled": false }
									}
								},
								{
									"name": "mainbody-capfront-1-8",
									"from": [ 0.0, 3.0052, -0.6154 ], 
									"to": [ 1.2, 3.0802, -0.0154 ], 
									"rotationOrigin": [ 0.15, 3.0803, -0.6154 ],
									"rotationX": 120.0,
									"faces": {
										"north": { "texture": "#material", "uv": [ 0.0, 0.0, 1.0, 0.5 ], "enabled": false },
										"east": { "texture": "#material", "uv": [ 0.0, 0.0, 0.5, 0.5 ], "glow": 66 },
										"south": { "texture": "#material", "uv": [ 0.0, 4.0, 1.0, 4.5 ], "enabled": false },
										"west": { "texture": "#material", "uv": [ 0.0, 0.0, 0.5, 0.5 ], "glow": 66 },
										"up": { "texture": "#material", "uv": [ 0.0, 0.0, 1.0, 0.5 ], "glow": 66 },
										"down": { "texture": "#material", "uv": [ 0.0, 3.0, 1.0, 3.5 ], "enabled": false }
									}
								}
							]
						}
					]
				}
			]
		}
	]
}