{
	"editor": {
		"allAngles": true,
		"entityTextureMode": true
	},
	"textureWidth": 16,
	"textureHeight": 16,
	"textureSizes": {
	},
	"textures": {
	},
	"elements": [
		{
			"name": "BoundingBox",
			"from": [ 5.0, 0.0, 5.5 ],
			"to": [ 10.0, 5.0, 10.5 ],
			"shade": false,
			"uv": [ 0.0, 0.0 ],
			"rotationOrigin": [ 8.0, 0.0, 8.0 ],
			"faces": {
			},
			"children": [
				{
					"name": "body",
					"from": [ 2.0, 0.25, 1.5 ],
					"to": [ 4.5, 2.0, 3.5 ],
					"uv": [ 3.0, 12.5 ],
					"rotationOrigin": [ 4.0, 0.25, 2.75 ],
					"rotationZ": -3.0,
					"faces": {
						"north": { "texture": "#fieldmice", "uv": [ 3.0, 14.5, 5.5, 16.0 ] },
						"east": { "texture": "#fieldmice", "uv": [ 5.5, 14.5, 7.5, 16.0 ] },
						"south": { "texture": "#fieldmice", "uv": [ 7.5, 14.5, 10.0, 16.0 ] },
						"west": { "texture": "#fieldmice", "uv": [ 10.0, 14.5, 12.0, 16.0 ] },
						"up": { "texture": "#fieldmice", "uv": [ 3.0, 12.5, 5.5, 14.5 ] },
						"down": { "texture": "#fieldmice", "uv": [ 5.5, 12.5, 8.0, 14.5 ] }
					},
					"children": [
						{
							"name": "Tail",
							"from": [ 1.75, 1.0, 0.5 ],
							"to": [ 2.75, 2.0, 1.5 ],
							"unwrapMode": 5,
							"uv": [ 6.0, 9.0 ],
							"rotationOrigin": [ 2.0, 1.0, 1.0 ],
							"rotationZ": -97.0,
							"faces": {
								"north": { "texture": "#fieldmice", "uv": [ 7.0, 9.0, 8.0, 10.0 ], "rotation": 180 },
								"east": { "texture": "#fieldmice", "uv": [ 8.0, 10.0, 9.0, 11.0 ], "rotation": 90 },
								"south": { "texture": "#fieldmice", "uv": [ 7.0, 11.0, 8.0, 12.0 ] },
								"west": { "texture": "#fieldmice", "uv": [ 6.0, 10.0, 7.0, 11.0 ], "rotation": 270 },
								"up": { "texture": "#fieldmice", "uv": [ 7.0, 10.0, 8.0, 11.0 ] },
								"down": { "texture": "#fieldmice", "uv": [ 9.0, 10.0, 10.0, 11.0 ] }
							},
							"children": [
								{
									"name": "tail_tip",
									"from": [ 0.35, 0.61, 0.285 ],
									"to": [ 0.7, 3.61, 0.735 ],
									"unwrapMode": 5,
									"uv": [ 6.0, 2.0 ],
									"rotationOrigin": [ 0.91, 0.3, 0.25 ],
									"rotationZ": 8.0,
									"faces": {
										"north": { "texture": "#fieldmice", "uv": [ 9.0, 2.0, 9.5, 5.0 ], "rotation": 180 },
										"east": { "texture": "#fieldmice", "uv": [ 9.5, 5.0, 12.5, 5.5 ], "rotation": 90 },
										"south": { "texture": "#fieldmice", "uv": [ 9.0, 5.5, 9.5, 8.5 ] },
										"west": { "texture": "#fieldmice", "uv": [ 6.0, 5.0, 9.0, 5.5 ], "rotation": 270 },
										"up": { "texture": "#fieldmice", "uv": [ 9.0, 5.0, 9.5, 5.5 ] },
										"down": { "texture": "#fieldmice", "uv": [ 12.5, 5.0, 13.0, 5.5 ] }
									}
								}
							]
						},
						{
							"name": "Face",
							"from": [ -1.25, 0.15, 0.25 ],
							"to": [ 0.25, 1.65, 1.75 ],
							"unwrapMode": 1,
							"autoUnwrap": false,
							"uv": [ 0.0, 5.0 ],
							"rotationOrigin": [ 0.5, 0.0, 1.0 ],
							"rotationZ": 3.0,
							"faces": {
								"north": { "texture": "#fieldmice", "uv": [ 2.0, 7.0, 3.5, 8.5 ] },
								"east": { "texture": "#fieldmice", "uv": [ 2.0, 5.5, 3.5, 7.0 ], "windMode": [-1,-1,-1,-1] },
								"south": { "texture": "#fieldmice", "uv": [ 0.0, 7.0, 1.5, 8.5 ] },
								"west": { "texture": "#fieldmice", "uv": [ 4.0, 7.0, 5.5, 8.5 ] },
								"up": { "texture": "#fieldmice", "uv": [ 0.0, 5.5, 1.5, 7.0 ], "rotation": 180 },
								"down": { "texture": "#fieldmice", "uv": [ 3.5, 10.0, 5.0, 11.5 ] }
							},
							"children": [
								{
									"name": "R_ear",
									"from": [ 0.75, 1.0, -0.75 ],
									"to": [ 1.25, 2.0, 0.25 ],
									"uv": [ 0.0, 2.0 ],
									"rotationOrigin": [ 0.5, 1.0, 0.25 ],
									"rotationX": -11.0,
									"rotationY": -17.0,
									"rotationZ": -3.0,
									"faces": {
										"north": { "texture": "#fieldmice", "uv": [ 0.0, 3.0, 0.5, 4.0 ] },
										"east": { "texture": "#fieldmice", "uv": [ 0.5, 3.0, 1.5, 4.0 ] },
										"south": { "texture": "#fieldmice", "uv": [ 1.5, 3.0, 2.0, 4.0 ] },
										"west": { "texture": "#fieldmice", "uv": [ 2.0, 3.0, 3.0, 4.0 ] },
										"up": { "texture": "#fieldmice", "uv": [ 0.0, 2.0, 0.5, 3.0 ] },
										"down": { "texture": "#fieldmice", "uv": [ 0.5, 2.0, 1.0, 3.0 ] }
									}
								},
								{
									"name": "mouth",
									"from": [ -0.2, 0.25, 0.5 ],
									"to": [ 0.55, 0.6, 1.0 ],
									"unwrapMode": 2,
									"unwrapRotation": 1,
									"uv": [ 6.5, 5.5 ],
									"rotationOrigin": [ 0.25, 0.0, 2.0 ],
									"rotationZ": 14.0,
									"faces": {
										"north": { "texture": "#fieldmice", "uv": [ 7.0, 5.5, 7.5, 6.0 ], "rotation": 90 },
										"east": { "texture": "#fieldmice", "uv": [ 7.0, 6.0, 7.5, 6.5 ], "rotation": 90 },
										"south": { "texture": "#fieldmice", "uv": [ 7.0, 6.5, 7.5, 7.0 ], "rotation": 90 },
										"west": { "texture": "#fieldmice", "uv": [ 8.0, 6.0, 8.5, 6.5 ], "rotation": 270 },
										"up": { "texture": "#fieldmice", "uv": [ 6.5, 6.0, 7.0, 6.5 ] },
										"down": { "texture": "#fieldmice", "uv": [ 7.5, 6.0, 8.0, 6.5 ] }
									},
									"children": [
										{
											"name": "nose16",
											"from": [ -0.2, 0.2, -0.05 ],
											"to": [ 0.55, 0.7, 0.55 ],
											"unwrapMode": 2,
											"unwrapRotation": 1,
											"autoUnwrap": false,
											"uv": [ 7.0, 7.5 ],
											"rotationOrigin": [ 0.45, -0.25, 0.25 ],
											"rotationZ": -8.0,
											"faces": {
												"north": { "texture": "#fieldmice", "uv": [ 7.5, 7.5, 8.0, 8.0 ], "rotation": 90 },
												"east": { "texture": "#fieldmice", "uv": [ 7.5, 8.0, 8.0, 8.5 ], "rotation": 90, "autoUv": false },
												"south": { "texture": "#fieldmice", "uv": [ 7.5, 8.5, 8.0, 9.0 ], "rotation": 90 },
												"west": { "texture": "#fieldmice", "uv": [ 8.5, 8.0, 9.0, 8.5 ], "rotation": 270 },
												"up": { "texture": "#fieldmice", "uv": [ 7.0, 8.0, 7.5, 8.5 ] },
												"down": { "texture": "#fieldmice", "uv": [ 8.0, 8.0, 8.5, 8.5 ] }
											}
										}
									]
								},
								{
									"name": "R_ear16",
									"from": [ 0.75, 1.0, 1.25 ],
									"to": [ 1.25, 2.0, 2.25 ],
									"uv": [ 3.0, 2.0 ],
									"rotationOrigin": [ 0.5, 1.0, 1.25 ],
									"rotationX": 11.0,
									"rotationY": 17.0,
									"faces": {
										"north": { "texture": "#fieldmice", "uv": [ 3.0, 3.0, 3.5, 4.0 ] },
										"east": { "texture": "#fieldmice", "uv": [ 3.5, 3.0, 4.5, 4.0 ] },
										"south": { "texture": "#fieldmice", "uv": [ 4.5, 3.0, 5.0, 4.0 ] },
										"west": { "texture": "#fieldmice", "uv": [ 5.0, 3.0, 6.0, 4.0 ] },
										"up": { "texture": "#fieldmice", "uv": [ 3.0, 2.0, 3.5, 3.0 ] },
										"down": { "texture": "#fieldmice", "uv": [ 3.5, 2.0, 4.0, 3.0 ] }
									}
								},
								{
									"name": "Neck2",
									"from": [ 1.2, 0.05, 0.25 ],
									"to": [ 2.2, 1.0, 1.25 ],
									"uv": [ 10.0, 7.0 ],
									"rotationOrigin": [ 1.0, 0.0, 1.0 ],
									"faces": {
										"north": { "texture": "#fieldmice", "uv": [ 10.0, 8.0, 11.0, 8.5 ] },
										"east": { "texture": "#fieldmice", "uv": [ 11.0, 8.0, 12.0, 8.5 ] },
										"south": { "texture": "#fieldmice", "uv": [ 12.0, 8.0, 13.0, 8.5 ] },
										"west": { "texture": "#fieldmice", "uv": [ 13.0, 8.0, 14.0, 8.5 ] },
										"up": { "texture": "#fieldmice", "uv": [ 10.0, 7.0, 11.0, 8.0 ] },
										"down": { "texture": "#fieldmice", "uv": [ 11.0, 7.0, 12.0, 8.0 ] }
									}
								}
							]
						},
						{
							"name": "R thigh13",
							"from": [ 1.5, 0.0, -0.25 ],
							"to": [ 2.5, 1.0, 0.25 ],
							"uv": [ 9.0, 13.0 ],
							"rotationOrigin": [ 2.0, 0.5, 0.0 ],
							"rotationZ": 42.0,
							"faces": {
								"north": { "texture": "#fieldmice", "uv": [ 9.0, 13.5, 10.0, 14.5 ] },
								"east": { "texture": "#fieldmice", "uv": [ 10.0, 13.5, 10.5, 14.5 ] },
								"south": { "texture": "#fieldmice", "uv": [ 10.5, 13.5, 11.5, 14.5 ], "windMode": [-1,-1,-1,-1] },
								"west": { "texture": "#fieldmice", "uv": [ 11.5, 13.5, 12.0, 14.5 ] },
								"up": { "texture": "#fieldmice", "uv": [ 9.0, 13.0, 10.0, 13.5 ] },
								"down": { "texture": "#fieldmice", "uv": [ 10.0, 13.0, 11.0, 13.5 ] }
							},
							"children": [
								{
									"name": "R_leg14",
									"from": [ 0.2, 0.0, -0.15 ],
									"to": [ 0.45, 1.0, 0.6 ],
									"uv": [ 2.0, 0.0 ],
									"rotationOrigin": [ 0.5, 0.0, 0.0 ],
									"rotationZ": 53.0,
									"faces": {
										"north": { "texture": "#fieldmice", "uv": [ 2.0, 0.5, 2.5, 1.5 ] },
										"east": { "texture": "#fieldmice", "uv": [ 2.5, 0.5, 3.0, 1.5 ] },
										"south": { "texture": "#fieldmice", "uv": [ 3.0, 0.5, 3.5, 1.5 ] },
										"west": { "texture": "#fieldmice", "uv": [ 3.5, 0.5, 4.0, 1.5 ] },
										"up": { "texture": "#fieldmice", "uv": [ 2.0, 0.0, 2.5, 0.5 ] },
										"down": { "texture": "#fieldmice", "uv": [ 2.5, 0.0, 3.0, 0.5 ] }
									}
								}
							]
						},
						{
							"name": "L thigh14",
							"from": [ 1.5, 0.0, 1.75 ],
							"to": [ 2.5, 1.0, 2.25 ],
							"uv": [ 12.0, 13.0 ],
							"rotationOrigin": [ 2.0, 0.5, 2.0 ],
							"rotationZ": 40.0,
							"faces": {
								"north": { "texture": "#fieldmice", "uv": [ 12.0, 13.5, 13.0, 14.5 ], "windMode": [-1,-1,-1,-1] },
								"east": { "texture": "#fieldmice", "uv": [ 13.0, 13.5, 13.5, 14.5 ] },
								"south": { "texture": "#fieldmice", "uv": [ 13.5, 13.5, 14.5, 14.5 ] },
								"west": { "texture": "#fieldmice", "uv": [ 14.5, 13.5, 15.0, 14.5 ] },
								"up": { "texture": "#fieldmice", "uv": [ 12.0, 13.0, 13.0, 13.5 ] },
								"down": { "texture": "#fieldmice", "uv": [ 13.0, 13.0, 14.0, 13.5 ] }
							},
							"children": [
								{
									"name": "L_leg15",
									"from": [ 0.2, 0.0, -0.15 ],
									"to": [ 0.45, 1.0, 0.6 ],
									"uv": [ 2.0, 0.0 ],
									"rotationOrigin": [ 0.5, 0.0, 0.0 ],
									"rotationZ": 53.0,
									"faces": {
										"north": { "texture": "#fieldmice", "uv": [ 2.0, 0.5, 2.5, 1.5 ] },
										"east": { "texture": "#fieldmice", "uv": [ 2.5, 0.5, 3.0, 1.5 ] },
										"south": { "texture": "#fieldmice", "uv": [ 3.0, 0.5, 3.5, 1.5 ] },
										"west": { "texture": "#fieldmice", "uv": [ 3.5, 0.5, 4.0, 1.5 ] },
										"up": { "texture": "#fieldmice", "uv": [ 2.0, 0.0, 2.5, 0.5 ] },
										"down": { "texture": "#fieldmice", "uv": [ 2.5, 0.0, 3.0, 0.5 ] }
									}
								}
							]
						},
						{
							"name": "RF thigh14",
							"from": [ -0.5, 0.0, 0.35 ],
							"to": [ 0.5, 0.5, 0.85 ],
							"uv": [ 9.0, 13.0 ],
							"rotationOrigin": [ 0.5, 0.75, 1.0 ],
							"rotationZ": 44.0,
							"faces": {
								"north": { "texture": "#fieldmice", "uv": [ 9.0, 13.5, 10.0, 14.0 ] },
								"east": { "texture": "#fieldmice", "uv": [ 10.0, 13.5, 10.5, 14.0 ] },
								"south": { "texture": "#fieldmice", "uv": [ 10.5, 13.5, 11.5, 14.0 ] },
								"west": { "texture": "#fieldmice", "uv": [ 11.5, 13.5, 12.0, 14.0 ] },
								"up": { "texture": "#fieldmice", "uv": [ 9.0, 13.0, 10.0, 13.5 ] },
								"down": { "texture": "#fieldmice", "uv": [ 10.0, 13.0, 11.0, 13.5 ] }
							},
							"children": [
								{
									"name": "R_leg15",
									"from": [ 0.2, 0.0, -0.05 ],
									"to": [ 0.45, 1.0, 0.6 ],
									"uv": [ 2.0, 0.0 ],
									"rotationOrigin": [ 0.5, 0.0, 0.0 ],
									"rotationZ": 53.0,
									"faces": {
										"north": { "texture": "#fieldmice", "uv": [ 2.0, 0.5, 2.5, 1.5 ] },
										"east": { "texture": "#fieldmice", "uv": [ 2.5, 0.5, 3.0, 1.5 ] },
										"south": { "texture": "#fieldmice", "uv": [ 3.0, 0.5, 3.5, 1.5 ] },
										"west": { "texture": "#fieldmice", "uv": [ 3.5, 0.5, 4.0, 1.5 ] },
										"up": { "texture": "#fieldmice", "uv": [ 2.0, 0.0, 2.5, 0.5 ] },
										"down": { "texture": "#fieldmice", "uv": [ 2.5, 0.0, 3.0, 0.5 ] }
									}
								}
							]
						},
						{
							"name": "LF thigh15",
							"from": [ -0.5, 0.0, 1.15 ],
							"to": [ 0.5, 0.5, 1.65 ],
							"uv": [ 12.0, 13.0 ],
							"rotationOrigin": [ 0.5, 0.75, 1.0 ],
							"rotationZ": 44.0,
							"faces": {
								"north": { "texture": "#fieldmice", "uv": [ 12.0, 13.5, 13.0, 14.0 ] },
								"east": { "texture": "#fieldmice", "uv": [ 13.0, 13.5, 13.5, 14.0 ] },
								"south": { "texture": "#fieldmice", "uv": [ 13.5, 13.5, 14.5, 14.0 ] },
								"west": { "texture": "#fieldmice", "uv": [ 14.5, 13.5, 15.0, 14.0 ] },
								"up": { "texture": "#fieldmice", "uv": [ 12.0, 13.0, 13.0, 13.5 ] },
								"down": { "texture": "#fieldmice", "uv": [ 13.0, 13.0, 14.0, 13.5 ] }
							},
							"children": [
								{
									"name": "L_leg16",
									"from": [ 0.2, 0.0, -0.095 ],
									"to": [ 0.45, 1.0, 0.555 ],
									"uv": [ 2.0, 0.0 ],
									"rotationOrigin": [ 0.5, 0.0, 0.0 ],
									"rotationZ": 53.0,
									"faces": {
										"north": { "texture": "#fieldmice", "uv": [ 2.0, 0.5, 2.5, 1.5 ] },
										"east": { "texture": "#fieldmice", "uv": [ 2.5, 0.5, 3.0, 1.5 ] },
										"south": { "texture": "#fieldmice", "uv": [ 3.0, 0.5, 3.5, 1.5 ] },
										"west": { "texture": "#fieldmice", "uv": [ 3.5, 0.5, 4.0, 1.5 ] },
										"up": { "texture": "#fieldmice", "uv": [ 2.0, 0.0, 2.5, 0.5 ] },
										"down": { "texture": "#fieldmice", "uv": [ 2.5, 0.0, 3.0, 0.5 ] }
									}
								}
							]
						}
					]
				}
			]
		}
	],
	"animations": [
		{
			"name": "Look",
			"code": "look",
			"quantityframes": 90,
			"onActivityStopped": "Rewind",
			"onAnimationEnd": "Repeat",
			"keyframes": [
				{
					"frame": 0,
					"elements": {
						"BoundingBox": { "offsetX": 0.0, "offsetY": 0.3, "offsetZ": 0.0 },
						"body": { "offsetX": -0.0, "offsetY": 0.0, "offsetZ": 0.0 },
						"Tail": { "rotationX": 0.0, "rotationY": 0.0, "rotationZ": 61.0 },
						"Face": { "offsetX": 0.5, "offsetY": -0.0, "offsetZ": 0.0, "rotationX": 0.0, "rotationY": 0.0, "rotationZ": 58.0 },
						"Neck2": { "rotationX": 0.0, "rotationY": 0.0, "rotationZ": 6.0 },
						"mouth": { "rotationX": 0.0, "rotationY": 0.0, "rotationZ": 0.0 },
						"R_leg14": { "offsetX": 0.0, "offsetY": -0.2, "offsetZ": 0.0, "rotationX": 0.0, "rotationY": 0.0, "rotationZ": 60.0 },
						"L_leg15": { "offsetX": 0.0, "offsetY": -0.2, "offsetZ": 0.0, "rotationX": 0.0, "rotationY": 0.0, "rotationZ": 60.0 },
						"RF thigh14": { "offsetX": -0.45, "offsetY": 0.5, "offsetZ": 0.0, "rotationX": 0.0, "rotationY": 0.0, "rotationZ": 69.0 },
						"R_leg15": { "rotationX": 0.0, "rotationY": 25.0, "rotationZ": 0.0 },
						"LF thigh15": { "offsetX": -0.45, "offsetY": 0.5, "offsetZ": 0.0, "rotationX": 0.0, "rotationY": 0.0, "rotationZ": 69.0 },
						"L_leg16": { "rotationX": 0.0, "rotationY": -25.0, "rotationZ": 0.0 }
					}
				},
				{
					"frame": 15,
					"elements": {
						"body": { "rotationX": 0.0, "rotationY": 0.0, "rotationZ": -64.0 },
						"Tail": { "rotationX": 0.0, "rotationY": 0.0, "rotationZ": 64.0 },
						"Face": { "offsetX": 0.5, "offsetY": -0.0, "offsetZ": 0.0 }
					}
				},
				{
					"frame": 25,
					"elements": {
						"body": { "rotationX": 0.0, "rotationY": 0.0, "rotationZ": -66.0 },
						"Tail": { "rotationX": 0.0, "rotationY": 0.0, "rotationZ": 64.0 },
						"Neck2": { "rotationX": 0.0, "rotationY": 0.0, "rotationZ": 0.0 },
						"mouth": { "rotationX": 0.0, "rotationY": 0.0, "rotationZ": 11.0 },
						"nose16": { "rotationX": 0.0, "rotationY": 0.0, "rotationZ": -8.0 }
					}
				}
			]
		},

		{
			"name": "Walk",
			"code": "walk",
			"quantityframes": 14,
			"onActivityStopped": "Rewind",
			"onAnimationEnd": "Repeat",
			"keyframes": [
				{
					"frame": 0,
					"elements": {
						"BoundingBox": { "offsetX": 0.0, "offsetY": -0.25, "offsetZ": 0.0 },
						"body": { "offsetX": 0.0, "offsetY": 0.0, "offsetZ": 0.0, "rotationX": 0.0, "rotationY": 0.0, "rotationZ": -11.0 },
						"Face": { "offsetX": 0.0, "offsetY": 0.0, "offsetZ": 0.0, "rotationX": 0.0, "rotationY": 0.0, "rotationZ": 8.0 },
						"R_ear": { "rotationX": 0.0, "rotationY": 0.0, "rotationZ": 0.0 },
						"R_ear16": { "rotationX": 0.0, "rotationY": 0.0, "rotationZ": 0.0 },
						"R thigh13": { "rotationX": 0.0, "rotationY": 0.0, "rotationZ": 0.0 },
						"R_leg14": { "rotationX": 0.0, "rotationY": 0.0, "rotationZ": -17.0 },
						"L thigh14": { "rotationX": 0.0, "rotationY": 0.0, "rotationZ": 0.0 },
						"L_leg15": { "rotationX": 0.0, "rotationY": 0.0, "rotationZ": -17.0 },
						"RF thigh14": { "offsetX": 0.0, "offsetY": 0.0, "offsetZ": 0.0, "rotationX": 0.0, "rotationY": 0.0, "rotationZ": 0.0 },
						"R_leg15": { "rotationX": 0.0, "rotationY": 0.0, "rotationZ": 17.0 },
						"LF thigh15": { "offsetX": 0.0, "offsetY": 0.0, "offsetZ": 0.0, "rotationX": 0.0, "rotationY": 0.0, "rotationZ": 0.0 },
						"L_leg16": { "rotationX": 0.0, "rotationY": 0.0, "rotationZ": 17.0 }
					}
				},
				{
					"frame": 3,
					"elements": {
						"BoundingBox": { "offsetX": 0.0, "offsetY": 0.75, "offsetZ": 0.0 },
						"body": { "offsetX": 0.0, "offsetY": 0.45, "offsetZ": 0.0, "rotationX": 0.0, "rotationY": 0.0, "rotationZ": -6.0 },
						"tail_tip": { "rotationX": 0.0, "rotationY": 0.0, "rotationZ": 0.0 },
						"LF thigh15": { "rotationX": 0.0, "rotationY": 0.0, "rotationZ": -36.0 },
						"RF thigh14": { "rotationX": 0.0, "rotationY": 0.0, "rotationZ": -36.0 }
					}
				},
				{
					"frame": 7,
					"elements": {
						"BoundingBox": { "offsetX": 0.0, "offsetY": 0.0, "offsetZ": 0.0 },
						"body": { "offsetX": 0.0, "offsetY": 1.0, "offsetZ": 0.0 },
						"tail_tip": { "rotationX": 0.0, "rotationY": 0.0, "rotationZ": 8.0 },
						"R thigh13": { "rotationX": 0.0, "rotationY": 0.0, "rotationZ": 39.0 },
						"R_leg14": { "rotationX": 0.0, "rotationY": 0.0, "rotationZ": 55.0 },
						"L thigh14": { "rotationX": 0.0, "rotationY": 0.0, "rotationZ": 39.0 },
						"L_leg15": { "rotationX": 0.0, "rotationY": 0.0, "rotationZ": 55.0 },
						"R_ear16": { "rotationX": 0.0, "rotationY": 0.0, "rotationZ": 11.0 },
						"R_ear": { "rotationX": 0.0, "rotationY": 0.0, "rotationZ": 11.0 },
						"LF thigh15": { "rotationX": 0.0, "rotationY": 0.0, "rotationZ": 0.0 },
						"RF thigh14": { "rotationX": 0.0, "rotationY": 0.0, "rotationZ": 0.0 }
					}
				},
				{
					"frame": 10,
					"elements": {
						"body": { "offsetX": 0.0, "offsetY": 1.0, "offsetZ": 0.0, "rotationX": 0.0, "rotationY": 0.0, "rotationZ": 22.0 },
						"Face": { "offsetX": -0.5, "offsetY": -0.5, "offsetZ": 0.0, "rotationX": 0.0, "rotationY": 0.0, "rotationZ": -33.0 },
						"RF thigh14": { "offsetX": -0.2, "offsetY": 0.0, "offsetZ": 0.0, "rotationX": 0.0, "rotationY": 0.0, "rotationZ": -17.0 },
						"R_leg15": { "rotationX": 0.0, "rotationY": 0.0, "rotationZ": -8.0 },
						"LF thigh15": { "offsetX": -0.2, "offsetY": 0.0, "offsetZ": 0.0, "rotationX": 0.0, "rotationY": 0.0, "rotationZ": -17.0 },
						"L_leg16": { "offsetX": 0.0, "offsetY": 0.0, "offsetZ": 0.0, "rotationX": 0.0, "rotationY": 0.0, "rotationZ": -8.0 }
					}
				}
			]
		},

		{
			"name": "Sleep",
			"code": "sleep",
			"quantityframes": 60,
			"onActivityStopped": "EaseOut",
			"onAnimationEnd": "Repeat",
			"keyframes": [
				{
					"frame": 0,
					"elements": {
						"body": { "offsetX": 0.0, "offsetY": -0.0, "offsetZ": 0.0, "rotationX": -86.0, "rotationY": 0.0, "rotationZ": 19.0 },
						"Tail": { "rotationX": -8.0, "rotationY": 0.0, "rotationZ": -33.0 },
						"LF thigh15": { "rotationX": 0.0, "rotationY": 0.0, "rotationZ": 50.0 }
					}
				},
				{
					"frame": 8,
					"elements": {
						"body": { "offsetX": 0.0, "offsetY": -0.0, "offsetZ": 0.0 },
						"Face": { "offsetX": 0.5, "offsetY": -0.5, "offsetZ": 0.0, "rotationX": 36.0, "rotationY": 33.0, "rotationZ": 50.0 }
					}
				},
				{
					"frame": 38,
					"elements": {
						"L thigh14": { "rotationX": 30.0, "rotationY": 0.0, "rotationZ": 0.0 },
						"R thigh13": { "rotationX": -30.0, "rotationY": 0.0, "rotationZ": 0.0 }
					}
				},
				{
					"frame": 40,
					"elements": {
						"body": { "offsetX": 0.0, "offsetY": 0.1, "offsetZ": 0.0 }
					}
				}
			]
		},

		{
			"name": "Roll",
			"code": "roll",
			"quantityframes": 90,
			"onActivityStopped": "Rewind",
			"onAnimationEnd": "Repeat",
			"keyframes": [

			]
		},

		{
			"name": "Death",
			"code": "death",
			"quantityframes": 30,
			"onActivityStopped": "PlayTillEnd",
			"onAnimationEnd": "Hold",
			"keyframes": [
				{
					"frame": 0,
					"elements": {
						"body": { "offsetX": 0.0, "offsetY": 0.0, "offsetZ": 0.0, "rotationX": 0.0, "rotationY": 0.0, "rotationZ": 0.0 },
						"Face": { "offsetX": 0.0, "offsetY": 0.0, "offsetZ": 0.0, "rotationX": 0.0, "rotationY": 0.0, "rotationZ": 0.0 }
					}
				},
				{
					"frame": 10,
					"elements": {
						"body": { "offsetX": 0.0, "offsetY": -0.55, "offsetZ": 1.0, "rotationX": -86.0, "rotationY": 0.0, "rotationZ": -17.0 },
						"Face": { "offsetX": 0.0, "offsetY": 0.0, "offsetZ": 0.0, "rotationX": 28.0, "rotationY": -11.0, "rotationZ": 14.0 }
					}
				},
				{
					"frame": 29,
					"elements": {
						"body": { "offsetX": 0.0, "offsetY": -0.55, "offsetZ": 1.0, "rotationX": -86.0, "rotationY": 0.0, "rotationZ": -17.0 },
						"Face": { "offsetX": 0.0, "offsetY": 0.0, "offsetZ": 0.0, "rotationX": 28.0, "rotationY": -11.0, "rotationZ": 14.0 },
						"LF thigh15": { "rotationX": 0.0, "rotationY": 0.0, "rotationZ": 25.0 }
					}
				}
			]
		},

		{
			"name": "Hurt",
			"code": "hurt",
			"quantityframes": 30,
			"onActivityStopped": "PlayTillEnd",
			"onAnimationEnd": "Stop",
			"keyframes": [
				{
					"frame": 0,
					"elements": {
						"body": { "offsetX": 0.0, "offsetY": -0.5, "offsetZ": 0.0, "rotationX": 14.0, "rotationY": 0.0, "rotationZ": -22.0 },
						"tail_tip": { "rotationX": 0.0, "rotationY": 0.0, "rotationZ": 0.0 },
						"Face": { "rotationX": 0.0, "rotationY": 0.0, "rotationZ": 11.0 }
					}
				},
				{
					"frame": 5,
					"elements": {
						"body": { "offsetX": 0.0, "offsetY": 0.0, "offsetZ": 0.0, "rotationX": 0.0, "rotationY": 0.0, "rotationZ": 5.0 },
						"tail_tip": { "rotationX": -19.0, "rotationY": 0.0, "rotationZ": 0.0 }
					}
				},
				{
					"frame": 10,
					"elements": {
						"body": { "offsetX": 0.0, "offsetY": 0.0, "offsetZ": 0.0, "rotationX": -22.0, "rotationY": 0.0, "rotationZ": 0.0 },
						"tail_tip": { "rotationX": 11.0, "rotationY": 0.0, "rotationZ": 0.0 },
						"Face": { "rotationX": 0.0, "rotationY": 0.0, "rotationZ": 0.0 }
					}
				},
				{
					"frame": 20,
					"elements": {
						"body": { "offsetX": 0.0, "offsetY": 0.0, "offsetZ": 0.0 },
						"tail_tip": { "offsetX": 0.0, "offsetY": 0.0, "offsetZ": 0.0, "rotationX": 0.0, "rotationY": 0.0, "rotationZ": 0.0 }
					}
				}
			]
		},

		{
			"name": "Attack",
			"code": "attack",
			"quantityframes": 30,
			"onActivityStopped": "PlayTillEnd",
			"onAnimationEnd": "Stop",
			"keyframes": [
				{
					"frame": 0,
					"elements": {
						"Face": { "offsetX": 0.0, "offsetY": 0.0, "offsetZ": 0.0, "rotationX": 0.0, "rotationY": 0.0, "rotationZ": 6.0 }
					}
				},
				{
					"frame": 10,
					"elements": {
						"Face": { "offsetX": 0.0, "offsetY": 0.0, "offsetZ": 0.0, "rotationX": 0.0, "rotationY": 0.0, "rotationZ": 0.0 }
					}
				}
			]
		},

		{
			"name": "Idle",
			"code": "Idle",
			"quantityframes": 30,
			"onActivityStopped": "Rewind",
			"onAnimationEnd": "Repeat",
			"keyframes": [
				{
					"frame": 0,
					"elements": {
						"Face": { "offsetX": 0.0, "offsetY": 0.0, "offsetZ": 0.0, "rotationX": 0.0, "rotationY": 0.0, "rotationZ": 0.0 },
						"Tail": { "rotationX": 0.0, "rotationY": 0.0, "rotationZ": 3.0 }
					}
				},
				{
					"frame": 15,
					"elements": {
						"Face": { "offsetX": 0.0, "offsetY": 0.0, "offsetZ": 0.0, "rotationX": 0.0, "rotationY": 0.0, "rotationZ": 6.0 },
						"Tail": { "rotationX": 0.0, "rotationY": 0.0, "rotationZ": 0.0 }
					}
				}
			]
		}
	]
}