{
    "GameVersion": "1.19.7",
    "SizeX": 4,
    "SizeY": 6,
    "SizeZ": 3,
    "BlockCodes": {
        "9699": "game:supportbeam-veryaged",
        "2966": "game:cobblestone-granite",
        "3240": "game:stonepath-free",
        "16414": "game:rocktyped-rubble-free",
        "6541": "game:woodenfence-aged-empty-free"
    },
    "ItemCodes": {},
    "Indices": [
        0,
        1024,
        1048576,
        1049600,
        2097152,
        2098176,
        1,
        1025,
        1048577,
        1049601,
        1050625,
        2097153,
        2098177,
        2099201,
        3146753,
        2,
        1026,
        1048578,
        1049602,
        1050626,
        2097154,
        2098178,
        2099202,
        3145730,
        4194306,
        5242882,
        3,
        1027,
        1048579,
        1049603,
        1050627,
        2097155,
        2098179,
        2099203
    ],
    "BlockIds": [
        2966,
        2966,
        2966,
        2966,
        3240,
        3240,
        2966,
        2966,
        2966,
        2966,
        2966,
        2966,
        3240,
        3240,
        16414,
        2966,
        2966,
        2966,
        2966,
        2966,
        2966,
        3240,
        3240,
        9699,
        6541,
        6541,
        2966,
        2966,
        2966,
        2966,
        2966,
        2966,
        3240,
        3240
    ],
    "DecorIndices": [],
    "DecorIds": [],
    "BlockEntities": {
        "3146753": "!<d@[F*OM*#64c-E,TfCC]FG8!<d@[F*`,Z#64o6@VfsmCI<#NAJK6(@r$13E+NQ3Ecki#Ch521Eb/ec\"E\\p.AJT</@Ua.b/R`^6Cgh?=/SB*4DJ=3(\":&scFCB9&=9&=$!!EUFATMNNDJ*csjNA=S\":&scFCB9&=o\\O&!!rsADes6$@ru9m!!E[MAT2'lE`7'gFCbFP!!!!",
        "3145730": "!<d@[F*OP+#64c-E,TfCC]FG8!<d@[F*`)Y#64o6@VfsmCI<#NAJB3.E,]`9FCJfiD(TpBEd;)+ARl&M@V&tbF!L_m+pnYd!!!!`*<6'>58\"J9!!!!`'`\\465TKh)!'_=\\9-=?;"
    },
    "Entities": [],
    "ReplaceMode": 2,
    "EntranceRotation": -1
}