{
    "GameVersion": "1.19.7",
    "SizeX": 22,
    "SizeY": 9,
    "SizeZ": 17,
    "BlockCodes": {
        "9699": "game:supportbeam-veryaged",
        "2966": "game:cobblestone-granite",
        "9493": "game:agedstonebricks-granite",
        "3240": "game:stonepath-free",
        "3023": "game:cobblestonestairs-granite-up-east-free",
        "2852": "game:cobblestoneslab-granite-down-free",
        "2757": "game:cobblestoneslab-granite-north-free",
        "16414": "game:rocktyped-rubble-free",
        "2985": "game:cobblestonestairs-granite-up-north-free",
        "2795": "game:cobblestoneslab-granite-south-free",
        "3242": "game:stonepathslab-free",
        "6567": "game:woodenfence-aged-e-free",
        "6593": "game:woodenfence-aged-w-free",
        "3061": "game:cobblestonestairs-granite-up-south-free",
        "4154": "game:drystone-granite",
        "3246": "game:stonepathstairs-up-south-free",
        "6541": "game:woodenfence-aged-empty-free",
        "8606": "game:clutter",
        "6580": "game:woodenfence-aged-s-free",
        "6619": "game:woodenfence-aged-ns-free",
        "6606": "game:woodenfence-aged-ne-free",
        "6671": "game:woodenfence-aged-sw-free",
        "3247": "game:stonepathstairs-up-west-free",
        "9448": "game:attachingplant-spottymoss"
    },
    "ItemCodes": {},
    "Indices": [
        4096,
        5120,
        6144,
        7168,
        8192,
        9216,
        10240,
        11264,
        12288,
        13312,
        1052672,
        1053696,
        1054720,
        1055744,
        1056768,
        1057792,
        1058816,
        1059840,
        1060864,
        1061888,
        2101248,
        2102272,
        2103296,
        2104320,
        2105344,
        2106368,
        2107392,
        2108416,
        2109440,
        2110464,
        3151872,
        3152896,
        4097,
        14337,
        1052673,
        1062913,
        2101249,
        2102273,
        2103297,
        2104321,
        2105345,
        2106369,
        2107393,
        2108417,
        2109441,
        2110465,
        2111489,
        3150849,
        3153921,
        3159041,
        4199425,
        4098,
        14338,
        1052674,
        1062914,
        2101250,
        2102274,
        2103298,
        2104322,
        2105346,
        2106370,
        2107394,
        2108418,
        2109442,
        2110466,
        2111490,
        3150850,
        3152898,
        3153922,
        3158018,
        3159042,
        4207618,
        5123,
        14339,
        1053699,
        1062915,
        2102275,
        2103299,
        2104323,
        2105347,
        2106371,
        2107395,
        2108419,
        2109443,
        2110467,
        2111491,
        3151875,
        3152899,
        3159043,
        4200451,
        4207619,
        5256195,
        6148,
        14340,
        1054724,
        1062916,
        2103300,
        2104324,
        2105348,
        2106372,
        2107396,
        2108420,
        2109444,
        2110468,
        2111492,
        3152900,
        3159044,
        4201476,
        4207620,
        5256196,
        6149,
        14341,
        1054725,
        1062917,
        2103301,
        2104325,
        2105349,
        2106373,
        2107397,
        2108421,
        2109445,
        2110469,
        2111493,
        3152901,
        3153925,
        3154949,
        3158021,
        3159045,
        3160069,
        4201477,
        4207621,
        5256197,
        6150,
        15366,
        1054726,
        1063942,
        2103302,
        2107398,
        2108422,
        2109446,
        2110470,
        2111494,
        2112518,
        3152902,
        3153926,
        3154950,
        3155974,
        3156998,
        3158022,
        3159046,
        3160070,
        4201478,
        4205574,
        4206598,
        4207622,
        5256198,
        6304774,
        7353350,
        5127,
        16391,
        1053703,
        1064967,
        2102279,
        2103303,
        2106375,
        2108423,
        2109447,
        2110471,
        2111495,
        2112519,
        2113543,
        3152903,
        3153927,
        3154951,
        3155975,
        3156999,
        3158023,
        3159047,
        3160071,
        3161095,
        4201479,
        4205575,
        4206599,
        4207623,
        5254151,
        5255175,
        5256199,
        6303751,
        6304775,
        7353351,
        1032,
        2056,
        3080,
        4104,
        15368,
        1049608,
        1050632,
        1051656,
        1052680,
        1063944,
        2098184,
        2099208,
        2100232,
        2101256,
        2102280,
        2103304,
        2110472,
        2111496,
        2112520,
        3150856,
        3151880,
        3152904,
        3153928,
        3154952,
        3155976,
        3157000,
        3158024,
        3159048,
        3160072,
        4199432,
        4205576,
        4206600,
        4207624,
        5256200,
        6304776,
        7353352,
        8401928,
        9,
        14345,
        1048585,
        1062921,
        2097161,
        2098185,
        2099209,
        2100233,
        2101257,
        2102281,
        2103305,
        2110473,
        2111497,
        3146761,
        3147785,
        3148809,
        3149833,
        3150857,
        3151881,
        3152905,
        3153929,
        3154953,
        3155977,
        3157001,
        3158025,
        3159049,
        4206601,
        4207625,
        5255177,
        5256201,
        6304777,
        7353353,
        10,
        14346,
        1048586,
        1062922,
        2097162,
        2098186,
        2110474,
        2111498,
        3146762,
        3147786,
        3148810,
        3149834,
        3150858,
        3151882,
        3152906,
        3153930,
        3154954,
        3155978,
        3157002,
        3158026,
        3159050,
        4205578,
        4207626,
        5256202,
        6304778,
        11,
        14347,
        1048587,
        1062923,
        2097163,
        2098187,
        2110475,
        2111499,
        3146763,
        3147787,
        3148811,
        3149835,
        3150859,
        3151883,
        3152907,
        3153931,
        3154955,
        3155979,
        3157003,
        3158027,
        3159051,
        4205579,
        4207627,
        5256203,
        6304779,
        7353355,
        12,
        15372,
        1048588,
        1063948,
        2097164,
        2098188,
        2110476,
        2111500,
        2112524,
        3146764,
        3147788,
        3148812,
        3149836,
        3150860,
        3151884,
        3152908,
        3153932,
        3154956,
        3155980,
        3157004,
        3158028,
        3159052,
        3160076,
        4198412,
        4204556,
        4205580,
        4207628,
        5256204,
        6304780,
        7353356,
        13,
        14349,
        1048589,
        1062925,
        2097165,
        2098189,
        2099213,
        2100237,
        2110477,
        2111501,
        3146765,
        3147789,
        3148813,
        3149837,
        3150861,
        3151885,
        3152909,
        3153933,
        3154957,
        3155981,
        3157005,
        3158029,
        3159053,
        4195341,
        4196365,
        4197389,
        4198413,
        4203533,
        4205581,
        4206605,
        4207629,
        5246989,
        5255181,
        5256205,
        6295565,
        6304781,
        7344141,
        7353357,
        8401933,
        1038,
        2062,
        3086,
        14350,
        1049614,
        1050638,
        1051662,
        1062926,
        2098190,
        2099214,
        2100238,
        2101262,
        2102286,
        2107406,
        2108430,
        2109454,
        2110478,
        2111502,
        3149838,
        3150862,
        3151886,
        3152910,
        3153934,
        3154958,
        3155982,
        3157006,
        3158030,
        3159054,
        4198414,
        4199438,
        4204558,
        4205582,
        4206606,
        4207630,
        5254158,
        5255182,
        5256206,
        6304782,
        7353358,
        4111,
        13327,
        1052687,
        1061903,
        2101263,
        2102287,
        2108431,
        2109455,
        2110479,
        3150863,
        3151887,
        3152911,
        3153935,
        3154959,
        3155983,
        3157007,
        3158031,
        3159055,
        4199439,
        4204559,
        4205583,
        4206607,
        4207631,
        5254159,
        5255183,
        5256207,
        6302735,
        6303759,
        6304783,
        5136,
        13328,
        1053712,
        1061904,
        2102288,
        2103312,
        2105360,
        2110480,
        3150864,
        3151888,
        3152912,
        3153936,
        3154960,
        3155984,
        3157008,
        3158032,
        3159056,
        4204560,
        4206608,
        5254160,
        6302736,
        5137,
        13329,
        1053713,
        1061905,
        2102289,
        2103313,
        2110481,
        3150865,
        3151889,
        3152913,
        3153937,
        3154961,
        3155985,
        3158033,
        4199441,
        4200465,
        4204561,
        4205585,
        5253137,
        6301713,
        4114,
        13330,
        1052690,
        1061906,
        2101266,
        2102290,
        2103314,
        2109458,
        2110482,
        3150866,
        3151890,
        3152914,
        3153938,
        3154962,
        3155986,
        3158034,
        4199442,
        4204562,
        4205586,
        5248018,
        5253138,
        6301714,
        4115,
        12307,
        1052691,
        1060883,
        2101267,
        2102291,
        2103315,
        2108435,
        2109459,
        3149843,
        3150867,
        3151891,
        3152915,
        3153939,
        3154963,
        3155987,
        3157011,
        4199443,
        4200467,
        4204563,
        4205587,
        5248019,
        5253139,
        4116,
        12308,
        1052692,
        1060884,
        2101268,
        2102292,
        2103316,
        2104340,
        2105364,
        2106388,
        2107412,
        2108436,
        2109460,
        3150868,
        3151892,
        3152916,
        3153940,
        3154964,
        3155988,
        3157012,
        4200468,
        4204564,
        4205588,
        5249044,
        5254164,
        6297620,
        6302740,
        5141,
        6165,
        7189,
        8213,
        9237,
        10261,
        11285,
        12309,
        1053717,
        1054741,
        1055765,
        1056789,
        1057813,
        1058837,
        1059861,
        1060885,
        2102293,
        2103317,
        2104341,
        2105365,
        2106389,
        2107413,
        2108437,
        2109461,
        3151893,
        3155989,
        3157013,
        4200469,
        4205589
    ],
    "BlockIds": [
        2966,
        2966,
        2966,
        2966,
        2966,
        2966,
        2966,
        2966,
        2966,
        2966,
        2966,
        2966,
        2966,
        2966,
        2966,
        2966,
        2966,
        2966,
        2966,
        2966,
        2966,
        2966,
        9493,
        9493,
        9493,
        3240,
        3240,
        3240,
        2966,
        2966,
        3023,
        2852,
        2966,
        2966,
        2966,
        2966,
        2966,
        9493,
        9493,
        9493,
        9493,
        3240,
        3240,
        3240,
        2966,
        2966,
        9493,
        9493,
        2757,
        9493,
        2852,
        2966,
        2966,
        2966,
        2966,
        2966,
        9493,
        9493,
        9493,
        2966,
        3240,
        3240,
        3240,
        2966,
        2966,
        9493,
        2966,
        16414,
        2985,
        16414,
        2966,
        2852,
        2966,
        2966,
        2966,
        2966,
        9493,
        2966,
        2966,
        3240,
        3240,
        3240,
        3240,
        2966,
        2966,
        9493,
        2966,
        9493,
        9493,
        16414,
        2966,
        16414,
        2966,
        2966,
        2966,
        2966,
        9493,
        9493,
        3240,
        3240,
        3240,
        3240,
        2966,
        2966,
        9493,
        9493,
        9493,
        2852,
        9493,
        2795,
        2966,
        2966,
        2966,
        2966,
        9493,
        9493,
        2966,
        2966,
        3240,
        2966,
        2966,
        9493,
        9493,
        2966,
        3242,
        3242,
        2852,
        9493,
        9493,
        6567,
        2966,
        2966,
        2966,
        2966,
        2966,
        2966,
        2966,
        2966,
        2966,
        2966,
        9493,
        9493,
        2966,
        2966,
        3242,
        3242,
        3242,
        2966,
        2966,
        9493,
        9493,
        6593,
        3061,
        9493,
        2966,
        9493,
        2966,
        16414,
        2966,
        2966,
        2966,
        2966,
        9493,
        2966,
        9493,
        2966,
        9493,
        2966,
        2966,
        2966,
        2966,
        2966,
        3242,
        3242,
        3242,
        9493,
        9493,
        9493,
        9493,
        2966,
        2852,
        9493,
        9493,
        9493,
        2852,
        9493,
        9493,
        16414,
        2966,
        2852,
        2966,
        2966,
        2966,
        2966,
        2966,
        2966,
        2966,
        2966,
        2966,
        2966,
        2966,
        9493,
        9493,
        9493,
        9493,
        2966,
        2966,
        2966,
        2966,
        2966,
        2966,
        3240,
        3240,
        3242,
        3242,
        2966,
        9493,
        2966,
        2966,
        16414,
        3061,
        2966,
        2966,
        2966,
        4154,
        4154,
        2852,
        2966,
        2966,
        2966,
        2966,
        2966,
        2966,
        2966,
        9493,
        9493,
        2966,
        2966,
        2966,
        2966,
        2966,
        9493,
        9493,
        2966,
        2966,
        3240,
        3240,
        3240,
        3240,
        3240,
        9493,
        9493,
        2966,
        2966,
        2966,
        16414,
        2966,
        2966,
        3061,
        2966,
        2966,
        2966,
        2966,
        3240,
        9493,
        2966,
        2966,
        3246,
        3240,
        3240,
        3240,
        3240,
        3240,
        3240,
        3240,
        3240,
        3240,
        9493,
        9493,
        2966,
        6541,
        9493,
        9493,
        3061,
        2966,
        2966,
        2966,
        2966,
        3240,
        9493,
        2966,
        9493,
        3246,
        3240,
        3240,
        3240,
        3240,
        3240,
        3240,
        3240,
        3240,
        3240,
        9493,
        9493,
        2966,
        9699,
        9493,
        9493,
        2966,
        2852,
        2966,
        2966,
        2966,
        2966,
        3240,
        9493,
        2966,
        9493,
        2966,
        3246,
        3240,
        3240,
        3240,
        3240,
        3240,
        3240,
        3240,
        3240,
        3240,
        2966,
        9493,
        2966,
        2966,
        9699,
        8606,
        2852,
        9493,
        9493,
        9493,
        2966,
        2966,
        2966,
        2966,
        2966,
        2966,
        2966,
        9493,
        9493,
        2966,
        2966,
        2966,
        9493,
        9493,
        3240,
        3240,
        3240,
        3240,
        3240,
        3240,
        3240,
        2966,
        2966,
        2966,
        6580,
        6619,
        6619,
        6606,
        8606,
        3061,
        2966,
        9493,
        6541,
        16414,
        9493,
        6541,
        9493,
        8606,
        4154,
        2852,
        2966,
        2966,
        2966,
        2966,
        2966,
        2966,
        2966,
        2966,
        9493,
        9493,
        2966,
        2966,
        2966,
        9493,
        9493,
        9493,
        2966,
        9493,
        2966,
        2966,
        3240,
        3240,
        3240,
        3240,
        9493,
        9493,
        2966,
        2966,
        6671,
        6606,
        9493,
        2966,
        2966,
        2966,
        2795,
        9493,
        9493,
        9493,
        3061,
        2966,
        2966,
        2966,
        2966,
        2966,
        2966,
        9493,
        9493,
        2966,
        9493,
        3240,
        3240,
        3240,
        3240,
        9493,
        2966,
        9493,
        2966,
        6593,
        16414,
        9493,
        9493,
        2966,
        9493,
        9493,
        9493,
        4154,
        16414,
        9493,
        2966,
        2966,
        2966,
        2966,
        9493,
        9493,
        9493,
        2966,
        9493,
        9493,
        3240,
        3240,
        3240,
        2966,
        9493,
        9493,
        2966,
        2966,
        9493,
        4154,
        3061,
        2966,
        2966,
        2966,
        2966,
        9493,
        9493,
        2966,
        9493,
        9493,
        3240,
        3240,
        3240,
        2966,
        9493,
        2985,
        16414,
        2966,
        9493,
        2966,
        16414,
        2966,
        2966,
        2966,
        2966,
        9493,
        9493,
        9493,
        9493,
        2966,
        9493,
        9493,
        3240,
        3240,
        3240,
        9493,
        9493,
        2966,
        9493,
        9493,
        2852,
        9493,
        2852,
        2966,
        2966,
        2966,
        2966,
        2966,
        9493,
        9493,
        9493,
        9493,
        2966,
        9493,
        2966,
        3240,
        3240,
        3240,
        2966,
        2966,
        2966,
        3023,
        9493,
        9493,
        2966,
        3061,
        2966,
        2966,
        2966,
        2966,
        2966,
        2966,
        9493,
        9493,
        9493,
        9493,
        9493,
        9493,
        9493,
        2966,
        9493,
        3247,
        3247,
        3247,
        9493,
        2966,
        9493,
        9493,
        2966,
        2966,
        2966,
        16414,
        16414,
        2966,
        2966,
        2966,
        2966,
        2966,
        2966,
        2966,
        2966,
        2966,
        2966,
        2966,
        2966,
        2966,
        2966,
        2966,
        2966,
        9493,
        9493,
        3240,
        3240,
        3240,
        9493,
        9493,
        9493,
        2966,
        9493,
        2966,
        9493,
        2966
    ],
    "DecorIndices": [
        3152899
    ],
    "DecorIds": [
        33563880
    ],
    "BlockEntities": {
        "3152898": "!<d@[F*Kpo#64c-E,TfCC]FG8!<d@[F*_uV#64o6@VfsmCI<#NAJK6(@r$13E+NQ3Ecki#Ch521Eb/ec\"E\\p.AJT</@Ua.b/R`^6Cgh?=/SB*4DJ=3(\":&scFCB9&=9&=$!!EUFATMNNDJ*csjNEk(\":&scFCB9&=o\\O&!!rsADes6$@ru9m!!E[MAT2'lE`7'gFCbFP!!!!",
        "3158018": "!<d@[F*Kpo#64c-E,TfCC]FG8!<d@[F*`/[#64o6@VfsmCI<#NAJK6(@r$13E+NQ3Ecki#Ch521Eb/ec\"E\\p.AJT</@Ua.b/R`^6Cgh?>/SB*4DJ=3(\":&scFCB9&=9&=$!!EUFATMNNDJ*csgCHlk\":&scFCB9&=o\\O&!!rsADes6$@ru9m!!E[MAT2'lE`7'gFCbFP!!!!",
        "4200451": "!<d@[F*Ksp#64c-E,TfCD#aP9!<d@[F*_rU#64o6@VfsmCI<#NAJK6(@r$13E+NQ3Ecki#Ch521Eb/ec\"E\\p.AJT</@Ua.b/R`^6Cgh?>/SB*4DJ=3(\":&scFCB9&=9&=$!!EUFATMNNDJ*csjNEk(\":&scFCB9&=o\\O&!!rsADes6$@ru9m!!E[MAT2'lE`7'gFCbFP!!!!",
        "5256195": "!<d@[F*Ksp#64c-E,TfCD?'Y:!<d@[F*`2\\#64o6@VfsmCI<#NAJK6(@r$13E+NQ3Ecki#Ch521Eb/ec\"E\\p.AJT</@Ua.b/R`^6Cgh??/SB*4DJ=3(\":&scFCB9&=9&=$!!EUFATMNNDJ*csjNA=S\":&scFCB9&=o\\O&!!rsADes6$@ru9m!!E[MAT2'lE`7'gFCbFP!!!!",
        "7353350": "!<d@[F*L's#64c-E,TfCDu]k<!<d@[F*`2\\#64o6@VfsmCI<#NAJK6(@r$13E+NQ3Ecki#Ch521Eb/ec\"E\\p.AJT</@Ua.b/R`^6Cgh?@/SB*4DJ=3(\":&scFCB9&=9&=$!!EUFATMNNDJ*csdSp%X\":&scFCB9&=o\\O&!!rsADes6$@ru9m!!E[MAT2'lE`7'gFCbFP!!!!",
        "6303751": "!<d@[F*L*t#64c-E,TfCDZBb;!<d@[F*`/[#64o6@VfsmCI<#NAJK6(@r$13E+NQ3Ecki#Ch521Eb/ec\"E\\p.AJT</@Ua.b/R`^6Cgh?@/SB*4DJ=3(\":&scFCB9&=9&=$!!EUFATMNNDJ*csjNA=S\":&scFCB9&=o\\O&!!rsADes6$@ru9m!!E[MAT2'lE`7'gFCbFP!!!!",
        "4199432": "!<d@[F*L-u#64c-E,TfCD#aP9!<d@[F*_oT#64o6@VfsmCI<#NAJK6(@r$13E+NQ3Ecki#Ch521Eb/ec\"E\\p.AJT</@Ua.b/R`^6Cgh?=/SB*4DJ=3(\":&scFCB9&=9&=$!!EUFATMNNDJ*csgCMCj\":&scFCB9&=o\\O&!!rsADes6$@ru9m!!E[MAT2'lE`7'gFCbFP!!!!",
        "5255177": "!<d@[F*L1!#64c-E,TfCD?'Y:!<d@[F*`/[#64o6@VfsmCI<#NAJK6(@r$13E+NQ3Ecki#Ch521Eb/ec\"E\\p.AJT</@Ua.b/R`^6Cgh??/SB*4DJ=3(\":&scFCB9&=9&=$!!EUFATMNNDJ*csi9`25\":&scFCB9&=o\\O&!!rsADes6$@ru9m!!E[MAT2'lE`7'gFCbFP!!!!",
        "4205579": "!<d@[F*L7##64c-E,TfCD#aP9!<d@[F*`,Z#64o6@VfsmCI<#NAJB3.E,]`9FCJfiD(TpBEd;)+ARl&M@V&tbEuG#c(^^6U%h/L=TKa0=n>3H3!!&\\,(un73\"98",
        "4198412": "!<d@[F*L:$#64c-E,TfCD#aP9!<d@[F*_lS#64o6@VfsmCI<#NAJB3.E,]`9FCJfiD(TpBEd;)+ARl&M@V&tbF!L_m+pnYd!!'f!*<6'>58\"J9!!'f!'`\\465TKh)!'_=\\9-=<:",
        "4204556": "!<d@[F*L:$#64c-E,TfCD#aP9!<d@[F*`)Y#64o6@VfsmCI<#NAHu^]F`__:EWlSfH#R='Ecki#Ch52BDf9/@\":&scFCB9&=9&=$!!EUFATMNNDJ*csdSp$-\":&scFCB9&=o\\O&!!rsADes6$@ru9m!!E[MAT2'lE`7'gFCbFP!!!!",
        "4203533": "!<d@[F*L=%#64c-E,TfCD#aP9!<d@[F*`&X#64o6@VfsmCI<#NAHu^]F`__:EWlSfH#R=*Cgh4'ATDZAB6%p5DIbO+#BFa)@<?'_z\":8pVF(djWB5D/?b8.kr#BFa)@<?'az#mk*[Ci!ZmFCet_\":K6]E+*I$;flGiAH2]1!!!",
        "5255181": "!<d@[F*L=%#64c-E,TfCD?'Y:!<d@[F*`/[#64o6@VfsmCI<#NAJK6(@r$13E+NQ3Ecki#Ch521Eb/ec\"E\\p.AJT</@Ua.b/R`^6Cgh??/SB*4DJ=3(\":&scFCB9&=9&=$!!EUFATMNNDJ*csjNA=S\":&scFCB9&=o\\O&!!rsADes6$@ru9m!!E[MAT2'lE`7'gFCbFP!!!!",
        "7344141": "!<d@[F*L=%#64c-E,TfCDu]k<!<d@[F*_lS#64o6@VfsmCI<#NAHu^]F`__:EWlSfH#R=*Cgh4'ATDZAB6%p5DIbI)#BFa)@<?'_z\":8pVF(djWB5D/;m4Z6X#BFa)@<?'az#mk*[Ci!ZmFCet_\":K6]E+*I$;flGiAH2]1!!!",
        "4204559": "!<d@[F*LC'#64c-E,TfCD#aP9!<d@[F*`)Y#64o6@VfsmCI<#NAJK6(@r$13E+NQ3Ecki#Ch521Eb/ec\"E\\p.AJT</@Ua.b/R`^6Cgh??/SB*4DJ=3(\":&scFCB9&=9&=$!!EUFATMNNDJ*csgCHlk\":&scFCB9&=o\\O&!!rsADes6$@ru9m!!E[MAT2'lE`7'gFCbFP!!!!",
        "6303759": "!<d@[F*LC'#64c-E,TfCDZBb;!<d@[F*`/[#64o6@VfsmCI<#NAJK6(@r$13E+NQ3Ecki#Ch521Eb/ec\"E\\p.AJT</@Ua.b/R`^6Cgh?>/SB*4DJ=3(\":&scFCB9&=9&=$!!EUFATMNNDJ*csjNA=S\":&scFCB9&=o\\O&!!rsADes6$@ru9m!!E[MAT2'lE`7'gFCbFP!!!!",
        "4200465": "!<d@[F*LI)#64c-E,TfCD#aP9!<d@[F*_rU#64o6@VfsmCI<#NAJK6(@r$13E+NQ3Ecki#Ch521Eb/ec\"E\\p.AJT</@Ua.b/R`^6Cgh?@/SB*4DJ=3(\":&scFCB9&=9&=$!!EUFATMNNDJ*csi9`25\":&scFCB9&=o\\O&!!rsADes6$@ru9m!!E[MAT2'lE`7'gFCbFP!!!!",
        "6301713": "!<d@[F*LI)#64c-E,TfCDZBb;!<d@[F*`)Y#64o6@VfsmCI<#NAJK6(@r$13E+NQ3Ecki#Ch521Eb/ec\"E\\p.AJT</@Ua.b/R`^6Cgh?>/SB*4DJ=3(\":&scFCB9&=9&=$!!EUFATMNNDJ*csjNA=S\":&scFCB9&=o\\O&!!rsADes6$@ru9m!!E[MAT2'lE`7'gFCbFP!!!!",
        "6297620": "!<d@[F*LR,#64c-E,TfCDZBb;!<d@[F*_rU#64o6@VfsmCI<#NAJK6(@r$13E+NQ3Ecki#Ch521Eb/ec\"E\\p.AJT</@Ua.b/R`^6Cgh?>/SB*4DJ=3(\":&scFCB9&=9&=$!!EUFATMNNDJ*csjNA=S\":&scFCB9&=o\\O&!!rsADes6$@ru9m!!E[MAT2'lE`7'gFCbFP!!!!",
        "6302740": "!<d@[F*LR,#64c-E,TfCDZBb;!<d@[F*`,Z#64o6@VfsmCI<#NAJK6(@r$13E+NQ3Ecki#Ch521Eb/ec\"E\\p.AJT</@Ua.b/R`^6Cgh?>/SB*4DJ=3(\":&scFCB9&=9&=$!!EUFATMNNDJ*csi9`25\":&scFCB9&=o\\O&!!rsADes6$@ru9m!!E[MAT2'lE`7'gFCbFP!!!!"
    },
    "Entities": [],
    "ReplaceMode": 2,
    "EntranceRotation": -1
}