{
    "GameVersion": "1.19.7",
    "SizeX": 9,
    "SizeY": 6,
    "SizeZ": 10,
    "BlockCodes": {
        "9699": "game:supportbeam-veryaged",
        "2966": "game:cobblestone-granite",
        "3240": "game:stonepath-free",
        "9493": "game:agedstonebricks-granite",
        "6567": "game:woodenfence-aged-e-free",
        "16414": "game:rocktyped-rubble-free",
        "6593": "game:woodenfence-aged-w-free",
        "6580": "game:woodenfence-aged-s-free",
        "6541": "game:woodenfence-aged-empty-free",
        "8606": "game:clutter",
        "6658": "game:woodenfence-aged-ew-free",
        "6619": "game:woodenfence-aged-ns-free"
    },
    "ItemCodes": {},
    "Indices": [
        8192,
        9216,
        1056768,
        1057792,
        2105344,
        2106368,
        3154944,
        7169,
        9217,
        1055745,
        1057793,
        2104321,
        2105345,
        2106369,
        3154945,
        6146,
        9218,
        1054722,
        1057794,
        2103298,
        2104322,
        2105346,
        2106370,
        3153922,
        3154946,
        5123,
        6147,
        8195,
        1053699,
        1054723,
        1056771,
        2102275,
        2103299,
        2104323,
        2105347,
        3150851,
        3076,
        4100,
        9220,
        1051652,
        1052676,
        1057796,
        2100228,
        2101252,
        2102276,
        2103300,
        2104324,
        2105348,
        2106372,
        3148804,
        3149828,
        3154948,
        4197380,
        4198404,
        5245956,
        1029,
        2053,
        9221,
        1049605,
        1050629,
        1057797,
        2098181,
        2099205,
        2100229,
        2101253,
        2102277,
        2103301,
        2104325,
        2105349,
        2106373,
        3148805,
        3153925,
        3154949,
        6,
        1030,
        9222,
        1048582,
        1049606,
        1057798,
        2097158,
        2098182,
        2099206,
        2100230,
        2101254,
        2102278,
        2103302,
        2104326,
        2105350,
        2106374,
        3154950,
        2055,
        8199,
        1050631,
        1056775,
        2099207,
        2100231,
        2101255,
        2102279,
        2103303,
        2104327,
        2105351,
        3150855,
        3151879,
        3153927,
        1032,
        2056,
        3080,
        4104,
        5128,
        6152,
        7176,
        1049608,
        1050632,
        1051656,
        1052680,
        1053704,
        1054728,
        1055752,
        2098184,
        2099208,
        2100232,
        2101256,
        2102280,
        2103304,
        2104328,
        3146760,
        3147784,
        3149832,
        3150856,
        3151880,
        3152904,
        4196360
    ],
    "BlockIds": [
        2966,
        2966,
        2966,
        2966,
        3240,
        9493,
        6567,
        2966,
        2966,
        2966,
        2966,
        3240,
        3240,
        9493,
        9493,
        2966,
        2966,
        2966,
        2966,
        3240,
        3240,
        3240,
        9493,
        16414,
        6593,
        2966,
        2966,
        2966,
        2966,
        2966,
        2966,
        9493,
        3240,
        3240,
        3240,
        9493,
        2966,
        2966,
        2966,
        2966,
        2966,
        2966,
        9493,
        9493,
        3240,
        3240,
        3240,
        3240,
        9493,
        6580,
        9493,
        6567,
        6541,
        8606,
        6541,
        2966,
        2966,
        2966,
        2966,
        2966,
        2966,
        3240,
        3240,
        3240,
        3240,
        3240,
        3240,
        3240,
        3240,
        9493,
        9699,
        9699,
        6658,
        2966,
        2966,
        2966,
        2966,
        2966,
        2966,
        3240,
        3240,
        3240,
        3240,
        3240,
        3240,
        3240,
        3240,
        3240,
        9493,
        9493,
        2966,
        2966,
        2966,
        2966,
        3240,
        3240,
        3240,
        3240,
        3240,
        3240,
        9493,
        16414,
        9699,
        9493,
        2966,
        2966,
        2966,
        2966,
        2966,
        2966,
        2966,
        2966,
        2966,
        2966,
        2966,
        2966,
        2966,
        2966,
        9493,
        9493,
        9493,
        9493,
        9493,
        9493,
        9493,
        6580,
        9493,
        6580,
        6619,
        6619,
        9493,
        9493
    ],
    "DecorIndices": [],
    "DecorIds": [],
    "BlockEntities": {
        "3153922": "!<d@[F*Ksp#64c-E,TfCD?'Y:!<d@[F*aP-#64o6@VfsmCI<#NAJK6(@r$13E+NQ3Ecki#Ch521Eb/ec\"E\\p.AJT</@Ua.b/R`^6Cgh?@/SB*4DJ=3(\":&scFCB9&=9&=$!!EUFATMNNDJ*csjNA<(\":&scFCB9&=o\\O&!!rsADes6$@ru9m!!E[MAT2'lE`7'gFCbFP!!!!",
        "4198404": "!<d@[F*L$r#64c-E,TfCDZBb;!<d@[F*aD)#64o6@VfsmCI<#NAHu^]F`__:EWlSfH#R=*Cgh4'ATDZAB6%p5DIbO+#BFa)@<?'_z\":8pVF(djWB5D/?b8*>G#BFa)@<?'az#mk*[Ci!ZmFCet_\":K6]E+*I$;flGiAH2]1!!!",
        "3148805": "!<d@[F*L's#64c-E,TfCD?'Y:!<d@[F*aA(#64o6@VfsmCI<#NAJB3.E,]`9FCJfiD(TpBEd;)+ARl&M@V&tbF!L_m+pnYd!!!#6*<6'>58\"J9!!!#6'`\\465TKh)!'_=\\9-=68",
        "3153925": "!<d@[F*L's#64c-E,TfCD?'Y:!<d@[F*aP-#64o6@VfsmCI<#NAJB3.E,]`9FCJfiD(TpBEd;)+ARl&M@V&tbF!L_m+pnYd!!!!`*<6'>58\"J9!!'f!'t6PrZQ0#G5ee/r9-=?;",
        "3150855": "!<d@[F*L-u#64c-E,TfCD?'Y:!<d@[F*aG*#64o6@VfsmCI<#NAJK6(@r$13E+NQ3Ecki#Ch521Eb/ec\"E\\p.AJT</@Ua.b/R`^6Cgh?>/SB*4DJ=3(\":&scFCB9&=9&=$!!EUFATMNNDJ*csi9`25\":&scFCB9&=o\\O&!!rsADes6$@ru9m!!E[MAT2'lE`7'gFCbFP!!!!",
        "3151879": "!<d@[F*L-u#64c-E,TfCD?'Y:!<d@[F*aJ+#64o6@VfsmCI<#NAJB3.E,]`9FCJfiD(TpBEd;)+ARl&M@V&tbF!L_m+pnYd!!%O5*<6'>58\"J9qu;.0'`e;b590_(&3q)m9-=?;"
    },
    "Entities": [],
    "ReplaceMode": 2,
    "EntranceRotation": -1
}