{
    "GameVersion": "1.19.7",
    "SizeX": 7,
    "SizeY": 4,
    "SizeZ": 5,
    "BlockCodes": {
        "2966": "game:cobblestone-granite",
        "3240": "game:stonepath-free",
        "9493": "game:agedstonebricks-granite",
        "6567": "game:woodenfence-aged-e-free",
        "6658": "game:woodenfence-aged-ew-free",
        "16414": "game:rocktyped-rubble-free",
        "6593": "game:woodenfence-aged-w-free"
    },
    "ItemCodes": {},
    "Indices": [
        1024,
        2048,
        1049600,
        1050624,
        2098176,
        2099200,
        1,
        3073,
        1048577,
        1051649,
        2097153,
        2098177,
        2099201,
        2100225,
        3145729,
        2,
        4098,
        1048578,
        1052674,
        2097154,
        2098178,
        2099202,
        2100226,
        2101250,
        3145730,
        3146754,
        3149826,
        3,
        3075,
        4099,
        1048579,
        1051651,
        1052675,
        2097155,
        2098179,
        2099203,
        2100227,
        2101251,
        3145731,
        3149827,
        4,
        1028,
        3076,
        1048580,
        1049604,
        1051652,
        2097156,
        2098180,
        2099204,
        2100228,
        3145732,
        2053,
        3077,
        1050629,
        1051653,
        2099205,
        2100229,
        2054,
        1050630,
        2099206
    ],
    "BlockIds": [
        2966,
        2966,
        2966,
        2966,
        3240,
        3240,
        2966,
        2966,
        2966,
        2966,
        9493,
        3240,
        3240,
        3240,
        6567,
        2966,
        2966,
        2966,
        2966,
        9493,
        3240,
        3240,
        3240,
        9493,
        6658,
        16414,
        6567,
        2966,
        2966,
        2966,
        2966,
        2966,
        2966,
        9493,
        3240,
        3240,
        3240,
        9493,
        6658,
        6593,
        2966,
        2966,
        2966,
        2966,
        2966,
        2966,
        9493,
        3240,
        3240,
        3240,
        6593,
        2966,
        2966,
        2966,
        2966,
        3240,
        3240,
        2966,
        2966,
        3240
    ],
    "DecorIndices": [],
    "DecorIds": [],
    "BlockEntities": {
        "3146754": "!<d@[F*K.Y#64c-E,TfCD?'Y:!<d@[F*aJ+#64o6@VfsmCI<#NAJK6(@r$13E+NQ3Ecki#Ch521Eb/ec\"E\\p.AJT</@Ua.b/R`^6Cgh?=/SB*4DJ=3(\":&scFCB9&=9&=$!!EUFATMNNDJ*csgCHk?\":&scFCB9&=o\\O&!!rsADes6$@ru9m!!E[MAT2'lE`7'gFCbFP!!!!"
    },
    "Entities": [],
    "ReplaceMode": 2,
    "EntranceRotation": -1
}