{
    "GameVersion": "1.19.7",
    "SizeX": 30,
    "SizeY": 8,
    "SizeZ": 20,
    "BlockCodes": {
        "9699": "game:supportbeam-veryaged",
        "2966": "game:cobblestone-granite",
        "6179": "game:rock-granite",
        "2852": "game:cobblestoneslab-granite-down-free",
        "9493": "game:agedstonebricks-granite",
        "6580": "game:woodenfence-aged-s-free",
        "6554": "game:woodenfence-aged-n-free",
        "5107": "game:gravel-granite",
        "3240": "game:stonepath-free",
        "8606": "game:clutter",
        "3242": "game:stonepathslab-free",
        "16414": "game:rocktyped-rubble-free",
        "6541": "game:woodenfence-aged-empty-free",
        "6645": "game:woodenfence-aged-es-free",
        "6658": "game:woodenfence-aged-ew-free",
        "2985": "game:cobblestonestairs-granite-up-north-free",
        "6593": "game:woodenfence-aged-w-free",
        "2648": "game:forestfloor-7",
        "4154": "game:drystone-granite",
        "6697": "game:woodenfence-aged-new-free",
        "3023": "game:cobblestonestairs-granite-up-east-free",
        "6567": "game:woodenfence-aged-e-free",
        "3247": "game:stonepathstairs-up-west-free"
    },
    "ItemCodes": {},
    "Indices": [
        13312,
        14336,
        1061888,
        1062912,
        2110464,
        2111488,
        9217,
        10241,
        11265,
        12289,
        15361,
        16385,
        1057793,
        1058817,
        1059841,
        1060865,
        1063937,
        1064961,
        2106369,
        2107393,
        2108417,
        2109441,
        2110465,
        2111489,
        2112513,
        2113537,
        3155969,
        3156993,
        3158017,
        3159041,
        3160065,
        3161089,
        4206593,
        4207617,
        4208641,
        8194,
        17410,
        18434,
        19458,
        1056770,
        1065986,
        1067010,
        1068034,
        2105346,
        2106370,
        2107394,
        2108418,
        2109442,
        2110466,
        2112514,
        2113538,
        2114562,
        2115586,
        2116610,
        3155970,
        3156994,
        3158018,
        3159042,
        3160066,
        3161090,
        3162114,
        3163138,
        4208642,
        7171,
        19459,
        1055747,
        1068035,
        2104323,
        2105347,
        2106371,
        2107395,
        2108419,
        2109443,
        2112515,
        2113539,
        2114563,
        2115587,
        2116611,
        3158019,
        3159043,
        3160067,
        3161091,
        3162115,
        3163139,
        3164163,
        6148,
        18436,
        1054724,
        1067012,
        2103300,
        2104324,
        2105348,
        2106372,
        2107396,
        2108420,
        2109444,
        2113540,
        2114564,
        2115588,
        3152900,
        3153924,
        3158020,
        3159044,
        3160068,
        3161092,
        3162116,
        3163140,
        4201476,
        5250052,
        6298628,
        6149,
        17413,
        1054725,
        1065989,
        2103301,
        2104325,
        2105349,
        2106373,
        2107397,
        2108421,
        2109445,
        2112517,
        2113541,
        2114565,
        3156997,
        3158021,
        3159045,
        3160069,
        3161093,
        5126,
        16390,
        1053702,
        1064966,
        2102278,
        2103302,
        2104326,
        2105350,
        2106374,
        2107398,
        2108422,
        2109446,
        2110470,
        2111494,
        2112518,
        2113542,
        3156998,
        3158022,
        3159046,
        3160070,
        3161094,
        4205574,
        4206598,
        4208646,
        4209670,
        4103,
        12295,
        13319,
        14343,
        15367,
        1052679,
        1060871,
        1061895,
        1062919,
        1063943,
        2101255,
        2102279,
        2103303,
        2104327,
        2105351,
        2106375,
        2107399,
        2108423,
        2109447,
        2110471,
        2111495,
        2112519,
        3155975,
        3156999,
        4104,
        10248,
        11272,
        1052680,
        1058824,
        1059848,
        2101256,
        2102280,
        2103304,
        2104328,
        2105352,
        2106376,
        2107400,
        2108424,
        3154952,
        3155976,
        3081,
        9225,
        1051657,
        1057801,
        2100233,
        2101257,
        2102281,
        2103305,
        2104329,
        2105353,
        2106377,
        3154953,
        2058,
        9226,
        1050634,
        1057802,
        2099210,
        2100234,
        2101258,
        2102282,
        2103306,
        2104330,
        2105354,
        2106378,
        3147786,
        3154954,
        2059,
        9227,
        1050635,
        1057803,
        2099211,
        2100235,
        2101259,
        2102283,
        2103307,
        2104331,
        2105355,
        2106379,
        3147787,
        3153931,
        3154955,
        4196363,
        2060,
        8204,
        1050636,
        1056780,
        2099212,
        2100236,
        2101260,
        2102284,
        2103308,
        2104332,
        2105356,
        3147788,
        3148812,
        3152908,
        3153932,
        4196364,
        4202508,
        1037,
        2061,
        8205,
        1049613,
        1050637,
        1056781,
        2098189,
        2099213,
        2100237,
        2101261,
        2102285,
        2103309,
        2104333,
        2105357,
        3147789,
        3148813,
        3152909,
        4197389,
        1038,
        8206,
        1049614,
        1056782,
        2098190,
        2099214,
        2100238,
        2101262,
        2102286,
        2103310,
        2104334,
        2105358,
        3147790,
        3148814,
        3149838,
        3152910,
        4197390,
        5245966,
        1039,
        8207,
        1049615,
        1056783,
        2098191,
        2099215,
        2100239,
        2104335,
        2105359,
        3147791,
        3148815,
        3149839,
        3150863,
        3151887,
        3152911,
        4197391,
        5245967,
        1040,
        8208,
        1049616,
        1056784,
        2098192,
        2099216,
        2100240,
        2101264,
        2104336,
        2105360,
        3147792,
        3148816,
        3149840,
        3150864,
        3151888,
        3152912,
        3153936,
        4197392,
        4201488,
        1041,
        8209,
        1049617,
        1056785,
        2098193,
        2099217,
        2101265,
        2105361,
        3146769,
        3147793,
        3148817,
        3149841,
        3150865,
        3151889,
        3152913,
        4196369,
        4197393,
        5244945,
        6293521,
        18,
        1042,
        8210,
        9234,
        1048594,
        1049618,
        1056786,
        1057810,
        2097170,
        2098194,
        2099218,
        2105362,
        2106386,
        3146770,
        3147794,
        3148818,
        3149842,
        3150866,
        3151890,
        3152914,
        4195346,
        4196370,
        4197394,
        4198418,
        4201490,
        5244946,
        6293522,
        7342098,
        1043,
        9235,
        1049619,
        1057811,
        2098195,
        2099219,
        2105363,
        2106387,
        3146771,
        3147795,
        3148819,
        3149843,
        3150867,
        3151891,
        3152915,
        4195347,
        4196371,
        4197395,
        4201491,
        5244947,
        5245971,
        6293523,
        1044,
        2068,
        9236,
        1049620,
        1050644,
        1057812,
        2098196,
        2099220,
        2105364,
        2106388,
        3147796,
        3148820,
        3149844,
        3150868,
        3151892,
        3152916,
        3153940,
        4197396,
        4198420,
        5245972,
        6294548,
        2069,
        9237,
        1050645,
        1057813,
        2099221,
        2105365,
        2106389,
        3147797,
        3148821,
        3149845,
        3150869,
        3151893,
        3152917,
        3153941,
        3154965,
        4197397,
        4202517,
        5245973,
        6294549,
        2070,
        9238,
        1050646,
        1057814,
        2099222,
        2100246,
        2105366,
        2106390,
        3147798,
        3148822,
        3149846,
        3150870,
        3151894,
        3152918,
        3153942,
        4197398,
        4198422,
        4201494,
        4202518,
        5245974,
        2071,
        9239,
        1050647,
        1057815,
        2099223,
        2100247,
        2101271,
        2105367,
        2106391,
        3147799,
        3148823,
        3149847,
        3150871,
        3151895,
        3152919,
        3153943,
        4197399,
        4202519,
        5245975,
        6294551,
        2072,
        9240,
        1050648,
        1057816,
        2099224,
        2100248,
        2101272,
        2105368,
        2106392,
        3147800,
        3148824,
        3149848,
        3150872,
        3151896,
        3152920,
        3153944,
        3154968,
        4197400,
        4198424,
        4202520,
        5245976,
        5247000,
        2073,
        9241,
        1050649,
        1057817,
        2099225,
        2100249,
        2101273,
        2102297,
        2103321,
        2104345,
        2105369,
        2106393,
        3147801,
        3148825,
        3149849,
        3150873,
        3151897,
        3152921,
        3153945,
        4198425,
        4202521,
        5247001,
        3098,
        4122,
        9242,
        1051674,
        1052698,
        1057818,
        2100250,
        2101274,
        2102298,
        2103322,
        2104346,
        2105370,
        2106394,
        3148826,
        3149850,
        3150874,
        3151898,
        3152922,
        3153946,
        4198426,
        4123,
        8219,
        1052699,
        1056795,
        2101275,
        2102299,
        2103323,
        2104347,
        2105371,
        5148,
        7196,
        1053724,
        1055772,
        2102300,
        2103324,
        2104348,
        6173,
        1054749,
        2103325
    ],
    "BlockIds": [
        2966,
        2966,
        2966,
        2966,
        6179,
        2966,
        2966,
        2966,
        2966,
        2966,
        2966,
        2966,
        2966,
        2966,
        2966,
        2966,
        2966,
        2966,
        6179,
        6179,
        6179,
        6179,
        6179,
        2966,
        2966,
        2966,
        2852,
        2966,
        9493,
        2966,
        2966,
        2966,
        2852,
        6580,
        6554,
        2966,
        2966,
        2966,
        2966,
        2966,
        2966,
        2966,
        2966,
        5107,
        5107,
        5107,
        2966,
        6179,
        6179,
        2966,
        9493,
        9493,
        3240,
        3240,
        8606,
        3242,
        3242,
        3240,
        3240,
        3240,
        3242,
        3242,
        16414,
        2966,
        2966,
        2966,
        2966,
        5107,
        5107,
        3240,
        3240,
        3240,
        2966,
        2966,
        2966,
        5107,
        5107,
        3240,
        3242,
        3242,
        3240,
        3240,
        3240,
        3242,
        3242,
        2966,
        2966,
        2966,
        2966,
        5107,
        5107,
        3240,
        3240,
        3240,
        3240,
        2966,
        2966,
        5107,
        3240,
        6541,
        9699,
        3242,
        3242,
        3240,
        3240,
        3240,
        3242,
        6541,
        6541,
        8606,
        2966,
        2966,
        2966,
        2966,
        5107,
        3240,
        3240,
        3240,
        3240,
        3240,
        2966,
        6179,
        2966,
        2966,
        16414,
        3242,
        3242,
        3240,
        3240,
        2966,
        2966,
        2966,
        2966,
        5107,
        5107,
        3240,
        3240,
        3240,
        3240,
        9493,
        2966,
        2966,
        6179,
        6179,
        2966,
        9493,
        2966,
        2966,
        2966,
        9493,
        16414,
        2852,
        2852,
        9493,
        2966,
        2966,
        2966,
        2966,
        2966,
        2966,
        2966,
        2966,
        2966,
        2966,
        5107,
        5107,
        3240,
        3240,
        3240,
        3240,
        2966,
        5107,
        6179,
        6179,
        6179,
        6179,
        2852,
        5107,
        2966,
        2966,
        2966,
        2966,
        2966,
        2966,
        5107,
        3240,
        3240,
        3240,
        3240,
        3240,
        2966,
        5107,
        6645,
        6554,
        2966,
        2966,
        2966,
        2966,
        5107,
        5107,
        3240,
        3240,
        3240,
        3240,
        9493,
        6658,
        2966,
        2966,
        2966,
        2966,
        2966,
        2966,
        3240,
        3240,
        3240,
        3240,
        3240,
        2985,
        16414,
        6658,
        2966,
        2966,
        2966,
        2966,
        2966,
        5107,
        3240,
        3240,
        3240,
        3240,
        2966,
        5107,
        2966,
        2852,
        6593,
        2852,
        2966,
        2966,
        2966,
        2966,
        2966,
        5107,
        3240,
        3240,
        3240,
        3240,
        9493,
        9493,
        16414,
        6645,
        9493,
        9493,
        16414,
        2966,
        2966,
        2966,
        2966,
        2966,
        2966,
        2966,
        2966,
        9493,
        3240,
        3240,
        3240,
        2966,
        6179,
        2966,
        9493,
        6658,
        2852,
        2966,
        2966,
        2966,
        2966,
        2966,
        2966,
        2966,
        2648,
        3240,
        3240,
        9493,
        6179,
        2966,
        2966,
        3242,
        6593,
        4154,
        16414,
        2966,
        2966,
        2966,
        2966,
        2966,
        2966,
        2966,
        2966,
        6179,
        2966,
        9493,
        3242,
        3242,
        3242,
        2985,
        9493,
        2852,
        2966,
        2966,
        2966,
        2966,
        2966,
        2966,
        2966,
        2966,
        9493,
        6179,
        2966,
        2966,
        3242,
        3242,
        3242,
        4154,
        16414,
        2966,
        2852,
        2966,
        2966,
        2966,
        2966,
        2966,
        2966,
        2966,
        6179,
        2966,
        2966,
        2966,
        3240,
        3240,
        3240,
        2985,
        9493,
        6697,
        9493,
        3023,
        2966,
        2966,
        2966,
        2966,
        2966,
        2966,
        2966,
        2966,
        2966,
        2966,
        2966,
        6179,
        6179,
        2966,
        2966,
        9493,
        3240,
        3240,
        3240,
        2966,
        2966,
        2966,
        6697,
        16414,
        2852,
        9493,
        9493,
        2852,
        2966,
        2966,
        2966,
        2966,
        2966,
        2966,
        6179,
        6179,
        2966,
        2966,
        2966,
        3240,
        3240,
        3240,
        4154,
        2966,
        2966,
        2966,
        4154,
        2966,
        2852,
        2966,
        2966,
        2966,
        2966,
        2966,
        2966,
        2966,
        2966,
        2966,
        9493,
        6179,
        2966,
        2966,
        3240,
        3240,
        3240,
        9493,
        2985,
        9493,
        16414,
        2966,
        16414,
        2966,
        2966,
        2966,
        2966,
        2966,
        9493,
        6179,
        2966,
        9493,
        3240,
        3240,
        3240,
        3240,
        9493,
        16414,
        9493,
        2852,
        9493,
        2852,
        2966,
        2966,
        2966,
        2966,
        2966,
        6179,
        9493,
        9493,
        2966,
        2966,
        3240,
        3240,
        3240,
        3240,
        2985,
        2966,
        16414,
        8606,
        6567,
        2985,
        2966,
        2966,
        2966,
        2966,
        2966,
        6179,
        5107,
        9493,
        9493,
        2966,
        2966,
        9493,
        3240,
        3240,
        3240,
        2985,
        9493,
        6658,
        9493,
        2852,
        2966,
        2966,
        2966,
        2966,
        2966,
        6179,
        6179,
        2966,
        9493,
        6179,
        6179,
        2966,
        3240,
        3240,
        3240,
        9493,
        16414,
        2966,
        2966,
        6593,
        2966,
        16414,
        2966,
        2966,
        2966,
        2966,
        6179,
        6179,
        6179,
        6179,
        6179,
        9493,
        2966,
        2966,
        6179,
        6179,
        6179,
        3240,
        3240,
        3240,
        9493,
        2966,
        2852,
        2852,
        2966,
        2966,
        2966,
        2966,
        2966,
        2966,
        6179,
        6179,
        9493,
        9493,
        9493,
        2966,
        2966,
        6179,
        9493,
        3247,
        3247,
        3247,
        16414,
        16414,
        2966,
        2966,
        2966,
        2966,
        9493,
        3240,
        3240,
        3240,
        9493,
        2966,
        2966,
        2966,
        2966,
        3240,
        3240,
        3240,
        2966,
        2966,
        3240
    ],
    "DecorIndices": [],
    "DecorIds": [],
    "BlockEntities": {
        "3155970": "!<d@[F*JYK#64c-E,TfCC]FG8!<d@[F*`#W#64o6@VfsmCI<#NAHu^]F`__:EWlSfH#R='Ecki#Ch52BDf9/@\":&scFCB9&=9&=$!!EUFATMNNDJ*csjNEiR\":&scFCB9&=o\\O&!!rsADes6$@ru9m!!E[MAT2'lE`7'gFCbFP!!!!",
        "4208642": "!<d@[F*JYK#64c-E,TfCD#aP9!<d@[F*`/[#64o6@VfsmCI<#NAJK6(@r$13E+NQ3Ecki#Ch521Eb/ec\"E\\p.AJT</@Ua.b/R`^6Cgh?=/SB*4DJ=3(\":&scFCB9&=9&=$!!EUFATMNNDJ*csz\":&scFCB9&=o\\O&!!rsADes6$@ru9m!!E[MAT2'lE`7'gFCbFP!!!!",
        "3153924": "!<d@[F*J_M#64c-E,TfCC]FG8!<d@[F*_rU#64o6@VfsmCI<#NAJB3.E,]`9FCJfiD(TpBEd;)+ARl&M@V&tbF!L_m+pnYd!!!!`*<6'>^Ch%d!!!!`'`\\465TKh)!5BB29-=99",
        "6298628": "!<d@[F*J_M#64c-E,TfCDZBb;!<d@[F*_oT#64o6@VfsmCI<#NAHu^]F`__:EWlSfH#R=*Cgh4'ATDZAB6%p5DIbX.#BFa)@<?'_z\":8pVF(djWB5D/6&'7!<#BFa)@<?'az#mk*[Ci!ZmFCet_\":K6]E+*I$;flGiAH2]1!!!",
        "3156997": "!<d@[F*JbN#64c-E,TfCC]FG8!<d@[F*`&X#64o6@VfsmCI<#NAJK6(@r$13E+NQ3Ecki#Ch521Eb/ec\"E\\p.AJT</@Ua.b/R`^6Cgh?@/SB*4DJ=3(\":&scFCB9&=9&=$!!EUFATMNNDJ*csgCHlj\":&scFCB9&=o\\O&!!rsADes6$@ru9m!!E[MAT2'lE`7'gFCbFP!!!!",
        "4205574": "!<d@[F*JeO#64c-E,TfCD#aP9!<d@[F*`&X#64o6@VfsmCI<#NAJK6(@r$13E+NQ3Ecki#Ch521Eb/ec\"E\\p.AJT</@Ua.b/R`^6Cgh?>/SB*4DJ=3(\":&scFCB9&=9&=$!!EUFATMNNDJ*csgCME@\":&scFCB9&=o\\O&!!rsADes6$@ru9m!!E[MAT2'lE`7'gFCbFP!!!!",
        "3147786": "!<d@[F*JqS#64c-E,TfCC]FG8!<d@[F*_`O#64o6@VfsmCI<#NAJK6(@r$13E+NQ3Ecki#Ch521Eb/ec\"E\\p.AJT</@Ua.b/R`^6Cgh?>/SB*4DJ=3(\":&scFCB9&=9&=$!!EUFATMNNDJ*csgCHlj\":&scFCB9&=o\\O&!!rsADes6$@ru9m!!E[MAT2'lE`7'gFCbFP!!!!",
        "3148812": "!<d@[F*K\"U#64c-E,TfCC]FG8!<d@[F*_cP#64o6@VfsmCI<#NAJK6(@r$13E+NQ3Ecki#Ch521Eb/ec\"E\\p.AJT</@Ua.b/R`^6Cgh?=/SB*4DJ=3(\":&scFCB9&=9&=$!!EUFATMNNDJ*csgCME@\":&scFCB9&=o\\O&!!rsADes6$@ru9m!!E[MAT2'lE`7'gFCbFP!!!!",
        "4202508": "!<d@[F*K\"U#64c-E,TfCD#aP9!<d@[F*_rU#64o6@VfsmCI<#NAJK6(@r$13E+NQ3Ecki#Ch521Eb/ec\"E\\p.AJT</@Ua.b/R`^6Cgh?=/SB*4DJ=3(\":&scFCB9&=9&=$!!EUFATMNNDJ*csdSp%X\":&scFCB9&=o\\O&!!rsADes6$@ru9m!!E[MAT2'lE`7'gFCbFP!!!!",
        "5245966": "!<d@[F*K(W#64c-E,TfCD?'Y:!<d@[F*_cP#64o6@VfsmCI<#NAJK6(@r$13E+NQ3Ecki#Ch521Eb/ec\"E\\p.AJT</@Ua.b/R`^6Cgh?>/SB*4DJ=3(\":&scFCB9&=9&=$!!EUFATMNNDJ*csgCHlj\":&scFCB9&=o\\O&!!rsADes6$@ru9m!!E[MAT2'lE`7'gFCbFP!!!!",
        "3153936": "!<d@[F*K.Y#64c-E,TfCC]FG8!<d@[F*_rU#64o6@VfsmCI<#NAJK6(@r$13E+NQ3Ecki#Ch521Eb/ec\"E\\p.AJT</@Ua.b/R`^6Cgh?=/SB*4DJ=3(\":&scFCB9&=9&=$!!EUFATMNNDJ*csgCMCi\":&scFCB9&=o\\O&!!rsADes6$@ru9m!!E[MAT2'lE`7'gFCbFP!!!!",
        "4198418": "!<d@[F*K4[#64c-E,TfCD#aP9!<d@[F*_fQ#64o6@VfsmCI<#NAJK6(@r$13E+NQ3Ecki#Ch521Eb/ec\"E\\p.AJT</@Ua.b/R`^6Cgh??/SB*4DJ=3(\":&scFCB9&=9&=$!!EUFATMNNDJ*csgCHlj\":&scFCB9&=o\\O&!!rsADes6$@ru9m!!E[MAT2'lE`7'gFCbFP!!!!",
        "4198420": "!<d@[F*K:]#64c-E,TfCD#aP9!<d@[F*_fQ#64o6@VfsmCI<#NAJK6(@r$13E+NQ3Ecki#Ch521Eb/ec\"E\\p.AJT</@Ua.b/R`^6Cgh?>/SB*4DJ=3(\":&scFCB9&=9&=$!!EUFATMNNDJ*csgCME?\":&scFCB9&=o\\O&!!rsADes6$@ru9m!!E[MAT2'lE`7'gFCbFP!!!!",
        "6294548": "!<d@[F*K:]#64c-E,TfCDZBb;!<d@[F*_cP#64o6@VfsmCI<#NAJK6(@r$13E+NQ3Ecki#Ch521Eb/ec\"E\\p.AJT</@Ua.b/R`^6Cgh?=/SB*4DJ=3(\":&scFCB9&=9&=$!!EUFATMNNDJ*csjNEk(\":&scFCB9&=o\\O&!!rsADes6$@ru9m!!E[MAT2'lE`7'gFCbFP!!!!",
        "3154965": "!<d@[F*K=^#64c-E,TfCC]FG8!<d@[F*_uV#64o6@VfsmCI<#NAJK6(@r$13E+NQ3Ecki#Ch521Eb/ec\"E\\p.AJT</@Ua.b/R`^6Cgh?@/SB*4DJ=3(\":&scFCB9&=9&=$!!EUFATMNNDJ*csgCME?\":&scFCB9&=o\\O&!!rsADes6$@ru9m!!E[MAT2'lE`7'gFCbFP!!!!",
        "4198422": "!<d@[F*K@_#64c-E,TfCD#aP9!<d@[F*_fQ#64o6@VfsmCI<#NAJK6(@r$13E+NQ3Ecki#Ch521Eb/ec\"E\\p.AJT</@Ua.b/R`^6Cgh?@/SB*4DJ=3(\":&scFCB9&=9&=$!!EUFATMNNDJ*csgCHlj\":&scFCB9&=o\\O&!!rsADes6$@ru9m!!E[MAT2'lE`7'gFCbFP!!!!",
        "4201494": "!<d@[F*K@_#64c-E,TfCD#aP9!<d@[F*_oT#64o6@VfsmCI<#NAHu^]F`__:EWlSfH#R='Ecki#Ch52BDf9/B\":&scFCB9&=9&=$!!EUFATMNNDJ*csgCMCj\":&scFCB9&=o\\O&!!rsADes6$@ru9m!!E[MAT2'lE`7'gFCbFP!!!!",
        "3154968": "!<d@[F*KFa#64c-E,TfCC]FG8!<d@[F*_uV#64o6@VfsmCI<#NAJK6(@r$13E+NQ3Ecki#Ch521Eb/ec\"E\\p.AJT</@Ua.b/R`^6Cgh??/SB*4DJ=3(\":&scFCB9&=9&=$!!EUFATMNNDJ*csz\":&scFCB9&=o\\O&!!rsADes6$@ru9m!!E[MAT2'lE`7'gFCbFP!!!!",
        "5247000": "!<d@[F*KFa#64c-E,TfCD?'Y:!<d@[F*_fQ#64o6@VfsmCI<#NAJK6(@r$13E+NQ3Ecki#Ch521Eb/ec\"E\\p.AJT</@Ua.b/R`^6Cgh?>/SB*4DJ=3(\":&scFCB9&=9&=$!!EUFATMNNDJ*csgCHlj\":&scFCB9&=o\\O&!!rsADes6$@ru9m!!E[MAT2'lE`7'gFCbFP!!!!",
        "3153946": "!<d@[F*KLc#64c-E,TfCC]FG8!<d@[F*_rU#64o6@VfsmCI<#NAJK6(@r$13E+NQ3Ecki#Ch521Eb/ec\"E\\p.AJT</@Ua.b/R`^6Cgh?>/SB*4DJ=3(\":&scFCB9&=9&=$!!EUFATMNNDJ*csgCHk?\":&scFCB9&=o\\O&!!rsADes6$@ru9m!!E[MAT2'lE`7'gFCbFP!!!!",
        "4198426": "!<d@[F*KLc#64c-E,TfCD#aP9!<d@[F*_fQ#64o6@VfsmCI<#NAJK6(@r$13E+NQ3Ecki#Ch521Eb/ec\"E\\p.AJT</@Ua.b/R`^6Cgh??/SB*4DJ=3(\":&scFCB9&=9&=$!!EUFATMNNDJ*csz\":&scFCB9&=o\\O&!!rsADes6$@ru9m!!E[MAT2'lE`7'gFCbFP!!!!"
    },
    "Entities": [],
    "ReplaceMode": 2,
    "EntranceRotation": -1
}