{
    "GameVersion": "1.19.7",
    "SizeX": 21,
    "SizeY": 8,
    "SizeZ": 10,
    "BlockCodes": {
        "9699": "game:supportbeam-veryaged",
        "2966": "game:cobblestone-granite",
        "3240": "game:stonepath-free",
        "9493": "game:agedstonebricks-granite",
        "3242": "game:stonepathslab-free",
        "2852": "game:cobblestoneslab-granite-down-free",
        "16414": "game:rocktyped-rubble-free",
        "6567": "game:woodenfence-aged-e-free",
        "4154": "game:drystone-granite",
        "6645": "game:woodenfence-aged-es-free",
        "6632": "game:woodenfence-aged-nw-free",
        "6541": "game:woodenfence-aged-empty-free",
        "8606": "game:clutter",
        "6593": "game:woodenfence-aged-w-free",
        "2985": "game:cobblestonestairs-granite-up-north-free",
        "6658": "game:woodenfence-aged-ew-free"
    },
    "ItemCodes": {},
    "Indices": [
        4096,
        5120,
        6144,
        1052672,
        1053696,
        1054720,
        2101248,
        2102272,
        2103296,
        4097,
        6145,
        1052673,
        1054721,
        2101249,
        2102273,
        2103297,
        3150849,
        2050,
        3074,
        4098,
        7170,
        1051650,
        1052674,
        1055746,
        2100226,
        2101250,
        2102274,
        2103298,
        2104322,
        3149826,
        3150850,
        3151874,
        1027,
        2051,
        3075,
        7171,
        1050627,
        1051651,
        1055747,
        2099203,
        2100227,
        2101251,
        2102275,
        2103299,
        2104323,
        3148803,
        3149827,
        3150851,
        3151875,
        3152899,
        4,
        1028,
        2052,
        8196,
        1049604,
        1050628,
        1056772,
        2098180,
        2099204,
        2100228,
        2101252,
        2102276,
        2103300,
        2104324,
        2105348,
        3147780,
        3148804,
        3149828,
        3150852,
        3151876,
        3152900,
        4196356,
        4197380,
        5245956,
        5,
        1029,
        9221,
        1049605,
        1057797,
        2098181,
        2099205,
        2100229,
        2102277,
        2103301,
        2104325,
        2105349,
        2106373,
        3146757,
        3147781,
        3148805,
        3149829,
        3150853,
        3151877,
        3152901,
        3153925,
        4195333,
        4196357,
        4197381,
        4201477,
        4202501,
        5244933,
        5245957,
        6293509,
        6294533,
        7342085,
        6,
        9222,
        1048582,
        1049606,
        1057798,
        2097158,
        2098182,
        2099206,
        2100230,
        2102278,
        2103302,
        2104326,
        2105350,
        2106374,
        3145734,
        3146758,
        3147782,
        3148806,
        3149830,
        3150854,
        3151878,
        3152902,
        3153926,
        4195334,
        4196358,
        4197382,
        4198406,
        4201478,
        4202502,
        5244934,
        5245958,
        5250054,
        6293510,
        6298630,
        7342086,
        7347206,
        7,
        8199,
        1048583,
        1056775,
        2097159,
        2098183,
        2099207,
        2102279,
        2103303,
        2104327,
        2105351,
        3146759,
        3147783,
        3148807,
        3149831,
        3150855,
        3151879,
        3152903,
        4195335,
        4196359,
        4197383,
        4201479,
        5243911,
        5244935,
        6292487,
        6293511,
        7342087,
        8,
        7176,
        1048584,
        1055752,
        2097160,
        2098184,
        2099208,
        2102280,
        2104328,
        3146760,
        3147784,
        3148808,
        3149832,
        3150856,
        3151880,
        3152904,
        4195336,
        4196360,
        4201480,
        5244936,
        6293512,
        7342088,
        9,
        7177,
        1048585,
        1055753,
        2097161,
        2098185,
        2099209,
        2102281,
        2104329,
        3146761,
        3147785,
        3148809,
        3149833,
        3150857,
        3151881,
        3152905,
        4196361,
        5244937,
        6293513,
        10,
        7178,
        8202,
        1048586,
        1055754,
        1056778,
        2097162,
        2098186,
        2099210,
        2102282,
        2104330,
        2105354,
        3146762,
        3147786,
        3148810,
        3149834,
        3150858,
        3151882,
        3152906,
        4195338,
        4196362,
        4200458,
        4201482,
        5244938,
        6293514,
        11,
        7179,
        8203,
        1048587,
        1055755,
        1056779,
        2097163,
        2098187,
        2102283,
        2103307,
        2104331,
        2105355,
        3146763,
        3147787,
        3148811,
        3149835,
        3150859,
        3151883,
        3152907,
        4195339,
        4200459,
        4201483,
        5243915,
        12,
        6156,
        7180,
        1048588,
        1054732,
        1055756,
        2097164,
        2098188,
        2101260,
        2102284,
        2103308,
        2104332,
        3146764,
        3147788,
        3148812,
        3149836,
        3150860,
        3151884,
        4200460,
        13,
        6157,
        1048589,
        1054733,
        2097165,
        2098189,
        2099213,
        2100237,
        2101261,
        2102285,
        2103309,
        3146765,
        3147789,
        3148813,
        3149837,
        3150861,
        3151885,
        14,
        6158,
        1048590,
        1054734,
        2097166,
        2098190,
        2099214,
        2100238,
        2101262,
        2102286,
        2103310,
        3148814,
        3149838,
        3150862,
        4199438,
        15,
        5135,
        1048591,
        1053711,
        2097167,
        2098191,
        2099215,
        2100239,
        2101263,
        2102287,
        3150863,
        4199439,
        16,
        5136,
        1048592,
        1053712,
        2097168,
        2098192,
        2099216,
        2100240,
        2101264,
        2102288,
        3149840,
        17,
        4113,
        1048593,
        1052689,
        2097169,
        2098193,
        2099217,
        2100241,
        2101265,
        3149841,
        18,
        4114,
        1048594,
        1052690,
        2097170,
        2098194,
        2099218,
        2100242,
        2101266,
        3149842,
        19,
        4115,
        1048595,
        1050643,
        1052691,
        2097171,
        2098195,
        2099219,
        2100243,
        2101267,
        3149843,
        20,
        1044,
        2068,
        3092,
        4116,
        1048596,
        1049620,
        1050644,
        1051668,
        1052692,
        2097172,
        2098196,
        2099220,
        2100244,
        2101268,
        3149844
    ],
    "BlockIds": [
        2966,
        2966,
        2966,
        2966,
        2966,
        2966,
        3240,
        3240,
        3240,
        2966,
        2966,
        2966,
        2966,
        3240,
        9493,
        3240,
        3242,
        2966,
        2966,
        2966,
        2966,
        2966,
        2966,
        2966,
        9493,
        2966,
        2966,
        2966,
        2966,
        3242,
        3242,
        3242,
        2966,
        2966,
        2966,
        2966,
        2966,
        2966,
        2966,
        9493,
        2966,
        2966,
        2966,
        2966,
        2966,
        2966,
        3242,
        3240,
        3242,
        2966,
        2966,
        2966,
        2966,
        2966,
        2966,
        2966,
        2966,
        9493,
        2966,
        2966,
        2966,
        2966,
        2966,
        2966,
        2966,
        2966,
        2966,
        3240,
        3240,
        3240,
        2966,
        2966,
        2966,
        2852,
        2966,
        2966,
        2966,
        2966,
        2966,
        2966,
        2966,
        2966,
        2966,
        2966,
        2966,
        2966,
        9493,
        9493,
        2966,
        2966,
        3240,
        3240,
        3240,
        3240,
        2966,
        16414,
        2966,
        9493,
        9699,
        6567,
        2966,
        4154,
        2966,
        16414,
        16414,
        2966,
        2966,
        2966,
        2966,
        2966,
        9493,
        2966,
        2966,
        2966,
        2966,
        2966,
        2966,
        2966,
        2966,
        9493,
        2966,
        2966,
        2966,
        3240,
        3240,
        3240,
        3240,
        2966,
        9493,
        2966,
        9493,
        16414,
        6645,
        6632,
        2966,
        9493,
        6541,
        2966,
        6541,
        2966,
        8606,
        2966,
        2966,
        2966,
        2966,
        2966,
        2966,
        2966,
        2966,
        2966,
        2966,
        2966,
        2966,
        2966,
        2966,
        3240,
        3240,
        3240,
        9493,
        2966,
        2966,
        2966,
        6593,
        2966,
        2966,
        16414,
        4154,
        4154,
        2966,
        2966,
        2966,
        2966,
        9493,
        2966,
        2966,
        2966,
        9493,
        2966,
        2966,
        2966,
        3240,
        3240,
        3240,
        9493,
        16414,
        2966,
        2852,
        2966,
        2966,
        2852,
        2966,
        2966,
        2966,
        2966,
        9493,
        2966,
        2966,
        2966,
        2966,
        2966,
        2966,
        3240,
        3240,
        3240,
        3240,
        2985,
        9493,
        9493,
        9493,
        2966,
        2966,
        2966,
        2966,
        2966,
        2966,
        2966,
        2966,
        2966,
        2966,
        9493,
        9493,
        9493,
        2966,
        3240,
        3240,
        3240,
        3240,
        4154,
        16414,
        9493,
        16414,
        6567,
        9493,
        2852,
        2966,
        2966,
        2966,
        2966,
        2966,
        2966,
        2966,
        2966,
        2966,
        2966,
        9493,
        9493,
        9493,
        3240,
        3240,
        3240,
        3240,
        3240,
        9493,
        9493,
        8606,
        6593,
        4154,
        2966,
        2966,
        2966,
        2966,
        2966,
        2966,
        2966,
        2966,
        2966,
        2966,
        2966,
        9493,
        2966,
        3242,
        3242,
        3240,
        3240,
        2966,
        6541,
        2966,
        2966,
        2966,
        2966,
        9493,
        2966,
        2966,
        2966,
        2966,
        2966,
        2966,
        3242,
        3242,
        3242,
        3242,
        3240,
        2985,
        2966,
        2966,
        2966,
        2966,
        9493,
        3240,
        3240,
        2966,
        2966,
        9493,
        9493,
        3242,
        3242,
        2966,
        2852,
        2966,
        2966,
        2966,
        2966,
        9493,
        3240,
        3240,
        3240,
        3240,
        9493,
        2966,
        16414,
        2966,
        2966,
        2966,
        2966,
        2966,
        3240,
        3240,
        3240,
        9493,
        9493,
        16414,
        2966,
        2966,
        2966,
        2966,
        2966,
        3240,
        3240,
        3240,
        2966,
        2852,
        2966,
        2966,
        2966,
        2966,
        2966,
        3240,
        3240,
        3240,
        2985,
        6567,
        2966,
        2966,
        2966,
        2966,
        2966,
        2985,
        3240,
        3240,
        3240,
        4154,
        6658,
        2966,
        2966,
        2966,
        2966,
        2966,
        2966,
        2966,
        2966,
        2966,
        2966,
        2966,
        3240,
        3240,
        3240,
        2985,
        6593
    ],
    "DecorIndices": [],
    "DecorIds": [],
    "BlockEntities": {
        "4195333": "!<d@[F*N/Y#64c-E,TfCD#aP9!<d@[F*_rU#64o6@VfsmCI<#NAJK6(@r$13E+NQ3Ecki#Ch521Eb/ec\"E\\p.AJT</@Ua.b/R`^6Cgh?@/SB*4DJ=3(\":&scFCB9&=9&=$!!EUFATMNNDJ*csgCHlk\":&scFCB9&=o\\O&!!rsADes6$@ru9m!!E[MAT2'lE`7'gFCbFP!!!!",
        "4201477": "!<d@[F*N/Y#64c-E,TfCD#aP9!<d@[F*`/[#64o6@VfsmCI<#NAJB3.E,]`9FCJfiD(TpBEd;)+ARl&M@V&tbF!L_m+pnYd!!'f!*<6'>58\"J9!!'f!'`\\465TKh)!'_=\\9-=<:",
        "6294533": "!<d@[F*N/Y#64c-E,TfCDZBb;!<d@[F*`#W#64o6@VfsmCI<#NAJK6(@r$13E+NQ3Ecki#Ch521Eb/ec\"E\\p.AJT</@Ua.b/R`^6Cgh?@/SB*4DJ=3(\":&scFCB9&=9&=$!!EUFATMNNDJ*csjNEk(\":&scFCB9&=o\\O&!!rsADes6$@ru9m!!E[MAT2'lE`7'gFCbFP!!!!",
        "7342085": "!<d@[F*N/Y#64c-E,TfCDu]k<!<d@[F*_uV#64o6@VfsmCI<#NAJK6(@r$13E+NQ3Ecki#Ch521Eb/ec\"E\\p.AJT</@Ua.b/R`^6Cgh??/SB*4DJ=3(\":&scFCB9&=9&=$!!EUFATMNNDJ*csjNEk(\":&scFCB9&=o\\O&!!rsADes6$@ru9m!!E[MAT2'lE`7'gFCbFP!!!!",
        "4198406": "!<d@[F*N2Z#64c-E,TfCD#aP9!<d@[F*`&X#64o6@VfsmCI<#NAJK6(@r$13E+NQ3Ecki#Ch521Eb/ec\"E\\p.AJT</@Ua.b/R`^6Cgh?>/SB*4DJ=3(\":&scFCB9&=9&=$!!EUFATMNNDJ*csgCMCj\":&scFCB9&=o\\O&!!rsADes6$@ru9m!!E[MAT2'lE`7'gFCbFP!!!!",
        "7347206": "!<d@[F*N2Z#64c-E,TfCDu]k<!<d@[F*`/[#64o6@VfsmCI<#NAHu^]F`__:EWlSfH#R=*Cgh4'ATDZAB6%p5DIbI)#BFa)@<?'_z\":8pVF(djWB5D/?b8.kr#BFa)@<?'az#mk*[Ci!ZmFCet_\":K6]E+*I$;flGiAH2]1!!!",
        "6292487": "!<d@[F*N5[#64c-E,TfCDZBb;!<d@[F*_rU#64o6@VfsmCI<#NAJK6(@r$13E+NQ3Ecki#Ch521Eb/ec\"E\\p.AJT</@Ua.b/R`^6Cgh?>/SB*4DJ=3(\":&scFCB9&=9&=$!!EUFATMNNDJ*csgCHlk\":&scFCB9&=o\\O&!!rsADes6$@ru9m!!E[MAT2'lE`7'gFCbFP!!!!",
        "4195336": "!<d@[F*N8\\#64c-E,TfCD#aP9!<d@[F*_rU#64o6@VfsmCI<#NAJK6(@r$13E+NQ3Ecki#Ch521Eb/ec\"E\\p.AJT</@Ua.b/R`^6Cgh??/SB*4DJ=3(\":&scFCB9&=9&=$!!EUFATMNNDJ*csgCHk@\":&scFCB9&=o\\O&!!rsADes6$@ru9m!!E[MAT2'lE`7'gFCbFP!!!!",
        "4195338": "!<d@[F*N>^#64c-E,TfCD#aP9!<d@[F*_rU#64o6@VfsmCI<#NAJK6(@r$13E+NQ3Ecki#Ch521Eb/ec\"E\\p.AJT</@Ua.b/R`^6Cgh?>/SB*4DJ=3(\":&scFCB9&=9&=$!!EUFATMNNDJ*csi9`25\":&scFCB9&=o\\O&!!rsADes6$@ru9m!!E[MAT2'lE`7'gFCbFP!!!!",
        "4200458": "!<d@[F*N>^#64c-E,TfCD#aP9!<d@[F*`,Z#64o6@VfsmCI<#NAJK6(@r$13E+NQ3Ecki#Ch521Eb/ec\"E\\p.AJT</@Ua.b/R`^6Cgh?=/SB*4DJ=3(\":&scFCB9&=9&=$!!EUFATMNNDJ*csjNA<(\":&scFCB9&=o\\O&!!rsADes6$@ru9m!!E[MAT2'lE`7'gFCbFP!!!!",
        "4200459": "!<d@[F*NA_#64c-E,TfCD#aP9!<d@[F*`,Z#64o6@VfsmCI<#NAHu^]F`__:EWlSfH#R='Ecki#Ch52BDf9/B\":&scFCB9&=9&=$!!EUFATMNNDJ*csjNA<(\":&scFCB9&=o\\O&!!rsADes6$@ru9m!!E[MAT2'lE`7'gFCbFP!!!!",
        "4199439": "!<d@[F*NMc#64c-E,TfCD#aP9!<d@[F*`)Y#64o6@VfsmCI<#NAJK6(@r$13E+NQ3Ecki#Ch521Eb/ec\"E\\p.AJT</@Ua.b/R`^6Cgh?>/SB*4DJ=3(\":&scFCB9&=9&=$!!EUFATMNNDJ*csi9`0_\":&scFCB9&=o\\O&!!rsADes6$@ru9m!!E[MAT2'lE`7'gFCbFP!!!!",
        "3149840": "!<d@[F*NPd#64c-E,TfCC]FG8!<d@[F*`&X#64o6@VfsmCI<#NAJK6(@r$13E+NQ3Ecki#Ch521Eb/ec\"E\\p.AJT</@Ua.b/R`^6Cgh?=/SB*4DJ=3(\":&scFCB9&=9&=$!!EUFATMNNDJ*csi9`0_\":&scFCB9&=o\\O&!!rsADes6$@ru9m!!E[MAT2'lE`7'gFCbFP!!!!"
    },
    "Entities": [],
    "ReplaceMode": 2,
    "EntranceRotation": -1
}