{
    "GameVersion": "1.19.7",
    "SizeX": 26,
    "SizeY": 7,
    "SizeZ": 16,
    "BlockCodes": {
        "9699": "game:supportbeam-veryaged",
        "2966": "game:cobblestone-granite",
        "3240": "game:stonepath-free",
        "6179": "game:rock-granite",
        "9493": "game:agedstonebricks-granite",
        "6567": "game:woodenfence-aged-e-free",
        "3245": "game:stonepathstairs-up-east-free",
        "6723": "game:woodenfence-aged-esw-free",
        "6658": "game:woodenfence-aged-ew-free",
        "16414": "game:rocktyped-rubble-free",
        "2985": "game:cobblestonestairs-granite-up-north-free",
        "6580": "game:woodenfence-aged-s-free",
        "6632": "game:woodenfence-aged-nw-free",
        "6645": "game:woodenfence-aged-es-free",
        "3242": "game:stonepathslab-free",
        "8606": "game:clutter",
        "6593": "game:woodenfence-aged-w-free",
        "5107": "game:gravel-granite",
        "6697": "game:woodenfence-aged-new-free",
        "2852": "game:cobblestoneslab-granite-down-free",
        "3099": "game:cobblestonestairs-granite-up-west-free",
        "6541": "game:woodenfence-aged-empty-free"
    },
    "ItemCodes": {},
    "Indices": [
        11264,
        12288,
        1059840,
        1060864,
        2108416,
        2109440,
        9217,
        10241,
        13313,
        14337,
        1057793,
        1058817,
        1061889,
        1062913,
        2106369,
        2107393,
        2108417,
        2109441,
        2110465,
        2111489,
        3158017,
        3159041,
        4206593,
        7170,
        8194,
        14338,
        1055746,
        1056770,
        1062914,
        2104322,
        2105346,
        2106370,
        2107394,
        2108418,
        2111490,
        3153922,
        3154946,
        3155970,
        3156994,
        3158018,
        3159042,
        4206594,
        4207618,
        5255170,
        7171,
        15363,
        1055747,
        1063939,
        2104323,
        2105347,
        2106371,
        2109443,
        2110467,
        2111491,
        2112515,
        3152899,
        3153923,
        3154947,
        3155971,
        3156995,
        3158019,
        3159043,
        4202499,
        4203523,
        4204547,
        4205571,
        4206595,
        4207619,
        5251075,
        5255171,
        5256195,
        6299651,
        7172,
        15364,
        1055748,
        1063940,
        2104324,
        2105348,
        2111492,
        2112516,
        3152900,
        3153924,
        3154948,
        3155972,
        3159044,
        3160068,
        4201476,
        4202500,
        4203524,
        4204548,
        4205572,
        4206596,
        4207620,
        5251076,
        5252100,
        5253124,
        5254148,
        5255172,
        5256196,
        6299652,
        6303748,
        7173,
        15365,
        1055749,
        1063941,
        2104325,
        2111493,
        2112517,
        3152901,
        3153925,
        3154949,
        3155973,
        3159045,
        4201477,
        4202501,
        4203525,
        4204549,
        4205573,
        4206597,
        4207621,
        5251077,
        5252101,
        5253125,
        5254149,
        5255173,
        5256197,
        6299653,
        6150,
        7174,
        15366,
        1054726,
        1055750,
        1063942,
        2103302,
        2104326,
        2110470,
        2111494,
        2112518,
        3152902,
        3153926,
        3159046,
        4201478,
        4202502,
        4203526,
        4204550,
        4205574,
        4206598,
        4207622,
        5250054,
        5251078,
        5252102,
        5253126,
        5254150,
        5255174,
        5256198,
        6298630,
        6299654,
        6304774,
        6151,
        14343,
        1054727,
        1062919,
        2103303,
        2104327,
        2111495,
        3151879,
        3152903,
        3158023,
        3159047,
        4201479,
        4202503,
        4206599,
        4207623,
        5250055,
        5251079,
        5252103,
        5253127,
        5254151,
        5255175,
        5256199,
        6301703,
        6303751,
        6304775,
        5128,
        6152,
        14344,
        1053704,
        1054728,
        1062920,
        2102280,
        2103304,
        2110472,
        2111496,
        3151880,
        3152904,
        3158024,
        3159048,
        4201480,
        4202504,
        4206600,
        5250056,
        5251080,
        5252104,
        5253128,
        5254152,
        5255176,
        6302728,
        6303752,
        5129,
        6153,
        13321,
        1053705,
        1054729,
        1061897,
        2102281,
        2103305,
        2109449,
        2110473,
        3151881,
        3153929,
        3158025,
        3159049,
        4201481,
        4202505,
        4203529,
        4205577,
        4206601,
        5250057,
        5251081,
        5252105,
        5253129,
        5254153,
        6298633,
        6301705,
        6302729,
        4106,
        5130,
        12298,
        1052682,
        1053706,
        1060874,
        2101258,
        2102282,
        2109450,
        3151882,
        3153930,
        3157002,
        3158026,
        4200458,
        4201482,
        4202506,
        4203530,
        4204554,
        4205578,
        5249034,
        5250058,
        5251082,
        5252106,
        5253130,
        5254154,
        6302730,
        4107,
        12299,
        1052683,
        1060875,
        2101259,
        2108427,
        2109451,
        3150859,
        3151883,
        3153931,
        3154955,
        3157003,
        3158027,
        4199435,
        4200459,
        4201483,
        4202507,
        4203531,
        4204555,
        4205579,
        5248011,
        5251083,
        5252107,
        5253131,
        6296587,
        3084,
        4108,
        12300,
        1051660,
        1052684,
        1060876,
        2100236,
        2101260,
        2106380,
        2108428,
        2109452,
        3150860,
        3151884,
        3152908,
        3153932,
        3154956,
        3155980,
        3157004,
        4199436,
        4200460,
        4201484,
        4202508,
        4203532,
        4204556,
        5248012,
        5253132,
        6296588,
        2061,
        3085,
        11277,
        1050637,
        1051661,
        1059853,
        2099213,
        2100237,
        2101261,
        2106381,
        2107405,
        2108429,
        3148813,
        3149837,
        3150861,
        3151885,
        3152909,
        3153933,
        3154957,
        3155981,
        4197389,
        4198413,
        4199437,
        4200461,
        4201485,
        4202509,
        4203533,
        4204557,
        5246989,
        5248013,
        5253133,
        6296589,
        2062,
        3086,
        11278,
        1050638,
        1051662,
        1059854,
        2099214,
        2100238,
        2106382,
        2107406,
        2108430,
        3148814,
        3149838,
        3150862,
        3151886,
        3152910,
        3153934,
        3154958,
        3155982,
        4198414,
        4199438,
        4200462,
        4201486,
        4202510,
        4203534,
        5246990,
        5248014,
        5252110,
        3087,
        10255,
        1051663,
        1058831,
        2100239,
        2106383,
        2107407,
        3148815,
        3149839,
        3150863,
        3151887,
        3152911,
        3153935,
        3154959,
        4197391,
        4198415,
        4199439,
        4200463,
        4201487,
        4202511,
        4203535,
        5245967,
        5246991,
        3088,
        10256,
        1051664,
        1058832,
        2100240,
        2106384,
        2107408,
        3148816,
        3149840,
        3150864,
        3151888,
        3152912,
        3153936,
        3154960,
        4197392,
        4198416,
        4201488,
        4202512,
        4203536,
        5245968,
        6294544,
        2065,
        3089,
        10257,
        1050641,
        1051665,
        1058833,
        2099217,
        2100241,
        2106385,
        2107409,
        3148817,
        3149841,
        3150865,
        3151889,
        3152913,
        3153937,
        3154961,
        4197393,
        4198417,
        5245969,
        5246993,
        1042,
        2066,
        10258,
        1049618,
        1050642,
        1058834,
        2098194,
        2099218,
        2106386,
        2107410,
        3147794,
        3148818,
        3149842,
        3150866,
        3151890,
        3152914,
        3153938,
        3154962,
        4196370,
        4198418,
        4202514,
        5244946,
        19,
        1043,
        9235,
        1048595,
        1049619,
        1057811,
        2097171,
        2098195,
        2105363,
        2106387,
        3146771,
        3147795,
        3148819,
        3149843,
        3150867,
        3151891,
        3152915,
        3153939,
        4195347,
        4200467,
        5243923,
        6292499,
        20,
        9236,
        1048596,
        1057812,
        2097172,
        2098196,
        2105364,
        2106388,
        3146772,
        3147796,
        3148820,
        3149844,
        3150868,
        3151892,
        3152916,
        4195348,
        4196372,
        4201492,
        5243924,
        21,
        1045,
        8213,
        1048597,
        1049621,
        1056789,
        2097173,
        2098197,
        2099221,
        2104341,
        2105365,
        3146773,
        3147797,
        3148821,
        3149845,
        3150869,
        3151893,
        3152917,
        3153941,
        4195349,
        4200469,
        1046,
        7190,
        8214,
        1049622,
        1055766,
        1056790,
        2098198,
        2099222,
        2103318,
        2104342,
        2105366,
        3147798,
        3148822,
        3149846,
        3150870,
        3151894,
        1047,
        2071,
        6167,
        1049623,
        1050647,
        1054743,
        2098199,
        2099223,
        2103319,
        3148823,
        3149847,
        3150871,
        3151895,
        2072,
        6168,
        1050648,
        1054744,
        2099224,
        2100248,
        2101272,
        2102296,
        2103320,
        3148824,
        3149848,
        3150872,
        3097,
        4121,
        5145,
        1051673,
        1052697,
        1053721,
        2100249,
        2101273,
        2102297
    ],
    "BlockIds": [
        2966,
        2966,
        2966,
        2966,
        3240,
        6179,
        2966,
        2966,
        2966,
        2966,
        2966,
        2966,
        2966,
        2966,
        3240,
        3240,
        3240,
        6179,
        6179,
        6179,
        9493,
        9493,
        6567,
        2966,
        2966,
        2966,
        2966,
        2966,
        2966,
        9493,
        9493,
        9493,
        9493,
        9493,
        6179,
        9493,
        3245,
        3245,
        3245,
        9493,
        6179,
        6723,
        9493,
        6567,
        2966,
        2966,
        2966,
        2966,
        6179,
        6179,
        6179,
        9493,
        6179,
        6179,
        6179,
        9493,
        2966,
        2966,
        6179,
        6179,
        9493,
        6179,
        9493,
        3245,
        3245,
        3245,
        9493,
        6179,
        6567,
        6658,
        16414,
        6567,
        2966,
        2966,
        2966,
        2966,
        6179,
        6179,
        6179,
        6179,
        9493,
        2966,
        2966,
        6179,
        6179,
        6179,
        9493,
        2966,
        2966,
        6179,
        6179,
        6179,
        9493,
        9493,
        3245,
        3245,
        3245,
        2966,
        2985,
        6658,
        16414,
        2966,
        2966,
        2966,
        2966,
        6179,
        6179,
        6179,
        6179,
        6179,
        6179,
        6179,
        6179,
        9493,
        6179,
        6179,
        6179,
        6179,
        6179,
        2966,
        2966,
        3240,
        3240,
        3240,
        3240,
        9493,
        6658,
        2966,
        2966,
        2966,
        2966,
        2966,
        2966,
        6179,
        6179,
        9493,
        6179,
        6179,
        6179,
        6179,
        6179,
        6179,
        6179,
        6179,
        6179,
        6179,
        6179,
        9493,
        9493,
        9493,
        3240,
        3240,
        3240,
        2966,
        9493,
        6580,
        6632,
        6567,
        2966,
        2966,
        2966,
        2966,
        6179,
        2966,
        6179,
        6179,
        6179,
        6179,
        6179,
        6179,
        6179,
        6179,
        2966,
        2966,
        3240,
        3240,
        3240,
        3240,
        3240,
        2985,
        9699,
        6645,
        6632,
        2966,
        2966,
        2966,
        2966,
        2966,
        2966,
        6179,
        6179,
        6179,
        6179,
        6179,
        6179,
        6179,
        6179,
        6179,
        6179,
        9493,
        2966,
        3240,
        3240,
        3240,
        3240,
        9493,
        6645,
        6632,
        2966,
        2966,
        2966,
        2966,
        2966,
        2966,
        6179,
        6179,
        6179,
        6179,
        6179,
        6179,
        6179,
        6179,
        6179,
        6179,
        6179,
        2966,
        16414,
        2966,
        3242,
        3240,
        3240,
        2966,
        16414,
        8606,
        6658,
        2966,
        2966,
        2966,
        2966,
        2966,
        2966,
        6179,
        6179,
        6179,
        6179,
        6179,
        9493,
        6179,
        2966,
        2966,
        6179,
        6179,
        2966,
        9493,
        2966,
        3242,
        3242,
        3242,
        3242,
        2966,
        6593,
        2966,
        2966,
        2966,
        2966,
        6179,
        6179,
        6179,
        6179,
        6179,
        6179,
        6179,
        9493,
        6179,
        2966,
        3240,
        3240,
        2966,
        2966,
        2966,
        2985,
        9493,
        3242,
        3242,
        2966,
        6567,
        2966,
        2966,
        2966,
        2966,
        2966,
        2966,
        5107,
        6179,
        6179,
        6179,
        6179,
        6179,
        6179,
        6179,
        6179,
        6179,
        2966,
        6179,
        2966,
        3240,
        3240,
        3240,
        3240,
        2966,
        2966,
        2985,
        6658,
        2966,
        2966,
        2966,
        2966,
        2966,
        2966,
        5107,
        6179,
        6179,
        6179,
        2966,
        6179,
        6179,
        6179,
        6179,
        6179,
        2966,
        2966,
        9493,
        9493,
        5107,
        6179,
        5107,
        3240,
        3240,
        3240,
        3240,
        9493,
        9493,
        6697,
        2852,
        6593,
        2966,
        2966,
        2966,
        2966,
        2966,
        2966,
        5107,
        6179,
        2966,
        2966,
        6179,
        5107,
        6179,
        6179,
        2966,
        2966,
        2966,
        2966,
        3099,
        5107,
        5107,
        3240,
        3240,
        3240,
        2966,
        2966,
        6632,
        2852,
        2966,
        2966,
        2966,
        2966,
        6179,
        2966,
        6179,
        6179,
        6179,
        6179,
        2966,
        2966,
        2966,
        2966,
        9493,
        5107,
        8606,
        3242,
        3242,
        3242,
        2966,
        9493,
        16414,
        2966,
        2966,
        2966,
        2966,
        6179,
        9493,
        6179,
        6179,
        6179,
        3240,
        3240,
        2966,
        2966,
        2966,
        9493,
        6697,
        3242,
        3242,
        3099,
        2966,
        16414,
        2966,
        2966,
        2966,
        2966,
        2966,
        2966,
        6179,
        6179,
        9493,
        6179,
        6179,
        6179,
        3240,
        3240,
        3240,
        3240,
        9493,
        2966,
        6632,
        2985,
        6541,
        2966,
        2966,
        2966,
        2966,
        2966,
        2966,
        6179,
        6179,
        6179,
        6179,
        6179,
        6179,
        3240,
        3240,
        3240,
        3240,
        9493,
        6179,
        9493,
        9699,
        2852,
        9493,
        2966,
        2966,
        2966,
        2966,
        2966,
        2966,
        6179,
        6179,
        6179,
        6179,
        6179,
        6179,
        3240,
        3240,
        3240,
        3240,
        3240,
        2985,
        2966,
        8606,
        2966,
        16414,
        2966,
        2966,
        2966,
        2966,
        6179,
        6179,
        6179,
        6179,
        6179,
        6179,
        3240,
        3240,
        3240,
        3240,
        2966,
        9493,
        16414,
        16414,
        9493,
        2966,
        2966,
        2966,
        2966,
        2966,
        2966,
        6179,
        6179,
        6179,
        6179,
        6179,
        6179,
        6179,
        3240,
        3240,
        3240,
        9493,
        6179,
        2852,
        9493,
        2852,
        2966,
        2966,
        2966,
        2966,
        2966,
        2966,
        6179,
        6179,
        6179,
        6179,
        6179,
        6179,
        3242,
        3242,
        3240,
        2985,
        2966,
        2966,
        2966,
        2966,
        2966,
        2966,
        6179,
        6179,
        6179,
        3242,
        3242,
        3242,
        3099,
        2966,
        2966,
        2966,
        2966,
        6179,
        2966,
        2966,
        6179,
        6179,
        3242,
        3242,
        3242,
        2966,
        2966,
        2966,
        2966,
        2966,
        2966,
        3240,
        3240,
        3240
    ],
    "DecorIndices": [],
    "DecorIds": [],
    "BlockEntities": {
        "5256195": "!<d@[F*M!8#64c-E,TfCD?'Y:!<d@[F*`2\\#64o6@VfsmCI<#NAJK6(@r$13E+NQ3Ecki#Ch521Eb/ec\"E\\p.AJT</@Ua.b/R`^6Cgh??/SB*4DJ=3(\":&scFCB9&=9&=$!!EUFATMNNDJ*csgCME?\":&scFCB9&=o\\O&!!rsADes6$@ru9m!!E[MAT2'lE`7'gFCbFP!!!!",
        "6303748": "!<d@[F*M$9#64c-E,TfCDZBb;!<d@[F*`/[#64o6@VfsmCI<#NAJK6(@r$13E+NQ3Ecki#Ch521Eb/ec\"E\\p.AJT</@Ua.b/R`^6Cgh?>/SB*4DJ=3(\":&scFCB9&=9&=$!!EUFATMNNDJ*csdSp%X\":&scFCB9&=o\\O&!!rsADes6$@ru9m!!E[MAT2'lE`7'gFCbFP!!!!",
        "6301703": "!<d@[F*M-<#64c-E,TfCDZBb;!<d@[F*`)Y#64o6@VfsmCI<#NAJB3.E,]`9FCJfiD(TpBEd;)+ARl&M@V&tbEutAh*=;rZ!!#8K&e>EO!5Lf6_`90P*<6'>^DQ!(+9VZ",
        "4206601": "!<d@[F*M3>#64c-E,TfCD#aP9!<d@[F*`/[#64o6@VfsmCI<#NAJK6(@r$13E+NQ3Ecki#Ch521Eb/ec\"E\\p.AJT</@Ua.b/R`^6Cgh?>/SB*4DJ=3(\":&scFCB9&=9&=$!!EUFATMNNDJ*csgCHk?\":&scFCB9&=o\\O&!!rsADes6$@ru9m!!E[MAT2'lE`7'gFCbFP!!!!",
        "6298633": "!<d@[F*M3>#64c-E,TfCDZBb;!<d@[F*_uV#64o6@VfsmCI<#NAJK6(@r$13E+NQ3Ecki#Ch521Eb/ec\"E\\p.AJT</@Ua.b/R`^6Cgh??/SB*4DJ=3(\":&scFCB9&=9&=$!!EUFATMNNDJ*csjNEk(\":&scFCB9&=o\\O&!!rsADes6$@ru9m!!E[MAT2'lE`7'gFCbFP!!!!",
        "6301705": "!<d@[F*M3>#64c-E,TfCDZBb;!<d@[F*`)Y#64o6@VfsmCI<#NAHu^]F`__:EWlSfH#R=*Cgh4'ATDZAB6%p5DIbO+#BFa)@<?'_z\":8pVF(djWB5D/;m4Z6X#BFa)@<?'az#mk*[Ci!ZmFCet_\":K6]E+*I$;flGiAH2]1!!!",
        "4199439": "!<d@[F*MED#64c-E,TfCD#aP9!<d@[F*_oT#64o6@VfsmCI<#NAHu^]F`__:EWlSfH#R='Ecki#Ch52BDf9/@\":&scFCB9&=9&=$!!EUFATMNNDJ*csgCMCj\":&scFCB9&=o\\O&!!rsADes6$@ru9m!!E[MAT2'lE`7'gFCbFP!!!!",
        "5246991": "!<d@[F*MED#64c-E,TfCD?'Y:!<d@[F*_lS#64o6@VfsmCI<#NAJK6(@r$13E+NQ3Ecki#Ch521Eb/ec\"E\\p.AJT</@Ua.b/R`^6Cgh?>/SB*4DJ=3(\":&scFCB9&=9&=$!!EUFATMNNDJ*csgCMCi\":&scFCB9&=o\\O&!!rsADes6$@ru9m!!E[MAT2'lE`7'gFCbFP!!!!",
        "6294544": "!<d@[F*MHE#64c-E,TfCDZBb;!<d@[F*_iR#64o6@VfsmCI<#NAJK6(@r$13E+NQ3Ecki#Ch521Eb/ec\"E\\p.AJT</@Ua.b/R`^6Cgh?@/SB*4DJ=3(\":&scFCB9&=9&=$!!EUFATMNNDJ*csgCHk?\":&scFCB9&=o\\O&!!rsADes6$@ru9m!!E[MAT2'lE`7'gFCbFP!!!!",
        "4198418": "!<d@[F*MNG#64c-E,TfCD#aP9!<d@[F*_lS#64o6@VfsmCI<#NAJB3.E,]`9FCJfiD(TpBEd;)+ARl&M@V&tbEutAh*=;rZ!!!!`&e>EO!.[9KZYPf3*<6)T58`ER+9VZ",
        "4200467": "!<d@[F*MQH#64c-E,TfCD#aP9!<d@[F*_rU#64o6@VfsmCI<#NAHu^]F`__:EWlSfH#R=*Cgh4'ATDZAB6%p5DIbX.#BFa)@<?'_z\":8pVF(djWB5D/6&'7$=#BFa)@<?'az#mk*[Ci!ZmFCet_\":K6]E+*I$;flGiAH2]1!!!",
        "6292499": "!<d@[F*MQH#64c-E,TfCDZBb;!<d@[F*_cP#64o6@VfsmCI<#NAJK6(@r$13E+NQ3Ecki#Ch521Eb/ec\"E\\p.AJT</@Ua.b/R`^6Cgh??/SB*4DJ=3(\":&scFCB9&=9&=$!!EUFATMNNDJ*csz\":&scFCB9&=o\\O&!!rsADes6$@ru9m!!E[MAT2'lE`7'gFCbFP!!!!",
        "4196372": "!<d@[F*MTI#64c-E,TfCD#aP9!<d@[F*_fQ#64o6@VfsmCI<#NAJK6(@r$13E+NQ3Ecki#Ch521Eb/ec\"E\\p.AJT</@Ua.b/R`^6Cgh??/SB*4DJ=3(\":&scFCB9&=9&=$!!EUFATMNNDJ*csz\":&scFCB9&=o\\O&!!rsADes6$@ru9m!!E[MAT2'lE`7'gFCbFP!!!!",
        "4201492": "!<d@[F*MTI#64c-E,TfCD#aP9!<d@[F*_uV#64o6@VfsmCI<#NAJK6(@r$13E+NQ3Ecki#Ch521Eb/ec\"E\\p.AJT</@Ua.b/R`^6Cgh?@/SB*4DJ=3(\":&scFCB9&=9&=$!!EUFATMNNDJ*csjNEk(\":&scFCB9&=o\\O&!!rsADes6$@ru9m!!E[MAT2'lE`7'gFCbFP!!!!"
    },
    "Entities": [],
    "ReplaceMode": 2,
    "EntranceRotation": -1
}