{
    "GameVersion": "1.19.7",
    "SizeX": 3,
    "SizeY": 4,
    "SizeZ": 5,
    "BlockCodes": {
        "2966": "game:cobblestone-granite",
        "3240": "game:stonepath-free",
        "9493": "game:agedstonebricks-granite",
        "6567": "game:woodenfence-aged-e-free",
        "6554": "game:woodenfence-aged-n-free",
        "16414": "game:rocktyped-rubble-free"
    },
    "ItemCodes": {},
    "Indices": [
        1024,
        3072,
        1049600,
        1051648,
        2098176,
        2100224,
        1,
        2049,
        4097,
        1048577,
        1050625,
        1052673,
        2097153,
        2098177,
        2099201,
        2100225,
        2101249,
        3145729,
        2,
        1026,
        2050,
        3074,
        4098,
        1048578,
        1049602,
        1050626,
        1051650,
        1052674,
        2097154,
        2098178,
        2099202,
        2100226,
        2101250,
        3145730,
        3146754,
        3148802
    ],
    "BlockIds": [
        2966,
        2966,
        2966,
        2966,
        3240,
        3240,
        2966,
        2966,
        2966,
        2966,
        2966,
        2966,
        9493,
        3240,
        3240,
        3240,
        3240,
        6567,
        2966,
        2966,
        2966,
        2966,
        2966,
        2966,
        2966,
        2966,
        2966,
        2966,
        9493,
        9493,
        3240,
        9493,
        3240,
        9493,
        6554,
        16414
    ],
    "DecorIndices": [],
    "DecorIds": [],
    "BlockEntities": {
        "3148802": "!<d@[F*LR,#64c-E,TfCD?'Y:!<d@[F*aJ+#64o6@VfsmCI<#NAJK6(@r$13E+NQ3Ecki#Ch521Eb/ec\"E\\p.AJT</@Ua.b/R`^6Cgh?@/SB*4DJ=3(\":&scFCB9&=9&=$!!EUFATMNNDJ*csgCHlk\":&scFCB9&=o\\O&!!rsADes6$@ru9m!!E[MAT2'lE`7'gFCbFP!!!!"
    },
    "Entities": [],
    "ReplaceMode": 2,
    "EntranceRotation": -1
}