{
	"code": "palette",
	"class": "ItemPalette",
		storageFlags: 257,
	"drawtype": "json",
	"shape": { "base": "item/tool/palette" },
	"variantgroups": [
		{
			"code": "material",
			"states": [ "standard" ]
		}
	],
	"textures": {
		"metal": { "base": "game:block/wood/oak" },
		"wood": { "base": "game:item/tool/material/handle" },
		"linen": { "base": "game:item/tool/material/linen" }
	},

	"attributes": {
		"toolrackTransform": {
			"translation": {
				"x": 0,
				"y": 0.61,
				"z": 0
			},
			"rotation": {
				"x": 0,
				"y": 0,
				"z": 2
			},
			"scale": 1.5,
			
		},
		"rackable": true
	},
	"damagedby": [ "blockbreaking", "attacking" ],
	"enabled": true,
	"heldTpHitAnimation": "idle",
	"creativeinventory": {
		"general": ["*"],"chiseltools": [ "*" ]
	},
		guiTransform: {
		translation: { x: 10, y: -2, z: 0 },
		rotation: { x: 47, y: -90, z: -55 },
		origin: { x: 0.5299, y: 0, z: 0.4 },
		scale: 2.65
	},
	"fpHandTransform": {
		"translation": {
			"x": 0.1,
			"y": 0.3,
			"z": 0
		},
		"rotation": {
			"x": 90,
			"y": 99,
			"z": -42
		},
		"origin": {
			"x": 0.5,
			"y": 0,
			"z": 0.5
		},
		"scale": 2.15
	},
	"groundTransform": {
		"translation": {
			"x": 0,
			"y": 0,
			"z": 0
		},
		"rotation": {
			"x": 0,
			"y": 0,
			"z": 0
		},
		"origin": {
			"x": 0.5,
			"y": 0,
			"z": 0.5
		},
		"scale": 4.31
	},
	"tpHandTransform": {
		"translation": {
			"x": -0.78,
			"y": -0.09,
			"z": -0.67
		},
		"rotation": {
			"x": 9,
			"y": -1,
			"z": -16
		},
		"origin": {
			"x": 0.5,
			"y": 0,
			"z": 0.5
		},
		"scale": 0.76
	},
	"durabilitybytype": {
		
		"palette-standard": 75
		
	}
}