{
	"editor": {
		"allAngles": false,
		"entityTextureMode": false
	},
	"textureWidth": 16,
	"textureHeight": 16,
	"textureSizes": {
	},
	"textures": {
		"egg": "game:block/henbox/egg"
	},
	"elements": [
		{
			"name": "egg 1",
			"from": [ 9.7, 0.0, 5.7 ], 
			"to": [ 13.2, 1.6, 9.3 ], 
			"rotationOrigin": [ 10.7, 1.0, 6.7 ],
			"rotationY": -22.5,
			"faces": {
				"north": { "texture": "#egg", "uv": [ 10.5, 2.5, 14.0, 4.0 ] },
				"east": { "texture": "#egg", "uv": [ 11.0, 3.0, 14.5, 4.5 ] },
				"south": { "texture": "#egg", "uv": [ 10.5, 3.0, 14.0, 4.5 ] },
				"west": { "texture": "#egg", "uv": [ 12.0, 3.5, 15.5, 5.0 ] },
				"up": { "texture": "#egg", "uv": [ 11.0, 2.5, 14.5, 6.0 ] },
				"down": { "texture": "#egg", "uv": [ 10.0, 2.0, 13.5, 5.5 ] }
			}
		},
		{
			"name": "egg 2",
			"from": [ 3.9, -0.1, 5.8 ], 
			"to": [ 7.4, 1.4, 9.3 ], 
			"rotationOrigin": [ 4.9, 1.0, 6.8 ],
			"rotationY": 22.5,
			"faces": {
				"north": { "texture": "#egg", "uv": [ 12.0, 7.5, 15.5, 9.0 ] },
				"east": { "texture": "#egg", "uv": [ 11.5, 5.5, 15.0, 7.0 ] },
				"south": { "texture": "#egg", "uv": [ 12.0, 7.5, 15.5, 9.0 ] },
				"west": { "texture": "#egg", "uv": [ 11.5, 7.0, 15.0, 8.5 ] },
				"up": { "texture": "#egg", "uv": [ 10.0, 7.0, 13.5, 10.5 ] },
				"down": { "texture": "#egg", "uv": [ 11.0, 6.0, 14.5, 9.5 ] }
			}
		},
		{
			"name": "egg 3",
			"from": [ 6.8, -0.1, 11.0 ], 
			"to": [ 10.3, 1.4, 14.5 ], 
			"rotationOrigin": [ 7.8, 1.0, 12.0 ],
			"rotationY": 45.0,
			"faces": {
				"north": { "texture": "#egg", "uv": [ 11.5, 13.0, 15.0, 14.5 ] },
				"east": { "texture": "#egg", "uv": [ 11.5, 12.0, 15.0, 13.5 ] },
				"south": { "texture": "#egg", "uv": [ 10.0, 11.0, 13.5, 12.5 ] },
				"west": { "texture": "#egg", "uv": [ 11.0, 13.0, 14.5, 14.5 ] },
				"up": { "texture": "#egg", "uv": [ 11.0, 10.0, 14.5, 13.5 ] },
				"down": { "texture": "#egg", "uv": [ 4.5, 9.0, 8.0, 12.5 ] }
			}
		}
	]}