{
	"editor": {
		"allAngles": false,
		"entityTextureMode": true
	},
	"textureWidth": 24,
	"textureHeight": 20,
	"textureSizes": {
	},
	"elements": [
		{
			"name": "Body",
			"from": [ 3.0, 1.0, 6.5 ],
			"to": [ 14.0, 4.0, 9.5 ],
			"autoUnwrap": false,
			"uv": [ 0.5, 5.5 ],
			"rotationOrigin": [ 8.0, 1.0, 8.0 ],
			"faces": {
				"north": { "texture": "#skin", "uv": [ 11.0, 3.0, 0.0, 6.0 ], "autoUv": false },
				"east": { "texture": "#skin", "uv": [ 11.0, 3.0, 14.0, 6.0 ] },
				"south": { "texture": "#skin", "uv": [ 0.0, 3.0, 11.0, 6.0 ], "windMode": [-1,-1,-1,-1] },
				"west": { "texture": "#skin", "uv": [ 14.0, 3.0, 17.0, 6.0 ] },
				"up": { "texture": "#skin", "uv": [ 13.0, 16.0, 24.0, 20.0 ], "autoUv": false, "windMode": [-1,-1,-1,-1] },
				"down": { "texture": "#skin", "uv": [ 12.0, 0.0, 23.0, 3.0 ] }
			},
			"children": [
				{
					"name": "Neck",
					"from": [ -2.0, 0.5, 0.25 ],
					"to": [ 1.0, 2.5, 2.75 ],
					"autoUnwrap": false,
					"uv": [ 0.0, 9.5 ],
					"rotationOrigin": [ 1.0, 0.5, 2.0 ],
					"faces": {
						"north": { "texture": "#skin", "uv": [ 13.0, 16.5, 10.0, 18.5 ], "autoUv": false },
						"east": { "texture": "#skin", "uv": [ 9.0, 10.5, 11.5, 12.5 ] },
						"south": { "texture": "#skin", "uv": [ 10.0, 16.5, 13.0, 18.5 ], "windMode": [-1,-1,-1,-1] },
						"west": { "texture": "#skin", "uv": [ 11.5, 10.5, 14.0, 12.5 ] },
						"up": { "texture": "#skin", "uv": [ 0.0, 9.5, 3.0, 12.0 ] },
						"down": { "texture": "#skin", "uv": [ 3.0, 9.5, 6.0, 12.0 ] }
					},
					"children": [
						{
							"name": "Head",
							"from": [ -3.0, -0.25, -0.5 ],
							"to": [ 0.0, 2.25, 3.0 ],
							"autoUnwrap": false,
							"uv": [ 0.0, 6.0 ],
							"rotationOrigin": [ 0.0, 2.0, 1.75 ],
							"faces": {
								"north": { "texture": "#skin", "uv": [ 9.0, 6.0, 6.0, 8.5 ], "autoUv": false },
								"east": { "texture": "#skin", "uv": [ 9.0, 6.0, 12.5, 8.5 ] },
								"south": { "texture": "#skin", "uv": [ 6.0, 6.0, 9.0, 8.5 ], "windMode": [-1,-1,-1,-1] },
								"west": { "texture": "#skin", "uv": [ 12.5, 6.0, 16.0, 8.5 ] },
								"up": { "texture": "#skin", "uv": [ 0.0, 6.0, 3.0, 9.5 ] },
								"down": { "texture": "#skin", "uv": [ 3.0, 6.0, 6.0, 9.5 ] }
							},
							"children": [
								{
									"name": "LowerJaw",
									"from": [ -2.0, 0.0, 0.5 ],
									"to": [ 0.0, 0.5, 3.0 ],
									"autoUnwrap": false,
									"uv": [ 11.0, 17.0 ],
									"rotationOrigin": [ 0.0, 0.5, 2.0 ],
									"faces": {
										"north": { "texture": "#skin", "uv": [ 20.0, 14.0, 22.0, 14.5 ] },
										"east": { "texture": "#skin", "uv": [ 19.5, 14.5, 22.0, 15.0 ] },
										"south": { "texture": "#skin", "uv": [ 20.0, 14.0, 22.0, 14.5 ] },
										"west": { "texture": "#skin", "uv": [ 19.5, 14.5, 22.0, 15.0 ] },
										"up": { "texture": "#skin", "uv": [ 14.0, 13.5, 16.0, 16.0 ] },
										"down": { "texture": "#skin", "uv": [ 16.0, 13.5, 18.0, 16.0 ], "windMode": [-1,-1,-1,-1] }
									}
								},
								{
									"name": "UpperJaw",
									"from": [ -2.0, 0.5, 0.5 ],
									"to": [ 0.0, 2.0, 3.0 ],
									"autoUnwrap": false,
									"uv": [ 16.5, 14.5 ],
									"rotationOrigin": [ -3.0, 1.0, 1.0 ],
									"faces": {
										"north": { "texture": "#skin", "uv": [ 21.5, 5.0, 24.0, 6.5 ], "autoUv": false, "windMode": [-1,-1,-1,-1] },
										"east": { "texture": "#skin", "uv": [ 17.0, 4.5, 19.5, 6.0 ], "windMode": [-1,-1,-1,-1] },
										"south": { "texture": "#skin", "uv": [ 24.0, 5.0, 21.5, 6.5 ], "autoUv": false, "windMode": [-1,-1,-1,-1] },
										"west": { "texture": "#skin", "uv": [ 17.0, 3.0, 19.5, 4.5 ] },
										"up": { "texture": "#skin", "uv": [ 16.0, 6.0, 18.5, 8.5 ], "autoUv": false, "windMode": [-1,-1,-1,-1] },
										"down": { "texture": "#skin", "uv": [ 18.5, 6.0, 21.0, 8.5 ], "autoUv": false }
									}
								},
								{
									"name": "RightEye",
									"from": [ -0.25, 1.5, -0.4 ],
									"to": [ 1.0, 2.75, 0.6 ],
									"unwrapMode": 3,
									"uv": [ 19.5, 3.0 ],
									"rotationOrigin": [ 1.0, 2.0, 0.0 ],
									"rotationY": 20.0,
									"faces": {
										"north": { "texture": "#skin", "uv": [ 22.5, 4.0, 23.5, 5.0 ], "windMode": [-1,-1,-1,-1] },
										"east": { "texture": "#skin", "uv": [ 21.5, 4.0, 22.5, 5.0 ] },
										"south": { "texture": "#skin", "uv": [ 20.5, 4.0, 21.5, 5.0 ] },
										"west": { "texture": "#skin", "uv": [ 19.5, 4.0, 20.5, 5.0 ] },
										"up": { "texture": "#skin", "uv": [ 20.5, 3.0, 21.5, 4.0 ] },
										"down": { "texture": "#skin", "uv": [ 20.5, 5.0, 21.5, 6.0 ], "rotation": 180 }
									}
								},
								{
									"name": "LeftEye",
									"from": [ -0.25, 1.5, 2.9 ],
									"to": [ 1.0, 2.75, 3.9 ],
									"unwrapMode": 1,
									"autoUnwrap": false,
									"uv": [ 19.5, 3.0 ],
									"rotationOrigin": [ 1.0, 2.0, 3.5 ],
									"rotationY": -20.0,
									"faces": {
										"north": { "texture": "#skin", "uv": [ 20.5, 4.0, 21.5, 5.0 ] },
										"east": { "texture": "#skin", "uv": [ 19.5, 4.0, 20.5, 5.0 ] },
										"south": { "texture": "#skin", "uv": [ 23.5, 4.0, 22.5, 5.0 ], "autoUv": false, "windMode": [-1,-1,-1,-1] },
										"west": { "texture": "#skin", "uv": [ 21.5, 4.0, 22.5, 5.0 ] },
										"up": { "texture": "#skin", "uv": [ 20.5, 3.0, 21.5, 4.0 ], "rotation": 180 },
										"down": { "texture": "#skin", "uv": [ 20.5, 5.0, 21.5, 6.0 ] }
									}
								}
							]
						}
					]
				},
				{
					"name": "UpperTail",
					"from": [ 10.0, 0.5, 0.5 ],
					"to": [ 15.5, 2.5, 2.5 ],
					"autoUnwrap": false,
					"uv": [ 6.0, 8.5 ],
					"rotationOrigin": [ 10.0, 1.5, 1.0 ],
					"faces": {
						"north": { "texture": "#skin", "uv": [ 17.0, 8.5, 22.0, 10.5 ], "autoUv": false, "windMode": [-1,-1,-1,-1] },
						"east": { "texture": "#skin", "uv": [ 22.0, 6.5, 24.0, 8.5 ], "windMode": [-1,-1,-1,-1] },
						"south": { "texture": "#skin", "uv": [ 17.0, 8.5, 22.0, 10.5 ], "autoUv": false, "windMode": [-1,-1,-1,-1] },
						"west": { "texture": "#skin", "uv": [ 22.0, 10.5, 24.0, 12.5 ], "windMode": [-1,-1,-1,-1] },
						"up": { "texture": "#skin", "uv": [ 6.5, 8.5, 11.5, 10.5 ], "autoUv": false, "windMode": [-1,-1,-1,-1] },
						"down": { "texture": "#skin", "uv": [ 16.5, 8.5, 11.5, 10.5 ], "autoUv": false, "windMode": [-1,-1,-1,-1] }
					},
					"children": [
						{
							"name": "MidTail",
							"from": [ 5.0, -0.125, -0.125 ],
							"to": [ 12.0, 2.125, 2.125 ],
							"autoUnwrap": false,
							"uv": [ 7.5, 16.0 ],
							"rotationOrigin": [ 5.0, 0.0, 1.0 ],
							"faces": {
								"north": { "texture": "#skin", "uv": [ 8.0, 15.0, 2.0, 17.5 ], "autoUv": false, "windMode": [-1,-1,-1,-1] },
								"east": { "texture": "#skin", "uv": [ 9.0, 14.5, 11.0, 16.5 ] },
								"south": { "texture": "#skin", "uv": [ 2.0, 15.0, 8.0, 17.5 ], "autoUv": false, "windMode": [-1,-1,-1,-1] },
								"west": { "texture": "#skin", "uv": [ 11.0, 14.5, 13.0, 16.5 ] },
								"up": { "texture": "#skin", "uv": [ 1.0, 12.0, 7.0, 15.0 ], "autoUv": false, "windMode": [-1,-1,-1,-1] },
								"down": { "texture": "#skin", "uv": [ 7.0, 12.5, 14.0, 14.5 ], "windMode": [-1,-1,-1,-1] }
							},
							"children": [
								{
									"name": "LowerTail",
									"from": [ 6.0, 0.25, 0.375 ],
									"to": [ 11.0, 1.75, 1.875 ],
									"autoUnwrap": false,
									"uv": [ 16.0, 27.5 ],
									"rotationOrigin": [ 6.0, 1.0, 1.5 ],
									"faces": {
										"north": { "texture": "#skin", "uv": [ 24.0, 12.5, 19.0, 14.0 ], "autoUv": false },
										"east": { "texture": "#skin", "uv": [ 19.0, 10.5, 20.5, 12.0 ], "windMode": [-1,-1,-1,-1] },
										"south": { "texture": "#skin", "uv": [ 19.0, 12.5, 24.0, 14.0 ], "windMode": [-1,-1,-1,-1] },
										"west": { "texture": "#skin", "uv": [ 20.5, 10.5, 22.0, 12.0 ] },
										"up": { "texture": "#skin", "uv": [ 14.0, 10.5, 19.0, 12.0 ], "windMode": [-1,-1,-1,-1] },
										"down": { "texture": "#skin", "uv": [ 14.0, 12.0, 19.0, 13.5 ], "windMode": [-1,-1,-1,-1] }
									}
								}
							]
						}
					]
				},
				{
					"name": "RFLegUpper",
					"from": [ 1.0, 0.0, -2.0 ],
					"to": [ 2.05, 1.0, 1.0 ],
					"uv": [ 0.0, 15.0 ],
					"rotationOrigin": [ 1.5, 1.0, 1.0 ],
					"faces": {
						"north": { "texture": "#skin", "uv": [ 0.0, 18.0, 1.0, 19.0 ] },
						"east": { "texture": "#skin", "uv": [ 1.0, 18.0, 4.0, 19.0 ] },
						"south": { "texture": "#skin", "uv": [ 4.0, 18.0, 5.0, 19.0 ] },
						"west": { "texture": "#skin", "uv": [ 5.0, 18.0, 8.0, 19.0 ] },
						"up": { "texture": "#skin", "uv": [ 0.0, 15.0, 1.0, 18.0 ] },
						"down": { "texture": "#skin", "uv": [ 1.0, 15.0, 2.0, 18.0 ] }
					},
					"children": [
						{
							"name": "RFLegLower",
							"from": [ 0.025, 0.0, -2.0 ],
							"to": [ 1.025, 1.0, 0.0 ],
							"autoUnwrap": false,
							"uv": [ 6.0, 0.0 ],
							"rotationOrigin": [ 0.5, 1.0, 0.0 ],
							"rotationX": -45.0,
							"faces": {
								"north": { "texture": "#skin", "uv": [ 6.0, 2.0, 7.0, 3.0 ] },
								"east": { "texture": "#skin", "uv": [ 7.0, 2.0, 9.0, 3.0 ] },
								"south": { "texture": "#skin", "uv": [ 9.0, 2.0, 10.0, 3.0 ] },
								"west": { "texture": "#skin", "uv": [ 12.0, 2.0, 10.0, 3.0 ], "autoUv": false, "windMode": [-1,-1,-1,-1] },
								"up": { "texture": "#skin", "uv": [ 6.0, 2.0, 7.0, 0.0 ], "autoUv": false, "windMode": [-1,-1,-1,-1] },
								"down": { "texture": "#skin", "uv": [ 7.0, 0.0, 8.0, 2.0 ] }
							},
							"children": [
								{
									"name": "RFFoot",
									"from": [ -0.5, 0.0, -1.5 ],
									"to": [ 1.0, 1.0, 0.0 ],
									"uv": [ 0.0, 0.0 ],
									"rotationOrigin": [ 0.0, 0.0, 0.0 ],
									"rotationX": 45.0,
									"faces": {
										"north": { "texture": "#skin", "uv": [ 0.0, 1.5, 1.5, 2.5 ] },
										"east": { "texture": "#skin", "uv": [ 1.5, 1.5, 3.0, 2.5 ] },
										"south": { "texture": "#skin", "uv": [ 3.0, 1.5, 4.5, 2.5 ] },
										"west": { "texture": "#skin", "uv": [ 4.5, 1.5, 6.0, 2.5 ] },
										"up": { "texture": "#skin", "uv": [ 0.0, 0.0, 1.5, 1.5 ] },
										"down": { "texture": "#skin", "uv": [ 1.5, 0.0, 3.0, 1.5 ] }
									}
								}
							]
						}
					]
				},
				{
					"name": "LFLegUpper",
					"from": [ 1.0, 0.0, 2.0 ],
					"to": [ 2.05, 1.0, 5.0 ],
					"uv": [ 0.0, 15.0 ],
					"rotationOrigin": [ 1.5, 1.0, 2.0 ],
					"faces": {
						"north": { "texture": "#skin", "uv": [ 0.0, 18.0, 1.0, 19.0 ] },
						"east": { "texture": "#skin", "uv": [ 1.0, 18.0, 4.0, 19.0 ] },
						"south": { "texture": "#skin", "uv": [ 4.0, 18.0, 5.0, 19.0 ] },
						"west": { "texture": "#skin", "uv": [ 5.0, 18.0, 8.0, 19.0 ] },
						"up": { "texture": "#skin", "uv": [ 0.0, 15.0, 1.0, 18.0 ], "windMode": [-1,-1,-1,-1] },
						"down": { "texture": "#skin", "uv": [ 1.0, 15.0, 2.0, 18.0 ] }
					},
					"children": [
						{
							"name": "LFLegLower",
							"from": [ 0.025, 0.0, 3.0 ],
							"to": [ 1.025, 1.0, 5.0 ],
							"autoUnwrap": false,
							"uv": [ 6.0, 0.0 ],
							"rotationOrigin": [ 0.5, 1.0, 3.0 ],
							"rotationX": 45.0,
							"faces": {
								"north": { "texture": "#skin", "uv": [ 6.0, 2.0, 7.0, 3.0 ] },
								"east": { "texture": "#skin", "uv": [ 9.0, 2.0, 7.0, 3.0 ], "autoUv": false, "windMode": [-1,-1,-1,-1] },
								"south": { "texture": "#skin", "uv": [ 9.0, 2.0, 10.0, 3.0 ] },
								"west": { "texture": "#skin", "uv": [ 10.0, 2.0, 12.0, 3.0 ] },
								"up": { "texture": "#skin", "uv": [ 6.0, 0.0, 7.0, 2.0 ] },
								"down": { "texture": "#skin", "uv": [ 7.0, 0.0, 8.0, 2.0 ] }
							},
							"children": [
								{
									"name": "LFFoot",
									"from": [ -0.5, 0.0, 2.0 ],
									"to": [ 1.0, 1.0, 3.5 ],
									"uv": [ 0.0, 0.0 ],
									"rotationOrigin": [ 0.0, 0.0, 2.0 ],
									"rotationX": -45.0,
									"faces": {
										"north": { "texture": "#skin", "uv": [ 0.0, 1.5, 1.5, 2.5 ] },
										"east": { "texture": "#skin", "uv": [ 1.5, 1.5, 3.0, 2.5 ] },
										"south": { "texture": "#skin", "uv": [ 3.0, 1.5, 4.5, 2.5 ] },
										"west": { "texture": "#skin", "uv": [ 4.5, 1.5, 6.0, 2.5 ] },
										"up": { "texture": "#skin", "uv": [ 0.0, 0.0, 1.5, 1.5 ] },
										"down": { "texture": "#skin", "uv": [ 1.5, 0.0, 3.0, 1.5 ] }
									}
								}
							]
						}
					]
				},
				{
					"name": "RBLegUpper",
					"from": [ 9.925, 0.0, -2.0 ],
					"to": [ 10.975, 1.0, 1.0 ],
					"uv": [ 0.0, 15.0 ],
					"rotationOrigin": [ 10.5, 1.0, 0.0 ],
					"faces": {
						"north": { "texture": "#skin", "uv": [ 0.0, 18.0, 1.0, 19.0 ] },
						"east": { "texture": "#skin", "uv": [ 1.0, 18.0, 4.0, 19.0 ] },
						"south": { "texture": "#skin", "uv": [ 4.0, 18.0, 5.0, 19.0 ] },
						"west": { "texture": "#skin", "uv": [ 5.0, 18.0, 8.0, 19.0 ] },
						"up": { "texture": "#skin", "uv": [ 0.0, 15.0, 1.0, 18.0 ] },
						"down": { "texture": "#skin", "uv": [ 1.0, 15.0, 2.0, 18.0 ] }
					},
					"children": [
						{
							"name": "RBLegLower",
							"from": [ 0.025, 0.0, -2.0 ],
							"to": [ 1.025, 1.0, 0.0 ],
							"autoUnwrap": false,
							"uv": [ 6.0, 0.0 ],
							"rotationOrigin": [ 0.5, 1.0, 0.0 ],
							"rotationX": -45.0,
							"faces": {
								"north": { "texture": "#skin", "uv": [ 6.0, 2.0, 7.0, 3.0 ] },
								"east": { "texture": "#skin", "uv": [ 7.0, 2.0, 9.0, 3.0 ] },
								"south": { "texture": "#skin", "uv": [ 9.0, 2.0, 10.0, 3.0 ] },
								"west": { "texture": "#skin", "uv": [ 12.0, 2.0, 10.0, 3.0 ], "autoUv": false, "windMode": [-1,-1,-1,-1] },
								"up": { "texture": "#skin", "uv": [ 6.0, 2.0, 7.0, 0.0 ], "autoUv": false, "windMode": [-1,-1,-1,-1] },
								"down": { "texture": "#skin", "uv": [ 7.0, 0.0, 8.0, 2.0 ] }
							},
							"children": [
								{
									"name": "RBFoot",
									"from": [ -0.5, 0.0, -1.5 ],
									"to": [ 1.0, 1.0, 0.0 ],
									"uv": [ 0.0, 0.0 ],
									"rotationOrigin": [ 0.0, 0.0, 0.0 ],
									"rotationX": 45.0,
									"faces": {
										"north": { "texture": "#skin", "uv": [ 0.0, 1.5, 1.5, 2.5 ] },
										"east": { "texture": "#skin", "uv": [ 1.5, 1.5, 3.0, 2.5 ] },
										"south": { "texture": "#skin", "uv": [ 3.0, 1.5, 4.5, 2.5 ] },
										"west": { "texture": "#skin", "uv": [ 4.5, 1.5, 6.0, 2.5 ] },
										"up": { "texture": "#skin", "uv": [ 0.0, 0.0, 1.5, 1.5 ] },
										"down": { "texture": "#skin", "uv": [ 1.5, 0.0, 3.0, 1.5 ] }
									}
								}
							]
						}
					]
				},
				{
					"name": "LBLegUpper",
					"from": [ 9.925, 0.0, 2.0 ],
					"to": [ 10.975, 1.0, 5.0 ],
					"uv": [ 0.0, 15.0 ],
					"rotationOrigin": [ 10.5, 1.0, 2.0 ],
					"faces": {
						"north": { "texture": "#skin", "uv": [ 0.0, 18.0, 1.0, 19.0 ] },
						"east": { "texture": "#skin", "uv": [ 1.0, 18.0, 4.0, 19.0 ] },
						"south": { "texture": "#skin", "uv": [ 4.0, 18.0, 5.0, 19.0 ] },
						"west": { "texture": "#skin", "uv": [ 5.0, 18.0, 8.0, 19.0 ] },
						"up": { "texture": "#skin", "uv": [ 0.0, 15.0, 1.0, 18.0 ] },
						"down": { "texture": "#skin", "uv": [ 1.0, 15.0, 2.0, 18.0 ] }
					},
					"children": [
						{
							"name": "LBLegLower",
							"from": [ 0.025, 0.0, 3.0 ],
							"to": [ 1.025, 1.0, 5.0 ],
							"autoUnwrap": false,
							"uv": [ 6.0, 0.0 ],
							"rotationOrigin": [ 0.5, 1.0, 3.0 ],
							"rotationX": 45.0,
							"faces": {
								"north": { "texture": "#skin", "uv": [ 6.0, 2.0, 7.0, 3.0 ] },
								"east": { "texture": "#skin", "uv": [ 9.0, 2.0, 7.0, 3.0 ], "autoUv": false, "windMode": [-1,-1,-1,-1] },
								"south": { "texture": "#skin", "uv": [ 9.0, 2.0, 10.0, 3.0 ] },
								"west": { "texture": "#skin", "uv": [ 10.0, 2.0, 12.0, 3.0 ] },
								"up": { "texture": "#skin", "uv": [ 6.0, 0.0, 7.0, 2.0 ] },
								"down": { "texture": "#skin", "uv": [ 7.0, 0.0, 8.0, 2.0 ] }
							},
							"children": [
								{
									"name": "LBFoot",
									"from": [ -0.5, 0.0, 2.0 ],
									"to": [ 1.0, 1.0, 3.5 ],
									"uv": [ 0.0, 0.0 ],
									"rotationOrigin": [ 0.0, 0.0, 2.0 ],
									"rotationX": -45.0,
									"faces": {
										"north": { "texture": "#skin", "uv": [ 0.0, 1.5, 1.5, 2.5 ] },
										"east": { "texture": "#skin", "uv": [ 1.5, 1.5, 3.0, 2.5 ] },
										"south": { "texture": "#skin", "uv": [ 3.0, 1.5, 4.5, 2.5 ] },
										"west": { "texture": "#skin", "uv": [ 4.5, 1.5, 6.0, 2.5 ] },
										"up": { "texture": "#skin", "uv": [ 0.0, 0.0, 1.5, 1.5 ] },
										"down": { "texture": "#skin", "uv": [ 1.5, 0.0, 3.0, 1.5 ] }
									}
								}
							]
						}
					]
				}
			]
		}
	],
	"animations": [
		{
			"name": "idle",
			"code": "idle",
			"quantityframes": 30,
			"onActivityStopped": "Rewind",
			"onAnimationEnd": "Repeat",
			"keyframes": [
				{
					"frame": 0,
					"elements": {
						"Body": { "offsetX": 0.0, "offsetY": 0.0, "offsetZ": -0.25 },
						"RFLegUpper": { "rotationX": 5.0, "rotationY": 0.0, "rotationZ": 0.0 },
						"RFLegLower": { "rotationX": -10.0, "rotationY": 0.0, "rotationZ": 0.0 },
						"RFFoot": { "rotationX": 5.0, "rotationY": 0.0, "rotationZ": 0.0 },
						"LFLegUpper": { "rotationX": 0.0, "rotationY": 0.0, "rotationZ": 0.0 },
						"LFLegLower": { "rotationX": -10.0, "rotationY": 0.0, "rotationZ": 0.0 },
						"LFFoot": { "rotationX": 10.0, "rotationY": 0.0, "rotationZ": 0.0 },
						"RBLegUpper": { "rotationX": 5.0, "rotationY": 0.0, "rotationZ": 0.0 },
						"RBLegLower": { "rotationX": -10.0, "rotationY": 0.0, "rotationZ": 0.0 },
						"RBFoot": { "rotationX": 5.0, "rotationY": 0.0, "rotationZ": 0.0 },
						"LBLegUpper": { "rotationX": 0.0, "rotationY": 0.0, "rotationZ": 0.0 },
						"LBLegLower": { "rotationX": -10.0, "rotationY": 0.0, "rotationZ": 0.0 },
						"LBFoot": { "rotationX": 10.0, "rotationY": 0.0, "rotationZ": 0.0 },
						"UpperTail": { "rotationX": 0.0, "rotationY": 5.0, "rotationZ": -5.0 },
						"MidTail": { "rotationX": 0.0, "rotationY": 8.0, "rotationZ": 0.0 },
						"LowerTail": { "rotationX": 0.0, "rotationY": 13.0, "rotationZ": 0.0 },
						"Neck": { "rotationX": 0.0, "rotationY": 0.0, "rotationZ": -25.0 },
						"Head": { "rotationX": 0.0, "rotationY": 0.0, "rotationZ": 25.0 }
					}
				},
				{
					"frame": 15,
					"elements": {
						"Body": { "offsetX": 0.0, "offsetY": 0.0, "offsetZ": 0.25 },
						"RFLegUpper": { "rotationX": 0.0, "rotationY": 0.0, "rotationZ": 0.0 },
						"RFLegLower": { "rotationX": 10.0, "rotationY": 0.0, "rotationZ": 0.0 },
						"RFFoot": { "rotationX": -10.0, "rotationY": 0.0, "rotationZ": 0.0 },
						"LFLegUpper": { "rotationX": -5.0, "rotationY": 0.0, "rotationZ": 0.0 },
						"LFLegLower": { "rotationX": 10.0, "rotationY": 0.0, "rotationZ": 0.0 },
						"LFFoot": { "rotationX": -5.0, "rotationY": 0.0, "rotationZ": 0.0 },
						"RBLegUpper": { "rotationX": 0.0, "rotationY": 0.0, "rotationZ": 0.0 },
						"RBLegLower": { "rotationX": 10.0, "rotationY": 0.0, "rotationZ": 0.0 },
						"RBFoot": { "rotationX": -10.0, "rotationY": 0.0, "rotationZ": 0.0 },
						"LBLegUpper": { "rotationX": -5.0, "rotationY": 0.0, "rotationZ": 0.0 },
						"LBLegLower": { "rotationX": 10.0, "rotationY": 0.0, "rotationZ": 0.0 },
						"LBFoot": { "rotationX": -5.0, "rotationY": 0.0, "rotationZ": 0.0 },
						"UpperTail": { "rotationX": 0.0, "rotationY": -5.0, "rotationZ": -5.0 },
						"MidTail": { "rotationX": 0.0, "rotationY": -8.0, "rotationZ": 0.0 },
						"LowerTail": { "rotationX": 0.0, "rotationY": -13.0, "rotationZ": 0.0 }
					}
				},
				{
					"frame": 29,
					"elements": {
						"Body": { "offsetX": 0.0, "offsetY": 0.0, "offsetZ": -0.25 },
						"RFLegUpper": { "rotationX": 5.0, "rotationY": 0.0, "rotationZ": 0.0 },
						"RFLegLower": { "rotationX": -10.0, "rotationY": 0.0, "rotationZ": 0.0 },
						"RFFoot": { "rotationX": 5.0, "rotationY": 0.0, "rotationZ": 0.0 },
						"LFLegUpper": { "rotationX": 0.0, "rotationY": 0.0, "rotationZ": 0.0 },
						"LFLegLower": { "rotationX": -10.0, "rotationY": 0.0, "rotationZ": 0.0 },
						"LFFoot": { "rotationX": 10.0, "rotationY": 0.0, "rotationZ": 0.0 },
						"RBLegUpper": { "rotationX": 5.0, "rotationY": 0.0, "rotationZ": 0.0 },
						"RBLegLower": { "rotationX": -10.0, "rotationY": 0.0, "rotationZ": 0.0 },
						"RBFoot": { "rotationX": 5.0, "rotationY": 0.0, "rotationZ": 0.0 },
						"LBLegUpper": { "rotationX": 0.0, "rotationY": 0.0, "rotationZ": 0.0 },
						"LBLegLower": { "rotationX": -10.0, "rotationY": 0.0, "rotationZ": 0.0 },
						"LBFoot": { "rotationX": 10.0, "rotationY": 0.0, "rotationZ": 0.0 },
						"UpperTail": { "rotationX": 0.0, "rotationY": 5.0, "rotationZ": -5.0 },
						"MidTail": { "rotationX": 0.0, "rotationY": 8.0, "rotationZ": 0.0 },
						"LowerTail": { "rotationX": 0.0, "rotationY": 13.0, "rotationZ": 0.0 }
					}
				}
			]
		},

		{
			"name": "walk",
			"code": "walk",
			"quantityframes": 30,
			"onActivityStopped": "Rewind",
			"onAnimationEnd": "Repeat",
			"keyframes": [
				{
					"frame": 0,
					"elements": {
						"Body": { "rotationX": 0.0, "rotationY": 5.0, "rotationZ": 0.0 },
						"LFLegUpper": { "rotationX": 0.0, "rotationY": 30.0, "rotationZ": 0.0 },
						"RFLegUpper": { "rotationX": 0.0, "rotationY": 30.0, "rotationZ": 0.0 },
						"RBLegUpper": { "rotationX": 0.0, "rotationY": -30.0, "rotationZ": 0.0 },
						"LBLegUpper": { "rotationX": 0.0, "rotationY": -30.0, "rotationZ": 0.0 },
						"UpperTail": { "rotationX": 0.0, "rotationY": -5.0, "rotationZ": 0.0 },
						"MidTail": { "rotationX": 0.0, "rotationY": -8.0, "rotationZ": 0.0 },
						"LowerTail": { "rotationX": 0.0, "rotationY": -13.0, "rotationZ": 0.0 },
						"Neck": { "rotationX": 0.0, "rotationY": -5.0, "rotationZ": 0.0 },
						"Head": { "rotationX": 0.0, "rotationY": 0.0, "rotationZ": 0.0 }
					}
				},
				{
					"frame": 15,
					"elements": {
						"Body": { "rotationX": 0.0, "rotationY": -5.0, "rotationZ": 0.0 },
						"LFLegUpper": { "rotationX": 0.0, "rotationY": -30.0, "rotationZ": 0.0 },
						"RFLegUpper": { "rotationX": 0.0, "rotationY": -30.0, "rotationZ": 0.0 },
						"RBLegUpper": { "rotationX": 0.0, "rotationY": 30.0, "rotationZ": 0.0 },
						"LBLegUpper": { "rotationX": 0.0, "rotationY": 30.0, "rotationZ": 0.0 },
						"UpperTail": { "rotationX": 0.0, "rotationY": 5.0, "rotationZ": 0.0 },
						"MidTail": { "rotationX": 0.0, "rotationY": 8.0, "rotationZ": 0.0 },
						"LowerTail": { "rotationX": 0.0, "rotationY": 13.0, "rotationZ": 0.0 },
						"Neck": { "rotationX": 0.0, "rotationY": 5.0, "rotationZ": 0.0 },
						"Head": { "rotationX": 0.0, "rotationY": 0.0, "rotationZ": 0.0 }
					}
				},
				{
					"frame": 29,
					"elements": {
						"Body": { "rotationX": 0.0, "rotationY": 5.0, "rotationZ": 0.0 },
						"LFLegUpper": { "rotationX": 0.0, "rotationY": 30.0, "rotationZ": 0.0 },
						"RFLegUpper": { "rotationX": 0.0, "rotationY": 30.0, "rotationZ": 0.0 },
						"RBLegUpper": { "rotationX": 0.0, "rotationY": -30.0, "rotationZ": 0.0 },
						"LBLegUpper": { "rotationX": 0.0, "rotationY": -30.0, "rotationZ": 0.0 },
						"UpperTail": { "rotationX": 0.0, "rotationY": -5.0, "rotationZ": 0.0 },
						"MidTail": { "rotationX": 0.0, "rotationY": -8.0, "rotationZ": 0.0 },
						"LowerTail": { "rotationX": 0.0, "rotationY": -13.0, "rotationZ": 0.0 },
						"Neck": { "rotationX": 0.0, "rotationY": -5.0, "rotationZ": 0.0 },
						"Head": { "rotationX": 0.0, "rotationY": 0.0, "rotationZ": 0.0 }
					}
				}
			]
		},

		{
			"name": "eat",
			"code": "eat",
			"quantityframes": 30,
			"onActivityStopped": "Rewind",
			"onAnimationEnd": "Repeat",
			"keyframes": [
				{
					"frame": 0,
					"elements": {
						"Body": { "offsetX": 0.0, "offsetY": 0.0, "offsetZ": 0.0 },
						"RFLegUpper": { "rotationX": 0.0, "rotationY": 0.0, "rotationZ": 0.0 },
						"LFLegUpper": { "rotationX": 0.0, "rotationY": 0.0, "rotationZ": 0.0 },
						"RBLegUpper": { "rotationX": 0.0, "rotationY": 0.0, "rotationZ": 0.0 },
						"LBLegUpper": { "rotationX": 0.0, "rotationY": 0.0, "rotationZ": 0.0 },
						"Head": { "rotationX": 0.0, "rotationY": 0.0, "rotationZ": 0.0 },
						"LowerJaw": { "rotationX": 0.0, "rotationY": 0.0, "rotationZ": 0.0 },
						"UpperTail": { "rotationX": 0.0, "rotationY": 5.0, "rotationZ": 0.0 },
						"MidTail": { "rotationX": 0.0, "rotationY": 8.0, "rotationZ": 0.0 },
						"LowerTail": { "rotationX": 0.0, "rotationY": 13.0, "rotationZ": 0.0 }
					}
				},
				{
					"frame": 5,
					"elements": {
						"Body": { "offsetX": -2.0, "offsetY": 0.0, "offsetZ": 0.0 },
						"RFLegUpper": { "rotationX": 0.0, "rotationY": -30.0, "rotationZ": 0.0 },
						"LFLegUpper": { "rotationX": 0.0, "rotationY": 30.0, "rotationZ": 0.0 },
						"RBLegUpper": { "rotationX": 0.0, "rotationY": -20.0, "rotationZ": 0.0 },
						"LBLegUpper": { "rotationX": 0.0, "rotationY": 20.0, "rotationZ": 0.0 },
						"Head": { "rotationX": 0.0, "rotationY": 0.0, "rotationZ": 15.0 },
						"LowerJaw": { "rotationX": 0.0, "rotationY": 0.0, "rotationZ": 45.0 }
					}
				},
				{
					"frame": 10,
					"elements": {
						"Body": { "offsetX": 0.0, "offsetY": 0.0, "offsetZ": 0.0 },
						"RFLegUpper": { "rotationX": 0.0, "rotationY": 0.0, "rotationZ": 0.0 },
						"LFLegUpper": { "rotationX": 0.0, "rotationY": 0.0, "rotationZ": 0.0 },
						"RBLegUpper": { "rotationX": 0.0, "rotationY": 0.0, "rotationZ": 0.0 },
						"LBLegUpper": { "rotationX": 0.0, "rotationY": 0.0, "rotationZ": 0.0 },
						"Head": { "rotationX": 0.0, "rotationY": 0.0, "rotationZ": 0.0 },
						"LowerJaw": { "rotationX": 0.0, "rotationY": 0.0, "rotationZ": 0.0 }
					}
				},
				{
					"frame": 15,
					"elements": {
						"UpperTail": { "rotationX": 0.0, "rotationY": -5.0, "rotationZ": 0.0 },
						"MidTail": { "rotationX": 0.0, "rotationY": -8.0, "rotationZ": 0.0 },
						"LowerTail": { "rotationX": 0.0, "rotationY": -13.0, "rotationZ": 0.0 },
						"Neck": { "rotationX": 0.0, "rotationY": 0.0, "rotationZ": 0.0 },
						"LowerJaw": { "rotationX": 0.0, "rotationY": 0.0, "rotationZ": 0.0 }
					}
				},
				{
					"frame": 20,
					"elements": {
						"Neck": { "rotationX": 0.0, "rotationY": 0.0, "rotationZ": -15.0 },
						"Head": { "rotationX": 0.0, "rotationY": 0.0, "rotationZ": 0.0 },
						"LowerJaw": { "rotationX": 0.0, "rotationY": 0.0, "rotationZ": 10.0 }
					}
				},
				{
					"frame": 25,
					"elements": {
						"Neck": { "rotationX": 0.0, "rotationY": 0.0, "rotationZ": 0.0 },
						"Head": { "rotationX": 0.0, "rotationY": 0.0, "rotationZ": 0.0 },
						"LowerJaw": { "rotationX": 0.0, "rotationY": 0.0, "rotationZ": 0.0 }
					}
				},
				{
					"frame": 29,
					"elements": {
						"UpperTail": { "rotationX": 0.0, "rotationY": 5.0, "rotationZ": 0.0 },
						"MidTail": { "rotationX": 0.0, "rotationY": 8.0, "rotationZ": 0.0 },
						"LowerTail": { "rotationX": 0.0, "rotationY": 13.0, "rotationZ": 0.0 },
						"Neck": { "rotationX": 0.0, "rotationY": 0.0, "rotationZ": 0.0 },
						"Head": { "rotationX": 0.0, "rotationY": 0.0, "rotationZ": 0.0 },
						"LowerJaw": { "rotationX": 0.0, "rotationY": 0.0, "rotationZ": 0.0 }
					}
				}
			]
		},

		{
			"name": "call",
			"code": "call",
			"quantityframes": 60,
			"onActivityStopped": "Rewind",
			"onAnimationEnd": "Repeat",
			"keyframes": [
				{
					"frame": 0,
					"elements": {
						"Body": { "offsetX": 0.0, "offsetY": 0.5, "offsetZ": 0.0 },
						"RFLegUpper": { "rotationX": -8.0, "rotationY": 0.0, "rotationZ": 0.0 },
						"RFLegLower": { "rotationX": -15.0, "rotationY": 0.0, "rotationZ": 0.0 },
						"RFFoot": { "rotationX": 23.0, "rotationY": 0.0, "rotationZ": 0.0 },
						"LFLegUpper": { "rotationX": 8.0, "rotationY": 0.0, "rotationZ": 0.0 },
						"LFLegLower": { "rotationX": 15.0, "rotationY": 0.0, "rotationZ": 0.0 },
						"LFFoot": { "rotationX": -23.0, "rotationY": 0.0, "rotationZ": 0.0 },
						"RBLegUpper": { "rotationX": -8.0, "rotationY": 0.0, "rotationZ": 0.0 },
						"RBLegLower": { "rotationX": -15.0, "rotationY": 0.0, "rotationZ": 0.0 },
						"RBFoot": { "rotationX": 23.0, "rotationY": 0.0, "rotationZ": 0.0 },
						"LBLegUpper": { "rotationX": 8.0, "rotationY": 0.0, "rotationZ": 0.0 },
						"LBLegLower": { "rotationX": 15.0, "rotationY": 0.0, "rotationZ": 0.0 },
						"LBFoot": { "rotationX": -23.0, "rotationY": 0.0, "rotationZ": 0.0 },
						"Neck": { "rotationX": 0.0, "rotationY": 0.0, "rotationZ": -30.0 },
						"Head": { "rotationX": 0.0, "rotationY": 0.0, "rotationZ": 25.0 },
						"LowerJaw": { "rotationX": 0.0, "rotationY": 0.0, "rotationZ": 0.0 },
						"UpperTail": { "rotationX": 0.0, "rotationY": 8.0, "rotationZ": -10.0 },
						"MidTail": { "rotationX": 0.0, "rotationY": 13.0, "rotationZ": 0.0 },
						"LowerTail": { "rotationX": 0.0, "rotationY": 21.0, "rotationZ": 0.0 }
					}
				},
				{
					"frame": 15,
					"elements": {
						"Body": { "offsetX": 0.0, "offsetY": 0.75, "offsetZ": 0.0 },
						"RFLegUpper": { "rotationX": -13.0, "rotationY": 0.0, "rotationZ": 0.0 },
						"RFLegLower": { "rotationX": -18.0, "rotationY": 0.0, "rotationZ": 0.0 },
						"RFFoot": { "rotationX": 31.0, "rotationY": 0.0, "rotationZ": 0.0 },
						"LFLegUpper": { "rotationX": 13.0, "rotationY": 0.0, "rotationZ": 0.0 },
						"LFLegLower": { "rotationX": 18.0, "rotationY": 0.0, "rotationZ": 0.0 },
						"LFFoot": { "rotationX": -31.0, "rotationY": 0.0, "rotationZ": 0.0 },
						"RBLegUpper": { "rotationX": -13.0, "rotationY": 0.0, "rotationZ": 0.0 },
						"RBLegLower": { "rotationX": -18.0, "rotationY": 0.0, "rotationZ": 0.0 },
						"RBFoot": { "rotationX": 31.0, "rotationY": 0.0, "rotationZ": 0.0 },
						"LBLegUpper": { "rotationX": 13.0, "rotationY": 0.0, "rotationZ": 0.0 },
						"LBLegLower": { "rotationX": 18.0, "rotationY": 0.0, "rotationZ": 0.0 },
						"LBFoot": { "rotationX": -31.0, "rotationY": 0.0, "rotationZ": 0.0 },
						"Neck": { "rotationX": 0.0, "rotationY": 0.0, "rotationZ": -45.0 },
						"LowerJaw": { "rotationX": 0.0, "rotationY": 0.0, "rotationZ": 30.0 },
						"UpperTail": { "rotationX": 0.0, "rotationY": -8.0, "rotationZ": -10.0 },
						"MidTail": { "rotationX": 0.0, "rotationY": -13.0, "rotationZ": 0.0 },
						"LowerTail": { "rotationX": 0.0, "rotationY": -21.0, "rotationZ": 0.0 }
					}
				},
				{
					"frame": 30,
					"elements": {
						"Body": { "offsetX": 0.0, "offsetY": 0.5, "offsetZ": 0.0 },
						"RFLegUpper": { "rotationX": -8.0, "rotationY": 0.0, "rotationZ": 0.0 },
						"RFLegLower": { "rotationX": -15.0, "rotationY": 0.0, "rotationZ": 0.0 },
						"RFFoot": { "rotationX": 23.0, "rotationY": 0.0, "rotationZ": 0.0 },
						"LFLegUpper": { "rotationX": 8.0, "rotationY": 0.0, "rotationZ": 0.0 },
						"LFLegLower": { "rotationX": 15.0, "rotationY": 0.0, "rotationZ": 0.0 },
						"LFFoot": { "rotationX": -23.0, "rotationY": 0.0, "rotationZ": 0.0 },
						"RBLegUpper": { "rotationX": -8.0, "rotationY": 0.0, "rotationZ": 0.0 },
						"RBLegLower": { "rotationX": -15.0, "rotationY": 0.0, "rotationZ": 0.0 },
						"RBFoot": { "rotationX": 23.0, "rotationY": 0.0, "rotationZ": 0.0 },
						"LBLegUpper": { "rotationX": 8.0, "rotationY": 0.0, "rotationZ": 0.0 },
						"LBLegLower": { "rotationX": 15.0, "rotationY": 0.0, "rotationZ": 0.0 },
						"LBFoot": { "rotationX": -23.0, "rotationY": 0.0, "rotationZ": 0.0 },
						"Neck": { "rotationX": 0.0, "rotationY": 0.0, "rotationZ": -30.0 },
						"LowerJaw": { "rotationX": 0.0, "rotationY": 0.0, "rotationZ": 0.0 },
						"UpperTail": { "rotationX": 0.0, "rotationY": 8.0, "rotationZ": -10.0 },
						"MidTail": { "rotationX": 0.0, "rotationY": 13.0, "rotationZ": 0.0 },
						"LowerTail": { "rotationX": 0.0, "rotationY": 21.0, "rotationZ": 0.0 }
					}
				},
				{
					"frame": 45,
					"elements": {
						"Body": { "offsetX": 0.0, "offsetY": 0.75, "offsetZ": 0.0 },
						"Neck": { "rotationX": 0.0, "rotationY": 0.0, "rotationZ": -30.0 },
						"Head": { "rotationX": 0.0, "rotationY": 0.0, "rotationZ": 25.0 },
						"LowerJaw": { "rotationX": 0.0, "rotationY": 0.0, "rotationZ": 0.0 },
						"UpperTail": { "rotationX": 0.0, "rotationY": -8.0, "rotationZ": -10.0 },
						"MidTail": { "rotationX": 0.0, "rotationY": -13.0, "rotationZ": 0.0 },
						"LowerTail": { "rotationX": 0.0, "rotationY": -21.0, "rotationZ": 0.0 },
						"RFLegUpper": { "rotationX": -13.0, "rotationY": 0.0, "rotationZ": 0.0 },
						"RFLegLower": { "rotationX": -18.0, "rotationY": 0.0, "rotationZ": 0.0 },
						"RFFoot": { "rotationX": 31.0, "rotationY": 0.0, "rotationZ": 0.0 },
						"LFLegUpper": { "rotationX": 13.0, "rotationY": 0.0, "rotationZ": 0.0 },
						"LFLegLower": { "rotationX": 18.0, "rotationY": 0.0, "rotationZ": 0.0 },
						"LFFoot": { "rotationX": -31.0, "rotationY": 0.0, "rotationZ": 0.0 },
						"RBLegUpper": { "rotationX": -13.0, "rotationY": 0.0, "rotationZ": 0.0 },
						"RBLegLower": { "rotationX": -18.0, "rotationY": 0.0, "rotationZ": 0.0 },
						"RBFoot": { "rotationX": 31.0, "rotationY": 0.0, "rotationZ": 0.0 },
						"LBLegUpper": { "rotationX": 13.0, "rotationY": 0.0, "rotationZ": 0.0 },
						"LBLegLower": { "rotationX": 18.0, "rotationY": 0.0, "rotationZ": 0.0 },
						"LBFoot": { "rotationX": -31.0, "rotationY": 0.0, "rotationZ": 0.0 }
					}
				},
				{
					"frame": 59,
					"elements": {
						"Body": { "offsetX": 0.0, "offsetY": 0.5, "offsetZ": 0.0 },
						"Neck": { "rotationX": 0.0, "rotationY": 0.0, "rotationZ": -30.0 },
						"Head": { "rotationX": 0.0, "rotationY": 0.0, "rotationZ": 25.0 },
						"LowerJaw": { "rotationX": 0.0, "rotationY": 0.0, "rotationZ": 0.0 },
						"UpperTail": { "rotationX": 0.0, "rotationY": 8.0, "rotationZ": -10.0 },
						"MidTail": { "rotationX": 0.0, "rotationY": 13.0, "rotationZ": 0.0 },
						"LowerTail": { "rotationX": 0.0, "rotationY": 21.0, "rotationZ": 0.0 },
						"RFLegUpper": { "rotationX": -8.0, "rotationY": 0.0, "rotationZ": 0.0 },
						"RFLegLower": { "rotationX": -15.0, "rotationY": 0.0, "rotationZ": 0.0 },
						"RFFoot": { "rotationX": 23.0, "rotationY": 0.0, "rotationZ": 0.0 },
						"LFLegUpper": { "rotationX": 8.0, "rotationY": 0.0, "rotationZ": 0.0 },
						"LFLegLower": { "rotationX": 15.0, "rotationY": 0.0, "rotationZ": 0.0 },
						"LFFoot": { "rotationX": -23.0, "rotationY": 0.0, "rotationZ": 0.0 },
						"RBLegUpper": { "rotationX": -8.0, "rotationY": 0.0, "rotationZ": 0.0 },
						"RBLegLower": { "rotationX": -15.0, "rotationY": 0.0, "rotationZ": 0.0 },
						"RBFoot": { "rotationX": 23.0, "rotationY": 0.0, "rotationZ": 0.0 },
						"LBLegUpper": { "rotationX": 8.0, "rotationY": 0.0, "rotationZ": 0.0 },
						"LBLegLower": { "rotationX": 15.0, "rotationY": 0.0, "rotationZ": 0.0 },
						"LBFoot": { "rotationX": -23.0, "rotationY": 0.0, "rotationZ": 0.0 }
					}
				}
			]
		},

		{
			"name": "sleep",
			"code": "sleep",
			"quantityframes": 30,
			"onActivityStopped": "Rewind",
			"onAnimationEnd": "Repeat",
			"keyframes": [
				{
					"frame": 0,
					"elements": {
						"Body": { "offsetX": 0.0, "offsetY": -1.0, "offsetZ": 0.0 },
						"Neck": { "rotationX": 0.0, "rotationY": -15.0, "rotationZ": 0.0 },
						"Head": { "rotationX": 0.0, "rotationY": -10.0, "rotationZ": 5.0 },
						"UpperTail": { "rotationX": 0.0, "rotationY": 25.0, "rotationZ": 0.0 },
						"MidTail": { "rotationX": 0.0, "rotationY": 35.0, "rotationZ": 0.0 },
						"LowerTail": { "rotationX": 0.0, "rotationY": 35.0, "rotationZ": 0.0 },
						"RFLegUpper": { "rotationX": 10.0, "rotationY": -30.0, "rotationZ": 0.0 },
						"RBLegUpper": { "rotationX": 10.0, "rotationY": -30.0, "rotationZ": 0.0 },
						"LFLegUpper": { "rotationX": -10.0, "rotationY": -30.0, "rotationZ": 0.0 },
						"LFLegLower": { "rotationX": 0.0, "rotationY": 0.0, "rotationZ": 0.0 },
						"LBLegUpper": { "rotationX": -10.0, "rotationY": -30.0, "rotationZ": 0.0 }
					}
				}
			]
		}
	]
}