{
  "ingredientPattern": "XXX,XMX,XFX",
  "ingredients": {
    "X": {
      "type": "item",
      "code": "game:cloth-*",
      "name": "cloth",
      "allowedVariants": [ "black", "blue", "brown", "gray", "green", "orange", "pink", "purple", "red", "white", "yellow" ]
    },
    "F": {
      "type": "item",
      "code": "frameparts",
      "quantity": 4
    },
    "M": {
      "type": "item",
      "code": "logiccircuit",
      "quantity": 4
    }
  },
  "width": 3,
  "height": 3,
  "output": {
    "type": "item",
    "code": "constructionclothkit-basic",
    "quantity": 1
  }
}