{
	"editor": {
		"allAngles": false,
		"entityTextureMode": false
	},
	"textureWidth": 16,
	"textureHeight": 16,
	"textureSizes": {
	},
	"textures": {
	},
	"elements": [
		{
			"name": "Cube1",
			"from": [ 6.0, 0.0, 0.0 ], 
			"to": [ 10.0, 1.0, 16.0 ], 
			"rotationOrigin": [ 14.0, 0.0, 2.0 ],
			"faces": {
				"north": { "texture": "#wood", "uv": [ 0.0, 10.0, 4.0, 11.0 ] },
				"east": { "texture": "#wood", "uv": [ 2.0, 4.5, 18.0, 5.5 ] },
				"south": { "texture": "#wood", "uv": [ 0.0, 4.5, 4.0, 5.5 ] },
				"west": { "texture": "#wood", "uv": [ 3.0, 5.0, 19.0, 6.0 ] },
				"up": { "texture": "#wood", "uv": [ 0.0, 1.5, 4.0, 17.5 ] },
				"down": { "texture": "#wood", "uv": [ 0.0, 6.0, 4.0, 22.0 ] }
			}
		}
	]}