{
	"editor": {
		"allAngles": false,
		"entityTextureMode": false
	},
	"textureWidth": 16,
	"textureHeight": 16,
	"textureSizes": {
	},
	"textures": {
		"wood": "/Users/vinte/AppData/Roaming/Vintagestory/1170pre5/assets/survival/textures/block/wood/debarked/oak"
	},
	"elements": [
		{
			"name": "Cube1",
			"from": [ 6.0, 0.0, 0.0 ], 
			"to": [ 10.0, 1.0, 16.0 ], 
			"rotationOrigin": [ 14.0, 0.0, 2.0 ],
			"faces": {
				"north": { "texture": "#wood", "uv": [ 0.0, 10.0, 4.0, 11.0 ] },
				"east": { "texture": "#wood", "uv": [ 0.0, 4.5, 16.0, 5.5 ] },
				"south": { "texture": "#wood", "uv": [ 0.0, 4.5, 4.0, 5.5 ] },
				"west": { "texture": "#wood", "uv": [ 0.0, 6.0, 16.0, 7.0 ] },
				"up": { "texture": "#wood", "uv": [ 0.0, 0.0, 4.0, 16.0 ], "autoUv": false },
				"down": { "texture": "#wood", "uv": [ 0.0, 0.0, 4.0, 16.0 ], "autoUv": false }
			}
		},
		{
			"name": "Cube2",
			"from": [ 6.3, 1.0, 3.2 ], 
			"to": [ 8.0, 1.25, 7.2 ], 
			"rotationOrigin": [ 6.3, 1.0, 3.2 ],
			"faces": {
				"north": { "texture": "#wood", "uv": [ 0.0, 0.0, 1.5, 0.5 ] },
				"east": { "texture": "#wood", "uv": [ 0.0, 0.0, 4.0, 0.5 ] },
				"south": { "texture": "#wood", "uv": [ 0.0, 0.0, 1.5, 0.5 ] },
				"west": { "texture": "#wood", "uv": [ 0.0, 0.0, 4.0, 0.5 ] },
				"up": { "texture": "#wood", "uv": [ 0.0, 0.0, 4.0, 4.5 ], "autoUv": false },
				"down": { "texture": "#wood", "uv": [ 0.0, 0.0, 1.5, 4.0 ], "enabled": false, "windMode": [-1,-1,-1,-1] }
			}
		},
		{
			"name": "Cube3",
			"from": [ 8.0, 1.0, 6.0 ], 
			"to": [ 10.0, 1.25, 10.0 ], 
			"rotationOrigin": [ 8.0, 1.0, 6.0 ],
			"faces": {
				"north": { "texture": "#wood", "uv": [ 0.0, 0.0, 2.0, 0.5 ] },
				"east": { "texture": "#wood", "uv": [ 0.0, 0.0, 4.0, 0.5 ] },
				"south": { "texture": "#wood", "uv": [ 0.0, 0.0, 2.0, 0.5 ] },
				"west": { "texture": "#wood", "uv": [ 0.0, 0.0, 4.0, 0.5 ] },
				"up": { "texture": "#wood", "uv": [ 0.0, 0.0, 3.0, 5.0 ], "autoUv": false },
				"down": { "texture": "#wood", "uv": [ 0.0, 0.0, 2.0, 4.0 ], "enabled": false, "windMode": [-1,-1,-1,-1] }
			}
		},
		{
			"name": "Cube4",
			"from": [ 6.0, 1.0, 9.0 ], 
			"to": [ 7.6, 1.25, 15.5 ], 
			"rotationOrigin": [ 6.0, 1.0, 9.0 ],
			"faces": {
				"north": { "texture": "#wood", "uv": [ 0.0, 0.0, 1.5, 0.5 ] },
				"east": { "texture": "#wood", "uv": [ 0.0, 0.0, 6.5, 0.5 ] },
				"south": { "texture": "#wood", "uv": [ 0.0, 0.0, 1.5, 0.5 ] },
				"west": { "texture": "#wood", "uv": [ 0.0, 0.0, 6.5, 0.5 ] },
				"up": { "texture": "#wood", "uv": [ 0.0, 0.0, 4.0, 7.5 ], "autoUv": false },
				"down": { "texture": "#wood", "uv": [ 0.0, 0.0, 1.5, 6.5 ], "enabled": false, "windMode": [-1,-1,-1,-1] }
			}
		},
		{
			"name": "Cube5",
			"from": [ 7.6, 1.0, 12.0 ], 
			"to": [ 9.8, 1.25, 16.0 ], 
			"rotationOrigin": [ 7.6, 1.0, 12.0 ],
			"faces": {
				"north": { "texture": "#wood", "uv": [ 0.0, 0.0, 2.0, 0.5 ] },
				"east": { "texture": "#wood", "uv": [ 0.0, 0.0, 4.0, 0.5 ] },
				"south": { "texture": "#wood", "uv": [ 0.0, 0.0, 2.0, 0.5 ] },
				"west": { "texture": "#wood", "uv": [ 0.0, 0.0, 4.0, 0.5 ] },
				"up": { "texture": "#wood", "uv": [ 0.0, 0.0, 3.0, 5.0 ], "autoUv": false },
				"down": { "texture": "#wood", "uv": [ 0.0, 0.0, 2.0, 4.0 ], "enabled": false, "windMode": [-1,-1,-1,-1] }
			}
		},
		{
			"name": "Cube6",
			"from": [ 6.1, 1.0, 0.0 ], 
			"to": [ 8.0, 1.25, 2.5 ], 
			"rotationOrigin": [ 6.1, 1.0, 0.0 ],
			"faces": {
				"north": { "texture": "#wood", "uv": [ 0.0, 0.0, 1.5, 0.5 ] },
				"east": { "texture": "#wood", "uv": [ 0.0, 0.0, 2.5, 0.5 ] },
				"south": { "texture": "#wood", "uv": [ 0.0, 0.0, 1.5, 0.5 ] },
				"west": { "texture": "#wood", "uv": [ 0.0, 0.0, 2.5, 0.5 ] },
				"up": { "texture": "#wood", "uv": [ 0.0, 0.0, 3.5, 4.5 ], "autoUv": false },
				"down": { "texture": "#wood", "uv": [ 0.0, 0.0, 1.5, 2.5 ], "enabled": false, "windMode": [-1,-1,-1,-1] }
			}
		},
		{
			"name": "Cube7",
			"from": [ 8.0, 1.0, 1.5 ], 
			"to": [ 10.0, 1.25, 4.0 ], 
			"rotationOrigin": [ 8.0, 1.0, 1.5 ],
			"faces": {
				"north": { "texture": "#wood", "uv": [ 0.0, 0.0, 2.0, 0.5 ] },
				"east": { "texture": "#wood", "uv": [ 0.0, 0.0, 2.5, 0.5 ] },
				"south": { "texture": "#wood", "uv": [ 0.0, 0.0, 2.0, 0.5 ] },
				"west": { "texture": "#wood", "uv": [ 0.0, 0.0, 2.5, 0.5 ] },
				"up": { "texture": "#wood", "uv": [ 0.0, 0.0, 3.0, 4.5 ], "autoUv": false },
				"down": { "texture": "#wood", "uv": [ 0.0, 0.0, 2.0, 2.5 ], "enabled": false, "windMode": [-1,-1,-1,-1] }
			}
		}
	]}