{
	"editor": {
		"allAngles": false,
		"entityTextureMode": false
	},
	"textureWidth": 16,
	"textureHeight": 16,
	"textureSizes": {
	},
	"elements": [
		{
			"name": "base",
			"from": [ 0.0, 0.0, 0.0 ], 
			"to": [ 16.0, 8.0, 16.0 ], 
			"faces": {
				"north": { "texture": "#trunk", "uv": [ 0.0, 8.0, 16.0, 16.0 ] },
				"east": { "texture": "#bark2", "uv": [ 0.0, 0.0, 8.0, 16.0 ], "rotation": 90 },
				"south": { "texture": "#trunk", "uv": [ 0.0, 8.0, 16.0, 16.0 ] },
				"west": { "texture": "#bark2", "uv": [ 0.0, 0.0, 8.0, 16.0 ], "rotation": 90 },
				"down": { "texture": "#bark", "uv": [ 0.0, 0.0, 16.0, 16.0 ] },
				"up": { "texture": "#debarked", "uv": [ 0.0, 0.0, 16.0, 16.0 ], "rotation": 90, "autoUv": false }
			}
		},
        {
            "name": "base-snow",
            "from": [ 0.0, 8.01, 0.0 ],
            "zOffset": 3,
            "to": [ 16.0, 10.01, 16.0 ],
            "faces": {
                "north": { "texture": "#snowcover", "uv": [ 0.0, 8.0, 16.0, 10.0 ] },
                "east": { "texture": "#snowcover", "uv": [ 0.0, 8.0, 16.0, 10.0 ] },
                "south": { "texture": "#snowcover", "uv": [ 0.0, 8.0, 16.0, 10.0 ] },
                "west": { "texture": "#snowcover", "uv": [ 0.0, 8.0, 16.0, 10.0 ] },
                "up": { "texture": "#snowcover", "uv": [ 0.0, 0.0, 16.0, 16.0 ] },
                "down": { "texture": "#snowcover", "uv": [ 0.0, 0.0, 16.0, 16.0 ] }
            }
        }
	]}