{
	"editor": {
		"allAngles": false,
		"entityTextureMode": false
	},
	"textureWidth": 16,
	"textureHeight": 16,
	"textureSizes": {
	},
	"textures": {
	},
	"elements": [
		{
			"name": "origin",
			"from": [ 0.0, 0.0, 0.0 ], 
			"to": [ 0.0, 0.0, 0.0 ], 
			"faces": {
				"north": { "texture": "#all", "uv": [ 0.0, 0.0, 0.5, 0.5 ], "enabled": false },
				"east": { "texture": "#all", "uv": [ 0.0, 0.0, 0.5, 0.5 ], "enabled": false },
				"south": { "texture": "#all", "uv": [ 0.0, 0.0, 0.5, 0.5 ], "enabled": false },
				"west": { "texture": "#all", "uv": [ 0.0, 0.0, 0.5, 0.5 ], "enabled": false },
				"up": { "texture": "#all", "uv": [ 0.0, 0.0, 0.5, 0.5 ], "enabled": false },
				"down": { "texture": "#all", "uv": [ 0.0, 0.0, 0.5, 0.5 ], "enabled": false }
			}
		},
		{
			"name": "center",
			"from": [ 0.0, 0.0, 0.0 ], 
			"to": [ 16.0, 16.0, 16.0 ], 
			"faces": {
				"north": { "texture": "#all", "uv": [ 0.0, 0.0, 16.0, 16.0 ] },
				"east": { "texture": "#all", "uv": [ 0.0, 0.0, 16.0, 16.0 ] },
				"south": { "texture": "#all", "uv": [ 0.0, 0.0, 16.0, 16.0 ] },
				"west": { "texture": "#all", "uv": [ 0.0, 0.0, 16.0, 16.0 ] },
				"up": { "texture": "#up", "uv": [ 0.0, 0.0, 16.0, 16.0 ], "enabled": false },
				"down": { "texture": "#all", "uv": [ 0.0, 0.0, 16.0, 16.0 ] }
			}
		},
		{
			"name": "center2",
			"from": [ 0.001, 16.0, 0.001 ], 
			"to": [ 15.999, 24.0, 15.999 ], 
			"rotationOrigin": [ 0.0, 16.0, 0.0 ],
			"faces": {
				"north": { "texture": "#all", "uv": [ 0.5, 8.0, 15.1, 16.0 ], "autoUv": false },
				"east": { "texture": "#all", "uv": [ 0.0, 8.0, 15.9, 16.0 ], "autoUv": false },
				"south": { "texture": "#all", "uv": [ 0.0, 8.0, 15.9, 16.0 ], "autoUv": false },
				"west": { "texture": "#all", "uv": [ 0.0, 8.0, 15.5, 16.0 ] },
				"up": { "texture": "#up", "uv": [ 0.0, 0.0, 15.5, 15.5 ] },
				"down": { "texture": "#all", "uv": [ 0.0, 0.0, 15.5, 15.5 ], "enabled": false }
			}
		},
		{
			"name": "Cube1",
			"from": [ 3.0, -1.0, -20.0 ], 
			"to": [ 7.01, 9.5, -16.0 ], 
			"rotationOrigin": [ 3.0, -1.0, -20.0 ],
			"rotationX": 62.0,
			"faces": {
				"north": { "texture": "#all", "uv": [ 0.0, 0.0, 4.0, 10.5 ] },
				"east": { "texture": "#all", "uv": [ 0.0, 0.0, 4.0, 10.5 ] },
				"south": { "texture": "#all", "uv": [ 0.0, 0.0, 4.0, 10.5 ] },
				"west": { "texture": "#all", "uv": [ 0.0, 0.0, 4.0, 10.5 ] },
				"up": { "texture": "#all", "uv": [ 0.0, 0.0, 4.0, 4.0 ], "enabled": false },
				"down": { "texture": "#all", "uv": [ 0.0, 0.0, 4.0, 4.0 ] }
			},
			"children": [
				{
					"name": "Cube5",
					"from": [ 0.0, 9.0, -1.2 ], 
					"to": [ 4.0, 25.0, 10.8 ], 
					"rotationOrigin": [ 0.0, 13.0, -1.2 ],
					"rotationX": -19.0,
					"faces": {
						"north": { "texture": "#all", "uv": [ 0.0, 0.0, 4.0, 16.0 ] },
						"east": { "texture": "#all", "uv": [ 0.0, 0.0, 12.0, 16.0 ] },
						"south": { "texture": "#all", "uv": [ 0.0, 0.0, 4.0, 16.0 ] },
						"west": { "texture": "#all", "uv": [ 0.0, 0.0, 12.0, 16.0 ] },
						"up": { "texture": "#all", "uv": [ 0.0, 0.0, 4.0, 12.0 ], "enabled": false },
						"down": { "texture": "#all", "uv": [ 0.0, 0.0, 4.0, 12.0 ], "windMode": [-1,-1,-1,-1] }
					},
					"children": [
						{
							"name": "Cube6",
							"from": [ -0.1, 12.0, 0.0 ], 
							"to": [ 3.9, 24.0, 6.0 ], 
							"rotationOrigin": [ -0.1, 12.0, 0.0 ],
							"rotationX": -25.0,
							"faces": {
								"north": { "texture": "#all", "uv": [ 0.0, 0.0, 4.0, 12.0 ] },
								"east": { "texture": "#all", "uv": [ 0.0, 0.0, 6.0, 12.0 ] },
								"south": { "texture": "#all", "uv": [ 0.0, 0.0, 4.0, 12.0 ] },
								"west": { "texture": "#all", "uv": [ 0.0, 0.0, 6.0, 12.0 ] },
								"up": { "texture": "#all", "uv": [ 0.0, 0.0, 4.0, 6.0 ], "enabled": false },
								"down": { "texture": "#all", "uv": [ 0.0, 0.0, 4.0, 6.0 ], "enabled": false }
							}
						}
					]
				}
			]
		},
		{
			"name": "Cube10",
			"from": [ -17.0, -1.0, -11.0 ], 
			"to": [ -10.99, 9.5, -7.0 ], 
			"rotationOrigin": [ -17.0, -1.0, -11.0 ],
			"rotationX": 69.0,
			"rotationY": 21.0,
			"rotationZ": -43.0,
			"faces": {
				"north": { "texture": "#all", "uv": [ 0.0, 0.0, 6.0, 10.5 ] },
				"east": { "texture": "#all", "uv": [ 0.0, 0.0, 4.0, 10.5 ] },
				"south": { "texture": "#all", "uv": [ 0.0, 0.0, 6.0, 10.5 ] },
				"west": { "texture": "#all", "uv": [ 0.0, 0.0, 4.0, 10.5 ] },
				"up": { "texture": "#all", "uv": [ 0.0, 0.0, 6.0, 4.0 ], "enabled": false },
				"down": { "texture": "#all", "uv": [ 0.0, 0.0, 6.0, 4.0 ] }
			},
			"children": [
				{
					"name": "Cube11",
					"from": [ -0.1, 9.0, -1.2 ], 
					"to": [ 5.9, 25.0, 10.8 ], 
					"rotationOrigin": [ -0.1, 13.0, -1.2 ],
					"rotationX": -19.0,
					"faces": {
						"north": { "texture": "#all", "uv": [ 0.0, 0.0, 6.0, 16.0 ] },
						"east": { "texture": "#all", "uv": [ 0.0, 0.0, 12.0, 16.0 ] },
						"south": { "texture": "#all", "uv": [ 0.0, 0.0, 6.0, 16.0 ] },
						"west": { "texture": "#all", "uv": [ 0.0, 0.0, 12.0, 16.0 ] },
						"up": { "texture": "#all", "uv": [ 0.0, 0.0, 6.0, 12.0 ], "enabled": false },
						"down": { "texture": "#all", "uv": [ 0.0, 0.0, 6.0, 12.0 ] }
					},
					"children": [
						{
							"name": "Cube12",
							"from": [ 0.1, 12.0, 0.0 ], 
							"to": [ 6.1, 24.0, 6.0 ], 
							"rotationOrigin": [ 0.1, 12.0, 0.0 ],
							"rotationX": -19.0,
							"faces": {
								"north": { "texture": "#all", "uv": [ 0.0, 0.0, 6.0, 12.0 ] },
								"east": { "texture": "#all", "uv": [ 0.0, 0.0, 6.0, 12.0 ] },
								"south": { "texture": "#all", "uv": [ 0.0, 0.0, 6.0, 12.0 ] },
								"west": { "texture": "#all", "uv": [ 0.0, 0.0, 6.0, 12.0 ] },
								"up": { "texture": "#all", "uv": [ 0.0, 0.0, 6.0, 6.0 ], "windMode": [-1,-1,-1,-1], "windData": [1,1,1,1] },
								"down": { "texture": "#all", "uv": [ 0.0, 0.0, 6.0, 6.0 ], "enabled": false }
							}
						}
					]
				}
			]
		},
		{
			"name": "Cube13",
			"from": [ -22.0, -1.0, 16.0 ], 
			"to": [ -18.99, 9.5, 20.0 ], 
			"rotationOrigin": [ -22.0, -1.0, 16.0 ],
			"rotationX": 91.0,
			"rotationY": 23.0,
			"rotationZ": -94.0,
			"faces": {
				"north": { "texture": "#all", "uv": [ 0.0, 0.0, 3.0, 10.5 ] },
				"east": { "texture": "#all", "uv": [ 0.0, 0.0, 4.0, 10.5 ] },
				"south": { "texture": "#all", "uv": [ 0.0, 0.0, 3.0, 10.5 ] },
				"west": { "texture": "#all", "uv": [ 0.0, 0.0, 4.0, 10.5 ] },
				"up": { "texture": "#all", "uv": [ 0.0, 0.0, 3.0, 4.0 ], "enabled": false },
				"down": { "texture": "#all", "uv": [ 0.0, 0.0, 3.0, 4.0 ] }
			},
			"children": [
				{
					"name": "Cube14",
					"from": [ -0.1, 9.0, -1.2 ], 
					"to": [ 2.9, 25.0, 10.8 ], 
					"rotationOrigin": [ -0.1, 13.0, -1.2 ],
					"rotationX": -19.0,
					"rotationY": -1.0,
					"faces": {
						"north": { "texture": "#all", "uv": [ 0.0, 0.0, 3.0, 16.0 ] },
						"east": { "texture": "#all", "uv": [ 0.0, 0.0, 12.0, 16.0 ] },
						"south": { "texture": "#all", "uv": [ 0.0, 0.0, 3.0, 16.0 ] },
						"west": { "texture": "#all", "uv": [ 0.0, 0.0, 12.0, 16.0 ] },
						"up": { "texture": "#all", "uv": [ 0.0, 0.0, 3.0, 12.0 ], "enabled": false },
						"down": { "texture": "#all", "uv": [ 0.0, 0.0, 3.0, 12.0 ] }
					},
					"children": [
						{
							"name": "Cube15",
							"from": [ -0.1, 12.0, 0.0 ], 
							"to": [ 2.9, 24.0, 6.0 ], 
							"rotationOrigin": [ -0.1, 12.0, 0.0 ],
							"rotationX": -25.0,
							"faces": {
								"north": { "texture": "#all", "uv": [ 0.0, 0.0, 3.0, 12.0 ] },
								"east": { "texture": "#all", "uv": [ 0.0, 0.0, 6.0, 12.0 ] },
								"south": { "texture": "#all", "uv": [ 0.0, 0.0, 3.0, 12.0 ] },
								"west": { "texture": "#all", "uv": [ 0.0, 0.0, 6.0, 12.0 ] },
								"up": { "texture": "#all", "uv": [ 0.0, 0.0, 3.0, 6.0 ], "enabled": false },
								"down": { "texture": "#all", "uv": [ 0.0, 0.0, 3.0, 6.0 ], "enabled": false }
							}
						}
					]
				}
			]
		},
		{
			"name": "Cube16",
			"from": [ -3.0, -1.0, 41.0 ], 
			"to": [ 2.01, 9.5, 45.0 ], 
			"renderInEditor": false,
			"rotationOrigin": [ -3.0, -1.0, 41.0 ],
			"rotationX": 106.0,
			"rotationY": 5.0,
			"rotationZ": -163.0,
			"faces": {
				"north": { "texture": "#all", "uv": [ 0.0, 0.0, 5.0, 10.5 ] },
				"east": { "texture": "#all", "uv": [ 0.0, 0.0, 4.0, 10.5 ] },
				"south": { "texture": "#all", "uv": [ 0.0, 0.0, 5.0, 10.5 ] },
				"west": { "texture": "#all", "uv": [ 0.0, 0.0, 4.0, 10.5 ] },
				"up": { "texture": "#all", "uv": [ 0.0, 0.0, 5.0, 4.0 ], "enabled": false },
				"down": { "texture": "#all", "uv": [ 0.0, 0.0, 5.0, 4.0 ] }
			},
			"children": [
				{
					"name": "Cube17",
					"from": [ -0.1, 9.0, -1.2 ], 
					"to": [ 4.9, 25.0, 10.8 ], 
					"rotationOrigin": [ -0.1, 13.0, -1.2 ],
					"rotationX": -19.0,
					"faces": {
						"north": { "texture": "#all", "uv": [ 0.0, 0.0, 5.0, 16.0 ] },
						"east": { "texture": "#all", "uv": [ 0.0, 0.0, 12.0, 16.0 ] },
						"south": { "texture": "#all", "uv": [ 0.0, 0.0, 5.0, 16.0 ] },
						"west": { "texture": "#all", "uv": [ 0.0, 0.0, 12.0, 16.0 ] },
						"up": { "texture": "#all", "uv": [ 0.0, 0.0, 5.0, 12.0 ], "enabled": false },
						"down": { "texture": "#all", "uv": [ 0.0, 0.0, 5.0, 12.0 ] }
					},
					"children": [
						{
							"name": "Cube18",
							"from": [ 0.1, 12.0, 0.0 ], 
							"to": [ 5.1, 26.8, 6.0 ], 
							"rotationOrigin": [ 0.1, 12.0, 0.0 ],
							"rotationX": -25.0,
							"faces": {
								"north": { "texture": "#all", "uv": [ 0.0, 0.0, 5.0, 14.5 ] },
								"east": { "texture": "#all", "uv": [ 0.0, 0.0, 6.0, 14.5 ] },
								"south": { "texture": "#all", "uv": [ 0.0, 0.0, 5.0, 14.5 ] },
								"west": { "texture": "#all", "uv": [ 0.0, 0.0, 6.0, 14.5 ] },
								"up": { "texture": "#all", "uv": [ 0.0, 0.0, 5.0, 6.0 ], "enabled": false },
								"down": { "texture": "#all", "uv": [ 0.0, 0.0, 5.0, 6.0 ], "enabled": false }
							}
						}
					]
				}
			]
		},
		{
			"name": "Cube19",
			"from": [ -27.0, -2.0, 4.0 ], 
			"to": [ -22.99, 8.5, 8.0 ], 
			"rotationOrigin": [ -27.0, -2.0, 4.0 ],
			"rotationX": 88.0,
			"rotationY": 15.0,
			"rotationZ": -82.0,
			"faces": {
				"north": { "texture": "#all", "uv": [ 0.0, 0.0, 4.0, 10.5 ] },
				"east": { "texture": "#all", "uv": [ 0.0, 0.0, 4.0, 10.5 ] },
				"south": { "texture": "#all", "uv": [ 0.0, 0.0, 4.0, 10.5 ] },
				"west": { "texture": "#all", "uv": [ 0.0, 0.0, 4.0, 10.5 ] },
				"up": { "texture": "#all", "uv": [ 0.0, 0.0, 4.0, 4.0 ], "enabled": false },
				"down": { "texture": "#all", "uv": [ 0.0, 0.0, 4.0, 4.0 ] }
			},
			"children": [
				{
					"name": "Cube20",
					"from": [ -0.1, 9.0, -1.2 ], 
					"to": [ 3.9, 25.0, 10.8 ], 
					"rotationOrigin": [ -0.1, 13.0, -1.2 ],
					"rotationX": -19.0,
					"faces": {
						"north": { "texture": "#all", "uv": [ 0.0, 0.0, 4.0, 16.0 ] },
						"east": { "texture": "#all", "uv": [ 0.0, 0.0, 12.0, 16.0 ] },
						"south": { "texture": "#all", "uv": [ 0.0, 0.0, 4.0, 16.0 ] },
						"west": { "texture": "#all", "uv": [ 0.0, 0.0, 12.0, 16.0 ] },
						"up": { "texture": "#all", "uv": [ 0.0, 0.0, 4.0, 12.0 ], "enabled": false },
						"down": { "texture": "#all", "uv": [ 0.0, 0.0, 4.0, 12.0 ] }
					},
					"children": [
						{
							"name": "Cube21",
							"from": [ -0.1, 12.0, 0.0 ], 
							"to": [ 3.9, 27.0, 6.0 ], 
							"rotationOrigin": [ -0.1, 12.0, 0.0 ],
							"rotationX": -25.0,
							"faces": {
								"north": { "texture": "#all", "uv": [ 0.0, 0.0, 4.0, 15.0 ] },
								"east": { "texture": "#all", "uv": [ 0.0, 0.0, 6.0, 15.0 ] },
								"south": { "texture": "#all", "uv": [ 0.0, 0.0, 4.0, 15.0 ] },
								"west": { "texture": "#all", "uv": [ 0.0, 0.0, 6.0, 15.0 ] },
								"up": { "texture": "#all", "uv": [ 0.0, 0.0, 4.0, 6.0 ], "enabled": false },
								"down": { "texture": "#all", "uv": [ 0.0, 0.0, 4.0, 6.0 ], "enabled": false }
							}
						}
					]
				}
			]
		},
		{
			"name": "Cube22",
			"from": [ 37.0, -1.0, 5.0 ], 
			"to": [ 41.01, 9.5, 9.0 ], 
			"renderInEditor": false,
			"rotationOrigin": [ 37.0, -1.0, 5.0 ],
			"rotationX": 90.0,
			"rotationY": -26.0,
			"rotationZ": 90.0,
			"faces": {
				"north": { "texture": "#all", "uv": [ 0.0, 0.0, 4.0, 10.5 ] },
				"east": { "texture": "#all", "uv": [ 0.0, 0.0, 4.0, 10.5 ] },
				"south": { "texture": "#all", "uv": [ 0.0, 0.0, 4.0, 10.5 ] },
				"west": { "texture": "#all", "uv": [ 0.0, 0.0, 4.0, 10.5 ] },
				"up": { "texture": "#all", "uv": [ 0.0, 0.0, 4.0, 4.0 ], "enabled": false },
				"down": { "texture": "#all", "uv": [ 0.0, 0.0, 4.0, 4.0 ] }
			},
			"children": [
				{
					"name": "Cube23",
					"from": [ 0.0, 9.0, -1.2 ], 
					"to": [ 4.0, 25.0, 10.8 ], 
					"rotationOrigin": [ 0.0, 13.0, -1.2 ],
					"rotationX": -19.0,
					"faces": {
						"north": { "texture": "#all", "uv": [ 0.0, 0.0, 4.0, 16.0 ] },
						"east": { "texture": "#all", "uv": [ 0.0, 0.0, 12.0, 16.0 ] },
						"south": { "texture": "#all", "uv": [ 0.0, 0.0, 4.0, 16.0 ] },
						"west": { "texture": "#all", "uv": [ 0.0, 0.0, 12.0, 16.0 ] },
						"up": { "texture": "#all", "uv": [ 0.0, 0.0, 4.0, 12.0 ], "enabled": false },
						"down": { "texture": "#all", "uv": [ 0.0, 0.0, 4.0, 12.0 ] }
					},
					"children": [
						{
							"name": "Cube24",
							"from": [ 0.1, 12.0, 0.0 ], 
							"to": [ 4.1, 24.0, 6.0 ], 
							"rotationOrigin": [ 0.1, 12.0, 0.0 ],
							"rotationX": -25.0,
							"faces": {
								"north": { "texture": "#all", "uv": [ 0.0, 0.0, 4.0, 12.0 ] },
								"east": { "texture": "#all", "uv": [ 0.0, 0.0, 6.0, 12.0 ] },
								"south": { "texture": "#all", "uv": [ 0.0, 0.0, 4.0, 12.0 ] },
								"west": { "texture": "#all", "uv": [ 0.0, 0.0, 6.0, 12.0 ] },
								"up": { "texture": "#all", "uv": [ 0.0, 0.0, 4.0, 6.0 ], "enabled": false },
								"down": { "texture": "#all", "uv": [ 0.0, 0.0, 4.0, 6.0 ], "enabled": false }
							}
						}
					]
				}
			]
		},
		{
			"name": "Cube25",
			"from": [ 32.0, -1.0, 28.0 ], 
			"to": [ 36.01, 9.5, 32.0 ], 
			"renderInEditor": false,
			"rotationOrigin": [ 32.0, -1.0, 28.0 ],
			"rotationX": 110.0,
			"rotationY": -15.0,
			"rotationZ": 137.0,
			"faces": {
				"north": { "texture": "#all", "uv": [ 0.0, 0.0, 4.0, 10.5 ] },
				"east": { "texture": "#all", "uv": [ 0.0, 0.0, 4.0, 10.5 ] },
				"south": { "texture": "#all", "uv": [ 0.0, 0.0, 4.0, 10.5 ] },
				"west": { "texture": "#all", "uv": [ 0.0, 0.0, 4.0, 10.5 ] },
				"up": { "texture": "#all", "uv": [ 0.0, 0.0, 4.0, 4.0 ], "enabled": false },
				"down": { "texture": "#all", "uv": [ 0.0, 0.0, 4.0, 4.0 ] }
			},
			"children": [
				{
					"name": "Cube26",
					"from": [ 0.0, 9.0, -1.2 ], 
					"to": [ 4.0, 25.0, 10.8 ], 
					"rotationOrigin": [ 0.0, 13.0, -1.2 ],
					"rotationX": -19.0,
					"faces": {
						"north": { "texture": "#all", "uv": [ 0.0, 0.0, 4.0, 16.0 ] },
						"east": { "texture": "#all", "uv": [ 0.0, 0.0, 12.0, 16.0 ] },
						"south": { "texture": "#all", "uv": [ 0.0, 0.0, 4.0, 16.0 ] },
						"west": { "texture": "#all", "uv": [ 0.0, 0.0, 12.0, 16.0 ] },
						"up": { "texture": "#all", "uv": [ 0.0, 0.0, 4.0, 12.0 ], "enabled": false },
						"down": { "texture": "#all", "uv": [ 0.0, 0.0, 4.0, 12.0 ] }
					},
					"children": [
						{
							"name": "Cube27",
							"from": [ -0.1, 12.0, 0.0 ], 
							"to": [ 3.9, 24.0, 6.0 ], 
							"rotationOrigin": [ -0.1, 12.0, 0.0 ],
							"rotationX": -25.0,
							"faces": {
								"north": { "texture": "#all", "uv": [ 0.0, 0.0, 4.0, 12.0 ] },
								"east": { "texture": "#all", "uv": [ 0.0, 0.0, 6.0, 12.0 ] },
								"south": { "texture": "#all", "uv": [ 0.0, 0.0, 4.0, 12.0 ] },
								"west": { "texture": "#all", "uv": [ 0.0, 0.0, 6.0, 12.0 ] },
								"up": { "texture": "#all", "uv": [ 0.0, 0.0, 4.0, 6.0 ], "enabled": false },
								"down": { "texture": "#all", "uv": [ 0.0, 0.0, 4.0, 6.0 ], "enabled": false }
							}
						}
					]
				}
			]
		},
		{
			"name": "cube",
			"from": [ 1.0, -4.6, 17.0 ], 
			"to": [ 18.0, 10.4, 24.0 ], 
			"renderInEditor": false,
			"rotationOrigin": [ 1.0, -4.6, 17.0 ],
			"rotationX": -33.0,
			"rotationY": 6.0,
			"rotationZ": 7.0,
			"faces": {
				"north": { "texture": "#all", "uv": [ 0.0, 0.0, 16.0, 15.0 ], "autoUv": false },
				"east": { "texture": "#all", "uv": [ 0.0, 0.0, 7.0, 15.0 ], "enabled": false },
				"south": { "texture": "#all", "uv": [ 0.0, 0.0, 16.0, 15.0 ], "autoUv": false },
				"west": { "texture": "#all", "uv": [ 0.0, 0.0, 7.0, 15.0 ], "enabled": false },
				"up": { "texture": "#up", "uv": [ 0.0, 0.0, 17.0, 7.0 ], "enabled": false },
				"down": { "texture": "#all", "uv": [ 0.0, 0.0, 16.0, 7.0 ], "autoUv": false }
			}
		},
		{
			"name": "cube29",
			"from": [ 15.0, -3.0, 8.0 ], 
			"to": [ 22.0, 20.0, 16.0 ], 
			"renderInEditor": false,
			"rotationOrigin": [ 22.0, -3.0, 8.0 ],
			"rotationY": -14.0,
			"rotationZ": 14.0,
			"faces": {
				"north": { "texture": "#all", "uv": [ 0.0, 0.0, 7.0, 16.0 ], "autoUv": false },
				"east": { "texture": "#all", "uv": [ 0.0, 0.0, 8.0, 16.0 ], "autoUv": false },
				"south": { "texture": "#all", "uv": [ 0.0, 0.0, 7.0, 16.0 ], "autoUv": false },
				"west": { "texture": "#all", "uv": [ 0.0, 0.0, 8.0, 16.0 ], "autoUv": false },
				"up": { "texture": "#up", "uv": [ 0.0, 0.0, 7.0, 8.0 ], "enabled": false },
				"down": { "texture": "#all", "uv": [ 0.0, 0.0, 7.0, 8.0 ] }
			}
		},
		{
			"name": "cube30",
			"from": [ 16.0, -3.0, -3.0 ], 
			"to": [ 23.0, 22.0, 4.0 ], 
			"renderInEditor": false,
			"rotationOrigin": [ 23.0, -3.0, -3.0 ],
			"rotationX": 2.0,
			"rotationY": 16.0,
			"rotationZ": 31.0,
			"faces": {
				"north": { "texture": "#all", "uv": [ 0.0, 0.0, 7.0, 16.0 ], "autoUv": false },
				"east": { "texture": "#all", "uv": [ 0.0, 0.0, 7.0, 15.5 ], "autoUv": false },
				"south": { "texture": "#all", "uv": [ 0.0, 0.0, 7.0, 16.0 ], "autoUv": false },
				"west": { "texture": "#all", "uv": [ 0.0, 0.0, 7.0, 16.0 ], "autoUv": false },
				"up": { "texture": "#up", "uv": [ 0.0, 0.0, 7.0, 7.0 ], "enabled": false },
				"down": { "texture": "#all", "uv": [ 0.0, 0.0, 7.0, 7.0 ] }
			},
			"children": [
				{
					"name": "Cube32",
					"from": [ 0.0, 0.0, 0.0 ], 
					"to": [ 1.0, 1.0, 1.0 ], 
					"faces": {
						"north": { "texture": "#null", "uv": [ 0.0, 0.0, 1.0, 1.0 ] },
						"east": { "texture": "#null", "uv": [ 0.0, 0.0, 1.0, 1.0 ] },
						"south": { "texture": "#null", "uv": [ 0.0, 0.0, 1.0, 1.0 ] },
						"west": { "texture": "#null", "uv": [ 0.0, 0.0, 1.0, 1.0 ] },
						"up": { "texture": "#null", "uv": [ 0.0, 0.0, 1.0, 1.0 ] },
						"down": { "texture": "#null", "uv": [ 0.0, 0.0, 1.0, 1.0 ] }
					}
				}
			]
		},
		{
			"name": "cube32",
			"from": [ -9.0, -0.6, 0.2 ], 
			"to": [ -1.0, 19.4, 13.2 ], 
			"rotationOrigin": [ -9.0, -0.6, 0.2 ],
			"rotationZ": -29.0,
			"faces": {
				"north": { "texture": "#all", "uv": [ 0.0, 0.0, 8.0, 16.0 ], "autoUv": false },
				"east": { "texture": "#all", "uv": [ 0.0, 0.0, 13.0, 16.0 ], "autoUv": false },
				"south": { "texture": "#all", "uv": [ 0.0, 0.0, 8.0, 20.0 ], "enabled": false },
				"west": { "texture": "#all", "uv": [ 0.5, 0.0, 13.5, 16.0 ], "autoUv": false },
				"up": { "texture": "#up", "uv": [ 0.0, 0.0, 8.0, 13.0 ], "enabled": false },
				"down": { "texture": "#all", "uv": [ 0.0, 0.0, 8.0, 13.0 ] }
			}
		},
		{
			"name": "Cube9",
			"from": [ 11.09, 11.96, -4.96 ], 
			"to": [ 15.09, 23.96, 1.04 ], 
			"rotationOrigin": [ 11.0871, 11.9551, -4.9647 ],
			"rotationX": 22.5,
			"faces": {
				"north": { "texture": "#all", "uv": [ 0.0, 0.0, 4.0, 12.0 ] },
				"east": { "texture": "#all", "uv": [ 0.0, 0.0, 6.0, 12.0 ] },
				"south": { "texture": "#all", "uv": [ 0.0, 0.0, 4.0, 12.0 ] },
				"west": { "texture": "#all", "uv": [ 0.0, 0.0, 6.0, 12.0 ] },
				"up": { "texture": "#all", "uv": [ 0.0, 0.0, 4.0, 6.0 ], "enabled": false },
				"down": { "texture": "#all", "uv": [ 0.0, 0.0, 4.0, 6.0 ], "enabled": false }
			},
			"children": [
				{
					"name": "Cube8",
					"from": [ -0.1, -11.2505, -3.3809 ], 
					"to": [ 3.9, 4.7495, 8.6191 ], 
					"rotationOrigin": [ -0.1, -7.2505, -3.3809 ],
					"rotationX": 25.0,
					"rotationY": 0.0,
					"rotationZ": 0.0,
					"faces": {
						"north": { "texture": "#all", "uv": [ 0.0, 0.0, 4.0, 16.0 ] },
						"east": { "texture": "#all", "uv": [ 0.0, 0.0, 12.0, 16.0 ] },
						"south": { "texture": "#all", "uv": [ 0.0, 0.0, 4.0, 16.0 ] },
						"west": { "texture": "#all", "uv": [ 0.0, 0.0, 12.0, 16.0 ] },
						"up": { "texture": "#all", "uv": [ 0.0, 0.0, 4.0, 12.0 ], "enabled": false },
						"down": { "texture": "#all", "uv": [ 0.0, 0.0, 4.0, 12.0 ] }
					},
					"children": [
						{
							"name": "Cube7",
							"from": [ 0.0, -8.6824, -3.0978 ], 
							"to": [ 4.01, 1.8176, 0.9022 ], 
							"rotationOrigin": [ 0.0, -8.6824, -3.0978 ],
							"rotationX": 19.0,
							"rotationY": 0.0,
							"rotationZ": 0.0,
							"faces": {
								"north": { "texture": "#all", "uv": [ 0.0, 0.0, 4.0, 10.5 ] },
								"east": { "texture": "#all", "uv": [ 0.0, 0.0, 4.0, 10.5 ] },
								"south": { "texture": "#all", "uv": [ 0.0, 0.0, 4.0, 10.5 ] },
								"west": { "texture": "#all", "uv": [ 0.0, 0.0, 4.0, 10.5 ] },
								"up": { "texture": "#all", "uv": [ 0.0, 0.0, 4.0, 4.0 ], "enabled": false },
								"down": { "texture": "#all", "uv": [ 0.0, 0.0, 4.0, 4.0 ] }
							}
						}
					]
				}
			]
		}
	]}