{
	"editor": {
		"allAngles": false,
		"entityTextureMode": false
	},
	"textureWidth": 16,
	"textureHeight": 16,
	"textureSizes": {
	},
	"textures": {
	},
	"elements": [
		{
			"name": "origin",
			"from": [ 0.0, 0.0, 0.0 ], 
			"to": [ 0.0, 0.0, 0.0 ], 
			"faces": {
				"north": { "texture": "#inside", "uv": [ 0.0, 0.0, 0.5, 0.5 ], "enabled": false },
				"east": { "texture": "#bark", "uv": [ 0.0, 0.0, 0.5, 0.5 ], "enabled": false },
				"south": { "texture": "#bark", "uv": [ 0.0, 0.0, 0.5, 0.5 ], "enabled": false },
				"west": { "texture": "#inside", "uv": [ 0.0, 0.0, 0.5, 0.5 ], "enabled": false },
				"up": { "texture": "#wood", "uv": [ 8.0, 8.0, 16.0, 16.0 ], "enabled": false },
				"down": { "texture": "#wood", "uv": [ 0.0, 0.0, 0.5, 0.5 ], "enabled": false }
			}
		},
		{
			"name": "center",
			"from": [ 0.0, 0.0, 0.0 ], 
			"to": [ 16.0, 16.0, 16.0 ], 
			"faces": {
				"north": { "texture": "#inside", "uv": [ 0.0, 0.0, 16.0, 16.0 ] },
				"east": { "texture": "#bark", "uv": [ 0.0, 0.0, 16.0, 16.0 ] },
				"south": { "texture": "#bark", "uv": [ 0.0, 0.0, 16.0, 16.0 ] },
				"west": { "texture": "#inside", "uv": [ 0.0, 0.0, 16.0, 16.0 ] },
				"up": { "texture": "#wood", "uv": [ 8.0, 8.0, 16.0, 16.0 ], "enabled": false },
				"down": { "texture": "#wood", "uv": [ 0.0, 0.0, 16.0, 16.0 ] }
			}
		},
		{
			"name": "center2",
			"from": [ 0.001, 16.0, 0.001 ], 
			"to": [ 15.999, 24.0, 15.999 ], 
			"rotationOrigin": [ 0.0, 16.0, 0.0 ],
			"faces": {
				"north": { "texture": "#inside", "uv": [ 0.5, 8.0, 15.1, 16.0 ], "autoUv": false },
				"east": { "texture": "#bark", "uv": [ 0.0, 8.0, 15.9, 16.0 ], "autoUv": false },
				"south": { "texture": "#bark", "uv": [ 0.0, 8.0, 15.9, 16.0 ], "autoUv": false },
				"west": { "texture": "#inside", "uv": [ 0.0, 8.0, 15.5, 16.0 ] },
				"up": { "texture": "#wood", "uv": [ 8.0, 8.0, 16.0, 16.0 ] },
				"down": { "texture": "#wood", "uv": [ 0.0, 0.0, 15.5, 15.5 ], "enabled": false }
			}
		},
		{
			"name": "Root",
			"from": [ -3.0, -1.0, 41.0 ], 
			"to": [ 2.01, 9.5, 45.0 ], 
			"rotationOrigin": [ -3.0, -1.0, 41.0 ],
			"rotationX": 106.0,
			"rotationY": 5.0,
			"rotationZ": -163.0,
			"faces": {
				"north": { "texture": "#bark", "uv": [ 0.0, 0.0, 5.0, 10.5 ] },
				"east": { "texture": "#bark", "uv": [ 0.0, 0.0, 4.0, 10.5 ] },
				"south": { "texture": "#bark", "uv": [ 0.0, 0.0, 5.0, 10.5 ] },
				"west": { "texture": "#bark", "uv": [ 0.0, 0.0, 4.0, 10.5 ] },
				"up": { "texture": "#bark", "uv": [ 0.0, 0.0, 5.0, 4.0 ], "enabled": false },
				"down": { "texture": "#bark", "uv": [ 0.0, 0.0, 5.0, 4.0 ] }
			},
			"children": [
				{
					"name": "Cube17",
					"from": [ -0.1, 9.0, -1.2 ], 
					"to": [ 4.9, 25.0, 10.8 ], 
					"rotationOrigin": [ -0.1, 13.0, -1.2 ],
					"rotationX": -19.0,
					"faces": {
						"north": { "texture": "#bark", "uv": [ 0.0, 0.0, 5.0, 16.0 ] },
						"east": { "texture": "#bark", "uv": [ 0.0, 0.0, 12.0, 16.0 ] },
						"south": { "texture": "#bark", "uv": [ 0.0, 0.0, 5.0, 16.0 ] },
						"west": { "texture": "#bark", "uv": [ 0.0, 0.0, 12.0, 16.0 ] },
						"up": { "texture": "#bark", "uv": [ 0.0, 0.0, 5.0, 12.0 ], "enabled": false },
						"down": { "texture": "#bark", "uv": [ 0.0, 0.0, 5.0, 12.0 ] }
					},
					"children": [
						{
							"name": "Cube18",
							"from": [ 0.1, 12.0, 0.0 ], 
							"to": [ 5.1, 26.8, 6.0 ], 
							"rotationOrigin": [ 0.1, 12.0, 0.0 ],
							"rotationX": -25.0,
							"faces": {
								"north": { "texture": "#bark", "uv": [ 0.0, 0.0, 5.0, 14.5 ] },
								"east": { "texture": "#bark", "uv": [ 0.0, 0.0, 6.0, 14.5 ] },
								"south": { "texture": "#bark", "uv": [ 0.0, 0.0, 5.0, 14.5 ] },
								"west": { "texture": "#bark", "uv": [ 0.0, 0.0, 6.0, 14.5 ] },
								"up": { "texture": "#bark", "uv": [ 0.0, 0.0, 5.0, 6.0 ], "enabled": false },
								"down": { "texture": "#bark", "uv": [ 0.0, 0.0, 5.0, 6.0 ], "enabled": false }
							}
						}
					]
				}
			]
		},
		{
			"name": "Root1",
			"from": [ 37.0, -1.0, 5.0 ], 
			"to": [ 41.01, 9.5, 9.0 ], 
			"rotationOrigin": [ 37.0, -1.0, 5.0 ],
			"rotationX": 90.0,
			"rotationY": -26.0,
			"rotationZ": 90.0,
			"faces": {
				"north": { "texture": "#bark", "uv": [ 0.0, 0.0, 4.0, 10.5 ] },
				"east": { "texture": "#bark", "uv": [ 0.0, 0.0, 4.0, 10.5 ] },
				"south": { "texture": "#bark", "uv": [ 0.0, 0.0, 4.0, 10.5 ] },
				"west": { "texture": "#bark", "uv": [ 0.0, 0.0, 4.0, 10.5 ] },
				"up": { "texture": "#bark", "uv": [ 0.0, 0.0, 4.0, 4.0 ], "enabled": false },
				"down": { "texture": "#bark", "uv": [ 0.0, 0.0, 4.0, 4.0 ] }
			},
			"children": [
				{
					"name": "Cube23",
					"from": [ 0.0, 9.0, -1.2 ], 
					"to": [ 4.0, 25.0, 10.8 ], 
					"rotationOrigin": [ 0.0, 13.0, -1.2 ],
					"rotationX": -19.0,
					"faces": {
						"north": { "texture": "#bark", "uv": [ 0.0, 0.0, 4.0, 16.0 ] },
						"east": { "texture": "#bark", "uv": [ 0.0, 0.0, 12.0, 16.0 ] },
						"south": { "texture": "#bark", "uv": [ 0.0, 0.0, 4.0, 16.0 ] },
						"west": { "texture": "#bark", "uv": [ 0.0, 0.0, 12.0, 16.0 ] },
						"up": { "texture": "#bark", "uv": [ 0.0, 0.0, 4.0, 12.0 ], "enabled": false },
						"down": { "texture": "#bark", "uv": [ 0.0, 0.0, 4.0, 12.0 ] }
					},
					"children": [
						{
							"name": "Cube24",
							"from": [ 0.1, 12.0, 0.0 ], 
							"to": [ 4.1, 24.0, 6.0 ], 
							"rotationOrigin": [ 0.1, 12.0, 0.0 ],
							"rotationX": -25.0,
							"faces": {
								"north": { "texture": "#bark", "uv": [ 0.0, 0.0, 4.0, 12.0 ] },
								"east": { "texture": "#bark", "uv": [ 0.0, 0.0, 6.0, 12.0 ] },
								"south": { "texture": "#bark", "uv": [ 0.0, 0.0, 4.0, 12.0 ] },
								"west": { "texture": "#bark", "uv": [ 0.0, 0.0, 6.0, 12.0 ] },
								"up": { "texture": "#bark", "uv": [ 0.0, 0.0, 4.0, 6.0 ], "enabled": false },
								"down": { "texture": "#bark", "uv": [ 0.0, 0.0, 4.0, 6.0 ], "enabled": false }
							}
						}
					]
				}
			]
		},
		{
			"name": "Root2",
			"from": [ 32.0, -1.0, 28.0 ], 
			"to": [ 36.01, 9.5, 32.0 ], 
			"rotationOrigin": [ 32.0, -1.0, 28.0 ],
			"rotationX": 110.0,
			"rotationY": -15.0,
			"rotationZ": 137.0,
			"faces": {
				"north": { "texture": "#bark", "uv": [ 0.0, 0.0, 4.0, 10.5 ] },
				"east": { "texture": "#bark", "uv": [ 0.0, 0.0, 4.0, 10.5 ] },
				"south": { "texture": "#bark", "uv": [ 0.0, 0.0, 4.0, 10.5 ] },
				"west": { "texture": "#bark", "uv": [ 0.0, 0.0, 4.0, 10.5 ] },
				"up": { "texture": "#bark", "uv": [ 0.0, 0.0, 4.0, 4.0 ], "enabled": false },
				"down": { "texture": "#bark", "uv": [ 0.0, 0.0, 4.0, 4.0 ] }
			},
			"children": [
				{
					"name": "Cube26",
					"from": [ 0.0, 9.0, -1.2 ], 
					"to": [ 4.0, 25.0, 10.8 ], 
					"rotationOrigin": [ 0.0, 13.0, -1.2 ],
					"rotationX": -19.0,
					"faces": {
						"north": { "texture": "#bark", "uv": [ 0.0, 0.0, 4.0, 16.0 ] },
						"east": { "texture": "#bark", "uv": [ 0.0, 0.0, 12.0, 16.0 ] },
						"south": { "texture": "#bark", "uv": [ 0.0, 0.0, 4.0, 16.0 ] },
						"west": { "texture": "#bark", "uv": [ 0.0, 0.0, 12.0, 16.0 ] },
						"up": { "texture": "#bark", "uv": [ 0.0, 0.0, 4.0, 12.0 ], "enabled": false },
						"down": { "texture": "#bark", "uv": [ 0.0, 0.0, 4.0, 12.0 ] }
					},
					"children": [
						{
							"name": "Cube27",
							"from": [ -0.1, 12.0, 0.0 ], 
							"to": [ 3.9, 24.0, 6.0 ], 
							"rotationOrigin": [ -0.1, 12.0, 0.0 ],
							"rotationX": -25.0,
							"faces": {
								"north": { "texture": "#bark", "uv": [ 0.0, 0.0, 4.0, 12.0 ] },
								"east": { "texture": "#bark", "uv": [ 0.0, 0.0, 6.0, 12.0 ] },
								"south": { "texture": "#bark", "uv": [ 0.0, 0.0, 4.0, 12.0 ] },
								"west": { "texture": "#bark", "uv": [ 0.0, 0.0, 6.0, 12.0 ] },
								"up": { "texture": "#bark", "uv": [ 0.0, 0.0, 4.0, 6.0 ], "enabled": false },
								"down": { "texture": "#bark", "uv": [ 0.0, 0.0, 4.0, 6.0 ], "enabled": false }
							}
						}
					]
				}
			]
		},
		{
			"name": "Root3",
			"from": [ 1.0, -4.6, 17.0 ], 
			"to": [ 18.0, 10.4, 24.0 ], 
			"rotationOrigin": [ 1.0, -4.6, 17.0 ],
			"rotationX": -33.0,
			"rotationY": 6.0,
			"rotationZ": 7.0,
			"faces": {
				"north": { "texture": "#bark", "uv": [ 0.0, 0.0, 16.0, 15.0 ], "autoUv": false },
				"east": { "texture": "#bark", "uv": [ 0.0, 0.0, 7.0, 15.0 ], "enabled": false },
				"south": { "texture": "#bark", "uv": [ 0.0, 0.0, 16.0, 15.0 ], "autoUv": false },
				"west": { "texture": "#bark", "uv": [ 0.0, 0.0, 7.0, 15.0 ], "enabled": false },
				"up": { "texture": "#bark", "uv": [ 0.0, 0.0, 17.0, 7.0 ], "enabled": false },
				"down": { "texture": "#bark", "uv": [ 0.0, 0.0, 16.0, 7.0 ], "autoUv": false }
			}
		},
		{
			"name": "Root4",
			"from": [ 15.0, -3.0, 8.0 ], 
			"to": [ 22.0, 20.0, 16.0 ], 
			"rotationOrigin": [ 22.0, -3.0, 8.0 ],
			"rotationY": -14.0,
			"rotationZ": 14.0,
			"faces": {
				"north": { "texture": "#bark", "uv": [ 0.0, 0.0, 7.0, 16.0 ], "autoUv": false },
				"east": { "texture": "#bark", "uv": [ 0.0, 0.0, 8.0, 16.0 ], "autoUv": false },
				"south": { "texture": "#bark", "uv": [ 0.0, 0.0, 7.0, 16.0 ], "autoUv": false },
				"west": { "texture": "#bark", "uv": [ 0.0, 0.0, 8.0, 16.0 ], "autoUv": false },
				"up": { "texture": "#bark", "uv": [ 0.0, 0.0, 7.0, 8.0 ], "enabled": false },
				"down": { "texture": "#bark", "uv": [ 0.0, 0.0, 7.0, 8.0 ] }
			}
		},
		{
			"name": "Root5",
			"from": [ 16.0, -3.0, -3.0 ], 
			"to": [ 23.0, 22.0, 4.0 ], 
			"rotationOrigin": [ 23.0, -3.0, -3.0 ],
			"rotationX": 2.0,
			"rotationY": 16.0,
			"rotationZ": 31.0,
			"faces": {
				"north": { "texture": "#bark", "uv": [ 0.0, 0.0, 7.0, 16.0 ], "autoUv": false },
				"east": { "texture": "#bark", "uv": [ 0.0, 0.0, 7.0, 15.5 ], "autoUv": false },
				"south": { "texture": "#bark", "uv": [ 0.0, 0.0, 7.0, 16.0 ], "autoUv": false },
				"west": { "texture": "#bark", "uv": [ 0.0, 0.0, 7.0, 16.0 ], "autoUv": false },
				"up": { "texture": "#bark", "uv": [ 0.0, 0.0, 7.0, 7.0 ], "enabled": false },
				"down": { "texture": "#bark", "uv": [ 0.0, 0.0, 7.0, 7.0 ] }
			}
		}
	]}