{
	"editor": {
		"allAngles": false,
		"entityTextureMode": false
	},
	"textureWidth": 16,
	"textureHeight": 16,
	"textureSizes": {
	},
	"textures": {
		"treetrunk": "game:block/wood/treetrunk/oak",
		"bark": "game:block/wood/bark/oak",
		"inside": "game:block/treehollow/inside"
	},
	"elements": [
		{
			"name": "origin",
			"from": [ 0.0, 0.0, 0.0 ], 
			"to": [ 0.0, 0.0, 0.0 ], 
			"faces": {
				"north": { "texture": "#treetrunk", "uv": [ 0.0, 0.0, 0.5, 0.5 ], "enabled": false },
				"east": { "texture": "#treetrunk", "uv": [ 0.0, 0.0, 0.5, 0.5 ], "enabled": false },
				"south": { "texture": "#treetrunk", "uv": [ 0.0, 0.0, 0.5, 0.5 ], "enabled": false },
				"west": { "texture": "#treetrunk", "uv": [ 0.0, 0.0, 0.5, 0.5 ], "enabled": false },
				"up": { "texture": "#treetrunk", "uv": [ 0.0, 0.0, 0.5, 0.5 ], "enabled": false },
				"down": { "texture": "#treetrunk", "uv": [ 0.0, 0.0, 0.5, 0.5 ], "enabled": false }
			},
			"children": [
				{
					"name": "Cube2",
					"from": [ 0.0, 14.0, 0.0 ], 
					"to": [ 16.0, 16.0, 16.0 ], 
					"rotationOrigin": [ 0.0, 14.0, 0.0 ],
					"faces": {
						"north": { "texture": "#bark", "uv": [ 0.0, 0.0, 16.0, 2.0 ] },
						"east": { "texture": "#bark", "uv": [ 0.0, 0.0, 16.0, 2.0 ] },
						"south": { "texture": "#bark", "uv": [ 0.0, 0.0, 16.0, 2.0 ] },
						"west": { "texture": "#bark", "uv": [ 0.0, 0.0, 16.0, 2.0 ] },
						"up": { "texture": "#treetrunk", "uv": [ 0.0, 0.0, 16.0, 16.0 ] },
						"down": { "texture": "#inside", "uv": [ 0.0, 1.0, 16.0, 17.0 ], "windMode": [-1,-1,-1,-1] }
					}
				},
				{
					"name": "Cube3",
					"from": [ 0.0, 3.0, 0.0 ], 
					"to": [ 3.0, 14.0, 16.0 ], 
					"rotationOrigin": [ 0.0, 3.0, 0.0 ],
					"faces": {
						"north": { "texture": "#bark", "uv": [ 12.5, 1.0, 15.5, 13.0 ], "autoUv": false },
						"east": { "texture": "#inside", "uv": [ 0.0, 0.0, 16.0, 11.0 ] },
						"south": { "texture": "#bark", "uv": [ 0.0, 0.0, 3.5, 15.5 ], "autoUv": false },
						"west": { "texture": "#bark", "uv": [ 0.0, 0.0, 16.0, 11.0 ] },
						"up": { "texture": "#bark", "uv": [ 0.0, 0.0, 3.0, 16.0 ], "enabled": false },
						"down": { "texture": "#bark", "uv": [ 0.0, 0.0, 3.0, 16.0 ], "windMode": [-1,-1,-1,-1] }
					}
				},
				{
					"name": "Cube4",
					"from": [ 13.0, 3.0, 0.0 ], 
					"to": [ 16.0, 14.0, 16.0 ], 
					"rotationOrigin": [ 13.0, 3.0, 0.0 ],
					"faces": {
						"north": { "texture": "#bark", "uv": [ 0.5, 1.0, 4.0, 13.5 ], "autoUv": false },
						"east": { "texture": "#bark", "uv": [ 0.0, 0.0, 16.0, 11.0 ] },
						"south": { "texture": "#bark", "uv": [ 13.0, 0.0, 16.0, 11.0 ] },
						"west": { "texture": "#inside", "uv": [ 0.0, 0.0, 16.0, 11.0 ] },
						"up": { "texture": "#bark", "uv": [ 0.0, 0.0, 3.0, 16.0 ], "enabled": false },
						"down": { "texture": "#bark", "uv": [ 0.0, 0.0, 3.0, 16.0 ], "windMode": [-1,-1,-1,-1] }
					}
				},
				{
					"name": "Cube5",
					"from": [ 3.0, 3.0, 0.0 ], 
					"to": [ 13.0, 14.0, 4.0 ], 
					"rotationOrigin": [ 3.0, 3.0, 0.0 ],
					"faces": {
						"north": { "texture": "#bark", "uv": [ 4.5, 1.0, 14.0, 13.0 ], "autoUv": false },
						"east": { "texture": "#bark", "uv": [ 0.0, 0.0, 4.0, 11.0 ], "enabled": false },
						"south": { "texture": "#inside", "uv": [ 2.5, 2.0, 12.5, 13.0 ] },
						"west": { "texture": "#bark", "uv": [ 0.0, 0.0, 11.0, 4.0 ], "rotation": 90, "enabled": false },
						"up": { "texture": "#bark", "uv": [ 0.0, 0.0, 10.0, 4.0 ], "enabled": false },
						"down": { "texture": "#bark", "uv": [ 0.0, 0.0, 10.0, 4.0 ], "enabled": false }
					}
				},
				{
					"name": "Cube8",
					"from": [ 3.0, 11.0, 14.0 ], 
					"to": [ 7.0, 14.0, 16.0 ], 
					"rotationOrigin": [ 3.0, 11.0, 14.0 ],
					"faces": {
						"north": { "texture": "#bark", "uv": [ 0.0, 0.0, 4.0, 3.0 ] },
						"east": { "texture": "#bark", "uv": [ 0.0, 0.0, 2.0, 3.0 ] },
						"south": { "texture": "#bark", "uv": [ 8.0, 4.5, 12.0, 7.5 ] },
						"west": { "texture": "#bark", "uv": [ 0.0, 0.0, 2.0, 3.0 ], "enabled": false },
						"up": { "texture": "#bark", "uv": [ 0.0, 0.0, 4.0, 2.0 ], "enabled": false },
						"down": { "texture": "#bark", "uv": [ 2.0, 1.5, 6.0, 3.5 ] }
					}
				},
				{
					"name": "Cube9",
					"from": [ 8.5, 11.0, 14.0 ], 
					"to": [ 13.0, 14.0, 16.0 ], 
					"rotationOrigin": [ 8.5, 11.0, 14.0 ],
					"faces": {
						"north": { "texture": "#bark", "uv": [ 0.0, 0.0, 4.5, 3.0 ] },
						"east": { "texture": "#bark", "uv": [ 0.0, 0.0, 2.0, 3.0 ], "enabled": false },
						"south": { "texture": "#bark", "uv": [ 5.5, 6.5, 10.0, 9.5 ] },
						"west": { "texture": "#bark", "uv": [ 0.5, 1.0, 2.5, 4.0 ] },
						"up": { "texture": "#bark", "uv": [ 0.0, 0.0, 4.5, 2.0 ], "enabled": false },
						"down": { "texture": "#bark", "uv": [ 0.0, 0.0, 4.5, 2.0 ] }
					}
				},
				{
					"name": "Cube13",
					"from": [ 3.0, 5.0, 14.0 ], 
					"to": [ 5.5, 9.0, 16.0 ], 
					"rotationOrigin": [ 3.0, 5.0, 14.0 ],
					"faces": {
						"north": { "texture": "#bark", "uv": [ 0.0, 0.0, 2.5, 4.0 ] },
						"east": { "texture": "#bark", "uv": [ 0.0, 0.0, 2.0, 4.0 ] },
						"south": { "texture": "#bark", "uv": [ 3.0, 1.0, 5.5, 5.0 ] },
						"west": { "texture": "#bark", "uv": [ 0.0, 0.0, 2.0, 4.0 ], "enabled": false },
						"up": { "texture": "#bark", "uv": [ 0.0, 0.0, 2.5, 2.0 ], "enabled": false },
						"down": { "texture": "#bark", "uv": [ 4.0, 4.5, 6.5, 6.5 ] }
					}
				},
				{
					"name": "Cube14",
					"from": [ 3.0, 9.0, 14.0 ], 
					"to": [ 6.5, 11.0, 16.0 ], 
					"rotationOrigin": [ 3.0, 9.0, 14.0 ],
					"faces": {
						"north": { "texture": "#bark", "uv": [ 0.0, 0.0, 3.5, 2.0 ] },
						"east": { "texture": "#bark", "uv": [ 0.0, 0.0, 2.0, 2.0 ] },
						"south": { "texture": "#bark", "uv": [ 1.5, 2.0, 5.0, 4.0 ] },
						"west": { "texture": "#bark", "uv": [ 0.0, 0.0, 2.0, 2.0 ], "enabled": false },
						"up": { "texture": "#bark", "uv": [ 0.0, 0.0, 3.5, 2.0 ], "enabled": false },
						"down": { "texture": "#bark", "uv": [ 0.5, 4.5, 4.0, 6.5 ] }
					}
				},
				{
					"name": "Cube17",
					"from": [ 9.5, 10.0, 14.0 ], 
					"to": [ 13.0, 11.0, 16.0 ], 
					"rotationOrigin": [ 9.5, 10.0, 14.0 ],
					"faces": {
						"north": { "texture": "#bark", "uv": [ 0.0, 0.0, 3.5, 1.0 ] },
						"east": { "texture": "#bark", "uv": [ 0.0, 0.0, 2.0, 1.0 ], "enabled": false },
						"south": { "texture": "#bark", "uv": [ 4.5, 6.5, 8.0, 7.5 ] },
						"west": { "texture": "#bark", "uv": [ 0.0, 0.0, 2.0, 1.0 ] },
						"up": { "texture": "#bark", "uv": [ 0.0, 0.0, 3.5, 2.0 ], "enabled": false },
						"down": { "texture": "#bark", "uv": [ 0.0, 0.0, 3.5, 2.0 ] }
					}
				},
				{
					"name": "Cube18",
					"from": [ 10.0, 8.0, 14.0 ], 
					"to": [ 13.0, 10.0, 16.0 ], 
					"rotationOrigin": [ 10.0, 8.0, 14.0 ],
					"faces": {
						"north": { "texture": "#inside", "uv": [ 0.0, 0.0, 3.0, 2.0 ] },
						"east": { "texture": "#bark", "uv": [ 0.0, 0.0, 2.0, 2.0 ], "enabled": false },
						"south": { "texture": "#bark", "uv": [ 7.0, 8.0, 10.0, 10.0 ] },
						"west": { "texture": "#bark", "uv": [ 0.0, 0.0, 2.0, 2.0 ] },
						"up": { "texture": "#bark", "uv": [ 0.0, 0.0, 3.0, 2.0 ], "enabled": false },
						"down": { "texture": "#bark", "uv": [ 0.0, 0.0, 3.0, 2.0 ] }
					}
				},
				{
					"name": "Cube24",
					"from": [ 2.0, 0.3, 0.0 ], 
					"to": [ 14.0, 3.0, 4.0 ], 
					"rotationOrigin": [ 2.0, 0.3, 0.0 ],
					"faces": {
						"north": { "texture": "#bark", "uv": [ 3.0, 5.0, 15.0, 7.5 ] },
						"east": { "texture": "#bark", "uv": [ 0.0, 0.0, 4.0, 2.5 ] },
						"south": { "texture": "#inside", "uv": [ 2.5, 2.0, 14.5, 4.5 ] },
						"west": { "texture": "#bark", "uv": [ 0.0, 0.0, 4.0, 2.5 ] },
						"up": { "texture": "#bark", "uv": [ 0.0, 0.0, 12.0, 4.0 ], "enabled": false },
						"down": { "texture": "#bark", "uv": [ 0.0, 0.0, 12.0, 4.0 ], "enabled": false }
					}
				},
				{
					"name": "Cube20",
					"from": [ 11.0, 6.0, 14.0 ], 
					"to": [ 13.0, 8.0, 16.0 ], 
					"rotationOrigin": [ 11.0, 6.0, 14.0 ],
					"faces": {
						"north": { "texture": "#bark", "uv": [ 0.0, 0.0, 2.0, 2.0 ] },
						"east": { "texture": "#bark", "uv": [ 0.0, 0.0, 2.0, 2.0 ], "enabled": false },
						"south": { "texture": "#bark", "uv": [ 7.0, 8.0, 9.0, 10.0 ] },
						"west": { "texture": "#bark", "uv": [ 0.0, 0.0, 2.0, 2.0 ] },
						"up": { "texture": "#bark", "uv": [ 0.0, 0.0, 2.0, 2.0 ], "enabled": false },
						"down": { "texture": "#bark", "uv": [ 5.5, 5.0, 6.5, 7.0 ], "autoUv": false }
					}
				},
				{
					"name": "base",
					"from": [ 0.0, 0.0, 0.0 ], 
					"to": [ 16.0, 0.3, 16.0 ], 
					"faces": {
						"north": { "texture": "#bark", "uv": [ 0.0, 11.0, 16.0, 11.5 ], "autoUv": false },
						"east": { "texture": "#bark", "uv": [ 0.0, 0.0, 16.0, 0.5 ] },
						"south": { "texture": "#bark", "uv": [ 1.0, 9.5, 16.0, 10.0 ], "autoUv": false },
						"west": { "texture": "#bark", "uv": [ 0.0, 0.0, 16.0, 0.5 ] },
						"up": { "texture": "#inside", "uv": [ 0.0, 0.0, 16.0, 16.0 ], "autoUv": false },
						"down": { "texture": "#bark", "uv": [ 1.5, 0.0, 14.5, 16.0 ], "autoUv": false }
					}
				},
				{
					"name": "Cube21",
					"from": [ 0.0, 0.3, 0.0 ], 
					"to": [ 2.0, 3.0, 16.0 ], 
					"rotationOrigin": [ 0.0, 0.3, 0.0 ],
					"faces": {
						"north": { "texture": "#bark", "uv": [ 14.0, 11.5, 16.0, 14.0 ] },
						"east": { "texture": "#inside", "uv": [ 0.0, 0.0, 16.0, 2.5 ] },
						"south": { "texture": "#bark", "uv": [ 0.0, 0.0, 2.0, 2.5 ] },
						"west": { "texture": "#bark", "uv": [ 0.0, 0.0, 16.0, 2.5 ] },
						"up": { "texture": "#bark", "uv": [ 0.0, 0.0, 2.0, 16.0 ], "enabled": false },
						"down": { "texture": "#bark", "uv": [ 0.0, 0.0, 2.0, 16.0 ], "enabled": false }
					}
				},
				{
					"name": "Cube22",
					"from": [ 14.0, 0.3, 0.0 ], 
					"to": [ 16.0, 3.0, 16.0 ], 
					"rotationOrigin": [ 14.0, 0.3, 0.0 ],
					"faces": {
						"north": { "texture": "#bark", "uv": [ 1.5, 5.0, 3.5, 7.5 ], "autoUv": false },
						"east": { "texture": "#bark", "uv": [ 0.0, 0.0, 16.0, 2.5 ] },
						"south": { "texture": "#bark", "uv": [ 13.5, 2.0, 15.5, 4.5 ] },
						"west": { "texture": "#inside", "uv": [ 0.0, 0.0, 16.0, 2.5 ] },
						"up": { "texture": "#bark", "uv": [ 0.0, 0.0, 2.0, 16.0 ], "enabled": false },
						"down": { "texture": "#bark", "uv": [ 0.0, 0.0, 2.0, 16.0 ], "enabled": false }
					}
				},
				{
					"name": "Cube23",
					"from": [ 12.0, 3.0, 14.0 ], 
					"to": [ 13.0, 6.0, 16.0 ], 
					"rotationOrigin": [ 12.0, 3.0, 14.0 ],
					"faces": {
						"north": { "texture": "#bark", "uv": [ 0.0, 0.0, 1.0, 3.0 ] },
						"east": { "texture": "#bark", "uv": [ 0.0, 0.0, 2.0, 3.0 ], "enabled": false },
						"south": { "texture": "#bark", "uv": [ 7.0, 8.0, 8.0, 11.0 ] },
						"west": { "texture": "#bark", "uv": [ 0.0, 0.0, 2.0, 2.0 ], "autoUv": false },
						"up": { "texture": "#bark", "uv": [ 0.0, 0.0, 1.0, 2.0 ], "enabled": false },
						"down": { "texture": "#bark", "uv": [ 2.0, 5.0, 3.0, 7.0 ] }
					}
				},
				{
					"name": "Cube25",
					"from": [ 3.0, 3.0, 14.0 ], 
					"to": [ 4.5, 5.0, 16.0 ], 
					"rotationOrigin": [ 3.0, 3.0, 14.0 ],
					"faces": {
						"north": { "texture": "#bark", "uv": [ 0.0, 0.0, 1.5, 2.0 ] },
						"east": { "texture": "#bark", "uv": [ 0.0, 0.0, 2.0, 2.0 ] },
						"south": { "texture": "#bark", "uv": [ 3.0, 1.0, 4.5, 3.0 ] },
						"west": { "texture": "#bark", "uv": [ 0.0, 0.0, 2.0, 2.0 ], "enabled": false },
						"up": { "texture": "#bark", "uv": [ 0.0, 0.0, 1.5, 2.0 ], "enabled": false },
						"down": { "texture": "#bark", "uv": [ 7.5, 6.5, 9.0, 8.5 ] }
					}
				},
				{
					"name": "Cube26",
					"from": [ 2.0, 0.3, 14.0 ], 
					"to": [ 3.5, 3.0, 16.0 ], 
					"rotationOrigin": [ 2.0, 0.3, 14.0 ],
					"faces": {
						"north": { "texture": "#bark", "uv": [ 0.0, 0.0, 1.5, 2.5 ] },
						"east": { "texture": "#bark", "uv": [ 0.0, 0.0, 2.0, 2.5 ] },
						"south": { "texture": "#bark", "uv": [ 3.5, 6.0, 5.0, 8.5 ] },
						"west": { "texture": "#bark", "uv": [ 0.0, 0.0, 2.0, 2.5 ], "enabled": false },
						"up": { "texture": "#bark", "uv": [ 0.0, 0.0, 1.5, 2.0 ], "enabled": false },
						"down": { "texture": "#bark", "uv": [ 0.0, 0.0, 1.5, 2.0 ], "enabled": false }
					}
				},
				{
					"name": "Cube27",
					"from": [ 12.5, 0.3, 14.0 ], 
					"to": [ 14.0, 3.0, 16.0 ], 
					"rotationOrigin": [ 12.5, 0.3, 14.0 ],
					"faces": {
						"north": { "texture": "#bark", "uv": [ 0.0, 0.0, 1.5, 2.5 ] },
						"east": { "texture": "#bark", "uv": [ 0.0, 0.0, 2.0, 2.5 ], "enabled": false },
						"south": { "texture": "#bark", "uv": [ 7.0, 8.0, 8.5, 10.5 ] },
						"west": { "texture": "#bark", "uv": [ 0.0, 0.0, 2.0, 2.5 ] },
						"up": { "texture": "#bark", "uv": [ 0.0, 0.0, 1.5, 2.0 ], "enabled": false },
						"down": { "texture": "#bark", "uv": [ 0.0, 0.0, 1.5, 2.0 ], "enabled": false }
					}
				},
				{
					"name": "Cube28",
					"from": [ 7.0, 13.0, 14.0 ], 
					"to": [ 8.5, 14.0, 16.0 ], 
					"rotationOrigin": [ 7.0, 13.0, 14.0 ],
					"faces": {
						"north": { "texture": "#bark", "uv": [ 0.0, 0.0, 1.5, 1.0 ] },
						"east": { "texture": "#bark", "uv": [ 0.0, 0.0, 2.0, 1.0 ], "enabled": false },
						"south": { "texture": "#bark", "uv": [ 2.5, 3.0, 4.0, 4.0 ] },
						"west": { "texture": "#bark", "uv": [ 0.0, 0.0, 2.0, 1.0 ], "enabled": false },
						"up": { "texture": "#bark", "uv": [ 0.0, 0.0, 1.5, 2.0 ], "enabled": false },
						"down": { "texture": "#bark", "uv": [ 5.0, 5.5, 6.5, 7.5 ] }
					}
				},
				{
					"name": "Cube29",
					"from": [ -4.0, 0.0, -2.0 ], 
					"to": [ 0.0, 17.5, 4.0 ], 
					"rotationOrigin": [ -4.0, 0.0, -2.0 ],
					"rotationY": -14.7,
					"rotationZ": -15.7,
					"faces": {
						"north": { "texture": "#bark", "uv": [ 12.5, 1.0, 15.5, 13.0 ], "autoUv": false },
						"east": { "texture": "#bark", "uv": [ 0.0, 0.0, 6.0, 16.0 ], "autoUv": false },
						"south": { "texture": "#bark", "uv": [ 0.0, 0.0, 3.5, 15.5 ], "autoUv": false },
						"west": { "texture": "#bark", "uv": [ 0.0, 0.0, 6.0, 16.0 ], "autoUv": false },
						"up": { "texture": "#bark", "uv": [ 0.0, 0.0, 4.0, 6.0 ], "windMode": [-1,-1,-1,-1] },
						"down": { "texture": "#bark", "uv": [ 0.0, 0.0, 4.0, 6.0 ] }
					}
				},
				{
					"name": "Cube30",
					"from": [ -8.0, 0.0, -9.0 ], 
					"to": [ -5.0, 14.0, -5.0 ], 
					"rotationOrigin": [ -8.0, 0.0, -9.0 ],
					"rotationY": -39.0,
					"rotationZ": -69.0,
					"faces": {
						"north": { "texture": "#bark", "uv": [ 12.5, 1.0, 15.5, 13.0 ], "autoUv": false },
						"east": { "texture": "#bark", "uv": [ 0.0, 0.0, 4.0, 14.0 ] },
						"south": { "texture": "#bark", "uv": [ 0.0, 0.0, 3.5, 15.5 ], "autoUv": false },
						"west": { "texture": "#bark", "uv": [ 0.0, 0.0, 4.0, 14.0 ] },
						"up": { "texture": "#bark", "uv": [ 0.0, 0.0, 3.0, 4.0 ], "enabled": false },
						"down": { "texture": "#bark", "uv": [ 0.0, 0.0, 3.0, 4.0 ] }
					}
				},
				{
					"name": "Cube31",
					"from": [ -8.0, 0.0, 5.0 ], 
					"to": [ -4.0, 18.0, 13.0 ], 
					"rotationOrigin": [ -8.0, 0.0, 5.0 ],
					"rotationY": 0.3,
					"rotationZ": -27.1,
					"faces": {
						"north": { "texture": "#bark", "uv": [ 12.5, 1.0, 15.5, 13.0 ], "autoUv": false },
						"east": { "texture": "#bark", "uv": [ 0.0, 0.0, 8.0, 16.0 ], "autoUv": false },
						"south": { "texture": "#bark", "uv": [ 0.0, 0.0, 3.5, 15.5 ], "autoUv": false },
						"west": { "texture": "#bark", "uv": [ 0.0, 0.0, 8.0, 16.0 ], "autoUv": false },
						"up": { "texture": "#bark", "uv": [ 0.0, 0.0, 4.0, 8.0 ], "enabled": false },
						"down": { "texture": "#bark", "uv": [ 0.0, 0.0, 4.0, 8.0 ] }
					}
				},
				{
					"name": "Cube32",
					"from": [ -6.0, 0.0, 17.0 ], 
					"to": [ -1.0, 19.0, 21.0 ], 
					"rotationOrigin": [ -9.0, 0.0, 17.0 ],
					"rotationX": 8.0,
					"rotationY": 34.0,
					"rotationZ": -21.0,
					"faces": {
						"north": { "texture": "#bark", "uv": [ 12.5, 1.0, 15.5, 13.0 ], "autoUv": false },
						"east": { "texture": "#bark", "uv": [ 0.0, 0.0, 4.0, 16.0 ], "autoUv": false },
						"south": { "texture": "#bark", "uv": [ 0.0, 0.0, 5.0, 16.0 ], "autoUv": false },
						"west": { "texture": "#bark", "uv": [ 0.0, 0.0, 4.0, 16.0 ], "autoUv": false },
						"up": { "texture": "#bark", "uv": [ 0.0, 0.0, 5.0, 4.0 ] },
						"down": { "texture": "#bark", "uv": [ 0.0, 0.0, 5.0, 4.0 ] }
					}
				},
				{
					"name": "Cube33",
					"from": [ -2.6, 0.0, -7.0 ], 
					"to": [ 3.3, 17.1, -3.0 ], 
					"rotationOrigin": [ 2.4, 0.0, -7.0 ],
					"rotationX": 26.0,
					"rotationY": 45.0,
					"faces": {
						"north": { "texture": "#bark", "uv": [ 0.0, 0.0, 5.5, 16.0 ], "autoUv": false },
						"east": { "texture": "#bark", "uv": [ 0.0, 0.0, 4.0, 16.0 ], "autoUv": false },
						"south": { "texture": "#bark", "uv": [ 0.0, 0.0, 3.5, 15.5 ], "autoUv": false },
						"west": { "texture": "#bark", "uv": [ 0.0, 0.0, 4.0, 16.0 ], "autoUv": false },
						"up": { "texture": "#bark", "uv": [ 0.0, 0.0, 5.5, 4.0 ], "enabled": false },
						"down": { "texture": "#bark", "uv": [ 0.0, 0.0, 5.5, 4.0 ] }
					}
				},
				{
					"name": "Cube34",
					"from": [ 4.0, 0.0, -8.0 ], 
					"to": [ 17.0, 17.0, -4.0 ], 
					"rotationOrigin": [ 4.0, 0.0, -8.0 ],
					"rotationX": 25.0,
					"rotationY": -7.5,
					"faces": {
						"north": { "texture": "#bark", "uv": [ 0.5, 0.5, 13.5, 16.0 ], "autoUv": false },
						"east": { "texture": "#bark", "uv": [ 0.0, 0.0, 4.0, 16.0 ], "autoUv": false },
						"south": { "texture": "#bark", "uv": [ 0.0, 0.0, 3.5, 15.5 ], "autoUv": false },
						"west": { "texture": "#bark", "uv": [ 0.0, 0.0, 4.0, 16.0 ], "autoUv": false },
						"up": { "texture": "#bark", "uv": [ 0.0, 0.0, 13.0, 4.0 ] },
						"down": { "texture": "#bark", "uv": [ 0.0, 0.0, 13.0, 4.0 ] }
					}
				},
				{
					"name": "Cube36",
					"from": [ 20.0, 0.0, -5.0 ], 
					"to": [ 27.0, 14.0, -1.0 ], 
					"rotationOrigin": [ 20.0, 0.0, -5.0 ],
					"rotationX": 40.0,
					"rotationY": -58.5,
					"rotationZ": 32.0,
					"faces": {
						"north": { "texture": "#bark", "uv": [ 0.0, 0.0, 7.5, 16.0 ], "autoUv": false },
						"east": { "texture": "#bark", "uv": [ 0.0, 0.0, 4.0, 14.0 ] },
						"south": { "texture": "#bark", "uv": [ 0.0, 0.0, 3.5, 15.5 ], "autoUv": false },
						"west": { "texture": "#bark", "uv": [ 0.0, 0.0, 4.0, 14.0 ] },
						"up": { "texture": "#bark", "uv": [ 0.0, 0.0, 7.0, 4.0 ] },
						"down": { "texture": "#bark", "uv": [ 0.0, 0.0, 7.0, 4.0 ] }
					}
				},
				{
					"name": "Cube37",
					"from": [ 21.0, -2.0, 3.0 ], 
					"to": [ 26.0, 11.0, 7.0 ], 
					"rotationOrigin": [ 21.0, -2.0, 3.0 ],
					"rotationZ": 40.0,
					"faces": {
						"north": { "texture": "#bark", "uv": [ 12.5, 1.0, 15.5, 13.0 ], "autoUv": false },
						"east": { "texture": "#bark", "uv": [ 0.0, 0.0, 4.0, 16.0 ], "autoUv": false },
						"south": { "texture": "#bark", "uv": [ 0.0, 0.0, 3.5, 15.5 ], "autoUv": false },
						"west": { "texture": "#bark", "uv": [ 0.0, 0.0, 4.0, 16.0 ], "autoUv": false },
						"up": { "texture": "#bark", "uv": [ 0.0, 0.0, 5.0, 4.0 ], "enabled": false },
						"down": { "texture": "#bark", "uv": [ 0.0, 0.0, 5.0, 4.0 ] }
					}
				},
				{
					"name": "Cube38",
					"from": [ 24.0, -3.0, 6.8 ], 
					"to": [ 28.0, 17.5, 14.8 ], 
					"rotationOrigin": [ 24.0, -3.0, 6.8 ],
					"rotationY": -7.0,
					"rotationZ": 31.2,
					"faces": {
						"north": { "texture": "#bark", "uv": [ 12.5, 1.0, 15.5, 13.0 ], "autoUv": false },
						"east": { "texture": "#bark", "uv": [ 0.0, 0.0, 8.0, 16.0 ], "autoUv": false },
						"south": { "texture": "#bark", "uv": [ 0.0, 0.0, 3.5, 15.5 ], "autoUv": false },
						"west": { "texture": "#bark", "uv": [ 0.0, 0.0, 8.0, 16.0 ], "autoUv": false },
						"up": { "texture": "#bark", "uv": [ 0.0, 0.0, 4.0, 8.0 ], "windMode": [-1,-1,-1,-1], "windData": [1,1,1,1] },
						"down": { "texture": "#bark", "uv": [ 0.0, 0.0, 4.0, 8.0 ] }
					}
				},
				{
					"name": "Cube39",
					"from": [ 17.0, -4.0, 18.8 ], 
					"to": [ 23.0, 6.0, 23.8 ], 
					"rotationOrigin": [ 21.0, -4.0, 18.8 ],
					"rotationX": -61.0,
					"rotationY": 33.0,
					"rotationZ": 40.0,
					"faces": {
						"north": { "texture": "#bark", "uv": [ 12.5, 1.0, 15.5, 13.0 ], "autoUv": false },
						"east": { "texture": "#bark", "uv": [ 0.0, 0.0, 5.0, 10.0 ] },
						"south": { "texture": "#bark", "uv": [ 0.0, 0.0, 6.0, 10.0 ] },
						"west": { "texture": "#bark", "uv": [ 0.0, 0.0, 5.0, 10.0 ] },
						"up": { "texture": "#bark", "uv": [ 0.0, 0.0, 6.0, 5.0 ], "enabled": false },
						"down": { "texture": "#bark", "uv": [ 0.0, 0.0, 6.0, 5.0 ] }
					}
				},
				{
					"name": "Cube40",
					"from": [ 12.8, 2.9, 16.7 ], 
					"to": [ 18.8, 12.9, 21.7 ], 
					"rotationOrigin": [ 12.8, 2.9, 16.7 ],
					"rotationX": -35.0,
					"rotationY": 44.0,
					"rotationZ": 17.0,
					"faces": {
						"north": { "texture": "#bark", "uv": [ 12.5, 1.0, 15.5, 13.0 ], "autoUv": false },
						"east": { "texture": "#bark", "uv": [ 0.0, 0.0, 5.0, 10.0 ] },
						"south": { "texture": "#bark", "uv": [ 0.0, 0.0, 6.0, 10.0 ] },
						"west": { "texture": "#bark", "uv": [ 0.0, 0.0, 5.0, 10.0 ] },
						"up": { "texture": "#bark", "uv": [ 0.0, 0.0, 6.0, 5.0 ], "enabled": false },
						"down": { "texture": "#bark", "uv": [ 0.0, 0.0, 6.0, 5.0 ], "enabled": false }
					}
				},
				{
					"name": "Cube41",
					"from": [ -12.0, 0.0, 24.0 ], 
					"to": [ -9.0, 14.0, 26.0 ], 
					"rotationOrigin": [ -12.0, 0.0, 24.0 ],
					"rotationY": 45.0,
					"rotationZ": -69.0,
					"faces": {
						"north": { "texture": "#bark", "uv": [ 12.5, 1.0, 15.5, 13.0 ], "autoUv": false },
						"east": { "texture": "#bark", "uv": [ 0.0, 0.0, 2.0, 14.0 ] },
						"south": { "texture": "#bark", "uv": [ 0.0, 0.0, 3.5, 15.5 ], "autoUv": false },
						"west": { "texture": "#bark", "uv": [ 0.0, 0.0, 2.0, 14.0 ] },
						"up": { "texture": "#bark", "uv": [ 0.0, 0.0, 3.0, 2.0 ], "enabled": false },
						"down": { "texture": "#bark", "uv": [ 0.0, 0.0, 3.0, 2.0 ] }
					}
				},
				{
					"name": "Cube42",
					"from": [ 29.0, 0.0, 24.0 ], 
					"to": [ 32.0, 14.0, 26.0 ], 
					"rotationOrigin": [ 29.0, 0.0, 24.0 ],
					"rotationY": 135.0,
					"rotationZ": -69.0,
					"faces": {
						"north": { "texture": "#bark", "uv": [ 12.5, 1.0, 15.5, 13.0 ], "autoUv": false },
						"east": { "texture": "#bark", "uv": [ 0.0, 0.0, 2.0, 14.0 ] },
						"south": { "texture": "#bark", "uv": [ 0.0, 0.0, 3.0, 14.0 ] },
						"west": { "texture": "#bark", "uv": [ 0.0, 0.0, 2.0, 14.0 ] },
						"up": { "texture": "#bark", "uv": [ 0.0, 0.0, 3.0, 2.0 ], "enabled": false },
						"down": { "texture": "#bark", "uv": [ 0.0, 0.0, 3.0, 2.0 ] }
					}
				},
				{
					"name": "Cube43",
					"from": [ 26.0, 0.0, -9.0 ], 
					"to": [ 29.0, 14.0, -6.0 ], 
					"rotationOrigin": [ 26.0, 0.0, -9.0 ],
					"rotationY": -135.0,
					"rotationZ": -66.0,
					"faces": {
						"north": { "texture": "#bark", "uv": [ 12.5, 1.0, 15.5, 13.0 ], "autoUv": false },
						"east": { "texture": "#bark", "uv": [ 0.0, 0.0, 3.0, 14.0 ] },
						"south": { "texture": "#bark", "uv": [ 0.0, 0.0, 3.5, 15.5 ], "autoUv": false },
						"west": { "texture": "#bark", "uv": [ 0.0, 0.0, 3.0, 14.0 ] },
						"up": { "texture": "#bark", "uv": [ 0.0, 0.0, 3.0, 3.0 ], "enabled": false },
						"down": { "texture": "#bark", "uv": [ 0.0, 0.0, 3.0, 3.0 ] }
					}
				},
				{
					"name": "Cube44",
					"from": [ 35.0, 0.0, 2.0 ], 
					"to": [ 39.0, 16.0, 6.0 ], 
					"rotationOrigin": [ 35.0, 0.0, 2.0 ],
					"rotationY": -166.0,
					"rotationZ": -66.0,
					"faces": {
						"north": { "texture": "#bark", "uv": [ 12.5, 1.0, 15.5, 13.0 ], "autoUv": false },
						"east": { "texture": "#bark", "uv": [ 0.0, 0.0, 4.0, 16.0 ] },
						"south": { "texture": "#bark", "uv": [ 0.0, 0.0, 3.5, 15.5 ], "autoUv": false },
						"west": { "texture": "#bark", "uv": [ 0.0, 0.0, 4.0, 16.0 ], "autoUv": false },
						"up": { "texture": "#bark", "uv": [ 0.0, 0.0, 4.0, 4.0 ], "enabled": false },
						"down": { "texture": "#bark", "uv": [ 0.0, 0.0, 4.0, 4.0 ] }
					}
				},
				{
					"name": "Cube45",
					"from": [ -16.0, 0.0, 16.0 ], 
					"to": [ -12.0, 17.0, 18.0 ], 
					"rotationOrigin": [ -16.0, 0.0, 16.0 ],
					"rotationX": 3.0,
					"rotationY": 17.0,
					"rotationZ": -64.0,
					"faces": {
						"north": { "texture": "#bark", "uv": [ 12.5, 1.0, 15.5, 13.0 ], "autoUv": false },
						"east": { "texture": "#bark", "uv": [ 0.0, 0.0, 2.0, 16.0 ], "autoUv": false },
						"south": { "texture": "#bark", "uv": [ 0.0, 0.0, 3.5, 15.5 ], "autoUv": false },
						"west": { "texture": "#bark", "uv": [ 0.0, 0.0, 2.0, 16.0 ], "autoUv": false },
						"up": { "texture": "#bark", "uv": [ 0.0, 0.0, 4.0, 2.0 ], "enabled": false },
						"down": { "texture": "#bark", "uv": [ 0.0, 0.0, 4.0, 2.0 ] }
					}
				}
			]
		}
	]}