{
	"editor": {
		"allAngles": false,
		"entityTextureMode": false
	},
	"textureWidth": 16,
	"textureHeight": 16,
	"textureSizes": {
	},
	"textures": {
		"treetrunk": "game:block/wood/treetrunk/oak",
		"bark": "game:block/wood/bark/oak",
		"inside": "game:block/treehollow/inside"
	},
	"elements": [
		{
			"name": "origin",
			"from": [ 0.0, 0.0, 0.0 ], 
			"to": [ 0.0, 0.0, 0.0 ], 
			"faces": {
				"north": { "texture": "#bark", "uv": [ 0.0, 0.0, 0.5, 0.5 ], "enabled": false },
				"east": { "texture": "#bark", "uv": [ 0.0, 0.0, 0.5, 0.5 ], "enabled": false },
				"south": { "texture": "#bark", "uv": [ 0.0, 0.0, 0.5, 0.5 ], "enabled": false },
				"west": { "texture": "#bark", "uv": [ 0.0, 0.0, 0.5, 0.5 ], "enabled": false },
				"up": { "texture": "#bark", "uv": [ 0.0, 0.0, 0.5, 0.5 ], "enabled": false },
				"down": { "texture": "#bark", "uv": [ 0.0, 0.0, 0.5, 0.5 ], "enabled": false }
			}
		},
		{
			"name": "Cube4",
			"from": [ -10.0, 0.0, 10.0 ], 
			"to": [ -5.0, 12.0, 14.0 ], 
			"rotationOrigin": [ -10.0, 0.0, 10.0 ],
			"rotationZ": -41.0,
			"faces": {
				"north": { "texture": "#bark", "uv": [ 0.0, 0.0, 5.0, 12.0 ] },
				"east": { "texture": "#bark", "uv": [ 0.0, 0.0, 4.0, 12.0 ] },
				"south": { "texture": "#bark", "uv": [ 0.0, 0.0, 5.0, 12.0 ] },
				"west": { "texture": "#bark", "uv": [ 0.0, 0.0, 4.0, 12.0 ] },
				"up": { "texture": "#bark", "uv": [ 0.0, 0.0, 5.0, 4.0 ], "enabled": false },
				"down": { "texture": "#bark", "uv": [ 0.0, 0.0, 5.0, 4.0 ] }
			},
			"children": [
				{
					"name": "Cube5",
					"from": [ 0.001, 11.0, 0.001 ], 
					"to": [ 4.001, 19.0, 4.001 ], 
					"rotationOrigin": [ 0.0, 11.0, 0.0 ],
					"rotationZ": 19.0,
					"faces": {
						"north": { "texture": "#bark", "uv": [ 0.0, 0.0, 4.0, 8.0 ] },
						"east": { "texture": "#bark", "uv": [ 0.0, 0.0, 4.0, 8.0 ], "enabled": false },
						"south": { "texture": "#bark", "uv": [ 0.0, 0.0, 4.0, 8.0 ] },
						"west": { "texture": "#bark", "uv": [ 0.0, 0.0, 4.0, 8.0 ] },
						"up": { "texture": "#bark", "uv": [ 0.0, 0.0, 4.0, 4.0 ], "enabled": false },
						"down": { "texture": "#bark", "uv": [ 0.0, 0.0, 4.0, 4.0 ], "enabled": false }
					}
				}
			]
		},
		{
			"name": "Cube12",
			"from": [ 4.0, 0.0, 32.0 ], 
			"to": [ 9.0, 13.0, 37.0 ], 
			"rotationOrigin": [ 4.0, 0.0, 32.0 ],
			"rotationY": 90.0,
			"rotationZ": -56.0,
			"faces": {
				"north": { "texture": "#bark", "uv": [ 0.0, 0.0, 5.0, 13.0 ] },
				"east": { "texture": "#bark", "uv": [ 0.0, 0.0, 5.0, 13.0 ] },
				"south": { "texture": "#bark", "uv": [ 0.0, 0.0, 5.0, 13.0 ] },
				"west": { "texture": "#bark", "uv": [ 0.0, 0.0, 5.0, 13.0 ] },
				"up": { "texture": "#bark", "uv": [ 0.0, 0.0, 5.0, 5.0 ], "enabled": false },
				"down": { "texture": "#bark", "uv": [ 0.0, 0.0, 5.0, 5.0 ] }
			},
			"children": [
				{
					"name": "Cube13",
					"from": [ 0.001, 11.0, 0.001 ], 
					"to": [ 5.001, 23.0, 5.001 ], 
					"rotationOrigin": [ 0.0, 11.0, 0.0 ],
					"rotationZ": 18.0,
					"faces": {
						"north": { "texture": "#bark", "uv": [ 0.0, 0.0, 5.0, 12.0 ] },
						"east": { "texture": "#bark", "uv": [ 0.0, 0.0, 5.0, 12.0 ], "enabled": false },
						"south": { "texture": "#bark", "uv": [ 0.0, 0.0, 5.0, 12.0 ] },
						"west": { "texture": "#bark", "uv": [ 0.0, 0.0, 5.0, 12.0 ] },
						"up": { "texture": "#bark", "uv": [ 0.0, 0.0, 5.0, 5.0 ], "enabled": false },
						"down": { "texture": "#bark", "uv": [ 0.0, 0.0, 5.0, 5.0 ], "enabled": false }
					}
				}
			]
		},
		{
			"name": "Cube14",
			"from": [ -15.3, 0.0, 4.0 ], 
			"to": [ -10.3, 15.0, 10.0 ], 
			"rotationOrigin": [ -15.3, 0.0, 4.0 ],
			"rotationZ": -55.0,
			"faces": {
				"north": { "texture": "#bark", "uv": [ 0.0, 0.0, 5.0, 15.0 ] },
				"east": { "texture": "#bark", "uv": [ 0.0, 0.0, 6.0, 15.0 ] },
				"south": { "texture": "#bark", "uv": [ 0.0, 0.0, 5.0, 15.0 ] },
				"west": { "texture": "#bark", "uv": [ 0.0, 0.0, 6.0, 15.0 ] },
				"up": { "texture": "#bark", "uv": [ 0.0, 0.0, 5.0, 6.0 ], "enabled": false },
				"down": { "texture": "#bark", "uv": [ 0.0, 0.0, 5.0, 6.0 ] }
			},
			"children": [
				{
					"name": "Cube14",
					"from": [ 0.001, 11.0, 0.001 ], 
					"to": [ 5.001, 22.0, 6.001 ], 
					"rotationOrigin": [ 0.0, 11.0, 0.0 ],
					"rotationZ": 19.0,
					"faces": {
						"north": { "texture": "#bark", "uv": [ 0.0, 0.0, 5.0, 11.0 ] },
						"east": { "texture": "#bark", "uv": [ 0.0, 0.0, 6.0, 11.0 ], "enabled": false },
						"south": { "texture": "#bark", "uv": [ 0.0, 0.0, 5.0, 11.0 ] },
						"west": { "texture": "#bark", "uv": [ 0.0, 0.0, 6.0, 11.0 ] },
						"up": { "texture": "#bark", "uv": [ 0.0, 0.0, 5.0, 6.0 ], "enabled": false },
						"down": { "texture": "#bark", "uv": [ 0.0, 0.0, 5.0, 6.0 ], "enabled": false }
					}
				}
			]
		},
		{
			"name": "Cube15",
			"from": [ 2.0, 0.0, -15.0 ], 
			"to": [ 7.0, 13.0, -10.0 ], 
			"rotationOrigin": [ 2.0, 0.0, -15.0 ],
			"rotationY": -70.0,
			"rotationZ": -54.0,
			"faces": {
				"north": { "texture": "#bark", "uv": [ 0.0, 0.0, 5.0, 13.0 ] },
				"east": { "texture": "#bark", "uv": [ 0.0, 0.0, 5.0, 13.0 ] },
				"south": { "texture": "#bark", "uv": [ 0.0, 0.0, 5.0, 13.0 ] },
				"west": { "texture": "#bark", "uv": [ 0.0, 0.0, 5.0, 13.0 ] },
				"up": { "texture": "#bark", "uv": [ 0.0, 0.0, 5.0, 5.0 ], "enabled": false },
				"down": { "texture": "#bark", "uv": [ 0.0, 0.0, 5.0, 5.0 ] }
			},
			"children": [
				{
					"name": "Cube16",
					"from": [ 0.001, 11.0, 0.001 ], 
					"to": [ 5.001, 22.0, 5.001 ], 
					"rotationOrigin": [ 0.0, 11.0, 0.0 ],
					"rotationZ": 18.0,
					"faces": {
						"north": { "texture": "#bark", "uv": [ 0.0, 0.0, 5.0, 11.0 ] },
						"east": { "texture": "#bark", "uv": [ 0.0, 0.0, 5.0, 11.0 ], "enabled": false },
						"south": { "texture": "#bark", "uv": [ 0.0, 0.0, 5.0, 11.0 ] },
						"west": { "texture": "#bark", "uv": [ 0.0, 0.0, 5.0, 11.0 ] },
						"up": { "texture": "#bark", "uv": [ 0.0, 0.0, 5.0, 5.0 ], "enabled": false },
						"down": { "texture": "#bark", "uv": [ 0.0, 0.0, 5.0, 5.0 ], "enabled": false }
					}
				}
			]
		},
		{
			"name": "Cube27",
			"from": [ 12.0, -2.0, 35.0 ], 
			"to": [ 19.0, 15.0, 39.0 ], 
			"rotationOrigin": [ 12.0, -2.0, 35.0 ],
			"rotationY": 102.0,
			"rotationZ": -54.0,
			"faces": {
				"north": { "texture": "#bark", "uv": [ 0.0, 0.0, 7.0, 16.0 ], "autoUv": false },
				"east": { "texture": "#bark", "uv": [ 0.0, 0.0, 4.0, 16.0 ], "autoUv": false },
				"south": { "texture": "#bark", "uv": [ 0.0, 0.0, 7.0, 16.0 ], "autoUv": false },
				"west": { "texture": "#bark", "uv": [ 0.0, 0.0, 4.0, 16.0 ], "autoUv": false },
				"up": { "texture": "#bark", "uv": [ 0.0, 0.0, 7.0, 4.0 ], "enabled": false },
				"down": { "texture": "#bark", "uv": [ 0.0, 0.0, 7.0, 4.0 ] }
			},
			"children": [
				{
					"name": "Cube28",
					"from": [ 0.0, 16.0, 0.001 ], 
					"to": [ 8.0, 26.0, 4.001 ], 
					"rotationOrigin": [ 0.0, 16.0, 0.0 ],
					"rotationZ": 16.0,
					"faces": {
						"north": { "texture": "#bark", "uv": [ 0.0, 0.0, 8.0, 10.0 ] },
						"east": { "texture": "#bark", "uv": [ 0.0, 0.0, 4.0, 10.0 ], "enabled": false },
						"south": { "texture": "#bark", "uv": [ 0.0, 0.0, 8.0, 10.0 ] },
						"west": { "texture": "#bark", "uv": [ 0.0, 0.0, 4.0, 10.0 ] },
						"up": { "texture": "#bark", "uv": [ 0.0, 0.0, 8.0, 4.0 ], "enabled": false },
						"down": { "texture": "#bark", "uv": [ 0.0, 0.0, 8.0, 4.0 ], "enabled": false }
					}
				}
			]
		},
		{
			"name": "Cube29",
			"from": [ 30.0, -2.0, 21.0 ], 
			"to": [ 34.0, 15.0, 25.0 ], 
			"rotationOrigin": [ 30.0, -2.0, 21.0 ],
			"rotationY": 159.5,
			"rotationZ": -55.0,
			"faces": {
				"north": { "texture": "#bark", "uv": [ 0.0, 0.0, 4.0, 16.0 ], "autoUv": false },
				"east": { "texture": "#bark", "uv": [ 0.0, 0.0, 4.0, 16.0 ], "autoUv": false },
				"south": { "texture": "#bark", "uv": [ 0.0, 0.0, 4.0, 16.0 ], "autoUv": false },
				"west": { "texture": "#bark", "uv": [ 0.0, 0.0, 4.0, 16.0 ], "autoUv": false },
				"up": { "texture": "#bark", "uv": [ 0.0, 0.0, 4.0, 4.0 ], "enabled": false },
				"down": { "texture": "#bark", "uv": [ 0.0, 0.0, 4.0, 4.0 ] }
			},
			"children": [
				{
					"name": "Cube30",
					"from": [ 0.001, 11.0, 0.001 ], 
					"to": [ 4.001, 23.0, 4.001 ], 
					"rotationOrigin": [ 0.0, 11.0, 0.0 ],
					"rotationY": -1.0,
					"rotationZ": 25.0,
					"faces": {
						"north": { "texture": "#bark", "uv": [ 0.0, 0.0, 4.0, 12.0 ] },
						"east": { "texture": "#bark", "uv": [ 0.0, 0.0, 4.0, 12.0 ], "enabled": false },
						"south": { "texture": "#bark", "uv": [ 0.0, 0.0, 4.0, 12.0 ] },
						"west": { "texture": "#bark", "uv": [ 0.0, 0.0, 4.0, 12.0 ] },
						"up": { "texture": "#bark", "uv": [ 0.0, 0.0, 4.0, 4.0 ] },
						"down": { "texture": "#bark", "uv": [ 0.0, 0.0, 4.0, 4.0 ], "enabled": false }
					}
				}
			]
		},
		{
			"name": "Cube31",
			"from": [ 13.0, 0.0, -18.0 ], 
			"to": [ 19.0, 18.0, -11.0 ], 
			"rotationOrigin": [ 13.0, 0.0, -18.0 ],
			"rotationY": -90.0,
			"rotationZ": -70.0,
			"faces": {
				"north": { "texture": "#bark", "uv": [ 0.0, 0.0, 6.0, 16.0 ], "autoUv": false },
				"east": { "texture": "#bark", "uv": [ 0.0, 0.0, 7.0, 16.0 ], "autoUv": false },
				"south": { "texture": "#bark", "uv": [ 0.0, 0.0, 6.0, 16.0 ], "autoUv": false },
				"west": { "texture": "#bark", "uv": [ 0.0, 0.0, 7.0, 16.0 ], "autoUv": false },
				"up": { "texture": "#bark", "uv": [ 0.0, 0.0, 6.0, 7.0 ], "enabled": false },
				"down": { "texture": "#bark", "uv": [ 0.0, 0.0, 6.0, 7.0 ] }
			},
			"children": [
				{
					"name": "Cube32",
					"from": [ 0.001, 11.0, 0.001 ], 
					"to": [ 6.001, 25.6, 7.001 ], 
					"rotationOrigin": [ 0.0, 11.0, 0.0 ],
					"rotationZ": 37.0,
					"faces": {
						"north": { "texture": "#bark", "uv": [ 0.0, 0.0, 6.0, 14.5 ] },
						"east": { "texture": "#bark", "uv": [ 0.0, 0.0, 7.0, 14.5 ], "enabled": false },
						"south": { "texture": "#bark", "uv": [ 0.0, 0.0, 6.0, 14.5 ] },
						"west": { "texture": "#bark", "uv": [ 0.0, 0.0, 7.0, 14.5 ] },
						"up": { "texture": "#bark", "uv": [ 0.0, 0.0, 6.0, 7.0 ], "enabled": false },
						"down": { "texture": "#bark", "uv": [ 0.0, 0.0, 6.0, 7.0 ], "enabled": false }
					}
				}
			]
		},
		{
			"name": "Cube33",
			"from": [ 28.0, 0.0, -12.0 ], 
			"to": [ 34.0, 18.0, -5.0 ], 
			"rotationOrigin": [ 28.0, 0.0, -12.0 ],
			"rotationY": -127.0,
			"rotationZ": -70.0,
			"faces": {
				"north": { "texture": "#bark", "uv": [ 0.0, 0.0, 6.0, 16.0 ], "autoUv": false },
				"east": { "texture": "#bark", "uv": [ 0.0, 0.0, 7.0, 16.0 ], "autoUv": false },
				"south": { "texture": "#bark", "uv": [ 0.0, 0.0, 6.0, 16.0 ], "autoUv": false },
				"west": { "texture": "#bark", "uv": [ 0.0, 0.0, 7.0, 16.0 ], "autoUv": false },
				"up": { "texture": "#bark", "uv": [ 0.0, 0.0, 6.0, 7.0 ], "enabled": false },
				"down": { "texture": "#bark", "uv": [ 0.0, 0.0, 6.0, 7.0 ] }
			},
			"children": [
				{
					"name": "Cube34",
					"from": [ 0.001, 11.0, 0.001 ], 
					"to": [ 6.001, 25.6, 7.001 ], 
					"rotationOrigin": [ 0.0, 11.0, 0.0 ],
					"rotationZ": 37.0,
					"faces": {
						"north": { "texture": "#bark", "uv": [ 0.0, 0.0, 6.0, 14.5 ] },
						"east": { "texture": "#bark", "uv": [ 0.0, 0.0, 7.0, 14.5 ], "enabled": false },
						"south": { "texture": "#bark", "uv": [ 0.0, 0.0, 6.0, 14.5 ] },
						"west": { "texture": "#bark", "uv": [ 0.0, 0.0, 7.0, 14.5 ] },
						"up": { "texture": "#bark", "uv": [ 0.0, 0.0, 6.0, 7.0 ], "windMode": [-1,-1,-1,-1], "windData": [1,1,0,0] },
						"down": { "texture": "#bark", "uv": [ 0.0, 0.0, 6.0, 7.0 ], "enabled": false, "windMode": [-1,-1,-1,-1] }
					}
				}
			]
		},
		{
			"name": "Cube35",
			"from": [ 31.6, -3.0, 0.0 ], 
			"to": [ 35.6, 14.0, 4.0 ], 
			"rotationOrigin": [ 31.6, -3.0, 0.0 ],
			"rotationY": 196.0,
			"rotationZ": -52.3,
			"faces": {
				"north": { "texture": "#bark", "uv": [ 0.0, 0.0, 4.0, 16.0 ], "autoUv": false },
				"east": { "texture": "#bark", "uv": [ 0.0, 0.0, 4.0, 16.0 ], "autoUv": false },
				"south": { "texture": "#bark", "uv": [ 0.0, 0.0, 4.0, 16.0 ], "autoUv": false },
				"west": { "texture": "#bark", "uv": [ 0.0, 0.0, 4.0, 16.0 ], "autoUv": false },
				"up": { "texture": "#bark", "uv": [ 0.0, 0.0, 4.0, 4.0 ], "enabled": false },
				"down": { "texture": "#bark", "uv": [ 0.0, 0.0, 4.0, 4.0 ] }
			},
			"children": [
				{
					"name": "Cube36",
					"from": [ 0.001, 11.0, 0.001 ], 
					"to": [ 4.001, 25.0, 4.001 ], 
					"rotationOrigin": [ 0.0, 11.0, 0.0 ],
					"rotationZ": 19.0,
					"faces": {
						"north": { "texture": "#bark", "uv": [ 0.0, 0.0, 4.0, 14.0 ] },
						"east": { "texture": "#bark", "uv": [ 0.0, 0.0, 4.0, 14.0 ], "enabled": false },
						"south": { "texture": "#bark", "uv": [ 0.0, 0.0, 4.0, 14.0 ] },
						"west": { "texture": "#bark", "uv": [ 0.0, 0.0, 4.0, 14.0 ] },
						"up": { "texture": "#bark", "uv": [ 0.0, 0.0, 4.0, 4.0 ], "enabled": false },
						"down": { "texture": "#bark", "uv": [ 0.0, 0.0, 4.0, 4.0 ], "enabled": false }
					}
				}
			]
		},
		{
			"name": "Cube21",
			"from": [ -14.0, -2.0, 28.0 ], 
			"to": [ -7.0, 14.0, 35.0 ], 
			"rotationOrigin": [ -14.0, -2.0, 28.0 ],
			"rotationY": 50.0,
			"rotationZ": -57.0,
			"faces": {
				"north": { "texture": "#bark", "uv": [ 0.0, 0.0, 7.0, 16.0 ] },
				"east": { "texture": "#bark", "uv": [ 0.0, 0.0, 7.0, 16.0 ] },
				"south": { "texture": "#bark", "uv": [ 0.0, 0.0, 7.0, 16.0 ] },
				"west": { "texture": "#bark", "uv": [ 0.0, 0.0, 7.0, 16.0 ] },
				"up": { "texture": "#bark", "uv": [ 0.0, 0.0, 7.0, 7.0 ], "enabled": false },
				"down": { "texture": "#bark", "uv": [ 0.0, 0.0, 7.0, 7.0 ] }
			},
			"children": [
				{
					"name": "Cube22",
					"from": [ 0.001, 14.0, 0.001 ], 
					"to": [ 7.001, 26.0, 7.001 ], 
					"rotationOrigin": [ 0.0, 14.0, 0.0 ],
					"rotationZ": 18.0,
					"faces": {
						"north": { "texture": "#bark", "uv": [ 0.0, 0.0, 7.0, 12.0 ] },
						"east": { "texture": "#bark", "uv": [ 0.0, 0.0, 7.0, 12.0 ], "enabled": false },
						"south": { "texture": "#bark", "uv": [ 0.0, 0.0, 7.0, 12.0 ] },
						"west": { "texture": "#bark", "uv": [ 0.0, 0.0, 7.0, 12.0 ] },
						"up": { "texture": "#bark", "uv": [ 0.0, 0.0, 7.0, 7.0 ], "windMode": [-1,-1,-1,-1], "windData": [1,1,0,0] },
						"down": { "texture": "#bark", "uv": [ 0.0, 0.0, 7.0, 7.0 ], "enabled": false }
					}
				}
			]
		},
		{
			"name": "Cube23",
			"from": [ -14.0, -2.0, -14.0 ], 
			"to": [ -7.0, 14.0, -7.0 ], 
			"rotationOrigin": [ -14.0, -2.0, -14.0 ],
			"rotationY": -38.0,
			"rotationZ": -58.0,
			"faces": {
				"north": { "texture": "#bark", "uv": [ 0.0, 0.0, 7.0, 16.0 ] },
				"east": { "texture": "#bark", "uv": [ 0.0, 0.0, 7.0, 16.0 ] },
				"south": { "texture": "#bark", "uv": [ 0.0, 0.0, 7.0, 16.0 ] },
				"west": { "texture": "#bark", "uv": [ 0.0, 0.0, 7.0, 16.0 ] },
				"up": { "texture": "#bark", "uv": [ 0.0, 0.0, 7.0, 7.0 ], "enabled": false },
				"down": { "texture": "#bark", "uv": [ 0.0, 0.0, 7.0, 7.0 ] }
			},
			"children": [
				{
					"name": "Cube24",
					"from": [ 0.001, 14.0, 0.001 ], 
					"to": [ 7.001, 28.0, 7.001 ], 
					"rotationOrigin": [ 0.0, 14.0, 0.0 ],
					"rotationZ": 18.0,
					"faces": {
						"north": { "texture": "#bark", "uv": [ 0.0, 0.0, 7.0, 14.0 ] },
						"east": { "texture": "#bark", "uv": [ 0.0, 0.0, 7.0, 14.0 ], "enabled": false },
						"south": { "texture": "#bark", "uv": [ 0.0, 0.0, 7.0, 14.0 ] },
						"west": { "texture": "#bark", "uv": [ 0.0, 0.0, 7.0, 14.0 ] },
						"up": { "texture": "#bark", "uv": [ 0.0, 0.0, 7.0, 7.0 ] },
						"down": { "texture": "#bark", "uv": [ 0.0, 0.0, 7.0, 7.0 ], "enabled": false }
					}
				}
			]
		},
		{
			"name": "Cube25",
			"from": [ 24.0, -2.0, 33.0 ], 
			"to": [ 31.0, 14.0, 40.0 ], 
			"rotationOrigin": [ 24.0, -2.0, 33.0 ],
			"rotationY": 128.0,
			"rotationZ": -55.0,
			"faces": {
				"north": { "texture": "#bark", "uv": [ 0.0, 0.0, 7.0, 16.0 ] },
				"east": { "texture": "#bark", "uv": [ 0.0, 0.0, 7.0, 16.0 ] },
				"south": { "texture": "#bark", "uv": [ 0.0, 0.0, 7.0, 16.0 ] },
				"west": { "texture": "#bark", "uv": [ 0.0, 0.0, 7.0, 16.0 ] },
				"up": { "texture": "#bark", "uv": [ 0.0, 0.0, 7.0, 7.0 ], "enabled": false },
				"down": { "texture": "#bark", "uv": [ 0.0, 0.0, 7.0, 7.0 ] }
			},
			"children": [
				{
					"name": "Cube26",
					"from": [ 0.001, 14.0, 0.001 ], 
					"to": [ 7.001, 26.0, 7.001 ], 
					"rotationOrigin": [ 0.0, 14.0, 0.0 ],
					"rotationZ": 18.0,
					"faces": {
						"north": { "texture": "#bark", "uv": [ 0.0, 0.0, 7.0, 12.0 ] },
						"east": { "texture": "#bark", "uv": [ 0.0, 0.0, 7.0, 12.0 ], "enabled": false },
						"south": { "texture": "#bark", "uv": [ 0.0, 0.0, 7.0, 12.0 ] },
						"west": { "texture": "#bark", "uv": [ 0.0, 0.0, 7.0, 12.0 ] },
						"up": { "texture": "#bark", "uv": [ 0.0, 0.0, 7.0, 7.0 ] },
						"down": { "texture": "#bark", "uv": [ 0.0, 0.0, 7.0, 7.0 ], "enabled": false }
					}
				}
			]
		},
		{
			"name": "Cube37",
			"from": [ 29.0, -2.0, 12.0 ], 
			"to": [ 33.0, 15.0, 16.0 ], 
			"rotationOrigin": [ 29.0, -2.0, 12.0 ],
			"rotationY": -157.5,
			"rotationZ": -62.0,
			"faces": {
				"north": { "texture": "#bark", "uv": [ 0.0, 0.0, 4.0, 16.0 ], "autoUv": false },
				"east": { "texture": "#bark", "uv": [ 0.0, 0.0, 4.0, 16.0 ], "autoUv": false },
				"south": { "texture": "#bark", "uv": [ 0.0, 0.0, 4.0, 16.0 ], "autoUv": false },
				"west": { "texture": "#bark", "uv": [ 0.0, 0.0, 4.0, 16.0 ], "autoUv": false },
				"up": { "texture": "#bark", "uv": [ 0.0, 0.0, 4.0, 4.0 ], "enabled": false },
				"down": { "texture": "#bark", "uv": [ 0.0, 0.0, 4.0, 4.0 ] }
			}
		},
		{
			"name": "roots33",
			"from": [ 18.0, 1.0, -1.0 ], 
			"to": [ 26.0, 3.0, 1.0 ], 
			"rotationOrigin": [ 18.0, 1.0, -1.0 ],
			"rotationY": 28.0,
			"rotationZ": -15.0,
			"faces": {
				"north": { "texture": "#bark", "uv": [ 0.0, 0.0, 2.0, 8.0 ], "rotation": 90 },
				"east": { "texture": "#bark", "uv": [ 0.0, 0.0, 2.0, 2.0 ], "enabled": false },
				"south": { "texture": "#bark", "uv": [ 0.0, 0.0, 2.0, 8.0 ], "rotation": 90 },
				"west": { "texture": "#bark", "uv": [ 0.0, 0.0, 2.0, 2.0 ], "enabled": false },
				"up": { "texture": "#bark", "uv": [ 0.0, 0.0, 2.0, 8.0 ], "rotation": 90 },
				"down": { "texture": "#bark", "uv": [ 0.0, 0.0, 2.0, 8.0 ], "rotation": 90 }
			},
			"children": [
				{
					"name": "roots34",
					"from": [ 8.0, 0.0, 0.0 ], 
					"to": [ 14.0, 2.0, 2.0 ], 
					"rotationOrigin": [ 8.0, 0.0, 0.0 ],
					"rotationX": -6.0,
					"rotationY": 40.0,
					"rotationZ": 10.0,
					"faces": {
						"north": { "texture": "#bark", "uv": [ 0.0, 0.0, 2.0, 6.0 ], "rotation": 90 },
						"east": { "texture": "#bark", "uv": [ 0.0, 0.0, 2.0, 2.0 ], "rotation": 90 },
						"south": { "texture": "#bark", "uv": [ 0.0, 0.0, 2.0, 6.0 ], "rotation": 90 },
						"west": { "texture": "#bark", "uv": [ 0.0, 0.0, 2.0, 2.0 ], "enabled": false },
						"up": { "texture": "#bark", "uv": [ 0.0, 0.0, 2.0, 6.0 ], "rotation": 90 },
						"down": { "texture": "#bark", "uv": [ 0.0, 0.0, 2.0, 6.0 ], "rotation": 90 }
					}
				},
				{
					"name": "roots35",
					"from": [ 8.0, 0.0, 0.0 ], 
					"to": [ 14.0, 2.0, 2.0 ], 
					"rotationOrigin": [ 8.0, 0.0, 0.0 ],
					"rotationX": 5.0,
					"rotationY": -36.0,
					"rotationZ": 10.0,
					"faces": {
						"north": { "texture": "#bark", "uv": [ 0.0, 0.0, 2.0, 6.0 ], "rotation": 90 },
						"east": { "texture": "#bark", "uv": [ 0.0, 0.0, 2.0, 2.0 ], "rotation": 90 },
						"south": { "texture": "#bark", "uv": [ 0.0, 0.0, 2.0, 6.0 ], "rotation": 90 },
						"west": { "texture": "#bark", "uv": [ 0.0, 0.0, 2.0, 2.0 ], "enabled": false },
						"up": { "texture": "#bark", "uv": [ 0.0, 0.0, 2.0, 6.0 ], "rotation": 90 },
						"down": { "texture": "#bark", "uv": [ 0.0, 0.0, 2.0, 6.0 ], "rotation": 90 }
					}
				}
			]
		},
		{
			"name": "roots36",
			"from": [ 13.0, 1.0, -3.0 ], 
			"to": [ 21.0, 3.0, -1.0 ], 
			"rotationOrigin": [ 13.0, 1.0, -3.0 ],
			"rotationY": 78.0,
			"rotationZ": -9.0,
			"faces": {
				"north": { "texture": "#bark", "uv": [ 0.0, 0.0, 2.0, 8.0 ], "rotation": 90 },
				"east": { "texture": "#bark", "uv": [ 0.0, 0.0, 2.0, 2.0 ], "enabled": false },
				"south": { "texture": "#bark", "uv": [ 0.0, 0.0, 2.0, 8.0 ], "rotation": 90 },
				"west": { "texture": "#bark", "uv": [ 0.0, 0.0, 2.0, 2.0 ], "enabled": false },
				"up": { "texture": "#bark", "uv": [ 0.0, 0.0, 2.0, 8.0 ], "rotation": 90 },
				"down": { "texture": "#bark", "uv": [ 0.0, 0.0, 2.0, 8.0 ], "rotation": 90 }
			},
			"children": [
				{
					"name": "roots37",
					"from": [ 8.0, 0.0, 0.0 ], 
					"to": [ 14.0, 2.0, 2.0 ], 
					"rotationOrigin": [ 8.0, 0.0, 0.0 ],
					"rotationX": -6.0,
					"rotationY": 58.0,
					"rotationZ": 18.0,
					"faces": {
						"north": { "texture": "#bark", "uv": [ 0.0, 0.0, 2.0, 6.0 ], "rotation": 90 },
						"east": { "texture": "#bark", "uv": [ 0.0, 0.0, 2.0, 2.0 ] },
						"south": { "texture": "#bark", "uv": [ 0.0, 0.0, 2.0, 6.0 ], "rotation": 90 },
						"west": { "texture": "#bark", "uv": [ 0.0, 0.0, 2.0, 2.0 ], "enabled": false },
						"up": { "texture": "#bark", "uv": [ 0.0, 0.0, 2.0, 6.0 ], "rotation": 90 },
						"down": { "texture": "#bark", "uv": [ 0.0, 0.0, 2.0, 6.0 ], "rotation": 90 }
					}
				},
				{
					"name": "roots38",
					"from": [ 8.0, 0.0, 0.0 ], 
					"to": [ 13.7, 2.0, 2.0 ], 
					"rotationOrigin": [ 8.0, 0.0, 0.0 ],
					"rotationX": 5.0,
					"rotationY": -13.0,
					"rotationZ": 5.0,
					"faces": {
						"north": { "texture": "#bark", "uv": [ 0.0, 0.0, 2.0, 5.5 ], "rotation": 90 },
						"east": { "texture": "#bark", "uv": [ 0.0, 0.0, 2.0, 2.0 ], "enabled": false },
						"south": { "texture": "#bark", "uv": [ 0.0, 0.0, 2.0, 5.5 ], "rotation": 90 },
						"west": { "texture": "#bark", "uv": [ 0.0, 0.0, 2.0, 2.0 ], "enabled": false },
						"up": { "texture": "#bark", "uv": [ 0.0, 0.0, 2.0, 5.5 ], "rotation": 90 },
						"down": { "texture": "#bark", "uv": [ 0.0, 0.0, 2.0, 5.5 ], "rotation": 90 }
					},
					"children": [
						{
							"name": "Cube1",
							"from": [ 5.4, 0.0, 0.0 ], 
							"to": [ 10.4, 2.0, 2.0 ], 
							"rotationOrigin": [ 5.4, 0.0, 0.0 ],
							"rotationY": -41.0,
							"rotationZ": -7.0,
							"faces": {
								"north": { "texture": "#bark", "uv": [ 0.0, 0.0, 2.0, 5.0 ], "rotation": 90 },
								"east": { "texture": "#bark", "uv": [ 0.0, 0.0, 2.0, 2.0 ] },
								"south": { "texture": "#bark", "uv": [ 0.0, 0.0, 2.0, 5.0 ], "rotation": 90 },
								"west": { "texture": "#bark", "uv": [ 0.0, 0.0, 2.0, 2.0 ], "enabled": false },
								"up": { "texture": "#bark", "uv": [ 0.0, 0.0, 2.0, 5.0 ], "rotation": 90 },
								"down": { "texture": "#bark", "uv": [ 0.0, 0.0, 2.0, 5.0 ], "rotation": 90 }
							}
						}
					]
				}
			]
		},
		{
			"name": "roots39",
			"from": [ 15.0, 1.0, 20.0 ], 
			"to": [ 23.0, 3.0, 22.0 ], 
			"rotationOrigin": [ 15.0, 1.0, 20.0 ],
			"rotationY": -70.5,
			"rotationZ": -15.0,
			"faces": {
				"north": { "texture": "#bark", "uv": [ 0.0, 0.0, 2.0, 8.0 ], "rotation": 90 },
				"east": { "texture": "#bark", "uv": [ 0.0, 0.0, 2.0, 2.0 ], "enabled": false },
				"south": { "texture": "#bark", "uv": [ 0.0, 0.0, 2.0, 8.0 ], "rotation": 90 },
				"west": { "texture": "#bark", "uv": [ 0.0, 0.0, 2.0, 2.0 ], "enabled": false },
				"up": { "texture": "#bark", "uv": [ 0.0, 0.0, 2.0, 8.0 ], "rotation": 90 },
				"down": { "texture": "#bark", "uv": [ 0.0, 0.0, 2.0, 8.0 ], "rotation": 90 }
			},
			"children": [
				{
					"name": "roots39",
					"from": [ 8.0, 0.0, 0.0 ], 
					"to": [ 11.0, 2.0, 2.0 ], 
					"rotationOrigin": [ 8.0, 0.0, 0.0 ],
					"rotationX": -6.0,
					"rotationY": 40.0,
					"rotationZ": 10.0,
					"faces": {
						"north": { "texture": "#bark", "uv": [ 0.0, 0.0, 2.0, 3.0 ], "rotation": 90 },
						"east": { "texture": "#bark", "uv": [ 0.0, 0.0, 2.0, 2.0 ], "rotation": 90 },
						"south": { "texture": "#bark", "uv": [ 0.0, 0.0, 2.0, 3.0 ], "rotation": 90 },
						"west": { "texture": "#bark", "uv": [ 0.0, 0.0, 2.0, 2.0 ], "enabled": false },
						"up": { "texture": "#bark", "uv": [ 0.0, 0.0, 2.0, 3.0 ], "rotation": 90 },
						"down": { "texture": "#bark", "uv": [ 0.0, 0.0, 2.0, 3.0 ], "rotation": 90 }
					}
				},
				{
					"name": "roots39",
					"from": [ 8.0, 0.0, 0.0 ], 
					"to": [ 16.0, 2.0, 2.0 ], 
					"rotationOrigin": [ 8.0, 0.0, 0.0 ],
					"rotationX": 5.0,
					"rotationY": -36.0,
					"rotationZ": 10.0,
					"faces": {
						"north": { "texture": "#bark", "uv": [ 0.0, 0.0, 2.0, 8.0 ], "rotation": 90 },
						"east": { "texture": "#bark", "uv": [ 0.0, 0.0, 2.0, 2.0 ] },
						"south": { "texture": "#bark", "uv": [ 0.0, 0.0, 2.0, 8.0 ], "rotation": 90 },
						"west": { "texture": "#bark", "uv": [ 0.0, 0.0, 2.0, 2.0 ], "enabled": false },
						"up": { "texture": "#bark", "uv": [ 0.0, 0.0, 2.0, 8.0 ], "rotation": 90 },
						"down": { "texture": "#bark", "uv": [ 0.0, 0.0, 2.0, 8.0 ], "rotation": 90 }
					}
				}
			]
		},
		{
			"name": "roots40",
			"from": [ 5.0, 1.0, 18.0 ], 
			"to": [ 13.0, 3.0, 20.0 ], 
			"rotationOrigin": [ 5.0, 1.0, 18.0 ],
			"rotationY": -106.5,
			"rotationZ": -15.0,
			"faces": {
				"north": { "texture": "#bark", "uv": [ 0.0, 0.0, 2.0, 8.0 ], "rotation": 90 },
				"east": { "texture": "#bark", "uv": [ 0.0, 0.0, 2.0, 2.0 ], "enabled": false },
				"south": { "texture": "#bark", "uv": [ 0.0, 0.0, 2.0, 8.0 ], "rotation": 90 },
				"west": { "texture": "#bark", "uv": [ 0.0, 0.0, 2.0, 2.0 ], "enabled": false },
				"up": { "texture": "#bark", "uv": [ 0.0, 0.0, 2.0, 8.0 ], "rotation": 90 },
				"down": { "texture": "#bark", "uv": [ 0.0, 0.0, 2.0, 8.0 ], "rotation": 90 }
			},
			"children": [
				{
					"name": "roots41",
					"from": [ 8.0, 0.0, 0.0 ], 
					"to": [ 14.0, 2.0, 2.0 ], 
					"rotationOrigin": [ 8.0, 0.0, 0.0 ],
					"rotationX": -6.0,
					"rotationY": 20.0,
					"rotationZ": 10.0,
					"faces": {
						"north": { "texture": "#bark", "uv": [ 0.0, 0.0, 2.0, 6.0 ], "rotation": 90 },
						"east": { "texture": "#bark", "uv": [ 0.0, 0.0, 2.0, 2.0 ] },
						"south": { "texture": "#bark", "uv": [ 0.0, 0.0, 2.0, 6.0 ], "rotation": 90 },
						"west": { "texture": "#bark", "uv": [ 0.0, 0.0, 2.0, 2.0 ], "enabled": false },
						"up": { "texture": "#bark", "uv": [ 0.0, 0.0, 2.0, 6.0 ], "rotation": 90 },
						"down": { "texture": "#bark", "uv": [ 0.0, 0.0, 2.0, 6.0 ], "rotation": 90 }
					}
				},
				{
					"name": "roots42",
					"from": [ 8.0, 0.0, 0.0 ], 
					"to": [ 16.0, 2.0, 2.0 ], 
					"rotationOrigin": [ 8.0, 0.0, 0.0 ],
					"rotationX": 5.0,
					"rotationY": -36.0,
					"rotationZ": 10.0,
					"faces": {
						"north": { "texture": "#bark", "uv": [ 0.0, 0.0, 2.0, 8.0 ], "rotation": 90 },
						"east": { "texture": "#bark", "uv": [ 0.0, 0.0, 2.0, 2.0 ] },
						"south": { "texture": "#bark", "uv": [ 0.0, 0.0, 2.0, 8.0 ], "rotation": 90 },
						"west": { "texture": "#bark", "uv": [ 0.0, 0.0, 2.0, 2.0 ], "enabled": false },
						"up": { "texture": "#bark", "uv": [ 0.0, 0.0, 2.0, 8.0 ], "rotation": 90 },
						"down": { "texture": "#bark", "uv": [ 0.0, 0.0, 2.0, 8.0 ], "rotation": 90 }
					}
				}
			]
		},
		{
			"name": "roots43",
			"from": [ -2.0, 1.0, 15.0 ], 
			"to": [ 7.0, 3.0, 17.0 ], 
			"rotationOrigin": [ -2.0, 1.0, 15.0 ],
			"rotationY": -161.0,
			"rotationZ": -15.0,
			"faces": {
				"north": { "texture": "#bark", "uv": [ 0.0, 0.0, 2.0, 9.0 ], "rotation": 90 },
				"east": { "texture": "#bark", "uv": [ 0.0, 0.0, 2.0, 2.0 ], "enabled": false },
				"south": { "texture": "#bark", "uv": [ 0.0, 0.0, 2.0, 9.0 ], "rotation": 90 },
				"west": { "texture": "#bark", "uv": [ 0.0, 0.0, 2.0, 2.0 ], "enabled": false },
				"up": { "texture": "#bark", "uv": [ 0.0, 0.0, 2.0, 9.0 ], "rotation": 90 },
				"down": { "texture": "#bark", "uv": [ 0.0, 0.0, 2.0, 9.0 ], "rotation": 90 }
			},
			"children": [
				{
					"name": "roots44",
					"from": [ 8.0, 0.0, 0.0 ], 
					"to": [ 13.0, 2.0, 2.0 ], 
					"rotationOrigin": [ 8.0, 0.0, 0.0 ],
					"rotationX": -6.0,
					"rotationY": 40.0,
					"rotationZ": 10.0,
					"faces": {
						"north": { "texture": "#bark", "uv": [ 0.0, 0.0, 2.0, 5.0 ], "rotation": 90 },
						"east": { "texture": "#bark", "uv": [ 0.0, 0.0, 2.0, 2.0 ] },
						"south": { "texture": "#bark", "uv": [ 0.0, 0.0, 2.0, 5.0 ], "rotation": 90 },
						"west": { "texture": "#bark", "uv": [ 0.0, 0.0, 2.0, 2.0 ], "enabled": false },
						"up": { "texture": "#bark", "uv": [ 0.0, 0.0, 2.0, 5.0 ], "rotation": 90 },
						"down": { "texture": "#bark", "uv": [ 0.0, 0.0, 2.0, 5.0 ], "rotation": 90 }
					},
					"children": [
						{
							"name": "Cube46",
							"from": [ 5.0, 0.0, 0.0 ], 
							"to": [ 10.0, 2.0, 2.0 ], 
							"rotationOrigin": [ 5.0, 0.0, 0.0 ],
							"rotationY": -38.0,
							"rotationZ": 3.0,
							"faces": {
								"north": { "texture": "#bark", "uv": [ 0.0, 0.0, 2.0, 5.0 ], "rotation": 90 },
								"east": { "texture": "#bark", "uv": [ 0.0, 0.0, 2.0, 2.0 ] },
								"south": { "texture": "#bark", "uv": [ 0.0, 0.0, 2.0, 5.0 ], "rotation": 90 },
								"west": { "texture": "#bark", "uv": [ 0.0, 0.0, 2.0, 2.0 ], "enabled": false },
								"up": { "texture": "#bark", "uv": [ 0.0, 0.0, 2.0, 5.0 ], "rotation": 90 },
								"down": { "texture": "#bark", "uv": [ 0.0, 0.0, 2.0, 5.0 ], "rotation": 90 }
							}
						}
					]
				},
				{
					"name": "roots45",
					"from": [ 8.0, 0.0, 0.0 ], 
					"to": [ 15.0, 2.0, 2.0 ], 
					"rotationOrigin": [ 8.0, 0.0, 0.0 ],
					"rotationX": 5.0,
					"rotationY": -36.0,
					"rotationZ": 10.0,
					"faces": {
						"north": { "texture": "#bark", "uv": [ 0.0, 0.0, 2.0, 7.0 ], "rotation": 90 },
						"east": { "texture": "#bark", "uv": [ 0.0, 0.0, 2.0, 2.0 ] },
						"south": { "texture": "#bark", "uv": [ 0.0, 0.0, 2.0, 7.0 ], "rotation": 90 },
						"west": { "texture": "#bark", "uv": [ 0.0, 0.0, 2.0, 2.0 ], "enabled": false },
						"up": { "texture": "#bark", "uv": [ 0.0, 0.0, 2.0, 7.0 ], "rotation": 90 },
						"down": { "texture": "#bark", "uv": [ 0.0, 0.0, 2.0, 7.0 ], "rotation": 90 }
					}
				}
			]
		},
		{
			"name": "roots47",
			"from": [ -3.0, 1.0, 5.0 ], 
			"to": [ 6.0, 3.0, 7.0 ], 
			"rotationOrigin": [ -3.0, 1.0, 5.0 ],
			"rotationY": 157.5,
			"rotationZ": -14.0,
			"faces": {
				"north": { "texture": "#bark", "uv": [ 0.0, 0.0, 2.0, 9.0 ], "rotation": 90 },
				"east": { "texture": "#bark", "uv": [ 0.0, 0.0, 2.0, 2.0 ], "enabled": false },
				"south": { "texture": "#bark", "uv": [ 0.0, 0.0, 2.0, 9.0 ], "rotation": 90 },
				"west": { "texture": "#bark", "uv": [ 0.0, 0.0, 2.0, 2.0 ], "enabled": false },
				"up": { "texture": "#bark", "uv": [ 0.0, 0.0, 2.0, 9.0 ], "rotation": 90 },
				"down": { "texture": "#bark", "uv": [ 0.0, 0.0, 2.0, 9.0 ], "rotation": 90 }
			},
			"children": [
				{
					"name": "roots48",
					"from": [ 8.0, 0.0, 0.0 ], 
					"to": [ 18.0, 2.0, 2.0 ], 
					"rotationOrigin": [ 8.0, 0.0, 0.0 ],
					"rotationX": -6.0,
					"rotationY": 40.0,
					"rotationZ": 10.0,
					"faces": {
						"north": { "texture": "#bark", "uv": [ 0.0, 0.0, 2.0, 10.0 ], "rotation": 90 },
						"east": { "texture": "#bark", "uv": [ 0.0, 0.0, 2.0, 2.0 ] },
						"south": { "texture": "#bark", "uv": [ 0.0, 0.0, 2.0, 10.0 ], "rotation": 90 },
						"west": { "texture": "#bark", "uv": [ 0.0, 0.0, 2.0, 2.0 ], "enabled": false },
						"up": { "texture": "#bark", "uv": [ 0.0, 0.0, 2.0, 10.0 ], "rotation": 90 },
						"down": { "texture": "#bark", "uv": [ 0.0, 0.0, 2.0, 10.0 ], "rotation": 90 }
					}
				},
				{
					"name": "roots50",
					"from": [ 8.0, 0.0, 0.0 ], 
					"to": [ 17.0, 2.0, 2.0 ], 
					"rotationOrigin": [ 8.0, 0.0, 0.0 ],
					"rotationX": 3.0,
					"rotationY": -22.0,
					"rotationZ": 9.0,
					"faces": {
						"north": { "texture": "#bark", "uv": [ 0.0, 0.0, 2.0, 9.0 ], "rotation": 90 },
						"east": { "texture": "#bark", "uv": [ 0.0, 0.0, 2.0, 2.0 ], "rotation": 90 },
						"south": { "texture": "#bark", "uv": [ 0.0, 0.0, 2.0, 9.0 ], "rotation": 90 },
						"west": { "texture": "#bark", "uv": [ 0.0, 0.0, 2.0, 2.0 ], "enabled": false },
						"up": { "texture": "#bark", "uv": [ 0.0, 0.0, 2.0, 9.0 ], "rotation": 90 },
						"down": { "texture": "#bark", "uv": [ 0.0, 0.0, 2.0, 9.0 ], "rotation": 90 }
					}
				}
			]
		},
		{
			"name": "origin",
			"from": [ 0.0, 0.0, 0.0 ], 
			"to": [ 0.0, 0.0, 0.0 ], 
			"rotationOrigin": [ 8.0, 8.0, 8.0 ],
			"rotationY": 90.0,
			"faces": {
				"north": { "texture": "#bark", "uv": [ 0.0, 0.0, 0.5, 0.5 ], "enabled": false },
				"east": { "texture": "#bark", "uv": [ 0.0, 0.0, 0.5, 0.5 ], "enabled": false },
				"south": { "texture": "#bark", "uv": [ 0.0, 0.0, 0.5, 0.5 ], "enabled": false },
				"west": { "texture": "#bark", "uv": [ 0.0, 0.0, 0.5, 0.5 ], "enabled": false },
				"up": { "texture": "#bark", "uv": [ 0.0, 0.0, 0.5, 0.5 ], "enabled": false },
				"down": { "texture": "#bark", "uv": [ 0.0, 0.0, 0.5, 0.5 ], "enabled": false }
			},
			"children": [
				{
					"name": "Cube2",
					"from": [ 0.0, 14.0, 0.0 ], 
					"to": [ 16.0, 16.0, 16.0 ], 
					"rotationOrigin": [ 0.0, 14.0, 0.0 ],
					"faces": {
						"north": { "texture": "#bark", "uv": [ 0.0, 0.0, 16.0, 2.0 ] },
						"east": { "texture": "#bark", "uv": [ 0.0, 0.0, 16.0, 2.0 ] },
						"south": { "texture": "#bark", "uv": [ 0.0, 0.0, 16.0, 2.0 ] },
						"west": { "texture": "#bark", "uv": [ 0.0, 0.0, 16.0, 2.0 ] },
						"up": { "texture": "#bark", "uv": [ 0.0, 0.0, 16.0, 16.0 ] },
						"down": { "texture": "#bark", "uv": [ 0.0, 0.0, 16.0, 16.0 ] }
					}
				},
				{
					"name": "Cube3",
					"from": [ 0.0, 3.0, 0.0 ], 
					"to": [ 3.0, 14.0, 16.0 ], 
					"rotationOrigin": [ 0.0, 3.0, 0.0 ],
					"faces": {
						"north": { "texture": "#bark", "uv": [ 12.5, 1.0, 15.5, 13.0 ], "autoUv": false },
						"east": { "texture": "#bark", "uv": [ 0.0, 0.0, 16.0, 11.0 ] },
						"south": { "texture": "#bark", "uv": [ 0.0, 0.0, 3.5, 15.5 ], "autoUv": false },
						"west": { "texture": "#bark", "uv": [ 0.0, 0.0, 16.0, 11.0 ] },
						"up": { "texture": "#bark", "uv": [ 0.0, 0.0, 3.0, 16.0 ], "enabled": false },
						"down": { "texture": "#bark", "uv": [ 0.0, 0.0, 3.0, 16.0 ], "windMode": [-1,-1,-1,-1] }
					}
				},
				{
					"name": "Cube4",
					"from": [ 13.0, 3.0, 0.0 ], 
					"to": [ 16.0, 14.0, 16.0 ], 
					"rotationOrigin": [ 13.0, 3.0, 0.0 ],
					"faces": {
						"north": { "texture": "#bark", "uv": [ 0.5, 1.0, 4.0, 13.5 ], "autoUv": false },
						"east": { "texture": "#bark", "uv": [ 0.0, 0.0, 16.0, 11.0 ] },
						"south": { "texture": "#bark", "uv": [ 13.0, 0.0, 16.0, 11.0 ] },
						"west": { "texture": "#bark", "uv": [ 0.0, 0.0, 16.0, 11.0 ] },
						"up": { "texture": "#bark", "uv": [ 0.0, 0.0, 3.0, 16.0 ], "enabled": false },
						"down": { "texture": "#bark", "uv": [ 0.0, 0.0, 3.0, 16.0 ], "windMode": [-1,-1,-1,-1] }
					}
				},
				{
					"name": "Cube5",
					"from": [ 3.0, 3.0, 0.0 ], 
					"to": [ 13.0, 14.0, 4.0 ], 
					"rotationOrigin": [ 3.0, 3.0, 0.0 ],
					"faces": {
						"north": { "texture": "#bark", "uv": [ 4.5, 1.0, 14.0, 13.0 ], "autoUv": false },
						"east": { "texture": "#bark", "uv": [ 0.0, 0.0, 4.0, 11.0 ], "enabled": false },
						"south": { "texture": "#bark", "uv": [ 2.5, 2.0, 12.5, 13.0 ] },
						"west": { "texture": "#bark", "uv": [ 0.0, 0.0, 11.0, 4.0 ], "rotation": 90, "enabled": false },
						"up": { "texture": "#bark", "uv": [ 0.0, 0.0, 10.0, 4.0 ], "enabled": false },
						"down": { "texture": "#bark", "uv": [ 0.0, 0.0, 10.0, 4.0 ], "enabled": false }
					}
				},
				{
					"name": "Cube8",
					"from": [ 3.0, 11.0, 14.0 ], 
					"to": [ 7.0, 14.0, 16.0 ], 
					"rotationOrigin": [ 3.0, 11.0, 14.0 ],
					"faces": {
						"north": { "texture": "#bark", "uv": [ 0.0, 0.0, 4.0, 3.0 ] },
						"east": { "texture": "#bark", "uv": [ 0.0, 0.0, 2.0, 3.0 ] },
						"south": { "texture": "#bark", "uv": [ 8.0, 4.5, 12.0, 7.5 ] },
						"west": { "texture": "#bark", "uv": [ 0.0, 0.0, 2.0, 3.0 ], "enabled": false },
						"up": { "texture": "#bark", "uv": [ 0.0, 0.0, 4.0, 2.0 ], "enabled": false },
						"down": { "texture": "#bark", "uv": [ 2.0, 1.5, 6.0, 3.5 ] }
					}
				},
				{
					"name": "Cube9",
					"from": [ 8.5, 11.0, 14.0 ], 
					"to": [ 13.0, 14.0, 16.0 ], 
					"rotationOrigin": [ 8.5, 11.0, 14.0 ],
					"faces": {
						"north": { "texture": "#bark", "uv": [ 0.0, 0.0, 4.5, 3.0 ] },
						"east": { "texture": "#bark", "uv": [ 0.0, 0.0, 2.0, 3.0 ], "enabled": false },
						"south": { "texture": "#bark", "uv": [ 5.5, 6.5, 10.0, 9.5 ] },
						"west": { "texture": "#bark", "uv": [ 0.5, 1.0, 2.5, 4.0 ] },
						"up": { "texture": "#bark", "uv": [ 0.0, 0.0, 4.5, 2.0 ], "enabled": false },
						"down": { "texture": "#bark", "uv": [ 0.0, 0.0, 4.5, 2.0 ] }
					}
				},
				{
					"name": "Cube13",
					"from": [ 3.0, 5.0, 14.0 ], 
					"to": [ 5.5, 9.0, 16.0 ], 
					"rotationOrigin": [ 3.0, 5.0, 14.0 ],
					"faces": {
						"north": { "texture": "#bark", "uv": [ 0.0, 0.0, 2.5, 4.0 ] },
						"east": { "texture": "#bark", "uv": [ 0.0, 0.0, 2.0, 4.0 ] },
						"south": { "texture": "#bark", "uv": [ 3.0, 1.0, 5.5, 5.0 ] },
						"west": { "texture": "#bark", "uv": [ 0.0, 0.0, 2.0, 4.0 ], "enabled": false },
						"up": { "texture": "#bark", "uv": [ 0.0, 0.0, 2.5, 2.0 ], "enabled": false },
						"down": { "texture": "#bark", "uv": [ 4.0, 4.5, 6.5, 6.5 ] }
					}
				},
				{
					"name": "Cube14",
					"from": [ 3.0, 9.0, 14.0 ], 
					"to": [ 6.5, 11.0, 16.0 ], 
					"rotationOrigin": [ 3.0, 9.0, 14.0 ],
					"faces": {
						"north": { "texture": "#bark", "uv": [ 0.0, 0.0, 3.5, 2.0 ] },
						"east": { "texture": "#bark", "uv": [ 0.0, 0.0, 2.0, 2.0 ] },
						"south": { "texture": "#bark", "uv": [ 1.5, 2.0, 5.0, 4.0 ] },
						"west": { "texture": "#bark", "uv": [ 0.0, 0.0, 2.0, 2.0 ], "enabled": false },
						"up": { "texture": "#bark", "uv": [ 0.0, 0.0, 3.5, 2.0 ], "enabled": false },
						"down": { "texture": "#bark", "uv": [ 0.5, 4.5, 4.0, 6.5 ] }
					}
				},
				{
					"name": "Cube17",
					"from": [ 9.5, 10.0, 14.0 ], 
					"to": [ 13.0, 11.0, 16.0 ], 
					"rotationOrigin": [ 9.5, 10.0, 14.0 ],
					"faces": {
						"north": { "texture": "#bark", "uv": [ 0.0, 0.0, 3.5, 1.0 ] },
						"east": { "texture": "#bark", "uv": [ 0.0, 0.0, 2.0, 1.0 ], "enabled": false },
						"south": { "texture": "#bark", "uv": [ 4.5, 6.5, 8.0, 7.5 ] },
						"west": { "texture": "#bark", "uv": [ 0.0, 0.0, 2.0, 1.0 ] },
						"up": { "texture": "#bark", "uv": [ 0.0, 0.0, 3.5, 2.0 ], "enabled": false },
						"down": { "texture": "#bark", "uv": [ 0.0, 0.0, 3.5, 2.0 ] }
					}
				},
				{
					"name": "Cube18",
					"from": [ 10.0, 8.0, 14.0 ], 
					"to": [ 13.0, 10.0, 16.0 ], 
					"rotationOrigin": [ 10.0, 8.0, 14.0 ],
					"faces": {
						"north": { "texture": "#bark", "uv": [ 0.0, 0.0, 3.0, 2.0 ] },
						"east": { "texture": "#bark", "uv": [ 0.0, 0.0, 2.0, 2.0 ], "enabled": false },
						"south": { "texture": "#bark", "uv": [ 7.0, 8.0, 10.0, 10.0 ] },
						"west": { "texture": "#bark", "uv": [ 0.0, 0.0, 2.0, 2.0 ] },
						"up": { "texture": "#bark", "uv": [ 0.0, 0.0, 3.0, 2.0 ], "enabled": false },
						"down": { "texture": "#bark", "uv": [ 0.0, 0.0, 3.0, 2.0 ] }
					}
				},
				{
					"name": "Cube24",
					"from": [ 2.0, 0.3, 0.0 ], 
					"to": [ 14.0, 3.0, 4.0 ], 
					"rotationOrigin": [ 2.0, 0.3, 0.0 ],
					"faces": {
						"north": { "texture": "#bark", "uv": [ 3.0, 5.0, 15.0, 7.5 ] },
						"east": { "texture": "#bark", "uv": [ 0.0, 0.0, 4.0, 2.5 ] },
						"south": { "texture": "#bark", "uv": [ 2.5, 2.0, 14.5, 4.5 ] },
						"west": { "texture": "#bark", "uv": [ 0.0, 0.0, 4.0, 2.5 ] },
						"up": { "texture": "#bark", "uv": [ 0.0, 0.0, 12.0, 4.0 ], "enabled": false },
						"down": { "texture": "#bark", "uv": [ 0.0, 0.0, 12.0, 4.0 ], "enabled": false }
					}
				},
				{
					"name": "Cube20",
					"from": [ 11.0, 6.0, 14.0 ], 
					"to": [ 13.0, 8.0, 16.0 ], 
					"rotationOrigin": [ 11.0, 6.0, 14.0 ],
					"faces": {
						"north": { "texture": "#bark", "uv": [ 0.0, 0.0, 2.0, 2.0 ] },
						"east": { "texture": "#bark", "uv": [ 0.0, 0.0, 2.0, 2.0 ], "enabled": false },
						"south": { "texture": "#bark", "uv": [ 7.0, 8.0, 9.0, 10.0 ] },
						"west": { "texture": "#bark", "uv": [ 0.0, 0.0, 2.0, 2.0 ] },
						"up": { "texture": "#bark", "uv": [ 0.0, 0.0, 2.0, 2.0 ], "enabled": false },
						"down": { "texture": "#bark", "uv": [ 5.5, 5.0, 6.5, 7.0 ], "autoUv": false }
					}
				},
				{
					"name": "base",
					"from": [ 0.0, 0.0, 0.0 ], 
					"to": [ 16.0, 0.3, 16.0 ], 
					"faces": {
						"north": { "texture": "#bark", "uv": [ 0.0, 11.0, 16.0, 11.5 ], "autoUv": false },
						"east": { "texture": "#bark", "uv": [ 0.0, 0.0, 16.0, 0.5 ] },
						"south": { "texture": "#bark", "uv": [ 1.0, 9.5, 16.0, 10.0 ], "autoUv": false },
						"west": { "texture": "#bark", "uv": [ 0.0, 0.0, 16.0, 0.5 ] },
						"up": { "texture": "#bark", "uv": [ 0.0, 0.0, 16.0, 16.0 ], "autoUv": false },
						"down": { "texture": "#bark", "uv": [ 1.5, 0.0, 14.5, 16.0 ], "autoUv": false }
					}
				},
				{
					"name": "Cube21",
					"from": [ 0.0, 0.3, 0.0 ], 
					"to": [ 2.0, 3.0, 16.0 ], 
					"rotationOrigin": [ 0.0, 0.3, 0.0 ],
					"faces": {
						"north": { "texture": "#bark", "uv": [ 14.0, 11.5, 16.0, 14.0 ] },
						"east": { "texture": "#bark", "uv": [ 0.0, 0.0, 16.0, 2.5 ] },
						"south": { "texture": "#bark", "uv": [ 0.0, 0.0, 2.0, 2.5 ] },
						"west": { "texture": "#bark", "uv": [ 0.0, 0.0, 16.0, 2.5 ] },
						"up": { "texture": "#bark", "uv": [ 0.0, 0.0, 2.0, 16.0 ], "enabled": false },
						"down": { "texture": "#bark", "uv": [ 0.0, 0.0, 2.0, 16.0 ], "enabled": false }
					}
				},
				{
					"name": "Cube22",
					"from": [ 14.0, 0.3, 0.0 ], 
					"to": [ 16.0, 3.0, 16.0 ], 
					"rotationOrigin": [ 14.0, 0.3, 0.0 ],
					"faces": {
						"north": { "texture": "#bark", "uv": [ 1.5, 5.0, 3.5, 7.5 ], "autoUv": false },
						"east": { "texture": "#bark", "uv": [ 0.0, 0.0, 16.0, 2.5 ] },
						"south": { "texture": "#bark", "uv": [ 13.5, 2.0, 15.5, 4.5 ] },
						"west": { "texture": "#bark", "uv": [ 0.0, 0.0, 16.0, 2.5 ] },
						"up": { "texture": "#bark", "uv": [ 0.0, 0.0, 2.0, 16.0 ], "enabled": false },
						"down": { "texture": "#bark", "uv": [ 0.0, 0.0, 2.0, 16.0 ], "enabled": false }
					}
				},
				{
					"name": "Cube23",
					"from": [ 12.0, 3.0, 14.0 ], 
					"to": [ 13.0, 6.0, 16.0 ], 
					"rotationOrigin": [ 12.0, 3.0, 14.0 ],
					"faces": {
						"north": { "texture": "#bark", "uv": [ 0.0, 0.0, 1.0, 3.0 ] },
						"east": { "texture": "#bark", "uv": [ 0.0, 0.0, 2.0, 3.0 ], "enabled": false },
						"south": { "texture": "#bark", "uv": [ 7.0, 8.0, 8.0, 11.0 ] },
						"west": { "texture": "#bark", "uv": [ 0.0, 0.0, 2.0, 2.0 ], "autoUv": false },
						"up": { "texture": "#bark", "uv": [ 0.0, 0.0, 1.0, 2.0 ], "enabled": false },
						"down": { "texture": "#bark", "uv": [ 2.0, 5.0, 3.0, 7.0 ] }
					}
				},
				{
					"name": "Cube25",
					"from": [ 3.0, 3.0, 14.0 ], 
					"to": [ 4.5, 5.0, 16.0 ], 
					"rotationOrigin": [ 3.0, 3.0, 14.0 ],
					"faces": {
						"north": { "texture": "#bark", "uv": [ 0.0, 0.0, 1.5, 2.0 ] },
						"east": { "texture": "#bark", "uv": [ 0.0, 0.0, 2.0, 2.0 ] },
						"south": { "texture": "#bark", "uv": [ 3.0, 1.0, 4.5, 3.0 ] },
						"west": { "texture": "#bark", "uv": [ 0.0, 0.0, 2.0, 2.0 ], "enabled": false },
						"up": { "texture": "#bark", "uv": [ 0.0, 0.0, 1.5, 2.0 ], "enabled": false },
						"down": { "texture": "#bark", "uv": [ 7.5, 6.5, 9.0, 8.5 ] }
					}
				},
				{
					"name": "Cube26",
					"from": [ 2.0, 0.3, 14.0 ], 
					"to": [ 3.5, 3.0, 16.0 ], 
					"rotationOrigin": [ 2.0, 0.3, 14.0 ],
					"faces": {
						"north": { "texture": "#bark", "uv": [ 0.0, 0.0, 1.5, 2.5 ] },
						"east": { "texture": "#bark", "uv": [ 0.0, 0.0, 2.0, 2.5 ] },
						"south": { "texture": "#bark", "uv": [ 3.5, 6.0, 5.0, 8.5 ] },
						"west": { "texture": "#bark", "uv": [ 0.0, 0.0, 2.0, 2.5 ], "enabled": false },
						"up": { "texture": "#bark", "uv": [ 0.0, 0.0, 1.5, 2.0 ], "enabled": false },
						"down": { "texture": "#bark", "uv": [ 0.0, 0.0, 1.5, 2.0 ], "enabled": false }
					}
				},
				{
					"name": "Cube27",
					"from": [ 12.5, 0.3, 14.0 ], 
					"to": [ 14.0, 3.0, 16.0 ], 
					"rotationOrigin": [ 12.5, 0.3, 14.0 ],
					"faces": {
						"north": { "texture": "#bark", "uv": [ 0.0, 0.0, 1.5, 2.5 ] },
						"east": { "texture": "#bark", "uv": [ 0.0, 0.0, 2.0, 2.5 ], "enabled": false },
						"south": { "texture": "#bark", "uv": [ 7.0, 8.0, 8.5, 10.5 ] },
						"west": { "texture": "#bark", "uv": [ 0.0, 0.0, 2.0, 2.5 ] },
						"up": { "texture": "#bark", "uv": [ 0.0, 0.0, 1.5, 2.0 ], "enabled": false },
						"down": { "texture": "#bark", "uv": [ 0.0, 0.0, 1.5, 2.0 ], "enabled": false }
					}
				},
				{
					"name": "Cube28",
					"from": [ 7.0, 13.0, 14.0 ], 
					"to": [ 8.5, 14.0, 16.0 ], 
					"rotationOrigin": [ 7.0, 13.0, 14.0 ],
					"faces": {
						"north": { "texture": "#bark", "uv": [ 0.0, 0.0, 1.5, 1.0 ] },
						"east": { "texture": "#bark", "uv": [ 0.0, 0.0, 2.0, 1.0 ], "enabled": false },
						"south": { "texture": "#bark", "uv": [ 2.5, 3.0, 4.0, 4.0 ] },
						"west": { "texture": "#bark", "uv": [ 0.0, 0.0, 2.0, 1.0 ], "enabled": false },
						"up": { "texture": "#bark", "uv": [ 0.0, 0.0, 1.5, 2.0 ], "enabled": false },
						"down": { "texture": "#bark", "uv": [ 5.0, 5.5, 6.5, 7.5 ] }
					}
				}
			]
		}
	]}