{
	"editor": {
		"allAngles": true,
		"entityTextureMode": false
	},
	"textureWidth": 16,
	"textureHeight": 16,
	"textureSizes": {
	},
	"textures": {
		"bark": "block/wood/bark/bark"
	},
	"elements": [
		{
			"name": "Burl1",
			"from": [ 4.0, 4.0, 0.0 ],
			"to": [ 11.0, 7.0, 5.0 ],
			"rotationOrigin": [ 11.0, 4.0, 18.0 ],
			"faces": {
				"north": { "texture": "#bark", "uv": [ 5.0, 4.0, 12.0, 7.0 ] },
				"east": { "texture": "#bark", "uv": [ 5.5, 2.5, 10.5, 5.5 ] },
				"south": { "texture": "#bark", "uv": [ 5.0, 2.5, 12.0, 5.5 ] },
				"west": { "texture": "#bark", "uv": [ 4.5, 2.5, 9.5, 5.5 ] },
				"up": { "texture": "#bark", "uv": [ 3.5, 4.0, 10.5, 9.0 ] },
				"down": { "texture": "#bark", "uv": [ 4.0, 1.5, 11.0, 6.5 ] }
			},
			"children": [
				{
					"name": "Burl2",
					"from": [ 6.0, 5.0, 0.0 ],
					"to": [ 10.0, 10.0, 2.0 ],
					"rotationOrigin": [ 10.0, 5.0, 2.0 ],
					"faces": {
						"north": { "texture": "#bark", "uv": [ 6.5, 7.0, 10.5, 12.0 ] },
						"east": { "texture": "#bark", "uv": [ 7.0, 4.0, 9.0, 9.0 ] },
						"south": { "texture": "#bark", "uv": [ 5.0, 7.0, 9.0, 12.0 ] },
						"west": { "texture": "#bark", "uv": [ 8.0, 2.5, 10.0, 7.5 ] },
						"up": { "texture": "#bark", "uv": [ 4.0, 3.0, 8.0, 5.0 ] },
						"down": { "texture": "#bark", "uv": [ 3.5, 3.5, 7.5, 5.5 ] }
					}
				},
				{
					"name": "Burl3",
					"from": [ 2.5, -1.0, 0.01 ],
					"to": [ 8.0, 4.0, 1.41 ],
					"rotationOrigin": [ 8.0, -1.0, 1.4 ],
					"faces": {
						"north": { "texture": "#bark", "uv": [ 5.5, 5.0, 11.0, 10.0 ] },
						"east": { "texture": "#bark", "uv": [ 5.5, 2.5, 6.5, 7.5 ] },
						"south": { "texture": "#bark", "uv": [ 4.0, 4.0, 9.5, 9.0 ] },
						"west": { "texture": "#bark", "uv": [ 5.5, 2.0, 6.5, 7.0 ] },
						"up": { "texture": "#bark", "uv": [ 3.5, 2.5, 9.0, 3.5 ] },
						"down": { "texture": "#bark", "uv": [ 5.0, 4.0, 10.5, 5.0 ] }
					}
				},
				{
					"name": "Burl4",
					"from": [ 3.0, -2.0, 0.02 ],
					"to": [ 9.0, 2.0, 1.02 ],
					"rotationOrigin": [ 9.0, -2.0, 1.0 ],
					"faces": {
						"north": { "texture": "#bark", "uv": [ 4.0, 2.5, 10.0, 6.5 ] },
						"east": { "texture": "#bark", "uv": [ 4.0, 3.0, 5.0, 7.0 ] },
						"south": { "texture": "#bark", "uv": [ 5.5, 4.0, 11.5, 8.0 ] },
						"west": { "texture": "#bark", "uv": [ 6.0, 2.5, 7.0, 6.5 ] },
						"up": { "texture": "#bark", "uv": [ 5.0, 3.0, 11.0, 4.0 ] },
						"down": { "texture": "#bark", "uv": [ 5.0, 3.5, 11.0, 4.5 ] }
					}
				},
				{
					"name": "Burl5",
					"from": [ -2.0, 5.5, 0.01 ],
					"to": [ 4.0, 8.5, 3.01 ],
					"rotationOrigin": [ 4.0, 5.5, 1.0 ],
					"faces": {
						"north": { "texture": "#bark", "uv": [ 4.5, 2.0, 10.5, 5.0 ] },
						"east": { "texture": "#bark", "uv": [ 5.0, 2.5, 8.0, 5.5 ] },
						"south": { "texture": "#bark", "uv": [ 5.5, 3.0, 11.5, 6.0 ] },
						"west": { "texture": "#bark", "uv": [ 6.0, 4.0, 9.0, 7.0 ] },
						"up": { "texture": "#bark", "uv": [ 6.0, 2.5, 12.0, 5.5 ] },
						"down": { "texture": "#bark", "uv": [ 4.0, 3.5, 10.0, 6.5 ] }
					}
				},
				{
					"name": "Burl6",
					"from": [ 1.5, 1.5, 1.5 ],
					"to": [ 5.5, 5.5, 4.5 ],
					"rotationOrigin": [ 5.5, 1.5, 3.5 ],
					"faces": {
						"north": { "texture": "#bark", "uv": [ 4.0, 2.5, 8.0, 6.5 ] },
						"east": { "texture": "#bark", "uv": [ 5.0, 2.5, 8.0, 6.5 ] },
						"south": { "texture": "#bark", "uv": [ 4.5, 4.0, 8.5, 8.0 ] },
						"west": { "texture": "#bark", "uv": [ 6.0, 6.0, 9.0, 10.0 ] },
						"up": { "texture": "#bark", "uv": [ 6.0, 7.5, 10.0, 10.5 ] },
						"down": { "texture": "#bark", "uv": [ 5.0, 5.0, 9.0, 8.0 ] }
					}
				},
				{
					"name": "Burl7",
					"from": [ 2.0, 3.5, 0.02 ],
					"to": [ 9.0, 6.5, 1.02 ],
					"rotationOrigin": [ 9.0, 3.5, 1.0 ],
					"faces": {
						"north": { "texture": "#bark", "uv": [ 3.0, 9.0, 10.0, 12.0 ] },
						"east": { "texture": "#bark", "uv": [ 7.0, 4.0, 8.0, 7.0 ] },
						"south": { "texture": "#bark", "uv": [ 3.0, 8.0, 10.0, 11.0 ] },
						"west": { "texture": "#bark", "uv": [ 7.0, 2.0, 8.0, 5.0 ] },
						"up": { "texture": "#bark", "uv": [ 4.0, 2.5, 11.0, 3.5 ] },
						"down": { "texture": "#bark", "uv": [ 4.5, 3.0, 11.5, 4.0 ] }
					}
				},
				{
					"name": "Burl8",
					"from": [ -1.0, 4.0, 0.03 ],
					"to": [ 5.0, 8.0, 3.53 ],
					"rotationOrigin": [ 5.0, 4.0, 2.5 ],
					"faces": {
						"north": { "texture": "#bark", "uv": [ 4.0, 9.0, 10.0, 13.0 ] },
						"east": { "texture": "#bark", "uv": [ 7.0, 4.0, 10.5, 8.0 ] },
						"south": { "texture": "#bark", "uv": [ 4.5, 8.0, 10.5, 12.0 ] },
						"west": { "texture": "#bark", "uv": [ 7.0, 2.0, 10.5, 6.0 ] },
						"up": { "texture": "#bark", "uv": [ 5.5, 3.0, 11.5, 6.5 ] },
						"down": { "texture": "#bark", "uv": [ 4.5, 2.5, 10.5, 6.0 ] }
					}
				},
				{
					"name": "Burl9",
					"from": [ 0.0, 7.5, 0.0 ],
					"to": [ 3.0, 10.5, 1.5 ],
					"rotationOrigin": [ 3.0, 7.5, 1.5 ],
					"faces": {
						"north": { "texture": "#bark", "uv": [ 4.5, 7.5, 7.5, 10.5 ] },
						"east": { "texture": "#bark", "uv": [ 8.0, 5.5, 9.5, 8.5 ] },
						"south": { "texture": "#bark", "uv": [ 3.0, 8.0, 6.0, 11.0 ] },
						"west": { "texture": "#bark", "uv": [ 8.5, 2.5, 10.0, 5.5 ] },
						"up": { "texture": "#bark", "uv": [ 6.0, 3.0, 9.0, 4.5 ] },
						"down": { "texture": "#bark", "uv": [ 5.5, 5.5, 8.5, 7.0 ] }
					}
				},
				{
					"name": "Burl10",
					"from": [ -1.5, -1.0, 0.01 ],
					"to": [ 2.0, 4.0, 2.51 ],
					"rotationOrigin": [ 4.0, -1.0, 1.4 ],
					"faces": {
						"north": { "texture": "#bark", "uv": [ 5.5, 5.0, 9.0, 10.0 ] },
						"east": { "texture": "#bark", "uv": [ 5.5, 2.5, 8.0, 7.5 ] },
						"south": { "texture": "#bark", "uv": [ 5.0, 5.0, 8.5, 10.0 ] },
						"west": { "texture": "#bark", "uv": [ 5.5, 2.0, 8.0, 7.0 ] },
						"up": { "texture": "#bark", "uv": [ 3.5, 2.5, 7.0, 5.0 ] },
						"down": { "texture": "#bark", "uv": [ 5.0, 4.0, 8.5, 6.5 ] }
					}
				},
				{
					"name": "Burl11",
					"from": [ 0.5, -1.5, 2.5 ],
					"to": [ 5.5, 0.5, 5.5 ],
					"rotationOrigin": [ 4.5, -1.5, 4.5 ],
					"faces": {
						"north": { "texture": "#bark", "uv": [ 4.0, 2.5, 9.0, 4.5 ] },
						"east": { "texture": "#bark", "uv": [ 5.0, 2.5, 8.0, 4.5 ] },
						"south": { "texture": "#bark", "uv": [ 4.5, 4.0, 9.5, 6.0 ] },
						"west": { "texture": "#bark", "uv": [ 6.0, 6.0, 9.0, 8.0 ] },
						"up": { "texture": "#bark", "uv": [ 6.0, 7.5, 11.0, 10.5 ] },
						"down": { "texture": "#bark", "uv": [ 5.0, 5.0, 10.0, 8.0 ] }
					}
				}
			]
		}
	]}