{
	"editor": {
		"allAngles": true,
		"entityTextureMode": false
	},
	"textureWidth": 16,
	"textureHeight": 16,
	"textureSizes": {
	},
	"textures": {
		"all": "block/wood/bark/bark",
		"up": "block/wood/treetrunk/bark"
	},
	"elements": [
		{
			"name": "Cube",
			"from": [ 0.0, 0.0, 0.0 ],
			"to": [ 16.0, 16.0, 16.0 ],
			"faces": {
				"north": { "texture": "#all", "uv": [ 0.0, 0.0, 16.0, 16.0 ] },
				"east": { "texture": "#all", "uv": [ 0.0, 0.0, 16.0, 16.0 ] },
				"south": { "texture": "#all", "uv": [ 0.0, 0.0, 16.0, 16.0 ] },
				"west": { "texture": "#all", "uv": [ 0.0, 0.0, 16.0, 16.0 ] },
				"up": { "texture": "#up", "uv": [ 0.0, 0.0, 16.0, 16.0 ] },
				"down": { "texture": "#up", "uv": [ 0.0, 0.0, 16.0, 16.0 ] }
			}
		},
		{
			"name": "AnglePointFlat1",
			"from": [ 0.0, 15.0, 0.0 ],
			"to": [ 0.0, 15.0, 0.0 ],
			"rotationOrigin": [ 0.0, 15.0, 0.0 ],
			"faces": {
			},
			"children": [
				{
					"name": "Cube2",
					"from": [ 0.0, -12.0, 0.0 ],
					"to": [ 3.0, -2.0, 3.0 ],
					"rotationOrigin": [ 0.0, -2.0, 0.0 ],
					"rotationX": 33.0,
					"rotationY": 8.0,
					"rotationZ": -6.0,
					"faces": {
						"north": { "texture": "#all", "uv": [ 0.0, 0.0, 3.0, 10.0 ] },
						"east": { "texture": "#all", "uv": [ 0.0, 0.0, 3.0, 10.0 ] },
						"west": { "texture": "#all", "uv": [ 0.0, 0.0, 3.0, 10.0 ] },
						"up": { "texture": "#all", "uv": [ 0.0, 0.0, 3.0, 3.0 ] },
						"down": { "texture": "#all", "uv": [ 0.0, 0.0, 3.0, 3.0 ] }
					},
					"children": [
						{
							"name": "Cube9",
							"from": [ 0.0, -5.0, 0.0 ],
							"to": [ 3.0, 0.0, 5.0 ],
							"rotationOrigin": [ 1.5, 0.0, 5.0 ],
							"rotationX": 19.0,
							"rotationZ": -6.0,
							"faces": {
								"north": { "texture": "#all", "uv": [ 0.0, 0.0, 3.0, 5.0 ] },
								"east": { "texture": "#all", "uv": [ 0.0, 0.0, 5.0, 5.0 ] },
								"south": { "texture": "#all", "uv": [ 0.0, 0.0, 3.0, 5.0 ] },
								"west": { "texture": "#all", "uv": [ 0.0, 0.0, 5.0, 5.0 ] },
								"up": { "texture": "#all", "uv": [ 0.0, 0.0, 3.0, 5.0 ] },
								"down": { "texture": "#all", "uv": [ 0.0, 0.0, 3.0, 5.0 ] }
							},
							"children": [
								{
									"name": "Cube16",
									"from": [ 0.0, -4.0, 0.0 ],
									"to": [ 3.0, 0.0, 5.0 ],
									"rotationOrigin": [ 1.5, 0.0, 5.0 ],
									"rotationX": 33.0,
									"rotationY": -3.0,
									"rotationZ": -22.0,
									"faces": {
										"north": { "texture": "#all", "uv": [ 0.0, 0.0, 3.0, 4.0 ] },
										"east": { "texture": "#all", "uv": [ 0.0, 0.0, 5.0, 4.0 ] },
										"south": { "texture": "#all", "uv": [ 0.0, 0.0, 3.0, 4.0 ] },
										"west": { "texture": "#all", "uv": [ 0.0, 0.0, 5.0, 4.0 ] },
										"up": { "texture": "#all", "uv": [ 0.0, 0.0, 3.0, 5.0 ] },
										"down": { "texture": "#all", "uv": [ 0.0, 0.0, 3.0, 5.0 ] }
									},
									"children": [
										{
											"name": "Cube86",
											"from": [ 0.0, -4.0, 0.0 ],
											"to": [ 3.0, 0.0, 4.0 ],
											"rotationOrigin": [ 1.5, 0.0, 0.0 ],
											"rotationX": -33.0,
											"rotationY": 3.0,
											"rotationZ": 8.0,
											"faces": {
												"north": { "texture": "#all", "uv": [ 0.0, 0.0, 3.0, 4.0 ] },
												"east": { "texture": "#all", "uv": [ 0.0, 0.0, 4.0, 4.0 ] },
												"south": { "texture": "#all", "uv": [ 0.0, 0.0, 3.0, 4.0 ] },
												"west": { "texture": "#all", "uv": [ 0.0, 0.0, 4.0, 4.0 ] },
												"up": { "texture": "#all", "uv": [ 0.0, 0.0, 3.0, 4.0 ] },
												"down": { "texture": "#all", "uv": [ 0.0, 0.0, 3.0, 4.0 ] }
											}
										}
									]
								}
							]
						}
					]
				},
				{
					"name": "Cube3",
					"from": [ 2.0, -11.0, 0.0 ],
					"to": [ 6.0, -3.0, 3.0 ],
					"rotationOrigin": [ 2.0, -3.0, 0.0 ],
					"rotationX": 28.0,
					"rotationY": 8.0,
					"rotationZ": -6.0,
					"faces": {
						"north": { "texture": "#all", "uv": [ 0.0, 0.0, 4.0, 8.0 ] },
						"east": { "texture": "#all", "uv": [ 0.0, 0.0, 3.0, 8.0 ] },
						"west": { "texture": "#all", "uv": [ 0.0, 0.0, 3.0, 8.0 ] },
						"up": { "texture": "#all", "uv": [ 0.0, 0.0, 4.0, 3.0 ] },
						"down": { "texture": "#all", "uv": [ 0.0, 0.0, 4.0, 3.0 ] }
					},
					"children": [
						{
							"name": "Cube10",
							"from": [ 0.0, -6.0, 0.0 ],
							"to": [ 4.0, 0.0, 5.0 ],
							"rotationOrigin": [ 2.0, 0.0, 5.0 ],
							"rotationX": 6.0,
							"rotationZ": 6.0,
							"faces": {
								"north": { "texture": "#all", "uv": [ 0.0, 0.0, 4.0, 6.0 ] },
								"east": { "texture": "#all", "uv": [ 0.0, 0.0, 5.0, 6.0 ] },
								"south": { "texture": "#all", "uv": [ 0.0, 0.0, 4.0, 6.0 ] },
								"west": { "texture": "#all", "uv": [ 0.0, 0.0, 5.0, 6.0 ] },
								"up": { "texture": "#all", "uv": [ 0.0, 0.0, 4.0, 5.0 ] },
								"down": { "texture": "#all", "uv": [ 0.0, 0.0, 4.0, 5.0 ] }
							},
							"children": [
								{
									"name": "Cube17",
									"from": [ 0.0, -5.0, 0.0 ],
									"to": [ 4.0, 0.0, 5.0 ],
									"rotationOrigin": [ 2.0, 0.0, 5.0 ],
									"rotationX": 19.0,
									"rotationY": -2.0,
									"faces": {
										"north": { "texture": "#all", "uv": [ 0.0, 0.0, 4.0, 5.0 ] },
										"east": { "texture": "#all", "uv": [ 0.0, 0.0, 5.0, 5.0 ] },
										"south": { "texture": "#all", "uv": [ 0.0, 0.0, 4.0, 5.0 ] },
										"west": { "texture": "#all", "uv": [ 0.0, 0.0, 5.0, 5.0 ] },
										"up": { "texture": "#all", "uv": [ 0.0, 0.0, 4.0, 5.0 ] },
										"down": { "texture": "#all", "uv": [ 0.0, 0.0, 4.0, 5.0 ] }
									}
								}
							]
						}
					]
				},
				{
					"name": "Cube4",
					"from": [ 5.0, -11.0, 0.0 ],
					"to": [ 7.0, -1.0, 3.0 ],
					"rotationOrigin": [ 5.0, -1.0, 0.0 ],
					"rotationX": 22.0,
					"rotationZ": -5.0,
					"faces": {
						"north": { "texture": "#all", "uv": [ 0.0, 0.0, 2.0, 10.0 ] },
						"east": { "texture": "#all", "uv": [ 0.0, 0.0, 3.0, 10.0 ] },
						"west": { "texture": "#all", "uv": [ 0.0, 0.0, 3.0, 10.0 ] },
						"up": { "texture": "#all", "uv": [ 0.0, 0.0, 2.0, 3.0 ] },
						"down": { "texture": "#all", "uv": [ 0.0, 0.0, 2.0, 3.0 ] }
					},
					"children": [
						{
							"name": "Cube11",
							"from": [ 0.0, -6.0, 0.0 ],
							"to": [ 2.0, 0.0, 5.0 ],
							"rotationOrigin": [ 1.0, 0.0, 5.0 ],
							"rotationX": 14.0,
							"rotationY": -3.0,
							"rotationZ": 8.0,
							"faces": {
								"north": { "texture": "#all", "uv": [ 0.0, 0.0, 2.0, 6.0 ] },
								"east": { "texture": "#all", "uv": [ 0.0, 0.0, 5.0, 6.0 ] },
								"south": { "texture": "#all", "uv": [ 0.0, 0.0, 2.0, 6.0 ] },
								"west": { "texture": "#all", "uv": [ 0.0, 0.0, 5.0, 6.0 ] },
								"up": { "texture": "#all", "uv": [ 0.0, 0.0, 2.0, 5.0 ] },
								"down": { "texture": "#all", "uv": [ 0.0, 0.0, 2.0, 5.0 ] }
							},
							"children": [
								{
									"name": "Cube18",
									"from": [ 0.0, -4.0, 0.0 ],
									"to": [ 2.0, 0.0, 5.0 ],
									"rotationOrigin": [ 1.0, 0.0, 5.0 ],
									"rotationX": 19.0,
									"rotationY": 1.0,
									"faces": {
										"north": { "texture": "#all", "uv": [ 0.0, 0.0, 2.0, 4.0 ] },
										"east": { "texture": "#all", "uv": [ 0.0, 0.0, 5.0, 4.0 ] },
										"south": { "texture": "#all", "uv": [ 0.0, 0.0, 2.0, 4.0 ] },
										"west": { "texture": "#all", "uv": [ 0.0, 0.0, 5.0, 4.0 ] },
										"up": { "texture": "#all", "uv": [ 0.0, 0.0, 2.0, 5.0 ] },
										"down": { "texture": "#all", "uv": [ 0.0, 0.0, 2.0, 5.0 ] }
									}
								}
							]
						}
					]
				},
				{
					"name": "Cube5",
					"from": [ 6.0, -12.0, 0.0 ],
					"to": [ 9.0, -4.0, 3.0 ],
					"rotationOrigin": [ 6.0, -4.0, 0.0 ],
					"rotationX": 19.0,
					"rotationY": 3.0,
					"rotationZ": 8.0,
					"faces": {
						"north": { "texture": "#all", "uv": [ 0.0, 0.0, 3.0, 8.0 ] },
						"east": { "texture": "#all", "uv": [ 0.0, 0.0, 3.0, 8.0 ] },
						"west": { "texture": "#all", "uv": [ 0.0, 0.0, 3.0, 8.0 ] },
						"up": { "texture": "#all", "uv": [ 0.0, 0.0, 3.0, 3.0 ] },
						"down": { "texture": "#all", "uv": [ 0.0, 0.0, 3.0, 3.0 ] }
					},
					"children": [
						{
							"name": "Cube12",
							"from": [ 0.0, -6.0, 0.0 ],
							"to": [ 3.0, 0.0, 5.0 ],
							"rotationOrigin": [ 1.5, 0.0, 5.0 ],
							"rotationX": 19.0,
							"rotationY": -3.0,
							"rotationZ": 6.0,
							"faces": {
								"north": { "texture": "#all", "uv": [ 0.0, 0.0, 3.0, 6.0 ] },
								"east": { "texture": "#all", "uv": [ 0.0, 0.0, 5.0, 6.0 ] },
								"south": { "texture": "#all", "uv": [ 0.0, 0.0, 3.0, 6.0 ] },
								"west": { "texture": "#all", "uv": [ 0.0, 0.0, 5.0, 6.0 ] },
								"up": { "texture": "#all", "uv": [ 0.0, 0.0, 3.0, 5.0 ] },
								"down": { "texture": "#all", "uv": [ 0.0, 0.0, 3.0, 5.0 ] }
							},
							"children": [
								{
									"name": "Cube19",
									"from": [ 0.0, -5.0, 0.0 ],
									"to": [ 3.0, 0.0, 5.0 ],
									"rotationOrigin": [ 1.5, 0.0, 5.0 ],
									"rotationX": 14.0,
									"rotationZ": -6.0,
									"faces": {
										"north": { "texture": "#all", "uv": [ 0.0, 0.0, 3.0, 5.0 ] },
										"east": { "texture": "#all", "uv": [ 0.0, 0.0, 5.0, 5.0 ] },
										"south": { "texture": "#all", "uv": [ 0.0, 0.0, 3.0, 5.0 ] },
										"west": { "texture": "#all", "uv": [ 0.0, 0.0, 5.0, 5.0 ] },
										"up": { "texture": "#all", "uv": [ 0.0, 0.0, 3.0, 5.0 ] },
										"down": { "texture": "#all", "uv": [ 0.0, 0.0, 3.0, 5.0 ] }
									}
								}
							]
						}
					]
				},
				{
					"name": "Cube6",
					"from": [ 8.0, -10.0, 0.0 ],
					"to": [ 12.0, -1.0, 3.0 ],
					"rotationOrigin": [ 8.0, -1.0, 0.0 ],
					"rotationX": 19.0,
					"rotationY": -11.0,
					"faces": {
						"north": { "texture": "#all", "uv": [ 0.0, 0.0, 4.0, 9.0 ] },
						"east": { "texture": "#all", "uv": [ 0.0, 0.0, 3.0, 9.0 ] },
						"west": { "texture": "#all", "uv": [ 0.0, 0.0, 3.0, 9.0 ] },
						"up": { "texture": "#all", "uv": [ 0.0, 0.0, 4.0, 3.0 ] },
						"down": { "texture": "#all", "uv": [ 0.0, 0.0, 4.0, 3.0 ] }
					},
					"children": [
						{
							"name": "Cube13",
							"from": [ 0.0, -6.0, 0.0 ],
							"to": [ 4.0, 0.0, 5.0 ],
							"rotationOrigin": [ 2.0, 0.0, 5.0 ],
							"rotationX": 14.0,
							"rotationY": 6.0,
							"rotationZ": -28.0,
							"faces": {
								"north": { "texture": "#all", "uv": [ 0.0, 0.0, 4.0, 6.0 ] },
								"east": { "texture": "#all", "uv": [ 0.0, 0.0, 5.0, 6.0 ] },
								"south": { "texture": "#all", "uv": [ 0.0, 0.0, 4.0, 6.0 ] },
								"west": { "texture": "#all", "uv": [ 0.0, 0.0, 5.0, 6.0 ] },
								"up": { "texture": "#all", "uv": [ 0.0, 0.0, 4.0, 5.0 ] },
								"down": { "texture": "#all", "uv": [ 0.0, 0.0, 4.0, 5.0 ] }
							},
							"children": [
								{
									"name": "Cube20",
									"from": [ 0.0, -7.0, 0.0 ],
									"to": [ 4.0, 0.0, 5.0 ],
									"rotationOrigin": [ 2.0, 0.0, 5.0 ],
									"rotationX": 22.0,
									"rotationY": 1.0,
									"rotationZ": 25.0,
									"faces": {
										"north": { "texture": "#all", "uv": [ 0.0, 0.0, 4.0, 7.0 ] },
										"east": { "texture": "#all", "uv": [ 0.0, 0.0, 5.0, 7.0 ] },
										"south": { "texture": "#all", "uv": [ 0.0, 0.0, 4.0, 7.0 ] },
										"west": { "texture": "#all", "uv": [ 0.0, 0.0, 5.0, 7.0 ] },
										"up": { "texture": "#all", "uv": [ 0.0, 0.0, 4.0, 5.0 ] },
										"down": { "texture": "#all", "uv": [ 0.0, 0.0, 4.0, 5.0 ] }
									}
								}
							]
						}
					]
				},
				{
					"name": "Cube7",
					"from": [ 11.0, -13.0, 0.0 ],
					"to": [ 14.0, -3.0, 3.0 ],
					"rotationOrigin": [ 11.0, -3.0, 0.0 ],
					"rotationX": 17.0,
					"rotationZ": 3.0,
					"faces": {
						"north": { "texture": "#all", "uv": [ 0.0, 0.0, 3.0, 10.0 ] },
						"east": { "texture": "#all", "uv": [ 0.0, 0.0, 3.0, 10.0 ] },
						"west": { "texture": "#all", "uv": [ 0.0, 0.0, 3.0, 10.0 ] },
						"up": { "texture": "#all", "uv": [ 0.0, 0.0, 3.0, 3.0 ] },
						"down": { "texture": "#all", "uv": [ 0.0, 0.0, 3.0, 3.0 ] }
					},
					"children": [
						{
							"name": "Cube14",
							"from": [ 0.0, -6.0, 0.0 ],
							"to": [ 3.0, 0.0, 5.0 ],
							"rotationOrigin": [ 1.5, 0.0, 5.0 ],
							"rotationY": 3.0,
							"rotationZ": 11.0,
							"faces": {
								"north": { "texture": "#all", "uv": [ 0.0, 0.0, 3.0, 6.0 ] },
								"east": { "texture": "#all", "uv": [ 0.0, 0.0, 5.0, 6.0 ] },
								"south": { "texture": "#all", "uv": [ 0.0, 0.0, 3.0, 6.0 ] },
								"west": { "texture": "#all", "uv": [ 0.0, 0.0, 5.0, 6.0 ] },
								"up": { "texture": "#all", "uv": [ 0.0, 0.0, 3.0, 5.0 ] },
								"down": { "texture": "#all", "uv": [ 0.0, 0.0, 3.0, 5.0 ] }
							},
							"children": [
								{
									"name": "Cube21",
									"from": [ 0.0, -5.0, 0.0 ],
									"to": [ 3.0, 0.0, 5.0 ],
									"rotationOrigin": [ 1.5, 0.0, 5.0 ],
									"rotationX": 25.0,
									"rotationZ": -22.0,
									"faces": {
										"north": { "texture": "#all", "uv": [ 0.0, 0.0, 3.0, 5.0 ] },
										"east": { "texture": "#all", "uv": [ 0.0, 0.0, 5.0, 5.0 ] },
										"south": { "texture": "#all", "uv": [ 0.0, 0.0, 3.0, 5.0 ] },
										"west": { "texture": "#all", "uv": [ 0.0, 0.0, 5.0, 5.0 ] },
										"up": { "texture": "#all", "uv": [ 0.0, 0.0, 3.0, 5.0 ] },
										"down": { "texture": "#all", "uv": [ 0.0, 0.0, 3.0, 5.0 ] }
									}
								}
							]
						}
					]
				},
				{
					"name": "Cube8",
					"from": [ 13.0, -12.0, 0.0 ],
					"to": [ 16.0, -2.0, 3.0 ],
					"rotationOrigin": [ 13.0, -2.0, 0.0 ],
					"rotationX": 18.0,
					"rotationZ": 8.0,
					"faces": {
						"north": { "texture": "#all", "uv": [ 0.0, 0.0, 3.0, 10.0 ] },
						"east": { "texture": "#all", "uv": [ 0.0, 0.0, 3.0, 10.0 ] },
						"west": { "texture": "#all", "uv": [ 0.0, 0.0, 3.0, 10.0 ] },
						"up": { "texture": "#all", "uv": [ 0.0, 0.0, 3.0, 3.0 ] },
						"down": { "texture": "#all", "uv": [ 0.0, 0.0, 3.0, 3.0 ] }
					},
					"children": [
						{
							"name": "Cube15",
							"from": [ 0.0, -5.0, 0.0 ],
							"to": [ 3.0, 0.0, 5.0 ],
							"rotationOrigin": [ 1.5, 0.0, 5.0 ],
							"rotationX": 14.0,
							"rotationZ": 1.0,
							"faces": {
								"north": { "texture": "#all", "uv": [ 0.0, 0.0, 3.0, 5.0 ] },
								"east": { "texture": "#all", "uv": [ 0.0, 0.0, 5.0, 5.0 ] },
								"south": { "texture": "#all", "uv": [ 0.0, 0.0, 3.0, 5.0 ] },
								"west": { "texture": "#all", "uv": [ 0.0, 0.0, 5.0, 5.0 ] },
								"up": { "texture": "#all", "uv": [ 0.0, 0.0, 3.0, 5.0 ] },
								"down": { "texture": "#all", "uv": [ 0.0, 0.0, 3.0, 5.0 ] }
							},
							"children": [
								{
									"name": "Cube22",
									"from": [ 0.0, -7.0, 0.0 ],
									"to": [ 3.0, 0.0, 5.0 ],
									"rotationOrigin": [ 1.5, 0.0, 5.0 ],
									"rotationX": 25.0,
									"rotationY": 1.0,
									"faces": {
										"north": { "texture": "#all", "uv": [ 0.0, 0.0, 3.0, 7.0 ] },
										"east": { "texture": "#all", "uv": [ 0.0, 0.0, 5.0, 7.0 ] },
										"south": { "texture": "#all", "uv": [ 0.0, 0.0, 3.0, 7.0 ] },
										"west": { "texture": "#all", "uv": [ 0.0, 0.0, 5.0, 7.0 ] },
										"up": { "texture": "#all", "uv": [ 0.0, 0.0, 3.0, 5.0 ] },
										"down": { "texture": "#all", "uv": [ 0.0, 0.0, 3.0, 5.0 ] }
									}
								}
							]
						}
					]
				}
			]
		},
		{
			"name": "AnglePointFlat2",
			"from": [ 16.0, 14.0, 0.0 ],
			"to": [ 16.0, 14.0, 0.0 ],
			"rotationOrigin": [ 16.0, 14.0, 0.0 ],
			"faces": {
			},
			"children": [
				{
					"name": "Cube23",
					"from": [ -3.0, -11.0, 0.0 ],
					"to": [ 0.0, -1.0, 3.0 ],
					"rotationOrigin": [ 0.0, -1.0, 0.0 ],
					"rotationX": 8.59,
					"rotationY": 5.116,
					"rotationZ": 22.804,
					"faces": {
						"north": { "texture": "#all", "uv": [ 0.0, 0.0, 3.0, 10.0 ] },
						"east": { "texture": "#all", "uv": [ 0.0, 0.0, 3.0, 10.0 ] },
						"south": { "texture": "#all", "uv": [ 0.0, 0.0, 3.0, 10.0 ] },
						"up": { "texture": "#all", "uv": [ 0.0, 0.0, 3.0, 3.0 ] },
						"down": { "texture": "#all", "uv": [ 0.0, 0.0, 3.0, 3.0 ] }
					},
					"children": [
						{
							"name": "Cube24",
							"from": [ -2.0, -5.0, 0.0 ],
							"to": [ 3.0, 0.0, 3.0 ],
							"rotationOrigin": [ -2.0, 0.0, 1.5 ],
							"rotationX": -0.946,
							"rotationY": 0.326,
							"rotationZ": 18.997,
							"faces": {
								"north": { "texture": "#all", "uv": [ 0.0, 0.0, 3.0, 5.0 ] },
								"east": { "texture": "#all", "uv": [ 0.0, 0.0, 5.0, 5.0 ] },
								"south": { "texture": "#all", "uv": [ 0.0, 0.0, 3.0, 5.0 ] },
								"west": { "texture": "#all", "uv": [ 0.0, 0.0, 5.0, 5.0 ] },
								"up": { "texture": "#all", "uv": [ 0.0, 0.0, 3.0, 5.0 ] },
								"down": { "texture": "#all", "uv": [ 0.0, 0.0, 3.0, 5.0 ] }
							},
							"children": [
								{
									"name": "Cube25",
									"from": [ 0.0, -4.0, 0.0 ],
									"to": [ 5.0, 0.0, 3.0 ],
									"rotationOrigin": [ 0.0, 0.0, 1.5 ],
									"rotationX": -0.839,
									"rotationY": 0.545,
									"rotationZ": 32.996,
									"faces": {
										"north": { "texture": "#all", "uv": [ 0.0, 0.0, 3.0, 4.0 ] },
										"east": { "texture": "#all", "uv": [ 0.0, 0.0, 5.0, 4.0 ] },
										"south": { "texture": "#all", "uv": [ 0.0, 0.0, 3.0, 4.0 ] },
										"west": { "texture": "#all", "uv": [ 0.0, 0.0, 5.0, 4.0 ] },
										"up": { "texture": "#all", "uv": [ 0.0, 0.0, 3.0, 5.0 ] },
										"down": { "texture": "#all", "uv": [ 0.0, 0.0, 3.0, 5.0 ] }
									}
								}
							]
						}
					]
				},
				{
					"name": "Cube26",
					"from": [ -3.0, -11.0, 2.0 ],
					"to": [ 0.0, -3.0, 6.0 ],
					"rotationOrigin": [ 0.0, -3.0, 2.0 ],
					"rotationX": 6.617,
					"rotationY": -5.412,
					"rotationZ": 18.477,
					"faces": {
						"north": { "texture": "#all", "uv": [ 0.0, 0.0, 3.0, 8.0 ] },
						"east": { "texture": "#all", "uv": [ 0.0, 0.0, 4.0, 8.0 ] },
						"south": { "texture": "#all", "uv": [ 0.0, 0.0, 3.0, 8.0 ] },
						"up": { "texture": "#all", "uv": [ 0.0, 0.0, 3.0, 4.0 ] },
						"down": { "texture": "#all", "uv": [ 0.0, 0.0, 3.0, 4.0 ] }
					},
					"children": [
						{
							"name": "Cube27",
							"from": [ -2.0, -6.0, 0.0 ],
							"to": [ 3.0, 0.0, 4.0 ],
							"rotationOrigin": [ -2.0, 0.0, 2.0 ],
							"rotationX": -5.823,
							"rotationY": 1.449,
							"rotationZ": 13.926,
							"faces": {
								"north": { "texture": "#all", "uv": [ 0.0, 0.0, 4.0, 6.0 ] },
								"east": { "texture": "#all", "uv": [ 0.0, 0.0, 5.0, 6.0 ] },
								"south": { "texture": "#all", "uv": [ 0.0, 0.0, 4.0, 6.0 ] },
								"west": { "texture": "#all", "uv": [ 0.0, 0.0, 5.0, 6.0 ] },
								"up": { "texture": "#all", "uv": [ 0.0, 0.0, 4.0, 5.0 ] },
								"down": { "texture": "#all", "uv": [ 0.0, 0.0, 4.0, 5.0 ] }
							},
							"children": [
								{
									"name": "Cube28",
									"from": [ 0.0, -5.0, 0.0 ],
									"to": [ 5.0, 0.0, 4.0 ],
									"rotationOrigin": [ 0.0, 0.0, 2.0 ],
									"rotationX": -0.651,
									"rotationY": -1.891,
									"rotationZ": 19.011,
									"faces": {
										"north": { "texture": "#all", "uv": [ 0.0, 0.0, 4.0, 5.0 ] },
										"east": { "texture": "#all", "uv": [ 0.0, 0.0, 5.0, 5.0 ] },
										"south": { "texture": "#all", "uv": [ 0.0, 0.0, 4.0, 5.0 ] },
										"west": { "texture": "#all", "uv": [ 0.0, 0.0, 5.0, 5.0 ] },
										"up": { "texture": "#all", "uv": [ 0.0, 0.0, 4.0, 5.0 ] },
										"down": { "texture": "#all", "uv": [ 0.0, 0.0, 4.0, 5.0 ] }
									}
								}
							]
						}
					]
				},
				{
					"name": "Cube29",
					"from": [ -3.0, -13.0, 5.0 ],
					"to": [ 0.0, -3.0, 7.0 ],
					"rotationOrigin": [ 0.0, -3.0, 5.0 ],
					"rotationX": 4.417,
					"rotationY": -2.345,
					"rotationZ": 27.91,
					"faces": {
						"north": { "texture": "#all", "uv": [ 0.0, 0.0, 3.0, 10.0 ] },
						"east": { "texture": "#all", "uv": [ 0.0, 0.0, 2.0, 10.0 ] },
						"south": { "texture": "#all", "uv": [ 0.0, 0.0, 3.0, 10.0 ] },
						"up": { "texture": "#all", "uv": [ 0.0, 0.0, 3.0, 2.0 ] },
						"down": { "texture": "#all", "uv": [ 0.0, 0.0, 3.0, 2.0 ] }
					},
					"children": [
						{
							"name": "Cube30",
							"from": [ -2.0, -6.0, 0.0 ],
							"to": [ 3.0, 0.0, 2.0 ],
							"rotationOrigin": [ -2.0, 0.0, 1.0 ],
							"rotationX": 22.0,
							"rotationY": -3.0,
							"rotationZ": 13.869,
							"faces": {
								"north": { "texture": "#all", "uv": [ 0.0, 0.0, 2.0, 6.0 ] },
								"east": { "texture": "#all", "uv": [ 0.0, 0.0, 5.0, 6.0 ] },
								"south": { "texture": "#all", "uv": [ 0.0, 0.0, 2.0, 6.0 ] },
								"west": { "texture": "#all", "uv": [ 0.0, 0.0, 5.0, 6.0 ] },
								"up": { "texture": "#all", "uv": [ 0.0, 0.0, 2.0, 5.0 ] },
								"down": { "texture": "#all", "uv": [ 0.0, 0.0, 2.0, 5.0 ] }
							},
							"children": [
								{
									"name": "Cube31",
									"from": [ 0.0, -4.0, 0.0 ],
									"to": [ 5.0, 0.0, 2.0 ],
									"rotationOrigin": [ 0.0, 0.0, 1.0 ],
									"rotationX": 0.326,
									"rotationY": 0.946,
									"rotationZ": 19.003,
									"faces": {
										"north": { "texture": "#all", "uv": [ 0.0, 0.0, 2.0, 4.0 ] },
										"east": { "texture": "#all", "uv": [ 0.0, 0.0, 5.0, 4.0 ] },
										"south": { "texture": "#all", "uv": [ 0.0, 0.0, 2.0, 4.0 ] },
										"west": { "texture": "#all", "uv": [ 0.0, 0.0, 5.0, 4.0 ] },
										"up": { "texture": "#all", "uv": [ 0.0, 0.0, 2.0, 5.0 ] },
										"down": { "texture": "#all", "uv": [ 0.0, 0.0, 2.0, 5.0 ] }
									}
								}
							]
						}
					]
				},
				{
					"name": "Cube32",
					"from": [ -3.0, -10.0, 6.0 ],
					"to": [ 0.0, -2.0, 9.0 ],
					"rotationOrigin": [ 0.0, -2.0, 6.0 ],
					"rotationX": 2.869,
					"rotationY": -0.877,
					"rotationZ": 16.978,
					"faces": {
						"north": { "texture": "#all", "uv": [ 0.0, 0.0, 3.0, 8.0 ] },
						"east": { "texture": "#all", "uv": [ 0.0, 0.0, 3.0, 8.0 ] },
						"south": { "texture": "#all", "uv": [ 0.0, 0.0, 3.0, 8.0 ] },
						"up": { "texture": "#all", "uv": [ 0.0, 0.0, 3.0, 3.0 ] },
						"down": { "texture": "#all", "uv": [ 0.0, 0.0, 3.0, 3.0 ] }
					},
					"children": [
						{
							"name": "Cube33",
							"from": [ -2.0, -6.0, 0.0 ],
							"to": [ 3.0, 0.0, 3.0 ],
							"rotationOrigin": [ -2.0, 0.0, 1.5 ],
							"rotationX": -6.0,
							"rotationY": 3.0,
							"rotationZ": 14.0,
							"faces": {
								"north": { "texture": "#all", "uv": [ 0.0, 0.0, 3.0, 6.0 ] },
								"east": { "texture": "#all", "uv": [ 0.0, 0.0, 5.0, 6.0 ] },
								"south": { "texture": "#all", "uv": [ 0.0, 0.0, 3.0, 6.0 ] },
								"west": { "texture": "#all", "uv": [ 0.0, 0.0, 5.0, 6.0 ] },
								"up": { "texture": "#all", "uv": [ 0.0, 0.0, 3.0, 5.0 ] },
								"down": { "texture": "#all", "uv": [ 0.0, 0.0, 3.0, 5.0 ] }
							},
							"children": [
								{
									"name": "Cube34",
									"from": [ 0.0, -5.0, 0.0 ],
									"to": [ 5.0, 0.0, 3.0 ],
									"rotationOrigin": [ 0.0, 0.0, 1.5 ],
									"rotationX": -4.852,
									"rotationY": 1.208,
									"rotationZ": 13.949,
									"faces": {
										"north": { "texture": "#all", "uv": [ 0.0, 0.0, 3.0, 5.0 ] },
										"east": { "texture": "#all", "uv": [ 0.0, 0.0, 5.0, 5.0 ] },
										"south": { "texture": "#all", "uv": [ 0.0, 0.0, 3.0, 5.0 ] },
										"west": { "texture": "#all", "uv": [ 0.0, 0.0, 5.0, 5.0 ] },
										"up": { "texture": "#all", "uv": [ 0.0, 0.0, 3.0, 5.0 ] },
										"down": { "texture": "#all", "uv": [ 0.0, 0.0, 3.0, 5.0 ] }
									}
								}
							]
						}
					]
				},
				{
					"name": "Cube35",
					"from": [ -3.0, -12.0, 8.0 ],
					"to": [ 0.0, -3.0, 12.0 ],
					"rotationOrigin": [ 0.0, -3.0, 8.0 ],
					"rotationX": -2.188,
					"rotationY": 2.866,
					"rotationZ": 30.0,
					"faces": {
						"north": { "texture": "#all", "uv": [ 0.0, 0.0, 3.0, 9.0 ] },
						"east": { "texture": "#all", "uv": [ 0.0, 0.0, 4.0, 9.0 ] },
						"south": { "texture": "#all", "uv": [ 0.0, 0.0, 3.0, 9.0 ] },
						"up": { "texture": "#all", "uv": [ 0.0, 0.0, 3.0, 4.0 ] },
						"down": { "texture": "#all", "uv": [ 0.0, 0.0, 3.0, 4.0 ] }
					},
					"children": [
						{
							"name": "Cube36",
							"from": [ -2.0, -6.0, 0.0 ],
							"to": [ 3.0, 0.0, 4.0 ],
							"rotationOrigin": [ -2.0, 0.0, 2.0 ],
							"rotationX": 8.0,
							"rotationY": 14.0,
							"rotationZ": 25.0,
							"faces": {
								"north": { "texture": "#all", "uv": [ 0.0, 0.0, 4.0, 6.0 ] },
								"east": { "texture": "#all", "uv": [ 0.0, 0.0, 5.0, 6.0 ] },
								"south": { "texture": "#all", "uv": [ 0.0, 0.0, 4.0, 6.0 ] },
								"west": { "texture": "#all", "uv": [ 0.0, 0.0, 5.0, 6.0 ] },
								"up": { "texture": "#all", "uv": [ 0.0, 0.0, 4.0, 5.0 ] },
								"down": { "texture": "#all", "uv": [ 0.0, 0.0, 4.0, 5.0 ] }
							},
							"children": [
								{
									"name": "Cube37",
									"from": [ 0.0, -5.0, 0.0 ],
									"to": [ 5.0, 0.0, 4.0 ],
									"rotationOrigin": [ 0.0, 0.0, 2.0 ],
									"rotationX": 0.375,
									"rotationY": 0.927,
									"rotationZ": 22.003,
									"faces": {
										"north": { "texture": "#all", "uv": [ 0.0, 0.0, 4.0, 5.0 ] },
										"east": { "texture": "#all", "uv": [ 0.0, 0.0, 5.0, 5.0 ] },
										"south": { "texture": "#all", "uv": [ 0.0, 0.0, 4.0, 5.0 ] },
										"west": { "texture": "#all", "uv": [ 0.0, 0.0, 5.0, 5.0 ] },
										"up": { "texture": "#all", "uv": [ 0.0, 0.0, 4.0, 5.0 ] },
										"down": { "texture": "#all", "uv": [ 0.0, 0.0, 4.0, 5.0 ] }
									}
								}
							]
						}
					]
				},
				{
					"name": "Cube38",
					"from": [ -3.0, -11.0, 11.0 ],
					"to": [ 0.0, -1.0, 14.0 ],
					"rotationOrigin": [ 0.0, -1.0, 11.0 ],
					"rotationX": -5.74,
					"rotationY": 1.751,
					"rotationZ": 16.912,
					"faces": {
						"north": { "texture": "#all", "uv": [ 0.0, 0.0, 3.0, 10.0 ] },
						"east": { "texture": "#all", "uv": [ 0.0, 0.0, 3.0, 10.0 ] },
						"south": { "texture": "#all", "uv": [ 0.0, 0.0, 3.0, 10.0 ] },
						"up": { "texture": "#all", "uv": [ 0.0, 0.0, 3.0, 3.0 ] },
						"down": { "texture": "#all", "uv": [ 0.0, 0.0, 3.0, 3.0 ] }
					},
					"children": [
						{
							"name": "Cube39",
							"from": [ -2.0, -6.0, 0.0 ],
							"to": [ 3.0, 0.0, 3.0 ],
							"rotationOrigin": [ -2.0, 0.0, 1.5 ],
							"rotationX": 11.0,
							"rotationZ": 14.0,
							"faces": {
								"north": { "texture": "#all", "uv": [ 0.0, 0.0, 3.0, 6.0 ] },
								"east": { "texture": "#all", "uv": [ 0.0, 0.0, 5.0, 6.0 ] },
								"south": { "texture": "#all", "uv": [ 0.0, 0.0, 3.0, 6.0 ] },
								"west": { "texture": "#all", "uv": [ 0.0, 0.0, 5.0, 6.0 ] },
								"up": { "texture": "#all", "uv": [ 0.0, 0.0, 3.0, 5.0 ] },
								"down": { "texture": "#all", "uv": [ 0.0, 0.0, 3.0, 5.0 ] }
							},
							"children": [
								{
									"name": "Cube40",
									"from": [ 0.0, -5.0, 0.0 ],
									"to": [ 5.0, 0.0, 3.0 ],
									"rotationOrigin": [ 0.0, 0.0, 1.5 ],
									"rotationX": 17.0,
									"rotationZ": 25.0,
									"faces": {
										"north": { "texture": "#all", "uv": [ 0.0, 0.0, 3.0, 5.0 ] },
										"east": { "texture": "#all", "uv": [ 0.0, 0.0, 5.0, 5.0 ] },
										"south": { "texture": "#all", "uv": [ 0.0, 0.0, 3.0, 5.0 ] },
										"west": { "texture": "#all", "uv": [ 0.0, 0.0, 5.0, 5.0 ] },
										"up": { "texture": "#all", "uv": [ 0.0, 0.0, 3.0, 5.0 ] },
										"down": { "texture": "#all", "uv": [ 0.0, 0.0, 3.0, 5.0 ] }
									}
								}
							]
						}
					]
				},
				{
					"name": "Cube41",
					"from": [ -3.0, -11.0, 12.0 ],
					"to": [ 0.0, -1.0, 16.0 ],
					"rotationOrigin": [ 0.0, -1.0, 12.0 ],
					"rotationX": -11.0,
					"rotationZ": 21.806,
					"faces": {
						"north": { "texture": "#all", "uv": [ 0.0, 0.0, 3.0, 10.0 ] },
						"east": { "texture": "#all", "uv": [ 0.0, 0.0, 4.0, 10.0 ] },
						"south": { "texture": "#all", "uv": [ 0.0, 0.0, 3.0, 10.0 ] },
						"up": { "texture": "#all", "uv": [ 0.0, 0.0, 3.0, 4.0 ] },
						"down": { "texture": "#all", "uv": [ 0.0, 0.0, 3.0, 4.0 ] }
					},
					"children": [
						{
							"name": "Cube42",
							"from": [ -2.0, -5.0, 0.0 ],
							"to": [ 3.0, 0.0, 4.0 ],
							"rotationOrigin": [ -2.0, 0.0, 1.5 ],
							"rotationX": 6.0,
							"rotationY": -3.0,
							"rotationZ": 13.998,
							"faces": {
								"north": { "texture": "#all", "uv": [ 0.0, 0.0, 5.0, 5.0 ] },
								"east": { "texture": "#all", "uv": [ 0.0, 0.0, 4.0, 5.0 ] },
								"south": { "texture": "#all", "uv": [ 0.0, 0.0, 5.0, 5.0 ] },
								"west": { "texture": "#all", "uv": [ 0.0, 0.0, 4.0, 5.0 ] },
								"up": { "texture": "#all", "uv": [ 0.0, 0.0, 5.0, 4.0 ] },
								"down": { "texture": "#all", "uv": [ 0.0, 0.0, 5.0, 4.0 ] }
							},
							"children": [
								{
									"name": "Cube43",
									"from": [ 0.0, -5.0, 0.0 ],
									"to": [ 5.0, 0.0, 4.0 ],
									"rotationOrigin": [ 0.0, 0.0, 1.5 ],
									"rotationX": -19.0,
									"rotationY": -3.0,
									"rotationZ": 25.0,
									"faces": {
										"north": { "texture": "#all", "uv": [ 0.0, 0.0, 5.0, 5.0 ] },
										"east": { "texture": "#all", "uv": [ 0.0, 0.0, 4.0, 5.0 ] },
										"south": { "texture": "#all", "uv": [ 0.0, 0.0, 5.0, 5.0 ] },
										"west": { "texture": "#all", "uv": [ 0.0, 0.0, 4.0, 5.0 ] },
										"up": { "texture": "#all", "uv": [ 0.0, 0.0, 5.0, 4.0 ] },
										"down": { "texture": "#all", "uv": [ 0.0, 0.0, 5.0, 4.0 ] }
									}
								}
							]
						}
					]
				}
			]
		},
		{
			"name": "AnglePointFlat3",
			"from": [ 16.0, 15.0, 16.0 ],
			"to": [ 16.0, 15.0, 16.0 ],
			"rotationOrigin": [ 16.0, 15.0, 16.0 ],
			"faces": {
			},
			"children": [
				{
					"name": "Cube44",
					"from": [ -3.0, -12.0, -3.0 ],
					"to": [ 0.0, -2.0, 0.0 ],
					"rotationOrigin": [ 0.0, -2.0, 0.0 ],
					"rotationX": -22.0,
					"rotationY": 8.0,
					"rotationZ": 6.0,
					"faces": {
						"east": { "texture": "#all", "uv": [ 0.0, 0.0, 3.0, 10.0 ] },
						"south": { "texture": "#all", "uv": [ 0.0, 0.0, 3.0, 10.0 ] },
						"west": { "texture": "#all", "uv": [ 0.0, 0.0, 3.0, 10.0 ], "windMode": [-1,-1,-1,-1] },
						"up": { "texture": "#all", "uv": [ 0.0, 0.0, 3.0, 3.0 ] },
						"down": { "texture": "#all", "uv": [ 0.0, 0.0, 3.0, 3.0 ] }
					},
					"children": [
						{
							"name": "Cube45",
							"from": [ 0.0, -5.0, -2.0 ],
							"to": [ 3.0, 0.0, 3.0 ],
							"rotationOrigin": [ 1.5, 0.0, -2.0 ],
							"rotationX": -28.0,
							"rotationZ": -1.0,
							"faces": {
								"north": { "texture": "#all", "uv": [ 0.0, 0.0, 3.0, 5.0 ] },
								"east": { "texture": "#all", "uv": [ 0.0, 0.0, 5.0, 5.0 ] },
								"south": { "texture": "#all", "uv": [ 0.0, 0.0, 3.0, 5.0 ] },
								"west": { "texture": "#all", "uv": [ 0.0, 0.0, 5.0, 5.0 ] },
								"up": { "texture": "#all", "uv": [ 0.0, 0.0, 3.0, 5.0 ] },
								"down": { "texture": "#all", "uv": [ 0.0, 0.0, 3.0, 5.0 ] }
							},
							"children": [
								{
									"name": "Cube46",
									"from": [ 0.0, -7.0, 0.0 ],
									"to": [ 3.0, 0.0, 5.0 ],
									"rotationOrigin": [ 1.5, 0.0, 0.0 ],
									"rotationX": -19.0,
									"rotationZ": 19.0,
									"faces": {
										"north": { "texture": "#all", "uv": [ 0.0, 0.0, 3.0, 7.0 ] },
										"east": { "texture": "#all", "uv": [ 0.0, 0.0, 5.0, 7.0 ] },
										"south": { "texture": "#all", "uv": [ 0.0, 0.0, 3.0, 7.0 ] },
										"west": { "texture": "#all", "uv": [ 0.0, 0.0, 5.0, 7.0 ] },
										"up": { "texture": "#all", "uv": [ 0.0, 0.0, 3.0, 5.0 ] },
										"down": { "texture": "#all", "uv": [ 0.0, 0.0, 3.0, 5.0 ] }
									}
								}
							]
						}
					]
				},
				{
					"name": "Cube47",
					"from": [ -6.0, -11.0, -3.0 ],
					"to": [ -2.0, -3.0, 0.0 ],
					"rotationOrigin": [ -2.0, -3.0, 0.0 ],
					"rotationX": -19.0,
					"rotationY": -3.0,
					"rotationZ": 8.0,
					"faces": {
						"east": { "texture": "#all", "uv": [ 0.0, 0.0, 3.0, 8.0 ] },
						"south": { "texture": "#all", "uv": [ 0.0, 0.0, 4.0, 8.0 ] },
						"west": { "texture": "#all", "uv": [ 0.0, 0.0, 3.0, 8.0 ] },
						"up": { "texture": "#all", "uv": [ 0.0, 0.0, 4.0, 3.0 ] },
						"down": { "texture": "#all", "uv": [ 0.0, 0.0, 4.0, 3.0 ] }
					},
					"children": [
						{
							"name": "Cube48",
							"from": [ 0.0, -6.0, -2.0 ],
							"to": [ 4.0, 0.0, 3.0 ],
							"rotationOrigin": [ 2.0, 0.0, -2.0 ],
							"rotationX": -36.0,
							"rotationZ": -6.0,
							"faces": {
								"north": { "texture": "#all", "uv": [ 0.0, 0.0, 4.5, 6.0 ] },
								"east": { "texture": "#all", "uv": [ 0.0, 0.0, 4.0, 6.0 ] },
								"south": { "texture": "#all", "uv": [ 0.0, 0.0, 4.5, 6.0 ] },
								"west": { "texture": "#all", "uv": [ 0.0, 0.0, 4.0, 6.0 ] },
								"up": { "texture": "#all", "uv": [ 0.0, 0.0, 4.5, 4.0 ] },
								"down": { "texture": "#all", "uv": [ 0.0, 0.0, 4.5, 4.0 ] }
							},
							"children": [
								{
									"name": "Cube49",
									"from": [ 0.0, -8.0, 0.0 ],
									"to": [ 4.0, 0.0, 5.0 ],
									"rotationOrigin": [ 2.0, 0.0, 0.0 ],
									"rotationX": -8.0,
									"rotationY": 6.0,
									"rotationZ": 6.0,
									"faces": {
										"north": { "texture": "#all", "uv": [ 0.0, 0.0, 4.0, 8.0 ] },
										"east": { "texture": "#all", "uv": [ 0.0, 0.0, 4.5, 8.0 ] },
										"south": { "texture": "#all", "uv": [ 0.0, 0.0, 4.0, 8.0 ] },
										"west": { "texture": "#all", "uv": [ 0.0, 0.0, 4.5, 8.0 ] },
										"up": { "texture": "#all", "uv": [ 0.0, 0.0, 4.0, 4.5 ] },
										"down": { "texture": "#all", "uv": [ 0.0, 0.0, 4.0, 4.5 ] }
									}
								}
							]
						}
					]
				},
				{
					"name": "Cube50",
					"from": [ -7.0, -13.0, -3.0 ],
					"to": [ -5.0, -3.0, 0.0 ],
					"rotationOrigin": [ -5.0, -3.0, 0.0 ],
					"rotationX": -28.0,
					"rotationZ": 5.0,
					"faces": {
						"east": { "texture": "#all", "uv": [ 0.0, 0.0, 3.0, 10.0 ] },
						"south": { "texture": "#all", "uv": [ 0.0, 0.0, 2.0, 10.0 ] },
						"west": { "texture": "#all", "uv": [ 0.0, 0.0, 3.0, 10.0 ] },
						"up": { "texture": "#all", "uv": [ 0.0, 0.0, 2.0, 3.0 ] },
						"down": { "texture": "#all", "uv": [ 0.0, 0.0, 2.0, 3.0 ] }
					},
					"children": [
						{
							"name": "Cube51",
							"from": [ 0.0, -6.0, -2.0 ],
							"to": [ 2.0, 0.0, 3.0 ],
							"rotationOrigin": [ 1.0, 0.0, -2.0 ],
							"rotationX": -11.0,
							"rotationZ": 8.0,
							"faces": {
								"north": { "texture": "#all", "uv": [ 0.0, 0.0, 5.0, 6.0 ] },
								"east": { "texture": "#all", "uv": [ 0.0, 0.0, 2.0, 6.0 ] },
								"south": { "texture": "#all", "uv": [ 0.0, 0.0, 5.0, 6.0 ] },
								"west": { "texture": "#all", "uv": [ 0.0, 0.0, 2.0, 6.0 ] },
								"up": { "texture": "#all", "uv": [ 0.0, 0.0, 5.0, 2.0 ] },
								"down": { "texture": "#all", "uv": [ 0.0, 0.0, 5.0, 2.0 ] }
							},
							"children": [
								{
									"name": "Cube52",
									"from": [ 0.0, -4.0, 0.0 ],
									"to": [ 2.0, 0.0, 5.0 ],
									"rotationOrigin": [ 1.0, 0.0, 0.0 ],
									"rotationX": -19.0,
									"rotationY": 1.0,
									"faces": {
										"north": { "texture": "#all", "uv": [ 0.0, 0.0, 5.0, 4.0 ] },
										"east": { "texture": "#all", "uv": [ 0.0, 0.0, 2.0, 4.0 ] },
										"south": { "texture": "#all", "uv": [ 0.0, 0.0, 5.0, 4.0 ] },
										"west": { "texture": "#all", "uv": [ 0.0, 0.0, 2.0, 4.0 ] },
										"up": { "texture": "#all", "uv": [ 0.0, 0.0, 5.0, 2.0 ] },
										"down": { "texture": "#all", "uv": [ 0.0, 0.0, 5.0, 2.0 ] }
									}
								}
							]
						}
					]
				},
				{
					"name": "Cube53",
					"from": [ -9.0, -10.0, -3.0 ],
					"to": [ -6.0, -2.0, 0.0 ],
					"rotationOrigin": [ -6.0, -2.0, 0.0 ],
					"rotationX": -17.0,
					"rotationZ": 3.0,
					"faces": {
						"east": { "texture": "#all", "uv": [ 0.0, 0.0, 3.0, 8.0 ] },
						"south": { "texture": "#all", "uv": [ 0.0, 0.0, 3.0, 8.0 ] },
						"west": { "texture": "#all", "uv": [ 0.0, 0.0, 3.0, 8.0 ] },
						"up": { "texture": "#all", "uv": [ 0.0, 0.0, 3.0, 3.0 ] },
						"down": { "texture": "#all", "uv": [ 0.0, 0.0, 3.0, 3.0 ] }
					},
					"children": [
						{
							"name": "Cube54",
							"from": [ 0.0, -6.0, -2.0 ],
							"to": [ 3.0, 0.0, 3.0 ],
							"rotationOrigin": [ 1.5, 0.0, -2.0 ],
							"rotationX": -14.0,
							"rotationY": -8.0,
							"rotationZ": -6.0,
							"faces": {
								"north": { "texture": "#all", "uv": [ 0.0, 0.0, 5.0, 6.0 ] },
								"east": { "texture": "#all", "uv": [ 0.0, 0.0, 3.0, 6.0 ] },
								"south": { "texture": "#all", "uv": [ 0.0, 0.0, 5.0, 6.0 ] },
								"west": { "texture": "#all", "uv": [ 0.0, 0.0, 3.0, 6.0 ] },
								"up": { "texture": "#all", "uv": [ 0.0, 0.0, 5.0, 3.0 ] },
								"down": { "texture": "#all", "uv": [ 0.0, 0.0, 5.0, 3.0 ] }
							},
							"children": [
								{
									"name": "Cube55",
									"from": [ 0.0, -5.0, 0.0 ],
									"to": [ 3.0, 0.0, 5.0 ],
									"rotationOrigin": [ 1.5, 0.0, 0.0 ],
									"rotationX": -14.0,
									"rotationZ": 11.0,
									"faces": {
										"north": { "texture": "#all", "uv": [ 0.0, 0.0, 5.0, 5.0 ] },
										"east": { "texture": "#all", "uv": [ 0.0, 0.0, 3.0, 5.0 ] },
										"south": { "texture": "#all", "uv": [ 0.0, 0.0, 5.0, 5.0 ] },
										"west": { "texture": "#all", "uv": [ 0.0, 0.0, 3.0, 5.0 ] },
										"up": { "texture": "#all", "uv": [ 0.0, 0.0, 5.0, 3.0 ] },
										"down": { "texture": "#all", "uv": [ 0.0, 0.0, 5.0, 3.0 ] }
									}
								}
							]
						}
					]
				},
				{
					"name": "Cube56",
					"from": [ -12.0, -14.0, -3.0 ],
					"to": [ -8.0, -5.0, 0.0 ],
					"rotationOrigin": [ -8.0, -5.0, 0.0 ],
					"rotationX": -19.0,
					"rotationY": 2.0,
					"rotationZ": -3.0,
					"faces": {
						"east": { "texture": "#all", "uv": [ 0.0, 0.0, 3.0, 9.0 ] },
						"south": { "texture": "#all", "uv": [ 0.0, 0.0, 4.0, 9.0 ] },
						"west": { "texture": "#all", "uv": [ 0.0, 0.0, 3.0, 9.0 ] },
						"up": { "texture": "#all", "uv": [ 0.0, 0.0, 4.0, 3.0 ] },
						"down": { "texture": "#all", "uv": [ 0.0, 0.0, 4.0, 3.0 ] }
					},
					"children": [
						{
							"name": "Cube57",
							"from": [ 0.0, -6.0, -2.0 ],
							"to": [ 4.0, 0.0, 3.0 ],
							"rotationOrigin": [ 2.0, 0.0, -2.0 ],
							"rotationX": -25.0,
							"rotationY": 14.0,
							"rotationZ": 8.0,
							"faces": {
								"north": { "texture": "#all", "uv": [ 0.0, 0.0, 4.5, 6.0 ] },
								"east": { "texture": "#all", "uv": [ 0.0, 0.0, 4.0, 6.0 ] },
								"south": { "texture": "#all", "uv": [ 0.0, 0.0, 4.5, 6.0 ] },
								"west": { "texture": "#all", "uv": [ 0.0, 0.0, 4.0, 6.0 ] },
								"up": { "texture": "#all", "uv": [ 0.0, 0.0, 4.5, 4.0 ] },
								"down": { "texture": "#all", "uv": [ 0.0, 0.0, 4.5, 4.0 ] }
							},
							"children": [
								{
									"name": "Cube58",
									"from": [ 0.0, -5.0, 0.0 ],
									"to": [ 4.0, 0.0, 5.0 ],
									"rotationOrigin": [ 2.0, 0.0, 0.0 ],
									"rotationX": -22.0,
									"rotationY": 1.0,
									"rotationZ": -25.0,
									"faces": {
										"north": { "texture": "#all", "uv": [ 0.0, 0.0, 4.5, 5.0 ] },
										"east": { "texture": "#all", "uv": [ 0.0, 0.0, 4.0, 5.0 ] },
										"south": { "texture": "#all", "uv": [ 0.0, 0.0, 4.5, 5.0 ] },
										"west": { "texture": "#all", "uv": [ 0.0, 0.0, 4.0, 5.0 ] },
										"up": { "texture": "#all", "uv": [ 0.0, 0.0, 4.5, 4.0 ] },
										"down": { "texture": "#all", "uv": [ 0.0, 0.0, 4.5, 4.0 ] }
									}
								}
							]
						}
					]
				},
				{
					"name": "Cube59",
					"from": [ -14.0, -13.0, -3.0 ],
					"to": [ -11.0, -3.0, 0.0 ],
					"rotationOrigin": [ -11.0, -3.0, 0.0 ],
					"rotationX": -8.0,
					"rotationZ": -6.0,
					"faces": {
						"east": { "texture": "#all", "uv": [ 0.0, 0.0, 3.0, 10.0 ] },
						"south": { "texture": "#all", "uv": [ 0.0, 0.0, 3.0, 10.0 ] },
						"west": { "texture": "#all", "uv": [ 0.0, 0.0, 3.0, 10.0 ] },
						"up": { "texture": "#all", "uv": [ 0.0, 0.0, 3.0, 3.0 ] },
						"down": { "texture": "#all", "uv": [ 0.0, 0.0, 3.0, 3.0 ] }
					},
					"children": [
						{
							"name": "Cube60",
							"from": [ 0.0, -6.0, -2.0 ],
							"to": [ 3.0, 0.0, 3.0 ],
							"rotationOrigin": [ 1.5, 0.0, -2.0 ],
							"rotationX": -33.0,
							"rotationY": 3.0,
							"rotationZ": 3.0,
							"faces": {
								"north": { "texture": "#all", "uv": [ 0.0, 0.0, 5.0, 6.0 ] },
								"east": { "texture": "#all", "uv": [ 0.0, 0.0, 3.0, 6.0 ] },
								"south": { "texture": "#all", "uv": [ 0.0, 0.0, 5.0, 6.0 ] },
								"west": { "texture": "#all", "uv": [ 0.0, 0.0, 3.0, 6.0 ] },
								"up": { "texture": "#all", "uv": [ 0.0, 0.0, 5.0, 3.0 ] },
								"down": { "texture": "#all", "uv": [ 0.0, 0.0, 5.0, 3.0 ] }
							},
							"children": [
								{
									"name": "Cube61",
									"from": [ 0.0, -5.0, 0.0 ],
									"to": [ 3.0, 0.0, 5.0 ],
									"rotationOrigin": [ 1.5, 0.0, 0.0 ],
									"rotationX": -17.0,
									"rotationZ": -28.0,
									"faces": {
										"north": { "texture": "#all", "uv": [ 0.0, 0.0, 5.0, 5.0 ] },
										"east": { "texture": "#all", "uv": [ 0.0, 0.0, 3.0, 5.0 ] },
										"south": { "texture": "#all", "uv": [ 0.0, 0.0, 5.0, 5.0 ] },
										"west": { "texture": "#all", "uv": [ 0.0, 0.0, 3.0, 5.0 ] },
										"up": { "texture": "#all", "uv": [ 0.0, 0.0, 5.0, 3.0 ] },
										"down": { "texture": "#all", "uv": [ 0.0, 0.0, 5.0, 3.0 ] }
									}
								}
							]
						}
					]
				},
				{
					"name": "Cube62",
					"from": [ -16.0, -11.0, -3.0 ],
					"to": [ -13.0, -1.0, 0.0 ],
					"rotationOrigin": [ -13.0, -1.0, 0.0 ],
					"rotationX": -22.0,
					"rotationY": -11.0,
					"rotationZ": -8.0,
					"faces": {
						"east": { "texture": "#all", "uv": [ 0.0, 0.0, 3.0, 10.0 ] },
						"south": { "texture": "#all", "uv": [ 0.0, 0.0, 3.0, 10.0 ] },
						"west": { "texture": "#all", "uv": [ 0.0, 0.0, 3.0, 10.0 ] },
						"up": { "texture": "#all", "uv": [ 0.0, 0.0, 3.0, 3.0 ] },
						"down": { "texture": "#all", "uv": [ 0.0, 0.0, 3.0, 3.0 ] }
					},
					"children": [
						{
							"name": "Cube63",
							"from": [ 0.0, -5.0, -2.0 ],
							"to": [ 3.0, 0.0, 3.0 ],
							"rotationOrigin": [ 1.5, 0.0, -2.0 ],
							"rotationX": -17.0,
							"rotationY": -3.0,
							"rotationZ": -17.0,
							"faces": {
								"north": { "texture": "#all", "uv": [ 0.0, 0.0, 5.0, 5.0 ] },
								"east": { "texture": "#all", "uv": [ 0.0, 0.0, 3.0, 5.0 ] },
								"south": { "texture": "#all", "uv": [ 0.0, 0.0, 5.0, 5.0 ] },
								"west": { "texture": "#all", "uv": [ 0.0, 0.0, 3.0, 5.0 ] },
								"up": { "texture": "#all", "uv": [ 0.0, 0.0, 5.0, 3.0 ] },
								"down": { "texture": "#all", "uv": [ 0.0, 0.0, 5.0, 3.0 ] }
							},
							"children": [
								{
									"name": "Cube64",
									"from": [ 0.0, -5.0, 0.0 ],
									"to": [ 3.0, 0.0, 5.0 ],
									"rotationOrigin": [ 1.5, 0.0, 0.0 ],
									"rotationX": -25.0,
									"rotationY": 1.0,
									"rotationZ": 22.0,
									"faces": {
										"north": { "texture": "#all", "uv": [ 0.0, 0.0, 5.0, 5.0 ] },
										"east": { "texture": "#all", "uv": [ 0.0, 0.0, 3.0, 5.0 ] },
										"south": { "texture": "#all", "uv": [ 0.0, 0.0, 5.0, 5.0 ] },
										"west": { "texture": "#all", "uv": [ 0.0, 0.0, 3.0, 5.0 ] },
										"up": { "texture": "#all", "uv": [ 0.0, 0.0, 5.0, 3.0 ] },
										"down": { "texture": "#all", "uv": [ 0.0, 0.0, 5.0, 3.0 ] }
									}
								}
							]
						}
					]
				}
			]
		},
		{
			"name": "AnglePointFlat4",
			"from": [ 0.0, 15.0, 16.0 ],
			"to": [ 0.0, 15.0, 16.0 ],
			"rotationOrigin": [ 0.0, 15.0, 16.0 ],
			"faces": {
			},
			"children": [
				{
					"name": "Cube65",
					"from": [ 0.0, -11.0, -3.0 ],
					"to": [ 3.0, -1.0, 0.0 ],
					"rotationOrigin": [ 0.0, -1.0, 0.0 ],
					"rotationX": -8.59,
					"rotationY": 5.116,
					"rotationZ": -22.804,
					"faces": {
						"north": { "texture": "#all", "uv": [ 0.0, 0.0, 3.0, 10.0 ] },
						"south": { "texture": "#all", "uv": [ 0.0, 0.0, 3.0, 10.0 ] },
						"west": { "texture": "#all", "uv": [ 0.0, 0.0, 3.0, 10.0 ] },
						"up": { "texture": "#all", "uv": [ 0.0, 0.0, 3.0, 3.0 ] },
						"down": { "texture": "#all", "uv": [ 0.0, 0.0, 3.0, 3.0 ] }
					},
					"children": [
						{
							"name": "Cube66",
							"from": [ 0.0, -5.0, 0.0 ],
							"to": [ 5.0, 0.0, 3.0 ],
							"rotationOrigin": [ 5.0, 0.0, 1.5 ],
							"rotationX": 0.946,
							"rotationY": 0.326,
							"rotationZ": -18.997,
							"faces": {
								"north": { "texture": "#all", "uv": [ 0.0, 0.0, 3.0, 5.0 ] },
								"east": { "texture": "#all", "uv": [ 0.0, 0.0, 5.0, 5.0 ] },
								"south": { "texture": "#all", "uv": [ 0.0, 0.0, 3.0, 5.0 ] },
								"west": { "texture": "#all", "uv": [ 0.0, 0.0, 5.0, 5.0 ] },
								"up": { "texture": "#all", "uv": [ 0.0, 0.0, 3.0, 5.0 ] },
								"down": { "texture": "#all", "uv": [ 0.0, 0.0, 3.0, 5.0 ] }
							},
							"children": [
								{
									"name": "Cube67",
									"from": [ 0.0, -6.0, 0.0 ],
									"to": [ 5.0, 0.0, 3.0 ],
									"rotationOrigin": [ 5.0, 0.0, 1.5 ],
									"rotationX": 0.839,
									"rotationY": 0.545,
									"rotationZ": -32.996,
									"faces": {
										"north": { "texture": "#all", "uv": [ 0.0, 0.0, 5.0, 6.0 ] },
										"east": { "texture": "#all", "uv": [ 0.0, 0.0, 3.0, 6.0 ] },
										"south": { "texture": "#all", "uv": [ 0.0, 0.0, 5.0, 6.0 ] },
										"west": { "texture": "#all", "uv": [ 0.0, 0.0, 3.0, 6.0 ] },
										"up": { "texture": "#all", "uv": [ 0.0, 0.0, 5.0, 3.0 ] },
										"down": { "texture": "#all", "uv": [ 0.0, 0.0, 5.0, 3.0 ] }
									}
								}
							]
						}
					]
				},
				{
					"name": "Cube68",
					"from": [ 0.0, -11.0, -6.0 ],
					"to": [ 3.0, -3.0, -2.0 ],
					"rotationOrigin": [ 0.0, -3.0, -2.0 ],
					"rotationX": -6.617,
					"rotationY": -5.412,
					"rotationZ": -18.477,
					"faces": {
						"north": { "texture": "#all", "uv": [ 0.0, 0.0, 3.0, 8.0 ] },
						"south": { "texture": "#all", "uv": [ 0.0, 0.0, 3.0, 8.0 ] },
						"west": { "texture": "#all", "uv": [ 0.0, 0.0, 4.0, 8.0 ] },
						"up": { "texture": "#all", "uv": [ 0.0, 0.0, 3.0, 4.0 ] },
						"down": { "texture": "#all", "uv": [ 0.0, 0.0, 3.0, 4.0 ] }
					},
					"children": [
						{
							"name": "Cube69",
							"from": [ 0.0, -6.0, 0.0 ],
							"to": [ 5.0, 0.0, 4.0 ],
							"rotationOrigin": [ 5.0, 0.0, 2.0 ],
							"rotationX": 5.823,
							"rotationY": 1.449,
							"rotationZ": -13.926,
							"faces": {
								"north": { "texture": "#all", "uv": [ 0.0, 0.0, 4.0, 6.0 ] },
								"east": { "texture": "#all", "uv": [ 0.0, 0.0, 4.5, 6.0 ] },
								"south": { "texture": "#all", "uv": [ 0.0, 0.0, 4.0, 6.0 ] },
								"west": { "texture": "#all", "uv": [ 0.0, 0.0, 4.5, 6.0 ] },
								"up": { "texture": "#all", "uv": [ 0.0, 0.0, 4.0, 4.5 ] },
								"down": { "texture": "#all", "uv": [ 0.0, 0.0, 4.0, 4.5 ] }
							},
							"children": [
								{
									"name": "Cube70",
									"from": [ 0.0, -5.0, 0.0 ],
									"to": [ 5.0, 0.0, 4.0 ],
									"rotationOrigin": [ 5.0, 0.0, 2.0 ],
									"rotationX": 0.651,
									"rotationY": -1.891,
									"rotationZ": -19.011,
									"faces": {
										"north": { "texture": "#all", "uv": [ 0.0, 0.0, 4.0, 5.0 ] },
										"east": { "texture": "#all", "uv": [ 0.0, 0.0, 4.5, 5.0 ] },
										"south": { "texture": "#all", "uv": [ 0.0, 0.0, 4.0, 5.0 ] },
										"west": { "texture": "#all", "uv": [ 0.0, 0.0, 4.5, 5.0 ] },
										"up": { "texture": "#all", "uv": [ 0.0, 0.0, 4.0, 4.5 ] },
										"down": { "texture": "#all", "uv": [ 0.0, 0.0, 4.0, 4.5 ] }
									}
								}
							]
						}
					]
				},
				{
					"name": "Cube71",
					"from": [ 0.0, -11.0, -7.0 ],
					"to": [ 3.0, -1.0, -5.0 ],
					"rotationOrigin": [ 0.0, -1.0, -5.0 ],
					"rotationX": -4.417,
					"rotationY": -2.345,
					"rotationZ": -27.91,
					"faces": {
						"north": { "texture": "#all", "uv": [ 0.0, 0.0, 3.0, 10.0 ] },
						"south": { "texture": "#all", "uv": [ 0.0, 0.0, 3.0, 10.0 ] },
						"west": { "texture": "#all", "uv": [ 0.0, 0.0, 2.0, 10.0 ] },
						"up": { "texture": "#all", "uv": [ 0.0, 0.0, 3.0, 2.0 ] },
						"down": { "texture": "#all", "uv": [ 0.0, 0.0, 3.0, 2.0 ] }
					},
					"children": [
						{
							"name": "Cube72",
							"from": [ 0.0, -6.0, 0.0 ],
							"to": [ 5.0, 0.0, 2.0 ],
							"rotationOrigin": [ 5.0, 0.0, 1.0 ],
							"rotationX": -7.765,
							"rotationY": -1.929,
							"rotationZ": -13.869,
							"faces": {
								"north": { "texture": "#all", "uv": [ 0.0, 0.0, 5.0, 6.0 ] },
								"east": { "texture": "#all", "uv": [ 0.0, 0.0, 2.0, 6.0 ] },
								"south": { "texture": "#all", "uv": [ 0.0, 0.0, 5.0, 6.0 ] },
								"west": { "texture": "#all", "uv": [ 0.0, 0.0, 2.0, 6.0 ] },
								"up": { "texture": "#all", "uv": [ 0.0, 0.0, 5.0, 2.0 ] },
								"down": { "texture": "#all", "uv": [ 0.0, 0.0, 5.0, 2.0 ] }
							},
							"children": [
								{
									"name": "Cube73",
									"from": [ 0.0, -4.0, 0.0 ],
									"to": [ 5.0, 0.0, 2.0 ],
									"rotationOrigin": [ 5.0, 0.0, 1.0 ],
									"rotationX": -0.326,
									"rotationY": 0.946,
									"rotationZ": -19.003,
									"faces": {
										"north": { "texture": "#all", "uv": [ 0.0, 0.0, 5.0, 4.0 ] },
										"east": { "texture": "#all", "uv": [ 0.0, 0.0, 2.0, 4.0 ] },
										"south": { "texture": "#all", "uv": [ 0.0, 0.0, 5.0, 4.0 ] },
										"west": { "texture": "#all", "uv": [ 0.0, 0.0, 2.0, 4.0 ] },
										"up": { "texture": "#all", "uv": [ 0.0, 0.0, 5.0, 2.0 ] },
										"down": { "texture": "#all", "uv": [ 0.0, 0.0, 5.0, 2.0 ] }
									}
								}
							]
						}
					]
				},
				{
					"name": "Cube74",
					"from": [ 0.0, -10.0, -9.0 ],
					"to": [ 3.0, -2.0, -6.0 ],
					"rotationOrigin": [ 0.0, -2.0, -6.0 ],
					"rotationX": -2.869,
					"rotationY": -0.877,
					"rotationZ": -16.978,
					"faces": {
						"north": { "texture": "#all", "uv": [ 0.0, 0.0, 3.0, 8.0 ] },
						"south": { "texture": "#all", "uv": [ 0.0, 0.0, 3.0, 8.0 ] },
						"west": { "texture": "#all", "uv": [ 0.0, 0.0, 3.0, 8.0 ] },
						"up": { "texture": "#all", "uv": [ 0.0, 0.0, 3.0, 3.0 ] },
						"down": { "texture": "#all", "uv": [ 0.0, 0.0, 3.0, 3.0 ] }
					},
					"children": [
						{
							"name": "Cube75",
							"from": [ 0.0, -6.0, 0.0 ],
							"to": [ 5.0, 0.0, 3.0 ],
							"rotationOrigin": [ 5.0, 0.0, 1.5 ],
							"rotationZ": -3.0,
							"faces": {
								"north": { "texture": "#all", "uv": [ 0.0, 0.0, 3.0, 6.0 ] },
								"east": { "texture": "#all", "uv": [ 0.0, 0.0, 5.0, 6.0 ] },
								"south": { "texture": "#all", "uv": [ 0.0, 0.0, 3.0, 6.0 ] },
								"west": { "texture": "#all", "uv": [ 0.0, 0.0, 5.0, 6.0 ] },
								"up": { "texture": "#all", "uv": [ 0.0, 0.0, 3.0, 5.0 ] },
								"down": { "texture": "#all", "uv": [ 0.0, 0.0, 3.0, 5.0 ] }
							},
							"children": [
								{
									"name": "Cube76",
									"from": [ 0.0, -5.0, 0.0 ],
									"to": [ 5.0, 0.0, 3.0 ],
									"rotationOrigin": [ 5.0, 0.0, 1.5 ],
									"rotationX": 4.852,
									"rotationY": 1.208,
									"rotationZ": -39.0,
									"faces": {
										"north": { "texture": "#all", "uv": [ 0.0, 0.0, 3.0, 5.0 ] },
										"east": { "texture": "#all", "uv": [ 0.0, 0.0, 5.0, 5.0 ] },
										"south": { "texture": "#all", "uv": [ 0.0, 0.0, 3.0, 5.0 ] },
										"west": { "texture": "#all", "uv": [ 0.0, 0.0, 5.0, 5.0 ] },
										"up": { "texture": "#all", "uv": [ 0.0, 0.0, 3.0, 5.0 ] },
										"down": { "texture": "#all", "uv": [ 0.0, 0.0, 3.0, 5.0 ] }
									}
								}
							]
						}
					]
				},
				{
					"name": "Cube77",
					"from": [ 0.0, -12.0, -12.0 ],
					"to": [ 3.0, -3.0, -8.0 ],
					"rotationOrigin": [ 0.0, -3.0, -8.0 ],
					"rotationX": 2.188,
					"rotationY": 2.866,
					"rotationZ": -18.893,
					"faces": {
						"north": { "texture": "#all", "uv": [ 0.0, 0.0, 3.0, 9.0 ] },
						"south": { "texture": "#all", "uv": [ 0.0, 0.0, 3.0, 9.0 ] },
						"west": { "texture": "#all", "uv": [ 0.0, 0.0, 4.0, 9.0 ] },
						"up": { "texture": "#all", "uv": [ 0.0, 0.0, 3.0, 4.0 ] },
						"down": { "texture": "#all", "uv": [ 0.0, 0.0, 3.0, 4.0 ] }
					},
					"children": [
						{
							"name": "Cube78",
							"from": [ 0.0, -6.0, 0.0 ],
							"to": [ 5.0, 0.0, 4.0 ],
							"rotationOrigin": [ 5.0, 0.0, 2.0 ],
							"rotationX": 4.41,
							"rotationY": 7.247,
							"rotationZ": -13.406,
							"faces": {
								"north": { "texture": "#all", "uv": [ 0.0, 0.0, 4.0, 6.0 ] },
								"east": { "texture": "#all", "uv": [ 0.0, 0.0, 4.5, 6.0 ] },
								"south": { "texture": "#all", "uv": [ 0.0, 0.0, 4.0, 6.0 ] },
								"west": { "texture": "#all", "uv": [ 0.0, 0.0, 4.5, 6.0 ] },
								"up": { "texture": "#all", "uv": [ 0.0, 0.0, 4.0, 4.5 ] },
								"down": { "texture": "#all", "uv": [ 0.0, 0.0, 4.0, 4.5 ] }
							},
							"children": [
								{
									"name": "Cube79",
									"from": [ 0.0, -5.0, 0.0 ],
									"to": [ 5.0, 0.0, 4.0 ],
									"rotationOrigin": [ 5.0, 0.0, 2.0 ],
									"rotationX": -0.375,
									"rotationY": 0.927,
									"rotationZ": -22.003,
									"faces": {
										"north": { "texture": "#all", "uv": [ 0.0, 0.0, 4.0, 5.0 ] },
										"east": { "texture": "#all", "uv": [ 0.0, 0.0, 4.5, 5.0 ] },
										"south": { "texture": "#all", "uv": [ 0.0, 0.0, 4.0, 5.0 ] },
										"west": { "texture": "#all", "uv": [ 0.0, 0.0, 4.5, 5.0 ] },
										"up": { "texture": "#all", "uv": [ 0.0, 0.0, 4.0, 4.5 ] },
										"down": { "texture": "#all", "uv": [ 0.0, 0.0, 4.0, 4.5 ] }
									}
								}
							]
						}
					]
				},
				{
					"name": "Cube80",
					"from": [ 0.0, -11.0, -14.0 ],
					"to": [ 3.0, -1.0, -11.0 ],
					"rotationOrigin": [ 0.0, -1.0, -11.0 ],
					"rotationX": 5.74,
					"rotationY": 1.751,
					"rotationZ": -16.912,
					"faces": {
						"north": { "texture": "#all", "uv": [ 0.0, 0.0, 3.0, 10.0 ] },
						"south": { "texture": "#all", "uv": [ 0.0, 0.0, 3.0, 10.0 ] },
						"west": { "texture": "#all", "uv": [ 0.0, 0.0, 3.0, 10.0 ] },
						"up": { "texture": "#all", "uv": [ 0.0, 0.0, 3.0, 3.0 ] },
						"down": { "texture": "#all", "uv": [ 0.0, 0.0, 3.0, 3.0 ] }
					},
					"children": [
						{
							"name": "Cube81",
							"from": [ 0.0, -6.0, 0.0 ],
							"to": [ 5.0, 0.0, 3.0 ],
							"rotationOrigin": [ 5.0, 0.0, 1.5 ],
							"rotationX": -3.004,
							"rotationY": 2.996,
							"rotationZ": -0.157,
							"faces": {
								"north": { "texture": "#all", "uv": [ 0.0, 0.0, 3.0, 6.0 ] },
								"east": { "texture": "#all", "uv": [ 0.0, 0.0, 5.0, 6.0 ] },
								"south": { "texture": "#all", "uv": [ 0.0, 0.0, 3.0, 6.0 ] },
								"west": { "texture": "#all", "uv": [ 0.0, 0.0, 5.0, 6.0 ] },
								"up": { "texture": "#all", "uv": [ 0.0, 0.0, 3.0, 5.0 ] },
								"down": { "texture": "#all", "uv": [ 0.0, 0.0, 3.0, 5.0 ] }
							},
							"children": [
								{
									"name": "Cube82",
									"from": [ 0.0, -5.0, 0.0 ],
									"to": [ 5.0, 0.0, 3.0 ],
									"rotationOrigin": [ 5.0, 0.0, 1.5 ],
									"rotationY": 1.0,
									"rotationZ": -17.0,
									"faces": {
										"north": { "texture": "#all", "uv": [ 0.0, 0.0, 3.0, 5.0 ] },
										"east": { "texture": "#all", "uv": [ 0.0, 0.0, 5.0, 5.0 ] },
										"south": { "texture": "#all", "uv": [ 0.0, 0.0, 3.0, 5.0 ] },
										"west": { "texture": "#all", "uv": [ 0.0, 0.0, 5.0, 5.0 ] },
										"up": { "texture": "#all", "uv": [ 0.0, 0.0, 3.0, 5.0 ] },
										"down": { "texture": "#all", "uv": [ 0.0, 0.0, 3.0, 5.0 ] }
									}
								}
							]
						}
					]
				},
				{
					"name": "Cube83",
					"from": [ 0.0, -11.0, -16.0 ],
					"to": [ 3.0, -1.0, -13.0 ],
					"rotationOrigin": [ 0.0, -1.0, -13.0 ],
					"rotationX": 11.0,
					"rotationY": -22.0,
					"rotationZ": -19.0,
					"faces": {
						"north": { "texture": "#all", "uv": [ 0.0, 0.0, 3.0, 10.0 ] },
						"south": { "texture": "#all", "uv": [ 0.0, 0.0, 3.0, 10.0 ] },
						"west": { "texture": "#all", "uv": [ 0.0, 0.0, 3.0, 10.0 ] },
						"up": { "texture": "#all", "uv": [ 0.0, 0.0, 3.0, 3.0 ] },
						"down": { "texture": "#all", "uv": [ 0.0, 0.0, 3.0, 3.0 ] }
					},
					"children": [
						{
							"name": "Cube84",
							"from": [ 0.0, -5.0, 0.0 ],
							"to": [ 5.0, 0.0, 3.0 ],
							"rotationOrigin": [ 5.0, 0.0, 1.5 ],
							"rotationX": 11.0,
							"rotationY": -3.0,
							"rotationZ": -25.0,
							"faces": {
								"north": { "texture": "#all", "uv": [ 0.0, 0.0, 3.0, 5.0 ] },
								"east": { "texture": "#all", "uv": [ 0.0, 0.0, 5.0, 5.0 ] },
								"south": { "texture": "#all", "uv": [ 0.0, 0.0, 3.0, 5.0 ] },
								"west": { "texture": "#all", "uv": [ 0.0, 0.0, 5.0, 5.0 ] },
								"up": { "texture": "#all", "uv": [ 0.0, 0.0, 3.0, 5.0 ] },
								"down": { "texture": "#all", "uv": [ 0.0, 0.0, 3.0, 5.0 ] }
							},
							"children": [
								{
									"name": "Cube85",
									"from": [ 0.0, -7.0, 0.0 ],
									"to": [ 5.0, 0.0, 3.0 ],
									"rotationOrigin": [ 5.0, 0.0, 1.5 ],
									"rotationX": -3.0,
									"rotationY": -3.0,
									"rotationZ": -8.0,
									"faces": {
										"north": { "texture": "#all", "uv": [ 0.0, 0.0, 5.0, 7.0 ] },
										"east": { "texture": "#all", "uv": [ 0.0, 0.0, 3.0, 7.0 ] },
										"south": { "texture": "#all", "uv": [ 0.0, 0.0, 5.0, 7.0 ] },
										"west": { "texture": "#all", "uv": [ 0.0, 0.0, 3.0, 7.0 ] },
										"up": { "texture": "#all", "uv": [ 0.0, 0.0, 5.0, 3.0 ] },
										"down": { "texture": "#all", "uv": [ 0.0, 0.0, 5.0, 3.0 ] }
									}
								}
							]
						}
					]
				}
			]
		},
		{
			"name": "Cube87",
			"from": [ 3.0, -1.0, 15.0 ],
			"to": [ 5.0, 6.0, 17.0 ],
			"rotationOrigin": [ 4.0, 6.0, 16.0 ],
			"rotationX": -42.0,
			"faces": {
				"north": { "texture": "#all", "uv": [ 0.0, 0.0, 2.0, 7.0 ] },
				"east": { "texture": "#all", "uv": [ 0.0, 0.0, 2.0, 7.0 ] },
				"south": { "texture": "#all", "uv": [ 0.0, 0.0, 2.0, 7.0 ] },
				"west": { "texture": "#all", "uv": [ 0.0, 0.0, 2.0, 7.0 ] },
				"up": { "texture": "#all", "uv": [ 0.0, 0.0, 2.0, 2.0 ] },
				"down": { "texture": "#all", "uv": [ 0.0, 0.0, 2.0, 2.0 ] }
			},
			"children": [
				{
					"name": "Cube88",
					"from": [ 0.0, -6.0, 0.0 ],
					"to": [ 2.0, 1.0, 2.0 ],
					"rotationOrigin": [ 1.0, 0.0, 1.0 ],
					"rotationX": -47.0,
					"rotationY": -3.0,
					"rotationZ": -22.0,
					"faces": {
						"north": { "texture": "#all", "uv": [ 0.0, 0.0, 2.0, 7.0 ] },
						"east": { "texture": "#all", "uv": [ 0.0, 0.0, 2.0, 7.0 ] },
						"south": { "texture": "#all", "uv": [ 0.0, 0.0, 2.0, 7.0 ] },
						"west": { "texture": "#all", "uv": [ 0.0, 0.0, 2.0, 7.0 ] },
						"up": { "texture": "#all", "uv": [ 0.0, 0.0, 2.0, 2.0 ] },
						"down": { "texture": "#all", "uv": [ 0.0, 0.0, 2.0, 2.0 ] }
					}
				}
			]
		},
		{
			"name": "Cube89",
			"from": [ 0.0, -4.0, 2.0 ],
			"to": [ 2.0, 3.0, 4.0 ],
			"rotationOrigin": [ 1.0, 3.0, 3.0 ],
			"rotationX": 55.0,
			"rotationY": -6.0,
			"rotationZ": -47.0,
			"faces": {
				"north": { "texture": "#all", "uv": [ 0.0, 0.0, 2.0, 7.0 ] },
				"east": { "texture": "#all", "uv": [ 0.0, 0.0, 2.0, 7.0 ] },
				"south": { "texture": "#all", "uv": [ 0.0, 0.0, 2.0, 7.0 ] },
				"west": { "texture": "#all", "uv": [ 0.0, 0.0, 2.0, 7.0 ] },
				"up": { "texture": "#all", "uv": [ 0.0, 0.0, 2.0, 2.0 ] },
				"down": { "texture": "#all", "uv": [ 0.0, 0.0, 2.0, 2.0 ] }
			},
			"children": [
				{
					"name": "Cube90",
					"from": [ 0.0, -4.0, 0.0 ],
					"to": [ 2.0, 0.5, 2.0 ],
					"rotationOrigin": [ 1.0, 0.0, 1.0 ],
					"rotationX": -47.0,
					"rotationY": 14.0,
					"faces": {
						"north": { "texture": "#all", "uv": [ 0.0, 0.0, 2.0, 4.5 ] },
						"east": { "texture": "#all", "uv": [ 0.0, 0.0, 2.0, 4.5 ] },
						"south": { "texture": "#all", "uv": [ 0.0, 0.0, 2.0, 4.5 ] },
						"west": { "texture": "#all", "uv": [ 0.0, 0.0, 2.0, 4.5 ] },
						"up": { "texture": "#all", "uv": [ 0.0, 0.0, 2.0, 2.0 ] },
						"down": { "texture": "#all", "uv": [ 0.0, 0.0, 2.0, 2.0 ] }
					}
				}
			]
		},
		{
			"name": "Cube91",
			"from": [ 17.0, -3.0, 10.0 ],
			"to": [ 19.0, 3.0, 12.0 ],
			"rotationOrigin": [ 18.0, 4.0, 11.0 ],
			"rotationX": 53.0,
			"rotationY": -25.0,
			"rotationZ": 91.0,
			"faces": {
				"north": { "texture": "#all", "uv": [ 0.0, 0.0, 2.0, 6.0 ] },
				"east": { "texture": "#all", "uv": [ 0.0, 0.0, 2.0, 6.0 ] },
				"south": { "texture": "#all", "uv": [ 0.0, 0.0, 2.0, 6.0 ] },
				"west": { "texture": "#all", "uv": [ 0.0, 0.0, 2.0, 6.0 ] },
				"up": { "texture": "#all", "uv": [ 0.0, 0.0, 2.0, 2.0 ] },
				"down": { "texture": "#all", "uv": [ 0.0, 0.0, 2.0, 2.0 ] }
			},
			"children": [
				{
					"name": "Cube92",
					"from": [ 0.0, -5.0, 0.0 ],
					"to": [ 2.0, 1.0, 2.0 ],
					"rotationOrigin": [ 1.0, 0.0, 1.0 ],
					"rotationX": -22.0,
					"rotationY": 1.0,
					"rotationZ": 1.0,
					"faces": {
						"north": { "texture": "#all", "uv": [ 0.0, 0.0, 2.0, 6.0 ] },
						"east": { "texture": "#all", "uv": [ 0.0, 0.0, 2.0, 6.0 ] },
						"south": { "texture": "#all", "uv": [ 0.0, 0.0, 2.0, 6.0 ] },
						"west": { "texture": "#all", "uv": [ 0.0, 0.0, 2.0, 6.0 ] },
						"up": { "texture": "#all", "uv": [ 0.0, 0.0, 2.0, 2.0 ] },
						"down": { "texture": "#all", "uv": [ 0.0, 0.0, 2.0, 2.0 ] }
					}
				}
			]
		},
		{
			"name": "Cube93",
			"from": [ 16.0, -3.0, 17.0 ],
			"to": [ 18.0, 5.0, 19.0 ],
			"rotationOrigin": [ 17.0, 4.0, 18.0 ],
			"rotationX": 47.0,
			"rotationY": -44.0,
			"rotationZ": 91.0,
			"faces": {
				"north": { "texture": "#all", "uv": [ 0.0, 0.0, 2.0, 8.0 ] },
				"east": { "texture": "#all", "uv": [ 0.0, 0.0, 2.0, 8.0 ] },
				"south": { "texture": "#all", "uv": [ 0.0, 0.0, 2.0, 8.0 ] },
				"west": { "texture": "#all", "uv": [ 0.0, 0.0, 2.0, 8.0 ] },
				"up": { "texture": "#all", "uv": [ 0.0, 0.0, 2.0, 2.0 ] },
				"down": { "texture": "#all", "uv": [ 0.0, 0.0, 2.0, 2.0 ] }
			},
			"children": [
				{
					"name": "Cube94",
					"from": [ 0.0, -5.0, 0.0 ],
					"to": [ 2.0, 1.0, 2.0 ],
					"rotationOrigin": [ 1.0, 0.0, 1.0 ],
					"rotationX": 28.0,
					"rotationY": 1.0,
					"rotationZ": 1.0,
					"faces": {
						"north": { "texture": "#all", "uv": [ 0.0, 0.0, 2.0, 6.0 ] },
						"east": { "texture": "#all", "uv": [ 0.0, 0.0, 2.0, 6.0 ] },
						"south": { "texture": "#all", "uv": [ 0.0, 0.0, 2.0, 6.0 ] },
						"west": { "texture": "#all", "uv": [ 0.0, 0.0, 2.0, 6.0 ] },
						"up": { "texture": "#all", "uv": [ 0.0, 0.0, 2.0, 2.0 ] },
						"down": { "texture": "#all", "uv": [ 0.0, 0.0, 2.0, 2.0 ] }
					}
				}
			]
		},
		{
			"name": "Cube95",
			"from": [ 10.0, -3.0, -2.0 ],
			"to": [ 12.0, 3.0, 0.0 ],
			"rotationOrigin": [ 11.0, 4.0, -1.0 ],
			"rotationX": 66.0,
			"rotationY": -14.0,
			"rotationZ": 11.0,
			"faces": {
				"north": { "texture": "#all", "uv": [ 0.0, 0.0, 2.0, 6.0 ] },
				"east": { "texture": "#all", "uv": [ 0.0, 0.0, 2.0, 6.0 ] },
				"south": { "texture": "#all", "uv": [ 0.0, 0.0, 2.0, 6.0 ] },
				"west": { "texture": "#all", "uv": [ 0.0, 0.0, 2.0, 6.0 ] },
				"up": { "texture": "#all", "uv": [ 0.0, 0.0, 2.0, 2.0 ] },
				"down": { "texture": "#all", "uv": [ 0.0, 0.0, 2.0, 2.0 ] }
			},
			"children": [
				{
					"name": "Cube96",
					"from": [ 0.0, -5.0, 0.0 ],
					"to": [ 2.0, 1.0, 2.0 ],
					"rotationOrigin": [ 1.0, 0.0, 1.0 ],
					"rotationX": -22.0,
					"rotationY": 1.0,
					"rotationZ": 1.0,
					"faces": {
						"north": { "texture": "#all", "uv": [ 0.0, 0.0, 2.0, 6.0 ] },
						"east": { "texture": "#all", "uv": [ 0.0, 0.0, 2.0, 6.0 ] },
						"south": { "texture": "#all", "uv": [ 0.0, 0.0, 2.0, 6.0 ] },
						"west": { "texture": "#all", "uv": [ 0.0, 0.0, 2.0, 6.0 ] },
						"up": { "texture": "#all", "uv": [ 0.0, 0.0, 2.0, 2.0 ] },
						"down": { "texture": "#all", "uv": [ 0.0, 0.0, 2.0, 2.0 ] }
					}
				}
			]
		},
		{
			"name": "Cube97",
			"from": [ -1.0, -4.0, 9.0 ],
			"to": [ 1.0, 3.0, 11.0 ],
			"rotationOrigin": [ 0.0, 3.0, 10.0 ],
			"rotationX": 72.0,
			"rotationY": -6.0,
			"rotationZ": -78.0,
			"faces": {
				"north": { "texture": "#all", "uv": [ 0.0, 0.0, 2.0, 7.0 ] },
				"east": { "texture": "#all", "uv": [ 0.0, 0.0, 2.0, 7.0 ] },
				"south": { "texture": "#all", "uv": [ 0.0, 0.0, 2.0, 7.0 ] },
				"west": { "texture": "#all", "uv": [ 0.0, 0.0, 2.0, 7.0 ] },
				"up": { "texture": "#all", "uv": [ 0.0, 0.0, 2.0, 2.0 ] },
				"down": { "texture": "#all", "uv": [ 0.0, 0.0, 2.0, 2.0 ] }
			},
			"children": [
				{
					"name": "Cube98",
					"from": [ 0.0, -7.0, 0.0 ],
					"to": [ 2.0, 0.5, 2.0 ],
					"rotationOrigin": [ 1.0, 0.0, 1.0 ],
					"rotationX": -47.0,
					"rotationY": 14.0,
					"faces": {
						"north": { "texture": "#all", "uv": [ 0.0, 0.0, 2.0, 7.5 ] },
						"east": { "texture": "#all", "uv": [ 0.0, 0.0, 2.0, 7.5 ] },
						"south": { "texture": "#all", "uv": [ 0.0, 0.0, 2.0, 7.5 ] },
						"west": { "texture": "#all", "uv": [ 0.0, 0.0, 2.0, 7.5 ] },
						"up": { "texture": "#all", "uv": [ 0.0, 0.0, 2.0, 2.0 ] },
						"down": { "texture": "#all", "uv": [ 0.0, 0.0, 2.0, 2.0 ] }
					}
				}
			]
		}
	]}