{
	code: "chelonoidis-juvenile",
	class: "EntityAgent",
	variantgroups: [
		{ code: "type", states: ["carbonarius", "denticulatus", "chilensis", "niger", "alburyorum", "cubensis", "monensis", "gersoni", "marcanoi"]}
	],
	collisionBoxSizeByType: {
		"*-carbonarius": { x: 0.3, y: 0.15 },
		"*-denticulatus": { x: 0.3, y: 0.15 },
		"*-chilensis": { x: 0.3, y: 0.15 },
		"*-niger": { x: 0.3, y: 1.5 },
		"*-alburyorum": { x: 0.3, y: 1.5 },
		"*-cubensis": { x: 0.3, y: 1.5 },
		"*-monensis": { x: 0.3, y: 1.5 },
		"*-gersoni": { x: 0.3, y: 1.5 },
		"*-marcanoi": { x: 0.3, y: 1.5 },
	},
	deadCollisionBoxSizeByType: {
		"*-carbonarius": { x: 0.3, y: 0.15 },
		"*-denticulatus": { x: 0.3, y: 0.15 },
		"*-chilensis": { x: 0.3, y: 0.15 },
		"*-niger": { x: 0.3, y: 1.5 },
		"*-alburyorum": { x: 0.3, y: 1.5 },
		"*-cubensis": { x: 0.3, y: 1.5 },
		"*-monensis": { x: 0.3, y: 1.5 },
		"*-gersoni": { x: 0.3, y: 1.5 },
		"*-marcanoi": { x: 0.3, y: 1.5 },
	},	
	selectionBoxSizeByType: {
		"*-carbonarius": { x: 0.3, y: 0.15 },
		"*-denticulatus": { x: 0.3, y: 0.15 },
		"*-chilensis": { x: 0.3, y: 0.15 },
		"*-niger": { x: 0.3, y: 1.5 },
		"*-alburyorum": { x: 0.3, y: 1.5 },
		"*-cubensis": { x: 0.3, y: 1.5 },
		"*-monensis": { x: 0.3, y: 1.5 },
		"*-gersoni": { x: 0.3, y: 1.5 },
		"*-marcanoi": { x: 0.3, y: 1.5 },
	},
	deadSelectionBoxSizeByType: {
		"*-carbonarius": { x: 0.3, y: 0.15 },
		"*-denticulatus": { x: 0.3, y: 0.15 },
		"*-chilensis": { x: 0.3, y: 0.15 },
		"*-niger": { x: 0.3, y: 1.5 },
		"*-alburyorum": { x: 0.3, y: 1.5 },
		"*-cubensis": { x: 0.3, y: 1.5 },
		"*-monensis": { x: 0.3, y: 1.5 },
		"*-gersoni": { x: 0.3, y: 1.5 },
		"*-marcanoi": { x: 0.3, y: 1.5 },
	},	
	knockbackResistance: 0.5,
	weightByType: {
		"*-carbonarius": 6,
		"*-denticulatus": 6,
		"*-chilensis": 6,
		"*-niger": 6,
		"*-alburyorum": 6,
		"*-cubensis": 6,
		"*-monensis": 6,
		"*-gersoni": 6,
		"*-marcanoi": 6,
	},	
	eyeHeight: 0.5,
	drops: [],
	attributes: {
		creatureDiet: {
			foodCategories: ["Vegetable"],
			foodTags: ["nibbleCrop", "grass", "fruitmash"],
			skipFoodTags: ["amaranth", "flax", "peanut", "rice", "rye", "spelt", "sunflower"]
		},
		guiTransform: {
			translation: { x: 0, y: 0, z: 0 },
			rotation: { x: 180, y: -115, z: 6 },
			origin: { x: 0.5, y: 0.74, z: 0.5 }
		},
		tpHandTransform: {
			translation: { x: -0.7, y: -0.8, z: -0.6 },
			rotation: { x: 1, y: 172, z: 26 },
			scale: 0.44
		},
		fpHandTransform: {
			translation: { x: 0.05, y: -0.3, z: 0.5 },
			rotation: { x: -8, y: -84, z: -31 },
		},
		groundTransform: {
			translation: { x: 0, y: 0.1, z: 0 }
		}
	},
	client: {
		renderer: "Shape",
		shape: { base: "entity/land/chelonoidis" },
		textureByType: {
			"*-carbonarius": { base: "entity/newworldgianttortoises/chelonoidis-carbonarius" },
			"*-denticulatus": { base: "entity/newworldgianttortoises/chelonoidis-denticulatus" },
			"*-chilensis": { base: "entity/newworldgianttortoises/chelonoidis-chilensis" },
			"*-niger": { base: "entity/newworldgianttortoises/chelonoidis-niger" },
			"*-alburyorum": { base: "entity/newworldgianttortoises/chelonoidis-alburyorum" },
			"*-cubensis": { base: "entity/newworldgianttortoises/chelonoidis-cubensis" },
			"*-monensis": { base: "entity/newworldgianttortoises/chelonoidis-monensis" },
			"*-gersoni": { base: "entity/newworldgianttortoises/chelonoidis-gersoni" },
			"*-marcanoi": { base: "entity/newworldgianttortoises/chelonoidis-marcanoi" },
		},
		sizeByType: {
			"*-carbonarius": 0.218,
			"*-denticulatus": 0.218,
			"*-chilensis": 0.218,
			"*-niger": 0.218,
			"*-alburyorum": 0.218,
			"*-cubensis": 0.218,
			"*-monensis": 0.218,
			"*-gersoni": 0.218,
			"*-marcanoi": 0.218,
			
		},
		sizeGrowthFactor: 0.2,
		behaviors: [
			{ code: "repulseagents" }, 
			{ code: "controlledphysics", stepHeight: 0 },
			{ code: "floatupwhenstuck", onlyWhenDead: true },
			{ code: "interpolateposition" },
			{ code: "ropetieable"},
			
			{ code: "harvestable" },
			{ code: "despawn", minPlayerDistance: 8, belowLightLevel: 8, minSeconds: 300 },
		],
		animations: [
			{
				code: "hurt",
				animation: "hurt", 
				animationSpeed: 1,
				weight: 10,
				blendMode: "AddAverage" 
			},
			{
				code: "die",
				animation: "hide", 
				animationSpeed: 1.25,
				weight: 10,
				blendMode: "Average",
				triggeredBy: { onControls: ["dead"] }
			},
			{ 
				code: "idle", 
				animation: "idle",
				blendMode: "AddAverage",
				easeOutSpeed: 4,
				triggeredBy: { defaultAnim: true },
			},
			{
				code: "sleep", 
				animation: "sleep",
				easeInSpeed: 4,
				easeOutSpeed: 4,
				weight: 1.25,
				blendMode: "Average", 
			},
			{
				code: "sit", 
				animation: "eat",
				easeInSpeed: 4,
				easeOutSpeed: 3,
				supressDefaultAnimation: true,
				blendMode: "Average", 
			},
			{
				code: "eat",
				animation: "eat", 
				animationSpeed: 1,
				weight: 4,
				easeOutSpeed: 8,
				easeInSpeed: 5,
				blendMode: "AddAverage" 
			},
			{
				code: "walk",
				animation: "walk",
				supressDefaultAnimation: true,
				blendMode: "AddAverage"
			}
		]
	},
	server: {
		attributes: {
			pathfinder: {
				minTurnAnglePerSec: 350,
				maxTurnAnglePerSec: 650
			}
		},
		behaviors: [
			{ code: "repulseagents" }, 
			{ code: "controlledphysics", stepHeight: 0 },
			{ code: "despawn", minPlayerDistance: 8, belowLightLevel: 8, minSeconds: 300 },
			{ code: "floatupwhenstuck", onlyWhenDead: true },
			{ code: "health", 
				maxhealthByType: {
					"*-carbonarius": 6,
					"*-denticulatus": 6,
					"*-chilensis": 6,
					"*-niger": 6,
					"*-alburyorum": 6,
					"*-cubensis": 6,
					"*-monensis": 6,
					"*-gersoni": 6,
					"*-marcanoi": 6,
				}
			},
			{ code: "harvestable", drops: [
			
					{
						type: "item", 
						code: "game:bushmeat-raw", 
						quantityByType: {
						"*-carbonarius": { avg: 0, var: 0 },
						"*-denticulatus": { avg: 0, var: 0 },
						"*-chilensis": { avg: 0, var: 0 },
						"*-niger": { avg: 0, var: 0 },
						"*-alburyorum": { avg: 0, var: 0 },
						"*-cubensis": { avg: 0, var: 0 },
						"*-monensis": { avg: 0, var: 0 },
						"*-gersoni": { avg: 0, var: 0 },
						"*-marcanoi": { avg: 0, var: 0 },
						}
					},
					{
						type: "item", 
						code: "newworldgianttortoises:shellfloor-juvenile-{type}", 
						quantity: { avg: 1, var: 0 },
						
					},
					]
				},
			{ "code": "deaddecay", "hoursToDecay": 96, 
				"decayedBlockByType": {
				"*": "carcass-small"
				} },
						{ code: "breathe" },
			{"code": "grow",
				"hoursToGrowByType": {
					"*-carbonarius": 523,
					"*-denticulatus": 1097,
					"*-chilensis": 1117,
					"*-niger": 3133,
					"*-alburyorum": 1036,
					"*-cubensis": 2216,
					"*-monensis": 844,
					"*-gersoni": 440,
					"*-marcanoi": 655,
				},
				"adultEntityCodes": [ "newworldgianttortoises:chelonoidis-male-{type}", "newworldgianttortoises:chelonoidis-female-{type}" ]
			},
			{ 
				code: "emotionstates",
				states: [
					{ code: "fleeondamage", 
							duration: 30, 
							chance: 1,
							slot: 2, 
							priority: 5, 
							accumType: "max", 
							whenHealthRelBelow: 0.3 },
					{ 
						code: "saturated", 
						duration: 1200, chance: 1, slot: 0, priority: 1, accumType: "sum",
						belowTempDuration: 600,
						belowTempThreshold: -5
					},
					
				],
			},
			{ 
				code: "taskai",
				aitasks: [
					{
						code: "idle",
						priority: 1.1,
						priorityForCancel: 1.35,
						minduration: 2500,
						maxduration: 2500,
						mincooldown: 6000,
						maxcooldown: 20000,
						animation: "idle",
						animationSpeed: 1
					},
					{
						code: "fleeentity",
						entityCodes: [ "player", "wolf-male", "wolf-female", "bear-*", "hyena-male", "hyena-female" ],
						priority: 1.7,
						seekingRange: 2,
						animation: "walk",
						animationSpeed: 2,
						whenInEmotionState: "fleeondamage",
						animationSpeed: 1,
						movespeed: 0.00085
					},
					{
                        			code: "seekentity",
                       				entityCodes: [ "player" ],
                        			priority: 1.9,
                        			movespeed: 0.00001,
                        			seekingRange: 6,
                        			animation: "hide",
                        			animationSpeed: 1.0,
                        			whenInEmotionState: "fleeondamage"
                    			},
										{
						code: "getoutofwater",
						priority: 1.4,
						movespeed: 0.00115,
						animation: "walk",
						animationSpeed: 2,
						animationSpeed: 1
					},
					{
						code: "seekfoodandeat",
						priority: 1.35,
						eatSound: "player/eat",
						eatTime: 1.5,
						movespeed: 0.00065,
						animation: "walk",
						mincooldownHours: 3,
						maxcooldownHours: 12,
					},
					{
						code: "idle",
						priority: 1.3,
						priorityForCancel: 1.35,
						minduration: 200000,
						maxduration: 800000,
						mincooldown: 10000,
						maxcooldown: 30000,
						animation: "sleep",
						animationSpeed: 0.3,
						duringDayTimeFrames: [ { fromHour: 17, toHour: 24 }, { fromHour: 0, toHour: 6 }],
						stopOnNearbyEntityCodes: ["player"],
						stopRange: 2,
						stopOnHurt: true
					},					
					{
						code: "idle",
						priority: 1.1,
						priorityForCancel: 1.35,
						minduration: 2500,
						maxduration: 2500,
						mincooldown: 6000,
						maxcooldown: 20000,
						animation: "idle",
						animationSpeed: 1
					},
					{
						code: "wander", 
						priority: 1.0, 
						priorityForCancel: 1.35,
						animation: "walk",
						preferredLightLevel: 20,
						animationSpeed: 1,
						movespeed: 0.000625
					},
					{
						code: "idle",
						priority: 0.6,
						priorityForCancel: 1.35,
						minduration: 5000,
						maxduration: 30000,
						mincooldown: 2000,
						maxcooldown: 120000,
						animation: "eat",
						stopOnNearbyEntityCodes: ["player"],
						stopRange: 2					},
					{ 
						code: "lookaround", 
						turnSpeedMul: 0.2,
						priority: 0.5
					}
				]
			},
		],
		spawnconditions: {

				runtime: {
					group: "passive",
					chanceByType: {
						"chelonoidis-juvenile-*": 0,
							},
					tryOnlySurface: true,
					spawnCapPlayerScaling: 0.5,
					maxQuantityByGroup: { code: "chelonoidis-*", maxQuantity: 4 },						
					groupSize: { dist: "verynarrowgaussian", avg: 1, var: 0 },
					insideBlockCodes: ["game:air", "game:tallgrass-*", "game:flower-*"],
					
				}
		}
	},
	
	idleSoundChance: 0,
}

