{
	code: "chelonoidis-female",
	class: "EntityAgent",
	variantgroups: [
		{ code: "type", states: ["carbonarius", "denticulatus", "chilensis", "niger", "alburyorum", "cubensis", "monensis", "gersoni", "marcanoi"]}
	],
	collisionBoxSizeByType: {
		"*-carbonarius": { x: 0.512, y: 0.256 },
		"*-denticulatus": { x: 0.88, y: 0.44 },
		"*-chilensis": { x: 0.448, y: 0.224 },
		"*-niger": { x: 1.632, y: 0.816 },
		"*-alburyorum": { x: 0.592, y: 0.296 },
		"*-cubensis": { x: 1.128, y: 0.564 },
		"*-monensis": { x: 0.632, y: 0.316 },
		"*-gersoni": { x: 0.472, y: 0.236 },
		"*-marcanoi": { x: 0.616, y: 0.308 },
	},
	deadCollisionBoxSizeByType: {
		"*-carbonarius": { x: 0.512, y: 0.256 },
		"*-denticulatus": { x: 0.88, y: 0.44 },
		"*-chilensis": { x: 0.448, y: 0.224 },
		"*-niger": { x: 1.632, y: 0.816 },
		"*-alburyorum": { x: 0.592, y: 0.296 },
		"*-cubensis": { x: 1.128, y: 0.564 },
		"*-monensis": { x: 0.632, y: 0.316 },
		"*-gersoni": { x: 0.472, y: 0.236 },
		"*-marcanoi": { x: 0.616, y: 0.308 },
	},	
	selectionBoxSizeByType: {
		"*-carbonarius": { x: 0.512, y: 0.256 },
		"*-denticulatus": { x: 0.88, y: 0.44 },
		"*-chilensis": { x: 0.448, y: 0.224 },
		"*-niger": { x: 1.632, y: 0.816 },
		"*-alburyorum": { x: 0.592, y: 0.296 },
		"*-cubensis": { x: 1.128, y: 0.564 },
		"*-monensis": { x: 0.632, y: 0.316 },
		"*-gersoni": { x: 0.472, y: 0.236 },
		"*-marcanoi": { x: 0.616, y: 0.308 },
	},
	deadSelectionBoxSizeByType: {
		"*-carbonarius": { x: 0.512, y: 0.256 },
		"*-denticulatus": { x: 0.88, y: 0.44 },
		"*-chilensis": { x: 0.448, y: 0.224 },
		"*-niger": { x: 1.632, y: 0.816 },
		"*-alburyorum": { x: 0.592, y: 0.296 },
		"*-cubensis": { x: 1.128, y: 0.564 },
		"*-monensis": { x: 0.632, y: 0.316 },
		"*-gersoni": { x: 0.472, y: 0.236 },
		"*-marcanoi": { x: 0.616, y: 0.308 },
	},	
	knockbackResistance: 0.5,
	weightByType: {
		"*-carbonarius": 12,
		"*-denticulatus": 27,
		"*-chilensis": 10,
		"*-niger": 133,
		"*-alburyorum": 14,
		"*-cubensis": 53,
		"*-monensis": 16,
		"*-gersoni": 11,
		"*-marcanoi": 15,
	},	
	eyeHeight: 0.5,
	drops: [],
	attributes: {
		creatureDiet: {
			foodCategories: ["Vegetable"],
			foodTags: ["nibbleCrop", "grass", "fruitmash"],
			skipFoodTags: ["amaranth", "flax", "peanut", "rice", "rye", "spelt", "sunflower"]
		},
		guiTransform: {
			translation: { x: 0, y: 0, z: 0 },
			rotation: { x: 180, y: -115, z: 6 },
			origin: { x: 0.5, y: 0.74, z: 0.5 }
		},
		tpHandTransform: {
			translation: { x: -0.7, y: -0.8, z: -0.6 },
			rotation: { x: 1, y: 172, z: 26 },
			scale: 0.44
		},
		fpHandTransform: {
			translation: { x: 0.05, y: -0.3, z: 0.5 },
			rotation: { x: -8, y: -84, z: -31 },
		},
		groundTransform: {
			translation: { x: 0, y: 0.1, z: 0 }
		}
	},
	client: {
		renderer: "Shape",
		shape: { base: "entity/land/chelonoidis" },
		textureByType: {
			"*-carbonarius": { base: "entity/newworldgianttortoises/chelonoidis-carbonarius" },
			"*-denticulatus": { base: "entity/newworldgianttortoises/chelonoidis-denticulatus" },
			"*-chilensis": { base: "entity/newworldgianttortoises/chelonoidis-chilensis" },
			"*-niger": { base: "entity/newworldgianttortoises/chelonoidis-niger" },
			"*-alburyorum": { base: "entity/newworldgianttortoises/chelonoidis-alburyorum" },
			"*-cubensis": { base: "entity/newworldgianttortoises/chelonoidis-cubensis" },
			"*-monensis": { base: "entity/newworldgianttortoises/chelonoidis-monensis" },
			"*-gersoni": { base: "entity/newworldgianttortoises/chelonoidis-gersoni" },
			"*-marcanoi": { base: "entity/newworldgianttortoises/chelonoidis-marcanoi" },
		},
		sizeByType: {
			"*-carbonarius": 0.372,
			"*-denticulatus": 0.64,
			"*-chilensis": 0.326,
			"*-niger": 1.187,
			"*-alburyorum": 0.431,
			"*-cubensis": 0.82,
			"*-monensis": 0.46,
			"*-gersoni": 0.343,
			"*-marcanoi": 0.448,
			
		},
		behaviors: [
			{ code: "repulseagents" }, 
			{ code: "multiply" },
			{ code: "controlledphysics", stepHeight: 0.25 },
			{ code: "floatupwhenstuck", onlyWhenDead: true },
			{ code: "interpolateposition" },
			{ code: "harvestable" },
			{ code: "ropetieable"},
			
			{ code: "despawn", minPlayerDistance: 8, belowLightLevel: 8, minSeconds: 300 },
		],
		animations: [
			{
				code: "hurt",
				animation: "hurt", 
				animationSpeed: 1,
				weight: 10,
				blendMode: "AddAverage" 
			},
			{
				code: "die",
				animation: "hide", 
				animationSpeed: 1.25,
				weight: 10,
				blendMode: "Average",
				triggeredBy: { onControls: ["dead"] }
			},
			{ 
				code: "idle", 
				animation: "idle",
				blendMode: "AddAverage",
				easeOutSpeed: 4,
				triggeredBy: { defaultAnim: true },
			},
			{
				code: "sleep", 
				animation: "sleep",
				easeInSpeed: 4,
				easeOutSpeed: 4,
				weight: 1.25,
				blendMode: "Average", 
			},
			{
				code: "sit", 
				animation: "eat",
				easeInSpeed: 4,
				easeOutSpeed: 3,
				supressDefaultAnimation: true,
				blendMode: "Average", 
			},
			{
				code: "eat",
				animation: "eat", 
				animationSpeed: 1,
				weight: 4,
				easeOutSpeed: 8,
				easeInSpeed: 5,
				blendMode: "AddAverage" 
			},
			{
				code: "walk",
				animation: "walk",
				supressDefaultAnimation: true,
				blendMode: "AddAverage"
			}
		]
	},
	server: {
		attributes: {
			pathfinder: {
				minTurnAnglePerSec: 350,
				maxTurnAnglePerSec: 650
			}
		},
		behaviors: [
			{ code: "repulseagents" }, 
			{ code: "controlledphysics", stepHeight: 0 },
			{ code: "despawn", minPlayerDistance: 8, belowLightLevel: 8, minSeconds: 300 },
			{ "code": "deaddecay", "hoursToDecay": 96, 
				"decayedBlockByType": {
				"*": "carcass-medium"
				} },
			{ code: "health", 
				maxhealthByType: {
					"*-carbonarius": 8,
					"*-denticulatus": 14,
					"*-chilensis": 8,
					"*-niger": 58,
					"*-alburyorum": 10,
					"*-cubensis": 26,
					"*-monensis": 10,
					"*-gersoni": 8,
					"*-marcanoi": 10,
				}
			},
			{ code: "floatupwhenstuck", onlyWhenDead: true },
						{ code: "breathe" },
			{ code: "harvestable", drops: [
			
					{
						type: "item", 
						code: "game:bushmeat-raw", 
						quantityByType: {
						"*-carbonarius": { avg: 1, var: 0 },
						"*-denticulatus": { avg: 3, var: 0 },
						"*-chilensis": { avg: 1, var: 0 },
						"*-niger": { avg: 12, var: 2 },
						"*-alburyorum": { avg: 2, var: 0 },
						"*-cubensis": { avg: 6, var: 1 },
						"*-monensis": { avg: 2, var: 0 },
						"*-gersoni": { avg: 1, var: 0 },
						"*-marcanoi": { avg: 2, var: 0 },
						}
					},
					{
						type: "item", 
						code: "newworldgianttortoises:shellfloor-female-{type}", 
						quantity: { avg: 1, var: 0 },
						
					},
					]
				},
			{"code": "multiply",
				"spawnEntityCode": "newworldgianttortoises:chelonoidis-egg-{type}",
				"requiresNearbyEntityCode": "newworldgianttortoises:chelonoidis-male-{type}",
				"requiresNearbyEntityRange": 10,
				"spawnQuantityMinByType": {
					"*-carbonarius": 3,
					"*-denticulatus": 4,
					"*-chilensis": 1,
					"*-niger": 2,
					"*-alburyorum": 5,
					"*-cubensis": 4,
					"*-monensis": 2,
					"*-gersoni": 1,
					"*-marcanoi": 1,
				},
				"spawnQuantityMaxByType": {
					"*-carbonarius": 10,
					"*-denticulatus": 8,
					"*-chilensis": 7,
					"*-niger": 16,
					"*-alburyorum": 15,
					"*-cubensis": 12,
					"*-monensis": 8,
					"*-gersoni": 18,
					"*-marcanoi": 18,
				},
				"pregnancyDaysByType": {
					"*-carbonarius": 7,
					"*-denticulatus": 7,
					"*-chilensis": 9,
					"*-niger": 8,
					"*-alburyorum": 7,
					"*-cubensis": 8,
					"*-monensis": 7,
					"*-gersoni": 7,
					"*-marcanoi": 7,
				},
				"multiplyCooldownDaysMinByType": {
					"*-carbonarius": 14,
					"*-denticulatus": 15,
					"*-chilensis": 20,
					"*-niger": 16,
					"*-alburyorum": 14,
					"*-cubensis": 15,
					"*-monensis": 17,
					"*-gersoni": 13,
					"*-marcanoi": 13,
				},
				"multiplyCooldownDaysMaxByType": {
					"*-carbonarius": 22,
					"*-denticulatus": 20,
					"*-chilensis": 25,
					"*-niger": 26,
					"*-alburyorum": 19,
					"*-cubensis": 23,
					"*-monensis": 18,
					"*-gersoni": 28,
					"*-marcanoi": 28,
				},
				"portionsEatenForMultiplyByType": {
					"*-carbonarius": 1,
					"*-denticulatus": 3,
					"*-chilensis": 1,
					"*-niger": 5,
					"*-alburyorum": 2,
					"*-cubensis": 4,
					"*-monensis": 2,
					"*-gersoni": 1,
					"*-marcanoi": 2,
				}
			},
			{ 
				code: "emotionstates",
				states: [
					{ code: "fleeondamage", 
							duration: 30, 
							chance: 1,
							slot: 2, 
							priority: 5, 
							accumType: "max", 
							whenHealthRelBelow: 0.3 },
					{ 
						code: "saturated", 
						duration: 1200, chance: 1, slot: 0, priority: 1, accumType: "sum",
						belowTempDuration: 600,
						belowTempThreshold: -5
					},
					
				],
			},
			{ 
				code: "taskai",
				aitasks: [
					{
						code: "idle",
						priority: 1.1,
						priorityForCancel: 1.35,
						minduration: 2500,
						maxduration: 2500,
						mincooldown: 6000,
						maxcooldown: 20000,
						animation: "idle",
						animationSpeed: 1
					},
					{
						code: "fleeentity",
						entityCodes: [ "player", "wolf-male", "wolf-female", "bear-*", "hyena-male", "hyena-female" ],
						priority: 1.7,
						seekingRange: 2,
						animation: "walk",
						animationSpeed: 2,
						whenInEmotionState: "fleeondamage",
						animationSpeed: 1,
						movespeed: 0.00085
					},
					{
                        			code: "seekentity",
                       				entityCodes: [ "player" ],
                        			priority: 1.9,
                        			movespeed: 0.00001,
                        			seekingRange: 6,
                        			animation: "hide",
                        			animationSpeed: 1.0,
                        			whenInEmotionState: "fleeondamage"
                    			},
										{
						code: "getoutofwater",
						priority: 1.4,
						movespeed: 0.00115,
						animation: "walk",
						animationSpeed: 2,
						animationSpeed: 1
					},
					{
						code: "seekfoodandeat",
						priority: 1.35,
						eatSound: "player/eat",
						eatTime: 1.5,
						movespeed: 0.00065,
						animation: "walk",
						mincooldownHours: 3,
						maxcooldownHours: 12,
					},
					{
						code: "idle",
						priority: 1.3,
						priorityForCancel: 1.35,
						minduration: 200000,
						maxduration: 800000,
						mincooldown: 10000,
						maxcooldown: 30000,
						animation: "sleep",
						animationSpeed: 0.3,
						duringDayTimeFrames: [ { fromHour: 17, toHour: 24 }, { fromHour: 0, toHour: 6 }],
						stopOnNearbyEntityCodes: ["player"],
						stopRange: 2,
						stopOnHurt: true
					},					
					{
						code: "idle",
						priority: 1.1,
						priorityForCancel: 1.35,
						minduration: 2500,
						maxduration: 2500,
						mincooldown: 6000,
						maxcooldown: 20000,
						animation: "idle",
						animationSpeed: 1
					},
					{
						code: "wander", 
						priority: 1.0, 
						priorityForCancel: 1.35,
						animation: "walk",
						preferredLightLevel: 20,
						animationSpeed: 1,
						movespeed: 0.000625
					},
					{
						code: "idle",
						priority: 0.6,
						priorityForCancel: 1.35,
						minduration: 5000,
						maxduration: 30000,
						mincooldown: 2000,
						maxcooldown: 120000,
						animation: "eat",
						stopOnNearbyEntityCodes: ["player"],
						stopRange: 2					},
					{ 
						code: "lookaround", 
						turnSpeedMul: 0.2,
						priority: 0.5
					}
				]
			},
		],
		spawnconditions: {

				runtime: {
					group: "passive",
					chanceByType: {
						"*-carbonarius": 0.003,
						"*-denticulatus": 0.003,
						"*-chilensis": 0.003,
						"*-niger": 0.003,
						"*-alburyorum": 0.003,
						"*-cubensis": 0.003,
						"*-monensis": 0.003,
						"*-gersoni": 0.003,
						"*-marcanoi": 0.003,
							},
					tryOnlySurface: true,
					spawnCapPlayerScaling: 0.5,
					maxQuantityByGroup: { code: "chelonoidis-*", maxQuantity: 4 },						
					groupSize: { dist: "verynarrowgaussian", avg: 1, var: 0 },
					insideBlockCodes: ["game:air", "game:tallgrass-*", "game:flower-*"],
					minTempByType: {
						"*-carbonarius": 24,
						"*-denticulatus": 27,
						"*-chilensis": 11,
						"*-niger": 23,
						"*-alburyorum": 23,
						"*-cubensis": 24,
						"*-monensis": 23,
						"*-gersoni": 22,
						"*-marcanoi": 22,
					},
					maxTempByType: {
						"*-carbonarius": 40,
						"*-denticulatus": 36,
						"*-chilensis": 25,
						"*-niger": 30,
						"*-alburyorum": 34,
						"*-cubensis": 33,
						"*-monensis": 32,
						"*-gersoni": 31,
						"*-marcanoi": 31,
					},
					minRainByType: {
						"*-carbonarius": 0.33,
						"*-denticulatus": 0.33,
						"*-chilensis": 0.1,
						"*-niger": 0.25,
						"*-alburyorum": 0.6,
						"*-cubensis": 0.7,
						"*-monensis": 0.2,
						"*-gersoni": 0.75,
						"*-marcanoi": 0.75,
					},
					maxRainByType: {
						"*-carbonarius": 0.9,
						"*-denticulatus": 0.9,
						"*-chilensis": 0.45,
						"*-niger": 0.65,
						"*-alburyorum": 1,
						"*-cubensis": 1,
						"*-monensis": 0.7,
						"*-gersoni": 1,
						"*-marcanoi": 1,
					},
					minYByType: {
						"*-carbonarius": 1.04,
						"*-denticulatus": 1.03,
						"*-chilensis": 1.06,
						"*-niger": 1,
						"*-alburyorum": 1,
						"*-cubensis": 1.03,
						"*-monensis": 1,
						"*-gersoni": 1.02,
						"*-marcanoi": 1.02,
					},
					maxYByType: {
						"*-carbonarius": 1.6,
						"*-denticulatus": 1.32,
						"*-chilensis": 1.52,
						"*-niger": 1.2,
						"*-alburyorum": 1.02,
						"*-cubensis": 1.12,
						"*-monensis": 1.03,
						"*-gersoni": 1.14,
						"*-marcanoi": 1.14,
					},
					minShrubsByType: {
						"*-carbonarius": 0.33,
						"*-denticulatus": 0.25,
						"*-chilensis": 0.5,
						"*-niger": 0.66,
						"*-alburyorum": 0.15,
						"*-cubensis": 0.45,
						"*-monensis": 0.5,
						"*-gersoni": 0.5,
						"*-marcanoi": 0.5,
					},
					maxShrubsByType: {
						"*-carbonarius": 0.83,
						"*-denticulatus": 0.75,
						"*-chilensis": 1,
						"*-niger": 1,
						"*-alburyorum": 0.65,
						"*-cubensis": 0.95,
						"*-monensis": 1,
						"*-gersoni": 1,
						"*-marcanoi": 1,
					},
					minForestByType: {
						"*-carbonarius": 0,
						"*-denticulatus": 0.5,
						"*-chilensis": 0,
						"*-niger": 0.33,
						"*-alburyorum": 0.25,
						"*-cubensis": 0.4,
						"*-monensis": 0,
						"*-gersoni": 0.5,
						"*-marcanoi": 0,
					},
					maxForestByType: {
						"*-carbonarius": 0.5,
						"*-denticulatus": 1,
						"*-chilensis": 0.5,
						"*-niger": 0.66,
						"*-alburyorum": 0.75,
						"*-cubensis": 0.9,
						"*-monensis": 0.5,
						"*-gersoni": 1,
						"*-marcanoi": 0.5,
					},
					companions: ["newworldgianttortoises:chelonoidis-male-{type}"],
					
				}
		}
	},
	
	idleSoundChance: 0,
}

