{
  "code": "croissantraw",
  "enabled": true,
  "class": "ExpandedFood",
  "maxstacksize": 32,
  "variantgroups": [
    {
      "code": "type",
      "states": [ "spelt", "rye", "flax", "rice", "cassava", "amaranth", "sunflower" ]
    }
  ],
  "attributes": {
    "bakingProperties": {
      "temp": 160,
      "levelFrom": 0.0,
      "levelTo": 0.3,
      "startScaleY": 0.95,
      "endScaleY": 1,
      "resultCode": "pretzels:croissant-{type}-partbaked"
    },
    "satMultByType": {
      "*": 1
    },
    "displaycaseable": true,
    "handbook": {
      "inculde": true
    },
    "shelvable": true
  },
  "shape": { "base": "item/croissant/{type}-croissantraw" },
  "texturesbytype": {
    "*-{type}": { "croissant": { "base": "game:item/food/grain/{type}bread" } }
  },
  "creativeinventory": {
    "general": [ "*" ],
    "items": [ "*" ],
    "pretzels": [ "*" ]
  },
  "materialDensity": 200,
  "combustibleProps": {
    "meltingPoint": 200,
    "meltingDuration": 20,
    "smeltedRatio": 1,
    "smeltingType": "bake",
    "smeltedStack": {
      "type": "item",
      "code": "croissant-{type}-charred"
    },
    "requiresContainer": false
  },
  "guiTransform": {
    "translation": {
      "x": 2,
      "y": 0,
      "z": 0
    },
    "rotation": {
      "x": -34,
      "y": 30,
      "z": 180
    },
    "origin": {
      "x": 0.5,
      "y": 0.07,
      "z": 0.5
    },
    "scale": 4.5
  },
  "groundTransform": {
    "translation": {
      "x": 0,
      "y": 0,
      "z": 0
    },
    "rotation": {
      "x": 0,
      "y": 0,
      "z": 1
    },
    "origin": {
      "x": 0.5,
      "y": 0,
      "z": 0.5
    },
    "scale": 4.5
  },
  "fpHandTransform": {
    "translation": {
      "": 0,
      "y": 0.32,
      "z": 0.3
    },
    "rotation": {
      "x": 0,
      "y": 0,
      "z": 0
    },
    "origin": {
      "x": 0.5,
      "y": 0.1,
      "z": 0.5
    },
    "scale": 2.5
  },
  "tpHandTransform": {
    "translation": {
      "x": 0.1,
      "y": 0.5,
      "z": 0.1
    },
    "rotation": {
      "x": -30,
      "y": 35,
      "z": -102
    },
    "origin": {
      "x": 0.02,
      "y": 0.1,
      "z": 0.04
    },
    "scale": 1
  },
  "transitionableProps": [
    {
      "type": "Perish",
      "freshHours": { "avg": 48 },
      "transitionHours": { "avg": 24 },
      "transitionedStack": {
        "type": "item",
        "code": "game:rot"
      },
      "transitionRatio": 1
    }
  ]
}
