{
	"code": "croissant",
	"enabled": true,
	"maxstacksize": 32,
	"class": "ExpandedFood",
	"variantgroups": [
		{
			"code": "type",
			"states": [ "spelt", "rye", "flax", "rice", "cassava", "amaranth", "sunflower" ]
		},
		{
			"code": "state",
			"states": [ "partbaked", "baked", "charred" ]
		}
	],
	"creativeinventory": {
		"general": [ "*" ],
		"items": [ "*" ],
		"pretzels": [ "*" ]
	},
	"attributes": {
		"handbook": {
			"inculde": true
		},
		"displaycaseable": true,
		"shelvable": true,
		"satMultByType": {
			"*-partbaked": 0.5,
			"*-baked": 1,
			"*-charred": 0.75
		},
		"bakingPropertiesByType": {
			"*-partbaked": {
				"temp": 160,
				"levelFrom": 0.0,
				"levelTo": 0.3,
				"startscaleY": 0.95,
				"endscaleY": 1.1,
				"resultCode": "pretzels:croissant-{type}-baked",
				"initialCode": "pretzels:croissantraw-{type}"
			},
			"*-charred": {
				"temp": 160,
				"levelFrom": 0.4,
				"levelTo": 0.4,
				"startscaleY": 1.2,
				"endscaleY": 1.2,
				"initialCode": "pretzels:croissant-{type}-baked"
			},
			"*-baked": {
				"temp": 160,
				"levelFrom": 0.3,
				"levelTo": 0.4,
				"startscaleY": 1.1,
				"endscaleY": 1.2,
				"resultCode": "pretzels:croissant-{type}-charred",
				"initialCode": "pretzels:croissant-{type}-partbaked"
			}
		}
	},
	"shape": { "base": "item/croissant/{type}-croissant" },
	"texturesbytype": {
		"*-partbaked": { "pretzel": { "base": "game:item/food/grain/{type}bread2" } },
		"*-baked": { "pretzel": { "base": "game:item/food/grain/{type}bread" } },
		"*-charred": { "pretzel": { "base": "game:item/food/grain/{type}bread1" } }
	},
	"nutritionPropsByType": {
		"-flax-partbaked": {
			"saturation": 35,
			"foodcategory": "Grain"
		},
		"-flax-baked": {
			"saturation": 80,
			"foodcategory": "Grain"
		},
		"-flax-charred": {
			"saturation": 50,
			"foodcategory": "Grain"
		},

		"rice-partbaked": {
			"saturation": 80,
			"foodcategory": "Grain"
		},
		"rice-baked": {
			"saturation": 165,
			"foodcategory": "Grain"
		},
		"rice-charred": {
			"saturation": 110,
			"foodcategory": "Grain"
		},

		"*-partbaked": {
			"saturation": 75,
			"foodcategory": "Grain"
		},
		"*-baked": {
			"saturation": 150,
			"foodcategory": "Grain"
		},
		"*-charred": {
			"saturation": 105,
			"foodcategory": "Grain"
		}
	},
	"combustiblePropsByType": {
		"*-partbaked": {
			"meltingPoint": 200,
			"meltingDuration": 15,
			"smeltedRatio": 1,
			"smeltingType": "bake",
			"smeltedStack": {
				"type": "item",
				"code": "croissant-{type}-charred"
			},
			"requiresContainer": false
		},
		"*-baked": {
			"meltingPoint": 200,
			"meltingDuration": 15,
			"smeltedRatio": 1,
			"smeltingType": "bake",
			"smeltedStack": {
				"type": "item",
				"code": "croissant-{type}-charred"
			},
			"requiresContainer": false
		}
	},
	"transitionablePropsByType": {
		"*-partbaked": [
			{
				"type": "Perish",
				"freshHours": { "avg": 350 },
				"transitionHours": { "avg": 30 },
				"transitionStack": {
					"type": "item",
					"code": "game:rot"
				},
				"transitionRatio": 1
			}
		],
		"*-baked": [
			{
				"type": "Perish",
				"freshHours": { "avg": 600 },
				"transitionHours": { "avg": 40 },
				"transitionStack": {
					"type": "item",
					"code": "game:rot"
				},
				"transitionRatio": 1
			}
		],
		"*-charred": [
			{
				"type": "Perish",
				"freshHours": { "avg": 950 },
				"transitionHours": { "avg": 70 },
				"transitionStack": {
					"type": "item",
					"code": "game:rot"
				},
				"transitionRatio": 1
			}
		]
	},
	"heldTpIdleAnimationByType": {
		"*": "holdbothhands"
	},
	"materialDensity": 200,
	"guiTransform": {
		"translation": {
			"x": 2,
			"y": 0,
			"z": 0
		},
		"rotation": {
			"x": -34,
			"y": 30,
			"z": 180
		},
		"origin": {
			"x": 0.5,
			"y": 0.07,
			"z": 0.5
		},
		"scale": 4.5
	},
	"groundTransform": {
		"translation": {
			"x": 0,
			"y": 0,
			"z": 0
		},
		"rotation": {
			"x": 0,
			"y": 0,
			"z": 1
		},
		"origin": {
			"x": 0.5,
			"y": 0,
			"z": 0.5
		},
		"scale": 4.5
	},
	"fpHandTransform": {
		"translation": {
			"": 0,
			"y": 0.32,
			"z": 0.3
		},
		"rotation": {
			"x": 0,
			"y": 0,
			"z": 0
		},
		"origin": {
			"x": 0.5,
			"y": 0.1,
			"z": 0.5
		},
		"scale": 2.5
	},
	"tpHandTransform": {
		"translation": {
			"x": 0.1,
			"y": 0.5,
			"z": 0.1
		},
		"rotation": {
			"x": -41,
			"y": 35,
			"z": -102
		},
		"origin": {
			"x": 0.02,
			"y": 0.1,
			"z": 0.04
		},
		"scale": 1
	}
}