{
	"code": "lyecroissant",
	"enabled": true,
	"class": "ExpandedFood",
	"maxstacksize": 32,
	"variantgroups": [
		{
			"code": "type",
			"states": [ "spelt", "rye", "flax", "rice", "cassava", "amaranth", "sunflower" ]
		},
		{
			"code": "state",
			"states": [ "partbaked", "baked", "charred" ]
		}
	],
	"creativeinventory": {
		"general": [ "*" ],
		"items": [ "*" ],
		"pretzels": [ "*" ]
	},
	"attributes": {
		"handbook": {
			"inculde": true
		},
		"displaycaseable": true,
		"shelvable": true,
		"satMultByType": {
			"*-partbaked": 0.75,
			"*-baked": 1.25,
			"*-charred": 1
		},
		"bakingPropertiesByType": {
			"*-partbaked": {
				"temp": 160,
				"levelFrom": 0.0,
				"levelTo": 0.3,
				"startscaleY": 0.95,
				"endscaleY": 1.1,
				"resultCode": "pretzels:lyecroissant-{type}-baked",
				"initialCode": "pretzels:lyecroissantraw-{type}"
			},
			"*-baked": {
				"temp": 160,
				"levelFrom": 0.3,
				"levelTo": 0.4,
				"startscaleY": 1.1,
				"endscaleY": 1.2,
				"resultCode": "pretzels:lyecroissant-{type}-charred",
				"initialCode": "pretzels:lyecroissant-{type}-partbaked"
			},
			"*-charred": {
				"temp": 160,
				"levelFrom": 0.4,
				"levelTo": 0.4,
				"startscaleY": 1.2,
				"endscaleY": 1.2,
				"initialCode": "pretzels:lyecroissant-{type}-baked"
			}
		}
	},
	"shape": { "base": "item/croissant/{type}-croissant" },
	"texturesbytype": {
		"*-partbaked": { "croissant": { "base": "item/pretzelpb" } },
		"*-baked": { "croissant": { "base": "item/pretzelb" } },
		"*-charred": { "croissant": { "base": "item/pretzelc" } }
	},
	"combustiblePropsByType": {
		"*-partbaked": {
			"meltingPoint": 200,
			"meltingDuration": 15,
			"smeltedRatio": 1,
			"smeltingType": "bake",
			"smeltedStack": {
				"type": "item",
				"code": "lyecroissant-{type}-charred"
			},
			"requiresContainer": false
		},
		"*-baked": {
			"meltingPoint": 200,
			"meltingDuration": 15,
			"smeltedRatio": 1,
			"smeltingType": "bake",
			"smeltedStack": {
				"type": "item",
				"code": "lyecroissant-{type}-charred"
			},
			"requiresContainer": false
		}
	},
	"nutritionPropsbyType": {
		"*-flax-partbaked": {
			"saturation": 55,
			"foodcategory": "Grain"
		},
		"*-flax-baked": {
			"saturation": 120,
			"foodcategory": "Grain"
		},
		"*-flax-charred": {
			"saturation": 75,
			"foodcategory": "Grain"
		},

		"*-rice-partbaked": {
			"saturation": 120,
			"foodcategory": "Grain"
		},
		"*-rice-baked": {
			"saturation": 250,
			"foodcategory": "Grain"
		},
		"*-rice-charred": {
			"saturation": 165,
			"foodcategory": "Grain"
		},
		"*-partbaked": {
			"saturation": 115,
			"foodcategory": "Grain"
		},
		"*-baked": {
			"saturation": 225,
			"foodcategory": "Grain"
		},
		"*-charred": {
			"saturation": 160,
			"foodcategory": "Grain"
		}
	},
	"transitionablePropsByType": {
		"*-partbaked": [
			{
				"type": "Perish",
				"freshHours": { "avg": 350 },
				"transitionHours": { "avg": 30 },
				"transitionStack": {
					"type": "item",
					"code": "game:rot"
				},
				"transitionRatio": 1
			}
		],
		"*-baked": [
			{
				"type": "Perish",
				"freshHours": { "avg": 600 },
				"transitionHours": { "avg": 40 },
				"transitionStack": {
					"type": "item",
					"code": "game:rot"
				},
				"transitionRatio": 1
			}
		],
		"*-charred": [
			{
				"type": "Perish",
				"freshHours": { "avg": 950 },
				"transitionHours": { "avg": 70 },
				"transitionStack": {
					"type": "item",
					"code": "game:rot"
				},
				"transitionRatio": 1
			}
		]
	},
	"heldTpIdleAnimationByType": {
		"*": "holdbothhands"
	},
	"materialDensity": 200,
	"guiTransform": {
		"translation": {
			"x": 2,
			"y": 0,
			"z": 0
		},
		"rotation": {
			"x": -34,
			"y": 30,
			"z": 180
		},
		"origin": {
			"x": 0.5,
			"y": 0.07,
			"z": 0.5
		},
		"scale": 4.5
	},
	"groundTransform": {
		"translation": {
			"x": 0,
			"y": 0,
			"z": 0
		},
		"rotation": {
			"x": 0,
			"y": 0,
			"z": 1
		},
		"origin": {
			"x": 0.5,
			"y": 0,
			"z": 0.5
		},
		"scale": 4.5
	},
	"fpHandTransform": {
		"translation": {
			"": 0,
			"y": 0.32,
			"z": 0.3
		},
		"rotation": {
			"x": 0,
			"y": 0,
			"z": 0
		},
		"origin": {
			"x": 0.5,
			"y": 0.1,
			"z": 0.5
		},
		"scale": 2.5
	},
	"tpHandTransform": {
		"translation": {
			"x": 0.1,
			"y": 0.5,
			"z": 0.1
		},
		"rotation": {
			"x": -41,
			"y": 35,
			"z": -102
		},
		"origin": {
			"x": 0.02,
			"y": 0.1,
			"z": 0.04
		},
		"scale": 1
	}
}