{
	"code": "lyecroissantdough",
	"enabled": true,
	"class": "ExpandedFood",
	"maxstacksize": 32,
	"variantgroups": [
		{
			"code": "type",
			"states": [ "spelt", "rye", "flax", "rice", "cassava", "amaranth", "sunflower" ]
		}
	],
	"attributes": {
		"handbook": {
			"inculde": true
		},
		"displaycaseable": true,
		"shelvable": true,
		"satMultbyType": {
			"*": 1.2
		}
	},
	"shape": { "base": "game:item/food/bread/{type}bread-dough" },
	"textures": {
		"*-flax": { "base": "game:item/food/grain/flaxbread" },
		"*-rice": { "base": "game:item/food/grain/ricebread" },
		"*-spelt": { "base": "game:item/food/grain/speltbread" },
		"*-rye": { "base": "game:item/food/grain/ryebread" },
		"*-cassava": { "base": "game:item/food/grain/cassavabread" },
		"*-amaranth": { "base": "game:item/food/grain/amaranthbread" },
		"*-sunflower": { "base": "game:item/food/grain/sunflowerbread" }
	},
	"creativeinventory": {
		"general": [ "*" ],
		"items": [ "*" ],
		"pretzels": [ "*" ]
	},
	"materialDensity": 200,
	"guiTransform": {
		"translation": {
			"x": 0,
			"y": 0,
			"z": 0
		},
		"rotation": {
			"x": -30,
			"y": 26,
			"z": 180
		},
		"origin": {
			"x": 0.52,
			"y": 0.07,
			"z": 0.5
		},
		"scale": 4.9
	},
	"groundTransform": {
		"translation": {
			"x": 0,
			"y": 0,
			"z": 0
		},
		"rotation": {
			"x": 0,
			"y": 0,
			"z": 1
		},
		"origin": {
			"x": 0.5,
			"y": 0,
			"z": 0.5
		},
		"scale": 4
	},
	"fpHandTransform": {
		"translation": {
			"x": 0,
			"y": 0.22,
			"z": 0.2
		},
		"rotation": {
			"x": 97,
			"y": 1,
			"z": -17
		},
		"origin": {
			"x": 0.5,
			"y": 0.1,
			"z": 0.5
		},
		"scale": 2.5
	},
	"tpHandTransform": {
		"translation": {
			"x": 0,
			"y": 0,
			"z": 0
		},
		"rotation": {
			"x": 25,
			"y": 106,
			"z": 54
		},
		"origin": {
			"x": 0.32,
			"y": -0.25,
			"z": -0.06
		},
		"scale": 0.8
	},
	"transitionableProps": [
		{
			"type": "Perish",
			"freshHours": { "avg": 48 },
			"transitionHours": { "avg": 24 },
			"transitionedStack": {
				"type": "item",
				"code": "game:rot"
			},
			"transitionRatio": 1
		}
	]
}