{
	"code": "pretzel",
	"enabled": true,
	"class": "ExpandedFood",
	"maxstacksize": 32,
	"variantgroups": [
		{
			"code": "type",
			"states": [ "spelt", "rye", "flax", "rice", "cassava", "amaranth", "sunflower" ]
		},
		{
			"code": "state",
			"states": [ "plainpartbaked", "plainbaked", "plaincharred", "saltpartbaked", "saltbaked", "saltcharred", "sunflowerpartbaked", "sunflowerbaked", "sunflowercharred" ]
		}
	],
	"creativeinventory": {
		"general": [ "*" ],
		"items": [ "*" ],
		"pretzels": [ "*" ]
	},
	"attributes": {
		"displaycaseable": true,
		"shelvable": true,
		"onDisplayTransform": {
			"translation": {
				"x": 0,
				"y": -0.145,
				"z": 0
			},
			"rotation": {
				"x": 0,
				"y": 90,
				"z": 0
			},
			"scale": 0.7
		},
		"handbook": {
			"inculde": true
		},
    "bakingPropertiesByType": {
      "*-plainbaked": {
        "temp": 160,
        "levelFrom": 0.3,
        "levelTo": 0.4,
        "startscaleY": 1.1,
        "endscaleY": 1.2,
        "resultCode": "pretzels:pretzel-{type}-plaincharred",
        "initialCode": "pretzels:pretzel-{type}-plainpartbaked"
      },
      "*-plaincharred": {
        "temp": 160,
        "levelFrom": 0.4,
        "levelTo": 0.4,
        "startscaleY": 1.2,
        "endscaleY": 1.2,
        "initialCode": "pretzels:pretzel-{type}-plainbaked"
      },
      "*-plainpartbaked": {
        "temp": 160,
        "levelFrom": 0.0,
        "levelTo": 0.3,
        "startscaleY": 0.95,
        "endscaleY": 1.1,
        "resultCode": "pretzels:pretzel-{type}-plainbaked",
        "initialCode": "pretzels:pretzelraw-{type}-plain"
      },
      "*-saltbaked": {
        "endscaleY": 1.2,
        "levelFrom": 0.3,
        "levelTo": 0.4,
        "startscaleY": 1.1,
				"temp": 160,
				"resultCode": "pretzels:pretzel-{type}-saltcharred",
				"initialCode": "pretzels:pretzel-{type}-saltpartbaked"
      },
      "*-saltcharred": {
        "endscaleY": 1.2,
        "levelFrom": 0.4,
        "levelTo": 0.4,
        "startscaleY": 1.2,
				"temp": 160,
				"initialCode": "pretzels:pretzel-{type}-saltbaked"
      },
      "*-saltpartbaked": {
        "endscaleY": 1.1, 
        "levelFrom": 0.0,
        "levelTo": 0.3,
        "startscaleY": 0.95,
				"temp": 160,
				"initialCode": "pretzels:pretzelraw-{type}-salt",
				"resultCode": "pretzels:pretzel-{type}-saltbaked"
      },
      "*-sunflowerbaked": {
        "temp": 160,
        "levelFrom": 0.3,
        "levelTo": 0.4,
        "startscaleY": 1.1,
        "endscaleY": 1.2,
        "resultCode": "pretzels:pretzel-{type}-sunflowercharred",
        "initialCode": "pretzels:pretzel-{type}-sunflowerpartbaked"
      },
      "*-sunflowercharred": {
        "temp": 160,
        "levelFrom": 0.4,
        "levelTo": 0.4,
        "startscaleY": 1.2,
        "endscaleY": 1.2,
        "initialCode": "pretzels:pretzel-{type}-sunflowerbaked"
      },
      "*-sunflowerpartbaked": {
        "temp": 160,
        "levelFrom": 0.0,
        "levelTo": 0.3,
        "startscaleY": 0.95,
        "endscaleY": 1.1,
        "resultCode": "pretzels:pretzel-{type}-sunflowerbaked",
        "initialCode": "pretzels:pretzelraw-{type}-sunflower"
      }
    },
		"expandedNutritionProps": {
			"game:grain-sunflower": {
				"saturation": 100,
				"foodcategory": "Grain"
			},
			"game:salt": {
				"health": 2
			}
		},
		"satMultByType": {
			"*-plainpartbaked": 0.5,
			"*-plainbaked": 1,
			"*-plaincharred": 0.75,
			"*-saltpartbaked": 0.5,
			"*-saltbaked": 1,
			"*-saltcharred": 0.75,
			"*-sunflowerpartbaked": 0.5,
			"*-sunflowerbaked": 1,
			"*-sunflowercharred": 0.75
		}
	},
	"shape": { "base": "item/pretzel/plain-{type}-pretzel" },
	"texturesbytype": {
		"*-plainpartbaked": { "pretzel": { "base": "item/pretzelpb" } },
		"*-plainbaked": { "pretzel": { "base": "item/pretzelb" } },
		"*-plaincharred": { "pretzel": { "base": "item/pretzelc" } },

		"*-saltpartbaked": {
			"pretzel": {
				"base": "item/pretzelpb",
				"overlays": [ "item/overlay/salt" ]
			}
		},
		"*-saltbaked": {
			"pretzel": {
				"base": "item/pretzelb",
				"overlays": [ "item/overlay/salt" ]
			}
		},
		"*-saltcharred": {
			"pretzel": {
				"base": "item/pretzelc",
				"overlays": [ "item/overlay/salt" ]
			}
		},

		"*-sunflowerpartbaked": {
			"pretzel": {
				"base": "item/pretzelpb",
				"overlays": [ "item/overlay/sunflower" ]
			}
		},
		"*-sunflowerbaked": {
			"pretzel": {
				"base": "item/pretzelb",
				"overlays": [ "item/overlay/sunflower" ]
			}
		},
		"*-sunflowercharred": {
			"pretzel": {
				"base": "item/pretzelc",
				"overlays": [ "item/overlay/sunflower" ]
			}
		}
	},
	"combustiblePropsByType": {
		"*-plainpartbaked": {
			"meltingPoint": 200,
			"meltingDuration": 15,
			"smeltedRatio": 1,
			"smeltingType": "bake",
			"smeltedStack": {
				"type": "item",
				"code": "pretzel-{type}-plaincharred"
			},
			"requiresContainer": false
		},
		"*-plainbaked": {
			"meltingPoint": 200,
			"meltingDuration": 15,
			"smeltedRatio": 1,
			"smeltingType": "bake",
			"smeltedStack": {
				"type": "item",
				"code": "pretzel-{type}-plaincharred"
			},
			"requiresContainer": false
		},
		"*-saltpartbaked": {
			"meltingPoint": 200,
			"meltingDuration": 15,
			"smeltedRatio": 1,
			"smeltingType": "bake",
			"smeltedStack": {
				"type": "item",
				"code": "pretzel-{type}-saltcharred"
			},
			"requiresContainer": false
		},
		"*-saltbaked": {
			"meltingPoint": 200,
			"meltingDuration": 15,
			"smeltedRatio": 1,
			"smeltingType": "bake",
			"smeltedStack": {
				"type": "item",
				"code": "pretzel-{type}-saltcharred"
			},
			"requiresContainer": false
		},
		"*-sunflowerpartbaked": {
			"meltingPoint": 200,
			"meltingDuration": 15,
			"smeltedRatio": 1,
			"smeltingType": "bake",
			"smeltedStack": {
				"type": "item",
				"code": "pretzel-{type}-sunflowercharred"
			},
			"requiresContainer": false
		},
		"*-sunflowerbaked": {
			"meltingPoint": 200,
			"meltingDuration": 15,
			"smeltedRatio": 1,
			"smeltingType": "bake",
			"smeltedStack": {
				"type": "item",
				"code": "pretzel-{type}-sunflowercharred"
			},
			"requiresContainer": false
		}
	},
	"nutritionPropsbyType": {
		"*-flax-plainpartbaked": {
			"saturation": 55,
			"foodcategory": "Grain"
		},
		"*-flax-plainbaked": {
			"saturation": 120,
			"foodcategory": "Grain"
		},
		"*-flax-plaincharred": {
			"saturation": 75,
			"foodcategory": "Grain"
		},

		"*-rice-plainpartbaked": {
			"saturation": 120,
			"foodcategory": "Grain"
		},
		"*-rice-plainbaked": {
			"saturation": 250,
			"foodcategory": "Grain"
		},
		"*-rice-plaincharred": {
			"saturation": 165,
			"foodcategory": "Grain"
		},

		"*-plainpartbaked": {
			"saturation": 115,
			"foodcategory": "Grain"
		},
		"*-plainbaked": {
			"saturation": 225,
			"foodcategory": "Grain"
		},
		"*-plaincharred": {
			"saturation": 160,
			"foodcategory": "Grain"
		},
		"*-saltpartbaked": {
			"saturation": 115,
			"foodcategory": "Grain",
			"health": 2
		},
		"*-saltbaked": {
			"saturation": 225,
			"foodcategory": "Grain",
			"health": 2
		},
		"*-saltcharred": {
			"saturation": 160,
			"foodcategory": "Grain",
			"health": 2
		},
		"*-sunflowerpartbaked": {
			"saturation": 215,
			"foodcategory": "Grain"
		},
		"*-sunflowerbaked": {
			"saturation": 325,
			"foodcategory": "Grain"
		},
		"*-sunflowercharred": {
			"saturation": 260,
			"foodcategory": "Grain"
		}
	},
	"transitionablePropsByType": {
		"*-plainpartbaked": [
			{
				"type": "Perish",
				"freshHours": { "avg": 350 },
				"transitionHours": { "avg": 30 },
				"transitionStack": {
					"type": "item",
					"code": "game:rot"
				},
				"transitionRatio": 1
			}
		],
		"*-plainbaked": [
			{
				"type": "Perish",
				"freshHours": { "avg": 600 },
				"transitionHours": { "avg": 40 },
				"transitionStack": {
					"type": "item",
					"code": "game:rot"
				},
				"transitionRatio": 1
			}
		],
		"*-plaincharred": [
			{
				"type": "Perish",
				"freshHours": { "avg": 950 },
				"transitionHours": { "avg": 70 },
				"transitionStack": {
					"type": "item",
					"code": "game:rot"
				},
				"transitionRatio": 1
			}
		],
		"*-saltpartbaked": [
			{
				"type": "Perish",
				"freshHours": { "avg": 400 },
				"transitionHours": { "avg": 30 },
				"transitionStack": {
					"type": "item",
					"code": "game:rot"
				},
				"transitionRatio": 1
			}
		],
		"*-saltbaked": [
			{
				"type": "Perish",
				"freshHours": { "avg": 650 },
				"transitionHours": { "avg": 40 },
				"transitionStack": {
					"type": "item",
					"code": "game:rot"
				},
				"transitionRatio": 1
			}
		],
		"*-saltcharred": [
			{
				"type": "Perish",
				"freshHours": { "avg": 1000 },
				"transitionHours": { "avg": 80 },
				"transitionStack": {
					"type": "item",
					"code": "game:rot"
				},
				"transitionRatio": 1
			}
		],
		"*-sunflowerpartbaked": [
			{
				"type": "Perish",
				"freshHours": { "avg": 350 },
				"transitionHours": { "avg": 30 },
				"transitionStack": {
					"type": "item",
					"code": "game:rot"
				},
				"transitionRatio": 1
			}
		],
		"*-sunflowerbaked": [
			{
				"type": "Perish",
				"freshHours": { "avg": 600 },
				"transitionHours": { "avg": 40 },
				"transitionStack": {
					"type": "item",
					"code": "game:rot"
				},
				"transitionRatio": 1
			}
		],
		"*-sunflowercharred": [
			{
				"type": "Perish",
				"freshHours": { "avg": 950 },
				"transitionHours": { "avg": 70 },
				"transitionStack": {
					"type": "item",
					"code": "game:rot"
				},
				"transitionRatio": 1
			}
		]
	},
	"heldTpIdleAnimationByType": {
		"*": "holdbothhands"
	},
	"materialDensity": 200,
	"guiTransform": {
		"translation": {
			"x": 2,
			"y": 0,
			"z": 0
		},
		"rotation": {
			"x": -34,
			"y": 30,
			"z": 180
		},
		"origin": {
			"x": 0.5,
			"y": 0.07,
			"z": 0.5
		},
		"scale": 4
	},
	"groundTransform": {
		"translation": {
			"x": 0,
			"y": 0,
			"z": 0
		},
		"rotation": {
			"x": 0,
			"y": 0,
			"z": 1
		},
		"origin": {
			"x": 0.5,
			"y": 0,
			"z": 0.5
		},
		"scale": 4
	},
	"fpHandTransform": {
		"translation": {
			"": 0,
			"y": 0.32,
			"z": 0.3
		},
		"rotation": {
			"x": 0,
			"y": 0,
			"z": 0
		},
		"origin": {
			"x": 0.5,
			"y": 0.1,
			"z": 0.5
		},
		"scale": 2.5
	},
	"tpHandTransform": {
		"translation": {
			"x": 0.1,
			"y": 0.5,
			"z": 0.1
		},
		"rotation": {
			"x": -41,
			"y": 35,
			"z": -102
		},
		"origin": {
			"x": 0.02,
			"y": 0.1,
			"z": 0.04
		},
		"scale": 1
	}
}