[
  {
    "toolmode": "sawing",
    "ingredients":
    [ 
      {"inputs": 
       [
         {"type": "block", "code": "floralzonescentralaustralianregion:log-placed-*-ud", "name": "wood", "loadFromProperties": "floralzonescentralaustralianregion:block/wood"}
       ]
      }
    ],
    "output": {"type": "item", "code": "floralzonescentralaustralianregion:plank-{wood}", "quantity": 12}
  },
  {
    "toolmode": "sawing",
    "ingredients":
    [ 
      {"inputs": 
       [
         {"type": "block", "code": "floralzonescentralaustralianregion:logsection-placed-*-ne-ud", "name": "wood","loadFromProperties": "floralzonescentralaustralianregion:block/wood"}
       ]
      }
    ],
    "output": {"type": "item", "code": "floralzonescentralaustralianregion:plank-{wood}", "quantity": 12}
  },
    {
    "toolmode": "sawing",
    "ingredients":
    [ 
      {"inputs": 
       [
         {"type": "block", "code": "floralzonescentralaustralianregion:logsection-placed-*-nw-ud", "name": "wood","loadFromProperties": "floralzonescentralaustralianregion:block/wood"}
       ]
      }
    ],
    "output": {"type": "item", "code": "floralzonescentralaustralianregion:plank-{wood}", "quantity": 12}
  },
    {
    "toolmode": "sawing",
    "ingredients":
    [ 
      {"inputs": 
       [
         {"type": "block", "code": "floralzonescentralaustralianregion:logsection-placed-*-se-ud", "name": "wood","loadFromProperties": "floralzonescentralaustralianregion:block/wood"}
       ]
      }
    ],
    "output": {"type": "item", "code": "floralzonescentralaustralianregion:plank-{wood}", "quantity": 12}
  },
    {
    "toolmode": "sawing",
    "ingredients":
    [ 
      {"inputs": 
       [
         {"type": "block", "code": "floralzonescentralaustralianregion:logsection-placed-*-sw-ud", "name": "wood","loadFromProperties": "floralzonescentralaustralianregion:block/wood"}
       ]
      }
    ],
    "output": {"type": "item", "code": "floralzonescentralaustralianregion:plank-{wood}", "quantity": 12}
  },
  {
    "toolmode": "sawing",
    "ingredients":
    [ 
      {"inputs": 
       [
         {"type": "block", "code": "floralzonescentralaustralianregion:debarkedlog-*-ud", "name": "wood","loadFromProperties": "floralzonescentralaustralianregion:block/wood"}
       ]
      }
    ],
    "output": {"type": "item", "code": "floralzonescentralaustralianregion:plank-{wood}", "quantity": 12}
  }
]