{
	"editor": {
		"allAngles": true,
		"entityTextureMode": true
	},
	"textureWidth": 16,
	"textureHeight": 16,
	"textureSizes": {
	},
	"textures": {

	},
	"elements": [
		{
			"name": "BoundingBox",
			"from": [ 5.0, 0.25, 5.5 ],
			"to": [ 10.0, 5.25, 10.5 ],
			"shade": false,
			"uv": [ 0.0, 0.0 ],
			"rotationOrigin": [ 5.0, 1.0, 8.0 ],
			"faces": {
			},
			"children": [
				{
					"name": "body",
					"from": [ 1.5, 0.1, 1.5 ],
					"to": [ 5.0, 1.85, 3.5 ],
					"uv": [ 0.0, 12.0 ],
					"rotationOrigin": [ 3.5, 1.0, 2.75 ],
					"rotationZ": -3.0,
					"faces": {
						"north": { "texture": "#both-darkbrown", "uv": [ 0.0, 14.0, 3.5, 15.75 ] },
						"east": { "texture": "#both-darkbrown", "uv": [ 3.5, 14.0, 5.5, 15.75 ] },
						"south": { "texture": "#both-darkbrown", "uv": [ 5.5, 14.0, 9.0, 15.75 ] },
						"west": { "texture": "#both-darkbrown", "uv": [ 9.0, 14.0, 11.0, 15.75 ] },
						"up": { "texture": "#both-darkbrown", "uv": [ 0.0, 12.0, 3.5, 14.0 ] },
						"down": { "texture": "#both-darkbrown", "uv": [ 3.5, 12.0, 7.0, 14.0 ] }
					},
					"children": [
						{
							"name": "Tail",
							"from": [ 2.5, 1.0, 0.65 ],
							"to": [ 3.25, 3.0, 1.4 ],
							"unwrapMode": 5,
							"uv": [ 7.25, 3.75 ],
							"rotationOrigin": [ 3.0, 1.0, 1.0 ],
							"rotationZ": -105.0,
							"faces": {
								"north": { "texture": "#both-darkbrown", "uv": [ 9.5, 4.0, 10.0, 6.0 ], "rotation": 180 },
								"east": { "texture": "#both-darkbrown", "uv": [ 10.0, 6.0, 12.0, 6.5 ], "rotation": 90 },
								"south": { "texture": "#both-darkbrown", "uv": [ 9.25, 6.5, 10.0, 8.5 ] },
								"west": { "texture": "#both-darkbrown", "uv": [ 7.5, 6.0, 9.5, 6.5 ], "rotation": 270 },
								"up": { "texture": "#both-darkbrown", "uv": [ 9.25, 5.75, 10.0, 6.5 ] },
								"down": { "texture": "#both-darkbrown", "uv": [ 12.0, 5.75, 12.75, 6.5 ] }
							},
							"children": [
								{
									"name": "tail_tip",
									"from": [ 0.0, 2.0, -0.12 ],
									"to": [ 1.0, 4.0, 0.88 ],
									"unwrapMode": 5,
									"uv": [ 7.0, 3.0 ],
									"rotationOrigin": [ 0.5, 1.95, 0.5 ],
									"rotationZ": 25.0,
									"faces": {
										"north": { "texture": "#both-darkbrown", "uv": [ 9.0, 3.0, 10.0, 5.0 ], "rotation": 180 },
										"east": { "texture": "#both-darkbrown", "uv": [ 10.0, 5.0, 12.0, 6.0 ], "rotation": 90 },
										"south": { "texture": "#both-darkbrown", "uv": [ 9.0, 6.0, 10.0, 8.0 ] },
										"west": { "texture": "#both-darkbrown", "uv": [ 7.0, 5.0, 9.0, 6.0 ], "rotation": 270 },
										"up": { "texture": "#both-darkbrown", "uv": [ 9.0, 5.0, 10.0, 6.0 ] },
										"down": { "texture": "#both-darkbrown", "uv": [ 12.0, 5.0, 13.0, 6.0 ] }
									}
								}
							]
						},
						{
							"name": "L_front",
							"from": [ 1.0, 1.25, 1.75 ],
							"to": [ 1.5, 2.75, 2.25 ],
							"uv": [ 0.0, 0.0 ],
							"rotationOrigin": [ 1.0, 1.0, 2.0 ],
							"rotationZ": 160.0,
							"faces": {
								"north": { "texture": "#both-darkbrown", "uv": [ 0.0, 0.5, 0.5, 2.0 ] },
								"east": { "texture": "#both-darkbrown", "uv": [ 0.5, 0.5, 1.0, 2.0 ] },
								"south": { "texture": "#both-darkbrown", "uv": [ 1.0, 0.5, 1.5, 2.0 ] },
								"west": { "texture": "#both-darkbrown", "uv": [ 1.5, 0.5, 2.0, 2.0 ] },
								"up": { "texture": "#both-darkbrown", "uv": [ 0.0, 0.0, 0.5, 0.5 ] },
								"down": { "texture": "#both-darkbrown", "uv": [ 0.5, 0.0, 1.0, 0.5 ] }
							}
						},
						{
							"name": "Face",
							"from": [ -1.55, 0.65, 0.25 ],
							"to": [ 0.2, 2.15, 1.75 ],
							"unwrapMode": 1,
							"autoUnwrap": false,
							"uv": [ 0.0, 5.0 ],
							"rotationOrigin": [ 0.0, 1.0, 1.0 ],
							"rotationZ": 3.0,
							"faces": {
								"north": { "texture": "#both-darkbrown", "uv": [ 1.5, 6.5, 3.25, 8.0 ] },
								"east": { "texture": "#both-darkbrown", "uv": [ 0.0, 6.5, 1.5, 8.0 ], "rotation": 90, "windMode": [-1,-1,-1,-1] },
								"south": { "texture": "#both-darkbrown", "uv": [ 4.75, 6.5, 6.5, 8.0 ] },
								"west": { "texture": "#both-darkbrown", "uv": [ 3.25, 6.5, 4.75, 8.0 ] },
								"up": { "texture": "#both-darkbrown", "uv": [ 1.5, 5.0, 3.0, 6.5 ], "rotation": 180 },
								"down": { "texture": "#both-darkbrown", "uv": [ 1.5, 8.0, 3.25, 9.5 ] }
							},
							"children": [
								{
									"name": "R_ear",
									"from": [ 1.2, 1.0, -0.25 ],
									"to": [ 1.7, 1.75, 0.25 ],
									"uv": [ 4.0, 5.0 ],
									"rotationOrigin": [ 1.5, 1.0, 0.0 ],
									"rotationY": -30.0,
									"rotationZ": -3.0,
									"faces": {
										"north": { "texture": "#both-darkbrown", "uv": [ 4.0, 5.5, 4.5, 6.25 ] },
										"east": { "texture": "#both-darkbrown", "uv": [ 4.5, 5.5, 5.0, 6.25 ] },
										"south": { "texture": "#both-darkbrown", "uv": [ 5.0, 5.5, 5.5, 6.25 ] },
										"west": { "texture": "#both-darkbrown", "uv": [ 5.5, 5.5, 6.0, 6.25 ] },
										"up": { "texture": "#both-darkbrown", "uv": [ 4.0, 5.0, 4.5, 5.5 ] },
										"down": { "texture": "#both-darkbrown", "uv": [ 4.5, 5.0, 5.0, 5.5 ] }
									}
								},
								{
									"name": "mouth",
									"from": [ -0.45, 0.25, 0.5 ],
									"to": [ 0.3, 0.6, 1.0 ],
									"unwrapMode": 2,
									"unwrapRotation": 1,
									"uv": [ 12.0, 5.0 ],
									"rotationOrigin": [ -0.75, 0.0, 2.0 ],
									"faces": {
										"north": { "texture": "#both-darkbrown", "uv": [ 13.0, 5.0, 13.5, 5.5 ], "rotation": 90 },
										"east": { "texture": "#both-darkbrown", "uv": [ 13.0, 6.0, 13.5, 6.5 ], "rotation": 90 },
										"south": { "texture": "#both-darkbrown", "uv": [ 13.0, 6.5, 13.5, 7.0 ], "rotation": 90 },
										"west": { "texture": "#both-darkbrown", "uv": [ 14.0, 6.0, 14.5, 6.5 ], "rotation": 270 },
										"up": { "texture": "#both-darkbrown", "uv": [ 12.0, 5.75, 12.75, 6.25 ] },
										"down": { "texture": "#both-darkbrown", "uv": [ 13.0, 5.75, 13.75, 6.25 ] }
									},
									"children": [
										{
											"name": "nose16",
											"from": [ -0.2, 0.2, -0.12 ],
											"to": [ 0.55, 0.7, 0.63 ],
											"unwrapMode": 2,
											"unwrapRotation": 1,
											"uv": [ 6.0, 4.75 ],
											"rotationOrigin": [ 0.45, -0.25, 0.25 ],
											"rotationZ": -3.0,
											"faces": {
												"north": { "texture": "#both-darkbrown", "uv": [ 7.0, 5.0, 7.5, 5.5 ], "rotation": 90 },
												"east": { "texture": "#both-darkbrown", "uv": [ 7.0, 5.5, 7.5, 6.0 ], "rotation": 90 },
												"south": { "texture": "#both-darkbrown", "uv": [ 7.0, 6.5, 7.5, 7.0 ], "rotation": 90 },
												"west": { "texture": "#both-darkbrown", "uv": [ 8.0, 5.5, 8.5, 6.0 ], "rotation": 270 },
												"up": { "texture": "#both-darkbrown", "uv": [ 6.0, 5.5, 6.75, 6.25 ] },
												"down": { "texture": "#both-darkbrown", "uv": [ 7.25, 5.5, 8.0, 6.25 ] }
											}
										}
									]
								},
								{
									"name": "R_ear16",
									"from": [ 1.2, 1.0, 1.25 ],
									"to": [ 1.7, 1.75, 1.75 ],
									"uv": [ 4.0, 5.0 ],
									"rotationOrigin": [ 1.5, 1.0, 1.5 ],
									"rotationY": 30.0,
									"rotationZ": -3.0,
									"faces": {
										"north": { "texture": "#both-darkbrown", "uv": [ 4.0, 5.5, 4.5, 6.25 ] },
										"east": { "texture": "#both-darkbrown", "uv": [ 4.5, 5.5, 5.0, 6.25 ] },
										"south": { "texture": "#both-darkbrown", "uv": [ 5.0, 5.5, 5.5, 6.25 ] },
										"west": { "texture": "#both-darkbrown", "uv": [ 5.5, 5.5, 6.0, 6.25 ] },
										"up": { "texture": "#both-darkbrown", "uv": [ 4.0, 5.0, 4.5, 5.5 ] },
										"down": { "texture": "#both-darkbrown", "uv": [ 4.5, 5.0, 5.0, 5.5 ] }
									}
								},
								{
									"name": "Cheeks",
									"from": [ 0.45, 0.0, -0.35 ],
									"to": [ 1.45, 1.0, 0.0 ],
									"uv": [ 6.5, 3.75 ],
									"rotationOrigin": [ 1.0, 0.0, 0.0 ],
									"rotationZ": -11.0,
									"faces": {
										"north": { "texture": "#both-darkbrown", "uv": [ 6.5, 4.0, 7.5, 5.0 ] },
										"east": { "texture": "#both-darkbrown", "uv": [ 7.5, 4.0, 7.75, 5.0 ] },
										"south": { "texture": "#both-darkbrown", "uv": [ 7.75, 4.0, 8.75, 5.0 ] },
										"west": { "texture": "#both-darkbrown", "uv": [ 8.75, 4.0, 9.0, 5.0 ] },
										"up": { "texture": "#both-darkbrown", "uv": [ 6.5, 3.75, 7.5, 4.0 ] },
										"down": { "texture": "#both-darkbrown", "uv": [ 7.5, 3.75, 8.5, 4.0 ] }
									}
								},
								{
									"name": "Cheeks2",
									"from": [ 0.45, 0.0, 1.5 ],
									"to": [ 1.45, 1.0, 1.85 ],
									"uv": [ 6.5, 3.75 ],
									"rotationOrigin": [ 1.0, 0.0, 2.0 ],
									"rotationZ": -11.0,
									"faces": {
										"north": { "texture": "#both-darkbrown", "uv": [ 6.5, 4.0, 7.5, 5.0 ] },
										"east": { "texture": "#both-darkbrown", "uv": [ 7.5, 4.0, 7.75, 5.0 ] },
										"south": { "texture": "#both-darkbrown", "uv": [ 7.75, 4.0, 8.75, 5.0 ] },
										"west": { "texture": "#both-darkbrown", "uv": [ 8.75, 4.0, 9.0, 5.0 ] },
										"up": { "texture": "#both-darkbrown", "uv": [ 6.5, 3.75, 7.5, 4.0 ] },
										"down": { "texture": "#both-darkbrown", "uv": [ 7.5, 3.75, 8.5, 4.0 ] }
									}
								},
								{
									"name": "Cube2",
									"from": [ -0.2, 0.25, 0.25 ],
									"to": [ 0.8, 1.25, 1.25 ],
									"uv": [ 0.0, 9.5 ],
									"rotationOrigin": [ 0.0, 0.0, 1.0 ],
									"rotationZ": 6.0,
									"faces": {
										"north": { "texture": "#both-darkbrown", "uv": [ 0.0, 10.5, 1.0, 11.5 ] },
										"east": { "texture": "#both-darkbrown", "uv": [ 1.0, 10.5, 2.0, 11.5 ] },
										"south": { "texture": "#both-darkbrown", "uv": [ 2.0, 10.5, 3.0, 11.5 ] },
										"west": { "texture": "#both-darkbrown", "uv": [ 3.0, 10.5, 4.0, 11.5 ] },
										"up": { "texture": "#both-darkbrown", "uv": [ 0.0, 9.5, 1.0, 10.5 ] },
										"down": { "texture": "#both-darkbrown", "uv": [ 1.0, 9.5, 2.0, 10.5 ] }
									}
								}
							]
						},
						{
							"name": "R thigh13",
							"from": [ 2.0, -0.25, -0.5 ],
							"to": [ 3.0, 0.75, 0.0 ],
							"uv": [ 12.0, 13.0 ],
							"rotationOrigin": [ 2.0, 0.5, 0.0 ],
							"rotationZ": 22.0,
							"faces": {
								"north": { "texture": "#both-darkbrown", "uv": [ 12.0, 13.5, 13.0, 14.5 ] },
								"east": { "texture": "#both-darkbrown", "uv": [ 13.0, 13.5, 13.5, 14.5 ] },
								"south": { "texture": "#both-darkbrown", "uv": [ 13.5, 13.5, 14.5, 14.5 ], "windMode": [-1,-1,-1,-1] },
								"west": { "texture": "#both-darkbrown", "uv": [ 14.5, 13.5, 15.0, 14.5 ] },
								"up": { "texture": "#both-darkbrown", "uv": [ 12.0, 13.0, 13.0, 13.5 ] },
								"down": { "texture": "#both-darkbrown", "uv": [ 13.0, 13.0, 14.0, 13.5 ] }
							},
							"children": [
								{
									"name": "R_leg14",
									"from": [ 0.2, 0.0, -0.15 ],
									"to": [ 0.45, 1.0, 0.6 ],
									"uv": [ 2.0, 0.0 ],
									"rotationOrigin": [ 0.5, 0.0, 0.0 ],
									"rotationZ": 72.0,
									"faces": {
										"north": { "texture": "#both-darkbrown", "uv": [ 2.0, 0.75, 2.25, 1.75 ] },
										"east": { "texture": "#both-darkbrown", "uv": [ 2.25, 0.75, 3.0, 1.75 ] },
										"south": { "texture": "#both-darkbrown", "uv": [ 3.0, 0.75, 3.25, 1.75 ] },
										"west": { "texture": "#both-darkbrown", "uv": [ 3.25, 0.75, 4.0, 1.75 ] },
										"up": { "texture": "#both-darkbrown", "uv": [ 2.0, 0.0, 2.25, 0.75 ] },
										"down": { "texture": "#both-darkbrown", "uv": [ 2.25, 0.0, 2.5, 0.75 ] }
									}
								}
							]
						},
						{
							"name": "L thigh14",
							"from": [ 2.0, -0.25, 2.0 ],
							"to": [ 3.0, 0.75, 2.5 ],
							"uv": [ 12.0, 13.0 ],
							"rotationOrigin": [ 2.0, 0.5, 2.0 ],
							"rotationZ": 22.0,
							"faces": {
								"north": { "texture": "#both-darkbrown", "uv": [ 12.0, 13.5, 13.0, 14.5 ], "windMode": [-1,-1,-1,-1] },
								"east": { "texture": "#both-darkbrown", "uv": [ 13.0, 13.5, 13.5, 14.5 ] },
								"south": { "texture": "#both-darkbrown", "uv": [ 13.5, 13.5, 14.5, 14.5 ] },
								"west": { "texture": "#both-darkbrown", "uv": [ 14.5, 13.5, 15.0, 14.5 ] },
								"up": { "texture": "#both-darkbrown", "uv": [ 12.0, 13.0, 13.0, 13.5 ] },
								"down": { "texture": "#both-darkbrown", "uv": [ 13.0, 13.0, 14.0, 13.5 ] }
							},
							"children": [
								{
									"name": "L_leg15",
									"from": [ 0.2, 0.0, -0.15 ],
									"to": [ 0.45, 1.0, 0.6 ],
									"uv": [ 2.0, 0.0 ],
									"rotationOrigin": [ 0.5, 0.0, 0.0 ],
									"rotationZ": 72.0,
									"faces": {
										"north": { "texture": "#both-darkbrown", "uv": [ 2.0, 0.75, 2.25, 1.75 ] },
										"east": { "texture": "#both-darkbrown", "uv": [ 2.25, 0.75, 3.0, 1.75 ] },
										"south": { "texture": "#both-darkbrown", "uv": [ 3.0, 0.75, 3.25, 1.75 ] },
										"west": { "texture": "#both-darkbrown", "uv": [ 3.25, 0.75, 4.0, 1.75 ] },
										"up": { "texture": "#both-darkbrown", "uv": [ 2.0, 0.0, 2.25, 0.75 ] },
										"down": { "texture": "#both-darkbrown", "uv": [ 2.25, 0.0, 2.5, 0.75 ] }
									}
								}
							]
						},
						{
							"name": "R_front16",
							"from": [ 1.0, 1.25, -0.25 ],
							"to": [ 1.5, 2.75, 0.25 ],
							"uv": [ 0.0, 0.0 ],
							"rotationOrigin": [ 1.0, 1.0, 0.0 ],
							"rotationZ": 160.0,
							"faces": {
								"north": { "texture": "#both-darkbrown", "uv": [ 0.0, 0.5, 0.5, 2.0 ] },
								"east": { "texture": "#both-darkbrown", "uv": [ 0.5, 0.5, 1.0, 2.0 ] },
								"south": { "texture": "#both-darkbrown", "uv": [ 1.0, 0.5, 1.5, 2.0 ] },
								"west": { "texture": "#both-darkbrown", "uv": [ 1.5, 0.5, 2.0, 2.0 ] },
								"up": { "texture": "#both-darkbrown", "uv": [ 0.0, 0.0, 0.5, 0.5 ] },
								"down": { "texture": "#both-darkbrown", "uv": [ 0.5, 0.0, 1.0, 0.5 ] }
							}
						}
					]
				}
			]
		}
	],
	"animations": [
		{
			"name": "Look",
			"code": "look",
			"quantityframes": 30,
			"onActivityStopped": "Rewind",
			"onAnimationEnd": "Repeat",
			"keyframes": [
				{
					"frame": 0,
					"elements": {
						"BoundingBox": { "offsetX": 0.0, "offsetY": -0.05, "offsetZ": 0.0 },
						"body": { "offsetX": 0.0, "offsetY": 0.0, "offsetZ": 0.0 },
						"Tail": { "rotationX": -6.0, "rotationY": 0.0, "rotationZ": 83.0 },
						"Face": { "offsetX": -0.0, "offsetY": -0.1, "offsetZ": 0.0, "rotationX": 0.0, "rotationY": 0.0, "rotationZ": 58.0 },
						"L_front": { "offsetX": 0.0, "offsetY": 0.0, "offsetZ": -0.1, "rotationX": 0.0, "rotationY": 40.0, "rotationZ": 47.0 },
						"R_leg14": { "offsetX": 0.0, "offsetY": -0.2, "offsetZ": 0.0, "rotationX": 0.0, "rotationY": 0.0, "rotationZ": 60.0 },
						"L_leg15": { "offsetX": 0.0, "offsetY": -0.2, "offsetZ": 0.0, "rotationX": 0.0, "rotationY": 0.0, "rotationZ": 60.0 },
						"R_front16": { "offsetX": 0.0, "offsetY": 0.0, "offsetZ": 0.1, "rotationX": 0.0, "rotationY": -40.0, "rotationZ": 47.0 }
					}
				},
				{
					"frame": 15,
					"elements": {
						"body": { "rotationX": 0.0, "rotationY": 0.0, "rotationZ": -64.0 },
						"Tail": { "rotationX": 11.0, "rotationY": 0.0, "rotationZ": 80.0 },
						"Face": { "offsetX": 0.1, "offsetY": 0.0, "offsetZ": 0.0, "rotationX": 0.0, "rotationY": 0.0, "rotationZ": 53.0 }
					}
				},
				{
					"frame": 25,
					"elements": {
						"body": { "rotationX": 0.0, "rotationY": 0.0, "rotationZ": -66.0 },
						"Face": { "rotationX": 0.0, "rotationY": 0.0, "rotationZ": 58.0 }
					}
				}
			]
		},

		{
			"name": "Walk",
			"code": "walk",
			"quantityframes": 18,
			"onActivityStopped": "Rewind",
			"onAnimationEnd": "Repeat",
			"keyframes": [
				{
					"frame": 0,
					"elements": {
						"BoundingBox": { "offsetX": 0.0, "offsetY": 0.2, "offsetZ": 0.0 },
						"body": { "offsetX": 0.0, "offsetY": 0.0, "offsetZ": 0.0, "rotationX": 0.0, "rotationY": 0.0, "rotationZ": -6.0 },
						"Tail": { "rotationX": 0.0, "rotationY": 0.0, "rotationZ": -3.0 },
						"tail_tip": { "rotationX": 0.0, "rotationY": 0.0, "rotationZ": 0.0 },
						"Face": { "offsetX": 0.0, "offsetY": 0.2, "offsetZ": 0.0, "rotationX": 0.0, "rotationY": 0.0, "rotationZ": -11.0 },
						"L_front": { "offsetX": 0.0, "offsetY": 0.0, "offsetZ": 0.0, "rotationX": 0.0, "rotationY": 0.0, "rotationZ": 0.0 },
						"R thigh13": { "rotationX": 0.0, "rotationY": 0.0, "rotationZ": 0.0 },
						"R_leg14": { "rotationX": 0.0, "rotationY": 0.0, "rotationZ": -17.0 },
						"L thigh14": { "rotationX": 0.0, "rotationY": 0.0, "rotationZ": 0.0 },
						"L_leg15": { "rotationX": 0.0, "rotationY": 0.0, "rotationZ": -17.0 },
						"R_front16": { "offsetX": 0.0, "offsetY": 0.0, "offsetZ": 0.0, "rotationX": 0.0, "rotationY": 0.0, "rotationZ": 0.0 }
					}
				},
				{
					"frame": 5,
					"elements": {
						"BoundingBox": { "offsetX": 0.0, "offsetY": 0.75, "offsetZ": 0.0 },
						"body": { "offsetX": -0.0, "offsetY": 1.0, "offsetZ": 0.0, "rotationX": 0.0, "rotationY": 0.0, "rotationZ": 19.0 },
						"Tail": { "rotationX": 0.0, "rotationY": 0.0, "rotationZ": -36.0 },
						"tail_tip": { "rotationX": 0.0, "rotationY": 0.0, "rotationZ": 14.0 },
						"L_front": { "rotationX": 0.0, "rotationY": 0.0, "rotationZ": -39.0 },
						"Face": { "offsetX": 0.0, "offsetY": -0.5, "offsetZ": 0.0, "rotationX": 0.0, "rotationY": 0.0, "rotationZ": 0.0 },
						"R_front16": { "rotationX": 0.0, "rotationY": 0.0, "rotationZ": -39.0 }
					}
				},
				{
					"frame": 10,
					"elements": {
						"BoundingBox": { "offsetX": 0.0, "offsetY": 0.0, "offsetZ": 0.0 },
						"Tail": { "rotationX": 0.0, "rotationY": 0.0, "rotationZ": -8.0 },
						"tail_tip": { "rotationX": 0.0, "rotationY": 0.0, "rotationZ": 0.0 },
						"L_front": { "offsetX": 0.0, "offsetY": 0.25, "offsetZ": 0.0, "rotationX": 0.0, "rotationY": 0.0, "rotationZ": -14.0 },
						"Face": { "rotationX": 0.0, "rotationY": 0.0, "rotationZ": -30.0 },
						"R thigh13": { "rotationX": 0.0, "rotationY": 0.0, "rotationZ": 39.0 },
						"R_leg14": { "rotationX": 0.0, "rotationY": 0.0, "rotationZ": 55.0 },
						"L thigh14": { "rotationX": 0.0, "rotationY": 0.0, "rotationZ": 39.0 },
						"L_leg15": { "rotationX": 0.0, "rotationY": 0.0, "rotationZ": 55.0 },
						"R_front16": { "offsetX": 0.0, "offsetY": 0.25, "offsetZ": 0.0, "rotationX": 0.0, "rotationY": 0.0, "rotationZ": -14.0 }
					}
				},
				{
					"frame": 13,
					"elements": {
						"body": { "offsetX": 0.0, "offsetY": 1.0, "offsetZ": 0.0, "rotationX": 0.0, "rotationY": 0.0, "rotationZ": 33.0 },
						"Tail": { "rotationX": 0.0, "rotationY": 0.0, "rotationZ": -8.0 }
					}
				}
			]
		},

		{
			"name": "Sleep",
			"code": "sleep",
			"quantityframes": 60,
			"onActivityStopped": "EaseOut",
			"onAnimationEnd": "Repeat",
			"keyframes": [
				{
					"frame": 0,
					"elements": {
						"body": { "offsetX": 0.0, "offsetY": -0.0, "offsetZ": 0.0, "rotationX": -86.0, "rotationY": 0.0, "rotationZ": 19.0 },
						"Tail": { "rotationX": 0.0, "rotationY": 0.0, "rotationZ": -19.0 },
						"tail_tip": { "rotationX": 0.0, "rotationY": 0.0, "rotationZ": -147.0 }
					}
				},
				{
					"frame": 1,
					"elements": {
						"L_front": { "offsetX": 0.0, "offsetY": 1.0, "offsetZ": 0.0, "rotationX": 44.0, "rotationY": 0.0, "rotationZ": 0.0 },
						"R_front16": { "offsetX": 0.0, "offsetY": 1.0, "offsetZ": 0.0, "rotationX": -44.0, "rotationY": 0.0, "rotationZ": 0.0 }
					}
				},
				{
					"frame": 8,
					"elements": {
						"body": { "offsetX": 0.0, "offsetY": -0.0, "offsetZ": 0.0 },
						"Face": { "rotationX": 36.0, "rotationY": 33.0, "rotationZ": 50.0 }
					}
				},
				{
					"frame": 38,
					"elements": {
						"L thigh14": { "rotationX": 30.0, "rotationY": 0.0, "rotationZ": 0.0 },
						"R thigh13": { "rotationX": -30.0, "rotationY": 0.0, "rotationZ": 0.0 }
					}
				},
				{
					"frame": 40,
					"elements": {
						"body": { "offsetX": 0.0, "offsetY": 0.1, "offsetZ": 0.0 }
					}
				}
			]
		},

		{
			"name": "Roll",
			"code": "roll",
			"quantityframes": 90,
			"onActivityStopped": "Rewind",
			"onAnimationEnd": "Repeat",
			"keyframes": [

			]
		},

		{
			"name": "Death",
			"code": "death",
			"quantityframes": 30,
			"onActivityStopped": "PlayTillEnd",
			"onAnimationEnd": "Hold",
			"keyframes": [
				{
					"frame": 0,
					"elements": {
						"body": { "offsetX": 0.0, "offsetY": 0.0, "offsetZ": 0.0, "rotationX": 0.0, "rotationY": 0.0, "rotationZ": 0.0 },
						"Face": { "offsetX": 0.0, "offsetY": 0.0, "offsetZ": 0.0, "rotationX": 0.0, "rotationY": 0.0, "rotationZ": 0.0 }
					}
				},
				{
					"frame": 10,
					"elements": {
						"body": { "offsetX": 0.0, "offsetY": -0.55, "offsetZ": 1.0, "rotationX": -86.0, "rotationY": 0.0, "rotationZ": -17.0 },
						"Face": { "offsetX": 0.0, "offsetY": -1.0, "offsetZ": 0.0, "rotationX": 28.0, "rotationY": -11.0, "rotationZ": 14.0 },
						"L_front": { "rotationX": 30.0, "rotationY": 0.0, "rotationZ": 0.0 }
					}
				},
				{
					"frame": 29,
					"elements": {
						"body": { "offsetX": 0.0, "offsetY": -0.55, "offsetZ": 1.0, "rotationX": -86.0, "rotationY": 0.0, "rotationZ": -17.0 },
						"L_front": { "rotationX": 30.0, "rotationY": 0.0, "rotationZ": 0.0 },
						"Face": { "offsetX": 0.0, "offsetY": -1.0, "offsetZ": 0.0, "rotationX": 28.0, "rotationY": -11.0, "rotationZ": 14.0 }
					}
				}
			]
		},

		{
			"name": "Hurt",
			"code": "hurt",
			"quantityframes": 30,
			"onActivityStopped": "PlayTillEnd",
			"onAnimationEnd": "Stop",
			"keyframes": [
				{
					"frame": 0,
					"elements": {
						"body": { "offsetX": 0.0, "offsetY": 0.5, "offsetZ": 0.0, "rotationX": 14.0, "rotationY": 0.0, "rotationZ": -22.0 },
						"tail_tip": { "rotationX": 0.0, "rotationY": 0.0, "rotationZ": 0.0 }
					}
				},
				{
					"frame": 5,
					"elements": {
						"body": { "offsetX": 0.0, "offsetY": 0.0, "offsetZ": 0.0, "rotationX": 0.0, "rotationY": 0.0, "rotationZ": 5.0 },
						"tail_tip": { "rotationX": -19.0, "rotationY": 0.0, "rotationZ": 0.0 }
					}
				},
				{
					"frame": 10,
					"elements": {
						"body": { "offsetX": 0.0, "offsetY": 0.0, "offsetZ": 0.0, "rotationX": -22.0, "rotationY": 0.0, "rotationZ": 0.0 },
						"tail_tip": { "rotationX": 11.0, "rotationY": 0.0, "rotationZ": 0.0 }
					}
				},
				{
					"frame": 20,
					"elements": {
						"body": { "offsetX": 0.0, "offsetY": 0.0, "offsetZ": 0.0 },
						"tail_tip": { "offsetX": 0.0, "offsetY": 0.0, "offsetZ": 0.0, "rotationX": 0.0, "rotationY": 0.0, "rotationZ": 0.0 }
					}
				}
			]
		},

		{
			"name": "Attack",
			"code": "attack",
			"quantityframes": 30,
			"onActivityStopped": "PlayTillEnd",
			"onAnimationEnd": "Stop",
			"keyframes": [
				{
					"frame": 0,
					"elements": {
						"Face": { "offsetX": 0.0, "offsetY": 0.0, "offsetZ": 0.0, "rotationX": 0.0, "rotationY": 0.0, "rotationZ": 6.0 }
					}
				},
				{
					"frame": 10,
					"elements": {
						"Face": { "offsetX": 0.0, "offsetY": 0.0, "offsetZ": 0.0, "rotationX": 0.0, "rotationY": 0.0, "rotationZ": 0.0 }
					}
				}
			]
		},

		{
			"name": "Idle",
			"code": "Idle",
			"quantityframes": 30,
			"onActivityStopped": "Rewind",
			"onAnimationEnd": "Repeat",
			"keyframes": [
				{
					"frame": 0,
					"elements": {
						"Face": { "offsetX": 0.0, "offsetY": 0.0, "offsetZ": 0.0, "rotationX": 0.0, "rotationY": 0.0, "rotationZ": 0.0 },
						"Tail": { "rotationX": 0.0, "rotationY": 0.0, "rotationZ": 3.0 }
					}
				},
				{
					"frame": 15,
					"elements": {
						"Face": { "offsetX": 0.0, "offsetY": 0.0, "offsetZ": 0.0, "rotationX": 0.0, "rotationY": 0.0, "rotationZ": 6.0 },
						"Tail": { "rotationX": 0.0, "rotationY": 0.0, "rotationZ": 0.0 }
					}
				}
			]
		}
	]
}