{
	"editor": {
		"allAngles": false,
		"entityTextureMode": false
	},
	"textureWidth": 32,
	"textureHeight": 32,
	"textureSizes": {
	},
	"textures": {
		"stone": "block/stone/rock/claystone1",
		"wood": "block/wood/planks/oak1"
	},
	"elements": [
		{
			"name": "Top2",
			"from": [ 0.0, 14.0, 0.0 ],
			"to": [ 16.0, 16.0, 16.0 ],
			"rotationOrigin": [ 8.0, 0.0, 8.0 ],
			"faces": {
				"north": { "texture": "#stone", "uv": [ 0.0, 0.0, 32.0, 6.0 ], "autoUv": false },
				"east": { "texture": "#stone", "uv": [ 0.0, 0.0, 32.0, 6.0 ], "autoUv": false },
				"south": { "texture": "#stone", "uv": [ 0.0, 0.0, 32.0, 6.0 ], "autoUv": false },
				"west": { "texture": "#stone", "uv": [ 0.0, 0.0, 32.0, 6.0 ], "autoUv": false },
				"up": { "texture": "#stone", "uv": [ 0.0, 0.0, 32.0, 32.0 ], "autoUv": false },
				"down": { "texture": "#stone", "uv": [ 0.0, 0.0, 32.0, 32.0 ], "autoUv": false }
			}
		},
		{
			"name": "Base3",
			"from": [ 0.0, 0.0, 2.0 ],
			"to": [ 16.0, 14.0, 16.0 ],
			"rotationOrigin": [ 8.0, 0.0, 8.0 ],
			"rotationY": -180.0,
			"faces": {
				"north": { "texture": "#wood", "uv": [ 0.0, 0.0, 32.0, 32.0 ], "autoUv": false },
				"east": { "texture": "#wood", "uv": [ 0.0, 0.0, 32.0, 32.0 ], "autoUv": false },
				"south": { "texture": "#wood", "uv": [ 0.0, 0.0, 32.0, 32.0 ], "autoUv": false },
				"west": { "texture": "#wood", "uv": [ 0.0, 0.0, 32.0, 32.0 ], "autoUv": false },
				"down": { "texture": "#wood", "uv": [ 0.0, 0.0, 32.0, 32.0 ], "autoUv": false }
			}
		},
		{
			"name": "Base4",
			"from": [ -2.0, 0.0, 4.0 ],
			"to": [ 12.0, 14.0, 6.0 ],
			"rotationOrigin": [ 6.0, 0.0, 10.0 ],
			"rotationY": -180.0,
			"faces": {
				"north": { "texture": "#wood", "uv": [ 0.0, 0.0, 32.0, 32.0 ], "autoUv": false },
				"east": { "texture": "#wood", "uv": [ 0.0, 0.0, 4.0, 32.0 ], "autoUv": false },
				"south": { "texture": "#wood", "uv": [ 0.0, 0.0, 32.0, 32.0 ], "autoUv": false },
				"west": { "texture": "#wood", "uv": [ 0.0, 0.0, 4.0, 32.0 ], "autoUv": false },
				"down": { "texture": "#wood", "uv": [ 0.0, 0.0, 32.0, 32.0 ], "autoUv": false }
			}
		}
	]}