{
	"editor": {
		"allAngles": false,
		"entityTextureMode": false
	},
	"textureWidth": 32,
	"textureHeight": 32,
	"textureSizes": {
	},
	"textures": {
		"metal": "game:block/metal/ingot/copper",
		"stone": "game:block/stone/rock/claystone1",
		"wood": "game:block/wood/planks/oak1"
	},
	"elements": [
		{
			"name": "Base",
			"from": [ 0.0, 0.0, 2.0 ],
			"to": [ 16.0, 14.0, 16.0 ],
			"rotationOrigin": [ 8.0, 0.0, 8.0 ],
			"rotationY": -180.0,
			"faces": {
				"north": { "texture": "#wood", "uv": [ 0.0, 0.0, 32.0, 32.0 ], "autoUv": false },
				"east": { "texture": "#wood", "uv": [ 0.0, 0.0, 32.0, 32.0 ], "autoUv": false },
				"south": { "texture": "#wood", "uv": [ 0.0, 0.0, 32.0, 32.0 ], "autoUv": false },
				"west": { "texture": "#wood", "uv": [ 0.0, 0.0, 32.0, 32.0 ], "autoUv": false },
				"down": { "texture": "#wood", "uv": [ 0.0, 0.0, 32.0, 32.0 ], "autoUv": false }
			}
		},
		{
			"name": "Top",
			"from": [ 0.0, 14.0, 0.0 ],
			"to": [ 16.0, 16.0, 16.0 ],
			"rotationOrigin": [ 8.0, 0.0, 8.0 ],
			"faces": {
				"north": { "texture": "#stone", "uv": [ 0.0, 0.0, 32.0, 6.0 ], "autoUv": false },
				"east": { "texture": "#stone", "uv": [ 0.0, 0.0, 32.0, 6.0 ], "autoUv": false },
				"south": { "texture": "#stone", "uv": [ 0.0, 0.0, 32.0, 6.0 ], "autoUv": false },
				"west": { "texture": "#stone", "uv": [ 0.0, 0.0, 32.0, 6.0 ], "autoUv": false },
				"up": { "texture": "#stone", "uv": [ 0.0, 0.0, 32.0, 32.0 ], "autoUv": false },
				"down": { "texture": "#stone", "uv": [ 0.0, 0.0, 32.0, 32.0 ], "autoUv": false }
			}
		},
		{
			"name": "Door",
			"from": [ 1.0, 1.0, 0.0 ],
			"to": [ 15.0, 13.0, 2.0 ],
			"rotationOrigin": [ 8.0, 0.0, 8.0 ],
			"rotationY": -180.0,
			"faces": {
				"north": { "texture": "#wood", "uv": [ 0.0, 0.0, 30.0, 30.0 ], "autoUv": false },
				"east": { "texture": "#wood", "uv": [ 0.0, 0.0, 6.0, 30.0 ], "autoUv": false },
				"west": { "texture": "#wood", "uv": [ 0.0, 0.0, 6.0, 30.0 ], "autoUv": false },
				"up": { "texture": "#wood", "uv": [ 0.0, 0.0, 30.0, 6.0 ], "autoUv": false },
				"down": { "texture": "#wood", "uv": [ 0.0, 0.0, 30.0, 6.0 ], "autoUv": false }
			}
		},
		{
			"name": "Hinge",
			"from": [ 15.0, 2.0, 1.0 ],
			"to": [ 16.0, 4.0, 2.0 ],
			"rotationOrigin": [ 8.0, 0.0, 8.0 ],
			"rotationY": -180.0,
			"faces": {
				"north": { "texture": "#metal", "uv": [ 0.0, 0.0, 4.0, 5.0 ], "autoUv": false },
				"east": { "texture": "#metal", "uv": [ 0.0, 0.0, 4.0, 5.0 ], "autoUv": false },
				"south": { "texture": "#metal", "uv": [ 0.0, 0.0, 4.0, 5.0 ], "autoUv": false },
				"west": { "texture": "#metal", "uv": [ 0.0, 0.0, 4.0, 5.0 ], "autoUv": false },
				"up": { "texture": "#metal", "uv": [ 0.0, 0.0, 3.0, 3.0 ], "autoUv": false },
				"down": { "texture": "#metal", "uv": [ 0.0, 0.0, 3.0, 3.0 ], "autoUv": false }
			}
		},
		{
			"name": "Hinge2",
			"from": [ 15.0, 10.0, 1.0 ],
			"to": [ 16.0, 12.0, 2.0 ],
			"rotationOrigin": [ 8.0, 0.0, 8.0 ],
			"rotationY": -180.0,
			"faces": {
				"north": { "texture": "#metal", "uv": [ 0.0, 0.0, 4.0, 5.0 ], "autoUv": false },
				"east": { "texture": "#metal", "uv": [ 0.0, 0.0, 4.0, 5.0 ], "autoUv": false },
				"south": { "texture": "#metal", "uv": [ 0.0, 0.0, 4.0, 5.0 ], "autoUv": false },
				"west": { "texture": "#metal", "uv": [ 0.0, 0.0, 4.0, 5.0 ], "autoUv": false },
				"up": { "texture": "#metal", "uv": [ 0.0, 0.0, 3.0, 3.0 ], "autoUv": false },
				"down": { "texture": "#metal", "uv": [ 0.0, 0.0, 3.0, 3.0 ], "autoUv": false }
			}
		},
		{
			"name": "Handle",
			"from": [ 2.0, 10.0, -1.0 ],
			"to": [ 3.0, 12.0, 0.0 ],
			"rotationOrigin": [ 8.0, 0.0, 8.0 ],
			"rotationY": -180.0,
			"faces": {
				"north": { "texture": "#metal", "uv": [ 0.0, 0.0, 4.0, 5.0 ], "autoUv": false },
				"east": { "texture": "#metal", "uv": [ 0.0, 0.0, 4.0, 5.0 ], "autoUv": false },
				"south": { "texture": "#metal", "uv": [ 0.0, 0.0, 4.0, 5.0 ], "autoUv": false },
				"west": { "texture": "#metal", "uv": [ 0.0, 0.0, 4.0, 5.0 ], "autoUv": false },
				"up": { "texture": "#metal", "uv": [ 0.0, 0.0, 3.0, 3.0 ], "autoUv": false },
				"down": { "texture": "#metal", "uv": [ 0.0, 0.0, 3.0, 3.0 ], "autoUv": false }
			}
		}
	]}