{
  "code": "logiccircuit",
  "class": "ItemGeneric",
  "enabled": true,

  "behaviors": [
    {
      "name": "GroundStorable",
      "properties": {
        "layout": "Quadrants",
        "collisionBox": {
          "x1": 0,
          "y1": 0,
          "z1": 0,
          "x2": 1,
          "y2": 0.125,
          "z2": 1
        }
      }
    }
  ],

  "texture": { "base": "items/parts/logic_circuit" },

  "creativeinventory": {
    "general": [ "*" ],
    "items": [ "*" ],
    "viescraftmachines": [ "*" ]
  },

  "maxstacksize": 64,

  "materialDensity": 900,

  "attributes": {
    "groundStorageTransform": {
      "rotation": {
        "x": 0,
        "y": 0,
        "z": 45
      },
      "translation": {
        "x": 0,
        "y": 0,
        "z": 0.02
      }
    }
  },

  "tpHandTransform": {
    "translation": {
      "x": -2.4,
      "y": -1.95,
      "z": -2.15
    },
    "rotation": {
      "x": -180,
      "y": -95,
      "z": -1
    },
    "scale": 0.25
  },
  "guiTransform": {
    "translation": {
      "x": -0.15,
      "y": 2,
      "z": 0
    },
    "rotation": {
      "x": 15,
      "y": 2,
      "z": -39
    },
    "origin": {
      "x": 0.65,
      "y": 0.5,
      "z": 0
    }
  }
}