{
  "code": "ignitionkey",
  "class": "ItemLockKey",
  "enabled": false,

  "behaviors": [
    {
      "name": "GroundStorable",
      "properties": {
        "layout": "Quadrants",
        "collisionBox": {
          "x1": 0,
          "y1": 0,
          "z1": 0,
          "x2": 1,
          "y2": 0.125,
          "z2": 1
        }
      }
    }
  ],

  "shapeByType": {
    "*": { "base": "items/shapeignitionkey" }
  },
  "texturesByType": {
    "*": {
      "default": { "base": "default" },
      "obsidian": { "base": "game:block/stone/rock/obsidian1" },
      "metal": { "base": "entities/machines/metalbasic" },
      "frame": { "base": "entities/machines/frame" },
      "connector": { "base": "items/parts/connector" }
    }
  },

  "creativeinventory": {
    "general": [ "*" ],
    "items": [ "*" ],
    "viescraftmachines": [ "*" ]
  },

  "maxstacksize": 1,

  "materialDensity": 900,

  "attributes": {
    "groundStorageTransform": {
      "rotation": {
        "x": 0,
        "y": 45,
        "z": 0
      },
      "translation": {
        "x": 0,
        "y": -0.125,
        "z": 0
      },
      "scale": 0.75
    }
  },

  "guiTransform": {
    "translation": {
      "x": 2.5,
      "y": 0,
      "z": 0
    },
    "rotation": {
      "x": 90,
      "y": 0,
      "z": 0
    },
    "origin": {
      "x": 0.5,
      "y": 0.6,
      "z": 0.5
    },
    "scale": 1.88
  },
  "fpHandTransform": {
    "translation": {
      "x": -0.5,
      "y": -0.3,
      "z": 0
    },
    "rotation": {
      "x": 10,
      "y": -160,
      "z": -93
    },
    "scale": 1.75
  },
  "tpHandTransform": {
    "translation": {
      "x": -1.4,
      "y": -1.4,
      "z": -0.7
    },
    "rotation": {
      "x": -33,
      "y": 111,
      "z": -147
    },
    "scale": 0.44
  },
  "groundTransform": {
    "translation": {
      "x": 0,
      "y": 0.25,
      "z": 0
    },
    "rotation": {
      "x": 0,
      "y": 0,
      "z": 0
    },
    "origin": {
      "x": 0.5,
      "y": 0.5,
      "z": 0.5299
    },
    "scale": 2.50
  }
}