{
	"editor": {
		"allAngles": false,
		"entityTextureMode": false
	},
	"textureWidth": 16,
	"textureHeight": 16,
	"textureSizes": {
	},
	"textures": {
		"alder_seeds": "item/resource/seeds/alder"
	},
	"elements": [
		{
			"name": "Cube2",
			"from": [ 7.75, 1.8, 5.5 ], 
			"to": [ 7.75, 6.8, 9.0 ], 
			"rotationOrigin": [ 7.75, 1.0, 7.8 ],
			"rotationX": 10.0,
			"rotationY": 70.0,
			"faces": {
				"north": { "texture": "#alder", "uv": [ 0.0, 0.0, 0.5, 5.0 ], "enabled": false },
				"east": { "texture": "#alder_seeds", "uv": [ 0.0, 0.0, 7.0, 10.0 ], "autoUv": false },
				"south": { "texture": "#alder", "uv": [ 0.0, 0.0, 0.5, 5.0 ], "enabled": false },
				"west": { "texture": "#alder", "uv": [ 0.0, 0.0, 3.5, 5.0 ], "enabled": false },
				"up": { "texture": "#alder", "uv": [ 0.0, 0.0, 0.5, 3.5 ], "enabled": false },
				"down": { "texture": "#alder", "uv": [ 0.0, 0.0, 0.5, 3.5 ], "enabled": false }
			},
			"children": [
				{
					"name": "Cube4",
					"from": [ -0.4, -1.9, 1.2917 ], 
					"to": [ 1.1, 0.1, 2.7917 ], 
					"rotationOrigin": [ -0.2, 0.0, 1.2917 ],
					"rotationX": 10.0,
					"rotationY": -24.0,
					"rotationZ": 8.0,
					"faces": {
						"north": { "texture": "#alder_seeds", "uv": [ 9.0, 6.0, 12.0, 10.0 ], "autoUv": false },
						"east": { "texture": "#alder_seeds", "uv": [ 9.0, 3.0, 12.0, 7.0 ], "autoUv": false },
						"south": { "texture": "#alder_seeds", "uv": [ 11.0, 6.0, 14.0, 10.0 ], "autoUv": false },
						"west": { "texture": "#alder_seeds", "uv": [ 9.0, 3.0, 12.0, 7.0 ], "autoUv": false },
						"up": { "texture": "#alder_seeds", "uv": [ 13.0, 4.0, 16.0, 7.0 ], "autoUv": false },
						"down": { "texture": "#alder_seeds", "uv": [ 9.0, 6.0, 12.0, 9.0 ], "autoUv": false }
					}
				},
				{
					"name": "Cube3",
					"from": [ -0.9, -0.5, 2.7 ], 
					"to": [ 0.6, 1.5, 4.2 ], 
					"rotationOrigin": [ -0.1, 1.5, 2.9497 ],
					"rotationX": -17.0,
					"rotationY": 10.0,
					"rotationZ": 5.0,
					"faces": {
						"north": { "texture": "#alder_seeds", "uv": [ 9.0, 6.0, 12.0, 10.0 ], "autoUv": false },
						"east": { "texture": "#alder_seeds", "uv": [ 9.0, 3.0, 12.0, 7.0 ], "autoUv": false },
						"south": { "texture": "#alder_seeds", "uv": [ 11.0, 6.0, 14.0, 10.0 ], "autoUv": false },
						"west": { "texture": "#alder_seeds", "uv": [ 9.0, 3.0, 12.0, 7.0 ], "autoUv": false },
						"up": { "texture": "#alder_seeds", "uv": [ 13.0, 4.0, 16.0, 7.0 ], "autoUv": false },
						"down": { "texture": "#alder_seeds", "uv": [ 9.0, 6.0, 12.0, 9.0 ], "autoUv": false }
					}
				},
				{
					"name": "Cube1",
					"from": [ -0.8, -1.0, -0.2 ], 
					"to": [ 0.7, 1.0, 1.3 ], 
					"rotationOrigin": [ 0.5, 1.0, 0.5 ],
					"rotationX": 14.0,
					"rotationY": -40.0,
					"rotationZ": 7.0,
					"faces": {
						"north": { "texture": "#alder_seeds", "uv": [ 9.0, 6.0, 12.0, 10.0 ], "autoUv": false },
						"east": { "texture": "#alder_seeds", "uv": [ 9.0, 3.0, 12.0, 7.0 ], "autoUv": false },
						"south": { "texture": "#alder_seeds", "uv": [ 11.0, 6.0, 14.0, 10.0 ], "autoUv": false },
						"west": { "texture": "#alder_seeds", "uv": [ 9.0, 3.0, 12.0, 7.0 ], "autoUv": false },
						"up": { "texture": "#alder_seeds", "uv": [ 13.0, 4.0, 16.0, 7.0 ], "autoUv": false },
						"down": { "texture": "#alder_seeds", "uv": [ 9.0, 6.0, 12.0, 9.0 ], "autoUv": false }
					}
				}
			]
		}
	]}