{
	"editor": {
		"allAngles": false,
		"entityTextureMode": false
	},
	"textureWidth": 16,
	"textureHeight": 16,
	"textureSizes": {
	},
	"textures": {
		"azobe": "item/resource/seeds/azobe"
	},
	"elements": [
		{
			"name": "Cube1",
			"from": [ 5.9, 0.4, 6.0 ], 
			"to": [ 7.9, 0.4, 12.5 ], 
			"rotationOrigin": [ 8.0, 0.0, 6.0 ],
			"rotationX": -7.0,
			"rotationY": -14.0,
			"rotationZ": -8.0,
			"faces": {
				"north": { "texture": "#azobe", "uv": [ 0.0, 0.0, 2.0, 1.0 ], "enabled": false },
				"east": { "texture": "#azobe", "uv": [ 0.0, 0.0, 6.0, 1.0 ], "enabled": false },
				"south": { "texture": "#azobe", "uv": [ 0.0, 0.0, 2.0, 1.0 ], "enabled": false },
				"west": { "texture": "#azobe", "uv": [ 0.0, 0.0, 6.0, 1.0 ], "enabled": false },
				"up": { "texture": "#azobe", "uv": [ 1.0, 0.0, 5.0, 13.0 ], "autoUv": false },
				"down": { "texture": "#azobe", "uv": [ 0.0, 0.0, 2.0, 6.0 ], "enabled": false }
			},
			"children": [
				{
					"name": "Cube2",
					"from": [ 2.75, 0.0, 0.3 ], 
					"to": [ 3.75, 0.0, 2.3 ], 
					"rotationOrigin": [ 2.2, 0.0, 0.0 ],
					"rotationY": 36.0,
					"rotationZ": 25.0,
					"faces": {
						"north": { "texture": "#azobe", "uv": [ 0.0, 0.0, 1.0, 1.0 ], "enabled": false },
						"east": { "texture": "#azobe", "uv": [ 0.0, 0.0, 2.0, 1.0 ], "enabled": false },
						"south": { "texture": "#azobe", "uv": [ 0.0, 0.0, 1.0, 1.0 ], "enabled": false },
						"west": { "texture": "#azobe", "uv": [ 0.0, 0.0, 2.0, 1.0 ], "enabled": false },
						"up": { "texture": "#azobe", "uv": [ 6.0, 0.0, 8.0, 4.0 ], "autoUv": false },
						"down": { "texture": "#azobe", "uv": [ 6.0, 0.0, 8.0, 4.0 ], "enabled": false, "autoUv": false }
					}
				}
			]
		},
		{
			"name": "Cube3",
			"from": [ 7.6, -0.1, 6.3 ], 
			"to": [ 9.1, 1.4, 8.3 ], 
			"rotationOrigin": [ 7.0, 0.0, 6.0 ],
			"faces": {
				"north": { "texture": "#azobe", "uv": [ 11.0, 0.0, 14.0, 3.0 ], "autoUv": false },
				"east": { "texture": "#azobe", "uv": [ 11.0, 0.0, 14.0, 4.0 ], "rotation": 90, "autoUv": false },
				"south": { "texture": "#azobe", "uv": [ 11.0, 3.0, 14.0, 6.0 ], "autoUv": false },
				"west": { "texture": "#azobe", "uv": [ 10.0, 0.0, 13.0, 4.0 ], "rotation": 270, "autoUv": false },
				"up": { "texture": "#azobe", "uv": [ 12.0, 0.0, 15.0, 4.0 ], "autoUv": false },
				"down": { "texture": "#azobe", "uv": [ 10.0, 1.0, 13.0, 5.0 ], "autoUv": false }
			},
			"children": [
				{
					"name": "Cube4",
					"from": [ 0.6, 0.6, 2.0 ], 
					"to": [ 0.9, 0.9, 3.5 ], 
					"rotationOrigin": [ 1.0, 0.0, 2.0 ],
					"faces": {
						"north": { "texture": "#azobe", "uv": [ 0.0, 0.0, 1.0, 1.0 ], "enabled": false },
						"east": { "texture": "#azobe", "uv": [ 10.0, 7.0, 12.0, 8.0 ], "autoUv": false },
						"south": { "texture": "#azobe", "uv": [ 10.0, 7.0, 11.0, 8.0 ], "autoUv": false },
						"west": { "texture": "#azobe", "uv": [ 10.0, 8.0, 12.0, 9.0 ], "autoUv": false },
						"up": { "texture": "#azobe", "uv": [ 10.0, 8.0, 11.0, 10.0 ], "autoUv": false },
						"down": { "texture": "#azobe", "uv": [ 11.0, 9.0, 12.0, 11.0 ], "autoUv": false }
					}
				},
				{
					"name": "Cube5",
					"from": [ 0.25, 0.25, -0.5 ], 
					"to": [ 1.25, 1.25, 0.0 ], 
					"rotationOrigin": [ 0.0, 0.0, -1.0 ],
					"faces": {
						"north": { "texture": "#azobe", "uv": [ 10.0, 9.0, 12.0, 11.0 ], "autoUv": false },
						"east": { "texture": "#azobe", "uv": [ 11.0, 0.0, 12.0, 2.0 ], "autoUv": false },
						"south": { "texture": "#azobe", "uv": [ 0.0, 0.0, 1.0, 1.0 ], "enabled": false },
						"west": { "texture": "#azobe", "uv": [ 14.0, 0.0, 15.0, 2.0 ], "autoUv": false },
						"up": { "texture": "#azobe", "uv": [ 10.0, 0.0, 12.0, 1.0 ], "autoUv": false },
						"down": { "texture": "#azobe", "uv": [ 12.0, 0.0, 14.0, 1.0 ], "autoUv": false }
					},
					"children": [
						{
							"name": "Cube6",
							"from": [ -0.05, 0.25, -1.0 ], 
							"to": [ 0.45, 0.75, 0.0 ], 
							"rotationOrigin": [ 0.4, 0.0, 0.0 ],
							"rotationX": 7.0,
							"rotationY": 22.0,
							"faces": {
								"north": { "texture": "#azobe", "uv": [ 12.0, 0.0, 13.0, 1.0 ] },
								"east": { "texture": "#azobe", "uv": [ 10.0, 0.0, 12.0, 1.0 ], "autoUv": false },
								"south": { "texture": "#azobe", "uv": [ 0.0, 0.0, 1.0, 1.0 ], "enabled": false },
								"west": { "texture": "#azobe", "uv": [ 11.0, 1.0, 13.0, 2.0 ], "autoUv": false },
								"up": { "texture": "#azobe", "uv": [ 10.0, 0.0, 11.0, 2.0 ], "autoUv": false },
								"down": { "texture": "#azobe", "uv": [ 14.0, 0.0, 15.0, 2.0 ], "autoUv": false }
							}
						}
					]
				}
			]
		}
	]}