{
	"editor": {
		"allAngles": false,
		"entityTextureMode": false
	},
	"textureWidth": 16,
	"textureHeight": 16,
	"textureSizes": {
	},
	"textures": {
		"bluemahoe": "item/resource/seeds/bluemahoe"
	},
	"elements": [
		{
			"name": "Cube1",
			"from": [ 7.25, 0.0, 6.25 ], 
			"to": [ 8.75, 0.5, 7.75 ], 
			"rotationOrigin": [ 8.0, 0.0, 7.0 ],
			"rotationX": 27.0,
			"rotationY": 5.0,
			"rotationZ": -13.0,
			"faces": {
				"north": { "texture": "#bluemahoe", "uv": [ 1.0, 14.0, 4.0, 15.0 ], "autoUv": false },
				"east": { "texture": "#bluemahoe", "uv": [ 2.0, 13.0, 5.0, 14.0 ], "autoUv": false },
				"south": { "texture": "#bluemahoe", "uv": [ 1.0, 13.0, 4.0, 14.0 ], "autoUv": false },
				"west": { "texture": "#bluemahoe", "uv": [ 1.0, 13.0, 4.0, 14.0 ], "autoUv": false },
				"up": { "texture": "#bluemahoe", "uv": [ 2.0, 12.0, 5.0, 15.0 ], "autoUv": false },
				"down": { "texture": "#bluemahoe", "uv": [ 1.0, 10.0, 4.0, 13.0 ], "autoUv": false }
			},
			"children": [
				{
					"name": "Cube2",
					"from": [ 0.75, 0.3, -0.5607 ], 
					"to": [ 2.25, 3.3, -0.0607 ], 
					"rotationOrigin": [ 0.75, 0.3, -0.3107 ],
					"rotationX": -54.736,
					"rotationY": -30.0,
					"rotationZ": -35.264,
					"faces": {
						"north": { "texture": "#bluemahoe", "uv": [ 1.0, 9.0, 4.0, 15.0 ], "autoUv": false },
						"east": { "texture": "#bluemahoe", "uv": [ 1.0, 7.0, 2.0, 13.0 ], "autoUv": false },
						"south": { "texture": "#bluemahoe", "uv": [ 2.0, 9.0, 5.0, 15.0 ], "autoUv": false },
						"west": { "texture": "#bluemahoe", "uv": [ 3.0, 7.0, 4.0, 13.0 ], "autoUv": false },
						"up": { "texture": "#bluemahoe", "uv": [ 1.0, 8.0, 4.0, 9.0 ], "autoUv": false },
						"down": { "texture": "#bluemahoe", "uv": [ 1.0, 14.0, 4.0, 15.0 ], "autoUv": false }
					},
					"children": [
						{
							"name": "Cube3",
							"from": [ 0.25, 3.0, 0.0 ], 
							"to": [ 1.25, 4.0, 0.5 ], 
							"rotationOrigin": [ 0.0, 3.0, 0.0 ],
							"rotationX": 20.0,
							"faces": {
								"north": { "texture": "#bluemahoe", "uv": [ 2.0, 7.0, 4.0, 9.0 ], "autoUv": false },
								"east": { "texture": "#bluemahoe", "uv": [ 1.0, 7.0, 2.0, 9.0 ], "autoUv": false },
								"south": { "texture": "#bluemahoe", "uv": [ 1.0, 7.0, 3.0, 9.0 ], "autoUv": false },
								"west": { "texture": "#bluemahoe", "uv": [ 3.0, 7.0, 4.0, 9.0 ], "autoUv": false },
								"up": { "texture": "#bluemahoe", "uv": [ 1.0, 7.0, 3.0, 8.0 ], "autoUv": false },
								"down": { "texture": "#bluemahoe", "uv": [ 0.0, 0.0, 2.0, 1.0 ], "enabled": false, "autoUv": false }
							}
						},
						{
							"name": "Cube10",
							"from": [ 0.25, 0.25, 0.5 ], 
							"to": [ 1.25, 3.25, 1.0 ], 
							"faces": {
								"north": { "texture": "#bluemahoe", "uv": [ 1.0, 1.0, 2.0, 4.0 ], "enabled": false },
								"east": { "texture": "#bluemahoe", "uv": [ 0.0, 0.0, 1.0, 6.0 ], "autoUv": false },
								"south": { "texture": "#bluemahoe", "uv": [ 1.0, 0.0, 3.0, 6.0 ], "autoUv": false },
								"west": { "texture": "#bluemahoe", "uv": [ 2.0, 0.0, 3.0, 6.0 ], "autoUv": false },
								"up": { "texture": "#bluemahoe", "uv": [ 0.0, 0.0, 2.0, 1.0 ], "autoUv": false },
								"down": { "texture": "#bluemahoe", "uv": [ 0.0, 3.0, 2.0, 4.0 ], "autoUv": false }
							},
							"children": [
								{
									"name": "Cube17",
									"from": [ 0.25, -0.6, 0.1 ], 
									"to": [ 0.75, 3.4, 0.6 ], 
									"faces": {
										"north": { "texture": "#bluemahoe", "uv": [ 0.0, 0.0, 1.0, 4.0 ], "enabled": false },
										"east": { "texture": "#bluemahoe", "uv": [ 3.0, 7.0, 4.0, 15.0 ], "autoUv": false },
										"south": { "texture": "#bluemahoe", "uv": [ 3.0, 7.0, 4.0, 15.0 ], "autoUv": false },
										"west": { "texture": "#bluemahoe", "uv": [ 2.0, 7.0, 3.0, 15.0 ], "autoUv": false },
										"up": { "texture": "#bluemahoe", "uv": [ 2.0, 10.0, 3.0, 11.0 ] },
										"down": { "texture": "#bluemahoe", "uv": [ 2.0, 8.0, 3.0, 9.0 ] }
									}
								}
							]
						}
					]
				},
				{
					"name": "Cube4",
					"from": [ 1.2071, 0.3, 0.4536 ], 
					"to": [ 1.7071, 3.3, 1.9536 ], 
					"rotationOrigin": [ 1.4571, 0.3, 1.1036 ],
					"rotationY": -25.0,
					"rotationZ": -45.0,
					"faces": {
						"north": { "texture": "#bluemahoe", "uv": [ 2.0, 7.0, 3.0, 13.0 ], "autoUv": false },
						"east": { "texture": "#bluemahoe", "uv": [ 2.0, 9.0, 5.0, 15.0 ], "autoUv": false },
						"south": { "texture": "#bluemahoe", "uv": [ 3.0, 8.0, 4.0, 14.0 ], "autoUv": false },
						"west": { "texture": "#bluemahoe", "uv": [ 0.0, 8.0, 3.0, 14.0 ], "autoUv": false },
						"up": { "texture": "#bluemahoe", "uv": [ 2.0, 7.0, 3.0, 10.0 ], "autoUv": false },
						"down": { "texture": "#bluemahoe", "uv": [ 4.0, 12.0, 5.0, 15.0 ], "autoUv": false }
					},
					"children": [
						{
							"name": "Cube8",
							"from": [ 0.0, 3.0, 0.25 ], 
							"to": [ 0.5, 4.0, 1.25 ], 
							"rotationOrigin": [ 0.5, 3.0, 0.0 ],
							"rotationZ": 20.0,
							"faces": {
								"north": { "texture": "#bluemahoe", "uv": [ 2.0, 7.0, 3.0, 9.0 ], "autoUv": false },
								"east": { "texture": "#bluemahoe", "uv": [ 1.0, 7.0, 3.0, 9.0 ], "autoUv": false },
								"south": { "texture": "#bluemahoe", "uv": [ 2.0, 7.0, 3.0, 9.0 ], "autoUv": false },
								"west": { "texture": "#bluemahoe", "uv": [ 3.0, 8.0, 5.0, 10.0 ], "autoUv": false },
								"up": { "texture": "#bluemahoe", "uv": [ 1.0, 7.0, 2.0, 9.0 ], "autoUv": false },
								"down": { "texture": "#bluemahoe", "uv": [ 0.0, 0.0, 1.0, 1.0 ], "enabled": false }
							}
						},
						{
							"name": "Cube11",
							"from": [ -0.5, 0.25, 0.25 ], 
							"to": [ 0.0, 3.25, 1.25 ], 
							"rotationOrigin": [ -1.0, 0.0, 0.0 ],
							"faces": {
								"north": { "texture": "#bluemahoe", "uv": [ 3.0, 0.0, 4.0, 6.0 ], "autoUv": false },
								"east": { "texture": "#bluemahoe", "uv": [ 1.0, 1.0, 2.0, 4.0 ], "enabled": false },
								"south": { "texture": "#bluemahoe", "uv": [ 1.0, 0.0, 2.0, 6.0 ], "autoUv": false },
								"west": { "texture": "#bluemahoe", "uv": [ 2.0, 0.0, 4.0, 6.0 ], "autoUv": false },
								"up": { "texture": "#bluemahoe", "uv": [ 0.0, 0.0, 1.0, 2.0 ], "autoUv": false },
								"down": { "texture": "#bluemahoe", "uv": [ 3.0, 3.0, 4.0, 5.0 ], "autoUv": false }
							},
							"children": [
								{
									"name": "Cube18",
									"from": [ -0.1, -0.6, 0.25 ], 
									"to": [ 0.4, 3.4, 0.75 ], 
									"faces": {
										"north": { "texture": "#bluemahoe", "uv": [ 2.0, 7.0, 3.0, 15.0 ], "autoUv": false },
										"east": { "texture": "#bluemahoe", "uv": [ 3.0, 9.0, 4.0, 13.0 ], "enabled": false },
										"south": { "texture": "#bluemahoe", "uv": [ 3.0, 7.0, 4.0, 15.0 ], "autoUv": false },
										"west": { "texture": "#bluemahoe", "uv": [ 1.0, 7.0, 2.0, 15.0 ], "autoUv": false },
										"up": { "texture": "#bluemahoe", "uv": [ 2.0, 8.0, 3.0, 9.0 ] },
										"down": { "texture": "#bluemahoe", "uv": [ 3.0, 8.0, 4.0, 9.0 ] }
									}
								}
							]
						}
					]
				},
				{
					"name": "Cube5",
					"from": [ 0.1464, 0.3, -0.6071 ], 
					"to": [ 0.6464, 3.3, 0.8929 ], 
					"rotationOrigin": [ 0.3964, 0.3, 0.0429 ],
					"rotationY": -65.0,
					"rotationZ": 45.0,
					"faces": {
						"north": { "texture": "#bluemahoe", "uv": [ 0.0, 8.0, 1.0, 14.0 ], "autoUv": false },
						"east": { "texture": "#bluemahoe", "uv": [ 1.0, 9.0, 4.0, 15.0 ], "autoUv": false },
						"south": { "texture": "#bluemahoe", "uv": [ 3.0, 8.0, 4.0, 14.0 ], "autoUv": false },
						"west": { "texture": "#bluemahoe", "uv": [ 0.0, 8.0, 3.0, 14.0 ], "autoUv": false },
						"up": { "texture": "#bluemahoe", "uv": [ 1.0, 8.0, 2.0, 11.0 ], "autoUv": false },
						"down": { "texture": "#bluemahoe", "uv": [ 2.0, 13.0, 3.0, 16.0 ], "autoUv": false }
					},
					"children": [
						{
							"name": "Cube9",
							"from": [ 0.0, 3.0, 0.25 ], 
							"to": [ 0.5, 4.0, 1.25 ], 
							"rotationOrigin": [ 0.0, 3.0, 0.0 ],
							"rotationZ": -20.0,
							"faces": {
								"north": { "texture": "#bluemahoe", "uv": [ 4.0, 8.0, 5.0, 10.0 ], "autoUv": false },
								"east": { "texture": "#bluemahoe", "uv": [ 3.0, 7.0, 5.0, 9.0 ], "autoUv": false },
								"south": { "texture": "#bluemahoe", "uv": [ 1.0, 7.0, 2.0, 9.0 ], "autoUv": false },
								"west": { "texture": "#bluemahoe", "uv": [ 1.0, 8.0, 3.0, 10.0 ], "autoUv": false },
								"up": { "texture": "#bluemahoe", "uv": [ 1.0, 7.0, 2.0, 9.0 ], "autoUv": false },
								"down": { "texture": "#bluemahoe", "uv": [ 0.0, 0.0, 1.0, 1.0 ], "enabled": false }
							}
						},
						{
							"name": "Cube15",
							"from": [ 0.5, 0.25, 0.25 ], 
							"to": [ 1.0, 3.25, 1.25 ], 
							"faces": {
								"north": { "texture": "#bluemahoe", "uv": [ 0.0, 0.0, 1.0, 6.0 ], "autoUv": false },
								"east": { "texture": "#bluemahoe", "uv": [ 1.0, 0.0, 3.0, 6.0 ], "autoUv": false },
								"south": { "texture": "#bluemahoe", "uv": [ 0.0, 0.0, 1.0, 6.0 ], "autoUv": false },
								"west": { "texture": "#bluemahoe", "uv": [ 0.0, 0.0, 1.0, 3.0 ], "enabled": false },
								"up": { "texture": "#bluemahoe", "uv": [ 0.0, 0.0, 1.0, 2.0 ], "autoUv": false },
								"down": { "texture": "#bluemahoe", "uv": [ 1.0, 2.0, 2.0, 4.0 ], "autoUv": false }
							},
							"children": [
								{
									"name": "Cube19",
									"from": [ 0.1, -0.6, 0.25 ], 
									"to": [ 0.6, 3.4, 0.75 ], 
									"faces": {
										"north": { "texture": "#bluemahoe", "uv": [ 1.0, 7.0, 2.0, 15.0 ], "autoUv": false },
										"east": { "texture": "#bluemahoe", "uv": [ 3.0, 7.0, 4.0, 15.0 ], "autoUv": false },
										"south": { "texture": "#bluemahoe", "uv": [ 3.0, 7.0, 4.0, 15.0 ], "autoUv": false },
										"west": { "texture": "#bluemahoe", "uv": [ 0.0, 0.0, 1.0, 4.0 ], "enabled": false },
										"up": { "texture": "#bluemahoe", "uv": [ 0.0, 12.0, 1.0, 13.0 ] },
										"down": { "texture": "#bluemahoe", "uv": [ 2.0, 8.0, 3.0, 9.0 ] }
									}
								}
							]
						}
					]
				},
				{
					"name": "Cube6",
					"from": [ -0.1232, 0.3, 1.3839 ], 
					"to": [ 1.3768, 3.3, 1.8839 ], 
					"rotationOrigin": [ 0.9268, 0.3, 1.6339 ],
					"rotationX": 41.727,
					"rotationY": -11.031,
					"rotationZ": 5.625,
					"faces": {
						"north": { "texture": "#bluemahoe", "uv": [ 3.0, 8.0, 6.0, 14.0 ], "autoUv": false },
						"east": { "texture": "#bluemahoe", "uv": [ 1.0, 7.0, 2.0, 13.0 ], "autoUv": false },
						"south": { "texture": "#bluemahoe", "uv": [ 1.0, 9.0, 4.0, 15.0 ], "autoUv": false },
						"west": { "texture": "#bluemahoe", "uv": [ 4.0, 8.0, 5.0, 14.0 ], "autoUv": false },
						"up": { "texture": "#bluemahoe", "uv": [ 0.0, 8.0, 3.0, 9.0 ], "autoUv": false },
						"down": { "texture": "#bluemahoe", "uv": [ 0.0, 13.0, 3.0, 14.0 ], "autoUv": false }
					},
					"children": [
						{
							"name": "Cube12",
							"from": [ 0.25, 3.0, 0.0 ], 
							"to": [ 1.25, 4.0, 0.5 ], 
							"rotationOrigin": [ 1.0, 3.0, 0.5 ],
							"rotationX": -20.0,
							"faces": {
								"north": { "texture": "#bluemahoe", "uv": [ 2.0, 8.0, 4.0, 10.0 ], "autoUv": false },
								"east": { "texture": "#bluemahoe", "uv": [ 4.0, 7.0, 5.0, 9.0 ], "autoUv": false },
								"south": { "texture": "#bluemahoe", "uv": [ 0.0, 7.0, 2.0, 9.0 ], "autoUv": false },
								"west": { "texture": "#bluemahoe", "uv": [ 2.0, 7.0, 3.0, 9.0 ], "autoUv": false },
								"up": { "texture": "#bluemahoe", "uv": [ 1.0, 7.0, 3.0, 8.0 ], "autoUv": false },
								"down": { "texture": "#bluemahoe", "uv": [ 0.0, 0.0, 1.0, 1.0 ], "enabled": false }
							}
						},
						{
							"name": "Cube16",
							"from": [ 0.25, 0.25, -0.5 ], 
							"to": [ 1.25, 3.25, 0.0 ], 
							"faces": {
								"north": { "texture": "#bluemahoe", "uv": [ 0.0, 0.0, 2.0, 6.0 ], "autoUv": false },
								"east": { "texture": "#bluemahoe", "uv": [ 2.0, 0.0, 3.0, 6.0 ], "autoUv": false },
								"south": { "texture": "#bluemahoe", "uv": [ 0.0, 0.0, 1.0, 6.0 ], "enabled": false, "autoUv": false },
								"west": { "texture": "#bluemahoe", "uv": [ 0.0, 0.0, 1.0, 6.0 ], "autoUv": false, "windMode": [-1,-1,-1,-1] },
								"up": { "texture": "#bluemahoe", "uv": [ 1.0, 1.0, 3.0, 2.0 ], "autoUv": false },
								"down": { "texture": "#bluemahoe", "uv": [ 1.0, 3.0, 3.0, 4.0 ], "autoUv": false }
							},
							"children": [
								{
									"name": "Cube20",
									"from": [ 0.25, -0.6, -0.1 ], 
									"to": [ 0.75, 3.4, 0.4 ], 
									"faces": {
										"north": { "texture": "#bluemahoe", "uv": [ 4.0, 7.0, 5.0, 15.0 ], "autoUv": false },
										"east": { "texture": "#bluemahoe", "uv": [ 0.0, 7.0, 1.0, 15.0 ], "autoUv": false },
										"south": { "texture": "#bluemahoe", "uv": [ 2.0, 7.0, 3.0, 11.0 ], "enabled": false },
										"west": { "texture": "#bluemahoe", "uv": [ 3.0, 7.0, 4.0, 15.0 ], "autoUv": false },
										"up": { "texture": "#bluemahoe", "uv": [ 3.0, 8.0, 4.0, 9.0 ] },
										"down": { "texture": "#bluemahoe", "uv": [ 5.0, 8.0, 6.0, 9.0 ] }
									}
								}
							]
						}
					]
				},
				{
					"name": "Cube7",
					"from": [ -0.5839, 0.3, 0.3232 ], 
					"to": [ 0.9161, 3.3, 0.8232 ], 
					"rotationOrigin": [ -0.1339, 0.3, 0.5732 ],
					"rotationX": 73.675,
					"rotationY": -47.1,
					"rotationZ": 72.266,
					"faces": {
						"north": { "texture": "#bluemahoe", "uv": [ 1.0, 8.0, 4.0, 14.0 ], "autoUv": false },
						"east": { "texture": "#bluemahoe", "uv": [ 2.0, 7.0, 3.0, 13.0 ], "autoUv": false },
						"south": { "texture": "#bluemahoe", "uv": [ 1.0, 9.0, 4.0, 15.0 ], "autoUv": false },
						"west": { "texture": "#bluemahoe", "uv": [ 1.0, 7.0, 2.0, 13.0 ], "autoUv": false },
						"up": { "texture": "#bluemahoe", "uv": [ 1.0, 7.0, 4.0, 8.0 ], "autoUv": false },
						"down": { "texture": "#bluemahoe", "uv": [ 1.0, 14.0, 4.0, 15.0 ], "autoUv": false }
					},
					"children": [
						{
							"name": "Cube13",
							"from": [ 0.25, 3.0, 0.0 ], 
							"to": [ 1.25, 4.0, 0.5 ], 
							"rotationOrigin": [ 0.0, 3.0, 0.5 ],
							"rotationX": -20.0,
							"faces": {
								"north": { "texture": "#bluemahoe", "uv": [ 0.0, 7.0, 2.0, 9.0 ], "autoUv": false },
								"east": { "texture": "#bluemahoe", "uv": [ 3.0, 8.0, 4.0, 10.0 ], "autoUv": false },
								"south": { "texture": "#bluemahoe", "uv": [ 2.0, 7.0, 4.0, 9.0 ], "autoUv": false },
								"west": { "texture": "#bluemahoe", "uv": [ 1.0, 8.0, 2.0, 10.0 ], "autoUv": false },
								"up": { "texture": "#bluemahoe", "uv": [ 2.0, 7.0, 4.0, 8.0 ], "autoUv": false },
								"down": { "texture": "#bluemahoe", "uv": [ 0.0, 0.0, 1.0, 1.0 ], "enabled": false }
							}
						},
						{
							"name": "Cube14",
							"from": [ 0.25, 0.25, -0.5 ], 
							"to": [ 1.25, 3.25, 0.0 ], 
							"rotationOrigin": [ 0.0, 0.0, -1.0 ],
							"faces": {
								"north": { "texture": "#bluemahoe", "uv": [ 1.0, 0.0, 3.0, 6.0 ], "autoUv": false },
								"east": { "texture": "#bluemahoe", "uv": [ 2.0, 0.0, 3.0, 6.0 ], "autoUv": false },
								"south": { "texture": "#bluemahoe", "uv": [ 0.0, 0.0, 1.0, 3.0 ], "enabled": false },
								"west": { "texture": "#bluemahoe", "uv": [ 3.0, 0.0, 4.0, 6.0 ], "autoUv": false },
								"up": { "texture": "#bluemahoe", "uv": [ 0.0, 1.0, 2.0, 2.0 ], "autoUv": false },
								"down": { "texture": "#bluemahoe", "uv": [ 2.0, 2.0, 4.0, 3.0 ], "autoUv": false }
							},
							"children": [
								{
									"name": "Cube21",
									"from": [ 0.25, -0.6, -0.1 ], 
									"to": [ 0.75, 3.4, 0.4 ], 
									"faces": {
										"north": { "texture": "#bluemahoe", "uv": [ 3.0, 7.0, 4.0, 15.0 ], "autoUv": false },
										"east": { "texture": "#bluemahoe", "uv": [ 3.0, 7.0, 4.0, 15.0 ], "autoUv": false },
										"south": { "texture": "#bluemahoe", "uv": [ 0.0, 7.0, 1.0, 15.0 ], "autoUv": false },
										"west": { "texture": "#bluemahoe", "uv": [ 0.0, 0.0, 1.0, 4.0 ], "enabled": false },
										"up": { "texture": "#bluemahoe", "uv": [ 3.0, 7.0, 4.0, 8.0 ] },
										"down": { "texture": "#bluemahoe", "uv": [ 3.0, 14.0, 4.0, 15.0 ] }
									}
								}
							]
						}
					]
				}
			]
		}
	]}