{
	"editor": {
		"allAngles": true,
		"entityTextureMode": false
	},
	"textureWidth": 8,
	"textureHeight": 8,
	"textureSizes": {
	},
	"textures": {
		"pinecone": "item/resource/seeds/cedar"
	},
	"elements": [
		{
			"name": "origin",
			"from": [ 8.0, 0.0, 8.0 ], 
			"to": [ 8.0, 0.0, 8.0 ], 
			"rotationOrigin": [ 8.0, 0.0, 8.0 ],
			"faces": {
				"north": { "texture": "#null", "uv": [ 0.0, 0.0, 0.5, 0.5 ], "enabled": false },
				"east": { "texture": "#null", "uv": [ 0.0, 0.0, 0.5, 0.5 ], "enabled": false },
				"south": { "texture": "#null", "uv": [ 0.0, 0.0, 0.5, 0.5 ], "enabled": false },
				"west": { "texture": "#null", "uv": [ 0.0, 0.0, 0.5, 0.5 ], "enabled": false },
				"up": { "texture": "#null", "uv": [ 0.0, 0.0, 0.5, 0.5 ], "enabled": false },
				"down": { "texture": "#null", "uv": [ 0.0, 0.0, 0.5, 0.5 ], "enabled": false }
			},
			"children": [
				{
					"name": "pinecone",
					"from": [ -1.5, 0.7, -1.5 ], 
					"to": [ 1.5, 2.7, 1.5 ], 
					"rotationOrigin": [ 0.0, 1.7, 0.0 ],
					"faces": {
						"north": { "texture": "#pinecone", "uv": [ 2.5, 3.5, 5.5, 5.5 ] },
						"east": { "texture": "#pinecone", "uv": [ 2.0, 4.0, 5.0, 6.0 ] },
						"south": { "texture": "#pinecone", "uv": [ 2.0, 5.5, 5.0, 7.5 ] },
						"west": { "texture": "#pinecone", "uv": [ 4.0, 5.0, 7.0, 7.0 ] },
						"up": { "texture": "#pinecone", "uv": [ 1.5, 4.5, 4.5, 7.5 ] },
						"down": { "texture": "#pinecone", "uv": [ 3.0, 4.0, 6.0, 7.0 ] }
					},
					"children": [
						{
							"name": "bottom",
							"from": [ 0.5, -1.0, 0.5 ], 
							"to": [ 2.5, 0.0, 2.5 ], 
							"rotationOrigin": [ 1.5, -1.0, 1.5 ],
							"faces": {
								"north": { "texture": "#pinecone", "uv": [ 2.5, 4.0, 4.5, 5.0 ] },
								"east": { "texture": "#pinecone", "uv": [ 3.0, 5.5, 5.0, 6.5 ] },
								"south": { "texture": "#pinecone", "uv": [ 3.0, 5.5, 5.0, 6.5 ] },
								"west": { "texture": "#pinecone", "uv": [ 2.5, 3.0, 4.5, 4.0 ] },
								"up": { "texture": "#pinecone", "uv": [ 0.0, 0.0, 2.0, 2.0 ], "enabled": false },
								"down": { "texture": "#pinecone", "uv": [ 6.0, 6.0, 8.0, 8.0 ] }
							}
						},
						{
							"name": "body1",
							"from": [ 0.3, 2.0, 0.3 ], 
							"to": [ 2.7, 3.5, 2.7 ], 
							"rotationOrigin": [ 1.5, 2.0, 1.5 ],
							"faces": {
								"north": { "texture": "#pinecone", "uv": [ 1.5, 3.0, 3.5, 4.5 ] },
								"east": { "texture": "#pinecone", "uv": [ 2.0, 2.5, 4.0, 4.0 ] },
								"south": { "texture": "#pinecone", "uv": [ 0.5, 3.5, 2.5, 5.0 ] },
								"west": { "texture": "#pinecone", "uv": [ 3.5, 2.5, 5.5, 4.0 ] },
								"up": { "texture": "#pinecone", "uv": [ 1.0, 4.0, 3.0, 6.0 ] },
								"down": { "texture": "#pinecone", "uv": [ 1.0, 0.0, 3.0, 2.0 ], "enabled": false }
							},
							"children": [
								{
									"name": "mE",
									"from": [ 1.9, 1.5, 0.0 ], 
									"to": [ 1.9, 2.5, 2.4 ], 
									"rotationOrigin": [ 1.9, 1.5, 1.2 ],
									"rotationZ": -45.0,
									"faces": {
										"north": { "texture": "#pinecone", "uv": [ 0.0, 0.0, 0.5, 1.0 ], "enabled": false },
										"east": { "texture": "#pinecone", "uv": [ 5.0, 1.0, 7.0, 2.0 ] },
										"south": { "texture": "#pinecone", "uv": [ 0.0, 0.0, 0.5, 1.0 ], "enabled": false },
										"west": { "texture": "#pinecone", "uv": [ 0.0, 0.0, 2.0, 1.0 ], "enabled": false },
										"up": { "texture": "#pinecone", "uv": [ 0.0, 0.0, 0.5, 2.0 ], "enabled": false },
										"down": { "texture": "#pinecone", "uv": [ 0.0, 0.0, 0.5, 2.0 ], "enabled": false }
									}
								},
								{
									"name": "mW",
									"from": [ 0.4, 1.5, 0.0 ], 
									"to": [ 0.4, 2.5, 2.4 ], 
									"rotationOrigin": [ 0.4, 1.5, 1.2 ],
									"rotationZ": 45.0,
									"faces": {
										"north": { "texture": "#pinecone", "uv": [ 0.0, 0.0, 0.5, 1.0 ], "enabled": false },
										"east": { "texture": "#pinecone", "uv": [ 4.0, 1.0, 6.0, 2.0 ], "enabled": false },
										"south": { "texture": "#pinecone", "uv": [ 0.0, 0.0, 0.5, 1.0 ], "enabled": false },
										"west": { "texture": "#pinecone", "uv": [ 5.0, 1.0, 7.0, 2.0 ] },
										"up": { "texture": "#pinecone", "uv": [ 0.0, 0.0, 0.5, 2.0 ], "enabled": false },
										"down": { "texture": "#pinecone", "uv": [ 0.0, 0.0, 0.5, 2.0 ], "enabled": false }
									}
								},
								{
									"name": "mN",
									"from": [ 0.0, 1.5, 0.4 ], 
									"to": [ 2.4, 2.5, 0.4 ], 
									"rotationOrigin": [ 1.2, 1.5, 0.4 ],
									"rotationX": -45.0,
									"faces": {
										"north": { "texture": "#pinecone", "uv": [ 4.0, 1.0, 6.0, 2.0 ] },
										"east": { "texture": "#pinecone", "uv": [ 0.0, 0.0, 0.5, 1.0 ], "enabled": false },
										"south": { "texture": "#pinecone", "uv": [ 0.0, 0.0, 2.0, 1.0 ], "enabled": false },
										"west": { "texture": "#pinecone", "uv": [ 0.0, 0.0, 0.5, 1.0 ], "enabled": false },
										"up": { "texture": "#pinecone", "uv": [ 0.0, 0.0, 2.0, 0.5 ], "enabled": false },
										"down": { "texture": "#pinecone", "uv": [ 0.0, 0.0, 2.0, 0.5 ], "enabled": false }
									}
								},
								{
									"name": "mS",
									"from": [ 0.0, 1.5, 1.8 ], 
									"to": [ 2.4, 2.5, 1.8 ], 
									"rotationOrigin": [ 1.2, 1.5, 1.8 ],
									"rotationX": 45.0,
									"faces": {
										"north": { "texture": "#pinecone", "uv": [ 4.0, 1.0, 6.0, 2.0 ], "enabled": false },
										"east": { "texture": "#pinecone", "uv": [ 0.0, 0.0, 0.5, 1.0 ], "enabled": false },
										"south": { "texture": "#pinecone", "uv": [ 5.0, 1.0, 7.0, 2.0 ] },
										"west": { "texture": "#pinecone", "uv": [ 0.0, 0.0, 0.5, 1.0 ], "enabled": false },
										"up": { "texture": "#pinecone", "uv": [ 0.0, 0.0, 2.0, 0.5 ], "enabled": false },
										"down": { "texture": "#pinecone", "uv": [ 0.0, 0.0, 2.0, 0.5 ], "enabled": false }
									}
								}
							]
						},
						{
							"name": "body2",
							"from": [ 0.7, 3.5, 0.7 ], 
							"to": [ 2.2, 4.5, 2.2 ], 
							"rotationOrigin": [ 1.5, 3.5, 1.5 ],
							"faces": {
								"north": { "texture": "#pinecone", "uv": [ 2.0, 3.5, 3.5, 4.5 ] },
								"east": { "texture": "#pinecone", "uv": [ 4.0, 3.0, 5.5, 4.0 ] },
								"south": { "texture": "#pinecone", "uv": [ 2.5, 4.0, 4.0, 5.0 ] },
								"west": { "texture": "#pinecone", "uv": [ 3.0, 5.0, 4.5, 6.0 ] },
								"up": { "texture": "#pinecone", "uv": [ 5.0, 2.5, 6.5, 4.0 ] },
								"down": { "texture": "#pinecone", "uv": [ 0.0, 0.0, 1.5, 1.5 ], "enabled": false }
							},
							"children": [
								{
									"name": "tip",
									"from": [ 0.5, 1.0, 0.5 ], 
									"to": [ 1.0, 1.5, 1.0 ], 
									"rotationOrigin": [ 0.75, 1.0, 0.75 ],
									"faces": {
										"north": { "texture": "#pinecone", "uv": [ 7.0, 7.0, 7.5, 7.5 ] },
										"east": { "texture": "#pinecone", "uv": [ 6.5, 7.0, 7.0, 7.5 ] },
										"south": { "texture": "#pinecone", "uv": [ 7.0, 7.0, 7.5, 7.5 ] },
										"west": { "texture": "#pinecone", "uv": [ 6.5, 6.5, 7.0, 7.0 ] },
										"up": { "texture": "#pinecone", "uv": [ 6.5, 7.0, 7.0, 7.5 ] },
										"down": { "texture": "#pinecone", "uv": [ 0.0, 0.0, 0.5, 0.5 ], "enabled": false }
									}
								},
								{
									"name": "tN",
									"from": [ 0.0, 1.0, 0.2 ], 
									"to": [ 1.5, 1.5, 0.2 ], 
									"rotationOrigin": [ 0.8, 1.0, 0.2 ],
									"rotationX": -45.0,
									"faces": {
										"north": { "texture": "#pinecone", "uv": [ 2.0, 0.5, 3.5, 1.0 ] },
										"east": { "texture": "#pinecone", "uv": [ 0.0, 0.0, 0.5, 0.5 ], "enabled": false },
										"south": { "texture": "#pinecone", "uv": [ 0.0, 0.0, 1.5, 0.5 ], "enabled": false },
										"west": { "texture": "#pinecone", "uv": [ 0.0, 0.0, 0.5, 0.5 ], "enabled": false },
										"up": { "texture": "#pinecone", "uv": [ 0.0, 0.0, 1.5, 0.5 ], "enabled": false },
										"down": { "texture": "#pinecone", "uv": [ 0.0, 0.0, 1.5, 0.5 ], "enabled": false }
									}
								},
								{
									"name": "tS",
									"from": [ 0.0, 1.0, 1.2 ], 
									"to": [ 1.5, 1.5, 1.2 ], 
									"rotationOrigin": [ 0.8, 1.0, 1.2 ],
									"rotationX": 45.0,
									"faces": {
										"north": { "texture": "#pinecone", "uv": [ 1.5, 0.5, 3.0, 1.0 ] },
										"east": { "texture": "#pinecone", "uv": [ 0.0, 0.0, 0.5, 0.5 ], "enabled": false },
										"south": { "texture": "#pinecone", "uv": [ 0.0, 0.0, 1.5, 0.5 ], "enabled": false },
										"west": { "texture": "#pinecone", "uv": [ 0.0, 0.0, 0.5, 0.5 ], "enabled": false },
										"up": { "texture": "#pinecone", "uv": [ 0.0, 0.0, 1.5, 0.5 ], "enabled": false },
										"down": { "texture": "#pinecone", "uv": [ 0.0, 0.0, 1.5, 0.5 ], "enabled": false }
									}
								},
								{
									"name": "tW",
									"from": [ 0.2, 1.0, 0.0 ], 
									"to": [ 0.2, 1.5, 1.5 ], 
									"rotationOrigin": [ 0.2, 1.0, 0.8 ],
									"rotationZ": 45.0,
									"faces": {
										"north": { "texture": "#pinecone", "uv": [ 0.0, 0.0, 0.5, 0.5 ], "enabled": false },
										"east": { "texture": "#pinecone", "uv": [ 0.0, 0.0, 1.5, 0.5 ], "enabled": false },
										"south": { "texture": "#pinecone", "uv": [ 0.0, 0.0, 0.5, 0.5 ], "enabled": false },
										"west": { "texture": "#pinecone", "uv": [ 1.0, 0.5, 2.5, 1.0 ] },
										"up": { "texture": "#pinecone", "uv": [ 0.0, 0.0, 0.5, 1.5 ], "enabled": false },
										"down": { "texture": "#pinecone", "uv": [ 0.0, 0.0, 0.5, 1.5 ], "enabled": false }
									}
								},
								{
									"name": "tE",
									"from": [ 1.2, 1.0, 0.0 ], 
									"to": [ 1.2, 1.5, 1.5 ], 
									"rotationOrigin": [ 1.2, 1.0, 0.8 ],
									"rotationZ": -45.0,
									"faces": {
										"north": { "texture": "#pinecone", "uv": [ 0.0, 0.0, 0.5, 0.5 ], "enabled": false },
										"east": { "texture": "#pinecone", "uv": [ 0.0, 0.5, 1.5, 1.0 ] },
										"south": { "texture": "#pinecone", "uv": [ 0.0, 0.0, 0.5, 0.5 ], "enabled": false },
										"west": { "texture": "#pinecone", "uv": [ 1.0, 0.5, 2.5, 1.0 ], "enabled": false },
										"up": { "texture": "#pinecone", "uv": [ 0.0, 0.0, 0.5, 1.5 ], "enabled": false },
										"down": { "texture": "#pinecone", "uv": [ 0.0, 0.0, 0.5, 1.5 ], "enabled": false }
									}
								}
							]
						},
						{
							"name": "bE",
							"from": [ 0.3, 2.0, 0.0 ], 
							"to": [ 0.3, 3.0, 3.0 ], 
							"rotationOrigin": [ 0.3, 2.0, 1.5 ],
							"rotationZ": 22.5,
							"faces": {
								"north": { "texture": "#pinecone", "uv": [ 0.0, 0.0, 0.5, 1.0 ], "enabled": false },
								"east": { "texture": "#pinecone", "uv": [ 0.0, 0.0, 3.0, 1.0 ], "enabled": false },
								"south": { "texture": "#pinecone", "uv": [ 0.0, 0.0, 0.5, 1.0 ], "enabled": false },
								"west": { "texture": "#pinecone", "uv": [ 0.0, 0.5, 3.0, 1.5 ] },
								"up": { "texture": "#pinecone", "uv": [ 0.0, 0.0, 0.5, 3.0 ], "enabled": false },
								"down": { "texture": "#pinecone", "uv": [ 0.0, 0.0, 0.5, 3.0 ], "enabled": false }
							}
						},
						{
							"name": "bW",
							"from": [ 2.7, 2.0, 0.0 ], 
							"to": [ 2.7, 3.0, 3.0 ], 
							"rotationOrigin": [ 2.7, 2.0, 1.5 ],
							"rotationZ": -22.5,
							"faces": {
								"north": { "texture": "#pinecone", "uv": [ 0.0, 0.0, 0.5, 1.0 ], "enabled": false },
								"east": { "texture": "#pinecone", "uv": [ 0.5, 0.5, 3.5, 1.5 ] },
								"south": { "texture": "#pinecone", "uv": [ 0.0, 0.0, 0.5, 1.0 ], "enabled": false },
								"west": { "texture": "#pinecone", "uv": [ 4.0, 1.0, 7.0, 2.0 ], "enabled": false },
								"up": { "texture": "#pinecone", "uv": [ 0.0, 0.0, 0.5, 3.0 ], "enabled": false },
								"down": { "texture": "#pinecone", "uv": [ 0.0, 0.0, 0.5, 3.0 ], "enabled": false }
							}
						},
						{
							"name": "bN",
							"from": [ 0.0, 2.0, 0.3 ], 
							"to": [ 3.0, 3.0, 0.3 ], 
							"rotationOrigin": [ 1.5, 2.0, 0.3 ],
							"rotationX": -22.5,
							"faces": {
								"north": { "texture": "#pinecone", "uv": [ 0.0, 0.5, 3.0, 1.5 ] },
								"east": { "texture": "#pinecone", "uv": [ 0.0, 0.0, 0.5, 1.0 ], "enabled": false },
								"south": { "texture": "#pinecone", "uv": [ 0.0, 0.0, 3.0, 1.0 ], "enabled": false },
								"west": { "texture": "#pinecone", "uv": [ 0.0, 0.0, 0.5, 1.0 ], "enabled": false },
								"up": { "texture": "#pinecone", "uv": [ 0.0, 0.0, 3.0, 0.5 ], "enabled": false },
								"down": { "texture": "#pinecone", "uv": [ 0.0, 0.0, 3.0, 0.5 ], "enabled": false }
							}
						},
						{
							"name": "bS",
							"from": [ 0.0, 2.0, 2.6 ], 
							"to": [ 3.0, 3.0, 2.6 ], 
							"rotationOrigin": [ 1.5, 2.0, 2.6 ],
							"rotationX": 22.5,
							"faces": {
								"north": { "texture": "#pinecone", "uv": [ 4.0, 1.0, 7.0, 2.0 ], "enabled": false },
								"east": { "texture": "#pinecone", "uv": [ 0.0, 0.0, 0.5, 1.0 ], "enabled": false },
								"south": { "texture": "#pinecone", "uv": [ 0.5, 0.5, 3.5, 1.5 ] },
								"west": { "texture": "#pinecone", "uv": [ 0.0, 0.0, 0.5, 1.0 ], "enabled": false },
								"up": { "texture": "#pinecone", "uv": [ 0.0, 0.0, 3.0, 0.5 ], "enabled": false },
								"down": { "texture": "#pinecone", "uv": [ 0.0, 0.0, 3.0, 0.5 ], "enabled": false }
							}
						},
						{
							"name": "dN",
							"from": [ 0.0, 1.0, 0.0 ], 
							"to": [ 3.0, 2.0, 0.0 ], 
							"rotationOrigin": [ 1.5, 1.0, 0.0 ],
							"rotationX": -36.0,
							"faces": {
								"north": { "texture": "#pinecone", "uv": [ 0.0, 0.5, 3.0, 1.5 ] },
								"east": { "texture": "#pinecone", "uv": [ 3.0, 0.0, 3.5, 1.0 ], "enabled": false },
								"south": { "texture": "#pinecone", "uv": [ 0.0, 0.0, 3.0, 1.0 ], "enabled": false },
								"west": { "texture": "#pinecone", "uv": [ 0.0, 0.0, 0.5, 1.0 ], "enabled": false },
								"up": { "texture": "#pinecone", "uv": [ 0.0, 0.0, 3.0, 0.5 ], "enabled": false },
								"down": { "texture": "#pinecone", "uv": [ 0.0, 0.0, 3.0, 0.5 ], "enabled": false }
							}
						},
						{
							"name": "dE",
							"from": [ 3.0, 1.0, 0.0 ], 
							"to": [ 3.0, 2.0, 3.0 ], 
							"rotationOrigin": [ 3.0, 1.0, 1.5 ],
							"rotationZ": -36.0,
							"faces": {
								"north": { "texture": "#pinecone", "uv": [ 0.0, 0.0, 0.5, 1.0 ], "enabled": false },
								"east": { "texture": "#pinecone", "uv": [ 0.0, 0.5, 3.0, 1.5 ] },
								"south": { "texture": "#pinecone", "uv": [ 0.0, 0.0, 0.5, 1.0 ], "enabled": false },
								"west": { "texture": "#pinecone", "uv": [ 0.0, 0.0, 3.0, 1.0 ], "enabled": false },
								"up": { "texture": "#pinecone", "uv": [ 0.0, 0.0, 0.5, 3.0 ], "enabled": false },
								"down": { "texture": "#pinecone", "uv": [ 0.0, 0.0, 0.5, 3.0 ], "enabled": false }
							}
						},
						{
							"name": "dW",
							"from": [ 0.0, 1.0, 0.0 ], 
							"to": [ 0.0, 2.0, 3.0 ], 
							"rotationOrigin": [ 0.0, 1.0, 1.5 ],
							"rotationZ": 36.0,
							"faces": {
								"north": { "texture": "#pinecone", "uv": [ 0.0, 0.0, 0.5, 1.0 ], "enabled": false },
								"east": { "texture": "#pinecone", "uv": [ 0.0, 0.5, 3.0, 1.5 ], "enabled": false },
								"south": { "texture": "#pinecone", "uv": [ 0.0, 0.0, 0.5, 1.0 ], "enabled": false },
								"west": { "texture": "#pinecone", "uv": [ 0.0, 0.5, 3.0, 1.5 ] },
								"up": { "texture": "#pinecone", "uv": [ 0.0, 0.0, 0.5, 3.0 ], "enabled": false },
								"down": { "texture": "#pinecone", "uv": [ 0.0, 0.0, 0.5, 3.0 ], "enabled": false }
							}
						},
						{
							"name": "dS",
							"from": [ 0.0, 1.0, 3.0 ], 
							"to": [ 3.0, 2.0, 3.0 ], 
							"rotationOrigin": [ 1.5, 1.0, 3.0 ],
							"rotationX": 36.0,
							"faces": {
								"north": { "texture": "#pinecone", "uv": [ 0.0, 0.5, 3.0, 1.5 ], "enabled": false },
								"east": { "texture": "#pinecone", "uv": [ 3.0, 0.0, 3.5, 1.0 ], "enabled": false },
								"south": { "texture": "#pinecone", "uv": [ 0.0, 0.5, 3.0, 1.5 ] },
								"west": { "texture": "#pinecone", "uv": [ 0.0, 0.0, 0.5, 1.0 ], "enabled": false },
								"up": { "texture": "#pinecone", "uv": [ 0.0, 0.0, 3.0, 0.5 ], "enabled": false },
								"down": { "texture": "#pinecone", "uv": [ 0.0, 0.0, 3.0, 0.5 ], "enabled": false }
							}
						}
					]
				}
			]
		}
	]}