{
	"editor": {
		"allAngles": false,
		"entityTextureMode": false
	},
	"textureWidth": 16,
	"textureHeight": 16,
	"textureSizes": {
	},
	"textures": {
		"eucalyptus_seed": "item/resource/seeds/eucalyptus"
	},
	"elements": [
		{
			"name": "Cube1",
			"from": [ 4.0, 1.0, 6.0 ], 
			"to": [ 5.0, 7.0, 7.0 ], 
			"rotationOrigin": [ 4.0, 1.0, 6.0 ],
			"rotationY": -25.0,
			"rotationZ": -87.0,
			"faces": {
				"north": { "texture": "#eucalyptus_seed", "uv": [ 2.0, 4.0, 4.0, 16.0 ], "autoUv": false },
				"east": { "texture": "#eucalyptus_seed", "uv": [ 0.0, 0.0, 2.0, 12.0 ], "autoUv": false },
				"south": { "texture": "#eucalyptus_seed", "uv": [ 2.0, 0.0, 4.0, 12.0 ], "autoUv": false },
				"west": { "texture": "#eucalyptus_seed", "uv": [ 0.0, 4.0, 2.0, 16.0 ], "autoUv": false },
				"up": { "texture": "#eucalyptus_seed", "uv": [ 2.0, 4.0, 4.0, 6.0 ], "autoUv": false },
				"down": { "texture": "#eucalyptus_seed", "uv": [ 0.0, 7.0, 2.0, 9.0 ], "autoUv": false }
			},
			"children": [
				{
					"name": "Cube2",
					"from": [ 0.0, 6.0, -0.02 ], 
					"to": [ 1.0, 9.0, 0.98 ], 
					"rotationOrigin": [ 0.0, 6.0, 0.0 ],
					"rotationZ": -15.0,
					"faces": {
						"north": { "texture": "#eucalyptus_seed", "uv": [ 0.0, 0.0, 2.0, 6.0 ], "autoUv": false },
						"east": { "texture": "#eucalyptus_seed", "uv": [ 0.0, 0.0, 2.0, 6.0 ], "autoUv": false },
						"south": { "texture": "#eucalyptus_seed", "uv": [ 0.0, 0.0, 2.0, 6.0 ], "autoUv": false },
						"west": { "texture": "#eucalyptus_seed", "uv": [ 0.0, 0.0, 2.0, 6.0 ], "autoUv": false },
						"up": { "texture": "#eucalyptus_seed", "uv": [ 0.0, 0.0, 2.0, 2.0 ], "autoUv": false },
						"down": { "texture": "#eucalyptus_seed", "uv": [ 0.0, 0.0, 2.0, 2.0 ], "autoUv": false }
					}
				},
				{
					"name": "Cube3",
					"from": [ -0.5, 2.8, -0.15 ], 
					"to": [ 0.5, 3.3, 0.35 ], 
					"rotationOrigin": [ -0.5, 2.8, -0.2 ],
					"rotationY": -10.0,
					"rotationZ": 15.0,
					"faces": {
						"north": { "texture": "#eucalyptus_seed", "uv": [ 0.0, 6.0, 2.0, 7.0 ], "autoUv": false },
						"east": { "texture": "#eucalyptus_seed", "uv": [ 0.0, 2.0, 2.0, 3.0 ], "autoUv": false },
						"south": { "texture": "#eucalyptus_seed", "uv": [ 0.0, 3.0, 2.0, 4.0 ], "autoUv": false },
						"west": { "texture": "#eucalyptus_seed", "uv": [ 0.0, 4.0, 2.0, 5.0 ], "autoUv": false },
						"up": { "texture": "#eucalyptus_seed", "uv": [ 0.0, 2.0, 2.0, 3.0 ], "autoUv": false },
						"down": { "texture": "#eucalyptus_seed", "uv": [ 0.0, 1.0, 2.0, 2.0 ], "autoUv": false }
					},
					"children": [
						{
							"name": "Cube4",
							"from": [ -1.5, -0.5, -0.5 ], 
							"to": [ 0.0, 1.0, 1.0 ], 
							"rotationOrigin": [ -1.5, -0.5, -0.5 ],
							"faces": {
								"north": { "texture": "#eucalyptus_seed", "uv": [ 13.0, 0.0, 16.0, 3.0 ], "rotation": 270, "autoUv": false },
								"east": { "texture": "#eucalyptus_seed", "uv": [ 13.0, 0.0, 16.0, 3.0 ], "autoUv": false },
								"south": { "texture": "#eucalyptus_seed", "uv": [ 13.0, 0.0, 16.0, 3.0 ], "rotation": 90, "autoUv": false },
								"west": { "texture": "#eucalyptus_seed", "uv": [ 9.0, 0.0, 12.0, 3.0 ], "rotation": 90, "autoUv": false },
								"up": { "texture": "#eucalyptus_seed", "uv": [ 13.0, 0.0, 16.0, 3.0 ], "autoUv": false },
								"down": { "texture": "#eucalyptus_seed", "uv": [ 13.0, 0.0, 16.0, 3.0 ], "rotation": 180, "autoUv": false }
							}
						}
					]
				},
				{
					"name": "Cube5",
					"from": [ -0.3, 6.7, 0.65 ], 
					"to": [ 0.2, 7.2, 1.15 ], 
					"rotationOrigin": [ -0.3, 6.7, 0.6 ],
					"rotationY": 20.0,
					"rotationZ": -30.0,
					"faces": {
						"north": { "texture": "#eucalyptus_seed", "uv": [ 0.0, 0.0, 1.0, 1.0 ] },
						"east": { "texture": "#eucalyptus_seed", "uv": [ 0.0, 0.0, 1.0, 1.0 ] },
						"south": { "texture": "#eucalyptus_seed", "uv": [ 0.0, 0.0, 1.0, 1.0 ] },
						"west": { "texture": "#eucalyptus_seed", "uv": [ 0.0, 0.0, 1.0, 1.0 ] },
						"up": { "texture": "#eucalyptus_seed", "uv": [ 0.0, 0.0, 1.0, 1.0 ] },
						"down": { "texture": "#eucalyptus_seed", "uv": [ 0.0, 0.0, 1.0, 1.0 ] }
					},
					"children": [
						{
							"name": "Cube6",
							"from": [ -1.5, -0.5, -0.5 ], 
							"to": [ 0.0, 1.0, 1.0 ], 
							"rotationOrigin": [ -1.5, -0.5, -0.5 ],
							"faces": {
								"north": { "texture": "#eucalyptus_seed", "uv": [ 13.0, 0.0, 16.0, 3.0 ], "rotation": 270, "autoUv": false },
								"east": { "texture": "#eucalyptus_seed", "uv": [ 13.0, 0.0, 16.0, 3.0 ], "autoUv": false },
								"south": { "texture": "#eucalyptus_seed", "uv": [ 13.0, 0.0, 16.0, 3.0 ], "rotation": 90, "autoUv": false },
								"west": { "texture": "#eucalyptus_seed", "uv": [ 9.0, 0.0, 12.0, 3.0 ], "rotation": 270, "autoUv": false },
								"up": { "texture": "#eucalyptus_seed", "uv": [ 13.0, 0.0, 16.0, 3.0 ], "autoUv": false },
								"down": { "texture": "#eucalyptus_seed", "uv": [ 13.0, 0.0, 16.0, 3.0 ], "rotation": 180, "autoUv": false }
							}
						}
					]
				},
				{
					"name": "Cube7",
					"from": [ -0.5, 4.5, -0.35 ], 
					"to": [ 0.5, 5.0, 0.15 ], 
					"rotationOrigin": [ 0.1, 4.5, -0.1 ],
					"rotationY": -60.0,
					"rotationZ": -10.0,
					"faces": {
						"north": { "texture": "#eucalyptus_seed", "uv": [ 1.0, 4.0, 3.0, 5.0 ], "autoUv": false },
						"east": { "texture": "#eucalyptus_seed", "uv": [ 0.0, 0.0, 1.0, 1.0 ] },
						"south": { "texture": "#eucalyptus_seed", "uv": [ 0.0, 0.0, 3.0, 1.0 ], "autoUv": false },
						"west": { "texture": "#eucalyptus_seed", "uv": [ 0.0, 0.0, 1.0, 1.0 ] },
						"up": { "texture": "#eucalyptus_seed", "uv": [ 1.0, 3.0, 3.0, 4.0 ], "autoUv": false },
						"down": { "texture": "#eucalyptus_seed", "uv": [ 1.0, 2.0, 3.0, 3.0 ], "autoUv": false }
					},
					"children": [
						{
							"name": "Cube8",
							"from": [ -1.5, -0.5, -0.5 ], 
							"to": [ 0.0, 1.0, 1.0 ], 
							"rotationOrigin": [ -1.5, -0.5, -0.5 ],
							"faces": {
								"north": { "texture": "#eucalyptus_seed", "uv": [ 13.0, 0.0, 16.0, 3.0 ], "rotation": 90, "autoUv": false },
								"east": { "texture": "#eucalyptus_seed", "uv": [ 13.0, 0.0, 16.0, 3.0 ], "rotation": 90, "autoUv": false },
								"south": { "texture": "#eucalyptus_seed", "uv": [ 13.0, 0.0, 16.0, 3.0 ], "rotation": 270, "autoUv": false },
								"west": { "texture": "#eucalyptus_seed", "uv": [ 9.0, 0.0, 12.0, 3.0 ], "autoUv": false },
								"up": { "texture": "#eucalyptus_seed", "uv": [ 13.0, 0.0, 16.0, 3.0 ], "rotation": 90, "autoUv": false },
								"down": { "texture": "#eucalyptus_seed", "uv": [ 13.0, 0.0, 16.0, 3.0 ], "rotation": 180, "autoUv": false }
							}
						}
					]
				},
				{
					"name": "Cube9",
					"from": [ 0.1, 2.0, 1.35 ], 
					"to": [ 1.1, 2.5, 1.85 ], 
					"rotationOrigin": [ 0.1, 2.0, 1.3 ],
					"rotationY": 67.5,
					"rotationZ": 25.0,
					"faces": {
						"north": { "texture": "#eucalyptus_seed", "uv": [ 0.0, 0.0, 2.0, 1.0 ], "autoUv": false },
						"east": { "texture": "#eucalyptus_seed", "uv": [ 0.0, 0.0, 2.0, 1.0 ], "autoUv": false },
						"south": { "texture": "#eucalyptus_seed", "uv": [ 1.0, 3.0, 3.0, 4.0 ], "autoUv": false },
						"west": { "texture": "#eucalyptus_seed", "uv": [ 1.0, 4.0, 3.0, 5.0 ], "autoUv": false },
						"up": { "texture": "#eucalyptus_seed", "uv": [ 1.0, 6.0, 3.0, 7.0 ], "autoUv": false },
						"down": { "texture": "#eucalyptus_seed", "uv": [ 0.0, 4.0, 2.0, 5.0 ], "autoUv": false }
					},
					"children": [
						{
							"name": "Cube10",
							"from": [ -1.5, -0.5, -0.5 ], 
							"to": [ 0.0, 1.0, 1.0 ], 
							"rotationOrigin": [ -1.5, -0.5, -0.5 ],
							"faces": {
								"north": { "texture": "#eucalyptus_seed", "uv": [ 13.0, 0.0, 16.0, 3.0 ], "rotation": 270, "autoUv": false },
								"east": { "texture": "#eucalyptus_seed", "uv": [ 13.0, 0.0, 16.0, 3.0 ], "rotation": 90, "autoUv": false },
								"south": { "texture": "#eucalyptus_seed", "uv": [ 13.0, 0.0, 16.0, 3.0 ], "rotation": 270, "autoUv": false },
								"west": { "texture": "#eucalyptus_seed", "uv": [ 9.0, 0.0, 12.0, 3.0 ], "rotation": 180, "autoUv": false },
								"up": { "texture": "#eucalyptus_seed", "uv": [ 13.0, 0.0, 16.0, 3.0 ], "rotation": 180, "autoUv": false },
								"down": { "texture": "#eucalyptus_seed", "uv": [ 13.0, 0.0, 16.0, 3.0 ], "rotation": 90, "autoUv": false }
							}
						}
					]
				}
			]
		}
	]}