{
	"editor": {
		"allAngles": true,
		"entityTextureMode": false
	},
	"textureWidth": 8,
	"textureHeight": 8,
	"textureSizes": {
	},
	"textures": {
		"spruce": "item/resource/seeds/fir"
	},
	"elements": [
		{
			"name": "origin",
			"from": [ 8.5, 0.0, 8.5 ], 
			"to": [ 8.5, 0.0, 8.5 ], 
			"rotationOrigin": [ 8.0, 0.0, 8.0 ],
			"faces": {
				"north": { "texture": "#spruce", "uv": [ 0.0, 0.0, 0.5, 0.5 ], "enabled": false },
				"east": { "texture": "#spruce", "uv": [ 0.0, 0.0, 0.5, 0.5 ], "enabled": false },
				"south": { "texture": "#spruce", "uv": [ 0.0, 0.0, 0.5, 0.5 ], "enabled": false },
				"west": { "texture": "#spruce", "uv": [ 0.0, 0.0, 0.5, 0.5 ], "enabled": false },
				"up": { "texture": "#spruce", "uv": [ 0.0, 0.0, 0.5, 0.5 ], "enabled": false },
				"down": { "texture": "#spruce", "uv": [ 0.0, 0.0, 0.5, 0.5 ], "enabled": false }
			},
			"children": [
				{
					"name": "pinecone",
					"from": [ -1.5, 0.7, -1.5 ], 
					"to": [ 0.5, 2.7, 0.5 ], 
					"rotationOrigin": [ 0.0, 1.7, 0.0 ],
					"faces": {
						"north": { "texture": "#spruce", "uv": [ 3.0, 3.5, 5.0, 5.5 ] },
						"east": { "texture": "#spruce", "uv": [ 2.0, 4.0, 4.0, 6.0 ] },
						"south": { "texture": "#spruce", "uv": [ 2.5, 5.5, 4.5, 7.5 ] },
						"west": { "texture": "#spruce", "uv": [ 4.5, 4.5, 6.5, 6.5 ] },
						"up": { "texture": "#spruce", "uv": [ 2.5, 4.5, 4.5, 6.5 ] },
						"down": { "texture": "#spruce", "uv": [ 3.0, 4.0, 5.0, 6.0 ] }
					},
					"children": [
						{
							"name": "bottom",
							"from": [ 0.25, -1.0, 0.25 ], 
							"to": [ 1.75, 0.0, 1.75 ], 
							"rotationOrigin": [ 1.5, -1.0, 1.5 ],
							"faces": {
								"north": { "texture": "#spruce", "uv": [ 2.5, 4.0, 4.0, 5.0 ] },
								"east": { "texture": "#spruce", "uv": [ 3.0, 5.5, 4.5, 6.5 ] },
								"south": { "texture": "#spruce", "uv": [ 3.0, 4.0, 4.5, 5.0 ] },
								"west": { "texture": "#spruce", "uv": [ 2.5, 3.0, 4.0, 4.0 ] },
								"up": { "texture": "#spruce", "uv": [ 0.0, 0.0, 1.5, 1.5 ], "enabled": false },
								"down": { "texture": "#spruce", "uv": [ 6.0, 6.0, 7.5, 7.5 ] }
							}
						},
						{
							"name": "body1",
							"from": [ 0.25, 2.0, 0.25 ], 
							"to": [ 1.75, 3.5, 1.75 ], 
							"rotationOrigin": [ 1.5, 2.0, 1.5 ],
							"faces": {
								"north": { "texture": "#spruce", "uv": [ 2.0, 2.5, 3.5, 4.0 ] },
								"east": { "texture": "#spruce", "uv": [ 2.0, 2.5, 3.5, 4.0 ] },
								"south": { "texture": "#spruce", "uv": [ 1.5, 3.5, 3.0, 5.0 ] },
								"west": { "texture": "#spruce", "uv": [ 3.5, 2.5, 5.0, 4.0 ] },
								"up": { "texture": "#spruce", "uv": [ 1.0, 4.0, 2.5, 5.5 ] },
								"down": { "texture": "#spruce", "uv": [ 1.0, 0.0, 2.5, 1.5 ], "enabled": false }
							},
							"children": [
								{
									"name": "bE",
									"from": [ -0.25, -0.25, -0.25 ], 
									"to": [ -0.25, 0.75, 1.75 ], 
									"rotationOrigin": [ -0.25, -0.25, 1.2 ],
									"rotationZ": 22.5,
									"faces": {
										"north": { "texture": "#spruce", "uv": [ 0.0, 0.0, 0.5, 1.0 ], "enabled": false },
										"east": { "texture": "#spruce", "uv": [ 0.0, 0.0, 2.0, 1.0 ], "enabled": false },
										"south": { "texture": "#spruce", "uv": [ 0.0, 0.0, 0.5, 1.0 ], "enabled": false },
										"west": { "texture": "#spruce", "uv": [ 4.5, 0.0, 6.5, 1.0 ] },
										"up": { "texture": "#spruce", "uv": [ 0.0, 0.0, 0.5, 2.0 ], "enabled": false },
										"down": { "texture": "#spruce", "uv": [ 0.0, 0.0, 0.5, 2.0 ], "enabled": false }
									}
								},
								{
									"name": "bW",
									"from": [ 1.75, -0.25, -0.25 ], 
									"to": [ 1.75, 0.75, 1.75 ], 
									"rotationOrigin": [ 1.75, -0.25, 1.2 ],
									"rotationZ": -22.5,
									"faces": {
										"north": { "texture": "#spruce", "uv": [ 0.0, 0.0, 0.5, 1.0 ], "enabled": false },
										"east": { "texture": "#spruce", "uv": [ 0.5, 0.0, 2.5, 1.0 ] },
										"south": { "texture": "#spruce", "uv": [ 0.0, 0.0, 0.5, 1.0 ], "enabled": false },
										"west": { "texture": "#spruce", "uv": [ 4.0, 1.0, 6.0, 2.0 ], "enabled": false },
										"up": { "texture": "#spruce", "uv": [ 0.0, 0.0, 0.5, 2.0 ], "enabled": false },
										"down": { "texture": "#spruce", "uv": [ 0.0, 0.0, 0.5, 2.0 ], "enabled": false }
									}
								},
								{
									"name": "bN",
									"from": [ -0.25, -0.25, -0.25 ], 
									"to": [ 1.75, 0.75, -0.25 ], 
									"rotationOrigin": [ 1.2, -0.25, -0.25 ],
									"rotationX": -22.5,
									"faces": {
										"north": { "texture": "#spruce", "uv": [ 0.5, 0.0, 2.5, 1.0 ] },
										"east": { "texture": "#spruce", "uv": [ 0.0, 0.0, 0.5, 1.0 ], "enabled": false },
										"south": { "texture": "#spruce", "uv": [ 0.0, 0.0, 2.0, 1.0 ], "enabled": false },
										"west": { "texture": "#spruce", "uv": [ 0.0, 0.0, 0.5, 1.0 ], "enabled": false },
										"up": { "texture": "#spruce", "uv": [ 0.0, 0.0, 2.0, 0.5 ], "enabled": false },
										"down": { "texture": "#spruce", "uv": [ 0.0, 0.0, 2.0, 0.5 ], "enabled": false }
									}
								},
								{
									"name": "bS",
									"from": [ -0.25, -0.25, 1.75 ], 
									"to": [ 1.75, 0.75, 1.75 ], 
									"rotationOrigin": [ 1.2, -0.25, 1.75 ],
									"rotationX": 22.5,
									"faces": {
										"north": { "texture": "#spruce", "uv": [ 4.0, 1.0, 6.0, 2.0 ], "enabled": false },
										"east": { "texture": "#spruce", "uv": [ 0.0, 0.0, 0.5, 1.0 ], "enabled": false },
										"south": { "texture": "#spruce", "uv": [ 0.5, 0.0, 2.5, 1.0 ] },
										"west": { "texture": "#spruce", "uv": [ 0.0, 0.0, 0.5, 1.0 ], "enabled": false },
										"up": { "texture": "#spruce", "uv": [ 0.0, 0.0, 2.0, 0.5 ], "enabled": false },
										"down": { "texture": "#spruce", "uv": [ 0.0, 0.0, 2.0, 0.5 ], "enabled": false }
									}
								},
								{
									"name": "body2",
									"from": [ 0.25, 1.5, 0.25 ], 
									"to": [ 1.25, 2.5, 1.25 ], 
									"rotationOrigin": [ 1.2, 1.0, 1.2 ],
									"faces": {
										"north": { "texture": "#spruce", "uv": [ 2.0, 3.5, 3.0, 4.5 ] },
										"east": { "texture": "#spruce", "uv": [ 4.0, 3.0, 5.0, 4.0 ] },
										"south": { "texture": "#spruce", "uv": [ 2.5, 4.0, 3.5, 5.0 ] },
										"west": { "texture": "#spruce", "uv": [ 3.0, 5.0, 4.0, 6.0 ] },
										"up": { "texture": "#spruce", "uv": [ 5.0, 2.5, 6.0, 3.5 ] },
										"down": { "texture": "#spruce", "uv": [ 0.0, 0.0, 1.0, 1.0 ], "enabled": false }
									},
									"children": [
										{
											"name": "tip",
											"from": [ 0.25, 1.0, 0.25 ], 
											"to": [ 0.75, 1.5, 0.75 ], 
											"rotationOrigin": [ 0.75, 1.5, 0.75 ],
											"faces": {
												"north": { "texture": "#spruce", "uv": [ 7.0, 7.0, 7.5, 7.5 ] },
												"east": { "texture": "#spruce", "uv": [ 6.5, 7.0, 7.0, 7.5 ] },
												"south": { "texture": "#spruce", "uv": [ 7.0, 7.0, 7.5, 7.5 ] },
												"west": { "texture": "#spruce", "uv": [ 6.5, 6.5, 7.0, 7.0 ] },
												"up": { "texture": "#spruce", "uv": [ 6.5, 7.0, 7.0, 7.5 ] },
												"down": { "texture": "#spruce", "uv": [ 0.0, 0.0, 0.5, 0.5 ], "enabled": false }
											}
										},
										{
											"name": "mE",
											"from": [ 1.25, -0.5, -0.25 ], 
											"to": [ 1.25, 0.5, 1.25 ], 
											"rotationOrigin": [ 1.25, -0.5, 0.8 ],
											"rotationZ": -20.0,
											"faces": {
												"north": { "texture": "#spruce", "uv": [ 0.0, 0.0, 0.5, 1.0 ], "enabled": false },
												"east": { "texture": "#spruce", "uv": [ 4.5, 0.0, 6.0, 1.0 ] },
												"south": { "texture": "#spruce", "uv": [ 0.0, 0.0, 0.5, 1.0 ], "enabled": false },
												"west": { "texture": "#spruce", "uv": [ 0.0, 0.0, 1.5, 1.0 ], "enabled": false },
												"up": { "texture": "#spruce", "uv": [ 0.0, 0.0, 0.5, 1.5 ], "enabled": false },
												"down": { "texture": "#spruce", "uv": [ 0.0, 0.0, 0.5, 1.5 ], "enabled": false }
											}
										},
										{
											"name": "mW",
											"from": [ -0.25, -0.5, -0.25 ], 
											"to": [ -0.25, 0.5, 1.25 ], 
											"rotationOrigin": [ -0.25, -0.5, 0.25 ],
											"rotationZ": 20.0,
											"faces": {
												"north": { "texture": "#spruce", "uv": [ 0.0, 0.0, 0.5, 1.0 ], "enabled": false },
												"east": { "texture": "#spruce", "uv": [ 4.0, 1.0, 5.5, 2.0 ], "enabled": false },
												"south": { "texture": "#spruce", "uv": [ 0.0, 0.0, 0.5, 1.0 ], "enabled": false },
												"west": { "texture": "#spruce", "uv": [ 2.5, 0.0, 4.0, 1.0 ] },
												"up": { "texture": "#spruce", "uv": [ 0.0, 0.0, 0.5, 1.5 ], "enabled": false },
												"down": { "texture": "#spruce", "uv": [ 0.0, 0.0, 0.5, 1.5 ], "enabled": false }
											}
										},
										{
											"name": "mN",
											"from": [ -0.25, -0.5, -0.25 ], 
											"to": [ 1.25, 0.5, -0.25 ], 
											"rotationOrigin": [ 0.25, -0.5, -0.25 ],
											"rotationX": -20.0,
											"faces": {
												"north": { "texture": "#spruce", "uv": [ 4.0, 0.0, 5.5, 1.0 ] },
												"east": { "texture": "#spruce", "uv": [ 0.0, 0.0, 0.5, 1.0 ], "enabled": false },
												"south": { "texture": "#spruce", "uv": [ 0.0, 0.0, 1.5, 1.0 ], "enabled": false },
												"west": { "texture": "#spruce", "uv": [ 0.0, 0.0, 0.5, 1.0 ], "enabled": false },
												"up": { "texture": "#spruce", "uv": [ 0.0, 0.0, 1.5, 0.5 ], "enabled": false },
												"down": { "texture": "#spruce", "uv": [ 0.0, 0.0, 1.5, 0.5 ], "enabled": false }
											}
										},
										{
											"name": "mS",
											"from": [ -0.25, -0.5, 1.25 ], 
											"to": [ 1.25, 0.5, 1.25 ], 
											"rotationOrigin": [ 0.25, -0.5, 1.25 ],
											"rotationX": 20.0,
											"faces": {
												"north": { "texture": "#spruce", "uv": [ 4.0, 1.0, 5.5, 2.0 ], "enabled": false },
												"east": { "texture": "#spruce", "uv": [ 0.0, 0.0, 0.5, 1.0 ], "enabled": false },
												"south": { "texture": "#spruce", "uv": [ 1.0, 0.0, 2.5, 1.0 ] },
												"west": { "texture": "#spruce", "uv": [ 0.0, 0.0, 0.5, 1.0 ], "enabled": false },
												"up": { "texture": "#spruce", "uv": [ 0.0, 0.0, 1.5, 0.5 ], "enabled": false },
												"down": { "texture": "#spruce", "uv": [ 0.0, 0.0, 1.5, 0.5 ], "enabled": false }
											}
										}
									]
								}
							]
						},
						{
							"name": "dN",
							"from": [ 0.0, 0.5, 0.0 ], 
							"to": [ 2.0, 1.5, 0.0 ], 
							"rotationOrigin": [ 1.5, 0.5, 0.0 ],
							"rotationX": -36.0,
							"faces": {
								"north": { "texture": "#spruce", "uv": [ 4.0, 0.0, 6.0, 1.0 ] },
								"east": { "texture": "#spruce", "uv": [ 3.0, 0.0, 3.5, 1.0 ], "enabled": false },
								"south": { "texture": "#spruce", "uv": [ 0.0, 0.0, 2.0, 1.0 ], "enabled": false },
								"west": { "texture": "#spruce", "uv": [ 0.0, 0.0, 0.5, 1.0 ], "enabled": false },
								"up": { "texture": "#spruce", "uv": [ 0.0, 0.0, 2.0, 0.5 ], "enabled": false },
								"down": { "texture": "#spruce", "uv": [ 0.0, 0.0, 2.0, 0.5 ], "enabled": false }
							}
						},
						{
							"name": "dE",
							"from": [ 2.0, 0.5, 0.0 ], 
							"to": [ 2.0, 1.5, 2.0 ], 
							"rotationOrigin": [ 2.0, 0.5, 1.5 ],
							"rotationZ": -36.0,
							"faces": {
								"north": { "texture": "#spruce", "uv": [ 0.0, 0.0, 0.5, 1.0 ], "enabled": false },
								"east": { "texture": "#spruce", "uv": [ 2.0, 0.0, 4.0, 1.0 ] },
								"south": { "texture": "#spruce", "uv": [ 0.0, 0.0, 0.5, 1.0 ], "enabled": false },
								"west": { "texture": "#spruce", "uv": [ 0.0, 0.0, 2.0, 1.0 ], "enabled": false },
								"up": { "texture": "#spruce", "uv": [ 0.0, 0.0, 0.5, 2.0 ], "enabled": false },
								"down": { "texture": "#spruce", "uv": [ 0.0, 0.0, 0.5, 2.0 ], "enabled": false }
							}
						},
						{
							"name": "dW",
							"from": [ 0.0, 0.5, 0.0 ], 
							"to": [ 0.0, 1.5, 2.0 ], 
							"rotationOrigin": [ 0.0, 0.5, 1.5 ],
							"rotationZ": 36.0,
							"faces": {
								"north": { "texture": "#spruce", "uv": [ 0.0, 0.0, 0.5, 1.0 ], "enabled": false },
								"east": { "texture": "#spruce", "uv": [ 0.0, 0.5, 2.0, 1.5 ], "enabled": false },
								"south": { "texture": "#spruce", "uv": [ 0.0, 0.0, 0.5, 1.0 ], "enabled": false },
								"west": { "texture": "#spruce", "uv": [ 5.0, 0.0, 7.0, 1.0 ] },
								"up": { "texture": "#spruce", "uv": [ 0.0, 0.0, 0.5, 2.0 ], "enabled": false },
								"down": { "texture": "#spruce", "uv": [ 0.0, 0.0, 0.5, 2.0 ], "enabled": false }
							}
						},
						{
							"name": "dS",
							"from": [ 0.0, 0.5, 2.0 ], 
							"to": [ 2.0, 1.5, 2.0 ], 
							"rotationOrigin": [ 1.5, 0.5, 2.0 ],
							"rotationX": 36.0,
							"faces": {
								"north": { "texture": "#spruce", "uv": [ 0.0, 0.5, 2.0, 1.5 ], "enabled": false },
								"east": { "texture": "#spruce", "uv": [ 3.0, 0.0, 3.5, 1.0 ], "enabled": false },
								"south": { "texture": "#spruce", "uv": [ 0.0, 0.0, 2.0, 1.0 ] },
								"west": { "texture": "#spruce", "uv": [ 0.0, 0.0, 0.5, 1.0 ], "enabled": false },
								"up": { "texture": "#spruce", "uv": [ 0.0, 0.0, 2.0, 0.5 ], "enabled": false },
								"down": { "texture": "#spruce", "uv": [ 0.0, 0.0, 2.0, 0.5 ], "enabled": false }
							}
						}
					]
				}
			]
		}
	]}