{
	"editor": {
		"allAngles": false,
		"entityTextureMode": false
	},
	"textureWidth": 16,
	"textureHeight": 16,
	"textureSizes": {
	},
	"textures": {
		"jacaranda": "item/resource/seeds/jacaranda"
	},
	"elements": [
		{
			"name": "Cube1",
			"from": [ 6.5, 0.0, 7.0 ], 
			"to": [ 8.5, 0.5, 9.5 ], 
			"rotationOrigin": [ 6.0, 0.0, 7.0 ],
			"rotationY": 17.0,
			"faces": {
				"north": { "texture": "#jacaranda", "uv": [ 2.0, 3.0, 6.0, 4.0 ], "autoUv": false },
				"east": { "texture": "#jacaranda", "uv": [ 1.0, 3.0, 6.0, 4.0 ], "autoUv": false },
				"south": { "texture": "#jacaranda", "uv": [ 0.0, 0.0, 4.0, 1.0 ], "autoUv": false },
				"west": { "texture": "#jacaranda", "uv": [ 0.0, 1.0, 5.0, 2.0 ], "autoUv": false },
				"up": { "texture": "#jacaranda", "uv": [ 0.0, 0.0, 4.0, 5.0 ], "autoUv": false },
				"down": { "texture": "#jacaranda", "uv": [ 0.0, 0.0, 4.0, 5.0 ], "autoUv": false }
			},
			"children": [
				{
					"name": "Cube2",
					"from": [ 0.0, 0.0, -1.0 ], 
					"to": [ 2.0, 0.5, 0.0 ], 
					"rotationOrigin": [ 0.5, 0.0, 0.0 ],
					"rotationX": 22.5,
					"faces": {
						"north": { "texture": "#jacaranda", "uv": [ 0.0, 4.0, 4.0, 5.0 ], "autoUv": false },
						"east": { "texture": "#jacaranda", "uv": [ 3.0, 3.0, 5.0, 4.0 ], "autoUv": false },
						"south": { "texture": "#jacaranda", "uv": [ 0.0, 0.0, 4.0, 1.0 ], "enabled": false, "autoUv": false },
						"west": { "texture": "#jacaranda", "uv": [ 2.0, 6.0, 4.0, 7.0 ], "autoUv": false },
						"up": { "texture": "#jacaranda", "uv": [ 0.0, 0.0, 4.0, 2.0 ], "autoUv": false },
						"down": { "texture": "#jacaranda", "uv": [ 1.0, 2.0, 5.0, 4.0 ], "autoUv": false }
					}
				},
				{
					"name": "Cube3",
					"from": [ 0.0, 0.0, 2.5 ], 
					"to": [ 2.0, 0.5, 3.5 ], 
					"rotationOrigin": [ 1.5, 0.0, 2.5 ],
					"rotationX": -22.5,
					"faces": {
						"north": { "texture": "#jacaranda", "uv": [ 0.0, 0.0, 2.0, 1.0 ], "enabled": false },
						"east": { "texture": "#jacaranda", "uv": [ 3.0, 3.0, 5.0, 4.0 ], "autoUv": false },
						"south": { "texture": "#jacaranda", "uv": [ 1.0, 3.0, 5.0, 4.0 ], "autoUv": false },
						"west": { "texture": "#jacaranda", "uv": [ 0.0, 0.0, 2.0, 1.0 ], "autoUv": false },
						"up": { "texture": "#jacaranda", "uv": [ 3.0, 3.0, 7.0, 5.0 ], "autoUv": false },
						"down": { "texture": "#jacaranda", "uv": [ 1.0, 2.0, 5.0, 4.0 ], "autoUv": false }
					}
				},
				{
					"name": "Cube4",
					"from": [ 2.0, 0.0, -0.25 ], 
					"to": [ 3.0, 0.5, 2.75 ], 
					"rotationOrigin": [ 2.0, 0.0, 0.0 ],
					"rotationZ": 45.0,
					"faces": {
						"north": { "texture": "#jacaranda", "uv": [ 3.0, 5.0, 5.0, 6.0 ], "autoUv": false },
						"east": { "texture": "#jacaranda", "uv": [ 0.0, 3.0, 6.0, 4.0 ], "autoUv": false },
						"south": { "texture": "#jacaranda", "uv": [ 3.0, 2.0, 5.0, 3.0 ], "autoUv": false },
						"west": { "texture": "#jacaranda", "uv": [ 0.0, 0.0, 5.0, 1.0 ], "enabled": false, "autoUv": false },
						"up": { "texture": "#jacaranda", "uv": [ 0.0, 0.0, 2.0, 6.0 ], "autoUv": false },
						"down": { "texture": "#jacaranda", "uv": [ 3.0, 0.0, 5.0, 6.0 ], "autoUv": false }
					}
				},
				{
					"name": "Cube5",
					"from": [ -1.0, 0.0, -0.25 ], 
					"to": [ 0.0, 0.5, 2.75 ], 
					"rotationOrigin": [ 0.0, 0.0, 0.0 ],
					"rotationZ": -45.0,
					"faces": {
						"north": { "texture": "#jacaranda", "uv": [ 0.0, 0.0, 2.0, 1.0 ], "autoUv": false },
						"east": { "texture": "#jacaranda", "uv": [ 0.0, 0.0, 3.0, 1.0 ], "enabled": false },
						"south": { "texture": "#jacaranda", "uv": [ 0.0, 0.0, 2.0, 1.0 ], "autoUv": false },
						"west": { "texture": "#jacaranda", "uv": [ 0.0, 2.0, 6.0, 3.0 ], "autoUv": false },
						"up": { "texture": "#jacaranda", "uv": [ 3.0, 2.0, 5.0, 8.0 ], "autoUv": false },
						"down": { "texture": "#jacaranda", "uv": [ 0.0, 0.0, 2.0, 6.0 ], "autoUv": false }
					}
				},
				{
					"name": "Cube11",
					"from": [ 0.75, 0.5, -2.2 ], 
					"to": [ 1.25, 1.0, -0.7 ], 
					"rotationOrigin": [ 1.0, 1.0, -0.8 ],
					"rotationX": -22.5,
					"rotationY": 22.5,
					"rotationZ": -4.0,
					"faces": {
						"north": { "texture": "#jacaranda", "uv": [ 3.0, 1.0, 4.0, 2.0 ], "autoUv": false },
						"east": { "texture": "#jacaranda", "uv": [ 2.0, 3.0, 5.0, 4.0 ], "autoUv": false },
						"south": { "texture": "#jacaranda", "uv": [ 0.0, 0.0, 1.0, 1.0 ], "enabled": false },
						"west": { "texture": "#jacaranda", "uv": [ 0.0, 2.0, 3.0, 3.0 ], "autoUv": false },
						"up": { "texture": "#jacaranda", "uv": [ 4.0, 0.0, 5.0, 3.0 ], "autoUv": false },
						"down": { "texture": "#jacaranda", "uv": [ 2.0, 6.0, 3.0, 9.0 ], "autoUv": false }
					}
				}
			]
		},
		{
			"name": "Cube6",
			"from": [ 6.5, 1.25, 7.0 ], 
			"to": [ 8.5, 1.75, 9.5 ], 
			"rotationOrigin": [ 6.0, 1.2, 7.0 ],
			"rotationX": -22.5,
			"rotationY": 17.0,
			"faces": {
				"north": { "texture": "#jacaranda", "uv": [ 0.0, 1.0, 4.0, 2.0 ], "autoUv": false },
				"east": { "texture": "#jacaranda", "uv": [ 2.0, 4.0, 7.0, 5.0 ], "autoUv": false },
				"south": { "texture": "#jacaranda", "uv": [ 2.0, 3.0, 6.0, 4.0 ], "autoUv": false },
				"west": { "texture": "#jacaranda", "uv": [ 1.0, 4.0, 6.0, 5.0 ], "autoUv": false },
				"up": { "texture": "#jacaranda", "uv": [ 2.0, 2.0, 6.0, 7.0 ], "autoUv": false },
				"down": { "texture": "#jacaranda", "uv": [ 3.0, 0.0, 7.0, 5.0 ], "autoUv": false }
			},
			"children": [
				{
					"name": "Cube7",
					"from": [ 0.0, 0.0, -1.0 ], 
					"to": [ 2.0, 0.5, 0.0 ], 
					"rotationOrigin": [ 1.0, 0.5, 0.0 ],
					"rotationX": -22.5,
					"faces": {
						"north": { "texture": "#jacaranda", "uv": [ 2.0, 3.0, 6.0, 4.0 ], "autoUv": false },
						"east": { "texture": "#jacaranda", "uv": [ 0.0, 0.0, 2.0, 1.0 ], "autoUv": false },
						"south": { "texture": "#jacaranda", "uv": [ 0.0, 0.0, 2.0, 1.0 ], "enabled": false },
						"west": { "texture": "#jacaranda", "uv": [ 3.0, 2.0, 5.0, 3.0 ], "autoUv": false },
						"up": { "texture": "#jacaranda", "uv": [ 2.0, 2.0, 6.0, 4.0 ], "autoUv": false },
						"down": { "texture": "#jacaranda", "uv": [ 0.0, 0.0, 4.0, 2.0 ], "autoUv": false }
					}
				},
				{
					"name": "Cube8",
					"from": [ 0.0, 0.0, 2.5 ], 
					"to": [ 2.0, 0.5, 3.5 ], 
					"rotationOrigin": [ 1.5, 0.5, 2.5 ],
					"rotationX": 22.5,
					"faces": {
						"north": { "texture": "#jacaranda", "uv": [ 0.0, 0.0, 2.0, 1.0 ], "enabled": false },
						"east": { "texture": "#jacaranda", "uv": [ 2.0, 3.0, 4.0, 4.0 ], "autoUv": false },
						"south": { "texture": "#jacaranda", "uv": [ 3.0, 3.0, 7.0, 4.0 ], "autoUv": false },
						"west": { "texture": "#jacaranda", "uv": [ 2.0, 2.0, 4.0, 3.0 ], "autoUv": false },
						"up": { "texture": "#jacaranda", "uv": [ 0.0, 3.0, 4.0, 5.0 ], "autoUv": false },
						"down": { "texture": "#jacaranda", "uv": [ 3.0, 4.0, 7.0, 6.0 ], "autoUv": false }
					}
				},
				{
					"name": "Cube9",
					"from": [ 2.0, 0.0, -0.25 ], 
					"to": [ 3.0, 0.5, 2.75 ], 
					"rotationOrigin": [ 2.0, 0.5, 0.0 ],
					"rotationZ": -40.0,
					"faces": {
						"north": { "texture": "#jacaranda", "uv": [ 0.0, 0.0, 2.0, 1.0 ], "autoUv": false },
						"east": { "texture": "#jacaranda", "uv": [ 0.0, 3.0, 6.0, 4.0 ], "autoUv": false },
						"south": { "texture": "#jacaranda", "uv": [ 4.0, 1.0, 6.0, 2.0 ], "autoUv": false },
						"west": { "texture": "#jacaranda", "uv": [ 0.0, 0.0, 3.0, 1.0 ], "enabled": false },
						"up": { "texture": "#jacaranda", "uv": [ 4.0, 1.0, 6.0, 7.0 ], "autoUv": false },
						"down": { "texture": "#jacaranda", "uv": [ 1.0, 1.0, 3.0, 7.0 ], "autoUv": false }
					}
				},
				{
					"name": "Cube10",
					"from": [ -1.0, 0.0, -0.25 ], 
					"to": [ 0.0, 0.5, 2.75 ], 
					"rotationOrigin": [ 0.0, 0.5, 0.0 ],
					"rotationZ": 45.0,
					"faces": {
						"north": { "texture": "#jacaranda", "uv": [ 0.0, 0.0, 2.0, 1.0 ], "autoUv": false },
						"east": { "texture": "#jacaranda", "uv": [ 0.0, 0.0, 5.0, 1.0 ], "enabled": false, "autoUv": false },
						"south": { "texture": "#jacaranda", "uv": [ 1.0, 5.0, 3.0, 6.0 ], "autoUv": false },
						"west": { "texture": "#jacaranda", "uv": [ 0.0, 3.0, 6.0, 4.0 ], "autoUv": false },
						"up": { "texture": "#jacaranda", "uv": [ 3.0, 2.0, 5.0, 8.0 ], "autoUv": false },
						"down": { "texture": "#jacaranda", "uv": [ 2.0, 3.0, 4.0, 9.0 ], "autoUv": false }
					}
				}
			]
		},
		{
			"name": "Cube12",
			"from": [ 7.0, 1.1, 8.0 ], 
			"to": [ 9.0, 1.1, 10.5 ], 
			"rotationOrigin": [ 7.0, 1.0, 8.0 ],
			"rotationX": 6.0,
			"rotationY": 5.0,
			"faces": {
				"north": { "texture": "#jacaranda", "uv": [ 0.0, 0.0, 2.0, 1.0 ], "enabled": false },
				"east": { "texture": "#jacaranda", "uv": [ 0.0, 0.0, 2.0, 1.0 ], "enabled": false },
				"south": { "texture": "#jacaranda", "uv": [ 0.0, 0.0, 2.0, 1.0 ], "enabled": false },
				"west": { "texture": "#jacaranda", "uv": [ 0.0, 0.0, 2.0, 1.0 ], "enabled": false },
				"up": { "texture": "#jacaranda", "uv": [ 8.0, 0.0, 12.0, 5.0 ], "autoUv": false },
				"down": { "texture": "#jacaranda", "uv": [ 0.0, 0.0, 2.0, 2.0 ], "enabled": false }
			},
			"children": [
				{
					"name": "Cube13",
					"from": [ 0.75, -0.2, 1.0 ], 
					"to": [ 1.25, 0.2, 1.5 ], 
					"rotationOrigin": [ 0.0, 0.0, 1.0 ],
					"faces": {
						"north": { "texture": "#jacaranda", "uv": [ 8.0, 7.0, 9.0, 8.0 ] },
						"east": { "texture": "#jacaranda", "uv": [ 8.0, 8.0, 9.0, 9.0 ] },
						"south": { "texture": "#jacaranda", "uv": [ 9.0, 8.0, 10.0, 9.0 ] },
						"west": { "texture": "#jacaranda", "uv": [ 9.0, 8.0, 10.0, 9.0 ] },
						"up": { "texture": "#jacaranda", "uv": [ 9.0, 7.0, 10.0, 8.0 ] },
						"down": { "texture": "#jacaranda", "uv": [ 8.0, 8.0, 9.0, 9.0 ] }
					}
				}
			]
		},
		{
			"name": "Cube14",
			"from": [ 8.4, 1.5, 9.0 ], 
			"to": [ 10.4, 1.5, 11.5 ], 
			"rotationOrigin": [ 8.0, 1.0, 9.0 ],
			"rotationX": 38.0,
			"rotationY": 28.0,
			"rotationZ": -20.0,
			"faces": {
				"north": { "texture": "#jacaranda", "uv": [ 0.0, 0.0, 2.0, 1.0 ], "enabled": false },
				"east": { "texture": "#jacaranda", "uv": [ 0.0, 0.0, 2.0, 1.0 ], "enabled": false },
				"south": { "texture": "#jacaranda", "uv": [ 0.0, 0.0, 2.0, 1.0 ], "enabled": false },
				"west": { "texture": "#jacaranda", "uv": [ 0.0, 0.0, 2.0, 1.0 ], "enabled": false },
				"up": { "texture": "#jacaranda", "uv": [ 8.0, 0.0, 12.0, 5.0 ], "autoUv": false },
				"down": { "texture": "#jacaranda", "uv": [ 0.0, 0.0, 2.0, 2.0 ], "enabled": false }
			},
			"children": [
				{
					"name": "Cube15",
					"from": [ 0.75, -0.2, 1.0 ], 
					"to": [ 1.25, 0.2, 1.5 ], 
					"rotationOrigin": [ 0.0, 0.0, 1.0 ],
					"faces": {
						"north": { "texture": "#jacaranda", "uv": [ 8.0, 7.0, 9.0, 8.0 ] },
						"east": { "texture": "#jacaranda", "uv": [ 9.0, 7.0, 10.0, 8.0 ] },
						"south": { "texture": "#jacaranda", "uv": [ 8.0, 8.0, 9.0, 9.0 ] },
						"west": { "texture": "#jacaranda", "uv": [ 9.0, 7.0, 10.0, 8.0 ] },
						"up": { "texture": "#jacaranda", "uv": [ 9.0, 8.0, 10.0, 9.0 ] },
						"down": { "texture": "#jacaranda", "uv": [ 9.0, 8.0, 10.0, 9.0 ] }
					}
				}
			]
		}
	]}