{
	"editor": {
		"allAngles": false,
		"entityTextureMode": false
	},
	"textureWidth": 16,
	"textureHeight": 16,
	"textureSizes": {
	},
	"textures": {
		"ohia": "item/resource/seeds/ohia"
	},
	"elements": [
		{
			"name": "Origin",
			"from": [ 0.0, 10.0, 4.5 ], 
			"to": [ 0.0, 10.0, 4.5 ], 
			"rotationOrigin": [ 0.0, 10.0, 4.0 ],
			"rotationX": 67.5,
			"faces": {
				"north": { "texture": "#ohia", "uv": [ 0.0, 0.0, 1.0, 1.0 ] },
				"east": { "texture": "#ohia", "uv": [ 0.0, 0.0, 1.0, 1.0 ] },
				"south": { "texture": "#ohia", "uv": [ 0.0, 0.0, 1.0, 1.0 ] },
				"west": { "texture": "#ohia", "uv": [ 0.0, 0.0, 1.0, 1.0 ] },
				"up": { "texture": "#ohia", "uv": [ 0.0, 0.0, 1.0, 1.0 ] },
				"down": { "texture": "#ohia", "uv": [ 0.0, 0.0, 1.0, 1.0 ] }
			},
			"children": [
				{
					"name": "Cube1",
					"from": [ 6.3, -0.2, 7.7 ], 
					"to": [ 8.3, 1.8, 9.2 ], 
					"rotationOrigin": [ 6.0, 0.0, 8.0 ],
					"rotationY": -22.5,
					"rotationZ": 10.0,
					"faces": {
						"north": { "texture": "#ohia", "uv": [ 11.0, 0.0, 15.0, 4.0 ], "autoUv": false },
						"east": { "texture": "#ohia", "uv": [ 11.0, 0.0, 14.0, 4.0 ], "autoUv": false },
						"south": { "texture": "#ohia", "uv": [ 11.0, 5.0, 15.0, 9.0 ], "autoUv": false },
						"west": { "texture": "#ohia", "uv": [ 11.0, 0.0, 14.0, 4.0 ], "autoUv": false },
						"up": { "texture": "#ohia", "uv": [ 11.0, 0.0, 15.0, 3.0 ], "autoUv": false },
						"down": { "texture": "#ohia", "uv": [ 11.0, 0.0, 15.0, 3.0 ], "autoUv": false }
					},
					"children": [
						{
							"name": "Cube18",
							"from": [ 0.6, 0.6, -3.0 ], 
							"to": [ 1.2, 1.2, 0.0 ], 
							"rotationOrigin": [ 0.5, 1.0, 0.0 ],
							"rotationY": -12.0,
							"faces": {
								"north": { "texture": "#ohia", "uv": [ 0.0, 1.0, 1.0, 2.0 ] },
								"east": { "texture": "#ohia", "uv": [ 0.0, 0.0, 1.0, 6.0 ], "rotation": 90, "autoUv": false },
								"south": { "texture": "#ohia", "uv": [ 0.0, 1.0, 1.0, 2.0 ] },
								"west": { "texture": "#ohia", "uv": [ 2.0, 1.0, 3.0, 7.0 ], "rotation": 90, "autoUv": false },
								"up": { "texture": "#ohia", "uv": [ 2.0, 3.0, 3.0, 9.0 ], "autoUv": false },
								"down": { "texture": "#ohia", "uv": [ 1.0, 3.0, 2.0, 9.0 ], "autoUv": false }
							},
							"children": [
								{
									"name": "Cube20",
									"from": [ 0.0, 0.0, -2.0 ], 
									"to": [ 0.6, 0.6, 0.0 ], 
									"rotationOrigin": [ 0.6, 0.0, 0.0 ],
									"rotationX": 11.0,
									"rotationY": 22.5,
									"rotationZ": -2.0,
									"faces": {
										"north": { "texture": "#ohia", "uv": [ 1.0, 1.0, 2.0, 2.0 ] },
										"east": { "texture": "#ohia", "uv": [ 0.0, 0.0, 4.0, 1.0 ], "autoUv": false },
										"south": { "texture": "#ohia", "uv": [ 1.0, 2.0, 2.0, 3.0 ] },
										"west": { "texture": "#ohia", "uv": [ 0.0, 3.0, 4.0, 4.0 ], "autoUv": false },
										"up": { "texture": "#ohia", "uv": [ 1.0, 3.0, 2.0, 7.0 ], "autoUv": false },
										"down": { "texture": "#ohia", "uv": [ 2.0, 3.0, 3.0, 7.0 ], "autoUv": false }
									}
								}
							]
						},
						{
							"name": "Cube22",
							"from": [ 0.0, 0.25, 1.5 ], 
							"to": [ 0.0, 1.75, 2.5 ], 
							"rotationOrigin": [ 0.0, 0.0, 1.5 ],
							"rotationY": 22.5,
							"faces": {
								"north": { "texture": "#ohia", "uv": [ 0.0, 0.0, 1.0, 1.0 ], "enabled": false },
								"east": { "texture": "#ohia", "uv": [ 5.0, 0.0, 8.0, 2.0 ], "rotation": 90, "autoUv": false },
								"south": { "texture": "#ohia", "uv": [ 11.0, 2.0, 15.0, 3.0 ], "rotation": 90, "enabled": false, "autoUv": false },
								"west": { "texture": "#ohia", "uv": [ 11.0, 4.0, 15.0, 5.0 ], "rotation": 90, "enabled": false, "autoUv": false },
								"up": { "texture": "#ohia", "uv": [ 14.0, 4.0, 15.0, 5.0 ], "enabled": false },
								"down": { "texture": "#ohia", "uv": [ 14.0, 4.0, 15.0, 5.0 ], "enabled": false }
							}
						},
						{
							"name": "Cube23",
							"from": [ 0.25, 0.0, 1.5 ], 
							"to": [ 1.75, 0.0, 2.5 ], 
							"rotationOrigin": [ 0.0, 0.0, 1.5 ],
							"rotationX": -22.5,
							"faces": {
								"north": { "texture": "#ohia", "uv": [ 0.0, 0.0, 1.0, 1.0 ], "enabled": false },
								"east": { "texture": "#ohia", "uv": [ 11.0, 1.0, 15.0, 2.0 ], "enabled": false, "autoUv": false },
								"south": { "texture": "#ohia", "uv": [ 5.0, 1.0, 7.0, 2.0 ], "enabled": false, "autoUv": false },
								"west": { "texture": "#ohia", "uv": [ 8.0, 1.0, 9.0, 2.0 ], "enabled": false },
								"up": { "texture": "#ohia", "uv": [ 5.0, 1.0, 8.0, 3.0 ], "rotation": 180, "autoUv": false },
								"down": { "texture": "#ohia", "uv": [ 12.0, 4.0, 14.0, 5.0 ], "enabled": false, "autoUv": false }
							}
						},
						{
							"name": "Cube24",
							"from": [ 0.25, 2.0, 1.5 ], 
							"to": [ 1.75, 2.0, 2.5 ], 
							"rotationOrigin": [ 0.0, 2.0, 1.5 ],
							"rotationX": 22.5,
							"faces": {
								"north": { "texture": "#ohia", "uv": [ 0.0, 0.0, 1.0, 1.0 ], "enabled": false },
								"east": { "texture": "#ohia", "uv": [ 11.0, 1.0, 15.0, 2.0 ], "enabled": false, "autoUv": false },
								"south": { "texture": "#ohia", "uv": [ 5.0, 1.0, 7.0, 2.0 ], "enabled": false, "autoUv": false },
								"west": { "texture": "#ohia", "uv": [ 8.0, 1.0, 9.0, 2.0 ], "enabled": false },
								"up": { "texture": "#ohia", "uv": [ 6.0, 0.0, 9.0, 2.0 ], "rotation": 180, "autoUv": false },
								"down": { "texture": "#ohia", "uv": [ 12.0, 4.0, 14.0, 5.0 ], "enabled": false, "autoUv": false }
							}
						},
						{
							"name": "Cube25",
							"from": [ 2.0, 0.25, 1.5 ], 
							"to": [ 2.0, 1.75, 2.5 ], 
							"rotationOrigin": [ 2.0, 0.0, 1.5 ],
							"rotationY": -22.5,
							"faces": {
								"north": { "texture": "#ohia", "uv": [ 0.0, 0.0, 1.0, 1.0 ], "enabled": false },
								"east": { "texture": "#ohia", "uv": [ 6.0, 1.0, 9.0, 3.0 ], "rotation": 90, "autoUv": false },
								"south": { "texture": "#ohia", "uv": [ 11.0, 2.0, 15.0, 3.0 ], "rotation": 90, "enabled": false, "autoUv": false },
								"west": { "texture": "#ohia", "uv": [ 11.0, 4.0, 15.0, 5.0 ], "rotation": 90, "enabled": false, "autoUv": false },
								"up": { "texture": "#ohia", "uv": [ 14.0, 4.0, 15.0, 5.0 ], "enabled": false },
								"down": { "texture": "#ohia", "uv": [ 14.0, 4.0, 15.0, 5.0 ], "enabled": false }
							}
						},
						{
							"name": "Cube26",
							"from": [ 0.25, 0.25, 1.5 ], 
							"to": [ 1.75, 1.75, 2.0 ], 
							"rotationOrigin": [ 0.0, 0.0, 2.0 ],
							"faces": {
								"north": { "texture": "#ohia", "uv": [ 0.0, 0.0, 1.0, 1.0 ], "enabled": false },
								"east": { "texture": "#ohia", "uv": [ 12.0, 1.0, 13.0, 4.0 ], "autoUv": false },
								"south": { "texture": "#ohia", "uv": [ 12.0, 1.0, 15.0, 4.0 ], "autoUv": false },
								"west": { "texture": "#ohia", "uv": [ 13.0, 0.0, 14.0, 3.0 ], "autoUv": false },
								"up": { "texture": "#ohia", "uv": [ 12.0, 1.0, 15.0, 2.0 ], "autoUv": false },
								"down": { "texture": "#ohia", "uv": [ 12.0, 3.0, 15.0, 4.0 ], "autoUv": false }
							}
						},
						{
							"name": "Cube19",
							"from": [ 2.0426, 0.2475, -2.8831 ], 
							"to": [ 2.6426, 0.8475, -0.8831 ], 
							"rotationOrigin": [ 2.0426, 0.1475, -0.8831 ],
							"rotationX": 11.833,
							"rotationY": 26.02,
							"rotationZ": -14.199,
							"faces": {
								"north": { "texture": "#ohia", "uv": [ 0.0, 2.0, 1.0, 3.0 ] },
								"east": { "texture": "#ohia", "uv": [ 0.0, 3.0, 4.0, 4.0 ], "autoUv": false },
								"south": { "texture": "#ohia", "uv": [ 0.0, 0.0, 1.0, 1.0 ] },
								"west": { "texture": "#ohia", "uv": [ 0.0, 5.0, 4.0, 6.0 ], "autoUv": false },
								"up": { "texture": "#ohia", "uv": [ 1.0, 3.0, 2.0, 7.0 ], "autoUv": false },
								"down": { "texture": "#ohia", "uv": [ 1.0, 4.0, 2.0, 8.0 ], "autoUv": false }
							}
						}
					]
				},
				{
					"name": "Cube27",
					"from": [ 8.0, -0.2, 8.0 ], 
					"to": [ 10.0, 1.8, 9.5 ], 
					"rotationOrigin": [ 8.0, 0.0, 8.0 ],
					"rotationX": -17.0,
					"rotationY": 9.0,
					"faces": {
						"north": { "texture": "#ohia", "uv": [ 11.0, 0.0, 15.0, 4.0 ], "autoUv": false },
						"east": { "texture": "#ohia", "uv": [ 11.0, 0.0, 14.0, 4.0 ], "autoUv": false },
						"south": { "texture": "#ohia", "uv": [ 11.0, 5.0, 15.0, 9.0 ], "autoUv": false },
						"west": { "texture": "#ohia", "uv": [ 11.0, 0.0, 14.0, 4.0 ], "autoUv": false },
						"up": { "texture": "#ohia", "uv": [ 11.0, 0.0, 15.0, 3.0 ], "autoUv": false },
						"down": { "texture": "#ohia", "uv": [ 11.0, 0.0, 15.0, 3.0 ], "autoUv": false }
					},
					"children": [
						{
							"name": "Cube27",
							"from": [ 0.0, 0.25, 1.5 ], 
							"to": [ 0.0, 1.75, 2.5 ], 
							"rotationOrigin": [ 0.0, 0.0, 1.5 ],
							"rotationY": 22.5,
							"faces": {
								"north": { "texture": "#ohia", "uv": [ 0.0, 0.0, 1.0, 1.0 ], "enabled": false },
								"east": { "texture": "#ohia", "uv": [ 5.0, 0.0, 8.0, 2.0 ], "rotation": 90, "autoUv": false },
								"south": { "texture": "#ohia", "uv": [ 11.0, 2.0, 15.0, 3.0 ], "rotation": 90, "enabled": false, "autoUv": false },
								"west": { "texture": "#ohia", "uv": [ 11.0, 4.0, 15.0, 5.0 ], "rotation": 90, "enabled": false, "autoUv": false },
								"up": { "texture": "#ohia", "uv": [ 14.0, 4.0, 15.0, 5.0 ], "enabled": false },
								"down": { "texture": "#ohia", "uv": [ 14.0, 4.0, 15.0, 5.0 ], "enabled": false }
							}
						},
						{
							"name": "Cube27",
							"from": [ 0.25, 0.0, 1.5 ], 
							"to": [ 1.75, 0.0, 2.5 ], 
							"rotationOrigin": [ 0.0, 0.0, 1.5 ],
							"rotationX": -22.5,
							"faces": {
								"north": { "texture": "#ohia", "uv": [ 0.0, 0.0, 1.0, 1.0 ], "enabled": false },
								"east": { "texture": "#ohia", "uv": [ 11.0, 1.0, 15.0, 2.0 ], "enabled": false, "autoUv": false },
								"south": { "texture": "#ohia", "uv": [ 5.0, 1.0, 7.0, 2.0 ], "enabled": false, "autoUv": false },
								"west": { "texture": "#ohia", "uv": [ 8.0, 1.0, 9.0, 2.0 ], "enabled": false },
								"up": { "texture": "#ohia", "uv": [ 5.0, 1.0, 8.0, 3.0 ], "rotation": 180, "autoUv": false },
								"down": { "texture": "#ohia", "uv": [ 12.0, 4.0, 14.0, 5.0 ], "enabled": false, "autoUv": false }
							}
						},
						{
							"name": "Cube27",
							"from": [ 0.25, 2.0, 1.5 ], 
							"to": [ 1.75, 2.0, 2.5 ], 
							"rotationOrigin": [ 0.0, 2.0, 1.5 ],
							"rotationX": 22.5,
							"faces": {
								"north": { "texture": "#ohia", "uv": [ 0.0, 0.0, 1.0, 1.0 ], "enabled": false },
								"east": { "texture": "#ohia", "uv": [ 11.0, 1.0, 15.0, 2.0 ], "enabled": false, "autoUv": false },
								"south": { "texture": "#ohia", "uv": [ 5.0, 1.0, 7.0, 2.0 ], "enabled": false, "autoUv": false },
								"west": { "texture": "#ohia", "uv": [ 8.0, 1.0, 9.0, 2.0 ], "enabled": false },
								"up": { "texture": "#ohia", "uv": [ 6.0, 0.0, 9.0, 2.0 ], "rotation": 180, "autoUv": false },
								"down": { "texture": "#ohia", "uv": [ 12.0, 4.0, 14.0, 5.0 ], "enabled": false, "autoUv": false }
							}
						},
						{
							"name": "Cube28",
							"from": [ 2.0, 0.25, 1.5 ], 
							"to": [ 2.0, 1.75, 2.5 ], 
							"rotationOrigin": [ 2.0, 0.0, 1.5 ],
							"rotationY": -22.5,
							"faces": {
								"north": { "texture": "#ohia", "uv": [ 0.0, 0.0, 1.0, 1.0 ], "enabled": false },
								"east": { "texture": "#ohia", "uv": [ 6.0, 1.0, 9.0, 3.0 ], "rotation": 90, "autoUv": false },
								"south": { "texture": "#ohia", "uv": [ 11.0, 2.0, 15.0, 3.0 ], "rotation": 90, "enabled": false, "autoUv": false },
								"west": { "texture": "#ohia", "uv": [ 11.0, 4.0, 15.0, 5.0 ], "rotation": 90, "enabled": false, "autoUv": false },
								"up": { "texture": "#ohia", "uv": [ 14.0, 4.0, 15.0, 5.0 ], "enabled": false },
								"down": { "texture": "#ohia", "uv": [ 14.0, 4.0, 15.0, 5.0 ], "enabled": false }
							}
						},
						{
							"name": "Cube29",
							"from": [ 0.25, 0.25, 1.5 ], 
							"to": [ 1.75, 1.75, 2.0 ], 
							"rotationOrigin": [ 0.0, 0.0, 2.0 ],
							"faces": {
								"north": { "texture": "#ohia", "uv": [ 0.0, 0.0, 1.0, 1.0 ], "enabled": false },
								"east": { "texture": "#ohia", "uv": [ 12.0, 1.0, 13.0, 4.0 ], "autoUv": false },
								"south": { "texture": "#ohia", "uv": [ 12.0, 1.0, 15.0, 4.0 ], "autoUv": false },
								"west": { "texture": "#ohia", "uv": [ 13.0, 0.0, 14.0, 3.0 ], "autoUv": false },
								"up": { "texture": "#ohia", "uv": [ 12.0, 1.0, 15.0, 2.0 ], "autoUv": false },
								"down": { "texture": "#ohia", "uv": [ 12.0, 3.0, 15.0, 4.0 ], "autoUv": false }
							}
						}
					]
				},
				{
					"name": "Cube30",
					"from": [ 7.2, 0.5, 5.7 ], 
					"to": [ 9.2, 2.5, 7.2 ], 
					"rotationOrigin": [ 8.0, 0.0, 6.0 ],
					"rotationY": -45.0,
					"rotationZ": 39.0,
					"faces": {
						"north": { "texture": "#ohia", "uv": [ 11.0, 0.0, 15.0, 4.0 ], "autoUv": false },
						"east": { "texture": "#ohia", "uv": [ 11.0, 0.0, 14.0, 4.0 ], "autoUv": false },
						"south": { "texture": "#ohia", "uv": [ 11.0, 5.0, 15.0, 9.0 ], "autoUv": false },
						"west": { "texture": "#ohia", "uv": [ 11.0, 0.0, 14.0, 4.0 ], "autoUv": false },
						"up": { "texture": "#ohia", "uv": [ 11.0, 0.0, 15.0, 3.0 ], "autoUv": false },
						"down": { "texture": "#ohia", "uv": [ 11.0, 0.0, 15.0, 3.0 ], "autoUv": false }
					},
					"children": [
						{
							"name": "Cube30",
							"from": [ 0.0, 0.25, 1.5 ], 
							"to": [ 0.0, 1.75, 2.5 ], 
							"rotationOrigin": [ 0.0, 0.0, 1.5 ],
							"rotationY": 22.5,
							"faces": {
								"north": { "texture": "#ohia", "uv": [ 0.0, 0.0, 1.0, 1.0 ], "enabled": false },
								"east": { "texture": "#ohia", "uv": [ 5.0, 0.0, 8.0, 2.0 ], "rotation": 90, "autoUv": false },
								"south": { "texture": "#ohia", "uv": [ 11.0, 2.0, 15.0, 3.0 ], "rotation": 90, "enabled": false, "autoUv": false },
								"west": { "texture": "#ohia", "uv": [ 11.0, 4.0, 15.0, 5.0 ], "rotation": 90, "enabled": false, "autoUv": false },
								"up": { "texture": "#ohia", "uv": [ 14.0, 4.0, 15.0, 5.0 ], "enabled": false },
								"down": { "texture": "#ohia", "uv": [ 14.0, 4.0, 15.0, 5.0 ], "enabled": false }
							}
						},
						{
							"name": "Cube30",
							"from": [ 0.25, 0.0, 1.5 ], 
							"to": [ 1.75, 0.0, 2.5 ], 
							"rotationOrigin": [ 0.0, 0.0, 1.5 ],
							"rotationX": -22.5,
							"faces": {
								"north": { "texture": "#ohia", "uv": [ 0.0, 0.0, 1.0, 1.0 ], "enabled": false },
								"east": { "texture": "#ohia", "uv": [ 11.0, 1.0, 15.0, 2.0 ], "enabled": false, "autoUv": false },
								"south": { "texture": "#ohia", "uv": [ 5.0, 1.0, 7.0, 2.0 ], "enabled": false, "autoUv": false },
								"west": { "texture": "#ohia", "uv": [ 8.0, 1.0, 9.0, 2.0 ], "enabled": false },
								"up": { "texture": "#ohia", "uv": [ 5.0, 1.0, 8.0, 3.0 ], "rotation": 180, "autoUv": false },
								"down": { "texture": "#ohia", "uv": [ 12.0, 4.0, 14.0, 5.0 ], "enabled": false, "autoUv": false }
							}
						},
						{
							"name": "Cube30",
							"from": [ 0.25, 2.0, 1.5 ], 
							"to": [ 1.75, 2.0, 2.5 ], 
							"rotationOrigin": [ 0.0, 2.0, 1.5 ],
							"rotationX": 22.5,
							"faces": {
								"north": { "texture": "#ohia", "uv": [ 0.0, 0.0, 1.0, 1.0 ], "enabled": false },
								"east": { "texture": "#ohia", "uv": [ 11.0, 1.0, 15.0, 2.0 ], "enabled": false, "autoUv": false },
								"south": { "texture": "#ohia", "uv": [ 5.0, 1.0, 7.0, 2.0 ], "enabled": false, "autoUv": false },
								"west": { "texture": "#ohia", "uv": [ 8.0, 1.0, 9.0, 2.0 ], "enabled": false },
								"up": { "texture": "#ohia", "uv": [ 6.0, 0.0, 9.0, 2.0 ], "rotation": 180, "autoUv": false },
								"down": { "texture": "#ohia", "uv": [ 12.0, 4.0, 14.0, 5.0 ], "enabled": false, "autoUv": false }
							}
						},
						{
							"name": "Cube30",
							"from": [ 2.0, 0.25, 1.5 ], 
							"to": [ 2.0, 1.75, 2.5 ], 
							"rotationOrigin": [ 2.0, 0.0, 1.5 ],
							"rotationY": -22.5,
							"faces": {
								"north": { "texture": "#ohia", "uv": [ 0.0, 0.0, 1.0, 1.0 ], "enabled": false },
								"east": { "texture": "#ohia", "uv": [ 6.0, 1.0, 9.0, 3.0 ], "rotation": 90, "autoUv": false },
								"south": { "texture": "#ohia", "uv": [ 11.0, 2.0, 15.0, 3.0 ], "rotation": 90, "enabled": false, "autoUv": false },
								"west": { "texture": "#ohia", "uv": [ 11.0, 4.0, 15.0, 5.0 ], "rotation": 90, "enabled": false, "autoUv": false },
								"up": { "texture": "#ohia", "uv": [ 14.0, 4.0, 15.0, 5.0 ], "enabled": false },
								"down": { "texture": "#ohia", "uv": [ 14.0, 4.0, 15.0, 5.0 ], "enabled": false }
							}
						},
						{
							"name": "Cube30",
							"from": [ 0.25, 0.25, 1.5 ], 
							"to": [ 1.75, 1.75, 2.0 ], 
							"rotationOrigin": [ 0.0, 0.0, 2.0 ],
							"faces": {
								"north": { "texture": "#ohia", "uv": [ 0.0, 0.0, 1.0, 1.0 ], "enabled": false },
								"east": { "texture": "#ohia", "uv": [ 12.0, 1.0, 13.0, 4.0 ], "autoUv": false },
								"south": { "texture": "#ohia", "uv": [ 12.0, 1.0, 15.0, 4.0 ], "autoUv": false },
								"west": { "texture": "#ohia", "uv": [ 13.0, 0.0, 14.0, 3.0 ], "autoUv": false },
								"up": { "texture": "#ohia", "uv": [ 12.0, 1.0, 15.0, 2.0 ], "autoUv": false },
								"down": { "texture": "#ohia", "uv": [ 12.0, 3.0, 15.0, 4.0 ], "autoUv": false }
							}
						},
						{
							"name": "Cube21",
							"from": [ 0.3596, 0.6443, -1.5 ], 
							"to": [ 0.9596, 1.2443, 0.0 ], 
							"rotationOrigin": [ 0.5596, 0.5443, 0.0 ],
							"rotationX": -4.0,
							"rotationY": -13.0,
							"rotationZ": -33.0,
							"faces": {
								"north": { "texture": "#ohia", "uv": [ 0.0, 0.0, 1.0, 1.0 ] },
								"east": { "texture": "#ohia", "uv": [ 0.0, 0.0, 1.0, 3.0 ], "rotation": 90, "autoUv": false },
								"south": { "texture": "#ohia", "uv": [ 0.0, 0.0, 1.0, 1.0 ] },
								"west": { "texture": "#ohia", "uv": [ 1.0, 3.0, 2.0, 6.0 ], "rotation": 90, "autoUv": false },
								"up": { "texture": "#ohia", "uv": [ 1.0, 1.0, 2.0, 4.0 ], "autoUv": false },
								"down": { "texture": "#ohia", "uv": [ 2.0, 5.0, 3.0, 8.0 ], "autoUv": false }
							}
						}
					]
				}
			]
		}
	]}