{
	"editor": {
		"allAngles": false,
		"entityTextureMode": false
	},
	"textureWidth": 16,
	"textureHeight": 16,
	"textureSizes": {
	},
	"textures": {
		"satinash": "item/resource/seeds/satinash"
	},
	"elements": [
		{
			"name": "Cube2",
			"from": [ 4.0, 0.0, 7.0 ], 
			"to": [ 7.0, 3.0, 10.0 ], 
			"rotationOrigin": [ 7.0, 0.0, 8.5 ],
			"rotationY": 22.5,
			"rotationZ": -45.0,
			"faces": {
				"north": { "texture": "#satinash", "uv": [ 0.0, 2.0, 6.0, 8.0 ], "autoUv": false },
				"east": { "texture": "#satinash", "uv": [ 0.0, 2.0, 6.0, 8.0 ], "autoUv": false },
				"south": { "texture": "#satinash", "uv": [ 0.0, 2.0, 6.0, 8.0 ], "autoUv": false },
				"west": { "texture": "#satinash", "uv": [ 0.0, 2.0, 6.0, 8.0 ], "autoUv": false },
				"up": { "texture": "#satinash", "uv": [ 0.0, 1.0, 6.0, 7.0 ], "autoUv": false },
				"down": { "texture": "#satinash", "uv": [ 0.0, 9.0, 6.0, 15.0 ], "autoUv": false }
			},
			"children": [
				{
					"name": "Cube1",
					"from": [ 0.25, 3.0, 0.25 ], 
					"to": [ 2.75, 4.0, 2.75 ], 
					"rotationOrigin": [ 0.0, 3.0, 0.0 ],
					"faces": {
						"north": { "texture": "#satinash", "uv": [ 1.0, 3.0, 6.0, 5.0 ], "autoUv": false },
						"east": { "texture": "#satinash", "uv": [ 1.0, 0.0, 6.0, 2.0 ], "autoUv": false },
						"south": { "texture": "#satinash", "uv": [ 1.0, 0.0, 6.0, 2.0 ], "autoUv": false },
						"west": { "texture": "#satinash", "uv": [ 0.0, 1.0, 5.0, 3.0 ], "autoUv": false },
						"up": { "texture": "#satinash", "uv": [ 0.0, 2.0, 5.0, 7.0 ], "autoUv": false },
						"down": { "texture": "#satinash", "uv": [ 0.0, 0.0, 2.0, 2.0 ], "enabled": false }
					},
					"children": [
						{
							"name": "Cube3",
							"from": [ 0.75, 1.0, 0.75 ], 
							"to": [ 1.75, 2.5, 1.75 ], 
							"rotationOrigin": [ 0.75, 1.0, 0.75 ],
							"rotationZ": -14.0,
							"faces": {
								"north": { "texture": "#satinash", "uv": [ 7.0, 0.0, 9.0, 3.0 ], "autoUv": false },
								"east": { "texture": "#satinash", "uv": [ 7.0, 1.0, 9.0, 4.0 ], "autoUv": false },
								"south": { "texture": "#satinash", "uv": [ 7.0, 0.0, 9.0, 2.0 ], "autoUv": false },
								"west": { "texture": "#satinash", "uv": [ 7.0, 1.0, 9.0, 4.0 ], "autoUv": false },
								"up": { "texture": "#satinash", "uv": [ 7.0, 1.0, 9.0, 3.0 ], "autoUv": false },
								"down": { "texture": "#satinash", "uv": [ 0.0, 0.0, 1.0, 1.0 ], "enabled": false }
							}
						},
						{
							"name": "Cube7",
							"from": [ 0.25, -3.5, 0.25 ], 
							"to": [ 2.25, -3.0, 2.25 ], 
							"rotationOrigin": [ 0.0, -4.0, 0.0 ],
							"faces": {
								"north": { "texture": "#satinash", "uv": [ 1.0, 6.0, 5.0, 7.0 ], "autoUv": false },
								"east": { "texture": "#satinash", "uv": [ 2.0, 2.0, 6.0, 3.0 ], "autoUv": false },
								"south": { "texture": "#satinash", "uv": [ 1.0, 5.0, 5.0, 6.0 ], "autoUv": false },
								"west": { "texture": "#satinash", "uv": [ 2.0, 6.0, 6.0, 7.0 ], "autoUv": false },
								"up": { "texture": "#satinash", "uv": [ 0.0, 0.0, 2.0, 2.0 ], "enabled": false },
								"down": { "texture": "#satinash", "uv": [ 1.0, 10.0, 5.0, 14.0 ], "autoUv": false }
							}
						}
					]
				}
			]
		}
	]}