{
	"editor": {
		"allAngles": false,
		"entityTextureMode": false
	},
	"textureWidth": 16,
	"textureHeight": 16,
	"textureSizes": {
	},
	"textures": {
		"sycamore_seed": "item/resource/seeds/sycamore"
	},
	"elements": [
		{
			"name": "Cube3",
			"from": [ 6.5, 2.0, 7.8 ], 
			"to": [ 10.0, 5.5, 8.8 ], 
			"rotationOrigin": [ 6.0, 2.0, 7.8 ],
			"rotationX": -22.5,
			"rotationZ": -15.0,
			"faces": {
				"north": { "texture": "#sycamore_seed", "uv": [ 8.0, 0.0, 15.0, 7.0 ], "autoUv": false },
				"east": { "texture": "#sycamore_seed", "uv": [ 0.0, 0.0, 2.0, 2.0 ], "enabled": false, "autoUv": false },
				"south": { "texture": "#sycamore_seed", "uv": [ 0.0, 0.0, 2.0, 2.0 ], "enabled": false, "autoUv": false },
				"west": { "texture": "#sycamore_seed", "uv": [ 0.0, 0.0, 2.0, 2.0 ], "enabled": false, "autoUv": false },
				"up": { "texture": "#sycamore_seed", "uv": [ 0.0, 0.0, 3.0, 1.0 ], "enabled": false },
				"down": { "texture": "#sycamore_seed", "uv": [ 0.0, 0.0, 3.0, 1.0 ], "enabled": false }
			},
			"children": [
				{
					"name": "Cube2",
					"from": [ 2.9, -2.1, -0.6 ], 
					"to": [ 4.9, -0.1, 1.4 ], 
					"rotationOrigin": [ 2.0, -1.653, -0.0677 ],
					"rotationX": -20.0,
					"rotationY": -22.5,
					"rotationZ": 22.5,
					"faces": {
						"north": { "texture": "#sycamore_seed", "uv": [ 0.0, 0.0, 4.0, 4.0 ], "autoUv": false },
						"east": { "texture": "#sycamore_seed", "uv": [ 4.0, 0.0, 8.0, 4.0 ], "autoUv": false },
						"south": { "texture": "#sycamore_seed", "uv": [ 0.0, 4.0, 4.0, 8.0 ], "autoUv": false },
						"west": { "texture": "#sycamore_seed", "uv": [ 0.0, 0.0, 4.0, 4.0 ], "autoUv": false },
						"up": { "texture": "#sycamore_seed", "uv": [ 4.0, 0.0, 8.0, 4.0 ], "autoUv": false },
						"down": { "texture": "#sycamore_seed", "uv": [ 0.0, 4.0, 4.0, 8.0 ], "autoUv": false }
					}
				},
				{
					"name": "Cube1",
					"from": [ -1.3, -1.7, -0.3 ], 
					"to": [ 0.7, 0.3, 1.7 ], 
					"rotationOrigin": [ -1.0, -2.253, -0.2 ],
					"rotationX": 3.0,
					"rotationY": 45.0,
					"rotationZ": -5.0,
					"faces": {
						"north": { "texture": "#sycamore_seed", "uv": [ 0.0, 0.0, 4.0, 4.0 ], "autoUv": false },
						"east": { "texture": "#sycamore_seed", "uv": [ 4.0, 0.0, 8.0, 4.0 ], "autoUv": false },
						"south": { "texture": "#sycamore_seed", "uv": [ 0.0, 4.0, 4.0, 8.0 ], "autoUv": false },
						"west": { "texture": "#sycamore_seed", "uv": [ 0.0, 0.0, 4.0, 4.0 ], "autoUv": false },
						"up": { "texture": "#sycamore_seed", "uv": [ 4.0, 0.0, 8.0, 4.0 ], "autoUv": false },
						"down": { "texture": "#sycamore_seed", "uv": [ 0.0, 4.0, 4.0, 8.0 ], "autoUv": false }
					}
				}
			]
		}
	]}