{
	"editor": {
		"backDropShape": "game:seraph",
		"allAngles": false,
		"entityTextureMode": false
	},
	"textureWidth": 16,
	"textureHeight": 16,
	"textureSizes": {
	},
	"textures": {
		"hunteroutfitskin1": "items/armor/hunteroutfitskin1"
	},
	"elements": [
		{
			"name": "pantsbody",
			"stepParentName": "LowerTorso",
			"from": [ -0.2, -0.4, -0.2 ],
			"to": [ 5.1, 2.6, 6.2 ],
			"rotationOrigin": [ 2.2, -0.3, 3.3 ],
			"rotationZ": -2.0,
			"faces": {
				"north": { "texture": "#hunteroutfitskin1", "uv": [ 6.25, 13.25, 11.0, 15.75 ], "autoUv": false },
				"east": { "texture": "#hunteroutfitskin1", "uv": [ 6.5, 13.25, 12.25, 15.75 ], "autoUv": false },
				"south": { "texture": "#hunteroutfitskin1", "uv": [ 6.75, 13.25, 11.25, 15.75 ], "autoUv": false },
				"west": { "texture": "#hunteroutfitskin1", "uv": [ 6.5, 13.25, 11.25, 15.75 ], "autoUv": false },
				"up": { "texture": "#hunteroutfitskin1", "uv": [ 6.25, 13.0, 11.5, 16.0 ], "rotation": 90, "autoUv": false },
				"down": { "texture": "#hunteroutfitskin1", "uv": [ 6.5, 13.25, 11.5, 16.0 ], "rotation": 90, "autoUv": false }
			},
			"children": [
				{
					"name": "Cube80",
					"from": [ -0.5, 1.5, 1.65 ],
					"to": [ 0.2, 2.2, 2.45 ],
					"rotationOrigin": [ -0.1, 1.8, 2.0 ],
					"faces": {
						"north": { "texture": "#hunteroutfitskin1", "uv": [ 0.5, 14.0, 1.0, 14.5 ] },
						"east": { "texture": "#hunteroutfitskin1", "uv": [ 1.0, 14.0, 1.75, 14.5 ] },
						"south": { "texture": "#hunteroutfitskin1", "uv": [ 1.25, 13.25, 1.75, 13.75 ] },
						"west": { "texture": "#hunteroutfitskin1", "uv": [ 1.25, 14.25, 2.0, 14.75 ] },
						"up": { "texture": "#hunteroutfitskin1", "uv": [ 1.0, 13.25, 1.5, 14.0 ] },
						"down": { "texture": "#hunteroutfitskin1", "uv": [ 1.0, 13.75, 1.5, 14.5 ] }
					}
				},
				{
					"name": "Cube86",
					"from": [ -0.4, 1.5, 3.9 ],
					"to": [ 0.3, 2.2, 4.7 ],
					"rotationOrigin": [ 0.0, 1.8, 4.3 ],
					"faces": {
						"north": { "texture": "#hunteroutfitskin1", "uv": [ 0.25, 13.25, 0.75, 13.75 ] },
						"east": { "texture": "#hunteroutfitskin1", "uv": [ 0.0, 13.5, 0.75, 14.0 ] },
						"south": { "texture": "#hunteroutfitskin1", "uv": [ 0.25, 13.5, 0.75, 14.0 ] },
						"west": { "texture": "#hunteroutfitskin1", "uv": [ 0.75, 13.75, 1.5, 14.25 ] },
						"up": { "texture": "#hunteroutfitskin1", "uv": [ 0.25, 13.0, 0.75, 13.75 ] },
						"down": { "texture": "#hunteroutfitskin1", "uv": [ 0.25, 13.5, 0.75, 14.25 ] }
					}
				},
				{
					"name": "ropebelt",
					"from": [ -0.25, 1.4, -0.22 ],
					"to": [ 5.45, 2.1, 6.58 ],
					"rotationOrigin": [ -0.1, 1.8, 3.5 ],
					"faces": {
						"north": { "texture": "#hunteroutfitskin1", "uv": [ 0.25, 13.5, 5.75, 14.0 ] },
						"east": { "texture": "#hunteroutfitskin1", "uv": [ 0.25, 13.75, 5.75, 14.25 ], "autoUv": false },
						"south": { "texture": "#hunteroutfitskin1", "uv": [ 0.25, 13.5, 5.75, 14.0 ] },
						"west": { "texture": "#hunteroutfitskin1", "uv": [ 0.25, 14.5, 5.25, 15.0 ], "autoUv": false },
						"up": { "texture": "#hunteroutfitskin1", "uv": [ 1.0, 13.75, 5.5, 14.75 ], "autoUv": false },
						"down": { "texture": "#hunteroutfitskin1", "uv": [ 0.5, 14.0, 5.75, 15.25 ], "autoUv": false }
					},
					"children": [
						{
							"name": "Cube121",
							"from": [ -0.2, 0.0, 2.9 ],
							"to": [ 0.3, 1.0, 3.9 ],
							"rotationOrigin": [ 0.3, 0.0, 3.45 ],
							"faces": {
								"north": { "texture": "#hunteroutfitskin1", "uv": [ 0.75, 13.0, 1.25, 14.0 ] },
								"east": { "texture": "#hunteroutfitskin1", "uv": [ 0.25, 13.5, 1.25, 14.5 ] },
								"south": { "texture": "#hunteroutfitskin1", "uv": [ 1.0, 13.75, 1.5, 14.75 ] },
								"west": { "texture": "#hunteroutfitskin1", "uv": [ 0.75, 14.25, 1.75, 15.25 ] },
								"up": { "texture": "#hunteroutfitskin1", "uv": [ 1.0, 13.5, 1.5, 14.5 ] },
								"down": { "texture": "#hunteroutfitskin1", "uv": [ 0.75, 13.5, 1.25, 14.5 ] }
							}
						},
						{
							"name": "Cube92",
							"from": [ 0.0, -1.0, 2.9 ],
							"to": [ 0.4, 0.0, 3.4 ],
							"rotationOrigin": [ 0.0, 0.0, 3.15 ],
							"rotationX": 15.0,
							"faces": {
								"north": { "texture": "#hunteroutfitskin1", "uv": [ 1.25, 13.0, 1.5, 14.0 ] },
								"east": { "texture": "#hunteroutfitskin1", "uv": [ 1.25, 13.25, 1.75, 14.25 ] },
								"south": { "texture": "#hunteroutfitskin1", "uv": [ 0.75, 13.5, 1.0, 14.5 ] },
								"west": { "texture": "#hunteroutfitskin1", "uv": [ 0.75, 13.25, 1.25, 14.25 ] },
								"up": { "texture": "#hunteroutfitskin1", "uv": [ 1.25, 13.5, 1.5, 14.0 ] },
								"down": { "texture": "#hunteroutfitskin1", "uv": [ 0.5, 14.5, 0.75, 15.0 ] }
							}
						},
						{
							"name": "Cube140",
							"from": [ 0.0, -1.0, 3.4 ],
							"to": [ 0.4, 0.0, 3.9 ],
							"rotationOrigin": [ 0.0, 0.0, 3.6 ],
							"rotationX": -15.0,
							"faces": {
								"north": { "texture": "#hunteroutfitskin1", "uv": [ 1.25, 13.0, 1.5, 14.0 ] },
								"east": { "texture": "#hunteroutfitskin1", "uv": [ 1.25, 13.25, 1.75, 14.25 ] },
								"south": { "texture": "#hunteroutfitskin1", "uv": [ 0.75, 13.5, 1.0, 14.5 ] },
								"west": { "texture": "#hunteroutfitskin1", "uv": [ 0.75, 13.25, 1.25, 14.25 ] },
								"up": { "texture": "#hunteroutfitskin1", "uv": [ 1.25, 13.5, 1.5, 14.0 ] },
								"down": { "texture": "#hunteroutfitskin1", "uv": [ 0.5, 14.5, 0.75, 15.0 ] }
							}
						}
					]
				},
				{
					"name": "ldeerhorn",
					"from": [ -0.19, 1.2091, 4.0 ],
					"to": [ 0.31, 2.6091, 4.65 ],
					"rotationOrigin": [ 0.01, 2.6091, 4.15 ],
					"rotationX": 4.981,
					"rotationY": -0.435,
					"rotationZ": -4.981,
					"faces": {
						"north": { "texture": "#hunteroutfitskin1", "uv": [ 14.75, 11.25, 15.25, 12.5 ] },
						"east": { "texture": "#hunteroutfitskin1", "uv": [ 15.0, 10.75, 15.5, 12.0 ] },
						"south": { "texture": "#hunteroutfitskin1", "uv": [ 15.0, 11.25, 15.5, 12.5 ] },
						"west": { "texture": "#hunteroutfitskin1", "uv": [ 14.5, 10.5, 15.0, 11.75 ] },
						"up": { "texture": "#hunteroutfitskin1", "uv": [ 15.0, 11.0, 15.5, 11.5 ] },
						"down": { "texture": "#hunteroutfitskin1", "uv": [ 15.0, 11.5, 15.5, 12.0 ] }
					},
					"children": [
						{
							"name": "Cube81",
							"from": [ -0.01, -1.1787, 0.0431 ],
							"to": [ 0.49, 0.1213, 0.6431 ],
							"rotationOrigin": [ 0.2, 0.0213, 0.3931 ],
							"rotationX": -20.0,
							"faces": {
								"north": { "texture": "#hunteroutfitskin1", "uv": [ 15.0, 10.25, 15.5, 11.5 ] },
								"east": { "texture": "#hunteroutfitskin1", "uv": [ 15.0, 9.5, 15.5, 10.75 ] },
								"south": { "texture": "#hunteroutfitskin1", "uv": [ 14.75, 10.25, 15.25, 11.5 ] },
								"west": { "texture": "#hunteroutfitskin1", "uv": [ 15.0, 9.25, 15.5, 10.5 ] },
								"up": { "texture": "#hunteroutfitskin1", "uv": [ 15.25, 9.75, 15.75, 10.25 ] },
								"down": { "texture": "#hunteroutfitskin1", "uv": [ 14.75, 9.5, 15.25, 10.0 ] }
							},
							"children": [
								{
									"name": "Cube82",
									"from": [ 0.1, -0.7818, -0.0084 ],
									"to": [ 0.5, 0.2182, 0.2916 ],
									"rotationOrigin": [ 0.2, 0.0182, 0.1416 ],
									"rotationX": 25.0,
									"faces": {
										"north": { "texture": "#hunteroutfitskin1", "uv": [ 15.25, 8.5, 15.5, 9.5 ] },
										"east": { "texture": "#hunteroutfitskin1", "uv": [ 14.75, 8.75, 15.0, 9.75 ] },
										"south": { "texture": "#hunteroutfitskin1", "uv": [ 15.25, 8.5, 15.5, 9.5 ] },
										"west": { "texture": "#hunteroutfitskin1", "uv": [ 15.0, 8.25, 15.25, 9.25 ] },
										"up": { "texture": "#hunteroutfitskin1", "uv": [ 15.25, 8.75, 15.5, 9.0 ] },
										"down": { "texture": "#hunteroutfitskin1", "uv": [ 15.0, 9.0, 15.25, 9.25 ] }
									}
								},
								{
									"name": "Cube83",
									"from": [ 0.1, -1.3425, 0.2863 ],
									"to": [ 0.5, 0.0575, 0.5863 ],
									"rotationOrigin": [ 0.2, -0.0425, 0.4863 ],
									"rotationX": -12.5,
									"faces": {
										"north": { "texture": "#hunteroutfitskin1", "uv": [ 15.0, 8.0, 15.25, 9.25 ] },
										"east": { "texture": "#hunteroutfitskin1", "uv": [ 14.75, 7.5, 15.0, 8.75 ] },
										"south": { "texture": "#hunteroutfitskin1", "uv": [ 15.25, 7.75, 15.5, 9.0 ] },
										"west": { "texture": "#hunteroutfitskin1", "uv": [ 15.25, 8.25, 15.5, 9.5 ] },
										"up": { "texture": "#hunteroutfitskin1", "uv": [ 15.0, 9.25, 15.25, 9.5 ] },
										"down": { "texture": "#hunteroutfitskin1", "uv": [ 15.0, 8.5, 15.25, 8.75 ] }
									}
								},
								{
									"name": "Cube84",
									"from": [ 0.1, -2.8213, 0.0432 ],
									"to": [ 0.5, -1.4213, 0.3432 ],
									"rotationOrigin": [ 0.2, -1.4213, 0.2432 ],
									"rotationX": 32.5,
									"faces": {
										"north": { "texture": "#hunteroutfitskin1", "uv": [ 15.0, 6.5, 15.25, 7.75 ] },
										"east": { "texture": "#hunteroutfitskin1", "uv": [ 15.0, 6.0, 15.25, 7.25 ] },
										"south": { "texture": "#hunteroutfitskin1", "uv": [ 15.0, 6.5, 15.25, 7.75 ] },
										"west": { "texture": "#hunteroutfitskin1", "uv": [ 15.25, 6.25, 15.5, 7.5 ] },
										"up": { "texture": "#hunteroutfitskin1", "uv": [ 15.0, 7.75, 15.25, 8.0 ] },
										"down": { "texture": "#hunteroutfitskin1", "uv": [ 14.75, 7.0, 15.0, 7.25 ] }
									}
								},
								{
									"name": "Cube85",
									"from": [ 0.04, -1.4696, 0.0027 ],
									"to": [ 0.44, -0.0696, 0.5027 ],
									"rotationOrigin": [ 0.2, -0.7696, 0.0027 ],
									"faces": {
										"north": { "texture": "#hunteroutfitskin1", "uv": [ 15.25, 7.25, 15.5, 8.5 ] },
										"east": { "texture": "#hunteroutfitskin1", "uv": [ 15.0, 8.0, 15.5, 9.25 ] },
										"south": { "texture": "#hunteroutfitskin1", "uv": [ 15.0, 7.25, 15.25, 8.5 ] },
										"west": { "texture": "#hunteroutfitskin1", "uv": [ 15.0, 8.0, 15.5, 9.25 ] },
										"up": { "texture": "#hunteroutfitskin1", "uv": [ 15.0, 8.5, 15.25, 9.0 ] },
										"down": { "texture": "#hunteroutfitskin1", "uv": [ 15.25, 7.75, 15.5, 8.25 ] }
									}
								}
							]
						}
					]
				},
				{
					"name": "rdeerhorn",
					"from": [ -0.19, 1.2091, 1.95 ],
					"to": [ 0.31, 2.6091, 2.6 ],
					"rotationOrigin": [ 0.01, 2.6091, 2.15 ],
					"rotationX": 175.019,
					"rotationY": -0.435,
					"rotationZ": -175.019,
					"faces": {
						"north": { "texture": "#hunteroutfitskin1", "uv": [ 15.0, 11.0, 15.5, 12.25 ] },
						"east": { "texture": "#hunteroutfitskin1", "uv": [ 15.0, 10.5, 15.5, 11.75 ] },
						"south": { "texture": "#hunteroutfitskin1", "uv": [ 15.0, 10.75, 15.5, 12.0 ] },
						"west": { "texture": "#hunteroutfitskin1", "uv": [ 15.0, 10.75, 15.5, 12.0 ] },
						"up": { "texture": "#hunteroutfitskin1", "uv": [ 15.0, 10.75, 15.5, 11.25 ] },
						"down": { "texture": "#hunteroutfitskin1", "uv": [ 14.75, 10.75, 15.25, 11.25 ] }
					},
					"children": [
						{
							"name": "Cube87",
							"from": [ -0.01, -1.1787, 0.0431 ],
							"to": [ 0.49, 0.1213, 0.6431 ],
							"rotationOrigin": [ 0.2, 0.0213, 0.3931 ],
							"rotationX": -20.0,
							"faces": {
								"north": { "texture": "#hunteroutfitskin1", "uv": [ 15.0, 10.0, 15.5, 11.25 ] },
								"east": { "texture": "#hunteroutfitskin1", "uv": [ 15.0, 10.25, 15.5, 11.5 ] },
								"south": { "texture": "#hunteroutfitskin1", "uv": [ 14.75, 10.0, 15.25, 11.25 ] },
								"west": { "texture": "#hunteroutfitskin1", "uv": [ 15.0, 10.0, 15.5, 11.25 ] },
								"up": { "texture": "#hunteroutfitskin1", "uv": [ 15.25, 10.0, 15.75, 10.5 ] },
								"down": { "texture": "#hunteroutfitskin1", "uv": [ 15.0, 10.25, 15.5, 10.75 ] }
							},
							"children": [
								{
									"name": "Cube88",
									"from": [ 0.11, -0.7818, -0.0084 ],
									"to": [ 0.51, 0.2182, 0.2916 ],
									"rotationOrigin": [ 0.2, 0.0182, 0.1416 ],
									"rotationX": 25.0,
									"faces": {
										"north": { "texture": "#hunteroutfitskin1", "uv": [ 15.0, 9.25, 15.25, 10.25 ] },
										"east": { "texture": "#hunteroutfitskin1", "uv": [ 15.0, 9.0, 15.25, 10.0 ] },
										"south": { "texture": "#hunteroutfitskin1", "uv": [ 15.25, 9.25, 15.5, 10.25 ] },
										"west": { "texture": "#hunteroutfitskin1", "uv": [ 15.25, 9.5, 15.5, 10.5 ] },
										"up": { "texture": "#hunteroutfitskin1", "uv": [ 14.75, 9.25, 15.0, 9.5 ] },
										"down": { "texture": "#hunteroutfitskin1", "uv": [ 15.0, 9.0, 15.25, 9.25 ] }
									}
								},
								{
									"name": "Cube89",
									"from": [ 0.11, -1.3425, 0.2863 ],
									"to": [ 0.51, 0.0575, 0.5863 ],
									"rotationOrigin": [ 0.2, -0.0425, 0.4863 ],
									"rotationX": -12.5,
									"faces": {
										"north": { "texture": "#hunteroutfitskin1", "uv": [ 15.0, 8.5, 15.25, 9.75 ] },
										"east": { "texture": "#hunteroutfitskin1", "uv": [ 15.25, 9.0, 15.5, 10.25 ] },
										"south": { "texture": "#hunteroutfitskin1", "uv": [ 15.0, 8.5, 15.25, 9.75 ] },
										"west": { "texture": "#hunteroutfitskin1", "uv": [ 15.25, 9.25, 15.5, 10.5 ] },
										"up": { "texture": "#hunteroutfitskin1", "uv": [ 15.25, 9.5, 15.5, 9.75 ] },
										"down": { "texture": "#hunteroutfitskin1", "uv": [ 15.0, 9.5, 15.25, 9.75 ] }
									}
								},
								{
									"name": "Cube90",
									"from": [ 0.1, -2.8213, 0.0432 ],
									"to": [ 0.5, -1.4213, 0.3432 ],
									"rotationOrigin": [ 0.2, -1.4213, 0.2432 ],
									"rotationX": 32.5,
									"faces": {
										"north": { "texture": "#hunteroutfitskin1", "uv": [ 15.0, 8.0, 15.25, 9.25 ] },
										"east": { "texture": "#hunteroutfitskin1", "uv": [ 14.75, 8.0, 15.0, 9.25 ] },
										"south": { "texture": "#hunteroutfitskin1", "uv": [ 15.0, 8.0, 15.25, 9.25 ] },
										"west": { "texture": "#hunteroutfitskin1", "uv": [ 15.0, 7.75, 15.25, 9.0 ] },
										"up": { "texture": "#hunteroutfitskin1", "uv": [ 15.0, 8.5, 15.25, 8.75 ] },
										"down": { "texture": "#hunteroutfitskin1", "uv": [ 15.0, 8.5, 15.25, 8.75 ] }
									}
								},
								{
									"name": "Cube91",
									"from": [ 0.04, -1.4696, 0.0027 ],
									"to": [ 0.44, -0.0696, 0.5027 ],
									"rotationOrigin": [ 0.2, -0.7696, 0.0027 ],
									"faces": {
										"north": { "texture": "#hunteroutfitskin1", "uv": [ 14.75, 8.75, 15.0, 10.0 ] },
										"east": { "texture": "#hunteroutfitskin1", "uv": [ 14.75, 8.5, 15.25, 9.75 ] },
										"south": { "texture": "#hunteroutfitskin1", "uv": [ 15.5, 8.75, 15.75, 10.0 ] },
										"west": { "texture": "#hunteroutfitskin1", "uv": [ 14.75, 8.75, 15.25, 10.0 ] },
										"up": { "texture": "#hunteroutfitskin1", "uv": [ 15.0, 9.5, 15.25, 10.0 ] },
										"down": { "texture": "#hunteroutfitskin1", "uv": [ 15.0, 9.0, 15.25, 9.5 ] }
									}
								}
							]
						}
					]
				}
			]
		},
		{
			"name": "lpantsleg",
			"stepParentName": "UpperFootL",
			"from": [ 0.0, -1.2, -0.2 ],
			"to": [ 4.6, 6.8, 3.25 ],
			"rotationOrigin": [ 1.5, 6.97, 0.8 ],
			"rotationZ": -2.0,
			"faces": {
				"north": { "texture": "#hunteroutfitskin1", "uv": [ 6.75, 13.5, 14.25, 16.0 ], "rotation": 90, "autoUv": false },
				"east": { "texture": "#hunteroutfitskin1", "uv": [ 6.75, 13.5, 14.25, 15.75 ], "rotation": 90, "autoUv": false },
				"south": { "texture": "#hunteroutfitskin1", "uv": [ 7.25, 13.25, 14.0, 15.75 ], "rotation": 90, "autoUv": false },
				"west": { "texture": "#hunteroutfitskin1", "uv": [ 7.0, 13.75, 14.25, 15.75 ], "rotation": 90, "autoUv": false },
				"up": { "texture": "#hunteroutfitskin1", "uv": [ 7.0, 13.25, 10.75, 15.75 ], "autoUv": false },
				"down": { "texture": "#hunteroutfitskin1", "uv": [ 6.5, 13.25, 10.25, 16.0 ], "autoUv": false }
			}
		},
		{
			"name": "rpantsleg",
			"stepParentName": "UpperFootR",
			"from": [ -0.1, -1.2, -0.05 ],
			"to": [ 4.5, 6.8, 3.4 ],
			"rotationOrigin": [ 2.5, 6.97, 1.1 ],
			"rotationZ": -2.0,
			"faces": {
				"north": { "texture": "#hunteroutfitskin1", "uv": [ 6.5, 13.0, 14.25, 15.5 ], "rotation": 90, "autoUv": false },
				"east": { "texture": "#hunteroutfitskin1", "uv": [ 7.5, 13.25, 14.75, 15.5 ], "rotation": 270, "autoUv": false },
				"south": { "texture": "#hunteroutfitskin1", "uv": [ 7.0, 13.25, 15.0, 15.75 ], "rotation": 90, "autoUv": false },
				"west": { "texture": "#hunteroutfitskin1", "uv": [ 7.0, 13.5, 14.75, 15.5 ], "rotation": 270, "autoUv": false },
				"up": { "texture": "#hunteroutfitskin1", "uv": [ 6.75, 13.25, 11.0, 15.75 ], "autoUv": false },
				"down": { "texture": "#hunteroutfitskin1", "uv": [ 6.5, 13.25, 10.5, 15.5 ], "autoUv": false }
			}
		},
		{
			"name": "rshen",
			"stepParentName": "LowerFootR",
			"from": [ -0.1, 4.93, -0.01 ],
			"to": [ 4.05, 8.43, 3.09 ],
			"rotationOrigin": [ 2.4, 7.0, 1.4571 ],
			"faces": {
				"north": { "texture": "#hunteroutfitskin1", "uv": [ 6.5, 13.25, 10.0, 15.5 ], "autoUv": false },
				"east": { "texture": "#hunteroutfitskin1", "uv": [ 6.5, 13.5, 10.0, 15.5 ], "rotation": 90, "autoUv": false },
				"south": { "texture": "#hunteroutfitskin1", "uv": [ 6.5, 13.0, 10.5, 15.5 ], "autoUv": false },
				"west": { "texture": "#hunteroutfitskin1", "uv": [ 6.5, 13.0, 10.0, 15.5 ], "rotation": 90, "autoUv": false },
				"up": { "texture": "#hunteroutfitskin1", "uv": [ 6.5, 13.25, 10.25, 15.5 ], "autoUv": false },
				"down": { "texture": "#hunteroutfitskin1", "uv": [ 6.5, 13.25, 9.75, 15.5 ], "autoUv": false }
			}
		},
		{
			"name": "lshen",
			"stepParentName": "LowerFootL",
			"from": [ -0.1, 4.93, -0.01 ],
			"to": [ 4.05, 8.43, 3.09 ],
			"rotationOrigin": [ 2.4, 7.0, 1.6 ],
			"faces": {
				"north": { "texture": "#hunteroutfitskin1", "uv": [ 6.75, 13.0, 10.0, 15.5 ], "autoUv": false },
				"east": { "texture": "#hunteroutfitskin1", "uv": [ 6.25, 13.25, 9.75, 15.5 ], "rotation": 90, "autoUv": false },
				"south": { "texture": "#hunteroutfitskin1", "uv": [ 6.25, 13.25, 9.75, 15.5 ], "autoUv": false },
				"west": { "texture": "#hunteroutfitskin1", "uv": [ 6.5, 13.5, 10.0, 15.75 ], "rotation": 90, "autoUv": false },
				"up": { "texture": "#hunteroutfitskin1", "uv": [ 6.5, 13.25, 9.5, 15.25 ], "autoUv": false },
				"down": { "texture": "#hunteroutfitskin1", "uv": [ 6.75, 13.25, 10.0, 15.75 ], "autoUv": false }
			}
		}
	]}