{
	"editor": {
		"allAngles": false,
		"entityTextureMode": false
	},
	"textureWidth": 16,
	"textureHeight": 16,
	"textureSizes": {
	},
	"textures": {
		"ostrichskin1": "entity/land/ostrich/ostrichskin1"
	},
	"elements": [
		{
			"name": "Origin",
			"from": [ 8.0, 2.15, 7.0 ], 
			"to": [ 8.0, 2.15, 7.0 ], 
			"rotationOrigin": [ 8.0, 3.0, 8.0 ],
			"faces": {
				"north": { "texture": "#null", "uv": [ 0.0, 0.0, 0.5, 0.5 ] },
				"east": { "texture": "#null", "uv": [ 0.0, 0.0, 0.5, 0.5 ] },
				"south": { "texture": "#null", "uv": [ 0.0, 0.0, 0.5, 0.5 ] },
				"west": { "texture": "#null", "uv": [ 0.0, 0.0, 0.5, 0.5 ] },
				"up": { "texture": "#null", "uv": [ 0.0, 0.0, 0.5, 0.5 ] },
				"down": { "texture": "#null", "uv": [ 0.0, 0.0, 0.5, 0.5 ] }
			},
			"children": [
				{
					"name": "body",
					"from": [ -2.0, 0.0, 0.0 ], 
					"to": [ 1.0, 2.0, 2.0 ], 
					"rotationOrigin": [ -2.0, 1.0, 1.0 ],
					"faces": {
						"north": { "texture": "#ostrichskin1", "uv": [ 11.7778, 0.4444, 14.6667, 2.4444 ] },
						"east": { "texture": "#ostrichskin1", "uv": [ 12.8889, 0.4444, 14.8889, 2.4444 ] },
						"south": { "texture": "#ostrichskin1", "uv": [ 12.4444, 0.2222, 15.3333, 2.2222 ] },
						"west": { "texture": "#ostrichskin1", "uv": [ 13.3333, 0.2222, 15.3333, 2.2222 ] },
						"up": { "texture": "#ostrichskin1", "uv": [ 12.4444, 0.0, 15.3333, 2.0 ] },
						"down": { "texture": "#ostrichskin1", "uv": [ 12.4444, 0.2222, 15.3333, 2.2222 ] }
					},
					"children": [
						{
							"name": "lwing",
							"from": [ 0.3, 0.4, 2.0 ], 
							"to": [ 2.3, 1.4, 2.3 ], 
							"rotationOrigin": [ 0.3, 0.8, 2.0 ],
							"faces": {
								"north": { "texture": "#ostrichskin1", "uv": [ 10.2222, 0.4444, 12.2222, 1.3333 ] },
								"east": { "texture": "#ostrichskin1", "uv": [ 10.4444, 0.2222, 10.6667, 1.1111 ] },
								"south": { "texture": "#ostrichskin1", "uv": [ 10.4444, 0.2222, 12.4444, 1.1111 ] },
								"west": { "texture": "#ostrichskin1", "uv": [ 10.4444, 0.4444, 10.6667, 1.3333 ] },
								"up": { "texture": "#ostrichskin1", "uv": [ 10.6667, 0.2222, 12.6667, 0.4444 ] },
								"down": { "texture": "#ostrichskin1", "uv": [ 10.4444, 0.2222, 12.4444, 0.4444 ] }
							}
						},
						{
							"name": "rwing",
							"from": [ 0.3, 0.4, -0.3 ], 
							"to": [ 2.3, 1.4, 0.0 ], 
							"rotationOrigin": [ 0.3, 0.8, -0.1 ],
							"faces": {
								"north": { "texture": "#ostrichskin1", "uv": [ 10.2222, 0.4444, 12.2222, 1.3333 ] },
								"east": { "texture": "#ostrichskin1", "uv": [ 10.4444, 0.2222, 10.6667, 1.1111 ] },
								"south": { "texture": "#ostrichskin1", "uv": [ 10.8889, 0.2222, 12.8889, 1.1111 ] },
								"west": { "texture": "#ostrichskin1", "uv": [ 10.4444, 0.4444, 10.6667, 1.3333 ] },
								"up": { "texture": "#ostrichskin1", "uv": [ 10.4444, 0.4444, 12.4444, 0.6667 ] },
								"down": { "texture": "#ostrichskin1", "uv": [ 10.2222, 0.4444, 12.2222, 0.6667 ] }
							}
						},
						{
							"name": "butt",
							"from": [ 2.4, 0.6, 0.1 ], 
							"to": [ 3.8, 1.9, 1.9 ], 
							"rotationOrigin": [ 2.8, 1.3, 0.5 ],
							"rotationZ": -45.0,
							"faces": {
								"north": { "texture": "#ostrichskin1", "uv": [ 10.2222, 0.2222, 11.5556, 1.3333 ] },
								"east": { "texture": "#ostrichskin1", "uv": [ 10.4444, 0.6667, 12.2222, 1.7778 ] },
								"south": { "texture": "#ostrichskin1", "uv": [ 10.4444, 0.2222, 11.7778, 1.3333 ] },
								"west": { "texture": "#ostrichskin1", "uv": [ 10.4444, 0.4444, 12.2222, 1.5556 ] },
								"up": { "texture": "#ostrichskin1", "uv": [ 10.2222, 0.2222, 11.5556, 2.0 ] },
								"down": { "texture": "#ostrichskin1", "uv": [ 10.2222, 0.4444, 11.5556, 2.2222 ] }
							}
						},
						{
							"name": "neck",
							"from": [ -0.2, 1.5, 0.65 ], 
							"to": [ 0.5, 2.5, 1.35 ], 
							"rotationOrigin": [ 0.1, 1.5, 1.2 ],
							"faces": {
								"north": { "texture": "#ostrichskin1", "uv": [ 8.6667, 0.2222, 9.3333, 1.1111 ] },
								"east": { "texture": "#ostrichskin1", "uv": [ 8.6667, 0.2222, 9.3333, 1.1111 ] },
								"south": { "texture": "#ostrichskin1", "uv": [ 9.1111, 0.4444, 9.7778, 1.3333 ] },
								"west": { "texture": "#ostrichskin1", "uv": [ 8.6667, 0.2222, 9.3333, 1.1111 ] },
								"up": { "texture": "#ostrichskin1", "uv": [ 9.1111, 0.4444, 9.7778, 1.1111 ] },
								"down": { "texture": "#ostrichskin1", "uv": [ 8.4444, 0.2222, 9.1111, 0.8889 ] }
							},
							"children": [
								{
									"name": "Cube7",
									"from": [ 0.0, 1.0, 0.0 ], 
									"to": [ 0.7, 2.0, 0.7 ], 
									"rotationOrigin": [ 0.3, 1.0, 0.4 ],
									"faces": {
										"north": { "texture": "#ostrichskin1", "uv": [ 8.8889, 0.4444, 9.5556, 1.3333 ] },
										"east": { "texture": "#ostrichskin1", "uv": [ 8.8889, 0.2222, 9.5556, 1.1111 ] },
										"south": { "texture": "#ostrichskin1", "uv": [ 8.6667, 0.6667, 9.3333, 1.5556 ] },
										"west": { "texture": "#ostrichskin1", "uv": [ 8.6667, 0.2222, 9.3333, 1.1111 ] },
										"up": { "texture": "#ostrichskin1", "uv": [ 8.8889, 0.8889, 9.5556, 1.5556 ] },
										"down": { "texture": "#ostrichskin1", "uv": [ 8.8889, 0.2222, 9.5556, 0.8889 ] }
									},
									"children": [
										{
											"name": "head",
											"from": [ -0.3, 1.0, 0.0 ], 
											"to": [ 0.7, 2.0, 0.7 ], 
											"rotationOrigin": [ 0.6, 1.0, 0.4 ],
											"faces": {
												"north": { "texture": "#ostrichskin1", "uv": [ 8.8889, 0.2222, 9.7778, 1.1111 ] },
												"east": { "texture": "#ostrichskin1", "uv": [ 8.6667, 0.4444, 9.3333, 1.3333 ] },
												"south": { "texture": "#ostrichskin1", "uv": [ 8.6667, 0.2222, 9.5556, 1.1111 ] },
												"west": { "texture": "#ostrichskin1", "uv": [ 8.6667, 0.4444, 9.3333, 1.3333 ] },
												"up": { "texture": "#ostrichskin1", "uv": [ 8.8889, 0.4444, 9.7778, 1.1111 ] },
												"down": { "texture": "#ostrichskin1", "uv": [ 8.4444, 0.2222, 9.3333, 0.8889 ] }
											},
											"children": [
												{
													"name": "eyes",
													"from": [ 0.2, 0.4, -0.05 ], 
													"to": [ 0.6, 0.8, 0.75 ], 
													"rotationOrigin": [ 0.9, 0.0, 0.4 ],
													"faces": {
														"north": { "texture": "#ostrichskin1", "uv": [ 5.7778, 1.1111, 6.0, 1.3333 ] },
														"east": { "texture": "#ostrichskin1", "uv": [ 5.7778, 0.8889, 6.4444, 1.1111 ] },
														"south": { "texture": "#ostrichskin1", "uv": [ 6.0, 0.8889, 6.2222, 1.1111 ] },
														"west": { "texture": "#ostrichskin1", "uv": [ 6.0, 1.1111, 6.6667, 1.3333 ] },
														"up": { "texture": "#ostrichskin1", "uv": [ 6.0, 0.8889, 6.2222, 1.5556 ] },
														"down": { "texture": "#ostrichskin1", "uv": [ 6.0, 1.1111, 6.2222, 1.7778 ] }
													}
												},
												{
													"name": "mouth",
													"from": [ -0.4, 0.1, 0.15 ], 
													"to": [ 0.0, 0.5, 0.55 ], 
													"rotationOrigin": [ -0.1, 0.0, 0.15 ],
													"faces": {
														"north": { "texture": "#ostrichskin1", "uv": [ 4.2222, 3.3333, 4.4444, 3.5556 ] },
														"east": { "texture": "#ostrichskin1", "uv": [ 3.5556, 3.1111, 3.7778, 3.3333 ] },
														"south": { "texture": "#ostrichskin1", "uv": [ 4.2222, 3.3333, 4.4444, 3.5556 ] },
														"west": { "texture": "#ostrichskin1", "uv": [ 3.7778, 3.3333, 4.0, 3.5556 ] },
														"up": { "texture": "#ostrichskin1", "uv": [ 4.4444, 3.5556, 4.6667, 3.7778 ] },
														"down": { "texture": "#ostrichskin1", "uv": [ 4.2222, 3.3333, 4.4444, 3.5556 ] }
													}
												}
											]
										}
									]
								}
							]
						},
						{
							"name": "lleg",
							"from": [ 1.5, -1.2, 1.3 ], 
							"to": [ 2.0, 0.2, 1.8 ], 
							"rotationOrigin": [ 1.9, 0.0, 1.6 ],
							"rotationZ": 22.5,
							"faces": {
								"north": { "texture": "#ostrichskin1", "uv": [ 8.6667, 0.2222, 9.1111, 1.5556 ] },
								"east": { "texture": "#ostrichskin1", "uv": [ 8.6667, 0.4444, 9.1111, 1.7778 ] },
								"south": { "texture": "#ostrichskin1", "uv": [ 8.8889, 0.4444, 9.3333, 1.7778 ] },
								"west": { "texture": "#ostrichskin1", "uv": [ 8.8889, 0.4444, 9.3333, 1.7778 ] },
								"up": { "texture": "#ostrichskin1", "uv": [ 8.4444, 0.4444, 8.8889, 0.8889 ] },
								"down": { "texture": "#ostrichskin1", "uv": [ 9.1111, 0.6667, 9.5556, 1.1111 ] }
							},
							"children": [
								{
									"name": "lowerlleg",
									"from": [ 0.1, -0.9239, 0.02 ], 
									"to": [ 0.6, 0.4761, 0.47 ], 
									"rotationOrigin": [ 0.34, 0.2761, 0.3 ],
									"rotationZ": -45.0,
									"faces": {
										"north": { "texture": "#ostrichskin1", "uv": [ 8.8889, 0.2222, 9.3333, 1.5556 ] },
										"east": { "texture": "#ostrichskin1", "uv": [ 8.8889, 0.4444, 9.3333, 1.7778 ] },
										"south": { "texture": "#ostrichskin1", "uv": [ 9.1111, 0.4444, 9.5556, 1.7778 ] },
										"west": { "texture": "#ostrichskin1", "uv": [ 8.6667, 0.4444, 9.1111, 1.7778 ] },
										"up": { "texture": "#ostrichskin1", "uv": [ 9.1111, 0.4444, 9.5556, 0.8889 ] },
										"down": { "texture": "#ostrichskin1", "uv": [ 8.6667, 0.4444, 9.1111, 0.8889 ] }
									},
									"children": [
										{
											"name": "foot",
											"from": [ -0.1557, -0.0524, 0.03 ], 
											"to": [ 0.5443, 0.2476, 0.43 ], 
											"rotationOrigin": [ 0.5443, -0.0524, 0.18 ],
											"rotationZ": 22.5,
											"faces": {
												"north": { "texture": "#ostrichskin1", "uv": [ 8.6667, 0.4444, 9.3333, 0.6667 ] },
												"east": { "texture": "#ostrichskin1", "uv": [ 8.8889, 0.4444, 9.1111, 0.6667 ] },
												"south": { "texture": "#ostrichskin1", "uv": [ 8.8889, 0.4444, 9.5556, 0.6667 ] },
												"west": { "texture": "#ostrichskin1", "uv": [ 8.6667, 0.2222, 8.8889, 0.4444 ] },
												"up": { "texture": "#ostrichskin1", "uv": [ 9.1111, 0.2222, 9.7778, 0.4444 ] },
												"down": { "texture": "#ostrichskin1", "uv": [ 9.3333, 0.8889, 10.0, 1.1111 ] }
											},
											"children": [
												{
													"name": "toe",
													"from": [ -0.2, 0.0, 0.05 ], 
													"to": [ 0.0, 0.1, 0.35 ], 
													"rotationOrigin": [ 0.0, 0.0, 0.1 ],
													"faces": {
														"north": { "texture": "#ostrichskin1", "uv": [ 7.7778, 3.3333, 8.0, 3.5556 ] },
														"east": { "texture": "#ostrichskin1", "uv": [ 7.1111, 3.3333, 7.3333, 3.5556 ] },
														"south": { "texture": "#ostrichskin1", "uv": [ 7.5556, 3.1111, 7.7778, 3.3333 ] },
														"west": { "texture": "#ostrichskin1", "uv": [ 7.3333, 3.3333, 7.5556, 3.5556 ] },
														"up": { "texture": "#ostrichskin1", "uv": [ 7.5556, 3.1111, 7.7778, 3.3333 ] },
														"down": { "texture": "#ostrichskin1", "uv": [ 7.7778, 3.5556, 8.0, 3.7778 ] }
													}
												}
											]
										}
									]
								}
							]
						},
						{
							"name": "rleg15",
							"from": [ 1.5, -1.2, 0.3 ], 
							"to": [ 2.0, 0.2, 0.8 ], 
							"rotationOrigin": [ 1.9, 0.0, 0.6 ],
							"rotationZ": 22.5,
							"faces": {
								"north": { "texture": "#ostrichskin1", "uv": [ 8.6667, 0.4444, 9.1111, 1.7778 ] },
								"east": { "texture": "#ostrichskin1", "uv": [ 8.6667, 0.2222, 9.1111, 1.5556 ] },
								"south": { "texture": "#ostrichskin1", "uv": [ 8.8889, 0.4444, 9.3333, 1.7778 ] },
								"west": { "texture": "#ostrichskin1", "uv": [ 8.8889, 0.2222, 9.3333, 1.5556 ] },
								"up": { "texture": "#ostrichskin1", "uv": [ 8.8889, 0.6667, 9.3333, 1.1111 ] },
								"down": { "texture": "#ostrichskin1", "uv": [ 8.6667, 0.4444, 9.1111, 0.8889 ] }
							},
							"children": [
								{
									"name": "lowerrleg",
									"from": [ 0.1, -0.9239, 0.02 ], 
									"to": [ 0.6, 0.4761, 0.47 ], 
									"rotationOrigin": [ 0.34, 0.2761, 0.3 ],
									"rotationZ": -45.0,
									"faces": {
										"north": { "texture": "#ostrichskin1", "uv": [ 8.6667, 0.4444, 9.1111, 1.7778 ] },
										"east": { "texture": "#ostrichskin1", "uv": [ 8.6667, 0.4444, 9.1111, 1.7778 ] },
										"south": { "texture": "#ostrichskin1", "uv": [ 8.8889, 0.6667, 9.3333, 2.0 ] },
										"west": { "texture": "#ostrichskin1", "uv": [ 9.1111, 0.4444, 9.5556, 1.7778 ] },
										"up": { "texture": "#ostrichskin1", "uv": [ 9.1111, 0.6667, 9.5556, 1.1111 ] },
										"down": { "texture": "#ostrichskin1", "uv": [ 8.8889, 0.2222, 9.3333, 0.6667 ] }
									},
									"children": [
										{
											"name": "foot17",
											"from": [ -0.1557, -0.0524, 0.03 ], 
											"to": [ 0.5443, 0.2476, 0.43 ], 
											"rotationOrigin": [ 0.5443, -0.0524, 0.18 ],
											"rotationZ": 22.5,
											"faces": {
												"north": { "texture": "#ostrichskin1", "uv": [ 8.8889, 0.2222, 9.5556, 0.4444 ] },
												"east": { "texture": "#ostrichskin1", "uv": [ 8.8889, 0.8889, 9.1111, 1.1111 ] },
												"south": { "texture": "#ostrichskin1", "uv": [ 8.8889, 0.4444, 9.5556, 0.6667 ] },
												"west": { "texture": "#ostrichskin1", "uv": [ 9.5556, 0.6667, 9.7778, 0.8889 ] },
												"up": { "texture": "#ostrichskin1", "uv": [ 8.6667, 0.4444, 9.3333, 0.6667 ] },
												"down": { "texture": "#ostrichskin1", "uv": [ 9.1111, 0.6667, 9.7778, 0.8889 ] }
											},
											"children": [
												{
													"name": "toe18",
													"from": [ -0.2, 0.0, 0.05 ], 
													"to": [ 0.0, 0.1, 0.35 ], 
													"rotationOrigin": [ 0.0, 0.0, 0.1 ],
													"faces": {
														"north": { "texture": "#ostrichskin1", "uv": [ 7.7778, 3.5556, 8.0, 3.7778 ] },
														"east": { "texture": "#ostrichskin1", "uv": [ 7.7778, 3.3333, 8.0, 3.5556 ] },
														"south": { "texture": "#ostrichskin1", "uv": [ 7.5556, 3.5556, 7.7778, 3.7778 ] },
														"west": { "texture": "#ostrichskin1", "uv": [ 7.3333, 3.1111, 7.5556, 3.3333 ] },
														"up": { "texture": "#ostrichskin1", "uv": [ 7.7778, 3.5556, 8.0, 3.7778 ] },
														"down": { "texture": "#ostrichskin1", "uv": [ 7.5556, 3.5556, 7.7778, 3.7778 ] }
													}
												}
											]
										}
									]
								}
							]
						}
					]
				}
			]
		}
	],
	"animations": [
		{
			"name": "run",
			"code": "run",
			"quantityframes": 24,
			"onActivityStopped": "EaseOut",
			"onAnimationEnd": "Repeat",
			"keyframes": [
				{
					"frame": 0,
					"elements": {
						"Origin": {  },
						"body": { "offsetX": 0.0, "offsetY": 0.2, "offsetZ": 0.0, "rotationX": 0.0, "rotationY": 0.0, "rotationZ": -10.0 },
						"lwing": { "rotationX": 0.0, "rotationY": -45.0, "rotationZ": 0.0 },
						"rwing": { "rotationX": 0.0, "rotationY": 45.0, "rotationZ": 0.0 },
						"lleg": { "offsetX": 0.0, "offsetY": 0.1, "offsetZ": 0.0, "rotationX": 0.0, "rotationY": 0.0, "rotationZ": 15.0 },
						"lowerlleg": { "rotationX": 0.0, "rotationY": 0.0, "rotationZ": 0.0 },
						"foot": { "offsetX": 0.0, "offsetY": 0.0, "offsetZ": 0.0, "rotationX": 0.0, "rotationY": 0.0, "rotationZ": 0.0 },
						"neck": { "rotationX": 0.0, "rotationY": 0.0, "rotationZ": 8.0 },
						"rleg15": { "rotationX": 0.0, "rotationY": 0.0, "rotationZ": 0.0 },
						"lowerrleg": { "offsetX": 0.0, "offsetY": 0.0, "offsetZ": 0.0, "rotationX": 0.0, "rotationY": 0.0, "rotationZ": -67.5 },
						"foot17": { "offsetX": 0.0, "offsetY": 0.0, "offsetZ": 0.0, "rotationX": 0.0, "rotationY": 0.0, "rotationZ": 45.0 }
					}
				},
				{
					"frame": 4,
					"elements": {
						"Origin": {  },
						"body": { "offsetX": 0.0, "offsetY": 0.2, "offsetZ": 0.0, "rotationX": 0.0, "rotationY": 0.0, "rotationZ": 0.0 },
						"lwing": { "rotationX": 0.0, "rotationY": -67.5, "rotationZ": 0.0 },
						"rwing": { "rotationX": 0.0, "rotationY": 67.5, "rotationZ": 0.0 },
						"neck": { "rotationX": 0.0, "rotationY": 0.0, "rotationZ": 0.0 },
						"lleg": { "offsetX": 0.2, "offsetY": 0.1, "offsetZ": 0.0, "rotationX": 0.0, "rotationY": 0.0, "rotationZ": 45.0 },
						"lowerlleg": {  },
						"foot": { "offsetX": 0.0, "offsetY": 0.0, "offsetZ": 0.0 },
						"rleg15": { "offsetX": 0.0, "offsetY": 0.0, "offsetZ": 0.0, "rotationX": 0.0, "rotationY": 0.0, "rotationZ": 0.0 },
						"lowerrleg": { "rotationX": 0.0, "rotationY": 0.0, "rotationZ": 0.0 },
						"foot17": { "rotationX": 0.0, "rotationY": 0.0, "rotationZ": 22.5 }
					}
				},
				{
					"frame": 8,
					"elements": {
						"Origin": {  },
						"body": { "offsetX": 0.0, "offsetY": 0.2, "offsetZ": 0.0, "rotationX": 0.0, "rotationY": 0.0, "rotationZ": -10.0 },
						"lwing": { "rotationX": 0.0, "rotationY": -45.0, "rotationZ": 0.0 },
						"rwing": { "rotationX": 0.0, "rotationY": 45.0, "rotationZ": 0.0 },
						"neck": { "rotationX": 0.0, "rotationY": 0.0, "rotationZ": 8.0 },
						"lleg": { "offsetX": 0.2, "offsetY": 0.1, "offsetZ": 0.0, "rotationX": 0.0, "rotationY": 0.0, "rotationZ": 0.0 },
						"lowerlleg": { "rotationX": 0.0, "rotationY": 0.0, "rotationZ": -67.5 },
						"foot": { "offsetX": 0.1, "offsetY": 0.0, "offsetZ": 0.0, "rotationX": 0.0, "rotationY": 0.0, "rotationZ": 67.5 },
						"rleg15": { "rotationX": 0.0, "rotationY": 0.0, "rotationZ": 30.0 },
						"lowerrleg": { "rotationX": 0.0, "rotationY": 0.0, "rotationZ": 22.5 },
						"foot17": { "rotationX": 0.0, "rotationY": 0.0, "rotationZ": 0.0 }
					}
				},
				{
					"frame": 12,
					"elements": {
						"Origin": {  },
						"body": { "offsetX": 0.0, "offsetY": 0.2, "offsetZ": 0.0, "rotationX": 0.0, "rotationY": 0.0, "rotationZ": 0.0 },
						"lwing": { "rotationX": 0.0, "rotationY": -67.5, "rotationZ": 0.0 },
						"rwing": { "rotationX": 0.0, "rotationY": 67.5, "rotationZ": 0.0 },
						"neck": { "rotationX": 0.0, "rotationY": 0.0, "rotationZ": 0.0 },
						"lleg": { "offsetX": 0.2, "offsetY": 0.1, "offsetZ": 0.0, "rotationX": 0.0, "rotationY": 0.0, "rotationZ": 67.5 },
						"lowerlleg": { "rotationX": 0.0, "rotationY": 0.0, "rotationZ": -67.5 },
						"foot": { "rotationX": 0.0, "rotationY": 0.0, "rotationZ": 67.5 },
						"rleg15": { "offsetX": 0.2, "offsetY": 0.0, "offsetZ": 0.0, "rotationX": 0.0, "rotationY": 0.0, "rotationZ": 22.5 },
						"lowerrleg": { "offsetX": 0.0, "offsetY": 0.0, "offsetZ": 0.0, "rotationX": 0.0, "rotationY": 0.0, "rotationZ": 22.5 },
						"foot17": { "rotationX": 0.0, "rotationY": 0.0, "rotationZ": 0.0 }
					}
				},
				{
					"frame": 16,
					"elements": {
						"Origin": {  },
						"body": { "offsetX": 0.0, "offsetY": 0.2, "offsetZ": 0.0, "rotationX": 0.0, "rotationY": 0.0, "rotationZ": -10.0 },
						"lwing": { "rotationX": 0.0, "rotationY": -45.0, "rotationZ": 0.0 },
						"rwing": { "rotationX": 0.0, "rotationY": 45.0, "rotationZ": 0.0 },
						"neck": { "rotationX": 0.0, "rotationY": 0.0, "rotationZ": 8.0 },
						"lleg": { "offsetX": 0.2, "offsetY": 0.1, "offsetZ": 0.0, "rotationX": 0.0, "rotationY": 0.0, "rotationZ": 22.5 },
						"lowerlleg": { "rotationX": 0.0, "rotationY": 0.0, "rotationZ": -22.5 },
						"foot": { "rotationX": 0.0, "rotationY": 0.0, "rotationZ": 22.5 },
						"rleg15": { "offsetX": 0.2, "offsetY": 0.0, "offsetZ": 0.0, "rotationX": 0.0, "rotationY": 0.0, "rotationZ": 45.0 },
						"lowerrleg": { "offsetX": 0.0, "offsetY": 0.0, "offsetZ": 0.0, "rotationX": 0.0, "rotationY": 0.0, "rotationZ": -67.5 },
						"foot17": { "offsetX": 0.1, "offsetY": 0.0, "offsetZ": 0.0, "rotationX": 0.0, "rotationY": 0.0, "rotationZ": 90.0 }
					}
				},
				{
					"frame": 20,
					"elements": {
						"Origin": {  },
						"body": { "offsetX": 0.0, "offsetY": -0.2, "offsetZ": 0.0, "rotationX": 0.0, "rotationY": 0.0, "rotationZ": 0.0 },
						"lwing": { "rotationX": 0.0, "rotationY": -67.5, "rotationZ": 0.0 },
						"rwing": { "rotationX": 0.0, "rotationY": 67.5, "rotationZ": 0.0 },
						"neck": { "rotationX": 0.0, "rotationY": 0.0, "rotationZ": 0.0 },
						"lleg": { "offsetX": 0.2, "offsetY": 0.1, "offsetZ": 0.0, "rotationX": 0.0, "rotationY": 0.0, "rotationZ": 0.0 },
						"lowerlleg": { "rotationX": 0.0, "rotationY": 0.0, "rotationZ": 0.0 },
						"foot": { "rotationX": 0.0, "rotationY": 0.0, "rotationZ": 10.0 },
						"rleg15": { "offsetX": 0.2, "offsetY": 0.0, "offsetZ": 0.0, "rotationX": 0.0, "rotationY": 0.0, "rotationZ": 22.5 },
						"lowerrleg": { "offsetX": 0.0, "offsetY": 0.0, "offsetZ": 0.0, "rotationX": 0.0, "rotationY": 0.0, "rotationZ": -67.5 },
						"foot17": { "offsetX": 0.1, "offsetY": 0.0, "offsetZ": 0.0, "rotationX": 0.0, "rotationY": 0.0, "rotationZ": 90.0 }
					}
				}
			]
		},

		{
			"name": "death",
			"code": "death",
			"quantityframes": 30,
			"onActivityStopped": "PlayTillEnd",
			"onAnimationEnd": "Hold",
			"keyframes": [
				{
					"frame": 0,
					"elements": {
						"Origin": {  },
						"body": { "offsetX": 0.0, "offsetY": 0.0, "offsetZ": 0.0, "rotationX": 0.0, "rotationY": 0.0, "rotationZ": 0.0 },
						"neck": { "rotationX": 0.0, "rotationY": 0.0, "rotationZ": 0.0 },
						"Cube7": { "rotationX": 0.0, "rotationY": 0.0, "rotationZ": 0.0 },
						"lleg": { "rotationX": 0.0, "rotationY": 0.0, "rotationZ": 0.0 },
						"rleg15": { "rotationX": 0.0, "rotationY": 0.0, "rotationZ": 0.0 }
					}
				},
				{
					"frame": 15,
					"elements": {
						"Origin": {  },
						"body": { "offsetX": 0.0, "offsetY": 0.0, "offsetZ": 2.0, "rotationX": 90.0, "rotationY": 0.0, "rotationZ": 0.0 },
						"neck": { "rotationX": 22.5, "rotationY": 0.0, "rotationZ": 22.5 },
						"Cube7": { "rotationX": -6.0, "rotationY": 0.0, "rotationZ": -22.5 },
						"lleg": { "rotationX": -22.5, "rotationY": 0.0, "rotationZ": 45.0 },
						"rleg15": { "rotationX": -45.0, "rotationY": 0.0, "rotationZ": 0.0 }
					}
				}
			]
		},

		{
			"name": "walk",
			"code": "walk",
			"quantityframes": 32,
			"onActivityStopped": "EaseOut",
			"onAnimationEnd": "Repeat",
			"keyframes": [
				{
					"frame": 0,
					"elements": {
						"Origin": {  },
						"body": { "rotationX": 5.0, "rotationY": 0.0, "rotationZ": 0.0 },
						"lleg": { "offsetX": 0.2, "offsetY": 0.0, "offsetZ": 0.0, "rotationX": 0.0, "rotationY": 0.0, "rotationZ": 22.5 },
						"lowerlleg": { "offsetX": 0.0, "offsetY": -0.2, "offsetZ": 0.0, "rotationX": 0.0, "rotationY": 0.0, "rotationZ": 0.0 },
						"foot": { "offsetX": 0.0, "offsetY": -0.1, "offsetZ": 0.0, "rotationX": 0.0, "rotationY": 0.0, "rotationZ": -22.5 },
						"rleg15": { "rotationX": 0.0, "rotationY": 0.0, "rotationZ": -22.5 },
						"lowerrleg": { "rotationX": 0.0, "rotationY": 0.0, "rotationZ": 0.0 },
						"foot17": { "rotationX": 0.0, "rotationY": 0.0, "rotationZ": 45.0 }
					}
				},
				{
					"frame": 8,
					"elements": {
						"Origin": {  },
						"body": { "rotationX": 0.0, "rotationY": 0.0, "rotationZ": 0.0 },
						"lleg": { "offsetX": 0.2, "offsetY": 0.0, "offsetZ": 0.0, "rotationX": 0.0, "rotationY": 0.0, "rotationZ": 45.0 },
						"lowerlleg": { "offsetX": 0.0, "offsetY": -0.2, "offsetZ": 0.0, "rotationX": 0.0, "rotationY": 0.0, "rotationZ": -67.5 },
						"foot": { "offsetX": 0.0, "offsetY": -0.1, "offsetZ": 0.0, "rotationX": 0.0, "rotationY": 0.0, "rotationZ": 22.5 },
						"rleg15": { "rotationX": 0.0, "rotationY": 0.0, "rotationZ": 0.0 },
						"lowerrleg": { "rotationX": 0.0, "rotationY": 0.0, "rotationZ": 0.0 },
						"foot17": { "rotationX": 0.0, "rotationY": 0.0, "rotationZ": 0.0 }
					}
				},
				{
					"frame": 16,
					"elements": {
						"Origin": {  },
						"body": { "rotationX": -5.0, "rotationY": 0.0, "rotationZ": 0.0 },
						"lleg": { "offsetX": 0.2, "offsetY": 0.0, "offsetZ": 0.0, "rotationX": 0.0, "rotationY": 0.0, "rotationZ": 0.0 },
						"lowerlleg": { "offsetX": 0.0, "offsetY": -0.2, "offsetZ": 0.0, "rotationX": 0.0, "rotationY": 0.0, "rotationZ": -22.5 },
						"foot": { "offsetX": 0.0, "offsetY": -0.1, "offsetZ": 0.0, "rotationX": 0.0, "rotationY": 0.0, "rotationZ": 22.5 },
						"rleg15": { "offsetX": 0.1, "offsetY": -0.1, "offsetZ": 0.0, "rotationX": 0.0, "rotationY": 0.0, "rotationZ": 22.5 },
						"lowerrleg": { "rotationX": 0.0, "rotationY": 0.0, "rotationZ": 0.0 },
						"foot17": { "rotationX": 0.0, "rotationY": 0.0, "rotationZ": 0.0 }
					}
				},
				{
					"frame": 24,
					"elements": {
						"Origin": {  },
						"body": { "rotationX": 0.0, "rotationY": 0.0, "rotationZ": 0.0 },
						"lleg": { "offsetX": 0.2, "offsetY": 0.0, "offsetZ": 0.0, "rotationX": 0.0, "rotationY": 0.0, "rotationZ": 22.5 },
						"lowerlleg": { "offsetX": 0.0, "offsetY": -0.2, "offsetZ": 0.0, "rotationX": 0.0, "rotationY": 0.0, "rotationZ": -22.5 },
						"foot": { "offsetX": 0.0, "offsetY": -0.1, "offsetZ": 0.0, "rotationX": 0.0, "rotationY": 0.0, "rotationZ": 0.0 },
						"rleg15": { "offsetX": 0.1, "offsetY": -0.1, "offsetZ": 0.0, "rotationX": 0.0, "rotationY": 0.0, "rotationZ": 22.5 },
						"lowerrleg": { "rotationX": 0.0, "rotationY": 0.0, "rotationZ": -67.5 },
						"foot17": { "rotationX": 0.0, "rotationY": 0.0, "rotationZ": 67.5 }
					}
				}
			]
		},

		{
			"name": "eat",
			"code": "eat",
			"quantityframes": 44,
			"onActivityStopped": "Rewind",
			"onAnimationEnd": "Stop",
			"keyframes": [
				{
					"frame": 0,
					"elements": {
						"Origin": {  },
						"body": { "offsetX": 0.0, "offsetY": 0.0, "offsetZ": 0.0, "rotationX": 0.0, "rotationY": 0.0, "rotationZ": 0.0 },
						"neck": { "rotationX": 0.0, "rotationY": 0.0, "rotationZ": 0.0 },
						"Cube7": {  },
						"head": { "rotationX": 0.0, "rotationY": 0.0, "rotationZ": 0.0 },
						"lleg": {  },
						"lowerlleg": { "rotationX": 0.0, "rotationY": 0.0, "rotationZ": 0.0 },
						"rleg15": {  },
						"lowerrleg": { "rotationX": 0.0, "rotationY": 0.0, "rotationZ": 0.0 }
					}
				},
				{
					"frame": 12,
					"elements": {
						"Origin": {  },
						"body": { "offsetX": 0.0, "offsetY": 0.0, "offsetZ": 0.0, "rotationX": 0.0, "rotationY": 0.0, "rotationZ": 0.0 },
						"neck": { "rotationX": 0.0, "rotationY": 0.0, "rotationZ": 45.0 },
						"Cube7": {  },
						"head": { "rotationX": 0.0, "rotationY": 0.0, "rotationZ": 0.0 },
						"lleg": {  },
						"lowerlleg": { "rotationX": 0.0, "rotationY": 0.0, "rotationZ": 0.0 },
						"rleg15": {  },
						"lowerrleg": { "rotationX": 0.0, "rotationY": 0.0, "rotationZ": 0.0 }
					}
				},
				{
					"frame": 18,
					"elements": {
						"Origin": {  },
						"body": { "offsetX": 0.0, "offsetY": -0.2, "offsetZ": 0.0, "rotationX": 0.0, "rotationY": 0.0, "rotationZ": 5.0 },
						"neck": { "rotationX": 0.0, "rotationY": 0.0, "rotationZ": 135.0 },
						"Cube7": {  },
						"head": { "offsetX": 0.0, "offsetY": -0.5, "offsetZ": 0.0, "rotationX": 0.0, "rotationY": 0.0, "rotationZ": -45.0 },
						"lleg": {  },
						"lowerlleg": { "rotationX": 0.0, "rotationY": 0.0, "rotationZ": 0.0 },
						"rleg15": {  },
						"lowerrleg": { "rotationX": 0.0, "rotationY": 0.0, "rotationZ": 0.0 }
					}
				},
				{
					"frame": 20,
					"elements": {
						"Origin": {  },
						"body": { "offsetX": -0.5, "offsetY": -0.6, "offsetZ": 0.0, "rotationX": 0.0, "rotationY": 0.0, "rotationZ": 15.0 },
						"neck": { "rotationX": 0.0, "rotationY": 0.0, "rotationZ": 135.0 },
						"Cube7": {  },
						"head": { "offsetX": 0.0, "offsetY": -0.5, "offsetZ": 0.0, "rotationX": 0.0, "rotationY": 0.0, "rotationZ": -45.0 },
						"lleg": {  },
						"lowerlleg": { "rotationX": 0.0, "rotationY": 0.0, "rotationZ": -22.5 },
						"rleg15": {  },
						"lowerrleg": { "rotationX": 0.0, "rotationY": 0.0, "rotationZ": -22.5 }
					}
				},
				{
					"frame": 22,
					"elements": {
						"Origin": {  },
						"body": { "offsetX": -0.5, "offsetY": -0.6, "offsetZ": 0.0, "rotationX": 0.0, "rotationY": 0.0, "rotationZ": 15.0 },
						"neck": { "rotationX": 0.0, "rotationY": 0.0, "rotationZ": 112.5 },
						"Cube7": {  },
						"head": { "offsetX": 0.0, "offsetY": -0.5, "offsetZ": 0.0, "rotationX": 0.0, "rotationY": 0.0, "rotationZ": -45.0 },
						"lleg": {  },
						"lowerlleg": { "rotationX": 0.0, "rotationY": 0.0, "rotationZ": -22.5 },
						"rleg15": {  },
						"lowerrleg": { "rotationX": 0.0, "rotationY": 0.0, "rotationZ": -22.5 }
					}
				},
				{
					"frame": 24,
					"elements": {
						"Origin": {  },
						"body": { "offsetX": -0.5, "offsetY": -0.6, "offsetZ": 0.0, "rotationX": 0.0, "rotationY": 0.0, "rotationZ": 15.0 },
						"neck": { "rotationX": 0.0, "rotationY": 0.0, "rotationZ": 135.0 },
						"Cube7": {  },
						"head": { "offsetX": 0.0, "offsetY": -0.5, "offsetZ": 0.0, "rotationX": 0.0, "rotationY": 0.0, "rotationZ": -45.0 },
						"lleg": {  },
						"lowerlleg": { "rotationX": 0.0, "rotationY": 0.0, "rotationZ": -22.5 },
						"rleg15": {  },
						"lowerrleg": { "rotationX": 0.0, "rotationY": 0.0, "rotationZ": -22.5 }
					}
				}
			]
		},

		{
			"name": "hurt",
			"code": "hurt",
			"quantityframes": 30,
			"onActivityStopped": "PlayTillEnd",
			"onAnimationEnd": "Stop",
			"keyframes": [
				{
					"frame": 0,
					"elements": {
						"Origin": {  },
						"body": { "offsetX": 0.0, "offsetY": 0.0, "offsetZ": 0.0, "rotationX": 0.0, "rotationY": 0.0, "rotationZ": 0.0 },
						"rwing": { "rotationX": 0.0, "rotationY": 0.0, "rotationZ": 0.0 },
						"lwing": { "rotationX": 0.0, "rotationY": 0.0, "rotationZ": 0.0 }
					}
				},
				{
					"frame": 6,
					"elements": {
						"Origin": {  },
						"body": { "offsetX": 0.0, "offsetY": 0.1, "offsetZ": 0.0, "rotationX": 0.0, "rotationY": 0.0, "rotationZ": -5.0 },
						"lwing": { "rotationX": 0.0, "rotationY": -45.0, "rotationZ": 0.0 },
						"rwing": { "rotationX": 0.0, "rotationY": 45.0, "rotationZ": 0.0 }
					}
				}
			]
		},

		{
			"name": "idle",
			"code": "idle",
			"quantityframes": 30,
			"onActivityStopped": "EaseOut",
			"onAnimationEnd": "Repeat",
			"keyframes": [
				{
					"frame": 0,
					"elements": {
						"Origin": {  },
						"body": { "rotationX": 0.0, "rotationY": 0.0, "rotationZ": 0.0 },
						"neck": { "rotationX": 0.0, "rotationY": 0.0, "rotationZ": 0.0 }
					}
				},
				{
					"frame": 15,
					"elements": {
						"Origin": {  },
						"body": { "rotationX": 0.0, "rotationY": 0.0, "rotationZ": 1.0 },
						"neck": { "rotationX": 0.0, "rotationY": 0.0, "rotationZ": -1.0 }
					}
				}
			]
		},

		{
			"name": "sit",
			"code": "sit",
			"quantityframes": 30,
			"onActivityStopped": "EaseOut",
			"onAnimationEnd": "Repeat",
			"keyframes": [
				{
					"frame": 0,
					"elements": {
						"Origin": {  },
						"body": { "offsetX": 0.0, "offsetY": -1.8, "offsetZ": 0.0, "rotationX": 0.0, "rotationY": 0.0, "rotationZ": 0.0 },
						"lleg": { "offsetX": 0.2, "offsetY": 0.0, "offsetZ": 0.0, "rotationX": 0.0, "rotationY": 0.0, "rotationZ": 67.5 },
						"lowerlleg": { "offsetX": 0.3, "offsetY": 0.0, "offsetZ": 0.0, "rotationX": 0.0, "rotationY": 0.0, "rotationZ": -135.0 },
						"foot": { "rotationX": 0.0, "rotationY": 0.0, "rotationZ": 67.5 },
						"rleg15": { "offsetX": 0.2, "offsetY": 0.0, "offsetZ": 0.0, "rotationX": 0.0, "rotationY": 0.0, "rotationZ": 67.5 },
						"lowerrleg": { "offsetX": 0.3, "offsetY": 0.0, "offsetZ": 0.0, "rotationX": 0.0, "rotationY": 0.0, "rotationZ": -135.0 },
						"foot17": { "rotationX": 0.0, "rotationY": 0.0, "rotationZ": 67.5 },
						"neck": { "rotationX": 0.0, "rotationY": 0.0, "rotationZ": 45.0 },
						"Cube7": { "offsetX": 0.0, "offsetY": -0.2, "offsetZ": 0.0, "rotationX": 0.0, "rotationY": 0.0, "rotationZ": -45.0 }
					}
				},
				{
					"frame": 15,
					"elements": {
						"Origin": {  },
						"body": { "offsetX": 0.0, "offsetY": -1.8, "offsetZ": 0.0, "rotationX": 0.0, "rotationY": 0.0, "rotationZ": 1.0 },
						"neck": { "rotationX": 0.0, "rotationY": 0.0, "rotationZ": 45.0 },
						"lleg": { "offsetX": 0.2, "offsetY": 0.0, "offsetZ": 0.0, "rotationX": 0.0, "rotationY": 0.0, "rotationZ": 67.5 },
						"lowerlleg": { "offsetX": 0.3, "offsetY": 0.0, "offsetZ": 0.0, "rotationX": 0.0, "rotationY": 0.0, "rotationZ": -135.0 },
						"foot": { "rotationX": 0.0, "rotationY": 0.0, "rotationZ": 67.5 },
						"rleg15": { "offsetX": 0.2, "offsetY": 0.0, "offsetZ": 0.0, "rotationX": 0.0, "rotationY": 0.0, "rotationZ": 67.5 },
						"lowerrleg": { "offsetX": 0.3, "offsetY": 0.0, "offsetZ": 0.0, "rotationX": 0.0, "rotationY": 0.0, "rotationZ": -135.0 },
						"foot17": { "rotationX": 0.0, "rotationY": 0.0, "rotationZ": 67.5 }
					}
				}
			]
		},

		{
			"name": "sleep",
			"code": "sleep",
			"quantityframes": 30,
			"onActivityStopped": "EaseOut",
			"onAnimationEnd": "Repeat",
			"keyframes": [
				{
					"frame": 0,
					"elements": {
						"Origin": {  },
						"body": { "offsetX": 0.0, "offsetY": -1.8, "offsetZ": 0.0, "rotationX": 0.0, "rotationY": 0.0, "rotationZ": 0.0 },
						"rleg15": { "offsetX": 0.1, "offsetY": 0.0, "offsetZ": 0.0, "rotationX": 0.0, "rotationY": 0.0, "rotationZ": 67.5 },
						"lowerrleg": { "offsetX": 0.1, "offsetY": 0.0, "offsetZ": 0.0, "rotationX": 0.0, "rotationY": 0.0, "rotationZ": -135.0 },
						"foot17": { "rotationX": 0.0, "rotationY": 0.0, "rotationZ": 67.5 },
						"lleg": { "offsetX": 0.1, "offsetY": 0.0, "offsetZ": 0.0, "rotationX": 0.0, "rotationY": 0.0, "rotationZ": 67.5 },
						"lowerlleg": { "offsetX": 0.2, "offsetY": 0.0, "offsetZ": 0.0, "rotationX": 0.0, "rotationY": 0.0, "rotationZ": -135.0 },
						"foot": { "offsetX": 0.0, "offsetY": 0.1, "offsetZ": 0.0, "rotationX": 0.0, "rotationY": 0.0, "rotationZ": 67.5 },
						"neck": { "offsetX": -0.3, "offsetY": -0.3, "offsetZ": 0.0, "rotationX": 0.0, "rotationY": 0.0, "rotationZ": 45.0 },
						"Cube7": { "rotationX": 0.0, "rotationY": 0.0, "rotationZ": -90.0 },
						"head": { "rotationX": 0.0, "rotationY": 0.0, "rotationZ": 45.0 }
					}
				},
				{
					"frame": 15,
					"elements": {
						"Origin": {  },
						"body": { "offsetX": 0.0, "offsetY": -1.8, "offsetZ": 0.0, "rotationX": 0.0, "rotationY": 0.0, "rotationZ": 1.0 },
						"neck": { "offsetX": -0.3, "offsetY": -0.3, "offsetZ": 0.0, "rotationX": 0.0, "rotationY": 0.0, "rotationZ": 44.0 },
						"Cube7": { "rotationX": 0.0, "rotationY": 0.0, "rotationZ": -90.0 },
						"head": { "rotationX": 0.0, "rotationY": 0.0, "rotationZ": 45.0 },
						"lleg": { "offsetX": 0.1, "offsetY": 0.0, "offsetZ": 0.0, "rotationX": 0.0, "rotationY": 0.0, "rotationZ": 67.5 },
						"lowerlleg": { "offsetX": 0.2, "offsetY": 0.0, "offsetZ": 0.0, "rotationX": 0.0, "rotationY": 0.0, "rotationZ": -135.0 },
						"foot": { "offsetX": 0.0, "offsetY": 0.1, "offsetZ": 0.0, "rotationX": 0.0, "rotationY": 0.0, "rotationZ": 67.5 },
						"rleg15": { "offsetX": 0.1, "offsetY": 0.0, "offsetZ": 0.0, "rotationX": 0.0, "rotationY": 0.0, "rotationZ": 67.5 },
						"lowerrleg": { "offsetX": 0.1, "offsetY": 0.0, "offsetZ": 0.0, "rotationX": 0.0, "rotationY": 0.0, "rotationZ": -135.0 },
						"foot17": { "rotationX": 0.0, "rotationY": 0.0, "rotationZ": 67.5 }
					}
				}
			]
		}
	]
}