{
	"editor": {
		"allAngles": false,
		"entityTextureMode": false
	},
	"textureWidth": 16,
	"textureHeight": 16,
	"textureSizes": {
	},
	"textures": {
		"scorpionskin1": "entity/land/scorpion/scorpionskin1"
	},
	"elements": [
		{
			"name": "Origin",
			"from": [ 8.0, 0.0, 7.5 ], 
			"to": [ 8.0, 0.0, 7.5 ], 
			"rotationOrigin": [ 8.0, 0.0, 8.0 ],
			"faces": {
				"north": { "texture": "#null", "uv": [ 0.0, 0.0, 0.5, 0.5 ] },
				"east": { "texture": "#null", "uv": [ 0.0, 0.0, 0.5, 0.5 ] },
				"south": { "texture": "#null", "uv": [ 0.0, 0.0, 0.5, 0.5 ] },
				"west": { "texture": "#null", "uv": [ 0.0, 0.0, 0.5, 0.5 ] },
				"up": { "texture": "#null", "uv": [ 0.0, 0.0, 0.5, 0.5 ] },
				"down": { "texture": "#null", "uv": [ 0.0, 0.0, 0.5, 0.5 ] }
			},
			"children": [
				{
					"name": "body",
					"from": [ -1.0, 0.0, 0.0 ], 
					"to": [ 0.5, 0.5, 1.0 ], 
					"rotationOrigin": [ -1.0, 0.0, 0.5 ],
					"faces": {
						"north": { "texture": "#scorpionskin1", "uv": [ 10.5, 7.5, 12.125, 11.9375 ], "rotation": 90, "autoUv": false },
						"east": { "texture": "#scorpionskin1", "uv": [ 11.625, 0.4375, 14.6875, 2.125 ], "autoUv": false },
						"south": { "texture": "#scorpionskin1", "uv": [ 10.75, 7.75, 12.125, 12.25 ], "rotation": 90, "autoUv": false },
						"west": { "texture": "#scorpionskin1", "uv": [ 12.875, 0.3125, 15.625, 2.5 ], "autoUv": false },
						"up": { "texture": "#scorpionskin1", "uv": [ 11.375, 7.625, 12.9375, 12.25 ], "rotation": 90, "autoUv": false },
						"down": { "texture": "#scorpionskin1", "uv": [ 0.5625, 9.0625, 2.375, 10.8125 ], "autoUv": false }
					},
					"children": [
						{
							"name": "head",
							"from": [ -0.4, 0.0, 0.1 ], 
							"to": [ 0.0, 0.4, 0.9 ], 
							"rotationOrigin": [ -0.1, 0.0, 0.5 ],
							"faces": {
								"north": { "texture": "#scorpionskin1", "uv": [ 12.625, 0.75, 14.875, 2.0625 ], "autoUv": false },
								"east": { "texture": "#scorpionskin1", "uv": [ 12.1875, 0.4375, 15.0625, 1.625 ], "autoUv": false },
								"south": { "texture": "#scorpionskin1", "uv": [ 11.3125, 0.5625, 13.9375, 1.8125 ], "autoUv": false },
								"west": { "texture": "#scorpionskin1", "uv": [ 12.5, 1.4375, 14.5, 2.6875 ], "autoUv": false },
								"up": { "texture": "#scorpionskin1", "uv": [ 12.5, 0.375, 14.75, 1.75 ], "autoUv": false },
								"down": { "texture": "#scorpionskin1", "uv": [ 12.6875, 0.375, 14.5625, 1.875 ], "autoUv": false }
							},
							"children": [
								{
									"name": "Cube31",
									"from": [ 0.15, 0.38, 0.15 ], 
									"to": [ 0.65, 0.48, 0.65 ], 
									"rotationOrigin": [ 0.0, 0.0, 0.4 ],
									"faces": {
										"north": { "texture": "#scorpionskin1", "uv": [ 0.0, 0.0, 0.5, 0.0625 ] },
										"east": { "texture": "#scorpionskin1", "uv": [ 0.25, 0.25, 0.75, 0.3125 ] },
										"south": { "texture": "#scorpionskin1", "uv": [ 0.6875, 0.625, 1.1875, 0.6875 ] },
										"west": { "texture": "#scorpionskin1", "uv": [ 0.75, 0.3125, 1.25, 0.375 ] },
										"up": { "texture": "#scorpionskin1", "uv": [ 0.625, 0.1875, 1.125, 0.6875 ] },
										"down": { "texture": "#scorpionskin1", "uv": [ 0.5, 0.5, 1.0, 1.0 ] }
									}
								},
								{
									"name": "Cube1",
									"from": [ -0.05, 0.03, -0.015 ], 
									"to": [ 0.03, 0.28, 0.335 ], 
									"rotationOrigin": [ -0.05, 0.0, 0.2 ],
									"faces": {
										"north": { "texture": "#scorpionskin1", "uv": [ 5.75, 9.0625, 5.8125, 9.3125 ] },
										"east": { "texture": "#scorpionskin1", "uv": [ 5.8125, 9.1875, 6.125, 9.4375 ] },
										"south": { "texture": "#scorpionskin1", "uv": [ 5.375, 9.375, 5.4375, 9.625 ] },
										"west": { "texture": "#scorpionskin1", "uv": [ 5.3125, 8.875, 5.625, 9.125 ] },
										"up": { "texture": "#scorpionskin1", "uv": [ 5.5625, 9.25, 5.625, 9.5625 ] },
										"down": { "texture": "#scorpionskin1", "uv": [ 5.6875, 9.25, 5.75, 9.5625 ] }
									}
								},
								{
									"name": "Cube33",
									"from": [ -0.05, 0.03, 0.46 ], 
									"to": [ 0.03, 0.28, 0.81 ], 
									"rotationOrigin": [ -0.05, 0.0, 0.2 ],
									"faces": {
										"north": { "texture": "#scorpionskin1", "uv": [ 5.1875, 9.375, 5.25, 9.625 ] },
										"east": { "texture": "#scorpionskin1", "uv": [ 5.8125, 9.3125, 6.125, 9.5625 ] },
										"south": { "texture": "#scorpionskin1", "uv": [ 5.5, 9.1875, 5.5625, 9.4375 ] },
										"west": { "texture": "#scorpionskin1", "uv": [ 5.75, 9.0, 6.0625, 9.25 ] },
										"up": { "texture": "#scorpionskin1", "uv": [ 5.8125, 9.3125, 5.875, 9.625 ] },
										"down": { "texture": "#scorpionskin1", "uv": [ 5.3125, 9.0625, 5.375, 9.375 ] }
									}
								}
							]
						},
						{
							"name": "tail",
							"from": [ 1.5, 0.0, 0.15 ], 
							"to": [ 2.3, 0.4, 0.9 ], 
							"rotationOrigin": [ 1.5, 0.1, 0.5 ],
							"rotationZ": 22.5,
							"faces": {
								"north": { "texture": "#scorpionskin1", "uv": [ 11.5, 8.3125, 13.0625, 9.5 ], "rotation": 90, "autoUv": false },
								"east": { "texture": "#scorpionskin1", "uv": [ 11.0625, 6.4375, 13.125, 7.75 ], "autoUv": false },
								"south": { "texture": "#scorpionskin1", "uv": [ 11.4375, 8.0625, 13.125, 9.5625 ], "rotation": 90, "autoUv": false },
								"west": { "texture": "#scorpionskin1", "uv": [ 10.75, 6.75, 12.375, 8.1875 ], "autoUv": false },
								"up": { "texture": "#scorpionskin1", "uv": [ 11.3125, 8.0625, 12.9375, 9.6875 ], "rotation": 90, "autoUv": false },
								"down": { "texture": "#scorpionskin1", "uv": [ 11.1875, 8.25, 12.75, 9.4375 ], "rotation": 90, "autoUv": false }
							},
							"children": [
								{
									"name": "Cube5",
									"from": [ 0.8, 0.0, 0.15 ], 
									"to": [ 1.8, 0.3, 0.6 ], 
									"rotationOrigin": [ 0.8, 0.1, 0.35 ],
									"rotationZ": 22.5,
									"faces": {
										"north": { "texture": "#scorpionskin1", "uv": [ 11.25, 8.0625, 13.125, 11.625 ], "rotation": 90, "autoUv": false },
										"east": { "texture": "#scorpionskin1", "uv": [ 10.5625, 6.0, 12.625, 7.75 ], "autoUv": false },
										"south": { "texture": "#scorpionskin1", "uv": [ 11.0625, 8.0, 13.0625, 11.9375 ], "rotation": 90, "autoUv": false },
										"west": { "texture": "#scorpionskin1", "uv": [ 11.3125, 6.75, 12.75, 8.0 ], "autoUv": false },
										"up": { "texture": "#scorpionskin1", "uv": [ 11.0625, 8.125, 13.125, 11.625 ], "rotation": 90, "autoUv": false },
										"down": { "texture": "#scorpionskin1", "uv": [ 11.1875, 7.875, 13.4375, 11.5 ], "rotation": 90, "autoUv": false }
									},
									"children": [
										{
											"name": "Cube6",
											"from": [ 1.0, 0.0, 0.05 ], 
											"to": [ 2.0, 0.22, 0.4 ], 
											"rotationOrigin": [ 1.0, 0.1, 0.2 ],
											"rotationZ": 45.0,
											"faces": {
												"north": { "texture": "#scorpionskin1", "uv": [ 10.875, 7.5, 12.875, 11.75 ], "rotation": 90, "autoUv": false },
												"east": { "texture": "#scorpionskin1", "uv": [ 3.5, 0.25, 5.3125, 1.875 ], "autoUv": false },
												"south": { "texture": "#scorpionskin1", "uv": [ 11.6875, 7.8125, 13.625, 12.375 ], "rotation": 90, "autoUv": false },
												"west": { "texture": "#scorpionskin1", "uv": [ 4.8125, 1.75, 6.25, 3.1875 ], "autoUv": false },
												"up": { "texture": "#scorpionskin1", "uv": [ 10.9375, 7.8125, 13.125, 12.25 ], "rotation": 90, "autoUv": false },
												"down": { "texture": "#scorpionskin1", "uv": [ 11.0625, 7.625, 12.9375, 11.75 ], "rotation": 90, "autoUv": false }
											},
											"children": [
												{
													"name": "Cube7",
													"from": [ 0.95, 0.0, 0.05 ], 
													"to": [ 1.45, 0.22, 0.3 ], 
													"rotationOrigin": [ 1.0, 0.1, 0.15 ],
													"rotationZ": 45.0,
													"faces": {
														"north": { "texture": "#scorpionskin1", "uv": [ 11.0625, 7.875, 13.125, 9.875 ], "rotation": 90, "autoUv": false },
														"east": { "texture": "#scorpionskin1", "uv": [ 11.125, 7.75, 12.875, 9.875 ], "rotation": 90, "autoUv": false },
														"south": { "texture": "#scorpionskin1", "uv": [ 10.8125, 7.6875, 12.8125, 10.4375 ], "rotation": 90, "autoUv": false },
														"west": { "texture": "#scorpionskin1", "uv": [ 10.875, 7.5625, 12.875, 9.875 ], "rotation": 90, "autoUv": false },
														"up": { "texture": "#scorpionskin1", "uv": [ 11.125, 7.6875, 13.0625, 9.875 ], "rotation": 90, "autoUv": false },
														"down": { "texture": "#scorpionskin1", "uv": [ 11.3125, 7.6875, 13.0, 10.0 ], "rotation": 90, "autoUv": false }
													},
													"children": [
														{
															"name": "Cube8",
															"from": [ 0.3347, 0.0638, -0.02 ], 
															"to": [ 0.6347, 0.2838, 0.28 ], 
															"rotationOrigin": [ 0.5847, 0.1638, 0.1 ],
															"rotationZ": -82.5,
															"faces": {
																"north": { "texture": "#scorpionskin1", "uv": [ 11.375, 7.5, 12.625, 8.3125 ], "autoUv": false },
																"east": { "texture": "#scorpionskin1", "uv": [ 10.875, 7.375, 12.3125, 8.1875 ], "autoUv": false },
																"south": { "texture": "#scorpionskin1", "uv": [ 11.3125, 7.8125, 12.25, 8.375 ], "autoUv": false },
																"west": { "texture": "#scorpionskin1", "uv": [ 11.125, 7.75, 12.0, 8.25 ], "autoUv": false },
																"up": { "texture": "#scorpionskin1", "uv": [ 10.8125, 7.1875, 12.0, 8.25 ], "autoUv": false },
																"down": { "texture": "#scorpionskin1", "uv": [ 11.25, 7.625, 12.0625, 8.4375 ], "autoUv": false }
															},
															"children": [
																{
																	"name": "Cube9",
																	"from": [ -0.2074, 0.0114, 0.12 ], 
																	"to": [ 0.0926, 0.2314, 0.17 ], 
																	"rotationOrigin": [ 0.1926, -0.0386, 0.12 ],
																	"rotationZ": 22.5,
																	"faces": {
																		"north": { "texture": "#scorpionskin1", "uv": [ 0.0, 0.0, 0.5, 0.5 ] },
																		"east": { "texture": "#scorpionskin1", "uv": [ 0.0, 0.0, 0.5, 0.5 ] },
																		"south": { "texture": "#scorpionskin1", "uv": [ 0.0, 0.0, 0.5, 0.5 ] },
																		"west": { "texture": "#scorpionskin1", "uv": [ 0.0, 0.0, 0.5, 0.5 ] },
																		"up": { "texture": "#scorpionskin1", "uv": [ 0.0, 0.0, 0.5, 0.5 ] },
																		"down": { "texture": "#scorpionskin1", "uv": [ 0.0, 0.0, 0.5, 0.5 ] }
																	},
																	"children": [
																		{
																			"name": "Cube10",
																			"from": [ 0.0323, 0.0066, 0.01 ], 
																			"to": [ 0.2323, 0.2266, 0.03 ], 
																			"rotationOrigin": [ 0.0323, 0.0066, 0.0 ],
																			"rotationZ": 45.0,
																			"faces": {
																				"north": { "texture": "#scorpionskin1", "uv": [ 0.0, 0.0, 0.5, 0.5 ] },
																				"east": { "texture": "#scorpionskin1", "uv": [ 0.0, 0.0, 0.5, 0.5 ] },
																				"south": { "texture": "#scorpionskin1", "uv": [ 0.0, 0.0, 0.5, 0.5 ] },
																				"west": { "texture": "#scorpionskin1", "uv": [ 0.0, 0.0, 0.5, 0.5 ] },
																				"up": { "texture": "#scorpionskin1", "uv": [ 0.0, 0.0, 0.5, 0.5 ] },
																				"down": { "texture": "#scorpionskin1", "uv": [ 0.0, 0.0, 0.5, 0.5 ] }
																			}
																		}
																	]
																}
															]
														}
													]
												}
											]
										}
									]
								}
							]
						},
						{
							"name": "l1",
							"from": [ 0.3, 0.05, 1.0 ], 
							"to": [ 0.5, 0.15, 1.35 ], 
							"rotationOrigin": [ 0.4, 0.05, 1.0 ],
							"rotationX": -10.0,
							"faces": {
								"north": { "texture": "#scorpionskin1", "uv": [ 3.0625, 0.1875, 3.25, 0.25 ] },
								"east": { "texture": "#scorpionskin1", "uv": [ 2.6875, 0.6875, 3.0, 0.75 ] },
								"south": { "texture": "#scorpionskin1", "uv": [ 3.0625, 0.5, 3.25, 0.5625 ] },
								"west": { "texture": "#scorpionskin1", "uv": [ 3.125, 1.0625, 3.4375, 1.125 ] },
								"up": { "texture": "#scorpionskin1", "uv": [ 3.4375, 0.5, 3.625, 0.8125 ] },
								"down": { "texture": "#scorpionskin1", "uv": [ 3.25, 0.75, 3.4375, 1.0625 ] }
							},
							"children": [
								{
									"name": "Cube12",
									"from": [ 0.01, -0.01, 0.31 ], 
									"to": [ 0.19, 0.09, 0.66 ], 
									"rotationOrigin": [ 0.1, 0.0, 0.35 ],
									"rotationX": 30.0,
									"faces": {
										"north": { "texture": "#scorpionskin1", "uv": [ 3.5, 0.75, 3.625, 0.8125 ] },
										"east": { "texture": "#scorpionskin1", "uv": [ 2.6875, 0.25, 3.0, 0.3125 ] },
										"south": { "texture": "#scorpionskin1", "uv": [ 3.8125, 0.6875, 3.9375, 0.75 ] },
										"west": { "texture": "#scorpionskin1", "uv": [ 2.9375, 0.375, 3.25, 0.4375 ] },
										"up": { "texture": "#scorpionskin1", "uv": [ 3.25, 0.5625, 3.375, 0.875 ] },
										"down": { "texture": "#scorpionskin1", "uv": [ 2.9375, 0.375, 3.0625, 0.6875 ] }
									}
								}
							]
						},
						{
							"name": "l2",
							"from": [ 0.7, 0.05, 1.0 ], 
							"to": [ 0.9, 0.15, 1.35 ], 
							"rotationOrigin": [ 0.8, 0.05, 1.0 ],
							"rotationX": -10.0,
							"rotationY": 10.0,
							"faces": {
								"north": { "texture": "#scorpionskin1", "uv": [ 3.25, 0.625, 3.4375, 0.6875 ] },
								"east": { "texture": "#scorpionskin1", "uv": [ 2.8125, 0.75, 3.125, 0.8125 ] },
								"south": { "texture": "#scorpionskin1", "uv": [ 2.875, 0.5625, 3.0625, 0.625 ] },
								"west": { "texture": "#scorpionskin1", "uv": [ 3.0, 0.9375, 3.3125, 1.0 ] },
								"up": { "texture": "#scorpionskin1", "uv": [ 3.375, 0.8125, 3.5625, 1.125 ] },
								"down": { "texture": "#scorpionskin1", "uv": [ 2.3125, 0.5, 2.5, 0.8125 ] }
							},
							"children": [
								{
									"name": "Cube14",
									"from": [ 0.01, -0.01, 0.31 ], 
									"to": [ 0.19, 0.09, 0.66 ], 
									"rotationOrigin": [ 0.1, 0.0, 0.35 ],
									"rotationX": 30.0,
									"faces": {
										"north": { "texture": "#scorpionskin1", "uv": [ 3.0, 0.375, 3.125, 0.4375 ] },
										"east": { "texture": "#scorpionskin1", "uv": [ 2.9375, 0.5, 3.25, 0.5625 ] },
										"south": { "texture": "#scorpionskin1", "uv": [ 2.6875, 0.75, 2.8125, 0.8125 ] },
										"west": { "texture": "#scorpionskin1", "uv": [ 3.3125, 1.0, 3.625, 1.0625 ] },
										"up": { "texture": "#scorpionskin1", "uv": [ 2.5625, 0.375, 2.6875, 0.6875 ] },
										"down": { "texture": "#scorpionskin1", "uv": [ 3.125, 0.5, 3.25, 0.8125 ] }
									}
								}
							]
						},
						{
							"name": "l3",
							"from": [ 1.1, 0.05, 1.0 ], 
							"to": [ 1.3, 0.15, 1.35 ], 
							"rotationOrigin": [ 1.2, 0.05, 1.0 ],
							"rotationX": -10.0,
							"rotationY": 22.5,
							"faces": {
								"north": { "texture": "#scorpionskin1", "uv": [ 3.0625, 0.1875, 3.25, 0.25 ] },
								"east": { "texture": "#scorpionskin1", "uv": [ 2.125, 0.5, 2.4375, 0.5625 ] },
								"south": { "texture": "#scorpionskin1", "uv": [ 2.875, 1.0625, 3.0625, 1.125 ] },
								"west": { "texture": "#scorpionskin1", "uv": [ 3.0, 1.3125, 3.3125, 1.375 ] },
								"up": { "texture": "#scorpionskin1", "uv": [ 3.0, 0.6875, 3.1875, 1.0 ] },
								"down": { "texture": "#scorpionskin1", "uv": [ 3.375, 0.75, 3.5625, 1.0625 ] }
							},
							"children": [
								{
									"name": "Cube16",
									"from": [ 0.01, -0.01, 0.31 ], 
									"to": [ 0.19, 0.09, 0.66 ], 
									"rotationOrigin": [ 0.1, 0.0, 0.35 ],
									"rotationX": 30.0,
									"faces": {
										"north": { "texture": "#scorpionskin1", "uv": [ 2.5, 0.375, 2.625, 0.4375 ] },
										"east": { "texture": "#scorpionskin1", "uv": [ 2.625, 1.3125, 2.9375, 1.375 ] },
										"south": { "texture": "#scorpionskin1", "uv": [ 2.5, 0.6875, 2.625, 0.75 ] },
										"west": { "texture": "#scorpionskin1", "uv": [ 2.4375, 0.75, 2.75, 0.8125 ] },
										"up": { "texture": "#scorpionskin1", "uv": [ 2.875, 0.6875, 3.0, 1.0 ] },
										"down": { "texture": "#scorpionskin1", "uv": [ 2.5625, 0.4375, 2.6875, 0.75 ] }
									}
								}
							]
						},
						{
							"name": "r1",
							"from": [ 0.3, 0.05, -0.35 ], 
							"to": [ 0.5, 0.15, 0.0 ], 
							"rotationOrigin": [ 0.4, 0.05, 0.0 ],
							"rotationX": 10.0,
							"faces": {
								"north": { "texture": "#scorpionskin1", "uv": [ 2.8125, 0.8125, 3.0, 0.875 ] },
								"east": { "texture": "#scorpionskin1", "uv": [ 2.5625, 0.4375, 2.875, 0.5 ] },
								"south": { "texture": "#scorpionskin1", "uv": [ 2.8125, 0.75, 3.0, 0.8125 ] },
								"west": { "texture": "#scorpionskin1", "uv": [ 2.6875, 0.4375, 3.0, 0.5 ] },
								"up": { "texture": "#scorpionskin1", "uv": [ 2.75, 0.625, 2.9375, 0.9375 ] },
								"down": { "texture": "#scorpionskin1", "uv": [ 2.6875, 1.0625, 2.875, 1.375 ] }
							},
							"children": [
								{
									"name": "Cube18",
									"from": [ 0.01, -0.03, -0.31 ], 
									"to": [ 0.19, 0.07, 0.04 ], 
									"rotationOrigin": [ 0.1, 0.0, -0.05 ],
									"rotationX": -30.0,
									"faces": {
										"north": { "texture": "#scorpionskin1", "uv": [ 3.125, 0.75, 3.25, 0.8125 ] },
										"east": { "texture": "#scorpionskin1", "uv": [ 3.125, 0.875, 3.4375, 0.9375 ] },
										"south": { "texture": "#scorpionskin1", "uv": [ 3.125, 0.625, 3.25, 0.6875 ] },
										"west": { "texture": "#scorpionskin1", "uv": [ 2.5, 0.5, 2.8125, 0.5625 ] },
										"up": { "texture": "#scorpionskin1", "uv": [ 4.125, 0.8125, 4.25, 1.125 ] },
										"down": { "texture": "#scorpionskin1", "uv": [ 3.75, 1.3125, 3.875, 1.625 ] }
									}
								}
							]
						},
						{
							"name": "r2",
							"from": [ 0.7, 0.05, -0.35 ], 
							"to": [ 0.9, 0.15, 0.0 ], 
							"rotationOrigin": [ 0.8, 0.05, 0.0 ],
							"rotationX": 10.0,
							"rotationY": -10.0,
							"faces": {
								"north": { "texture": "#scorpionskin1", "uv": [ 2.5, 0.375, 2.6875, 0.4375 ] },
								"east": { "texture": "#scorpionskin1", "uv": [ 2.75, 0.625, 3.0625, 0.6875 ] },
								"south": { "texture": "#scorpionskin1", "uv": [ 3.125, 1.0, 3.3125, 1.0625 ] },
								"west": { "texture": "#scorpionskin1", "uv": [ 2.3125, 0.5, 2.625, 0.5625 ] },
								"up": { "texture": "#scorpionskin1", "uv": [ 2.8125, 0.5, 3.0, 0.8125 ] },
								"down": { "texture": "#scorpionskin1", "uv": [ 3.3125, 0.8125, 3.5, 1.125 ] }
							},
							"children": [
								{
									"name": "Cube20",
									"from": [ 0.01, -0.03, -0.31 ], 
									"to": [ 0.19, 0.07, 0.04 ], 
									"rotationOrigin": [ 0.1, 0.0, -0.05 ],
									"rotationX": -30.0,
									"faces": {
										"north": { "texture": "#scorpionskin1", "uv": [ 2.5625, 0.625, 2.6875, 0.6875 ] },
										"east": { "texture": "#scorpionskin1", "uv": [ 2.375, 0.625, 2.6875, 0.6875 ] },
										"south": { "texture": "#scorpionskin1", "uv": [ 3.0, 0.6875, 3.125, 0.75 ] },
										"west": { "texture": "#scorpionskin1", "uv": [ 2.5, 0.5, 2.8125, 0.5625 ] },
										"up": { "texture": "#scorpionskin1", "uv": [ 2.8125, 0.8125, 2.9375, 1.125 ] },
										"down": { "texture": "#scorpionskin1", "uv": [ 2.625, 0.6875, 2.75, 1.0 ] }
									}
								}
							]
						},
						{
							"name": "r3",
							"from": [ 1.1, 0.05, -0.35 ], 
							"to": [ 1.3, 0.15, 0.0 ], 
							"rotationOrigin": [ 1.2, 0.05, 0.0 ],
							"rotationX": 10.0,
							"rotationY": -22.5,
							"faces": {
								"north": { "texture": "#scorpionskin1", "uv": [ 2.625, 0.4375, 2.8125, 0.5 ] },
								"east": { "texture": "#scorpionskin1", "uv": [ 2.75, 0.8125, 3.0625, 0.875 ] },
								"south": { "texture": "#scorpionskin1", "uv": [ 3.6875, 1.25, 3.875, 1.3125 ] },
								"west": { "texture": "#scorpionskin1", "uv": [ 2.5, 0.625, 2.8125, 0.6875 ] },
								"up": { "texture": "#scorpionskin1", "uv": [ 3.25, 0.8125, 3.4375, 1.125 ] },
								"down": { "texture": "#scorpionskin1", "uv": [ 2.9375, 1.0, 3.125, 1.3125 ] }
							},
							"children": [
								{
									"name": "Cube22",
									"from": [ 0.01, -0.03, -0.31 ], 
									"to": [ 0.19, 0.07, 0.04 ], 
									"rotationOrigin": [ 0.1, 0.0, -0.05 ],
									"rotationX": -30.0,
									"faces": {
										"north": { "texture": "#scorpionskin1", "uv": [ 3.5625, 0.375, 3.6875, 0.4375 ] },
										"east": { "texture": "#scorpionskin1", "uv": [ 2.5, 0.5, 2.8125, 0.5625 ] },
										"south": { "texture": "#scorpionskin1", "uv": [ 3.1875, 0.9375, 3.3125, 1.0 ] },
										"west": { "texture": "#scorpionskin1", "uv": [ 2.875, 0.4375, 3.1875, 0.5 ] },
										"up": { "texture": "#scorpionskin1", "uv": [ 2.625, 0.6875, 2.75, 1.0 ] },
										"down": { "texture": "#scorpionskin1", "uv": [ 3.0625, 1.0625, 3.1875, 1.375 ] }
									}
								}
							]
						},
						{
							"name": "larm",
							"from": [ 0.0, 0.05, 1.0 ], 
							"to": [ 0.2, 0.15, 1.4 ], 
							"rotationOrigin": [ 0.1, 0.05, 1.0 ],
							"rotationX": -10.0,
							"rotationY": -22.5,
							"faces": {
								"north": { "texture": "#scorpionskin1", "uv": [ 2.4375, 0.4375, 2.625, 0.5 ] },
								"east": { "texture": "#scorpionskin1", "uv": [ 2.5625, 0.4375, 2.9375, 0.5 ] },
								"south": { "texture": "#scorpionskin1", "uv": [ 2.375, 1.0, 2.5625, 1.0625 ] },
								"west": { "texture": "#scorpionskin1", "uv": [ 2.875, 0.9375, 3.25, 1.0 ] },
								"up": { "texture": "#scorpionskin1", "uv": [ 2.625, 0.75, 2.8125, 1.125 ] },
								"down": { "texture": "#scorpionskin1", "uv": [ 3.0625, 0.5625, 3.25, 0.9375 ] }
							},
							"children": [
								{
									"name": "Cube24",
									"from": [ 0.01, -0.01, 0.31 ], 
									"to": [ 0.19, 0.09, 0.81 ], 
									"rotationOrigin": [ 0.1, 0.0, 0.35 ],
									"rotationX": 22.5,
									"rotationY": -22.5,
									"faces": {
										"north": { "texture": "#scorpionskin1", "uv": [ 2.9375, 0.9375, 3.0625, 1.0 ] },
										"east": { "texture": "#scorpionskin1", "uv": [ 2.25, 0.625, 2.75, 0.6875 ] },
										"south": { "texture": "#scorpionskin1", "uv": [ 3.8125, 1.0625, 3.9375, 1.125 ] },
										"west": { "texture": "#scorpionskin1", "uv": [ 3.0, 0.375, 3.5, 0.4375 ] },
										"up": { "texture": "#scorpionskin1", "uv": [ 2.8125, 0.5625, 2.9375, 1.0625 ] },
										"down": { "texture": "#scorpionskin1", "uv": [ 3.1875, 1.125, 3.3125, 1.625 ] }
									},
									"children": [
										{
											"name": "Cube25",
											"from": [ -0.05, -0.02, 0.45 ], 
											"to": [ 0.19, 0.03, 0.9 ], 
											"rotationOrigin": [ 0.05, 0.0, 0.5 ],
											"rotationX": -15.0,
											"rotationY": -22.5,
											"faces": {
												"north": { "texture": "#scorpionskin1", "uv": [ 3.25, 0.625, 3.4375, 0.6875 ] },
												"east": { "texture": "#scorpionskin1", "uv": [ 3.8125, 0.875, 4.25, 0.9375 ] },
												"south": { "texture": "#scorpionskin1", "uv": [ 4.25, 1.0, 4.4375, 1.0625 ] },
												"west": { "texture": "#scorpionskin1", "uv": [ 3.5, 0.6875, 3.9375, 0.75 ] },
												"up": { "texture": "#scorpionskin1", "uv": [ 2.875, 0.9375, 3.0625, 1.375 ] },
												"down": { "texture": "#scorpionskin1", "uv": [ 3.8125, 0.6875, 4.0, 1.125 ] }
											}
										},
										{
											"name": "Cube26",
											"from": [ -0.05, 0.04, 0.45 ], 
											"to": [ 0.19, 0.09, 0.9 ], 
											"rotationOrigin": [ 0.05, 0.0, 0.4 ],
											"rotationX": -20.0,
											"rotationY": -22.5,
											"faces": {
												"north": { "texture": "#scorpionskin1", "uv": [ 3.125, 0.5, 3.3125, 0.5625 ] },
												"east": { "texture": "#scorpionskin1", "uv": [ 3.4375, 1.375, 3.875, 1.4375 ] },
												"south": { "texture": "#scorpionskin1", "uv": [ 3.8125, 0.75, 4.0, 0.8125 ] },
												"west": { "texture": "#scorpionskin1", "uv": [ 3.0, 0.75, 3.4375, 0.8125 ] },
												"up": { "texture": "#scorpionskin1", "uv": [ 3.4375, 1.0, 3.625, 1.4375 ] },
												"down": { "texture": "#scorpionskin1", "uv": [ 3.8125, 0.25, 4.0, 0.6875 ] }
											}
										}
									]
								}
							]
						},
						{
							"name": "rarm",
							"from": [ 0.0, 0.05, -0.4 ], 
							"to": [ 0.2, 0.15, 0.0 ], 
							"rotationOrigin": [ 0.1, 0.05, 0.0 ],
							"rotationX": 10.0,
							"rotationY": 22.5,
							"faces": {
								"north": { "texture": "#scorpionskin1", "uv": [ 3.0625, 0.5625, 3.25, 0.625 ] },
								"east": { "texture": "#scorpionskin1", "uv": [ 2.75, 0.625, 3.125, 0.6875 ] },
								"south": { "texture": "#scorpionskin1", "uv": [ 2.875, 0.8125, 3.0625, 0.875 ] },
								"west": { "texture": "#scorpionskin1", "uv": [ 3.875, 1.0, 4.25, 1.0625 ] },
								"up": { "texture": "#scorpionskin1", "uv": [ 3.5625, 0.6875, 3.75, 1.0625 ] },
								"down": { "texture": "#scorpionskin1", "uv": [ 2.25, 0.5, 2.4375, 0.875 ] }
							},
							"children": [
								{
									"name": "Cube28",
									"from": [ -0.1, -0.1, -0.49 ], 
									"to": [ 0.08, 0.0, 0.01 ], 
									"rotationOrigin": [ 0.1, 0.0, -0.25 ],
									"rotationX": -22.5,
									"rotationY": 22.5,
									"faces": {
										"north": { "texture": "#scorpionskin1", "uv": [ 2.625, 0.625, 2.75, 0.6875 ] },
										"east": { "texture": "#scorpionskin1", "uv": [ 2.875, 0.6875, 3.375, 0.75 ] },
										"south": { "texture": "#scorpionskin1", "uv": [ 2.875, 0.75, 3.0, 0.8125 ] },
										"west": { "texture": "#scorpionskin1", "uv": [ 3.125, 1.1875, 3.625, 1.25 ] },
										"up": { "texture": "#scorpionskin1", "uv": [ 3.1875, 1.25, 3.3125, 1.75 ] },
										"down": { "texture": "#scorpionskin1", "uv": [ 3.875, 0.4375, 4.0, 0.9375 ] }
									},
									"children": [
										{
											"name": "Cube29",
											"from": [ -0.05, -0.02, -0.45 ], 
											"to": [ 0.19, 0.03, 0.0 ], 
											"rotationOrigin": [ 0.05, 0.0, 0.0 ],
											"rotationX": 22.5,
											"rotationY": 22.5,
											"faces": {
												"north": { "texture": "#scorpionskin1", "uv": [ 2.8125, 0.6875, 3.0, 0.75 ] },
												"east": { "texture": "#scorpionskin1", "uv": [ 2.8125, 1.0, 3.25, 1.0625 ] },
												"south": { "texture": "#scorpionskin1", "uv": [ 3.1875, 0.5, 3.375, 0.5625 ] },
												"west": { "texture": "#scorpionskin1", "uv": [ 2.5625, 0.625, 3.0, 0.6875 ] },
												"up": { "texture": "#scorpionskin1", "uv": [ 3.0, 0.8125, 3.1875, 1.25 ] },
												"down": { "texture": "#scorpionskin1", "uv": [ 3.4375, 1.125, 3.625, 1.5625 ] }
											},
											"children": [
												{
													"name": "Cube30",
													"from": [ -0.037, 0.0859, 0.0108 ], 
													"to": [ 0.203, 0.1359, 0.4608 ], 
													"rotationOrigin": [ 0.063, 0.0459, -0.0392 ],
													"rotationX": -4.619,
													"rotationY": -0.077,
													"rotationZ": 1.911,
													"faces": {
														"north": { "texture": "#scorpionskin1", "uv": [ 2.5, 0.375, 2.6875, 0.4375 ] },
														"east": { "texture": "#scorpionskin1", "uv": [ 2.5625, 0.9375, 3.0, 1.0 ] },
														"south": { "texture": "#scorpionskin1", "uv": [ 2.75, 0.5625, 2.9375, 0.625 ] },
														"west": { "texture": "#scorpionskin1", "uv": [ 2.5625, 0.375, 3.0, 0.4375 ] },
														"up": { "texture": "#scorpionskin1", "uv": [ 2.75, 0.9375, 2.9375, 1.375 ] },
														"down": { "texture": "#scorpionskin1", "uv": [ 2.6875, 0.6875, 2.875, 1.125 ] }
													}
												}
											]
										}
									]
								}
							]
						}
					]
				}
			]
		}
	],
	"animations": [
		{
			"name": "run",
			"code": "run",
			"quantityframes": 15,
			"onActivityStopped": "Rewind",
			"onAnimationEnd": "Repeat",
			"keyframes": [
				{
					"frame": 0,
					"elements": {
						"Origin": {  },
						"body": {  },
						"l1": { "rotationX": -10.0, "rotationY": 0.0, "rotationZ": 0.0 },
						"r1": { "rotationX": 10.0, "rotationY": 0.0, "rotationZ": 0.0 },
						"r2": { "rotationX": 0.0, "rotationY": 0.0, "rotationZ": 0.0 },
						"l2": { "rotationX": 0.0, "rotationY": 0.0, "rotationZ": 0.0 },
						"l3": { "rotationX": 0.0, "rotationY": 0.0, "rotationZ": 0.0 },
						"r3": { "rotationX": 0.0, "rotationY": 0.0, "rotationZ": 0.0 },
						"tail": { "rotationX": 0.0, "rotationY": 0.0, "rotationZ": 0.0 },
						"larm": { "rotationX": -2.0, "rotationY": 0.0, "rotationZ": 0.0 },
						"rarm": { "rotationX": -2.0, "rotationY": 0.0, "rotationZ": 0.0 }
					}
				},
				{
					"frame": 4,
					"elements": {
						"Origin": {  },
						"body": {  },
						"tail": { "rotationX": 0.0, "rotationY": 0.0, "rotationZ": -1.0 },
						"l1": { "rotationX": -22.5, "rotationY": 0.0, "rotationZ": 0.0 },
						"l2": { "rotationX": -10.0, "rotationY": 0.0, "rotationZ": 0.0 },
						"r1": { "rotationX": 22.5, "rotationY": 0.0, "rotationZ": 0.0 },
						"r2": { "rotationX": 10.0, "rotationY": 0.0, "rotationZ": 0.0 },
						"larm": { "rotationX": 0.0, "rotationY": 0.0, "rotationZ": 0.0 },
						"rarm": { "rotationX": 0.0, "rotationY": 0.0, "rotationZ": 0.0 }
					}
				},
				{
					"frame": 8,
					"elements": {
						"Origin": {  },
						"body": {  },
						"tail": { "rotationX": 0.0, "rotationY": 0.0, "rotationZ": 0.0 },
						"l1": { "rotationX": -10.0, "rotationY": 0.0, "rotationZ": 0.0 },
						"l2": { "rotationX": -22.5, "rotationY": 0.0, "rotationZ": 0.0 },
						"l3": { "rotationX": -10.0, "rotationY": 0.0, "rotationZ": 0.0 },
						"r1": { "rotationX": 10.0, "rotationY": 0.0, "rotationZ": 0.0 },
						"r2": { "rotationX": 22.5, "rotationY": 0.0, "rotationZ": 0.0 },
						"r3": { "rotationX": 10.0, "rotationY": 0.0, "rotationZ": 0.0 },
						"larm": { "rotationX": 0.0, "rotationY": 0.0, "rotationZ": 0.0 }
					}
				},
				{
					"frame": 12,
					"elements": {
						"Origin": {  },
						"body": {  },
						"tail": { "rotationX": 0.0, "rotationY": 0.0, "rotationZ": 1.0 },
						"l1": { "rotationX": 0.0, "rotationY": 0.0, "rotationZ": 0.0 },
						"l2": { "rotationX": -10.0, "rotationY": 0.0, "rotationZ": 0.0 },
						"l3": { "rotationX": -22.5, "rotationY": 0.0, "rotationZ": 0.0 },
						"r1": { "rotationX": 0.0, "rotationY": 0.0, "rotationZ": 0.0 },
						"r2": { "rotationX": 10.0, "rotationY": 0.0, "rotationZ": 0.0 },
						"r3": { "rotationX": 22.5, "rotationY": 0.0, "rotationZ": 0.0 },
						"larm": { "rotationX": 0.0, "rotationY": 0.0, "rotationZ": 0.0 }
					}
				}
			]
		},

		{
			"name": "death",
			"code": "die",
			"quantityframes": 7,
			"onActivityStopped": "Stop",
			"onAnimationEnd": "Hold",
			"keyframes": [
				{
					"frame": 0,
					"elements": {
						"Origin": {  },
						"body": {  },
						"tail": { "rotationX": 0.0, "rotationY": 0.0, "rotationZ": 0.0 },
						"Cube5": { "rotationX": 0.0, "rotationY": 0.0, "rotationZ": 0.0 },
						"Cube6": { "rotationX": 0.0, "rotationY": 0.0, "rotationZ": 0.0 },
						"Cube7": { "rotationX": 0.0, "rotationY": 0.0, "rotationZ": 0.0 },
						"rarm": { "rotationX": 0.0, "rotationY": 0.0, "rotationZ": 0.0 },
						"larm": { "rotationX": 0.0, "rotationY": 0.0, "rotationZ": 0.0 },
						"head": { "rotationX": 0.0, "rotationY": 0.0, "rotationZ": 0.0 }
					}
				},
				{
					"frame": 2,
					"elements": {
						"Origin": {  },
						"body": {  },
						"head": { "rotationX": 0.0, "rotationY": 0.0, "rotationZ": 1.0 },
						"tail": { "rotationX": 0.0, "rotationY": 0.0, "rotationZ": -22.5 },
						"larm": { "rotationX": 0.0, "rotationY": 0.0, "rotationZ": 22.5 },
						"rarm": { "rotationX": 0.0, "rotationY": 0.0, "rotationZ": 22.5 }
					}
				},
				{
					"frame": 4,
					"elements": {
						"Origin": {  },
						"body": {  },
						"head": { "rotationX": 0.0, "rotationY": 0.0, "rotationZ": 1.0 },
						"tail": { "rotationX": 0.0, "rotationY": 0.0, "rotationZ": -22.5 },
						"Cube5": { "rotationX": 0.0, "rotationY": 0.0, "rotationZ": -22.5 },
						"Cube6": { "rotationX": 0.0, "rotationY": 0.0, "rotationZ": -45.0 },
						"larm": { "rotationX": 0.0, "rotationY": 0.0, "rotationZ": 22.5 },
						"rarm": { "rotationX": 0.0, "rotationY": 0.0, "rotationZ": 22.5 }
					}
				},
				{
					"frame": 6,
					"elements": {
						"Origin": {  },
						"body": {  },
						"head": { "rotationX": 0.0, "rotationY": 0.0, "rotationZ": 1.0 },
						"tail": { "rotationX": 0.0, "rotationY": 0.0, "rotationZ": -22.5 },
						"Cube5": { "rotationX": 0.0, "rotationY": 0.0, "rotationZ": -22.5 },
						"Cube6": { "rotationX": 0.0, "rotationY": 0.0, "rotationZ": -35.0 },
						"Cube7": { "rotationX": 0.0, "rotationY": 0.0, "rotationZ": -22.5 },
						"larm": { "rotationX": 0.0, "rotationY": 0.0, "rotationZ": 22.5 },
						"rarm": { "rotationX": 0.0, "rotationY": 0.0, "rotationZ": 22.5 }
					}
				}
			]
		},

		{
			"name": "attack",
			"code": "attack",
			"quantityframes": 15,
			"onActivityStopped": "Rewind",
			"onAnimationEnd": "Repeat",
			"keyframes": [
				{
					"frame": 0,
					"elements": {
						"Origin": {  },
						"body": {  },
						"tail": { "rotationX": 0.0, "rotationY": 0.0, "rotationZ": 0.0 },
						"Cube5": { "rotationX": 0.0, "rotationY": 0.0, "rotationZ": 0.0 },
						"Cube6": {  },
						"Cube7": {  },
						"Cube8": { "rotationX": 0.0, "rotationY": 0.0, "rotationZ": 0.0 },
						"larm": { "rotationX": -22.5, "rotationY": 0.0, "rotationZ": 0.0 },
						"rarm": { "rotationX": 22.5, "rotationY": 0.0, "rotationZ": 0.0 }
					}
				},
				{
					"frame": 4,
					"elements": {
						"Origin": {  },
						"body": {  },
						"tail": { "rotationX": 0.0, "rotationY": 0.0, "rotationZ": 22.5 },
						"Cube5": { "rotationX": 0.0, "rotationY": 0.0, "rotationZ": 0.0 },
						"Cube6": {  },
						"Cube7": {  },
						"Cube8": { "rotationX": 0.0, "rotationY": 0.0, "rotationZ": -22.5 },
						"larm": { "rotationX": -20.0, "rotationY": 0.0, "rotationZ": 0.0 },
						"rarm": { "rotationX": 20.0, "rotationY": 0.0, "rotationZ": 0.0 }
					}
				},
				{
					"frame": 8,
					"elements": {
						"Origin": {  },
						"body": {  },
						"tail": { "rotationX": 0.0, "rotationY": 0.0, "rotationZ": 22.5 },
						"Cube5": { "rotationX": 0.0, "rotationY": 0.0, "rotationZ": 22.5 },
						"Cube6": {  },
						"Cube7": {  },
						"Cube8": { "rotationX": 0.0, "rotationY": 0.0, "rotationZ": -67.5 },
						"larm": { "rotationX": -25.0, "rotationY": 0.0, "rotationZ": 0.0 },
						"rarm": { "rotationX": 25.0, "rotationY": 0.0, "rotationZ": 0.0 }
					}
				}
			]
		},

		{
			"name": "idle",
			"code": "idle",
			"quantityframes": 30,
			"onActivityStopped": "Rewind",
			"onAnimationEnd": "Repeat",
			"keyframes": [
				{
					"frame": 0,
					"elements": {
						"Origin": {  },
						"body": {  },
						"tail": { "rotationX": 0.0, "rotationY": 0.0, "rotationZ": 0.5 },
						"rarm": { "rotationX": 0.0, "rotationY": 0.0, "rotationZ": 0.0 },
						"larm": { "rotationX": 0.0, "rotationY": 0.0, "rotationZ": 0.0 }
					}
				},
				{
					"frame": 15,
					"elements": {
						"Origin": {  },
						"body": {  },
						"tail": { "rotationX": 0.0, "rotationY": 0.0, "rotationZ": 0.0 },
						"larm": { "rotationX": -0.5, "rotationY": 0.0, "rotationZ": 0.0 },
						"rarm": { "rotationX": 0.5, "rotationY": 0.0, "rotationZ": 0.0 }
					}
				}
			]
		},

		{
			"name": "sleep",
			"code": "sleep",
			"quantityframes": 2,
			"onActivityStopped": "EaseOut",
			"onAnimationEnd": "Repeat",
			"keyframes": [
				{
					"frame": 0,
					"elements": {
						"Origin": {  },
						"body": {  },
						"tail": { "rotationX": 0.0, "rotationY": 0.0, "rotationZ": -22.5 },
						"Cube5": { "rotationX": 0.0, "rotationY": 0.0, "rotationZ": -22.5 },
						"Cube6": { "rotationX": 0.0, "rotationY": 0.0, "rotationZ": -45.0 },
						"Cube7": { "rotationX": 0.0, "rotationY": 0.0, "rotationZ": -45.0 },
						"Cube8": { "rotationX": 0.0, "rotationY": 0.0, "rotationZ": -45.0 }
					}
				}
			]
		}
	]
}