{
	"editor": {
		"allAngles": false,
		"entityTextureMode": false
	},
	"textureWidth": 16,
	"textureHeight": 16,
	"textureSizes": {
	},
	"textures": {
		"spider1": "entity/land/spider/spider2"
	},
	"elements": [
		{
			"name": "Root",
			"from": [ 8.0, 2.0, 8.0 ], 
			"to": [ 8.0, 2.0, 8.0 ], 
			"rotationOrigin": [ 8.0, 1.0, 8.0 ],
			"faces": {
				"north": { "texture": "#null", "uv": [ 0.0, 0.0, 0.5, 0.5 ] },
				"east": { "texture": "#null", "uv": [ 0.0, 0.0, 0.5, 0.5 ] },
				"south": { "texture": "#null", "uv": [ 0.0, 0.0, 0.5, 0.5 ] },
				"west": { "texture": "#null", "uv": [ 0.0, 0.0, 0.5, 0.5 ] },
				"up": { "texture": "#null", "uv": [ 0.0, 0.0, 0.5, 0.5 ] },
				"down": { "texture": "#null", "uv": [ 0.0, 0.0, 0.5, 0.5 ] }
			},
			"children": [
				{
					"name": "Body",
					"from": [ -0.8, -1.33, -0.9 ], 
					"to": [ 1.0, -0.33, 0.9 ], 
					"rotationOrigin": [ 0.0, -1.0, 0.0 ],
					"faces": {
						"north": { "texture": "#spider1", "uv": [ 7.0, 10.4375, 9.75, 14.5625 ], "rotation": 270, "autoUv": false },
						"east": { "texture": "#spider1", "uv": [ 10.5625, 9.6875, 12.3125, 10.6875 ], "rotation": 180 },
						"south": { "texture": "#spider1", "uv": [ 13.0, 10.375, 15.8125, 14.5625 ], "rotation": 90, "autoUv": false },
						"west": { "texture": "#spider1", "uv": [ 10.375, 9.0, 12.625, 10.5 ], "rotation": 180, "autoUv": false },
						"up": { "texture": "#spider1", "uv": [ 9.4375, 10.5, 13.5, 14.1875 ], "rotation": 90, "autoUv": false },
						"down": { "texture": "#spider1", "uv": [ 12.25, 1.375, 14.0, 3.125 ] }
					},
					"children": [
						{
							"name": "Body_top",
							"from": [ 0.2, 1.0, 0.2 ], 
							"to": [ 1.6, 1.2, 1.6 ], 
							"rotationOrigin": [ 0.0, 1.0, 0.0 ],
							"faces": {
								"north": { "texture": "#spider1", "uv": [ 10.5, 11.625, 11.875, 11.8125 ] },
								"east": { "texture": "#spider1", "uv": [ 10.875, 11.0, 12.25, 11.1875 ] },
								"south": { "texture": "#spider1", "uv": [ 10.6875, 11.375, 12.0625, 11.5625 ] },
								"west": { "texture": "#spider1", "uv": [ 11.0, 11.9375, 12.375, 12.125 ] },
								"up": { "texture": "#spider1", "uv": [ 10.8125, 11.1875, 12.1875, 12.5625 ] },
								"down": { "texture": "#spider1", "uv": [ 10.6875, 11.125, 12.0625, 12.5 ] }
							}
						},
						{
							"name": "Head",
							"from": [ -1.0, -0.09, 0.4 ], 
							"to": [ 0.2, 0.71, 1.4 ], 
							"rotationOrigin": [ 0.0, 0.0, 0.9 ],
							"rotationZ": 5.0,
							"faces": {
								"north": { "texture": "#spider1", "uv": [ 12.75, 1.375, 13.9375, 2.125 ] },
								"east": { "texture": "#spider1", "uv": [ 11.5, 1.625, 12.5, 2.375 ] },
								"south": { "texture": "#spider1", "uv": [ 13.25, 1.9375, 14.4375, 2.6875 ] },
								"west": { "texture": "#spider1", "uv": [ 11.0625, 9.5625, 12.0625, 10.3125 ], "rotation": 180 },
								"up": { "texture": "#spider1", "uv": [ 10.8125, 9.375, 11.8125, 10.5625 ], "rotation": 90 },
								"down": { "texture": "#spider1", "uv": [ 12.6875, 1.1875, 13.875, 2.1875 ] }
							},
							"children": [
								{
									"name": "fang_R",
									"from": [ -0.2, -0.1, 0.21 ], 
									"to": [ 0.0, 0.4, 0.46 ], 
									"rotationOrigin": [ -1.0, 0.0, 0.0 ],
									"rotationX": -5.0,
									"faces": {
										"north": { "texture": "#spider1", "uv": [ 0.25, 5.0, 0.4375, 5.5 ] },
										"east": { "texture": "#spider1", "uv": [ 0.375, 4.8125, 0.625, 5.3125 ] },
										"south": { "texture": "#spider1", "uv": [ 0.5, 5.0, 0.6875, 5.5 ] },
										"west": { "texture": "#spider1", "uv": [ 0.4375, 5.0, 0.6875, 5.5 ] },
										"up": { "texture": "#spider1", "uv": [ 0.5625, 4.5625, 0.75, 4.8125 ] },
										"down": { "texture": "#spider1", "uv": [ 0.4375, 5.9375, 0.625, 6.1875 ] }
									}
								},
								{
									"name": "fang_L",
									"from": [ -0.2, -0.02, 0.45 ], 
									"to": [ 0.0, 0.48, 0.7 ], 
									"rotationOrigin": [ -1.0, 0.0, 0.0 ],
									"rotationX": 5.0,
									"faces": {
										"north": { "texture": "#spider1", "uv": [ 0.375, 4.875, 0.5625, 5.375 ] },
										"east": { "texture": "#spider1", "uv": [ 0.25, 4.9375, 0.5, 5.4375 ] },
										"south": { "texture": "#spider1", "uv": [ 0.5625, 5.0, 0.75, 5.5 ] },
										"west": { "texture": "#spider1", "uv": [ 0.25, 5.0, 0.5, 5.5 ] },
										"up": { "texture": "#spider1", "uv": [ 0.625, 4.25, 0.8125, 4.5 ] },
										"down": { "texture": "#spider1", "uv": [ 0.375, 5.8125, 0.5625, 6.0625 ] }
									}
								},
								{
									"name": "Head_top",
									"from": [ 0.1295, 0.7362, 0.1 ], 
									"to": [ 0.9195, 0.8362, 0.9 ], 
									"rotationOrigin": [ -0.1705, 0.4362, -0.5 ],
									"faces": {
										"north": { "texture": "#spider1", "uv": [ 12.3125, 1.4375, 13.0625, 1.5 ] },
										"east": { "texture": "#spider1", "uv": [ 13.3125, 1.6875, 14.0625, 1.75 ] },
										"south": { "texture": "#spider1", "uv": [ 9.0, 2.8125, 9.75, 2.875 ] },
										"west": { "texture": "#spider1", "uv": [ 13.4375, 1.125, 14.1875, 1.1875 ] },
										"up": { "texture": "#spider1", "uv": [ 11.125, 9.8125, 11.875, 10.5625 ], "rotation": 90 },
										"down": { "texture": "#spider1", "uv": [ 12.4375, 1.5625, 13.1875, 2.3125 ] }
									}
								},
								{
									"name": "Eye_R",
									"from": [ -0.0705, 0.5362, 0.1 ], 
									"to": [ 0.1295, 0.7862, 0.35 ], 
									"rotationOrigin": [ 0.1295, 0.7362, 0.1 ],
									"rotationZ": -10.0,
									"faces": {
										"north": { "texture": "#spider1", "uv": [ 0.0, 0.0, 0.5, 0.5 ] },
										"east": { "texture": "#spider1", "uv": [ 0.0, 0.0, 0.5, 0.5 ] },
										"south": { "texture": "#spider1", "uv": [ 0.0, 0.0, 0.5, 0.5 ] },
										"west": { "texture": "#spider1", "uv": [ 0.0, 0.0, 0.5, 0.5 ] },
										"up": { "texture": "#spider1", "uv": [ 0.0, 0.0, 0.5, 0.5 ] },
										"down": { "texture": "#spider1", "uv": [ 0.0, 0.0, 0.5, 0.5 ] }
									}
								},
								{
									"name": "Eye_L",
									"from": [ -0.0705, 0.5362, 0.6 ], 
									"to": [ 0.1295, 0.7862, 0.85 ], 
									"rotationOrigin": [ 0.1295, 0.7362, 0.1 ],
									"rotationZ": -10.0,
									"faces": {
										"north": { "texture": "#spider1", "uv": [ 0.0, 0.0, 0.5, 0.5 ] },
										"east": { "texture": "#spider1", "uv": [ 0.0, 0.0, 0.5, 0.5 ] },
										"south": { "texture": "#spider1", "uv": [ 0.0, 0.0, 0.5, 0.5 ] },
										"west": { "texture": "#spider1", "uv": [ 0.0, 0.0, 0.5, 0.5 ] },
										"up": { "texture": "#spider1", "uv": [ 0.0, 0.0, 0.5, 0.5 ] },
										"down": { "texture": "#spider1", "uv": [ 0.0, 0.0, 0.5, 0.5 ] }
									}
								}
							]
						},
						{
							"name": "Body_bum",
							"from": [ 1.7, 0.05, 0.3 ], 
							"to": [ 1.9, 0.95, 1.5 ], 
							"rotationOrigin": [ 1.0, 0.0, 0.0 ],
							"faces": {
								"north": { "texture": "#spider1", "uv": [ 11.25, 9.6875, 11.4375, 10.5625 ], "rotation": 180 },
								"east": { "texture": "#spider1", "uv": [ 10.8125, 14.3125, 12.0, 15.1875 ] },
								"south": { "texture": "#spider1", "uv": [ 11.5, 9.625, 11.6875, 10.5 ], "rotation": 180 },
								"west": { "texture": "#spider1", "uv": [ 12.9375, 1.8125, 14.125, 2.6875 ] },
								"up": { "texture": "#spider1", "uv": [ 11.375, 13.5625, 11.5625, 14.75 ] },
								"down": { "texture": "#spider1", "uv": [ 13.125, 1.1875, 13.3125, 2.375 ] }
							}
						},
						{
							"name": "Legs",
							"from": [ -0.2, 0.33, 0.9 ], 
							"to": [ -0.2, 0.33, 0.9 ], 
							"rotationOrigin": [ -0.2, 0.33, 0.9 ],
							"faces": {
								"north": { "texture": "#spider1", "uv": [ 0.0, 0.0, 0.5, 0.5 ] },
								"east": { "texture": "#spider1", "uv": [ 0.0, 0.0, 0.5, 0.5 ] },
								"south": { "texture": "#spider1", "uv": [ 0.0, 0.0, 0.5, 0.5 ] },
								"west": { "texture": "#spider1", "uv": [ 0.0, 0.0, 0.5, 0.5 ] },
								"up": { "texture": "#spider1", "uv": [ 0.0, 0.0, 0.5, 0.5 ] },
								"down": { "texture": "#spider1", "uv": [ 0.0, 0.0, 0.5, 0.5 ] }
							},
							"children": [
								{
									"name": "L_leg top1",
									"from": [ -0.1, -0.53, 0.5 ], 
									"to": [ 0.2, -0.23, 1.5 ], 
									"rotationOrigin": [ 0.06, -0.33, 0.5 ],
									"rotationX": -15.0,
									"rotationY": -45.0,
									"faces": {
										"north": { "texture": "#spider1", "uv": [ 13.875, 6.625, 14.125, 6.875 ] },
										"east": { "texture": "#spider1", "uv": [ 12.1875, 7.8125, 13.1875, 8.0625 ], "rotation": 180 },
										"south": { "texture": "#spider1", "uv": [ 13.1875, 7.9375, 13.4375, 8.1875 ] },
										"west": { "texture": "#spider1", "uv": [ 12.125, 8.0, 13.125, 8.25 ] },
										"up": { "texture": "#spider1", "uv": [ 14.0, 6.875, 14.25, 7.875 ] },
										"down": { "texture": "#spider1", "uv": [ 13.3125, 7.0, 13.5625, 8.0 ] }
									},
									"children": [
										{
											"name": "L_leg bot1",
											"from": [ 0.01, 0.0, 0.9 ], 
											"to": [ 0.31, 0.3, 1.9 ], 
											"rotationOrigin": [ 0.2, 0.1, 0.9 ],
											"rotationX": 67.5,
											"rotationY": -10.68,
											"rotationZ": -0.514,
											"faces": {
												"north": { "texture": "#spider1", "uv": [ 13.4375, 7.9375, 13.6875, 8.1875 ] },
												"east": { "texture": "#spider1", "uv": [ 12.1875, 7.8125, 13.1875, 8.0625 ] },
												"south": { "texture": "#spider1", "uv": [ 14.0, 6.5, 14.25, 6.75 ] },
												"west": { "texture": "#spider1", "uv": [ 12.1875, 7.9375, 13.1875, 8.1875 ], "rotation": 180 },
												"up": { "texture": "#spider1", "uv": [ 13.75, 6.875, 14.0, 7.875 ], "rotation": 180 },
												"down": { "texture": "#spider1", "uv": [ 13.5625, 7.6875, 13.8125, 8.6875 ] }
											}
										}
									]
								},
								{
									"name": "L_leg top2",
									"from": [ 0.0, -0.5, 0.5 ], 
									"to": [ 0.3, -0.2, 1.5 ], 
									"rotationOrigin": [ 0.1, -0.33, 0.5 ],
									"rotationX": -15.0,
									"faces": {
										"north": { "texture": "#spider1", "uv": [ 13.5, 6.5, 13.75, 6.75 ] },
										"east": { "texture": "#spider1", "uv": [ 12.1875, 7.875, 13.1875, 8.125 ], "rotation": 180 },
										"south": { "texture": "#spider1", "uv": [ 14.1875, 7.875, 14.4375, 8.125 ] },
										"west": { "texture": "#spider1", "uv": [ 12.125, 7.875, 13.125, 8.125 ] },
										"up": { "texture": "#spider1", "uv": [ 13.8125, 6.875, 14.0625, 7.875 ] },
										"down": { "texture": "#spider1", "uv": [ 13.625, 6.9375, 13.875, 7.9375 ] }
									},
									"children": [
										{
											"name": "L_leg bot2",
											"from": [ 0.0, 0.1, 0.8 ], 
											"to": [ 0.3, 0.4, 1.94 ], 
											"rotationOrigin": [ 0.2, 0.1, 0.8 ],
											"rotationX": 67.5,
											"faces": {
												"north": { "texture": "#spider1", "uv": [ 13.9375, 7.875, 14.1875, 8.125 ] },
												"east": { "texture": "#spider1", "uv": [ 12.125, 7.6875, 13.25, 7.9375 ] },
												"south": { "texture": "#spider1", "uv": [ 13.75, 6.5, 14.0, 6.75 ] },
												"west": { "texture": "#spider1", "uv": [ 12.125, 8.0625, 13.25, 8.3125 ], "rotation": 180 },
												"up": { "texture": "#spider1", "uv": [ 13.8125, 6.875, 14.0625, 8.0 ], "rotation": 180 },
												"down": { "texture": "#spider1", "uv": [ 13.9375, 7.0625, 14.1875, 8.1875 ], "rotation": 180 }
											}
										}
									]
								},
								{
									"name": "L_leg top3",
									"from": [ 0.2, -0.5, 0.5 ], 
									"to": [ 0.5, -0.2, 1.5 ], 
									"rotationOrigin": [ 0.5, -0.4, 0.5 ],
									"rotationX": -15.0,
									"rotationY": 22.5,
									"faces": {
										"north": { "texture": "#spider1", "uv": [ 13.8125, 6.625, 14.0625, 6.875 ] },
										"east": { "texture": "#spider1", "uv": [ 12.25, 7.6875, 13.25, 7.9375 ], "rotation": 180 },
										"south": { "texture": "#spider1", "uv": [ 13.625, 8.0625, 13.875, 8.3125 ] },
										"west": { "texture": "#spider1", "uv": [ 12.125, 7.8125, 13.125, 8.0625 ] },
										"up": { "texture": "#spider1", "uv": [ 13.25, 6.875, 13.5, 7.875 ] },
										"down": { "texture": "#spider1", "uv": [ 13.5625, 6.875, 13.8125, 7.875 ] }
									},
									"children": [
										{
											"name": "L_leg bot3",
											"from": [ 0.01, 0.0, 0.7 ], 
											"to": [ 0.29, 0.3, 1.84 ], 
											"rotationOrigin": [ 0.15, 0.0, 0.8 ],
											"rotationX": 67.5,
											"faces": {
												"north": { "texture": "#spider1", "uv": [ 13.8125, 7.625, 14.0625, 7.875 ] },
												"east": { "texture": "#spider1", "uv": [ 12.125, 7.75, 13.25, 8.0 ] },
												"south": { "texture": "#spider1", "uv": [ 13.0, 1.0, 13.25, 1.25 ] },
												"west": { "texture": "#spider1", "uv": [ 12.1875, 7.875, 13.3125, 8.125 ], "rotation": 180 },
												"up": { "texture": "#spider1", "uv": [ 13.875, 6.875, 14.125, 8.0 ], "rotation": 180 },
												"down": { "texture": "#spider1", "uv": [ 13.6875, 7.0625, 13.9375, 8.1875 ], "rotation": 180 }
											}
										}
									]
								},
								{
									"name": "L_leg top4",
									"from": [ 0.6, -0.5, 0.5 ], 
									"to": [ 0.9, -0.2, 1.5 ], 
									"rotationOrigin": [ 0.75, -0.5, 0.5 ],
									"rotationX": -15.0,
									"rotationY": 45.0,
									"faces": {
										"north": { "texture": "#spider1", "uv": [ 13.5, 2.0, 13.75, 2.25 ] },
										"east": { "texture": "#spider1", "uv": [ 12.3125, 7.875, 13.3125, 8.125 ], "rotation": 180 },
										"south": { "texture": "#spider1", "uv": [ 13.75, 8.0625, 14.0, 8.3125 ] },
										"west": { "texture": "#spider1", "uv": [ 12.0625, 8.0625, 13.0625, 8.3125 ] },
										"up": { "texture": "#spider1", "uv": [ 13.6875, 7.0625, 13.9375, 8.0625 ] },
										"down": { "texture": "#spider1", "uv": [ 13.5625, 7.0, 13.8125, 8.0 ] }
									},
									"children": [
										{
											"name": "L_leg bot4",
											"from": [ 0.01, 0.15, 0.8 ], 
											"to": [ 0.29, 0.45, 1.94 ], 
											"rotationOrigin": [ 0.15, 0.15, 0.8 ],
											"rotationX": 67.5,
											"faces": {
												"north": { "texture": "#spider1", "uv": [ 13.625, 7.875, 13.875, 8.125 ] },
												"east": { "texture": "#spider1", "uv": [ 12.125, 7.8125, 13.25, 8.0625 ] },
												"south": { "texture": "#spider1", "uv": [ 13.4375, 6.3125, 13.6875, 6.5625 ] },
												"west": { "texture": "#spider1", "uv": [ 12.125, 7.8125, 13.25, 8.0625 ], "rotation": 180 },
												"up": { "texture": "#spider1", "uv": [ 9.375, 6.9375, 9.625, 8.0625 ], "rotation": 180 },
												"down": { "texture": "#spider1", "uv": [ 8.8125, 7.0, 9.0625, 8.125 ], "rotation": 180 }
											}
										}
									]
								},
								{
									"name": "R_leg top1",
									"from": [ -0.1, -0.5, -1.2 ], 
									"to": [ 0.2, -0.2, -0.2 ], 
									"rotationOrigin": [ 0.01, -0.5, -0.3 ],
									"rotationX": 15.0,
									"rotationY": 45.0,
									"faces": {
										"north": { "texture": "#spider1", "uv": [ 13.8125, 7.8125, 14.0625, 8.0625 ] },
										"east": { "texture": "#spider1", "uv": [ 12.1875, 7.8125, 13.1875, 8.0625 ] },
										"south": { "texture": "#spider1", "uv": [ 14.25, 4.6875, 14.5, 4.9375 ] },
										"west": { "texture": "#spider1", "uv": [ 12.125, 8.0625, 13.125, 8.3125 ], "rotation": 180 },
										"up": { "texture": "#spider1", "uv": [ 13.9375, 6.9375, 14.1875, 7.9375 ], "rotation": 180 },
										"down": { "texture": "#spider1", "uv": [ 13.4375, 7.0, 13.6875, 8.0 ], "rotation": 180 }
									},
									"children": [
										{
											"name": "R_leg bot1",
											"from": [ 0.01, 0.0, -1.0 ], 
											"to": [ 0.29, 0.3, 0.0 ], 
											"rotationOrigin": [ 0.0, 0.22, 0.0 ],
											"rotationX": -60.0,
											"faces": {
												"north": { "texture": "#spider1", "uv": [ 12.0, 1.0, 12.25, 1.25 ] },
												"east": { "texture": "#spider1", "uv": [ 12.25, 7.5, 13.25, 7.75 ], "rotation": 180 },
												"south": { "texture": "#spider1", "uv": [ 13.4375, 7.625, 13.6875, 7.875 ] },
												"west": { "texture": "#spider1", "uv": [ 12.1875, 7.75, 13.1875, 8.0 ] },
												"up": { "texture": "#spider1", "uv": [ 13.6875, 6.9375, 13.9375, 7.9375 ] },
												"down": { "texture": "#spider1", "uv": [ 13.8125, 7.0625, 14.0625, 8.0625 ] }
											}
										}
									]
								},
								{
									"name": "R_leg top2",
									"from": [ 0.0, -0.52, -1.3 ], 
									"to": [ 0.3, -0.22, -0.3 ], 
									"rotationOrigin": [ 0.2, -0.52, -0.3 ],
									"rotationX": 15.0,
									"faces": {
										"north": { "texture": "#spider1", "uv": [ 14.0, 7.875, 14.25, 8.125 ] },
										"east": { "texture": "#spider1", "uv": [ 12.1875, 7.8125, 13.1875, 8.0625 ] },
										"south": { "texture": "#spider1", "uv": [ 13.0, 1.5, 13.25, 1.75 ] },
										"west": { "texture": "#spider1", "uv": [ 12.125, 8.0, 13.125, 8.25 ], "rotation": 180 },
										"up": { "texture": "#spider1", "uv": [ 13.1875, 6.8125, 13.4375, 7.8125 ], "rotation": 180 },
										"down": { "texture": "#spider1", "uv": [ 13.125, 7.0, 13.375, 8.0 ], "rotation": 180 }
									},
									"children": [
										{
											"name": "R_leg bot2",
											"from": [ 0.0, 0.05, -1.2 ], 
											"to": [ 0.3, 0.35, -0.06 ], 
											"rotationOrigin": [ 0.15, 0.25, 0.0 ],
											"rotationX": -60.0,
											"faces": {
												"north": { "texture": "#spider1", "uv": [ 14.25, 6.375, 14.5, 6.625 ] },
												"east": { "texture": "#spider1", "uv": [ 12.125, 7.6875, 13.25, 7.9375 ], "rotation": 180 },
												"south": { "texture": "#spider1", "uv": [ 13.4375, 8.125, 13.6875, 8.375 ] },
												"west": { "texture": "#spider1", "uv": [ 12.125, 8.125, 13.25, 8.375 ] },
												"up": { "texture": "#spider1", "uv": [ 13.5625, 7.0, 13.8125, 8.125 ] },
												"down": { "texture": "#spider1", "uv": [ 14.5, 1.0, 14.75, 2.125 ] }
											}
										}
									]
								},
								{
									"name": "R_leg top3",
									"from": [ 0.16, -0.52, -1.25 ], 
									"to": [ 0.46, -0.22, -0.25 ], 
									"rotationOrigin": [ 0.3, -0.32, -0.25 ],
									"rotationX": 15.0,
									"rotationY": -22.5,
									"faces": {
										"north": { "texture": "#spider1", "uv": [ 13.3125, 7.875, 13.5625, 8.125 ] },
										"east": { "texture": "#spider1", "uv": [ 12.25, 7.75, 13.25, 8.0 ] },
										"south": { "texture": "#spider1", "uv": [ 14.0, 1.5, 14.25, 1.75 ] },
										"west": { "texture": "#spider1", "uv": [ 12.3125, 7.75, 13.3125, 8.0 ], "rotation": 180 },
										"up": { "texture": "#spider1", "uv": [ 13.375, 6.8125, 13.625, 7.8125 ], "rotation": 180 },
										"down": { "texture": "#spider1", "uv": [ 13.75, 6.875, 14.0, 7.875 ], "rotation": 180 }
									},
									"children": [
										{
											"name": "R_leg bot3",
											"from": [ 0.02, 0.1, -0.95 ], 
											"to": [ 0.3, 0.4, 0.19 ], 
											"rotationOrigin": [ 0.2, 0.1, 0.2 ],
											"rotationX": -60.0,
											"faces": {
												"north": { "texture": "#spider1", "uv": [ 13.75, 6.4375, 14.0, 6.6875 ] },
												"east": { "texture": "#spider1", "uv": [ 12.125, 8.0625, 13.25, 8.3125 ], "rotation": 180 },
												"south": { "texture": "#spider1", "uv": [ 13.6875, 7.8125, 13.9375, 8.0625 ] },
												"west": { "texture": "#spider1", "uv": [ 12.1875, 7.75, 13.3125, 8.0 ] },
												"up": { "texture": "#spider1", "uv": [ 13.6875, 7.0, 13.9375, 8.125 ] },
												"down": { "texture": "#spider1", "uv": [ 13.5, 7.1875, 13.75, 8.3125 ] }
											}
										}
									]
								},
								{
									"name": "R_leg top4",
									"from": [ 0.5, -0.5, -1.5 ], 
									"to": [ 0.8, -0.2, -0.5 ], 
									"rotationOrigin": [ 0.5, -0.5, -0.5 ],
									"rotationX": 15.0,
									"rotationY": -45.0,
									"faces": {
										"north": { "texture": "#spider1", "uv": [ 13.9375, 8.0, 14.1875, 8.25 ] },
										"east": { "texture": "#spider1", "uv": [ 12.1875, 8.0, 13.1875, 8.25 ] },
										"south": { "texture": "#spider1", "uv": [ 14.1875, 6.1875, 14.4375, 6.4375 ] },
										"west": { "texture": "#spider1", "uv": [ 14.6875, 7.875, 15.6875, 8.125 ] },
										"up": { "texture": "#spider1", "uv": [ 13.625, 6.8125, 13.875, 7.8125 ], "rotation": 180 },
										"down": { "texture": "#spider1", "uv": [ 13.4375, 7.0, 13.6875, 8.0 ], "rotation": 180 }
									},
									"children": [
										{
											"name": "R_leg bot4",
											"from": [ 0.02, 0.1, -1.0 ], 
											"to": [ 0.3, 0.4, 0.14 ], 
											"rotationOrigin": [ 0.2, 0.1, 0.19 ],
											"rotationX": -60.0,
											"faces": {
												"north": { "texture": "#spider1", "uv": [ 14.0, 6.4375, 14.25, 6.6875 ] },
												"east": { "texture": "#spider1", "uv": [ 13.4375, 6.9375, 14.375, 7.875 ], "rotation": 90, "autoUv": false },
												"south": { "texture": "#spider1", "uv": [ 13.5625, 7.75, 13.8125, 8.0 ] },
												"west": { "texture": "#spider1", "uv": [ 13.625, 8.1875, 14.625, 9.3125 ], "rotation": 90, "autoUv": false },
												"up": { "texture": "#spider1", "uv": [ 13.125, 8.1875, 14.25, 9.3125 ], "rotation": 180, "autoUv": false },
												"down": { "texture": "#spider1", "uv": [ 13.9375, 8.25, 14.1875, 9.375 ], "rotation": 180 }
											}
										}
									]
								}
							]
						}
					]
				}
			]
		}
	],
	"animations": [
		{
			"name": "skitter",
			"code": "walk",
			"quantityframes": 25,
			"onActivityStopped": "Rewind",
			"onAnimationEnd": "Repeat",
			"keyframes": [
				{
					"frame": 1,
					"elements": {
						"Root": {  },
						"Body": {  },
						"Legs": {  },
						"L_leg top1": { "rotationX": -22.5, "rotationY": 0.0, "rotationZ": -22.5 },
						"L_leg bot1": { "rotationX": 0.0, "rotationY": 0.0, "rotationZ": 0.0 },
						"L_leg top3": { "offsetX": 0.0, "offsetY": 0.0, "offsetZ": 0.0, "rotationX": 0.0, "rotationY": 22.5, "rotationZ": 0.0 },
						"L_leg top2": { "offsetX": 0.0, "offsetY": 0.0, "offsetZ": 0.0, "rotationX": 0.0, "rotationY": 22.5, "rotationZ": 0.0 },
						"L_leg top4": { "offsetX": 0.0, "offsetY": 0.0, "offsetZ": 0.0, "rotationX": -22.5, "rotationY": 0.0, "rotationZ": 22.5 },
						"L_leg bot4": { "rotationX": -22.5, "rotationY": 0.0, "rotationZ": 0.0 },
						"R_leg top1": { "offsetX": 0.0, "offsetY": 0.0, "offsetZ": 0.0, "rotationX": -8.0, "rotationY": 0.0, "rotationZ": 0.0 },
						"R_leg top2": { "offsetX": 0.0, "offsetY": 0.0, "offsetZ": 0.0, "rotationX": 0.0, "rotationY": 0.0, "rotationZ": 22.5 },
						"R_leg top3": { "rotationX": 22.5, "rotationY": 0.0, "rotationZ": 0.0 },
						"R_leg top4": { "offsetX": 0.0, "offsetY": 0.0, "offsetZ": 0.0, "rotationX": -22.5, "rotationY": -22.5, "rotationZ": 22.5 }
					}
				},
				{
					"frame": 5,
					"elements": {
						"Root": {  },
						"Body": {  },
						"Legs": {  },
						"L_leg top1": { "rotationX": 0.0, "rotationY": 0.0, "rotationZ": 0.0 },
						"L_leg bot1": { "rotationX": 0.0, "rotationY": 0.0, "rotationZ": 0.0 },
						"L_leg top2": { "offsetX": 0.0, "offsetY": 0.0, "offsetZ": 0.0, "rotationX": 0.0, "rotationY": 35.0, "rotationZ": 0.0 },
						"L_leg top3": { "offsetX": 0.0, "offsetY": 0.0, "offsetZ": 0.0, "rotationX": -22.5, "rotationY": 35.0, "rotationZ": 0.0 },
						"L_leg top4": { "offsetX": 0.0, "offsetY": 0.0, "offsetZ": 0.0, "rotationX": -22.5, "rotationY": -22.5, "rotationZ": 0.0 },
						"L_leg bot4": { "offsetX": 0.0, "offsetY": 0.0, "offsetZ": 0.0, "rotationX": -35.0, "rotationY": 0.0, "rotationZ": 0.0 },
						"R_leg top1": { "offsetX": 0.0, "offsetY": 0.0, "offsetZ": 0.0, "rotationX": -10.0, "rotationY": -45.0, "rotationZ": 0.0 },
						"R_leg top2": { "offsetX": 0.0, "offsetY": 0.0, "offsetZ": 0.0, "rotationX": 0.0, "rotationY": -45.0, "rotationZ": 0.0 },
						"R_leg top3": { "rotationX": 22.5, "rotationY": 22.5, "rotationZ": 0.0 },
						"R_leg top4": { "rotationX": 0.0, "rotationY": -22.5, "rotationZ": 22.5 }
					}
				},
				{
					"frame": 10,
					"elements": {
						"Root": {  },
						"Body": {  },
						"Legs": {  },
						"L_leg top1": { "rotationX": 0.0, "rotationY": 35.0, "rotationZ": 22.5 },
						"L_leg bot1": { "rotationX": 0.0, "rotationY": 0.0, "rotationZ": 0.0 },
						"L_leg top2": { "offsetX": 0.0, "offsetY": 0.0, "offsetZ": 0.0, "rotationX": -22.5, "rotationY": 0.0, "rotationZ": 0.0 },
						"L_leg top3": { "offsetX": 0.0, "offsetY": 0.0, "offsetZ": 0.0, "rotationX": -22.5, "rotationY": 0.0, "rotationZ": 0.0 },
						"L_leg top4": { "offsetX": 0.0, "offsetY": 0.0, "offsetZ": 0.0, "rotationX": 0.0, "rotationY": -22.5, "rotationZ": 22.5 },
						"L_leg bot4": { "rotationX": 22.5, "rotationY": 0.0, "rotationZ": 0.0 },
						"R_leg top1": { "offsetX": 0.0, "offsetY": 0.0, "offsetZ": 0.0, "rotationX": -10.0, "rotationY": -67.5, "rotationZ": 0.0 },
						"R_leg top2": { "offsetX": 0.0, "offsetY": 0.0, "offsetZ": 0.0, "rotationX": 22.5, "rotationY": -55.0, "rotationZ": 0.0 },
						"R_leg top3": { "rotationX": 0.0, "rotationY": 45.0, "rotationZ": 0.0 },
						"R_leg top4": { "rotationX": 22.5, "rotationY": 0.0, "rotationZ": 0.0 }
					}
				},
				{
					"frame": 15,
					"elements": {
						"Root": {  },
						"Body": {  },
						"Legs": {  },
						"L_leg top1": { "rotationX": 0.0, "rotationY": 45.0, "rotationZ": 22.5 },
						"L_leg bot1": { "rotationX": 0.0, "rotationY": 0.0, "rotationZ": 0.0 },
						"L_leg top2": { "offsetX": 0.0, "offsetY": 0.0, "offsetZ": 0.0, "rotationX": -22.5, "rotationY": -22.5, "rotationZ": -22.5 },
						"L_leg top3": { "offsetX": 0.0, "offsetY": 0.0, "offsetZ": 0.0, "rotationX": 0.0, "rotationY": -22.5, "rotationZ": 0.0 },
						"L_leg top4": { "offsetX": 0.0, "offsetY": 0.0, "offsetZ": 0.0, "rotationX": 0.0, "rotationY": 0.0, "rotationZ": 22.5 },
						"L_leg bot4": { "offsetX": 0.0, "offsetY": 0.0, "offsetZ": 0.0, "rotationX": -15.0, "rotationY": 0.0, "rotationZ": 0.0 },
						"R_leg top1": { "offsetX": 0.0, "offsetY": 0.0, "offsetZ": 0.0, "rotationX": 0.0, "rotationY": -67.5, "rotationZ": 0.0 },
						"R_leg top2": { "offsetX": 0.0, "offsetY": 0.0, "offsetZ": 0.0, "rotationX": 22.5, "rotationY": -22.5, "rotationZ": 0.0 },
						"R_leg top3": { "rotationX": 0.0, "rotationY": 0.0, "rotationZ": 0.0 },
						"R_leg top4": { "rotationX": 0.0, "rotationY": 22.5, "rotationZ": 0.0 }
					}
				},
				{
					"frame": 20,
					"elements": {
						"Root": {  },
						"Body": {  },
						"Legs": {  },
						"L_leg top1": { "rotationX": 0.0, "rotationY": 22.5, "rotationZ": 22.5 },
						"L_leg bot1": { "rotationX": 0.0, "rotationY": 0.0, "rotationZ": 0.0 },
						"L_leg top2": { "offsetX": 0.0, "offsetY": 0.0, "offsetZ": 0.0, "rotationX": 0.0, "rotationY": -22.5, "rotationZ": -22.5 },
						"L_leg top3": { "offsetX": 0.0, "offsetY": 0.0, "offsetZ": 0.0, "rotationX": 0.0, "rotationY": 0.0, "rotationZ": 0.0 },
						"L_leg top4": { "offsetX": 0.0, "offsetY": 0.0, "offsetZ": 0.0, "rotationX": 0.0, "rotationY": 22.5, "rotationZ": 22.5 },
						"L_leg bot4": { "offsetX": 0.0, "offsetY": 0.0, "offsetZ": 0.0, "rotationX": -15.0, "rotationY": 0.0, "rotationZ": 0.0 },
						"R_leg top1": { "offsetX": 0.0, "offsetY": 0.0, "offsetZ": 0.0, "rotationX": 22.5, "rotationY": -22.5, "rotationZ": 0.0 },
						"R_leg top2": { "offsetX": 0.0, "offsetY": 0.0, "offsetZ": 0.0, "rotationX": 22.5, "rotationY": 0.0, "rotationZ": 0.0 },
						"R_leg top3": { "rotationX": 22.5, "rotationY": -22.5, "rotationZ": 0.0 },
						"R_leg top4": { "rotationX": 0.0, "rotationY": 0.0, "rotationZ": 22.5 }
					}
				}
			]
		},

		{
			"name": "leap",
			"code": "jump",
			"quantityframes": 35,
			"onActivityStopped": "Rewind",
			"onAnimationEnd": "Repeat",
			"keyframes": [
				{
					"frame": 5,
					"elements": {
						"Root": {  },
						"Body": { "offsetX": 0.0, "offsetY": 0.0, "offsetZ": 0.0, "rotationX": 0.0, "rotationY": 0.0, "rotationZ": 15.0 },
						"Head": { "rotationX": 0.0, "rotationY": 0.0, "rotationZ": -22.5 },
						"Legs": {  },
						"L_leg top3": { "rotationX": 0.0, "rotationY": 0.0, "rotationZ": 0.0 },
						"L_leg top1": { "rotationX": -35.0, "rotationY": 0.0, "rotationZ": -22.5 },
						"L_leg top4": { "rotationX": 10.0, "rotationY": 0.0, "rotationZ": 0.0 },
						"L_leg top2": { "rotationX": -10.0, "rotationY": 0.0, "rotationZ": -22.5 },
						"R_leg top1": { "rotationX": 22.5, "rotationY": 0.0, "rotationZ": -22.5 },
						"R_leg top2": { "rotationX": 10.0, "rotationY": 10.0, "rotationZ": -22.5 },
						"R_leg top4": { "rotationX": -22.5, "rotationY": 0.0, "rotationZ": 22.5 }
					}
				},
				{
					"frame": 10,
					"elements": {
						"Root": {  },
						"Body": { "offsetX": -4.0, "offsetY": 4.0, "offsetZ": 0.0, "rotationX": 0.0, "rotationY": 0.0, "rotationZ": -22.5 },
						"Head": { "rotationX": 0.0, "rotationY": 0.0, "rotationZ": 0.0 },
						"Legs": {  },
						"L_leg top1": { "rotationX": -22.5, "rotationY": -22.5, "rotationZ": 22.5 },
						"L_leg top3": { "rotationX": 0.0, "rotationY": 0.0, "rotationZ": 22.5 },
						"L_leg top4": { "rotationX": 22.5, "rotationY": 0.0, "rotationZ": 22.5 },
						"R_leg top1": { "rotationX": 22.5, "rotationY": 22.5, "rotationZ": 0.0 },
						"R_leg top3": { "rotationX": 0.0, "rotationY": 0.0, "rotationZ": 22.5 },
						"R_leg top4": { "rotationX": -22.5, "rotationY": 0.0, "rotationZ": 22.5 }
					}
				},
				{
					"frame": 15,
					"elements": {
						"Root": {  },
						"Body": { "offsetX": -4.0, "offsetY": 0.0, "offsetZ": 0.0, "rotationX": 0.0, "rotationY": 0.0, "rotationZ": 0.0 },
						"Head": { "rotationX": 0.0, "rotationY": 0.0, "rotationZ": 0.0 },
						"Legs": {  },
						"L_leg top1": { "rotationX": 0.0, "rotationY": 0.0, "rotationZ": 0.0 },
						"L_leg top2": { "rotationX": 0.0, "rotationY": -22.5, "rotationZ": 0.0 },
						"L_leg top3": { "rotationX": 0.0, "rotationY": 0.0, "rotationZ": 0.0 },
						"L_leg top4": { "rotationX": 0.0, "rotationY": 0.0, "rotationZ": 0.0 },
						"R_leg top1": { "rotationX": 0.0, "rotationY": 0.0, "rotationZ": 0.0 },
						"R_leg top2": { "rotationX": 0.0, "rotationY": 0.0, "rotationZ": 0.0 },
						"R_leg top3": { "rotationX": 0.0, "rotationY": 0.0, "rotationZ": 0.0 },
						"R_leg top4": { "rotationX": 0.0, "rotationY": 0.0, "rotationZ": 0.0 }
					}
				},
				{
					"frame": 20,
					"elements": {
						"Root": {  },
						"Body": { "offsetX": -2.0, "offsetY": 0.0, "offsetZ": 0.0, "rotationX": 0.0, "rotationY": 0.0, "rotationZ": 0.0 },
						"Head": { "rotationX": 0.0, "rotationY": 0.0, "rotationZ": 0.0 },
						"Legs": {  },
						"L_leg top1": { "rotationX": 0.0, "rotationY": 22.5, "rotationZ": 0.0 },
						"L_leg top2": { "rotationX": 0.0, "rotationY": -45.0, "rotationZ": 0.0 },
						"L_leg top3": { "rotationX": -22.5, "rotationY": -22.5, "rotationZ": 0.0 },
						"R_leg top1": { "rotationX": 0.0, "rotationY": 0.0, "rotationZ": 0.0 },
						"R_leg top2": { "rotationX": 0.0, "rotationY": 0.0, "rotationZ": 0.0 }
					}
				}
			]
		},

		{
			"name": "bite",
			"code": "bite",
			"quantityframes": 30,
			"onActivityStopped": "Rewind",
			"onAnimationEnd": "Repeat",
			"keyframes": [

			]
		},

		{
			"name": "death",
			"code": "die",
			"quantityframes": 30,
			"onActivityStopped": "Stop",
			"onAnimationEnd": "Hold",
			"keyframes": [
				{
					"frame": 5,
					"elements": {
						"Root": {  },
						"Body": { "offsetX": 0.0, "offsetY": 1.0, "offsetZ": 0.0, "rotationX": -45.0, "rotationY": 0.0, "rotationZ": 0.0 },
						"Legs": {  },
						"L_leg top1": { "rotationX": 0.0, "rotationY": 0.0, "rotationZ": 0.0 },
						"L_leg bot1": { "rotationX": 0.0, "rotationY": 0.0, "rotationZ": 0.0 },
						"L_leg top2": { "rotationX": 0.0, "rotationY": 0.0, "rotationZ": 0.0 },
						"L_leg bot2": { "rotationX": 0.0, "rotationY": 0.0, "rotationZ": 0.0 },
						"L_leg top3": { "rotationX": 0.0, "rotationY": 0.0, "rotationZ": 0.0 },
						"L_leg bot3": { "rotationX": 0.0, "rotationY": 0.0, "rotationZ": 0.0 },
						"L_leg top4": { "rotationX": 0.0, "rotationY": 0.0, "rotationZ": 0.0 },
						"L_leg bot4": { "rotationX": 0.0, "rotationY": 0.0, "rotationZ": 0.0 },
						"R_leg top1": { "rotationX": 0.0, "rotationY": 0.0, "rotationZ": 0.0 },
						"R_leg bot1": { "rotationX": 0.0, "rotationY": 0.0, "rotationZ": 0.0 },
						"R_leg top2": { "rotationX": 0.0, "rotationY": 0.0, "rotationZ": 0.0 },
						"R_leg bot2": { "rotationX": 0.0, "rotationY": 0.0, "rotationZ": 0.0 },
						"R_leg top3": { "rotationX": 0.0, "rotationY": 0.0, "rotationZ": 0.0 },
						"R_leg bot3": { "rotationX": 0.0, "rotationY": 0.0, "rotationZ": 0.0 },
						"R_leg top4": { "rotationX": 0.0, "rotationY": 0.0, "rotationZ": 0.0 },
						"R_leg bot4": { "rotationX": 0.0, "rotationY": 0.0, "rotationZ": 0.0 }
					}
				},
				{
					"frame": 10,
					"elements": {
						"Root": {  },
						"Body": { "offsetX": 0.0, "offsetY": 0.5, "offsetZ": 0.0, "rotationX": -180.0, "rotationY": 0.0, "rotationZ": 0.0 },
						"Head": { "rotationX": 0.0, "rotationY": 0.0, "rotationZ": 22.5 },
						"Legs": {  },
						"L_leg top1": { "rotationX": 45.0, "rotationY": 0.0, "rotationZ": 0.0 },
						"L_leg bot1": { "rotationX": 0.0, "rotationY": 0.0, "rotationZ": 0.0 },
						"L_leg top2": { "rotationX": 22.5, "rotationY": 0.0, "rotationZ": 0.0 },
						"L_leg bot2": { "rotationX": 0.0, "rotationY": 0.0, "rotationZ": 0.0 },
						"L_leg top3": { "rotationX": 45.0, "rotationY": 0.0, "rotationZ": 0.0 },
						"L_leg bot3": { "rotationX": 0.0, "rotationY": 0.0, "rotationZ": 0.0 },
						"L_leg top4": { "rotationX": 67.5, "rotationY": 0.0, "rotationZ": 0.0 },
						"L_leg bot4": { "rotationX": 0.0, "rotationY": 0.0, "rotationZ": 0.0 },
						"R_leg top1": { "rotationX": -22.5, "rotationY": 0.0, "rotationZ": 0.0 },
						"R_leg bot1": { "rotationX": 0.0, "rotationY": 0.0, "rotationZ": 0.0 },
						"R_leg top2": { "rotationX": -45.0, "rotationY": 0.0, "rotationZ": 0.0 },
						"R_leg bot2": { "rotationX": 0.0, "rotationY": 0.0, "rotationZ": 0.0 },
						"R_leg top3": { "rotationX": -45.0, "rotationY": 0.0, "rotationZ": 0.0 },
						"R_leg bot3": { "rotationX": 0.0, "rotationY": 0.0, "rotationZ": 0.0 },
						"R_leg top4": { "rotationX": -67.5, "rotationY": 0.0, "rotationZ": -22.5 },
						"R_leg bot4": { "rotationX": 0.0, "rotationY": 0.0, "rotationZ": 0.0 }
					}
				},
				{
					"frame": 15,
					"elements": {
						"Root": {  },
						"Body": { "offsetX": 0.0, "offsetY": 0.5, "offsetZ": 0.0, "rotationX": -180.0, "rotationY": 0.0, "rotationZ": -15.0 },
						"Head": { "rotationX": 0.0, "rotationY": 0.0, "rotationZ": 22.5 },
						"Legs": {  },
						"L_leg top1": { "rotationX": 45.0, "rotationY": 0.0, "rotationZ": 0.0 },
						"L_leg bot1": { "rotationX": 45.0, "rotationY": 0.0, "rotationZ": 0.0 },
						"L_leg top2": { "rotationX": 45.0, "rotationY": 0.0, "rotationZ": 0.0 },
						"L_leg bot2": { "rotationX": 22.5, "rotationY": 0.0, "rotationZ": 0.0 },
						"L_leg top3": { "rotationX": 45.0, "rotationY": 0.0, "rotationZ": 0.0 },
						"L_leg bot3": { "rotationX": 45.0, "rotationY": 0.0, "rotationZ": 0.0 },
						"L_leg top4": { "rotationX": 67.5, "rotationY": 0.0, "rotationZ": 0.0 },
						"L_leg bot4": { "rotationX": 67.5, "rotationY": 0.0, "rotationZ": 0.0 },
						"R_leg top1": { "rotationX": -45.0, "rotationY": 0.0, "rotationZ": 0.0 },
						"R_leg bot1": { "rotationX": -22.5, "rotationY": 0.0, "rotationZ": 0.0 },
						"R_leg top2": { "rotationX": -45.0, "rotationY": 0.0, "rotationZ": 0.0 },
						"R_leg bot2": { "rotationX": -67.5, "rotationY": 0.0, "rotationZ": 0.0 },
						"R_leg top3": { "rotationX": -45.0, "rotationY": 0.0, "rotationZ": 0.0 },
						"R_leg bot3": { "rotationX": -45.0, "rotationY": 0.0, "rotationZ": 0.0 },
						"R_leg top4": { "rotationX": -67.5, "rotationY": 0.0, "rotationZ": -22.5 },
						"R_leg bot4": { "rotationX": -22.5, "rotationY": 0.0, "rotationZ": 0.0 }
					}
				},
				{
					"frame": 25,
					"elements": {
						"Root": {  },
						"Body": { "offsetX": 0.0, "offsetY": 0.5, "offsetZ": 0.0, "rotationX": -180.0, "rotationY": 0.0, "rotationZ": -22.5 },
						"Head": { "rotationX": 0.0, "rotationY": 0.0, "rotationZ": 22.5 },
						"Legs": {  },
						"L_leg top1": { "rotationX": 45.0, "rotationY": 0.0, "rotationZ": 0.0 },
						"L_leg bot1": { "rotationX": 45.0, "rotationY": 0.0, "rotationZ": 0.0 },
						"L_leg top2": { "rotationX": 22.5, "rotationY": 0.0, "rotationZ": 0.0 },
						"L_leg bot2": { "rotationX": 67.5, "rotationY": 0.0, "rotationZ": 0.0 },
						"L_leg top3": { "rotationX": 22.5, "rotationY": 0.0, "rotationZ": 0.0 },
						"L_leg bot3": { "rotationX": 90.0, "rotationY": 0.0, "rotationZ": 0.0 },
						"L_leg top4": { "rotationX": 22.5, "rotationY": 0.0, "rotationZ": 0.0 },
						"L_leg bot4": { "rotationX": 90.0, "rotationY": 0.0, "rotationZ": 0.0 },
						"R_leg top1": { "rotationX": -45.0, "rotationY": 0.0, "rotationZ": 0.0 },
						"R_leg bot1": { "rotationX": -67.5, "rotationY": 0.0, "rotationZ": 0.0 },
						"R_leg top2": { "rotationX": -45.0, "rotationY": 0.0, "rotationZ": 0.0 },
						"R_leg bot2": { "rotationX": -67.5, "rotationY": 0.0, "rotationZ": 0.0 },
						"R_leg top3": { "rotationX": -22.5, "rotationY": 0.0, "rotationZ": 0.0 },
						"R_leg bot3": { "rotationX": -90.0, "rotationY": 0.0, "rotationZ": 0.0 },
						"R_leg top4": { "rotationX": -45.0, "rotationY": 0.0, "rotationZ": -22.5 },
						"R_leg bot4": { "rotationX": -90.0, "rotationY": 0.0, "rotationZ": 0.0 }
					}
				}
			]
		},

		{
			"name": "idle",
			"code": "idle",
			"quantityframes": 35,
			"onActivityStopped": "Rewind",
			"onAnimationEnd": "Repeat",
			"keyframes": [
				{
					"frame": 0,
					"elements": {
						"Root": {  },
						"Body": { "offsetX": 0.0, "offsetY": 0.0, "offsetZ": 0.0, "rotationX": 0.0, "rotationY": 0.0, "rotationZ": 0.0 },
						"Head": { "offsetX": 0.0, "offsetY": 0.0, "offsetZ": 0.0, "rotationX": 0.0, "rotationY": 0.0, "rotationZ": 0.0 }
					}
				},
				{
					"frame": 20,
					"elements": {
						"Root": {  },
						"Body": { "offsetX": 0.0, "offsetY": 0.01, "offsetZ": 0.0, "rotationX": 0.0, "rotationY": 0.0, "rotationZ": 0.0 },
						"Head": { "offsetX": 0.0, "offsetY": 0.0, "offsetZ": 0.0, "rotationX": 0.0, "rotationY": 0.0, "rotationZ": 1.0 }
					}
				}
			]
		},

		{
			"name": "sleep",
			"code": "sleep",
			"quantityframes": 25,
			"onActivityStopped": "EaseOut",
			"onAnimationEnd": "Repeat",
			"keyframes": [
				{
					"frame": 1,
					"elements": {
						"Root": {  },
						"Body": { "offsetX": 0.0, "offsetY": -0.4, "offsetZ": 0.0 },
						"Head": { "rotationX": 0.0, "rotationY": 0.0, "rotationZ": 0.0 },
						"Legs": {  },
						"L_leg top1": { "rotationX": -22.5, "rotationY": 0.0, "rotationZ": 0.0 },
						"L_leg top2": { "rotationX": -15.0, "rotationY": 0.0, "rotationZ": 0.0 },
						"L_leg top3": { "rotationX": -15.0, "rotationY": 0.0, "rotationZ": 0.0 },
						"L_leg top4": { "rotationX": -22.5, "rotationY": 0.0, "rotationZ": 22.5 },
						"R_leg top1": { "rotationX": 15.0, "rotationY": 0.0, "rotationZ": 0.0 },
						"R_leg top2": { "rotationX": 10.0, "rotationY": 0.0, "rotationZ": 0.0 },
						"R_leg top3": { "rotationX": 15.0, "rotationY": 0.0, "rotationZ": 0.0 },
						"R_leg top4": { "rotationX": 20.0, "rotationY": 0.0, "rotationZ": 22.5 }
					}
				},
				{
					"frame": 10,
					"elements": {
						"Root": {  },
						"Body": { "offsetX": 0.0, "offsetY": -0.65, "offsetZ": 0.0 },
						"Head": { "rotationX": 0.0, "rotationY": 0.0, "rotationZ": -7.0 },
						"Legs": {  },
						"L_leg top1": { "rotationX": -45.0, "rotationY": 0.0, "rotationZ": 0.0 },
						"L_leg bot1": { "rotationX": 22.5, "rotationY": 0.0, "rotationZ": 0.0 },
						"L_leg top2": { "rotationX": -35.0, "rotationY": 0.0, "rotationZ": 0.0 },
						"L_leg bot2": { "rotationX": 22.5, "rotationY": 0.0, "rotationZ": 0.0 },
						"L_leg top3": { "rotationX": -35.0, "rotationY": 0.0, "rotationZ": 0.0 },
						"L_leg bot3": { "rotationX": 22.5, "rotationY": 0.0, "rotationZ": 0.0 },
						"L_leg top4": { "rotationX": -22.5, "rotationY": -22.5, "rotationZ": 45.0 },
						"L_leg bot4": { "rotationX": 0.0, "rotationY": 0.0, "rotationZ": 0.0 },
						"R_leg top1": { "rotationX": 35.0, "rotationY": 0.0, "rotationZ": 0.0 },
						"R_leg bot1": { "rotationX": -22.5, "rotationY": 0.0, "rotationZ": 0.0 },
						"R_leg top2": { "rotationX": 35.0, "rotationY": 0.0, "rotationZ": 0.0 },
						"R_leg bot2": { "rotationX": -22.5, "rotationY": 0.0, "rotationZ": 0.0 },
						"R_leg top3": { "rotationX": 35.0, "rotationY": 0.0, "rotationZ": 0.0 },
						"R_leg bot3": { "rotationX": -22.5, "rotationY": 0.0, "rotationZ": 0.0 },
						"R_leg top4": { "rotationX": 35.0, "rotationY": 22.5, "rotationZ": 45.0 },
						"R_leg bot4": { "rotationX": -22.5, "rotationY": 0.0, "rotationZ": 0.0 }
					}
				},
				{
					"frame": 15,
					"elements": {
						"Root": {  },
						"Body": { "offsetX": 0.0, "offsetY": -0.65, "offsetZ": 0.0 },
						"Head": { "rotationX": 0.0, "rotationY": 0.0, "rotationZ": -9.0 },
						"Legs": {  },
						"L_leg top1": { "rotationX": -67.5, "rotationY": 22.5, "rotationZ": -45.0 },
						"L_leg bot1": { "rotationX": 67.5, "rotationY": 0.0, "rotationZ": 0.0 },
						"L_leg top2": { "rotationX": -67.5, "rotationY": 0.0, "rotationZ": 0.0 },
						"L_leg bot2": { "rotationX": 67.5, "rotationY": 0.0, "rotationZ": 0.0 },
						"L_leg top3": { "rotationX": -67.5, "rotationY": 0.0, "rotationZ": 0.0 },
						"L_leg bot3": { "rotationX": 67.5, "rotationY": 0.0, "rotationZ": 0.0 },
						"L_leg top4": { "rotationX": -67.5, "rotationY": -22.5, "rotationZ": 0.0 },
						"L_leg bot4": { "rotationX": 67.5, "rotationY": 0.0, "rotationZ": 0.0 },
						"R_leg top1": { "rotationX": 45.0, "rotationY": -22.5, "rotationZ": -45.0 },
						"R_leg bot1": { "rotationX": -67.5, "rotationY": 0.0, "rotationZ": 0.0 },
						"R_leg top2": { "rotationX": 45.0, "rotationY": 0.0, "rotationZ": -22.5 },
						"R_leg bot2": { "rotationX": -67.5, "rotationY": 0.0, "rotationZ": 0.0 },
						"R_leg top3": { "rotationX": 50.0, "rotationY": 22.5, "rotationZ": 0.0 },
						"R_leg bot3": { "rotationX": -67.5, "rotationY": 0.0, "rotationZ": 0.0 },
						"R_leg top4": { "rotationX": 90.0, "rotationY": 22.5, "rotationZ": 45.0 },
						"R_leg bot4": { "rotationX": -67.5, "rotationY": 0.0, "rotationZ": 0.0 }
					}
				}
			]
		}
	]
}