[
    {
        "name": "deconstruct with knife: heavy leather gloves",
        "ingredientPattern": "KC",
        "ingredients": {
            "K": { "type": "item", "code": "game:knife-*", "isTool": true },
            "C": { "type": "item", "code": "game:clothes-hand-heavy-leather-gloves" }
        },
        "width": 2,
        "height": 1,
        "shapeless": true,
        "recipeGroup": 2,
        "output": { "type": "item", "code": "game:leather-plain", "quantity": 3 }
    },
    {
        "name": "deconstruct with shears: heavy leather gloves",
        "ingredientPattern": "KC",
        "ingredients": {
            "K": { "type": "item", "code": "game:shears-*", "isTool": true },
            "C": { "type": "item", "code": "game:clothes-hand-heavy-leather-gloves" }
        },
        "width": 2,
        "height": 1,
        "shapeless": true,
        "recipeGroup": 2,
        "output": { "type": "item", "code": "game:leather-plain", "quantity": 3 }
    }
]
