{
	code: "nephrurus",
	class: "EntityAgent",
	variantgroups: [
		{ code: "type", states: ["levis", "laevissimus", "asper", "cinctus", "wheeleri", "eromanga", "deleani", "stellatus", "sheai", "vertebralis", "amyae"]}
	],
	collisionBoxSizeByType: {
		"nephrurus-levis": { x: 0.12, y: 0.02 },
		"nephrurus-laevissimus": { x: 0.1, y: 0.02 },
		"nephrurus-asper": { x: 0.13, y: 0.02 },
		"nephrurus-cinctus": { x: 0.12, y: 0.02 },
		"nephrurus-wheeleri": { x: 0.11, y: 0.02 },
		"nephrurus-eromanga": { x: 0.14, y: 0.02 },
		"nephrurus-deleani": { x: 0.11, y: 0.02 },
		"nephrurus-stellatus": { x: 0.13, y: 0.02 },
		"nephrurus-sheai": { x: 0.12, y: 0.02 },
		"nephrurus-vertebralis": { x: 0.1, y: 0.02 },
		"nephrurus-amyae": { x: 0.17, y: 0.02 },
	},
	deadCollisionBoxSizeByType: {
		"nephrurus-levis": { x: 0.12, y: 0.02 },
		"nephrurus-laevissimus": { x: 0.1, y: 0.02 },
		"nephrurus-asper": { x: 0.13, y: 0.02 },
		"nephrurus-cinctus": { x: 0.12, y: 0.02 },
		"nephrurus-wheeleri": { x: 0.11, y: 0.02 },
		"nephrurus-eromanga": { x: 0.14, y: 0.02 },
		"nephrurus-deleani": { x: 0.11, y: 0.02 },
		"nephrurus-stellatus": { x: 0.13, y: 0.02 },
		"nephrurus-sheai": { x: 0.12, y: 0.02 },
		"nephrurus-vertebralis": { x: 0.1, y: 0.02 },
		"nephrurus-amyae": { x: 0.17, y: 0.02 },	
	},	
	selectionBoxSizeByType: {
		"*-levis": { x: 0.12, y: 0.02 },
		"*-laevissimus": { x: 0.1, y: 0.02 },
		"*-asper": { x: 0.13, y: 0.02 },
		"*-cinctus": { x: 0.12, y: 0.02 },
		"*-wheeleri": { x: 0.11, y: 0.02 },
		"*-eromanga": { x: 0.14, y: 0.02 },
		"*-deleani": { x: 0.11, y: 0.02 },
		"*-stellatus": { x: 0.13, y: 0.02 },
		"*-sheai": { x: 0.12, y: 0.02 },
		"*-vertebralis": { x: 0.1, y: 0.02 },
		"*-amyae": { x: 0.17, y: 0.02 },
	},
	deadSelectionBoxSizeByType: {
		"*-levis": { x: 0.12, y: 0.02 },
		"*-laevissimus": { x: 0.1, y: 0.02 },
		"*-asper": { x: 0.13, y: 0.02 },
		"*-cinctus": { x: 0.12, y: 0.02 },
		"*-wheeleri": { x: 0.11, y: 0.02 },
		"*-eromanga": { x: 0.14, y: 0.02 },
		"*-deleani": { x: 0.11, y: 0.02 },
		"*-stellatus": { x: 0.13, y: 0.02 },
		"*-sheai": { x: 0.12, y: 0.02 },
		"*-vertebralis": { x: 0.1, y: 0.02 },
		"*-amyae": { x: 0.17, y: 0.02 },
	},	
	knockbackResistance: 0,
	weight: 1,
	eyeHeight: 0.04,
	drops: [],
	attributes: {
		netCaughtItemCode: "knobtailedgeckos:creature-nephrurus-{type}",
		guiTransform: {
			translation: { x: 0, y: 0, z: 0 },
			rotation: { x: 180, y: -115, z: 6 },
			origin: { x: 0.5, y: 0.74, z: 0.5 }
		},
		tpHandTransform: {
			translation: { x: -0.7, y: -0.8, z: -0.6 },
			rotation: { x: 1, y: 172, z: 26 },
			scale: 0.44
		},
		fpHandTransform: {
			translation: { x: 0.05, y: -0.3, z: 0.5 },
			rotation: { x: -8, y: -84, z: -31 },
		},
		groundTransform: {
			translation: { x: 0, y: 0.1, z: 0 }
		}
	},
	client: {
		renderer: "Shape",
		shape: { base: "entity/land/nephrurus" },
		textureByType: {
			"*-levis": { base: "entity/knobtailedgecko/nephrurus-levis" },
			"*-laevissimus": { base: "entity/knobtailedgecko/nephrurus-laevissimus" },
			"*-asper": { base: "entity/knobtailedgecko/nephrurus-asper" },
			"*-cinctus": { base: "entity/knobtailedgecko/nephrurus-cinctus" },
			"*-wheeleri": { base: "entity/knobtailedgecko/nephrurus-wheeleri" },
			"*-eromanga": { base: "entity/knobtailedgecko/nephrurus-eromanga" },
			"*-deleani": { base: "entity/knobtailedgecko/nephrurus-deleani" },
			"*-stellatus": { base: "entity/knobtailedgecko/nephrurus-stellatus" },
			"*-sheai": { base: "entity/knobtailedgecko/nephrurus-sheai" },
			"*-vertebralis": { base: "entity/knobtailedgecko/nephrurus-vertebralis" },
			"*-amyae": { base: "entity/knobtailedgecko/nephrurus-amyae" },
		},
		sizeByType: {
			"nephrurus-levis": 0.083,
			"nephrurus-laevissimus": 0.07,
			"nephrurus-asper": 0.09,
			"nephrurus-cinctus": 0.083,
			"nephrurus-wheeleri": 0.077,
			"nephrurus-eromanga": 0.097,
			"nephrurus-deleani": 0.077,
			"nephrurus-stellatus": 0.09,
			"nephrurus-sheai": 0.083,
			"nephrurus-vertebralis": 0.07,
			"nephrurus-amyae": 0.118,
			
		},
		behaviors: [
			{ code: "repulseagents" }, 
			{ code: "controlledphysics", stepHeight: 0 },
			{ code: "floatupwhenstuck", onlyWhenDead: true },
			{ code: "interpolateposition" },
			{ code: "despawn", minPlayerDistance: 8, belowLightLevel: 8, minSeconds: 300 },
		],
		animations: [
			{
				code: "hurt",
				animation: "walk", 
				animationSpeed: 2.2,
				weight: 10,
				blendMode: "AddAverage" 
			},
			{
				code: "die",
				animation: "sleep", 
				animationSpeed: 1.25,
				weight: 10,
				blendMode: "Average",
				triggeredBy: { onControls: ["dead"] }
			},
			{ 
				code: "idle", 
				animation: "idle",
				blendMode: "AddAverage",
				easeOutSpeed: 4,
				triggeredBy: { defaultAnim: true },
			},
			{
				code: "sleep", 
				animation: "sleep",
				easeInSpeed: 4,
				easeOutSpeed: 4,
				weight: 1.25,
				blendMode: "Average", 
			},
			{
				code: "sit", 
				animation: "call",
				easeInSpeed: 4,
				easeOutSpeed: 3,
				supressDefaultAnimation: true,
				blendMode: "Average", 
			},
			{
				code: "walk",
				animation: "walk",
				supressDefaultAnimation: true,
				blendMode: "AddAverage"
			}
		]
	},
	server: {
		attributes: {
			pathfinder: {
				minTurnAnglePerSec: 350,
				maxTurnAnglePerSec: 650
			}
		},
		behaviors: [
			{ code: "repulseagents" }, 
			{ code: "controlledphysics", stepHeight: 0 },
			{ code: "despawn", minPlayerDistance: 8, belowLightLevel: 8, minSeconds: 300 },
			{ code: "floatupwhenstuck", onlyWhenDead: true },
						{ code: "breathe" },
			{ 
				code: "emotionstates",
				states: [
					{ code: "fleeondamage", 
							duration: 30, 
							chance: 1,
							slot: 2, 
							priority: 5, 
							accumType: "max", 
							whenHealthRelBelow: 0.3 },
					{ 
						code: "saturated", 
						duration: 1200, chance: 1, slot: 0, priority: 1, accumType: "sum",
						belowTempDuration: 600,
						belowTempThreshold: -5
					},
					
				],
			},
			{ 
				code: "taskai",
				aitasks: [
					{
						code: "idle",
						priority: 1.1,
						priorityForCancel: 1.35,
						minduration: 2500,
						maxduration: 2500,
						mincooldown: 6000,
						maxcooldown: 20000,
						animation: "idle",
						animationSpeed: 1
					},
					{
						code: "fleeentity",
						entityCodes: [ "player", "wolf-male", "wolf-female", "bear-*", "hyena-male", "hyena-female" ],
						priority: 1.7,
						seekingRange: 2,
						animation: "walk",
						animationSpeed: 2,
						whenInEmotionState: "fleeondamage",
						animationSpeed: 1,
						movespeed: 0.00065
					},
					{
                        			code: "seekentity",
                       				entityCodes: [ "player" ],
                        			priority: 1.9,
                        			movespeed: 0.00001,
                        			seekingRange: 6,
                        			animation: "call",
                        			animationSpeed: 1.0,
						stopOnNearbyEntityCodes: ["player"],
						stopRange: 2,
                        			whenInEmotionState: "fleeondamage"
                    			},
										{
						code: "getoutofwater",
						priority: 1.4,
						movespeed: 0.00105,
						animation: "walk",
						animationSpeed: 2,
						animationSpeed: 1
					},
					{
						code: "idle",
						priority: 1.3,
						priorityForCancel: 1.35,
						minduration: 200000,
						maxduration: 800000,
						mincooldown: 10000,
						maxcooldown: 30000,
						animation: "sleep",
						animationSpeed: 0.3,
						duringDayTimeFrames: [ { fromHour: 7, toHour: 19 } ],
						stopOnNearbyEntityCodes: ["player"],
						stopRange: 2,
						stopOnHurt: true
					},					
					{
						code: "idle",
						priority: 1.2,
						priorityForCancel: 1.35,
						minduration: 467,
						maxduration: 467,
						mincooldown: 80000,
						maxcooldown: 500000,
						animation: "call",
						animationSpeed: 1
					},
					{
						code: "idle",
						priority: 1.1,
						priorityForCancel: 1.35,
						minduration: 2500,
						maxduration: 2500,
						mincooldown: 6000,
						maxcooldown: 20000,
						animation: "idle",
						animationSpeed: 1
					},
					{
						code: "wander", 
						priority: 1.0, 
						priorityForCancel: 1.35,
						animation: "walk",
						preferredLightLevel: 20,
						animationSpeed: 1,
						movespeed: 0.000405
					},
					{
						code: "idle",
						priority: 0.6,
						priorityForCancel: 1.35,
						minduration: 5000,
						maxduration: 30000,
						mincooldown: 2000,
						maxcooldown: 120000,
						animation: "eat",
						stopOnNearbyEntityCodes: ["player"],
						stopRange: 2					},
					{ 
						code: "lookaround", 
						turnSpeedMul: 0.2,
						priority: 0.5
					}
				]
			},
		],
		spawnconditions: {

				runtime: {
					group: "passive",
					chance: 0.01,
					tryOnlySurface: true,
					spawnCapPlayerScaling: 0.05,
					maxQuantityByGroup: { code: "nephrurus-*", maxQuantity: 20 },					
					groupSize: { dist: "verynarrowgaussian", avg: 1, var: 0 },
					insideBlockCodes: ["game:air", "game:tallgrass-*", "game:flower-*"],
					minTempByType: {
						"*-levis": 22,
						"*-laevissimus": 26,
						"*-asper": 25,
						"*-cinctus": 27,
						"*-wheeleri": 24,
						"*-eromanga": 27,
						"*-deleani": 18,
						"*-stellatus": 16,
						"*-sheai": 28,
						"*-vertebralis": 23,
						"*-amyae": 26,
					},
					maxTempByType: {
						"*-levis": 37,
						"*-laevissimus": 35,
						"*-asper": 37,
						"*-cinctus": 38,
						"*-wheeleri": 35,
						"*-eromanga": 35,
						"*-deleani": 28,
						"*-stellatus": 30,
						"*-sheai": 39,
						"*-vertebralis": 34,
						"*-amyae": 38,
					},
					minRainByType: {
						"*-levis": 0,
						"*-laevissimus": 0,
						"*-asper": 0.05,
						"*-cinctus": 0,
						"*-wheeleri": 0,
						"*-eromanga": 0,
						"*-deleani": 0,
						"*-stellatus": 0,
						"*-sheai": 0.05,
						"*-vertebralis": 0.1,
						"*-amyae": 0,
					},
					maxRainByType: {
						"*-levis": 0.3,
						"*-laevissimus": 0.15,
						"*-asper": 0.25,
						"*-cinctus": 0.2,
						"*-wheeleri": 0.2,
						"*-eromanga": 0.15,
						"*-deleani": 0.25,
						"*-stellatus": 0.2,
						"*-sheai": 0.3,
						"*-vertebralis": 0.35,
						"*-amyae": 0.1,
						
					},
					minYByType: {
						"*-levis": 1.01,
						"*-laevissimus": 1.02,
						"*-asper": 1.03,
						"*-cinctus": 1.01,
						"*-wheeleri": 1.01,
						"*-eromanga": 1.02,
						"*-deleani": 1,
						"*-stellatus": 1.02,
						"*-sheai": 1.03,
						"*-vertebralis": 1.03,
						"*-amyae": 1.04,
		
					},
					maxYByType: {
						"*-levis": 1.25,
						"*-laevissimus": 1.15,
						"*-asper": 1.2,
						"*-cinctus": 1.12,
						"*-wheeleri": 1.12,
						"*-eromanga": 1.07,
						"*-deleani": 1.05,
						"*-stellatus": 1.22,
						"*-sheai": 1.23,
						"*-vertebralis": 1.23,
						"*-amyae": 1.24,
					},
					minShrubsByType: {
						"*-levis": 0.05,
						"*-laevissimus": 0,
						"*-asper": 0.4,
						"*-cinctus": 0.25,
						"*-wheeleri": 0.2,
						"*-eromanga": 0,
						"*-deleani": 0,
						"*-stellatus": 0.1,
						"*-sheai": 0.1,
						"*-vertebralis": 0.25,
						"*-amyae": 0,
					},
					maxShrubsByType: {
						"*-levis": 0.75,
						"*-laevissimus": 0.5,
						"*-asper": 0.95,
						"*-cinctus": 0.85,
						"*-wheeleri": 0.8,
						"*-eromanga": 0.5,
						"*-deleani": 0.5,
						"*-stellatus": 0.6,
						"*-sheai": 0.6,
						"*-vertebralis": 0.75,
						"*-amyae": 0.5,
						
					},
					minForestByType: {
						"*-levis": 0,
						"*-laevissimus": 0,
						"*-asper": 0,
						"*-cinctus": 0,
						"*-wheeleri": 0,
						"*-eromanga": 0,
						"*-deleani": 0,
						"*-stellatus": 0,
						"*-sheai": 0,
						"*-vertebralis": 0.25,
						"*-amyae": 0,
					},
					maxForestByType: {
						"*-levis": 0.5,
						"*-laevissimus": 0.5,
						"*-asper": 0.5,
						"*-cinctus": 0.5,
						"*-wheeleri": 0.5,
						"*-eromanga": 0.5,
						"*-deleani": 0.5,
						"*-stellatus": 0.55,
						"*-sheai": 0.5,
						"*-vertebralis": 0.75,
						"*-amyae": 0.5,
					},
					
				}
		}
	},
	
	idleSoundChance: 0,
}

