{
  "code": "essencelacrima",
  "classByType": {
    "*": "ItemEssenceLacrimaRM"
  },

  "enabled": true,

  "variantgroups": [
    {
      "code": "type",
      "states": [ "neutral", "light", "dark" ]
    }
  ],


  "behaviors": [
    {
      "name": "GroundStorable",
      "properties": {
        "layout": "SingleCenter",
        "collisionBox": {
          "x1": 0.25,
          "y1": 0,
          "z1": 0.25,
          "x2": 0.75,
          "y2": 0.375,
          "z2": 0.75
        }
      }
    }
  ],



  "attributesByType": {
    "*": {
      //"wearableAttachment": true,
      //"attachShape": { "base": "game:item/bag/backpack-attached" },
      "backpack": {
        "quantitySlots": 0
      },
      "displaycaseable": true,
      "onDisplayTransform": {
        "translation": {
          "x": 0,
          "y": -0.35,
          "z": 0.22
        },
        "rotation": {
          "x": 90,
          "y": 0,
          "z": 0
        },
        "scale": 0.75
      },
      "shelvable": true,
      "onshelfTransform": {
        "translation": {
          "x": 0,
          "y": -0.35,
          "z": 0.22
        },
        "rotation": {
          "x": 90,
          "y": 0,
          "z": 0
        },
        "scale": 0.75
      },
      "handbook": {
        "groupByByType": {
          "*": [ "essencelacrima-*" ]
        },
        "extraSections": [
          {
            "title": "game:Created by",
            "text": "rustboundmagic:handbook-synthesistier2-text"
          },
          {
            "title": "rustboundmagic:handbook-lacrimaessencestorage-title",
            "text": "rustboundmagic:handbook-lacrimaessencestorage-text"
          }
        ]
      }
    }
  },

  "creativeinventory": {
    "general": [ "*" ],
    "items": [ "*" ],
    "rustboundmagic": [ "*" ]
  },

  "maxstacksize": 1,
  "storageFlags": 1,

  "shapebytype": {
    "*": {
      "base": "entities/humanoids/essencelacrima"
    }
  },
  "texturesByType": {
    "*-neutral": {
      "default": { "base": "default" },
      "material": { "base": "lacrima-neutral" },
      "outerenergy": { "base": "lacrima-transparentneutral" }
    },
    "*-light": {
      "default": { "base": "default" },
      "material": { "base": "lacrima-light" },
      "outerenergy": { "base": "lacrima-transparentlight" }
    },
    "*-dark": {
      "default": { "base": "default" },
      "material": { "base": "lacrima-dark" },
      "outerenergy": { "base": "lacrima-transparentdark" }
    }
  },

  "guiTransform": {
    "translation": {
      "x": 0,
      "y": 0,
      "z": 0
    },
    "rotation": {
      "x": -27,
      "y": 45,
      "z": 180
    },
    "origin": {
      "x": 0.55,
      "y": 0.2,
      "z": 0.5
    },
    "scale": 2
  },
  "fpHandTransform": {
    "translation": {
      "x": 0,
      "y": 0,
      "z": 0.2
    },
    "rotation": {
      "x": 47,
      "y": -80,
      "z": 33
    },
    "scale": 1.61
  },
  "tpHandTransform": {
    "translation": {
      "x": -0.7,
      "y": -0.35,
      "z": -0.314
    },
    "rotation": {
      "x": 11,
      "y": 12,
      "z": -7
    },
    "scale": 0.81
  },
  "groundTransform": {
    "translation": {
      "x": 0,
      "y": 0,
      "z": 0
    },
    "rotation": {
      "x": 180,
      "y": 33,
      "z": -180
    },
    "origin": {
      "x": 0.5,
      "y": 0,
      "z": 0.5
    },
    "scale": 3.5
  }
}
