{
  "code": "guidebook",
  "class": "ItemGuidebookRM",
  "enabled": true,

  "storageFlags": 131073,

  "variantgroups": [
    {
      "code": "type",
      "states": [ "beginner", "advanced" ]
    }
  ],
  "skipVariants": [ "*-advanced" ],

  "attributes": {
    "displaycaseable": true,
    "onDisplayTransform": {
      "translation": {
        "x": -0.235,
        "y": -0.46,
        "z": -0.025
      },
      "rotation": {
        "x": 0,
        "y": 0,
        "z": 90
      },
      "scale": 0.75
    },
    "shelvable": true,
    "onshelfTransform": {
      "translation": {
        "x": -0.235,
        "y": -0.46,
        "z": -0.025
      },
      "rotation": {
        "x": 0,
        "y": 0,
        "z": 90
      },
      "scale": 0.75
    },
    "handbook": {
      "groupBy": [ "guidebook-*" ]
    },
    "bookshelveable": true,
    "spellshelveable": false
  },

  "creativeinventory": {
    "rustboundmagic": [ "*" ]
  },

  "maxstacksize": 1,

  "shapebytype": {
    "*": { "base": "items/guidebook" }
  },

  "texturesByType": {

    "*": {
      "default": { "base": "default" },
      "cover": { "base": "items/guidebook/cover-generic" },
      "spelliconbg": { "base": "items/guidebook/cover-front-decal" }, //"items/guidebook/spellbook-front-decal"
      "spellicon": { "base": "default" },
      "rarity": { "base": "default" },
      "pages": { "base": "items/guidebook/cover-pages" }
    }
  },

  "guiTransform": {
    "translation": {
      "x": 0,
      "y": 0,
      "z": 0
    },
    "rotation": {
      "x": -180,
      "y": 123,
      "z": 33
    },
    "origin": {
      "x": 0.48,
      "y": 0.21,
      "z": 0.5
    },
    "scaleXyz": {
      "x": -3.23,
      "y": 3.23,
      "z": 3.23
    }
  },
  "fpHandTransform": {
    "translation": {
      "x": 0,
      "y": 0.2,
      "z": 0
    },
    "rotation": {
      "x": -14,
      "y": -152,
      "z": 28
    },
    "origin": {
      "x": 0.5,
      "y": 0.1,
      "z": 0.5
    },
    "scale": 2.07
  },
  "tpHandTransform": {
    "translation": {
      "x": -0.69,
      "y": -0.26,
      "z": -0.73
    },
    "rotation": {
      "x": -92,
      "y": 4,
      "z": -89
    },
    "origin": {
      "x": 0.5,
      "y": 0.1,
      "z": 0.5
    },
    "scale": 0.67
  },
  "groundTransform": {
    "translation": {
      "x": 0,
      "y": 0,
      "z": 0
    },
    "rotation": {
      "x": 0,
      "y": 0,
      "z": 90
    },
    "origin": {
      "x": 0.41,
      "y": 0,
      "z": 0.5
    },
    "scale": 3.4
  }

}
