{
  "code": "runicscroll",
  "class": "ItemRunicScrollRM",
  "enabled": true,

  "storageFlags": 131073,


  "variantgroups": [
    {
      "code": "type",
      "states": [
        //"empty",
        //"specificresearchspell",
        //"savedspell",
        "tier1",
        "tier2",
        "tier3",
        "tier4"
      ]
    }
  ],

  "creativeinventory": {
    "general": [ "*" ],
    "items": [ "*" ],
    "rustboundmagic": [ "*" ]
  },

  "maxstacksize": 16,
  "materialDensity": 600,

  "heldTpUseAnimation": "interactstatic",

  "shapebytype": {
    "*": {
      "base": "items/spells/runicscroll"
    }
  },
  "texturesByType": {
    "*-tier1": {
      "default": { "base": "default" },
      "scrollpaper": { "base": "items/runicscroll" },
      "loremarked": { "base": "items/loremarked-lesser" },
      "magic": { "base": "magicaura-lesser" },
      "decal": { "base": "color-black" }
    },
    "*-tier2": {
      "default": { "base": "default" },
      "scrollpaper": { "base": "items/runicscroll" },
      "loremarked": { "base": "items/loremarked-greater" },
      "magic": { "base": "magicaura-greater" },
      "decal": { "base": "color-black" }
    },
    "*-tier3": {
      "default": { "base": "default" },
      "scrollpaper": { "base": "items/runicscroll" },
      "loremarked": { "base": "items/loremarked-superior" },
      "magic": { "base": "magicaura-superior" },
      "decal": { "base": "color-black" }
    },
    "*-tier4": {
      "default": { "base": "default" },
      "scrollpaper": { "base": "items/runicscroll" },
      "loremarked": { "base": "items/loremarked-celestial" },
      "magic": { "base": "magicaura-celestial" },
      "decal": { "base": "color-black" }
    }
  },

  "attributesByType": {
    "*-tier1": {
      "displaycaseable": true,
      "onDisplayTransform": {
        "translation": {
          "x": 0,
          "y": -0.25,
          "z": -0.03
        },
        "scale": 0.5
      },
      "shelvable": true,
      "onshelfTransform": {
        "translation": {
          "x": 0,
          "y": -0.25,
          "z": -0.03
        },
        "rotation": {
          "x": 0,
          "y": -45,
          "z": 0
        },
        "scale": 0.5
      },
      "scrollrackable": true,
      "onScrollrackTransform": {
        "translation": {
          "x": -0.5,
          "y": -0.18,
          "z": 0.48
        },
        "rotation": {
          "x": -45,
          "y": 0,
          "z": 0
        },
        "origin": {
          "x": 0.5,
          "y": 0.1,
          "z": 0.5
        }
      },
      "handbook": {
        "groupByByType": {
          "*": [ "runicscroll-*" ]
        },
        "extraSections": [
          {
            "title": "game:Created by",
            "text": "rustboundmagic:handbook-synthesistier1-text"
          },
          {
            "title": "rustboundmagic:handbook-spellresearch-title",
            "text": "rustboundmagic:handbook-spellresearch-text"
          }
        ]
      }
    },
    "*-tier2": {
      "displaycaseable": true,
      "onDisplayTransform": {
        "translation": {
          "x": 0,
          "y": -0.25,
          "z": -0.03
        },
        "scale": 0.5
      },
      "shelvable": true,
      "onshelfTransform": {
        "translation": {
          "x": 0,
          "y": -0.25,
          "z": -0.03
        },
        "rotation": {
          "x": 0,
          "y": -45,
          "z": 0
        },
        "scale": 0.5
      },
      "scrollrackable": true,
      "onScrollrackTransform": {
        "translation": {
          "x": -0.5,
          "y": -0.18,
          "z": 0.48
        },
        "rotation": {
          "x": -45,
          "y": 0,
          "z": 0
        },
        "origin": {
          "x": 0.5,
          "y": 0.1,
          "z": 0.5
        }
      },
      "handbook": {
        "groupByByType": {
          "*": [ "runicscroll-*" ]
        },
        "extraSections": [
          {
            "title": "game:Created by",
            "text": "rustboundmagic:handbook-synthesistier2-text"
          },
          {
            "title": "rustboundmagic:handbook-spellresearch-title",
            "text": "rustboundmagic:handbook-spellresearch-text"
          }
        ]
      }
    },
    "*-tier3": {
      "displaycaseable": true,
      "onDisplayTransform": {
        "translation": {
          "x": 0,
          "y": -0.25,
          "z": -0.03
        },
        "scale": 0.5
      },
      "shelvable": true,
      "onshelfTransform": {
        "translation": {
          "x": 0,
          "y": -0.25,
          "z": -0.03
        },
        "rotation": {
          "x": 0,
          "y": -45,
          "z": 0
        },
        "scale": 0.5
      },
      "scrollrackable": true,
      "onScrollrackTransform": {
        "translation": {
          "x": -0.5,
          "y": -0.18,
          "z": 0.48
        },
        "rotation": {
          "x": -45,
          "y": 0,
          "z": 0
        },
        "origin": {
          "x": 0.5,
          "y": 0.1,
          "z": 0.5
        }
      },
      "handbook": {
        "groupByByType": {
          "*": [ "runicscroll-*" ]
        },
        "extraSections": [
          {
            "title": "game:Created by",
            "text": "rustboundmagic:handbook-synthesistier3-text"
          },
          {
            "title": "rustboundmagic:handbook-spellresearch-title",
            "text": "rustboundmagic:handbook-spellresearch-text"
          }
        ]
      }
    },
    "*-tier4": {
      "displaycaseable": true,
      "onDisplayTransform": {
        "translation": {
          "x": 0,
          "y": -0.25,
          "z": -0.03
        },
        "scale": 0.5
      },
      "shelvable": true,
      "onshelfTransform": {
        "translation": {
          "x": 0,
          "y": -0.25,
          "z": -0.03
        },
        "rotation": {
          "x": 0,
          "y": -45,
          "z": 0
        },
        "scale": 0.5
      },
      "scrollrackable": true,
      "onScrollrackTransform": {
        "translation": {
          "x": -0.5,
          "y": -0.18,
          "z": 0.48
        },
        "rotation": {
          "x": -45,
          "y": 0,
          "z": 0
        },
        "origin": {
          "x": 0.5,
          "y": 0.1,
          "z": 0.5
        }
      },
      "handbook": {
        "groupByByType": {
          "*": [ "runicscroll-*" ]
        },
        "extraSections": [
          {
            "title": "game:Created by",
            "text": "rustboundmagic:handbook-synthesistier4-text"
          },
          {
            "title": "rustboundmagic:handbook-spellresearch-title",
            "text": "rustboundmagic:handbook-spellresearch-text"
          }
        ]
      }
    }
  },




  "guiTransform": {
    "translation": {
      "x": 0,
      "y": 0,
      "z": 0
    },
    "rotation": {
      "x": -19,
      "y": -59,
      "z": 20
    },
    "origin": {
      "x": 0.48,
      "y": 0.05,
      "z": 0.52
    },
    "scale": 2.4
  },
  "fpHandTransform": {
    "translation": {
      "x": 0,
      "y": 0.5,
      "z": 0
    },
    "rotation": {
      "x": 23,
      "y": -76,
      "z": 10
    },
    "origin": {
      "x": 0.5,
      "y": 0.1,
      "z": 0.5
    },
    "scale": 1.7
  },
  "groundTransform": {
    "translation": {
      "x": 0,
      "y": 0,
      "z": 0
    },
    "rotation": {
      "x": 0,
      "y": 0,
      "z": 0
    },
    "origin": {
      "x": 0.5,
      "y": 0.01,
      "z": 0.5
    },
    "scale": 3
  },
  "tpHandTransform": {
    "translation": {
      "x": -1.12,
      "y": -0.1,
      "z": -0.92
    },
    "rotation": {
      "x": -56,
      "y": -8,
      "z": -8
    },
    "origin": {
      "x": 0.5,
      "y": 0.1,
      "z": 0.5
    },
    "scale": 0.55
  }
}
