{
  "code": "runicparchment",
  "class": "ItemRunicParchmentRM",
  "enabled": true,

  "storageFlags": 131073,

  "variantgroups": [
    {
      "code": "type",
      "states": [ "blank", "cipher", "aoe", "duration" ] // cipher=memorize spells, 
    }
  ],
  "skipVariants": [ "*-cipher", "*-aoe", "*-duration" ],

  "creativeinventory": {
    "general": [ "*" ],
    "items": [ "*" ],
    "rustboundmagic": [ "*" ]
  },


  "maxstacksize": 32,
  "materialDensity": 210,

  "shapebytype": {
    "*": {
      "base": "items/runicparchment"
    }
  },
  "texturesByType": {
    "*": {
      "default": { "base": "default" },
      "labelbase": { "base": "items/runicparchment-{type}" }
    }
  },

  "attributesByType": {
    "*": {
      "displaycaseable": true,
      "onDisplayTransform": {
        "translation": {
          "x": 0,
          "y": -0.72,
          "z": -0.06
        },
        "rotation": {
          "x": 90,
          "y": 0,
          "z": -45
        },
        "scale": 0.5
      },
      "shelvable": true,
      "onshelfTransform": {
        "translation": {
          "x": 0,
          "y": -0.72,
          "z": -0.06
        },
        "rotation": {
          "x": 90,
          "y": 0,
          "z": -45
        },
        "scale": 0.5
      }
    }
  },
  "attributes": {
    "onshelfTransform": {
      "translation": {
        "x": 0,
        "y": -0.7,
        "z": -0.06
      },
      "rotation": {
        "x": 95,
        "y": 0,
        "z": 0
      },
      "scale": 0.5
    }
  },


  "fpHandTransform": {
    "translation": {
      "x": 0.15,
      "y": -0.5,
      "z": 0
    },
    "rotation": {
      "x": -25,
      "y": -17,
      "z": -16
    },
    "origin": {
      "x": 0.5,
      "y": 0.5,
      "z": 0.1
    },
    "scale": 2.55
  },
  "tpHandTransform": {
    "translation": {
      "x": 0,
      "y": 0,
      "z": 0
    },
    "rotation": {
      "x": 5,
      "y": 180,
      "z": 1
    },
    "origin": {
      "x": -0.8,
      "y": -1.47,
      "z": -0.39
    },
    "scale": 0.65
  },
  "groundTransform": {
    "translation": {
      "x": 0,
      "y": 0,
      "z": 0
    },
    "rotation": {
      "x": 90,
      "y": 0,
      "z": 2
    },
    "origin": {
      "x": 0.5,
      "y": 0.5,
      "z": 0.08
    },
    "scale": 3.2
  },
  "guiTransform": {
    "translation": {
      "x": 0,
      "y": 0,
      "z": 0
    },
    "rotation": {
      "x": 42,
      "y": 34,
      "z": -33
    },
    "origin": {
      "x": 0.53,
      "y": 0.55,
      "z": 0
    },
    "scale": 2.45
  }
}
