{
  "code": "temporalfragment",
  "class": "ItemTemporalFragmentRM",
  "enabled": true,

  "storageFlags": 131073,

  "creativeinventory": {
    "general": [ "*" ],
    "items": [ "*" ],
    "rustboundmagic": [ "*" ]
  },

  "maxstacksize": 64,
  "materialDensity": 1200,

  "shapebytype": {
    "*": {
      "base": "items/temporalfragment"
    }
  },
  "texturesByType": {
    "*": {
      "default": { "base": "default" },
      "rust-solid": { "base": "items/rust-solid" },
      "rustyglow-solid": { "base": "game:block/machine/statictranslocator/rustyglow" }
    }
  },

  "attributesByType": {
    "*": {
      "displaycaseable": true,
      "onDisplayTransform": {
        "translation": {
          "x": 0,
          "y": -0.125,
          "z": 0
        },
        "scale": 0.75
      },
      "shelvable": true,
      "onshelfTransform": {
        "translation": {
          "x": 0,
          "y": -0.125,
          "z": 0
        },
        "scale": 0.75
      },
      "handbook": {
        "extraSections": [
          {
            "title": "game:Obtained by killing",
            "text": "rustboundmagic:handbook-anycreaturewithelementalmodifiers-text"
          },
          {
            "title": "game:Created by",
            "text": "rustboundmagic:handbook-ritualsandsynthesis-text"
          }
        ]
      }
    }
  },

  "guiTransform": {
    "translation": {
      "x": 0,
      "y": 0,
      "z": 0
    },
    "rotation": {
      "x": 151,
      "y": 0,
      "z": 0
    },
    "origin": {
      "x": 0.485,
      "y": 0.05,
      "z": 0.5
    },
    "scale": 6
  },
  "fpHandTransform": {
    "translation": {
      "x": -0.05,
      "y": 0.2,
      "z": 0
    },
    "rotation": {
      "x": 5,
      "y": 100,
      "z": 0
    },
    "origin": {
      "x": 0.5,
      "y": -0.13,
      "z": 0.5
    },
    "scale": 3.4
  },
  "tpHandTransform": {
    "translation": {
      "x": -0.87,
      "y": -0.11,
      "z": -0.7
    },
    "rotation": {
      "x": -41,
      "y": -29,
      "z": -60
    },
    "origin": {
      "x": 0.5,
      "y": 0.09,
      "z": 0.5
    },
    "scale": 0.75
  },
  "groundTransform": {
    "translation": {
      "x": 0,
      "y": 0,
      "z": 0
    },
    "rotation": {
      "x": 0,
      "y": 0,
      "z": 0
    },
    "origin": {
      "x": 0.5,
      "y": 0,
      "z": 0.5
    },
    "scale": 4.5
  }
}
