{
	"code": "creature",
	"class": "ItemCreature",
	"maxstacksize": 32,
	"variantgroups": [
		{"code": "type","states": ["acanthisittidae-egg-acanthisittachloris-raw","acanthisittidae-egg-dendroscansordecurvirostris-raw","acanthisittidae-egg-pachyplichasjagmi-raw","acanthisittidae-egg-pachyplichasyaldwyni-raw","acanthisittidae-egg-traversialyalli-raw","acanthisittidae-egg-xenicusgilviventris-raw","acanthisittidae-egg-xenicuslongipes-raw","aegothelidae-egg-aegothelesnovaezealandiae-raw","anatidae-egg-anasaucklandica-raw","anatidae-egg-anaschlorotis-raw","anatidae-egg-anasnesiotis-raw","anatidae-egg-chenonettafinschi-raw","anatidae-egg-cnemiorniscalcitrans-raw","anatidae-egg-cnemiornisgracilis-raw","apterygidae-egg-apteryxaustralis-raw","apterygidae-egg-apteryxhaastii-raw","apterygidae-egg-apteryxmantelli-raw","apterygidae-egg-apteryxowenii-raw","apterygidae-egg-apteryxrowi-raw","aptornithidae-egg-aptornisdefossor-raw","aptornithidae-egg-aptornisotidiformis-raw","dinornithidae-egg-dinornisnovaezealandiae-raw","dinornithidae-egg-dinornisrobustus-raw","strigopidae-egg-strigopshabroptila-raw"	]}
		
		],

	"shapeByType": {
		"*-acanthisittidae-egg-*": {"base": "entity/land/acanthisittidae/egg"},
		"*-egg-aegothelesnovaezealandiae-*": {"base": "entity/land/aegothelidae/egg"},
		"*-anatidae-egg-*": {"base": "entity/land/anatidae/egg"},
		"*-apterygidae-egg-*": {"base": "entity/land/dinornithidae/egg"},
		"*-egg-aptornisdefossor-*": {"base": "entity/land/aptornithidae/egg"},
		"*-egg-aptornisotidiformis-*": {"base": "entity/land/aptornithidae/egg"},
		"*-egg-dinornisnovaezealandiae-*": {"base": "entity/land/dinornithidae/egg"},
		"*-egg-dinornisrobustus-*": {"base": "entity/land/dinornithidae/egg"},
		"*-egg-strigopshabroptila-*": {"base": "entity/land/strigopidae/egg"}
	},
	"texturesByType": {
		"*-acanthisittidae-egg-*": {"skin": { "base": "entity/acanthisittidae/acanthisittidae-egg"}},
		"*-egg-aegothelesnovaezealandiae-*": {"skin": { "base": "game:block/creature/bone-yellow" }},
		"*-anatidae-egg-*": {"skin": { "base": "game:block/creature/bone-yellow" }},
		"*-apterygidae-egg-*": {"skin": { "base": "game:block/creature/bone-yellow" }},
		"*-egg-aptornisdefossor-*": {"skin": { "base": "entity/aptornithidae/aptornisdefossor-egg" }},
		"*-egg-aptornisotidiformis-*": {"skin": { "base": "entity/aptornithidae/aptornisdefossor-egg" }},
		"*-egg-dinornisnovaezealandiae-*": {"skin": { "base": "game:block/creature/bone-yellow" }},
		"*-egg-dinornisrobustus-*": {"skin": { "base": "game:block/creature/bone-yellow" }},
		"*-egg-strigopshabroptila-*": {"skin": { "base": "game:block/fat" }}
	},
	
	
	
	
	"creativeinventory": { "general": ["*"], "items": ["*"], "creatures": ["*"] },
	"attributes": {
		"foodTags": "egg",
		"nutritionPropsWhenInMealByType": {
		"*-acanthisittidae-*": {"satiety": 5,"foodcategory": "Protein"},
		"*-aegothelesnovaezealandiae-*": {"satiety": 100,"foodcategory": "Protein"},
		"*-anasaucklandica-*": {"satiety": 100,"foodcategory": "Protein"},
		"*-anaschlorotis-*": {"satiety": 100,"foodcategory": "Protein"},
		"*-anasnesiotis-*": {"satiety": 100,"foodcategory": "Protein"},
		"*-chenonettafinschi-*": {"satiety": 200,"foodcategory": "Protein"},
		"*-cnemiorniscalcitrans-*": {"satiety": 500,"foodcategory": "Protein"},
		"*-cnemiornisgracilis-*": {"satiety": 500,"foodcategory": "Protein"},
		"*-apteryxmantelli-*": {"satiety": 300,"foodcategory": "Protein"},
		"*-apteryxowenii-*": {"satiety": 300,"foodcategory": "Protein"},
		"*-apterygidae-*": {"satiety": 700,"foodcategory": "Protein"},
		"*-aptornisdefossor-*": {"satiety": 200,"foodcategory": "Protein"},
		"*-aptornisotidiformis-*": {"satiety": 200,"foodcategory": "Protein"},
		"*-dinornisnovaezealandiae-*": {"satiety": 5000,"foodcategory": "Protein"},
		"*-dinornisrobustus-*": {"satiety": 5000,"foodcategory": "Protein"},
		"*-strigopshabroptila-*": {"satiety": 200,"foodcategory": "Protein"}
    },
	"nutritionPropsByType": {
		"*-acanthisittidae-*-*-boiled": {"satiety": 4,"foodcategory": "Protein"},
		"*-aegothelesnovaezealandiae-boiled": {"satiety": 80,"foodcategory": "Protein"},
		"*-anasaucklandica-*": {"satiety": 80,"foodcategory": "Protein"},
		"*-anaschlorotis-*": {"satiety": 80,"foodcategory": "Protein"},
		"*-anasnesiotis-*": {"satiety": 80,"foodcategory": "Protein"},
		"*-chenonettafinschi-*": {"satiety": 160,"foodcategory": "Protein"},
		"*-cnemiorniscalcitrans-*": {"satiety": 400,"foodcategory": "Protein"},
		"*-cnemiornisgracilis-*": {"satiety": 400,"foodcategory": "Protein"},
		"*-apteryxmantelli-boiled": {"satiety": 240,"foodcategory": "Protein"},
		"*-apteryxowenii-boiled": {"satiety": 240,"foodcategory": "Protein"},
		"*-apterygidae-*-*-boiled": {"satiety": 560,"foodcategory": "Protein"},
		"*-aptornisdefossor-boiled": {"satiety": 160,"foodcategory": "Protein"},
		"*-aptornisotidiformis-boiled": {"satiety": 160,"foodcategory": "Protein"},
		"*-dinornisnovaezealandiae-boiled": {"satiety": 4000,"foodcategory": "Protein"},
		"*-dinornisrobustus-boiled": {"satiety": 4000,"foodcategory": "Protein"},
		"*-strigopshabroptila-boiled": {"satiety": 160,"foodcategory": "Protein"}
	}},
	"materialDensity": 200,
	"guiTransformByType": {
		
		"*": {
			"rotate": true,
			"translation": { "x": 3, "y": 0, "z": 0 },
			"rotation": { "x": -11, "y": -52, "z": -180 },
			"origin": { "x": 0.5, "y": 0.15, "z": 0.5 },
			"scale": 2.25
		}},	
	"transitionableProps": [{
		"type": "Perish",
		"freshHours": { "avg": 120 },
		"transitionHours": { "avg": 24 },
		"transitionedStack": { "type": "item", "code": "game:rot" },
		"transitionRatio": 0.5
	}]}
	

	
	
	
	




