{
	code: "omnichute",
	class: "BlockOmniChute",
  entityclass: "ItemFlow",
	behaviors: [
		{ name: "Lockable" }
	],

	attributes: {
		"pullFacesByType": {
			"*-nsewud": ["up"],
		},
		"pushFacesByType": {
			"*-nsewud": ["down", "north", "south", "east", "west"]
		},
		"acceptFromFacesByType": {
			"*-nsewud": ["north", "south", "east", "west"]
		},
		"item-flowrate": 1,
		"inventoryClassName": "chute",
		"quantitySlots": 1,
		handbook: {
			groupBy: ["omnichute-*"]
		}
	},
	variantgroups: [
		{ code: "type", states: [ "nsewud"] }
	],
	creativeinventory: { "general": ["omnichute-ns"] },
	shapebytype: {
		"*-nsewud": { base: "game:block/metal/chute/6way"}
	},
	drawtype: "JSON",
	blockmaterial: "Metal",
	textures: {
		all: { base: "game:block/metal/sheet/copper1" },
	},
	sidesolid: {
		all: false
	},
	sideopaque: {
		all: false
	},
	replaceable: 160,
	resistance: 1.75,
	lightAbsorption: 0,
	sounds: {
		"place": "game:block/chute",
		"break": "game:block/chute",
		"hit": "game:block/chute",
		"walk": "game:walk/stone"
	},
	guiTransform: {
		scale: 1.22
	}
}
