{
	"editor": {
		"allAngles": false,
		"entityTextureMode": true
	},
	"textureWidth": 28,
	"textureHeight": 24,
	"textureSizes": {
	},
	"elements": [
		{
			"name": "Body",
			"from": [ -0.45, 3.3216, 5.15 ],
			"to": [ 15.466, 7.6736, 10.686 ],
			"autoUnwrap": false,
			"uv": [ 1.0, 7.0 ],
			"rotationOrigin": [ 6.472, 3.3216, 7.872 ],
			"faces": {
				"north": { "texture": "#skin", "uv": [ 11.5, 4.0, 0.0, 7.0 ], "autoUv": false, "windMode": [-1,-1,-1,-1] },
				"east": { "texture": "#skin", "uv": [ 11.5, 4.0, 15.5, 7.0 ], "autoUv": false },
				"south": { "texture": "#skin", "uv": [ 0.0, 4.0, 11.5, 7.0 ], "autoUv": false, "windMode": [-1,-1,-1,-1] },
				"west": { "texture": "#skin", "uv": [ 11.5, 4.0, 15.5, 7.0 ], "autoUv": false },
				"up": { "texture": "#skin", "uv": [ 0.0, 0.0, 11.5, 4.0 ], "autoUv": false, "windMode": [-1,-1,-1,-1] },
				"down": { "texture": "#skin", "uv": [ 11.5, 0.0, 23.0, 4.0 ], "autoUv": false }
			},
			"children": [
				{
					"name": "Neck",
					"from": [ -3.114, 0.2491, 1.0795 ],
					"to": [ 1.5916, 4.1105, 4.4703 ],
					"autoUnwrap": false,
					"uv": [ 17.0, 20.5 ],
					"rotationOrigin": [ 0.0, 0.4498, 3.1486 ],
					"faces": {
						"north": { "texture": "#skin", "uv": [ 17.5, 17.0, 21.5, 19.0 ], "autoUv": false, "windMode": [-1,-1,-1,-1] },
						"east": { "texture": "#skin", "uv": [ 22.5, 7.0, 25.5, 9.0 ], "autoUv": false },
						"south": { "texture": "#skin", "uv": [ 17.5, 17.0, 21.5, 19.0 ], "autoUv": false, "windMode": [-1,-1,-1,-1] },
						"west": { "texture": "#skin", "uv": [ 22.5, 7.0, 25.5, 9.0 ], "autoUv": false },
						"up": { "texture": "#skin", "uv": [ 0.0, 13.5, 4.0, 16.5 ], "autoUv": false },
						"down": { "texture": "#skin", "uv": [ 4.0, 13.5, 8.0, 16.5 ], "autoUv": false }
					},
					"children": [
						{
							"name": "Head",
							"from": [ -2.2836, 1.0934, 0.1522 ],
							"to": [ 0.5536, 3.5569, 3.2316 ],
							"autoUnwrap": false,
							"uv": [ 1.0, 15.0 ],
							"rotationOrigin": [ 0.8304, 3.4254, 2.2317 ],
							"faces": {
								"north": { "texture": "#skin", "uv": [ 9.0, 7.0, 6.0, 9.5 ], "autoUv": false, "windMode": [-1,-1,-1,-1] },
								"east": { "texture": "#skin", "uv": [ 9.0, 7.0, 12.5, 9.5 ], "autoUv": false },
								"south": { "texture": "#skin", "uv": [ 6.0, 7.0, 9.0, 9.5 ], "autoUv": false, "windMode": [-1,-1,-1,-1] },
								"west": { "texture": "#skin", "uv": [ 9.0, 7.0, 12.5, 9.5 ], "autoUv": false },
								"up": { "texture": "#skin", "uv": [ 0.0, 7.0, 3.0, 10.5 ], "autoUv": false },
								"down": { "texture": "#skin", "uv": [ 3.0, 7.0, 6.0, 10.5 ], "autoUv": false }
							},
							"children": [
								{
									"name": "LowerJaw",
									"from": [ -2.3528, -0.4014, 0.1246 ],
									"to": [ 2.422, 0.3875, 2.9618 ],
									"autoUnwrap": false,
									"uv": [ 0.0, 12.0 ],
									"rotationOrigin": [ -0.2768, 0.1038, 1.9376 ],
									"faces": {
										"north": { "texture": "#skin", "uv": [ 9.0, 9.5, 12.0, 10.0 ], "autoUv": false },
										"east": { "texture": "#skin", "uv": [ 9.0, 9.5, 12.0, 10.0 ], "autoUv": false },
										"south": { "texture": "#skin", "uv": [ 9.0, 9.5, 12.0, 10.0 ], "autoUv": false },
										"west": { "texture": "#skin", "uv": [ 9.0, 9.5, 12.0, 10.0 ], "autoUv": false },
										"up": { "texture": "#skin", "uv": [ 0.0, 10.5, 3.0, 13.5 ], "autoUv": false },
										"down": { "texture": "#skin", "uv": [ 3.0, 10.5, 6.0, 13.5 ], "autoUv": false }
									}
								},
								{
									"name": "UpperJaw",
									"from": [ -2.4912, 0.3875, 0.1246 ],
									"to": [ 1.038, 2.3424, 2.9618 ],
									"autoUnwrap": false,
									"uv": [ 20.5, 13.5 ],
									"rotationOrigin": [ -2.4912, 0.8996, -0.1384 ],
									"faces": {
										"north": { "texture": "#skin", "uv": [ 6.0, 16.5, 3.0, 18.0 ], "autoUv": false },
										"east": { "texture": "#skin", "uv": [ 20.0, 9.5, 23.0, 11.0 ], "autoUv": false },
										"south": { "texture": "#skin", "uv": [ 3.0, 16.5, 6.0, 18.0 ], "autoUv": false, "windMode": [-1,-1,-1,-1] },
										"west": { "texture": "#skin", "uv": [ 20.0, 9.5, 23.0, 11.0 ], "autoUv": false },
										"up": { "texture": "#skin", "uv": [ 0.0, 16.5, 3.0, 19.5 ], "autoUv": false },
										"down": { "texture": "#skin", "uv": [ 6.0, 17.0, 9.0, 20.0 ], "autoUv": false }
									}
								},
								{
									"name": "LeftEye",
									"from": [ 0.519, 1.4532, 2.422 ],
									"to": [ 1.2975, 2.2317, 3.1832 ],
									"unwrapMode": 1,
									"autoUnwrap": false,
									"uv": [ 10.0, 17.0 ],
									"rotationOrigin": [ 1.038, 2.076, 3.0448 ],
									"faces": {
										"north": { "texture": "#skin", "uv": [ 11.5, 18.0, 11.0, 18.5 ], "autoUv": false, "windMode": [-1,-1,-1,-1] },
										"east": { "texture": "#skin", "uv": [ 10.0, 18.0, 11.0, 18.5 ], "autoUv": false },
										"south": { "texture": "#skin", "uv": [ 12.5, 17.5, 13.5, 18.5 ], "rotation": 180, "autoUv": false, "windMode": [-1,-1,-1,-1] },
										"west": { "texture": "#skin", "uv": [ 11.5, 18.0, 12.5, 18.5 ], "autoUv": false },
										"up": { "texture": "#skin", "uv": [ 11.0, 17.0, 11.5, 18.0 ], "rotation": 180, "autoUv": false },
										"down": { "texture": "#skin", "uv": [ 11.0, 18.5, 11.5, 19.5 ], "autoUv": false }
									}
								},
								{
									"name": "RightEye",
									"from": [ 0.519, 1.4532, -0.0969 ],
									"to": [ 1.2975, 2.2317, 0.9411 ],
									"unwrapMode": 1,
									"autoUnwrap": false,
									"uv": [ 10.0, 17.0 ],
									"rotationOrigin": [ 1.038, 2.076, 0.519 ],
									"faces": {
										"north": { "texture": "#skin", "uv": [ 12.5, 17.5, 13.5, 18.5 ], "autoUv": false },
										"east": { "texture": "#skin", "uv": [ 10.0, 18.0, 11.0, 18.5 ], "autoUv": false },
										"south": { "texture": "#skin", "uv": [ 11.0, 18.0, 11.5, 18.5 ], "autoUv": false },
										"west": { "texture": "#skin", "uv": [ 11.5, 18.0, 12.5, 18.5 ], "autoUv": false },
										"up": { "texture": "#skin", "uv": [ 11.0, 17.0, 11.5, 18.0 ], "rotation": 180, "autoUv": false },
										"down": { "texture": "#skin", "uv": [ 11.0, 18.5, 11.5, 19.5 ], "autoUv": false }
									}
								}
							]
						}
					]
				},
				{
					"name": "RFShoulder",
					"from": [ 1.384, -0.1384, 0.0 ],
					"to": [ 3.46, 1.2456, 0.0 ],
					"uv": [ 6.0, 9.5 ],
					"rotationOrigin": [ 2.422, -0.1384, 0.0 ],
					"faces": {
						"north": { "texture": "#skin", "uv": [ 6.0, 10.0, 7.5, 11.0 ], "autoUv": false },
						"east": { "texture": "#skin", "uv": [ 7.5, 10.0, 8.0, 11.0 ], "autoUv": false },
						"south": { "texture": "#skin", "uv": [ 8.0, 10.0, 9.5, 11.0 ], "autoUv": false },
						"west": { "texture": "#skin", "uv": [ 9.5, 10.0, 10.0, 11.0 ], "autoUv": false },
						"up": { "texture": "#skin", "uv": [ 6.0, 9.5, 7.5, 10.0 ], "autoUv": false },
						"down": { "texture": "#skin", "uv": [ 7.5, 9.5, 9.0, 10.0 ], "autoUv": false }
					},
					"children": [
						{
							"name": "RFLegUpper",
							"from": [ 0.0, 0.1384, -3.46 ],
							"to": [ 2.4912, 1.7992, 0.692 ],
							"autoUnwrap": false,
							"uv": [ 12.5, 7.5 ],
							"rotationOrigin": [ 0.692, 1.5224, 0.692 ],
							"rotationX": -15.0,
							"faces": {
								"north": { "texture": "#skin", "uv": [ 11.0, 10.0, 12.5, 11.0 ], "autoUv": false },
								"east": { "texture": "#skin", "uv": [ 12.5, 10.0, 15.5, 11.0 ], "autoUv": false },
								"south": { "texture": "#skin", "uv": [ 15.5, 10.0, 17.0, 11.0 ], "autoUv": false },
								"west": { "texture": "#skin", "uv": [ 17.0, 10.0, 20.0, 11.0 ], "autoUv": false },
								"up": { "texture": "#skin", "uv": [ 12.5, 7.0, 14.0, 10.0 ], "autoUv": false },
								"down": { "texture": "#skin", "uv": [ 14.0, 7.0, 15.5, 10.0 ], "autoUv": false }
							},
							"children": [
								{
									"name": "RFLegLower",
									"from": [ 0.0415, 0.0, -2.768 ],
									"to": [ 2.4635, 1.5224, 0.0 ],
									"uv": [ 8.0, 12.5 ],
									"rotationOrigin": [ 0.692, 1.384, 0.0 ],
									"rotationX": -55.0,
									"faces": {
										"north": { "texture": "#skin", "uv": [ 8.0, 14.5, 9.5, 15.5 ], "autoUv": false },
										"east": { "texture": "#skin", "uv": [ 9.5, 14.5, 11.5, 15.5 ], "autoUv": false },
										"south": { "texture": "#skin", "uv": [ 11.5, 14.5, 13.0, 15.5 ], "autoUv": false },
										"west": { "texture": "#skin", "uv": [ 13.0, 14.5, 15.0, 15.5 ], "autoUv": false, "windMode": [-1,-1,-1,-1] },
										"up": { "texture": "#skin", "uv": [ 8.0, 12.5, 9.5, 14.5 ], "autoUv": false, "windMode": [-1,-1,-1,-1] },
										"down": { "texture": "#skin", "uv": [ 9.5, 12.5, 11.0, 14.5 ], "autoUv": false }
									},
									"children": [
										{
											"name": "RFFoot",
											"from": [ 0.0, 0.611, -1.0253 ],
											"to": [ 2.4912, 1.1646, 0.4971 ],
											"uv": [ 12.0, 18.5 ],
											"rotationOrigin": [ 0.6851, 0.611, -0.3359 ],
											"rotationX": 70.0,
											"faces": {
												"north": { "texture": "#skin", "uv": [ 12.0, 19.5, 13.5, 20.0 ], "autoUv": false },
												"east": { "texture": "#skin", "uv": [ 13.5, 19.5, 14.5, 20.0 ], "autoUv": false },
												"south": { "texture": "#skin", "uv": [ 14.5, 19.5, 16.0, 20.0 ], "autoUv": false },
												"west": { "texture": "#skin", "uv": [ 16.0, 19.5, 17.0, 20.0 ], "autoUv": false },
												"up": { "texture": "#skin", "uv": [ 12.0, 18.5, 13.5, 19.5 ], "autoUv": false },
												"down": { "texture": "#skin", "uv": [ 13.5, 18.5, 15.0, 19.5 ], "autoUv": false }
											},
											"children": [
												{
													"name": "RFClaws",
													"from": [ -0.72, -0.3598, -0.5674 ],
													"to": [ 2.4784, 0.8858, 2.2006 ],
													"autoUnwrap": false,
													"uv": [ 22.0, 15.5 ],
													"rotationOrigin": [ -0.0152, -0.356, -0.5727 ],
													"faces": {
														"north": { "texture": "#skin", "uv": [ 23.0, 4.0, 26.0, 5.0 ] },
														"east": { "texture": "#skin", "uv": [ 23.0, 5.0, 25.5, 6.0 ] },
														"south": { "texture": "#skin", "uv": [ 23.0, 4.0, 26.0, 5.0 ] },
														"west": { "texture": "#skin", "uv": [ 23.0, 6.0, 25.5, 7.0 ], "windMode": [-1,-1,-1,-1] },
														"up": { "texture": "#skin", "uv": [ 17.0, 4.0, 20.0, 6.5 ], "rotation": 180, "windMode": [-1,-1,-1,-1] },
														"down": { "texture": "#skin", "uv": [ 20.0, 4.0, 23.0, 6.5 ], "rotation": 180, "windMode": [-1,-1,-1,-1] }
													}
												}
											]
										}
									]
								}
							]
						}
					]
				},
				{
					"name": "RBShoulder",
					"from": [ 13.4248, -0.1384, 0.0 ],
					"to": [ 15.5008, 1.2456, 0.0 ],
					"uv": [ 6.0, 9.5 ],
					"rotationOrigin": [ 14.4628, -0.1384, 0.0 ],
					"faces": {
						"north": { "texture": "#skin", "uv": [ 6.0, 10.0, 7.5, 11.0 ], "autoUv": false },
						"east": { "texture": "#skin", "uv": [ 7.5, 10.0, 8.0, 11.0 ], "autoUv": false },
						"south": { "texture": "#skin", "uv": [ 8.0, 10.0, 9.5, 11.0 ], "autoUv": false },
						"west": { "texture": "#skin", "uv": [ 9.5, 10.0, 10.0, 11.0 ], "autoUv": false },
						"up": { "texture": "#skin", "uv": [ 6.0, 9.5, 7.5, 10.0 ], "autoUv": false },
						"down": { "texture": "#skin", "uv": [ 7.5, 9.5, 9.0, 10.0 ], "autoUv": false }
					},
					"children": [
						{
							"name": "RBLegUpper",
							"from": [ -0.1038, 0.1384, -3.46 ],
							"to": [ 2.3874, 1.7992, 0.692 ],
							"autoUnwrap": false,
							"uv": [ 12.5, 7.5 ],
							"rotationOrigin": [ 0.692, 1.5224, 0.692 ],
							"rotationX": -15.0,
							"faces": {
								"north": { "texture": "#skin", "uv": [ 11.0, 10.0, 12.5, 11.0 ], "autoUv": false },
								"east": { "texture": "#skin", "uv": [ 12.5, 10.0, 15.5, 11.0 ], "autoUv": false },
								"south": { "texture": "#skin", "uv": [ 15.5, 10.0, 17.0, 11.0 ], "autoUv": false },
								"west": { "texture": "#skin", "uv": [ 17.0, 10.0, 20.0, 11.0 ], "autoUv": false },
								"up": { "texture": "#skin", "uv": [ 12.5, 7.0, 14.0, 10.0 ], "autoUv": false },
								"down": { "texture": "#skin", "uv": [ 14.0, 7.0, 15.5, 10.0 ], "autoUv": false }
							},
							"children": [
								{
									"name": "RBLegLower",
									"from": [ 0.0346, 0.0, -2.768 ],
									"to": [ 2.4566, 1.5224, 0.0 ],
									"uv": [ 8.0, 12.5 ],
									"rotationOrigin": [ 0.692, 1.384, 0.0 ],
									"rotationX": -55.0,
									"faces": {
										"north": { "texture": "#skin", "uv": [ 8.0, 14.5, 9.5, 15.5 ], "autoUv": false },
										"east": { "texture": "#skin", "uv": [ 9.5, 14.5, 11.5, 15.5 ], "autoUv": false },
										"south": { "texture": "#skin", "uv": [ 11.5, 14.5, 13.0, 15.5 ], "autoUv": false },
										"west": { "texture": "#skin", "uv": [ 13.0, 14.5, 15.0, 15.5 ], "autoUv": false, "windMode": [-1,-1,-1,-1] },
										"up": { "texture": "#skin", "uv": [ 8.0, 12.5, 9.5, 14.5 ], "autoUv": false },
										"down": { "texture": "#skin", "uv": [ 9.5, 12.5, 11.0, 14.5 ], "autoUv": false }
									},
									"children": [
										{
											"name": "RBFoot",
											"from": [ 0.0, 0.6036, -0.8921 ],
											"to": [ 2.4912, 1.1572, 0.6303 ],
											"uv": [ 12.0, 18.5 ],
											"rotationOrigin": [ 0.692, 0.6036, -0.1947 ],
											"rotationX": 70.0,
											"faces": {
												"north": { "texture": "#skin", "uv": [ 12.0, 19.5, 13.5, 20.0 ], "autoUv": false },
												"east": { "texture": "#skin", "uv": [ 13.5, 19.5, 14.5, 20.0 ], "autoUv": false },
												"south": { "texture": "#skin", "uv": [ 14.5, 19.5, 16.0, 20.0 ], "autoUv": false },
												"west": { "texture": "#skin", "uv": [ 16.0, 19.5, 17.0, 20.0 ], "autoUv": false },
												"up": { "texture": "#skin", "uv": [ 12.0, 18.5, 13.5, 19.5 ], "autoUv": false },
												"down": { "texture": "#skin", "uv": [ 13.5, 18.5, 15.0, 19.5 ], "autoUv": false }
											},
											"children": [
												{
													"name": "RBClaws",
													"from": [ -0.75, -0.4844, -0.6228 ],
													"to": [ 2.4484, 0.7612, 2.1452 ],
													"autoUnwrap": false,
													"uv": [ 23.0, 7.5 ],
													"rotationOrigin": [ -0.0498, -0.4859, -0.62 ],
													"faces": {
														"north": { "texture": "#skin", "uv": [ 23.0, 4.0, 26.0, 5.0 ], "windMode": [-1,-1,-1,-1] },
														"east": { "texture": "#skin", "uv": [ 23.0, 5.0, 25.5, 6.0 ] },
														"south": { "texture": "#skin", "uv": [ 23.0, 4.0, 26.0, 5.0 ], "windMode": [-1,-1,-1,-1] },
														"west": { "texture": "#skin", "uv": [ 23.0, 6.0, 25.5, 7.0 ], "windMode": [-1,-1,-1,-1] },
														"up": { "texture": "#skin", "uv": [ 17.0, 4.0, 20.0, 6.5 ], "rotation": 180, "windMode": [-1,-1,-1,-1] },
														"down": { "texture": "#skin", "uv": [ 20.0, 4.0, 23.0, 6.5 ], "rotation": 180, "windMode": [-1,-1,-1,-1] }
													}
												}
											]
										}
									]
								}
							]
						}
					]
				},
				{
					"name": "LBShoulder",
					"from": [ 13.4248, -0.1384, 5.536 ],
					"to": [ 15.5008, 1.2456, 5.536 ],
					"uv": [ 6.0, 9.5 ],
					"rotationOrigin": [ 14.4628, -0.1384, 5.536 ],
					"faces": {
						"north": { "texture": "#skin", "uv": [ 6.0, 10.0, 7.5, 11.0 ], "autoUv": false },
						"east": { "texture": "#skin", "uv": [ 7.5, 10.0, 8.0, 11.0 ], "autoUv": false },
						"south": { "texture": "#skin", "uv": [ 8.0, 10.0, 9.5, 11.0 ], "autoUv": false },
						"west": { "texture": "#skin", "uv": [ 9.5, 10.0, 10.0, 11.0 ], "autoUv": false },
						"up": { "texture": "#skin", "uv": [ 6.0, 9.5, 7.5, 10.0 ], "autoUv": false },
						"down": { "texture": "#skin", "uv": [ 7.5, 9.5, 9.0, 10.0 ], "autoUv": false }
					},
					"children": [
						{
							"name": "LBLegUpper",
							"from": [ -0.1038, 0.1384, -0.692 ],
							"to": [ 2.3874, 1.7992, 3.46 ],
							"autoUnwrap": false,
							"uv": [ 12.5, 7.5 ],
							"rotationOrigin": [ 0.692, 1.5224, -0.692 ],
							"rotationX": 15.0,
							"faces": {
								"north": { "texture": "#skin", "uv": [ 11.0, 10.0, 12.5, 11.0 ], "autoUv": false },
								"east": { "texture": "#skin", "uv": [ 12.5, 10.0, 15.5, 11.0 ], "autoUv": false },
								"south": { "texture": "#skin", "uv": [ 15.5, 10.0, 17.0, 11.0 ], "autoUv": false },
								"west": { "texture": "#skin", "uv": [ 17.0, 10.0, 20.0, 11.0 ], "autoUv": false },
								"up": { "texture": "#skin", "uv": [ 12.5, 7.0, 14.0, 10.0 ], "autoUv": false },
								"down": { "texture": "#skin", "uv": [ 14.0, 7.0, 15.5, 10.0 ], "autoUv": false }
							},
							"children": [
								{
									"name": "LBLegLower",
									"from": [ 0.0346, 0.0, 4.152 ],
									"to": [ 2.4566, 1.5224, 6.92 ],
									"uv": [ 8.0, 12.5 ],
									"rotationOrigin": [ 0.692, 1.384, 4.152 ],
									"rotationX": 55.0,
									"faces": {
										"north": { "texture": "#skin", "uv": [ 8.0, 14.5, 9.5, 15.5 ], "autoUv": false },
										"east": { "texture": "#skin", "uv": [ 9.5, 14.5, 11.5, 15.5 ], "autoUv": false },
										"south": { "texture": "#skin", "uv": [ 11.5, 14.5, 13.0, 15.5 ], "autoUv": false },
										"west": { "texture": "#skin", "uv": [ 13.0, 14.5, 15.0, 15.5 ], "autoUv": false },
										"up": { "texture": "#skin", "uv": [ 8.0, 12.5, 9.5, 14.5 ], "autoUv": false },
										"down": { "texture": "#skin", "uv": [ 9.5, 12.5, 11.0, 14.5 ], "autoUv": false }
									},
									"children": [
										{
											"name": "LBFoot",
											"from": [ 0.0, 0.5143, 2.311 ],
											"to": [ 2.4912, 1.0679, 3.8334 ],
											"uv": [ 12.0, 18.5 ],
											"rotationOrigin": [ 0.692, 0.5143, 3.0055 ],
											"rotationX": -70.0,
											"faces": {
												"north": { "texture": "#skin", "uv": [ 12.0, 19.5, 13.5, 20.0 ], "autoUv": false },
												"east": { "texture": "#skin", "uv": [ 13.5, 19.5, 14.5, 20.0 ], "autoUv": false },
												"south": { "texture": "#skin", "uv": [ 14.5, 19.5, 16.0, 20.0 ], "autoUv": false },
												"west": { "texture": "#skin", "uv": [ 16.0, 19.5, 17.0, 20.0 ], "autoUv": false },
												"up": { "texture": "#skin", "uv": [ 12.0, 18.5, 13.5, 19.5 ], "autoUv": false },
												"down": { "texture": "#skin", "uv": [ 13.5, 18.5, 15.0, 19.5 ], "autoUv": false }
											},
											"children": [
												{
													"name": "LBClaws",
													"from": [ -0.75, -0.4152, -0.692 ],
													"to": [ 2.4484, 0.8304, 2.076 ],
													"autoUnwrap": false,
													"uv": [ 19.5, 8.0 ],
													"rotationOrigin": [ -0.0498, -0.4152, -0.692 ],
													"faces": {
														"north": { "texture": "#skin", "uv": [ 23.0, 4.0, 26.0, 5.0 ] },
														"east": { "texture": "#skin", "uv": [ 23.0, 5.0, 25.5, 6.0 ] },
														"south": { "texture": "#skin", "uv": [ 23.0, 4.0, 26.0, 5.0 ] },
														"west": { "texture": "#skin", "uv": [ 23.0, 6.0, 25.5, 7.0 ], "windMode": [-1,-1,-1,-1] },
														"up": { "texture": "#skin", "uv": [ 17.0, 4.0, 20.0, 6.5 ], "rotation": 180, "windMode": [-1,-1,-1,-1] },
														"down": { "texture": "#skin", "uv": [ 20.0, 4.0, 23.0, 6.5 ], "rotation": 180, "windMode": [-1,-1,-1,-1] }
													}
												}
											]
										}
									]
								}
							]
						}
					]
				},
				{
					"name": "LFShoulder",
					"from": [ 1.384, -0.1384, 5.536 ],
					"to": [ 3.46, 1.2456, 5.536 ],
					"uv": [ 6.0, 9.5 ],
					"rotationOrigin": [ 2.422, -0.1384, 5.536 ],
					"faces": {
						"north": { "texture": "#skin", "uv": [ 6.0, 10.0, 7.5, 11.0 ], "autoUv": false },
						"east": { "texture": "#skin", "uv": [ 7.5, 10.0, 8.0, 11.0 ], "autoUv": false },
						"south": { "texture": "#skin", "uv": [ 8.0, 10.0, 9.5, 11.0 ], "autoUv": false },
						"west": { "texture": "#skin", "uv": [ 9.5, 10.0, 10.0, 11.0 ], "autoUv": false },
						"up": { "texture": "#skin", "uv": [ 6.0, 9.5, 7.5, 10.0 ], "autoUv": false },
						"down": { "texture": "#skin", "uv": [ 7.5, 9.5, 9.0, 10.0 ], "autoUv": false }
					},
					"children": [
						{
							"name": "LFLegUpper",
							"from": [ 0.0, 0.1384, -0.692 ],
							"to": [ 2.4912, 1.7992, 3.46 ],
							"autoUnwrap": false,
							"uv": [ 12.5, 7.5 ],
							"rotationOrigin": [ 0.692, 1.5224, -0.692 ],
							"rotationX": 15.0,
							"faces": {
								"north": { "texture": "#skin", "uv": [ 11.0, 10.0, 12.5, 11.0 ], "autoUv": false },
								"east": { "texture": "#skin", "uv": [ 12.5, 10.0, 15.5, 11.0 ], "autoUv": false },
								"south": { "texture": "#skin", "uv": [ 15.5, 10.0, 17.0, 11.0 ], "autoUv": false },
								"west": { "texture": "#skin", "uv": [ 17.0, 10.0, 20.0, 11.0 ], "autoUv": false },
								"up": { "texture": "#skin", "uv": [ 12.5, 7.0, 14.0, 10.0 ], "autoUv": false, "windMode": [-1,-1,-1,-1] },
								"down": { "texture": "#skin", "uv": [ 14.0, 7.0, 15.5, 10.0 ], "autoUv": false }
							},
							"children": [
								{
									"name": "LFLegLower",
									"from": [ 0.0277, 0.0, 4.152 ],
									"to": [ 2.4497, 1.5224, 6.92 ],
									"uv": [ 8.0, 12.5 ],
									"rotationOrigin": [ 0.692, 1.384, 4.152 ],
									"rotationX": 55.0,
									"faces": {
										"north": { "texture": "#skin", "uv": [ 8.0, 14.5, 9.5, 15.5 ], "autoUv": false },
										"east": { "texture": "#skin", "uv": [ 9.5, 14.5, 11.5, 15.5 ], "autoUv": false, "windMode": [-1,-1,-1,-1] },
										"south": { "texture": "#skin", "uv": [ 11.5, 14.5, 13.0, 15.5 ], "autoUv": false },
										"west": { "texture": "#skin", "uv": [ 13.0, 14.5, 15.0, 15.5 ], "autoUv": false },
										"up": { "texture": "#skin", "uv": [ 8.0, 12.5, 9.5, 14.5 ], "autoUv": false },
										"down": { "texture": "#skin", "uv": [ 9.5, 12.5, 11.0, 14.5 ], "autoUv": false }
									},
									"children": [
										{
											"name": "LFFoot",
											"from": [ 0.0, 0.5143, 2.311 ],
											"to": [ 2.4912, 1.0679, 3.8334 ],
											"uv": [ 12.0, 18.5 ],
											"rotationOrigin": [ 0.692, 0.5143, 3.0055 ],
											"rotationX": -70.0,
											"faces": {
												"north": { "texture": "#skin", "uv": [ 12.0, 19.5, 13.5, 20.0 ], "autoUv": false },
												"east": { "texture": "#skin", "uv": [ 13.5, 19.5, 14.5, 20.0 ], "autoUv": false },
												"south": { "texture": "#skin", "uv": [ 14.5, 19.5, 16.0, 20.0 ], "autoUv": false },
												"west": { "texture": "#skin", "uv": [ 16.0, 19.5, 17.0, 20.0 ], "autoUv": false },
												"up": { "texture": "#skin", "uv": [ 12.0, 18.5, 13.5, 19.5 ], "autoUv": false },
												"down": { "texture": "#skin", "uv": [ 13.5, 18.5, 15.0, 19.5 ], "autoUv": false }
											},
											"children": [
												{
													"name": "LFClaws",
													"from": [ -0.72, -0.5536, -0.5536 ],
													"to": [ 2.4784, 0.692, 2.2144 ],
													"autoUnwrap": false,
													"uv": [ 20.0, 15.5 ],
													"rotationOrigin": [ -0.0152, -0.5536, -0.5536 ],
													"faces": {
														"north": { "texture": "#skin", "uv": [ 23.0, 4.0, 26.0, 5.0 ] },
														"east": { "texture": "#skin", "uv": [ 23.0, 5.0, 25.5, 6.0 ] },
														"south": { "texture": "#skin", "uv": [ 23.0, 4.0, 26.0, 5.0 ] },
														"west": { "texture": "#skin", "uv": [ 23.0, 6.0, 25.5, 7.0 ], "windMode": [-1,-1,-1,-1] },
														"up": { "texture": "#skin", "uv": [ 17.0, 4.0, 20.0, 6.5 ], "rotation": 180, "windMode": [-1,-1,-1,-1] },
														"down": { "texture": "#skin", "uv": [ 20.0, 4.0, 23.0, 6.5 ], "rotation": 180, "windMode": [-1,-1,-1,-1] }
													}
												}
											]
										}
									]
								}
							]
						}
					]
				},
				{
					"name": "Cube2",
					"from": [ 15.8, 0.4, 0.7 ],
					"to": [ 20.8, 3.7, 4.9 ],
					"autoUnwrap": false,
					"uv": [ 6.5, 17.0 ],
					"rotationOrigin": [ 15.8, 0.4, 0.7 ],
					"faces": {
						"north": { "texture": "#skin", "uv": [ 0.0, 21.0, 5.0, 24.0 ] },
						"east": { "texture": "#skin", "uv": [ 15.0, 21.0, 19.0, 24.0 ] },
						"south": { "texture": "#skin", "uv": [ 0.0, 21.0, 5.0, 24.0 ] },
						"west": { "texture": "#skin", "uv": [ 15.0, 21.0, 19.0, 24.0 ] },
						"up": { "texture": "#skin", "uv": [ 5.0, 20.0, 10.0, 24.0 ] },
						"down": { "texture": "#skin", "uv": [ 10.0, 20.0, 15.0, 24.0 ] }
					},
					"children": [
						{
							"name": "UpperTail",
							"from": [ 4.05, 0.292, 0.5456 ],
							"to": [ 10.238, 3.06, 3.5904 ],
							"autoUnwrap": false,
							"uv": [ 0.5, 26.5 ],
							"rotationOrigin": [ 4.048, 1.676, 2.6216 ],
							"faces": {
								"north": { "texture": "#skin", "uv": [ 22.0, 15.0, 15.0, 17.0 ], "autoUv": false, "windMode": [-1,-1,-1,-1] },
								"east": { "texture": "#skin", "uv": [ 20.0, 11.0, 22.0, 13.0 ], "autoUv": false },
								"south": { "texture": "#skin", "uv": [ 15.0, 15.0, 22.0, 17.0 ], "autoUv": false, "windMode": [-1,-1,-1,-1] },
								"west": { "texture": "#skin", "uv": [ 20.0, 11.0, 22.0, 13.0 ], "autoUv": false },
								"up": { "texture": "#skin", "uv": [ 15.0, 13.0, 22.0, 15.0 ], "autoUv": false, "windMode": [-1,-1,-1,-1] },
								"down": { "texture": "#skin", "uv": [ 13.0, 11.0, 20.0, 13.0 ], "autoUv": false }
							},
							"children": [
								{
									"name": "MidTail",
									"from": [ 3.3, 0.4844, 0.28 ],
									"to": [ 10.988, 2.6296, 2.6328 ],
									"autoUnwrap": false,
									"uv": [ 5.5, 15.0 ],
									"rotationOrigin": [ 3.304, 0.2768, -0.4844 ],
									"faces": {
										"north": { "texture": "#skin", "uv": [ 19.0, 20.0, 26.0, 21.5 ], "autoUv": false, "windMode": [-1,-1,-1,-1] },
										"east": { "texture": "#skin", "uv": [ 15.5, 4.0, 17.0, 5.5 ], "autoUv": false },
										"south": { "texture": "#skin", "uv": [ 19.0, 20.0, 26.0, 21.5 ], "autoUv": false, "windMode": [-1,-1,-1,-1] },
										"west": { "texture": "#skin", "uv": [ 15.5, 4.0, 17.0, 5.5 ], "autoUv": false },
										"up": { "texture": "#skin", "uv": [ 6.0, 11.0, 13.0, 12.5 ], "autoUv": false, "windMode": [-1,-1,-1,-1] },
										"down": { "texture": "#skin", "uv": [ 8.0, 15.5, 15.0, 17.0 ], "autoUv": false }
									},
									"children": [
										{
											"name": "LowerTail",
											"from": [ 4.4, 0.3183, 0.38 ],
											"to": [ 15.088, 1.9791, 2.0408 ],
											"autoUnwrap": false,
											"uv": [ 16.0, 27.5 ],
											"rotationOrigin": [ 4.404, 1.5224, 0.619 ],
											"faces": {
												"north": { "texture": "#skin", "uv": [ 24.0, 19.0, 17.0, 20.0 ], "autoUv": false, "windMode": [-1,-1,-1,-1] },
												"east": { "texture": "#skin", "uv": [ 10.0, 10.0, 11.0, 11.0 ], "autoUv": false, "windMode": [-1,-1,-1,-1] },
												"south": { "texture": "#skin", "uv": [ 17.0, 19.0, 24.0, 20.0 ], "autoUv": false, "windMode": [-1,-1,-1,-1] },
												"west": { "texture": "#skin", "uv": [ 10.0, 10.0, 11.0, 11.0 ], "autoUv": false, "windMode": [-1,-1,-1,-1] },
												"up": { "texture": "#skin", "uv": [ 15.5, 7.0, 22.5, 8.0 ], "autoUv": false },
												"down": { "texture": "#skin", "uv": [ 15.5, 8.0, 22.5, 9.0 ], "autoUv": false }
											}
										}
									]
								}
							]
						}
					]
				}
			]
		}
	],
	"animations": [
		{
			"name": "idle",
			"code": "idle",
			"quantityframes": 50,
			"onActivityStopped": "Rewind",
			"onAnimationEnd": "Repeat",
			"keyframes": [
				{
					"frame": 0,
					"elements": {
						"Body": { "offsetX": 0.0, "offsetY": 0.0, "offsetZ": -0.34599998593330383 },
						"RFLegUpper": { "rotationX": 5.0, "rotationY": 0.0, "rotationZ": 0.0 },
						"RFLegLower": { "rotationX": -10.0, "rotationY": 0.0, "rotationZ": 0.0 },
						"RFFoot": { "rotationX": 5.0, "rotationY": 0.0, "rotationZ": 0.0 },
						"LFLegUpper": { "rotationX": 0.0, "rotationY": 0.0, "rotationZ": 0.0 },
						"LFLegLower": { "rotationX": -10.0, "rotationY": 0.0, "rotationZ": 0.0 },
						"LFFoot": { "rotationX": 10.0, "rotationY": 0.0, "rotationZ": 0.0 },
						"RBLegUpper": { "rotationX": 5.0, "rotationY": 0.0, "rotationZ": 0.0 },
						"RBLegLower": { "rotationX": -10.0, "rotationY": 0.0, "rotationZ": 0.0 },
						"RBFoot": { "rotationX": 5.0, "rotationY": 0.0, "rotationZ": 0.0 },
						"LBLegUpper": { "rotationX": 0.0, "rotationY": 0.0, "rotationZ": 0.0 },
						"LBLegLower": { "rotationX": -10.0, "rotationY": 0.0, "rotationZ": 0.0 },
						"LBFoot": { "rotationX": 10.0, "rotationY": 0.0, "rotationZ": 0.0 },
						"UpperTail": { "rotationX": 0.0, "rotationY": 5.0, "rotationZ": -5.0 },
						"MidTail": { "rotationX": 0.0, "rotationY": 8.0, "rotationZ": 0.0 },
						"LowerTail": { "rotationX": 0.0, "rotationY": 13.0, "rotationZ": 0.0 },
						"Neck": { "rotationX": 0.0, "rotationY": 0.0, "rotationZ": -10.0 },
						"Head": { "rotationX": 0.0, "rotationY": 0.0, "rotationZ": 10.0 }
					}
				},
				{
					"frame": 25,
					"elements": {
						"Body": { "offsetX": 0.0, "offsetY": 0.0, "offsetZ": 0.34599998593330383 },
						"Neck": { "rotationX": 0.0, "rotationY": 0.0, "rotationZ": -10.0 },
						"Head": { "rotationX": 0.0, "rotationY": 0.0, "rotationZ": 10.0 },
						"UpperTail": { "rotationX": 0.0, "rotationY": -5.0, "rotationZ": -5.0 },
						"MidTail": { "rotationX": 0.0, "rotationY": -8.0, "rotationZ": 0.0 },
						"LowerTail": { "rotationX": 0.0, "rotationY": -13.0, "rotationZ": 0.0 },
						"RFLegUpper": { "rotationX": 0.0, "rotationY": 0.0, "rotationZ": 0.0 },
						"RFLegLower": { "rotationX": 10.0, "rotationY": 0.0, "rotationZ": 0.0 },
						"RFFoot": { "rotationX": -10.0, "rotationY": 0.0, "rotationZ": 0.0 },
						"LFLegUpper": { "rotationX": -5.0, "rotationY": 0.0, "rotationZ": 0.0 },
						"LFLegLower": { "rotationX": 10.0, "rotationY": 0.0, "rotationZ": 0.0 },
						"LFFoot": { "rotationX": -5.0, "rotationY": 0.0, "rotationZ": 0.0 },
						"RBLegUpper": { "rotationX": 0.0, "rotationY": 0.0, "rotationZ": 0.0 },
						"RBLegLower": { "rotationX": 10.0, "rotationY": 0.0, "rotationZ": 0.0 },
						"RBFoot": { "rotationX": -10.0, "rotationY": 0.0, "rotationZ": 0.0 },
						"LBLegUpper": { "rotationX": -5.0, "rotationY": 0.0, "rotationZ": 0.0 },
						"LBLegLower": { "rotationX": 10.0, "rotationY": 0.0, "rotationZ": 0.0 },
						"LBFoot": { "rotationX": -5.0, "rotationY": 0.0, "rotationZ": 0.0 }
					}
				},
				{
					"frame": 49,
					"elements": {
						"Body": { "offsetX": 0.0, "offsetY": 0.0, "offsetZ": -0.34599998593330383 },
						"Neck": { "rotationX": 0.0, "rotationY": 0.0, "rotationZ": -10.0 },
						"Head": { "rotationX": 0.0, "rotationY": 0.0, "rotationZ": 10.0 },
						"UpperTail": { "rotationX": 0.0, "rotationY": 5.0, "rotationZ": -5.0 },
						"MidTail": { "rotationX": 0.0, "rotationY": 8.0, "rotationZ": 0.0 },
						"LowerTail": { "rotationX": 0.0, "rotationY": 13.0, "rotationZ": 0.0 },
						"RFLegUpper": { "rotationX": 5.0, "rotationY": 0.0, "rotationZ": 0.0 },
						"RFLegLower": { "rotationX": -10.0, "rotationY": 0.0, "rotationZ": 0.0 },
						"RFFoot": { "rotationX": 5.0, "rotationY": 0.0, "rotationZ": 0.0 },
						"LFLegUpper": { "rotationX": 0.0, "rotationY": 0.0, "rotationZ": 0.0 },
						"LFLegLower": { "rotationX": -10.0, "rotationY": 0.0, "rotationZ": 0.0 },
						"LFFoot": { "rotationX": 10.0, "rotationY": 0.0, "rotationZ": 0.0 },
						"RBLegUpper": { "rotationX": 5.0, "rotationY": 0.0, "rotationZ": 0.0 },
						"RBLegLower": { "rotationX": -10.0, "rotationY": 0.0, "rotationZ": 0.0 },
						"RBFoot": { "rotationX": 5.0, "rotationY": 0.0, "rotationZ": 0.0 },
						"LBLegUpper": { "rotationX": 0.0, "rotationY": 0.0, "rotationZ": 0.0 },
						"LBLegLower": { "rotationX": -10.0, "rotationY": 0.0, "rotationZ": 0.0 },
						"LBFoot": { "rotationX": 10.0, "rotationY": 0.0, "rotationZ": 0.0 }
					}
				}
			]
		},

		{
			"name": "walk",
			"code": "walk",
			"quantityframes": 30,
			"onActivityStopped": "Rewind",
			"onAnimationEnd": "Repeat",
			"keyframes": [
				{
					"frame": 0,
					"elements": {
						"Body": { "rotationX": 0.0, "rotationY": 5.0, "rotationZ": 0.0 },
						"LFLegUpper": { "rotationX": 0.0, "rotationY": 30.0, "rotationZ": 0.0 },
						"RFLegUpper": { "rotationX": 0.0, "rotationY": 30.0, "rotationZ": 0.0 },
						"RBLegUpper": { "rotationX": 0.0, "rotationY": -30.0, "rotationZ": 0.0 },
						"LBLegUpper": { "rotationX": 0.0, "rotationY": -30.0, "rotationZ": 0.0 },
						"UpperTail": { "rotationX": 0.0, "rotationY": -5.0, "rotationZ": 0.0 },
						"MidTail": { "rotationX": 0.0, "rotationY": -8.0, "rotationZ": 0.0 },
						"LowerTail": { "rotationX": 0.0, "rotationY": -13.0, "rotationZ": 0.0 },
						"Neck": { "rotationX": 0.0, "rotationY": -5.0, "rotationZ": 0.0 },
						"Head": { "rotationX": 0.0, "rotationY": 0.0, "rotationZ": 0.0 }
					}
				},
				{
					"frame": 15,
					"elements": {
						"Body": { "rotationX": 0.0, "rotationY": -5.0, "rotationZ": 0.0 },
						"LFLegUpper": { "rotationX": 0.0, "rotationY": -30.0, "rotationZ": 0.0 },
						"RFLegUpper": { "rotationX": 0.0, "rotationY": -30.0, "rotationZ": 0.0 },
						"RBLegUpper": { "rotationX": 0.0, "rotationY": 30.0, "rotationZ": 0.0 },
						"LBLegUpper": { "rotationX": 0.0, "rotationY": 30.0, "rotationZ": 0.0 },
						"UpperTail": { "rotationX": 0.0, "rotationY": 5.0, "rotationZ": 0.0 },
						"MidTail": { "rotationX": 0.0, "rotationY": 8.0, "rotationZ": 0.0 },
						"LowerTail": { "rotationX": 0.0, "rotationY": 13.0, "rotationZ": 0.0 },
						"Neck": { "rotationX": 0.0, "rotationY": 5.0, "rotationZ": 0.0 },
						"Head": { "rotationX": 0.0, "rotationY": 0.0, "rotationZ": 0.0 }
					}
				},
				{
					"frame": 29,
					"elements": {
						"Body": { "rotationX": 0.0, "rotationY": 5.0, "rotationZ": 0.0 },
						"LFLegUpper": { "rotationX": 0.0, "rotationY": 30.0, "rotationZ": 0.0 },
						"RFLegUpper": { "rotationX": 0.0, "rotationY": 30.0, "rotationZ": 0.0 },
						"RBLegUpper": { "rotationX": 0.0, "rotationY": -30.0, "rotationZ": 0.0 },
						"LBLegUpper": { "rotationX": 0.0, "rotationY": -30.0, "rotationZ": 0.0 },
						"UpperTail": { "rotationX": 0.0, "rotationY": -5.0, "rotationZ": 0.0 },
						"MidTail": { "rotationX": 0.0, "rotationY": -8.0, "rotationZ": 0.0 },
						"LowerTail": { "rotationX": 0.0, "rotationY": -13.0, "rotationZ": 0.0 },
						"Neck": { "rotationX": 0.0, "rotationY": -5.0, "rotationZ": 0.0 },
						"Head": { "rotationX": 0.0, "rotationY": 0.0, "rotationZ": 0.0 }
					}
				}
			]
		},

		{
			"name": "hurt",
			"code": "hurt",
			"quantityframes": 30,
			"onActivityStopped": "EaseOut",
			"onAnimationEnd": "Stop",
			"keyframes": [
				{
					"frame": 0,
					"elements": {
						"Body": { "rotationX": 0.0, "rotationY": 5.0, "rotationZ": 0.0 },
						"LFLegUpper": { "rotationX": 0.0, "rotationY": 30.0, "rotationZ": 0.0 },
						"RFLegUpper": { "rotationX": 0.0, "rotationY": 30.0, "rotationZ": 0.0 },
						"RBLegUpper": { "rotationX": 0.0, "rotationY": -30.0, "rotationZ": 0.0 },
						"LBLegUpper": { "rotationX": 0.0, "rotationY": -30.0, "rotationZ": 0.0 },
						"UpperTail": { "rotationX": 0.0, "rotationY": -5.0, "rotationZ": 0.0 },
						"MidTail": { "rotationX": 0.0, "rotationY": -8.0, "rotationZ": 0.0 },
						"LowerTail": { "rotationX": 0.0, "rotationY": -13.0, "rotationZ": 0.0 },
						"Neck": { "rotationX": 0.0, "rotationY": -5.0, "rotationZ": 0.0 },
						"Head": { "rotationX": 0.0, "rotationY": 0.0, "rotationZ": 0.0 }
					}
				},
				{
					"frame": 15,
					"elements": {
						"Body": { "rotationX": 0.0, "rotationY": -5.0, "rotationZ": 0.0 },
						"LFLegUpper": { "rotationX": 0.0, "rotationY": -30.0, "rotationZ": 0.0 },
						"RFLegUpper": { "rotationX": 0.0, "rotationY": -30.0, "rotationZ": 0.0 },
						"RBLegUpper": { "rotationX": 0.0, "rotationY": 30.0, "rotationZ": 0.0 },
						"LBLegUpper": { "rotationX": 0.0, "rotationY": 30.0, "rotationZ": 0.0 },
						"UpperTail": { "rotationX": 0.0, "rotationY": 5.0, "rotationZ": 0.0 },
						"MidTail": { "rotationX": 0.0, "rotationY": 8.0, "rotationZ": 0.0 },
						"LowerTail": { "rotationX": 0.0, "rotationY": 13.0, "rotationZ": 0.0 },
						"Neck": { "rotationX": 0.0, "rotationY": 5.0, "rotationZ": 0.0 },
						"Head": { "rotationX": 0.0, "rotationY": 0.0, "rotationZ": 0.0 }
					}
				},
				{
					"frame": 29,
					"elements": {
						"Body": { "rotationX": 0.0, "rotationY": 5.0, "rotationZ": 0.0 },
						"LFLegUpper": { "rotationX": 0.0, "rotationY": 30.0, "rotationZ": 0.0 },
						"RFLegUpper": { "rotationX": 0.0, "rotationY": 30.0, "rotationZ": 0.0 },
						"RBLegUpper": { "rotationX": 0.0, "rotationY": -30.0, "rotationZ": 0.0 },
						"LBLegUpper": { "rotationX": 0.0, "rotationY": -30.0, "rotationZ": 0.0 },
						"UpperTail": { "rotationX": 0.0, "rotationY": -5.0, "rotationZ": 0.0 },
						"MidTail": { "rotationX": 0.0, "rotationY": -8.0, "rotationZ": 0.0 },
						"LowerTail": { "rotationX": 0.0, "rotationY": -13.0, "rotationZ": 0.0 },
						"Neck": { "rotationX": 0.0, "rotationY": -5.0, "rotationZ": 0.0 },
						"Head": { "rotationX": 0.0, "rotationY": 0.0, "rotationZ": 0.0 }
					}
				}
			]
		},

		{
			"name": "swim",
			"code": "swim",
			"quantityframes": 30,
			"onActivityStopped": "Rewind",
			"onAnimationEnd": "Repeat",
			"keyframes": [
				{
					"frame": 0,
					"elements": {
						"Body": { "rotationX": 0.0, "rotationY": 5.0, "rotationZ": 0.0 },
						"LFLegUpper": { "rotationX": 0.0, "rotationY": 45.0, "rotationZ": 67.5 },
						"RFLegUpper": { "rotationX": 0.0, "rotationY": -45.0, "rotationZ": 67.5 },
						"RBLegUpper": { "rotationX": 0.0, "rotationY": -45.0, "rotationZ": 67.5 },
						"LBLegUpper": { "rotationX": 0.0, "rotationY": 45.0, "rotationZ": 67.5 },
						"UpperTail": { "rotationX": 0.0, "rotationY": -5.0, "rotationZ": 0.0 },
						"MidTail": { "rotationX": 0.0, "rotationY": -8.0, "rotationZ": 0.0 },
						"LowerTail": { "rotationX": 0.0, "rotationY": -13.0, "rotationZ": 0.0 },
						"Neck": { "rotationX": 0.0, "rotationY": -5.0, "rotationZ": 0.0 },
						"Head": { "rotationX": 0.0, "rotationY": 0.0, "rotationZ": 0.0 }
					}
				},
				{
					"frame": 15,
					"elements": {
						"Body": { "rotationX": 0.0, "rotationY": -5.0, "rotationZ": 0.0 },
						"LFLegUpper": { "rotationX": 0.0, "rotationY": 45.0, "rotationZ": 67.5 },
						"RFLegUpper": { "rotationX": 0.0, "rotationY": -45.0, "rotationZ": 67.5 },
						"RBLegUpper": { "rotationX": 0.0, "rotationY": -45.0, "rotationZ": 67.5 },
						"LBLegUpper": { "rotationX": 0.0, "rotationY": 45.0, "rotationZ": 67.5 },
						"UpperTail": { "rotationX": 0.0, "rotationY": 5.0, "rotationZ": 0.0 },
						"MidTail": { "rotationX": 0.0, "rotationY": 8.0, "rotationZ": 0.0 },
						"LowerTail": { "rotationX": 0.0, "rotationY": 13.0, "rotationZ": 0.0 },
						"Neck": { "rotationX": 0.0, "rotationY": 5.0, "rotationZ": 0.0 },
						"Head": { "rotationX": 0.0, "rotationY": 0.0, "rotationZ": 0.0 }
					}
				},
				{
					"frame": 29,
					"elements": {
						"Body": { "rotationX": 0.0, "rotationY": 5.0, "rotationZ": 0.0 },
						"LFLegUpper": { "rotationX": 0.0, "rotationY": 45.0, "rotationZ": 67.5 },
						"RFLegUpper": { "rotationX": 0.0, "rotationY": -45.0, "rotationZ": 67.5 },
						"RBLegUpper": { "rotationX": 0.0, "rotationY": -45.0, "rotationZ": 67.5 },
						"LBLegUpper": { "rotationX": 0.0, "rotationY": 45.0, "rotationZ": 67.5 },
						"UpperTail": { "rotationX": 0.0, "rotationY": -5.0, "rotationZ": 0.0 },
						"MidTail": { "rotationX": 0.0, "rotationY": -8.0, "rotationZ": 0.0 },
						"LowerTail": { "rotationX": 0.0, "rotationY": -13.0, "rotationZ": 0.0 },
						"Neck": { "rotationX": 0.0, "rotationY": -5.0, "rotationZ": 0.0 },
						"Head": { "rotationX": 0.0, "rotationY": 0.0, "rotationZ": 0.0 }
					}
				}
			]
		},

		{
			"name": "eat",
			"code": "eat",
			"quantityframes": 30,
			"onActivityStopped": "Rewind",
			"onAnimationEnd": "Repeat",
			"keyframes": [
				{
					"frame": 0,
					"elements": {
						"Body": { "offsetX": 0.0, "offsetY": 0.0, "offsetZ": 0.0 },
						"RFLegUpper": { "rotationX": 0.0, "rotationY": 0.0, "rotationZ": 0.0 },
						"LFLegUpper": { "rotationX": 0.0, "rotationY": 0.0, "rotationZ": 0.0 },
						"RBLegUpper": { "rotationX": 0.0, "rotationY": 0.0, "rotationZ": 0.0 },
						"LBLegUpper": { "rotationX": 0.0, "rotationY": 0.0, "rotationZ": 0.0 },
						"Head": { "rotationX": 0.0, "rotationY": 0.0, "rotationZ": 0.0 },
						"LowerJaw": { "rotationX": 0.0, "rotationY": 0.0, "rotationZ": 0.0 },
						"UpperTail": { "rotationX": 0.0, "rotationY": 5.0, "rotationZ": 0.0 },
						"MidTail": { "rotationX": 0.0, "rotationY": 8.0, "rotationZ": 0.0 },
						"LowerTail": { "rotationX": 0.0, "rotationY": 13.0, "rotationZ": 0.0 }
					}
				},
				{
					"frame": 5,
					"elements": {
						"Body": { "offsetX": -2.7679998874664307, "offsetY": 0.0, "offsetZ": 0.0 },
						"RFLegUpper": { "rotationX": 0.0, "rotationY": -30.0, "rotationZ": 0.0 },
						"LFLegUpper": { "rotationX": 0.0, "rotationY": 30.0, "rotationZ": 0.0 },
						"RBLegUpper": { "rotationX": 0.0, "rotationY": -20.0, "rotationZ": 0.0 },
						"LBLegUpper": { "rotationX": 0.0, "rotationY": 20.0, "rotationZ": 0.0 },
						"Head": { "rotationX": 0.0, "rotationY": 0.0, "rotationZ": 15.0 },
						"LowerJaw": { "rotationX": 0.0, "rotationY": 0.0, "rotationZ": 45.0 }
					}
				},
				{
					"frame": 10,
					"elements": {
						"Body": { "offsetX": 0.0, "offsetY": 0.0, "offsetZ": 0.0 },
						"RFLegUpper": { "rotationX": 0.0, "rotationY": 0.0, "rotationZ": 0.0 },
						"LFLegUpper": { "rotationX": 0.0, "rotationY": 0.0, "rotationZ": 0.0 },
						"RBLegUpper": { "rotationX": 0.0, "rotationY": 0.0, "rotationZ": 0.0 },
						"LBLegUpper": { "rotationX": 0.0, "rotationY": 0.0, "rotationZ": 0.0 },
						"Head": { "rotationX": 0.0, "rotationY": 0.0, "rotationZ": 0.0 },
						"LowerJaw": { "rotationX": 0.0, "rotationY": 0.0, "rotationZ": 0.0 }
					}
				},
				{
					"frame": 15,
					"elements": {
						"UpperTail": { "rotationX": 0.0, "rotationY": -5.0, "rotationZ": 0.0 },
						"MidTail": { "rotationX": 0.0, "rotationY": -8.0, "rotationZ": 0.0 },
						"LowerTail": { "rotationX": 0.0, "rotationY": -13.0, "rotationZ": 0.0 },
						"Neck": { "rotationX": 0.0, "rotationY": 0.0, "rotationZ": 0.0 },
						"LowerJaw": { "rotationX": 0.0, "rotationY": 0.0, "rotationZ": 0.0 }
					}
				},
				{
					"frame": 20,
					"elements": {
						"Neck": { "rotationX": 0.0, "rotationY": 0.0, "rotationZ": -15.0 },
						"Head": { "rotationX": 0.0, "rotationY": 0.0, "rotationZ": 0.0 },
						"LowerJaw": { "rotationX": 0.0, "rotationY": 0.0, "rotationZ": 10.0 }
					}
				},
				{
					"frame": 25,
					"elements": {
						"Neck": { "rotationX": 0.0, "rotationY": 0.0, "rotationZ": 0.0 },
						"Head": { "rotationX": 0.0, "rotationY": 0.0, "rotationZ": 0.0 },
						"LowerJaw": { "rotationX": 0.0, "rotationY": 0.0, "rotationZ": 0.0 }
					}
				},
				{
					"frame": 29,
					"elements": {
						"UpperTail": { "rotationX": 0.0, "rotationY": 5.0, "rotationZ": 0.0 },
						"MidTail": { "rotationX": 0.0, "rotationY": 8.0, "rotationZ": 0.0 },
						"LowerTail": { "rotationX": 0.0, "rotationY": 13.0, "rotationZ": 0.0 },
						"Neck": { "rotationX": 0.0, "rotationY": 0.0, "rotationZ": 0.0 },
						"Head": { "rotationX": 0.0, "rotationY": 0.0, "rotationZ": 0.0 },
						"LowerJaw": { "rotationX": 0.0, "rotationY": 0.0, "rotationZ": 0.0 }
					}
				}
			]
		},

		{
			"name": "attack",
			"code": "attack",
			"quantityframes": 30,
			"onActivityStopped": "PlayTillEnd",
			"onAnimationEnd": "Stop",
			"keyframes": [
				{
					"frame": 0,
					"elements": {
						"Body": { "offsetX": -1.3839999437332153, "offsetY": 1.1071999549865723, "offsetZ": 0.0 },
						"RFLegUpper": { "rotationX": 0.0, "rotationY": 0.0, "rotationZ": 0.0 },
						"RFLegLower": { "rotationX": 0.0, "rotationY": 0.0, "rotationZ": 0.0 },
						"LFLegUpper": { "rotationX": 0.0, "rotationY": 0.0, "rotationZ": 0.0 },
						"LFLegLower": { "rotationX": 0.0, "rotationY": 0.0, "rotationZ": 0.0 },
						"RBLegUpper": { "rotationX": 0.0, "rotationY": 0.0, "rotationZ": 0.0 },
						"LBLegUpper": { "rotationX": 0.0, "rotationY": 0.0, "rotationZ": 0.0 },
						"Head": { "rotationX": 0.0, "rotationY": 0.0, "rotationZ": 0.0 },
						"LowerJaw": { "rotationX": 0.0, "rotationY": 0.0, "rotationZ": 0.0 },
						"UpperTail": { "rotationX": 0.0, "rotationY": 5.0, "rotationZ": 0.0 },
						"MidTail": { "rotationX": 0.0, "rotationY": 8.0, "rotationZ": 0.0 },
						"LowerTail": { "rotationX": 0.0, "rotationY": 13.0, "rotationZ": 0.0 }
					}
				},
				{
					"frame": 5,
					"elements": {
						"Body": { "offsetX": -2.7679998874664307, "offsetY": 1.1071999549865723, "offsetZ": 0.0, "rotationX": 0.0, "rotationY": 0.0, "rotationZ": -10.0 },
						"RFLegUpper": { "rotationX": 0.0, "rotationY": 30.0, "rotationZ": 0.0 },
						"RFLegLower": { "rotationX": 22.5, "rotationY": 0.0, "rotationZ": 0.0 },
						"LFLegUpper": { "rotationX": 0.0, "rotationY": -30.0, "rotationZ": 0.0 },
						"LFLegLower": { "rotationX": -22.5, "rotationY": 0.0, "rotationZ": 0.0 },
						"RBLegUpper": { "rotationX": 0.0, "rotationY": -20.0, "rotationZ": 0.0 },
						"LBLegUpper": { "rotationX": 0.0, "rotationY": 20.0, "rotationZ": 0.0 },
						"Neck": { "rotationX": 0.0, "rotationY": 0.0, "rotationZ": -30.0 },
						"Head": { "rotationX": 0.0, "rotationY": 0.0, "rotationZ": 15.0 },
						"LowerJaw": { "rotationX": 0.0, "rotationY": 0.0, "rotationZ": 45.0 }
					}
				},
				{
					"frame": 10,
					"elements": {
						"Body": { "offsetX": 0.0, "offsetY": 0.0, "offsetZ": 0.0 },
						"RBLegUpper": { "rotationX": 0.0, "rotationY": 0.0, "rotationZ": 0.0 },
						"LBLegUpper": { "rotationX": 0.0, "rotationY": 0.0, "rotationZ": 0.0 },
						"Head": { "rotationX": 0.0, "rotationY": 0.0, "rotationZ": 0.0 },
						"LowerJaw": { "rotationX": 0.0, "rotationY": 0.0, "rotationZ": 0.0 }
					}
				},
				{
					"frame": 15,
					"elements": {
						"Body": { "rotationX": 0.0, "rotationY": 0.0, "rotationZ": 0.0 },
						"UpperTail": { "rotationX": 0.0, "rotationY": -5.0, "rotationZ": 0.0 },
						"MidTail": { "rotationX": 0.0, "rotationY": -8.0, "rotationZ": 0.0 },
						"LowerTail": { "rotationX": 0.0, "rotationY": -13.0, "rotationZ": 0.0 },
						"Neck": { "rotationX": 0.0, "rotationY": 0.0, "rotationZ": 0.0 },
						"LowerJaw": { "rotationX": 0.0, "rotationY": 0.0, "rotationZ": 0.0 }
					}
				},
				{
					"frame": 20,
					"elements": {
						"Neck": { "rotationX": 0.0, "rotationY": 0.0, "rotationZ": -15.0 },
						"Head": { "rotationX": 0.0, "rotationY": 0.0, "rotationZ": 0.0 },
						"LowerJaw": { "rotationX": 0.0, "rotationY": 0.0, "rotationZ": 0.0 },
						"LFLegUpper": { "rotationX": 0.0, "rotationY": 0.0, "rotationZ": 0.0 },
						"LFLegLower": { "rotationX": 0.0, "rotationY": 0.0, "rotationZ": 0.0 },
						"RFLegUpper": { "rotationX": 0.0, "rotationY": 0.0, "rotationZ": 0.0 },
						"RFLegLower": { "rotationX": 0.0, "rotationY": 0.0, "rotationZ": 0.0 }
					}
				},
				{
					"frame": 25,
					"elements": {
						"Neck": { "rotationX": 0.0, "rotationY": 0.0, "rotationZ": 0.0 },
						"Head": { "rotationX": 0.0, "rotationY": 0.0, "rotationZ": 0.0 },
						"LowerJaw": { "rotationX": 0.0, "rotationY": 0.0, "rotationZ": 0.0 }
					}
				},
				{
					"frame": 29,
					"elements": {
						"UpperTail": { "rotationX": 0.0, "rotationY": 5.0, "rotationZ": 0.0 },
						"MidTail": { "rotationX": 0.0, "rotationY": 8.0, "rotationZ": 0.0 },
						"LowerTail": { "rotationX": 0.0, "rotationY": 13.0, "rotationZ": 0.0 },
						"Neck": { "rotationX": 0.0, "rotationY": 0.0, "rotationZ": 0.0 },
						"Head": { "rotationX": 0.0, "rotationY": 0.0, "rotationZ": 0.0 },
						"LowerJaw": { "rotationX": 0.0, "rotationY": 0.0, "rotationZ": 0.0 }
					}
				}
			]
		},

		{
			"name": "call",
			"code": "call",
			"quantityframes": 60,
			"onActivityStopped": "Rewind",
			"onAnimationEnd": "Repeat",
			"keyframes": [
				{
					"frame": 0,
					"elements": {
						"Body": { "offsetX": 0.0, "offsetY": 0.6919999718666077, "offsetZ": 0.0 },
						"RFLegUpper": { "rotationX": -8.0, "rotationY": 0.0, "rotationZ": 0.0 },
						"RFLegLower": { "rotationX": -15.0, "rotationY": 0.0, "rotationZ": 0.0 },
						"RFFoot": { "rotationX": 23.0, "rotationY": 0.0, "rotationZ": 0.0 },
						"LFLegUpper": { "rotationX": 8.0, "rotationY": 0.0, "rotationZ": 0.0 },
						"LFLegLower": { "rotationX": 15.0, "rotationY": 0.0, "rotationZ": 0.0 },
						"LFFoot": { "rotationX": -23.0, "rotationY": 0.0, "rotationZ": 0.0 },
						"RBLegUpper": { "rotationX": -8.0, "rotationY": 0.0, "rotationZ": 0.0 },
						"RBLegLower": { "rotationX": -15.0, "rotationY": 0.0, "rotationZ": 0.0 },
						"RBFoot": { "rotationX": 23.0, "rotationY": 0.0, "rotationZ": 0.0 },
						"LBLegUpper": { "rotationX": 8.0, "rotationY": 0.0, "rotationZ": 0.0 },
						"LBLegLower": { "rotationX": 15.0, "rotationY": 0.0, "rotationZ": 0.0 },
						"LBFoot": { "rotationX": -23.0, "rotationY": 0.0, "rotationZ": 0.0 },
						"Neck": { "rotationX": 0.0, "rotationY": 0.0, "rotationZ": 0.0 },
						"Head": { "rotationX": 0.0, "rotationY": 0.0, "rotationZ": 5.0 },
						"LowerJaw": { "rotationX": 0.0, "rotationY": 0.0, "rotationZ": 0.0 },
						"UpperTail": { "rotationX": 0.0, "rotationY": 8.0, "rotationZ": -10.0 },
						"MidTail": { "rotationX": 0.0, "rotationY": 13.0, "rotationZ": 0.0 },
						"LowerTail": { "rotationX": 0.0, "rotationY": 21.0, "rotationZ": 0.0 }
					}
				},
				{
					"frame": 15,
					"elements": {
						"Body": { "offsetX": 0.0, "offsetY": 1.0379999577999115, "offsetZ": 0.0 },
						"RFLegUpper": { "rotationX": -13.0, "rotationY": 0.0, "rotationZ": 0.0 },
						"RFLegLower": { "rotationX": -18.0, "rotationY": 0.0, "rotationZ": 0.0 },
						"RFFoot": { "rotationX": 31.0, "rotationY": 0.0, "rotationZ": 0.0 },
						"LFLegUpper": { "rotationX": 13.0, "rotationY": 0.0, "rotationZ": 0.0 },
						"LFLegLower": { "rotationX": 18.0, "rotationY": 0.0, "rotationZ": 0.0 },
						"LFFoot": { "rotationX": -31.0, "rotationY": 0.0, "rotationZ": 0.0 },
						"RBLegUpper": { "rotationX": -13.0, "rotationY": 0.0, "rotationZ": 0.0 },
						"RBLegLower": { "rotationX": -18.0, "rotationY": 0.0, "rotationZ": 0.0 },
						"RBFoot": { "rotationX": 31.0, "rotationY": 0.0, "rotationZ": 0.0 },
						"LBLegUpper": { "rotationX": 13.0, "rotationY": 0.0, "rotationZ": 0.0 },
						"LBLegLower": { "rotationX": 18.0, "rotationY": 0.0, "rotationZ": 0.0 },
						"LBFoot": { "rotationX": -31.0, "rotationY": 0.0, "rotationZ": 0.0 },
						"Neck": { "rotationX": 0.0, "rotationY": 0.0, "rotationZ": -10.0 },
						"LowerJaw": { "rotationX": 0.0, "rotationY": 0.0, "rotationZ": 30.0 },
						"UpperTail": { "rotationX": 0.0, "rotationY": -8.0, "rotationZ": -10.0 },
						"MidTail": { "rotationX": 0.0, "rotationY": -13.0, "rotationZ": 0.0 },
						"LowerTail": { "rotationX": 0.0, "rotationY": -21.0, "rotationZ": 0.0 }
					}
				},
				{
					"frame": 30,
					"elements": {
						"Body": { "offsetX": 0.0, "offsetY": 0.6919999718666077, "offsetZ": 0.0 },
						"RFLegUpper": { "rotationX": -8.0, "rotationY": 0.0, "rotationZ": 0.0 },
						"RFLegLower": { "rotationX": -15.0, "rotationY": 0.0, "rotationZ": 0.0 },
						"RFFoot": { "rotationX": 23.0, "rotationY": 0.0, "rotationZ": 0.0 },
						"LFLegUpper": { "rotationX": 8.0, "rotationY": 0.0, "rotationZ": 0.0 },
						"LFLegLower": { "rotationX": 15.0, "rotationY": 0.0, "rotationZ": 0.0 },
						"LFFoot": { "rotationX": -23.0, "rotationY": 0.0, "rotationZ": 0.0 },
						"RBLegUpper": { "rotationX": -8.0, "rotationY": 0.0, "rotationZ": 0.0 },
						"RBLegLower": { "rotationX": -15.0, "rotationY": 0.0, "rotationZ": 0.0 },
						"RBFoot": { "rotationX": 23.0, "rotationY": 0.0, "rotationZ": 0.0 },
						"LBLegUpper": { "rotationX": 8.0, "rotationY": 0.0, "rotationZ": 0.0 },
						"LBLegLower": { "rotationX": 15.0, "rotationY": 0.0, "rotationZ": 0.0 },
						"LBFoot": { "rotationX": -23.0, "rotationY": 0.0, "rotationZ": 0.0 },
						"Neck": { "rotationX": 0.0, "rotationY": 0.0, "rotationZ": 0.0 },
						"LowerJaw": { "rotationX": 0.0, "rotationY": 0.0, "rotationZ": 0.0 },
						"UpperTail": { "rotationX": 0.0, "rotationY": 8.0, "rotationZ": -10.0 },
						"MidTail": { "rotationX": 0.0, "rotationY": 13.0, "rotationZ": 0.0 },
						"LowerTail": { "rotationX": 0.0, "rotationY": 21.0, "rotationZ": 0.0 }
					}
				},
				{
					"frame": 45,
					"elements": {
						"Body": { "offsetX": 0.0, "offsetY": 1.0379999577999115, "offsetZ": 0.0 },
						"Neck": { "rotationX": 0.0, "rotationY": 0.0, "rotationZ": 0.0 },
						"Head": { "rotationX": 0.0, "rotationY": 0.0, "rotationZ": 5.0 },
						"LowerJaw": { "rotationX": 0.0, "rotationY": 0.0, "rotationZ": 0.0 },
						"UpperTail": { "rotationX": 0.0, "rotationY": -8.0, "rotationZ": -10.0 },
						"MidTail": { "rotationX": 0.0, "rotationY": -13.0, "rotationZ": 0.0 },
						"LowerTail": { "rotationX": 0.0, "rotationY": -21.0, "rotationZ": 0.0 },
						"RFLegUpper": { "rotationX": -13.0, "rotationY": 0.0, "rotationZ": 0.0 },
						"RFLegLower": { "rotationX": -18.0, "rotationY": 0.0, "rotationZ": 0.0 },
						"RFFoot": { "rotationX": 31.0, "rotationY": 0.0, "rotationZ": 0.0 },
						"LFLegUpper": { "rotationX": 13.0, "rotationY": 0.0, "rotationZ": 0.0 },
						"LFLegLower": { "rotationX": 18.0, "rotationY": 0.0, "rotationZ": 0.0 },
						"LFFoot": { "rotationX": -31.0, "rotationY": 0.0, "rotationZ": 0.0 },
						"RBLegUpper": { "rotationX": -13.0, "rotationY": 0.0, "rotationZ": 0.0 },
						"RBLegLower": { "rotationX": -18.0, "rotationY": 0.0, "rotationZ": 0.0 },
						"RBFoot": { "rotationX": 31.0, "rotationY": 0.0, "rotationZ": 0.0 },
						"LBLegUpper": { "rotationX": 13.0, "rotationY": 0.0, "rotationZ": 0.0 },
						"LBLegLower": { "rotationX": 18.0, "rotationY": 0.0, "rotationZ": 0.0 },
						"LBFoot": { "rotationX": -31.0, "rotationY": 0.0, "rotationZ": 0.0 }
					}
				},
				{
					"frame": 59,
					"elements": {
						"Body": { "offsetX": 0.0, "offsetY": 0.6919999718666077, "offsetZ": 0.0 },
						"Neck": { "rotationX": 0.0, "rotationY": 0.0, "rotationZ": 0.0 },
						"Head": { "rotationX": 0.0, "rotationY": 0.0, "rotationZ": 5.0 },
						"LowerJaw": { "rotationX": 0.0, "rotationY": 0.0, "rotationZ": 0.0 },
						"UpperTail": { "rotationX": 0.0, "rotationY": 8.0, "rotationZ": -10.0 },
						"MidTail": { "rotationX": 0.0, "rotationY": 13.0, "rotationZ": 0.0 },
						"LowerTail": { "rotationX": 0.0, "rotationY": 21.0, "rotationZ": 0.0 },
						"RFLegUpper": { "rotationX": -8.0, "rotationY": 0.0, "rotationZ": 0.0 },
						"RFLegLower": { "rotationX": -15.0, "rotationY": 0.0, "rotationZ": 0.0 },
						"RFFoot": { "rotationX": 23.0, "rotationY": 0.0, "rotationZ": 0.0 },
						"LFLegUpper": { "rotationX": 8.0, "rotationY": 0.0, "rotationZ": 0.0 },
						"LFLegLower": { "rotationX": 15.0, "rotationY": 0.0, "rotationZ": 0.0 },
						"LFFoot": { "rotationX": -23.0, "rotationY": 0.0, "rotationZ": 0.0 },
						"RBLegUpper": { "rotationX": -8.0, "rotationY": 0.0, "rotationZ": 0.0 },
						"RBLegLower": { "rotationX": -15.0, "rotationY": 0.0, "rotationZ": 0.0 },
						"RBFoot": { "rotationX": 23.0, "rotationY": 0.0, "rotationZ": 0.0 },
						"LBLegUpper": { "rotationX": 8.0, "rotationY": 0.0, "rotationZ": 0.0 },
						"LBLegLower": { "rotationX": 15.0, "rotationY": 0.0, "rotationZ": 0.0 },
						"LBFoot": { "rotationX": -23.0, "rotationY": 0.0, "rotationZ": 0.0 }
					}
				}
			]
		},

		{
			"name": "sleep",
			"code": "sleep",
			"quantityframes": 30,
			"onActivityStopped": "Rewind",
			"onAnimationEnd": "Repeat",
			"keyframes": [
				{
					"frame": 0,
					"elements": {
						"Body": { "offsetX": 0.0, "offsetY": -1.3839999437332153, "offsetZ": 0.0 },
						"Neck": { "rotationX": 0.0, "rotationY": -15.0, "rotationZ": 0.0 },
						"Head": { "rotationX": 0.0, "rotationY": -10.0, "rotationZ": 5.0 },
						"UpperTail": { "rotationX": 0.0, "rotationY": 25.0, "rotationZ": 0.0 },
						"MidTail": { "rotationX": 0.0, "rotationY": 35.0, "rotationZ": 0.0 },
						"LowerTail": { "rotationX": 0.0, "rotationY": 35.0, "rotationZ": 0.0 },
						"RFLegUpper": { "rotationX": 10.0, "rotationY": -30.0, "rotationZ": 0.0 },
						"RBLegUpper": { "rotationX": 10.0, "rotationY": -30.0, "rotationZ": 0.0 },
						"LFLegUpper": { "rotationX": -10.0, "rotationY": -30.0, "rotationZ": 0.0 },
						"LFLegLower": { "rotationX": 0.0, "rotationY": 0.0, "rotationZ": 0.0 },
						"LBLegUpper": { "rotationX": -10.0, "rotationY": -30.0, "rotationZ": 0.0 }
					}
				}
			]
		}
	]
}