{
	"code": "shakeroofingtip",
	"variantgroups": [
		{ "code": "material", "states": ["douglasfir", "willow", "honeylocust", "bearnut", "blackpoplar", "pyramidalpoplar", "catalpa", "mahogany", "sal", "saxaul", "spruce", "sycamore", "elm", "beech", "eucalyptus", "cedar" ] },
		{ "code": "cover", "states": ["free", "snow"] }
	],
	"shapeByType": { 
		"*": { "base": "leadroof:block/roofing/tip/shakes-wood-{cover}" }
	},
	"texturesByType": {
		"*": {
			"material": { "base": "game:block/wood/planks/{material}*" }
		}
	},
	"drawtype": "json",
	"faceCullMode": "neverCull",
	"renderpass": "OpaqueNoCull",
	"sidesolid": { "all": false },
	"sideopaque": { "all": false},
	"blockmaterialByType": {
		"*": "Wood"
	},
	"creativeinventory": { "general": ["*-free"], "decorative": ["*-free"] },
	"replaceable": 300,
	"resistance": 2,
	"lightAbsorption": 99,
	"emitSideAo": {
		"all": true
	},
	"collisionSelectionBoxesByType": {
		"*": [ { "x1": 0, "y1": 0, "z1": 0, "x2": 1, "y2": 0.5625, "z2": 1 } ]
	},
	"soundsByType": {
		"*": {
			"place": "game:block/planks",
			"break": "game:block/planks",
			"hit": "game:block/planks",
            "walk": "game:walk/wood"
		}
	},
	"guiTransformByType": {
		"*": {
			"rotation": { "x": -22.6, "y": -40, "z": 0 },
			"origin": { "x": 0.53, "y": 0.25, "z": 0.46 },
			"scale": 0.85
		}
    }
}