[
  {
    "op": "replace",
    "path": "/1/output/quantity",
    "value": 4,
    "file": "moreclasses:recipes/grid/seeds.json",
    "dependsOn": [{"modid": "moreclasses"}]
  },
  {
    "op": "replace",
    "path": "/4/output/quantity",
    "value": 4,
    "file": "moreclasses:recipes/grid/seeds.json",
    "dependsOn": [{"modid": "moreclasses"}]
  },
  {
    "op": "replace",
    "path": "/6/output/quantity",
    "value": 4,
    "file": "moreclasses:recipes/grid/seeds.json",
    "dependsOn": [{"modid": "moreclasses"}]
  },
  {
    "op": "replace",
    "path": "/7/output/quantity",
    "value": 4,
    "file": "moreclasses:recipes/grid/seeds.json",
    "dependsOn": [{"modid": "moreclasses"}]
  },
  {
    "op": "replace",
    "path": "/12/output/quantity",
    "value": 4,
    "file": "moreclasses:recipes/grid/seeds.json",
    "dependsOn": [{"modid": "moreclasses"}]
  },
  {
    "op": "replace",
    "path": "/14/output/quantity",
    "value": 4,
    "file": "moreclasses:recipes/grid/seeds.json",
    "dependsOn": [{"modid": "moreclasses"}]
  }
]