{
	"editor": {
		"allAngles": false,
		"entityTextureMode": false
	},
	"textureWidth": 16,
	"textureHeight": 16,
	"textureSizes": {
	},
	"textures": {
		"bunchberry": "items/fruit/bunchberry"
	},
	"elements": [
		{
			"name": "Cube1",
			"from": [ 7.0, 0.0, 7.0 ], 
			"to": [ 7.8, 4.0, 7.8 ], 
			"rotationOrigin": [ 7.0, 0.0, 7.0 ],
			"rotationX": 22.5,
			"rotationY": 22.5,
			"faces": {
				"north": { "texture": "#bunchberry", "uv": [ 0.0, 9.0, 8.0, 11.0 ], "rotation": 90, "autoUv": false },
				"east": { "texture": "#bunchberry", "uv": [ 2.0, 9.0, 10.0, 11.0 ], "rotation": 90, "autoUv": false },
				"south": { "texture": "#bunchberry", "uv": [ 1.0, 9.0, 9.0, 11.0 ], "rotation": 90, "autoUv": false },
				"west": { "texture": "#bunchberry", "uv": [ 1.0, 9.0, 9.0, 11.0 ], "rotation": 90, "autoUv": false },
				"up": { "texture": "#bunchberry", "uv": [ 3.0, 9.0, 5.0, 11.0 ], "autoUv": false },
				"down": { "texture": "#bunchberry", "uv": [ 5.0, 9.0, 7.0, 11.0 ], "autoUv": false }
			},
			"children": [
				{
					"name": "Cube2",
					"from": [ 0.4, 4.0, 0.4 ], 
					"to": [ 2.4, 6.0, 2.4 ], 
					"rotationOrigin": [ 0.4, 4.0, 0.4 ],
					"rotationX": 45.0,
					"rotationY": 22.5,
					"faces": {
						"north": { "texture": "#bunchberry", "uv": [ 0.0, 0.0, 4.0, 4.0 ], "autoUv": false },
						"east": { "texture": "#bunchberry", "uv": [ 0.0, 4.0, 4.0, 8.0 ], "autoUv": false },
						"south": { "texture": "#bunchberry", "uv": [ 0.0, 0.0, 4.0, 4.0 ], "autoUv": false },
						"west": { "texture": "#bunchberry", "uv": [ 0.0, 4.0, 4.0, 8.0 ], "autoUv": false },
						"up": { "texture": "#bunchberry", "uv": [ 0.0, 0.0, 4.0, 4.0 ], "autoUv": false },
						"down": { "texture": "#bunchberry", "uv": [ 0.0, 4.0, 4.0, 8.0 ], "autoUv": false }
					}
				},
				{
					"name": "Cube3",
					"from": [ 0.4, 4.0, 0.0 ], 
					"to": [ 2.4, 6.0, 2.0 ], 
					"rotationOrigin": [ 0.4, 4.0, 0.0 ],
					"rotationX": -67.5,
					"rotationY": 45.0,
					"faces": {
						"north": { "texture": "#bunchberry", "uv": [ 0.0, 0.0, 4.0, 4.0 ], "autoUv": false },
						"east": { "texture": "#bunchberry", "uv": [ 0.0, 4.0, 4.0, 8.0 ], "autoUv": false },
						"south": { "texture": "#bunchberry", "uv": [ 0.0, 0.0, 4.0, 4.0 ], "autoUv": false },
						"west": { "texture": "#bunchberry", "uv": [ 0.0, 4.0, 4.0, 8.0 ], "autoUv": false },
						"up": { "texture": "#bunchberry", "uv": [ 0.0, 0.0, 4.0, 4.0 ], "autoUv": false },
						"down": { "texture": "#bunchberry", "uv": [ 0.0, 4.0, 4.0, 8.0 ], "autoUv": false }
					}
				},
				{
					"name": "Cube4",
					"from": [ -2.0, 4.0, -0.2 ], 
					"to": [ 0.0, 6.0, 1.8 ], 
					"rotationOrigin": [ 0.0, 4.0, 0.0 ],
					"rotationY": -90.0,
					"rotationZ": 45.0,
					"faces": {
						"north": { "texture": "#bunchberry", "uv": [ 0.0, 0.0, 4.0, 4.0 ], "autoUv": false },
						"east": { "texture": "#bunchberry", "uv": [ 0.0, 4.0, 4.0, 8.0 ], "autoUv": false },
						"south": { "texture": "#bunchberry", "uv": [ 0.0, 0.0, 4.0, 4.0 ], "autoUv": false },
						"west": { "texture": "#bunchberry", "uv": [ 0.0, 4.0, 4.0, 8.0 ], "autoUv": false },
						"up": { "texture": "#bunchberry", "uv": [ 0.0, 0.0, 4.0, 4.0 ], "autoUv": false },
						"down": { "texture": "#bunchberry", "uv": [ 0.0, 4.0, 4.0, 8.0 ], "autoUv": false }
					}
				},
				{
					"name": "Cube5",
					"from": [ 0.0, 4.0, 0.0 ], 
					"to": [ 2.0, 6.0, 2.0 ], 
					"rotationOrigin": [ 0.0, 4.0, 0.0 ],
					"rotationX": -60.0,
					"rotationY": -45.0,
					"rotationZ": -22.5,
					"faces": {
						"north": { "texture": "#bunchberry", "uv": [ 0.0, 0.0, 4.0, 4.0 ], "autoUv": false },
						"east": { "texture": "#bunchberry", "uv": [ 0.0, 4.0, 4.0, 8.0 ], "autoUv": false },
						"south": { "texture": "#bunchberry", "uv": [ 0.0, 0.0, 4.0, 4.0 ], "autoUv": false },
						"west": { "texture": "#bunchberry", "uv": [ 0.0, 4.0, 4.0, 8.0 ], "autoUv": false },
						"up": { "texture": "#bunchberry", "uv": [ 0.0, 0.0, 4.0, 4.0 ], "autoUv": false },
						"down": { "texture": "#bunchberry", "uv": [ 0.0, 4.0, 4.0, 8.0 ], "autoUv": false }
					}
				},
				{
					"name": "Cube6",
					"from": [ 0.6, 2.0, 1.0 ], 
					"to": [ 2.6, 4.0, 3.0 ], 
					"rotationOrigin": [ 0.0, 2.0, 1.0 ],
					"rotationX": -22.5,
					"rotationY": -67.5,
					"faces": {
						"north": { "texture": "#bunchberry", "uv": [ 0.0, 0.0, 4.0, 4.0 ], "autoUv": false },
						"east": { "texture": "#bunchberry", "uv": [ 0.0, 4.0, 4.0, 8.0 ], "autoUv": false },
						"south": { "texture": "#bunchberry", "uv": [ 0.0, 0.0, 4.0, 4.0 ], "autoUv": false },
						"west": { "texture": "#bunchberry", "uv": [ 0.0, 4.0, 4.0, 8.0 ], "autoUv": false },
						"up": { "texture": "#bunchberry", "uv": [ 0.0, 0.0, 4.0, 4.0 ], "autoUv": false },
						"down": { "texture": "#bunchberry", "uv": [ 0.0, 4.0, 4.0, 8.0 ], "autoUv": false }
					}
				},
				{
					"name": "Cube7",
					"from": [ 0.5, 3.0, 0.0 ], 
					"to": [ 2.5, 5.0, 2.0 ], 
					"rotationOrigin": [ 0.0, 3.0, 0.0 ],
					"rotationX": 22.5,
					"rotationY": -135.0,
					"rotationZ": 22.5,
					"faces": {
						"north": { "texture": "#bunchberry", "uv": [ 0.0, 0.0, 4.0, 4.0 ], "autoUv": false },
						"east": { "texture": "#bunchberry", "uv": [ 0.0, 4.0, 4.0, 8.0 ], "autoUv": false },
						"south": { "texture": "#bunchberry", "uv": [ 0.0, 0.0, 4.0, 4.0 ], "autoUv": false },
						"west": { "texture": "#bunchberry", "uv": [ 0.0, 4.0, 4.0, 8.0 ], "autoUv": false },
						"up": { "texture": "#bunchberry", "uv": [ 0.0, 0.0, 4.0, 4.0 ], "autoUv": false },
						"down": { "texture": "#bunchberry", "uv": [ 0.0, 4.0, 4.0, 8.0 ], "autoUv": false }
					}
				}
			]
		}
	]}