{
	"editor": {
		"allAngles": false,
		"entityTextureMode": false
	},
	"textureWidth": 16,
	"textureHeight": 16,
	"textureSizes": {
	},
	"textures": {
		"fingerlime": "items/fruit/fingerlime"
	},
	"elements": [
		{
			"name": "Cube1",
			"from": [ 9.0, 0.0, 9.2 ], 
			"to": [ 14.0, 2.0, 11.2 ], 
			"rotationOrigin": [ 9.0, 0.0, 9.0 ],
			"rotationX": 168.0,
			"rotationY": 31.5,
			"rotationZ": -177.0,
			"faces": {
				"north": { "texture": "#fingerlime", "uv": [ 0.0, 0.0, 10.0, 4.0 ], "autoUv": false },
				"east": { "texture": "#fingerlime", "uv": [ 5.0, 0.0, 9.0, 4.0 ], "autoUv": false },
				"south": { "texture": "#fingerlime", "uv": [ 0.0, 0.0, 10.0, 4.0 ], "autoUv": false },
				"west": { "texture": "#fingerlime", "uv": [ 2.0, 0.0, 6.0, 4.0 ], "autoUv": false },
				"up": { "texture": "#fingerlime", "uv": [ 0.0, 0.0, 10.0, 4.0 ], "autoUv": false },
				"down": { "texture": "#fingerlime", "uv": [ 0.0, 0.0, 10.0, 4.0 ], "autoUv": false }
			},
			"children": [
				{
					"name": "Cube2",
					"from": [ -1.0, 0.25, 0.25 ], 
					"to": [ 0.0, 1.75, 1.75 ], 
					"rotationOrigin": [ -1.0, 0.0, 0.0 ],
					"faces": {
						"north": { "texture": "#fingerlime", "uv": [ 4.0, 0.0, 6.0, 3.0 ], "autoUv": false },
						"east": { "texture": "#fingerlime", "uv": [ 5.0, 0.0, 7.0, 3.0 ], "enabled": false, "autoUv": false },
						"south": { "texture": "#fingerlime", "uv": [ 0.0, 0.0, 2.0, 3.0 ], "autoUv": false },
						"west": { "texture": "#fingerlime", "uv": [ 5.0, 1.0, 8.0, 4.0 ], "autoUv": false },
						"up": { "texture": "#fingerlime", "uv": [ 1.0, 0.0, 3.0, 3.0 ], "autoUv": false },
						"down": { "texture": "#fingerlime", "uv": [ 4.0, 0.0, 6.0, 3.0 ], "autoUv": false }
					}
				},
				{
					"name": "Cube3",
					"from": [ 5.0, 0.25, 0.25 ], 
					"to": [ 6.0, 1.75, 1.75 ], 
					"rotationOrigin": [ 5.0, 0.0, 0.0 ],
					"faces": {
						"north": { "texture": "#fingerlime", "uv": [ 7.0, 0.0, 9.0, 3.0 ], "autoUv": false },
						"east": { "texture": "#fingerlime", "uv": [ 0.0, 0.0, 3.0, 3.0 ], "autoUv": false },
						"south": { "texture": "#fingerlime", "uv": [ 6.0, 0.0, 8.0, 3.0 ], "autoUv": false },
						"west": { "texture": "#fingerlime", "uv": [ 0.0, 0.0, 2.0, 3.0 ], "enabled": false, "autoUv": false },
						"up": { "texture": "#fingerlime", "uv": [ 0.0, 0.0, 2.0, 3.0 ], "autoUv": false },
						"down": { "texture": "#fingerlime", "uv": [ 4.0, 0.0, 6.0, 3.0 ], "autoUv": false }
					},
					"children": [
						{
							"name": "Cube4",
							"from": [ 0.7, 0.5, 0.5 ], 
							"to": [ 1.7, 1.0, 1.0 ], 
							"rotationOrigin": [ 0.7, 0.5, 0.5 ],
							"rotationY": -9.5,
							"rotationZ": -8.0,
							"faces": {
								"north": { "texture": "#fingerlime", "uv": [ 4.0, 1.0, 6.0, 2.0 ], "autoUv": false },
								"east": { "texture": "#fingerlime", "uv": [ 2.0, 1.0, 3.0, 2.0 ], "autoUv": false },
								"south": { "texture": "#fingerlime", "uv": [ 2.0, 1.0, 4.0, 2.0 ], "autoUv": false },
								"west": { "texture": "#fingerlime", "uv": [ 3.0, 2.0, 5.0, 3.0 ], "enabled": false, "autoUv": false },
								"up": { "texture": "#fingerlime", "uv": [ 3.0, 1.0, 5.0, 2.0 ], "autoUv": false },
								"down": { "texture": "#fingerlime", "uv": [ 5.0, 2.0, 7.0, 3.0 ], "autoUv": false }
							}
						}
					]
				}
			]
		},
		{
			"name": "Cube5",
			"from": [ 10.8, 0.1, 10.6 ], 
			"to": [ 13.8, 2.1, 12.6 ], 
			"rotationOrigin": [ 11.0, 0.0, 11.0 ],
			"rotationX": -163.0,
			"rotationY": -14.5,
			"rotationZ": 179.0,
			"faces": {
				"north": { "texture": "#fingerlime", "uv": [ 0.0, 5.0, 6.0, 9.0 ], "autoUv": false },
				"east": { "texture": "#fingerlime", "uv": [ 5.0, 10.0, 9.0, 14.0 ], "autoUv": false },
				"south": { "texture": "#fingerlime", "uv": [ 1.0, 5.0, 7.0, 9.0 ], "autoUv": false },
				"west": { "texture": "#fingerlime", "uv": [ 2.0, 5.0, 6.0, 9.0 ], "autoUv": false },
				"up": { "texture": "#fingerlime", "uv": [ 4.0, 5.0, 10.0, 9.0 ], "autoUv": false },
				"down": { "texture": "#fingerlime", "uv": [ 1.0, 5.0, 7.0, 9.0 ], "autoUv": false }
			},
			"children": [
				{
					"name": "Cube6",
					"from": [ -1.0, 0.25, 0.25 ], 
					"to": [ 0.0, 1.75, 1.75 ], 
					"rotationOrigin": [ -1.0, 0.0, 0.0 ],
					"faces": {
						"north": { "texture": "#fingerlime", "uv": [ 3.0, 5.0, 5.0, 8.0 ], "autoUv": false },
						"east": { "texture": "#fingerlime", "uv": [ 4.0, 5.0, 6.0, 8.0 ], "enabled": false, "autoUv": false },
						"south": { "texture": "#fingerlime", "uv": [ 5.0, 6.0, 7.0, 9.0 ], "autoUv": false },
						"west": { "texture": "#fingerlime", "uv": [ 5.0, 5.0, 8.0, 8.0 ], "autoUv": false },
						"up": { "texture": "#fingerlime", "uv": [ 8.0, 6.0, 10.0, 9.0 ], "autoUv": false },
						"down": { "texture": "#fingerlime", "uv": [ 5.0, 6.0, 7.0, 9.0 ], "autoUv": false }
					}
				},
				{
					"name": "Cube11",
					"from": [ 3.0, 1.25, 1.25 ], 
					"to": [ 3.3, 1.75, 1.75 ], 
					"rotationOrigin": [ 3.0, 1.0, 1.0 ],
					"faces": {
						"north": { "texture": "#fingerlime", "uv": [ 7.0, 11.0, 8.0, 12.0 ] },
						"east": { "texture": "#fingerlime", "uv": [ 6.0, 11.0, 7.0, 12.0 ] },
						"south": { "texture": "#fingerlime", "uv": [ 6.0, 12.0, 7.0, 13.0 ] },
						"west": { "texture": "#fingerlime", "uv": [ 7.0, 11.0, 8.0, 12.0 ], "enabled": false },
						"up": { "texture": "#fingerlime", "uv": [ 6.0, 12.0, 7.0, 13.0 ] },
						"down": { "texture": "#fingerlime", "uv": [ 7.0, 11.0, 8.0, 12.0 ] }
					}
				},
				{
					"name": "Cube12",
					"from": [ 3.0, 0.25, 0.5 ], 
					"to": [ 3.3, 0.75, 1.0 ], 
					"rotationOrigin": [ 3.0, 0.0, 0.0 ],
					"faces": {
						"north": { "texture": "#fingerlime", "uv": [ 7.0, 11.0, 8.0, 12.0 ] },
						"east": { "texture": "#fingerlime", "uv": [ 6.0, 12.0, 7.0, 13.0 ] },
						"south": { "texture": "#fingerlime", "uv": [ 6.0, 11.0, 7.0, 12.0 ] },
						"west": { "texture": "#fingerlime", "uv": [ 7.0, 12.0, 8.0, 13.0 ], "enabled": false },
						"up": { "texture": "#fingerlime", "uv": [ 7.0, 12.0, 8.0, 13.0 ] },
						"down": { "texture": "#fingerlime", "uv": [ 7.0, 11.0, 8.0, 12.0 ] }
					}
				},
				{
					"name": "Cube13",
					"from": [ 3.0, 1.0, 1.0 ], 
					"to": [ 3.5, 1.5, 1.5 ], 
					"rotationOrigin": [ 3.0, 0.0, 1.0 ],
					"faces": {
						"north": { "texture": "#fingerlime", "uv": [ 6.0, 12.0, 7.0, 13.0 ] },
						"east": { "texture": "#fingerlime", "uv": [ 6.0, 12.0, 7.0, 13.0 ] },
						"south": { "texture": "#fingerlime", "uv": [ 7.0, 11.0, 8.0, 12.0 ] },
						"west": { "texture": "#fingerlime", "uv": [ 0.0, 0.0, 1.0, 1.0 ], "enabled": false },
						"up": { "texture": "#fingerlime", "uv": [ 7.0, 12.0, 8.0, 13.0 ] },
						"down": { "texture": "#fingerlime", "uv": [ 6.0, 11.0, 7.0, 12.0 ] }
					}
				},
				{
					"name": "Cube14",
					"from": [ 3.0, 0.6, 0.25 ], 
					"to": [ 3.5, 1.1, 0.75 ], 
					"rotationOrigin": [ 3.0, -1.0, 0.0 ],
					"faces": {
						"north": { "texture": "#fingerlime", "uv": [ 6.0, 12.0, 7.0, 13.0 ] },
						"east": { "texture": "#fingerlime", "uv": [ 6.0, 11.0, 7.0, 12.0 ] },
						"south": { "texture": "#fingerlime", "uv": [ 7.0, 11.0, 8.0, 12.0 ] },
						"west": { "texture": "#fingerlime", "uv": [ 0.0, 0.0, 1.0, 1.0 ], "enabled": false },
						"up": { "texture": "#fingerlime", "uv": [ 6.0, 11.0, 7.0, 12.0 ] },
						"down": { "texture": "#fingerlime", "uv": [ 6.0, 12.0, 7.0, 13.0 ] }
					}
				},
				{
					"name": "Cube15",
					"from": [ 3.0, 1.1, 0.5 ], 
					"to": [ 3.3, 1.6, 1.0 ], 
					"rotationOrigin": [ 3.0, 1.0, 0.0 ],
					"faces": {
						"north": { "texture": "#fingerlime", "uv": [ 7.0, 11.0, 8.0, 12.0 ] },
						"east": { "texture": "#fingerlime", "uv": [ 6.0, 11.0, 7.0, 12.0 ] },
						"south": { "texture": "#fingerlime", "uv": [ 6.0, 11.0, 7.0, 12.0 ] },
						"west": { "texture": "#fingerlime", "uv": [ 0.0, 0.0, 1.0, 1.0 ], "enabled": false },
						"up": { "texture": "#fingerlime", "uv": [ 6.0, 12.0, 7.0, 13.0 ] },
						"down": { "texture": "#fingerlime", "uv": [ 6.0, 11.0, 7.0, 12.0 ] }
					}
				}
			]
		},
		{
			"name": "Cube7",
			"from": [ 6.4, -0.3, 12.4 ], 
			"to": [ 9.4, 1.7, 14.4 ], 
			"rotationOrigin": [ 6.0, 0.0, 12.0 ],
			"rotationX": -157.0,
			"rotationY": 51.5,
			"rotationZ": 158.0,
			"faces": {
				"north": { "texture": "#fingerlime", "uv": [ 3.0, 5.0, 9.0, 9.0 ], "autoUv": false },
				"east": { "texture": "#fingerlime", "uv": [ 1.0, 5.0, 5.0, 9.0 ], "autoUv": false },
				"south": { "texture": "#fingerlime", "uv": [ 0.0, 5.0, 6.0, 9.0 ], "autoUv": false },
				"west": { "texture": "#fingerlime", "uv": [ 5.0, 10.0, 9.0, 14.0 ], "autoUv": false },
				"up": { "texture": "#fingerlime", "uv": [ 1.0, 5.0, 7.0, 9.0 ], "autoUv": false },
				"down": { "texture": "#fingerlime", "uv": [ 4.0, 5.0, 10.0, 9.0 ], "autoUv": false }
			},
			"children": [
				{
					"name": "Cube9",
					"from": [ 3.0, 0.25, 0.25 ], 
					"to": [ 4.0, 1.75, 1.75 ], 
					"rotationOrigin": [ 3.0, 0.0, 0.0 ],
					"faces": {
						"north": { "texture": "#fingerlime", "uv": [ 5.0, 6.0, 7.0, 9.0 ], "autoUv": false },
						"east": { "texture": "#fingerlime", "uv": [ 3.0, 6.0, 6.0, 9.0 ], "autoUv": false },
						"south": { "texture": "#fingerlime", "uv": [ 2.0, 5.0, 4.0, 8.0 ], "autoUv": false },
						"west": { "texture": "#fingerlime", "uv": [ 2.0, 5.0, 3.0, 6.0 ], "enabled": false },
						"up": { "texture": "#fingerlime", "uv": [ 6.0, 5.0, 8.0, 8.0 ], "autoUv": false },
						"down": { "texture": "#fingerlime", "uv": [ 0.0, 5.0, 2.0, 8.0 ], "autoUv": false }
					},
					"children": [
						{
							"name": "Cube10",
							"from": [ 0.7, 0.5, 0.5 ], 
							"to": [ 1.7, 1.0, 1.0 ], 
							"rotationOrigin": [ 0.7, 0.5, 0.5 ],
							"rotationY": -9.5,
							"rotationZ": -8.0,
							"faces": {
								"north": { "texture": "#fingerlime", "uv": [ 4.0, 6.0, 6.0, 7.0 ], "autoUv": false },
								"east": { "texture": "#fingerlime", "uv": [ 5.0, 6.0, 6.0, 7.0 ], "autoUv": false },
								"south": { "texture": "#fingerlime", "uv": [ 2.0, 6.0, 4.0, 7.0 ], "autoUv": false },
								"west": { "texture": "#fingerlime", "uv": [ 0.0, 0.0, 1.0, 1.0 ], "enabled": false },
								"up": { "texture": "#fingerlime", "uv": [ 4.0, 6.0, 6.0, 7.0 ], "autoUv": false },
								"down": { "texture": "#fingerlime", "uv": [ 2.0, 7.0, 4.0, 8.0 ], "autoUv": false }
							}
						}
					]
				},
				{
					"name": "Cube17",
					"from": [ -0.5, 1.0, 0.3 ], 
					"to": [ 0.0, 1.5, 0.8 ], 
					"rotationOrigin": [ 0.0, 1.0, 0.0 ],
					"faces": {
						"north": { "texture": "#fingerlime", "uv": [ 7.0, 11.0, 8.0, 12.0 ] },
						"east": { "texture": "#fingerlime", "uv": [ 0.0, 0.0, 1.0, 1.0 ], "enabled": false },
						"south": { "texture": "#fingerlime", "uv": [ 7.0, 11.0, 8.0, 12.0 ] },
						"west": { "texture": "#fingerlime", "uv": [ 6.0, 12.0, 7.0, 13.0 ] },
						"up": { "texture": "#fingerlime", "uv": [ 7.0, 12.0, 8.0, 13.0 ] },
						"down": { "texture": "#fingerlime", "uv": [ 6.0, 11.0, 7.0, 12.0 ] }
					}
				},
				{
					"name": "Cube18",
					"from": [ -0.3, 0.25, 0.6 ], 
					"to": [ 0.0, 0.75, 1.1 ], 
					"faces": {
						"north": { "texture": "#fingerlime", "uv": [ 6.0, 11.0, 7.0, 12.0 ] },
						"east": { "texture": "#fingerlime", "uv": [ 0.0, 0.0, 1.0, 1.0 ], "enabled": false },
						"south": { "texture": "#fingerlime", "uv": [ 6.0, 12.0, 7.0, 13.0 ] },
						"west": { "texture": "#fingerlime", "uv": [ 7.0, 12.0, 8.0, 13.0 ] },
						"up": { "texture": "#fingerlime", "uv": [ 6.0, 12.0, 7.0, 13.0 ] },
						"down": { "texture": "#fingerlime", "uv": [ 7.0, 11.0, 8.0, 12.0 ] }
					}
				},
				{
					"name": "Cube19",
					"from": [ -0.3, 1.25, 1.0 ], 
					"to": [ 0.0, 1.75, 1.5 ], 
					"rotationOrigin": [ 0.0, 1.0, 0.0 ],
					"faces": {
						"north": { "texture": "#fingerlime", "uv": [ 6.0, 11.0, 7.0, 12.0 ] },
						"east": { "texture": "#fingerlime", "uv": [ 0.0, 0.0, 1.0, 1.0 ], "enabled": false },
						"south": { "texture": "#fingerlime", "uv": [ 7.0, 11.0, 8.0, 12.0 ] },
						"west": { "texture": "#fingerlime", "uv": [ 6.0, 11.0, 7.0, 12.0 ] },
						"up": { "texture": "#fingerlime", "uv": [ 6.0, 12.0, 7.0, 13.0 ] },
						"down": { "texture": "#fingerlime", "uv": [ 7.0, 11.0, 8.0, 12.0 ] }
					}
				},
				{
					"name": "Cube20",
					"from": [ -0.5, 0.6, 1.1 ], 
					"to": [ 0.0, 1.1, 1.6 ], 
					"faces": {
						"north": { "texture": "#fingerlime", "uv": [ 6.0, 12.0, 7.0, 13.0 ] },
						"east": { "texture": "#fingerlime", "uv": [ 0.0, 0.0, 1.0, 1.0 ], "enabled": false },
						"south": { "texture": "#fingerlime", "uv": [ 6.0, 11.0, 7.0, 12.0 ] },
						"west": { "texture": "#fingerlime", "uv": [ 6.0, 11.0, 7.0, 12.0 ] },
						"up": { "texture": "#fingerlime", "uv": [ 7.0, 11.0, 8.0, 12.0 ] },
						"down": { "texture": "#fingerlime", "uv": [ 6.0, 12.0, 7.0, 13.0 ] }
					}
				}
			]
		},
		{
			"name": "Cube16",
			"from": [ 6.4, -0.2, 12.1 ], 
			"to": [ 6.9, 0.3, 12.6 ], 
			"rotationOrigin": [ 7.0, -1.0, 12.0 ],
			"rotationX": -168.0,
			"rotationY": -53.0,
			"rotationZ": -180.0,
			"faces": {
				"north": { "texture": "#fingerlime", "uv": [ 6.0, 12.0, 7.0, 13.0 ] },
				"east": { "texture": "#fingerlime", "uv": [ 7.0, 11.0, 8.0, 12.0 ] },
				"south": { "texture": "#fingerlime", "uv": [ 6.0, 12.0, 7.0, 13.0 ] },
				"west": { "texture": "#fingerlime", "uv": [ 6.0, 12.0, 7.0, 13.0 ] },
				"up": { "texture": "#fingerlime", "uv": [ 6.0, 11.0, 7.0, 12.0 ] },
				"down": { "texture": "#fingerlime", "uv": [ 7.0, 12.0, 8.0, 13.0 ] }
			}
		}
	]}