{
	"editor": {
		"allAngles": false,
		"entityTextureMode": false
	},
	"textureWidth": 16,
	"textureHeight": 16,
	"textureSizes": {
	},
	"textures": {
		"juniper": "items/fruit/juniper"
	},
	"elements": [
		{
			"name": "Apricot",
			"from": [ 6.0, 0.6, 6.0 ], 
			"to": [ 7.0, 1.6, 7.0 ], 
			"rotationOrigin": [ 8.0, 0.0, 8.0 ],
			"rotationX": -22.5,
			"faces": {
				"north": { "texture": "#juniper", "uv": [ 0.0, 1.0, 2.0, 3.0 ], "rotation": 180, "autoUv": false },
				"east": { "texture": "#juniper", "uv": [ 1.0, 6.0, 3.0, 8.0 ], "autoUv": false },
				"south": { "texture": "#juniper", "uv": [ 1.0, 4.0, 3.0, 6.0 ], "rotation": 180, "autoUv": false },
				"west": { "texture": "#juniper", "uv": [ 1.0, 1.0, 3.0, 3.0 ], "autoUv": false },
				"up": { "texture": "#juniper", "uv": [ 1.0, 2.0, 3.0, 4.0 ], "rotation": 180, "autoUv": false },
				"down": { "texture": "#juniper", "uv": [ 0.0, 0.0, 2.0, 2.0 ], "rotation": 180, "autoUv": false }
			}
		},
		{
			"name": "Cube1",
			"from": [ 7.0, 0.0, 7.0 ], 
			"to": [ 8.0, 1.0, 8.0 ], 
			"rotationOrigin": [ 7.0, 0.0, 7.0 ],
			"rotationY": -45.0,
			"rotationZ": -22.5,
			"faces": {
				"north": { "texture": "#juniper", "uv": [ 2.0, 4.0, 4.0, 6.0 ], "autoUv": false },
				"east": { "texture": "#juniper", "uv": [ 0.0, 1.0, 2.0, 3.0 ], "autoUv": false },
				"south": { "texture": "#juniper", "uv": [ 1.0, 2.0, 3.0, 4.0 ], "autoUv": false },
				"west": { "texture": "#juniper", "uv": [ 0.0, 0.0, 2.0, 2.0 ], "autoUv": false },
				"up": { "texture": "#juniper", "uv": [ 1.0, 2.0, 3.0, 4.0 ], "autoUv": false },
				"down": { "texture": "#juniper", "uv": [ 1.0, 4.0, 3.0, 6.0 ], "autoUv": false }
			}
		},
		{
			"name": "Cube3",
			"from": [ 9.0, 0.0, 6.0 ], 
			"to": [ 10.5, 1.5, 7.5 ], 
			"rotationOrigin": [ 9.0, 0.0, 6.0 ],
			"rotationY": -74.0,
			"faces": {
				"north": { "texture": "#juniper", "uv": [ 0.0, 1.0, 3.0, 4.0 ], "autoUv": false },
				"east": { "texture": "#juniper", "uv": [ 1.0, 4.0, 4.0, 7.0 ], "autoUv": false },
				"south": { "texture": "#juniper", "uv": [ 0.0, 3.0, 3.0, 6.0 ], "autoUv": false },
				"west": { "texture": "#juniper", "uv": [ 0.0, 4.0, 3.0, 7.0 ], "autoUv": false },
				"up": { "texture": "#juniper", "uv": [ 0.0, 0.0, 3.0, 3.0 ], "autoUv": false },
				"down": { "texture": "#juniper", "uv": [ 1.0, 4.0, 4.0, 7.0 ], "autoUv": false }
			},
			"children": [
				{
					"name": "Cube6",
					"from": [ 2.0, 0.0, -1.5 ], 
					"to": [ 3.0, 1.0, -0.5 ], 
					"rotationOrigin": [ 2.0, 0.0, -1.0 ],
					"rotationX": 13.0,
					"faces": {
						"north": { "texture": "#juniper", "uv": [ 0.0, 0.0, 2.0, 2.0 ], "autoUv": false },
						"east": { "texture": "#juniper", "uv": [ 0.0, 1.0, 2.0, 3.0 ], "autoUv": false },
						"south": { "texture": "#juniper", "uv": [ 2.0, 4.0, 4.0, 6.0 ], "autoUv": false },
						"west": { "texture": "#juniper", "uv": [ 2.0, 4.0, 4.0, 6.0 ], "autoUv": false },
						"up": { "texture": "#juniper", "uv": [ 1.0, 5.0, 3.0, 7.0 ], "autoUv": false },
						"down": { "texture": "#juniper", "uv": [ 0.0, 5.0, 2.0, 7.0 ], "autoUv": false }
					}
				},
				{
					"name": "Cube8",
					"from": [ -1.0, 1.3, 0.0 ], 
					"to": [ 3.0, 5.3, 0.0 ], 
					"rotationOrigin": [ 1.0, 1.5, 0.0 ],
					"rotationX": -45.0,
					"rotationY": -22.5,
					"faces": {
						"north": { "texture": "#juniper", "uv": [ 0.0, 0.0, 4.0, 4.0 ], "enabled": false },
						"east": { "texture": "#juniper", "uv": [ 0.0, 0.0, 1.0, 4.0 ], "enabled": false },
						"south": { "texture": "#juniper", "uv": [ 5.0, 0.0, 13.0, 8.0 ], "autoUv": false },
						"west": { "texture": "#juniper", "uv": [ 0.0, 0.0, 1.0, 4.0 ], "enabled": false },
						"up": { "texture": "#juniper", "uv": [ 0.0, 0.0, 4.0, 1.0 ], "enabled": false },
						"down": { "texture": "#juniper", "uv": [ 0.0, 0.0, 4.0, 1.0 ], "enabled": false }
					}
				},
				{
					"name": "Cube9",
					"from": [ 0.0, 1.3, 1.5 ], 
					"to": [ 1.5, 3.3, 1.5 ], 
					"rotationOrigin": [ 1.0, 1.5, 1.5 ],
					"rotationX": 67.5,
					"rotationY": -22.5,
					"faces": {
						"north": { "texture": "#juniper", "uv": [ 9.0, 0.0, 12.0, 4.0 ], "autoUv": false, "windMode": [-1,-1,-1,-1] },
						"east": { "texture": "#juniper", "uv": [ 0.0, 0.0, 1.0, 2.0 ], "enabled": false },
						"south": { "texture": "#juniper", "uv": [ 9.0, 0.0, 12.0, 4.0 ], "enabled": false, "autoUv": false },
						"west": { "texture": "#juniper", "uv": [ 0.0, 0.0, 1.0, 2.0 ], "enabled": false },
						"up": { "texture": "#juniper", "uv": [ 0.0, 0.0, 1.0, 1.0 ], "enabled": false },
						"down": { "texture": "#juniper", "uv": [ 0.0, 0.0, 1.0, 1.0 ], "enabled": false }
					}
				}
			]
		},
		{
			"name": "Cube4",
			"from": [ 9.0, 0.0, 8.0 ], 
			"to": [ 10.0, 1.0, 9.0 ], 
			"rotationOrigin": [ 9.0, 0.0, 8.0 ],
			"rotationX": 22.5,
			"rotationY": -22.5,
			"faces": {
				"north": { "texture": "#juniper", "uv": [ 2.0, 2.0, 4.0, 4.0 ], "autoUv": false },
				"east": { "texture": "#juniper", "uv": [ 2.0, 1.0, 4.0, 3.0 ], "autoUv": false },
				"south": { "texture": "#juniper", "uv": [ 0.0, 4.0, 2.0, 6.0 ], "autoUv": false },
				"west": { "texture": "#juniper", "uv": [ 2.0, 3.0, 4.0, 5.0 ], "autoUv": false },
				"up": { "texture": "#juniper", "uv": [ 0.0, 3.0, 2.0, 5.0 ], "autoUv": false },
				"down": { "texture": "#juniper", "uv": [ 0.0, 0.0, 2.0, 2.0 ], "autoUv": false }
			}
		},
		{
			"name": "Cube5",
			"from": [ 10.0, 0.0, 5.0 ], 
			"to": [ 11.0, 1.0, 6.0 ], 
			"rotationOrigin": [ 10.0, 0.0, 5.0 ],
			"rotationX": -22.5,
			"rotationY": -135.0,
			"faces": {
				"north": { "texture": "#juniper", "uv": [ 2.0, 1.0, 4.0, 3.0 ], "autoUv": false },
				"east": { "texture": "#juniper", "uv": [ 0.0, 0.0, 2.0, 2.0 ], "autoUv": false },
				"south": { "texture": "#juniper", "uv": [ 2.0, 2.0, 4.0, 4.0 ], "autoUv": false },
				"west": { "texture": "#juniper", "uv": [ 1.0, 4.0, 3.0, 6.0 ], "autoUv": false },
				"up": { "texture": "#juniper", "uv": [ 2.0, 5.0, 4.0, 7.0 ], "autoUv": false },
				"down": { "texture": "#juniper", "uv": [ 1.0, 2.0, 3.0, 4.0 ], "autoUv": false }
			}
		},
		{
			"name": "Cube7",
			"from": [ 5.3, -0.2, 10.0 ], 
			"to": [ 6.3, 0.8, 11.0 ], 
			"rotationOrigin": [ 6.0, -1.0, 10.0 ],
			"rotationX": -45.0,
			"rotationY": 45.0,
			"faces": {
				"north": { "texture": "#juniper", "uv": [ 2.0, 4.0, 4.0, 6.0 ], "autoUv": false },
				"east": { "texture": "#juniper", "uv": [ 0.0, 0.0, 2.0, 2.0 ], "autoUv": false },
				"south": { "texture": "#juniper", "uv": [ 1.0, 4.0, 3.0, 6.0 ], "autoUv": false },
				"west": { "texture": "#juniper", "uv": [ 1.0, 3.0, 3.0, 5.0 ], "autoUv": false },
				"up": { "texture": "#juniper", "uv": [ 2.0, 0.0, 4.0, 2.0 ], "autoUv": false },
				"down": { "texture": "#juniper", "uv": [ 0.0, 5.0, 2.0, 7.0 ], "autoUv": false }
			}
		}
	]}