{
	"editor": {
		"allAngles": false,
		"entityTextureMode": false
	},
	"textureWidth": 16,
	"textureHeight": 16,
	"textureSizes": {
	},
	"textures": {
		"pinenut": "items/fruit/pinenut"
	},
	"elements": [
		{
			"name": "Cube1",
			"from": [ 7.0, 0.0, 8.0 ], 
			"to": [ 8.5, 1.0, 9.0 ], 
			"rotationOrigin": [ 7.0, 0.0, 8.0 ],
			"faces": {
				"north": { "texture": "#pinenut", "uv": [ 0.0, 0.0, 3.0, 2.0 ], "autoUv": false },
				"east": { "texture": "#pinenut", "uv": [ 3.0, 3.0, 5.0, 5.0 ], "autoUv": false },
				"south": { "texture": "#pinenut", "uv": [ 1.0, 2.0, 4.0, 4.0 ], "autoUv": false },
				"west": { "texture": "#pinenut", "uv": [ 3.0, 1.0, 5.0, 3.0 ], "autoUv": false },
				"up": { "texture": "#pinenut", "uv": [ 1.0, 3.0, 4.0, 5.0 ], "autoUv": false },
				"down": { "texture": "#pinenut", "uv": [ 2.0, 3.0, 5.0, 5.0 ], "autoUv": false }
			}
		},
		{
			"name": "Cube2",
			"from": [ 9.0, 0.0, 9.0 ], 
			"to": [ 10.5, 1.0, 10.0 ], 
			"rotationOrigin": [ 10.0, 0.0, 9.0 ],
			"rotationX": 22.5,
			"rotationY": -22.5,
			"rotationZ": -18.0,
			"faces": {
				"north": { "texture": "#pinenut", "uv": [ 2.0, 3.0, 5.0, 5.0 ], "autoUv": false },
				"east": { "texture": "#pinenut", "uv": [ 3.0, 2.0, 5.0, 4.0 ], "autoUv": false },
				"south": { "texture": "#pinenut", "uv": [ 0.0, 1.0, 3.0, 3.0 ], "autoUv": false },
				"west": { "texture": "#pinenut", "uv": [ 2.0, 4.0, 4.0, 6.0 ], "autoUv": false },
				"up": { "texture": "#pinenut", "uv": [ 1.0, 1.0, 4.0, 3.0 ], "autoUv": false },
				"down": { "texture": "#pinenut", "uv": [ 1.0, 3.0, 4.0, 5.0 ], "autoUv": false }
			}
		},
		{
			"name": "Cube3",
			"from": [ 6.7, 0.0, 9.6 ], 
			"to": [ 8.2, 1.0, 10.6 ], 
			"rotationOrigin": [ 7.0, 0.0, 9.0 ],
			"rotationX": 17.0,
			"rotationY": 26.0,
			"faces": {
				"north": { "texture": "#pinenut", "uv": [ 2.0, 2.0, 5.0, 4.0 ], "autoUv": false },
				"east": { "texture": "#pinenut", "uv": [ 2.0, 1.0, 4.0, 3.0 ], "autoUv": false },
				"south": { "texture": "#pinenut", "uv": [ 3.0, 2.0, 6.0, 4.0 ], "autoUv": false },
				"west": { "texture": "#pinenut", "uv": [ 2.0, 1.0, 4.0, 3.0 ], "autoUv": false },
				"up": { "texture": "#pinenut", "uv": [ 0.0, 0.0, 3.0, 2.0 ], "autoUv": false },
				"down": { "texture": "#pinenut", "uv": [ 2.0, 2.0, 5.0, 4.0 ], "autoUv": false }
			}
		},
		{
			"name": "Cube4",
			"from": [ 8.9, 0.0, 6.0 ], 
			"to": [ 10.9, 1.5, 7.5 ], 
			"rotationOrigin": [ 9.0, 0.0, 6.0 ],
			"rotationY": -41.0,
			"faces": {
				"north": { "texture": "#pinenut", "uv": [ 1.0, 8.0, 5.0, 11.0 ], "autoUv": false },
				"east": { "texture": "#pinenut", "uv": [ 2.0, 9.0, 5.0, 12.0 ], "autoUv": false },
				"south": { "texture": "#pinenut", "uv": [ 1.0, 8.0, 5.0, 11.0 ], "autoUv": false },
				"west": { "texture": "#pinenut", "uv": [ 1.0, 7.0, 4.0, 10.0 ], "autoUv": false },
				"up": { "texture": "#pinenut", "uv": [ 2.0, 10.0, 6.0, 13.0 ], "autoUv": false },
				"down": { "texture": "#pinenut", "uv": [ 1.0, 8.0, 5.0, 11.0 ], "autoUv": false }
			}
		},
		{
			"name": "Cube5",
			"from": [ 6.0, 0.0, 7.1 ], 
			"to": [ 7.5, 1.0, 8.1 ], 
			"rotationOrigin": [ 6.0, 0.0, 7.0 ],
			"rotationX": 22.5,
			"rotationY": 45.0,
			"rotationZ": 22.5,
			"faces": {
				"north": { "texture": "#pinenut", "uv": [ 0.0, 0.0, 3.0, 2.0 ], "autoUv": false },
				"east": { "texture": "#pinenut", "uv": [ 3.0, 3.0, 5.0, 5.0 ], "autoUv": false },
				"south": { "texture": "#pinenut", "uv": [ 1.0, 2.0, 4.0, 4.0 ], "autoUv": false },
				"west": { "texture": "#pinenut", "uv": [ 3.0, 1.0, 5.0, 3.0 ], "autoUv": false },
				"up": { "texture": "#pinenut", "uv": [ 1.0, 3.0, 4.0, 5.0 ], "autoUv": false },
				"down": { "texture": "#pinenut", "uv": [ 2.0, 3.0, 5.0, 5.0 ], "autoUv": false }
			}
		},
		{
			"name": "Cube6",
			"from": [ 9.9, 0.0, 8.0 ], 
			"to": [ 11.4, 1.0, 9.0 ], 
			"rotationOrigin": [ 10.5, 0.0, 8.0 ],
			"rotationX": -22.5,
			"rotationY": 22.5,
			"faces": {
				"north": { "texture": "#pinenut", "uv": [ 0.0, 0.0, 3.0, 2.0 ], "autoUv": false },
				"east": { "texture": "#pinenut", "uv": [ 3.0, 3.0, 5.0, 5.0 ], "autoUv": false },
				"south": { "texture": "#pinenut", "uv": [ 1.0, 2.0, 4.0, 4.0 ], "autoUv": false },
				"west": { "texture": "#pinenut", "uv": [ 3.0, 1.0, 5.0, 3.0 ], "autoUv": false },
				"up": { "texture": "#pinenut", "uv": [ 1.0, 3.0, 4.0, 5.0 ], "autoUv": false },
				"down": { "texture": "#pinenut", "uv": [ 2.0, 3.0, 5.0, 5.0 ], "autoUv": false }
			}
		}
	]}