{
	"editor": {
		"allAngles": true,
		"entityTextureMode": false
	},
	"textureWidth": 8,
	"textureHeight": 8,
	"textureSizes": {
	},
	"textures": {
		"sallowthorn": "items/fruit/sallowthorn"
	},
	"elements": [
		{
			"name": "origin",
			"from": [ 8.0, 0.0, 8.0 ], 
			"to": [ 8.0, 0.0, 8.0 ], 
			"rotationOrigin": [ 8.0, 0.0, 8.0 ],
			"faces": {
				"north": { "texture": "#sallowthorn", "uv": [ 0.0, 0.0, 0.5, 0.5 ], "enabled": false },
				"east": { "texture": "#sallowthorn", "uv": [ 0.0, 0.0, 0.5, 0.5 ], "enabled": false },
				"south": { "texture": "#sallowthorn", "uv": [ 0.0, 0.0, 0.5, 0.5 ], "enabled": false },
				"west": { "texture": "#sallowthorn", "uv": [ 0.0, 0.0, 0.5, 0.5 ], "enabled": false },
				"up": { "texture": "#sallowthorn", "uv": [ 0.0, 0.0, 0.5, 0.5 ], "enabled": false },
				"down": { "texture": "#sallowthorn", "uv": [ 0.0, 0.0, 0.5, 0.5 ], "enabled": false }
			},
			"children": [
				{
					"name": "stem",
					"from": [ -7.0, 1.0, 0.0 ], 
					"to": [ 1.0, 1.5, 0.5 ], 
					"rotationOrigin": [ 4.0, 1.0, 0.0 ],
					"rotationY": -8.0,
					"faces": {
						"north": { "texture": "#sallowthorn", "uv": [ 0.0, 6.5, 8.0, 7.0 ] },
						"east": { "texture": "#sallowthorn", "uv": [ 6.5, 6.0, 7.0, 6.5 ] },
						"south": { "texture": "#sallowthorn", "uv": [ 0.0, 6.5, 8.0, 7.0 ] },
						"west": { "texture": "#sallowthorn", "uv": [ 1.5, 6.0, 2.0, 6.5 ], "autoUv": false },
						"up": { "texture": "#sallowthorn", "uv": [ 0.0, 7.0, 8.0, 7.5 ], "autoUv": false },
						"down": { "texture": "#sallowthorn", "uv": [ 0.0, 6.5, 8.0, 7.0 ] }
					},
					"children": [
						{
							"name": "Cube3",
							"from": [ 1.0, -0.3, 0.0 ], 
							"to": [ 3.0, 1.7, 2.0 ], 
							"rotationOrigin": [ 4.0, 0.0, 0.0 ],
							"rotationX": -25.0,
							"rotationY": 17.0,
							"faces": {
								"north": { "texture": "#sallowthorn", "uv": [ 0.0, 0.0, 2.0, 2.0 ] },
								"east": { "texture": "#sallowthorn", "uv": [ 1.0, 1.5, 3.0, 3.5 ] },
								"south": { "texture": "#sallowthorn", "uv": [ 1.0, 0.5, 3.0, 2.5 ] },
								"west": { "texture": "#sallowthorn", "uv": [ 1.0, 0.5, 3.0, 2.5 ] },
								"up": { "texture": "#sallowthorn", "uv": [ 1.0, 1.0, 3.0, 3.0 ] },
								"down": { "texture": "#sallowthorn", "uv": [ 1.0, 0.0, 3.0, 2.0 ] }
							}
						},
						{
							"name": "Cube1",
							"from": [ 1.0, -0.6, -2.0 ], 
							"to": [ 3.0, 1.4, 0.0 ], 
							"rotationOrigin": [ 3.0, -1.0, 0.0 ],
							"rotationX": 8.0,
							"rotationY": -17.0,
							"faces": {
								"north": { "texture": "#sallowthorn", "uv": [ 0.0, 0.5, 2.0, 2.5 ] },
								"east": { "texture": "#sallowthorn", "uv": [ 1.0, 0.5, 3.0, 2.5 ] },
								"south": { "texture": "#sallowthorn", "uv": [ 1.0, 1.0, 3.0, 3.0 ] },
								"west": { "texture": "#sallowthorn", "uv": [ 0.5, 1.0, 2.5, 3.0 ] },
								"up": { "texture": "#sallowthorn", "uv": [ 1.0, 1.0, 3.0, 3.0 ] },
								"down": { "texture": "#sallowthorn", "uv": [ 0.5, 0.5, 2.5, 2.5 ] }
							}
						},
						{
							"name": "Cube5",
							"from": [ 2.0, -1.7, 0.0 ], 
							"to": [ 4.0, 0.3, 2.0 ], 
							"rotationOrigin": [ 4.0, 0.0, 0.0 ],
							"rotationX": 25.0,
							"rotationZ": 30.0,
							"faces": {
								"north": { "texture": "#sallowthorn", "uv": [ 0.0, 0.5, 2.0, 2.5 ] },
								"east": { "texture": "#sallowthorn", "uv": [ 0.5, 0.0, 2.5, 2.0 ] },
								"south": { "texture": "#sallowthorn", "uv": [ 0.0, 1.0, 2.0, 3.0 ] },
								"west": { "texture": "#sallowthorn", "uv": [ 1.0, 1.0, 3.0, 3.0 ] },
								"up": { "texture": "#sallowthorn", "uv": [ 1.0, 2.0, 3.0, 4.0 ] },
								"down": { "texture": "#sallowthorn", "uv": [ 1.5, 0.5, 3.5, 2.5 ] }
							}
						},
						{
							"name": "Cube6",
							"from": [ 4.0, 0.3, -2.0 ], 
							"to": [ 6.0, 2.3, 0.0 ], 
							"rotationOrigin": [ 6.0, 0.0, 0.0 ],
							"rotationX": 11.0,
							"rotationY": 25.0,
							"faces": {
								"north": { "texture": "#sallowthorn", "uv": [ 1.0, 1.0, 3.0, 3.0 ] },
								"east": { "texture": "#sallowthorn", "uv": [ 0.5, 1.0, 2.5, 3.0 ] },
								"south": { "texture": "#sallowthorn", "uv": [ 0.5, 0.5, 2.5, 2.5 ] },
								"west": { "texture": "#sallowthorn", "uv": [ 1.0, 1.5, 3.0, 3.5 ] },
								"up": { "texture": "#sallowthorn", "uv": [ 0.5, 1.0, 2.5, 3.0 ] },
								"down": { "texture": "#sallowthorn", "uv": [ 1.5, 0.0, 3.5, 2.0 ] }
							}
						},
						{
							"name": "Cube7",
							"from": [ 4.5, 0.0, 0.4 ], 
							"to": [ 6.5, 2.0, 2.4 ], 
							"rotationOrigin": [ 5.0, 0.0, 1.0 ],
							"rotationX": 36.0,
							"rotationY": -44.0,
							"faces": {
								"north": { "texture": "#sallowthorn", "uv": [ 1.0, 1.5, 3.0, 3.5 ] },
								"east": { "texture": "#sallowthorn", "uv": [ 1.0, 0.5, 3.0, 2.5 ] },
								"south": { "texture": "#sallowthorn", "uv": [ 0.5, 1.0, 2.5, 3.0 ] },
								"west": { "texture": "#sallowthorn", "uv": [ 1.0, 1.0, 3.0, 3.0 ] },
								"up": { "texture": "#sallowthorn", "uv": [ 0.0, 0.5, 2.0, 2.5 ] },
								"down": { "texture": "#sallowthorn", "uv": [ 0.5, 0.5, 2.5, 2.5 ] }
							}
						},
						{
							"name": "Cube8",
							"from": [ 5.0, -2.0, -2.0 ], 
							"to": [ 7.0, 0.0, 0.0 ], 
							"rotationOrigin": [ 6.0, 0.0, 0.0 ],
							"rotationX": -3.0,
							"rotationY": 11.0,
							"rotationZ": 22.0,
							"faces": {
								"north": { "texture": "#sallowthorn", "uv": [ 1.5, 1.0, 3.5, 3.0 ] },
								"east": { "texture": "#sallowthorn", "uv": [ 0.5, 1.5, 2.5, 3.5 ] },
								"south": { "texture": "#sallowthorn", "uv": [ 1.5, 0.5, 3.5, 2.5 ] },
								"west": { "texture": "#sallowthorn", "uv": [ 1.5, 1.0, 3.5, 3.0 ] },
								"up": { "texture": "#sallowthorn", "uv": [ 0.0, 0.5, 2.0, 2.5 ] },
								"down": { "texture": "#sallowthorn", "uv": [ 1.0, 0.5, 3.0, 2.5 ] }
							}
						},
						{
							"name": "Cube9",
							"from": [ 6.0, 0.0, 0.0 ], 
							"to": [ 8.0, 2.0, 2.0 ], 
							"rotationOrigin": [ 6.0, 0.0, 0.0 ],
							"rotationX": 22.0,
							"rotationY": 33.0,
							"rotationZ": 28.0,
							"faces": {
								"north": { "texture": "#sallowthorn", "uv": [ 1.0, 1.5, 3.0, 3.5 ] },
								"east": { "texture": "#sallowthorn", "uv": [ 0.5, 0.5, 2.5, 2.5 ] },
								"south": { "texture": "#sallowthorn", "uv": [ 0.0, 1.5, 2.0, 3.5 ] },
								"west": { "texture": "#sallowthorn", "uv": [ 0.5, 1.5, 2.5, 3.5 ] },
								"up": { "texture": "#sallowthorn", "uv": [ 0.5, 1.0, 2.5, 3.0 ] },
								"down": { "texture": "#sallowthorn", "uv": [ 1.0, 1.0, 3.0, 3.0 ] }
							}
						},
						{
							"name": "Cube10",
							"from": [ 8.0, 0.0, -1.8 ], 
							"to": [ 13.0, 0.0, 1.2 ], 
							"rotationOrigin": [ 8.0, 0.0, 0.0 ],
							"rotationX": 42.0,
							"rotationY": 22.0,
							"rotationZ": -30.0,
							"faces": {
								"north": { "texture": "#sallowthorn", "uv": [ 0.0, 0.0, 0.5, 5.0 ], "rotation": 90, "enabled": false },
								"east": { "texture": "#sallowthorn", "uv": [ 0.0, 0.0, 3.0, 0.5 ], "enabled": false },
								"south": { "texture": "#sallowthorn", "uv": [ 0.0, 0.0, 5.0, 0.5 ], "enabled": false },
								"west": { "texture": "#sallowthorn", "uv": [ 0.0, 0.0, 3.0, 0.5 ], "enabled": false },
								"up": { "texture": "#sallowthorn", "uv": [ 4.5, 0.5, 7.5, 5.5 ], "rotation": 90 },
								"down": { "texture": "#sallowthorn", "uv": [ 0.0, 0.0, 5.0, 3.0 ], "enabled": false }
							}
						},
						{
							"name": "Cube11",
							"from": [ 8.0, 0.3, -1.3 ], 
							"to": [ 13.0, 0.3, 1.7 ], 
							"rotationOrigin": [ 8.0, 0.0, 0.5 ],
							"rotationY": 11.0,
							"rotationZ": 39.0,
							"faces": {
								"north": { "texture": "#sallowthorn", "uv": [ 0.0, 0.0, 0.5, 5.0 ], "rotation": 90, "enabled": false },
								"east": { "texture": "#sallowthorn", "uv": [ 0.0, 0.0, 3.0, 0.5 ], "enabled": false },
								"south": { "texture": "#sallowthorn", "uv": [ 0.0, 0.0, 5.0, 0.5 ], "enabled": false },
								"west": { "texture": "#sallowthorn", "uv": [ 0.0, 0.0, 3.0, 0.5 ], "enabled": false },
								"up": { "texture": "#sallowthorn", "uv": [ 4.5, 0.5, 7.5, 5.5 ], "rotation": 90 },
								"down": { "texture": "#sallowthorn", "uv": [ 0.0, 0.0, 5.0, 3.0 ], "enabled": false }
							}
						},
						{
							"name": "Cube12",
							"from": [ 8.0, 0.0, -1.5 ], 
							"to": [ 13.0, 0.0, 1.5 ], 
							"rotationOrigin": [ 8.0, 0.0, 0.0 ],
							"rotationX": -30.0,
							"rotationY": -28.0,
							"faces": {
								"north": { "texture": "#sallowthorn", "uv": [ 0.0, 0.0, 5.0, 0.5 ], "enabled": false },
								"east": { "texture": "#sallowthorn", "uv": [ 0.0, 0.0, 3.0, 0.5 ], "enabled": false },
								"south": { "texture": "#sallowthorn", "uv": [ 0.0, 0.0, 5.0, 0.5 ], "enabled": false },
								"west": { "texture": "#sallowthorn", "uv": [ 0.0, 0.0, 3.0, 0.5 ], "enabled": false },
								"up": { "texture": "#sallowthorn", "uv": [ 4.5, 0.5, 7.5, 5.5 ], "rotation": 90, "autoUv": false },
								"down": { "texture": "#sallowthorn", "uv": [ 0.0, 0.0, 5.0, 3.0 ], "enabled": false }
							}
						}
					]
				}
			]
		}
	]}