{
	"editor": {
		"allAngles": true,
		"entityTextureMode": false
	},
	"textureWidth": 8,
	"textureHeight": 8,
	"textureSizes": {
	},
	"textures": {
		"spindle": "items/fruit/spindle"
	},
	"elements": [
		{
			"name": "origin",
			"from": [ 8.0, 0.0, 8.0 ], 
			"to": [ 8.0, 0.0, 8.0 ], 
			"rotationOrigin": [ 8.0, 0.0, 8.0 ],
			"faces": {
				"north": { "texture": "#spindle", "uv": [ 0.0, 0.0, 0.5, 0.5 ], "enabled": false },
				"east": { "texture": "#spindle", "uv": [ 0.0, 0.0, 0.5, 0.5 ], "enabled": false },
				"south": { "texture": "#spindle", "uv": [ 0.0, 0.0, 0.5, 0.5 ], "enabled": false },
				"west": { "texture": "#spindle", "uv": [ 0.0, 0.0, 0.5, 0.5 ], "enabled": false },
				"up": { "texture": "#spindle", "uv": [ 0.0, 0.0, 0.5, 0.5 ], "enabled": false },
				"down": { "texture": "#spindle", "uv": [ 0.0, 0.0, 0.5, 0.5 ], "enabled": false }
			},
			"children": [
				{
					"name": "cape",
					"from": [ -2.0, 0.0, -1.75 ], 
					"to": [ 0.5, 2.5, 1.75 ], 
					"rotationOrigin": [ -2.0, 0.0, -2.0 ],
					"faces": {
						"north": { "texture": "#spindle", "uv": [ 2.5, 3.0, 5.0, 5.5 ] },
						"east": { "texture": "#spindle", "uv": [ 4.5, 0.0, 8.0, 2.5 ], "autoUv": false },
						"south": { "texture": "#spindle", "uv": [ 2.0, 0.0, 4.5, 2.5 ] },
						"west": { "texture": "#spindle", "uv": [ 0.0, 0.0, 3.5, 2.5 ], "enabled": false },
						"up": { "texture": "#spindle", "uv": [ 0.0, 4.5, 2.5, 8.0 ] },
						"down": { "texture": "#spindle", "uv": [ 2.5, 2.0, 5.0, 5.5 ] }
					},
					"children": [
						{
							"name": "capetop",
							"from": [ 2.5, 0.25, 0.5 ], 
							"to": [ 3.0, 2.25, 3.0 ], 
							"rotationOrigin": [ 2.0, 0.0, 0.0 ],
							"faces": {
								"north": { "texture": "#spindle", "uv": [ 6.5, 0.0, 7.0, 2.0 ] },
								"east": { "texture": "#spindle", "uv": [ 5.0, 0.5, 7.5, 2.5 ] },
								"south": { "texture": "#spindle", "uv": [ 7.5, 0.0, 8.0, 2.0 ] },
								"west": { "texture": "#spindle", "uv": [ 0.0, 0.0, 2.5, 2.0 ], "enabled": false },
								"up": { "texture": "#spindle", "uv": [ 5.5, 0.0, 6.0, 2.5 ] },
								"down": { "texture": "#spindle", "uv": [ 5.5, 0.0, 6.0, 2.5 ] }
							}
						}
					]
				},
				{
					"name": "stems",
					"from": [ -3.0, 1.25, -1.25 ], 
					"to": [ 0.5, 1.25, 1.25 ], 
					"rotationOrigin": [ -3.0, 0.0, -1.0 ],
					"faces": {
						"north": { "texture": "#spindle", "uv": [ 0.0, 0.0, 3.5, 0.5 ], "enabled": false },
						"east": { "texture": "#spindle", "uv": [ 0.0, 0.0, 2.5, 0.5 ], "enabled": false },
						"south": { "texture": "#spindle", "uv": [ 0.0, 0.0, 3.5, 0.5 ], "enabled": false },
						"west": { "texture": "#spindle", "uv": [ 0.0, 0.0, 2.5, 0.5 ], "enabled": false },
						"up": { "texture": "#spindle", "uv": [ 4.5, 5.5, 8.0, 8.0 ] },
						"down": { "texture": "#spindle", "uv": [ 0.0, 0.0, 3.5, 2.5 ], "enabled": false }
					},
					"children": [
						{
							"name": "berry1",
							"from": [ -1.8, -0.7, -0.7 ], 
							"to": [ 0.2, 0.8, 0.8 ], 
							"rotationOrigin": [ -1.0, -1.0, -1.0 ],
							"rotationX": -11.0,
							"rotationY": -17.0,
							"rotationZ": -14.0,
							"faces": {
								"north": { "texture": "#spindle", "uv": [ 6.0, 3.0, 8.0, 4.5 ] },
								"east": { "texture": "#spindle", "uv": [ 6.0, 3.0, 7.5, 4.5 ] },
								"south": { "texture": "#spindle", "uv": [ 6.0, 3.0, 8.0, 4.5 ] },
								"west": { "texture": "#spindle", "uv": [ 6.0, 3.0, 7.5, 4.5 ] },
								"up": { "texture": "#spindle", "uv": [ 6.0, 4.0, 8.0, 5.5 ] },
								"down": { "texture": "#spindle", "uv": [ 6.0, 3.0, 8.0, 4.5 ] }
							},
							"children": [
								{
									"name": "Cube6",
									"from": [ 0.25, 0.8, 0.25 ], 
									"to": [ 1.25, 1.8, 1.25 ], 
									"rotationOrigin": [ 0.0, 1.0, 0.0 ],
									"faces": {
										"north": { "texture": "#spindle", "uv": [ 2.5, 6.5, 3.5, 7.5 ] },
										"east": { "texture": "#spindle", "uv": [ 2.5, 6.0, 3.5, 7.0 ] },
										"south": { "texture": "#spindle", "uv": [ 2.5, 7.0, 3.5, 8.0 ] },
										"west": { "texture": "#spindle", "uv": [ 2.5, 6.0, 3.5, 7.0 ] },
										"up": { "texture": "#spindle", "uv": [ 2.5, 7.0, 3.5, 8.0 ] },
										"down": { "texture": "#spindle", "uv": [ 2.5, 6.5, 3.5, 7.5 ] }
									}
								}
							]
						},
						{
							"name": "Cube1",
							"from": [ -2.4, -0.2, 1.7 ], 
							"to": [ -0.4, 1.3, 3.2 ], 
							"rotationOrigin": [ -2.0, -1.0, 2.0 ],
							"rotationX": 11.0,
							"rotationY": 11.0,
							"rotationZ": -14.0,
							"faces": {
								"north": { "texture": "#spindle", "uv": [ 0.0, 0.0, 2.0, 1.5 ] },
								"east": { "texture": "#spindle", "uv": [ 0.0, 0.0, 1.5, 1.5 ] },
								"south": { "texture": "#spindle", "uv": [ 0.0, 0.0, 2.0, 1.5 ] },
								"west": { "texture": "#spindle", "uv": [ 0.0, 0.0, 1.5, 1.5 ] },
								"up": { "texture": "#spindle", "uv": [ 0.0, 0.0, 2.0, 1.5 ] },
								"down": { "texture": "#spindle", "uv": [ 0.0, 0.0, 2.0, 1.5 ] }
							},
							"children": [
								{
									"name": "Cube7",
									"from": [ 0.25, 0.8, 0.25 ], 
									"to": [ 1.25, 1.8, 1.25 ], 
									"faces": {
										"north": { "texture": "#spindle", "uv": [ 2.5, 6.0, 3.5, 7.0 ] },
										"east": { "texture": "#spindle", "uv": [ 2.5, 6.5, 3.5, 7.5 ] },
										"south": { "texture": "#spindle", "uv": [ 2.5, 6.0, 3.5, 7.0 ] },
										"west": { "texture": "#spindle", "uv": [ 2.5, 6.5, 3.5, 7.5 ] },
										"up": { "texture": "#spindle", "uv": [ 2.5, 6.0, 3.5, 7.0 ] },
										"down": { "texture": "#spindle", "uv": [ 2.5, 6.0, 3.5, 7.0 ] }
									}
								}
							]
						}
					]
				}
			]
		}
	]}