{
	"editor": {
		"allAngles": true,
		"entityTextureMode": false
	},
	"textureWidth": 8,
	"textureHeight": 8,
	"textureSizes": {
	},
	"textures": {
		"virgingrape": "items/fruit/virgingrape"
	},
	"elements": [
		{
			"name": "origin",
			"from": [ 8.0, 0.0, 8.0 ], 
			"to": [ 8.0, 0.0, 8.0 ], 
			"rotationOrigin": [ 8.0, 0.0, 8.0 ],
			"faces": {
				"north": { "texture": "#virgingrape", "uv": [ 0.0, 0.0, 0.5, 0.5 ], "enabled": false },
				"east": { "texture": "#virgingrape", "uv": [ 0.0, 0.0, 0.5, 0.5 ], "enabled": false },
				"south": { "texture": "#virgingrape", "uv": [ 0.0, 0.0, 0.5, 0.5 ], "enabled": false },
				"west": { "texture": "#virgingrape", "uv": [ 0.0, 0.0, 0.5, 0.5 ], "enabled": false },
				"up": { "texture": "#virgingrape", "uv": [ 0.0, 0.0, 0.5, 0.5 ], "enabled": false },
				"down": { "texture": "#virgingrape", "uv": [ 0.0, 0.0, 0.5, 0.5 ], "enabled": false }
			},
			"children": [
				{
					"name": "stem1",
					"from": [ -0.2, 3.0, -0.2 ], 
					"to": [ 0.2, 6.0, 0.2 ], 
					"rotationOrigin": [ 0.0, 3.0, 0.0 ],
					"faces": {
						"north": { "texture": "#virgingrape", "uv": [ 1.0, 7.0, 4.0, 7.5 ], "rotation": 270 },
						"east": { "texture": "#virgingrape", "uv": [ 1.5, 7.0, 4.5, 7.5 ], "rotation": 270 },
						"south": { "texture": "#virgingrape", "uv": [ 1.5, 7.0, 4.5, 7.5 ], "rotation": 270 },
						"west": { "texture": "#virgingrape", "uv": [ 1.5, 6.0, 4.5, 6.5 ], "rotation": 270 },
						"up": { "texture": "#virgingrape", "uv": [ 6.5, 6.0, 7.0, 6.5 ] },
						"down": { "texture": "#virgingrape", "uv": [ 2.0, 6.5, 2.5, 7.0 ] }
					},
					"children": [
						{
							"name": "sprite1",
							"from": [ -2.7, -3.5, 0.3 ], 
							"to": [ 3.3, 1.0, 0.3 ], 
							"rotationOrigin": [ 0.3, 0.0, 0.3 ],
							"rotationY": 90.0,
							"faces": {
								"north": { "texture": "#virgingrape", "uv": [ 2.0, 0.0, 8.0, 4.5 ], "windMode": [-1,-1,-1,-1] },
								"east": { "texture": "#virgingrape", "uv": [ 0.0, 0.0, 0.5, 4.5 ], "enabled": false },
								"south": { "texture": "#virgingrape", "uv": [ 0.5, 2.0, 6.5, 6.5 ], "enabled": false },
								"west": { "texture": "#virgingrape", "uv": [ 0.0, 0.0, 0.5, 4.5 ], "enabled": false },
								"up": { "texture": "#virgingrape", "uv": [ 0.0, 0.0, 6.0, 0.5 ], "enabled": false },
								"down": { "texture": "#virgingrape", "uv": [ 0.0, 0.0, 6.0, 0.5 ], "enabled": false }
							}
						},
						{
							"name": "sprite2",
							"from": [ -2.7, -3.5, 0.3 ], 
							"to": [ 3.3, 1.0, 0.3 ], 
							"rotationOrigin": [ 0.3, 0.0, 0.3 ],
							"faces": {
								"north": { "texture": "#virgingrape", "uv": [ 2.0, 0.0, 8.0, 4.5 ] },
								"east": { "texture": "#virgingrape", "uv": [ 0.0, 0.0, 0.5, 4.5 ], "enabled": false },
								"south": { "texture": "#virgingrape", "uv": [ 0.5, 2.0, 6.5, 6.5 ], "enabled": false },
								"west": { "texture": "#virgingrape", "uv": [ 0.0, 0.0, 0.5, 4.5 ], "enabled": false },
								"up": { "texture": "#virgingrape", "uv": [ 0.0, 0.0, 6.0, 0.5 ], "enabled": false },
								"down": { "texture": "#virgingrape", "uv": [ 0.0, 0.0, 6.0, 0.5 ], "enabled": false }
							}
						},
						{
							"name": "sprite3",
							"from": [ -2.7, -3.5, 0.3 ], 
							"to": [ 3.3, 1.0, 0.3 ], 
							"rotationOrigin": [ 0.3, 0.0, 0.3 ],
							"rotationY": -45.0,
							"faces": {
								"north": { "texture": "#virgingrape", "uv": [ 2.0, 0.0, 8.0, 4.5 ] },
								"east": { "texture": "#virgingrape", "uv": [ 0.0, 0.0, 0.5, 4.5 ], "enabled": false },
								"south": { "texture": "#virgingrape", "uv": [ 0.5, 2.0, 6.5, 6.5 ], "enabled": false },
								"west": { "texture": "#virgingrape", "uv": [ 0.0, 0.0, 0.5, 4.5 ], "enabled": false },
								"up": { "texture": "#virgingrape", "uv": [ 0.0, 0.0, 6.0, 0.5 ], "enabled": false },
								"down": { "texture": "#virgingrape", "uv": [ 0.0, 0.0, 6.0, 0.5 ], "enabled": false }
							}
						},
						{
							"name": "sprite4",
							"from": [ -2.7, -3.5, 0.3 ], 
							"to": [ 3.3, 1.0, 0.3 ], 
							"rotationOrigin": [ 0.3, 0.0, 0.3 ],
							"rotationY": 45.0,
							"faces": {
								"north": { "texture": "#virgingrape", "uv": [ 2.0, 0.0, 8.0, 4.5 ] },
								"east": { "texture": "#virgingrape", "uv": [ 0.0, 0.0, 0.5, 4.5 ], "enabled": false },
								"south": { "texture": "#virgingrape", "uv": [ 0.5, 2.0, 6.5, 6.5 ], "enabled": false },
								"west": { "texture": "#virgingrape", "uv": [ 0.0, 0.0, 0.5, 4.5 ], "enabled": false },
								"up": { "texture": "#virgingrape", "uv": [ 0.0, 0.0, 6.0, 0.5 ], "enabled": false },
								"down": { "texture": "#virgingrape", "uv": [ 0.0, 0.0, 6.0, 0.5 ], "enabled": false }
							}
						},
						{
							"name": "berry1",
							"from": [ 0.0, -2.7, -2.0 ], 
							"to": [ 0.8, -1.9, -1.2 ], 
							"rotationOrigin": [ 0.3, -2.7, -1.7 ],
							"rotationY": -36.0,
							"faces": {
								"north": { "texture": "#virgingrape", "uv": [ 0.5, 1.5, 1.5, 2.5 ], "autoUv": false },
								"east": { "texture": "#virgingrape", "uv": [ 1.0, 0.5, 2.0, 1.5 ], "autoUv": false },
								"south": { "texture": "#virgingrape", "uv": [ 0.0, 0.0, 1.0, 1.0 ], "autoUv": false },
								"west": { "texture": "#virgingrape", "uv": [ 0.5, 2.0, 1.5, 3.0 ], "autoUv": false },
								"up": { "texture": "#virgingrape", "uv": [ 0.5, 1.5, 1.5, 2.5 ], "autoUv": false },
								"down": { "texture": "#virgingrape", "uv": [ 0.5, 0.0, 1.5, 1.0 ], "autoUv": false }
							}
						},
						{
							"name": "berry3",
							"from": [ 1.9, -2.5, -2.0 ], 
							"to": [ 2.7, -1.7, -1.2 ], 
							"rotationOrigin": [ 2.2, -3.3, -1.7 ],
							"rotationY": 36.0,
							"rotationZ": 36.0,
							"faces": {
								"north": { "texture": "#virgingrape", "uv": [ 0.5, 2.5, 1.5, 3.5 ], "autoUv": false },
								"east": { "texture": "#virgingrape", "uv": [ 1.0, 0.5, 2.0, 1.5 ], "autoUv": false },
								"south": { "texture": "#virgingrape", "uv": [ 0.0, 0.0, 1.0, 1.0 ], "autoUv": false },
								"west": { "texture": "#virgingrape", "uv": [ 1.0, 0.5, 2.0, 1.5 ], "autoUv": false },
								"up": { "texture": "#virgingrape", "uv": [ 0.0, 1.0, 1.0, 2.0 ], "autoUv": false },
								"down": { "texture": "#virgingrape", "uv": [ 0.5, 0.0, 1.5, 1.0 ], "autoUv": false }
							}
						},
						{
							"name": "berry6",
							"from": [ -2.7, -2.3, 0.0 ], 
							"to": [ -1.9, -1.5, 0.8 ], 
							"rotationOrigin": [ -2.4, -2.0, 0.3 ],
							"rotationX": -36.0,
							"rotationZ": 15.0,
							"faces": {
								"north": { "texture": "#virgingrape", "uv": [ 0.5, 1.0, 1.5, 2.0 ] },
								"east": { "texture": "#virgingrape", "uv": [ 1.0, 0.5, 2.0, 1.5 ] },
								"south": { "texture": "#virgingrape", "uv": [ 0.0, 0.0, 1.0, 1.0 ] },
								"west": { "texture": "#virgingrape", "uv": [ 1.0, 0.5, 2.0, 1.5 ] },
								"up": { "texture": "#virgingrape", "uv": [ 0.0, 1.0, 1.0, 2.0 ] },
								"down": { "texture": "#virgingrape", "uv": [ 0.5, 0.0, 1.5, 1.0 ] }
							}
						},
						{
							"name": "berry7",
							"from": [ 1.5, -1.8, 0.0 ], 
							"to": [ 2.2, -1.1, 0.7 ], 
							"rotationOrigin": [ 1.8, -1.5, 0.3 ],
							"rotationX": -36.0,
							"rotationY": 36.0,
							"rotationZ": 15.0,
							"faces": {
								"north": { "texture": "#virgingrape", "uv": [ 0.5, 1.0, 1.5, 2.0 ] },
								"east": { "texture": "#virgingrape", "uv": [ 1.0, 0.5, 2.0, 1.5 ] },
								"south": { "texture": "#virgingrape", "uv": [ 0.0, 0.0, 1.0, 1.0 ] },
								"west": { "texture": "#virgingrape", "uv": [ 1.0, 0.5, 2.0, 1.5 ] },
								"up": { "texture": "#virgingrape", "uv": [ 0.0, 1.0, 1.0, 2.0 ] },
								"down": { "texture": "#virgingrape", "uv": [ 0.5, 0.0, 1.5, 1.0 ] }
							}
						},
						{
							"name": "berry9",
							"from": [ 1.3, -2.8, 0.0 ], 
							"to": [ 2.0, -2.1, 0.7 ], 
							"rotationOrigin": [ 1.8, -2.5, 0.3 ],
							"rotationX": 5.0,
							"rotationY": 50.0,
							"rotationZ": 15.0,
							"faces": {
								"north": { "texture": "#virgingrape", "uv": [ 0.5, 1.0, 1.5, 2.0 ], "autoUv": false },
								"east": { "texture": "#virgingrape", "uv": [ 1.0, 0.5, 2.0, 1.5 ], "autoUv": false },
								"south": { "texture": "#virgingrape", "uv": [ 0.0, 0.0, 1.0, 1.0 ], "autoUv": false },
								"west": { "texture": "#virgingrape", "uv": [ 1.0, 0.5, 2.0, 1.5 ], "autoUv": false },
								"up": { "texture": "#virgingrape", "uv": [ 0.0, 1.0, 1.0, 2.0 ], "autoUv": false },
								"down": { "texture": "#virgingrape", "uv": [ 0.5, 0.0, 1.5, 1.0 ], "autoUv": false }
							}
						},
						{
							"name": "berry10",
							"from": [ -1.8, -2.1, -2.0 ], 
							"to": [ -1.1, -1.4, -1.3 ], 
							"rotationOrigin": [ -1.5, -1.8, -1.7 ],
							"rotationX": 5.0,
							"rotationY": 50.0,
							"rotationZ": 15.0,
							"faces": {
								"north": { "texture": "#virgingrape", "uv": [ 0.5, 1.0, 1.5, 2.0 ] },
								"east": { "texture": "#virgingrape", "uv": [ 1.0, 0.5, 2.0, 1.5 ] },
								"south": { "texture": "#virgingrape", "uv": [ 0.0, 0.0, 1.0, 1.0 ] },
								"west": { "texture": "#virgingrape", "uv": [ 1.0, 0.5, 2.0, 1.5 ] },
								"up": { "texture": "#virgingrape", "uv": [ 0.0, 1.0, 1.0, 2.0 ] },
								"down": { "texture": "#virgingrape", "uv": [ 0.5, 0.0, 1.5, 1.0 ] }
							}
						},
						{
							"name": "berry11",
							"from": [ -0.3, -3.8, 0.0 ], 
							"to": [ 0.5, -3.0, 0.8 ], 
							"rotationOrigin": [ 0.0, -2.8, 0.3 ],
							"rotationX": 5.0,
							"rotationY": 14.0,
							"rotationZ": 15.0,
							"faces": {
								"north": { "texture": "#virgingrape", "uv": [ 0.5, 1.0, 1.5, 2.0 ], "autoUv": false },
								"east": { "texture": "#virgingrape", "uv": [ 1.0, 0.5, 2.0, 1.5 ], "autoUv": false },
								"south": { "texture": "#virgingrape", "uv": [ 0.0, 1.0, 1.0, 2.0 ], "autoUv": false },
								"west": { "texture": "#virgingrape", "uv": [ 0.5, 2.0, 1.5, 3.0 ], "autoUv": false },
								"up": { "texture": "#virgingrape", "uv": [ 0.0, 1.0, 1.0, 2.0 ], "autoUv": false },
								"down": { "texture": "#virgingrape", "uv": [ 0.5, 1.0, 1.5, 2.0 ], "autoUv": false }
							}
						},
						{
							"name": "berry12",
							"from": [ -1.8, -3.2, 0.1 ], 
							"to": [ -1.1, -2.5, 0.8 ], 
							"rotationOrigin": [ -1.5, -2.9, 0.4 ],
							"rotationX": 41.0,
							"rotationY": 14.0,
							"rotationZ": 15.0,
							"faces": {
								"north": { "texture": "#virgingrape", "uv": [ 0.5, 1.0, 1.5, 2.0 ] },
								"east": { "texture": "#virgingrape", "uv": [ 1.0, 0.5, 2.0, 1.5 ] },
								"south": { "texture": "#virgingrape", "uv": [ 0.0, 0.0, 1.0, 1.0 ] },
								"west": { "texture": "#virgingrape", "uv": [ 1.0, 0.5, 2.0, 1.5 ] },
								"up": { "texture": "#virgingrape", "uv": [ 0.0, 1.0, 1.0, 2.0 ] },
								"down": { "texture": "#virgingrape", "uv": [ 0.5, 0.0, 1.5, 1.0 ] }
							}
						},
						{
							"name": "berry15",
							"from": [ -0.9, -3.3, -1.3 ], 
							"to": [ -0.1, -2.5, -0.5 ], 
							"rotationOrigin": [ -0.6, -3.0, -1.0 ],
							"rotationX": 91.0,
							"rotationY": -33.0,
							"rotationZ": -8.0,
							"faces": {
								"north": { "texture": "#virgingrape", "uv": [ 0.5, 1.0, 1.5, 2.0 ] },
								"east": { "texture": "#virgingrape", "uv": [ 1.0, 0.5, 2.0, 1.5 ] },
								"south": { "texture": "#virgingrape", "uv": [ 0.0, 0.0, 1.0, 1.0 ] },
								"west": { "texture": "#virgingrape", "uv": [ 1.0, 0.5, 2.0, 1.5 ] },
								"up": { "texture": "#virgingrape", "uv": [ 0.0, 1.0, 1.0, 2.0 ] },
								"down": { "texture": "#virgingrape", "uv": [ 0.5, 0.0, 1.5, 1.0 ] }
							}
						},
						{
							"name": "berry16",
							"from": [ -1.4, -2.3, 2.0 ], 
							"to": [ -0.7, -1.6, 2.7 ], 
							"rotationOrigin": [ -1.1, -2.0, 2.0 ],
							"rotationX": 14.0,
							"rotationY": -22.0,
							"rotationZ": 15.0,
							"faces": {
								"north": { "texture": "#virgingrape", "uv": [ 0.5, 1.0, 1.5, 2.0 ], "autoUv": false },
								"east": { "texture": "#virgingrape", "uv": [ 1.0, 0.5, 2.0, 1.5 ], "autoUv": false },
								"south": { "texture": "#virgingrape", "uv": [ 0.0, 0.0, 1.0, 1.0 ], "autoUv": false },
								"west": { "texture": "#virgingrape", "uv": [ 1.0, 0.5, 2.0, 1.5 ], "autoUv": false },
								"up": { "texture": "#virgingrape", "uv": [ 0.0, 1.0, 1.0, 2.0 ], "autoUv": false },
								"down": { "texture": "#virgingrape", "uv": [ 0.5, 0.0, 1.5, 1.0 ], "autoUv": false }
							}
						},
						{
							"name": "berry18",
							"from": [ -1.2, -3.6, 1.3 ], 
							"to": [ -0.4, -2.8, 2.1 ], 
							"rotationOrigin": [ -0.9, -3.3, 1.7 ],
							"rotationX": 2.0,
							"rotationY": -22.0,
							"rotationZ": 4.0,
							"faces": {
								"north": { "texture": "#virgingrape", "uv": [ 0.5, 1.0, 1.5, 2.0 ], "autoUv": false },
								"east": { "texture": "#virgingrape", "uv": [ 1.0, 0.5, 2.0, 1.5 ], "autoUv": false },
								"south": { "texture": "#virgingrape", "uv": [ 0.0, 0.0, 1.0, 1.0 ], "autoUv": false },
								"west": { "texture": "#virgingrape", "uv": [ 1.0, 0.5, 2.0, 1.5 ], "autoUv": false },
								"up": { "texture": "#virgingrape", "uv": [ 0.0, 1.0, 1.0, 2.0 ], "autoUv": false },
								"down": { "texture": "#virgingrape", "uv": [ 0.5, 0.0, 1.5, 1.0 ], "autoUv": false }
							}
						},
						{
							"name": "berry19",
							"from": [ 0.0, -3.3, 2.0 ], 
							"to": [ 0.8, -2.5, 2.8 ], 
							"rotationOrigin": [ 0.3, -3.0, 2.3 ],
							"rotationY": -36.0,
							"faces": {
								"north": { "texture": "#virgingrape", "uv": [ 0.5, 1.0, 1.5, 2.0 ] },
								"east": { "texture": "#virgingrape", "uv": [ 1.0, 0.5, 2.0, 1.5 ] },
								"south": { "texture": "#virgingrape", "uv": [ 0.0, 0.0, 1.0, 1.0 ] },
								"west": { "texture": "#virgingrape", "uv": [ 1.0, 0.5, 2.0, 1.5 ] },
								"up": { "texture": "#virgingrape", "uv": [ 0.0, 1.0, 1.0, 2.0 ] },
								"down": { "texture": "#virgingrape", "uv": [ 0.5, 0.0, 1.5, 1.0 ] }
							}
						},
						{
							"name": "berry20",
							"from": [ -0.3, -2.3, 2.8 ], 
							"to": [ 0.4, -1.6, 3.5 ], 
							"rotationOrigin": [ 0.3, -2.0, 3.3 ],
							"rotationX": 36.0,
							"rotationY": -36.0,
							"faces": {
								"north": { "texture": "#virgingrape", "uv": [ 0.5, 1.0, 1.5, 2.0 ], "autoUv": false },
								"east": { "texture": "#virgingrape", "uv": [ 1.0, 0.5, 2.0, 1.5 ], "autoUv": false },
								"south": { "texture": "#virgingrape", "uv": [ 0.0, 0.0, 1.0, 1.0 ], "autoUv": false },
								"west": { "texture": "#virgingrape", "uv": [ 1.0, 0.5, 2.0, 1.5 ], "autoUv": false },
								"up": { "texture": "#virgingrape", "uv": [ 0.0, 1.0, 1.0, 2.0 ], "autoUv": false },
								"down": { "texture": "#virgingrape", "uv": [ 0.5, 0.0, 1.5, 1.0 ], "autoUv": false }
							}
						},
						{
							"name": "berry24",
							"from": [ 1.5, -2.8, 1.0 ], 
							"to": [ 2.3, -2.0, 1.8 ], 
							"rotationOrigin": [ 1.3, -2.3, 1.3 ],
							"rotationY": -36.0,
							"rotationZ": 20.0,
							"faces": {
								"north": { "texture": "#virgingrape", "uv": [ 0.5, 1.0, 1.5, 2.0 ], "autoUv": false },
								"east": { "texture": "#virgingrape", "uv": [ 0.5, 1.0, 1.5, 2.0 ], "autoUv": false },
								"south": { "texture": "#virgingrape", "uv": [ 0.0, 1.0, 1.0, 2.0 ], "autoUv": false },
								"west": { "texture": "#virgingrape", "uv": [ 1.0, 0.5, 2.0, 1.5 ], "autoUv": false },
								"up": { "texture": "#virgingrape", "uv": [ 0.0, 1.0, 1.0, 2.0 ], "autoUv": false },
								"down": { "texture": "#virgingrape", "uv": [ 0.5, 0.0, 1.5, 1.0 ], "autoUv": false }
							}
						}
					]
				}
			]
		}
	]}