{
	"editor": {
		"allAngles": true,
		"entityTextureMode": false
	},
	"textureWidth": 8,
	"textureHeight": 8,
	"textureSizes": {
	},
	"textures": {
		"grape": "items/fruit/whitegrape"
	},
	"elements": [
		{
			"name": "origin",
			"from": [ 8.0, 0.0, 8.0 ], 
			"to": [ 8.0, 0.0, 8.0 ], 
			"rotationOrigin": [ 8.0, 0.0, 8.0 ],
			"faces": {
				"north": { "texture": "#virgingrape", "uv": [ 0.0, 0.0, 0.5, 0.5 ], "enabled": false },
				"east": { "texture": "#virgingrape", "uv": [ 0.0, 0.0, 0.5, 0.5 ], "enabled": false },
				"south": { "texture": "#virgingrape", "uv": [ 0.0, 0.0, 0.5, 0.5 ], "enabled": false },
				"west": { "texture": "#virgingrape", "uv": [ 0.0, 0.0, 0.5, 0.5 ], "enabled": false },
				"up": { "texture": "#virgingrape", "uv": [ 0.0, 0.0, 0.5, 0.5 ], "enabled": false },
				"down": { "texture": "#virgingrape", "uv": [ 0.0, 0.0, 0.5, 0.5 ], "enabled": false }
			},
			"children": [
				{
					"name": "stem1",
					"from": [ -0.2, 2.0, -0.2 ], 
					"to": [ 0.2, 9.0, 0.2 ], 
					"rotationOrigin": [ 0.0, 2.0, 0.0 ],
					"faces": {
						"north": { "texture": "#grape", "uv": [ 1.0, 6.5, 8.0, 7.0 ], "rotation": 270 },
						"east": { "texture": "#grape", "uv": [ 0.5, 7.0, 7.5, 7.5 ], "rotation": 270 },
						"south": { "texture": "#grape", "uv": [ 0.0, 7.0, 7.0, 7.5 ], "rotation": 270 },
						"west": { "texture": "#grape", "uv": [ 0.5, 6.5, 7.5, 7.0 ], "rotation": 270 },
						"up": { "texture": "#grape", "uv": [ 6.5, 6.0, 7.0, 6.5 ] },
						"down": { "texture": "#grape", "uv": [ 2.0, 6.5, 2.5, 7.0 ] }
					}
				},
				{
					"name": "stem3",
					"from": [ 1.0, 8.4, -0.22 ], 
					"to": [ 1.4, 10.4, 0.18 ], 
					"rotationOrigin": [ 1.0, 8.0, 0.0 ],
					"rotationZ": 50.0,
					"faces": {
						"north": { "texture": "#grape", "uv": [ 1.0, 6.5, 3.0, 7.0 ], "rotation": 270 },
						"east": { "texture": "#grape", "uv": [ 0.5, 7.0, 2.5, 7.5 ], "rotation": 270 },
						"south": { "texture": "#grape", "uv": [ 0.0, 7.0, 2.0, 7.5 ], "rotation": 270 },
						"west": { "texture": "#grape", "uv": [ 0.5, 6.5, 2.5, 7.0 ], "rotation": 270 },
						"up": { "texture": "#grape", "uv": [ 6.5, 6.0, 7.0, 6.5 ] },
						"down": { "texture": "#grape", "uv": [ 2.0, 6.5, 2.5, 7.0 ] }
					}
				},
				{
					"name": "Cube1",
					"from": [ -0.5, 7.0, 0.0 ], 
					"to": [ 1.5, 9.0, 2.0 ], 
					"rotationOrigin": [ 0.0, 7.0, 0.0 ],
					"rotationX": -14.0,
					"rotationY": -28.0,
					"rotationZ": -78.0,
					"faces": {
						"north": { "texture": "#grape", "uv": [ 0.0, 0.0, 2.0, 2.0 ] },
						"east": { "texture": "#grape", "uv": [ 0.0, 0.0, 2.0, 2.0 ] },
						"south": { "texture": "#grape", "uv": [ 0.0, 0.0, 2.0, 2.0 ] },
						"west": { "texture": "#grape", "uv": [ 0.0, 0.0, 2.0, 2.0 ] },
						"up": { "texture": "#grape", "uv": [ 0.0, 0.0, 2.0, 2.0 ] },
						"down": { "texture": "#grape", "uv": [ 0.0, 0.0, 2.0, 2.0 ] }
					}
				},
				{
					"name": "Cube5",
					"from": [ 0.5, 5.0, -1.0 ], 
					"to": [ 2.0, 6.5, 0.5 ], 
					"rotationOrigin": [ 0.0, 5.0, 0.0 ],
					"rotationY": 22.0,
					"rotationZ": 19.0,
					"faces": {
						"north": { "texture": "#grape", "uv": [ 0.5, 0.0, 2.0, 1.5 ] },
						"east": { "texture": "#grape", "uv": [ 0.0, 0.0, 1.5, 1.5 ] },
						"south": { "texture": "#grape", "uv": [ 0.5, 1.0, 2.0, 2.5 ] },
						"west": { "texture": "#grape", "uv": [ 0.5, 0.5, 2.0, 2.0 ] },
						"up": { "texture": "#grape", "uv": [ 0.0, 0.5, 1.5, 2.0 ] },
						"down": { "texture": "#grape", "uv": [ 0.5, 0.5, 2.0, 2.0 ] }
					}
				},
				{
					"name": "Cube6",
					"from": [ -0.5, 7.0, 0.0 ], 
					"to": [ 1.5, 9.0, 2.0 ], 
					"rotationOrigin": [ 0.0, 7.0, 0.0 ],
					"rotationX": 61.0,
					"rotationY": -116.0,
					"rotationZ": -78.0,
					"faces": {
						"north": { "texture": "#grape", "uv": [ 0.0, 0.0, 2.0, 2.0 ] },
						"east": { "texture": "#grape", "uv": [ 0.0, 0.0, 2.0, 2.0 ] },
						"south": { "texture": "#grape", "uv": [ 0.0, 0.0, 2.0, 2.0 ] },
						"west": { "texture": "#grape", "uv": [ 0.0, 0.0, 2.0, 2.0 ] },
						"up": { "texture": "#grape", "uv": [ 0.0, 0.0, 2.0, 2.0 ] },
						"down": { "texture": "#grape", "uv": [ 0.0, 0.0, 2.0, 2.0 ] }
					}
				},
				{
					"name": "Cube7",
					"from": [ 0.5, 4.0, -1.0 ], 
					"to": [ 2.0, 5.5, 0.5 ], 
					"rotationOrigin": [ 0.0, 4.0, 0.0 ],
					"rotationY": -102.0,
					"rotationZ": 14.0,
					"faces": {
						"north": { "texture": "#grape", "uv": [ 0.5, 0.0, 2.0, 1.5 ] },
						"east": { "texture": "#grape", "uv": [ 0.0, 0.0, 1.5, 1.5 ] },
						"south": { "texture": "#grape", "uv": [ 0.5, 1.0, 2.0, 2.5 ] },
						"west": { "texture": "#grape", "uv": [ 0.5, 0.5, 2.0, 2.0 ] },
						"up": { "texture": "#grape", "uv": [ 0.0, 0.5, 1.5, 2.0 ] },
						"down": { "texture": "#grape", "uv": [ 0.5, 0.5, 2.0, 2.0 ] }
					}
				},
				{
					"name": "Cube8",
					"from": [ 0.2, 4.2, -1.2 ], 
					"to": [ 1.7, 5.7, 0.3 ], 
					"rotationOrigin": [ 0.0, 4.0, 0.0 ],
					"rotationX": -36.0,
					"rotationZ": 55.0,
					"faces": {
						"north": { "texture": "#grape", "uv": [ 0.5, 1.0, 2.0, 2.5 ] },
						"east": { "texture": "#grape", "uv": [ 0.5, 1.5, 2.0, 3.0 ] },
						"south": { "texture": "#grape", "uv": [ 0.0, 1.0, 1.5, 2.5 ] },
						"west": { "texture": "#grape", "uv": [ 0.5, 1.0, 2.0, 2.5 ] },
						"up": { "texture": "#grape", "uv": [ 0.5, 1.5, 2.0, 3.0 ] },
						"down": { "texture": "#grape", "uv": [ 0.5, 0.5, 2.0, 2.0 ] }
					}
				},
				{
					"name": "Cube9",
					"from": [ 0.5, 3.0, -1.0 ], 
					"to": [ 2.0, 4.5, 0.5 ], 
					"rotationOrigin": [ 0.0, 3.0, 0.0 ],
					"rotationX": 14.0,
					"rotationY": 30.0,
					"rotationZ": 14.0,
					"faces": {
						"north": { "texture": "#grape", "uv": [ 0.5, 0.0, 2.0, 1.5 ] },
						"east": { "texture": "#grape", "uv": [ 0.0, 2.0, 1.5, 3.5 ] },
						"south": { "texture": "#grape", "uv": [ 0.0, 1.0, 1.5, 2.5 ] },
						"west": { "texture": "#grape", "uv": [ 0.5, 0.5, 2.0, 2.0 ] },
						"up": { "texture": "#grape", "uv": [ 0.0, 0.5, 1.5, 2.0 ] },
						"down": { "texture": "#grape", "uv": [ 0.5, 0.5, 2.0, 2.0 ] }
					}
				},
				{
					"name": "Cube10",
					"from": [ -1.3, 3.0, 0.0 ], 
					"to": [ -0.3, 4.0, 1.0 ], 
					"rotationOrigin": [ 0.0, 3.0, 0.0 ],
					"rotationY": -50.0,
					"rotationZ": -17.0,
					"faces": {
						"north": { "texture": "#grape", "uv": [ 0.0, 0.0, 1.0, 1.0 ] },
						"east": { "texture": "#grape", "uv": [ 0.0, 0.0, 1.0, 1.0 ] },
						"south": { "texture": "#grape", "uv": [ 0.0, 0.0, 1.0, 1.0 ] },
						"west": { "texture": "#grape", "uv": [ 0.0, 0.0, 1.0, 1.0 ] },
						"up": { "texture": "#grape", "uv": [ 0.0, 0.0, 1.0, 1.0 ] },
						"down": { "texture": "#grape", "uv": [ 0.0, 0.0, 1.0, 1.0 ] }
					}
				},
				{
					"name": "Cube11",
					"from": [ 0.3, 0.8, -0.2 ], 
					"to": [ 1.3, 1.8, 0.8 ], 
					"rotationOrigin": [ 0.0, 0.0, 0.0 ],
					"rotationY": -25.0,
					"rotationZ": 25.0,
					"faces": {
						"north": { "texture": "#grape", "uv": [ 0.0, 0.0, 1.0, 1.0 ] },
						"east": { "texture": "#grape", "uv": [ 0.0, 0.0, 1.0, 1.0 ] },
						"south": { "texture": "#grape", "uv": [ 0.0, 0.0, 1.0, 1.0 ] },
						"west": { "texture": "#grape", "uv": [ 0.0, 0.0, 1.0, 1.0 ] },
						"up": { "texture": "#grape", "uv": [ 0.0, 0.0, 1.0, 1.0 ] },
						"down": { "texture": "#grape", "uv": [ 0.0, 0.0, 1.0, 1.0 ] }
					}
				},
				{
					"name": "Cube12",
					"from": [ 0.3, 2.0, 0.2 ], 
					"to": [ 1.8, 3.5, 1.7 ], 
					"rotationOrigin": [ 0.0, 1.0, 0.0 ],
					"rotationY": -11.0,
					"rotationZ": 33.0,
					"faces": {
						"north": { "texture": "#grape", "uv": [ 0.0, 0.0, 1.5, 1.5 ] },
						"east": { "texture": "#grape", "uv": [ 0.0, 0.0, 1.5, 1.5 ] },
						"south": { "texture": "#grape", "uv": [ 0.0, 0.0, 1.5, 1.5 ] },
						"west": { "texture": "#grape", "uv": [ 0.0, 0.0, 1.5, 1.5 ] },
						"up": { "texture": "#grape", "uv": [ 0.0, 0.0, 1.5, 1.5 ] },
						"down": { "texture": "#grape", "uv": [ 0.0, 0.0, 1.5, 1.5 ] }
					}
				},
				{
					"name": "Cube13",
					"from": [ -1.0, 1.9, -1.2 ], 
					"to": [ 0.5, 3.4, 0.3 ], 
					"rotationOrigin": [ 0.0, 1.0, 0.0 ],
					"rotationX": -69.0,
					"rotationY": 102.0,
					"rotationZ": 22.0,
					"faces": {
						"north": { "texture": "#grape", "uv": [ 0.5, 0.0, 2.0, 1.5 ] },
						"east": { "texture": "#grape", "uv": [ 0.0, 0.0, 1.5, 1.5 ] },
						"south": { "texture": "#grape", "uv": [ 0.5, 1.0, 2.0, 2.5 ] },
						"west": { "texture": "#grape", "uv": [ 0.5, 0.5, 2.0, 2.0 ] },
						"up": { "texture": "#grape", "uv": [ 0.0, 0.5, 1.5, 2.0 ] },
						"down": { "texture": "#grape", "uv": [ 0.5, 0.5, 2.0, 2.0 ] }
					}
				},
				{
					"name": "Cube14",
					"from": [ 0.3, 1.8, -0.2 ], 
					"to": [ 1.3, 2.8, 0.8 ], 
					"rotationOrigin": [ 0.0, 1.0, 0.0 ],
					"rotationX": -33.0,
					"rotationY": -28.0,
					"rotationZ": 6.0,
					"faces": {
						"north": { "texture": "#grape", "uv": [ 0.0, 0.0, 1.0, 1.0 ] },
						"east": { "texture": "#grape", "uv": [ 0.0, 0.0, 1.0, 1.0 ] },
						"south": { "texture": "#grape", "uv": [ 0.0, 0.0, 1.0, 1.0 ] },
						"west": { "texture": "#grape", "uv": [ 0.0, 0.0, 1.0, 1.0 ] },
						"up": { "texture": "#grape", "uv": [ 0.0, 0.0, 1.0, 1.0 ] },
						"down": { "texture": "#grape", "uv": [ 0.0, 0.0, 1.0, 1.0 ] }
					}
				}
			]
		}
	]}