[
  {
    "ingredient": {"type": "item", "code": "game:ingot-steel"},
    "pattern": [
      [
        "_###############",
        "_#______________",
        "_#__#####_#####_",
        "_#______#_____#_",
        "_#______________",
        "_###############",
        "________________",
        "_#______________",
        "_#______________",
        "_###############",
        "_#______________",
        "_#______________"
      ]
    ],
    "output": {"type": "item", "code": "maltiezcrossbows:parts-goatfoot-steel"}
  },
  {
    "ingredient": {"type": "item", "code": "game:ingot-steel"},
    "pattern": [
      [
        "####____________",
        "___#____________",
        "___#____________",
        "___########_____",
        "__________#_____",
        "__#__#____#_____",
        "_######___####__",
        "_#____#_________",
        "_#____#___####__",
        "_#____#___####__",
        "________########",
        "________#______#"
      ],
      [
        "________________",
        "________________",
        "________________",
        "________________",
        "________________",
        "________________",
        "________________",
        "________________",
        "__________####__",
        "__________####__",
        "________########",
        "________#______#"
      ]
    ],
    "output": {"type": "item", "code": "maltiezcrossbows:parts-windlass-steel"}
  },
  {
    "ingredient": {"type": "item", "code": "game:ingot-steel"},
    "pattern": [
      [
        "_###########____",
        "_#______________",
        "_#_#_#__####____",
        "_#_#_#__####____",
        "_#_#_#__####____",
        "_#_#_#__####____"
      ],
      [
        "________________",
        "________________",
        "________________",
        "_________##_____",
        "________####____",
        "________####____"
      ],
      [
        "________________",
        "________________",
        "________####____",
        "________####____",
        "________####____",
        "________####____"
      ]
    ],
    "output": {"type": "item", "code": "maltiezcrossbows:parts-lock-steel"}
  },
  {
    "ingredient": {"type": "item", "code": "game:ingot-tinbronze"},
    "pattern": [
      [
        "_###########____",
        "_#______________",
        "_#_#_#__####____",
        "_#_#_#__####____",
        "_#_#_#__####____",
        "_#_#_#__####____"
      ],
      [
        "________________",
        "________________",
        "________________",
        "_________##_____",
        "________####____",
        "________####____"
      ],
      [
        "________________",
        "________________",
        "________####____",
        "________####____",
        "________####____",
        "________####____"
      ]
    ],
    "output": {"type": "item", "code": "maltiezcrossbows:parts-lock-tinbronze"}
  },
  {
    "ingredient": {"type": "item", "code": "game:ingot-bismuthbronze"},
    "pattern": [
      [
        "_###########____",
        "_#______________",
        "_#_#_#__####____",
        "_#_#_#__####____",
        "_#_#_#__####____",
        "_#_#_#__####____"
      ],
      [
        "________________",
        "________________",
        "________________",
        "_________##_____",
        "________####____",
        "________####____"
      ],
      [
        "________________",
        "________________",
        "________####____",
        "________####____",
        "________####____",
        "________####____"
      ]
    ],
    "output": {"type": "item", "code": "maltiezcrossbows:parts-lock-bismuthbronze"}
  },
  {
    "ingredient": {"type": "item", "code": "game:ingot-blackbronze"},
    "pattern": [
      [
        "_###########____",
        "_#______________",
        "_#_#_#__####____",
        "_#_#_#__####____",
        "_#_#_#__####____",
        "_#_#_#__####____"
      ],
      [
        "________________",
        "________________",
        "________________",
        "_________##_____",
        "________####____",
        "________####____"
      ],
      [
        "________________",
        "________________",
        "________####____",
        "________####____",
        "________####____",
        "________####____"
      ]
    ],
    "output": {"type": "item", "code": "maltiezcrossbows:parts-lock-blackbronze"}
  },
  {
    "ingredient": {"type": "item", "code": "game:ingot-steel"},
    "pattern": [
      [
        "_########_",
        "_#______#_",
        "_##____##_",
        "__#____#__",
        "__#____#__",
        "__######__"
      ]
    ],
    "output": {"type": "item", "code": "maltiezcrossbows:parts-stirrup-steel"}
  },
  {
    "ingredient": {"type": "item", "code": "game:ingot-tinbronze"},
    "pattern": [
      [
        "__######__",
        "__#____#__",
        "_##____##_",
        "_##____##_",
        "__#____#__",
        "__######__"
      ]
    ],
    "output": {"type": "item", "code": "maltiezcrossbows:parts-stirrup-tinbronze"}
  },
  {
    "ingredient": {"type": "item", "code": "game:ingot-bismuthbronze"},
    "pattern": [
      [
        "__######__",
        "__#____#__",
        "_##____##_",
        "_##____##_",
        "__#____#__",
        "__######__"
      ]
    ],
    "output": {"type": "item", "code": "maltiezcrossbows:parts-stirrup-bismuthbronze"}
  },
  {
    "ingredient": {"type": "item", "code": "game:ingot-blackbronze"},
    "pattern": [
      [
        "__######__",
        "__#____#__",
        "_##____##_",
        "_##____##_",
        "__#____#__",
        "__######__"
      ]
    ],
    "output": {"type": "item", "code": "maltiezcrossbows:parts-stirrup-blackbronze"}
  },
  {
    "ingredient": {"type": "item", "code": "game:ingot-iron"},
    "pattern": [
      [
        "####____________",
        "___#____________",
        "___#____________",
        "___############_",
        "_________#####__",
        "__####__________",
        "__####___####___",
        "__####___####___",
        "__####___##_____",
        "__####__________",
        "__####__######__",
        "__#__#__________"
      ],
      [
        "##______________",
        "________________",
        "________________",
        "________________",
        "________________",
        "__####__________",
        "__#__#___####___",
        "__#__#___####___",
        "__#__#___##_____",
        "__#__#__________",
        "__####__________",
        "__#__#__________"
      ]
    ],
    "output": {"type": "item", "code": "maltiezcrossbows:parts-latch-iron"}
  },
  {
    "ingredient": {"type": "item", "code": "game:ingot-meteoriciron"},
    "pattern": [
      [
        "####____________",
        "___#____________",
        "___#____________",
        "___############_",
        "_________#####__",
        "__####__________",
        "__####___####___",
        "__####___####___",
        "__####___##_____",
        "__####__________",
        "__####__######__",
        "__#__#__________"
      ],
      [
        "##______________",
        "________________",
        "________________",
        "________________",
        "________________",
        "__####__________",
        "__#__#___####___",
        "__#__#___####___",
        "__#__#___##_____",
        "__#__#__________",
        "__####__________",
        "__#__#__________"
      ]
    ],
    "output": {"type": "item", "code": "maltiezcrossbows:parts-latch-meteoriciron"}
  }
]