{
	"code": "logslab",
	"class": "idglogslab",
	behaviors: [
		{
			name: "OmniRotatable",
			properties: {
				"rotateSides": true,
				"facing": "block"
			}
		},
		{ 
			name: "WrenchOrientable", properties: { baseCode: "logslab-{barked}-{wood}-*-{cover}" } 

		}
	],
	"variantgroups": [
		{ "code": "wood", "loadFromProperties": "floralzonesneozeylandicregion:block/wood" },
		{ "code": "barked", "states": ["barked","debarked"]},
		{ "code": "rot", "states": ["north", "east", "south", "west", "up", "down"] },
		{ "code": "cover", "states": ["free", "snow"] }		
	],
	"skipVariants": ["*-up-snow", "*-veryaged-*","*-veryagedrotten-*"],
	"attributes": {
		"workStationTransforms": {
						"idgChoppingBlockProps":  {
							"idgChoppingBlockTransform": {
									"translation": {
										"x": 0.025,
										"y": 0.125,
										"z": 0.725
									},
									"rotation": {
										"x": -90,
										"y": 0,
										"z": 0
									},
									"origin": {
										"x": 0,
										"y": 0,
										"z": 0
									},
									"scale": 0.95
							}
						}
				},
				"chiselShapeFromCollisionBox": true,
				"handbook": {
						"groupBy": ["logslab-*"],
						"extraSections": [
							{ "title": "indappledgroves:block-handbooktitle-logslab", "text": "indappledgroves:block-handbooktext-logslab" },
							{ "title": "indappledgroves:block-handbooktitle-logslab2", "text": "indappledgroves:block-handbooktext-logslab2" }
						]
					},
					"partialAttachableByType": {
						"*-down-*": true,
						"*-up-*": true
					}
	},
	"blockmaterial": "Wood",
	"resistanceByType": {
		"*-araucariaheterophylla-*": 1.93,
    "*-dacrydiumcupressinum-*": 12.19,
    "*-nothofagusmenziesii-*": 13.35,
    "*-podocarpustotara-*": 1.54,
		"*": 3.34
    },
	"creativeinventory": {
		"general": ["*-down-free"], "construction": ["*-down-free"], "indappledgroves": ["*-down-free"]
	},
	"dropsByType":{
		"logslab-*":	[{ "code": "floralzonesneozeylandicregion:logslab-{wood}-{barked}-down-free" }]
	},
	shapeByType: {
		"*-snow": { base: "indappledgroves:block/wood/snow-logslab-{rot}" },
		"*": { base: "indappledgroves:block/wood/logslab-{rot}" }
	},
	"texturesByType": {
		"*-barked-*": {
					"all": { "base": "floralzonesneozeylandicregion:block/wood/treetrunk/{wood}" },
					"trunk": {"base": "game:block/wood/debarked/{wood}" },
					"bark": {"base": "floralzonesneozeylandicregion:block/wood/bark/{wood}" },
					"bark2": {"base": "floralzonesneozeylandicregion:block/wood/bark/{wood}" },
					"debarked": {"base": "game:block/wood/debarked/{wood}" },
					"snowcover": { "base": "game:block/liquid/snow/normal1" }
					},
		"*-debarked-*": {
					"all": { "base": "floralzonesneozeylandicregion:block/wood/treetrunk/{wood}" },
					"trunk": {"base": "game:block/wood/debarked/{wood}" },
					"bark": {"base": "game:block/wood/debarked/{wood}", "rotation": 90},
					"bark2": {"base": "game:block/wood/debarked/{wood}", "rotation": 90},
					"debarked": {"base": "game:block/wood/debarked/{wood}" },
					"snowcover": { "base": "game:block/liquid/snow/normal1" }
		}
	},
	"sideSolidOpaqueAoByType": {
		"*-north-*": { "all": false, "north": true },
		"*-east-*": { "all": false, "east": true },
		"*-south-*": { "all": false, "south": true },
		"*-west-*": { "all": false, "west": true },
		"*-up-*": { "all": false, "up": true },
		"*-down-*": { "all": false, "down": true }
	},
	"sideAo": { "all": true },
	"emitSideAoByType": {
		"*-up-*": { "all": false, "up": true },
		"*-down-*": { "all": false, "down": true },
		"*": { "all": false }
	},
	"collisionbox": { "x1": 0, "y1": 0, "z1": 0,   "x2": 1, "y2": 0.5, "z2": 1,
		"rotateXByType": {
			"*-north-*": 90,
			"*-south-*": 270,
			"*-up-*": 180,
			"*-down-*": 0
		},
		"rotateZByType": {
			"*-east-*": 90,
			"*-west-*": 270
		}
	},
	"selectionbox": { "x1": 0, "y1": 0, "z1": 0,   "x2": 1, "y2": 0.5, "z2": 1,
		"rotateXByType": {
			"*-north-*": 90,
			"*-south-*": 270,
			"*-up-*": 180,
			"*-down-*": 0
		},
		"rotateZByType": {
			"*-east-*": 90,
			"*-west-*": 270
		}
	},
	"sounds": {
		"hit": "game:block/planks",
		"break": "game:block/planks",
		"place": "game:block/planks",
		"walk": "game:walk/wood"
	},
	"combustibleProps": {
		"burnTemperature": 800,
		"burnDuration": 10
	},
	"materialDensity": 600,
		"heldTpIdleAnimation": "holdbothhandslarge", 
		"heldTpUseAnimation": "twohandplaceblock",
		"tpHandTransform": {
				"translation": { "x": -1.2, "y": -1.1, "z": -0.8 },
				"rotation": { "x": -2, "y": 25, "z": -78 },
				"scale": 0.37
		},
		"guiTransform": {
		"translation": { x: 0, y: 2, z: 0 },
		"origin": { x: 0.5, y: 0.25, z: 0.5 }
	}
}
		
