{
	code: "treestump",
	"class": "idgblockstump",
	"__comment": "BlockLog contains only contains code for OnPickBlock",
	behaviorsByType: {
		"*-grown-*": [{name: "PushEventOnBlockBroken",	properties: {eventName: "testForDecay"}}, { name: "MyceliumHost" }],
		"*": [{ name: "MyceliumHost" }]
	},
	variantgroups: [
		{ code: "type", states: ["grown", "placed"] },
		{ code: "wood", loadFromProperties: "floralzonesneozeylandicregion:block/wood" },
    {
      "code": "side",
      "loadFromProperties": "abstract/horizontalorientation"
    }
	],
	"attributes": {
		handbook: {
			excludeByType: {
				"*-placed-*": true,
			groupBy: ["treestump-*-{wood}-*"]
			}
		},
		treeFellingGroupCodeByType: {
			"treestump-grown-*": "{wood}"
		},
		treeFellingGroupSpreadIndexByType: {
		"*": 4
		},
		preventsDecayByType: {
			"treestump-grown-*": true
		}
	},
	creativeinventory: { "general": ["treestump-grown-*-east"], "flora": ["treestump-grown-*-east"], "indappledgroves": ["treestump-grown-*-east"] },
	shape: { base: "indappledgroves:block/wood/treestump2", "alternates": [{"base": "indappledgroves:block/wood/treestump" },
				{"base": "indappledgroves:block/wood/treestumpfin1" }, {"base": "indappledgroves:block/wood/treestumpfin2"},
				{"base": "indappledgroves:block/wood/treestumpfin3"}, {"base": "indappledgroves:block/wood/treestumpfin4"}, 
				{"base": "indappledgroves:block/wood/treestumpfin5"}, {"base": "indappledgroves:block/wood/treestumpfin6"} ] },
	"sidesolid": {
		"all": "false"
	},
	"sideopaque": {
		"all": "false"
	},
	drawtype: "json",
	blockmaterial: "Wood",
	requiredMiningTier: 1,
	textures: {
		"all": { base: "floralzonesneozeylandicregion:block/wood/bark/{wood}" },
		"up": {"base": "floralzonesneozeylandicregion:block/wood/treetrunk/{wood}"}
	},
	replaceable: 500,
	sounds: {
		"place": "game:block/planks",
		"walk": "game:walk/wood",
		"hit": "game:block/planks",
		"break": "game:block/planks",
		byTool: {
			"Axe": { hit: "game:block/chop", break: "game:block/planks" }
		}
	},
	drops: [
		{ type: "block", code: "floralzonesneozeylandicregion:log-placed-{wood}-ud", quantity: { avg: 1 }  }
	],
	combustiblePropsByType: {
		"*": {
			burnTemperature: 800,
			burnDuration: 72
		}
	},
	"resistanceByType": {
		"*-araucariaheterophylla-*": 19.30,
    "*-dacrydiumcupressinum-*": 121.9,
    "*-nothofagusmenziesii-*": 133.5,
    "*-podocarpustotara-*": 15.4,
		"*": 33.4
    },
	maxStackSize: 16,
	materialDensity: 700,
	heldTpIdleAnimation: "holdbothhandslarge", heldTpUseAnimation: "twohandplaceblock",
	tpHandTransform: {
		translation: { x: -1.23, y: -0.91, z: -0.8 },
		rotation: { x: -2, y: 25, z: -78 },
		scale: 0.4
	}
}
