{
	"editor": {
		"allAngles": false,
		"entityTextureMode": false
	},
	"textureWidth": 16,
	"textureHeight": 16,
	"textureSizes": {
	},
	"textures": {
	},
	"elements": [
		{
			"name": "_origin",
			"from": [ 0.0, 0.0, 0.0 ], 
			"to": [ 0.0, 0.0, 0.0 ], 
			"faces": {
				"north": { "texture": "#default", "uv": [ 0.0, 0.0, 0.5, 0.5 ] },
				"east": { "texture": "#default", "uv": [ 0.0, 0.0, 0.5, 0.5 ] },
				"south": { "texture": "#default", "uv": [ 0.0, 0.0, 0.5, 0.5 ] },
				"west": { "texture": "#default", "uv": [ 0.0, 0.0, 0.5, 0.5 ] },
				"up": { "texture": "#default", "uv": [ 0.0, 0.0, 0.5, 0.5 ] },
				"down": { "texture": "#default", "uv": [ 0.0, 0.0, 0.5, 0.5 ] }
			},
			"children": [
				{
					"name": "base",
					"from": [ 0.0, 0.0, 0.0 ], 
					"to": [ 16.0, 1.0, 16.0 ], 
					"faces": {
						"north": { "texture": "#material1", "uv": [ 0.0, 0.0, 16.0, 1.0 ] },
						"east": { "texture": "#material1", "uv": [ 0.0, 0.0, 16.0, 1.0 ] },
						"south": { "texture": "#material1", "uv": [ 0.0, 0.0, 16.0, 1.0 ] },
						"west": { "texture": "#material1", "uv": [ 0.0, 0.0, 16.0, 1.0 ] },
						"up": { "texture": "#material1", "uv": [ 0.0, 0.0, 16.0, 16.0 ] },
						"down": { "texture": "#material1", "uv": [ 0.0, 0.0, 16.0, 16.0 ] }
					}
				},
				{
					"name": "_legs",
					"from": [ 0.0, -2.0, 0.0 ], 
					"to": [ 0.0, -2.0, 0.0 ], 
					"rotationOrigin": [ 0.0, -2.0, 0.0 ],
					"faces": {
						"north": { "texture": "#default", "uv": [ 0.0, 0.0, 0.5, 0.5 ] },
						"east": { "texture": "#default", "uv": [ 0.0, 0.0, 0.5, 0.5 ] },
						"south": { "texture": "#default", "uv": [ 0.0, 0.0, 0.5, 0.5 ] },
						"west": { "texture": "#default", "uv": [ 0.0, 0.0, 0.5, 0.5 ] },
						"up": { "texture": "#default", "uv": [ 0.0, 0.0, 0.5, 0.5 ] },
						"down": { "texture": "#default", "uv": [ 0.0, 0.0, 0.5, 0.5 ] }
					},
					"children": [
						{
							"name": "leg-1-1",
							"from": [ 2.0, 3.0, 11.0 ], 
							"to": [ 5.0, 7.0, 14.0 ], 
							"rotationOrigin": [ 2.0, 3.0, 11.0 ],
							"faces": {
								"north": { "texture": "#material3", "uv": [ 0.0, 0.0, 3.0, 4.0 ] },
								"east": { "texture": "#material3", "uv": [ 0.0, 0.0, 3.0, 4.0 ] },
								"south": { "texture": "#material3", "uv": [ 0.0, 0.0, 3.0, 4.0 ] },
								"west": { "texture": "#material3", "uv": [ 0.0, 0.0, 3.0, 4.0 ] },
								"up": { "texture": "#material3", "uv": [ 0.0, 0.0, 3.0, 3.0 ] },
								"down": { "texture": "#material3", "uv": [ 0.0, 0.0, 3.0, 3.0 ] }
							},
							"children": [
								{
									"name": "leg-1-2",
									"from": [ -0.5, -0.5, -0.5 ], 
									"to": [ 3.5, 0.5, 3.5 ], 
									"rotationOrigin": [ -1.0, -0.5, -1.0 ],
									"faces": {
										"north": { "texture": "#material4", "uv": [ 4.0, 11.0, 8.0, 12.0 ] },
										"east": { "texture": "#material4", "uv": [ 6.0, 8.0, 10.0, 9.0 ] },
										"south": { "texture": "#material4", "uv": [ 4.5, 8.5, 8.5, 9.5 ] },
										"west": { "texture": "#material4", "uv": [ 5.5, 6.5, 9.5, 7.5 ] },
										"up": { "texture": "#material4", "uv": [ 5.5, 6.5, 9.5, 10.5 ] },
										"down": { "texture": "#material4", "uv": [ 5.5, 6.0, 9.5, 10.0 ] }
									}
								},
								{
									"name": "leg-1-3",
									"from": [ -0.5, 3.5, -0.5 ], 
									"to": [ 3.5, 4.5, 3.5 ], 
									"rotationOrigin": [ -1.0, 3.5, -1.0 ],
									"faces": {
										"north": { "texture": "#material4", "uv": [ 4.5, 5.5, 8.5, 6.5 ] },
										"east": { "texture": "#material4", "uv": [ 5.5, 6.0, 9.5, 7.0 ] },
										"south": { "texture": "#material4", "uv": [ 5.5, 5.0, 9.5, 6.0 ] },
										"west": { "texture": "#material4", "uv": [ 4.5, 6.0, 8.5, 7.0 ] },
										"up": { "texture": "#material4", "uv": [ 5.0, 6.0, 9.0, 10.0 ] },
										"down": { "texture": "#material4", "uv": [ 6.0, 4.5, 10.0, 8.5 ] }
									}
								}
							]
						},
						{
							"name": "leg-2-1",
							"from": [ 2.0, 3.0, 2.0 ], 
							"to": [ 5.0, 7.0, 5.0 ], 
							"rotationOrigin": [ 2.0, 3.0, 2.0 ],
							"faces": {
								"north": { "texture": "#material3", "uv": [ 0.0, 0.0, 3.0, 4.0 ] },
								"east": { "texture": "#material3", "uv": [ 0.0, 0.0, 3.0, 4.0 ] },
								"south": { "texture": "#material3", "uv": [ 0.0, 0.0, 3.0, 4.0 ] },
								"west": { "texture": "#material3", "uv": [ 0.0, 0.0, 3.0, 4.0 ] },
								"up": { "texture": "#material3", "uv": [ 0.0, 0.0, 3.0, 3.0 ] },
								"down": { "texture": "#material3", "uv": [ 0.0, 0.0, 3.0, 3.0 ] }
							},
							"children": [
								{
									"name": "leg-2-2",
									"from": [ -0.5, -0.5, -0.5 ], 
									"to": [ 3.5, 0.5, 3.5 ], 
									"rotationOrigin": [ -1.0, -0.5, -1.0 ],
									"faces": {
										"north": { "texture": "#material4", "uv": [ 6.5, 6.5, 10.5, 7.5 ] },
										"east": { "texture": "#material4", "uv": [ 6.0, 7.5, 10.0, 8.5 ] },
										"south": { "texture": "#material4", "uv": [ 5.5, 8.0, 9.5, 9.0 ] },
										"west": { "texture": "#material4", "uv": [ 4.5, 6.5, 8.5, 7.5 ] },
										"up": { "texture": "#material4", "uv": [ 6.0, 7.0, 10.0, 11.0 ] },
										"down": { "texture": "#material4", "uv": [ 6.0, 5.5, 10.0, 9.5 ] }
									}
								},
								{
									"name": "leg-2-3",
									"from": [ -0.5, 3.5, -0.5 ], 
									"to": [ 3.5, 4.5, 3.5 ], 
									"rotationOrigin": [ -1.0, 3.5, -1.0 ],
									"faces": {
										"north": { "texture": "#material4", "uv": [ 6.0, 4.0, 10.0, 5.0 ] },
										"east": { "texture": "#material4", "uv": [ 5.5, 7.0, 9.5, 8.0 ] },
										"south": { "texture": "#material4", "uv": [ 4.5, 7.0, 8.5, 8.0 ] },
										"west": { "texture": "#material4", "uv": [ 6.0, 8.5, 10.0, 9.5 ] },
										"up": { "texture": "#material4", "uv": [ 5.0, 7.0, 9.0, 11.0 ] },
										"down": { "texture": "#material4", "uv": [ 7.0, 8.0, 11.0, 12.0 ] }
									}
								}
							]
						},
						{
							"name": "leg-3-1",
							"from": [ 11.0, 3.0, 11.0 ], 
							"to": [ 14.0, 7.0, 14.0 ], 
							"rotationOrigin": [ 11.0, 3.0, 11.0 ],
							"faces": {
								"north": { "texture": "#material3", "uv": [ 0.0, 0.0, 3.0, 4.0 ] },
								"east": { "texture": "#material3", "uv": [ 0.0, 0.0, 3.0, 4.0 ] },
								"south": { "texture": "#material3", "uv": [ 0.0, 0.0, 3.0, 4.0 ] },
								"west": { "texture": "#material3", "uv": [ 0.0, 0.0, 3.0, 4.0 ] },
								"up": { "texture": "#material3", "uv": [ 0.0, 0.0, 3.0, 3.0 ] },
								"down": { "texture": "#material3", "uv": [ 0.0, 0.0, 3.0, 3.0 ] }
							},
							"children": [
								{
									"name": "leg-3-2",
									"from": [ -0.5, -0.5, -0.5 ], 
									"to": [ 3.5, 0.5, 3.5 ], 
									"rotationOrigin": [ -1.0, -0.5, -1.0 ],
									"faces": {
										"north": { "texture": "#material4", "uv": [ 6.0, 6.0, 10.0, 7.0 ] },
										"east": { "texture": "#material4", "uv": [ 5.0, 4.5, 9.0, 5.5 ] },
										"south": { "texture": "#material4", "uv": [ 4.5, 3.0, 8.5, 4.0 ] },
										"west": { "texture": "#material4", "uv": [ 7.5, 7.5, 11.5, 8.5 ] },
										"up": { "texture": "#material4", "uv": [ 6.0, 5.0, 10.0, 9.0 ] },
										"down": { "texture": "#material4", "uv": [ 6.0, 6.0, 10.0, 10.0 ] }
									}
								},
								{
									"name": "leg-3-3",
									"from": [ -0.5, 3.5, -0.5 ], 
									"to": [ 3.5, 4.5, 3.5 ], 
									"rotationOrigin": [ -1.0, 3.5, -1.0 ],
									"faces": {
										"north": { "texture": "#material4", "uv": [ 5.5, 7.0, 9.5, 8.0 ] },
										"east": { "texture": "#material4", "uv": [ 6.5, 7.5, 10.5, 8.5 ] },
										"south": { "texture": "#material4", "uv": [ 4.5, 7.0, 8.5, 8.0 ] },
										"west": { "texture": "#material4", "uv": [ 6.0, 9.0, 10.0, 10.0 ] },
										"up": { "texture": "#material4", "uv": [ 6.5, 6.0, 10.5, 10.0 ] },
										"down": { "texture": "#material4", "uv": [ 5.5, 7.0, 9.5, 11.0 ] }
									}
								}
							]
						},
						{
							"name": "leg-4-1",
							"from": [ 11.0, 3.0, 2.0 ], 
							"to": [ 14.0, 7.0, 5.0 ], 
							"rotationOrigin": [ 11.0, 3.0, 2.0 ],
							"faces": {
								"north": { "texture": "#material3", "uv": [ 0.0, 0.0, 3.0, 4.0 ] },
								"east": { "texture": "#material3", "uv": [ 0.0, 0.0, 3.0, 4.0 ] },
								"south": { "texture": "#material3", "uv": [ 0.0, 0.0, 3.0, 4.0 ] },
								"west": { "texture": "#material3", "uv": [ 0.0, 0.0, 3.0, 4.0 ] },
								"up": { "texture": "#material3", "uv": [ 0.0, 0.0, 3.0, 3.0 ] },
								"down": { "texture": "#material3", "uv": [ 0.0, 0.0, 3.0, 3.0 ] }
							},
							"children": [
								{
									"name": "leg-4-2",
									"from": [ -0.5, -0.5, -0.5 ], 
									"to": [ 3.5, 0.5, 3.5 ], 
									"rotationOrigin": [ -1.0, -0.5, -1.0 ],
									"faces": {
										"north": { "texture": "#material4", "uv": [ 7.0, 6.0, 11.0, 7.0 ] },
										"east": { "texture": "#material4", "uv": [ 5.0, 7.5, 9.0, 8.5 ] },
										"south": { "texture": "#material4", "uv": [ 6.5, 7.0, 10.5, 8.0 ] },
										"west": { "texture": "#material4", "uv": [ 5.5, 8.0, 9.5, 9.0 ] },
										"up": { "texture": "#material4", "uv": [ 5.5, 4.0, 9.5, 8.0 ] },
										"down": { "texture": "#material4", "uv": [ 5.5, 5.5, 9.5, 9.5 ] }
									}
								},
								{
									"name": "leg-4-3",
									"from": [ -0.5, 3.5, -0.5 ], 
									"to": [ 3.5, 4.5, 3.5 ], 
									"rotationOrigin": [ -1.0, 3.5, -1.0 ],
									"faces": {
										"north": { "texture": "#material4", "uv": [ 5.0, 6.0, 9.0, 7.0 ] },
										"east": { "texture": "#material4", "uv": [ 6.0, 6.5, 10.0, 7.5 ] },
										"south": { "texture": "#material4", "uv": [ 6.5, 6.0, 10.5, 7.0 ] },
										"west": { "texture": "#material4", "uv": [ 5.5, 6.0, 9.5, 7.0 ] },
										"up": { "texture": "#material4", "uv": [ 6.0, 5.0, 10.0, 9.0 ] },
										"down": { "texture": "#material4", "uv": [ 6.0, 6.5, 10.0, 10.5 ] }
									}
								}
							]
						},
						{
							"name": "manastoneleg-1",
							"from": [ 17.37, 6.88, 8.37 ], 
							"to": [ 21.62, 7.13, 12.62 ], 
							"renderPass": 3,
							"rotationOrigin": [ 16.0, 6.5, 7.0 ],
							"rotationX": -180.0,
							"rotationZ": -180.0,
							"faces": {
								"north": { "texture": "#manastone", "uv": [ 4.5, 5.5, 8.5, 6.0 ] },
								"east": { "texture": "#manastone", "uv": [ 5.5, 6.0, 9.5, 6.5 ] },
								"south": { "texture": "#manastone", "uv": [ 5.5, 5.0, 9.5, 5.5 ] },
								"west": { "texture": "#manastone", "uv": [ 4.5, 6.0, 8.5, 6.5 ] },
								"up": { "texture": "#manastone", "uv": [ 5.0, 6.0, 9.0, 10.0 ] },
								"down": { "texture": "#manastone", "uv": [ 6.0, 4.5, 10.0, 8.5 ] }
							}
						},
						{
							"name": "manastoneleg-2",
							"from": [ 8.3741, 6.88, 1.3691 ], 
							"to": [ 12.6241, 7.13, 5.6191 ], 
							"renderPass": 3,
							"rotationOrigin": [ 7.0, 6.5, 0.0 ],
							"rotationX": -179.935,
							"rotationY": -89.98,
							"rotationZ": -179.935,
							"faces": {
								"north": { "texture": "#manastone", "uv": [ 4.5, 5.5, 8.5, 6.0 ] },
								"east": { "texture": "#manastone", "uv": [ 5.5, 6.0, 9.5, 6.5 ] },
								"south": { "texture": "#manastone", "uv": [ 5.5, 5.0, 9.5, 5.5 ] },
								"west": { "texture": "#manastone", "uv": [ 4.5, 6.0, 8.5, 6.5 ] },
								"up": { "texture": "#manastone", "uv": [ 5.0, 6.0, 9.0, 10.0 ] },
								"down": { "texture": "#manastone", "uv": [ 6.0, 4.5, 10.0, 8.5 ] }
							}
						},
						{
							"name": "manastoneleg-3",
							"from": [ 1.37, 6.88, 10.37 ], 
							"to": [ 5.62, 7.13, 14.62 ], 
							"renderPass": 3,
							"rotationOrigin": [ 0.0, 6.5, 9.0 ],
							"faces": {
								"north": { "texture": "#manastone", "uv": [ 4.5, 5.5, 8.5, 6.0 ] },
								"east": { "texture": "#manastone", "uv": [ 5.5, 6.0, 9.5, 6.5 ] },
								"south": { "texture": "#manastone", "uv": [ 5.5, 5.0, 9.5, 5.5 ] },
								"west": { "texture": "#manastone", "uv": [ 4.5, 6.0, 8.5, 6.5 ] },
								"up": { "texture": "#manastone", "uv": [ 5.0, 6.0, 9.0, 10.0 ] },
								"down": { "texture": "#manastone", "uv": [ 6.0, 4.5, 10.0, 8.5 ] }
							}
						},
						{
							"name": "manastoneleg-4",
							"from": [ 10.3741, 6.88, 17.3691 ], 
							"to": [ 14.6241, 7.13, 21.6191 ], 
							"renderPass": 3,
							"rotationOrigin": [ 9.0, 6.5, 16.0 ],
							"rotationY": 89.98,
							"faces": {
								"north": { "texture": "#manastone", "uv": [ 4.5, 5.5, 8.5, 6.0 ] },
								"east": { "texture": "#manastone", "uv": [ 5.5, 6.0, 9.5, 6.5 ] },
								"south": { "texture": "#manastone", "uv": [ 5.5, 5.0, 9.5, 5.5 ] },
								"west": { "texture": "#manastone", "uv": [ 4.5, 6.0, 8.5, 6.5 ] },
								"up": { "texture": "#manastone", "uv": [ 5.0, 6.0, 9.0, 10.0 ] },
								"down": { "texture": "#manastone", "uv": [ 6.0, 4.5, 10.0, 8.5 ] }
							}
						}
					]
				},
				{
					"name": "_bottombar",
					"from": [ 0.0, -11.0, 0.0 ], 
					"to": [ 0.0, -11.0, 0.0 ], 
					"rotationOrigin": [ 8.0, -11.0, 8.0 ],
					"faces": {
						"north": { "texture": "#default", "uv": [ 0.0, 0.0, 0.5, 0.5 ] },
						"east": { "texture": "#default", "uv": [ 0.0, 0.0, 0.5, 0.5 ] },
						"south": { "texture": "#default", "uv": [ 0.0, 0.0, 0.5, 0.5 ] },
						"west": { "texture": "#default", "uv": [ 0.0, 0.0, 0.5, 0.5 ] },
						"up": { "texture": "#default", "uv": [ 0.0, 0.0, 0.5, 0.5 ] },
						"down": { "texture": "#default", "uv": [ 0.0, 0.0, 0.5, 0.5 ] }
					},
					"children": [
						{
							"name": "manastonebar-3",
							"from": [ 1.0, 11.55, 0.7 ], 
							"to": [ 15.0, 12.55, 1.7 ], 
							"renderPass": 3,
							"rotationOrigin": [ 1.0, 12.25, 1.0 ],
							"rotationX": 45.0,
							"faces": {
								"north": { "texture": "#manastone", "uv": [ 0.0, 0.0, 14.0, 1.0 ] },
								"east": { "texture": "#manastone", "uv": [ 0.0, 0.0, 1.0, 1.0 ] },
								"south": { "texture": "#manastone", "uv": [ 0.0, 0.0, 14.0, 1.0 ] },
								"west": { "texture": "#manastone", "uv": [ 0.0, 0.0, 1.0, 1.0 ] },
								"up": { "texture": "#manastone", "uv": [ 0.0, 0.0, 14.0, 1.0 ] },
								"down": { "texture": "#manastone", "uv": [ 0.0, 0.0, 14.0, 1.0 ] }
							}
						},
						{
							"name": "barbrace-1",
							"from": [ 0.0, 12.0, 0.0 ], 
							"to": [ 2.0, 12.25, 2.0 ], 
							"rotationOrigin": [ 0.0, 12.0, 0.0 ],
							"faces": {
								"north": { "texture": "#material1", "uv": [ 0.0, 0.0, 2.0, 0.5 ] },
								"east": { "texture": "#material1", "uv": [ 0.0, 0.0, 2.0, 0.5 ] },
								"south": { "texture": "#material1", "uv": [ 0.0, 0.0, 2.0, 0.5 ] },
								"west": { "texture": "#material1", "uv": [ 0.0, 0.0, 2.0, 0.5 ] },
								"up": { "texture": "#material1", "uv": [ 0.0, 0.0, 2.0, 2.0 ] },
								"down": { "texture": "#material1", "uv": [ 0.0, 0.0, 2.0, 2.0 ] }
							}
						},
						{
							"name": "barbrace-2",
							"from": [ 14.0, 12.0, 0.0 ], 
							"to": [ 16.0, 12.25, 2.0 ], 
							"rotationOrigin": [ 14.0, 12.0, 0.0 ],
							"faces": {
								"north": { "texture": "#material1", "uv": [ 0.0, 0.0, 2.0, 0.5 ] },
								"east": { "texture": "#material1", "uv": [ 0.0, 0.0, 2.0, 0.5 ] },
								"south": { "texture": "#material1", "uv": [ 0.0, 0.0, 2.0, 0.5 ] },
								"west": { "texture": "#material1", "uv": [ 0.0, 0.0, 2.0, 0.5 ] },
								"up": { "texture": "#material1", "uv": [ 0.0, 0.0, 2.0, 2.0 ] },
								"down": { "texture": "#material1", "uv": [ 0.0, 0.0, 2.0, 2.0 ] }
							}
						},
						{
							"name": "baranchor-1",
							"from": [ 0.5, 12.0, 0.5 ], 
							"to": [ 1.5, 13.25, 1.5 ], 
							"rotationOrigin": [ 1.0, 12.0, 1.0 ],
							"rotationY": 45.0,
							"faces": {
								"north": { "texture": "#material1", "uv": [ 0.0, 0.0, 1.0, 1.0 ] },
								"east": { "texture": "#material1", "uv": [ 0.0, 0.0, 1.0, 1.0 ] },
								"south": { "texture": "#material1", "uv": [ 0.0, 0.0, 1.0, 1.0 ] },
								"west": { "texture": "#material1", "uv": [ 0.0, 0.0, 1.0, 1.0 ] },
								"up": { "texture": "#material1", "uv": [ 0.0, 0.0, 1.0, 1.0 ] },
								"down": { "texture": "#material1", "uv": [ 0.0, 0.0, 1.0, 1.0 ] }
							}
						},
						{
							"name": "baranchor-2",
							"from": [ 14.5, 12.0, 0.5 ], 
							"to": [ 15.5, 13.25, 1.5 ], 
							"rotationOrigin": [ 15.0, 12.0, 1.0 ],
							"rotationY": 45.0,
							"faces": {
								"north": { "texture": "#material1", "uv": [ 0.0, 0.0, 1.0, 1.0 ] },
								"east": { "texture": "#material1", "uv": [ 0.0, 0.0, 1.0, 1.0 ] },
								"south": { "texture": "#material1", "uv": [ 0.0, 0.0, 1.0, 1.0 ] },
								"west": { "texture": "#material1", "uv": [ 0.0, 0.0, 1.0, 1.0 ] },
								"up": { "texture": "#material1", "uv": [ 0.0, 0.0, 1.0, 1.0 ] },
								"down": { "texture": "#material1", "uv": [ 0.0, 0.0, 1.0, 1.0 ] }
							}
						},
						{
							"name": "manastonebar-1",
							"from": [ 15.0, 11.55, 14.7 ], 
							"to": [ 29.0, 12.55, 15.7 ], 
							"renderPass": 3,
							"rotationOrigin": [ 15.0, 12.25, 15.0 ],
							"rotationX": 135.0,
							"rotationZ": -180.0,
							"faces": {
								"north": { "texture": "#manastone", "uv": [ 0.0, 0.0, 14.0, 1.0 ] },
								"east": { "texture": "#manastone", "uv": [ 0.0, 0.0, 1.0, 1.0 ] },
								"south": { "texture": "#manastone", "uv": [ 0.0, 0.0, 14.0, 1.0 ] },
								"west": { "texture": "#manastone", "uv": [ 0.0, 0.0, 1.0, 1.0 ] },
								"up": { "texture": "#manastone", "uv": [ 0.0, 0.0, 14.0, 1.0 ] },
								"down": { "texture": "#manastone", "uv": [ 0.0, 0.0, 14.0, 1.0 ] }
							}
						},
						{
							"name": "manastonebar-2",
							"from": [ 1.0, 11.55, 14.7 ], 
							"to": [ 15.0, 12.55, 15.7 ], 
							"renderPass": 3,
							"rotationOrigin": [ 1.0, 12.25, 15.0 ],
							"rotationX": 90.0,
							"rotationY": 45.0,
							"rotationZ": -90.0,
							"faces": {
								"north": { "texture": "#manastone", "uv": [ 0.0, 0.0, 14.0, 1.0 ] },
								"east": { "texture": "#manastone", "uv": [ 0.0, 0.0, 1.0, 1.0 ] },
								"south": { "texture": "#manastone", "uv": [ 0.0, 0.0, 14.0, 1.0 ] },
								"west": { "texture": "#manastone", "uv": [ 0.0, 0.0, 1.0, 1.0 ] },
								"up": { "texture": "#manastone", "uv": [ 0.0, 0.0, 14.0, 1.0 ] },
								"down": { "texture": "#manastone", "uv": [ 0.0, 0.0, 14.0, 1.0 ] }
							}
						},
						{
							"name": "manastonebar-4",
							"from": [ 15.0, 11.55, 0.7 ], 
							"to": [ 29.0, 12.55, 1.7 ], 
							"renderPass": 3,
							"rotationOrigin": [ 15.0, 12.25, 1.0 ],
							"rotationX": 90.0,
							"rotationY": -45.0,
							"rotationZ": 90.0,
							"faces": {
								"north": { "texture": "#manastone", "uv": [ 0.0, 0.0, 14.0, 1.0 ] },
								"east": { "texture": "#manastone", "uv": [ 0.0, 0.0, 1.0, 1.0 ] },
								"south": { "texture": "#manastone", "uv": [ 0.0, 0.0, 14.0, 1.0 ] },
								"west": { "texture": "#manastone", "uv": [ 0.0, 0.0, 1.0, 1.0 ] },
								"up": { "texture": "#manastone", "uv": [ 0.0, 0.0, 14.0, 1.0 ] },
								"down": { "texture": "#manastone", "uv": [ 0.0, 0.0, 14.0, 1.0 ] }
							}
						},
						{
							"name": "barbrace-3",
							"from": [ 16.0, 12.0, 16.0 ], 
							"to": [ 18.0, 12.25, 18.0 ], 
							"rotationOrigin": [ 16.0, 12.0, 16.0 ],
							"rotationX": -180.0,
							"rotationZ": -180.0,
							"faces": {
								"north": { "texture": "#material1", "uv": [ 0.0, 0.0, 2.0, 0.5 ] },
								"east": { "texture": "#material1", "uv": [ 0.0, 0.0, 2.0, 0.5 ] },
								"south": { "texture": "#material1", "uv": [ 0.0, 0.0, 2.0, 0.5 ] },
								"west": { "texture": "#material1", "uv": [ 0.0, 0.0, 2.0, 0.5 ] },
								"up": { "texture": "#material1", "uv": [ 0.0, 0.0, 2.0, 2.0 ] },
								"down": { "texture": "#material1", "uv": [ 0.0, 0.0, 2.0, 2.0 ] }
							}
						},
						{
							"name": "barbrace-4",
							"from": [ 2.0, 12.0, 16.0 ], 
							"to": [ 4.0, 12.25, 18.0 ], 
							"rotationOrigin": [ 2.0, 12.0, 16.0 ],
							"rotationX": -180.0,
							"rotationZ": -180.0,
							"faces": {
								"north": { "texture": "#material1", "uv": [ 0.0, 0.0, 2.0, 0.5 ] },
								"east": { "texture": "#material1", "uv": [ 0.0, 0.0, 2.0, 0.5 ] },
								"south": { "texture": "#material1", "uv": [ 0.0, 0.0, 2.0, 0.5 ] },
								"west": { "texture": "#material1", "uv": [ 0.0, 0.0, 2.0, 0.5 ] },
								"up": { "texture": "#material1", "uv": [ 0.0, 0.0, 2.0, 2.0 ] },
								"down": { "texture": "#material1", "uv": [ 0.0, 0.0, 2.0, 2.0 ] }
							}
						},
						{
							"name": "baranchor-3",
							"from": [ 14.5, 12.0, 14.5 ], 
							"to": [ 15.5, 13.25, 15.5 ], 
							"rotationOrigin": [ 15.0, 12.0, 15.0 ],
							"rotationX": -180.0,
							"rotationY": -45.0,
							"rotationZ": -180.0,
							"faces": {
								"north": { "texture": "#material1", "uv": [ 0.0, 0.0, 1.0, 1.0 ] },
								"east": { "texture": "#material1", "uv": [ 0.0, 0.0, 1.0, 1.0 ] },
								"south": { "texture": "#material1", "uv": [ 0.0, 0.0, 1.0, 1.0 ] },
								"west": { "texture": "#material1", "uv": [ 0.0, 0.0, 1.0, 1.0 ] },
								"up": { "texture": "#material1", "uv": [ 0.0, 0.0, 1.0, 1.0 ] },
								"down": { "texture": "#material1", "uv": [ 0.0, 0.0, 1.0, 1.0 ] }
							}
						},
						{
							"name": "baranchor-4",
							"from": [ 0.5, 12.0, 14.5 ], 
							"to": [ 1.5, 13.25, 15.5 ], 
							"rotationOrigin": [ 1.0, 12.0, 15.0 ],
							"rotationX": -180.0,
							"rotationY": -45.0,
							"rotationZ": -180.0,
							"faces": {
								"north": { "texture": "#material1", "uv": [ 0.0, 0.0, 1.0, 1.0 ] },
								"east": { "texture": "#material1", "uv": [ 0.0, 0.0, 1.0, 1.0 ] },
								"south": { "texture": "#material1", "uv": [ 0.0, 0.0, 1.0, 1.0 ] },
								"west": { "texture": "#material1", "uv": [ 0.0, 0.0, 1.0, 1.0 ] },
								"up": { "texture": "#material1", "uv": [ 0.0, 0.0, 1.0, 1.0 ] },
								"down": { "texture": "#material1", "uv": [ 0.0, 0.0, 1.0, 1.0 ] }
							}
						}
					]
				},
				{
					"name": "_topleg",
					"from": [ 0.0, 1.0, 0.0 ], 
					"to": [ 0.0, 1.0, 0.0 ], 
					"rotationOrigin": [ 8.0, 1.0, 8.0 ],
					"faces": {
						"north": { "texture": "#default", "uv": [ 0.0, 0.0, 0.5, 0.5 ] },
						"east": { "texture": "#default", "uv": [ 0.0, 0.0, 0.5, 0.5 ] },
						"south": { "texture": "#default", "uv": [ 0.0, 0.0, 0.5, 0.5 ] },
						"west": { "texture": "#default", "uv": [ 0.0, 0.0, 0.5, 0.5 ] },
						"up": { "texture": "#default", "uv": [ 0.0, 0.0, 0.5, 0.5 ] },
						"down": { "texture": "#default", "uv": [ 0.0, 0.0, 0.5, 0.5 ] }
					},
					"children": [
						{
							"name": "topleg-3",
							"from": [ 11.5, 4.5, 11.5 ], 
							"to": [ 13.5, 8.0, 13.5 ], 
							"rotationOrigin": [ 13.5, 4.5, 13.5 ],
							"rotationX": -12.0,
							"rotationZ": 12.0,
							"faces": {
								"north": { "texture": "#material3", "uv": [ 0.0, 0.0, 2.0, 3.5 ] },
								"east": { "texture": "#material3", "uv": [ 0.0, 0.0, 2.0, 3.5 ] },
								"south": { "texture": "#material3", "uv": [ 0.0, 0.0, 2.0, 3.5 ] },
								"west": { "texture": "#material3", "uv": [ 0.0, 0.0, 2.0, 3.5 ] },
								"up": { "texture": "#material3", "uv": [ 0.0, 0.0, 2.0, 2.0 ] },
								"down": { "texture": "#material3", "uv": [ 0.0, 0.0, 2.0, 2.0 ] }
							}
						},
						{
							"name": "topleg-2",
							"from": [ 0.5, 4.5, 0.5 ], 
							"to": [ 2.5, 8.0, 2.5 ], 
							"rotationOrigin": [ 2.5, 4.5, 2.5 ],
							"rotationX": -168.0,
							"rotationZ": -168.0,
							"faces": {
								"north": { "texture": "#material3", "uv": [ 0.0, 0.0, 2.0, 3.5 ] },
								"east": { "texture": "#material3", "uv": [ 0.0, 0.0, 2.0, 3.5 ] },
								"south": { "texture": "#material3", "uv": [ 0.0, 0.0, 2.0, 3.5 ] },
								"west": { "texture": "#material3", "uv": [ 0.0, 0.0, 2.0, 3.5 ] },
								"up": { "texture": "#material3", "uv": [ 0.0, 0.0, 2.0, 2.0 ] },
								"down": { "texture": "#material3", "uv": [ 0.0, 0.0, 2.0, 2.0 ] }
							}
						},
						{
							"name": "topleg-4",
							"from": [ 11.5047, 4.5, 0.5047 ], 
							"to": [ 13.5047, 8.0, 2.5047 ], 
							"rotationOrigin": [ 13.5047, 4.5, 2.5047 ],
							"rotationX": -89.907,
							"rotationY": 78.0,
							"rotationZ": 101.905,
							"faces": {
								"north": { "texture": "#material3", "uv": [ 0.0, 0.0, 2.0, 3.5 ] },
								"east": { "texture": "#material3", "uv": [ 0.0, 0.0, 2.0, 3.5 ] },
								"south": { "texture": "#material3", "uv": [ 0.0, 0.0, 2.0, 3.5 ] },
								"west": { "texture": "#material3", "uv": [ 0.0, 0.0, 2.0, 3.5 ] },
								"up": { "texture": "#material3", "uv": [ 0.0, 0.0, 2.0, 2.0 ] },
								"down": { "texture": "#material3", "uv": [ 0.0, 0.0, 2.0, 2.0 ] }
							}
						},
						{
							"name": "topleg-1",
							"from": [ 0.4953, 4.5, 11.4953 ], 
							"to": [ 2.4953, 8.0, 13.4953 ], 
							"rotationOrigin": [ 2.4953, 4.5, 13.4953 ],
							"rotationX": -90.093,
							"rotationY": -78.0,
							"rotationZ": -78.095,
							"faces": {
								"north": { "texture": "#material3", "uv": [ 0.0, 0.0, 2.0, 3.5 ] },
								"east": { "texture": "#material3", "uv": [ 0.0, 0.0, 2.0, 3.5 ] },
								"south": { "texture": "#material3", "uv": [ 0.0, 0.0, 2.0, 3.5 ] },
								"west": { "texture": "#material3", "uv": [ 0.0, 0.0, 2.0, 3.5 ] },
								"up": { "texture": "#material3", "uv": [ 0.0, 0.0, 2.0, 2.0 ] },
								"down": { "texture": "#material3", "uv": [ 0.0, 0.0, 2.0, 2.0 ] }
							}
						}
					]
				},
				{
					"name": "cloth",
					"from": [ 1.0, 1.01, 1.0 ], 
					"to": [ 15.0, 1.01, 15.0 ], 
					"rotationOrigin": [ 1.0, 1.0, 1.0 ],
					"faces": {
						"north": { "texture": "#default", "uv": [ 0.0, 10.0, 16.0, 16.0 ], "enabled": false },
						"east": { "texture": "#default", "uv": [ 0.0, 0.0, 14.0, 0.5 ], "enabled": false },
						"south": { "texture": "#default", "uv": [ 0.0, 10.0, 16.0, 16.0 ], "enabled": false },
						"west": { "texture": "#default", "uv": [ 0.0, 0.0, 14.0, 0.5 ], "enabled": false },
						"up": { "texture": "#cloth", "uv": [ 1.0, 1.0, 15.0, 15.0 ], "autoUv": false },
						"down": { "texture": "#default", "uv": [ 0.5, 0.0, 14.5, 14.0 ], "enabled": false }
					},
					"children": [
						{
							"name": "clothtop-decal",
							"from": [ 0.0, 0.01, 0.0 ], 
							"to": [ 14.0, 0.01, 14.0 ], 
							"faces": {
								"north": { "texture": "#default", "uv": [ 0.0, 10.0, 14.0, 10.5 ], "enabled": false },
								"east": { "texture": "#default", "uv": [ 0.0, 0.0, 14.0, 0.5 ], "enabled": false },
								"south": { "texture": "#default", "uv": [ 0.0, 10.0, 14.0, 10.5 ], "enabled": false },
								"west": { "texture": "#default", "uv": [ 0.0, 0.0, 14.0, 0.5 ], "enabled": false },
								"up": { "texture": "#clothdecal", "uv": [ 0.0, 0.0, 16.0, 16.0 ], "autoUv": false },
								"down": { "texture": "#default", "uv": [ 0.5, 0.0, 14.5, 14.0 ], "enabled": false }
							}
						}
					]
				},
				{
					"name": "_plate",
					"from": [ 0.0, 0.0, 0.0 ], 
					"to": [ 0.0, 0.0, 0.0 ], 
					"rotationOrigin": [ 8.0, 0.0, 8.0 ],
					"faces": {
						"north": { "texture": "#default", "uv": [ 0.0, 0.0, 0.5, 0.5 ] },
						"east": { "texture": "#default", "uv": [ 0.0, 0.0, 0.5, 0.5 ] },
						"south": { "texture": "#default", "uv": [ 0.0, 0.0, 0.5, 0.5 ] },
						"west": { "texture": "#default", "uv": [ 0.0, 0.0, 0.5, 0.5 ] },
						"up": { "texture": "#default", "uv": [ 0.0, 0.0, 0.5, 0.5 ] },
						"down": { "texture": "#default", "uv": [ 0.0, 0.0, 0.5, 0.5 ] }
					},
					"children": [
						{
							"name": "plate-1",
							"from": [ 4.0, 9.0, 4.0 ], 
							"to": [ 12.0, 9.5, 12.0 ], 
							"rotationOrigin": [ 4.0, 9.0, 4.0 ],
							"faces": {
								"north": { "texture": "#material1", "uv": [ 0.0, 0.0, 8.0, 0.5 ] },
								"east": { "texture": "#material1", "uv": [ 0.0, 0.0, 8.0, 0.5 ] },
								"south": { "texture": "#material1", "uv": [ 0.0, 0.0, 8.0, 0.5 ] },
								"west": { "texture": "#material1", "uv": [ 0.0, 0.0, 8.0, 0.5 ] },
								"up": { "texture": "#material1", "uv": [ 0.0, 0.0, 8.0, 8.0 ] },
								"down": { "texture": "#material1", "uv": [ 0.0, 0.0, 8.0, 8.0 ] }
							},
							"children": [
								{
									"name": "plateedge-1",
									"from": [ -0.5, 0.0, -0.5 ], 
									"to": [ 0.5, 1.0, 0.5 ], 
									"faces": {
										"north": { "texture": "#material1", "uv": [ 0.0, 0.0, 1.0, 1.0 ] },
										"east": { "texture": "#material1", "uv": [ 0.0, 0.0, 1.0, 1.0 ] },
										"south": { "texture": "#material1", "uv": [ 0.0, 0.0, 1.0, 1.0 ] },
										"west": { "texture": "#material1", "uv": [ 0.0, 0.0, 1.0, 1.0 ] },
										"up": { "texture": "#material1", "uv": [ 0.0, 0.0, 1.0, 1.0 ] },
										"down": { "texture": "#material1", "uv": [ 0.0, 0.0, 1.0, 1.0 ] }
									}
								},
								{
									"name": "plateedge-3",
									"from": [ -0.5, 0.0, 7.5 ], 
									"to": [ 0.5, 1.0, 8.5 ], 
									"rotationOrigin": [ 0.0, 0.0, 8.0 ],
									"faces": {
										"north": { "texture": "#material1", "uv": [ 0.0, 0.0, 1.0, 1.0 ] },
										"east": { "texture": "#material1", "uv": [ 0.0, 0.0, 1.0, 1.0 ] },
										"south": { "texture": "#material1", "uv": [ 0.0, 0.0, 1.0, 1.0 ] },
										"west": { "texture": "#material1", "uv": [ 0.0, 0.0, 1.0, 1.0 ] },
										"up": { "texture": "#material1", "uv": [ 0.0, 0.0, 1.0, 1.0 ] },
										"down": { "texture": "#material1", "uv": [ 0.0, 0.0, 1.0, 1.0 ] }
									}
								},
								{
									"name": "manastone-plate",
									"from": [ 1.0, 0.02, 1.0 ], 
									"to": [ 7.0, 0.52, 7.0 ], 
									"renderPass": 3,
									"faces": {
										"north": { "texture": "#manastone", "uv": [ 0.0, 0.0, 6.0, 0.5 ] },
										"east": { "texture": "#manastone", "uv": [ 0.0, 0.0, 6.0, 0.5 ] },
										"south": { "texture": "#manastone", "uv": [ 0.0, 0.0, 6.0, 0.5 ] },
										"west": { "texture": "#manastone", "uv": [ 0.0, 0.0, 6.0, 0.5 ] },
										"up": { "texture": "#manastone", "uv": [ 0.0, 0.0, 6.0, 6.0 ] },
										"down": { "texture": "#manastone", "uv": [ 0.0, 0.0, 6.0, 6.0 ] }
									}
								},
								{
									"name": "plate-2",
									"from": [ -1.0, -1.0, -1.0 ], 
									"to": [ 9.0, 0.0, 9.0 ], 
									"rotationOrigin": [ -1.0, -1.0, -1.0 ],
									"faces": {
										"north": { "texture": "#material2", "uv": [ 0.0, 0.0, 10.0, 1.0 ] },
										"east": { "texture": "#material2", "uv": [ 0.0, 0.0, 10.0, 1.0 ] },
										"south": { "texture": "#material2", "uv": [ 0.0, 0.0, 10.0, 1.0 ] },
										"west": { "texture": "#material2", "uv": [ 0.0, 0.0, 10.0, 1.0 ] },
										"up": { "texture": "#material2", "uv": [ 0.0, 0.0, 10.0, 10.0 ] },
										"down": { "texture": "#material2", "uv": [ 0.0, 0.0, 10.0, 10.0 ] }
									}
								},
								{
									"name": "plateedge-4",
									"from": [ 7.5, 0.0, 7.5 ], 
									"to": [ 8.5, 1.0, 8.5 ], 
									"rotationOrigin": [ 8.0, 0.0, 8.0 ],
									"faces": {
										"north": { "texture": "#material1", "uv": [ 0.0, 0.0, 1.0, 1.0 ] },
										"east": { "texture": "#material1", "uv": [ 0.0, 0.0, 1.0, 1.0 ] },
										"south": { "texture": "#material1", "uv": [ 0.0, 0.0, 1.0, 1.0 ] },
										"west": { "texture": "#material1", "uv": [ 0.0, 0.0, 1.0, 1.0 ] },
										"up": { "texture": "#material1", "uv": [ 0.0, 0.0, 1.0, 1.0 ] },
										"down": { "texture": "#material1", "uv": [ 0.0, 0.0, 1.0, 1.0 ] }
									}
								},
								{
									"name": "plateedge-2",
									"from": [ 7.5, 0.0, -0.5 ], 
									"to": [ 8.5, 1.0, 0.5 ], 
									"rotationOrigin": [ 8.0, 0.0, 0.0 ],
									"faces": {
										"north": { "texture": "#material1", "uv": [ 0.0, 0.0, 1.0, 1.0 ] },
										"east": { "texture": "#material1", "uv": [ 0.0, 0.0, 1.0, 1.0 ] },
										"south": { "texture": "#material1", "uv": [ 0.0, 0.0, 1.0, 1.0 ] },
										"west": { "texture": "#material1", "uv": [ 0.0, 0.0, 1.0, 1.0 ] },
										"up": { "texture": "#material1", "uv": [ 0.0, 0.0, 1.0, 1.0 ] },
										"down": { "texture": "#material1", "uv": [ 0.0, 0.0, 1.0, 1.0 ] }
									}
								},
								{
									"name": "outer-plate",
									"from": [ 0.5, 0.01, 0.5 ], 
									"to": [ 7.5, 0.51, 7.5 ], 
									"rotationOrigin": [ -1.0, 0.0, -1.0 ],
									"faces": {
										"north": { "texture": "#material3", "uv": [ 0.0, 0.0, 7.0, 0.5 ] },
										"east": { "texture": "#material3", "uv": [ 0.0, 0.0, 7.0, 0.5 ] },
										"south": { "texture": "#material3", "uv": [ 0.0, 0.0, 7.0, 0.5 ] },
										"west": { "texture": "#material3", "uv": [ 0.0, 0.0, 7.0, 0.5 ] },
										"up": { "texture": "#material3", "uv": [ 0.0, 0.0, 7.0, 7.0 ] },
										"down": { "texture": "#material3", "uv": [ 0.0, 0.0, 7.0, 7.0 ] }
									}
								}
							]
						}
					]
				}
			]
		}
	]}