{
	"editor": {
		"allAngles": false,
		"entityTextureMode": false
	},
	"textureWidth": 16,
	"textureHeight": 16,
	"textureSizes": {
	},
	"textures": {
	},
	"elements": [
		{
			"name": "Cube145",
			"from": [ 0.0, 0.0, 0.0 ], 
			"to": [ 16.0, 1.0, 16.0 ], 
			"faces": {
				"north": { "texture": "#material", "uv": [ 0.0, 0.0, 16.0, 1.0 ] },
				"east": { "texture": "#material", "uv": [ 0.0, 0.0, 16.0, 1.0 ] },
				"south": { "texture": "#material", "uv": [ 0.0, 0.0, 16.0, 1.0 ] },
				"west": { "texture": "#material", "uv": [ 0.0, 0.0, 16.0, 1.0 ] },
				"up": { "texture": "#material", "uv": [ 0.0, 0.0, 16.0, 16.0 ] },
				"down": { "texture": "#material", "uv": [ 0.0, 0.0, 16.0, 16.0 ] }
			},
			"children": [
				{
					"name": "Cube147",
					"from": [ 0.0, 1.0, 0.0 ], 
					"to": [ 3.0, 11.0, 3.0 ], 
					"rotationOrigin": [ 0.0, 1.0, 0.0 ],
					"faces": {
						"north": { "texture": "#material", "uv": [ 0.0, 0.0, 3.0, 10.0 ] },
						"east": { "texture": "#material", "uv": [ 0.0, 0.0, 3.0, 10.0 ] },
						"south": { "texture": "#material", "uv": [ 0.0, 0.0, 3.0, 10.0 ] },
						"west": { "texture": "#material", "uv": [ 0.0, 0.0, 3.0, 10.0 ] },
						"up": { "texture": "#material", "uv": [ 0.0, 0.0, 3.0, 3.0 ] },
						"down": { "texture": "#material", "uv": [ 0.0, 0.0, 3.0, 3.0 ] }
					},
					"children": [
						{
							"name": "Cube149",
							"from": [ 13.0, 0.0, 0.0 ], 
							"to": [ 16.0, 10.0, 3.0 ], 
							"rotationOrigin": [ 13.0, 0.0, 0.0 ],
							"faces": {
								"north": { "texture": "#material", "uv": [ 0.0, 0.0, 3.0, 10.0 ] },
								"east": { "texture": "#material", "uv": [ 0.0, 0.0, 3.0, 10.0 ] },
								"south": { "texture": "#material", "uv": [ 0.0, 0.0, 3.0, 10.0 ] },
								"west": { "texture": "#material", "uv": [ 0.0, 0.0, 3.0, 10.0 ] },
								"up": { "texture": "#material", "uv": [ 0.0, 0.0, 3.0, 3.0 ] },
								"down": { "texture": "#material", "uv": [ 0.0, 0.0, 3.0, 3.0 ] }
							}
						}
					]
				},
				{
					"name": "Cube150",
					"from": [ 0.0, 1.0, 13.0 ], 
					"to": [ 3.0, 11.0, 16.0 ], 
					"rotationOrigin": [ 0.0, 1.0, 13.0 ],
					"faces": {
						"north": { "texture": "#material", "uv": [ 0.0, 0.0, 3.0, 10.0 ] },
						"east": { "texture": "#material", "uv": [ 0.0, 0.0, 3.0, 10.0 ] },
						"south": { "texture": "#material", "uv": [ 0.0, 0.0, 3.0, 10.0 ] },
						"west": { "texture": "#material", "uv": [ 0.0, 0.0, 3.0, 10.0 ] },
						"up": { "texture": "#material", "uv": [ 0.0, 0.0, 3.0, 3.0 ] },
						"down": { "texture": "#material", "uv": [ 0.0, 0.0, 3.0, 3.0 ] }
					},
					"children": [
						{
							"name": "Cube150",
							"from": [ 13.0, 0.0, 0.0 ], 
							"to": [ 16.0, 10.0, 3.0 ], 
							"rotationOrigin": [ 13.0, 0.0, 0.0 ],
							"faces": {
								"north": { "texture": "#material", "uv": [ 0.0, 0.0, 3.0, 10.0 ] },
								"east": { "texture": "#material", "uv": [ 0.0, 0.0, 3.0, 10.0 ] },
								"south": { "texture": "#material", "uv": [ 0.0, 0.0, 3.0, 10.0 ] },
								"west": { "texture": "#material", "uv": [ 0.0, 0.0, 3.0, 10.0 ] },
								"up": { "texture": "#material", "uv": [ 0.0, 0.0, 3.0, 3.0 ] },
								"down": { "texture": "#material", "uv": [ 0.0, 0.0, 3.0, 3.0 ] }
							}
						}
					]
				},
				{
					"name": "Cube151",
					"from": [ 4.0, 1.0, 4.0 ], 
					"to": [ 12.0, 11.0, 12.0 ], 
					"rotationOrigin": [ 4.0, 1.0, 4.0 ],
					"faces": {
						"north": { "texture": "#material", "uv": [ 0.0, 0.0, 8.0, 10.0 ] },
						"east": { "texture": "#material", "uv": [ 0.0, 0.0, 8.0, 10.0 ] },
						"south": { "texture": "#material", "uv": [ 0.0, 0.0, 8.0, 10.0 ] },
						"west": { "texture": "#material", "uv": [ 0.0, 0.0, 8.0, 10.0 ] },
						"up": { "texture": "#material", "uv": [ 0.0, 0.0, 8.0, 8.0 ] },
						"down": { "texture": "#material", "uv": [ 0.0, 0.0, 8.0, 8.0 ] }
					}
				},
				{
					"name": "Cube11",
					"from": [ 0.0, 11.0, 0.0 ], 
					"to": [ 16.0, 12.0, 16.0 ], 
					"rotationOrigin": [ 0.0, 11.0, 0.0 ],
					"faces": {
						"north": { "texture": "#null", "uv": [ 0.0, 0.0, 16.0, 1.0 ] },
						"east": { "texture": "#null", "uv": [ 0.0, 0.0, 16.0, 1.0 ] },
						"south": { "texture": "#null", "uv": [ 0.0, 0.0, 16.0, 1.0 ] },
						"west": { "texture": "#null", "uv": [ 0.0, 0.0, 16.0, 1.0 ] },
						"up": { "texture": "#null", "uv": [ 0.0, 0.0, 16.0, 16.0 ] },
						"down": { "texture": "#null", "uv": [ 0.0, 0.0, 16.0, 16.0 ] }
					},
					"children": [
						{
							"name": "Cube1",
							"from": [ 1.0, 1.0, 1.0 ], 
							"to": [ 15.0, 2.0, 15.0 ], 
							"rotationOrigin": [ 1.0, 1.0, 1.0 ],
							"faces": {
								"north": { "texture": "#null", "uv": [ 0.0, 0.0, 14.0, 1.0 ] },
								"east": { "texture": "#null", "uv": [ 0.0, 0.0, 14.0, 1.0 ] },
								"south": { "texture": "#null", "uv": [ 0.0, 0.0, 14.0, 1.0 ] },
								"west": { "texture": "#null", "uv": [ 0.0, 0.0, 14.0, 1.0 ] },
								"up": { "texture": "#null", "uv": [ 0.0, 0.0, 14.0, 14.0 ] },
								"down": { "texture": "#null", "uv": [ 0.0, 0.0, 14.0, 14.0 ] }
							},
							"children": [
								{
									"name": "Cube8",
									"from": [ 1.0, 1.0, 1.0 ], 
									"to": [ 13.0, 2.0, 13.0 ], 
									"rotationOrigin": [ 1.0, 1.0, 1.0 ],
									"faces": {
										"north": { "texture": "#null", "uv": [ 0.0, 0.0, 12.0, 1.0 ] },
										"east": { "texture": "#null", "uv": [ 0.0, 0.0, 12.0, 1.0 ] },
										"south": { "texture": "#null", "uv": [ 0.0, 0.0, 12.0, 1.0 ] },
										"west": { "texture": "#null", "uv": [ 0.0, 0.0, 12.0, 1.0 ] },
										"up": { "texture": "#null", "uv": [ 0.0, 0.0, 12.0, 12.0 ] },
										"down": { "texture": "#null", "uv": [ 0.0, 0.0, 12.0, 12.0 ] }
									},
									"children": [
										{
											"name": "Cube9",
											"from": [ 1.0, 1.0, 1.0 ], 
											"to": [ 11.0, 2.0, 11.0 ], 
											"rotationOrigin": [ 1.0, 1.0, 1.0 ],
											"faces": {
												"north": { "texture": "#null", "uv": [ 0.0, 0.0, 10.0, 1.0 ] },
												"east": { "texture": "#null", "uv": [ 0.0, 0.0, 10.0, 1.0 ] },
												"south": { "texture": "#null", "uv": [ 0.0, 0.0, 10.0, 1.0 ] },
												"west": { "texture": "#null", "uv": [ 0.0, 0.0, 10.0, 1.0 ] },
												"up": { "texture": "#null", "uv": [ 0.0, 0.0, 10.0, 10.0 ] },
												"down": { "texture": "#null", "uv": [ 0.0, 0.0, 10.0, 10.0 ] }
											},
											"children": [
												{
													"name": "Cube10",
													"from": [ 1.0, 1.0, 1.0 ], 
													"to": [ 9.0, 2.0, 9.0 ], 
													"rotationOrigin": [ 1.0, 1.0, 1.0 ],
													"faces": {
														"north": { "texture": "#null", "uv": [ 0.0, 0.0, 8.0, 1.0 ] },
														"east": { "texture": "#null", "uv": [ 0.0, 0.0, 8.0, 1.0 ] },
														"south": { "texture": "#null", "uv": [ 0.0, 0.0, 8.0, 1.0 ] },
														"west": { "texture": "#null", "uv": [ 0.0, 0.0, 8.0, 1.0 ] },
														"up": { "texture": "#null", "uv": [ 0.0, 0.0, 8.0, 8.0 ] },
														"down": { "texture": "#null", "uv": [ 0.0, 0.0, 8.0, 8.0 ] }
													}
												}
											]
										}
									]
								}
							]
						}
					]
				}
			]
		}
	]
}