{
	"editor": {
		"allAngles": false,
		"entityTextureMode": false
	},
	"textureWidth": 16,
	"textureHeight": 16,
	"textureSizes": {
	},
	"textures": {
	},
	"elements": [
		{
			"name": "_origin-outer",
			"from": [ 0.0, 0.0, 0.0 ], 
			"to": [ 0.0, 0.0, 0.0 ], 
			"rotationOrigin": [ 8.0, 0.0, 8.0 ],
			"faces": {
				"north": { "texture": "#default", "uv": [ 0.0, 0.0, 0.5, 0.5 ] },
				"east": { "texture": "#default", "uv": [ 0.0, 0.0, 0.5, 0.5 ] },
				"south": { "texture": "#default", "uv": [ 0.0, 0.0, 0.5, 0.5 ] },
				"west": { "texture": "#default", "uv": [ 0.0, 0.0, 0.5, 0.5 ] },
				"up": { "texture": "#default", "uv": [ 0.0, 0.0, 0.5, 0.5 ] },
				"down": { "texture": "#default", "uv": [ 0.0, 0.0, 0.5, 0.5 ] }
			},
			"children": [
				{
					"name": "Cube48",
					"from": [ 0.0, 0.0, 0.0 ], 
					"to": [ 16.0, 3.0, 3.0 ], 
					"rotationOrigin": [ 8.0, 0.0, 8.0 ],
					"faces": {
						"north": { "texture": "#material", "uv": [ 0.0, 13.0, 16.0, 16.0 ] },
						"east": { "texture": "#material", "uv": [ 13.0, 13.0, 16.0, 16.0 ] },
						"south": { "texture": "#material", "uv": [ 0.0, 0.0, 16.0, 3.0 ] },
						"west": { "texture": "#material", "uv": [ 0.0, 13.0, 3.0, 16.0 ] },
						"up": { "texture": "#material", "uv": [ 0.0, 0.0, 3.0, 16.0 ], "rotation": 90 },
						"down": { "texture": "#material", "uv": [ 0.0, 0.0, 16.0, 3.0 ] }
					},
					"children": [
						{
							"name": "Cube50",
							"from": [ 0.0, 3.0, 0.0 ], 
							"to": [ 3.0, 13.0, 3.0 ], 
							"rotationOrigin": [ 0.0, 3.0, 0.0 ],
							"faces": {
								"north": { "texture": "#material", "uv": [ 13.0, 3.0, 16.0, 13.0 ] },
								"east": { "texture": "#material", "uv": [ 0.0, 3.0, 3.0, 13.0 ] },
								"south": { "texture": "#material", "uv": [ 0.0, 3.0, 3.0, 13.0 ] },
								"west": { "texture": "#material", "uv": [ 0.0, 3.0, 3.0, 13.0 ] },
								"up": { "texture": "#material", "uv": [ 0.0, 0.0, 3.0, 3.0 ] },
								"down": { "texture": "#material", "uv": [ 0.0, 0.0, 3.0, 3.0 ] }
							}
						},
						{
							"name": "Cube49",
							"from": [ 0.0, 13.0, 0.0 ], 
							"to": [ 16.0, 16.0, 3.0 ], 
							"rotationOrigin": [ 8.0, 13.0, 8.0 ],
							"faces": {
								"north": { "texture": "#material", "uv": [ 0.0, 0.0, 16.0, 3.0 ] },
								"east": { "texture": "#material", "uv": [ 13.0, 0.0, 16.0, 3.0 ] },
								"south": { "texture": "#material", "uv": [ 0.0, 0.0, 16.0, 3.0 ] },
								"west": { "texture": "#material", "uv": [ 0.0, 0.0, 3.0, 3.0 ] },
								"up": { "texture": "#material", "uv": [ 0.0, 0.0, 16.0, 3.0 ] },
								"down": { "texture": "#material", "uv": [ 0.0, 0.0, 16.0, 3.0 ] }
							},
							"children": [
								{
									"name": "Cube51",
									"from": [ 13.0, -10.0, 0.0 ], 
									"to": [ 16.0, 0.0, 3.0 ], 
									"rotationOrigin": [ 13.0, -10.0, 0.0 ],
									"faces": {
										"north": { "texture": "#material", "uv": [ 0.0, 3.0, 3.0, 13.0 ] },
										"east": { "texture": "#material", "uv": [ 13.0, 3.0, 16.0, 13.0 ] },
										"south": { "texture": "#material", "uv": [ 0.0, 3.0, 3.0, 13.0 ] },
										"west": { "texture": "#material", "uv": [ 0.0, 3.0, 3.0, 13.0 ] },
										"up": { "texture": "#material", "uv": [ 0.0, 0.0, 3.0, 3.0 ] },
										"down": { "texture": "#material", "uv": [ 0.0, 0.0, 3.0, 3.0 ] }
									}
								}
							]
						},
						{
							"name": "Cube52",
							"from": [ 0.0, 0.0, 3.0 ], 
							"to": [ 3.0, 3.0, 13.0 ], 
							"rotationOrigin": [ 0.0, 0.0, 3.0 ],
							"faces": {
								"north": { "texture": "#material", "uv": [ 0.0, 0.0, 3.0, 3.0 ] },
								"east": { "texture": "#material", "uv": [ 3.0, 0.0, 13.0, 3.0 ] },
								"south": { "texture": "#material", "uv": [ 0.0, 0.0, 3.0, 3.0 ] },
								"west": { "texture": "#material", "uv": [ 3.0, 13.0, 13.0, 16.0 ] },
								"up": { "texture": "#material", "uv": [ 13.0, 3.0, 16.0, 13.0 ] },
								"down": { "texture": "#material", "uv": [ 0.0, 3.0, 3.0, 13.0 ] }
							},
							"children": [
								{
									"name": "Cube53",
									"from": [ 0.0, 13.0, 0.0 ], 
									"to": [ 3.0, 16.0, 10.0 ], 
									"rotationOrigin": [ 0.0, 13.0, 0.0 ],
									"faces": {
										"north": { "texture": "#material", "uv": [ 0.0, 0.0, 3.0, 3.0 ] },
										"east": { "texture": "#material", "uv": [ 2.5, 0.0, 12.5, 3.0 ] },
										"south": { "texture": "#material", "uv": [ 0.0, 0.0, 3.0, 3.0 ] },
										"west": { "texture": "#material", "uv": [ 3.0, 0.0, 13.0, 3.0 ] },
										"up": { "texture": "#material", "uv": [ 0.0, 2.5, 3.0, 12.5 ] },
										"down": { "texture": "#material", "uv": [ 0.0, 3.0, 3.0, 13.0 ] }
									}
								}
							]
						},
						{
							"name": "Cube54",
							"from": [ 13.0, 0.0, 3.0 ], 
							"to": [ 16.0, 3.0, 13.0 ], 
							"rotationOrigin": [ 13.0, 0.0, 3.0 ],
							"faces": {
								"north": { "texture": "#material", "uv": [ 0.0, 0.0, 3.0, 3.0 ] },
								"east": { "texture": "#material", "uv": [ 3.0, 13.0, 13.0, 16.0 ] },
								"south": { "texture": "#material", "uv": [ 0.0, 0.0, 3.0, 3.0 ] },
								"west": { "texture": "#material", "uv": [ 3.0, 0.0, 13.0, 3.0 ] },
								"up": { "texture": "#material", "uv": [ 3.0, 0.0, 13.0, 3.0 ], "rotation": 90 },
								"down": { "texture": "#material", "uv": [ 13.0, 3.0, 16.0, 13.0 ] }
							},
							"children": [
								{
									"name": "Cube55",
									"from": [ 0.0, 13.0, 0.0 ], 
									"to": [ 3.0, 16.0, 10.0 ], 
									"rotationOrigin": [ 0.0, 13.0, 0.0 ],
									"faces": {
										"north": { "texture": "#material", "uv": [ 0.0, 0.0, 3.0, 3.0 ] },
										"east": { "texture": "#material", "uv": [ 3.0, 0.0, 13.0, 3.0 ] },
										"south": { "texture": "#material", "uv": [ 0.0, 0.0, 3.0, 3.0 ] },
										"west": { "texture": "#material", "uv": [ 3.0, 0.0, 13.0, 3.0 ] },
										"up": { "texture": "#material", "uv": [ 13.0, 3.0, 16.0, 13.0 ] },
										"down": { "texture": "#material", "uv": [ 0.0, 3.0, 3.0, 13.0 ] }
									}
								}
							]
						},
						{
							"name": "Cube56",
							"from": [ 0.0, 0.0, 13.0 ], 
							"to": [ 16.0, 3.0, 16.0 ], 
							"rotationOrigin": [ 8.0, 0.0, 21.0 ],
							"faces": {
								"north": { "texture": "#material", "uv": [ 0.0, 13.0, 16.0, 16.0 ] },
								"east": { "texture": "#material", "uv": [ 0.0, 13.0, 3.0, 16.0 ] },
								"south": { "texture": "#material", "uv": [ 0.0, 13.0, 16.0, 16.0 ] },
								"west": { "texture": "#material", "uv": [ 13.0, 13.0, 16.0, 16.0 ] },
								"up": { "texture": "#material", "uv": [ 0.0, 13.0, 16.0, 16.0 ] },
								"down": { "texture": "#material", "uv": [ 0.0, 13.0, 16.0, 16.0 ] }
							},
							"children": [
								{
									"name": "Cube57",
									"from": [ 0.0, 3.0, 0.0 ], 
									"to": [ 3.0, 13.0, 3.0 ], 
									"rotationOrigin": [ 0.0, 3.0, 0.0 ],
									"faces": {
										"north": { "texture": "#material", "uv": [ 0.0, 3.0, 3.0, 13.0 ] },
										"east": { "texture": "#material", "uv": [ 0.0, 3.0, 3.0, 13.0 ] },
										"south": { "texture": "#material", "uv": [ 0.0, 3.0, 3.0, 13.0 ] },
										"west": { "texture": "#material", "uv": [ 13.0, 3.0, 16.0, 13.0 ] },
										"up": { "texture": "#material", "uv": [ 0.0, 0.0, 3.0, 3.0 ] },
										"down": { "texture": "#material", "uv": [ 0.0, 0.0, 3.0, 3.0 ] }
									}
								},
								{
									"name": "Cube58",
									"from": [ 0.0, 13.0, 0.0 ], 
									"to": [ 16.0, 16.0, 3.0 ], 
									"rotationOrigin": [ 8.0, 13.0, 8.0 ],
									"faces": {
										"north": { "texture": "#material", "uv": [ 0.0, 0.0, 16.0, 3.0 ] },
										"east": { "texture": "#material", "uv": [ 0.0, 0.0, 3.0, 3.0 ] },
										"south": { "texture": "#material", "uv": [ 0.0, 0.0, 16.0, 3.0 ] },
										"west": { "texture": "#material", "uv": [ 13.0, 0.0, 16.0, 3.0 ] },
										"up": { "texture": "#material", "uv": [ 0.0, 13.0, 16.0, 16.0 ] },
										"down": { "texture": "#material", "uv": [ 0.0, 0.0, 16.0, 3.0 ] }
									},
									"children": [
										{
											"name": "Cube59",
											"from": [ 13.0, -10.0, 0.0 ], 
											"to": [ 16.0, 0.0, 3.0 ], 
											"rotationOrigin": [ 13.0, -10.0, 0.0 ],
											"faces": {
												"north": { "texture": "#material", "uv": [ 0.0, 3.0, 3.0, 13.0 ] },
												"east": { "texture": "#material", "uv": [ 0.0, 3.0, 3.0, 13.0 ] },
												"south": { "texture": "#material", "uv": [ 13.0, 3.0, 16.0, 13.0 ] },
												"west": { "texture": "#material", "uv": [ 0.0, 3.0, 3.0, 13.0 ] },
												"up": { "texture": "#material", "uv": [ 0.0, 0.0, 3.0, 3.0 ] },
												"down": { "texture": "#material", "uv": [ 0.0, 0.0, 3.0, 3.0 ] }
											}
										}
									]
								}
							]
						}
					]
				}
			]
		}
	]
}