{
	"editor": {
		"allAngles": false,
		"entityTextureMode": false
	},
	"textureWidth": 16,
	"textureHeight": 16,
	"textureSizes": {
	},
	"textures": {
	},
	"elements": [
		{
			"name": "_origin",
			"from": [ 8.0, 0.0, 8.0 ],
			"to": [ 8.0, 0.0, 8.0 ],
			"rotationOrigin": [ 8.0, 0.0, 8.0 ],
			"faces": {
				"north": { "texture": "#default", "uv": [ 0.0, 0.0, 0.5, 0.5 ] },
				"east": { "texture": "#default", "uv": [ 0.0, 0.0, 0.5, 0.5 ] },
				"south": { "texture": "#default", "uv": [ 0.0, 0.0, 0.5, 0.5 ] },
				"west": { "texture": "#default", "uv": [ 0.0, 0.0, 0.5, 0.5 ] },
				"up": { "texture": "#default", "uv": [ 0.0, 0.0, 0.5, 0.5 ] },
				"down": { "texture": "#default", "uv": [ 0.0, 0.0, 0.5, 0.5 ] }
			},
			"children": [
				{
					"name": "_prism",
					"from": [ -0.6, 1.65, 3.5 ],
					"to": [ -0.6, 1.65, 3.5 ],
					"rotationOrigin": [ -0.6, 1.75, 3.0 ],
					"rotationX": -90.0,
					"faces": {
						"north": { "texture": "#default", "uv": [ 0.0, 13.0, 0.5, 13.5 ] },
						"east": { "texture": "#default", "uv": [ 1.5, 3.0, 2.0, 3.5 ] },
						"south": { "texture": "#default", "uv": [ 5.5, 7.0, 6.0, 7.5 ] },
						"west": { "texture": "#default", "uv": [ 5.5, 6.5, 6.0, 7.0 ] },
						"up": { "texture": "#default", "uv": [ 11.0, 1.5, 11.5, 2.0 ] },
						"down": { "texture": "#default", "uv": [ 1.0, 0.0, 1.5, 0.5 ] }
					},
					"children": [
						{
							"name": "_mainbody-capfront",
							"from": [ 0.0, 0.0, 0.0 ],
							"to": [ 0.0, 0.0, 0.0 ],
							"faces": {
								"north": { "texture": "#default", "uv": [ 0.0, 0.0, 0.0375, 0.0375 ] },
								"east": { "texture": "#default", "uv": [ 0.0, 0.0, 0.0375, 0.0375 ] },
								"south": { "texture": "#default", "uv": [ 0.0, 0.0, 0.0375, 0.0375 ] },
								"west": { "texture": "#default", "uv": [ 0.0, 0.0, 0.0375, 0.0375 ] },
								"up": { "texture": "#default", "uv": [ 0.0, 0.0, 0.0375, 0.0375 ] },
								"down": { "texture": "#default", "uv": [ 0.0, 0.0, 0.0375, 0.0375 ] }
							},
							"children": [
								{
									"name": "mainbody-capfront-1-4",
									"from": [ -0.075, 2.48, -2.8446 ],
									"to": [ 0.0, 3.68, -2.2446 ],
									"rotationOrigin": [ 0.0, 2.4803, -2.2446 ],
									"rotationX": -180.0,
									"rotationY": 60.0,
									"rotationZ": 180.0,
									"faces": {
										"east": { "texture": "#gemstone", "uv": [ 0.0, 0.0, 0.5, 1.0 ] },
										"up": { "texture": "#gemstone", "uv": [ 0.0, 0.0, 0.5, 0.5 ] },
										"down": { "texture": "#gemstone", "uv": [ 0.0, 0.0, 0.5, 0.5 ] }
									}
								},
								{
									"name": "mainbody-capfront-1-2",
									"from": [ 1.2, 2.48, -2.8446 ],
									"to": [ 1.275, 3.68, -2.2446 ],
									"rotationOrigin": [ 1.2, 2.4803, -2.2446 ],
									"rotationX": -180.0,
									"rotationY": -60.0,
									"rotationZ": 180.0,
									"faces": {
										"west": { "texture": "#gemstone", "uv": [ 0.0, 0.0, 0.5, 1.0 ] },
										"up": { "texture": "#gemstone", "uv": [ 0.0, 0.0, 0.5, 0.5 ] },
										"down": { "texture": "#gemstone", "uv": [ 0.0, 0.0, 0.5, 0.5 ] }
									}
								},
								{
									"name": "mainbody-capfront-1-3",
									"from": [ 1.7196, 2.48, -2.5446 ],
									"to": [ 1.7946, 3.68, -1.9446 ],
									"rotationOrigin": [ 1.7196, 2.4803, -1.9446 ],
									"rotationX": -180.0,
									"rotationY": -30.0,
									"rotationZ": 180.0,
									"faces": {
										"west": { "texture": "#gemstone", "uv": [ 0.0, 0.0, 0.5, 1.0 ] },
										"up": { "texture": "#gemstone", "uv": [ 0.0, 0.0, 0.5, 0.5 ] },
										"down": { "texture": "#gemstone", "uv": [ 0.0, 0.0, 0.5, 0.5 ] }
									}
								},
								{
									"name": "mainbody-capfront-1-5",
									"from": [ -0.5946, 2.48, -2.5446 ],
									"to": [ -0.5196, 3.68, -1.9446 ],
									"rotationOrigin": [ -0.5196, 2.4803, -1.9446 ],
									"rotationX": -180.0,
									"rotationY": 30.0,
									"rotationZ": 180.0,
									"faces": {
										"east": { "texture": "#gemstone", "uv": [ 0.0, 0.0, 0.5, 1.0 ] },
										"up": { "texture": "#gemstone", "uv": [ 0.0, 0.0, 0.5, 0.5 ] },
										"down": { "texture": "#gemstone", "uv": [ 0.0, 0.0, 0.5, 0.5 ] }
									}
								},
								{
									"name": "mainbody-capfront-2-1",
									"from": [ -0.5934, 3.5999, -2.842 ],
									"to": [ 0.0066, 3.6749, -2.242 ],
									"rotationOrigin": [ 0.0066, 3.6749, -2.2323 ],
									"rotationX": -165.048,
									"rotationY": 60.054,
									"rotationZ": 107.071,
									"faces": {
										"north": { "texture": "#gemstone", "uv": [ 0.0, 0.0, 0.5, 0.5 ] },
										"west": { "texture": "#gemstone", "uv": [ 0.0, 0.0, 0.5, 0.5 ] },
										"up": { "texture": "#gemstone", "uv": [ 0.0, 0.0, 0.5, 0.5 ] }
									}
								},
								{
									"name": "mainbody-capfront-2-3",
									"from": [ -0.9691, 3.8595, -1.4066 ],
									"to": [ -0.3691, 3.9345, -0.8066 ],
									"rotationOrigin": [ -0.6691, 3.9345, -1.4066 ],
									"rotationX": 163.888,
									"rotationY": 25.513,
									"rotationZ": 123.8,
									"faces": {
										"east": { "texture": "#gemstone", "uv": [ 0.0, 0.0, 0.5, 0.5 ] },
										"south": { "texture": "#gemstone", "uv": [ 0.0, 0.0, 0.5, 0.5 ] },
										"west": { "texture": "#gemstone", "uv": [ 0.0, 0.0, 0.5, 0.5 ] },
										"up": { "texture": "#gemstone", "uv": [ 0.0, 0.0, 0.5, 0.5 ] }
									}
								},
								{
									"name": "mainbody-capfront-2-2",
									"from": [ -0.5583, 4.2683, -1.4071 ],
									"to": [ 0.0417, 4.3433, -0.8071 ],
									"rotationOrigin": [ -0.2583, 4.3433, -1.4071 ],
									"rotationX": 153.454,
									"rotationY": 14.316,
									"rotationZ": 153.509,
									"faces": {
										"east": { "texture": "#gemstone", "uv": [ 0.0, 0.0, 0.5, 0.5 ] },
										"south": { "texture": "#gemstone", "uv": [ 0.0, 0.0, 0.5, 0.5 ] },
										"west": { "texture": "#gemstone", "uv": [ 0.0, 0.0, 0.5, 0.5 ] },
										"up": { "texture": "#gemstone", "uv": [ 0.0, 0.0, 0.5, 0.5 ] }
									}
								},
								{
									"name": "mainbody-capfront-5-1",
									"from": [ 0.6, 3.597, -2.842 ],
									"to": [ 1.2, 3.672, -2.242 ],
									"rotationOrigin": [ 1.2, 3.672, -2.2323 ],
									"rotationX": 119.1,
									"rotationY": 7.4,
									"rotationZ": -149.9,
									"faces": {
										"north": { "texture": "#gemstone", "uv": [ 0.0, 0.0, 0.5, 0.5 ] },
										"west": { "texture": "#gemstone", "uv": [ 0.0, 0.0, 0.5, 0.5 ] },
										"up": { "texture": "#gemstone", "uv": [ 0.0, 0.0, 0.5, 0.5 ] }
									}
								},
								{
									"name": "mainbody-capfront-5-3",
									"from": [ 1.1596, 4.2727, -1.4066 ],
									"to": [ 1.7596, 4.3477, -0.8066 ],
									"rotationOrigin": [ 1.4596, 4.3477, -1.4066 ],
									"rotationX": 153.583,
									"rotationY": -14.504,
									"rotationZ": -153.292,
									"faces": {
										"north": { "texture": "#gemstone", "uv": [ 7.0, 8.0, 7.6, 8.075 ] },
										"east": { "texture": "#gemstone", "uv": [ 6.0, 0.5, 6.6, 0.575 ] },
										"south": { "texture": "#gemstone", "uv": [ 5.5, 0.5, 6.1, 0.575 ] },
										"west": { "texture": "#gemstone", "uv": [ 2.0, 6.5, 2.6, 6.575 ] },
										"up": { "texture": "#gemstone", "uv": [ 2.0, 1.5, 2.6, 2.1 ] },
										"down": { "texture": "#gemstone", "uv": [ 7.5, 6.5, 8.1, 7.1 ] }
									}
								},
								{
									"name": "mainbody-capfront-5-2",
									"from": [ 1.5685, 3.8619, -1.4071 ],
									"to": [ 2.1685, 3.9369, -0.8071 ],
									"rotationOrigin": [ 1.8685, 3.9369, -1.4071 ],
									"rotationX": 164.078,
									"rotationY": -25.66,
									"rotationZ": -123.533,
									"faces": {
										"east": { "texture": "#gemstone", "uv": [ 0.0, 0.0, 0.5, 0.5 ] },
										"south": { "texture": "#gemstone", "uv": [ 0.0, 0.0, 0.5, 0.5 ] },
										"west": { "texture": "#gemstone", "uv": [ 0.0, 0.0, 0.5, 0.5 ] },
										"up": { "texture": "#gemstone", "uv": [ 0.0, 0.0, 0.5, 0.5 ] }
									}
								},
								{
									"name": "mainbody-capfront-1-7",
									"from": [ 1.1993, 4.4249, -1.425 ],
									"to": [ 2.4008, 4.4999, -0.825 ],
									"rotationOrigin": [ 1.2, 4.4999, -1.425 ],
									"rotationX": 150.0,
									"rotationZ": -180.0,
									"faces": {
										"east": { "texture": "#gemstone", "uv": [ 0.0, 0.0, 0.5, 0.5 ] },
										"west": { "texture": "#gemstone", "uv": [ 0.0, 0.0, 0.5, 0.5 ] },
										"up": { "texture": "#gemstone", "uv": [ 0.0, 0.0, 1.0, 0.5 ] }
									}
								},
								{
									"name": "mainbody-capfront-1-6",
									"from": [ 1.2, 4.1249, -1.9446 ],
									"to": [ 2.4, 4.1999, -1.3446 ],
									"rotationOrigin": [ 1.2, 4.1999, -1.9446 ],
									"rotationX": 120.0,
									"rotationZ": -180.0,
									"faces": {
										"east": { "texture": "#gemstone", "uv": [ 0.0, 0.0, 0.5, 0.5 ] },
										"west": { "texture": "#gemstone", "uv": [ 0.0, 0.0, 0.5, 0.5 ] },
										"up": { "texture": "#gemstone", "uv": [ 0.0, 0.0, 1.0, 0.5 ] }
									}
								},
								{
									"name": "mainbody-capfront-1-1",
									"from": [ 1.2, 3.6054, -2.2445 ],
									"to": [ 2.4, 3.6804, -1.0445 ],
									"rotationOrigin": [ 1.2, 3.6804, -2.2446 ],
									"rotationX": 90.0,
									"rotationZ": -180.0,
									"faces": {
										"up": { "texture": "#gemstone", "uv": [ 0.0, 0.0, 1.0, 1.0 ] }
									}
								}
							]
						},
						{
							"name": "_mainbody-capback",
							"from": [ -1.2, 0.0, 2.86 ],
							"to": [ -1.2, 0.0, 2.86 ],
							"rotationOrigin": [ 0.0, 0.0, 0.0 ],
							"rotationY": 180.0,
							"faces": {
								"north": { "texture": "#default", "uv": [ 0.0, 0.0, 0.5, 0.5 ] },
								"east": { "texture": "#default", "uv": [ 0.0, 0.0, 0.5, 0.5 ] },
								"south": { "texture": "#default", "uv": [ 0.0, 0.0, 0.5, 0.5 ] },
								"west": { "texture": "#default", "uv": [ 0.0, 0.0, 0.5, 0.5 ] },
								"up": { "texture": "#default", "uv": [ 0.0, 0.0, 0.5, 0.5 ] },
								"down": { "texture": "#default", "uv": [ 0.0, 0.0, 0.5, 0.5 ] }
							},
							"children": [
								{
									"name": "mainbody-capback-1-4",
									"from": [ -0.075, 2.48, -2.8446 ],
									"to": [ 0.0, 3.68, -2.2446 ],
									"rotationOrigin": [ 0.0, 2.4803, -2.2446 ],
									"rotationX": -180.0,
									"rotationY": 60.0,
									"rotationZ": 180.0,
									"faces": {
										"east": { "texture": "#gemstone", "uv": [ 0.0, 0.0, 0.5, 1.0 ] },
										"up": { "texture": "#gemstone", "uv": [ 0.0, 0.0, 0.5, 0.5 ] },
										"down": { "texture": "#gemstone", "uv": [ 0.0, 0.0, 0.5, 0.5 ] }
									}
								},
								{
									"name": "mainbody-capback-1-2",
									"from": [ 1.2, 2.48, -2.8446 ],
									"to": [ 1.275, 3.68, -2.2446 ],
									"rotationOrigin": [ 1.2, 2.4803, -2.2446 ],
									"rotationX": -180.0,
									"rotationY": -60.0,
									"rotationZ": 180.0,
									"faces": {
										"west": { "texture": "#gemstone", "uv": [ 0.0, 0.0, 0.5, 1.0 ] },
										"up": { "texture": "#gemstone", "uv": [ 0.0, 0.0, 0.5, 0.5 ] },
										"down": { "texture": "#gemstone", "uv": [ 0.0, 0.0, 0.5, 0.5 ] }
									}
								},
								{
									"name": "mainbody-capback-1-3",
									"from": [ 1.7196, 2.48, -2.5446 ],
									"to": [ 1.7946, 3.68, -1.9446 ],
									"rotationOrigin": [ 1.7196, 2.4803, -1.9446 ],
									"rotationX": -180.0,
									"rotationY": -30.0,
									"rotationZ": 180.0,
									"faces": {
										"west": { "texture": "#gemstone", "uv": [ 0.0, 0.0, 0.5, 1.0 ] },
										"up": { "texture": "#gemstone", "uv": [ 0.0, 0.0, 0.5, 0.5 ] },
										"down": { "texture": "#gemstone", "uv": [ 0.0, 0.0, 0.5, 0.5 ] }
									}
								},
								{
									"name": "mainbody-capback-1-5",
									"from": [ -0.5946, 2.48, -2.5446 ],
									"to": [ -0.5196, 3.68, -1.9446 ],
									"rotationOrigin": [ -0.5196, 2.4803, -1.9446 ],
									"rotationX": -180.0,
									"rotationY": 30.0,
									"rotationZ": 180.0,
									"faces": {
										"east": { "texture": "#gemstone", "uv": [ 0.0, 0.0, 0.5, 1.0 ] },
										"up": { "texture": "#gemstone", "uv": [ 0.0, 0.0, 0.5, 0.5 ] },
										"down": { "texture": "#gemstone", "uv": [ 0.0, 0.0, 0.5, 0.5 ] }
									}
								},
								{
									"name": "mainbody-capback-2-1",
									"from": [ -0.5934, 3.5999, -2.842 ],
									"to": [ 0.0066, 3.6749, -2.242 ],
									"rotationOrigin": [ 0.0066, 3.6749, -2.2323 ],
									"rotationX": -165.048,
									"rotationY": 60.054,
									"rotationZ": 107.071,
									"faces": {
										"north": { "texture": "#gemstone", "uv": [ 0.0, 0.0, 0.5, 0.5 ] },
										"west": { "texture": "#gemstone", "uv": [ 0.0, 0.0, 0.5, 0.5 ] },
										"up": { "texture": "#gemstone", "uv": [ 0.0, 0.0, 0.5, 0.5 ] }
									}
								},
								{
									"name": "mainbody-capback-2-3",
									"from": [ -0.9691, 3.8595, -1.4066 ],
									"to": [ -0.3691, 3.9345, -0.8066 ],
									"rotationOrigin": [ -0.6691, 3.9345, -1.4066 ],
									"rotationX": 163.888,
									"rotationY": 25.513,
									"rotationZ": 123.8,
									"faces": {
										"east": { "texture": "#gemstone", "uv": [ 0.0, 0.0, 0.5, 0.5 ] },
										"south": { "texture": "#gemstone", "uv": [ 0.0, 0.0, 0.5, 0.5 ] },
										"west": { "texture": "#gemstone", "uv": [ 0.0, 0.0, 0.5, 0.5 ] },
										"up": { "texture": "#gemstone", "uv": [ 0.0, 0.0, 0.5, 0.5 ] }
									}
								},
								{
									"name": "mainbody-capback-2-2",
									"from": [ -0.5583, 4.2683, -1.4071 ],
									"to": [ 0.0417, 4.3433, -0.8071 ],
									"rotationOrigin": [ -0.2583, 4.3433, -1.4071 ],
									"rotationX": 153.454,
									"rotationY": 14.316,
									"rotationZ": 153.509,
									"faces": {
										"east": { "texture": "#gemstone", "uv": [ 0.0, 0.0, 0.5, 0.5 ] },
										"south": { "texture": "#gemstone", "uv": [ 0.0, 0.0, 0.5, 0.5 ] },
										"west": { "texture": "#gemstone", "uv": [ 0.0, 0.0, 0.5, 0.5 ] },
										"up": { "texture": "#gemstone", "uv": [ 0.0, 0.0, 0.5, 0.5 ] }
									}
								},
								{
									"name": "mainbody-capback-5-1",
									"from": [ 0.6, 3.597, -2.842 ],
									"to": [ 1.2, 3.672, -2.242 ],
									"rotationOrigin": [ 1.2, 3.672, -2.2323 ],
									"rotationX": 119.1,
									"rotationY": 7.4,
									"rotationZ": -149.9,
									"faces": {
										"north": { "texture": "#gemstone", "uv": [ 0.0, 0.0, 0.5, 0.5 ] },
										"west": { "texture": "#gemstone", "uv": [ 0.0, 0.0, 0.5, 0.5 ] },
										"up": { "texture": "#gemstone", "uv": [ 0.0, 0.0, 0.5, 0.5 ] }
									}
								},
								{
									"name": "mainbody-capback-5-3",
									"from": [ 1.1596, 4.2727, -1.4066 ],
									"to": [ 1.7596, 4.3477, -0.8066 ],
									"rotationOrigin": [ 1.4596, 4.3477, -1.4066 ],
									"rotationX": 153.583,
									"rotationY": -14.504,
									"rotationZ": -153.292,
									"faces": {
										"north": { "texture": "#gemstone", "uv": [ 7.0, 8.0, 7.5, 8.5 ] },
										"east": { "texture": "#gemstone", "uv": [ 6.0, 0.5, 6.5, 1.0 ] },
										"south": { "texture": "#gemstone", "uv": [ 5.5, 0.5, 6.0, 1.0 ] },
										"west": { "texture": "#gemstone", "uv": [ 2.0, 6.5, 2.5, 7.0 ] },
										"up": { "texture": "#gemstone", "uv": [ 2.0, 1.5, 2.5, 2.0 ] },
										"down": { "texture": "#gemstone", "uv": [ 7.5, 6.5, 8.0, 7.0 ] }
									}
								},
								{
									"name": "mainbody-capback-5-2",
									"from": [ 1.5685, 3.8619, -1.4071 ],
									"to": [ 2.1685, 3.9369, -0.8071 ],
									"rotationOrigin": [ 1.8685, 3.9369, -1.4071 ],
									"rotationX": 164.078,
									"rotationY": -25.66,
									"rotationZ": -123.533,
									"faces": {
										"east": { "texture": "#gemstone", "uv": [ 0.0, 0.0, 0.5, 0.5 ] },
										"south": { "texture": "#gemstone", "uv": [ 0.0, 0.0, 0.5, 0.5 ] },
										"west": { "texture": "#gemstone", "uv": [ 0.0, 0.0, 0.5, 0.5 ] },
										"up": { "texture": "#gemstone", "uv": [ 0.0, 0.0, 0.5, 0.5 ] }
									}
								},
								{
									"name": "mainbody-capback-1-7",
									"from": [ 1.1993, 4.4249, -1.425 ],
									"to": [ 2.4008, 4.4999, -0.825 ],
									"rotationOrigin": [ 1.2, 4.4999, -1.425 ],
									"rotationX": 150.0,
									"rotationZ": -180.0,
									"faces": {
										"east": { "texture": "#gemstone", "uv": [ 0.0, 0.0, 0.5, 0.5 ] },
										"west": { "texture": "#gemstone", "uv": [ 0.0, 0.0, 0.5, 0.5 ] },
										"up": { "texture": "#gemstone", "uv": [ 0.0, 0.0, 1.0, 0.5 ] }
									}
								},
								{
									"name": "mainbody-capback-1-6",
									"from": [ 1.2, 4.1249, -1.9446 ],
									"to": [ 2.4, 4.1999, -1.3446 ],
									"rotationOrigin": [ 1.2, 4.1999, -1.9446 ],
									"rotationX": 120.0,
									"rotationZ": -180.0,
									"faces": {
										"east": { "texture": "#gemstone", "uv": [ 0.0, 0.0, 0.5, 0.5 ] },
										"west": { "texture": "#gemstone", "uv": [ 0.0, 0.0, 0.5, 0.5 ] },
										"up": { "texture": "#gemstone", "uv": [ 0.0, 0.0, 1.0, 0.5 ] }
									}
								},
								{
									"name": "mainbody-capback-1-1",
									"from": [ 1.2, 3.6054, -2.2445 ],
									"to": [ 2.4, 3.6804, -1.0445 ],
									"rotationOrigin": [ 1.2, 3.6804, -2.2446 ],
									"rotationX": 90.0,
									"rotationZ": -180.0,
									"faces": {
										"up": { "texture": "#gemstone", "uv": [ 0.0, 0.0, 1.0, 1.0 ] }
									}
								}
							]
						},
						{
							"name": "Cube1",
							"from": [ 1.2, -0.6, -2.86 ],
							"to": [ 1.2, -0.6, -2.86 ],
							"rotationOrigin": [ 1.2, 0.0, -2.86 ],
							"rotationX": -180.0,
							"rotationZ": -180.0,
							"faces": {
								"north": { "texture": "#default", "uv": [ 0.0, 0.0, 0.5, 0.5 ] },
								"east": { "texture": "#default", "uv": [ 0.0, 0.0, 0.5, 0.5 ] },
								"south": { "texture": "#default", "uv": [ 0.0, 0.0, 0.5, 0.5 ] },
								"west": { "texture": "#default", "uv": [ 0.0, 0.0, 0.5, 0.5 ] },
								"up": { "texture": "#default", "uv": [ 0.0, 0.0, 0.5, 0.5 ] },
								"down": { "texture": "#default", "uv": [ 0.0, 0.0, 0.5, 0.5 ] }
							},
							"children": [
								{
									"name": "mainbody-capback-3-1",
									"from": [ -0.6, 3.0177, -2.842 ],
									"to": [ 0.0, 3.0927, -2.242 ],
									"rotationOrigin": [ 0.0, 3.0927, -2.2323 ],
									"rotationX": -119.1,
									"rotationY": -7.4,
									"rotationZ": 30.1,
									"faces": {
										"north": { "texture": "#gemstone", "uv": [ 0.0, 0.0, 0.5, 0.5 ] },
										"west": { "texture": "#gemstone", "uv": [ 0.0, 0.0, 0.5, 0.5 ] },
										"up": { "texture": "#gemstone", "uv": [ 0.0, 0.0, 0.5, 0.5 ] }
									}
								},
								{
									"name": "mainbody-capback-3-3",
									"from": [ -0.5596, 2.342, -1.4066 ],
									"to": [ 0.0404, 2.417, -0.8066 ],
									"rotationOrigin": [ -0.2596, 2.417, -1.4066 ],
									"rotationX": -153.583,
									"rotationY": 14.504,
									"rotationZ": 26.708,
									"faces": {
										"east": { "texture": "#gemstone", "uv": [ 0.0, 0.0, 0.5, 0.5 ] },
										"south": { "texture": "#gemstone", "uv": [ 0.0, 0.0, 0.5, 0.5 ] },
										"west": { "texture": "#gemstone", "uv": [ 0.0, 0.0, 0.5, 0.5 ] },
										"up": { "texture": "#gemstone", "uv": [ 0.0, 0.0, 0.5, 0.5 ] }
									}
								},
								{
									"name": "mainbody-capback-3-2",
									"from": [ -0.9684, 2.7528, -1.4071 ],
									"to": [ -0.3684, 2.8278, -0.8071 ],
									"rotationOrigin": [ -0.6684, 2.8278, -1.4071 ],
									"rotationX": -164.078,
									"rotationY": 25.66,
									"rotationZ": 56.467,
									"faces": {
										"east": { "texture": "#gemstone", "uv": [ 0.0, 0.0, 0.5, 0.5 ] },
										"south": { "texture": "#gemstone", "uv": [ 0.0, 0.0, 0.5, 0.5 ] },
										"west": { "texture": "#gemstone", "uv": [ 0.0, 0.0, 0.5, 0.5 ] },
										"up": { "texture": "#gemstone", "uv": [ 0.0, 0.0, 0.5, 0.5 ] }
									}
								},
								{
									"name": "mainbody-capback-4-1",
									"from": [ 0.5934, 3.0149, -2.842 ],
									"to": [ 1.1934, 3.0899, -2.242 ],
									"rotationOrigin": [ 1.1934, 3.0899, -2.2323 ],
									"rotationX": 165.048,
									"rotationY": -60.054,
									"rotationZ": -72.929,
									"faces": {
										"north": { "texture": "#gemstone", "uv": [ 0.0, 0.0, 0.5, 0.5 ] },
										"west": { "texture": "#gemstone", "uv": [ 0.0, 0.0, 0.5, 0.5 ] },
										"up": { "texture": "#gemstone", "uv": [ 0.0, 0.0, 0.5, 0.5 ] }
									}
								},
								{
									"name": "mainbody-capback-4-3",
									"from": [ 1.5691, 2.7553, -1.4066 ],
									"to": [ 2.1691, 2.8303, -0.8066 ],
									"rotationOrigin": [ 1.8691, 2.8303, -1.4066 ],
									"rotationX": -163.888,
									"rotationY": -25.513,
									"rotationZ": -56.2,
									"faces": {
										"east": { "texture": "#gemstone", "uv": [ 0.0, 0.0, 0.5, 0.5 ] },
										"south": { "texture": "#gemstone", "uv": [ 0.0, 0.0, 0.5, 0.5 ] },
										"west": { "texture": "#gemstone", "uv": [ 0.0, 0.0, 0.5, 0.5 ] },
										"up": { "texture": "#gemstone", "uv": [ 0.0, 0.0, 0.5, 0.5 ] }
									}
								},
								{
									"name": "mainbody-capback-4-2",
									"from": [ 1.1583, 2.3464, -1.4071 ],
									"to": [ 1.7583, 2.4214, -0.8071 ],
									"rotationOrigin": [ 1.4583, 2.4214, -1.4071 ],
									"rotationX": -153.455,
									"rotationY": -14.316,
									"rotationZ": -26.491,
									"faces": {
										"east": { "texture": "#gemstone", "uv": [ 0.0, 0.0, 0.5, 0.5 ] },
										"south": { "texture": "#gemstone", "uv": [ 0.0, 0.0, 0.5, 0.5 ] },
										"west": { "texture": "#gemstone", "uv": [ 0.0, 0.0, 0.5, 0.5 ] },
										"up": { "texture": "#gemstone", "uv": [ 0.0, 0.0, 0.5, 0.5 ] }
									}
								},
								{
									"name": "mainbody-capback-1-9",
									"from": [ 1.1993, 2.4856, -1.9446 ],
									"to": [ 2.4008, 2.5606, -1.3446 ],
									"rotationOrigin": [ 1.2, 2.5606, -1.9446 ],
									"rotationX": 30.0,
									"rotationZ": 180.0,
									"faces": {
										"east": { "texture": "#gemstone", "uv": [ 0.0, 0.0, 0.5, 0.5 ] },
										"west": { "texture": "#gemstone", "uv": [ 0.0, 0.0, 0.5, 0.5 ] },
										"up": { "texture": "#gemstone", "uv": [ 0.0, 0.0, 1.0, 0.5 ] }
									}
								},
								{
									"name": "mainbody-capback-1-8",
									"from": [ 0.9, 3.0052, -2.2446 ],
									"to": [ 2.1, 3.0802, -1.6446 ],
									"rotationOrigin": [ 1.05, 3.0803, -2.2446 ],
									"rotationX": 60.0,
									"rotationZ": 180.0,
									"faces": {
										"east": { "texture": "#gemstone", "uv": [ 0.0, 0.0, 0.5, 0.5 ] },
										"west": { "texture": "#gemstone", "uv": [ 0.0, 0.0, 0.5, 0.5 ] },
										"up": { "texture": "#gemstone", "uv": [ 0.0, 0.0, 1.0, 0.5 ] }
									}
								},
								{
									"name": "mainbody-capfront-3-1",
									"from": [ 0.6, 3.0177, -1.2374 ],
									"to": [ 1.2, 3.0927, -0.6374 ],
									"rotationOrigin": [ 1.2, 3.0927, -0.6277 ],
									"rotationX": -60.9,
									"rotationY": 7.4,
									"rotationZ": -149.9,
									"faces": {
										"north": { "texture": "#gemstone", "uv": [ 0.0, 0.0, 0.5, 0.5 ] },
										"west": { "texture": "#gemstone", "uv": [ 0.0, 0.0, 0.5, 0.5 ] },
										"up": { "texture": "#gemstone", "uv": [ 0.0, 0.0, 0.5, 0.5 ] }
									}
								},
								{
									"name": "mainbody-capfront-3-3",
									"from": [ 1.1596, 2.342, -1.4534 ],
									"to": [ 1.7596, 2.417, -0.8534 ],
									"rotationOrigin": [ 1.4596, 2.417, -1.4534 ],
									"rotationX": -26.417,
									"rotationY": -14.504,
									"rotationZ": -153.292,
									"faces": {
										"east": { "texture": "#gemstone", "uv": [ 0.0, 0.0, 0.5, 0.5 ] },
										"south": { "texture": "#gemstone", "uv": [ 0.0, 0.0, 0.5, 0.5 ] },
										"west": { "texture": "#gemstone", "uv": [ 0.0, 0.0, 0.5, 0.5 ] },
										"up": { "texture": "#gemstone", "uv": [ 0.0, 0.0, 0.5, 0.5 ] }
									}
								},
								{
									"name": "mainbody-capfront-3-2",
									"from": [ 1.5684, 2.7528, -1.4529 ],
									"to": [ 2.1684, 2.8278, -0.8529 ],
									"rotationOrigin": [ 1.8684, 2.8278, -1.4529 ],
									"rotationX": -15.922,
									"rotationY": -25.66,
									"rotationZ": -123.533,
									"faces": {
										"east": { "texture": "#gemstone", "uv": [ 0.0, 0.0, 0.5, 0.5 ] },
										"south": { "texture": "#gemstone", "uv": [ 0.0, 0.0, 0.5, 0.5 ] },
										"west": { "texture": "#gemstone", "uv": [ 0.0, 0.0, 0.5, 0.5 ] },
										"up": { "texture": "#gemstone", "uv": [ 0.0, 0.0, 0.5, 0.5 ] }
									}
								},
								{
									"name": "mainbody-capfront-4-1",
									"from": [ -0.5934, 3.0149, -1.2374 ],
									"to": [ 0.0066, 3.0899, -0.6374 ],
									"rotationOrigin": [ 0.0066, 3.0899, -0.6277 ],
									"rotationX": 14.952,
									"rotationY": 60.054,
									"rotationZ": 107.071,
									"faces": {
										"north": { "texture": "#gemstone", "uv": [ 0.0, 0.0, 0.5, 0.5 ] },
										"west": { "texture": "#gemstone", "uv": [ 0.0, 0.0, 0.5, 0.5 ] },
										"up": { "texture": "#gemstone", "uv": [ 0.0, 0.0, 0.5, 0.5 ] }
									}
								},
								{
									"name": "mainbody-capfront-4-3",
									"from": [ -0.9691, 2.7553, -1.4534 ],
									"to": [ -0.3691, 2.8303, -0.8534 ],
									"rotationOrigin": [ -0.6691, 2.8303, -1.4534 ],
									"rotationX": -16.112,
									"rotationY": 25.513,
									"rotationZ": 123.8,
									"faces": {
										"east": { "texture": "#gemstone", "uv": [ 0.0, 0.0, 0.5, 0.5 ] },
										"south": { "texture": "#gemstone", "uv": [ 0.0, 0.0, 0.5, 0.5 ] },
										"west": { "texture": "#gemstone", "uv": [ 0.0, 0.0, 0.5, 0.5 ] },
										"up": { "texture": "#gemstone", "uv": [ 0.0, 0.0, 0.5, 0.5 ] }
									}
								},
								{
									"name": "mainbody-capfront-4-2",
									"from": [ -0.5583, 2.3464, -1.4529 ],
									"to": [ 0.0417, 2.4214, -0.8529 ],
									"rotationOrigin": [ -0.2583, 2.4214, -1.4529 ],
									"rotationX": -26.545,
									"rotationY": 14.316,
									"rotationZ": 153.509,
									"faces": {
										"east": { "texture": "#gemstone", "uv": [ 0.0, 0.0, 0.5, 0.5 ] },
										"south": { "texture": "#gemstone", "uv": [ 0.0, 0.0, 0.5, 0.5 ] },
										"west": { "texture": "#gemstone", "uv": [ 0.0, 0.0, 0.5, 0.5 ] },
										"up": { "texture": "#gemstone", "uv": [ 0.0, 0.0, 0.5, 0.5 ] }
									}
								},
								{
									"name": "mainbody-capfront-1-9",
									"from": [ -7.0E-4, 2.4856, -0.9154 ],
									"to": [ 1.2008, 2.5606, -0.3154 ],
									"rotationOrigin": [ 0.0, 2.5606, -0.9154 ],
									"rotationX": 150.0,
									"faces": {
										"east": { "texture": "#gemstone", "uv": [ 0.0, 0.0, 0.5, 0.5 ] },
										"west": { "texture": "#gemstone", "uv": [ 0.0, 0.0, 0.5, 0.5 ] },
										"up": { "texture": "#gemstone", "uv": [ 0.0, 0.0, 1.0, 0.5 ] }
									}
								},
								{
									"name": "mainbody-capfront-1-8",
									"from": [ 0.0, 3.0052, -0.6154 ],
									"to": [ 1.2, 3.0802, -0.0154 ],
									"rotationOrigin": [ 0.15, 3.0803, -0.6154 ],
									"rotationX": 120.0,
									"faces": {
										"east": { "texture": "#gemstone", "uv": [ 0.0, 0.0, 0.5, 0.5 ] },
										"west": { "texture": "#gemstone", "uv": [ 0.0, 0.0, 0.5, 0.5 ] },
										"up": { "texture": "#gemstone", "uv": [ 0.0, 0.0, 1.0, 0.5 ] }
									}
								}
							]
						},
						{
							"name": "_symbol1",
							"from": [ 0.6, 3.11, -2.26 ],
							"to": [ 0.6, 3.11, -2.26 ],
							"rotationOrigin": [ 0.6, 3.1, -2.25 ],
							"rotationX": -180.0,
							"faces": {
								"north": { "texture": "#default", "uv": [ 0.0, 0.0, 0.5, 0.5 ] },
								"east": { "texture": "#default", "uv": [ 0.0, 0.0, 0.5, 0.5 ] },
								"south": { "texture": "#default", "uv": [ 0.0, 0.0, 0.5, 0.5 ] },
								"west": { "texture": "#default", "uv": [ 0.0, 0.0, 0.5, 0.5 ] },
								"up": { "texture": "#default", "uv": [ 0.0, 0.0, 0.5, 0.5 ] },
								"down": { "texture": "#default", "uv": [ 0.0, 0.0, 0.5, 0.5 ] }
							},
							"children": [
								{
									"name": "Cube52",
									"from": [ -0.61, 0.9688, -0.9792 ],
									"to": [ 0.61, 1.4688, -0.6792 ],
									"rotationOrigin": [ -0.6, 0.9644, -1.0346 ],
									"faces": {
										"north": { "texture": "#material2", "uv": [ 0.0, 0.0, 1.0, 0.5 ] },
										"east": { "texture": "#material2", "uv": [ 0.0, 0.0, 0.5, 0.5 ] },
										"south": { "texture": "#material2", "uv": [ 0.0, 0.0, 1.0, 0.5 ] },
										"west": { "texture": "#material2", "uv": [ 0.0, 0.0, 0.5, 0.5 ] },
										"up": { "texture": "#material2", "uv": [ 0.0, 0.0, 1.0, 0.5 ] },
										"down": { "texture": "#material2", "uv": [ 0.0, 0.0, 1.0, 0.5 ] }
									},
									"children": [
										{
											"name": "Cube59",
											"from": [ 0.49, 0.5, 0.0 ],
											"to": [ 0.74, 1.0, 0.3 ],
											"rotationOrigin": [ 0.51, 0.4956, -0.0554 ],
											"faces": {
												"north": { "texture": "#material2", "uv": [ 0.0, 0.0, 0.5, 0.5 ] },
												"east": { "texture": "#material2", "uv": [ 0.0, 0.0, 0.5, 0.5 ] },
												"south": { "texture": "#material2", "uv": [ 0.0, 0.0, 0.5, 0.5 ] },
												"west": { "texture": "#material2", "uv": [ 0.0, 0.0, 0.5, 0.5 ] },
												"up": { "texture": "#material2", "uv": [ 0.0, 0.0, 0.5, 0.5 ] },
												"down": { "texture": "#material2", "uv": [ 0.0, 0.0, 0.5, 0.5 ] }
											},
											"children": [
												{
													"name": "Cube65",
													"from": [ 0.48, 0.0, 0.0 ],
													"to": [ 0.73, 0.75, 0.3 ],
													"rotationOrigin": [ 0.48, -0.0044, -0.0554 ],
													"rotationZ": -25.0,
													"faces": {
														"north": { "texture": "#material2", "uv": [ 0.0, 0.0, 0.5, 0.5 ] },
														"east": { "texture": "#material2", "uv": [ 0.0, 0.0, 0.5, 0.5 ] },
														"south": { "texture": "#material2", "uv": [ 0.0, 0.0, 0.5, 0.5 ] },
														"west": { "texture": "#material2", "uv": [ 0.0, 0.0, 0.5, 0.5 ] },
														"up": { "texture": "#material2", "uv": [ 0.0, 0.0, 0.5, 0.5 ] },
														"down": { "texture": "#material2", "uv": [ 0.0, 0.0, 0.5, 0.5 ] }
													},
													"children": [
														{
															"name": "Cube76",
															"from": [ 0.0, 0.75, 0.0 ],
															"to": [ 0.25, 1.8, 0.3 ],
															"rotationOrigin": [ 0.25, 0.75, -0.0554 ],
															"rotationZ": 60.0,
															"faces": {
																"north": { "texture": "#material2", "uv": [ 0.0, 0.0, 0.5, 1.0 ] },
																"east": { "texture": "#material2", "uv": [ 0.0, 0.0, 0.5, 1.0 ] },
																"south": { "texture": "#material2", "uv": [ 0.0, 0.0, 0.5, 1.0 ] },
																"west": { "texture": "#material2", "uv": [ 0.0, 0.0, 0.5, 1.0 ] },
																"up": { "texture": "#material2", "uv": [ 0.0, 0.0, 0.5, 0.5 ] },
																"down": { "texture": "#material2", "uv": [ 0.0, 0.0, 0.5, 0.5 ] }
															}
														}
													]
												},
												{
													"name": "Cube64",
													"from": [ -0.49, 0.0, 0.0 ],
													"to": [ -0.24, 0.75, 0.3 ],
													"rotationOrigin": [ -0.24, -0.0044, -0.0554 ],
													"rotationZ": 25.0,
													"faces": {
														"north": { "texture": "#material2", "uv": [ 0.0, 0.0, 0.5, 0.5 ] },
														"east": { "texture": "#material2", "uv": [ 0.0, 0.0, 0.5, 0.5 ] },
														"south": { "texture": "#material2", "uv": [ 0.0, 0.0, 0.5, 0.5 ] },
														"west": { "texture": "#material2", "uv": [ 0.0, 0.0, 0.5, 0.5 ] },
														"up": { "texture": "#material2", "uv": [ 0.0, 0.0, 0.5, 0.5 ] },
														"down": { "texture": "#material2", "uv": [ 0.0, 0.0, 0.5, 0.5 ] }
													},
													"children": [
														{
															"name": "Cube81",
															"from": [ 0.0, 0.75, 0.0 ],
															"to": [ 0.25, 1.8, 0.3 ],
															"rotationOrigin": [ 0.0, 0.75, -0.0554 ],
															"rotationZ": -60.0,
															"faces": {
																"north": { "texture": "#material2", "uv": [ 0.0, 0.0, 0.5, 1.0 ] },
																"east": { "texture": "#material2", "uv": [ 0.0, 0.0, 0.5, 1.0 ] },
																"south": { "texture": "#material2", "uv": [ 0.0, 0.0, 0.5, 1.0 ] },
																"west": { "texture": "#material2", "uv": [ 0.0, 0.0, 0.5, 1.0 ] },
																"up": { "texture": "#material2", "uv": [ 0.0, 0.0, 0.5, 0.5 ] },
																"down": { "texture": "#material2", "uv": [ 0.0, 0.0, 0.5, 0.5 ] }
															}
														}
													]
												}
											]
										}
									]
								}
							]
						},
						{
							"name": "_symbol59",
							"from": [ 0.6, 3.11, -2.26 ],
							"to": [ 0.6, 3.11, -2.26 ],
							"rotationOrigin": [ 0.6, 3.1, -2.25 ],
							"rotationX": -180.0,
							"rotationZ": -180.0,
							"faces": {
								"north": { "texture": "#default", "uv": [ 0.0, 0.0, 0.5, 0.5 ] },
								"east": { "texture": "#default", "uv": [ 0.0, 0.0, 0.5, 0.5 ] },
								"south": { "texture": "#default", "uv": [ 0.0, 0.0, 0.5, 0.5 ] },
								"west": { "texture": "#default", "uv": [ 0.0, 0.0, 0.5, 0.5 ] },
								"up": { "texture": "#default", "uv": [ 0.0, 0.0, 0.5, 0.5 ] },
								"down": { "texture": "#default", "uv": [ 0.0, 0.0, 0.5, 0.5 ] }
							},
							"children": [
								{
									"name": "Cube60",
									"from": [ -0.61, 0.9688, -0.9792 ],
									"to": [ 0.61, 1.4688, -0.6792 ],
									"rotationOrigin": [ -0.6, 0.9644, -1.0346 ],
									"faces": {
										"north": { "texture": "#material2", "uv": [ 0.0, 0.0, 1.0, 0.5 ] },
										"east": { "texture": "#material2", "uv": [ 0.0, 0.0, 0.5, 0.5 ] },
										"south": { "texture": "#material2", "uv": [ 0.0, 0.0, 1.0, 0.5 ] },
										"west": { "texture": "#material2", "uv": [ 0.0, 0.0, 0.5, 0.5 ] },
										"up": { "texture": "#material2", "uv": [ 0.0, 0.0, 1.0, 0.5 ] },
										"down": { "texture": "#material2", "uv": [ 0.0, 0.0, 1.0, 0.5 ] }
									},
									"children": [
										{
											"name": "Cube61",
											"from": [ 0.49, 0.5, 0.0 ],
											"to": [ 0.74, 1.0, 0.3 ],
											"rotationOrigin": [ 0.51, 0.4956, -0.0554 ],
											"faces": {
												"north": { "texture": "#material2", "uv": [ 0.0, 0.0, 0.5, 0.5 ] },
												"east": { "texture": "#material2", "uv": [ 0.0, 0.0, 0.5, 0.5 ] },
												"south": { "texture": "#material2", "uv": [ 0.0, 0.0, 0.5, 0.5 ] },
												"west": { "texture": "#material2", "uv": [ 0.0, 0.0, 0.5, 0.5 ] },
												"up": { "texture": "#material2", "uv": [ 0.0, 0.0, 0.5, 0.5 ] },
												"down": { "texture": "#material2", "uv": [ 0.0, 0.0, 0.5, 0.5 ] }
											},
											"children": [
												{
													"name": "Cube62",
													"from": [ 0.48, 0.0, 0.0 ],
													"to": [ 0.73, 0.75, 0.3 ],
													"rotationOrigin": [ 0.48, -0.0044, -0.0554 ],
													"rotationZ": -25.0,
													"faces": {
														"north": { "texture": "#material2", "uv": [ 0.0, 0.0, 0.5, 0.5 ] },
														"east": { "texture": "#material2", "uv": [ 0.0, 0.0, 0.5, 0.5 ] },
														"south": { "texture": "#material2", "uv": [ 0.0, 0.0, 0.5, 0.5 ] },
														"west": { "texture": "#material2", "uv": [ 0.0, 0.0, 0.5, 0.5 ] },
														"up": { "texture": "#material2", "uv": [ 0.0, 0.0, 0.5, 0.5 ] },
														"down": { "texture": "#material2", "uv": [ 0.0, 0.0, 0.5, 0.5 ] }
													},
													"children": [
														{
															"name": "Cube63",
															"from": [ 0.0, 0.75, 0.0 ],
															"to": [ 0.25, 1.8, 0.3 ],
															"rotationOrigin": [ 0.25, 0.75, -0.0554 ],
															"rotationZ": 60.0,
															"faces": {
																"north": { "texture": "#material2", "uv": [ 0.0, 0.0, 0.5, 1.0 ] },
																"east": { "texture": "#material2", "uv": [ 0.0, 0.0, 0.5, 1.0 ] },
																"south": { "texture": "#material2", "uv": [ 0.0, 0.0, 0.5, 1.0 ] },
																"west": { "texture": "#material2", "uv": [ 0.0, 0.0, 0.5, 1.0 ] },
																"up": { "texture": "#material2", "uv": [ 0.0, 0.0, 0.5, 0.5 ] },
																"down": { "texture": "#material2", "uv": [ 0.0, 0.0, 0.5, 0.5 ] }
															}
														}
													]
												},
												{
													"name": "Cube66",
													"from": [ -0.49, 0.0, 0.0 ],
													"to": [ -0.24, 0.75, 0.3 ],
													"rotationOrigin": [ -0.24, -0.0044, -0.0554 ],
													"rotationZ": 25.0,
													"faces": {
														"north": { "texture": "#material2", "uv": [ 0.0, 0.0, 0.5, 0.5 ] },
														"east": { "texture": "#material2", "uv": [ 0.0, 0.0, 0.5, 0.5 ] },
														"south": { "texture": "#material2", "uv": [ 0.0, 0.0, 0.5, 0.5 ] },
														"west": { "texture": "#material2", "uv": [ 0.0, 0.0, 0.5, 0.5 ] },
														"up": { "texture": "#material2", "uv": [ 0.0, 0.0, 0.5, 0.5 ] },
														"down": { "texture": "#material2", "uv": [ 0.0, 0.0, 0.5, 0.5 ] }
													},
													"children": [
														{
															"name": "Cube66",
															"from": [ 0.0, 0.75, 0.0 ],
															"to": [ 0.25, 1.8, 0.3 ],
															"rotationOrigin": [ 0.0, 0.75, -0.0554 ],
															"rotationZ": -60.0,
															"faces": {
																"north": { "texture": "#material2", "uv": [ 0.0, 0.0, 0.5, 1.0 ] },
																"east": { "texture": "#material2", "uv": [ 0.0, 0.0, 0.5, 1.0 ] },
																"south": { "texture": "#material2", "uv": [ 0.0, 0.0, 0.5, 1.0 ] },
																"west": { "texture": "#material2", "uv": [ 0.0, 0.0, 0.5, 1.0 ] },
																"up": { "texture": "#material2", "uv": [ 0.0, 0.0, 0.5, 0.5 ] },
																"down": { "texture": "#material2", "uv": [ 0.0, 0.0, 0.5, 0.5 ] }
															}
														}
													]
												}
											]
										}
									]
								}
							]
						},
						{
							"name": "_symbol66",
							"from": [ 0.62, 3.11, -2.26 ],
							"to": [ 0.62, 3.11, -2.26 ],
							"rotationOrigin": [ 0.6, 3.1, -2.25 ],
							"rotationX": -180.0,
							"rotationZ": 90.0,
							"faces": {
								"north": { "texture": "#default", "uv": [ 0.0, 0.0, 0.5, 0.5 ] },
								"east": { "texture": "#default", "uv": [ 0.0, 0.0, 0.5, 0.5 ] },
								"south": { "texture": "#default", "uv": [ 0.0, 0.0, 0.5, 0.5 ] },
								"west": { "texture": "#default", "uv": [ 0.0, 0.0, 0.5, 0.5 ] },
								"up": { "texture": "#default", "uv": [ 0.0, 0.0, 0.5, 0.5 ] },
								"down": { "texture": "#default", "uv": [ 0.0, 0.0, 0.5, 0.5 ] }
							},
							"children": [
								{
									"name": "Cube67",
									"from": [ -0.61, 0.9688, -0.9792 ],
									"to": [ 0.61, 1.4688, -0.6792 ],
									"rotationOrigin": [ -0.6, 0.9644, -1.0346 ],
									"faces": {
										"north": { "texture": "#material2", "uv": [ 0.0, 0.0, 1.0, 0.5 ] },
										"east": { "texture": "#material2", "uv": [ 0.0, 0.0, 0.5, 0.5 ] },
										"south": { "texture": "#material2", "uv": [ 0.0, 0.0, 1.0, 0.5 ] },
										"west": { "texture": "#material2", "uv": [ 0.0, 0.0, 0.5, 0.5 ] },
										"up": { "texture": "#material2", "uv": [ 0.0, 0.0, 1.0, 0.5 ] },
										"down": { "texture": "#material2", "uv": [ 0.0, 0.0, 1.0, 0.5 ] }
									},
									"children": [
										{
											"name": "Cube68",
											"from": [ 0.49, 0.5, 0.0 ],
											"to": [ 0.74, 1.0, 0.3 ],
											"rotationOrigin": [ 0.51, 0.4956, -0.0554 ],
											"faces": {
												"north": { "texture": "#material2", "uv": [ 0.0, 0.0, 0.5, 0.5 ] },
												"east": { "texture": "#material2", "uv": [ 0.0, 0.0, 0.5, 0.5 ] },
												"south": { "texture": "#material2", "uv": [ 0.0, 0.0, 0.5, 0.5 ] },
												"west": { "texture": "#material2", "uv": [ 0.0, 0.0, 0.5, 0.5 ] },
												"up": { "texture": "#material2", "uv": [ 0.0, 0.0, 0.5, 0.5 ] },
												"down": { "texture": "#material2", "uv": [ 0.0, 0.0, 0.5, 0.5 ] }
											},
											"children": [
												{
													"name": "Cube69",
													"from": [ 0.48, 0.0, 0.0 ],
													"to": [ 0.73, 0.75, 0.3 ],
													"rotationOrigin": [ 0.48, -0.0044, -0.0554 ],
													"rotationZ": -25.0,
													"faces": {
														"north": { "texture": "#material2", "uv": [ 0.0, 0.0, 0.5, 0.5 ] },
														"east": { "texture": "#material2", "uv": [ 0.0, 0.0, 0.5, 0.5 ] },
														"south": { "texture": "#material2", "uv": [ 0.0, 0.0, 0.5, 0.5 ] },
														"west": { "texture": "#material2", "uv": [ 0.0, 0.0, 0.5, 0.5 ] },
														"up": { "texture": "#material2", "uv": [ 0.0, 0.0, 0.5, 0.5 ] },
														"down": { "texture": "#material2", "uv": [ 0.0, 0.0, 0.5, 0.5 ] }
													},
													"children": [
														{
															"name": "Cube70",
															"from": [ 0.0, 0.75, 0.0 ],
															"to": [ 0.25, 1.8, 0.3 ],
															"rotationOrigin": [ 0.25, 0.75, -0.0554 ],
															"rotationZ": 60.0,
															"faces": {
																"north": { "texture": "#material2", "uv": [ 0.0, 0.0, 0.5, 1.0 ] },
																"east": { "texture": "#material2", "uv": [ 0.0, 0.0, 0.5, 1.0 ] },
																"south": { "texture": "#material2", "uv": [ 0.0, 0.0, 0.5, 1.0 ] },
																"west": { "texture": "#material2", "uv": [ 0.0, 0.0, 0.5, 1.0 ] },
																"up": { "texture": "#material2", "uv": [ 0.0, 0.0, 0.5, 0.5 ] },
																"down": { "texture": "#material2", "uv": [ 0.0, 0.0, 0.5, 0.5 ] }
															}
														}
													]
												},
												{
													"name": "Cube71",
													"from": [ -0.49, 0.0, 0.0 ],
													"to": [ -0.24, 0.75, 0.3 ],
													"rotationOrigin": [ -0.24, -0.0044, -0.0554 ],
													"rotationZ": 25.0,
													"faces": {
														"north": { "texture": "#material2", "uv": [ 0.0, 0.0, 0.5, 0.5 ] },
														"east": { "texture": "#material2", "uv": [ 0.0, 0.0, 0.5, 0.5 ] },
														"south": { "texture": "#material2", "uv": [ 0.0, 0.0, 0.5, 0.5 ] },
														"west": { "texture": "#material2", "uv": [ 0.0, 0.0, 0.5, 0.5 ] },
														"up": { "texture": "#material2", "uv": [ 0.0, 0.0, 0.5, 0.5 ] },
														"down": { "texture": "#material2", "uv": [ 0.0, 0.0, 0.5, 0.5 ] }
													},
													"children": [
														{
															"name": "Cube72",
															"from": [ 0.0, 0.75, 0.0 ],
															"to": [ 0.25, 1.8, 0.3 ],
															"rotationOrigin": [ 0.0, 0.75, -0.0554 ],
															"rotationZ": -60.0,
															"faces": {
																"north": { "texture": "#material2", "uv": [ 0.0, 0.0, 0.5, 1.0 ] },
																"east": { "texture": "#material2", "uv": [ 0.0, 0.0, 0.5, 1.0 ] },
																"south": { "texture": "#material2", "uv": [ 0.0, 0.0, 0.5, 1.0 ] },
																"west": { "texture": "#material2", "uv": [ 0.0, 0.0, 0.5, 1.0 ] },
																"up": { "texture": "#material2", "uv": [ 0.0, 0.0, 0.5, 0.5 ] },
																"down": { "texture": "#material2", "uv": [ 0.0, 0.0, 0.5, 0.5 ] }
															}
														}
													]
												}
											]
										}
									]
								}
							]
						},
						{
							"name": "_symbol73",
							"from": [ 0.58, 3.11, -2.26 ],
							"to": [ 0.58, 3.11, -2.26 ],
							"rotationOrigin": [ 0.6, 3.1, -2.25 ],
							"rotationX": -180.0,
							"rotationZ": -90.0,
							"faces": {
								"north": { "texture": "#default", "uv": [ 0.0, 0.0, 0.5, 0.5 ] },
								"east": { "texture": "#default", "uv": [ 0.0, 0.0, 0.5, 0.5 ] },
								"south": { "texture": "#default", "uv": [ 0.0, 0.0, 0.5, 0.5 ] },
								"west": { "texture": "#default", "uv": [ 0.0, 0.0, 0.5, 0.5 ] },
								"up": { "texture": "#default", "uv": [ 0.0, 0.0, 0.5, 0.5 ] },
								"down": { "texture": "#default", "uv": [ 0.0, 0.0, 0.5, 0.5 ] }
							},
							"children": [
								{
									"name": "Cube74",
									"from": [ -0.61, 0.9688, -0.9792 ],
									"to": [ 0.61, 1.4688, -0.6792 ],
									"rotationOrigin": [ -0.6, 0.9644, -1.0346 ],
									"faces": {
										"north": { "texture": "#material2", "uv": [ 0.0, 0.0, 1.0, 0.5 ] },
										"east": { "texture": "#material2", "uv": [ 0.0, 0.0, 0.5, 0.5 ] },
										"south": { "texture": "#material2", "uv": [ 0.0, 0.0, 1.0, 0.5 ] },
										"west": { "texture": "#material2", "uv": [ 0.0, 0.0, 0.5, 0.5 ] },
										"up": { "texture": "#material2", "uv": [ 0.0, 0.0, 1.0, 0.5 ] },
										"down": { "texture": "#material2", "uv": [ 0.0, 0.0, 1.0, 0.5 ] }
									},
									"children": [
										{
											"name": "Cube75",
											"from": [ 0.49, 0.5, 0.0 ],
											"to": [ 0.74, 1.0, 0.3 ],
											"rotationOrigin": [ 0.51, 0.4956, -0.0554 ],
											"faces": {
												"north": { "texture": "#material2", "uv": [ 0.0, 0.0, 0.5, 0.5 ] },
												"east": { "texture": "#material2", "uv": [ 0.0, 0.0, 0.5, 0.5 ] },
												"south": { "texture": "#material2", "uv": [ 0.0, 0.0, 0.5, 0.5 ] },
												"west": { "texture": "#material2", "uv": [ 0.0, 0.0, 0.5, 0.5 ] },
												"up": { "texture": "#material2", "uv": [ 0.0, 0.0, 0.5, 0.5 ] },
												"down": { "texture": "#material2", "uv": [ 0.0, 0.0, 0.5, 0.5 ] }
											},
											"children": [
												{
													"name": "Cube77",
													"from": [ 0.48, 0.0, 0.0 ],
													"to": [ 0.73, 0.75, 0.3 ],
													"rotationOrigin": [ 0.48, -0.0044, -0.0554 ],
													"rotationZ": -25.0,
													"faces": {
														"north": { "texture": "#material2", "uv": [ 0.0, 0.0, 0.5, 0.5 ] },
														"east": { "texture": "#material2", "uv": [ 0.0, 0.0, 0.5, 0.5 ] },
														"south": { "texture": "#material2", "uv": [ 0.0, 0.0, 0.5, 0.5 ] },
														"west": { "texture": "#material2", "uv": [ 0.0, 0.0, 0.5, 0.5 ] },
														"up": { "texture": "#material2", "uv": [ 0.0, 0.0, 0.5, 0.5 ] },
														"down": { "texture": "#material2", "uv": [ 0.0, 0.0, 0.5, 0.5 ] }
													},
													"children": [
														{
															"name": "Cube77",
															"from": [ 0.0, 0.75, 0.0 ],
															"to": [ 0.25, 1.8, 0.3 ],
															"rotationOrigin": [ 0.25, 0.75, -0.0554 ],
															"rotationZ": 60.0,
															"faces": {
																"north": { "texture": "#material2", "uv": [ 0.0, 0.0, 0.5, 1.0 ] },
																"east": { "texture": "#material2", "uv": [ 0.0, 0.0, 0.5, 1.0 ] },
																"south": { "texture": "#material2", "uv": [ 0.0, 0.0, 0.5, 1.0 ] },
																"west": { "texture": "#material2", "uv": [ 0.0, 0.0, 0.5, 1.0 ] },
																"up": { "texture": "#material2", "uv": [ 0.0, 0.0, 0.5, 0.5 ] },
																"down": { "texture": "#material2", "uv": [ 0.0, 0.0, 0.5, 0.5 ] }
															}
														}
													]
												},
												{
													"name": "Cube78",
													"from": [ -0.49, 0.0, 0.0 ],
													"to": [ -0.24, 0.75, 0.3 ],
													"rotationOrigin": [ -0.24, -0.0044, -0.0554 ],
													"rotationZ": 25.0,
													"faces": {
														"north": { "texture": "#material2", "uv": [ 0.0, 0.0, 0.5, 0.5 ] },
														"east": { "texture": "#material2", "uv": [ 0.0, 0.0, 0.5, 0.5 ] },
														"south": { "texture": "#material2", "uv": [ 0.0, 0.0, 0.5, 0.5 ] },
														"west": { "texture": "#material2", "uv": [ 0.0, 0.0, 0.5, 0.5 ] },
														"up": { "texture": "#material2", "uv": [ 0.0, 0.0, 0.5, 0.5 ] },
														"down": { "texture": "#material2", "uv": [ 0.0, 0.0, 0.5, 0.5 ] }
													},
													"children": [
														{
															"name": "Cube79",
															"from": [ 0.0, 0.75, 0.0 ],
															"to": [ 0.25, 1.8, 0.3 ],
															"rotationOrigin": [ 0.0, 0.75, -0.0554 ],
															"rotationZ": -60.0,
															"faces": {
																"north": { "texture": "#material2", "uv": [ 0.0, 0.0, 0.5, 1.0 ] },
																"east": { "texture": "#material2", "uv": [ 0.0, 0.0, 0.5, 1.0 ] },
																"south": { "texture": "#material2", "uv": [ 0.0, 0.0, 0.5, 1.0 ] },
																"west": { "texture": "#material2", "uv": [ 0.0, 0.0, 0.5, 1.0 ] },
																"up": { "texture": "#material2", "uv": [ 0.0, 0.0, 0.5, 0.5 ] },
																"down": { "texture": "#material2", "uv": [ 0.0, 0.0, 0.5, 0.5 ] }
															}
														}
													]
												}
											]
										}
									]
								}
							]
						},
						{
							"name": "_origin1",
							"from": [ 0.6, 3.1, -2.25 ],
							"to": [ 0.6, 3.1, -2.25 ],
							"rotationOrigin": [ 0.6, 3.1, -2.25 ],
							"rotationX": 90.0,
							"faces": {
								"north": { "texture": "#default", "uv": [ 0.0, 0.0, 0.5, 0.5 ] },
								"east": { "texture": "#default", "uv": [ 0.0, 0.0, 0.5, 0.5 ] },
								"south": { "texture": "#default", "uv": [ 0.0, 0.0, 0.5, 0.5 ] },
								"west": { "texture": "#default", "uv": [ 0.0, 0.0, 0.5, 0.5 ] },
								"up": { "texture": "#default", "uv": [ 0.0, 0.0, 0.5, 0.5 ] },
								"down": { "texture": "#default", "uv": [ 0.0, 0.0, 0.5, 0.5 ] }
							},
							"children": [
								{
									"name": "_symbol1",
									"from": [ 0.0, 0.0, 0.0 ],
									"to": [ 0.0, 0.0, 0.0 ],
									"rotationOrigin": [ 0.0, 0.0, 0.0 ],
									"rotationX": 90.0,
									"faces": {
										"north": { "texture": "#default", "uv": [ 0.0, 0.0, 0.5, 0.5 ] },
										"east": { "texture": "#default", "uv": [ 0.0, 0.0, 0.5, 0.5 ] },
										"south": { "texture": "#default", "uv": [ 0.0, 0.0, 0.5, 0.5 ] },
										"west": { "texture": "#default", "uv": [ 0.0, 0.0, 0.5, 0.5 ] },
										"up": { "texture": "#default", "uv": [ 0.0, 0.0, 0.5, 0.5 ] },
										"down": { "texture": "#default", "uv": [ 0.0, 0.0, 0.5, 0.5 ] }
									},
									"children": [
										{
											"name": "Cube521",
											"from": [ -0.61, 0.9688, -0.9792 ],
											"to": [ 0.61, 1.4688, -0.6792 ],
											"rotationOrigin": [ -0.6, 0.9644, -1.0346 ],
											"faces": {
												"north": { "texture": "#material2", "uv": [ 0.0, 0.0, 1.0, 0.5 ] },
												"east": { "texture": "#material2", "uv": [ 0.0, 0.0, 0.5, 0.5 ] },
												"south": { "texture": "#material2", "uv": [ 0.0, 0.0, 1.0, 0.5 ] },
												"west": { "texture": "#material2", "uv": [ 0.0, 0.0, 0.5, 0.5 ] },
												"up": { "texture": "#material2", "uv": [ 0.0, 0.0, 1.0, 0.5 ] },
												"down": { "texture": "#material2", "uv": [ 0.0, 0.0, 1.0, 0.5 ] }
											},
											"children": [
												{
													"name": "Cube591",
													"from": [ 0.49, 0.5, 0.0 ],
													"to": [ 0.74, 0.75, 0.3 ],
													"rotationOrigin": [ 0.51, 0.4956, -0.0554 ],
													"faces": {
														"north": { "texture": "#material2", "uv": [ 0.0, 0.0, 0.5, 0.5 ] },
														"east": { "texture": "#material2", "uv": [ 0.0, 0.0, 0.5, 0.5 ] },
														"south": { "texture": "#material2", "uv": [ 0.0, 0.0, 0.5, 0.5 ] },
														"west": { "texture": "#material2", "uv": [ 0.0, 0.0, 0.5, 0.5 ] },
														"up": { "texture": "#material2", "uv": [ 0.0, 0.0, 0.5, 0.5 ] },
														"down": { "texture": "#material2", "uv": [ 0.0, 0.0, 0.5, 0.5 ] }
													},
													"children": [
														{
															"name": "Cube761",
															"from": [ -0.49, 0.25, 0.0 ],
															"to": [ 0.73, 0.5, 0.28 ],
															"rotationOrigin": [ -0.48, 0.4956, -0.0554 ],
															"faces": {
																"north": { "texture": "#material2", "uv": [ 0.0, 0.0, 1.0, 0.5 ] },
																"east": { "texture": "#material2", "uv": [ 0.0, 0.0, 0.5, 0.5 ] },
																"south": { "texture": "#material2", "uv": [ 0.0, 0.0, 1.0, 0.5 ] },
																"west": { "texture": "#material2", "uv": [ 0.0, 0.0, 0.5, 0.5 ] },
																"up": { "texture": "#material2", "uv": [ 0.0, 0.0, 1.0, 0.5 ] },
																"down": { "texture": "#material2", "uv": [ 0.0, 0.0, 1.0, 0.5 ] }
															},
															"children": [
																{
																	"name": "Cube711",
																	"from": [ 0.49, 0.25, 0.0 ],
																	"to": [ 0.74, 0.5, 0.3 ],
																	"rotationOrigin": [ 0.51, -0.2544, -0.0554 ],
																	"faces": {
																		"north": { "texture": "#material2", "uv": [ 0.0, 0.0, 0.5, 0.5 ] },
																		"east": { "texture": "#material2", "uv": [ 0.0, 0.0, 0.5, 0.5 ] },
																		"south": { "texture": "#material2", "uv": [ 0.0, 0.0, 0.5, 0.5 ] },
																		"west": { "texture": "#material2", "uv": [ 0.0, 0.0, 0.5, 0.5 ] },
																		"up": { "texture": "#material2", "uv": [ 0.0, 0.0, 0.5, 0.5 ] },
																		"down": { "texture": "#material2", "uv": [ 0.0, 0.0, 0.5, 0.5 ] }
																	},
																	"children": [
																		{
																			"name": "Cube812",
																			"from": [ -0.99, 0.25, 0.0 ],
																			"to": [ 1.23, 0.5, 0.28 ],
																			"rotationOrigin": [ -0.98, 0.4956, -0.0554 ],
																			"faces": {
																				"north": { "texture": "#material2", "uv": [ 0.0, 0.0, 2.0, 0.5 ] },
																				"east": { "texture": "#material2", "uv": [ 0.0, 0.0, 0.5, 0.5 ] },
																				"south": { "texture": "#material2", "uv": [ 0.0, 0.0, 2.0, 0.5 ] },
																				"west": { "texture": "#material2", "uv": [ 0.0, 0.0, 0.5, 0.5 ] },
																				"up": { "texture": "#material2", "uv": [ 0.0, 0.0, 2.0, 0.5 ] },
																				"down": { "texture": "#material2", "uv": [ 0.0, 0.0, 2.0, 0.5 ] }
																			}
																		},
																		{
																			"name": "Cube82",
																			"from": [ -1.12, 0.8, -0.02 ],
																			"to": [ 1.38, 1.05, 0.31 ],
																			"rotationOrigin": [ -1.09, 1.0, 0.0 ],
																			"faces": {
																				"north": { "texture": "#material2", "uv": [ 0.0, 0.0, 2.5, 0.5 ] },
																				"east": { "texture": "#material2", "uv": [ 0.0, 0.0, 0.5, 0.5 ] },
																				"south": { "texture": "#material2", "uv": [ 0.0, 0.0, 2.5, 0.5 ] },
																				"west": { "texture": "#material2", "uv": [ 0.0, 0.0, 0.5, 0.5 ] },
																				"up": { "texture": "#material2", "uv": [ 0.0, 0.0, 2.5, 0.5 ] },
																				"down": { "texture": "#material2", "uv": [ 0.0, 0.0, 2.5, 0.5 ] }
																			},
																			"children": [
																				{
																					"name": "Cube83",
																					"from": [ 2.5, 0.0, 0.01 ],
																					"to": [ 5.0, 0.25, 0.32 ],
																					"rotationOrigin": [ 2.5, 0.25, 0.0 ],
																					"rotationZ": -45.0,
																					"faces": {
																						"north": { "texture": "#material2", "uv": [ 0.0, 0.0, 2.5, 0.5 ] },
																						"east": { "texture": "#material2", "uv": [ 0.0, 0.0, 0.5, 0.5 ] },
																						"south": { "texture": "#material2", "uv": [ 0.0, 0.0, 2.5, 0.5 ] },
																						"west": { "texture": "#material2", "uv": [ 0.0, 0.0, 0.5, 0.5 ] },
																						"up": { "texture": "#material2", "uv": [ 0.0, 0.0, 2.5, 0.5 ] },
																						"down": { "texture": "#material2", "uv": [ 0.0, 0.0, 2.5, 0.5 ] }
																					},
																					"children": [
																						{
																							"name": "Cube84",
																							"from": [ 2.5, 0.0, -0.01 ],
																							"to": [ 5.0, 0.25, 0.32 ],
																							"rotationOrigin": [ 2.5, 0.25, 0.0 ],
																							"rotationZ": -45.0,
																							"faces": {
																								"north": { "texture": "#material2", "uv": [ 0.0, 0.0, 2.5, 0.5 ] },
																								"east": { "texture": "#material2", "uv": [ 0.0, 0.0, 0.5, 0.5 ] },
																								"south": { "texture": "#material2", "uv": [ 0.0, 0.0, 2.5, 0.5 ] },
																								"west": { "texture": "#material2", "uv": [ 0.0, 0.0, 0.5, 0.5 ] },
																								"up": { "texture": "#material2", "uv": [ 0.0, 0.0, 2.5, 0.5 ] },
																								"down": { "texture": "#material2", "uv": [ 0.0, 0.0, 2.5, 0.5 ] }
																							},
																							"children": [
																								{
																									"name": "Cube85",
																									"from": [ 2.5, 0.0, 0.01 ],
																									"to": [ 5.0, 0.25, 0.32 ],
																									"rotationOrigin": [ 2.5, 0.25, 0.0 ],
																									"rotationZ": -45.0,
																									"faces": {
																										"north": { "texture": "#material2", "uv": [ 0.0, 0.0, 2.5, 0.5 ] },
																										"east": { "texture": "#material2", "uv": [ 0.0, 0.0, 0.5, 0.5 ] },
																										"south": { "texture": "#material2", "uv": [ 0.0, 0.0, 2.5, 0.5 ] },
																										"west": { "texture": "#material2", "uv": [ 0.0, 0.0, 0.5, 0.5 ] },
																										"up": { "texture": "#material2", "uv": [ 0.0, 0.0, 2.5, 0.5 ] },
																										"down": { "texture": "#material2", "uv": [ 0.0, 0.0, 2.5, 0.5 ] }
																									},
																									"children": [
																										{
																											"name": "Cube86",
																											"from": [ 2.5, 0.0, -0.01 ],
																											"to": [ 5.0, 0.25, 0.32 ],
																											"rotationOrigin": [ 2.5, 0.25, 0.0 ],
																											"rotationZ": -45.0,
																											"faces": {
																												"north": { "texture": "#material2", "uv": [ 0.0, 0.0, 2.5, 0.5 ] },
																												"east": { "texture": "#material2", "uv": [ 0.0, 0.0, 0.5, 0.5 ] },
																												"south": { "texture": "#material2", "uv": [ 0.0, 0.0, 2.5, 0.5 ] },
																												"west": { "texture": "#material2", "uv": [ 0.0, 0.0, 0.5, 0.5 ] },
																												"up": { "texture": "#material2", "uv": [ 0.0, 0.0, 2.5, 0.5 ] },
																												"down": { "texture": "#material2", "uv": [ 0.0, 0.0, 2.5, 0.5 ] }
																											},
																											"children": [
																												{
																													"name": "Cube87",
																													"from": [ 2.5, 0.0, 0.01 ],
																													"to": [ 5.0, 0.25, 0.32 ],
																													"rotationOrigin": [ 2.5, 0.25, 0.0 ],
																													"rotationZ": -45.0,
																													"faces": {
																														"north": { "texture": "#material2", "uv": [ 0.0, 0.0, 2.5, 0.5 ] },
																														"east": { "texture": "#material2", "uv": [ 0.0, 0.0, 0.5, 0.5 ] },
																														"south": { "texture": "#material2", "uv": [ 0.0, 0.0, 2.5, 0.5 ] },
																														"west": { "texture": "#material2", "uv": [ 0.0, 0.0, 0.5, 0.5 ] },
																														"up": { "texture": "#material2", "uv": [ 0.0, 0.0, 2.5, 0.5 ] },
																														"down": { "texture": "#material2", "uv": [ 0.0, 0.0, 2.5, 0.5 ] }
																													},
																													"children": [
																														{
																															"name": "Cube88",
																															"from": [ 2.5, 0.0, -0.01 ],
																															"to": [ 5.0, 0.25, 0.32 ],
																															"rotationOrigin": [ 2.5, 0.25, 0.0 ],
																															"rotationZ": -45.0,
																															"faces": {
																																"north": { "texture": "#material2", "uv": [ 0.0, 0.0, 2.5, 0.5 ] },
																																"east": { "texture": "#material2", "uv": [ 0.0, 0.0, 0.5, 0.5 ] },
																																"south": { "texture": "#material2", "uv": [ 0.0, 0.0, 2.5, 0.5 ] },
																																"west": { "texture": "#material2", "uv": [ 0.0, 0.0, 0.5, 0.5 ] },
																																"up": { "texture": "#material2", "uv": [ 0.0, 0.0, 2.5, 0.5 ] },
																																"down": { "texture": "#material2", "uv": [ 0.0, 0.0, 2.5, 0.5 ] }
																															},
																															"children": [
																																{
																																	"name": "Cube89",
																																	"from": [ 2.5, 0.0, 0.01 ],
																																	"to": [ 5.0, 0.25, 0.32 ],
																																	"rotationOrigin": [ 2.5, 0.25, 0.0 ],
																																	"rotationZ": -45.0,
																																	"faces": {
																																		"north": { "texture": "#material2", "uv": [ 0.0, 0.0, 2.5, 0.5 ] },
																																		"east": { "texture": "#material2", "uv": [ 0.0, 0.0, 0.5, 0.5 ] },
																																		"south": { "texture": "#material2", "uv": [ 0.0, 0.0, 2.5, 0.5 ] },
																																		"west": { "texture": "#material2", "uv": [ 0.0, 0.0, 0.5, 0.5 ] },
																																		"up": { "texture": "#material2", "uv": [ 0.0, 0.0, 2.5, 0.5 ] },
																																		"down": { "texture": "#material2", "uv": [ 0.0, 0.0, 2.5, 0.5 ] }
																																	}
																																}
																															]
																														}
																													]
																												}
																											]
																										}
																									]
																								}
																							]
																						}
																					]
																				}
																			]
																		}
																	]
																}
															]
														}
													]
												}
											]
										}
									]
								},
								{
									"name": "_symbol58",
									"from": [ 0.0, 0.0, 0.0 ],
									"to": [ 0.0, 0.0, 0.0 ],
									"rotationOrigin": [ 0.0, 0.0, 0.0 ],
									"rotationX": 90.0,
									"rotationZ": 180.0,
									"faces": {
										"north": { "texture": "#default", "uv": [ 0.0, 0.0, 0.5, 0.5 ] },
										"east": { "texture": "#default", "uv": [ 0.0, 0.0, 0.5, 0.5 ] },
										"south": { "texture": "#default", "uv": [ 0.0, 0.0, 0.5, 0.5 ] },
										"west": { "texture": "#default", "uv": [ 0.0, 0.0, 0.5, 0.5 ] },
										"up": { "texture": "#default", "uv": [ 0.0, 0.0, 0.5, 0.5 ] },
										"down": { "texture": "#default", "uv": [ 0.0, 0.0, 0.5, 0.5 ] }
									},
									"children": [
										{
											"name": "Cube601",
											"from": [ -0.61, 0.9688, -0.9792 ],
											"to": [ 0.61, 1.4688, -0.6792 ],
											"rotationOrigin": [ -0.6, 0.9644, -1.0346 ],
											"faces": {
												"north": { "texture": "#material2", "uv": [ 0.0, 0.0, 1.0, 0.5 ] },
												"east": { "texture": "#material2", "uv": [ 0.0, 0.0, 0.5, 0.5 ] },
												"south": { "texture": "#material2", "uv": [ 0.0, 0.0, 1.0, 0.5 ] },
												"west": { "texture": "#material2", "uv": [ 0.0, 0.0, 0.5, 0.5 ] },
												"up": { "texture": "#material2", "uv": [ 0.0, 0.0, 1.0, 0.5 ] },
												"down": { "texture": "#material2", "uv": [ 0.0, 0.0, 1.0, 0.5 ] }
											},
											"children": [
												{
													"name": "Cube601",
													"from": [ 0.49, 0.5, 0.0 ],
													"to": [ 0.74, 0.75, 0.3 ],
													"rotationOrigin": [ 0.51, 0.4956, -0.0554 ],
													"faces": {
														"north": { "texture": "#material2", "uv": [ 0.0, 0.0, 0.5, 0.5 ] },
														"east": { "texture": "#material2", "uv": [ 0.0, 0.0, 0.5, 0.5 ] },
														"south": { "texture": "#material2", "uv": [ 0.0, 0.0, 0.5, 0.5 ] },
														"west": { "texture": "#material2", "uv": [ 0.0, 0.0, 0.5, 0.5 ] },
														"up": { "texture": "#material2", "uv": [ 0.0, 0.0, 0.5, 0.5 ] },
														"down": { "texture": "#material2", "uv": [ 0.0, 0.0, 0.5, 0.5 ] }
													},
													"children": [
														{
															"name": "Cube611",
															"from": [ -0.49, 0.25, 0.0 ],
															"to": [ 0.73, 0.5, 0.28 ],
															"rotationOrigin": [ -0.48, 0.4956, -0.0554 ],
															"faces": {
																"north": { "texture": "#material2", "uv": [ 0.0, 0.0, 1.0, 0.5 ] },
																"east": { "texture": "#material2", "uv": [ 0.0, 0.0, 0.5, 0.5 ] },
																"south": { "texture": "#material2", "uv": [ 0.0, 0.0, 1.0, 0.5 ] },
																"west": { "texture": "#material2", "uv": [ 0.0, 0.0, 0.5, 0.5 ] },
																"up": { "texture": "#material2", "uv": [ 0.0, 0.0, 1.0, 0.5 ] },
																"down": { "texture": "#material2", "uv": [ 0.0, 0.0, 1.0, 0.5 ] }
															},
															"children": [
																{
																	"name": "Cube621",
																	"from": [ 0.49, 0.25, 0.0 ],
																	"to": [ 0.74, 0.5, 0.3 ],
																	"rotationOrigin": [ 0.51, -0.2544, -0.0554 ],
																	"faces": {
																		"north": { "texture": "#material2", "uv": [ 0.0, 0.0, 0.5, 0.5 ] },
																		"east": { "texture": "#material2", "uv": [ 0.0, 0.0, 0.5, 0.5 ] },
																		"south": { "texture": "#material2", "uv": [ 0.0, 0.0, 0.5, 0.5 ] },
																		"west": { "texture": "#material2", "uv": [ 0.0, 0.0, 0.5, 0.5 ] },
																		"up": { "texture": "#material2", "uv": [ 0.0, 0.0, 0.5, 0.5 ] },
																		"down": { "texture": "#material2", "uv": [ 0.0, 0.0, 0.5, 0.5 ] }
																	},
																	"children": [
																		{
																			"name": "Cube631",
																			"from": [ -0.99, 0.25, 0.0 ],
																			"to": [ 1.23, 0.5, 0.28 ],
																			"rotationOrigin": [ -0.98, 0.4956, -0.0554 ],
																			"faces": {
																				"north": { "texture": "#material2", "uv": [ 0.0, 0.0, 2.0, 0.5 ] },
																				"east": { "texture": "#material2", "uv": [ 0.0, 0.0, 0.5, 0.5 ] },
																				"south": { "texture": "#material2", "uv": [ 0.0, 0.0, 2.0, 0.5 ] },
																				"west": { "texture": "#material2", "uv": [ 0.0, 0.0, 0.5, 0.5 ] },
																				"up": { "texture": "#material2", "uv": [ 0.0, 0.0, 2.0, 0.5 ] },
																				"down": { "texture": "#material2", "uv": [ 0.0, 0.0, 2.0, 0.5 ] }
																			}
																		}
																	]
																}
															]
														}
													]
												}
											]
										}
									]
								},
								{
									"name": "_symbol64",
									"from": [ 0.02, 0.0, 0.0 ],
									"to": [ 0.02, 0.0, 0.0 ],
									"rotationOrigin": [ 0.0, 0.0, 0.0 ],
									"rotationX": 90.0,
									"rotationZ": 90.0,
									"faces": {
										"north": { "texture": "#default", "uv": [ 0.0, 0.0, 0.5, 0.5 ] },
										"east": { "texture": "#default", "uv": [ 0.0, 0.0, 0.5, 0.5 ] },
										"south": { "texture": "#default", "uv": [ 0.0, 0.0, 0.5, 0.5 ] },
										"west": { "texture": "#default", "uv": [ 0.0, 0.0, 0.5, 0.5 ] },
										"up": { "texture": "#default", "uv": [ 0.0, 0.0, 0.5, 0.5 ] },
										"down": { "texture": "#default", "uv": [ 0.0, 0.0, 0.5, 0.5 ] }
									},
									"children": [
										{
											"name": "Cube651",
											"from": [ -0.61, 0.9688, -0.9792 ],
											"to": [ 0.61, 1.4688, -0.6792 ],
											"rotationOrigin": [ -0.6, 0.9644, -1.0346 ],
											"faces": {
												"north": { "texture": "#material2", "uv": [ 0.0, 0.0, 1.0, 0.5 ] },
												"east": { "texture": "#material2", "uv": [ 0.0, 0.0, 0.5, 0.5 ] },
												"south": { "texture": "#material2", "uv": [ 0.0, 0.0, 1.0, 0.5 ] },
												"west": { "texture": "#material2", "uv": [ 0.0, 0.0, 0.5, 0.5 ] },
												"up": { "texture": "#material2", "uv": [ 0.0, 0.0, 1.0, 0.5 ] },
												"down": { "texture": "#material2", "uv": [ 0.0, 0.0, 1.0, 0.5 ] }
											},
											"children": [
												{
													"name": "Cube661",
													"from": [ 0.49, 0.5, 0.0 ],
													"to": [ 0.74, 0.75, 0.3 ],
													"rotationOrigin": [ 0.51, 0.4956, -0.0554 ],
													"faces": {
														"north": { "texture": "#material2", "uv": [ 0.0, 0.0, 0.5, 0.5 ] },
														"east": { "texture": "#material2", "uv": [ 0.0, 0.0, 0.5, 0.5 ] },
														"south": { "texture": "#material2", "uv": [ 0.0, 0.0, 0.5, 0.5 ] },
														"west": { "texture": "#material2", "uv": [ 0.0, 0.0, 0.5, 0.5 ] },
														"up": { "texture": "#material2", "uv": [ 0.0, 0.0, 0.5, 0.5 ] },
														"down": { "texture": "#material2", "uv": [ 0.0, 0.0, 0.5, 0.5 ] }
													},
													"children": [
														{
															"name": "Cube671",
															"from": [ -0.49, 0.25, 0.0 ],
															"to": [ 0.73, 0.5, 0.28 ],
															"rotationOrigin": [ -0.48, 0.4956, -0.0554 ],
															"faces": {
																"north": { "texture": "#material2", "uv": [ 0.0, 0.0, 1.0, 0.5 ] },
																"east": { "texture": "#material2", "uv": [ 0.0, 0.0, 0.5, 0.5 ] },
																"south": { "texture": "#material2", "uv": [ 0.0, 0.0, 1.0, 0.5 ] },
																"west": { "texture": "#material2", "uv": [ 0.0, 0.0, 0.5, 0.5 ] },
																"up": { "texture": "#material2", "uv": [ 0.0, 0.0, 1.0, 0.5 ] },
																"down": { "texture": "#material2", "uv": [ 0.0, 0.0, 1.0, 0.5 ] }
															},
															"children": [
																{
																	"name": "Cube681",
																	"from": [ 0.49, 0.25, 0.0 ],
																	"to": [ 0.74, 0.5, 0.3 ],
																	"rotationOrigin": [ 0.51, -0.2544, -0.0554 ],
																	"faces": {
																		"north": { "texture": "#material2", "uv": [ 0.0, 0.0, 0.5, 0.5 ] },
																		"east": { "texture": "#material2", "uv": [ 0.0, 0.0, 0.5, 0.5 ] },
																		"south": { "texture": "#material2", "uv": [ 0.0, 0.0, 0.5, 0.5 ] },
																		"west": { "texture": "#material2", "uv": [ 0.0, 0.0, 0.5, 0.5 ] },
																		"up": { "texture": "#material2", "uv": [ 0.0, 0.0, 0.5, 0.5 ] },
																		"down": { "texture": "#material2", "uv": [ 0.0, 0.0, 0.5, 0.5 ] }
																	},
																	"children": [
																		{
																			"name": "Cube691",
																			"from": [ -0.99, 0.25, 0.0 ],
																			"to": [ 1.23, 0.5, 0.28 ],
																			"rotationOrigin": [ -0.98, 0.4956, -0.0554 ],
																			"faces": {
																				"north": { "texture": "#material2", "uv": [ 0.0, 0.0, 2.0, 0.5 ] },
																				"east": { "texture": "#material2", "uv": [ 0.0, 0.0, 0.5, 0.5 ] },
																				"south": { "texture": "#material2", "uv": [ 0.0, 0.0, 2.0, 0.5 ] },
																				"west": { "texture": "#material2", "uv": [ 0.0, 0.0, 0.5, 0.5 ] },
																				"up": { "texture": "#material2", "uv": [ 0.0, 0.0, 2.0, 0.5 ] },
																				"down": { "texture": "#material2", "uv": [ 0.0, 0.0, 2.0, 0.5 ] }
																			}
																		}
																	]
																}
															]
														}
													]
												}
											]
										}
									]
								},
								{
									"name": "_symbol70",
									"from": [ -0.02, 0.0, 0.0 ],
									"to": [ -0.02, 0.0, 0.0 ],
									"rotationOrigin": [ 0.0, 0.0, 0.0 ],
									"rotationX": 90.0,
									"rotationZ": -90.0,
									"faces": {
										"north": { "texture": "#default", "uv": [ 0.0, 0.0, 0.5, 0.5 ] },
										"east": { "texture": "#default", "uv": [ 0.0, 0.0, 0.5, 0.5 ] },
										"south": { "texture": "#default", "uv": [ 0.0, 0.0, 0.5, 0.5 ] },
										"west": { "texture": "#default", "uv": [ 0.0, 0.0, 0.5, 0.5 ] },
										"up": { "texture": "#default", "uv": [ 0.0, 0.0, 0.5, 0.5 ] },
										"down": { "texture": "#default", "uv": [ 0.0, 0.0, 0.5, 0.5 ] }
									},
									"children": [
										{
											"name": "Cube721",
											"from": [ -0.61, 0.9688, -0.9792 ],
											"to": [ 0.61, 1.4688, -0.6792 ],
											"rotationOrigin": [ -0.6, 0.9644, -1.0346 ],
											"faces": {
												"north": { "texture": "#material2", "uv": [ 0.0, 0.0, 1.0, 0.5 ] },
												"east": { "texture": "#material2", "uv": [ 0.0, 0.0, 0.5, 0.5 ] },
												"south": { "texture": "#material2", "uv": [ 0.0, 0.0, 1.0, 0.5 ] },
												"west": { "texture": "#material2", "uv": [ 0.0, 0.0, 0.5, 0.5 ] },
												"up": { "texture": "#material2", "uv": [ 0.0, 0.0, 1.0, 0.5 ] },
												"down": { "texture": "#material2", "uv": [ 0.0, 0.0, 1.0, 0.5 ] }
											},
											"children": [
												{
													"name": "Cube721",
													"from": [ 0.49, 0.5, 0.0 ],
													"to": [ 0.74, 0.75, 0.3 ],
													"rotationOrigin": [ 0.51, 0.4956, -0.0554 ],
													"faces": {
														"north": { "texture": "#material2", "uv": [ 0.0, 0.0, 0.5, 0.5 ] },
														"east": { "texture": "#material2", "uv": [ 0.0, 0.0, 0.5, 0.5 ] },
														"south": { "texture": "#material2", "uv": [ 0.0, 0.0, 0.5, 0.5 ] },
														"west": { "texture": "#material2", "uv": [ 0.0, 0.0, 0.5, 0.5 ] },
														"up": { "texture": "#material2", "uv": [ 0.0, 0.0, 0.5, 0.5 ] },
														"down": { "texture": "#material2", "uv": [ 0.0, 0.0, 0.5, 0.5 ] }
													},
													"children": [
														{
															"name": "Cube73",
															"from": [ -0.49, 0.25, 0.0 ],
															"to": [ 0.73, 0.5, 0.28 ],
															"rotationOrigin": [ -0.48, 0.4956, -0.0554 ],
															"faces": {
																"north": { "texture": "#material2", "uv": [ 0.0, 0.0, 1.0, 0.5 ] },
																"east": { "texture": "#material2", "uv": [ 0.0, 0.0, 0.5, 0.5 ] },
																"south": { "texture": "#material2", "uv": [ 0.0, 0.0, 1.0, 0.5 ] },
																"west": { "texture": "#material2", "uv": [ 0.0, 0.0, 0.5, 0.5 ] },
																"up": { "texture": "#material2", "uv": [ 0.0, 0.0, 1.0, 0.5 ] },
																"down": { "texture": "#material2", "uv": [ 0.0, 0.0, 1.0, 0.5 ] }
															},
															"children": [
																{
																	"name": "Cube741",
																	"from": [ 0.49, 0.25, 0.0 ],
																	"to": [ 0.74, 0.5, 0.3 ],
																	"rotationOrigin": [ 0.51, -0.2544, -0.0554 ],
																	"faces": {
																		"north": { "texture": "#material2", "uv": [ 0.0, 0.0, 0.5, 0.5 ] },
																		"east": { "texture": "#material2", "uv": [ 0.0, 0.0, 0.5, 0.5 ] },
																		"south": { "texture": "#material2", "uv": [ 0.0, 0.0, 0.5, 0.5 ] },
																		"west": { "texture": "#material2", "uv": [ 0.0, 0.0, 0.5, 0.5 ] },
																		"up": { "texture": "#material2", "uv": [ 0.0, 0.0, 0.5, 0.5 ] },
																		"down": { "texture": "#material2", "uv": [ 0.0, 0.0, 0.5, 0.5 ] }
																	},
																	"children": [
																		{
																			"name": "Cube751",
																			"from": [ -0.99, 0.25, 0.0 ],
																			"to": [ 1.23, 0.5, 0.28 ],
																			"rotationOrigin": [ -0.98, 0.4956, -0.0554 ],
																			"faces": {
																				"north": { "texture": "#material2", "uv": [ 0.0, 0.0, 2.0, 0.5 ] },
																				"east": { "texture": "#material2", "uv": [ 0.0, 0.0, 0.5, 0.5 ] },
																				"south": { "texture": "#material2", "uv": [ 0.0, 0.0, 2.0, 0.5 ] },
																				"west": { "texture": "#material2", "uv": [ 0.0, 0.0, 0.5, 0.5 ] },
																				"up": { "texture": "#material2", "uv": [ 0.0, 0.0, 2.0, 0.5 ] },
																				"down": { "texture": "#material2", "uv": [ 0.0, 0.0, 2.0, 0.5 ] }
																			}
																		}
																	]
																}
															]
														}
													]
												}
											]
										}
									]
								}
							]
						}
					]
				},
				{
					"name": "_circles",
					"from": [ 0.0, 0.6, 0.0 ],
					"to": [ 0.0, 0.6, 0.0 ],
					"rotationOrigin": [ 0.0, 0.7, 0.0 ],
					"faces": {
						"north": { "texture": "#default", "uv": [ 0.0, 0.0, 0.5, 0.5 ] },
						"east": { "texture": "#default", "uv": [ 0.0, 0.0, 0.5, 0.5 ] },
						"south": { "texture": "#default", "uv": [ 0.0, 0.0, 0.5, 0.5 ] },
						"west": { "texture": "#default", "uv": [ 0.0, 0.0, 0.5, 0.5 ] },
						"up": { "texture": "#default", "uv": [ 0.0, 0.0, 0.5, 0.5 ] },
						"down": { "texture": "#default", "uv": [ 0.0, 0.0, 0.5, 0.5 ] }
					},
					"children": [
						{
							"name": "ring-tier3",
							"from": [ -24.0, 0.1, -24.0 ],
							"to": [ 24.0, 0.11, 24.0 ],
							"faces": {
								"up": { "texture": "#circletier3", "uv": [ 0.0, 0.0, 16.0, 16.0 ], "glow": 150, "autoUv": false }
							}
						},
						{
							"name": "ring-tier1",
							"from": [ -8.0, 0.2, -8.0 ],
							"to": [ 8.0, 0.21, 8.0 ],
							"faces": {
								"up": { "texture": "#circletier1", "uv": [ 0.0, 0.0, 16.0, 16.0 ], "glow": 150 }
							}
						},
						{
							"name": "ring-tier2",
							"from": [ -16.0, 0.15, -16.0 ],
							"to": [ 16.0, 0.16, 16.0 ],
							"faces": {
								"up": { "texture": "#circletier2", "uv": [ 0.0, 0.0, 16.0, 16.0 ], "glow": 150, "autoUv": false }
							}
						}
					]
				},
				{
					"name": "base1",
					"from": [ -4.0, 0.0, -4.0 ],
					"to": [ 4.0, 0.25, 4.0 ],
					"rotationOrigin": [ -4.0, 0.0, -4.0 ],
					"faces": {
						"north": { "texture": "#material3", "uv": [ 0.0, 0.0, 8.0, 0.5 ] },
						"east": { "texture": "#material3", "uv": [ 0.0, 0.0, 8.0, 0.5 ] },
						"south": { "texture": "#material3", "uv": [ 0.0, 0.0, 8.0, 0.5 ] },
						"west": { "texture": "#material3", "uv": [ 0.0, 0.0, 8.0, 0.5 ] },
						"up": { "texture": "#material3", "uv": [ 0.0, 0.0, 8.0, 8.0 ] },
						"down": { "texture": "#material3", "uv": [ 0.0, 0.0, 8.0, 8.0 ] }
					},
					"children": [
						{
							"name": "base2",
							"from": [ 0.5, 0.25, 0.5 ],
							"to": [ 7.5, 0.5, 7.5 ],
							"rotationOrigin": [ 1.0, 0.5, 1.0 ],
							"faces": {
								"north": { "texture": "#material3", "uv": [ 0.0, 0.0, 7.0, 0.5 ] },
								"east": { "texture": "#material3", "uv": [ 0.0, 0.0, 7.0, 0.5 ] },
								"south": { "texture": "#material3", "uv": [ 0.0, 0.0, 7.0, 0.5 ] },
								"west": { "texture": "#material3", "uv": [ 0.0, 0.0, 7.0, 0.5 ] },
								"up": { "texture": "#material3", "uv": [ 0.0, 0.0, 7.0, 7.0 ] },
								"down": { "texture": "#material3", "uv": [ 0.0, 0.0, 7.0, 7.0 ] }
							}
						}
					]
				}
			]
		},
		{
			"name": "cornerbase1",
			"from": [ 0.0, 0.0, 0.0 ],
			"to": [ 3.0, 0.5, 3.0 ],
			"faces": {
				"north": { "texture": "#material4", "uv": [ 0.0, 0.0, 3.0, 0.5 ] },
				"east": { "texture": "#material4", "uv": [ 0.0, 0.0, 3.0, 0.5 ] },
				"south": { "texture": "#material4", "uv": [ 0.0, 0.0, 3.0, 0.5 ] },
				"west": { "texture": "#material4", "uv": [ 0.0, 0.0, 3.0, 0.5 ] },
				"up": { "texture": "#material4", "uv": [ 0.0, 0.0, 3.0, 3.0 ] },
				"down": { "texture": "#material4", "uv": [ 0.0, 0.0, 3.0, 3.0 ] }
			},
			"children": [
				{
					"name": "cornerbase1-inner1",
					"from": [ 0.5, 0.1, 0.5 ],
					"to": [ 2.5, 0.6, 2.5 ],
					"rotationOrigin": [ 1.5, 0.1, 1.5 ],
					"rotationY": 22.5,
					"faces": {
						"north": { "texture": "#cornerglow", "uv": [ 0.0, 0.0, 2.0, 0.5 ] },
						"east": { "texture": "#cornerglow", "uv": [ 0.0, 0.0, 2.0, 0.5 ] },
						"south": { "texture": "#cornerglow", "uv": [ 0.0, 0.0, 2.0, 0.5 ] },
						"west": { "texture": "#cornerglow", "uv": [ 0.0, 0.0, 2.0, 0.5 ] },
						"up": { "texture": "#cornerglow", "uv": [ 0.0, 0.0, 2.0, 2.0 ] },
						"down": { "texture": "#cornerglow", "uv": [ 0.0, 0.0, 2.0, 2.0 ] }
					}
				},
				{
					"name": "cornerbase1-inner2",
					"from": [ 0.5, 0.11, 0.5 ],
					"to": [ 2.5, 0.61, 2.5 ],
					"rotationOrigin": [ 1.5, 0.1, 1.5 ],
					"rotationY": -22.5,
					"faces": {
						"north": { "texture": "#cornerglow", "uv": [ 0.0, 0.0, 2.0, 0.5 ] },
						"east": { "texture": "#cornerglow", "uv": [ 0.0, 0.0, 2.0, 0.5 ] },
						"south": { "texture": "#cornerglow", "uv": [ 0.0, 0.0, 2.0, 0.5 ] },
						"west": { "texture": "#cornerglow", "uv": [ 0.0, 0.0, 2.0, 0.5 ] },
						"up": { "texture": "#cornerglow", "uv": [ 0.0, 0.0, 2.0, 2.0 ] },
						"down": { "texture": "#cornerglow", "uv": [ 0.0, 0.0, 2.0, 2.0 ] }
					}
				},
				{
					"name": "cornerconnectingbar1",
					"from": [ 2.0, 0.01, 2.0 ],
					"to": [ 18.0, 0.41, 3.0 ],
					"rotationOrigin": [ 2.5, 0.5, 2.5 ],
					"rotationY": -45.0,
					"faces": {
						"north": { "texture": "#connectingbar", "uv": [ 0.0, 0.0, 16.0, 0.5 ] },
						"east": { "texture": "#connectingbar", "uv": [ 0.0, 0.0, 1.0, 0.5 ] },
						"south": { "texture": "#connectingbar", "uv": [ 0.0, 0.0, 16.0, 0.5 ] },
						"west": { "texture": "#connectingbar", "uv": [ 0.0, 0.0, 1.0, 0.5 ] },
						"up": { "texture": "#connectingbar", "uv": [ 0.0, 0.0, 16.0, 1.0 ] },
						"down": { "texture": "#connectingbar", "uv": [ 0.0, 0.0, 16.0, 1.0 ] }
					}
				},
				{
					"name": "cornerbase2",
					"from": [ 13.0, 0.0, 13.0 ],
					"to": [ 16.0, 0.5, 16.0 ],
					"rotationOrigin": [ 13.0, 0.0, 13.0 ],
					"faces": {
						"north": { "texture": "#material4", "uv": [ 0.0, 0.0, 3.0, 0.5 ] },
						"east": { "texture": "#material4", "uv": [ 0.0, 0.0, 3.0, 0.5 ] },
						"south": { "texture": "#material4", "uv": [ 0.0, 0.0, 3.0, 0.5 ] },
						"west": { "texture": "#material4", "uv": [ 0.0, 0.0, 3.0, 0.5 ] },
						"up": { "texture": "#material4", "uv": [ 0.0, 0.0, 3.0, 3.0 ] },
						"down": { "texture": "#material4", "uv": [ 0.0, 0.0, 3.0, 3.0 ] }
					},
					"children": [
						{
							"name": "cornerbase2-inner1",
							"from": [ 0.5, 0.1, 0.5 ],
							"to": [ 2.5, 0.6, 2.5 ],
							"rotationOrigin": [ 1.5, 0.1, 1.5 ],
							"rotationY": 22.5,
							"faces": {
								"north": { "texture": "#cornerglow", "uv": [ 0.0, 0.0, 2.0, 0.5 ] },
								"east": { "texture": "#cornerglow", "uv": [ 0.0, 0.0, 2.0, 0.5 ] },
								"south": { "texture": "#cornerglow", "uv": [ 0.0, 0.0, 2.0, 0.5 ] },
								"west": { "texture": "#cornerglow", "uv": [ 0.0, 0.0, 2.0, 0.5 ] },
								"up": { "texture": "#cornerglow", "uv": [ 0.0, 0.0, 2.0, 2.0 ] },
								"down": { "texture": "#cornerglow", "uv": [ 0.0, 0.0, 2.0, 2.0 ] }
							}
						},
						{
							"name": "cornerbase2-inner2",
							"from": [ 0.5, 0.11, 0.5 ],
							"to": [ 2.5, 0.61, 2.5 ],
							"rotationOrigin": [ 1.5, 0.1, 1.5 ],
							"rotationY": -22.5,
							"faces": {
								"north": { "texture": "#cornerglow", "uv": [ 0.0, 0.0, 2.0, 0.5 ] },
								"east": { "texture": "#cornerglow", "uv": [ 0.0, 0.0, 2.0, 0.5 ] },
								"south": { "texture": "#cornerglow", "uv": [ 0.0, 0.0, 2.0, 0.5 ] },
								"west": { "texture": "#cornerglow", "uv": [ 0.0, 0.0, 2.0, 0.5 ] },
								"up": { "texture": "#cornerglow", "uv": [ 0.0, 0.0, 2.0, 2.0 ] },
								"down": { "texture": "#cornerglow", "uv": [ 0.0, 0.0, 2.0, 2.0 ] }
							}
						}
					]
				}
			]
		},
		{
			"name": "cornerbase3",
			"from": [ 0.0, 0.0, 0.0 ],
			"to": [ 3.0, 0.5, 3.0 ],
			"rotationOrigin": [ 8.0, 0.0, 8.0 ],
			"rotationY": 90.0,
			"faces": {
				"north": { "texture": "#material4", "uv": [ 0.0, 0.0, 3.0, 0.5 ] },
				"east": { "texture": "#material4", "uv": [ 0.0, 0.0, 3.0, 0.5 ] },
				"south": { "texture": "#material4", "uv": [ 0.0, 0.0, 3.0, 0.5 ] },
				"west": { "texture": "#material4", "uv": [ 0.0, 0.0, 3.0, 0.5 ] },
				"up": { "texture": "#material4", "uv": [ 0.0, 0.0, 3.0, 3.0 ] },
				"down": { "texture": "#material4", "uv": [ 0.0, 0.0, 3.0, 3.0 ] }
			},
			"children": [
				{
					"name": "cornerbase3-inner1",
					"from": [ 0.5, 0.1, 0.5 ],
					"to": [ 2.5, 0.6, 2.5 ],
					"rotationOrigin": [ 1.5, 0.1, 1.5 ],
					"rotationY": 22.5,
					"faces": {
						"north": { "texture": "#cornerglow", "uv": [ 0.0, 0.0, 2.0, 0.5 ] },
						"east": { "texture": "#cornerglow", "uv": [ 0.0, 0.0, 2.0, 0.5 ] },
						"south": { "texture": "#cornerglow", "uv": [ 0.0, 0.0, 2.0, 0.5 ] },
						"west": { "texture": "#cornerglow", "uv": [ 0.0, 0.0, 2.0, 0.5 ] },
						"up": { "texture": "#cornerglow", "uv": [ 0.0, 0.0, 2.0, 2.0 ] },
						"down": { "texture": "#cornerglow", "uv": [ 0.0, 0.0, 2.0, 2.0 ] }
					}
				},
				{
					"name": "cornerbase3-inner2",
					"from": [ 0.5, 0.11, 0.5 ],
					"to": [ 2.5, 0.61, 2.5 ],
					"rotationOrigin": [ 1.5, 0.1, 1.5 ],
					"rotationY": -22.5,
					"faces": {
						"north": { "texture": "#cornerglow", "uv": [ 0.0, 0.0, 2.0, 0.5 ] },
						"east": { "texture": "#cornerglow", "uv": [ 0.0, 0.0, 2.0, 0.5 ] },
						"south": { "texture": "#cornerglow", "uv": [ 0.0, 0.0, 2.0, 0.5 ] },
						"west": { "texture": "#cornerglow", "uv": [ 0.0, 0.0, 2.0, 0.5 ] },
						"up": { "texture": "#cornerglow", "uv": [ 0.0, 0.0, 2.0, 2.0 ] },
						"down": { "texture": "#cornerglow", "uv": [ 0.0, 0.0, 2.0, 2.0 ] }
					}
				},
				{
					"name": "cornerconnectingbar2",
					"from": [ 2.0, 0.01, 2.0 ],
					"to": [ 18.0, 0.41, 3.0 ],
					"rotationOrigin": [ 2.5, 0.5, 2.5 ],
					"rotationY": -45.0,
					"faces": {
						"north": { "texture": "#connectingbar", "uv": [ 0.0, 0.0, 16.0, 0.5 ] },
						"east": { "texture": "#connectingbar", "uv": [ 0.0, 0.0, 1.0, 0.5 ] },
						"south": { "texture": "#connectingbar", "uv": [ 0.0, 0.0, 16.0, 0.5 ] },
						"west": { "texture": "#connectingbar", "uv": [ 0.0, 0.0, 1.0, 0.5 ] },
						"up": { "texture": "#connectingbar", "uv": [ 0.0, 0.0, 16.0, 1.0 ] },
						"down": { "texture": "#connectingbar", "uv": [ 0.0, 0.0, 16.0, 1.0 ] }
					}
				},
				{
					"name": "cornerbase4",
					"from": [ 13.0, 0.0, 13.0 ],
					"to": [ 16.0, 0.5, 16.0 ],
					"rotationOrigin": [ 13.0, 0.0, 13.0 ],
					"faces": {
						"north": { "texture": "#material4", "uv": [ 0.0, 0.0, 3.0, 0.5 ] },
						"east": { "texture": "#material4", "uv": [ 0.0, 0.0, 3.0, 0.5 ] },
						"south": { "texture": "#material4", "uv": [ 0.0, 0.0, 3.0, 0.5 ] },
						"west": { "texture": "#material4", "uv": [ 0.0, 0.0, 3.0, 0.5 ] },
						"up": { "texture": "#material4", "uv": [ 0.0, 0.0, 3.0, 3.0 ] },
						"down": { "texture": "#material4", "uv": [ 0.0, 0.0, 3.0, 3.0 ] }
					},
					"children": [
						{
							"name": "cornerbase4-inner1",
							"from": [ 0.5, 0.1, 0.5 ],
							"to": [ 2.5, 0.6, 2.5 ],
							"rotationOrigin": [ 1.5, 0.1, 1.5 ],
							"rotationY": 22.5,
							"faces": {
								"north": { "texture": "#cornerglow", "uv": [ 0.0, 0.0, 2.0, 0.5 ] },
								"east": { "texture": "#cornerglow", "uv": [ 0.0, 0.0, 2.0, 0.5 ] },
								"south": { "texture": "#cornerglow", "uv": [ 0.0, 0.0, 2.0, 0.5 ] },
								"west": { "texture": "#cornerglow", "uv": [ 0.0, 0.0, 2.0, 0.5 ] },
								"up": { "texture": "#cornerglow", "uv": [ 0.0, 0.0, 2.0, 2.0 ] },
								"down": { "texture": "#cornerglow", "uv": [ 0.0, 0.0, 2.0, 2.0 ] }
							}
						},
						{
							"name": "cornerbase4-inner2",
							"from": [ 0.5, 0.11, 0.5 ],
							"to": [ 2.5, 0.61, 2.5 ],
							"rotationOrigin": [ 1.5, 0.1, 1.5 ],
							"rotationY": -22.5,
							"faces": {
								"north": { "texture": "#cornerglow", "uv": [ 0.0, 0.0, 2.0, 0.5 ] },
								"east": { "texture": "#cornerglow", "uv": [ 0.0, 0.0, 2.0, 0.5 ] },
								"south": { "texture": "#cornerglow", "uv": [ 0.0, 0.0, 2.0, 0.5 ] },
								"west": { "texture": "#cornerglow", "uv": [ 0.0, 0.0, 2.0, 0.5 ] },
								"up": { "texture": "#cornerglow", "uv": [ 0.0, 0.0, 2.0, 2.0 ] },
								"down": { "texture": "#cornerglow", "uv": [ 0.0, 0.0, 2.0, 2.0 ] }
							}
						}
					]
				}
			]
		}
	],
	"animations": [
		{
			"name": "spellready",
			"code": "spellready",
			"quantityframes": 360,
			"onActivityStopped": "EaseOut",
			"onAnimationEnd": "Repeat",
			"keyframes": [
				{
					"frame": 0,
					"elements": {
						"ring-tier1": { "rotationX": 0.0, "rotationY": -180.0, "rotationZ": 0.0 },
						"ring-tier2": { "rotationX": 0.0, "rotationY": 180.0, "rotationZ": 0.0 },
						"ring-tier3": { "rotationX": 0.0, "rotationY": -180.0, "rotationZ": 0.0 }
					}
				},
				{
					"frame": 359,
					"elements": {
						"ring-tier1": { "rotationX": 0.0, "rotationY": 180.0, "rotationZ": 0.0 },
						"ring-tier2": { "rotationX": 0.0, "rotationY": -180.0, "rotationZ": 0.0 },
						"ring-tier3": { "rotationX": 0.0, "rotationY": 180.0, "rotationZ": 0.0 }
					}
				}
			]
		}
	]
}