{
	"editor": {
		"allAngles": false,
		"entityTextureMode": false
	},
	"textureWidth": 16,
	"textureHeight": 16,
	"textureSizes": {
	},
	"textures": {
	},
	"elements": [
		{
			"name": "Cube1",
			"from": [ 0.0, 0.0, 0.0 ],
			"to": [ 16.0, 1.0, 16.0 ],
			"faces": {
				"north": { "texture": "#material", "uv": [ 0.0, 0.0, 16.0, 1.0 ] },
				"east": { "texture": "#material", "uv": [ 0.0, 0.0, 16.0, 1.0 ] },
				"south": { "texture": "#material", "uv": [ 0.0, 0.0, 16.0, 1.0 ] },
				"west": { "texture": "#material", "uv": [ 0.0, 0.0, 16.0, 1.0 ] },
				"up": { "texture": "#material", "uv": [ 0.0, 0.0, 16.0, 16.0 ] },
				"down": { "texture": "#material", "uv": [ 0.0, 0.0, 16.0, 16.0 ] }
			},
			"children": [
				{
					"name": "Cube2",
					"from": [ 0.0, 1.0, 0.0 ],
					"to": [ 3.0, 2.0, 3.0 ],
					"rotationOrigin": [ 0.0, 1.0, 0.0 ],
					"faces": {
						"north": { "texture": "#material", "uv": [ 0.0, 0.0, 3.0, 1.0 ] },
						"east": { "texture": "#material", "uv": [ 0.0, 0.0, 3.0, 1.0 ] },
						"south": { "texture": "#material", "uv": [ 0.0, 0.0, 3.0, 1.0 ] },
						"west": { "texture": "#material", "uv": [ 0.0, 0.0, 3.0, 1.0 ] },
						"up": { "texture": "#material", "uv": [ 0.0, 0.0, 3.0, 3.0 ] },
						"down": { "texture": "#material", "uv": [ 0.0, 0.0, 3.0, 3.0 ] }
					},
					"children": [
						{
							"name": "Cube3",
							"from": [ 13.0, 0.0, 0.0 ],
							"to": [ 16.0, 1.0, 3.0 ],
							"rotationOrigin": [ 13.0, 0.0, 0.0 ],
							"faces": {
								"north": { "texture": "#material", "uv": [ 0.0, 0.0, 3.0, 1.0 ] },
								"east": { "texture": "#material", "uv": [ 0.0, 0.0, 3.0, 1.0 ] },
								"south": { "texture": "#material", "uv": [ 0.0, 0.0, 3.0, 1.0 ] },
								"west": { "texture": "#material", "uv": [ 0.0, 0.0, 3.0, 1.0 ] },
								"up": { "texture": "#material", "uv": [ 0.0, 0.0, 3.0, 3.0 ] },
								"down": { "texture": "#material", "uv": [ 0.0, 0.0, 3.0, 3.0 ] }
							}
						}
					]
				},
				{
					"name": "Cube10",
					"from": [ 5.0, 2.0, 5.0 ],
					"to": [ 11.0, 5.0, 11.0 ],
					"rotationOrigin": [ 5.0, 2.0, 5.0 ],
					"faces": {
						"north": { "texture": "#material", "uv": [ 0.0, 0.0, 6.0, 3.0 ] },
						"east": { "texture": "#material", "uv": [ 0.0, 0.0, 6.0, 3.0 ] },
						"south": { "texture": "#material", "uv": [ 0.0, 0.0, 6.0, 3.0 ] },
						"west": { "texture": "#material", "uv": [ 0.0, 0.0, 6.0, 3.0 ] },
						"up": { "texture": "#material", "uv": [ 0.0, 0.0, 6.0, 6.0 ] },
						"down": { "texture": "#material", "uv": [ 0.0, 0.0, 6.0, 6.0 ] }
					}
				},
				{
					"name": "Cube11",
					"from": [ 4.0, 1.0, 4.0 ],
					"to": [ 12.0, 2.0, 12.0 ],
					"rotationOrigin": [ 4.0, 1.0, 4.0 ],
					"faces": {
						"north": { "texture": "#material", "uv": [ 0.0, 0.0, 8.0, 1.0 ] },
						"east": { "texture": "#material", "uv": [ 0.0, 0.0, 8.0, 1.0 ] },
						"south": { "texture": "#material", "uv": [ 0.0, 0.0, 8.0, 1.0 ] },
						"west": { "texture": "#material", "uv": [ 0.0, 0.0, 8.0, 1.0 ] },
						"up": { "texture": "#material", "uv": [ 0.0, 0.0, 8.0, 8.0 ] },
						"down": { "texture": "#material", "uv": [ 0.0, 0.0, 8.0, 8.0 ] }
					}
				},
				{
					"name": "Cube4",
					"from": [ 0.0, 1.0, 13.0 ],
					"to": [ 3.0, 2.0, 16.0 ],
					"rotationOrigin": [ 0.0, 1.0, 13.0 ],
					"faces": {
						"north": { "texture": "#material", "uv": [ 0.0, 0.0, 3.0, 1.0 ] },
						"east": { "texture": "#material", "uv": [ 0.0, 0.0, 3.0, 1.0 ] },
						"south": { "texture": "#material", "uv": [ 0.0, 0.0, 3.0, 1.0 ] },
						"west": { "texture": "#material", "uv": [ 0.0, 0.0, 3.0, 1.0 ] },
						"up": { "texture": "#material", "uv": [ 0.0, 0.0, 3.0, 3.0 ] },
						"down": { "texture": "#material", "uv": [ 0.0, 0.0, 3.0, 3.0 ] }
					},
					"children": [
						{
							"name": "Cube5",
							"from": [ 13.0, 0.0, 0.0 ],
							"to": [ 16.0, 1.0, 3.0 ],
							"rotationOrigin": [ 13.0, 0.0, 0.0 ],
							"faces": {
								"north": { "texture": "#material", "uv": [ 0.0, 0.0, 3.0, 1.0 ] },
								"east": { "texture": "#material", "uv": [ 0.0, 0.0, 3.0, 1.0 ] },
								"south": { "texture": "#material", "uv": [ 0.0, 0.0, 3.0, 1.0 ] },
								"west": { "texture": "#material", "uv": [ 0.0, 0.0, 3.0, 1.0 ] },
								"up": { "texture": "#material", "uv": [ 0.0, 0.0, 3.0, 3.0 ] },
								"down": { "texture": "#material", "uv": [ 0.0, 0.0, 3.0, 3.0 ] }
							}
						}
					]
				}
			]
		}
	]}