{
	"editor": {
		"allAngles": false,
		"entityTextureMode": false
	},
	"textureWidth": 16,
	"textureHeight": 16,
	"textureSizes": {
	},
	"textures": {
	},
	"elements": [
		{
			"name": "Cube1",
			"from": [ 0.0, 0.0, 0.0 ], 
			"to": [ 16.0, 6.0, 16.0 ], 
			"faces": {
				"north": { "texture": "#material", "uv": [ 0.0, 0.0, 16.0, 6.0 ] },
				"east": { "texture": "#material", "uv": [ 0.0, 0.0, 16.0, 6.0 ] },
				"south": { "texture": "#material", "uv": [ 0.0, 0.0, 16.0, 6.0 ] },
				"west": { "texture": "#material", "uv": [ 0.0, 0.0, 16.0, 6.0 ] },
				"up": { "texture": "#material", "uv": [ 0.0, 0.0, 16.0, 16.0 ] },
				"down": { "texture": "#material", "uv": [ 0.0, 0.0, 16.0, 16.0 ] }
			},
			"children": [
				{
					"name": "Cube6",
					"from": [ 1.0, 5.0, 1.0 ], 
					"to": [ 4.0, 13.0, 4.0 ], 
					"rotationOrigin": [ 1.0, 5.0, 1.0 ],
					"faces": {
						"north": { "texture": "#material", "uv": [ 0.0, 0.0, 3.0, 8.0 ] },
						"east": { "texture": "#material", "uv": [ 0.0, 0.0, 3.0, 8.0 ] },
						"south": { "texture": "#material", "uv": [ 0.0, 0.0, 3.0, 8.0 ] },
						"west": { "texture": "#material", "uv": [ 0.0, 0.0, 3.0, 8.0 ] },
						"up": { "texture": "#material", "uv": [ 0.0, 0.0, 3.0, 3.0 ] },
						"down": { "texture": "#material", "uv": [ 0.0, 0.0, 3.0, 3.0 ] }
					},
					"children": [
						{
							"name": "Cube7",
							"from": [ 0.0, 0.0, 11.0 ], 
							"to": [ 3.0, 8.0, 14.0 ], 
							"rotationOrigin": [ 0.0, 0.0, 11.0 ],
							"faces": {
								"north": { "texture": "#material", "uv": [ 0.0, 0.0, 3.0, 8.0 ] },
								"east": { "texture": "#material", "uv": [ 0.0, 0.0, 3.0, 8.0 ] },
								"south": { "texture": "#material", "uv": [ 0.0, 0.0, 3.0, 8.0 ] },
								"west": { "texture": "#material", "uv": [ 0.0, 0.0, 3.0, 8.0 ] },
								"up": { "texture": "#material", "uv": [ 0.0, 0.0, 3.0, 3.0 ] },
								"down": { "texture": "#material", "uv": [ 0.0, 0.0, 3.0, 3.0 ] }
							}
						},
						{
							"name": "Cube8",
							"from": [ 11.0, 0.0, 0.0 ], 
							"to": [ 14.0, 8.0, 3.0 ], 
							"rotationOrigin": [ 11.0, 0.0, 0.0 ],
							"faces": {
								"north": { "texture": "#material", "uv": [ 0.0, 0.0, 3.0, 8.0 ] },
								"east": { "texture": "#material", "uv": [ 0.0, 0.0, 3.0, 8.0 ] },
								"south": { "texture": "#material", "uv": [ 0.0, 0.0, 3.0, 8.0 ] },
								"west": { "texture": "#material", "uv": [ 0.0, 0.0, 3.0, 8.0 ] },
								"up": { "texture": "#material", "uv": [ 0.0, 0.0, 3.0, 3.0 ] },
								"down": { "texture": "#material", "uv": [ 0.0, 0.0, 3.0, 3.0 ] }
							},
							"children": [
								{
									"name": "Cube9",
									"from": [ 0.0, 0.0, 11.0 ], 
									"to": [ 3.0, 8.0, 14.0 ], 
									"rotationOrigin": [ 0.0, 0.0, 11.0 ],
									"faces": {
										"north": { "texture": "#material", "uv": [ 0.0, 0.0, 3.0, 8.0 ] },
										"east": { "texture": "#material", "uv": [ 0.0, 0.0, 3.0, 8.0 ] },
										"south": { "texture": "#material", "uv": [ 0.0, 0.0, 3.0, 8.0 ] },
										"west": { "texture": "#material", "uv": [ 0.0, 0.0, 3.0, 8.0 ] },
										"up": { "texture": "#material", "uv": [ 0.0, 0.0, 3.0, 3.0 ] },
										"down": { "texture": "#material", "uv": [ 0.0, 0.0, 3.0, 3.0 ] }
									}
								}
							]
						}
					]
				},
				{
					"name": "Cube10",
					"from": [ 1.0, 13.0, 1.0 ], 
					"to": [ 15.0, 14.0, 15.0 ], 
					"rotationOrigin": [ 1.0, 13.0, 1.0 ],
					"faces": {
						"north": { "texture": "#material", "uv": [ 0.0, 0.0, 14.0, 1.0 ] },
						"east": { "texture": "#material", "uv": [ 0.0, 0.0, 14.0, 1.0 ] },
						"south": { "texture": "#material", "uv": [ 0.0, 0.0, 14.0, 1.0 ] },
						"west": { "texture": "#material", "uv": [ 0.0, 0.0, 14.0, 1.0 ] },
						"up": { "texture": "#material", "uv": [ 0.0, 0.0, 14.0, 14.0 ] },
						"down": { "texture": "#material", "uv": [ 0.0, 0.0, 14.0, 14.0 ] }
					}
				}
			]
		}
	]}