{
	"editor": {
		"allAngles": false,
		"entityTextureMode": false
	},
	"textureWidth": 16,
	"textureHeight": 16,
	"textureSizes": {
	},
	"textures": {
	},
	"elements": [
		{
			"name": "_origin",
			"from": [ 0.0, 6.0, 0.0 ],
			"to": [ 0.0, 6.0, 0.0 ],
			"rotationOrigin": [ 0.0, 6.0, 0.0 ],
			"faces": {
				"north": { "texture": "#default", "uv": [ 0.0, 0.0, 0.5, 0.5 ] },
				"east": { "texture": "#default", "uv": [ 0.0, 0.0, 0.5, 0.5 ] },
				"south": { "texture": "#default", "uv": [ 0.0, 0.0, 0.5, 0.5 ] },
				"west": { "texture": "#default", "uv": [ 0.0, 0.0, 0.5, 0.5 ] },
				"up": { "texture": "#default", "uv": [ 0.0, 0.0, 0.5, 0.5 ] },
				"down": { "texture": "#default", "uv": [ 0.0, 0.0, 0.5, 0.5 ] }
			},
			"children": [
				{
					"name": "base",
					"from": [ 0.01, 0.0, 0.01 ],
					"to": [ 15.99, 1.0, 16.0 ],
					"faces": {
						"north": { "texture": "#material1", "uv": [ 0.0, 0.0, 15.5, 1.0 ] },
						"east": { "texture": "#material1", "uv": [ 0.0, 0.0, 15.5, 1.0 ] },
						"south": { "texture": "#material1", "uv": [ 0.0, 0.0, 15.5, 1.0 ] },
						"west": { "texture": "#material1", "uv": [ 0.0, 0.0, 15.5, 1.0 ] },
						"up": { "texture": "#material1", "uv": [ 0.0, 0.0, 15.5, 15.5 ] },
						"down": { "texture": "#material1", "uv": [ 0.0, 0.0, 15.5, 15.5 ] }
					}
				},
				{
					"name": "_bottombar",
					"from": [ 0.0, -11.0, 0.0 ],
					"to": [ 0.0, -11.0, 0.0 ],
					"rotationOrigin": [ 8.0, -11.0, 8.0 ],
					"faces": {
						"north": { "texture": "#default", "uv": [ 0.0, 0.0, 0.5, 0.5 ] },
						"east": { "texture": "#default", "uv": [ 0.0, 0.0, 0.5, 0.5 ] },
						"south": { "texture": "#default", "uv": [ 0.0, 0.0, 0.5, 0.5 ] },
						"west": { "texture": "#default", "uv": [ 0.0, 0.0, 0.5, 0.5 ] },
						"up": { "texture": "#default", "uv": [ 0.0, 0.0, 0.5, 0.5 ] },
						"down": { "texture": "#default", "uv": [ 0.0, 0.0, 0.5, 0.5 ] }
					},
					"children": [
						{
							"name": "magicfrontbar-1",
							"from": [ 3.15, 11.55, 14.7 ],
							"to": [ 5.15, 12.55, 15.7 ],
							"rotationOrigin": [ 3.2, 12.25, 15.0 ],
							"rotationX": 45.0,
							"faces": {
								"north": { "texture": "#glowingslot1", "uv": [ 0.0, 0.0, 2.0, 1.0 ] },
								"east": { "texture": "#glowingslot1", "uv": [ 0.0, 0.0, 1.0, 1.0 ] },
								"south": { "texture": "#glowingslot1", "uv": [ 0.0, 0.0, 2.0, 1.0 ] },
								"west": { "texture": "#glowingslot1", "uv": [ 0.0, 0.0, 1.0, 1.0 ] },
								"up": { "texture": "#glowingslot1", "uv": [ 0.0, 0.0, 2.0, 1.0 ] },
								"down": { "texture": "#glowingslot1", "uv": [ 0.0, 0.0, 2.0, 1.0 ] }
							},
							"children": [
								{
									"name": "magicfrontbar-2",
									"from": [ 2.0, 0.0, 0.0 ],
									"to": [ 4.0, 1.0, 1.0 ],
									"rotationOrigin": [ 2.05, 0.7, 0.3 ],
									"faces": {
										"north": { "texture": "#glowingslot2", "uv": [ 0.0, 0.0, 2.0, 1.0 ] },
										"east": { "texture": "#glowingslot2", "uv": [ 0.0, 0.0, 1.0, 1.0 ] },
										"south": { "texture": "#glowingslot2", "uv": [ 0.0, 0.0, 2.0, 1.0 ] },
										"west": { "texture": "#glowingslot2", "uv": [ 0.0, 0.0, 1.0, 1.0 ] },
										"up": { "texture": "#glowingslot2", "uv": [ 0.0, 0.0, 2.0, 1.0 ] },
										"down": { "texture": "#glowingslot2", "uv": [ 0.0, 0.0, 2.0, 1.0 ] }
									},
									"children": [
										{
											"name": "magicfrontbar-3",
											"from": [ 2.0, 0.0, 0.0 ],
											"to": [ 4.0, 1.0, 1.0 ],
											"rotationOrigin": [ 2.05, 0.7, 0.3 ],
											"faces": {
												"north": { "texture": "#glowingslot3", "uv": [ 0.0, 0.0, 2.0, 1.0 ] },
												"east": { "texture": "#glowingslot3", "uv": [ 0.0, 0.0, 1.0, 1.0 ] },
												"south": { "texture": "#glowingslot3", "uv": [ 0.0, 0.0, 2.0, 1.0 ] },
												"west": { "texture": "#glowingslot3", "uv": [ 0.0, 0.0, 1.0, 1.0 ] },
												"up": { "texture": "#glowingslot3", "uv": [ 0.0, 0.0, 2.0, 1.0 ] },
												"down": { "texture": "#glowingslot3", "uv": [ 0.0, 0.0, 2.0, 1.0 ] }
											},
											"children": [
												{
													"name": "magicfrontbar-4",
													"from": [ 2.0, 0.0, 0.0 ],
													"to": [ 4.0, 1.0, 1.0 ],
													"rotationOrigin": [ 2.05, 0.7, 0.3 ],
													"faces": {
														"north": { "texture": "#glowingslot4", "uv": [ 0.0, 0.0, 2.0, 1.0 ] },
														"east": { "texture": "#glowingslot4", "uv": [ 0.0, 0.0, 1.0, 1.0 ] },
														"south": { "texture": "#glowingslot4", "uv": [ 0.0, 0.0, 2.0, 1.0 ] },
														"west": { "texture": "#glowingslot4", "uv": [ 0.0, 0.0, 1.0, 1.0 ] },
														"up": { "texture": "#glowingslot4", "uv": [ 0.0, 0.0, 2.0, 1.0 ] },
														"down": { "texture": "#glowingslot4", "uv": [ 0.0, 0.0, 2.0, 1.0 ] }
													},
													"children": [
														{
															"name": "magicfrontbar-5",
															"from": [ 2.0, 0.0, 0.0 ],
															"to": [ 4.0, 1.0, 1.0 ],
															"rotationOrigin": [ 2.05, 0.7, 0.3 ],
															"faces": {
																"north": { "texture": "#glowingslot5", "uv": [ 0.0, 0.0, 2.0, 1.0 ] },
																"east": { "texture": "#glowingslot5", "uv": [ 0.0, 0.0, 1.0, 1.0 ] },
																"south": { "texture": "#glowingslot5", "uv": [ 0.0, 0.0, 2.0, 1.0 ] },
																"west": { "texture": "#glowingslot5", "uv": [ 0.0, 0.0, 1.0, 1.0 ] },
																"up": { "texture": "#glowingslot5", "uv": [ 0.0, 0.0, 2.0, 1.0 ] },
																"down": { "texture": "#glowingslot5", "uv": [ 0.0, 0.0, 2.0, 1.0 ] }
															}
														}
													]
												}
											]
										}
									]
								}
							]
						},
						{
							"name": "barbrace-3",
							"from": [ 16.0, 12.0, 16.0 ],
							"to": [ 18.8, 12.25, 20.0 ],
							"rotationOrigin": [ 16.0, 12.0, 16.0 ],
							"rotationX": -180.0,
							"rotationZ": -180.0,
							"faces": {
								"north": { "texture": "#material1", "uv": [ 0.0, 0.0, 2.5, 0.5 ] },
								"east": { "texture": "#material1", "uv": [ 0.0, 0.0, 4.0, 0.5 ] },
								"south": { "texture": "#material1", "uv": [ 0.0, 0.0, 2.5, 0.5 ] },
								"west": { "texture": "#material1", "uv": [ 0.0, 0.0, 4.0, 0.5 ] },
								"up": { "texture": "#material1", "uv": [ 0.0, 0.0, 2.5, 4.0 ] },
								"down": { "texture": "#material1", "uv": [ 0.0, 0.0, 2.5, 4.0 ] }
							},
							"children": [
								{
									"name": "baranchor-3",
									"from": [ 0.0, 0.25, 0.0 ],
									"to": [ 0.75, 1.1, 4.0 ],
									"rotationOrigin": [ 0.6, 0.2, 0.5 ],
									"faces": {
										"north": { "texture": "#material1", "uv": [ 0.0, 0.0, 0.5, 0.5 ] },
										"east": { "texture": "#material1", "uv": [ 0.0, 0.0, 4.0, 0.5 ] },
										"south": { "texture": "#material1", "uv": [ 0.0, 0.0, 0.5, 0.5 ] },
										"west": { "texture": "#material1", "uv": [ 0.0, 0.0, 4.0, 0.5 ] },
										"up": { "texture": "#material1", "uv": [ 0.0, 0.0, 0.5, 4.0 ] },
										"down": { "texture": "#material1", "uv": [ 0.0, 0.0, 0.5, 4.0 ] }
									}
								},
								{
									"name": "baranchor-74",
									"from": [ 2.05, 0.25, 0.0 ],
									"to": [ 2.8, 1.1, 4.0 ],
									"rotationOrigin": [ 1.6, 0.0, 0.5 ],
									"faces": {
										"north": { "texture": "#material1", "uv": [ 0.0, 0.0, 0.5, 0.5 ] },
										"east": { "texture": "#material1", "uv": [ 0.0, 0.0, 4.0, 0.5 ] },
										"south": { "texture": "#material1", "uv": [ 0.0, 0.0, 0.5, 0.5 ] },
										"west": { "texture": "#material1", "uv": [ 0.0, 0.0, 4.0, 0.5 ] },
										"up": { "texture": "#material1", "uv": [ 0.0, 0.0, 0.5, 4.0 ] },
										"down": { "texture": "#material1", "uv": [ 0.0, 0.0, 0.5, 4.0 ] }
									}
								}
							]
						},
						{
							"name": "barbrace-4",
							"from": [ 2.99, 12.0, 16.0 ],
							"to": [ 5.99, 12.25, 20.0 ],
							"rotationOrigin": [ 3.0, 12.0, 16.0 ],
							"rotationX": -180.0,
							"rotationZ": -180.0,
							"faces": {
								"north": { "texture": "#material1", "uv": [ 0.0, 0.0, 3.0, 0.5 ] },
								"east": { "texture": "#material1", "uv": [ 0.0, 0.0, 4.0, 0.5 ] },
								"south": { "texture": "#material1", "uv": [ 0.0, 0.0, 3.0, 0.5 ] },
								"west": { "texture": "#material1", "uv": [ 0.0, 0.0, 4.0, 0.5 ] },
								"up": { "texture": "#material1", "uv": [ 0.0, 0.0, 3.0, 4.0 ] },
								"down": { "texture": "#material1", "uv": [ 0.0, 0.0, 3.0, 4.0 ] }
							}
						},
						{
							"name": "manastonebar-49",
							"from": [ 1.0, 11.55, 8.7 ],
							"to": [ 15.0, 12.55, 9.7 ],
							"rotationOrigin": [ 1.0, 12.25, 9.0 ],
							"rotationX": 45.0,
							"faces": {
								"north": { "texture": "#material1", "uv": [ 0.0, 0.0, 14.0, 1.0 ] },
								"east": { "texture": "#material1", "uv": [ 0.0, 0.0, 1.0, 1.0 ] },
								"south": { "texture": "#material1", "uv": [ 0.0, 0.0, 14.0, 1.0 ] },
								"west": { "texture": "#material1", "uv": [ 0.0, 0.0, 1.0, 1.0 ] },
								"up": { "texture": "#material1", "uv": [ 0.0, 0.0, 14.0, 1.0 ] },
								"down": { "texture": "#material1", "uv": [ 0.0, 0.0, 14.0, 1.0 ] }
							}
						},
						{
							"name": "manastonebar-50",
							"from": [ 15.0, 18.55, 0.5 ],
							"to": [ 25.5, 19.55, 1.5 ],
							"rotationOrigin": [ 15.0, 19.25, 0.8 ],
							"rotationX": 90.0,
							"rotationY": -45.0,
							"rotationZ": 90.0,
							"faces": {
								"north": { "texture": "#manastone", "uv": [ 0.0, 0.0, 10.5, 1.0 ] },
								"east": { "texture": "#manastone", "uv": [ 0.0, 0.0, 1.0, 1.0 ] },
								"south": { "texture": "#manastone", "uv": [ 0.0, 0.0, 10.5, 1.0 ] },
								"west": { "texture": "#manastone", "uv": [ 0.0, 0.0, 1.0, 1.0 ] },
								"up": { "texture": "#manastone", "uv": [ 0.0, 0.0, 10.5, 1.0 ] },
								"down": { "texture": "#manastone", "uv": [ 0.0, 0.0, 10.5, 1.0 ] }
							}
						},
						{
							"name": "manastonebar-51",
							"from": [ 1.0, 18.55, 0.5 ],
							"to": [ 11.5, 19.55, 1.5 ],
							"rotationOrigin": [ 1.0, 19.25, 0.8 ],
							"rotationX": 90.0,
							"rotationY": -45.0,
							"rotationZ": 90.0,
							"faces": {
								"north": { "texture": "#manastone", "uv": [ 0.0, 0.0, 10.5, 1.0 ] },
								"east": { "texture": "#manastone", "uv": [ 0.0, 0.0, 1.0, 1.0 ] },
								"south": { "texture": "#manastone", "uv": [ 0.0, 0.0, 10.5, 1.0 ] },
								"west": { "texture": "#manastone", "uv": [ 0.0, 0.0, 1.0, 1.0 ] },
								"up": { "texture": "#manastone", "uv": [ 0.0, 0.0, 10.5, 1.0 ] },
								"down": { "texture": "#manastone", "uv": [ 0.0, 0.0, 10.5, 1.0 ] }
							}
						},
						{
							"name": "barbrace-53",
							"from": [ 16.0, 19.0, 12.0 ],
							"to": [ 18.0, 19.25, 14.0 ],
							"rotationOrigin": [ 16.0, 19.0, 12.0 ],
							"rotationX": -180.0,
							"rotationZ": -180.0,
							"faces": {
								"north": { "texture": "#material1", "uv": [ 0.0, 0.0, 2.0, 0.5 ] },
								"east": { "texture": "#material1", "uv": [ 0.0, 0.0, 2.0, 0.5 ] },
								"south": { "texture": "#material1", "uv": [ 0.0, 0.0, 2.0, 0.5 ] },
								"west": { "texture": "#material1", "uv": [ 0.0, 0.0, 2.0, 0.5 ] },
								"up": { "texture": "#material1", "uv": [ 0.0, 0.0, 2.0, 2.0 ] },
								"down": { "texture": "#material1", "uv": [ 0.0, 0.0, 2.0, 2.0 ] }
							},
							"children": [
								{
									"name": "baranchor-54",
									"from": [ 0.5, 0.0, 0.5 ],
									"to": [ 1.5, 0.85, 1.5 ],
									"rotationOrigin": [ 1.0, 0.0, 1.0 ],
									"faces": {
										"north": { "texture": "#material1", "uv": [ 0.0, 0.0, 1.0, 0.5 ] },
										"east": { "texture": "#material1", "uv": [ 0.0, 0.0, 1.0, 0.5 ] },
										"south": { "texture": "#material1", "uv": [ 0.0, 0.0, 1.0, 0.5 ] },
										"west": { "texture": "#material1", "uv": [ 0.0, 0.0, 1.0, 0.5 ] },
										"up": { "texture": "#material1", "uv": [ 0.0, 0.0, 1.0, 1.0 ] },
										"down": { "texture": "#material1", "uv": [ 0.0, 0.0, 1.0, 1.0 ] }
									}
								}
							]
						},
						{
							"name": "barbrace-54",
							"from": [ 16.0, 19.0, 2.0 ],
							"to": [ 18.0, 19.25, 4.0 ],
							"rotationOrigin": [ 16.0, 19.0, 2.0 ],
							"rotationX": -180.0,
							"rotationZ": -180.0,
							"faces": {
								"north": { "texture": "#material1", "uv": [ 0.0, 0.0, 2.0, 0.5 ] },
								"east": { "texture": "#material1", "uv": [ 0.0, 0.0, 2.0, 0.5 ] },
								"south": { "texture": "#material1", "uv": [ 0.0, 0.0, 2.0, 0.5 ] },
								"west": { "texture": "#material1", "uv": [ 0.0, 0.0, 2.0, 0.5 ] },
								"up": { "texture": "#material1", "uv": [ 0.0, 0.0, 2.0, 2.0 ] },
								"down": { "texture": "#material1", "uv": [ 0.0, 0.0, 2.0, 2.0 ] }
							},
							"children": [
								{
									"name": "baranchor-55",
									"from": [ 0.5, 0.0, 0.5 ],
									"to": [ 1.5, 0.85, 1.5 ],
									"rotationOrigin": [ 1.0, 0.0, 1.0 ],
									"faces": {
										"north": { "texture": "#material1", "uv": [ 0.0, 0.0, 1.0, 0.5 ] },
										"east": { "texture": "#material1", "uv": [ 0.0, 0.0, 1.0, 0.5 ] },
										"south": { "texture": "#material1", "uv": [ 0.0, 0.0, 1.0, 0.5 ] },
										"west": { "texture": "#material1", "uv": [ 0.0, 0.0, 1.0, 0.5 ] },
										"up": { "texture": "#material1", "uv": [ 0.0, 0.0, 1.0, 1.0 ] },
										"down": { "texture": "#material1", "uv": [ 0.0, 0.0, 1.0, 1.0 ] }
									}
								}
							]
						},
						{
							"name": "barbrace-56",
							"from": [ 2.0, 19.0, 2.0 ],
							"to": [ 4.0, 19.25, 4.0 ],
							"rotationOrigin": [ 2.0, 19.0, 2.0 ],
							"rotationX": -180.0,
							"rotationZ": -180.0,
							"faces": {
								"north": { "texture": "#material1", "uv": [ 0.0, 0.0, 2.0, 0.5 ] },
								"east": { "texture": "#material1", "uv": [ 0.0, 0.0, 2.0, 0.5 ] },
								"south": { "texture": "#material1", "uv": [ 0.0, 0.0, 2.0, 0.5 ] },
								"west": { "texture": "#material1", "uv": [ 0.0, 0.0, 2.0, 0.5 ] },
								"up": { "texture": "#material1", "uv": [ 0.0, 0.0, 2.0, 2.0 ] },
								"down": { "texture": "#material1", "uv": [ 0.0, 0.0, 2.0, 2.0 ] }
							},
							"children": [
								{
									"name": "baranchor-57",
									"from": [ 0.5, 0.0, 0.5 ],
									"to": [ 1.5, 0.85, 1.5 ],
									"rotationOrigin": [ 1.0, 0.0, 1.0 ],
									"faces": {
										"north": { "texture": "#material1", "uv": [ 0.0, 0.0, 1.0, 0.5 ] },
										"east": { "texture": "#material1", "uv": [ 0.0, 0.0, 1.0, 0.5 ] },
										"south": { "texture": "#material1", "uv": [ 0.0, 0.0, 1.0, 0.5 ] },
										"west": { "texture": "#material1", "uv": [ 0.0, 0.0, 1.0, 0.5 ] },
										"up": { "texture": "#material1", "uv": [ 0.0, 0.0, 1.0, 1.0 ] },
										"down": { "texture": "#material1", "uv": [ 0.0, 0.0, 1.0, 1.0 ] }
									}
								}
							]
						},
						{
							"name": "barbrace-58",
							"from": [ 2.0, 19.0, 12.0 ],
							"to": [ 4.0, 19.25, 14.0 ],
							"rotationOrigin": [ 2.0, 19.0, 12.0 ],
							"rotationX": -180.0,
							"rotationZ": -180.0,
							"faces": {
								"north": { "texture": "#material1", "uv": [ 0.0, 0.0, 2.0, 0.5 ] },
								"east": { "texture": "#material1", "uv": [ 0.0, 0.0, 2.0, 0.5 ] },
								"south": { "texture": "#material1", "uv": [ 0.0, 0.0, 2.0, 0.5 ] },
								"west": { "texture": "#material1", "uv": [ 0.0, 0.0, 2.0, 0.5 ] },
								"up": { "texture": "#material1", "uv": [ 0.0, 0.0, 2.0, 2.0 ] },
								"down": { "texture": "#material1", "uv": [ 0.0, 0.0, 2.0, 2.0 ] }
							},
							"children": [
								{
									"name": "baranchor-59",
									"from": [ 0.5, 0.0, 0.5 ],
									"to": [ 1.5, 0.85, 1.5 ],
									"rotationOrigin": [ 1.0, 0.0, 1.0 ],
									"faces": {
										"north": { "texture": "#material1", "uv": [ 0.0, 0.0, 1.0, 0.5 ] },
										"east": { "texture": "#material1", "uv": [ 0.0, 0.0, 1.0, 0.5 ] },
										"south": { "texture": "#material1", "uv": [ 0.0, 0.0, 1.0, 0.5 ] },
										"west": { "texture": "#material1", "uv": [ 0.0, 0.0, 1.0, 0.5 ] },
										"up": { "texture": "#material1", "uv": [ 0.0, 0.0, 1.0, 1.0 ] },
										"down": { "texture": "#material1", "uv": [ 0.0, 0.0, 1.0, 1.0 ] }
									}
								}
							]
						},
						{
							"name": "Cube1",
							"from": [ 2.94, 11.5, 15.0 ],
							"to": [ 5.24, 12.5, 21.0 ],
							"rotationOrigin": [ 2.92, 11.5, 15.0 ],
							"rotationX": 180.0,
							"rotationZ": 180.0,
							"faces": {
								"north": { "texture": "#material-rim1", "uv": [ 0.0, 0.0, 2.0, 1.0 ] },
								"east": { "texture": "#material-rim1", "uv": [ 0.0, 0.0, 6.0, 1.0 ] },
								"south": { "texture": "#material-rim1", "uv": [ 0.0, 0.0, 2.0, 1.0 ] },
								"west": { "texture": "#material-rim1", "uv": [ 0.0, 0.0, 6.0, 1.0 ] },
								"up": { "texture": "#material-rim1", "uv": [ 0.0, 0.0, 2.0, 6.0 ] },
								"down": { "texture": "#material-rim1", "uv": [ 0.0, 0.0, 2.0, 6.0 ] }
							}
						},
						{
							"name": "Cube73",
							"from": [ 15.62, 11.5, 15.0 ],
							"to": [ 17.92, 12.5, 21.0 ],
							"rotationOrigin": [ 15.62, 11.5, 15.0 ],
							"rotationX": 180.0,
							"rotationZ": 180.0,
							"faces": {
								"north": { "texture": "#material-rim1", "uv": [ 0.0, 0.0, 2.0, 1.0 ] },
								"east": { "texture": "#material-rim1", "uv": [ 0.0, 0.0, 6.0, 1.0 ] },
								"south": { "texture": "#material-rim1", "uv": [ 0.0, 0.0, 2.0, 1.0 ] },
								"west": { "texture": "#material-rim1", "uv": [ 0.0, 0.0, 6.0, 1.0 ] },
								"up": { "texture": "#material-rim1", "uv": [ 0.0, 0.0, 2.0, 6.0 ] },
								"down": { "texture": "#material-rim1", "uv": [ 0.0, 0.0, 2.0, 6.0 ] }
							}
						},
						{
							"name": "baranchor-4",
							"from": [ 0.06, 12.25, 15.0 ],
							"to": [ 0.81, 13.1, 19.0 ],
							"rotationOrigin": [ 0.41, 12.2, 15.5 ],
							"rotationX": 180.0,
							"rotationZ": 180.0,
							"faces": {
								"north": { "texture": "#material1", "uv": [ 0.0, 0.0, 0.5, 0.5 ] },
								"east": { "texture": "#material1", "uv": [ 0.0, 0.0, 4.0, 0.5 ] },
								"south": { "texture": "#material1", "uv": [ 0.0, 0.0, 0.5, 0.5 ] },
								"west": { "texture": "#material1", "uv": [ 0.0, 0.0, 4.0, 0.5 ] },
								"up": { "texture": "#material1", "uv": [ 0.0, 0.0, 0.5, 4.0 ] },
								"down": { "texture": "#material1", "uv": [ 0.0, 0.0, 0.5, 4.0 ] }
							}
						},
						{
							"name": "baranchor-75",
							"from": [ 2.21, 12.25, 15.0 ],
							"to": [ 2.96, 13.1, 19.0 ],
							"rotationOrigin": [ 2.61, 12.2, 15.5 ],
							"rotationX": 180.0,
							"rotationZ": 180.0,
							"faces": {
								"north": { "texture": "#material1", "uv": [ 0.0, 0.0, 0.5, 0.5 ] },
								"east": { "texture": "#material1", "uv": [ 0.0, 0.0, 4.0, 0.5 ] },
								"south": { "texture": "#material1", "uv": [ 0.0, 0.0, 0.5, 0.5 ] },
								"west": { "texture": "#material1", "uv": [ 0.0, 0.0, 4.0, 0.5 ] },
								"up": { "texture": "#material1", "uv": [ 0.0, 0.0, 0.5, 4.0 ] },
								"down": { "texture": "#material1", "uv": [ 0.0, 0.0, 0.5, 4.0 ] }
							}
						},
						{
							"name": "manastonebar-10",
							"from": [ 0.75, 11.85, 14.7 ],
							"to": [ 2.45, 12.85, 15.9 ],
							"rotationOrigin": [ 0.8, 12.55, 15.0 ],
							"rotationX": 45.0,
							"faces": {
								"north": { "texture": "#manastone", "uv": [ 0.0, 0.0, 1.5, 1.0 ] },
								"east": { "texture": "#manastone", "uv": [ 0.0, 0.0, 1.0, 1.0 ] },
								"south": { "texture": "#manastone", "uv": [ 0.0, 0.0, 1.5, 1.0 ] },
								"west": { "texture": "#manastone", "uv": [ 0.0, 0.0, 1.0, 1.0 ] },
								"up": { "texture": "#manastone", "uv": [ 0.0, 0.0, 1.5, 1.0 ] },
								"down": { "texture": "#manastone", "uv": [ 0.0, 0.0, 1.5, 1.0 ] }
							}
						},
						{
							"name": "manastonebar-11",
							"from": [ 13.75, 11.85, 14.7 ],
							"to": [ 15.45, 12.85, 15.9 ],
							"rotationOrigin": [ 13.8, 12.55, 15.0 ],
							"rotationX": 45.0,
							"faces": {
								"north": { "texture": "#manastone", "uv": [ 0.0, 0.0, 1.5, 1.0 ] },
								"east": { "texture": "#manastone", "uv": [ 0.0, 0.0, 1.0, 1.0 ] },
								"south": { "texture": "#manastone", "uv": [ 0.0, 0.0, 1.5, 1.0 ] },
								"west": { "texture": "#manastone", "uv": [ 0.0, 0.0, 1.0, 1.0 ] },
								"up": { "texture": "#manastone", "uv": [ 0.0, 0.0, 1.5, 1.0 ] },
								"down": { "texture": "#manastone", "uv": [ 0.0, 0.0, 1.5, 1.0 ] }
							}
						},
						{
							"name": "manastonebar-4",
							"from": [ 2.95, 11.55, 14.5586 ],
							"to": [ 3.35, 12.75, 15.7586 ],
							"rotationOrigin": [ 3.0, 12.25, 14.8586 ],
							"rotationX": 45.0,
							"faces": {
								"north": { "texture": "#material1", "uv": [ 0.0, 0.0, 0.5, 1.0 ] },
								"east": { "texture": "#material1", "uv": [ 0.0, 0.0, 1.0, 1.0 ] },
								"south": { "texture": "#material1", "uv": [ 0.0, 0.0, 0.5, 1.0 ] },
								"west": { "texture": "#material1", "uv": [ 0.0, 0.0, 1.0, 1.0 ] },
								"up": { "texture": "#material1", "uv": [ 0.0, 0.0, 0.5, 1.0 ] },
								"down": { "texture": "#material1", "uv": [ 0.0, 0.0, 0.5, 1.0 ] }
							},
							"children": [
								{
									"name": "manastonebar-5",
									"from": [ 2.0, 0.0, 0.0 ],
									"to": [ 2.4, 1.2, 1.2 ],
									"rotationOrigin": [ 2.05, 0.7, 0.3 ],
									"faces": {
										"north": { "texture": "#material1", "uv": [ 0.0, 0.0, 0.5, 1.0 ] },
										"east": { "texture": "#material1", "uv": [ 0.0, 0.0, 1.0, 1.0 ] },
										"south": { "texture": "#material1", "uv": [ 0.0, 0.0, 0.5, 1.0 ] },
										"west": { "texture": "#material1", "uv": [ 0.0, 0.0, 1.0, 1.0 ] },
										"up": { "texture": "#material1", "uv": [ 0.0, 0.0, 0.5, 1.0 ] },
										"down": { "texture": "#material1", "uv": [ 0.0, 0.0, 0.5, 1.0 ] }
									},
									"children": [
										{
											"name": "manastonebar-6",
											"from": [ 2.0, 0.0, 0.0 ],
											"to": [ 2.4, 1.2, 1.2 ],
											"rotationOrigin": [ 2.05, 0.7, 0.3 ],
											"faces": {
												"north": { "texture": "#material1", "uv": [ 0.0, 0.0, 0.5, 1.0 ] },
												"east": { "texture": "#material1", "uv": [ 0.0, 0.0, 1.0, 1.0 ] },
												"south": { "texture": "#material1", "uv": [ 0.0, 0.0, 0.5, 1.0 ] },
												"west": { "texture": "#material1", "uv": [ 0.0, 0.0, 1.0, 1.0 ] },
												"up": { "texture": "#material1", "uv": [ 0.0, 0.0, 0.5, 1.0 ] },
												"down": { "texture": "#material1", "uv": [ 0.0, 0.0, 0.5, 1.0 ] }
											},
											"children": [
												{
													"name": "manastonebar-7",
													"from": [ 2.0, 0.0, 0.0 ],
													"to": [ 2.4, 1.2, 1.2 ],
													"rotationOrigin": [ 2.05, 0.7, 0.3 ],
													"faces": {
														"north": { "texture": "#material1", "uv": [ 0.0, 0.0, 0.5, 1.0 ] },
														"east": { "texture": "#material1", "uv": [ 0.0, 0.0, 1.0, 1.0 ] },
														"south": { "texture": "#material1", "uv": [ 0.0, 0.0, 0.5, 1.0 ] },
														"west": { "texture": "#material1", "uv": [ 0.0, 0.0, 1.0, 1.0 ] },
														"up": { "texture": "#material1", "uv": [ 0.0, 0.0, 0.5, 1.0 ] },
														"down": { "texture": "#material1", "uv": [ 0.0, 0.0, 0.5, 1.0 ] }
													},
													"children": [
														{
															"name": "manastonebar-8",
															"from": [ 2.0, 0.0, 0.0 ],
															"to": [ 2.4, 1.2, 1.2 ],
															"rotationOrigin": [ 2.05, 0.7, 0.3 ],
															"faces": {
																"north": { "texture": "#material1", "uv": [ 0.0, 0.0, 0.5, 1.0 ] },
																"east": { "texture": "#material1", "uv": [ 0.0, 0.0, 1.0, 1.0 ] },
																"south": { "texture": "#material1", "uv": [ 0.0, 0.0, 0.5, 1.0 ] },
																"west": { "texture": "#material1", "uv": [ 0.0, 0.0, 1.0, 1.0 ] },
																"up": { "texture": "#material1", "uv": [ 0.0, 0.0, 0.5, 1.0 ] },
																"down": { "texture": "#material1", "uv": [ 0.0, 0.0, 0.5, 1.0 ] }
															},
															"children": [
																{
																	"name": "manastonebar-9",
																	"from": [ 2.0, 0.0, 0.0 ],
																	"to": [ 2.4, 1.2, 1.2 ],
																	"rotationOrigin": [ 2.05, 0.7, 0.3 ],
																	"faces": {
																		"north": { "texture": "#material1", "uv": [ 0.0, 0.0, 0.5, 1.0 ] },
																		"east": { "texture": "#material1", "uv": [ 0.0, 0.0, 1.0, 1.0 ] },
																		"south": { "texture": "#material1", "uv": [ 0.0, 0.0, 0.5, 1.0 ] },
																		"west": { "texture": "#material1", "uv": [ 0.0, 0.0, 1.0, 1.0 ] },
																		"up": { "texture": "#material1", "uv": [ 0.0, 0.0, 0.5, 1.0 ] },
																		"down": { "texture": "#material1", "uv": [ 0.0, 0.0, 0.5, 1.0 ] }
																	}
																}
															]
														}
													]
												}
											]
										}
									]
								}
							]
						},
						{
							"name": "manastonebar-12",
							"from": [ 0.75, 11.59, 11.84 ],
							"to": [ 2.45, 15.59, 13.04 ],
							"rotationOrigin": [ 0.8, 12.6914, 12.1414 ],
							"rotationX": 90.0,
							"faces": {
								"north": { "texture": "#manastone", "uv": [ 0.0, 0.0, 1.5, 4.0 ] },
								"east": { "texture": "#manastone", "uv": [ 0.0, 0.0, 1.0, 4.0 ] },
								"south": { "texture": "#manastone", "uv": [ 0.0, 0.0, 1.5, 4.0 ] },
								"west": { "texture": "#manastone", "uv": [ 0.0, 0.0, 1.0, 4.0 ] },
								"up": { "texture": "#manastone", "uv": [ 0.0, 0.0, 1.5, 1.0 ] },
								"down": { "texture": "#manastone", "uv": [ 0.0, 0.0, 1.5, 1.0 ] }
							}
						},
						{
							"name": "manastonebar-13",
							"from": [ 13.75, 11.59, 11.84 ],
							"to": [ 15.45, 15.59, 13.04 ],
							"rotationOrigin": [ 13.8, 12.6914, 12.1414 ],
							"rotationX": 90.0,
							"faces": {
								"north": { "texture": "#manastone", "uv": [ 0.0, 0.0, 1.5, 4.0 ] },
								"east": { "texture": "#manastone", "uv": [ 0.0, 0.0, 1.0, 4.0 ] },
								"south": { "texture": "#manastone", "uv": [ 0.0, 0.0, 1.5, 4.0 ] },
								"west": { "texture": "#manastone", "uv": [ 0.0, 0.0, 1.0, 4.0 ] },
								"up": { "texture": "#manastone", "uv": [ 0.0, 0.0, 1.5, 1.0 ] },
								"down": { "texture": "#manastone", "uv": [ 0.0, 0.0, 1.5, 1.0 ] }
							}
						}
					]
				},
				{
					"name": "origin shelf",
					"from": [ 8.0, 0.0, 8.0 ],
					"to": [ 8.0, 0.0, 8.0 ],
					"rotationOrigin": [ 8.0, 0.0, 8.0 ],
					"faces": {
					},
					"children": [
						{
							"name": "top",
							"from": [ -7.0, 7.4, -7.5 ],
							"to": [ 7.0, 8.0, 4.0 ],
							"rotationOrigin": [ 1.0, 7.4, -0.5 ],
							"faces": {
								"south": { "texture": "#material-rim1", "uv": [ 1.0, 1.5, 15.0, 2.0 ] },
								"up": { "texture": "#material-rim1", "uv": [ 1.0, 2.5, 15.0, 14.0 ] },
								"down": { "texture": "#material-rim1", "uv": [ 1.0, 1.5, 15.0, 13.0 ] }
							}
						},
						{
							"name": "E",
							"from": [ 7.0, 0.0, -8.0 ],
							"to": [ 8.0, 8.0, 4.0 ],
							"rotationOrigin": [ 7.0, 0.0, -8.0 ],
							"faces": {
								"north": { "texture": "#material-rim2", "uv": [ 0.0, 0.0, 1.0, 8.0 ], "windData": [0,1,1,0] },
								"east": { "texture": "#material-rim1", "uv": [ 2.5, 2.0, 10.5, 14.0 ], "rotation": 90 },
								"south": { "texture": "#material-rim1", "uv": [ 0.0, 1.5, 8.0, 2.5 ], "rotation": 90 },
								"west": { "texture": "#material-rim1", "uv": [ 3.5, 1.5, 11.5, 13.5 ], "rotation": 90 },
								"up": { "texture": "#material-rim1", "uv": [ 15.0, 0.0, 16.0, 12.0 ] },
								"down": { "texture": "#material-rim1", "uv": [ 1.5, 1.5, 2.5, 13.5 ] }
							},
							"children": [
								{
									"name": "deco 97",
									"from": [ -0.01, 0.5, 11.0 ],
									"to": [ 1.1, 6.9, 12.1 ],
									"rotationOrigin": [ 0.0, 0.5, 11.0 ],
									"faces": {
										"north": { "texture": "#lead", "uv": [ 13.5, 0.0, 14.5, 6.0 ] },
										"east": { "texture": "#lead", "uv": [ 6.0, 0.0, 7.0, 6.0 ] },
										"south": { "texture": "#lead", "uv": [ 6.0, 0.0, 7.0, 6.0 ] },
										"west": { "texture": "#lead", "uv": [ 9.5, 0.0, 10.5, 6.0 ] },
										"up": { "texture": "#lead", "uv": [ 15.0, 9.5, 16.0, 10.5 ] },
										"down": { "texture": "#lead", "uv": [ 4.0, 3.0, 5.0, 4.0 ] }
									}
								},
								{
									"name": "deco 98",
									"from": [ 0.5, -0.6, -0.1 ],
									"to": [ 1.1, 0.5, 0.5 ],
									"rotationOrigin": [ 0.5, -0.6, -0.1 ],
									"faces": {
										"north": { "texture": "#lead", "uv": [ 12.5, 0.0, 13.0, 1.0 ] },
										"east": { "texture": "#lead", "uv": [ 1.5, 0.0, 2.0, 1.0 ] },
										"south": { "texture": "#lead", "uv": [ 12.5, 0.0, 13.0, 1.0 ] },
										"west": { "texture": "#lead", "uv": [ 5.5, 0.0, 6.0, 1.0 ] },
										"up": { "texture": "#lead", "uv": [ 7.0, 13.5, 7.5, 14.0 ] },
										"down": { "texture": "#lead", "uv": [ 8.5, 10.0, 9.0, 10.5 ] }
									}
								},
								{
									"name": "deco 99",
									"from": [ 0.5, -0.6, 0.5 ],
									"to": [ 1.1, 0.5, 16.1 ],
									"rotationOrigin": [ 0.5, -0.6, 0.5 ],
									"faces": {
										"east": { "texture": "#lead", "uv": [ 0.0, 1.5, 15.5, 2.5 ] },
										"south": { "texture": "#lead", "uv": [ 8.0, 0.0, 8.5, 1.0 ], "windMode": [-1,-1,-1,-1] },
										"west": { "texture": "#lead", "uv": [ 0.5, 10.0, 16.0, 11.0 ] },
										"up": { "texture": "#lead", "uv": [ 7.0, 0.0, 7.5, 15.5 ] },
										"down": { "texture": "#lead", "uv": [ 5.0, 0.0, 5.5, 15.5 ] }
									}
								},
								{
									"name": "deco 100",
									"from": [ -0.98, 7.9, 0.5 ],
									"to": [ 0.1, 8.1, 11.5 ],
									"rotationOrigin": [ -1.0, 7.9, 0.5 ],
									"faces": {
										"east": { "texture": "#lead", "uv": [ 2.5, 7.0, 13.5, 7.5 ] },
										"west": { "texture": "#lead", "uv": [ 1.5, 9.5, 12.5, 10.0 ] },
										"up": { "texture": "#lead", "uv": [ 7.5, 3.0, 8.5, 14.0 ] },
										"down": { "texture": "#lead", "uv": [ 2.0, 0.5, 3.0, 11.5 ] }
									}
								},
								{
									"name": "diagonal deco 4",
									"from": [ -0.2, 0.8, 1.05 ],
									"to": [ 0.2, 1.2, 8.05 ],
									"rotationOrigin": [ 0.0, 1.0, 8.1 ],
									"rotationZ": 45.0,
									"faces": {
										"north": { "texture": "#lead", "uv": [ 6.5, 14.5, 7.0, 15.0 ] },
										"east": { "texture": "#lead", "uv": [ 6.5, 5.5, 13.5, 6.0 ] },
										"south": { "texture": "#lead", "uv": [ 15.0, 11.5, 15.5, 12.0 ] },
										"west": { "texture": "#lead", "uv": [ 1.5, 2.0, 8.5, 2.5 ] },
										"up": { "texture": "#lead", "uv": [ 0.0, 3.0, 0.5, 10.0 ] }
									}
								},
								{
									"name": "deco 67",
									"from": [ 0.5, -6.1, 0.5 ],
									"to": [ 1.1, -5.0, 15.5 ],
									"rotationOrigin": [ 0.5, -6.1, 0.5 ],
									"faces": {
										"east": { "texture": "#lead", "uv": [ 0.0, 1.5, 15.0, 2.5 ] },
										"south": { "texture": "#lead", "uv": [ 8.0, 0.0, 8.5, 1.0 ] },
										"west": { "texture": "#lead", "uv": [ 0.5, 10.0, 15.5, 11.0 ] },
										"up": { "texture": "#lead", "uv": [ 7.0, 0.0, 7.5, 15.0 ] },
										"down": { "texture": "#lead", "uv": [ 5.0, 0.0, 5.5, 15.0 ] }
									}
								},
								{
									"name": "deco 69",
									"from": [ -0.01, 6.9, -0.1 ],
									"to": [ 1.1, 8.1, 12.1 ],
									"rotationOrigin": [ 0.0, 6.9, -0.1 ],
									"faces": {
										"north": { "texture": "#lead", "uv": [ 0.0, 0.0, 1.0, 1.0 ] },
										"east": { "texture": "#lead", "uv": [ 2.5, 7.0, 14.5, 8.0 ] },
										"south": { "texture": "#lead", "uv": [ 0.0, 0.0, 1.0, 1.0 ] },
										"west": { "texture": "#lead", "uv": [ 1.5, 9.5, 13.5, 10.5 ] },
										"up": { "texture": "#lead", "uv": [ 7.5, 3.0, 8.5, 15.0 ] },
										"down": { "texture": "#lead", "uv": [ 2.0, 0.5, 3.0, 12.5 ] }
									}
								},
								{
									"name": "deco 76",
									"from": [ 0.0, 0.5, -0.1 ],
									"to": [ 1.1, 6.9, 1.0 ],
									"rotationOrigin": [ 0.0, 0.5, -0.1 ],
									"faces": {
										"north": { "texture": "#lead", "uv": [ 12.5, 0.0, 13.5, 6.0 ] },
										"east": { "texture": "#lead", "uv": [ 1.5, 0.0, 2.5, 6.0 ] },
										"south": { "texture": "#lead", "uv": [ 12.5, 0.0, 13.5, 6.0 ] },
										"west": { "texture": "#lead", "uv": [ 5.5, 0.0, 6.5, 6.0 ] },
										"up": { "texture": "#lead", "uv": [ 7.0, 13.5, 8.0, 14.5 ] },
										"down": { "texture": "#lead", "uv": [ 8.5, 10.0, 9.5, 11.0 ] }
									}
								},
								{
									"name": "deco 78",
									"from": [ -1.91, 0.5, 8.0 ],
									"to": [ -0.8, 7.3, 12.1 ],
									"rotationOrigin": [ -1.9, 0.5, 8.0 ],
									"faces": {
										"north": { "texture": "#lead", "uv": [ 13.5, 0.0, 14.5, 6.5 ] },
										"east": { "texture": "#lead", "uv": [ 6.0, 0.0, 10.0, 6.5 ] },
										"south": { "texture": "#lead", "uv": [ 6.0, 0.0, 7.0, 6.5 ] },
										"west": { "texture": "#lead", "uv": [ 9.5, 0.0, 13.5, 6.5 ] },
										"up": { "texture": "#lead", "uv": [ 15.0, 9.5, 16.0, 13.5 ] },
										"down": { "texture": "#lead", "uv": [ 4.0, 3.0, 5.0, 7.0 ] }
									},
									"children": [
										{
											"name": "deco 80",
											"from": [ -10.0, 6.8, -0.6 ],
											"to": [ 0.1, 6.9, 3.5 ],
											"rotationOrigin": [ -9.99, 6.8, -0.6 ],
											"faces": {
												"north": { "texture": "#lead", "uv": [ 13.5, 0.0, 23.5, 0.5 ] },
												"east": { "texture": "#lead", "uv": [ 6.0, 0.0, 10.0, 0.5 ] },
												"south": { "texture": "#lead", "uv": [ 6.0, 0.0, 16.0, 0.5 ] },
												"west": { "texture": "#lead", "uv": [ 9.5, 0.0, 13.5, 0.5 ] },
												"up": { "texture": "#lead", "uv": [ 15.0, 9.5, 25.0, 13.5 ] },
												"down": { "texture": "#lead", "uv": [ 4.0, 3.0, 14.0, 7.0 ] }
											}
										}
									]
								}
							]
						},
						{
							"name": "W",
							"from": [ -8.0, 0.0, -8.0 ],
							"to": [ -7.0, 8.0, 4.0 ],
							"rotationOrigin": [ -8.0, 0.0, -8.0 ],
							"faces": {
								"north": { "texture": "#material-rim2", "uv": [ 13.0, 0.0, 14.0, 8.0 ] },
								"east": { "texture": "#material-rim1", "uv": [ 3.5, 2.5, 11.5, 14.5 ], "rotation": 90 },
								"south": { "texture": "#material-rim1", "uv": [ 0.0, 5.5, 8.0, 6.5 ], "rotation": 90 },
								"west": { "texture": "#material-rim1", "uv": [ 3.0, 1.5, 11.0, 13.5 ], "rotation": 90 },
								"up": { "texture": "#material-rim1", "uv": [ 0.0, 0.0, 1.0, 12.0 ] },
								"down": { "texture": "#material-rim1", "uv": [ 13.0, 1.5, 14.0, 13.5 ] }
							},
							"children": [
								{
									"name": "deco 1",
									"from": [ -0.1, 0.5, 11.0 ],
									"to": [ 1.01, 6.9, 12.1 ],
									"rotationOrigin": [ -0.1, 0.5, 11.0 ],
									"faces": {
										"north": { "texture": "#lead", "uv": [ 14.0, 0.0, 15.0, 6.0 ] },
										"east": { "texture": "#lead", "uv": [ 8.5, 0.0, 9.5, 6.0 ] },
										"south": { "texture": "#lead", "uv": [ 10.5, 0.0, 11.5, 6.0 ] },
										"west": { "texture": "#lead", "uv": [ 7.0, 0.0, 8.0, 6.0 ] },
										"up": { "texture": "#lead", "uv": [ 9.0, 12.5, 10.0, 13.5 ] },
										"down": { "texture": "#lead", "uv": [ 3.5, 11.5, 4.5, 12.5 ] }
									}
								},
								{
									"name": "deco 2",
									"from": [ -0.1, 0.5, -0.1 ],
									"to": [ 1.0, 6.9, 1.0 ],
									"rotationOrigin": [ -0.1, 0.5, -0.1 ],
									"faces": {
										"north": { "texture": "#lead", "uv": [ 9.5, 0.0, 10.5, 6.0 ] },
										"east": { "texture": "#lead", "uv": [ 6.5, 0.0, 7.5, 6.0 ] },
										"south": { "texture": "#lead", "uv": [ 0.0, 0.0, 1.0, 6.0 ] },
										"west": { "texture": "#lead", "uv": [ 12.0, 0.0, 13.0, 6.0 ] },
										"up": { "texture": "#lead", "uv": [ 14.5, 7.5, 15.5, 8.5 ] },
										"down": { "texture": "#lead", "uv": [ 1.5, 13.5, 2.5, 14.5 ] }
									}
								},
								{
									"name": "deco 3",
									"from": [ -0.1, -0.6, 0.5 ],
									"to": [ 0.5, 0.5, 16.1 ],
									"rotationOrigin": [ -0.1, -0.6, 0.5 ],
									"faces": {
										"east": { "texture": "#lead", "uv": [ 0.5, 2.5, 16.0, 3.5 ] },
										"south": { "texture": "#lead", "uv": [ 13.0, 2.5, 13.5, 3.5 ], "windMode": [-1,-1,-1,-1] },
										"west": { "texture": "#lead", "uv": [ 0.0, 9.0, 15.5, 10.0 ] },
										"up": { "texture": "#lead", "uv": [ 12.0, 0.0, 12.5, 15.5 ] },
										"down": { "texture": "#lead", "uv": [ 4.0, 0.0, 4.5, 15.5 ] }
									}
								},
								{
									"name": "deco 4",
									"from": [ -0.1, 6.9, -0.1 ],
									"to": [ 1.01, 8.1, 12.1 ],
									"rotationOrigin": [ -0.1, 6.9, -0.1 ],
									"faces": {
										"north": { "texture": "#lead", "uv": [ 0.0, 0.0, 1.0, 1.0 ] },
										"east": { "texture": "#lead", "uv": [ 2.5, 6.5, 14.5, 7.5 ] },
										"south": { "texture": "#lead", "uv": [ 0.0, 0.0, 1.0, 1.0 ] },
										"west": { "texture": "#lead", "uv": [ 1.0, 14.0, 13.0, 15.0 ] },
										"up": { "texture": "#lead", "uv": [ 8.0, 2.5, 9.0, 14.5 ] },
										"down": { "texture": "#lead", "uv": [ 7.5, 5.5, 8.5, 17.5 ] }
									}
								},
								{
									"name": "deco 60",
									"from": [ -0.1, -6.1, 15.5 ],
									"to": [ 0.5, -5.0, 16.1 ],
									"rotationOrigin": [ -0.1, -6.1, 15.5 ],
									"faces": {
										"north": { "texture": "#lead", "uv": [ 9.5, 0.0, 10.0, 1.0 ] },
										"east": { "texture": "#lead", "uv": [ 6.5, 0.0, 7.0, 1.0 ] },
										"south": { "texture": "#lead", "uv": [ 0.0, 0.0, 0.5, 1.0 ] },
										"west": { "texture": "#lead", "uv": [ 12.0, 0.0, 12.5, 1.0 ] },
										"up": { "texture": "#lead", "uv": [ 14.5, 7.5, 15.0, 8.0 ] },
										"down": { "texture": "#lead", "uv": [ 1.5, 13.5, 2.0, 14.0 ] }
									},
									"children": [
										{
											"name": "deco 61",
											"from": [ 15.6, 0.0, 0.0 ],
											"to": [ 16.2, 1.1, 0.6 ],
											"rotationOrigin": [ 15.6, 0.0, 0.0 ],
											"faces": {
												"north": { "texture": "#lead", "uv": [ 12.5, 0.0, 13.0, 1.0 ] },
												"east": { "texture": "#lead", "uv": [ 1.5, 0.0, 2.0, 1.0 ] },
												"south": { "texture": "#lead", "uv": [ 12.5, 0.0, 13.0, 1.0 ] },
												"west": { "texture": "#lead", "uv": [ 5.5, 0.0, 6.0, 1.0 ] },
												"up": { "texture": "#lead", "uv": [ 7.0, 13.5, 7.5, 14.0 ] },
												"down": { "texture": "#lead", "uv": [ 8.5, 10.0, 9.0, 10.5 ] }
											}
										}
									]
								},
								{
									"name": "deco 62",
									"from": [ -0.1, -6.1, -0.1 ],
									"to": [ 0.5, -5.0, 0.5 ],
									"rotationOrigin": [ -0.1, -6.1, -0.1 ],
									"faces": {
										"north": { "texture": "#lead", "uv": [ 9.5, 0.0, 10.0, 1.0 ] },
										"east": { "texture": "#lead", "uv": [ 6.5, 0.0, 7.0, 1.0 ] },
										"south": { "texture": "#lead", "uv": [ 0.0, 0.0, 0.5, 1.0 ] },
										"west": { "texture": "#lead", "uv": [ 12.0, 0.0, 12.5, 1.0 ] },
										"up": { "texture": "#lead", "uv": [ 14.5, 7.5, 15.0, 8.0 ] },
										"down": { "texture": "#lead", "uv": [ 1.5, 13.5, 2.0, 14.0 ] }
									}
								},
								{
									"name": "deco 66",
									"from": [ -0.1, -6.1, 0.5 ],
									"to": [ 0.5, -5.0, 15.5 ],
									"rotationOrigin": [ -0.1, -6.1, 0.5 ],
									"faces": {
										"east": { "texture": "#lead", "uv": [ 0.5, 2.5, 15.5, 3.5 ] },
										"south": { "texture": "#lead", "uv": [ 13.0, 2.5, 13.5, 3.5 ] },
										"west": { "texture": "#lead", "uv": [ 0.0, 9.0, 15.0, 10.0 ] },
										"up": { "texture": "#lead", "uv": [ 12.0, 0.0, 12.5, 15.0 ] },
										"down": { "texture": "#lead", "uv": [ 4.0, 0.0, 4.5, 15.0 ] }
									}
								},
								{
									"name": "deco 68",
									"from": [ 0.9, 7.9, 0.5 ],
									"to": [ 1.98, 8.1, 11.5 ],
									"rotationOrigin": [ 0.9, 7.9, 0.5 ],
									"faces": {
										"east": { "texture": "#lead", "uv": [ 2.5, 6.5, 13.5, 7.0 ] },
										"west": { "texture": "#lead", "uv": [ 1.0, 14.0, 12.0, 14.5 ] },
										"up": { "texture": "#lead", "uv": [ 8.0, 2.5, 9.0, 13.5 ] },
										"down": { "texture": "#lead", "uv": [ 7.5, 5.5, 8.5, 16.5 ] }
									}
								},
								{
									"name": "deco 63",
									"from": [ 15.5, -6.1, -0.1 ],
									"to": [ 16.1, -5.0, 0.5 ],
									"rotationOrigin": [ 15.5, -6.1, -0.1 ],
									"faces": {
										"north": { "texture": "#lead", "uv": [ 12.5, 0.0, 13.0, 1.0 ] },
										"east": { "texture": "#lead", "uv": [ 1.5, 0.0, 2.0, 1.0 ] },
										"south": { "texture": "#lead", "uv": [ 12.5, 0.0, 13.0, 1.0 ] },
										"west": { "texture": "#lead", "uv": [ 5.5, 0.0, 6.0, 1.0 ] },
										"up": { "texture": "#lead", "uv": [ 7.0, 13.5, 7.5, 14.0 ] },
										"down": { "texture": "#lead", "uv": [ 8.5, 10.0, 9.0, 10.5 ] }
									}
								},
								{
									"name": "deco 79",
									"from": [ -0.1, -0.6, -0.1 ],
									"to": [ 0.5, 0.5, 0.5 ],
									"rotationOrigin": [ -0.1, -0.6, -0.1 ],
									"faces": {
										"north": { "texture": "#lead", "uv": [ 9.5, 0.0, 10.0, 1.0 ] },
										"east": { "texture": "#lead", "uv": [ 6.5, 0.0, 7.0, 1.0 ] },
										"south": { "texture": "#lead", "uv": [ 0.0, 0.0, 0.5, 1.0 ] },
										"west": { "texture": "#lead", "uv": [ 12.0, 0.0, 12.5, 1.0 ] },
										"up": { "texture": "#lead", "uv": [ 14.5, 7.5, 15.0, 8.0 ] },
										"down": { "texture": "#lead", "uv": [ 1.5, 13.5, 2.0, 14.0 ] }
									}
								},
								{
									"name": "Cube70",
									"from": [ 1.0, 1.0, 8.0 ],
									"to": [ 3.0, 7.6, 12.0 ],
									"rotationOrigin": [ 1.0, 1.0, 8.0 ],
									"faces": {
										"north": { "texture": "#material-rim1", "uv": [ 0.0, 0.0, 2.0, 6.5 ] },
										"east": { "texture": "#material-rim1", "uv": [ 0.0, 0.0, 4.0, 6.5 ] },
										"south": { "texture": "#material-rim1", "uv": [ 0.0, 0.0, 2.0, 6.5 ] },
										"west": { "texture": "#material-rim1", "uv": [ 0.0, 0.0, 4.0, 6.5 ] },
										"up": { "texture": "#material-rim1", "uv": [ 0.0, 0.0, 2.0, 4.0 ] },
										"down": { "texture": "#material-rim1", "uv": [ 0.0, 0.0, 2.0, 4.0 ] }
									}
								},
								{
									"name": "Cube71",
									"from": [ 13.2, 1.0, 8.0 ],
									"to": [ 15.2, 7.6, 12.0 ],
									"rotationOrigin": [ 13.2, 1.0, 8.0 ],
									"faces": {
										"north": { "texture": "#material-rim1", "uv": [ 0.0, 0.0, 2.0, 6.5 ] },
										"east": { "texture": "#material-rim1", "uv": [ 0.0, 0.0, 4.0, 6.5 ] },
										"south": { "texture": "#material-rim1", "uv": [ 0.0, 0.0, 2.0, 6.5 ] },
										"west": { "texture": "#material-rim1", "uv": [ 0.0, 0.0, 4.0, 6.5 ] },
										"up": { "texture": "#material-rim1", "uv": [ 0.0, 0.0, 2.0, 4.0 ] },
										"down": { "texture": "#material-rim1", "uv": [ 0.0, 0.0, 2.0, 4.0 ] }
									}
								},
								{
									"name": "deco 74",
									"from": [ 2.01, 0.5, 8.0 ],
									"to": [ 3.12, 7.3, 12.1 ],
									"rotationOrigin": [ 2.0, 0.5, 8.0 ],
									"faces": {
										"north": { "texture": "#lead", "uv": [ 14.0, 0.0, 15.0, 6.5 ] },
										"east": { "texture": "#lead", "uv": [ 8.5, 0.0, 12.5, 6.5 ] },
										"south": { "texture": "#lead", "uv": [ 10.5, 0.0, 11.5, 6.5 ] },
										"west": { "texture": "#lead", "uv": [ 7.0, 0.0, 11.0, 6.5 ] },
										"up": { "texture": "#lead", "uv": [ 9.0, 12.5, 10.0, 16.5 ] },
										"down": { "texture": "#lead", "uv": [ 3.5, 11.5, 4.5, 15.5 ] }
									}
								}
							]
						},
						{
							"name": "bottom",
							"from": [ -7.0, 0.0, -7.0 ],
							"to": [ 7.0, 1.0, 0.0 ],
							"rotationOrigin": [ 1.0, 0.0, 0.0 ],
							"faces": {
								"south": { "texture": "#material-rim1", "uv": [ 1.0, 5.5, 15.0, 6.5 ] },
								"up": { "texture": "#material-rim1", "uv": [ 1.0, 8.0, 15.0, 15.0 ] },
								"down": { "texture": "#material-rim1", "uv": [ 1.0, 9.0, 15.0, 16.0 ] }
							},
							"children": [
								{
									"name": "deco 6",
									"from": [ -0.5, -0.6, 14.5 ],
									"to": [ 14.5, 0.5, 15.1 ],
									"rotationOrigin": [ -0.5, -0.6, 14.5 ],
									"faces": {
										"north": { "texture": "#lead", "uv": [ 0.5, 3.0, 15.5, 4.0 ] },
										"south": { "texture": "#lead", "uv": [ 0.5, 4.5, 15.5, 5.5 ] },
										"up": { "texture": "#lead", "uv": [ 0.0, 1.5, 15.0, 2.0 ] },
										"down": { "texture": "#lead", "uv": [ 0.5, 12.5, 15.5, 13.0 ] }
									}
								},
								{
									"name": "deco 104",
									"from": [ -0.5, -0.6, -1.1 ],
									"to": [ 14.5, 0.5, -0.5 ],
									"rotationOrigin": [ -0.5, -0.6, -1.1 ],
									"faces": {
										"north": { "texture": "#lead", "uv": [ 0.5, 11.0, 15.5, 12.0 ] },
										"south": { "texture": "#lead", "uv": [ 0.5, 6.0, 15.5, 7.0 ] },
										"up": { "texture": "#lead", "uv": [ 0.5, 4.0, 15.5, 4.5 ] },
										"down": { "texture": "#lead", "uv": [ 0.5, 2.5, 15.5, 3.0 ] }
									}
								},
								{
									"name": "deco 64",
									"from": [ -0.5, -6.1, -1.1 ],
									"to": [ 14.5, -5.0, -0.5 ],
									"rotationOrigin": [ -0.5, -6.1, -1.1 ],
									"faces": {
										"north": { "texture": "#lead", "uv": [ 0.5, 11.0, 15.5, 12.0 ] },
										"south": { "texture": "#lead", "uv": [ 0.5, 6.0, 15.5, 7.0 ] },
										"up": { "texture": "#lead", "uv": [ 0.5, 4.0, 15.5, 4.5 ] },
										"down": { "texture": "#lead", "uv": [ 0.5, 2.5, 15.5, 3.0 ] }
									}
								},
								{
									"name": "deco 65",
									"from": [ -0.5, -6.1, 14.5 ],
									"to": [ 14.5, -5.0, 15.1 ],
									"rotationOrigin": [ -0.5, -6.1, 14.5 ],
									"faces": {
										"north": { "texture": "#lead", "uv": [ 0.5, 3.0, 15.5, 4.0 ] },
										"south": { "texture": "#lead", "uv": [ 0.5, 4.5, 15.5, 5.5 ] },
										"up": { "texture": "#lead", "uv": [ 0.0, 1.5, 15.0, 2.0 ] },
										"down": { "texture": "#lead", "uv": [ 0.5, 12.5, 15.5, 13.0 ] }
									}
								}
							]
						},
						{
							"name": "N",
							"from": [ -7.5, 0.0, -8.01 ],
							"to": [ 7.5, 7.9, -7.01 ],
							"rotationOrigin": [ 0.5, 0.0, -8.1 ],
							"faces": {
								"north": { "texture": "#material-rim1", "uv": [ 0.0, 1.0, 7.5, 16.0 ], "rotation": 90 },
								"east": { "texture": "#material-rim1", "uv": [ 0.0, 13.0, 7.5, 14.0 ], "rotation": 90 },
								"south": { "texture": "#material-rim1", "uv": [ 0.0, 1.0, 7.5, 16.0 ], "rotation": 90 },
								"west": { "texture": "#material-rim1", "uv": [ 0.0, 14.5, 7.5, 15.5 ], "rotation": 90 },
								"up": { "texture": "#material-rim1", "uv": [ 1.0, 0.0, 16.0, 1.0 ] },
								"down": { "texture": "#material-rim1", "uv": [ 1.0, 8.0, 16.0, 9.0 ] }
							}
						},
						{
							"name": "N48",
							"from": [ -7.0, 0.0, 0.0 ],
							"to": [ 7.0, 7.5, 1.0 ],
							"rotationOrigin": [ 1.0, 0.0, 0.0 ],
							"faces": {
								"north": { "texture": "#material6", "uv": [ 0.0, 1.0, 7.5, 15.0 ], "rotation": 90 },
								"east": { "texture": "#material6", "uv": [ 0.0, 13.0, 7.5, 14.0 ], "rotation": 90 },
								"south": { "texture": "#material-rim1", "uv": [ 0.0, 1.0, 7.5, 15.0 ], "rotation": 90 },
								"west": { "texture": "#material6", "uv": [ 0.0, 14.5, 7.5, 15.5 ], "rotation": 90 },
								"up": { "texture": "#material6", "uv": [ 1.0, 0.0, 15.0, 1.0 ] },
								"down": { "texture": "#material6", "uv": [ 1.0, 8.0, 15.0, 9.0 ] }
							}
						},
						{
							"name": "deco 5",
							"from": [ -7.0, 7.3, 3.5 ],
							"to": [ 7.0, 8.1, 4.1 ],
							"rotationOrigin": [ -7.0, 7.3, 3.5 ],
							"faces": {
								"north": { "texture": "#lead", "uv": [ 0.0, 14.5, 14.0, 15.0 ] },
								"south": { "texture": "#lead", "uv": [ 0.0, 2.0, 14.0, 2.5 ] },
								"up": { "texture": "#lead", "uv": [ 0.5, 13.5, 14.5, 14.0 ] },
								"down": { "texture": "#lead", "uv": [ 0.5, 11.0, 14.5, 11.5 ] }
							}
						},
						{
							"name": "deco 103",
							"from": [ -7.0, 6.9, -8.1 ],
							"to": [ 7.0, 8.1, -6.1 ],
							"rotationOrigin": [ -7.0, 6.9, -8.1 ],
							"faces": {
								"north": { "texture": "#lead", "uv": [ 0.5, 11.0, 14.5, 12.0 ] },
								"south": { "texture": "#lead", "uv": [ 0.0, 5.0, 14.0, 6.0 ] },
								"up": { "texture": "#lead", "uv": [ 0.5, 5.0, 14.5, 7.0 ] },
								"down": { "texture": "#lead", "uv": [ 0.0, 6.5, 14.0, 8.5 ] }
							}
						}
					]
				}
			]
		},
		{
			"name": "Cube64",
			"from": [ 0.0, 0.0, 0.0 ],
			"to": [ 16.0, 6.0, 16.0 ],
			"faces": {
				"north": { "texture": "#material5", "uv": [ 0.0, 0.0, 16.0, 6.0 ] },
				"east": { "texture": "#material5", "uv": [ 0.0, 0.0, 16.0, 6.0 ] },
				"south": { "texture": "#material5", "uv": [ 0.0, 0.0, 16.0, 6.0 ] },
				"west": { "texture": "#material5", "uv": [ 0.0, 0.0, 16.0, 6.0 ] },
				"up": { "texture": "#material5", "uv": [ 0.0, 0.0, 16.0, 16.0 ] },
				"down": { "texture": "#material5", "uv": [ 0.0, 0.0, 16.0, 16.0 ] }
			}
		},
		{
			"name": "cloth72",
			"from": [ 1.0, 7.01, 1.0 ],
			"to": [ 15.0, 7.01, 15.0 ],
			"rotationOrigin": [ 1.0, 7.0, 1.0 ],
			"faces": {
				"up": { "texture": "#cloth", "uv": [ 1.0, 1.0, 15.0, 15.0 ], "autoUv": false }
			},
			"children": [
				{
					"name": "clothtop-decal73",
					"from": [ 0.0, 0.01, 0.0 ],
					"to": [ 12.0, 0.01, 14.0 ],
					"faces": {
						"up": { "texture": "#clothdecal", "uv": [ 0.0, 0.0, 16.0, 16.0 ], "autoUv": false }
					},
					"children": [
						{
							"name": "slotbottom-1",
							"from": [ 2.2, -0.05, 7.5 ],
							"to": [ 4.2, 0.05, 13.5 ],
							"rotationOrigin": [ 2.2, 0.0, 7.5 ],
							"faces": {
								"north": { "texture": "#glowingslot1", "uv": [ 0.0, 0.0, 2.0, 0.5 ] },
								"east": { "texture": "#glowingslot1", "uv": [ 0.0, 0.0, 6.0, 0.5 ] },
								"south": { "texture": "#glowingslot1", "uv": [ 0.0, 0.0, 2.0, 0.5 ] },
								"west": { "texture": "#glowingslot1", "uv": [ 0.0, 0.0, 6.0, 0.5 ] },
								"up": { "texture": "#glowingslot1", "uv": [ 0.0, 0.0, 2.0, 6.0 ] },
								"down": { "texture": "#glowingslot1", "uv": [ 0.0, 0.0, 2.0, 6.0 ] }
							},
							"children": [
								{
									"name": "slotbottom-2",
									"from": [ 2.0, 0.0, 0.0 ],
									"to": [ 4.0, 0.1, 6.0 ],
									"rotationOrigin": [ 2.0, 0.05, 0.0 ],
									"faces": {
										"north": { "texture": "#glowingslot2", "uv": [ 0.0, 0.0, 2.0, 0.5 ] },
										"east": { "texture": "#glowingslot2", "uv": [ 0.0, 0.0, 6.0, 0.5 ] },
										"south": { "texture": "#glowingslot2", "uv": [ 0.0, 0.0, 2.0, 0.5 ] },
										"west": { "texture": "#glowingslot2", "uv": [ 0.0, 0.0, 6.0, 0.5 ] },
										"up": { "texture": "#glowingslot2", "uv": [ 0.0, 0.0, 2.0, 6.0 ] },
										"down": { "texture": "#glowingslot2", "uv": [ 0.0, 0.0, 2.0, 6.0 ] }
									},
									"children": [
										{
											"name": "slotbottom-3",
											"from": [ 2.0, 0.0, 0.0 ],
											"to": [ 4.0, 0.1, 6.0 ],
											"rotationOrigin": [ 2.0, 0.05, 0.0 ],
											"faces": {
												"north": { "texture": "#glowingslot3", "uv": [ 0.0, 0.0, 2.0, 0.5 ] },
												"east": { "texture": "#glowingslot3", "uv": [ 0.0, 0.0, 6.0, 0.5 ] },
												"south": { "texture": "#glowingslot3", "uv": [ 0.0, 0.0, 2.0, 0.5 ] },
												"west": { "texture": "#glowingslot3", "uv": [ 0.0, 0.0, 6.0, 0.5 ] },
												"up": { "texture": "#glowingslot3", "uv": [ 0.0, 0.0, 2.0, 6.0 ] },
												"down": { "texture": "#glowingslot3", "uv": [ 0.0, 0.0, 2.0, 6.0 ] }
											},
											"children": [
												{
													"name": "slotbottom-4",
													"from": [ 2.0, 0.0, 0.0 ],
													"to": [ 4.0, 0.1, 6.0 ],
													"rotationOrigin": [ 2.0, 0.05, 0.0 ],
													"faces": {
														"north": { "texture": "#glowingslot4", "uv": [ 0.0, 0.0, 2.0, 0.5 ] },
														"east": { "texture": "#glowingslot4", "uv": [ 0.0, 0.0, 6.0, 0.5 ] },
														"south": { "texture": "#glowingslot4", "uv": [ 0.0, 0.0, 2.0, 0.5 ] },
														"west": { "texture": "#glowingslot4", "uv": [ 0.0, 0.0, 6.0, 0.5 ] },
														"up": { "texture": "#glowingslot4", "uv": [ 0.0, 0.0, 2.0, 6.0 ] },
														"down": { "texture": "#glowingslot4", "uv": [ 0.0, 0.0, 2.0, 6.0 ] }
													},
													"children": [
														{
															"name": "slotbottom-5",
															"from": [ 2.0, 0.0, 0.0 ],
															"to": [ 4.0, 0.1, 6.0 ],
															"rotationOrigin": [ 2.0, 0.05, 0.0 ],
															"faces": {
																"north": { "texture": "#glowingslot5", "uv": [ 0.0, 0.0, 2.0, 0.5 ] },
																"east": { "texture": "#glowingslot5", "uv": [ 0.0, 0.0, 6.0, 0.5 ] },
																"south": { "texture": "#glowingslot5", "uv": [ 0.0, 0.0, 2.0, 0.5 ] },
																"west": { "texture": "#glowingslot5", "uv": [ 0.0, 0.0, 6.0, 0.5 ] },
																"up": { "texture": "#glowingslot5", "uv": [ 0.0, 0.0, 2.0, 6.0 ] },
																"down": { "texture": "#glowingslot5", "uv": [ 0.0, 0.0, 2.0, 6.0 ] }
															}
														}
													]
												}
											]
										}
									]
								}
							]
						},
						{
							"name": "Cube75",
							"from": [ 2.0, 0.0, 6.5 ],
							"to": [ 2.3, 0.1, 13.7 ],
							"rotationOrigin": [ 2.0, 0.0, 6.5 ],
							"faces": {
								"north": { "texture": "#material1", "uv": [ 0.0, 0.0, 0.5, 0.5 ] },
								"east": { "texture": "#material1", "uv": [ 0.0, 0.0, 7.0, 0.5 ] },
								"south": { "texture": "#material1", "uv": [ 0.0, 0.0, 0.5, 0.5 ] },
								"west": { "texture": "#material1", "uv": [ 0.0, 0.0, 7.0, 0.5 ] },
								"up": { "texture": "#material1", "uv": [ 0.0, 0.0, 0.5, 7.0 ] },
								"down": { "texture": "#material1", "uv": [ 0.0, 0.0, 0.5, 7.0 ] }
							},
							"children": [
								{
									"name": "Cube80",
									"from": [ 2.0, 0.0, 0.0 ],
									"to": [ 2.3, 0.1, 7.2 ],
									"rotationOrigin": [ 2.0, 0.0, 0.0 ],
									"faces": {
										"north": { "texture": "#material1", "uv": [ 0.0, 0.0, 0.5, 0.5 ] },
										"east": { "texture": "#material1", "uv": [ 0.0, 0.0, 7.0, 0.5 ] },
										"south": { "texture": "#material1", "uv": [ 0.0, 0.0, 0.5, 0.5 ] },
										"west": { "texture": "#material1", "uv": [ 0.0, 0.0, 7.0, 0.5 ] },
										"up": { "texture": "#material1", "uv": [ 0.0, 0.0, 0.5, 7.0 ] },
										"down": { "texture": "#material1", "uv": [ 0.0, 0.0, 0.5, 7.0 ] }
									},
									"children": [
										{
											"name": "Cube81",
											"from": [ 2.0, 0.0, 0.0 ],
											"to": [ 2.3, 0.1, 7.2 ],
											"rotationOrigin": [ 2.0, 0.0, 0.0 ],
											"faces": {
												"north": { "texture": "#material1", "uv": [ 0.0, 0.0, 0.5, 0.5 ] },
												"east": { "texture": "#material1", "uv": [ 0.0, 0.0, 7.0, 0.5 ] },
												"south": { "texture": "#material1", "uv": [ 0.0, 0.0, 0.5, 0.5 ] },
												"west": { "texture": "#material1", "uv": [ 0.0, 0.0, 7.0, 0.5 ] },
												"up": { "texture": "#material1", "uv": [ 0.0, 0.0, 0.5, 7.0 ] },
												"down": { "texture": "#material1", "uv": [ 0.0, 0.0, 0.5, 7.0 ] }
											},
											"children": [
												{
													"name": "Cube82",
													"from": [ 2.0, 0.0, 0.0 ],
													"to": [ 2.3, 0.1, 7.2 ],
													"rotationOrigin": [ 2.0, 0.0, 0.0 ],
													"faces": {
														"north": { "texture": "#material1", "uv": [ 0.0, 0.0, 0.5, 0.5 ] },
														"east": { "texture": "#material1", "uv": [ 0.0, 0.0, 7.0, 0.5 ] },
														"south": { "texture": "#material1", "uv": [ 0.0, 0.0, 0.5, 0.5 ] },
														"west": { "texture": "#material1", "uv": [ 0.0, 0.0, 7.0, 0.5 ] },
														"up": { "texture": "#material1", "uv": [ 0.0, 0.0, 0.5, 7.0 ] },
														"down": { "texture": "#material1", "uv": [ 0.0, 0.0, 0.5, 7.0 ] }
													},
													"children": [
														{
															"name": "Cube83",
															"from": [ 2.0, 0.0, 0.0 ],
															"to": [ 2.3, 0.1, 7.2 ],
															"rotationOrigin": [ 2.0, 0.0, 0.0 ],
															"faces": {
																"north": { "texture": "#material1", "uv": [ 0.0, 0.0, 0.5, 0.5 ] },
																"east": { "texture": "#material1", "uv": [ 0.0, 0.0, 7.0, 0.5 ] },
																"south": { "texture": "#material1", "uv": [ 0.0, 0.0, 0.5, 0.5 ] },
																"west": { "texture": "#material1", "uv": [ 0.0, 0.0, 7.0, 0.5 ] },
																"up": { "texture": "#material1", "uv": [ 0.0, 0.0, 0.5, 7.0 ] },
																"down": { "texture": "#material1", "uv": [ 0.0, 0.0, 0.5, 7.0 ] }
															},
															"children": [
																{
																	"name": "Cube84",
																	"from": [ 2.0, 0.0, 0.0 ],
																	"to": [ 2.3, 0.1, 7.2 ],
																	"rotationOrigin": [ 2.0, 0.0, 0.0 ],
																	"faces": {
																		"north": { "texture": "#material1", "uv": [ 0.0, 0.0, 0.5, 0.5 ] },
																		"east": { "texture": "#material1", "uv": [ 0.0, 0.0, 7.0, 0.5 ] },
																		"south": { "texture": "#material1", "uv": [ 0.0, 0.0, 0.5, 0.5 ] },
																		"west": { "texture": "#material1", "uv": [ 0.0, 0.0, 7.0, 0.5 ] },
																		"up": { "texture": "#material1", "uv": [ 0.0, 0.0, 0.5, 7.0 ] },
																		"down": { "texture": "#material1", "uv": [ 0.0, 0.0, 0.5, 7.0 ] }
																	}
																}
															]
														}
													]
												}
											]
										}
									]
								}
							]
						}
					]
				}
			]
		}
	]}