{
	"editor": {
		"allAngles": false,
		"entityTextureMode": false
	},
	"textureWidth": 16,
	"textureHeight": 16,
	"textureSizes": {
	},
	"textures": {
	},
	"elements": [
		{
			"name": "origin",
			"from": [ 8.0, 0.0, 8.0 ], 
			"to": [ 9.0, 1.0, 9.0 ], 
			"rotationOrigin": [ 8.0, 0.0, 8.0 ],
			"faces": {
				"north": { "texture": "#inside", "uv": [ 4.0, 4.5, 5.0, 5.5 ], "enabled": false },
				"east": { "texture": "#inside", "uv": [ 1.0, 7.0, 2.0, 8.0 ], "enabled": false },
				"south": { "texture": "#inside", "uv": [ 12.5, 13.0, 13.5, 14.0 ], "enabled": false },
				"west": { "texture": "#inside", "uv": [ 5.5, 7.0, 6.5, 8.0 ], "enabled": false },
				"up": { "texture": "#inside", "uv": [ 3.0, 2.0, 4.0, 3.0 ], "enabled": false },
				"down": { "texture": "#inside", "uv": [ 4.0, 8.5, 5.0, 9.5 ], "enabled": false }
			},
			"children": [
				{
					"name": "NorthStrip1",
					"from": [ -5.0, 0.0, -4.5 ], 
					"to": [ -5.0, 0.0, -4.5 ], 
					"rotationOrigin": [ 0.0, 0.0, -4.5 ],
					"faces": {
						"north": { "texture": "#bark", "uv": [ 8.0, 6.0, 8.5, 6.5 ] },
						"east": { "texture": "#bark", "uv": [ 13.0, 6.0, 14.0, 6.5 ] },
						"south": { "texture": "#bark", "uv": [ 4.5, 4.0, 5.0, 4.5 ] },
						"west": { "texture": "#bark", "uv": [ 6.5, 4.5, 7.5, 5.0 ] },
						"up": { "texture": "#bark", "uv": [ 12.5, 1.0, 13.0, 2.0 ] },
						"down": { "texture": "#bark", "uv": [ 7.5, 12.5, 8.0, 13.5 ] }
					},
					"children": [
						{
							"name": "barkbasket_N_strip1_3",
							"from": [ -1.0, 4.8, -0.5 ], 
							"to": [ 11.0, 7.8, 0.5 ], 
							"rotationOrigin": [ 0.0, 4.8, 0.0 ],
							"rotationX": -22.5,
							"faces": {
								"north": { "texture": "#bark", "uv": [ 2.0, 8.5, 14.0, 11.5 ] },
								"east": { "texture": "#inside", "uv": [ 0.5, 1.5, 1.5, 4.5 ] },
								"south": { "texture": "#inside", "uv": [ 2.0, 1.5, 14.0, 4.5 ] },
								"west": { "texture": "#inside", "uv": [ 12.0, 1.5, 13.0, 4.5 ] },
								"up": { "texture": "#inside", "uv": [ 1.5, 2.5, 13.5, 3.5 ] },
								"down": { "texture": "#inside", "uv": [ 3.5, 0.0, 15.5, 1.0 ] }
							}
						},
						{
							"name": "barkbasket_N_strip1_2",
							"from": [ -1.0, 0.0, -0.5 ], 
							"to": [ 11.0, 3.0, 0.5 ], 
							"rotationOrigin": [ 0.0, 0.0, 0.0 ],
							"rotationX": -22.5,
							"faces": {
								"north": { "texture": "#bark", "uv": [ 2.0, 9.5, 14.0, 12.5 ] },
								"east": { "texture": "#inside", "uv": [ 11.5, 3.0, 12.5, 6.0 ] },
								"south": { "texture": "#inside", "uv": [ 0.0, 4.0, 12.0, 7.0 ] },
								"west": { "texture": "#inside", "uv": [ 0.5, 5.5, 1.5, 8.5 ] },
								"up": { "texture": "#inside", "uv": [ 3.5, 14.0, 15.5, 15.0 ] },
								"down": { "texture": "#inside", "uv": [ 0.0, 13.5, 12.0, 14.5 ] }
							}
						},
						{
							"name": "barkbasket_N_strip1_1",
							"from": [ -0.9, 2.4, -1.4 ], 
							"to": [ 10.9, 5.4, -0.4 ], 
							"rotationOrigin": [ 0.1, 3.0, -1.0 ],
							"rotationX": 22.5,
							"faces": {
								"north": { "texture": "#bark", "uv": [ 0.0, 10.0, 11.5, 13.0 ] },
								"east": { "texture": "#inside", "uv": [ 6.0, 6.0, 7.0, 9.0 ] },
								"south": { "texture": "#inside", "uv": [ 3.0, 6.0, 14.5, 9.0 ] },
								"west": { "texture": "#inside", "uv": [ 11.5, 9.0, 12.5, 12.0 ] },
								"up": { "texture": "#bark", "uv": [ 2.5, 0.0, 14.0, 1.0 ], "enabled": false },
								"down": { "texture": "#bark", "uv": [ 1.5, 9.0, 13.0, 10.0 ], "enabled": false }
							}
						}
					]
				},
				{
					"name": "SouthStrip",
					"from": [ -5.0, 0.0, 4.5 ], 
					"to": [ -5.0, 0.0, 4.5 ], 
					"rotationOrigin": [ 0.0, 0.0, 4.5 ],
					"rotationY": -180.0,
					"faces": {
						"north": { "texture": "#bark", "uv": [ 11.0, 1.5, 11.5, 2.0 ] },
						"east": { "texture": "#bark", "uv": [ 10.0, 11.0, 10.5, 11.5 ] },
						"south": { "texture": "#bark", "uv": [ 2.5, 12.5, 3.0, 13.0 ] },
						"west": { "texture": "#bark", "uv": [ 1.0, 10.0, 1.5, 10.5 ] },
						"up": { "texture": "#bark", "uv": [ 6.0, 4.5, 6.5, 5.0 ] },
						"down": { "texture": "#bark", "uv": [ 12.5, 8.0, 13.0, 8.5 ] }
					},
					"children": [
						{
							"name": "barkbasket_N_strip1_14",
							"from": [ -1.0, 4.8, -0.5 ], 
							"to": [ 11.0, 7.8, 0.5 ], 
							"rotationOrigin": [ 0.0, 4.8, 0.0 ],
							"rotationX": -22.5,
							"faces": {
								"north": { "texture": "#bark", "uv": [ 1.5, 0.0, 13.5, 3.0 ] },
								"east": { "texture": "#inside", "uv": [ 0.5, 5.5, 1.5, 8.5 ] },
								"south": { "texture": "#inside", "uv": [ 0.5, 11.5, 12.5, 14.5 ] },
								"west": { "texture": "#inside", "uv": [ 14.5, 1.5, 15.5, 4.5 ] },
								"up": { "texture": "#inside", "uv": [ 2.0, 7.5, 14.0, 8.5 ] },
								"down": { "texture": "#inside", "uv": [ 2.0, 0.5, 14.0, 1.5 ] }
							}
						},
						{
							"name": "barkbasket_N_strip1_15",
							"from": [ -1.0, 0.0, -0.5 ], 
							"to": [ 11.0, 3.0, 0.5 ], 
							"rotationOrigin": [ 0.0, 0.0, 0.0 ],
							"rotationX": -22.5,
							"faces": {
								"north": { "texture": "#bark", "uv": [ 1.5, 3.5, 13.5, 6.5 ] },
								"east": { "texture": "#inside", "uv": [ 12.5, 12.5, 13.5, 15.5 ] },
								"south": { "texture": "#inside", "uv": [ 2.0, 7.0, 14.0, 10.0 ] },
								"west": { "texture": "#inside", "uv": [ 1.0, 6.5, 2.0, 9.5 ] },
								"up": { "texture": "#inside", "uv": [ 3.5, 2.0, 15.5, 3.0 ] },
								"down": { "texture": "#inside", "uv": [ 2.5, 13.5, 14.5, 14.5 ] }
							}
						},
						{
							"name": "barkbasket_N_strip1_16",
							"from": [ -0.9, 2.4, -1.4 ], 
							"to": [ 10.9, 5.4, -0.4 ], 
							"rotationOrigin": [ 0.1, 3.0, -1.0 ],
							"rotationX": 22.5,
							"faces": {
								"north": { "texture": "#bark", "uv": [ 0.5, 0.5, 12.0, 3.5 ] },
								"east": { "texture": "#inside", "uv": [ 13.0, 1.0, 14.0, 4.0 ] },
								"south": { "texture": "#inside", "uv": [ 1.0, 0.0, 12.5, 3.0 ] },
								"west": { "texture": "#inside", "uv": [ 14.5, 8.0, 15.5, 11.0 ] },
								"up": { "texture": "#bark", "uv": [ 4.0, 2.0, 15.5, 3.0 ], "enabled": false },
								"down": { "texture": "#bark", "uv": [ 0.0, 7.5, 11.5, 8.5 ] }
							}
						}
					]
				},
				{
					"name": "EastStrip",
					"from": [ 2.0, 0.0, 0.0 ], 
					"to": [ 2.0, 0.0, 0.0 ], 
					"rotationOrigin": [ 6.0, 0.0, 0.5 ],
					"rotationY": 90.0,
					"faces": {
						"north": { "texture": "#bark", "uv": [ 9.0, 14.5, 9.5, 15.0 ] },
						"east": { "texture": "#bark", "uv": [ 14.5, 13.5, 15.0, 14.0 ] },
						"south": { "texture": "#bark", "uv": [ 1.0, 0.0, 1.5, 0.5 ] },
						"west": { "texture": "#bark", "uv": [ 5.0, 15.0, 5.5, 15.5 ] },
						"up": { "texture": "#bark", "uv": [ 1.5, 1.5, 2.0, 2.0 ] },
						"down": { "texture": "#bark", "uv": [ 2.5, 0.0, 3.0, 0.5 ] }
					},
					"children": [
						{
							"name": "barkbasket_N_strip1_18",
							"from": [ -0.5, 4.8, -0.5 ], 
							"to": [ 9.5, 7.8, 0.5 ], 
							"rotationOrigin": [ 0.5, 4.8, 0.0 ],
							"rotationX": -22.5,
							"faces": {
								"north": { "texture": "#inside", "uv": [ 0.0, 10.0, 10.0, 13.0 ] },
								"east": { "texture": "#inside", "uv": [ 13.0, 10.0, 14.0, 13.0 ] },
								"south": { "texture": "#bark", "uv": [ 5.5, 11.0, 15.5, 14.0 ] },
								"west": { "texture": "#inside", "uv": [ 13.5, 2.5, 14.5, 5.5 ] },
								"up": { "texture": "#inside", "uv": [ 2.0, 7.5, 12.0, 8.5 ] },
								"down": { "texture": "#bark", "uv": [ 3.0, 5.0, 13.0, 6.0 ], "enabled": false }
							}
						},
						{
							"name": "barkbasket_N_strip1_19",
							"from": [ -0.5, 0.0, -0.5 ], 
							"to": [ 9.5, 3.0, 0.5 ], 
							"rotationOrigin": [ 0.5, 0.0, 0.0 ],
							"rotationX": -22.5,
							"faces": {
								"north": { "texture": "#inside", "uv": [ 4.0, 7.0, 14.0, 10.0 ] },
								"east": { "texture": "#bark", "uv": [ 0.5, 3.5, 1.5, 6.5 ], "enabled": false },
								"south": { "texture": "#bark", "uv": [ 0.5, 8.0, 10.5, 11.0 ] },
								"west": { "texture": "#bark", "uv": [ 11.0, 0.0, 12.0, 3.0 ], "enabled": false },
								"up": { "texture": "#bark", "uv": [ 0.5, 7.0, 10.5, 8.0 ], "enabled": false },
								"down": { "texture": "#inside", "uv": [ 3.5, 6.0, 13.5, 7.0 ] }
							}
						},
						{
							"name": "barkbasket_N_strip1_20",
							"from": [ -0.5, 2.4, -1.4 ], 
							"to": [ 9.5, 5.4, -0.4 ], 
							"rotationOrigin": [ 0.5, 3.0, -1.0 ],
							"rotationX": 22.5,
							"faces": {
								"north": { "texture": "#inside", "uv": [ 5.5, 3.0, 15.5, 6.0 ] },
								"east": { "texture": "#bark", "uv": [ 2.5, 5.5, 3.5, 8.5 ], "enabled": false },
								"south": { "texture": "#bark", "uv": [ 0.0, 11.0, 10.0, 14.0 ] },
								"west": { "texture": "#bark", "uv": [ 5.0, 6.5, 6.0, 9.5 ], "enabled": false },
								"up": { "texture": "#bark", "uv": [ 1.0, 9.5, 11.0, 10.5 ], "enabled": false },
								"down": { "texture": "#bark", "uv": [ 0.0, 11.0, 10.0, 12.0 ], "enabled": false }
							}
						}
					]
				},
				{
					"name": "WestStrip",
					"from": [ -10.0, 0.0, 0.0 ], 
					"to": [ -10.0, 0.0, 0.0 ], 
					"rotationOrigin": [ -6.0, 0.0, 0.5 ],
					"rotationY": -90.0,
					"faces": {
						"north": { "texture": "#bark", "uv": [ 0.0, 10.5, 0.5, 11.0 ] },
						"east": { "texture": "#bark", "uv": [ 6.0, 2.0, 6.5, 2.5 ] },
						"south": { "texture": "#bark", "uv": [ 6.0, 10.5, 6.5, 11.0 ] },
						"west": { "texture": "#bark", "uv": [ 3.0, 5.5, 3.5, 6.0 ] },
						"up": { "texture": "#bark", "uv": [ 12.0, 5.0, 12.5, 5.5 ] },
						"down": { "texture": "#bark", "uv": [ 11.5, 10.0, 12.0, 10.5 ] }
					},
					"children": [
						{
							"name": "barkbasket_N_strip1_22",
							"from": [ -1.5, 4.8, -0.5 ], 
							"to": [ 8.5, 7.8, 0.5 ], 
							"rotationOrigin": [ -0.5, 4.8, 0.0 ],
							"rotationX": -22.5,
							"faces": {
								"north": { "texture": "#inside", "uv": [ 0.5, 10.0, 10.5, 13.0 ] },
								"east": { "texture": "#inside", "uv": [ 4.5, 4.0, 5.5, 7.0 ] },
								"south": { "texture": "#bark", "uv": [ 5.0, 6.5, 15.0, 9.5 ] },
								"west": { "texture": "#inside", "uv": [ 5.5, 7.5, 6.5, 10.5 ] },
								"up": { "texture": "#inside", "uv": [ 4.0, 7.0, 14.0, 8.0 ] },
								"down": { "texture": "#bark", "uv": [ 2.5, 4.0, 12.5, 5.0 ], "enabled": false }
							}
						},
						{
							"name": "barkbasket_N_strip1_23",
							"from": [ -1.5, 0.0, -0.5 ], 
							"to": [ 8.5, 3.0, 0.5 ], 
							"rotationOrigin": [ -0.5, 0.0, 0.0 ],
							"rotationX": -22.5,
							"faces": {
								"north": { "texture": "#inside", "uv": [ 1.5, 7.5, 11.5, 10.5 ] },
								"east": { "texture": "#bark", "uv": [ 5.5, 9.0, 6.5, 12.0 ], "enabled": false },
								"south": { "texture": "#bark", "uv": [ 4.0, 2.0, 14.0, 5.0 ] },
								"west": { "texture": "#bark", "uv": [ 13.0, 7.0, 14.0, 10.0 ], "enabled": false },
								"up": { "texture": "#bark", "uv": [ 4.5, 7.5, 14.5, 8.5 ], "enabled": false },
								"down": { "texture": "#inside", "uv": [ 5.5, 14.5, 15.5, 15.5 ] }
							}
						},
						{
							"name": "barkbasket_N_strip1_24",
							"from": [ -1.5, 2.4, -1.4 ], 
							"to": [ 8.5, 5.4, -0.4 ], 
							"rotationOrigin": [ -0.5, 3.0, -1.0 ],
							"rotationX": 22.5,
							"faces": {
								"north": { "texture": "#inside", "uv": [ 0.5, 3.5, 10.5, 6.5 ] },
								"east": { "texture": "#bark", "uv": [ 11.5, 4.5, 12.5, 7.5 ], "enabled": false },
								"south": { "texture": "#bark", "uv": [ 0.5, 5.5, 10.5, 8.5 ] },
								"west": { "texture": "#bark", "uv": [ 7.5, 9.0, 8.5, 12.0 ], "enabled": false },
								"up": { "texture": "#bark", "uv": [ 2.5, 11.0, 12.5, 12.0 ], "enabled": false },
								"down": { "texture": "#bark", "uv": [ 2.0, 5.5, 12.0, 6.5 ], "enabled": false }
							}
						}
					]
				},
				{
					"name": "Bottom",
					"from": [ -5.0, 0.0, -5.0 ], 
					"to": [ 5.0, 1.0, 5.0 ], 
					"rotationOrigin": [ -5.0, 0.0, -5.0 ],
					"faces": {
						"north": { "texture": "#bark", "uv": [ 1.5, 7.5, 11.5, 8.5 ], "enabled": false },
						"east": { "texture": "#bark", "uv": [ 0.5, 6.0, 10.5, 7.0 ], "enabled": false },
						"south": { "texture": "#bark", "uv": [ 1.5, 12.0, 11.5, 13.0 ], "enabled": false },
						"west": { "texture": "#bark", "uv": [ 3.0, 9.0, 13.0, 10.0 ], "enabled": false },
						"up": { "texture": "#inside", "uv": [ 2.0, 3.0, 12.0, 13.0 ] },
						"down": { "texture": "#bark", "uv": [ 4.5, 3.5, 14.5, 13.5 ] }
					}
				}
			]
		},
		{
			"name": "lid",
			"from": [ 3.0, 5.0, 3.0 ], 
			"to": [ 13.0, 6.0, 13.0 ], 
			"rotationOrigin": [ 8.0, 5.0, 8.0 ],
			"faces": {
				"north": { "texture": "#inside", "uv": [ 1.5, 7.0, 11.5, 8.0 ] },
				"east": { "texture": "#inside", "uv": [ 2.0, 3.0, 12.0, 4.0 ] },
				"south": { "texture": "#inside", "uv": [ 1.0, 14.0, 11.0, 15.0 ] },
				"west": { "texture": "#inside", "uv": [ 5.0, 7.5, 15.0, 8.5 ] },
				"up": { "texture": "#bark", "uv": [ 5.5, 5.0, 15.5, 15.0 ] },
				"down": { "texture": "#inside", "uv": [ 2.5, 4.0, 12.5, 14.0 ] }
			},
			"children": [
				{
					"name": "HandleWest",
					"from": [ 3.0, 1.0, 4.5 ], 
					"to": [ 4.0, 2.0, 5.5 ], 
					"rotationOrigin": [ 3.0, 1.0, 4.5 ],
					"faces": {
						"north": { "texture": "#inside", "uv": [ 1.0, 4.5, 2.0, 5.5 ] },
						"east": { "texture": "#inside", "uv": [ 7.5, 8.5, 8.5, 9.5 ] },
						"south": { "texture": "#inside", "uv": [ 6.5, 4.0, 7.5, 5.0 ] },
						"west": { "texture": "#bark", "uv": [ 13.0, 6.0, 14.0, 7.0 ] },
						"up": { "texture": "#bark", "uv": [ 12.0, 9.5, 13.0, 10.5 ] },
						"down": { "texture": "#inside", "uv": [ 13.5, 8.0, 14.5, 9.0 ], "enabled": false }
					}
				},
				{
					"name": "HandleEast",
					"from": [ 6.0, 1.0, 4.5 ], 
					"to": [ 7.0, 2.0, 5.5 ], 
					"rotationOrigin": [ 6.0, 1.0, 4.5 ],
					"faces": {
						"north": { "texture": "#inside", "uv": [ 7.5, 4.0, 8.5, 5.0 ] },
						"east": { "texture": "#bark", "uv": [ 14.0, 11.0, 15.0, 12.0 ] },
						"south": { "texture": "#inside", "uv": [ 13.0, 7.5, 14.0, 8.5 ] },
						"west": { "texture": "#inside", "uv": [ 7.0, 7.5, 8.0, 8.5 ] },
						"up": { "texture": "#bark", "uv": [ 2.0, 8.5, 3.0, 9.5 ] },
						"down": { "texture": "#inside", "uv": [ 6.5, 1.0, 7.5, 2.0 ], "enabled": false }
					}
				},
				{
					"name": "HandleTop",
					"from": [ 3.5, 2.0, 4.5 ], 
					"to": [ 6.5, 2.5, 5.5 ], 
					"rotationOrigin": [ 3.5, 2.0, 4.5 ],
					"faces": {
						"north": { "texture": "#inside", "uv": [ 8.5, 9.0, 11.5, 9.5 ] },
						"east": { "texture": "#bark", "uv": [ 4.0, 4.0, 5.0, 4.5 ] },
						"south": { "texture": "#inside", "uv": [ 8.5, 8.0, 11.5, 8.5 ] },
						"west": { "texture": "#bark", "uv": [ 2.0, 12.5, 3.0, 13.0 ] },
						"up": { "texture": "#bark", "uv": [ 7.5, 12.5, 10.5, 13.5 ] },
						"down": { "texture": "#inside", "uv": [ 8.0, 3.0, 11.0, 4.0 ] }
					}
				}
			]
		}
	],
	"animations": [
		{
			"name": "lidopen",
			"code": "lidopen",
			"quantityframes": 30,
			"onActivityStopped": "Rewind",
			"onAnimationEnd": "Hold",
			"keyframes": [
				{
					"frame": 0,
					"elements": {
						"origin": {  },
						"lid": { "offsetX": 0.0, "offsetY": 0.0, "offsetZ": 0.0, "rotationX": 0.0, "rotationY": 0.0, "rotationZ": 0.0 },
						"EastStrip": {  },
						"barkbasket_N_strip1_18": { "rotationX": 0.0, "rotationY": 0.0, "rotationZ": 0.0 },
						"WestStrip": {  },
						"barkbasket_N_strip1_22": { "rotationX": 0.0, "rotationY": 0.0, "rotationZ": 0.0 }
					}
				},
				{
					"frame": 15,
					"elements": {
						"origin": {  },
						"EastStrip": {  },
						"barkbasket_N_strip1_18": { "rotationX": 22.0, "rotationY": 0.0, "rotationZ": 0.0 },
						"WestStrip": {  },
						"barkbasket_N_strip1_22": { "rotationX": 22.0, "rotationY": 0.0, "rotationZ": 0.0 },
						"lid": { "offsetX": 0.0, "offsetY": 0.0, "offsetZ": 0.0 }
					}
				},
				{
					"frame": 29,
					"elements": {
						"origin": {  },
						"lid": { "offsetX": 0.0, "offsetY": -2.0, "offsetZ": -3.0, "rotationX": 45.0, "rotationY": 0.0, "rotationZ": 0.0 },
						"EastStrip": {  },
						"barkbasket_N_strip1_18": { "rotationX": 22.0, "rotationY": 0.0, "rotationZ": 0.0 },
						"WestStrip": {  },
						"barkbasket_N_strip1_22": { "rotationX": 22.0, "rotationY": 0.0, "rotationZ": 0.0 }
					}
				}
			]
		}
	]
}