{
	"editor": {
		"allAngles": false,
		"entityTextureMode": false
	},
	"textureWidth": 16,
	"textureHeight": 16,
	"textureSizes": {
	},
	"textures": {
		"kapok": "/Users/vinte/AppData/Roaming/Vintagestory/1170pre2/assets/survival/textures/block/wood/debarked/kapok",
		"kapok2": "/Users/vinte/AppData/Roaming/Vintagestory/1170pre2/assets/survival/textures/block/wood/bark/kapok"
	},
	"elements": [
		{
			"name": "Chisel",
			"from": [ 6.9, 3.7, 2.0 ], 
			"to": [ 8.9, 4.7, 4.0 ], 
			"rotationOrigin": [ 6.9, 3.7, 2.0 ],
			"faces": {
				"north": { "texture": "#kapok2", "uv": [ 0.0, 0.0, 15.5, 14.5 ], "autoUv": false },
				"east": { "texture": "#kapok2", "uv": [ 0.0, 0.0, 14.5, 14.5 ], "autoUv": false },
				"south": { "texture": "#kapok2", "uv": [ 0.0, 0.0, 15.0, 14.0 ], "autoUv": false },
				"west": { "texture": "#kapok2", "uv": [ 0.0, 0.0, 14.0, 10.5 ], "autoUv": false },
				"up": { "texture": "#kapok2", "uv": [ 0.0, 0.0, 10.5, 9.5 ], "autoUv": false },
				"down": { "texture": "#kapok2", "uv": [ 0.0, 0.0, 15.0, 15.0 ], "autoUv": false }
			},
			"children": [
				{
					"name": "Cube1",
					"from": [ 0.5, -3.9, 0.1 ], 
					"to": [ 1.5, 0.1, 1.9 ], 
					"rotationOrigin": [ 1.5, -3.9, 0.1 ],
					"rotationZ": -7.0,
					"faces": {
						"north": { "texture": "#kapok", "uv": [ 0.0, 0.0, 15.5, 15.0 ], "autoUv": false },
						"east": { "texture": "#kapok", "uv": [ 0.0, 0.0, 15.0, 15.0 ], "autoUv": false },
						"south": { "texture": "#kapok", "uv": [ 0.0, 0.0, 15.0, 15.0 ], "autoUv": false },
						"west": { "texture": "#kapok", "uv": [ 0.0, 0.0, 15.0, 15.5 ], "autoUv": false },
						"up": { "texture": "#kapok", "uv": [ 0.0, 0.0, 15.5, 15.0 ], "autoUv": false },
						"down": { "texture": "#kapok", "uv": [ 0.0, 0.0, 15.5, 15.5 ], "autoUv": false }
					}
				},
				{
					"name": "Cube2",
					"from": [ 0.5, -3.9, 0.1 ], 
					"to": [ 1.5, 0.1, 1.9 ], 
					"rotationOrigin": [ 0.5, -3.9, 0.1 ],
					"rotationZ": 7.0,
					"faces": {
						"north": { "texture": "#kapok", "uv": [ 0.0, 0.0, 15.5, 15.0 ], "autoUv": false },
						"east": { "texture": "#kapok", "uv": [ 0.0, 0.0, 15.0, 14.0 ], "autoUv": false },
						"south": { "texture": "#kapok", "uv": [ 0.0, 0.0, 15.0, 15.5 ], "autoUv": false },
						"west": { "texture": "#kapok", "uv": [ 0.0, 0.0, 14.0, 15.0 ], "autoUv": false },
						"up": { "texture": "#kapok", "uv": [ 0.0, 0.0, 13.5, 15.5 ], "autoUv": false },
						"down": { "texture": "#kapok", "uv": [ 0.0, 0.0, 15.0, 13.5 ], "autoUv": false }
					}
				}
			]
		},
		{
			"name": "Chisel4",
			"from": [ 6.9, 3.6, 7.0 ], 
			"to": [ 8.9, 4.6, 9.0 ], 
			"rotationOrigin": [ 6.9, 3.6, 7.0 ],
			"faces": {
				"north": { "texture": "#kapok2", "uv": [ 0.0, 0.0, 15.5, 14.5 ], "autoUv": false },
				"east": { "texture": "#kapok2", "uv": [ 0.0, 0.0, 14.5, 14.5 ], "autoUv": false },
				"south": { "texture": "#kapok2", "uv": [ 0.0, 0.0, 15.0, 14.0 ], "autoUv": false },
				"west": { "texture": "#kapok2", "uv": [ 0.0, 0.0, 14.0, 10.5 ], "autoUv": false },
				"up": { "texture": "#kapok2", "uv": [ 0.0, 0.0, 10.5, 9.5 ], "autoUv": false },
				"down": { "texture": "#kapok2", "uv": [ 0.0, 0.0, 15.0, 15.0 ], "autoUv": false }
			},
			"children": [
				{
					"name": "Cube5",
					"from": [ 0.5, -3.9, 0.1 ], 
					"to": [ 1.5, 0.1, 1.9 ], 
					"rotationOrigin": [ 1.5, -3.9, 0.1 ],
					"rotationZ": -7.0,
					"faces": {
						"north": { "texture": "#kapok", "uv": [ 0.0, 0.0, 15.5, 15.0 ], "autoUv": false },
						"east": { "texture": "#kapok", "uv": [ 0.0, 0.0, 15.0, 15.0 ], "autoUv": false },
						"south": { "texture": "#kapok", "uv": [ 0.0, 0.0, 15.0, 15.0 ], "autoUv": false },
						"west": { "texture": "#kapok", "uv": [ 0.0, 0.0, 15.0, 15.5 ], "autoUv": false },
						"up": { "texture": "#kapok", "uv": [ 0.0, 0.0, 15.5, 15.0 ], "autoUv": false },
						"down": { "texture": "#kapok", "uv": [ 0.0, 0.0, 15.5, 15.5 ], "autoUv": false }
					}
				},
				{
					"name": "Cube6",
					"from": [ 0.5, -3.9, 0.1 ], 
					"to": [ 1.5, 0.1, 1.9 ], 
					"rotationOrigin": [ 0.5, -3.9, 0.1 ],
					"rotationZ": 7.0,
					"faces": {
						"north": { "texture": "#kapok", "uv": [ 0.0, 0.0, 15.5, 15.0 ], "autoUv": false },
						"east": { "texture": "#kapok", "uv": [ 0.0, 0.0, 15.0, 14.0 ], "autoUv": false },
						"south": { "texture": "#kapok", "uv": [ 0.0, 0.0, 15.0, 15.5 ], "autoUv": false },
						"west": { "texture": "#kapok", "uv": [ 0.0, 0.0, 14.0, 15.0 ], "autoUv": false },
						"up": { "texture": "#kapok", "uv": [ 0.0, 0.0, 13.5, 15.5 ], "autoUv": false },
						"down": { "texture": "#kapok", "uv": [ 0.0, 0.0, 15.0, 13.5 ], "autoUv": false }
					}
				}
			]
		},
		{
			"name": "Chisel7",
			"from": [ 6.9, 3.6, 12.0 ], 
			"to": [ 8.9, 4.6, 14.0 ], 
			"rotationOrigin": [ 6.9, 3.6, 12.0 ],
			"faces": {
				"north": { "texture": "#kapok2", "uv": [ 0.0, 0.0, 15.5, 14.5 ], "autoUv": false },
				"east": { "texture": "#kapok2", "uv": [ 0.0, 0.0, 14.5, 14.5 ], "autoUv": false },
				"south": { "texture": "#kapok2", "uv": [ 0.0, 0.0, 15.0, 14.0 ], "autoUv": false },
				"west": { "texture": "#kapok2", "uv": [ 0.0, 0.0, 14.0, 10.5 ], "autoUv": false },
				"up": { "texture": "#kapok2", "uv": [ 0.0, 0.0, 10.5, 9.5 ], "autoUv": false },
				"down": { "texture": "#kapok2", "uv": [ 0.0, 0.0, 15.0, 15.0 ], "autoUv": false }
			},
			"children": [
				{
					"name": "Cube8",
					"from": [ 0.5, -3.9, 0.1 ], 
					"to": [ 1.5, 0.1, 1.9 ], 
					"rotationOrigin": [ 1.5, -3.9, 0.1 ],
					"rotationZ": -7.0,
					"faces": {
						"north": { "texture": "#kapok", "uv": [ 0.0, 0.0, 15.5, 15.0 ], "autoUv": false },
						"east": { "texture": "#kapok", "uv": [ 0.0, 0.0, 15.0, 15.0 ], "autoUv": false },
						"south": { "texture": "#kapok", "uv": [ 0.0, 0.0, 15.0, 15.0 ], "autoUv": false },
						"west": { "texture": "#kapok", "uv": [ 0.0, 0.0, 15.0, 15.5 ], "autoUv": false },
						"up": { "texture": "#kapok", "uv": [ 0.0, 0.0, 15.5, 15.0 ], "autoUv": false },
						"down": { "texture": "#kapok", "uv": [ 0.0, 0.0, 15.5, 15.5 ], "autoUv": false }
					}
				},
				{
					"name": "Cube9",
					"from": [ 0.5, -3.9, 0.1 ], 
					"to": [ 1.5, 0.1, 1.9 ], 
					"rotationOrigin": [ 0.5, -3.9, 0.1 ],
					"rotationZ": 7.0,
					"faces": {
						"north": { "texture": "#kapok", "uv": [ 0.0, 0.0, 15.5, 15.0 ], "autoUv": false },
						"east": { "texture": "#kapok", "uv": [ 0.0, 0.0, 15.0, 14.0 ], "autoUv": false },
						"south": { "texture": "#kapok", "uv": [ 0.0, 0.0, 15.0, 15.5 ], "autoUv": false },
						"west": { "texture": "#kapok", "uv": [ 0.0, 0.0, 14.0, 15.0 ], "autoUv": false },
						"up": { "texture": "#kapok", "uv": [ 0.0, 0.0, 13.5, 15.5 ], "autoUv": false },
						"down": { "texture": "#kapok", "uv": [ 0.0, 0.0, 15.0, 13.5 ], "autoUv": false }
					}
				}
			]
		}
	]}