{
  "code": "peltmount",
  "behaviors": [
    {
      "name": "HorizontalOrientable",
      "properties": {
        "dropBlockFace": "north",
        "drop": {
          "type": "block",
          "code": "untamedwildsursidae:peltmount-{type}-{species}-north"
        }
      }
    },
    { 
      "name": 
        "RightClickPickup" 
    }
  ],
  "variantgroups": [
    {"code": "type","states": [ "baby","female","male" ]},
		{"code": "species","states": [ "ailuropodamelanoleuca","helarctosmalayanus","melursusursinus","tremarctosornatus","ursusamericanus","ursusarctos","ursusmaritimus","ursusthibetanus" ]},
    {"code": "side", "loadFromProperties": "game:abstract/horizontalorientation"}
  ],
  "attributes": {
    "handbook": {
      "groupBy": [ "peltmount-*" ]
    }
  },
  "shapebytype": {
    "*-female-ailuropodamelanoleuca-north": { "base": "block/ursidae/wallpelt-{species}", "rotateX": 90,"scale": 0.85 },
    "*-male-ailuropodamelanoleuca-north": { "base": "block/ursidae/wallpelt-{species}", "rotateX": 90,"scale": 1 },
    "*-baby-ailuropodamelanoleuca-north": { "base": "block/ursidae/wallpelt-{species}", "rotateX": 90,"scale": 0.4 },
    "*-female-ailuropodamelanoleuca-east": { "base": "block/ursidae/wallpelt-{species}", "rotateX": 90, "rotateZ": 90,"scale": 0.85 },
    "*-male-ailuropodamelanoleuca-east": { "base": "block/ursidae/wallpelt-{species}", "rotateX": 90, "rotateZ": 90,"scale": 1 },
    "*-baby-ailuropodamelanoleuca-east": { "base": "block/ursidae/wallpelt-{species}", "rotateX": 90, "rotateZ": 90,"scale": 0.3 },
    "*-female-ailuropodamelanoleuca-south": { "base": "block/ursidae/wallpelt-{species}", "rotateX": 90, "rotateZ": 180,"scale": 0.85 },
    "*-male-ailuropodamelanoleuca-south": { "base": "block/ursidae/wallpelt-{species}", "rotateX": 90, "rotateZ": 180,"scale": 1 },
    "*-baby-ailuropodamelanoleuca-south": { "base": "block/ursidae/wallpelt-{species}", "rotateX": 90, "rotateZ": 180,"scale": 0.4 },
    "*-female-ailuropodamelanoleuca-west": { "base": "block/ursidae/wallpelt-{species}", "rotateX": 270, "rotateY": 180, "rotateZ": 90,"scale": 0.85 },
    "*-male-ailuropodamelanoleuca-west": { "base": "block/ursidae/wallpelt-{species}", "rotateX": 270, "rotateY": 180, "rotateZ": 90,"scale": 1 },
    "*-baby-ailuropodamelanoleuca-west": { "base": "block/ursidae/wallpelt-{species}", "rotateX": 270, "rotateY": 180, "rotateZ": 90,"scale": 0.4 },

    "*-female-helarctosmalayanus-north": { "base": "block/ursidae/wallpelt-{species}", "rotateX": 90,"scale": 0.7 },
    "*-male-helarctosmalayanus-north": { "base": "block/ursidae/wallpelt-{species}", "rotateX": 90,"scale": 0.9 },
    "*-baby-helarctosmalayanus-north": { "base": "block/ursidae/wallpelt-{species}", "rotateX": 90,"scale": 0.3 },
    "*-female-helarctosmalayanus-east": { "base": "block/ursidae/wallpelt-{species}", "rotateX": 90, "rotateZ": 90,"scale": 0.7 },
    "*-male-helarctosmalayanus-east": { "base": "block/ursidae/wallpelt-{species}", "rotateX": 90, "rotateZ": 90,"scale": 0.9 },
    "*-baby-helarctosmalayanus-east": { "base": "block/ursidae/wallpelt-{species}", "rotateX": 90, "rotateZ": 90,"scale": 0.3 },
    "*-female-helarctosmalayanus-south": { "base": "block/ursidae/wallpelt-{species}", "rotateX": 90, "rotateZ": 180,"scale": 0.7 },
    "*-male-helarctosmalayanus-south": { "base": "block/ursidae/wallpelt-{species}", "rotateX": 90, "rotateZ": 180,"scale": 0.9 },
    "*-baby-helarctosmalayanus-south": { "base": "block/ursidae/wallpelt-{species}", "rotateX": 90, "rotateZ": 180,"scale": 0.3 },
    "*-female-helarctosmalayanus-west": { "base": "block/ursidae/wallpelt-{species}", "rotateX": 270, "rotateY": 180, "rotateZ": 90,"scale": 0.7 },
    "*-male-helarctosmalayanus-west": { "base": "block/ursidae/wallpelt-{species}", "rotateX": 270, "rotateY": 180, "rotateZ": 90,"scale": 0.9 },
    "*-baby-helarctosmalayanus-west": { "base": "block/ursidae/wallpelt-{species}", "rotateX": 270, "rotateY": 180, "rotateZ": 90,"scale": 0.3 },
  
    "*-female-melursusursinus-north": { "base": "block/ursidae/wallpelt-{species}", "rotateX": 90,"scale": 0.85 },
    "*-male-melursusursinus-north": { "base": "block/ursidae/wallpelt-{species}", "rotateX": 90,"scale": 1 },
    "*-baby-melursusursinus-north": { "base": "block/ursidae/wallpelt-{species}", "rotateX": 90,"scale": 0.3 },
    "*-female-melursusursinus-east": { "base": "block/ursidae/wallpelt-{species}", "rotateX": 90, "rotateZ": 90,"scale": 0.85 },
    "*-male-melursusursinus-east": { "base": "block/ursidae/wallpelt-{species}", "rotateX": 90, "rotateZ": 90,"scale": 1 },
    "*-baby-melursusursinus-east": { "base": "block/ursidae/wallpelt-{species}", "rotateX": 90, "rotateZ": 90,"scale": 0.3 },
    "*-female-melursusursinus-south": { "base": "block/ursidae/wallpelt-{species}", "rotateX": 90, "rotateZ": 180,"scale": 0.85 },
    "*-male-melursusursinus-south": { "base": "block/ursidae/wallpelt-{species}", "rotateX": 90, "rotateZ": 180,"scale": 1 },
    "*-baby-melursusursinus-south": { "base": "block/ursidae/wallpelt-{species}", "rotateX": 90, "rotateZ": 180,"scale": 0.3 },
    "*-female-melursusursinus-west": { "base": "block/ursidae/wallpelt-{species}", "rotateX": 270, "rotateY": 180, "rotateZ": 90,"scale": 0.85 },
    "*-male-melursusursinus-west": { "base": "block/ursidae/wallpelt-{species}", "rotateX": 270, "rotateY": 180, "rotateZ": 90,"scale": 1 },
    "*-baby-melursusursinus-west": { "base": "block/ursidae/wallpelt-{species}", "rotateX": 270, "rotateY": 180, "rotateZ": 90,"scale": 0.3 },

    "*-female-tremarctosornatus-north": { "base": "block/ursidae/wallpelt-{species}", "rotateX": 90,"scale": 0.75 },
    "*-male-tremarctosornatus-north": { "base": "block/ursidae/wallpelt-{species}", "rotateX": 90,"scale": 1 },
    "*-baby-tremarctosornatus-north": { "base": "block/ursidae/wallpelt-{species}", "rotateX": 90,"scale": 0.3 },
    "*-female-tremarctosornatus-east": { "base": "block/ursidae/wallpelt-{species}", "rotateX": 90, "rotateZ": 90,"scale": 0.75 },
    "*-male-tremarctosornatus-east": { "base": "block/ursidae/wallpelt-{species}", "rotateX": 90, "rotateZ": 90,"scale": 1 },
    "*-baby-tremarctosornatus-east": { "base": "block/ursidae/wallpelt-{species}", "rotateX": 90, "rotateZ": 90,"scale": 0.3 },
    "*-female-tremarctosornatus-south": { "base": "block/ursidae/wallpelt-{species}", "rotateX": 90, "rotateZ": 180,"scale": 0.75 },
    "*-male-tremarctosornatus-south": { "base": "block/ursidae/wallpelt-{species}", "rotateX": 90, "rotateZ": 180,"scale": 1 },
    "*-baby-tremarctosornatus-south": { "base": "block/ursidae/wallpelt-{species}", "rotateX": 90, "rotateZ": 180,"scale": 0.3 },
    "*-female-tremarctosornatus-west": { "base": "block/ursidae/wallpelt-{species}", "rotateX": 270, "rotateY": 180, "rotateZ": 90,"scale": 0.75 },
    "*-male-tremarctosornatus-west": { "base": "block/ursidae/wallpelt-{species}", "rotateX": 270, "rotateY": 180, "rotateZ": 90,"scale": 1 },
    "*-baby-tremarctosornatus-west": { "base": "block/ursidae/wallpelt-{species}", "rotateX": 270, "rotateY": 180, "rotateZ": 90,"scale": 0.3 },
  
    "*-female-ursusamericanus-north": { "base": "block/ursidae/wallpelt-{species}", "rotateX": 90,"scale": 0.8 },
    "*-male-ursusamericanus-north": { "base": "block/ursidae/wallpelt-{species}", "rotateX": 90,"scale": 1 },
    "*-baby-ursusamericanus-north": { "base": "block/ursidae/wallpelt-{species}", "rotateX": 90,"scale": 0.35 },
    "*-female-ursusamericanus-east": { "base": "block/ursidae/wallpelt-{species}", "rotateX": 90, "rotateZ": 90,"scale": 0.8 },
    "*-male-ursusamericanus-east": { "base": "block/ursidae/wallpelt-{species}", "rotateX": 90, "rotateZ": 90,"scale": 1 },
    "*-baby-ursusamericanus-east": { "base": "block/ursidae/wallpelt-{species}", "rotateX": 90, "rotateZ": 90,"scale": 0.35 },
    "*-female-ursusamericanus-south": { "base": "block/ursidae/wallpelt-{species}", "rotateX": 90, "rotateZ": 180,"scale": 0.8 },
    "*-male-ursusamericanus-south": { "base": "block/ursidae/wallpelt-{species}", "rotateX": 90, "rotateZ": 180,"scale": 1 },
    "*-baby-ursusamericanus-south": { "base": "block/ursidae/wallpelt-{species}", "rotateX": 90, "rotateZ": 180,"scale": 0.35 },
    "*-female-ursusamericanus-west": { "base": "block/ursidae/wallpelt-{species}", "rotateX": 270, "rotateY": 180, "rotateZ": 90,"scale": 0.8 },
    "*-male-ursusamericanus-west": { "base": "block/ursidae/wallpelt-{species}", "rotateX": 270, "rotateY": 180, "rotateZ": 90,"scale": 1 },
    "*-baby-ursusamericanus-west": { "base": "block/ursidae/wallpelt-{species}", "rotateX": 270, "rotateY": 180, "rotateZ": 90,"scale": 0.35 },
  
    "*-female-ursusarctos-north": { "base": "block/ursidae/wallpelt-{species}", "rotateX": 90,"scale": 0.85 },
    "*-male-ursusarctos-north": { "base": "block/ursidae/wallpelt-{species}", "rotateX": 90,"scale": 1 },
    "*-baby-ursusarctos-north": { "base": "block/ursidae/wallpelt-{species}", "rotateX": 90,"scale": 0.35 },
    "*-female-ursusarctos-east": { "base": "block/ursidae/wallpelt-{species}", "rotateX": 90, "rotateZ": 90,"scale": 0.85 },
    "*-male-ursusarctos-east": { "base": "block/ursidae/wallpelt-{species}", "rotateX": 90, "rotateZ": 90,"scale": 1 },
    "*-baby-ursusarctos-east": { "base": "block/ursidae/wallpelt-{species}", "rotateX": 90, "rotateZ": 90,"scale": 0.35 },
    "*-female-ursusarctos-south": { "base": "block/ursidae/wallpelt-{species}", "rotateX": 90, "rotateZ": 180,"scale": 0.85 },
    "*-male-ursusarctos-south": { "base": "block/ursidae/wallpelt-{species}", "rotateX": 90, "rotateZ": 180,"scale": 1 },
    "*-baby-ursusarctos-south": { "base": "block/ursidae/wallpelt-{species}", "rotateX": 90, "rotateZ": 180,"scale": 0.35 },
    "*-female-ursusarctos-west": { "base": "block/ursidae/wallpelt-{species}", "rotateX": 270, "rotateY": 180, "rotateZ": 90,"scale": 0.85 },
    "*-male-ursusarctos-west": { "base": "block/ursidae/wallpelt-{species}", "rotateX": 270, "rotateY": 180, "rotateZ": 90,"scale": 1 },
    "*-baby-ursusarctos-west": { "base": "block/ursidae/wallpelt-{species}", "rotateX": 270, "rotateY": 180, "rotateZ": 90,"scale": 0.35 },

    "*-female-ursusmaritimus-north": { "base": "block/ursidae/wallpelt-{species}", "rotateX": 90,"scale": 0.75 },
    "*-male-ursusmaritimus-north": { "base": "block/ursidae/wallpelt-{species}", "rotateX": 90,"scale": 1 },
    "*-baby-ursusmaritimus-north": { "base": "block/ursidae/wallpelt-{species}", "rotateX": 90,"scale": 0.4 },
    "*-female-ursusmaritimus-east": { "base": "block/ursidae/wallpelt-{species}", "rotateX": 90, "rotateZ": 90,"scale": 0.75 },
    "*-male-ursusmaritimus-east": { "base": "block/ursidae/wallpelt-{species}", "rotateX": 90, "rotateZ": 90,"scale": 1 },
    "*-baby-ursusmaritimus-east": { "base": "block/ursidae/wallpelt-{species}", "rotateX": 90, "rotateZ": 90,"scale": 0.4 },
    "*-female-ursusmaritimus-south": { "base": "block/ursidae/wallpelt-{species}", "rotateX": 90, "rotateZ": 180,"scale": 0.75 },
    "*-male-ursusmaritimus-south": { "base": "block/ursidae/wallpelt-{species}", "rotateX": 90, "rotateZ": 180,"scale": 1 },
    "*-baby-ursusmaritimus-south": { "base": "block/ursidae/wallpelt-{species}", "rotateX": 90, "rotateZ": 180,"scale": 0.4 },
    "*-female-ursusmaritimus-west": { "base": "block/ursidae/wallpelt-{species}", "rotateX": 270, "rotateY": 180, "rotateZ": 90,"scale": 0.75 },
    "*-male-ursusmaritimus-west": { "base": "block/ursidae/wallpelt-{species}", "rotateX": 270, "rotateY": 180, "rotateZ": 90,"scale": 1 },
    "*-baby-ursusmaritimus-west": { "base": "block/ursidae/wallpelt-{species}", "rotateX": 270, "rotateY": 180, "rotateZ": 90,"scale": 0.4 },

    "*-female-ursusthibetanus-north": { "base": "block/ursidae/wallpelt-{species}", "rotateX": 90,"scale": 0.8 },
    "*-male-ursusthibetanus-north": { "base": "block/ursidae/wallpelt-{species}", "rotateX": 90,"scale": 1 },
    "*-baby-ursusthibetanus-north": { "base": "block/ursidae/wallpelt-{species}", "rotateX": 90,"scale": 0.35 },
    "*-female-ursusthibetanus-east": { "base": "block/ursidae/wallpelt-{species}", "rotateX": 90, "rotateZ": 90,"scale": 0.8 },
    "*-male-ursusthibetanus-east": { "base": "block/ursidae/wallpelt-{species}", "rotateX": 90, "rotateZ": 90,"scale": 1 },
    "*-baby-ursusthibetanus-east": { "base": "block/ursidae/wallpelt-{species}", "rotateX": 90, "rotateZ": 90,"scale": 0.35 },
    "*-female-ursusthibetanus-south": { "base": "block/ursidae/wallpelt-{species}", "rotateX": 90, "rotateZ": 180,"scale": 0.8 },
    "*-male-ursusthibetanus-south": { "base": "block/ursidae/wallpelt-{species}", "rotateX": 90, "rotateZ": 180,"scale": 1 },
    "*-baby-ursusthibetanus-south": { "base": "block/ursidae/wallpelt-{species}", "rotateX": 90, "rotateZ": 180,"scale": 0.35 },
    "*-female-ursusthibetanus-west": { "base": "block/ursidae/wallpelt-{species}", "rotateX": 270, "rotateY": 180, "rotateZ": 90,"scale": 0.8 },
    "*-male-ursusthibetanus-west": { "base": "block/ursidae/wallpelt-{species}", "rotateX": 270, "rotateY": 180, "rotateZ": 90,"scale": 1 },
    "*-baby-ursusthibetanus-west": { "base": "block/ursidae/wallpelt-{species}", "rotateX": 270, "rotateY": 180, "rotateZ": 90,"scale": 0.35 }
  },
  "sidesolid": { "all": false },
  "sideopaque": { "all": false },
  "creativeinventory": {
    "general": [ "*-{type}-{species}-north" ],
    "decorative": [ "*-{type}-{species}-north" ]
  },
  "replaceable": 5001,
  "resistance": 0.5,
  "lightAbsorption": 0,
	"texturesByType": {
		"peltmount-*-ailuropodamelanoleuca-*": { "ailuropodamelanoleuca": { "base": "entity/ursidae/{species}" } },
		"peltmount-*-helarctosmalayanus-*": { "helarctosmalayanus": { "base": "entity/ursidae/{species}" } },
		"peltmount-*-melursusursinus-*": { "melursusursinus": { "base": "entity/ursidae/{species}" } },
		"peltmount-*-tremarctosornatus-*": { "tremarctosornatus": { "base": "entity/ursidae/{species}" } },
		"peltmount-*-ursusamericanus-*": { "ursusamericanus": { "base": "entity/ursidae/{species}" } },
		"peltmount-*-ursusarctos-*": { "ursusarctos": { "base": "entity/ursidae/{species}" } },
		"peltmount-*-ursusmaritimus-*": { "ursusmaritimus": { "base": "entity/ursidae/{species}" } },
		"peltmount-*-ursusthibetanus-*": { "ursusthibetanus": { "base": "entity/ursidae/{species}" } }
	},
  "selectionBoxByType": {
    "*-down": {"x1": 0.15,"y1": 0.15,"z1": 0.0,"x2": 0.85,"y2": 0.85,"z2": 0.1},
    "*-north": {"x1": 0.15,"y1": 0.15,"z1": 0.0,"x2": 0.85,"y2": 0.85,"z2": 0.1},
    "*-east": {"x1": 0.9,"y1": 0.15,"z1": 0.15,"x2": 1.0,"y2": 0.85,"z2": 0.85},
    "*-south": {"x1": 0.15,"y1": 0.15,"z1": 0.9,"x2": 0.85,"y2": 0.85,"z2": 1.0},
    "*-west": {"x1": 0.0,"y1": 0.15,"z1": 0.15,"x2": 0.1,"y2": 0.85,"z2": 0.85}
  },
  "collisionbox": null,
  "sounds": {
    "walk": "game:walk/cloth"
  },
  "guiTransformByType": {
    "*": {"translation": {"x": 0,"y": 1,"z": 0},"rotation": {"x": 0,"y": 135,"z": 0},"origin": {"x": 0.5,"y": 0.5,"z": 0.1},"scale": 1}
  },
	"groundTransformByType": {
		"*-female-*": {"translation": {"x": 0,"y": 0,"z": 0},"rotation": { "x": 270, "y": 0, "z": 0 },"origin": { "x": 0, "y": 0, "z": 0 },"scale": 1.4},
		"*-male-*": {"translation": {"x": 0,"y": 0,"z": 0},"rotation": { "x": 270, "y": 0, "z": 0 },"origin": { "x": 0, "y": 0, "z": 0 },"scale": 1.6},
		"*-baby-*": {"translation": {"x": 0,"y": 0,"z": 0},"rotation": { "x": 270, "y": 0, "z": 0 },"origin": { "x": 0, "y": 0, "z": 0 },"scale": 1.2}
		}, 
  "tpHandTransform": {
    "translation": {"x": -0.55,"y": -0.6,"z": -0.15},
    "rotation": {"x": 0,"y": 0,"z": 0},
    "origin": {"x": 0.5,"y": 0.5,"z": 0.1},
    "scale": 1.0
  },
  "fpHandTransform": {
    "rotation": {"x": 0,"y": 0,"z": 0},
    "origin": {"x": 0.5,"y": 0.5,"z": 1.0},
    "scale": 1.0
  },
  "materialDensity": 3000
}