{
	"editor": {
		"allAngles": false,
		"entityTextureMode": false
	},
	"textureWidth": 16,
	"textureHeight": 16,
	"textureSizes": {
		"barktuft": [16,8],
		"bark": [16,16],
		"treetrunk": [16,16]
	},
	"textures": {
		"barktuft": "block/plant/palm/coconut/barktuft",
		"bark": "block/plant/palm/coconut/bark",
		"treetrunk": "block/plant/palm/coconut/treetrunk",
		"coconut2": "block/plant/palm/coconut/coconut2"
	},
	"elements": [
		{
			"name": "Trunk",
			"from": [ 5.0, 0.0, 5.0 ], 
			"to": [ 11.0, 16.0, 11.0 ], 
			"rotationOrigin": [ 8.0, 0.0, 8.0 ],
			"faces": {
				"north": { "texture": "#bark", "uv": [ 2.0, 0.0, 8.0, 16.0 ] },
				"east": { "texture": "#bark", "uv": [ 2.0, 0.0, 8.0, 16.0 ] },
				"south": { "texture": "#bark", "uv": [ 2.0, 0.0, 8.0, 16.0 ] },
				"west": { "texture": "#bark", "uv": [ 2.0, 0.0, 8.0, 16.0 ] },
				"up": { "texture": "#treetrunk", "uv": [ 2.0, 2.0, 8.0, 8.0 ] },
				"down": { "texture": "#treetrunk", "uv": [ 2.0, 2.0, 8.0, 8.0 ] }
			},
			"children": [
				{
					"name": "Upperbarktufts",
					"from": [ 3.0, 13.0, 3.0 ], 
					"to": [ 3.0, 13.0, 3.0 ], 
					"rotationOrigin": [ 3.0, 13.0, 3.0 ],
					"faces": {
						"north": { "texture": "#barktuft", "uv": [ 0.0, 0.0, 0.5, 0.5 ] },
						"east": { "texture": "#barktuft", "uv": [ 0.0, 0.0, 0.5, 0.5 ] },
						"south": { "texture": "#barktuft", "uv": [ 0.0, 0.0, 0.5, 0.5 ] },
						"west": { "texture": "#barktuft", "uv": [ 0.0, 0.0, 0.5, 0.5 ] },
						"up": { "texture": "#barktuft", "uv": [ 0.0, 0.0, 0.5, 0.5 ] },
						"down": { "texture": "#barktuft", "uv": [ 0.0, 0.0, 0.5, 0.5 ] }
					},
					"children": [
						{
							"name": "Barktuft1",
							"from": [ -5.0, 0.0, -3.0 ], 
							"to": [ 5.5, 7.0, -3.0 ], 
							"renderPass": 2,
							"rotationOrigin": [ 0.5, 0.0, -3.0 ],
							"rotationX": -12.0,
							"faces": {
								"north": { "texture": "#barktuft", "uv": [ 3.0, 1.0, 13.5, 8.0 ], "windMode": [-1,-1,-1,-1], "windData": [0,1,1,0] },
								"east": { "texture": "#bark", "uv": [ 0.0, 0.0, 0.5, 7.0 ], "enabled": false },
								"south": { "texture": "#barktuft", "uv": [ 3.0, 1.0, 13.5, 8.0 ], "enabled": false, "windMode": [-1,-1,-1,-1] },
								"west": { "texture": "#bark", "uv": [ 0.0, 0.0, 0.5, 7.0 ], "enabled": false },
								"up": { "texture": "#bark", "uv": [ 0.0, 0.0, 10.5, 0.5 ], "enabled": false },
								"down": { "texture": "#bark", "uv": [ 0.0, 0.0, 10.5, 0.5 ], "enabled": false }
							}
						},
						{
							"name": "Barktuft2",
							"from": [ -5.0, -7.0, 3.0 ], 
							"to": [ 5.5, 0.0, 3.0 ], 
							"renderPass": 2,
							"rotationOrigin": [ 0.5, 0.0, 3.0 ],
							"rotationX": -168.0,
							"faces": {
								"north": { "texture": "#barktuft", "uv": [ 3.0, 1.0, 13.5, 8.0 ], "rotation": 180, "windMode": [-1,-1,-1,-1], "windData": [0,1,1,0] },
								"east": { "texture": "#bark", "uv": [ 0.0, 0.0, 0.5, 7.0 ], "enabled": false },
								"south": { "texture": "#barktuft", "uv": [ 3.0, 1.0, 13.5, 8.0 ], "enabled": false },
								"west": { "texture": "#bark", "uv": [ 0.0, 0.0, 0.5, 7.0 ], "enabled": false },
								"up": { "texture": "#bark", "uv": [ 0.0, 0.0, 10.5, 0.5 ], "enabled": false },
								"down": { "texture": "#bark", "uv": [ 0.0, 0.0, 10.5, 0.5 ], "enabled": false }
							}
						},
						{
							"name": "Barktuft3",
							"from": [ 3.0, 0.0, -5.0 ], 
							"to": [ 3.0, 7.0, 5.5 ], 
							"renderPass": 2,
							"rotationOrigin": [ 3.0, 0.0, 0.0 ],
							"rotationZ": -12.0,
							"faces": {
								"north": { "texture": "#barktuft", "uv": [ 3.0, 1.0, 4.0, 8.0 ], "enabled": false },
								"east": { "texture": "#barktuft", "uv": [ 3.0, 1.0, 13.5, 8.0 ], "windMode": [-1,-1,-1,-1], "windData": [0,1,1,0] },
								"south": { "texture": "#barktuft", "uv": [ 3.0, 1.0, 4.0, 8.0 ], "enabled": false },
								"west": { "texture": "#bark", "uv": [ 0.0, 0.0, 10.5, 7.0 ], "enabled": false },
								"up": { "texture": "#bark", "uv": [ 0.0, 0.0, 1.0, 10.5 ], "enabled": false },
								"down": { "texture": "#bark", "uv": [ 0.0, 0.0, 1.0, 10.5 ], "enabled": false }
							}
						},
						{
							"name": "Barktuft4",
							"from": [ -3.0, 0.0, -5.0 ], 
							"to": [ -3.0, 7.0, 5.5 ], 
							"renderPass": 2,
							"rotationOrigin": [ -3.0, 0.0, 0.0 ],
							"rotationZ": 12.0,
							"faces": {
								"north": { "texture": "#barktuft", "uv": [ 3.0, 1.0, 3.5, 8.0 ], "enabled": false },
								"east": { "texture": "#barktuft", "uv": [ 3.0, 1.0, 13.5, 8.0 ], "enabled": false },
								"south": { "texture": "#barktuft", "uv": [ 3.0, 1.0, 3.5, 8.0 ], "enabled": false },
								"west": { "texture": "#barktuft", "uv": [ 3.0, 1.0, 13.5, 8.0 ], "windMode": [-1,-1,-1,-1], "windData": [0,0,1,1] },
								"up": { "texture": "#bark", "uv": [ 0.0, 0.0, 0.5, 10.5 ], "enabled": false },
								"down": { "texture": "#bark", "uv": [ 0.0, 0.0, 0.5, 10.5 ], "enabled": false }
							}
						}
					]
				},
				{
					"name": "Lowerbarktufts",
					"from": [ 3.0, 9.0, 3.0 ], 
					"to": [ 3.0, 9.0, 3.0 ], 
					"rotationOrigin": [ 3.0, 9.0, 3.0 ],
					"faces": {
						"north": { "texture": "#barktuft", "uv": [ 0.0, 0.0, 0.5, 0.5 ] },
						"east": { "texture": "#barktuft", "uv": [ 0.0, 0.0, 0.5, 0.5 ] },
						"south": { "texture": "#barktuft", "uv": [ 0.0, 0.0, 0.5, 0.5 ] },
						"west": { "texture": "#barktuft", "uv": [ 0.0, 0.0, 0.5, 0.5 ] },
						"up": { "texture": "#barktuft", "uv": [ 0.0, 0.0, 0.5, 0.5 ] },
						"down": { "texture": "#barktuft", "uv": [ 0.0, 0.0, 0.5, 0.5 ] }
					},
					"children": [
						{
							"name": "Barktuft5",
							"from": [ -5.0, 0.0, -3.0 ], 
							"to": [ 5.5, 7.0, -3.0 ], 
							"renderPass": 2,
							"rotationOrigin": [ 0.5, 0.0, -3.0 ],
							"rotationX": -168.0,
							"faces": {
								"north": { "texture": "#barktuft", "uv": [ 3.0, 1.0, 13.5, 8.0 ], "enabled": false },
								"east": { "texture": "#bark", "uv": [ 0.0, 0.0, 0.5, 7.0 ], "enabled": false },
								"south": { "texture": "#barktuft", "uv": [ 3.0, 1.0, 13.5, 8.0 ] },
								"west": { "texture": "#bark", "uv": [ 0.0, 0.0, 0.5, 7.0 ], "enabled": false },
								"up": { "texture": "#bark", "uv": [ 0.0, 0.0, 10.5, 0.5 ], "enabled": false },
								"down": { "texture": "#bark", "uv": [ 0.0, 0.0, 10.5, 0.5 ], "enabled": false }
							}
						},
						{
							"name": "Barktuft6",
							"from": [ -5.0, -7.0, 3.0 ], 
							"to": [ 5.5, 0.0, 3.0 ], 
							"renderPass": 2,
							"rotationOrigin": [ 0.5, 0.0, 3.0 ],
							"rotationX": -12.0,
							"faces": {
								"north": { "texture": "#barktuft", "uv": [ 3.0, 1.0, 13.5, 8.0 ], "rotation": 180, "enabled": false },
								"east": { "texture": "#bark", "uv": [ 0.0, 0.0, 0.5, 7.0 ], "enabled": false },
								"south": { "texture": "#barktuft", "uv": [ 3.0, 1.0, 13.5, 8.0 ], "windMode": [-1,-1,-1,-1] },
								"west": { "texture": "#bark", "uv": [ 0.0, 0.0, 0.5, 7.0 ], "enabled": false },
								"up": { "texture": "#bark", "uv": [ 0.0, 0.0, 10.5, 0.5 ], "enabled": false },
								"down": { "texture": "#bark", "uv": [ 0.0, 0.0, 10.5, 0.5 ], "enabled": false }
							}
						},
						{
							"name": "Barktuft7",
							"from": [ 3.0, 0.0, -5.0 ], 
							"to": [ 3.0, 7.0, 5.5 ], 
							"renderPass": 2,
							"rotationOrigin": [ 3.0, 0.0, 0.0 ],
							"rotationZ": -168.0,
							"faces": {
								"north": { "texture": "#barktuft", "uv": [ 3.0, 1.0, 3.5, 8.0 ], "enabled": false },
								"east": { "texture": "#barktuft", "uv": [ 3.0, 1.0, 13.5, 8.0 ], "enabled": false },
								"south": { "texture": "#barktuft", "uv": [ 3.0, 1.0, 3.5, 8.0 ], "enabled": false },
								"west": { "texture": "#barktuft", "uv": [ 3.0, 1.0, 13.5, 8.0 ], "windMode": [-1,-1,-1,-1] },
								"up": { "texture": "#bark", "uv": [ 0.0, 0.0, 0.5, 10.5 ], "enabled": false },
								"down": { "texture": "#bark", "uv": [ 0.0, 0.0, 0.5, 10.5 ], "enabled": false }
							}
						},
						{
							"name": "Barktuft8",
							"from": [ -3.0, 0.0, -5.0 ], 
							"to": [ -3.0, 7.0, 5.5 ], 
							"renderPass": 2,
							"rotationOrigin": [ -3.0, 0.0, 0.0 ],
							"rotationZ": -192.0,
							"faces": {
								"north": { "texture": "#barktuft", "uv": [ 3.0, 1.0, 3.5, 8.0 ], "enabled": false },
								"east": { "texture": "#barktuft", "uv": [ 3.0, 1.0, 13.5, 8.0 ] },
								"south": { "texture": "#barktuft", "uv": [ 3.0, 1.0, 3.5, 8.0 ], "enabled": false },
								"west": { "texture": "#bark", "uv": [ 0.0, 0.0, 10.5, 7.0 ], "enabled": false },
								"up": { "texture": "#bark", "uv": [ 0.0, 0.0, 0.5, 10.5 ], "enabled": false },
								"down": { "texture": "#bark", "uv": [ 0.0, 0.0, 0.5, 10.5 ], "enabled": false }
							}
						}
					]
				},
				{
					"name": "Fruit",
					"from": [ 3.0, 11.0, 3.0 ], 
					"to": [ 3.0, 11.0, 3.0 ], 
					"rotationOrigin": [ 3.0, 11.0, 3.0 ],
					"faces": {
						"north": { "texture": "#barktuft", "uv": [ 0.0, 0.0, 0.5, 0.5 ] },
						"east": { "texture": "#barktuft", "uv": [ 0.0, 0.0, 0.5, 0.5 ] },
						"south": { "texture": "#barktuft", "uv": [ 0.0, 0.0, 0.5, 0.5 ] },
						"west": { "texture": "#barktuft", "uv": [ 0.0, 0.0, 0.5, 0.5 ] },
						"up": { "texture": "#barktuft", "uv": [ 0.0, 0.0, 0.5, 0.5 ] },
						"down": { "texture": "#barktuft", "uv": [ 0.0, 0.0, 0.5, 0.5 ] }
					},
					"children": [
						{
							"name": "Fruitlimb1",
							"from": [ -0.8, 3.6, 3.0 ], 
							"to": [ 0.4, 4.8, 6.0 ], 
							"rotationOrigin": [ -0.2, 4.2, 3.0 ],
							"rotationX": 6.0,
							"faces": {
								"north": { "texture": "#coconut2", "uv": [ 7.0, 9.0, 8.0, 10.0 ] },
								"east": { "texture": "#coconut2", "uv": [ 4.0, 7.0, 5.0, 10.0 ], "rotation": 90 },
								"south": { "texture": "#coconut2", "uv": [ 3.0, 5.5, 4.0, 6.5 ] },
								"west": { "texture": "#coconut2", "uv": [ 4.0, 3.5, 5.0, 6.5 ], "rotation": 90 },
								"up": { "texture": "#coconut2", "uv": [ 2.0, 5.5, 3.0, 8.5 ] },
								"down": { "texture": "#coconut2", "uv": [ 4.5, 5.5, 5.5, 8.5 ] }
							},
							"children": [
								{
									"name": "Limb1Coconut1",
									"from": [ 1.2, -0.4, 2.0 ], 
									"to": [ 4.2, 2.1, 4.5 ], 
									"rotationOrigin": [ 0.6, 0.6, 2.0 ],
									"faces": {
										"north": { "texture": "#coconut2", "uv": [ 4.0, 5.5, 7.0, 8.0 ] },
										"east": { "texture": "#coconut2", "uv": [ 0.5, 0.0, 3.0, 2.5 ] },
										"south": { "texture": "#coconut2", "uv": [ 0.5, 4.0, 3.5, 6.5 ] },
										"west": { "texture": "#coconut2", "uv": [ 4.0, 6.0, 6.5, 8.5 ] },
										"up": { "texture": "#coconut2", "uv": [ 4.5, 5.5, 7.5, 8.0 ] },
										"down": { "texture": "#coconut2", "uv": [ 4.5, 7.0, 7.5, 9.5 ] }
									}
								},
								{
									"name": "Limb1Coconut2",
									"from": [ 1.0, -0.7, 1.0 ], 
									"to": [ 4.2, 2.1, 3.8 ], 
									"rotationOrigin": [ 0.7, 0.7, 2.4 ],
									"rotationZ": -135.0,
									"faces": {
										"north": { "texture": "#coconut2", "uv": [ 4.0, 5.5, 7.0, 8.0 ] },
										"east": { "texture": "#coconut2", "uv": [ 0.5, 0.0, 3.0, 2.5 ] },
										"south": { "texture": "#coconut2", "uv": [ 0.5, 4.0, 3.5, 6.5 ] },
										"west": { "texture": "#coconut2", "uv": [ 4.0, 6.0, 6.5, 8.5 ] },
										"up": { "texture": "#coconut2", "uv": [ 4.5, 5.5, 7.5, 8.0 ] },
										"down": { "texture": "#coconut2", "uv": [ 4.5, 7.0, 7.5, 9.5 ] }
									}
								},
								{
									"name": "Fruitlimb1section2",
									"from": [ 0.02, 0.1, 2.7 ], 
									"to": [ 1.22, 1.3, 5.7 ], 
									"rotationOrigin": [ 0.7, 0.7, 2.7 ],
									"rotationX": 29.0,
									"faces": {
										"north": { "texture": "#coconut2", "uv": [ 3.0, 3.0, 4.0, 4.0 ] },
										"east": { "texture": "#coconut2", "uv": [ 0.5, 2.5, 1.5, 5.5 ], "rotation": 90 },
										"south": { "texture": "#coconut2", "uv": [ 0.0, 0.0, 1.0, 1.0 ] },
										"west": { "texture": "#coconut2", "uv": [ 2.0, 3.0, 3.0, 6.0 ], "rotation": 90 },
										"up": { "texture": "#coconut2", "uv": [ 2.0, 2.5, 3.0, 5.5 ] },
										"down": { "texture": "#coconut2", "uv": [ 2.5, 4.5, 3.5, 7.5 ] }
									},
									"children": [
										{
											"name": "Fruitlimb1section3",
											"from": [ -0.02, 0.15, 2.64 ], 
											"to": [ 1.18, 1.35, 6.24 ], 
											"rotationOrigin": [ 0.5, 0.8, 2.6 ],
											"rotationX": 29.0,
											"faces": {
												"north": { "texture": "#coconut2", "uv": [ 4.5, 5.5, 5.5, 6.5 ] },
												"east": { "texture": "#coconut2", "uv": [ 2.5, 5.0, 3.5, 8.5 ], "rotation": 90 },
												"south": { "texture": "#coconut2", "uv": [ 5.0, 5.5, 6.0, 6.5 ] },
												"west": { "texture": "#coconut2", "uv": [ 4.0, 5.5, 5.0, 9.0 ], "rotation": 90 },
												"up": { "texture": "#coconut2", "uv": [ 3.5, 4.5, 4.5, 8.0 ] },
												"down": { "texture": "#coconut2", "uv": [ 2.0, 5.5, 3.0, 9.0 ] }
											},
											"children": [
												{
													"name": "Limb1Coconut4",
													"from": [ 1.3, -0.61, 0.76 ], 
													"to": [ 4.1, 1.59, 2.96 ], 
													"rotationOrigin": [ 0.7, 0.2931, 1.7608 ],
													"rotationX": 15.0,
													"rotationZ": 53.0,
													"faces": {
														"north": { "texture": "#coconut2", "uv": [ 4.0, 5.5, 6.5, 7.5 ] },
														"east": { "texture": "#coconut2", "uv": [ 1.0, 0.0, 3.0, 2.0 ] },
														"south": { "texture": "#coconut2", "uv": [ 0.5, 4.0, 3.0, 6.0 ] },
														"west": { "texture": "#coconut2", "uv": [ 4.0, 6.0, 6.0, 8.0 ] },
														"up": { "texture": "#coconut2", "uv": [ 4.5, 5.5, 7.0, 7.5 ] },
														"down": { "texture": "#coconut2", "uv": [ 4.5, 7.0, 7.0, 9.0 ] }
													}
												},
												{
													"name": "Limb1Coconut28",
													"from": [ 1.3, -0.21, 0.76 ], 
													"to": [ 3.3, 1.39, 2.36 ], 
													"rotationOrigin": [ 0.7, 0.69, 1.56 ],
													"rotationX": -10.0,
													"rotationZ": -91.0,
													"faces": {
														"north": { "texture": "#coconut2", "uv": [ 4.0, 5.5, 6.0, 7.0 ] },
														"east": { "texture": "#coconut2", "uv": [ 1.0, 0.0, 2.5, 1.5 ] },
														"south": { "texture": "#coconut2", "uv": [ 0.5, 4.0, 2.5, 5.5 ] },
														"west": { "texture": "#coconut2", "uv": [ 4.0, 6.0, 5.5, 7.5 ] },
														"up": { "texture": "#coconut2", "uv": [ 4.5, 5.5, 6.5, 7.0 ] },
														"down": { "texture": "#coconut2", "uv": [ 4.5, 7.0, 6.5, 8.5 ] }
													}
												}
											]
										},
										{
											"name": "Limb1Coconut3",
											"from": [ 1.28, -0.3314, 1.4185 ], 
											"to": [ 4.08, 1.8686, 3.6185 ], 
											"rotationOrigin": [ 0.68, 0.5686, 2.4185 ],
											"rotationX": 6.0,
											"rotationZ": 115.0,
											"faces": {
												"north": { "texture": "#coconut2", "uv": [ 4.0, 5.5, 6.5, 7.5 ] },
												"east": { "texture": "#coconut2", "uv": [ 1.0, 0.0, 3.0, 2.0 ] },
												"south": { "texture": "#coconut2", "uv": [ 0.5, 4.0, 3.0, 6.0 ] },
												"west": { "texture": "#coconut2", "uv": [ 4.0, 6.0, 6.0, 8.0 ] },
												"up": { "texture": "#coconut2", "uv": [ 4.5, 5.5, 7.0, 7.5 ] },
												"down": { "texture": "#coconut2", "uv": [ 4.5, 7.0, 7.0, 9.0 ] }
											}
										}
									]
								}
							]
						},
						{
							"name": "Fruitlimb2",
							"from": [ -0.6, 3.8, -2.8 ], 
							"to": [ 0.6, 5.0, 0.2 ], 
							"rotationOrigin": [ 0.0, 4.4, -2.8 ],
							"rotationX": -175.0,
							"rotationZ": -8.0,
							"faces": {
								"north": { "texture": "#coconut2", "uv": [ 7.0, 9.0, 8.0, 10.0 ] },
								"east": { "texture": "#coconut2", "uv": [ 4.0, 7.0, 5.0, 10.0 ], "rotation": 90 },
								"south": { "texture": "#coconut2", "uv": [ 3.0, 5.5, 4.0, 6.5 ] },
								"west": { "texture": "#coconut2", "uv": [ 4.0, 3.5, 5.0, 6.5 ], "rotation": 90 },
								"up": { "texture": "#coconut2", "uv": [ 2.0, 5.5, 3.0, 8.5 ] },
								"down": { "texture": "#coconut2", "uv": [ 4.5, 5.5, 5.5, 8.5 ] }
							},
							"children": [
								{
									"name": "Limb2Coconut1",
									"from": [ 1.2, -0.4, 1.0 ], 
									"to": [ 4.0, 2.0, 3.4 ], 
									"rotationOrigin": [ 0.6, 0.8, 2.2 ],
									"rotationY": -4.0,
									"rotationZ": -23.0,
									"faces": {
										"north": { "texture": "#coconut2", "uv": [ 4.0, 5.5, 6.5, 7.5 ] },
										"east": { "texture": "#coconut2", "uv": [ 1.0, 0.0, 3.0, 2.0 ] },
										"south": { "texture": "#coconut2", "uv": [ 0.5, 4.0, 3.0, 6.0 ] },
										"west": { "texture": "#coconut2", "uv": [ 4.0, 6.0, 6.0, 8.0 ] },
										"up": { "texture": "#coconut2", "uv": [ 4.5, 5.5, 7.0, 7.5 ] },
										"down": { "texture": "#coconut2", "uv": [ 4.5, 7.0, 7.0, 9.0 ] }
									}
								},
								{
									"name": "Limb2Coconut2",
									"from": [ 0.6, 0.0, 2.2 ], 
									"to": [ 3.4, 2.4, 4.6 ], 
									"rotationOrigin": [ 0.3, 1.2, 3.2 ],
									"rotationX": -33.0,
									"rotationZ": -157.0,
									"faces": {
										"north": { "texture": "#coconut2", "uv": [ 4.0, 5.5, 6.5, 7.5 ] },
										"east": { "texture": "#coconut2", "uv": [ 1.0, 0.0, 3.0, 2.0 ] },
										"south": { "texture": "#coconut2", "uv": [ 0.5, 4.0, 3.0, 6.0 ] },
										"west": { "texture": "#coconut2", "uv": [ 4.0, 6.0, 6.0, 8.0 ] },
										"up": { "texture": "#coconut2", "uv": [ 4.5, 5.5, 7.0, 7.5 ] },
										"down": { "texture": "#coconut2", "uv": [ 4.5, 7.0, 7.0, 9.0 ] }
									}
								},
								{
									"name": "Fruitlimb2section2",
									"from": [ 0.0, 0.0, 3.0 ], 
									"to": [ 1.2, 1.2, 7.0 ], 
									"rotationOrigin": [ 0.5, 0.5, 3.0 ],
									"rotationX": -40.0,
									"faces": {
										"north": { "texture": "#coconut2", "uv": [ 3.5, 6.0, 4.5, 7.0 ] },
										"east": { "texture": "#coconut2", "uv": [ 1.0, 3.0, 2.0, 7.0 ], "rotation": 90 },
										"south": { "texture": "#coconut2", "uv": [ 3.0, 5.0, 4.0, 6.0 ] },
										"west": { "texture": "#coconut2", "uv": [ 3.5, 5.5, 4.5, 9.5 ], "rotation": 90 },
										"up": { "texture": "#coconut2", "uv": [ 5.5, 5.0, 6.5, 9.0 ] },
										"down": { "texture": "#coconut2", "uv": [ 5.5, 5.5, 6.5, 9.5 ] }
									},
									"children": [
										{
											"name": "Limb2Coconut3",
											"from": [ 1.0, -0.33, 1.5 ], 
											"to": [ 3.6, 1.67, 3.5 ], 
											"rotationOrigin": [ 0.6, 0.572, 2.599 ],
											"rotationX": 12.0,
											"rotationZ": 51.0,
											"faces": {
												"north": { "texture": "#coconut2", "uv": [ 4.0, 5.5, 6.5, 7.5 ] },
												"east": { "texture": "#coconut2", "uv": [ 1.0, 0.0, 3.0, 2.0 ] },
												"south": { "texture": "#coconut2", "uv": [ 0.5, 4.0, 3.0, 6.0 ] },
												"west": { "texture": "#coconut2", "uv": [ 4.0, 6.0, 6.0, 8.0 ] },
												"up": { "texture": "#coconut2", "uv": [ 4.5, 5.5, 7.0, 7.5 ] },
												"down": { "texture": "#coconut2", "uv": [ 4.5, 7.0, 7.0, 9.0 ] }
											}
										},
										{
											"name": "Fruitlimb2section3",
											"from": [ 0.0, -0.2, 3.7 ], 
											"to": [ 1.2, 1.0, 6.7 ], 
											"rotationOrigin": [ 0.6, 0.4, 3.7 ],
											"rotationX": -27.0,
											"rotationY": -3.0,
											"faces": {
												"north": { "texture": "#coconut2", "uv": [ 2.0, 5.5, 3.0, 6.5 ] },
												"east": { "texture": "#coconut2", "uv": [ 4.5, 6.5, 5.5, 9.5 ], "rotation": 90 },
												"south": { "texture": "#coconut2", "uv": [ 3.0, 6.0, 4.0, 7.0 ] },
												"west": { "texture": "#coconut2", "uv": [ 5.0, 5.0, 6.0, 8.0 ], "rotation": 90 },
												"up": { "texture": "#coconut2", "uv": [ 5.0, 6.0, 6.0, 9.0 ] },
												"down": { "texture": "#coconut2", "uv": [ 2.0, 3.0, 3.0, 6.0 ] }
											},
											"children": [
												{
													"name": "Limb2Coconut4",
													"from": [ 1.62, -0.18, 0.22 ], 
													"to": [ 4.82, 2.22, 2.62 ], 
													"rotationOrigin": [ 1.0154, 0.7154, 1.3241 ],
													"rotationX": 119.0,
													"rotationY": -45.0,
													"rotationZ": 179.0,
													"faces": {
														"north": { "texture": "#coconut2", "uv": [ 4.0, 5.5, 7.0, 7.5 ] },
														"east": { "texture": "#coconut2", "uv": [ 1.0, 0.0, 3.0, 2.0 ] },
														"south": { "texture": "#coconut2", "uv": [ 0.5, 4.0, 3.5, 6.0 ] },
														"west": { "texture": "#coconut2", "uv": [ 4.0, 6.0, 6.0, 8.0 ] },
														"up": { "texture": "#coconut2", "uv": [ 4.5, 5.5, 7.5, 7.5 ] },
														"down": { "texture": "#coconut2", "uv": [ 4.5, 7.0, 7.5, 9.0 ] }
													}
												},
												{
													"name": "Limb2Coconut27",
													"from": [ 1.12, -0.28, 0.72 ], 
													"to": [ 3.92, 1.92, 2.92 ], 
													"rotationOrigin": [ 0.5154, 0.6154, 1.8241 ],
													"rotationX": 113.0,
													"rotationY": -190.0,
													"rotationZ": 155.0,
													"faces": {
														"north": { "texture": "#coconut2", "uv": [ 4.0, 5.5, 6.5, 7.5 ] },
														"east": { "texture": "#coconut2", "uv": [ 1.0, 0.0, 3.0, 2.0 ] },
														"south": { "texture": "#coconut2", "uv": [ 0.5, 4.0, 3.0, 6.0 ] },
														"west": { "texture": "#coconut2", "uv": [ 4.0, 6.0, 6.0, 8.0 ] },
														"up": { "texture": "#coconut2", "uv": [ 4.5, 5.5, 7.0, 7.5 ] },
														"down": { "texture": "#coconut2", "uv": [ 4.5, 7.0, 7.0, 9.0 ] }
													}
												}
											]
										}
									]
								}
							]
						}
					]
				}
			]
		}
	]}