{
	"editor": {
		"allAngles": false,
		"entityTextureMode": false
	},
	"textureWidth": 16,
	"textureHeight": 16,
	"textureSizes": {
	},
	"textures": {
		"bark": "/block/plant/palm/coconut/bark",
		"treetrunk": "/block/plant/palm/coconut/treetrunk"
	},
	"elements": [
		{
			"name": "Cube1",
			"from": [ 4.5, 0.0, 4.5 ], 
			"to": [ 11.5, 16.0, 11.5 ], 
			"rotationOrigin": [ 4.5, 0.0, 4.5 ],
			"faces": {
				"north": { "texture": "#bark", "uv": [ 1.5, 0.0, 8.5, 16.0 ] },
				"east": { "texture": "#bark", "uv": [ 1.5, 0.0, 8.5, 16.0 ] },
				"south": { "texture": "#bark", "uv": [ 1.5, 0.0, 8.5, 16.0 ] },
				"west": { "texture": "#bark", "uv": [ 1.5, 0.0, 8.5, 16.0 ] },
				"up": { "texture": "#treetrunk", "uv": [ 1.5, 1.5, 8.5, 8.5 ] },
				"down": { "texture": "#treetrunk", "uv": [ 1.5, 1.5, 8.5, 8.5 ] }
			}
		}
	]}