{
	"editor": {
		"allAngles": false,
		"entityTextureMode": false
	},
	"textureWidth": 16,
	"textureHeight": 16,
	"textureSizes": {
		"barktuft": [16,8],
		"bark": [16,16],
		"treetrunk": [16,16]
	},
	"textures": {
		"barktuft": "block/plant/palm/coconut/barktuft",
		"bark": "block/plant/palm/coconut/bark",
		"treetrunk": "block/plant/palm/coconut/treetrunk",
		"coconut2": "block/plant/palm/coconut/coconut2"
	},
	"elements": [
		{
			"name": "Trunk",
			"from": [ 5.0, 0.0, 5.0 ], 
			"to": [ 11.0, 16.0, 11.0 ], 
			"rotationOrigin": [ 8.0, 0.0, 8.0 ],
			"faces": {
				"north": { "texture": "#bark", "uv": [ 2.0, 0.0, 8.0, 16.0 ] },
				"east": { "texture": "#bark", "uv": [ 2.0, 0.0, 8.0, 16.0 ] },
				"south": { "texture": "#bark", "uv": [ 2.0, 0.0, 8.0, 16.0 ] },
				"west": { "texture": "#bark", "uv": [ 2.0, 0.0, 8.0, 16.0 ] },
				"up": { "texture": "#treetrunk", "uv": [ 2.0, 2.0, 8.0, 8.0 ] },
				"down": { "texture": "#treetrunk", "uv": [ 2.0, 2.0, 8.0, 8.0 ] }
			},
			"children": [
				{
					"name": "Upperbarktufts",
					"from": [ 3.0, 13.0, 3.0 ], 
					"to": [ 3.0, 13.0, 3.0 ], 
					"rotationOrigin": [ 3.0, 13.0, 3.0 ],
					"faces": {
						"north": { "texture": "#barktuft", "uv": [ 0.0, 0.0, 0.5, 0.5 ] },
						"east": { "texture": "#barktuft", "uv": [ 0.0, 0.0, 0.5, 0.5 ] },
						"south": { "texture": "#barktuft", "uv": [ 0.0, 0.0, 0.5, 0.5 ] },
						"west": { "texture": "#barktuft", "uv": [ 0.0, 0.0, 0.5, 0.5 ] },
						"up": { "texture": "#barktuft", "uv": [ 0.0, 0.0, 0.5, 0.5 ] },
						"down": { "texture": "#barktuft", "uv": [ 0.0, 0.0, 0.5, 0.5 ] }
					},
					"children": [
						{
							"name": "Barktuft1",
							"from": [ -5.0, 0.0, -3.0 ], 
							"to": [ 5.5, 7.0, -3.0 ], 
							"renderPass": 2,
							"rotationOrigin": [ 0.5, 0.0, -3.0 ],
							"rotationX": -12.0,
							"faces": {
								"north": { "texture": "#barktuft", "uv": [ 3.0, 1.0, 13.5, 8.0 ], "windMode": [-1,-1,-1,-1], "windData": [0,1,1,0] },
								"east": { "texture": "#bark", "uv": [ 0.0, 0.0, 0.5, 7.0 ], "enabled": false },
								"south": { "texture": "#barktuft", "uv": [ 3.0, 1.0, 13.5, 8.0 ], "enabled": false, "windMode": [-1,-1,-1,-1] },
								"west": { "texture": "#bark", "uv": [ 0.0, 0.0, 0.5, 7.0 ], "enabled": false },
								"up": { "texture": "#bark", "uv": [ 0.0, 0.0, 10.5, 0.5 ], "enabled": false },
								"down": { "texture": "#bark", "uv": [ 0.0, 0.0, 10.5, 0.5 ], "enabled": false }
							}
						},
						{
							"name": "Barktuft2",
							"from": [ -5.0, -7.0, 3.0 ], 
							"to": [ 5.5, 0.0, 3.0 ], 
							"renderPass": 2,
							"rotationOrigin": [ 0.5, 0.0, 3.0 ],
							"rotationX": -168.0,
							"faces": {
								"north": { "texture": "#barktuft", "uv": [ 3.0, 1.0, 13.5, 8.0 ], "rotation": 180, "windMode": [-1,-1,-1,-1], "windData": [0,1,1,0] },
								"east": { "texture": "#bark", "uv": [ 0.0, 0.0, 0.5, 7.0 ], "enabled": false },
								"south": { "texture": "#barktuft", "uv": [ 3.0, 1.0, 13.5, 8.0 ], "enabled": false },
								"west": { "texture": "#bark", "uv": [ 0.0, 0.0, 0.5, 7.0 ], "enabled": false },
								"up": { "texture": "#bark", "uv": [ 0.0, 0.0, 10.5, 0.5 ], "enabled": false },
								"down": { "texture": "#bark", "uv": [ 0.0, 0.0, 10.5, 0.5 ], "enabled": false }
							}
						},
						{
							"name": "Barktuft3",
							"from": [ 3.0, 0.0, -5.0 ], 
							"to": [ 3.0, 7.0, 5.5 ], 
							"renderPass": 2,
							"rotationOrigin": [ 3.0, 0.0, 0.0 ],
							"rotationZ": -12.0,
							"faces": {
								"north": { "texture": "#barktuft", "uv": [ 3.0, 1.0, 4.0, 8.0 ], "enabled": false },
								"east": { "texture": "#barktuft", "uv": [ 3.0, 1.0, 13.5, 8.0 ], "windMode": [-1,-1,-1,-1], "windData": [0,1,1,0] },
								"south": { "texture": "#barktuft", "uv": [ 3.0, 1.0, 4.0, 8.0 ], "enabled": false },
								"west": { "texture": "#bark", "uv": [ 0.0, 0.0, 10.5, 7.0 ], "enabled": false },
								"up": { "texture": "#bark", "uv": [ 0.0, 0.0, 1.0, 10.5 ], "enabled": false },
								"down": { "texture": "#bark", "uv": [ 0.0, 0.0, 1.0, 10.5 ], "enabled": false }
							}
						},
						{
							"name": "Barktuft4",
							"from": [ -3.0, 0.0, -5.0 ], 
							"to": [ -3.0, 7.0, 5.5 ], 
							"renderPass": 2,
							"rotationOrigin": [ -3.0, 0.0, 0.0 ],
							"rotationZ": 12.0,
							"faces": {
								"north": { "texture": "#barktuft", "uv": [ 3.0, 1.0, 3.5, 8.0 ], "enabled": false },
								"east": { "texture": "#barktuft", "uv": [ 3.0, 1.0, 13.5, 8.0 ], "enabled": false },
								"south": { "texture": "#barktuft", "uv": [ 3.0, 1.0, 3.5, 8.0 ], "enabled": false },
								"west": { "texture": "#barktuft", "uv": [ 3.0, 1.0, 13.5, 8.0 ], "windMode": [-1,-1,-1,-1], "windData": [0,0,1,1] },
								"up": { "texture": "#bark", "uv": [ 0.0, 0.0, 0.5, 10.5 ], "enabled": false },
								"down": { "texture": "#bark", "uv": [ 0.0, 0.0, 0.5, 10.5 ], "enabled": false }
							}
						}
					]
				},
				{
					"name": "Lowerbarktufts",
					"from": [ 3.0, 9.0, 3.0 ], 
					"to": [ 3.0, 9.0, 3.0 ], 
					"rotationOrigin": [ 3.0, 9.0, 3.0 ],
					"faces": {
						"north": { "texture": "#barktuft", "uv": [ 0.0, 0.0, 0.5, 0.5 ] },
						"east": { "texture": "#barktuft", "uv": [ 0.0, 0.0, 0.5, 0.5 ] },
						"south": { "texture": "#barktuft", "uv": [ 0.0, 0.0, 0.5, 0.5 ] },
						"west": { "texture": "#barktuft", "uv": [ 0.0, 0.0, 0.5, 0.5 ] },
						"up": { "texture": "#barktuft", "uv": [ 0.0, 0.0, 0.5, 0.5 ] },
						"down": { "texture": "#barktuft", "uv": [ 0.0, 0.0, 0.5, 0.5 ] }
					},
					"children": [
						{
							"name": "Barktuft5",
							"from": [ -5.0, 0.0, -3.0 ], 
							"to": [ 5.5, 7.0, -3.0 ], 
							"renderPass": 2,
							"rotationOrigin": [ 0.5, 0.0, -3.0 ],
							"rotationX": -168.0,
							"faces": {
								"north": { "texture": "#barktuft", "uv": [ 3.0, 1.0, 13.5, 8.0 ], "enabled": false },
								"east": { "texture": "#bark", "uv": [ 0.0, 0.0, 0.5, 7.0 ], "enabled": false },
								"south": { "texture": "#barktuft", "uv": [ 3.0, 1.0, 13.5, 8.0 ] },
								"west": { "texture": "#bark", "uv": [ 0.0, 0.0, 0.5, 7.0 ], "enabled": false },
								"up": { "texture": "#bark", "uv": [ 0.0, 0.0, 10.5, 0.5 ], "enabled": false },
								"down": { "texture": "#bark", "uv": [ 0.0, 0.0, 10.5, 0.5 ], "enabled": false }
							}
						},
						{
							"name": "Barktuft6",
							"from": [ -5.0, -7.0, 3.0 ], 
							"to": [ 5.5, 0.0, 3.0 ], 
							"renderPass": 2,
							"rotationOrigin": [ 0.5, 0.0, 3.0 ],
							"rotationX": -12.0,
							"faces": {
								"north": { "texture": "#barktuft", "uv": [ 3.0, 1.0, 13.5, 8.0 ], "rotation": 180, "enabled": false },
								"east": { "texture": "#bark", "uv": [ 0.0, 0.0, 0.5, 7.0 ], "enabled": false },
								"south": { "texture": "#barktuft", "uv": [ 3.0, 1.0, 13.5, 8.0 ], "windMode": [-1,-1,-1,-1] },
								"west": { "texture": "#bark", "uv": [ 0.0, 0.0, 0.5, 7.0 ], "enabled": false },
								"up": { "texture": "#bark", "uv": [ 0.0, 0.0, 10.5, 0.5 ], "enabled": false },
								"down": { "texture": "#bark", "uv": [ 0.0, 0.0, 10.5, 0.5 ], "enabled": false }
							}
						},
						{
							"name": "Barktuft7",
							"from": [ 3.0, 0.0, -5.0 ], 
							"to": [ 3.0, 7.0, 5.5 ], 
							"renderPass": 2,
							"rotationOrigin": [ 3.0, 0.0, 0.0 ],
							"rotationZ": -168.0,
							"faces": {
								"north": { "texture": "#barktuft", "uv": [ 3.0, 1.0, 3.5, 8.0 ], "enabled": false },
								"east": { "texture": "#barktuft", "uv": [ 3.0, 1.0, 13.5, 8.0 ], "enabled": false },
								"south": { "texture": "#barktuft", "uv": [ 3.0, 1.0, 3.5, 8.0 ], "enabled": false },
								"west": { "texture": "#barktuft", "uv": [ 3.0, 1.0, 13.5, 8.0 ], "windMode": [-1,-1,-1,-1] },
								"up": { "texture": "#bark", "uv": [ 0.0, 0.0, 0.5, 10.5 ], "enabled": false },
								"down": { "texture": "#bark", "uv": [ 0.0, 0.0, 0.5, 10.5 ], "enabled": false }
							}
						},
						{
							"name": "Barktuft8",
							"from": [ -3.0, 0.0, -5.0 ], 
							"to": [ -3.0, 7.0, 5.5 ], 
							"renderPass": 2,
							"rotationOrigin": [ -3.0, 0.0, 0.0 ],
							"rotationZ": -192.0,
							"faces": {
								"north": { "texture": "#barktuft", "uv": [ 3.0, 1.0, 3.5, 8.0 ], "enabled": false },
								"east": { "texture": "#barktuft", "uv": [ 3.0, 1.0, 13.5, 8.0 ] },
								"south": { "texture": "#barktuft", "uv": [ 3.0, 1.0, 3.5, 8.0 ], "enabled": false },
								"west": { "texture": "#bark", "uv": [ 0.0, 0.0, 10.5, 7.0 ], "enabled": false },
								"up": { "texture": "#bark", "uv": [ 0.0, 0.0, 0.5, 10.5 ], "enabled": false },
								"down": { "texture": "#bark", "uv": [ 0.0, 0.0, 0.5, 10.5 ], "enabled": false }
							}
						}
					]
				},
				{
					"name": "Fruit",
					"from": [ 3.0, 11.0, 3.0 ], 
					"to": [ 3.0, 11.0, 3.0 ], 
					"rotationOrigin": [ 3.0, 11.0, 3.0 ],
					"faces": {
						"north": { "texture": "#barktuft", "uv": [ 0.0, 0.0, 0.5, 0.5 ] },
						"east": { "texture": "#barktuft", "uv": [ 0.0, 0.0, 0.5, 0.5 ] },
						"south": { "texture": "#barktuft", "uv": [ 0.0, 0.0, 0.5, 0.5 ] },
						"west": { "texture": "#barktuft", "uv": [ 0.0, 0.0, 0.5, 0.5 ] },
						"up": { "texture": "#barktuft", "uv": [ 0.0, 0.0, 0.5, 0.5 ] },
						"down": { "texture": "#barktuft", "uv": [ 0.0, 0.0, 0.5, 0.5 ] }
					},
					"children": [
						{
							"name": "Fruitlimb1",
							"from": [ -0.8, 3.6, 2.6 ], 
							"to": [ 0.8, 5.2, 6.8 ], 
							"rotationOrigin": [ -0.2, 4.2, 2.6 ],
							"rotationX": 36.0,
							"faces": {
								"north": { "texture": "#coconut2", "uv": [ 7.0, 9.0, 8.5, 10.5 ] },
								"east": { "texture": "#coconut2", "uv": [ 4.0, 7.0, 5.5, 11.0 ], "rotation": 90 },
								"south": { "texture": "#coconut2", "uv": [ 3.0, 5.5, 4.5, 7.0 ] },
								"west": { "texture": "#coconut2", "uv": [ 4.0, 3.5, 5.5, 7.5 ], "rotation": 90 },
								"up": { "texture": "#coconut2", "uv": [ 2.0, 5.5, 3.5, 9.5 ] },
								"down": { "texture": "#coconut2", "uv": [ 4.5, 5.5, 6.0, 9.5 ] }
							},
							"children": [
								{
									"name": "Limb1Coconut1",
									"from": [ 1.5, -1.0, 1.9 ], 
									"to": [ 6.3, 2.6, 5.5 ], 
									"rotationOrigin": [ 0.9, 0.7, 3.4 ],
									"rotationX": -13.0,
									"rotationY": 2.0,
									"rotationZ": -38.0,
									"faces": {
										"north": { "texture": "#coconut2", "uv": [ 8.5, 5.5, 12.0, 10.0 ], "rotation": 90 },
										"east": { "texture": "#coconut2", "uv": [ 8.5, 0.0, 12.0, 3.5 ] },
										"south": { "texture": "#coconut2", "uv": [ 10.5, 4.5, 14.0, 9.0 ], "rotation": 90 },
										"west": { "texture": "#coconut2", "uv": [ 10.0, 6.0, 13.5, 9.5 ] },
										"up": { "texture": "#coconut2", "uv": [ 10.5, 4.5, 14.0, 9.0 ], "rotation": 90 },
										"down": { "texture": "#coconut2", "uv": [ 9.0, 7.0, 12.5, 11.5 ], "rotation": 90 }
									}
								},
								{
									"name": "Limb1Coconut2",
									"from": [ 1.0, -0.7, 1.0 ], 
									"to": [ 4.8, 2.5, 4.2 ], 
									"rotationOrigin": [ 0.7, 0.7, 2.4 ],
									"rotationX": -9.0,
									"rotationY": 16.0,
									"rotationZ": -139.0,
									"faces": {
										"north": { "texture": "#coconut2", "uv": [ 4.0, 5.5, 7.5, 8.5 ] },
										"east": { "texture": "#coconut2", "uv": [ 0.5, 0.0, 3.5, 3.0 ] },
										"south": { "texture": "#coconut2", "uv": [ 0.5, 4.0, 4.0, 7.0 ] },
										"west": { "texture": "#coconut2", "uv": [ 4.0, 6.0, 7.0, 9.0 ] },
										"up": { "texture": "#coconut2", "uv": [ 4.5, 5.5, 8.0, 8.5 ] },
										"down": { "texture": "#coconut2", "uv": [ 4.5, 7.0, 8.0, 10.0 ] }
									}
								},
								{
									"name": "Fruitlimb1section2",
									"from": [ 0.22, 0.2, 3.7 ], 
									"to": [ 1.62, 1.6, 8.7 ], 
									"rotationOrigin": [ 0.9, 0.8, 3.7 ],
									"rotationX": 33.0,
									"faces": {
										"north": { "texture": "#coconut2", "uv": [ 3.0, 3.0, 4.0, 4.0 ] },
										"east": { "texture": "#coconut2", "uv": [ 0.5, 2.5, 1.5, 7.5 ], "rotation": 90 },
										"south": { "texture": "#coconut2", "uv": [ 0.0, 0.0, 1.0, 1.0 ] },
										"west": { "texture": "#coconut2", "uv": [ 2.0, 3.0, 3.0, 8.0 ], "rotation": 90 },
										"up": { "texture": "#coconut2", "uv": [ 2.0, 2.5, 3.0, 7.5 ] },
										"down": { "texture": "#coconut2", "uv": [ 2.5, 4.5, 3.5, 9.5 ] }
									},
									"children": [
										{
											"name": "Fruitlimb1section3",
											"from": [ 0.08, 0.25, 4.64 ], 
											"to": [ 1.28, 1.45, 7.64 ], 
											"rotationOrigin": [ 0.6, 0.9, 4.6 ],
											"rotationX": 33.0,
											"faces": {
												"north": { "texture": "#coconut2", "uv": [ 4.5, 5.5, 5.5, 6.5 ] },
												"east": { "texture": "#coconut2", "uv": [ 2.5, 5.0, 3.5, 8.0 ], "rotation": 90 },
												"south": { "texture": "#coconut2", "uv": [ 5.0, 5.5, 6.0, 6.5 ] },
												"west": { "texture": "#coconut2", "uv": [ 4.0, 5.5, 5.0, 8.5 ], "rotation": 90 },
												"up": { "texture": "#coconut2", "uv": [ 3.5, 4.5, 4.5, 7.5 ] },
												"down": { "texture": "#coconut2", "uv": [ 2.0, 5.5, 3.0, 8.5 ] }
											},
											"children": [
												{
													"name": "Limb1Coconut4",
													"from": [ 1.5, -1.31, -0.14 ], 
													"to": [ 6.3, 2.29, 3.46 ], 
													"rotationOrigin": [ 0.9, 0.49, 1.66 ],
													"rotationX": 77.0,
													"rotationY": -7.0,
													"rotationZ": 88.0,
													"faces": {
														"north": { "texture": "#coconut2", "uv": [ 9.5, 5.5, 13.0, 10.0 ], "rotation": 90 },
														"east": { "texture": "#coconut2", "uv": [ 8.0, 0.0, 11.5, 3.5 ] },
														"south": { "texture": "#coconut2", "uv": [ 10.5, 3.5, 14.0, 8.0 ], "rotation": 90 },
														"west": { "texture": "#coconut2", "uv": [ 11.0, 5.0, 14.5, 8.5 ] },
														"up": { "texture": "#coconut2", "uv": [ 10.0, 6.0, 13.5, 10.5 ], "rotation": 90 },
														"down": { "texture": "#coconut2", "uv": [ 9.0, 6.0, 12.5, 10.5 ], "rotation": 90 }
													}
												}
											]
										},
										{
											"name": "Limb1Coconut3",
											"from": [ 1.28, -0.23, 3.14 ], 
											"to": [ 4.68, 2.57, 5.94 ], 
											"rotationOrigin": [ 0.68, 0.8736, 4.3372 ],
											"rotationX": 59.0,
											"rotationY": 8.0,
											"rotationZ": 172.0,
											"faces": {
												"north": { "texture": "#coconut2", "uv": [ 4.0, 5.5, 7.0, 8.0 ] },
												"east": { "texture": "#coconut2", "uv": [ 1.0, 0.0, 3.5, 2.5 ] },
												"south": { "texture": "#coconut2", "uv": [ 0.5, 4.0, 3.5, 6.5 ] },
												"west": { "texture": "#coconut2", "uv": [ 4.0, 6.0, 6.5, 8.5 ] },
												"up": { "texture": "#coconut2", "uv": [ 4.5, 5.5, 7.5, 8.0 ] },
												"down": { "texture": "#coconut2", "uv": [ 4.5, 7.0, 7.5, 9.5 ] }
											}
										}
									]
								}
							]
						},
						{
							"name": "Fruitlimb2",
							"from": [ -0.6, 3.5, -2.5 ], 
							"to": [ 1.0, 5.1, 2.5 ], 
							"rotationOrigin": [ 0.0, 4.1, -2.5 ],
							"rotationX": -225.0,
							"rotationY": 3.0,
							"faces": {
								"north": { "texture": "#coconut2", "uv": [ 7.0, 9.0, 8.5, 10.5 ] },
								"east": { "texture": "#coconut2", "uv": [ 4.0, 7.0, 5.5, 12.0 ], "rotation": 90 },
								"south": { "texture": "#coconut2", "uv": [ 3.0, 5.5, 4.5, 7.0 ] },
								"west": { "texture": "#coconut2", "uv": [ 4.0, 3.5, 5.5, 8.5 ], "rotation": 90 },
								"up": { "texture": "#coconut2", "uv": [ 2.0, 5.5, 3.5, 10.5 ] },
								"down": { "texture": "#coconut2", "uv": [ 4.5, 5.5, 6.0, 10.5 ] }
							},
							"children": [
								{
									"name": "Limb2Coconut1",
									"from": [ 1.2, -0.4, 1.6 ], 
									"to": [ 5.2, 2.8, 4.8 ], 
									"rotationOrigin": [ 0.6, 0.8, 2.8 ],
									"rotationY": -22.0,
									"rotationZ": -6.0,
									"faces": {
										"north": { "texture": "#coconut2", "uv": [ 8.5, 5.5, 11.5, 9.5 ], "rotation": 90 },
										"east": { "texture": "#coconut2", "uv": [ 8.0, 0.0, 11.0, 3.0 ] },
										"south": { "texture": "#coconut2", "uv": [ 8.5, 4.5, 11.5, 8.5 ], "rotation": 90 },
										"west": { "texture": "#coconut2", "uv": [ 8.5, 7.0, 11.5, 10.0 ] },
										"up": { "texture": "#coconut2", "uv": [ 9.5, 6.0, 12.5, 10.0 ], "rotation": 90 },
										"down": { "texture": "#coconut2", "uv": [ 9.5, 7.0, 12.5, 11.0 ], "rotation": 90 }
									}
								},
								{
									"name": "Limb2Coconut2",
									"from": [ 0.6, 0.0, 2.2 ], 
									"to": [ 4.2, 2.8, 5.0 ], 
									"rotationOrigin": [ 0.3, 1.0, 3.2 ],
									"rotationX": -33.0,
									"rotationZ": -157.0,
									"faces": {
										"north": { "texture": "#coconut2", "uv": [ 9.5, 3.5, 12.0, 7.0 ], "rotation": 90 },
										"east": { "texture": "#coconut2", "uv": [ 8.5, 0.0, 11.0, 2.5 ] },
										"south": { "texture": "#coconut2", "uv": [ 10.0, 4.5, 12.5, 8.0 ], "rotation": 90 },
										"west": { "texture": "#coconut2", "uv": [ 10.5, 6.5, 13.0, 9.0 ] },
										"up": { "texture": "#coconut2", "uv": [ 11.0, 6.5, 13.5, 10.0 ], "rotation": 90 },
										"down": { "texture": "#coconut2", "uv": [ 9.0, 9.5, 11.5, 13.0 ], "rotation": 90 }
									}
								},
								{
									"name": "Fruitlimb2section2",
									"from": [ 0.08, 0.1, 5.0 ], 
									"to": [ 1.48, 1.5, 9.2 ], 
									"rotationOrigin": [ 0.1, 0.1, 5.0 ],
									"rotationX": -43.0,
									"faces": {
										"north": { "texture": "#coconut2", "uv": [ 3.5, 6.0, 4.5, 7.0 ] },
										"east": { "texture": "#coconut2", "uv": [ 1.0, 3.0, 2.0, 7.0 ], "rotation": 90 },
										"south": { "texture": "#coconut2", "uv": [ 3.0, 5.0, 4.0, 6.0 ] },
										"west": { "texture": "#coconut2", "uv": [ 3.5, 5.5, 4.5, 9.5 ], "rotation": 90 },
										"up": { "texture": "#coconut2", "uv": [ 5.5, 5.0, 6.5, 9.0 ] },
										"down": { "texture": "#coconut2", "uv": [ 5.5, 5.5, 6.5, 9.5 ] }
									},
									"children": [
										{
											"name": "Limb2Coconut3",
											"from": [ 1.0, -0.33, 2.0 ], 
											"to": [ 4.2, 2.07, 4.4 ], 
											"rotationOrigin": [ 0.6, 0.572, 3.099 ],
											"rotationX": 17.0,
											"rotationY": -12.0,
											"rotationZ": 15.0,
											"faces": {
												"north": { "texture": "#coconut2", "uv": [ 4.0, 5.5, 7.0, 7.5 ] },
												"east": { "texture": "#coconut2", "uv": [ 1.0, 0.0, 3.0, 2.0 ] },
												"south": { "texture": "#coconut2", "uv": [ 0.5, 4.0, 3.5, 6.0 ] },
												"west": { "texture": "#coconut2", "uv": [ 4.0, 6.0, 6.0, 8.0 ] },
												"up": { "texture": "#coconut2", "uv": [ 4.5, 5.5, 7.5, 7.5 ] },
												"down": { "texture": "#coconut2", "uv": [ 4.5, 7.0, 7.5, 9.0 ] }
											}
										},
										{
											"name": "Fruitlimb2section3",
											"from": [ 0.0, -0.2, 3.9 ], 
											"to": [ 1.2, 1.0, 7.1 ], 
											"rotationOrigin": [ 0.6, 0.4, 3.9 ],
											"rotationX": -8.0,
											"rotationY": -8.0,
											"rotationZ": 8.0,
											"faces": {
												"north": { "texture": "#coconut2", "uv": [ 2.0, 5.5, 3.0, 6.5 ] },
												"east": { "texture": "#coconut2", "uv": [ 4.5, 6.5, 5.5, 9.5 ], "rotation": 90 },
												"south": { "texture": "#coconut2", "uv": [ 3.0, 6.0, 4.0, 7.0 ] },
												"west": { "texture": "#coconut2", "uv": [ 5.0, 5.0, 6.0, 8.0 ], "rotation": 90 },
												"up": { "texture": "#coconut2", "uv": [ 5.0, 6.0, 6.0, 9.0 ] },
												"down": { "texture": "#coconut2", "uv": [ 2.0, 3.0, 3.0, 6.0 ] }
											},
											"children": [
												{
													"name": "Limb2Coconut4",
													"from": [ 1.62, -0.18, 0.22 ], 
													"to": [ 6.02, 3.02, 3.42 ], 
													"rotationOrigin": [ 1.0154, 0.7154, 1.3241 ],
													"rotationX": 118.0,
													"rotationY": -19.0,
													"rotationZ": 175.0,
													"faces": {
														"north": { "texture": "#coconut2", "uv": [ 9.0, 5.5, 12.0, 9.5 ], "rotation": 90 },
														"east": { "texture": "#coconut2", "uv": [ 8.0, 0.0, 11.0, 3.0 ] },
														"south": { "texture": "#coconut2", "uv": [ 10.0, 6.0, 13.0, 10.0 ], "rotation": 90 },
														"west": { "texture": "#coconut2", "uv": [ 9.0, 6.0, 12.0, 9.0 ] },
														"up": { "texture": "#coconut2", "uv": [ 8.5, 7.0, 11.5, 11.0 ], "rotation": 90 },
														"down": { "texture": "#coconut2", "uv": [ 8.5, 7.0, 11.5, 11.0 ], "rotation": 90 }
													}
												},
												{
													"name": "Limb2Coconut5",
													"from": [ 1.12, -0.28, 0.72 ], 
													"to": [ 3.92, 2.12, 3.12 ], 
													"rotationOrigin": [ 0.5154, 0.6154, 1.8241 ],
													"rotationX": 105.0,
													"rotationY": -229.0,
													"rotationZ": 133.0,
													"faces": {
														"north": { "texture": "#coconut2", "uv": [ 4.0, 5.5, 6.5, 7.5 ] },
														"east": { "texture": "#coconut2", "uv": [ 1.0, 0.0, 3.0, 2.0 ] },
														"south": { "texture": "#coconut2", "uv": [ 0.5, 4.0, 3.0, 6.0 ] },
														"west": { "texture": "#coconut2", "uv": [ 4.0, 6.0, 6.0, 8.0 ] },
														"up": { "texture": "#coconut2", "uv": [ 4.5, 5.5, 7.0, 7.5 ] },
														"down": { "texture": "#coconut2", "uv": [ 4.5, 7.0, 7.0, 9.0 ] }
													}
												}
											]
										}
									]
								}
							]
						}
					]
				}
			]
		}
	]}