[
  {
    "op": "add",
    "path": "/attributes/sharpenable",
    "value": true,
    "file": "weaponpacka:itemtypes/tool/spear.json"
  },
  {
    "op": "add",
    "path": "/attributes/onGrindstoneTransform",
    "value": {
		translation: { x: -0.6, y: 0.3, z: 0.25 },
		rotation: { x: -50, y: 0, z: 0 },
		origin: { x: 0.5, y: 0.1, z: 0.5 },
		scale: 1
	},
    "file": "weaponpacka:itemtypes/tool/spear.json"
  },

  {
    "op": "add",
    "path": "/attributes/sharpenable",
    "value": true,
    "file": "game:itemtypes/tool/spear.json"
  },
  {
    "op": "add",
    "path": "/attributes/onGrindstoneTransform",
    "value": {
		translation: { x: -0.6, y: 0.3, z: 0.25 },
		rotation: { x: -50, y: 0, z: 0 },
		origin: { x: 0.5, y: 0.1, z: 0.5 },
		scale: 1
	},
    "file": "game:itemtypes/tool/spear.json"
  },

  {
    "op": "add",
    "path": "/attributes/sharpenable",
    "value": true,
    "file": "weaponpacka:itemtypes/tool/enlongblade.json"
  },
  {
    "op": "add",
    "path": "/attributes/onGrindstoneTransform",
    "value": {
		translation: { x: 0, y: 0.4, z: 0.3 },
		rotation: { x: 70, y: 0, z: 0 },
		origin: { x: 0.5, y: 0.1, z: 0.5 },
		scale: 1
	},
    "file": "weaponpacka:itemtypes/tool/enlongblade.json"
  },

  {
    "op": "add",
    "path": "/attributes/sharpenable",
    "value": true,
    "file": "itemtypes/tool/khopes.json"
  },
  {
    "op": "add",
    "path": "/attributes/onGrindstoneTransform",
    "value": {
		translation: { x: 0.2, y: 0.3, z: 0.35 },
		rotation: { x: 50, y: 0, z: 0 },
		origin: { x: 0.5, y: 0.1, z: 0.5 },
		scale: 1
	},
    "file": "weaponpacka:itemtypes/tool/khopes.json"
  },

  {
    "op": "add",
    "path": "/attributes/sharpenable",
    "value": true,
    "file": "weaponpacka:itemtypes/tool/gladius.json"
  },
  {
    "op": "add",
    "path": "/attributes/onGrindstoneTransform",
    "value": {
		translation: { x: 0.2, y: 0.4, z: 0.3 },
		rotation: { x: 50, y: 0, z: 0 },
		origin: { x: 0.5, y: 0.1, z: 0.5 },
		scale: 1
	},
    "file": "weaponpacka:itemtypes/tool/gladius.json"
  },

  {
    "op": "add",
    "path": "/attributes/sharpenable",
    "value": true,
    "file": "weaponpacka:itemtypes/tool/machete.json"
  },
  {
    "op": "add",
    "path": "/attributes/onGrindstoneTransform",
    "value": {
      translation: { x: 0.2, y: 0.4, z: 0.3 },
  		rotation: { x: 50, y: 0, z: 0 },
  		origin: { x: 0.5, y: 0.1, z: 0.5 },
  		scale: 1
	},
    "file": "weaponpacka:itemtypes/tool/machete.json"
  },

  {
    "op": "add",
    "path": "/attributes/sharpenable",
    "value": true,
    "file": "weaponpacka:itemtypes/tool/haleberd.json"
  },
  {
    "op": "add",
    "path": "/attributes/onGrindstoneTransform",
    "value": {
		translation: { x: -0.6, y: 0.1, z: 0.25 },
		rotation: { x: 175, y: 0, z: 0 },
		origin: { x: 0.5, y: 0.1, z: 0.5 },
		scale: 1
	},
    "file": "weaponpacka:itemtypes/tool/haleberd.json"
  },

  {
    "op": "add",
    "path": "/attributes/sharpenable",
    "value": true,
    "file": "weaponpacka:itemtypes/tool/macuahuitl.json"
  },
  {
    "op": "add",
    "path": "/attributes/onGrindstoneTransform",
    "value": {
      translation: { x: 0.2, y: 0.3, z: 0.35 },
  		rotation: { x: 50, y: 0, z: 0 },
  		origin: { x: 0.5, y: 0.1, z: 0.5 },
  		scale: 1
	},
    "file": "weaponpacka:itemtypes/tool/macuahuitl.json"
  },
]
