{
	"editor": {
		"allAngles": true,
		"entityTextureMode": false
	},
	"textureWidth": 16,
	"textureHeight": 16,
	"textureSizes": {
	},
	"textures": {
		"willowh": "game:block/wood/bark/willow-h",
		"willow2": "game:block/wood/debarked/willow",
		"willow": "game:block/wood/treetrunk/willow"
	},
	"elements": [
		{
			"name": "N",
			"from": [ 2.0, 0.0, 2.0 ],
			"to": [ 14.0, 8.0, 3.0 ],
			"faces": {
				"north": { "texture": "#willow2", "uv": [ 3.5, 7.0, 15.5, 15.0 ] },
				"east": { "texture": "#willow2", "uv": [ 14.0, 5.0, 15.0, 13.0 ] },
				"south": { "texture": "#willow2", "uv": [ 4.0, 3.0, 16.0, 11.0 ] },
				"west": { "texture": "#willow2", "uv": [ 3.0, 3.0, 4.0, 11.0 ] },
				"up": { "texture": "#willow2", "uv": [ 1.0, 2.5, 13.0, 3.5 ] },
				"down": { "texture": "#willow2", "uv": [ 1.0, 2.5, 13.0, 3.5 ] }
			}
		},
		{
			"name": "S",
			"from": [ 2.0, 0.0, 12.0 ],
			"to": [ 14.0, 8.0, 13.0 ],
			"faces": {
				"north": { "texture": "#willow2", "uv": [ 4.0, 2.0, 16.0, 10.0 ] },
				"east": { "texture": "#willow2", "uv": [ 15.0, 3.0, 16.0, 11.0 ] },
				"south": { "texture": "#willow2", "uv": [ 3.5, 6.0, 15.5, 14.0 ] },
				"west": { "texture": "#willow2", "uv": [ 3.5, 2.0, 4.5, 10.0 ] },
				"up": { "texture": "#willow2", "uv": [ 1.0, 2.5, 13.0, 3.5 ], "rotation": 180 },
				"down": { "texture": "#willow2", "uv": [ 1.0, 2.0, 13.0, 3.0 ] }
			}
		},
		{
			"name": "W",
			"from": [ 2.0, 0.0, 3.0 ],
			"to": [ 3.0, 8.0, 12.0 ],
			"faces": {
				"east": { "texture": "#willow2", "uv": [ 3.5, 2.0, 12.5, 10.0 ] },
				"west": { "texture": "#willow2", "uv": [ 2.0, 6.0, 11.0, 14.0 ] },
				"up": { "texture": "#willow2", "uv": [ 2.0, 2.5, 11.0, 3.5 ], "rotation": 90 },
				"down": { "texture": "#willow2", "uv": [ 2.0, 2.5, 11.0, 3.5 ], "rotation": 90 }
			}
		},
		{
			"name": "E",
			"from": [ 13.0, 0.0, 3.0 ],
			"to": [ 14.0, 8.0, 12.0 ],
			"faces": {
				"east": { "texture": "#willow2", "uv": [ 2.0, 6.0, 11.0, 14.0 ] },
				"west": { "texture": "#willow2", "uv": [ 2.0, 6.0, 11.0, 14.0 ] },
				"up": { "texture": "#willow2", "uv": [ 2.0, 2.5, 11.0, 3.5 ], "rotation": 90 },
				"down": { "texture": "#willow2", "uv": [ 2.0, 2.5, 11.0, 3.5 ], "rotation": 90 }
			}
		},
		{
			"name": "floor",
			"from": [ 3.0, 0.0, 3.0 ],
			"to": [ 13.0, 1.0, 12.0 ],
			"faces": {
				"up": { "texture": "#willow2", "uv": [ 0.0, 0.0, 10.0, 9.0 ] },
				"down": { "texture": "#willow2", "uv": [ 2.0, 2.0, 12.0, 11.0 ] }
			}
		},
		{
			"name": "lid",
			"from": [ 3.0, 6.0, 3.0 ],
			"to": [ 13.0, 7.0, 12.0 ],
			"rotationOrigin": [ 8.0, 8.5, 2.0 ],
			"faces": {
				"north": { "texture": "#willowh", "uv": [ 0.0, 0.0, 10.0, 1.0 ] },
				"east": { "texture": "#willowh", "uv": [ 0.0, 0.0, 9.0, 1.0 ] },
				"south": { "texture": "#willowh", "uv": [ 0.0, 0.0, 10.0, 1.0 ] },
				"west": { "texture": "#willowh", "uv": [ 0.0, 0.0, 9.0, 1.0 ] },
				"up": { "texture": "#willowh", "uv": [ 2.5, 7.0, 12.5, 16.0 ] },
				"down": { "texture": "#willowh", "uv": [ 0.0, 0.0, 10.0, 9.0 ] }
			},
			"children": [
				{
					"name": "handle",
					"from": [ 3.5, 1.0, 3.5 ],
					"to": [ 6.5, 2.0, 5.5 ],
					"faces": {
						"north": { "texture": "#willow2", "uv": [ 11.0, 9.5, 12.0, 12.5 ], "rotation": 270 },
						"east": { "texture": "#willow2", "uv": [ 0.0, 0.0, 2.0, 1.0 ] },
						"south": { "texture": "#willow2", "uv": [ 13.0, 10.5, 14.0, 13.5 ], "rotation": 270 },
						"west": { "texture": "#willow2", "uv": [ 0.0, 0.0, 2.0, 1.0 ] },
						"up": { "texture": "#willow2", "uv": [ 11.5, 10.5, 13.5, 13.5 ], "rotation": 90 }
					}
				}
			]
		},
		{
			"name": "Nedges",
			"from": [ 2.0, -0.01, 1.8 ],
			"to": [ 2.0, -0.01, 1.8 ],
			"rotationOrigin": [ 2.0, -0.0071, 1.8 ],
			"faces": {
			},
			"children": [
				{
					"name": "N wall",
					"from": [ 0.0, 0.01, -0.5 ],
					"to": [ 12.3, 0.91, 0.4 ],
					"rotationOrigin": [ 0.0, 0.51, 0.0 ],
					"rotationX": -45.0,
					"faces": {
						"north": { "texture": "#willowh", "uv": [ 0.0, 0.0, 12.0, 0.5 ] },
						"east": { "texture": "#willow", "uv": [ 6.0, 6.5, 7.0, 7.5 ], "autoUv": false },
						"south": { "texture": "#willowh", "uv": [ 0.0, 0.0, 12.0, 0.5 ] },
						"west": { "texture": "#willow", "uv": [ 9.0, 6.0, 10.0, 7.0 ], "autoUv": false },
						"up": { "texture": "#willowh", "uv": [ 0.0, 0.0, 12.0, 0.5 ] },
						"down": { "texture": "#willowh", "uv": [ 0.0, 0.0, 12.0, 0.5 ] }
					},
					"children": [
						{
							"name": "Cube3",
							"from": [ 0.0, 5.3033, 5.3033 ],
							"to": [ 12.3, 6.2033, 6.2033 ],
							"rotationOrigin": [ 0.0, 5.8033, 5.8033 ],
							"faces": {
								"north": { "texture": "#willowh", "uv": [ 2.5, 7.5, 14.5, 8.5 ], "autoUv": false },
								"east": { "texture": "#willow", "uv": [ 7.5, 10.5, 8.5, 11.5 ], "autoUv": false },
								"south": { "texture": "#willowh", "uv": [ 2.5, 9.0, 14.5, 10.0 ], "autoUv": false },
								"west": { "texture": "#willow", "uv": [ 13.0, 8.0, 14.0, 9.0 ], "autoUv": false },
								"up": { "texture": "#willowh", "uv": [ 2.5, 8.0, 14.5, 9.0 ], "autoUv": false },
								"down": { "texture": "#willowh", "uv": [ 2.5, 10.0, 14.5, 11.0 ], "autoUv": false }
							}
						}
					]
				}
			]
		},
		{
			"name": "Wedges",
			"from": [ 2.0, -0.01, 1.8 ],
			"to": [ 2.0, -0.01, 1.8 ],
			"rotationOrigin": [ 2.0, -0.0071, 1.8 ],
			"rotationY": -90.0,
			"faces": {
			},
			"children": [
				{
					"name": "N wall2",
					"from": [ 0.0, 0.01, -0.5 ],
					"to": [ 11.6, 0.91, 0.4 ],
					"rotationOrigin": [ 0.0, 0.51, 0.0 ],
					"rotationX": -45.0,
					"faces": {
						"north": { "texture": "#willowh", "uv": [ 0.0, 0.0, 11.5, 0.5 ] },
						"east": { "texture": "#willow", "uv": [ 11.5, 3.5, 12.5, 4.5 ], "autoUv": false },
						"south": { "texture": "#willowh", "uv": [ 0.0, 0.0, 11.5, 0.5 ] },
						"west": { "texture": "#willow", "uv": [ 6.0, 4.5, 7.0, 5.5 ], "autoUv": false },
						"up": { "texture": "#willowh", "uv": [ 0.0, 0.0, 11.5, 0.5 ] },
						"down": { "texture": "#willowh", "uv": [ 0.0, 0.0, 11.5, 0.5 ] }
					},
					"children": [
						{
							"name": "Cube6",
							"from": [ 0.0, 5.3033, 5.3033 ],
							"to": [ 11.6, 6.2033, 6.2033 ],
							"rotationOrigin": [ 0.0, 5.8033, 5.8033 ],
							"faces": {
								"north": { "texture": "#willowh", "uv": [ 1.0, 9.5, 12.5, 10.5 ], "autoUv": false },
								"east": { "texture": "#willow", "uv": [ 6.0, 5.0, 7.0, 6.0 ], "autoUv": false },
								"south": { "texture": "#willowh", "uv": [ 1.5, 11.5, 13.0, 12.5 ], "autoUv": false },
								"west": { "texture": "#willow", "uv": [ 8.5, 11.0, 9.5, 12.0 ], "autoUv": false },
								"up": { "texture": "#willowh", "uv": [ 1.5, 10.5, 13.0, 11.5 ], "autoUv": false },
								"down": { "texture": "#willowh", "uv": [ 1.5, 12.5, 13.0, 13.5 ], "autoUv": false }
							}
						}
					]
				}
			]
		},
		{
			"name": "Eedges",
			"from": [ 14.0, -0.01, 1.8 ],
			"to": [ 14.0, -0.01, 1.8 ],
			"rotationOrigin": [ 14.0, -0.0071, 1.8 ],
			"rotationY": -90.0,
			"faces": {
			},
			"children": [
				{
					"name": "N wall3",
					"from": [ 0.0, 0.01, -0.8 ],
					"to": [ 11.6, 0.91, 0.1 ],
					"rotationOrigin": [ 0.0, 0.51, -0.3 ],
					"rotationX": -45.0,
					"faces": {
						"north": { "texture": "#willowh", "uv": [ 0.0, 0.0, 11.5, 0.5 ] },
						"east": { "texture": "#willow", "uv": [ 7.5, 9.5, 8.5, 10.5 ], "autoUv": false },
						"south": { "texture": "#willowh", "uv": [ 0.0, 0.0, 11.5, 0.5 ] },
						"west": { "texture": "#willow", "uv": [ 13.5, 8.0, 14.5, 9.0 ], "autoUv": false },
						"up": { "texture": "#willowh", "uv": [ 0.0, 0.0, 11.5, 0.5 ] },
						"down": { "texture": "#willowh", "uv": [ 0.0, 0.0, 11.5, 0.5 ] }
					},
					"children": [
						{
							"name": "Cube14",
							"from": [ 0.0, 5.3033, 5.3033 ],
							"to": [ 11.6, 6.2033, 6.2033 ],
							"rotationOrigin": [ 0.0, 5.8033, 5.8033 ],
							"faces": {
								"north": { "texture": "#willowh", "uv": [ 2.0, 8.0, 13.5, 9.0 ], "autoUv": false },
								"east": { "texture": "#willow", "uv": [ 6.0, 5.0, 7.0, 6.0 ], "autoUv": false },
								"south": { "texture": "#willowh", "uv": [ 1.5, 10.0, 13.0, 11.0 ], "autoUv": false },
								"west": { "texture": "#willow", "uv": [ 8.5, 6.0, 9.5, 7.0 ], "autoUv": false },
								"up": { "texture": "#willowh", "uv": [ 3.0, 7.0, 14.5, 8.0 ], "autoUv": false },
								"down": { "texture": "#willowh", "uv": [ 2.5, 8.0, 14.0, 9.0 ], "autoUv": false }
							}
						}
					]
				}
			]
		},
		{
			"name": "SEdges",
			"from": [ 2.0, -0.01, 13.4 ],
			"to": [ 2.0, -0.01, 13.4 ],
			"rotationOrigin": [ 2.0, -0.0071, 13.4 ],
			"faces": {
			},
			"children": [
				{
					"name": "N wall4",
					"from": [ 0.0, 0.01, -0.5 ],
					"to": [ 12.3, 0.91, 0.4 ],
					"rotationOrigin": [ 0.0, 0.51, 0.0 ],
					"rotationX": -45.0,
					"faces": {
						"north": { "texture": "#willowh", "uv": [ 0.5, 13.0, 12.5, 14.0 ], "autoUv": false },
						"east": { "texture": "#willow", "uv": [ 13.5, 10.0, 14.5, 11.0 ], "autoUv": false },
						"south": { "texture": "#willowh", "uv": [ 3.5, 11.0, 15.5, 12.0 ], "autoUv": false },
						"west": { "texture": "#willow", "uv": [ 7.5, 9.5, 8.5, 10.5 ], "autoUv": false },
						"up": { "texture": "#willowh", "uv": [ 3.5, 12.5, 15.5, 13.5 ], "autoUv": false },
						"down": { "texture": "#willowh", "uv": [ 3.5, 8.0, 15.5, 9.0 ], "autoUv": false }
					},
					"children": [
						{
							"name": "Cube16",
							"from": [ 0.0, 5.3033, 5.3033 ],
							"to": [ 12.3, 6.2033, 6.2033 ],
							"rotationOrigin": [ 0.0, 5.8033, 5.8033 ],
							"faces": {
								"north": { "texture": "#willowh", "uv": [ 3.5, 11.0, 15.5, 12.0 ], "autoUv": false },
								"east": { "texture": "#willow", "uv": [ 6.0, 5.0, 7.0, 6.0 ], "autoUv": false },
								"south": { "texture": "#willowh", "uv": [ 3.5, 7.5, 15.5, 8.5 ], "autoUv": false },
								"west": { "texture": "#willow", "uv": [ 10.5, 4.0, 11.5, 5.0 ], "autoUv": false },
								"up": { "texture": "#willowh", "uv": [ 3.5, 7.5, 15.5, 8.5 ], "autoUv": false },
								"down": { "texture": "#willowh", "uv": [ 0.5, 6.0, 10.0, 5.0 ], "autoUv": false }
							}
						}
					]
				}
			]
		},
		{
			"name": "Cube18",
			"from": [ 2.0, 0.7, 1.8 ],
			"to": [ 2.0, 0.7, 1.8 ],
			"rotationOrigin": [ 2.0, 0.7, 1.8 ],
			"rotationY": 90.0,
			"faces": {
			},
			"children": [
				{
					"name": "Cube13",
					"from": [ -0.2, 0.1, 0.0 ],
					"to": [ 0.0, 1.0, 12.0 ],
					"rotationOrigin": [ -0.2, 0.1, 0.0 ],
					"faces": {
						"north": { "texture": "#willowh", "uv": [ 4.0, 7.5, 4.5, 8.5 ], "autoUv": false },
						"east": { "texture": "#willowh", "uv": [ 3.0, 9.0, 15.0, 10.0 ], "autoUv": false, "windMode": [-1,-1,-1,-1] },
						"south": { "texture": "#willowh", "uv": [ 12.5, 7.5, 13.0, 8.5 ], "autoUv": false },
						"up": { "texture": "#willowh", "uv": [ 0.5, 8.5, 12.5, 9.0 ], "rotation": 90 },
						"down": { "texture": "#willowh", "uv": [ 2.5, 13.0, 9.0, 22.0 ], "rotation": 90, "autoUv": false }
					}
				},
				{
					"name": "Cube15",
					"from": [ -0.2, 1.3, 0.0 ],
					"to": [ 0.0, 2.2, 12.0 ],
					"rotationOrigin": [ -0.2, 1.3, 0.0 ],
					"faces": {
						"north": { "texture": "#willowh", "uv": [ 1.5, 7.0, 2.0, 8.0 ], "autoUv": false },
						"east": { "texture": "#willowh", "uv": [ 3.0, 7.5, 15.0, 8.5 ], "autoUv": false, "windMode": [-1,-1,-1,-1] },
						"south": { "texture": "#willowh", "uv": [ 7.5, 8.0, 8.0, 9.0 ], "autoUv": false },
						"up": { "texture": "#willowh", "uv": [ 0.0, 0.0, 12.0, 0.5 ], "rotation": 90 },
						"down": { "texture": "#willowh", "uv": [ 2.0, 7.5, 14.0, 8.0 ], "rotation": 90, "autoUv": false }
					}
				},
				{
					"name": "Cube19",
					"from": [ -0.2, 2.5, 0.0 ],
					"to": [ 0.0, 3.4, 12.0 ],
					"rotationOrigin": [ -0.2, 2.5, 0.0 ],
					"faces": {
						"north": { "texture": "#willowh", "uv": [ 4.5, 8.5, 5.0, 9.5 ], "autoUv": false },
						"east": { "texture": "#willowh", "uv": [ 0.0, 2.5, 12.0, 3.5 ], "autoUv": false, "windMode": [-1,-1,-1,-1] },
						"south": { "texture": "#willowh", "uv": [ 4.0, 4.5, 4.5, 5.5 ], "autoUv": false },
						"up": { "texture": "#willowh", "uv": [ 3.5, 2.5, 15.5, 3.0 ], "rotation": 90 },
						"down": { "texture": "#willowh", "uv": [ 2.0, 3.5, 14.0, 4.0 ], "rotation": 90 }
					}
				},
				{
					"name": "Cube20",
					"from": [ -0.2, 3.7, 0.0 ],
					"to": [ 0.0, 4.6, 12.0 ],
					"rotationOrigin": [ -0.2, 3.7, 0.0 ],
					"faces": {
						"north": { "texture": "#willowh", "uv": [ 1.5, 2.5, 2.0, 3.5 ], "autoUv": false },
						"east": { "texture": "#willowh", "uv": [ 1.0, 7.0, 13.0, 8.0 ], "autoUv": false, "windMode": [-1,-1,-1,-1] },
						"south": { "texture": "#willowh", "uv": [ 5.5, 2.5, 6.0, 3.5 ], "autoUv": false },
						"up": { "texture": "#willowh", "uv": [ 2.5, 8.0, 14.5, 8.5 ], "rotation": 90 },
						"down": { "texture": "#willowh", "uv": [ 0.0, 0.5, 12.0, 1.0 ], "rotation": 90, "autoUv": false }
					}
				},
				{
					"name": "Cube21",
					"from": [ -0.2, 4.9, 0.0 ],
					"to": [ 0.0, 5.8, 12.0 ],
					"rotationOrigin": [ -0.2, 4.9, 0.0 ],
					"faces": {
						"north": { "texture": "#willowh", "uv": [ 11.0, 3.0, 11.5, 4.0 ], "autoUv": false },
						"east": { "texture": "#willowh", "uv": [ 2.5, 12.5, 14.5, 13.5 ], "autoUv": false, "windMode": [-1,-1,-1,-1] },
						"south": { "texture": "#willowh", "uv": [ 13.0, 2.0, 13.5, 3.0 ], "autoUv": false },
						"up": { "texture": "#willowh", "uv": [ 1.5, 7.5, 13.5, 8.0 ], "rotation": 90 },
						"down": { "texture": "#willowh", "uv": [ 3.0, 8.0, 15.0, 8.5 ], "rotation": 90 }
					}
				},
				{
					"name": "Cube4",
					"from": [ -0.2, 6.1, 0.0 ],
					"to": [ 0.0, 6.6, 12.0 ],
					"rotationOrigin": [ -0.2, 6.1, 0.0 ],
					"faces": {
						"north": { "texture": "#willowh", "uv": [ 0.0, 0.0, 0.5, 0.5 ] },
						"east": { "texture": "#willowh", "uv": [ 2.5, 9.5, 14.5, 10.0 ], "autoUv": false, "windMode": [-1,-1,-1,-1] },
						"south": { "texture": "#willowh", "uv": [ 0.0, 0.0, 0.5, 0.5 ] },
						"west": { "texture": "#willowh", "uv": [ 0.5, 8.0, 12.5, 8.5 ] },
						"down": { "texture": "#willowh", "uv": [ 2.5, 2.5, 14.5, 3.0 ], "rotation": 90, "windMode": [-1,-1,-1,-1] }
					}
				}
			]
		},
		{
			"name": "Cube22",
			"from": [ 14.2, 0.7, 2.0 ],
			"to": [ 14.2, 0.7, 2.0 ],
			"rotationOrigin": [ 14.2, 0.7, 2.0 ],
			"faces": {
			},
			"children": [
				{
					"name": "Cube23",
					"from": [ -0.2, 0.1, 0.0 ],
					"to": [ 0.0, 1.0, 11.0 ],
					"rotationOrigin": [ -0.2, 0.1, 0.0 ],
					"faces": {
						"north": { "texture": "#willowh", "uv": [ 0.0, 0.0, 0.5, 0.5 ] },
						"east": { "texture": "#willowh", "uv": [ 1.5, 1.5, 12.5, 2.5 ], "autoUv": false },
						"south": { "texture": "#willowh", "uv": [ 0.0, 0.0, 0.5, 0.5 ] },
						"up": { "texture": "#willowh", "uv": [ 1.5, 1.0, 12.5, 1.5 ], "rotation": 90 },
						"down": { "texture": "#willowh", "uv": [ 1.5, 2.5, 12.5, 3.0 ], "rotation": 90 }
					}
				},
				{
					"name": "Cube24",
					"from": [ -0.2, 1.3, 0.0 ],
					"to": [ 0.0, 2.2, 11.0 ],
					"rotationOrigin": [ -0.2, 1.3, 0.0 ],
					"faces": {
						"north": { "texture": "#willowh", "uv": [ 0.0, 0.0, 0.5, 0.5 ] },
						"east": { "texture": "#willowh", "uv": [ 3.5, 13.0, 14.5, 14.0 ], "autoUv": false },
						"south": { "texture": "#willowh", "uv": [ 0.0, 0.0, 0.5, 0.5 ] },
						"up": { "texture": "#willowh", "uv": [ 3.5, 12.5, 14.5, 13.0 ], "rotation": 90 },
						"down": { "texture": "#willowh", "uv": [ 3.5, 14.0, 14.5, 14.5 ], "rotation": 90, "autoUv": false }
					}
				},
				{
					"name": "Cube25",
					"from": [ -0.2, 2.5, 0.0 ],
					"to": [ 0.0, 3.4, 11.0 ],
					"rotationOrigin": [ -0.2, 2.5, 0.0 ],
					"faces": {
						"north": { "texture": "#willowh", "uv": [ 0.0, 0.0, 0.5, 0.5 ] },
						"east": { "texture": "#willowh", "uv": [ 2.5, 12.0, 13.5, 13.0 ], "autoUv": false },
						"south": { "texture": "#willowh", "uv": [ 0.0, 0.0, 0.5, 0.5 ] },
						"up": { "texture": "#willowh", "uv": [ 2.5, 13.0, 13.5, 13.5 ], "rotation": 90 },
						"down": { "texture": "#willowh", "uv": [ 2.5, 11.5, 13.5, 12.0 ], "rotation": 90 }
					}
				},
				{
					"name": "Cube26",
					"from": [ -0.2, 3.7, 0.0 ],
					"to": [ 0.0, 4.6, 11.0 ],
					"rotationOrigin": [ -0.2, 3.7, 0.0 ],
					"faces": {
						"north": { "texture": "#willowh", "uv": [ 0.0, 0.0, 0.5, 0.5 ] },
						"east": { "texture": "#willowh", "uv": [ 4.0, 13.5, 15.0, 14.5 ], "autoUv": false },
						"south": { "texture": "#willowh", "uv": [ 0.0, 0.0, 0.5, 0.5 ] },
						"up": { "texture": "#willowh", "uv": [ 4.0, 13.0, 15.0, 13.5 ], "rotation": 90 },
						"down": { "texture": "#willowh", "uv": [ 4.0, 14.5, 15.0, 15.0 ], "rotation": 90 }
					}
				},
				{
					"name": "Cube27",
					"from": [ -0.2, 4.9, 0.0 ],
					"to": [ 0.0, 5.8, 11.0 ],
					"rotationOrigin": [ -0.2, 4.9, 0.0 ],
					"faces": {
						"north": { "texture": "#willowh", "uv": [ 0.0, 0.0, 0.5, 0.5 ] },
						"east": { "texture": "#willowh", "uv": [ 5.0, 10.5, 16.0, 11.5 ], "autoUv": false },
						"south": { "texture": "#willowh", "uv": [ 0.0, 0.0, 0.5, 0.5 ] },
						"up": { "texture": "#willowh", "uv": [ 5.0, 10.0, 16.0, 10.5 ], "rotation": 90 },
						"down": { "texture": "#willowh", "uv": [ 5.0, 3.5, 16.0, 4.0 ], "rotation": 90 }
					}
				},
				{
					"name": "Cube5",
					"from": [ -0.2, 6.1, 0.0 ],
					"to": [ 0.0, 6.6, 11.0 ],
					"rotationOrigin": [ -0.2, 6.1, 0.0 ],
					"faces": {
						"north": { "texture": "#willowh", "uv": [ 0.0, 0.0, 0.5, 0.5 ] },
						"east": { "texture": "#willowh", "uv": [ 1.0, 4.0, 12.0, 4.5 ] },
						"south": { "texture": "#willowh", "uv": [ 0.0, 0.0, 0.5, 0.5 ] },
						"west": { "texture": "#willowh", "uv": [ 1.0, 4.5, 12.0, 5.0 ] },
						"down": { "texture": "#willowh", "uv": [ 1.5, 3.0, 12.5, 3.5 ], "rotation": 90, "windMode": [-1,-1,-1,-1] }
					}
				}
			]
		},
		{
			"name": "Cube28",
			"from": [ 14.0, 0.7, 13.2 ],
			"to": [ 14.0, 0.7, 13.2 ],
			"rotationOrigin": [ 14.0, 0.7, 13.2 ],
			"rotationY": -90.0,
			"faces": {
			},
			"children": [
				{
					"name": "Cube29",
					"from": [ -0.2, 0.1, 0.0 ],
					"to": [ 0.0, 1.0, 12.0 ],
					"rotationOrigin": [ -0.2, 0.1, 0.0 ],
					"faces": {
						"north": { "texture": "#willowh", "uv": [ 4.0, 8.0, 4.5, 9.0 ], "autoUv": false },
						"east": { "texture": "#willowh", "uv": [ 1.0, 2.0, 13.0, 3.0 ], "autoUv": false },
						"south": { "texture": "#willowh", "uv": [ 7.0, 12.5, 7.5, 13.5 ], "autoUv": false },
						"up": { "texture": "#willowh", "uv": [ 1.0, 3.5, 13.0, 4.0 ], "rotation": 90 },
						"down": { "texture": "#willowh", "uv": [ 0.0, 0.0, 12.0, 0.5 ], "rotation": 90, "autoUv": false }
					}
				},
				{
					"name": "Cube30",
					"from": [ -0.2, 1.3, 0.0 ],
					"to": [ 0.0, 2.2, 12.0 ],
					"rotationOrigin": [ -0.2, 1.3, 0.0 ],
					"faces": {
						"north": { "texture": "#willowh", "uv": [ 5.0, 7.0, 5.5, 8.0 ], "autoUv": false },
						"east": { "texture": "#willowh", "uv": [ 2.5, 10.5, 14.5, 11.5 ], "autoUv": false },
						"south": { "texture": "#willowh", "uv": [ 3.0, 10.0, 3.5, 11.0 ], "autoUv": false },
						"up": { "texture": "#willowh", "uv": [ 2.0, 8.5, 14.0, 9.0 ], "rotation": 90 },
						"down": { "texture": "#willowh", "uv": [ 2.5, 10.5, 14.5, 11.0 ], "rotation": 90, "autoUv": false }
					}
				},
				{
					"name": "Cube31",
					"from": [ -0.2, 2.5, 0.0 ],
					"to": [ 0.0, 3.4, 12.0 ],
					"rotationOrigin": [ -0.2, 2.5, 0.0 ],
					"faces": {
						"north": { "texture": "#willowh", "uv": [ 7.5, 8.5, 8.0, 9.5 ], "autoUv": false },
						"east": { "texture": "#willowh", "uv": [ 1.5, 4.5, 13.5, 5.5 ], "autoUv": false },
						"south": { "texture": "#willowh", "uv": [ 6.5, 7.0, 7.0, 8.0 ], "autoUv": false },
						"up": { "texture": "#willowh", "uv": [ 3.0, 13.5, 15.0, 14.0 ], "rotation": 90 },
						"down": { "texture": "#willowh", "uv": [ 4.0, 11.0, 16.0, 11.5 ], "rotation": 90 }
					}
				},
				{
					"name": "Cube32",
					"from": [ -0.2, 3.7, 0.0 ],
					"to": [ 0.0, 4.6, 12.0 ],
					"rotationOrigin": [ -0.2, 3.7, 0.0 ],
					"faces": {
						"north": { "texture": "#willowh", "uv": [ 1.5, 2.0, 2.0, 3.0 ], "autoUv": false },
						"east": { "texture": "#willowh", "uv": [ 1.0, 3.0, 13.0, 4.0 ], "autoUv": false },
						"south": { "texture": "#willowh", "uv": [ 0.0, 0.0, 0.5, 0.9 ], "autoUv": false },
						"up": { "texture": "#willowh", "uv": [ 0.0, 0.0, 0.5, 12.0 ] },
						"down": { "texture": "#willowh", "uv": [ 0.0, 0.0, 0.5, 12.0 ] }
					}
				},
				{
					"name": "Cube33",
					"from": [ -0.2, 4.9, 0.0 ],
					"to": [ 0.0, 5.8, 12.0 ],
					"rotationOrigin": [ -0.2, 4.9, 0.0 ],
					"faces": {
						"north": { "texture": "#willowh", "uv": [ 0.0, 0.0, 0.5, 1.0 ], "autoUv": false },
						"east": { "texture": "#willowh", "uv": [ 2.0, 4.0, 14.0, 5.0 ], "autoUv": false },
						"south": { "texture": "#willowh", "uv": [ 4.5, 8.0, 5.0, 9.0 ], "autoUv": false },
						"up": { "texture": "#willowh", "uv": [ 3.5, 10.0, 15.5, 10.5 ], "rotation": 90 },
						"down": { "texture": "#willowh", "uv": [ 2.0, 9.5, 15.0, 10.0 ], "rotation": 90, "autoUv": false }
					}
				},
				{
					"name": "Cube7",
					"from": [ -0.2, 6.1, 0.0 ],
					"to": [ 0.0, 6.6, 12.0 ],
					"rotationOrigin": [ -0.2, 6.1, 0.0 ],
					"faces": {
						"north": { "texture": "#willowh", "uv": [ 2.5, 12.0, 3.0, 13.0 ], "autoUv": false },
						"east": { "texture": "#willowh", "uv": [ 0.5, 10.5, 12.5, 11.0 ], "autoUv": false },
						"south": { "texture": "#willowh", "uv": [ 4.0, 9.5, 4.5, 10.0 ], "autoUv": false },
						"west": { "texture": "#willowh", "uv": [ 2.0, 10.0, 14.0, 10.5 ] },
						"down": { "texture": "#willowh", "uv": [ 2.5, 8.5, 14.5, 9.0 ], "rotation": 90, "windMode": [-1,-1,-1,-1] }
					}
				}
			]
		},
		{
			"name": "Cube17",
			"from": [ 2.0, 0.7, 2.0 ],
			"to": [ 2.0, 0.7, 2.0 ],
			"rotationOrigin": [ 2.0, 0.7, 2.0 ],
			"faces": {
			},
			"children": [
				{
					"name": "Cube12",
					"from": [ -0.2, 0.1, 0.0 ],
					"to": [ 0.0, 1.0, 11.0 ],
					"rotationOrigin": [ -0.2, 0.1, 0.0 ],
					"faces": {
						"north": { "texture": "#willowh", "uv": [ 6.0, 5.0, 6.5, 6.0 ], "autoUv": false },
						"south": { "texture": "#willowh", "uv": [ 6.5, 4.5, 7.0, 5.5 ], "autoUv": false },
						"west": { "texture": "#willowh", "uv": [ 2.0, 13.0, 13.0, 14.0 ], "autoUv": false },
						"up": { "texture": "#willowh", "uv": [ 2.5, 2.5, 13.5, 3.0 ], "rotation": 90, "autoUv": false },
						"down": { "texture": "#willowh", "uv": [ 3.0, 4.0, 14.0, 4.5 ], "rotation": 90 }
					}
				},
				{
					"name": "Cube11",
					"from": [ -0.2, 1.3, 0.0 ],
					"to": [ 0.0, 2.2, 11.0 ],
					"rotationOrigin": [ -0.2, 1.3, 0.0 ],
					"faces": {
						"north": { "texture": "#willowh", "uv": [ 3.5, 9.5, 4.0, 10.5 ], "autoUv": false },
						"south": { "texture": "#willowh", "uv": [ 3.0, 4.0, 3.5, 5.0 ], "autoUv": false },
						"west": { "texture": "#willowh", "uv": [ 3.0, 12.0, 14.0, 13.0 ], "autoUv": false },
						"up": { "texture": "#willowh", "uv": [ 0.0, 1.0, 11.0, 1.5 ], "rotation": 90 },
						"down": { "texture": "#willowh", "uv": [ 0.0, 0.0, 11.0, 0.5 ], "rotation": 90 }
					}
				},
				{
					"name": "Cube10",
					"from": [ -0.2, 2.5, 0.0 ],
					"to": [ 0.0, 3.4, 11.0 ],
					"rotationOrigin": [ -0.2, 2.5, 0.0 ],
					"faces": {
						"north": { "texture": "#willowh", "uv": [ 7.0, 8.0, 7.5, 9.0 ], "autoUv": false },
						"south": { "texture": "#willowh", "uv": [ 14.0, 9.0, 14.5, 10.0 ], "autoUv": false },
						"west": { "texture": "#willowh", "uv": [ 1.0, 3.0, 12.0, 4.0 ], "autoUv": false },
						"up": { "texture": "#willowh", "uv": [ 3.5, 11.5, 14.5, 12.0 ], "rotation": 90 },
						"down": { "texture": "#willowh", "uv": [ 2.5, 3.5, 13.5, 4.0 ], "rotation": 90 }
					}
				},
				{
					"name": "Cube9",
					"from": [ -0.2, 3.7, 0.0 ],
					"to": [ 0.0, 4.6, 11.0 ],
					"rotationOrigin": [ -0.2, 3.7, 0.0 ],
					"faces": {
						"north": { "texture": "#willowh", "uv": [ 14.5, 2.5, 15.0, 3.5 ], "autoUv": false },
						"south": { "texture": "#willowh", "uv": [ 3.0, 3.5, 3.5, 4.5 ], "autoUv": false },
						"west": { "texture": "#willowh", "uv": [ 0.0, 0.0, 11.0, 1.0 ], "autoUv": false },
						"up": { "texture": "#willowh", "uv": [ 3.5, 3.5, 14.5, 4.0 ], "rotation": 90 },
						"down": { "texture": "#willowh", "uv": [ 3.5, 3.5, 14.5, 4.0 ], "rotation": 90 }
					}
				},
				{
					"name": "Cube8",
					"from": [ -0.2, 4.9, 0.0 ],
					"to": [ 0.0, 5.8, 11.0 ],
					"rotationOrigin": [ -0.2, 4.9, 0.0 ],
					"faces": {
						"north": { "texture": "#willowh", "uv": [ 15.0, 12.0, 15.5, 13.0 ], "autoUv": false },
						"south": { "texture": "#willowh", "uv": [ 3.0, 11.0, 3.5, 12.0 ], "autoUv": false },
						"west": { "texture": "#willowh", "uv": [ 3.5, 9.5, 14.5, 10.5 ], "autoUv": false },
						"up": { "texture": "#willowh", "uv": [ 3.5, 9.5, 14.5, 10.0 ], "rotation": 90, "autoUv": false },
						"down": { "texture": "#willowh", "uv": [ 0.0, 6.0, 11.0, 6.5 ], "rotation": 90 }
					}
				},
				{
					"name": "Cube2",
					"from": [ -0.2, 6.1, 0.0 ],
					"to": [ 0.0, 6.6, 11.0 ],
					"rotationOrigin": [ -0.2, 6.1, 0.0 ],
					"faces": {
						"north": { "texture": "#willowh", "uv": [ 4.0, 12.5, 4.5, 13.0 ], "autoUv": false },
						"south": { "texture": "#willowh", "uv": [ 8.0, 9.5, 8.5, 10.0 ], "autoUv": false },
						"west": { "texture": "#willowh", "uv": [ 4.0, 12.0, 15.0, 12.5 ], "autoUv": false },
						"down": { "texture": "#willowh", "uv": [ 0.0, 0.0, 11.0, 0.5 ], "rotation": 90, "windMode": [-1,-1,-1,-1] }
					}
				}
			]
		}
	],
	"animations": [
		{
			"name": "lidopen",
			"code": "lidopen",
			"quantityframes": 30,
			"onActivityStopped": "Rewind",
			"onAnimationEnd": "Hold",
			"keyframes": [
				{
					"frame": 0,
					"elements": {
						"lid": { "offsetX": 0.0, "offsetY": 0.0, "offsetZ": 0.0, "rotationX": 0.0, "rotationY": 0.0, "rotationZ": 0.0 }
					}
				},
				{
					"frame": 29,
					"elements": {
						"lid": { "offsetX": 0.0, "offsetY": 1.9, "offsetZ": -9.7, "rotationX": -78.0, "rotationY": 0.0, "rotationZ": 0.0 }
					}
				}
			]
		}
	]
}