{
	"editor": {
		"allAngles": false,
		"entityTextureMode": false
	},
	"textureWidth": 16,
	"textureHeight": 16,
	"textureSizes": {
	},
	"textures": {
	},
	"elements": [
		{
			"name": "Core",
			"from": [ 7.0, 0.0, 7.7 ], 
			"to": [ 14.5, 1.0, 8.7 ], 
			"rotationOrigin": [ 14.0, 0.5, 8.0 ],
			"faces": {
				"north": { "texture": "#core", "uv": [ 0.0, 8.0, 7.5, 9.0 ] },
				"east": {
					"texture": "#core",
					"uv": [ 8.0, 7.0, 9.0, 8.0 ]
				},
				"south": {
					"texture": "#core",
					"uv": [ 0.0, 0.0, 7.5, 1.0 ]
				},
				"west": {
					"texture": "#core",
					"uv": [ 3.0, 2.0, 4.0, 3.0 ]
				},
				"up": {
					"texture": "#core",
					"uv": [ 0.0, 4.5, 7.5, 5.5 ]
				},
				"down": {
					"texture": "#core",
					"uv": [ 0.0, 7.0, 7.5, 8.0 ]
				}
			},
			"children": [
				{
					"name": "Handle",
					"from": [ -1.0, -0.1, -0.1 ], 
					"to": [ 4.2, 1.1, 1.1 ], 
					"rotationOrigin": [ -1.0, -0.1, -0.1 ],
					"faces": {
						"north": { "texture": "#handle", "uv": [ 6.5, 5.0, 11.5, 6.0 ] },
						"east": { "texture": "#handle", "uv": [ 0.0, 0.0, 1.0, 1.0 ] },
						"south": { "texture": "#handle", "uv": [ 10.5, 0.0, 15.5, 1.0 ] },
						"west": { "texture": "#handle", "uv": [ 0.0, 0.0, 1.0, 1.0 ] },
						"up": { "texture": "#handle", "uv": [ 10.0, 0.0, 15.0, 1.0 ] },
						"down": { "texture": "#handle", "uv": [ 8.0, 4.0, 13.0, 5.0 ] }
					}
				},
				{
					"name": "cap",
					"from": [ 7.2, -0.2, -0.2 ], 
					"to": [ 7.7, 1.2, 1.2 ], 
					"rotationOrigin": [ 7.2, -0.2, -0.2 ],
					"faces": {
						"north": { "texture": "#cap", "uv": [ 6.5, 5.0, 7.0, 6.0 ] },
						"east": { "texture": "#cap", "uv": [ 0.0, 0.0, 1.0, 1.0 ] },
						"south": { "texture": "#cap", "uv": [ 10.5, 0.0, 11.0, 1.0 ] },
						"west": { "texture": "#cap", "uv": [ 0.0, 0.0, 1.0, 1.0 ] },
						"up": { "texture": "#cap", "uv": [ 10.0, 0.0, 10.5, 1.0 ] },
						"down": { "texture": "#cap", "uv": [ 8.0, 4.0, 8.5, 5.0 ] }
					}
				},
				{
					"name": "glow2",
					"from": [ 6.2, -0.1, -0.1 ], 
					"to": [ 6.7, 1.1, 1.1 ], 
					"rotationOrigin": [ 6.2, -0.1, -0.1 ],
					"faces": {
						"north": {
							"texture": "#glowdisconnect",
							"uv": [ 6.5, 5.0, 7.0, 6.0 ]
						},
						"east": {
							"texture": "#glowdisconnect",
							"uv": [ 0.0, 0.0, 1.0, 1.0 ]
						},
						"south": {
							"texture": "#glowdisconnect",
							"uv": [ 10.5, 0.0, 11.0, 1.0 ]
						},
						"west": {
							"texture": "#glowdisconnect",
							"uv": [ 0.0, 0.0, 1.0, 1.0 ]
						},
						"up": {
							"texture": "#glowdisconnect",
							"uv": [ 10.0, 0.0, 10.5, 1.0 ]
						},
						"down": {
							"texture": "#glowdisconnect",
							"uv": [ 8.0, 4.0, 8.5, 5.0 ]
						}
					}
				},
				{
					"name": "glow1",
					"from": [ 5.2, -0.1, -0.1 ], 
					"to": [ 5.7, 1.1, 1.1 ], 
					"rotationOrigin": [ 5.2, -0.1, -0.1 ],
					"faces": {
						"north": {
							"texture": "#glowdisconnect",
							"uv": [ 6.5, 5.0, 7.0, 6.0 ]
						},
						"east": {
							"texture": "#glowdisconnect",
							"uv": [ 0.0, 0.0, 1.0, 1.0 ]
						},
						"south": {
							"texture": "#glowdisconnect",
							"uv": [ 10.5, 0.0, 11.0, 1.0 ]
						},
						"west": {
							"texture": "#glowdisconnect",
							"uv": [ 0.0, 0.0, 1.0, 1.0 ]
						},
						"up": {
							"texture": "#glowdisconnect",
							"uv": [ 10.0, 0.0, 10.5, 1.0 ]
						},
						"down": {
							"texture": "#glowdisconnect",
							"uv": [ 8.0, 4.0, 8.5, 5.0 ]
						}
					}
				},
				{
					"name": "Handle2-1",
					"from": [ 4.2, -0.2, -0.2 ], 
					"to": [ 4.7, 1.2, 1.2 ], 
					"rotationOrigin": [ 4.2, -0.2, -0.2 ],
					"faces": {
						"north": {
							"texture": "#handlecap",
							"uv": [ 6.5, 5.0, 7.0, 6.0 ]
						},
						"east": {
							"texture": "#handlecap",
							"uv": [ 0.0, 0.0, 1.0, 1.0 ]
						},
						"south": {
							"texture": "#handlecap",
							"uv": [ 10.5, 0.0, 11.0, 1.0 ]
						},
						"west": {
							"texture": "#handlecap",
							"uv": [ 0.0, 0.0, 1.0, 1.0 ]
						},
						"up": {
							"texture": "#handlecap",
							"uv": [ 10.0, 0.0, 10.5, 1.0 ]
						},
						"down": {
							"texture": "#handlecap",
							"uv": [ 8.0, 4.0, 8.5, 5.0 ]
						}
					}
				},
				{
					"name": "Handle2-2",
					"from": [ -1.5, -0.2, -0.2 ], 
					"to": [ -1.0, 1.2, 1.2 ], 
					"rotationOrigin": [ -1.5, -0.2, -0.2 ],
					"faces": {
						"north": { "texture": "#handlecap", "uv": [ 6.5, 5.0, 7.0, 6.0 ] },
						"east": {
							"texture": "#handlecap",
							"uv": [ 0.0, 0.0, 1.0, 1.0 ]
						},
						"south": {
							"texture": "#handlecap",
							"uv": [ 10.5, 0.0, 11.0, 1.0 ]
						},
						"west": {
							"texture": "#handlecap",
							"uv": [ 0.0, 0.0, 1.0, 1.0 ]
						},
						"up": {
							"texture": "#handlecap",
							"uv": [ 10.0, 0.0, 10.5, 1.0 ]
						},
						"down": {
							"texture": "#handlecap",
							"uv": [ 8.0, 4.0, 8.5, 5.0 ]
						}
					}
				}
			]
		},
		{
			"name": "origin",
			"from": [ 14.6, 0.5, 8.2 ], 
			"to": [ 14.6, 0.5, 8.2 ], 
			"rotationOrigin": [ 14.6, 0.5, 8.2 ],
			"rotationZ": -90.0,
			"faces": {
				"north": { "texture": "#materialdisconnect", "uv": [ 6.5, 12.0, 7.0, 12.5 ], "enabled": false },
				"east": { "texture": "#materialdisconnect", "uv": [ 4.5, 11.0, 5.0, 11.5 ], "enabled": false },
				"south": { "texture": "#materialdisconnect", "uv": [ 5.5, 14.5, 6.0, 15.0 ], "enabled": false },
				"west": { "texture": "#materialdisconnect", "uv": [ 6.0, 13.0, 6.5, 13.5 ], "enabled": false },
				"up": { "texture": "#materialdisconnect", "uv": [ 11.0, 12.0, 11.5, 12.5 ], "enabled": false },
				"down": { "texture": "#materialdisconnect", "uv": [ 3.0, 14.0, 3.5, 14.5 ], "enabled": false }
			},
			"children": [
				{
					"name": "base",
					"from": [ -0.5, 0.0, -0.5 ], 
					"to": [ 0.5, 0.5, 0.5 ], 
					"renderPass": 3,
					"faces": {
						"north": { "texture": "#materialdisconnect", "uv": [ 12.0, 8.5, 13.0, 9.0 ] },
						"east": { "texture": "#materialdisconnect", "uv": [ 2.0, 6.5, 3.0, 7.0 ] },
						"south": { "texture": "#materialdisconnect", "uv": [ 12.0, 9.0, 13.0, 9.5 ] },
						"west": { "texture": "#materialdisconnect", "uv": [ 12.0, 8.5, 13.0, 9.0 ] },
						"up": { "texture": "#materialdisconnect", "uv": [ 10.0, 11.0, 11.0, 12.0 ] },
						"down": { "texture": "#materialdisconnect", "uv": [ 4.5, 14.0, 5.5, 15.0 ], "enabled": false }
					},
					"children": [
						{
							"name": "crystal 1",
							"from": [ 0.25, 0.5, 0.25 ], 
							"to": [ 0.75, 2.6, 0.75 ], 
							"renderPass": 3,
							"rotationOrigin": [ 0.5, 0.5, 0.5 ],
							"faces": {
								"north": { "texture": "#materialdisconnect", "uv": [ 2.0, 1.0, 2.5, 3.0 ] },
								"east": { "texture": "#materialdisconnect", "uv": [ 9.0, 1.0, 9.5, 3.0 ] },
								"south": { "texture": "#materialdisconnect", "uv": [ 14.0, 1.0, 14.5, 3.0 ] },
								"west": { "texture": "#materialdisconnect", "uv": [ 8.5, 1.0, 9.0, 3.0 ] },
								"up": { "texture": "#materialdisconnect", "uv": [ 6.0, 1.0, 6.5, 1.5 ] },
								"down": { "texture": "#materialdisconnect", "uv": [ 0.0, 0.0, 0.5, 0.5 ], "enabled": false }
							}
						},
						{
							"name": "crystal 2",
							"from": [ 0.25, 0.25, 0.5 ], 
							"to": [ 0.75, 2.25, 1.0 ], 
							"renderPass": 3,
							"rotationOrigin": [ 0.5, 0.25, 0.75 ],
							"rotationX": 20.0,
							"rotationY": -1.0,
							"faces": {
								"north": { "texture": "#materialdisconnect", "uv": [ 9.5, 0.5, 10.0, 2.5 ] },
								"east": { "texture": "#materialdisconnect", "uv": [ 12.0, 1.0, 12.5, 3.0 ] },
								"south": { "texture": "#materialdisconnect", "uv": [ 10.5, 0.5, 11.0, 2.5 ] },
								"west": { "texture": "#materialdisconnect", "uv": [ 10.5, 0.0, 11.0, 2.0 ] },
								"up": { "texture": "#materialdisconnect", "uv": [ 9.0, 1.0, 9.5, 1.5 ] },
								"down": { "texture": "#materialdisconnect", "uv": [ 0.0, 0.0, 0.5, 0.5 ], "enabled": false }
							}
						},
						{
							"name": "crystal 3",
							"from": [ 0.15, 0.25, 0.15 ], 
							"to": [ 0.65, 2.55, 0.65 ], 
							"renderPass": 3,
							"rotationOrigin": [ 0.4, 0.25, 0.4 ],
							"rotationX": -30.0,
							"rotationY": 30.0,
							"rotationZ": 15.0,
							"faces": {
								"north": { "texture": "#materialdisconnect", "uv": [ 9.5, 1.0, 10.0, 3.0 ] },
								"east": { "texture": "#materialdisconnect", "uv": [ 11.5, 0.5, 12.0, 2.5 ] },
								"south": { "texture": "#materialdisconnect", "uv": [ 12.0, 0.5, 12.5, 2.5 ] },
								"west": { "texture": "#materialdisconnect", "uv": [ 8.5, 0.0, 9.0, 2.0 ] },
								"up": { "texture": "#materialdisconnect", "uv": [ 13.5, 0.5, 14.0, 1.0 ] },
								"down": { "texture": "#materialdisconnect", "uv": [ 0.0, 0.0, 0.5, 0.5 ], "enabled": false }
							}
						},
						{
							"name": "crystal 4",
							"from": [ 0.5, 0.2, 0.0 ], 
							"to": [ 1.0, 2.2, 0.5 ], 
							"renderPass": 3,
							"rotationOrigin": [ 0.75, 0.2, 0.25 ],
							"rotationX": -15.0,
							"rotationZ": -30.0,
							"faces": {
								"north": { "texture": "#materialdisconnect", "uv": [ 4.5, 2.0, 5.0, 4.0 ] },
								"east": { "texture": "#materialdisconnect", "uv": [ 3.0, 2.0, 3.5, 4.0 ] },
								"south": { "texture": "#materialdisconnect", "uv": [ 2.0, 2.5, 2.5, 4.5 ] },
								"west": { "texture": "#materialdisconnect", "uv": [ 2.0, 2.0, 2.5, 4.0 ] },
								"up": { "texture": "#materialdisconnect", "uv": [ 5.0, 2.0, 5.5, 2.5 ] },
								"down": { "texture": "#materialdisconnect", "uv": [ 0.0, 0.0, 0.5, 0.5 ], "enabled": false }
							}
						},
						{
							"name": "crystal 7",
							"from": [ -0.05, 0.25, 0.2 ], 
							"to": [ 0.7, 2.25, 0.95 ], 
							"renderPass": 3,
							"rotationOrigin": [ 0.3, 0.25, 0.55 ],
							"rotationX": 8.0,
							"rotationY": 14.0,
							"rotationZ": 30.0,
							"faces": {
								"north": { "texture": "#materialdisconnect", "uv": [ 3.0, 2.5, 3.75, 4.5 ] },
								"east": { "texture": "#materialdisconnect", "uv": [ 3.5, 2.5, 4.25, 4.5 ] },
								"south": { "texture": "#materialdisconnect", "uv": [ 4.0, 2.0, 4.75, 4.0 ] },
								"west": { "texture": "#materialdisconnect", "uv": [ 3.0, 2.5, 3.75, 4.5 ] },
								"up": { "texture": "#materialdisconnect", "uv": [ 6.5, 1.0, 7.25, 1.75 ] },
								"down": { "texture": "#materialdisconnect", "uv": [ 0.0, 0.0, 0.75, 0.75 ], "enabled": false }
							}
						},
						{
							"name": "crystal 8",
							"from": [ 0.75, 0.35, 0.6 ], 
							"to": [ 1.0, 1.6, 0.85 ], 
							"renderPass": 3,
							"rotationOrigin": [ 0.85, 0.35, 0.7 ],
							"rotationX": 25.0,
							"rotationZ": -41.0,
							"faces": {
								"north": { "texture": "#materialdisconnect", "uv": [ 10.5, 1.0, 10.75, 2.25 ] },
								"east": { "texture": "#materialdisconnect", "uv": [ 12.0, 1.0, 12.25, 2.25 ] },
								"south": { "texture": "#materialdisconnect", "uv": [ 10.5, 0.5, 10.75, 1.75 ] },
								"west": { "texture": "#materialdisconnect", "uv": [ 12.0, 0.5, 12.25, 1.75 ] },
								"up": { "texture": "#materialdisconnect", "uv": [ 9.0, 1.5, 9.25, 1.75 ] },
								"down": { "texture": "#materialdisconnect", "uv": [ 0.0, 0.0, 0.25, 0.25 ], "enabled": false }
							}
						},
						{
							"name": "crystal 9",
							"from": [ 0.0, 0.2, 0.0 ], 
							"to": [ 0.25, 1.2, 0.25 ], 
							"renderPass": 3,
							"rotationOrigin": [ 0.1, 0.2, 0.1 ],
							"rotationY": -25.0,
							"rotationZ": 47.0,
							"faces": {
								"north": { "texture": "#materialdisconnect", "uv": [ 4.5, 3.5, 4.75, 4.5 ] },
								"east": { "texture": "#materialdisconnect", "uv": [ 2.0, 3.5, 2.25, 4.5 ] },
								"south": { "texture": "#materialdisconnect", "uv": [ 3.5, 3.0, 3.75, 4.0 ] },
								"west": { "texture": "#materialdisconnect", "uv": [ 3.5, 3.5, 3.75, 4.5 ] },
								"up": { "texture": "#materialdisconnect", "uv": [ 7.0, 3.5, 7.25, 3.75 ] },
								"down": { "texture": "#materialdisconnect", "uv": [ 0.0, 0.0, 0.25, 0.25 ], "enabled": false }
							}
						}
					]
				}
			]
		}
	]}