﻿{
    "code": "claypile",
    "class": "BlockClayPile",
    "entityClass": "BlockEntityClayPile",
    "behaviors": [ { "name": "UnstableFalling" } ],
    "blockmaterial": "soil",
    "variantgroups": [
        {
            "code": "type",
            "states": [ "blue", "fire" ]
        }
    ],
    "textures": {
        "all": {
            "base": "game:block/clay/{type}clay"
        }
    },
    "lightAbsorption": 0,
    "sidesolid": { "all": false },
    "sideopaque": { "all": false },
    "sounds": {
        "place": "game:sounds/effect/clayform",
        "break": "game:sounds/effect/clayform"
    },
    "replaceable": 100,
    "resistance": 2,
    "collisionbox": {
        "x1": 0,
        "y1": 0,
        "x2": 1,
        "y2": 0,
        "z2": 1
    },
    "selectionbox": {
        "x1": 0,
        "y1": 0,
        "x2": 1,
        "y2": 0,
        "z2": 1
    },
    "drops": [],
    "materialDensity": 600

}