﻿{
    "code": "orepile-ungraded",
    "class": "BlockOreUngradedPile",
    "entityClass": "BlockEntityOreUngradedPile",
    "behaviors": [ { "name": "UnstableFalling" } ],
    "blockmaterial": "stone",
    "variantgroups": [
        {
            "code": "ore",
            "loadFromProperties": "game:block/ore-ungraded"
        }
    ],
    "textures": {
        "all": { 
            "base": "game:item/resource/ungraded/{ore}*"
        }
    },
    "lightAbsorption": 0,
    "sidesolid": { "all": false },
    "sideopaque": { "all": false },
    "sounds": {
        "place": "game:block/stone",
        "break": "game:block/stone"
    },
    "replaceable": 100,
    "resistance": 2,
    "collisionbox": {
        "x1": 0,
        "y1": 0,
        "x2": 1,
        "y2": 0,
        "z2": 1
    },
    "selectionbox": {
        "x1": 0,
        "y1": 0,
        "x2": 1,
        "y2": 0,
        "z2": 1
    },
    "drops": [],
    "materialDensity": 600

}
