﻿{
    "code": "orepile-graded",
    "class": "BlockOreGradedPile",
    "entityClass": "BlockEntityOreGradedPile",
    "behaviors": [ { "name": "UnstableFalling" } ],
    "blockmaterial": "stone",
    "variantgroups": [
        {
            "code": "grade",
            "states": ["poor", "medium", "rich", "bountiful"]
        },
        {
            "code": "ore",
            "loadFromProperties": "game:block/ore-graded"
        },
        {
            "code": "rock",
            "loadFromProperties": "game:block/rockwithdeposit"
        }
    ],
    "allowedVariants": [
"orepile-graded-poor-bismuthinite-andesite",
"orepile-graded-medium-bismuthinite-andesite",
"orepile-graded-rich-bismuthinite-andesite",
"orepile-graded-poor-bismuthinite-granite",
"orepile-graded-medium-bismuthinite-granite",
"orepile-graded-rich-bismuthinite-granite",
"orepile-graded-poor-bismuthinite-basalt",
"orepile-graded-medium-bismuthinite-basalt",
"orepile-graded-rich-bismuthinite-basalt",
"orepile-graded-bountiful-bismuthinite-basalt",
"orepile-graded-poor-bismuthinite-peridotite",
"orepile-graded-medium-bismuthinite-peridotite",
"orepile-graded-rich-bismuthinite-peridotite",
"orepile-graded-poor-bismuthinite-phyllite",
"orepile-graded-medium-bismuthinite-phyllite",
"orepile-graded-poor-bismuthinite-slate",
"orepile-graded-medium-bismuthinite-slate",
"orepile-graded-poor-cassiterite-andesite",
"orepile-graded-medium-cassiterite-andesite",
"orepile-graded-poor-cassiterite-granite",
"orepile-graded-medium-cassiterite-granite",
"orepile-graded-rich-cassiterite-granite",
"orepile-graded-bountiful-cassiterite-granite",
"orepile-graded-poor-cassiterite-basalt",
"orepile-graded-medium-cassiterite-basalt",
"orepile-graded-poor-cassiterite-peridotite",
"orepile-graded-medium-cassiterite-peridotite",
"orepile-graded-poor-cassiterite-phyllite",
"orepile-graded-medium-cassiterite-phyllite",
"orepile-graded-poor-cassiterite-slate",
"orepile-graded-medium-cassiterite-slate",
"orepile-graded-poor-sphalerite-andesite",
"orepile-graded-medium-sphalerite-andesite",
"orepile-graded-poor-sphalerite-granite",
"orepile-graded-medium-sphalerite-granite",
"orepile-graded-poor-sphalerite-basalt",
"orepile-graded-medium-sphalerite-basalt",
"orepile-graded-poor-sphalerite-peridotite",
"orepile-graded-medium-sphalerite-peridotite",
"orepile-graded-poor-sphalerite-claystone",
"orepile-graded-medium-sphalerite-claystone",
"orepile-graded-rich-sphalerite-claystone",
"orepile-graded-poor-sphalerite-sandstone",
"orepile-graded-medium-sphalerite-sandstone",
"orepile-graded-rich-sphalerite-sandstone",
"orepile-graded-poor-sphalerite-shale",
"orepile-graded-medium-sphalerite-shale",
"orepile-graded-rich-sphalerite-shale",
"orepile-graded-poor-sphalerite-chalk",
"orepile-graded-medium-sphalerite-chalk",
"orepile-graded-rich-sphalerite-chalk",
"orepile-graded-poor-sphalerite-limestone",
"orepile-graded-medium-sphalerite-limestone",
"orepile-graded-rich-sphalerite-limestone",
"orepile-graded-poor-sphalerite-chert",
"orepile-graded-medium-sphalerite-chert",
"orepile-graded-rich-sphalerite-chert",
"orepile-graded-poor-sphalerite-conglomerate",
"orepile-graded-medium-sphalerite-conglomerate",
"orepile-graded-rich-sphalerite-conglomerate",
"orepile-graded-poor-sphalerite-phyllite",
"orepile-graded-medium-sphalerite-phyllite",
"orepile-graded-rich-sphalerite-phyllite",
"orepile-graded-bountiful-sphalerite-phyllite",
"orepile-graded-poor-sphalerite-slate",
"orepile-graded-medium-sphalerite-slate",
"orepile-graded-rich-sphalerite-slate",
"orepile-graded-bountiful-sphalerite-slate",
"orepile-graded-poor-nativecopper-granite",
"orepile-graded-medium-nativecopper-granite",
"orepile-graded-rich-nativecopper-granite",
"orepile-graded-poor-nativecopper-basalt",
"orepile-graded-medium-nativecopper-basalt",
"orepile-graded-rich-nativecopper-basalt",
"orepile-graded-bountiful-nativecopper-basalt",
"orepile-graded-poor-nativecopper-slate",
"orepile-graded-medium-nativecopper-slate",
"orepile-graded-rich-nativecopper-slate",
"orepile-graded-poor-nativecopper-andesite",
"orepile-graded-medium-nativecopper-andesite",
"orepile-graded-rich-nativecopper-andesite",
"orepile-graded-poor-nativecopper-peridotite",
"orepile-graded-medium-nativecopper-peridotite",
"orepile-graded-rich-nativecopper-peridotite",
"orepile-graded-poor-nativecopper-claystone",
"orepile-graded-medium-nativecopper-claystone",
"orepile-graded-poor-nativecopper-sandstone",
"orepile-graded-medium-nativecopper-sandstone",
"orepile-graded-poor-nativecopper-shale",
"orepile-graded-medium-nativecopper-shale",
"orepile-graded-poor-nativecopper-chalk",
"orepile-graded-medium-nativecopper-chalk",
"orepile-graded-poor-nativecopper-chert",
"orepile-graded-medium-nativecopper-chert",
"orepile-graded-poor-nativecopper-conglomerate",
"orepile-graded-medium-nativecopper-conglomerate",
"orepile-graded-poor-nativecopper-phyllite",
"orepile-graded-medium-nativecopper-phyllite",
"orepile-graded-rich-nativecopper-phyllite",
"orepile-graded-poor-malachite-limestone",
"orepile-graded-medium-malachite-limestone",
"orepile-graded-rich-malachite-limestone",
"orepile-graded-bountiful-malachite-limestone",
"orepile-graded-poor-malachite-whitemarble",
"orepile-graded-medium-malachite-whitemarble",
"orepile-graded-rich-malachite-whitemarble",
"orepile-graded-poor-malachite-redmarble",
"orepile-graded-medium-malachite-redmarble",
"orepile-graded-rich-malachite-redmarble",
"orepile-graded-poor-malachite-greenmarble",
"orepile-graded-medium-malachite-greenmarble",
"orepile-graded-rich-malachite-greenmarble",
"orepile-graded-poor-galena-claystone",
"orepile-graded-medium-galena-claystone",
"orepile-graded-rich-galena-claystone",
"orepile-graded-poor-galena-sandstone",
"orepile-graded-medium-galena-sandstone",
"orepile-graded-rich-galena-sandstone",
"orepile-graded-poor-galena-shale",
"orepile-graded-medium-galena-shale",
"orepile-graded-rich-galena-shale",
"orepile-graded-bountiful-galena-shale",
"orepile-graded-poor-galena-chalk",
"orepile-graded-medium-galena-chalk",
"orepile-graded-poor-galena-limestone",
"orepile-graded-medium-galena-limestone",
"orepile-graded-poor-galena-chert",
"orepile-graded-medium-galena-chert",
"orepile-graded-rich-galena-chert",
"orepile-graded-bountiful-galena-chert",
"orepile-graded-poor-galena-conglomerate",
"orepile-graded-medium-galena-conglomerate",
"orepile-graded-poor-galena_nativesilver-claystone",
"orepile-graded-medium-galena_nativesilver-claystone",
"orepile-graded-poor-galena_nativesilver-sandstone",
"orepile-graded-medium-galena_nativesilver-sandstone",
"orepile-graded-poor-galena_nativesilver-shale",
"orepile-graded-medium-galena_nativesilver-shale",
"orepile-graded-poor-galena_nativesilver-chalk",
"orepile-graded-medium-galena_nativesilver-chalk",
"orepile-graded-poor-galena_nativesilver-limestone",
"orepile-graded-medium-galena_nativesilver-limestone",
"orepile-graded-poor-galena_nativesilver-chert",
"orepile-graded-medium-galena_nativesilver-chert",
"orepile-graded-poor-galena_nativesilver-conglomerate",
"orepile-graded-medium-galena_nativesilver-conglomerate",
"orepile-graded-poor-quartz_nativesilver-andesite",
"orepile-graded-medium-quartz_nativesilver-andesite",
"orepile-graded-rich-quartz_nativesilver-andesite",
"orepile-graded-bountiful-quartz_nativesilver-andesite",
"orepile-graded-poor-quartz_nativesilver-granite",
"orepile-graded-medium-quartz_nativesilver-granite",
"orepile-graded-rich-quartz_nativesilver-granite",
"orepile-graded-bountiful-quartz_nativesilver-granite",
"orepile-graded-poor-quartz_nativesilver-basalt",
"orepile-graded-medium-quartz_nativesilver-basalt",
"orepile-graded-rich-quartz_nativesilver-basalt",
"orepile-graded-bountiful-quartz_nativesilver-basalt",
"orepile-graded-poor-quartz_nativesilver-peridotite",
"orepile-graded-medium-quartz_nativesilver-peridotite",
"orepile-graded-rich-quartz_nativesilver-peridotite",
"orepile-graded-bountiful-quartz_nativesilver-peridotite",
"orepile-graded-poor-quartz_nativesilver-claystone",
"orepile-graded-medium-quartz_nativesilver-claystone",
"orepile-graded-rich-quartz_nativesilver-claystone",
"orepile-graded-bountiful-quartz_nativesilver-claystone",
"orepile-graded-poor-quartz_nativesilver-sandstone",
"orepile-graded-medium-quartz_nativesilver-sandstone",
"orepile-graded-rich-quartz_nativesilver-sandstone",
"orepile-graded-bountiful-quartz_nativesilver-sandstone",
"orepile-graded-poor-quartz_nativesilver-shale",
"orepile-graded-medium-quartz_nativesilver-shale",
"orepile-graded-rich-quartz_nativesilver-shale",
"orepile-graded-bountiful-quartz_nativesilver-shale",
"orepile-graded-poor-quartz_nativesilver-chalk",
"orepile-graded-medium-quartz_nativesilver-chalk",
"orepile-graded-rich-quartz_nativesilver-chalk",
"orepile-graded-bountiful-quartz_nativesilver-chalk",
"orepile-graded-poor-quartz_nativesilver-limestone",
"orepile-graded-medium-quartz_nativesilver-limestone",
"orepile-graded-rich-quartz_nativesilver-limestone",
"orepile-graded-bountiful-quartz_nativesilver-limestone",
"orepile-graded-poor-quartz_nativesilver-chert",
"orepile-graded-medium-quartz_nativesilver-chert",
"orepile-graded-rich-quartz_nativesilver-chert",
"orepile-graded-bountiful-quartz_nativesilver-chert",
"orepile-graded-poor-quartz_nativesilver-conglomerate",
"orepile-graded-medium-quartz_nativesilver-conglomerate",
"orepile-graded-rich-quartz_nativesilver-conglomerate",
"orepile-graded-bountiful-quartz_nativesilver-conglomerate",
"orepile-graded-poor-quartz_nativesilver-phyllite",
"orepile-graded-medium-quartz_nativesilver-phyllite",
"orepile-graded-rich-quartz_nativesilver-phyllite",
"orepile-graded-bountiful-quartz_nativesilver-phyllite",
"orepile-graded-poor-quartz_nativesilver-slate",
"orepile-graded-medium-quartz_nativesilver-slate",
"orepile-graded-rich-quartz_nativesilver-slate",
"orepile-graded-bountiful-quartz_nativesilver-slate",
"orepile-graded-poor-quartz_nativegold-andesite",
"orepile-graded-medium-quartz_nativegold-andesite",
"orepile-graded-rich-quartz_nativegold-andesite",
"orepile-graded-bountiful-quartz_nativegold-andesite",
"orepile-graded-poor-quartz_nativegold-granite",
"orepile-graded-medium-quartz_nativegold-granite",
"orepile-graded-rich-quartz_nativegold-granite",
"orepile-graded-bountiful-quartz_nativegold-granite",
"orepile-graded-poor-quartz_nativegold-basalt",
"orepile-graded-medium-quartz_nativegold-basalt",
"orepile-graded-rich-quartz_nativegold-basalt",
"orepile-graded-bountiful-quartz_nativegold-basalt",
"orepile-graded-poor-quartz_nativegold-peridotite",
"orepile-graded-medium-quartz_nativegold-peridotite",
"orepile-graded-rich-quartz_nativegold-peridotite",
"orepile-graded-bountiful-quartz_nativegold-peridotite",
"orepile-graded-poor-quartz_nativegold-claystone",
"orepile-graded-medium-quartz_nativegold-claystone",
"orepile-graded-rich-quartz_nativegold-claystone",
"orepile-graded-bountiful-quartz_nativegold-claystone",
"orepile-graded-poor-quartz_nativegold-sandstone",
"orepile-graded-medium-quartz_nativegold-sandstone",
"orepile-graded-rich-quartz_nativegold-sandstone",
"orepile-graded-bountiful-quartz_nativegold-sandstone",
"orepile-graded-poor-quartz_nativegold-shale",
"orepile-graded-medium-quartz_nativegold-shale",
"orepile-graded-rich-quartz_nativegold-shale",
"orepile-graded-bountiful-quartz_nativegold-shale",
"orepile-graded-poor-quartz_nativegold-chalk",
"orepile-graded-medium-quartz_nativegold-chalk",
"orepile-graded-rich-quartz_nativegold-chalk",
"orepile-graded-bountiful-quartz_nativegold-chalk",
"orepile-graded-poor-quartz_nativegold-limestone",
"orepile-graded-medium-quartz_nativegold-limestone",
"orepile-graded-rich-quartz_nativegold-limestone",
"orepile-graded-bountiful-quartz_nativegold-limestone",
"orepile-graded-poor-quartz_nativegold-chert",
"orepile-graded-medium-quartz_nativegold-chert",
"orepile-graded-rich-quartz_nativegold-chert",
"orepile-graded-bountiful-quartz_nativegold-chert",
"orepile-graded-poor-quartz_nativegold-conglomerate",
"orepile-graded-medium-quartz_nativegold-conglomerate",
"orepile-graded-rich-quartz_nativegold-conglomerate",
"orepile-graded-bountiful-quartz_nativegold-conglomerate",
"orepile-graded-poor-quartz_nativegold-phyllite",
"orepile-graded-medium-quartz_nativegold-phyllite",
"orepile-graded-rich-quartz_nativegold-phyllite",
"orepile-graded-bountiful-quartz_nativegold-phyllite",
"orepile-graded-poor-quartz_nativegold-slate",
"orepile-graded-medium-quartz_nativegold-slate",
"orepile-graded-rich-quartz_nativegold-slate",
"orepile-graded-bountiful-quartz_nativegold-slate",
"orepile-graded-poor-limonite-basalt",
"orepile-graded-medium-limonite-basalt",
"orepile-graded-poor-limonite-shale",
"orepile-graded-medium-limonite-shale",
"orepile-graded-rich-limonite-shale",
"orepile-graded-bountiful-limonite-shale",
"orepile-graded-poor-limonite-chert",
"orepile-graded-medium-limonite-chert",
"orepile-graded-rich-limonite-chert",
"orepile-graded-bountiful-limonite-chert",
"orepile-graded-poor-hematite-granite",
"orepile-graded-medium-hematite-granite",
"orepile-graded-rich-hematite-granite",
"orepile-graded-bountiful-hematite-granite",
"orepile-graded-poor-hematite-peridotite",
"orepile-graded-medium-hematite-peridotite",
"orepile-graded-rich-hematite-peridotite",
"orepile-graded-bountiful-hematite-peridotite",
"orepile-graded-poor-hematite-sandstone",
"orepile-graded-medium-hematite-sandstone",
"orepile-graded-rich-hematite-sandstone",
"orepile-graded-poor-hematite-limestone",
"orepile-graded-medium-hematite-limestone",
"orepile-graded-rich-hematite-limestone",
"orepile-graded-poor-hematite-phyllite",
"orepile-graded-medium-hematite-phyllite",
"orepile-graded-poor-magnetite-andesite",
"orepile-graded-medium-magnetite-andesite",
"orepile-graded-rich-magnetite-andesite",
"orepile-graded-poor-magnetite-claystone",
"orepile-graded-medium-magnetite-claystone",
"orepile-graded-poor-magnetite-chalk",
"orepile-graded-medium-magnetite-chalk",
"orepile-graded-poor-magnetite-conglomerate",
"orepile-graded-medium-magnetite-conglomerate",
"orepile-graded-poor-magnetite-slate",
"orepile-graded-medium-magnetite-slate",
"orepile-graded-rich-magnetite-slate",
"orepile-graded-bountiful-magnetite-slate",
"orepile-graded-poor-chromite-andesite",
"orepile-graded-medium-chromite-andesite",
"orepile-graded-poor-chromite-granite",
"orepile-graded-medium-chromite-granite",
"orepile-graded-poor-chromite-basalt",
"orepile-graded-medium-chromite-basalt",
"orepile-graded-rich-chromite-basalt",
"orepile-graded-poor-chromite-peridotite",
"orepile-graded-medium-chromite-peridotite",
"orepile-graded-rich-chromite-peridotite",
"orepile-graded-poor-chromite-kimberlite",
"orepile-graded-medium-chromite-kimberlite",
"orepile-graded-rich-chromite-kimberlite",
"orepile-graded-bountiful-chromite-kimberlite",
"orepile-graded-poor-rhodochrosite-claystone",
"orepile-graded-medium-rhodochrosite-claystone",
"orepile-graded-rich-rhodochrosite-claystone",
"orepile-graded-poor-rhodochrosite-sandstone",
"orepile-graded-medium-rhodochrosite-sandstone",
"orepile-graded-rich-rhodochrosite-sandstone",
"orepile-graded-poor-rhodochrosite-shale",
"orepile-graded-medium-rhodochrosite-shale",
"orepile-graded-rich-rhodochrosite-shale",
"orepile-graded-poor-rhodochrosite-chalk",
"orepile-graded-medium-rhodochrosite-chalk",
"orepile-graded-poor-rhodochrosite-limestone",
"orepile-graded-medium-rhodochrosite-limestone",
"orepile-graded-poor-rhodochrosite-chert",
"orepile-graded-medium-rhodochrosite-chert",
"orepile-graded-poor-rhodochrosite-conglomerate",
"orepile-graded-medium-rhodochrosite-conglomerate",
"orepile-graded-rich-rhodochrosite-conglomerate",
"orepile-graded-poor-rhodochrosite-phyllite",
"orepile-graded-medium-rhodochrosite-phyllite",
"orepile-graded-rich-rhodochrosite-phyllite",
"orepile-graded-bountiful-rhodochrosite-phyllite",
"orepile-graded-poor-rhodochrosite-slate",
"orepile-graded-medium-rhodochrosite-slate",
"orepile-graded-rich-rhodochrosite-slate",
"orepile-graded-bountiful-rhodochrosite-slate",
"orepile-graded-poor-ilmenite-andesite",
"orepile-graded-medium-ilmenite-andesite",
"orepile-graded-poor-ilmenite-granite",
"orepile-graded-medium-ilmenite-granite",
"orepile-graded-poor-ilmenite-basalt",
"orepile-graded-medium-ilmenite-basalt",
"orepile-graded-rich-ilmenite-basalt",
"orepile-graded-poor-ilmenite-peridotite",
"orepile-graded-medium-ilmenite-peridotite",
"orepile-graded-rich-ilmenite-peridotite",
"orepile-graded-poor-ilmenite-kimberlite",
"orepile-graded-medium-ilmenite-kimberlite",
"orepile-graded-rich-ilmenite-kimberlite",
"orepile-graded-bountiful-ilmenite-kimberlite",
"orepile-graded-poor-ilmenite-phyllite",
"orepile-graded-medium-ilmenite-phyllite",
"orepile-graded-rich-ilmenite-phyllite",
"orepile-graded-poor-ilmenite-slate",
"orepile-graded-medium-ilmenite-slate",
"orepile-graded-rich-ilmenite-slate",
"orepile-graded-poor-stibnite-andesite",
"orepile-graded-medium-stibnite-andesite",
"orepile-graded-poor-stibnite-granite",
"orepile-graded-medium-stibnite-granite",
"orepile-graded-rich-stibnite-granite",
"orepile-graded-poor-stibnite-basalt",
"orepile-graded-medium-stibnite-basalt",
"orepile-graded-rich-stibnite-basalt",
"orepile-graded-bountiful-stibnite-basalt",
"orepile-graded-poor-uranium-andesite",
"orepile-graded-medium-uranium-andesite",
"orepile-graded-rich-uranium-andesite",
"orepile-graded-poor-uranium-granite",
"orepile-graded-medium-uranium-granite",
"orepile-graded-rich-uranium-granite",
"orepile-graded-poor-uranium-basalt",
"orepile-graded-medium-uranium-basalt",
"orepile-graded-poor-uranium-peridotite",
"orepile-graded-medium-uranium-peridotite",
"orepile-graded-poor-uranium-kimberlite",
"orepile-graded-medium-uranium-kimberlite",
"orepile-graded-rich-uranium-kimberlite",
"orepile-graded-bountiful-uranium-kimberlite",
"orepile-graded-poor-uranium-claystone",
"orepile-graded-medium-uranium-claystone",
"orepile-graded-poor-uranium-sandstone",
"orepile-graded-medium-uranium-sandstone",
"orepile-graded-poor-uranium-shale",
"orepile-graded-medium-uranium-shale",
"orepile-graded-poor-uranium-chalk",
"orepile-graded-medium-uranium-chalk",
"orepile-graded-rich-uranium-chalk",
"orepile-graded-poor-uranium-limestone",
"orepile-graded-medium-uranium-limestone",
"orepile-graded-rich-uranium-limestone",
"orepile-graded-poor-uranium-chert",
"orepile-graded-medium-uranium-chert",
"orepile-graded-rich-uranium-chert",
"orepile-graded-poor-uranium-conglomerate",
"orepile-graded-medium-uranium-conglomerate",
"orepile-graded-poor-uranium-phyllite",
"orepile-graded-medium-uranium-phyllite",
"orepile-graded-rich-uranium-phyllite",
"orepile-graded-bountiful-uranium-phyllite",
"orepile-graded-poor-uranium-slate",
"orepile-graded-medium-uranium-slate",
"orepile-graded-rich-uranium-slate",
"orepile-graded-bountiful-uranium-slate",
"orepile-graded-poor-pentlandite-andesite",
"orepile-graded-medium-pentlandite-andesite",
"orepile-graded-poor-pentlandite-granite",
"orepile-graded-medium-pentlandite-granite",
"orepile-graded-poor-pentlandite-basalt",
"orepile-graded-medium-pentlandite-basalt",
"orepile-graded-poor-pentlandite-peridotite",
"orepile-graded-medium-pentlandite-peridotite",
"orepile-graded-rich-pentlandite-peridotite",
"orepile-graded-bountiful-pentlandite-peridotite"
	],
    "texturesByType": {
        "orepile-graded-*_nativesilver-*": {
            "all": {"base": "game:block/stone/rock/{rock}*", "blendedOverlays": [{"base": "game:item/resource/nugget/nativesilver", "blendMode": "Overlay"},{"base": "block/pile-overlay"}]}
        },
        "orepile-graded-*-quartz_nativegold-*": {
            "all": {"base": "game:block/stone/rock/{rock}*", "blendedOverlays": [{"base": "game:item/resource/nugget/nativegold", "blendMode": "Overlay"},{"base": "block/pile-overlay"}]}
        },
        "*": {
            "all": {
                "base": "game:block/stone/rock/{rock}1",
                "blendedOverlays": [
                    {"base": "game:item/resource/nugget/{ore}", "blendMode": "Overlay"},
                    {"base": "block/pile-overlay"}
                ]
            }
        }
    },
    "lightAbsorption": 0,
    "sidesolid": { "all": false },
    "sideopaque": { "all": false },
    "sounds": {
        "place": "game:block/stone",
        "break": "game:block/stone"
    },
    "replaceable": 100,
    "resistance": 2,
    "collisionbox": {
        "x1": 0,
        "y1": 0,
        "x2": 1,
        "y2": 0,
        "z2": 1
    },
    "selectionbox": {
        "x1": 0,
        "y1": 0,
        "x2": 1,
        "y2": 0,
        "z2": 1
    },
    "drops": [],
    "materialDensity": 600

}
