{
	"editor": {
		"allAngles": false,
		"entityTextureMode": false
	},
	"textureWidth": 16,
	"textureHeight": 16,
	"textureSizes": {
	},
	"textures": {
		"bamboo-side": "game:block/wood/planks/bamboo-side",
		"bamboo-top": "game:block/wood/planks/bamboo-top",
		"bamboosmooth": "game:block/wood/planks/bamboosmooth"
	},
	"elements": [
		{
			"name": "OriginShallowLower",
			"from": [ 16.0, 0.0, 0.0 ], 
			"to": [ 16.0, 0.0, 0.0 ], 
			"rotationOrigin": [ 8.0, 0.0, 8.0 ],
			"faces": {
				"north": { "texture": "#bamboo-side", "uv": [ 0.0, 0.0, 0.5, 0.5 ] },
				"east": { "texture": "#bamboo-side", "uv": [ 0.0, 0.0, 0.5, 0.5 ] },
				"south": { "texture": "#bamboo-side", "uv": [ 0.0, 0.0, 0.5, 0.5 ] },
				"west": { "texture": "#bamboo-side", "uv": [ 0.0, 0.0, 0.5, 0.5 ] },
				"up": { "texture": "#bamboo-side", "uv": [ 0.0, 0.0, 0.5, 0.5 ] },
				"down": { "texture": "#bamboo-side", "uv": [ 0.0, 0.0, 0.5, 0.5 ] }
			},
			"children": [
				{
					"name": "base horizontal16",
					"from": [ -16.0, 0.0, 0.1 ], 
					"to": [ -8.0, 4.0, 15.9 ], 
					"rotationOrigin": [ -16.0, 0.0, 0.1 ],
					"faces": {
						"north": { "texture": "#bamboo-side", "uv": [ 0.0, 0.0, 8.0, 4.0 ] },
						"east": { "texture": "#bamboo-side", "uv": [ 0.0, 9.5, 15.5, 13.5 ] },
						"south": { "texture": "#bamboo-side", "uv": [ 0.0, 0.0, 8.0, 4.0 ] },
						"west": { "texture": "#bamboo-side", "uv": [ 0.0, 0.0, 15.5, 4.0 ] },
						"up": { "texture": "#bamboo-side", "uv": [ 0.0, 0.0, 8.0, 15.5 ] },
						"down": { "texture": "#bamboo-side", "uv": [ 0.0, 0.0, 8.0, 15.5 ] }
					}
				},
				{
					"name": "slanted down25",
					"from": [ -20.0, -2.0, 0.02 ], 
					"to": [ -5.5, 3.0, 16.02 ], 
					"rotationOrigin": [ -20.0, -2.0, 8.0 ],
					"rotationZ": 21.5,
					"faces": {
						"north": { "texture": "#bamboosmooth", "uv": [ 5.5, 0.0, 10.5, 14.5 ], "rotation": 270 },
						"east": { "texture": "#bamboo-top", "uv": [ 0.0, 0.0, 16.0, 5.0 ] },
						"south": { "texture": "#bamboosmooth", "uv": [ 8.5, 0.0, 13.5, 14.5 ], "rotation": 90 },
						"west": { "texture": "#bamboo-top", "uv": [ 0.0, 0.0, 16.0, 5.0 ] },
						"up": { "texture": "#bamboosmooth", "uv": [ 0.0, 0.5, 16.0, 15.0 ], "rotation": 90 },
						"down": { "texture": "#bamboosmooth", "uv": [ 0.0, 0.0, 16.0, 14.5 ], "rotation": 90 }
					}
				},
				{
					"name": "base horizontal13",
					"from": [ 0.0, 0.0, 15.9 ], 
					"to": [ 8.0, 4.0, 31.7 ], 
					"rotationOrigin": [ 0.0, 0.0, 15.9 ],
					"rotationX": -180.0,
					"rotationZ": -180.0,
					"faces": {
						"north": { "texture": "#bamboo-side", "uv": [ 0.0, 0.0, 8.0, 4.0 ] },
						"east": { "texture": "#bamboo-side", "uv": [ 0.0, 9.5, 15.5, 13.5 ] },
						"south": { "texture": "#bamboo-side", "uv": [ 0.0, 0.0, 8.0, 4.0 ] },
						"west": { "texture": "#bamboo-side", "uv": [ 0.0, 0.0, 15.5, 4.0 ] },
						"up": { "texture": "#bamboo-side", "uv": [ 0.0, 0.0, 8.0, 15.5 ] },
						"down": { "texture": "#bamboo-side", "uv": [ 0.0, 0.0, 8.0, 15.5 ] }
					}
				},
				{
					"name": "slanted down14",
					"from": [ 4.0, -2.0, 0.02 ], 
					"to": [ 18.5, 3.0, 16.02 ], 
					"rotationOrigin": [ 4.0, -2.0, 8.0 ],
					"rotationX": 180.0,
					"rotationZ": -158.5,
					"faces": {
						"north": { "texture": "#bamboosmooth", "uv": [ 5.5, 0.0, 10.5, 14.5 ], "rotation": 270 },
						"east": { "texture": "#bamboo-top", "uv": [ 0.0, 0.0, 16.0, 5.0 ] },
						"south": { "texture": "#bamboosmooth", "uv": [ 8.5, 0.0, 13.5, 14.5 ], "rotation": 90 },
						"west": { "texture": "#bamboo-top", "uv": [ 0.0, 0.0, 16.0, 5.0 ] },
						"up": { "texture": "#bamboo-side", "uv": [ 0.0, 0.0, 16.0, 14.5 ], "rotation": 90 },
						"down": { "texture": "#bamboo-side", "uv": [ 0.0, 0.0, 16.0, 14.5 ], "rotation": 90 }
					}
				},
				{
					"name": "Topsection2",
					"from": [ -11.14, 7.0, -0.04 ], 
					"to": [ -7.14, 9.5, 16.04 ], 
					"rotationOrigin": [ -7.2, 7.0, -0.1 ],
					"rotationZ": 20.0,
					"faces": {
						"north": { "texture": "#bamboosmooth", "uv": [ 0.0, 0.0, 4.0, 2.5 ] },
						"east": { "texture": "#bamboo-side", "uv": [ 0.0, 0.0, 16.0, 2.5 ] },
						"south": { "texture": "#bamboosmooth", "uv": [ 0.0, 0.0, 4.0, 2.5 ] },
						"west": { "texture": "#bamboo-side", "uv": [ 0.0, 0.0, 16.0, 2.5 ] },
						"up": { "texture": "#bamboo-side", "uv": [ 0.0, 0.0, 4.0, 16.0 ] },
						"down": { "texture": "#bamboo-side", "uv": [ 0.0, 0.0, 4.0, 16.0 ] }
					}
				},
				{
					"name": "Topsection1",
					"from": [ -8.86, 7.0, -0.03 ], 
					"to": [ -4.86, 9.5, 16.03 ], 
					"rotationOrigin": [ -8.8, 7.0, -0.1 ],
					"rotationZ": -20.0,
					"faces": {
						"north": { "texture": "#bamboosmooth", "uv": [ 0.0, 0.0, 4.0, 2.5 ], "autoUv": false },
						"east": { "texture": "#bamboo-side", "uv": [ 0.0, 0.0, 16.0, 2.5 ] },
						"south": { "texture": "#bamboosmooth", "uv": [ 0.0, 0.0, 4.0, 2.5 ] },
						"west": { "texture": "#bamboo-side", "uv": [ 0.0, 0.0, 16.0, 2.5 ] },
						"up": { "texture": "#bamboo-side", "uv": [ 0.0, 0.0, 4.0, 16.0 ] },
						"down": { "texture": "#bamboo-side", "uv": [ 0.0, 0.0, 4.0, 16.0 ] }
					}
				}
			]
		},
		{
			"name": "OriginShallowLower12",
			"from": [ 16.0, 0.0, 0.0 ], 
			"to": [ 16.0, 0.0, 0.0 ], 
			"rotationOrigin": [ 8.0, 0.0, 8.0 ],
			"rotationY": 90.0,
			"faces": {
				"north": { "texture": "#bamboo-side", "uv": [ 0.0, 0.0, 0.5, 0.5 ] },
				"east": { "texture": "#bamboo-side", "uv": [ 0.0, 0.0, 0.5, 0.5 ] },
				"south": { "texture": "#bamboo-side", "uv": [ 0.0, 0.0, 0.5, 0.5 ] },
				"west": { "texture": "#bamboo-side", "uv": [ 0.0, 0.0, 0.5, 0.5 ] },
				"up": { "texture": "#bamboo-side", "uv": [ 0.0, 0.0, 0.5, 0.5 ] },
				"down": { "texture": "#bamboo-side", "uv": [ 0.0, 0.0, 0.5, 0.5 ] }
			},
			"children": [
				{
					"name": "slanted down15",
					"from": [ -20.0, -2.0, 0.02 ], 
					"to": [ -5.5, 3.0, 16.02 ], 
					"rotationOrigin": [ -20.0, -2.0, 8.0 ],
					"rotationZ": 21.5,
					"faces": {
						"north": { "texture": "#bamboosmooth", "uv": [ 5.5, 0.0, 10.5, 14.5 ], "rotation": 270 },
						"east": { "texture": "#bamboo-top", "uv": [ 0.0, 0.0, 16.0, 5.0 ] },
						"south": { "texture": "#bamboosmooth", "uv": [ 8.5, 0.0, 13.5, 14.5 ], "rotation": 90 },
						"west": { "texture": "#bamboo-top", "uv": [ 0.0, 0.0, 16.0, 5.0 ] },
						"up": { "texture": "#bamboosmooth", "uv": [ 0.0, 0.5, 16.0, 15.0 ], "rotation": 90 },
						"down": { "texture": "#bamboosmooth", "uv": [ 0.0, 0.0, 16.0, 14.5 ], "rotation": 90 }
					}
				},
				{
					"name": "slanted down17",
					"from": [ 4.0, -2.0, 0.02 ], 
					"to": [ 18.5, 3.0, 16.02 ], 
					"rotationOrigin": [ 4.0, -2.0, 8.0 ],
					"rotationX": 180.0,
					"rotationZ": -158.5,
					"faces": {
						"north": { "texture": "#bamboosmooth", "uv": [ 5.5, 0.0, 10.5, 14.5 ], "rotation": 270 },
						"east": { "texture": "#bamboo-top", "uv": [ 0.0, 0.0, 16.0, 5.0 ] },
						"south": { "texture": "#bamboosmooth", "uv": [ 8.5, 0.0, 13.5, 14.5 ], "rotation": 90 },
						"west": { "texture": "#bamboo-top", "uv": [ 0.0, 0.0, 16.0, 5.0 ] },
						"up": { "texture": "#bamboo-side", "uv": [ 0.0, 0.0, 16.0, 14.5 ], "rotation": 90 },
						"down": { "texture": "#bamboo-side", "uv": [ 0.0, 0.0, 16.0, 14.5 ], "rotation": 90 }
					}
				},
				{
					"name": "Topsection19",
					"from": [ -11.14, 7.0, -0.04 ], 
					"to": [ -7.14, 9.5, 16.04 ], 
					"rotationOrigin": [ -7.2, 7.0, -0.1 ],
					"rotationZ": 20.0,
					"faces": {
						"north": { "texture": "#bamboosmooth", "uv": [ 0.0, 0.0, 4.0, 2.5 ] },
						"east": { "texture": "#bamboo-side", "uv": [ 0.0, 0.0, 16.0, 2.5 ] },
						"south": { "texture": "#bamboosmooth", "uv": [ 0.0, 0.0, 4.0, 2.5 ] },
						"west": { "texture": "#bamboo-side", "uv": [ 0.0, 0.0, 16.0, 2.5 ] },
						"up": { "texture": "#bamboo-side", "uv": [ 0.0, 0.0, 4.0, 16.0 ] },
						"down": { "texture": "#bamboo-side", "uv": [ 0.0, 0.0, 4.0, 16.0 ] }
					}
				},
				{
					"name": "Topsection21",
					"from": [ -8.86, 7.0, -0.03 ], 
					"to": [ -4.86, 9.5, 16.03 ], 
					"rotationOrigin": [ -8.8, 7.0, -0.1 ],
					"rotationZ": -20.0,
					"faces": {
						"north": { "texture": "#bamboosmooth", "uv": [ 0.0, 0.0, 4.0, 2.5 ], "autoUv": false },
						"east": { "texture": "#bamboo-side", "uv": [ 0.0, 0.0, 16.0, 2.5 ] },
						"south": { "texture": "#bamboosmooth", "uv": [ 0.0, 0.0, 4.0, 2.5 ] },
						"west": { "texture": "#bamboo-side", "uv": [ 0.0, 0.0, 16.0, 2.5 ] },
						"up": { "texture": "#bamboo-side", "uv": [ 0.0, 0.0, 4.0, 16.0 ] },
						"down": { "texture": "#bamboo-side", "uv": [ 0.0, 0.0, 4.0, 16.0 ] }
					}
				}
			]
		}
	]}