{
	"editor": {
		"allAngles": false,
		"entityTextureMode": false
	},
	"textureWidth": 16,
	"textureHeight": 16,
	"textureSizes": {
	},
	"textures": {
		"normal-side": "game:block/hay/normal-side",
		"bamboo-side": "game:block/hay/bamboo-side",
		"normal-top": "game:block/hay/normal-top",
		"straw1": "game:block/plant/grassroofing/straw1"
	},
	"elements": [
		{
			"name": "OriginShallowLower",
			"from": [ 16.0, 0.0, 0.0 ], 
			"to": [ 16.0, 0.0, 0.0 ], 
			"rotationOrigin": [ 8.0, 0.0, 8.0 ],
			"faces": {
				"north": { "texture": "#normal-side", "uv": [ 0.0, 0.0, 0.5, 0.5 ] },
				"east": { "texture": "#normal-side", "uv": [ 0.0, 0.0, 0.5, 0.5 ] },
				"south": { "texture": "#normal-side", "uv": [ 0.0, 0.0, 0.5, 0.5 ] },
				"west": { "texture": "#normal-side", "uv": [ 0.0, 0.0, 0.5, 0.5 ] },
				"up": { "texture": "#normal-side", "uv": [ 0.0, 0.0, 0.5, 0.5 ] },
				"down": { "texture": "#normal-side", "uv": [ 0.0, 0.0, 0.5, 0.5 ] }
			},
			"children": [
				{
					"name": "base horizontal16",
					"from": [ -16.0, 0.0, 0.1 ], 
					"to": [ -8.0, 4.0, 15.9 ], 
					"rotationOrigin": [ -16.0, 0.0, 0.1 ],
					"faces": {
						"north": { "texture": "#bamboo-side", "uv": [ 0.0, 0.0, 8.0, 4.0 ] },
						"east": { "texture": "#bamboo-side", "uv": [ 0.0, 9.5, 15.5, 13.5 ] },
						"south": { "texture": "#bamboo-side", "uv": [ 0.0, 0.0, 8.0, 4.0 ] },
						"west": { "texture": "#bamboo-side", "uv": [ 0.0, 0.0, 15.5, 4.0 ] },
						"up": { "texture": "#bamboo-side", "uv": [ 0.0, 0.0, 8.0, 15.5 ] },
						"down": { "texture": "#bamboo-side", "uv": [ 0.0, 0.0, 8.0, 15.5 ] }
					}
				},
				{
					"name": "slanted down25",
					"from": [ -20.0, -2.0, 0.0 ], 
					"to": [ -5.5, 3.0, 16.0 ], 
					"rotationOrigin": [ -20.0, -2.0, 8.0 ],
					"rotationZ": 21.5,
					"faces": {
						"north": { "texture": "#normal-side", "uv": [ 5.5, 0.0, 10.5, 14.5 ], "rotation": 270 },
						"east": { "texture": "#normal-top", "uv": [ 0.0, 0.0, 16.0, 5.0 ] },
						"south": { "texture": "#normal-side", "uv": [ 8.5, 0.0, 13.5, 14.5 ], "rotation": 90 },
						"west": { "texture": "#normal-top", "uv": [ 0.0, 0.0, 16.0, 5.0 ] },
						"up": { "texture": "#normal-side", "uv": [ 0.0, 0.0, 16.0, 14.5 ], "rotation": 90 },
						"down": { "texture": "#normal-side", "uv": [ 0.0, 0.0, 16.0, 14.5 ], "rotation": 90 }
					},
					"children": [
						{
							"name": "slanted up26",
							"from": [ -6.0, 4.75, 0.0 ], 
							"to": [ 0.0, 4.75, 16.0 ], 
							"rotationOrigin": [ 0.0, 4.75, 7.0 ],
							"rotationZ": 67.5,
							"faces": {
								"north": { "texture": "#straw1", "uv": [ 0.0, 0.0, 6.0, 0.5 ], "enabled": false },
								"east": { "texture": "#straw1", "uv": [ 0.0, 0.0, 16.0, 0.5 ], "enabled": false },
								"south": { "texture": "#straw1", "uv": [ 0.0, 0.0, 6.0, 0.5 ], "enabled": false },
								"west": { "texture": "#straw1", "uv": [ 0.0, 0.0, 16.0, 0.5 ], "enabled": false },
								"up": { "texture": "#straw1", "uv": [ 0.0, 10.0, 16.0, 16.0 ], "rotation": 90 },
								"down": { "texture": "#straw1", "uv": [ 0.0, 0.0, 6.0, 16.0 ], "enabled": false }
							}
						},
						{
							"name": "slanted up28",
							"from": [ 0.5, 4.7, 9.5 ], 
							"to": [ 6.5, 4.7, 21.5 ], 
							"rotationOrigin": [ 6.5, 4.7, 16.0 ],
							"rotationX": 67.5,
							"rotationY": 90.0,
							"faces": {
								"north": { "texture": "#straw1", "uv": [ 0.0, 0.0, 6.0, 0.5 ], "enabled": false },
								"east": { "texture": "#straw1", "uv": [ 0.0, 0.0, 12.0, 0.5 ], "enabled": false },
								"south": { "texture": "#straw1", "uv": [ 0.0, 0.0, 6.0, 0.5 ], "enabled": false },
								"west": { "texture": "#straw1", "uv": [ 0.0, 0.0, 12.0, 0.5 ], "enabled": false },
								"up": { "texture": "#straw1", "uv": [ 0.0, 0.5, 12.0, 6.5 ], "rotation": 90 },
								"down": { "texture": "#straw1", "uv": [ 0.0, 0.0, 6.0, 12.0 ], "enabled": false }
							},
							"children": [
								{
									"name": "slanted up32",
									"from": [ -1.0, 0.0, 12.0 ], 
									"to": [ 6.0, 0.0, 14.5 ], 
									"rotationOrigin": [ 6.0, 0.0, 18.5 ],
									"faces": {
										"north": { "texture": "#straw1", "uv": [ 0.0, 0.0, 7.0, 0.5 ], "enabled": false },
										"east": { "texture": "#straw1", "uv": [ 0.0, 0.0, 2.5, 0.5 ], "enabled": false },
										"south": { "texture": "#straw1", "uv": [ 0.0, 0.0, 7.0, 0.5 ], "enabled": false },
										"west": { "texture": "#straw1", "uv": [ 0.0, 0.0, 2.5, 0.5 ], "enabled": false },
										"up": { "texture": "#straw1", "uv": [ 3.5, 0.5, 6.0, 7.5 ], "rotation": 90 },
										"down": { "texture": "#straw1", "uv": [ 0.0, 0.0, 7.0, 2.5 ], "enabled": false }
									}
								}
							]
						},
						{
							"name": "slanted up35",
							"from": [ 0.5, 4.7, -6.5 ], 
							"to": [ 6.5, 4.7, 5.5 ], 
							"rotationOrigin": [ 6.5, 4.7, 0.0 ],
							"rotationX": 112.5,
							"rotationY": 90.0,
							"faces": {
								"north": { "texture": "#straw1", "uv": [ 0.0, 0.0, 6.0, 0.5 ], "enabled": false },
								"east": { "texture": "#straw1", "uv": [ 0.0, 0.0, 12.0, 0.5 ], "enabled": false },
								"south": { "texture": "#straw1", "uv": [ 0.0, 0.0, 6.0, 0.5 ], "enabled": false },
								"west": { "texture": "#straw1", "uv": [ 0.0, 0.0, 12.0, 0.5 ], "enabled": false },
								"up": { "texture": "#straw1", "uv": [ 0.0, 0.5, 12.0, 6.5 ], "rotation": 90 },
								"down": { "texture": "#straw1", "uv": [ 0.0, 0.0, 6.0, 12.0 ], "enabled": false }
							},
							"children": [
								{
									"name": "slanted up36",
									"from": [ -1.0, 0.0, 12.0 ], 
									"to": [ 6.0, 0.0, 14.5 ], 
									"rotationOrigin": [ 6.0, 0.0, 18.5 ],
									"faces": {
										"north": { "texture": "#straw1", "uv": [ 0.0, 0.0, 7.0, 0.5 ], "enabled": false },
										"east": { "texture": "#straw1", "uv": [ 0.0, 0.0, 2.5, 0.5 ], "enabled": false },
										"south": { "texture": "#straw1", "uv": [ 0.0, 0.0, 7.0, 0.5 ], "enabled": false },
										"west": { "texture": "#straw1", "uv": [ 0.0, 0.0, 2.5, 0.5 ], "enabled": false },
										"up": { "texture": "#straw1", "uv": [ 3.5, 0.5, 6.0, 7.5 ], "rotation": 90 },
										"down": { "texture": "#straw1", "uv": [ 0.0, 0.0, 7.0, 2.5 ], "enabled": false }
									}
								}
							]
						}
					]
				},
				{
					"name": "base horizontal13",
					"from": [ 0.0, 0.0, 15.9 ], 
					"to": [ 8.0, 4.0, 31.7 ], 
					"rotationOrigin": [ 0.0, 0.0, 15.9 ],
					"rotationX": -180.0,
					"rotationZ": -180.0,
					"faces": {
						"north": { "texture": "#bamboo-side", "uv": [ 0.0, 0.0, 8.0, 4.0 ] },
						"east": { "texture": "#bamboo-side", "uv": [ 0.0, 9.5, 15.5, 13.5 ] },
						"south": { "texture": "#bamboo-side", "uv": [ 0.0, 0.0, 8.0, 4.0 ] },
						"west": { "texture": "#bamboo-side", "uv": [ 0.0, 0.0, 15.5, 4.0 ] },
						"up": { "texture": "#bamboo-side", "uv": [ 0.0, 0.0, 8.0, 15.5 ] },
						"down": { "texture": "#bamboo-side", "uv": [ 0.0, 0.0, 8.0, 15.5 ] }
					}
				},
				{
					"name": "slanted down14",
					"from": [ 4.0, -2.0, 0.0 ], 
					"to": [ 18.5, 3.0, 16.0 ], 
					"rotationOrigin": [ 4.0, -2.0, 8.0 ],
					"rotationX": 180.0,
					"rotationZ": -158.5,
					"faces": {
						"north": { "texture": "#normal-side", "uv": [ 5.5, 0.0, 10.5, 14.5 ], "rotation": 270 },
						"east": { "texture": "#normal-top", "uv": [ 0.0, 0.0, 16.0, 5.0 ] },
						"south": { "texture": "#normal-side", "uv": [ 8.5, 0.0, 13.5, 14.5 ], "rotation": 90 },
						"west": { "texture": "#normal-top", "uv": [ 0.0, 0.0, 16.0, 5.0 ] },
						"up": { "texture": "#normal-side", "uv": [ 0.0, 0.0, 16.0, 14.5 ], "rotation": 90 },
						"down": { "texture": "#normal-side", "uv": [ 0.0, 0.0, 16.0, 14.5 ], "rotation": 90 }
					},
					"children": [
						{
							"name": "slanted up16",
							"from": [ -6.0, 4.75, 0.0 ], 
							"to": [ 0.0, 4.75, 16.0 ], 
							"rotationOrigin": [ 0.0, 4.75, 7.0 ],
							"rotationZ": 67.5,
							"faces": {
								"north": { "texture": "#straw1", "uv": [ 0.0, 0.0, 6.0, 0.5 ], "enabled": false },
								"east": { "texture": "#straw1", "uv": [ 0.0, 0.0, 16.0, 0.5 ], "enabled": false },
								"south": { "texture": "#straw1", "uv": [ 0.0, 0.0, 6.0, 0.5 ], "enabled": false },
								"west": { "texture": "#straw1", "uv": [ 0.0, 0.0, 16.0, 0.5 ], "enabled": false },
								"up": { "texture": "#straw1", "uv": [ 0.0, 10.0, 16.0, 16.0 ], "rotation": 90 },
								"down": { "texture": "#straw1", "uv": [ 0.0, 0.0, 6.0, 16.0 ], "enabled": false }
							}
						},
						{
							"name": "slanted up17",
							"from": [ 0.5, 4.7, 9.5 ], 
							"to": [ 6.5, 4.7, 21.5 ], 
							"rotationOrigin": [ 6.5, 4.7, 16.0 ],
							"rotationX": 67.5,
							"rotationY": 90.0,
							"faces": {
								"north": { "texture": "#straw1", "uv": [ 0.0, 0.0, 6.0, 0.5 ], "enabled": false },
								"east": { "texture": "#straw1", "uv": [ 0.0, 0.0, 12.0, 0.5 ], "enabled": false },
								"south": { "texture": "#straw1", "uv": [ 0.0, 0.0, 6.0, 0.5 ], "enabled": false },
								"west": { "texture": "#straw1", "uv": [ 0.0, 0.0, 12.0, 0.5 ], "enabled": false },
								"up": { "texture": "#straw1", "uv": [ 0.0, 0.5, 12.0, 6.5 ], "rotation": 90 },
								"down": { "texture": "#straw1", "uv": [ 0.0, 0.0, 6.0, 12.0 ], "enabled": false }
							},
							"children": [
								{
									"name": "slanted up18",
									"from": [ -1.0, 0.0, 12.0 ], 
									"to": [ 6.0, 0.0, 14.5 ], 
									"rotationOrigin": [ 6.0, 0.0, 18.5 ],
									"faces": {
										"north": { "texture": "#straw1", "uv": [ 0.0, 0.0, 7.0, 0.5 ], "enabled": false },
										"east": { "texture": "#straw1", "uv": [ 0.0, 0.0, 2.5, 0.5 ], "enabled": false },
										"south": { "texture": "#straw1", "uv": [ 0.0, 0.0, 7.0, 0.5 ], "enabled": false },
										"west": { "texture": "#straw1", "uv": [ 0.0, 0.0, 2.5, 0.5 ], "enabled": false },
										"up": { "texture": "#straw1", "uv": [ 3.5, 0.5, 6.0, 7.5 ], "rotation": 90 },
										"down": { "texture": "#straw1", "uv": [ 0.0, 0.0, 7.0, 2.5 ], "enabled": false }
									}
								}
							]
						},
						{
							"name": "slanted up19",
							"from": [ 0.5, 4.7, -6.5 ], 
							"to": [ 6.5, 4.7, 5.5 ], 
							"rotationOrigin": [ 6.5, 4.7, 0.0 ],
							"rotationX": 112.5,
							"rotationY": 90.0,
							"faces": {
								"north": { "texture": "#straw1", "uv": [ 0.0, 0.0, 6.0, 0.5 ], "enabled": false },
								"east": { "texture": "#straw1", "uv": [ 0.0, 0.0, 12.0, 0.5 ], "enabled": false },
								"south": { "texture": "#straw1", "uv": [ 0.0, 0.0, 6.0, 0.5 ], "enabled": false },
								"west": { "texture": "#straw1", "uv": [ 0.0, 0.0, 12.0, 0.5 ], "enabled": false },
								"up": { "texture": "#straw1", "uv": [ 0.0, 0.5, 12.0, 6.5 ], "rotation": 90 },
								"down": { "texture": "#straw1", "uv": [ 0.0, 0.0, 6.0, 12.0 ], "enabled": false }
							},
							"children": [
								{
									"name": "slanted up20",
									"from": [ -1.0, 0.0, 12.0 ], 
									"to": [ 6.0, 0.0, 14.5 ], 
									"rotationOrigin": [ 6.0, 0.0, 18.5 ],
									"faces": {
										"north": { "texture": "#straw1", "uv": [ 0.0, 0.0, 7.0, 0.5 ], "enabled": false },
										"east": { "texture": "#straw1", "uv": [ 0.0, 0.0, 2.5, 0.5 ], "enabled": false },
										"south": { "texture": "#straw1", "uv": [ 0.0, 0.0, 7.0, 0.5 ], "enabled": false },
										"west": { "texture": "#straw1", "uv": [ 0.0, 0.0, 2.5, 0.5 ], "enabled": false },
										"up": { "texture": "#straw1", "uv": [ 3.5, 0.5, 6.0, 7.5 ], "rotation": 90 },
										"down": { "texture": "#straw1", "uv": [ 0.0, 0.0, 7.0, 2.5 ], "enabled": false }
									}
								}
							]
						}
					]
				},
				{
					"name": "Topsection2",
					"from": [ -11.14, 7.0, -0.04 ], 
					"to": [ -7.14, 9.5, 16.02 ], 
					"rotationOrigin": [ -7.2, 7.0, -0.1 ],
					"rotationZ": 20.0,
					"faces": {
						"north": { "texture": "#normal-side", "uv": [ 0.0, 0.0, 4.0, 2.5 ] },
						"east": { "texture": "#normal-side", "uv": [ 0.0, 0.0, 16.0, 2.5 ] },
						"south": { "texture": "#normal-side", "uv": [ 0.0, 0.0, 4.0, 2.5 ] },
						"west": { "texture": "#normal-side", "uv": [ 0.0, 0.0, 16.0, 2.5 ] },
						"up": { "texture": "#normal-side", "uv": [ 0.0, 0.0, 4.0, 16.0 ] },
						"down": { "texture": "#normal-side", "uv": [ 0.0, 0.0, 4.0, 16.0 ] }
					}
				},
				{
					"name": "Topsection1",
					"from": [ -8.86, 7.0, -0.02 ], 
					"to": [ -4.86, 9.5, 16.04 ], 
					"rotationOrigin": [ -8.8, 7.0, -0.1 ],
					"rotationZ": -20.0,
					"faces": {
						"north": { "texture": "#normal-side", "uv": [ 0.0, 0.0, 4.0, 2.5 ] },
						"east": { "texture": "#normal-side", "uv": [ 0.0, 0.0, 16.0, 2.5 ] },
						"south": { "texture": "#normal-side", "uv": [ 0.0, 0.0, 4.0, 2.5 ] },
						"west": { "texture": "#normal-side", "uv": [ 0.0, 0.0, 16.0, 2.5 ] },
						"up": { "texture": "#normal-side", "uv": [ 0.0, 0.0, 4.0, 16.0 ] },
						"down": { "texture": "#normal-side", "uv": [ 0.0, 0.0, 4.0, 16.0 ] }
					}
				}
			]
		},
		{
			"name": "OriginShallowLower22",
			"from": [ 16.0, 0.0, 0.0 ], 
			"to": [ 16.0, 0.0, 0.0 ], 
			"rotationOrigin": [ 8.0, 0.0, 8.0 ],
			"rotationY": 90.0,
			"faces": {
				"north": { "texture": "#normal-side", "uv": [ 0.0, 0.0, 0.5, 0.5 ] },
				"east": { "texture": "#normal-side", "uv": [ 0.0, 0.0, 0.5, 0.5 ] },
				"south": { "texture": "#normal-side", "uv": [ 0.0, 0.0, 0.5, 0.5 ] },
				"west": { "texture": "#normal-side", "uv": [ 0.0, 0.0, 0.5, 0.5 ] },
				"up": { "texture": "#normal-side", "uv": [ 0.0, 0.0, 0.5, 0.5 ] },
				"down": { "texture": "#normal-side", "uv": [ 0.0, 0.0, 0.5, 0.5 ] }
			},
			"children": [
				{
					"name": "slanted down24",
					"from": [ -20.0, -2.0, 0.0 ], 
					"to": [ -5.5, 3.0, 16.0 ], 
					"rotationOrigin": [ -20.0, -2.0, 8.0 ],
					"rotationZ": 21.5,
					"faces": {
						"north": { "texture": "#normal-side", "uv": [ 5.5, 0.0, 10.5, 14.5 ], "rotation": 270 },
						"east": { "texture": "#normal-top", "uv": [ 0.0, 0.0, 16.0, 5.0 ] },
						"south": { "texture": "#normal-side", "uv": [ 8.5, 0.0, 13.5, 14.5 ], "rotation": 90 },
						"west": { "texture": "#normal-top", "uv": [ 0.0, 0.0, 16.0, 5.0 ] },
						"up": { "texture": "#normal-side", "uv": [ 0.0, 0.0, 16.0, 14.5 ], "rotation": 90 },
						"down": { "texture": "#normal-side", "uv": [ 0.0, 0.0, 16.0, 14.5 ], "rotation": 90 }
					},
					"children": [
						{
							"name": "slanted up25",
							"from": [ -6.0, 4.75, 0.0 ], 
							"to": [ 0.0, 4.75, 16.0 ], 
							"rotationOrigin": [ 0.0, 4.75, 7.0 ],
							"rotationZ": 67.5,
							"faces": {
								"north": { "texture": "#straw1", "uv": [ 0.0, 0.0, 6.0, 0.5 ], "enabled": false },
								"east": { "texture": "#straw1", "uv": [ 0.0, 0.0, 16.0, 0.5 ], "enabled": false },
								"south": { "texture": "#straw1", "uv": [ 0.0, 0.0, 6.0, 0.5 ], "enabled": false },
								"west": { "texture": "#straw1", "uv": [ 0.0, 0.0, 16.0, 0.5 ], "enabled": false },
								"up": { "texture": "#straw1", "uv": [ 0.0, 10.0, 16.0, 16.0 ], "rotation": 90 },
								"down": { "texture": "#straw1", "uv": [ 0.0, 0.0, 6.0, 16.0 ], "enabled": false }
							}
						},
						{
							"name": "slanted up251",
							"from": [ 0.5, 4.7, 9.5 ], 
							"to": [ 6.5, 4.7, 21.5 ], 
							"rotationOrigin": [ 6.5, 4.7, 16.0 ],
							"rotationX": 67.5,
							"rotationY": 90.0,
							"faces": {
								"north": { "texture": "#straw1", "uv": [ 0.0, 0.0, 6.0, 0.5 ], "enabled": false },
								"east": { "texture": "#straw1", "uv": [ 0.0, 0.0, 12.0, 0.5 ], "enabled": false },
								"south": { "texture": "#straw1", "uv": [ 0.0, 0.0, 6.0, 0.5 ], "enabled": false },
								"west": { "texture": "#straw1", "uv": [ 0.0, 0.0, 12.0, 0.5 ], "enabled": false },
								"up": { "texture": "#straw1", "uv": [ 0.0, 0.5, 12.0, 6.5 ], "rotation": 90 },
								"down": { "texture": "#straw1", "uv": [ 0.0, 0.0, 6.0, 12.0 ], "enabled": false }
							},
							"children": [
								{
									"name": "slanted up27",
									"from": [ -1.0, 0.0, 12.0 ], 
									"to": [ 6.0, 0.0, 14.5 ], 
									"rotationOrigin": [ 6.0, 0.0, 18.5 ],
									"faces": {
										"north": { "texture": "#straw1", "uv": [ 0.0, 0.0, 7.0, 0.5 ], "enabled": false },
										"east": { "texture": "#straw1", "uv": [ 0.0, 0.0, 2.5, 0.5 ], "enabled": false },
										"south": { "texture": "#straw1", "uv": [ 0.0, 0.0, 7.0, 0.5 ], "enabled": false },
										"west": { "texture": "#straw1", "uv": [ 0.0, 0.0, 2.5, 0.5 ], "enabled": false },
										"up": { "texture": "#straw1", "uv": [ 3.5, 0.5, 6.0, 7.5 ], "rotation": 90 },
										"down": { "texture": "#straw1", "uv": [ 0.0, 0.0, 7.0, 2.5 ], "enabled": false }
									}
								}
							]
						},
						{
							"name": "slanted up29",
							"from": [ 0.5, 4.7, -6.5 ], 
							"to": [ 6.5, 4.7, 5.5 ], 
							"rotationOrigin": [ 6.5, 4.7, 0.0 ],
							"rotationX": 112.5,
							"rotationY": 90.0,
							"faces": {
								"north": { "texture": "#straw1", "uv": [ 0.0, 0.0, 6.0, 0.5 ], "enabled": false },
								"east": { "texture": "#straw1", "uv": [ 0.0, 0.0, 12.0, 0.5 ], "enabled": false },
								"south": { "texture": "#straw1", "uv": [ 0.0, 0.0, 6.0, 0.5 ], "enabled": false },
								"west": { "texture": "#straw1", "uv": [ 0.0, 0.0, 12.0, 0.5 ], "enabled": false },
								"up": { "texture": "#straw1", "uv": [ 0.0, 0.5, 12.0, 6.5 ], "rotation": 90 },
								"down": { "texture": "#straw1", "uv": [ 0.0, 0.0, 6.0, 12.0 ], "enabled": false }
							},
							"children": [
								{
									"name": "slanted up30",
									"from": [ -1.0, 0.0, 12.0 ], 
									"to": [ 6.0, 0.0, 14.5 ], 
									"rotationOrigin": [ 6.0, 0.0, 18.5 ],
									"faces": {
										"north": { "texture": "#straw1", "uv": [ 0.0, 0.0, 7.0, 0.5 ], "enabled": false },
										"east": { "texture": "#straw1", "uv": [ 0.0, 0.0, 2.5, 0.5 ], "enabled": false },
										"south": { "texture": "#straw1", "uv": [ 0.0, 0.0, 7.0, 0.5 ], "enabled": false },
										"west": { "texture": "#straw1", "uv": [ 0.0, 0.0, 2.5, 0.5 ], "enabled": false },
										"up": { "texture": "#straw1", "uv": [ 3.5, 0.5, 6.0, 7.5 ], "rotation": 90 },
										"down": { "texture": "#straw1", "uv": [ 0.0, 0.0, 7.0, 2.5 ], "enabled": false }
									}
								}
							]
						}
					]
				},
				{
					"name": "slanted down32",
					"from": [ 4.0, -2.0, 0.0 ], 
					"to": [ 18.5, 3.0, 16.0 ], 
					"rotationOrigin": [ 4.0, -2.0, 8.0 ],
					"rotationX": 180.0,
					"rotationZ": -158.5,
					"faces": {
						"north": { "texture": "#normal-side", "uv": [ 5.5, 0.0, 10.5, 14.5 ], "rotation": 270 },
						"east": { "texture": "#normal-top", "uv": [ 0.0, 0.0, 16.0, 5.0 ] },
						"south": { "texture": "#normal-side", "uv": [ 8.5, 0.0, 13.5, 14.5 ], "rotation": 90 },
						"west": { "texture": "#normal-top", "uv": [ 0.0, 0.0, 16.0, 5.0 ] },
						"up": { "texture": "#normal-side", "uv": [ 0.0, 0.0, 16.0, 14.5 ], "rotation": 90 },
						"down": { "texture": "#normal-side", "uv": [ 0.0, 0.0, 16.0, 14.5 ], "rotation": 90 }
					},
					"children": [
						{
							"name": "slanted up33",
							"from": [ -6.0, 4.75, 0.0 ], 
							"to": [ 0.0, 4.75, 16.0 ], 
							"rotationOrigin": [ 0.0, 4.75, 7.0 ],
							"rotationZ": 67.5,
							"faces": {
								"north": { "texture": "#straw1", "uv": [ 0.0, 0.0, 6.0, 0.5 ], "enabled": false },
								"east": { "texture": "#straw1", "uv": [ 0.0, 0.0, 16.0, 0.5 ], "enabled": false },
								"south": { "texture": "#straw1", "uv": [ 0.0, 0.0, 6.0, 0.5 ], "enabled": false },
								"west": { "texture": "#straw1", "uv": [ 0.0, 0.0, 16.0, 0.5 ], "enabled": false },
								"up": { "texture": "#straw1", "uv": [ 0.0, 10.0, 16.0, 16.0 ], "rotation": 90 },
								"down": { "texture": "#straw1", "uv": [ 0.0, 0.0, 6.0, 16.0 ], "enabled": false }
							}
						},
						{
							"name": "slanted up34",
							"from": [ 0.5, 4.7, 9.5 ], 
							"to": [ 6.5, 4.7, 21.5 ], 
							"rotationOrigin": [ 6.5, 4.7, 16.0 ],
							"rotationX": 67.5,
							"rotationY": 90.0,
							"faces": {
								"north": { "texture": "#straw1", "uv": [ 0.0, 0.0, 6.0, 0.5 ], "enabled": false },
								"east": { "texture": "#straw1", "uv": [ 0.0, 0.0, 12.0, 0.5 ], "enabled": false },
								"south": { "texture": "#straw1", "uv": [ 0.0, 0.0, 6.0, 0.5 ], "enabled": false },
								"west": { "texture": "#straw1", "uv": [ 0.0, 0.0, 12.0, 0.5 ], "enabled": false },
								"up": { "texture": "#straw1", "uv": [ 0.0, 0.5, 12.0, 6.5 ], "rotation": 90 },
								"down": { "texture": "#straw1", "uv": [ 0.0, 0.0, 6.0, 12.0 ], "enabled": false }
							},
							"children": [
								{
									"name": "slanted up37",
									"from": [ -1.0, 0.0, 12.0 ], 
									"to": [ 6.0, 0.0, 14.5 ], 
									"rotationOrigin": [ 6.0, 0.0, 18.5 ],
									"faces": {
										"north": { "texture": "#straw1", "uv": [ 0.0, 0.0, 7.0, 0.5 ], "enabled": false },
										"east": { "texture": "#straw1", "uv": [ 0.0, 0.0, 2.5, 0.5 ], "enabled": false },
										"south": { "texture": "#straw1", "uv": [ 0.0, 0.0, 7.0, 0.5 ], "enabled": false },
										"west": { "texture": "#straw1", "uv": [ 0.0, 0.0, 2.5, 0.5 ], "enabled": false },
										"up": { "texture": "#straw1", "uv": [ 3.5, 0.5, 6.0, 7.5 ], "rotation": 90 },
										"down": { "texture": "#straw1", "uv": [ 0.0, 0.0, 7.0, 2.5 ], "enabled": false }
									}
								}
							]
						},
						{
							"name": "slanted up38",
							"from": [ 0.5, 4.7, -6.5 ], 
							"to": [ 6.5, 4.7, 5.5 ], 
							"rotationOrigin": [ 6.5, 4.7, 0.0 ],
							"rotationX": 112.5,
							"rotationY": 90.0,
							"faces": {
								"north": { "texture": "#straw1", "uv": [ 0.0, 0.0, 6.0, 0.5 ], "enabled": false },
								"east": { "texture": "#straw1", "uv": [ 0.0, 0.0, 12.0, 0.5 ], "enabled": false },
								"south": { "texture": "#straw1", "uv": [ 0.0, 0.0, 6.0, 0.5 ], "enabled": false },
								"west": { "texture": "#straw1", "uv": [ 0.0, 0.0, 12.0, 0.5 ], "enabled": false },
								"up": { "texture": "#straw1", "uv": [ 0.0, 0.5, 12.0, 6.5 ], "rotation": 90 },
								"down": { "texture": "#straw1", "uv": [ 0.0, 0.0, 6.0, 12.0 ], "enabled": false }
							},
							"children": [
								{
									"name": "slanted up39",
									"from": [ -1.0, 0.0, 12.0 ], 
									"to": [ 6.0, 0.0, 14.5 ], 
									"rotationOrigin": [ 6.0, 0.0, 18.5 ],
									"faces": {
										"north": { "texture": "#straw1", "uv": [ 0.0, 0.0, 7.0, 0.5 ], "enabled": false },
										"east": { "texture": "#straw1", "uv": [ 0.0, 0.0, 2.5, 0.5 ], "enabled": false },
										"south": { "texture": "#straw1", "uv": [ 0.0, 0.0, 7.0, 0.5 ], "enabled": false },
										"west": { "texture": "#straw1", "uv": [ 0.0, 0.0, 2.5, 0.5 ], "enabled": false },
										"up": { "texture": "#straw1", "uv": [ 3.5, 0.5, 6.0, 7.5 ], "rotation": 90 },
										"down": { "texture": "#straw1", "uv": [ 0.0, 0.0, 7.0, 2.5 ], "enabled": false }
									}
								}
							]
						}
					]
				},
				{
					"name": "Topsection39",
					"from": [ -11.14, 7.0, -0.04 ], 
					"to": [ -7.14, 9.5, 16.02 ], 
					"rotationOrigin": [ -7.2, 7.0, -0.1 ],
					"rotationZ": 20.0,
					"faces": {
						"north": { "texture": "#normal-side", "uv": [ 0.0, 0.0, 4.0, 2.5 ] },
						"east": { "texture": "#normal-side", "uv": [ 0.0, 0.0, 16.0, 2.5 ] },
						"south": { "texture": "#normal-side", "uv": [ 0.0, 0.0, 4.0, 2.5 ] },
						"west": { "texture": "#normal-side", "uv": [ 0.0, 0.0, 16.0, 2.5 ] },
						"up": { "texture": "#normal-side", "uv": [ 0.0, 0.0, 4.0, 16.0 ] },
						"down": { "texture": "#normal-side", "uv": [ 0.0, 0.0, 4.0, 16.0 ] }
					}
				},
				{
					"name": "Topsection41",
					"from": [ -8.86, 7.0, -0.02 ], 
					"to": [ -4.86, 9.5, 16.04 ], 
					"rotationOrigin": [ -8.8, 7.0, -0.1 ],
					"rotationZ": -20.0,
					"faces": {
						"north": { "texture": "#normal-side", "uv": [ 0.0, 0.0, 4.0, 2.5 ] },
						"east": { "texture": "#normal-side", "uv": [ 0.0, 0.0, 16.0, 2.5 ] },
						"south": { "texture": "#normal-side", "uv": [ 0.0, 0.0, 4.0, 2.5 ] },
						"west": { "texture": "#normal-side", "uv": [ 0.0, 0.0, 16.0, 2.5 ] },
						"up": { "texture": "#normal-side", "uv": [ 0.0, 0.0, 4.0, 16.0 ] },
						"down": { "texture": "#normal-side", "uv": [ 0.0, 0.0, 4.0, 16.0 ] }
					}
				}
			]
		}
	]}