{
	"editor": {
		"allAngles": false,
		"entityTextureMode": false
	},
	"textureWidth": 24,
	"textureHeight": 32,
	"textureSizes": {
		"bituminous": [16,16],
		"ceramicdoor-fancy": [24,32]
	},
	"textures": {
		"bituminous": "game:block/coal/bituminous",
		"ceramicdoor-fancy": "ceramicdoor-fancy"
	},
	"elements": [
		{
			"name": "pivot",
			"from": [ 2.0, 0.0, 14.0 ],
			"to": [ 2.0, 0.0, 14.0 ],
			"rotationOrigin": [ 2.0, 0.0, 14.0 ],
			"faces": {
			},
			"children": [
				{
					"name": "Cube2",
					"from": [ -2.0, 0.0, -2.0 ],
					"to": [ 14.0, 32.0, 2.0 ],
					"rotationOrigin": [ -2.0, 0.0, -2.0 ],
					"faces": {
						"north": { "texture": "#ceramicdoor-fancy", "uv": [ 0.0, 0.0, 16.0, 32.0 ] },
						"east": { "texture": "#ceramicdoor-fancy", "uv": [ 16.0, 0.0, 20.0, 32.0 ] },
						"south": { "texture": "#ceramicdoor-fancy", "uv": [ 0.0, 0.0, 16.0, 32.0 ] },
						"west": { "texture": "#ceramicdoor-fancy", "uv": [ 16.0, 0.0, 20.0, 32.0 ] },
						"up": { "texture": "#ceramicdoor-fancy", "uv": [ 20.0, 0.0, 24.0, 16.0 ], "rotation": 90 },
						"down": { "texture": "#ceramicdoor-fancy", "uv": [ 20.0, 16.0, 24.0, 32.0 ], "rotation": 90 }
					},
					"children": [
						{
							"name": "hamdle-base",
							"from": [ 13.1, 15.1, -0.2 ],
							"to": [ 14.9, 16.9, 4.2 ],
							"rotationOrigin": [ 13.1, 15.4, 0.1 ],
							"faces": {
								"north": { "texture": "#bituminous", "uv": [ 13.0, 3.0, 14.5, 4.5 ] },
								"east": { "texture": "#bituminous", "uv": [ 4.5, 10.5, 8.5, 12.0 ] },
								"south": { "texture": "#bituminous", "uv": [ 9.0, 5.5, 10.5, 7.0 ] },
								"west": { "texture": "#bituminous", "uv": [ 8.0, 8.5, 12.0, 10.0 ] },
								"up": { "texture": "#bituminous", "uv": [ 12.0, 6.5, 13.5, 10.5 ] },
								"down": { "texture": "#bituminous", "uv": [ 6.5, 2.5, 8.0, 6.5 ] }
							},
							"children": [
								{
									"name": "out",
									"from": [ 0.3, 1.2, 4.4 ],
									"to": [ 1.5, 1.6, 5.9 ],
									"rotationOrigin": [ 0.3, 1.6, 4.4 ],
									"rotationX": 20.0,
									"faces": {
										"east": { "texture": "#bituminous", "uv": [ 3.5, 5.5, 5.0, 6.0 ] },
										"south": { "texture": "#bituminous", "uv": [ 12.0, 11.0, 13.0, 11.5 ] },
										"west": { "texture": "#bituminous", "uv": [ 5.5, 3.5, 7.0, 4.0 ] },
										"up": { "texture": "#bituminous", "uv": [ 2.0, 1.5, 3.0, 3.0 ] },
										"down": { "texture": "#bituminous", "uv": [ 3.0, 3.5, 4.0, 5.0 ] }
									},
									"children": [
										{
											"name": "Cube3",
											"from": [ 0.1, 0.0, 1.5 ],
											"to": [ 1.1, 0.3, 3.0 ],
											"rotationOrigin": [ 0.1, 0.3, 1.5 ],
											"rotationX": 60.0,
											"faces": {
												"north": { "texture": "#bituminous", "uv": [ 3.5, 10.5, 4.5, 11.0 ] },
												"east": { "texture": "#bituminous", "uv": [ 13.5, 14.5, 15.0, 15.0 ] },
												"south": { "texture": "#bituminous", "uv": [ 3.0, 5.0, 4.0, 5.5 ] },
												"west": { "texture": "#bituminous", "uv": [ 0.0, 14.5, 1.5, 15.0 ] },
												"up": { "texture": "#bituminous", "uv": [ 6.0, 7.0, 7.0, 8.5 ] },
												"down": { "texture": "#bituminous", "uv": [ 0.5, 5.5, 1.5, 7.0 ] }
											},
											"children": [
												{
													"name": "Cube4",
													"from": [ 0.1, 0.0, 1.5 ],
													"to": [ 0.9, 0.2, 4.0 ],
													"rotationOrigin": [ 0.1, 0.2, 1.5 ],
													"rotationX": 25.0,
													"faces": {
														"north": { "texture": "#bituminous", "uv": [ 1.0, 14.5, 1.5, 15.0 ] },
														"east": { "texture": "#bituminous", "uv": [ 8.0, 0.5, 10.5, 1.0 ] },
														"south": { "texture": "#bituminous", "uv": [ 11.5, 12.0, 12.0, 12.5 ] },
														"west": { "texture": "#bituminous", "uv": [ 7.5, 3.5, 10.0, 4.0 ] },
														"up": { "texture": "#bituminous", "uv": [ 13.0, 6.5, 13.5, 9.0 ] },
														"down": { "texture": "#bituminous", "uv": [ 7.5, 1.0, 8.0, 3.5 ] }
													},
													"children": [
														{
															"name": "Cube5",
															"from": [ 0.1, 0.0, 2.5 ],
															"to": [ 0.7, 0.2, 3.3 ],
															"rotationOrigin": [ 0.1, 0.0, 2.5 ],
															"rotationX": -30.0,
															"faces": {
																"north": { "texture": "#bituminous", "uv": [ 4.5, 8.5, 5.0, 9.0 ] },
																"east": { "texture": "#bituminous", "uv": [ 2.0, 10.0, 2.5, 10.5 ] },
																"south": { "texture": "#bituminous", "uv": [ 1.0, 15.0, 1.5, 15.5 ] },
																"west": { "texture": "#bituminous", "uv": [ 8.5, 5.0, 9.0, 5.5 ] },
																"up": { "texture": "#bituminous", "uv": [ 1.0, 12.5, 1.5, 13.0 ] },
																"down": { "texture": "#bituminous", "uv": [ 4.0, 12.5, 4.5, 13.0 ] }
															}
														}
													]
												}
											]
										}
									]
								},
								{
									"name": "in",
									"from": [ 0.3, 1.2, -1.5 ],
									"to": [ 1.5, 1.6, 0.0 ],
									"rotationOrigin": [ 0.3, 1.6, 0.0 ],
									"rotationX": -20.0,
									"faces": {
										"north": { "texture": "#bituminous", "uv": [ 5.0, 13.0, 6.0, 13.5 ] },
										"east": { "texture": "#bituminous", "uv": [ 8.5, 11.0, 10.0, 11.5 ] },
										"west": { "texture": "#bituminous", "uv": [ 6.0, 5.0, 7.5, 5.5 ] },
										"up": { "texture": "#bituminous", "uv": [ 5.0, 0.5, 6.0, 2.0 ] },
										"down": { "texture": "#bituminous", "uv": [ 6.0, 3.0, 7.0, 4.5 ] }
									},
									"children": [
										{
											"name": "Cube6",
											"from": [ 0.1, 0.0, -1.5 ],
											"to": [ 1.1, 0.3, 0.0 ],
											"rotationOrigin": [ 0.1, 0.3, 0.0 ],
											"rotationX": -60.0,
											"faces": {
												"north": { "texture": "#bituminous", "uv": [ 3.5, 3.5, 4.5, 4.0 ] },
												"east": { "texture": "#bituminous", "uv": [ 0.0, 9.0, 1.5, 9.5 ] },
												"south": { "texture": "#bituminous", "uv": [ 2.0, 6.0, 3.0, 6.5 ] },
												"west": { "texture": "#bituminous", "uv": [ 13.5, 3.5, 15.0, 4.0 ] },
												"up": { "texture": "#bituminous", "uv": [ 10.5, 9.5, 11.5, 11.0 ] },
												"down": { "texture": "#bituminous", "uv": [ 2.0, 13.0, 3.0, 14.5 ] }
											},
											"children": [
												{
													"name": "Cube11",
													"from": [ 0.1, 0.0, -2.5 ],
													"to": [ 0.9, 0.2, 0.0 ],
													"rotationOrigin": [ 0.1, 0.2, 0.0 ],
													"rotationX": -25.0,
													"faces": {
														"north": { "texture": "#bituminous", "uv": [ 4.0, 8.0, 4.5, 8.5 ] },
														"east": { "texture": "#bituminous", "uv": [ 2.5, 12.5, 5.0, 13.0 ] },
														"south": { "texture": "#bituminous", "uv": [ 12.5, 2.0, 13.0, 2.5 ] },
														"west": { "texture": "#bituminous", "uv": [ 6.5, 5.0, 9.0, 5.5 ] },
														"up": { "texture": "#bituminous", "uv": [ 9.0, 5.5, 9.5, 8.0 ] },
														"down": { "texture": "#bituminous", "uv": [ 11.5, 3.5, 12.0, 6.0 ] }
													},
													"children": [
														{
															"name": "Cube12",
															"from": [ 0.1, 0.0, -0.8 ],
															"to": [ 0.7, 0.2, 0.0 ],
															"rotationOrigin": [ 0.1, 0.0, 0.0 ],
															"rotationX": 30.0,
															"faces": {
																"north": { "texture": "#bituminous", "uv": [ 13.0, 6.0, 13.5, 6.5 ] },
																"east": { "texture": "#bituminous", "uv": [ 8.0, 15.0, 8.5, 15.5 ] },
																"south": { "texture": "#bituminous", "uv": [ 2.5, 12.5, 3.0, 13.0 ] },
																"west": { "texture": "#bituminous", "uv": [ 11.5, 5.5, 12.0, 6.0 ] },
																"up": { "texture": "#bituminous", "uv": [ 0.5, 12.0, 1.0, 12.5 ] },
																"down": { "texture": "#bituminous", "uv": [ 15.0, 9.5, 15.5, 10.0 ] }
															}
														}
													]
												}
											]
										}
									]
								}
							]
						},
						{
							"name": "hinge1",
							"from": [ -0.2, 4.5, -0.2 ],
							"to": [ 3.8, 5.5, 4.2 ],
							"rotationOrigin": [ -0.2, 4.5, -0.2 ],
							"faces": {
								"north": { "texture": "#bituminous", "uv": [ 10.0, 0.0, 14.0, 1.0 ] },
								"east": { "texture": "#bituminous", "uv": [ 9.5, 12.0, 13.5, 13.0 ] },
								"south": { "texture": "#bituminous", "uv": [ 5.0, 12.0, 9.0, 13.0 ] },
								"west": { "texture": "#bituminous", "uv": [ 0.5, 0.5, 4.5, 1.5 ] },
								"up": { "texture": "#bituminous", "uv": [ 11.5, 1.5, 15.5, 5.5 ] },
								"down": { "texture": "#bituminous", "uv": [ 2.5, 7.5, 6.5, 11.5 ] }
							},
							"children": [
								{
									"name": "Cube7",
									"from": [ 4.0, 0.2, 0.0 ],
									"to": [ 7.0, 0.8, 4.4 ],
									"rotationOrigin": [ 4.0, 0.2, 0.0 ],
									"faces": {
										"north": { "texture": "#bituminous", "uv": [ 7.0, 7.5, 10.0, 8.0 ] },
										"east": { "texture": "#bituminous", "uv": [ 9.0, 0.5, 13.0, 1.0 ] },
										"south": { "texture": "#bituminous", "uv": [ 8.5, 4.5, 11.5, 5.0 ] },
										"west": { "texture": "#bituminous", "uv": [ 4.5, 4.0, 8.5, 4.5 ] },
										"up": { "texture": "#bituminous", "uv": [ 4.5, 1.5, 7.5, 5.5 ] },
										"down": { "texture": "#bituminous", "uv": [ 6.5, 6.5, 9.5, 10.5 ] }
									},
									"children": [
										{
											"name": "Cube8",
											"from": [ 3.0, -0.1, 0.0 ],
											"to": [ 3.8, 0.7, 4.4 ],
											"rotationOrigin": [ 3.0, -0.1, 0.0 ],
											"faces": {
												"north": { "texture": "#bituminous", "uv": [ 13.0, 10.0, 13.5, 10.5 ] },
												"east": { "texture": "#bituminous", "uv": [ 2.0, 4.0, 6.0, 4.5 ] },
												"south": { "texture": "#bituminous", "uv": [ 1.0, 1.0, 1.5, 1.5 ] },
												"west": { "texture": "#bituminous", "uv": [ 3.5, 0.5, 7.5, 1.0 ] },
												"up": { "texture": "#bituminous", "uv": [ 7.0, 11.5, 7.5, 15.5 ] },
												"down": { "texture": "#bituminous", "uv": [ 4.5, 0.0, 5.0, 4.0 ] }
											}
										}
									]
								}
							]
						},
						{
							"name": "hinge2",
							"from": [ -0.2, 26.5, -0.2 ],
							"to": [ 3.8, 27.5, 4.2 ],
							"rotationOrigin": [ -0.2, 26.5, -0.2 ],
							"faces": {
								"north": { "texture": "#bituminous", "uv": [ 7.5, 1.0, 11.5, 2.0 ] },
								"east": { "texture": "#bituminous", "uv": [ 7.0, 10.5, 11.0, 11.5 ] },
								"south": { "texture": "#bituminous", "uv": [ 4.0, 14.5, 8.0, 15.5 ] },
								"west": { "texture": "#bituminous", "uv": [ 6.5, 7.5, 10.5, 8.5 ] },
								"up": { "texture": "#bituminous", "uv": [ 1.0, 5.0, 5.0, 9.0 ] },
								"down": { "texture": "#bituminous", "uv": [ 2.0, 11.0, 6.0, 15.0 ] }
							},
							"children": [
								{
									"name": "Cube9",
									"from": [ 4.0, 0.2, 0.0 ],
									"to": [ 7.0, 0.8, 4.4 ],
									"rotationOrigin": [ 4.0, 0.2, 0.0 ],
									"faces": {
										"north": { "texture": "#bituminous", "uv": [ 7.0, 2.0, 10.0, 2.5 ] },
										"east": { "texture": "#bituminous", "uv": [ 0.5, 7.5, 4.5, 8.0 ] },
										"south": { "texture": "#bituminous", "uv": [ 10.0, 5.0, 13.0, 5.5 ] },
										"west": { "texture": "#bituminous", "uv": [ 7.5, 3.0, 11.5, 3.5 ] },
										"up": { "texture": "#bituminous", "uv": [ 5.0, 4.5, 8.0, 8.5 ] },
										"down": { "texture": "#bituminous", "uv": [ 10.5, 2.0, 13.5, 6.0 ] }
									},
									"children": [
										{
											"name": "Cube10",
											"from": [ 3.0, -0.1, 0.0 ],
											"to": [ 3.8, 0.7, 4.4 ],
											"rotationOrigin": [ 3.0, -0.1, 0.0 ],
											"faces": {
												"north": { "texture": "#bituminous", "uv": [ 14.5, 2.0, 15.0, 2.5 ] },
												"east": { "texture": "#bituminous", "uv": [ 0.5, 14.0, 4.5, 14.5 ] },
												"south": { "texture": "#bituminous", "uv": [ 3.5, 3.0, 4.0, 3.5 ] },
												"west": { "texture": "#bituminous", "uv": [ 11.5, 12.0, 15.5, 12.5 ] },
												"up": { "texture": "#bituminous", "uv": [ 5.0, 2.0, 5.5, 6.0 ] },
												"down": { "texture": "#bituminous", "uv": [ 10.0, 2.5, 10.5, 6.5 ] }
											}
										}
									]
								}
							]
						}
					]
				}
			]
		}
	],
	"animations": [
		{
			"name": "opened",
			"code": "opened",
			"quantityframes": 30,
			"onActivityStopped": "Rewind",
			"onAnimationEnd": "Hold",
			"keyframes": [
				{
					"frame": 0,
					"elements": {
						"pivot": { "rotationX": 0.0, "rotationY": 85.0, "rotationZ": 0.0 }
					}
				}
			]
		}
	]
}