[
  {
    "toolmode": "chopping",
    "ingredients":
    [ 
      {"inputs": 
       [
         {"type": "block", "code": "floralzonescentralaustralianregion:plankstairs-*"}
       ]
      }
    ],
    "output": {"type": "item", "code": "game:firewood", "quantity": 1}
  },
  {
    "toolmode": "chopping",
    "ingredients":
    [ 
      {"inputs": 
       [
         {"type": "block", "code": "floralzonescentralaustralianregion:planks-*"}
       ]
      }
    ],
    "output": {"type": "item", "code": "game:firewood", "quantity": 1}
  },
  {
    "toolmode": "chopping",
    "ingredients":
    [ 
      {"inputs": 
       [
         {"type": "block", "code": "floralzonescentralaustralianregion:roughhewnfence-*"}
       ]
      }
    ],
    "output": {"type": "item", "code": "game:firewood", "quantity": 1}
  },
  {
    "toolmode": "chopping",
    "ingredients":
    [ 
      {"inputs": 
       [
         {"type": "block", "code": "floralzonescentralaustralianregion:roughhewnfencegate-*"}
       ]
      }
    ],
    "output": {"type": "item", "code": "game:firewood", "quantity": 8}
  },
  {
    "toolmode": "chopping",
    "ingredients":
    [ 
      {"inputs": 
       [
         {"type": "block", "code": "floralzonescentralaustralianregion:woodenfence-*"}
       ]
      }
    ],
    "output": {"type": "item", "code": "game:stick", "quantity": 1}
  },
  {
    "toolmode": "chopping",
    "ingredients":
    [ 
      {"inputs": 
       [
         {"type": "block", "code": "floralzonescentralaustralianregion:woodenfencegate-*"}
       ]
      }
    ],
    "output": {"type": "item", "code": "game:stick", "quantity": 2}
  },
  {
    "toolmode": "chopping",
    "ingredients":
    [ 
      {"inputs": 
       [
         {"type": "block", "code": "floralzonescentralaustralianregion:plankslab-*"}
       ]
      }
    ],
    "output": {"type": "item", "code": "game:stick", "quantity": 1}
  }
]