[
	{
		ingredientPattern: "AHL",
		ingredients: {
			"A": { type: "item", code: "game:axe-*", isTool: true  },
			"H": { type: "item", code: "game:hammer-*", isTool: true  },
			"L": { type: "block", code: "wildcrafttree:log-placed-petrified-ud" }
		},
		width: 3,
		height: 1,
		shapeless: true,
		output: { type: "block", code: "wildcrafttree:debarkedlog-petrified-ud", quantity: 1  }
	},
	{
		ingredientPattern: "AHL",
		ingredients: {
			"A": { type: "item", code: "game:axe-*", isTool: true  },
			"H": { type: "item", code: "game:hammer-*", isTool: true  },
			"L": { type: "block", code: "wildcrafttree:log-placed-chlorociboria-ud" }
		},
		width: 3,
		height: 1,
		shapeless: true,
		output: { type: "block", code: "wildcrafttree:debarkedlog-chlorociboria-ud", quantity: 1  }
	},
	{
		ingredientPattern: "AHL",
		ingredients: {
			"A": { type: "item", code: "game:axe-*", isTool: true  },
			"H": { type: "item", code: "game:hammer-*", isTool: true  },
			"L": { type: "block", code: "wildcrafttree:log-placed-mangrove-ud" }
		},
		width: 3,
		height: 1,
		shapeless: true,
		output: { type: "block", code: "wildcrafttree:debarkedlog-mangrove-ud", quantity: 1  }
	},
	{
		ingredientPattern: "AHL",
		ingredients: {
			"A": { type: "item", code: "game:axe-*", isTool: true  },
			"H": { type: "item", code: "game:hammer-*", isTool: true  },
			"L": { type: "block", code: "wildcrafttree:log-placed-ash-ud" }
		},
		width: 3,
		height: 1,
		shapeless: true,
		output: { type: "block", code: "wildcrafttree:debarkedlog-ash-ud", quantity: 1  }
	},
	{
		ingredientPattern: "AHL",
		ingredients: {
			"A": { type: "item", code: "game:axe-*", isTool: true  },
			"H": { type: "item", code: "game:hammer-*", isTool: true  },
			"L": { type: "block", code: "wildcrafttree:log-placed-sapele-ud" }
		},
		width: 3,
		height: 1,
		shapeless: true,
		output: { type: "block", code: "wildcrafttree:debarkedlog-sapele-ud", quantity: 1  }
	},
	{
		ingredientPattern: "AHL",
		ingredients: {
			"A": { type: "item", code: "game:axe-*", isTool: true  },
			"H": { type: "item", code: "game:hammer-*", isTool: true  },
			"L": { type: "block", code: "wildcrafttree:log-placed-tigerwood-ud" }
		},
		width: 3,
		height: 1,
		shapeless: true,
		output: { type: "block", code: "wildcrafttree:debarkedlog-tigerwood-ud", quantity: 1  }
	},
	{
		ingredientPattern: "AHL",
		ingredients: {
			"A": { type: "item", code: "game:axe-*", isTool: true  },
			"H": { type: "item", code: "game:hammer-*", isTool: true  },
			"L": { type: "block", code: "wildcrafttree:log-placed-horsechestnut-ud" }
		},
		width: 3,
		height: 1,
		shapeless: true,
		output: { type: "block", code: "wildcrafttree:debarkedlog-horsechestnut-ud", quantity: 1  }
	},
	{
		ingredientPattern: "AHL",
		ingredients: {
			"A": { type: "item", code: "game:axe-*", isTool: true  },
			"H": { type: "item", code: "game:hammer-*", isTool: true  },
			"L": { type: "block", code: "wildcrafttree:log-placed-linden-ud" }
		},
		width: 3,
		height: 1,
		shapeless: true,
		output: { type: "block", code: "wildcrafttree:debarkedlog-linden-ud", quantity: 1  }
	},
	{
		ingredientPattern: "AHL",
		ingredients: {
			"A": { type: "item", code: "game:axe-*", isTool: true  },
			"H": { type: "item", code: "game:hammer-*", isTool: true  },
			"L": { type: "block", code: "wildcrafttree:log-placed-leadwood-ud" }
		},
		width: 3,
		height: 1,
		shapeless: true,
		output: { type: "block", code: "wildcrafttree:debarkedlog-leadwood-ud", quantity: 1  }
	},
	{
		ingredientPattern: "AHL",
		ingredients: {
			"A": { type: "item", code: "game:axe-*", isTool: true  },
			"H": { type: "item", code: "game:hammer-*", isTool: true  },
			"L": { type: "block", code: "wildcrafttree:log-placed-azobe-ud" }
		},
		width: 3,
		height: 1,
		shapeless: true,
		output: { type: "block", code: "wildcrafttree:debarkedlog-azobe-ud", quantity: 1  }
	},
	{
		ingredientPattern: "AHL",
		ingredients: {
			"A": { type: "item", code: "game:axe-*", isTool: true  },
			"H": { type: "item", code: "game:hammer-*", isTool: true  },
			"L": { type: "block", code: "wildcrafttree:log-placed-spurgetree-ud" }
		},
		width: 3,
		height: 1,
		shapeless: true,
		output: { type: "block", code: "wildcrafttree:debarkedlog-spurgetree-ud", quantity: 1  }
	},
	{
		ingredientPattern: "AHL",
		ingredients: {
			"A": { type: "item", code: "game:axe-*", isTool: true  },
			"H": { type: "item", code: "game:hammer-*", isTool: true  },
			"L": { type: "block", code: "wildcrafttree:log-placed-tamanu-ud" }
		},
		width: 3,
		height: 1,
		shapeless: true,
		output: { type: "block", code: "wildcrafttree:debarkedlog-tamanu-ud", quantity: 1  }
	},
	{
		ingredientPattern: "AHL",
		ingredients: {
			"A": { type: "item", code: "game:axe-*", isTool: true  },
			"H": { type: "item", code: "game:hammer-*", isTool: true  },
			"L": { type: "block", code: "wildcrafttree:log-placed-fir-ud" }
		},
		width: 3,
		height: 1,
		shapeless: true,
		output: { type: "block", code: "wildcrafttree:debarkedlog-fir-ud", quantity: 1  }
	},
	{
		ingredientPattern: "AHL",
		ingredients: {
			"A": { type: "item", code: "game:axe-*", isTool: true  },
			"H": { type: "item", code: "game:hammer-*", isTool: true  },
			"L": { type: "block", code: "wildcrafttree:log-placed-satinash-ud" }
		},
		width: 3,
		height: 1,
		shapeless: true,
		output: { type: "block", code: "wildcrafttree:debarkedlog-satinash-ud", quantity: 1  }
	},
	{
		ingredientPattern: "AHL",
		ingredients: {
			"A": { type: "item", code: "game:axe-*", isTool: true  },
			"H": { type: "item", code: "game:hammer-*", isTool: true  },
			"L": { type: "block", code: "wildcrafttree:log-placed-kauri-ud" }
		},
		width: 3,
		height: 1,
		shapeless: true,
		output: { type: "block", code: "wildcrafttree:debarkedlog-kauri-ud", quantity: 1  }
	},
	{
		ingredientPattern: "AHL",
		ingredients: {
			"A": { type: "item", code: "game:axe-*", isTool: true  },
			"H": { type: "item", code: "game:hammer-*", isTool: true  },
			"L": { type: "block", code: "wildcrafttree:log-placed-redcedar-ud" }
		},
		width: 3,
		height: 1,
		shapeless: true,
		output: { type: "block", code: "wildcrafttree:debarkedlog-redcedar-ud", quantity: 1  }
	},
	{
		ingredientPattern: "AHL",
		ingredients: {
			"A": { type: "item", code: "game:axe-*", isTool: true  },
			"H": { type: "item", code: "game:hammer-*", isTool: true  },
			"L": { type: "block", code: "wildcrafttree:log-placed-tuja-ud" }
		},
		width: 3,
		height: 1,
		shapeless: true,
		output: { type: "block", code: "wildcrafttree:debarkedlog-tuja-ud", quantity: 1  }
	},
	{
		ingredientPattern: "AHL",
		ingredients: {
			"A": { type: "item", code: "game:axe-*", isTool: true  },
			"H": { type: "item", code: "game:hammer-*", isTool: true  },
			"L": { type: "block", code: "wildcrafttree:log-placed-yew-ud" }
		},
		width: 3,
		height: 1,
		shapeless: true,
		output: { type: "block", code: "wildcrafttree:debarkedlog-yew-ud", quantity: 1  }
	},
	{
		ingredientPattern: "AHL",
		ingredients: {
			"A": { type: "item", code: "game:axe-*", isTool: true  },
			"H": { type: "item", code: "game:hammer-*", isTool: true  },
			"L": { type: "block", code: "wildcrafttree:log-placed-spruce-ud" }
		},
		width: 3,
		height: 1,
		shapeless: true,
		output: { type: "block", code: "wildcrafttree:debarkedlog-spruce-ud", quantity: 1  }
	},
	{
		ingredientPattern: "AHL",
		ingredients: {
			"A": { type: "item", code: "game:axe-*", isTool: true  },
			"H": { type: "item", code: "game:hammer-*", isTool: true  },
			"L": { type: "block", code: "wildcrafttree:log-placed-cedar-ud" }
		},
		width: 3,
		height: 1,
		shapeless: true,
		output: { type: "block", code: "wildcrafttree:debarkedlog-cedar-ud", quantity: 1  }
	},
	{
		ingredientPattern: "AHL",
		ingredients: {
			"A": { type: "item", code: "game:axe-*", isTool: true  },
			"H": { type: "item", code: "game:hammer-*", isTool: true  },
			"L": { type: "block", code: "wildcrafttree:log-placed-douglasfir-ud" }
		},
		width: 3,
		height: 1,
		shapeless: true,
		output: { type: "block", code: "wildcrafttree:debarkedlog-douglasfir-ud", quantity: 1  }
	},
	{
		ingredientPattern: "AHL",
		ingredients: {
			"A": { type: "item", code: "game:axe-*", isTool: true  },
			"H": { type: "item", code: "game:hammer-*", isTool: true  },
			"L": { type: "block", code: "wildcrafttree:log-placed-ginkgo-ud" }
		},
		width: 3,
		height: 1,
		shapeless: true,
		output: { type: "block", code: "wildcrafttree:debarkedlog-ginkgo-ud", quantity: 1  }
	},
	{
		ingredientPattern: "AHL",
		ingredients: {
			"A": { type: "item", code: "game:axe-*", isTool: true  },
			"H": { type: "item", code: "game:hammer-*", isTool: true  },
			"L": { type: "block", code: "wildcrafttree:log-placed-sycamore-ud" }
		},
		width: 3,
		height: 1,
		shapeless: true,
		output: { type: "block", code: "wildcrafttree:debarkedlog-sycamore-ud", quantity: 1  }
	},
	{
		ingredientPattern: "AHL",
		ingredients: {
			"A": { type: "item", code: "game:axe-*", isTool: true  },
			"H": { type: "item", code: "game:hammer-*", isTool: true  },
			"L": { type: "block", code: "wildcrafttree:log-placed-mahogany-ud" }
		},
		width: 3,
		height: 1,
		shapeless: true,
		output: { type: "block", code: "wildcrafttree:debarkedlog-mahogany-ud", quantity: 1  }
	},
	{
		ingredientPattern: "AHL",
		ingredients: {
			"A": { type: "item", code: "game:axe-*", isTool: true  },
			"H": { type: "item", code: "game:hammer-*", isTool: true  },
			"L": { type: "block", code: "wildcrafttree:log-placed-sal-ud" }
		},
		width: 3,
		height: 1,
		shapeless: true,
		output: { type: "block", code: "wildcrafttree:debarkedlog-sal-ud", quantity: 1  }
	},
	{
		ingredientPattern: "AHL",
		ingredients: {
			"A": { type: "item", code: "game:axe-*", isTool: true  },
			"H": { type: "item", code: "game:hammer-*", isTool: true  },
			"L": { type: "block", code: "wildcrafttree:log-placed-bluemahoe-ud" }
		},
		width: 3,
		height: 1,
		shapeless: true,
		output: { type: "block", code: "wildcrafttree:debarkedlog-bluemahoe-ud", quantity: 1  }
	},
	{
		ingredientPattern: "AHL",
		ingredients: {
			"A": { type: "item", code: "game:axe-*", isTool: true  },
			"H": { type: "item", code: "game:hammer-*", isTool: true  },
			"L": { type: "block", code: "wildcrafttree:log-placed-ohia-ud" }
		},
		width: 3,
		height: 1,
		shapeless: true,
		output: { type: "block", code: "wildcrafttree:debarkedlog-ohia-ud", quantity: 1  }
	},
	{
		ingredientPattern: "AHL",
		ingredients: {
			"A": { type: "item", code: "game:axe-*", isTool: true  },
			"H": { type: "item", code: "game:hammer-*", isTool: true  },
			"L": { type: "block", code: "wildcrafttree:log-placed-ghostgum-ud" }
		},
		width: 3,
		height: 1,
		shapeless: true,
		output: { type: "block", code: "wildcrafttree:debarkedlog-ghostgum-ud", quantity: 1  }
	},
	{
		ingredientPattern: "AHL",
		ingredients: {
			"A": { type: "item", code: "game:axe-*", isTool: true  },
			"H": { type: "item", code: "game:hammer-*", isTool: true  },
			"L": { type: "block", code: "wildcrafttree:log-placed-eucalyptus-ud" }
		},
		width: 3,
		height: 1,
		shapeless: true,
		output: { type: "block", code: "wildcrafttree:debarkedlog-eucalyptus-ud", quantity: 1  }
	},
	{
		ingredientPattern: "AHL",
		ingredients: {
			"A": { type: "item", code: "game:axe-*", isTool: true  },
			"H": { type: "item", code: "game:hammer-*", isTool: true  },
			"L": { type: "block", code: "wildcrafttree:log-placed-willow-ud" }
		},
		width: 3,
		height: 1,
		shapeless: true,
		output: { type: "block", code: "wildcrafttree:debarkedlog-willow-ud", quantity: 1  }
	},
	{
		ingredientPattern: "AHL",
		ingredients: {
			"A": { type: "item", code: "game:axe-*", isTool: true  },
			"H": { type: "item", code: "game:hammer-*", isTool: true  },
			"L": { type: "block", code: "wildcrafttree:log-placed-poplar-ud" }
		},
		width: 3,
		height: 1,
		shapeless: true,
		output: { type: "block", code: "wildcrafttree:debarkedlog-poplar-ud", quantity: 1  }
	},
	{
		ingredientPattern: "AHL",
		ingredients: {
			"A": { type: "item", code: "game:axe-*", isTool: true  },
			"H": { type: "item", code: "game:hammer-*", isTool: true  },
			"L": { type: "block", code: "wildcrafttree:log-placed-bearnut-ud" }
		},
		width: 3,
		height: 1,
		shapeless: true,
		output: { type: "block", code: "wildcrafttree:debarkedlog-bearnut-ud", quantity: 1  }
	},
	{
		ingredientPattern: "AHL",
		ingredients: {
			"A": { type: "item", code: "game:axe-*", isTool: true  },
			"H": { type: "item", code: "game:hammer-*", isTool: true  },
			"L": { type: "block", code: "wildcrafttree:log-placed-beech-ud" }
		},
		width: 3,
		height: 1,
		shapeless: true,
		output: { type: "block", code: "wildcrafttree:debarkedlog-beech-ud", quantity: 1  }
	},
	{
		ingredientPattern: "AHL",
		ingredients: {
			"A": { type: "item", code: "game:axe-*", isTool: true  },
			"H": { type: "item", code: "game:hammer-*", isTool: true  },
			"L": { type: "block", code: "wildcrafttree:log-placed-banyan-ud" }
		},
		width: 3,
		height: 1,
		shapeless: true,
		output: { type: "block", code: "wildcrafttree:debarkedlog-banyan-ud", quantity: 1  }
	},
	{
		ingredientPattern: "AHL",
		ingredients: {
			"A": { type: "item", code: "game:axe-*", isTool: true  },
			"H": { type: "item", code: "game:hammer-*", isTool: true  },
			"L": { type: "block", code: "wildcrafttree:log-placed-umnini-ud" }
		},
		width: 3,
		height: 1,
		shapeless: true,
		output: { type: "block", code: "wildcrafttree:debarkedlog-umnini-ud", quantity: 1  }
	},
	{
		ingredientPattern: "AHL",
		ingredients: {
			"A": { type: "item", code: "game:axe-*", isTool: true  },
			"H": { type: "item", code: "game:hammer-*", isTool: true  },
			"L": { type: "block", code: "wildcrafttree:log-placed-guajacum-ud" }
		},
		width: 3,
		height: 1,
		shapeless: true,
		output: { type: "block", code: "wildcrafttree:debarkedlog-guajacum-ud", quantity: 1  }
	},
	{
		ingredientPattern: "AHL",
		ingredients: {
			"A": { type: "item", code: "game:axe-*", isTool: true  },
			"H": { type: "item", code: "game:hammer-*", isTool: true  },
			"L": { type: "block", code: "wildcrafttree:log-placed-elm-ud" }
		},
		width: 3,
		height: 1,
		shapeless: true,
		output: { type: "block", code: "wildcrafttree:debarkedlog-elm-ud", quantity: 1  }
	},
	{
		ingredientPattern: "AHL",
		ingredients: {
			"A": { type: "item", code: "game:axe-*", isTool: true  },
			"H": { type: "item", code: "game:hammer-*", isTool: true  },
			"L": { type: "block", code: "wildcrafttree:log-placed-dalbergia-ud" }
		},
		width: 3,
		height: 1,
		shapeless: true,
		output: { type: "block", code: "wildcrafttree:debarkedlog-dalbergia-ud", quantity: 1  }
	},
	{
		ingredientPattern: "AHL",
		ingredients: {
			"A": { type: "item", code: "game:axe-*", isTool: true  },
			"H": { type: "item", code: "game:hammer-*", isTool: true  },
			"L": { type: "block", code: "wildcrafttree:log-placed-honeylocust-ud" }
		},
		width: 3,
		height: 1,
		shapeless: true,
		output: { type: "block", code: "wildcrafttree:debarkedlog-honeylocust-ud", quantity: 1  }
	},
	{
		ingredientPattern: "AHL",
		ingredients: {
			"A": { type: "item", code: "game:axe-*", isTool: true  },
			"H": { type: "item", code: "game:hammer-*", isTool: true  },
			"L": { type: "block", code: "wildcrafttree:log-placed-empresstree-ud" }
		},
		width: 3,
		height: 1,
		shapeless: true,
		output: { type: "block", code: "wildcrafttree:debarkedlog-empresstree-ud", quantity: 1  }
	},
	{
		ingredientPattern: "AHL",
		ingredients: {
			"A": { type: "item", code: "game:axe-*", isTool: true  },
			"H": { type: "item", code: "game:hammer-*", isTool: true  },
			"L": { type: "block", code: "wildcrafttree:log-placed-jacaranda-ud" }
		},
		width: 3,
		height: 1,
		shapeless: true,
		output: { type: "block", code: "wildcrafttree:debarkedlog-jacaranda-ud", quantity: 1  }
	},
	{
		ingredientPattern: "AHL",
		ingredients: {
			"A": { type: "item", code: "game:axe-*", isTool: true  },
			"H": { type: "item", code: "game:hammer-*", isTool: true  },
			"L": { type: "block", code: "wildcrafttree:log-placed-catalpa-ud" }
		},
		width: 3,
		height: 1,
		shapeless: true,
		output: { type: "block", code: "wildcrafttree:debarkedlog-catalpa-ud", quantity: 1  }
	},
	{
		ingredientPattern: "AHL",
		ingredients: {
			"A": { type: "item", code: "game:axe-*", isTool: true  },
			"H": { type: "item", code: "game:hammer-*", isTool: true  },
			"L": { type: "block", code: "wildcrafttree:log-placed-saxaul-ud" }
		},
		width: 3,
		height: 1,
		shapeless: true,
		output: { type: "block", code: "wildcrafttree:debarkedlog-saxaul-ud", quantity: 1  }
	}
]