[
 {
	ingredientPattern: "S_S	S_S	PPP",
	ingredients: {
		"S": { type: "item", code: "game:stick" },
		"P": { type: "item", code: "wildcrafttree:plank-*" }
	},
	width: 3,
	height: 3,
	output: { type: "block", code: "game:moldrack-normal-east"  }
 },
 {
	ingredientPattern: "S_S	S_S	PPP",
	ingredients: {
		"S": { type: "item", code: "wildcrafttree:driftwood" },
		"P": { type: "item", code: "wildcrafttree:plank-*" }
	},
	width: 3,
	height: 3,
	output: { type: "block", code: "game:moldrack-normal-east"  }
 },
 {
	ingredientPattern: "S_S	S_S	PPP",
	ingredients: {
		"S": { type: "item", code: "wildcrafttree:driftwood" },
		"P": { type: "item", code: "game:plank-*" }
	},
	width: 3,
	height: 3,
	output: { type: "block", code: "game:moldrack-normal-east"  }
 },
]