[
	{
		name: "Crude wood oar",
		ingredientPattern: "LR,LR",
		ingredients: {
			"L": { type: "block", code: "wildcrafttree:log-placed-*-ud", name: "wood", allowedVariants: [ "cedar", "fir", "spruce", "douglasfir", "tuja", "redcedar", "yew", "kauri", "ginkgo", "sycamore", "honeylocust", "dalbergia", "umnini", "banyan", "elm", "beech", "bearnut", "willow", "poplar", "tamanu", "spurgetree", "azobe", "guajacum", "eucalyptus", "ghostgum", "ohia", "satinash", "leadwood", "bluemahoe", "linden", "sal", "horsechestnut", "tigerwood", "mahogany", "sapele", "saxaul", "ash", "catalpa", "jacaranda", "mangrove", "empresstree", "charred", "chlorociboria" ] },
			"R": { type: "item", code: "game:rope" }
		},
		width: 2,
		height: 2,
		output: { type: "item", code: "wildcrafttree:oar-crude-{wood}"  }
	},
	{
		name: "Wood raft",
		ingredientPattern: "LRL,LRL,LRL",
		ingredients: {
			"L": { type: "block", code: "wildcrafttree:log-placed-*-ud", name: "wood", allowedVariants: [ "cedar", "fir", "spruce", "douglasfir", "tuja", "redcedar", "yew", "kauri", "ginkgo", "sycamore", "honeylocust", "dalbergia", "umnini", "banyan", "elm", "beech", "bearnut", "willow", "poplar", "tamanu", "spurgetree", "azobe", "guajacum", "eucalyptus", "ghostgum", "ohia", "satinash", "leadwood", "bluemahoe", "linden", "sal", "horsechestnut", "tigerwood", "mahogany", "sapele", "saxaul", "ash", "catalpa", "jacaranda", "mangrove", "empresstree", "charred", "chlorociboria" ], quantity: 2 },
			"R": { type: "item", code: "game:rope" }
		},
		width: 3,
		height: 3,
		output: { type: "item", code: "wildcrafttree:boat-raft-{wood}"  }
	},
	{
		name: "Crude wood oar",
		ingredientPattern: "LR,LR",
		ingredients: {
			"L": { type: "block", code: "wildcrafttree:logsection-placed-*-ne-ud", name: "wood" },
			"R": { type: "item", code: "game:rope" }
		},
		width: 2,
		height: 2,
		output: { type: "item", code: "wildcrafttree:oar-crude-{wood}"  }
	},
	{
		name: "Wood raft",
		ingredientPattern: "LRL,LRL,LRL",
		ingredients: {
			"L": { type: "block", code: "wildcrafttree:logsection-placed-*-ne-ud", name: "wood", quantity: 2 },
			"R": { type: "item", code: "game:rope" }
		},
		width: 3,
		height: 3,
		output: { type: "item", code: "wildcrafttree:boat-raft-{wood}"  }
	}
]