[
	{
		ingredientPattern: "_H,HP,PS",
		ingredients: {
			"H": { type: "item", code: "game:drygrass", name: "type" },
			"P": { type: "item", code: "wildcrafttree:plank-*", name: "wood", quantity: 2 },
			"S": { type: "block", code: "game:soil-medium-none" }
		},
		width: 2,
		height: 3,
		output: { type: "block", code: "game:slantedroofing-sod-east-free", quantity: 4  }
	},
	{
		ingredientPattern: "_H_,HPH,PSP",
		ingredients: {
			"H": { type: "item", code: "game:drygrass", name: "type" },
			"P": { type: "item", code: "wildcrafttree:plank-*", name: "wood", quantity: 2 },
			"S": { type: "block", code: "game:soil-medium-none" }
		},
		width: 3,
		height: 3,
		output: { type: "block", code: "game:slantedroofingridge-sod-ns-free", quantity: 4  }
	},
	{
		ingredientPattern: "_H_,HHH,PSP",
		ingredients: {
			"H": { type: "item", code: "game:drygrass", name: "type" },
			"P": { type: "item", code: "wildcrafttree:plank-*", name: "wood", quantity: 2 },
			"S": { type: "block", code: "game:soil-medium-none" }
		},
		width: 3,
		height: 3,
		output: { type: "block", code: "game:slantedroofingtip-sod-free", quantity: 4  }
	},
	{
		ingredientPattern: "PH_,PH_,PSH",
		ingredients: {
			"H": { type: "item", code: "game:drygrass", name: "type" },
			"P": { type: "item", code: "wildcrafttree:plank-*", name: "wood", quantity: 2 },
			"S": { type: "block", code: "game:soil-medium-none" }
		},
		width: 3,
		height: 3,
		output: { type: "block", code: "game:slantedroofingcornerinner-sod-east-free", quantity: 4  }
	},
	{
		ingredientPattern: "_H,HH,PS",
		ingredients: {
			"H": { type: "item", code: "game:drygrass", name: "type" },
			"P": { type: "item", code: "wildcrafttree:plank-*", name: "wood", quantity: 2 },
			"S": { type: "block", code: "game:soil-medium-none" }
		},
		width: 2,
		height: 3,
		output: { type: "block", code: "game:slantedroofingcornerouter-sod-east-free", quantity: 4  }
	},
]