[
 {
	ingredientPattern: "P	S",
	ingredients: {
		"P": { type: "item", code: "wildcrafttree:plank-*", quantity: 2 },
		"S": { type: "item", code: "game:stick" }
	},
	width: 1,
	height: 2,
	output: { type: "block", code: "game:sign-ground-north"  }
 },
 {
	ingredientPattern: "P	S",
	ingredients: {
		"P": { type: "item", code: "wildcrafttree:plank-*", quantity: 2 },
		"S": { type: "item", code: "wildcrafttree:driftwood" }
	},
	width: 1,
	height: 2,
	output: { type: "block", code: "game:sign-ground-north"  }
 },
 {
	ingredientPattern: "P	S",
	ingredients: {
		"P": { type: "item", code: "game:plank-*", quantity: 2 },
		"S": { type: "item", code: "wildcrafttree:driftwood" }
	},
	width: 1,
	height: 2,
	output: { type: "block", code: "game:sign-ground-north"  }
 }
]