{
  "code": "armorlegs",
  "class": "ItemWearableSoulboundRM",
  "enabled": true,

  "storageFlags": 385,

  "variantgroups": [
    {
      "code": "color",
      "loadFromProperties": "rustboundmagic:abstract/color"
    },
    {
      "code": "type",
      "states": [
        "arcane-legs-tier1",
        "arcane-legs-tier2",
        "arcane-legs-tier3",
        "arcane-legs-tier4"
      ]
    }
  ],
  //"skipVariants": [ "*-arcane-legs-tier1" ],

  //"storageFlags": 33152,
  "attributesByType": {
    "*-tier1": {
      "handbookByType": {
        "*-plain-*": {
          "groupBy": [ "*-plain-legs-tier1" ],
          "extraSections": [
            {
              "title": "game:Created by",
              "text": "rustboundmagic:handbook-synthesistier1-text"
            },
            {
              "title": "rustboundmagic:handbook-changablewith-title",
              "text": "rustboundmagic:handbook-transmogstone-text"
            }
          ]
        },
        "*": {
          "groupBy": [ "*-legs-tier1" ],
          "extraSections": [
            {
              "title": "rustboundmagic:handbook-changablewith-title",
              "text": "rustboundmagic:handbook-transmogstone-text"
            }
          ]
        }
      },
      "wearableAttachment": true,
      "clothescategory": "armorlegs",
      "defaultProtLoss": {
        "perTierRelativeProtectionLoss": [ 0.03, 0.15 ],
        "perTierFlatDamageReductionLoss": [ 0.1, 0.2 ]
      },
      "protectionModifiersByType": {
        "*": {
          "relativeProtection": 0.6,
          "flatDamageReduction": 0.4,
          "protectionTier": 1
        }
      },
      "statModifiersByType": {
        "*": {
          "walkSpeed": -0.02,
          "healingeffectivness": -0.15,
          "hungerrate": 0.03
        }
      },
      "magicStatModifiersByType": {
        "*": {
          "maxmana": 5,
          "manacost": -0.01
        }
      }
    },
    "*-tier2": {
      "handbookByType": {
        "*-plain-*": {
          "groupBy": [ "*-plain-legs-tier2" ],
          "extraSections": [
            {
              "title": "game:Created by",
              "text": "rustboundmagic:handbook-synthesistier2-text"
            },
            {
              "title": "rustboundmagic:handbook-changablewith-title",
              "text": "rustboundmagic:handbook-transmogstone-text"
            }
          ]
        },
        "*": {
          "groupBy": [ "*-legs-tier2" ],
          "extraSections": [
            {
              "title": "rustboundmagic:handbook-changablewith-title",
              "text": "rustboundmagic:handbook-transmogstone-text"
            }
          ]
        }
      },
      "wearableAttachment": true,
      "clothescategory": "armorlegs",
      "defaultProtLoss": {
        "perTierRelativeProtectionLoss": [ 0.03, 0.15 ],
        "perTierFlatDamageReductionLoss": [ 0.1, 0.2 ]
      },
      "protectionModifiersByType": {
        "*": {
          "relativeProtection": 0.65,
          "flatDamageReduction": 0.6,
          "protectionTier": 2
        }
      },
      "statModifiersByType": {
        "*": {
          "walkSpeed": -0.02,
          "healingeffectivness": -0.15,
          "hungerrate": 0.03
        }
      },
      "magicStatModifiersByType": {
        "*": {
          "maxmana": 15,
          "manacost": -0.04
        }
      }
    },
    "*-tier3": {
      "handbookByType": {
        "*-plain-*": {
          "groupBy": [ "*-plain-legs-tier3" ],
          "extraSections": [
            {
              "title": "game:Created by",
              "text": "rustboundmagic:handbook-synthesistier3-text"
            },
            {
              "title": "rustboundmagic:handbook-changablewith-title",
              "text": "rustboundmagic:handbook-transmogstone-text"
            }
          ]
        },
        "*": {
          "groupBy": [ "*-legs-tier3" ],
          "extraSections": [
            {
              "title": "rustboundmagic:handbook-changablewith-title",
              "text": "rustboundmagic:handbook-transmogstone-text"
            }
          ]
        }
      },
      "wearableAttachment": true,
      "clothescategory": "armorlegs",
      "defaultProtLoss": {
        "perTierRelativeProtectionLoss": [ 0.03, 0.15 ],
        "perTierFlatDamageReductionLoss": [ 0.1, 0.2 ]
      },
      "protectionModifiersByType": {
        "*": {
          "relativeProtection": 0.7,
          "flatDamageReduction": 0.8,
          "protectionTier": 3
        }
      },
      "statModifiersByType": {
        "*": {
          "walkSpeed": -0.02,
          "healingeffectivness": -0.15,
          "hungerrate": 0.03
        }
      },
      "magicStatModifiersByType": {
        "*": {
          "maxmana": 35,
          "manacost": -0.07
        }
      }
    },
    "*-tier4": {
      "handbookByType": {
        "*-plain-*": {
          "groupBy": [ "*-plain-legs-tier4" ],
          "extraSections": [
            {
              "title": "game:Created by",
              "text": "rustboundmagic:handbook-synthesistier4-text"
            },
            {
              "title": "rustboundmagic:handbook-changablewith-title",
              "text": "rustboundmagic:handbook-transmogstone-text"
            }
          ]
        },
        "*": {
          "groupBy": [ "*-legs-tier4" ],
          "extraSections": [
            {
              "title": "rustboundmagic:handbook-changablewith-title",
              "text": "rustboundmagic:handbook-transmogstone-text"
            }
          ]
        }
      },
      "wearableAttachment": true,
      "clothescategory": "armorlegs",
      "defaultProtLoss": {
        "perTierRelativeProtectionLoss": [ 0.03, 0.15 ],
        "perTierFlatDamageReductionLoss": [ 0.1, 0.2 ]
      },
      "protectionModifiersByType": {
        "*": {
          "relativeProtection": 0.75,
          "flatDamageReduction": 1.0,
          "protectionTier": 4
        }
      },
      "statModifiersByType": {
        "*": {
          "walkSpeed": -0.02,
          "healingeffectivness": -0.15,
          "hungerrate": 0.03
        }
      },
      "magicStatModifiersByType": {
        "*": {
          "maxmana": 70,
          "manacost": -0.15
        }
      }
    },
    "*": {
      "handbook": {
        "groupBy": [ "armorlegs-arcane-*" ]
      },
      "wearableAttachment": false,
      "clothescategory": "armorlegs",
      "defaultProtLoss": {
        "perTierRelativeProtectionLoss": [ 0.03, 0.15 ],
        "perTierFlatDamageReductionLoss": [ 0.1, 0.2 ]
      },
      "protectionModifiersByType": {
        "*": {
          "relativeProtection": 0.01,
          "flatDamageReduction": 0.01,
          "protectionTier": 0
        }
      },
      "statModifiersByType": {
        "*": {
          "walkSpeed": -0.02,
          "healingeffectivness": -0.17,
          "hungerrate": 0.03
        }
      },
      "magicStatModifiersByType": {
        "*": {
          "maxmana": 1,
          "manacost": -0.01
        }
      }
    }
  },

  "creativeinventory": {
    "general": [ "*" ],
    "items": [ "*" ],
    "clothing": [ "*" ],
    "rustboundmagicequipment": [ "*" ]
  },

  "shapeByType": {
    "*": {
      "base": "entities/humanoids/armor/arcane-legs"
    }
  },

  "texturesByType": {
    "*-tier1": {
      "seraph": { "base": "game:block/transparent" },
      "default": { "base": "default" },
      "material1": { "base": "entities/humanoids/armor/leatherouter-{color}" },
      "material2": { "base": "entities/humanoids/armor/clothunder" },
      "material3": { "base": "entities/humanoids/armor/clothblack" },
      "material4": { "base": "entities/humanoids/armor/eldrathiummetal" },
      "gemsocket": { "base": "blocks/arcanus/arcanusblock-inert" },
      "gem": { "base": "blocks/arcanus/arcanusblocksolid-lesser" },
      "gold": { "base": "game:block/metal/tarnished/gold" },
      "temporalgear": { "base": "default" },
      "temporal": { "base": "default" },
      "smoky": { "base": "game:block/glass/smoky" },
      "rustyglow": { "base": "game:block/machine/statictranslocator/rustyglow" },
      "iron": { "base": "game:block/metal/tarnished/iron" },
      "rusty-iron": { "base": "game:block/metal/tarnished/rusty-iron" },
      "brass": { "base": "game:block/metal/tarnished/brass" }
    },
    "*-tier2": {
      "seraph": { "base": "game:block/transparent" },
      "default": { "base": "default" },
      "material1": { "base": "entities/humanoids/armor/leatherouter-{color}" },
      "material2": { "base": "entities/humanoids/armor/clothunder" },
      "material3": { "base": "entities/humanoids/armor/clothblack" },
      "material4": { "base": "entities/humanoids/armor/eldrathiummetal" },
      "gemsocket": { "base": "blocks/arcanus/arcanusblock-inert" },
      "gem": { "base": "blocks/arcanus/arcanusblocksolid-greater" },
      "gold": { "base": "game:block/metal/tarnished/gold" },
      "temporalgear": { "base": "default" },
      "temporal": { "base": "default" },
      "smoky": { "base": "game:block/glass/smoky" },
      "rustyglow": { "base": "game:block/machine/statictranslocator/rustyglow" },
      "iron": { "base": "game:block/metal/tarnished/iron" },
      "rusty-iron": { "base": "game:block/metal/tarnished/rusty-iron" },
      "brass": { "base": "game:block/metal/tarnished/brass" }
    },
    "*-tier3": {
      "seraph": { "base": "game:block/transparent" },
      "default": { "base": "default" },
      "material1": { "base": "entities/humanoids/armor/leatherouter-{color}" },
      "material2": { "base": "entities/humanoids/armor/clothunder" },
      "material3": { "base": "entities/humanoids/armor/clothblack" },
      "material4": { "base": "entities/humanoids/armor/eldrathiummetal" },
      "gemsocket": { "base": "blocks/arcanus/arcanusblock-inert" },
      "gem": { "base": "blocks/arcanus/arcanusblocksolid-superior" },
      "gold": { "base": "game:block/metal/tarnished/gold" },
      "temporalgear": { "base": "default" },
      "temporal": { "base": "game:block/metal/tarnished/rusty-iron" },
      "smoky": { "base": "game:block/glass/smoky" },
      "rustyglow": { "base": "game:block/machine/statictranslocator/rustyglow" },
      "iron": { "base": "game:block/metal/tarnished/iron" },
      "rusty-iron": { "base": "game:block/metal/tarnished/rusty-iron" },
      "brass": { "base": "game:block/metal/tarnished/brass" }
    },
    "*-tier4": {
      "seraph": { "base": "game:block/transparent" },
      "default": { "base": "default" },
      "material1": { "base": "entities/humanoids/armor/leatherouter-{color}" },
      "material2": { "base": "entities/humanoids/armor/clothunder" },
      "material3": { "base": "entities/humanoids/armor/clothblack" },
      "material4": { "base": "entities/humanoids/armor/eldrathiummetal" },
      "gemsocket": { "base": "blocks/arcanus/arcanusblock-inert" },
      "gem": { "base": "blocks/arcanus/arcanusblocksolid-celestial" },
      "gold": { "base": "game:block/metal/tarnished/gold" },
      "temporalgear": { "base": "game:item/resource/temporalgear" },
      "temporal": { "base": "game:item/resource/temporalgear" },
      "smoky": { "base": "game:block/glass/smoky" },
      "rustyglow": { "base": "game:block/machine/statictranslocator/rustyglow" },
      "iron": { "base": "game:block/metal/tarnished/iron" },
      "rusty-iron": { "base": "game:block/metal/tarnished/rusty-iron" },
      "brass": { "base": "game:block/metal/tarnished/brass" }
    },
    "*": {
      "seraph": { "base": "game:entities/humanoids/seraphclothes/{category}/{arm}" }
    }
  },

  "heldTpUseAnimation": "interactstatic",

  "renderAlphaTest": 0.25,
  "durabilityByType": {
    "*-arcane-legs-tier1": 600,
    "*-arcane-legs-tier2": 900,
    "*-arcane-legs-tier3": 1200,
    "*-arcane-legs-tier4": 1500
  },

  "fpHandTransformByType": {
    "*": {
      "translation": {
        "x": 0.4,
        "y": -1.2,
        "z": -0.5
      },
      "rotation": {
        "x": 163,
        "y": -111,
        "z": -180
      },
      "origin": {
        "x": 0.5,
        "y": 1.6,
        "z": 0.5
      },
      "scale": 2.15
    }
  },
  "tpHandTransformByType": {
    "*": {
      "translation": {
        "x": -0.7,
        "y": -0.6,
        "z": -0.4
      },
      "rotation": {
        "x": 95,
        "y": -20,
        "z": -91
      },
      "origin": {
        "x": 0.5,
        "y": 0.7,
        "z": 0.5
      },
      "scale": 0.74
    }
  },
  "guiTransformByType": {
    "*": {
      "translation": {
        "x": 1,
        "y": 0,
        "z": 0
      },
      "rotation": {
        "x": -26,
        "y": -46,
        "z": -180
      },
      "origin": {
        "x": 0.5,
        "y": 0.6,
        "z": 0.5
      },
      "scale": 1.25
    }
  },
  "groundTransformByType": {
    "*": {
      "translation": {
        "x": 0,
        "y": 0,
        "z": 0
      },
      "rotation": {
        "x": 0,
        "y": 0,
        "z": 90
      },
      "origin": {
        "x": 0.34,
        "y": 1.12,
        "z": 0.5
      },
      "scale": 3.1
    }
  }
}
