[

    {
        "ingredientPattern": "MS,IT",
        "ingredients": {
			"M": { type: "block", code: "liquidcontainers:watercontainermetal-*-plain", name: "metal", allowedVariants: ["copper","brass","tin","tinbronze","bismuthbronze","blackbronze"] },
			"S": { type: "item", code: "game:solderingiron", isTool: true, toolDurabilityCost: 1 },
			"I": { type: "item", code: "game:solderbar-*", allowedVariants: ["tin", "silver"], quantity: 1 }
            "T": { "type": "item", "code": "game:nugget-nativeplatinum", "quantity": 5 }
        },
        "width": 2,
        "height": 2,
        "output": { "type": "block", "code": "liquidcontainers:watercontainermetal-{metal}-platinum" }
    }
]