{
	"editor": {
		"allAngles": false,
		"entityTextureMode": false
	},
	"textureWidth": 16,
	"textureHeight": 16,
	"textureSizes": {
	},
	"textures": {
		"bearnut_seed": "item/resource/seeds/bearnut"
	},
	"elements": [
		{
			"name": "Cube1",
			"from": [ 2.3, 0.0, 0.0 ], 
			"to": [ 5.3, 3.0, 3.0 ], 
			"rotationOrigin": [ 3.8, 0.0, 0.0 ],
			"rotationY": -67.5,
			"faces": {
				"north": { "texture": "#bearnut_seed", "uv": [ 0.0, 6.0, 6.0, 12.0 ], "autoUv": false },
				"east": { "texture": "#bearnut_seed", "uv": [ 6.0, 0.0, 12.0, 6.0 ], "rotation": 270, "autoUv": false },
				"south": { "texture": "#bearnut_seed", "uv": [ 0.0, 0.0, 6.0, 6.0 ], "autoUv": false },
				"west": { "texture": "#bearnut_seed", "uv": [ 6.0, 0.0, 12.0, 6.0 ], "rotation": 90, "autoUv": false },
				"up": { "texture": "#bearnut_seed", "uv": [ 6.0, 0.0, 12.0, 6.0 ], "rotation": 180, "autoUv": false },
				"down": { "texture": "#bearnut_seed", "uv": [ 6.0, 0.0, 12.0, 6.0 ], "rotation": 180, "autoUv": false }
			},
			"children": [
				{
					"name": "Cube2",
					"from": [ 0.0, 3.0, 2.0 ], 
					"to": [ 3.0, 3.0, 3.0 ], 
					"rotationOrigin": [ 1.5, 3.0, 2.0 ],
					"rotationX": -22.5,
					"faces": {
						"north": { "texture": "#bearnut_seed", "uv": [ 0.0, 0.0, 3.0, 1.0 ], "enabled": false },
						"east": { "texture": "#bearnut_seed", "uv": [ 0.0, 0.0, 1.0, 1.0 ], "enabled": false },
						"south": { "texture": "#bearnut_seed", "uv": [ 0.0, 0.0, 3.0, 1.0 ], "enabled": false },
						"west": { "texture": "#bearnut_seed", "uv": [ 0.0, 0.0, 1.0, 1.0 ], "enabled": false },
						"up": { "texture": "#bearnut_seed", "uv": [ 6.0, 10.0, 12.0, 12.0 ], "rotation": 180, "autoUv": false },
						"down": { "texture": "#bearnut_seed", "uv": [ 0.0, 0.0, 3.0, 1.0 ], "enabled": false }
					}
				},
				{
					"name": "Cube3",
					"from": [ 0.0, 0.0, 2.0 ], 
					"to": [ 3.0, 0.0, 3.0 ], 
					"rotationOrigin": [ 1.5, 0.0, 2.0 ],
					"rotationX": 22.5,
					"faces": {
						"north": { "texture": "#bearnut_seed", "uv": [ 0.0, 0.0, 3.0, 1.0 ], "enabled": false },
						"east": { "texture": "#bearnut_seed", "uv": [ 0.0, 0.0, 1.0, 1.0 ], "enabled": false },
						"south": { "texture": "#bearnut_seed", "uv": [ 0.0, 0.0, 3.0, 1.0 ], "enabled": false },
						"west": { "texture": "#bearnut_seed", "uv": [ 0.0, 0.0, 1.0, 1.0 ], "enabled": false },
						"up": { "texture": "#bearnut_seed", "uv": [ 6.0, 10.0, 12.0, 12.0 ], "rotation": 180, "autoUv": false },
						"down": { "texture": "#bearnut_seed", "uv": [ 0.0, 0.0, 3.0, 1.0 ], "enabled": false }
					}
				},
				{
					"name": "Cube4",
					"from": [ -1.5, 1.5, 2.0 ], 
					"to": [ 1.5, 1.5, 3.0 ], 
					"rotationOrigin": [ 0.0, 1.5, 2.0 ],
					"rotationY": -22.5,
					"rotationZ": -90.0,
					"faces": {
						"north": { "texture": "#bearnut_seed", "uv": [ 0.0, 0.0, 3.0, 1.0 ], "enabled": false },
						"east": { "texture": "#bearnut_seed", "uv": [ 0.0, 0.0, 1.0, 1.0 ], "enabled": false },
						"south": { "texture": "#bearnut_seed", "uv": [ 0.0, 0.0, 3.0, 1.0 ], "enabled": false },
						"west": { "texture": "#bearnut_seed", "uv": [ 0.0, 0.0, 1.0, 1.0 ], "enabled": false },
						"up": { "texture": "#bearnut_seed", "uv": [ 6.0, 10.0, 12.0, 12.0 ], "rotation": 180, "autoUv": false },
						"down": { "texture": "#bearnut_seed", "uv": [ 0.0, 0.0, 3.0, 1.0 ], "enabled": false }
					}
				},
				{
					"name": "Cube5",
					"from": [ 1.5, 1.5, 2.0 ], 
					"to": [ 4.5, 1.5, 3.0 ], 
					"rotationOrigin": [ 3.0, 1.5, 2.0 ],
					"rotationY": 22.5,
					"rotationZ": -90.0,
					"faces": {
						"north": { "texture": "#bearnut_seed", "uv": [ 0.0, 0.0, 3.0, 1.0 ], "enabled": false },
						"east": { "texture": "#bearnut_seed", "uv": [ 0.0, 0.0, 1.0, 1.0 ], "enabled": false },
						"south": { "texture": "#bearnut_seed", "uv": [ 0.0, 0.0, 3.0, 1.0 ], "enabled": false },
						"west": { "texture": "#bearnut_seed", "uv": [ 0.0, 0.0, 1.0, 1.0 ], "enabled": false },
						"up": { "texture": "#bearnut_seed", "uv": [ 6.0, 10.0, 12.0, 12.0 ], "rotation": 180, "autoUv": false },
						"down": { "texture": "#bearnut_seed", "uv": [ 0.0, 0.0, 3.0, 1.0 ], "enabled": false }
					}
				}
			]
		},
		{
			"name": "Cube6",
			"from": [ 2.7, 0.0, 0.0 ], 
			"to": [ 5.7, 3.0, 3.0 ], 
			"rotationOrigin": [ 4.2, 0.0, 0.0 ],
			"rotationX": 45.0,
			"rotationY": 67.5,
			"rotationZ": -45.0,
			"faces": {
				"north": { "texture": "#bearnut_seed", "uv": [ 0.0, 6.0, 6.0, 12.0 ], "autoUv": false },
				"east": { "texture": "#bearnut_seed", "uv": [ 6.0, 0.0, 12.0, 6.0 ], "rotation": 270, "autoUv": false },
				"south": { "texture": "#bearnut_seed", "uv": [ 0.0, 0.0, 6.0, 6.0 ], "autoUv": false },
				"west": { "texture": "#bearnut_seed", "uv": [ 6.0, 0.0, 12.0, 6.0 ], "rotation": 90, "autoUv": false },
				"up": { "texture": "#bearnut_seed", "uv": [ 6.0, 0.0, 12.0, 6.0 ], "rotation": 180, "autoUv": false },
				"down": { "texture": "#bearnut_seed", "uv": [ 6.0, 0.0, 12.0, 6.0 ], "rotation": 180, "autoUv": false }
			},
			"children": [
				{
					"name": "Cube7",
					"from": [ 0.0, 3.0, 2.0 ], 
					"to": [ 3.0, 3.0, 3.0 ], 
					"rotationOrigin": [ 1.5, 3.0, 2.0 ],
					"rotationX": -22.5,
					"faces": {
						"north": { "texture": "#bearnut_seed", "uv": [ 0.0, 0.0, 3.0, 1.0 ], "enabled": false },
						"east": { "texture": "#bearnut_seed", "uv": [ 0.0, 0.0, 1.0, 1.0 ], "enabled": false },
						"south": { "texture": "#bearnut_seed", "uv": [ 0.0, 0.0, 3.0, 1.0 ], "enabled": false },
						"west": { "texture": "#bearnut_seed", "uv": [ 0.0, 0.0, 1.0, 1.0 ], "enabled": false },
						"up": { "texture": "#bearnut_seed", "uv": [ 6.0, 10.0, 12.0, 12.0 ], "rotation": 180, "autoUv": false },
						"down": { "texture": "#bearnut_seed", "uv": [ 0.0, 0.0, 3.0, 1.0 ], "enabled": false }
					}
				},
				{
					"name": "Cube8",
					"from": [ 0.0, 0.0, 2.0 ], 
					"to": [ 3.0, 0.0, 3.0 ], 
					"rotationOrigin": [ 1.5, 0.0, 2.0 ],
					"rotationX": 22.5,
					"faces": {
						"north": { "texture": "#bearnut_seed", "uv": [ 0.0, 0.0, 3.0, 1.0 ], "enabled": false },
						"east": { "texture": "#bearnut_seed", "uv": [ 0.0, 0.0, 1.0, 1.0 ], "enabled": false },
						"south": { "texture": "#bearnut_seed", "uv": [ 0.0, 0.0, 3.0, 1.0 ], "enabled": false },
						"west": { "texture": "#bearnut_seed", "uv": [ 0.0, 0.0, 1.0, 1.0 ], "enabled": false },
						"up": { "texture": "#bearnut_seed", "uv": [ 6.0, 10.0, 12.0, 12.0 ], "rotation": 180, "autoUv": false },
						"down": { "texture": "#bearnut_seed", "uv": [ 0.0, 0.0, 3.0, 1.0 ], "enabled": false }
					}
				},
				{
					"name": "Cube9",
					"from": [ -1.5, 1.5, 2.0 ], 
					"to": [ 1.5, 1.5, 3.0 ], 
					"rotationOrigin": [ 0.0, 1.5, 2.0 ],
					"rotationY": -22.5,
					"rotationZ": -90.0,
					"faces": {
						"north": { "texture": "#bearnut_seed", "uv": [ 0.0, 0.0, 3.0, 1.0 ], "enabled": false },
						"east": { "texture": "#bearnut_seed", "uv": [ 0.0, 0.0, 1.0, 1.0 ], "enabled": false },
						"south": { "texture": "#bearnut_seed", "uv": [ 0.0, 0.0, 3.0, 1.0 ], "enabled": false },
						"west": { "texture": "#bearnut_seed", "uv": [ 0.0, 0.0, 1.0, 1.0 ], "enabled": false },
						"up": { "texture": "#bearnut_seed", "uv": [ 6.0, 10.0, 12.0, 12.0 ], "rotation": 180, "autoUv": false },
						"down": { "texture": "#bearnut_seed", "uv": [ 0.0, 0.0, 3.0, 1.0 ], "enabled": false }
					}
				},
				{
					"name": "Cube10",
					"from": [ 1.5, 1.5, 2.0 ], 
					"to": [ 4.5, 1.5, 3.0 ], 
					"rotationOrigin": [ 3.0, 1.5, 2.0 ],
					"rotationY": 22.5,
					"rotationZ": -90.0,
					"faces": {
						"north": { "texture": "#bearnut_seed", "uv": [ 0.0, 0.0, 3.0, 1.0 ], "enabled": false },
						"east": { "texture": "#bearnut_seed", "uv": [ 0.0, 0.0, 1.0, 1.0 ], "enabled": false },
						"south": { "texture": "#bearnut_seed", "uv": [ 0.0, 0.0, 3.0, 1.0 ], "enabled": false },
						"west": { "texture": "#bearnut_seed", "uv": [ 0.0, 0.0, 1.0, 1.0 ], "enabled": false },
						"up": { "texture": "#bearnut_seed", "uv": [ 6.0, 10.0, 12.0, 12.0 ], "rotation": 180, "autoUv": false },
						"down": { "texture": "#bearnut_seed", "uv": [ 0.0, 0.0, 3.0, 1.0 ], "enabled": false }
					}
				}
			]
		},
		{
			"name": "Cube11",
			"from": [ 3.0, 1.8, 2.0 ], 
			"to": [ 6.0, 4.8, 5.0 ], 
			"rotationOrigin": [ 4.5, 1.8, 2.0 ],
			"rotationX": -67.5,
			"faces": {
				"north": { "texture": "#bearnut_seed", "uv": [ 0.0, 6.0, 6.0, 12.0 ], "autoUv": false },
				"east": { "texture": "#bearnut_seed", "uv": [ 6.0, 0.0, 12.0, 6.0 ], "rotation": 270, "autoUv": false },
				"south": { "texture": "#bearnut_seed", "uv": [ 0.0, 0.0, 6.0, 6.0 ], "autoUv": false },
				"west": { "texture": "#bearnut_seed", "uv": [ 6.0, 0.0, 12.0, 6.0 ], "rotation": 90, "autoUv": false },
				"up": { "texture": "#bearnut_seed", "uv": [ 6.0, 0.0, 12.0, 6.0 ], "rotation": 180, "autoUv": false },
				"down": { "texture": "#bearnut_seed", "uv": [ 6.0, 0.0, 12.0, 6.0 ], "rotation": 180, "autoUv": false }
			},
			"children": [
				{
					"name": "Cube12",
					"from": [ 0.0, 3.0, 2.0 ], 
					"to": [ 3.0, 3.0, 3.0 ], 
					"rotationOrigin": [ 1.5, 3.0, 2.0 ],
					"rotationX": -22.5,
					"faces": {
						"north": { "texture": "#bearnut_seed", "uv": [ 0.0, 0.0, 3.0, 1.0 ], "enabled": false },
						"east": { "texture": "#bearnut_seed", "uv": [ 0.0, 0.0, 1.0, 1.0 ], "enabled": false },
						"south": { "texture": "#bearnut_seed", "uv": [ 0.0, 0.0, 3.0, 1.0 ], "enabled": false },
						"west": { "texture": "#bearnut_seed", "uv": [ 0.0, 0.0, 1.0, 1.0 ], "enabled": false },
						"up": { "texture": "#bearnut_seed", "uv": [ 6.0, 10.0, 12.0, 12.0 ], "rotation": 180, "autoUv": false },
						"down": { "texture": "#bearnut_seed", "uv": [ 0.0, 0.0, 3.0, 1.0 ], "enabled": false }
					}
				},
				{
					"name": "Cube13",
					"from": [ 0.0, 0.0, 2.0 ], 
					"to": [ 3.0, 0.0, 3.0 ], 
					"rotationOrigin": [ 1.5, 0.0, 2.0 ],
					"rotationX": 22.5,
					"faces": {
						"north": { "texture": "#bearnut_seed", "uv": [ 0.0, 0.0, 3.0, 1.0 ], "enabled": false },
						"east": { "texture": "#bearnut_seed", "uv": [ 0.0, 0.0, 1.0, 1.0 ], "enabled": false },
						"south": { "texture": "#bearnut_seed", "uv": [ 0.0, 0.0, 3.0, 1.0 ], "enabled": false },
						"west": { "texture": "#bearnut_seed", "uv": [ 0.0, 0.0, 1.0, 1.0 ], "enabled": false },
						"up": { "texture": "#bearnut_seed", "uv": [ 6.0, 10.0, 12.0, 12.0 ], "rotation": 180, "autoUv": false },
						"down": { "texture": "#bearnut_seed", "uv": [ 0.0, 0.0, 3.0, 1.0 ], "enabled": false }
					}
				},
				{
					"name": "Cube14",
					"from": [ -1.5, 1.5, 2.0 ], 
					"to": [ 1.5, 1.5, 3.0 ], 
					"rotationOrigin": [ 0.0, 1.5, 2.0 ],
					"rotationY": -22.5,
					"rotationZ": -90.0,
					"faces": {
						"north": { "texture": "#bearnut_seed", "uv": [ 0.0, 0.0, 3.0, 1.0 ], "enabled": false },
						"east": { "texture": "#bearnut_seed", "uv": [ 0.0, 0.0, 1.0, 1.0 ], "enabled": false },
						"south": { "texture": "#bearnut_seed", "uv": [ 0.0, 0.0, 3.0, 1.0 ], "enabled": false },
						"west": { "texture": "#bearnut_seed", "uv": [ 0.0, 0.0, 1.0, 1.0 ], "enabled": false },
						"up": { "texture": "#bearnut_seed", "uv": [ 6.0, 10.0, 12.0, 12.0 ], "rotation": 180, "autoUv": false },
						"down": { "texture": "#bearnut_seed", "uv": [ 0.0, 0.0, 3.0, 1.0 ], "enabled": false }
					}
				},
				{
					"name": "Cube15",
					"from": [ 1.5, 1.5, 2.0 ], 
					"to": [ 4.5, 1.5, 3.0 ], 
					"rotationOrigin": [ 3.0, 1.5, 2.0 ],
					"rotationY": 22.5,
					"rotationZ": -90.0,
					"faces": {
						"north": { "texture": "#bearnut_seed", "uv": [ 0.0, 0.0, 3.0, 1.0 ], "enabled": false },
						"east": { "texture": "#bearnut_seed", "uv": [ 0.0, 0.0, 1.0, 1.0 ], "enabled": false },
						"south": { "texture": "#bearnut_seed", "uv": [ 0.0, 0.0, 3.0, 1.0 ], "enabled": false },
						"west": { "texture": "#bearnut_seed", "uv": [ 0.0, 0.0, 1.0, 1.0 ], "enabled": false },
						"up": { "texture": "#bearnut_seed", "uv": [ 6.0, 10.0, 12.0, 12.0 ], "rotation": 180, "autoUv": false },
						"down": { "texture": "#bearnut_seed", "uv": [ 0.0, 0.0, 3.0, 1.0 ], "enabled": false }
					}
				}
			]
		}
	]}