{
	"editor": {
		"allAngles": false,
		"entityTextureMode": false
	},
	"textureWidth": 16,
	"textureHeight": 16,
	"textureSizes": {
	},
	"textures": {
		"mahogany": "item/resource/seeds/mahogany"
	},
	"elements": [
		{
			"name": "seedhead",
			"from": [ 6.75, 2.0, 6.75 ], 
			"to": [ 9.25, 4.5, 9.25 ], 
			"rotationOrigin": [ 8.0, 2.0, 8.0 ],
			"faces": {
				"north": { "texture": "#mahogany", "uv": [ 0.0, 0.0, 5.0, 6.0 ], "autoUv": false },
				"east": { "texture": "#mahogany", "uv": [ 0.0, 0.0, 5.0, 6.0 ], "autoUv": false },
				"south": { "texture": "#mahogany", "uv": [ 0.0, 0.0, 5.0, 5.0 ], "autoUv": false },
				"west": { "texture": "#mahogany", "uv": [ 0.0, 0.0, 5.0, 6.0 ], "autoUv": false },
				"up": { "texture": "#mahogany", "uv": [ 0.0, 6.0, 5.0, 11.0 ], "autoUv": false },
				"down": { "texture": "#mahogany", "uv": [ 0.0, 11.0, 5.0, 16.0 ], "autoUv": false }
			},
			"children": [
				{
					"name": "seedbottom",
					"from": [ 0.5, -1.5, 0.5 ], 
					"to": [ 2.0, 0.0, 2.0 ], 
					"rotationOrigin": [ 0.5, -1.5, 0.5 ],
					"faces": {
						"north": { "texture": "#mahogany", "uv": [ 6.0, 13.0, 9.0, 16.0 ], "autoUv": false },
						"east": { "texture": "#mahogany", "uv": [ 6.0, 13.0, 9.0, 16.0 ], "autoUv": false },
						"south": { "texture": "#mahogany", "uv": [ 6.0, 13.0, 9.0, 16.0 ], "autoUv": false },
						"west": { "texture": "#mahogany", "uv": [ 6.0, 13.0, 9.0, 16.0 ], "autoUv": false },
						"up": { "texture": "#mahogany", "uv": [ 9.0, 13.0, 12.0, 16.0 ], "enabled": false, "autoUv": false },
						"down": { "texture": "#mahogany", "uv": [ 9.0, 13.0, 12.0, 16.0 ], "autoUv": false }
					},
					"children": [
						{
							"name": "bottomstem",
							"from": [ 0.5, -1.5, 0.5 ], 
							"to": [ 1.0, -0.5, 1.0 ], 
							"rotationOrigin": [ 0.5, -1.5, 0.5 ],
							"faces": {
								"north": { "texture": "#mahogany", "uv": [ 13.0, 0.0, 14.0, 2.0 ], "autoUv": false },
								"east": { "texture": "#mahogany", "uv": [ 13.0, 0.0, 14.0, 2.0 ], "autoUv": false },
								"south": { "texture": "#mahogany", "uv": [ 13.0, 0.0, 14.0, 2.0 ], "autoUv": false },
								"west": { "texture": "#mahogany", "uv": [ 12.0, 0.0, 13.0, 2.0 ], "autoUv": false },
								"up": { "texture": "#mahogany", "uv": [ 13.0, 0.0, 14.0, 1.0 ] },
								"down": { "texture": "#mahogany", "uv": [ 13.0, 0.0, 14.0, 2.0 ], "autoUv": false }
							}
						},
						{
							"name": "stem",
							"from": [ 0.5, -0.5, 0.5 ], 
							"to": [ 1.0, 0.0, 1.0 ], 
							"rotationOrigin": [ 0.5, -0.5, 0.5 ],
							"faces": {
								"north": { "texture": "#mahogany", "uv": [ 2.0, 8.0, 3.0, 9.0 ], "autoUv": false },
								"east": { "texture": "#mahogany", "uv": [ 2.0, 8.0, 3.0, 9.0 ], "autoUv": false },
								"south": { "texture": "#mahogany", "uv": [ 2.0, 8.0, 3.0, 9.0 ], "autoUv": false },
								"west": { "texture": "#mahogany", "uv": [ 2.0, 8.0, 3.0, 9.0 ], "autoUv": false },
								"up": { "texture": "#mahogany", "uv": [ 13.0, 0.0, 14.0, 1.0 ], "enabled": false },
								"down": { "texture": "#mahogany", "uv": [ 13.0, 0.0, 14.0, 2.0 ], "enabled": false, "autoUv": false }
							}
						},
						{
							"name": "topstem",
							"from": [ 0.5, 4.0, 0.5 ], 
							"to": [ 1.0, 4.5, 1.0 ], 
							"rotationOrigin": [ 0.5, 4.0, 0.5 ],
							"faces": {
								"north": { "texture": "#mahogany", "uv": [ 2.0, 8.0, 3.0, 9.0 ], "autoUv": false },
								"east": { "texture": "#mahogany", "uv": [ 2.0, 8.0, 3.0, 9.0 ], "autoUv": false },
								"south": { "texture": "#mahogany", "uv": [ 2.0, 8.0, 3.0, 9.0 ], "autoUv": false },
								"west": { "texture": "#mahogany", "uv": [ 2.0, 8.0, 3.0, 9.0 ], "autoUv": false },
								"up": { "texture": "#mahogany", "uv": [ 2.0, 8.0, 3.0, 9.0 ], "windMode": [-1,-1,-1,-1] },
								"down": { "texture": "#mahogany", "uv": [ 13.0, 0.0, 14.0, 2.0 ], "enabled": false, "autoUv": false }
							},
							"children": [
								{
									"name": "Cube11",
									"from": [ -0.5, 0.5, -0.5 ], 
									"to": [ 1.0, 1.0, 1.0 ], 
									"rotationOrigin": [ 0.25, 0.5, 0.25 ],
									"faces": {
										"north": { "texture": "#mahogany", "uv": [ 1.0, 7.0, 4.0, 8.0 ], "autoUv": false },
										"east": { "texture": "#mahogany", "uv": [ 1.0, 7.0, 2.0, 8.0 ], "autoUv": false },
										"south": { "texture": "#mahogany", "uv": [ 1.0, 8.0, 4.0, 9.0 ], "autoUv": false },
										"west": { "texture": "#mahogany", "uv": [ 0.0, 9.0, 1.0, 10.0 ] },
										"up": { "texture": "#mahogany", "uv": [ 2.0, 7.0, 3.0, 10.0 ], "autoUv": false },
										"down": { "texture": "#mahogany", "uv": [ 0.0, 0.0, 1.0, 1.0 ] }
									},
									"children": [
										{
											"name": "Cube1",
											"from": [ 1.25, 0.07, 0.002 ], 
											"to": [ 2.65, 0.57, 1.502 ], 
											"rotationOrigin": [ 1.2625, 0.131, 0.75 ],
											"rotationZ": -35.0,
											"faces": {
												"north": { "texture": "#mahogany", "uv": [ 8.0, 4.0, 11.0, 5.0 ], "autoUv": false },
												"east": { "texture": "#mahogany", "uv": [ 7.0, 0.0, 10.0, 1.0 ], "enabled": false, "autoUv": false, "windMode": [-1,-1,-1,-1] },
												"south": { "texture": "#mahogany", "uv": [ 8.0, 2.0, 11.0, 3.0 ], "autoUv": false },
												"west": { "texture": "#mahogany", "uv": [ 7.0, 2.0, 10.0, 3.0 ], "autoUv": false },
												"up": { "texture": "#mahogany", "uv": [ 7.0, 2.0, 10.0, 5.0 ], "rotation": 90, "autoUv": false },
												"down": { "texture": "#mahogany", "uv": [ 7.0, 1.0, 10.0, 4.0 ], "autoUv": false }
											},
											"children": [
												{
													"name": "Cube7",
													"from": [ 1.0, 0.1, -0.5 ], 
													"to": [ 4.5, 0.6, 2.0 ], 
													"rotationOrigin": [ 1.1, 0.1, 0.75 ],
													"rotationZ": -30.0,
													"faces": {
														"north": { "texture": "#mahogany", "uv": [ 10.0, 1.0, 11.0, 8.0 ], "rotation": 90, "autoUv": false },
														"east": { "texture": "#mahogany", "uv": [ 7.0, 0.0, 10.0, 1.0 ], "autoUv": false, "windMode": [-1,-1,-1,-1] },
														"south": { "texture": "#mahogany", "uv": [ 6.0, 1.0, 7.0, 8.0 ], "rotation": 90, "autoUv": false },
														"west": { "texture": "#mahogany", "uv": [ 6.0, 2.0, 11.0, 3.0 ], "autoUv": false },
														"up": { "texture": "#mahogany", "uv": [ 6.0, 1.0, 11.0, 8.0 ], "rotation": 90, "autoUv": false },
														"down": { "texture": "#mahogany", "uv": [ 6.0, 1.0, 11.0, 8.0 ], "rotation": 90, "autoUv": false }
													},
													"children": [
														{
															"name": "Cube9",
															"from": [ 3.5, 0.0, 0.5 ], 
															"to": [ 4.5, 0.5, 2.0 ], 
															"rotationOrigin": [ 3.5, 0.04, 1.75 ],
															"faces": {
																"north": { "texture": "#mahogany", "uv": [ 6.0, 6.0, 7.0, 8.0 ], "rotation": 90, "autoUv": false },
																"east": { "texture": "#mahogany", "uv": [ 7.0, 3.0, 10.0, 4.0 ], "autoUv": false, "windMode": [-1,-1,-1,-1] },
																"south": { "texture": "#mahogany", "uv": [ 10.0, 6.0, 11.0, 8.0 ], "rotation": 90, "autoUv": false },
																"west": { "texture": "#mahogany", "uv": [ 7.0, 1.0, 10.0, 2.0 ], "enabled": false, "autoUv": false },
																"up": { "texture": "#mahogany", "uv": [ 7.0, 8.0, 10.0, 10.0 ], "rotation": 90, "autoUv": false },
																"down": { "texture": "#mahogany", "uv": [ 7.0, 8.0, 10.0, 10.0 ], "rotation": 90, "autoUv": false }
															},
															"children": [
																{
																	"name": "Cube10",
																	"from": [ 1.0, 0.0, 0.5 ], 
																	"to": [ 1.5, 0.5, 1.0 ], 
																	"rotationOrigin": [ 1.0, 0.0, 1.5 ],
																	"faces": {
																		"north": { "texture": "#mahogany", "uv": [ 6.0, 2.0, 7.0, 3.0 ], "rotation": 90, "autoUv": false },
																		"east": { "texture": "#mahogany", "uv": [ 6.0, 2.0, 7.0, 3.0 ], "autoUv": false, "windMode": [-1,-1,-1,-1] },
																		"south": { "texture": "#mahogany", "uv": [ 10.0, 5.0, 11.0, 6.0 ], "rotation": 90, "autoUv": false },
																		"west": { "texture": "#mahogany", "uv": [ 7.0, 1.0, 10.0, 2.0 ], "enabled": false, "autoUv": false },
																		"up": { "texture": "#mahogany", "uv": [ 8.0, 10.0, 9.0, 11.0 ], "rotation": 90, "autoUv": false },
																		"down": { "texture": "#mahogany", "uv": [ 10.0, 2.0, 11.0, 3.0 ], "rotation": 90, "autoUv": false }
																	}
																}
															]
														}
													]
												}
											]
										},
										{
											"name": "Cube12",
											"from": [ 0.75, 0.1, 0.5 ], 
											"to": [ 2.15, 0.6, 2.0 ], 
											"rotationOrigin": [ 0.7625, 0.2, 1.25 ],
											"rotationY": -90.0,
											"rotationZ": -35.0,
											"faces": {
												"north": { "texture": "#mahogany", "uv": [ 8.0, 4.0, 11.0, 5.0 ], "autoUv": false },
												"east": { "texture": "#mahogany", "uv": [ 7.0, 0.0, 10.0, 1.0 ], "enabled": false, "autoUv": false },
												"south": { "texture": "#mahogany", "uv": [ 8.0, 2.0, 11.0, 3.0 ], "autoUv": false },
												"west": { "texture": "#mahogany", "uv": [ 7.0, 2.0, 10.0, 3.0 ], "autoUv": false },
												"up": { "texture": "#mahogany", "uv": [ 7.0, 2.0, 10.0, 5.0 ], "rotation": 90, "autoUv": false },
												"down": { "texture": "#mahogany", "uv": [ 7.0, 1.0, 10.0, 4.0 ], "autoUv": false }
											},
											"children": [
												{
													"name": "Cube12",
													"from": [ 1.0, 0.1, -0.5 ], 
													"to": [ 4.5, 0.6, 2.0 ], 
													"rotationOrigin": [ 1.1, 0.1, 0.75 ],
													"rotationZ": -30.0,
													"faces": {
														"north": { "texture": "#mahogany", "uv": [ 10.0, 1.0, 11.0, 8.0 ], "rotation": 90, "autoUv": false },
														"east": { "texture": "#mahogany", "uv": [ 7.0, 2.0, 10.0, 3.0 ], "autoUv": false },
														"south": { "texture": "#mahogany", "uv": [ 6.0, 1.0, 7.0, 8.0 ], "rotation": 90, "autoUv": false },
														"west": { "texture": "#mahogany", "uv": [ 6.0, 2.0, 11.0, 3.0 ], "autoUv": false },
														"up": { "texture": "#mahogany", "uv": [ 6.0, 1.0, 11.0, 8.0 ], "rotation": 90, "autoUv": false },
														"down": { "texture": "#mahogany", "uv": [ 6.0, 1.0, 11.0, 8.0 ], "rotation": 90, "autoUv": false }
													},
													"children": [
														{
															"name": "Cube13",
															"from": [ 3.5, 0.0, 0.5 ], 
															"to": [ 4.5, 0.5, 2.0 ], 
															"rotationOrigin": [ 3.5, 0.04, 1.75 ],
															"faces": {
																"north": { "texture": "#mahogany", "uv": [ 6.0, 6.0, 7.0, 8.0 ], "rotation": 90, "autoUv": false },
																"east": { "texture": "#mahogany", "uv": [ 7.0, 3.0, 10.0, 4.0 ], "autoUv": false },
																"south": { "texture": "#mahogany", "uv": [ 10.0, 6.0, 11.0, 8.0 ], "rotation": 90, "autoUv": false },
																"west": { "texture": "#mahogany", "uv": [ 7.0, 1.0, 10.0, 2.0 ], "enabled": false, "autoUv": false },
																"up": { "texture": "#mahogany", "uv": [ 7.0, 8.0, 10.0, 10.0 ], "rotation": 90, "autoUv": false },
																"down": { "texture": "#mahogany", "uv": [ 7.0, 8.0, 10.0, 10.0 ], "rotation": 90, "autoUv": false }
															},
															"children": [
																{
																	"name": "Cube14",
																	"from": [ 1.0, 0.0, 0.5 ], 
																	"to": [ 1.5, 0.5, 1.0 ], 
																	"rotationOrigin": [ 1.0, 0.0, 1.5 ],
																	"faces": {
																		"north": { "texture": "#mahogany", "uv": [ 7.0, 0.0, 8.0, 1.0 ], "rotation": 90, "autoUv": false },
																		"east": { "texture": "#mahogany", "uv": [ 10.0, 1.0, 11.0, 2.0 ], "autoUv": false },
																		"south": { "texture": "#mahogany", "uv": [ 10.0, 1.0, 11.0, 2.0 ], "rotation": 90, "autoUv": false },
																		"west": { "texture": "#mahogany", "uv": [ 7.0, 1.0, 10.0, 2.0 ], "enabled": false, "autoUv": false },
																		"up": { "texture": "#mahogany", "uv": [ 8.0, 10.0, 9.0, 11.0 ], "rotation": 90, "autoUv": false },
																		"down": { "texture": "#mahogany", "uv": [ 6.0, 2.0, 7.0, 3.0 ], "rotation": 90, "autoUv": false }
																	}
																}
															]
														}
													]
												}
											]
										},
										{
											"name": "Cube16",
											"from": [ 0.225, 0.07, 0.002 ], 
											"to": [ 1.625, 0.57, 1.502 ], 
											"rotationOrigin": [ 0.2375, 0.131, 0.75 ],
											"rotationX": 180.0,
											"rotationZ": 145.0,
											"faces": {
												"north": { "texture": "#mahogany", "uv": [ 8.0, 4.0, 11.0, 5.0 ], "autoUv": false },
												"east": { "texture": "#mahogany", "uv": [ 7.0, 0.0, 10.0, 1.0 ], "enabled": false, "autoUv": false },
												"south": { "texture": "#mahogany", "uv": [ 8.0, 2.0, 11.0, 3.0 ], "autoUv": false },
												"west": { "texture": "#mahogany", "uv": [ 7.0, 2.0, 10.0, 3.0 ], "autoUv": false },
												"up": { "texture": "#mahogany", "uv": [ 7.0, 2.0, 10.0, 5.0 ], "rotation": 90, "autoUv": false },
												"down": { "texture": "#mahogany", "uv": [ 7.0, 1.0, 10.0, 4.0 ], "autoUv": false }
											},
											"children": [
												{
													"name": "Cube17",
													"from": [ 1.0, 0.1, -0.5 ], 
													"to": [ 4.5, 0.6, 2.0 ], 
													"rotationOrigin": [ 1.1, 0.1, 0.75 ],
													"rotationZ": -30.0,
													"faces": {
														"north": { "texture": "#mahogany", "uv": [ 10.0, 1.0, 11.0, 8.0 ], "rotation": 90, "autoUv": false },
														"east": { "texture": "#mahogany", "uv": [ 7.0, 0.0, 10.0, 1.0 ], "autoUv": false },
														"south": { "texture": "#mahogany", "uv": [ 6.0, 1.0, 7.0, 8.0 ], "rotation": 90, "autoUv": false },
														"west": { "texture": "#mahogany", "uv": [ 6.0, 3.0, 11.0, 4.0 ], "autoUv": false },
														"up": { "texture": "#mahogany", "uv": [ 6.0, 1.0, 11.0, 8.0 ], "rotation": 90, "autoUv": false },
														"down": { "texture": "#mahogany", "uv": [ 6.0, 1.0, 11.0, 8.0 ], "rotation": 90, "autoUv": false }
													},
													"children": [
														{
															"name": "Cube18",
															"from": [ 3.5, 0.0, 0.5 ], 
															"to": [ 4.5, 0.5, 2.0 ], 
															"rotationOrigin": [ 3.5, 0.04, 1.75 ],
															"faces": {
																"north": { "texture": "#mahogany", "uv": [ 6.0, 6.0, 7.0, 8.0 ], "rotation": 90, "autoUv": false },
																"east": { "texture": "#mahogany", "uv": [ 7.0, 3.0, 10.0, 4.0 ], "autoUv": false },
																"south": { "texture": "#mahogany", "uv": [ 10.0, 6.0, 11.0, 8.0 ], "rotation": 90, "autoUv": false },
																"west": { "texture": "#mahogany", "uv": [ 7.0, 1.0, 10.0, 2.0 ], "enabled": false, "autoUv": false },
																"up": { "texture": "#mahogany", "uv": [ 7.0, 8.0, 10.0, 10.0 ], "rotation": 90, "autoUv": false },
																"down": { "texture": "#mahogany", "uv": [ 7.0, 8.0, 10.0, 10.0 ], "rotation": 90, "autoUv": false }
															},
															"children": [
																{
																	"name": "Cube19",
																	"from": [ 1.0, 0.0, 0.5 ], 
																	"to": [ 1.5, 0.5, 1.0 ], 
																	"rotationOrigin": [ 1.0, 0.0, 1.5 ],
																	"faces": {
																		"north": { "texture": "#mahogany", "uv": [ 6.0, 2.0, 7.0, 3.0 ], "rotation": 90, "autoUv": false },
																		"east": { "texture": "#mahogany", "uv": [ 7.0, 6.0, 8.0, 7.0 ], "autoUv": false },
																		"south": { "texture": "#mahogany", "uv": [ 10.0, 5.0, 11.0, 6.0 ], "rotation": 90, "autoUv": false },
																		"west": { "texture": "#mahogany", "uv": [ 7.0, 1.0, 10.0, 2.0 ], "enabled": false, "autoUv": false },
																		"up": { "texture": "#mahogany", "uv": [ 8.0, 10.0, 9.0, 11.0 ], "rotation": 90, "autoUv": false },
																		"down": { "texture": "#mahogany", "uv": [ 10.0, 7.0, 11.0, 8.0 ], "rotation": 90, "autoUv": false }
																	}
																}
															]
														}
													]
												}
											]
										},
										{
											"name": "Cube20",
											"from": [ 0.75, 0.1, -0.5 ], 
											"to": [ 2.15, 0.6, 1.0 ], 
											"rotationOrigin": [ 0.7625, 0.2, 0.25 ],
											"rotationY": 90.0,
											"rotationZ": -35.0,
											"faces": {
												"north": { "texture": "#mahogany", "uv": [ 8.0, 4.0, 11.0, 5.0 ], "autoUv": false },
												"east": { "texture": "#mahogany", "uv": [ 7.0, 0.0, 10.0, 1.0 ], "enabled": false, "autoUv": false },
												"south": { "texture": "#mahogany", "uv": [ 8.0, 2.0, 11.0, 3.0 ], "autoUv": false },
												"west": { "texture": "#mahogany", "uv": [ 7.0, 2.0, 10.0, 3.0 ], "autoUv": false },
												"up": { "texture": "#mahogany", "uv": [ 7.0, 2.0, 10.0, 5.0 ], "rotation": 90, "autoUv": false },
												"down": { "texture": "#mahogany", "uv": [ 7.0, 1.0, 10.0, 4.0 ], "autoUv": false }
											},
											"children": [
												{
													"name": "Cube20",
													"from": [ 1.0, 0.1, -0.5 ], 
													"to": [ 4.5, 0.6, 2.0 ], 
													"rotationOrigin": [ 1.1, 0.1, 0.75 ],
													"rotationZ": -30.0,
													"faces": {
														"north": { "texture": "#mahogany", "uv": [ 10.0, 1.0, 11.0, 8.0 ], "rotation": 90, "autoUv": false },
														"east": { "texture": "#mahogany", "uv": [ 7.0, 2.0, 10.0, 3.0 ], "autoUv": false },
														"south": { "texture": "#mahogany", "uv": [ 6.0, 1.0, 7.0, 8.0 ], "rotation": 90, "autoUv": false },
														"west": { "texture": "#mahogany", "uv": [ 6.0, 3.0, 11.0, 4.0 ], "autoUv": false },
														"up": { "texture": "#mahogany", "uv": [ 6.0, 1.0, 11.0, 8.0 ], "rotation": 90, "autoUv": false },
														"down": { "texture": "#mahogany", "uv": [ 6.0, 1.0, 11.0, 8.0 ], "rotation": 90, "autoUv": false }
													},
													"children": [
														{
															"name": "Cube21",
															"from": [ 3.5, 0.0, 0.5 ], 
															"to": [ 4.5, 0.5, 2.0 ], 
															"rotationOrigin": [ 3.5, 0.04, 1.75 ],
															"faces": {
																"north": { "texture": "#mahogany", "uv": [ 6.0, 6.0, 7.0, 8.0 ], "rotation": 90, "autoUv": false },
																"east": { "texture": "#mahogany", "uv": [ 7.0, 3.0, 10.0, 4.0 ], "autoUv": false },
																"south": { "texture": "#mahogany", "uv": [ 10.0, 6.0, 11.0, 8.0 ], "rotation": 90, "autoUv": false },
																"west": { "texture": "#mahogany", "uv": [ 7.0, 1.0, 10.0, 2.0 ], "enabled": false, "autoUv": false },
																"up": { "texture": "#mahogany", "uv": [ 7.0, 8.0, 10.0, 10.0 ], "rotation": 90, "autoUv": false },
																"down": { "texture": "#mahogany", "uv": [ 7.0, 8.0, 10.0, 10.0 ], "rotation": 90, "autoUv": false }
															},
															"children": [
																{
																	"name": "Cube22",
																	"from": [ 1.0, 0.0, 0.5 ], 
																	"to": [ 1.5, 0.5, 1.0 ], 
																	"rotationOrigin": [ 1.0, 0.0, 1.5 ],
																	"faces": {
																		"north": { "texture": "#mahogany", "uv": [ 6.0, 2.0, 7.0, 3.0 ], "rotation": 90, "autoUv": false },
																		"east": { "texture": "#mahogany", "uv": [ 7.0, 0.0, 8.0, 1.0 ], "autoUv": false },
																		"south": { "texture": "#mahogany", "uv": [ 10.0, 5.0, 11.0, 6.0 ], "rotation": 90, "autoUv": false },
																		"west": { "texture": "#mahogany", "uv": [ 7.0, 1.0, 10.0, 2.0 ], "enabled": false, "autoUv": false },
																		"up": { "texture": "#mahogany", "uv": [ 8.0, 10.0, 9.0, 11.0 ], "rotation": 90, "autoUv": false },
																		"down": { "texture": "#mahogany", "uv": [ 10.0, 1.0, 11.0, 2.0 ], "rotation": 90, "autoUv": false }
																	}
																}
															]
														}
													]
												}
											]
										}
									]
								}
							]
						}
					]
				}
			]
		}
	]}