{
	"editor": {
		"allAngles": false,
		"entityTextureMode": false
	},
	"textureWidth": 16,
	"textureHeight": 16,
	"textureSizes": {
	},
	"textures": {
		"pyramidalpoplar_seed": "item/resource/seeds/pyramidalpoplar"
	},
	"elements": [
		{
			"name": "Branch",
			"from": [ 8.0, 0.0, 5.0 ], 
			"to": [ 8.9, 0.9, 11.0 ], 
			"rotationOrigin": [ 8.0, 0.0, 5.0 ],
			"faces": {
				"north": { "texture": "#pyramidalpoplar_seed", "uv": [ 13.0, 0.0, 16.0, 3.0 ], "autoUv": false },
				"east": { "texture": "#pyramidalpoplar_seed", "uv": [ 13.0, 0.0, 16.0, 16.0 ], "rotation": 90, "autoUv": false },
				"south": { "texture": "#pyramidalpoplar_seed", "uv": [ 13.0, 0.0, 16.0, 3.0 ], "autoUv": false },
				"west": { "texture": "#pyramidalpoplar_seed", "uv": [ 13.0, 0.0, 16.0, 16.0 ], "rotation": 90, "autoUv": false },
				"up": { "texture": "#pyramidalpoplar_seed", "uv": [ 13.0, 0.0, 16.0, 16.0 ], "autoUv": false },
				"down": { "texture": "#pyramidalpoplar_seed", "uv": [ 13.0, 0.0, 16.0, 16.0 ], "autoUv": false }
			},
			"children": [
				{
					"name": "Stem1",
					"from": [ 0.4, 0.2, 2.0 ], 
					"to": [ 1.0, 0.8, 3.2 ], 
					"rotationOrigin": [ 0.4, 0.2, 2.0 ],
					"rotationX": -112.5,
					"rotationY": -67.5,
					"rotationZ": -112.5,
					"faces": {
						"north": { "texture": "#pyramidalpoplar_seed", "uv": [ 13.0, 0.0, 15.0, 2.0 ], "autoUv": false },
						"east": { "texture": "#pyramidalpoplar_seed", "uv": [ 13.0, 0.0, 15.0, 4.0 ], "rotation": 90, "autoUv": false },
						"south": { "texture": "#pyramidalpoplar_seed", "uv": [ 13.0, 0.0, 15.0, 4.0 ], "autoUv": false },
						"west": { "texture": "#pyramidalpoplar_seed", "uv": [ 13.0, 0.0, 15.0, 4.0 ], "autoUv": false },
						"up": { "texture": "#pyramidalpoplar_seed", "uv": [ 13.0, 0.0, 15.0, 4.0 ], "autoUv": false },
						"down": { "texture": "#pyramidalpoplar_seed", "uv": [ 13.0, 0.0, 15.0, 4.0 ], "autoUv": false }
					},
					"children": [
						{
							"name": "CatkinTop1",
							"from": [ -0.25, -0.25, 1.0 ], 
							"to": [ 0.95, 0.95, 3.4 ], 
							"rotationOrigin": [ 0.25, 0.25, 1.0 ],
							"faces": {
								"north": { "texture": "#pyramidalpoplar_seed", "uv": [ 0.0, 0.0, 3.0, 3.0 ], "rotation": 90, "autoUv": false },
								"east": { "texture": "#pyramidalpoplar_seed", "uv": [ 1.0, 0.0, 5.0, 8.0 ], "rotation": 90, "autoUv": false },
								"south": { "texture": "#pyramidalpoplar_seed", "uv": [ 0.0, 0.0, 5.0, 5.0 ], "rotation": 90, "autoUv": false },
								"west": { "texture": "#pyramidalpoplar_seed", "uv": [ 0.0, 0.0, 4.0, 8.0 ], "rotation": 90, "autoUv": false },
								"up": { "texture": "#pyramidalpoplar_seed", "uv": [ 0.0, 0.0, 4.0, 8.0 ], "autoUv": false },
								"down": { "texture": "#pyramidalpoplar_seed", "uv": [ 2.0, 0.0, 6.0, 8.0 ], "autoUv": false }
							},
							"children": [
								{
									"name": "CatkinBottom1",
									"from": [ 0.1, 0.0, 2.1 ], 
									"to": [ 1.1, 1.0, 4.5 ], 
									"rotationOrigin": [ 0.6, 0.5, 2.1 ],
									"rotationX": 35.0,
									"rotationY": -4.0,
									"faces": {
										"north": { "texture": "#pyramidalpoplar_seed", "uv": [ 0.0, 0.0, 3.0, 3.0 ], "rotation": 90, "autoUv": false },
										"east": { "texture": "#pyramidalpoplar_seed", "uv": [ 1.0, 0.0, 5.0, 8.0 ], "rotation": 90, "autoUv": false },
										"south": { "texture": "#pyramidalpoplar_seed", "uv": [ 0.0, 0.0, 5.0, 5.0 ], "rotation": 90, "autoUv": false },
										"west": { "texture": "#pyramidalpoplar_seed", "uv": [ 0.0, 0.0, 4.0, 8.0 ], "rotation": 90, "autoUv": false },
										"up": { "texture": "#pyramidalpoplar_seed", "uv": [ 0.0, 0.0, 4.0, 8.0 ], "autoUv": false },
										"down": { "texture": "#pyramidalpoplar_seed", "uv": [ 2.0, 0.0, 6.0, 8.0 ], "autoUv": false }
									}
								},
								{
									"name": "CatkinFluff1",
									"from": [ 0.2, -0.4, 1.7 ], 
									"to": [ 1.8, 1.2, 1.7 ], 
									"rotationOrigin": [ 0.2, 0.4, 1.7 ],
									"rotationY": -157.5,
									"faces": {
										"north": { "texture": "#pyramidalpoplar_seed", "uv": [ 7.0, 10.0, 12.0, 15.0 ], "autoUv": false },
										"east": { "texture": "#pyramidalpoplar_seed", "uv": [ 0.0, 0.0, 1.0, 1.0 ], "enabled": false },
										"south": { "texture": "#pyramidalpoplar_seed", "uv": [ 0.0, 0.0, 1.0, 1.0 ], "enabled": false },
										"west": { "texture": "#pyramidalpoplar_seed", "uv": [ 0.0, 0.0, 1.0, 1.0 ], "enabled": false },
										"up": { "texture": "#pyramidalpoplar_seed", "uv": [ 0.0, 0.0, 1.0, 1.0 ], "enabled": false },
										"down": { "texture": "#pyramidalpoplar_seed", "uv": [ 0.0, 0.0, 1.0, 1.0 ], "enabled": false }
									},
									"children": [
										{
											"name": "CatkinFluff2",
											"from": [ 0.0, 0.0, 0.0 ], 
											"to": [ 1.6, 1.6, 0.0 ], 
											"rotationOrigin": [ 0.0, 0.8, 0.0 ],
											"rotationX": -90.0,
											"faces": {
												"north": { "texture": "#pyramidalpoplar_seed", "uv": [ 7.0, 10.0, 12.0, 15.0 ], "autoUv": false },
												"east": { "texture": "#pyramidalpoplar_seed", "uv": [ 1.0, 10.0, 2.0, 11.0 ], "enabled": false },
												"south": { "texture": "#pyramidalpoplar_seed", "uv": [ 0.0, 0.0, 1.0, 1.0 ], "enabled": false },
												"west": { "texture": "#pyramidalpoplar_seed", "uv": [ 0.0, 0.0, 1.0, 1.0 ], "enabled": false },
												"up": { "texture": "#pyramidalpoplar_seed", "uv": [ 0.0, 0.0, 1.0, 1.0 ], "enabled": false },
												"down": { "texture": "#pyramidalpoplar_seed", "uv": [ 0.0, 0.0, 1.0, 1.0 ], "enabled": false }
											}
										}
									]
								},
								{
									"name": "CatkinFluff3",
									"from": [ 0.8, -0.9, 2.8 ], 
									"to": [ 2.0, 0.3, 2.8 ], 
									"rotationOrigin": [ 0.8, -0.1, 2.8 ],
									"rotationY": -22.5,
									"faces": {
										"north": { "texture": "#pyramidalpoplar_seed", "uv": [ 7.0, 10.0, 11.0, 14.0 ], "autoUv": false },
										"east": { "texture": "#pyramidalpoplar_seed", "uv": [ 0.0, 0.0, 1.0, 1.0 ], "enabled": false },
										"south": { "texture": "#pyramidalpoplar_seed", "uv": [ 0.0, 0.0, 1.0, 1.0 ], "enabled": false },
										"west": { "texture": "#pyramidalpoplar_seed", "uv": [ 0.0, 0.0, 1.0, 1.0 ], "enabled": false },
										"up": { "texture": "#pyramidalpoplar_seed", "uv": [ 0.0, 0.0, 1.0, 1.0 ], "enabled": false },
										"down": { "texture": "#pyramidalpoplar_seed", "uv": [ 0.0, 0.0, 1.0, 1.0 ], "enabled": false }
									},
									"children": [
										{
											"name": "CatkinFluff4",
											"from": [ 0.0, 0.0, 0.0 ], 
											"to": [ 1.2, 1.2, 0.0 ], 
											"rotationOrigin": [ 0.0, 0.6, 0.0 ],
											"rotationX": -90.0,
											"faces": {
												"north": { "texture": "#pyramidalpoplar_seed", "uv": [ 8.0, 10.0, 12.0, 14.0 ], "autoUv": false },
												"east": { "texture": "#pyramidalpoplar_seed", "uv": [ 1.0, 10.0, 2.0, 11.0 ], "enabled": false },
												"south": { "texture": "#pyramidalpoplar_seed", "uv": [ 0.0, 0.0, 1.0, 1.0 ], "enabled": false },
												"west": { "texture": "#pyramidalpoplar_seed", "uv": [ 0.0, 0.0, 1.0, 1.0 ], "enabled": false },
												"up": { "texture": "#pyramidalpoplar_seed", "uv": [ 0.0, 0.0, 1.0, 1.0 ], "enabled": false },
												"down": { "texture": "#pyramidalpoplar_seed", "uv": [ 0.0, 0.0, 1.0, 1.0 ], "enabled": false }
											}
										}
									]
								}
							]
						}
					]
				},
				{
					"name": "Stem2",
					"from": [ 0.0, 0.2, 3.8 ], 
					"to": [ 0.6, 0.8, 5.2 ], 
					"rotationOrigin": [ 0.0, 0.2, 3.8 ],
					"rotationY": -55.0,
					"faces": {
						"north": { "texture": "#pyramidalpoplar_seed", "uv": [ 13.0, 0.0, 15.0, 2.0 ], "autoUv": false },
						"east": { "texture": "#pyramidalpoplar_seed", "uv": [ 13.0, 0.0, 15.0, 4.0 ], "rotation": 90, "autoUv": false },
						"south": { "texture": "#pyramidalpoplar_seed", "uv": [ 13.0, 0.0, 15.0, 4.0 ], "autoUv": false },
						"west": { "texture": "#pyramidalpoplar_seed", "uv": [ 13.0, 0.0, 15.0, 4.0 ], "autoUv": false },
						"up": { "texture": "#pyramidalpoplar_seed", "uv": [ 13.0, 0.0, 15.0, 4.0 ], "autoUv": false },
						"down": { "texture": "#pyramidalpoplar_seed", "uv": [ 13.0, 0.0, 15.0, 4.0 ], "autoUv": false }
					},
					"children": [
						{
							"name": "CatkinTop2",
							"from": [ -0.25, -0.25, 1.2 ], 
							"to": [ 0.95, 0.95, 3.6 ], 
							"rotationOrigin": [ 0.25, 0.25, 1.2 ],
							"faces": {
								"north": { "texture": "#pyramidalpoplar_seed", "uv": [ 0.0, 0.0, 3.0, 3.0 ], "rotation": 90, "autoUv": false },
								"east": { "texture": "#pyramidalpoplar_seed", "uv": [ 0.0, 0.0, 4.0, 8.0 ], "rotation": 90, "autoUv": false },
								"south": { "texture": "#pyramidalpoplar_seed", "uv": [ 0.0, 0.0, 3.0, 3.0 ], "rotation": 90, "autoUv": false },
								"west": { "texture": "#pyramidalpoplar_seed", "uv": [ 2.0, 0.0, 6.0, 8.0 ], "rotation": 90, "autoUv": false },
								"up": { "texture": "#pyramidalpoplar_seed", "uv": [ 2.0, 0.0, 6.0, 8.0 ], "autoUv": false },
								"down": { "texture": "#pyramidalpoplar_seed", "uv": [ 0.0, 0.0, 4.0, 8.0 ], "autoUv": false }
							},
							"children": [
								{
									"name": "CatkinBottom2",
									"from": [ 0.05, 0.05, 2.2 ], 
									"to": [ 1.05, 1.05, 4.6 ], 
									"rotationOrigin": [ 0.45, 0.45, 2.2 ],
									"rotationY": -9.0,
									"faces": {
										"north": { "texture": "#pyramidalpoplar_seed", "uv": [ 0.0, 0.0, 3.0, 3.0 ], "rotation": 90, "autoUv": false },
										"east": { "texture": "#pyramidalpoplar_seed", "uv": [ 0.0, 0.0, 4.0, 8.0 ], "rotation": 90, "autoUv": false },
										"south": { "texture": "#pyramidalpoplar_seed", "uv": [ 0.0, 0.0, 3.0, 3.0 ], "rotation": 90, "autoUv": false },
										"west": { "texture": "#pyramidalpoplar_seed", "uv": [ 2.0, 0.0, 6.0, 8.0 ], "rotation": 90, "autoUv": false },
										"up": { "texture": "#pyramidalpoplar_seed", "uv": [ 2.0, 0.0, 6.0, 8.0 ], "autoUv": false },
										"down": { "texture": "#pyramidalpoplar_seed", "uv": [ 0.0, 0.0, 4.0, 8.0 ], "autoUv": false }
									}
								},
								{
									"name": "CatkinFluff5",
									"from": [ 1.0, -0.4, 2.0 ], 
									"to": [ 2.6, 1.2, 2.0 ], 
									"rotationOrigin": [ 1.0, 0.4, 2.0 ],
									"rotationX": 157.5,
									"rotationY": 22.5,
									"rotationZ": 22.5,
									"faces": {
										"north": { "texture": "#pyramidalpoplar_seed", "uv": [ 7.0, 10.0, 12.0, 15.0 ], "autoUv": false },
										"east": { "texture": "#pyramidalpoplar_seed", "uv": [ 0.0, 0.0, 1.0, 1.0 ], "enabled": false },
										"south": { "texture": "#pyramidalpoplar_seed", "uv": [ 0.0, 0.0, 1.0, 1.0 ], "enabled": false },
										"west": { "texture": "#pyramidalpoplar_seed", "uv": [ 0.0, 0.0, 1.0, 1.0 ], "enabled": false },
										"up": { "texture": "#pyramidalpoplar_seed", "uv": [ 0.0, 0.0, 1.0, 1.0 ], "enabled": false },
										"down": { "texture": "#pyramidalpoplar_seed", "uv": [ 0.0, 0.0, 1.0, 1.0 ], "enabled": false }
									},
									"children": [
										{
											"name": "CatkinFluff6",
											"from": [ 0.0, 0.0, 0.0 ], 
											"to": [ 1.6, 1.6, 0.0 ], 
											"rotationOrigin": [ 0.0, 0.8, 0.0 ],
											"rotationX": -90.0,
											"faces": {
												"north": { "texture": "#pyramidalpoplar_seed", "uv": [ 7.0, 10.0, 12.0, 15.0 ], "autoUv": false },
												"east": { "texture": "#pyramidalpoplar_seed", "uv": [ 1.0, 10.0, 2.0, 11.0 ], "enabled": false },
												"south": { "texture": "#pyramidalpoplar_seed", "uv": [ 0.0, 0.0, 1.0, 1.0 ], "enabled": false },
												"west": { "texture": "#pyramidalpoplar_seed", "uv": [ 0.0, 0.0, 1.0, 1.0 ], "enabled": false },
												"up": { "texture": "#pyramidalpoplar_seed", "uv": [ 0.0, 0.0, 1.0, 1.0 ], "enabled": false },
												"down": { "texture": "#pyramidalpoplar_seed", "uv": [ 0.0, 0.0, 1.0, 1.0 ], "enabled": false }
											}
										}
									]
								}
							]
						}
					]
				}
			]
		}
	]}