{
	"editor": {
		"allAngles": false,
		"entityTextureMode": false
	},
	"textureWidth": 16,
	"textureHeight": 16,
	"textureSizes": {
	},
	"textures": {
	},
	"elements": [
		{
			"name": "origin",
			"from": [ 8.0, 0.0, 8.0 ],
			"to": [ 8.0, 0.0, 8.0 ],
			"rotationOrigin": [ 8.0, 0.0, 8.0 ],
			"faces": {
			},
			"children": [
				{
					"name": "rock 1",
					"from": [ -4.0, 0.0, -3.0 ],
					"to": [ 3.0, 4.0, 4.0 ],
					"rotationOrigin": [ 1.0, 0.0, 2.0 ],
					"rotationY": -22.5,
					"faces": {
						"north": { "texture": "#rock", "uv": [ 0.0, 8.0, 7.0, 12.0 ] },
						"east": { "texture": "#rock", "uv": [ 8.0, 7.0, 15.0, 11.0 ] },
						"south": { "texture": "#rock", "uv": [ 2.0, 9.5, 9.0, 13.5 ] },
						"west": { "texture": "#rock", "uv": [ 5.5, 5.0, 12.5, 9.0 ] },
						"up": { "texture": "#rock", "uv": [ 9.0, 0.5, 16.0, 7.5 ] },
						"down": { "texture": "#rock", "uv": [ 7.0, 2.0, 14.0, 9.0 ] }
					},
					"children": [
						{
							"name": "rock 7",
							"from": [ 2.0, 7.0, 1.0 ],
							"to": [ 6.0, 8.5, 5.0 ],
							"rotationOrigin": [ 4.0, 7.0, 3.0 ],
							"rotationY": 22.5,
							"faces": {
								"north": { "texture": "#rock", "uv": [ 9.5, 9.5, 13.5, 11.0 ] },
								"east": { "texture": "#rock", "uv": [ 3.0, 5.5, 7.0, 7.0 ] },
								"south": { "texture": "#rock", "uv": [ 12.0, 5.0, 16.0, 6.5 ] },
								"west": { "texture": "#rock", "uv": [ 6.0, 8.0, 10.0, 9.5 ] },
								"up": { "texture": "#rock", "uv": [ 9.0, 6.5, 13.0, 10.5 ] },
								"down": { "texture": "#rock", "uv": [ 2.5, 8.0, 6.5, 12.0 ] }
							}
						},
						{
							"name": "rock 2",
							"from": [ 2.3087, 11.5, 2.0381 ],
							"to": [ 5.3087, 13.5, 5.0381 ],
							"rotationOrigin": [ 3.3087, 12.0, 3.0381 ],
							"rotationY": 22.5,
							"faces": {
								"north": { "texture": "#rock", "uv": [ 1.0, 8.5, 4.0, 10.5 ] },
								"east": { "texture": "#rock", "uv": [ 7.0, 1.0, 10.0, 3.0 ] },
								"south": { "texture": "#rock", "uv": [ 12.0, 13.0, 15.0, 15.0 ] },
								"west": { "texture": "#rock", "uv": [ 5.5, 1.0, 8.5, 3.0 ] },
								"up": { "texture": "#rock", "uv": [ 5.0, 3.5, 8.0, 6.5 ] },
								"down": { "texture": "#rock", "uv": [ 9.0, 0.5, 12.0, 3.5 ] }
							}
						},
						{
							"name": "rock 4",
							"from": [ 0.5, 4.0, 1.5 ],
							"to": [ 6.5, 7.0, 5.5 ],
							"rotationOrigin": [ 3.5, 4.0, 3.5 ],
							"rotationY": 45.0,
							"faces": {
								"north": { "texture": "#rock", "uv": [ 10.0, 5.5, 16.0, 8.5 ] },
								"east": { "texture": "#rock", "uv": [ 6.0, 4.0, 10.0, 7.0 ] },
								"south": { "texture": "#rock", "uv": [ 9.5, 7.0, 15.5, 10.0 ] },
								"west": { "texture": "#rock", "uv": [ 7.0, 11.5, 11.0, 14.5 ] },
								"up": { "texture": "#rock", "uv": [ 9.5, 10.5, 15.5, 14.5 ] },
								"down": { "texture": "#rock", "uv": [ 5.0, 9.5, 11.0, 13.5 ] }
							}
						},
						{
							"name": "rock 6",
							"from": [ 3.1152, 13.5, 2.5793 ],
							"to": [ 5.1152, 14.5, 4.5793 ],
							"rotationOrigin": [ 4.6152, 14.0, 3.5793 ],
							"rotationY": -22.5,
							"faces": {
								"north": { "texture": "#rock", "uv": [ 8.5, 6.5, 10.5, 7.5 ] },
								"east": { "texture": "#rock", "uv": [ 5.5, 8.0, 7.5, 9.0 ] },
								"south": { "texture": "#rock", "uv": [ 1.5, 7.0, 3.5, 8.0 ] },
								"west": { "texture": "#rock", "uv": [ 9.0, 0.5, 11.0, 1.5 ] },
								"up": { "texture": "#rock", "uv": [ 12.5, 11.5, 14.5, 13.5 ] },
								"down": { "texture": "#rock", "uv": [ 8.0, 13.0, 10.0, 15.0 ] }
							}
						},
						{
							"name": "rock 8",
							"from": [ 1.8087, 8.5, 1.5381 ],
							"to": [ 4.8087, 11.5, 5.5381 ],
							"rotationOrigin": [ 3.3087, 8.0, 3.0381 ],
							"rotationY": 45.0,
							"faces": {
								"north": { "texture": "#rock", "uv": [ 11.0, 12.5, 14.0, 15.5 ] },
								"east": { "texture": "#rock", "uv": [ 9.5, 12.5, 13.5, 15.5 ] },
								"south": { "texture": "#rock", "uv": [ 3.5, 12.0, 6.5, 15.0 ] },
								"west": { "texture": "#rock", "uv": [ 4.5, 4.0, 8.5, 7.0 ] },
								"up": { "texture": "#rock", "uv": [ 12.0, 8.0, 15.0, 12.0 ] },
								"down": { "texture": "#rock", "uv": [ 6.0, 8.5, 9.0, 12.5 ] }
							}
						}
					]
				}
			]
		}
	]}