{
	code: "rana",
	class: "EntityAgent",
	variantgroups: [
		{ code: "type", states: ["temporaria", "arvalis", "dalmatina", "latastei", "pseudodalmatina", "graeca", "iberica", "italica", "pyrenaica", "macrocnemis", "tavasensis", "amurensis", "asiatica", "coreana", "chensinensis", "dybowskii", "chaochiaoensis", "huanrensis", "dabieshanensis", "jiulingensis", "jiemuxiensis", "johnsi", "kukunoris", "luanchuanensis", "maoershanensis", "omeimontis", "sangzhiensis", "zhenhaiensis", "longicrus", "sauteri", "japonica", "tagoi", "kyoto", "neba", "sakuraii", "pirica", "ornativentris", "tsushimensis", "uenoi", "ulma", "kobai"]},
		{ code: "gender", states: ["female", "male"]}
	],
	collisionBoxSizeByType: {
		"rana-temporaria-*": { x: 0.09, y: 0.045 },
		"rana-arvalis-*": { x: 0.075, y: 0.0375 },
		"rana-dalmatina-*": { x: 0.085, y: 0.0425 },
		"rana-latastei-*": { x: 0.075, y: 0.0375 },
		"rana-pseudodalmatina-*": { x: 0.08, y: 0.04 },
		"rana-graeca-*": { x: 0.08, y: 0.04 },
		"rana-iberica-*": { x: 0.07, y: 0.035 },
		"rana-italica-*": { x: 0.075, y: 0.0375 },
		"rana-pyrenaica-*": { x: 0.05, y: 0.025 },
		"rana-macrocnemis-*": { x: 0.075, y: 0.0375 },
		"rana-tavasensis-*": { x: 0.07, y: 0.035 },
		"rana-amurensis-*": { x: 0.08, y: 0.04 },
		"rana-asiatica-*": { x: 0.07, y: 0.035 },
		"rana-coreana-*": { x: 0.044, y: 0.022 },
		"rana-chensinensis-*": { x: 0.055, y: 0.0275 },	
		"rana-dybowskii-*": { x: 0.075, y: 0.0375 },
		"rana-chaochiaoensis-*": { x: 0.06, y: 0.03 },
		"rana-huanrensis-*": { x: 0.058, y: 0.029 },
		"rana-dabieshanensis-*": { x: 0.068, y: 0.034 },
		"rana-jiulingensis-*": { x: 0.058, y: 0.029 },
		"rana-jiemuxiensis-*": { x: 0.065, y: 0.0325 },
		"rana-johnsi-*": { x: 0.047, y: 0.0235 },
		"rana-kukunoris-*": { x: 0.06, y: 0.03 },
		"rana-luanchuanensis-*": { x: 0.041, y: 0.0205 },
		"rana-maoershanensis-*": { x: 0.06, y: 0.03 },
		"rana-omeimontis-*": { x: 0.067, y: 0.0335 },
		"rana-sangzhiensis-*": { x: 0.05, y: 0.025 },
		"rana-zhenhaiensis-*": { x: 0.06, y: 0.03 },
		"rana-longicrus-*": { x: 0.055, y: 0.0275 },
		"rana-sauteri-*": { x: 0.047, y: 0.0235 },
		"rana-japonica-*": { x: 0.054, y: 0.027 },
		"rana-tagoi-*": { x: 0.058, y: 0.029 },
		"rana-kyoto-*": { x: 0.036, y: 0.018 },
		"rana-neba-*": { x: 0.048, y: 0.024 },
		"rana-sakuraii-*": { x: 0.06, y: 0.03 },
		"rana-pirica-*": { x: 0.072, y: 0.036 },
		"rana-ornativentris-*": { x: 0.078, y: 0.039 },
		"rana-tsushimensis-*": { x: 0.045, y: 0.0225 },
		"rana-uenoi-*": { x: 0.076, y: 0.038 },
		"rana-ulma-*": { x: 0.051, y: 0.0255 },
		"rana-kobai-*": { x: 0.046, y: 0.023 },
	},
	deadCollisionBoxSizeByType: {
		"rana-temporaria-*": { x: 0.09, y: 0.045 },
		"rana-arvalis-*": { x: 0.075, y: 0.0375 },
		"rana-dalmatina-*": { x: 0.085, y: 0.0425 },
		"rana-latastei-*": { x: 0.075, y: 0.0375 },
		"rana-pseudodalmatina-*": { x: 0.08, y: 0.04 },
		"rana-graeca-*": { x: 0.08, y: 0.04 },
		"rana-iberica-*": { x: 0.07, y: 0.035 },
		"rana-italica-*": { x: 0.075, y: 0.0375 },
		"rana-pyrenaica-*": { x: 0.05, y: 0.025 },
		"rana-macrocnemis-*": { x: 0.075, y: 0.0375 },
		"rana-tavasensis-*": { x: 0.07, y: 0.035 },
		"rana-amurensis-*": { x: 0.08, y: 0.04 },
		"rana-asiatica-*": { x: 0.07, y: 0.035 },
		"rana-coreana-*": { x: 0.044, y: 0.022 },
		"rana-chensinensis-*": { x: 0.055, y: 0.0275 },
		"rana-dybowskii-*": { x: 0.075, y: 0.0375 },
		"rana-chaochiaoensis-*": { x: 0.06, y: 0.03 },
		"rana-huanrensis-*": { x: 0.058, y: 0.029 },
		"rana-dabieshanensis-*": { x: 0.068, y: 0.034 },
		"rana-jiulingensis-*": { x: 0.058, y: 0.029 },
		"rana-jiemuxiensis-*": { x: 0.065, y: 0.0325 },
		"rana-johnsi-*": { x: 0.047, y: 0.0235 },
		"rana-kukunoris-*": { x: 0.06, y: 0.03 },
		"rana-luanchuanensis-*": { x: 0.041, y: 0.0205 },
		"rana-maoershanensis-*": { x: 0.06, y: 0.03 },
		"rana-omeimontis-*": { x: 0.067, y: 0.0335 },
		"rana-sangzhiensis-*": { x: 0.05, y: 0.025 },
		"rana-zhenhaiensis-*": { x: 0.06, y: 0.03 },
		"rana-longicrus-*": { x: 0.055, y: 0.0275 },
		"rana-sauteri-*": { x: 0.047, y: 0.0235 },
		"rana-japonica-*": { x: 0.054, y: 0.027 },
		"rana-tagoi-*": { x: 0.058, y: 0.029 },
		"rana-kyoto-*": { x: 0.036, y: 0.018 },
		"rana-neba-*": { x: 0.048, y: 0.024 },
		"rana-sakuraii-*": { x: 0.06, y: 0.03 },
		"rana-pirica-*": { x: 0.072, y: 0.036 },
		"rana-ornativentris-*": { x: 0.078, y: 0.039 },
		"rana-tsushimensis-*": { x: 0.045, y: 0.0225 },
		"rana-uenoi-*": { x: 0.076, y: 0.038 },
		"rana-ulma-*": { x: 0.051, y: 0.0255 },
		"rana-kobai-*": { x: 0.046, y: 0.023 },
	},	
	selectionBoxSizeByType: {
		"*-temporaria-*": { x: 0.09, y: 0.045 },
		"*-arvalis-*": { x: 0.075, y: 0.0375 },
		"*-dalmatina-*": { x: 0.085, y: 0.0425 },
		"*-latastei-*": { x: 0.075, y: 0.0375 },
		"*-pseudodalmatina-*": { x: 0.08, y: 0.04 },
		"*-graeca-*": { x: 0.08, y: 0.04 },
		"*-iberica-*": { x: 0.07, y: 0.035 },
		"*-italica-*": { x: 0.075, y: 0.0375 },
		"*-pyrenaica-*": { x: 0.05, y: 0.025 },
		"*-macrocnemis-*": { x: 0.075, y: 0.0375 },
		"*-tavasensis-*": { x: 0.07, y: 0.035 },
		"*-amurensis-*": { x: 0.08, y: 0.04 },
		"*-asiatica-*": { x: 0.07, y: 0.035 },
		"*-coreana-*": { x: 0.044, y: 0.022 },
		"*-chensinensis-*": { x: 0.055, y: 0.0275 },
		"*-dybowskii-*": { x: 0.075, y: 0.0375 },
		"*-chaochiaoensis-*": { x: 0.06, y: 0.03 },
		"*-huanrensis-*": { x: 0.058, y: 0.029 },
		"*-dabieshanensis-*": { x: 0.068, y: 0.034 },
		"*-jiulingensis-*": { x: 0.058, y: 0.029 },
		"*-jiemuxiensis-*": { x: 0.065, y: 0.0325 },
		"*-johnsi-*": { x: 0.047, y: 0.0235 },
		"*-kukunoris-*": { x: 0.06, y: 0.03 },
		"*-luanchuanensis-*": { x: 0.041, y: 0.0205 },
		"*-maoershanensis-*": { x: 0.06, y: 0.03 },
		"*-omeimontis-*": { x: 0.067, y: 0.0335 },
		"*-sangzhiensis-*": { x: 0.05, y: 0.025 },
		"*-zhenhaiensis-*": { x: 0.06, y: 0.03 },
		"*-longicrus-*": { x: 0.055, y: 0.0275 },
		"*-sauteri-*": { x: 0.047, y: 0.0235 },
		"*-japonica-*": { x: 0.054, y: 0.027 },
		"*-tagoi-*": { x: 0.058, y: 0.029 },
		"*-kyoto-*": { x: 0.036, y: 0.018 },
		"*-neba-*": { x: 0.048, y: 0.024 },
		"*-sakuraii-*": { x: 0.06, y: 0.03 },
		"*-pirica-*": { x: 0.072, y: 0.036 },
		"*-ornativentris-*": { x: 0.078, y: 0.039 },
		"*-tsushimensis-*": { x: 0.045, y: 0.0225 },
		"*-uenoi-*": { x: 0.076, y: 0.038 },
		"*-ulma-*": { x: 0.051, y: 0.0255 },
		"*-kobai-*": { x: 0.046, y: 0.023 },
	},
	deadSelectionBoxSizeByType: {
		"*-temporaria-*": { x: 0.09, y: 0.045 },
		"*-arvalis-*": { x: 0.075, y: 0.0375 },
		"*-dalmatina-*": { x: 0.085, y: 0.0425 },
		"*-latastei-*": { x: 0.075, y: 0.0375 },
		"*-pseudodalmatina-*": { x: 0.08, y: 0.04 },
		"*-graeca-*": { x: 0.08, y: 0.04 },
		"*-iberica-*": { x: 0.07, y: 0.035 },
		"*-italica-*": { x: 0.075, y: 0.0375 },
		"*-pyrenaica-*": { x: 0.05, y: 0.025 },
		"*-macrocnemis-*": { x: 0.075, y: 0.0375 },
		"*-tavasensis-*": { x: 0.07, y: 0.035 },
		"*-amurensis-*": { x: 0.08, y: 0.04 },
		"*-asiatica-*": { x: 0.07, y: 0.035 },
		"*-coreana-*": { x: 0.044, y: 0.022 },
		"*-chensinensis-*": { x: 0.055, y: 0.0275 },
		"*-dybowskii-*": { x: 0.075, y: 0.0375 },
		"*-chaochiaoensis-*": { x: 0.06, y: 0.03 },
		"*-huanrensis-*": { x: 0.058, y: 0.029 },
		"*-dabieshanensis-*": { x: 0.068, y: 0.034 },
		"*-jiulingensis-*": { x: 0.058, y: 0.029 },
		"*-jiemuxiensis-*": { x: 0.065, y: 0.0325 },
		"*-johnsi-*": { x: 0.047, y: 0.0235 },
		"*-kukunoris-*": { x: 0.06, y: 0.03 },
		"*-luanchuanensis-*": { x: 0.041, y: 0.0205 },
		"*-maoershanensis-*": { x: 0.06, y: 0.03 },
		"*-omeimontis-*": { x: 0.067, y: 0.0335 },
		"*-sangzhiensis-*": { x: 0.05, y: 0.025 },
		"*-zhenhaiensis-*": { x: 0.06, y: 0.03 },
		"*-longicrus-*": { x: 0.055, y: 0.0275 },
		"*-sauteri-*": { x: 0.047, y: 0.0235 },
		"*-japonica-*": { x: 0.054, y: 0.027 },
		"*-tagoi-*": { x: 0.058, y: 0.029 },
		"*-kyoto-*": { x: 0.036, y: 0.018 },
		"*-neba-*": { x: 0.048, y: 0.024 },
		"*-sakuraii-*": { x: 0.06, y: 0.03 },
		"*-pirica-*": { x: 0.072, y: 0.036 },
		"*-ornativentris-*": { x: 0.078, y: 0.039 },
		"*-tsushimensis-*": { x: 0.045, y: 0.0225 },
		"*-uenoi-*": { x: 0.076, y: 0.038 },
		"*-ulma-*": { x: 0.051, y: 0.0255 },
		"*-kobai-*": { x: 0.046, y: 0.023 },
	},	
	knockbackResistance: 0,
	weight: 1,
	eyeHeight: 0.04,
	drops: [],
	attributes: {
		netCaughtItemCode: "pondfrogsi:creature-rana-{type}-{gender}",
		guiTransform: {
			translation: { x: 0, y: 0, z: 0 },
			rotation: { x: 180, y: -115, z: 6 },
			origin: { x: 0.5, y: 0.74, z: 0.5 }
		},
		tpHandTransform: {
			translation: { x: -0.7, y: -0.8, z: -0.6 },
			rotation: { x: 1, y: 172, z: 26 },
			scale: 0.44
		},
		fpHandTransform: {
			translation: { x: 0.05, y: -0.3, z: 0.5 },
			rotation: { x: -8, y: -84, z: -31 },
		},
		groundTransform: {
			translation: { x: 0, y: 0.1, z: 0 }
		}
	},
	client: {
		renderer: "Shape",
		shape: { base: "entity/land/rana" },
		textureByType: {
			"*-temporaria-female": { base: "entity/pondfrog/rana-temporaria-female" },
			"*-temporaria-male": { base: "entity/pondfrog/rana-temporaria-male" },
			"*-arvalis-female": { base: "entity/pondfrog/rana-arvalis-female" },
			"*-arvalis-male": { base: "entity/pondfrog/rana-arvalis-male" },
			"*-dalmatina-female": { base: "entity/pondfrog/rana-dalmatina-female" },
			"*-dalmatina-male": { base: "entity/pondfrog/rana-dalmatina-male" },
			"*-latastei-female": { base: "entity/pondfrog/rana-latastei-female" },
			"*-latastei-male": { base: "entity/pondfrog/rana-latastei-male" },
			"*-pseudodalmatina-*": { base: "entity/pondfrog/rana-pseudodalmatina" },
			"*-graeca-female": { base: "entity/pondfrog/rana-graeca-female" },
			"*-graeca-male": { base: "entity/pondfrog/rana-graeca-male" },
			"*-iberica-female": { base: "entity/pondfrog/rana-iberica-female" },
			"*-iberica-male": { base: "entity/pondfrog/rana-iberica-male" },
			"*-italica-female": { base: "entity/pondfrog/rana-italica-female" },
			"*-italica-male": { base: "entity/pondfrog/rana-italica-male" },
			"*-pyrenaica-female": { base: "entity/pondfrog/rana-pyrenaica-female" },
			"*-pyrenaica-male": { base: "entity/pondfrog/rana-pyrenaica-male" },
			"*-macrocnemis-female": { base: "entity/pondfrog/rana-macrocnemis-female" },
			"*-macrocnemis-male": { base: "entity/pondfrog/rana-macrocnemis-male" },
			"*-tavasensis-*": { base: "entity/pondfrog/rana-tavasensis" },
			"*-amurensis-*": { base: "entity/pondfrog/rana-amurensis" },
			"*-asiatica-*": { base: "entity/pondfrog/rana-asiatica" },
			"*-coreana-*": { base: "entity/pondfrog/rana-coreana" },
			"*-chensinensis-*": { base: "entity/pondfrog/rana-chensinensis" },
			"*-dybowskii-female": { base: "entity/pondfrog/rana-dybowskii-female" },
			"*-dybowskii-male": { base: "entity/pondfrog/rana-dybowskii-male" },
			"*-chaochiaoensis-*": { base: "entity/pondfrog/rana-chaochiaoensis" },
			"*-huanrensis-female": { base: "entity/pondfrog/rana-huanrensis-female" },
			"*-huanrensis-male": { base: "entity/pondfrog/rana-huanrensis-male" },
			"*-dabieshanensis-*": { base: "entity/pondfrog/rana-dabieshanensis" },
			"*-jiulingensis-*": { base: "entity/pondfrog/rana-jiulingensis" },
			"*-jiemuxiensis-female": { base: "entity/pondfrog/rana-jiemuxiensis-female" },
			"*-jiemuxiensis-male": { base: "entity/pondfrog/rana-jiemuxiensis-male" },
			"*-johnsi-*": { base: "entity/pondfrog/rana-johnsi" },
			"*-kukunoris-*": { base: "entity/pondfrog/rana-kukunoris" },
			"*-luanchuanensis-*": { base: "entity/pondfrog/rana-luanchuanensis" },
			"*-maoershanensis-*": { base: "entity/pondfrog/rana-maoershanensis" },
			"*-omeimontis-*": { base: "entity/pondfrog/rana-omeimontis" },
			"*-sangzhiensis-*": { base: "entity/pondfrog/rana-sangzhiensis" },
			"*-zhenhaiensis-*": { base: "entity/pondfrog/rana-zhenhaiensis" },
			"*-longicrus-*": { base: "entity/pondfrog/rana-longicrus" },
			"*-sauteri-*": { base: "entity/pondfrog/rana-sauteri" },
			"*-japonica-female": { base: "entity/pondfrog/rana-japonica-female" },
			"*-japonica-male": { base: "entity/pondfrog/rana-japonica-male" },
			"*-tagoi-*": { base: "entity/pondfrog/rana-tagoi" },
			"*-kyoto-*": { base: "entity/pondfrog/rana-kyoto" },
			"*-neba-*": { base: "entity/pondfrog/rana-neba" },
			"*-sakuraii-*": { base: "entity/pondfrog/rana-sakuraii" },
			"*-pirica-female": { base: "entity/pondfrog/rana-pirica-female" },
			"*-pirica-male": { base: "entity/pondfrog/rana-pirica-male" },
			"*-ornativentris-female": { base: "entity/pondfrog/rana-ornativentris-female" },
			"*-ornativentris-male": { base: "entity/pondfrog/rana-ornativentris-male" },
			"*-tsushimensis-*": { base: "entity/pondfrog/rana-tsushimensis" },
			"*-uenoi-female": { base: "entity/pondfrog/rana-uenoi-female" },
			"*-uenoi-male": { base: "entity/pondfrog/rana-uenoi-male" },
			"*-ulma-female": { base: "entity/pondfrog/rana-ulma-female" },
			"*-ulma-male": { base: "entity/pondfrog/rana-ulma-male" },
			"*-kobai-female": { base: "entity/pondfrog/rana-kobai-female" },
			"*-kobai-male": { base: "entity/pondfrog/rana-kobai-male" },
		},
		sizeByType: {
			"rana-temporaria-female": 0.111,
			"rana-temporaria-male": 0.101,
			"rana-arvalis-female": 0.092,
			"rana-arvalis-male": 0.082,
			"rana-dalmatina-female": 0.105,
			"rana-dalmatina-male": 0.095,
			"rana-latastei-female": 0.092,
			"rana-latastei-male": 0.082,
			"rana-pseudodalmatina-female": 0.098,
			"rana-pseudodalmatina-male": 0.088,
			"rana-graeca-female": 0.098,
			"rana-graeca-male": 0.088,
			"rana-iberica-female": 0.086,
			"rana-iberica-male": 0.076,
			"rana-italica-female": 0.092,
			"rana-italica-male": 0.082,
			"rana-pyrenaica-female": 0.062,
			"rana-pyrenaica-male": 0.052,
			"rana-macrocnemis-female": 0.092,
			"rana-macrocnemis-male": 0.082,
			"rana-tavasensis-female": 0.086,
			"rana-tavasensis-male": 0.076,
			"rana-amurensis-female": 0.098,
			"rana-amurensis-male": 0.088,
			"rana-asiatica-female": 0.086,
			"rana-asiatica-male": 0.076,
			"rana-coreana-female": 0.054,
			"rana-coreana-male": 0.044,
			"rana-chensinensis-female": 0.068,
			"rana-chensinensis-male": 0.058,
			"rana-dybowskii-female": 0.092,
			"rana-dybowskii-male": 0.082,
			"rana-chaochiaoensis-female": 0.074,
			"rana-chaochiaoensis-male": 0.064,
			"rana-huanrensis-female": 0.071,
			"rana-huanrensis-male": 0.061,
			"rana-dabieshanensis-female": 0.084,
			"rana-dabieshanensis-male": 0.074,
			"rana-jiulingensis-female": 0.071,
			"rana-jiulingensis-male": 0.061,
			"rana-jiemuxiensis-female": 0.08,
			"rana-jiemuxiensis-male": 0.07,
			"rana-johnsi-female": 0.058,
			"rana-johnsi-male": 0.048,
			"rana-kukunoris-female": 0.074,
			"rana-kukunoris-male": 0.064,
			"rana-luanchuanensis-female": 0.05,
			"rana-luanchuanensis-male": 0.04,
			"rana-maoershanensis-female": 0.074,
			"rana-maoershanensis-male": 0.064,
			"rana-omeimontis-female": 0.082,
			"rana-omeimontis-male": 0.072,
			"rana-sangzhiensis-female": 0.062,
			"rana-sangzhiensis-male": 0.052,
			"rana-zhenhaiensis-female": 0.074,
			"rana-zhenhaiensis-male": 0.064,
			"rana-longicrus-female": 0.068,
			"rana-longicrus-male": 0.058,
			"rana-sauteri-female": 0.058,
			"rana-sauteri-male": 0.048,
			"rana-japonica-female": 0.066,
			"rana-japonica-male": 0.056,
			"rana-tagoi-female": 0.071,
			"rana-tagoi-male": 0.061,
			"rana-kyoto-female": 0.044,
			"rana-kyoto-male": 0.034,
			"rana-neba-female": 0.059,
			"rana-neba-male": 0.049,
			"rana-sakuraii-female": 0.074,
			"rana-sakuraii-male": 0.064,
			"rana-pirica-female": 0.089,
			"rana-pirica-male": 0.079,
			"rana-ornativentris-female": 0.096,
			"rana-ornativentris-male": 0.086,
			"rana-tsushimensis-female": 0.055,
			"rana-tsushimensis-male": 0.045,
			"rana-uenoi-female": 0.094,
			"rana-uenoi-male": 0.084,
			"rana-ulma-female": 0.063,
			"rana-ulma-male": 0.053,
			"rana-kobai-female": 0.057,
			"rana-kobai-male": 0.047,
		},
		behaviors: [
			{ code: "repulseagents" }, 
			{ code: "controlledphysics", stepHeight: 0.5},
			{ code: "harvestable" },
			{ code: "floatupwhenstuck", onlyWhenDead: true },
			{ code: "interpolateposition" },
			{ code: "despawn", minPlayerDistance: 8, belowLightLevel: 8, minSeconds: 300 },
		],
		animations: [
			{
				code: "hurt",
				animation: "sleep", 
				animationSpeed: 2.2,
				weight: 10,
				blendMode: "AddAverage" 
			},
			{
				code: "die",
				animation: "sleep", 
				animationSpeed: 1.25,
				weight: 10,
				blendMode: "Average",
				triggeredBy: { onControls: ["dead"] }
			},
			{ 
				code: "idle", 
				animation: "idle",
				blendMode: "AddAverage",
				easeOutSpeed: 4,
				triggeredBy: { defaultAnim: true },
			},
			{
				code: "sleep", 
				animation: "sleep",
				easeInSpeed: 4,
				easeOutSpeed: 4,
				weight: 1.25,
				blendMode: "Average", 
			},
			{
				code: "sit", 
				animation: "call",
				easeInSpeed: 4,
				easeOutSpeed: 3,
				supressDefaultAnimation: true,
				blendMode: "Average", 
			},
			{
				code: "walk",
				animation: "jump",
				supressDefaultAnimation: true,
				blendMode: "AddAverage"
			}
		]
	},
	server: {
		attributes: {
			pathfinder: {
				minTurnAnglePerSec: 350,
				maxTurnAnglePerSec: 650
			}
		},
		behaviors: [
			{ code: "repulseagents" }, 
			{ code: "health", currenthealth: 1, maxhealth: 1, },
			{ code: "deaddecay", hoursToDecay: 96 },
			{ code: "harvestable" },
			{ code: "controlledphysics", stepHeight: 0.5},
			{ code: "despawn", minPlayerDistance: 8, belowLightLevel: 8, minSeconds: 300 },
			{ code: "floatupwhenstuck", onlyWhenDead: true },
			{ 
				code: "emotionstates",
				states: [
					{ code: "fleeondamage", 
							duration: 30, 
							chance: 1,
							slot: 2, 
							priority: 5, 
							accumType: "max", 
							whenHealthRelBelow: 0.3 },
					{ 
						code: "saturated", 
						duration: 1200, chance: 1, slot: 0, priority: 1, accumType: "sum",
						belowTempDuration: 600,
						belowTempThreshold: -5
					},
					
				],
			},
			{ 
				code: "taskai",
				aitasks: [
					{
						code: "idle",
						priority: 1.1,
						priorityForCancel: 1.35,
						minduration: 2500,
						maxduration: 2500,
						mincooldown: 6000,
						maxcooldown: 20000,
						animation: "idle",
						animationSpeed: 1
					},
					{
                     			   code: "idle",
                        		   priority: 1.3,
                        		   priorityForCancel: 1.35,
                   		           minduration: 4667,
                        		   maxduration: 4667,
                        		   mincooldown: 4667,
                        		   maxcooldown: 8000,
					   duringDayTimeFrames: [ { fromHour: 17, toHour: 24 }, { fromHour: 0, toHour: 6 }],
                       		   	   animation: "call",
                       		    	   animationSpeed: 1.0,
					   belowTempChance: 0,
 					   belowTempThresholdByType: {
						"*-temporaria-*": 0,
						"*-arvalis-*": -2,
						"*-dalmatina-*": 2,
						"*-latastei-*": 4,
						"*-pseudodalmatina-*": 9,
						"*-graeca-*": 5,
						"*-iberica-*": 4,
						"*-italica-*": 3,
						"*-pyrenaica-*": 1,
						"*-macrocnemis-*": 0,
						"*-tavasensis-*": 7,
						"*-amurensis-*": -5,
						"*-asiatica-*": -1,
						"*-coreana-*": 4,
						"*-chensinensis-*": 1,
						"*-dybowskii-*": -2,
						"*-chaochiaoensis-*": 15,
						"*-huanrensis-*": 3,
						"*-dabieshanensis-*": 8,
						"*-jiulingensis-*": 11,
						"*-jiemuxiensis-*": 12,
						"*-johnsi-*": 16,
						"*-kukunoris-*": -2,
						"*-luanchuanensis-*": 6,
						"*-maoershanensis-*": 17,
						"*-omeimontis-*": 0,
						"*-sangzhiensis-*": 16,
						"*-zhenhaiensis-*": 15,
						"*-longicrus-*": 19,
						"*-sauteri-*": 19,
						"*-japonica-*": 2,
						"*-tagoi-*": 4,
						"*-kyoto-*": 4,
						"*-neba-*": 6,
						"*-sakuraii-*": 5,
						"*-pirica-*": -1,
						"*-ornativentris-*": 5,
						"*-tsushimensis-*": 10,
						"*-uenoi-*": 5,
						"*-ulma-*": 16,
						"*-kobai-*": 13,
						},
                        		   soundByType: {
							"*-temporaria-*":"game:creature/pondfrog/song1",
							"*-arvalis-*":"game:creature/pondfrog/song2",
							"*-dalmatina-*":"game:creature/pondfrog/song3",
							"*-latastei-*":"game:creature/pondfrog/song3",
							"*-pseudodalmatina-*":"game:creature/pondfrog/song4",
							"*-graeca-*":"game:creature/pondfrog/song7",
							"*-iberica-*":"game:creature/pondfrog/song5",
							"*-italica-*":"game:creature/pondfrog/song7",
							"*-pyrenaica-*":"game:creature/pondfrog/song6",
							"*-macrocnemis-*":"game:creature/pondfrog/song4",
							"*-tavasensis-*":"game:creature/pondfrog/song4",
							"*-amurensis-*":"game:creature/pondfrog/song8",
							"*-asiatica-*":"game:creature/pondfrog/song1",
							"*-coreana-*":"game:creature/pondfrog/song8",
							"*-chensinensis-*":"game:creature/pondfrog/song8",
							"*-dybowskii-*":"game:creature/pondfrog/song8",
							"*-chaochiaoensis-*":"game:creature/pondfrog/song8",
							"*-huanrensis-*":"game:creature/pondfrog/song8",
							"*-dabieshanensis-*":"game:creature/pondfrog/song8",
							"*-jiulingensis-*":"game:creature/pondfrog/song8",
							"*-johnsi-*":"game:creature/pondfrog/song8",
							"*-kukunoris-*":"game:creature/pondfrog/song8",
							"*-luanchuanensis-*":"game:creature/pondfrog/song8",
							"*-maoershanensis-*":"game:creature/pondfrog/song8",
							"*-omeimontis-*":"game:creature/pondfrog/song8",
							"*-sangzhiensis-*":"game:creature/pondfrog/song8",
							"*-zhenhaiensis-*":"game:creature/pondfrog/song8",
							"*-longicrus-*":"game:creature/pondfrog/song9",
							"*-sauteri-*":"game:creature/pondfrog/song9",
							"*-japonica-*":"game:creature/pondfrog/song11",
							"*-tagoi-*":"game:creature/pondfrog/song10",
							"*-kyoto-*":"game:creature/pondfrog/song10",
							"*-neba-*":"game:creature/pondfrog/song10",
							"*-sakuraii-*":"game:creature/pondfrog/song11",
							"*-pirica-*":"game:creature/pondfrog/song11",
							"*-ornativentris-*":"game:creature/pondfrog/song12",
							"*-tsushimensis-*":"game:creature/pondfrog/song13",
							"*-uenoi-*":"game:creature/pondfrog/song12",
							"*-ulma-*":"game:creature/pondfrog/song13",
							"*-kobai-*":"game:creature/pondfrog/song13",
                            				"*": "game:creature/pondfrog/song1"
                        				},
                        		   soundRangeByType: {
                            				      "*": 50
                        				     }
                    			},
					{
						code: "fleeentity",
						entityCodes: [ "player", "wolf-male", "wolf-female", "bear-*", "hyena-male", "hyena-female" ],
						priority: 1.7,
						seekingRange: 2,
						animation: "jump",
						whenInEmotionState: "fleeondamage",
						animationSpeed: 1,
						movespeed: 0.0035
					},
					{
						code: "idle",
						priority: 1.3,
						priorityForCancel: 1.35,
						minduration: 200000,
						maxduration: 800000,
						mincooldown: 10000,
						maxcooldown: 30000,
						animation: "sleep",
						animationSpeed: 0.3,
						belowTempPriority: 1.9,
 						belowTempThresholdByType: {
						"*-temporaria-*": 0,
						"*-arvalis-*": -2,
						"*-dalmatina-*": 2,
						"*-latastei-*": 4,
						"*-pseudodalmatina-*": 9,
						"*-graeca-*": 5,
						"*-iberica-*": 4,
						"*-italica-*": 3,
						"*-pyrenaica-*": 1,
						"*-macrocnemis-*": 0,
						"*-tavasensis-*": 7,
						"*-amurensis-*": -5,
						"*-asiatica-*": -1,
						"*-coreana-*": 4,
						"*-chensinensis-*": 1,
						"*-dybowskii-*": -2,
						"*-chaochiaoensis-*": 15,
						"*-huanrensis-*": 3,
						"*-dabieshanensis-*": 8,
						"*-jiulingensis-*": 11,
						"*-jiemuxiensis-*": 12,
						"*-johnsi-*": 16,
						"*-kukunoris-*": -2,
						"*-luanchuanensis-*": 6,
						"*-maoershanensis-*": 17,
						"*-omeimontis-*": 0,
						"*-sangzhiensis-*": 16,
						"*-zhenhaiensis-*": 15,
						"*-longicrus-*": 19,
						"*-sauteri-*": 19,
						"*-japonica-*": 2,
						"*-tagoi-*": 4,
						"*-kyoto-*": 4,
						"*-neba-*": 6,
						"*-sakuraii-*": 5,
						"*-pirica-*": -1,
						"*-ornativentris-*": 5,
						"*-tsushimensis-*": 10,
						"*-uenoi-*": 5,
						"*-ulma-*": 16,
						"*-kobai-*": 13,
						},
						duringDayTimeFrames: [ { fromHour: 12, toHour: 17 } ],
						stopOnNearbyEntityCodes: ["player"],
						stopRange: 2,
						stopOnHurt: true
					},					
					{
						code: "idle",
						priority: 1.1,
						priorityForCancel: 1.35,
						minduration: 2500,
						maxduration: 2500,
						mincooldown: 6000,
						maxcooldown: 20000,
						animation: "idle",
						animationSpeed: 1
					},
					{
						code: "wander", 
						priority: 1.0, 
						priorityForCancel: 1.35,
						animation: "jump",
						preferredLightLevel: 20,
						animationSpeed: 1,
						movespeed: 0.0025
					},
					{
						code: "getoutofwater",
						priority: 1.4,
						movespeed: 0.0025,
						animation: "swim",
						animationSpeed: 1
					},
					{
						code: "idle",
						priority: 0.6,
						priorityForCancel: 1.35,
						minduration: 5000,
						maxduration: 30000,
						mincooldown: 2000,
						maxcooldown: 120000,
						animation: "eat",
						stopOnNearbyEntityCodes: ["player"],
						stopRange: 2					},
					{ 
						code: "lookaround", 
						turnSpeedMul: 0.2,
						priority: 0.5
					}
				]
			},
		],
		spawnconditions: {

				runtime: {
					group: "passive",
					chanceByType: {
						"*-temporaria-*": 0.0063,
						"*-arvalis-*": 0.005,
						"*-dalmatina-*": 0.005,
						"*-latastei-*": 0.005,
						"*-pseudodalmatina-*": 0.005,
						"*-graeca-*": 0.025,
						"*-iberica-*": 0.025,
						"*-italica-*": 0.025,
						"*-pyrenaica-*": 0.025,
						"*-macrocnemis-*": 0.005,
						"*-tavasensis-*": 0.005,
						"*-amurensis-*": 0.0055,
						"*-asiatica-*": 0.005,
						"*-coreana-*": 0.005,
						"*-chensinensis-*": 0.0055,
						"*-dybowskii-*": 0.005,
						"*-chaochiaoensis-*": 0.005,
						"*-huanrensis-*": 0.006,
						"*-dabieshanensis-*": 0.005,
						"*-jiulingensis-*": 0.005,
						"*-jiemuxiensis-*": 0.005,
						"*-johnsi-*": 0.005,
						"*-kukunoris-*": 0.005,
						"*-luanchuanensis-*": 0.005,
						"*-maoershanensis-*": 0.005,
						"*-omeimontis-*": 0.005,
						"*-sangzhiensis-*": 0.0055,
						"*-zhenhaiensis-*": 0.005,
						"*-longicrus-*": 0.005,
						"*-sauteri-*": 0.005,
						"*-japonica-*": 0.0063,
						"*-tagoi-*": 0.006,
						"*-kyoto-*": 0.006,
						"*-neba-*": 0.006,
						"*-sakuraii-*": 0.006,
						"*-pirica-*": 0.005,
						"*-ornativentris-*": 0.005,
						"*-tsushimensis-*": 0.005,
						"*-uenoi-*": 0.005,
						"*-ulma-*": 0.006,
						"*-kobai-*": 0.005,
							},
					tryOnlySurface: true,
					spawnCapPlayerScaling: 0.05,
					maxQuantityByGroup: { code: "rana-*", maxQuantity: 25 },				
					groupSize: { dist: "verynarrowgaussian", avg: 2, var: 2 },
					insideBlockCodesByType: { 
							     "*-graeca-*":["game:water-d-*", "game:water-n-*", "game:water-ne-*", "game:water-e-*", "game:water-se-*", "game:water-s-*", "game:water-sw-*", "game:water-w-*", "game:water-nw-*", "game:flower-horsetail-*"],
							     "*-iberica-*":["game:water-d-*", "game:water-n-*", "game:water-ne-*", "game:water-e-*", "game:water-se-*", "game:water-s-*", "game:water-sw-*", "game:water-w-*", "game:water-nw-*", "game:flower-horsetail-*"],
							     "*-italica-*":["game:water-d-*", "game:water-n-*", "game:water-ne-*", "game:water-e-*", "game:water-se-*", "game:water-s-*", "game:water-sw-*", "game:water-w-*", "game:water-nw-*", "game:flower-horsetail-*"],
							     "*-pyrenaica-*":["game:water-d-*", "game:water-n-*", "game:water-ne-*", "game:water-e-*", "game:water-se-*", "game:water-s-*", "game:water-sw-*", "game:water-w-*", "game:water-nw-*", "game:flower-horsetail-*"],
							     "*-amurensis-*":["game:water-*", "game:tallplant-coopersreed-*", "game:tallplant-papyrus-*", "game:flower-horsetail-*"],
							     "*-huanrensis-*":["game:water-d-*", "game:water-n-*", "game:water-ne-*", "game:water-e-*", "game:water-se-*", "game:water-s-*", "game:water-sw-*", "game:water-w-*", "game:water-nw-*", "game:flower-horsetail-*"],
							     "*-sangzhiensis-*":["game:water-d-*", "game:water-n-*", "game:water-ne-*", "game:water-e-*", "game:water-se-*", "game:water-s-*", "game:water-sw-*", "game:water-w-*", "game:water-nw-*", "game:flower-horsetail-*"],
							     "*-sauteri-*":["game:water-d-*", "game:water-n-*", "game:water-ne-*", "game:water-e-*", "game:water-se-*", "game:water-s-*", "game:water-sw-*", "game:water-w-*", "game:water-nw-*", "game:flower-horsetail-*"],
							     "*-tagoi-*":["game:water-d-*", "game:water-n-*", "game:water-ne-*", "game:water-e-*", "game:water-se-*", "game:water-s-*", "game:water-sw-*", "game:water-w-*", "game:water-nw-*", "game:flower-horsetail-*"],
							     "*-kyoto-*":["game:water-d-*", "game:water-n-*", "game:water-ne-*", "game:water-e-*", "game:water-se-*", "game:water-s-*", "game:water-sw-*", "game:water-w-*", "game:water-nw-*", "game:flower-horsetail-*"],
							     "*-neba-*":["game:water-d-*", "game:water-n-*", "game:water-ne-*", "game:water-e-*", "game:water-se-*", "game:water-s-*", "game:water-sw-*", "game:water-w-*", "game:water-nw-*", "game:flower-horsetail-*"],
							     "*-sakuraii-*":["game:water-d-*", "game:water-n-*", "game:water-ne-*", "game:water-e-*", "game:water-se-*", "game:water-s-*", "game:water-sw-*", "game:water-w-*", "game:water-nw-*", "game:flower-horsetail-*"],
							     "*-ulma-*":["game:water-d-*", "game:water-n-*", "game:water-ne-*", "game:water-e-*", "game:water-se-*", "game:water-s-*", "game:water-sw-*", "game:water-w-*", "game:water-nw-*", "game:flower-horsetail-*"],
							     "*":["game:water-still-7", "game:tallplant-coopersreed-*", "game:tallplant-papyrus-*", "game:flower-horsetail-*"],
					},
					minTempByType: {
						"*-temporaria-*": 3,
						"*-arvalis-*": 1,
						"*-dalmatina-*": 5,
						"*-latastei-*": 7,
						"*-pseudodalmatina-*": 12,
						"*-graeca-*": 8,
						"*-iberica-*": 7,
						"*-italica-*": 6,
						"*-pyrenaica-*": 4,
						"*-macrocnemis-*": 3,
						"*-tavasensis-*": 10,
						"*-amurensis-*": -2,
						"*-asiatica-*": 2,
						"*-coreana-*": 7,
						"*-chensinensis-*": 4,
						"*-dybowskii-*": 1,
						"*-chaochiaoensis-*": 18,
						"*-huanrensis-*": 6,
						"*-dabieshanensis-*": 11,
						"*-jiulingensis-*": 14,
						"*-jiemuxiensis-*": 15,
						"*-johnsi-*": 19,
						"*-kukunoris-*": 1,
						"*-luanchuanensis-*": 9,
						"*-maoershanensis-*": 20,
						"*-omeimontis-*": 3,
						"*-sangzhiensis-*": 19,
						"*-zhenhaiensis-*": 18,
						"*-longicrus-*": 22,
						"*-sauteri-*": 22,
						"*-japonica-*": 5,
						"*-tagoi-*": 7,
						"*-kyoto-*": 7,
						"*-neba-*": 9,
						"*-sakuraii-*": 8,
						"*-pirica-*": 2,
						"*-ornativentris-*": 8,
						"*-tsushimensis-*": 13,
						"*-uenoi-*": 8,
						"*-ulma-*": 19,
						"*-kobai-*": 16,
					},
					maxTempByType: {
						"*-temporaria-*": 18,
						"*-arvalis-*": 14,
						"*-dalmatina-*": 20,
						"*-latastei-*": 18,
						"*-pseudodalmatina-*": 18,
						"*-graeca-*": 21,
						"*-iberica-*": 20,
						"*-italica-*": 19,
						"*-pyrenaica-*": 16,
						"*-macrocnemis-*": 16,
						"*-tavasensis-*": 18,
						"*-amurensis-*": 11,
						"*-asiatica-*": 19,
						"*-coreana-*": 20,
						"*-chensinensis-*": 22,
						"*-dybowskii-*": 17,
						"*-chaochiaoensis-*": 29,
						"*-huanrensis-*": 18,
						"*-dabieshanensis-*": 17,
						"*-jiulingensis-*": 20,
						"*-jiemuxiensis-*": 23,
						"*-johnsi-*": 31,
						"*-kukunoris-*": 16,
						"*-luanchuanensis-*": 15,
						"*-maoershanensis-*": 26,
						"*-omeimontis-*": 16,
						"*-sangzhiensis-*": 25,
						"*-zhenhaiensis-*": 25,
						"*-longicrus-*": 28,
						"*-sauteri-*": 28,
						"*-japonica-*": 23,
						"*-tagoi-*": 22,
						"*-kyoto-*": 22,
						"*-neba-*": 19,
						"*-sakuraii-*": 20,
						"*-pirica-*": 15,
						"*-ornativentris-*": 23,
						"*-tsushimensis-*": 23,
						"*-uenoi-*": 22,
						"*-ulma-*": 33,
						"*-kobai-*": 31,
					},
					minRainByType: {
						"*-temporaria-*": 0.6,
						"*-arvalis-*": 0.65,
						"*-dalmatina-*": 0.55,
						"*-latastei-*": 0.6,
						"*-pseudodalmatina-*": 0.7,
						"*-graeca-*": 0.6,
						"*-iberica-*": 0.55,
						"*-italica-*": 0.65,
						"*-pyrenaica-*": 0.55,
						"*-macrocnemis-*": 0.6,
						"*-tavasensis-*": 0.55,
						"*-amurensis-*": 0.5,
						"*-asiatica-*": 0.45,
						"*-coreana-*": 0.65,
						"*-chensinensis-*": 0.55,
						"*-dybowskii-*": 0.55,
						"*-chaochiaoensis-*": 0.7,
						"*-huanrensis-*": 0.6,
						"*-dabieshanensis-*": 0.65,
						"*-jiulingensis-*": 0.65,
						"*-jiemuxiensis-*": 0.6,
						"*-johnsi-*": 0.65,
						"*-kukunoris-*": 0.45,
						"*-luanchuanensis-*": 0.6,
						"*-maoershanensis-*": 0.7,
						"*-omeimontis-*": 0.65,
						"*-sangzhiensis-*": 0.7,
						"*-zhenhaiensis-*": 0.55,
						"*-longicrus-*": 0.75,
						"*-sauteri-*": 0.75,
						"*-japonica-*": 0.65,
						"*-tagoi-*": 0.7,
						"*-kyoto-*": 0.7,
						"*-neba-*": 0.6,
						"*-sakuraii-*": 0.65,
						"*-pirica-*": 0.7,
						"*-ornativentris-*": 0.55,
						"*-tsushimensis-*": 0.75,
						"*-uenoi-*": 0.6,
						"*-ulma-*": 0.75,
						"*-kobai-*": 0.75,
					},
					maxRainByType: {
						"*-temporaria-*": 0.9,
						"*-arvalis-*": 0.85,
						"*-dalmatina-*": 0.8,
						"*-latastei-*": 0.85,
						"*-pseudodalmatina-*": 1,
						"*-graeca-*": 0.95,
						"*-iberica-*": 0.9,
						"*-italica-*": 0.95,
						"*-pyrenaica-*": 0.9,
						"*-macrocnemis-*": 0.95,
						"*-tavasensis-*": 0.8,
						"*-amurensis-*": 0.8,
						"*-asiatica-*": 0.75,
						"*-coreana-*": 0.95,
						"*-chensinensis-*": 0.9,
						"*-dybowskii-*": 0.9,
						"*-chaochiaoensis-*": 1,
						"*-huanrensis-*": 0.95,
						"*-dabieshanensis-*": 0.9,
						"*-jiulingensis-*": 0.85,
						"*-jiemuxiensis-*": 0.85,
						"*-johnsi-*": 0.95,
						"*-kukunoris-*": 0.75,
						"*-luanchuanensis-*": 0.95,
						"*-maoershanensis-*": 0.95,
						"*-omeimontis-*": 1,
						"*-sangzhiensis-*": 0.95,
						"*-zhenhaiensis-*": 0.9,
						"*-longicrus-*": 1,
						"*-sauteri-*": 1,
						"*-japonica-*": 1,
						"*-tagoi-*": 1,
						"*-kyoto-*": 1,
						"*-neba-*": 0.9,
						"*-sakuraii-*": 0.95,
						"*-pirica-*": 1,
						"*-ornativentris-*": 0.9,
						"*-tsushimensis-*": 1,
						"*-uenoi-*": 0.9,
						"*-ulma-*": 1,
						"*-kobai-*": 1,
					},
					minYByType: {
						"*-temporaria-*": 1.01,
						"*-arvalis-*": 1.03,
						"*-dalmatina-*": 1,
						"*-latastei-*": 1,
						"*-pseudodalmatina-*": 1.02,
						"*-graeca-*": 1.04,
						"*-iberica-*": 1,
						"*-italica-*": 1,
						"*-pyrenaica-*": 1.21,
						"*-macrocnemis-*": 1.1,
						"*-tavasensis-*": 1.48,
						"*-amurensis-*": 1.01,
						"*-asiatica-*": 1.16,
						"*-coreana-*": 1,
						"*-chensinensis-*": 1.03,
						"*-dybowskii-*": 1,
						"*-chaochiaoensis-*": 1.15,
						"*-huanrensis-*": 1.12,
						"*-dabieshanensis-*": 1.33,
						"*-jiulingensis-*": 1.34,
						"*-jiemuxiensis-*": 1.16,
						"*-johnsi-*": 1.1,
						"*-kukunoris-*": 1.62,
						"*-luanchuanensis-*": 1.17,
						"*-maoershanensis-*": 1.47,
						"*-omeimontis-*": 1.11,
						"*-sangzhiensis-*": 1.21,
						"*-zhenhaiensis-*": 1.03,
						"*-longicrus-*": 1,
						"*-sauteri-*": 1,
						"*-japonica-*": 1.01,
						"*-tagoi-*": 1.04,
						"*-kyoto-*": 1.04,
						"*-neba-*": 1.16,
						"*-sakuraii-*": 1.18,
						"*-pirica-*": 1.02,
						"*-ornativentris-*": 1.2,
						"*-tsushimensis-*": 1,
						"*-uenoi-*": 1,
						"*-ulma-*": 1,
						"*-kobai-*": 1,
					},
					maxYByType: {
						"*-temporaria-*": 1.66,
						"*-arvalis-*": 1.4,
						"*-dalmatina-*": 1.54,
						"*-latastei-*": 1.1,
						"*-pseudodalmatina-*": 1.62,
						"*-graeca-*": 1.6,
						"*-iberica-*": 1.64,
						"*-italica-*": 1.53,
						"*-pyrenaica-*": 1.61,
						"*-macrocnemis-*": 1.65,
						"*-tavasensis-*": 1.58,
						"*-amurensis-*": 1.2,
						"*-asiatica-*": 1.52,
						"*-coreana-*": 1.18,
						"*-chensinensis-*": 1.6,
						"*-dybowskii-*": 1.28,
						"*-chaochiaoensis-*": 1.62,
						"*-huanrensis-*": 1.3,
						"*-dabieshanensis-*": 1.41,
						"*-jiulingensis-*": 1.42,
						"*-jiemuxiensis-*": 1.22,
						"*-johnsi-*": 1.3,
						"*-kukunoris-*": 1.82,
						"*-luanchuanensis-*": 1.26,
						"*-maoershanensis-*": 1.59,
						"*-omeimontis-*": 1.61,
						"*-sangzhiensis-*": 1.42,
						"*-zhenhaiensis-*": 1.12,
						"*-longicrus-*": 1.3,
						"*-sauteri-*": 1.14,
						"*-japonica-*": 1.33,
						"*-tagoi-*": 1.3,
						"*-kyoto-*": 1.3,
						"*-neba-*": 1.38,
						"*-sakuraii-*": 1.4,
						"*-pirica-*": 1.31,
						"*-ornativentris-*": 1.34,
						"*-tsushimensis-*": 1.15,
						"*-uenoi-*": 1.42,
						"*-ulma-*": 1.07,
						"*-kobai-*": 1.07,
					},
					minShrubsByType: {
						"*-temporaria-*": 0.15,
						"*-arvalis-*": 0.1,
						"*-dalmatina-*": 0.33,
						"*-latastei-*": 0.33,
						"*-pseudodalmatina-*": 0.55,
						"*-graeca-*": 0.1,
						"*-iberica-*": 0.4,
						"*-italica-*": 0.15,
						"*-pyrenaica-*": 0,
						"*-macrocnemis-*": 0.33,
						"*-tavasensis-*": 0.1,
						"*-amurensis-*": 0.1,
						"*-asiatica-*": 0.1,
						"*-coreana-*": 0.45,
						"*-chensinensis-*": 0.15,
						"*-dybowskii-*": 0.1,
						"*-chaochiaoensis-*": 0.45,
						"*-huanrensis-*": 0.15,
						"*-dabieshanensis-*": 0.45,
						"*-jiulingensis-*": 0.33,
						"*-jiemuxiensis-*": 0.4,
						"*-johnsi-*": 0.15,
						"*-kukunoris-*": 0,
						"*-luanchuanensis-*": 0.2,
						"*-maoershanensis-*": 0.15,
						"*-omeimontis-*": 0.1,
						"*-sangzhiensis-*": 0.1,
						"*-zhenhaiensis-*": 0.1,
						"*-longicrus-*": 0.1,
						"*-sauteri-*": 0.15,
						"*-japonica-*": 0.1,
						"*-tagoi-*": 0.1,
						"*-kyoto-*": 0.1,
						"*-neba-*": 0.33,
						"*-sakuraii-*": 0.1,
						"*-pirica-*": 0.2,
						"*-ornativentris-*": 0.1,
						"*-tsushimensis-*": 0.33,
						"*-uenoi-*": 0.1,
						"*-ulma-*": 0.45,
						"*-kobai-*": 0.45,
					},
					maxShrubsByType: {
						"*-temporaria-*": 0.7,
						"*-arvalis-*": 0.55,
						"*-dalmatina-*": 0.9,
						"*-latastei-*": 0.95,
						"*-pseudodalmatina-*": 1,
						"*-graeca-*": 0.55,
						"*-iberica-*": 1,
						"*-italica-*": 0.75,
						"*-pyrenaica-*": 0.4,
						"*-macrocnemis-*": 0.9,
						"*-tavasensis-*": 0.55,
						"*-amurensis-*": 0.55,
						"*-asiatica-*": 0.55,
						"*-coreana-*": 0.95,
						"*-chensinensis-*": 0.8,
						"*-dybowskii-*": 0.5,
						"*-chaochiaoensis-*": 0.9,
						"*-huanrensis-*": 0.6,
						"*-dabieshanensis-*": 0.83,
						"*-jiulingensis-*": 0.7,
						"*-jiemuxiensis-*": 0.8,
						"*-johnsi-*": 0.7,
						"*-kukunoris-*": 0.7,
						"*-luanchuanensis-*": 0.7,
						"*-maoershanensis-*": 0.6,
						"*-omeimontis-*": 0.5,
						"*-sangzhiensis-*": 0.5,
						"*-zhenhaiensis-*": 0.5,
						"*-longicrus-*": 0.65,
						"*-sauteri-*": 0.7,
						"*-japonica-*": 0.75,
						"*-tagoi-*": 0.9,
						"*-kyoto-*": 0.9,
						"*-neba-*": 0.7,
						"*-sakuraii-*": 0.5,
						"*-pirica-*": 0.7,
						"*-ornativentris-*": 0.5,
						"*-tsushimensis-*": 0.7,
						"*-uenoi-*": 0.5,
						"*-ulma-*": 0.83,
						"*-kobai-*": 0.83,
					},
					minForestByType: {
						"*-temporaria-*": 0.1,
						"*-arvalis-*": 0.05,
						"*-dalmatina-*": 0.4,
						"*-latastei-*": 0,
						"*-pseudodalmatina-*": 0.55,
						"*-graeca-*": 0.4,
						"*-iberica-*": 0,
						"*-italica-*": 0,
						"*-pyrenaica-*": 0,
						"*-macrocnemis-*": 0.5,
						"*-tavasensis-*": 0.5,
						"*-amurensis-*": 0.5,
						"*-asiatica-*": 0.2,
						"*-coreana-*": 0.25,
						"*-chensinensis-*": 0.1,
						"*-dybowskii-*": 0.55,
						"*-chaochiaoensis-*": 0.33,
						"*-huanrensis-*": 0.5,
						"*-dabieshanensis-*": 0.33,
						"*-jiulingensis-*": 0.45,	
						"*-jiemuxiensis-*": 0.2,
						"*-johnsi-*": 0.55,
						"*-kukunoris-*": 0,
						"*-luanchuanensis-*": 0.33,
						"*-maoershanensis-*": 0.1,
						"*-omeimontis-*": 0.55,
						"*-sangzhiensis-*": 0.55,
						"*-zhenhaiensis-*": 0.25,
						"*-longicrus-*": 0.45,
						"*-sauteri-*": 0.5,
						"*-japonica-*": 0.1,
						"*-tagoi-*": 0.55,
						"*-kyoto-*": 0.55,
						"*-neba-*": 0.25,
						"*-sakuraii-*": 0.55,
						"*-pirica-*": 0.5,
						"*-ornativentris-*": 0.25,
						"*-tsushimensis-*": 0.25,
						"*-uenoi-*": 0.55,
						"*-ulma-*": 0.55,
						"*-kobai-*": 0.33,
					},
					maxForestByType: {
						"*-temporaria-*": 1,
						"*-arvalis-*": 0.85,
						"*-dalmatina-*": 1,
						"*-latastei-*": 0.45,
						"*-pseudodalmatina-*": 1,
						"*-graeca-*": 1,
						"*-iberica-*": 0.45,
						"*-italica-*": 0.55,
						"*-pyrenaica-*": 0.45,
						"*-macrocnemis-*": 1,
						"*-tavasensis-*": 0.9,
						"*-amurensis-*": 1,
						"*-asiatica-*": 0.9,
						"*-coreana-*": 1,
						"*-chensinensis-*": 0.85,
						"*-dybowskii-*": 1,
						"*-chaochiaoensis-*": 0.9,
						"*-huanrensis-*": 0.95,
						"*-dabieshanensis-*": 0.83,
						"*-jiulingensis-*": 0.9,
						"*-jiemuxiensis-*": 0.6,
						"*-johnsi-*": 1,
						"*-kukunoris-*": 0.7,
						"*-luanchuanensis-*": 0.83,
						"*-maoershanensis-*": 0.5,
						"*-omeimontis-*": 1,
						"*-sangzhiensis-*": 1,
						"*-zhenhaiensis-*": 0.7,
						"*-longicrus-*": 0.95,
						"*-sauteri-*": 1,
						"*-japonica-*": 1,
						"*-tagoi-*": 1,
						"*-kyoto-*": 1,
						"*-neba-*": 0.7,
						"*-sakuraii-*": 1,
						"*-pirica-*": 1,
						"*-ornativentris-*": 0.7,
						"*-tsushimensis-*": 0.7,
						"*-uenoi-*": 1,
						"*-ulma-*": 1,
						"*-kobai-*": 0.83,
					},
					"companions": [ "pondfrogsi:rana-{type}-male", "pondfrogsi:rana-{type}-female"],
					
				}
		}
	},
	soundsByType: {
		"*-temporaria-*": {
        	                  idle: "game:creature/pondfrog/song1",
				  death: "game:creature/pondfrog/song1",
				  },
		"*-arvalis-*": {
        	                  idle: "game:creature/pondfrog/song2",
				  death: "game:creature/pondfrog/song2",
				  },
		"*-dalmatina-*": {
        	                  idle: "game:creature/pondfrog/song3",
				  death: "game:creature/pondfrog/song3",
				  },
		"*-latastei-*": {
        	                  idle: "game:creature/pondfrog/song3",
				  death: "game:creature/pondfrog/song3",
				  },
		"*-pseudodalmatina-*": {
        	                  idle: "game:creature/pondfrog/song4",
				  death: "game:creature/pondfrog/song4",
				  },
		"*-graeca-*": {
        	                  idle: "game:creature/pondfrog/song7",
				  death: "game:creature/pondfrog/song7",
				  },
		"*-iberica-*": {
        	                  idle: "game:creature/pondfrog/song5",
				  death: "game:creature/pondfrog/song5",
				  },
		"*-italica-*": {
        	                  idle: "game:creature/pondfrog/song7",
				  death: "game:creature/pondfrog/song7",
				  },
		"*-pyrenaica-*": {
        	                  idle: "game:creature/pondfrog/song6",
				  death: "game:creature/pondfrog/song6",
				  },
		"*-macrocnemis-*": {
        	                  idle: "game:creature/pondfrog/song4",
				  death: "game:creature/pondfrog/song4",
				  },
		"*-tavasensis-*": {
        	                  idle: "game:creature/pondfrog/song4",
				  death: "game:creature/pondfrog/song4",
				  },
		"*-amurensis-*": {
        	                  idle: "game:creature/pondfrog/song8",
				  death: "game:creature/pondfrog/song8",
				  },
		"*-asiatica-*": {
        	                  idle: "game:creature/pondfrog/song1",
				  death: "game:creature/pondfrog/song1",
				  },
		 "*-coreana-*": {
        	                  idle: "game:creature/pondfrog/song8",
				  death: "game:creature/pondfrog/song8",
				  },
		"*-chensinensis-*": {
        	                  idle: "game:creature/pondfrog/song8",
				  death: "game:creature/pondfrog/song8",
				  },
		"*-dybowskii-*": {
        	                  idle: "game:creature/pondfrog/song8",
				  death: "game:creature/pondfrog/song8",
				  },
		"*-chaochiaoensis-*": {
        	                  idle: "game:creature/pondfrog/song8",
				  death: "game:creature/pondfrog/song8",
				  },
		"*-huanrensis-*": {
        	                  idle: "game:creature/pondfrog/song8",
				  death: "game:creature/pondfrog/song8",
				  },
		"*-dabieshanensis-*": {
        	                  idle: "game:creature/pondfrog/song8",
				  death: "game:creature/pondfrog/song8",
				  },
		"*-jiulingensis-*": {
        	                  idle: "game:creature/pondfrog/song8",
				  death: "game:creature/pondfrog/song8",
				  },
		"*-jiemuxiensis-*": {
        	                  idle: "game:creature/pondfrog/song8",
				  death: "game:creature/pondfrog/song8",
				  },
		"*-johnsi-*": {
        	                  idle: "game:creature/pondfrog/song8",
				  death: "game:creature/pondfrog/song8",
				  },
		"*-kukunoris-*": {
        	                  idle: "game:creature/pondfrog/song8",
				  death: "game:creature/pondfrog/song8",
				  },
		"*-luanchuanensis-*": {
        	                  idle: "game:creature/pondfrog/song8",
				  death: "game:creature/pondfrog/song8",
				  },
		"*-maoershanensis-*": {
        	                  idle: "game:creature/pondfrog/song8",
				  death: "game:creature/pondfrog/song8",
				  },
		"*-omeimontis-*": {
        	                  idle: "game:creature/pondfrog/song8",
				  death: "game:creature/pondfrog/song8",
				  },
		"*-sangzhiensis-*": {
        	                  idle: "game:creature/pondfrog/song8",
				  death: "game:creature/pondfrog/song8",
				  },
		"*-zhenhaiensis-*": {
        	                  idle: "game:creature/pondfrog/song8",
				  death: "game:creature/pondfrog/song8",
				  },
		"*-longicrus-*": {
        	                  idle: "game:creature/pondfrog/song9",
				  death: "game:creature/pondfrog/song9",
				  },
		"*-sauteri-*": {
        	                  idle: "game:creature/pondfrog/song9",
				  death: "game:creature/pondfrog/song9",
				  },
		"*-japonica-*": {
        	                  idle: "game:creature/pondfrog/song11",
				  death: "game:creature/pondfrog/song11",
				  },
		"*-tagoi-*": {
        	                  idle: "game:creature/pondfrog/song10",
				  death: "game:creature/pondfrog/song10",
				  },
		"*-kyoto-*": {
        	                  idle: "game:creature/pondfrog/song10",
				  death: "game:creature/pondfrog/song10",
				  },
		"*-neba-*": {
        	                  idle: "game:creature/pondfrog/song10",
				  death: "game:creature/pondfrog/song10",
				  },
		"*-sakuraii-*": {
        	                  idle: "game:creature/pondfrog/song11",
				  death: "game:creature/pondfrog/song11",
				  },
		"*-pirica-*": {
        	                  idle: "game:creature/pondfrog/song11",
				  death: "game:creature/pondfrog/song11",
				  },
		"*-ornativentris-*": {
        	                  idle: "game:creature/pondfrog/song12",
				  death: "game:creature/pondfrog/song12",
				  },
		"*-tsushimensis-*": {
        	                  idle: "game:creature/pondfrog/song13",
				  death: "game:creature/pondfrog/song13",
				  },
		"*-uenoi-*": {
        	                  idle: "game:creature/pondfrog/song12",
				  death: "game:creature/pondfrog/song12",
				  },
		"*-ulma-*": {
        	                  idle: "game:creature/pondfrog/song13",
				  death: "game:creature/pondfrog/song13",
				  },
		"*-kobai-*": {
        	                  idle: "game:creature/pondfrog/song13",
				  death: "game:creature/pondfrog/song13",
				  },
		"*": {
        	                  idle: "game:creature/pondfrog/song1",
				  death: "game:creature/pondfrog/song1",
				  },
    },
	idleSoundChance: 0,
}

