{
	"editor": {
		"allAngles": true,
		"entityTextureMode": false
	},
	"textureWidth": 16,
	"textureHeight": 16,
	"textureSizes": {
	},
	"textures": {
	},
	"elements": [
		{
			"name": "origin",
			"from": [ 8.0, 0.0, 8.0 ],
			"to": [ 8.0, 0.0, 8.0 ],
			"rotationOrigin": [ 8.0, 0.0, 8.0 ],
			"faces": {
			},
			"children": [
				{
					"name": "main",
					"from": [ -2.0, 0.3, -1.0 ],
					"to": [ 2.0, 1.3, 1.0 ],
					"rotationOrigin": [ 0.0, 0.8, 0.0 ],
					"rotationY": -17.0,
					"faces": {
						"north": { "texture": "#fibers", "uv": [ 8.5, 2.0, 9.5, 6.0 ], "rotation": 90 },
						"east": { "texture": "#fibers", "uv": [ 6.5, 10.0, 8.5, 11.0 ] },
						"south": { "texture": "#fibers", "uv": [ 5.0, 3.5, 6.0, 7.5 ], "rotation": 90 },
						"west": { "texture": "#fibers", "uv": [ 5.0, 10.0, 7.0, 11.0 ] },
						"up": { "texture": "#fibers", "uv": [ 6.0, 8.0, 8.0, 12.0 ], "rotation": 90 },
						"down": { "texture": "#fibers", "uv": [ 7.5, 8.5, 9.5, 12.5 ], "rotation": 90 }
					},
					"children": [
						{
							"name": "tie1",
							"from": [ 2.8, -0.2, -0.2 ],
							"to": [ 3.3, 2.2, 2.8 ],
							"rotationOrigin": [ 3.0, 1.0, 1.0 ],
							"rotationY": 25.0,
							"faces": {
								"north": { "texture": "#fibers", "uv": [ 9.5, 2.0, 10.0, 4.0 ] },
								"east": { "texture": "#fibers", "uv": [ 11.5, 9.0, 14.5, 11.0 ] },
								"south": { "texture": "#fibers", "uv": [ 11.5, 2.0, 12.0, 4.0 ] },
								"west": { "texture": "#fibers", "uv": [ 1.0, 7.0, 4.0, 9.0 ] },
								"up": { "texture": "#fibers", "uv": [ 2.5, 6.0, 3.0, 9.0 ] },
								"down": { "texture": "#fibers", "uv": [ 0.0, 1.5, 0.5, 4.5 ] }
							},
							"children": [
								{
									"name": "loose",
									"from": [ 0.0, 0.0, 3.0 ],
									"to": [ 0.5, 0.5, 4.5 ],
									"rotationOrigin": [ 0.5, 0.5, 3.0 ],
									"faces": {
										"east": { "texture": "#fibers", "uv": [ 2.5, 7.0, 4.0, 7.5 ] },
										"south": { "texture": "#fibers", "uv": [ 3.5, 12.5, 4.0, 13.0 ] },
										"west": { "texture": "#fibers", "uv": [ 11.5, 2.0, 13.0, 2.5 ] },
										"up": { "texture": "#fibers", "uv": [ 7.5, 9.5, 8.0, 11.0 ] },
										"down": { "texture": "#fibers", "uv": [ 3.5, 9.0, 4.0, 10.5 ] }
									}
								}
							]
						},
						{
							"name": "tie2",
							"from": [ 1.3, -0.1, -0.2 ],
							"to": [ 1.8, 2.3, 3.3 ],
							"rotationOrigin": [ 1.5, 1.0, 0.0 ],
							"rotationY": 3.9,
							"faces": {
								"north": { "texture": "#fibers", "uv": [ 2.0, 10.0, 2.5, 12.0 ] },
								"east": { "texture": "#fibers", "uv": [ 1.5, 13.0, 5.0, 15.0 ] },
								"south": { "texture": "#fibers", "uv": [ 10.0, 1.5, 10.5, 3.5 ] },
								"west": { "texture": "#fibers", "uv": [ 7.0, 10.0, 10.5, 12.0 ] },
								"up": { "texture": "#fibers", "uv": [ 7.0, 5.0, 7.5, 8.5 ] },
								"down": { "texture": "#fibers", "uv": [ 7.0, 4.0, 7.5, 7.5 ] }
							}
						},
						{
							"name": "tie3",
							"from": [ 1.8, -0.2, -0.2 ],
							"to": [ 2.3, 2.2, 2.8 ],
							"rotationOrigin": [ 2.0, 1.0, 1.0 ],
							"rotationY": 25.0,
							"faces": {
								"north": { "texture": "#fibers", "uv": [ 10.5, 8.0, 11.0, 10.0 ] },
								"east": { "texture": "#fibers", "uv": [ 2.5, 9.5, 5.5, 11.5 ] },
								"south": { "texture": "#fibers", "uv": [ 14.5, 7.0, 15.0, 9.0 ] },
								"west": { "texture": "#fibers", "uv": [ 4.5, 10.0, 7.5, 12.0 ] },
								"up": { "texture": "#fibers", "uv": [ 2.0, 6.5, 2.5, 9.5 ] },
								"down": { "texture": "#fibers", "uv": [ 0.5, 6.5, 1.0, 9.5 ] }
							}
						},
						{
							"name": "tie4",
							"from": [ 2.4, -0.2, -0.2 ],
							"to": [ 2.9, 2.25, 2.8 ],
							"rotationOrigin": [ 2.6, 1.0, 1.0 ],
							"rotationY": 7.0,
							"faces": {
								"north": { "texture": "#fibers", "uv": [ 6.0, 2.5, 6.5, 4.5 ] },
								"east": { "texture": "#fibers", "uv": [ 4.5, 5.0, 7.5, 7.0 ] },
								"south": { "texture": "#fibers", "uv": [ 13.5, 5.0, 14.0, 7.0 ] },
								"west": { "texture": "#fibers", "uv": [ 0.5, 7.0, 3.5, 9.0 ] },
								"up": { "texture": "#fibers", "uv": [ 13.0, 3.5, 13.5, 6.5 ] },
								"down": { "texture": "#fibers", "uv": [ 0.0, 11.5, 0.5, 14.5 ] }
							}
						},
						{
							"name": "tie5",
							"from": [ 1.2, -0.2, -0.3 ],
							"to": [ 1.7, 2.2, 3.0 ],
							"rotationOrigin": [ 1.4, 1.0, 0.9 ],
							"rotationY": 23.0,
							"faces": {
								"north": { "texture": "#fibers", "uv": [ 8.0, 8.5, 8.5, 10.5 ] },
								"east": { "texture": "#fibers", "uv": [ 9.0, 1.0, 12.0, 3.0 ] },
								"south": { "texture": "#fibers", "uv": [ 0.5, 6.0, 1.0, 8.0 ] },
								"west": { "texture": "#fibers", "uv": [ 7.5, 12.0, 10.5, 14.0 ] },
								"up": { "texture": "#fibers", "uv": [ 3.0, 6.5, 3.5, 9.5 ] },
								"down": { "texture": "#fibers", "uv": [ 2.0, 1.5, 2.5, 4.5 ] }
							}
						},
						{
							"name": "loopE1",
							"from": [ 3.6, -0.1, 0.0 ],
							"to": [ 6.6, 1.1, 1.0 ],
							"rotationOrigin": [ 3.6, 0.5, 0.5 ],
							"rotationY": 22.0,
							"faces": {
								"north": { "texture": "#fibers", "uv": [ 5.5, 1.5, 6.5, 4.5 ], "rotation": 90 },
								"south": { "texture": "#fibers", "uv": [ 4.0, 3.0, 5.0, 6.0 ], "rotation": 90 },
								"west": { "texture": "#fibers", "uv": [ 13.5, 13.0, 14.5, 14.0 ] },
								"up": { "texture": "#fibers", "uv": [ 12.0, 12.5, 13.0, 15.5 ], "rotation": 90 },
								"down": { "texture": "#fibers", "uv": [ 5.5, 1.5, 6.5, 4.5 ], "rotation": 90 }
							}
						},
						{
							"name": "loopE2",
							"from": [ 3.4, 0.9, 1.0 ],
							"to": [ 6.4, 2.1, 2.0 ],
							"rotationOrigin": [ 3.4, 1.5, 1.5 ],
							"rotationX": -13.0,
							"rotationY": -11.0,
							"rotationZ": -4.0,
							"faces": {
								"north": { "texture": "#fibers", "uv": [ 6.5, 9.0, 7.5, 12.0 ], "rotation": 90 },
								"east": { "texture": "#fibers", "uv": [ 0.5, 4.0, 1.5, 5.0 ] },
								"south": { "texture": "#fibers", "uv": [ 3.0, 4.0, 4.0, 7.0 ], "rotation": 90 },
								"west": { "texture": "#fibers", "uv": [ 13.0, 10.0, 14.0, 11.0 ] },
								"up": { "texture": "#fibers", "uv": [ 6.5, 5.5, 7.5, 8.5 ], "rotation": 90 },
								"down": { "texture": "#fibers", "uv": [ 0.5, 0.5, 1.5, 3.5 ], "rotation": 90 }
							}
						},
						{
							"name": "loopW2",
							"from": [ -2.6, 0.3, 1.0 ],
							"to": [ 0.4, 1.5, 2.0 ],
							"rotationOrigin": [ 0.4, 0.9, 1.5 ],
							"rotationY": 25.0,
							"rotationZ": 9.0,
							"faces": {
								"north": { "texture": "#fibers", "uv": [ 0.5, 8.0, 1.5, 11.0 ], "rotation": 90 },
								"east": { "texture": "#fibers", "uv": [ 3.5, 2.5, 4.5, 3.5 ] },
								"south": { "texture": "#fibers", "uv": [ 1.5, 11.5, 2.5, 14.5 ], "rotation": 90 },
								"west": { "texture": "#fibers", "uv": [ 9.5, 5.0, 10.5, 6.0 ] },
								"up": { "texture": "#fibers", "uv": [ 13.5, 4.5, 14.5, 7.5 ], "rotation": 90 },
								"down": { "texture": "#fibers", "uv": [ 9.0, 1.0, 10.0, 4.0 ], "rotation": 90 }
							}
						},
						{
							"name": "loopW1",
							"from": [ -2.3, -0.1, 0.0 ],
							"to": [ 0.7, 1.1, 1.0 ],
							"rotationOrigin": [ 0.7, 0.5, 0.5 ],
							"rotationY": -17.0,
							"faces": {
								"north": { "texture": "#fibers", "uv": [ 9.0, 0.0, 10.0, 3.0 ], "rotation": 90 },
								"east": { "texture": "#fibers", "uv": [ 3.5, 3.5, 4.5, 4.5 ] },
								"south": { "texture": "#fibers", "uv": [ 8.5, 5.0, 9.5, 8.0 ], "rotation": 90 },
								"west": { "texture": "#fibers", "uv": [ 6.0, 5.0, 7.0, 6.0 ] },
								"up": { "texture": "#fibers", "uv": [ 14.0, 4.5, 15.0, 7.5 ], "rotation": 90 },
								"down": { "texture": "#fibers", "uv": [ 8.5, 1.0, 9.5, 4.0 ], "rotation": 90 }
							}
						},
						{
							"name": "loopW3",
							"from": [ -2.3, 0.0, -0.3 ],
							"to": [ -1.3, 1.0, 2.7 ],
							"rotationOrigin": [ -1.8, 0.5, -0.3 ],
							"rotationY": -53.0,
							"faces": {
								"east": { "texture": "#fibers", "uv": [ 8.0, 8.0, 9.0, 11.0 ], "rotation": 90 },
								"south": { "texture": "#fibers", "uv": [ 9.0, 10.0, 10.0, 11.0 ] },
								"west": { "texture": "#fibers", "uv": [ 11.5, 9.5, 12.5, 12.5 ], "rotation": 90 },
								"up": { "texture": "#fibers", "uv": [ 8.5, 7.0, 9.5, 10.0 ] },
								"down": { "texture": "#fibers", "uv": [ 9.0, 11.5, 10.0, 14.5 ] }
							}
						},
						{
							"name": "loopE3",
							"from": [ 5.3, 0.9, 2.1 ],
							"to": [ 6.3, 1.9, 5.1 ],
							"rotationOrigin": [ 5.8, 1.4, 2.1 ],
							"rotationX": -29.0,
							"rotationY": 144.0,
							"faces": {
								"east": { "texture": "#fibers", "uv": [ 1.5, 10.0, 2.5, 13.0 ], "rotation": 90 },
								"west": { "texture": "#fibers", "uv": [ 13.5, 11.0, 14.5, 14.0 ], "rotation": 90 },
								"up": { "texture": "#fibers", "uv": [ 2.0, 3.0, 3.0, 6.0 ] },
								"down": { "texture": "#fibers", "uv": [ 7.0, 8.5, 8.0, 11.5 ] }
							}
						},
						{
							"name": "loopW4",
							"from": [ -4.8, -0.3, 2.4 ],
							"to": [ -1.8, 1.2, 3.4 ],
							"rotationOrigin": [ -1.8, 0.5, 2.9 ],
							"rotationY": -36.0,
							"faces": {
								"north": { "texture": "#fibers", "uv": [ 7.0, 7.5, 8.5, 10.5 ], "rotation": 90 },
								"east": { "texture": "#fibers", "uv": [ 0.5, 3.0, 1.5, 4.5 ] },
								"south": { "texture": "#fibers", "uv": [ 2.5, 1.5, 4.0, 4.5 ], "rotation": 90 },
								"west": { "texture": "#fibers", "uv": [ 8.5, 11.5, 9.5, 13.0 ] },
								"up": { "texture": "#fibers", "uv": [ 5.5, 6.5, 6.5, 9.5 ], "rotation": 90 },
								"down": { "texture": "#fibers", "uv": [ 14.0, 11.5, 15.0, 14.5 ], "rotation": 90 }
							}
						},
						{
							"name": "loopE4",
							"from": [ 5.1, -0.3, -0.1 ],
							"to": [ 8.1, 1.2, 0.9 ],
							"rotationOrigin": [ 8.1, 0.5, 0.4 ],
							"rotationY": -36.0,
							"faces": {
								"north": { "texture": "#fibers", "uv": [ 10.0, 6.5, 11.5, 9.5 ], "rotation": 90 },
								"east": { "texture": "#fibers", "uv": [ 8.0, 5.0, 9.0, 6.5 ] },
								"south": { "texture": "#fibers", "uv": [ 9.5, 0.5, 11.0, 3.5 ], "rotation": 90 },
								"west": { "texture": "#fibers", "uv": [ 10.5, 14.0, 11.5, 15.5 ] },
								"up": { "texture": "#fibers", "uv": [ 1.0, 12.5, 2.0, 15.5 ], "rotation": 90 },
								"down": { "texture": "#fibers", "uv": [ 1.0, 12.5, 2.0, 15.5 ], "rotation": 90 }
							}
						}
					]
				},
				{
					"name": "main2",
					"from": [ -2.0, 1.4, -0.4 ],
					"to": [ 2.0, 2.4, 1.6 ],
					"rotationOrigin": [ 0.0, 1.9, 0.6 ],
					"rotationY": 17.0,
					"faces": {
						"north": { "texture": "#fibers", "uv": [ 1.0, 8.5, 2.0, 12.5 ], "rotation": 90 },
						"east": { "texture": "#fibers", "uv": [ 8.5, 1.5, 10.5, 2.5 ] },
						"south": { "texture": "#fibers", "uv": [ 1.0, 6.5, 2.0, 10.5 ], "rotation": 90 },
						"west": { "texture": "#fibers", "uv": [ 6.5, 3.5, 8.5, 4.5 ] },
						"up": { "texture": "#fibers", "uv": [ 11.0, 10.5, 13.0, 14.5 ], "rotation": 90 },
						"down": { "texture": "#fibers", "uv": [ 4.0, 9.5, 6.0, 13.5 ], "rotation": 90 }
					},
					"children": [
						{
							"name": "loopE5",
							"from": [ 3.6, -0.1, 0.0 ],
							"to": [ 6.6, 1.1, 1.0 ],
							"rotationOrigin": [ 3.6, 0.5, 0.5 ],
							"rotationY": 28.0,
							"rotationZ": -12.0,
							"faces": {
								"north": { "texture": "#fibers", "uv": [ 5.0, 5.5, 6.0, 8.5 ], "rotation": 90 },
								"south": { "texture": "#fibers", "uv": [ 4.0, 12.5, 5.0, 15.5 ], "rotation": 90 },
								"west": { "texture": "#fibers", "uv": [ 13.0, 4.0, 14.0, 5.0 ] },
								"up": { "texture": "#fibers", "uv": [ 7.5, 9.5, 8.5, 12.5 ], "rotation": 90 },
								"down": { "texture": "#fibers", "uv": [ 1.0, 10.5, 2.0, 13.5 ], "rotation": 90 }
							}
						},
						{
							"name": "loopE6",
							"from": [ 3.4, 0.0, 1.0 ],
							"to": [ 6.4, 1.2, 2.0 ],
							"rotationOrigin": [ 3.4, 0.6, 1.5 ],
							"rotationY": -16.0,
							"rotationZ": 2.0,
							"faces": {
								"north": { "texture": "#fibers", "uv": [ 13.0, 1.5, 14.0, 4.5 ], "rotation": 90 },
								"east": { "texture": "#fibers", "uv": [ 14.0, 6.0, 15.0, 7.0 ] },
								"south": { "texture": "#fibers", "uv": [ 10.5, 2.0, 11.5, 5.0 ], "rotation": 90 },
								"west": { "texture": "#fibers", "uv": [ 4.0, 3.0, 5.0, 4.0 ] },
								"up": { "texture": "#fibers", "uv": [ 4.0, 4.0, 5.0, 7.0 ], "rotation": 90 },
								"down": { "texture": "#fibers", "uv": [ 0.0, 8.5, 1.0, 11.5 ], "rotation": 90 }
							}
						},
						{
							"name": "loopW5",
							"from": [ -2.6, 0.0, 1.0 ],
							"to": [ 0.4, 1.2, 2.0 ],
							"rotationOrigin": [ 0.4, 0.6, 1.5 ],
							"rotationY": 25.0,
							"rotationZ": 23.0,
							"faces": {
								"north": { "texture": "#fibers", "uv": [ 5.0, 4.0, 6.0, 7.0 ], "rotation": 90 },
								"east": { "texture": "#fibers", "uv": [ 11.0, 12.5, 12.0, 13.5 ] },
								"south": { "texture": "#fibers", "uv": [ 12.0, 6.0, 13.0, 9.0 ], "rotation": 90 },
								"west": { "texture": "#fibers", "uv": [ 11.0, 8.0, 12.0, 9.0 ] },
								"up": { "texture": "#fibers", "uv": [ 10.5, 0.5, 11.5, 3.5 ], "rotation": 90 },
								"down": { "texture": "#fibers", "uv": [ 0.5, 3.0, 1.5, 6.0 ], "rotation": 90 }
							}
						},
						{
							"name": "loopW6",
							"from": [ -2.3, -0.1, 0.0 ],
							"to": [ 0.7, 1.1, 1.0 ],
							"rotationOrigin": [ 0.7, 0.5, 0.5 ],
							"rotationY": -17.0,
							"faces": {
								"north": { "texture": "#fibers", "uv": [ 14.0, 0.0, 15.0, 3.0 ], "rotation": 90 },
								"east": { "texture": "#fibers", "uv": [ 14.5, 9.0, 15.5, 10.0 ] },
								"south": { "texture": "#fibers", "uv": [ 6.5, 10.5, 7.5, 13.5 ], "rotation": 90 },
								"west": { "texture": "#fibers", "uv": [ 3.5, 6.5, 4.5, 7.5 ] },
								"up": { "texture": "#fibers", "uv": [ 11.0, 6.5, 12.0, 9.5 ], "rotation": 90 },
								"down": { "texture": "#fibers", "uv": [ 5.5, 9.5, 6.5, 12.5 ], "rotation": 90 }
							}
						},
						{
							"name": "loopW7",
							"from": [ -2.3, 0.0, -0.3 ],
							"to": [ -1.3, 1.0, 2.7 ],
							"rotationOrigin": [ -1.8, 0.5, -0.3 ],
							"rotationX": 21.0,
							"rotationY": -47.0,
							"rotationZ": -1.0,
							"faces": {
								"east": { "texture": "#fibers", "uv": [ 6.5, 3.0, 7.5, 6.0 ], "rotation": 90 },
								"south": { "texture": "#fibers", "uv": [ 10.0, 14.5, 11.0, 15.5 ] },
								"west": { "texture": "#fibers", "uv": [ 13.0, 4.0, 14.0, 7.0 ], "rotation": 90 },
								"up": { "texture": "#fibers", "uv": [ 2.5, 5.0, 3.5, 8.0 ] },
								"down": { "texture": "#fibers", "uv": [ 2.0, 9.5, 3.0, 12.5 ] }
							}
						},
						{
							"name": "loopE7",
							"from": [ 5.2, 0.0, 2.4 ],
							"to": [ 6.2, 1.2, 5.4 ],
							"rotationOrigin": [ 5.7, 0.5, 2.4 ],
							"rotationX": -5.0,
							"rotationY": 140.0,
							"rotationZ": -11.0,
							"faces": {
								"east": { "texture": "#fibers", "uv": [ 3.0, 4.5, 4.0, 7.5 ], "rotation": 90 },
								"west": { "texture": "#fibers", "uv": [ 11.0, 7.5, 12.0, 10.5 ], "rotation": 90 },
								"up": { "texture": "#fibers", "uv": [ 11.0, 3.5, 12.0, 6.5 ] },
								"down": { "texture": "#fibers", "uv": [ 14.5, 5.0, 15.5, 8.0 ] }
							}
						},
						{
							"name": "loopW8",
							"from": [ -4.8, -1.6, 2.4 ],
							"to": [ -1.8, -0.1, 3.4 ],
							"rotationOrigin": [ -1.8, -0.8, 2.9 ],
							"rotationX": 12.0,
							"rotationY": -36.0,
							"rotationZ": -3.0,
							"faces": {
								"north": { "texture": "#fibers", "uv": [ 4.0, 1.5, 5.5, 4.5 ], "rotation": 90 },
								"east": { "texture": "#fibers", "uv": [ 6.0, 11.0, 7.0, 12.5 ] },
								"south": { "texture": "#fibers", "uv": [ 8.0, 10.0, 9.5, 13.0 ], "rotation": 90 },
								"west": { "texture": "#fibers", "uv": [ 6.5, 11.0, 7.5, 12.5 ] },
								"up": { "texture": "#fibers", "uv": [ 11.5, 1.0, 12.5, 4.0 ], "rotation": 90 },
								"down": { "texture": "#fibers", "uv": [ 5.5, 8.0, 6.5, 11.0 ], "rotation": 90 }
							}
						},
						{
							"name": "loopE8",
							"from": [ 5.1, -0.3, -0.1 ],
							"to": [ 8.1, 1.2, 0.9 ],
							"rotationOrigin": [ 8.1, 0.5, 0.4 ],
							"rotationX": -22.0,
							"rotationY": -36.0,
							"faces": {
								"north": { "texture": "#fibers", "uv": [ 11.0, 8.5, 12.5, 11.5 ], "rotation": 90 },
								"east": { "texture": "#fibers", "uv": [ 9.5, 0.5, 10.5, 2.0 ] },
								"south": { "texture": "#fibers", "uv": [ 3.0, 1.5, 4.5, 4.5 ], "rotation": 90 },
								"west": { "texture": "#fibers", "uv": [ 7.5, 2.5, 8.5, 4.0 ] },
								"up": { "texture": "#fibers", "uv": [ 11.0, 4.0, 12.0, 7.0 ], "rotation": 90 },
								"down": { "texture": "#fibers", "uv": [ 2.5, 9.0, 3.5, 12.0 ], "rotation": 90 }
							}
						}
					]
				}
			]
		}
	]}
