{
	"editor": {
		"allAngles": false,
		"entityTextureMode": true
	},
	"textureWidth": 24,
	"textureHeight": 20,
	"textureSizes": {
	},
	"textures": {
	},
	"elements": [
		{
			"name": "Body",
			"from": [ 7.28, 0.0093, 7.86 ],
			"to": [ 8.3449, 0.0105, 8.2304 ],
			"autoUnwrap": false,
			"uv": [ 1.0, 7.0 ],
			"rotationOrigin": [ 7.7408, 0.0093, 8.0408 ],
			"faces": {
				"north": { "texture": "#skin", "uv": [ 11.5, 4.0, 0.0, 7.0 ], "autoUv": false, "windMode": [-1,-1,-1,-1] },
				"east": { "texture": "#skin", "uv": [ 11.5, 4.0, 15.5, 4.5 ], "autoUv": false },
				"south": { "texture": "#skin", "uv": [ 0.0, 4.0, 11.5, 4.5 ], "autoUv": false, "windMode": [-1,-1,-1,-1] },
				"west": { "texture": "#skin", "uv": [ 11.5, 4.0, 15.5, 4.5 ], "autoUv": false },
				"up": { "texture": "#skin", "uv": [ 0.0, 0.0, 11.5, 4.0 ], "autoUv": false, "windMode": [-1,-1,-1,-1] },
				"down": { "texture": "#skin", "uv": [ 11.5, 0.0, 23.0, 4.0 ], "autoUv": false }
			},
			"children": [
				{
					"name": "Neck",
					"from": [ -0.2639, 0.0, 0.0815 ],
					"to": [ 0.0602, 0.0011, 0.2898 ],
					"autoUnwrap": false,
					"uv": [ 17.0, 20.5 ],
					"rotationOrigin": [ -0.0556, -0.081, 0.2199 ],
					"faces": {
						"north": { "texture": "#skin", "uv": [ 17.5, 17.0, 21.5, 19.0 ], "autoUv": false, "windMode": [-1,-1,-1,-1] },
						"east": { "texture": "#skin", "uv": [ 10.0, 12.5, 13.0, 14.5 ], "autoUv": false },
						"south": { "texture": "#skin", "uv": [ 17.5, 17.0, 21.5, 19.0 ], "autoUv": false, "windMode": [-1,-1,-1,-1] },
						"west": { "texture": "#skin", "uv": [ 10.0, 12.5, 13.0, 14.5 ], "autoUv": false },
						"up": { "texture": "#skin", "uv": [ 0.0, 13.5, 4.0, 16.5 ], "autoUv": false },
						"down": { "texture": "#skin", "uv": [ 4.0, 13.5, 8.0, 16.5 ], "autoUv": false }
					},
					"children": [
						{
							"name": "Head",
							"from": [ -0.2454, 0.0, -0.0174 ],
							"to": [ 0.0, 9.0E-4, 0.2257 ],
							"autoUnwrap": false,
							"uv": [ 1.0, 15.0 ],
							"rotationOrigin": [ -0.037, 0.1458, 0.1215 ],
							"faces": {
								"north": { "texture": "#skin", "uv": [ 9.0, 7.0, 6.0, 9.5 ], "autoUv": false, "windMode": [-1,-1,-1,-1] },
								"east": { "texture": "#skin", "uv": [ 9.0, 7.0, 12.5, 9.5 ], "autoUv": false },
								"south": { "texture": "#skin", "uv": [ 6.0, 7.0, 9.0, 9.5 ], "autoUv": false, "windMode": [-1,-1,-1,-1] },
								"west": { "texture": "#skin", "uv": [ 9.0, 7.0, 12.5, 9.5 ], "autoUv": false },
								"up": { "texture": "#skin", "uv": [ 0.0, 7.0, 3.0, 10.5 ], "autoUv": false },
								"down": { "texture": "#skin", "uv": [ 3.0, 7.0, 6.0, 10.5 ], "autoUv": false }
							}
						}
					]
				},
				{
					"name": "UpperTail",
					"from": [ 0.926, 0.0, 0.0926 ],
					"to": [ 1.5742, 0.0011, 0.2778 ],
					"autoUnwrap": false,
					"uv": [ 0.5, 26.5 ],
					"rotationOrigin": [ 0.926, 0.1389, 0.2315 ],
					"faces": {
						"north": { "texture": "#skin", "uv": [ 22.0, 15.0, 15.0, 17.0 ], "autoUv": false, "windMode": [-1,-1,-1,-1] },
						"east": { "texture": "#skin", "uv": [ 20.0, 11.0, 22.0, 11.5 ], "autoUv": false },
						"south": { "texture": "#skin", "uv": [ 15.0, 15.0, 22.0, 15.5 ], "autoUv": false, "windMode": [-1,-1,-1,-1] },
						"west": { "texture": "#skin", "uv": [ 20.0, 11.0, 22.0, 11.5 ], "autoUv": false },
						"up": { "texture": "#skin", "uv": [ 14.0, 13.0, 21.0, 15.0 ], "autoUv": false, "windMode": [-1,-1,-1,-1] },
						"down": { "texture": "#skin", "uv": [ 13.0, 11.0, 20.0, 13.0 ], "autoUv": false }
					},
					"children": [
						{
							"name": "MidTail",
							"from": [ 0.5556, 0.0, 0.0232 ],
							"to": [ 1.2038, 0.001, 0.1621 ],
							"autoUnwrap": false,
							"uv": [ 5.5, 15.0 ],
							"rotationOrigin": [ 0.5556, 0.0093, -0.0232 ],
							"faces": {
								"north": { "texture": "#skin", "uv": [ 15.5, 9.0, 22.5, 9.5 ], "autoUv": false, "windMode": [-1,-1,-1,-1] },
								"east": { "texture": "#skin", "uv": [ 21.5, 4.0, 23.0, 4.5 ], "autoUv": false },
								"south": { "texture": "#skin", "uv": [ 15.5, 9.0, 22.5, 9.5 ], "autoUv": false, "windMode": [-1,-1,-1,-1] },
								"west": { "texture": "#skin", "uv": [ 21.5, 4.0, 23.0, 4.5 ], "autoUv": false },
								"up": { "texture": "#skin", "uv": [ 6.0, 11.0, 13.0, 12.5 ], "autoUv": false, "windMode": [-1,-1,-1,-1] },
								"down": { "texture": "#skin", "uv": [ 8.0, 15.5, 15.0, 17.0 ], "autoUv": false }
							},
							"children": [
								{
									"name": "LowerTail",
									"from": [ 0.5556, 0.0, 0.0232 ],
									"to": [ 1.2038, 9.0E-4, 0.1158 ],
									"autoUnwrap": false,
									"uv": [ 16.0, 27.5 ],
									"rotationOrigin": [ 0.5556, 0.0926, 0.0347 ],
									"faces": {
										"north": { "texture": "#skin", "uv": [ 24.0, 19.0, 17.0, 20.0 ], "autoUv": false, "windMode": [-1,-1,-1,-1] },
										"east": { "texture": "#skin", "uv": [ 10.0, 10.0, 11.0, 10.5 ], "autoUv": false, "windMode": [-1,-1,-1,-1] },
										"south": { "texture": "#skin", "uv": [ 17.0, 19.0, 24.0, 19.5 ], "autoUv": false, "windMode": [-1,-1,-1,-1] },
										"west": { "texture": "#skin", "uv": [ 10.0, 10.0, 11.0, 10.5 ], "autoUv": false, "windMode": [-1,-1,-1,-1] },
										"up": { "texture": "#skin", "uv": [ 15.5, 7.0, 22.5, 8.0 ], "autoUv": false },
										"down": { "texture": "#skin", "uv": [ 15.5, 8.0, 22.5, 9.0 ], "autoUv": false }
									}
								}
							]
						}
					]
				},
				{
					"name": "RFShoulder",
					"from": [ 0.0926, -0.0093, 0.0 ],
					"to": [ 0.2315, -0.0093, 0.0 ],
					"uv": [ 6.0, 9.5 ],
					"rotationOrigin": [ 0.1621, -0.0093, 0.0 ],
					"faces": {
						"north": { "texture": "#skin", "uv": [ 6.0, 10.0, 7.5, 10.5 ], "autoUv": false },
						"east": { "texture": "#skin", "uv": [ 7.5, 10.0, 8.0, 10.5 ], "autoUv": false },
						"south": { "texture": "#skin", "uv": [ 8.0, 10.0, 9.5, 10.5 ], "autoUv": false },
						"west": { "texture": "#skin", "uv": [ 9.5, 10.0, 10.0, 10.5 ], "autoUv": false },
						"up": { "texture": "#skin", "uv": [ 6.0, 9.5, 7.5, 10.0 ], "autoUv": false },
						"down": { "texture": "#skin", "uv": [ 7.5, 9.5, 9.0, 10.0 ], "autoUv": false }
					},
					"children": [
						{
							"name": "RFLegUpper",
							"from": [ 0.0, 0.0102, -0.2315 ],
							"to": [ 0.1389, 0.0111, 0.0463 ],
							"autoUnwrap": false,
							"uv": [ 12.5, 7.5 ],
							"rotationOrigin": [ 0.0463, 0.1019, 0.0463 ],
							"faces": {
								"north": { "texture": "#skin", "uv": [ 11.0, 10.0, 12.5, 10.5 ], "autoUv": false },
								"east": { "texture": "#skin", "uv": [ 12.5, 10.0, 15.5, 10.5 ], "autoUv": false },
								"south": { "texture": "#skin", "uv": [ 15.5, 10.0, 17.0, 10.5 ], "autoUv": false },
								"west": { "texture": "#skin", "uv": [ 17.0, 10.0, 20.0, 10.5 ], "autoUv": false },
								"up": { "texture": "#skin", "uv": [ 12.5, 7.0, 14.0, 10.0 ], "autoUv": false },
								"down": { "texture": "#skin", "uv": [ 14.0, 7.0, 15.5, 10.0 ], "autoUv": false }
							}
						}
					]
				},
				{
					"name": "RBShoulder",
					"from": [ 0.926, -0.0093, 0.0 ],
					"to": [ 1.0649, -0.0093, 0.0 ],
					"uv": [ 6.0, 9.5 ],
					"rotationOrigin": [ 0.9955, -0.0093, 0.0 ],
					"faces": {
						"north": { "texture": "#skin", "uv": [ 6.0, 10.0, 7.5, 10.5 ], "autoUv": false },
						"east": { "texture": "#skin", "uv": [ 7.5, 10.0, 8.0, 10.5 ], "autoUv": false },
						"south": { "texture": "#skin", "uv": [ 8.0, 10.0, 9.5, 10.5 ], "autoUv": false },
						"west": { "texture": "#skin", "uv": [ 9.5, 10.0, 10.0, 10.5 ], "autoUv": false },
						"up": { "texture": "#skin", "uv": [ 6.0, 9.5, 7.5, 10.0 ], "autoUv": false },
						"down": { "texture": "#skin", "uv": [ 7.5, 9.5, 9.0, 10.0 ], "autoUv": false }
					},
					"children": [
						{
							"name": "RBLegUpper",
							"from": [ -0.0069, 0.0102, -0.2315 ],
							"to": [ 0.132, 0.0111, 0.0463 ],
							"autoUnwrap": false,
							"uv": [ 12.5, 7.5 ],
							"rotationOrigin": [ 0.0463, 0.1019, 0.0463 ],
							"faces": {
								"north": { "texture": "#skin", "uv": [ 11.0, 10.0, 12.5, 10.5 ], "autoUv": false },
								"east": { "texture": "#skin", "uv": [ 12.5, 10.0, 15.5, 10.5 ], "autoUv": false },
								"south": { "texture": "#skin", "uv": [ 15.5, 10.0, 17.0, 10.5 ], "autoUv": false },
								"west": { "texture": "#skin", "uv": [ 17.0, 10.0, 20.0, 10.5 ], "autoUv": false },
								"up": { "texture": "#skin", "uv": [ 12.5, 7.0, 14.0, 10.0 ], "autoUv": false },
								"down": { "texture": "#skin", "uv": [ 14.0, 7.0, 15.5, 10.0 ], "autoUv": false }
							}
						}
					]
				},
				{
					"name": "LBShoulder",
					"from": [ 0.926, -0.0093, 0.3704 ],
					"to": [ 1.0649, -0.0093, 0.3704 ],
					"uv": [ 6.0, 9.5 ],
					"rotationOrigin": [ 0.9955, -0.0093, 0.3704 ],
					"faces": {
						"north": { "texture": "#skin", "uv": [ 6.0, 10.0, 7.5, 10.5 ], "autoUv": false },
						"east": { "texture": "#skin", "uv": [ 7.5, 10.0, 8.0, 10.5 ], "autoUv": false },
						"south": { "texture": "#skin", "uv": [ 8.0, 10.0, 9.5, 10.5 ], "autoUv": false },
						"west": { "texture": "#skin", "uv": [ 9.5, 10.0, 10.0, 10.5 ], "autoUv": false },
						"up": { "texture": "#skin", "uv": [ 6.0, 9.5, 7.5, 10.0 ], "autoUv": false },
						"down": { "texture": "#skin", "uv": [ 7.5, 9.5, 9.0, 10.0 ], "autoUv": false }
					},
					"children": [
						{
							"name": "LBLegUpper",
							"from": [ -0.0069, 0.0102, -0.0463 ],
							"to": [ 0.132, 0.0111, 0.2315 ],
							"autoUnwrap": false,
							"uv": [ 12.5, 7.5 ],
							"rotationOrigin": [ 0.0463, 0.1019, -0.0463 ],
							"faces": {
								"north": { "texture": "#skin", "uv": [ 11.0, 10.0, 12.5, 10.5 ], "autoUv": false },
								"east": { "texture": "#skin", "uv": [ 12.5, 10.0, 15.5, 10.5 ], "autoUv": false },
								"south": { "texture": "#skin", "uv": [ 15.5, 10.0, 17.0, 10.5 ], "autoUv": false },
								"west": { "texture": "#skin", "uv": [ 17.0, 10.0, 20.0, 10.5 ], "autoUv": false },
								"up": { "texture": "#skin", "uv": [ 12.5, 7.0, 14.0, 10.0 ], "autoUv": false },
								"down": { "texture": "#skin", "uv": [ 14.0, 7.0, 15.5, 10.0 ], "autoUv": false }
							}
						}
					]
				},
				{
					"name": "LFShoulder",
					"from": [ 0.0926, -0.0093, 0.3704 ],
					"to": [ 0.2315, -0.0093, 0.3704 ],
					"uv": [ 6.0, 9.5 ],
					"rotationOrigin": [ 0.1621, -0.0093, 0.3704 ],
					"faces": {
						"north": { "texture": "#skin", "uv": [ 6.0, 10.0, 7.5, 10.5 ], "autoUv": false },
						"east": { "texture": "#skin", "uv": [ 7.5, 10.0, 8.0, 10.5 ], "autoUv": false },
						"south": { "texture": "#skin", "uv": [ 8.0, 10.0, 9.5, 10.5 ], "autoUv": false },
						"west": { "texture": "#skin", "uv": [ 9.5, 10.0, 10.0, 10.5 ], "autoUv": false },
						"up": { "texture": "#skin", "uv": [ 6.0, 9.5, 7.5, 10.0 ], "autoUv": false },
						"down": { "texture": "#skin", "uv": [ 7.5, 9.5, 9.0, 10.0 ], "autoUv": false }
					},
					"children": [
						{
							"name": "LFLegUpper",
							"from": [ 0.0, 0.0102, -0.0463 ],
							"to": [ 0.1389, 0.0111, 0.2315 ],
							"autoUnwrap": false,
							"uv": [ 12.5, 7.5 ],
							"rotationOrigin": [ 0.0463, 0.1019, -0.0463 ],
							"faces": {
								"north": { "texture": "#skin", "uv": [ 11.0, 10.0, 12.5, 10.5 ], "autoUv": false },
								"east": { "texture": "#skin", "uv": [ 12.5, 10.0, 15.5, 10.5 ], "autoUv": false },
								"south": { "texture": "#skin", "uv": [ 15.5, 10.0, 17.0, 10.5 ], "autoUv": false },
								"west": { "texture": "#skin", "uv": [ 17.0, 10.0, 20.0, 10.5 ], "autoUv": false },
								"up": { "texture": "#skin", "uv": [ 12.5, 7.0, 14.0, 10.0 ], "autoUv": false, "windMode": [-1,-1,-1,-1] },
								"down": { "texture": "#skin", "uv": [ 14.0, 7.0, 15.5, 10.0 ], "autoUv": false }
							}
						}
					]
				}
			]
		}
	]}