{
	"editor": {
		"allAngles": false,
		"entityTextureMode": true
	},
	"textureWidth": 24,
	"textureHeight": 20,
	"textureSizes": {
	},
	"textures": {
	},
	"elements": [
		{
			"name": "Body",
			"from": [ 2.47, 0.0489, 6.93 ],
			"to": [ 8.0935, 0.0553, 8.886 ],
			"autoUnwrap": false,
			"uv": [ 1.0, 7.0 ],
			"rotationOrigin": [ 4.912, 0.0489, 7.912 ],
			"faces": {
				"north": { "texture": "#skin", "uv": [ 11.5, 4.0, 0.0, 7.0 ], "autoUv": false, "windMode": [-1,-1,-1,-1] },
				"east": { "texture": "#skin", "uv": [ 11.5, 4.0, 15.5, 4.5 ], "autoUv": false },
				"south": { "texture": "#skin", "uv": [ 0.0, 4.0, 11.5, 4.5 ], "autoUv": false, "windMode": [-1,-1,-1,-1] },
				"west": { "texture": "#skin", "uv": [ 11.5, 4.0, 15.5, 4.5 ], "autoUv": false },
				"up": { "texture": "#skin", "uv": [ 0.0, 0.0, 11.5, 4.0 ], "autoUv": false, "windMode": [-1,-1,-1,-1] },
				"down": { "texture": "#skin", "uv": [ 11.5, 0.0, 23.0, 4.0 ], "autoUv": false }
			},
			"children": [
				{
					"name": "Neck",
					"from": [ -1.3936, 0.0, 0.4303 ],
					"to": [ 0.3178, 0.0059, 1.5306 ],
					"autoUnwrap": false,
					"uv": [ 17.0, 20.5 ],
					"rotationOrigin": [ -0.2934, -0.4279, 1.1614 ],
					"faces": {
						"north": { "texture": "#skin", "uv": [ 17.5, 17.0, 21.5, 19.0 ], "autoUv": false, "windMode": [-1,-1,-1,-1] },
						"east": { "texture": "#skin", "uv": [ 10.0, 12.5, 13.0, 14.5 ], "autoUv": false },
						"south": { "texture": "#skin", "uv": [ 17.5, 17.0, 21.5, 19.0 ], "autoUv": false, "windMode": [-1,-1,-1,-1] },
						"west": { "texture": "#skin", "uv": [ 10.0, 12.5, 13.0, 14.5 ], "autoUv": false },
						"up": { "texture": "#skin", "uv": [ 0.0, 13.5, 4.0, 16.5 ], "autoUv": false },
						"down": { "texture": "#skin", "uv": [ 4.0, 13.5, 8.0, 16.5 ], "autoUv": false }
					},
					"children": [
						{
							"name": "Head",
							"from": [ -1.2958, 0.0, -0.0917 ],
							"to": [ 0.0, 0.0049, 1.1919 ],
							"autoUnwrap": false,
							"uv": [ 1.0, 15.0 ],
							"rotationOrigin": [ -0.1956, 0.7702, 0.6418 ],
							"faces": {
								"north": { "texture": "#skin", "uv": [ 9.0, 7.0, 6.0, 9.5 ], "autoUv": false, "windMode": [-1,-1,-1,-1] },
								"east": { "texture": "#skin", "uv": [ 9.0, 7.0, 12.5, 9.5 ], "autoUv": false },
								"south": { "texture": "#skin", "uv": [ 6.0, 7.0, 9.0, 9.5 ], "autoUv": false, "windMode": [-1,-1,-1,-1] },
								"west": { "texture": "#skin", "uv": [ 9.0, 7.0, 12.5, 9.5 ], "autoUv": false },
								"up": { "texture": "#skin", "uv": [ 0.0, 7.0, 3.0, 10.5 ], "autoUv": false },
								"down": { "texture": "#skin", "uv": [ 3.0, 7.0, 6.0, 10.5 ], "autoUv": false }
							}
						}
					]
				},
				{
					"name": "UpperTail",
					"from": [ 4.89, 0.0, 0.489 ],
					"to": [ 8.313, 0.0059, 1.467 ],
					"autoUnwrap": false,
					"uv": [ 0.5, 26.5 ],
					"rotationOrigin": [ 4.89, 0.7335, 1.2225 ],
					"faces": {
						"north": { "texture": "#skin", "uv": [ 22.0, 15.0, 15.0, 17.0 ], "autoUv": false, "windMode": [-1,-1,-1,-1] },
						"east": { "texture": "#skin", "uv": [ 20.0, 11.0, 22.0, 11.5 ], "autoUv": false },
						"south": { "texture": "#skin", "uv": [ 15.0, 15.0, 22.0, 15.5 ], "autoUv": false, "windMode": [-1,-1,-1,-1] },
						"west": { "texture": "#skin", "uv": [ 20.0, 11.0, 22.0, 11.5 ], "autoUv": false },
						"up": { "texture": "#skin", "uv": [ 14.0, 13.0, 21.0, 15.0 ], "autoUv": false, "windMode": [-1,-1,-1,-1] },
						"down": { "texture": "#skin", "uv": [ 13.0, 11.0, 20.0, 13.0 ], "autoUv": false }
					},
					"children": [
						{
							"name": "MidTail",
							"from": [ 2.934, 0.0, 0.1222 ],
							"to": [ 6.357, 0.0054, 0.8557 ],
							"autoUnwrap": false,
							"uv": [ 5.5, 15.0 ],
							"rotationOrigin": [ 2.934, 0.0489, -0.1222 ],
							"faces": {
								"north": { "texture": "#skin", "uv": [ 15.5, 9.0, 22.5, 9.5 ], "autoUv": false, "windMode": [-1,-1,-1,-1] },
								"east": { "texture": "#skin", "uv": [ 21.5, 4.0, 23.0, 4.5 ], "autoUv": false },
								"south": { "texture": "#skin", "uv": [ 15.5, 9.0, 22.5, 9.5 ], "autoUv": false, "windMode": [-1,-1,-1,-1] },
								"west": { "texture": "#skin", "uv": [ 21.5, 4.0, 23.0, 4.5 ], "autoUv": false },
								"up": { "texture": "#skin", "uv": [ 6.0, 11.0, 13.0, 12.5 ], "autoUv": false, "windMode": [-1,-1,-1,-1] },
								"down": { "texture": "#skin", "uv": [ 8.0, 15.5, 15.0, 17.0 ], "autoUv": false }
							},
							"children": [
								{
									"name": "LowerTail",
									"from": [ 2.934, 0.0, 0.1222 ],
									"to": [ 6.357, 0.0049, 0.6112 ],
									"autoUnwrap": false,
									"uv": [ 16.0, 27.5 ],
									"rotationOrigin": [ 2.934, 0.489, 0.1834 ],
									"faces": {
										"north": { "texture": "#skin", "uv": [ 24.0, 19.0, 17.0, 20.0 ], "autoUv": false, "windMode": [-1,-1,-1,-1] },
										"east": { "texture": "#skin", "uv": [ 10.0, 10.0, 11.0, 10.5 ], "autoUv": false, "windMode": [-1,-1,-1,-1] },
										"south": { "texture": "#skin", "uv": [ 17.0, 19.0, 24.0, 19.5 ], "autoUv": false, "windMode": [-1,-1,-1,-1] },
										"west": { "texture": "#skin", "uv": [ 10.0, 10.0, 11.0, 10.5 ], "autoUv": false, "windMode": [-1,-1,-1,-1] },
										"up": { "texture": "#skin", "uv": [ 15.5, 7.0, 22.5, 8.0 ], "autoUv": false },
										"down": { "texture": "#skin", "uv": [ 15.5, 8.0, 22.5, 9.0 ], "autoUv": false }
									}
								}
							]
						}
					]
				},
				{
					"name": "RFShoulder",
					"from": [ 0.489, -0.0489, 0.0 ],
					"to": [ 1.2225, -0.0489, 0.0 ],
					"uv": [ 6.0, 9.5 ],
					"rotationOrigin": [ 0.8557, -0.0489, 0.0 ],
					"faces": {
						"north": { "texture": "#skin", "uv": [ 6.0, 10.0, 7.5, 10.5 ], "autoUv": false },
						"east": { "texture": "#skin", "uv": [ 7.5, 10.0, 8.0, 10.5 ], "autoUv": false },
						"south": { "texture": "#skin", "uv": [ 8.0, 10.0, 9.5, 10.5 ], "autoUv": false },
						"west": { "texture": "#skin", "uv": [ 9.5, 10.0, 10.0, 10.5 ], "autoUv": false },
						"up": { "texture": "#skin", "uv": [ 6.0, 9.5, 7.5, 10.0 ], "autoUv": false },
						"down": { "texture": "#skin", "uv": [ 7.5, 9.5, 9.0, 10.0 ], "autoUv": false }
					},
					"children": [
						{
							"name": "RFLegUpper",
							"from": [ 0.0, 0.0538, -1.2225 ],
							"to": [ 0.7335, 0.0587, 0.2445 ],
							"autoUnwrap": false,
							"uv": [ 12.5, 7.5 ],
							"rotationOrigin": [ 0.2445, 0.5379, 0.2445 ],
							"faces": {
								"north": { "texture": "#skin", "uv": [ 11.0, 10.0, 12.5, 10.5 ], "autoUv": false },
								"east": { "texture": "#skin", "uv": [ 12.5, 10.0, 15.5, 10.5 ], "autoUv": false },
								"south": { "texture": "#skin", "uv": [ 15.5, 10.0, 17.0, 10.5 ], "autoUv": false },
								"west": { "texture": "#skin", "uv": [ 17.0, 10.0, 20.0, 10.5 ], "autoUv": false },
								"up": { "texture": "#skin", "uv": [ 12.5, 7.0, 14.0, 10.0 ], "autoUv": false },
								"down": { "texture": "#skin", "uv": [ 14.0, 7.0, 15.5, 10.0 ], "autoUv": false }
							}
						}
					]
				},
				{
					"name": "RBShoulder",
					"from": [ 4.89, -0.0489, 0.0 ],
					"to": [ 5.6235, -0.0489, 0.0 ],
					"uv": [ 6.0, 9.5 ],
					"rotationOrigin": [ 5.2567, -0.0489, 0.0 ],
					"faces": {
						"north": { "texture": "#skin", "uv": [ 6.0, 10.0, 7.5, 10.5 ], "autoUv": false },
						"east": { "texture": "#skin", "uv": [ 7.5, 10.0, 8.0, 10.5 ], "autoUv": false },
						"south": { "texture": "#skin", "uv": [ 8.0, 10.0, 9.5, 10.5 ], "autoUv": false },
						"west": { "texture": "#skin", "uv": [ 9.5, 10.0, 10.0, 10.5 ], "autoUv": false },
						"up": { "texture": "#skin", "uv": [ 6.0, 9.5, 7.5, 10.0 ], "autoUv": false },
						"down": { "texture": "#skin", "uv": [ 7.5, 9.5, 9.0, 10.0 ], "autoUv": false }
					},
					"children": [
						{
							"name": "RBLegUpper",
							"from": [ -0.0367, 0.0538, -1.2225 ],
							"to": [ 0.6968, 0.0587, 0.2445 ],
							"autoUnwrap": false,
							"uv": [ 12.5, 7.5 ],
							"rotationOrigin": [ 0.2445, 0.5379, 0.2445 ],
							"faces": {
								"north": { "texture": "#skin", "uv": [ 11.0, 10.0, 12.5, 10.5 ], "autoUv": false },
								"east": { "texture": "#skin", "uv": [ 12.5, 10.0, 15.5, 10.5 ], "autoUv": false },
								"south": { "texture": "#skin", "uv": [ 15.5, 10.0, 17.0, 10.5 ], "autoUv": false },
								"west": { "texture": "#skin", "uv": [ 17.0, 10.0, 20.0, 10.5 ], "autoUv": false },
								"up": { "texture": "#skin", "uv": [ 12.5, 7.0, 14.0, 10.0 ], "autoUv": false },
								"down": { "texture": "#skin", "uv": [ 14.0, 7.0, 15.5, 10.0 ], "autoUv": false }
							}
						}
					]
				},
				{
					"name": "LBShoulder",
					"from": [ 4.89, -0.0489, 1.956 ],
					"to": [ 5.6235, -0.0489, 1.956 ],
					"uv": [ 6.0, 9.5 ],
					"rotationOrigin": [ 5.2567, -0.0489, 1.956 ],
					"faces": {
						"north": { "texture": "#skin", "uv": [ 6.0, 10.0, 7.5, 10.5 ], "autoUv": false },
						"east": { "texture": "#skin", "uv": [ 7.5, 10.0, 8.0, 10.5 ], "autoUv": false },
						"south": { "texture": "#skin", "uv": [ 8.0, 10.0, 9.5, 10.5 ], "autoUv": false },
						"west": { "texture": "#skin", "uv": [ 9.5, 10.0, 10.0, 10.5 ], "autoUv": false },
						"up": { "texture": "#skin", "uv": [ 6.0, 9.5, 7.5, 10.0 ], "autoUv": false },
						"down": { "texture": "#skin", "uv": [ 7.5, 9.5, 9.0, 10.0 ], "autoUv": false }
					},
					"children": [
						{
							"name": "LBLegUpper",
							"from": [ -0.0367, 0.0538, -0.2445 ],
							"to": [ 0.6968, 0.0587, 1.2225 ],
							"autoUnwrap": false,
							"uv": [ 12.5, 7.5 ],
							"rotationOrigin": [ 0.2445, 0.5379, -0.2445 ],
							"faces": {
								"north": { "texture": "#skin", "uv": [ 11.0, 10.0, 12.5, 10.5 ], "autoUv": false },
								"east": { "texture": "#skin", "uv": [ 12.5, 10.0, 15.5, 10.5 ], "autoUv": false },
								"south": { "texture": "#skin", "uv": [ 15.5, 10.0, 17.0, 10.5 ], "autoUv": false },
								"west": { "texture": "#skin", "uv": [ 17.0, 10.0, 20.0, 10.5 ], "autoUv": false },
								"up": { "texture": "#skin", "uv": [ 12.5, 7.0, 14.0, 10.0 ], "autoUv": false },
								"down": { "texture": "#skin", "uv": [ 14.0, 7.0, 15.5, 10.0 ], "autoUv": false }
							}
						}
					]
				},
				{
					"name": "LFShoulder",
					"from": [ 0.489, -0.0489, 1.956 ],
					"to": [ 1.2225, -0.0489, 1.956 ],
					"uv": [ 6.0, 9.5 ],
					"rotationOrigin": [ 0.8557, -0.0489, 1.956 ],
					"faces": {
						"north": { "texture": "#skin", "uv": [ 6.0, 10.0, 7.5, 10.5 ], "autoUv": false },
						"east": { "texture": "#skin", "uv": [ 7.5, 10.0, 8.0, 10.5 ], "autoUv": false },
						"south": { "texture": "#skin", "uv": [ 8.0, 10.0, 9.5, 10.5 ], "autoUv": false },
						"west": { "texture": "#skin", "uv": [ 9.5, 10.0, 10.0, 10.5 ], "autoUv": false },
						"up": { "texture": "#skin", "uv": [ 6.0, 9.5, 7.5, 10.0 ], "autoUv": false },
						"down": { "texture": "#skin", "uv": [ 7.5, 9.5, 9.0, 10.0 ], "autoUv": false }
					},
					"children": [
						{
							"name": "LFLegUpper",
							"from": [ 0.0, 0.0538, -0.2445 ],
							"to": [ 0.7335, 0.0587, 1.2225 ],
							"autoUnwrap": false,
							"uv": [ 12.5, 7.5 ],
							"rotationOrigin": [ 0.2445, 0.5379, -0.2445 ],
							"faces": {
								"north": { "texture": "#skin", "uv": [ 11.0, 10.0, 12.5, 10.5 ], "autoUv": false },
								"east": { "texture": "#skin", "uv": [ 12.5, 10.0, 15.5, 10.5 ], "autoUv": false },
								"south": { "texture": "#skin", "uv": [ 15.5, 10.0, 17.0, 10.5 ], "autoUv": false },
								"west": { "texture": "#skin", "uv": [ 17.0, 10.0, 20.0, 10.5 ], "autoUv": false },
								"up": { "texture": "#skin", "uv": [ 12.5, 7.0, 14.0, 10.0 ], "autoUv": false, "windMode": [-1,-1,-1,-1] },
								"down": { "texture": "#skin", "uv": [ 14.0, 7.0, 15.5, 10.0 ], "autoUv": false }
							}
						}
					]
				}
			]
		}
	]}