{
	"editor": {
		"allAngles": false,
		"entityTextureMode": true
	},
	"textureWidth": 24,
	"textureHeight": 20,
	"textureSizes": {
	},
	"textures": {
	},
	"elements": [
		{
			"name": "Body",
			"from": [ 7.69, 0.0064, 7.88 ],
			"to": [ 8.426, 0.0072, 8.136 ],
			"autoUnwrap": false,
			"uv": [ 1.0, 7.0 ],
			"rotationOrigin": [ 8.012, 0.0064, 8.012 ],
			"faces": {
				"north": { "texture": "#skin", "uv": [ 11.5, 4.0, 0.0, 7.0 ], "autoUv": false, "windMode": [-1,-1,-1,-1] },
				"east": { "texture": "#skin", "uv": [ 11.5, 4.0, 15.5, 4.5 ], "autoUv": false },
				"south": { "texture": "#skin", "uv": [ 0.0, 4.0, 11.5, 4.5 ], "autoUv": false, "windMode": [-1,-1,-1,-1] },
				"west": { "texture": "#skin", "uv": [ 11.5, 4.0, 15.5, 4.5 ], "autoUv": false },
				"up": { "texture": "#skin", "uv": [ 0.0, 0.0, 11.5, 4.0 ], "autoUv": false, "windMode": [-1,-1,-1,-1] },
				"down": { "texture": "#skin", "uv": [ 11.5, 0.0, 23.0, 4.0 ], "autoUv": false }
			},
			"children": [
				{
					"name": "Neck",
					"from": [ -0.1824, 0.0, 0.0563 ],
					"to": [ 0.0416, 8.0E-4, 0.2003 ],
					"autoUnwrap": false,
					"uv": [ 17.0, 20.5 ],
					"rotationOrigin": [ -0.0384, -0.056, 0.152 ],
					"faces": {
						"north": { "texture": "#skin", "uv": [ 17.5, 17.0, 21.5, 19.0 ], "autoUv": false, "windMode": [-1,-1,-1,-1] },
						"east": { "texture": "#skin", "uv": [ 10.0, 12.5, 13.0, 14.5 ], "autoUv": false },
						"south": { "texture": "#skin", "uv": [ 17.5, 17.0, 21.5, 19.0 ], "autoUv": false, "windMode": [-1,-1,-1,-1] },
						"west": { "texture": "#skin", "uv": [ 10.0, 12.5, 13.0, 14.5 ], "autoUv": false },
						"up": { "texture": "#skin", "uv": [ 0.0, 13.5, 4.0, 16.5 ], "autoUv": false },
						"down": { "texture": "#skin", "uv": [ 4.0, 13.5, 8.0, 16.5 ], "autoUv": false }
					},
					"children": [
						{
							"name": "Head",
							"from": [ -0.1696, 0.0, -0.012 ],
							"to": [ 0.0, 6.0E-4, 0.156 ],
							"autoUnwrap": false,
							"uv": [ 1.0, 15.0 ],
							"rotationOrigin": [ -0.0256, 0.1008, 0.084 ],
							"faces": {
								"north": { "texture": "#skin", "uv": [ 9.0, 7.0, 6.0, 9.5 ], "autoUv": false, "windMode": [-1,-1,-1,-1] },
								"east": { "texture": "#skin", "uv": [ 9.0, 7.0, 12.5, 9.5 ], "autoUv": false },
								"south": { "texture": "#skin", "uv": [ 6.0, 7.0, 9.0, 9.5 ], "autoUv": false, "windMode": [-1,-1,-1,-1] },
								"west": { "texture": "#skin", "uv": [ 9.0, 7.0, 12.5, 9.5 ], "autoUv": false },
								"up": { "texture": "#skin", "uv": [ 0.0, 7.0, 3.0, 10.5 ], "autoUv": false },
								"down": { "texture": "#skin", "uv": [ 3.0, 7.0, 6.0, 10.5 ], "autoUv": false }
							}
						}
					]
				},
				{
					"name": "UpperTail",
					"from": [ 0.64, 0.0, 0.064 ],
					"to": [ 1.088, 8.0E-4, 0.192 ],
					"autoUnwrap": false,
					"uv": [ 0.5, 26.5 ],
					"rotationOrigin": [ 0.64, 0.096, 0.16 ],
					"faces": {
						"north": { "texture": "#skin", "uv": [ 22.0, 15.0, 15.0, 17.0 ], "autoUv": false, "windMode": [-1,-1,-1,-1] },
						"east": { "texture": "#skin", "uv": [ 20.0, 11.0, 22.0, 11.5 ], "autoUv": false },
						"south": { "texture": "#skin", "uv": [ 15.0, 15.0, 22.0, 15.5 ], "autoUv": false, "windMode": [-1,-1,-1,-1] },
						"west": { "texture": "#skin", "uv": [ 20.0, 11.0, 22.0, 11.5 ], "autoUv": false },
						"up": { "texture": "#skin", "uv": [ 14.0, 13.0, 21.0, 15.0 ], "autoUv": false, "windMode": [-1,-1,-1,-1] },
						"down": { "texture": "#skin", "uv": [ 13.0, 11.0, 20.0, 13.0 ], "autoUv": false }
					},
					"children": [
						{
							"name": "MidTail",
							"from": [ 0.384, 0.0, 0.016 ],
							"to": [ 0.832, 7.0E-4, 0.112 ],
							"autoUnwrap": false,
							"uv": [ 5.5, 15.0 ],
							"rotationOrigin": [ 0.384, 0.0064, -0.016 ],
							"faces": {
								"north": { "texture": "#skin", "uv": [ 15.5, 9.0, 22.5, 9.5 ], "autoUv": false, "windMode": [-1,-1,-1,-1] },
								"east": { "texture": "#skin", "uv": [ 21.5, 4.0, 23.0, 4.5 ], "autoUv": false },
								"south": { "texture": "#skin", "uv": [ 15.5, 9.0, 22.5, 9.5 ], "autoUv": false, "windMode": [-1,-1,-1,-1] },
								"west": { "texture": "#skin", "uv": [ 21.5, 4.0, 23.0, 4.5 ], "autoUv": false },
								"up": { "texture": "#skin", "uv": [ 6.0, 11.0, 13.0, 12.5 ], "autoUv": false, "windMode": [-1,-1,-1,-1] },
								"down": { "texture": "#skin", "uv": [ 8.0, 15.5, 15.0, 17.0 ], "autoUv": false }
							},
							"children": [
								{
									"name": "LowerTail",
									"from": [ 0.384, 0.0, 0.016 ],
									"to": [ 0.832, 6.0E-4, 0.08 ],
									"autoUnwrap": false,
									"uv": [ 16.0, 27.5 ],
									"rotationOrigin": [ 0.384, 0.064, 0.024 ],
									"faces": {
										"north": { "texture": "#skin", "uv": [ 24.0, 19.0, 17.0, 20.0 ], "autoUv": false, "windMode": [-1,-1,-1,-1] },
										"east": { "texture": "#skin", "uv": [ 10.0, 10.0, 11.0, 10.5 ], "autoUv": false, "windMode": [-1,-1,-1,-1] },
										"south": { "texture": "#skin", "uv": [ 17.0, 19.0, 24.0, 19.5 ], "autoUv": false, "windMode": [-1,-1,-1,-1] },
										"west": { "texture": "#skin", "uv": [ 10.0, 10.0, 11.0, 10.5 ], "autoUv": false, "windMode": [-1,-1,-1,-1] },
										"up": { "texture": "#skin", "uv": [ 15.5, 7.0, 22.5, 8.0 ], "autoUv": false },
										"down": { "texture": "#skin", "uv": [ 15.5, 8.0, 22.5, 9.0 ], "autoUv": false }
									}
								}
							]
						}
					]
				},
				{
					"name": "RFShoulder",
					"from": [ 0.064, -0.0064, 0.0 ],
					"to": [ 0.16, -0.0064, 0.0 ],
					"uv": [ 6.0, 9.5 ],
					"rotationOrigin": [ 0.112, -0.0064, 0.0 ],
					"faces": {
						"north": { "texture": "#skin", "uv": [ 6.0, 10.0, 7.5, 10.5 ], "autoUv": false },
						"east": { "texture": "#skin", "uv": [ 7.5, 10.0, 8.0, 10.5 ], "autoUv": false },
						"south": { "texture": "#skin", "uv": [ 8.0, 10.0, 9.5, 10.5 ], "autoUv": false },
						"west": { "texture": "#skin", "uv": [ 9.5, 10.0, 10.0, 10.5 ], "autoUv": false },
						"up": { "texture": "#skin", "uv": [ 6.0, 9.5, 7.5, 10.0 ], "autoUv": false },
						"down": { "texture": "#skin", "uv": [ 7.5, 9.5, 9.0, 10.0 ], "autoUv": false }
					},
					"children": [
						{
							"name": "RFLegUpper",
							"from": [ 0.0, 0.007, -0.16 ],
							"to": [ 0.096, 0.0077, 0.032 ],
							"autoUnwrap": false,
							"uv": [ 12.5, 7.5 ],
							"rotationOrigin": [ 0.032, 0.0704, 0.032 ],
							"faces": {
								"north": { "texture": "#skin", "uv": [ 11.0, 10.0, 12.5, 10.5 ], "autoUv": false },
								"east": { "texture": "#skin", "uv": [ 12.5, 10.0, 15.5, 10.5 ], "autoUv": false },
								"south": { "texture": "#skin", "uv": [ 15.5, 10.0, 17.0, 10.5 ], "autoUv": false },
								"west": { "texture": "#skin", "uv": [ 17.0, 10.0, 20.0, 10.5 ], "autoUv": false },
								"up": { "texture": "#skin", "uv": [ 12.5, 7.0, 14.0, 10.0 ], "autoUv": false },
								"down": { "texture": "#skin", "uv": [ 14.0, 7.0, 15.5, 10.0 ], "autoUv": false }
							}
						}
					]
				},
				{
					"name": "RBShoulder",
					"from": [ 0.64, -0.0064, 0.0 ],
					"to": [ 0.736, -0.0064, 0.0 ],
					"uv": [ 6.0, 9.5 ],
					"rotationOrigin": [ 0.688, -0.0064, 0.0 ],
					"faces": {
						"north": { "texture": "#skin", "uv": [ 6.0, 10.0, 7.5, 10.5 ], "autoUv": false },
						"east": { "texture": "#skin", "uv": [ 7.5, 10.0, 8.0, 10.5 ], "autoUv": false },
						"south": { "texture": "#skin", "uv": [ 8.0, 10.0, 9.5, 10.5 ], "autoUv": false },
						"west": { "texture": "#skin", "uv": [ 9.5, 10.0, 10.0, 10.5 ], "autoUv": false },
						"up": { "texture": "#skin", "uv": [ 6.0, 9.5, 7.5, 10.0 ], "autoUv": false },
						"down": { "texture": "#skin", "uv": [ 7.5, 9.5, 9.0, 10.0 ], "autoUv": false }
					},
					"children": [
						{
							"name": "RBLegUpper",
							"from": [ -0.0048, 0.007, -0.16 ],
							"to": [ 0.0912, 0.0077, 0.032 ],
							"autoUnwrap": false,
							"uv": [ 12.5, 7.5 ],
							"rotationOrigin": [ 0.032, 0.0704, 0.032 ],
							"faces": {
								"north": { "texture": "#skin", "uv": [ 11.0, 10.0, 12.5, 10.5 ], "autoUv": false },
								"east": { "texture": "#skin", "uv": [ 12.5, 10.0, 15.5, 10.5 ], "autoUv": false },
								"south": { "texture": "#skin", "uv": [ 15.5, 10.0, 17.0, 10.5 ], "autoUv": false },
								"west": { "texture": "#skin", "uv": [ 17.0, 10.0, 20.0, 10.5 ], "autoUv": false },
								"up": { "texture": "#skin", "uv": [ 12.5, 7.0, 14.0, 10.0 ], "autoUv": false },
								"down": { "texture": "#skin", "uv": [ 14.0, 7.0, 15.5, 10.0 ], "autoUv": false }
							}
						}
					]
				},
				{
					"name": "LBShoulder",
					"from": [ 0.64, -0.0064, 0.256 ],
					"to": [ 0.736, -0.0064, 0.256 ],
					"uv": [ 6.0, 9.5 ],
					"rotationOrigin": [ 0.688, -0.0064, 0.256 ],
					"faces": {
						"north": { "texture": "#skin", "uv": [ 6.0, 10.0, 7.5, 10.5 ], "autoUv": false },
						"east": { "texture": "#skin", "uv": [ 7.5, 10.0, 8.0, 10.5 ], "autoUv": false },
						"south": { "texture": "#skin", "uv": [ 8.0, 10.0, 9.5, 10.5 ], "autoUv": false },
						"west": { "texture": "#skin", "uv": [ 9.5, 10.0, 10.0, 10.5 ], "autoUv": false },
						"up": { "texture": "#skin", "uv": [ 6.0, 9.5, 7.5, 10.0 ], "autoUv": false },
						"down": { "texture": "#skin", "uv": [ 7.5, 9.5, 9.0, 10.0 ], "autoUv": false }
					},
					"children": [
						{
							"name": "LBLegUpper",
							"from": [ -0.0048, 0.007, -0.032 ],
							"to": [ 0.0912, 0.0077, 0.16 ],
							"autoUnwrap": false,
							"uv": [ 12.5, 7.5 ],
							"rotationOrigin": [ 0.032, 0.0704, -0.032 ],
							"faces": {
								"north": { "texture": "#skin", "uv": [ 11.0, 10.0, 12.5, 10.5 ], "autoUv": false },
								"east": { "texture": "#skin", "uv": [ 12.5, 10.0, 15.5, 10.5 ], "autoUv": false },
								"south": { "texture": "#skin", "uv": [ 15.5, 10.0, 17.0, 10.5 ], "autoUv": false },
								"west": { "texture": "#skin", "uv": [ 17.0, 10.0, 20.0, 10.5 ], "autoUv": false },
								"up": { "texture": "#skin", "uv": [ 12.5, 7.0, 14.0, 10.0 ], "autoUv": false },
								"down": { "texture": "#skin", "uv": [ 14.0, 7.0, 15.5, 10.0 ], "autoUv": false }
							}
						}
					]
				},
				{
					"name": "LFShoulder",
					"from": [ 0.064, -0.0064, 0.256 ],
					"to": [ 0.16, -0.0064, 0.256 ],
					"uv": [ 6.0, 9.5 ],
					"rotationOrigin": [ 0.112, -0.0064, 0.256 ],
					"faces": {
						"north": { "texture": "#skin", "uv": [ 6.0, 10.0, 7.5, 10.5 ], "autoUv": false },
						"east": { "texture": "#skin", "uv": [ 7.5, 10.0, 8.0, 10.5 ], "autoUv": false },
						"south": { "texture": "#skin", "uv": [ 8.0, 10.0, 9.5, 10.5 ], "autoUv": false },
						"west": { "texture": "#skin", "uv": [ 9.5, 10.0, 10.0, 10.5 ], "autoUv": false },
						"up": { "texture": "#skin", "uv": [ 6.0, 9.5, 7.5, 10.0 ], "autoUv": false },
						"down": { "texture": "#skin", "uv": [ 7.5, 9.5, 9.0, 10.0 ], "autoUv": false }
					},
					"children": [
						{
							"name": "LFLegUpper",
							"from": [ 0.0, 0.007, -0.032 ],
							"to": [ 0.096, 0.0077, 0.16 ],
							"autoUnwrap": false,
							"uv": [ 12.5, 7.5 ],
							"rotationOrigin": [ 0.032, 0.0704, -0.032 ],
							"faces": {
								"north": { "texture": "#skin", "uv": [ 11.0, 10.0, 12.5, 10.5 ], "autoUv": false },
								"east": { "texture": "#skin", "uv": [ 12.5, 10.0, 15.5, 10.5 ], "autoUv": false },
								"south": { "texture": "#skin", "uv": [ 15.5, 10.0, 17.0, 10.5 ], "autoUv": false },
								"west": { "texture": "#skin", "uv": [ 17.0, 10.0, 20.0, 10.5 ], "autoUv": false },
								"up": { "texture": "#skin", "uv": [ 12.5, 7.0, 14.0, 10.0 ], "autoUv": false, "windMode": [-1,-1,-1,-1] },
								"down": { "texture": "#skin", "uv": [ 14.0, 7.0, 15.5, 10.0 ], "autoUv": false }
							}
						}
					]
				}
			]
		}
	]}