{
	"editor": {
		"allAngles": false,
		"entityTextureMode": false
	},
	"textureWidth": 16,
	"textureHeight": 8,
	"textureSizes": {
	},
	"textures": {
	},
	"elements": [
		{
			"name": "origin",
			"from": [ 7.0, 7.5, 7.5 ], 
			"to": [ 7.0, 7.5, 7.5 ], 
			"rotationOrigin": [ 7.0, 8.0, 8.0 ],
			"faces": {
				"north": { "texture": "#null", "uv": [ 0.0, 0.0, 0.5, 0.5 ] },
				"east": { "texture": "#null", "uv": [ 0.0, 0.0, 0.5, 0.5 ] },
				"south": { "texture": "#null", "uv": [ 0.0, 0.0, 0.5, 0.5 ] },
				"west": { "texture": "#null", "uv": [ 0.0, 0.0, 0.5, 0.5 ] },
				"up": { "texture": "#null", "uv": [ 0.0, 0.0, 0.5, 0.5 ] },
				"down": { "texture": "#null", "uv": [ 0.0, 0.0, 0.5, 0.5 ] }
			},
			"children": [
				{
					"name": "Cube1",
					"from": [ 0.0, -0.5, -0.5 ], 
					"to": [ 2.0, 1.5, 1.5 ], 
					"rotationOrigin": [ 1.0, 0.5, 0.5 ],
					"faces": {
						"north": { "texture": "#material", "uv": [ 1.0, 5.0, 3.0, 7.0 ] },
						"east": { "texture": "#material", "uv": [ 2.0, 1.0, 4.0, 3.0 ] },
						"south": { "texture": "#material", "uv": [ 2.0, 3.0, 4.0, 5.0 ] },
						"west": { "texture": "#material", "uv": [ 1.0, 5.0, 3.0, 7.0 ] },
						"up": { "texture": "#material", "uv": [ 5.0, 2.0, 7.0, 4.0 ] },
						"down": { "texture": "#material", "uv": [ 1.0, 3.0, 3.0, 5.0 ] }
					},
					"children": [
						{
							"name": "Cube3",
							"from": [ 0.05, 0.6, -0.8 ], 
							"to": [ 1.95, 1.5, 0.0 ], 
							"rotationOrigin": [ -11.9, -6.4, -6.8 ],
							"faces": {
								"north": { "texture": "#material", "uv": [ 1.0, 5.0, 2.5, 5.75 ] },
								"east": { "texture": "#material", "uv": [ 2.0, 1.0, 2.5, 1.75 ] },
								"south": { "texture": "#material", "uv": [ 2.0, 3.0, 3.5, 3.75 ] },
								"west": { "texture": "#material", "uv": [ 1.0, 5.0, 1.5, 5.75 ] },
								"up": { "texture": "#material", "uv": [ 5.0, 2.0, 6.5, 2.75 ] },
								"down": { "texture": "#material", "uv": [ 1.0, 3.0, 2.5, 3.75 ] }
							}
						},
						{
							"name": "Cube10",
							"from": [ 0.3, 0.8, -2.9 ], 
							"to": [ 1.8, 1.2, 0.3 ], 
							"rotationOrigin": [ 0.3, 0.8, -2.9 ],
							"rotationX": 11.5,
							"faces": {
								"north": { "texture": "#material", "uv": [ 0.0, 0.0, 1.5, 0.25 ] },
								"east": { "texture": "#material", "uv": [ 0.0, 0.0, 3.0, 0.25 ] },
								"south": { "texture": "#material", "uv": [ 0.0, 0.0, 1.5, 0.25 ] },
								"west": { "texture": "#material", "uv": [ 0.0, 0.0, 3.0, 0.25 ] },
								"up": { "texture": "#material", "uv": [ 0.0, 0.0, 1.5, 3.0 ] },
								"down": { "texture": "#material", "uv": [ 0.0, 0.0, 1.5, 3.0 ] }
							}
						},
						{
							"name": "Cube11",
							"from": [ 0.3, 0.9, -2.9 ], 
							"to": [ 1.8, 1.2, 0.3 ], 
							"rotationOrigin": [ 0.3, 0.9, -2.9 ],
							"rotationX": -11.25,
							"faces": {
								"north": { "texture": "#material", "uv": [ 0.0, 0.0, 1.5, 0.25 ] },
								"east": { "texture": "#material", "uv": [ 0.0, 0.0, 3.0, 0.25 ] },
								"south": { "texture": "#material", "uv": [ 0.0, 0.0, 1.5, 0.25 ] },
								"west": { "texture": "#material", "uv": [ 0.0, 0.0, 3.0, 0.25 ] },
								"up": { "texture": "#material", "uv": [ 0.0, 0.0, 1.5, 3.0 ] },
								"down": { "texture": "#material", "uv": [ 0.0, 0.0, 1.5, 3.0 ] }
							}
						},
						{
							"name": "Cube5",
							"from": [ -0.1, 0.8, -3.5 ], 
							"to": [ 2.1, 1.1, -2.8 ], 
							"rotationOrigin": [ -12.1, -6.2, -9.5 ],
							"faces": {
								"north": { "texture": "#material", "uv": [ 1.0, 5.0, 3.0, 5.25 ] },
								"east": { "texture": "#material", "uv": [ 2.0, 1.0, 2.5, 1.25 ] },
								"south": { "texture": "#material", "uv": [ 2.0, 3.0, 4.0, 3.25 ] },
								"west": { "texture": "#material", "uv": [ 1.0, 5.0, 1.5, 5.25 ] },
								"up": { "texture": "#material", "uv": [ 5.0, 2.0, 7.0, 2.5 ] },
								"down": { "texture": "#material", "uv": [ 1.0, 3.0, 3.0, 3.5 ] }
							},
							"children": [
								{
									"name": "Cube7",
									"from": [ 0.4, 0.0, 5.2 ], 
									"to": [ 0.8, 0.3, 5.9 ], 
									"rotationOrigin": [ -11.6, -7.0, -0.9 ],
									"rotationY": 22.5,
									"faces": {
										"north": { "texture": "#material", "uv": [ 1.0, 5.0, 1.5, 5.5 ] },
										"east": { "texture": "#material", "uv": [ 2.0, 1.0, 2.5, 1.5 ] },
										"south": { "texture": "#material", "uv": [ 2.0, 3.0, 2.5, 3.5 ] },
										"west": { "texture": "#material", "uv": [ 1.0, 5.0, 1.5, 5.5 ] },
										"up": { "texture": "#material", "uv": [ 5.0, 2.0, 5.5, 2.5 ] },
										"down": { "texture": "#material", "uv": [ 1.0, 3.0, 1.5, 3.5 ] }
									}
								},
								{
									"name": "Cube9",
									"from": [ 3.15, 0.0, -4.15 ], 
									"to": [ 3.55, 0.3, -3.45 ], 
									"rotationOrigin": [ -8.9, -7.0, -10.0 ],
									"rotationY": -22.5,
									"faces": {
										"north": { "texture": "#material", "uv": [ 1.0, 5.0, 1.5, 5.5 ] },
										"east": { "texture": "#material", "uv": [ 2.0, 1.0, 2.5, 1.5 ] },
										"south": { "texture": "#material", "uv": [ 2.0, 3.0, 2.5, 3.5 ] },
										"west": { "texture": "#material", "uv": [ 1.0, 5.0, 1.5, 5.5 ] },
										"up": { "texture": "#material", "uv": [ 5.0, 2.0, 5.5, 2.5 ] },
										"down": { "texture": "#material", "uv": [ 1.0, 3.0, 1.5, 3.5 ] }
									}
								}
							]
						},
						{
							"name": "Cube4",
							"from": [ 0.1, 0.7, -1.7 ], 
							"to": [ 1.9, 1.35, -0.8 ], 
							"rotationOrigin": [ -11.9, -6.3, -7.7 ],
							"faces": {
								"north": { "texture": "#material", "uv": [ 1.0, 5.0, 2.5, 5.5 ] },
								"east": { "texture": "#material", "uv": [ 2.0, 1.0, 2.5, 1.5 ] },
								"south": { "texture": "#material", "uv": [ 2.0, 3.0, 3.5, 3.5 ] },
								"west": { "texture": "#material", "uv": [ 1.0, 5.0, 1.5, 5.5 ] },
								"up": { "texture": "#material", "uv": [ 5.0, 2.0, 6.5, 2.75 ] },
								"down": { "texture": "#material", "uv": [ 1.0, 3.0, 2.5, 3.75 ] }
							}
						},
						{
							"name": "Cube6",
							"from": [ 0.1, 0.8, -2.8 ], 
							"to": [ 1.9, 1.2, -1.7 ], 
							"rotationOrigin": [ -11.9, -6.2, -8.8 ],
							"faces": {
								"north": { "texture": "#material", "uv": [ 1.0, 5.0, 2.5, 5.5 ] },
								"east": { "texture": "#material", "uv": [ 2.0, 1.0, 3.0, 1.5 ] },
								"south": { "texture": "#material", "uv": [ 2.0, 3.0, 3.5, 3.5 ] },
								"west": { "texture": "#material", "uv": [ 1.0, 5.0, 2.0, 5.5 ] },
								"up": { "texture": "#material", "uv": [ 5.0, 2.0, 6.5, 3.0 ] },
								"down": { "texture": "#material", "uv": [ 1.0, 3.0, 2.5, 4.0 ] }
							}
						}
					]
				}
			]
		}
	]}