{
    "ingredient": {
      "type": "item",
      "code": "game:ingot-*",
      "name": "metal",
      "allowedVariants": ["lead", "iron"]
    },
    "pattern": [
        [
            "####",
            "####",
            "####",
            "####"
        ],
        [
            "####",
            "####",
            "####",
            "####"
        ],
        [
            "####",
            "####",
            "####",
            "####"
        ],
        [
            "####",
            "####",
            "####",
            "####"
        ]
    ],
    "name": "RoundShell",
    "output": {
        "type": "item",
        "code": "rustyshell:shot-round"
    }
}