{
    "GameVersion": "1.19.7",
    "SizeX": 21,
    "SizeY": 14,
    "SizeZ": 23,
    "BlockCodes": {
        "9698": "game:supportbeam-aged",
        "2966": "game:cobblestone-granite",
        "4154": "game:drystone-granite",
        "9493": "game:agedstonebricks-granite",
        "3061": "game:cobblestonestairs-granite-up-south-free",
        "2985": "game:cobblestonestairs-granite-up-north-free",
        "2852": "game:cobblestoneslab-granite-down-free",
        "6179": "game:rock-granite",
        "5107": "game:gravel-granite",
        "16414": "game:rocktyped-rubble-free",
        "5122": "game:looseboulders-granite-free",
        "2319": "game:slantedroofing-fireclay-north-free",
        "2349": "game:slantedroofing-fireclay-west-free",
        "2339": "game:slantedroofing-fireclay-south-free",
        "2329": "game:slantedroofing-fireclay-east-free",
        "5535": "game:loosestones-granite-free",
        "2479": "game:slantedroofingcornerouter-fireclay-north-free",
        "3004": "game:cobblestonestairs-granite-down-north-free",
        "3080": "game:cobblestonestairs-granite-down-south-free",
        "7355": "game:plankslab-aged-up-free",
        "2489": "game:slantedroofingcornerouter-fireclay-east-free",
        "3118": "game:cobblestonestairs-granite-down-west-free",
        "7277": "game:planks-aged-ns",
        "3042": "game:cobblestonestairs-granite-down-east-free",
        "8606": "game:clutter",
        "2499": "game:slantedroofingcornerouter-fireclay-south-free",
        "8610": "game:groundstorage",
        "9668": "game:planks-aged-we",
        "2419": "game:slantedroofingcornerinner-fireclay-south-free",
        "8109": "game:chest-east",
        "2509": "game:slantedroofingcornerouter-fireclay-west-free"
    },
    "ItemCodes": {
        "1462": "game:shingle-burned-fire",
        "3639": "game:stackrandomizer-clayproducts",
        "279": "game:stackrandomizer-gear",
        "278": "game:stackrandomizer-painting",
        "275": "game:stackrandomizer-resource",
        "270": "game:stackrandomizer-fuel",
        "271": "game:stackrandomizer-ingot",
        "3641": "game:stackrandomizer-newlore"
    },
    "Indices": [
        5258240,
        5262336,
        8406016,
        14337,
        15361,
        16385,
        17409,
        18433,
        19457,
        1062913,
        1063937,
        1064961,
        1065985,
        1067009,
        1068033,
        2111489,
        2112513,
        2113537,
        2114561,
        2115585,
        2116609,
        3161089,
        3162113,
        3163137,
        3164161,
        3165185,
        4209665,
        4210689,
        4211713,
        4212737,
        4213761,
        5257217,
        5258241,
        5259265,
        5260289,
        5261313,
        5262337,
        6306817,
        6307841,
        6308865,
        6309889,
        6310913,
        7356417,
        7357441,
        7358465,
        8406017,
        12290,
        13314,
        14338,
        19458,
        1060866,
        1061890,
        1062914,
        1068034,
        2109442,
        2110466,
        2111490,
        2112514,
        2113538,
        2114562,
        2115586,
        2116610,
        3159042,
        3161090,
        3162114,
        3163138,
        3164162,
        3165186,
        4209666,
        4210690,
        4211714,
        4212738,
        4213762,
        5258242,
        5260290,
        5261314,
        5262338,
        6310914,
        7358466,
        10243,
        11267,
        12291,
        19459,
        1058819,
        1059843,
        1060867,
        1068035,
        2107395,
        2108419,
        2109443,
        2110467,
        2111491,
        2112515,
        2113539,
        2114563,
        2115587,
        2116611,
        3158019,
        3159043,
        3160067,
        3161091,
        3162115,
        3163139,
        3164163,
        3165187,
        4209667,
        4211715,
        4212739,
        4213763,
        5258243,
        5260291,
        5261315,
        5262339,
        6310915,
        10244,
        19460,
        1058820,
        1068036,
        2107396,
        2108420,
        2109444,
        2110468,
        2111492,
        2112516,
        2113540,
        2114564,
        2115588,
        2116612,
        3156996,
        3158020,
        3159044,
        3161092,
        3163140,
        3164164,
        3165188,
        4206596,
        4211716,
        4212740,
        4213764,
        5261316,
        5262340,
        10245,
        19461,
        1058821,
        1068037,
        2107397,
        2108421,
        2109445,
        2110469,
        2111493,
        2112517,
        2113541,
        2114565,
        2115589,
        2116613,
        3156997,
        3158021,
        3159045,
        3160069,
        3161093,
        3163141,
        3164165,
        3165189,
        4206597,
        4208645,
        4209669,
        4213765,
        5258245,
        5262341,
        6306821,
        6310917,
        7174,
        8198,
        9222,
        10246,
        19462,
        1055750,
        1056774,
        1057798,
        1058822,
        1068038,
        2104326,
        2105350,
        2106374,
        2107398,
        2108422,
        2109446,
        2110470,
        2111494,
        2112518,
        2113542,
        2114566,
        2115590,
        2116614,
        3155974,
        3156998,
        3158022,
        3159046,
        3160070,
        3161094,
        3162118,
        3163142,
        3164166,
        3165190,
        4204550,
        4205574,
        4206598,
        4207622,
        4208646,
        4209670,
        4211718,
        4213766,
        5258246,
        5262342,
        5263366,
        6151,
        7175,
        19463,
        20487,
        21511,
        1054727,
        1055751,
        1068039,
        1069063,
        1070087,
        2103303,
        2104327,
        2105351,
        2106375,
        2107399,
        2108423,
        2109447,
        2110471,
        2111495,
        2112519,
        2113543,
        2114567,
        2115591,
        2116615,
        2117639,
        2118663,
        3150855,
        3153927,
        3154951,
        3155975,
        3156999,
        3158023,
        3159047,
        3160071,
        3161095,
        3162119,
        3163143,
        3164167,
        3165191,
        3166215,
        3167239,
        4204551,
        4205575,
        4206599,
        4207623,
        4208647,
        4209671,
        4210695,
        4211719,
        4212743,
        4213767,
        4214791,
        4215815,
        5254151,
        5255175,
        5256199,
        5257223,
        5258247,
        5259271,
        5260295,
        5261319,
        5262343,
        5263367,
        5264391,
        5265415,
        6292487,
        6296583,
        6303751,
        6304775,
        6305799,
        6306823,
        6307847,
        6308871,
        6309895,
        6310919,
        6311943,
        6312967,
        6313991,
        7354375,
        7355399,
        7356423,
        7357447,
        7358471,
        7359495,
        7360519,
        7361543,
        8403975,
        8404999,
        8406023,
        8407047,
        8408071,
        8409095,
        8410119,
        9453575,
        9454599,
        9455623,
        9456647,
        9457671,
        9458695,
        10503175,
        10504199,
        10506247,
        10507271,
        11552775,
        11554823,
        11555847,
        12601351,
        12602375,
        12603399,
        12604423,
        13650951,
        13652999,
        1032,
        2056,
        3080,
        4104,
        5128,
        6152,
        21512,
        1049608,
        1050632,
        1051656,
        1052680,
        1053704,
        1054728,
        1070088,
        2098184,
        2099208,
        2100232,
        2101256,
        2102280,
        2103304,
        2104328,
        2105352,
        2106376,
        2107400,
        2108424,
        2109448,
        2110472,
        2111496,
        2112520,
        2113544,
        2114568,
        2115592,
        2116616,
        2117640,
        2118664,
        3145736,
        3146760,
        3149832,
        3150856,
        3151880,
        3154952,
        3155976,
        3157000,
        3158024,
        3159048,
        3160072,
        3161096,
        3162120,
        3163144,
        3164168,
        3166216,
        3167240,
        4195336,
        4198408,
        4199432,
        4200456,
        4203528,
        4204552,
        4205576,
        4206600,
        4207624,
        4208648,
        4209672,
        4210696,
        4211720,
        4212744,
        4215816,
        5243912,
        5244936,
        5245960,
        5246984,
        5248008,
        5249032,
        5250056,
        5251080,
        5252104,
        5253128,
        5254152,
        5255176,
        5256200,
        5257224,
        5258248,
        5259272,
        5261320,
        5264392,
        6292488,
        6293512,
        6294536,
        6295560,
        6296584,
        6297608,
        6298632,
        6299656,
        6300680,
        6301704,
        6302728,
        6303752,
        6304776,
        6305800,
        6306824,
        6311944,
        6312968,
        7341064,
        7342088,
        7343112,
        7344136,
        7345160,
        7346184,
        7347208,
        7348232,
        7349256,
        7351304,
        7352328,
        7361544,
        8389640,
        8391688,
        8393736,
        8394760,
        8396808,
        8410120,
        9438216,
        9439240,
        9440264,
        9441288,
        9442312,
        9443336,
        9456648,
        9457672,
        9458696,
        10486792,
        10487816,
        10488840,
        10489864,
        10490888,
        10505224,
        10507272,
        11555848,
        12604424,
        13653000,
        1033,
        21513,
        1049609,
        1070089,
        2098185,
        2099209,
        2100233,
        2101257,
        2102281,
        2103305,
        2104329,
        2105353,
        2106377,
        2107401,
        2108425,
        2109449,
        2110473,
        2111497,
        2112521,
        2113545,
        2114569,
        2115593,
        2116617,
        2117641,
        2118665,
        3150857,
        3151881,
        3153929,
        3154953,
        3155977,
        3157001,
        3158025,
        3159049,
        3160073,
        3161097,
        3162121,
        3163145,
        3164169,
        3165193,
        3166217,
        3167241,
        4199433,
        4202505,
        4203529,
        4204553,
        4205577,
        4207625,
        4208649,
        4209673,
        4210697,
        4211721,
        4212745,
        4215817,
        5243913,
        5248009,
        5256201,
        5257225,
        5258249,
        5264393,
        6292489,
        6293513,
        6294537,
        6295561,
        6296585,
        6304777,
        6305801,
        6311945,
        6312969,
        7341065,
        7345161,
        7353353,
        7354377,
        7360521,
        7361545,
        8389641,
        8393737,
        9438217,
        9442313,
        9457673,
        9458697,
        10486793,
        10487817,
        10488841,
        10489865,
        10490889,
        11536393,
        11537417,
        11538441,
        12604425,
        13653001,
        1034,
        21514,
        1049610,
        1070090,
        2098186,
        2099210,
        2100234,
        2101258,
        2102282,
        2103306,
        2104330,
        2105354,
        2106378,
        2107402,
        2108426,
        2109450,
        2110474,
        2111498,
        2112522,
        2113546,
        2114570,
        2115594,
        2116618,
        2117642,
        2118666,
        3150858,
        3151882,
        3152906,
        3153930,
        3154954,
        3155978,
        3157002,
        3158026,
        3159050,
        3160074,
        3161098,
        3162122,
        3163146,
        3165194,
        3167242,
        4199434,
        4200458,
        4204554,
        4205578,
        4206602,
        4207626,
        4208650,
        4209674,
        4211722,
        4215818,
        5243914,
        5248010,
        5255178,
        5256202,
        5257226,
        5264394,
        6292490,
        6293514,
        6294538,
        6295562,
        6296586,
        6304778,
        6305802,
        6310922,
        6311946,
        6312970,
        7341066,
        7345162,
        7359498,
        7361546,
        8393738,
        8410122,
        9438218,
        9442314,
        9457674,
        9458698,
        10486794,
        10487818,
        10488842,
        10489866,
        10490890,
        10507274,
        11536394,
        11539466,
        11555850,
        12585994,
        12604426,
        1035,
        21515,
        1049611,
        1070091,
        2098187,
        2099211,
        2100235,
        2101259,
        2102283,
        2103307,
        2104331,
        2105355,
        2106379,
        2107403,
        2108427,
        2109451,
        2110475,
        2111499,
        2112523,
        2113547,
        2114571,
        2115595,
        2116619,
        2117643,
        2118667,
        3146763,
        3150859,
        3151883,
        3152907,
        3153931,
        3154955,
        3155979,
        3157003,
        3158027,
        3159051,
        3160075,
        3161099,
        3162123,
        3163147,
        3167243,
        4195339,
        4199435,
        4200459,
        4201483,
        4202507,
        4203531,
        4204555,
        4205579,
        4206603,
        4207627,
        4208651,
        4209675,
        4215819,
        5243915,
        5248011,
        5250059,
        5252107,
        5254155,
        5255179,
        5256203,
        5258251,
        5264395,
        6292491,
        6293515,
        6294539,
        6295563,
        6296587,
        6300683,
        6303755,
        6304779,
        6310923,
        6311947,
        6312971,
        7341067,
        7353355,
        7359499,
        7361547,
        8389643,
        9438219,
        9442315,
        9456651,
        9457675,
        9458699,
        10486795,
        10487819,
        10488843,
        10489867,
        10490891,
        10505227,
        11536395,
        12585995,
        12604427,
        13653003,
        1036,
        21516,
        1049612,
        1070092,
        2098188,
        2099212,
        2100236,
        2101260,
        2102284,
        2103308,
        2104332,
        2105356,
        2106380,
        2107404,
        2108428,
        2109452,
        2110476,
        2111500,
        2112524,
        2113548,
        2114572,
        2115596,
        2116620,
        2117644,
        2118668,
        3150860,
        3152908,
        3153932,
        3154956,
        3155980,
        3157004,
        3158028,
        3159052,
        3160076,
        3162124,
        3164172,
        3166220,
        3167244,
        4199436,
        4200460,
        4201484,
        4202508,
        4203532,
        4204556,
        4205580,
        4206604,
        4207628,
        4208652,
        4212748,
        4215820,
        5243916,
        5248012,
        5249036,
        5251084,
        5252108,
        5253132,
        5254156,
        5255180,
        5256204,
        5261324,
        5264396,
        6292492,
        6293516,
        6294540,
        6295564,
        6296588,
        6299660,
        6300684,
        6301708,
        6302732,
        6303756,
        6304780,
        6309900,
        6310924,
        6311948,
        6312972,
        7341068,
        7345164,
        7351308,
        7353356,
        7358476,
        7361548,
        8393740,
        8407052,
        8410124,
        9438220,
        9442316,
        9456652,
        9457676,
        9458700,
        10486796,
        10487820,
        10488844,
        10489868,
        10490892,
        10507276,
        11536396,
        11538444,
        11555852,
        12585996,
        12587020,
        12604428,
        13653004,
        1037,
        21517,
        1049613,
        1070093,
        2098189,
        2099213,
        2100237,
        2101261,
        2102285,
        2103309,
        2104333,
        2105357,
        2106381,
        2107405,
        2108429,
        2109453,
        2110477,
        2111501,
        2112525,
        2113549,
        2114573,
        2115597,
        2116621,
        2117645,
        2118669,
        3150861,
        3151885,
        3152909,
        3153933,
        3154957,
        3155981,
        3157005,
        3158029,
        3159053,
        3160077,
        3161101,
        3162125,
        3165197,
        3166221,
        3167245,
        4199437,
        4200461,
        4201485,
        4202509,
        4203533,
        4204557,
        4205581,
        4206605,
        4207629,
        4208653,
        4210701,
        4215821,
        5243917,
        5248013,
        5249037,
        5250061,
        5252109,
        5253133,
        5254157,
        5255181,
        5256205,
        5264397,
        6292493,
        6293517,
        6294541,
        6295565,
        6296589,
        6297613,
        6298637,
        6301709,
        6302733,
        6303757,
        6304781,
        6305805,
        6307853,
        6308877,
        6309901,
        6310925,
        6311949,
        6312973,
        7341069,
        7345165,
        7350285,
        7353357,
        7357453,
        7360525,
        7361549,
        8389645,
        8393741,
        8401933,
        9438221,
        9442317,
        9450509,
        9453581,
        9455629,
        9456653,
        9457677,
        9458701,
        10486797,
        10487821,
        10488845,
        10489869,
        10490893,
        10502157,
        10504205,
        10505229,
        11536397,
        11537421,
        11538445,
        12604429,
        13651981,
        13653005,
        1038,
        2062,
        3086,
        4110,
        5134,
        21518,
        1049614,
        1050638,
        1051662,
        1052686,
        1053710,
        1070094,
        2098190,
        2099214,
        2100238,
        2101262,
        2102286,
        2103310,
        2104334,
        2105358,
        2106382,
        2107406,
        2108430,
        2109454,
        2110478,
        2111502,
        2112526,
        2113550,
        2114574,
        2115598,
        2116622,
        2117646,
        2118670,
        3146766,
        3149838,
        3150862,
        3151886,
        3152910,
        3153934,
        3154958,
        3157006,
        3158030,
        3159054,
        3160078,
        3161102,
        3162126,
        3163150,
        3164174,
        3165198,
        3166222,
        3167246,
        4195342,
        4198414,
        4199438,
        4200462,
        4201486,
        4202510,
        4203534,
        4205582,
        4206606,
        4207630,
        4215822,
        5242894,
        5243918,
        5244942,
        5245966,
        5246990,
        5248014,
        5249038,
        5250062,
        5251086,
        5253134,
        5254158,
        5255182,
        5256206,
        5264398,
        6292494,
        6293518,
        6294542,
        6295566,
        6296590,
        6297614,
        6298638,
        6299662,
        6301710,
        6302734,
        6303758,
        6304782,
        6305806,
        6307854,
        6308878,
        6309902,
        6310926,
        6311950,
        6312974,
        7341070,
        7342094,
        7343118,
        7344142,
        7345166,
        7346190,
        7347214,
        7348238,
        7350286,
        7351310,
        7352334,
        7353358,
        7361550,
        8389646,
        8391694,
        8393742,
        8394766,
        8395790,
        8399886,
        8400910,
        8401934,
        8410126,
        9438222,
        9439246,
        9440270,
        9441294,
        9442318,
        9443342,
        9444366,
        9448462,
        9449486,
        9450510,
        9451534,
        9452558,
        9453582,
        9454606,
        9455630,
        9456654,
        9457678,
        9458702,
        10486798,
        10487822,
        10488846,
        10489870,
        10490894,
        10491918,
        10498062,
        10499086,
        10501134,
        10506254,
        10507278,
        11540494,
        11546638,
        11547662,
        11555854,
        12596238,
        12604430,
        13650958,
        13651982,
        13653006,
        5135,
        14351,
        15375,
        16399,
        17423,
        18447,
        19471,
        20495,
        21519,
        1053711,
        1062927,
        1063951,
        1064975,
        1065999,
        1067023,
        1068047,
        1069071,
        1070095,
        2102287,
        2103311,
        2104335,
        2105359,
        2106383,
        2107407,
        2108431,
        2109455,
        2110479,
        2111503,
        2112527,
        2113551,
        2114575,
        2115599,
        2116623,
        2117647,
        2118671,
        3150863,
        3151887,
        3152911,
        3153935,
        3154959,
        3155983,
        3157007,
        3158031,
        3159055,
        3160079,
        3161103,
        3162127,
        3163151,
        3164175,
        3165199,
        3166223,
        3167247,
        4199439,
        4200463,
        4201487,
        4202511,
        4203535,
        4204559,
        4205583,
        4206607,
        4207631,
        4208655,
        4209679,
        4210703,
        4211727,
        4212751,
        4213775,
        4214799,
        4215823,
        5243919,
        5246991,
        5248015,
        5251087,
        5252111,
        5253135,
        5254159,
        5255183,
        5256207,
        5257231,
        5258255,
        5259279,
        5260303,
        5261327,
        5262351,
        5263375,
        5264399,
        5265423,
        6296591,
        6297615,
        6302735,
        6303759,
        6304783,
        6305807,
        6306831,
        6307855,
        6308879,
        6309903,
        6310927,
        6311951,
        6312975,
        7345167,
        7352335,
        7353359,
        7354383,
        7355407,
        7356431,
        7357455,
        7358479,
        7359503,
        7360527,
        7361551,
        8393743,
        8401935,
        8402959,
        8405007,
        8407055,
        8409103,
        8410127,
        9442319,
        9450511,
        9451535,
        9452559,
        9453583,
        9454607,
        9455631,
        9456655,
        9457679,
        9458703,
        10490895,
        10499087,
        10500111,
        10502159,
        10504207,
        10506255,
        10507279,
        11548687,
        11550735,
        11552783,
        11554831,
        11555855,
        12597263,
        12598287,
        12599311,
        12600335,
        12601359,
        12602383,
        12603407,
        12604431,
        13648911,
        13649935,
        13650959,
        13651983,
        13653007,
        5136,
        13328,
        1053712,
        1061904,
        2102288,
        2103312,
        2104336,
        2105360,
        2106384,
        2107408,
        2108432,
        2109456,
        2110480,
        3150864,
        3151888,
        3153936,
        3154960,
        3155984,
        3157008,
        3158032,
        3159056,
        3160080,
        4199440,
        4200464,
        4204560,
        4205584,
        4206608,
        4207632,
        5248016,
        5253136,
        5254160,
        5255184,
        5256208,
        5257232,
        5264400,
        6296592,
        6297616,
        6302736,
        6304784,
        7345168,
        7346192,
        7353360,
        9442320,
        9450512,
        10490896,
        10491920,
        10498064,
        10499088,
        5137,
        13329,
        1053713,
        1061905,
        2102289,
        2103313,
        2104337,
        2105361,
        2106385,
        2107409,
        2108433,
        2109457,
        2110481,
        3150865,
        3153937,
        3155985,
        3157009,
        3158033,
        3159057,
        4199441,
        4204561,
        4205585,
        4206609,
        4207633,
        5248017,
        5255185,
        5256209,
        6296593,
        6297617,
        6303761,
        6304785,
        7345169,
        7353361,
        8393745,
        8401937,
        9442321,
        9450513,
        10490897,
        10491921,
        10498065,
        10499089,
        5138,
        13330,
        1053714,
        1061906,
        2102290,
        2103314,
        2104338,
        2105362,
        2106386,
        2107410,
        2108434,
        2109458,
        2110482,
        3150866,
        3152914,
        3153938,
        3157010,
        3158034,
        3159058,
        4199442,
        4205586,
        4206610,
        4207634,
        5248018,
        5255186,
        5256210,
        6296594,
        6297618,
        6298642,
        6299666,
        6300690,
        6301714,
        6304786,
        7345170,
        7346194,
        7353362,
        9442322,
        9450514,
        10490898,
        10491922,
        10492946,
        10493970,
        10496018,
        10497042,
        10498066,
        10499090,
        11540498,
        11546642,
        5139,
        6163,
        7187,
        8211,
        9235,
        10259,
        11283,
        12307,
        13331,
        1053715,
        1054739,
        1055763,
        1056787,
        1057811,
        1058835,
        1059859,
        1060883,
        1061907,
        2102291,
        2103315,
        2104339,
        2105363,
        2106387,
        2107411,
        2108435,
        2109459,
        2110483,
        3150867,
        3151891,
        3152915,
        3153939,
        3154963,
        3155987,
        3157011,
        3158035,
        3159059,
        4199443,
        4200467,
        4201491,
        4202515,
        4203539,
        4204563,
        4205587,
        4206611,
        4207635,
        5246995,
        5248019,
        5249043,
        5250067,
        5251091,
        5252115,
        5253139,
        5254163,
        5255187,
        5256211,
        5257235,
        6296595,
        6297619,
        6298643,
        6299667,
        6300691,
        6301715,
        6302739,
        6303763,
        6304787,
        7345171,
        7346195,
        7347219,
        7348243,
        7349267,
        7350291,
        7351315,
        7352339,
        7353363,
        8393747,
        8394771,
        8396819,
        8398867,
        8400915,
        8401939,
        9442323,
        9443347,
        9444371,
        9445395,
        9446419,
        9447443,
        9448467,
        9449491,
        9450515,
        10490899,
        10491923,
        10492947,
        10493971,
        10494995,
        10496019,
        10497043,
        10498067,
        10499091,
        5248020,
        5256212
    ],
    "BlockIds": [
        9698,
        9698,
        9698,
        2966,
        2966,
        2966,
        2966,
        2966,
        2966,
        2966,
        2966,
        2966,
        2966,
        2966,
        2966,
        2966,
        2966,
        2966,
        2966,
        2966,
        2966,
        4154,
        9493,
        9493,
        9493,
        4154,
        4154,
        9493,
        4154,
        2966,
        4154,
        9698,
        9493,
        4154,
        9493,
        4154,
        9493,
        3061,
        9493,
        2966,
        2966,
        2985,
        3061,
        4154,
        2985,
        2852,
        2966,
        2966,
        2966,
        2966,
        2966,
        2966,
        2966,
        2966,
        2966,
        2966,
        2966,
        6179,
        6179,
        6179,
        6179,
        2966,
        2852,
        2966,
        5107,
        5107,
        5107,
        2966,
        4154,
        5107,
        5107,
        5107,
        4154,
        16414,
        5122,
        5107,
        9493,
        2319,
        2319,
        2966,
        2966,
        2966,
        2966,
        2966,
        2966,
        2966,
        2966,
        2966,
        2966,
        2966,
        6179,
        6179,
        6179,
        6179,
        6179,
        6179,
        2966,
        9698,
        2349,
        16414,
        2966,
        5107,
        5107,
        5107,
        9493,
        9493,
        5107,
        5107,
        2966,
        5122,
        5122,
        16414,
        9493,
        2319,
        2966,
        2966,
        2966,
        2966,
        2966,
        6179,
        6179,
        6179,
        6179,
        6179,
        6179,
        6179,
        6179,
        2966,
        5122,
        5107,
        5107,
        5122,
        2966,
        5107,
        4154,
        2319,
        2339,
        5107,
        4154,
        5122,
        9493,
        2966,
        2966,
        2966,
        2966,
        2966,
        6179,
        6179,
        6179,
        6179,
        6179,
        6179,
        6179,
        6179,
        2966,
        2852,
        5107,
        5107,
        5107,
        2966,
        5107,
        5107,
        4154,
        5122,
        16414,
        4154,
        2966,
        9493,
        2966,
        5122,
        5122,
        2966,
        2966,
        2966,
        2966,
        2966,
        2966,
        2966,
        2966,
        2966,
        2966,
        2966,
        2966,
        2966,
        2966,
        6179,
        6179,
        6179,
        6179,
        6179,
        6179,
        6179,
        6179,
        2966,
        5107,
        5107,
        5107,
        5107,
        5107,
        4154,
        2329,
        5107,
        2329,
        2966,
        9698,
        2852,
        5107,
        16414,
        9698,
        9493,
        16414,
        9493,
        9493,
        4154,
        9698,
        2966,
        2966,
        2966,
        2966,
        2966,
        2966,
        2966,
        2966,
        2966,
        2966,
        2966,
        2966,
        6179,
        6179,
        6179,
        6179,
        6179,
        6179,
        6179,
        6179,
        6179,
        6179,
        6179,
        2966,
        2966,
        2966,
        9698,
        2329,
        16414,
        5107,
        5107,
        2966,
        2966,
        2966,
        9493,
        4154,
        5107,
        9493,
        4154,
        2966,
        2966,
        2329,
        5107,
        5107,
        2966,
        2966,
        2966,
        4154,
        5107,
        4154,
        2966,
        2966,
        2966,
        5122,
        5107,
        2966,
        9493,
        4154,
        4154,
        2966,
        2966,
        9493,
        4154,
        4154,
        9698,
        9698,
        9698,
        9698,
        4154,
        2966,
        9493,
        9493,
        2966,
        2966,
        9493,
        2966,
        9493,
        9698,
        5122,
        2966,
        4154,
        2966,
        9493,
        2966,
        2966,
        2966,
        5122,
        9493,
        2966,
        2966,
        4154,
        2966,
        2966,
        5122,
        2966,
        9493,
        2966,
        2966,
        9493,
        5535,
        2966,
        2966,
        9493,
        4154,
        4154,
        2966,
        2966,
        4154,
        9493,
        4154,
        5122,
        2479,
        2966,
        2966,
        2966,
        2966,
        2966,
        2966,
        2966,
        2966,
        2966,
        2966,
        2966,
        2966,
        2966,
        2966,
        2966,
        2966,
        2966,
        2966,
        2966,
        2966,
        6179,
        6179,
        6179,
        6179,
        6179,
        6179,
        6179,
        6179,
        6179,
        6179,
        6179,
        6179,
        6179,
        6179,
        2966,
        9698,
        2966,
        9493,
        9493,
        2966,
        9493,
        5107,
        5107,
        2966,
        2966,
        5107,
        5107,
        5107,
        5107,
        5107,
        5107,
        9493,
        9493,
        4154,
        2966,
        4154,
        2966,
        5535,
        5107,
        9493,
        2966,
        5107,
        5107,
        5107,
        5107,
        5107,
        4154,
        4154,
        3004,
        3080,
        4154,
        9493,
        4154,
        3004,
        3080,
        9493,
        3004,
        3080,
        9493,
        4154,
        5107,
        2966,
        5107,
        16414,
        2966,
        9493,
        2966,
        4154,
        2966,
        9493,
        2966,
        9493,
        2966,
        4154,
        2966,
        2966,
        9493,
        9493,
        2966,
        5107,
        7355,
        9493,
        4154,
        2852,
        2966,
        2852,
        9493,
        4154,
        2852,
        2966,
        2852,
        16414,
        5535,
        4154,
        9493,
        9493,
        2966,
        2966,
        5122,
        4154,
        9493,
        9493,
        2966,
        9493,
        4154,
        5122,
        7355,
        7355,
        9493,
        2489,
        2329,
        2329,
        2329,
        2329,
        5122,
        2966,
        2966,
        9493,
        2319,
        2966,
        2966,
        2966,
        2966,
        2966,
        6179,
        6179,
        6179,
        6179,
        6179,
        6179,
        6179,
        6179,
        6179,
        6179,
        6179,
        6179,
        6179,
        6179,
        6179,
        6179,
        6179,
        6179,
        6179,
        2966,
        4154,
        2319,
        2966,
        4154,
        2966,
        2966,
        2966,
        9493,
        5107,
        5107,
        2966,
        5107,
        2966,
        2339,
        5107,
        2966,
        2966,
        16414,
        5535,
        5535,
        5107,
        9493,
        4154,
        4154,
        5107,
        2349,
        5107,
        9493,
        3118,
        4154,
        4154,
        5107,
        5107,
        9493,
        4154,
        7355,
        7355,
        7355,
        4154,
        2966,
        5107,
        7355,
        2966,
        9493,
        2966,
        5535,
        16414,
        5122,
        2852,
        4154,
        9493,
        2966,
        4154,
        7355,
        2966,
        2339,
        7277,
        7277,
        7277,
        9493,
        2489,
        2329,
        2329,
        2966,
        2319,
        2966,
        2966,
        2966,
        2966,
        2966,
        6179,
        6179,
        6179,
        6179,
        6179,
        6179,
        6179,
        6179,
        6179,
        6179,
        6179,
        6179,
        6179,
        6179,
        6179,
        6179,
        6179,
        6179,
        6179,
        2966,
        2966,
        5107,
        4154,
        2966,
        5107,
        2966,
        5107,
        5107,
        4154,
        5107,
        4154,
        5107,
        5107,
        16414,
        9493,
        9493,
        16414,
        4154,
        4154,
        5107,
        2966,
        5107,
        2966,
        16414,
        2966,
        3042,
        4154,
        5107,
        9493,
        5107,
        9493,
        2966,
        7355,
        7355,
        7355,
        2966,
        2966,
        2349,
        7355,
        7355,
        9493,
        2852,
        2966,
        2319,
        2966,
        2966,
        9493,
        9493,
        2966,
        7355,
        9493,
        2339,
        7277,
        7277,
        7277,
        2966,
        4154,
        2339,
        16414,
        9493,
        2489,
        4154,
        2966,
        2966,
        2966,
        2966,
        2966,
        6179,
        6179,
        6179,
        6179,
        6179,
        6179,
        6179,
        6179,
        6179,
        6179,
        6179,
        6179,
        6179,
        6179,
        6179,
        6179,
        6179,
        6179,
        6179,
        2966,
        2966,
        9493,
        2966,
        5107,
        2966,
        2966,
        5107,
        5107,
        5107,
        9493,
        5107,
        2966,
        5107,
        2966,
        4154,
        2966,
        9493,
        5107,
        5107,
        5107,
        5107,
        5107,
        5107,
        4154,
        2966,
        2966,
        5107,
        4154,
        9493,
        2966,
        16414,
        5107,
        5107,
        5107,
        9493,
        2329,
        4154,
        2966,
        7355,
        7355,
        7355,
        2966,
        5535,
        16414,
        2966,
        7355,
        7355,
        2966,
        4154,
        5122,
        5122,
        2852,
        9493,
        2966,
        2966,
        7355,
        7355,
        2966,
        2339,
        7277,
        7277,
        7277,
        2329,
        2339,
        2339,
        2339,
        2966,
        2319,
        2966,
        2966,
        2966,
        2966,
        2966,
        6179,
        6179,
        6179,
        6179,
        6179,
        6179,
        6179,
        6179,
        6179,
        6179,
        6179,
        6179,
        6179,
        6179,
        6179,
        6179,
        6179,
        6179,
        6179,
        2966,
        2966,
        5107,
        5107,
        2966,
        2966,
        2966,
        5107,
        9493,
        5107,
        4154,
        8606,
        2339,
        2966,
        2966,
        2966,
        2966,
        4154,
        4154,
        4154,
        2966,
        5107,
        2966,
        2966,
        8606,
        2966,
        3118,
        2966,
        2319,
        5107,
        5107,
        5107,
        2966,
        5107,
        2966,
        8606,
        9493,
        9493,
        7355,
        7355,
        7355,
        2966,
        16414,
        5535,
        5535,
        5107,
        5107,
        4154,
        8606,
        7355,
        7355,
        4154,
        2852,
        2966,
        5122,
        2966,
        8606,
        4154,
        9493,
        8606,
        9493,
        4154,
        4154,
        7355,
        7355,
        2966,
        2339,
        7277,
        7277,
        7277,
        9493,
        4154,
        2339,
        8606,
        2966,
        2499,
        2349,
        9493,
        2319,
        2966,
        2966,
        2966,
        2966,
        2966,
        6179,
        6179,
        6179,
        6179,
        6179,
        6179,
        6179,
        6179,
        6179,
        6179,
        6179,
        6179,
        6179,
        6179,
        6179,
        6179,
        6179,
        6179,
        6179,
        2966,
        4154,
        5107,
        2966,
        2966,
        5107,
        5107,
        2966,
        5107,
        2966,
        5107,
        5107,
        5107,
        8610,
        8610,
        2966,
        4154,
        2966,
        4154,
        2966,
        2966,
        5107,
        5107,
        2966,
        4154,
        5107,
        16414,
        9493,
        3042,
        9493,
        5107,
        5107,
        5107,
        2966,
        5107,
        5107,
        9493,
        4154,
        9493,
        7355,
        7355,
        7355,
        4154,
        16414,
        2319,
        5107,
        5107,
        5107,
        2966,
        7355,
        7355,
        7355,
        7355,
        7355,
        7355,
        2966,
        2966,
        2966,
        5122,
        2966,
        2329,
        16414,
        2852,
        9493,
        2966,
        9493,
        9493,
        4154,
        5122,
        7355,
        7355,
        7355,
        7355,
        9493,
        2339,
        7277,
        7277,
        7277,
        4154,
        2339,
        5535,
        5122,
        2499,
        2349,
        2349,
        2966,
        9668,
        2319,
        2966,
        2966,
        2966,
        2966,
        2966,
        2966,
        2966,
        2966,
        2966,
        2966,
        2966,
        2966,
        2966,
        2966,
        2966,
        2966,
        2966,
        6179,
        6179,
        6179,
        6179,
        6179,
        6179,
        6179,
        6179,
        6179,
        6179,
        6179,
        6179,
        6179,
        6179,
        6179,
        2966,
        2966,
        4154,
        9493,
        4154,
        2966,
        5107,
        5107,
        9493,
        4154,
        2966,
        5107,
        5107,
        5107,
        2329,
        8610,
        8610,
        8610,
        2966,
        4154,
        2966,
        2966,
        4154,
        5107,
        5107,
        2966,
        2966,
        2966,
        2966,
        2966,
        9698,
        9493,
        3004,
        3080,
        9493,
        9493,
        9493,
        9493,
        4154,
        2966,
        4154,
        2966,
        2966,
        9493,
        2966,
        4154,
        2966,
        2966,
        9493,
        4154,
        2966,
        2966,
        5107,
        4154,
        2966,
        2966,
        7355,
        7355,
        7355,
        7355,
        7355,
        7355,
        2966,
        9493,
        2852,
        9493,
        2852,
        2966,
        9493,
        2966,
        16414,
        5535,
        4154,
        2966,
        2966,
        9493,
        4154,
        9493,
        2966,
        9493,
        2966,
        4154,
        2966,
        4154,
        9493,
        2966,
        4154,
        2966,
        2966,
        2966,
        2966,
        2329,
        5535,
        9493,
        2966,
        7355,
        7355,
        7355,
        7355,
        7355,
        7355,
        7355,
        2966,
        2499,
        2349,
        2349,
        2349,
        2419,
        2966,
        4154,
        2966,
        16414,
        8109,
        2966,
        16414,
        16414,
        2966,
        2966,
        5122,
        9493,
        9668,
        9668,
        2319,
        2966,
        2966,
        2966,
        2966,
        2966,
        2966,
        2966,
        2966,
        2966,
        2966,
        2966,
        2966,
        2966,
        2966,
        2966,
        2966,
        2966,
        2966,
        2966,
        6179,
        6179,
        6179,
        6179,
        6179,
        6179,
        6179,
        6179,
        2966,
        2966,
        2966,
        2966,
        2966,
        2966,
        2966,
        2966,
        2966,
        5107,
        5107,
        2966,
        4154,
        5107,
        4154,
        4154,
        2966,
        9493,
        2966,
        9493,
        2966,
        4154,
        2966,
        9493,
        4154,
        4154,
        5535,
        16414,
        5107,
        5107,
        2966,
        5107,
        5107,
        2966,
        9493,
        2966,
        4154,
        2966,
        4154,
        2966,
        2966,
        9493,
        9698,
        9698,
        2966,
        5535,
        5122,
        5107,
        5107,
        5107,
        9493,
        4154,
        9493,
        9493,
        4154,
        2966,
        2966,
        4154,
        9493,
        9698,
        9493,
        7355,
        5122,
        5107,
        2966,
        9493,
        2966,
        4154,
        2966,
        2966,
        9493,
        2966,
        4154,
        2966,
        5122,
        9493,
        2966,
        2852,
        4154,
        2852,
        4154,
        2852,
        2966,
        2966,
        4154,
        2966,
        9493,
        9493,
        9493,
        2966,
        9493,
        2966,
        9493,
        4154,
        4154,
        9493,
        9493,
        2966,
        2966,
        9493,
        9493,
        2339,
        4154,
        2966,
        2966,
        2966,
        4154,
        4154,
        2966,
        9493,
        4154,
        2966,
        2966,
        2966,
        9493,
        9493,
        9493,
        2966,
        4154,
        9493,
        4154,
        2349,
        2349,
        2349,
        2349,
        2509,
        2966,
        2966,
        2966,
        2966,
        2966,
        6179,
        6179,
        6179,
        6179,
        6179,
        6179,
        6179,
        2966,
        4154,
        5107,
        2966,
        2966,
        5107,
        5107,
        4154,
        4154,
        9698,
        2966,
        2319,
        5107,
        5107,
        5107,
        9493,
        2966,
        2329,
        5107,
        5107,
        2966,
        9698,
        9698,
        2966,
        7355,
        2339,
        4154,
        2852,
        8606,
        2852,
        2966,
        9493,
        2339,
        9668,
        9668,
        2319,
        2966,
        2966,
        2966,
        2966,
        2966,
        6179,
        6179,
        6179,
        6179,
        6179,
        6179,
        6179,
        2966,
        9493,
        2329,
        2966,
        5107,
        5107,
        9493,
        2966,
        16414,
        5107,
        5107,
        2966,
        9493,
        5107,
        9493,
        2966,
        7355,
        2339,
        2966,
        9493,
        4154,
        4154,
        9493,
        2966,
        2966,
        2339,
        9668,
        9668,
        2319,
        2966,
        2966,
        2966,
        2966,
        2966,
        6179,
        6179,
        6179,
        6179,
        6179,
        6179,
        6179,
        2966,
        2966,
        8606,
        16414,
        2966,
        5107,
        2966,
        4154,
        16414,
        5107,
        4154,
        2966,
        16414,
        9493,
        4154,
        7355,
        7355,
        7355,
        7355,
        7355,
        2966,
        2852,
        8109,
        2852,
        2966,
        9493,
        2339,
        9668,
        9668,
        9668,
        9668,
        9668,
        9668,
        2319,
        2499,
        2509,
        2966,
        2966,
        2966,
        2966,
        2966,
        2966,
        2966,
        2966,
        2966,
        2966,
        2966,
        2966,
        2966,
        2966,
        2966,
        2966,
        2966,
        2966,
        2966,
        2966,
        2966,
        2966,
        2966,
        2966,
        2966,
        2966,
        2966,
        2966,
        4154,
        2966,
        9493,
        2966,
        9493,
        4154,
        2966,
        2966,
        9493,
        2966,
        9493,
        2966,
        4154,
        2966,
        2966,
        9493,
        4154,
        9698,
        9493,
        2966,
        9493,
        2966,
        2966,
        9493,
        9493,
        4154,
        2966,
        9698,
        4154,
        9493,
        2966,
        9493,
        2966,
        2966,
        9493,
        2966,
        9493,
        4154,
        2966,
        2852,
        4154,
        2852,
        4154,
        2852,
        4154,
        4154,
        9493,
        4154,
        9493,
        4154,
        9493,
        9493,
        2966,
        2966,
        2966,
        2966,
        4154,
        4154,
        2966,
        2966,
        9493,
        2499,
        2349,
        2349,
        2349,
        2349,
        2349,
        2349,
        2349,
        2509,
        9698,
        9698
    ],
    "DecorIndices": [],
    "DecorIds": [],
    "BlockEntities": {
        "5258240": "!<d@[F*NA_#64c-E,TfCEW?(>!<d@[F*d0\"#64o6@VfsmCI<#NAIrp*E,]`9FCJfiD(T1/ARl&M@V&tbF%?9<+pnYd!!%O6'`\\5a58\"J9rr7I4'`\\515TKh)+@$e'9-=<D+pnYd!!%O6'`\\5a58\"J9r;V72(&\\)]590_(TKj@R9-=<:",
        "5262336": "!<d@[F*NA_#64c-E,TfCEW?(>!<d@[F*d<&#64o6@VfsmCI<#NAIrp*E,]`9FCJfiD(T1/ARl&M@V&tbF&DuF-OL@n!!%O6'`\\5a590_(J3OYW%0-BY58=.u!5KWQs*m6Mi_(Br$7?/k%0-BY58=.uJ3P%S!.[9H%h/L=i'8%Ts*m6R!!%O6(ue12!rr",
        "8406016": "!<d@[F*NA_#64c-E,TfCFT;CA!<d@[F*d6$#64o6@VfsmCI<#NAIrp*E,]`9FCJfiD(T1/ARl&M@V&tbF\"%(r-OL@n!!%O6'`\\5a4rjV'!'_),%K?BW58=2!!5KWTs$&aci_(Br!!",
        "5257217": "!<d@[F*ND`#64c-E,TfCEW?(>!<d@[F*d-!#64o6@VfsmCI<#NAIrp*E,]`9FCJfiD(T1/ARl&M@V&tbF$BX3+:8Gj!!%O6*<6(i58\"J9jb-AW'`\\46^`E@QIm4e09*uUF$5EO@J3P%S!.[9H$4Qt8&3ps1!!'eOi_'7",
        "5258242": "!<d@[F*NGa#64c-E,TfCEW?(>!<d@[F*d0\"#64o6@VfsmCI<#NAJK6(@r$13E+NQ3Ecki#Ch521Eb/ec\"E\\p.AJT</@Ua.b/R`^6Cgh??/SB*4DJ=3(\":&scFCB9&=9&=$!!EUFATMNNDJ*csi9`25\":&scFCB9&=o\\O&!!rsADes6$@ru9m!!E[MAT2'lE`7'gFCbFP!!!!",
        "3158019": "!<d@[F*NJb#64c-E,TfCDu]k<!<d@[F*d&t#64o6@VfsmCI<#NAIrp*E,]`9FCJfiD(T1/ARl&M@V&tbF\"%(r-OL@n!!%O5'`\\5a4rjV'!'_),%K?Al58F(qIm+kQ!._g$i_(Bs!!",
        "3160067": "!<d@[F*NJb#64c-E,TfCDu]k<!<d@[F*d-!#64o6@VfsmCI<#NAJK6(@r$13E+NQ3Ecki#Ch521Eb/ec\"E\\p.AJT</@Ua.b/R`^6Cgh??/SB*4DJ=3(\":&scFCB9&=9&=$!!EUFATMNNDJ*csi9`25\":&scFCB9&=o\\O&!!rsADes6$@ru9m!!E[MAT2'lE`7'gFCbFP!!!!",
        "5261315": "!<d@[F*NJb#64c-E,TfCEW?(>!<d@[F*d9%#64o6@VfsmCI<#NAJK6(@r$13E+NQ3Ecki#Ch521Eb/ec\"E\\p.AJT</@Ua.b/R`^6Cgh?@/SB*4DJ=3(\":&scFCB9&=9&=$!!EUFATMNNDJ*csi9`0_\":&scFCB9&=o\\O&!!rsADes6$@ru9m!!E[MAT2'lE`7'gFCbFP!!!!",
        "4208645": "!<d@[F*NPd#64c-E,TfCE<#t=!<d@[F*d-!#64o6@VfsmCI<#NAJK6(@r$13E+NQ3Ecki#Ch521Eb/ec\"E\\p.AJT</@Ua.b/R`^6Cgh??/SB*4DJ=3(\":&scFCB9&=9&=$!!EUFATMNNDJ*csi9`25\":&scFCB9&=o\\O&!!rsADes6$@ru9m!!E[MAT2'lE`7'gFCbFP!!!!",
        "4204550": "!<d@[F*NSe#64c-E,TfCE<#t=!<d@[F*cur#64o6@VfsmCI<#NAIrp*E,]`9FCJfiD(T1/ARl&M@V&tbF!L_m+pnYd!!%O5*<6'>58\"J9qYu%/(&e/^^E!:S^qU`G9-=?;",
        "4207622": "!<d@[F*NSe#64c-E,TfCE<#t=!<d@[F*d)u#64o6@VfsmCI<#NAJK6(@r$13E+NQ3Ecki#Ch521Eb/ec\"E\\p.AJT</@Ua.b/R`^6Cgh?>/SB*4DJ=3(\":&scFCB9&=9&=$!!EUFATMNNDJ*csi9`25\":&scFCB9&=o\\O&!!rsADes6$@ru9m!!E[MAT2'lE`7'gFCbFP!!!!",
        "4208646": "!<d@[F*NSe#64c-E,TfCE<#t=!<d@[F*d-!#64o6@VfsmCI<#NAIrp*E,]`9FCJfiD(T1/ARl&M@V&tbF!L_m+pnYd!!#8K*<6(i58\"J9!!%Pa's:BsZQ0#G5ee/q9-=?;",
        "4211718": "!<d@[F*NSe#64c-E,TfCE<#t=!<d@[F*d6$#64o6@VfsmCI<#NAJK6(@r$13E+NQ3Ecki#Ch521Eb/ec\"E\\p.AJT</@Ua.b/R`^6Cgh?@/SB*4DJ=3(\":&scFCB9&=9&=$!!EUFATMNNDJ*csi9`25\":&scFCB9&=o\\O&!!rsADes6$@ru9m!!E[MAT2'lE`7'gFCbFP!!!!",
        "5263366": "!<d@[F*NSe#64c-E,TfCEW?(>!<d@[F*d?'#64o6@VfsmCI<#NAIrp*E,]`9FCJfiD(T1/ARl&M@V&tbF%?9<+pnYd!!%O6'`\\5a58\"J9!!%O6'`\\46^`DI[N3jG]9-=9C+pnYd!!%O6'`\\5a58\"J9s8RR5('\";`590_(!'hC\\9-=<:",
        "3150855": "!<d@[F*NVf#64c-E,TfCDu]k<!<d@[F*cfm#64o6@VfsmCI<#NAIrp*E,]`9FCJfiD(T1/ARl&M@V&tbF!L_m+pnYd!!%O6*<6'>58\"J9!!%O6'`\\5!5TKh)!'_=[9-=<:",
        "3154951": "!<d@[F*NVf#64c-E,TfCDu]k<!<d@[F*crq#64o6@VfsmCI<#NAJK6(@r$13E+NQ3Ecki#Ch521Eb/ec\"E\\p.AJT</@Ua.b/R`^6Cgh?@/SB*4DJ=3(\":&scFCB9&=9&=$!!EUFATMNNDJ*csgCME@\":&scFCB9&=o\\O&!!rsADes6$@ru9m!!E[MAT2'lE`7'gFCbFP!!!!",
        "5265415": "!<d@[F*NVf#64c-E,TfCEW?(>!<d@[F*dE)#64o6@VfsmCI<#NAIrp*E,]`9FCJfiD(T1/ARl&M@V&tbEuG#c(^^E]!!%O6&df'J!\"_F2q>Yq/(ue12!WW",
        "6292487": "!<d@[F*NVf#64c-E,TfCErZ1?!<d@[F*cZi#64o6@VfsmCI<#NAIrp*E,]`9FCJfiD(T1/ARl&M@V&tbEutAh*=;rZ!!%O6&e>HMs*m6Je21+2*<6)$5T&KR+9MT",
        "6296583": "!<d@[F*NVf#64c-E,TfCErZ1?!<d@[F*cfm#64o6@VfsmCI<#NAIrp*E,]`9FCJfiD(T1/ARl&M@V&tbF!L_m+pnYd!!%O6*<6'>58\"J9&-.6p('\":u^`<CT0L-K79-=<:",
        "6303751": "!<d@[F*NVf#64c-E,TfCErZ1?!<d@[F*d&t#64o6@VfsmCI<#NAIrp*E,]`9FCJfiD(T1/ARl&M@V&tbF\"%(r-OL@n!!!!`'`\\5a4rjV'!'_),%0-An^D-_KJA3*+!!#5#i_(Bs!!",
        "6313991": "!<d@[F*NVf#64c-E,TfCErZ1?!<d@[F*dE)#64o6@VfsmCI<#NAIrp*E,]`9FCJfiD(T1/ARl&M@V&tbEuG#c(^^6U%h7WR:+-hW!'n=?j3<Oi(ue12!WW",
        "3145736": "!<d@[F*NYg#64c-E,TfCDu]k<!<d@[F*cWh#64o6@VfsmCI<#NAIrp*E,]`9FCJfiD(T1/ARl&M@V&tbEu4la(((3c!!%O6&df?R!'idi!!%O6(ue0g",
        "5261320": "!<d@[F*NYg#64c-E,TfCEW?(>!<d@[F*d9%#64o6@VfsmCI<#NAJK6(@r$13E+NQ3Ecki#Ch521Eb/ec\"E\\p.AJT</@Ua.b/R`^6Cgh?=/SB*4DJ=3(\":&scFCB9&=9&=$!!EUFATMNNDJ*csi9`0_\":&scFCB9&=o\\O&!!rsADes6$@ru9m!!E[MAT2'lE`7'gFCbFP!!!!",
        "7351304": "!<d@[F*NYg#64c-E,TfCF8u:@!<d@[F*d#s#64o6@VfsmCI<#NAJK6(@r$13E+NQ3Ecki#Ch521Eb/ec\"E\\p.AJT</@Ua.b/R`^6Cgh?>/SB*4DJ=3(\":&scFCB9&=9&=$!!EUFATMNNDJ*csdSp%X\":&scFCB9&=o\\O&!!rsADes6$@ru9m!!E[MAT2'lE`7'gFCbFP!!!!",
        "4202505": "!<d@[F*N\\h#64c-E,TfCE<#t=!<d@[F*cop#64o6@VfsmCI<#NAJK6(@r$13E+NQ3Ecki#Ch521Eb/ec\"E\\p.AJT</@Ua.b/R`^6Cgh?@/SB*4DJ=3(\":&scFCB9&=9&=$!!EUFATMNNDJ*csdSp%X\":&scFCB9&=o\\O&!!rsADes6$@ru9m!!E[MAT2'lE`7'gFCbFP!!!!",
        "7354377": "!<d@[F*N\\h#64c-E,TfCF8u:@!<d@[F*d-!#64o6@VfsmCI<#NAJK6(@r$13E+NQ3Ecki#Ch521Eb/ec\"E\\p.AJT</@Ua.b/R`^6Cgh?=/SB*4DJ=3(\":&scFCB9&=9&=$!!EUFATMNNDJ*csgCHk@\":&scFCB9&=o\\O&!!rsADes6$@ru9m!!E[MAT2'lE`7'gFCbFP!!!!",
        "3165194": "!<d@[F*N_i#64c-E,TfCDu]k<!<d@[F*d<&#64o6@VfsmCI<#NAJK6(@r$13E+NQ3Ecki#Ch521Eb/ec\"E\\p.AJT</@Ua.b/R`^6Cgh?=/SB*4DJ=3(\":&scFCB9&=9&=$!!EUFATMNNDJ*csgCHlk\":&scFCB9&=o\\O&!!rsADes6$@ru9m!!E[MAT2'lE`7'gFCbFP!!!!",
        "4200458": "!<d@[F*N_i#64c-E,TfCE<#t=!<d@[F*cin#64o6@VfsmCI<#NAJK6(@r$13E+NQ3Ecki#Ch521Eb/ec\"E\\p.AJT</@Ua.b/R`^6Cgh??/SB*4DJ=3(\":&scFCB9&=9&=$!!EUFATMNNDJ*csz\":&scFCB9&=o\\O&!!rsADes6$@ru9m!!E[MAT2'lE`7'gFCbFP!!!!",
        "4211722": "!<d@[F*N_i#64c-E,TfCE<#t=!<d@[F*d6$#64o6@VfsmCI<#NAJK6(@r$13E+NQ3Ecki#Ch521Eb/ec\"E\\p.AJT</@Ua.b/R`^6Cgh?=/SB*4DJ=3(\":&scFCB9&=9&=$!!EUFATMNNDJ*csgCHlk\":&scFCB9&=o\\O&!!rsADes6$@ru9m!!E[MAT2'lE`7'gFCbFP!!!!",
        "11539466": "!<d@[F*N_i#64c-E,TfCGQ7^D!<d@[F*cfm#64o6@VfsmCI<#NAJK6(@r$13E+NQ3Ecki#Ch521Eb/ec\"E\\p.AJT</@Ua.b/R`^6Cgh?>/SB*4DJ=3(\":&scFCB9&=9&=$!!EUFATMNNDJ*csgCHlj\":&scFCB9&=o\\O&!!rsADes6$@ru9m!!E[MAT2'lE`7'gFCbFP!!!!",
        "5250059": "!<d@[F*Nbj#64c-E,TfCEW?(>!<d@[F*clo#64o6@VfsmCI<#NAJK6(@r$13E+NQ3Ecki#Ch521Eb/ec\"E\\p.AJT</@Ua.b/R`^6Cgh?>/SB*4DJ=3(\":&scFCB9&=9&=$!!EUFATMNNDJ*csgCME?\":&scFCB9&=o\\O&!!rsADes6$@ru9m!!E[MAT2'lE`7'gFCbFP!!!!",
        "6303755": "!<d@[F*Nbj#64c-E,TfCErZ1?!<d@[F*d&t#64o6@VfsmCI<#NAJK6(@r$13E+NQ3Ecki#Ch521Eb/ec\"E\\p.AJT</@Ua.b/R`^6Cgh?>/SB*4DJ=3(\":&scFCB9&=9&=$!!EUFATMNNDJ*csgCME@\":&scFCB9&=o\\O&!!rsADes6$@ru9m!!E[MAT2'lE`7'gFCbFP!!!!",
        "3164172": "!<d@[F*Nek#64c-E,TfCDu]k<!<d@[F*d9%#64o6@VfsmCI<#NAHu^]F`__:EWlSfH#R='CggjbATBA2B4YU.\":&scFCB9&=9&=$!!EUFATMNNDJ*csjNA=S\":&scFCB9&=o\\O&!!rsADes6$@ru9m!!E[MAT2'lE`7'gFCbFP!!!!",
        "4212748": "!<d@[F*Nek#64c-E,TfCE<#t=!<d@[F*d9%#64o6@VfsmCI<#NAHu^]F`__:EWlSfH#R='CggjbATBA2B4YU.\":&scFCB9&=9&=$!!EUFATMNNDJ*csjNA=S\":&scFCB9&=o\\O&!!rsADes6$@ru9m!!E[MAT2'lE`7'gFCbFP!!!!",
        "5261324": "!<d@[F*Nek#64c-E,TfCEW?(>!<d@[F*d9%#64o6@VfsmCI<#NAHu^]F`__:EWlSfH#R='CggjbATBA2B4YU.\":&scFCB9&=9&=$!!EUFATMNNDJ*csjNA=S\":&scFCB9&=o\\O&!!rsADes6$@ru9m!!E[MAT2'lE`7'gFCbFP!!!!",
        "6299660": "!<d@[F*Nek#64c-E,TfCErZ1?!<d@[F*cop#64o6@VfsmCI<#NAJK6(@r$13E+NQ3Ecki#Ch521Eb/ec\"E\\p.AJT</@Ua.b/R`^6Cgh?>/SB*4DJ=3(\":&scFCB9&=9&=$!!EUFATMNNDJ*csgCHlj\":&scFCB9&=o\\O&!!rsADes6$@ru9m!!E[MAT2'lE`7'gFCbFP!!!!",
        "6309900": "!<d@[F*Nek#64c-E,TfCErZ1?!<d@[F*d9%#64o6@VfsmCI<#NAHu^]F`__:EWlSfH#R='CggjbATBA2B4YU.\":&scFCB9&=9&=$!!EUFATMNNDJ*csjNA=S\":&scFCB9&=o\\O&!!rsADes6$@ru9m!!E[MAT2'lE`7'gFCbFP!!!!",
        "7358476": "!<d@[F*Nek#64c-E,TfCF8u:@!<d@[F*d9%#64o6@VfsmCI<#NAHu^]F`__:EWlSfH#R='CggjbATBA2B4YU.\":&scFCB9&=9&=$!!EUFATMNNDJ*csjNA=S\":&scFCB9&=o\\O&!!rsADes6$@ru9m!!E[MAT2'lE`7'gFCbFP!!!!",
        "8407052": "!<d@[F*Nek#64c-E,TfCFT;CA!<d@[F*d9%#64o6@VfsmCI<#NAHu^]F`__:EWlSfH#R='CggjbATBA2B4YU.\":&scFCB9&=9&=$!!EUFATMNNDJ*csjNA=S\":&scFCB9&=o\\O&!!rsADes6$@ru9m!!E[MAT2'lE`7'gFCbFP!!!!",
        "11538444": "!<d@[F*Nek#64c-E,TfCGQ7^D!<d@[F*ccl#64o6@VfsmCI<#NAHu^]F`__:EWlSfH#R=0@V'('@V'(%F*)G2G:dlMDJ*cs1'@i&DffE0AQSp4!!!-.D.Rd%6#L=OA`V%#^B=d^DffE0AQf'6!!!<3@rH1\"ARfgnA,l`?Eb02uBl[-o@<?&\\z",
        "3165197": "!<d@[F*Nhl#64c-E,TfCDu]k<!<d@[F*d<&#64o6@VfsmCI<#NAIW9mDfor.F*)>@@:s-U$#+:#ASuU.Ed7ZiEH>r7FE7Qb!!!3,F)5c:EsD_\"!!*'\"!4E%2!\"Ao.!!WgQASlBtEaa'4Eb,=fFCf<.ATD4$F`M%e@<6NjE+EC!AH2]1^_\"aj5m.R;ASlBtEaa'4Eb,4Nz!!!<;AoD^\"AQ*\\hEa`Tl:i^JnErZ=LD.Rd%6#L=OA_Ra;^B\"[MFECr$BLZE?AH2]1!!!",
        "3166221": "!<d@[F*Nhl#64c-E,TfCDu]k<!<d@[F*d?'#64o6@VfsmCI<#NAIW9mDfor.F*)>@@:s-U$#+:#ASuU.Ed7ZiEH>r7FE7Qb!!!3,F)5c:EsD_\"!!*'\"!4E%2!#Yb:!!WgQASlBtEaa'4Eb,=fFCf<.ATD4$F`M%e@<6NjE+EC!AH2]1^_\"aj5m.R;ASlBtEaa'4Eb,4Nz!!!<;AoD^\"AQ*\\hEa`Tl:i^JnErZ=LD.Rd%6#L=OA_Ra;^B\"[MFECr$BLZE?AH2]1!!!",
        "4210701": "!<d@[F*Nhl#64c-E,TfCE<#t=!<d@[F*d3##64o6@VfsmCI<#NAJK6(@r$13E+NQ3Ecki#Ch521Eb/ec\"E\\p.AJT</@Ua.b/R`^6Cgh?=/SB*4DJ=3(\":&scFCB9&=9&=$!!EUFATMNNDJ*csgCME@\":&scFCB9&=o\\O&!!rsADes6$@ru9m!!E[MAT2'lE`7'gFCbFP!!!!",
        "6297613": "!<d@[F*Nhl#64c-E,TfCErZ1?!<d@[F*cin#64o6@VfsmCI<#NAJK6(@r$13E+NQ3Ecki#Ch521Eb/ec\"E\\p.AJT</@Ua.b/R`^6Cgh??/SB*4DJ=3(\":&scFCB9&=9&=$!!EUFATMNNDJ*csgCHlj\":&scFCB9&=o\\O&!!rsADes6$@ru9m!!E[MAT2'lE`7'gFCbFP!!!!",
        "7360525": "!<d@[F*Nhl#64c-E,TfCF8u:@!<d@[F*d?'#64o6@VfsmCI<#NAJK6(@r$13E+NQ3Ecki#Ch521Eb/ec\"E\\p.AJT</@Ua.b/R`^6Cgh?>/SB*4DJ=3(\":&scFCB9&=9&=$!!EUFATMNNDJ*csjNA=S\":&scFCB9&=o\\O&!!rsADes6$@ru9m!!E[MAT2'lE`7'gFCbFP!!!!",
        "3164174": "!<d@[F*Nkm#64c-E,TfCDu]k<!<d@[F*d9%#64o6@VfsmCI<#NAIW9mDfor.F*)>@@:s-U$#+:#ASuU.Ed7ZiEH>r7FE7Qb!!!3,F)5c:EsD_\"!!*'\"!4E%2!&4HR!!WgQASlBtEaa'4Eb,=fFCf<.ATD4$F`M%e@<6NjE+EC!AH2]1^_\"aj5m.R;ASlBtEaa'4Eb,4Nz!!!<;AoD^\"AQ*\\hEa`Tl:i^JnErZ=LD.Rd%6#L=OA_Ra;^B\"[MFECr$BLZE?AH2]1!!!",
        "3165198": "!<d@[F*Nkm#64c-E,TfCDu]k<!<d@[F*d<&#64o6@VfsmCI<#NAIW9mDfor.F*)>@@:s-U$#+:#ASuU.Ed7ZiEH>r7FE7Qb!!!3,F)5c:EsD_\"!!*'\"!4E%2!$qUF!!WgQASlBtEaa'4Eb,=fFCf<.ATD4$F`M%e@<6NjE+EC!AH2]1^_\"aj5m.R;ASlBtEaa'4Eb,4Nz!!!<;AoD^\"AQ*\\hEa`Tl:i^JnErZ=LD.Rd%6#L=OA_Ra;^B\"[MFECr$BLZE?AH2]1!!!",
        "3166222": "!<d@[F*Nkm#64c-E,TfCDu]k<!<d@[F*d?'#64o6@VfsmCI<#NAIW9mDfor.F*)>@@:s-U$#+:#ASuU.Ed7ZiEH>r7FE7Qb!!!3,F)5c:EsD_\"!!*'\"!4E%2!(d.j!!WgQASlBtEaa'4Eb,=fFCf<.ATD4$F`M%e@<6NjE+EC!AH2]1^_\"aj5m.R;ASlBtEaa'4Eb,4Nz!!!<;AoD^\"AQ*\\hEa`Tl:i^JnErZ=LD.Rd%6#L=OA_Ra;^B\"[MFECr$BLZE?AH2]1!!!",
        "5242894": "!<d@[F*Nkm#64c-E,TfCEW?(>!<d@[F*cWh#64o6@VfsmCI<#NAIrp*E,]`9FCJfiD(T1/ARl&M@V&tbF!gqp,mk.l!!%O6'`\\5a590_(J3OYW%0-CD^_QbHIm4qW!.[9Ni_'7",
        "7348238": "!<d@[F*Nkm#64c-E,TfCF8u:@!<d@[F*cop#64o6@VfsmCI<#NAJK6(@r$13E+NQ3Ecki#Ch521Eb/ec\"E\\p.AJT</@Ua.b/R`^6Cgh?=/SB*4DJ=3(\":&scFCB9&=9&=$!!EUFATMNNDJ*csjNEk(\":&scFCB9&=o\\O&!!rsADes6$@ru9m!!E[MAT2'lE`7'gFCbFP!!!!",
        "10501134": "!<d@[F*Nkm#64c-E,TfCG5qUC!<d@[F*d0\"#64o6@VfsmCI<#NAJK6(@r$13E+NQ3Ecki#Ch521Eb/ec\"E\\p.AJT</@Ua.b/R`^6Cgh?=/SB*4DJ=3(\":&scFCB9&=9&=$!!EUFATMNNDJ*csdSp%X\":&scFCB9&=o\\O&!!rsADes6$@ru9m!!E[MAT2'lE`7'gFCbFP!!!!",
        "10506254": "!<d@[F*Nkm#64c-E,TfCG5qUC!<d@[F*d?'#64o6@VfsmCI<#NAI;p\\ATMrFARTY%\"po!]G%GQ5DfU+(#'\"^#Dfg%+!!!!'\"`nKuFE7Zf0E;+R!!\"qf!!!$\"!!!!(!AOQT!!!!X%KHJ0z#6?R[!<<*\"(BFL9!<<*\"\":K<iFCAuQBOPdgA]+2>4obfg1B7FU!!!c8!!!$\"!!!!(!AjcW!!!!4!<<*#!!!!%$Zp</@;J;E@;]Rdc-/jF!!`N^!!*'\"!##A5!!*'\"!!E[ODffE(6YKnG@qEp/9KiF]!B'oY!!!!4!<<*#!!!!%$Zp</@;J;E@;]Rdc-/jF!!`N`!!*'\"!#GY9!!*'\"!!E[ODffE(6YKnG@qERNW'11]!!NdCDfS0\\De!QMDe*Dd@q]FpF=h'4F*%QgFEqh:$=e!jCgh:(ARmLu$#O6pBL-NKCh;$nqnE+",
        "11540494": "!<d@[F*Nkm#64c-E,TfCGQ7^D!<d@[F*cin#64o6@VfsmCI<#NAJK6(@r$13E+NQ3Ecki#Ch521Eb/ec\"E\\p.AJT</@Ua.b/R`^6Cgh??/SB*4DJ=3(\":&scFCB9&=9&=$!!EUFATMNNDJ*csjNEk(\":&scFCB9&=o\\O&!!rsADes6$@ru9m!!E[MAT2'lE`7'gFCbFP!!!!",
        "11546638": "!<d@[F*Nkm#64c-E,TfCGQ7^D!<d@[F*d&t#64o6@VfsmCI<#NAJK6(@r$13E+NQ3Ecki#Ch521Eb/ec\"E\\p.AJT</@Ua.b/R`^6Cgh?=/SB*4DJ=3(\":&scFCB9&=9&=$!!EUFATMNNDJ*csdSp%X\":&scFCB9&=o\\O&!!rsADes6$@ru9m!!E[MAT2'lE`7'gFCbFP!!!!",
        "4201487": "!<d@[F*Nnn#64c-E,TfCE<#t=!<d@[F*clo#64o6@VfsmCI<#NAJK6(@r$13E+NQ3Ecki#Ch521Eb/ec\"E\\p.AJT</@Ua.b/R`^6Cgh??/SB*4DJ=3(\":&scFCB9&=9&=$!!EUFATMNNDJ*csgCMCj\":&scFCB9&=o\\O&!!rsADes6$@ru9m!!E[MAT2'lE`7'gFCbFP!!!!",
        "5243919": "!<d@[F*Nnn#64c-E,TfCEW?(>!<d@[F*cZi#64o6@VfsmCI<#NAIrp*E,]`9FCJfiD(T1/ARl&M@V&tbEutAh*=;rb!!%O6&e>H5KMEp1!!!#7*TPD'Zl%dq+9;H",
        "5246991": "!<d@[F*Nnn#64c-E,TfCEW?(>!<d@[F*ccl#64o6@VfsmCI<#NAIrp*E,]`9FCJfiD(T1/ARl&M@V&tbF%--:+:8Gj!!%O6*<6(i58\"J9jb-AW'`\\46^`E@QIm4e09*ujM$5EO@J3P%S!.[9H%h1/)41#b$s*m6R!!#:\"(ue12!<<",
        "5265423": "!<d@[F*Nnn#64c-E,TfCEW?(>!<d@[F*dE)#64o6@VfsmCI<#NAIrp*E,]`9FCJfiD(T1/ARl&M@V&tbF!L_m+pnYd!!%O6'`\\5a58\"J9!!%O6'`\\46^`DI[N3jG]9-=99",
        "3160080": "!<d@[F*Nqo#64c-E,TfCDu]k<!<d@[F*d-!#64o6@VfsmCI<#NAIrp*E,]`9FCJfiD(T1/ARl&M@V&tbEtA<Y%LN1K\"Vh\";5X61G9-=68",
        "5257232": "!<d@[F*Nqo#64c-E,TfCEW?(>!<d@[F*d-!#64o6@VfsmCI<#NAIrp*E,]`9FCJfiD(T1/ARl&M@V&tbEuG#c(^^E]!!%O6&df'J!.[<LrVq@3(ue12!WW",
        "5264400": "!<d@[F*Nqo#64c-E,TfCEW?(>!<d@[F*dB(#64o6@VfsmCI<#NAIrp*E,]`9FCJfiD(T1/ARl&M@V&tbF!L_m+pnYl!!%O6*<6(i58\"J90\"nm((&Ir[590_(i4p2h9-=68",
        "7346192": "!<d@[F*Nqo#64c-E,TfCF8u:@!<d@[F*cin#64o6@VfsmCI<#NAHu^]F`__:EWlSfH#R=*@V'(%F(fK4F=h-GAS#`^#BFa)@<?'_z\":8pVF(djWB5D,Z!!!!%#BFa)@<?'az#mk*[Ci!ZmFCet_\":K6]E+*I$;flGiAH2]1!!!",
        "4204561": "!<d@[F*Ntp#64c-E,TfCE<#t=!<d@[F*cur#64o6@VfsmCI<#NAJK6(@r$13E+NQ3Ecki#Ch521Eb/ec\"E\\p.AJT</@Ua.b/R`^6Cgh??/SB*4DJ=3(\":&scFCB9&=9&=$!!EUFATMNNDJ*csgCHk@\":&scFCB9&=o\\O&!!rsADes6$@ru9m!!E[MAT2'lE`7'gFCbFP!!!!",
        "3152914": "!<d@[F*O\"q#64c-E,TfCDu]k<!<d@[F*clo#64o6@VfsmCI<#NAHu^]F`__:EWlSfH#R=*@V'('@V'(%Ecl)6ARmY$#BFa)@<?'_z\":8pVF(djWB5D/6&';Ng#BFa)@<?'az#mk*[Ci!ZmFCet_\":K6]E+*I$;flGiAH2]1!!!",
        "3153938": "!<d@[F*O\"q#64c-E,TfCDu]k<!<d@[F*cop#64o6@VfsmCI<#NAJK6(@r$13E+NQ3Ecki#Ch521Eb/ec\"E\\p.AJT</@Ua.b/R`^6Cgh?@/SB*4DJ=3(\":&scFCB9&=9&=$!!EUFATMNNDJ*csgCME@\":&scFCB9&=o\\O&!!rsADes6$@ru9m!!E[MAT2'lE`7'gFCbFP!!!!",
        "4205586": "!<d@[F*O\"q#64c-E,TfCE<#t=!<d@[F*d#s#64o6@VfsmCI<#NAJK6(@r$13E+NQ3Ecki#Ch521Eb/ec\"E\\p.AJT</@Ua.b/R`^6Cgh?@/SB*4DJ=3(\":&scFCB9&=9&=$!!EUFATMNNDJ*csi9`25\":&scFCB9&=o\\O&!!rsADes6$@ru9m!!E[MAT2'lE`7'gFCbFP!!!!",
        "5255186": "!<d@[F*O\"q#64c-E,TfCEW?(>!<d@[F*d&t#64o6@VfsmCI<#NAJK6(@r$13E+NQ3Ecki#Ch521Eb/ec\"E\\p.AJT</@Ua.b/R`^6Cgh?@/SB*4DJ=3(\":&scFCB9&=9&=$!!EUFATMNNDJ*csgCHlk\":&scFCB9&=o\\O&!!rsADes6$@ru9m!!E[MAT2'lE`7'gFCbFP!!!!",
        "7346194": "!<d@[F*O\"q#64c-E,TfCF8u:@!<d@[F*cin#64o6@VfsmCI<#NAI;p\\ATMrFARTY%\"po!]G%GQ5DfU+(#'\"^#Dfg%+!!!!'\"`nKuFE7Zf0E;+R!!!c8!!!$\"!!!!(!AOQT!!!!/!<<*#!!!!%$Zp</@;J;E@;]Rd!!!!`!!`N\\!!*'\"!\"T)1!!*'\"!!E[ODffE(6YKnG@q>W?J3Er<!AjcW!!!!8!<<*#!!!!%$Zp</@;J;E@;]Rd_tBrl!!`N^!!*'\"!\"K#0!!*'\"!!E[ODffE(6YKnG@q>W?!'^Gg!B'oY!!!!Z%KHJ0z#6?a`!<<*\"%KQP0!<<*\"\":K<iFCAuQBOPdgAH2]156(Z`\"Uo!]E^FS\\@r\"GMA7Z*XBOu7,/S/@3F9MehH#R=%@rH1\"@;p:!A2+2nD.Rd%6#L=OA_Ra;^&S",
        "5246995": "!<d@[F*O%r#64c-E,TfCEW?(>!<d@[F*ccl#64o6@VfsmCI<#NAIrp*E,]`9FCJfiD(T1/ARl&M@V&tbF!gqp,mk.l!!%O6'`\\5a590_(J3OYW%0-BY^_QeIIm4qV!.[9Ni_'7",
        "5257235": "!<d@[F*O%r#64c-E,TfCEW?(>!<d@[F*d-!#64o6@VfsmCI<#NAIrp*E,]`9FCJfiD(T1/ARl&M@V&tbF!L_m+pnYd!!%O6'`\\5a58\"J9!!%O6'`\\46^`DI[N3jG]9-=99",
        "5248020": "!<d@[F*O(s#64c-E,TfCEW?(>!<d@[F*cfm#64o6@VfsmCI<#NAIrp*E,]`9FCJfiD(T1/ARl&M@V&tbEutAh*=;rb!!%O6&e>H5KMEp1!!!#7*TPD'Zl%dq+9;H",
        "5256212": "!<d@[F*O(s#64c-E,TfCEW?(>!<d@[F*d)u#64o6@VfsmCI<#NAIrp*E,]`9FCJfiD(T1/ARl&M@V&tbF!L_m+pnYl!!%O6*<6(i58\"J9e25X](&@lZ590_(!5TN39-=68"
    },
    "Entities": [],
    "ReplaceMode": 2,
    "EntranceRotation": -1
}