{
	"editor": {
		"allAngles": false,
		"entityTextureMode": true
	},
	"textureWidth": 24,
	"textureHeight": 20,
	"textureSizes": {
	},
	"textures": {
	},
	"elements": [
		{
			"name": "Body",
			"from": [ -5.19, 10.18, 6.13 ],
			"to": [ 6.747, 10.1935, 10.282 ],
			"autoUnwrap": false,
			"uv": [ 1.0, 7.0 ],
			"rotationOrigin": [ 0.0, 10.1838, 8.204 ],
			"rotationZ": -90.0,
			"faces": {
				"north": { "texture": "#skin", "uv": [ 11.5, 4.0, 0.0, 7.0 ], "autoUv": false, "windMode": [-1,-1,-1,-1] },
				"east": { "texture": "#skin", "uv": [ 11.5, 4.0, 15.5, 4.5 ], "autoUv": false },
				"south": { "texture": "#skin", "uv": [ 0.0, 4.0, 11.5, 4.5 ], "autoUv": false, "windMode": [-1,-1,-1,-1] },
				"west": { "texture": "#skin", "uv": [ 11.5, 4.0, 15.5, 4.5 ], "autoUv": false },
				"up": { "texture": "#skin", "uv": [ 0.0, 0.0, 11.5, 4.0 ], "autoUv": false, "windMode": [-1,-1,-1,-1] },
				"down": { "texture": "#skin", "uv": [ 11.5, 0.0, 23.0, 4.0 ], "autoUv": false }
			},
			"children": [
				{
					"name": "Neck",
					"from": [ -2.9583, 0.0, 0.9134 ],
					"to": [ 0.6747, 0.0125, 3.2489 ],
					"autoUnwrap": false,
					"uv": [ 17.0, 20.5 ],
					"rotationOrigin": [ -0.6228, -0.9082, 2.4652 ],
					"faces": {
						"north": { "texture": "#skin", "uv": [ 17.5, 17.0, 21.5, 19.0 ], "autoUv": false, "windMode": [-1,-1,-1,-1] },
						"east": { "texture": "#skin", "uv": [ 10.0, 12.5, 13.0, 14.5 ], "autoUv": false },
						"south": { "texture": "#skin", "uv": [ 17.5, 17.0, 21.5, 19.0 ], "autoUv": false, "windMode": [-1,-1,-1,-1] },
						"west": { "texture": "#skin", "uv": [ 10.0, 12.5, 13.0, 14.5 ], "autoUv": false },
						"up": { "texture": "#skin", "uv": [ 0.0, 13.5, 4.0, 16.5 ], "autoUv": false },
						"down": { "texture": "#skin", "uv": [ 4.0, 13.5, 8.0, 16.5 ], "autoUv": false }
					},
					"children": [
						{
							"name": "Head",
							"from": [ -2.7507, 0.0, -0.1946 ],
							"to": [ 0.0, 0.0104, 2.5301 ],
							"autoUnwrap": false,
							"uv": [ 1.0, 15.0 ],
							"rotationOrigin": [ -0.4152, 1.6348, 1.3624 ],
							"faces": {
								"north": { "texture": "#skin", "uv": [ 9.0, 7.0, 6.0, 9.5 ], "autoUv": false, "windMode": [-1,-1,-1,-1] },
								"east": { "texture": "#skin", "uv": [ 9.0, 7.0, 12.5, 9.5 ], "autoUv": false },
								"south": { "texture": "#skin", "uv": [ 6.0, 7.0, 9.0, 9.5 ], "autoUv": false, "windMode": [-1,-1,-1,-1] },
								"west": { "texture": "#skin", "uv": [ 9.0, 7.0, 12.5, 9.5 ], "autoUv": false },
								"up": { "texture": "#skin", "uv": [ 0.0, 7.0, 3.0, 10.5 ], "autoUv": false },
								"down": { "texture": "#skin", "uv": [ 3.0, 7.0, 6.0, 10.5 ], "autoUv": false }
							}
						}
					]
				},
				{
					"name": "UpperTail",
					"from": [ 10.38, 0.0, 1.038 ],
					"to": [ 17.646, 0.0125, 3.114 ],
					"autoUnwrap": false,
					"uv": [ 0.5, 26.5 ],
					"rotationOrigin": [ 10.38, 1.557, 2.595 ],
					"faces": {
						"north": { "texture": "#skin", "uv": [ 22.0, 15.0, 15.0, 17.0 ], "autoUv": false, "windMode": [-1,-1,-1,-1] },
						"east": { "texture": "#skin", "uv": [ 20.0, 11.0, 22.0, 11.5 ], "autoUv": false },
						"south": { "texture": "#skin", "uv": [ 15.0, 15.0, 22.0, 15.5 ], "autoUv": false, "windMode": [-1,-1,-1,-1] },
						"west": { "texture": "#skin", "uv": [ 20.0, 11.0, 22.0, 11.5 ], "autoUv": false },
						"up": { "texture": "#skin", "uv": [ 14.0, 13.0, 21.0, 15.0 ], "autoUv": false, "windMode": [-1,-1,-1,-1] },
						"down": { "texture": "#skin", "uv": [ 13.0, 11.0, 20.0, 13.0 ], "autoUv": false }
					},
					"children": [
						{
							"name": "MidTail",
							"from": [ 6.228, 0.0, 0.2595 ],
							"to": [ 13.494, 0.0114, 1.8165 ],
							"autoUnwrap": false,
							"uv": [ 5.5, 15.0 ],
							"rotationOrigin": [ 6.228, 0.1038, -0.2595 ],
							"faces": {
								"north": { "texture": "#skin", "uv": [ 15.5, 9.0, 22.5, 9.5 ], "autoUv": false, "windMode": [-1,-1,-1,-1] },
								"east": { "texture": "#skin", "uv": [ 21.5, 4.0, 23.0, 4.5 ], "autoUv": false },
								"south": { "texture": "#skin", "uv": [ 15.5, 9.0, 22.5, 9.5 ], "autoUv": false, "windMode": [-1,-1,-1,-1] },
								"west": { "texture": "#skin", "uv": [ 21.5, 4.0, 23.0, 4.5 ], "autoUv": false },
								"up": { "texture": "#skin", "uv": [ 6.0, 11.0, 13.0, 12.5 ], "autoUv": false, "windMode": [-1,-1,-1,-1] },
								"down": { "texture": "#skin", "uv": [ 8.0, 15.5, 15.0, 17.0 ], "autoUv": false }
							},
							"children": [
								{
									"name": "LowerTail",
									"from": [ 6.228, 0.0, 0.2595 ],
									"to": [ 13.494, 0.0104, 1.2975 ],
									"autoUnwrap": false,
									"uv": [ 16.0, 27.5 ],
									"rotationOrigin": [ 6.228, 1.038, 0.3892 ],
									"faces": {
										"north": { "texture": "#skin", "uv": [ 24.0, 19.0, 17.0, 20.0 ], "autoUv": false, "windMode": [-1,-1,-1,-1] },
										"east": { "texture": "#skin", "uv": [ 10.0, 10.0, 11.0, 10.5 ], "autoUv": false, "windMode": [-1,-1,-1,-1] },
										"south": { "texture": "#skin", "uv": [ 17.0, 19.0, 24.0, 19.5 ], "autoUv": false, "windMode": [-1,-1,-1,-1] },
										"west": { "texture": "#skin", "uv": [ 10.0, 10.0, 11.0, 10.5 ], "autoUv": false, "windMode": [-1,-1,-1,-1] },
										"up": { "texture": "#skin", "uv": [ 15.5, 7.0, 22.5, 8.0 ], "autoUv": false },
										"down": { "texture": "#skin", "uv": [ 15.5, 8.0, 22.5, 9.0 ], "autoUv": false }
									}
								}
							]
						}
					]
				},
				{
					"name": "RFShoulder",
					"from": [ 1.038, -0.1038, 0.0 ],
					"to": [ 2.595, -0.1038, 0.0 ],
					"uv": [ 6.0, 9.5 ],
					"rotationOrigin": [ 1.8165, -0.1038, 0.0 ],
					"faces": {
						"north": { "texture": "#skin", "uv": [ 6.0, 10.0, 7.5, 10.5 ], "autoUv": false },
						"east": { "texture": "#skin", "uv": [ 7.5, 10.0, 8.0, 10.5 ], "autoUv": false },
						"south": { "texture": "#skin", "uv": [ 8.0, 10.0, 9.5, 10.5 ], "autoUv": false },
						"west": { "texture": "#skin", "uv": [ 9.5, 10.0, 10.0, 10.5 ], "autoUv": false },
						"up": { "texture": "#skin", "uv": [ 6.0, 9.5, 7.5, 10.0 ], "autoUv": false },
						"down": { "texture": "#skin", "uv": [ 7.5, 9.5, 9.0, 10.0 ], "autoUv": false }
					},
					"children": [
						{
							"name": "RFLegUpper",
							"from": [ 0.0, 0.1142, -2.595 ],
							"to": [ 1.557, 0.1246, 0.519 ],
							"autoUnwrap": false,
							"uv": [ 12.5, 7.5 ],
							"rotationOrigin": [ 0.519, 1.1418, 0.519 ],
							"faces": {
								"north": { "texture": "#skin", "uv": [ 11.0, 10.0, 12.5, 10.5 ], "autoUv": false },
								"east": { "texture": "#skin", "uv": [ 12.5, 10.0, 15.5, 10.5 ], "autoUv": false },
								"south": { "texture": "#skin", "uv": [ 15.5, 10.0, 17.0, 10.5 ], "autoUv": false },
								"west": { "texture": "#skin", "uv": [ 17.0, 10.0, 20.0, 10.5 ], "autoUv": false },
								"up": { "texture": "#skin", "uv": [ 12.5, 7.0, 14.0, 10.0 ], "autoUv": false },
								"down": { "texture": "#skin", "uv": [ 14.0, 7.0, 15.5, 10.0 ], "autoUv": false }
							}
						}
					]
				},
				{
					"name": "RBShoulder",
					"from": [ 10.38, -0.1038, 0.0 ],
					"to": [ 11.937, -0.1038, 0.0 ],
					"uv": [ 6.0, 9.5 ],
					"rotationOrigin": [ 11.1585, -0.1038, 0.0 ],
					"faces": {
						"north": { "texture": "#skin", "uv": [ 6.0, 10.0, 7.5, 10.5 ], "autoUv": false },
						"east": { "texture": "#skin", "uv": [ 7.5, 10.0, 8.0, 10.5 ], "autoUv": false },
						"south": { "texture": "#skin", "uv": [ 8.0, 10.0, 9.5, 10.5 ], "autoUv": false },
						"west": { "texture": "#skin", "uv": [ 9.5, 10.0, 10.0, 10.5 ], "autoUv": false },
						"up": { "texture": "#skin", "uv": [ 6.0, 9.5, 7.5, 10.0 ], "autoUv": false },
						"down": { "texture": "#skin", "uv": [ 7.5, 9.5, 9.0, 10.0 ], "autoUv": false }
					},
					"children": [
						{
							"name": "RBLegUpper",
							"from": [ -0.0778, 0.1142, -2.595 ],
							"to": [ 1.4791, 0.1246, 0.519 ],
							"autoUnwrap": false,
							"uv": [ 12.5, 7.5 ],
							"rotationOrigin": [ 0.519, 1.1418, 0.519 ],
							"faces": {
								"north": { "texture": "#skin", "uv": [ 11.0, 10.0, 12.5, 10.5 ], "autoUv": false },
								"east": { "texture": "#skin", "uv": [ 12.5, 10.0, 15.5, 10.5 ], "autoUv": false },
								"south": { "texture": "#skin", "uv": [ 15.5, 10.0, 17.0, 10.5 ], "autoUv": false },
								"west": { "texture": "#skin", "uv": [ 17.0, 10.0, 20.0, 10.5 ], "autoUv": false },
								"up": { "texture": "#skin", "uv": [ 12.5, 7.0, 14.0, 10.0 ], "autoUv": false },
								"down": { "texture": "#skin", "uv": [ 14.0, 7.0, 15.5, 10.0 ], "autoUv": false }
							}
						}
					]
				},
				{
					"name": "LBShoulder",
					"from": [ 10.38, -0.1038, 4.152 ],
					"to": [ 11.937, -0.1038, 4.152 ],
					"uv": [ 6.0, 9.5 ],
					"rotationOrigin": [ 11.1585, -0.1038, 4.152 ],
					"faces": {
						"north": { "texture": "#skin", "uv": [ 6.0, 10.0, 7.5, 10.5 ], "autoUv": false },
						"east": { "texture": "#skin", "uv": [ 7.5, 10.0, 8.0, 10.5 ], "autoUv": false },
						"south": { "texture": "#skin", "uv": [ 8.0, 10.0, 9.5, 10.5 ], "autoUv": false },
						"west": { "texture": "#skin", "uv": [ 9.5, 10.0, 10.0, 10.5 ], "autoUv": false },
						"up": { "texture": "#skin", "uv": [ 6.0, 9.5, 7.5, 10.0 ], "autoUv": false },
						"down": { "texture": "#skin", "uv": [ 7.5, 9.5, 9.0, 10.0 ], "autoUv": false }
					},
					"children": [
						{
							"name": "LBLegUpper",
							"from": [ -0.0778, 0.1142, -0.519 ],
							"to": [ 1.4791, 0.1246, 2.595 ],
							"autoUnwrap": false,
							"uv": [ 12.5, 7.5 ],
							"rotationOrigin": [ 0.519, 1.1418, -0.519 ],
							"faces": {
								"north": { "texture": "#skin", "uv": [ 11.0, 10.0, 12.5, 10.5 ], "autoUv": false },
								"east": { "texture": "#skin", "uv": [ 12.5, 10.0, 15.5, 10.5 ], "autoUv": false },
								"south": { "texture": "#skin", "uv": [ 15.5, 10.0, 17.0, 10.5 ], "autoUv": false },
								"west": { "texture": "#skin", "uv": [ 17.0, 10.0, 20.0, 10.5 ], "autoUv": false },
								"up": { "texture": "#skin", "uv": [ 12.5, 7.0, 14.0, 10.0 ], "autoUv": false },
								"down": { "texture": "#skin", "uv": [ 14.0, 7.0, 15.5, 10.0 ], "autoUv": false }
							}
						}
					]
				},
				{
					"name": "LFShoulder",
					"from": [ 1.038, -0.1038, 4.152 ],
					"to": [ 2.595, -0.1038, 4.152 ],
					"uv": [ 6.0, 9.5 ],
					"rotationOrigin": [ 1.8165, -0.1038, 4.152 ],
					"faces": {
						"north": { "texture": "#skin", "uv": [ 6.0, 10.0, 7.5, 10.5 ], "autoUv": false },
						"east": { "texture": "#skin", "uv": [ 7.5, 10.0, 8.0, 10.5 ], "autoUv": false },
						"south": { "texture": "#skin", "uv": [ 8.0, 10.0, 9.5, 10.5 ], "autoUv": false },
						"west": { "texture": "#skin", "uv": [ 9.5, 10.0, 10.0, 10.5 ], "autoUv": false },
						"up": { "texture": "#skin", "uv": [ 6.0, 9.5, 7.5, 10.0 ], "autoUv": false },
						"down": { "texture": "#skin", "uv": [ 7.5, 9.5, 9.0, 10.0 ], "autoUv": false }
					},
					"children": [
						{
							"name": "LFLegUpper",
							"from": [ 0.0, 0.1142, -0.519 ],
							"to": [ 1.557, 0.1246, 2.595 ],
							"autoUnwrap": false,
							"uv": [ 12.5, 7.5 ],
							"rotationOrigin": [ 0.519, 1.1418, -0.519 ],
							"faces": {
								"north": { "texture": "#skin", "uv": [ 11.0, 10.0, 12.5, 10.5 ], "autoUv": false },
								"east": { "texture": "#skin", "uv": [ 12.5, 10.0, 15.5, 10.5 ], "autoUv": false },
								"south": { "texture": "#skin", "uv": [ 15.5, 10.0, 17.0, 10.5 ], "autoUv": false },
								"west": { "texture": "#skin", "uv": [ 17.0, 10.0, 20.0, 10.5 ], "autoUv": false },
								"up": { "texture": "#skin", "uv": [ 12.5, 7.0, 14.0, 10.0 ], "autoUv": false, "windMode": [-1,-1,-1,-1] },
								"down": { "texture": "#skin", "uv": [ 14.0, 7.0, 15.5, 10.0 ], "autoUv": false }
							}
						}
					]
				}
			]
		}
	]}