[
    {
        "ingredientPattern": "CGC",
        "width": 3,
        "height": 1,
        "ingredients": {
            "G": { "type": "item", "code": "game:drygrass" },
            "C": { "type": "item", "code": "game:vegetable-carrot" }
        },
        "output": { "type": "item", "code": "feverstonewilds:carrotbundle" }
    },
    {
        "ingredientPattern": "G_G,_G_",
        "width": 3,
        "height": 2,
        "ingredients": {
            "G": { "type": "item", "code": "game:drygrass" }
        },
        "output": { "type": "item", "code": "feverstonewilds:drygrassbundle" }
    }
]