[
  {
    "file": "game:entities/humanoid/player",
    "op": "add",
    "path": "/client/animations/-",
    "value": {
			"code": "axesplit-fp",
			"animation": "axesplit-fp", 
			"blendMode": "Add",
			"animationSpeed": 1.65,
			"holdEyePosAfterEasein": 0.3,
			"elementWeight": {
				"UpperArmR": 20,
				"LowerArmR": 20,
				"UpperArmL": 20,
				"LowerArmL": 20
			},
			"elementBlendMode": {
				"UpperArmR": "AddAverage",
				"LowerArmR": "AddAverage",
				"UpperArmL": "AddAverage",
				"LowerArmL": "AddAverage"
			}
		}
  },
  {
    "file": "game:shapes/entity/humanoid/seraph-faceless",
    "op": "add",
    "path": "/animations/-",
    "value": {
			"name": "AxeSplit",
			"code": "axesplit-fp",
			"quantityframes": 34,
			"onActivityStopped": "Rewind",
			"onAnimationEnd": "Repeat",
			"keyframes": [
				{
					"frame": 16,
					"elements": {
						"LowerTorso": { "offsetX": 0.3, "offsetY": 0.0, "offsetZ": -0.3, "rotationX": -3.0, "rotationY": -15.0, "rotationZ": -1.0 },
						"UpperTorso": { "offsetX": 0.0, "offsetY": 0.0, "offsetZ": 0.0, "rotationX": 1.0, "rotationY": 0.0, "rotationZ": 2.0 },
						"UpperArmR": { "offsetX": 0.0, "offsetY": 1.5, "offsetZ": -0.5, "rotationX": -6.0, "rotationY": -11.0, "rotationZ": -74.0 },
						"LowerArmR": { "offsetX": 0.0, "offsetY": 1.5, "offsetZ": 0.0, "rotationX": -10.0, "rotationY": 0.0, "rotationZ": -105.0 },
						"ItemAnchor": { "offsetX": -1.0, "offsetY": 0.0, "offsetZ": 0.0, "rotationX": 0.0, "rotationY": 0.0, "rotationZ": 51.0 },
						"UpperArmL": { "offsetX": 3.0, "offsetY": 0.0, "offsetZ": -0.5, "rotationX": -5.0, "rotationY": -17.0, "rotationZ": -89.0 },
						"LowerArmL": { "offsetX": 0.0, "offsetY": 0.0, "offsetZ": 0.0, "rotationX": 22.0, "rotationY": -31.0, "rotationZ": -35.0 },
						"Neck": { "offsetX": 0.0, "offsetY": 0.0, "offsetZ": 0.0, "rotationX": 1.0, "rotationY": -9.0, "rotationZ": -2.0 },
						"Head": { "offsetX": 0.0, "offsetY": 0.0, "offsetZ": 0.0, "rotationX": 1.0, "rotationY": 25.0, "rotationZ": 6.0 },
						"UpperFootL": { "offsetX": 0.0, "offsetY": 0.0, "offsetZ": 0.0, "rotationX": 0.0, "rotationY": 19.0, "rotationZ": -15.0 },
						"LowerFootL": { "offsetX": 0.0, "offsetY": 0.0, "offsetZ": 0.0, "rotationX": 0.0, "rotationY": 0.0, "rotationZ": 25.0 },
						"UpperFootR": { "offsetX": 0.0, "offsetY": 0.0, "offsetZ": 0.0, "rotationX": 0.0, "rotationY": -8.0, "rotationZ": -20.0 },
						"LowerFootR": { "offsetX": 0.0, "offsetY": 0.0, "offsetZ": 0.0, "rotationX": 0.0, "rotationY": 0.0, "rotationZ": 15.0 }
					}
				},
				{
					"frame": 23,
					"elements": {
						"LowerTorso": { "offsetX": -0.4, "offsetY": 0.0, "offsetZ": -0.0, "rotationX": 0.0, "rotationY": 0.0, "rotationZ": 4.0 },
						"UpperTorso": { "offsetX": 0.0, "offsetY": 0.0, "offsetZ": 0.0, "rotationX": 1.0, "rotationY": 4.0, "rotationZ": 12.0 },
						"UpperArmR": { "offsetX": 0.5, "offsetY": 1.5, "offsetZ": 0.0, "rotationX": -11.0, "rotationY": 7.0, "rotationZ": -70.0 },
						"LowerArmR": { "offsetX": 0.0, "offsetY": 1.0, "offsetZ": 0.0, "rotationX": -4.0, "rotationY": 7.0, "rotationZ": 0.0 },
						"ItemAnchor": { "offsetX": -7.0, "offsetY": 0.0, "offsetZ": 0.0, "rotationX": 23.0, "rotationY": -8.0, "rotationZ": 70.0 },
						"UpperArmL": { "offsetX": 0.5, "offsetY": 1.5, "offsetZ": 0.0, "rotationX": -4.0, "rotationY": 2.0, "rotationZ": -61.0 },
						"LowerArmL": { "offsetX": 0.0, "offsetY": 1.5, "offsetZ": 0.0, "rotationX": 54.0, "rotationY": 0.0, "rotationZ": -14.0 },
						"Neck": { "offsetX": 0.0, "offsetY": 0.0, "offsetZ": 0.0, "rotationX": -1.0, "rotationY": -1.0, "rotationZ": -2.0 },
						"Head": { "offsetX": 0.0, "offsetY": 0.0, "offsetZ": 0.0, "rotationX": 1.0, "rotationY": -5.0, "rotationZ": 10.0 },
						"UpperFootL": { "offsetX": 0.0, "offsetY": 0.0, "offsetZ": 0.0, "rotationX": 0.0, "rotationY": 0.0, "rotationZ": -13.0 },
						"LowerFootL": { "offsetX": 0.0, "offsetY": 0.0, "offsetZ": 0.0, "rotationX": 0.0, "rotationY": 0.0, "rotationZ": 10.0 },
						"UpperFootR": { "offsetX": 0.0, "offsetY": -0.5, "offsetZ": 0.0, "rotationX": 2.0, "rotationY": 5.0, "rotationZ": -19.0 },
						"LowerFootR": { "offsetX": 0.0, "offsetY": 0.5, "offsetZ": 0.0, "rotationX": 0.0, "rotationY": 0.0, "rotationZ": 32.0 }
					}
				},
				{
					"frame": 24,
					"elements": {
						"LowerTorso": { "offsetX": -0.4, "offsetY": 0.0, "offsetZ": -0.0, "rotationX": 0.0, "rotationY": 0.0, "rotationZ": 4.0 },
						"UpperTorso": { "offsetX": 0.0, "offsetY": 0.0, "offsetZ": 0.0, "rotationX": 1.0, "rotationY": 4.0, "rotationZ": 12.0 },
						"UpperArmR": { "offsetX": 0.5, "offsetY": 1.5, "offsetZ": 0.0, "rotationX": -11.0, "rotationY": 7.0, "rotationZ": -70.0 },
						"LowerArmR": { "offsetX": 0.0, "offsetY": 1.0, "offsetZ": 0.0, "rotationX": -4.0, "rotationY": 7.0, "rotationZ": 0.0 },
						"ItemAnchor": { "offsetX": -7.0, "offsetY": 0.0, "offsetZ": 0.0, "rotationX": 23.0, "rotationY": -8.0, "rotationZ": 70.0 },
						"UpperArmL": { "offsetX": 0.5, "offsetY": 1.5, "offsetZ": 0.0, "rotationX": -4.0, "rotationY": 2.0, "rotationZ": -61.0 },
						"LowerArmL": { "offsetX": 0.0, "offsetY": 1.5, "offsetZ": 0.0, "rotationX": 54.0, "rotationY": 0.0, "rotationZ": -14.0 },
						"Neck": { "offsetX": 0.0, "offsetY": 0.0, "offsetZ": 0.0, "rotationX": -1.0, "rotationY": -1.0, "rotationZ": -2.0 },
						"Head": { "offsetX": 0.0, "offsetY": 0.0, "offsetZ": 0.0, "rotationX": 1.0, "rotationY": -5.0, "rotationZ": 10.0 },
						"UpperFootL": { "offsetX": 0.0, "offsetY": 0.0, "offsetZ": 0.0, "rotationX": 0.0, "rotationY": 0.0, "rotationZ": -13.0 },
						"LowerFootL": { "offsetX": 0.0, "offsetY": 0.0, "offsetZ": 0.0, "rotationX": 0.0, "rotationY": 0.0, "rotationZ": 10.0 },
						"UpperFootR": { "offsetX": 0.0, "offsetY": -0.5, "offsetZ": 0.0, "rotationX": 2.0, "rotationY": 5.0, "rotationZ": -19.0 },
						"LowerFootR": { "offsetX": 0.0, "offsetY": 0.5, "offsetZ": 0.0, "rotationX": 0.0, "rotationY": 0.0, "rotationZ": 32.0 }
					}
				},
				{
					"frame": 29,
					"elements": {
						"ItemAnchor": { "offsetX": -5.0, "offsetY": 0.0, "offsetZ": 0.0 }
					}
				}
			]
		}
  }
]