[
  {
    "file": "game:entities/humanoid/player",
    "op": "add",
    "path": "/client/animations/-",
    "value": {
			"code": "sawsaw-fp",
			"animation": "sawsaw-fp", 
			"blendMode": "Add",
			"animationSpeed": 1.65,
			"holdEyePosAfterEasein": 0.3,
			"elementWeight": {
				"UpperArmR": 20,
				"LowerArmR": 20,
				"UpperArmL": 20,
				"LowerArmL": 20
			},
			"elementBlendMode": {
				"UpperArmR": "AddAverage",
				"LowerArmR": "AddAverage",
				"UpperArmL": "AddAverage",
				"LowerArmL": "AddAverage"
			}
		}
  },
  {
    "file": "game:shapes/entity/humanoid/seraph-faceless",
    "op": "add",
    "path": "/animations/-",
    "value": {
			"name": "SawSaw",
			"code": "sawsaw-fp",
			"quantityframes": 34,
			"onActivityStopped": "Rewind",
			"onAnimationEnd": "Repeat",
			"keyframes": [
				{
					"frame": 12,
					"elements": {
						"LowerTorso": { "offsetX": -0.0, "offsetY": -0.0, "offsetZ": -0.2, "rotationX": 0.0, "rotationY": 0.0, "rotationZ": 5.0 },
						"UpperTorso": { "offsetX": 0.0, "offsetY": 0.0, "offsetZ": 0.0, "rotationX": 1.0, "rotationY": -20.0, "rotationZ": 2.0 },
						"UpperArmR": { "offsetX": 2.0, "offsetY": 0.0, "offsetZ": 0.5, "rotationX": 16.0, "rotationY": 14.0, "rotationZ": 19.0 },
						"LowerArmR": { "offsetX": 0.0, "offsetY": 0.5, "offsetZ": 0.0, "rotationX": 0.0, "rotationY": 9.0, "rotationZ": -117.0 },
						"ItemAnchor": { "offsetX": -3.0, "offsetY": -0.7, "offsetZ": 0.1, "rotationX": -8.0, "rotationY": -10.0, "rotationZ": 65.0 },
						"UpperArmL": { "offsetX": 1.5, "offsetY": 2.0, "offsetZ": 0.5, "rotationX": 7.0, "rotationY": 5.0, "rotationZ": -79.0 },
						"LowerArmL": { "offsetX": 0.0, "offsetY": 1.0, "offsetZ": 0.0, "rotationX": 51.0, "rotationY": -27.0, "rotationZ": -8.0 },
						"Neck": { "offsetX": 0.0, "offsetY": 0.0, "offsetZ": 0.0, "rotationX": 1.0, "rotationY": -6.0, "rotationZ": -2.0 },
						"Head": { "offsetX": 0.0, "offsetY": 0.0, "offsetZ": 0.0, "rotationX": 1.0, "rotationY": 25.0, "rotationZ": 6.0 },
						"UpperFootL": { "offsetX": 0.0, "offsetY": 0.0, "offsetZ": 0.0, "rotationX": 0.0, "rotationY": 0.0, "rotationZ": 0.0 },
						"LowerFootL": { "offsetX": 0.0, "offsetY": 0.0, "offsetZ": 0.0, "rotationX": 0.0, "rotationY": 0.0, "rotationZ": 0.0 },
						"UpperFootR": { "offsetX": 0.0, "offsetY": 0.0, "offsetZ": 0.0, "rotationX": 0.0, "rotationY": 0.0, "rotationZ": -9.0 },
						"LowerFootR": { "offsetX": 0.0, "offsetY": 0.0, "offsetZ": 0.0, "rotationX": 0.0, "rotationY": 0.0, "rotationZ": 4.0 }
					}
				},
				{
					"frame": 23,
					"elements": {
						"LowerTorso": { "offsetX": -0.4, "offsetY": 0.2, "offsetZ": -0.4, "rotationX": 0.0, "rotationY": 0.0, "rotationZ": 8.0 },
						"UpperTorso": { "offsetX": 0.0, "offsetY": 0.0, "offsetZ": 0.0, "rotationX": 1.0, "rotationY": -10.0, "rotationZ": 0.0 },
						"UpperArmR": { "offsetX": 2.0, "offsetY": 0.0, "offsetZ": 0.5, "rotationX": 7.0, "rotationY": 17.0, "rotationZ": -15.0 },
						"LowerArmR": { "offsetX": 0.0, "offsetY": 0.5, "offsetZ": 0.0, "rotationX": -7.0, "rotationY": 3.0, "rotationZ": -106.0 },
						"ItemAnchor": { "offsetX": -3.0, "offsetY": -0.7, "offsetZ": 0.1, "rotationX": 0.0, "rotationY": 5.0, "rotationZ": 85.0 },
						"UpperArmL": { "offsetX": 1.5, "offsetY": 2.0, "offsetZ": 0.5, "rotationX": 10.0, "rotationY": 4.0, "rotationZ": -95.0 },
						"LowerArmL": { "offsetX": 0.0, "offsetY": 0.5, "offsetZ": 0.0, "rotationX": 36.0, "rotationY": -16.0, "rotationZ": 1.0 },
						"Neck": { "offsetX": 0.0, "offsetY": 0.0, "offsetZ": 0.0, "rotationX": -1.0, "rotationY": 18.0, "rotationZ": -2.0 },
						"Head": { "offsetX": 0.0, "offsetY": 0.0, "offsetZ": 0.0, "rotationX": 1.0, "rotationY": -5.0, "rotationZ": 10.0 },
						"UpperFootL": { "offsetX": 0.0, "offsetY": 0.0, "offsetZ": 0.0, "rotationX": 0.0, "rotationY": 0.0, "rotationZ": 0.0 },
						"LowerFootL": { "offsetX": 0.0, "offsetY": 0.0, "offsetZ": 0.0, "rotationX": 0.0, "rotationY": 0.0, "rotationZ": 0.0 },
						"UpperFootR": { "offsetX": 0.0, "offsetY": -0.5, "offsetZ": 0.0, "rotationX": 0.0, "rotationY": 0.0, "rotationZ": -12.0 },
						"LowerFootR": { "offsetX": 0.0, "offsetY": 0.5, "offsetZ": 0.0, "rotationX": 0.0, "rotationY": 0.0, "rotationZ": 5.0 }
					}
				},
				{
					"frame": 24,
					"elements": {
						"LowerTorso": { "offsetX": -0.4, "offsetY": 0.2, "offsetZ": -0.4, "rotationX": 0.0, "rotationY": 0.0, "rotationZ": 8.0 },
						"UpperTorso": { "offsetX": 0.0, "offsetY": 0.0, "offsetZ": 0.0, "rotationX": 1.0, "rotationY": -10.0, "rotationZ": 0.0 },
						"UpperArmR": { "offsetX": 2.0, "offsetY": 0.0, "offsetZ": 0.5, "rotationX": 7.0, "rotationY": 17.0, "rotationZ": -15.0 },
						"LowerArmR": { "offsetX": 0.0, "offsetY": 0.5, "offsetZ": 0.0, "rotationX": -7.0, "rotationY": 3.0, "rotationZ": -106.0 },
						"ItemAnchor": { "offsetX": -3.0, "offsetY": -0.7, "offsetZ": 0.1, "rotationX": 0.0, "rotationY": 5.0, "rotationZ": 85.0 },
						"UpperArmL": { "offsetX": 1.5, "offsetY": 2.0, "offsetZ": 0.5, "rotationX": 10.0, "rotationY": 4.0, "rotationZ": -95.0 },
						"LowerArmL": { "offsetX": 0.0, "offsetY": 0.5, "offsetZ": 0.0, "rotationX": 36.0, "rotationY": -16.0, "rotationZ": 1.0 },
						"Neck": { "offsetX": 0.0, "offsetY": 0.0, "offsetZ": 0.0, "rotationX": -1.0, "rotationY": 18.0, "rotationZ": -2.0 },
						"Head": { "offsetX": 0.0, "offsetY": 0.0, "offsetZ": 0.0, "rotationX": 1.0, "rotationY": -5.0, "rotationZ": 10.0 },
						"UpperFootL": { "offsetX": 0.0, "offsetY": 0.0, "offsetZ": 0.0, "rotationX": 0.0, "rotationY": 0.0, "rotationZ": 0.0 },
						"LowerFootL": { "offsetX": 0.0, "offsetY": 0.0, "offsetZ": 0.0, "rotationX": 0.0, "rotationY": 0.0, "rotationZ": 0.0 },
						"UpperFootR": { "offsetX": 0.0, "offsetY": -0.5, "offsetZ": 0.0, "rotationX": 0.0, "rotationY": 0.0, "rotationZ": -12.0 },
						"LowerFootR": { "offsetX": 0.0, "offsetY": 0.5, "offsetZ": 0.0, "rotationX": 0.0, "rotationY": 0.0, "rotationZ": 5.0 }
					}
				},
				{
					"frame": 33,
					"elements": {
						"ItemAnchor": { "offsetX": -3.0, "offsetY": -0.7, "offsetZ": 0.1, "rotationX": -3.0, "rotationY": -2.0, "rotationZ": 78.0 }
					}
				}
			]
		}
  }
]