{
  "code": "toolspellscroll",
  "class": "ItemToolSpellScrollRM",
  "enabled": true,

  //"storageFlags": 131073,

  "variantgroups": [
    {
      "code": "type",
      "loadFromProperties": "rustboundmagic:abstract/spelltype"
    }
  ],
  "skipVariants": [ "*-nospell", "*-transmutation", "*-lifetap", "*-imbueelement", "*-familiar" ],

  "creativeinventory": {
    "general": [ "*" ],
    "items": [ "*" ],
    "rustboundmagicspells": [ "*" ]
  },

  "maxstacksize": 1,
  "materialDensity": 1200,

  "shapebytype": {
    "*": {
      "base": "items/tools/toolspellscroll"
    }
  },
  "texturesByType": {
    "*-rustorb1": {
      "default": { "base": "default" },
      "synthesiscipherskin": { "base": "items/synthesis/synthesiscipher-tier1" },
      "spellicon": { "base": "items/spells/{type}" }
    },
    "*-fireball1": {
      "default": { "base": "default" },
      "synthesiscipherskin": { "base": "items/synthesis/synthesiscipher-tier1" },
      "spellicon": { "base": "items/spells/{type}" }
    },
    "*-aquaburst1": {
      "default": { "base": "default" },
      "synthesiscipherskin": { "base": "items/synthesis/synthesiscipher-tier1" },
      "spellicon": { "base": "items/spells/{type}" }
    },
    "*-aeroblast1": {
      "default": { "base": "default" },
      "synthesiscipherskin": { "base": "items/synthesis/synthesiscipher-tier1" },
      "spellicon": { "base": "items/spells/{type}" }
    },
    "*-stonefist1": {
      "default": { "base": "default" },
      "synthesiscipherskin": { "base": "items/synthesis/synthesiscipher-tier1" },
      "spellicon": { "base": "items/spells/{type}" }
    },
    "*-thunderbolt1": {
      "default": { "base": "default" },
      "synthesiscipherskin": { "base": "items/synthesis/synthesiscipher-tier1" },
      "spellicon": { "base": "items/spells/{type}" }
    },
    "*-coldsnap1": {
      "default": { "base": "default" },
      "synthesiscipherskin": { "base": "items/synthesis/synthesiscipher-tier1" },
      "spellicon": { "base": "items/spells/{type}" }
    },
    "*-wealdburst1": {
      "default": { "base": "default" },
      "synthesiscipherskin": { "base": "items/synthesis/synthesiscipher-tier1" },
      "spellicon": { "base": "items/spells/{type}" }
    },
    "*-etherbolt1": {
      "default": { "base": "default" },
      "synthesiscipherskin": { "base": "items/synthesis/synthesiscipher-tier1" },
      "spellicon": { "base": "items/spells/{type}" }
    },
    "*-reap": {
      "default": { "base": "default" },
      "synthesiscipherskin": { "base": "items/synthesis/synthesiscipher-tier1" },
      "spellicon": { "base": "items/spells/{type}" }
    },



    "*-plunder1": {
      "default": { "base": "default" },
      "synthesiscipherskin": { "base": "items/synthesis/synthesiscipher-tier1" },
      "spellicon": { "base": "items/spells/{type}" }
    },
    "*-silentsteps1": {
      "default": { "base": "default" },
      "synthesiscipherskin": { "base": "items/synthesis/synthesiscipher-tier1" },
      "spellicon": { "base": "items/spells/{type}" }
    },
    "*-agility1": {
      "default": { "base": "default" },
      "synthesiscipherskin": { "base": "items/synthesis/synthesiscipher-tier1" },
      "spellicon": { "base": "items/spells/{type}" }
    },



    "*-equilibrium1": {
      "default": { "base": "default" },
      "synthesiscipherskin": { "base": "items/synthesis/synthesiscipher-tier1" },
      "spellicon": { "base": "items/spells/{type}" }
    },
    "*-befriendanimal1": {
      "default": { "base": "default" },
      "synthesiscipherskin": { "base": "items/synthesis/synthesiscipher-tier1" },
      "spellicon": { "base": "items/spells/{type}" }
    },
    "*-hydratefarmland1": {
      "default": { "base": "default" },
      "synthesiscipherskin": { "base": "items/synthesis/synthesiscipher-tier1" },
      "spellicon": { "base": "items/spells/{type}" }
    },
    "*-fertilize1": {
      "default": { "base": "default" },
      "synthesiscipherskin": { "base": "items/synthesis/synthesiscipher-tier1" },
      "spellicon": { "base": "items/spells/{type}" }
    },
    "*-truenorth": {
      "default": { "base": "default" },
      "synthesiscipherskin": { "base": "items/synthesis/synthesiscipher-tier1" },
      "spellicon": { "base": "items/spells/{type}" }
    },



    "*-summonlight1": {
      "default": { "base": "default" },
      "synthesiscipherskin": { "base": "items/synthesis/synthesiscipher-tier1" },
      "spellicon": { "base": "items/spells/{type}" }
    },
    "*-summoncorpse": {
      "default": { "base": "default" },
      "synthesiscipherskin": { "base": "items/synthesis/synthesiscipher-tier1" },
      "spellicon": { "base": "items/spells/{type}" }
    },
    "*-telekinesis": {
      "default": { "base": "default" },
      "synthesiscipherskin": { "base": "items/synthesis/synthesiscipher-tier1" },
      "spellicon": { "base": "items/spells/{type}" }
    },
    "*-mendobject": {
      "default": { "base": "default" },
      "synthesiscipherskin": { "base": "items/synthesis/synthesiscipher-tier1" },
      "spellicon": { "base": "items/spells/{type}" }
    },

    //--------//--------//--------//--------//

    "*-rustorb2": {
      "default": { "base": "default" },
      "synthesiscipherskin": { "base": "items/synthesis/synthesiscipher-tier2" },
      "spellicon": { "base": "items/spells/{type}" }
    },
    "*-fireball2": {
      "default": { "base": "default" },
      "synthesiscipherskin": { "base": "items/synthesis/synthesiscipher-tier2" },
      "spellicon": { "base": "items/spells/{type}" }
    },
    "*-aquaburst2": {
      "default": { "base": "default" },
      "synthesiscipherskin": { "base": "items/synthesis/synthesiscipher-tier2" },
      "spellicon": { "base": "items/spells/{type}" }
    },
    "*-aeroblast2": {
      "default": { "base": "default" },
      "synthesiscipherskin": { "base": "items/synthesis/synthesiscipher-tier2" },
      "spellicon": { "base": "items/spells/{type}" }
    },
    "*-stonefist2": {
      "default": { "base": "default" },
      "synthesiscipherskin": { "base": "items/synthesis/synthesiscipher-tier2" },
      "spellicon": { "base": "items/spells/{type}" }
    },
    "*-thunderbolt2": {
      "default": { "base": "default" },
      "synthesiscipherskin": { "base": "items/synthesis/synthesiscipher-tier2" },
      "spellicon": { "base": "items/spells/{type}" }
    },
    "*-coldsnap2": {
      "default": { "base": "default" },
      "synthesiscipherskin": { "base": "items/synthesis/synthesiscipher-tier2" },
      "spellicon": { "base": "items/spells/{type}" }
    },
    "*-wealdburst2": {
      "default": { "base": "default" },
      "synthesiscipherskin": { "base": "items/synthesis/synthesiscipher-tier2" },
      "spellicon": { "base": "items/spells/{type}" }
    },
    "*-etherbolt2": {
      "default": { "base": "default" },
      "synthesiscipherskin": { "base": "items/synthesis/synthesiscipher-tier2" },
      "spellicon": { "base": "items/spells/{type}" }
    },

    "*-rustriposte1": {
      "default": { "base": "default" },
      "synthesiscipherskin": { "base": "items/synthesis/synthesiscipher-tier2" },
      "spellicon": { "base": "items/spells/{type}" }
    },
    "*-fireriposte1": {
      "default": { "base": "default" },
      "synthesiscipherskin": { "base": "items/synthesis/synthesiscipher-tier2" },
      "spellicon": { "base": "items/spells/{type}" }
    },
    "*-waterriposte1": {
      "default": { "base": "default" },
      "synthesiscipherskin": { "base": "items/synthesis/synthesiscipher-tier2" },
      "spellicon": { "base": "items/spells/{type}" }
    },
    "*-windriposte1": {
      "default": { "base": "default" },
      "synthesiscipherskin": { "base": "items/synthesis/synthesiscipher-tier2" },
      "spellicon": { "base": "items/spells/{type}" }
    },
    "*-earthriposte1": {
      "default": { "base": "default" },
      "synthesiscipherskin": { "base": "items/synthesis/synthesiscipher-tier2" },
      "spellicon": { "base": "items/spells/{type}" }
    },
    "*-lightningriposte1": {
      "default": { "base": "default" },
      "synthesiscipherskin": { "base": "items/synthesis/synthesiscipher-tier2" },
      "spellicon": { "base": "items/spells/{type}" }
    },
    "*-frostriposte1": {
      "default": { "base": "default" },
      "synthesiscipherskin": { "base": "items/synthesis/synthesiscipher-tier2" },
      "spellicon": { "base": "items/spells/{type}" }
    },
    "*-natureriposte1": {
      "default": { "base": "default" },
      "synthesiscipherskin": { "base": "items/synthesis/synthesiscipher-tier2" },
      "spellicon": { "base": "items/spells/{type}" }
    },
    "*-arcaneriposte1": {
      "default": { "base": "default" },
      "synthesiscipherskin": { "base": "items/synthesis/synthesiscipher-tier2" },
      "spellicon": { "base": "items/spells/{type}" }
    },



    "*-plunder2": {
      "default": { "base": "default" },
      "synthesiscipherskin": { "base": "items/synthesis/synthesiscipher-tier2" },
      "spellicon": { "base": "items/spells/{type}" }
    },
    "*-silentsteps2": {
      "default": { "base": "default" },
      "synthesiscipherskin": { "base": "items/synthesis/synthesiscipher-tier2" },
      "spellicon": { "base": "items/spells/{type}" }
    },
    "*-agility2": {
      "default": { "base": "default" },
      "synthesiscipherskin": { "base": "items/synthesis/synthesiscipher-tier2" },
      "spellicon": { "base": "items/spells/{type}" }
    },
    "*-excavation1": {
      "default": { "base": "default" },
      "synthesiscipherskin": { "base": "items/synthesis/synthesiscipher-tier2" },
      "spellicon": { "base": "items/spells/{type}" }
    },
    "*-nourishingaura1": {
      "default": { "base": "default" },
      "synthesiscipherskin": { "base": "items/synthesis/synthesiscipher-tier2" },
      "spellicon": { "base": "items/spells/{type}" }
    },
    "*-rapidshot1": {
      "default": { "base": "default" },
      "synthesiscipherskin": { "base": "items/synthesis/synthesiscipher-tier2" },
      "spellicon": { "base": "items/spells/{type}" }
    },
    "*-strengthen1": {
      "default": { "base": "default" },
      "synthesiscipherskin": { "base": "items/synthesis/synthesiscipher-tier2" },
      "spellicon": { "base": "items/spells/{type}" }
    },
    "*-swiftness1": {
      "default": { "base": "default" },
      "synthesiscipherskin": { "base": "items/synthesis/synthesiscipher-tier2" },
      "spellicon": { "base": "items/spells/{type}" }
    },
    "*-tinkerer1": {
      "default": { "base": "default" },
      "synthesiscipherskin": { "base": "items/synthesis/synthesiscipher-tier2" },
      "spellicon": { "base": "items/spells/{type}" }
    },
    "*-flashheal1": {
      "default": { "base": "default" },
      "synthesiscipherskin": { "base": "items/synthesis/synthesiscipher-tier2" },
      "spellicon": { "base": "items/spells/{type}" }
    },



    "*-equilibrium2": {
      "default": { "base": "default" },
      "synthesiscipherskin": { "base": "items/synthesis/synthesiscipher-tier2" },
      "spellicon": { "base": "items/spells/{type}" }
    },
    "*-befriendanimal2": {
      "default": { "base": "default" },
      "synthesiscipherskin": { "base": "items/synthesis/synthesiscipher-tier2" },
      "spellicon": { "base": "items/spells/{type}" }
    },
    "*-hydratefarmland2": {
      "default": { "base": "default" },
      "synthesiscipherskin": { "base": "items/synthesis/synthesiscipher-tier2" },
      "spellicon": { "base": "items/spells/{type}" }
    },
    "*-fertilize2": {
      "default": { "base": "default" },
      "synthesiscipherskin": { "base": "items/synthesis/synthesiscipher-tier2" },
      "spellicon": { "base": "items/spells/{type}" }
    },
    "*-resistelements1": {
      "default": { "base": "default" },
      "synthesiscipherskin": { "base": "items/synthesis/synthesiscipher-tier2" },
      "spellicon": { "base": "items/spells/{type}" }
    },
    "*-resistfire1": {
      "default": { "base": "default" },
      "synthesiscipherskin": { "base": "items/synthesis/synthesiscipher-tier2" },
      "spellicon": { "base": "items/spells/{type}" }
    },
    "*-resistwater1": {
      "default": { "base": "default" },
      "synthesiscipherskin": { "base": "items/synthesis/synthesiscipher-tier2" },
      "spellicon": { "base": "items/spells/{type}" }
    },
    "*-resistwind1": {
      "default": { "base": "default" },
      "synthesiscipherskin": { "base": "items/synthesis/synthesiscipher-tier2" },
      "spellicon": { "base": "items/spells/{type}" }
    },
    "*-resistearth1": {
      "default": { "base": "default" },
      "synthesiscipherskin": { "base": "items/synthesis/synthesiscipher-tier2" },
      "spellicon": { "base": "items/spells/{type}" }
    },
    "*-resistlightning1": {
      "default": { "base": "default" },
      "synthesiscipherskin": { "base": "items/synthesis/synthesiscipher-tier2" },
      "spellicon": { "base": "items/spells/{type}" }
    },
    "*-resistfrost1": {
      "default": { "base": "default" },
      "synthesiscipherskin": { "base": "items/synthesis/synthesiscipher-tier2" },
      "spellicon": { "base": "items/spells/{type}" }
    },
    "*-resistnature1": {
      "default": { "base": "default" },
      "synthesiscipherskin": { "base": "items/synthesis/synthesiscipher-tier2" },
      "spellicon": { "base": "items/spells/{type}" }
    },
    "*-resistarcane1": {
      "default": { "base": "default" },
      "synthesiscipherskin": { "base": "items/synthesis/synthesiscipher-tier2" },
      "spellicon": { "base": "items/spells/{type}" }
    },
    "*-endlessbreath": {
      "default": { "base": "default" },
      "synthesiscipherskin": { "base": "items/synthesis/synthesiscipher-tier2" },
      "spellicon": { "base": "items/spells/{type}" }
    },



    "*-summonlight2": {
      "default": { "base": "default" },
      "synthesiscipherskin": { "base": "items/synthesis/synthesiscipher-tier2" },
      "spellicon": { "base": "items/spells/{type}" }
    },
    "*-kindle1": {
      "default": { "base": "default" },
      "synthesiscipherskin": { "base": "items/synthesis/synthesiscipher-tier2" },
      "spellicon": { "base": "items/spells/{type}" }
    },
    "*-surfaceascent1": {
      "default": { "base": "default" },
      "synthesiscipherskin": { "base": "items/synthesis/synthesiscipher-tier2" },
      "spellicon": { "base": "items/spells/{type}" }
    },
    "*-corpseswap": {
      "default": { "base": "default" },
      "synthesiscipherskin": { "base": "items/synthesis/synthesiscipher-tier2" },
      "spellicon": { "base": "items/spells/{type}" }
    },
    "*-shadowstep": {
      "default": { "base": "default" },
      "synthesiscipherskin": { "base": "items/synthesis/synthesiscipher-tier2" },
      "spellicon": { "base": "items/spells/{type}" }
    },
    "*-cleansinglight": {
      "default": { "base": "default" },
      "synthesiscipherskin": { "base": "items/synthesis/synthesiscipher-tier2" },
      "spellicon": { "base": "items/spells/{type}" }
    },

    //--------//--------//--------//--------//

    "*-rustorb3": {
      "default": { "base": "default" },
      "synthesiscipherskin": { "base": "items/synthesis/synthesiscipher-tier3" },
      "spellicon": { "base": "items/spells/{type}" }
    },
    "*-fireball3": {
      "default": { "base": "default" },
      "synthesiscipherskin": { "base": "items/synthesis/synthesiscipher-tier3" },
      "spellicon": { "base": "items/spells/{type}" }
    },
    "*-aquaburst3": {
      "default": { "base": "default" },
      "synthesiscipherskin": { "base": "items/synthesis/synthesiscipher-tier3" },
      "spellicon": { "base": "items/spells/{type}" }
    },
    "*-aeroblast3": {
      "default": { "base": "default" },
      "synthesiscipherskin": { "base": "items/synthesis/synthesiscipher-tier3" },
      "spellicon": { "base": "items/spells/{type}" }
    },
    "*-stonefist3": {
      "default": { "base": "default" },
      "synthesiscipherskin": { "base": "items/synthesis/synthesiscipher-tier3" },
      "spellicon": { "base": "items/spells/{type}" }
    },
    "*-thunderbolt3": {
      "default": { "base": "default" },
      "synthesiscipherskin": { "base": "items/synthesis/synthesiscipher-tier3" },
      "spellicon": { "base": "items/spells/{type}" }
    },
    "*-coldsnap3": {
      "default": { "base": "default" },
      "synthesiscipherskin": { "base": "items/synthesis/synthesiscipher-tier3" },
      "spellicon": { "base": "items/spells/{type}" }
    },
    "*-wealdburst3": {
      "default": { "base": "default" },
      "synthesiscipherskin": { "base": "items/synthesis/synthesiscipher-tier3" },
      "spellicon": { "base": "items/spells/{type}" }
    },
    "*-etherbolt3": {
      "default": { "base": "default" },
      "synthesiscipherskin": { "base": "items/synthesis/synthesiscipher-tier3" },
      "spellicon": { "base": "items/spells/{type}" }
    },

    "*-rustriposte2": {
      "default": { "base": "default" },
      "synthesiscipherskin": { "base": "items/synthesis/synthesiscipher-tier3" },
      "spellicon": { "base": "items/spells/{type}" }
    },
    "*-fireriposte2": {
      "default": { "base": "default" },
      "synthesiscipherskin": { "base": "items/synthesis/synthesiscipher-tier3" },
      "spellicon": { "base": "items/spells/{type}" }
    },
    "*-waterriposte2": {
      "default": { "base": "default" },
      "synthesiscipherskin": { "base": "items/synthesis/synthesiscipher-tier3" },
      "spellicon": { "base": "items/spells/{type}" }
    },
    "*-windriposte2": {
      "default": { "base": "default" },
      "synthesiscipherskin": { "base": "items/synthesis/synthesiscipher-tier3" },
      "spellicon": { "base": "items/spells/{type}" }
    },
    "*-earthriposte2": {
      "default": { "base": "default" },
      "synthesiscipherskin": { "base": "items/synthesis/synthesiscipher-tier3" },
      "spellicon": { "base": "items/spells/{type}" }
    },
    "*-lightningriposte2": {
      "default": { "base": "default" },
      "synthesiscipherskin": { "base": "items/synthesis/synthesiscipher-tier3" },
      "spellicon": { "base": "items/spells/{type}" }
    },
    "*-frostriposte2": {
      "default": { "base": "default" },
      "synthesiscipherskin": { "base": "items/synthesis/synthesiscipher-tier3" },
      "spellicon": { "base": "items/spells/{type}" }
    },
    "*-natureriposte2": {
      "default": { "base": "default" },
      "synthesiscipherskin": { "base": "items/synthesis/synthesiscipher-tier3" },
      "spellicon": { "base": "items/spells/{type}" }
    },
    "*-arcaneriposte2": {
      "default": { "base": "default" },
      "synthesiscipherskin": { "base": "items/synthesis/synthesiscipher-tier3" },
      "spellicon": { "base": "items/spells/{type}" }
    },

    "*-rustnova1": {
      "default": { "base": "default" },
      "synthesiscipherskin": { "base": "items/synthesis/synthesiscipher-tier3" },
      "spellicon": { "base": "items/spells/{type}" }
    },
    "*-incinerate1": {
      "default": { "base": "default" },
      "synthesiscipherskin": { "base": "items/synthesis/synthesiscipher-tier3" },
      "spellicon": { "base": "items/spells/{type}" }
    },
    "*-tidalwave1": {
      "default": { "base": "default" },
      "synthesiscipherskin": { "base": "items/synthesis/synthesiscipher-tier3" },
      "spellicon": { "base": "items/spells/{type}" }
    },
    "*-whirlwind1": {
      "default": { "base": "default" },
      "synthesiscipherskin": { "base": "items/synthesis/synthesiscipher-tier3" },
      "spellicon": { "base": "items/spells/{type}" }
    },
    "*-rockslide1": {
      "default": { "base": "default" },
      "synthesiscipherskin": { "base": "items/synthesis/synthesiscipher-tier3" },
      "spellicon": { "base": "items/spells/{type}" }
    },
    "*-electrocute1": {
      "default": { "base": "default" },
      "synthesiscipherskin": { "base": "items/synthesis/synthesiscipher-tier3" },
      "spellicon": { "base": "items/spells/{type}" }
    },
    "*-icestrike1": {
      "default": { "base": "default" },
      "synthesiscipherskin": { "base": "items/synthesis/synthesiscipher-tier3" },
      "spellicon": { "base": "items/spells/{type}" }
    },
    "*-verdantsurge1": {
      "default": { "base": "default" },
      "synthesiscipherskin": { "base": "items/synthesis/synthesiscipher-tier3" },
      "spellicon": { "base": "items/spells/{type}" }
    },
    "*-arcaneexplosion1": {
      "default": { "base": "default" },
      "synthesiscipherskin": { "base": "items/synthesis/synthesiscipher-tier3" },
      "spellicon": { "base": "items/spells/{type}" }
    },
    "*-corpseexplosion1": {
      "default": { "base": "default" },
      "synthesiscipherskin": { "base": "items/synthesis/synthesiscipher-tier3" },
      "spellicon": { "base": "items/spells/{type}" }
    },



    "*-plunder3": {
      "default": { "base": "default" },
      "synthesiscipherskin": { "base": "items/synthesis/synthesiscipher-tier3" },
      "spellicon": { "base": "items/spells/{type}" }
    },
    "*-silentsteps3": {
      "default": { "base": "default" },
      "synthesiscipherskin": { "base": "items/synthesis/synthesiscipher-tier3" },
      "spellicon": { "base": "items/spells/{type}" }
    },
    "*-agility3": {
      "default": { "base": "default" },
      "synthesiscipherskin": { "base": "items/synthesis/synthesiscipher-tier3" },
      "spellicon": { "base": "items/spells/{type}" }
    },
    "*-excavation2": {
      "default": { "base": "default" },
      "synthesiscipherskin": { "base": "items/synthesis/synthesiscipher-tier3" },
      "spellicon": { "base": "items/spells/{type}" }
    },
    "*-nourishingaura2": {
      "default": { "base": "default" },
      "synthesiscipherskin": { "base": "items/synthesis/synthesiscipher-tier3" },
      "spellicon": { "base": "items/spells/{type}" }
    },
    "*-rapidshot2": {
      "default": { "base": "default" },
      "synthesiscipherskin": { "base": "items/synthesis/synthesiscipher-tier3" },
      "spellicon": { "base": "items/spells/{type}" }
    },
    "*-strengthen2": {
      "default": { "base": "default" },
      "synthesiscipherskin": { "base": "items/synthesis/synthesiscipher-tier3" },
      "spellicon": { "base": "items/spells/{type}" }
    },
    "*-swiftness2": {
      "default": { "base": "default" },
      "synthesiscipherskin": { "base": "items/synthesis/synthesiscipher-tier3" },
      "spellicon": { "base": "items/spells/{type}" }
    },
    "*-tinkerer2": {
      "default": { "base": "default" },
      "synthesiscipherskin": { "base": "items/synthesis/synthesiscipher-tier3" },
      "spellicon": { "base": "items/spells/{type}" }
    },
    "*-flashheal2": {
      "default": { "base": "default" },
      "synthesiscipherskin": { "base": "items/synthesis/synthesiscipher-tier3" },
      "spellicon": { "base": "items/spells/{type}" }
    },
    "*-butcher1": {
      "default": { "base": "default" },
      "synthesiscipherskin": { "base": "items/synthesis/synthesiscipher-tier3" },
      "spellicon": { "base": "items/spells/{type}" }
    },
    "*-velocity1": {
      "default": { "base": "default" },
      "synthesiscipherskin": { "base": "items/synthesis/synthesiscipher-tier3" },
      "spellicon": { "base": "items/spells/{type}" }
    },
    "*-regeneration1": {
      "default": { "base": "default" },
      "synthesiscipherskin": { "base": "items/synthesis/synthesiscipher-tier3" },
      "spellicon": { "base": "items/spells/{type}" }
    },



    "*-equilibrium3": {
      "default": { "base": "default" },
      "synthesiscipherskin": { "base": "items/synthesis/synthesiscipher-tier3" },
      "spellicon": { "base": "items/spells/{type}" }
    },
    "*-befriendanimal3": {
      "default": { "base": "default" },
      "synthesiscipherskin": { "base": "items/synthesis/synthesiscipher-tier3" },
      "spellicon": { "base": "items/spells/{type}" }
    },
    "*-hydratefarmland3": {
      "default": { "base": "default" },
      "synthesiscipherskin": { "base": "items/synthesis/synthesiscipher-tier3" },
      "spellicon": { "base": "items/spells/{type}" }
    },
    "*-fertilize3": {
      "default": { "base": "default" },
      "synthesiscipherskin": { "base": "items/synthesis/synthesiscipher-tier3" },
      "spellicon": { "base": "items/spells/{type}" }
    },
    "*-resistelements2": {
      "default": { "base": "default" },
      "synthesiscipherskin": { "base": "items/synthesis/synthesiscipher-tier3" },
      "spellicon": { "base": "items/spells/{type}" }
    },
    "*-resistfire2": {
      "default": { "base": "default" },
      "synthesiscipherskin": { "base": "items/synthesis/synthesiscipher-tier3" },
      "spellicon": { "base": "items/spells/{type}" }
    },
    "*-resistwater2": {
      "default": { "base": "default" },
      "synthesiscipherskin": { "base": "items/synthesis/synthesiscipher-tier3" },
      "spellicon": { "base": "items/spells/{type}" }
    },
    "*-resistwind2": {
      "default": { "base": "default" },
      "synthesiscipherskin": { "base": "items/synthesis/synthesiscipher-tier3" },
      "spellicon": { "base": "items/spells/{type}" }
    },
    "*-resistearth2": {
      "default": { "base": "default" },
      "synthesiscipherskin": { "base": "items/synthesis/synthesiscipher-tier3" },
      "spellicon": { "base": "items/spells/{type}" }
    },
    "*-resistlightning2": {
      "default": { "base": "default" },
      "synthesiscipherskin": { "base": "items/synthesis/synthesiscipher-tier3" },
      "spellicon": { "base": "items/spells/{type}" }
    },
    "*-resistfrost2": {
      "default": { "base": "default" },
      "synthesiscipherskin": { "base": "items/synthesis/synthesiscipher-tier3" },
      "spellicon": { "base": "items/spells/{type}" }
    },
    "*-resistnature2": {
      "default": { "base": "default" },
      "synthesiscipherskin": { "base": "items/synthesis/synthesiscipher-tier3" },
      "spellicon": { "base": "items/spells/{type}" }
    },
    "*-resistarcane2": {
      "default": { "base": "default" },
      "synthesiscipherskin": { "base": "items/synthesis/synthesiscipher-tier3" },
      "spellicon": { "base": "items/spells/{type}" }
    },
    "*-featherfall": {
      "default": { "base": "default" },
      "synthesiscipherskin": { "base": "items/synthesis/synthesiscipher-tier3" },
      "spellicon": { "base": "items/spells/{type}" }
    },
    "*-growth": {
      "default": { "base": "default" },
      "synthesiscipherskin": { "base": "items/synthesis/synthesiscipher-tier3" },
      "spellicon": { "base": "items/spells/{type}" }
    },



    "*-summonlight3": {
      "default": { "base": "default" },
      "synthesiscipherskin": { "base": "items/synthesis/synthesiscipher-tier3" },
      "spellicon": { "base": "items/spells/{type}" }
    },
    "*-kindle2": {
      "default": { "base": "default" },
      "synthesiscipherskin": { "base": "items/synthesis/synthesiscipher-tier3" },
      "spellicon": { "base": "items/spells/{type}" }
    },
    "*-surfaceascent2": {
      "default": { "base": "default" },
      "synthesiscipherskin": { "base": "items/synthesis/synthesiscipher-tier3" },
      "spellicon": { "base": "items/spells/{type}" }
    },
    "*-bindaffinity": {
      "default": { "base": "default" },
      "synthesiscipherskin": { "base": "items/synthesis/synthesiscipher-tier3" },
      "spellicon": { "base": "items/spells/{type}" }
    },

    //--------//--------//--------//--------//

    "*-rustorb4": {
      "default": { "base": "default" },
      "synthesiscipherskin": { "base": "items/synthesis/synthesiscipher-tier4" },
      "spellicon": { "base": "items/spells/{type}" }
    },
    "*-fireball4": {
      "default": { "base": "default" },
      "synthesiscipherskin": { "base": "items/synthesis/synthesiscipher-tier4" },
      "spellicon": { "base": "items/spells/{type}" }
    },
    "*-aquaburst4": {
      "default": { "base": "default" },
      "synthesiscipherskin": { "base": "items/synthesis/synthesiscipher-tier4" },
      "spellicon": { "base": "items/spells/{type}" }
    },
    "*-aeroblast4": {
      "default": { "base": "default" },
      "synthesiscipherskin": { "base": "items/synthesis/synthesiscipher-tier4" },
      "spellicon": { "base": "items/spells/{type}" }
    },
    "*-stonefist4": {
      "default": { "base": "default" },
      "synthesiscipherskin": { "base": "items/synthesis/synthesiscipher-tier4" },
      "spellicon": { "base": "items/spells/{type}" }
    },
    "*-thunderbolt4": {
      "default": { "base": "default" },
      "synthesiscipherskin": { "base": "items/synthesis/synthesiscipher-tier4" },
      "spellicon": { "base": "items/spells/{type}" }
    },
    "*-coldsnap4": {
      "default": { "base": "default" },
      "synthesiscipherskin": { "base": "items/synthesis/synthesiscipher-tier4" },
      "spellicon": { "base": "items/spells/{type}" }
    },
    "*-wealdburst4": {
      "default": { "base": "default" },
      "synthesiscipherskin": { "base": "items/synthesis/synthesiscipher-tier4" },
      "spellicon": { "base": "items/spells/{type}" }
    },
    "*-etherbolt4": {
      "default": { "base": "default" },
      "synthesiscipherskin": { "base": "items/synthesis/synthesiscipher-tier4" },
      "spellicon": { "base": "items/spells/{type}" }
    },

    "*-rustriposte3": {
      "default": { "base": "default" },
      "synthesiscipherskin": { "base": "items/synthesis/synthesiscipher-tier4" },
      "spellicon": { "base": "items/spells/{type}" }
    },
    "*-fireriposte3": {
      "default": { "base": "default" },
      "synthesiscipherskin": { "base": "items/synthesis/synthesiscipher-tier4" },
      "spellicon": { "base": "items/spells/{type}" }
    },
    "*-waterriposte3": {
      "default": { "base": "default" },
      "synthesiscipherskin": { "base": "items/synthesis/synthesiscipher-tier4" },
      "spellicon": { "base": "items/spells/{type}" }
    },
    "*-windriposte3": {
      "default": { "base": "default" },
      "synthesiscipherskin": { "base": "items/synthesis/synthesiscipher-tier4" },
      "spellicon": { "base": "items/spells/{type}" }
    },
    "*-earthriposte3": {
      "default": { "base": "default" },
      "synthesiscipherskin": { "base": "items/synthesis/synthesiscipher-tier4" },
      "spellicon": { "base": "items/spells/{type}" }
    },
    "*-lightningriposte3": {
      "default": { "base": "default" },
      "synthesiscipherskin": { "base": "items/synthesis/synthesiscipher-tier4" },
      "spellicon": { "base": "items/spells/{type}" }
    },
    "*-frostriposte3": {
      "default": { "base": "default" },
      "synthesiscipherskin": { "base": "items/synthesis/synthesiscipher-tier4" },
      "spellicon": { "base": "items/spells/{type}" }
    },
    "*-natureriposte3": {
      "default": { "base": "default" },
      "synthesiscipherskin": { "base": "items/synthesis/synthesiscipher-tier4" },
      "spellicon": { "base": "items/spells/{type}" }
    },
    "*-arcaneriposte3": {
      "default": { "base": "default" },
      "synthesiscipherskin": { "base": "items/synthesis/synthesiscipher-tier4" },
      "spellicon": { "base": "items/spells/{type}" }
    },

    "*-rustnova2": {
      "default": { "base": "default" },
      "synthesiscipherskin": { "base": "items/synthesis/synthesiscipher-tier4" },
      "spellicon": { "base": "items/spells/{type}" }
    },
    "*-incinerate2": {
      "default": { "base": "default" },
      "synthesiscipherskin": { "base": "items/synthesis/synthesiscipher-tier4" },
      "spellicon": { "base": "items/spells/{type}" }
    },
    "*-tidalwave2": {
      "default": { "base": "default" },
      "synthesiscipherskin": { "base": "items/synthesis/synthesiscipher-tier4" },
      "spellicon": { "base": "items/spells/{type}" }
    },
    "*-whirlwind2": {
      "default": { "base": "default" },
      "synthesiscipherskin": { "base": "items/synthesis/synthesiscipher-tier4" },
      "spellicon": { "base": "items/spells/{type}" }
    },
    "*-rockslide2": {
      "default": { "base": "default" },
      "synthesiscipherskin": { "base": "items/synthesis/synthesiscipher-tier4" },
      "spellicon": { "base": "items/spells/{type}" }
    },
    "*-electrocute2": {
      "default": { "base": "default" },
      "synthesiscipherskin": { "base": "items/synthesis/synthesiscipher-tier4" },
      "spellicon": { "base": "items/spells/{type}" }
    },
    "*-icestrike2": {
      "default": { "base": "default" },
      "synthesiscipherskin": { "base": "items/synthesis/synthesiscipher-tier4" },
      "spellicon": { "base": "items/spells/{type}" }
    },
    "*-verdantsurge2": {
      "default": { "base": "default" },
      "synthesiscipherskin": { "base": "items/synthesis/synthesiscipher-tier4" },
      "spellicon": { "base": "items/spells/{type}" }
    },
    "*-arcaneexplosion2": {
      "default": { "base": "default" },
      "synthesiscipherskin": { "base": "items/synthesis/synthesiscipher-tier4" },
      "spellicon": { "base": "items/spells/{type}" }
    },
    "*-corpseexplosion2": {
      "default": { "base": "default" },
      "synthesiscipherskin": { "base": "items/synthesis/synthesiscipher-tier4" },
      "spellicon": { "base": "items/spells/{type}" }
    },

    "*-rustfield1": {
      "default": { "base": "default" },
      "synthesiscipherskin": { "base": "items/synthesis/synthesiscipher-tier4" },
      "spellicon": { "base": "items/spells/{type}" }
    },
    "*-inferno1": {
      "default": { "base": "default" },
      "synthesiscipherskin": { "base": "items/synthesis/synthesiscipher-tier4" },
      "spellicon": { "base": "items/spells/{type}" }
    },
    "*-torrent1": {
      "default": { "base": "default" },
      "synthesiscipherskin": { "base": "items/synthesis/synthesiscipher-tier4" },
      "spellicon": { "base": "items/spells/{type}" }
    },
    "*-cyclone1": {
      "default": { "base": "default" },
      "synthesiscipherskin": { "base": "items/synthesis/synthesiscipher-tier4" },
      "spellicon": { "base": "items/spells/{type}" }
    },
    "*-earthquake1": {
      "default": { "base": "default" },
      "synthesiscipherskin": { "base": "items/synthesis/synthesiscipher-tier4" },
      "spellicon": { "base": "items/spells/{type}" }
    },
    "*-staticshock1": {
      "default": { "base": "default" },
      "synthesiscipherskin": { "base": "items/synthesis/synthesiscipher-tier4" },
      "spellicon": { "base": "items/spells/{type}" }
    },
    "*-frostbite1": {
      "default": { "base": "default" },
      "synthesiscipherskin": { "base": "items/synthesis/synthesiscipher-tier4" },
      "spellicon": { "base": "items/spells/{type}" }
    },
    "*-sylvanwrath1": {
      "default": { "base": "default" },
      "synthesiscipherskin": { "base": "items/synthesis/synthesiscipher-tier4" },
      "spellicon": { "base": "items/spells/{type}" }
    },
    "*-arcanesurge1": {
      "default": { "base": "default" },
      "synthesiscipherskin": { "base": "items/synthesis/synthesiscipher-tier4" },
      "spellicon": { "base": "items/spells/{type}" }
    },


    "*-plunder4": {
      "default": { "base": "default" },
      "synthesiscipherskin": { "base": "items/synthesis/synthesiscipher-tier4" },
      "spellicon": { "base": "items/spells/{type}" }
    },
    "*-silentsteps4": {
      "default": { "base": "default" },
      "synthesiscipherskin": { "base": "items/synthesis/synthesiscipher-tier4" },
      "spellicon": { "base": "items/spells/{type}" }
    },
    "*-agility4": {
      "default": { "base": "default" },
      "synthesiscipherskin": { "base": "items/synthesis/synthesiscipher-tier4" },
      "spellicon": { "base": "items/spells/{type}" }
    },
    "*-excavation3": {
      "default": { "base": "default" },
      "synthesiscipherskin": { "base": "items/synthesis/synthesiscipher-tier4" },
      "spellicon": { "base": "items/spells/{type}" }
    },
    "*-nourishingaura3": {
      "default": { "base": "default" },
      "synthesiscipherskin": { "base": "items/synthesis/synthesiscipher-tier4" },
      "spellicon": { "base": "items/spells/{type}" }
    },
    "*-rapidshot3": {
      "default": { "base": "default" },
      "synthesiscipherskin": { "base": "items/synthesis/synthesiscipher-tier4" },
      "spellicon": { "base": "items/spells/{type}" }
    },
    "*-strengthen3": {
      "default": { "base": "default" },
      "synthesiscipherskin": { "base": "items/synthesis/synthesiscipher-tier4" },
      "spellicon": { "base": "items/spells/{type}" }
    },
    "*-swiftness3": {
      "default": { "base": "default" },
      "synthesiscipherskin": { "base": "items/synthesis/synthesiscipher-tier4" },
      "spellicon": { "base": "items/spells/{type}" }
    },
    "*-tinkerer3": {
      "default": { "base": "default" },
      "synthesiscipherskin": { "base": "items/synthesis/synthesiscipher-tier4" },
      "spellicon": { "base": "items/spells/{type}" }
    },
    "*-flashheal3": {
      "default": { "base": "default" },
      "synthesiscipherskin": { "base": "items/synthesis/synthesiscipher-tier4" },
      "spellicon": { "base": "items/spells/{type}" }
    },
    "*-butcher2": {
      "default": { "base": "default" },
      "synthesiscipherskin": { "base": "items/synthesis/synthesiscipher-tier4" },
      "spellicon": { "base": "items/spells/{type}" }
    },
    "*-velocity2": {
      "default": { "base": "default" },
      "synthesiscipherskin": { "base": "items/synthesis/synthesiscipher-tier4" },
      "spellicon": { "base": "items/spells/{type}" }
    },
    "*-regeneration2": {
      "default": { "base": "default" },
      "synthesiscipherskin": { "base": "items/synthesis/synthesiscipher-tier4" },
      "spellicon": { "base": "items/spells/{type}" }
    },
    "*-prosperity": {
      "default": { "base": "default" },
      "synthesiscipherskin": { "base": "items/synthesis/synthesiscipher-tier4" },
      "spellicon": { "base": "items/spells/{type}" }
    },
    "*-revive": {
      "default": { "base": "default" },
      "synthesiscipherskin": { "base": "items/synthesis/synthesiscipher-tier4" },
      "spellicon": { "base": "items/spells/{type}" }
    },
    "*-radiantlight1": {
      "default": { "base": "default" },
      "synthesiscipherskin": { "base": "items/synthesis/synthesiscipher-tier4" },
      "spellicon": { "base": "items/spells/{type}" }
    },



    "*-equilibrium4": {
      "default": { "base": "default" },
      "synthesiscipherskin": { "base": "items/synthesis/synthesiscipher-tier4" },
      "spellicon": { "base": "items/spells/{type}" }
    },
    "*-befriendanimal4": {
      "default": { "base": "default" },
      "synthesiscipherskin": { "base": "items/synthesis/synthesiscipher-tier4" },
      "spellicon": { "base": "items/spells/{type}" }
    },
    "*-hydratefarmland4": {
      "default": { "base": "default" },
      "synthesiscipherskin": { "base": "items/synthesis/synthesiscipher-tier4" },
      "spellicon": { "base": "items/spells/{type}" }
    },
    "*-fertilize4": {
      "default": { "base": "default" },
      "synthesiscipherskin": { "base": "items/synthesis/synthesiscipher-tier4" },
      "spellicon": { "base": "items/spells/{type}" }
    },
    "*-resistelements3": {
      "default": { "base": "default" },
      "synthesiscipherskin": { "base": "items/synthesis/synthesiscipher-tier4" },
      "spellicon": { "base": "items/spells/{type}" }
    },
    "*-resistfire3": {
      "default": { "base": "default" },
      "synthesiscipherskin": { "base": "items/synthesis/synthesiscipher-tier4" },
      "spellicon": { "base": "items/spells/{type}" }
    },
    "*-resistwater3": {
      "default": { "base": "default" },
      "synthesiscipherskin": { "base": "items/synthesis/synthesiscipher-tier4" },
      "spellicon": { "base": "items/spells/{type}" }
    },
    "*-resistwind3": {
      "default": { "base": "default" },
      "synthesiscipherskin": { "base": "items/synthesis/synthesiscipher-tier4" },
      "spellicon": { "base": "items/spells/{type}" }
    },
    "*-resistearth3": {
      "default": { "base": "default" },
      "synthesiscipherskin": { "base": "items/synthesis/synthesiscipher-tier4" },
      "spellicon": { "base": "items/spells/{type}" }
    },
    "*-resistlightning3": {
      "default": { "base": "default" },
      "synthesiscipherskin": { "base": "items/synthesis/synthesiscipher-tier4" },
      "spellicon": { "base": "items/spells/{type}" }
    },
    "*-resistfrost3": {
      "default": { "base": "default" },
      "synthesiscipherskin": { "base": "items/synthesis/synthesiscipher-tier4" },
      "spellicon": { "base": "items/spells/{type}" }
    },
    "*-resistnature3": {
      "default": { "base": "default" },
      "synthesiscipherskin": { "base": "items/synthesis/synthesiscipher-tier4" },
      "spellicon": { "base": "items/spells/{type}" }
    },
    "*-resistarcane3": {
      "default": { "base": "default" },
      "synthesiscipherskin": { "base": "items/synthesis/synthesiscipher-tier4" },
      "spellicon": { "base": "items/spells/{type}" }
    },
    "*-beastsense": {
      "default": { "base": "default" },
      "synthesiscipherskin": { "base": "items/synthesis/synthesiscipher-tier4" },
      "spellicon": { "base": "items/spells/{type}" }
    },
    "*-polymorph": {
      "default": { "base": "default" },
      "synthesiscipherskin": { "base": "items/synthesis/synthesiscipher-tier4" },
      "spellicon": { "base": "items/spells/{type}" }
    },
    "*-preservation": {
      "default": { "base": "default" },
      "synthesiscipherskin": { "base": "items/synthesis/synthesiscipher-tier4" },
      "spellicon": { "base": "items/spells/{type}" }
    },
    "*-fly": {
      "default": { "base": "default" },
      "synthesiscipherskin": { "base": "items/synthesis/synthesiscipher-tier4" },
      "spellicon": { "base": "items/spells/{type}" }
    },



    "*-summonlight4": {
      "default": { "base": "default" },
      "synthesiscipherskin": { "base": "items/synthesis/synthesiscipher-tier4" },
      "spellicon": { "base": "items/spells/{type}" }
    },
    "*-kindle3": {
      "default": { "base": "default" },
      "synthesiscipherskin": { "base": "items/synthesis/synthesiscipher-tier4" },
      "spellicon": { "base": "items/spells/{type}" }
    },
    "*-surfaceascent3": {
      "default": { "base": "default" },
      "synthesiscipherskin": { "base": "items/synthesis/synthesiscipher-tier4" },
      "spellicon": { "base": "items/spells/{type}" }
    },
    "*-duplicate": {
      "default": { "base": "default" },
      "synthesiscipherskin": { "base": "items/synthesis/synthesiscipher-tier4" },
      "spellicon": { "base": "items/spells/{type}" }
    },
    "*-blink": {
      "default": { "base": "default" },
      "synthesiscipherskin": { "base": "items/synthesis/synthesiscipher-tier4" },
      "spellicon": { "base": "items/spells/{type}" }
    },
    "*-riftwalker": {
      "default": { "base": "default" },
      "synthesiscipherskin": { "base": "items/synthesis/synthesiscipher-tier4" },
      "spellicon": { "base": "items/spells/{type}" }
    },
    "*-summonportal": {
      "default": { "base": "default" },
      "synthesiscipherskin": { "base": "items/synthesis/synthesiscipher-tier4" },
      "spellicon": { "base": "items/spells/{type}" }
    },
    "*-summonvoidvault": {
      "default": { "base": "default" },
      "synthesiscipherskin": { "base": "items/synthesis/synthesiscipher-tier4" },
      "spellicon": { "base": "items/spells/{type}" }
    },

    //--------//--------//--------//--------//

    "*": {
      "default": { "base": "default" },
      "synthesiscipherskin": { "base": "items/synthesis/synthesiscipher-blank" }
    }
  },


  "attributesByType": {
    "*": {
      "displaycaseable": true,
      "onDisplayTransform": {
        "translation": {
          "x": 0,
          "y": -0.485,
          "z": -0.1
        },
        "rotation": {
          "x": 90,
          "y": 0,
          "z": 0
        },
        "scale": 0.5
      },
      "shelvable": true,
      "onshelfTransform": {
        "translation": {
          "x": 0,
          "y": -0.485,
          "z": -0.1
        },
        "rotation": {
          "x": 90,
          "y": 0,
          "z": 0
        },
        "scale": 0.5
      },
      "handbook": {
        "groupByByType": {
          "*": [ "synthesiscipher-*" ]
        },
        "extraSections": [
          {
            "title": "game:Created by",
            "text": "rustboundmagic:handbook-spellforge-text"
          }
        ]
      }
    }
  },

  "fpHandTransform": {
    "translation": {
      "x": 0.15,
      "y": -0.5,
      "z": 0
    },
    "rotation": {
      "x": -35,
      "y": 137,
      "z": 18
    },
    "origin": {
      "x": 0.5,
      "y": 0.5,
      "z": 0.1
    },
    "scale": 2.5
  },
  "tpHandTransform": {
    "translation": {
      "x": 0,
      "y": 0,
      "z": 0
    },
    "rotation": {
      "x": 0,
      "y": 0,
      "z": 0
    },
    "origin": {
      "x": 0.1875,
      "y": -1.65,
      "z": 0.195
    },
    "scale": 0.65
  },
  "groundTransform": {
    "translation": {
      "x": 0,
      "y": 0,
      "z": 0
    },
    "rotation": {
      "x": 90,
      "y": 0,
      "z": 0
    },
    "origin": {
      "x": 0.5,
      "y": 0.5,
      "z": 0.56
    },
    "scale": 3.2
  },
  "guiTransform": {
    "translation": {
      "x": 0,
      "y": 0,
      "z": 0
    },
    "rotation": {
      "x": -159,
      "y": -30,
      "z": 13
    },
    "origin": {
      "x": 0.34,
      "y": 0.66,
      "z": 0.3
    },
    "scale": 2.31
  },
  "tpOffHandTransform": {
    "translation": {
      "x": -0.06,
      "y": -0.06,
      "z": -0.03
    },
    "rotation": {
      "x": 0,
      "y": 0,
      "z": 0
    },
    "origin": {
      "x": 0.1875,
      "y": -1.65,
      "z": 0.1949
    },
    "scale": 0.65
  }
}
