{
  "code": "tooladmin",
  "class": "ItemToolAdminRM",
  "enabled": true,

  "variantgroups": [
    {
      "code": "type",
      "states": [
        "riftspawner",
        "maxmana",
        "learnallspells",
        "forgetallspells",
        "increasemaxmana",
        "summongrimoire1",
        "summongrimoire2",
        "summongrimoire3",
        "summongrimoire4"
      ]
    }
  ],

  "shapebytype": {
    "*": { "base": "items/tooladmin" }
  },

  "texturesByType": {
    "*-riftspawner": {
      "default": { "base": "default" },
      "handle": { "base": "game:block/cloth/linen/red" },
      "wood": { "base": "game:block/wood-generic" },
      "color": { "base": "game:block/fire-red" }
    },
    "*-maxmana": {
      "default": { "base": "default" },
      "handle": { "base": "game:block/cloth/linen/blue" },
      "wood": { "base": "game:block/wood-generic" },
      "color": { "base": "game:block/fire-blue" }
    },
    "*-learnallspells": {
      "default": { "base": "default" },
      "handle": { "base": "game:block/cloth/linen/green" },
      "wood": { "base": "game:block/wood-generic" },
      "color": { "base": "game:block/fire-green" }
    },
    "*-forgetallspells": {
      "default": { "base": "default" },
      "handle": { "base": "game:block/cloth/linen/yellow" },
      "wood": { "base": "game:block/wood-generic" },
      "color": { "base": "game:block/fire-yellow" }
    },
    "*-increasemaxmana": {
      "default": { "base": "default" },
      "handle": { "base": "game:block/cloth/linen/pink" },
      "wood": { "base": "game:block/wood-generic" },
      "color": { "base": "game:block/fire-pink" }
    },
    "*-summongrimoire1": {
      "default": { "base": "default" },
      "handle": { "base": "game:block/cloth/linen/orange" },
      "wood": { "base": "game:block/wood-generic" },
      "color": { "base": "blocks/arcanus/arcanusblock-lesser" }
    },
    "*-summongrimoire2": {
      "default": { "base": "default" },
      "handle": { "base": "game:block/cloth/linen/orange" },
      "wood": { "base": "game:block/wood-generic" },
      "color": { "base": "blocks/arcanus/arcanusblock-greater" }
    },
    "*-summongrimoire3": {
      "default": { "base": "default" },
      "handle": { "base": "game:block/cloth/linen/orange" },
      "wood": { "base": "game:block/wood-generic" },
      "color": { "base": "blocks/arcanus/arcanusblock-superior" }
    },
    "*-summongrimoire4": {
      "default": { "base": "default" },
      "handle": { "base": "game:block/cloth/linen/orange" },
      "wood": { "base": "game:block/wood-generic" },
      "color": { "base": "blocks/arcanus/arcanusblock-celestial" }
    }
  },

  "creativeinventory": {
    "meta": [ "*" ]
  },

  "maxstacksize": 1,
  "materialDensity": 600,

  "guiTransform": {
    "translation": {
      "x": 0,
      "y": 0,
      "z": 0
    },
    "rotation": {
      "x": -6,
      "y": 30,
      "z": -42
    },
    "origin": {
      "x": 0.7,
      "y": 0,
      "z": 0.3
    },
    "scale": 1.6
  },
  "fpHandTransform": {
    "translation": {
      "x": 0.1,
      "y": 0,
      "z": 0
    },
    "rotation": {
      "x": 98,
      "y": 90,
      "z": -30
    },
    "origin": {
      "x": 0.6,
      "y": 0.5,
      "z": 0.8
    },
    "scale": 1.38
  },
  "tpHandTransform": {
    "translation": {
      "x": -1.3,
      "y": 0.1,
      "z": -1.05
    },
    "rotation": {
      "x": 45,
      "y": 0,
      "z": 0
    },
    "origin": {
      "x": 0.5,
      "y": 0,
      "z": 0.5
    },
    "scale": 0.49
  },
  "groundTransform": {
    "translation": {
      "x": 0,
      "y": 0,
      "z": 0
    },
    "rotation": {
      "x": 90,
      "y": 0,
      "z": 0
    },
    "origin": {
      "x": 0.5,
      "y": 0.5,
      "z": 0.5299
    },
    "scale": 2
  }
}