{
  "code": "toolscrollofbinding",
  "class": "ItemToolScrollOfBindingRM",
  "enabled": true,

  "storageFlags": 131329,

  //"variantgroups": [
  //  {
  //    "code": "type",
  //    "states": [ "lesser", "greater", "superior", "celestial" ]
  //  }
  //],

  "creativeinventory": {
    "general": [ "*" ],
    "items": [ "*" ],
    "rustboundmagic": [ "*" ]
  },

  //"behaviors": [
  //  {
  //    "name": "GroundStorable",
  //    "properties": {
  //      "layout": "Quadrants",
  //      "collisionBox": {
  //        "x1": 0,
  //        "y1": 0,
  //        "z1": 0,
  //        "x2": 1,
  //        "y2": 0.125,
  //        "z2": 1
  //      }
  //    }
  //  }
  //],

  //"heldTpIdleAnimation": "holdbothhands",
  "maxstacksize": 1,
  "materialDensity": 600,
  //"storageFlags": 5,

  //"shapebytype": {
  //  "*": {
  //    "base": "items/arcanus"
  //  }
  //},
  //"texturesByType": {
  //  "*": {
  //   "default": { "base": "default" },
  //    "quartz": { "base": "blocks/arcanus/arcanuscrystal-none" },
  //    "temporal": { "base": "blocks/arcanus/arcanuscrystal-none" }
  //  }
  //},

  "shapebytype": {
    "*": {
      "base": "items/tools/toolscrollofbinding"
    }
  },
  "texturesByType": {
    "*": {
      "default": { "base": "default" },
      "scrollpaper": { "base": "items/runicscroll" },
      "loremarked": { "base": "items/loremarked-inert" },
      "magic": { "base": "magicaura-inert" },
      "decal": { "base": "color-black" },
      "synthesiscipherskin": { "base": "items/tools/toolscrollofbinding" }
    }
  },


  "attributesByType": {
    "*": {
      "displaycaseable": true,
      "onDisplayTransform": {
        "translation": {
          "x": 0,
          "y": -0.25,
          "z": -0.03
        },
        "rotation": {
          "x": 0,
          "y": 0,
          "z": 0
        },
        "scale": 0.5
      },
      "shelvable": true,
      "onShelfTransform": {
        "translation": {
          "x": 0,
          "y": -0.25,
          "z": -0.03
        },
        "rotation": {
          "x": 0,
          "y": 0,
          "z": 0
        },
        "scale": 0.5
      },
      "scrollrackable": true,
      "onScrollrackTransform": {
        "translation": {
          "x": -0.5,
          "y": -0.18,
          "z": 0.48
        },
        "rotation": {
          "x": -45,
          "y": 0,
          "z": 0
        },
        "origin": {
          "x": 0.5,
          "y": 0.1,
          "z": 0.5
        }
      },
      "handbook": {
        "groupByByType": {
          "*": [ "toolscrollofbinding-*" ]
        },
        "extraSections": [
          {
            "title": "game:Created by",
            "text": "rustboundmagic:handbook-synthesistier2-text"
          },
          {
            "title": "rustboundmagic:handbook-spellduplication-title",
            "text": "rustboundmagic:handbook-spellduplication-text"
          }
        ]
      }
    }
  },


  "guiTransform": {
    "translation": {
      "x": 0,
      "y": 0,
      "z": 0
    },
    "rotation": {
      "x": -19,
      "y": -59,
      "z": 20
    },
    "origin": {
      "x": 0.48,
      "y": 0.025,
      "z": 0.52
    },
    "scale": 3
  },
  "fpHandTransform": {
    "translation": {
      "x": 0,
      "y": 0.5,
      "z": 0
    },
    "rotation": {
      "x": 23,
      "y": -76,
      "z": 10
    },
    "origin": {
      "x": 0.5,
      "y": 0.1,
      "z": 0.5
    },
    "scale": 1.7
  },
  "groundTransform": {
    "translation": {
      "x": 0,
      "y": 0,
      "z": 0
    },
    "rotation": {
      "x": 0,
      "y": 0,
      "z": 0
    },
    "origin": {
      "x": 0.5,
      "y": 0.01,
      "z": 0.5
    },
    "scale": 3
  },
  "tpHandTransform": {
    "translation": {
      "x": 0,
      "y": 2.8,
      "z": 1.37
    },
    "rotation": {
      "x": -90,
      "y": 0,
      "z": 0
    },
    "origin": {
      "x": 0.1875,
      "y": -1.65,
      "z": 0.1949
    },
    "scale": 0.65
  },
  "tpOffHandTransform": {
    "translation": {
      "x": -0.06,
      "y": 2.73,
      "z": 1.35
    },
    "rotation": {
      "x": -90,
      "y": 0,
      "z": 0
    },
    "origin": {
      "x": 0.1875,
      "y": -1.65,
      "z": 0.1949
    },
    "scale": 0.65
  }
}
