{
  "code": "grimoire",
  "class": "ItemGrimoireRM",
  "enabled": true,

  //"storageFlags": 131073,

  "variantgroups": [
    {
      "code": "type",
      "loadFromProperties": "rustboundmagic:abstract/spelltype"
    }
  ],
  "skipVariants": [ "*-nospell", "*-transmutation", "*-lifetap", "*-imbueelement", "*-familiar" ],

  "attributes": {
    "displaycaseable": true,
    //"onDisplayTransform": {
    //  "translation": {
    //    "x": -0.235,
    //    "y": -0.46,
    //    "z": -0.025
    //  },
    //  "rotation": {
    //    "x": 0,
    //    "y": 0,
    //    "z": 90
    //  },
    //  "scale": 0.75
    //},
    "shelvable": true,
    //"onshelfTransform": {
    //  "translation": {
    //    "x": -0.235,
    //    "y": -0.46,
    //    "z": -0.025
    //  },
    //  "rotation": {
    //    "x": 0,
    //    "y": 0,
    //    "z": 90
    //  },
    //  "scale": 0.75
    //},
    "handbook": {
      "groupBy": [ "grimoire-*" ],
      "extraSections": [
        {
          "title": "game:Created by",
          "text": "rustboundmagic:handbook-synthesis-text"
        }
      ]
    },
    "bookshelveable": true,
    "spellshelveable": true
  },

  "creativeinventory": {
    "rustboundmagicspells": [ "*" ]
  },

  "maxstacksize": 1,

  "shapebytype": {
    "*": { "base": "items/spells/grimoire" }
  },

  "texturesByType": {
    "*-rustorb1": {
      "default": { "base": "default" },
      "cover": { "base": "items/grimoire/cover-generic" },
      "spelliconbg": { "base": "color-black" },
      "spellicon": { "base": "items/spells/{type}" },
      "rarity": { "base": "blocks/arcanus/arcanusblocksolid-lesser" },
      "pages": { "base": "items/grimoire/inner-pages" }
    },
    "*-fireball1": {
      "default": { "base": "default" },
      "cover": { "base": "items/grimoire/cover-generic" },
      "spelliconbg": { "base": "color-black" },
      "spellicon": { "base": "items/spells/{type}" },
      "rarity": { "base": "blocks/arcanus/arcanusblocksolid-lesser" },
      "pages": { "base": "items/grimoire/inner-pages" }
    },
    "*-aquaburst1": {
      "default": { "base": "default" },
      "cover": { "base": "items/grimoire/cover-generic" },
      "spelliconbg": { "base": "color-black" },
      "spellicon": { "base": "items/spells/{type}" },
      "rarity": { "base": "blocks/arcanus/arcanusblocksolid-lesser" },
      "pages": { "base": "items/grimoire/inner-pages" }
    },
    "*-aeroblast1": {
      "default": { "base": "default" },
      "cover": { "base": "items/grimoire/cover-generic" },
      "spelliconbg": { "base": "color-black" },
      "spellicon": { "base": "items/spells/{type}" },
      "rarity": { "base": "blocks/arcanus/arcanusblocksolid-lesser" },
      "pages": { "base": "items/grimoire/inner-pages" }
    },
    "*-stonefist1": {
      "default": { "base": "default" },
      "cover": { "base": "items/grimoire/cover-generic" },
      "spelliconbg": { "base": "color-black" },
      "spellicon": { "base": "items/spells/{type}" },
      "rarity": { "base": "blocks/arcanus/arcanusblocksolid-lesser" },
      "pages": { "base": "items/grimoire/inner-pages" }
    },
    "*-thunderbolt1": {
      "default": { "base": "default" },
      "cover": { "base": "items/grimoire/cover-generic" },
      "spelliconbg": { "base": "color-black" },
      "spellicon": { "base": "items/spells/{type}" },
      "rarity": { "base": "blocks/arcanus/arcanusblocksolid-lesser" },
      "pages": { "base": "items/grimoire/inner-pages" }
    },
    "*-coldsnap1": {
      "default": { "base": "default" },
      "cover": { "base": "items/grimoire/cover-generic" },
      "spelliconbg": { "base": "color-black" },
      "spellicon": { "base": "items/spells/{type}" },
      "rarity": { "base": "blocks/arcanus/arcanusblocksolid-lesser" },
      "pages": { "base": "items/grimoire/inner-pages" }
    },
    "*-wealdburst1": {
      "default": { "base": "default" },
      "cover": { "base": "items/grimoire/cover-generic" },
      "spelliconbg": { "base": "color-black" },
      "spellicon": { "base": "items/spells/{type}" },
      "rarity": { "base": "blocks/arcanus/arcanusblocksolid-lesser" },
      "pages": { "base": "items/grimoire/inner-pages" }
    },
    "*-etherbolt1": {
      "default": { "base": "default" },
      "cover": { "base": "items/grimoire/cover-generic" },
      "spelliconbg": { "base": "color-black" },
      "spellicon": { "base": "items/spells/{type}" },
      "rarity": { "base": "blocks/arcanus/arcanusblocksolid-lesser" },
      "pages": { "base": "items/grimoire/inner-pages" }
    },
    "*-reap": {
      "default": { "base": "default" },
      "cover": { "base": "items/grimoire/cover-generic" },
      "spelliconbg": { "base": "color-black" },
      "spellicon": { "base": "items/spells/{type}" },
      "rarity": { "base": "blocks/arcanus/arcanusblocksolid-lesser" },
      "pages": { "base": "items/grimoire/inner-pages" }
    },

    "*-plunder1": {
      "default": { "base": "default" },
      "cover": { "base": "items/grimoire/cover-generic" },
      "spelliconbg": { "base": "color-black" },
      "spellicon": { "base": "items/spells/{type}" },
      "rarity": { "base": "blocks/arcanus/arcanusblocksolid-lesser" },
      "pages": { "base": "items/grimoire/inner-pages" }
    },
    "*-silentsteps1": {
      "default": { "base": "default" },
      "cover": { "base": "items/grimoire/cover-generic" },
      "spelliconbg": { "base": "color-black" },
      "spellicon": { "base": "items/spells/{type}" },
      "rarity": { "base": "blocks/arcanus/arcanusblocksolid-lesser" },
      "pages": { "base": "items/grimoire/inner-pages" }
    },
    "*-agility1": {
      "default": { "base": "default" },
      "cover": { "base": "items/grimoire/cover-generic" },
      "spelliconbg": { "base": "color-black" },
      "spellicon": { "base": "items/spells/{type}" },
      "rarity": { "base": "blocks/arcanus/arcanusblocksolid-lesser" },
      "pages": { "base": "items/grimoire/inner-pages" }
    },

    "*-equilibrium1": {
      "default": { "base": "default" },
      "cover": { "base": "items/grimoire/cover-generic" },
      "spelliconbg": { "base": "color-black" },
      "spellicon": { "base": "items/spells/{type}" },
      "rarity": { "base": "blocks/arcanus/arcanusblocksolid-lesser" },
      "pages": { "base": "items/grimoire/inner-pages" }
    },
    "*-befriendanimal1": {
      "default": { "base": "default" },
      "cover": { "base": "items/grimoire/cover-generic" },
      "spelliconbg": { "base": "color-black" },
      "spellicon": { "base": "items/spells/{type}" },
      "rarity": { "base": "blocks/arcanus/arcanusblocksolid-lesser" },
      "pages": { "base": "items/grimoire/inner-pages" }
    },
    "*-hydratefarmland1": {
      "default": { "base": "default" },
      "cover": { "base": "items/grimoire/cover-generic" },
      "spelliconbg": { "base": "color-black" },
      "spellicon": { "base": "items/spells/{type}" },
      "rarity": { "base": "blocks/arcanus/arcanusblocksolid-lesser" },
      "pages": { "base": "items/grimoire/inner-pages" }
    },
    "*-fertilize1": {
      "default": { "base": "default" },
      "cover": { "base": "items/grimoire/cover-generic" },
      "spelliconbg": { "base": "color-black" },
      "spellicon": { "base": "items/spells/{type}" },
      "rarity": { "base": "blocks/arcanus/arcanusblocksolid-lesser" },
      "pages": { "base": "items/grimoire/inner-pages" }
    },
    "*-truenorth": {
      "default": { "base": "default" },
      "cover": { "base": "items/grimoire/cover-generic" },
      "spelliconbg": { "base": "color-black" },
      "spellicon": { "base": "items/spells/{type}" },
      "rarity": { "base": "blocks/arcanus/arcanusblocksolid-lesser" },
      "pages": { "base": "items/grimoire/inner-pages" }
    },

    "*-summonlight1": {
      "default": { "base": "default" },
      "cover": { "base": "items/grimoire/cover-generic" },
      "spelliconbg": { "base": "color-black" },
      "spellicon": { "base": "items/spells/{type}" },
      "rarity": { "base": "blocks/arcanus/arcanusblocksolid-lesser" },
      "pages": { "base": "items/grimoire/inner-pages" }
    },
    "*-summoncorpse": {
      "default": { "base": "default" },
      "cover": { "base": "items/grimoire/cover-generic" },
      "spelliconbg": { "base": "color-black" },
      "spellicon": { "base": "items/spells/{type}" },
      "rarity": { "base": "blocks/arcanus/arcanusblocksolid-lesser" },
      "pages": { "base": "items/grimoire/inner-pages" }
    },
    "*-telekinesis": {
      "default": { "base": "default" },
      "cover": { "base": "items/grimoire/cover-generic" },
      "spelliconbg": { "base": "color-black" },
      "spellicon": { "base": "items/spells/{type}" },
      "rarity": { "base": "blocks/arcanus/arcanusblocksolid-lesser" },
      "pages": { "base": "items/grimoire/inner-pages" }
    },
    "*-mendobject": {
      "default": { "base": "default" },
      "cover": { "base": "items/grimoire/cover-generic" },
      "spelliconbg": { "base": "color-black" },
      "spellicon": { "base": "items/spells/{type}" },
      "rarity": { "base": "blocks/arcanus/arcanusblocksolid-lesser" },
      "pages": { "base": "items/grimoire/inner-pages" }
    },

    //--------//--------//--------//--------//

    "*-rustorb2": {
      "default": { "base": "default" },
      "cover": { "base": "items/grimoire/cover-generic" },
      "spelliconbg": { "base": "color-black" },
      "spellicon": { "base": "items/spells/{type}" },
      "rarity": { "base": "blocks/arcanus/arcanusblocksolid-greater" },
      "pages": { "base": "items/grimoire/inner-pages" }
    },
    "*-fireball2": {
      "default": { "base": "default" },
      "cover": { "base": "items/grimoire/cover-generic" },
      "spelliconbg": { "base": "color-black" },
      "spellicon": { "base": "items/spells/{type}" },
      "rarity": { "base": "blocks/arcanus/arcanusblocksolid-greater" },
      "pages": { "base": "items/grimoire/inner-pages" }
    },
    "*-aquaburst2": {
      "default": { "base": "default" },
      "cover": { "base": "items/grimoire/cover-generic" },
      "spelliconbg": { "base": "color-black" },
      "spellicon": { "base": "items/spells/{type}" },
      "rarity": { "base": "blocks/arcanus/arcanusblocksolid-greater" },
      "pages": { "base": "items/grimoire/inner-pages" }
    },
    "*-aeroblast2": {
      "default": { "base": "default" },
      "cover": { "base": "items/grimoire/cover-generic" },
      "spelliconbg": { "base": "color-black" },
      "spellicon": { "base": "items/spells/{type}" },
      "rarity": { "base": "blocks/arcanus/arcanusblocksolid-greater" },
      "pages": { "base": "items/grimoire/inner-pages" }
    },
    "*-stonefist2": {
      "default": { "base": "default" },
      "cover": { "base": "items/grimoire/cover-generic" },
      "spelliconbg": { "base": "color-black" },
      "spellicon": { "base": "items/spells/{type}" },
      "rarity": { "base": "blocks/arcanus/arcanusblocksolid-greater" },
      "pages": { "base": "items/grimoire/inner-pages" }
    },
    "*-thunderbolt2": {
      "default": { "base": "default" },
      "cover": { "base": "items/grimoire/cover-generic" },
      "spelliconbg": { "base": "color-black" },
      "spellicon": { "base": "items/spells/{type}" },
      "rarity": { "base": "blocks/arcanus/arcanusblocksolid-greater" },
      "pages": { "base": "items/grimoire/inner-pages" }
    },
    "*-coldsnap2": {
      "default": { "base": "default" },
      "cover": { "base": "items/grimoire/cover-generic" },
      "spelliconbg": { "base": "color-black" },
      "spellicon": { "base": "items/spells/{type}" },
      "rarity": { "base": "blocks/arcanus/arcanusblocksolid-greater" },
      "pages": { "base": "items/grimoire/inner-pages" }
    },
    "*-wealdburst2": {
      "default": { "base": "default" },
      "cover": { "base": "items/grimoire/cover-generic" },
      "spelliconbg": { "base": "color-black" },
      "spellicon": { "base": "items/spells/{type}" },
      "rarity": { "base": "blocks/arcanus/arcanusblocksolid-greater" },
      "pages": { "base": "items/grimoire/inner-pages" }
    },
    "*-etherbolt2": {
      "default": { "base": "default" },
      "cover": { "base": "items/grimoire/cover-generic" },
      "spelliconbg": { "base": "color-black" },
      "spellicon": { "base": "items/spells/{type}" },
      "rarity": { "base": "blocks/arcanus/arcanusblocksolid-greater" },
      "pages": { "base": "items/grimoire/inner-pages" }
    },

    "*-rustriposte1": {
      "default": { "base": "default" },
      "cover": { "base": "items/grimoire/cover-generic" },
      "spelliconbg": { "base": "color-black" },
      "spellicon": { "base": "items/spells/{type}" },
      "rarity": { "base": "blocks/arcanus/arcanusblocksolid-greater" },
      "pages": { "base": "items/grimoire/inner-pages" }
    },
    "*-fireriposte1": {
      "default": { "base": "default" },
      "cover": { "base": "items/grimoire/cover-generic" },
      "spelliconbg": { "base": "color-black" },
      "spellicon": { "base": "items/spells/{type}" },
      "rarity": { "base": "blocks/arcanus/arcanusblocksolid-greater" },
      "pages": { "base": "items/grimoire/inner-pages" }
    },
    "*-waterriposte1": {
      "default": { "base": "default" },
      "cover": { "base": "items/grimoire/cover-generic" },
      "spelliconbg": { "base": "color-black" },
      "spellicon": { "base": "items/spells/{type}" },
      "rarity": { "base": "blocks/arcanus/arcanusblocksolid-greater" },
      "pages": { "base": "items/grimoire/inner-pages" }
    },
    "*-windriposte1": {
      "default": { "base": "default" },
      "cover": { "base": "items/grimoire/cover-generic" },
      "spelliconbg": { "base": "color-black" },
      "spellicon": { "base": "items/spells/{type}" },
      "rarity": { "base": "blocks/arcanus/arcanusblocksolid-greater" },
      "pages": { "base": "items/grimoire/inner-pages" }
    },
    "*-earthriposte1": {
      "default": { "base": "default" },
      "cover": { "base": "items/grimoire/cover-generic" },
      "spelliconbg": { "base": "color-black" },
      "spellicon": { "base": "items/spells/{type}" },
      "rarity": { "base": "blocks/arcanus/arcanusblocksolid-greater" },
      "pages": { "base": "items/grimoire/inner-pages" }
    },
    "*-lightningriposte1": {
      "default": { "base": "default" },
      "cover": { "base": "items/grimoire/cover-generic" },
      "spelliconbg": { "base": "color-black" },
      "spellicon": { "base": "items/spells/{type}" },
      "rarity": { "base": "blocks/arcanus/arcanusblocksolid-greater" },
      "pages": { "base": "items/grimoire/inner-pages" }
    },
    "*-frostriposte1": {
      "default": { "base": "default" },
      "cover": { "base": "items/grimoire/cover-generic" },
      "spelliconbg": { "base": "color-black" },
      "spellicon": { "base": "items/spells/{type}" },
      "rarity": { "base": "blocks/arcanus/arcanusblocksolid-greater" },
      "pages": { "base": "items/grimoire/inner-pages" }
    },
    "*-natureriposte1": {
      "default": { "base": "default" },
      "cover": { "base": "items/grimoire/cover-generic" },
      "spelliconbg": { "base": "color-black" },
      "spellicon": { "base": "items/spells/{type}" },
      "rarity": { "base": "blocks/arcanus/arcanusblocksolid-greater" },
      "pages": { "base": "items/grimoire/inner-pages" }
    },
    "*-arcaneriposte1": {
      "default": { "base": "default" },
      "cover": { "base": "items/grimoire/cover-generic" },
      "spelliconbg": { "base": "color-black" },
      "spellicon": { "base": "items/spells/{type}" },
      "rarity": { "base": "blocks/arcanus/arcanusblocksolid-greater" },
      "pages": { "base": "items/grimoire/inner-pages" }
    },



    "*-plunder2": {
      "default": { "base": "default" },
      "cover": { "base": "items/grimoire/cover-generic" },
      "spelliconbg": { "base": "color-black" },
      "spellicon": { "base": "items/spells/{type}" },
      "rarity": { "base": "blocks/arcanus/arcanusblocksolid-greater" },
      "pages": { "base": "items/grimoire/inner-pages" }
    },
    "*-silentsteps2": {
      "default": { "base": "default" },
      "cover": { "base": "items/grimoire/cover-generic" },
      "spelliconbg": { "base": "color-black" },
      "spellicon": { "base": "items/spells/{type}" },
      "rarity": { "base": "blocks/arcanus/arcanusblocksolid-greater" },
      "pages": { "base": "items/grimoire/inner-pages" }
    },
    "*-agility2": {
      "default": { "base": "default" },
      "cover": { "base": "items/grimoire/cover-generic" },
      "spelliconbg": { "base": "color-black" },
      "spellicon": { "base": "items/spells/{type}" },
      "rarity": { "base": "blocks/arcanus/arcanusblocksolid-greater" },
      "pages": { "base": "items/grimoire/inner-pages" }
    },
    "*-excavation1": {
      "default": { "base": "default" },
      "cover": { "base": "items/grimoire/cover-generic" },
      "spelliconbg": { "base": "color-black" },
      "spellicon": { "base": "items/spells/{type}" },
      "rarity": { "base": "blocks/arcanus/arcanusblocksolid-greater" },
      "pages": { "base": "items/grimoire/inner-pages" }
    },
    "*-nourishingaura1": {
      "default": { "base": "default" },
      "cover": { "base": "items/grimoire/cover-generic" },
      "spelliconbg": { "base": "color-black" },
      "spellicon": { "base": "items/spells/{type}" },
      "rarity": { "base": "blocks/arcanus/arcanusblocksolid-greater" },
      "pages": { "base": "items/grimoire/inner-pages" }
    },
    "*-rapidshot1": {
      "default": { "base": "default" },
      "cover": { "base": "items/grimoire/cover-generic" },
      "spelliconbg": { "base": "color-black" },
      "spellicon": { "base": "items/spells/{type}" },
      "rarity": { "base": "blocks/arcanus/arcanusblocksolid-greater" },
      "pages": { "base": "items/grimoire/inner-pages" }
    },
    "*-strengthen1": {
      "default": { "base": "default" },
      "cover": { "base": "items/grimoire/cover-generic" },
      "spelliconbg": { "base": "color-black" },
      "spellicon": { "base": "items/spells/{type}" },
      "rarity": { "base": "blocks/arcanus/arcanusblocksolid-greater" },
      "pages": { "base": "items/grimoire/inner-pages" }
    },
    "*-swiftness1": {
      "default": { "base": "default" },
      "cover": { "base": "items/grimoire/cover-generic" },
      "spelliconbg": { "base": "color-black" },
      "spellicon": { "base": "items/spells/{type}" },
      "rarity": { "base": "blocks/arcanus/arcanusblocksolid-greater" },
      "pages": { "base": "items/grimoire/inner-pages" }
    },
    "*-tinkerer1": {
      "default": { "base": "default" },
      "cover": { "base": "items/grimoire/cover-generic" },
      "spelliconbg": { "base": "color-black" },
      "spellicon": { "base": "items/spells/{type}" },
      "rarity": { "base": "blocks/arcanus/arcanusblocksolid-greater" },
      "pages": { "base": "items/grimoire/inner-pages" }
    },
    "*-flashheal1": {
      "default": { "base": "default" },
      "cover": { "base": "items/grimoire/cover-generic" },
      "spelliconbg": { "base": "color-black" },
      "spellicon": { "base": "items/spells/{type}" },
      "rarity": { "base": "blocks/arcanus/arcanusblocksolid-greater" },
      "pages": { "base": "items/grimoire/inner-pages" }
    },



    "*-equilibrium2": {
      "default": { "base": "default" },
      "cover": { "base": "items/grimoire/cover-generic" },
      "spelliconbg": { "base": "color-black" },
      "spellicon": { "base": "items/spells/{type}" },
      "rarity": { "base": "blocks/arcanus/arcanusblocksolid-greater" },
      "pages": { "base": "items/grimoire/inner-pages" }
    },
    "*-befriendanimal2": {
      "default": { "base": "default" },
      "cover": { "base": "items/grimoire/cover-generic" },
      "spelliconbg": { "base": "color-black" },
      "spellicon": { "base": "items/spells/{type}" },
      "rarity": { "base": "blocks/arcanus/arcanusblocksolid-greater" },
      "pages": { "base": "items/grimoire/inner-pages" }
    },
    "*-hydratefarmland2": {
      "default": { "base": "default" },
      "cover": { "base": "items/grimoire/cover-generic" },
      "spelliconbg": { "base": "color-black" },
      "spellicon": { "base": "items/spells/{type}" },
      "rarity": { "base": "blocks/arcanus/arcanusblocksolid-greater" },
      "pages": { "base": "items/grimoire/inner-pages" }
    },
    "*-fertilize2": {
      "default": { "base": "default" },
      "cover": { "base": "items/grimoire/cover-generic" },
      "spelliconbg": { "base": "color-black" },
      "spellicon": { "base": "items/spells/{type}" },
      "rarity": { "base": "blocks/arcanus/arcanusblocksolid-greater" },
      "pages": { "base": "items/grimoire/inner-pages" }
    },
    "*-resistelements1": {
      "default": { "base": "default" },
      "cover": { "base": "items/grimoire/cover-generic" },
      "spelliconbg": { "base": "color-black" },
      "spellicon": { "base": "items/spells/{type}" },
      "rarity": { "base": "blocks/arcanus/arcanusblocksolid-greater" },
      "pages": { "base": "items/grimoire/inner-pages" }
    },
    "*-resistfire1": {
      "default": { "base": "default" },
      "cover": { "base": "items/grimoire/cover-generic" },
      "spelliconbg": { "base": "color-black" },
      "spellicon": { "base": "items/spells/{type}" },
      "rarity": { "base": "blocks/arcanus/arcanusblocksolid-greater" },
      "pages": { "base": "items/grimoire/inner-pages" }
    },
    "*-resistwater1": {
      "default": { "base": "default" },
      "cover": { "base": "items/grimoire/cover-generic" },
      "spelliconbg": { "base": "color-black" },
      "spellicon": { "base": "items/spells/{type}" },
      "rarity": { "base": "blocks/arcanus/arcanusblocksolid-greater" },
      "pages": { "base": "items/grimoire/inner-pages" }
    },
    "*-resistwind1": {
      "default": { "base": "default" },
      "cover": { "base": "items/grimoire/cover-generic" },
      "spelliconbg": { "base": "color-black" },
      "spellicon": { "base": "items/spells/{type}" },
      "rarity": { "base": "blocks/arcanus/arcanusblocksolid-greater" },
      "pages": { "base": "items/grimoire/inner-pages" }
    },
    "*-resistearth1": {
      "default": { "base": "default" },
      "cover": { "base": "items/grimoire/cover-generic" },
      "spelliconbg": { "base": "color-black" },
      "spellicon": { "base": "items/spells/{type}" },
      "rarity": { "base": "blocks/arcanus/arcanusblocksolid-greater" },
      "pages": { "base": "items/grimoire/inner-pages" }
    },
    "*-resistlightning1": {
      "default": { "base": "default" },
      "cover": { "base": "items/grimoire/cover-generic" },
      "spelliconbg": { "base": "color-black" },
      "spellicon": { "base": "items/spells/{type}" },
      "rarity": { "base": "blocks/arcanus/arcanusblocksolid-greater" },
      "pages": { "base": "items/grimoire/inner-pages" }
    },
    "*-resistfrost1": {
      "default": { "base": "default" },
      "cover": { "base": "items/grimoire/cover-generic" },
      "spelliconbg": { "base": "color-black" },
      "spellicon": { "base": "items/spells/{type}" },
      "rarity": { "base": "blocks/arcanus/arcanusblocksolid-greater" },
      "pages": { "base": "items/grimoire/inner-pages" }
    },
    "*-resistnature1": {
      "default": { "base": "default" },
      "cover": { "base": "items/grimoire/cover-generic" },
      "spelliconbg": { "base": "color-black" },
      "spellicon": { "base": "items/spells/{type}" },
      "rarity": { "base": "blocks/arcanus/arcanusblocksolid-greater" },
      "pages": { "base": "items/grimoire/inner-pages" }
    },
    "*-resistarcane1": {
      "default": { "base": "default" },
      "cover": { "base": "items/grimoire/cover-generic" },
      "spelliconbg": { "base": "color-black" },
      "spellicon": { "base": "items/spells/{type}" },
      "rarity": { "base": "blocks/arcanus/arcanusblocksolid-greater" },
      "pages": { "base": "items/grimoire/inner-pages" }
    },
    "*-endlessbreath": {
      "default": { "base": "default" },
      "cover": { "base": "items/grimoire/cover-generic" },
      "spelliconbg": { "base": "color-black" },
      "spellicon": { "base": "items/spells/{type}" },
      "rarity": { "base": "blocks/arcanus/arcanusblocksolid-greater" },
      "pages": { "base": "items/grimoire/inner-pages" }
    },



    "*-summonlight2": {
      "default": { "base": "default" },
      "cover": { "base": "items/grimoire/cover-generic" },
      "spelliconbg": { "base": "color-black" },
      "spellicon": { "base": "items/spells/{type}" },
      "rarity": { "base": "blocks/arcanus/arcanusblocksolid-greater" },
      "pages": { "base": "items/grimoire/inner-pages" }
    },
    "*-kindle1": {
      "default": { "base": "default" },
      "cover": { "base": "items/grimoire/cover-generic" },
      "spelliconbg": { "base": "color-black" },
      "spellicon": { "base": "items/spells/{type}" },
      "rarity": { "base": "blocks/arcanus/arcanusblocksolid-greater" },
      "pages": { "base": "items/grimoire/inner-pages" }
    },
    "*-surfaceascent1": {
      "default": { "base": "default" },
      "cover": { "base": "items/grimoire/cover-generic" },
      "spelliconbg": { "base": "color-black" },
      "spellicon": { "base": "items/spells/{type}" },
      "rarity": { "base": "blocks/arcanus/arcanusblocksolid-greater" },
      "pages": { "base": "items/grimoire/inner-pages" }
    },
    "*-corpseswap": {
      "default": { "base": "default" },
      "cover": { "base": "items/grimoire/cover-generic" },
      "spelliconbg": { "base": "color-black" },
      "spellicon": { "base": "items/spells/{type}" },
      "rarity": { "base": "blocks/arcanus/arcanusblocksolid-greater" },
      "pages": { "base": "items/grimoire/inner-pages" }
    },
    "*-shadowstep": {
      "default": { "base": "default" },
      "cover": { "base": "items/grimoire/cover-generic" },
      "spelliconbg": { "base": "color-black" },
      "spellicon": { "base": "items/spells/{type}" },
      "rarity": { "base": "blocks/arcanus/arcanusblocksolid-greater" },
      "pages": { "base": "items/grimoire/inner-pages" }
    },
    "*-cleansinglight": {
      "default": { "base": "default" },
      "cover": { "base": "items/grimoire/cover-generic" },
      "spelliconbg": { "base": "color-black" },
      "spellicon": { "base": "items/spells/{type}" },
      "rarity": { "base": "blocks/arcanus/arcanusblocksolid-greater" },
      "pages": { "base": "items/grimoire/inner-pages" }
    },

    //--------//--------//--------//--------//

    "*-rustorb3": {
      "default": { "base": "default" },
      "cover": { "base": "items/grimoire/cover-generic" },
      "spelliconbg": { "base": "color-black" },
      "spellicon": { "base": "items/spells/{type}" },
      "rarity": { "base": "blocks/arcanus/arcanusblocksolid-superior" },
      "pages": { "base": "items/grimoire/inner-pages" }
    },
    "*-fireball3": {
      "default": { "base": "default" },
      "cover": { "base": "items/grimoire/cover-generic" },
      "spelliconbg": { "base": "color-black" },
      "spellicon": { "base": "items/spells/{type}" },
      "rarity": { "base": "blocks/arcanus/arcanusblocksolid-superior" },
      "pages": { "base": "items/grimoire/inner-pages" }
    },
    "*-aquaburst3": {
      "default": { "base": "default" },
      "cover": { "base": "items/grimoire/cover-generic" },
      "spelliconbg": { "base": "color-black" },
      "spellicon": { "base": "items/spells/{type}" },
      "rarity": { "base": "blocks/arcanus/arcanusblocksolid-superior" },
      "pages": { "base": "items/grimoire/inner-pages" }
    },
    "*-aeroblast3": {
      "default": { "base": "default" },
      "cover": { "base": "items/grimoire/cover-generic" },
      "spelliconbg": { "base": "color-black" },
      "spellicon": { "base": "items/spells/{type}" },
      "rarity": { "base": "blocks/arcanus/arcanusblocksolid-superior" },
      "pages": { "base": "items/grimoire/inner-pages" }
    },
    "*-stonefist3": {
      "default": { "base": "default" },
      "cover": { "base": "items/grimoire/cover-generic" },
      "spelliconbg": { "base": "color-black" },
      "spellicon": { "base": "items/spells/{type}" },
      "rarity": { "base": "blocks/arcanus/arcanusblocksolid-superior" },
      "pages": { "base": "items/grimoire/inner-pages" }
    },
    "*-thunderbolt3": {
      "default": { "base": "default" },
      "cover": { "base": "items/grimoire/cover-generic" },
      "spelliconbg": { "base": "color-black" },
      "spellicon": { "base": "items/spells/{type}" },
      "rarity": { "base": "blocks/arcanus/arcanusblocksolid-superior" },
      "pages": { "base": "items/grimoire/inner-pages" }
    },
    "*-coldsnap3": {
      "default": { "base": "default" },
      "cover": { "base": "items/grimoire/cover-generic" },
      "spelliconbg": { "base": "color-black" },
      "spellicon": { "base": "items/spells/{type}" },
      "rarity": { "base": "blocks/arcanus/arcanusblocksolid-superior" },
      "pages": { "base": "items/grimoire/inner-pages" }
    },
    "*-wealdburst3": {
      "default": { "base": "default" },
      "cover": { "base": "items/grimoire/cover-generic" },
      "spelliconbg": { "base": "color-black" },
      "spellicon": { "base": "items/spells/{type}" },
      "rarity": { "base": "blocks/arcanus/arcanusblocksolid-superior" },
      "pages": { "base": "items/grimoire/inner-pages" }
    },
    "*-etherbolt3": {
      "default": { "base": "default" },
      "cover": { "base": "items/grimoire/cover-generic" },
      "spelliconbg": { "base": "color-black" },
      "spellicon": { "base": "items/spells/{type}" },
      "rarity": { "base": "blocks/arcanus/arcanusblocksolid-superior" },
      "pages": { "base": "items/grimoire/inner-pages" }
    },

    "*-rustriposte2": {
      "default": { "base": "default" },
      "cover": { "base": "items/grimoire/cover-generic" },
      "spelliconbg": { "base": "color-black" },
      "spellicon": { "base": "items/spells/{type}" },
      "rarity": { "base": "blocks/arcanus/arcanusblocksolid-superior" },
      "pages": { "base": "items/grimoire/inner-pages" }
    },
    "*-fireriposte2": {
      "default": { "base": "default" },
      "cover": { "base": "items/grimoire/cover-generic" },
      "spelliconbg": { "base": "color-black" },
      "spellicon": { "base": "items/spells/{type}" },
      "rarity": { "base": "blocks/arcanus/arcanusblocksolid-superior" },
      "pages": { "base": "items/grimoire/inner-pages" }
    },
    "*-waterriposte2": {
      "default": { "base": "default" },
      "cover": { "base": "items/grimoire/cover-generic" },
      "spelliconbg": { "base": "color-black" },
      "spellicon": { "base": "items/spells/{type}" },
      "rarity": { "base": "blocks/arcanus/arcanusblocksolid-superior" },
      "pages": { "base": "items/grimoire/inner-pages" }
    },
    "*-windriposte2": {
      "default": { "base": "default" },
      "cover": { "base": "items/grimoire/cover-generic" },
      "spelliconbg": { "base": "color-black" },
      "spellicon": { "base": "items/spells/{type}" },
      "rarity": { "base": "blocks/arcanus/arcanusblocksolid-superior" },
      "pages": { "base": "items/grimoire/inner-pages" }
    },
    "*-earthriposte2": {
      "default": { "base": "default" },
      "cover": { "base": "items/grimoire/cover-generic" },
      "spelliconbg": { "base": "color-black" },
      "spellicon": { "base": "items/spells/{type}" },
      "rarity": { "base": "blocks/arcanus/arcanusblocksolid-superior" },
      "pages": { "base": "items/grimoire/inner-pages" }
    },
    "*-lightningriposte2": {
      "default": { "base": "default" },
      "cover": { "base": "items/grimoire/cover-generic" },
      "spelliconbg": { "base": "color-black" },
      "spellicon": { "base": "items/spells/{type}" },
      "rarity": { "base": "blocks/arcanus/arcanusblocksolid-superior" },
      "pages": { "base": "items/grimoire/inner-pages" }
    },
    "*-frostriposte2": {
      "default": { "base": "default" },
      "cover": { "base": "items/grimoire/cover-generic" },
      "spelliconbg": { "base": "color-black" },
      "spellicon": { "base": "items/spells/{type}" },
      "rarity": { "base": "blocks/arcanus/arcanusblocksolid-superior" },
      "pages": { "base": "items/grimoire/inner-pages" }
    },
    "*-natureriposte2": {
      "default": { "base": "default" },
      "cover": { "base": "items/grimoire/cover-generic" },
      "spelliconbg": { "base": "color-black" },
      "spellicon": { "base": "items/spells/{type}" },
      "rarity": { "base": "blocks/arcanus/arcanusblocksolid-superior" },
      "pages": { "base": "items/grimoire/inner-pages" }
    },
    "*-arcaneriposte2": {
      "default": { "base": "default" },
      "cover": { "base": "items/grimoire/cover-generic" },
      "spelliconbg": { "base": "color-black" },
      "spellicon": { "base": "items/spells/{type}" },
      "rarity": { "base": "blocks/arcanus/arcanusblocksolid-superior" },
      "pages": { "base": "items/grimoire/inner-pages" }
    },

    "*-rustnova1": {
      "default": { "base": "default" },
      "cover": { "base": "items/grimoire/cover-generic" },
      "spelliconbg": { "base": "color-black" },
      "spellicon": { "base": "items/spells/{type}" },
      "rarity": { "base": "blocks/arcanus/arcanusblocksolid-superior" },
      "pages": { "base": "items/grimoire/inner-pages" }
    },
    "*-incinerate1": {
      "default": { "base": "default" },
      "cover": { "base": "items/grimoire/cover-generic" },
      "spelliconbg": { "base": "color-black" },
      "spellicon": { "base": "items/spells/{type}" },
      "rarity": { "base": "blocks/arcanus/arcanusblocksolid-superior" },
      "pages": { "base": "items/grimoire/inner-pages" }
    },
    "*-tidalwave1": {
      "default": { "base": "default" },
      "cover": { "base": "items/grimoire/cover-generic" },
      "spelliconbg": { "base": "color-black" },
      "spellicon": { "base": "items/spells/{type}" },
      "rarity": { "base": "blocks/arcanus/arcanusblocksolid-superior" },
      "pages": { "base": "items/grimoire/inner-pages" }
    },
    "*-whirlwind1": {
      "default": { "base": "default" },
      "cover": { "base": "items/grimoire/cover-generic" },
      "spelliconbg": { "base": "color-black" },
      "spellicon": { "base": "items/spells/{type}" },
      "rarity": { "base": "blocks/arcanus/arcanusblocksolid-superior" },
      "pages": { "base": "items/grimoire/inner-pages" }
    },
    "*-rockslide1": {
      "default": { "base": "default" },
      "cover": { "base": "items/grimoire/cover-generic" },
      "spelliconbg": { "base": "color-black" },
      "spellicon": { "base": "items/spells/{type}" },
      "rarity": { "base": "blocks/arcanus/arcanusblocksolid-superior" },
      "pages": { "base": "items/grimoire/inner-pages" }
    },
    "*-electrocute1": {
      "default": { "base": "default" },
      "cover": { "base": "items/grimoire/cover-generic" },
      "spelliconbg": { "base": "color-black" },
      "spellicon": { "base": "items/spells/{type}" },
      "rarity": { "base": "blocks/arcanus/arcanusblocksolid-superior" },
      "pages": { "base": "items/grimoire/inner-pages" }
    },
    "*-icestrike1": {
      "default": { "base": "default" },
      "cover": { "base": "items/grimoire/cover-generic" },
      "spelliconbg": { "base": "color-black" },
      "spellicon": { "base": "items/spells/{type}" },
      "rarity": { "base": "blocks/arcanus/arcanusblocksolid-superior" },
      "pages": { "base": "items/grimoire/inner-pages" }
    },
    "*-verdantsurge1": {
      "default": { "base": "default" },
      "cover": { "base": "items/grimoire/cover-generic" },
      "spelliconbg": { "base": "color-black" },
      "spellicon": { "base": "items/spells/{type}" },
      "rarity": { "base": "blocks/arcanus/arcanusblocksolid-superior" },
      "pages": { "base": "items/grimoire/inner-pages" }
    },
    "*-arcaneexplosion1": {
      "default": { "base": "default" },
      "cover": { "base": "items/grimoire/cover-generic" },
      "spelliconbg": { "base": "color-black" },
      "spellicon": { "base": "items/spells/{type}" },
      "rarity": { "base": "blocks/arcanus/arcanusblocksolid-superior" },
      "pages": { "base": "items/grimoire/inner-pages" }
    },
    "*-corpseexplosion1": {
      "default": { "base": "default" },
      "cover": { "base": "items/grimoire/cover-generic" },
      "spelliconbg": { "base": "color-black" },
      "spellicon": { "base": "items/spells/{type}" },
      "rarity": { "base": "blocks/arcanus/arcanusblocksolid-superior" },
      "pages": { "base": "items/grimoire/inner-pages" }
    },



    "*-plunder3": {
      "default": { "base": "default" },
      "cover": { "base": "items/grimoire/cover-generic" },
      "spelliconbg": { "base": "color-black" },
      "spellicon": { "base": "items/spells/{type}" },
      "rarity": { "base": "blocks/arcanus/arcanusblocksolid-superior" },
      "pages": { "base": "items/grimoire/inner-pages" }
    },
    "*-silentsteps3": {
      "default": { "base": "default" },
      "cover": { "base": "items/grimoire/cover-generic" },
      "spelliconbg": { "base": "color-black" },
      "spellicon": { "base": "items/spells/{type}" },
      "rarity": { "base": "blocks/arcanus/arcanusblocksolid-superior" },
      "pages": { "base": "items/grimoire/inner-pages" }
    },
    "*-agility3": {
      "default": { "base": "default" },
      "cover": { "base": "items/grimoire/cover-generic" },
      "spelliconbg": { "base": "color-black" },
      "spellicon": { "base": "items/spells/{type}" },
      "rarity": { "base": "blocks/arcanus/arcanusblocksolid-superior" },
      "pages": { "base": "items/grimoire/inner-pages" }
    },
    "*-excavation2": {
      "default": { "base": "default" },
      "cover": { "base": "items/grimoire/cover-generic" },
      "spelliconbg": { "base": "color-black" },
      "spellicon": { "base": "items/spells/{type}" },
      "rarity": { "base": "blocks/arcanus/arcanusblocksolid-superior" },
      "pages": { "base": "items/grimoire/inner-pages" }
    },
    "*-nourishingaura2": {
      "default": { "base": "default" },
      "cover": { "base": "items/grimoire/cover-generic" },
      "spelliconbg": { "base": "color-black" },
      "spellicon": { "base": "items/spells/{type}" },
      "rarity": { "base": "blocks/arcanus/arcanusblocksolid-superior" },
      "pages": { "base": "items/grimoire/inner-pages" }
    },
    "*-rapidshot2": {
      "default": { "base": "default" },
      "cover": { "base": "items/grimoire/cover-generic" },
      "spelliconbg": { "base": "color-black" },
      "spellicon": { "base": "items/spells/{type}" },
      "rarity": { "base": "blocks/arcanus/arcanusblocksolid-superior" },
      "pages": { "base": "items/grimoire/inner-pages" }
    },
    "*-strengthen2": {
      "default": { "base": "default" },
      "cover": { "base": "items/grimoire/cover-generic" },
      "spelliconbg": { "base": "color-black" },
      "spellicon": { "base": "items/spells/{type}" },
      "rarity": { "base": "blocks/arcanus/arcanusblocksolid-superior" },
      "pages": { "base": "items/grimoire/inner-pages" }
    },
    "*-swiftness2": {
      "default": { "base": "default" },
      "cover": { "base": "items/grimoire/cover-generic" },
      "spelliconbg": { "base": "color-black" },
      "spellicon": { "base": "items/spells/{type}" },
      "rarity": { "base": "blocks/arcanus/arcanusblocksolid-superior" },
      "pages": { "base": "items/grimoire/inner-pages" }
    },
    "*-tinkerer2": {
      "default": { "base": "default" },
      "cover": { "base": "items/grimoire/cover-generic" },
      "spelliconbg": { "base": "color-black" },
      "spellicon": { "base": "items/spells/{type}" },
      "rarity": { "base": "blocks/arcanus/arcanusblocksolid-superior" },
      "pages": { "base": "items/grimoire/inner-pages" }
    },
    "*-flashheal2": {
      "default": { "base": "default" },
      "cover": { "base": "items/grimoire/cover-generic" },
      "spelliconbg": { "base": "color-black" },
      "spellicon": { "base": "items/spells/{type}" },
      "rarity": { "base": "blocks/arcanus/arcanusblocksolid-superior" },
      "pages": { "base": "items/grimoire/inner-pages" }
    },
    "*-butcher1": {
      "default": { "base": "default" },
      "cover": { "base": "items/grimoire/cover-generic" },
      "spelliconbg": { "base": "color-black" },
      "spellicon": { "base": "items/spells/{type}" },
      "rarity": { "base": "blocks/arcanus/arcanusblocksolid-superior" },
      "pages": { "base": "items/grimoire/inner-pages" }
    },
    "*-velocity1": {
      "default": { "base": "default" },
      "cover": { "base": "items/grimoire/cover-generic" },
      "spelliconbg": { "base": "color-black" },
      "spellicon": { "base": "items/spells/{type}" },
      "rarity": { "base": "blocks/arcanus/arcanusblocksolid-superior" },
      "pages": { "base": "items/grimoire/inner-pages" }
    },
    "*-regeneration1": {
      "default": { "base": "default" },
      "cover": { "base": "items/grimoire/cover-generic" },
      "spelliconbg": { "base": "color-black" },
      "spellicon": { "base": "items/spells/{type}" },
      "rarity": { "base": "blocks/arcanus/arcanusblocksolid-superior" },
      "pages": { "base": "items/grimoire/inner-pages" }
    },



    "*-equilibrium3": {
      "default": { "base": "default" },
      "cover": { "base": "items/grimoire/cover-generic" },
      "spelliconbg": { "base": "color-black" },
      "spellicon": { "base": "items/spells/{type}" },
      "rarity": { "base": "blocks/arcanus/arcanusblocksolid-superior" },
      "pages": { "base": "items/grimoire/inner-pages" }
    },
    "*-befriendanimal3": {
      "default": { "base": "default" },
      "cover": { "base": "items/grimoire/cover-generic" },
      "spelliconbg": { "base": "color-black" },
      "spellicon": { "base": "items/spells/{type}" },
      "rarity": { "base": "blocks/arcanus/arcanusblocksolid-superior" },
      "pages": { "base": "items/grimoire/inner-pages" }
    },
    "*-hydratefarmland3": {
      "default": { "base": "default" },
      "cover": { "base": "items/grimoire/cover-generic" },
      "spelliconbg": { "base": "color-black" },
      "spellicon": { "base": "items/spells/{type}" },
      "rarity": { "base": "blocks/arcanus/arcanusblocksolid-superior" },
      "pages": { "base": "items/grimoire/inner-pages" }
    },
    "*-fertilize3": {
      "default": { "base": "default" },
      "cover": { "base": "items/grimoire/cover-generic" },
      "spelliconbg": { "base": "color-black" },
      "spellicon": { "base": "items/spells/{type}" },
      "rarity": { "base": "blocks/arcanus/arcanusblocksolid-superior" },
      "pages": { "base": "items/grimoire/inner-pages" }
    },
    "*-resistelements2": {
      "default": { "base": "default" },
      "cover": { "base": "items/grimoire/cover-generic" },
      "spelliconbg": { "base": "color-black" },
      "spellicon": { "base": "items/spells/{type}" },
      "rarity": { "base": "blocks/arcanus/arcanusblocksolid-superior" },
      "pages": { "base": "items/grimoire/inner-pages" }
    },
    "*-resistfire2": {
      "default": { "base": "default" },
      "cover": { "base": "items/grimoire/cover-generic" },
      "spelliconbg": { "base": "color-black" },
      "spellicon": { "base": "items/spells/{type}" },
      "rarity": { "base": "blocks/arcanus/arcanusblocksolid-superior" },
      "pages": { "base": "items/grimoire/inner-pages" }
    },
    "*-resistwater2": {
      "default": { "base": "default" },
      "cover": { "base": "items/grimoire/cover-generic" },
      "spelliconbg": { "base": "color-black" },
      "spellicon": { "base": "items/spells/{type}" },
      "rarity": { "base": "blocks/arcanus/arcanusblocksolid-superior" },
      "pages": { "base": "items/grimoire/inner-pages" }
    },
    "*-resistwind2": {
      "default": { "base": "default" },
      "cover": { "base": "items/grimoire/cover-generic" },
      "spelliconbg": { "base": "color-black" },
      "spellicon": { "base": "items/spells/{type}" },
      "rarity": { "base": "blocks/arcanus/arcanusblocksolid-superior" },
      "pages": { "base": "items/grimoire/inner-pages" }
    },
    "*-resistearth2": {
      "default": { "base": "default" },
      "cover": { "base": "items/grimoire/cover-generic" },
      "spelliconbg": { "base": "color-black" },
      "spellicon": { "base": "items/spells/{type}" },
      "rarity": { "base": "blocks/arcanus/arcanusblocksolid-superior" },
      "pages": { "base": "items/grimoire/inner-pages" }
    },
    "*-resistlightning2": {
      "default": { "base": "default" },
      "cover": { "base": "items/grimoire/cover-generic" },
      "spelliconbg": { "base": "color-black" },
      "spellicon": { "base": "items/spells/{type}" },
      "rarity": { "base": "blocks/arcanus/arcanusblocksolid-superior" },
      "pages": { "base": "items/grimoire/inner-pages" }
    },
    "*-resistfrost2": {
      "default": { "base": "default" },
      "cover": { "base": "items/grimoire/cover-generic" },
      "spelliconbg": { "base": "color-black" },
      "spellicon": { "base": "items/spells/{type}" },
      "rarity": { "base": "blocks/arcanus/arcanusblocksolid-superior" },
      "pages": { "base": "items/grimoire/inner-pages" }
    },
    "*-resistnature2": {
      "default": { "base": "default" },
      "cover": { "base": "items/grimoire/cover-generic" },
      "spelliconbg": { "base": "color-black" },
      "spellicon": { "base": "items/spells/{type}" },
      "rarity": { "base": "blocks/arcanus/arcanusblocksolid-superior" },
      "pages": { "base": "items/grimoire/inner-pages" }
    },
    "*-resistarcane2": {
      "default": { "base": "default" },
      "cover": { "base": "items/grimoire/cover-generic" },
      "spelliconbg": { "base": "color-black" },
      "spellicon": { "base": "items/spells/{type}" },
      "rarity": { "base": "blocks/arcanus/arcanusblocksolid-superior" },
      "pages": { "base": "items/grimoire/inner-pages" }
    },
    "*-featherfall": {
      "default": { "base": "default" },
      "cover": { "base": "items/grimoire/cover-generic" },
      "spelliconbg": { "base": "color-black" },
      "spellicon": { "base": "items/spells/{type}" },
      "rarity": { "base": "blocks/arcanus/arcanusblocksolid-superior" },
      "pages": { "base": "items/grimoire/inner-pages" }
    },
    "*-growth": {
      "default": { "base": "default" },
      "cover": { "base": "items/grimoire/cover-generic" },
      "spelliconbg": { "base": "color-black" },
      "spellicon": { "base": "items/spells/{type}" },
      "rarity": { "base": "blocks/arcanus/arcanusblocksolid-superior" },
      "pages": { "base": "items/grimoire/inner-pages" }
    },



    "*-summonlight3": {
      "default": { "base": "default" },
      "cover": { "base": "items/grimoire/cover-generic" },
      "spelliconbg": { "base": "color-black" },
      "spellicon": { "base": "items/spells/{type}" },
      "rarity": { "base": "blocks/arcanus/arcanusblocksolid-superior" },
      "pages": { "base": "items/grimoire/inner-pages" }
    },
    "*-kindle2": {
      "default": { "base": "default" },
      "cover": { "base": "items/grimoire/cover-generic" },
      "spelliconbg": { "base": "color-black" },
      "spellicon": { "base": "items/spells/{type}" },
      "rarity": { "base": "blocks/arcanus/arcanusblocksolid-superior" },
      "pages": { "base": "items/grimoire/inner-pages" }
    },
    "*-surfaceascent2": {
      "default": { "base": "default" },
      "cover": { "base": "items/grimoire/cover-generic" },
      "spelliconbg": { "base": "color-black" },
      "spellicon": { "base": "items/spells/{type}" },
      "rarity": { "base": "blocks/arcanus/arcanusblocksolid-superior" },
      "pages": { "base": "items/grimoire/inner-pages" }
    },
    "*-bindaffinity": {
      "default": { "base": "default" },
      "cover": { "base": "items/grimoire/cover-generic" },
      "spelliconbg": { "base": "color-black" },
      "spellicon": { "base": "items/spells/{type}" },
      "rarity": { "base": "blocks/arcanus/arcanusblocksolid-superior" },
      "pages": { "base": "items/grimoire/inner-pages" }
    },

    //--------//--------//--------//--------//

    "*-rustorb4": {
      "default": { "base": "default" },
      "cover": { "base": "items/grimoire/cover-generic" },
      "spelliconbg": { "base": "color-black" },
      "spellicon": { "base": "items/spells/{type}" },
      "rarity": { "base": "blocks/arcanus/arcanusblocksolid-celestial" },
      "pages": { "base": "items/grimoire/inner-pages" }
    },
    "*-fireball4": {
      "default": { "base": "default" },
      "cover": { "base": "items/grimoire/cover-generic" },
      "spelliconbg": { "base": "color-black" },
      "spellicon": { "base": "items/spells/{type}" },
      "rarity": { "base": "blocks/arcanus/arcanusblocksolid-celestial" },
      "pages": { "base": "items/grimoire/inner-pages" }
    },
    "*-aquaburst4": {
      "default": { "base": "default" },
      "cover": { "base": "items/grimoire/cover-generic" },
      "spelliconbg": { "base": "color-black" },
      "spellicon": { "base": "items/spells/{type}" },
      "rarity": { "base": "blocks/arcanus/arcanusblocksolid-celestial" },
      "pages": { "base": "items/grimoire/inner-pages" }
    },
    "*-aeroblast4": {
      "default": { "base": "default" },
      "cover": { "base": "items/grimoire/cover-generic" },
      "spelliconbg": { "base": "color-black" },
      "spellicon": { "base": "items/spells/{type}" },
      "rarity": { "base": "blocks/arcanus/arcanusblocksolid-celestial" },
      "pages": { "base": "items/grimoire/inner-pages" }
    },
    "*-stonefist4": {
      "default": { "base": "default" },
      "cover": { "base": "items/grimoire/cover-generic" },
      "spelliconbg": { "base": "color-black" },
      "spellicon": { "base": "items/spells/{type}" },
      "rarity": { "base": "blocks/arcanus/arcanusblocksolid-celestial" },
      "pages": { "base": "items/grimoire/inner-pages" }
    },
    "*-thunderbolt4": {
      "default": { "base": "default" },
      "cover": { "base": "items/grimoire/cover-generic" },
      "spelliconbg": { "base": "color-black" },
      "spellicon": { "base": "items/spells/{type}" },
      "rarity": { "base": "blocks/arcanus/arcanusblocksolid-celestial" },
      "pages": { "base": "items/grimoire/inner-pages" }
    },
    "*-coldsnap4": {
      "default": { "base": "default" },
      "cover": { "base": "items/grimoire/cover-generic" },
      "spelliconbg": { "base": "color-black" },
      "spellicon": { "base": "items/spells/{type}" },
      "rarity": { "base": "blocks/arcanus/arcanusblocksolid-celestial" },
      "pages": { "base": "items/grimoire/inner-pages" }
    },
    "*-wealdburst4": {
      "default": { "base": "default" },
      "cover": { "base": "items/grimoire/cover-generic" },
      "spelliconbg": { "base": "color-black" },
      "spellicon": { "base": "items/spells/{type}" },
      "rarity": { "base": "blocks/arcanus/arcanusblocksolid-celestial" },
      "pages": { "base": "items/grimoire/inner-pages" }
    },
    "*-etherbolt4": {
      "default": { "base": "default" },
      "cover": { "base": "items/grimoire/cover-generic" },
      "spelliconbg": { "base": "color-black" },
      "spellicon": { "base": "items/spells/{type}" },
      "rarity": { "base": "blocks/arcanus/arcanusblocksolid-celestial" },
      "pages": { "base": "items/grimoire/inner-pages" }
    },

    "*-rustriposte3": {
      "default": { "base": "default" },
      "cover": { "base": "items/grimoire/cover-generic" },
      "spelliconbg": { "base": "color-black" },
      "spellicon": { "base": "items/spells/{type}" },
      "rarity": { "base": "blocks/arcanus/arcanusblocksolid-celestial" },
      "pages": { "base": "items/grimoire/inner-pages" }
    },
    "*-fireriposte3": {
      "default": { "base": "default" },
      "cover": { "base": "items/grimoire/cover-generic" },
      "spelliconbg": { "base": "color-black" },
      "spellicon": { "base": "items/spells/{type}" },
      "rarity": { "base": "blocks/arcanus/arcanusblocksolid-celestial" },
      "pages": { "base": "items/grimoire/inner-pages" }
    },
    "*-waterriposte3": {
      "default": { "base": "default" },
      "cover": { "base": "items/grimoire/cover-generic" },
      "spelliconbg": { "base": "color-black" },
      "spellicon": { "base": "items/spells/{type}" },
      "rarity": { "base": "blocks/arcanus/arcanusblocksolid-celestial" },
      "pages": { "base": "items/grimoire/inner-pages" }
    },
    "*-windriposte3": {
      "default": { "base": "default" },
      "cover": { "base": "items/grimoire/cover-generic" },
      "spelliconbg": { "base": "color-black" },
      "spellicon": { "base": "items/spells/{type}" },
      "rarity": { "base": "blocks/arcanus/arcanusblocksolid-celestial" },
      "pages": { "base": "items/grimoire/inner-pages" }
    },
    "*-earthriposte3": {
      "default": { "base": "default" },
      "cover": { "base": "items/grimoire/cover-generic" },
      "spelliconbg": { "base": "color-black" },
      "spellicon": { "base": "items/spells/{type}" },
      "rarity": { "base": "blocks/arcanus/arcanusblocksolid-celestial" },
      "pages": { "base": "items/grimoire/inner-pages" }
    },
    "*-lightningriposte3": {
      "default": { "base": "default" },
      "cover": { "base": "items/grimoire/cover-generic" },
      "spelliconbg": { "base": "color-black" },
      "spellicon": { "base": "items/spells/{type}" },
      "rarity": { "base": "blocks/arcanus/arcanusblocksolid-celestial" },
      "pages": { "base": "items/grimoire/inner-pages" }
    },
    "*-frostriposte3": {
      "default": { "base": "default" },
      "cover": { "base": "items/grimoire/cover-generic" },
      "spelliconbg": { "base": "color-black" },
      "spellicon": { "base": "items/spells/{type}" },
      "rarity": { "base": "blocks/arcanus/arcanusblocksolid-celestial" },
      "pages": { "base": "items/grimoire/inner-pages" }
    },
    "*-natureriposte3": {
      "default": { "base": "default" },
      "cover": { "base": "items/grimoire/cover-generic" },
      "spelliconbg": { "base": "color-black" },
      "spellicon": { "base": "items/spells/{type}" },
      "rarity": { "base": "blocks/arcanus/arcanusblocksolid-celestial" },
      "pages": { "base": "items/grimoire/inner-pages" }
    },
    "*-arcaneriposte3": {
      "default": { "base": "default" },
      "cover": { "base": "items/grimoire/cover-generic" },
      "spelliconbg": { "base": "color-black" },
      "spellicon": { "base": "items/spells/{type}" },
      "rarity": { "base": "blocks/arcanus/arcanusblocksolid-celestial" },
      "pages": { "base": "items/grimoire/inner-pages" }
    },

    "*-rustnova2": {
      "default": { "base": "default" },
      "cover": { "base": "items/grimoire/cover-generic" },
      "spelliconbg": { "base": "color-black" },
      "spellicon": { "base": "items/spells/{type}" },
      "rarity": { "base": "blocks/arcanus/arcanusblocksolid-celestial" },
      "pages": { "base": "items/grimoire/inner-pages" }
    },
    "*-incinerate2": {
      "default": { "base": "default" },
      "cover": { "base": "items/grimoire/cover-generic" },
      "spelliconbg": { "base": "color-black" },
      "spellicon": { "base": "items/spells/{type}" },
      "rarity": { "base": "blocks/arcanus/arcanusblocksolid-celestial" },
      "pages": { "base": "items/grimoire/inner-pages" }
    },
    "*-tidalwave2": {
      "default": { "base": "default" },
      "cover": { "base": "items/grimoire/cover-generic" },
      "spelliconbg": { "base": "color-black" },
      "spellicon": { "base": "items/spells/{type}" },
      "rarity": { "base": "blocks/arcanus/arcanusblocksolid-celestial" },
      "pages": { "base": "items/grimoire/inner-pages" }
    },
    "*-whirlwind2": {
      "default": { "base": "default" },
      "cover": { "base": "items/grimoire/cover-generic" },
      "spelliconbg": { "base": "color-black" },
      "spellicon": { "base": "items/spells/{type}" },
      "rarity": { "base": "blocks/arcanus/arcanusblocksolid-celestial" },
      "pages": { "base": "items/grimoire/inner-pages" }
    },
    "*-rockslide2": {
      "default": { "base": "default" },
      "cover": { "base": "items/grimoire/cover-generic" },
      "spelliconbg": { "base": "color-black" },
      "spellicon": { "base": "items/spells/{type}" },
      "rarity": { "base": "blocks/arcanus/arcanusblocksolid-celestial" },
      "pages": { "base": "items/grimoire/inner-pages" }
    },
    "*-electrocute2": {
      "default": { "base": "default" },
      "cover": { "base": "items/grimoire/cover-generic" },
      "spelliconbg": { "base": "color-black" },
      "spellicon": { "base": "items/spells/{type}" },
      "rarity": { "base": "blocks/arcanus/arcanusblocksolid-celestial" },
      "pages": { "base": "items/grimoire/inner-pages" }
    },
    "*-icestrike2": {
      "default": { "base": "default" },
      "cover": { "base": "items/grimoire/cover-generic" },
      "spelliconbg": { "base": "color-black" },
      "spellicon": { "base": "items/spells/{type}" },
      "rarity": { "base": "blocks/arcanus/arcanusblocksolid-celestial" },
      "pages": { "base": "items/grimoire/inner-pages" }
    },
    "*-verdantsurge2": {
      "default": { "base": "default" },
      "cover": { "base": "items/grimoire/cover-generic" },
      "spelliconbg": { "base": "color-black" },
      "spellicon": { "base": "items/spells/{type}" },
      "rarity": { "base": "blocks/arcanus/arcanusblocksolid-celestial" },
      "pages": { "base": "items/grimoire/inner-pages" }
    },
    "*-arcaneexplosion2": {
      "default": { "base": "default" },
      "cover": { "base": "items/grimoire/cover-generic" },
      "spelliconbg": { "base": "color-black" },
      "spellicon": { "base": "items/spells/{type}" },
      "rarity": { "base": "blocks/arcanus/arcanusblocksolid-celestial" },
      "pages": { "base": "items/grimoire/inner-pages" }
    },
    "*-corpseexplosion2": {
      "default": { "base": "default" },
      "cover": { "base": "items/grimoire/cover-generic" },
      "spelliconbg": { "base": "color-black" },
      "spellicon": { "base": "items/spells/{type}" },
      "rarity": { "base": "blocks/arcanus/arcanusblocksolid-celestial" },
      "pages": { "base": "items/grimoire/inner-pages" }
    },

    "*-rustfield1": {
      "default": { "base": "default" },
      "cover": { "base": "items/grimoire/cover-generic" },
      "spelliconbg": { "base": "color-black" },
      "spellicon": { "base": "items/spells/{type}" },
      "rarity": { "base": "blocks/arcanus/arcanusblocksolid-celestial" },
      "pages": { "base": "items/grimoire/inner-pages" }
    },
    "*-inferno1": {
      "default": { "base": "default" },
      "cover": { "base": "items/grimoire/cover-generic" },
      "spelliconbg": { "base": "color-black" },
      "spellicon": { "base": "items/spells/{type}" },
      "rarity": { "base": "blocks/arcanus/arcanusblocksolid-celestial" },
      "pages": { "base": "items/grimoire/inner-pages" }
    },
    "*-torrent1": {
      "default": { "base": "default" },
      "cover": { "base": "items/grimoire/cover-generic" },
      "spelliconbg": { "base": "color-black" },
      "spellicon": { "base": "items/spells/{type}" },
      "rarity": { "base": "blocks/arcanus/arcanusblocksolid-celestial" },
      "pages": { "base": "items/grimoire/inner-pages" }
    },
    "*-cyclone1": {
      "default": { "base": "default" },
      "cover": { "base": "items/grimoire/cover-generic" },
      "spelliconbg": { "base": "color-black" },
      "spellicon": { "base": "items/spells/{type}" },
      "rarity": { "base": "blocks/arcanus/arcanusblocksolid-celestial" },
      "pages": { "base": "items/grimoire/inner-pages" }
    },
    "*-earthquake1": {
      "default": { "base": "default" },
      "cover": { "base": "items/grimoire/cover-generic" },
      "spelliconbg": { "base": "color-black" },
      "spellicon": { "base": "items/spells/{type}" },
      "rarity": { "base": "blocks/arcanus/arcanusblocksolid-celestial" },
      "pages": { "base": "items/grimoire/inner-pages" }
    },
    "*-staticshock1": {
      "default": { "base": "default" },
      "cover": { "base": "items/grimoire/cover-generic" },
      "spelliconbg": { "base": "color-black" },
      "spellicon": { "base": "items/spells/{type}" },
      "rarity": { "base": "blocks/arcanus/arcanusblocksolid-celestial" },
      "pages": { "base": "items/grimoire/inner-pages" }
    },
    "*-frostbite1": {
      "default": { "base": "default" },
      "cover": { "base": "items/grimoire/cover-generic" },
      "spelliconbg": { "base": "color-black" },
      "spellicon": { "base": "items/spells/{type}" },
      "rarity": { "base": "blocks/arcanus/arcanusblocksolid-celestial" },
      "pages": { "base": "items/grimoire/inner-pages" }
    },
    "*-sylvanwrath1": {
      "default": { "base": "default" },
      "cover": { "base": "items/grimoire/cover-generic" },
      "spelliconbg": { "base": "color-black" },
      "spellicon": { "base": "items/spells/{type}" },
      "rarity": { "base": "blocks/arcanus/arcanusblocksolid-celestial" },
      "pages": { "base": "items/grimoire/inner-pages" }
    },
    "*-arcanesurge1": {
      "default": { "base": "default" },
      "cover": { "base": "items/grimoire/cover-generic" },
      "spelliconbg": { "base": "color-black" },
      "spellicon": { "base": "items/spells/{type}" },
      "rarity": { "base": "blocks/arcanus/arcanusblocksolid-celestial" },
      "pages": { "base": "items/grimoire/inner-pages" }
    },



    "*-plunder4": {
      "default": { "base": "default" },
      "cover": { "base": "items/grimoire/cover-generic" },
      "spelliconbg": { "base": "color-black" },
      "spellicon": { "base": "items/spells/{type}" },
      "rarity": { "base": "blocks/arcanus/arcanusblocksolid-celestial" },
      "pages": { "base": "items/grimoire/inner-pages" }
    },
    "*-silentsteps4": {
      "default": { "base": "default" },
      "cover": { "base": "items/grimoire/cover-generic" },
      "spelliconbg": { "base": "color-black" },
      "spellicon": { "base": "items/spells/{type}" },
      "rarity": { "base": "blocks/arcanus/arcanusblocksolid-celestial" },
      "pages": { "base": "items/grimoire/inner-pages" }
    },
    "*-agility4": {
      "default": { "base": "default" },
      "cover": { "base": "items/grimoire/cover-generic" },
      "spelliconbg": { "base": "color-black" },
      "spellicon": { "base": "items/spells/{type}" },
      "rarity": { "base": "blocks/arcanus/arcanusblocksolid-celestial" },
      "pages": { "base": "items/grimoire/inner-pages" }
    },
    "*-excavation3": {
      "default": { "base": "default" },
      "cover": { "base": "items/grimoire/cover-generic" },
      "spelliconbg": { "base": "color-black" },
      "spellicon": { "base": "items/spells/{type}" },
      "rarity": { "base": "blocks/arcanus/arcanusblocksolid-celestial" },
      "pages": { "base": "items/grimoire/inner-pages" }
    },
    "*-nourishingaura3": {
      "default": { "base": "default" },
      "cover": { "base": "items/grimoire/cover-generic" },
      "spelliconbg": { "base": "color-black" },
      "spellicon": { "base": "items/spells/{type}" },
      "rarity": { "base": "blocks/arcanus/arcanusblocksolid-celestial" },
      "pages": { "base": "items/grimoire/inner-pages" }
    },
    "*-rapidshot3": {
      "default": { "base": "default" },
      "cover": { "base": "items/grimoire/cover-generic" },
      "spelliconbg": { "base": "color-black" },
      "spellicon": { "base": "items/spells/{type}" },
      "rarity": { "base": "blocks/arcanus/arcanusblocksolid-celestial" },
      "pages": { "base": "items/grimoire/inner-pages" }
    },
    "*-strengthen3": {
      "default": { "base": "default" },
      "cover": { "base": "items/grimoire/cover-generic" },
      "spelliconbg": { "base": "color-black" },
      "spellicon": { "base": "items/spells/{type}" },
      "rarity": { "base": "blocks/arcanus/arcanusblocksolid-celestial" },
      "pages": { "base": "items/grimoire/inner-pages" }
    },
    "*-swiftness3": {
      "default": { "base": "default" },
      "cover": { "base": "items/grimoire/cover-generic" },
      "spelliconbg": { "base": "color-black" },
      "spellicon": { "base": "items/spells/{type}" },
      "rarity": { "base": "blocks/arcanus/arcanusblocksolid-celestial" },
      "pages": { "base": "items/grimoire/inner-pages" }
    },
    "*-tinkerer3": {
      "default": { "base": "default" },
      "cover": { "base": "items/grimoire/cover-generic" },
      "spelliconbg": { "base": "color-black" },
      "spellicon": { "base": "items/spells/{type}" },
      "rarity": { "base": "blocks/arcanus/arcanusblocksolid-celestial" },
      "pages": { "base": "items/grimoire/inner-pages" }
    },
    "*-flashheal3": {
      "default": { "base": "default" },
      "cover": { "base": "items/grimoire/cover-generic" },
      "spelliconbg": { "base": "color-black" },
      "spellicon": { "base": "items/spells/{type}" },
      "rarity": { "base": "blocks/arcanus/arcanusblocksolid-celestial" },
      "pages": { "base": "items/grimoire/inner-pages" }
    },
    "*-butcher2": {
      "default": { "base": "default" },
      "cover": { "base": "items/grimoire/cover-generic" },
      "spelliconbg": { "base": "color-black" },
      "spellicon": { "base": "items/spells/{type}" },
      "rarity": { "base": "blocks/arcanus/arcanusblocksolid-celestial" },
      "pages": { "base": "items/grimoire/inner-pages" }
    },
    "*-velocity2": {
      "default": { "base": "default" },
      "cover": { "base": "items/grimoire/cover-generic" },
      "spelliconbg": { "base": "color-black" },
      "spellicon": { "base": "items/spells/{type}" },
      "rarity": { "base": "blocks/arcanus/arcanusblocksolid-celestial" },
      "pages": { "base": "items/grimoire/inner-pages" }
    },
    "*-regeneration2": {
      "default": { "base": "default" },
      "cover": { "base": "items/grimoire/cover-generic" },
      "spelliconbg": { "base": "color-black" },
      "spellicon": { "base": "items/spells/{type}" },
      "rarity": { "base": "blocks/arcanus/arcanusblocksolid-celestial" },
      "pages": { "base": "items/grimoire/inner-pages" }
    },
    "*-prosperity": {
      "default": { "base": "default" },
      "cover": { "base": "items/grimoire/cover-generic" },
      "spelliconbg": { "base": "color-black" },
      "spellicon": { "base": "items/spells/{type}" },
      "rarity": { "base": "blocks/arcanus/arcanusblocksolid-celestial" },
      "pages": { "base": "items/grimoire/inner-pages" }
    },
    "*-revive": {
      "default": { "base": "default" },
      "cover": { "base": "items/grimoire/cover-generic" },
      "spelliconbg": { "base": "color-black" },
      "spellicon": { "base": "items/spells/{type}" },
      "rarity": { "base": "blocks/arcanus/arcanusblocksolid-celestial" },
      "pages": { "base": "items/grimoire/inner-pages" }
    },
    "*-radiantlight1": {
      "default": { "base": "default" },
      "cover": { "base": "items/grimoire/cover-generic" },
      "spelliconbg": { "base": "color-black" },
      "spellicon": { "base": "items/spells/{type}" },
      "rarity": { "base": "blocks/arcanus/arcanusblocksolid-celestial" },
      "pages": { "base": "items/grimoire/inner-pages" }
    },



    "*-equilibrium4": {
      "default": { "base": "default" },
      "cover": { "base": "items/grimoire/cover-generic" },
      "spelliconbg": { "base": "color-black" },
      "spellicon": { "base": "items/spells/{type}" },
      "rarity": { "base": "blocks/arcanus/arcanusblocksolid-celestial" },
      "pages": { "base": "items/grimoire/inner-pages" }
    },
    "*-befriendanimal4": {
      "default": { "base": "default" },
      "cover": { "base": "items/grimoire/cover-generic" },
      "spelliconbg": { "base": "color-black" },
      "spellicon": { "base": "items/spells/{type}" },
      "rarity": { "base": "blocks/arcanus/arcanusblocksolid-celestial" },
      "pages": { "base": "items/grimoire/inner-pages" }
    },
    "*-hydratefarmland4": {
      "default": { "base": "default" },
      "cover": { "base": "items/grimoire/cover-generic" },
      "spelliconbg": { "base": "color-black" },
      "spellicon": { "base": "items/spells/{type}" },
      "rarity": { "base": "blocks/arcanus/arcanusblocksolid-celestial" },
      "pages": { "base": "items/grimoire/inner-pages" }
    },
    "*-fertilize4": {
      "default": { "base": "default" },
      "cover": { "base": "items/grimoire/cover-generic" },
      "spelliconbg": { "base": "color-black" },
      "spellicon": { "base": "items/spells/{type}" },
      "rarity": { "base": "blocks/arcanus/arcanusblocksolid-celestial" },
      "pages": { "base": "items/grimoire/inner-pages" }
    },
    "*-resistelements3": {
      "default": { "base": "default" },
      "cover": { "base": "items/grimoire/cover-generic" },
      "spelliconbg": { "base": "color-black" },
      "spellicon": { "base": "items/spells/{type}" },
      "rarity": { "base": "blocks/arcanus/arcanusblocksolid-celestial" },
      "pages": { "base": "items/grimoire/inner-pages" }
    },
    "*-resistfire3": {
      "default": { "base": "default" },
      "cover": { "base": "items/grimoire/cover-generic" },
      "spelliconbg": { "base": "color-black" },
      "spellicon": { "base": "items/spells/{type}" },
      "rarity": { "base": "blocks/arcanus/arcanusblocksolid-celestial" },
      "pages": { "base": "items/grimoire/inner-pages" }
    },
    "*-resistwater3": {
      "default": { "base": "default" },
      "cover": { "base": "items/grimoire/cover-generic" },
      "spelliconbg": { "base": "color-black" },
      "spellicon": { "base": "items/spells/{type}" },
      "rarity": { "base": "blocks/arcanus/arcanusblocksolid-celestial" },
      "pages": { "base": "items/grimoire/inner-pages" }
    },
    "*-resistwind3": {
      "default": { "base": "default" },
      "cover": { "base": "items/grimoire/cover-generic" },
      "spelliconbg": { "base": "color-black" },
      "spellicon": { "base": "items/spells/{type}" },
      "rarity": { "base": "blocks/arcanus/arcanusblocksolid-celestial" },
      "pages": { "base": "items/grimoire/inner-pages" }
    },
    "*-resistearth3": {
      "default": { "base": "default" },
      "cover": { "base": "items/grimoire/cover-generic" },
      "spelliconbg": { "base": "color-black" },
      "spellicon": { "base": "items/spells/{type}" },
      "rarity": { "base": "blocks/arcanus/arcanusblocksolid-celestial" },
      "pages": { "base": "items/grimoire/inner-pages" }
    },
    "*-resistlightning3": {
      "default": { "base": "default" },
      "cover": { "base": "items/grimoire/cover-generic" },
      "spelliconbg": { "base": "color-black" },
      "spellicon": { "base": "items/spells/{type}" },
      "rarity": { "base": "blocks/arcanus/arcanusblocksolid-celestial" },
      "pages": { "base": "items/grimoire/inner-pages" }
    },
    "*-resistfrost3": {
      "default": { "base": "default" },
      "cover": { "base": "items/grimoire/cover-generic" },
      "spelliconbg": { "base": "color-black" },
      "spellicon": { "base": "items/spells/{type}" },
      "rarity": { "base": "blocks/arcanus/arcanusblocksolid-celestial" },
      "pages": { "base": "items/grimoire/inner-pages" }
    },
    "*-resistnature3": {
      "default": { "base": "default" },
      "cover": { "base": "items/grimoire/cover-generic" },
      "spelliconbg": { "base": "color-black" },
      "spellicon": { "base": "items/spells/{type}" },
      "rarity": { "base": "blocks/arcanus/arcanusblocksolid-celestial" },
      "pages": { "base": "items/grimoire/inner-pages" }
    },
    "*-resistarcane3": {
      "default": { "base": "default" },
      "cover": { "base": "items/grimoire/cover-generic" },
      "spelliconbg": { "base": "color-black" },
      "spellicon": { "base": "items/spells/{type}" },
      "rarity": { "base": "blocks/arcanus/arcanusblocksolid-celestial" },
      "pages": { "base": "items/grimoire/inner-pages" }
    },
    "*-beastsense": {
      "default": { "base": "default" },
      "cover": { "base": "items/grimoire/cover-generic" },
      "spelliconbg": { "base": "color-black" },
      "spellicon": { "base": "items/spells/{type}" },
      "rarity": { "base": "blocks/arcanus/arcanusblocksolid-celestial" },
      "pages": { "base": "items/grimoire/inner-pages" }
    },
    "*-polymorph": {
      "default": { "base": "default" },
      "cover": { "base": "items/grimoire/cover-generic" },
      "spelliconbg": { "base": "color-black" },
      "spellicon": { "base": "items/spells/{type}" },
      "rarity": { "base": "blocks/arcanus/arcanusblocksolid-celestial" },
      "pages": { "base": "items/grimoire/inner-pages" }
    },
    "*-preservation": {
      "default": { "base": "default" },
      "cover": { "base": "items/grimoire/cover-generic" },
      "spelliconbg": { "base": "color-black" },
      "spellicon": { "base": "items/spells/{type}" },
      "rarity": { "base": "blocks/arcanus/arcanusblocksolid-celestial" },
      "pages": { "base": "items/grimoire/inner-pages" }
    },
    "*-fly": {
      "default": { "base": "default" },
      "cover": { "base": "items/grimoire/cover-generic" },
      "spelliconbg": { "base": "color-black" },
      "spellicon": { "base": "items/spells/{type}" },
      "rarity": { "base": "blocks/arcanus/arcanusblocksolid-celestial" },
      "pages": { "base": "items/grimoire/inner-pages" }
    },



    "*-summonlight4": {
      "default": { "base": "default" },
      "cover": { "base": "items/grimoire/cover-generic" },
      "spelliconbg": { "base": "color-black" },
      "spellicon": { "base": "items/spells/{type}" },
      "rarity": { "base": "blocks/arcanus/arcanusblocksolid-celestial" },
      "pages": { "base": "items/grimoire/inner-pages" }
    },
    "*-kindle3": {
      "default": { "base": "default" },
      "cover": { "base": "items/grimoire/cover-generic" },
      "spelliconbg": { "base": "color-black" },
      "spellicon": { "base": "items/spells/{type}" },
      "rarity": { "base": "blocks/arcanus/arcanusblocksolid-celestial" },
      "pages": { "base": "items/grimoire/inner-pages" }
    },
    "*-surfaceascent3": {
      "default": { "base": "default" },
      "cover": { "base": "items/grimoire/cover-generic" },
      "spelliconbg": { "base": "color-black" },
      "spellicon": { "base": "items/spells/{type}" },
      "rarity": { "base": "blocks/arcanus/arcanusblocksolid-celestial" },
      "pages": { "base": "items/grimoire/inner-pages" }
    },
    "*-duplicate": {
      "default": { "base": "default" },
      "cover": { "base": "items/grimoire/cover-generic" },
      "spelliconbg": { "base": "color-black" },
      "spellicon": { "base": "items/spells/{type}" },
      "rarity": { "base": "blocks/arcanus/arcanusblocksolid-celestial" },
      "pages": { "base": "items/grimoire/inner-pages" }
    },
    "*-blink": {
      "default": { "base": "default" },
      "cover": { "base": "items/grimoire/cover-generic" },
      "spelliconbg": { "base": "color-black" },
      "spellicon": { "base": "items/spells/{type}" },
      "rarity": { "base": "blocks/arcanus/arcanusblocksolid-celestial" },
      "pages": { "base": "items/grimoire/inner-pages" }
    },
    "*-riftwalker": {
      "default": { "base": "default" },
      "cover": { "base": "items/grimoire/cover-generic" },
      "spelliconbg": { "base": "color-black" },
      "spellicon": { "base": "items/spells/{type}" },
      "rarity": { "base": "blocks/arcanus/arcanusblocksolid-celestial" },
      "pages": { "base": "items/grimoire/inner-pages" }
    },
    "*-summonportal": {
      "default": { "base": "default" },
      "cover": { "base": "items/grimoire/cover-generic" },
      "spelliconbg": { "base": "color-black" },
      "spellicon": { "base": "items/spells/{type}" },
      "rarity": { "base": "blocks/arcanus/arcanusblocksolid-celestial" },
      "pages": { "base": "items/grimoire/inner-pages" }
    },
    "*-summonvoidvault": {
      "default": { "base": "default" },
      "cover": { "base": "items/grimoire/cover-generic" },
      "spelliconbg": { "base": "color-black" },
      "spellicon": { "base": "items/spells/{type}" },
      "rarity": { "base": "blocks/arcanus/arcanusblocksolid-celestial" },
      "pages": { "base": "items/grimoire/inner-pages" }
    },

    //--------//--------//--------//--------//

    "*": {
      "default": { "base": "default" },
      "cover": { "base": "items/grimoire/cover-generic" },
      "spelliconbg": { "base": "color-black" },
      "spellicon": { "base": "items/spells/{type}" },
      "rarity": { "base": "blocks/arcanus/arcanusblocksolid-lesser" },
      "pages": { "base": "items/grimoire/inner-pages" }
    }
  },

  "durabilitybytype": {
    "*": 100
  },

  "guiTransform": {
    "translation": {
      "x": 0,
      "y": 0,
      "z": 0
    },
    "rotation": {
      "x": -180,
      "y": 123,
      "z": 33
    },
    "origin": {
      "x": 0.48,
      "y": 0.21,
      "z": 0.5
    },
    "scaleXyz": {
      "x": -3.23,
      "y": 3.23,
      "z": 3.23
    }
  },
  "fpHandTransform": {
    "translation": {
      "x": 0,
      "y": 0.2,
      "z": 0
    },
    "rotation": {
      "x": -14,
      "y": -152,
      "z": 28
    },
    "origin": {
      "x": 0.5,
      "y": 0.1,
      "z": 0.5
    },
    "scale": 2.07
  },
  "tpHandTransform": {
    "translation": {
      "x": -0.79,
      "y": -0.36,
      "z": -0.73
    },
    "rotation": {
      "x": 0,
      "y": -84,
      "z": 7
    },
    "origin": {
      "x": 0.5,
      "y": 0.1,
      "z": 0.5
    },
    "scale": 0.67
  },
  "groundTransform": {
    "translation": {
      "x": 0,
      "y": 0,
      "z": 0
    },
    "rotation": {
      "x": 0,
      "y": 0,
      "z": 90
    },
    "origin": {
      "x": 0.41,
      "y": 0,
      "z": 0.5
    },
    "scale": 3.4
  }


}
