﻿[
  {
    "file": "game:entities/humanoid/player",
    "op": "add",
    "path": "/client/animations/-",
    "value": {"code": "crossbowskeyframes", "animation": "crossbowskeyframes", "animationSpeed": 1, "blendMode": "Add"}
  },
  {
    "file": "game:shapes/entity/humanoid/seraph-faceless",
    "op": "add",
    "path": "/animations/-",
    "value": {
      "name": "crossbowskeyframes",
      "code": "crossbowskeyframes",
      "easeInSpeed": 1,
      "easeOutSpeed": 1,
      "quantityframes": 9,
      "onActivityStopped": "EaseOut",
      "onAnimationEnd": "Hold",
      "keyframes": [
        {
          "frame": 0,
          "elements": {
            "UpperTorso": {"rotationX": 0, "rotationY": 0, "rotationZ": 0},
            "UpperArmR": {"rotationX": 0, "rotationY": 0, "rotationZ": 0, "offsetX": 0, "offsetY": 0, "offsetZ": 0},
            "LowerArmR": {"rotationX": 0, "rotationY": 0, "rotationZ": 0},
            "ItemAnchor": {"rotationX": 0, "rotationY": 0, "rotationZ": 0, "offsetX": 0, "offsetY": 0, "offsetZ": 0},
            "UpperArmL": {"rotationX": 0, "rotationY": 0, "rotationZ": 0, "offsetX": 0, "offsetY": 0, "offsetZ": 0},
            "LowerArmL": {"rotationX": 0, "rotationY": 0, "rotationZ": 0},
            "Neck": {"rotationX": 0, "rotationY": 0, "rotationZ": 0}
          }
        },
        {
          "frame": 1,
          "elements": {
            "UpperTorso": {"rotationX": 0, "rotationY": -20, "rotationZ": 10},
            "UpperArmR": {"rotationX": 0, "rotationY": -8, "rotationZ": -84, "offsetX": 0, "offsetY": 0, "offsetZ": 0},
            "LowerArmR": {"rotationX": -70, "rotationY": 0, "rotationZ": -15},
            "ItemAnchor": {"rotationX": 48, "rotationY": 13, "rotationZ": 84, "offsetX": -0.53, "offsetY": 1.06, "offsetZ": 0.45},
            "UpperArmL": {"rotationX": 0, "rotationY": 10, "rotationZ": -95, "offsetX": 0.8, "offsetY": -1, "offsetZ": 0},
            "LowerArmL": {"rotationX": 0, "rotationY": 0, "rotationZ": 0},
            "Neck": {"rotationX": 0, "rotationY": 20, "rotationZ": -10}
          }
        },
        {
          "frame": 2,
          "elements": {
            "UpperTorso": {"rotationX": 0, "rotationY": 0, "rotationZ": 0},
            "UpperArmR": {"rotationX": 20, "rotationY": -30, "rotationZ": -43, "offsetX": 0, "offsetY": 0, "offsetZ": 0},
            "LowerArmR": {"rotationX": -78, "rotationY": 0, "rotationZ": 0},
            "ItemAnchor": {"rotationX": 42, "rotationY": 12, "rotationZ": 17, "offsetX": -3, "offsetY": 1, "offsetZ": 1},
            "UpperArmL": {"rotationX": 6, "rotationY": 2, "rotationZ": -85, "offsetX": 0, "offsetY": 0, "offsetZ": 0},
            "LowerArmL": {"rotationX": 13, "rotationY": 0, "rotationZ": 0},
            "Neck": {"rotationX": 0, "rotationY": 0, "rotationZ": 0}
          }
        },
        {
          "frame": 3,
          "elements": {
            "UpperTorso": {"rotationX": 0, "rotationY": 0, "rotationZ": 30},
            "UpperArmR": {"rotationX": 0, "rotationY": 0, "rotationZ": -43, "offsetX": 0, "offsetY": 0, "offsetZ": 0},
            "LowerArmR": {"rotationX": -12, "rotationY": 0, "rotationZ": 0},
            "ItemAnchor": {"rotationX": 12, "rotationY": 0, "rotationZ": 97, "offsetX": 2.09, "offsetY": 1.26, "offsetZ": 0.02},
            "UpperArmL": {"rotationX": 28, "rotationY": 0, "rotationZ": -43, "offsetX": 0, "offsetY": 0, "offsetZ": 0},
            "LowerArmL": {"rotationX": 0, "rotationY": 0, "rotationZ": 0},
            "Neck": {"rotationX": 0, "rotationY": 0, "rotationZ": 0}
          }
        },
        {
          "frame": 4,
          "elements": {
            "UpperTorso": {"rotationX": 0, "rotationY": 0, "rotationZ": 0},
            "UpperArmR": {"rotationX": 0, "rotationY": -29, "rotationZ": -29, "offsetX": 0, "offsetY": 0, "offsetZ": 0},
            "LowerArmR": {"rotationX": -63, "rotationY": 41, "rotationZ": 0},
            "ItemAnchor": {"rotationX": -16, "rotationY": 7, "rotationZ": 92, "offsetX": 0.81, "offsetY": 1, "offsetZ": 0.56},
            "UpperArmL": {"rotationX": 0, "rotationY": 0, "rotationZ": -13, "offsetX": 0, "offsetY": 0, "offsetZ": 0},
            "LowerArmL": {"rotationX": 0, "rotationY": 0, "rotationZ": -51},
            "Neck": {"rotationX": 0, "rotationY": 0, "rotationZ": 0}
          }
        },
        {
          "frame": 5,
          "elements": {
            "UpperTorso": {"rotationX": 0, "rotationY": -20, "rotationZ": 0},
            "UpperArmR": {"rotationX": 0, "rotationY": -42, "rotationZ": -49, "offsetX": 0, "offsetY": 0, "offsetZ": 0},
            "LowerArmR": {"rotationX": -98, "rotationY": 0, "rotationZ": 0},
            "ItemAnchor": {"rotationX": 29, "rotationY": 40, "rotationZ": 70, "offsetX": 0, "offsetY": 0, "offsetZ": 0},
            "UpperArmL": {"rotationX": 0, "rotationY": 18, "rotationZ": -64, "offsetX": 0, "offsetY": 0, "offsetZ": 0},
            "LowerArmL": {"rotationX": 32, "rotationY": 0, "rotationZ": -16},
            "Neck": {"rotationX": 0, "rotationY": 20, "rotationZ": 0}
          }
        },
        {
          "frame": 6,
          "elements": {
            "UpperTorso": {"rotationX": 0, "rotationY": 0, "rotationZ": 30},
            "UpperArmR": {"rotationX": 0, "rotationY": 0, "rotationZ": -43, "offsetX": 0, "offsetY": 0, "offsetZ": 0},
            "LowerArmR": {"rotationX": -12, "rotationY": 0, "rotationZ": 0},
            "ItemAnchor": {"rotationX": 12, "rotationY": 0, "rotationZ": 97, "offsetX": 2.09, "offsetY": 1.26, "offsetZ": 0.02},
            "UpperArmL": {"rotationX": 28, "rotationY": 0, "rotationZ": -43, "offsetX": 0, "offsetY": 0, "offsetZ": 0},
            "LowerArmL": {"rotationX": 0, "rotationY": 0, "rotationZ": 0},
            "Neck": {"rotationX": 0, "rotationY": 0, "rotationZ": 0}
          }
        },
        {
          "frame": 8,
          "elements": {
            "UpperTorso": {"rotationX": 0, "rotationY": -20, "rotationZ": 10},
            "UpperArmR": {"rotationX": 0, "rotationY": -8, "rotationZ": -84, "offsetX": 0, "offsetY": 0, "offsetZ": 0},
            "LowerArmR": {"rotationX": -70, "rotationY": 0, "rotationZ": -15},
            "ItemAnchor": {"rotationX": 48, "rotationY": 13, "rotationZ": 84, "offsetX": -0.53, "offsetY": 1.06, "offsetZ": 0.45},
            "UpperArmL": {"rotationX": 0, "rotationY": 10, "rotationZ": -95, "offsetX": 0.8, "offsetY": -1, "offsetZ": 0},
            "LowerArmL": {"rotationX": 0, "rotationY": 0, "rotationZ": 0},
            "Neck": {"rotationX": 0, "rotationY": 20, "rotationZ": -10}
          }
        }
      ]
    }
  },
  {
    "file": "game:entities/humanoid/player",
    "op": "add",
    "path": "/client/animations/-",
    "value": {"code": "crossbowskeyframes-fp", "animation": "crossbowskeyframes-fp", "animationSpeed": 1, "blendMode": "Add"}
  },
  {
    "file": "game:shapes/entity/humanoid/seraph-faceless",
    "op": "add",
    "path": "/animations/-",
    "value": {
      "name": "crossbowskeyframes-fp",
      "code": "crossbowskeyframes-fp",
      "easeInSpeed": 1,
      "easeOutSpeed": 1,
      "quantityframes": 9,
      "onActivityStopped": "EaseOut",
      "onAnimationEnd": "Hold",
      "keyframes": [
        {
          "frame": 0,
          "elements": {
            "UpperArmR": {"rotationX": 0, "rotationY": 0, "rotationZ": 0, "offsetX": 0, "offsetY": 0, "offsetZ": 0},
            "LowerArmR": {"rotationX": 0, "rotationY": 0, "rotationZ": 0},
            "ItemAnchor": {"rotationX": 0, "rotationY": 0, "rotationZ": 0, "offsetX": 0, "offsetY": 0, "offsetZ": 0},
            "UpperArmL": {"rotationX": 0, "rotationY": 0, "rotationZ": 0, "offsetX": 0, "offsetY": 0, "offsetZ": 0},
            "LowerArmL": {"rotationX": 0, "rotationY": 0, "rotationZ": 0}
          }
        },
        {
          "frame": 1,
          "elements": {
            "UpperArmR": {"rotationX": 0, "rotationY": 0, "rotationZ": -58, "offsetX": 1.59, "offsetY": 2.49, "offsetZ": -3.02},
            "LowerArmR": {"rotationX": -23, "rotationY": 11, "rotationZ": -46},
            "ItemAnchor": {"rotationX": 32, "rotationY": 9, "rotationZ": 105, "offsetX": -1.54, "offsetY": 0.86, "offsetZ": 0.24},
            "UpperArmL": {"rotationX": 0, "rotationY": -26, "rotationZ": -98, "offsetX": 2, "offsetY": -1, "offsetZ": 1.01},
            "LowerArmL": {"rotationX": 0, "rotationY": 0, "rotationZ": 0}
          }
        },
        {
          "frame": 2,
          "elements": {
            "UpperArmR": {"rotationX": 20, "rotationY": -30, "rotationZ": -43, "offsetX": 0, "offsetY": 0, "offsetZ": 0},
            "LowerArmR": {"rotationX": -78, "rotationY": 0, "rotationZ": 0},
            "ItemAnchor": {"rotationX": 22, "rotationY": 23, "rotationZ": 31, "offsetX": -3, "offsetY": 1, "offsetZ": 0.36},
            "UpperArmL": {"rotationX": 6, "rotationY": 2, "rotationZ": -85, "offsetX": 2.78, "offsetY": 0, "offsetZ": 1},
            "LowerArmL": {"rotationX": 37, "rotationY": 0, "rotationZ": 0}
          }
        },
        {
          "frame": 3,
          "elements": {
            "UpperArmR": {"rotationX": 0, "rotationY": 0, "rotationZ": -26, "offsetX": 1.26, "offsetY": 1.26, "offsetZ": -0.55},
            "LowerArmR": {"rotationX": -23, "rotationY": 10, "rotationZ": -29},
            "ItemAnchor": {"rotationX": 25, "rotationY": 1, "rotationZ": 136, "offsetX": -6.62, "offsetY": 2.26, "offsetZ": 0.49},
            "UpperArmL": {"rotationX": 0, "rotationY": -21, "rotationZ": -1, "offsetX": 3.31, "offsetY": 0, "offsetZ": 1},
            "LowerArmL": {"rotationX": 0, "rotationY": 0, "rotationZ": 0}
          }
        },
        {
          "frame": 4,
          "elements": {
            "UpperArmR": {"rotationX": 0, "rotationY": -31, "rotationZ": -57, "offsetX": 0, "offsetY": 0, "offsetZ": -2},
            "LowerArmR": {"rotationX": -63, "rotationY": 41, "rotationZ": 0},
            "ItemAnchor": {"rotationX": -17, "rotationY": -9, "rotationZ": 94, "offsetX": 0.81, "offsetY": 1.25, "offsetZ": -0.07},
            "UpperArmL": {"rotationX": 11, "rotationY": 0, "rotationZ": -57, "offsetX": 1.07, "offsetY": 0, "offsetZ": 1},
            "LowerArmL": {"rotationX": 17, "rotationY": 0, "rotationZ": -14}
          }
        },
        {
          "frame": 5,
          "elements": {
            "UpperArmR": {"rotationX": 0, "rotationY": -42, "rotationZ": -43, "offsetX": -1, "offsetY": 0, "offsetZ": -1},
            "LowerArmR": {"rotationX": -78, "rotationY": 0, "rotationZ": 0},
            "ItemAnchor": {"rotationX": 23, "rotationY": 40, "rotationZ": 61, "offsetX": 1, "offsetY": 3, "offsetZ": 1},
            "UpperArmL": {"rotationX": 0, "rotationY": 4, "rotationZ": -73, "offsetX": 0, "offsetY": -1.66, "offsetZ": 1.9},
            "LowerArmL": {"rotationX": 60, "rotationY": -19, "rotationZ": -16}
          }
        },
        {
          "frame": 6,
          "elements": {
            "UpperArmR": {"rotationX": -7, "rotationY": 10, "rotationZ": -39, "offsetX": 2, "offsetY": 2.99, "offsetZ": -1.45},
            "LowerArmR": {"rotationX": 0, "rotationY": 0, "rotationZ": -1},
            "ItemAnchor": {"rotationX": 15, "rotationY": -8, "rotationZ": 102, "offsetX": -1.55, "offsetY": 0.68, "offsetZ": 1.44},
            "UpperArmL": {"rotationX": 0, "rotationY": -21, "rotationZ": -1, "offsetX": 3.31, "offsetY": 0, "offsetZ": 1},
            "LowerArmL": {"rotationX": 0, "rotationY": 0, "rotationZ": 0}
          }
        },
        {
          "frame": 7,
          "elements": {
            "UpperArmR": {"rotationX": -7, "rotationY": 10, "rotationZ": -9, "offsetX": -0.02, "offsetY": 2, "offsetZ": -3},
            "LowerArmR": {"rotationX": -40, "rotationY": 0, "rotationZ": 0},
            "ItemAnchor": {"rotationX": 47, "rotationY": -5, "rotationZ": 70, "offsetX": -2, "offsetY": 2.99, "offsetZ": 1.19},
            "UpperArmL": {"rotationX": 7, "rotationY": 0, "rotationZ": -15, "offsetX": 0, "offsetY": 0, "offsetZ": 3.65},
            "LowerArmL": {"rotationX": 7, "rotationY": 0, "rotationZ": 3}
          }
        },
        {
          "frame": 8,
          "elements": {
            "UpperArmR": {"rotationX": 0, "rotationY": -9, "rotationZ": -55, "offsetX": 2.99, "offsetY": -1, "offsetZ": -4},
            "LowerArmR": {"rotationX": -23, "rotationY": 11, "rotationZ": -46},
            "ItemAnchor": {"rotationX": 24, "rotationY": 8, "rotationZ": 105, "offsetX": -2.59, "offsetY": 1.15, "offsetZ": -0.13},
            "UpperArmL": {"rotationX": 0, "rotationY": -41, "rotationZ": -95, "offsetX": 3.73, "offsetY": -0.99, "offsetZ": 1},
            "LowerArmL": {"rotationX": 0, "rotationY": 0, "rotationZ": 0}
          }
        }
      ]
    }
  },
  {"file": "game:entities/humanoid/player", "op": "add", "path": "/client/animations/-", "value": {"code": "crossbowsempty", "animation": "crossbowsempty", "animationSpeed": 1, "blendMode": "Add"}},
  {
    "file": "game:shapes/entity/humanoid/seraph-faceless",
    "op": "add",
    "path": "/animations/-",
    "value": {
      "name": "FirearmsEmpty",
      "code": "crossbowsempty",
      "easeInSpeed": 1,
      "easeOutSpeed": 1,
      "quantityframes": 1,
      "onActivityStopped": "EaseOut",
      "onAnimationEnd": "Hold",
      "keyframes": [{"frame": 0, "elements": {}}]
    }
  },
  {
    "file": "game:entities/humanoid/player",
    "op": "add",
    "path": "/client/animations/-",
    "value": {"code": "crossbowsempty-fp", "animation": "crossbowsempty-fp", "animationSpeed": 16, "blendMode": "Average"}
  },
  {
    "file": "game:shapes/entity/humanoid/seraph-faceless",
    "op": "add",
    "path": "/animations/-",
    "value": {
      "name": "FirearmsEmpty-fp",
      "code": "crossbowsempty-fp",
      "easeInSpeed": 1,
      "easeOutSpeed": 1,
      "quantityframes": 1,
      "onActivityStopped": "EaseOut",
      "onAnimationEnd": "Hold",
      "keyframes": [
        {
          "frame": 0,
          "elements": {
            "UpperArmL": {"offsetX": 0, "offsetY": 0, "offsetZ": 0, "rotationX": 0, "rotationY": 0, "rotationZ": 0},
            "LowerArmL": {"offsetX": 0, "offsetY": 0, "offsetZ": 0, "rotationX": 0, "rotationY": 0, "rotationZ": 0},
            "UpperArmR": {"offsetX": 0, "offsetY": 0, "offsetZ": 0, "rotationX": 0, "rotationY": 0, "rotationZ": 0},
            "LowerArmR": {"offsetX": 0, "offsetY": 0, "offsetZ": 0, "rotationX": 0, "rotationY": 0, "rotationZ": 0}
          }
        }
      ]
    }
  }
]