[
{
	"ingredientPattern": "HA,RL,_L",
	"ingredients": 
	{
		"H": { 
			"type": "item",
			"code": "game:hammer-*",
			"isTool": true,
			"toolDurabilityCost": 4
			},
		"A": { 
			"type": "item", 
			"code": "game:axe-*",
			"isTool": true,
			"toolDurabilityCost": 4
			},
		"L": {
			"type": "block",
			"code": "game:log-placed-*-ud",
			"name": "wood",
			"allowedVariants": ["acacia", "aged", "baldcypress", "birch", "ebony", "kapok", "larch", "maple", "oak", "pine", "purpleheart", "redwood", "walnut"]
			},
		"R": { 
			"type": "item",
			"code": "game:rope",
			}
	},
	"width": 2,
	"height": 3,
	"output": { "type": "block", "code": "palisademod:palisade-{wood}-four-rope-west", "quantity": 4 }
},
{
	"ingredientPattern": "R,L",
	"ingredients": 
	{
		"R": { 
			"type": "item",
			"code": "game:rope",
			},
		"L": {
			"type": "block",
			"code": "palisademod:palisade-*-four-lower-west",
			"name": "wood",
			"allowedVariants": ["acacia", "aged", "baldcypress", "birch", "ebony", "kapok", "larch", "maple", "oak", "pine", "purpleheart", "redwood", "walnut"],
			"quantity": 4
			}
	},
	"width": 1,
	"height": 2,
	"shapeless": true,
	"output": { "type": "block", "code": "palisademod:palisade-{wood}-four-rope-west", "quantity": 4 }
},
{
	"ingredientPattern": "AH,LR,L_",
	"ingredients": 
	{
		"H": { 
			"type": "item",
			"code": "game:hammer-*",
			"isTool": true,
			"toolDurabilityCost": 4
			},
		"A": { 
			"type": "item", 
			"code": "game:axe-*",
			"isTool": true,
			"toolDurabilityCost": 4
			},
		"L": {
			"type": "block",
			"code": "game:log-placed-*-ud",
			"name": "wood",
			"allowedVariants": ["acacia", "aged", "baldcypress", "birch", "ebony", "kapok", "larch", "maple", "oak", "pine", "purpleheart", "redwood", "walnut"]
			},
		"R": { 
			"type": "item",
			"code": "game:rope",
			}
	},
	"width": 2,
	"height": 3,
	"output": { "type": "block", "code": "palisademod:palisade-{wood}-three-rope-west", "quantity": 4 }
},
{
	"ingredientPattern": "R,L",
	"ingredients": 
	{
		"R": { 
			"type": "item",
			"code": "game:rope",
			},
		"L": {
			"type": "block",
			"code": "palisademod:palisade-*-three-lower-west",
			"name": "wood",
			"allowedVariants": ["acacia", "aged", "baldcypress", "birch", "ebony", "kapok", "larch", "maple", "oak", "pine", "purpleheart", "redwood", "walnut"],
			"quantity": 4
			}
	},
	"width": 1,
	"height": 2,
	"shapeless": true,
	"output": { "type": "block", "code": "palisademod:palisade-{wood}-three-rope-west", "quantity": 4 }
}
]