[
{
	"ingredientPattern": "A,L",
	"ingredients": 
	{
		"A": { 
			"type": "item", 
			"code": "game:axe-*",
			"isTool": true,
			"toolDurabilityCost": 1
			},
		"L": {
			"type": "block",
			"code": "palisademod:palisade-*-four-top-west",
			"name": "wood",
			"allowedVariants": ["acacia", "aged", "baldcypress", "birch", "ebony", "kapok", "larch", "maple", "oak", "pine", "purpleheart", "redwood", "walnut"]
			}
	},
	"width": 1,
	"height": 2,
	"output": { "type": "block", "code": "palisademod:palisade-{wood}-four-halftop-west", "quantity": 1 }
},
{
	"ingredientPattern": "A,L",
	"ingredients": 
	{
		"A": { 
			"type": "item", 
			"code": "game:axe-*",
			"isTool": true,
			"toolDurabilityCost": 1
			},
		"L": {
			"type": "block",
			"code": "palisademod:palisade-*-three-top-west",
			"name": "wood",
			"allowedVariants": ["acacia", "aged", "baldcypress", "birch", "ebony", "kapok", "larch", "maple", "oak", "pine", "purpleheart", "redwood", "walnut"]
			}
	},
	"width": 1,
	"height": 2,
	"output": { "type": "block", "code": "palisademod:palisade-{wood}-three-halftop-west", "quantity": 1 }
}
]