{
    "code": "villagergear",
    "class": "ItemVillagerGear",
    "maxstacksize": 1,
    "attributes": {
        "weaponAssetLocationByType": {
            "*-spear": "spear-generic-blackbronze",
            "*-spear-gold": "spear-generic-ornategold",
            "*-spear-silver": "spear-generic-ornatesilver",
            "*-scrap-spear": "spear-scrap-scrap",
            "*-scrap-blade": "blade-scrap-scrap",
            "*-scrap-axe": "axe-scrap-scrap",
            "*-dagger": "knife-generic-meteoriciron"
        },
        "wearableAttachment": true,
        "handbook": {
            "exclude": true
        }
    },
    "variantgroups": [
        {
            "code": "type",
            "states": [
                "back"
            ]
        },
        {
            "code": "name",
            "states": [
                "bow",
                "dagger",
                "pickaxe",
                "spear",
                "backpack"
            ]
        }
    ],
    "shapeByType": {
        "*-bow": {
            "base": "game:entity/humanoid/traderaccessories/tools/bow"
        },
        "*-dagger": {
            "base": "game:entity/humanoid/traderaccessories/tools/dagger"
        },
        "*-pickaxe": {
            "base": "game:entity/humanoid/traderaccessories/tools/pickaxe"
        },
        "*-spear": {
            "base": "game:entity/humanoid/traderaccessories/tools/spear"
        },
        "*-backpack": {
            "base": "game:entity/humanoid/traderaccessories/backpack"
        }
    }
}