{
	"editor": {
		"allAngles": true,
		"entityTextureMode": false
	},
	"textureWidth": 16,
	"textureHeight": 16,
	"textureSizes": {
	},
	"textures": {
		"string": "game:item/tool/material/string",
		"material": "game:block/metal/ingot/copper",
		"handle": "game:item/tool/material/handle"
	},
	"elements": [
		{
			"name": "origin",
			"from": [ 9.5, 0.5, 7.7 ], 
			"to": [ 9.5, 0.5, 7.7 ], 
			"rotationOrigin": [ 8.0, 0.0, 8.0 ],
			"faces": {
				"north": { "texture": "#string", "uv": [ 0.0, 0.0, 0.5, 0.5 ] },
				"east": { "texture": "#string", "uv": [ 0.0, 0.0, 0.5, 0.5 ] },
				"south": { "texture": "#string", "uv": [ 0.0, 0.0, 0.5, 0.5 ] },
				"west": { "texture": "#string", "uv": [ 0.0, 0.0, 0.5, 0.5 ] },
				"up": { "texture": "#string", "uv": [ 0.0, 0.0, 0.5, 0.5 ] },
				"down": { "texture": "#string", "uv": [ 0.0, 0.0, 0.5, 0.5 ] }
			},
			"children": [
				{
					"name": "handle1",
					"from": [ -9.5, -0.4, -0.5 ], 
					"to": [ 6.5, 0.9, 1.0 ], 
					"rotationOrigin": [ -1.5, 0.4, 0.0 ],
					"faces": {
						"north": { "texture": "#handle", "uv": [ 0.0, 5.5, 16.0, 6.5 ] },
						"east": { "texture": "#handle", "uv": [ 0.5, 0.5, 2.0, 1.5 ] },
						"south": { "texture": "#handle", "uv": [ 0.0, 10.5, 16.0, 11.5 ] },
						"west": { "texture": "#handle", "uv": [ 14.0, 10.0, 15.5, 11.0 ], "enabled": false },
						"up": { "texture": "#handle", "uv": [ 0.0, 4.5, 16.0, 6.0 ] },
						"down": { "texture": "#handle", "uv": [ 0.0, 5.0, 16.0, 6.5 ] }
					}
				},
				{
					"name": "Blade1",
					"from": [ 5.2, -0.8, -1.8 ], 
					"to": [ 5.7, 1.3, -0.7 ], 
					"rotationOrigin": [ 5.2, -0.8, -0.7 ],
					"rotationY": -5.0,
					"faces": {
						"north": { "texture": "#material", "uv": [ 7.0, 3.0, 7.5, 5.0 ], "enabled": false },
						"east": { "texture": "#material", "uv": [ 11.0, 2.0, 12.0, 4.0 ] },
						"south": { "texture": "#material", "uv": [ 6.0, 4.0, 6.5, 6.0 ] },
						"west": { "texture": "#material", "uv": [ 4.0, 4.0, 5.0, 6.0 ] },
						"up": { "texture": "#material", "uv": [ 9.0, 8.0, 9.5, 9.0 ] },
						"down": { "texture": "#material", "uv": [ 4.0, 3.0, 4.5, 4.0 ] }
					}
				},
				{
					"name": "handle2",
					"from": [ -17.5, -0.4, -0.5 ], 
					"to": [ -9.5, 0.9, 1.0 ], 
					"rotationOrigin": [ -9.5, 0.4, 0.0 ],
					"faces": {
						"north": { "texture": "#handle", "uv": [ 0.0, 5.5, 8.0, 6.5 ] },
						"east": { "texture": "#handle", "uv": [ 0.5, 0.5, 2.0, 1.5 ], "enabled": false },
						"south": { "texture": "#handle", "uv": [ 0.0, 10.5, 8.0, 11.5 ] },
						"west": { "texture": "#handle", "uv": [ 14.0, 10.0, 15.5, 11.0 ] },
						"up": { "texture": "#handle", "uv": [ 0.0, 4.5, 8.0, 6.0 ] },
						"down": { "texture": "#handle", "uv": [ 0.0, 5.0, 8.0, 6.5 ] }
					}
				},
				{
					"name": "socket1",
					"from": [ 3.5, -0.6, -0.7 ], 
					"to": [ 5.7, 1.1, 1.2 ], 
					"rotationOrigin": [ 3.5, -0.6, -0.7 ],
					"faces": {
						"north": { "texture": "#material", "uv": [ 7.0, 3.0, 9.0, 4.5 ] },
						"east": { "texture": "#material", "uv": [ 1.0, 2.0, 2.5, 3.5 ] },
						"south": { "texture": "#material", "uv": [ 6.0, 4.0, 8.0, 5.5 ] },
						"west": { "texture": "#material", "uv": [ 6.0, 2.0, 7.5, 3.5 ] },
						"up": { "texture": "#material", "uv": [ 9.0, 4.0, 11.0, 5.5 ] },
						"down": { "texture": "#material", "uv": [ 4.0, 7.0, 6.0, 8.5 ] }
					}
				},
				{
					"name": "Blade2",
					"from": [ 5.3, -1.0, -2.8 ], 
					"to": [ 5.8, 1.5, -1.7 ], 
					"rotationOrigin": [ 5.8, -1.0, -1.7 ],
					"faces": {
						"north": { "texture": "#material", "uv": [ 7.0, 3.0, 7.5, 5.5 ], "enabled": false },
						"east": { "texture": "#material", "uv": [ 11.0, 2.0, 12.0, 4.5 ] },
						"south": { "texture": "#material", "uv": [ 6.0, 4.0, 6.5, 6.5 ] },
						"west": { "texture": "#material", "uv": [ 4.0, 4.0, 5.0, 6.5 ] },
						"up": { "texture": "#material", "uv": [ 9.0, 8.0, 9.5, 9.0 ] },
						"down": { "texture": "#material", "uv": [ 4.0, 3.0, 4.5, 4.0 ] }
					}
				},
				{
					"name": "Blade3",
					"from": [ 5.3, -1.2, -3.8 ], 
					"to": [ 5.8, 1.7, -2.7 ], 
					"rotationOrigin": [ 5.8, -1.2, -2.7 ],
					"rotationY": 5.0,
					"faces": {
						"north": { "texture": "#material", "uv": [ 7.0, 3.0, 7.5, 5.5 ], "enabled": false },
						"east": { "texture": "#material", "uv": [ 11.0, 2.0, 12.0, 4.5 ] },
						"south": { "texture": "#material", "uv": [ 6.0, 4.0, 6.5, 6.5 ] },
						"west": { "texture": "#material", "uv": [ 4.0, 4.0, 5.0, 6.5 ] },
						"up": { "texture": "#material", "uv": [ 9.0, 8.0, 9.5, 9.0 ] },
						"down": { "texture": "#material", "uv": [ 4.0, 3.0, 4.5, 4.0 ] }
					}
				},
				{
					"name": "Blade4",
					"from": [ 5.2, -1.4, -4.9 ], 
					"to": [ 5.7, 1.9, -3.8 ], 
					"rotationOrigin": [ 5.7, -1.4, -3.8 ],
					"rotationY": 10.0,
					"faces": {
						"north": { "texture": "#material", "uv": [ 7.0, 3.0, 7.5, 6.0 ], "enabled": false },
						"east": { "texture": "#material", "uv": [ 11.0, 2.0, 12.0, 5.0 ] },
						"south": { "texture": "#material", "uv": [ 6.0, 4.0, 6.5, 7.0 ] },
						"west": { "texture": "#material", "uv": [ 4.0, 4.0, 5.0, 7.0 ] },
						"up": { "texture": "#material", "uv": [ 9.0, 8.0, 9.5, 9.0 ] },
						"down": { "texture": "#material", "uv": [ 4.0, 3.0, 4.5, 4.0 ] }
					}
				},
				{
					"name": "Blade5",
					"from": [ 5.12, -1.6, -5.59 ], 
					"to": [ 5.61, 2.1, -4.89 ], 
					"rotationOrigin": [ 5.6, -1.6, -4.49 ],
					"rotationY": 15.0,
					"faces": {
						"north": { "texture": "#material", "uv": [ 7.0, 3.0, 7.5, 6.5 ], "enabled": false },
						"east": { "texture": "#material", "uv": [ 11.0, 2.0, 11.5, 5.5 ] },
						"south": { "texture": "#material", "uv": [ 6.0, 4.0, 6.5, 7.5 ] },
						"west": { "texture": "#material", "uv": [ 4.0, 4.0, 4.5, 7.5 ] },
						"up": { "texture": "#material", "uv": [ 9.0, 8.0, 9.5, 8.5 ] },
						"down": { "texture": "#material", "uv": [ 4.0, 3.0, 4.5, 3.5 ] }
					}
				},
				{
					"name": "Blade edge",
					"from": [ 4.99, -1.6, -5.97 ], 
					"to": [ 5.475, 2.1, -5.56 ], 
					"rotationOrigin": [ 5.4, -1.6, -4.99 ],
					"rotationY": 15.0,
					"faces": {
						"north": { "texture": "#material", "uv": [ 7.0, 3.0, 7.5, 6.5 ] },
						"east": { "texture": "#material", "uv": [ 11.0, 2.0, 11.5, 5.5 ] },
						"south": { "texture": "#material", "uv": [ 6.0, 4.0, 6.5, 7.5 ], "enabled": false },
						"west": { "texture": "#material", "uv": [ 4.0, 4.0, 4.5, 7.5 ] },
						"up": { "texture": "#material", "uv": [ 9.0, 8.0, 9.5, 8.5 ] },
						"down": { "texture": "#material", "uv": [ 4.0, 3.0, 4.5, 3.5 ] }
					}
				}
			]
		}
	]}