﻿{
  "code": "parts",
  "class": "Item",
  "variantgroups": [
    {"code": "type", "states": ["goatfoot", "windlass", "lock", "stirrup", "latch"]},
    {"code": "material", "states": ["steel", "tinbronze", "bismuthbronze", "blackbronze", "meteoriciron", "iron"]}
  ],
  "allowedVariants": [
    "*-goatfoot-steel",
    "*-windlass-steel",
    "*-lock-steel",
    "*-lock-tinbronze",
    "*-lock-bismuthbronze",
    "*-lock-blackbronze",
    "*-stirrup-steel",
    "*-stirrup-tinbronze",
    "*-stirrup-bismuthbronze",
    "*-stirrup-blackbronze",
    "*-latch-meteoriciron",
    "*-latch-iron"
  ],
  "shape": {"base": "maltiezcrossbows:parts/parts-{type}-{material}"},
  "maxstacksize": 4,
  "attributes": {"groundStorageTransform": {"translation": {"x": 0.5, "y": 0, "z": 0.5}, "rotation": {"x": 1, "y": 7, "z": 0}, "origin": {"x": 0, "y": 0, "z": 0}, "scale": 1.01}},
  "behaviors": [
    {
      "name": "GroundStorable",
      "properties": {
        "layout": "Quadrants",
        "sprintKey": true,
        "selectionBox": {"x1": 0, "y1": 0, "z1": 0, "x2": 1, "y2": 0.1, "z2": 1},
        "collisionBox": {"x1": 0, "y1": 0, "z1": 0, "x2": 0, "y2": 0, "z2": 0}
      }
    }
  ],
  "creativeinventory": {"maltiezcrossbows": ["*"]},
  "guiTransform": {"translation": {"x": 0, "y": 0, "z": 0}, "rotation": {"x": 148, "y": 32, "z": 0}, "origin": {"x": 0, "y": 0.05, "z": 0.1}, "scale": 2.6},
  "tpHandTransform": {"translation": {"x": 0, "y": 0, "z": 0.03}, "rotation": {"x": -90, "y": 0, "z": 0}, "origin": {"x": 0, "y": 0, "z": 0}, "scale": 0.8},
  "groundTransform": {"translation": {"x": 0, "y": 0, "z": 0}, "rotation": {"x": 0, "y": 0, "z": 0}, "origin": {"x": 0, "y": 0, "z": 0}, "scale": 4.8}
}