{
	code: "chiseledwoodenfence",
	class: "Block",
	behaviors: [{"name": "BBChiseledCover"}, {name: "CanAttach", properties: { sides: ["up", "down"] } }, { name: "RopeTieable" } ],
	entityBehaviors: [{"name": "BEBChiseledCover"}],
	attributes: {
		supportsUnstableRock: true,
		isFence: true,
		handbook: {
			groupBy: ["woodenfence-*"]
		}
	},
	
	creativeinventory: { "general": ["*"],"chiseltools": ["chiseledwoodenfence"] },	
	shapebytype: {
		"*": { base: "game:block/wood/fence/empty" }
		
	},
	drawtypeByType: {
		"*-free": "JSON",
		"*-snow": "JSONAndSnowLayer",
	},
	blockmaterial: "Wood",
	textures: {
		"horizontal": { 
			baseByType: {
				
				"*": "game:block/wood/debarked/oak"
			}
			
		},
		"vertical": { 
			baseByType: {
				
				"*": "game:block/wood/debarked/oak"
			}
			
		},
		
	},
	sidesolid: {
		all: false
	},
	sideopaque: { all: false },
	resistance: 3,
	lightAbsorption: 0,
	sounds: {
		"place": "block/planks",
		"hit": "block/planks",
		"break": "block/planks",
		"walk": "walk/wood"
	},
	selectionboxbytype: {
		"*": { x1: 0.375, y1: 0, z1: 0.375, x2: 0.625, y2: 1.0625, z2: 0.625 }
		
	},
	
	
	collisionboxbytype: {
		"*": { x1: 0, y1: 0, z1: 0, x2: 1, y2: 1.3125, z2: 1 },
		
	},
	
	combustibleProps: {
		burnTemperature: 600,
		burnDuration: 10,
	},
	materialDensity: 600,
	tpHandTransform: {
		translation: { x: -1.5, y: -1, z: -1.2 },
		rotation: { x: 5, y: -3, z: -96 },
		scale: 0.37
	},
	groundTransform: {
		translation: { x: 0, y: 0.05, z: 0 },
		rotation: { x: 90, y: -45, z: 0 },
		origin: { x: 0.5, y: 0, z: 0.5 },
		scale: 2.07
	}
}