{
	"editor": {
		"collapsedPaths": "Root/BShelf/BRL3,Root/BShelf/BRL2,Root/BShelf,Root/TShelf/TRL1,Root/BShelf/BRL5,Root/BShelf/BRL4,Root/BShelf/BRL6,Root/MUShelf,Root/MBShelf2,Root/MBShelf,Root/TShelf,Root/MShelf,Root/TShelf/TRL6,Root/TShelf/TRL4,Root/TShelf/TRL5,Root/TShelf/TRL2,Root/BShelf/BRL1,Root/TShelf/TRL3",
		"allAngles": false,
		"entityTextureMode": false
	},
	"textureWidth": 16,
	"textureHeight": 16,
	"textureSizes": {
	},
	"textures": {
		"surface": "wood/shelf/surface",
		"wood": "wood/shelf/wood"
	},
	"elements": [
		{
			"name": "BShelf",
			"from": [ 1.0, 0.0, 1.0 ],
			"to": [ 15.0, 1.0, 14.0 ],
			"rotationOrigin": [ 1.0, 0.0, 1.0 ],
			"faces": {
				"north": { "texture": "#surface", "uv": [ 0.0, 0.0, 14.0, 1.0 ] },
				"east": { "texture": "#surface", "uv": [ 0.0, 0.0, 13.0, 1.0 ] },
				"south": { "texture": "#surface", "uv": [ 0.0, 3.0, 14.0, 4.0 ] },
				"west": { "texture": "#surface", "uv": [ 0.0, 0.0, 13.0, 1.0 ] },
				"up": { "texture": "#surface", "uv": [ 0.0, 3.0, 16.0, 16.0 ], "autoUv": false },
				"down": { "texture": "#surface", "uv": [ 0.0, 3.0, 16.0, 16.0 ], "autoUv": false }
			},
			"children": [
				{
					"name": "BRL1",
					"from": [ 0.5, 0.5, 1.0 ],
					"to": [ 4.5, 2.5, 1.5 ],
					"rotationOrigin": [ 0.0, 1.0, 1.0 ],
					"rotationX": -22.5,
					"faces": {
						"north": { "texture": "#surface", "uv": [ 0.0, 0.0, 4.0, 2.0 ] },
						"east": { "texture": "#surface", "uv": [ 0.0, 0.0, 0.5, 2.0 ] },
						"south": { "texture": "#surface", "uv": [ 6.0, 3.0, 10.0, 5.0 ] },
						"west": { "texture": "#surface", "uv": [ 0.0, 0.0, 0.5, 2.0 ] },
						"up": { "texture": "#surface", "uv": [ 0.0, 0.0, 4.0, 0.5 ] },
						"down": { "texture": "#surface", "uv": [ 0.0, 0.0, 4.0, 0.5 ] }
					},
					"children": [
						{
							"name": "BRM1",
							"from": [ 4.5, 0.0, 0.0 ],
							"to": [ 8.5, 2.0, 0.5 ],
							"rotationOrigin": [ 5.0, 0.5, 0.0 ],
							"faces": {
								"north": { "texture": "#surface", "uv": [ 0.0, 0.0, 4.0, 2.0 ] },
								"east": { "texture": "#surface", "uv": [ 0.0, 0.0, 0.5, 2.0 ] },
								"south": { "texture": "#surface", "uv": [ 6.0, 3.0, 10.0, 5.0 ] },
								"west": { "texture": "#surface", "uv": [ 0.0, 0.0, 0.5, 2.0 ] },
								"up": { "texture": "#surface", "uv": [ 0.0, 0.0, 4.0, 0.5 ] },
								"down": { "texture": "#surface", "uv": [ 0.0, 0.0, 4.0, 0.5 ] }
							}
						},
						{
							"name": "BRR1",
							"from": [ 9.0, 0.0, 0.0 ],
							"to": [ 13.0, 2.0, 0.5 ],
							"rotationOrigin": [ 10.0, 0.5, 0.0 ],
							"faces": {
								"north": { "texture": "#surface", "uv": [ 0.0, 0.0, 4.0, 2.0 ] },
								"east": { "texture": "#surface", "uv": [ 0.0, 0.0, 0.5, 2.0 ] },
								"south": { "texture": "#surface", "uv": [ 6.0, 3.0, 10.0, 5.0 ] },
								"west": { "texture": "#surface", "uv": [ 0.0, 0.0, 0.5, 2.0 ] },
								"up": { "texture": "#surface", "uv": [ 0.0, 0.0, 4.0, 0.5 ] },
								"down": { "texture": "#surface", "uv": [ 0.0, 0.0, 4.0, 0.5 ] }
							}
						}
					]
				},
				{
					"name": "BRBeam",
					"from": [ 12.0, 2.0, -1.0 ],
					"to": [ 14.0, 4.0, 0.0 ],
					"rotationOrigin": [ 12.0, 2.0, -1.0 ],
					"faces": {
						"north": { "texture": "#wood", "uv": [ 5.0, 13.0, 7.0, 15.0 ] },
						"east": { "texture": "#wood", "uv": [ 1.0, 8.0, 2.0, 10.0 ] },
						"south": { "texture": "#wood", "uv": [ 10.0, 13.0, 12.0, 15.0 ] },
						"west": { "texture": "#wood", "uv": [ 4.0, 10.0, 5.0, 12.0 ] },
						"up": { "texture": "#wood", "uv": [ 0.0, 8.0, 2.0, 9.0 ] },
						"down": { "texture": "#wood", "uv": [ 0.0, 8.0, 2.0, 9.0 ] }
					}
				},
				{
					"name": "BLBeam",
					"from": [ 0.0, 2.0, -1.0 ],
					"to": [ 2.0, 4.0, 0.0 ],
					"rotationOrigin": [ 0.0, 2.0, -1.0 ],
					"faces": {
						"north": { "texture": "#wood", "uv": [ 5.0, 13.0, 7.0, 15.0 ] },
						"east": { "texture": "#wood", "uv": [ 1.0, 8.0, 2.0, 10.0 ] },
						"south": { "texture": "#wood", "uv": [ 10.0, 13.0, 12.0, 15.0 ] },
						"west": { "texture": "#wood", "uv": [ 4.0, 10.0, 5.0, 12.0 ] },
						"up": { "texture": "#wood", "uv": [ 0.0, 8.0, 2.0, 9.0 ] },
						"down": { "texture": "#wood", "uv": [ 0.0, 8.0, 2.0, 9.0 ] }
					}
				},
				{
					"name": "BLFence",
					"from": [ -1.0, 0.0, -1.0 ],
					"to": [ 0.0, 2.0, 13.0 ],
					"rotationOrigin": [ -1.0, 0.0, -1.0 ],
					"faces": {
						"north": { "texture": "#surface", "uv": [ 1.0, 3.0, 3.0, 4.0 ], "rotation": 90 },
						"east": { "texture": "#surface", "uv": [ 0.0, 3.0, 2.0, 16.0 ], "rotation": 270, "autoUv": false },
						"south": { "texture": "#surface", "uv": [ 1.0, 15.0, 3.0, 16.0 ], "rotation": 90 },
						"west": { "texture": "#surface", "uv": [ 12.0, 3.0, 14.0, 16.0 ], "rotation": 90, "autoUv": false },
						"up": { "texture": "#surface", "uv": [ 15.0, 3.0, 16.0, 16.0 ], "rotation": 180, "autoUv": false },
						"down": { "texture": "#surface", "uv": [ 3.0, 3.0, 4.0, 16.0 ], "rotation": 180, "autoUv": false }
					}
				},
				{
					"name": "BRFence",
					"from": [ 14.0, 0.0, -1.0 ],
					"to": [ 15.0, 2.0, 13.0 ],
					"rotationOrigin": [ 14.0, 0.0, -1.0 ],
					"faces": {
						"north": { "texture": "#surface", "uv": [ 1.0, 3.0, 3.0, 4.0 ], "rotation": 90 },
						"east": { "texture": "#surface", "uv": [ 14.0, 3.0, 16.0, 16.0 ], "rotation": 270, "autoUv": false },
						"south": { "texture": "#surface", "uv": [ 1.0, 3.0, 3.0, 4.0 ], "rotation": 90 },
						"west": { "texture": "#surface", "uv": [ 1.0, 3.0, 3.0, 15.0 ], "rotation": 90, "autoUv": false },
						"up": { "texture": "#surface", "uv": [ 0.0, 3.0, 1.0, 16.0 ], "rotation": 180, "autoUv": false },
						"down": { "texture": "#surface", "uv": [ 3.0, 3.0, 4.0, 16.0 ], "rotation": 180, "autoUv": false }
					}
				},
				{
					"name": "BBFence",
					"from": [ 0.0, 0.0, -1.0 ],
					"to": [ 14.0, 2.0, 0.0 ],
					"rotationOrigin": [ 0.0, 0.0, -1.0 ],
					"faces": {
						"north": { "texture": "#surface", "uv": [ 14.0, 3.0, 16.0, 16.0 ], "rotation": 90, "autoUv": false, "windMode": [-1,-1,-1,-1] },
						"east": { "texture": "#surface", "uv": [ 2.0, 12.0, 3.0, 14.0 ], "windMode": [-1,-1,-1,-1] },
						"south": { "texture": "#surface", "uv": [ 14.0, 3.0, 16.0, 16.0 ], "rotation": 270, "autoUv": false },
						"west": { "texture": "#surface", "uv": [ 2.0, 0.0, 3.0, 2.0 ], "rotation": 180 },
						"up": { "texture": "#surface", "uv": [ 15.0, 3.0, 16.0, 16.0 ], "rotation": 270, "autoUv": false, "windMode": [-1,-1,-1,-1] },
						"down": { "texture": "#surface", "uv": [ 6.0, 3.0, 7.0, 16.0 ], "rotation": 90, "autoUv": false }
					}
				},
				{
					"name": "BRL2",
					"from": [ 0.5, 0.5, 3.0 ],
					"to": [ 4.5, 2.5, 3.5 ],
					"rotationOrigin": [ 0.0, 1.0, 3.0 ],
					"rotationX": -22.5,
					"faces": {
						"north": { "texture": "#surface", "uv": [ 0.0, 0.0, 4.0, 2.0 ] },
						"east": { "texture": "#surface", "uv": [ 0.0, 0.0, 0.5, 2.0 ] },
						"south": { "texture": "#surface", "uv": [ 6.0, 3.0, 10.0, 5.0 ] },
						"west": { "texture": "#surface", "uv": [ 0.0, 0.0, 0.5, 2.0 ] },
						"up": { "texture": "#surface", "uv": [ 0.0, 0.0, 4.0, 0.5 ] },
						"down": { "texture": "#surface", "uv": [ 0.0, 0.0, 4.0, 0.5 ] }
					},
					"children": [
						{
							"name": "BRM2",
							"from": [ 4.5, 0.0, 0.0 ],
							"to": [ 8.5, 2.0, 0.5 ],
							"rotationOrigin": [ 5.0, 0.5, 0.0 ],
							"faces": {
								"north": { "texture": "#surface", "uv": [ 0.0, 0.0, 4.0, 2.0 ] },
								"east": { "texture": "#surface", "uv": [ 0.0, 0.0, 0.5, 2.0 ] },
								"south": { "texture": "#surface", "uv": [ 6.0, 3.0, 10.0, 5.0 ] },
								"west": { "texture": "#surface", "uv": [ 0.0, 0.0, 0.5, 2.0 ] },
								"up": { "texture": "#surface", "uv": [ 0.0, 0.0, 4.0, 0.5 ] },
								"down": { "texture": "#surface", "uv": [ 0.0, 0.0, 4.0, 0.5 ] }
							}
						},
						{
							"name": "BRR2",
							"from": [ 9.0, 0.0, 0.0 ],
							"to": [ 13.0, 2.0, 0.5 ],
							"rotationOrigin": [ 10.0, 0.5, 0.0 ],
							"faces": {
								"north": { "texture": "#surface", "uv": [ 0.0, 0.0, 4.0, 2.0 ] },
								"east": { "texture": "#surface", "uv": [ 0.0, 0.0, 0.5, 2.0 ] },
								"south": { "texture": "#surface", "uv": [ 6.0, 3.0, 10.0, 5.0 ] },
								"west": { "texture": "#surface", "uv": [ 0.0, 0.0, 0.5, 2.0 ] },
								"up": { "texture": "#surface", "uv": [ 0.0, 0.0, 4.0, 0.5 ] },
								"down": { "texture": "#surface", "uv": [ 0.0, 0.0, 4.0, 0.5 ] }
							}
						}
					]
				},
				{
					"name": "BRL3",
					"from": [ 0.5, 0.5, 5.0 ],
					"to": [ 4.5, 2.5, 5.5 ],
					"rotationOrigin": [ 0.0, 1.0, 5.0 ],
					"rotationX": -22.5,
					"faces": {
						"north": { "texture": "#surface", "uv": [ 0.0, 0.0, 4.0, 2.0 ] },
						"east": { "texture": "#surface", "uv": [ 0.0, 0.0, 0.5, 2.0 ] },
						"south": { "texture": "#surface", "uv": [ 6.0, 3.0, 10.0, 5.0 ] },
						"west": { "texture": "#surface", "uv": [ 0.0, 0.0, 0.5, 2.0 ] },
						"up": { "texture": "#surface", "uv": [ 0.0, 0.0, 4.0, 0.5 ] },
						"down": { "texture": "#surface", "uv": [ 0.0, 0.0, 4.0, 0.5 ] }
					},
					"children": [
						{
							"name": "BRM3",
							"from": [ 4.5, 0.0, 0.0 ],
							"to": [ 8.5, 2.0, 0.5 ],
							"rotationOrigin": [ 5.0, 0.5, 0.0 ],
							"faces": {
								"north": { "texture": "#surface", "uv": [ 0.0, 0.0, 4.0, 2.0 ] },
								"east": { "texture": "#surface", "uv": [ 0.0, 0.0, 0.5, 2.0 ] },
								"south": { "texture": "#surface", "uv": [ 6.0, 3.0, 10.0, 5.0 ] },
								"west": { "texture": "#surface", "uv": [ 0.0, 0.0, 0.5, 2.0 ] },
								"up": { "texture": "#surface", "uv": [ 0.0, 0.0, 4.0, 0.5 ] },
								"down": { "texture": "#surface", "uv": [ 0.0, 0.0, 4.0, 0.5 ] }
							}
						},
						{
							"name": "BRR3",
							"from": [ 9.0, 0.0, 0.0 ],
							"to": [ 13.0, 2.0, 0.5 ],
							"rotationOrigin": [ 10.0, 0.5, 0.0 ],
							"faces": {
								"north": { "texture": "#surface", "uv": [ 0.0, 0.0, 4.0, 2.0 ] },
								"east": { "texture": "#surface", "uv": [ 0.0, 0.0, 0.5, 2.0 ] },
								"south": { "texture": "#surface", "uv": [ 6.0, 3.0, 10.0, 5.0 ] },
								"west": { "texture": "#surface", "uv": [ 0.0, 0.0, 0.5, 2.0 ] },
								"up": { "texture": "#surface", "uv": [ 0.0, 0.0, 4.0, 0.5 ] },
								"down": { "texture": "#surface", "uv": [ 0.0, 0.0, 4.0, 0.5 ] }
							}
						}
					]
				},
				{
					"name": "BRL4",
					"from": [ 0.5, 0.5, 7.0 ],
					"to": [ 4.5, 2.5, 7.5 ],
					"rotationOrigin": [ 0.0, 1.0, 7.0 ],
					"rotationX": -22.5,
					"faces": {
						"north": { "texture": "#surface", "uv": [ 0.0, 0.0, 4.0, 2.0 ] },
						"east": { "texture": "#surface", "uv": [ 0.0, 0.0, 0.5, 2.0 ] },
						"south": { "texture": "#surface", "uv": [ 6.0, 3.0, 10.0, 5.0 ] },
						"west": { "texture": "#surface", "uv": [ 0.0, 0.0, 0.5, 2.0 ] },
						"up": { "texture": "#surface", "uv": [ 0.0, 0.0, 4.0, 0.5 ] },
						"down": { "texture": "#surface", "uv": [ 0.0, 0.0, 4.0, 0.5 ] }
					},
					"children": [
						{
							"name": "BRM4",
							"from": [ 4.5, 0.0, 0.0 ],
							"to": [ 8.5, 2.0, 0.5 ],
							"rotationOrigin": [ 5.0, 0.5, 0.0 ],
							"faces": {
								"north": { "texture": "#surface", "uv": [ 0.0, 0.0, 4.0, 2.0 ] },
								"east": { "texture": "#surface", "uv": [ 0.0, 0.0, 0.5, 2.0 ] },
								"south": { "texture": "#surface", "uv": [ 6.0, 3.0, 10.0, 5.0 ] },
								"west": { "texture": "#surface", "uv": [ 0.0, 0.0, 0.5, 2.0 ] },
								"up": { "texture": "#surface", "uv": [ 0.0, 0.0, 4.0, 0.5 ] },
								"down": { "texture": "#surface", "uv": [ 0.0, 0.0, 4.0, 0.5 ] }
							}
						},
						{
							"name": "BRR4",
							"from": [ 9.0, 0.0, 0.0 ],
							"to": [ 13.0, 2.0, 0.5 ],
							"rotationOrigin": [ 10.0, 0.5, 0.0 ],
							"faces": {
								"north": { "texture": "#surface", "uv": [ 0.0, 0.0, 4.0, 2.0 ] },
								"east": { "texture": "#surface", "uv": [ 0.0, 0.0, 0.5, 2.0 ] },
								"south": { "texture": "#surface", "uv": [ 6.0, 3.0, 10.0, 5.0 ] },
								"west": { "texture": "#surface", "uv": [ 0.0, 0.0, 0.5, 2.0 ] },
								"up": { "texture": "#surface", "uv": [ 0.0, 0.0, 4.0, 0.5 ] },
								"down": { "texture": "#surface", "uv": [ 0.0, 0.0, 4.0, 0.5 ] }
							}
						}
					]
				},
				{
					"name": "BRL5",
					"from": [ 0.5, 0.5, 9.0 ],
					"to": [ 4.5, 2.5, 9.5 ],
					"rotationOrigin": [ 0.0, 1.0, 9.0 ],
					"rotationX": -22.5,
					"faces": {
						"north": { "texture": "#surface", "uv": [ 0.0, 0.0, 4.0, 2.0 ] },
						"east": { "texture": "#surface", "uv": [ 0.0, 0.0, 0.5, 2.0 ] },
						"south": { "texture": "#surface", "uv": [ 6.0, 3.0, 10.0, 5.0 ] },
						"west": { "texture": "#surface", "uv": [ 0.0, 0.0, 0.5, 2.0 ] },
						"up": { "texture": "#surface", "uv": [ 0.0, 0.0, 4.0, 0.5 ] },
						"down": { "texture": "#surface", "uv": [ 0.0, 0.0, 4.0, 0.5 ] }
					},
					"children": [
						{
							"name": "BRM5",
							"from": [ 4.5, 0.0, 0.0 ],
							"to": [ 8.5, 2.0, 0.5 ],
							"rotationOrigin": [ 5.0, 0.5, 0.0 ],
							"faces": {
								"north": { "texture": "#surface", "uv": [ 0.0, 0.0, 4.0, 2.0 ] },
								"east": { "texture": "#surface", "uv": [ 0.0, 0.0, 0.5, 2.0 ] },
								"south": { "texture": "#surface", "uv": [ 6.0, 3.0, 10.0, 5.0 ] },
								"west": { "texture": "#surface", "uv": [ 0.0, 0.0, 0.5, 2.0 ] },
								"up": { "texture": "#surface", "uv": [ 0.0, 0.0, 4.0, 0.5 ] },
								"down": { "texture": "#surface", "uv": [ 0.0, 0.0, 4.0, 0.5 ] }
							}
						},
						{
							"name": "BRR5",
							"from": [ 9.0, 0.0, 0.0 ],
							"to": [ 13.0, 2.0, 0.5 ],
							"rotationOrigin": [ 10.0, 0.5, 0.0 ],
							"faces": {
								"north": { "texture": "#surface", "uv": [ 0.0, 0.0, 4.0, 2.0 ] },
								"east": { "texture": "#surface", "uv": [ 0.0, 0.0, 0.5, 2.0 ] },
								"south": { "texture": "#surface", "uv": [ 6.0, 3.0, 10.0, 5.0 ] },
								"west": { "texture": "#surface", "uv": [ 0.0, 0.0, 0.5, 2.0 ] },
								"up": { "texture": "#surface", "uv": [ 0.0, 0.0, 4.0, 0.5 ] },
								"down": { "texture": "#surface", "uv": [ 0.0, 0.0, 4.0, 0.5 ] }
							}
						}
					]
				},
				{
					"name": "BRL6",
					"from": [ 0.5, 0.5, 11.0 ],
					"to": [ 4.5, 2.5, 11.5 ],
					"rotationOrigin": [ 0.0, 1.0, 11.0 ],
					"rotationX": -22.5,
					"faces": {
						"north": { "texture": "#surface", "uv": [ 0.0, 0.0, 4.0, 2.0 ] },
						"east": { "texture": "#surface", "uv": [ 0.0, 0.0, 0.5, 2.0 ] },
						"south": { "texture": "#surface", "uv": [ 6.0, 3.0, 10.0, 5.0 ] },
						"west": { "texture": "#surface", "uv": [ 0.0, 0.0, 0.5, 2.0 ] },
						"up": { "texture": "#surface", "uv": [ 0.0, 0.0, 4.0, 0.5 ] },
						"down": { "texture": "#surface", "uv": [ 0.0, 0.0, 4.0, 0.5 ] }
					},
					"children": [
						{
							"name": "BRM6",
							"from": [ 4.5, 0.0, 0.0 ],
							"to": [ 8.5, 2.0, 0.5 ],
							"rotationOrigin": [ 5.0, 0.5, 0.0 ],
							"faces": {
								"north": { "texture": "#surface", "uv": [ 0.0, 0.0, 4.0, 2.0 ] },
								"east": { "texture": "#surface", "uv": [ 0.0, 0.0, 0.5, 2.0 ] },
								"south": { "texture": "#surface", "uv": [ 6.0, 3.0, 10.0, 5.0 ] },
								"west": { "texture": "#surface", "uv": [ 0.0, 0.0, 0.5, 2.0 ] },
								"up": { "texture": "#surface", "uv": [ 0.0, 0.0, 4.0, 0.5 ] },
								"down": { "texture": "#surface", "uv": [ 0.0, 0.0, 4.0, 0.5 ] }
							}
						},
						{
							"name": "BRR6",
							"from": [ 9.0, 0.0, 0.0 ],
							"to": [ 13.0, 2.0, 0.5 ],
							"rotationOrigin": [ 10.0, 0.5, 0.0 ],
							"faces": {
								"north": { "texture": "#surface", "uv": [ 0.0, 0.0, 4.0, 2.0 ] },
								"east": { "texture": "#surface", "uv": [ 0.0, 0.0, 0.5, 2.0 ] },
								"south": { "texture": "#surface", "uv": [ 6.0, 3.0, 10.0, 5.0 ] },
								"west": { "texture": "#surface", "uv": [ 0.0, 0.0, 0.5, 2.0 ] },
								"up": { "texture": "#surface", "uv": [ 0.0, 0.0, 4.0, 0.5 ] },
								"down": { "texture": "#surface", "uv": [ 0.0, 0.0, 4.0, 0.5 ] }
							}
						}
					]
				}
			]
		},
		{
			"name": "MBShelf",
			"from": [ 1.0, 4.0, 1.0 ],
			"to": [ 15.0, 5.0, 14.0 ],
			"rotationOrigin": [ 1.0, 4.0, 1.0 ],
			"faces": {
				"north": { "texture": "#surface", "uv": [ 0.0, 0.0, 14.0, 1.0 ] },
				"east": { "texture": "#surface", "uv": [ 0.0, 0.0, 13.0, 1.0 ] },
				"south": { "texture": "#surface", "uv": [ 0.0, 3.0, 14.0, 4.0 ] },
				"west": { "texture": "#surface", "uv": [ 0.0, 0.0, 13.0, 1.0 ] },
				"up": { "texture": "#surface", "uv": [ 0.0, 3.0, 16.0, 16.0 ], "autoUv": false },
				"down": { "texture": "#surface", "uv": [ 0.0, 3.0, 16.0, 16.0 ], "autoUv": false }
			},
			"children": [
				{
					"name": "MRL1",
					"from": [ 0.5, 0.5, 1.0 ],
					"to": [ 4.5, 2.5, 1.5 ],
					"rotationOrigin": [ 0.0, 1.0, 1.0 ],
					"rotationX": -22.5,
					"faces": {
						"north": { "texture": "#surface", "uv": [ 0.0, 0.0, 4.0, 2.0 ] },
						"east": { "texture": "#surface", "uv": [ 0.0, 0.0, 0.5, 2.0 ] },
						"south": { "texture": "#surface", "uv": [ 6.0, 3.0, 10.0, 5.0 ] },
						"west": { "texture": "#surface", "uv": [ 0.0, 0.0, 0.5, 2.0 ] },
						"up": { "texture": "#surface", "uv": [ 0.0, 0.0, 4.0, 0.5 ] },
						"down": { "texture": "#surface", "uv": [ 0.0, 0.0, 4.0, 0.5 ] }
					},
					"children": [
						{
							"name": "MRM1",
							"from": [ 4.5, 0.0, 0.0 ],
							"to": [ 8.5, 2.0, 0.5 ],
							"rotationOrigin": [ 5.0, 0.5, 0.0 ],
							"faces": {
								"north": { "texture": "#surface", "uv": [ 0.0, 0.0, 4.0, 2.0 ] },
								"east": { "texture": "#surface", "uv": [ 0.0, 0.0, 0.5, 2.0 ] },
								"south": { "texture": "#surface", "uv": [ 6.0, 3.0, 10.0, 5.0 ] },
								"west": { "texture": "#surface", "uv": [ 0.0, 0.0, 0.5, 2.0 ] },
								"up": { "texture": "#surface", "uv": [ 0.0, 0.0, 4.0, 0.5 ] },
								"down": { "texture": "#surface", "uv": [ 0.0, 0.0, 4.0, 0.5 ] }
							}
						},
						{
							"name": "MRR1",
							"from": [ 9.0, 0.0, 0.0 ],
							"to": [ 13.0, 2.0, 0.5 ],
							"rotationOrigin": [ 10.0, 0.5, 0.0 ],
							"faces": {
								"north": { "texture": "#surface", "uv": [ 0.0, 0.0, 4.0, 2.0 ] },
								"east": { "texture": "#surface", "uv": [ 0.0, 0.0, 0.5, 2.0 ] },
								"south": { "texture": "#surface", "uv": [ 6.0, 3.0, 10.0, 5.0 ] },
								"west": { "texture": "#surface", "uv": [ 0.0, 0.0, 0.5, 2.0 ] },
								"up": { "texture": "#surface", "uv": [ 0.0, 0.0, 4.0, 0.5 ] },
								"down": { "texture": "#surface", "uv": [ 0.0, 0.0, 4.0, 0.5 ] }
							}
						}
					]
				},
				{
					"name": "MBFence",
					"from": [ 0.0, 0.0, -1.0 ],
					"to": [ 14.0, 2.0, 0.0 ],
					"rotationOrigin": [ 0.0, 0.0, -1.0 ],
					"faces": {
						"north": { "texture": "#surface", "uv": [ 14.0, 3.0, 16.0, 16.0 ], "rotation": 90, "autoUv": false },
						"east": { "texture": "#surface", "uv": [ 2.0, 12.0, 3.0, 14.0 ] },
						"south": { "texture": "#surface", "uv": [ 14.0, 3.0, 16.0, 16.0 ], "rotation": 270, "autoUv": false },
						"west": { "texture": "#surface", "uv": [ 2.0, 0.0, 3.0, 2.0 ], "rotation": 180 },
						"up": { "texture": "#surface", "uv": [ 15.0, 3.0, 16.0, 16.0 ], "rotation": 270, "autoUv": false },
						"down": { "texture": "#surface", "uv": [ 6.0, 3.0, 7.0, 16.0 ], "rotation": 90, "autoUv": false }
					}
				},
				{
					"name": "MRFence",
					"from": [ 14.0, 0.0, -1.0 ],
					"to": [ 15.0, 2.0, 13.0 ],
					"rotationOrigin": [ 14.0, 0.0, -1.0 ],
					"faces": {
						"north": { "texture": "#surface", "uv": [ 1.0, 3.0, 3.0, 4.0 ], "rotation": 90 },
						"east": { "texture": "#surface", "uv": [ 14.0, 3.0, 16.0, 16.0 ], "rotation": 270, "autoUv": false },
						"south": { "texture": "#surface", "uv": [ 1.0, 3.0, 3.0, 4.0 ], "rotation": 90 },
						"west": { "texture": "#surface", "uv": [ 1.0, 3.0, 3.0, 15.0 ], "rotation": 90, "autoUv": false },
						"up": { "texture": "#surface", "uv": [ 0.0, 3.0, 1.0, 16.0 ], "rotation": 180, "autoUv": false },
						"down": { "texture": "#surface", "uv": [ 3.0, 3.0, 4.0, 16.0 ], "rotation": 180, "autoUv": false }
					}
				},
				{
					"name": "MLFence",
					"from": [ -1.0, 0.0, -1.0 ],
					"to": [ 0.0, 2.0, 13.0 ],
					"rotationOrigin": [ -1.0, 0.0, -1.0 ],
					"faces": {
						"north": { "texture": "#surface", "uv": [ 1.0, 3.0, 3.0, 4.0 ], "rotation": 90 },
						"east": { "texture": "#surface", "uv": [ 0.0, 3.0, 2.0, 16.0 ], "rotation": 270, "autoUv": false },
						"south": { "texture": "#surface", "uv": [ 1.0, 15.0, 3.0, 16.0 ], "rotation": 90 },
						"west": { "texture": "#surface", "uv": [ 12.0, 3.0, 14.0, 16.0 ], "rotation": 90, "autoUv": false },
						"up": { "texture": "#surface", "uv": [ 15.0, 3.0, 16.0, 16.0 ], "rotation": 180, "autoUv": false },
						"down": { "texture": "#surface", "uv": [ 3.0, 3.0, 4.0, 16.0 ], "rotation": 180, "autoUv": false }
					}
				},
				{
					"name": "MRBeam",
					"from": [ 12.0, 2.0, -1.0 ],
					"to": [ 14.0, 4.0, 0.0 ],
					"rotationOrigin": [ 12.0, 2.0, -1.0 ],
					"faces": {
						"north": { "texture": "#wood", "uv": [ 5.0, 13.0, 7.0, 15.0 ] },
						"east": { "texture": "#wood", "uv": [ 1.0, 8.0, 2.0, 10.0 ] },
						"south": { "texture": "#wood", "uv": [ 10.0, 13.0, 12.0, 15.0 ] },
						"west": { "texture": "#wood", "uv": [ 4.0, 10.0, 5.0, 12.0 ] },
						"up": { "texture": "#wood", "uv": [ 0.0, 8.0, 2.0, 9.0 ] },
						"down": { "texture": "#wood", "uv": [ 0.0, 8.0, 2.0, 9.0 ] }
					}
				},
				{
					"name": "MLBeam",
					"from": [ 0.0, 2.0, -1.0 ],
					"to": [ 2.0, 4.0, 0.0 ],
					"rotationOrigin": [ 0.0, 2.0, -1.0 ],
					"faces": {
						"north": { "texture": "#wood", "uv": [ 5.0, 13.0, 7.0, 15.0 ] },
						"east": { "texture": "#wood", "uv": [ 1.0, 8.0, 2.0, 10.0 ] },
						"south": { "texture": "#wood", "uv": [ 10.0, 13.0, 12.0, 15.0 ] },
						"west": { "texture": "#wood", "uv": [ 4.0, 10.0, 5.0, 12.0 ] },
						"up": { "texture": "#wood", "uv": [ 0.0, 8.0, 2.0, 9.0 ] },
						"down": { "texture": "#wood", "uv": [ 0.0, 8.0, 2.0, 9.0 ] }
					}
				},
				{
					"name": "MRL2",
					"from": [ 0.5, 0.5, 3.0 ],
					"to": [ 4.5, 2.5, 3.5 ],
					"rotationOrigin": [ 0.0, 1.0, 3.0 ],
					"rotationX": -22.5,
					"faces": {
						"north": { "texture": "#surface", "uv": [ 0.0, 0.0, 4.0, 2.0 ] },
						"east": { "texture": "#surface", "uv": [ 0.0, 0.0, 0.5, 2.0 ] },
						"south": { "texture": "#surface", "uv": [ 6.0, 3.0, 10.0, 5.0 ] },
						"west": { "texture": "#surface", "uv": [ 0.0, 0.0, 0.5, 2.0 ] },
						"up": { "texture": "#surface", "uv": [ 0.0, 0.0, 4.0, 0.5 ] },
						"down": { "texture": "#surface", "uv": [ 0.0, 0.0, 4.0, 0.5 ] }
					},
					"children": [
						{
							"name": "MRM2",
							"from": [ 4.5, 0.0, 0.0 ],
							"to": [ 8.5, 2.0, 0.5 ],
							"rotationOrigin": [ 5.0, 0.5, 0.0 ],
							"faces": {
								"north": { "texture": "#surface", "uv": [ 0.0, 0.0, 4.0, 2.0 ] },
								"east": { "texture": "#surface", "uv": [ 0.0, 0.0, 0.5, 2.0 ] },
								"south": { "texture": "#surface", "uv": [ 6.0, 3.0, 10.0, 5.0 ] },
								"west": { "texture": "#surface", "uv": [ 0.0, 0.0, 0.5, 2.0 ] },
								"up": { "texture": "#surface", "uv": [ 0.0, 0.0, 4.0, 0.5 ] },
								"down": { "texture": "#surface", "uv": [ 0.0, 0.0, 4.0, 0.5 ] }
							}
						},
						{
							"name": "MRR2",
							"from": [ 9.0, 0.0, 0.0 ],
							"to": [ 13.0, 2.0, 0.5 ],
							"rotationOrigin": [ 10.0, 0.5, 0.0 ],
							"faces": {
								"north": { "texture": "#surface", "uv": [ 0.0, 0.0, 4.0, 2.0 ] },
								"east": { "texture": "#surface", "uv": [ 0.0, 0.0, 0.5, 2.0 ] },
								"south": { "texture": "#surface", "uv": [ 6.0, 3.0, 10.0, 5.0 ] },
								"west": { "texture": "#surface", "uv": [ 0.0, 0.0, 0.5, 2.0 ] },
								"up": { "texture": "#surface", "uv": [ 0.0, 0.0, 4.0, 0.5 ] },
								"down": { "texture": "#surface", "uv": [ 0.0, 0.0, 4.0, 0.5 ] }
							}
						}
					]
				},
				{
					"name": "MRL3",
					"from": [ 0.5, 0.5, 5.0 ],
					"to": [ 4.5, 2.5, 5.5 ],
					"rotationOrigin": [ 0.0, 1.0, 5.0 ],
					"rotationX": -22.5,
					"faces": {
						"north": { "texture": "#surface", "uv": [ 0.0, 0.0, 4.0, 2.0 ] },
						"east": { "texture": "#surface", "uv": [ 0.0, 0.0, 0.5, 2.0 ] },
						"south": { "texture": "#surface", "uv": [ 6.0, 3.0, 10.0, 5.0 ] },
						"west": { "texture": "#surface", "uv": [ 0.0, 0.0, 0.5, 2.0 ] },
						"up": { "texture": "#surface", "uv": [ 0.0, 0.0, 4.0, 0.5 ] },
						"down": { "texture": "#surface", "uv": [ 0.0, 0.0, 4.0, 0.5 ] }
					},
					"children": [
						{
							"name": "MRM3",
							"from": [ 4.5, 0.0, 0.0 ],
							"to": [ 8.5, 2.0, 0.5 ],
							"rotationOrigin": [ 5.0, 0.5, 0.0 ],
							"faces": {
								"north": { "texture": "#surface", "uv": [ 0.0, 0.0, 4.0, 2.0 ] },
								"east": { "texture": "#surface", "uv": [ 0.0, 0.0, 0.5, 2.0 ] },
								"south": { "texture": "#surface", "uv": [ 6.0, 3.0, 10.0, 5.0 ] },
								"west": { "texture": "#surface", "uv": [ 0.0, 0.0, 0.5, 2.0 ] },
								"up": { "texture": "#surface", "uv": [ 0.0, 0.0, 4.0, 0.5 ] },
								"down": { "texture": "#surface", "uv": [ 0.0, 0.0, 4.0, 0.5 ] }
							}
						},
						{
							"name": "MRR3",
							"from": [ 9.0, 0.0, 0.0 ],
							"to": [ 13.0, 2.0, 0.5 ],
							"rotationOrigin": [ 10.0, 0.5, 0.0 ],
							"faces": {
								"north": { "texture": "#surface", "uv": [ 0.0, 0.0, 4.0, 2.0 ] },
								"east": { "texture": "#surface", "uv": [ 0.0, 0.0, 0.5, 2.0 ] },
								"south": { "texture": "#surface", "uv": [ 6.0, 3.0, 10.0, 5.0 ] },
								"west": { "texture": "#surface", "uv": [ 0.0, 0.0, 0.5, 2.0 ] },
								"up": { "texture": "#surface", "uv": [ 0.0, 0.0, 4.0, 0.5 ] },
								"down": { "texture": "#surface", "uv": [ 0.0, 0.0, 4.0, 0.5 ] }
							}
						}
					]
				},
				{
					"name": "MRL4",
					"from": [ 0.5, 0.5, 7.0 ],
					"to": [ 4.5, 2.5, 7.5 ],
					"rotationOrigin": [ 0.0, 1.0, 7.0 ],
					"rotationX": -22.5,
					"faces": {
						"north": { "texture": "#surface", "uv": [ 0.0, 0.0, 4.0, 2.0 ] },
						"east": { "texture": "#surface", "uv": [ 0.0, 0.0, 0.5, 2.0 ] },
						"south": { "texture": "#surface", "uv": [ 6.0, 3.0, 10.0, 5.0 ] },
						"west": { "texture": "#surface", "uv": [ 0.0, 0.0, 0.5, 2.0 ] },
						"up": { "texture": "#surface", "uv": [ 0.0, 0.0, 4.0, 0.5 ] },
						"down": { "texture": "#surface", "uv": [ 0.0, 0.0, 4.0, 0.5 ] }
					},
					"children": [
						{
							"name": "MRM4",
							"from": [ 4.5, 0.0, 0.0 ],
							"to": [ 8.5, 2.0, 0.5 ],
							"rotationOrigin": [ 5.0, 0.5, 0.0 ],
							"faces": {
								"north": { "texture": "#surface", "uv": [ 0.0, 0.0, 4.0, 2.0 ] },
								"east": { "texture": "#surface", "uv": [ 0.0, 0.0, 0.5, 2.0 ] },
								"south": { "texture": "#surface", "uv": [ 6.0, 3.0, 10.0, 5.0 ] },
								"west": { "texture": "#surface", "uv": [ 0.0, 0.0, 0.5, 2.0 ] },
								"up": { "texture": "#surface", "uv": [ 0.0, 0.0, 4.0, 0.5 ] },
								"down": { "texture": "#surface", "uv": [ 0.0, 0.0, 4.0, 0.5 ] }
							}
						},
						{
							"name": "MRR4",
							"from": [ 9.0, 0.0, 0.0 ],
							"to": [ 13.0, 2.0, 0.5 ],
							"rotationOrigin": [ 10.0, 0.5, 0.0 ],
							"faces": {
								"north": { "texture": "#surface", "uv": [ 0.0, 0.0, 4.0, 2.0 ] },
								"east": { "texture": "#surface", "uv": [ 0.0, 0.0, 0.5, 2.0 ] },
								"south": { "texture": "#surface", "uv": [ 6.0, 3.0, 10.0, 5.0 ] },
								"west": { "texture": "#surface", "uv": [ 0.0, 0.0, 0.5, 2.0 ] },
								"up": { "texture": "#surface", "uv": [ 0.0, 0.0, 4.0, 0.5 ] },
								"down": { "texture": "#surface", "uv": [ 0.0, 0.0, 4.0, 0.5 ] }
							}
						}
					]
				},
				{
					"name": "MRL5",
					"from": [ 0.5, 0.5, 9.0 ],
					"to": [ 4.5, 2.5, 9.5 ],
					"rotationOrigin": [ 0.0, 1.0, 9.0 ],
					"rotationX": -22.5,
					"faces": {
						"north": { "texture": "#surface", "uv": [ 0.0, 0.0, 4.0, 2.0 ] },
						"east": { "texture": "#surface", "uv": [ 0.0, 0.0, 0.5, 2.0 ] },
						"south": { "texture": "#surface", "uv": [ 6.0, 3.0, 10.0, 5.0 ] },
						"west": { "texture": "#surface", "uv": [ 0.0, 0.0, 0.5, 2.0 ] },
						"up": { "texture": "#surface", "uv": [ 0.0, 0.0, 4.0, 0.5 ] },
						"down": { "texture": "#surface", "uv": [ 0.0, 0.0, 4.0, 0.5 ] }
					},
					"children": [
						{
							"name": "MRM5",
							"from": [ 4.5, 0.0, 0.0 ],
							"to": [ 8.5, 2.0, 0.5 ],
							"rotationOrigin": [ 5.0, 0.5, 0.0 ],
							"faces": {
								"north": { "texture": "#surface", "uv": [ 0.0, 0.0, 4.0, 2.0 ] },
								"east": { "texture": "#surface", "uv": [ 0.0, 0.0, 0.5, 2.0 ] },
								"south": { "texture": "#surface", "uv": [ 6.0, 3.0, 10.0, 5.0 ] },
								"west": { "texture": "#surface", "uv": [ 0.0, 0.0, 0.5, 2.0 ] },
								"up": { "texture": "#surface", "uv": [ 0.0, 0.0, 4.0, 0.5 ] },
								"down": { "texture": "#surface", "uv": [ 0.0, 0.0, 4.0, 0.5 ] }
							}
						},
						{
							"name": "MRR5",
							"from": [ 9.0, 0.0, 0.0 ],
							"to": [ 13.0, 2.0, 0.5 ],
							"rotationOrigin": [ 10.0, 0.5, 0.0 ],
							"faces": {
								"north": { "texture": "#surface", "uv": [ 0.0, 0.0, 4.0, 2.0 ] },
								"east": { "texture": "#surface", "uv": [ 0.0, 0.0, 0.5, 2.0 ] },
								"south": { "texture": "#surface", "uv": [ 6.0, 3.0, 10.0, 5.0 ] },
								"west": { "texture": "#surface", "uv": [ 0.0, 0.0, 0.5, 2.0 ] },
								"up": { "texture": "#surface", "uv": [ 0.0, 0.0, 4.0, 0.5 ] },
								"down": { "texture": "#surface", "uv": [ 0.0, 0.0, 4.0, 0.5 ] }
							}
						}
					]
				},
				{
					"name": "MRL6",
					"from": [ 0.5, 0.5, 11.0 ],
					"to": [ 4.5, 2.5, 11.5 ],
					"rotationOrigin": [ 0.0, 1.0, 11.0 ],
					"rotationX": -22.5,
					"faces": {
						"north": { "texture": "#surface", "uv": [ 0.0, 0.0, 4.0, 2.0 ] },
						"east": { "texture": "#surface", "uv": [ 0.0, 0.0, 0.5, 2.0 ] },
						"south": { "texture": "#surface", "uv": [ 6.0, 3.0, 10.0, 5.0 ] },
						"west": { "texture": "#surface", "uv": [ 0.0, 0.0, 0.5, 2.0 ] },
						"up": { "texture": "#surface", "uv": [ 0.0, 0.0, 4.0, 0.5 ] },
						"down": { "texture": "#surface", "uv": [ 0.0, 0.0, 4.0, 0.5 ] }
					},
					"children": [
						{
							"name": "MRM6",
							"from": [ 4.5, 0.0, 0.0 ],
							"to": [ 8.5, 2.0, 0.5 ],
							"rotationOrigin": [ 5.0, 0.5, 0.0 ],
							"faces": {
								"north": { "texture": "#surface", "uv": [ 0.0, 0.0, 4.0, 2.0 ] },
								"east": { "texture": "#surface", "uv": [ 0.0, 0.0, 0.5, 2.0 ] },
								"south": { "texture": "#surface", "uv": [ 6.0, 3.0, 10.0, 5.0 ] },
								"west": { "texture": "#surface", "uv": [ 0.0, 0.0, 0.5, 2.0 ] },
								"up": { "texture": "#surface", "uv": [ 0.0, 0.0, 4.0, 0.5 ] },
								"down": { "texture": "#surface", "uv": [ 0.0, 0.0, 4.0, 0.5 ] }
							}
						},
						{
							"name": "MRR6",
							"from": [ 9.0, 0.0, 0.0 ],
							"to": [ 13.0, 2.0, 0.5 ],
							"rotationOrigin": [ 10.0, 0.5, 0.0 ],
							"faces": {
								"north": { "texture": "#surface", "uv": [ 0.0, 0.0, 4.0, 2.0 ] },
								"east": { "texture": "#surface", "uv": [ 0.0, 0.0, 0.5, 2.0 ] },
								"south": { "texture": "#surface", "uv": [ 6.0, 3.0, 10.0, 5.0 ] },
								"west": { "texture": "#surface", "uv": [ 0.0, 0.0, 0.5, 2.0 ] },
								"up": { "texture": "#surface", "uv": [ 0.0, 0.0, 4.0, 0.5 ] },
								"down": { "texture": "#surface", "uv": [ 0.0, 0.0, 4.0, 0.5 ] }
							}
						}
					]
				}
			]
		},
		{
			"name": "TShelf",
			"from": [ 1.0, 12.0, 1.0 ],
			"to": [ 15.0, 13.0, 14.0 ],
			"rotationOrigin": [ 1.0, 12.0, 1.0 ],
			"faces": {
				"north": { "texture": "#surface", "uv": [ 0.0, 0.0, 14.0, 1.0 ] },
				"east": { "texture": "#surface", "uv": [ 0.0, 0.0, 13.0, 1.0 ] },
				"south": { "texture": "#surface", "uv": [ 0.0, 3.0, 14.0, 4.0 ] },
				"west": { "texture": "#surface", "uv": [ 0.0, 0.0, 13.0, 1.0 ] },
				"up": { "texture": "#surface", "uv": [ 0.0, 3.0, 16.0, 16.0 ], "autoUv": false },
				"down": { "texture": "#surface", "uv": [ 0.0, 3.0, 16.0, 16.0 ], "autoUv": false }
			},
			"children": [
				{
					"name": "TRL1",
					"from": [ 0.5, 0.5, 1.0 ],
					"to": [ 4.5, 2.5, 1.5 ],
					"rotationOrigin": [ 0.0, 1.0, 1.0 ],
					"rotationX": -22.5,
					"faces": {
						"north": { "texture": "#surface", "uv": [ 0.0, 0.0, 4.0, 2.0 ] },
						"east": { "texture": "#surface", "uv": [ 0.0, 0.0, 0.5, 2.0 ] },
						"south": { "texture": "#surface", "uv": [ 6.0, 3.0, 10.0, 5.0 ] },
						"west": { "texture": "#surface", "uv": [ 0.0, 0.0, 0.5, 2.0 ] },
						"up": { "texture": "#surface", "uv": [ 0.0, 0.0, 4.0, 0.5 ] },
						"down": { "texture": "#surface", "uv": [ 0.0, 0.0, 4.0, 0.5 ] }
					},
					"children": [
						{
							"name": "TRM1",
							"from": [ 4.5, 0.0, 0.0 ],
							"to": [ 8.5, 2.0, 0.5 ],
							"rotationOrigin": [ 5.0, 0.5, 0.0 ],
							"faces": {
								"north": { "texture": "#surface", "uv": [ 0.0, 0.0, 4.0, 2.0 ] },
								"east": { "texture": "#surface", "uv": [ 0.0, 0.0, 0.5, 2.0 ] },
								"south": { "texture": "#surface", "uv": [ 6.0, 3.0, 10.0, 5.0 ] },
								"west": { "texture": "#surface", "uv": [ 0.0, 0.0, 0.5, 2.0 ] },
								"up": { "texture": "#surface", "uv": [ 0.0, 0.0, 4.0, 0.5 ] },
								"down": { "texture": "#surface", "uv": [ 0.0, 0.0, 4.0, 0.5 ] }
							}
						},
						{
							"name": "TRR1",
							"from": [ 9.0, 0.0, 0.0 ],
							"to": [ 13.0, 2.0, 0.5 ],
							"rotationOrigin": [ 10.0, 0.5, 0.0 ],
							"faces": {
								"north": { "texture": "#surface", "uv": [ 0.0, 0.0, 4.0, 2.0 ] },
								"east": { "texture": "#surface", "uv": [ 0.0, 0.0, 0.5, 2.0 ] },
								"south": { "texture": "#surface", "uv": [ 6.0, 3.0, 10.0, 5.0 ] },
								"west": { "texture": "#surface", "uv": [ 0.0, 0.0, 0.5, 2.0 ] },
								"up": { "texture": "#surface", "uv": [ 0.0, 0.0, 4.0, 0.5 ] },
								"down": { "texture": "#surface", "uv": [ 0.0, 0.0, 4.0, 0.5 ] }
							}
						}
					]
				},
				{
					"name": "TBFence",
					"from": [ 0.0, 0.0, -1.0 ],
					"to": [ 14.0, 2.0, 0.0 ],
					"rotationOrigin": [ 0.0, 0.0, -1.0 ],
					"faces": {
						"north": { "texture": "#surface", "uv": [ 14.0, 3.0, 16.0, 16.0 ], "rotation": 90, "autoUv": false },
						"east": { "texture": "#surface", "uv": [ 2.0, 12.0, 3.0, 14.0 ] },
						"south": { "texture": "#surface", "uv": [ 14.0, 3.0, 16.0, 16.0 ], "rotation": 270, "autoUv": false },
						"west": { "texture": "#surface", "uv": [ 2.0, 0.0, 3.0, 2.0 ], "rotation": 180 },
						"up": { "texture": "#surface", "uv": [ 15.0, 3.0, 16.0, 16.0 ], "rotation": 270, "autoUv": false },
						"down": { "texture": "#surface", "uv": [ 6.0, 3.0, 7.0, 16.0 ], "rotation": 90, "autoUv": false }
					}
				},
				{
					"name": "TRFence",
					"from": [ 14.0, 0.0, -1.0 ],
					"to": [ 15.0, 2.0, 13.0 ],
					"rotationOrigin": [ 14.0, 0.0, -1.0 ],
					"faces": {
						"north": { "texture": "#surface", "uv": [ 1.0, 3.0, 3.0, 4.0 ], "rotation": 90 },
						"east": { "texture": "#surface", "uv": [ 14.0, 3.0, 16.0, 16.0 ], "rotation": 270, "autoUv": false },
						"south": { "texture": "#surface", "uv": [ 1.0, 3.0, 3.0, 4.0 ], "rotation": 90 },
						"west": { "texture": "#surface", "uv": [ 1.0, 3.0, 3.0, 15.0 ], "rotation": 90, "autoUv": false },
						"up": { "texture": "#surface", "uv": [ 0.0, 3.0, 1.0, 16.0 ], "rotation": 180, "autoUv": false },
						"down": { "texture": "#surface", "uv": [ 3.0, 3.0, 4.0, 16.0 ], "rotation": 180, "autoUv": false }
					}
				},
				{
					"name": "TLBeam",
					"from": [ 0.0, 2.0, -1.0 ],
					"to": [ 2.0, 4.0, 0.0 ],
					"rotationOrigin": [ 0.0, 2.0, -1.0 ],
					"faces": {
						"north": { "texture": "#wood", "uv": [ 5.0, 13.0, 7.0, 15.0 ] },
						"east": { "texture": "#wood", "uv": [ 1.0, 8.0, 2.0, 10.0 ] },
						"south": { "texture": "#wood", "uv": [ 10.0, 13.0, 12.0, 15.0 ] },
						"west": { "texture": "#wood", "uv": [ 4.0, 10.0, 5.0, 12.0 ] },
						"up": { "texture": "#wood", "uv": [ 0.0, 8.0, 2.0, 9.0 ] },
						"down": { "texture": "#wood", "uv": [ 0.0, 8.0, 2.0, 9.0 ] }
					}
				},
				{
					"name": "TRBeam",
					"from": [ 12.0, 2.0, -1.0 ],
					"to": [ 14.0, 4.0, 0.0 ],
					"rotationOrigin": [ 12.0, 2.0, -1.0 ],
					"faces": {
						"north": { "texture": "#wood", "uv": [ 5.0, 13.0, 7.0, 15.0 ] },
						"east": { "texture": "#wood", "uv": [ 1.0, 8.0, 2.0, 10.0 ] },
						"south": { "texture": "#wood", "uv": [ 10.0, 13.0, 12.0, 15.0 ] },
						"west": { "texture": "#wood", "uv": [ 4.0, 10.0, 5.0, 12.0 ] },
						"up": { "texture": "#wood", "uv": [ 0.0, 8.0, 2.0, 9.0 ] },
						"down": { "texture": "#wood", "uv": [ 0.0, 8.0, 2.0, 9.0 ] }
					}
				},
				{
					"name": "TLFence",
					"from": [ -1.0, 0.0, -1.0 ],
					"to": [ 0.0, 2.0, 13.0 ],
					"rotationOrigin": [ -1.0, 0.0, -1.0 ],
					"faces": {
						"north": { "texture": "#surface", "uv": [ 1.0, 3.0, 3.0, 4.0 ], "rotation": 90 },
						"east": { "texture": "#surface", "uv": [ 0.0, 3.0, 2.0, 16.0 ], "rotation": 270, "autoUv": false, "windMode": [-1,-1,-1,-1] },
						"south": { "texture": "#surface", "uv": [ 1.0, 15.0, 3.0, 16.0 ], "rotation": 90 },
						"west": { "texture": "#surface", "uv": [ 12.0, 3.0, 14.0, 16.0 ], "rotation": 90, "autoUv": false },
						"up": { "texture": "#surface", "uv": [ 15.0, 3.0, 16.0, 16.0 ], "rotation": 180, "autoUv": false },
						"down": { "texture": "#surface", "uv": [ 3.0, 3.0, 4.0, 16.0 ], "rotation": 180, "autoUv": false }
					}
				},
				{
					"name": "TRL2",
					"from": [ 0.5, 0.5, 3.0 ],
					"to": [ 4.5, 2.5, 3.5 ],
					"rotationOrigin": [ 0.0, 1.0, 3.0 ],
					"rotationX": -22.5,
					"faces": {
						"north": { "texture": "#surface", "uv": [ 0.0, 0.0, 4.0, 2.0 ] },
						"east": { "texture": "#surface", "uv": [ 0.0, 0.0, 0.5, 2.0 ] },
						"south": { "texture": "#surface", "uv": [ 6.0, 3.0, 10.0, 5.0 ] },
						"west": { "texture": "#surface", "uv": [ 0.0, 0.0, 0.5, 2.0 ] },
						"up": { "texture": "#surface", "uv": [ 0.0, 0.0, 4.0, 0.5 ] },
						"down": { "texture": "#surface", "uv": [ 0.0, 0.0, 4.0, 0.5 ] }
					},
					"children": [
						{
							"name": "TRM2",
							"from": [ 4.5, 0.0, 0.0 ],
							"to": [ 8.5, 2.0, 0.5 ],
							"rotationOrigin": [ 5.0, 0.5, 0.0 ],
							"faces": {
								"north": { "texture": "#surface", "uv": [ 0.0, 0.0, 4.0, 2.0 ] },
								"east": { "texture": "#surface", "uv": [ 0.0, 0.0, 0.5, 2.0 ] },
								"south": { "texture": "#surface", "uv": [ 6.0, 3.0, 10.0, 5.0 ] },
								"west": { "texture": "#surface", "uv": [ 0.0, 0.0, 0.5, 2.0 ] },
								"up": { "texture": "#surface", "uv": [ 0.0, 0.0, 4.0, 0.5 ] },
								"down": { "texture": "#surface", "uv": [ 0.0, 0.0, 4.0, 0.5 ] }
							}
						},
						{
							"name": "TRR2",
							"from": [ 9.0, 0.0, 0.0 ],
							"to": [ 13.0, 2.0, 0.5 ],
							"rotationOrigin": [ 10.0, 0.5, 0.0 ],
							"faces": {
								"north": { "texture": "#surface", "uv": [ 0.0, 0.0, 4.0, 2.0 ] },
								"east": { "texture": "#surface", "uv": [ 0.0, 0.0, 0.5, 2.0 ] },
								"south": { "texture": "#surface", "uv": [ 6.0, 3.0, 10.0, 5.0 ] },
								"west": { "texture": "#surface", "uv": [ 0.0, 0.0, 0.5, 2.0 ] },
								"up": { "texture": "#surface", "uv": [ 0.0, 0.0, 4.0, 0.5 ] },
								"down": { "texture": "#surface", "uv": [ 0.0, 0.0, 4.0, 0.5 ] }
							}
						}
					]
				},
				{
					"name": "TRL3",
					"from": [ 0.5, 0.5, 5.0 ],
					"to": [ 4.5, 2.5, 5.5 ],
					"rotationOrigin": [ 0.0, 1.0, 5.0 ],
					"rotationX": -22.5,
					"faces": {
						"north": { "texture": "#surface", "uv": [ 0.0, 0.0, 4.0, 2.0 ] },
						"east": { "texture": "#surface", "uv": [ 0.0, 0.0, 0.5, 2.0 ] },
						"south": { "texture": "#surface", "uv": [ 6.0, 3.0, 10.0, 5.0 ] },
						"west": { "texture": "#surface", "uv": [ 0.0, 0.0, 0.5, 2.0 ] },
						"up": { "texture": "#surface", "uv": [ 0.0, 0.0, 4.0, 0.5 ] },
						"down": { "texture": "#surface", "uv": [ 0.0, 0.0, 4.0, 0.5 ] }
					},
					"children": [
						{
							"name": "TRM3",
							"from": [ 4.5, 0.0, 0.0 ],
							"to": [ 8.5, 2.0, 0.5 ],
							"rotationOrigin": [ 5.0, 0.5, 0.0 ],
							"faces": {
								"north": { "texture": "#surface", "uv": [ 0.0, 0.0, 4.0, 2.0 ] },
								"east": { "texture": "#surface", "uv": [ 0.0, 0.0, 0.5, 2.0 ] },
								"south": { "texture": "#surface", "uv": [ 6.0, 3.0, 10.0, 5.0 ] },
								"west": { "texture": "#surface", "uv": [ 0.0, 0.0, 0.5, 2.0 ] },
								"up": { "texture": "#surface", "uv": [ 0.0, 0.0, 4.0, 0.5 ] },
								"down": { "texture": "#surface", "uv": [ 0.0, 0.0, 4.0, 0.5 ] }
							}
						},
						{
							"name": "TRR3",
							"from": [ 9.0, 0.0, 0.0 ],
							"to": [ 13.0, 2.0, 0.5 ],
							"rotationOrigin": [ 10.0, 0.5, 0.0 ],
							"faces": {
								"north": { "texture": "#surface", "uv": [ 0.0, 0.0, 4.0, 2.0 ] },
								"east": { "texture": "#surface", "uv": [ 0.0, 0.0, 0.5, 2.0 ] },
								"south": { "texture": "#surface", "uv": [ 6.0, 3.0, 10.0, 5.0 ] },
								"west": { "texture": "#surface", "uv": [ 0.0, 0.0, 0.5, 2.0 ] },
								"up": { "texture": "#surface", "uv": [ 0.0, 0.0, 4.0, 0.5 ] },
								"down": { "texture": "#surface", "uv": [ 0.0, 0.0, 4.0, 0.5 ] }
							}
						}
					]
				},
				{
					"name": "TRL4",
					"from": [ 0.5, 0.5, 7.0 ],
					"to": [ 4.5, 2.5, 7.5 ],
					"rotationOrigin": [ 0.0, 1.0, 7.0 ],
					"rotationX": -22.5,
					"faces": {
						"north": { "texture": "#surface", "uv": [ 0.0, 0.0, 4.0, 2.0 ] },
						"east": { "texture": "#surface", "uv": [ 0.0, 0.0, 0.5, 2.0 ] },
						"south": { "texture": "#surface", "uv": [ 6.0, 3.0, 10.0, 5.0 ] },
						"west": { "texture": "#surface", "uv": [ 0.0, 0.0, 0.5, 2.0 ] },
						"up": { "texture": "#surface", "uv": [ 0.0, 0.0, 4.0, 0.5 ] },
						"down": { "texture": "#surface", "uv": [ 0.0, 0.0, 4.0, 0.5 ] }
					},
					"children": [
						{
							"name": "TRM4",
							"from": [ 4.5, 0.0, 0.0 ],
							"to": [ 8.5, 2.0, 0.5 ],
							"rotationOrigin": [ 5.0, 0.5, 0.0 ],
							"faces": {
								"north": { "texture": "#surface", "uv": [ 0.0, 0.0, 4.0, 2.0 ] },
								"east": { "texture": "#surface", "uv": [ 0.0, 0.0, 0.5, 2.0 ] },
								"south": { "texture": "#surface", "uv": [ 6.0, 3.0, 10.0, 5.0 ] },
								"west": { "texture": "#surface", "uv": [ 0.0, 0.0, 0.5, 2.0 ] },
								"up": { "texture": "#surface", "uv": [ 0.0, 0.0, 4.0, 0.5 ] },
								"down": { "texture": "#surface", "uv": [ 0.0, 0.0, 4.0, 0.5 ] }
							}
						},
						{
							"name": "TRR4",
							"from": [ 9.0, 0.0, 0.0 ],
							"to": [ 13.0, 2.0, 0.5 ],
							"rotationOrigin": [ 10.0, 0.5, 0.0 ],
							"faces": {
								"north": { "texture": "#surface", "uv": [ 0.0, 0.0, 4.0, 2.0 ] },
								"east": { "texture": "#surface", "uv": [ 0.0, 0.0, 0.5, 2.0 ] },
								"south": { "texture": "#surface", "uv": [ 6.0, 3.0, 10.0, 5.0 ] },
								"west": { "texture": "#surface", "uv": [ 0.0, 0.0, 0.5, 2.0 ] },
								"up": { "texture": "#surface", "uv": [ 0.0, 0.0, 4.0, 0.5 ] },
								"down": { "texture": "#surface", "uv": [ 0.0, 0.0, 4.0, 0.5 ] }
							}
						}
					]
				},
				{
					"name": "TRL5",
					"from": [ 0.5, 0.5, 9.0 ],
					"to": [ 4.5, 2.5, 9.5 ],
					"rotationOrigin": [ 0.0, 1.0, 9.0 ],
					"rotationX": -22.5,
					"faces": {
						"north": { "texture": "#surface", "uv": [ 0.0, 0.0, 4.0, 2.0 ] },
						"east": { "texture": "#surface", "uv": [ 0.0, 0.0, 0.5, 2.0 ] },
						"south": { "texture": "#surface", "uv": [ 6.0, 3.0, 10.0, 5.0 ] },
						"west": { "texture": "#surface", "uv": [ 0.0, 0.0, 0.5, 2.0 ] },
						"up": { "texture": "#surface", "uv": [ 0.0, 0.0, 4.0, 0.5 ] },
						"down": { "texture": "#surface", "uv": [ 0.0, 0.0, 4.0, 0.5 ] }
					},
					"children": [
						{
							"name": "TRM5",
							"from": [ 4.5, 0.0, 0.0 ],
							"to": [ 8.5, 2.0, 0.5 ],
							"rotationOrigin": [ 5.0, 0.5, 0.0 ],
							"faces": {
								"north": { "texture": "#surface", "uv": [ 0.0, 0.0, 4.0, 2.0 ] },
								"east": { "texture": "#surface", "uv": [ 0.0, 0.0, 0.5, 2.0 ] },
								"south": { "texture": "#surface", "uv": [ 6.0, 3.0, 10.0, 5.0 ] },
								"west": { "texture": "#surface", "uv": [ 0.0, 0.0, 0.5, 2.0 ] },
								"up": { "texture": "#surface", "uv": [ 0.0, 0.0, 4.0, 0.5 ] },
								"down": { "texture": "#surface", "uv": [ 0.0, 0.0, 4.0, 0.5 ] }
							}
						},
						{
							"name": "TRR5",
							"from": [ 9.0, 0.0, 0.0 ],
							"to": [ 13.0, 2.0, 0.5 ],
							"rotationOrigin": [ 10.0, 0.5, 0.0 ],
							"faces": {
								"north": { "texture": "#surface", "uv": [ 0.0, 0.0, 4.0, 2.0 ] },
								"east": { "texture": "#surface", "uv": [ 0.0, 0.0, 0.5, 2.0 ] },
								"south": { "texture": "#surface", "uv": [ 6.0, 3.0, 10.0, 5.0 ] },
								"west": { "texture": "#surface", "uv": [ 0.0, 0.0, 0.5, 2.0 ] },
								"up": { "texture": "#surface", "uv": [ 0.0, 0.0, 4.0, 0.5 ] },
								"down": { "texture": "#surface", "uv": [ 0.0, 0.0, 4.0, 0.5 ] }
							}
						}
					]
				},
				{
					"name": "TRL6",
					"from": [ 0.5, 0.5, 11.0 ],
					"to": [ 4.5, 2.5, 11.5 ],
					"rotationOrigin": [ 0.0, 1.0, 11.0 ],
					"rotationX": -22.5,
					"faces": {
						"north": { "texture": "#surface", "uv": [ 0.0, 0.0, 4.0, 2.0 ] },
						"east": { "texture": "#surface", "uv": [ 0.0, 0.0, 0.5, 2.0 ] },
						"south": { "texture": "#surface", "uv": [ 6.0, 3.0, 10.0, 5.0 ] },
						"west": { "texture": "#surface", "uv": [ 0.0, 0.0, 0.5, 2.0 ] },
						"up": { "texture": "#surface", "uv": [ 0.0, 0.0, 4.0, 0.5 ] },
						"down": { "texture": "#surface", "uv": [ 0.0, 0.0, 4.0, 0.5 ] }
					},
					"children": [
						{
							"name": "TRM6",
							"from": [ 4.5, 0.0, 0.0 ],
							"to": [ 8.5, 2.0, 0.5 ],
							"rotationOrigin": [ 5.0, 0.5, 0.0 ],
							"faces": {
								"north": { "texture": "#surface", "uv": [ 0.0, 0.0, 4.0, 2.0 ] },
								"east": { "texture": "#surface", "uv": [ 0.0, 0.0, 0.5, 2.0 ] },
								"south": { "texture": "#surface", "uv": [ 6.0, 3.0, 10.0, 5.0 ] },
								"west": { "texture": "#surface", "uv": [ 0.0, 0.0, 0.5, 2.0 ] },
								"up": { "texture": "#surface", "uv": [ 0.0, 0.0, 4.0, 0.5 ] },
								"down": { "texture": "#surface", "uv": [ 0.0, 0.0, 4.0, 0.5 ] }
							}
						},
						{
							"name": "TRR6",
							"from": [ 9.0, 0.0, 0.0 ],
							"to": [ 13.0, 2.0, 0.5 ],
							"rotationOrigin": [ 10.0, 0.5, 0.0 ],
							"faces": {
								"north": { "texture": "#surface", "uv": [ 0.0, 0.0, 4.0, 2.0 ] },
								"east": { "texture": "#surface", "uv": [ 0.0, 0.0, 0.5, 2.0 ] },
								"south": { "texture": "#surface", "uv": [ 6.0, 3.0, 10.0, 5.0 ] },
								"west": { "texture": "#surface", "uv": [ 0.0, 0.0, 0.5, 2.0 ] },
								"up": { "texture": "#surface", "uv": [ 0.0, 0.0, 4.0, 0.5 ] },
								"down": { "texture": "#surface", "uv": [ 0.0, 0.0, 4.0, 0.5 ] }
							}
						}
					]
				}
			]
		},
		{
			"name": "MUShelf",
			"from": [ 1.0, 8.0, 1.0 ],
			"to": [ 15.0, 9.0, 14.0 ],
			"rotationOrigin": [ 1.0, 8.0, 1.0 ],
			"faces": {
				"north": { "texture": "#surface", "uv": [ 0.0, 0.0, 14.0, 1.0 ] },
				"east": { "texture": "#surface", "uv": [ 0.0, 0.0, 13.0, 1.0 ] },
				"south": { "texture": "#surface", "uv": [ 0.0, 3.0, 14.0, 4.0 ] },
				"west": { "texture": "#surface", "uv": [ 0.0, 0.0, 13.0, 1.0 ] },
				"up": { "texture": "#surface", "uv": [ 0.0, 3.0, 16.0, 16.0 ], "autoUv": false },
				"down": { "texture": "#surface", "uv": [ 0.0, 3.0, 16.0, 16.0 ], "autoUv": false }
			},
			"children": [
				{
					"name": "MRL7",
					"from": [ 0.5, 0.5, 1.0 ],
					"to": [ 4.5, 2.5, 1.5 ],
					"rotationOrigin": [ 0.0, 1.0, 1.0 ],
					"rotationX": -22.5,
					"faces": {
						"north": { "texture": "#surface", "uv": [ 0.0, 0.0, 4.0, 2.0 ] },
						"east": { "texture": "#surface", "uv": [ 0.0, 0.0, 0.5, 2.0 ] },
						"south": { "texture": "#surface", "uv": [ 6.0, 3.0, 10.0, 5.0 ] },
						"west": { "texture": "#surface", "uv": [ 0.0, 0.0, 0.5, 2.0 ] },
						"up": { "texture": "#surface", "uv": [ 0.0, 0.0, 4.0, 0.5 ] },
						"down": { "texture": "#surface", "uv": [ 0.0, 0.0, 4.0, 0.5 ] }
					},
					"children": [
						{
							"name": "MRM7",
							"from": [ 4.5, 0.0, 0.0 ],
							"to": [ 8.5, 2.0, 0.5 ],
							"rotationOrigin": [ 5.0, 0.5, 0.0 ],
							"faces": {
								"north": { "texture": "#surface", "uv": [ 0.0, 0.0, 4.0, 2.0 ] },
								"east": { "texture": "#surface", "uv": [ 0.0, 0.0, 0.5, 2.0 ] },
								"south": { "texture": "#surface", "uv": [ 6.0, 3.0, 10.0, 5.0 ] },
								"west": { "texture": "#surface", "uv": [ 0.0, 0.0, 0.5, 2.0 ] },
								"up": { "texture": "#surface", "uv": [ 0.0, 0.0, 4.0, 0.5 ] },
								"down": { "texture": "#surface", "uv": [ 0.0, 0.0, 4.0, 0.5 ] }
							}
						},
						{
							"name": "MRR7",
							"from": [ 9.0, 0.0, 0.0 ],
							"to": [ 13.0, 2.0, 0.5 ],
							"rotationOrigin": [ 10.0, 0.5, 0.0 ],
							"faces": {
								"north": { "texture": "#surface", "uv": [ 0.0, 0.0, 4.0, 2.0 ] },
								"east": { "texture": "#surface", "uv": [ 0.0, 0.0, 0.5, 2.0 ] },
								"south": { "texture": "#surface", "uv": [ 6.0, 3.0, 10.0, 5.0 ] },
								"west": { "texture": "#surface", "uv": [ 0.0, 0.0, 0.5, 2.0 ] },
								"up": { "texture": "#surface", "uv": [ 0.0, 0.0, 4.0, 0.5 ] },
								"down": { "texture": "#surface", "uv": [ 0.0, 0.0, 4.0, 0.5 ] }
							}
						}
					]
				},
				{
					"name": "MBFence2",
					"from": [ 0.0, 0.0, -1.0 ],
					"to": [ 14.0, 2.0, 0.0 ],
					"rotationOrigin": [ 0.0, 0.0, -1.0 ],
					"faces": {
						"north": { "texture": "#surface", "uv": [ 14.0, 3.0, 16.0, 16.0 ], "rotation": 90, "autoUv": false },
						"east": { "texture": "#surface", "uv": [ 2.0, 12.0, 3.0, 14.0 ] },
						"south": { "texture": "#surface", "uv": [ 14.0, 3.0, 16.0, 16.0 ], "rotation": 270, "autoUv": false },
						"west": { "texture": "#surface", "uv": [ 2.0, 0.0, 3.0, 2.0 ], "rotation": 180 },
						"up": { "texture": "#surface", "uv": [ 15.0, 3.0, 16.0, 16.0 ], "rotation": 270, "autoUv": false },
						"down": { "texture": "#surface", "uv": [ 6.0, 3.0, 7.0, 16.0 ], "rotation": 90, "autoUv": false }
					}
				},
				{
					"name": "MRFence2",
					"from": [ 14.0, 0.0, -1.0 ],
					"to": [ 15.0, 2.0, 13.0 ],
					"rotationOrigin": [ 14.0, 0.0, -1.0 ],
					"faces": {
						"north": { "texture": "#surface", "uv": [ 1.0, 3.0, 3.0, 4.0 ], "rotation": 90 },
						"east": { "texture": "#surface", "uv": [ 14.0, 3.0, 16.0, 16.0 ], "rotation": 270, "autoUv": false },
						"south": { "texture": "#surface", "uv": [ 1.0, 3.0, 3.0, 4.0 ], "rotation": 90 },
						"west": { "texture": "#surface", "uv": [ 1.0, 3.0, 3.0, 15.0 ], "rotation": 90, "autoUv": false },
						"up": { "texture": "#surface", "uv": [ 0.0, 3.0, 1.0, 16.0 ], "rotation": 180, "autoUv": false },
						"down": { "texture": "#surface", "uv": [ 3.0, 3.0, 4.0, 16.0 ], "rotation": 180, "autoUv": false }
					}
				},
				{
					"name": "MLFence2",
					"from": [ -1.0, 0.0, -1.0 ],
					"to": [ 0.0, 2.0, 13.0 ],
					"rotationOrigin": [ -1.0, 0.0, -1.0 ],
					"faces": {
						"north": { "texture": "#surface", "uv": [ 1.0, 3.0, 3.0, 4.0 ], "rotation": 90 },
						"east": { "texture": "#surface", "uv": [ 0.0, 3.0, 2.0, 16.0 ], "rotation": 270, "autoUv": false },
						"south": { "texture": "#surface", "uv": [ 1.0, 15.0, 3.0, 16.0 ], "rotation": 90 },
						"west": { "texture": "#surface", "uv": [ 12.0, 3.0, 14.0, 16.0 ], "rotation": 90, "autoUv": false },
						"up": { "texture": "#surface", "uv": [ 15.0, 3.0, 16.0, 16.0 ], "rotation": 180, "autoUv": false },
						"down": { "texture": "#surface", "uv": [ 3.0, 3.0, 4.0, 16.0 ], "rotation": 180, "autoUv": false }
					}
				},
				{
					"name": "MRBeam2",
					"from": [ 12.0, 2.0, -1.0 ],
					"to": [ 14.0, 4.0, 0.0 ],
					"rotationOrigin": [ 12.0, 2.0, -1.0 ],
					"faces": {
						"north": { "texture": "#wood", "uv": [ 5.0, 13.0, 7.0, 15.0 ] },
						"east": { "texture": "#wood", "uv": [ 1.0, 8.0, 2.0, 10.0 ] },
						"south": { "texture": "#wood", "uv": [ 10.0, 13.0, 12.0, 15.0 ] },
						"west": { "texture": "#wood", "uv": [ 4.0, 10.0, 5.0, 12.0 ] },
						"up": { "texture": "#wood", "uv": [ 0.0, 8.0, 2.0, 9.0 ] },
						"down": { "texture": "#wood", "uv": [ 0.0, 8.0, 2.0, 9.0 ] }
					}
				},
				{
					"name": "MLBeam2",
					"from": [ 0.0, 2.0, -1.0 ],
					"to": [ 2.0, 4.0, 0.0 ],
					"rotationOrigin": [ 0.0, 2.0, -1.0 ],
					"faces": {
						"north": { "texture": "#wood", "uv": [ 5.0, 13.0, 7.0, 15.0 ] },
						"east": { "texture": "#wood", "uv": [ 1.0, 8.0, 2.0, 10.0 ] },
						"south": { "texture": "#wood", "uv": [ 10.0, 13.0, 12.0, 15.0 ] },
						"west": { "texture": "#wood", "uv": [ 4.0, 10.0, 5.0, 12.0 ] },
						"up": { "texture": "#wood", "uv": [ 0.0, 8.0, 2.0, 9.0 ] },
						"down": { "texture": "#wood", "uv": [ 0.0, 8.0, 2.0, 9.0 ] }
					}
				},
				{
					"name": "MRL8",
					"from": [ 0.5, 0.5, 3.0 ],
					"to": [ 4.5, 2.5, 3.5 ],
					"rotationOrigin": [ 0.0, 1.0, 3.0 ],
					"rotationX": -22.5,
					"faces": {
						"north": { "texture": "#surface", "uv": [ 0.0, 0.0, 4.0, 2.0 ] },
						"east": { "texture": "#surface", "uv": [ 0.0, 0.0, 0.5, 2.0 ] },
						"south": { "texture": "#surface", "uv": [ 6.0, 3.0, 10.0, 5.0 ] },
						"west": { "texture": "#surface", "uv": [ 0.0, 0.0, 0.5, 2.0 ] },
						"up": { "texture": "#surface", "uv": [ 0.0, 0.0, 4.0, 0.5 ] },
						"down": { "texture": "#surface", "uv": [ 0.0, 0.0, 4.0, 0.5 ] }
					},
					"children": [
						{
							"name": "MRM8",
							"from": [ 4.5, 0.0, 0.0 ],
							"to": [ 8.5, 2.0, 0.5 ],
							"rotationOrigin": [ 5.0, 0.5, 0.0 ],
							"faces": {
								"north": { "texture": "#surface", "uv": [ 0.0, 0.0, 4.0, 2.0 ] },
								"east": { "texture": "#surface", "uv": [ 0.0, 0.0, 0.5, 2.0 ] },
								"south": { "texture": "#surface", "uv": [ 6.0, 3.0, 10.0, 5.0 ] },
								"west": { "texture": "#surface", "uv": [ 0.0, 0.0, 0.5, 2.0 ] },
								"up": { "texture": "#surface", "uv": [ 0.0, 0.0, 4.0, 0.5 ] },
								"down": { "texture": "#surface", "uv": [ 0.0, 0.0, 4.0, 0.5 ] }
							}
						},
						{
							"name": "MRR8",
							"from": [ 9.0, 0.0, 0.0 ],
							"to": [ 13.0, 2.0, 0.5 ],
							"rotationOrigin": [ 10.0, 0.5, 0.0 ],
							"faces": {
								"north": { "texture": "#surface", "uv": [ 0.0, 0.0, 4.0, 2.0 ] },
								"east": { "texture": "#surface", "uv": [ 0.0, 0.0, 0.5, 2.0 ] },
								"south": { "texture": "#surface", "uv": [ 6.0, 3.0, 10.0, 5.0 ] },
								"west": { "texture": "#surface", "uv": [ 0.0, 0.0, 0.5, 2.0 ] },
								"up": { "texture": "#surface", "uv": [ 0.0, 0.0, 4.0, 0.5 ] },
								"down": { "texture": "#surface", "uv": [ 0.0, 0.0, 4.0, 0.5 ] }
							}
						}
					]
				},
				{
					"name": "MRL9",
					"from": [ 0.5, 0.5, 5.0 ],
					"to": [ 4.5, 2.5, 5.5 ],
					"rotationOrigin": [ 0.0, 1.0, 5.0 ],
					"rotationX": -22.5,
					"faces": {
						"north": { "texture": "#surface", "uv": [ 0.0, 0.0, 4.0, 2.0 ] },
						"east": { "texture": "#surface", "uv": [ 0.0, 0.0, 0.5, 2.0 ] },
						"south": { "texture": "#surface", "uv": [ 6.0, 3.0, 10.0, 5.0 ] },
						"west": { "texture": "#surface", "uv": [ 0.0, 0.0, 0.5, 2.0 ] },
						"up": { "texture": "#surface", "uv": [ 0.0, 0.0, 4.0, 0.5 ] },
						"down": { "texture": "#surface", "uv": [ 0.0, 0.0, 4.0, 0.5 ] }
					},
					"children": [
						{
							"name": "MRM9",
							"from": [ 4.5, 0.0, 0.0 ],
							"to": [ 8.5, 2.0, 0.5 ],
							"rotationOrigin": [ 5.0, 0.5, 0.0 ],
							"faces": {
								"north": { "texture": "#surface", "uv": [ 0.0, 0.0, 4.0, 2.0 ] },
								"east": { "texture": "#surface", "uv": [ 0.0, 0.0, 0.5, 2.0 ] },
								"south": { "texture": "#surface", "uv": [ 6.0, 3.0, 10.0, 5.0 ] },
								"west": { "texture": "#surface", "uv": [ 0.0, 0.0, 0.5, 2.0 ] },
								"up": { "texture": "#surface", "uv": [ 0.0, 0.0, 4.0, 0.5 ] },
								"down": { "texture": "#surface", "uv": [ 0.0, 0.0, 4.0, 0.5 ] }
							}
						},
						{
							"name": "MRR9",
							"from": [ 9.0, 0.0, 0.0 ],
							"to": [ 13.0, 2.0, 0.5 ],
							"rotationOrigin": [ 10.0, 0.5, 0.0 ],
							"faces": {
								"north": { "texture": "#surface", "uv": [ 0.0, 0.0, 4.0, 2.0 ] },
								"east": { "texture": "#surface", "uv": [ 0.0, 0.0, 0.5, 2.0 ] },
								"south": { "texture": "#surface", "uv": [ 6.0, 3.0, 10.0, 5.0 ] },
								"west": { "texture": "#surface", "uv": [ 0.0, 0.0, 0.5, 2.0 ] },
								"up": { "texture": "#surface", "uv": [ 0.0, 0.0, 4.0, 0.5 ] },
								"down": { "texture": "#surface", "uv": [ 0.0, 0.0, 4.0, 0.5 ] }
							}
						}
					]
				},
				{
					"name": "MRL10",
					"from": [ 0.5, 0.5, 7.0 ],
					"to": [ 4.5, 2.5, 7.5 ],
					"rotationOrigin": [ 0.0, 1.0, 7.0 ],
					"rotationX": -22.5,
					"faces": {
						"north": { "texture": "#surface", "uv": [ 0.0, 0.0, 4.0, 2.0 ] },
						"east": { "texture": "#surface", "uv": [ 0.0, 0.0, 0.5, 2.0 ] },
						"south": { "texture": "#surface", "uv": [ 6.0, 3.0, 10.0, 5.0 ] },
						"west": { "texture": "#surface", "uv": [ 0.0, 0.0, 0.5, 2.0 ] },
						"up": { "texture": "#surface", "uv": [ 0.0, 0.0, 4.0, 0.5 ] },
						"down": { "texture": "#surface", "uv": [ 0.0, 0.0, 4.0, 0.5 ] }
					},
					"children": [
						{
							"name": "MRM10",
							"from": [ 4.5, 0.0, 0.0 ],
							"to": [ 8.5, 2.0, 0.5 ],
							"rotationOrigin": [ 5.0, 0.5, 0.0 ],
							"faces": {
								"north": { "texture": "#surface", "uv": [ 0.0, 0.0, 4.0, 2.0 ] },
								"east": { "texture": "#surface", "uv": [ 0.0, 0.0, 0.5, 2.0 ] },
								"south": { "texture": "#surface", "uv": [ 6.0, 3.0, 10.0, 5.0 ] },
								"west": { "texture": "#surface", "uv": [ 0.0, 0.0, 0.5, 2.0 ] },
								"up": { "texture": "#surface", "uv": [ 0.0, 0.0, 4.0, 0.5 ] },
								"down": { "texture": "#surface", "uv": [ 0.0, 0.0, 4.0, 0.5 ] }
							}
						},
						{
							"name": "MRR10",
							"from": [ 9.0, 0.0, 0.0 ],
							"to": [ 13.0, 2.0, 0.5 ],
							"rotationOrigin": [ 10.0, 0.5, 0.0 ],
							"faces": {
								"north": { "texture": "#surface", "uv": [ 0.0, 0.0, 4.0, 2.0 ] },
								"east": { "texture": "#surface", "uv": [ 0.0, 0.0, 0.5, 2.0 ] },
								"south": { "texture": "#surface", "uv": [ 6.0, 3.0, 10.0, 5.0 ] },
								"west": { "texture": "#surface", "uv": [ 0.0, 0.0, 0.5, 2.0 ] },
								"up": { "texture": "#surface", "uv": [ 0.0, 0.0, 4.0, 0.5 ] },
								"down": { "texture": "#surface", "uv": [ 0.0, 0.0, 4.0, 0.5 ] }
							}
						}
					]
				},
				{
					"name": "MRL11",
					"from": [ 0.5, 0.5, 9.0 ],
					"to": [ 4.5, 2.5, 9.5 ],
					"rotationOrigin": [ 0.0, 1.0, 9.0 ],
					"rotationX": -22.5,
					"faces": {
						"north": { "texture": "#surface", "uv": [ 0.0, 0.0, 4.0, 2.0 ] },
						"east": { "texture": "#surface", "uv": [ 0.0, 0.0, 0.5, 2.0 ] },
						"south": { "texture": "#surface", "uv": [ 6.0, 3.0, 10.0, 5.0 ] },
						"west": { "texture": "#surface", "uv": [ 0.0, 0.0, 0.5, 2.0 ] },
						"up": { "texture": "#surface", "uv": [ 0.0, 0.0, 4.0, 0.5 ] },
						"down": { "texture": "#surface", "uv": [ 0.0, 0.0, 4.0, 0.5 ] }
					},
					"children": [
						{
							"name": "MRM11",
							"from": [ 4.5, 0.0, 0.0 ],
							"to": [ 8.5, 2.0, 0.5 ],
							"rotationOrigin": [ 5.0, 0.5, 0.0 ],
							"faces": {
								"north": { "texture": "#surface", "uv": [ 0.0, 0.0, 4.0, 2.0 ] },
								"east": { "texture": "#surface", "uv": [ 0.0, 0.0, 0.5, 2.0 ] },
								"south": { "texture": "#surface", "uv": [ 6.0, 3.0, 10.0, 5.0 ] },
								"west": { "texture": "#surface", "uv": [ 0.0, 0.0, 0.5, 2.0 ] },
								"up": { "texture": "#surface", "uv": [ 0.0, 0.0, 4.0, 0.5 ] },
								"down": { "texture": "#surface", "uv": [ 0.0, 0.0, 4.0, 0.5 ] }
							}
						},
						{
							"name": "MRR11",
							"from": [ 9.0, 0.0, 0.0 ],
							"to": [ 13.0, 2.0, 0.5 ],
							"rotationOrigin": [ 10.0, 0.5, 0.0 ],
							"faces": {
								"north": { "texture": "#surface", "uv": [ 0.0, 0.0, 4.0, 2.0 ] },
								"east": { "texture": "#surface", "uv": [ 0.0, 0.0, 0.5, 2.0 ] },
								"south": { "texture": "#surface", "uv": [ 6.0, 3.0, 10.0, 5.0 ] },
								"west": { "texture": "#surface", "uv": [ 0.0, 0.0, 0.5, 2.0 ] },
								"up": { "texture": "#surface", "uv": [ 0.0, 0.0, 4.0, 0.5 ] },
								"down": { "texture": "#surface", "uv": [ 0.0, 0.0, 4.0, 0.5 ] }
							}
						}
					]
				},
				{
					"name": "MRL12",
					"from": [ 0.5, 0.5, 11.0 ],
					"to": [ 4.5, 2.5, 11.5 ],
					"rotationOrigin": [ 0.0, 1.0, 11.0 ],
					"rotationX": -22.5,
					"faces": {
						"north": { "texture": "#surface", "uv": [ 0.0, 0.0, 4.0, 2.0 ] },
						"east": { "texture": "#surface", "uv": [ 0.0, 0.0, 0.5, 2.0 ] },
						"south": { "texture": "#surface", "uv": [ 6.0, 3.0, 10.0, 5.0 ] },
						"west": { "texture": "#surface", "uv": [ 0.0, 0.0, 0.5, 2.0 ] },
						"up": { "texture": "#surface", "uv": [ 0.0, 0.0, 4.0, 0.5 ] },
						"down": { "texture": "#surface", "uv": [ 0.0, 0.0, 4.0, 0.5 ] }
					},
					"children": [
						{
							"name": "MRM12",
							"from": [ 4.5, 0.0, 0.0 ],
							"to": [ 8.5, 2.0, 0.5 ],
							"rotationOrigin": [ 5.0, 0.5, 0.0 ],
							"faces": {
								"north": { "texture": "#surface", "uv": [ 0.0, 0.0, 4.0, 2.0 ] },
								"east": { "texture": "#surface", "uv": [ 0.0, 0.0, 0.5, 2.0 ] },
								"south": { "texture": "#surface", "uv": [ 6.0, 3.0, 10.0, 5.0 ] },
								"west": { "texture": "#surface", "uv": [ 0.0, 0.0, 0.5, 2.0 ] },
								"up": { "texture": "#surface", "uv": [ 0.0, 0.0, 4.0, 0.5 ] },
								"down": { "texture": "#surface", "uv": [ 0.0, 0.0, 4.0, 0.5 ] }
							}
						},
						{
							"name": "MRR12",
							"from": [ 9.0, 0.0, 0.0 ],
							"to": [ 13.0, 2.0, 0.5 ],
							"rotationOrigin": [ 10.0, 0.5, 0.0 ],
							"faces": {
								"north": { "texture": "#surface", "uv": [ 0.0, 0.0, 4.0, 2.0 ] },
								"east": { "texture": "#surface", "uv": [ 0.0, 0.0, 0.5, 2.0 ] },
								"south": { "texture": "#surface", "uv": [ 6.0, 3.0, 10.0, 5.0 ] },
								"west": { "texture": "#surface", "uv": [ 0.0, 0.0, 0.5, 2.0 ] },
								"up": { "texture": "#surface", "uv": [ 0.0, 0.0, 4.0, 0.5 ] },
								"down": { "texture": "#surface", "uv": [ 0.0, 0.0, 4.0, 0.5 ] }
							}
						}
					]
				}
			]
		}
	]}