{
	"editor": {
		"collapsedPaths": "Root/BShelf,Root/MUShelf,Root/MBShelf,Root/TShelf",
		"allAngles": false,
		"entityTextureMode": false
	},
	"textureWidth": 16,
	"textureHeight": 16,
	"textureSizes": {
	},
	"textures": {
		"surface": "wood/shelf/surface",
		"wood": "wood/shelf/wood"
	},
	"elements": [
		{
			"name": "MUShelf",
			"from": [ 1.0, 8.0, 1.0 ],
			"to": [ 15.0, 9.0, 14.0 ],
			"rotationOrigin": [ 1.0, 8.0, 1.0 ],
			"faces": {
				"north": { "texture": "#surface", "uv": [ 0.0, 0.0, 14.0, 1.0 ] },
				"east": { "texture": "#surface", "uv": [ 0.0, 0.0, 13.0, 1.0 ] },
				"south": { "texture": "#surface", "uv": [ 0.0, 3.0, 14.0, 4.0 ] },
				"west": { "texture": "#surface", "uv": [ 0.0, 0.0, 13.0, 1.0 ] },
				"up": { "texture": "#surface", "uv": [ 0.0, 3.0, 16.0, 16.0 ], "autoUv": false },
				"down": { "texture": "#surface", "uv": [ 0.0, 3.0, 16.0, 16.0 ], "autoUv": false }
			},
			"children": [
				{
					"name": "MUBFence",
					"from": [ 0.0, 0.0, -1.0 ],
					"to": [ 14.0, 2.0, 0.0 ],
					"rotationOrigin": [ 0.0, 0.0, -1.0 ],
					"faces": {
						"north": { "texture": "#surface", "uv": [ 14.0, 3.0, 16.0, 16.0 ], "rotation": 90, "autoUv": false },
						"east": { "texture": "#surface", "uv": [ 2.0, 12.0, 3.0, 14.0 ] },
						"south": { "texture": "#surface", "uv": [ 14.0, 3.0, 16.0, 16.0 ], "rotation": 270, "autoUv": false },
						"west": { "texture": "#surface", "uv": [ 2.0, 0.0, 3.0, 2.0 ], "rotation": 180 },
						"up": { "texture": "#surface", "uv": [ 15.0, 3.0, 16.0, 16.0 ], "rotation": 270, "autoUv": false },
						"down": { "texture": "#surface", "uv": [ 6.0, 3.0, 7.0, 16.0 ], "rotation": 90, "autoUv": false }
					}
				},
				{
					"name": "MURFence",
					"from": [ 14.0, 0.0, -1.0 ],
					"to": [ 15.0, 2.0, 13.0 ],
					"rotationOrigin": [ 14.0, 0.0, -1.0 ],
					"faces": {
						"north": { "texture": "#surface", "uv": [ 1.0, 3.0, 3.0, 4.0 ], "rotation": 90 },
						"east": { "texture": "#surface", "uv": [ 14.0, 3.0, 16.0, 16.0 ], "rotation": 270, "autoUv": false },
						"south": { "texture": "#surface", "uv": [ 1.0, 3.0, 3.0, 4.0 ], "rotation": 90 },
						"west": { "texture": "#surface", "uv": [ 1.0, 3.0, 3.0, 15.0 ], "rotation": 90, "autoUv": false },
						"up": { "texture": "#surface", "uv": [ 0.0, 3.0, 1.0, 16.0 ], "rotation": 180, "autoUv": false },
						"down": { "texture": "#surface", "uv": [ 3.0, 3.0, 4.0, 16.0 ], "rotation": 180, "autoUv": false }
					}
				},
				{
					"name": "MULBeam",
					"from": [ 0.0, 2.0, -1.0 ],
					"to": [ 2.0, 4.0, 0.0 ],
					"rotationOrigin": [ 0.0, 2.0, -1.0 ],
					"faces": {
						"north": { "texture": "#wood", "uv": [ 5.0, 13.0, 7.0, 15.0 ] },
						"east": { "texture": "#wood", "uv": [ 1.0, 8.0, 2.0, 10.0 ] },
						"south": { "texture": "#wood", "uv": [ 10.0, 13.0, 12.0, 15.0 ] },
						"west": { "texture": "#wood", "uv": [ 4.0, 10.0, 5.0, 12.0 ] },
						"up": { "texture": "#wood", "uv": [ 0.0, 8.0, 2.0, 9.0 ] },
						"down": { "texture": "#wood", "uv": [ 0.0, 8.0, 2.0, 9.0 ] }
					}
				},
				{
					"name": "MURBeam",
					"from": [ 12.0, 2.0, -1.0 ],
					"to": [ 14.0, 4.0, 0.0 ],
					"rotationOrigin": [ 12.0, 2.0, -1.0 ],
					"faces": {
						"north": { "texture": "#wood", "uv": [ 5.0, 13.0, 7.0, 15.0 ] },
						"east": { "texture": "#wood", "uv": [ 1.0, 8.0, 2.0, 10.0 ] },
						"south": { "texture": "#wood", "uv": [ 10.0, 13.0, 12.0, 15.0 ] },
						"west": { "texture": "#wood", "uv": [ 4.0, 10.0, 5.0, 12.0 ] },
						"up": { "texture": "#wood", "uv": [ 0.0, 8.0, 2.0, 9.0 ] },
						"down": { "texture": "#wood", "uv": [ 0.0, 8.0, 2.0, 9.0 ] }
					}
				},
				{
					"name": "MULFence",
					"from": [ -1.0, 0.0, -1.0 ],
					"to": [ 0.0, 2.0, 13.0 ],
					"rotationOrigin": [ -1.0, 0.0, -1.0 ],
					"faces": {
						"north": { "texture": "#surface", "uv": [ 1.0, 3.0, 3.0, 4.0 ], "rotation": 90 },
						"east": { "texture": "#surface", "uv": [ 0.0, 3.0, 2.0, 16.0 ], "rotation": 270, "autoUv": false, "windMode": [-1,-1,-1,-1] },
						"south": { "texture": "#surface", "uv": [ 1.0, 15.0, 3.0, 16.0 ], "rotation": 90 },
						"west": { "texture": "#surface", "uv": [ 12.0, 3.0, 14.0, 16.0 ], "rotation": 90, "autoUv": false },
						"up": { "texture": "#surface", "uv": [ 15.0, 3.0, 16.0, 16.0 ], "rotation": 180, "autoUv": false },
						"down": { "texture": "#surface", "uv": [ 3.0, 3.0, 4.0, 16.0 ], "rotation": 180, "autoUv": false }
					}
				}
			]
		},
		{
			"name": "MBShelf",
			"from": [ 1.0, 4.0, 1.0 ],
			"to": [ 15.0, 5.0, 14.0 ],
			"rotationOrigin": [ 1.0, 4.0, 1.0 ],
			"faces": {
				"north": { "texture": "#surface", "uv": [ 0.0, 0.0, 14.0, 1.0 ] },
				"east": { "texture": "#surface", "uv": [ 0.0, 0.0, 13.0, 1.0 ] },
				"south": { "texture": "#surface", "uv": [ 0.0, 3.0, 14.0, 4.0 ] },
				"west": { "texture": "#surface", "uv": [ 0.0, 0.0, 13.0, 1.0 ] },
				"up": { "texture": "#surface", "uv": [ 0.0, 3.0, 16.0, 16.0 ], "autoUv": false },
				"down": { "texture": "#surface", "uv": [ 0.0, 3.0, 16.0, 16.0 ], "autoUv": false }
			},
			"children": [
				{
					"name": "MBBFence",
					"from": [ 0.0, 0.0, -1.0 ],
					"to": [ 14.0, 2.0, 0.0 ],
					"rotationOrigin": [ 0.0, 0.0, -1.0 ],
					"faces": {
						"north": { "texture": "#surface", "uv": [ 14.0, 3.0, 16.0, 16.0 ], "rotation": 90, "autoUv": false },
						"east": { "texture": "#surface", "uv": [ 2.0, 12.0, 3.0, 14.0 ] },
						"south": { "texture": "#surface", "uv": [ 14.0, 3.0, 16.0, 16.0 ], "rotation": 270, "autoUv": false },
						"west": { "texture": "#surface", "uv": [ 2.0, 0.0, 3.0, 2.0 ], "rotation": 180 },
						"up": { "texture": "#surface", "uv": [ 15.0, 3.0, 16.0, 16.0 ], "rotation": 270, "autoUv": false },
						"down": { "texture": "#surface", "uv": [ 6.0, 3.0, 7.0, 16.0 ], "rotation": 90, "autoUv": false }
					}
				},
				{
					"name": "MBRFence",
					"from": [ 14.0, 0.0, -1.0 ],
					"to": [ 15.0, 2.0, 13.0 ],
					"rotationOrigin": [ 14.0, 0.0, -1.0 ],
					"faces": {
						"north": { "texture": "#surface", "uv": [ 1.0, 3.0, 3.0, 4.0 ], "rotation": 90 },
						"east": { "texture": "#surface", "uv": [ 14.0, 3.0, 16.0, 16.0 ], "rotation": 270, "autoUv": false },
						"south": { "texture": "#surface", "uv": [ 1.0, 3.0, 3.0, 4.0 ], "rotation": 90 },
						"west": { "texture": "#surface", "uv": [ 1.0, 3.0, 3.0, 15.0 ], "rotation": 90, "autoUv": false },
						"up": { "texture": "#surface", "uv": [ 0.0, 3.0, 1.0, 16.0 ], "rotation": 180, "autoUv": false },
						"down": { "texture": "#surface", "uv": [ 3.0, 3.0, 4.0, 16.0 ], "rotation": 180, "autoUv": false }
					}
				},
				{
					"name": "MBLFence",
					"from": [ -1.0, 0.0, -1.0 ],
					"to": [ 0.0, 2.0, 13.0 ],
					"rotationOrigin": [ -1.0, 0.0, -1.0 ],
					"faces": {
						"north": { "texture": "#surface", "uv": [ 1.0, 3.0, 3.0, 4.0 ], "rotation": 90 },
						"east": { "texture": "#surface", "uv": [ 0.0, 3.0, 2.0, 16.0 ], "rotation": 270, "autoUv": false },
						"south": { "texture": "#surface", "uv": [ 1.0, 15.0, 3.0, 16.0 ], "rotation": 90 },
						"west": { "texture": "#surface", "uv": [ 12.0, 3.0, 14.0, 16.0 ], "rotation": 90, "autoUv": false },
						"up": { "texture": "#surface", "uv": [ 15.0, 3.0, 16.0, 16.0 ], "rotation": 180, "autoUv": false },
						"down": { "texture": "#surface", "uv": [ 3.0, 3.0, 4.0, 16.0 ], "rotation": 180, "autoUv": false }
					}
				},
				{
					"name": "MBRBeam",
					"from": [ 12.0, 2.0, -1.0 ],
					"to": [ 14.0, 4.0, 0.0 ],
					"rotationOrigin": [ 12.0, 2.0, -1.0 ],
					"faces": {
						"north": { "texture": "#wood", "uv": [ 5.0, 13.0, 7.0, 15.0 ] },
						"east": { "texture": "#wood", "uv": [ 1.0, 8.0, 2.0, 10.0 ] },
						"south": { "texture": "#wood", "uv": [ 10.0, 13.0, 12.0, 15.0 ] },
						"west": { "texture": "#wood", "uv": [ 4.0, 10.0, 5.0, 12.0 ] },
						"up": { "texture": "#wood", "uv": [ 0.0, 8.0, 2.0, 9.0 ] },
						"down": { "texture": "#wood", "uv": [ 0.0, 8.0, 2.0, 9.0 ] }
					}
				},
				{
					"name": "MBLBeam",
					"from": [ 0.0, 2.0, -1.0 ],
					"to": [ 2.0, 4.0, 0.0 ],
					"rotationOrigin": [ 0.0, 2.0, -1.0 ],
					"faces": {
						"north": { "texture": "#wood", "uv": [ 5.0, 13.0, 7.0, 15.0 ] },
						"east": { "texture": "#wood", "uv": [ 1.0, 8.0, 2.0, 10.0 ] },
						"south": { "texture": "#wood", "uv": [ 10.0, 13.0, 12.0, 15.0 ] },
						"west": { "texture": "#wood", "uv": [ 4.0, 10.0, 5.0, 12.0 ] },
						"up": { "texture": "#wood", "uv": [ 0.0, 8.0, 2.0, 9.0 ] },
						"down": { "texture": "#wood", "uv": [ 0.0, 8.0, 2.0, 9.0 ] }
					}
				}
			]
		},
		{
			"name": "BShelf",
			"from": [ 1.0, 0.0, 1.0 ],
			"to": [ 15.0, 1.0, 14.0 ],
			"rotationOrigin": [ 1.0, 0.0, 1.0 ],
			"faces": {
				"north": { "texture": "#surface", "uv": [ 0.0, 0.0, 14.0, 1.0 ] },
				"east": { "texture": "#surface", "uv": [ 0.0, 0.0, 13.0, 1.0 ] },
				"south": { "texture": "#surface", "uv": [ 0.0, 3.0, 14.0, 4.0 ] },
				"west": { "texture": "#surface", "uv": [ 0.0, 0.0, 13.0, 1.0 ] },
				"up": { "texture": "#surface", "uv": [ 0.0, 3.0, 16.0, 16.0 ], "autoUv": false },
				"down": { "texture": "#surface", "uv": [ 0.0, 3.0, 16.0, 16.0 ], "autoUv": false }
			},
			"children": [
				{
					"name": "BLFence",
					"from": [ -1.0, 0.0, -1.0 ],
					"to": [ 0.0, 2.0, 13.0 ],
					"rotationOrigin": [ -1.0, 0.0, -1.0 ],
					"faces": {
						"north": { "texture": "#surface", "uv": [ 1.0, 3.0, 3.0, 4.0 ], "rotation": 90 },
						"east": { "texture": "#surface", "uv": [ 0.0, 3.0, 2.0, 16.0 ], "rotation": 270, "autoUv": false },
						"south": { "texture": "#surface", "uv": [ 1.0, 15.0, 3.0, 16.0 ], "rotation": 90 },
						"west": { "texture": "#surface", "uv": [ 12.0, 3.0, 14.0, 16.0 ], "rotation": 90, "autoUv": false },
						"up": { "texture": "#surface", "uv": [ 15.0, 3.0, 16.0, 16.0 ], "rotation": 180, "autoUv": false },
						"down": { "texture": "#surface", "uv": [ 3.0, 3.0, 4.0, 16.0 ], "rotation": 180, "autoUv": false }
					}
				},
				{
					"name": "BRBeam",
					"from": [ 12.0, 2.0, -1.0 ],
					"to": [ 14.0, 4.0, 0.0 ],
					"rotationOrigin": [ 12.0, 2.0, -1.0 ],
					"faces": {
						"north": { "texture": "#wood", "uv": [ 5.0, 13.0, 7.0, 15.0 ] },
						"east": { "texture": "#wood", "uv": [ 1.0, 8.0, 2.0, 10.0 ] },
						"south": { "texture": "#wood", "uv": [ 10.0, 13.0, 12.0, 15.0 ] },
						"west": { "texture": "#wood", "uv": [ 4.0, 10.0, 5.0, 12.0 ] },
						"up": { "texture": "#wood", "uv": [ 0.0, 8.0, 2.0, 9.0 ] },
						"down": { "texture": "#wood", "uv": [ 0.0, 8.0, 2.0, 9.0 ] }
					}
				},
				{
					"name": "BLBeam",
					"from": [ 0.0, 2.0, -1.0 ],
					"to": [ 2.0, 4.0, 0.0 ],
					"rotationOrigin": [ 0.0, 2.0, -1.0 ],
					"faces": {
						"north": { "texture": "#wood", "uv": [ 5.0, 13.0, 7.0, 15.0 ] },
						"east": { "texture": "#wood", "uv": [ 1.0, 8.0, 2.0, 10.0 ] },
						"south": { "texture": "#wood", "uv": [ 10.0, 13.0, 12.0, 15.0 ] },
						"west": { "texture": "#wood", "uv": [ 4.0, 10.0, 5.0, 12.0 ] },
						"up": { "texture": "#wood", "uv": [ 0.0, 8.0, 2.0, 9.0 ] },
						"down": { "texture": "#wood", "uv": [ 0.0, 8.0, 2.0, 9.0 ] }
					}
				},
				{
					"name": "BRFence",
					"from": [ 14.0, 0.0, -1.0 ],
					"to": [ 15.0, 2.0, 13.0 ],
					"rotationOrigin": [ 14.0, 0.0, -1.0 ],
					"faces": {
						"north": { "texture": "#surface", "uv": [ 1.0, 3.0, 3.0, 4.0 ], "rotation": 90 },
						"east": { "texture": "#surface", "uv": [ 14.0, 3.0, 16.0, 16.0 ], "rotation": 270, "autoUv": false },
						"south": { "texture": "#surface", "uv": [ 1.0, 3.0, 3.0, 4.0 ], "rotation": 90 },
						"west": { "texture": "#surface", "uv": [ 1.0, 3.0, 3.0, 15.0 ], "rotation": 90, "autoUv": false },
						"up": { "texture": "#surface", "uv": [ 0.0, 3.0, 1.0, 16.0 ], "rotation": 180, "autoUv": false },
						"down": { "texture": "#surface", "uv": [ 3.0, 3.0, 4.0, 16.0 ], "rotation": 180, "autoUv": false }
					}
				},
				{
					"name": "BBFence",
					"from": [ 0.0, 0.0, -1.0 ],
					"to": [ 14.0, 2.0, 0.0 ],
					"rotationOrigin": [ 0.0, 0.0, -1.0 ],
					"faces": {
						"north": { "texture": "#surface", "uv": [ 14.0, 3.0, 16.0, 16.0 ], "rotation": 90, "autoUv": false, "windMode": [-1,-1,-1,-1] },
						"east": { "texture": "#surface", "uv": [ 2.0, 12.0, 3.0, 14.0 ], "windMode": [-1,-1,-1,-1] },
						"south": { "texture": "#surface", "uv": [ 14.0, 3.0, 16.0, 16.0 ], "rotation": 270, "autoUv": false },
						"west": { "texture": "#surface", "uv": [ 2.0, 0.0, 3.0, 2.0 ], "rotation": 180 },
						"up": { "texture": "#surface", "uv": [ 15.0, 3.0, 16.0, 16.0 ], "rotation": 270, "autoUv": false, "windMode": [-1,-1,-1,-1] },
						"down": { "texture": "#surface", "uv": [ 6.0, 3.0, 7.0, 16.0 ], "rotation": 90, "autoUv": false }
					}
				}
			]
		},
		{
			"name": "TShelf",
			"from": [ 1.0, 12.0, 1.0 ],
			"to": [ 15.0, 13.0, 14.0 ],
			"rotationOrigin": [ 1.0, 12.0, 1.0 ],
			"faces": {
				"north": { "texture": "#surface", "uv": [ 0.0, 0.0, 13.0, 1.0 ], "autoUv": false },
				"east": { "texture": "#surface", "uv": [ 0.0, 0.0, 13.0, 1.0 ] },
				"south": { "texture": "#surface", "uv": [ 0.0, 3.0, 14.0, 4.0 ] },
				"west": { "texture": "#surface", "uv": [ 0.0, 0.0, 13.0, 1.0 ] },
				"up": { "texture": "#surface", "uv": [ 0.0, 3.0, 16.0, 16.0 ], "autoUv": false },
				"down": { "texture": "#surface", "uv": [ 0.0, 3.0, 16.0, 16.0 ], "autoUv": false }
			},
			"children": [
				{
					"name": "TLBeam",
					"from": [ 0.0, 2.0, -1.0 ],
					"to": [ 2.0, 4.0, 0.0 ],
					"rotationOrigin": [ 0.0, 2.0, -1.0 ],
					"faces": {
						"north": { "texture": "#wood", "uv": [ 5.0, 13.0, 7.0, 15.0 ] },
						"east": { "texture": "#wood", "uv": [ 1.0, 8.0, 2.0, 10.0 ] },
						"south": { "texture": "#wood", "uv": [ 10.0, 13.0, 12.0, 15.0 ] },
						"west": { "texture": "#wood", "uv": [ 4.0, 10.0, 5.0, 12.0 ] },
						"up": { "texture": "#wood", "uv": [ 0.0, 8.0, 2.0, 9.0 ] },
						"down": { "texture": "#wood", "uv": [ 0.0, 8.0, 2.0, 9.0 ] }
					}
				},
				{
					"name": "TRBeam",
					"from": [ 12.0, 2.0, -1.0 ],
					"to": [ 14.0, 4.0, 0.0 ],
					"rotationOrigin": [ 12.0, 2.0, -1.0 ],
					"faces": {
						"north": { "texture": "#wood", "uv": [ 5.0, 13.0, 7.0, 15.0 ] },
						"east": { "texture": "#wood", "uv": [ 1.0, 8.0, 2.0, 10.0 ] },
						"south": { "texture": "#wood", "uv": [ 10.0, 13.0, 12.0, 15.0 ] },
						"west": { "texture": "#wood", "uv": [ 4.0, 10.0, 5.0, 12.0 ] },
						"up": { "texture": "#wood", "uv": [ 0.0, 8.0, 2.0, 9.0 ] },
						"down": { "texture": "#wood", "uv": [ 0.0, 8.0, 2.0, 9.0 ] }
					}
				},
				{
					"name": "TRFence",
					"from": [ 14.0, 0.0, -1.0 ],
					"to": [ 15.0, 2.0, 13.0 ],
					"rotationOrigin": [ 14.0, 0.0, -1.0 ],
					"faces": {
						"north": { "texture": "#surface", "uv": [ 1.0, 3.0, 3.0, 4.0 ], "rotation": 90 },
						"east": { "texture": "#surface", "uv": [ 14.0, 3.0, 16.0, 16.0 ], "rotation": 270, "autoUv": false },
						"south": { "texture": "#surface", "uv": [ 1.0, 3.0, 3.0, 4.0 ], "rotation": 90 },
						"west": { "texture": "#surface", "uv": [ 1.0, 3.0, 3.0, 15.0 ], "rotation": 90, "autoUv": false },
						"up": { "texture": "#surface", "uv": [ 0.0, 3.0, 1.0, 16.0 ], "rotation": 180, "autoUv": false },
						"down": { "texture": "#surface", "uv": [ 3.0, 3.0, 4.0, 16.0 ], "rotation": 180, "autoUv": false }
					}
				},
				{
					"name": "TBFence",
					"from": [ 0.0, 0.0, -1.0 ],
					"to": [ 14.0, 2.0, 0.0 ],
					"rotationOrigin": [ 0.0, 0.0, -1.0 ],
					"faces": {
						"north": { "texture": "#surface", "uv": [ 14.0, 3.0, 16.0, 16.0 ], "rotation": 90, "autoUv": false },
						"east": { "texture": "#surface", "uv": [ 2.0, 12.0, 3.0, 14.0 ] },
						"south": { "texture": "#surface", "uv": [ 14.0, 3.0, 16.0, 16.0 ], "rotation": 270, "autoUv": false },
						"west": { "texture": "#surface", "uv": [ 2.0, 0.0, 3.0, 2.0 ], "rotation": 180 },
						"up": { "texture": "#surface", "uv": [ 15.0, 3.0, 16.0, 16.0 ], "rotation": 270, "autoUv": false },
						"down": { "texture": "#surface", "uv": [ 6.0, 3.0, 7.0, 16.0 ], "rotation": 90, "autoUv": false }
					}
				},
				{
					"name": "TLFence",
					"from": [ -1.0, 0.0, -1.0 ],
					"to": [ 0.0, 2.0, 13.0 ],
					"rotationOrigin": [ -1.0, 0.0, -1.0 ],
					"faces": {
						"north": { "texture": "#surface", "uv": [ 1.0, 3.0, 3.0, 4.0 ], "rotation": 90 },
						"east": { "texture": "#surface", "uv": [ 0.0, 3.0, 2.0, 16.0 ], "rotation": 270, "autoUv": false },
						"south": { "texture": "#surface", "uv": [ 1.0, 15.0, 3.0, 16.0 ], "rotation": 90 },
						"west": { "texture": "#surface", "uv": [ 12.0, 3.0, 14.0, 16.0 ], "rotation": 90, "autoUv": false },
						"up": { "texture": "#surface", "uv": [ 15.0, 3.0, 16.0, 16.0 ], "rotation": 180, "autoUv": false },
						"down": { "texture": "#surface", "uv": [ 3.0, 3.0, 4.0, 16.0 ], "rotation": 180, "autoUv": false }
					}
				}
			]
		}
	]}