[
{"name": "Adult African Varanus Item to Block", "ingredientPattern": "K","ingredients": {"K": { "type": "item", "code": "africanmonitorlizards:skin-adult-*", "quantity": "1","name": "type", "states": ["niloticus", "stellatus", "albigularis", "exanthematicus", "griseus"]}},"width": 1,"height": 1,"output": { "type": "block", "code": "africanmonitorlizards:skinmount-adult-{type}-north", "quantity": 1  }},

{"name": "Adult Nile Block to Item", "ingredientPattern": "K","ingredients": {"K": { "type": "block", "code": "africanmonitorlizards:skinmount-adult-niloticus-*", "quantity": "1" }},"width": 1,"height": 1,"output": { "type": "item", "code": "africanmonitorlizards:skin-adult-niloticus", "quantity": 1  }},

{"name": "Adult West African Block to Item", "ingredientPattern": "K","ingredients": {"K": { "type": "block", "code": "africanmonitorlizards:skinmount-adult-stellatus-*", "quantity": "1" }},"width": 1,"height": 1,"output": { "type": "item", "code": "africanmonitorlizards:skin-adult-stellatus", "quantity": 1  }},

{"name": "Adult Rock Block to Item", "ingredientPattern": "K","ingredients": {"K": { "type": "block", "code": "africanmonitorlizards:skinmount-adult-albigularis-*", "quantity": "1" }},"width": 1,"height": 1,"output": { "type": "item", "code": "africanmonitorlizards:skin-adult-albigularis", "quantity": 1  }},

{"name": "Adult Savanna Block to Item", "ingredientPattern": "K","ingredients": {"K": { "type": "block", "code": "africanmonitorlizards:skinmount-adult-exanthematicus-*", "quantity": "1" }},"width": 1,"height": 1,"output": { "type": "item", "code": "africanmonitorlizards:skin-adult-exanthematicus", "quantity": 1  }},

{"name": "Adult Desert Block to Item", "ingredientPattern": "K","ingredients": {"K": { "type": "block", "code": "africanmonitorlizards:skinmount-adult-griseus-*", "quantity": "1" }},"width": 1,"height": 1,"output": { "type": "item", "code": "africanmonitorlizards:skin-adult-griseus", "quantity": 1  }},

{"name": "Juvenile African Varanus Item to Block", "ingredientPattern": "K","ingredients": {"K": { "type": "item", "code": "africanmonitorlizards:skin-juvenile-*", "quantity": "1","name": "type", "states": ["niloticus", "stellatus", "albigularis", "exanthematicus", "griseus"]}},"width": 1,"height": 1,"output": { "type": "block", "code": "africanmonitorlizards:skinmount-juvenile-{type}-north", "quantity": 1  }},

{"name": "Juvenile Nile Block to Item", "ingredientPattern": "K","ingredients": {"K": { "type": "block", "code": "africanmonitorlizards:skinmount-juvenile-niloticus-*", "quantity": "1" }},"width": 1,"height": 1,"output": { "type": "item", "code": "africanmonitorlizards:skin-juvenile-niloticus", "quantity": 1  }},

{"name": "Juvenile West African Block to Item", "ingredientPattern": "K","ingredients": {"K": { "type": "block", "code": "africanmonitorlizards:skinmount-juvenile-stellatus-*", "quantity": "1" }},"width": 1,"height": 1,"output": { "type": "item", "code": "africanmonitorlizards:skin-juvenile-stellatus", "quantity": 1  }},

{"name": "Juvenile Rock Block to Item", "ingredientPattern": "K","ingredients": {"K": { "type": "block", "code": "africanmonitorlizards:skinmount-juvenile-albigularis-*", "quantity": "1" }},"width": 1,"height": 1,"output": { "type": "item", "code": "africanmonitorlizards:skin-juvenile-albigularis", "quantity": 1  }},

{"name": "Juvenile Savanna Block to Item", "ingredientPattern": "K","ingredients": {"K": { "type": "block", "code": "africanmonitorlizards:skinmount-juvenile-exanthematicus-*", "quantity": "1" }},"width": 1,"height": 1,"output": { "type": "item", "code": "africanmonitorlizards:skin-juvenile-exanthematicus", "quantity": 1  }},

{"name": "Juvenile Desert Block to Item", "ingredientPattern": "K","ingredients": {"K": { "type": "block", "code": "africanmonitorlizards:skinmount-juvenile-griseus-*", "quantity": "1" }},"width": 1,"height": 1,"output": { "type": "item", "code": "africanmonitorlizards:skin-juvenile-griseus", "quantity": 1  }},

]