{
    "GameVersion": "1.19.7",
    "SizeX": 17,
    "SizeY": 16,
    "SizeZ": 33,
    "BlockCodes": {
        "9698": "game:supportbeam-aged",
        "2966": "game:cobblestone-granite",
        "4154": "game:drystone-granite",
        "9493": "game:agedstonebricks-granite",
        "2852": "game:cobblestoneslab-granite-down-free",
        "3061": "game:cobblestonestairs-granite-up-south-free",
        "2985": "game:cobblestonestairs-granite-up-north-free",
        "6179": "game:rock-granite",
        "7355": "game:plankslab-aged-up-free",
        "2339": "game:slantedroofing-brownclay-south-free",
        "2319": "game:slantedroofing-brownclay-north-free",
        "2569": "game:slantedroofingridge-brownclay-we-free",
        "5107": "game:gravel-granite",
        "8606": "game:clutter",
        "8109": "game:chest-east",
        "9520": "game:door-ruined-rough2",
        "136": "game:multiblock-monolithic-0-p1-0",
        "16414": "game:rocktyped-rubble-free",
        "5122": "game:looseboulders-granite-free",
        "2757": "game:cobblestoneslab-granite-north-free",
        "2795": "game:cobblestoneslab-granite-south-free",
        "3023": "game:cobblestonestairs-granite-up-east-free",
        "8611": "game:meta-filler",
        "5535": "game:loosestones-granite-free",
        "8610": "game:groundstorage",
        "6540": "game:crate",
        "2349": "game:slantedroofing-brownclay-west-free",
        "2814": "game:cobblestoneslab-granite-west-free",
        "9521": "game:door-ruined-rough3",
        "3004": "game:cobblestonestairs-granite-down-north-free",
        "3080": "game:cobblestonestairs-granite-down-south-free",
        "8379": "game:torch-basic-extinct-north",
        "8386": "game:torch-basic-burnedout-south",
        "2833": "game:cobblestoneslab-granite-up-free",
        "2329": "game:slantedroofing-brownclay-east-free",
        "3099": "game:cobblestonestairs-granite-up-west-free"
    },
    "ItemCodes": {
        "272": "game:stackrandomizer-seed",
        "1462": "game:shingle-burned-brown",
        "279": "game:stackrandomizer-gear",
        "3639": "game:stackrandomizer-clayproducts",
        "3638": "game:stackrandomizer-buildingblocks",
        "275": "game:stackrandomizer-resource",
        "3817": "game:stackrandomizer-rottenkingclothing",
        "258": "game:stackrandomizer-cloth-lowstatus",
        "262": "game:stackrandomizer-accessory-mediumstatus"
    },
    "Indices": [
        3176448,
        5269504,
        6318080,
        8417280,
        25601,
        26625,
        27649,
        28673,
        29697,
        30721,
        31745,
        1074177,
        1075201,
        1076225,
        1077249,
        1078273,
        1079297,
        1080321,
        2122753,
        2123777,
        2124801,
        2125825,
        2126849,
        2127873,
        2128897,
        3172353,
        3173377,
        3174401,
        3175425,
        3176449,
        4220929,
        4221953,
        4222977,
        4224001,
        4225025,
        5268481,
        5269505,
        5270529,
        5271553,
        5272577,
        5273601,
        5274625,
        6318081,
        6319105,
        6320129,
        6321153,
        6322177,
        7367681,
        7368705,
        7369729,
        8417281,
        22530,
        23554,
        24578,
        25602,
        26626,
        27650,
        31746,
        1071106,
        1072130,
        1073154,
        1074178,
        1075202,
        1076226,
        1080322,
        2119682,
        2120706,
        2121730,
        2122754,
        2123778,
        2124802,
        2125826,
        2126850,
        2127874,
        2128898,
        3169282,
        3171330,
        3172354,
        3176450,
        3177474,
        4220930,
        4225026,
        5269506,
        5270530,
        5271554,
        5272578,
        5273602,
        6318082,
        6322178,
        7367682,
        7369730,
        8417282,
        2051,
        3075,
        20483,
        21507,
        22531,
        32771,
        1050627,
        1051651,
        1069059,
        1070083,
        1071107,
        1081347,
        2099203,
        2100227,
        2117635,
        2118659,
        2119683,
        2120707,
        2121731,
        2122755,
        2123779,
        2124803,
        2125827,
        2126851,
        2127875,
        2128899,
        2129923,
        3147779,
        3148803,
        3167235,
        3168259,
        3169283,
        3170307,
        3171331,
        3172355,
        3176451,
        3177475,
        3178499,
        4219907,
        4220931,
        4225027,
        4226051,
        5269507,
        5270531,
        6318083,
        7367683,
        2052,
        4100,
        5124,
        19460,
        20484,
        31748,
        1050628,
        1052676,
        1053700,
        1068036,
        1069060,
        1080324,
        2099204,
        2100228,
        2101252,
        2102276,
        2116612,
        2117636,
        2118660,
        2119684,
        2120708,
        2121732,
        2122756,
        2123780,
        2124804,
        2125828,
        2126852,
        2127876,
        2128900,
        3147780,
        3148804,
        3149828,
        3150852,
        3165188,
        3167236,
        3168260,
        3169284,
        3170308,
        3171332,
        3172356,
        3176452,
        3177476,
        4216836,
        4225028,
        5269508,
        5270532,
        5273604,
        6318084,
        7367684,
        1029,
        6149,
        18437,
        19461,
        30725,
        1049605,
        1054725,
        1067013,
        1068037,
        1079301,
        2098181,
        2099205,
        2100229,
        2101253,
        2102277,
        2103301,
        2115589,
        2116613,
        2117637,
        2118661,
        2119685,
        2120709,
        2121733,
        2122757,
        2123781,
        2124805,
        2125829,
        2126853,
        2127877,
        3146757,
        3147781,
        3148805,
        3149829,
        3150853,
        3151877,
        3164165,
        3166213,
        3167237,
        3168261,
        3169285,
        3170309,
        3171333,
        3172357,
        3176453,
        4197381,
        4198405,
        4216837,
        4217861,
        4218885,
        4219909,
        4220933,
        4225029,
        5269509,
        5270533,
        5272581,
        5273605,
        6318085,
        6322181,
        6,
        1030,
        6150,
        17414,
        18438,
        30726,
        1048582,
        1049606,
        1054726,
        1065990,
        1067014,
        1079302,
        2097158,
        2098182,
        2099206,
        2100230,
        2101254,
        2102278,
        2103302,
        2114566,
        2115590,
        2116614,
        2117638,
        2118662,
        2119686,
        2120710,
        2121734,
        2122758,
        2123782,
        2124806,
        2125830,
        2126854,
        2127878,
        3146758,
        3147782,
        3148806,
        3149830,
        3150854,
        3151878,
        3153926,
        3160070,
        3167238,
        3168262,
        3169286,
        3170310,
        3171334,
        3172358,
        3175430,
        3176454,
        3177478,
        4196358,
        4197382,
        4198406,
        4199430,
        4217862,
        4218886,
        4219910,
        4220934,
        4225030,
        5244934,
        5245958,
        5250054,
        5251078,
        5267462,
        5268486,
        5269510,
        5270534,
        5271558,
        5272582,
        5273606,
        5274630,
        6318086,
        6322182,
        6323206,
        7367686,
        7369734,
        8417286,
        1031,
        7175,
        8199,
        9223,
        10247,
        11271,
        12295,
        13319,
        14343,
        15367,
        16391,
        17415,
        31751,
        1049607,
        1055751,
        1056775,
        1057799,
        1058823,
        1059847,
        1060871,
        1061895,
        1062919,
        1063943,
        1064967,
        1065991,
        1080327,
        2098183,
        2099207,
        2100231,
        2101255,
        2102279,
        2103303,
        2104327,
        2105351,
        2106375,
        2107399,
        2108423,
        2109447,
        2110471,
        2111495,
        2112519,
        2113543,
        2114567,
        2115591,
        2116615,
        2117639,
        2118663,
        2119687,
        2120711,
        2121735,
        2122759,
        2123783,
        2124807,
        2125831,
        2126855,
        2127879,
        2128903,
        3146759,
        3147783,
        3148807,
        3149831,
        3150855,
        3151879,
        3152903,
        3153927,
        3154951,
        3155975,
        3156999,
        3158023,
        3159047,
        3160071,
        3161095,
        3162119,
        3163143,
        3164167,
        3165191,
        3168263,
        3169287,
        3170311,
        3171335,
        3172359,
        3173383,
        3174407,
        3175431,
        3176455,
        3177479,
        4196359,
        4197383,
        4198407,
        4199431,
        4200455,
        4201479,
        4202503,
        4203527,
        4204551,
        4205575,
        4206599,
        4207623,
        4208647,
        4209671,
        4210695,
        4211719,
        4212743,
        4218887,
        4219911,
        4220935,
        4221959,
        4222983,
        4224007,
        4225031,
        4226055,
        5243911,
        5244935,
        5246983,
        5248007,
        5249031,
        5250055,
        5251079,
        5252103,
        5253127,
        5254151,
        5255175,
        5256199,
        5257223,
        5258247,
        5259271,
        5260295,
        5261319,
        5262343,
        5267463,
        5268487,
        5269511,
        5270535,
        5271559,
        5272583,
        5273607,
        5274631,
        5275655,
        6293511,
        6295559,
        6296583,
        6297607,
        6298631,
        6299655,
        6300679,
        6301703,
        6302727,
        6303751,
        6304775,
        6305799,
        6306823,
        6307847,
        6308871,
        6309895,
        6316039,
        6317063,
        6318087,
        6319111,
        6320135,
        6321159,
        6322183,
        6323207,
        7342087,
        7347207,
        7348231,
        7349255,
        7350279,
        7351303,
        7352327,
        7354375,
        7355399,
        7356423,
        7357447,
        7358471,
        7365639,
        7366663,
        7367687,
        7368711,
        7369735,
        7370759,
        7371783,
        8390663,
        8395783,
        8396807,
        8397831,
        8398855,
        8399879,
        8400903,
        8402951,
        8403975,
        8404999,
        8406023,
        8407047,
        8415239,
        8416263,
        8417287,
        8418311,
        8419335,
        8420359,
        9439239,
        9445383,
        9446407,
        9447431,
        9448455,
        9449479,
        9450503,
        9451527,
        9453575,
        9454599,
        9455623,
        9463815,
        9464839,
        9465863,
        9466887,
        9467911,
        9468935,
        10493959,
        10496007,
        10500103,
        10502151,
        10504199,
        10512391,
        10513415,
        10514439,
        10515463,
        10516487,
        10517511,
        11560967,
        11561991,
        11563015,
        11564039,
        11565063,
        11566087,
        12609543,
        12610567,
        12611591,
        12612615,
        12613639,
        12614663,
        13658119,
        13659143,
        13660167,
        13661191,
        13662215,
        13663239,
        14706695,
        14707719,
        14708743,
        14709767,
        14710791,
        14711815,
        15760391,
        2056,
        31752,
        1050632,
        1080328,
        2099208,
        2100232,
        2101256,
        2102280,
        2103304,
        2104328,
        2105352,
        2106376,
        2107400,
        2108424,
        2109448,
        2110472,
        2111496,
        2112520,
        2113544,
        2114568,
        2115592,
        2116616,
        2117640,
        2118664,
        2119688,
        2120712,
        2121736,
        2122760,
        2123784,
        2124808,
        2125832,
        2126856,
        2127880,
        2128904,
        3147784,
        3148808,
        3149832,
        3150856,
        3151880,
        3152904,
        3153928,
        3154952,
        3155976,
        3157000,
        3158024,
        3160072,
        3161096,
        3162120,
        3163144,
        3164168,
        3165192,
        3167240,
        3168264,
        3169288,
        3170312,
        3171336,
        3172360,
        3173384,
        3174408,
        3175432,
        3176456,
        3177480,
        4196360,
        4197384,
        4198408,
        4199432,
        4200456,
        4202504,
        4203528,
        4204552,
        4205576,
        4206600,
        4209672,
        4210696,
        4211720,
        4212744,
        4217864,
        4218888,
        4219912,
        4220936,
        4221960,
        4222984,
        4224008,
        4225032,
        4226056,
        5244936,
        5245960,
        5246984,
        5251080,
        5253128,
        5259272,
        5260296,
        5261320,
        5262344,
        5267464,
        5268488,
        5269512,
        5270536,
        5271560,
        5272584,
        5273608,
        5274632,
        6293512,
        6294536,
        6299656,
        6308872,
        6309896,
        6317064,
        6318088,
        6319112,
        6320136,
        6321160,
        6322184,
        6323208,
        7342088,
        7358472,
        7365640,
        7366664,
        7367688,
        7368712,
        7369736,
        7370760,
        7371784,
        8390664,
        8396808,
        8407048,
        8414216,
        8415240,
        8416264,
        8417288,
        8418312,
        8419336,
        8420360,
        9439240,
        9445384,
        9455624,
        9462792,
        9463816,
        9464840,
        9465864,
        9466888,
        9467912,
        9468936,
        10487816,
        10493960,
        10504200,
        10512392,
        10513416,
        10514440,
        10515464,
        10516488,
        10517512,
        11560968,
        11561992,
        11563016,
        11564040,
        11565064,
        11566088,
        12609544,
        12610568,
        12611592,
        12612616,
        12613640,
        12614664,
        13658120,
        13663240,
        14706696,
        14711816,
        2057,
        31753,
        1050633,
        1080329,
        2099209,
        2100233,
        2101257,
        2102281,
        2103305,
        2104329,
        2105353,
        2106377,
        2107401,
        2108425,
        2109449,
        2110473,
        2111497,
        2112521,
        2113545,
        2114569,
        2115593,
        2116617,
        2117641,
        2118665,
        2119689,
        2120713,
        2121737,
        2122761,
        2123785,
        2124809,
        2125833,
        2126857,
        2127881,
        2128905,
        3147785,
        3148809,
        3149833,
        3150857,
        3151881,
        3153929,
        3154953,
        3155977,
        3157001,
        3158025,
        3159049,
        3164169,
        3165193,
        3166217,
        3168265,
        3169289,
        3170313,
        3171337,
        3172361,
        3173385,
        3174409,
        3175433,
        3176457,
        3177481,
        4196361,
        4197385,
        4198409,
        4199433,
        4200457,
        4202505,
        4204553,
        4205577,
        4212745,
        4213769,
        4214793,
        4217865,
        4218889,
        4219913,
        4220937,
        4221961,
        4222985,
        4224009,
        4225033,
        4226057,
        5244937,
        5245961,
        5251081,
        5256201,
        5258249,
        5259273,
        5260297,
        5261321,
        5262345,
        5263369,
        5264393,
        5265417,
        5266441,
        5267465,
        5268489,
        5269513,
        5270537,
        5271561,
        5272585,
        5273609,
        5274633,
        6293513,
        6299657,
        6306825,
        6309897,
        6310921,
        6311945,
        6312969,
        6313993,
        6315017,
        6316041,
        6317065,
        6318089,
        6319113,
        6320137,
        6321161,
        6322185,
        6323209,
        7357449,
        7358473,
        7359497,
        7360521,
        7362569,
        7363593,
        7364617,
        7365641,
        7366665,
        7367689,
        7368713,
        7369737,
        7370761,
        7371785,
        8390665,
        8407049,
        8414217,
        8415241,
        8416265,
        8417289,
        8418313,
        8419337,
        8420361,
        9439241,
        9455625,
        9463817,
        9464841,
        9465865,
        9466889,
        9467913,
        9468937,
        10487817,
        10512393,
        10513417,
        10514441,
        10515465,
        10516489,
        10517513,
        11536393,
        11560969,
        11561993,
        11563017,
        11564041,
        11565065,
        11566089,
        12609545,
        12610569,
        12611593,
        12612617,
        12613641,
        12614665,
        13663241,
        14711817,
        2058,
        31754,
        1050634,
        1080330,
        2099210,
        2100234,
        2101258,
        2102282,
        2103306,
        2104330,
        2105354,
        2106378,
        2107402,
        2108426,
        2109450,
        2110474,
        2111498,
        2112522,
        2113546,
        2114570,
        2115594,
        2116618,
        2117642,
        2118666,
        2119690,
        2120714,
        2121738,
        2122762,
        2123786,
        2124810,
        2125834,
        2126858,
        2127882,
        2128906,
        3147786,
        3148810,
        3149834,
        3150858,
        3151882,
        3152906,
        3153930,
        3154954,
        3155978,
        3157002,
        3158026,
        3159050,
        3160074,
        3161098,
        3162122,
        3163146,
        3164170,
        3165194,
        3166218,
        3167242,
        3168266,
        3169290,
        3170314,
        3171338,
        3172362,
        3173386,
        3174410,
        3175434,
        3176458,
        3177482,
        4196362,
        4197386,
        4202506,
        4203530,
        4204554,
        4205578,
        4206602,
        4207626,
        4208650,
        4212746,
        4213770,
        4214794,
        4217866,
        4218890,
        4219914,
        4220938,
        4221962,
        4222986,
        4224010,
        4225034,
        4226058,
        5244938,
        5251082,
        5252106,
        5253130,
        5254154,
        5255178,
        5256202,
        5257226,
        5258250,
        5259274,
        5260298,
        5261322,
        5262346,
        5267466,
        5268490,
        5269514,
        5270538,
        5271562,
        5272586,
        5273610,
        5274634,
        6293514,
        6300682,
        6301706,
        6302730,
        6309898,
        6318090,
        6319114,
        6320138,
        6321162,
        6322186,
        6323210,
        7342090,
        7358474,
        7366666,
        7367690,
        7368714,
        7369738,
        7370762,
        7371786,
        8390666,
        8407050,
        8415242,
        8416266,
        8417290,
        8418314,
        8419338,
        8420362,
        9439242,
        9455626,
        9463818,
        9464842,
        9465866,
        9466890,
        9467914,
        9468938,
        10487818,
        10512394,
        10513418,
        10514442,
        10515466,
        10516490,
        10517514,
        11560970,
        11561994,
        11563018,
        11564042,
        11565066,
        11566090,
        12609546,
        12610570,
        12611594,
        12612618,
        12613642,
        12614666,
        13663242,
        14711818,
        2059,
        4107,
        19467,
        20491,
        21515,
        22539,
        23563,
        24587,
        25611,
        31755,
        1050635,
        1052683,
        1068043,
        1069067,
        1070091,
        1071115,
        1072139,
        1073163,
        1074187,
        1080331,
        2099211,
        2100235,
        2101259,
        2102283,
        2103307,
        2104331,
        2105355,
        2106379,
        2107403,
        2108427,
        2109451,
        2110475,
        2111499,
        2112523,
        2113547,
        2114571,
        2115595,
        2116619,
        2117643,
        2118667,
        2119691,
        2120715,
        2121739,
        2122763,
        2123787,
        2124811,
        2125835,
        2126859,
        2127883,
        2128907,
        3147787,
        3148811,
        3149835,
        3150859,
        3151883,
        3152907,
        3153931,
        3154955,
        3155979,
        3157003,
        3158027,
        3159051,
        3160075,
        3161099,
        3162123,
        3163147,
        3164171,
        3165195,
        3166219,
        3169291,
        3170315,
        3171339,
        3172363,
        3173387,
        3174411,
        3175435,
        3176459,
        3177483,
        4196363,
        4197387,
        4198411,
        4199435,
        4200459,
        4201483,
        4202507,
        4203531,
        4204555,
        4205579,
        4206603,
        4207627,
        4208651,
        4212747,
        4213771,
        4214795,
        4217867,
        4218891,
        4219915,
        4220939,
        4221963,
        4222987,
        4224011,
        4225035,
        4226059,
        5244939,
        5245963,
        5246987,
        5248011,
        5250059,
        5251083,
        5252107,
        5253131,
        5254155,
        5255179,
        5256203,
        5257227,
        5258251,
        5259275,
        5260299,
        5261323,
        5262347,
        5263371,
        5264395,
        5265419,
        5266443,
        5267467,
        5268491,
        5269515,
        5270539,
        5271563,
        5272587,
        5273611,
        5274635,
        6292491,
        6294539,
        6295563,
        6296587,
        6297611,
        6298635,
        6303755,
        6304779,
        6305803,
        6306827,
        6308875,
        6309899,
        6310923,
        6311947,
        6312971,
        6313995,
        6315019,
        6316043,
        6317067,
        6318091,
        6319115,
        6320139,
        6321163,
        6322187,
        6323211,
        7342091,
        7343115,
        7344139,
        7354379,
        7358475,
        7359499,
        7360523,
        7363595,
        7364619,
        7365643,
        7366667,
        7367691,
        7368715,
        7369739,
        7370763,
        7371787,
        8390667,
        8391691,
        8407051,
        8414219,
        8415243,
        8416267,
        8417291,
        8418315,
        8419339,
        8420363,
        9439243,
        9440267,
        9463819,
        9464843,
        9465867,
        9466891,
        9467915,
        9468939,
        10512395,
        10513419,
        10514443,
        10515467,
        10516491,
        10517515,
        11560971,
        11561995,
        11563019,
        11564043,
        11565067,
        11566091,
        12609547,
        12610571,
        12611595,
        12612619,
        12613643,
        12614667,
        13663243,
        14711819,
        3084,
        4108,
        5132,
        18444,
        25612,
        31756,
        1051660,
        1052684,
        1053708,
        1067020,
        1074188,
        1080332,
        2100236,
        2101260,
        2102284,
        2103308,
        2104332,
        2105356,
        2106380,
        2107404,
        2108428,
        2109452,
        2110476,
        2111500,
        2112524,
        2113548,
        2114572,
        2115596,
        2122764,
        2123788,
        2124812,
        2125836,
        2126860,
        2127884,
        2128908,
        3147788,
        3148812,
        3150860,
        3151884,
        3152908,
        3153932,
        3154956,
        3155980,
        3157004,
        3158028,
        3159052,
        3160076,
        3161100,
        3163148,
        3164172,
        3165196,
        3166220,
        3169292,
        3170316,
        3171340,
        3172364,
        3173388,
        3174412,
        3175436,
        3176460,
        3177484,
        4200460,
        4201484,
        4202508,
        4203532,
        4204556,
        4205580,
        4206604,
        4207628,
        4208652,
        4209676,
        4219916,
        4220940,
        4221964,
        4222988,
        4224012,
        4225036,
        4226060,
        5244940,
        5253132,
        5254156,
        5255180,
        5256204,
        5257228,
        5258252,
        5259276,
        5260300,
        5261324,
        5262348,
        5267468,
        5268492,
        5269516,
        5270540,
        5271564,
        5272588,
        5273612,
        5274636,
        6301708,
        6303756,
        6304780,
        6308876,
        6309900,
        6317068,
        6318092,
        6319116,
        6320140,
        6321164,
        6322188,
        6323212,
        7353356,
        7358476,
        7366668,
        7367692,
        7368716,
        7369740,
        7370764,
        7371788,
        8407052,
        8415244,
        8416268,
        8417292,
        8418316,
        8419340,
        8420364,
        9463820,
        9464844,
        9465868,
        9466892,
        9467916,
        9468940,
        10512396,
        10513420,
        10514444,
        10515468,
        10516492,
        10517516,
        11560972,
        11561996,
        11563020,
        11564044,
        11565068,
        11566092,
        12609548,
        12610572,
        12611596,
        12612620,
        12613644,
        12614668,
        13658124,
        13663244,
        6157,
        18445,
        25613,
        26637,
        27661,
        28685,
        29709,
        30733,
        31757,
        1054733,
        1067021,
        1074189,
        1075213,
        1076237,
        1077261,
        1078285,
        1079309,
        1080333,
        2103309,
        2104333,
        2105357,
        2106381,
        2107405,
        2108429,
        2109453,
        2110477,
        2111501,
        2112525,
        2113549,
        2114573,
        2115597,
        2122765,
        2123789,
        2124813,
        2125837,
        2126861,
        2127885,
        2128909,
        3151885,
        3152909,
        3153933,
        3154957,
        3155981,
        3157005,
        3158029,
        3159053,
        3160077,
        3161101,
        3162125,
        3163149,
        3164173,
        3171341,
        3172365,
        3173389,
        3174413,
        3175437,
        3176461,
        3177485,
        3178509,
        4203533,
        4204557,
        4205581,
        4206605,
        4207629,
        4208653,
        4209677,
        4210701,
        4211725,
        4212749,
        4219917,
        4220941,
        4221965,
        4222989,
        4224013,
        4225037,
        4226061,
        5255181,
        5256205,
        5257229,
        5258253,
        5259277,
        5260301,
        5261325,
        5262349,
        5267469,
        5268493,
        5269517,
        5270541,
        5271565,
        5272589,
        5273613,
        5274637,
        6305805,
        6307853,
        6308877,
        6309901,
        6317069,
        6318093,
        6319117,
        6320141,
        6321165,
        6322189,
        6323213,
        7358477,
        7365645,
        7366669,
        7367693,
        7368717,
        7369741,
        7370765,
        7371789,
        8414221,
        8415245,
        8416269,
        8417293,
        8418317,
        8419341,
        8420365,
        9463821,
        9464845,
        9465869,
        9466893,
        9467917,
        9468941,
        10512397,
        10513421,
        10514445,
        10515469,
        10516493,
        10517517,
        11560973,
        11561997,
        11563021,
        11564045,
        11565069,
        11566093,
        12609549,
        12610573,
        12611597,
        12612621,
        12613645,
        12614669,
        13658125,
        13659149,
        13660173,
        13661197,
        13662221,
        13663245,
        7182,
        8206,
        18446,
        1055758,
        1056782,
        1067022,
        2104334,
        2105358,
        2106382,
        2107406,
        2108430,
        2109454,
        2110478,
        2111502,
        2112526,
        2113550,
        2114574,
        2115598,
        3152910,
        3153934,
        3154958,
        3155982,
        3157006,
        3158030,
        3159054,
        3160078,
        3161102,
        3162126,
        3163150,
        3164174,
        3171342,
        4205582,
        4206606,
        4207630,
        4208654,
        4209678,
        4210702,
        4211726,
        5255182,
        5257230,
        5258254,
        5259278,
        5260302,
        5261326,
        6303758,
        6323214,
        9231,
        18447,
        1057807,
        1067023,
        2106383,
        2107407,
        2108431,
        2109455,
        2110479,
        2111503,
        2112527,
        2113551,
        2114575,
        2115599,
        3154959,
        3155983,
        3157007,
        3158031,
        3159055,
        3160079,
        3161103,
        3162127,
        3163151,
        3164175,
        4206607,
        4207631,
        4208655,
        4209679,
        5257231,
        10256,
        11280,
        12304,
        13328,
        14352,
        15376,
        16400,
        17424,
        1058832,
        1059856,
        1060880,
        1061904,
        1062928,
        1063952,
        1064976,
        1066000,
        2107408,
        2108432,
        2109456,
        2110480,
        2111504,
        2112528,
        2113552,
        2114576,
        3155984,
        3157008,
        3158032,
        3159056,
        3160080,
        3161104,
        3162128,
        3163152,
        4208656
    ],
    "BlockIds": [
        9698,
        9698,
        9698,
        9698,
        2966,
        2966,
        2966,
        2966,
        2966,
        2966,
        2966,
        2966,
        2966,
        2966,
        2966,
        2966,
        2966,
        2966,
        2966,
        2966,
        2966,
        2966,
        2966,
        2966,
        2966,
        2966,
        2966,
        4154,
        9493,
        2966,
        2966,
        2966,
        2852,
        9493,
        2966,
        9698,
        4154,
        2966,
        2966,
        4154,
        9493,
        9698,
        3061,
        2966,
        9493,
        2966,
        2985,
        3061,
        2966,
        2985,
        2852,
        2966,
        2966,
        2966,
        2966,
        2966,
        2966,
        2966,
        2966,
        2966,
        2966,
        2966,
        2966,
        2966,
        2966,
        2966,
        2966,
        2966,
        2966,
        2966,
        2966,
        6179,
        6179,
        6179,
        2966,
        2852,
        2966,
        9493,
        2966,
        2852,
        9493,
        9493,
        2966,
        7355,
        7355,
        7355,
        2966,
        2339,
        2319,
        2339,
        2319,
        2569,
        2966,
        2966,
        2966,
        2966,
        2966,
        2966,
        2966,
        2966,
        2966,
        2966,
        2966,
        2966,
        2966,
        2966,
        2966,
        2966,
        2966,
        6179,
        6179,
        6179,
        6179,
        6179,
        6179,
        6179,
        6179,
        6179,
        2966,
        5107,
        2852,
        2852,
        5107,
        2966,
        5107,
        2966,
        9493,
        2966,
        4154,
        2852,
        2852,
        9493,
        2852,
        2852,
        2966,
        7355,
        2339,
        2339,
        2966,
        2966,
        2966,
        2966,
        2966,
        2966,
        2966,
        2966,
        2966,
        2966,
        2966,
        2966,
        2966,
        6179,
        2966,
        2966,
        2966,
        2966,
        6179,
        6179,
        6179,
        6179,
        6179,
        6179,
        6179,
        6179,
        6179,
        6179,
        2966,
        5107,
        5107,
        4154,
        2852,
        2852,
        5107,
        5107,
        5107,
        5107,
        5107,
        5107,
        9493,
        2852,
        2852,
        9493,
        9493,
        7355,
        2852,
        2339,
        2339,
        2966,
        2966,
        2966,
        2966,
        2966,
        2966,
        2966,
        2966,
        2966,
        2966,
        2966,
        6179,
        6179,
        6179,
        6179,
        2966,
        2966,
        2966,
        6179,
        6179,
        6179,
        6179,
        6179,
        6179,
        6179,
        6179,
        6179,
        6179,
        2966,
        4154,
        5107,
        5107,
        4154,
        5107,
        2852,
        8606,
        5107,
        5107,
        5107,
        5107,
        5107,
        5107,
        4154,
        4154,
        2966,
        2852,
        2852,
        2966,
        4154,
        2966,
        4154,
        2852,
        2966,
        7355,
        7355,
        4154,
        2339,
        2319,
        2966,
        2966,
        2966,
        2966,
        2966,
        2966,
        2966,
        2966,
        2966,
        2966,
        2966,
        2966,
        2966,
        2966,
        6179,
        6179,
        6179,
        6179,
        2966,
        2966,
        2966,
        6179,
        6179,
        6179,
        6179,
        6179,
        6179,
        6179,
        6179,
        6179,
        6179,
        6179,
        2966,
        5107,
        5107,
        5107,
        5107,
        5107,
        5107,
        9698,
        9698,
        4154,
        5107,
        5107,
        5107,
        5107,
        2966,
        8109,
        2966,
        9698,
        5107,
        2966,
        2852,
        2852,
        4154,
        4154,
        5107,
        2966,
        2966,
        9698,
        2966,
        9698,
        9698,
        2852,
        5107,
        2966,
        7355,
        7355,
        7355,
        9493,
        9698,
        2339,
        2319,
        9698,
        2339,
        2319,
        2569,
        2966,
        2966,
        2966,
        2966,
        2966,
        2966,
        2966,
        2966,
        2966,
        2966,
        2966,
        2966,
        2966,
        2966,
        2966,
        2966,
        2966,
        2966,
        2966,
        2966,
        2966,
        2966,
        2966,
        2966,
        2966,
        2966,
        2966,
        6179,
        6179,
        6179,
        6179,
        6179,
        2966,
        2966,
        2966,
        2966,
        2966,
        2966,
        2966,
        2966,
        2966,
        2966,
        2966,
        6179,
        6179,
        6179,
        6179,
        6179,
        6179,
        6179,
        6179,
        6179,
        6179,
        6179,
        6179,
        6179,
        2966,
        5107,
        4154,
        2966,
        2966,
        9493,
        4154,
        2966,
        2966,
        2966,
        4154,
        4154,
        9493,
        4154,
        2966,
        2966,
        4154,
        9493,
        4154,
        9698,
        4154,
        5107,
        5107,
        2966,
        2966,
        4154,
        9520,
        2966,
        4154,
        4154,
        9493,
        9493,
        2852,
        4154,
        2852,
        2966,
        9493,
        9493,
        2852,
        4154,
        2852,
        2966,
        4154,
        9493,
        4154,
        9493,
        2966,
        5107,
        2966,
        9493,
        2966,
        136,
        2966,
        2966,
        4154,
        9698,
        4154,
        2966,
        2966,
        2966,
        4154,
        4154,
        2966,
        2966,
        2966,
        9493,
        2966,
        2966,
        4154,
        2966,
        4154,
        4154,
        9698,
        4154,
        4154,
        9493,
        2966,
        9493,
        9493,
        2966,
        2966,
        9698,
        9493,
        16414,
        5122,
        9493,
        9493,
        2966,
        2966,
        4154,
        4154,
        2966,
        4154,
        2966,
        4154,
        9493,
        4154,
        2966,
        2852,
        2966,
        2966,
        9493,
        9493,
        2966,
        2966,
        2966,
        4154,
        9493,
        2966,
        2966,
        2757,
        2795,
        2966,
        9493,
        2757,
        2795,
        2966,
        9493,
        4154,
        2966,
        2966,
        9493,
        4154,
        2966,
        9493,
        9493,
        9493,
        4154,
        2966,
        2757,
        2795,
        4154,
        4154,
        2757,
        2795,
        4154,
        4154,
        9493,
        4154,
        4154,
        9493,
        4154,
        2966,
        3023,
        2966,
        2966,
        9493,
        2966,
        5122,
        9493,
        2966,
        2966,
        9493,
        9493,
        2966,
        4154,
        2966,
        9493,
        2966,
        2966,
        3023,
        16414,
        16414,
        16414,
        3023,
        8611,
        2852,
        2966,
        2852,
        2966,
        2966,
        8611,
        8611,
        16414,
        9493,
        4154,
        2966,
        8611,
        8611,
        8611,
        2966,
        9493,
        9493,
        8611,
        8611,
        8611,
        8611,
        16414,
        4154,
        8611,
        8611,
        8611,
        8611,
        8611,
        4154,
        5535,
        2966,
        2966,
        2966,
        2966,
        2966,
        6179,
        6179,
        6179,
        6179,
        6179,
        6179,
        6179,
        6179,
        6179,
        6179,
        6179,
        6179,
        6179,
        6179,
        6179,
        6179,
        6179,
        6179,
        6179,
        6179,
        6179,
        6179,
        6179,
        6179,
        6179,
        6179,
        6179,
        6179,
        2966,
        2966,
        4154,
        5107,
        5107,
        4154,
        8610,
        2966,
        5107,
        5107,
        5107,
        2966,
        3061,
        9493,
        2966,
        9493,
        2966,
        9698,
        2852,
        5107,
        5107,
        5107,
        4154,
        6540,
        8611,
        8611,
        8611,
        8611,
        9493,
        4154,
        4154,
        5107,
        2852,
        8610,
        2966,
        5107,
        5107,
        8610,
        8610,
        3061,
        2966,
        4154,
        2966,
        2852,
        5107,
        4154,
        8606,
        8611,
        8611,
        8611,
        8611,
        9493,
        2966,
        2966,
        5122,
        2966,
        2349,
        3061,
        2966,
        2966,
        9698,
        2852,
        9493,
        7355,
        7355,
        7355,
        7355,
        7355,
        4154,
        9493,
        2852,
        2966,
        2339,
        4154,
        2966,
        8606,
        8606,
        8611,
        8606,
        8606,
        2966,
        9493,
        2966,
        2966,
        8611,
        8611,
        8611,
        8611,
        8611,
        2966,
        4154,
        2966,
        9493,
        2966,
        7355,
        7355,
        8611,
        7355,
        7355,
        4154,
        4154,
        9493,
        2966,
        5535,
        16414,
        8611,
        8611,
        8611,
        6540,
        4154,
        3023,
        16414,
        5535,
        8611,
        8611,
        8611,
        8611,
        8611,
        2966,
        8611,
        8611,
        8611,
        8611,
        8611,
        2814,
        8611,
        8611,
        8611,
        8611,
        8611,
        2966,
        8611,
        5122,
        8611,
        8611,
        2966,
        2966,
        2966,
        2966,
        2966,
        6179,
        6179,
        6179,
        6179,
        6179,
        6179,
        6179,
        6179,
        6179,
        6179,
        6179,
        6179,
        6179,
        6179,
        6179,
        6179,
        6179,
        6179,
        6179,
        6179,
        6179,
        6179,
        6179,
        6179,
        6179,
        6179,
        6179,
        6179,
        2966,
        9493,
        5107,
        5107,
        5107,
        5107,
        9521,
        5107,
        2966,
        5107,
        5107,
        5107,
        9493,
        4154,
        2966,
        5107,
        4154,
        2966,
        2966,
        8611,
        8610,
        2339,
        8610,
        8611,
        2966,
        2852,
        5107,
        2852,
        2349,
        5122,
        136,
        5107,
        5107,
        4154,
        9493,
        4154,
        2966,
        4154,
        2966,
        8611,
        8611,
        8611,
        8611,
        8611,
        4154,
        2966,
        5535,
        4154,
        7355,
        7355,
        7355,
        7355,
        2966,
        2966,
        4154,
        3004,
        3080,
        2966,
        4154,
        4154,
        7355,
        8611,
        8611,
        8611,
        7355,
        9493,
        2966,
        2852,
        8606,
        2966,
        9493,
        2966,
        2966,
        4154,
        2966,
        2966,
        2852,
        8611,
        8611,
        8611,
        8611,
        8611,
        9493,
        8379,
        2966,
        2757,
        2795,
        2852,
        2349,
        2795,
        2966,
        8386,
        8611,
        8611,
        8611,
        8611,
        2852,
        2833,
        9493,
        2966,
        8611,
        8611,
        8611,
        8611,
        8611,
        9493,
        9493,
        2349,
        8611,
        8611,
        8611,
        8611,
        8611,
        5122,
        4154,
        8611,
        8611,
        8611,
        8611,
        8611,
        8611,
        2852,
        8611,
        8611,
        8611,
        8611,
        8611,
        8611,
        8611,
        8611,
        8611,
        8611,
        8611,
        8611,
        8611,
        8611,
        2966,
        2966,
        2966,
        2966,
        2966,
        6179,
        6179,
        6179,
        6179,
        6179,
        6179,
        6179,
        6179,
        6179,
        6179,
        6179,
        6179,
        6179,
        6179,
        6179,
        6179,
        6179,
        6179,
        6179,
        6179,
        6179,
        6179,
        6179,
        6179,
        6179,
        6179,
        6179,
        6179,
        2966,
        9493,
        5107,
        2966,
        16414,
        2349,
        2852,
        2966,
        5107,
        2966,
        5107,
        5107,
        5107,
        2966,
        5107,
        2329,
        8610,
        9493,
        4154,
        4154,
        2852,
        2852,
        4154,
        2966,
        9493,
        8611,
        8611,
        8611,
        8611,
        8611,
        4154,
        2966,
        8610,
        2966,
        5107,
        5107,
        5107,
        5107,
        5107,
        2966,
        2966,
        2966,
        2966,
        2966,
        2966,
        2966,
        8611,
        8611,
        8611,
        8611,
        8611,
        2966,
        2966,
        2852,
        5107,
        5107,
        5107,
        5107,
        5107,
        7355,
        7355,
        7355,
        7355,
        2966,
        9493,
        9493,
        4154,
        7355,
        7355,
        7355,
        7355,
        7355,
        2966,
        4154,
        16414,
        5122,
        2852,
        9521,
        8611,
        8611,
        8611,
        8611,
        8611,
        2966,
        9493,
        136,
        8611,
        8611,
        8611,
        8611,
        8611,
        9493,
        2966,
        2966,
        8611,
        8611,
        8611,
        8611,
        8611,
        16414,
        9493,
        5535,
        8611,
        8611,
        8611,
        8611,
        8611,
        8611,
        3099,
        8611,
        8611,
        8611,
        8611,
        8611,
        8611,
        8611,
        8611,
        8611,
        8611,
        8611,
        8611,
        8611,
        8611,
        8611,
        8611,
        8611,
        8611,
        8611,
        8611,
        2966,
        2966,
        2966,
        2966,
        2966,
        2966,
        2966,
        2966,
        2966,
        2966,
        2966,
        2966,
        2966,
        2966,
        2966,
        2966,
        2966,
        2966,
        2966,
        2966,
        2966,
        6179,
        2966,
        6179,
        6179,
        6179,
        6179,
        6179,
        6179,
        6179,
        6179,
        6179,
        6179,
        6179,
        6179,
        6179,
        6179,
        2966,
        2966,
        2966,
        2966,
        2966,
        2966,
        2966,
        6179,
        6179,
        6179,
        6179,
        6179,
        2966,
        4154,
        2966,
        2966,
        4154,
        9493,
        2966,
        9493,
        5107,
        2966,
        2966,
        5107,
        5107,
        5107,
        2966,
        5107,
        8610,
        2966,
        2966,
        2966,
        2966,
        2966,
        2966,
        8611,
        8606,
        2329,
        8611,
        8611,
        2966,
        9493,
        4154,
        2852,
        9493,
        9493,
        4154,
        2966,
        2966,
        2966,
        5107,
        5107,
        5107,
        5107,
        9493,
        4154,
        4154,
        2966,
        9493,
        4154,
        8611,
        8606,
        8611,
        8611,
        8611,
        4154,
        4154,
        4154,
        2966,
        2966,
        4154,
        2349,
        5107,
        2852,
        5107,
        5107,
        5107,
        5107,
        7355,
        7355,
        7355,
        9493,
        4154,
        2966,
        3004,
        3080,
        9493,
        4154,
        2966,
        7355,
        8606,
        8611,
        8611,
        7355,
        9493,
        9698,
        4154,
        2966,
        4154,
        2966,
        2852,
        2852,
        5107,
        5107,
        6540,
        8606,
        4154,
        2966,
        2966,
        9493,
        2852,
        2966,
        2966,
        9493,
        8611,
        8606,
        8611,
        8611,
        8611,
        2966,
        2966,
        9493,
        2349,
        2852,
        4154,
        2757,
        2795,
        5122,
        2795,
        9493,
        8611,
        8611,
        8611,
        8611,
        8611,
        2852,
        9493,
        9493,
        5122,
        5122,
        8611,
        8611,
        8611,
        8611,
        8611,
        8611,
        3099,
        16414,
        8611,
        8611,
        8611,
        8611,
        8611,
        8611,
        8611,
        8611,
        8611,
        8611,
        8611,
        8611,
        8611,
        8611,
        8611,
        8611,
        8611,
        8611,
        8611,
        8611,
        8611,
        8611,
        8611,
        8611,
        8611,
        8611,
        2966,
        2966,
        2966,
        2966,
        2966,
        2966,
        2966,
        2966,
        2966,
        2966,
        2966,
        2966,
        2966,
        2966,
        2966,
        6179,
        6179,
        6179,
        6179,
        6179,
        6179,
        6179,
        6179,
        6179,
        6179,
        6179,
        6179,
        2966,
        2966,
        6179,
        6179,
        6179,
        6179,
        6179,
        2966,
        9698,
        2852,
        3061,
        9493,
        2966,
        4154,
        2966,
        2966,
        5107,
        5107,
        5107,
        5107,
        5107,
        5107,
        9493,
        9698,
        9698,
        9698,
        9698,
        4154,
        8611,
        8611,
        8611,
        8606,
        8606,
        9493,
        3061,
        9493,
        4154,
        5107,
        2966,
        2966,
        2966,
        5107,
        2966,
        2966,
        2966,
        8611,
        8611,
        8611,
        8611,
        8611,
        2966,
        9698,
        4154,
        2966,
        5107,
        5107,
        5107,
        5107,
        7355,
        7355,
        2966,
        9698,
        9698,
        2966,
        7355,
        7355,
        7355,
        7355,
        7355,
        2966,
        2852,
        2339,
        4154,
        8606,
        2966,
        9493,
        8610,
        8610,
        8611,
        8611,
        8109,
        4154,
        5122,
        2966,
        8611,
        8611,
        8611,
        8611,
        8611,
        8611,
        5535,
        8611,
        8611,
        8611,
        8611,
        8611,
        8611,
        8611,
        8611,
        8611,
        8611,
        8611,
        8611,
        8611,
        8611,
        8611,
        8611,
        8611,
        8611,
        8611,
        8611,
        8611,
        8611,
        8611,
        8611,
        8611,
        8611,
        8611,
        8611,
        8611,
        8611,
        8611,
        8611,
        2966,
        2966,
        2966,
        2966,
        2966,
        2966,
        2966,
        2966,
        2966,
        2966,
        2966,
        2966,
        2966,
        2966,
        2966,
        2966,
        2966,
        2966,
        2966,
        6179,
        6179,
        6179,
        6179,
        6179,
        6179,
        6179,
        6179,
        6179,
        6179,
        6179,
        2966,
        2966,
        2966,
        2966,
        2966,
        2966,
        2966,
        2966,
        2852,
        5107,
        4154,
        4154,
        9493,
        4154,
        2966,
        2966,
        4154,
        4154,
        9493,
        2966,
        2966,
        2966,
        4154,
        4154,
        2966,
        9493,
        4154,
        2966,
        9698,
        9493,
        4154,
        4154,
        9493,
        9493,
        4154,
        9493,
        4154,
        2966,
        9493,
        4154,
        2966,
        4154,
        4154,
        9493,
        9493,
        4154,
        4154,
        5107,
        2966,
        9493,
        2966,
        4154,
        2966,
        9698,
        9698,
        4154,
        9493,
        2966,
        2966,
        4154,
        2966,
        4154,
        5107,
        2852,
        9493,
        2966,
        4154,
        2966,
        9493,
        2966,
        2966,
        9493,
        2966,
        5122,
        2966,
        16414,
        5535,
        5122,
        2339,
        8611,
        2966,
        5122,
        8611,
        8611,
        8611,
        8611,
        8611,
        16414,
        8611,
        8611,
        8611,
        8611,
        8611,
        8611,
        8611,
        8611,
        8611,
        8611,
        8611,
        8611,
        8611,
        8611,
        8611,
        8611,
        8611,
        8611,
        8611,
        8611,
        8611,
        8611,
        8611,
        8611,
        8611,
        8611,
        8611,
        8611,
        8611,
        8611,
        2966,
        2966,
        2966,
        2966,
        2966,
        2966,
        2966,
        2966,
        6179,
        6179,
        6179,
        6179,
        6179,
        6179,
        6179,
        6179,
        6179,
        2966,
        2852,
        5107,
        5107,
        5107,
        2966,
        4154,
        4154,
        4154,
        2966,
        2985,
        5107,
        5107,
        9698,
        5107,
        2966,
        2966,
        9493,
        5107,
        5107,
        5107,
        5107,
        2852,
        2349,
        5535,
        2852,
        9698,
        16414,
        9698,
        2966,
        2966,
        2966,
        2966,
        2966,
        6179,
        6179,
        6179,
        6179,
        6179,
        6179,
        6179,
        6179,
        2966,
        5107,
        9493,
        2966,
        2966,
        2966,
        4154,
        9493,
        5107,
        5107,
        5107,
        4154,
        5107,
        4154,
        2852,
        16414,
        2966,
        2966,
        2966,
        2966,
        2966,
        2966,
        2966,
        2966,
        2966,
        2966,
        2966,
        2966,
        2966,
        2966,
        2966,
        2966,
        2966,
        2966,
        2966,
        2966,
        2966,
        2966,
        2966,
        2966,
        2852,
        5107,
        5107,
        5107,
        5107,
        5107,
        5107,
        2852,
        9698
    ],
    "DecorIndices": [],
    "DecorIds": [],
    "BlockEntities": {
        "3176448": "!<d@[F*Kjn#64c-E,TfCDu]k<!<d@[F*dQ-#64o6@VfsmCI<#NAIrp*E,]`9FCJfiD(T1/ARl&M@V&tbF!L_m+pnYd!!%O6*<6(i58\"J9!!%O6'`\\5!5TKh)J3On19-=?;",
        "5269504": "!<d@[F*Kjn#64c-E,TfCEW?(>!<d@[F*dE)#64o6@VfsmCI<#NAIrp*E,]`9FCJfiD(T1/ARl&M@V&tbF!L_m+pnYd!!%O6'`\\5a58\"J9r;V72(&\\)]590_(TKj@R9-=<:",
        "6318080": "!<d@[F*Kjn#64c-E,TfCErZ1?!<d@[F*dE)#64o6@VfsmCI<#NAIrp*E,]`9FCJfiD(T1/ARl&M@V&tbEutAh*=;rZ!!%O6&e>HNs*m6J!!!Qq*<6'^5T&KR+9MT",
        "8417280": "!<d@[F*Kjn#64c-E,TfCFT;CA!<d@[F*dK+#64o6@VfsmCI<#NAIrp*E,]`9FCJfiD(T1/ARl&M@V&tbF\"%(r-OL@n!!%O6'`\\5a4rjV'!'_),%K?BW58=2!!5KWTs$&aci_(Br!!",
        "5268481": "!<d@[F*Kmo#64c-E,TfCEW?(>!<d@[F*dB(#64o6@VfsmCI<#NAIrp*E,]`9FCJfiD(T1/ARl&M@V&tbF!:Sk+:8Gj!!%O6*<6(i58\"J9jb-AW'`\\46^`E@QIm4e09)n",
        "5274625": "!<d@[F*Kmo#64c-E,TfCEW?(>!<d@[F*dT.#64o6@VfsmCI<#NAIrp*E,]`9FCJfiD(T1/ARl&M@V&tbEuG#c(^^E]!!%O6&df'J!5Li7r;V72(ue12!WW",
        "3164165": "!<d@[F*L$s#64c-E,TfCDu]k<!<d@[F*d-!#64o6@VfsmCI<#NAHu^]F`__:EWlSfH#R=4@rc\"\"AM7P6@<?'4F)>?%Cb9^M@:O(aA-<-XDffE0AQSp4!!!-.D.Rd%6#L=OA_Ra;^B=d^DffE0AQf'6!!!<3@rH1\"ARfgnA,l`?Eb02uBl[-o@<?&\\z",
        "3153926": "!<d@[F*L't#64c-E,TfCDu]k<!<d@[F*ccl#64o6@VfsmCI<#NAIrp*E,]`9FCJfiD(T1/ARl&M@V&tbF!L_m+pnYd!!%O6*<6'>58\"J9!!%O6'`\\5!5TKh)!'_=[9-=<:",
        "3160070": "!<d@[F*L't#64c-E,TfCDu]k<!<d@[F*cur#64o6@VfsmCI<#NAIrp*E,]`9FCJfiD(T1/ARl&M@V&tbF!L_m+pnYd!!%O6*<6'>58\"J9!!%O6'`\\5!5TKh)!'_=[9-=<:",
        "3175430": "!<d@[F*L't#64c-E,TfCDu]k<!<d@[F*dN,#64o6@VfsmCI<#NAI;p\\ATMrFARTY%\"po!]G%GQ5DfU+(#'\"^#Dfg%+!!!!'\"`nKuFE7Zf0E;+R!!!Q2!!!$\"!!!-0FDl80CdVlEDI[8&bY12##6?OZ!<<*\"&-2b2!<<*\"\":K<iFCAuQBOPdgA^/Fm4obfg1&q=T!!!Q2!!!$\"!!!-0FDl80CdVlEDI[8&bY12##6?U\\!<<*\"&-2b2!<<*\"\":K<iFCAuQBOPdgA^/Fm4obfg1]ROV!!!Q2!!!$\"!!!-0FDl80CdVlEDI[8&bY12##6?[^!<<*\"&-2b2!<<*\"\":K<iFCAuQBOPdgA^/Fm4obfg2?3aX!!!Q2!!!$\"!!!-0FDl80CdVlEDI[8&bY12##6?a`!<<*\"&-2b2!<<*\"\":K<iFCAuQBOPdgA^/Fm4obQ_\"Uo!]E^FS\\@r\"GMA7Z*XBOu7,/S/@3F9MehH#R=%@rH1\"@;p:!A2+2nD.Rd%6#L=OA`2r/^]4",
        "3177478": "!<d@[F*L't#64c-E,TfCDu]k<!<d@[F*dT.#64o6@VfsmCI<#NAIrp*E,]`9FCJfiD(T1/ARl&M@V&tbF\"%(r-OL@n!!%O6'`\\5a4rjV'J3OYW%0-BY58=.u5X6=i!.[9Ni_(Br!!",
        "5244934": "!<d@[F*L't#64c-E,TfCEW?(>!<d@[F*cQf#64o6@VfsmCI<#NAIrp*E,]`9FCJfiD(T1/ARl&M@V&tbF!L_m+pnYd!!%O6'`\\5a58\"J9rr8V*'`nAc^E!=TJ3On19-=<:",
        "5250054": "!<d@[F*L't#64c-E,TfCEW?(>!<d@[F*c`k#64o6@VfsmCI<#NAIrp*E,]`9FCJfiD(T1/ARl&M@V&tbF\"%(r-OL@n!!%O6'`\\5a590_(J3OYW%J]sQ58EtnIm4qR!'igei_(Br!!",
        "5251078": "!<d@[F*L't#64c-E,TfCEW?(>!<d@[F*ccl#64o6@VfsmCI<#NAIrp*E,]`9FCJfiD(T1/ARl&M@V&tbF!L_m+pnYd!!%O6'`\\5a58\"J9!!#:!'`\\46^`<CTJA2r\\9-=<:",
        "5274630": "!<d@[F*L't#64c-E,TfCEW?(>!<d@[F*dT.#64o6@VfsmCI<#NAIrp*E,]`9FCJfiD(T1/ARl&M@V&tbF!L_m+pnYd!!%O6'`\\5a58\"J9!!%O6'`\\46^`DI[N3jG]9-=99",
        "6323206": "!<d@[F*L't#64c-E,TfCErZ1?!<d@[F*dT.#64o6@VfsmCI<#NAIrp*E,]`9FCJfiD(T1/ARl&M@V&tbEutAh*=;rZ!!%O6&e>HOs*m6J0\"j?Q*<6(i58`BQ+9MT",
        "3165191": "!<d@[F*L*u#64c-E,TfCDu]k<!<d@[F*d0\"#64o6@VfsmCI<#NAIrp*E,]`9FCJfiD(T1/ARl&M@V&tbEtA<Y%LN1K\"Vh\";5X61G9-=99",
        "3174407": "!<d@[F*L*u#64c-E,TfCDu]k<!<d@[F*dK+#64o6@VfsmCI<#NAJ/NlDfRFMF_P`)A1_h?F_>AC\":B0fFCB9&=]/[=gCME@#mP<eASu'i!!s*KDK]T3F@]hXA8Ggu!!!",
        "5243911": "!<d@[F*L*u#64c-E,TfCEW?(>!<d@[F*cNe#64o6@VfsmCI<#NAIrp*E,]`9FCJfiD(T1/ARl&M@V&tbF!:Sk+:8Gj!!%O6*<6(i58\"J9rr7J^'`\\5a^E!:S!'_=[9)n",
        "5262343": "!<d@[F*L*u#64c-E,TfCEW?(>!<d@[F*d0\"#64o6@VfsmCI<#NAIrp*E,]`9FCJfiD(T1/ARl&M@V&tbEuG#c(^^E]!!%O6&df'J!!#8!s8RR5(ue12!WW",
        "5275655": "!<d@[F*L*u#64c-E,TfCEW?(>!<d@[F*dW/#64o6@VfsmCI<#NAIrp*E,]`9FCJfiD(T1/ARl&M@V&tbEuG#c(^^E]!!%O6&df'J!8p*Wqu;.1(ue12!WW",
        "6295559": "!<d@[F*L*u#64c-E,TfCErZ1?!<d@[F*cWh#64o6@VfsmCI<#NAJK6(@r$13E+NQ3Ecki#Ch521Eb/ec\"E\\p.AJT</@Ua.b/R`^6Cgh?@/SB*4DJ=3(\":&scFCB9&=9&=$!!EUFATMNNDJ*csgCHk?\":&scFCB9&=o\\O&!!rsADes6$@ru9m!!E[MAT2'lE`7'gFCbFP!!!!",
        "10496007": "!<d@[F*L*u#64c-E,TfCG5qUC!<d@[F*cin#64o6@VfsmCI<#NAJK6(@r$13E+NQ3Ecki#Ch521Eb/ec\"E\\p.AJT</@Ua.b/R`^6Cgh??/SB*4DJ=3(\":&scFCB9&=9&=$!!EUFATMNNDJ*csgCMCj\":&scFCB9&=o\\O&!!rsADes6$@ru9m!!E[MAT2'lE`7'gFCbFP!!!!",
        "10500103": "!<d@[F*L*u#64c-E,TfCG5qUC!<d@[F*cur#64o6@VfsmCI<#NAJK6(@r$13E+NQ3Ecki#Ch521Eb/ec\"E\\p.AJT</@Ua.b/R`^6Cgh?>/SB*4DJ=3(\":&scFCB9&=9&=$!!EUFATMNNDJ*csgCMCj\":&scFCB9&=o\\O&!!rsADes6$@ru9m!!E[MAT2'lE`7'gFCbFP!!!!",
        "10502151": "!<d@[F*L*u#64c-E,TfCG5qUC!<d@[F*d&t#64o6@VfsmCI<#NAJK6(@r$13E+NQ3Ecki#Ch521Eb/ec\"E\\p.AJT</@Ua.b/R`^6Cgh?>/SB*4DJ=3(\":&scFCB9&=9&=$!!EUFATMNNDJ*csdSp$-\":&scFCB9&=o\\O&!!rsADes6$@ru9m!!E[MAT2'lE`7'gFCbFP!!!!",
        "11563015": "!<d@[F*L*u#64c-E,TfCGQ7^D!<d@[F*dK+#64o6@VfsmCI<#NAJK6(@r$13E+NQ3Ecki#Ch521Eb/ec\"E\\p.AJT</@Ua.b/R`^6Cgh?=/SB*4DJ=3(\":&scFCB9&=9&=$!!EUFATMNNDJ*csdSp$-\":&scFCB9&=o\\O&!!rsADes6$@ru9m!!E[MAT2'lE`7'gFCbFP!!!!",
        "13662215": "!<d@[F*L*u#64c-E,TfCH2mpF!<d@[F*dQ-#64o6@VfsmCI<#NAJK6(@r$13E+NQ3Ecki#Ch521Eb/ec\"E\\p.AJT</@Ua.b/R`^6Cgh??/SB*4DJ=3(\":&scFCB9&=9&=$!!EUFATMNNDJ*csjNA<(\":&scFCB9&=o\\O&!!rsADes6$@ru9m!!E[MAT2'lE`7'gFCbFP!!!!",
        "3152904": "!<d@[F*L.!#64c-E,TfCDu]k<!<d@[F*c`k#64o6@VfsmCI<#NAIW9mDfor.F*)>@@:s-U$#+:#ASuU.Ed7ZiEH>r7FE7Qb!!!3,F)5c:EsD_\"!!*'\"!4E%2!!`K(!!WgQASlBtEaa'4Eb,=fFCf<.ATD4$F`M%e@<6NjE+EC!AH2]1!<:8C5m.R;ASlBtEaa'4Eb,4Nz!!!<;AoD^\"AQ*\\hEa`Tl:i^JnErZ=LD.Rd%6#L=OA_Ra;562+\"FECr$BLZE?AH2]1!!!",
        "3165192": "!<d@[F*L.!#64c-E,TfCDu]k<!<d@[F*d0\"#64o6@VfsmCI<#NAIrp*E,]`9FCJfiD(T1/ARl&M@V&tbEuG#c(^^EU!!%O6&df'J!.[9K!!#8L(ue12!rr",
        "3172360": "!<d@[F*L.!#64c-E,TfCDu]k<!<d@[F*dE)#64o6@VfsmCI<#NAHcRa@<?&b$#+:#ASuU.Ed7ZiEH>r7FE7un!!!3,F)5c:EsD_\"!!*'\"!#GY9!!*'\"z\"Uo!]E^FS\\@r\"GMA7YpSEaa'$\"U/^N@V'?U\"U&pmE+K?\"Df9/<@:s.^\":8pVF(djWB5D/?bEb?n$>a-[ASa_PCi==o!!!!&#]+3c;flGiAHlX\\Df]K##7>9U@V'@SFCAZp!<<",
        "4200456": "!<d@[F*L.!#64c-E,TfCE<#t=!<d@[F*c]j#64o6@VfsmCI<#NAIW9mDfor.F*)>@@:s-U$#+:#ASuU.Ed7ZiEH>r7FE7Qb!!!3,F)5c:EsD_\"!!*'\"!4E%2!\"Ao.!!WgQASlBtEaa'4Eb,=fFCf<.ATD4$F`M%e@<6NjE+EC!AH2]1!<:8C5m.R;ASlBtEaa'4Eb,4Nz!!!<;AoD^\"AQ*\\hEa`Tl:i^JnErZ=LD.Rd%6#L=OA_Ra;562+\"FECr$BLZE?AH2]1!!!",
        "4205576": "!<d@[F*L.!#64c-E,TfCE<#t=!<d@[F*clo#64o6@VfsmCI<#NAIW9mDfor.F*)>@@:s-U$#+:#ASuU.Ed7ZiEH>r7FE7Qb!!!3,F)5c:EsD_\"!!*'\"!4E%2!$qUF!!WgQASlBtEaa'4Eb,=fFCf<.ATD4$F`M%e@<6NjE+EC!AH2]1^_\"aj5m.R;ASlBtEaa'4Eb,4Nz!!!<;AoD^\"AQ*\\hEa`Tl:i^JnErZ=LD.Rd%6#L=OA_Ra;562+\"FECr$BLZE?AH2]1!!!",
        "4206600": "!<d@[F*L.!#64c-E,TfCE<#t=!<d@[F*cop#64o6@VfsmCI<#NAIW9mDfor.F*)>@@:s-U$#+:#ASuU.Ed7ZiEH>r7FE7Qb!!!3,F)5c:EsD_\"!!*'\"!4E%2!\"Ao.!!WgQASlBtEaa'4Eb,=fFCf<.ATD4$F`M%e@<6NjE+EC!AH2]1^_\"aj5m.R;ASlBtEaa'4Eb,4Nz!!!<;AoD^\"AQ*\\hEa`Tl:i^JnErZ=LD.Rd%6#L=OA_Ra;562+\"FECr$BLZE?AH2]1!!!",
        "4220936": "!<d@[F*L.!#64c-E,TfCE<#t=!<d@[F*dE)#64o6@VfsmCI<#NAHu^]F`__:EWlSfH#R=4@rc\"\"AM7P6@<?'4F)>?%Cb9^M@:O(aA-<-XDffE0AQSp4!!!-.D.Rd%6#L=OA`V%#56M43DffE0AQf'6!!!<3@rH1\"ARfgnA,l`?Eb02uBl[-o@<?&\\z",
        "5262344": "!<d@[F*L.!#64c-E,TfCEW?(>!<d@[F*d0\"#64o6@VfsmCI<#NAIrp*E,]`9FCJfiD(T1/ARl&M@V&tbF!L_m+pnYd!!%O6'`\\5a58\"J9#QTCh'`\\46^`<CT^cr[q9-=<:",
        "6318088": "!<d@[F*L.!#64c-E,TfCErZ1?!<d@[F*dE)#64o6@VfsmCI<#NAHu^]F`__:EWlSfH#R=1@rc\"\"AM7P6@<?'4Cgh?sAM%Y>DJK@[Ec6&.FCePS!!!!%$#O6pBL-NKCh;\\NQ9PKWEc6&.FCeVU!!!!*$\"ImiCh7*uARkcD$Z]ft@;0a\\FCB9&z!!",
        "6319112": "!<d@[F*L.!#64c-E,TfCErZ1?!<d@[F*dH*#64o6@VfsmCI<#NAHu^]F`__:EWlSfH#R=4@rc\"\"AM7P6@<?'4F)>?%Cb9^M@:O(aA-<-XDffE0AQSp4!!!-.D.Rd%6#L=OA_Ra;4p2+2DffE0AQf'6!!!<3@rH1\"ARfgnA,l`?Eb02uBl[-o@<?&\\z",
        "6321160": "!<d@[F*L.!#64c-E,TfCErZ1?!<d@[F*dN,#64o6@VfsmCI<#NAHu^]F`__:EWlSfH#R=(@q]:bE\\2<SBl7Km1B[r'DffE0AQSp4!!!-.D.Rd%6#L=OA^XNS56M43DffE0AQf'6!!!<3@rH1\"ARfgnA,l`?Eb02uBl[-o@<?&\\z",
        "6322184": "!<d@[F*L.!#64c-E,TfCErZ1?!<d@[F*dQ-#64o6@VfsmCI<#NAHu^]F`__:EWlSfH#R=(FCAWpAM%qFBl7Km1'@i&DffE0AQSp4!!!-.D.Rd%6#L=OA^XNS56M43DffE0AQf'6!!!<3@rH1\"ARfgnA,l`?Eb02uBl[-o@<?&\\z",
        "9463816": "!<d@[F*L.!#64c-E,TfCFoVLB!<d@[F*dE)#64o6@VfsmCI<#NAJK6(@r$13E+NQ3Ecki#Ch521Eb/ec\"E\\p.AJT</@Ua.b/R`^6Cgh?=/SB*4DJ=3(\":&scFCB9&=9&=$!!EUFATMNNDJ*csgCMCj\":&scFCB9&=o\\O&!!rsADes6$@ru9m!!E[MAT2'lE`7'gFCbFP!!!!",
        "9467912": "!<d@[F*L.!#64c-E,TfCFoVLB!<d@[F*dQ-#64o6@VfsmCI<#NAHcRa@<?&b$#+:#ASuU.Ed7ZiEH>r7FE7un!!!3,F)5c:EsD_\"!!*'\"!&kAf!!*'\"z\"Uo!]E^FS\\@r\"GMA7YpSEaa'$\"U/^N@V'?U\"U&pmE+K?\"Df9/<@:s.^\":8pVF(djWB5D/?b8*>D$>a-[ASa_PCi==o!!!!&#]+3c;flGiAHlX\\Df]K##7>9U@V'@SFCAZp!<<",
        "10493960": "!<d@[F*L.!#64c-E,TfCG5qUC!<d@[F*ccl#64o6@VfsmCI<#NAJK6(@r$13E+NQ3Ecki#Ch521Eb/ec\"E\\p.AJT</@Ua.b/R`^6Cgh??/SB*4DJ=3(\":&scFCB9&=9&=$!!EUFATMNNDJ*csgCMCj\":&scFCB9&=o\\O&!!rsADes6$@ru9m!!E[MAT2'lE`7'gFCbFP!!!!",
        "3153929": "!<d@[F*L1\"#64c-E,TfCDu]k<!<d@[F*ccl#64o6@VfsmCI<#NAJ/NlDfRFMF_P`)A1_h?F_>AD\":B0fFCB9&=]/[=gCHlk#mP<eASu'i!!s*KDK]T3F@]hXA8Ggu!!!",
        "3173385": "!<d@[F*L1\"#64c-E,TfCDu]k<!<d@[F*dH*#64o6@VfsmCI<#NAIW9mDfor.F*)>@@:s-U$#+:#ASuU.Ed7ZiEH>r7FE7Qb!!!3,F)5c:EsD_\"!!*'\"!4E%2!!`K(!!WgQASlBtEaa'4Eb,=fFCf<.ATD4$F`M%e@<6NjE+EC!AH2]1^_\"aj5m.R;ASlBtEaa'4Eb,4Nz!!!<;AoD^\"AQ*\\hEa`Tl:i^JnErZ=LD.Rd%6#L=OA_R_e5QM4#FECr$BLZE?AH2]1!!!",
        "3175433": "!<d@[F*L1\"#64c-E,TfCDu]k<!<d@[F*dN,#64o6@VfsmCI<#NAIW9mDfor.F*)>@@:s-U$#+:#ASuU.Ed7ZiEH>r7FE7Qb!!!3,F)5c:EsD_\"!!*'\"!4E%2!\"Ao.!!WgQASlBtEaa'4Eb,=fFCf<.ATD4$F`M%e@<6NjE+EC!AH2]1^_\"aj5m.R;ASlBtEaa'4Eb,4Nz!!!<;AoD^\"AQ*\\hEa`Tl:i^JnErZ=LD.Rd%6#L=OA_R_e5QM4#FECr$BLZE?AH2]1!!!",
        "6306825": "!<d@[F*L1\"#64c-E,TfCErZ1?!<d@[F*d#s#64o6@VfsmCI<#NAHu^]F`__:EWlSfH#R=4@rc\"\"AM7P6@<?'4F)>?%Cb9^M@:O(aA-<-XDffE0AQSp4!!!-.D.Rd%6#L=OA^XNS^B=d^DffE0AQf'6!!!<3@rH1\"ARfgnA,l`?Eb02uBl[-o@<?&\\z",
        "7357449": "!<d@[F*L1\"#64c-E,TfCF8u:@!<d@[F*d)u#64o6@VfsmCI<#NAJoT.Earc7@UX=l@kD8:FD5W&F=hBKEcbss'6J8'DKBN6Bl@l[Dfp)A9P%gXz!!)N'!u,Q[F*'c_ARfLAFB!1#@;J>?H#irc!!#\\)%7's",
        "7366665": "!<d@[F*L1\"#64c-E,TfCF8u:@!<d@[F*dE)#64o6@VfsmCI<#NAK,`0Earc7@UX=l@kD/4Ec,H!Dfp.RF)Q2CBEJoiEa`j,Bln'-DFe\\gEcXocAon\"Qzn@o&>CghC,6YL%@CI*&ADffE(6t(@^z9G%_\"!!",
        "3150858": "!<d@[F*L4##64c-E,TfCDu]k<!<d@[F*cZi#64o6@VfsmCI<#NAJK6(@r$13E+NQ3Ecki#Ch521Eb/ec\"E\\p.AJT</@Ua.b/R`^6Cgh?>/SB*4DJ=3(\":&scFCB9&=9&=$!!EUFATMNNDJ*csgCMCi\":&scFCB9&=o\\O&!!rsADes6$@ru9m!!E[MAT2'lE`7'gFCbFP!!!!",
        "3163146": "!<d@[F*L4##64c-E,TfCDu]k<!<d@[F*d)u#64o6@VfsmCI<#NAIW9mDfor.F*)>@@:s-U$#+:#ASuU.Ed7ZiEH>r7FE7Qb!!!3,F)5c:EsD_\"!!*'\"!4E%2!#Yb:!!WgQASlBtEaa'4Eb,=fFCf<.ATD4$F`M%e@<6NjE+EC!AH2]1^_\"aj5m.R;ASlBtEaa'4Eb,4Nz!!!<;AoD^\"AQ*\\hEa`Tl:i^JnErZ=LD.Rd%6#L=OA_R_e^]=dNFECr$BLZE?AH2]1!!!",
        "4197386": "!<d@[F*L4##64c-E,TfCE<#t=!<d@[F*cTg#64o6@VfsmCI<#NAIW9mDfor.F*)>@@:s-U$#+:#ASuU.Ed7ZiEH>r7FE7Qb!!!3,F)5c:EsD_\"!!*'\"!4E%2!\"Ao.!!WgQASlBtEaa'4Eb,=fFCf<.ATD4$F`M%e@<6NjE+EC!AH2]1!<:8C5m.R;ASlBtEaa'4Eb,4Nz!!!<;AoD^\"AQ*\\hEa`Tl:i^JnErZ=LD.Rd%6#L=OAH2]1!!*F8FECr$BLZE?AH2]1!!!",
        "6300682": "!<d@[F*L4##64c-E,TfCErZ1?!<d@[F*cfm#64o6@VfsmCI<#NAJK6(@r$13E+NQ3Ecki#Ch521Eb/ec\"E\\p.AJT</@Ua.b/R`^6Cgh?>/SB*4DJ=3(\":&scFCB9&=9&=$!!EUFATMNNDJ*csgCMCj\":&scFCB9&=o\\O&!!rsADes6$@ru9m!!E[MAT2'lE`7'gFCbFP!!!!",
        "6309898": "!<d@[F*L4##64c-E,TfCErZ1?!<d@[F*d-!#64o6@VfsmCI<#NAJ/NlDfRFMF_P`)A1_h?F_>AD\":B0fFCB9&=]/[=gCHlk#mP<eASu'i!!s*KDK]T3F@]hXA8Ggu!!!",
        "8420362": "!<d@[F*L4##64c-E,TfCFT;CA!<d@[F*dT.#64o6@VfsmCI<#NAJK6(@r$13E+NQ3Ecki#Ch521Eb/ec\"E\\p.AJT</@Ua.b/R`^6Cgh?>/SB*4DJ=3(\":&scFCB9&=9&=$!!EUFATMNNDJ*csdSp$-\":&scFCB9&=o\\O&!!rsADes6$@ru9m!!E[MAT2'lE`7'gFCbFP!!!!",
        "3163147": "!<d@[F*L7$#64c-E,TfCDu]k<!<d@[F*d)u#64o6@VfsmCI<#NAIW9mDfor.F*)>@@:s-U$#+:#ASuU.Ed7ZiEH>r7FE7Qb!!!3,F)5c:EsD_\"!!*'\"!4E%2!$;1@!!WgQASlBtEaa'4Eb,=fFCf<.ATD4$F`M%e@<6NjE+EC!AH2]1^_\"aj5m.R;ASlBtEaa'4Eb,4Nz!!!<;AoD^\"AQ*\\hEa`Tl:i^JnErZ=LD.Rd%6#L=OA_Ra;^B\"[MFECr$BLZE?AH2]1!!!",
        "3173387": "!<d@[F*L7$#64c-E,TfCDu]k<!<d@[F*dH*#64o6@VfsmCI<#NAHu^]F`__:EWlSfH#R='CggjbATBA2B4YU.\":&scFCB9&=9&=$!!EUFATMNNDJ*csgCHlj\":&scFCB9&=o\\O&!!rsADes6$@ru9m!!E[MAT2'lE`7'gFCbFP!!!!",
        "4221963": "!<d@[F*L7$#64c-E,TfCE<#t=!<d@[F*dH*#64o6@VfsmCI<#NAHu^]F`__:EWlSfH#R='CggjbATBA2B4YU.\":&scFCB9&=9&=$!!EUFATMNNDJ*csgCHlj\":&scFCB9&=o\\O&!!rsADes6$@ru9m!!E[MAT2'lE`7'gFCbFP!!!!",
        "5270539": "!<d@[F*L7$#64c-E,TfCEW?(>!<d@[F*dH*#64o6@VfsmCI<#NAHu^]F`__:EWlSfH#R='CggjbATBA2B4YU.\":&scFCB9&=9&=$!!EUFATMNNDJ*csgCHlj\":&scFCB9&=o\\O&!!rsADes6$@ru9m!!E[MAT2'lE`7'gFCbFP!!!!",
        "6292491": "!<d@[F*L7$#64c-E,TfCErZ1?!<d@[F*cNe#64o6@VfsmCI<#NAIrp*E,]`9FCJfiD(T1/ARl&M@V&tbF!:Sk+:8Gb!!%O6*<6(i58\"J9!!%Pb'mcrrZlK8LJ3On19)n",
        "6306827": "!<d@[F*L7$#64c-E,TfCErZ1?!<d@[F*d#s#64o6@VfsmCI<#NAHcRa@<?&b$#+:#ASuU.Ed7ZiEH>r7FE7un!!!3,F)5c:EsD_\"!!*'\"!&b;e!!*'\"z\"Uo!]E^FS\\@r\"GMA7YpSEaa'$\"U/^N@V'?U\"U&pmE+K?\"Df9/<@:s.^\":8pVF(djWB5D/?bEfmD$>a-[ASa_PCi==o!!!!&#]+3c;flGiAHlX\\Df]K##7>9U@V'@SFCAZp!<<",
        "6308875": "!<d@[F*L7$#64c-E,TfCErZ1?!<d@[F*d)u#64o6@VfsmCI<#NAHu^]F`__:EWlSfH#R=(FCAWpAM%qFBl7Km1'@i&DffE0AQSp4!!!-.D.Rd%6#L=OA_R_e^]Xm_DffE0AQf'6!!!<3@rH1\"ARfgnA,l`?Eb02uBl[-o@<?&\\z",
        "6319115": "!<d@[F*L7$#64c-E,TfCErZ1?!<d@[F*dH*#64o6@VfsmCI<#NAHu^]F`__:EWlSfH#R='CggjbATBA2B4YU.\":&scFCB9&=9&=$!!EUFATMNNDJ*csgCHlj\":&scFCB9&=o\\O&!!rsADes6$@ru9m!!E[MAT2'lE`7'gFCbFP!!!!",
        "9440267": "!<d@[F*L7$#64c-E,TfCFoVLB!<d@[F*cTg#64o6@VfsmCI<#NAJK6(@r$13E+NQ3Ecki#Ch521Eb/ec\"E\\p.AJT</@Ua.b/R`^6Cgh??/SB*4DJ=3(\":&scFCB9&=9&=$!!EUFATMNNDJ*csgCHk?\":&scFCB9&=o\\O&!!rsADes6$@ru9m!!E[MAT2'lE`7'gFCbFP!!!!",
        "3147788": "!<d@[F*L:%#64c-E,TfCDu]k<!<d@[F*cQf#64o6@VfsmCI<#NAIrp*E,]`9FCJfiD(T1/ARl&M@V&tbEtA<Y%LN1K\"Vh\";5X61G9-=68",
        "3165196": "!<d@[F*L:%#64c-E,TfCDu]k<!<d@[F*d0\"#64o6@VfsmCI<#NAIrp*E,]`9FCJfiD(T1/ARl&M@V&tbEtA<Y%LN1K\"Vh\";5X61G9-=68",
        "3166220": "!<d@[F*L:%#64c-E,TfCDu]k<!<d@[F*d3##64o6@VfsmCI<#NAIrp*E,]`9FCJfiD(T1/ARl&M@V&tbEuG#c(^^Ee!!%O6&df?R!'idi!!%O6(ue12!<<",
        "3169292": "!<d@[F*L:%#64c-E,TfCDu]k<!<d@[F*d<&#64o6@VfsmCI<#NAIrp*E,]`9FCJfiD(T1/ARl&M@V&tbEtA<Y%LN1K\"Vh\";5X61G9-=68",
        "3170316": "!<d@[F*L:%#64c-E,TfCDu]k<!<d@[F*d?'#64o6@VfsmCI<#NAIrp*E,]`9FCJfiD(T1/ARl&M@V&tbEuG#c(^^Ee!!%O6&df?R!'idi!!%O6(ue12!<<",
        "3175436": "!<d@[F*L:%#64c-E,TfCDu]k<!<d@[F*dN,#64o6@VfsmCI<#NAHu^]F`__:EWlSfH#R=(@q]:bE\\2<SBl7Km1B[r'DffE0AQSp4!!!-.D.Rd%6#L=OA`V#M^]Xm_DffE0AQf'6!!!<3@rH1\"ARfgnA,l`?Eb02uBl[-o@<?&\\z",
        "3176460": "!<d@[F*L:%#64c-E,TfCDu]k<!<d@[F*dQ-#64o6@VfsmCI<#NAHu^]F`__:EWlSfH#R=(FCAWpAM%qFBl7Km1'@i&DffE0AQSp4!!!-.D.Rd%6#L=OA`2r/^]Xm_DffE0AQf'6!!!<3@rH1\"ARfgnA,l`?Eb02uBl[-o@<?&\\z",
        "5244940": "!<d@[F*L:%#64c-E,TfCEW?(>!<d@[F*cQf#64o6@VfsmCI<#NAIrp*E,]`9FCJfiD(T1/ARl&M@V&tbEutAh*=;rb!!%O6&e>HOs*m6J!!!#7*<6'N5T&KR+9;H",
        "5262348": "!<d@[F*L:%#64c-E,TfCEW?(>!<d@[F*d0\"#64o6@VfsmCI<#NAIrp*E,]`9FCJfiD(T1/ARl&M@V&tbEuG#c(^^E]!!%O6&df'J!!#8!s8RR5(ue12!WW",
        "5267468": "!<d@[F*L:%#64c-E,TfCEW?(>!<d@[F*d?'#64o6@VfsmCI<#NAIrp*E,]`9FCJfiD(T1/ARl&M@V&tbF!L_m+pnYl!!%O6*<6(i58\"J9j3<Oi(&\\)]590_(TYME(9-=68",
        "6308876": "!<d@[F*L:%#64c-E,TfCErZ1?!<d@[F*d)u#64o6@VfsmCI<#NAHu^]F`__:EWlSfH#R=(@q]:bE\\2<SBl7Km1B[r'DffE0AQSp4!!!-.D.Rd%6#L=OA`2r/^]Xm_DffE0AQf'6!!!<3@rH1\"ARfgnA,l`?Eb02uBl[-o@<?&\\z",
        "6318092": "!<d@[F*L:%#64c-E,TfCErZ1?!<d@[F*dE)#64o6@VfsmCI<#NAIW9mDfor.F*)>@@:s-U$#+:#ASuU.Ed7ZiEH>r7FE7Qb!!!3,F)5c:EsD_\"!!*'\"!4E%2!#Yb:!!WgQASlBtEaa'4Eb,=fFCf<.ATD4$F`M%e@<6NjE+EC!AH2]1^_\"aj5m.R;ASlBtEaa'4Eb,4Nz!!!<;AoD^\"AQ*\\hEa`Tl:i^JnErZ=LD.Rd%6#L=OAH2]1!!*F8FECr$BLZE?AH2]1!!!",
        "6319116": "!<d@[F*L:%#64c-E,TfCErZ1?!<d@[F*dH*#64o6@VfsmCI<#NAIW9mDfor.F*)>@@:s-U$#+:#ASuU.Ed7ZiEH>r7FE7Qb!!!3,F)5c:EsD_\"!!*'\"!4E%2!!`K(!!WgQASlBtEaa'4Eb,=fFCf<.ATD4$F`M%e@<6NjE+EC!AH2]1^_\"aj5m.R;ASlBtEaa'4Eb,4Nz!!!<;AoD^\"AQ*\\hEa`Tl:i^JnErZ=LD.Rd%6#L=OAH2]1!!*F8FECr$BLZE?AH2]1!!!",
        "6322188": "!<d@[F*L:%#64c-E,TfCErZ1?!<d@[F*dQ-#64o6@VfsmCI<#NAI;p\\ATMrFARTY%\"po!]G%GQ5DfU+(#'\"^#Dfg%+!!!!'\"`nKuFE7Zf0E;+R!!!Z5!!!$\"!!!-0FDl80CdVlEDI[8&bY12##6?OZ!<<*\"kmd[n!<<*\"!!`N[!!*'\"!##A5!!*'\"!!E[ODffE(6YKnG@qEp/9KiF]!Aa]V!!!!#!<<*#z#6?[^!<<*\"!W`9$!<<*\"!!`N_!!*'\"!!WH(!!*'\"!!!6)2ZNjY!!!Z5!!!$\"!!!-0FDl80CdVlEDI[8&bY12#!!!02AoD]VCi<g!6Z6LH$=da\\F*'!F@<6Mo\"E\\p.AI;pcCi!O!F(Jl:\":8pVF(djWB5D/;m4Z6T",
        "3178509": "!<d@[F*L=&#64c-E,TfCDu]k<!<d@[F*dW/#64o6@VfsmCI<#NAIrp*E,]`9FCJfiD(T1/ARl&M@V&tbEuG#c(^^EU!!%O6&df'J!.[9K!!#8L(ue12!WW",
        "5262349": "!<d@[F*L=&#64c-E,TfCEW?(>!<d@[F*d0\"#64o6@VfsmCI<#NAIrp*E,]`9FCJfiD(T1/ARl&M@V&tbF!L_m+pnYd!!%O6'`\\5a58\"J9!!%O6'`\\46^`DI[N3jG]9-=99",
        "5267469": "!<d@[F*L=&#64c-E,TfCEW?(>!<d@[F*d?'#64o6@VfsmCI<#NAIrp*E,]`9FCJfiD(T1/ARl&M@V&tbF!gqp,mk.l!!%O6'`\\5a590_(J3OYW%0-BY^D6eKIm4qS!.[9Ni_'7",
        "7366669": "!<d@[F*L=&#64c-E,TfCF8u:@!<d@[F*dE)#64o6@VfsmCI<#NAJK6(@r$13E+NQ3Ecki#Ch521Eb/ec\"E\\p.AJT</@Ua.b/R`^6Cgh?@/SB*4DJ=3(\":&scFCB9&=9&=$!!EUFATMNNDJ*csgCMCj\":&scFCB9&=o\\O&!!rsADes6$@ru9m!!E[MAT2'lE`7'gFCbFP!!!!",
        "8420365": "!<d@[F*L=&#64c-E,TfCFT;CA!<d@[F*dT.#64o6@VfsmCI<#NAJK6(@r$13E+NQ3Ecki#Ch521Eb/ec\"E\\p.AJT</@Ua.b/R`^6Cgh?@/SB*4DJ=3(\":&scFCB9&=9&=$!!EUFATMNNDJ*csjNA<(\":&scFCB9&=o\\O&!!rsADes6$@ru9m!!E[MAT2'lE`7'gFCbFP!!!!",
        "3171342": "!<d@[F*L@'#64c-E,TfCDu]k<!<d@[F*dB(#64o6@VfsmCI<#NAIrp*E,]`9FCJfiD(T1/ARl&M@V&tbEtA<Y%LN1K\"Vh\";5X61G9-=68",
        "5261326": "!<d@[F*L@'#64c-E,TfCEW?(>!<d@[F*d-!#64o6@VfsmCI<#NAIrp*E,]`9FCJfiD(T1/ARl&M@V&tbEutAh*=<,g!!%O6*<6(i58\";4!!!!a'`\\5a^DPs'+9;H",
        "6303758": "!<d@[F*L@'#64c-E,TfCErZ1?!<d@[F*cop#64o6@VfsmCI<#NAJK6(@r$13E+NQ3Ecki#Ch521Eb/ec\"E\\p.AJT</@Ua.b/R`^6Cgh??/SB*4DJ=3(\":&scFCB9&=9&=$!!EUFATMNNDJ*csdSp$-\":&scFCB9&=o\\O&!!rsADes6$@ru9m!!E[MAT2'lE`7'gFCbFP!!!!",
        "6323214": "!<d@[F*L@'#64c-E,TfCErZ1?!<d@[F*dT.#64o6@VfsmCI<#NAIrp*E,]`9FCJfiD(T1/ARl&M@V&tbEutAh*=;rj!!%O6&e>G.7AR:*M++5I*<6)T^_l'(+9;H",
        "5257231": "!<d@[F*LC(#64c-E,TfCEW?(>!<d@[F*cur#64o6@VfsmCI<#NAJK6(@r$13E+NQ3Ecki#Ch521Eb/ec\"E\\p.AJT</@Ua.b/R`^6Cgh?@/SB*4DJ=3(\":&scFCB9&=9&=$!!EUFATMNNDJ*csdSp$-\":&scFCB9&=o\\O&!!rsADes6$@ru9m!!E[MAT2'lE`7'gFCbFP!!!!",
        "4208656": "!<d@[F*LF)#64c-E,TfCE<#t=!<d@[F*cur#64o6@VfsmCI<#NAIrp*E,]`9FCJfiD(T1/ARl&M@V&tbF!L_m+pnYd!!%O5*<6(i4q\\A8!!%P`'`\\6,590_(!5BB19-=?;"
    },
    "Entities": [],
    "ReplaceMode": 2,
    "EntranceRotation": -1
}