{
	"editor": {
		"allAngles": false,
		"entityTextureMode": true
	},
	"textureWidth": 40,
	"textureHeight": 32,
	"textureSizes": {
	},
	"textures": {
	},
	"elements": [
		{
			"name": "ShellLower",
			"from": [ 6.38, 1.63, 5.73 ],
			"to": [ 9.64, 3.26, 10.294 ],
			"autoUnwrap": false,
			"uv": [ 1.5, 14.0 ],
			"rotationOrigin": [ 8.008, 1.63, 8.008 ],
			"rotationY": 90.0,
			"faces": {
				"north": { "texture": "#skin", "uv": [ 0.0, 14.0, 10.0, 19.0 ], "autoUv": false, "windMode": [-1,-1,-1,-1] },
				"east": { "texture": "#skin", "uv": [ 10.0, 14.0, 24.0, 19.0 ], "autoUv": false },
				"south": { "texture": "#skin", "uv": [ 0.0, 19.0, 10.0, 24.0 ], "autoUv": false },
				"west": { "texture": "#skin", "uv": [ 24.0, 14.0, 10.0, 19.0 ], "autoUv": false, "windMode": [-1,-1,-1,-1] },
				"up": { "texture": "#skin", "uv": [ 0.0, 0.0, 10.0, 14.0 ], "autoUv": false },
				"down": { "texture": "#skin", "uv": [ 10.0, 0.0, 20.0, 14.0 ], "autoUv": false }
			},
			"children": [
				{
					"name": "ShellUpper",
					"from": [ 0.163, 0.163, 0.326 ],
					"to": [ 3.097, 2.0864, 4.238 ],
					"autoUnwrap": false,
					"uv": [ 15.0, 7.5 ],
					"rotationOrigin": [ 0.163, 0.1304, 0.326 ],
					"faces": {
						"north": { "texture": "#skin", "uv": [ 31.0, 18.0, 40.0, 23.5 ], "autoUv": false },
						"east": { "texture": "#skin", "uv": [ 28.0, 12.0, 40.0, 17.5 ], "autoUv": false },
						"south": { "texture": "#skin", "uv": [ 31.0, 18.0, 40.0, 23.5 ], "autoUv": false, "windMode": [-1,-1,-1,-1] },
						"west": { "texture": "#skin", "uv": [ 40.0, 12.0, 28.0, 17.5 ], "autoUv": false, "windMode": [-1,-1,-1,-1] },
						"up": { "texture": "#skin", "uv": [ 31.0, 0.0, 40.0, 12.0 ], "autoUv": false },
						"down": { "texture": "#skin", "uv": [ 31.0, 0.0, 40.0, 12.0 ], "autoUv": false }
					}
				},
				{
					"name": "Neck",
					"from": [ 1.14, 0.2, -1.39 ],
					"to": [ 2.118, 1.178, 0.4682 ],
					"autoUnwrap": false,
					"uv": [ 19.0, 2.0 ],
					"rotationOrigin": [ 1.63, 0.1978, 0.4 ],
					"rotationX": -22.5,
					"faces": {
						"north": { "texture": "#skin", "uv": [ 26.5, 6.5, 29.5, 9.5 ], "autoUv": false },
						"east": { "texture": "#skin", "uv": [ 21.0, 6.5, 26.5, 9.5 ], "autoUv": false },
						"south": { "texture": "#skin", "uv": [ 26.5, 6.5, 29.5, 9.5 ], "autoUv": false },
						"west": { "texture": "#skin", "uv": [ 21.0, 6.5, 26.5, 9.5 ], "autoUv": false },
						"up": { "texture": "#skin", "uv": [ 22.5, 1.0, 25.5, 6.5 ], "autoUv": false },
						"down": { "texture": "#skin", "uv": [ 25.5, 1.0, 28.5, 6.5 ], "autoUv": false }
					},
					"children": [
						{
							"name": "UpperJaw",
							"from": [ -0.0815, 0.339, -0.7954 ],
							"to": [ 1.0595, 1.154, 0.5086 ],
							"autoUnwrap": false,
							"uv": [ 18.5, 1.0 ],
							"rotationOrigin": [ 0.489, 0.3376, 0.3456 ],
							"rotationX": -22.5,
							"faces": {
								"north": { "texture": "#skin", "uv": [ 0.0, 29.0, 3.5, 31.5 ], "autoUv": false },
								"east": { "texture": "#skin", "uv": [ 3.5, 29.0, 7.5, 31.5 ], "autoUv": false },
								"south": { "texture": "#skin", "uv": [ 7.5, 29.0, 11.0, 31.5 ], "autoUv": false },
								"west": { "texture": "#skin", "uv": [ 7.5, 29.0, 3.5, 31.5 ], "autoUv": false, "windMode": [-1,-1,-1,-1] },
								"up": { "texture": "#skin", "uv": [ 0.0, 25.0, 3.5, 29.0 ], "autoUv": false },
								"down": { "texture": "#skin", "uv": [ 3.5, 25.0, 7.0, 29.0 ], "autoUv": false }
							},
							"children": [
								{
									"name": "Eye",
									"from": [ -0.0326, 0.4564, 0.3586 ],
									"to": [ 1.1736, 0.7172, 0.6194 ],
									"autoUnwrap": false,
									"uv": [ 21.0, 21.5 ],
									"rotationOrigin": [ -0.0326, 0.4564, 0.3586 ],
									"faces": {
										"north": { "texture": "#skin", "uv": [ 11.5, 20.5, 15.0, 21.0 ], "autoUv": false },
										"east": { "texture": "#skin", "uv": [ 15.0, 20.0, 16.0, 21.0 ], "autoUv": false, "windMode": [-1,-1,-1,-1] },
										"south": { "texture": "#skin", "uv": [ 11.5, 20.5, 15.0, 21.0 ], "autoUv": false },
										"west": { "texture": "#skin", "uv": [ 15.0, 20.0, 16.0, 21.0 ], "rotation": 270, "autoUv": false, "windMode": [-1,-1,-1,-1] },
										"up": { "texture": "#skin", "uv": [ 11.5, 20.0, 15.0, 20.5 ], "autoUv": false },
										"down": { "texture": "#skin", "uv": [ 11.5, 20.0, 15.0, 20.5 ], "autoUv": false }
									}
								},
								{
									"name": "LowerJawJoint",
									"from": [ 0.0016, -0.2579, 0.652 ],
									"to": [ 1.1394, 0.0648, 0.978 ],
									"autoUnwrap": false,
									"uv": [ 11.0, 29.0 ],
									"rotationOrigin": [ 0.5705, -0.2608, 0.978 ],
									"faces": {
										"north": { "texture": "#skin", "uv": [ 11.0, 30.0, 14.0, 30.5 ], "autoUv": false },
										"east": { "texture": "#skin", "uv": [ 14.5, 30.0, 15.5, 30.5 ], "autoUv": false },
										"south": { "texture": "#skin", "uv": [ 15.5, 30.0, 18.5, 30.5 ], "autoUv": false },
										"west": { "texture": "#skin", "uv": [ 14.5, 30.0, 15.5, 30.5 ], "autoUv": false },
										"up": { "texture": "#skin", "uv": [ 11.0, 29.0, 14.0, 30.0 ], "autoUv": false },
										"down": { "texture": "#skin", "uv": [ 11.0, 29.0, 14.0, 30.0 ], "autoUv": false }
									},
									"children": [
										{
											"name": "LowerJaw",
											"from": [ 0.0016, -0.0033, -0.6194 ],
											"to": [ 1.1361, 0.3227, 0.1304 ],
											"autoUnwrap": false,
											"uv": [ 7.5, 25.0 ],
											"rotationOrigin": [ 0.5705, 0.0, 0.0978 ],
											"rotationX": -15.0,
											"faces": {
												"north": { "texture": "#skin", "uv": [ 7.5, 27.0, 10.5, 28.0 ], "autoUv": false },
												"east": { "texture": "#skin", "uv": [ 11.0, 27.0, 13.0, 28.0 ], "autoUv": false },
												"south": { "texture": "#skin", "uv": [ 13.0, 27.0, 16.0, 28.0 ], "autoUv": false },
												"west": { "texture": "#skin", "uv": [ 11.0, 27.0, 13.0, 28.0 ], "autoUv": false },
												"up": { "texture": "#skin", "uv": [ 7.5, 25.0, 10.5, 27.0 ], "autoUv": false },
												"down": { "texture": "#skin", "uv": [ 11.0, 25.0, 14.0, 27.0 ], "autoUv": false }
											}
										}
									]
								}
							]
						}
					]
				},
				{
					"name": "LFLeg",
					"from": [ -0.2282, -1.304, -0.0978 ],
					"to": [ 0.5868, 0.0, 0.7139 ],
					"uv": [ 17.0, 20.5 ],
					"rotationOrigin": [ 0.5868, 0.0, 0.3912 ],
					"rotationX": -20.0,
					"faces": {
						"north": { "texture": "#skin", "uv": [ 17.0, 22.5, 19.5, 26.5 ], "autoUv": false },
						"east": { "texture": "#skin", "uv": [ 19.5, 22.5, 21.5, 26.5 ], "autoUv": false },
						"south": { "texture": "#skin", "uv": [ 21.5, 22.5, 24.0, 26.5 ], "autoUv": false },
						"west": { "texture": "#skin", "uv": [ 24.0, 22.5, 26.0, 26.5 ], "autoUv": false },
						"up": { "texture": "#skin", "uv": [ 17.0, 20.5, 19.5, 22.5 ], "autoUv": false },
						"down": { "texture": "#skin", "uv": [ 19.5, 20.5, 22.0, 22.5 ], "autoUv": false }
					},
					"children": [
						{
							"name": "LFFoot",
							"from": [ -0.0815, -0.326, -0.163 ],
							"to": [ 0.8965, 0.163, 0.815 ],
							"uv": [ 27.5, 26.0 ],
							"rotationOrigin": [ 0.326, 0.163, 0.815 ],
							"faces": {
								"north": { "texture": "#skin", "uv": [ 27.5, 29.0, 30.5, 30.5 ], "autoUv": false },
								"east": { "texture": "#skin", "uv": [ 30.5, 29.0, 33.5, 30.5 ], "autoUv": false },
								"south": { "texture": "#skin", "uv": [ 33.5, 29.0, 36.5, 30.5 ], "autoUv": false },
								"west": { "texture": "#skin", "uv": [ 36.5, 29.0, 39.5, 30.5 ], "autoUv": false },
								"up": { "texture": "#skin", "uv": [ 27.5, 26.0, 30.5, 29.0 ], "autoUv": false },
								"down": { "texture": "#skin", "uv": [ 30.5, 26.0, 33.5, 29.0 ], "autoUv": false }
							}
						}
					]
				},
				{
					"name": "RFLeg",
					"from": [ 2.6732, -1.304, -0.0978 ],
					"to": [ 3.4882, 0.0, 0.7139 ],
					"uv": [ 17.0, 20.5 ],
					"rotationOrigin": [ 2.6732, 0.0, 0.3912 ],
					"rotationX": -20.0,
					"faces": {
						"north": { "texture": "#skin", "uv": [ 17.0, 22.5, 19.5, 26.5 ], "autoUv": false },
						"east": { "texture": "#skin", "uv": [ 19.5, 22.5, 21.5, 26.5 ], "autoUv": false },
						"south": { "texture": "#skin", "uv": [ 21.5, 22.5, 24.0, 26.5 ], "autoUv": false },
						"west": { "texture": "#skin", "uv": [ 24.0, 22.5, 26.0, 26.5 ], "autoUv": false },
						"up": { "texture": "#skin", "uv": [ 17.0, 20.5, 19.5, 22.5 ], "autoUv": false },
						"down": { "texture": "#skin", "uv": [ 19.5, 20.5, 22.0, 22.5 ], "autoUv": false }
					},
					"children": [
						{
							"name": "RFFoot",
							"from": [ -0.0815, -0.326, -0.163 ],
							"to": [ 0.8965, 0.163, 0.815 ],
							"uv": [ 27.5, 26.0 ],
							"rotationOrigin": [ 0.326, 0.163, 0.815 ],
							"faces": {
								"north": { "texture": "#skin", "uv": [ 27.5, 29.0, 30.5, 30.5 ], "autoUv": false },
								"east": { "texture": "#skin", "uv": [ 30.5, 29.0, 33.5, 30.5 ], "autoUv": false },
								"south": { "texture": "#skin", "uv": [ 33.5, 29.0, 36.5, 30.5 ], "autoUv": false },
								"west": { "texture": "#skin", "uv": [ 36.5, 29.0, 39.5, 30.5 ], "autoUv": false },
								"up": { "texture": "#skin", "uv": [ 27.5, 26.0, 30.5, 29.0 ], "autoUv": false },
								"down": { "texture": "#skin", "uv": [ 30.5, 26.0, 33.5, 29.0 ], "autoUv": false }
							}
						}
					]
				},
				{
					"name": "RBLeg",
					"from": [ 2.6732, -1.304, 3.6512 ],
					"to": [ 3.4882, 0.0, 4.4629 ],
					"uv": [ 17.0, 20.5 ],
					"rotationOrigin": [ 2.6732, 0.0, 4.1402 ],
					"rotationX": -20.0,
					"faces": {
						"north": { "texture": "#skin", "uv": [ 17.0, 22.5, 19.5, 26.5 ], "autoUv": false },
						"east": { "texture": "#skin", "uv": [ 19.5, 22.5, 21.5, 26.5 ], "autoUv": false },
						"south": { "texture": "#skin", "uv": [ 21.5, 22.5, 24.0, 26.5 ], "autoUv": false },
						"west": { "texture": "#skin", "uv": [ 24.0, 22.5, 26.0, 26.5 ], "autoUv": false },
						"up": { "texture": "#skin", "uv": [ 17.0, 20.5, 19.5, 22.5 ], "autoUv": false },
						"down": { "texture": "#skin", "uv": [ 19.5, 20.5, 22.0, 22.5 ], "autoUv": false }
					},
					"children": [
						{
							"name": "RBFoot",
							"from": [ -0.0815, -0.326, -0.163 ],
							"to": [ 0.8965, 0.163, 0.815 ],
							"uv": [ 27.5, 26.0 ],
							"rotationOrigin": [ 0.326, 0.163, 0.815 ],
							"faces": {
								"north": { "texture": "#skin", "uv": [ 27.5, 29.0, 30.5, 30.5 ], "autoUv": false },
								"east": { "texture": "#skin", "uv": [ 30.5, 29.0, 33.5, 30.5 ], "autoUv": false },
								"south": { "texture": "#skin", "uv": [ 33.5, 29.0, 36.5, 30.5 ], "autoUv": false },
								"west": { "texture": "#skin", "uv": [ 36.5, 29.0, 39.5, 30.5 ], "autoUv": false },
								"up": { "texture": "#skin", "uv": [ 27.5, 26.0, 30.5, 29.0 ], "autoUv": false },
								"down": { "texture": "#skin", "uv": [ 30.5, 26.0, 33.5, 29.0 ], "autoUv": false }
							}
						}
					]
				},
				{
					"name": "LBLeg",
					"from": [ -0.2282, -1.304, 3.6512 ],
					"to": [ 0.5868, 0.0, 4.4629 ],
					"uv": [ 17.0, 20.5 ],
					"rotationOrigin": [ 0.5868, 0.0, 4.1402 ],
					"rotationX": -20.0,
					"faces": {
						"north": { "texture": "#skin", "uv": [ 17.0, 22.5, 19.5, 26.5 ], "autoUv": false },
						"east": { "texture": "#skin", "uv": [ 19.5, 22.5, 21.5, 26.5 ], "autoUv": false },
						"south": { "texture": "#skin", "uv": [ 21.5, 22.5, 24.0, 26.5 ], "autoUv": false },
						"west": { "texture": "#skin", "uv": [ 24.0, 22.5, 26.0, 26.5 ], "autoUv": false },
						"up": { "texture": "#skin", "uv": [ 17.0, 20.5, 19.5, 22.5 ], "autoUv": false },
						"down": { "texture": "#skin", "uv": [ 19.5, 20.5, 22.0, 22.5 ], "autoUv": false }
					},
					"children": [
						{
							"name": "LBFoot",
							"from": [ -0.0815, -0.326, -0.163 ],
							"to": [ 0.8965, 0.163, 0.815 ],
							"uv": [ 27.5, 26.0 ],
							"rotationOrigin": [ 0.326, 0.163, 0.815 ],
							"faces": {
								"north": { "texture": "#skin", "uv": [ 27.5, 29.0, 30.5, 30.5 ], "autoUv": false },
								"east": { "texture": "#skin", "uv": [ 30.5, 29.0, 33.5, 30.5 ], "autoUv": false },
								"south": { "texture": "#skin", "uv": [ 33.5, 29.0, 36.5, 30.5 ], "autoUv": false },
								"west": { "texture": "#skin", "uv": [ 36.5, 29.0, 39.5, 30.5 ], "autoUv": false },
								"up": { "texture": "#skin", "uv": [ 27.5, 26.0, 30.5, 29.0 ], "autoUv": false },
								"down": { "texture": "#skin", "uv": [ 30.5, 26.0, 33.5, 29.0 ], "autoUv": false }
							}
						}
					]
				}
			]
		}
	]}