{
	"editor": {
		"allAngles": false,
		"entityTextureMode": true
	},
	"textureWidth": 40,
	"textureHeight": 32,
	"textureSizes": {
	},
	"textures": {
	},
	"elements": [
		{
			"name": "ShellLower",
			"from": [ 5.12, 2.875, 3.97 ],
			"to": [ 10.87, 5.75, 12.02 ],
			"autoUnwrap": false,
			"uv": [ 1.5, 14.0 ],
			"rotationOrigin": [ 8.0, 2.875, 8.0 ],
			"rotationY": 112.5,
			"faces": {
				"north": { "texture": "#skin", "uv": [ 0.0, 14.0, 10.0, 19.0 ], "autoUv": false, "windMode": [-1,-1,-1,-1] },
				"east": { "texture": "#skin", "uv": [ 10.0, 14.0, 24.0, 19.0 ], "autoUv": false },
				"south": { "texture": "#skin", "uv": [ 0.0, 19.0, 10.0, 24.0 ], "autoUv": false },
				"west": { "texture": "#skin", "uv": [ 24.0, 14.0, 10.0, 19.0 ], "autoUv": false, "windMode": [-1,-1,-1,-1] },
				"up": { "texture": "#skin", "uv": [ 0.0, 0.0, 10.0, 14.0 ], "autoUv": false },
				"down": { "texture": "#skin", "uv": [ 10.0, 0.0, 20.0, 14.0 ], "autoUv": false }
			},
			"children": [
				{
					"name": "ShellUpper",
					"from": [ 0.2875, 0.2875, 0.575 ],
					"to": [ 5.4625, 3.68, 7.475 ],
					"autoUnwrap": false,
					"uv": [ 15.0, 7.5 ],
					"rotationOrigin": [ 0.2875, 0.23, 0.575 ],
					"faces": {
						"north": { "texture": "#skin", "uv": [ 31.0, 18.0, 40.0, 23.5 ], "autoUv": false },
						"east": { "texture": "#skin", "uv": [ 28.0, 12.0, 40.0, 17.5 ], "autoUv": false },
						"south": { "texture": "#skin", "uv": [ 31.0, 18.0, 40.0, 23.5 ], "autoUv": false, "windMode": [-1,-1,-1,-1] },
						"west": { "texture": "#skin", "uv": [ 40.0, 12.0, 28.0, 17.5 ], "autoUv": false, "windMode": [-1,-1,-1,-1] },
						"up": { "texture": "#skin", "uv": [ 31.0, 0.0, 40.0, 12.0 ], "autoUv": false },
						"down": { "texture": "#skin", "uv": [ 31.0, 0.0, 40.0, 12.0 ], "autoUv": false }
					}
				},
				{
					"name": "Neck",
					"from": [ 2.0125, 0.1725, -2.86 ],
					"to": [ 3.7375, 1.8975, 0.4175 ],
					"autoUnwrap": false,
					"uv": [ 19.0, 2.0 ],
					"rotationOrigin": [ 2.875, 0.1725, 0.3 ],
					"rotationY": 22.5,
					"faces": {
						"north": { "texture": "#skin", "uv": [ 26.5, 6.5, 29.5, 9.5 ], "autoUv": false },
						"east": { "texture": "#skin", "uv": [ 21.0, 6.5, 26.5, 9.5 ], "autoUv": false },
						"south": { "texture": "#skin", "uv": [ 26.5, 6.5, 29.5, 9.5 ], "autoUv": false },
						"west": { "texture": "#skin", "uv": [ 21.0, 6.5, 26.5, 9.5 ], "autoUv": false },
						"up": { "texture": "#skin", "uv": [ 22.5, 1.0, 25.5, 6.5 ], "autoUv": false },
						"down": { "texture": "#skin", "uv": [ 25.5, 1.0, 28.5, 6.5 ], "autoUv": false }
					},
					"children": [
						{
							"name": "UpperJaw",
							"from": [ -0.1437, 0.598, -1.403 ],
							"to": [ 1.8687, 2.0355, 0.897 ],
							"autoUnwrap": false,
							"uv": [ 18.5, 1.0 ],
							"rotationOrigin": [ 0.8625, 0.5955, 0.6095 ],
							"rotationX": -22.5,
							"faces": {
								"north": { "texture": "#skin", "uv": [ 0.0, 29.0, 3.5, 31.5 ], "autoUv": false },
								"east": { "texture": "#skin", "uv": [ 3.5, 29.0, 7.5, 31.5 ], "autoUv": false },
								"south": { "texture": "#skin", "uv": [ 7.5, 29.0, 11.0, 31.5 ], "autoUv": false },
								"west": { "texture": "#skin", "uv": [ 7.5, 29.0, 3.5, 31.5 ], "autoUv": false, "windMode": [-1,-1,-1,-1] },
								"up": { "texture": "#skin", "uv": [ 0.0, 25.0, 3.5, 29.0 ], "autoUv": false },
								"down": { "texture": "#skin", "uv": [ 3.5, 25.0, 7.0, 29.0 ], "autoUv": false }
							},
							"children": [
								{
									"name": "Eye",
									"from": [ -0.0575, 0.805, 0.6325 ],
									"to": [ 2.07, 1.265, 1.0925 ],
									"autoUnwrap": false,
									"uv": [ 21.0, 21.5 ],
									"rotationOrigin": [ -0.0575, 0.805, 0.6325 ],
									"faces": {
										"north": { "texture": "#skin", "uv": [ 11.5, 20.5, 15.0, 21.0 ], "autoUv": false },
										"east": { "texture": "#skin", "uv": [ 15.0, 20.0, 16.0, 21.0 ], "autoUv": false, "windMode": [-1,-1,-1,-1] },
										"south": { "texture": "#skin", "uv": [ 11.5, 20.5, 15.0, 21.0 ], "autoUv": false },
										"west": { "texture": "#skin", "uv": [ 15.0, 20.0, 16.0, 21.0 ], "rotation": 270, "autoUv": false, "windMode": [-1,-1,-1,-1] },
										"up": { "texture": "#skin", "uv": [ 11.5, 20.0, 15.0, 20.5 ], "autoUv": false },
										"down": { "texture": "#skin", "uv": [ 11.5, 20.0, 15.0, 20.5 ], "autoUv": false }
									}
								},
								{
									"name": "LowerJawJoint",
									"from": [ 0.0029, -0.4549, 1.15 ],
									"to": [ 2.0096, 0.1143, 1.725 ],
									"autoUnwrap": false,
									"uv": [ 11.0, 29.0 ],
									"rotationOrigin": [ 1.0062, -0.46, 1.725 ],
									"faces": {
										"north": { "texture": "#skin", "uv": [ 11.0, 30.0, 14.0, 30.5 ], "autoUv": false },
										"east": { "texture": "#skin", "uv": [ 14.5, 30.0, 15.5, 30.5 ], "autoUv": false },
										"south": { "texture": "#skin", "uv": [ 15.5, 30.0, 18.5, 30.5 ], "autoUv": false },
										"west": { "texture": "#skin", "uv": [ 14.5, 30.0, 15.5, 30.5 ], "autoUv": false },
										"up": { "texture": "#skin", "uv": [ 11.0, 29.0, 14.0, 30.0 ], "autoUv": false },
										"down": { "texture": "#skin", "uv": [ 11.0, 29.0, 14.0, 30.0 ], "autoUv": false }
									},
									"children": [
										{
											"name": "LowerJaw",
											"from": [ 0.0029, -0.0057, -1.0925 ],
											"to": [ 2.0039, 0.5692, 0.23 ],
											"autoUnwrap": false,
											"uv": [ 7.5, 25.0 ],
											"rotationOrigin": [ 1.0062, 0.0, 0.1725 ],
											"faces": {
												"north": { "texture": "#skin", "uv": [ 7.5, 27.0, 10.5, 28.0 ], "autoUv": false },
												"east": { "texture": "#skin", "uv": [ 11.0, 27.0, 13.0, 28.0 ], "autoUv": false },
												"south": { "texture": "#skin", "uv": [ 13.0, 27.0, 16.0, 28.0 ], "autoUv": false },
												"west": { "texture": "#skin", "uv": [ 11.0, 27.0, 13.0, 28.0 ], "autoUv": false },
												"up": { "texture": "#skin", "uv": [ 7.5, 25.0, 10.5, 27.0 ], "autoUv": false },
												"down": { "texture": "#skin", "uv": [ 11.0, 25.0, 14.0, 27.0 ], "autoUv": false }
											}
										}
									]
								}
							]
						}
					]
				},
				{
					"name": "LFLeg",
					"from": [ -0.4025, -2.3, -0.1725 ],
					"to": [ 1.035, 0.0, 1.2592 ],
					"uv": [ 17.0, 20.5 ],
					"rotationOrigin": [ 1.035, 0.0, 0.69 ],
					"rotationX": 20.0,
					"faces": {
						"north": { "texture": "#skin", "uv": [ 17.0, 22.5, 19.5, 26.5 ], "autoUv": false },
						"east": { "texture": "#skin", "uv": [ 19.5, 22.5, 21.5, 26.5 ], "autoUv": false },
						"south": { "texture": "#skin", "uv": [ 21.5, 22.5, 24.0, 26.5 ], "autoUv": false },
						"west": { "texture": "#skin", "uv": [ 24.0, 22.5, 26.0, 26.5 ], "autoUv": false },
						"up": { "texture": "#skin", "uv": [ 17.0, 20.5, 19.5, 22.5 ], "autoUv": false },
						"down": { "texture": "#skin", "uv": [ 19.5, 20.5, 22.0, 22.5 ], "autoUv": false }
					},
					"children": [
						{
							"name": "LFFoot",
							"from": [ -0.1437, -0.575, -0.2875 ],
							"to": [ 1.5812, 0.2875, 1.4375 ],
							"uv": [ 27.5, 26.0 ],
							"rotationOrigin": [ 0.575, 0.2875, 1.4375 ],
							"faces": {
								"north": { "texture": "#skin", "uv": [ 27.5, 29.0, 30.5, 30.5 ], "autoUv": false },
								"east": { "texture": "#skin", "uv": [ 30.5, 29.0, 33.5, 30.5 ], "autoUv": false },
								"south": { "texture": "#skin", "uv": [ 33.5, 29.0, 36.5, 30.5 ], "autoUv": false },
								"west": { "texture": "#skin", "uv": [ 36.5, 29.0, 39.5, 30.5 ], "autoUv": false },
								"up": { "texture": "#skin", "uv": [ 27.5, 26.0, 30.5, 29.0 ], "autoUv": false },
								"down": { "texture": "#skin", "uv": [ 30.5, 26.0, 33.5, 29.0 ], "autoUv": false }
							}
						}
					]
				},
				{
					"name": "RFLeg",
					"from": [ 4.715, -2.3, -0.1725 ],
					"to": [ 6.1525, 0.0, 1.2592 ],
					"uv": [ 17.0, 20.5 ],
					"rotationOrigin": [ 4.715, 0.0, 0.69 ],
					"rotationX": -20.0,
					"faces": {
						"north": { "texture": "#skin", "uv": [ 17.0, 22.5, 19.5, 26.5 ], "autoUv": false },
						"east": { "texture": "#skin", "uv": [ 19.5, 22.5, 21.5, 26.5 ], "autoUv": false },
						"south": { "texture": "#skin", "uv": [ 21.5, 22.5, 24.0, 26.5 ], "autoUv": false },
						"west": { "texture": "#skin", "uv": [ 24.0, 22.5, 26.0, 26.5 ], "autoUv": false },
						"up": { "texture": "#skin", "uv": [ 17.0, 20.5, 19.5, 22.5 ], "autoUv": false },
						"down": { "texture": "#skin", "uv": [ 19.5, 20.5, 22.0, 22.5 ], "autoUv": false }
					},
					"children": [
						{
							"name": "RFFoot",
							"from": [ -0.1437, -0.575, -0.2875 ],
							"to": [ 1.5812, 0.2875, 1.4375 ],
							"uv": [ 27.5, 26.0 ],
							"rotationOrigin": [ 0.575, 0.2875, 1.4375 ],
							"faces": {
								"north": { "texture": "#skin", "uv": [ 27.5, 29.0, 30.5, 30.5 ], "autoUv": false },
								"east": { "texture": "#skin", "uv": [ 30.5, 29.0, 33.5, 30.5 ], "autoUv": false },
								"south": { "texture": "#skin", "uv": [ 33.5, 29.0, 36.5, 30.5 ], "autoUv": false },
								"west": { "texture": "#skin", "uv": [ 36.5, 29.0, 39.5, 30.5 ], "autoUv": false },
								"up": { "texture": "#skin", "uv": [ 27.5, 26.0, 30.5, 29.0 ], "autoUv": false },
								"down": { "texture": "#skin", "uv": [ 30.5, 26.0, 33.5, 29.0 ], "autoUv": false }
							}
						}
					]
				},
				{
					"name": "RBLeg",
					"from": [ 4.715, -2.3, 6.44 ],
					"to": [ 6.1525, 0.0, 7.8717 ],
					"uv": [ 17.0, 20.5 ],
					"rotationOrigin": [ 4.715, 0.0, 7.3025 ],
					"rotationX": 20.0,
					"faces": {
						"north": { "texture": "#skin", "uv": [ 17.0, 22.5, 19.5, 26.5 ], "autoUv": false },
						"east": { "texture": "#skin", "uv": [ 19.5, 22.5, 21.5, 26.5 ], "autoUv": false },
						"south": { "texture": "#skin", "uv": [ 21.5, 22.5, 24.0, 26.5 ], "autoUv": false },
						"west": { "texture": "#skin", "uv": [ 24.0, 22.5, 26.0, 26.5 ], "autoUv": false },
						"up": { "texture": "#skin", "uv": [ 17.0, 20.5, 19.5, 22.5 ], "autoUv": false },
						"down": { "texture": "#skin", "uv": [ 19.5, 20.5, 22.0, 22.5 ], "autoUv": false }
					},
					"children": [
						{
							"name": "RBFoot",
							"from": [ -0.1437, -0.575, -0.2875 ],
							"to": [ 1.5812, 0.2875, 1.4375 ],
							"uv": [ 27.5, 26.0 ],
							"rotationOrigin": [ 0.575, 0.2875, 1.4375 ],
							"faces": {
								"north": { "texture": "#skin", "uv": [ 27.5, 29.0, 30.5, 30.5 ], "autoUv": false },
								"east": { "texture": "#skin", "uv": [ 30.5, 29.0, 33.5, 30.5 ], "autoUv": false },
								"south": { "texture": "#skin", "uv": [ 33.5, 29.0, 36.5, 30.5 ], "autoUv": false },
								"west": { "texture": "#skin", "uv": [ 36.5, 29.0, 39.5, 30.5 ], "autoUv": false },
								"up": { "texture": "#skin", "uv": [ 27.5, 26.0, 30.5, 29.0 ], "autoUv": false },
								"down": { "texture": "#skin", "uv": [ 30.5, 26.0, 33.5, 29.0 ], "autoUv": false }
							}
						}
					]
				},
				{
					"name": "LBLeg",
					"from": [ -0.4025, -2.3, 6.44 ],
					"to": [ 1.035, 0.0, 7.8717 ],
					"uv": [ 17.0, 20.5 ],
					"rotationOrigin": [ 1.035, 0.0, 7.3025 ],
					"rotationX": -20.0,
					"faces": {
						"north": { "texture": "#skin", "uv": [ 17.0, 22.5, 19.5, 26.5 ], "autoUv": false },
						"east": { "texture": "#skin", "uv": [ 19.5, 22.5, 21.5, 26.5 ], "autoUv": false },
						"south": { "texture": "#skin", "uv": [ 21.5, 22.5, 24.0, 26.5 ], "autoUv": false },
						"west": { "texture": "#skin", "uv": [ 24.0, 22.5, 26.0, 26.5 ], "autoUv": false },
						"up": { "texture": "#skin", "uv": [ 17.0, 20.5, 19.5, 22.5 ], "autoUv": false },
						"down": { "texture": "#skin", "uv": [ 19.5, 20.5, 22.0, 22.5 ], "autoUv": false }
					},
					"children": [
						{
							"name": "LBFoot",
							"from": [ -0.1437, -0.575, -0.2875 ],
							"to": [ 1.5812, 0.2875, 1.4375 ],
							"uv": [ 27.5, 26.0 ],
							"rotationOrigin": [ 0.575, 0.2875, 1.4375 ],
							"faces": {
								"north": { "texture": "#skin", "uv": [ 27.5, 29.0, 30.5, 30.5 ], "autoUv": false },
								"east": { "texture": "#skin", "uv": [ 30.5, 29.0, 33.5, 30.5 ], "autoUv": false },
								"south": { "texture": "#skin", "uv": [ 33.5, 29.0, 36.5, 30.5 ], "autoUv": false },
								"west": { "texture": "#skin", "uv": [ 36.5, 29.0, 39.5, 30.5 ], "autoUv": false },
								"up": { "texture": "#skin", "uv": [ 27.5, 26.0, 30.5, 29.0 ], "autoUv": false },
								"down": { "texture": "#skin", "uv": [ 30.5, 26.0, 33.5, 29.0 ], "autoUv": false }
							}
						}
					]
				}
			]
		}
	]}