{
	"editor": {
		"allAngles": false,
		"entityTextureMode": true
	},
	"textureWidth": 40,
	"textureHeight": 32,
	"textureSizes": {
	},
	"textures": {
	},
	"elements": [
		{
			"name": "ShellLower",
			"from": [ 5.79, 2.155, 5.03 ],
			"to": [ 10.1, 4.31, 11.064 ],
			"autoUnwrap": false,
			"uv": [ 1.5, 14.0 ],
			"rotationOrigin": [ 7.948, 2.155, 8.048 ],
			"rotationY": 90.0,
			"faces": {
				"north": { "texture": "#skin", "uv": [ 0.0, 14.0, 10.0, 19.0 ], "autoUv": false, "windMode": [-1,-1,-1,-1] },
				"east": { "texture": "#skin", "uv": [ 10.0, 14.0, 24.0, 19.0 ], "autoUv": false },
				"south": { "texture": "#skin", "uv": [ 0.0, 19.0, 10.0, 24.0 ], "autoUv": false },
				"west": { "texture": "#skin", "uv": [ 24.0, 14.0, 10.0, 19.0 ], "autoUv": false, "windMode": [-1,-1,-1,-1] },
				"up": { "texture": "#skin", "uv": [ 0.0, 0.0, 10.0, 14.0 ], "autoUv": false },
				"down": { "texture": "#skin", "uv": [ 10.0, 0.0, 20.0, 14.0 ], "autoUv": false }
			},
			"children": [
				{
					"name": "ShellUpper",
					"from": [ 0.2155, 0.2155, 0.431 ],
					"to": [ 4.0945, 2.7584, 5.603 ],
					"autoUnwrap": false,
					"uv": [ 15.0, 7.5 ],
					"rotationOrigin": [ 0.2155, 0.1724, 0.431 ],
					"faces": {
						"north": { "texture": "#skin", "uv": [ 31.0, 18.0, 40.0, 23.5 ], "autoUv": false },
						"east": { "texture": "#skin", "uv": [ 28.0, 12.0, 40.0, 17.5 ], "autoUv": false },
						"south": { "texture": "#skin", "uv": [ 31.0, 18.0, 40.0, 23.5 ], "autoUv": false, "windMode": [-1,-1,-1,-1] },
						"west": { "texture": "#skin", "uv": [ 40.0, 12.0, 28.0, 17.5 ], "autoUv": false, "windMode": [-1,-1,-1,-1] },
						"up": { "texture": "#skin", "uv": [ 31.0, 0.0, 40.0, 12.0 ], "autoUv": false },
						"down": { "texture": "#skin", "uv": [ 31.0, 0.0, 40.0, 12.0 ], "autoUv": false }
					}
				},
				{
					"name": "Neck",
					"from": [ 1.5085, 0.1293, -2.3705 ],
					"to": [ 2.8015, 1.4223, 0.0862 ],
					"autoUnwrap": false,
					"uv": [ 19.0, 2.0 ],
					"rotationOrigin": [ 2.155, 0.1293, 0.0 ],
					"rotationX": 45.0,
					"faces": {
						"north": { "texture": "#skin", "uv": [ 26.5, 6.5, 29.5, 9.5 ], "autoUv": false },
						"east": { "texture": "#skin", "uv": [ 21.0, 6.5, 26.5, 9.5 ], "autoUv": false },
						"south": { "texture": "#skin", "uv": [ 26.5, 6.5, 29.5, 9.5 ], "autoUv": false },
						"west": { "texture": "#skin", "uv": [ 21.0, 6.5, 26.5, 9.5 ], "autoUv": false },
						"up": { "texture": "#skin", "uv": [ 22.5, 1.0, 25.5, 6.5 ], "autoUv": false },
						"down": { "texture": "#skin", "uv": [ 25.5, 1.0, 28.5, 6.5 ], "autoUv": false }
					},
					"children": [
						{
							"name": "UpperJaw",
							"from": [ -0.1077, 0.4482, -1.0516 ],
							"to": [ 1.4007, 1.5257, 0.6724 ],
							"autoUnwrap": false,
							"uv": [ 18.5, 1.0 ],
							"rotationOrigin": [ 0.6465, 0.4464, 0.4569 ],
							"rotationX": -22.5,
							"faces": {
								"north": { "texture": "#skin", "uv": [ 0.0, 29.0, 3.5, 31.5 ], "autoUv": false },
								"east": { "texture": "#skin", "uv": [ 3.5, 29.0, 7.5, 31.5 ], "autoUv": false },
								"south": { "texture": "#skin", "uv": [ 7.5, 29.0, 11.0, 31.5 ], "autoUv": false },
								"west": { "texture": "#skin", "uv": [ 7.5, 29.0, 3.5, 31.5 ], "autoUv": false, "windMode": [-1,-1,-1,-1] },
								"up": { "texture": "#skin", "uv": [ 0.0, 25.0, 3.5, 29.0 ], "autoUv": false },
								"down": { "texture": "#skin", "uv": [ 3.5, 25.0, 7.0, 29.0 ], "autoUv": false }
							},
							"children": [
								{
									"name": "Eye",
									"from": [ -0.0431, 0.6034, 0.4741 ],
									"to": [ 1.5516, 0.9482, 0.8189 ],
									"autoUnwrap": false,
									"uv": [ 21.0, 21.5 ],
									"rotationOrigin": [ -0.0431, 0.6034, 0.4741 ],
									"faces": {
										"north": { "texture": "#skin", "uv": [ 11.5, 20.5, 15.0, 21.0 ], "autoUv": false },
										"east": { "texture": "#skin", "uv": [ 15.0, 20.0, 16.0, 21.0 ], "autoUv": false, "windMode": [-1,-1,-1,-1] },
										"south": { "texture": "#skin", "uv": [ 11.5, 20.5, 15.0, 21.0 ], "autoUv": false },
										"west": { "texture": "#skin", "uv": [ 15.0, 20.0, 16.0, 21.0 ], "rotation": 270, "autoUv": false, "windMode": [-1,-1,-1,-1] },
										"up": { "texture": "#skin", "uv": [ 11.5, 20.0, 15.0, 20.5 ], "autoUv": false },
										"down": { "texture": "#skin", "uv": [ 11.5, 20.0, 15.0, 20.5 ], "autoUv": false }
									}
								},
								{
									"name": "LowerJawJoint",
									"from": [ 0.0022, -0.341, 0.862 ],
									"to": [ 1.5063, 0.0857, 1.293 ],
									"autoUnwrap": false,
									"uv": [ 11.0, 29.0 ],
									"rotationOrigin": [ 0.7542, -0.3448, 1.293 ],
									"faces": {
										"north": { "texture": "#skin", "uv": [ 11.0, 30.0, 14.0, 30.5 ], "autoUv": false },
										"east": { "texture": "#skin", "uv": [ 14.5, 30.0, 15.5, 30.5 ], "autoUv": false },
										"south": { "texture": "#skin", "uv": [ 15.5, 30.0, 18.5, 30.5 ], "autoUv": false },
										"west": { "texture": "#skin", "uv": [ 14.5, 30.0, 15.5, 30.5 ], "autoUv": false },
										"up": { "texture": "#skin", "uv": [ 11.0, 29.0, 14.0, 30.0 ], "autoUv": false },
										"down": { "texture": "#skin", "uv": [ 11.0, 29.0, 14.0, 30.0 ], "autoUv": false }
									},
									"children": [
										{
											"name": "LowerJaw",
											"from": [ 0.0022, -0.0043, -0.8189 ],
											"to": [ 1.502, 0.4267, 0.1724 ],
											"autoUnwrap": false,
											"uv": [ 7.5, 25.0 ],
											"rotationOrigin": [ 0.7542, 0.0, 0.1293 ],
											"faces": {
												"north": { "texture": "#skin", "uv": [ 7.5, 27.0, 10.5, 28.0 ], "autoUv": false },
												"east": { "texture": "#skin", "uv": [ 11.0, 27.0, 13.0, 28.0 ], "autoUv": false },
												"south": { "texture": "#skin", "uv": [ 13.0, 27.0, 16.0, 28.0 ], "autoUv": false },
												"west": { "texture": "#skin", "uv": [ 11.0, 27.0, 13.0, 28.0 ], "autoUv": false },
												"up": { "texture": "#skin", "uv": [ 7.5, 25.0, 10.5, 27.0 ], "autoUv": false },
												"down": { "texture": "#skin", "uv": [ 11.0, 25.0, 14.0, 27.0 ], "autoUv": false }
											}
										}
									]
								}
							]
						}
					]
				},
				{
					"name": "LFLeg",
					"from": [ -0.3017, -1.724, -0.1293 ],
					"to": [ 0.7758, 0.0, 0.9439 ],
					"uv": [ 17.0, 20.5 ],
					"rotationOrigin": [ 0.7758, 0.0, 0.5172 ],
					"faces": {
						"north": { "texture": "#skin", "uv": [ 17.0, 22.5, 19.5, 26.5 ], "autoUv": false },
						"east": { "texture": "#skin", "uv": [ 19.5, 22.5, 21.5, 26.5 ], "autoUv": false },
						"south": { "texture": "#skin", "uv": [ 21.5, 22.5, 24.0, 26.5 ], "autoUv": false },
						"west": { "texture": "#skin", "uv": [ 24.0, 22.5, 26.0, 26.5 ], "autoUv": false },
						"up": { "texture": "#skin", "uv": [ 17.0, 20.5, 19.5, 22.5 ], "autoUv": false },
						"down": { "texture": "#skin", "uv": [ 19.5, 20.5, 22.0, 22.5 ], "autoUv": false }
					},
					"children": [
						{
							"name": "LFFoot",
							"from": [ -0.1077, -0.431, -0.2155 ],
							"to": [ 1.1852, 0.2155, 1.0775 ],
							"uv": [ 27.5, 26.0 ],
							"rotationOrigin": [ 0.431, 0.2155, 1.0775 ],
							"faces": {
								"north": { "texture": "#skin", "uv": [ 27.5, 29.0, 30.5, 30.5 ], "autoUv": false },
								"east": { "texture": "#skin", "uv": [ 30.5, 29.0, 33.5, 30.5 ], "autoUv": false },
								"south": { "texture": "#skin", "uv": [ 33.5, 29.0, 36.5, 30.5 ], "autoUv": false },
								"west": { "texture": "#skin", "uv": [ 36.5, 29.0, 39.5, 30.5 ], "autoUv": false },
								"up": { "texture": "#skin", "uv": [ 27.5, 26.0, 30.5, 29.0 ], "autoUv": false },
								"down": { "texture": "#skin", "uv": [ 30.5, 26.0, 33.5, 29.0 ], "autoUv": false }
							}
						}
					]
				},
				{
					"name": "RFLeg",
					"from": [ 3.5342, -1.724, -0.1293 ],
					"to": [ 4.6117, 0.0, 0.9439 ],
					"uv": [ 17.0, 20.5 ],
					"rotationOrigin": [ 3.5342, 0.0, 0.5172 ],
					"faces": {
						"north": { "texture": "#skin", "uv": [ 17.0, 22.5, 19.5, 26.5 ], "autoUv": false },
						"east": { "texture": "#skin", "uv": [ 19.5, 22.5, 21.5, 26.5 ], "autoUv": false },
						"south": { "texture": "#skin", "uv": [ 21.5, 22.5, 24.0, 26.5 ], "autoUv": false },
						"west": { "texture": "#skin", "uv": [ 24.0, 22.5, 26.0, 26.5 ], "autoUv": false },
						"up": { "texture": "#skin", "uv": [ 17.0, 20.5, 19.5, 22.5 ], "autoUv": false },
						"down": { "texture": "#skin", "uv": [ 19.5, 20.5, 22.0, 22.5 ], "autoUv": false }
					},
					"children": [
						{
							"name": "RFFoot",
							"from": [ -0.1077, -0.431, -0.2155 ],
							"to": [ 1.1852, 0.2155, 1.0775 ],
							"uv": [ 27.5, 26.0 ],
							"rotationOrigin": [ 0.431, 0.2155, 1.0775 ],
							"faces": {
								"north": { "texture": "#skin", "uv": [ 27.5, 29.0, 30.5, 30.5 ], "autoUv": false },
								"east": { "texture": "#skin", "uv": [ 30.5, 29.0, 33.5, 30.5 ], "autoUv": false },
								"south": { "texture": "#skin", "uv": [ 33.5, 29.0, 36.5, 30.5 ], "autoUv": false },
								"west": { "texture": "#skin", "uv": [ 36.5, 29.0, 39.5, 30.5 ], "autoUv": false },
								"up": { "texture": "#skin", "uv": [ 27.5, 26.0, 30.5, 29.0 ], "autoUv": false },
								"down": { "texture": "#skin", "uv": [ 30.5, 26.0, 33.5, 29.0 ], "autoUv": false }
							}
						}
					]
				},
				{
					"name": "RBLeg",
					"from": [ 3.5342, -1.724, 4.8272 ],
					"to": [ 4.6117, 0.0, 5.9004 ],
					"uv": [ 17.0, 20.5 ],
					"rotationOrigin": [ 3.5342, 0.0, 5.4737 ],
					"faces": {
						"north": { "texture": "#skin", "uv": [ 17.0, 22.5, 19.5, 26.5 ], "autoUv": false },
						"east": { "texture": "#skin", "uv": [ 19.5, 22.5, 21.5, 26.5 ], "autoUv": false },
						"south": { "texture": "#skin", "uv": [ 21.5, 22.5, 24.0, 26.5 ], "autoUv": false },
						"west": { "texture": "#skin", "uv": [ 24.0, 22.5, 26.0, 26.5 ], "autoUv": false },
						"up": { "texture": "#skin", "uv": [ 17.0, 20.5, 19.5, 22.5 ], "autoUv": false },
						"down": { "texture": "#skin", "uv": [ 19.5, 20.5, 22.0, 22.5 ], "autoUv": false }
					},
					"children": [
						{
							"name": "RBFoot",
							"from": [ -0.1077, -0.431, -0.2155 ],
							"to": [ 1.1852, 0.2155, 1.0775 ],
							"uv": [ 27.5, 26.0 ],
							"rotationOrigin": [ 0.431, 0.2155, 1.0775 ],
							"faces": {
								"north": { "texture": "#skin", "uv": [ 27.5, 29.0, 30.5, 30.5 ], "autoUv": false },
								"east": { "texture": "#skin", "uv": [ 30.5, 29.0, 33.5, 30.5 ], "autoUv": false },
								"south": { "texture": "#skin", "uv": [ 33.5, 29.0, 36.5, 30.5 ], "autoUv": false },
								"west": { "texture": "#skin", "uv": [ 36.5, 29.0, 39.5, 30.5 ], "autoUv": false },
								"up": { "texture": "#skin", "uv": [ 27.5, 26.0, 30.5, 29.0 ], "autoUv": false },
								"down": { "texture": "#skin", "uv": [ 30.5, 26.0, 33.5, 29.0 ], "autoUv": false }
							}
						}
					]
				},
				{
					"name": "LBLeg",
					"from": [ -0.3017, -1.724, 4.8272 ],
					"to": [ 0.7758, 0.0, 5.9004 ],
					"uv": [ 17.0, 20.5 ],
					"rotationOrigin": [ 0.7758, 0.0, 5.4737 ],
					"faces": {
						"north": { "texture": "#skin", "uv": [ 17.0, 22.5, 19.5, 26.5 ], "autoUv": false },
						"east": { "texture": "#skin", "uv": [ 19.5, 22.5, 21.5, 26.5 ], "autoUv": false },
						"south": { "texture": "#skin", "uv": [ 21.5, 22.5, 24.0, 26.5 ], "autoUv": false },
						"west": { "texture": "#skin", "uv": [ 24.0, 22.5, 26.0, 26.5 ], "autoUv": false },
						"up": { "texture": "#skin", "uv": [ 17.0, 20.5, 19.5, 22.5 ], "autoUv": false },
						"down": { "texture": "#skin", "uv": [ 19.5, 20.5, 22.0, 22.5 ], "autoUv": false }
					},
					"children": [
						{
							"name": "LBFoot",
							"from": [ -0.1077, -0.431, -0.2155 ],
							"to": [ 1.1852, 0.2155, 1.0775 ],
							"uv": [ 27.5, 26.0 ],
							"rotationOrigin": [ 0.431, 0.2155, 1.0775 ],
							"faces": {
								"north": { "texture": "#skin", "uv": [ 27.5, 29.0, 30.5, 30.5 ], "autoUv": false },
								"east": { "texture": "#skin", "uv": [ 30.5, 29.0, 33.5, 30.5 ], "autoUv": false },
								"south": { "texture": "#skin", "uv": [ 33.5, 29.0, 36.5, 30.5 ], "autoUv": false },
								"west": { "texture": "#skin", "uv": [ 36.5, 29.0, 39.5, 30.5 ], "autoUv": false },
								"up": { "texture": "#skin", "uv": [ 27.5, 26.0, 30.5, 29.0 ], "autoUv": false },
								"down": { "texture": "#skin", "uv": [ 30.5, 26.0, 33.5, 29.0 ], "autoUv": false }
							}
						}
					]
				}
			]
		}
	]}