{
	"editor": {
		"allAngles": false,
		"entityTextureMode": true
	},
	"textureWidth": 40,
	"textureHeight": 32,
	"textureSizes": {
	},
	"textures": {
	},
	"elements": [
		{
			"name": "ShellLower",
			"from": [ 6.02, 2.035, 5.21 ],
			"to": [ 10.09, 4.07, 10.908 ],
			"autoUnwrap": false,
			"uv": [ 1.5, 14.0 ],
			"rotationOrigin": [ 8.056, 2.035, 8.056 ],
			"rotationY": 67.5,
			"faces": {
				"north": { "texture": "#skin", "uv": [ 0.0, 14.0, 10.0, 19.0 ], "autoUv": false, "windMode": [-1,-1,-1,-1] },
				"east": { "texture": "#skin", "uv": [ 10.0, 14.0, 24.0, 19.0 ], "autoUv": false },
				"south": { "texture": "#skin", "uv": [ 0.0, 19.0, 10.0, 24.0 ], "autoUv": false },
				"west": { "texture": "#skin", "uv": [ 24.0, 14.0, 10.0, 19.0 ], "autoUv": false, "windMode": [-1,-1,-1,-1] },
				"up": { "texture": "#skin", "uv": [ 0.0, 0.0, 10.0, 14.0 ], "autoUv": false },
				"down": { "texture": "#skin", "uv": [ 10.0, 0.0, 20.0, 14.0 ], "autoUv": false }
			},
			"children": [
				{
					"name": "ShellUpper",
					"from": [ 0.2035, 0.2035, 0.407 ],
					"to": [ 3.8665, 2.6048, 5.291 ],
					"autoUnwrap": false,
					"uv": [ 15.0, 7.5 ],
					"rotationOrigin": [ 0.2035, 0.1628, 0.407 ],
					"faces": {
						"north": { "texture": "#skin", "uv": [ 31.0, 18.0, 40.0, 23.5 ], "autoUv": false },
						"east": { "texture": "#skin", "uv": [ 28.0, 12.0, 40.0, 17.5 ], "autoUv": false },
						"south": { "texture": "#skin", "uv": [ 31.0, 18.0, 40.0, 23.5 ], "autoUv": false, "windMode": [-1,-1,-1,-1] },
						"west": { "texture": "#skin", "uv": [ 40.0, 12.0, 28.0, 17.5 ], "autoUv": false, "windMode": [-1,-1,-1,-1] },
						"up": { "texture": "#skin", "uv": [ 31.0, 0.0, 40.0, 12.0 ], "autoUv": false },
						"down": { "texture": "#skin", "uv": [ 31.0, 0.0, 40.0, 12.0 ], "autoUv": false }
					}
				},
				{
					"name": "Neck",
					"from": [ 1.42, 0.1221, -2.04 ],
					"to": [ 2.641, 1.3431, 0.2799 ],
					"autoUnwrap": false,
					"uv": [ 19.0, 2.0 ],
					"rotationOrigin": [ 2.035, 0.1221, 0.2 ],
					"rotationY": -22.5,
					"faces": {
						"north": { "texture": "#skin", "uv": [ 26.5, 6.5, 29.5, 9.5 ], "autoUv": false },
						"east": { "texture": "#skin", "uv": [ 21.0, 6.5, 26.5, 9.5 ], "autoUv": false },
						"south": { "texture": "#skin", "uv": [ 26.5, 6.5, 29.5, 9.5 ], "autoUv": false },
						"west": { "texture": "#skin", "uv": [ 21.0, 6.5, 26.5, 9.5 ], "autoUv": false },
						"up": { "texture": "#skin", "uv": [ 22.5, 1.0, 25.5, 6.5 ], "autoUv": false },
						"down": { "texture": "#skin", "uv": [ 25.5, 1.0, 28.5, 6.5 ], "autoUv": false }
					},
					"children": [
						{
							"name": "UpperJaw",
							"from": [ -0.1018, 0.4233, -0.9931 ],
							"to": [ 1.3228, 1.4408, 0.6349 ],
							"autoUnwrap": false,
							"uv": [ 18.5, 1.0 ],
							"rotationOrigin": [ 0.6105, 0.4215, 0.4314 ],
							"rotationX": -22.5,
							"faces": {
								"north": { "texture": "#skin", "uv": [ 0.0, 29.0, 3.5, 31.5 ], "autoUv": false },
								"east": { "texture": "#skin", "uv": [ 3.5, 29.0, 7.5, 31.5 ], "autoUv": false },
								"south": { "texture": "#skin", "uv": [ 7.5, 29.0, 11.0, 31.5 ], "autoUv": false },
								"west": { "texture": "#skin", "uv": [ 7.5, 29.0, 3.5, 31.5 ], "autoUv": false, "windMode": [-1,-1,-1,-1] },
								"up": { "texture": "#skin", "uv": [ 0.0, 25.0, 3.5, 29.0 ], "autoUv": false },
								"down": { "texture": "#skin", "uv": [ 3.5, 25.0, 7.0, 29.0 ], "autoUv": false }
							},
							"children": [
								{
									"name": "Eye",
									"from": [ -0.0407, 0.5698, 0.4477 ],
									"to": [ 1.4652, 0.8954, 0.7733 ],
									"autoUnwrap": false,
									"uv": [ 21.0, 21.5 ],
									"rotationOrigin": [ -0.0407, 0.5698, 0.4477 ],
									"faces": {
										"north": { "texture": "#skin", "uv": [ 11.5, 20.5, 15.0, 21.0 ], "autoUv": false },
										"east": { "texture": "#skin", "uv": [ 15.0, 20.0, 16.0, 21.0 ], "autoUv": false, "windMode": [-1,-1,-1,-1] },
										"south": { "texture": "#skin", "uv": [ 11.5, 20.5, 15.0, 21.0 ], "autoUv": false },
										"west": { "texture": "#skin", "uv": [ 15.0, 20.0, 16.0, 21.0 ], "rotation": 270, "autoUv": false, "windMode": [-1,-1,-1,-1] },
										"up": { "texture": "#skin", "uv": [ 11.5, 20.0, 15.0, 20.5 ], "autoUv": false },
										"down": { "texture": "#skin", "uv": [ 11.5, 20.0, 15.0, 20.5 ], "autoUv": false }
									}
								},
								{
									"name": "LowerJawJoint",
									"from": [ 0.002, -0.322, 0.814 ],
									"to": [ 1.4225, 0.0809, 1.221 ],
									"autoUnwrap": false,
									"uv": [ 11.0, 29.0 ],
									"rotationOrigin": [ 0.7123, -0.3256, 1.221 ],
									"faces": {
										"north": { "texture": "#skin", "uv": [ 11.0, 30.0, 14.0, 30.5 ], "autoUv": false },
										"east": { "texture": "#skin", "uv": [ 14.5, 30.0, 15.5, 30.5 ], "autoUv": false },
										"south": { "texture": "#skin", "uv": [ 15.5, 30.0, 18.5, 30.5 ], "autoUv": false },
										"west": { "texture": "#skin", "uv": [ 14.5, 30.0, 15.5, 30.5 ], "autoUv": false },
										"up": { "texture": "#skin", "uv": [ 11.0, 29.0, 14.0, 30.0 ], "autoUv": false },
										"down": { "texture": "#skin", "uv": [ 11.0, 29.0, 14.0, 30.0 ], "autoUv": false }
									},
									"children": [
										{
											"name": "LowerJaw",
											"from": [ 0.002, -0.0041, -0.7733 ],
											"to": [ 1.4184, 0.4029, 0.1628 ],
											"autoUnwrap": false,
											"uv": [ 7.5, 25.0 ],
											"rotationOrigin": [ 0.7123, 0.0, 0.1221 ],
											"faces": {
												"north": { "texture": "#skin", "uv": [ 7.5, 27.0, 10.5, 28.0 ], "autoUv": false },
												"east": { "texture": "#skin", "uv": [ 11.0, 27.0, 13.0, 28.0 ], "autoUv": false },
												"south": { "texture": "#skin", "uv": [ 13.0, 27.0, 16.0, 28.0 ], "autoUv": false },
												"west": { "texture": "#skin", "uv": [ 11.0, 27.0, 13.0, 28.0 ], "autoUv": false },
												"up": { "texture": "#skin", "uv": [ 7.5, 25.0, 10.5, 27.0 ], "autoUv": false },
												"down": { "texture": "#skin", "uv": [ 11.0, 25.0, 14.0, 27.0 ], "autoUv": false }
											}
										}
									]
								}
							]
						}
					]
				},
				{
					"name": "LFLeg",
					"from": [ -0.2849, -1.628, -0.1221 ],
					"to": [ 0.7326, 0.0, 0.8913 ],
					"uv": [ 17.0, 20.5 ],
					"rotationOrigin": [ 0.7326, 0.0, 0.4884 ],
					"rotationX": 20.0,
					"faces": {
						"north": { "texture": "#skin", "uv": [ 17.0, 22.5, 19.5, 26.5 ], "autoUv": false },
						"east": { "texture": "#skin", "uv": [ 19.5, 22.5, 21.5, 26.5 ], "autoUv": false },
						"south": { "texture": "#skin", "uv": [ 21.5, 22.5, 24.0, 26.5 ], "autoUv": false },
						"west": { "texture": "#skin", "uv": [ 24.0, 22.5, 26.0, 26.5 ], "autoUv": false },
						"up": { "texture": "#skin", "uv": [ 17.0, 20.5, 19.5, 22.5 ], "autoUv": false },
						"down": { "texture": "#skin", "uv": [ 19.5, 20.5, 22.0, 22.5 ], "autoUv": false }
					},
					"children": [
						{
							"name": "LFFoot",
							"from": [ -0.1018, -0.407, -0.2035 ],
							"to": [ 1.1193, 0.2035, 1.0175 ],
							"uv": [ 27.5, 26.0 ],
							"rotationOrigin": [ 0.407, 0.2035, 1.0175 ],
							"faces": {
								"north": { "texture": "#skin", "uv": [ 27.5, 29.0, 30.5, 30.5 ], "autoUv": false },
								"east": { "texture": "#skin", "uv": [ 30.5, 29.0, 33.5, 30.5 ], "autoUv": false },
								"south": { "texture": "#skin", "uv": [ 33.5, 29.0, 36.5, 30.5 ], "autoUv": false },
								"west": { "texture": "#skin", "uv": [ 36.5, 29.0, 39.5, 30.5 ], "autoUv": false },
								"up": { "texture": "#skin", "uv": [ 27.5, 26.0, 30.5, 29.0 ], "autoUv": false },
								"down": { "texture": "#skin", "uv": [ 30.5, 26.0, 33.5, 29.0 ], "autoUv": false }
							}
						}
					]
				},
				{
					"name": "RFLeg",
					"from": [ 3.3374, -1.628, -0.1221 ],
					"to": [ 4.3549, 0.0, 0.8913 ],
					"uv": [ 17.0, 20.5 ],
					"rotationOrigin": [ 3.3374, 0.0, 0.4884 ],
					"rotationX": -20.0,
					"faces": {
						"north": { "texture": "#skin", "uv": [ 17.0, 22.5, 19.5, 26.5 ], "autoUv": false },
						"east": { "texture": "#skin", "uv": [ 19.5, 22.5, 21.5, 26.5 ], "autoUv": false },
						"south": { "texture": "#skin", "uv": [ 21.5, 22.5, 24.0, 26.5 ], "autoUv": false },
						"west": { "texture": "#skin", "uv": [ 24.0, 22.5, 26.0, 26.5 ], "autoUv": false },
						"up": { "texture": "#skin", "uv": [ 17.0, 20.5, 19.5, 22.5 ], "autoUv": false },
						"down": { "texture": "#skin", "uv": [ 19.5, 20.5, 22.0, 22.5 ], "autoUv": false }
					},
					"children": [
						{
							"name": "RFFoot",
							"from": [ -0.1018, -0.407, -0.2035 ],
							"to": [ 1.1193, 0.2035, 1.0175 ],
							"uv": [ 27.5, 26.0 ],
							"rotationOrigin": [ 0.407, 0.2035, 1.0175 ],
							"faces": {
								"north": { "texture": "#skin", "uv": [ 27.5, 29.0, 30.5, 30.5 ], "autoUv": false },
								"east": { "texture": "#skin", "uv": [ 30.5, 29.0, 33.5, 30.5 ], "autoUv": false },
								"south": { "texture": "#skin", "uv": [ 33.5, 29.0, 36.5, 30.5 ], "autoUv": false },
								"west": { "texture": "#skin", "uv": [ 36.5, 29.0, 39.5, 30.5 ], "autoUv": false },
								"up": { "texture": "#skin", "uv": [ 27.5, 26.0, 30.5, 29.0 ], "autoUv": false },
								"down": { "texture": "#skin", "uv": [ 30.5, 26.0, 33.5, 29.0 ], "autoUv": false }
							}
						}
					]
				},
				{
					"name": "RBLeg",
					"from": [ 3.3374, -1.628, 4.5584 ],
					"to": [ 4.3549, 0.0, 5.5718 ],
					"uv": [ 17.0, 20.5 ],
					"rotationOrigin": [ 3.3374, 0.0, 5.1689 ],
					"rotationX": 20.0,
					"faces": {
						"north": { "texture": "#skin", "uv": [ 17.0, 22.5, 19.5, 26.5 ], "autoUv": false },
						"east": { "texture": "#skin", "uv": [ 19.5, 22.5, 21.5, 26.5 ], "autoUv": false },
						"south": { "texture": "#skin", "uv": [ 21.5, 22.5, 24.0, 26.5 ], "autoUv": false },
						"west": { "texture": "#skin", "uv": [ 24.0, 22.5, 26.0, 26.5 ], "autoUv": false },
						"up": { "texture": "#skin", "uv": [ 17.0, 20.5, 19.5, 22.5 ], "autoUv": false },
						"down": { "texture": "#skin", "uv": [ 19.5, 20.5, 22.0, 22.5 ], "autoUv": false }
					},
					"children": [
						{
							"name": "RBFoot",
							"from": [ -0.1018, -0.407, -0.2035 ],
							"to": [ 1.1193, 0.2035, 1.0175 ],
							"uv": [ 27.5, 26.0 ],
							"rotationOrigin": [ 0.407, 0.2035, 1.0175 ],
							"faces": {
								"north": { "texture": "#skin", "uv": [ 27.5, 29.0, 30.5, 30.5 ], "autoUv": false },
								"east": { "texture": "#skin", "uv": [ 30.5, 29.0, 33.5, 30.5 ], "autoUv": false },
								"south": { "texture": "#skin", "uv": [ 33.5, 29.0, 36.5, 30.5 ], "autoUv": false },
								"west": { "texture": "#skin", "uv": [ 36.5, 29.0, 39.5, 30.5 ], "autoUv": false },
								"up": { "texture": "#skin", "uv": [ 27.5, 26.0, 30.5, 29.0 ], "autoUv": false },
								"down": { "texture": "#skin", "uv": [ 30.5, 26.0, 33.5, 29.0 ], "autoUv": false }
							}
						}
					]
				},
				{
					"name": "LBLeg",
					"from": [ -0.2849, -1.628, 4.5584 ],
					"to": [ 0.7326, 0.0, 5.5718 ],
					"uv": [ 17.0, 20.5 ],
					"rotationOrigin": [ 0.7326, 0.0, 5.1689 ],
					"rotationX": -20.0,
					"faces": {
						"north": { "texture": "#skin", "uv": [ 17.0, 22.5, 19.5, 26.5 ], "autoUv": false },
						"east": { "texture": "#skin", "uv": [ 19.5, 22.5, 21.5, 26.5 ], "autoUv": false },
						"south": { "texture": "#skin", "uv": [ 21.5, 22.5, 24.0, 26.5 ], "autoUv": false },
						"west": { "texture": "#skin", "uv": [ 24.0, 22.5, 26.0, 26.5 ], "autoUv": false },
						"up": { "texture": "#skin", "uv": [ 17.0, 20.5, 19.5, 22.5 ], "autoUv": false },
						"down": { "texture": "#skin", "uv": [ 19.5, 20.5, 22.0, 22.5 ], "autoUv": false }
					},
					"children": [
						{
							"name": "LBFoot",
							"from": [ -0.1018, -0.407, -0.2035 ],
							"to": [ 1.1193, 0.2035, 1.0175 ],
							"uv": [ 27.5, 26.0 ],
							"rotationOrigin": [ 0.407, 0.2035, 1.0175 ],
							"faces": {
								"north": { "texture": "#skin", "uv": [ 27.5, 29.0, 30.5, 30.5 ], "autoUv": false },
								"east": { "texture": "#skin", "uv": [ 30.5, 29.0, 33.5, 30.5 ], "autoUv": false },
								"south": { "texture": "#skin", "uv": [ 33.5, 29.0, 36.5, 30.5 ], "autoUv": false },
								"west": { "texture": "#skin", "uv": [ 36.5, 29.0, 39.5, 30.5 ], "autoUv": false },
								"up": { "texture": "#skin", "uv": [ 27.5, 26.0, 30.5, 29.0 ], "autoUv": false },
								"down": { "texture": "#skin", "uv": [ 30.5, 26.0, 33.5, 29.0 ], "autoUv": false }
							}
						}
					]
				}
			]
		}
	]}