{
	"editor": {
		"allAngles": false,
		"entityTextureMode": true
	},
	"textureWidth": 40,
	"textureHeight": 32,
	"textureSizes": {
	},
	"textures": {
	},
	"elements": [
		{
			"name": "ShellLower",
			"from": [ 5.78, 2.3, 4.76 ],
			"to": [ 10.38, 4.6, 11.2 ],
			"autoUnwrap": false,
			"uv": [ 1.5, 14.0 ],
			"rotationOrigin": [ 8.08, 2.3, 7.98 ],
			"rotationY": 90.0,
			"faces": {
				"north": { "texture": "#skin", "uv": [ 0.0, 14.0, 10.0, 19.0 ], "autoUv": false, "windMode": [-1,-1,-1,-1] },
				"east": { "texture": "#skin", "uv": [ 10.0, 14.0, 24.0, 19.0 ], "autoUv": false },
				"south": { "texture": "#skin", "uv": [ 0.0, 19.0, 10.0, 24.0 ], "autoUv": false },
				"west": { "texture": "#skin", "uv": [ 24.0, 14.0, 10.0, 19.0 ], "autoUv": false, "windMode": [-1,-1,-1,-1] },
				"up": { "texture": "#skin", "uv": [ 0.0, 0.0, 10.0, 14.0 ], "autoUv": false },
				"down": { "texture": "#skin", "uv": [ 10.0, 0.0, 20.0, 14.0 ], "autoUv": false }
			},
			"children": [
				{
					"name": "ShellUpper",
					"from": [ 0.23, 0.23, 0.46 ],
					"to": [ 4.37, 2.944, 5.98 ],
					"autoUnwrap": false,
					"uv": [ 15.0, 7.5 ],
					"rotationOrigin": [ 0.23, 0.184, 0.46 ],
					"faces": {
						"north": { "texture": "#skin", "uv": [ 31.0, 18.0, 40.0, 23.5 ], "autoUv": false },
						"east": { "texture": "#skin", "uv": [ 28.0, 12.0, 40.0, 17.5 ], "autoUv": false },
						"south": { "texture": "#skin", "uv": [ 31.0, 18.0, 40.0, 23.5 ], "autoUv": false, "windMode": [-1,-1,-1,-1] },
						"west": { "texture": "#skin", "uv": [ 40.0, 12.0, 28.0, 17.5 ], "autoUv": false, "windMode": [-1,-1,-1,-1] },
						"up": { "texture": "#skin", "uv": [ 31.0, 0.0, 40.0, 12.0 ], "autoUv": false },
						"down": { "texture": "#skin", "uv": [ 31.0, 0.0, 40.0, 12.0 ], "autoUv": false }
					}
				},
				{
					"name": "Neck",
					"from": [ 1.61, 0.138, -2.53 ],
					"to": [ 2.99, 1.518, 0.092 ],
					"autoUnwrap": false,
					"uv": [ 19.0, 2.0 ],
					"rotationOrigin": [ 2.3, 0.138, 0.0 ],
					"rotationX": 22.5,
					"faces": {
						"north": { "texture": "#skin", "uv": [ 26.5, 6.5, 29.5, 9.5 ], "autoUv": false },
						"east": { "texture": "#skin", "uv": [ 21.0, 6.5, 26.5, 9.5 ], "autoUv": false },
						"south": { "texture": "#skin", "uv": [ 26.5, 6.5, 29.5, 9.5 ], "autoUv": false },
						"west": { "texture": "#skin", "uv": [ 21.0, 6.5, 26.5, 9.5 ], "autoUv": false },
						"up": { "texture": "#skin", "uv": [ 22.5, 1.0, 25.5, 6.5 ], "autoUv": false },
						"down": { "texture": "#skin", "uv": [ 25.5, 1.0, 28.5, 6.5 ], "autoUv": false }
					},
					"children": [
						{
							"name": "UpperJaw",
							"from": [ -0.115, 0.4784, -1.1224 ],
							"to": [ 1.495, 1.6284, 0.7176 ],
							"autoUnwrap": false,
							"uv": [ 18.5, 1.0 ],
							"rotationOrigin": [ 0.69, 0.4764, 0.4876 ],
							"rotationX": -22.5,
							"faces": {
								"north": { "texture": "#skin", "uv": [ 0.0, 29.0, 3.5, 31.5 ], "autoUv": false },
								"east": { "texture": "#skin", "uv": [ 3.5, 29.0, 7.5, 31.5 ], "autoUv": false },
								"south": { "texture": "#skin", "uv": [ 7.5, 29.0, 11.0, 31.5 ], "autoUv": false },
								"west": { "texture": "#skin", "uv": [ 7.5, 29.0, 3.5, 31.5 ], "autoUv": false, "windMode": [-1,-1,-1,-1] },
								"up": { "texture": "#skin", "uv": [ 0.0, 25.0, 3.5, 29.0 ], "autoUv": false },
								"down": { "texture": "#skin", "uv": [ 3.5, 25.0, 7.0, 29.0 ], "autoUv": false }
							},
							"children": [
								{
									"name": "Eye",
									"from": [ -0.046, 0.644, 0.506 ],
									"to": [ 1.656, 1.012, 0.874 ],
									"autoUnwrap": false,
									"uv": [ 21.0, 21.5 ],
									"rotationOrigin": [ -0.046, 0.644, 0.506 ],
									"faces": {
										"north": { "texture": "#skin", "uv": [ 11.5, 20.5, 15.0, 21.0 ], "autoUv": false },
										"east": { "texture": "#skin", "uv": [ 15.0, 20.0, 16.0, 21.0 ], "autoUv": false, "windMode": [-1,-1,-1,-1] },
										"south": { "texture": "#skin", "uv": [ 11.5, 20.5, 15.0, 21.0 ], "autoUv": false },
										"west": { "texture": "#skin", "uv": [ 15.0, 20.0, 16.0, 21.0 ], "rotation": 270, "autoUv": false, "windMode": [-1,-1,-1,-1] },
										"up": { "texture": "#skin", "uv": [ 11.5, 20.0, 15.0, 20.5 ], "autoUv": false },
										"down": { "texture": "#skin", "uv": [ 11.5, 20.0, 15.0, 20.5 ], "autoUv": false }
									}
								},
								{
									"name": "LowerJawJoint",
									"from": [ 0.0023, -0.364, 0.92 ],
									"to": [ 1.6077, 0.0914, 1.38 ],
									"autoUnwrap": false,
									"uv": [ 11.0, 29.0 ],
									"rotationOrigin": [ 0.805, -0.368, 1.38 ],
									"faces": {
										"north": { "texture": "#skin", "uv": [ 11.0, 30.0, 14.0, 30.5 ], "autoUv": false },
										"east": { "texture": "#skin", "uv": [ 14.5, 30.0, 15.5, 30.5 ], "autoUv": false },
										"south": { "texture": "#skin", "uv": [ 15.5, 30.0, 18.5, 30.5 ], "autoUv": false },
										"west": { "texture": "#skin", "uv": [ 14.5, 30.0, 15.5, 30.5 ], "autoUv": false },
										"up": { "texture": "#skin", "uv": [ 11.0, 29.0, 14.0, 30.0 ], "autoUv": false },
										"down": { "texture": "#skin", "uv": [ 11.0, 29.0, 14.0, 30.0 ], "autoUv": false }
									},
									"children": [
										{
											"name": "LowerJaw",
											"from": [ 0.0023, -0.0046, -0.874 ],
											"to": [ 1.6031, 0.4554, 0.184 ],
											"autoUnwrap": false,
											"uv": [ 7.5, 25.0 ],
											"rotationOrigin": [ 0.805, 0.0, 0.138 ],
											"faces": {
												"north": { "texture": "#skin", "uv": [ 7.5, 27.0, 10.5, 28.0 ], "autoUv": false },
												"east": { "texture": "#skin", "uv": [ 11.0, 27.0, 13.0, 28.0 ], "autoUv": false },
												"south": { "texture": "#skin", "uv": [ 13.0, 27.0, 16.0, 28.0 ], "autoUv": false },
												"west": { "texture": "#skin", "uv": [ 11.0, 27.0, 13.0, 28.0 ], "autoUv": false },
												"up": { "texture": "#skin", "uv": [ 7.5, 25.0, 10.5, 27.0 ], "autoUv": false },
												"down": { "texture": "#skin", "uv": [ 11.0, 25.0, 14.0, 27.0 ], "autoUv": false }
											}
										}
									]
								}
							]
						}
					]
				},
				{
					"name": "LFLeg",
					"from": [ -0.322, -1.84, -0.138 ],
					"to": [ 0.828, 0.0, 1.0074 ],
					"uv": [ 17.0, 20.5 ],
					"rotationOrigin": [ 0.828, 0.0, 0.552 ],
					"faces": {
						"north": { "texture": "#skin", "uv": [ 17.0, 22.5, 19.5, 26.5 ], "autoUv": false },
						"east": { "texture": "#skin", "uv": [ 19.5, 22.5, 21.5, 26.5 ], "autoUv": false },
						"south": { "texture": "#skin", "uv": [ 21.5, 22.5, 24.0, 26.5 ], "autoUv": false },
						"west": { "texture": "#skin", "uv": [ 24.0, 22.5, 26.0, 26.5 ], "autoUv": false },
						"up": { "texture": "#skin", "uv": [ 17.0, 20.5, 19.5, 22.5 ], "autoUv": false },
						"down": { "texture": "#skin", "uv": [ 19.5, 20.5, 22.0, 22.5 ], "autoUv": false }
					},
					"children": [
						{
							"name": "LFFoot",
							"from": [ -0.115, -0.46, -0.23 ],
							"to": [ 1.265, 0.23, 1.15 ],
							"uv": [ 27.5, 26.0 ],
							"rotationOrigin": [ 0.46, 0.23, 1.15 ],
							"faces": {
								"north": { "texture": "#skin", "uv": [ 27.5, 29.0, 30.5, 30.5 ], "autoUv": false },
								"east": { "texture": "#skin", "uv": [ 30.5, 29.0, 33.5, 30.5 ], "autoUv": false },
								"south": { "texture": "#skin", "uv": [ 33.5, 29.0, 36.5, 30.5 ], "autoUv": false },
								"west": { "texture": "#skin", "uv": [ 36.5, 29.0, 39.5, 30.5 ], "autoUv": false },
								"up": { "texture": "#skin", "uv": [ 27.5, 26.0, 30.5, 29.0 ], "autoUv": false },
								"down": { "texture": "#skin", "uv": [ 30.5, 26.0, 33.5, 29.0 ], "autoUv": false }
							}
						}
					]
				},
				{
					"name": "RFLeg",
					"from": [ 3.772, -1.84, -0.138 ],
					"to": [ 4.922, 0.0, 1.0074 ],
					"uv": [ 17.0, 20.5 ],
					"rotationOrigin": [ 3.772, 0.0, 0.552 ],
					"faces": {
						"north": { "texture": "#skin", "uv": [ 17.0, 22.5, 19.5, 26.5 ], "autoUv": false },
						"east": { "texture": "#skin", "uv": [ 19.5, 22.5, 21.5, 26.5 ], "autoUv": false },
						"south": { "texture": "#skin", "uv": [ 21.5, 22.5, 24.0, 26.5 ], "autoUv": false },
						"west": { "texture": "#skin", "uv": [ 24.0, 22.5, 26.0, 26.5 ], "autoUv": false },
						"up": { "texture": "#skin", "uv": [ 17.0, 20.5, 19.5, 22.5 ], "autoUv": false },
						"down": { "texture": "#skin", "uv": [ 19.5, 20.5, 22.0, 22.5 ], "autoUv": false }
					},
					"children": [
						{
							"name": "RFFoot",
							"from": [ -0.115, -0.46, -0.23 ],
							"to": [ 1.265, 0.23, 1.15 ],
							"uv": [ 27.5, 26.0 ],
							"rotationOrigin": [ 0.46, 0.23, 1.15 ],
							"faces": {
								"north": { "texture": "#skin", "uv": [ 27.5, 29.0, 30.5, 30.5 ], "autoUv": false },
								"east": { "texture": "#skin", "uv": [ 30.5, 29.0, 33.5, 30.5 ], "autoUv": false },
								"south": { "texture": "#skin", "uv": [ 33.5, 29.0, 36.5, 30.5 ], "autoUv": false },
								"west": { "texture": "#skin", "uv": [ 36.5, 29.0, 39.5, 30.5 ], "autoUv": false },
								"up": { "texture": "#skin", "uv": [ 27.5, 26.0, 30.5, 29.0 ], "autoUv": false },
								"down": { "texture": "#skin", "uv": [ 30.5, 26.0, 33.5, 29.0 ], "autoUv": false }
							}
						}
					]
				},
				{
					"name": "RBLeg",
					"from": [ 3.772, -1.84, 5.152 ],
					"to": [ 4.922, 0.0, 6.2974 ],
					"uv": [ 17.0, 20.5 ],
					"rotationOrigin": [ 3.772, 0.0, 5.842 ],
					"faces": {
						"north": { "texture": "#skin", "uv": [ 17.0, 22.5, 19.5, 26.5 ], "autoUv": false },
						"east": { "texture": "#skin", "uv": [ 19.5, 22.5, 21.5, 26.5 ], "autoUv": false },
						"south": { "texture": "#skin", "uv": [ 21.5, 22.5, 24.0, 26.5 ], "autoUv": false },
						"west": { "texture": "#skin", "uv": [ 24.0, 22.5, 26.0, 26.5 ], "autoUv": false },
						"up": { "texture": "#skin", "uv": [ 17.0, 20.5, 19.5, 22.5 ], "autoUv": false },
						"down": { "texture": "#skin", "uv": [ 19.5, 20.5, 22.0, 22.5 ], "autoUv": false }
					},
					"children": [
						{
							"name": "RBFoot",
							"from": [ -0.115, -0.46, -0.23 ],
							"to": [ 1.265, 0.23, 1.15 ],
							"uv": [ 27.5, 26.0 ],
							"rotationOrigin": [ 0.46, 0.23, 1.15 ],
							"faces": {
								"north": { "texture": "#skin", "uv": [ 27.5, 29.0, 30.5, 30.5 ], "autoUv": false },
								"east": { "texture": "#skin", "uv": [ 30.5, 29.0, 33.5, 30.5 ], "autoUv": false },
								"south": { "texture": "#skin", "uv": [ 33.5, 29.0, 36.5, 30.5 ], "autoUv": false },
								"west": { "texture": "#skin", "uv": [ 36.5, 29.0, 39.5, 30.5 ], "autoUv": false },
								"up": { "texture": "#skin", "uv": [ 27.5, 26.0, 30.5, 29.0 ], "autoUv": false },
								"down": { "texture": "#skin", "uv": [ 30.5, 26.0, 33.5, 29.0 ], "autoUv": false }
							}
						}
					]
				},
				{
					"name": "LBLeg",
					"from": [ -0.322, -1.84, 5.152 ],
					"to": [ 0.828, 0.0, 6.2974 ],
					"uv": [ 17.0, 20.5 ],
					"rotationOrigin": [ 0.828, 0.0, 5.842 ],
					"faces": {
						"north": { "texture": "#skin", "uv": [ 17.0, 22.5, 19.5, 26.5 ], "autoUv": false },
						"east": { "texture": "#skin", "uv": [ 19.5, 22.5, 21.5, 26.5 ], "autoUv": false },
						"south": { "texture": "#skin", "uv": [ 21.5, 22.5, 24.0, 26.5 ], "autoUv": false },
						"west": { "texture": "#skin", "uv": [ 24.0, 22.5, 26.0, 26.5 ], "autoUv": false },
						"up": { "texture": "#skin", "uv": [ 17.0, 20.5, 19.5, 22.5 ], "autoUv": false },
						"down": { "texture": "#skin", "uv": [ 19.5, 20.5, 22.0, 22.5 ], "autoUv": false }
					},
					"children": [
						{
							"name": "LBFoot",
							"from": [ -0.115, -0.46, -0.23 ],
							"to": [ 1.265, 0.23, 1.15 ],
							"uv": [ 27.5, 26.0 ],
							"rotationOrigin": [ 0.46, 0.23, 1.15 ],
							"faces": {
								"north": { "texture": "#skin", "uv": [ 27.5, 29.0, 30.5, 30.5 ], "autoUv": false },
								"east": { "texture": "#skin", "uv": [ 30.5, 29.0, 33.5, 30.5 ], "autoUv": false },
								"south": { "texture": "#skin", "uv": [ 33.5, 29.0, 36.5, 30.5 ], "autoUv": false },
								"west": { "texture": "#skin", "uv": [ 36.5, 29.0, 39.5, 30.5 ], "autoUv": false },
								"up": { "texture": "#skin", "uv": [ 27.5, 26.0, 30.5, 29.0 ], "autoUv": false },
								"down": { "texture": "#skin", "uv": [ 30.5, 26.0, 33.5, 29.0 ], "autoUv": false }
							}
						}
					]
				}
			]
		}
	]}