{
	"editor": {
		"allAngles": false,
		"entityTextureMode": true
	},
	"textureWidth": 40,
	"textureHeight": 32,
	"textureSizes": {
	},
	"textures": {
	},
	"elements": [
		{
			"name": "Cube2",
			"from": [ 5.06, 2.8, 4.78 ],
			"to": [ 5.06, 2.8, 4.78 ],
			"uv": [ 0.0, 0.0 ],
			"rotationOrigin": [ 5.06, 2.8, 8.78 ],
			"rotationZ": -15.0,
			"faces": {
				"north": { "texture": "#null", "uv": [ 0.0, 0.5, 0.5, 1.0 ] },
				"east": { "texture": "#null", "uv": [ 0.5, 0.5, 1.0, 1.0 ] },
				"south": { "texture": "#null", "uv": [ 1.0, 0.5, 1.5, 1.0 ] },
				"west": { "texture": "#null", "uv": [ 1.5, 0.5, 2.0, 1.0 ] },
				"up": { "texture": "#null", "uv": [ 0.0, 0.0, 0.5, 0.5 ] },
				"down": { "texture": "#null", "uv": [ 0.5, 0.0, 1.0, 0.5 ] }
			},
			"children": [
				{
					"name": "ShellLower",
					"from": [ 0.0014, 1.6, -0.001 ],
					"to": [ 5.6014, 4.4, 7.839 ],
					"autoUnwrap": false,
					"uv": [ 1.5, 14.0 ],
					"rotationOrigin": [ 2.8014, 1.6, 3.919 ],
					"rotationY": 90.0,
					"faces": {
						"north": { "texture": "#skin", "uv": [ 0.0, 14.0, 10.0, 19.0 ], "autoUv": false, "windMode": [-1,-1,-1,-1] },
						"east": { "texture": "#skin", "uv": [ 10.0, 14.0, 24.0, 19.0 ], "autoUv": false },
						"south": { "texture": "#skin", "uv": [ 0.0, 19.0, 10.0, 24.0 ], "autoUv": false },
						"west": { "texture": "#skin", "uv": [ 24.0, 14.0, 10.0, 19.0 ], "autoUv": false, "windMode": [-1,-1,-1,-1] },
						"up": { "texture": "#skin", "uv": [ 0.0, 0.0, 10.0, 14.0 ], "autoUv": false },
						"down": { "texture": "#skin", "uv": [ 10.0, 0.0, 20.0, 14.0 ], "autoUv": false }
					},
					"children": [
						{
							"name": "ShellUpper",
							"from": [ 0.28, 0.28, 0.56 ],
							"to": [ 5.32, 3.584, 7.28 ],
							"autoUnwrap": false,
							"uv": [ 15.0, 7.5 ],
							"rotationOrigin": [ 0.28, 0.224, 0.56 ],
							"faces": {
								"north": { "texture": "#skin", "uv": [ 31.0, 18.0, 40.0, 23.5 ], "autoUv": false },
								"east": { "texture": "#skin", "uv": [ 28.0, 12.0, 40.0, 17.5 ], "autoUv": false },
								"south": { "texture": "#skin", "uv": [ 31.0, 18.0, 40.0, 23.5 ], "autoUv": false, "windMode": [-1,-1,-1,-1] },
								"west": { "texture": "#skin", "uv": [ 40.0, 12.0, 28.0, 17.5 ], "autoUv": false, "windMode": [-1,-1,-1,-1] },
								"up": { "texture": "#skin", "uv": [ 31.0, 0.0, 40.0, 12.0 ], "autoUv": false },
								"down": { "texture": "#skin", "uv": [ 31.0, 0.0, 40.0, 12.0 ], "autoUv": false }
							}
						},
						{
							"name": "Neck",
							"from": [ 1.96, 0.168, -3.08 ],
							"to": [ 3.64, 1.848, 0.112 ],
							"autoUnwrap": false,
							"uv": [ 19.0, 2.0 ],
							"rotationOrigin": [ 2.8, 0.168, 0.0 ],
							"rotationX": 22.5,
							"faces": {
								"north": { "texture": "#skin", "uv": [ 26.5, 6.5, 29.5, 9.5 ], "autoUv": false },
								"east": { "texture": "#skin", "uv": [ 21.0, 6.5, 26.5, 9.5 ], "autoUv": false },
								"south": { "texture": "#skin", "uv": [ 26.5, 6.5, 29.5, 9.5 ], "autoUv": false },
								"west": { "texture": "#skin", "uv": [ 21.0, 6.5, 26.5, 9.5 ], "autoUv": false },
								"up": { "texture": "#skin", "uv": [ 22.5, 1.0, 25.5, 6.5 ], "autoUv": false },
								"down": { "texture": "#skin", "uv": [ 25.5, 1.0, 28.5, 6.5 ], "autoUv": false }
							},
							"children": [
								{
									"name": "UpperJaw",
									"from": [ -0.14, 0.5824, -1.3664 ],
									"to": [ 1.82, 1.9824, 0.8736 ],
									"autoUnwrap": false,
									"uv": [ 18.5, 1.0 ],
									"rotationOrigin": [ 0.84, 0.58, 0.5936 ],
									"rotationX": -22.5,
									"faces": {
										"north": { "texture": "#skin", "uv": [ 0.0, 29.0, 3.5, 31.5 ], "autoUv": false },
										"east": { "texture": "#skin", "uv": [ 3.5, 29.0, 7.5, 31.5 ], "autoUv": false },
										"south": { "texture": "#skin", "uv": [ 7.5, 29.0, 11.0, 31.5 ], "autoUv": false },
										"west": { "texture": "#skin", "uv": [ 7.5, 29.0, 3.5, 31.5 ], "autoUv": false, "windMode": [-1,-1,-1,-1] },
										"up": { "texture": "#skin", "uv": [ 0.0, 25.0, 3.5, 29.0 ], "autoUv": false },
										"down": { "texture": "#skin", "uv": [ 3.5, 25.0, 7.0, 29.0 ], "autoUv": false }
									},
									"children": [
										{
											"name": "Eye",
											"from": [ -0.056, 0.784, 0.616 ],
											"to": [ 2.016, 1.232, 1.064 ],
											"autoUnwrap": false,
											"uv": [ 21.0, 21.5 ],
											"rotationOrigin": [ -0.056, 0.784, 0.616 ],
											"faces": {
												"north": { "texture": "#skin", "uv": [ 11.5, 20.5, 15.0, 21.0 ], "autoUv": false },
												"east": { "texture": "#skin", "uv": [ 15.0, 20.0, 16.0, 21.0 ], "autoUv": false, "windMode": [-1,-1,-1,-1] },
												"south": { "texture": "#skin", "uv": [ 11.5, 20.5, 15.0, 21.0 ], "autoUv": false },
												"west": { "texture": "#skin", "uv": [ 15.0, 20.0, 16.0, 21.0 ], "rotation": 270, "autoUv": false, "windMode": [-1,-1,-1,-1] },
												"up": { "texture": "#skin", "uv": [ 11.5, 20.0, 15.0, 20.5 ], "autoUv": false },
												"down": { "texture": "#skin", "uv": [ 11.5, 20.0, 15.0, 20.5 ], "autoUv": false }
											}
										},
										{
											"name": "LowerJawJoint",
											"from": [ 0.0028, -0.4431, 1.12 ],
											"to": [ 1.9572, 0.1113, 1.68 ],
											"autoUnwrap": false,
											"uv": [ 11.0, 29.0 ],
											"rotationOrigin": [ 0.98, -0.448, 1.68 ],
											"faces": {
												"north": { "texture": "#skin", "uv": [ 11.0, 30.0, 14.0, 30.5 ], "autoUv": false },
												"east": { "texture": "#skin", "uv": [ 14.5, 30.0, 15.5, 30.5 ], "autoUv": false },
												"south": { "texture": "#skin", "uv": [ 15.5, 30.0, 18.5, 30.5 ], "autoUv": false },
												"west": { "texture": "#skin", "uv": [ 14.5, 30.0, 15.5, 30.5 ], "autoUv": false },
												"up": { "texture": "#skin", "uv": [ 11.0, 29.0, 14.0, 30.0 ], "autoUv": false },
												"down": { "texture": "#skin", "uv": [ 11.0, 29.0, 14.0, 30.0 ], "autoUv": false }
											},
											"children": [
												{
													"name": "LowerJaw",
													"from": [ 0.0028, -0.0056, -1.064 ],
													"to": [ 1.9516, 0.5544, 0.224 ],
													"autoUnwrap": false,
													"uv": [ 7.5, 25.0 ],
													"rotationOrigin": [ 0.98, 0.0, 0.168 ],
													"faces": {
														"north": { "texture": "#skin", "uv": [ 7.5, 27.0, 10.5, 28.0 ], "autoUv": false },
														"east": { "texture": "#skin", "uv": [ 11.0, 27.0, 13.0, 28.0 ], "autoUv": false },
														"south": { "texture": "#skin", "uv": [ 13.0, 27.0, 16.0, 28.0 ], "autoUv": false },
														"west": { "texture": "#skin", "uv": [ 11.0, 27.0, 13.0, 28.0 ], "autoUv": false },
														"up": { "texture": "#skin", "uv": [ 7.5, 25.0, 10.5, 27.0 ], "autoUv": false },
														"down": { "texture": "#skin", "uv": [ 11.0, 25.0, 14.0, 27.0 ], "autoUv": false }
													}
												}
											]
										}
									]
								}
							]
						},
						{
							"name": "LFLeg",
							"from": [ -0.392, -2.24, -0.168 ],
							"to": [ 1.008, 0.0, 1.2264 ],
							"uv": [ 17.0, 20.5 ],
							"rotationOrigin": [ 1.008, 0.0, 0.672 ],
							"rotationX": 20.0,
							"faces": {
								"north": { "texture": "#skin", "uv": [ 17.0, 22.5, 19.5, 26.5 ], "autoUv": false },
								"east": { "texture": "#skin", "uv": [ 19.5, 22.5, 21.5, 26.5 ], "autoUv": false },
								"south": { "texture": "#skin", "uv": [ 21.5, 22.5, 24.0, 26.5 ], "autoUv": false },
								"west": { "texture": "#skin", "uv": [ 24.0, 22.5, 26.0, 26.5 ], "autoUv": false },
								"up": { "texture": "#skin", "uv": [ 17.0, 20.5, 19.5, 22.5 ], "autoUv": false },
								"down": { "texture": "#skin", "uv": [ 19.5, 20.5, 22.0, 22.5 ], "autoUv": false }
							},
							"children": [
								{
									"name": "LFFoot",
									"from": [ -0.14, -0.56, -0.28 ],
									"to": [ 1.54, 0.28, 1.4 ],
									"uv": [ 27.5, 26.0 ],
									"rotationOrigin": [ 0.56, 0.28, 1.4 ],
									"faces": {
										"north": { "texture": "#skin", "uv": [ 27.5, 29.0, 30.5, 30.5 ], "autoUv": false },
										"east": { "texture": "#skin", "uv": [ 30.5, 29.0, 33.5, 30.5 ], "autoUv": false },
										"south": { "texture": "#skin", "uv": [ 33.5, 29.0, 36.5, 30.5 ], "autoUv": false },
										"west": { "texture": "#skin", "uv": [ 36.5, 29.0, 39.5, 30.5 ], "autoUv": false },
										"up": { "texture": "#skin", "uv": [ 27.5, 26.0, 30.5, 29.0 ], "autoUv": false },
										"down": { "texture": "#skin", "uv": [ 30.5, 26.0, 33.5, 29.0 ], "autoUv": false }
									}
								}
							]
						},
						{
							"name": "RFLeg",
							"from": [ 4.592, -2.24, -0.168 ],
							"to": [ 5.992, 0.0, 1.2264 ],
							"uv": [ 17.0, 20.5 ],
							"rotationOrigin": [ 4.592, 0.0, 0.672 ],
							"rotationX": -20.0,
							"faces": {
								"north": { "texture": "#skin", "uv": [ 17.0, 22.5, 19.5, 26.5 ], "autoUv": false },
								"east": { "texture": "#skin", "uv": [ 19.5, 22.5, 21.5, 26.5 ], "autoUv": false },
								"south": { "texture": "#skin", "uv": [ 21.5, 22.5, 24.0, 26.5 ], "autoUv": false },
								"west": { "texture": "#skin", "uv": [ 24.0, 22.5, 26.0, 26.5 ], "autoUv": false },
								"up": { "texture": "#skin", "uv": [ 17.0, 20.5, 19.5, 22.5 ], "autoUv": false },
								"down": { "texture": "#skin", "uv": [ 19.5, 20.5, 22.0, 22.5 ], "autoUv": false }
							},
							"children": [
								{
									"name": "RFFoot",
									"from": [ -0.14, -0.56, -0.28 ],
									"to": [ 1.54, 0.28, 1.4 ],
									"uv": [ 27.5, 26.0 ],
									"rotationOrigin": [ 0.56, 0.28, 1.4 ],
									"faces": {
										"north": { "texture": "#skin", "uv": [ 27.5, 29.0, 30.5, 30.5 ], "autoUv": false },
										"east": { "texture": "#skin", "uv": [ 30.5, 29.0, 33.5, 30.5 ], "autoUv": false },
										"south": { "texture": "#skin", "uv": [ 33.5, 29.0, 36.5, 30.5 ], "autoUv": false },
										"west": { "texture": "#skin", "uv": [ 36.5, 29.0, 39.5, 30.5 ], "autoUv": false },
										"up": { "texture": "#skin", "uv": [ 27.5, 26.0, 30.5, 29.0 ], "autoUv": false },
										"down": { "texture": "#skin", "uv": [ 30.5, 26.0, 33.5, 29.0 ], "autoUv": false }
									}
								}
							]
						},
						{
							"name": "RBLeg",
							"from": [ 4.592, -2.24, 6.272 ],
							"to": [ 5.992, 0.0, 7.6664 ],
							"uv": [ 17.0, 20.5 ],
							"rotationOrigin": [ 4.592, 0.0, 7.112 ],
							"rotationX": -20.0,
							"faces": {
								"north": { "texture": "#skin", "uv": [ 17.0, 22.5, 19.5, 26.5 ], "autoUv": false },
								"east": { "texture": "#skin", "uv": [ 19.5, 22.5, 21.5, 26.5 ], "autoUv": false },
								"south": { "texture": "#skin", "uv": [ 21.5, 22.5, 24.0, 26.5 ], "autoUv": false },
								"west": { "texture": "#skin", "uv": [ 24.0, 22.5, 26.0, 26.5 ], "autoUv": false },
								"up": { "texture": "#skin", "uv": [ 17.0, 20.5, 19.5, 22.5 ], "autoUv": false },
								"down": { "texture": "#skin", "uv": [ 19.5, 20.5, 22.0, 22.5 ], "autoUv": false }
							},
							"children": [
								{
									"name": "RBFoot",
									"from": [ -0.14, -0.56, -0.28 ],
									"to": [ 1.54, 0.28, 1.4 ],
									"uv": [ 27.5, 26.0 ],
									"rotationOrigin": [ 0.56, 0.28, 1.4 ],
									"faces": {
										"north": { "texture": "#skin", "uv": [ 27.5, 29.0, 30.5, 30.5 ], "autoUv": false },
										"east": { "texture": "#skin", "uv": [ 30.5, 29.0, 33.5, 30.5 ], "autoUv": false },
										"south": { "texture": "#skin", "uv": [ 33.5, 29.0, 36.5, 30.5 ], "autoUv": false },
										"west": { "texture": "#skin", "uv": [ 36.5, 29.0, 39.5, 30.5 ], "autoUv": false },
										"up": { "texture": "#skin", "uv": [ 27.5, 26.0, 30.5, 29.0 ], "autoUv": false },
										"down": { "texture": "#skin", "uv": [ 30.5, 26.0, 33.5, 29.0 ], "autoUv": false }
									}
								}
							]
						},
						{
							"name": "LBLeg",
							"from": [ -0.392, -2.24, 6.272 ],
							"to": [ 1.008, 0.0, 7.6664 ],
							"uv": [ 17.0, 20.5 ],
							"rotationOrigin": [ 1.008, 0.0, 7.112 ],
							"rotationX": -20.0,
							"faces": {
								"north": { "texture": "#skin", "uv": [ 17.0, 22.5, 19.5, 26.5 ], "autoUv": false },
								"east": { "texture": "#skin", "uv": [ 19.5, 22.5, 21.5, 26.5 ], "autoUv": false },
								"south": { "texture": "#skin", "uv": [ 21.5, 22.5, 24.0, 26.5 ], "autoUv": false },
								"west": { "texture": "#skin", "uv": [ 24.0, 22.5, 26.0, 26.5 ], "autoUv": false },
								"up": { "texture": "#skin", "uv": [ 17.0, 20.5, 19.5, 22.5 ], "autoUv": false },
								"down": { "texture": "#skin", "uv": [ 19.5, 20.5, 22.0, 22.5 ], "autoUv": false }
							},
							"children": [
								{
									"name": "LBFoot",
									"from": [ -0.14, -0.56, -0.28 ],
									"to": [ 1.54, 0.28, 1.4 ],
									"uv": [ 27.5, 26.0 ],
									"rotationOrigin": [ 0.56, 0.28, 1.4 ],
									"faces": {
										"north": { "texture": "#skin", "uv": [ 27.5, 29.0, 30.5, 30.5 ], "autoUv": false },
										"east": { "texture": "#skin", "uv": [ 30.5, 29.0, 33.5, 30.5 ], "autoUv": false },
										"south": { "texture": "#skin", "uv": [ 33.5, 29.0, 36.5, 30.5 ], "autoUv": false },
										"west": { "texture": "#skin", "uv": [ 36.5, 29.0, 39.5, 30.5 ], "autoUv": false },
										"up": { "texture": "#skin", "uv": [ 27.5, 26.0, 30.5, 29.0 ], "autoUv": false },
										"down": { "texture": "#skin", "uv": [ 30.5, 26.0, 33.5, 29.0 ], "autoUv": false }
									}
								}
							]
						}
					]
				}
			]
		}
	]}