{
	"code": "bonebow",
	"class": "ItemBow",
	"maxstacksize": 1,
	"durability": 850,
	"shape": {
		"base": "item/tool/bow/bonebow",
		"alternates": [
			{ "base": "item/tool/bow/bonebow-charge1" },
			{ "base": "item/tool/bow/bonebow-charge2" },
			{ "base": "item/tool/bow/bonebow-charge3" }
		]
	},
	"tool": "bow",
	"creativeinventory": { "general": ["*"], "items": ["*"], "tools": ["*"] },
	"attributes": {
		"heldItemPitchFollow": 1,
		"aimAnimation": "bowaim",
		"damage": 6,
		"accuracyBonus": 0.3,
		"toolrackTransform": {
			"rotation": { "x": 2, "y": 5, "z": 0 },
			"translation": { "x": 0.2, "y": 0.95 },
			"scale": 1.76
		},
		"groundStorageTransform": {
			"translation": { "x": -0.4, "y": 0.1, "z": 0.28 },
			"rotation": { "x": 20, "y": -180, "z": -90 },
			"scale": 0.83
		}
	},
	"behaviors": [{ 
		"name": "GroundStorable",
		"properties": {
			"layout": "WallHalves",
			"wallOffY": 2,
			"sprintKey": true,
			"selectionBox": { "x1": 0, "y1": 0, "z1": 0, "x2": 1, "y2": 0.1, "z2": 1 },
			"collisionBox": { "x1": 0, "y1": 0, "z1": 0, "x2": 0, "y2": 0, "z2": 0 }
		}
	}],
	"fpHandTransform": {
		"translation": { "x": 0, "y": 0.5, "z": 0 },
		"rotation": { "x": 4, "y": 1, "z": 84 },
		"origin": { "x": 0.5, "y": 0, "z": 0.5 },
		"scale": 2.42
	},
	"guiTransform": {
		"translation": { "x": 0, "y": 0, "z": 0 },
		"rotation": { "x": -129, "y": 25, "z": 41 },
		"origin": { "x": 0.47, "y": 0, "z": 0.55 },
		"scale": 1.36
	},
	"groundTransform": {
		"translation": { "x": 0, "y": 0, "z": 0 },
		"rotation": { "x": 0, "y": 0, "z": 0 },
		"origin": { "x": 0.5, "y": 0, "z": 0.5 },
		"scale": 4.8
	},
	"tpHandTransform": {
		"translation": { "x": -0.52, "y": 0.01, "z": -0.54 },
		"rotation": { "x": 107, "y": 11, "z": 10 },
		"origin": { "x": 0.5, "y": 0, "z": 0.5 },
		"scale": 0.93
	}
}