{
	"editor": {
		"collapsedPaths": "Root/_small",
		"allAngles": false,
		"entityTextureMode": false
	},
	"textureWidth": 16,
	"textureHeight": 16,
	"textureSizes": {
	},
	"textures": {
	},
	"elements": [
		{
			"name": "_small",
			"from": [ 8.0, 2.0, 8.0 ],
			"to": [ 8.0, 2.0, 8.0 ],
			"rotationOrigin": [ 8.0, 2.0, 8.0 ],
			"faces": {
				"north": { "texture": "#null", "uv": [ 0.0, 0.0, 0.5, 0.5 ] },
				"east": { "texture": "#null", "uv": [ 0.0, 0.0, 0.5, 0.5 ] },
				"south": { "texture": "#null", "uv": [ 0.0, 0.0, 0.5, 0.5 ] },
				"west": { "texture": "#null", "uv": [ 0.0, 0.0, 0.5, 0.5 ] },
				"up": { "texture": "#null", "uv": [ 0.0, 0.0, 0.5, 0.5 ] },
				"down": { "texture": "#null", "uv": [ 0.0, 0.0, 0.5, 0.5 ] }
			},
			"children": [
				{
					"name": "Cube3",
					"from": [ -9.0, -1.48, -9.0 ],
					"to": [ -9.0, -1.48, -9.0 ],
					"rotationOrigin": [ 0.0, 0.055, 0.0 ],
					"faces": {
						"north": { "texture": "#default", "uv": [ 0.0, 0.0, 0.5, 0.5 ], "autoUv": false },
						"east": { "texture": "#default", "uv": [ 0.0, 0.0, 0.5, 0.5 ], "autoUv": false },
						"south": { "texture": "#default", "uv": [ 0.0, 0.0, 0.5, 0.5 ], "autoUv": false },
						"west": { "texture": "#default", "uv": [ 0.0, 0.0, 0.5, 0.5 ], "autoUv": false },
						"up": { "texture": "#default", "uv": [ 0.0, 0.0, 0.5, 0.5 ], "autoUv": false },
						"down": { "texture": "#default", "uv": [ 0.0, 0.0, 0.5, 0.5 ], "autoUv": false }
					},
					"children": [
						{
							"name": "_origin2",
							"from": [ 9.0, 0.0, 9.0 ],
							"to": [ 9.0, 0.0, 9.0 ],
							"rotationOrigin": [ 9.0, 0.0562, 9.0 ],
							"faces": {
								"north": { "texture": "#default", "uv": [ 0.0, 0.0, 0.5, 0.5 ], "autoUv": false },
								"east": { "texture": "#default", "uv": [ 0.0, 0.0, 0.5, 0.5 ], "autoUv": false },
								"south": { "texture": "#default", "uv": [ 0.0, 0.0, 0.5, 0.5 ], "autoUv": false },
								"west": { "texture": "#default", "uv": [ 0.0, 0.0, 0.5, 0.5 ], "autoUv": false },
								"up": { "texture": "#default", "uv": [ 0.0, 0.0, 0.5, 0.5 ], "autoUv": false },
								"down": { "texture": "#default", "uv": [ 0.0, 0.0, 0.5, 0.5 ], "autoUv": false }
							},
							"children": [
								{
									"name": "_prism2",
									"from": [ -0.675, 1.8562, 3.9375 ],
									"to": [ -0.675, 1.8562, 3.9375 ],
									"rotationOrigin": [ -0.675, 1.9687, 3.375 ],
									"rotationX": -90.0,
									"faces": {
										"north": { "texture": "#default", "uv": [ 0.0, 13.0, 0.5, 13.5 ], "autoUv": false },
										"east": { "texture": "#default", "uv": [ 1.5, 3.0, 2.0, 3.5 ], "autoUv": false },
										"south": { "texture": "#default", "uv": [ 5.5, 7.0, 6.0, 7.5 ], "autoUv": false },
										"west": { "texture": "#default", "uv": [ 5.5, 6.5, 6.0, 7.0 ], "autoUv": false },
										"up": { "texture": "#default", "uv": [ 11.0, 1.5, 11.5, 2.0 ], "autoUv": false },
										"down": { "texture": "#default", "uv": [ 1.0, 0.0, 1.5, 0.5 ], "autoUv": false }
									},
									"children": [
										{
											"name": "_mainbody-capfront2",
											"from": [ 0.0, 0.0, 0.0 ],
											"to": [ 0.0, 0.0, 0.0 ],
											"faces": {
												"north": { "texture": "#default", "uv": [ 0.0, 0.0, 0.5, 0.5 ], "autoUv": false },
												"east": { "texture": "#default", "uv": [ 0.0, 0.0, 0.5, 0.5 ], "autoUv": false },
												"south": { "texture": "#default", "uv": [ 0.0, 0.0, 0.5, 0.5 ], "autoUv": false },
												"west": { "texture": "#default", "uv": [ 0.0, 0.0, 0.5, 0.5 ], "autoUv": false },
												"up": { "texture": "#default", "uv": [ 0.0, 0.0, 0.5, 0.5 ], "autoUv": false },
												"down": { "texture": "#default", "uv": [ 0.0, 0.0, 0.5, 0.5 ], "autoUv": false }
											},
											"children": [
												{
													"name": "mainbody-capfront-1-8",
													"from": [ -0.0843, 2.79, -3.2001 ],
													"to": [ 0.0, 4.14, -2.5252 ],
													"rotationOrigin": [ 0.0, 2.7904, -2.5252 ],
													"rotationX": -180.0,
													"rotationY": 60.0,
													"rotationZ": 180.0,
													"faces": {
														"east": { "texture": "#material1", "uv": [ 0.0, 0.0, 4.0, 2.0 ], "glow": 200, "autoUv": false },
														"up": { "texture": "#material1", "uv": [ 0.0, 0.0, 0.5, 0.5 ], "glow": 200, "autoUv": false },
														"down": { "texture": "#material1", "uv": [ 0.0, 0.0, 0.5, 0.5 ], "glow": 200, "autoUv": false }
													}
												},
												{
													"name": "mainbody-capfront-1-9",
													"from": [ 1.35, 2.79, -3.2001 ],
													"to": [ 1.4344, 4.14, -2.5252 ],
													"rotationOrigin": [ 1.35, 2.7904, -2.5252 ],
													"rotationX": -180.0,
													"rotationY": -60.0,
													"rotationZ": 180.0,
													"faces": {
														"west": { "texture": "#material1", "uv": [ 0.0, 0.0, 4.0, 2.0 ], "glow": 200, "autoUv": false },
														"up": { "texture": "#material1", "uv": [ 0.0, 0.0, 0.5, 0.5 ], "glow": 200, "autoUv": false },
														"down": { "texture": "#material1", "uv": [ 0.0, 0.0, 0.5, 0.5 ], "glow": 200, "autoUv": false }
													}
												},
												{
													"name": "mainbody-capfront-1-10",
													"from": [ 1.9345, 2.79, -2.8626 ],
													"to": [ 2.019, 4.14, -2.1876 ],
													"rotationOrigin": [ 1.9345, 2.7904, -2.1877 ],
													"rotationX": -180.0,
													"rotationY": -30.0,
													"rotationZ": 180.0,
													"faces": {
														"west": { "texture": "#material1", "uv": [ 0.0, 0.0, 4.0, 2.0 ], "glow": 200, "autoUv": false },
														"up": { "texture": "#material1", "uv": [ 0.0, 0.0, 0.5, 0.5 ], "glow": 200, "autoUv": false },
														"down": { "texture": "#material1", "uv": [ 0.0, 0.0, 0.5, 0.5 ], "glow": 200, "autoUv": false }
													},
													"children": [
														{
															"name": "mainbody-capfront-1-53",
															"from": [ 0.0, 0.0, -1.35 ],
															"to": [ 0.0844, 1.35, 0.0 ],
															"rotationOrigin": [ 0.0, 4.0E-4, 0.0 ],
															"rotationY": -30.0,
															"faces": {
																"west": { "texture": "#material1", "uv": [ 0.0, 0.0, 4.0, 4.0 ], "glow": 200, "autoUv": false },
																"up": { "texture": "#material1", "uv": [ 0.0, 0.0, 0.5, 1.0 ], "glow": 200, "autoUv": false },
																"down": { "texture": "#material1", "uv": [ 0.0, 0.0, 0.5, 1.0 ], "glow": 200, "autoUv": false }
															}
														}
													]
												},
												{
													"name": "mainbody-capfront-1-11",
													"from": [ -0.6689, 2.79, -2.8626 ],
													"to": [ -0.5845, 4.14, -2.1876 ],
													"rotationOrigin": [ -0.5845, 2.7904, -2.1877 ],
													"rotationX": -180.0,
													"rotationY": 30.0,
													"rotationZ": 180.0,
													"faces": {
														"east": { "texture": "#material1", "uv": [ 0.0, 0.0, 4.0, 2.0 ], "glow": 200, "autoUv": false },
														"up": { "texture": "#material1", "uv": [ 0.0, 0.0, 0.5, 0.5 ], "glow": 200, "autoUv": false },
														"down": { "texture": "#material1", "uv": [ 0.0, 0.0, 0.5, 0.5 ], "glow": 200, "autoUv": false }
													},
													"children": [
														{
															"name": "mainbody-capfront-1-54",
															"from": [ 0.0, 0.0, -1.35 ],
															"to": [ 0.0844, 1.35, 0.0 ],
															"rotationOrigin": [ 0.0844, 4.0E-4, 0.0 ],
															"rotationY": 30.0,
															"faces": {
																"east": { "texture": "#material1", "uv": [ 0.0, 0.0, 4.0, 4.0 ], "glow": 200, "autoUv": false },
																"up": { "texture": "#material1", "uv": [ 0.0, 0.0, 0.5, 1.0 ], "glow": 200, "autoUv": false },
																"down": { "texture": "#material1", "uv": [ 0.0, 0.0, 0.5, 1.0 ], "glow": 200, "autoUv": false }
															}
														}
													]
												},
												{
													"name": "mainbody-capfront-2-4",
													"from": [ -0.6675, 4.0499, -3.1972 ],
													"to": [ 0.0075, 4.1342, -2.5222 ],
													"rotationOrigin": [ 0.0075, 4.1342, -2.5114 ],
													"rotationX": -165.048,
													"rotationY": 60.054,
													"rotationZ": 107.071,
													"faces": {
														"north": { "texture": "#material1", "uv": [ 0.0, 0.0, 0.5, 0.5 ], "glow": 200, "autoUv": false },
														"west": { "texture": "#material1", "uv": [ 0.0, 0.0, 0.5, 0.5 ], "glow": 200, "autoUv": false },
														"up": { "texture": "#material1", "uv": [ 0.0, 0.0, 2.0, 2.0 ], "glow": 200, "autoUv": false }
													}
												},
												{
													"name": "mainbody-capfront-2-5",
													"from": [ -1.0903, 4.342, -1.5824 ],
													"to": [ -0.4153, 4.4263, -0.9074 ],
													"rotationOrigin": [ -0.7528, 4.4263, -1.5824 ],
													"rotationX": 163.888,
													"rotationY": 25.513,
													"rotationZ": 123.8,
													"faces": {
														"east": { "texture": "#material1", "uv": [ 0.0, 0.0, 0.5, 0.5 ], "glow": 200, "autoUv": false },
														"south": { "texture": "#material1", "uv": [ 0.0, 0.0, 0.5, 0.5 ], "glow": 200, "autoUv": false },
														"west": { "texture": "#material1", "uv": [ 0.0, 0.0, 0.5, 0.5 ], "glow": 200, "autoUv": false },
														"up": { "texture": "#material1", "uv": [ 0.0, 0.0, 2.0, 2.0 ], "glow": 200, "autoUv": false }
													}
												},
												{
													"name": "mainbody-capfront-2-6",
													"from": [ -0.6281, 4.8019, -1.583 ],
													"to": [ 0.0469, 4.8862, -0.908 ],
													"rotationOrigin": [ -0.2906, 4.8862, -1.583 ],
													"rotationX": 153.454,
													"rotationY": 14.316,
													"rotationZ": 153.509,
													"faces": {
														"east": { "texture": "#material1", "uv": [ 0.0, 0.0, 0.5, 0.5 ], "glow": 200, "autoUv": false },
														"south": { "texture": "#material1", "uv": [ 0.0, 0.0, 0.5, 0.5 ], "glow": 200, "autoUv": false },
														"west": { "texture": "#material1", "uv": [ 0.0, 0.0, 0.5, 0.5 ], "glow": 200, "autoUv": false },
														"up": { "texture": "#material1", "uv": [ 0.0, 0.0, 2.0, 2.0 ], "glow": 200, "autoUv": false }
													}
												},
												{
													"name": "mainbody-capfront-5-4",
													"from": [ 0.675, 4.0467, -3.1972 ],
													"to": [ 1.35, 4.131, -2.5222 ],
													"rotationOrigin": [ 1.35, 4.131, -2.5114 ],
													"rotationX": 119.1,
													"rotationY": 7.4,
													"rotationZ": -149.9,
													"faces": {
														"north": { "texture": "#material1", "uv": [ 0.0, 0.0, 0.5, 0.5 ], "glow": 200, "autoUv": false },
														"west": { "texture": "#material1", "uv": [ 0.0, 0.0, 0.5, 0.5 ], "glow": 200, "autoUv": false },
														"up": { "texture": "#material1", "uv": [ 0.0, 0.0, 2.0, 2.0 ], "glow": 200, "autoUv": false }
													}
												},
												{
													"name": "mainbody-capfront-5-5",
													"from": [ 1.3045, 4.8068, -1.5824 ],
													"to": [ 1.9795, 4.8911, -0.9074 ],
													"rotationOrigin": [ 1.642, 4.8911, -1.5824 ],
													"rotationX": 153.583,
													"rotationY": -14.504,
													"rotationZ": -153.292,
													"faces": {
														"east": { "texture": "#material1", "uv": [ 6.0, 0.5, 6.5, 1.0 ], "glow": 200, "autoUv": false },
														"south": { "texture": "#material1", "uv": [ 5.5, 0.5, 6.0, 1.0 ], "glow": 200, "autoUv": false },
														"west": { "texture": "#material1", "uv": [ 2.0, 6.5, 2.5, 7.0 ], "glow": 200, "autoUv": false },
														"up": { "texture": "#material1", "uv": [ 0.0, 0.0, 2.0, 2.0 ], "glow": 200, "autoUv": false }
													}
												},
												{
													"name": "mainbody-capfront-5-6",
													"from": [ 1.7645, 4.3447, -1.583 ],
													"to": [ 2.4395, 4.429, -0.908 ],
													"rotationOrigin": [ 2.102, 4.429, -1.583 ],
													"rotationX": 164.078,
													"rotationY": -25.66,
													"rotationZ": -123.533,
													"faces": {
														"east": { "texture": "#material1", "uv": [ 0.0, 0.0, 0.5, 0.5 ], "glow": 200, "autoUv": false },
														"south": { "texture": "#material1", "uv": [ 0.0, 0.0, 0.5, 0.5 ], "glow": 200, "autoUv": false },
														"west": { "texture": "#material1", "uv": [ 0.0, 0.0, 0.5, 0.5 ], "glow": 200, "autoUv": false },
														"up": { "texture": "#material1", "uv": [ 0.0, 0.0, 2.0, 2.0 ], "glow": 200, "autoUv": false }
													}
												},
												{
													"name": "mainbody-capfront-1-12",
													"from": [ 1.3492, 4.978, -1.6031 ],
													"to": [ 2.7009, 5.0624, -0.9281 ],
													"rotationOrigin": [ 1.35, 5.0624, -1.6031 ],
													"rotationX": 150.0,
													"rotationZ": -180.0,
													"faces": {
														"east": { "texture": "#material1", "uv": [ 0.0, 0.0, 0.5, 0.5 ], "glow": 200, "autoUv": false },
														"west": { "texture": "#material1", "uv": [ 0.0, 0.0, 0.5, 0.5 ], "glow": 200, "autoUv": false },
														"up": { "texture": "#material1", "uv": [ 0.0, 0.0, 4.0, 2.0 ], "glow": 200, "autoUv": false }
													},
													"children": [
														{
															"name": "mainbody-capfront-1-55",
															"from": [ 0.0, 0.0, -1.35 ],
															"to": [ 1.3517, 0.0844, 0.0 ],
															"rotationOrigin": [ 8.0E-4, 0.0844, 0.0 ],
															"rotationX": -30.0,
															"faces": {
																"east": { "texture": "#material1", "uv": [ 0.0, 0.0, 1.0, 0.5 ], "glow": 200, "autoUv": false },
																"west": { "texture": "#material1", "uv": [ 0.0, 0.0, 1.0, 0.5 ], "glow": 200, "autoUv": false },
																"up": { "texture": "#material1", "uv": [ 0.0, 0.0, 4.0, 4.0 ], "glow": 200, "autoUv": false }
															}
														}
													]
												},
												{
													"name": "mainbody-capfront-1-13",
													"from": [ 1.35, 4.6405, -2.1877 ],
													"to": [ 2.7, 4.7249, -1.5127 ],
													"rotationOrigin": [ 1.35, 4.7249, -2.1877 ],
													"rotationX": 120.0,
													"rotationZ": -180.0,
													"faces": {
														"east": { "texture": "#material1", "uv": [ 0.0, 0.0, 0.5, 0.5 ], "glow": 200, "autoUv": false },
														"west": { "texture": "#material1", "uv": [ 0.0, 0.0, 0.5, 0.5 ], "glow": 200, "autoUv": false },
														"up": { "texture": "#material1", "uv": [ 0.0, 0.0, 4.0, 2.0 ], "glow": 200, "autoUv": false }
													}
												},
												{
													"name": "mainbody-capfront-1-14",
													"from": [ 1.35, 4.0561, -2.525 ],
													"to": [ 2.7, 4.1404, -1.175 ],
													"rotationOrigin": [ 1.35, 4.1404, -2.5252 ],
													"rotationX": 90.0,
													"rotationZ": -180.0,
													"faces": {
														"up": { "texture": "#material1", "uv": [ 0.0, 0.0, 4.0, 4.0 ], "glow": 200, "autoUv": false }
													}
												},
												{
													"name": "Cube49",
													"from": [ 1.35, -0.675, -3.2175 ],
													"to": [ 1.35, -0.675, -3.2175 ],
													"rotationOrigin": [ 1.35, 0.0, -3.2175 ],
													"rotationX": 180.0,
													"rotationZ": 180.0,
													"faces": {
														"north": { "texture": "#default", "uv": [ 0.0, 0.0, 0.5, 0.5 ], "autoUv": false },
														"east": { "texture": "#default", "uv": [ 0.0, 0.0, 0.5, 0.5 ], "autoUv": false },
														"south": { "texture": "#default", "uv": [ 0.0, 0.0, 0.5, 0.5 ], "autoUv": false },
														"west": { "texture": "#default", "uv": [ 0.0, 0.0, 0.5, 0.5 ], "autoUv": false },
														"up": { "texture": "#default", "uv": [ 0.0, 0.0, 0.5, 0.5 ], "autoUv": false },
														"down": { "texture": "#default", "uv": [ 0.0, 0.0, 0.5, 0.5 ], "autoUv": false }
													},
													"children": [
														{
															"name": "mainbody-capfront-3-60",
															"from": [ 0.675, 3.3949, -1.392 ],
															"to": [ 1.35, 3.4793, -0.717 ],
															"rotationOrigin": [ 1.35, 3.4793, -0.7061 ],
															"rotationX": -60.9,
															"rotationY": 7.4,
															"rotationZ": -149.9,
															"faces": {
																"north": { "texture": "#material1", "uv": [ 0.0, 0.0, 0.5, 0.5 ], "glow": 200, "autoUv": false },
																"west": { "texture": "#material1", "uv": [ 0.0, 0.0, 0.5, 0.5 ], "glow": 200, "autoUv": false },
																"up": { "texture": "#material1", "uv": [ 0.0, 0.0, 2.0, 2.0 ], "glow": 200, "autoUv": false }
															}
														},
														{
															"name": "mainbody-capfront-3-61",
															"from": [ 1.3045, 2.6347, -1.635 ],
															"to": [ 1.9795, 2.7191, -0.96 ],
															"rotationOrigin": [ 1.642, 2.7191, -1.635 ],
															"rotationX": -26.417,
															"rotationY": -14.504,
															"rotationZ": -153.292,
															"faces": {
																"east": { "texture": "#material1", "uv": [ 0.0, 0.0, 0.5, 0.5 ], "glow": 200, "autoUv": false },
																"south": { "texture": "#material1", "uv": [ 0.0, 0.0, 0.5, 0.5 ], "glow": 200, "autoUv": false },
																"west": { "texture": "#material1", "uv": [ 0.0, 0.0, 0.5, 0.5 ], "glow": 200, "autoUv": false },
																"up": { "texture": "#material1", "uv": [ 0.0, 0.0, 2.0, 2.0 ], "glow": 200, "autoUv": false }
															}
														},
														{
															"name": "mainbody-capfront-3-62",
															"from": [ 1.7644, 3.0969, -1.6345 ],
															"to": [ 2.4394, 3.1813, -0.9595 ],
															"rotationOrigin": [ 2.1019, 3.1813, -1.6345 ],
															"rotationX": -15.922,
															"rotationY": -25.66,
															"rotationZ": -123.533,
															"faces": {
																"east": { "texture": "#material1", "uv": [ 0.0, 0.0, 0.5, 0.5 ], "glow": 200, "autoUv": false },
																"south": { "texture": "#material1", "uv": [ 0.0, 0.0, 0.5, 0.5 ], "glow": 200, "autoUv": false },
																"west": { "texture": "#material1", "uv": [ 0.0, 0.0, 0.5, 0.5 ], "glow": 200, "autoUv": false },
																"up": { "texture": "#material1", "uv": [ 0.0, 0.0, 2.0, 2.0 ], "glow": 200, "autoUv": false }
															}
														},
														{
															"name": "mainbody-capfront-4-63",
															"from": [ -0.6675, 3.3917, -1.392 ],
															"to": [ 0.0075, 3.4762, -0.717 ],
															"rotationOrigin": [ 0.0075, 3.4762, -0.7061 ],
															"rotationX": 14.952,
															"rotationY": 60.054,
															"rotationZ": 107.071,
															"faces": {
																"north": { "texture": "#material1", "uv": [ 0.0, 0.0, 0.5, 0.5 ], "glow": 200, "autoUv": false },
																"west": { "texture": "#material1", "uv": [ 0.0, 0.0, 0.5, 0.5 ], "glow": 200, "autoUv": false },
																"up": { "texture": "#material1", "uv": [ 0.0, 0.0, 2.0, 2.0 ], "glow": 200, "autoUv": false }
															}
														},
														{
															"name": "mainbody-capfront-4-64",
															"from": [ -1.0903, 3.0997, -1.635 ],
															"to": [ -0.4153, 3.1841, -0.96 ],
															"rotationOrigin": [ -0.7528, 3.1841, -1.635 ],
															"rotationX": -16.112,
															"rotationY": 25.513,
															"rotationZ": 123.8,
															"faces": {
																"east": { "texture": "#material1", "uv": [ 0.0, 0.0, 0.5, 0.5 ], "glow": 200, "autoUv": false },
																"south": { "texture": "#material1", "uv": [ 0.0, 0.0, 0.5, 0.5 ], "glow": 200, "autoUv": false },
																"west": { "texture": "#material1", "uv": [ 0.0, 0.0, 0.5, 0.5 ], "glow": 200, "autoUv": false },
																"up": { "texture": "#material1", "uv": [ 0.0, 0.0, 2.0, 2.0 ], "glow": 200, "autoUv": false }
															}
														},
														{
															"name": "mainbody-capfront-4-65",
															"from": [ -0.6281, 2.6397, -1.6345 ],
															"to": [ 0.0469, 2.7241, -0.9595 ],
															"rotationOrigin": [ -0.2906, 2.7241, -1.6345 ],
															"rotationX": -26.545,
															"rotationY": 14.316,
															"rotationZ": 153.509,
															"faces": {
																"east": { "texture": "#material1", "uv": [ 0.0, 0.0, 0.5, 0.5 ], "glow": 200, "autoUv": false },
																"south": { "texture": "#material1", "uv": [ 0.0, 0.0, 0.5, 0.5 ], "glow": 200, "autoUv": false },
																"west": { "texture": "#material1", "uv": [ 0.0, 0.0, 0.5, 0.5 ], "glow": 200, "autoUv": false },
																"up": { "texture": "#material1", "uv": [ 0.0, 0.0, 2.0, 2.0 ], "glow": 200, "autoUv": false }
															}
														},
														{
															"name": "mainbody-capfront-1-65",
															"from": [ -8.0E-4, 2.7963, -1.0298 ],
															"to": [ 1.3509, 2.8807, -0.3548 ],
															"rotationOrigin": [ 0.0, 2.8807, -1.0298 ],
															"rotationX": 150.0,
															"faces": {
																"east": { "texture": "#material1", "uv": [ 0.0, 0.0, 0.5, 0.5 ], "glow": 200, "autoUv": false },
																"west": { "texture": "#material1", "uv": [ 0.0, 0.0, 0.5, 0.5 ], "glow": 200, "autoUv": false },
																"up": { "texture": "#material1", "uv": [ 0.0, 0.0, 4.0, 2.0 ], "glow": 200, "autoUv": false }
															},
															"children": [
																{
																	"name": "mainbody-capfront-1-56",
																	"from": [ 0.0, 0.0, 0.675 ],
																	"to": [ 1.3517, 0.0844, 2.025 ],
																	"rotationOrigin": [ 8.0E-4, 0.0844, 0.675 ],
																	"rotationX": 30.0,
																	"faces": {
																		"east": { "texture": "#material1", "uv": [ 0.0, 0.0, 1.0, 0.5 ], "glow": 200, "autoUv": false },
																		"west": { "texture": "#material1", "uv": [ 0.0, 0.0, 1.0, 0.5 ], "glow": 200, "autoUv": false },
																		"up": { "texture": "#material1", "uv": [ 0.0, 0.0, 4.0, 4.0 ], "glow": 200, "autoUv": false }
																	}
																}
															]
														},
														{
															"name": "mainbody-capfront-1-66",
															"from": [ 0.0, 3.3808, -0.6923 ],
															"to": [ 1.35, 3.4653, -0.0173 ],
															"rotationOrigin": [ 0.1687, 3.4654, -0.6923 ],
															"rotationX": 120.0,
															"faces": {
																"east": { "texture": "#material1", "uv": [ 0.0, 0.0, 0.5, 0.5 ], "glow": 200, "autoUv": false },
																"west": { "texture": "#material1", "uv": [ 0.0, 0.0, 0.5, 0.5 ], "glow": 200, "autoUv": false },
																"up": { "texture": "#material1", "uv": [ 0.0, 0.0, 4.0, 2.0 ], "glow": 200, "autoUv": false }
															}
														}
													]
												}
											]
										},
										{
											"name": "_mainbody-capback2",
											"from": [ -1.35, 0.0, 4.5675 ],
											"to": [ -1.35, 0.0, 4.5675 ],
											"rotationOrigin": [ 0.0, 0.0, 1.35 ],
											"rotationY": 180.0,
											"faces": {
												"north": { "texture": "#default", "uv": [ 0.0, 0.0, 0.5, 0.5 ], "autoUv": false },
												"east": { "texture": "#default", "uv": [ 0.0, 0.0, 0.5, 0.5 ], "autoUv": false },
												"south": { "texture": "#default", "uv": [ 0.0, 0.0, 0.5, 0.5 ], "autoUv": false },
												"west": { "texture": "#default", "uv": [ 0.0, 0.0, 0.5, 0.5 ], "autoUv": false },
												"up": { "texture": "#default", "uv": [ 0.0, 0.0, 0.5, 0.5 ], "autoUv": false },
												"down": { "texture": "#default", "uv": [ 0.0, 0.0, 0.5, 0.5 ], "autoUv": false }
											},
											"children": [
												{
													"name": "mainbody-capback-1-10",
													"from": [ -0.0843, 2.79, -3.2001 ],
													"to": [ 0.0, 4.14, -2.5252 ],
													"rotationOrigin": [ 0.0, 2.7904, -2.5252 ],
													"rotationX": -180.0,
													"rotationY": 60.0,
													"rotationZ": 180.0,
													"faces": {
														"east": { "texture": "#material1", "uv": [ 0.0, 0.0, 4.0, 2.0 ], "glow": 200, "autoUv": false },
														"up": { "texture": "#material1", "uv": [ 0.0, 0.0, 0.5, 0.5 ], "glow": 200, "autoUv": false },
														"down": { "texture": "#material1", "uv": [ 0.0, 0.0, 0.5, 0.5 ], "glow": 200, "autoUv": false }
													}
												},
												{
													"name": "mainbody-capback-1-11",
													"from": [ 1.35, 2.79, -3.2001 ],
													"to": [ 1.4344, 4.14, -2.5252 ],
													"rotationOrigin": [ 1.35, 2.7904, -2.5252 ],
													"rotationX": -180.0,
													"rotationY": -60.0,
													"rotationZ": 180.0,
													"faces": {
														"west": { "texture": "#material1", "uv": [ 0.0, 0.0, 4.0, 2.0 ], "glow": 200, "autoUv": false },
														"up": { "texture": "#material1", "uv": [ 0.0, 0.0, 0.5, 0.5 ], "glow": 200, "autoUv": false },
														"down": { "texture": "#material1", "uv": [ 0.0, 0.0, 0.5, 0.5 ], "glow": 200, "autoUv": false }
													}
												},
												{
													"name": "mainbody-capback-1-12",
													"from": [ 1.9345, 2.79, -2.8626 ],
													"to": [ 2.019, 4.14, -2.1876 ],
													"rotationOrigin": [ 1.9345, 2.7904, -2.1877 ],
													"rotationX": -180.0,
													"rotationY": -30.0,
													"rotationZ": 180.0,
													"faces": {
														"west": { "texture": "#material1", "uv": [ 0.0, 0.0, 4.0, 2.0 ], "glow": 200, "autoUv": false },
														"up": { "texture": "#material1", "uv": [ 0.0, 0.0, 0.5, 0.5 ], "glow": 200, "autoUv": false },
														"down": { "texture": "#material1", "uv": [ 0.0, 0.0, 0.5, 0.5 ], "glow": 200, "autoUv": false }
													}
												},
												{
													"name": "mainbody-capback-1-13",
													"from": [ -0.6689, 2.79, -2.8626 ],
													"to": [ -0.5845, 4.14, -2.1876 ],
													"rotationOrigin": [ -0.5845, 2.7904, -2.1877 ],
													"rotationX": -180.0,
													"rotationY": 30.0,
													"rotationZ": 180.0,
													"faces": {
														"east": { "texture": "#material1", "uv": [ 0.0, 0.0, 4.0, 2.0 ], "glow": 200, "autoUv": false },
														"up": { "texture": "#material1", "uv": [ 0.0, 0.0, 0.5, 0.5 ], "glow": 200, "autoUv": false },
														"down": { "texture": "#material1", "uv": [ 0.0, 0.0, 0.5, 0.5 ], "glow": 200, "autoUv": false }
													}
												},
												{
													"name": "mainbody-capback-2-4",
													"from": [ -0.6675, 4.0499, -3.1972 ],
													"to": [ 0.0075, 4.1342, -2.5222 ],
													"rotationOrigin": [ 0.0075, 4.1342, -2.5114 ],
													"rotationX": -165.048,
													"rotationY": 60.054,
													"rotationZ": 107.071,
													"faces": {
														"north": { "texture": "#material1", "uv": [ 0.0, 0.0, 0.5, 0.5 ], "glow": 200, "autoUv": false },
														"west": { "texture": "#material1", "uv": [ 0.0, 0.0, 0.5, 0.5 ], "glow": 200, "autoUv": false },
														"up": { "texture": "#material1", "uv": [ 0.0, 0.0, 2.0, 2.0 ], "glow": 200, "autoUv": false }
													}
												},
												{
													"name": "mainbody-capback-2-5",
													"from": [ -1.0903, 4.342, -1.5824 ],
													"to": [ -0.4153, 4.4263, -0.9074 ],
													"rotationOrigin": [ -0.7528, 4.4263, -1.5824 ],
													"rotationX": 163.888,
													"rotationY": 25.513,
													"rotationZ": 123.8,
													"faces": {
														"east": { "texture": "#material1", "uv": [ 0.0, 0.0, 0.5, 0.5 ], "glow": 200, "autoUv": false },
														"south": { "texture": "#material1", "uv": [ 0.0, 0.0, 0.5, 0.5 ], "glow": 200, "autoUv": false },
														"west": { "texture": "#material1", "uv": [ 0.0, 0.0, 0.5, 0.5 ], "glow": 200, "autoUv": false },
														"up": { "texture": "#material1", "uv": [ 0.0, 0.0, 2.0, 2.0 ], "glow": 200, "autoUv": false }
													},
													"children": [
														{
															"name": "mainbody-capback-2-61",
															"from": [ 0.0, 0.0, -1.35 ],
															"to": [ 0.675, 0.0844, 0.0 ],
															"rotationOrigin": [ 0.3375, 0.0844, 0.0 ],
															"rotationX": -30.0,
															"faces": {
																"east": { "texture": "#material1", "uv": [ 0.0, 0.0, 4.0, 2.0 ], "glow": 200, "autoUv": false },
																"south": { "texture": "#material1", "uv": [ 0.0, 0.0, 0.5, 0.5 ], "glow": 200, "autoUv": false },
																"west": { "texture": "#material1", "uv": [ 0.0, 0.0, 1.0, 0.5 ], "glow": 200, "autoUv": false },
																"up": { "texture": "#material1", "uv": [ 0.0, 0.0, 0.5, 1.0 ], "glow": 200, "autoUv": false }
															}
														}
													]
												},
												{
													"name": "mainbody-capback-2-6",
													"from": [ -0.6281, 4.8019, -1.583 ],
													"to": [ 0.0469, 4.8862, -0.908 ],
													"rotationOrigin": [ -0.2906, 4.8862, -1.583 ],
													"rotationX": 153.454,
													"rotationY": 14.316,
													"rotationZ": 153.509,
													"faces": {
														"east": { "texture": "#material1", "uv": [ 0.0, 0.0, 0.5, 0.5 ], "glow": 200, "autoUv": false },
														"south": { "texture": "#material1", "uv": [ 0.0, 0.0, 0.5, 0.5 ], "glow": 200, "autoUv": false },
														"west": { "texture": "#material1", "uv": [ 0.0, 0.0, 0.5, 0.5 ], "glow": 200, "autoUv": false },
														"up": { "texture": "#material1", "uv": [ 0.0, 0.0, 2.0, 2.0 ], "glow": 200, "autoUv": false }
													},
													"children": [
														{
															"name": "mainbody-capback-2-62",
															"from": [ 0.0, 0.0, -1.35 ],
															"to": [ 0.675, 0.0844, 0.0 ],
															"rotationOrigin": [ 0.3375, 0.0844, 0.0 ],
															"rotationX": -30.0,
															"faces": {
																"east": { "texture": "#material1", "uv": [ 0.0, 0.0, 4.0, 2.0 ], "glow": 200, "autoUv": false },
																"south": { "texture": "#material1", "uv": [ 0.0, 0.0, 0.5, 0.5 ], "glow": 200, "autoUv": false },
																"west": { "texture": "#material1", "uv": [ 0.0, 0.0, 1.0, 0.5 ], "glow": 200, "autoUv": false },
																"up": { "texture": "#material1", "uv": [ 0.0, 0.0, 0.5, 1.0 ], "glow": 200, "autoUv": false }
															}
														}
													]
												},
												{
													"name": "mainbody-capback-5-4",
													"from": [ 0.675, 4.0467, -3.1972 ],
													"to": [ 1.35, 4.131, -2.5222 ],
													"rotationOrigin": [ 1.35, 4.131, -2.5114 ],
													"rotationX": 119.1,
													"rotationY": 7.4,
													"rotationZ": -149.9,
													"faces": {
														"north": { "texture": "#material1", "uv": [ 0.0, 0.0, 0.5, 0.5 ], "glow": 200, "autoUv": false },
														"west": { "texture": "#material1", "uv": [ 0.0, 0.0, 0.5, 0.5 ], "glow": 200, "autoUv": false },
														"up": { "texture": "#material1", "uv": [ 0.0, 0.0, 2.0, 2.0 ], "glow": 200, "autoUv": false }
													}
												},
												{
													"name": "mainbody-capback-5-5",
													"from": [ 1.3045, 4.8068, -1.5824 ],
													"to": [ 1.9795, 4.8911, -0.9074 ],
													"rotationOrigin": [ 1.642, 4.8911, -1.5824 ],
													"rotationX": 153.583,
													"rotationY": -14.504,
													"rotationZ": -153.292,
													"faces": {
														"east": { "texture": "#material1", "uv": [ 6.0, 0.5, 6.5, 1.0 ], "glow": 200, "autoUv": false },
														"south": { "texture": "#material1", "uv": [ 5.5, 0.5, 6.0, 1.0 ], "glow": 200, "autoUv": false },
														"west": { "texture": "#material1", "uv": [ 2.0, 6.5, 2.5, 7.0 ], "glow": 200, "autoUv": false },
														"up": { "texture": "#material1", "uv": [ 0.0, 0.0, 2.0, 2.0 ], "glow": 200, "autoUv": false }
													},
													"children": [
														{
															"name": "mainbody-capback-5-55",
															"from": [ 0.0, 0.0, -1.35 ],
															"to": [ 0.675, 0.0844, 0.0 ],
															"rotationOrigin": [ 0.3375, 0.0844, 0.0 ],
															"rotationX": -30.0,
															"faces": {
																"east": { "texture": "#material1", "uv": [ 6.0, 0.5, 7.0, 1.0 ], "glow": 200, "autoUv": false },
																"south": { "texture": "#material1", "uv": [ 5.5, 0.5, 6.0, 1.0 ], "glow": 200, "autoUv": false },
																"west": { "texture": "#material1", "uv": [ 2.0, 6.5, 3.0, 7.0 ], "glow": 200, "autoUv": false },
																"up": { "texture": "#material1", "uv": [ 2.0, 1.5, 2.5, 2.5 ], "glow": 200, "autoUv": false }
															}
														}
													]
												},
												{
													"name": "mainbody-capback-5-6",
													"from": [ 1.7645, 4.3447, -1.583 ],
													"to": [ 2.4395, 4.429, -0.908 ],
													"rotationOrigin": [ 2.102, 4.429, -1.583 ],
													"rotationX": 164.078,
													"rotationY": -25.66,
													"rotationZ": -123.533,
													"faces": {
														"east": { "texture": "#material1", "uv": [ 0.0, 0.0, 0.5, 0.5 ], "glow": 200, "autoUv": false },
														"south": { "texture": "#material1", "uv": [ 0.0, 0.0, 0.5, 0.5 ], "glow": 200, "autoUv": false },
														"west": { "texture": "#material1", "uv": [ 0.0, 0.0, 0.5, 0.5 ], "glow": 200, "autoUv": false },
														"up": { "texture": "#material1", "uv": [ 0.0, 0.0, 2.0, 2.0 ], "glow": 200, "autoUv": false }
													},
													"children": [
														{
															"name": "mainbody-capback-5-56",
															"from": [ 0.0, 0.0, -1.35 ],
															"to": [ 0.675, 0.0844, 0.0 ],
															"rotationOrigin": [ 0.3375, 0.0844, 0.0 ],
															"rotationX": -30.0,
															"faces": {
																"east": { "texture": "#material1", "uv": [ 0.0, 0.0, 4.0, 2.0 ], "glow": 200, "autoUv": false },
																"south": { "texture": "#material1", "uv": [ 0.0, 0.0, 0.5, 0.5 ], "glow": 200, "autoUv": false },
																"west": { "texture": "#material1", "uv": [ 0.0, 0.0, 1.0, 0.5 ], "glow": 200, "autoUv": false },
																"up": { "texture": "#material1", "uv": [ 0.0, 0.0, 0.5, 1.0 ], "glow": 200, "autoUv": false }
															}
														}
													]
												},
												{
													"name": "mainbody-capback-1-14",
													"from": [ 1.3492, 4.978, -1.6031 ],
													"to": [ 2.7009, 5.0624, -0.9281 ],
													"rotationOrigin": [ 1.35, 5.0624, -1.6031 ],
													"rotationX": 150.0,
													"rotationZ": -180.0,
													"faces": {
														"east": { "texture": "#material1", "uv": [ 0.0, 0.0, 0.5, 0.5 ], "glow": 200, "autoUv": false },
														"west": { "texture": "#material1", "uv": [ 0.0, 0.0, 0.5, 0.5 ], "glow": 200, "autoUv": false },
														"up": { "texture": "#material1", "uv": [ 0.0, 0.0, 4.0, 2.0 ], "glow": 200, "autoUv": false }
													}
												},
												{
													"name": "mainbody-capback-1-15",
													"from": [ 1.35, 4.6405, -2.1877 ],
													"to": [ 2.7, 4.7249, -1.5127 ],
													"rotationOrigin": [ 1.35, 4.7249, -2.1877 ],
													"rotationX": 120.0,
													"rotationZ": -180.0,
													"faces": {
														"east": { "texture": "#material1", "uv": [ 0.0, 0.0, 0.5, 0.5 ], "glow": 200, "autoUv": false },
														"west": { "texture": "#material1", "uv": [ 0.0, 0.0, 0.5, 0.5 ], "glow": 200, "autoUv": false },
														"up": { "texture": "#material1", "uv": [ 0.0, 0.0, 4.0, 2.0 ], "glow": 200, "autoUv": false }
													}
												},
												{
													"name": "mainbody-capback-1-16",
													"from": [ 1.35, 4.0561, -2.525 ],
													"to": [ 2.7, 4.1404, -1.175 ],
													"rotationOrigin": [ 1.35, 4.1404, -2.5252 ],
													"rotationX": 90.0,
													"rotationZ": -180.0,
													"faces": {
														"up": { "texture": "#material1", "uv": [ 0.0, 0.0, 4.0, 4.0 ], "glow": 200, "autoUv": false }
													}
												},
												{
													"name": "Cube8",
													"from": [ 0.0, -0.675, 0.0 ],
													"to": [ 0.0, -0.675, 0.0 ],
													"faces": {
														"north": { "texture": "#default", "uv": [ 0.0, 0.0, 0.5, 0.5 ], "autoUv": false },
														"east": { "texture": "#default", "uv": [ 0.0, 0.0, 0.5, 0.5 ], "autoUv": false },
														"south": { "texture": "#default", "uv": [ 0.0, 0.0, 0.5, 0.5 ], "autoUv": false },
														"west": { "texture": "#default", "uv": [ 0.0, 0.0, 0.5, 0.5 ], "autoUv": false },
														"up": { "texture": "#default", "uv": [ 0.0, 0.0, 0.5, 0.5 ], "autoUv": false },
														"down": { "texture": "#default", "uv": [ 0.0, 0.0, 0.5, 0.5 ], "autoUv": false }
													},
													"children": [
														{
															"name": "mainbody-capback-3-4",
															"from": [ -0.675, 3.3949, -3.1972 ],
															"to": [ 0.0, 3.4793, -2.5222 ],
															"rotationOrigin": [ 0.0, 3.4793, -2.5114 ],
															"rotationX": -119.1,
															"rotationY": -7.4,
															"rotationZ": 30.1,
															"faces": {
																"north": { "texture": "#material1", "uv": [ 0.0, 0.0, 0.5, 0.5 ], "glow": 200, "autoUv": false },
																"west": { "texture": "#material1", "uv": [ 0.0, 0.0, 0.5, 0.5 ], "glow": 200, "autoUv": false },
																"up": { "texture": "#material1", "uv": [ 0.0, 0.0, 2.0, 2.0 ], "glow": 200, "autoUv": false }
															}
														},
														{
															"name": "mainbody-capback-3-5",
															"from": [ -0.6295, 2.6347, -1.5824 ],
															"to": [ 0.0454, 2.7191, -0.9074 ],
															"rotationOrigin": [ -0.292, 2.7191, -1.5824 ],
															"rotationX": -153.583,
															"rotationY": 14.504,
															"rotationZ": 26.708,
															"faces": {
																"east": { "texture": "#material1", "uv": [ 0.0, 0.0, 0.5, 0.5 ], "glow": 200, "autoUv": false },
																"south": { "texture": "#material1", "uv": [ 0.0, 0.0, 0.5, 0.5 ], "glow": 200, "autoUv": false },
																"west": { "texture": "#material1", "uv": [ 0.0, 0.0, 0.5, 0.5 ], "glow": 200, "autoUv": false },
																"up": { "texture": "#material1", "uv": [ 0.0, 0.0, 2.0, 2.0 ], "glow": 200, "autoUv": false }
															},
															"children": [
																{
																	"name": "mainbody-capback-3-59",
																	"from": [ 0.0, 0.0, -1.35 ],
																	"to": [ 0.675, 0.0844, 0.0 ],
																	"rotationOrigin": [ 0.3375, 0.0844, 0.0 ],
																	"rotationX": -30.0,
																	"faces": {
																		"east": { "texture": "#material1", "uv": [ 0.0, 0.0, 1.0, 0.5 ], "glow": 200, "autoUv": false },
																		"south": { "texture": "#material1", "uv": [ 0.0, 0.0, 0.5, 0.5 ], "glow": 200, "autoUv": false },
																		"west": { "texture": "#material1", "uv": [ 0.0, 0.0, 1.0, 0.5 ], "glow": 200, "autoUv": false },
																		"up": { "texture": "#material1", "uv": [ 0.0, 0.0, 0.5, 1.0 ], "glow": 200, "autoUv": false }
																	}
																}
															]
														},
														{
															"name": "mainbody-capback-3-6",
															"from": [ -1.0894, 3.0969, -1.583 ],
															"to": [ -0.4144, 3.1813, -0.908 ],
															"rotationOrigin": [ -0.7519, 3.1813, -1.583 ],
															"rotationX": -164.078,
															"rotationY": 25.66,
															"rotationZ": 56.467,
															"faces": {
																"east": { "texture": "#material1", "uv": [ 0.0, 0.0, 0.5, 0.5 ], "glow": 200, "autoUv": false },
																"south": { "texture": "#material1", "uv": [ 0.0, 0.0, 0.5, 0.5 ], "glow": 200, "autoUv": false },
																"west": { "texture": "#material1", "uv": [ 0.0, 0.0, 0.5, 0.5 ], "glow": 200, "autoUv": false },
																"up": { "texture": "#material1", "uv": [ 0.0, 0.0, 2.0, 2.0 ], "glow": 200, "autoUv": false }
															},
															"children": [
																{
																	"name": "mainbody-capback-3-60",
																	"from": [ 0.0, 0.0, -1.35 ],
																	"to": [ 0.675, 0.0844, 0.0 ],
																	"rotationOrigin": [ 0.3375, 0.0844, 0.0 ],
																	"rotationX": -30.0,
																	"faces": {
																		"east": { "texture": "#material1", "uv": [ 0.0, 0.0, 1.0, 0.5 ], "glow": 200, "autoUv": false },
																		"south": { "texture": "#material1", "uv": [ 0.0, 0.0, 0.5, 0.5 ], "glow": 200, "autoUv": false },
																		"west": { "texture": "#material1", "uv": [ 0.0, 0.0, 1.0, 0.5 ], "glow": 200, "autoUv": false },
																		"up": { "texture": "#material1", "uv": [ 0.0, 0.0, 0.5, 1.0 ], "glow": 200, "autoUv": false }
																	}
																}
															]
														},
														{
															"name": "mainbody-capback-4-4",
															"from": [ 0.6676, 3.3917, -3.1972 ],
															"to": [ 1.3426, 3.4762, -2.5222 ],
															"rotationOrigin": [ 1.3426, 3.4762, -2.5114 ],
															"rotationX": 165.048,
															"rotationY": -60.054,
															"rotationZ": -72.929,
															"faces": {
																"north": { "texture": "#material1", "uv": [ 0.0, 0.0, 0.5, 0.5 ], "glow": 200, "autoUv": false },
																"west": { "texture": "#material1", "uv": [ 0.0, 0.0, 0.5, 0.5 ], "glow": 200, "autoUv": false },
																"up": { "texture": "#material1", "uv": [ 0.0, 0.0, 2.0, 2.0 ], "glow": 200, "autoUv": false }
															}
														},
														{
															"name": "mainbody-capback-4-5",
															"from": [ 1.7653, 3.0997, -1.5824 ],
															"to": [ 2.4403, 3.1841, -0.9074 ],
															"rotationOrigin": [ 2.1028, 3.1841, -1.5824 ],
															"rotationX": -163.888,
															"rotationY": -25.513,
															"rotationZ": -56.2,
															"faces": {
																"east": { "texture": "#material1", "uv": [ 0.0, 0.0, 0.5, 0.5 ], "glow": 200, "autoUv": false },
																"south": { "texture": "#material1", "uv": [ 0.0, 0.0, 0.5, 0.5 ], "glow": 200, "autoUv": false },
																"west": { "texture": "#material1", "uv": [ 0.0, 0.0, 0.5, 0.5 ], "glow": 200, "autoUv": false },
																"up": { "texture": "#material1", "uv": [ 0.0, 0.0, 2.0, 2.0 ], "glow": 200, "autoUv": false }
															},
															"children": [
																{
																	"name": "mainbody-capback-4-57",
																	"from": [ 0.0, 0.0, -1.35 ],
																	"to": [ 0.675, 0.0844, 0.0 ],
																	"rotationOrigin": [ 0.3375, 0.0844, 0.0 ],
																	"rotationX": -30.0,
																	"faces": {
																		"east": { "texture": "#material1", "uv": [ 0.0, 0.0, 1.0, 0.5 ], "glow": 200, "autoUv": false },
																		"south": { "texture": "#material1", "uv": [ 0.0, 0.0, 0.5, 0.5 ], "glow": 200, "autoUv": false },
																		"west": { "texture": "#material1", "uv": [ 0.0, 0.0, 1.0, 0.5 ], "glow": 200, "autoUv": false },
																		"up": { "texture": "#material1", "uv": [ 0.0, 0.0, 0.5, 1.0 ], "glow": 200, "autoUv": false }
																	}
																}
															]
														},
														{
															"name": "mainbody-capback-4-6",
															"from": [ 1.3031, 2.6397, -1.583 ],
															"to": [ 1.9781, 2.7241, -0.908 ],
															"rotationOrigin": [ 1.6406, 2.7241, -1.583 ],
															"rotationX": -153.455,
															"rotationY": -14.316,
															"rotationZ": -26.491,
															"faces": {
																"east": { "texture": "#material1", "uv": [ 0.0, 0.0, 0.5, 0.5 ], "glow": 200, "autoUv": false },
																"south": { "texture": "#material1", "uv": [ 0.0, 0.0, 0.5, 0.5 ], "glow": 200, "autoUv": false },
																"west": { "texture": "#material1", "uv": [ 0.0, 0.0, 0.5, 0.5 ], "glow": 200, "autoUv": false },
																"up": { "texture": "#material1", "uv": [ 0.0, 0.0, 2.0, 2.0 ], "glow": 200, "autoUv": false }
															},
															"children": [
																{
																	"name": "mainbody-capback-4-58",
																	"from": [ 0.0, 0.0, -1.35 ],
																	"to": [ 0.675, 0.0844, 0.0 ],
																	"rotationOrigin": [ 0.3375, 0.0844, 0.0 ],
																	"rotationX": -30.0,
																	"faces": {
																		"east": { "texture": "#material1", "uv": [ 0.0, 0.0, 1.0, 0.5 ], "glow": 200, "autoUv": false },
																		"south": { "texture": "#material1", "uv": [ 0.0, 0.0, 0.5, 0.5 ], "glow": 200, "autoUv": false },
																		"west": { "texture": "#material1", "uv": [ 0.0, 0.0, 1.0, 0.5 ], "glow": 200, "autoUv": false },
																		"up": { "texture": "#material1", "uv": [ 0.0, 0.0, 0.5, 1.0 ], "glow": 200, "autoUv": false }
																	}
																}
															]
														},
														{
															"name": "mainbody-capback-1-17",
															"from": [ 1.3492, 2.7963, -2.1877 ],
															"to": [ 2.7009, 2.8807, -1.5127 ],
															"rotationOrigin": [ 1.35, 2.8807, -2.1877 ],
															"rotationX": 30.0,
															"rotationZ": 180.0,
															"faces": {
																"east": { "texture": "#material1", "uv": [ 0.0, 0.0, 0.5, 0.5 ], "glow": 200, "autoUv": false },
																"west": { "texture": "#material1", "uv": [ 0.0, 0.0, 0.5, 0.5 ], "glow": 200, "autoUv": false },
																"up": { "texture": "#material1", "uv": [ 0.0, 0.0, 4.0, 2.0 ], "glow": 200, "autoUv": false }
															}
														},
														{
															"name": "mainbody-capback-1-18",
															"from": [ 1.0125, 3.3808, -2.5252 ],
															"to": [ 2.3625, 3.4653, -1.8502 ],
															"rotationOrigin": [ 1.1812, 3.4654, -2.5252 ],
															"rotationX": 60.0,
															"rotationZ": 180.0,
															"faces": {
																"east": { "texture": "#material1", "uv": [ 0.0, 0.0, 0.5, 0.5 ], "glow": 200, "autoUv": false },
																"west": { "texture": "#material1", "uv": [ 0.0, 0.0, 0.5, 0.5 ], "glow": 200, "autoUv": false },
																"up": { "texture": "#material1", "uv": [ 0.0, 0.0, 4.0, 2.0 ], "glow": 200, "autoUv": false }
															}
														}
													]
												}
											]
										}
									]
								}
							]
						}
					]
				},
				{
					"name": "_origin1",
					"from": [ -8.0, -2.0, -8.0 ],
					"to": [ -8.0, -2.0, -8.0 ],
					"faces": {
						"north": { "texture": "#default", "uv": [ 0.0, 0.0, 0.5, 0.5 ] },
						"east": { "texture": "#default", "uv": [ 0.0, 0.0, 0.5, 0.5 ] },
						"south": { "texture": "#default", "uv": [ 0.0, 0.0, 0.5, 0.5 ] },
						"west": { "texture": "#default", "uv": [ 0.0, 0.0, 0.5, 0.5 ] },
						"up": { "texture": "#default", "uv": [ 0.0, 0.0, 0.5, 0.5 ] },
						"down": { "texture": "#default", "uv": [ 0.0, 0.0, 0.5, 0.5 ] }
					},
					"children": [
						{
							"name": "_Cube3",
							"from": [ 8.0, 2.0, 8.0 ],
							"to": [ 8.0, 2.0, 8.0 ],
							"rotationOrigin": [ 8.0, 2.0, 8.0 ],
							"faces": {
								"north": { "texture": "#default", "uv": [ 0.0, 0.0, 0.5, 0.5 ] },
								"east": { "texture": "#default", "uv": [ 0.0, 0.0, 0.5, 0.5 ] },
								"south": { "texture": "#default", "uv": [ 0.0, 0.0, 0.5, 0.5 ] },
								"west": { "texture": "#default", "uv": [ 0.0, 0.0, 0.5, 0.5 ] },
								"up": { "texture": "#default", "uv": [ 0.0, 0.0, 0.5, 0.5 ] },
								"down": { "texture": "#default", "uv": [ 0.0, 0.0, 0.5, 0.5 ] }
							},
							"children": [
								{
									"name": "Cube4",
									"from": [ -1.25, -1.25, -1.25 ],
									"to": [ 1.25, 1.25, 1.25 ],
									"rotationOrigin": [ 0.0, 0.0, 0.0 ],
									"rotationX": -67.5,
									"rotationZ": -45.0,
									"faces": {
										"north": { "texture": "#material2", "uv": [ 0.0, 0.0, 10.0, 10.0 ], "glow": 200, "autoUv": false },
										"east": { "texture": "#material2", "uv": [ 0.0, 0.0, 10.0, 10.0 ], "glow": 200, "autoUv": false },
										"south": { "texture": "#material2", "uv": [ 0.0, 0.0, 10.0, 10.0 ], "glow": 200, "autoUv": false },
										"west": { "texture": "#material2", "uv": [ 0.0, 0.0, 10.0, 10.0 ], "glow": 200, "autoUv": false },
										"up": { "texture": "#material2", "uv": [ 0.0, 0.0, 10.0, 10.0 ], "glow": 200, "autoUv": false },
										"down": { "texture": "#material2", "uv": [ 0.0, 0.0, 10.0, 10.0 ], "glow": 200, "autoUv": false }
									}
								},
								{
									"name": "Cube5",
									"from": [ -1.25, -1.25, -1.25 ],
									"to": [ 1.25, 1.25, 1.25 ],
									"rotationOrigin": [ 0.0, 0.0, 0.0 ],
									"rotationX": 67.5,
									"rotationZ": 45.0,
									"faces": {
										"north": { "texture": "#material2", "uv": [ 0.0, 0.0, 10.0, 10.0 ], "glow": 200, "autoUv": false },
										"east": { "texture": "#material2", "uv": [ 0.0, 0.0, 10.0, 10.0 ], "glow": 200, "autoUv": false },
										"south": { "texture": "#material2", "uv": [ 0.0, 0.0, 10.0, 10.0 ], "glow": 200, "autoUv": false },
										"west": { "texture": "#material2", "uv": [ 0.0, 0.0, 10.0, 10.0 ], "glow": 200, "autoUv": false },
										"up": { "texture": "#material2", "uv": [ 0.0, 0.0, 10.0, 10.0 ], "glow": 200, "autoUv": false },
										"down": { "texture": "#material2", "uv": [ 0.0, 0.0, 10.0, 10.0 ], "glow": 200, "autoUv": false }
									}
								}
							]
						},
						{
							"name": "_Cube4",
							"from": [ 8.0028, 2.0, 7.9972 ],
							"to": [ 8.0028, 2.0, 7.9972 ],
							"rotationOrigin": [ 8.0, 2.0, 8.0 ],
							"rotationY": 89.98,
							"faces": {
								"north": { "texture": "#default", "uv": [ 0.0, 0.0, 0.5, 0.5 ] },
								"east": { "texture": "#default", "uv": [ 0.0, 0.0, 0.5, 0.5 ] },
								"south": { "texture": "#default", "uv": [ 0.0, 0.0, 0.5, 0.5 ] },
								"west": { "texture": "#default", "uv": [ 0.0, 0.0, 0.5, 0.5 ] },
								"up": { "texture": "#default", "uv": [ 0.0, 0.0, 0.5, 0.5 ] },
								"down": { "texture": "#default", "uv": [ 0.0, 0.0, 0.5, 0.5 ] }
							},
							"children": [
								{
									"name": "Cube6",
									"from": [ -1.25, -1.25, -1.25 ],
									"to": [ 1.25, 1.25, 1.25 ],
									"rotationOrigin": [ 0.0, 0.0, 0.0 ],
									"rotationX": -67.5,
									"rotationZ": -45.0,
									"faces": {
										"north": { "texture": "#material2", "uv": [ 0.0, 0.0, 10.0, 10.0 ], "glow": 200, "autoUv": false },
										"east": { "texture": "#material2", "uv": [ 0.0, 0.0, 10.0, 10.0 ], "glow": 200, "autoUv": false },
										"south": { "texture": "#material2", "uv": [ 0.0, 0.0, 10.0, 10.0 ], "glow": 200, "autoUv": false },
										"west": { "texture": "#material2", "uv": [ 0.0, 0.0, 10.0, 10.0 ], "glow": 200, "autoUv": false },
										"up": { "texture": "#material2", "uv": [ 0.0, 0.0, 10.0, 10.0 ], "glow": 200, "autoUv": false },
										"down": { "texture": "#material2", "uv": [ 0.0, 0.0, 10.0, 10.0 ], "glow": 200, "autoUv": false }
									}
								},
								{
									"name": "Cube7",
									"from": [ -1.25, -1.25, -1.25 ],
									"to": [ 1.25, 1.25, 1.25 ],
									"rotationOrigin": [ 0.0, 0.0, 0.0 ],
									"rotationX": 67.5,
									"rotationZ": 45.0,
									"faces": {
										"north": { "texture": "#material2", "uv": [ 0.0, 0.0, 10.0, 10.0 ], "glow": 200, "autoUv": false },
										"east": { "texture": "#material2", "uv": [ 0.0, 0.0, 10.0, 10.0 ], "glow": 200, "autoUv": false },
										"south": { "texture": "#material2", "uv": [ 0.0, 0.0, 10.0, 10.0 ], "glow": 200, "autoUv": false },
										"west": { "texture": "#material2", "uv": [ 0.0, 0.0, 10.0, 10.0 ], "glow": 200, "autoUv": false },
										"up": { "texture": "#material2", "uv": [ 0.0, 0.0, 10.0, 10.0 ], "glow": 200, "autoUv": false },
										"down": { "texture": "#material2", "uv": [ 0.0, 0.0, 10.0, 10.0 ], "glow": 200, "autoUv": false }
									}
								}
							]
						}
					]
				}
			]
		}
	]
}