[
{"name": "Adult Asian Varanus Item to Block", "ingredientPattern": "K","ingredients": {"K": { "type": "item", "code": "asianmonitorlizards:skin-adult-*", "quantity": "1","name": "type", "states": ["bengalensis", "flavescens", "nebulosus", "rudicollis", "dumerilii", "yemenensis", "nesterovi", "olivaceus", "mabitang", "bitatawa", "caerulivirens", "cerambonensis", "colei", "lirungensis", "melinus", "obor", "rainerguentheri", "tanimbar", "yuwonoi", "auffenbergi", "timorensis", "salvator", "bangonorum", "cumingi", "dalubhasa", "marmoratus", "nuchalis", "palawanensis", "rasmusseni", "samarensis", "togianus", "komodoensis"]}},"width": 1,"height": 1,"output": { "type": "block", "code": "asianmonitorlizards:skinmount-adult-{type}-north", "quantity": 1  }},

{"name": "Adult Bengal Block to Item", "ingredientPattern": "K","ingredients": {"K": { "type": "block", "code": "asianmonitorlizards:skinmount-adult-bengalensis-*", "quantity": "1" }},"width": 1,"height": 1,"output": { "type": "item", "code": "asianmonitorlizards:skin-adult-bengalensis", "quantity": 1  }},

{"name": "Adult Golden Block to Item", "ingredientPattern": "K","ingredients": {"K": { "type": "block", "code": "asianmonitorlizards:skinmount-adult-flavescens-*", "quantity": "1" }},"width": 1,"height": 1,"output": { "type": "item", "code": "asianmonitorlizards:skin-adult-flavescens", "quantity": 1  }},

{"name": "Adult Clouded Block to Item", "ingredientPattern": "K","ingredients": {"K": { "type": "block", "code": "asianmonitorlizards:skinmount-adult-nebulosus-*", "quantity": "1" }},"width": 1,"height": 1,"output": { "type": "item", "code": "asianmonitorlizards:skin-adult-nebulosus", "quantity": 1  }},

{"name": "Adult Roughneck Block to Item", "ingredientPattern": "K","ingredients": {"K": { "type": "block", "code": "asianmonitorlizards:skinmount-adult-rudicollis-*", "quantity": "1" }},"width": 1,"height": 1,"output": { "type": "item", "code": "asianmonitorlizards:skin-adult-rudicollis", "quantity": 1  }},

{"name": "Adult Dumeril's Block to Item", "ingredientPattern": "K","ingredients": {"K": { "type": "block", "code": "asianmonitorlizards:skinmount-adult-dumerilii-*", "quantity": "1" }},"width": 1,"height": 1,"output": { "type": "item", "code": "asianmonitorlizards:skin-adult-dumerilii", "quantity": 1  }},

{"name": "Adult Yemen Block to Item", "ingredientPattern": "K","ingredients": {"K": { "type": "block", "code": "asianmonitorlizards:skinmount-adult-yemenensis-*", "quantity": "1" }},"width": 1,"height": 1,"output": { "type": "item", "code": "asianmonitorlizards:skin-adult-yemenensis", "quantity": 1  }},

{"name": "Adult Nesterov's Block to Item", "ingredientPattern": "K","ingredients": {"K": { "type": "block", "code": "asianmonitorlizards:skinmount-adult-nesterovi-*", "quantity": "1" }},"width": 1,"height": 1,"output": { "type": "item", "code": "asianmonitorlizards:skin-adult-nesterovi", "quantity": 1  }},

{"name": "Adult Gray's Block to Item", "ingredientPattern": "K","ingredients": {"K": { "type": "block", "code": "asianmonitorlizards:skinmount-adult-olivaceus-*", "quantity": "1" }},"width": 1,"height": 1,"output": { "type": "item", "code": "asianmonitorlizards:skin-adult-olivaceus", "quantity": 1  }},

{"name": "Adult Panay Block to Item", "ingredientPattern": "K","ingredients": {"K": { "type": "block", "code": "asianmonitorlizards:skinmount-adult-mabitang-*", "quantity": "1" }},"width": 1,"height": 1,"output": { "type": "item", "code": "asianmonitorlizards:skin-adult-mabitang", "quantity": 1  }},

{"name": "Adult Bitatawa Block to Item", "ingredientPattern": "K","ingredients": {"K": { "type": "block", "code": "asianmonitorlizards:skinmount-adult-bitatawa-*", "quantity": "1" }},"width": 1,"height": 1,"output": { "type": "item", "code": "asianmonitorlizards:skin-adult-bitatawa", "quantity": 1  }},

{"name": "Adult Turquoise Block to Item", "ingredientPattern": "K","ingredients": {"K": { "type": "block", "code": "asianmonitorlizards:skinmount-adult-caerulivirens-*", "quantity": "1" }},"width": 1,"height": 1,"output": { "type": "item", "code": "asianmonitorlizards:skin-adult-caerulivirens", "quantity": 1  }},

{"name": "Adult Ceram Mangrove Block to Item", "ingredientPattern": "K","ingredients": {"K": { "type": "block", "code": "asianmonitorlizards:skinmount-adult-cerambonensis-*", "quantity": "1" }},"width": 1,"height": 1,"output": { "type": "item", "code": "asianmonitorlizards:skin-adult-cerambonensis", "quantity": 1  }},

{"name": "Adult Kei Islands Block to Item", "ingredientPattern": "K","ingredients": {"K": { "type": "block", "code": "asianmonitorlizards:skinmount-adult-colei-*", "quantity": "1" }},"width": 1,"height": 1,"output": { "type": "item", "code": "asianmonitorlizards:skin-adult-colei", "quantity": 1  }},

{"name": "Adult Talaud Mangrove Block to Item", "ingredientPattern": "K","ingredients": {"K": { "type": "block", "code": "asianmonitorlizards:skinmount-adult-lirungensis-*", "quantity": "1" }},"width": 1,"height": 1,"output": { "type": "item", "code": "asianmonitorlizards:skin-adult-lirungensis", "quantity": 1  }},

{"name": "Adult Quince Block to Item", "ingredientPattern": "K","ingredients": {"K": { "type": "block", "code": "asianmonitorlizards:skinmount-adult-melinus-*", "quantity": "1" }},"width": 1,"height": 1,"output": { "type": "item", "code": "asianmonitorlizards:skin-adult-melinus", "quantity": 1  }},

{"name": "Adult Sago Block to Item", "ingredientPattern": "K","ingredients": {"K": { "type": "block", "code": "asianmonitorlizards:skinmount-adult-obor-*", "quantity": "1" }},"width": 1,"height": 1,"output": { "type": "item", "code": "asianmonitorlizards:skin-adult-obor", "quantity": 1  }},

{"name": "Adult Rainer Günther's Block to Item", "ingredientPattern": "K","ingredients": {"K": { "type": "block", "code": "asianmonitorlizards:skinmount-adult-rainerguentheri-*", "quantity": "1" }},"width": 1,"height": 1,"output": { "type": "item", "code": "asianmonitorlizards:skin-adult-rainerguentheri", "quantity": 1  }},

{"name": "Adult Tanimbar Block to Item", "ingredientPattern": "K","ingredients": {"K": { "type": "block", "code": "asianmonitorlizards:skinmount-adult-tanimbar-*", "quantity": "1" }},"width": 1,"height": 1,"output": { "type": "item", "code": "asianmonitorlizards:skin-adult-tanimbar", "quantity": 1  }},

{"name": "Adult Tricolor Block to Item", "ingredientPattern": "K","ingredients": {"K": { "type": "block", "code": "asianmonitorlizards:skinmount-adult-yuwonoi-*", "quantity": "1" }},"width": 1,"height": 1,"output": { "type": "item", "code": "asianmonitorlizards:skin-adult-yuwonoi", "quantity": 1  }},

{"name": "Adult Peacock Block to Item", "ingredientPattern": "K","ingredients": {"K": { "type": "block", "code": "asianmonitorlizards:skinmount-adult-auffenbergi-*", "quantity": "1" }},"width": 1,"height": 1,"output": { "type": "item", "code": "asianmonitorlizards:skin-adult-auffenbergi", "quantity": 1  }},

{"name": "Adult Timor Block to Item", "ingredientPattern": "K","ingredients": {"K": { "type": "block", "code": "asianmonitorlizards:skinmount-adult-timorensis-*", "quantity": "1" }},"width": 1,"height": 1,"output": { "type": "item", "code": "asianmonitorlizards:skin-adult-timorensis", "quantity": 1  }},

{"name": "Adult Asian Water Block to Item", "ingredientPattern": "K","ingredients": {"K": { "type": "block", "code": "asianmonitorlizards:skinmount-adult-salvator-*", "quantity": "1" }},"width": 1,"height": 1,"output": { "type": "item", "code": "asianmonitorlizards:skin-adult-salvator", "quantity": 1  }},

{"name": "Adult Bangon Water Block to Item", "ingredientPattern": "K","ingredients": {"K": { "type": "block", "code": "asianmonitorlizards:skinmount-adult-bangonorum-*", "quantity": "1" }},"width": 1,"height": 1,"output": { "type": "item", "code": "asianmonitorlizards:skin-adult-bangonorum", "quantity": 1  }},

{"name": "Adult Yellow-Headed Water Block to Item", "ingredientPattern": "K","ingredients": {"K": { "type": "block", "code": "asianmonitorlizards:skinmount-adult-cumingi-*", "quantity": "1" }},"width": 1,"height": 1,"output": { "type": "item", "code": "asianmonitorlizards:skin-adult-cumingi", "quantity": 1  }},

{"name": "Adult Enteng's Water Block to Item", "ingredientPattern": "K","ingredients": {"K": { "type": "block", "code": "asianmonitorlizards:skinmount-adult-dalubhasa-*", "quantity": "1" }},"width": 1,"height": 1,"output": { "type": "item", "code": "asianmonitorlizards:skin-adult-dalubhasa", "quantity": 1  }},

{"name": "Adult Marbled Water Block to Item", "ingredientPattern": "K","ingredients": {"K": { "type": "block", "code": "asianmonitorlizards:skinmount-adult-marmoratus-*", "quantity": "1" }},"width": 1,"height": 1,"output": { "type": "item", "code": "asianmonitorlizards:skin-adult-marmoratus", "quantity": 1  }},

{"name": "Adult Large-Scaled Water Block to Item", "ingredientPattern": "K","ingredients": {"K": { "type": "block", "code": "asianmonitorlizards:skinmount-adult-nuchalis-*", "quantity": "1" }},"width": 1,"height": 1,"output": { "type": "item", "code": "asianmonitorlizards:skin-adult-nuchalis", "quantity": 1  }},

{"name": "Adult Palawan Water Block to Item", "ingredientPattern": "K","ingredients": {"K": { "type": "block", "code": "asianmonitorlizards:skinmount-adult-palawanensis-*", "quantity": "1" }},"width": 1,"height": 1,"output": { "type": "item", "code": "asianmonitorlizards:skin-adult-palawanensis", "quantity": 1  }},

{"name": "Adult Rasmussen's Water Block to Item", "ingredientPattern": "K","ingredients": {"K": { "type": "block", "code": "asianmonitorlizards:skinmount-adult-rasmusseni-*", "quantity": "1" }},"width": 1,"height": 1,"output": { "type": "item", "code": "asianmonitorlizards:skin-adult-rasmusseni", "quantity": 1  }},

{"name": "Adult Samar Water Block to Item", "ingredientPattern": "K","ingredients": {"K": { "type": "block", "code": "asianmonitorlizards:skinmount-adult-samarensis-*", "quantity": "1" }},"width": 1,"height": 1,"output": { "type": "item", "code": "asianmonitorlizards:skin-adult-samarensis", "quantity": 1  }},

{"name": "Adult Togian Water Block to Item", "ingredientPattern": "K","ingredients": {"K": { "type": "block", "code": "asianmonitorlizards:skinmount-adult-togianus-*", "quantity": "1" }},"width": 1,"height": 1,"output": { "type": "item", "code": "asianmonitorlizards:skin-adult-togianus", "quantity": 1  }},

{"name": "Adult Komodo Dragon Block to Item", "ingredientPattern": "K","ingredients": {"K": { "type": "block", "code": "asianmonitorlizards:skinmount-adult-komodoensis-*", "quantity": "1" }},"width": 1,"height": 1,"output": { "type": "item", "code": "asianmonitorlizards:skin-adult-komodoensis", "quantity": 1  }},

{"name": "Juvenile Asian Varanus Item to Block", "ingredientPattern": "K","ingredients": {"K": { "type": "item", "code": "asianmonitorlizards:skin-juvenile-*", "quantity": "1","name": "type", "states": ["bengalensis", "flavescens", "nebulosus", "rudicollis", "dumerilii", "yemenensis", "nesterovi", "olivaceus", "mabitang", "bitatawa", "caerulivirens", "cerambonensis", "colei", "lirungensis", "melinus", "obor", "rainerguentheri", "tanimbar", "yuwonoi", "auffenbergi", "timorensis", "salvator", "bangonorum", "cumingi", "dalubhasa", "marmoratus", "nuchalis", "palawanensis", "rasmusseni", "samarensis", "togianus", "komodoensis"]}},"width": 1,"height": 1,"output": { "type": "block", "code": "asianmonitorlizards:skinmount-juvenile-{type}-north", "quantity": 1  }},

{"name": "Juvenile Bengal Block to Item", "ingredientPattern": "K","ingredients": {"K": { "type": "block", "code": "asianmonitorlizards:skinmount-juvenile-bengalensis-*", "quantity": "1" }},"width": 1,"height": 1,"output": { "type": "item", "code": "asianmonitorlizards:skin-juvenile-bengalensis", "quantity": 1  }},

{"name": "Juvenile Golden Block to Item", "ingredientPattern": "K","ingredients": {"K": { "type": "block", "code": "asianmonitorlizards:skinmount-juvenile-flavescens-*", "quantity": "1" }},"width": 1,"height": 1,"output": { "type": "item", "code": "asianmonitorlizards:skin-juvenile-flavescens", "quantity": 1  }},

{"name": "Juvenile Clouded Block to Item", "ingredientPattern": "K","ingredients": {"K": { "type": "block", "code": "asianmonitorlizards:skinmount-juvenile-nebulosus-*", "quantity": "1" }},"width": 1,"height": 1,"output": { "type": "item", "code": "asianmonitorlizards:skin-juvenile-nebulosus", "quantity": 1  }},

{"name": "Juvenile Roughneck Block to Item", "ingredientPattern": "K","ingredients": {"K": { "type": "block", "code": "asianmonitorlizards:skinmount-juvenile-rudicollis-*", "quantity": "1" }},"width": 1,"height": 1,"output": { "type": "item", "code": "asianmonitorlizards:skin-juvenile-rudicollis", "quantity": 1  }},

{"name": "Juvenile Dumeril's Block to Item", "ingredientPattern": "K","ingredients": {"K": { "type": "block", "code": "asianmonitorlizards:skinmount-juvenile-dumerilii-*", "quantity": "1" }},"width": 1,"height": 1,"output": { "type": "item", "code": "asianmonitorlizards:skin-juvenile-dumerilii", "quantity": 1  }},

{"name": "Juvenile Yemen Block to Item", "ingredientPattern": "K","ingredients": {"K": { "type": "block", "code": "asianmonitorlizards:skinmount-juvenile-yemenensis-*", "quantity": "1" }},"width": 1,"height": 1,"output": { "type": "item", "code": "asianmonitorlizards:skin-juvenile-yemenensis", "quantity": 1  }},

{"name": "Juvenile Nesterov's Block to Item", "ingredientPattern": "K","ingredients": {"K": { "type": "block", "code": "asianmonitorlizards:skinmount-juvenile-nesterovi-*", "quantity": "1" }},"width": 1,"height": 1,"output": { "type": "item", "code": "asianmonitorlizards:skin-juvenile-nesterovi", "quantity": 1  }},

{"name": "Juvenile Gray's Block to Item", "ingredientPattern": "K","ingredients": {"K": { "type": "block", "code": "asianmonitorlizards:skinmount-juvenile-olivaceus-*", "quantity": "1" }},"width": 1,"height": 1,"output": { "type": "item", "code": "asianmonitorlizards:skin-juvenile-olivaceus", "quantity": 1  }},

{"name": "Juvenile Panay Block to Item", "ingredientPattern": "K","ingredients": {"K": { "type": "block", "code": "asianmonitorlizards:skinmount-juvenile-mabitang-*", "quantity": "1" }},"width": 1,"height": 1,"output": { "type": "item", "code": "asianmonitorlizards:skin-juvenile-mabitang", "quantity": 1  }},

{"name": "Juvenile Bitatawa Block to Item", "ingredientPattern": "K","ingredients": {"K": { "type": "block", "code": "asianmonitorlizards:skinmount-juvenile-bitatawa-*", "quantity": "1" }},"width": 1,"height": 1,"output": { "type": "item", "code": "asianmonitorlizards:skin-juvenile-bitatawa", "quantity": 1  }},

{"name": "Juvenile Turquoise Block to Item", "ingredientPattern": "K","ingredients": {"K": { "type": "block", "code": "asianmonitorlizards:skinmount-juvenile-caerulivirens-*", "quantity": "1" }},"width": 1,"height": 1,"output": { "type": "item", "code": "asianmonitorlizards:skin-juvenile-caerulivirens", "quantity": 1  }},

{"name": "Juvenile Ceram Mangrove Block to Item", "ingredientPattern": "K","ingredients": {"K": { "type": "block", "code": "asianmonitorlizards:skinmount-juvenile-cerambonensis-*", "quantity": "1" }},"width": 1,"height": 1,"output": { "type": "item", "code": "asianmonitorlizards:skin-juvenile-cerambonensis", "quantity": 1  }},

{"name": "Juvenile Kei Islands Block to Item", "ingredientPattern": "K","ingredients": {"K": { "type": "block", "code": "asianmonitorlizards:skinmount-juvenile-colei-*", "quantity": "1" }},"width": 1,"height": 1,"output": { "type": "item", "code": "asianmonitorlizards:skin-juvenile-colei", "quantity": 1  }},

{"name": "Juvenile Talaud Mangrove Block to Item", "ingredientPattern": "K","ingredients": {"K": { "type": "block", "code": "asianmonitorlizards:skinmount-juvenile-lirungensis-*", "quantity": "1" }},"width": 1,"height": 1,"output": { "type": "item", "code": "asianmonitorlizards:skin-juvenile-lirungensis", "quantity": 1  }},

{"name": "Juvenile Quince Block to Item", "ingredientPattern": "K","ingredients": {"K": { "type": "block", "code": "asianmonitorlizards:skinmount-juvenile-melinus-*", "quantity": "1" }},"width": 1,"height": 1,"output": { "type": "item", "code": "asianmonitorlizards:skin-juvenile-melinus", "quantity": 1  }},

{"name": "Juvenile Sago Block to Item", "ingredientPattern": "K","ingredients": {"K": { "type": "block", "code": "asianmonitorlizards:skinmount-juvenile-obor-*", "quantity": "1" }},"width": 1,"height": 1,"output": { "type": "item", "code": "asianmonitorlizards:skin-juvenile-obor", "quantity": 1  }},

{"name": "Juvenile Rainer Günther's Block to Item", "ingredientPattern": "K","ingredients": {"K": { "type": "block", "code": "asianmonitorlizards:skinmount-juvenile-rainerguentheri-*", "quantity": "1" }},"width": 1,"height": 1,"output": { "type": "item", "code": "asianmonitorlizards:skin-juvenile-rainerguentheri", "quantity": 1  }},

{"name": "Juvenile Tanimbar Block to Item", "ingredientPattern": "K","ingredients": {"K": { "type": "block", "code": "asianmonitorlizards:skinmount-juvenile-tanimbar-*", "quantity": "1" }},"width": 1,"height": 1,"output": { "type": "item", "code": "asianmonitorlizards:skin-juvenile-tanimbar", "quantity": 1  }},

{"name": "Juvenile Tricolor Block to Item", "ingredientPattern": "K","ingredients": {"K": { "type": "block", "code": "asianmonitorlizards:skinmount-juvenile-yuwonoi-*", "quantity": "1" }},"width": 1,"height": 1,"output": { "type": "item", "code": "asianmonitorlizards:skin-juvenile-yuwonoi", "quantity": 1  }},

{"name": "Juvenile Peacock Block to Item", "ingredientPattern": "K","ingredients": {"K": { "type": "block", "code": "asianmonitorlizards:skinmount-juvenile-auffenbergi-*", "quantity": "1" }},"width": 1,"height": 1,"output": { "type": "item", "code": "asianmonitorlizards:skin-juvenile-auffenbergi", "quantity": 1  }},

{"name": "Juvenile Timor Block to Item", "ingredientPattern": "K","ingredients": {"K": { "type": "block", "code": "asianmonitorlizards:skinmount-juvenile-timorensis-*", "quantity": "1" }},"width": 1,"height": 1,"output": { "type": "item", "code": "asianmonitorlizards:skin-juvenile-timorensis", "quantity": 1  }},

{"name": "Juvenile Asian Water Block to Item", "ingredientPattern": "K","ingredients": {"K": { "type": "block", "code": "asianmonitorlizards:skinmount-juvenile-salvator-*", "quantity": "1" }},"width": 1,"height": 1,"output": { "type": "item", "code": "asianmonitorlizards:skin-juvenile-salvator", "quantity": 1  }},

{"name": "Juvenile Bangon Water Block to Item", "ingredientPattern": "K","ingredients": {"K": { "type": "block", "code": "asianmonitorlizards:skinmount-juvenile-bangonorum-*", "quantity": "1" }},"width": 1,"height": 1,"output": { "type": "item", "code": "asianmonitorlizards:skin-juvenile-bangonorum", "quantity": 1  }},

{"name": "Juvenile Yellow-Headed Water Block to Item", "ingredientPattern": "K","ingredients": {"K": { "type": "block", "code": "asianmonitorlizards:skinmount-juvenile-cumingi-*", "quantity": "1" }},"width": 1,"height": 1,"output": { "type": "item", "code": "asianmonitorlizards:skin-juvenile-cumingi", "quantity": 1  }},

{"name": "Juvenile Enteng's Water Block to Item", "ingredientPattern": "K","ingredients": {"K": { "type": "block", "code": "asianmonitorlizards:skinmount-juvenile-dalubhasa-*", "quantity": "1" }},"width": 1,"height": 1,"output": { "type": "item", "code": "asianmonitorlizards:skin-juvenile-dalubhasa", "quantity": 1  }},

{"name": "Juvenile Marbled Water Block to Item", "ingredientPattern": "K","ingredients": {"K": { "type": "block", "code": "asianmonitorlizards:skinmount-juvenile-marmoratus-*", "quantity": "1" }},"width": 1,"height": 1,"output": { "type": "item", "code": "asianmonitorlizards:skin-juvenile-marmoratus", "quantity": 1  }},

{"name": "Juvenile Large-Scaled Water Block to Item", "ingredientPattern": "K","ingredients": {"K": { "type": "block", "code": "asianmonitorlizards:skinmount-juvenile-nuchalis-*", "quantity": "1" }},"width": 1,"height": 1,"output": { "type": "item", "code": "asianmonitorlizards:skin-juvenile-nuchalis", "quantity": 1  }},

{"name": "Juvenile Palawan Water Block to Item", "ingredientPattern": "K","ingredients": {"K": { "type": "block", "code": "asianmonitorlizards:skinmount-juvenile-palawanensis-*", "quantity": "1" }},"width": 1,"height": 1,"output": { "type": "item", "code": "asianmonitorlizards:skin-juvenile-palawanensis", "quantity": 1  }},

{"name": "Juvenile Rasmussen's Water Block to Item", "ingredientPattern": "K","ingredients": {"K": { "type": "block", "code": "asianmonitorlizards:skinmount-juvenile-rasmusseni-*", "quantity": "1" }},"width": 1,"height": 1,"output": { "type": "item", "code": "asianmonitorlizards:skin-juvenile-rasmusseni", "quantity": 1  }},

{"name": "Juvenile Samar Water Block to Item", "ingredientPattern": "K","ingredients": {"K": { "type": "block", "code": "asianmonitorlizards:skinmount-juvenile-samarensis-*", "quantity": "1" }},"width": 1,"height": 1,"output": { "type": "item", "code": "asianmonitorlizards:skin-juvenile-samarensis", "quantity": 1  }},

{"name": "Juvenile Togian Water Block to Item", "ingredientPattern": "K","ingredients": {"K": { "type": "block", "code": "asianmonitorlizards:skinmount-juvenile-togianus-*", "quantity": "1" }},"width": 1,"height": 1,"output": { "type": "item", "code": "asianmonitorlizards:skin-juvenile-togianus", "quantity": 1  }},

{"name": "Juvenile Komodo Dragon Block to Item", "ingredientPattern": "K","ingredients": {"K": { "type": "block", "code": "asianmonitorlizards:skinmount-juvenile-komodoensis-*", "quantity": "1" }},"width": 1,"height": 1,"output": { "type": "item", "code": "asianmonitorlizards:skin-juvenile-komodoensis", "quantity": 1  }},

]