{
    "code": "mastodontrunk",
    "class": "BlockGenericTypedContainerTrunk",
    "entityclass": "GenericTypedContainer",
    "attributes": {
        "partialAttachable": true,
        "inventoryClassName": "chest",
        "defaultType": "normal-generic",
        "types": ["normal-generic"],
        "rotatatableInterval": {
            "normal-generic": "22.5degnot45deg"
        },
        "drop": {
            "normal-generic": true
        },
        "quantitySlots": {
            "normal-generic": 36
        },
        "quantityColumns": {
            "normal-generic": 9
        },
        "dialogTitleLangCode": {
            "normal-generic": "trunkcontents"
        },
        "storageType": {
            "normal-generic": 189
        },
        "retrieveOnly": {
            "normal-generic": false
        },
        "shape": {
            "normal-generic": "mastodontrunk:block/mastodontrunk/normal"
        },
        "transitionSpeedMul": {
          "normal-generic": { "Perish": 0.01 }
        },
        "typedOpenSound": {
            "normal-generic": "mastodontrunk:sounds/block/mastodontrunk/open"
        },
        "typedCloseSound": {
            "normal-generic": "mastodontrunk:sounds/block/mastodontrunk/close"
        },
        "variantByGroup": "side",
        "variantByGroupInventory": null
    },
    "behaviors": [
        { "name": "HorizontalOrientable" },
        {
            "name": "Multiblock",
            "propertiesByType": {
                "*-north": { "sizex": 2, "sizey": 1, "sizez": 1, "cposition": { "x": 0, "y": 0, "z": 0 } },
                "*-east": { "sizex": 1, "sizey": 1, "sizez": 2, "cposition": { "x": 0, "y": 0, "z": 0 } },
                "*-south": { "sizex": 2, "sizey": 1, "sizez": 1, "cposition": { "x": 1, "y": 0, "z": 0 } },
                "*-west": { "sizex": 1, "sizey": 1, "sizez": 2, "cposition": { "x": 0, "y": 0, "z": 1 } }
            }
        },
        { "name": "Lockable" },
        { "name": "Container" }
    ],
    "entityBehaviors": [{ "name": "Animatable" }],
    "variantgroups": [{ "code": "side", "loadFromProperties": "abstract/horizontalorientation" }],
    "creativeinventory": {},
    "creativeinventoryStacksByType": {
        "*-east": [
            {
                "tabs": ["general", "decorative"],
                "stacks": [{ "type": "block", "code": "mastodontrunk-east", "attributes": { "type": "normal-generic" } }]
            }
        ]
    },
    "heldTpIdleAnimation": "holdunderarm",
    "shapeInventory": { "base": "mastodontrunk:block/mastodontrunk/normal", "rotateY": 270 },
    "shapeByType": {
        "*-north": { "base": "mastodontrunk:block/mastodontrunk/normal", "rotateY": 0 },
        "*-east": { "base": "mastodontrunk:block/mastodontrunk/normal", "rotateY": 270 },
        "*-west": { "base": "mastodontrunk:block/mastodontrunk/normal", "rotateY": 90 },
        "*-south": { "base": "mastodontrunk:block/mastodontrunk/normal", "rotateY": 180 }
    },
    "_comment": "Must declare textures so they get added to the block texture atlas",
    "textures": {
        "normal-generic-right-side": { "base": "mastodontrunk:block/mastodontrunk/right-side" },
        "normal-generic-sides2": { "base": "mastodontrunk:block/mastodontrunk/sides" },
        "normal-generic-lid": { "base": "mastodontrunk:block/mastodontrunk/lid" },
        "normal-generic-accessories": { "base": "mastodontrunk:block/mastodontrunk/accessories" },
        "normal-generic-left-side": { "base": "mastodontrunk:block/mastodontrunk/left-side" }
    },
    "blockmaterial": "Wood",
    "replaceable": 900,
    "resistance": 3,
    "lightAbsorption": 0,
    "sideAo": { "all": false },
    "sidesolid": {
        "all": false
    },
    "sideopaque": {
        "all": false
    },
    "collisionSelectionBox": {
        "x1": 0.0625,
        "y1": 0,
        "z1": 0.0625,
        "x2": 1,
        "y2": 0.8125,
        "z2": 0.9375,
        "rotateYByType": {
            "*-east": 270,
            "*-west": 90,
            "*-south": 180
        }
    },
    "combustibleProps": {
        "burnTemperature": 600,
        "burnDuration": 35
    },
    "sounds": {
        "place": "mastodontrunk:block/mastodontrunk/place",
        "hit": "mastodontrunk:block/mastodontrunk/hit",
        "break": "mastodontrunk:block/mastodontrunk/break",
        "walk": "mastodontrunk:walk/mastodontrunk/walk"
    },
    "materialDensity": 600,
    "tpHandTransform": {
        "translation": { "x": -0.3, "y": -0.5, "z": -0.3 },
        "rotation": { "x": 0, "y": 90, "z": -102 },
        "scale": 0.56
    },
    "guiTransform": {
        "origin": { "x": 0.5, "y": 0.5, "z": 0.97 },
        "scale": 0.95
    }
}
