{
	"editor": {
		"allAngles": false,
		"entityTextureMode": false
	},
	"textureWidth": 32,
	"textureHeight": 32,
	"textureSizes": {
	},
	"textures": {
	},
	"elements": [
		{
			"name": "Sluice",
			"from": [ 1.0, 7.0, -3.0 ],
			"to": [ 15.0, 8.0, 18.0 ],
			"rotationOrigin": [ 8.0, 7.0, 8.0 ],
			"rotationX": 45.0,
			"faces": {
				"north": { "texture": "#null", "uv": [ 0.0, 0.0, 14.0, 1.0 ] },
				"east": { "texture": "#null", "uv": [ 0.0, 0.0, 21.0, 1.0 ] },
				"south": { "texture": "#null", "uv": [ 0.0, 0.0, 14.0, 1.0 ] },
				"west": { "texture": "#null", "uv": [ 0.0, 0.0, 21.0, 1.0 ] },
				"up": { "texture": "#null", "uv": [ 0.0, 0.0, 14.0, 21.0 ] },
				"down": { "texture": "#null", "uv": [ 0.0, 0.0, 14.0, 21.0 ] }
			},
			"children": [
				{
					"name": "Cube1",
					"from": [ 0.0, 1.0, 2.0 ],
					"to": [ 14.0, 2.0, 3.0 ],
					"rotationOrigin": [ 0.0, 1.0, 2.0 ],
					"faces": {
						"north": { "texture": "#null", "uv": [ 0.0, 0.0, 14.0, 1.0 ] },
						"east": { "texture": "#null", "uv": [ 0.0, 0.0, 1.0, 1.0 ] },
						"south": { "texture": "#null", "uv": [ 0.0, 0.0, 14.0, 1.0 ] },
						"west": { "texture": "#null", "uv": [ 0.0, 0.0, 1.0, 1.0 ] },
						"up": { "texture": "#null", "uv": [ 0.0, 0.0, 14.0, 1.0 ] },
						"down": { "texture": "#null", "uv": [ 0.0, 0.0, 14.0, 1.0 ] }
					}
				},
				{
					"name": "Cube7",
					"from": [ 0.0, 1.0, 6.0 ],
					"to": [ 14.0, 2.0, 7.0 ],
					"rotationOrigin": [ 0.0, 1.0, 6.0 ],
					"faces": {
						"north": { "texture": "#null", "uv": [ 0.0, 0.0, 14.0, 1.0 ] },
						"east": { "texture": "#null", "uv": [ 0.0, 0.0, 1.0, 1.0 ] },
						"south": { "texture": "#null", "uv": [ 0.0, 0.0, 14.0, 1.0 ] },
						"west": { "texture": "#null", "uv": [ 0.0, 0.0, 1.0, 1.0 ] },
						"up": { "texture": "#null", "uv": [ 0.0, 0.0, 14.0, 1.0 ] },
						"down": { "texture": "#null", "uv": [ 0.0, 0.0, 14.0, 1.0 ] }
					}
				},
				{
					"name": "Cube8",
					"from": [ 0.0, 1.0, 10.0 ],
					"to": [ 14.0, 2.0, 11.0 ],
					"rotationOrigin": [ 0.0, 1.0, 10.0 ],
					"faces": {
						"north": { "texture": "#null", "uv": [ 0.0, 0.0, 14.0, 1.0 ] },
						"east": { "texture": "#null", "uv": [ 0.0, 0.0, 1.0, 1.0 ] },
						"south": { "texture": "#null", "uv": [ 0.0, 0.0, 14.0, 1.0 ] },
						"west": { "texture": "#null", "uv": [ 0.0, 0.0, 1.0, 1.0 ] },
						"up": { "texture": "#null", "uv": [ 0.0, 0.0, 14.0, 1.0 ] },
						"down": { "texture": "#null", "uv": [ 0.0, 0.0, 14.0, 1.0 ] }
					}
				},
				{
					"name": "Cube9",
					"from": [ 0.0, 1.0, 14.0 ],
					"to": [ 14.0, 2.0, 15.0 ],
					"rotationOrigin": [ 0.0, 1.0, 14.0 ],
					"faces": {
						"north": { "texture": "#null", "uv": [ 0.0, 0.0, 14.0, 1.0 ] },
						"east": { "texture": "#null", "uv": [ 0.0, 0.0, 1.0, 1.0 ] },
						"south": { "texture": "#null", "uv": [ 0.0, 0.0, 14.0, 1.0 ] },
						"west": { "texture": "#null", "uv": [ 0.0, 0.0, 1.0, 1.0 ] },
						"up": { "texture": "#null", "uv": [ 0.0, 0.0, 14.0, 1.0 ] },
						"down": { "texture": "#null", "uv": [ 0.0, 0.0, 14.0, 1.0 ] }
					}
				},
				{
					"name": "Cube10",
					"from": [ 0.0, 1.0, 18.0 ],
					"to": [ 14.0, 2.0, 19.0 ],
					"rotationOrigin": [ 0.0, 1.0, 18.0 ],
					"faces": {
						"north": { "texture": "#null", "uv": [ 0.0, 0.0, 14.0, 1.0 ] },
						"east": { "texture": "#null", "uv": [ 0.0, 0.0, 1.0, 1.0 ] },
						"south": { "texture": "#null", "uv": [ 0.0, 0.0, 14.0, 1.0 ] },
						"west": { "texture": "#null", "uv": [ 0.0, 0.0, 1.0, 1.0 ] },
						"up": { "texture": "#null", "uv": [ 0.0, 0.0, 14.0, 1.0 ] },
						"down": { "texture": "#null", "uv": [ 0.0, 0.0, 14.0, 1.0 ] }
					}
				}
			]
		},
		{
			"name": "BackWall",
			"from": [ 0.0, 0.0, 0.0 ],
			"to": [ 16.0, 16.0, 1.0 ],
			"faces": {
				"north": { "texture": "#null", "uv": [ 0.0, 0.0, 16.0, 16.0 ] },
				"east": { "texture": "#null", "uv": [ 0.0, 0.0, 1.0, 16.0 ] },
				"south": { "texture": "#null", "uv": [ 0.0, 0.0, 16.0, 16.0 ] },
				"west": { "texture": "#null", "uv": [ 0.0, 0.0, 1.0, 16.0 ] },
				"up": { "texture": "#null", "uv": [ 0.0, 0.0, 16.0, 1.0 ] },
				"down": { "texture": "#null", "uv": [ 0.0, 0.0, 16.0, 1.0 ] }
			}
		},
		{
			"name": "LWall",
			"from": [ 0.0, 0.0, 0.0 ],
			"to": [ 1.0, 16.0, 16.0 ],
			"faces": {
				"north": { "texture": "#null", "uv": [ 0.0, 0.0, 1.0, 16.0 ] },
				"east": { "texture": "#null", "uv": [ 0.0, 0.0, 16.0, 16.0 ] },
				"south": { "texture": "#null", "uv": [ 0.0, 0.0, 1.0, 16.0 ] },
				"west": { "texture": "#null", "uv": [ 0.0, 0.0, 16.0, 16.0 ] },
				"up": { "texture": "#null", "uv": [ 0.0, 0.0, 1.0, 16.0 ] },
				"down": { "texture": "#null", "uv": [ 0.0, 0.0, 1.0, 16.0 ] }
			}
		},
		{
			"name": "RWall",
			"from": [ 15.0, 0.0, 0.0 ],
			"to": [ 16.0, 16.0, 16.0 ],
			"rotationOrigin": [ 15.0, 0.0, 0.0 ],
			"faces": {
				"north": { "texture": "#null", "uv": [ 0.0, 0.0, 1.0, 16.0 ] },
				"east": { "texture": "#null", "uv": [ 0.0, 0.0, 16.0, 16.0 ] },
				"south": { "texture": "#null", "uv": [ 0.0, 0.0, 1.0, 16.0 ] },
				"west": { "texture": "#null", "uv": [ 0.0, 0.0, 16.0, 16.0 ] },
				"up": { "texture": "#null", "uv": [ 0.0, 0.0, 1.0, 16.0 ] },
				"down": { "texture": "#null", "uv": [ 0.0, 0.0, 1.0, 16.0 ] }
			}
		},
		{
			"name": "Bottom",
			"from": [ 1.0, 0.0, 1.0 ],
			"to": [ 15.0, 1.0, 16.0 ],
			"rotationOrigin": [ 1.0, 0.0, 1.0 ],
			"faces": {
				"north": { "texture": "#null", "uv": [ 0.0, 0.0, 14.0, 1.0 ] },
				"east": { "texture": "#null", "uv": [ 0.0, 0.0, 15.0, 1.0 ] },
				"south": { "texture": "#null", "uv": [ 0.0, 0.0, 14.0, 1.0 ] },
				"west": { "texture": "#null", "uv": [ 0.0, 0.0, 15.0, 1.0 ] },
				"up": { "texture": "#null", "uv": [ 0.0, 0.0, 14.0, 15.0 ] },
				"down": { "texture": "#null", "uv": [ 0.0, 0.0, 14.0, 15.0 ] }
			}
		}
	]}
