{
	code: "roughhewnfence",
	class: "BlockFence",
	behaviors: [ {name: "CanAttach", properties: { sides: ["up", "down"] } }, { name: "RopeTieable" } ],
	attributes: {
		isFence: true,
		handbook: {
			groupBy: ["roughhewnfence-*"]
		}
	},
	variantgroups: [
		{ code: "wood", loadFromProperties: "wildcrafttree:block/wood" },
		{ code: "type", states: ["empty", "n", "e", "s", "w", "ne", "ns", "nw", "es", "ew", "sw", "nes", "new", "nsw", "esw", "nesw"] },
		{ code: "cover", states: ["snow"] }
	],
	"__comment": "No decorative wood hewn fence...",
	skipVariants: [ 
		"*-saxaul-*",
		"*-chlorociboria-*",
		"*-petrified-*",
		"*-guajacum-*",
		"*-charred-*",
		"*-azobe-*",
		"*-tamanu-*",
		"*-leadwood-*"
	],
	creativeinventory: { },	
	shapebytype: {
		"*-empty-snow": { base: "game:block/wood/roughfence/snow-empty" },
		"*-n-snow": { base: "game:block/wood/roughfence/snow-w1", rotateY: 270, alternates: [ { base: "game:block/wood/roughfence/snow-w2", rotateY: 270 }, { base: "game:block/wood/roughfence/snow-w3", rotateY: 270 } ] },
		"*-e-snow": { base: "game:block/wood/roughfence/snow-w1", rotateY: 180, alternates: [ { base: "game:block/wood/roughfence/snow-w2", rotateY: 180 }, { base: "game:block/wood/roughfence/snow-w3", rotateY: 180 } ] },
		"*-s-snow": { base: "game:block/wood/roughfence/snow-w1", rotateY: 90, alternates: [ { base: "game:block/wood/roughfence/snow-w2", rotateY: 90 }, { base: "game:block/wood/roughfence/snow-w3", rotateY: 90 } ] },
		"*-w-snow": { base: "game:block/wood/roughfence/snow-w1", rotateY: 0, alternates: [ { base: "game:block/wood/roughfence/snow-w2", rotateY: 0 }, { base: "game:block/wood/roughfence/snow-w3", rotateY: 0 } ] },

		"*-ns-snow": { base: "game:block/wood/roughfence/snow-ew1", rotateY: 90, alternates: [ { base: "game:block/wood/roughfence/snow-ew2", rotateY: 90 }, { base: "game:block/wood/roughfence/snow-ew3", rotateY: 90 } ] },
		"*-ew-snow": { base: "game:block/wood/roughfence/snow-ew1", rotateY: 0, alternates: [ { base: "game:block/wood/roughfence/snow-ew2", rotateY: 0 }, { base: "game:block/wood/roughfence/snow-ew3", rotateY: 0 } ] },
		
		"*-ne-snow": { base: "game:block/wood/roughfence/snow-sw1", rotateY: 180, alternates: [ { base: "game:block/wood/roughfence/snow-sw2", rotateY: 180 }, { base: "game:block/wood/roughfence/snow-sw3", rotateY: 180 } ] },
		"*-nw-snow": { base: "game:block/wood/roughfence/snow-sw1", rotateY: 270, alternates: [ { base: "game:block/wood/roughfence/snow-sw2", rotateY: 270 }, { base: "game:block/wood/roughfence/snow-sw3", rotateY: 270 } ] },
		"*-es-snow": { base: "game:block/wood/roughfence/snow-sw1", rotateY: 90, alternates: [ { base: "game:block/wood/roughfence/snow-sw2", rotateY: 90 }, { base: "game:block/wood/roughfence/snow-sw3", rotateY: 90 } ] },
		"*-sw-snow": { base: "game:block/wood/roughfence/snow-sw1", rotateY: 0, alternates: [ { base: "game:block/wood/roughfence/snow-sw2", rotateY: 0 }, { base: "game:block/wood/roughfence/snow-sw3", rotateY: 0 } ] },
		
		"*-nes-snow": { base: "game:block/wood/roughfence/snow-nsw1", rotateY: 180, alternates: [ { base: "game:block/wood/roughfence/snow-nsw2", rotateY: 180 }, { base: "game:block/wood/roughfence/snow-nsw3", rotateY: 180 } ] },
		"*-new-snow": { base: "game:block/wood/roughfence/snow-nsw1", rotateY: 270, alternates: [ { base: "game:block/wood/roughfence/snow-nsw2", rotateY: 270 }, { base: "game:block/wood/roughfence/snow-nsw3", rotateY: 270 } ] },
		"*-nsw-snow": { base: "game:block/wood/roughfence/snow-nsw1", rotateY: 0, alternates: [ { base: "game:block/wood/roughfence/snow-nsw2", rotateY: 0 }, { base: "game:block/wood/roughfence/snow-nsw3", rotateY: 0 } ] },
		"*-esw-snow": { base: "game:block/wood/roughfence/snow-nsw1", rotateY: 90, alternates: [ { base: "game:block/wood/roughfence/snow-nsw2", rotateY: 90 }, { base: "game:block/wood/roughfence/snow-nsw3", rotateY: 90 } ] },
		
		"*-nesw-snow": { base: "game:block/wood/roughfence/snow-nesw1", rotateY: 0, alternates: [ { base: "game:block/wood/roughfence/snow-nesw2", rotateY: 0 }, { base: "game:block/wood/roughfence/snow-nesw3", rotateY: 0 } ] }
	},
	drawtypeByType: {
		"*-free": "JSON",
		"*-snow": "JSONAndSnowLayer",
	},
	blockmaterial: "Wood",
	textures: {
		"wattlefence": { base: "wildcrafttree:block/wood/roughfence/{wood}" },
		"wattlefence2": { base: "wildcrafttree:block/wood/roughfence/{wood}2" }
	},
	sidesolid: {
		all: false
	},
	sideopaqueByType: {
		"*-snow": { all: false, down: true },
		"*": { all: false }
	},
	resistance: 3,
	lightAbsorption: 0,
	sounds: {
		"place": "game:block/planks",
		"hit": "game:block/planks",
		"break": "game:block/planks",
		"walk": "game:walk/wood"
	},
	selectionboxbytype: {
		"*-empty-*": { x1: 0.375, y1: 0, z1: 0.375, x2: 0.625, y2: 1.0625, z2: 0.625 },
		"*-n-*": { x1: 0, y1: 0, z1: 0.375, x2: 0.625, y2: 1.0625, z2:  0.625, rotateY: 270},
		"*-e-*": { x1: 0, y1: 0, z1: 0.375, x2: 0.625, y2: 1.0625, z2:  0.625, rotateY: 180},
		"*-s-*": { x1: 0, y1: 0, z1: 0.375, x2: 0.625, y2: 1.0625, z2:  0.625, rotateY: 90},
		"*-w-*": { x1: 0, y1: 0, z1: 0.375, x2: 0.625, y2: 1.0625, z2:  0.625},
		
		"*-ns-*": { x1: 0, y1: 0, z1: 0.375, x2: 1, y2: 1.0625, z2:  0.625, rotateY: 90},
		"*-gns-*": { x1: 0, y1: 0, z1: 0.375, x2: 1, y2: 1.0625, z2:  0.625, rotateY: 90},
		"*-ngs-*": { x1: 0, y1: 0, z1: 0.375, x2: 1, y2: 1.0625, z2:  0.625, rotateY: 90},
		"*-ew-*": { x1: 0, y1: 0, z1: 0.375, x2: 1, y2: 1.0625, z2:  0.625},
		"*-egw-*": { x1: 0, y1: 0, z1: 0.375, x2: 1, y2: 1.0625, z2:  0.625},
		"*-gew-*": { x1: 0, y1: 0, z1: 0.375, x2: 1, y2: 1.0625, z2:  0.625},
	},
	selectionboxesbytype: {
		"*-sw-*": [ { x1: 0.375, y1: 0, z1: 0.375, x2: 0.625, y2: 1.0625, z2: 1 }, { x1: 0, y1: 0, z1: 0.375, x2: 0.375, y2: 1.0625, z2: 0.625, rotateY: 0 } ],
		"*-ne-*": [ { x1: 0.375, y1: 0, z1: 0.375, x2: 0.625, y2: 1.0625, z2: 1, rotateY: 180 }, { x1: 0, y1: 0, z1: 0.375, x2: 0.375, y2: 1.0625, z2: 0.625, rotateY: 180 } ] ,
		"*-nw-*": [ { x1: 0.375, y1: 0, z1: 0.375, x2: 0.625, y2: 1.0625, z2: 1, rotateY: 270 }, { x1: 0, y1: 0, z1: 0.375, x2: 0.375, y2: 1.0625, z2: 0.625, rotateY: 270 } ],
		"*-es-*": [ { x1: 0.375, y1: 0, z1: 0.375, x2: 0.625, y2: 1.0625, z2: 1, rotateY: 90 }, { x1: 0, y1: 0, z1: 0.375, x2: 0.375, y2: 1.0625, z2: 0.625, rotateY: 90 } ],
		
		"*-nes-*": [ { x1: 0.375, y1: 0, z1: 0, x2: 0.625, y2: 1.0625, z2: 1, rotateY: 180 }, { x1: 0, y1: 0, z1: 0.375, x2: 0.375, y2: 1.0625, z2: 0.625, rotateY: 180 } ],
		"*-new-*": [ { x1: 0.375, y1: 0, z1: 0, x2: 0.625, y2: 1.0625, z2: 1, rotateY: 270 }, { x1: 0, y1: 0, z1: 0.375, x2: 0.375, y2: 1.0625, z2: 0.625, rotateY: 270 } ],
		"*-nsw-*": [ { x1: 0.375, y1: 0, z1: 0, x2: 0.625, y2: 1.0625, z2: 1, rotateY: 0 }, { x1: 0, y1: 0, z1: 0.375, x2: 0.375, y2: 1.0625, z2: 0.625, rotateY: 0 } ],
		"*-esw-*": [ { x1: 0.375, y1: 0, z1: 0, x2: 0.625, y2: 1.0625, z2: 1, rotateY: 90 }, { x1: 0, y1: 0, z1: 0.375, x2: 0.375, y2: 1.0625, z2: 0.625, rotateY: 90 } ],
		
		"*-nesw-*": [ { x1: 0.375, y1: 0, z1: 0, x2: 0.625, y2: 1.0625, z2: 1 }, { x1: 0, y1: 0, z1: 0.375, x2: 1, y2: 1.0625, z2: 0.625 } ]
	},
	
	collisionboxbytype: {
		"*-empty-*": { x1: 0.375, y1: 0, z1: 0.375, x2: 0.625, y2: 1.3125, z2: 0.625 },
		"*-n-*": { x1: 0, y1: 0, z1: 0.375, x2: 0.625, y2: 1.3125, z2: 0.625, rotateY: 270},
		"*-e-*": { x1: 0, y1: 0, z1: 0.375, x2: 0.625, y2: 1.3125, z2: 0.625, rotateY: 180},
		"*-s-*": { x1: 0, y1: 0, z1: 0.375, x2: 0.625, y2: 1.3125, z2: 0.625, rotateY: 90},
		"*-w-*": { x1: 0, y1: 0, z1: 0.375, x2: 0.625, y2: 1.3125, z2: 0.625},
		
		"*-ns-*": { x1: 0, y1: 0, z1: 0.375, x2: 1, y2: 1.3125, z2: 0.625, rotateY: 90},
		"*-gns-*": { x1: 0, y1: 0, z1: 0.375, x2: 1, y2: 1.3125, z2: 0.625, rotateY: 90},
		"*-ngs-*": { x1: 0, y1: 0, z1: 0.375, x2: 1, y2: 1.3125, z2: 0.625, rotateY: 90},
		"*-ew-*": { x1: 0, y1: 0, z1: 0.375, x2: 1, y2: 1.3125, z2: 0.625},
		"*-egw-*": { x1: 0, y1: 0, z1: 0.375, x2: 1, y2: 1.3125, z2: 0.625},
		"*-gew-*": { x1: 0, y1: 0, z1: 0.375, x2: 1, y2: 1.3125, z2: 0.625},
	},
	collisionboxesbytype: {
		"*-sw-*": [ { x1: 0.375, y1: 0, z1: 0.375, x2: 0.625, y2: 1.3125, z2: 1 }, { x1: 0, y1: 0, z1: 0.375, x2: 0.375, y2: 1.3125, z2: 0.625, rotateY: 0 } ],
		"*-ne-*": [ { x1: 0.375, y1: 0, z1: 0.375, x2: 0.625, y2: 1.3125, z2: 1, rotateY: 180 }, { x1: 0, y1: 0, z1: 0.375, x2: 0.375, y2: 1.3125, z2: 0.625, rotateY: 180 } ] ,
		"*-nw-*": [ { x1: 0.375, y1: 0, z1: 0.375, x2: 0.625, y2: 1.3125, z2: 1, rotateY: 270 }, { x1: 0, y1: 0, z1: 0.375, x2: 0.375, y2: 1.3125, z2: 0.625, rotateY: 270 } ],
		"*-es-*": [ { x1: 0.375, y1: 0, z1: 0.375, x2: 0.625, y2: 1.3125, z2: 1, rotateY: 90 }, { x1: 0, y1: 0, z1: 0.375, x2: 0.375, y2: 1.3125, z2: 0.625, rotateY: 90 } ],
		
		"*-nes-*": [ { x1: 0.375, y1: 0, z1: 0, x2: 0.625, y2: 1.3125, z2: 1, rotateY: 180 }, { x1: 0, y1: 0, z1: 0.375, x2: 0.375, y2: 1.3125, z2: 0.625, rotateY: 180 } ],
		"*-new-*": [ { x1: 0.375, y1: 0, z1: 0, x2: 0.625, y2: 1.3125, z2: 1, rotateY: 270 }, { x1: 0, y1: 0, z1: 0.375, x2: 0.375, y2: 1.3125, z2: 0.625, rotateY: 270 } ],
		"*-nsw-*": [ { x1: 0.375, y1: 0, z1: 0, x2: 0.625, y2: 1.3125, z2: 1, rotateY: 0 }, { x1: 0, y1: 0, z1: 0.375, x2: 0.375, y2: 1.3125, z2: 0.625, rotateY: 0 } ],
		"*-esw-*": [ { x1: 0.375, y1: 0, z1: 0, x2: 0.625, y2: 1.3125, z2: 1, rotateY: 90 }, { x1: 0, y1: 0, z1: 0.375, x2: 0.375, y2: 1.3125, z2: 0.625, rotateY: 90 } ],
		
		"*-nesw-*": [ { x1: 0.375, y1: 0, z1: 0, x2: 0.625, y2: 1.3125, z2: 1 }, { x1: 0, y1: 0, z1: 0.375, x2: 1, y2: 1.3125, z2: 0.625 } ]
	},
	combustiblePropsByType: {
                "*-petrified-*": null,
		"*": {
			burnTemperature: 600,
			burnDuration: 10,
		}
	},
	materialDensity: 600,
	guiTransform: {
		origin: { x: 0.5, y: 0.45, z: 0.5 },
		scale: 1.35
	},
	tpHandTransform: {
		translation: { x: -1.5, y: -1, z: -1.2 },
		rotation: { x: 5, y: -3, z: -96 },
		scale: 0.37
	},
	groundTransform: {
		translation: { x: 0, y: 0.05, z: 0 },
		rotation: { x: 90, y: -45, z: 0 },
		origin: { x: 0.5, y: 0, z: 0.5 },
		scale: 2.07
	}
}