{
    "GameVersion": "1.19.7",
    "SizeX": 11,
    "SizeY": 10,
    "SizeZ": 16,
    "BlockCodes": {
        "9698": "game:supportbeam-aged",
        "2966": "game:cobblestone-granite",
        "2852": "game:cobblestoneslab-granite-down-free",
        "5107": "game:gravel-granite",
        "9493": "game:agedstonebricks-granite",
        "2339": "game:slantedroofing-fireclay-south-free",
        "5122": "game:looseboulders-granite-free",
        "16414": "game:rocktyped-rubble-free",
        "5535": "game:loosestones-granite-free",
        "4154": "game:drystone-granite",
        "2757": "game:cobblestoneslab-granite-north-free",
        "2329": "game:slantedroofing-fireclay-east-free",
        "7277": "game:planks-aged-ns",
        "2814": "game:cobblestoneslab-granite-west-free",
        "3061": "game:cobblestonestairs-granite-up-south-free",
        "7355": "game:plankslab-aged-up-free",
        "9521": "game:door-ruined-rough3",
        "3023": "game:cobblestonestairs-granite-up-east-free",
        "2776": "game:cobblestoneslab-granite-east-free",
        "8610": "game:groundstorage",
        "2795": "game:cobblestoneslab-granite-south-free"
    },
    "ItemCodes": {
        "1462": "game:shingle-burned-fire"
    },
    "Indices": [
        4096,
        5120,
        1052672,
        1053696,
        2101248,
        2102272,
        3150848,
        2049,
        3073,
        4097,
        5121,
        6145,
        7169,
        8193,
        9217,
        10241,
        11265,
        12289,
        13313,
        14337,
        15361,
        1050625,
        1051649,
        1052673,
        1053697,
        1054721,
        1055745,
        1056769,
        1057793,
        1058817,
        1059841,
        1060865,
        1061889,
        1062913,
        1063937,
        2099201,
        2100225,
        2101249,
        2102273,
        2103297,
        2104321,
        2105345,
        2106369,
        2107393,
        2108417,
        2109441,
        2110465,
        2111489,
        2112513,
        3149825,
        3150849,
        3151873,
        3153921,
        3155969,
        3156993,
        3158017,
        2050,
        3074,
        4098,
        5122,
        6146,
        7170,
        8194,
        9218,
        10242,
        11266,
        12290,
        13314,
        14338,
        15362,
        1050626,
        1051650,
        1052674,
        1053698,
        1054722,
        1055746,
        1056770,
        1057794,
        1058818,
        1059842,
        1060866,
        1061890,
        1062914,
        1063938,
        2099202,
        2100226,
        2101250,
        2102274,
        2103298,
        2104322,
        2105346,
        2106370,
        2107394,
        2108418,
        2109442,
        2110466,
        2111490,
        2112514,
        3147778,
        3148802,
        3149826,
        3150850,
        3151874,
        3154946,
        3155970,
        3156994,
        3158018,
        4198402,
        4199426,
        4200450,
        4204546,
        4205570,
        4206594,
        5246978,
        5248002,
        6293506,
        8396802,
        8401922,
        1027,
        2051,
        3075,
        4099,
        5123,
        6147,
        7171,
        8195,
        9219,
        10243,
        11267,
        12291,
        13315,
        14339,
        15363,
        1049603,
        1050627,
        1051651,
        1052675,
        1053699,
        1054723,
        1055747,
        1056771,
        1057795,
        1058819,
        1059843,
        1060867,
        1061891,
        1062915,
        1063939,
        2098179,
        2099203,
        2100227,
        2101251,
        2102275,
        2103299,
        2104323,
        2105347,
        2106371,
        2107395,
        2108419,
        2109443,
        2110467,
        2111491,
        2112515,
        3146755,
        3147779,
        3148803,
        3149827,
        3150851,
        3151875,
        3152899,
        3153923,
        3154947,
        3155971,
        3156995,
        3158019,
        3159043,
        3160067,
        4196355,
        4197379,
        4198403,
        4199427,
        4200451,
        4201475,
        4202499,
        4203523,
        4204547,
        4205571,
        4206595,
        4207619,
        5244931,
        5245955,
        5246979,
        5248003,
        5249027,
        5250051,
        5251075,
        5252099,
        5253123,
        5254147,
        5255171,
        5256195,
        5257219,
        6293507,
        6294531,
        6295555,
        6296579,
        6297603,
        6298627,
        6299651,
        6300675,
        6301699,
        6302723,
        6303747,
        6304771,
        7342083,
        7343107,
        7345155,
        7346179,
        7347203,
        7348227,
        7349251,
        7350275,
        7351299,
        7352323,
        7353347,
        8394755,
        8395779,
        8396803,
        8401923,
        8402947,
        9444355,
        4,
        1028,
        2052,
        3076,
        4100,
        5124,
        6148,
        7172,
        8196,
        9220,
        10244,
        11268,
        12292,
        13316,
        14340,
        15364,
        1048580,
        1049604,
        1050628,
        1051652,
        1052676,
        1053700,
        1054724,
        1055748,
        1056772,
        1057796,
        1058820,
        1059844,
        1060868,
        1061892,
        1062916,
        1063940,
        2097156,
        2098180,
        2099204,
        2100228,
        2101252,
        2102276,
        2103300,
        2104324,
        2105348,
        2106372,
        2107396,
        2108420,
        2109444,
        2110468,
        2111492,
        2112516,
        3145732,
        3146756,
        3147780,
        3148804,
        3151876,
        3152900,
        3153924,
        3156996,
        3158020,
        3159044,
        3160068,
        3161092,
        4196356,
        4199428,
        4200452,
        4201476,
        4202500,
        4207620,
        5244932,
        5245956,
        5246980,
        5249028,
        5250052,
        5251076,
        5256196,
        6293508,
        6294532,
        6298628,
        6299652,
        6304772,
        7348228,
        5,
        1029,
        2053,
        3077,
        4101,
        5125,
        6149,
        7173,
        8197,
        9221,
        10245,
        11269,
        12293,
        13317,
        14341,
        15365,
        1048581,
        1049605,
        1050629,
        1051653,
        1052677,
        1053701,
        1054725,
        1055749,
        1056773,
        1057797,
        1058821,
        1059845,
        1060869,
        1061893,
        1062917,
        1063941,
        2097157,
        2098181,
        2099205,
        2100229,
        2101253,
        2102277,
        2103301,
        2104325,
        2105349,
        2106373,
        2107397,
        2108421,
        2109445,
        2110469,
        2111493,
        2112517,
        3145733,
        3147781,
        3150853,
        3151877,
        3152901,
        3153925,
        3158021,
        3159045,
        3161093,
        4196357,
        4201477,
        4206597,
        4207621,
        4208645,
        5244933,
        5245957,
        5251077,
        5252101,
        5256197,
        6293509,
        6299653,
        6300677,
        6304773,
        7342085,
        7348229,
        7353349,
        6,
        1030,
        2054,
        3078,
        4102,
        5126,
        6150,
        7174,
        8198,
        9222,
        10246,
        11270,
        12294,
        13318,
        14342,
        15366,
        1048582,
        1049606,
        1050630,
        1051654,
        1052678,
        1053702,
        1054726,
        1055750,
        1056774,
        1057798,
        1058822,
        1059846,
        1060870,
        1061894,
        1062918,
        1063942,
        2097158,
        2098182,
        2099206,
        2100230,
        2101254,
        2102278,
        2103302,
        2104326,
        2105350,
        2106374,
        2107398,
        2108422,
        2109446,
        2110470,
        2111494,
        2112518,
        3146758,
        3147782,
        3150854,
        3151878,
        3152902,
        3153926,
        3158022,
        3159046,
        3160070,
        3161094,
        4195334,
        4196358,
        4202502,
        4206598,
        4207622,
        4208646,
        5244934,
        5245958,
        5250054,
        5251078,
        5252102,
        5253126,
        5255174,
        5256198,
        6293510,
        6304774,
        7353350,
        7,
        1031,
        2055,
        3079,
        4103,
        5127,
        6151,
        7175,
        8199,
        9223,
        10247,
        11271,
        12295,
        13319,
        14343,
        15367,
        1048583,
        1049607,
        1050631,
        1051655,
        1052679,
        1053703,
        1054727,
        1055751,
        1056775,
        1057799,
        1058823,
        1059847,
        1060871,
        1061895,
        1062919,
        1063943,
        2097159,
        2098183,
        2099207,
        2100231,
        2101255,
        2102279,
        2103303,
        2104327,
        2105351,
        2106375,
        2107399,
        2108423,
        2109447,
        2110471,
        2111495,
        2112519,
        3145735,
        3146759,
        3147783,
        3151879,
        3152903,
        3153927,
        3158023,
        3159047,
        3160071,
        3161095,
        4196359,
        4202503,
        4206599,
        4207623,
        5244935,
        5245959,
        5246983,
        5248007,
        5249031,
        5250055,
        5251079,
        5252103,
        5253127,
        5254151,
        5255175,
        5256199,
        6293511,
        6296583,
        6299655,
        6302727,
        6304775,
        7342087,
        7348231,
        8396807,
        8,
        1032,
        2056,
        3080,
        4104,
        5128,
        6152,
        7176,
        8200,
        9224,
        10248,
        11272,
        12296,
        13320,
        14344,
        15368,
        1048584,
        1049608,
        1050632,
        1051656,
        1052680,
        1053704,
        1054728,
        1055752,
        1056776,
        1057800,
        1058824,
        1059848,
        1060872,
        1061896,
        1062920,
        1063944,
        2097160,
        2098184,
        2099208,
        2100232,
        2101256,
        2102280,
        2103304,
        2104328,
        2105352,
        2106376,
        2107400,
        2108424,
        2109448,
        2110472,
        2111496,
        2112520,
        3145736,
        3146760,
        3147784,
        3148808,
        3149832,
        3150856,
        3151880,
        3152904,
        3153928,
        3154952,
        3155976,
        3157000,
        3158024,
        3159048,
        4196360,
        4197384,
        4198408,
        4199432,
        4200456,
        4201480,
        4202504,
        4203528,
        4204552,
        4205576,
        4206600,
        4207624,
        5244936,
        5245960,
        5246984,
        5248008,
        5249032,
        5250056,
        5251080,
        5252104,
        5253128,
        5254152,
        5255176,
        5256200,
        6292488,
        6293512,
        6294536,
        6295560,
        6296584,
        6297608,
        6298632,
        6299656,
        6300680,
        6301704,
        6302728,
        6303752,
        6304776,
        7346184,
        7347208,
        7348232,
        7351304,
        7352328,
        7353352,
        8395784,
        9444360,
        9,
        1033,
        2057,
        3081,
        4105,
        5129,
        6153,
        7177,
        8201,
        9225,
        10249,
        11273,
        12297,
        13321,
        14345,
        15369,
        1048585,
        1049609,
        1050633,
        1051657,
        1052681,
        1053705,
        1054729,
        1055753,
        1056777,
        1057801,
        1058825,
        1059849,
        1060873,
        1061897,
        1062921,
        1063945,
        2097161,
        2098185,
        2099209,
        2100233,
        2101257,
        2102281,
        2103305,
        2104329,
        2105353,
        2106377,
        2107401,
        2108425,
        2109449,
        2110473,
        2111497,
        2112521,
        3146761,
        3147785,
        3148809,
        3149833,
        3159049,
        5256201,
        8396809,
        1034,
        2058,
        3082,
        4106,
        5130,
        6154,
        7178,
        8202,
        9226,
        10250,
        11274,
        12298,
        13322,
        14346,
        15370,
        1049610,
        1050634,
        1051658,
        1052682,
        1053706,
        1054730,
        1055754,
        1056778,
        1057802,
        1058826,
        1059850,
        1060874,
        1061898,
        1062922,
        1063946,
        2098186,
        2099210,
        2100234,
        2101258,
        2102282,
        2103306,
        2104330,
        2105354,
        2106378,
        2107402,
        2108426,
        2109450,
        2110474,
        2111498,
        2112522
    ],
    "BlockIds": [
        2966,
        2966,
        2966,
        2966,
        2966,
        2966,
        2852,
        2966,
        2966,
        2966,
        2966,
        2966,
        2966,
        2966,
        2966,
        2966,
        2966,
        2966,
        2966,
        2966,
        2966,
        2966,
        2966,
        2966,
        2966,
        2966,
        2966,
        2966,
        2966,
        2966,
        2966,
        2966,
        2966,
        2966,
        2966,
        2966,
        2966,
        2966,
        2966,
        2966,
        2966,
        2966,
        2966,
        2966,
        2966,
        2966,
        2966,
        2966,
        2966,
        5107,
        9493,
        5107,
        2339,
        2852,
        5107,
        2852,
        2966,
        2966,
        2966,
        2966,
        2966,
        2966,
        2966,
        2966,
        2966,
        2966,
        2966,
        2966,
        2966,
        2966,
        2966,
        2966,
        2966,
        2966,
        2966,
        2966,
        2966,
        2966,
        2966,
        2966,
        2966,
        2966,
        2966,
        2966,
        2966,
        2966,
        2966,
        2966,
        2966,
        2966,
        2966,
        2966,
        2966,
        2966,
        2966,
        2966,
        2966,
        2966,
        2852,
        5107,
        5107,
        5107,
        5107,
        2852,
        5107,
        5107,
        5107,
        5107,
        9493,
        5122,
        5122,
        2852,
        16414,
        16414,
        5535,
        9698,
        9698,
        9698,
        2966,
        2966,
        2966,
        2966,
        2966,
        2966,
        2966,
        2966,
        2966,
        2966,
        2966,
        2966,
        2966,
        2966,
        2966,
        2966,
        2966,
        2966,
        2966,
        2966,
        2966,
        2966,
        2966,
        2966,
        2966,
        2966,
        2966,
        2966,
        2966,
        2966,
        2966,
        2966,
        2966,
        2966,
        2966,
        2966,
        2966,
        2966,
        2966,
        2966,
        2966,
        2966,
        2966,
        2966,
        2966,
        9698,
        2966,
        9493,
        2966,
        2966,
        9493,
        9493,
        2966,
        4154,
        9493,
        2966,
        4154,
        9493,
        9698,
        2966,
        4154,
        2966,
        2966,
        4154,
        2966,
        4154,
        2966,
        2966,
        9493,
        2966,
        2966,
        4154,
        2966,
        9493,
        9493,
        9493,
        2966,
        9493,
        9493,
        2966,
        4154,
        4154,
        2966,
        9698,
        2966,
        9493,
        2966,
        4154,
        2966,
        9493,
        2966,
        4154,
        2966,
        9493,
        2966,
        4154,
        2966,
        16414,
        2966,
        16414,
        9493,
        9493,
        2966,
        2757,
        16414,
        2966,
        2966,
        9493,
        4154,
        9493,
        16414,
        9698,
        2329,
        2966,
        2966,
        2966,
        2966,
        5107,
        5107,
        2966,
        2966,
        2966,
        7277,
        7277,
        2966,
        2966,
        2966,
        2966,
        2966,
        2966,
        2966,
        2966,
        2966,
        5107,
        5107,
        2966,
        2966,
        2966,
        7277,
        7277,
        2966,
        2966,
        2966,
        2966,
        5107,
        2966,
        2966,
        2966,
        2966,
        5107,
        5107,
        2966,
        2966,
        2966,
        7277,
        7277,
        2966,
        2966,
        2966,
        2966,
        5107,
        5107,
        9493,
        2966,
        2814,
        5107,
        5107,
        9493,
        3061,
        9493,
        2966,
        5107,
        2852,
        4154,
        2852,
        9493,
        5107,
        2966,
        9493,
        4154,
        7355,
        7355,
        2852,
        9493,
        2966,
        2966,
        4154,
        16414,
        16414,
        4154,
        9493,
        2966,
        2966,
        2966,
        2966,
        5107,
        5107,
        5107,
        5107,
        2966,
        2966,
        7277,
        2966,
        7277,
        2966,
        2966,
        5107,
        2966,
        2966,
        2966,
        2966,
        5107,
        5107,
        5107,
        5107,
        2966,
        2966,
        7277,
        2966,
        7277,
        2966,
        2966,
        5107,
        2966,
        2966,
        2966,
        2966,
        5107,
        5107,
        5107,
        5107,
        2966,
        2966,
        7277,
        2966,
        7277,
        2966,
        2966,
        5107,
        2966,
        2852,
        2814,
        2852,
        9493,
        5107,
        9521,
        2966,
        4154,
        4154,
        2814,
        2852,
        3023,
        9493,
        2852,
        4154,
        7355,
        9493,
        7355,
        4154,
        2966,
        2966,
        16414,
        2966,
        16414,
        2966,
        5535,
        2966,
        2966,
        2966,
        2966,
        5107,
        5107,
        2966,
        2966,
        2966,
        7277,
        2966,
        7277,
        2966,
        2966,
        2966,
        2966,
        2966,
        2966,
        2966,
        2966,
        5107,
        5107,
        2966,
        2966,
        2966,
        7277,
        2966,
        7277,
        2966,
        2966,
        2966,
        5107,
        2966,
        2966,
        2966,
        2966,
        5107,
        5107,
        2966,
        2966,
        2966,
        7277,
        2966,
        7277,
        2966,
        2966,
        2966,
        5107,
        5107,
        2776,
        2852,
        8610,
        2339,
        9493,
        9493,
        2966,
        5107,
        2852,
        16414,
        2776,
        4154,
        2966,
        2966,
        2852,
        4154,
        7355,
        7355,
        2966,
        7355,
        7355,
        3023,
        2966,
        9493,
        2966,
        5535,
        2966,
        2966,
        2966,
        2966,
        2966,
        2966,
        2966,
        2966,
        2966,
        2966,
        7277,
        2966,
        2966,
        2966,
        5107,
        2966,
        2966,
        2966,
        2966,
        2966,
        2966,
        2966,
        2966,
        2966,
        2966,
        2966,
        7277,
        2966,
        2966,
        2966,
        5107,
        5107,
        2966,
        2966,
        2966,
        2966,
        2966,
        2966,
        2966,
        2966,
        2966,
        2966,
        7277,
        2966,
        2966,
        2966,
        5107,
        5107,
        5107,
        5107,
        9493,
        8610,
        8610,
        2966,
        4154,
        4154,
        4154,
        2852,
        4154,
        2966,
        2966,
        4154,
        4154,
        7355,
        7355,
        7355,
        7355,
        7355,
        4154,
        7355,
        7355,
        7355,
        9493,
        4154,
        2966,
        16414,
        4154,
        5122,
        2966,
        5122,
        2966,
        5122,
        2966,
        2966,
        2966,
        2966,
        2966,
        2966,
        2966,
        2966,
        2966,
        2966,
        2966,
        2966,
        2966,
        2966,
        2966,
        2966,
        2966,
        2966,
        2966,
        2966,
        2966,
        2966,
        2966,
        2966,
        2966,
        2966,
        2966,
        2966,
        2966,
        2966,
        2966,
        5107,
        2966,
        2966,
        2966,
        2966,
        2966,
        2966,
        2966,
        2966,
        2966,
        2966,
        2966,
        2966,
        2966,
        2966,
        2966,
        5107,
        2852,
        5107,
        2966,
        2966,
        2757,
        2795,
        2757,
        2795,
        9493,
        4154,
        2966,
        2966,
        9493,
        9493,
        2966,
        4154,
        2757,
        2795,
        2757,
        2795,
        9493,
        2966,
        2852,
        2966,
        4154,
        9493,
        2966,
        9493,
        9493,
        2966,
        2966,
        4154,
        2966,
        2966,
        9493,
        2966,
        2966,
        2966,
        9698,
        4154,
        2852,
        2852,
        4154,
        2966,
        9493,
        2966,
        4154,
        2966,
        9493,
        2966,
        9493,
        2852,
        9493,
        9493,
        5535,
        5122,
        9698,
        2966,
        16414,
        2966,
        2966,
        2966,
        2966,
        2966,
        2966,
        5107,
        5107,
        2966,
        2966,
        2966,
        2966,
        2966,
        2966,
        2966,
        2966,
        2966,
        2966,
        2966,
        2966,
        2966,
        2966,
        5107,
        5107,
        2966,
        2966,
        2966,
        2966,
        2966,
        2966,
        2966,
        2966,
        2966,
        2966,
        2966,
        2966,
        2966,
        2966,
        5107,
        5107,
        2966,
        2966,
        2966,
        2966,
        2966,
        2966,
        2966,
        2966,
        2852,
        2852,
        2852,
        2757,
        9698,
        9698,
        9698,
        2966,
        2966,
        5107,
        2966,
        2966,
        2966,
        2966,
        5107,
        5107,
        2966,
        2966,
        5107,
        5107,
        5107,
        2966,
        2966,
        2966,
        5107,
        2966,
        2966,
        2966,
        2966,
        5107,
        5107,
        2966,
        2966,
        5107,
        5107,
        5107,
        2966,
        2966,
        2966,
        5107,
        2966,
        2966,
        2966,
        2966,
        5107,
        5107,
        2966,
        2966,
        5107,
        5107,
        5107,
        2966
    ],
    "DecorIndices": [],
    "DecorIds": [],
    "BlockEntities": {
        "4206594": "!<d@[F*R6\"#64c-E,TfCC]FG8!<d@[F*a>'#64o6@VfsmCI<#NAJK6(@r$13E+NQ3Ecki#Ch521Eb/ec\"E\\p.AJT</@Ua.b/R`^6Cgh?>/SB*4DJ=3(\":&scFCB9&=9&=$!!EUFATMNNDJ*csjNEk(\":&scFCB9&=o\\O&!!rsADes6$@ru9m!!E[MAT2'lE`7'gFCbFP!!!!",
        "5246978": "!<d@[F*R6\"#64c-E,TfCD#aP9!<d@[F*a%t#64o6@VfsmCI<#NAJK6(@r$13E+NQ3Ecki#Ch521Eb/ec\"E\\p.AJT</@Ua.b/R`^6Cgh?>/SB*4DJ=3(\":&scFCB9&=9&=$!!EUFATMNNDJ*csjNEk(\":&scFCB9&=o\\O&!!rsADes6$@ru9m!!E[MAT2'lE`7'gFCbFP!!!!",
        "6293506": "!<d@[F*R6\"#64c-E,TfCD?'Y:!<d@[F*`tr#64o6@VfsmCI<#NAIrp*E,]`9FCJfiD(T1/ARl&M@V&tbEutAh*=;rZ!!%O6&e>HGs*m6Jj38\"?*<6()5oATS+9MT",
        "8396802": "!<d@[F*R6\"#64c-E,TfCDu]k<!<d@[F*a2##64o6@VfsmCI<#NAIrp*E,]`9FCJfiD(T1/ARl&M@V&tbF\"%(r-OL@n!!%O6'`\\5a590_(!'_),%0-BY58=.uTYMT9s8P8\"i_(Br!!",
        "8401922": "!<d@[F*R6\"#64c-E,TfCDu]k<!<d@[F*aA(#64o6@VfsmCI<#NAIrp*E,]`9FCJfiD(T1/ARl&M@V&tbF\"%(r-OL@n!!%O6'`\\5a590_(J3OYW%JTmP58EqmIm4qR!&25+i_(Br!!",
        "3146755": "!<d@[F*R9##64c-E,TfCCB+>7!<d@[F*`qq#64o6@VfsmCI<#NAIrp*E,]`9FCJfiD(T1/ARl&M@V&tbEuG#c(^^Ee!!%O6&df?R!5Li?!!%O6(ue12\"98",
        "3160067": "!<d@[F*R9##64c-E,TfCCB+>7!<d@[F*aD)#64o6@VfsmCI<#NAIrp*E,]`9FCJfiD(T1/ARl&M@V&tbEtA<Y%LN1K\"Vh\";^d&ar9-=99",
        "5257219": "!<d@[F*R9##64c-E,TfCD#aP9!<d@[F*aD)#64o6@VfsmCI<#NAIrp*E,]`9FCJfiD(T1/ARl&M@V&tbEuG#c(^^E]!!%O6&df'J!5Li7r;V72(ue12!WW",
        "7343107": "!<d@[F*R9##64c-E,TfCDZBb;!<d@[F*a\"s#64o6@VfsmCI<#NAJK6(@r$13E+NQ3Ecki#Ch521Eb/ec\"E\\p.AJT</@Ua.b/R`^6Cgh?=/SB*4DJ=3(\":&scFCB9&=9&=$!!EUFATMNNDJ*csdSp%X\":&scFCB9&=o\\O&!!rsADes6$@ru9m!!E[MAT2'lE`7'gFCbFP!!!!",
        "7346179": "!<d@[F*R9##64c-E,TfCDZBb;!<d@[F*a,!#64o6@VfsmCI<#NAJK6(@r$13E+NQ3Ecki#Ch521Eb/ec\"E\\p.AJT</@Ua.b/R`^6Cgh?=/SB*4DJ=3(\":&scFCB9&=9&=$!!EUFATMNNDJ*csgCME@\":&scFCB9&=o\\O&!!rsADes6$@ru9m!!E[MAT2'lE`7'gFCbFP!!!!",
        "7351299": "!<d@[F*R9##64c-E,TfCDZBb;!<d@[F*a;&#64o6@VfsmCI<#NAJK6(@r$13E+NQ3Ecki#Ch521Eb/ec\"E\\p.AJT</@Ua.b/R`^6Cgh??/SB*4DJ=3(\":&scFCB9&=9&=$!!EUFATMNNDJ*csi9`0_\":&scFCB9&=o\\O&!!rsADes6$@ru9m!!E[MAT2'lE`7'gFCbFP!!!!",
        "8401923": "!<d@[F*R9##64c-E,TfCDu]k<!<d@[F*aA(#64o6@VfsmCI<#NAJK6(@r$13E+NQ3Ecki#Ch521Eb/ec\"E\\p.AJT</@Ua.b/R`^6Cgh?@/SB*4DJ=3(\":&scFCB9&=9&=$!!EUFATMNNDJ*csi9`0_\":&scFCB9&=o\\O&!!rsADes6$@ru9m!!E[MAT2'lE`7'gFCbFP!!!!",
        "8402947": "!<d@[F*R9##64c-E,TfCDu]k<!<d@[F*aD)#64o6@VfsmCI<#NAIrp*E,]`9FCJfiD(T1/ARl&M@V&tbEutAh*=;rb!!%O6&e>EO!/NlTr;Zf3*<ZB#^DPs'+9DN",
        "6294532": "!<d@[F*R<$#64c-E,TfCD?'Y:!<d@[F*a\"s#64o6@VfsmCI<#NAJK6(@r$13E+NQ3Ecki#Ch521Eb/ec\"E\\p.AJT</@Ua.b/R`^6Cgh??/SB*4DJ=3(\":&scFCB9&=9&=$!!EUFATMNNDJ*csdSp$-\":&scFCB9&=o\\O&!!rsADes6$@ru9m!!E[MAT2'lE`7'gFCbFP!!!!",
        "6298628": "!<d@[F*R<$#64c-E,TfCD?'Y:!<d@[F*a/\"#64o6@VfsmCI<#NAJK6(@r$13E+NQ3Ecki#Ch521Eb/ec\"E\\p.AJT</@Ua.b/R`^6Cgh??/SB*4DJ=3(\":&scFCB9&=9&=$!!EUFATMNNDJ*csi9`0_\":&scFCB9&=o\\O&!!rsADes6$@ru9m!!E[MAT2'lE`7'gFCbFP!!!!",
        "3153925": "!<d@[F*R?%#64c-E,TfCCB+>7!<d@[F*a2##64o6@VfsmCI<#NAJ/NlDfRFMF_P`)A1_h?F_>AD\":B0fFCB9&=]/[=gCHk@#mP<eASu'i!!s*KDK]T3F@]hXA8Ggu!!!",
        "6300677": "!<d@[F*R?%#64c-E,TfCD?'Y:!<d@[F*a5$#64o6@VfsmCI<#NAJK6(@r$13E+NQ3Ecki#Ch521Eb/ec\"E\\p.AJT</@Ua.b/R`^6Cgh??/SB*4DJ=3(\":&scFCB9&=9&=$!!EUFATMNNDJ*csdSp$-\":&scFCB9&=o\\O&!!rsADes6$@ru9m!!E[MAT2'lE`7'gFCbFP!!!!",
        "7342085": "!<d@[F*R?%#64c-E,TfCDZBb;!<d@[F*`tr#64o6@VfsmCI<#NAJK6(@r$13E+NQ3Ecki#Ch521Eb/ec\"E\\p.AJT</@Ua.b/R`^6Cgh?=/SB*4DJ=3(\":&scFCB9&=9&=$!!EUFATMNNDJ*csgCHlk\":&scFCB9&=o\\O&!!rsADes6$@ru9m!!E[MAT2'lE`7'gFCbFP!!!!",
        "3151878": "!<d@[F*RB&#64c-E,TfCCB+>7!<d@[F*a,!#64o6@VfsmCI<#NAIW9mDfor.F*)>@@:s-U$#+:#ASuU.Ed7ZiEH>r7FE7Qb!!!3,F)5c:EsD_\"!!*'\"!4E%2!\"Ao.!!WgQASlBtEaa'4Eb,=fFCf<.ATD4$F`M%e@<6NjE+EC!AH2]1!<:8C5m.R;ASlBtEaa'4Eb,4Nz!!!<;AoD^\"AQ*\\hEa`Tl:i^JnErZ=LD.Rd%6#L=OA_R_e^]=dNFECr$BLZE?AH2]1!!!",
        "4195334": "!<d@[F*RB&#64c-E,TfCC]FG8!<d@[F*`qq#64o6@VfsmCI<#NAJK6(@r$13E+NQ3Ecki#Ch521Eb/ec\"E\\p.AJT</@Ua.b/R`^6Cgh?>/SB*4DJ=3(\":&scFCB9&=9&=$!!EUFATMNNDJ*csjNA=S\":&scFCB9&=o\\O&!!rsADes6$@ru9m!!E[MAT2'lE`7'gFCbFP!!!!",
        "3151879": "!<d@[F*RE'#64c-E,TfCCB+>7!<d@[F*a,!#64o6@VfsmCI<#NAIW9mDfor.F*)>@@:s-U$#+:#ASuU.Ed7ZiEH>r7FE7Qb!!!3,F)5c:EsD_\"!!*'\"!4E%2!##>4!!WgQASlBtEaa'4Eb,=fFCf<.ATD4$F`M%e@<6NjE+EC!AH2]1!<:8C5m.R;ASlBtEaa'4Eb,4Nz!!!<;AoD^\"AQ*\\hEa`Tl:i^JnErZ=LD.Rd%6#L=OA_Ra;^B\"[MFECr$BLZE?AH2]1!!!",
        "3152903": "!<d@[F*RE'#64c-E,TfCCB+>7!<d@[F*a/\"#64o6@VfsmCI<#NAIW9mDfor.F*)>@@:s-U$#+:#ASuU.Ed7ZiEH>r7FE7Qb!!!3,F)5c:EsD_\"!!*'\"!4E%2!#Yb:!!WgQASlBtEaa'4Eb,=fFCf<.ATD4$F`M%e@<6NjE+EC!AH2]1!<:8C5m.R;ASlBtEaa'4Eb,4Nz!!!<;AoD^\"AQ*\\hEa`Tl:i^JnErZ=LD.Rd%6#L=OA_R_e^]=dNFECr$BLZE?AH2]1!!!",
        "6296583": "!<d@[F*RE'#64c-E,TfCD?'Y:!<d@[F*a(u#64o6@VfsmCI<#NAJK6(@r$13E+NQ3Ecki#Ch521Eb/ec\"E\\p.AJT</@Ua.b/R`^6Cgh??/SB*4DJ=3(\":&scFCB9&=9&=$!!EUFATMNNDJ*csi9`25\":&scFCB9&=o\\O&!!rsADes6$@ru9m!!E[MAT2'lE`7'gFCbFP!!!!",
        "6292488": "!<d@[F*RH(#64c-E,TfCD?'Y:!<d@[F*`qq#64o6@VfsmCI<#NAIrp*E,]`9FCJfiD(T1/ARl&M@V&tbF!:Sk+:8Gb!!%O6*<6(i58\"J9!!&\\-($!PtZlK8LJ3On19)n",
        "7353352": "!<d@[F*RH(#64c-E,TfCDZBb;!<d@[F*aA(#64o6@VfsmCI<#NAIrp*E,]`9FCJfiD(T1/ARl&M@V&tbF!L_m+pnYd!!#8K*<6()58\"J9!!!!`'c=]GZQ0#G5ee/q9-=?;",
        "9444360": "!<d@[F*RH(#64c-E,TfCE<#t=!<d@[F*a/\"#64o6@VfsmCI<#NAJK6(@r$13E+NQ3Ecki#Ch521Eb/ec\"E\\p.AJT</@Ua.b/R`^6Cgh?@/SB*4DJ=3(\":&scFCB9&=9&=$!!EUFATMNNDJ*csgCHlk\":&scFCB9&=o\\O&!!rsADes6$@ru9m!!E[MAT2'lE`7'gFCbFP!!!!",
        "3159049": "!<d@[F*RK)#64c-E,TfCCB+>7!<d@[F*aA(#64o6@VfsmCI<#NAIrp*E,]`9FCJfiD(T1/ARl&M@V&tbEuG#c(^^Ee!!%O6&df?R!5Li?!!%O6(ue12!<<",
        "5256201": "!<d@[F*RK)#64c-E,TfCD#aP9!<d@[F*aA(#64o6@VfsmCI<#NAIrp*E,]`9FCJfiD(T1/ARl&M@V&tbF!L_m+pnYl!!%O6*<6(i58\"J9j38\"?(&.`X590_(0YnUc9-=68",
        "8396809": "!<d@[F*RK)#64c-E,TfCDu]k<!<d@[F*a2##64o6@VfsmCI<#NAIrp*E,]`9FCJfiD(T1/ARl&M@V&tbF!L_m+pnYl!!%O6*<6'>58\"J9jb1o-'`\\6,^`DkCs#q:Z9-=68"
    },
    "Entities": [],
    "ReplaceMode": 2,
    "EntranceRotation": -1
}