{
    "GameVersion": "1.19.7",
    "SizeX": 11,
    "SizeY": 12,
    "SizeZ": 14,
    "BlockCodes": {
        "9698": "game:supportbeam-aged",
        "2966": "game:cobblestone-granite",
        "2852": "game:cobblestoneslab-granite-down-free",
        "4154": "game:drystone-granite",
        "2339": "game:slantedroofing-fireclay-south-free",
        "5535": "game:loosestones-granite-free",
        "5107": "game:gravel-granite",
        "9493": "game:agedstonebricks-granite",
        "5122": "game:looseboulders-granite-free",
        "2757": "game:cobblestoneslab-granite-north-free",
        "2795": "game:cobblestoneslab-granite-south-free",
        "3023": "game:cobblestonestairs-granite-up-east-free",
        "16414": "game:rocktyped-rubble-free",
        "2329": "game:slantedroofing-fireclay-east-free",
        "2680": "game:soil-medium-sparse",
        "7277": "game:planks-aged-ns",
        "2349": "game:slantedroofing-fireclay-west-free",
        "8610": "game:groundstorage",
        "3061": "game:cobblestonestairs-granite-up-south-free",
        "2675": "game:soil-medium-verysparse",
        "2814": "game:cobblestoneslab-granite-west-free",
        "7355": "game:plankslab-aged-up-free",
        "7290": "game:planks-aged-ud",
        "2776": "game:cobblestoneslab-granite-east-free",
        "3099": "game:cobblestonestairs-granite-up-west-free",
        "8606": "game:clutter"
    },
    "ItemCodes": {
        "1462": "game:shingle-burned-fire"
    },
    "Indices": [
        11264,
        12288,
        1059840,
        1060864,
        2108416,
        2109440,
        2049,
        3073,
        4097,
        5121,
        6145,
        7169,
        8193,
        9217,
        10241,
        11265,
        12289,
        1050625,
        1051649,
        1052673,
        1053697,
        1054721,
        1055745,
        1056769,
        1057793,
        1058817,
        1059841,
        1060865,
        2099201,
        2100225,
        2101249,
        2102273,
        2103297,
        2104321,
        2105345,
        2106369,
        2107393,
        2108417,
        2109441,
        3149825,
        2,
        1026,
        2050,
        3074,
        4098,
        5122,
        6146,
        7170,
        8194,
        9218,
        10242,
        11266,
        12290,
        1048578,
        1049602,
        1050626,
        1051650,
        1052674,
        1053698,
        1054722,
        1055746,
        1056770,
        1057794,
        1058818,
        1059842,
        1060866,
        2097154,
        2098178,
        2099202,
        2100226,
        2101250,
        2102274,
        2103298,
        2104322,
        2105346,
        2106370,
        2107394,
        2108418,
        2109442,
        3146754,
        3148802,
        3149826,
        3150850,
        3153922,
        3154946,
        3156994,
        4197378,
        4198402,
        5250050,
        5255170,
        8395778,
        8400898,
        3,
        1027,
        2051,
        3075,
        4099,
        5123,
        6147,
        7171,
        8195,
        9219,
        10243,
        11267,
        12291,
        1048579,
        1049603,
        1050627,
        1051651,
        1052675,
        1053699,
        1054723,
        1055747,
        1056771,
        1057795,
        1058819,
        1059843,
        1060867,
        2097155,
        2098179,
        2099203,
        2100227,
        2101251,
        2102275,
        2103299,
        2104323,
        2105347,
        2106371,
        2107395,
        2108419,
        2109443,
        3145731,
        3146755,
        3147779,
        3148803,
        3149827,
        3150851,
        3151875,
        3152899,
        3153923,
        3154947,
        3155971,
        3156995,
        3158019,
        3159043,
        4195331,
        4196355,
        4197379,
        4198403,
        4199427,
        4200451,
        4201475,
        4202499,
        4203523,
        4204547,
        4205571,
        4206595,
        5246979,
        5248003,
        5249027,
        5250051,
        5251075,
        5252099,
        5253123,
        5254147,
        5255171,
        5256195,
        6296579,
        6297603,
        6298627,
        6299651,
        6300675,
        6301699,
        6302723,
        6303747,
        7346179,
        7347203,
        7348227,
        7349251,
        7350275,
        7351299,
        7352323,
        8394755,
        8395779,
        8396803,
        8397827,
        8398851,
        8399875,
        8400899,
        9444355,
        9446403,
        9447427,
        9448451,
        9449475,
        9450499,
        4,
        1028,
        2052,
        3076,
        4100,
        5124,
        6148,
        7172,
        8196,
        9220,
        10244,
        11268,
        12292,
        1048580,
        1049604,
        1050628,
        1051652,
        1052676,
        1053700,
        1054724,
        1055748,
        1056772,
        1057796,
        1058820,
        1059844,
        1060868,
        2097156,
        2098180,
        2099204,
        2100228,
        2101252,
        2102276,
        2103300,
        2104324,
        2105348,
        2106372,
        2107396,
        2108420,
        2109444,
        3145732,
        3146756,
        3147780,
        3148804,
        3149828,
        3150852,
        3151876,
        3152900,
        3153924,
        3154948,
        3155972,
        3156996,
        3158020,
        4199428,
        4200452,
        4201476,
        4205572,
        4206596,
        5248004,
        5249028,
        5250052,
        5255172,
        6297604,
        6298628,
        6303748,
        7347204,
        7352324,
        8395780,
        8400900,
        9444356,
        9449476,
        10497028,
        10498052,
        5,
        1029,
        2053,
        5125,
        6149,
        7173,
        8197,
        9221,
        10245,
        11269,
        12293,
        1048581,
        1049605,
        1050629,
        1053701,
        1054725,
        1055749,
        1056773,
        1057797,
        1058821,
        1059845,
        1060869,
        2097157,
        2098181,
        2099205,
        2102277,
        2103301,
        2104325,
        2105349,
        2106373,
        2107397,
        2108421,
        2109445,
        3146757,
        3147781,
        3148805,
        3150853,
        3151877,
        3152901,
        3155973,
        3156997,
        3158021,
        4195333,
        4198405,
        4199429,
        4200453,
        4205573,
        4206597,
        5243909,
        5246981,
        5248005,
        5249029,
        5250053,
        5251077,
        5255173,
        6298629,
        6299653,
        6303749,
        7347205,
        7352325,
        8395781,
        8400901,
        9449477,
        10498053,
        11546629,
        11547653,
        6,
        1030,
        2054,
        3078,
        4102,
        5126,
        6150,
        7174,
        8198,
        9222,
        10246,
        11270,
        12294,
        1048582,
        1049606,
        1050630,
        1051654,
        1052678,
        1053702,
        1054726,
        1055750,
        1056774,
        1057798,
        1058822,
        1059846,
        1060870,
        2097158,
        2098182,
        2099206,
        2100230,
        2101254,
        2102278,
        2103302,
        2104326,
        2105350,
        2106374,
        2107398,
        2108422,
        2109446,
        3146758,
        3148806,
        3149830,
        3150854,
        3151878,
        3152902,
        3156998,
        3158022,
        4199430,
        4200454,
        4201478,
        4205574,
        4206598,
        5249030,
        5250054,
        5251078,
        5252102,
        5254150,
        5255174,
        6300678,
        6303750,
        7352326,
        8400902,
        9449478,
        10498054,
        11546630,
        7,
        1031,
        2055,
        3079,
        4103,
        5127,
        6151,
        7175,
        8199,
        9223,
        10247,
        11271,
        12295,
        1048583,
        1049607,
        1050631,
        1051655,
        1052679,
        1053703,
        1054727,
        1055751,
        1056775,
        1057799,
        1058823,
        1059847,
        1060871,
        2097159,
        2098183,
        2099207,
        2100231,
        2101255,
        2102279,
        2103303,
        2104327,
        2105351,
        2106375,
        2107399,
        2108423,
        2109447,
        3145735,
        3146759,
        3147783,
        3148807,
        3150855,
        3151879,
        3152903,
        3156999,
        3158023,
        4197383,
        4200455,
        4201479,
        4205575,
        4206599,
        5250055,
        5251079,
        5252103,
        5253127,
        5254151,
        5255175,
        6298631,
        6299655,
        6300679,
        6301703,
        6302727,
        6303751,
        7352327,
        8400903,
        9449479,
        10496007,
        10497031,
        10498055,
        8,
        1032,
        2056,
        3080,
        4104,
        5128,
        6152,
        7176,
        8200,
        9224,
        10248,
        11272,
        12296,
        1048584,
        1049608,
        1050632,
        1051656,
        1052680,
        1053704,
        1054728,
        1055752,
        1056776,
        1057800,
        1058824,
        1059848,
        1060872,
        2097160,
        2098184,
        2099208,
        2100232,
        2101256,
        2102280,
        2103304,
        2104328,
        2105352,
        2106376,
        2107400,
        2108424,
        2109448,
        3145736,
        3146760,
        3147784,
        3148808,
        3149832,
        3150856,
        3151880,
        3152904,
        3153928,
        3154952,
        3155976,
        3157000,
        3158024,
        4196360,
        4198408,
        4199432,
        4200456,
        4201480,
        4202504,
        4203528,
        4204552,
        4205576,
        4206600,
        5248008,
        5249032,
        5250056,
        5251080,
        5252104,
        5253128,
        5254152,
        5255176,
        6296584,
        6297608,
        6298632,
        6299656,
        6300680,
        6301704,
        6302728,
        6303752,
        7347208,
        7348232,
        7349256,
        7351304,
        7352328,
        8395784,
        8396808,
        8397832,
        8398856,
        8399880,
        8400904,
        8401928,
        9445384,
        9446408,
        9447432,
        9448456,
        9449480,
        9,
        1033,
        2057,
        3081,
        4105,
        5129,
        6153,
        7177,
        8201,
        9225,
        10249,
        11273,
        12297,
        1048585,
        1049609,
        1050633,
        1051657,
        1052681,
        1053705,
        1054729,
        1055753,
        1056777,
        1057801,
        1058825,
        1059849,
        1060873,
        2097161,
        2098185,
        2099209,
        2100233,
        2101257,
        2102281,
        2103305,
        2104329,
        2105353,
        2106377,
        2107401,
        2108425,
        2109449,
        3146761,
        3147785,
        3148809,
        3151881,
        3152905,
        3153929,
        3154953,
        3155977,
        3158025,
        4196361,
        4202505,
        4203529,
        5250057,
        5255177,
        6298633,
        8400905,
        10,
        1034,
        2058,
        3082,
        4106,
        5130,
        6154,
        7178,
        8202,
        9226,
        10250,
        11274,
        12298,
        1048586,
        1049610,
        1050634,
        1051658,
        1052682,
        1053706,
        1054730,
        1055754,
        1056778,
        1057802,
        1058826,
        1059850,
        1060874,
        2097162,
        2098186,
        2099210,
        2100234,
        2101258,
        2102282,
        2103306,
        2104330,
        2105354,
        2106378,
        2107402,
        2108426,
        2109450,
        3147786,
        3148810,
        3152906,
        3153930,
        3154954,
        4202506
    ],
    "BlockIds": [
        2966,
        2966,
        2966,
        2966,
        2966,
        2966,
        2966,
        2966,
        2966,
        2966,
        2966,
        2966,
        2966,
        2966,
        2966,
        2966,
        2966,
        2966,
        2966,
        2966,
        2966,
        2966,
        2966,
        2966,
        2966,
        2966,
        2966,
        2966,
        2966,
        2966,
        2966,
        2966,
        2966,
        2966,
        2966,
        2966,
        2966,
        2966,
        2966,
        2852,
        2966,
        2966,
        2966,
        2966,
        2966,
        2966,
        2966,
        2966,
        2966,
        2966,
        2966,
        2966,
        2966,
        2966,
        2966,
        2966,
        2966,
        2966,
        2966,
        2966,
        2966,
        2966,
        2966,
        2966,
        2966,
        2966,
        2966,
        2966,
        2966,
        2966,
        2966,
        2966,
        2966,
        2966,
        2966,
        2966,
        2966,
        2966,
        2966,
        2852,
        2852,
        4154,
        2966,
        2339,
        5535,
        5535,
        9698,
        2852,
        9698,
        9698,
        9698,
        9698,
        2966,
        2966,
        2966,
        2966,
        2966,
        2966,
        2966,
        2966,
        2966,
        2966,
        2966,
        2966,
        2966,
        2966,
        2966,
        2966,
        2966,
        2966,
        2966,
        2966,
        2966,
        2966,
        2966,
        2966,
        2966,
        2966,
        2966,
        2966,
        2966,
        2966,
        2966,
        2966,
        2966,
        2966,
        2966,
        2966,
        2966,
        2966,
        2966,
        5107,
        2966,
        9493,
        2966,
        2966,
        9493,
        9493,
        2966,
        4154,
        9493,
        2966,
        4154,
        9493,
        9698,
        2966,
        4154,
        5122,
        2966,
        4154,
        2966,
        4154,
        2966,
        2966,
        9493,
        2966,
        2966,
        5122,
        9493,
        2966,
        9493,
        9493,
        2966,
        4154,
        4154,
        2966,
        9698,
        5535,
        9493,
        2966,
        4154,
        2966,
        9493,
        2966,
        4154,
        9493,
        9493,
        2966,
        2757,
        2795,
        2966,
        2966,
        5535,
        9493,
        4154,
        9493,
        9493,
        2966,
        4154,
        3023,
        16414,
        2329,
        2329,
        3023,
        9698,
        2966,
        2966,
        2966,
        2680,
        2966,
        2966,
        2966,
        2966,
        2966,
        7277,
        2966,
        2966,
        2966,
        2966,
        2966,
        2966,
        2680,
        2966,
        2966,
        2966,
        2966,
        2966,
        7277,
        2966,
        2966,
        2966,
        2966,
        2966,
        2966,
        2680,
        2966,
        2966,
        2966,
        2966,
        2966,
        7277,
        2966,
        2966,
        2966,
        2966,
        2966,
        4154,
        2852,
        2966,
        5107,
        5107,
        9493,
        2349,
        8610,
        3061,
        9493,
        2966,
        4154,
        5107,
        2966,
        2339,
        9493,
        16414,
        4154,
        2966,
        2966,
        2852,
        4154,
        9493,
        2966,
        9493,
        2966,
        9493,
        4154,
        9493,
        2329,
        3023,
        2966,
        2966,
        2966,
        2966,
        2675,
        2966,
        2966,
        2966,
        7277,
        2966,
        2966,
        2966,
        2966,
        2966,
        2966,
        2675,
        2966,
        2966,
        2966,
        7277,
        2966,
        2966,
        2966,
        2966,
        2966,
        2966,
        2675,
        2966,
        2966,
        2966,
        7277,
        2966,
        2966,
        2814,
        2966,
        4154,
        5107,
        5107,
        5107,
        8610,
        2966,
        4154,
        2814,
        4154,
        4154,
        5107,
        3023,
        9493,
        9698,
        5122,
        2852,
        2852,
        9493,
        7355,
        4154,
        2966,
        5122,
        2966,
        2966,
        2814,
        16414,
        4154,
        2966,
        2966,
        3023,
        9698,
        2966,
        2966,
        2966,
        2966,
        2680,
        2966,
        2966,
        2966,
        7277,
        7290,
        7277,
        2966,
        2966,
        2966,
        2966,
        2966,
        2966,
        2680,
        2966,
        2966,
        2966,
        7277,
        7290,
        7277,
        2966,
        2966,
        2966,
        2966,
        2966,
        2966,
        2680,
        2966,
        2966,
        2966,
        7277,
        7290,
        7277,
        2966,
        2966,
        2776,
        5107,
        5107,
        2966,
        5107,
        9493,
        9493,
        2966,
        2852,
        4154,
        4154,
        2966,
        2966,
        16414,
        2966,
        7355,
        7355,
        3023,
        2966,
        5535,
        2966,
        2776,
        9493,
        4154,
        4154,
        3099,
        2966,
        2966,
        2966,
        2966,
        2966,
        2966,
        2966,
        2966,
        2966,
        7277,
        2966,
        2966,
        2966,
        2966,
        2966,
        2966,
        2966,
        2966,
        2966,
        2966,
        2966,
        2966,
        7277,
        2966,
        2966,
        2966,
        2966,
        2966,
        2966,
        2966,
        2966,
        2966,
        2966,
        2966,
        2966,
        7277,
        2966,
        2966,
        2966,
        2966,
        2852,
        5107,
        4154,
        5107,
        5107,
        2966,
        4154,
        4154,
        5122,
        2852,
        2966,
        2966,
        4154,
        4154,
        7355,
        7355,
        7355,
        9493,
        4154,
        4154,
        8606,
        8606,
        2339,
        5535,
        2966,
        2966,
        2966,
        2966,
        2349,
        2349,
        3099,
        2966,
        2966,
        2966,
        2966,
        2966,
        2966,
        2966,
        2966,
        2966,
        2966,
        2966,
        2966,
        2966,
        2966,
        2966,
        2966,
        2966,
        2966,
        2966,
        2966,
        2966,
        2966,
        2966,
        2966,
        2966,
        2966,
        2966,
        2966,
        2966,
        2966,
        2966,
        2966,
        2966,
        2966,
        2966,
        2966,
        2966,
        2966,
        2966,
        2852,
        2966,
        2966,
        2757,
        2795,
        2757,
        2795,
        9493,
        4154,
        2966,
        2966,
        9493,
        9493,
        2852,
        2795,
        2757,
        2795,
        9493,
        2966,
        2852,
        2966,
        4154,
        9493,
        2966,
        4154,
        2966,
        2966,
        9493,
        2966,
        2966,
        2966,
        5535,
        9493,
        2966,
        4154,
        2966,
        9493,
        2966,
        9493,
        9493,
        2966,
        9493,
        2966,
        2966,
        5535,
        9493,
        2966,
        9493,
        9493,
        4154,
        9698,
        16414,
        2349,
        2349,
        2349,
        3099,
        2966,
        2966,
        2966,
        2675,
        2966,
        2966,
        2680,
        2966,
        2966,
        2966,
        2966,
        5107,
        2966,
        2966,
        2966,
        2966,
        2675,
        2966,
        2966,
        2680,
        2966,
        2966,
        2966,
        2966,
        5107,
        2966,
        2966,
        2966,
        2966,
        2675,
        2966,
        2966,
        2680,
        2966,
        2966,
        2966,
        2966,
        5107,
        2966,
        2966,
        5107,
        2852,
        5107,
        9698,
        5107,
        5107,
        4154,
        9698,
        9698,
        2852,
        16414,
        9698,
        9698,
        9698,
        9698,
        2966,
        2966,
        2966,
        2966,
        2966,
        2966,
        2966,
        2966,
        2966,
        2966,
        5107,
        2966,
        2966,
        2966,
        2966,
        2966,
        2966,
        2966,
        2966,
        2966,
        2966,
        2966,
        2966,
        5107,
        2966,
        2966,
        2966,
        2966,
        2966,
        2966,
        2966,
        2966,
        2966,
        2966,
        2966,
        2966,
        5107,
        2966,
        2966,
        2852,
        2966,
        2852,
        5107,
        4154,
        16414
    ],
    "DecorIndices": [],
    "DecorIds": [],
    "BlockEntities": {
        "4197378": "!<d@[F*JMH#64c-E,TfCC]FG8!<d@[F*a%t#64o6@VfsmCI<#NAIrp*E,]`9FCJfiD(T1/ARl&M@V&tbEutAh*=;rb!!!#6&e>EO!'n:6!!%Pa*<6()^DPs'+9VZ",
        "5250050": "!<d@[F*JMH#64c-E,TfCD#aP9!<d@[F*a2##64o6@VfsmCI<#NAIrp*E,]`9FCJfiD(T1/ARl&M@V&tbF\"%(r-OL@n!!%O6'`\\5a590_(!'_),%J]sQ4r\",!JA3-(s1c;ci_(Br!!",
        "5255170": "!<d@[F*JMH#64c-E,TfCD#aP9!<d@[F*aA(#64o6@VfsmCI<#NAIrp*E,]`9FCJfiD(T1/ARl&M@V&tbF\"%(r-OL@n!!%O6'`\\5a590_(J3OYW%K-6U58F+rIm4qR!0Fu5i_(Br!!",
        "8395778": "!<d@[F*JMH#64c-E,TfCDu]k<!<d@[F*a2##64o6@VfsmCI<#NAIrp*E,]`9FCJfiD(T1/ARl&M@V&tbF\"%(r-OL@n!!%O6'`\\5a590_(!'_),%0-BY58=.uTYMT9s8P8\"i_(Br!!",
        "8400898": "!<d@[F*JMH#64c-E,TfCDu]k<!<d@[F*aA(#64o6@VfsmCI<#NAIrp*E,]`9FCJfiD(T1/ARl&M@V&tbF\"%(r-OL@n!!%O6'`\\5a590_(J3OYW%K-6U58F+rIm4qR!0Fu5i_(Br!!",
        "3159043": "!<d@[F*JPI#64c-E,TfCCB+>7!<d@[F*aD)#64o6@VfsmCI<#NAIrp*E,]`9FCJfiD(T1/ARl&M@V&tbEtA<Y%LN1K\"Vh\";^d&ar9-=99",
        "5256195": "!<d@[F*JPI#64c-E,TfCD#aP9!<d@[F*aD)#64o6@VfsmCI<#NAIrp*E,]`9FCJfiD(T1/ARl&M@V&tbEuG#c(^^E]!!%O6&df'J!5Li7r;V72(ue12!WW",
        "9446403": "!<d@[F*JPI#64c-E,TfCE<#t=!<d@[F*a8%#64o6@VfsmCI<#NAJK6(@r$13E+NQ3Ecki#Ch521Eb/ec\"E\\p.AJT</@Ua.b/R`^6Cgh?=/SB*4DJ=3(\":&scFCB9&=9&=$!!EUFATMNNDJ*csjNA<(\":&scFCB9&=o\\O&!!rsADes6$@ru9m!!E[MAT2'lE`7'gFCbFP!!!!",
        "9450499": "!<d@[F*JPI#64c-E,TfCE<#t=!<d@[F*aD)#64o6@VfsmCI<#NAIrp*E,]`9FCJfiD(T1/ARl&M@V&tbEtnZ^'++^P$4Qt85X6%a!&-YTi_(Bq!!",
        "3154948": "!<d@[F*JSJ#64c-E,TfCCB+>7!<d@[F*a8%#64o6@VfsmCI<#NAIW9mDfor.F*)>@@:s-U$#+:#ASuU.Ed7ZiEH>r7FE7Qb!!!3,F)5c:EsD_\"!!*'\"!4E%2!##>4!!WgQASlBtEaa'4Eb,=fFCf<.ATD4$F`M%e@<6NjE+EC!AH2]1!<:8C5m.R;ASlBtEaa'4Eb,4Nz!!!<;AoD^\"AQ*\\hEa`Tl:i^JnErZ=LD.Rd%6#L=OA_Ra;562+\"FECr$BLZE?AH2]1!!!",
        "5248004": "!<d@[F*JSJ#64c-E,TfCD#aP9!<d@[F*a,!#64o6@VfsmCI<#NAJK6(@r$13E+NQ3Ecki#Ch521Eb/ec\"E\\p.AJT</@Ua.b/R`^6Cgh?@/SB*4DJ=3(\":&scFCB9&=9&=$!!EUFATMNNDJ*csgCHk@\":&scFCB9&=o\\O&!!rsADes6$@ru9m!!E[MAT2'lE`7'gFCbFP!!!!",
        "3155973": "!<d@[F*JVK#64c-E,TfCCB+>7!<d@[F*a;&#64o6@VfsmCI<#NAIW9mDfor.F*)>@@:s-U$#+:#ASuU.Ed7ZiEH>r7FE7Qb!!!3,F)5c:EsD_\"!!*'\"!4E%2!##>4!!WgQASlBtEaa'4Eb,=fFCf<.ATD4$F`M%e@<6NjE+EC!AH2]1!<:8C5m.R;ASlBtEaa'4Eb,4Nz!!!<;AoD^\"AQ*\\hEa`Tl:i^JnErZ=LD.Rd%6#L=OA_Ra;562+\"FECr$BLZE?AH2]1!!!",
        "5243909": "!<d@[F*JVK#64c-E,TfCD#aP9!<d@[F*`tr#64o6@VfsmCI<#NAIrp*E,]`9FCJfiD(T1/ARl&M@V&tbF%?9<+pnYd!!%O5*<6(i4q\\A8s8TjK'f7_[ZQ0,JTKa:Q9-=?E+pnYd!!%O5*<6(i4q\\A8!!!!a('\";`^E*@SIm4e09-=?;",
        "8395781": "!<d@[F*JVK#64c-E,TfCDu]k<!<d@[F*a2##64o6@VfsmCI<#NAJK6(@r$13E+NQ3Ecki#Ch521Eb/ec\"E\\p.AJT</@Ua.b/R`^6Cgh?=/SB*4DJ=3(\":&scFCB9&=9&=$!!EUFATMNNDJ*csdSp$-\":&scFCB9&=o\\O&!!rsADes6$@ru9m!!E[MAT2'lE`7'gFCbFP!!!!",
        "11547653": "!<d@[F*JVK#64c-E,TfCErZ1?!<d@[F*aD)#64o6@VfsmCI<#NAIrp*E,]`9FCJfiD(T1/ARl&M@V&tbEutAh*=<,_!!%O6'`\\5!58\";4s8RR6'`e:7^_l'(+9DN",
        "5249030": "!<d@[F*JYL#64c-E,TfCD#aP9!<d@[F*a/\"#64o6@VfsmCI<#NAJK6(@r$13E+NQ3Ecki#Ch521Eb/ec\"E\\p.AJT</@Ua.b/R`^6Cgh?@/SB*4DJ=3(\":&scFCB9&=9&=$!!EUFATMNNDJ*csgCHk@\":&scFCB9&=o\\O&!!rsADes6$@ru9m!!E[MAT2'lE`7'gFCbFP!!!!",
        "6299655": "!<d@[F*J\\M#64c-E,TfCD?'Y:!<d@[F*a5$#64o6@VfsmCI<#NAHu^]F`__:EWlSfH#R=(FCAWpAM%qFBl7Km1^\"&(DffE0AQSp4!!!-.D.Rd%6#L=OA`V%#^B=d^DffE0AQf'6!!!<3@rH1\"ARfgnA,l`?Eb02uBl[-o@<?&\\z",
        "6300679": "!<d@[F*J\\M#64c-E,TfCD?'Y:!<d@[F*a8%#64o6@VfsmCI<#NAHu^]F`__:EWlSfH#R=(@q]:bE\\2<SBl7Km1B[r'DffE0AQSp4!!!-.D.Rd%6#L=OA`V%#^B=d^DffE0AQf'6!!!<3@rH1\"ARfgnA,l`?Eb02uBl[-o@<?&\\z",
        "8401928": "!<d@[F*J_N#64c-E,TfCDu]k<!<d@[F*aD)#64o6@VfsmCI<#NAIrp*E,]`9FCJfiD(T1/ARl&M@V&tbF!L_m+pnYd!!%O6'`\\5a58\"J9!!&\\-(&\\)]598e/$oJm]9-=99",
        "9445384": "!<d@[F*J_N#64c-E,TfCE<#t=!<d@[F*a5$#64o6@VfsmCI<#NAJK6(@r$13E+NQ3Ecki#Ch521Eb/ec\"E\\p.AJT</@Ua.b/R`^6Cgh?>/SB*4DJ=3(\":&scFCB9&=9&=$!!EUFATMNNDJ*csgCHlk\":&scFCB9&=o\\O&!!rsADes6$@ru9m!!E[MAT2'lE`7'gFCbFP!!!!",
        "3152905": "!<d@[F*JbO#64c-E,TfCCB+>7!<d@[F*a2##64o6@VfsmCI<#NAIrp*E,]`9FCJfiD(T1/ARl&M@V&tbEuG#c(^^Ee!!!!`&df?R!+8&4!!!!`(ue12!<<",
        "3158025": "!<d@[F*JbO#64c-E,TfCCB+>7!<d@[F*aA(#64o6@VfsmCI<#NAIrp*E,]`9FCJfiD(T1/ARl&M@V&tbEuG#c(^^Ee!!%O6&df?R!5Li?!!%O6(ue12!<<",
        "4196361": "!<d@[F*JbO#64c-E,TfCC]FG8!<d@[F*a\"s#64o6@VfsmCI<#NAIrp*E,]`9FCJfiD(T1/ARl&M@V&tbF!L_m+pnYd!!!!`*<6(i4q\\A8!!'gL'k>#^ZlK,Hi4g,g9-=?;",
        "4203529": "!<d@[F*JbO#64c-E,TfCC]FG8!<d@[F*a8%#64o6@VfsmCI<#NAJK6(@r$13E+NQ3Ecki#Ch521Eb/ec\"E\\p.AJT</@Ua.b/R`^6Cgh?=/SB*4DJ=3(\":&scFCB9&=9&=$!!EUFATMNNDJ*csjNA<(\":&scFCB9&=o\\O&!!rsADes6$@ru9m!!E[MAT2'lE`7'gFCbFP!!!!",
        "5250057": "!<d@[F*JbO#64c-E,TfCD#aP9!<d@[F*a2##64o6@VfsmCI<#NAIrp*E,]`9FCJfiD(T1/ARl&M@V&tbF!L_m+pnYl!!%O6*<6'>58\"J9!!'f!'`\\46^`<IV^qU`G9-=68",
        "5255177": "!<d@[F*JbO#64c-E,TfCD#aP9!<d@[F*aA(#64o6@VfsmCI<#NAIrp*E,]`9FCJfiD(T1/ARl&M@V&tbF!L_m+pnYl!!%O6*<6(i58\"J9&/'Q$(&\\)]590_(OMD^m9-=68",
        "6298633": "!<d@[F*JbO#64c-E,TfCD?'Y:!<d@[F*a2##64o6@VfsmCI<#NAIrp*E,]`9FCJfiD(T1/ARl&M@V&tbF!L_m+pnYl!!!!`*<6'>58\"J90>0HQ'`\\5!590_(J3Fh09-=68",
        "8400905": "!<d@[F*JbO#64c-E,TfCDu]k<!<d@[F*aA(#64o6@VfsmCI<#NAIrp*E,]`9FCJfiD(T1/ARl&M@V&tbF!L_m+pnYl!!%O6*<6(i58\"J9M+&\\s(&\\)]4rjV'+M\\iR9-=68",
        "4202506": "!<d@[F*JeP#64c-E,TfCC]FG8!<d@[F*a5$#64o6@VfsmCI<#NAJK6(@r$13E+NQ3Ecki#Ch521Eb/ec\"E\\p.AJT</@Ua.b/R`^6Cgh?>/SB*4DJ=3(\":&scFCB9&=9&=$!!EUFATMNNDJ*csjNA<(\":&scFCB9&=o\\O&!!rsADes6$@ru9m!!E[MAT2'lE`7'gFCbFP!!!!"
    },
    "Entities": [],
    "ReplaceMode": 2,
    "EntranceRotation": -1
}