{
    "GameVersion": "1.19.7",
    "SizeX": 18,
    "SizeY": 10,
    "SizeZ": 10,
    "BlockCodes": {
        "9698": "game:supportbeam-aged",
        "2966": "game:cobblestone-granite",
        "9493": "game:agedstonebricks-granite",
        "4154": "game:drystone-granite",
        "2757": "game:cobblestoneslab-granite-north-free",
        "2795": "game:cobblestoneslab-granite-south-free",
        "2852": "game:cobblestoneslab-granite-down-free",
        "2675": "game:soil-medium-verysparse",
        "9668": "game:planks-aged-we",
        "5107": "game:gravel-granite",
        "7355": "game:plankslab-aged-up-free",
        "2329": "game:slantedroofing-fireclay-east-free",
        "9521": "game:door-ruined-rough3",
        "136": "game:multiblock-monolithic-0-p1-0",
        "9520": "game:door-ruined-rough2",
        "3061": "game:cobblestonestairs-granite-up-south-free",
        "2985": "game:cobblestonestairs-granite-up-north-free",
        "5122": "game:looseboulders-granite-free",
        "8109": "game:chest-east",
        "2814": "game:cobblestoneslab-granite-west-free",
        "2339": "game:slantedroofing-fireclay-south-free",
        "2319": "game:slantedroofing-fireclay-north-free",
        "16414": "game:rocktyped-rubble-free",
        "7342": "game:plankslab-aged-west-free",
        "8610": "game:groundstorage",
        "2776": "game:cobblestoneslab-granite-east-free",
        "7329": "game:plankslab-aged-south-free",
        "5535": "game:loosestones-granite-free",
        "3023": "game:cobblestonestairs-granite-up-east-free",
        "2349": "game:slantedroofing-fireclay-west-free"
    },
    "ItemCodes": {
        "3638": "game:stackrandomizer-buildingblocks",
        "279": "game:stackrandomizer-gear",
        "1462": "game:shingle-burned-fire"
    },
    "Indices": [
        3145728,
        3151872,
        5243904,
        1025,
        2049,
        3073,
        4097,
        5121,
        6145,
        7169,
        1049601,
        1050625,
        1051649,
        1052673,
        1053697,
        1054721,
        1055745,
        2098177,
        2099201,
        2100225,
        2101249,
        2102273,
        2103297,
        2104321,
        3146753,
        3147777,
        3148801,
        3149825,
        3150849,
        3151873,
        4195329,
        4196353,
        4197377,
        4198401,
        4199425,
        5243905,
        5244929,
        5245953,
        5246977,
        5250049,
        6292481,
        6293505,
        6294529,
        1026,
        2050,
        3074,
        4098,
        5122,
        6146,
        7170,
        8194,
        1049602,
        1050626,
        1051650,
        1052674,
        1053698,
        1054722,
        1055746,
        1056770,
        2098178,
        2099202,
        2100226,
        2101250,
        2102274,
        2103298,
        2104322,
        2105346,
        3146754,
        3148802,
        3149826,
        3150850,
        3151874,
        3152898,
        4195330,
        4198402,
        4199426,
        5243906,
        5244930,
        5245954,
        6292482,
        1027,
        2051,
        3075,
        4099,
        5123,
        6147,
        7171,
        8195,
        1049603,
        1050627,
        1051651,
        1052675,
        1053699,
        1054723,
        1055747,
        1056771,
        2098179,
        2099203,
        2100227,
        2101251,
        2102275,
        2103299,
        2104323,
        2105347,
        3146755,
        3148803,
        3149827,
        3150851,
        3151875,
        3152899,
        3153923,
        4195331,
        4199427,
        4200451,
        5243907,
        5244931,
        6292483,
        1028,
        2052,
        3076,
        4100,
        5124,
        6148,
        7172,
        8196,
        1049604,
        1050628,
        1051652,
        1052676,
        1053700,
        1054724,
        1055748,
        1056772,
        2098180,
        2099204,
        2100228,
        2101252,
        2102276,
        2103300,
        2104324,
        2105348,
        3146756,
        3148804,
        3149828,
        3150852,
        3151876,
        3152900,
        3153924,
        4195332,
        4198404,
        4200452,
        5243908,
        5244932,
        5249028,
        5250052,
        6292484,
        6293508,
        6297604,
        7341060,
        8389636,
        8395780,
        1029,
        2053,
        3077,
        4101,
        5125,
        6149,
        7173,
        8197,
        1049605,
        1050629,
        1051653,
        1052677,
        1053701,
        1054725,
        1055749,
        1056773,
        2098181,
        2099205,
        2100229,
        2101253,
        2102277,
        2103301,
        2104325,
        2105349,
        3145733,
        3146757,
        3147781,
        3148805,
        3149829,
        3150853,
        3151877,
        3152901,
        4195333,
        4196357,
        4197381,
        4198405,
        4199429,
        4200453,
        4201477,
        5243909,
        5244933,
        5245957,
        5246981,
        5248005,
        5249029,
        5250053,
        5251077,
        6292485,
        6293509,
        6294533,
        6295557,
        6296581,
        6297605,
        6298629,
        7341061,
        7342085,
        7343109,
        7344133,
        7345157,
        7346181,
        7347205,
        8388613,
        8389637,
        8390661,
        8391685,
        8392709,
        8393733,
        8394757,
        8395781,
        8396805,
        9438213,
        9439237,
        9440261,
        9443333,
        9444357,
        1030,
        2054,
        3078,
        4102,
        5126,
        6150,
        7174,
        8198,
        1049606,
        1050630,
        1051654,
        1052678,
        1053702,
        1054726,
        1055750,
        1056774,
        2098182,
        2099206,
        2100230,
        2101254,
        2102278,
        2103302,
        2104326,
        2105350,
        3146758,
        3151878,
        3152902,
        3153926,
        4195334,
        4201478,
        5243910,
        5244934,
        5245958,
        5246982,
        5248006,
        5249030,
        5250054,
        6292486,
        6293510,
        6296582,
        6298630,
        7341062,
        7347206,
        8389638,
        8390662,
        8391686,
        8393734,
        8394758,
        8395782,
        9438214,
        9444358,
        1031,
        2055,
        3079,
        4103,
        5127,
        6151,
        7175,
        8199,
        1049607,
        1050631,
        1051655,
        1052679,
        1053703,
        1054727,
        1055751,
        1056775,
        2098183,
        2099207,
        2100231,
        2101255,
        2102279,
        2103303,
        2104327,
        2105351,
        3146759,
        3148807,
        3150855,
        3152903,
        4195335,
        4201479,
        5243911,
        5244935,
        5245959,
        5246983,
        5248007,
        5249031,
        5250055,
        6292487,
        6297607,
        6298631,
        7341063,
        7347207,
        8389639,
        8395783,
        1032,
        2056,
        3080,
        4104,
        5128,
        6152,
        7176,
        8200,
        1049608,
        1050632,
        1051656,
        1052680,
        1053704,
        1054728,
        1055752,
        1056776,
        2098184,
        2099208,
        2100232,
        2101256,
        2102280,
        2103304,
        2104328,
        2105352,
        3146760,
        3147784,
        3150856,
        3152904,
        3153928,
        4195336,
        4201480,
        5243912,
        5249032,
        5250056,
        6292488,
        6298632,
        7341064,
        7347208,
        8389640,
        8395784,
        9438216,
        9444360,
        1033,
        2057,
        3081,
        4105,
        5129,
        6153,
        7177,
        8201,
        1049609,
        1050633,
        1051657,
        1052681,
        1053705,
        1054729,
        1055753,
        1056777,
        2098185,
        2099209,
        2100233,
        2101257,
        2102281,
        2103305,
        2104329,
        2105353,
        3145737,
        3146761,
        3147785,
        3148809,
        3149833,
        3150857,
        3151881,
        3152905,
        4195337,
        4200457,
        4201481,
        5243913,
        5249033,
        5250057,
        6292489,
        6297609,
        6298633,
        7341065,
        7347209,
        1034,
        2058,
        3082,
        4106,
        5130,
        6154,
        7178,
        8202,
        1049610,
        1050634,
        1051658,
        1052682,
        1053706,
        1054730,
        1055754,
        1056778,
        2098186,
        2099210,
        2100234,
        2101258,
        2102282,
        2103306,
        2104330,
        2105354,
        3146762,
        3147786,
        3148810,
        3149834,
        3150858,
        3151882,
        3152906,
        4195338,
        4196362,
        4198410,
        4199434,
        4201482,
        5243914,
        5250058,
        6292490,
        6298634,
        7341066,
        7347210,
        8389642,
        8395786,
        9444362,
        1035,
        2059,
        3083,
        4107,
        5131,
        6155,
        7179,
        8203,
        1049611,
        1050635,
        1051659,
        1052683,
        1053707,
        1054731,
        1055755,
        1056779,
        2098187,
        2099211,
        2100235,
        2101259,
        2102283,
        2103307,
        2104331,
        2105355,
        3146763,
        3147787,
        3148811,
        3149835,
        3150859,
        3151883,
        3152907,
        3153931,
        4195339,
        4196363,
        4197387,
        4199435,
        4200459,
        4201483,
        5243915,
        5244939,
        5248011,
        5250059,
        6292491,
        6298635,
        7341067,
        7347211,
        8389643,
        8395787,
        9438219,
        9444363,
        1036,
        2060,
        3084,
        4108,
        5132,
        6156,
        7180,
        8204,
        1049612,
        1050636,
        1051660,
        1052684,
        1053708,
        1054732,
        1055756,
        1056780,
        2098188,
        2099212,
        2100236,
        2101260,
        2102284,
        2103308,
        2104332,
        2105356,
        3146764,
        3147788,
        3148812,
        3149836,
        3150860,
        3151884,
        3152908,
        3153932,
        4195340,
        4196364,
        4198412,
        4199436,
        4200460,
        4201484,
        5243916,
        5246988,
        5248012,
        5249036,
        5250060,
        6292492,
        6298636,
        7341068,
        7347212,
        8389644,
        8395788,
        9438220,
        9444364,
        1037,
        2061,
        3085,
        4109,
        5133,
        6157,
        7181,
        8205,
        1049613,
        1050637,
        1051661,
        1052685,
        1053709,
        1054733,
        1055757,
        1056781,
        2098189,
        2099213,
        2100237,
        2101261,
        2102285,
        2103309,
        2104333,
        2105357,
        3146765,
        3147789,
        3148813,
        3149837,
        3150861,
        3151885,
        3152909,
        3153933,
        4195341,
        4197389,
        4198413,
        4199437,
        4200461,
        4201485,
        5242893,
        5243917,
        5248013,
        5250061,
        6292493,
        6298637,
        7341069,
        7347213,
        8389645,
        8395789,
        9438221,
        9444365,
        14,
        1038,
        2062,
        3086,
        4110,
        5134,
        6158,
        7182,
        8206,
        1048590,
        1049614,
        1050638,
        1051662,
        1052686,
        1053710,
        1054734,
        1055758,
        1056782,
        2097166,
        2098190,
        2099214,
        2100238,
        2101262,
        2102286,
        2103310,
        2104334,
        2105358,
        3145742,
        3146766,
        3147790,
        3148814,
        3149838,
        3150862,
        3151886,
        3152910,
        3153934,
        4195342,
        4196366,
        4197390,
        4198414,
        4199438,
        4200462,
        4201486,
        5245966,
        5248014,
        9444366,
        15,
        1039,
        2063,
        3087,
        4111,
        5135,
        6159,
        7183,
        8207,
        1048591,
        1049615,
        1050639,
        1051663,
        1052687,
        1053711,
        1054735,
        1055759,
        1056783,
        2097167,
        2098191,
        2099215,
        2100239,
        2101263,
        2102287,
        2103311,
        2104335,
        2105359,
        3145743,
        3146767,
        3147791,
        3148815,
        3149839,
        3150863,
        3151887,
        3152911,
        3153935,
        4195343,
        4197391,
        4199439,
        4200463,
        4201487,
        4202511,
        5249039,
        1040,
        2064,
        3088,
        4112,
        5136,
        6160,
        7184,
        8208,
        1049616,
        1050640,
        1051664,
        1052688,
        1053712,
        1054736,
        1055760,
        1056784,
        2098192,
        2099216,
        2100240,
        2101264,
        2102288,
        2103312,
        2104336,
        2105360,
        3147792,
        3148816,
        3149840,
        3150864,
        3151888,
        3152912,
        2065,
        3089,
        4113,
        5137,
        6161,
        7185,
        8209,
        1050641,
        1051665,
        1052689,
        1053713,
        1054737,
        1055761,
        1056785,
        2099217,
        2100241,
        2101265,
        2102289,
        2103313,
        2104337,
        2105361,
        3147793,
        3149841,
        3150865,
        3152913,
        3153937,
        3154961,
        4199441
    ],
    "BlockIds": [
        9698,
        9698,
        9698,
        2966,
        2966,
        2966,
        2966,
        2966,
        2966,
        2966,
        2966,
        2966,
        2966,
        2966,
        2966,
        2966,
        2966,
        2966,
        2966,
        2966,
        2966,
        2966,
        2966,
        2966,
        2966,
        9493,
        2966,
        2966,
        4154,
        2757,
        4154,
        2966,
        2757,
        2795,
        2852,
        4154,
        2966,
        9493,
        9493,
        9698,
        2852,
        2852,
        2852,
        2966,
        2966,
        2675,
        9668,
        9668,
        2966,
        2966,
        2966,
        2966,
        2966,
        2675,
        9668,
        9668,
        2966,
        2966,
        2966,
        2966,
        2966,
        2675,
        9668,
        9668,
        2966,
        2966,
        2966,
        9493,
        5107,
        5107,
        5107,
        9493,
        2852,
        9493,
        2852,
        5107,
        4154,
        7355,
        7355,
        2852,
        2966,
        9668,
        9668,
        9668,
        9668,
        2966,
        2966,
        2966,
        2966,
        9668,
        9668,
        9668,
        9668,
        2966,
        2966,
        2966,
        2966,
        9668,
        9668,
        9668,
        9668,
        2966,
        2966,
        2966,
        2966,
        2852,
        5107,
        5107,
        9493,
        5107,
        2852,
        9493,
        2852,
        2852,
        9493,
        7355,
        2852,
        2966,
        2966,
        2966,
        9668,
        2966,
        2966,
        2966,
        2966,
        2966,
        2966,
        2966,
        9668,
        2966,
        2966,
        2966,
        2966,
        2966,
        2966,
        2966,
        9668,
        2966,
        2966,
        2966,
        2966,
        4154,
        9698,
        2852,
        5107,
        9493,
        9698,
        9698,
        2966,
        2329,
        4154,
        4154,
        7355,
        9493,
        9698,
        2852,
        9698,
        2852,
        9698,
        9698,
        9698,
        2966,
        2966,
        9493,
        2966,
        2966,
        2966,
        2966,
        2966,
        2966,
        2966,
        9493,
        2966,
        2966,
        2966,
        2966,
        2966,
        2966,
        2966,
        9493,
        2966,
        2966,
        2966,
        2966,
        2966,
        9698,
        2966,
        2966,
        9521,
        2966,
        4154,
        2966,
        2966,
        2966,
        9493,
        136,
        2966,
        9493,
        4154,
        2966,
        2966,
        2966,
        2966,
        9493,
        4154,
        4154,
        9493,
        9698,
        2966,
        2966,
        9520,
        2852,
        2966,
        2966,
        4154,
        9493,
        2966,
        136,
        2966,
        2852,
        2966,
        4154,
        9698,
        4154,
        9493,
        9493,
        2966,
        2966,
        2966,
        2966,
        9698,
        3061,
        9493,
        2966,
        2966,
        2985,
        2966,
        2966,
        9668,
        9668,
        9668,
        9668,
        2966,
        2966,
        2966,
        2966,
        9668,
        9668,
        9668,
        9668,
        2966,
        2966,
        2966,
        2966,
        9668,
        9668,
        9668,
        9668,
        2966,
        2966,
        2966,
        5122,
        4154,
        2329,
        2966,
        9493,
        2966,
        7355,
        7355,
        7355,
        7355,
        7355,
        4154,
        4154,
        5122,
        8109,
        2966,
        2966,
        2814,
        2966,
        7355,
        7355,
        7355,
        7355,
        4154,
        2339,
        2319,
        2966,
        9668,
        9668,
        9668,
        9668,
        9668,
        2966,
        5107,
        2966,
        9668,
        9668,
        9668,
        9668,
        9668,
        2966,
        5107,
        2966,
        9668,
        9668,
        9668,
        9668,
        9668,
        2966,
        5107,
        9493,
        16414,
        2852,
        9520,
        2852,
        136,
        9493,
        7355,
        7342,
        7355,
        7355,
        7355,
        4154,
        2966,
        8610,
        9493,
        2852,
        2776,
        9493,
        9493,
        2966,
        9668,
        2966,
        2966,
        9668,
        9668,
        2966,
        2966,
        2966,
        9668,
        2966,
        2966,
        9668,
        9668,
        2966,
        2966,
        2966,
        9668,
        2966,
        2966,
        9668,
        9668,
        2966,
        2966,
        2966,
        2319,
        5107,
        2966,
        9698,
        4154,
        2966,
        4154,
        7329,
        2966,
        4154,
        4154,
        2966,
        4154,
        2966,
        2966,
        5535,
        5535,
        2966,
        2966,
        2966,
        9668,
        9668,
        2966,
        2966,
        5107,
        2966,
        2966,
        2966,
        9668,
        9668,
        2966,
        2966,
        5107,
        2966,
        2966,
        2966,
        9668,
        9668,
        2966,
        2966,
        5107,
        9698,
        9493,
        3023,
        2852,
        9493,
        5107,
        5107,
        2966,
        2966,
        16414,
        2852,
        9493,
        7355,
        9493,
        2966,
        16414,
        2966,
        9493,
        4154,
        2966,
        2966,
        9668,
        9668,
        9668,
        2966,
        2966,
        2966,
        2966,
        2966,
        9668,
        9668,
        9668,
        2966,
        2966,
        2966,
        2966,
        2966,
        9668,
        9668,
        9668,
        2966,
        2966,
        2966,
        9493,
        9493,
        4154,
        5107,
        5107,
        4154,
        4154,
        2966,
        3023,
        2852,
        2349,
        9493,
        4154,
        4154,
        2966,
        2966,
        2966,
        2814,
        4154,
        4154,
        5122,
        2966,
        2966,
        9668,
        2966,
        9668,
        9668,
        2966,
        5107,
        2966,
        2966,
        9668,
        2966,
        9668,
        9668,
        2966,
        5107,
        2966,
        2966,
        9668,
        2966,
        9668,
        9668,
        2966,
        5107,
        2966,
        9493,
        5107,
        5107,
        5107,
        5107,
        4154,
        16414,
        2966,
        4154,
        8610,
        4154,
        9493,
        2966,
        9493,
        3023,
        2852,
        9493,
        4154,
        2966,
        9493,
        2776,
        2966,
        2966,
        16414,
        16414,
        2966,
        2966,
        2966,
        2675,
        9668,
        9668,
        2966,
        2966,
        2966,
        2966,
        2966,
        2675,
        9668,
        9668,
        2966,
        2966,
        2966,
        2966,
        2966,
        2675,
        9668,
        9668,
        2966,
        2966,
        9493,
        9493,
        4154,
        5107,
        5107,
        5107,
        2966,
        2329,
        4154,
        4154,
        4154,
        4154,
        4154,
        2966,
        4154,
        2852,
        16414,
        9493,
        9493,
        2966,
        2966,
        2966,
        2966,
        4154,
        2966,
        2339,
        2319,
        2966,
        2966,
        2966,
        2966,
        2966,
        2966,
        2966,
        2966,
        2966,
        2966,
        2966,
        2966,
        2966,
        2966,
        2966,
        2966,
        2966,
        2966,
        2966,
        2966,
        2966,
        2966,
        2966,
        2966,
        2966,
        2966,
        2966,
        9493,
        9493,
        4154,
        9493,
        9698,
        2966,
        4154,
        2852,
        5107,
        5107,
        2966,
        9698,
        9493,
        2852,
        4154,
        4154,
        2966,
        9493,
        2966,
        4154,
        4154,
        3061,
        2985,
        2966,
        2966,
        2966,
        2675,
        2966,
        2966,
        2966,
        2966,
        2966,
        2966,
        2966,
        2966,
        2675,
        2966,
        2966,
        2966,
        2966,
        2966,
        2966,
        2966,
        2966,
        2675,
        2966,
        2966,
        2966,
        2966,
        2966,
        9698,
        9493,
        5107,
        5107,
        5107,
        5107,
        5107,
        9493,
        5107,
        2319,
        16414,
        2966,
        4154,
        5107,
        4154,
        9493,
        9698,
        16414,
        9698,
        2966,
        2966,
        2966,
        2966,
        2675,
        2966,
        2966,
        2966,
        2966,
        2966,
        2966,
        2966,
        2966,
        2675,
        2966,
        2966,
        2966,
        2966,
        2966,
        2966,
        2966,
        2966,
        2675,
        2966,
        2966,
        2966,
        2966,
        4154,
        4154,
        5107,
        5107,
        4154,
        9493,
        5107,
        2966,
        5107,
        9698,
        2852,
        2852,
        2966,
        4154,
        2852,
        9698,
        2966,
        2966,
        2966,
        2966,
        2966,
        2966,
        2966,
        5107,
        2966,
        2966,
        2966,
        2966,
        2966,
        2966,
        2966,
        5107,
        2966,
        2966,
        2966,
        2966,
        2966,
        2966,
        2966,
        5107,
        5107,
        5107,
        5107,
        5107,
        5107,
        2966,
        2966,
        2966,
        2966,
        2966,
        9493,
        2966,
        2966,
        2966,
        2966,
        2966,
        2966,
        9493,
        2966,
        2966,
        2966,
        2966,
        2966,
        2966,
        9493,
        2966,
        2966,
        4154,
        4154,
        5107,
        2966,
        2852,
        9698,
        9698
    ],
    "DecorIndices": [],
    "DecorIds": [],
    "BlockEntities": {
        "3145728": "!<d@[F*JkR#64c-E,TfCCB+>7!<d@[F*`qq#64o6@VfsmCI<#NAIrp*E,]`9FCJfiD(T1/ARl&M@V&tbF!L_m+pnYd!!%O6*<6(i58\"J9!!%O6'`\\515TKh)J3On19-=?;",
        "3151872": "!<d@[F*JkR#64c-E,TfCCB+>7!<d@[F*a/\"#64o6@VfsmCI<#NAIrp*E,]`9FCJfiD(T1/ARl&M@V&tbF!L_m+pnYd!!%O6*<6(i58\"J9!!%O6'`\\515TKh)J3On19-=<:",
        "5243904": "!<d@[F*JkR#64c-E,TfCD#aP9!<d@[F*`tr#64o6@VfsmCI<#NAIrp*E,]`9FCJfiD(T1/ARl&M@V&tbF!L_m+pnYd!!%O6'`\\5a58\"J9r;V72(&\\)]590_(^d&ar9-=<:",
        "5250049": "!<d@[F*JnS#64c-E,TfCD#aP9!<d@[F*a2##64o6@VfsmCI<#NAIrp*E,]`9FCJfiD(T1/ARl&M@V&tbEuG#c(^^E]!!%O6&df'J!.[<LrVq@3(ue12!WW",
        "3148804": "!<d@[F*K\"V#64c-E,TfCCB+>7!<d@[F*a%t#64o6@VfsmCI<#NAIrp*E,]`9FCJfiD(T1/ARl&M@V&tbF\"%(r-OL@n!!%O5'`\\5a4rjV'!'_),%K?BW^D-_KTKaFu!5Lf9i_(Bs!!",
        "3152900": "!<d@[F*K\"V#64c-E,TfCCB+>7!<d@[F*a2##64o6@VfsmCI<#NAIrp*E,]`9FCJfiD(T1/ARl&M@V&tbEuG#c(^^EU!!%O6&df'J!.[9K!!#h\\(ue12!rr",
        "3153924": "!<d@[F*K\"V#64c-E,TfCCB+>7!<d@[F*a5$#64o6@VfsmCI<#NAIrp*E,]`9FCJfiD(T1/ARl&M@V&tbEuG#c(^^EU!!%O6&df'J!.[9K!!'f\"(ue12\"98",
        "5250052": "!<d@[F*K\"V#64c-E,TfCD#aP9!<d@[F*a2##64o6@VfsmCI<#NAIrp*E,]`9FCJfiD(T1/ARl&M@V&tbF!L_m+pnYd!!%O6'`\\5a58\"J9s8RR5('\";`590_(J3On19-=<:",
        "6293508": "!<d@[F*K\"V#64c-E,TfCD?'Y:!<d@[F*a\"s#64o6@VfsmCI<#NAIrp*E,]`9FCJfiD(T1/ARl&M@V&tbF\"%(r-OL@n!!%O6'`\\5a4rjV'!'_),%0-A>^_QkKs#qG'!.[6Mi_(Br!!",
        "7341060": "!<d@[F*K\"V#64c-E,TfCDZBb;!<d@[F*`tr#64o6@VfsmCI<#NAIrp*E,]`9FCJfiD(T1/ARl&M@V&tbF!L_m+pnYd!!%O6*<6(i58\"J9!!!!`'`\\46^E!=T5X-+F9-=<:",
        "8389636": "!<d@[F*K\"V#64c-E,TfCDu]k<!<d@[F*`tr#64o6@VfsmCI<#NAIrp*E,]`9FCJfiD(T1/ARl&M@V&tbF!L_m+pnYd!!%O6'`\\5a58\"J9!!%O6'`\\46590_(!'_=[9-=<:",
        "8395780": "!<d@[F*K\"V#64c-E,TfCDu]k<!<d@[F*a2##64o6@VfsmCI<#NAIrp*E,]`9FCJfiD(T1/ARl&M@V&tbF\"%(r-OL@n!!%O6'`\\5a590_(J3OYW%0-A.58=.u^qUofs8TeMi_(Br!!",
        "3145733": "!<d@[F*K%W#64c-E,TfCCB+>7!<d@[F*`qq#64o6@VfsmCI<#NAIrp*E,]`9FCJfiD(T1/ARl&M@V&tbEu4la(((3c!!%O6&df?R!5Li?!!%O6(ue0g",
        "3148805": "!<d@[F*K%W#64c-E,TfCCB+>7!<d@[F*a%t#64o6@VfsmCI<#NAJ/NlDfRFMF_P`)A1_h?F_>AD\":B0fFCB9&=]/[=gCMCj#mP<eASu'i!=93LDK]T3F@]hXA8Ggu!!!",
        "5251077": "!<d@[F*K%W#64c-E,TfCD#aP9!<d@[F*a5$#64o6@VfsmCI<#NAIrp*E,]`9FCJfiD(T1/ARl&M@V&tbEuG#c(^^E]!!%O6&df'J!\"_F2q>Yq/(ue12!WW",
        "6294533": "!<d@[F*K%W#64c-E,TfCD?'Y:!<d@[F*a%t#64o6@VfsmCI<#NAJ/NlDfRFMF_P`)A1_h?F_>AC\":B0fFCB9&=]/[=gCME@#mP<eASu'i!=93LDK]T3F@]hXA8Ggu!!!",
        "8388613": "!<d@[F*K%W#64c-E,TfCDu]k<!<d@[F*`qq#64o6@VfsmCI<#NAIrp*E,]`9FCJfiD(T1/ARl&M@V&tbF!:Sk+:8Gj!!%O6*<6(i58\"J9!!!Qr(&@lZ590_(J3On19)n",
        "8396805": "!<d@[F*K%W#64c-E,TfCDu]k<!<d@[F*a5$#64o6@VfsmCI<#NAIrp*E,]`9FCJfiD(T1/ARl&M@V&tbEuG#c(^^E]!!%O6&df'J!\"_F2q>Yq/(ue12!WW",
        "6296582": "!<d@[F*K(X#64c-E,TfCD?'Y:!<d@[F*a,!#64o6@VfsmCI<#NAI;p\\ATMrFARTY%\"po!]G%GQ5DfU+(#'\"^#Dfg%+!!!!'\"`nKuFE7Zf0E;+R!!\"ne!!!$\"!!!-0FDl80CdVlEDI[5X!!#4`#6?OZ!<<*\"2@]]e!<<*\"\":K<iFCAuQBOPdgAH2]156(oh1&q=T!!\"ne!!!$\"!!!-0FDl80CdVlEDI[5X!!#4`#6?U\\!<<*\"(BFL9!<<*\"!!`N]!!*'\"!#GY9!!*'\"!!!6)2#mXW!!\"ne!!!$\"!!!-0FDl80CdVlEDI[5X!!#4`#6?^_!<<*\"2@]]e!<<*\"\":K<iFCAuQBOPdgAH2]156(oh2ZNjY!!\"ne!!!$\"!!!-0FDl80CdVlEDI[5X!!#4`!!!02AoD]VCi<g!6Z6LH$=da\\F*'!F@<6Mo\"E\\p.AI;pcCi!O!F(Jl:\":8pVF(djWB5D/6&'7$9",
        "3148807": "!<d@[F*K+Y#64c-E,TfCCB+>7!<d@[F*a%t#64o6@VfsmCI<#NAJK6(@r$13E+NQ3Ecki#Ch521Eb/ec\"E\\p.AJT</@Ua.b/R`^6Cgh?>/SB*4DJ=3(\":&scFCB9&=9&=$!!EUFATMNNDJ*csgCMCj\":&scFCB9&=o\\O&!!rsADes6$@ru9m!!E[MAT2'lE`7'gFCbFP!!!!",
        "3152903": "!<d@[F*K+Y#64c-E,TfCCB+>7!<d@[F*a2##64o6@VfsmCI<#NAJ/NlDfRFMF_P`)A1_h?F_>AC\":B0fFCB9&=]/[=z#mP<eASu'i!!s*KDK]T3F@]hXA8Ggu!!!",
        "6297607": "!<d@[F*K+Y#64c-E,TfCD?'Y:!<d@[F*a/\"#64o6@VfsmCI<#NAIW9mDfor.F*)>@@:s-U$#+:#ASuU.Ed7ZiEH>r7FE7Qb!!!3,F)5c:EsD_\"!!*'\"!4E%2!##>4!!WgQASlBtEaa'4Eb,=fFCf<.ATD4$F`M%e@<6NjE+EC!AH2]1!<:8C5m.R;ASlBtEaa'4Eb,4Nz!!!<;AoD^\"AQ*\\hEa`Tl:i^JnErZ=LD.Rd%6#L=OA_R_e^]=dNFECr$BLZE?AH2]1!!!",
        "3153928": "!<d@[F*K.Z#64c-E,TfCCB+>7!<d@[F*a5$#64o6@VfsmCI<#NAIrp*E,]`9FCJfiD(T1/ARl&M@V&tbEuG#c(^^EU!!!!`&df'J!!#4u!!'f\"(ue12\"98",
        "3145737": "!<d@[F*K1[#64c-E,TfCCB+>7!<d@[F*`qq#64o6@VfsmCI<#NAIrp*E,]`9FCJfiD(T1/ARl&M@V&tbF!:Sk+:8Gb!!!!`*<6(i58\"J9!!!!`'`\\6L5TKh)J3On19)n",
        "4200457": "!<d@[F*K1[#64c-E,TfCC]FG8!<d@[F*a/\"#64o6@VfsmCI<#NAJK6(@r$13E+NQ3Ecki#Ch521Eb/ec\"E\\p.AJT</@Ua.b/R`^6Cgh?=/SB*4DJ=3(\":&scFCB9&=9&=$!!EUFATMNNDJ*csjNA<(\":&scFCB9&=o\\O&!!rsADes6$@ru9m!!E[MAT2'lE`7'gFCbFP!!!!",
        "6297609": "!<d@[F*K1[#64c-E,TfCD?'Y:!<d@[F*a/\"#64o6@VfsmCI<#NAJK6(@r$13E+NQ3Ecki#Ch521Eb/ec\"E\\p.AJT</@Ua.b/R`^6Cgh?=/SB*4DJ=3(\":&scFCB9&=9&=$!!EUFATMNNDJ*csjNA<(\":&scFCB9&=o\\O&!!rsADes6$@ru9m!!E[MAT2'lE`7'gFCbFP!!!!",
        "3153931": "!<d@[F*K7]#64c-E,TfCCB+>7!<d@[F*a5$#64o6@VfsmCI<#NAJK6(@r$13E+NQ3Ecki#Ch521Eb/ec\"E\\p.AJT</@Ua.b/R`^6Cgh?>/SB*4DJ=3(\":&scFCB9&=9&=$!!EUFATMNNDJ*csjNEiR\":&scFCB9&=o\\O&!!rsADes6$@ru9m!!E[MAT2'lE`7'gFCbFP!!!!",
        "4197387": "!<d@[F*K7]#64c-E,TfCC]FG8!<d@[F*a%t#64o6@VfsmCI<#NAIW9mDfor.F*)>@@:s-U$#+:#ASuU.Ed7ZiEH>r7FE7Qb!!!3,F)5c:EsD_\"!!*'\"!4E%2!\"Ao.!!WgQASlBtEaa'4Eb,=fFCf<.ATD4$F`M%e@<6NjE+EC!AH2]1!<:8C5m.R;ASlBtEaa'4Eb,4Nz!!!<;AoD^\"AQ*\\hEa`Tl:i^JnErZ=LD.Rd%6#L=OA_Ra;^B\"[MFECr$BLZE?AH2]1!!!",
        "9438219": "!<d@[F*K7]#64c-E,TfCE<#t=!<d@[F*`tr#64o6@VfsmCI<#NAJK6(@r$13E+NQ3Ecki#Ch521Eb/ec\"E\\p.AJT</@Ua.b/R`^6Cgh?>/SB*4DJ=3(\":&scFCB9&=9&=$!!EUFATMNNDJ*csi9`25\":&scFCB9&=o\\O&!!rsADes6$@ru9m!!E[MAT2'lE`7'gFCbFP!!!!",
        "9444363": "!<d@[F*K7]#64c-E,TfCE<#t=!<d@[F*a2##64o6@VfsmCI<#NAJK6(@r$13E+NQ3Ecki#Ch521Eb/ec\"E\\p.AJT</@Ua.b/R`^6Cgh?>/SB*4DJ=3(\":&scFCB9&=9&=$!!EUFATMNNDJ*csi9`25\":&scFCB9&=o\\O&!!rsADes6$@ru9m!!E[MAT2'lE`7'gFCbFP!!!!",
        "5248012": "!<d@[F*K:^#64c-E,TfCD#aP9!<d@[F*a,!#64o6@VfsmCI<#NAJK6(@r$13E+NQ3Ecki#Ch521Eb/ec\"E\\p.AJT</@Ua.b/R`^6Cgh?>/SB*4DJ=3(\":&scFCB9&=9&=$!!EUFATMNNDJ*csi9`0_\":&scFCB9&=o\\O&!!rsADes6$@ru9m!!E[MAT2'lE`7'gFCbFP!!!!",
        "3153933": "!<d@[F*K=_#64c-E,TfCCB+>7!<d@[F*a5$#64o6@VfsmCI<#NAIrp*E,]`9FCJfiD(T1/ARl&M@V&tbEuG#c(^^EU!!%O6&df'J!.[9K!!()*(ue12\"98",
        "5242893": "!<d@[F*K=_#64c-E,TfCD#aP9!<d@[F*`qq#64o6@VfsmCI<#NAIrp*E,]`9FCJfiD(T1/ARl&M@V&tbF!gqp,mk.l!!%O6'`\\5a590_(J3OYW%0-An_%l\\DIm4q\\!.[9Ni_'7",
        "3145742": "!<d@[F*K@`#64c-E,TfCCB+>7!<d@[F*`qq#64o6@VfsmCI<#NAIrp*E,]`9FCJfiD(T1/ARl&M@V&tbF$'F0(((3c!!%O6&df?R!5Li?!!%O6(ue0q+pnYd!!!!`*<6'>58\"J9!!'ej'`\\5!5TKh)J3On19-=?;",
        "4196366": "!<d@[F*K@`#64c-E,TfCC]FG8!<d@[F*a\"s#64o6@VfsmCI<#NAJK6(@r$13E+NQ3Ecki#Ch521Eb/ec\"E\\p.AJT</@Ua.b/R`^6Cgh?>/SB*4DJ=3(\":&scFCB9&=9&=$!!EUFATMNNDJ*csjNEiR\":&scFCB9&=o\\O&!!rsADes6$@ru9m!!E[MAT2'lE`7'gFCbFP!!!!",
        "5245966": "!<d@[F*K@`#64c-E,TfCD#aP9!<d@[F*a%t#64o6@VfsmCI<#NAIrp*E,]`9FCJfiD(T1/ARl&M@V&tbF!L_m+pnYd!!#8K*<6(i4q\\A8s8P;J'`\\5a^E!:S5ee/q9-=?;",
        "5248014": "!<d@[F*K@`#64c-E,TfCD#aP9!<d@[F*a,!#64o6@VfsmCI<#NAJK6(@r$13E+NQ3Ecki#Ch521Eb/ec\"E\\p.AJT</@Ua.b/R`^6Cgh?>/SB*4DJ=3(\":&scFCB9&=9&=$!!EUFATMNNDJ*csgCHk@\":&scFCB9&=o\\O&!!rsADes6$@ru9m!!E[MAT2'lE`7'gFCbFP!!!!",
        "9444366": "!<d@[F*K@`#64c-E,TfCE<#t=!<d@[F*a2##64o6@VfsmCI<#NAIrp*E,]`9FCJfiD(T1/ARl&M@V&tbF!L_m+pnYl!!%O5*<6(i58\"J9rVrKS'`\\5a^`<OXJ3Fh09-=68",
        "4195343": "!<d@[F*KCa#64c-E,TfCC]FG8!<d@[F*`tr#64o6@VfsmCI<#NAIrp*E,]`9FCJfiD(T1/ARl&M@V&tbF!L_m+pnYd!!#8K*<6'>58\"J9!!!Qq'o-UrZQ9&FT0F1P9-=?;",
        "5249039": "!<d@[F*KCa#64c-E,TfCD#aP9!<d@[F*a/\"#64o6@VfsmCI<#NAIrp*E,]`9FCJfiD(T1/ARl&M@V&tbF!L_m+pnYd!!#8K*<6(i4q\\A8!!(qA('\":u^E!:SJA)l[9-=?;",
        "3154961": "!<d@[F*KIc#64c-E,TfCCB+>7!<d@[F*a8%#64o6@VfsmCI<#NAIrp*E,]`9FCJfiD(T1/ARl&M@V&tbF\"%(r-OL@n!!%O5'`\\5a4rjV'J3FSV%Jp,)4r\"%tJ3P%S!2.(Di_(Bs!!",
        "4199441": "!<d@[F*KIc#64c-E,TfCC]FG8!<d@[F*a,!#64o6@VfsmCI<#NAIrp*E,]`9FCJfiD(T1/ARl&M@V&tbF!:Sk+:8Gb!!#8K'`\\5a4q\\A8\"9<td(&\\)]4rsV%5JJ&p9)n"
    },
    "Entities": [],
    "ReplaceMode": 2,
    "EntranceRotation": -1
}