{
    "GameVersion": "1.19.7",
    "SizeX": 19,
    "SizeY": 10,
    "SizeZ": 9,
    "BlockCodes": {
        "9698": "game:supportbeam-aged",
        "2966": "game:cobblestone-granite",
        "9493": "game:agedstonebricks-granite",
        "4154": "game:drystone-granite",
        "7277": "game:planks-aged-ns",
        "5122": "game:looseboulders-granite-free",
        "5107": "game:gravel-granite",
        "5535": "game:loosestones-granite-free",
        "16414": "game:rocktyped-rubble-free",
        "8606": "game:clutter",
        "2319": "game:slantedroofing-fireclay-north-free",
        "8610": "game:groundstorage",
        "2852": "game:cobblestoneslab-granite-down-free",
        "2349": "game:slantedroofing-fireclay-west-free",
        "2339": "game:slantedroofing-fireclay-south-free",
        "9520": "game:door-ruined-rough2",
        "7290": "game:planks-aged-ud",
        "2329": "game:slantedroofing-fireclay-east-free",
        "3023": "game:cobblestonestairs-granite-up-east-free",
        "3061": "game:cobblestonestairs-granite-up-south-free",
        "2985": "game:cobblestonestairs-granite-up-north-free"
    },
    "ItemCodes": {
        "1462": "game:shingle-burned-fire"
    },
    "Indices": [
        2048,
        3072,
        4096,
        5120,
        6144,
        1050624,
        1051648,
        1052672,
        1053696,
        1054720,
        2099200,
        2100224,
        2101248,
        2102272,
        2103296,
        3151872,
        1025,
        2049,
        3073,
        4097,
        5121,
        6145,
        7169,
        1049601,
        1050625,
        1051649,
        1052673,
        1053697,
        1054721,
        1055745,
        2098177,
        2099201,
        2100225,
        2101249,
        2102273,
        2103297,
        2104321,
        3146753,
        3147777,
        3148801,
        3150849,
        3151873,
        3153921,
        4196353,
        4200449,
        1026,
        2050,
        3074,
        4098,
        5122,
        6146,
        7170,
        1049602,
        1050626,
        1051650,
        1052674,
        1053698,
        1054722,
        1055746,
        2098178,
        2099202,
        2100226,
        2101250,
        2102274,
        2103298,
        2104322,
        3147778,
        3149826,
        3151874,
        1027,
        2051,
        3075,
        4099,
        5123,
        6147,
        7171,
        1049603,
        1050627,
        1051651,
        1052675,
        1053699,
        1054723,
        1055747,
        2098179,
        2099203,
        2100227,
        2101251,
        2102275,
        2103299,
        2104323,
        3147779,
        3148803,
        3149827,
        3150851,
        3151875,
        4198403,
        4199427,
        4,
        1028,
        2052,
        3076,
        4100,
        5124,
        6148,
        7172,
        1048580,
        1049604,
        1050628,
        1051652,
        1052676,
        1053700,
        1054724,
        1055748,
        2097156,
        2098180,
        2099204,
        2100228,
        2101252,
        2102276,
        2103300,
        2104324,
        3146756,
        3147780,
        3148804,
        3149828,
        3150852,
        3151876,
        3152900,
        4196356,
        4197380,
        4198404,
        4200452,
        5243908,
        5250052,
        5,
        1029,
        2053,
        3077,
        4101,
        5125,
        6149,
        7173,
        1048581,
        1049605,
        1050629,
        1051653,
        1052677,
        1053701,
        1054725,
        1055749,
        2097157,
        2098181,
        2099205,
        2100229,
        2101253,
        2102277,
        2103301,
        2104325,
        3146757,
        3147781,
        3148805,
        3149829,
        3150853,
        3151877,
        3152901,
        4195333,
        4196357,
        4197381,
        4198405,
        4199429,
        4201477,
        5243909,
        5244933,
        5245957,
        5246981,
        5248005,
        5249029,
        5250053,
        6292485,
        6294533,
        6296581,
        6298629,
        6299653,
        7341061,
        7347205,
        8388613,
        8389637,
        8395781,
        8396805,
        6,
        1030,
        2054,
        3078,
        4102,
        5126,
        6150,
        7174,
        1048582,
        1049606,
        1050630,
        1051654,
        1052678,
        1053702,
        1054726,
        1055750,
        2097158,
        2098182,
        2099206,
        2100230,
        2101254,
        2102278,
        2103302,
        2104326,
        3146758,
        3147782,
        3148806,
        3149830,
        3150854,
        3151878,
        3152902,
        4195334,
        4196358,
        4197382,
        4198406,
        4199430,
        4200454,
        4201478,
        5243910,
        5250054,
        6292486,
        6298630,
        7341062,
        7347206,
        8389638,
        8395782,
        7,
        1031,
        2055,
        3079,
        4103,
        5127,
        6151,
        7175,
        1048583,
        1049607,
        1050631,
        1051655,
        1052679,
        1053703,
        1054727,
        1055751,
        2097159,
        2098183,
        2099207,
        2100231,
        2101255,
        2102279,
        2103303,
        2104327,
        3145735,
        3146759,
        3147783,
        3148807,
        3149831,
        3150855,
        3151879,
        3152903,
        4195335,
        4196359,
        4197383,
        4200455,
        4201479,
        5243911,
        5250055,
        6292487,
        6298631,
        7341063,
        7347207,
        8,
        1032,
        2056,
        3080,
        4104,
        5128,
        6152,
        7176,
        1048584,
        1049608,
        1050632,
        1051656,
        1052680,
        1053704,
        1054728,
        1055752,
        2097160,
        2098184,
        2099208,
        2100232,
        2101256,
        2102280,
        2103304,
        2104328,
        3146760,
        3147784,
        3148808,
        3149832,
        3150856,
        3151880,
        3152904,
        4195336,
        4198408,
        4200456,
        4201480,
        5243912,
        5250056,
        6292488,
        6298632,
        7341064,
        7347208,
        8389640,
        8395784,
        9444360,
        9,
        1033,
        2057,
        3081,
        4105,
        5129,
        6153,
        7177,
        1048585,
        1049609,
        1050633,
        1051657,
        1052681,
        1053705,
        1054729,
        1055753,
        2097161,
        2098185,
        2099209,
        2100233,
        2101257,
        2102281,
        2103305,
        2104329,
        3146761,
        3147785,
        3148809,
        3149833,
        3150857,
        3151881,
        3152905,
        3153929,
        4195337,
        4196361,
        4198409,
        4200457,
        4201481,
        5243913,
        5249033,
        5250057,
        6292489,
        6298633,
        7341065,
        7347209,
        8388617,
        8389641,
        8395785,
        10,
        1034,
        2058,
        3082,
        4106,
        5130,
        6154,
        7178,
        1048586,
        1049610,
        1050634,
        1051658,
        1052682,
        1053706,
        1054730,
        1055754,
        2097162,
        2098186,
        2099210,
        2100234,
        2101258,
        2102282,
        2103306,
        2104330,
        3146762,
        3149834,
        3150858,
        3151882,
        3152906,
        4195338,
        4200458,
        4201482,
        5243914,
        5250058,
        6292490,
        6298634,
        7341066,
        7347210,
        8389642,
        8395786,
        9438218,
        9444362,
        11,
        1035,
        2059,
        3083,
        4107,
        5131,
        6155,
        7179,
        1048587,
        1049611,
        1050635,
        1051659,
        1052683,
        1053707,
        1054731,
        1055755,
        2097163,
        2098187,
        2099211,
        2100235,
        2101259,
        2102283,
        2103307,
        2104331,
        3146763,
        3147787,
        3148811,
        3149835,
        3150859,
        3151883,
        3152907,
        4201483,
        5243915,
        5250059,
        6292491,
        6298635,
        7341067,
        7347211,
        8389643,
        8395787,
        12,
        1036,
        2060,
        3084,
        4108,
        5132,
        6156,
        7180,
        1048588,
        1049612,
        1050636,
        1051660,
        1052684,
        1053708,
        1054732,
        1055756,
        2097164,
        2098188,
        2099212,
        2100236,
        2101260,
        2102284,
        2103308,
        2104332,
        3146764,
        3147788,
        3148812,
        3149836,
        3150860,
        3151884,
        3152908,
        4195340,
        4197388,
        4198412,
        4199436,
        4200460,
        4201484,
        5243916,
        5250060,
        6292492,
        6298636,
        7341068,
        7347212,
        8389644,
        8395788,
        13,
        1037,
        2061,
        3085,
        4109,
        5133,
        6157,
        7181,
        1048589,
        1049613,
        1050637,
        1051661,
        1052685,
        1053709,
        1054733,
        1055757,
        2097165,
        2098189,
        2099213,
        2100237,
        2101261,
        2102285,
        2103309,
        2104333,
        3146765,
        3147789,
        3148813,
        3149837,
        3150861,
        3151885,
        3152909,
        3153933,
        4195341,
        4196365,
        4198413,
        4200461,
        4201485,
        5243917,
        5249037,
        5250061,
        6292493,
        6298637,
        7341069,
        7347213,
        8388621,
        14,
        1038,
        2062,
        3086,
        4110,
        5134,
        6158,
        7182,
        1048590,
        1049614,
        1050638,
        1051662,
        1052686,
        1053710,
        1054734,
        1055758,
        2097166,
        2098190,
        2099214,
        2100238,
        2101262,
        2102286,
        2103310,
        2104334,
        3146766,
        3147790,
        3148814,
        3149838,
        3150862,
        3151886,
        3152910,
        4195342,
        4196366,
        4197390,
        4198414,
        4199438,
        4201486,
        5243918,
        5246990,
        5250062,
        6292494,
        6298638,
        7341070,
        7347214,
        8389646,
        8395790,
        15,
        1039,
        2063,
        3087,
        4111,
        5135,
        6159,
        7183,
        1048591,
        1049615,
        1050639,
        1051663,
        1052687,
        1053711,
        1054735,
        1055759,
        2097167,
        2098191,
        2099215,
        2100239,
        2101263,
        2102287,
        2103311,
        2104335,
        3145743,
        3146767,
        3147791,
        3148815,
        3149839,
        3150863,
        3151887,
        3152911,
        4195343,
        4196367,
        4198415,
        4199439,
        4200463,
        4201487,
        5243919,
        5244943,
        5246991,
        5248015,
        5249039,
        5250063,
        6292495,
        6298639,
        7341071,
        7347215,
        8389647,
        8395791,
        16,
        1040,
        2064,
        3088,
        4112,
        5136,
        6160,
        7184,
        1048592,
        1049616,
        1050640,
        1051664,
        1052688,
        1053712,
        1054736,
        1055760,
        2097168,
        2098192,
        2099216,
        2100240,
        2101264,
        2102288,
        2103312,
        2104336,
        3146768,
        3147792,
        3148816,
        3149840,
        3150864,
        3151888,
        3152912,
        4195344,
        4196368,
        4197392,
        4198416,
        4199440,
        4200464,
        4201488,
        5243920,
        5246992,
        5248016,
        5250064,
        6292496,
        6296592,
        6298640,
        7341072,
        7347216,
        8389648,
        8395792,
        9438224,
        9444368,
        17,
        1041,
        2065,
        3089,
        4113,
        5137,
        6161,
        7185,
        1048593,
        1049617,
        1050641,
        1051665,
        1052689,
        1053713,
        1054737,
        1055761,
        2097169,
        2098193,
        2099217,
        2100241,
        2101265,
        2102289,
        2103313,
        2104337,
        3145745,
        3146769,
        3147793,
        3148817,
        3149841,
        3150865,
        3151889,
        3152913,
        4195345,
        4196369,
        4197393,
        4198417,
        4199441,
        4200465,
        4201489,
        5243921,
        5244945,
        5245969,
        5246993,
        5248017,
        5249041,
        5250065,
        6291473,
        6292497,
        6293521,
        6294545,
        6295569,
        6296593,
        6297617,
        6298641,
        7341073,
        7342097,
        7343121,
        7344145,
        7345169,
        7346193,
        7347217,
        8388625,
        8389649,
        8390673,
        8391697,
        8392721,
        8393745,
        8394769,
        8395793,
        9438225,
        9439249,
        9440273,
        9442321,
        9443345,
        9444369,
        3153938,
        6298642,
        8395794
    ],
    "BlockIds": [
        2966,
        2966,
        2966,
        2966,
        2966,
        2966,
        2966,
        2966,
        2966,
        2966,
        2966,
        2966,
        2966,
        2966,
        2966,
        9698,
        2966,
        2966,
        2966,
        2966,
        2966,
        2966,
        2966,
        2966,
        2966,
        2966,
        2966,
        2966,
        2966,
        2966,
        2966,
        2966,
        2966,
        2966,
        2966,
        2966,
        2966,
        9698,
        9493,
        2966,
        4154,
        9493,
        9698,
        9698,
        9698,
        2966,
        2966,
        2966,
        7277,
        7277,
        2966,
        2966,
        2966,
        2966,
        2966,
        7277,
        7277,
        2966,
        2966,
        2966,
        2966,
        2966,
        7277,
        7277,
        2966,
        2966,
        9493,
        5122,
        4154,
        2966,
        2966,
        7277,
        7277,
        7277,
        2966,
        2966,
        2966,
        2966,
        7277,
        7277,
        7277,
        2966,
        2966,
        2966,
        2966,
        7277,
        7277,
        7277,
        2966,
        2966,
        9493,
        5122,
        5107,
        5107,
        9493,
        5535,
        16414,
        2966,
        2966,
        2966,
        2966,
        2966,
        7277,
        2966,
        2966,
        2966,
        2966,
        2966,
        2966,
        2966,
        7277,
        2966,
        2966,
        2966,
        2966,
        2966,
        2966,
        2966,
        7277,
        2966,
        2966,
        9698,
        2966,
        5107,
        5107,
        5107,
        2966,
        9698,
        4154,
        16414,
        5107,
        2966,
        9698,
        9698,
        2966,
        2966,
        2966,
        2966,
        9493,
        2966,
        2966,
        2966,
        2966,
        2966,
        2966,
        2966,
        9493,
        2966,
        2966,
        2966,
        2966,
        2966,
        2966,
        2966,
        9493,
        2966,
        2966,
        2966,
        9493,
        2966,
        2966,
        5107,
        9493,
        4154,
        2966,
        9493,
        4154,
        2966,
        5107,
        9493,
        4154,
        2966,
        4154,
        2966,
        5107,
        2966,
        2966,
        9493,
        4154,
        5535,
        16414,
        4154,
        9698,
        4154,
        2966,
        9698,
        5122,
        16414,
        9698,
        2966,
        2966,
        2966,
        2966,
        7277,
        7277,
        2966,
        2966,
        5107,
        2966,
        2966,
        2966,
        7277,
        7277,
        2966,
        2966,
        5107,
        2966,
        2966,
        2966,
        7277,
        7277,
        2966,
        2966,
        2966,
        5107,
        5107,
        5107,
        5107,
        5107,
        9493,
        2966,
        8606,
        2319,
        5107,
        8610,
        8610,
        9493,
        4154,
        4154,
        2966,
        2966,
        2966,
        2966,
        4154,
        2966,
        2966,
        2966,
        7277,
        2966,
        7277,
        2966,
        7277,
        2966,
        5107,
        2966,
        7277,
        2966,
        7277,
        2966,
        7277,
        2966,
        5107,
        2966,
        7277,
        2966,
        7277,
        2966,
        7277,
        2966,
        5122,
        2966,
        5107,
        5107,
        5107,
        9493,
        5107,
        4154,
        2852,
        8606,
        5107,
        5107,
        2852,
        2966,
        4154,
        2966,
        9493,
        2852,
        2852,
        2966,
        2966,
        7277,
        7277,
        7277,
        7277,
        2966,
        2966,
        2966,
        2966,
        7277,
        7277,
        7277,
        7277,
        2966,
        2966,
        2966,
        2966,
        7277,
        7277,
        7277,
        7277,
        2966,
        2966,
        2966,
        9493,
        4154,
        5107,
        9493,
        9493,
        4154,
        9493,
        16414,
        8610,
        2966,
        4154,
        2966,
        2966,
        2966,
        2966,
        2966,
        4154,
        9493,
        16414,
        2966,
        2966,
        2966,
        7277,
        7277,
        7277,
        2966,
        2966,
        2966,
        2966,
        2966,
        7277,
        7277,
        7277,
        2966,
        2966,
        2966,
        2966,
        2966,
        7277,
        7277,
        7277,
        2966,
        2966,
        9493,
        9493,
        5107,
        5107,
        4154,
        2966,
        9493,
        9698,
        9493,
        9493,
        5107,
        2966,
        4154,
        2966,
        2966,
        9493,
        9493,
        4154,
        2966,
        2966,
        9698,
        2966,
        2966,
        2966,
        2966,
        7277,
        5107,
        7277,
        2966,
        2966,
        2966,
        2966,
        2966,
        7277,
        5107,
        7277,
        2966,
        2966,
        2966,
        2966,
        2966,
        7277,
        5107,
        7277,
        2966,
        2966,
        2966,
        9493,
        2852,
        5107,
        4154,
        2966,
        4154,
        2349,
        9493,
        9493,
        4154,
        9493,
        9493,
        4154,
        2966,
        9493,
        2966,
        2339,
        2319,
        2966,
        2966,
        7277,
        2966,
        7277,
        7277,
        2966,
        2966,
        2966,
        2966,
        7277,
        2966,
        7277,
        7277,
        2966,
        2966,
        2966,
        2966,
        7277,
        2966,
        7277,
        7277,
        2966,
        2966,
        9520,
        5107,
        5107,
        5107,
        4154,
        9493,
        2966,
        2852,
        2966,
        2966,
        2966,
        4154,
        2852,
        2852,
        2966,
        2966,
        2966,
        2966,
        7277,
        7277,
        7277,
        2966,
        7277,
        2966,
        2966,
        2966,
        7277,
        7277,
        7277,
        2966,
        7277,
        2966,
        2966,
        2966,
        7277,
        7277,
        7277,
        2966,
        7277,
        2966,
        2966,
        9493,
        4154,
        5107,
        5107,
        5107,
        2966,
        9493,
        16414,
        5107,
        16414,
        5107,
        2966,
        9493,
        4154,
        9493,
        2966,
        9493,
        2966,
        9493,
        2966,
        2966,
        2966,
        2966,
        2966,
        7277,
        7290,
        2966,
        2966,
        2966,
        2966,
        2966,
        2966,
        7277,
        7290,
        2966,
        2966,
        2966,
        2966,
        2966,
        2966,
        7277,
        7290,
        2966,
        2966,
        4154,
        2966,
        5107,
        5107,
        5107,
        2966,
        4154,
        9698,
        4154,
        4154,
        5107,
        4154,
        4154,
        2966,
        9493,
        2966,
        2966,
        2966,
        2966,
        9493,
        9698,
        2966,
        2966,
        7277,
        2966,
        7277,
        7277,
        2966,
        2966,
        2966,
        2966,
        7277,
        2966,
        7277,
        7277,
        2966,
        2966,
        2966,
        2966,
        7277,
        2966,
        7277,
        7277,
        2966,
        2966,
        9493,
        5107,
        5107,
        5107,
        5107,
        5107,
        2966,
        9493,
        8610,
        4154,
        5107,
        4154,
        4154,
        4154,
        16414,
        4154,
        4154,
        2966,
        9493,
        9493,
        4154,
        9493,
        2966,
        2966,
        2966,
        2966,
        7277,
        2966,
        2966,
        2966,
        2966,
        2966,
        2966,
        2966,
        7277,
        2966,
        2966,
        2966,
        2966,
        2966,
        2966,
        2966,
        7277,
        2966,
        2966,
        2966,
        2329,
        4154,
        3023,
        8610,
        5107,
        5107,
        5107,
        9493,
        2852,
        5107,
        5107,
        5107,
        4154,
        2852,
        2966,
        16414,
        4154,
        16414,
        2339,
        9493,
        2966,
        9493,
        2852,
        2852,
        2966,
        2966,
        2966,
        2966,
        9493,
        9493,
        2966,
        9493,
        2966,
        2966,
        2966,
        2966,
        9493,
        9493,
        2966,
        9493,
        2966,
        2966,
        2966,
        2966,
        9493,
        9493,
        2966,
        9493,
        2966,
        2966,
        2966,
        2966,
        9493,
        9493,
        9493,
        2966,
        2966,
        4154,
        8610,
        3061,
        9493,
        9493,
        2966,
        9493,
        2966,
        3061,
        2966,
        2966,
        2966,
        5122,
        2966,
        2966,
        9493,
        4154,
        9493,
        2339,
        2319,
        2966,
        2966,
        2966,
        2966,
        2966,
        2966,
        2966,
        2966,
        2966,
        2966,
        2966,
        2966,
        2966,
        2966,
        2966,
        2966,
        2966,
        2966,
        2966,
        2966,
        2966,
        2966,
        2966,
        2966,
        9698,
        2966,
        9493,
        9493,
        2966,
        2966,
        9493,
        2966,
        2966,
        2966,
        4154,
        4154,
        9493,
        2966,
        9493,
        9493,
        4154,
        9493,
        2966,
        4154,
        4154,
        2966,
        9698,
        2966,
        9493,
        4154,
        4154,
        2966,
        9493,
        2966,
        2966,
        9493,
        2966,
        2852,
        9493,
        2966,
        2966,
        9698,
        9493,
        4154,
        2966,
        2966,
        4154,
        9493,
        2966,
        3061,
        2966,
        4154,
        4154,
        4154,
        2985,
        9698,
        9698,
        9698
    ],
    "DecorIndices": [],
    "DecorIds": [],
    "BlockEntities": {
        "3151872": "!<d@[F*R&r#64c-E,TfCCB+>7!<d@[F*a_2#64o6@VfsmCI<#NAIrp*E,]`9FCJfiD(T1/ARl&M@V&tbF!L_m+pnYd!!%O6*<6(i58\"J9!!%O6'`\\5!5TKh)J3On19-=<:",
        "3146753": "!<d@[F*R)s#64c-E,TfCCB+>7!<d@[F*aP-#64o6@VfsmCI<#NAIrp*E,]`9FCJfiD(T1/ARl&M@V&tbEub5f)[Zoe!!%O5*<6(i58\";<!!#8L*<6(i58`BQ!!",
        "3153921": "!<d@[F*R)s#64c-E,TfCCB+>7!<d@[F*ae4#64o6@VfsmCI<#NAIrp*E,]`9FCJfiD(T1/ARl&M@V&tbEutAh*=;rZ!!!!`&e>EO!)Poqh8fc,*<6()^DPs'+9VZ",
        "4196353": "!<d@[F*R)s#64c-E,TfCC]FG8!<d@[F*aS.#64o6@VfsmCI<#NAIrp*E,]`9FCJfiD(T1/ARl&M@V&tbEutAh*=;rj!!!!`&e>EQ!._g!rr7J_*<6(95T&KR+9VZ",
        "4200449": "!<d@[F*R)s#64c-E,TfCC]FG8!<d@[F*a_2#64o6@VfsmCI<#NAIrp*E,]`9FCJfiD(T1/ARl&M@V&tbEutAh*=;rj!!#8K&e>HNs8TeJ!<@Yb*<6'>1`54F+9VZ",
        "4199427": "!<d@[F*R/u#64c-E,TfCC]FG8!<d@[F*a\\1#64o6@VfsmCI<#NAJK6(@r$13E+NQ3Ecki#Ch521Eb/ec\"E\\p.AJT</@Ua.b/R`^6Cgh??/SB*4DJ=3(\":&scFCB9&=9&=$!!EUFATMNNDJ*csjNA=S\":&scFCB9&=o\\O&!!rsADes6$@ru9m!!E[MAT2'lE`7'gFCbFP!!!!",
        "3146756": "!<d@[F*R3!#64c-E,TfCCB+>7!<d@[F*aP-#64o6@VfsmCI<#NAIrp*E,]`9FCJfiD(T1/ARl&M@V&tbF!L_m+pnYd!!%O6*<6(i58\"J9!!%O6'`\\5!5TKh)J3On19-=<:",
        "3152900": "!<d@[F*R3!#64c-E,TfCCB+>7!<d@[F*ab3#64o6@VfsmCI<#NAIrp*E,]`9FCJfiD(T1/ARl&M@V&tbF$9R2+pnYd!!%O6*<6(i58\"J9!!%O6'`\\6L5TKh)J3On19-=<D(^^EU!!%O6&df'J!.[9K!!#8L(ue12\"98",
        "4197380": "!<d@[F*R3!#64c-E,TfCC]FG8!<d@[F*aV/#64o6@VfsmCI<#NAJK6(@r$13E+NQ3Ecki#Ch521Eb/ec\"E\\p.AJT</@Ua.b/R`^6Cgh?>/SB*4DJ=3(\":&scFCB9&=9&=$!!EUFATMNNDJ*csgCME@\":&scFCB9&=o\\O&!!rsADes6$@ru9m!!E[MAT2'lE`7'gFCbFP!!!!",
        "5243908": "!<d@[F*R3!#64c-E,TfCD#aP9!<d@[F*aP-#64o6@VfsmCI<#NAIrp*E,]`9FCJfiD(T1/ARl&M@V&tbF!gqp,mk.l!!%O6'`\\5a590_(J3OYW%0-An^_QhJIm4qU!.[9Ni_'7",
        "5250052": "!<d@[F*R3!#64c-E,TfCD#aP9!<d@[F*ab3#64o6@VfsmCI<#NAIrp*E,]`9FCJfiD(T1/ARl&M@V&tbF!L_m+pnYd!!%O6'`\\5a58\"J9s8RR5('\";`590_(J3On19-=<:",
        "6296581": "!<d@[F*R6\"#64c-E,TfCD?'Y:!<d@[F*a\\1#64o6@VfsmCI<#NAJK6(@r$13E+NQ3Ecki#Ch521Eb/ec\"E\\p.AJT</@Ua.b/R`^6Cgh?=/SB*4DJ=3(\":&scFCB9&=9&=$!!EUFATMNNDJ*csdSp%X\":&scFCB9&=o\\O&!!rsADes6$@ru9m!!E[MAT2'lE`7'gFCbFP!!!!",
        "6299653": "!<d@[F*R6\"#64c-E,TfCD?'Y:!<d@[F*ae4#64o6@VfsmCI<#NAIrp*E,]`9FCJfiD(T1/ARl&M@V&tbEtnZ^'++^P$4Qt8:dGi)M&<W;i_(Bq!!",
        "8388613": "!<d@[F*R6\"#64c-E,TfCDu]k<!<d@[F*aM,#64o6@VfsmCI<#NAIrp*E,]`9FCJfiD(T1/ARl&M@V&tbF!:Sk+:8Gj!!%O6*<6(i58\"J9jb1o-'`\\6,^`E1LIm4e09)n",
        "8395781": "!<d@[F*R6\"#64c-E,TfCDu]k<!<d@[F*ab3#64o6@VfsmCI<#NAJK6(@r$13E+NQ3Ecki#Ch521Eb/ec\"E\\p.AJT</@Ua.b/R`^6Cgh??/SB*4DJ=3(\":&scFCB9&=9&=$!!EUFATMNNDJ*csgCHk@\":&scFCB9&=o\\O&!!rsADes6$@ru9m!!E[MAT2'lE`7'gFCbFP!!!!",
        "8396805": "!<d@[F*R6\"#64c-E,TfCDu]k<!<d@[F*ae4#64o6@VfsmCI<#NAIrp*E,]`9FCJfiD(T1/ARl&M@V&tbEuG#c(^^E]!!%O6&df'J!)PrrpA]V,(ue12!WW",
        "4196358": "!<d@[F*R9##64c-E,TfCC]FG8!<d@[F*aS.#64o6@VfsmCI<#NAHu^]F`__:EWlSfH#R=(@q]:bE\\2<SBl7Km1B[r'DffE0AQSp4!!!-.D.Rd%6#L=OA_Ra;4p2+2DffE0AQf'6!!!<3@rH1\"ARfgnA,l`?Eb02uBl[-o@<?&\\z",
        "4199430": "!<d@[F*R9##64c-E,TfCC]FG8!<d@[F*a\\1#64o6@VfsmCI<#NAIW9mDfor.F*)>@@:s-U$#+:#ASuU.Ed7ZiEH>r7FE7Qb!!!3,F)5c:EsD_\"!!*'\"!4E%2!\"Ao.!!WgQASlBtEaa'4Eb,=fFCf<.ATD4$F`M%e@<6NjE+EC!AH2]1!<:8C5m.R;ASlBtEaa'4Eb,4Nz!!!<;AoD^\"AQ*\\hEa`Tl:i^JnErZ=LD.Rd%6#L=OA_R_e^]=dNFECr$BLZE?AH2]1!!!",
        "4200454": "!<d@[F*R9##64c-E,TfCC]FG8!<d@[F*a_2#64o6@VfsmCI<#NAIW9mDfor.F*)>@@:s-U$#+:#ASuU.Ed7ZiEH>r7FE7Qb!!!3,F)5c:EsD_\"!!*'\"!4E%2!%S$L!!WgQASlBtEaa'4Eb,=fFCf<.ATD4$F`M%e@<6NjE+EC!AH2]1!<:8C5m.R;ASlBtEaa'4Eb,4Nz!!!<;AoD^\"AQ*\\hEa`Tl:i^JnErZ=LD.Rd%6#L=OA_R_e^]=dNFECr$BLZE?AH2]1!!!",
        "4196359": "!<d@[F*R<$#64c-E,TfCC]FG8!<d@[F*aS.#64o6@VfsmCI<#NAHu^]F`__:EWlSfH#R=(FCAWpAM%qFBl7Km1'@i&DffE0AQSp4!!!-.D.Rd%6#L=OAH2]1!!EOIDffE0AQf'6!!!<3@rH1\"ARfgnA,l`?Eb02uBl[-o@<?&\\z",
        "4198408": "!<d@[F*R?%#64c-E,TfCC]FG8!<d@[F*aY0#64o6@VfsmCI<#NAJK6(@r$13E+NQ3Ecki#Ch521Eb/ec\"E\\p.AJT</@Ua.b/R`^6Cgh?>/SB*4DJ=3(\":&scFCB9&=9&=$!!EUFATMNNDJ*csgCME@\":&scFCB9&=o\\O&!!rsADes6$@ru9m!!E[MAT2'lE`7'gFCbFP!!!!",
        "4200456": "!<d@[F*R?%#64c-E,TfCC]FG8!<d@[F*a_2#64o6@VfsmCI<#NAIW9mDfor.F*)>@@:s-U$#+:#ASuU.Ed7ZiEH>r7FE7Qb!!!3,F)5c:EsD_\"!!*'\"!4E%2!$qUF!!WgQASlBtEaa'4Eb,=fFCf<.ATD4$F`M%e@<6NjE+EC!AH2]1!<:8C5m.R;ASlBtEaa'4Eb,4Nz!!!<;AoD^\"AQ*\\hEa`Tl:i^JnErZ=LD.Rd%6#L=OA_R_e^]=dNFECr$BLZE?AH2]1!!!",
        "9444360": "!<d@[F*R?%#64c-E,TfCE<#t=!<d@[F*ab3#64o6@VfsmCI<#NAJK6(@r$13E+NQ3Ecki#Ch521Eb/ec\"E\\p.AJT</@Ua.b/R`^6Cgh?>/SB*4DJ=3(\":&scFCB9&=9&=$!!EUFATMNNDJ*csi9`25\":&scFCB9&=o\\O&!!rsADes6$@ru9m!!E[MAT2'lE`7'gFCbFP!!!!",
        "3153929": "!<d@[F*RB&#64c-E,TfCCB+>7!<d@[F*ae4#64o6@VfsmCI<#NAIrp*E,]`9FCJfiD(T1/ARl&M@V&tbEuG#c(^^EU!!!!`&df'J!!#4u!!'f\"(ue12!WW",
        "8388617": "!<d@[F*RB&#64c-E,TfCDu]k<!<d@[F*aM,#64o6@VfsmCI<#NAIrp*E,]`9FCJfiD(T1/ARl&M@V&tbF!gqp,mk.l!!!!`'`\\5a590_(J3OYW%0-A.58=.uTYMTBs*m6Mi_'7",
        "3146763": "!<d@[F*RH(#64c-E,TfCCB+>7!<d@[F*aP-#64o6@VfsmCI<#NAJ/NlDfRFMF_P`)A1_h?F_>AC\":B0fFCB9&=]/[=gCHlk#mP<eASu'i!=93LDK]T3F@]hXA8Ggu!!!",
        "4197388": "!<d@[F*RK)#64c-E,TfCC]FG8!<d@[F*aV/#64o6@VfsmCI<#NAJK6(@r$13E+NQ3Ecki#Ch521Eb/ec\"E\\p.AJT</@Ua.b/R`^6Cgh??/SB*4DJ=3(\":&scFCB9&=9&=$!!EUFATMNNDJ*csgCME@\":&scFCB9&=o\\O&!!rsADes6$@ru9m!!E[MAT2'lE`7'gFCbFP!!!!",
        "4199436": "!<d@[F*RK)#64c-E,TfCC]FG8!<d@[F*a\\1#64o6@VfsmCI<#NAJK6(@r$13E+NQ3Ecki#Ch521Eb/ec\"E\\p.AJT</@Ua.b/R`^6Cgh?>/SB*4DJ=3(\":&scFCB9&=9&=$!!EUFATMNNDJ*csdSp%X\":&scFCB9&=o\\O&!!rsADes6$@ru9m!!E[MAT2'lE`7'gFCbFP!!!!",
        "3153933": "!<d@[F*RN*#64c-E,TfCCB+>7!<d@[F*ae4#64o6@VfsmCI<#NAIrp*E,]`9FCJfiD(T1/ARl&M@V&tbEuG#c(^^EU!!!!`&df'J!!#4u!!'f\"(ue12!WW",
        "8388621": "!<d@[F*RN*#64c-E,TfCDu]k<!<d@[F*aM,#64o6@VfsmCI<#NAIrp*E,]`9FCJfiD(T1/ARl&M@V&tbF!gqp,mk.l!!!!`'`\\5a590_(J3OYW%0-A.58=.uTYMTBs*m6Mi_'7",
        "4196366": "!<d@[F*RQ+#64c-E,TfCC]FG8!<d@[F*aS.#64o6@VfsmCI<#NAIW9mDfor.F*)>@@:s-U$#+:#ASuU.Ed7ZiEH>r7FE7Qb!!!3,F)5c:EsD_\"!!*'\"!4E%2!$qUF!!WgQASlBtEaa'4Eb,=fFCf<.ATD4$F`M%e@<6NjE+EC!AH2]1!<:8C5m.R;ASlBtEaa'4Eb,4Nz!!!<;AoD^\"AQ*\\hEa`Tl:i^JnErZ=LD.Rd%6#L=OAH2]1!!*F8FECr$BLZE?AH2]1!!!",
        "5246990": "!<d@[F*RQ+#64c-E,TfCD#aP9!<d@[F*aY0#64o6@VfsmCI<#NAJK6(@r$13E+NQ3Ecki#Ch521Eb/ec\"E\\p.AJT</@Ua.b/R`^6Cgh??/SB*4DJ=3(\":&scFCB9&=9&=$!!EUFATMNNDJ*csgCME@\":&scFCB9&=o\\O&!!rsADes6$@ru9m!!E[MAT2'lE`7'gFCbFP!!!!",
        "3148815": "!<d@[F*RT,#64c-E,TfCCB+>7!<d@[F*aV/#64o6@VfsmCI<#NAIW9mDfor.F*)>@@:s-U$#+:#ASuU.Ed7ZiEH>r7FE7Qb!!!3,F)5c:EsD_\"!!*'\"!4E%2!$qUF!!WgQASlBtEaa'4Eb,=fFCf<.ATD4$F`M%e@<6NjE+EC!AH2]1!<:8C5m.R;ASlBtEaa'4Eb,4Nz!!!<;AoD^\"AQ*\\hEa`Tl:i^JnErZ=LD.Rd%6#L=OA_Ra;^B\"[MFECr$BLZE?AH2]1!!!",
        "5244943": "!<d@[F*RT,#64c-E,TfCD#aP9!<d@[F*aS.#64o6@VfsmCI<#NAJK6(@r$13E+NQ3Ecki#Ch521Eb/ec\"E\\p.AJT</@Ua.b/R`^6Cgh?=/SB*4DJ=3(\":&scFCB9&=9&=$!!EUFATMNNDJ*csjNEk(\":&scFCB9&=o\\O&!!rsADes6$@ru9m!!E[MAT2'lE`7'gFCbFP!!!!",
        "5248015": "!<d@[F*RT,#64c-E,TfCD#aP9!<d@[F*a\\1#64o6@VfsmCI<#NAJK6(@r$13E+NQ3Ecki#Ch521Eb/ec\"E\\p.AJT</@Ua.b/R`^6Cgh??/SB*4DJ=3(\":&scFCB9&=9&=$!!EUFATMNNDJ*csgCME@\":&scFCB9&=o\\O&!!rsADes6$@ru9m!!E[MAT2'lE`7'gFCbFP!!!!",
        "4196368": "!<d@[F*RW-#64c-E,TfCC]FG8!<d@[F*aS.#64o6@VfsmCI<#NAIW9mDfor.F*)>@@:s-U$#+:#ASuU.Ed7ZiEH>r7FE7Qb!!!3,F)5c:EsD_\"!!*'\"!4E%2!$qUF!!WgQASlBtEaa'4Eb,=fFCf<.ATD4$F`M%e@<6NjE+EC!AH2]1!<:8C5m.R;ASlBtEaa'4Eb,4Nz!!!<;AoD^\"AQ*\\hEa`Tl:i^JnErZ=LD.Rd%6#L=OA_Ra;^B\"[MFECr$BLZE?AH2]1!!!",
        "3145745": "!<d@[F*RZ.#64c-E,TfCCB+>7!<d@[F*aM,#64o6@VfsmCI<#NAIrp*E,]`9FCJfiD(T1/ARl&M@V&tbF!:Sk+:8Gb!!%O6*<6(i58\"J9!!%O6'`\\6L5TKh)J3On19)n",
        "6291473": "!<d@[F*RZ.#64c-E,TfCD?'Y:!<d@[F*aM,#64o6@VfsmCI<#NAIrp*E,]`9FCJfiD(T1/ARl&M@V&tbF!:Sk+:8Gb!!%O6*<6(i58\"J9!!#:#'t/r9[2fSSJ3On19)n",
        "8388625": "!<d@[F*RZ.#64c-E,TfCDu]k<!<d@[F*aM,#64o6@VfsmCI<#NAIrp*E,]`9FCJfiD(T1/ARl&M@V&tbF!gqp,mk.l!!%O6'`\\5a590_(J3OYW%0-An_%l\\DIm4q\\!.[9Ni_'7",
        "3153938": "!<d@[F*R]/#64c-E,TfCCB+>7!<d@[F*ae4#64o6@VfsmCI<#NAIrp*E,]`9FCJfiD(T1/ARl&M@V&tbEtA<Y%LN1K\"Vh\";^d&ar9-=?;",
        "6298642": "!<d@[F*R]/#64c-E,TfCD?'Y:!<d@[F*ab3#64o6@VfsmCI<#NAIrp*E,]`9FCJfiD(T1/ARl&M@V&tbEutAh*=;rj!!%O6&e>G.7AR:*M++5I*<6)T^_l'(+9;H",
        "8395794": "!<d@[F*R]/#64c-E,TfCDu]k<!<d@[F*ab3#64o6@VfsmCI<#NAIrp*E,]`9FCJfiD(T1/ARl&M@V&tbF!L_m+pnYl!!%O6*<6(i58\"J9M++5I(&S#\\590_(^q^fH9-=68"
    },
    "Entities": [],
    "ReplaceMode": 2,
    "EntranceRotation": -1
}