{
    "GameVersion": "1.19.7",
    "SizeX": 11,
    "SizeY": 10,
    "SizeZ": 15,
    "BlockCodes": {
        "9698": "game:supportbeam-aged",
        "2966": "game:cobblestone-granite",
        "2852": "game:cobblestoneslab-granite-down-free",
        "5107": "game:gravel-granite",
        "2675": "game:soil-medium-verysparse",
        "4154": "game:drystone-granite",
        "2329": "game:slantedroofing-fireclay-east-free",
        "16414": "game:rocktyped-rubble-free",
        "2319": "game:slantedroofing-fireclay-north-free",
        "9493": "game:agedstonebricks-granite",
        "2757": "game:cobblestoneslab-granite-north-free",
        "2795": "game:cobblestoneslab-granite-south-free",
        "5535": "game:loosestones-granite-free",
        "3023": "game:cobblestonestairs-granite-up-east-free",
        "7277": "game:planks-aged-ns",
        "2349": "game:slantedroofing-fireclay-west-free",
        "3061": "game:cobblestonestairs-granite-up-south-free",
        "5122": "game:looseboulders-granite-free",
        "8610": "game:groundstorage",
        "2814": "game:cobblestoneslab-granite-west-free",
        "7290": "game:planks-aged-ud",
        "2776": "game:cobblestoneslab-granite-east-free"
    },
    "ItemCodes": {
        "1462": "game:shingle-burned-fire"
    },
    "Indices": [
        4096,
        5120,
        6144,
        7168,
        8192,
        9216,
        10240,
        11264,
        12288,
        13312,
        14336,
        1052672,
        1053696,
        1054720,
        1055744,
        1056768,
        1057792,
        1058816,
        1059840,
        1060864,
        1061888,
        1062912,
        2101248,
        2102272,
        2103296,
        2104320,
        2105344,
        2106368,
        2107392,
        2108416,
        2109440,
        2110464,
        2111488,
        3149824,
        3150848,
        3155968,
        3160064,
        2049,
        3073,
        4097,
        5121,
        6145,
        7169,
        8193,
        9217,
        10241,
        11265,
        12289,
        13313,
        14337,
        1050625,
        1051649,
        1052673,
        1053697,
        1054721,
        1055745,
        1056769,
        1057793,
        1058817,
        1059841,
        1060865,
        1061889,
        1062913,
        2099201,
        2100225,
        2101249,
        2102273,
        2103297,
        2104321,
        2105345,
        2106369,
        2107393,
        2108417,
        2109441,
        2110465,
        2111489,
        3148801,
        3149825,
        3150849,
        3152897,
        3153921,
        3154945,
        3155969,
        3160065,
        4198401,
        4199425,
        4203521,
        5243905,
        5246977,
        5250049,
        8389633,
        8395777,
        1026,
        2050,
        3074,
        4098,
        5122,
        6146,
        7170,
        8194,
        9218,
        10242,
        11266,
        12290,
        13314,
        14338,
        1049602,
        1050626,
        1051650,
        1052674,
        1053698,
        1054722,
        1055746,
        1056770,
        1057794,
        1058818,
        1059842,
        1060866,
        1061890,
        1062914,
        2098178,
        2099202,
        2100226,
        2101250,
        2102274,
        2103298,
        2104322,
        2105346,
        2106370,
        2107394,
        2108418,
        2109442,
        2110466,
        2111490,
        3145730,
        3146754,
        3147778,
        3148802,
        3149826,
        3150850,
        3151874,
        3152898,
        3153922,
        3154946,
        3155970,
        3156994,
        3158018,
        3159042,
        4195330,
        4196354,
        4197378,
        4198402,
        4199426,
        4200450,
        4201474,
        4202498,
        4203522,
        4204546,
        4205570,
        4206594,
        5243906,
        5244930,
        5245954,
        5246978,
        5248002,
        5249026,
        5250050,
        5251074,
        5252098,
        5253122,
        5254146,
        5255170,
        5256194,
        6292482,
        6293506,
        6294530,
        6295554,
        6296578,
        6297602,
        6298626,
        6299650,
        6300674,
        6301698,
        6302722,
        6303746,
        7341058,
        7342082,
        7344130,
        7345154,
        7346178,
        7347202,
        7348226,
        7349250,
        7350274,
        7352322,
        8389634,
        8390658,
        8396802,
        8400898,
        9438210,
        9439234,
        9445378,
        1027,
        2051,
        3075,
        4099,
        5123,
        6147,
        7171,
        8195,
        9219,
        10243,
        11267,
        12291,
        13315,
        14339,
        1049603,
        1050627,
        1051651,
        1052675,
        1053699,
        1054723,
        1055747,
        1056771,
        1057795,
        1058819,
        1059843,
        1060867,
        1061891,
        1062915,
        2098179,
        2099203,
        2100227,
        2101251,
        2102275,
        2103299,
        2104323,
        2105347,
        2106371,
        2107395,
        2108419,
        2109443,
        2110467,
        2111491,
        3146755,
        3147779,
        3148803,
        3149827,
        3150851,
        3151875,
        3152899,
        3153923,
        3154947,
        3155971,
        3156995,
        3158019,
        3159043,
        4195331,
        4197379,
        4198403,
        4199427,
        4200451,
        4201475,
        4202499,
        4205571,
        4206595,
        5243907,
        5250051,
        5251075,
        5252099,
        5255171,
        6292483,
        6298627,
        6303747,
        7341059,
        7352323,
        8389635,
        9438211,
        1028,
        2052,
        3076,
        4100,
        5124,
        6148,
        7172,
        8196,
        9220,
        10244,
        11268,
        12292,
        13316,
        14340,
        1049604,
        1050628,
        1051652,
        1052676,
        1053700,
        1054724,
        1055748,
        1056772,
        1057796,
        1058820,
        1059844,
        1060868,
        1061892,
        1062916,
        2098180,
        2099204,
        2100228,
        2101252,
        2102276,
        2103300,
        2104324,
        2105348,
        2106372,
        2107396,
        2108420,
        2109444,
        2110468,
        2111492,
        3146756,
        3147780,
        3148804,
        3149828,
        3150852,
        3151876,
        3152900,
        3153924,
        3154948,
        3156996,
        3158020,
        4195332,
        4196356,
        4199428,
        4200452,
        4201476,
        4202500,
        4203524,
        4205572,
        4206596,
        5243908,
        5250052,
        5255172,
        6292484,
        6303748,
        7341060,
        1029,
        2053,
        3077,
        4101,
        5125,
        6149,
        7173,
        8197,
        9221,
        10245,
        11269,
        12293,
        13317,
        14341,
        1049605,
        1050629,
        1051653,
        1052677,
        1053701,
        1054725,
        1055749,
        1056773,
        1057797,
        1058821,
        1059845,
        1060869,
        1061893,
        1062917,
        2098181,
        2099205,
        2100229,
        2101253,
        2102277,
        2103301,
        2104325,
        2105349,
        2106373,
        2107397,
        2108421,
        2109445,
        2110469,
        2111493,
        3146757,
        3147781,
        3148805,
        3149829,
        3150853,
        3151877,
        3152901,
        3153925,
        3154949,
        3155973,
        3156997,
        3158021,
        4195333,
        4197381,
        4198405,
        4199429,
        4200453,
        4201477,
        4202501,
        4203525,
        4205573,
        4206597,
        5243909,
        5249029,
        5250053,
        5251077,
        5254149,
        5255173,
        6292485,
        6297605,
        6298629,
        6299653,
        7341061,
        1030,
        2054,
        3078,
        4102,
        5126,
        6150,
        7174,
        8198,
        9222,
        10246,
        11270,
        12294,
        13318,
        14342,
        1049606,
        1050630,
        1051654,
        1052678,
        1053702,
        1054726,
        1055750,
        1056774,
        1057798,
        1058822,
        1059846,
        1060870,
        1061894,
        1062918,
        2098182,
        2099206,
        2100230,
        2101254,
        2102278,
        2103302,
        2104326,
        2105350,
        2106374,
        2107398,
        2108422,
        2109446,
        2110470,
        2111494,
        3146758,
        3149830,
        3150854,
        3151878,
        3152902,
        3153926,
        3154950,
        3155974,
        3156998,
        3158022,
        4195334,
        4198406,
        4199430,
        4200454,
        4201478,
        4202502,
        4203526,
        4205574,
        4206598,
        5243910,
        5249030,
        5250054,
        5251078,
        5254150,
        5255174,
        6292486,
        1031,
        2055,
        3079,
        4103,
        5127,
        6151,
        7175,
        8199,
        9223,
        10247,
        11271,
        12295,
        13319,
        14343,
        1049607,
        1050631,
        1051655,
        1052679,
        1053703,
        1054727,
        1055751,
        1056775,
        1057799,
        1058823,
        1059847,
        1060871,
        1061895,
        1062919,
        2098183,
        2099207,
        2100231,
        2101255,
        2102279,
        2103303,
        2104327,
        2105351,
        2106375,
        2107399,
        2108423,
        2109447,
        2110471,
        2111495,
        3146759,
        3147783,
        3148807,
        3149831,
        3150855,
        3151879,
        3152903,
        3153927,
        3154951,
        3155975,
        3156999,
        3158023,
        4195335,
        4196359,
        4197383,
        4199431,
        4200455,
        4201479,
        4202503,
        4203527,
        4204551,
        4205575,
        4206599,
        5243911,
        5244935,
        5249031,
        5250055,
        5251079,
        5252103,
        5253127,
        5254151,
        5255175,
        6291463,
        6292487,
        6293511,
        6299655,
        6300679,
        6302727,
        6303751,
        1032,
        2056,
        3080,
        4104,
        5128,
        6152,
        7176,
        8200,
        9224,
        10248,
        11272,
        12296,
        13320,
        14344,
        1049608,
        1050632,
        1051656,
        1052680,
        1053704,
        1054728,
        1055752,
        1056776,
        1057800,
        1058824,
        1059848,
        1060872,
        1061896,
        1062920,
        2098184,
        2099208,
        2100232,
        2101256,
        2102280,
        2103304,
        2104328,
        2105352,
        2106376,
        2107400,
        2108424,
        2109448,
        2110472,
        2111496,
        3148808,
        3149832,
        3150856,
        3151880,
        3152904,
        3153928,
        3154952,
        3158024,
        4199432,
        4200456,
        4201480,
        5243912,
        5248008,
        5249032,
        5250056,
        5255176,
        1033,
        2057,
        3081,
        4105,
        5129,
        6153,
        7177,
        8201,
        9225,
        10249,
        11273,
        12297,
        13321,
        14345,
        1049609,
        1050633,
        1051657,
        1052681,
        1053705,
        1054729,
        1055753,
        1056777,
        1057801,
        1058825,
        1059849,
        1060873,
        1061897,
        1062921,
        2098185,
        2099209,
        2100233,
        2101257,
        2102281,
        2103305,
        2104329,
        2105353,
        2106377,
        2107401,
        2108425,
        2109449,
        2110473,
        2111497,
        3149833,
        3150857,
        3151881,
        3152905,
        3155977,
        3160073,
        4200457,
        5249033,
        11274,
        12298,
        13322,
        14346,
        1059850,
        1060874,
        1061898,
        1062922,
        2108426,
        2109450,
        2110474,
        2111498,
        3160074
    ],
    "BlockIds": [
        2966,
        2966,
        2966,
        2966,
        2966,
        2966,
        2966,
        2966,
        2966,
        2966,
        2966,
        2966,
        2966,
        2966,
        2966,
        2966,
        2966,
        2966,
        2966,
        2966,
        2966,
        2966,
        2966,
        2966,
        2966,
        2966,
        2966,
        2966,
        2966,
        2966,
        2966,
        2966,
        2966,
        2852,
        5107,
        9698,
        2852,
        2966,
        2966,
        2675,
        2966,
        2966,
        2966,
        2966,
        2675,
        2966,
        2966,
        2966,
        2966,
        2966,
        2966,
        2966,
        2675,
        2966,
        2966,
        2966,
        2966,
        2675,
        2966,
        2966,
        2966,
        2966,
        2966,
        2966,
        2966,
        2675,
        2966,
        2966,
        2966,
        2966,
        2675,
        2966,
        2966,
        2966,
        2966,
        2966,
        5107,
        4154,
        5107,
        2329,
        2852,
        5107,
        2329,
        2966,
        4154,
        2966,
        16414,
        9698,
        2319,
        9698,
        9698,
        9698,
        2966,
        2966,
        2966,
        2966,
        2966,
        2966,
        2966,
        2966,
        2966,
        2966,
        2966,
        2966,
        5107,
        2966,
        2966,
        2966,
        2966,
        2966,
        2966,
        2966,
        2966,
        2966,
        2966,
        2966,
        2966,
        2966,
        5107,
        2966,
        2966,
        2966,
        2966,
        2966,
        2966,
        2966,
        2966,
        2966,
        2966,
        2966,
        2966,
        2966,
        5107,
        2966,
        9698,
        2966,
        9493,
        2966,
        2966,
        9493,
        9493,
        2966,
        4154,
        9493,
        2966,
        4154,
        9493,
        9698,
        2966,
        4154,
        2966,
        2966,
        4154,
        2966,
        4154,
        2966,
        2966,
        9493,
        2966,
        2966,
        4154,
        2966,
        9493,
        9493,
        9493,
        2966,
        9493,
        9493,
        2966,
        4154,
        4154,
        2966,
        9698,
        2966,
        9493,
        2966,
        4154,
        2966,
        9493,
        2966,
        4154,
        2966,
        9493,
        2966,
        4154,
        2966,
        9493,
        2966,
        16414,
        9493,
        9493,
        2966,
        2757,
        2795,
        2966,
        4154,
        2966,
        4154,
        5535,
        3023,
        2329,
        2329,
        2966,
        2966,
        2966,
        2966,
        2966,
        2966,
        2966,
        7277,
        7277,
        2966,
        2966,
        2966,
        5107,
        2966,
        2966,
        2966,
        2966,
        2966,
        2966,
        2966,
        2966,
        7277,
        7277,
        2966,
        2966,
        2966,
        5107,
        2966,
        2966,
        2966,
        2966,
        2966,
        2966,
        2966,
        2966,
        7277,
        7277,
        2966,
        2966,
        2966,
        5107,
        2966,
        2966,
        2349,
        2966,
        4154,
        5107,
        5107,
        9493,
        4154,
        2966,
        3061,
        9493,
        2966,
        5122,
        4154,
        8610,
        8610,
        5107,
        4154,
        2966,
        5107,
        8610,
        9493,
        4154,
        2966,
        8610,
        2349,
        2966,
        4154,
        4154,
        9493,
        9493,
        5535,
        9493,
        2966,
        2966,
        2966,
        2675,
        2675,
        2966,
        2966,
        2966,
        7277,
        7277,
        7277,
        2966,
        2966,
        2966,
        5107,
        2966,
        2966,
        2675,
        2675,
        2966,
        2966,
        2966,
        7277,
        7277,
        7277,
        2966,
        2966,
        2966,
        5107,
        2966,
        2966,
        2675,
        2675,
        2966,
        2966,
        2966,
        7277,
        7277,
        7277,
        2966,
        2966,
        2966,
        5107,
        2814,
        5107,
        2966,
        4154,
        5107,
        5107,
        5107,
        4154,
        5107,
        2966,
        4154,
        2814,
        8610,
        2852,
        5107,
        5107,
        5107,
        5107,
        3023,
        9493,
        4154,
        9493,
        4154,
        2966,
        16414,
        2814,
        2966,
        2966,
        2966,
        2966,
        2966,
        2966,
        2966,
        7277,
        7290,
        7277,
        2966,
        2966,
        5107,
        2966,
        2966,
        2966,
        2966,
        2966,
        2966,
        2966,
        2966,
        7277,
        7290,
        7277,
        2966,
        2966,
        5107,
        2966,
        2966,
        2966,
        2966,
        2966,
        2966,
        2966,
        2966,
        7277,
        7290,
        7277,
        2966,
        2966,
        5107,
        2966,
        2776,
        5535,
        5107,
        5107,
        4154,
        5107,
        9493,
        2966,
        4154,
        2966,
        9493,
        2966,
        2776,
        5535,
        2852,
        2966,
        5107,
        4154,
        5107,
        5107,
        2966,
        2966,
        4154,
        5107,
        2966,
        5107,
        3023,
        2966,
        9493,
        2852,
        2852,
        5535,
        2776,
        2966,
        2966,
        2966,
        2966,
        2966,
        2966,
        2966,
        2966,
        7277,
        2966,
        2966,
        2966,
        5107,
        5107,
        2966,
        2966,
        2966,
        2966,
        2966,
        2966,
        2966,
        2966,
        7277,
        2966,
        2966,
        2966,
        5107,
        5107,
        2966,
        2966,
        2966,
        2966,
        2966,
        2966,
        2966,
        2966,
        7277,
        2966,
        2966,
        2966,
        5107,
        5107,
        9493,
        2966,
        5107,
        5107,
        2966,
        5107,
        4154,
        5107,
        4154,
        4154,
        4154,
        5122,
        2852,
        2966,
        2966,
        5107,
        5107,
        2966,
        4154,
        4154,
        5535,
        4154,
        2319,
        5122,
        2852,
        2966,
        2966,
        2966,
        2966,
        2966,
        2966,
        2966,
        2966,
        2966,
        2966,
        2966,
        2966,
        2966,
        2966,
        5107,
        2966,
        2966,
        2966,
        2966,
        2966,
        2966,
        2966,
        2966,
        2966,
        2966,
        2966,
        2966,
        2966,
        5107,
        2966,
        2966,
        2966,
        2966,
        2966,
        2966,
        2966,
        2966,
        2966,
        2966,
        2966,
        2966,
        2966,
        5107,
        2966,
        2966,
        2757,
        5107,
        5107,
        5107,
        9493,
        4154,
        2966,
        2966,
        9493,
        9493,
        2966,
        4154,
        2757,
        2966,
        2795,
        9493,
        2966,
        2852,
        2966,
        4154,
        9493,
        2966,
        9493,
        4154,
        2966,
        2966,
        9493,
        2966,
        2966,
        2966,
        9698,
        4154,
        16414,
        4154,
        2852,
        16414,
        2852,
        2966,
        2966,
        2966,
        2675,
        2675,
        2966,
        2966,
        2966,
        2966,
        2966,
        2966,
        5107,
        2966,
        2966,
        2966,
        2966,
        2966,
        2675,
        2675,
        2966,
        2966,
        2966,
        2966,
        2966,
        2966,
        5107,
        2966,
        2966,
        2966,
        2966,
        2966,
        2675,
        2675,
        2966,
        2966,
        2966,
        2966,
        2966,
        2966,
        5107,
        2966,
        2966,
        5107,
        2966,
        2966,
        5107,
        5107,
        5107,
        2852,
        9698,
        2966,
        2966,
        5107,
        9698,
        9698,
        2852,
        9698,
        9698,
        2966,
        2966,
        2966,
        2966,
        2966,
        2966,
        2966,
        2966,
        2966,
        2966,
        5107,
        2966,
        5107,
        2966,
        2966,
        2966,
        2966,
        2966,
        2966,
        2966,
        2966,
        2966,
        2966,
        2966,
        5107,
        2966,
        5107,
        2966,
        2966,
        2966,
        2966,
        2966,
        2966,
        2966,
        2966,
        2966,
        2966,
        2966,
        5107,
        2966,
        5107,
        2966,
        2852,
        5107,
        4154,
        5107,
        5122,
        5122,
        2966,
        9698,
        5107,
        5107,
        2966,
        2966,
        5107,
        5107,
        2966,
        2966,
        5107,
        5107,
        2966,
        2966,
        4154
    ],
    "DecorIndices": [],
    "DecorIds": [],
    "BlockEntities": {
        "3155968": "!<d@[F*Kak#64c-E,TfCC&e56!<d@[F*`hn#64o6@VfsmCI<#NAIrp*E,]`9FCJfiD(T1/ARl&M@V&tbF!L_m+pnYd!!%O5*<6(i4q\\A8!!!!a'`\\4F5TKh)!'hC\\9-=?;",
        "4203521": "!<d@[F*Kdl#64c-E,TfCCB+>7!<d@[F*`em#64o6@VfsmCI<#NAJK6(@r$13E+NQ3Ecki#Ch521Eb/ec\"E\\p.AJT</@Ua.b/R`^6Cgh??/SB*4DJ=3(\":&scFCB9&=9&=$!!EUFATMNNDJ*csdSp%X\":&scFCB9&=o\\O&!!rsADes6$@ru9m!!E[MAT2'lE`7'gFCbFP!!!!",
        "5243905": "!<d@[F*Kdl#64c-E,TfCC]FG8!<d@[F*`Me#64o6@VfsmCI<#NAIrp*E,]`9FCJfiD(T1/ARl&M@V&tbF!L_m+pnYd!!%O6'`\\5a58\"J9!!'gA'`\\5a^E*@S+$^\\&9-=<:",
        "5250049": "!<d@[F*Kdl#64c-E,TfCC]FG8!<d@[F*`_k#64o6@VfsmCI<#NAIrp*E,]`9FCJfiD(T1/ARl&M@V&tbF&DuF-OL@n!!%O6'`\\5a590_(!'_),%0-BY^(pYIJ%m!)!2.(Di_(Br$7?/k%0-BY58=.uJ3P%S!!#4r%h8I:s#q.t!._g)s8W*`(ue12!rr",
        "8389633": "!<d@[F*Kdl#64c-E,TfCDZBb;!<d@[F*`Me#64o6@VfsmCI<#NAIrp*E,]`9FCJfiD(T1/ARl&M@V&tbF!L_m+pnYd!!%O6'`\\5a58\"J9s8RR5'`nA#590_(i'/(<9-=<:",
        "8395777": "!<d@[F*Kdl#64c-E,TfCDZBb;!<d@[F*`_k#64o6@VfsmCI<#NAIrp*E,]`9FCJfiD(T1/ARl&M@V&tbF\"%(r-OL@n!!%O6'`\\5a590_(!'_),%0-BY58=.uTYMT9s8P8\"i_(Br!!",
        "3145730": "!<d@[F*Kgm#64c-E,TfCC&e56!<d@[F*`Jd#64o6@VfsmCI<#NAIrp*E,]`9FCJfiD(T1/ARl&M@V&tbEuG#c(^^Ee!!%O6&df?R!5Li?!!%O6(ue12\"98",
        "3159042": "!<d@[F*Kgm#64c-E,TfCC&e56!<d@[F*`qq#64o6@VfsmCI<#NAIrp*E,]`9FCJfiD(T1/ARl&M@V&tbEtA<Y%LN1K\"Vh\";^d&ar9-=99",
        "5256194": "!<d@[F*Kgm#64c-E,TfCC]FG8!<d@[F*`qq#64o6@VfsmCI<#NAIrp*E,]`9FCJfiD(T1/ARl&M@V&tbF!L_m+pnYd!!%O5'`\\5a58\"J9!!&BO'`\\6l^E*@SIm4e09-=99",
        "7345154": "!<d@[F*Kgm#64c-E,TfCD?'Y:!<d@[F*`Yi#64o6@VfsmCI<#NAJK6(@r$13E+NQ3Ecki#Ch521Eb/ec\"E\\p.AJT</@Ua.b/R`^6Cgh?=/SB*4DJ=3(\":&scFCB9&=9&=$!!EUFATMNNDJ*csdSp%X\":&scFCB9&=o\\O&!!rsADes6$@ru9m!!E[MAT2'lE`7'gFCbFP!!!!",
        "4197379": "!<d@[F*Kjn#64c-E,TfCCB+>7!<d@[F*`Sg#64o6@VfsmCI<#NAIW9mDfor.F*)>@@:s-U$#+:#ASuU.Ed7ZiEH>r7FE7Qb!!!3,F)5c:EsD_\"!!*'\"!4E%2!\"Ao.!!WgQASlBtEaa'4Eb,=fFCf<.ATD4$F`M%e@<6NjE+EC!AH2]1!<:8C5m.R;ASlBtEaa'4Eb,4Nz!!!<;AoD^\"AQ*\\hEa`Tl:i^JnErZ=LD.Rd%6#L=OAH2]1!!*F8FECr$BLZE?AH2]1!!!",
        "4198403": "!<d@[F*Kjn#64c-E,TfCCB+>7!<d@[F*`Vh#64o6@VfsmCI<#NAIW9mDfor.F*)>@@:s-U$#+:#ASuU.Ed7ZiEH>r7FE7Qb!!!3,F)5c:EsD_\"!!*'\"!4E%2!!`K(!!WgQASlBtEaa'4Eb,=fFCf<.ATD4$F`M%e@<6NjE+EC!AH2]1!<:8C5m.R;ASlBtEaa'4Eb,4Nz!!!<;AoD^\"AQ*\\hEa`Tl:i^JnErZ=LD.Rd%6#L=OA_Ra;562+\"FECr$BLZE?AH2]1!!!",
        "4205571": "!<d@[F*Kjn#64c-E,TfCCB+>7!<d@[F*`ko#64o6@VfsmCI<#NAIW9mDfor.F*)>@@:s-U$#+:#ASuU.Ed7ZiEH>r7FE7Qb!!!3,F)5c:EsD_\"!!*'\"!4E%2!##>4!!WgQASlBtEaa'4Eb,=fFCf<.ATD4$F`M%e@<6NjE+EC!AH2]1!<:8C5m.R;ASlBtEaa'4Eb,4Nz!!!<;AoD^\"AQ*\\hEa`Tl:i^JnErZ=LD.Rd%6#L=OA_R_e5QM4#FECr$BLZE?AH2]1!!!",
        "5251075": "!<d@[F*Kjn#64c-E,TfCC]FG8!<d@[F*`bl#64o6@VfsmCI<#NAIW9mDfor.F*)>@@:s-U$#+:#ASuU.Ed7ZiEH>r7FE7Qb!!!3,F)5c:EsD_\"!!*'\"!4E%2!\"Ao.!!WgQASlBtEaa'4Eb,=fFCf<.ATD4$F`M%e@<6NjE+EC!AH2]1!<:8C5m.R;ASlBtEaa'4Eb,4Nz!!!<;AoD^\"AQ*\\hEa`Tl:i^JnErZ=LD.Rd%6#L=OA_Ra;562+\"FECr$BLZE?AH2]1!!!",
        "4196356": "!<d@[F*Kmo#64c-E,TfCCB+>7!<d@[F*`Pf#64o6@VfsmCI<#NAIW9mDfor.F*)>@@:s-U$#+:#ASuU.Ed7ZiEH>r7FE7Qb!!!3,F)5c:EsD_\"!!*'\"!4E%2!\"Ao.!!WgQASlBtEaa'4Eb,=fFCf<.ATD4$F`M%e@<6NjE+EC!AH2]1!<:8C5m.R;ASlBtEaa'4Eb,4Nz!!!<;AoD^\"AQ*\\hEa`Tl:i^JnErZ=LD.Rd%6#L=OAH2]1!!*F8FECr$BLZE?AH2]1!!!",
        "6303748": "!<d@[F*Kmo#64c-E,TfCD#aP9!<d@[F*`np#64o6@VfsmCI<#NAJK6(@r$13E+NQ3Ecki#Ch521Eb/ec\"E\\p.AJT</@Ua.b/R`^6Cgh?@/SB*4DJ=3(\":&scFCB9&=9&=$!!EUFATMNNDJ*csgCHk@\":&scFCB9&=o\\O&!!rsADes6$@ru9m!!E[MAT2'lE`7'gFCbFP!!!!",
        "6291463": "!<d@[F*L!r#64c-E,TfCD#aP9!<d@[F*`Jd#64o6@VfsmCI<#NAIrp*E,]`9FCJfiD(T1/ARl&M@V&tbF!:Sk+:8Gb!!%O6*<6(i58\"J9!!&\\-($!PtZlK8LJ3On19)n",
        "6293511": "!<d@[F*L!r#64c-E,TfCD#aP9!<d@[F*`Pf#64o6@VfsmCI<#NAJK6(@r$13E+NQ3Ecki#Ch521Eb/ec\"E\\p.AJT</@Ua.b/R`^6Cgh?=/SB*4DJ=3(\":&scFCB9&=9&=$!!EUFATMNNDJ*csgCHlj\":&scFCB9&=o\\O&!!rsADes6$@ru9m!!E[MAT2'lE`7'gFCbFP!!!!",
        "6302727": "!<d@[F*L!r#64c-E,TfCD#aP9!<d@[F*`ko#64o6@VfsmCI<#NAJK6(@r$13E+NQ3Ecki#Ch521Eb/ec\"E\\p.AJT</@Ua.b/R`^6Cgh??/SB*4DJ=3(\":&scFCB9&=9&=$!!EUFATMNNDJ*csi9`25\":&scFCB9&=o\\O&!!rsADes6$@ru9m!!E[MAT2'lE`7'gFCbFP!!!!",
        "3158024": "!<d@[F*L$s#64c-E,TfCC&e56!<d@[F*`np#64o6@VfsmCI<#NAIrp*E,]`9FCJfiD(T1/ARl&M@V&tbEuG#c(^^Ee!!%O6&df?R!5Li?!!%O6(ue12!<<",
        "5243912": "!<d@[F*L$s#64c-E,TfCC]FG8!<d@[F*`Me#64o6@VfsmCI<#NAIrp*E,]`9FCJfiD(T1/ARl&M@V&tbEutAh*=;rb!!%O6&e>ER!5Lf6rr<#5*WQ.(58`BQ+9;H",
        "5248008": "!<d@[F*L$s#64c-E,TfCC]FG8!<d@[F*`Yi#64o6@VfsmCI<#NAIrp*E,]`9FCJfiD(T1/ARl&M@V&tbF!L_m+pnYd!!%O6'`\\46^Ch%d!!\"]<'`\\46^`<CTTYD?'9-=?;",
        "5250056": "!<d@[F*L$s#64c-E,TfCC]FG8!<d@[F*`_k#64o6@VfsmCI<#NAIrp*E,]`9FCJfiD(T1/ARl&M@V&tbF!L_m+pnYd!!#8K*<6(i58\"J9!<D%B('\"=6^E!:S&3q)l9-=?;",
        "5255176": "!<d@[F*L$s#64c-E,TfCC]FG8!<d@[F*`np#64o6@VfsmCI<#NAIrp*E,]`9FCJfiD(T1/ARl&M@V&tbF!L_m+pnYl!!%O6*<6(i58\"J9!<AcW(&n75^E!@UJA2r\\9-=68",
        "5249033": "!<d@[F*L't#64c-E,TfCC]FG8!<d@[F*`\\j#64o6@VfsmCI<#NAIrp*E,]`9FCJfiD(T1/ARl&M@V&tbF\"%(r-OL@n!!#8K'`\\46^E!:S5X,kl%0-A.^D-bL!5BNS!'n:9i_(Bs!!"
    },
    "Entities": [],
    "ReplaceMode": 2,
    "EntranceRotation": -1
}