{
    "GameVersion": "1.19.7",
    "SizeX": 9,
    "SizeY": 13,
    "SizeZ": 12,
    "BlockCodes": {
        "9698": "game:supportbeam-aged",
        "5107": "game:gravel-granite",
        "2966": "game:cobblestone-granite",
        "2329": "game:slantedroofing-fireclay-east-free",
        "16414": "game:rocktyped-rubble-free",
        "2339": "game:slantedroofing-fireclay-south-free",
        "9493": "game:agedstonebricks-granite",
        "4154": "game:drystone-granite",
        "9520": "game:door-ruined-rough2",
        "136": "game:multiblock-monolithic-0-p1-0",
        "2852": "game:cobblestoneslab-granite-down-free",
        "3023": "game:cobblestonestairs-granite-up-east-free",
        "9668": "game:planks-aged-we",
        "8610": "game:groundstorage",
        "7355": "game:plankslab-aged-up-free",
        "8109": "game:chest-east",
        "7368": "game:plankslab-aged-down-free",
        "2814": "game:cobblestoneslab-granite-west-free",
        "7342": "game:plankslab-aged-west-free",
        "7329": "game:plankslab-aged-south-free",
        "5535": "game:loosestones-granite-free",
        "2559": "game:slantedroofingridge-fireclay-ns-free",
        "2675": "game:soil-medium-verysparse",
        "5122": "game:looseboulders-granite-free",
        "2349": "game:slantedroofing-fireclay-west-free",
        "3099": "game:cobblestonestairs-granite-up-west-free",
        "3061": "game:cobblestonestairs-granite-up-south-free"
    },
    "ItemCodes": {
        "1462": "game:shingle-burned-fire",
        "275": "game:stackrandomizer-resource",
        "262": "game:stackrandomizer-accessory-mediumstatus",
        "258": "game:stackrandomizer-cloth-lowstatus",
        "3816": "game:stackrandomizer-mask"
    },
    "Indices": [
        0,
        1024,
        2048,
        3072,
        4096,
        5120,
        6144,
        7168,
        8192,
        9216,
        10240,
        1048576,
        1049600,
        1050624,
        1051648,
        1052672,
        1053696,
        1054720,
        1055744,
        1056768,
        1057792,
        1058816,
        2097152,
        2098176,
        2099200,
        2100224,
        2101248,
        2102272,
        2103296,
        2104320,
        2105344,
        2106368,
        2107392,
        3146752,
        3148800,
        3150848,
        3151872,
        3152896,
        3154944,
        4197376,
        5244928,
        8390656,
        8398848,
        1,
        1025,
        2049,
        3073,
        4097,
        5121,
        6145,
        7169,
        8193,
        9217,
        10241,
        1048577,
        1049601,
        1050625,
        1051649,
        1052673,
        1053697,
        1054721,
        1055745,
        1056769,
        1057793,
        1058817,
        2097153,
        2098177,
        2099201,
        2100225,
        2101249,
        2102273,
        2103297,
        2104321,
        2105345,
        2106369,
        2107393,
        3147777,
        3148801,
        3149825,
        3150849,
        3151873,
        3152897,
        3153921,
        3154945,
        3155969,
        4196353,
        4197377,
        4198401,
        4199425,
        4200449,
        4201473,
        4202497,
        4203521,
        4204545,
        5243905,
        5244929,
        5245953,
        5246977,
        5248001,
        5249025,
        5250049,
        5251073,
        5252097,
        5253121,
        5254145,
        6293505,
        6294529,
        6295553,
        6296577,
        6297601,
        6298625,
        6299649,
        6300673,
        6301697,
        7342081,
        7343105,
        7345153,
        7346177,
        7347201,
        7349249,
        7350273,
        8390657,
        8391681,
        8392705,
        8393729,
        8394753,
        8395777,
        8396801,
        8397825,
        8398849,
        9442305,
        9443329,
        9444353,
        9445377,
        9446401,
        9447425,
        9448449,
        2,
        1026,
        2050,
        3074,
        4098,
        5122,
        6146,
        7170,
        8194,
        9218,
        10242,
        1048578,
        1049602,
        1050626,
        1051650,
        1052674,
        1053698,
        1054722,
        1055746,
        1056770,
        1057794,
        1058818,
        2097154,
        2098178,
        2099202,
        2100226,
        2101250,
        2102274,
        2103298,
        2104322,
        2105346,
        2106370,
        2107394,
        3145730,
        3146754,
        3147778,
        3148802,
        3149826,
        3150850,
        3152898,
        3153922,
        3154946,
        3155970,
        4196354,
        4204546,
        5248002,
        5249026,
        5250050,
        5251074,
        5252098,
        5253122,
        6296578,
        6300674,
        6301698,
        7350274,
        8398850,
        9444354,
        9445378,
        9446402,
        9447426,
        10493954,
        10494978,
        10496002,
        3,
        1027,
        2051,
        3075,
        4099,
        5123,
        6147,
        7171,
        8195,
        9219,
        10243,
        1048579,
        1049603,
        1050627,
        1051651,
        1052675,
        1053699,
        1054723,
        1055747,
        1056771,
        1057795,
        1058819,
        2097155,
        2098179,
        2099203,
        2100227,
        2101251,
        2102275,
        2103299,
        2104323,
        2105347,
        2106371,
        2107395,
        3145731,
        3146755,
        3147779,
        3148803,
        3149827,
        3150851,
        3153923,
        3154947,
        3155971,
        4194307,
        4196355,
        4197379,
        4204547,
        5249027,
        5250051,
        5251075,
        5252099,
        5253123,
        6301699,
        8398851,
        9444355,
        9445379,
        9446403,
        9447427,
        10496003,
        11542531,
        11543555,
        11544579,
        4,
        1028,
        2052,
        3076,
        4100,
        5124,
        6148,
        7172,
        8196,
        9220,
        10244,
        1048580,
        1049604,
        1050628,
        1051652,
        1052676,
        1053700,
        1054724,
        1055748,
        1056772,
        1057796,
        1058820,
        2097156,
        2098180,
        2099204,
        2100228,
        2101252,
        2102276,
        2103300,
        2104324,
        2105348,
        2106372,
        2107396,
        3146756,
        3147780,
        3148804,
        3149828,
        3150852,
        3151876,
        3154948,
        3155972,
        4195332,
        4196356,
        4197380,
        4198404,
        4199428,
        4204548,
        5244932,
        5251076,
        5252100,
        5253124,
        6293508,
        6300676,
        6301700,
        7350276,
        8398852,
        9445380,
        9446404,
        9447428,
        10496004,
        11544580,
        12592132,
        12593156,
        12594180,
        5,
        1029,
        2053,
        3077,
        4101,
        5125,
        6149,
        7173,
        8197,
        9221,
        10245,
        1048581,
        1049605,
        1050629,
        1051653,
        1052677,
        1053701,
        1054725,
        1055749,
        1056773,
        1057797,
        1058821,
        2097157,
        2098181,
        2099205,
        2100229,
        2101253,
        2102277,
        2103301,
        2104325,
        2105349,
        2106373,
        2107397,
        3146757,
        3147781,
        3148805,
        3149829,
        3150853,
        3151877,
        3152901,
        3153925,
        3155973,
        4196357,
        4197381,
        4198405,
        4199429,
        4204549,
        5244933,
        5245957,
        5246981,
        5251077,
        5252101,
        5253125,
        6293509,
        6294533,
        6299653,
        6301701,
        8398853,
        9444357,
        9445381,
        9446405,
        9447429,
        10496005,
        11542533,
        11543557,
        11544581,
        6,
        1030,
        2054,
        3078,
        4102,
        5126,
        6150,
        7174,
        8198,
        9222,
        10246,
        1048582,
        1049606,
        1050630,
        1051654,
        1052678,
        1053702,
        1054726,
        1055750,
        1056774,
        1057798,
        1058822,
        2097158,
        2098182,
        2099206,
        2100230,
        2101254,
        2102278,
        2103302,
        2104326,
        2105350,
        2106374,
        2107398,
        3146758,
        3147782,
        3148806,
        3149830,
        3150854,
        3151878,
        3152902,
        3153926,
        3154950,
        3155974,
        4196358,
        4197382,
        4198406,
        4199430,
        4200454,
        4201478,
        4202502,
        4203526,
        4204550,
        5244934,
        5245958,
        5246982,
        5248006,
        5249030,
        5251078,
        5252102,
        5253126,
        6293510,
        6294534,
        6301702,
        7342086,
        7343110,
        7350278,
        8390662,
        8398854,
        9444358,
        9445382,
        9446406,
        9447430,
        10493958,
        10494982,
        10496006,
        7,
        1031,
        2055,
        3079,
        4103,
        5127,
        6151,
        7175,
        8199,
        9223,
        10247,
        1048583,
        1049607,
        1050631,
        1051655,
        1052679,
        1053703,
        1054727,
        1055751,
        1056775,
        1057799,
        1058823,
        2097159,
        2098183,
        2099207,
        2100231,
        2101255,
        2102279,
        2103303,
        2104327,
        2105351,
        2106375,
        2107399,
        3146759,
        3147783,
        3148807,
        3149831,
        3150855,
        3151879,
        3152903,
        3153927,
        3154951,
        3155975,
        3156999,
        4196359,
        4197383,
        4198407,
        4199431,
        4200455,
        4201479,
        4202503,
        4203527,
        4204551,
        5244935,
        5245959,
        5246983,
        5248007,
        5249031,
        5250055,
        5251079,
        5252103,
        5253127,
        6292487,
        6293511,
        6294535,
        6295559,
        6296583,
        6297607,
        6298631,
        6299655,
        6300679,
        6301703,
        7342087,
        7343111,
        7345159,
        7346183,
        7347207,
        7349255,
        7350279,
        8390663,
        8392711,
        8393735,
        8394759,
        8395783,
        8396807,
        8397831,
        8398855,
        8399879,
        9441287,
        9443335,
        9444359,
        9445383,
        9446407,
        9447431,
        3151880,
        5253128,
        8390664
    ],
    "BlockIds": [
        5107,
        5107,
        2966,
        2966,
        2966,
        5107,
        5107,
        5107,
        2966,
        2966,
        2966,
        5107,
        5107,
        2966,
        2966,
        2966,
        5107,
        5107,
        5107,
        2966,
        2966,
        2966,
        5107,
        5107,
        2966,
        2966,
        2966,
        5107,
        5107,
        5107,
        2966,
        2966,
        2966,
        9698,
        5107,
        2329,
        9698,
        16414,
        2339,
        16414,
        9698,
        9698,
        9698,
        5107,
        2966,
        2966,
        2966,
        9493,
        2966,
        2966,
        2966,
        2966,
        2966,
        2966,
        5107,
        2966,
        2966,
        2966,
        9493,
        2966,
        2966,
        2966,
        2966,
        2966,
        2966,
        5107,
        2966,
        2966,
        2966,
        9493,
        2966,
        2966,
        2966,
        2966,
        2966,
        2966,
        2966,
        4154,
        9520,
        4154,
        2966,
        2966,
        2966,
        2966,
        2966,
        2966,
        9493,
        136,
        9493,
        2966,
        2966,
        2852,
        4154,
        2966,
        9698,
        2966,
        2966,
        2966,
        9493,
        2966,
        2966,
        9493,
        2966,
        9493,
        9698,
        9493,
        2966,
        9493,
        2966,
        9493,
        2966,
        9493,
        2966,
        9493,
        4154,
        2966,
        2966,
        9493,
        2966,
        9493,
        2966,
        4154,
        2339,
        2966,
        2966,
        9493,
        4154,
        2966,
        2966,
        4154,
        16414,
        2329,
        2329,
        2329,
        2329,
        3023,
        9698,
        2966,
        2966,
        2966,
        9668,
        9668,
        9668,
        2966,
        2966,
        2966,
        9668,
        2966,
        2966,
        2966,
        2966,
        9668,
        9668,
        9668,
        2966,
        2966,
        2966,
        9668,
        2966,
        2966,
        2966,
        2966,
        9668,
        9668,
        9668,
        2966,
        2966,
        2966,
        9668,
        2966,
        2852,
        2852,
        9493,
        2852,
        2852,
        16414,
        8610,
        8610,
        8610,
        4154,
        4154,
        9493,
        7355,
        7355,
        7355,
        7355,
        7355,
        2966,
        16414,
        8109,
        2966,
        4154,
        9493,
        7368,
        7368,
        7368,
        2966,
        2329,
        2329,
        3023,
        2966,
        2966,
        2966,
        9668,
        9668,
        9668,
        9668,
        2966,
        9668,
        9668,
        2966,
        2966,
        2966,
        2966,
        9668,
        9668,
        9668,
        9668,
        2966,
        9668,
        9668,
        2966,
        2966,
        2966,
        2966,
        9668,
        9668,
        9668,
        9668,
        2966,
        9668,
        9668,
        2966,
        2814,
        5107,
        9493,
        2966,
        5107,
        5107,
        8610,
        8610,
        2966,
        9698,
        2852,
        2852,
        2852,
        7342,
        7355,
        7355,
        7355,
        2966,
        9493,
        2966,
        7368,
        7368,
        7368,
        2966,
        2966,
        2329,
        2329,
        3023,
        2966,
        5107,
        2966,
        2966,
        2966,
        9668,
        9668,
        9668,
        9668,
        2966,
        2966,
        2966,
        5107,
        2966,
        2966,
        2966,
        9668,
        9668,
        9668,
        9668,
        2966,
        2966,
        2966,
        5107,
        2966,
        2966,
        2966,
        9668,
        9668,
        9668,
        9668,
        2966,
        2966,
        5107,
        2966,
        5107,
        5107,
        5107,
        5107,
        8610,
        2966,
        16414,
        2966,
        5107,
        5107,
        2852,
        2966,
        9493,
        7329,
        7355,
        9493,
        16414,
        5535,
        2966,
        2966,
        2966,
        7368,
        7368,
        4154,
        4154,
        2966,
        2559,
        2852,
        9698,
        5107,
        2966,
        2966,
        9668,
        2966,
        2675,
        9668,
        9668,
        2966,
        9668,
        2966,
        5107,
        2966,
        2966,
        9668,
        2966,
        2675,
        9668,
        9668,
        2966,
        9668,
        2966,
        5107,
        2966,
        2966,
        9668,
        2966,
        2675,
        9668,
        9668,
        2966,
        9668,
        2966,
        2814,
        4154,
        5107,
        5107,
        5107,
        5107,
        2852,
        16414,
        4154,
        9493,
        5107,
        2966,
        5107,
        9493,
        2966,
        5107,
        2852,
        7355,
        7355,
        9493,
        9493,
        2852,
        5122,
        9493,
        4154,
        7368,
        7368,
        7368,
        9493,
        4154,
        2349,
        2349,
        3099,
        5107,
        2966,
        2966,
        9668,
        9668,
        2966,
        2966,
        2966,
        2966,
        2966,
        2966,
        5107,
        2966,
        2966,
        9668,
        9668,
        2966,
        2966,
        2966,
        2966,
        2966,
        2966,
        5107,
        2966,
        2966,
        9668,
        9668,
        2966,
        2966,
        2966,
        2966,
        2966,
        2966,
        2339,
        2966,
        5107,
        5107,
        5107,
        2966,
        2966,
        4154,
        9493,
        2966,
        2966,
        5107,
        5107,
        5107,
        9493,
        3061,
        4154,
        2966,
        4154,
        2966,
        5107,
        9493,
        5122,
        2329,
        3061,
        2966,
        2966,
        9493,
        5107,
        2966,
        2966,
        2339,
        9493,
        5122,
        4154,
        7368,
        7368,
        7368,
        9493,
        2349,
        2349,
        3099,
        2966,
        2966,
        2966,
        2966,
        2966,
        2966,
        2966,
        2966,
        2966,
        2966,
        2966,
        2966,
        2966,
        2966,
        2966,
        2966,
        2966,
        2966,
        2966,
        2966,
        2966,
        2966,
        2966,
        2966,
        2966,
        2966,
        2966,
        2966,
        2966,
        2966,
        2966,
        2966,
        2966,
        9698,
        2966,
        9493,
        2966,
        2966,
        2966,
        9493,
        9493,
        2966,
        2966,
        9698,
        2966,
        9493,
        2852,
        9493,
        2966,
        4154,
        4154,
        9493,
        2966,
        4154,
        4154,
        2966,
        4154,
        2966,
        9493,
        4154,
        2966,
        4154,
        9698,
        9493,
        9493,
        9493,
        2966,
        2966,
        9493,
        2966,
        9493,
        2966,
        9493,
        9493,
        2966,
        9493,
        9493,
        2966,
        2966,
        9493,
        2966,
        2966,
        4154,
        2966,
        9493,
        4154,
        2966,
        9698,
        5535,
        2349,
        2349,
        2349,
        2349,
        3099,
        9698,
        9698,
        9698
    ],
    "DecorIndices": [],
    "DecorIds": [],
    "BlockEntities": {
        "3146752": "!<d@[F*K+Y#64c-E,TfCCB+>7!<d@[F*aA(#64o6@VfsmCI<#NAIrp*E,]`9FCJfiD(T1/ARl&M@V&tbF!L_m+pnYd!!%O6*<6(i58\"J9!!%O6'`\\6L5TKh)J3On19-=?;",
        "3151872": "!<d@[F*K+Y#64c-E,TfCCB+>7!<d@[F*aP-#64o6@VfsmCI<#NAIrp*E,]`9FCJfiD(T1/ARl&M@V&tbF!L_m+pnYd!!%O6*<6'>58\"J9!!%O6'`\\6D5TKh)!'_=[9-=<:",
        "3152896": "!<d@[F*K+Y#64c-E,TfCCB+>7!<d@[F*aS.#64o6@VfsmCI<#NAJK6(@r$13E+NQ3Ecki#Ch521Eb/ec\"E\\p.AJT</@Ua.b/R`^6Cgh??/SB*4DJ=3(\":&scFCB9&=9&=$!!EUFATMNNDJ*csgCHlk\":&scFCB9&=o\\O&!!rsADes6$@ru9m!!E[MAT2'lE`7'gFCbFP!!!!",
        "4197376": "!<d@[F*K+Y#64c-E,TfCC]FG8!<d@[F*aG*#64o6@VfsmCI<#NAJK6(@r$13E+NQ3Ecki#Ch521Eb/ec\"E\\p.AJT</@Ua.b/R`^6Cgh?>/SB*4DJ=3(\":&scFCB9&=9&=$!!EUFATMNNDJ*csjNA=S\":&scFCB9&=o\\O&!!rsADes6$@ru9m!!E[MAT2'lE`7'gFCbFP!!!!",
        "5244928": "!<d@[F*K+Y#64c-E,TfCD#aP9!<d@[F*aD)#64o6@VfsmCI<#NAIrp*E,]`9FCJfiD(T1/ARl&M@V&tbF!L_m+pnYd!!%O6'`\\5a58\"J9q>Yq/(&@lZ590_(&4%/m9-=<:",
        "8390656": "!<d@[F*K+Y#64c-E,TfCDu]k<!<d@[F*aD)#64o6@VfsmCI<#NAIrp*E,]`9FCJfiD(T1/ARl&M@V&tbF!L_m+pnYd!!%O6'`\\5a58\"J9q>Yq/(&@lZ590_(&4%/m9-=<:",
        "8398848": "!<d@[F*K+Y#64c-E,TfCDu]k<!<d@[F*a\\1#64o6@VfsmCI<#NAIrp*E,]`9FCJfiD(T1/ARl&M@V&tbF\"%(r-OL@n!!%O6'`\\5a590_(J3OYW%0-BY58=.uTYMTBs*m6Mi_(Br!!",
        "3149825": "!<d@[F*K.Z#64c-E,TfCCB+>7!<d@[F*aJ+#64o6@VfsmCI<#NAJ/NlDfRFMF_P`)A1_h?F_>AC\":B0fFCB9&=]/[=gCME@#mP<eASu'i!!s*KDK]T3F@]hXA8Ggu!!!",
        "5243905": "!<d@[F*K.Z#64c-E,TfCD#aP9!<d@[F*aA(#64o6@VfsmCI<#NAIrp*E,]`9FCJfiD(T1/ARl&M@V&tbF!:Sk+:8Gj!!%O6*<6(i58\"J9!!!!`'`e;\"590_(J3On19)n",
        "5254145": "!<d@[F*K.Z#64c-E,TfCD#aP9!<d@[F*a_2#64o6@VfsmCI<#NAIrp*E,]`9FCJfiD(T1/ARl&M@V&tbEuG#c(^^E]!!%O6&df'J!8p*Wqu;.1(ue12!WW",
        "9442305": "!<d@[F*K.Z#64c-E,TfCE<#t=!<d@[F*aM,#64o6@VfsmCI<#NAJK6(@r$13E+NQ3Ecki#Ch521Eb/ec\"E\\p.AJT</@Ua.b/R`^6Cgh?>/SB*4DJ=3(\":&scFCB9&=9&=$!!EUFATMNNDJ*csgCHlk\":&scFCB9&=o\\O&!!rsADes6$@ru9m!!E[MAT2'lE`7'gFCbFP!!!!",
        "9448449": "!<d@[F*K.Z#64c-E,TfCE<#t=!<d@[F*a_2#64o6@VfsmCI<#NAIrp*E,]`9FCJfiD(T1/ARl&M@V&tbEtnZ^'++^P$4Qt8?pGG,!)Poti_(Bq!!",
        "3150850": "!<d@[F*K1[#64c-E,TfCCB+>7!<d@[F*aM,#64o6@VfsmCI<#NAJK6(@r$13E+NQ3Ecki#Ch521Eb/ec\"E\\p.AJT</@Ua.b/R`^6Cgh??/SB*4DJ=3(\":&scFCB9&=9&=$!!EUFATMNNDJ*csgCHk@\":&scFCB9&=o\\O&!!rsADes6$@ru9m!!E[MAT2'lE`7'gFCbFP!!!!",
        "3152898": "!<d@[F*K1[#64c-E,TfCCB+>7!<d@[F*aS.#64o6@VfsmCI<#NAIW9mDfor.F*)>@@:s-U$#+:#ASuU.Ed7ZiEH>r7FE7Qb!!!3,F)5c:EsD_\"!!*'\"!4E%2!!*'\"!!WgQASlBtEaa'4Eb,=fFCf<.ATD4$F`M%e@<6NjE+EC!AH2]1!<:8C5m.R;ASlBtEaa'4Eb,4Nz!!!<;AoD^\"AQ*\\hEa`Tl:i^JnErZ=LD.Rd%6#L=OA_Ra;562+\"FECr$BLZE?AH2]1!!!",
        "3153922": "!<d@[F*K1[#64c-E,TfCCB+>7!<d@[F*aV/#64o6@VfsmCI<#NAIW9mDfor.F*)>@@:s-U$#+:#ASuU.Ed7ZiEH>r7FE7Qb!!!3,F)5c:EsD_\"!!*'\"!4E%2!##>4!!WgQASlBtEaa'4Eb,=fFCf<.ATD4$F`M%e@<6NjE+EC!AH2]1!<:8C5m.R;ASlBtEaa'4Eb,4Nz!!!<;AoD^\"AQ*\\hEa`Tl:i^JnErZ=LD.Rd%6#L=OA_R_e5QM4#FECr$BLZE?AH2]1!!!",
        "3154946": "!<d@[F*K1[#64c-E,TfCCB+>7!<d@[F*aY0#64o6@VfsmCI<#NAIW9mDfor.F*)>@@:s-U$#+:#ASuU.Ed7ZiEH>r7FE7Qb!!!3,F)5c:EsD_\"!!*'\"!4E%2!&jlX!!WgQASlBtEaa'4Eb,=fFCf<.ATD4$F`M%e@<6NjE+EC!AH2]1!<:8C5m.R;ASlBtEaa'4Eb,4Nz!!!<;AoD^\"AQ*\\hEa`Tl:i^JnErZ=LD.Rd%6#L=OA_R_e5QM4#FECr$BLZE?AH2]1!!!",
        "6296578": "!<d@[F*K1[#64c-E,TfCD?'Y:!<d@[F*aM,#64o6@VfsmCI<#NAJK6(@r$13E+NQ3Ecki#Ch521Eb/ec\"E\\p.AJT</@Ua.b/R`^6Cgh?=/SB*4DJ=3(\":&scFCB9&=9&=$!!EUFATMNNDJ*csjNA<(\":&scFCB9&=o\\O&!!rsADes6$@ru9m!!E[MAT2'lE`7'gFCbFP!!!!",
        "6300674": "!<d@[F*K1[#64c-E,TfCD?'Y:!<d@[F*aY0#64o6@VfsmCI<#NAI;p\\ATMrFARTY%\"po!]G%GQ5DfU+(#'\"^#Dfg%+!!!!'\"`nKuFE7Zf0E;+R!!!Z5!!!$\"!!!-0FDl80CdVlEDI[8&bY12##6?OZ!<<*\"\"p\"](!<<*\"!!`N[!!*'\"!##A5!!*'\"!!E[ODffE(6YKnG@qEp/9KiF]!Aa]V!!!!#!<<*#z#6?X]!<<*\"kRIRm!<<*\"!!`N^!!*'\"!##A5!!*'\"!!E[ODffE(6YKnG@qEp/9KiF]!B'oY!!!!#!<<*#z#6?a`!<<*\"'*/(5!<<*\"\":K<iFCAuQBOPdgA^/Fm4obQ_\"Uo!]E^FS\\@r\"GMA7Z*XBOu7,/S/@3F9MehH#R=%@rH1\"@;p:!A2+2nD.Rd%6#L=OA`2r/5QC",
        "3153923": "!<d@[F*K4\\#64c-E,TfCCB+>7!<d@[F*aV/#64o6@VfsmCI<#NAIW9mDfor.F*)>@@:s-U$#+:#ASuU.Ed7ZiEH>r7FE7Qb!!!3,F)5c:EsD_\"!!*'\"!4E%2!\"Ao.!!WgQASlBtEaa'4Eb,=fFCf<.ATD4$F`M%e@<6NjE+EC!AH2]1!<:8C5m.R;ASlBtEaa'4Eb,4Nz!!!<;AoD^\"AQ*\\hEa`Tl:i^JnErZ=LD.Rd%6#L=OA_R_e5QM4#FECr$BLZE?AH2]1!!!",
        "3154947": "!<d@[F*K4\\#64c-E,TfCCB+>7!<d@[F*aY0#64o6@VfsmCI<#NAIW9mDfor.F*)>@@:s-U$#+:#ASuU.Ed7ZiEH>r7FE7Qb!!!3,F)5c:EsD_\"!!*'\"!4E%2!$qUF!!WgQASlBtEaa'4Eb,=fFCf<.ATD4$F`M%e@<6NjE+EC!AH2]1!<:8C5m.R;ASlBtEaa'4Eb,4Nz!!!<;AoD^\"AQ*\\hEa`Tl:i^JnErZ=LD.Rd%6#L=OA_R_e5QM4#FECr$BLZE?AH2]1!!!",
        "4194307": "!<d@[F*K4\\#64c-E,TfCC]FG8!<d@[F*a>'#64o6@VfsmCI<#NAIrp*E,]`9FCJfiD(T1/ARl&M@V&tbEutAh*=;rj!!#8K&e>EO!8tU,!!%Pa*<Q:,58`BQ+9VZ",
        "3154948": "!<d@[F*K7]#64c-E,TfCCB+>7!<d@[F*aY0#64o6@VfsmCI<#NAIW9mDfor.F*)>@@:s-U$#+:#ASuU.Ed7ZiEH>r7FE7Qb!!!3,F)5c:EsD_\"!!*'\"!4E%2!\"Ao.!!WgQASlBtEaa'4Eb,=fFCf<.ATD4$F`M%e@<6NjE+EC!AH2]1!<:8C5m.R;ASlBtEaa'4Eb,4Nz!!!<;AoD^\"AQ*\\hEa`Tl:i^JnErZ=LD.Rd%6#L=OA_R_e5QM4#FECr$BLZE?AH2]1!!!",
        "4195332": "!<d@[F*K7]#64c-E,TfCC]FG8!<d@[F*aA(#64o6@VfsmCI<#NAJK6(@r$13E+NQ3Ecki#Ch521Eb/ec\"E\\p.AJT</@Ua.b/R`^6Cgh??/SB*4DJ=3(\":&scFCB9&=9&=$!!EUFATMNNDJ*csjNA=S\":&scFCB9&=o\\O&!!rsADes6$@ru9m!!E[MAT2'lE`7'gFCbFP!!!!",
        "6293508": "!<d@[F*K7]#64c-E,TfCD?'Y:!<d@[F*aD)#64o6@VfsmCI<#NAJK6(@r$13E+NQ3Ecki#Ch521Eb/ec\"E\\p.AJT</@Ua.b/R`^6Cgh?>/SB*4DJ=3(\":&scFCB9&=9&=$!!EUFATMNNDJ*csi9`25\":&scFCB9&=o\\O&!!rsADes6$@ru9m!!E[MAT2'lE`7'gFCbFP!!!!",
        "12594180": "!<d@[F*K7]#64c-E,TfCF8u:@!<d@[F*a_2#64o6@VfsmCI<#NAIrp*E,]`9FCJfiD(T1/ARl&M@V&tbEutAh*=<,_!!!!`'`\\5a4q\\23!!%O7('\":u^_l'(+9DN",
        "3153925": "!<d@[F*K:^#64c-E,TfCCB+>7!<d@[F*aV/#64o6@VfsmCI<#NAJK6(@r$13E+NQ3Ecki#Ch521Eb/ec\"E\\p.AJT</@Ua.b/R`^6Cgh?=/SB*4DJ=3(\":&scFCB9&=9&=$!!EUFATMNNDJ*csi9`25\":&scFCB9&=o\\O&!!rsADes6$@ru9m!!E[MAT2'lE`7'gFCbFP!!!!",
        "3146759": "!<d@[F*K@`#64c-E,TfCCB+>7!<d@[F*aA(#64o6@VfsmCI<#NAIrp*E,]`9FCJfiD(T1/ARl&M@V&tbF!:Sk+:8Gb!!%O6*<6(i58\"J9!!%O6'`\\6L5TKh)J3On19)n",
        "3156999": "!<d@[F*K@`#64c-E,TfCCB+>7!<d@[F*a_2#64o6@VfsmCI<#NAIrp*E,]`9FCJfiD(T1/ARl&M@V&tbEuG#c(^^EU!!%O6&df'J!.[9K!!'f\"(ue12\"98",
        "6292487": "!<d@[F*K@`#64c-E,TfCD?'Y:!<d@[F*aA(#64o6@VfsmCI<#NAIrp*E,]`9FCJfiD(T1/ARl&M@V&tbEub5f)[Zo]!!%O6*<6(i58\";<rVuo3*<?.j58`BQ!!",
        "8399879": "!<d@[F*K@`#64c-E,TfCDu]k<!<d@[F*a_2#64o6@VfsmCI<#NAIrp*E,]`9FCJfiD(T1/ARl&M@V&tbF!L_m+pnYd!!%O6'`\\5a58\"J9!!'gM(&S#\\595SL,W-Fu9-=99",
        "3151880": "!<d@[F*KCa#64c-E,TfCCB+>7!<d@[F*aP-#64o6@VfsmCI<#NAIrp*E,]`9FCJfiD(T1/ARl&M@V&tbEuG#c(^^Ee!!!!`&df?R!5Li?!!!!`(ue12!<<",
        "5253128": "!<d@[F*KCa#64c-E,TfCD#aP9!<d@[F*a\\1#64o6@VfsmCI<#NAIrp*E,]`9FCJfiD(T1/ARl&M@V&tbF!L_m+pnYl!!%O6*<6(i58\"J9e25X](&@lZ590_(!5TN39-=68",
        "8390664": "!<d@[F*KCa#64c-E,TfCDu]k<!<d@[F*aD)#64o6@VfsmCI<#NAIrp*E,]`9FCJfiD(T1/ARl&M@V&tbEutAh*=;rb!!%O6&e>H$1t/fHq>Yq/*<6'N5oATS+9;H"
    },
    "Entities": [],
    "ReplaceMode": 2,
    "EntranceRotation": -1
}