{
	code: "egg",
	behaviors: [{name: "UnstableFalling"}],
	entityClass: "Transient",
	attributes: {},
	variantgroups: [
		{ code:"creature", states: ["tortoise"] },
		{ code:"amount", states: ["1"] },
	],	
	creativeinventory: { general: ["*"], decorative: ["*"] },
	blockmaterial: "Soil",
	drawtype: "json",
	shapebytype: {
		"*-tortoise-1": { 
			base: "kreaturesandkritters:block/tortoise/mound1",
			alternates: [
				{
					"base": "kreaturesandkritters:block/tortoise/mound1",
					"rotateY": 90
				},
				{
					"base": "kreaturesandkritters:block/tortoise/mound1",
					"rotateY": 180
				},
				{
					base: "kreaturesandkritters:block/tortoise/mound1",
					rotateY: 270
				}
			]
		}
	},
	doNotRenderAtLod2: true,
	lightAbsorption: 0,
	sidesolid: { all: false },
	sideopaque: { all: false },
	replaceable: 100,
	resistance: 0.25,
	selectionbox: { x1: 0, y1: 0, x2: 1, y2: 0.125, z2: 1 },
	collisionbox: null,
	dropsByType: {
		"*-1": [ 		{ type: "item", code: "game:creature-tortoise-baby", quantity: { avg: 3 }  },
		{ type: "item", code: "kreaturesandkritters:tortoiseegg-tortoise-raw", quantity: { avg: 9 }  } ],
	},
	materialDensity: 300,
	guiTransform: {
		origin: { x: 0.5, y: 0.15, z: 0.5 },
		scale: 1.5
	}
}