﻿[
  {
    "file": "game:itemtypes/food/butter.json",
    "op": "add",
    "path": "/notcreativeinventory",

    "dependsOn": [
      {
        "modid": "aculinaryartillery",
        "invert": true
      }
    ]
  },
  {
    "file": "game:itemtypes/food/butter.json",
    "op": "remove",
    "path": "/creativeinventory",

    "dependsOn": [
      {
        "modid": "aculinaryartillery",
        "invert": true
      }
    ]
  },
  {
    "file": "game:itemtypes/food/butter.json",
    "op": "replace",
    "path": "/handbook",
    "value": { "include": false },

    "dependsOn": [
      {
        "modid": "aculinaryartillery",
        "invert": true
      }
    ]
  },
  {
    "file": "game:itemtypes/food/butter.json",
    "op": "remove",
    "path": "/nutritionPropsByType",

    "dependsOn": [
      {
        "modid": "aculinaryartillery",
        "invert": true
      }
    ]
  },
  {
    "file": "pretzels:recipes/kneading/plainbutter.json",
    "op": "add",
    "path": "/0/enabled",
    "value": "false",

    "dependsOn": [
      {
        "modid": "aculinaryartillery",
        "invert": true
      }
    ]
  },
  {
    "file": "pretzels:recipes/kneading/saltbutter.json",
    "op": "add",
    "path": "/0/enabled",
    "value": "false",

    "dependsOn": [
      {
        "modid": "aculinaryartillery",
        "invert": true
      }
    ]
  }
]

