﻿[
  {
    "file": "game:recipes/grid/dough.json",
    "op": "add",
    "path": "/0/enabled",
    "value": "false",
    "dependsOn": [ { "modid": "aculinaryartillery" } ]
  },
  {
    "file": "game:recipes/grid/dough.json",
    "op": "add",
    "path": "/1/enabled",
    "value": "false",
    "dependsOn": [ { "modid": "aculinaryartillery" } ]
  },
  {
    "file": "pretzels:recipes/kneading/dough.json",
    "op": "add",
    "path": "/0/enabled",
    "value": "false",
    "dependsOn": [ { "modid": "aculinaryartillery", "invert": true } ]
  }
]

