{
	"editor": {
		"allAngles": true,
		"entityTextureMode": false
	},
	"textureWidth": 16,
	"textureHeight": 16,
	"textureSizes": {
	},
	"textures": {
	     "toad": "toad",
	},
	"elements": [
		{
			"name": "body",
			"from": [ 7.0, 0.2, 7.1 ], 
			"to": [ 9.09, 1.5, 9.25 ], 
			"rotationOrigin": [ 8.0, 0.8, 8.0 ],
			"rotationX": 11.0,
			"faces": {
				"north": { "texture": "#toad", "uv": [ 12.0, 0.5, 16.0, 4.5 ], "rotation": 180, "autoUv": false },
				"east": { "texture": "#toad", "uv": [ 12.0, 0.5, 16.0, 4.5 ], "rotation": 180, "autoUv": false },
				"south": { "texture": "#toad", "uv": [ 12.0, 2.5, 16.0, 5.0 ], "autoUv": false },
				"west": { "texture": "#toad", "uv": [ 12.0, 0.5, 16.0, 4.5 ], "rotation": 180, "autoUv": false },
				"up": { "texture": "#toad", "uv": [ 12.0, 1.0, 16.0, 5.0 ], "autoUv": false },
				"down": { "texture": "#toad", "uv": [ 0.0, 9.5, 4.0, 14.0 ], "autoUv": false }
			},
			"children": [
				{
					"name": "neck",
					"from": [ 0.45, 0.15, -0.4 ], 
					"to": [ 1.65, 1.05, 0.6 ], 
					"rotationOrigin": [ 1.1, 0.7, 0.3 ],
					"rotationX": -2.0,
					"faces": {
						"north": { "texture": "#toad", "uv": [ 13.0, 4.0, 14.0, 4.5 ] },
						"east": { "texture": "#toad", "uv": [ 14.0, 0.5, 15.5, 1.5 ], "rotation": 180, "autoUv": false },
						"south": { "texture": "#toad", "uv": [ 0.0, 0.0, 1.0, 0.5 ] },
						"west": { "texture": "#toad", "uv": [ 13.0, 0.5, 14.5, 1.5 ], "rotation": 180, "autoUv": false },
						"up": { "texture": "#toad", "uv": [ 0.0, 0.0, 1.0, 1.0 ] },
						"down": { "texture": "#toad", "uv": [ 3.0, 10.0, 5.5, 12.5 ], "autoUv": false }
					},
					"children": [
						{
							"name": "head",
							"from": [ -0.1, 0.4219, -0.8841 ], 
							"to": [ 1.3, 1.1219, 0.7159 ], 
							"rotationOrigin": [ 0.6, 0.4219, 0.5159 ],
							"rotationX": -23.0,
							"faces": {
								"north": { "texture": "#toad", "uv": [ 12.0, 3.5, 15.5, 7.0 ], "autoUv": false },
								"east": { "texture": "#toad", "uv": [ 12.5, 3.0, 16.0, 4.5 ], "autoUv": false },
								"south": { "texture": "#toad", "uv": [ 12.5, 1.0, 16.0, 4.5 ], "autoUv": false },
								"west": { "texture": "#toad", "uv": [ 12.0, 2.5, 15.5, 4.0 ], "autoUv": false },
								"up": { "texture": "#toad", "uv": [ 12.0, 1.0, 15.5, 4.5 ], "autoUv": false },
								"down": { "texture": "#toad", "uv": [ 14.0, 10.0, 16.0, 12.5 ], "autoUv": false }
							},
							"children": [
								{
									"name": "jaw",
									"from": [ 0.01, -0.1, 0.05 ], 
									"to": [ 1.389, 0.2, 1.55 ], 
									"rotationOrigin": [ 0.7, -0.1, 1.2 ],
									"rotationX": -29.0,
									"faces": {
										"north": { "texture": "#toad", "uv": [ 12.0, 5.0, 15.5, 6.0 ], "autoUv": false },
										"east": { "texture": "#toad", "uv": [ 12.0, 4.5, 16.0, 5.5 ], "autoUv": false },
										"south": { "texture": "#toad", "uv": [ 12.0, 2.5, 15.0, 4.5 ], "autoUv": false },
										"west": { "texture": "#toad", "uv": [ 12.0, 1.5, 15.5, 2.5 ], "autoUv": false },
										"up": { "texture": "#toad", "uv": [ 14.0, 8.5, 16.0, 12.5 ], "rotation": 180, "autoUv": false },
										"down": { "texture": "#toad", "uv": [ 4.0, 10.5, 7.5, 14.0 ], "autoUv": false }
									},
									"children": [
										{
											"name": "tongue1",
											"from": [ 0.6, 0.01, 0.05 ], 
											"to": [ 0.8, 0.21, 0.45 ], 
											"rotationOrigin": [ 0.7, 0.1, 0.4 ],
											"rotationX": 36.0,
											"faces": {
												"north": { "texture": "#toad", "uv": [ 14.5, 11.0, 15.5, 12.5 ], "autoUv": false },
												"east": { "texture": "#toad", "uv": [ 15.0, 11.5, 16.0, 13.0 ], "autoUv": false },
												"south": { "texture": "#toad", "uv": [ 14.5, 10.5, 15.5, 12.0 ], "autoUv": false },
												"west": { "texture": "#toad", "uv": [ 14.0, 11.5, 15.0, 13.0 ], "autoUv": false },
												"up": { "texture": "#toad", "uv": [ 14.0, 12.0, 15.0, 13.5 ], "autoUv": false },
												"down": { "texture": "#toad", "uv": [ 14.0, 10.5, 15.0, 12.0 ], "autoUv": false }
											},
											"children": [
												{
													"name": "tongue2",
													"from": [ 0.0, 0.0, -0.4 ], 
													"to": [ 0.2, 0.2, 0.0 ], 
													"rotationOrigin": [ 0.1, 0.1, -0.1 ],
													"faces": {
														"north": { "texture": "#toad", "uv": [ 14.5, 11.0, 15.5, 12.0 ], "autoUv": false },
														"east": { "texture": "#toad", "uv": [ 14.0, 11.0, 15.0, 12.0 ], "autoUv": false },
														"south": { "texture": "#toad", "uv": [ 15.0, 11.0, 15.5, 11.5 ] },
														"west": { "texture": "#toad", "uv": [ 14.0, 11.5, 15.0, 12.5 ], "autoUv": false },
														"up": { "texture": "#toad", "uv": [ 14.5, 11.0, 15.5, 12.0 ], "autoUv": false },
														"down": { "texture": "#toad", "uv": [ 14.5, 12.5, 15.5, 13.5 ], "autoUv": false }
													},
													"children": [
														{
															"name": "tongue3",
															"from": [ 0.0, 0.0, 0.0 ], 
															"to": [ 0.2, 0.2, 0.4 ], 
															"rotationOrigin": [ 0.1, 0.1, 0.3 ],
															"faces": {
																"north": { "texture": "#toad", "uv": [ 14.0, 11.0, 15.0, 12.0 ], "autoUv": false },
																"east": { "texture": "#toad", "uv": [ 15.0, 10.5, 16.0, 11.5 ], "autoUv": false },
																"south": { "texture": "#toad", "uv": [ 14.5, 11.0, 15.5, 12.0 ], "autoUv": false },
																"west": { "texture": "#toad", "uv": [ 14.5, 13.0, 15.5, 14.0 ], "autoUv": false },
																"up": { "texture": "#toad", "uv": [ 14.0, 12.5, 15.0, 13.5 ], "autoUv": false },
																"down": { "texture": "#toad", "uv": [ 14.0, 12.0, 15.0, 13.0 ], "autoUv": false }
															},
															"children": [
																{
																	"name": "tongue4",
																	"from": [ 0.0, 0.0, 0.0 ], 
																	"to": [ 0.2, 0.2, 0.4 ], 
																	"rotationOrigin": [ 0.1, 0.1, 0.3 ],
																	"faces": {
																		"north": { "texture": "#toad", "uv": [ 14.0, 10.0, 15.0, 11.0 ], "autoUv": false },
																		"east": { "texture": "#toad", "uv": [ 14.5, 11.0, 15.5, 12.0 ], "autoUv": false },
																		"south": { "texture": "#toad", "uv": [ 14.0, 12.5, 15.0, 13.5 ], "autoUv": false },
																		"west": { "texture": "#toad", "uv": [ 14.0, 13.5, 15.0, 14.5 ], "autoUv": false },
																		"up": { "texture": "#toad", "uv": [ 14.0, 10.5, 15.0, 11.5 ], "autoUv": false },
																		"down": { "texture": "#toad", "uv": [ 14.5, 12.5, 15.5, 13.5 ], "autoUv": false }
																	},
																	"children": [
																		{
																			"name": "tongue5",
																			"from": [ 0.0, 0.0, 0.0 ], 
																			"to": [ 0.2, 0.2, 0.4 ], 
																			"rotationOrigin": [ 0.1, 0.1, 0.3 ],
																			"faces": {
																				"north": { "texture": "#toad", "uv": [ 14.0, 11.5, 15.0, 12.5 ], "autoUv": false },
																				"east": { "texture": "#toad", "uv": [ 14.5, 10.5, 15.5, 11.5 ], "autoUv": false },
																				"south": { "texture": "#toad", "uv": [ 14.5, 11.0, 15.5, 12.0 ], "autoUv": false },
																				"west": { "texture": "#toad", "uv": [ 14.0, 10.5, 15.0, 11.5 ], "autoUv": false },
																				"up": { "texture": "#toad", "uv": [ 14.0, 11.5, 15.0, 12.5 ], "autoUv": false },
																				"down": { "texture": "#toad", "uv": [ 14.0, 12.0, 15.0, 13.0 ], "autoUv": false }
																			},
																			"children": [
																				{
																					"name": "tongue6",
																					"from": [ 0.0, 0.0, 0.0 ], 
																					"to": [ 0.2, 0.2, 0.4 ], 
																					"rotationOrigin": [ 0.1, 0.1, 0.3 ],
																					"faces": {
																						"north": { "texture": "#toad", "uv": [ 14.0, 11.5, 15.0, 12.5 ], "autoUv": false },
																						"east": { "texture": "#toad", "uv": [ 14.0, 13.0, 15.0, 14.0 ], "autoUv": false },
																						"south": { "texture": "#toad", "uv": [ 14.0, 10.0, 15.0, 11.0 ], "autoUv": false },
																						"west": { "texture": "#toad", "uv": [ 14.0, 10.0, 15.0, 11.0 ], "autoUv": false },
																						"up": { "texture": "#toad", "uv": [ 14.5, 11.5, 15.5, 12.5 ], "autoUv": false },
																						"down": { "texture": "#toad", "uv": [ 14.0, 12.0, 15.0, 13.0 ], "autoUv": false }
																					},
																					"children": [
																						{
																							"name": "tongue7",
																							"from": [ 0.0, 0.0, 0.0 ], 
																							"to": [ 0.2, 0.2, 0.4 ], 
																							"rotationOrigin": [ 0.1, 0.1, 0.3 ],
																							"faces": {
																								"north": { "texture": "#toad", "uv": [ 14.0, 10.5, 15.0, 11.5 ], "autoUv": false },
																								"east": { "texture": "#toad", "uv": [ 14.5, 11.0, 15.5, 12.0 ], "autoUv": false },
																								"south": { "texture": "#toad", "uv": [ 14.5, 10.5, 15.5, 11.5 ], "autoUv": false },
																								"west": { "texture": "#toad", "uv": [ 14.5, 13.5, 15.5, 14.5 ], "autoUv": false },
																								"up": { "texture": "#toad", "uv": [ 14.0, 14.0, 15.0, 15.0 ], "autoUv": false },
																								"down": { "texture": "#toad", "uv": [ 14.5, 13.5, 15.5, 14.5 ], "autoUv": false }
																							},
																							"children": [
																								{
																									"name": "tongue8",
																									"from": [ 0.0, 0.0, 0.0 ], 
																									"to": [ 0.2, 0.2, 0.4 ], 
																									"rotationOrigin": [ 0.1, 0.1, 0.3 ],
																									"faces": {
																										"north": { "texture": "#toad", "uv": [ 14.5, 13.0, 15.5, 14.0 ], "autoUv": false },
																										"east": { "texture": "#toad", "uv": [ 14.5, 10.5, 15.5, 11.5 ], "autoUv": false },
																										"south": { "texture": "#toad", "uv": [ 15.0, 12.5, 16.0, 13.5 ], "autoUv": false },
																										"west": { "texture": "#toad", "uv": [ 14.0, 13.0, 15.0, 14.0 ], "autoUv": false },
																										"up": { "texture": "#toad", "uv": [ 15.0, 10.5, 16.0, 11.5 ], "autoUv": false },
																										"down": { "texture": "#toad", "uv": [ 14.5, 11.5, 15.5, 12.5 ], "autoUv": false }
																									},
																									"children": [
																										{
																											"name": "tongue9",
																											"from": [ 0.0, 0.0, 0.0 ], 
																											"to": [ 0.2, 0.2, 0.4 ], 
																											"rotationOrigin": [ 0.1, 0.1, 0.3 ],
																											"faces": {
																												"north": { "texture": "#toad", "uv": [ 14.5, 14.5, 15.5, 15.5 ], "autoUv": false },
																												"east": { "texture": "#toad", "uv": [ 14.0, 11.0, 15.0, 12.0 ], "autoUv": false },
																												"south": { "texture": "#toad", "uv": [ 15.0, 12.0, 16.0, 13.0 ], "autoUv": false },
																												"west": { "texture": "#toad", "uv": [ 14.5, 10.5, 15.5, 11.5 ], "autoUv": false },
																												"up": { "texture": "#toad", "uv": [ 14.5, 12.0, 15.5, 13.0 ], "autoUv": false },
																												"down": { "texture": "#toad", "uv": [ 14.5, 14.0, 15.5, 15.0 ], "autoUv": false }
																											},
																											"children": [
																												{
																													"name": "tongue10",
																													"from": [ 0.0, 0.0, 0.0 ], 
																													"to": [ 0.2, 0.2, 0.4 ], 
																													"rotationOrigin": [ 0.1, 0.1, 0.3 ],
																													"faces": {
																														"north": { "texture": "#toad", "uv": [ 14.5, 11.5, 15.5, 12.5 ], "autoUv": false },
																														"east": { "texture": "#toad", "uv": [ 14.5, 14.0, 15.5, 15.0 ], "autoUv": false },
																														"south": { "texture": "#toad", "uv": [ 15.0, 11.0, 16.0, 12.0 ], "autoUv": false },
																														"west": { "texture": "#toad", "uv": [ 14.0, 12.0, 15.0, 13.0 ], "autoUv": false },
																														"up": { "texture": "#toad", "uv": [ 14.5, 13.5, 15.5, 14.5 ], "autoUv": false },
																														"down": { "texture": "#toad", "uv": [ 14.0, 13.0, 15.0, 14.0 ], "autoUv": false }
																													}
																												}
																											]
																										}
																									]
																								}
																							]
																						}
																					]
																				}
																			]
																		}
																	]
																}
															]
														}
													]
												}
											]
										}
									]
								},
								{
									"name": "eyeL",
									"from": [ 0.13, 0.45, 0.4 ], 
									"to": [ 0.43, 0.85, 0.9 ], 
									"rotationOrigin": [ 0.4, 0.4, 0.7 ],
									"rotationY": -14.0,
									"rotationZ": 17.0,
									"faces": {
										"north": { "texture": "#toad", "uv": [ 3.5, 0.5, 4.0, 1.5 ], "autoUv": false },
										"east": { "texture": "#toad", "uv": [ 13.5, 3.0, 15.0, 4.0 ], "autoUv": false },
										"south": { "texture": "#toad", "uv": [ 15.0, 1.5, 15.5, 2.0 ] },
										"west": { "texture": "#toad", "uv": [ 3.5, 0.5, 5.0, 1.5 ], "autoUv": false },
										"up": { "texture": "#toad", "uv": [ 13.0, 5.0, 14.0, 6.5 ], "autoUv": false },
										"down": { "texture": "#toad", "uv": [ 14.5, 1.5, 15.0, 2.0 ] }
									}
								},
								{
									"name": "eyeR",
									"from": [ 0.95, 0.45, 0.4 ], 
									"to": [ 1.25, 0.85, 0.9 ], 
									"rotationOrigin": [ 1.0, 0.4, 0.6 ],
									"rotationY": 14.0,
									"rotationZ": -17.0,
									"faces": {
										"north": { "texture": "#toad", "uv": [ 1.5, 0.5, 2.0, 1.5 ], "autoUv": false },
										"east": { "texture": "#toad", "uv": [ 0.5, 0.5, 2.0, 1.5 ], "autoUv": false },
										"south": { "texture": "#toad", "uv": [ 13.5, 1.5, 15.0, 2.5 ], "autoUv": false },
										"west": { "texture": "#toad", "uv": [ 13.0, 5.0, 14.5, 6.0 ], "autoUv": false },
										"up": { "texture": "#toad", "uv": [ 13.5, 2.5, 14.5, 4.0 ], "autoUv": false },
										"down": { "texture": "#toad", "uv": [ 13.5, 1.5, 14.0, 2.0 ] }
									}
								}
							]
						}
					]
				},
				{
					"name": "armLtop",
					"from": [ -0.2, -0.1, 0.0 ], 
					"to": [ 0.1, 0.9, 0.4 ], 
					"rotationOrigin": [ 0.0, 0.8, 0.2 ],
					"rotationX": -6.0,
					"rotationZ": -19.0,
					"faces": {
						"north": { "texture": "#toad", "uv": [ 13.5, 2.5, 14.5, 5.0 ], "autoUv": false },
						"east": { "texture": "#toad", "uv": [ 13.5, 2.5, 14.5, 5.0 ], "autoUv": false },
						"south": { "texture": "#toad", "uv": [ 13.5, 2.0, 14.5, 4.5 ], "autoUv": false },
						"west": { "texture": "#toad", "uv": [ 14.0, 1.5, 15.0, 4.0 ], "autoUv": false },
						"up": { "texture": "#toad", "uv": [ 14.0, 3.5, 15.0, 4.5 ], "autoUv": false },
						"down": { "texture": "#toad", "uv": [ 12.5, 3.0, 13.5, 4.0 ], "autoUv": false }
					},
					"children": [
						{
							"name": "armLbottom",
							"from": [ -0.001, -0.8, 0.0 ], 
							"to": [ 0.3, 0.2, 0.4 ], 
							"rotationOrigin": [ 0.1, 0.1, 0.2 ],
							"rotationX": 64.0,
							"rotationY": 3.0,
							"rotationZ": 55.0,
							"faces": {
								"north": { "texture": "#toad", "uv": [ 13.5, 3.0, 14.5, 5.5 ], "autoUv": false },
								"east": { "texture": "#toad", "uv": [ 13.0, 2.5, 14.0, 5.0 ], "autoUv": false },
								"south": { "texture": "#toad", "uv": [ 13.0, 2.5, 14.0, 5.0 ], "autoUv": false },
								"west": { "texture": "#toad", "uv": [ 14.5, 6.5, 15.5, 9.0 ], "autoUv": false },
								"up": { "texture": "#toad", "uv": [ 12.5, 1.5, 13.5, 2.5 ], "autoUv": false },
								"down": { "texture": "#toad", "uv": [ 13.5, 2.5, 14.5, 3.5 ], "autoUv": false }
							},
							"children": [
								{
									"name": "armLhand",
									"from": [ 0.101, -0.4, 0.0 ], 
									"to": [ 0.202, 0.0, 0.4 ], 
									"rotationOrigin": [ 0.201, 0.0, 0.2 ],
									"rotationY": -63.0,
									"rotationZ": -37.0,
									"faces": {
										"north": { "texture": "#toad", "uv": [ 14.0, 4.0, 14.5, 4.5 ] },
										"east": { "texture": "#toad", "uv": [ 13.0, 5.0, 14.0, 6.0 ], "autoUv": false },
										"south": { "texture": "#toad", "uv": [ 14.5, 4.0, 13.5, 4.5 ], "autoUv": false },
										"west": { "texture": "#toad", "uv": [ 13.5, 8.5, 14.5, 9.5 ], "autoUv": false },
										"up": { "texture": "#toad", "uv": [ 13.0, 4.5, 13.5, 5.0 ] },
										"down": { "texture": "#toad", "uv": [ 12.5, 5.0, 13.0, 6.5 ], "autoUv": false }
									}
								}
							]
						}
					]
				},
				{
					"name": "armRtop",
					"from": [ 2.0, -0.1, 0.0 ], 
					"to": [ 2.3, 0.9, 0.4 ], 
					"rotationOrigin": [ 2.1, 0.8, 0.2 ],
					"rotationX": 6.0,
					"rotationZ": 18.0,
					"faces": {
						"north": { "texture": "#toad", "uv": [ 13.0, 3.0, 14.0, 5.5 ], "autoUv": false },
						"east": { "texture": "#toad", "uv": [ 14.5, 3.5, 15.5, 6.0 ], "autoUv": false },
						"south": { "texture": "#toad", "uv": [ 14.5, 6.0, 15.5, 8.5 ], "autoUv": false },
						"west": { "texture": "#toad", "uv": [ 14.0, 2.5, 15.0, 5.0 ], "autoUv": false },
						"up": { "texture": "#toad", "uv": [ 12.5, 2.5, 13.5, 5.0 ], "autoUv": false },
						"down": { "texture": "#toad", "uv": [ 12.5, 4.5, 13.5, 7.0 ], "autoUv": false }
					},
					"children": [
						{
							"name": "armRbottom",
							"from": [ 0.0, -0.8, 0.0 ], 
							"to": [ 0.301, 0.2, 0.4 ], 
							"rotationOrigin": [ 0.2, 0.1, 0.2 ],
							"rotationX": 64.0,
							"rotationY": -3.0,
							"rotationZ": -55.0,
							"faces": {
								"north": { "texture": "#toad", "uv": [ 14.5, 1.5, 15.5, 4.0 ], "autoUv": false },
								"east": { "texture": "#toad", "uv": [ 14.5, 2.0, 15.5, 4.5 ], "autoUv": false },
								"south": { "texture": "#toad", "uv": [ 14.0, 3.0, 15.0, 5.5 ], "autoUv": false },
								"west": { "texture": "#toad", "uv": [ 12.5, 4.5, 13.5, 7.0 ], "autoUv": false },
								"up": { "texture": "#toad", "uv": [ 14.0, 5.5, 15.0, 6.5 ], "autoUv": false },
								"down": { "texture": "#toad", "uv": [ 13.0, 2.0, 14.0, 3.0 ], "autoUv": false }
							},
							"children": [
								{
									"name": "armRhand",
									"from": [ 0.1, -0.4, 0.0 ], 
									"to": [ 0.201, 0.0, 0.4 ], 
									"rotationOrigin": [ 0.1, 0.0, 0.2 ],
									"rotationY": 63.0,
									"rotationZ": 37.0,
									"faces": {
										"north": { "texture": "#toad", "uv": [ 0.0, 0.0, 0.5, 0.5 ] },
										"east": { "texture": "#toad", "uv": [ 13.0, 3.5, 14.5, 4.5 ], "autoUv": false },
										"south": { "texture": "#toad", "uv": [ 13.0, 4.0, 14.0, 4.5 ], "autoUv": false },
										"west": { "texture": "#toad", "uv": [ 13.0, 4.5, 14.0, 5.5 ], "autoUv": false },
										"up": { "texture": "#toad", "uv": [ 0.0, 0.0, 0.5, 0.5 ] },
										"down": { "texture": "#toad", "uv": [ 12.0, 3.5, 12.5, 5.0 ], "autoUv": false }
									}
								}
							]
						}
					]
				},
				{
					"name": "legLtop",
					"from": [ -0.4, -0.2, 1.5 ], 
					"to": [ 0.2, 1.1, 2.1 ], 
					"rotationOrigin": [ -0.2, 1.0, 1.7 ],
					"rotationX": 72.0,
					"rotationZ": -11.0,
					"faces": {
						"north": { "texture": "#toad", "uv": [ 12.5, 4.0, 13.5, 6.5 ], "autoUv": false },
						"east": { "texture": "#toad", "uv": [ 14.0, 2.5, 15.0, 5.0 ], "autoUv": false },
						"south": { "texture": "#toad", "uv": [ 14.0, 3.5, 15.0, 6.0 ], "autoUv": false },
						"west": { "texture": "#toad", "uv": [ 13.0, 3.0, 14.0, 5.5 ], "autoUv": false },
						"up": { "texture": "#toad", "uv": [ 13.5, 3.0, 14.5, 4.0 ], "autoUv": false },
						"down": { "texture": "#toad", "uv": [ 13.0, 3.0, 14.0, 4.0 ], "autoUv": false }
					},
					"children": [
						{
							"name": "legLbottom",
							"from": [ 0.15, -0.9, 0.1 ], 
							"to": [ 0.45, 0.2, 0.5 ], 
							"rotationOrigin": [ 0.3, 0.1, 0.3 ],
							"rotationX": -108.0,
							"faces": {
								"north": { "texture": "#toad", "uv": [ 13.5, 3.0, 14.5, 5.0 ], "autoUv": false },
								"east": { "texture": "#toad", "uv": [ 12.5, 3.0, 13.5, 5.0 ], "autoUv": false },
								"south": { "texture": "#toad", "uv": [ 13.0, 1.5, 14.0, 3.5 ], "autoUv": false },
								"west": { "texture": "#toad", "uv": [ 14.5, 6.5, 15.5, 8.5 ], "autoUv": false },
								"up": { "texture": "#toad", "uv": [ 13.5, 5.0, 14.5, 6.0 ], "autoUv": false },
								"down": { "texture": "#toad", "uv": [ 13.5, 7.0, 14.5, 8.0 ], "autoUv": false }
							},
							"children": [
								{
									"name": "legLfoot",
									"from": [ -0.1, -0.8, 0.1 ], 
									"to": [ 0.4, 0.2, 0.2 ], 
									"rotationOrigin": [ 0.1, 0.1, 0.1 ],
									"rotationX": 125.0,
									"rotationY": 7.0,
									"faces": {
										"north": { "texture": "#toad", "uv": [ 14.0, 3.0, 15.0, 5.0 ], "autoUv": false },
										"east": { "texture": "#toad", "uv": [ 13.5, 2.5, 14.0, 4.0 ], "autoUv": false },
										"south": { "texture": "#toad", "uv": [ 13.5, 3.0, 14.5, 5.0 ], "autoUv": false },
										"west": { "texture": "#toad", "uv": [ 14.5, 1.5, 15.0, 3.0 ], "autoUv": false },
										"up": { "texture": "#toad", "uv": [ 12.5, 3.5, 14.0, 4.0 ], "autoUv": false },
										"down": { "texture": "#toad", "uv": [ 12.0, 2.5, 13.5, 3.0 ], "autoUv": false }
									}
								}
							]
						}
					]
				},
				{
					"name": "legRtop",
					"from": [ 1.9, -0.2, 1.5 ], 
					"to": [ 2.5, 1.1, 2.1 ], 
					"rotationOrigin": [ 2.2, 1.0, 1.7 ],
					"rotationX": 72.0,
					"rotationZ": 11.0,
					"faces": {
						"north": { "texture": "#toad", "uv": [ 14.5, 2.0, 15.5, 4.0 ], "autoUv": false },
						"east": { "texture": "#toad", "uv": [ 14.5, 2.0, 15.5, 4.0 ], "autoUv": false },
						"south": { "texture": "#toad", "uv": [ 14.0, 4.5, 15.0, 6.5 ], "autoUv": false },
						"west": { "texture": "#toad", "uv": [ 14.5, 2.5, 15.5, 4.5 ], "autoUv": false },
						"up": { "texture": "#toad", "uv": [ 13.0, 3.5, 14.0, 4.5 ], "autoUv": false },
						"down": { "texture": "#toad", "uv": [ 12.5, 5.0, 13.5, 6.0 ], "autoUv": false }
					},
					"children": [
						{
							"name": "legRbottom",
							"from": [ 0.15, -0.9, 0.1 ], 
							"to": [ 0.45, 0.2, 0.5 ], 
							"rotationOrigin": [ 0.3, 0.1, 0.3 ],
							"rotationX": -108.0,
							"faces": {
								"north": { "texture": "#toad", "uv": [ 14.5, 6.0, 15.5, 8.0 ], "autoUv": false },
								"east": { "texture": "#toad", "uv": [ 13.0, 4.5, 14.0, 6.5 ], "autoUv": false },
								"south": { "texture": "#toad", "uv": [ 14.5, 3.0, 15.5, 5.0 ], "autoUv": false },
								"west": { "texture": "#toad", "uv": [ 14.0, 5.5, 15.0, 7.5 ], "autoUv": false },
								"up": { "texture": "#toad", "uv": [ 13.5, 4.0, 14.5, 5.0 ], "autoUv": false },
								"down": { "texture": "#toad", "uv": [ 13.0, 3.5, 14.0, 4.5 ], "autoUv": false }
							},
							"children": [
								{
									"name": "legRfoot",
									"from": [ -0.1, -0.8, 0.1 ], 
									"to": [ 0.4, 0.2, 0.2 ], 
									"rotationOrigin": [ 0.1, 0.1, 0.1 ],
									"rotationX": 125.0,
									"rotationY": -9.0,
									"faces": {
										"north": { "texture": "#toad", "uv": [ 13.5, 4.5, 14.5, 6.5 ], "autoUv": false },
										"east": { "texture": "#toad", "uv": [ 12.5, 4.0, 13.0, 5.5 ], "autoUv": false },
										"south": { "texture": "#toad", "uv": [ 14.5, 2.0, 15.5, 4.0 ], "autoUv": false },
										"west": { "texture": "#toad", "uv": [ 14.0, 7.0, 14.5, 8.5 ], "autoUv": false },
										"up": { "texture": "#toad", "uv": [ 13.0, 5.5, 14.5, 6.0 ], "autoUv": false },
										"down": { "texture": "#toad", "uv": [ 13.0, 2.5, 14.5, 3.0 ], "autoUv": false }
									}
								}
							]
						}
					]
				},
				{
					"name": "poisonglandL",
					"from": [ 0.4, 1.0, 0.2 ], 
					"to": [ 0.8, 1.45, 1.0 ], 
					"rotationOrigin": [ 0.6, 1.5, 0.7 ],
					"faces": {
						"north": { "texture": "#toad", "uv": [ 12.0, 7.0, 13.0, 8.0 ], "autoUv": false },
						"east": { "texture": "#toad", "uv": [ 12.0, 7.0, 13.5, 8.0 ], "autoUv": false },
						"south": { "texture": "#toad", "uv": [ 12.0, 7.0, 13.0, 8.0 ], "autoUv": false },
						"west": { "texture": "#toad", "uv": [ 12.0, 7.0, 13.5, 8.0 ], "autoUv": false },
						"up": { "texture": "#toad", "uv": [ 12.0, 7.0, 13.0, 9.0 ], "autoUv": false },
						"down": { "texture": "#toad", "uv": [ 12.0, 7.5, 12.5, 8.0 ] }
					}
				},
				{
					"name": "poisonglandR",
					"from": [ 1.3, 1.0, 0.2 ], 
					"to": [ 1.7, 1.45, 1.0 ], 
					"rotationOrigin": [ 1.4, 1.5, 0.7 ],
					"faces": {
						"north": { "texture": "#toad", "uv": [ 12.0, 7.0, 13.0, 8.0 ], "autoUv": false },
						"east": { "texture": "#toad", "uv": [ 12.0, 8.0, 13.5, 9.0 ], "autoUv": false },
						"south": { "texture": "#toad", "uv": [ 12.0, 8.0, 13.0, 9.0 ], "autoUv": false },
						"west": { "texture": "#toad", "uv": [ 12.0, 7.0, 13.5, 8.0 ], "autoUv": false },
						"up": { "texture": "#toad", "uv": [ 12.5, 8.0, 13.5, 10.0 ], "autoUv": false },
						"down": { "texture": "#toad", "uv": [ 12.0, 7.0, 12.5, 7.5 ] }
					}
				},
				{
					"name": "butt",
					"from": [ 0.2, 0.2, 1.5 ], 
					"to": [ 1.9, 1.0, 2.5 ], 
					"rotationOrigin": [ 0.2, 0.2, 1.5 ],
					"faces": {
						"north": { "texture": "#toad", "uv": [ 13.0, 3.0, 14.5, 3.5 ] },
						"east": { "texture": "#toad", "uv": [ 13.0, 2.5, 15.5, 5.0 ], "autoUv": false },
						"south": { "texture": "#toad", "uv": [ 13.0, 2.0, 15.5, 5.0 ], "autoUv": false },
						"west": { "texture": "#toad", "uv": [ 13.0, 2.5, 15.0, 4.5 ], "autoUv": false },
						"up": { "texture": "#toad", "uv": [ 12.5, 2.0, 16.0, 4.5 ], "autoUv": false },
						"down": { "texture": "#toad", "uv": [ 12.5, 2.0, 15.5, 4.5 ], "autoUv": false }
					}
				}
			]
		}
	]}