{
	"editor": {
		"allAngles": true,
		"entityTextureMode": false
	},
	"textureWidth": 16,
	"textureHeight": 16,
	"textureSizes": {
	},
	"textures": {
		"gecko": "gecko"
	},
	"elements": [
		{
			"name": "body",
			"from": [ 5.7, 1.7, 6.9 ], 
			"to": [ 10.6, 3.3, 9.1 ], 
			"rotationOrigin": [ 8.1, 2.4, 8.2 ],
			"faces": {
				"north": { "texture": "#gecko", "uv": [ 0.0, 2.5, 6.5, 6.5 ], "rotation": 180, "autoUv": false },
				"east": { "texture": "#gecko", "uv": [ 0.0, 5.0, 6.0, 8.0 ], "autoUv": false },
				"south": { "texture": "#gecko", "uv": [ 0.0, 4.5, 6.5, 8.0 ], "autoUv": false },
				"west": { "texture": "#gecko", "uv": [ 0.0, 2.0, 2.0, 4.0 ], "rotation": 180, "autoUv": false },
				"up": { "texture": "#gecko", "uv": [ 0.0, 2.5, 6.5, 6.0 ], "autoUv": false },
				"down": { "texture": "#gecko", "uv": [ 0.0, 0.0, 4.0, 2.0 ], "autoUv": false }
			},
			"children": [
				{
					"name": "head",
					"from": [ -2.3, 0.4, -0.3 ], 
					"to": [ 0.4, 2.0, 2.5 ], 
					"rotationOrigin": [ 0.1, 1.1, 1.0 ],
					"faces": {
						"north": { "texture": "#gecko", "uv": [ 0.0, 1.5, 2.5, 3.5 ], "rotation": 180, "autoUv": false },
						"east": { "texture": "#gecko", "uv": [ 0.0, 4.5, 4.0, 7.5 ], "autoUv": false },
						"south": { "texture": "#gecko", "uv": [ 0.0, 1.5, 2.5, 3.5 ], "rotation": 180, "autoUv": false },
						"west": { "texture": "#gecko", "uv": [ 0.0, 1.5, 2.5, 3.5 ], "rotation": 180, "autoUv": false },
						"up": { "texture": "#gecko", "uv": [ 0.0, 2.5, 3.5, 6.0 ], "autoUv": false },
						"down": { "texture": "#gecko", "uv": [ 0.0, 0.0, 2.5, 2.5 ] }
					},
					"children": [
						{
							"name": "right eye",
							"from": [ 0.8, 0.9, -0.2 ], 
							"to": [ 1.8, 2.0, 0.3 ], 
							"rotationOrigin": [ 1.3, 1.2, 0.1 ],
							"faces": {
								"north": { "texture": "#gecko", "uv": [ 6.5, 6.5, 8.0, 8.0 ], "autoUv": false },
								"east": { "texture": "#gecko", "uv": [ 4.5, 4.0, 5.5, 6.0 ], "autoUv": false },
								"south": { "texture": "#gecko", "uv": [ 4.0, 4.0, 6.0, 6.5 ], "autoUv": false },
								"west": { "texture": "#gecko", "uv": [ 2.5, 5.0, 3.5, 7.0 ], "autoUv": false },
								"up": { "texture": "#gecko", "uv": [ 2.0, 6.0, 4.0, 7.0 ], "autoUv": false },
								"down": { "texture": "#gecko", "uv": [ 5.0, 6.0, 6.0, 8.0 ], "autoUv": false }
							}
						},
						{
							"name": "left eye",
							"from": [ 0.8, 0.9, 2.5 ], 
							"to": [ 1.8, 2.0, 3.0 ], 
							"rotationOrigin": [ 1.3, 1.2, 2.8 ],
							"faces": {
								"north": { "texture": "#gecko", "uv": [ 3.5, 5.0, 5.0, 6.5 ], "autoUv": false },
								"east": { "texture": "#gecko", "uv": [ 3.5, 4.5, 4.5, 6.5 ], "autoUv": false },
								"south": { "texture": "#gecko", "uv": [ 6.5, 6.5, 8.0, 8.0 ], "autoUv": false },
								"west": { "texture": "#gecko", "uv": [ 2.0, 5.0, 3.0, 8.0 ], "autoUv": false },
								"up": { "texture": "#gecko", "uv": [ 1.0, 6.0, 4.0, 7.0 ], "autoUv": false },
								"down": { "texture": "#gecko", "uv": [ 3.0, 5.0, 4.0, 7.0 ], "autoUv": false }
							}
						}
					]
				},
				{
					"name": "tailtop",
					"from": [ 4.4, 0.4, 0.5 ], 
					"to": [ 5.7, 1.2, 1.7 ], 
					"rotationOrigin": [ 4.8, 1.1, 1.8 ],
					"faces": {
						"north": { "texture": "#gecko", "uv": [ 0.0, 5.0, 1.0, 6.0 ] },
						"east": { "texture": "#gecko", "uv": [ 2.0, 5.0, 3.0, 6.0 ] },
						"south": { "texture": "#gecko", "uv": [ 3.0, 6.0, 4.0, 7.0 ] },
						"west": { "texture": "#gecko", "uv": [ 0.0, 5.0, 1.0, 6.0 ] },
						"up": { "texture": "#gecko", "uv": [ 2.0, 6.0, 3.0, 7.0 ] },
						"down": { "texture": "#gecko", "uv": [ 4.0, 6.0, 5.0, 7.0 ] }
					},
					"children": [
						{
							"name": "tail bottom",
							"from": [ 1.1, -0.4, -0.3 ], 
							"to": [ 5.1, 1.2, 1.5 ], 
							"rotationOrigin": [ 1.5, 0.3, 1.0 ],
							"faces": {
								"north": { "texture": "#gecko", "uv": [ 4.0, 0.0, 8.0, 2.5 ], "autoUv": false },
								"east": { "texture": "#gecko", "uv": [ 0.0, 0.0, 2.0, 2.0 ], "autoUv": false },
								"south": { "texture": "#gecko", "uv": [ 4.0, 0.0, 8.0, 2.5 ], "rotation": 180, "autoUv": false },
								"west": { "texture": "#gecko", "uv": [ 1.0, 0.5, 2.5, 2.0 ] },
								"up": { "texture": "#gecko", "uv": [ 4.0, 0.0, 8.0, 2.5 ], "autoUv": false },
								"down": { "texture": "#gecko", "uv": [ 4.0, 0.0, 8.0, 2.5 ], "autoUv": false }
							}
						}
					]
				},
				{
					"name": "front left leg",
					"from": [ 0.4, 0.2, 2.0 ], 
					"to": [ 1.7, 0.2, 5.0 ], 
					"rotationOrigin": [ 1.1, 0.2, 2.0 ],
					"rotationX": 22.5,
					"faces": {
						"north": { "texture": "#gecko", "uv": [ 0.0, 0.0, 1.0, 0.5 ], "enabled": false, "windMode": [-1,-1,-1,-1] },
						"east": { "texture": "#gecko", "uv": [ 0.0, 0.0, 3.0, 0.5 ], "enabled": false, "windMode": [-1,-1,-1,-1] },
						"south": { "texture": "#gecko", "uv": [ 0.0, 0.0, 1.0, 0.5 ], "enabled": false, "windMode": [-1,-1,-1,-1] },
						"west": { "texture": "#gecko", "uv": [ 0.0, 0.0, 3.0, 0.5 ], "enabled": false, "windMode": [-1,-1,-1,-1] },
						"up": { "texture": "#gecko", "uv": [ 1.0, 8.5, 2.5, 11.5 ], "autoUv": false },
						"down": { "texture": "#gecko", "uv": [ 0.0, 0.0, 1.0, 3.0 ], "enabled": false, "windMode": [-1,-1,-1,-1] }
					}
				},
				{
					"name": "front right leg",
					"from": [ 0.4, 0.2, -2.8 ], 
					"to": [ 1.7, 0.2, 0.2 ], 
					"rotationOrigin": [ 1.1, 0.2, 0.2 ],
					"rotationX": -22.5,
					"faces": {
						"north": { "texture": "#gecko", "uv": [ 0.0, 0.0, 1.0, 0.5 ], "enabled": false, "windMode": [-1,-1,-1,-1] },
						"east": { "texture": "#gecko", "uv": [ 0.0, 0.0, 3.0, 0.5 ], "enabled": false, "windMode": [-1,-1,-1,-1] },
						"south": { "texture": "#gecko", "uv": [ 0.0, 0.0, 1.0, 0.5 ], "enabled": false, "windMode": [-1,-1,-1,-1] },
						"west": { "texture": "#gecko", "uv": [ 0.0, 0.0, 3.0, 0.5 ], "enabled": false, "windMode": [-1,-1,-1,-1] },
						"up": { "texture": "#gecko", "uv": [ 5.5, 8.5, 7.0, 11.5 ], "rotation": 180, "autoUv": false },
						"down": { "texture": "#gecko", "uv": [ 0.0, 0.0, 1.0, 3.0 ], "enabled": false, "windMode": [-1,-1,-1,-1] }
					}
				},
				{
					"name": "back right leg",
					"from": [ 3.6, 0.2, -2.8 ], 
					"to": [ 4.9, 0.2, 0.2 ], 
					"rotationOrigin": [ 4.3, 0.2, 0.2 ],
					"rotationX": -22.5,
					"faces": {
						"north": { "texture": "#gecko", "uv": [ 0.0, 0.0, 1.0, 0.5 ], "enabled": false, "windMode": [-1,-1,-1,-1] },
						"east": { "texture": "#gecko", "uv": [ 0.0, 0.0, 3.0, 0.5 ], "enabled": false, "windMode": [-1,-1,-1,-1] },
						"south": { "texture": "#gecko", "uv": [ 0.0, 0.0, 1.0, 0.5 ], "enabled": false, "windMode": [-1,-1,-1,-1] },
						"west": { "texture": "#gecko", "uv": [ 0.0, 0.0, 3.0, 0.5 ], "enabled": false, "windMode": [-1,-1,-1,-1] },
						"up": { "texture": "#gecko", "uv": [ 4.0, 8.5, 5.5, 11.5 ], "rotation": 180, "autoUv": false },
						"down": { "texture": "#gecko", "uv": [ 0.0, 0.0, 1.0, 3.0 ], "enabled": false, "windMode": [-1,-1,-1,-1] }
					}
				},
				{
					"name": "back left leg",
					"from": [ 3.6, 0.2, 2.0 ], 
					"to": [ 4.9, 0.2, 5.0 ], 
					"rotationOrigin": [ 4.3, 0.2, 2.0 ],
					"rotationX": 22.5,
					"faces": {
						"north": { "texture": "#gecko", "uv": [ 0.0, 0.0, 1.0, 0.5 ], "enabled": false, "windMode": [-1,-1,-1,-1] },
						"east": { "texture": "#gecko", "uv": [ 0.0, 0.0, 3.0, 0.5 ], "enabled": false, "windMode": [-1,-1,-1,-1] },
						"south": { "texture": "#gecko", "uv": [ 0.0, 0.0, 1.0, 0.5 ], "enabled": false, "windMode": [-1,-1,-1,-1] },
						"west": { "texture": "#gecko", "uv": [ 0.0, 0.0, 3.0, 0.5 ], "enabled": false, "windMode": [-1,-1,-1,-1] },
						"up": { "texture": "#gecko", "uv": [ 2.5, 8.5, 4.0, 11.5 ], "autoUv": false },
						"down": { "texture": "#gecko", "uv": [ 0.0, 0.0, 1.0, 3.0 ], "enabled": false, "windMode": [-1,-1,-1,-1] }
					}
				}
			]
		}
	],
	"animations": [
		{
			"name": "Walk",
			"code": "walk",
			"quantityframes": 10,
			"onActivityStopped": "PlayTillEnd",
			"onAnimationEnd": "Repeat",
			"keyframes": [
				{
					"frame": 0,
					"elements": {
						"body": { "offsetX": 0.0, "offsetY": 0.0, "offsetZ": 0.0, "rotationX": 0.0, "rotationY": 0.0, "rotationZ": 0.0 },
						"head": { "offsetX": 0.0, "offsetY": 0.0, "offsetZ": 0.0, "rotationX": 0.0, "rotationY": 0.0, "rotationZ": 0.0 },
						"right eye": { "offsetX": 0.0, "offsetY": 0.0, "offsetZ": 0.0, "rotationX": 0.0, "rotationY": 0.0, "rotationZ": 0.0 },
						"left eye": { "offsetX": 0.0, "offsetY": 0.0, "offsetZ": 0.0, "rotationX": 0.0, "rotationY": 0.0, "rotationZ": 0.0 },
						"tailtop": { "offsetX": 0.0, "offsetY": 0.0, "offsetZ": 0.0, "rotationX": 0.0, "rotationY": 0.0, "rotationZ": -8.0 },
						"tail bottom": { "offsetX": 0.0, "offsetY": 0.0, "offsetZ": 0.0, "rotationX": 0.0, "rotationY": 0.0, "rotationZ": -6.0 },
						"front left leg": { "offsetX": 0.0, "offsetY": 0.0, "offsetZ": 0.0, "rotationX": 0.0, "rotationY": -45.0, "rotationZ": 0.0 },
						"front right leg": { "offsetX": 0.0, "offsetY": 0.0, "offsetZ": 0.0, "rotationX": 0.0, "rotationY": -22.5, "rotationZ": 0.0 },
						"back right leg": { "offsetX": 0.0, "offsetY": 0.0, "offsetZ": 0.0, "rotationX": 0.0, "rotationY": 22.5, "rotationZ": 0.0 },
						"back left leg": { "offsetX": 0.0, "offsetY": 0.0, "offsetZ": 0.0, "rotationX": 0.0, "rotationY": 45.0, "rotationZ": 0.0 }
					}
				},
				{
					"frame": 5,
					"elements": {
						"body": { "offsetX": 0.0, "offsetY": 0.0, "offsetZ": 0.0, "rotationX": 0.0, "rotationY": 0.0, "rotationZ": 0.0 },
						"front right leg": { "offsetX": 0.0, "offsetY": 0.0, "offsetZ": 0.0, "rotationX": 0.0, "rotationY": 45.0, "rotationZ": 0.0 },
						"head": { "offsetX": -0.1, "offsetY": -0.2, "offsetZ": 0.0, "rotationX": 0.0, "rotationY": 0.0, "rotationZ": 0.0 },
						"right eye": { "offsetX": 0.0, "offsetY": 0.0, "offsetZ": 0.0, "rotationX": 0.0, "rotationY": 0.0, "rotationZ": 0.0 },
						"left eye": { "offsetX": 0.0, "offsetY": 0.0, "offsetZ": 0.0, "rotationX": 0.0, "rotationY": 0.0, "rotationZ": 0.0 },
						"tailtop": { "offsetX": 0.0, "offsetY": 0.0, "offsetZ": 0.0, "rotationX": 0.0, "rotationY": 0.0, "rotationZ": 8.0 },
						"tail bottom": { "offsetX": 0.0, "offsetY": 0.0, "offsetZ": 0.0, "rotationX": 0.0, "rotationY": 0.0, "rotationZ": 6.0 },
						"front left leg": { "offsetX": 0.0, "offsetY": 0.0, "offsetZ": 0.0, "rotationX": 0.0, "rotationY": 22.5, "rotationZ": 0.0 },
						"back right leg": { "offsetX": 0.0, "offsetY": 0.0, "offsetZ": 0.0, "rotationX": 0.0, "rotationY": -45.0, "rotationZ": 0.0 },
						"back left leg": { "offsetX": 0.0, "offsetY": 0.0, "offsetZ": 0.0, "rotationX": 0.0, "rotationY": -22.5, "rotationZ": 0.0 }
					}
				}
			]
		}
	]
}