{
	"editor": {
		"allAngles": true,
		"entityTextureMode": false
	},
	"textureWidth": 8,
	"textureHeight": 8,
	"textureSizes": {
	},
	"textures": {
		"glowworm": "glowworm"
	},
	"elements": [
		{
			"name": "origin",
			"from": [ 8.0, 0.0, 8.0 ], 
			"to": [ 8.0, 0.0, 8.0 ], 
			"rotationOrigin": [ 8.0, 0.0, 8.0 ],
			"faces": {
				"north": { "texture": "#glowworm", "uv": [ 0.0, 0.0, 0.5, 0.5 ], "enabled": false },
				"east": { "texture": "#null", "uv": [ 0.0, 0.0, 0.5, 0.5 ], "enabled": false, "windMode": [-1,-1,-1,-1] },
				"south": { "texture": "#null", "uv": [ 0.0, 0.0, 0.5, 0.5 ], "enabled": false, "windMode": [-1,-1,-1,-1] },
				"west": { "texture": "#null", "uv": [ 0.0, 0.0, 0.5, 0.5 ], "enabled": false, "windMode": [-1,-1,-1,-1] },
				"up": { "texture": "#null", "uv": [ 0.0, 0.0, 0.5, 0.5 ], "enabled": false, "windMode": [-1,-1,-1,-1] },
				"down": { "texture": "#null", "uv": [ 0.0, 0.0, 0.5, 0.5 ], "enabled": false, "windMode": [-1,-1,-1,-1] }
			},
			"children": [
				{
					"name": "grub1",
					"from": [ -1.0, 0.0, -0.5 ], 
					"to": [ 0.5, 1.0, 0.5 ], 
					"faces": {
						"north": { "texture": "#glowworm", "uv": [ 2.5, 2.0, 3.5, 3.5 ], "rotation": 90, "windMode": [-1,-1,-1,-1] },
						"east": { "texture": "#glowworm", "uv": [ 1.5, 6.5, 2.5, 7.5 ], "windMode": [-1,-1,-1,-1] },
						"south": { "texture": "#glowworm", "uv": [ 3.0, 2.0, 4.0, 3.5 ], "rotation": 270, "windMode": [-1,-1,-1,-1] },
						"west": { "texture": "#glowworm", "uv": [ 0.5, 3.5, 1.5, 4.5 ], "windMode": [-1,-1,-1,-1] },
						"up": { "texture": "#glowworm", "uv": [ 1.5, 2.0, 2.5, 3.5 ], "rotation": 270, "windMode": [-1,-1,-1,-1] },
						"down": { "texture": "#glowworm", "uv": [ 2.0, 2.0, 3.0, 3.5 ], "rotation": 90, "windMode": [-1,-1,-1,-1] }
					},
					"children": [
						{
							"name": "grub1tail",
							"from": [ 1.2, 0.1, 0.1 ], 
							"to": [ 2.7, 0.9, 0.9 ], 
							"rotationOrigin": [ 1.3, 0.5, 0.5 ],
							"faces": {
								"north": { "texture": "#glowworm", "uv": [ 2.5, 6.0, 3.0, 7.5 ], "rotation": 90, "glow": 100, "windMode": [-1,-1,-1,-1] },
								"east": { "texture": "#glowworm", "uv": [ 0.5, 3.0, 1.0, 3.5 ], "glow": 100, "windMode": [-1,-1,-1,-1] },
								"south": { "texture": "#glowworm", "uv": [ 2.5, 5.5, 3.0, 7.0 ], "rotation": 90, "glow": 100, "windMode": [-1,-1,-1,-1] },
								"west": { "texture": "#glowworm", "uv": [ 0.0, 0.0, 0.5, 0.5 ], "glow": 100, "enabled": false, "windMode": [-1,-1,-1,-1] },
								"up": { "texture": "#glowworm", "uv": [ 0.5, 3.0, 1.0, 4.5 ], "rotation": 90, "glow": 100, "windMode": [-1,-1,-1,-1] },
								"down": { "texture": "#glowworm", "uv": [ 1.5, 3.0, 2.0, 4.5 ], "rotation": 90, "glow": 100, "windMode": [-1,-1,-1,-1] }
							}
						},
						{
							"name": "grub1head",
							"from": [ -0.5, 0.1, 0.1 ], 
							"to": [ 0.3, 0.9, 0.9 ], 
							"rotationOrigin": [ 0.2, 0.4, 0.5 ],
							"faces": {
								"north": { "texture": "#glowworm", "uv": [ 0.0, 0.0, 0.5, 0.5 ], "windMode": [-1,-1,-1,-1] },
								"east": { "texture": "#glowworm", "uv": [ 0.5, 0.0, 1.0, 0.5 ], "enabled": false, "windMode": [-1,-1,-1,-1] },
								"south": { "texture": "#glowworm", "uv": [ 3.0, 0.5, 3.5, 1.0 ], "windMode": [-1,-1,-1,-1] },
								"west": { "texture": "#glowworm", "uv": [ 2.5, 0.5, 3.0, 1.0 ], "windMode": [-1,-1,-1,-1] },
								"up": { "texture": "#glowworm", "uv": [ 1.5, 0.5, 2.0, 1.0 ], "windMode": [-1,-1,-1,-1] },
								"down": { "texture": "#glowworm", "uv": [ 0.5, 0.5, 1.0, 1.0 ], "windMode": [-1,-1,-1,-1] }
							}
						}
					]
				}
			]
		}
	],
	"animations": [
		{
			"name": "idle",
			"code": "idle",
			"quantityframes": 30,
			"onActivityStopped": "PlayTillEnd",
			"onAnimationEnd": "Repeat",
			"keyframes": [
				{
					"frame": 0,
					"elements": {
						"origin": {  },
						"grub1": { "offsetX": 0.0, "offsetY": 0.0, "offsetZ": 0.0, "rotationX": -1.0, "rotationY": 0.0, "rotationZ": 0.0 },
						"grub1head": { "offsetX": 0.0, "offsetY": 0.0, "offsetZ": 0.0, "rotationX": 0.0, "rotationY": 0.0, "rotationZ": 0.0 },
						"grub1tail": { "offsetX": 0.0, "offsetY": 0.0, "offsetZ": 0.0, "rotationX": 0.0, "rotationY": 0.0, "rotationZ": 0.0 }
					}
				},
				{
					"frame": 15,
					"elements": {
						"origin": {  },
						"grub1": { "offsetX": 0.0, "offsetY": 0.0, "offsetZ": 0.0, "rotationX": 1.0, "rotationY": 0.0, "rotationZ": 1.0 },
						"grub1head": { "offsetX": 0.0, "offsetY": 0.0, "offsetZ": 0.0, "rotationX": 0.0, "rotationY": 0.0, "rotationZ": 3.0 },
						"grub1tail": { "offsetX": 0.0, "offsetY": 0.0, "offsetZ": 0.0, "rotationX": -3.0, "rotationY": 0.0, "rotationZ": -3.0 }
					}
				}
			]
		},

		{
			"name": "walk",
			"code": "walk",
			"quantityframes": 30,
			"onActivityStopped": "EaseOut",
			"onAnimationEnd": "Repeat",
			"keyframes": [
				{
					"frame": 0,
					"elements": {
						"origin": {  },
						"grub1": { "offsetX": 0.0, "offsetY": 0.0, "offsetZ": 0.0, "rotationX": 2.0, "rotationY": 0.0, "rotationZ": 0.0 },
						"grub1tail": { "offsetX": 0.0, "offsetY": 0.0, "offsetZ": 0.0, "rotationX": 0.0, "rotationY": 0.0, "rotationZ": -3.0 },
						"grub1head": { "offsetX": 0.0, "offsetY": 0.0, "offsetZ": 0.0, "rotationX": 0.0, "rotationY": 0.0, "rotationZ": 5.0 }
					}
				},
				{
					"frame": 10,
					"elements": {
						"origin": {  },
						"grub1": { "offsetX": 0.2, "offsetY": 0.3, "offsetZ": 0.0, "rotationX": 0.0, "rotationY": 0.0, "rotationZ": 20.0 },
						"grub1head": { "offsetX": 0.0, "offsetY": 0.0, "offsetZ": 0.0, "rotationX": 0.0, "rotationY": 0.0, "rotationZ": -8.0 },
						"grub1tail": { "offsetX": 0.0, "offsetY": 0.0, "offsetZ": 0.0, "rotationX": 0.0, "rotationY": 0.0, "rotationZ": -45.0 }
					}
				},
				{
					"frame": 15,
					"elements": {
						"origin": {  },
						"grub1": { "offsetX": 0.0, "offsetY": 0.4, "offsetZ": 0.0, "rotationX": 0.0, "rotationY": 0.0, "rotationZ": 4.0 },
						"grub1tail": { "rotationX": 0.0, "rotationY": 0.0, "rotationZ": -30.0 },
						"grub1head": { "rotationX": 0.0, "rotationY": 0.0, "rotationZ": 5.0 }
					}
				},
				{
					"frame": 20,
					"elements": {
						"origin": {  },
						"grub1": { "offsetX": -0.1, "offsetY": 0.0, "offsetZ": 0.0, "rotationX": -3.0, "rotationY": 0.0, "rotationZ": 5.0 },
						"grub1tail": { "rotationX": 0.0, "rotationY": 0.0, "rotationZ": -13.0 },
						"grub1head": { "rotationX": 0.0, "rotationY": 0.0, "rotationZ": 0.0 }
					}
				}
			]
		},

		{
			"name": "die",
			"code": "die",
			"quantityframes": 5,
			"onActivityStopped": "PlayTillEnd",
			"onAnimationEnd": "Hold",
			"keyframes": [
				{
					"frame": 0,
					"elements": {
						"origin": {  },
						"grub1": { "offsetX": 0.0, "offsetY": 0.0, "offsetZ": 0.0, "rotationX": 0.0, "rotationY": 0.0, "rotationZ": 0.0 },
						"grub1tail": { "offsetX": 0.0, "offsetY": 0.0, "offsetZ": 0.0, "rotationX": 0.0, "rotationY": 0.0, "rotationZ": 0.0 },
						"grub1head": { "offsetX": 0.0, "offsetY": 0.0, "offsetZ": 0.0, "rotationX": 0.0, "rotationY": 0.0, "rotationZ": 0.0 }
					}
				},
				{
					"frame": 4,
					"elements": {
						"origin": {  },
						"grub1": { "offsetX": 0.0, "offsetY": 0.0, "offsetZ": 0.0, "rotationX": 33.0, "rotationY": 0.0, "rotationZ": 0.0 },
						"grub1tail": { "offsetX": 0.0, "offsetY": 0.0, "offsetZ": 0.0, "rotationX": -36.0, "rotationY": 25.0, "rotationZ": 0.0 },
						"grub1head": { "offsetX": 0.0, "offsetY": 0.0, "offsetZ": 0.0, "rotationX": 0.0, "rotationY": 0.0, "rotationZ": 19.0 }
					}
				}
			]
		}
	]
}