{
	"editor": {
		"allAngles": true,
		"entityTextureMode": false
	},
	"textureWidth": 16,
	"textureHeight": 16,
	"textureSizes": {
	},
	"textures": {
		"komododragon": "komododragon"
	},
	"elements": [
		{
			"name": "body front end",
			"from": [ 3.5, 2.0, 6.2 ], 
			"to": [ 8.0, 5.4, 9.8 ], 
			"rotationOrigin": [ 8.1, 4.0, 7.9 ],
			"faces": {
				"north": { "texture": "#komododragon", "uv": [ 8.5, 2.25, 11.75, 3.75 ], "autoUv": false },
				"east": { "texture": "#komododragon", "uv": [ 6.25, 0.625, 7.75, 2.75 ], "autoUv": false },
				"south": { "texture": "#komododragon", "uv": [ 9.625, 2.25, 11.75, 3.75 ], "autoUv": false },
				"west": { "texture": "#komododragon", "uv": [ 0.875, 0.75, 2.5, 2.375 ], "autoUv": false },
				"up": { "texture": "#komododragon", "uv": [ 0.75, 1.25, 2.5, 2.875 ], "autoUv": false },
				"down": { "texture": "#komododragon", "uv": [ 12.5, 13.0, 14.0, 14.25 ], "autoUv": false }
			},
			"children": [
				{
					"name": "neck",
					"from": [ -3.0, 0.8, 0.3 ], 
					"to": [ 0.7, 3.5, 3.3 ], 
					"rotationOrigin": [ 1.0, 2.0, 1.8 ],
					"rotationZ": 9.0,
					"faces": {
						"north": { "texture": "#komododragon", "uv": [ 9.0, 14.375, 10.375, 15.875 ], "autoUv": false },
						"east": { "texture": "#komododragon", "uv": [ 6.25, 0.75, 7.5, 1.875 ], "autoUv": false },
						"south": { "texture": "#komododragon", "uv": [ 6.25, 0.0, 7.625, 1.125 ], "autoUv": false },
						"west": { "texture": "#komododragon", "uv": [ 6.9, 10.0, 8.1, 11.1 ], "autoUv": false },
						"up": { "texture": "#komododragon", "uv": [ 6.25, 1.75, 7.5, 2.875 ], "autoUv": false },
						"down": { "texture": "#komododragon", "uv": [ 12.25, 0.25, 13.75, 1.875 ], "autoUv": false }
					},
					"children": [
						{
							"name": "top jaw",
							"from": [ -2.8, 1.3, 0.7 ], 
							"to": [ 0.8, 2.6, 2.3 ], 
							"rotationOrigin": [ 1.2, 1.7, 1.7 ],
							"faces": {
								"north": { "texture": "#komododragon", "uv": [ 6.0, 12.75, 7.25, 13.25 ], "autoUv": false },
								"east": { "texture": "#komododragon", "uv": [ 1.125, 0.75, 2.625, 2.0 ] },
								"south": { "texture": "#komododragon", "uv": [ 8.5, 12.75, 9.75, 13.25 ], "autoUv": false },
								"west": { "texture": "#komododragon", "uv": [ 6.625, 1.0, 7.375, 1.625 ], "autoUv": false },
								"up": { "texture": "#komododragon", "uv": [ 7.5, 11.25, 8.25, 12.875 ], "rotation": 90, "autoUv": false },
								"down": { "texture": "#komododragon", "uv": [ 8.25, 11.25, 9.0, 12.75 ], "rotation": 90, "autoUv": false }
							},
							"children": [
								{
									"name": "right eyelid",
									"from": [ 1.7, -0.1, 0.01 ], 
									"to": [ 2.7, 1.1, 0.41 ], 
									"rotationOrigin": [ 2.2, 0.4, 0.5 ],
									"faces": {
										"north": { "texture": "#komododragon", "uv": [ 1.375, 1.375, 1.75, 1.75 ], "autoUv": false },
										"east": { "texture": "#komododragon", "uv": [ 1.25, 1.0, 1.625, 2.125 ] },
										"south": { "texture": "#komododragon", "uv": [ 1.25, 1.0, 2.25, 2.125 ] },
										"west": { "texture": "#komododragon", "uv": [ 1.125, 1.125, 1.5, 1.5 ], "autoUv": false },
										"up": { "texture": "#komododragon", "uv": [ 1.25, 0.75, 2.25, 1.125 ] },
										"down": { "texture": "#komododragon", "uv": [ 1.25, 1.125, 2.25, 1.5 ] }
									}
								},
								{
									"name": "left eyelid",
									"from": [ 1.7, -0.1, 1.199 ], 
									"to": [ 2.7, 1.1, 1.599 ], 
									"rotationOrigin": [ 2.2, 0.4, 1.2 ],
									"faces": {
										"north": { "texture": "#komododragon", "uv": [ 1.0, 1.125, 1.5, 1.625 ], "autoUv": false },
										"east": { "texture": "#komododragon", "uv": [ 1.25, 1.0, 1.625, 2.125 ] },
										"south": { "texture": "#komododragon", "uv": [ 1.25, 1.0, 1.625, 1.5 ], "autoUv": false },
										"west": { "texture": "#komododragon", "uv": [ 1.125, 1.125, 1.5, 2.25 ] },
										"up": { "texture": "#komododragon", "uv": [ 1.25, 0.75, 2.25, 1.125 ] },
										"down": { "texture": "#komododragon", "uv": [ 1.25, 1.125, 2.25, 1.5 ] }
									}
								}
							]
						},
						{
							"name": "bottom jaw",
							"from": [ -2.8, 0.23, 0.75 ], 
							"to": [ 0.7, 1.23, 2.25 ], 
							"rotationOrigin": [ 0.7, 0.6, 1.4 ],
							"rotationZ": -3.0,
							"faces": {
								"north": { "texture": "#komododragon", "uv": [ 10.875, 14.625, 12.0, 15.125 ], "autoUv": false },
								"east": { "texture": "#komododragon", "uv": [ 1.75, 1.25, 3.25, 2.25 ], "enabled": false },
								"south": { "texture": "#komododragon", "uv": [ 9.625, 2.75, 10.625, 3.125 ], "autoUv": false },
								"west": { "texture": "#komododragon", "uv": [ 11.125, 2.75, 11.75, 3.125 ], "autoUv": false },
								"up": { "texture": "#komododragon", "uv": [ 8.25, 11.25, 9.0, 12.75 ], "rotation": 270, "autoUv": false },
								"down": { "texture": "#komododragon", "uv": [ 12.5, 1.375, 13.75, 2.0 ], "autoUv": false }
							},
							"children": [
								{
									"name": "tongue",
									"from": [ 0.2, 1.05, 0.25 ], 
									"to": [ 2.7, 1.05, 1.25 ], 
									"rotationOrigin": [ 2.7, 1.0, 0.7 ],
									"faces": {
										"north": { "texture": "#komododragon", "uv": [ 0.0, 0.0, 2.5, 0.125 ], "enabled": false },
										"east": { "texture": "#komododragon", "uv": [ 0.0, 0.0, 1.0, 0.12 ], "enabled": false, "autoUv": false, "windMode": [-1,-1,-1,-1] },
										"south": { "texture": "#komododragon", "uv": [ 0.0, 0.0, 2.5, 0.12 ], "enabled": false, "autoUv": false, "windMode": [-1,-1,-1,-1] },
										"west": { "texture": "#komododragon", "uv": [ 0.0, 0.0, 1.0, 0.12 ], "enabled": false, "autoUv": false, "windMode": [-1,-1,-1,-1] },
										"up": { "texture": "#komododragon", "uv": [ 13.25, 11.0, 14.0, 12.25 ], "rotation": 90, "autoUv": false },
										"down": { "texture": "#komododragon", "uv": [ 0.0, 0.0, 2.5, 1.0 ], "enabled": false, "windMode": [-1,-1,-1,-1] }
									}
								}
							]
						}
					]
				},
				{
					"name": "front right leg top",
					"from": [ 0.5, -0.2, -1.5 ], 
					"to": [ 2.0, 1.3, 0.5 ], 
					"rotationOrigin": [ 1.2, 0.5, 0.5 ],
					"rotationX": -22.5,
					"faces": {
						"north": { "texture": "#komododragon", "uv": [ 0.875, 1.0, 1.5, 1.75 ], "autoUv": false },
						"east": { "texture": "#komododragon", "uv": [ 0.875, 0.75, 1.5, 1.125 ], "autoUv": false },
						"south": { "texture": "#komododragon", "uv": [ 1.25, 1.0, 1.875, 1.25 ], "autoUv": false },
						"west": { "texture": "#komododragon", "uv": [ 1.0, 0.75, 1.5, 1.125 ], "autoUv": false },
						"up": { "texture": "#komododragon", "uv": [ 1.0, 0.5, 1.625, 1.375 ], "autoUv": false },
						"down": { "texture": "#komododragon", "uv": [ 1.25, 0.75, 1.875, 1.25 ], "autoUv": false }
					},
					"children": [
						{
							"name": "front right leg bottom",
							"from": [ -0.05, 0.54, 0.67 ], 
							"to": [ 1.55, 2.04, 3.17 ], 
							"rotationOrigin": [ 0.4, 1.2393, 0.6749 ],
							"rotationX": 112.5,
							"faces": {
								"north": { "texture": "#komododragon", "uv": [ 0.875, 0.75, 1.5, 1.5 ], "autoUv": false },
								"east": { "texture": "#komododragon", "uv": [ 1.625, 0.875, 2.25, 1.5 ], "autoUv": false },
								"south": { "texture": "#komododragon", "uv": [ 0.875, 0.625, 1.625, 1.5 ], "autoUv": false },
								"west": { "texture": "#komododragon", "uv": [ 11.0, 1.25, 11.75, 2.0 ], "autoUv": false },
								"up": { "texture": "#komododragon", "uv": [ 6.5, 1.75, 7.375, 2.625 ], "autoUv": false },
								"down": { "texture": "#komododragon", "uv": [ 1.125, 0.0, 1.875, 0.875 ], "autoUv": false }
							},
							"children": [
								{
									"name": "front right foot",
									"from": [ -1.4, -0.01, 1.6 ], 
									"to": [ 1.1, 1.489, 2.3 ], 
									"rotationOrigin": [ 0.6, 0.8, 1.6 ],
									"rotationY": 7.0,
									"faces": {
										"north": { "texture": "#komododragon", "uv": [ 1.75, 1.25, 2.625, 1.875 ], "autoUv": false },
										"east": { "texture": "#komododragon", "uv": [ 1.5, 0.625, 1.875, 1.5 ], "autoUv": false },
										"south": { "texture": "#komododragon", "uv": [ 1.125, 0.625, 1.875, 1.25 ], "autoUv": false },
										"west": { "texture": "#komododragon", "uv": [ 1.125, 0.75, 1.375, 1.25 ], "autoUv": false },
										"up": { "texture": "#komododragon", "uv": [ 1.0, 1.125, 2.0, 1.625 ], "autoUv": false },
										"down": { "texture": "#komododragon", "uv": [ 1.375, 1.0, 2.375, 1.25 ], "autoUv": false }
									}
								}
							]
						}
					]
				},
				{
					"name": "front left leg top",
					"from": [ 0.5, -0.2, 3.1 ], 
					"to": [ 2.0, 1.3, 5.1 ], 
					"rotationOrigin": [ 1.2, 0.5, 3.1 ],
					"rotationX": 22.5,
					"faces": {
						"north": { "texture": "#komododragon", "uv": [ 1.0, 0.75, 1.75, 1.5 ], "autoUv": false },
						"east": { "texture": "#komododragon", "uv": [ 6.5, 1.5, 7.125, 2.25 ], "autoUv": false },
						"south": { "texture": "#komododragon", "uv": [ 1.125, 1.0, 1.875, 1.875 ], "autoUv": false },
						"west": { "texture": "#komododragon", "uv": [ 1.125, 1.0, 1.875, 1.75 ], "autoUv": false },
						"up": { "texture": "#komododragon", "uv": [ 6.25, 1.625, 7.0, 2.375 ], "autoUv": false },
						"down": { "texture": "#komododragon", "uv": [ 1.25, 1.0, 1.875, 1.75 ], "autoUv": false }
					},
					"children": [
						{
							"name": "front left leg bottom",
							"from": [ -0.05, 0.5, 1.3 ], 
							"to": [ 1.55, 2.0, 3.8 ], 
							"rotationOrigin": [ 0.4, 1.2, 1.3 ],
							"rotationX": 67.5,
							"faces": {
								"north": { "texture": "#komododragon", "uv": [ 0.875, 0.75, 1.5, 1.5 ], "autoUv": false },
								"east": { "texture": "#komododragon", "uv": [ 1.625, 0.875, 2.25, 1.5 ], "autoUv": false },
								"south": { "texture": "#komododragon", "uv": [ 0.875, 0.625, 1.625, 1.5 ], "autoUv": false },
								"west": { "texture": "#komododragon", "uv": [ 11.0, 1.25, 11.75, 2.0 ], "autoUv": false },
								"up": { "texture": "#komododragon", "uv": [ 6.5, 1.75, 7.375, 2.625 ], "autoUv": false },
								"down": { "texture": "#komododragon", "uv": [ 1.125, 0.0, 1.875, 0.875 ], "autoUv": false }
							},
							"children": [
								{
									"name": "front left foot",
									"from": [ -1.4, -0.01, 1.6 ], 
									"to": [ 1.1, 1.489, 2.3 ], 
									"rotationOrigin": [ 0.6, 0.8, 1.6 ],
									"rotationY": 7.0,
									"faces": {
										"north": { "texture": "#komododragon", "uv": [ 1.75, 1.25, 2.5, 1.875 ], "autoUv": false },
										"east": { "texture": "#komododragon", "uv": [ 1.5, 0.625, 2.125, 1.5 ], "autoUv": false },
										"south": { "texture": "#komododragon", "uv": [ 1.25, 0.625, 2.0, 1.25 ], "autoUv": false },
										"west": { "texture": "#komododragon", "uv": [ 1.125, 0.75, 1.375, 1.25 ], "autoUv": false },
										"up": { "texture": "#komododragon", "uv": [ 1.0, 1.125, 2.25, 1.625 ], "autoUv": false },
										"down": { "texture": "#komododragon", "uv": [ 1.375, 1.375, 2.125, 1.875 ], "autoUv": false }
									}
								}
							]
						}
					]
				},
				{
					"name": "body backend",
					"from": [ 4.5, -0.2, 0.0 ], 
					"to": [ 9.0, 3.5, 3.6 ], 
					"rotationOrigin": [ 4.5, 1.6, 1.8 ],
					"faces": {
						"north": { "texture": "#komododragon", "uv": [ 8.5, 2.25, 9.875, 3.625 ], "autoUv": false },
						"east": { "texture": "#komododragon", "uv": [ 10.75, 2.0, 12.25, 3.625 ], "autoUv": false },
						"south": { "texture": "#komododragon", "uv": [ 10.125, 2.25, 11.5, 3.75 ], "autoUv": false },
						"west": { "texture": "#komododragon", "uv": [ 0.875, 1.125, 2.375, 2.625 ], "autoUv": false },
						"up": { "texture": "#komododragon", "uv": [ 0.75, 0.75, 2.25, 2.5 ], "autoUv": false },
						"down": { "texture": "#komododragon", "uv": [ 12.5, 12.75, 13.875, 14.25 ], "autoUv": false }
					},
					"children": [
						{
							"name": "tail base",
							"from": [ 4.1, 0.8, 0.55 ], 
							"to": [ 7.8, 3.5, 3.05 ], 
							"rotationOrigin": [ 4.1, 2.0, 1.8 ],
							"rotationZ": -12.0,
							"faces": {
								"north": { "texture": "#komododragon", "uv": [ 9.125, 2.25, 10.625, 3.75 ], "autoUv": false },
								"east": { "texture": "#komododragon", "uv": [ 6.25, 1.375, 7.75, 2.875 ], "autoUv": false },
								"south": { "texture": "#komododragon", "uv": [ 8.5, 2.25, 10.0, 3.75 ], "autoUv": false },
								"west": { "texture": "#komododragon", "uv": [ 0.0, 0.0, 2.5, 2.62 ], "enabled": false, "autoUv": false, "windMode": [-1,-1,-1,-1] },
								"up": { "texture": "#komododragon", "uv": [ 6.25, 1.625, 7.625, 2.875 ], "autoUv": false },
								"down": { "texture": "#komododragon", "uv": [ 12.25, 0.0, 13.75, 1.5 ], "autoUv": false }
							},
							"children": [
								{
									"name": "tail middle 1",
									"from": [ 3.0, 0.2, 0.25 ], 
									"to": [ 6.7, 2.5, 2.25 ], 
									"rotationOrigin": [ 3.0, 1.4, 1.25 ],
									"rotationZ": -5.0,
									"faces": {
										"north": { "texture": "#komododragon", "uv": [ 10.0, 2.375, 11.625, 3.75 ], "autoUv": false },
										"east": { "texture": "#komododragon", "uv": [ 6.25, 1.625, 7.25, 2.5 ], "autoUv": false },
										"south": { "texture": "#komododragon", "uv": [ 8.875, 2.25, 10.25, 3.75 ], "autoUv": false },
										"west": { "texture": "#komododragon", "uv": [ 0.875, 0.5, 2.5, 2.0 ], "enabled": false, "autoUv": false },
										"up": { "texture": "#komododragon", "uv": [ 10.75, 0.25, 12.25, 1.25 ], "autoUv": false },
										"down": { "texture": "#komododragon", "uv": [ 12.25, 0.5, 13.75, 1.25 ], "autoUv": false }
									},
									"children": [
										{
											"name": "tail middle 2",
											"from": [ 3.0, 0.2, 0.2 ], 
											"to": [ 6.7, 2.1, 1.8 ], 
											"rotationOrigin": [ 3.0, 1.4, 1.2 ],
											"rotationZ": -1.0,
											"faces": {
												"north": { "texture": "#komododragon", "uv": [ 8.625, 2.5, 10.0, 3.625 ], "autoUv": false },
												"east": { "texture": "#komododragon", "uv": [ 6.25, 0.25, 7.625, 1.0 ], "autoUv": false },
												"south": { "texture": "#komododragon", "uv": [ 8.625, 2.625, 10.25, 3.5 ], "autoUv": false },
												"west": { "texture": "#komododragon", "uv": [ 2.75, 2.375, 4.25, 4.25 ], "enabled": false },
												"up": { "texture": "#komododragon", "uv": [ 0.875, 0.25, 2.75, 0.875 ], "autoUv": false },
												"down": { "texture": "#komododragon", "uv": [ 12.5, 13.0, 14.0, 13.625 ], "autoUv": false }
											},
											"children": [
												{
													"name": "tail end",
													"from": [ 3.0, 0.1, 0.4 ], 
													"to": [ 6.7, 1.4, 1.2 ], 
													"rotationOrigin": [ 3.0, 0.8, 0.8 ],
													"rotationZ": 14.0,
													"faces": {
														"north": { "texture": "#komododragon", "uv": [ 10.75, 2.875, 12.12, 3.5 ], "autoUv": false, "windMode": [-1,-1,-1,-1] },
														"east": { "texture": "#komododragon", "uv": [ 11.25, 13.375, 11.625, 14.125 ], "autoUv": false },
														"south": { "texture": "#komododragon", "uv": [ 10.875, 2.75, 12.125, 3.5 ], "autoUv": false },
														"west": { "texture": "#komododragon", "uv": [ 0.0, 0.0, 0.5, 1.0 ], "enabled": false, "autoUv": false, "windMode": [-1,-1,-1,-1] },
														"up": { "texture": "#komododragon", "uv": [ 10.625, 14.625, 12.5, 15.125 ], "autoUv": false },
														"down": { "texture": "#komododragon", "uv": [ 3.5, 10.5, 4.875, 11.25 ], "autoUv": false }
													}
												}
											]
										}
									]
								}
							]
						},
						{
							"name": "back right leg top",
							"from": [ 2.5, 0.0, -1.5 ], 
							"to": [ 4.0, 1.5, 0.5 ], 
							"rotationOrigin": [ 3.2, 0.7, 0.5 ],
							"rotationX": -22.5,
							"faces": {
								"north": { "texture": "#komododragon", "uv": [ 0.75, 1.0, 1.25, 1.5 ], "autoUv": false },
								"east": { "texture": "#komododragon", "uv": [ 1.125, 0.875, 1.625, 1.375 ], "autoUv": false },
								"south": { "texture": "#komododragon", "uv": [ 1.0, 1.0, 1.625, 1.625 ], "autoUv": false },
								"west": { "texture": "#komododragon", "uv": [ 0.875, 1.0, 1.625, 1.625 ], "autoUv": false },
								"up": { "texture": "#komododragon", "uv": [ 1.375, 1.125, 2.125, 1.75 ], "autoUv": false },
								"down": { "texture": "#komododragon", "uv": [ 1.125, 1.0, 1.75, 1.625 ], "autoUv": false }
							},
							"children": [
								{
									"name": "back right leg bottom",
									"from": [ -0.05, 0.54, 0.67 ], 
									"to": [ 1.55, 2.04, 3.17 ], 
									"rotationOrigin": [ 0.4, 1.2393, 0.6749 ],
									"rotationX": 112.5,
									"faces": {
										"north": { "texture": "#komododragon", "uv": [ 0.875, 0.75, 1.5, 1.5 ], "autoUv": false },
										"east": { "texture": "#komododragon", "uv": [ 1.625, 0.875, 2.25, 1.5 ], "autoUv": false },
										"south": { "texture": "#komododragon", "uv": [ 0.875, 0.625, 1.625, 1.5 ], "autoUv": false },
										"west": { "texture": "#komododragon", "uv": [ 11.0, 1.25, 11.75, 2.0 ], "autoUv": false },
										"up": { "texture": "#komododragon", "uv": [ 6.5, 1.75, 7.375, 2.625 ], "autoUv": false },
										"down": { "texture": "#komododragon", "uv": [ 1.125, 0.0, 1.875, 0.875 ], "autoUv": false }
									},
									"children": [
										{
											"name": "back right foot",
											"from": [ -1.4, -0.01, 1.6 ], 
											"to": [ 1.1, 1.489, 2.3 ], 
											"rotationOrigin": [ 0.6, 0.8, 1.6 ],
											"rotationY": 7.0,
											"faces": {
												"north": { "texture": "#komododragon", "uv": [ 1.75, 1.25, 2.625, 1.875 ], "autoUv": false },
												"east": { "texture": "#komododragon", "uv": [ 1.5, 0.625, 1.875, 1.5 ], "autoUv": false },
												"south": { "texture": "#komododragon", "uv": [ 1.125, 0.625, 1.875, 1.25 ], "autoUv": false },
												"west": { "texture": "#komododragon", "uv": [ 1.125, 0.75, 1.375, 1.25 ], "autoUv": false },
												"up": { "texture": "#komododragon", "uv": [ 1.0, 1.125, 2.0, 1.625 ], "autoUv": false },
												"down": { "texture": "#komododragon", "uv": [ 1.375, 1.0, 2.375, 1.25 ], "autoUv": false }
											}
										}
									]
								}
							]
						},
						{
							"name": "back left leg top",
							"from": [ 2.5, 0.0, 3.1 ], 
							"to": [ 4.0, 1.5, 5.1 ], 
							"rotationOrigin": [ 3.2, 0.7, 3.1 ],
							"rotationX": 22.5,
							"faces": {
								"north": { "texture": "#komododragon", "uv": [ 0.75, 1.0, 1.25, 1.625 ], "autoUv": false },
								"east": { "texture": "#komododragon", "uv": [ 0.875, 0.75, 1.5, 1.375 ], "autoUv": false },
								"south": { "texture": "#komododragon", "uv": [ 1.0, 0.625, 1.625, 1.25 ], "autoUv": false },
								"west": { "texture": "#komododragon", "uv": [ 0.875, 1.125, 1.5, 1.75 ], "autoUv": false },
								"up": { "texture": "#komododragon", "uv": [ 0.875, 0.625, 1.5, 1.375 ], "autoUv": false },
								"down": { "texture": "#komododragon", "uv": [ 1.125, 0.625, 1.75, 1.25 ], "autoUv": false }
							},
							"children": [
								{
									"name": "back left leg bottom",
									"from": [ -0.05, 0.5, 1.3 ], 
									"to": [ 1.55, 2.0, 3.8 ], 
									"rotationOrigin": [ 0.8, 1.2, 1.3 ],
									"rotationX": 67.5,
									"faces": {
										"north": { "texture": "#komododragon", "uv": [ 1.25, 1.0, 2.0, 1.75 ], "autoUv": false },
										"east": { "texture": "#komododragon", "uv": [ 1.5, 0.625, 2.125, 1.25 ], "autoUv": false },
										"south": { "texture": "#komododragon", "uv": [ 1.375, 0.875, 2.0, 1.5 ], "autoUv": false },
										"west": { "texture": "#komododragon", "uv": [ 1.125, 0.875, 2.0, 1.375 ], "autoUv": false },
										"up": { "texture": "#komododragon", "uv": [ 1.0, 0.0, 1.625, 0.875 ], "autoUv": false },
										"down": { "texture": "#komododragon", "uv": [ 1.25, 0.5, 1.75, 1.25 ], "autoUv": false }
									},
									"children": [
										{
											"name": "back left foot",
											"from": [ -1.4, -0.02, 1.6 ], 
											"to": [ 1.1, 1.479, 2.3 ], 
											"rotationOrigin": [ 0.6, 0.8, 1.6 ],
											"rotationY": 7.0,
											"faces": {
												"north": { "texture": "#komododragon", "uv": [ 1.375, 1.0, 2.25, 1.5 ], "autoUv": false },
												"east": { "texture": "#komododragon", "uv": [ 1.5, 0.875, 2.125, 1.25 ], "autoUv": false },
												"south": { "texture": "#komododragon", "uv": [ 1.5, 0.5, 2.125, 1.0 ], "autoUv": false },
												"west": { "texture": "#komododragon", "uv": [ 1.25, 1.125, 1.5, 1.875 ], "autoUv": false },
												"up": { "texture": "#komododragon", "uv": [ 1.125, 0.625, 2.0, 0.875 ], "autoUv": false },
												"down": { "texture": "#komododragon", "uv": [ 1.125, 1.125, 2.0, 1.375 ], "autoUv": false }
											}
										}
									]
								}
							]
						}
					]
				}
			]
		}
	],
	"animations": [
		{
			"name": "Taste",
			"code": "taste",
			"quantityframes": 50,
			"onActivityStopped": "PlayTillEnd",
			"onAnimationEnd": "Stop",
			"keyframes": [
				{
					"frame": 0,
					"elements": {
						"body front end": { "offsetX": 0.0, "offsetY": 0.0, "offsetZ": 0.0, "rotationX": 0.0, "rotationY": 0.0, "rotationZ": 0.0 },
						"neck": { "offsetX": 0.0, "offsetY": 0.0, "offsetZ": 0.0, "rotationX": 0.0, "rotationY": 0.0, "rotationZ": 0.0 },
						"bottom jaw": { "offsetX": 0.0, "offsetY": 0.0, "offsetZ": 0.0, "rotationX": 0.0, "rotationY": 0.0, "rotationZ": 0.0 },
						"tongue": { "offsetX": 0.0, "offsetY": 0.0, "offsetZ": 0.0, "rotationX": 0.0, "rotationY": 0.0, "rotationZ": 0.0 },
						"top jaw": { "offsetX": 0.0, "offsetY": 0.0, "offsetZ": 0.0, "rotationX": 0.0, "rotationY": 0.0, "rotationZ": 0.0 },
						"front right leg top": { "offsetX": 0.0, "offsetY": 0.0, "offsetZ": 0.0, "rotationX": 0.0, "rotationY": 0.0, "rotationZ": 0.0 },
						"front right leg bottom": { "offsetX": 0.0, "offsetY": 0.0, "offsetZ": 0.0, "rotationX": 0.0, "rotationY": 0.0, "rotationZ": 0.0 },
						"front right foot": { "offsetX": 0.0, "offsetY": 0.0, "offsetZ": 0.0, "rotationX": 0.0, "rotationY": 0.0, "rotationZ": 0.0 },
						"front left leg top": { "offsetX": 0.0, "offsetY": 0.0, "offsetZ": 0.0, "rotationX": 0.0, "rotationY": 0.0, "rotationZ": 0.0 },
						"front left leg bottom": { "offsetX": 0.0, "offsetY": 0.0, "offsetZ": 0.0, "rotationX": 0.0, "rotationY": 0.0, "rotationZ": 0.0 },
						"front left foot": { "offsetX": 0.0, "offsetY": 0.0, "offsetZ": 0.0, "rotationX": 0.0, "rotationY": 0.0, "rotationZ": 0.0 },
						"body backend": { "offsetX": 0.0, "offsetY": 0.0, "offsetZ": 0.0, "rotationX": 0.0, "rotationY": 0.0, "rotationZ": 0.0 },
						"tail base": { "offsetX": 0.0, "offsetY": 0.0, "offsetZ": 0.0, "rotationX": 0.0, "rotationY": 0.0, "rotationZ": 0.0 },
						"tail middle 1": { "offsetX": 0.0, "offsetY": 0.0, "offsetZ": 0.0, "rotationX": 0.0, "rotationY": 0.0, "rotationZ": 0.0 },
						"tail middle 2": { "offsetX": 0.0, "offsetY": 0.0, "offsetZ": 0.0, "rotationX": 0.0, "rotationY": 0.0, "rotationZ": 0.0 },
						"tail end": { "offsetX": 0.0, "offsetY": 0.0, "offsetZ": 0.0, "rotationX": 0.0, "rotationY": 0.0, "rotationZ": 0.0 },
						"back right leg top": { "offsetX": 0.0, "offsetY": 0.0, "offsetZ": 0.0, "rotationX": 0.0, "rotationY": 0.0, "rotationZ": 0.0 },
						"back right leg bottom": { "offsetX": 0.0, "offsetY": 0.0, "offsetZ": 0.0, "rotationX": 0.0, "rotationY": 0.0, "rotationZ": 0.0 },
						"back right foot": { "offsetX": 0.0, "offsetY": 0.0, "offsetZ": 0.0, "rotationX": 0.0, "rotationY": 0.0, "rotationZ": 0.0 },
						"back left leg top": { "offsetX": 0.0, "offsetY": 0.0, "offsetZ": 0.0, "rotationX": 0.0, "rotationY": 0.0, "rotationZ": 0.0 },
						"back left leg bottom": { "offsetX": 0.0, "offsetY": 0.0, "offsetZ": 0.0, "rotationX": 0.0, "rotationY": 0.0, "rotationZ": 0.0 },
						"back left foot": { "offsetX": 0.0, "offsetY": 0.0, "offsetZ": 0.0, "rotationX": 0.0, "rotationY": 0.0, "rotationZ": 0.0 }
					}
				},
				{
					"frame": 20,
					"elements": {
						"body front end": {  },
						"neck": { "offsetX": 0.0, "offsetY": 0.0, "offsetZ": 0.0, "rotationX": 0.0, "rotationY": -28.0, "rotationZ": 19.0 },
						"bottom jaw": {  },
						"tongue": { "offsetX": 0.0, "offsetY": 0.0, "offsetZ": 0.0, "rotationX": 0.0, "rotationY": 0.0, "rotationZ": 0.0 }
					}
				},
				{
					"frame": 21,
					"elements": {
						"body front end": { "offsetX": 0.0, "offsetY": 0.0, "offsetZ": 0.0, "rotationX": 0.0, "rotationY": 0.0, "rotationZ": 0.0 },
						"neck": { "offsetX": 0.0, "offsetY": 0.0, "offsetZ": 0.0, "rotationX": 0.0, "rotationY": -28.0, "rotationZ": 19.0 },
						"top jaw": { "offsetX": 0.0, "offsetY": 0.0, "offsetZ": 0.0, "rotationX": 0.0, "rotationY": 0.0, "rotationZ": 0.0 },
						"bottom jaw": { "offsetX": 0.0, "offsetY": 0.0, "offsetZ": 0.0, "rotationX": 0.0, "rotationY": 0.0, "rotationZ": 0.0 },
						"tongue": { "offsetX": -2.5, "offsetY": 0.0, "offsetZ": 0.0, "rotationX": 0.0, "rotationY": 0.0, "rotationZ": 0.0 },
						"front right leg top": { "offsetX": 0.0, "offsetY": 0.0, "offsetZ": 0.0, "rotationX": 0.0, "rotationY": 0.0, "rotationZ": 0.0 },
						"front right leg bottom": { "offsetX": 0.0, "offsetY": 0.0, "offsetZ": 0.0, "rotationX": 0.0, "rotationY": 0.0, "rotationZ": 0.0 },
						"front right foot": { "offsetX": 0.0, "offsetY": 0.0, "offsetZ": 0.0, "rotationX": 0.0, "rotationY": 0.0, "rotationZ": 0.0 },
						"front left leg top": { "offsetX": 0.0, "offsetY": 0.0, "offsetZ": 0.0, "rotationX": 0.0, "rotationY": 0.0, "rotationZ": 0.0 },
						"front left leg bottom": { "offsetX": 0.0, "offsetY": 0.0, "offsetZ": 0.0, "rotationX": 0.0, "rotationY": 0.0, "rotationZ": 0.0 },
						"front left foot": { "offsetX": 0.0, "offsetY": 0.0, "offsetZ": 0.0, "rotationX": 0.0, "rotationY": 0.0, "rotationZ": 0.0 },
						"body backend": { "offsetX": 0.0, "offsetY": 0.0, "offsetZ": 0.0, "rotationX": 0.0, "rotationY": 0.0, "rotationZ": 0.0 },
						"tail base": { "offsetX": 0.0, "offsetY": 0.0, "offsetZ": 0.0, "rotationX": 0.0, "rotationY": 0.0, "rotationZ": 0.0 },
						"tail middle 1": { "offsetX": 0.0, "offsetY": 0.0, "offsetZ": 0.0, "rotationX": 0.0, "rotationY": 0.0, "rotationZ": 0.0 },
						"tail middle 2": { "offsetX": 0.0, "offsetY": 0.0, "offsetZ": 0.0, "rotationX": 0.0, "rotationY": 0.0, "rotationZ": 0.0 },
						"tail end": { "offsetX": 0.0, "offsetY": 0.0, "offsetZ": 0.0, "rotationX": 0.0, "rotationY": 0.0, "rotationZ": 0.0 },
						"back right leg top": { "offsetX": 0.0, "offsetY": 0.0, "offsetZ": 0.0, "rotationX": 0.0, "rotationY": 0.0, "rotationZ": 0.0 },
						"back right leg bottom": { "offsetX": 0.0, "offsetY": 0.0, "offsetZ": 0.0, "rotationX": 0.0, "rotationY": 0.0, "rotationZ": 0.0 },
						"back right foot": { "offsetX": 0.0, "offsetY": 0.0, "offsetZ": 0.0, "rotationX": 0.0, "rotationY": 0.0, "rotationZ": 0.0 },
						"back left leg top": { "offsetX": 0.0, "offsetY": 0.0, "offsetZ": 0.0, "rotationX": 0.0, "rotationY": 0.0, "rotationZ": 0.0 },
						"back left leg bottom": { "offsetX": 0.0, "offsetY": 0.0, "offsetZ": 0.0, "rotationX": 0.0, "rotationY": 0.0, "rotationZ": 0.0 },
						"back left foot": { "offsetX": 0.0, "offsetY": 0.0, "offsetZ": 0.0, "rotationX": 0.0, "rotationY": 0.0, "rotationZ": 0.0 }
					}
				},
				{
					"frame": 24,
					"elements": {
						"body front end": { "offsetX": 0.0, "offsetY": 0.0, "offsetZ": 0.0, "rotationX": 0.0, "rotationY": 0.0, "rotationZ": 0.0 },
						"neck": { "offsetX": 0.0, "offsetY": 0.0, "offsetZ": 0.0, "rotationX": 0.0, "rotationY": -28.0, "rotationZ": 19.0 },
						"top jaw": { "offsetX": 0.0, "offsetY": 0.0, "offsetZ": 0.0, "rotationX": 0.0, "rotationY": 0.0, "rotationZ": 0.0 },
						"bottom jaw": { "offsetX": 0.0, "offsetY": 0.0, "offsetZ": 0.0, "rotationX": 0.0, "rotationY": 0.0, "rotationZ": 0.0 },
						"tongue": { "offsetX": -2.5, "offsetY": 0.0, "offsetZ": 0.0, "rotationX": 0.0, "rotationY": 0.0, "rotationZ": 0.0 },
						"front right leg top": { "offsetX": 0.0, "offsetY": 0.0, "offsetZ": 0.0, "rotationX": 0.0, "rotationY": 0.0, "rotationZ": 0.0 },
						"front right leg bottom": { "offsetX": 0.0, "offsetY": 0.0, "offsetZ": 0.0, "rotationX": 0.0, "rotationY": 0.0, "rotationZ": 0.0 },
						"front right foot": { "offsetX": 0.0, "offsetY": 0.0, "offsetZ": 0.0, "rotationX": 0.0, "rotationY": 0.0, "rotationZ": 0.0 },
						"front left leg top": { "offsetX": 0.0, "offsetY": 0.0, "offsetZ": 0.0, "rotationX": 0.0, "rotationY": 0.0, "rotationZ": 0.0 },
						"front left leg bottom": { "offsetX": 0.0, "offsetY": 0.0, "offsetZ": 0.0, "rotationX": 0.0, "rotationY": 0.0, "rotationZ": 0.0 },
						"front left foot": { "offsetX": 0.0, "offsetY": 0.0, "offsetZ": 0.0, "rotationX": 0.0, "rotationY": 0.0, "rotationZ": 0.0 },
						"body backend": { "offsetX": 0.0, "offsetY": 0.0, "offsetZ": 0.0, "rotationX": 0.0, "rotationY": 0.0, "rotationZ": 0.0 },
						"tail base": { "offsetX": 0.0, "offsetY": 0.0, "offsetZ": 0.0, "rotationX": 0.0, "rotationY": 0.0, "rotationZ": 0.0 },
						"tail middle 1": { "offsetX": 0.0, "offsetY": 0.0, "offsetZ": 0.0, "rotationX": 0.0, "rotationY": 0.0, "rotationZ": 0.0 },
						"tail middle 2": { "offsetX": 0.0, "offsetY": 0.0, "offsetZ": 0.0, "rotationX": 0.0, "rotationY": 0.0, "rotationZ": 0.0 },
						"tail end": { "offsetX": 0.0, "offsetY": 0.0, "offsetZ": 0.0, "rotationX": 0.0, "rotationY": 0.0, "rotationZ": 0.0 },
						"back right leg top": { "offsetX": 0.0, "offsetY": 0.0, "offsetZ": 0.0, "rotationX": 0.0, "rotationY": 0.0, "rotationZ": 0.0 },
						"back right leg bottom": { "offsetX": 0.0, "offsetY": 0.0, "offsetZ": 0.0, "rotationX": 0.0, "rotationY": 0.0, "rotationZ": 0.0 },
						"back right foot": { "offsetX": 0.0, "offsetY": 0.0, "offsetZ": 0.0, "rotationX": 0.0, "rotationY": 0.0, "rotationZ": 0.0 },
						"back left leg top": { "offsetX": 0.0, "offsetY": 0.0, "offsetZ": 0.0, "rotationX": 0.0, "rotationY": 0.0, "rotationZ": 0.0 },
						"back left leg bottom": { "offsetX": 0.0, "offsetY": 0.0, "offsetZ": 0.0, "rotationX": 0.0, "rotationY": 0.0, "rotationZ": 0.0 },
						"back left foot": { "offsetX": 0.0, "offsetY": 0.0, "offsetZ": 0.0, "rotationX": 0.0, "rotationY": 0.0, "rotationZ": 0.0 }
					}
				},
				{
					"frame": 25,
					"elements": {
						"body front end": { "offsetX": 0.0, "offsetY": 0.0, "offsetZ": 0.0, "rotationX": 0.0, "rotationY": 0.0, "rotationZ": 0.0 },
						"neck": { "offsetX": 0.0, "offsetY": 0.0, "offsetZ": 0.0, "rotationX": 0.0, "rotationY": -28.0, "rotationZ": 19.0 },
						"top jaw": { "offsetX": 0.0, "offsetY": 0.0, "offsetZ": 0.0, "rotationX": 0.0, "rotationY": 0.0, "rotationZ": 0.0 },
						"bottom jaw": { "offsetX": 0.0, "offsetY": 0.0, "offsetZ": 0.0, "rotationX": 0.0, "rotationY": 0.0, "rotationZ": 0.0 },
						"tongue": { "offsetX": 0.0, "offsetY": 0.0, "offsetZ": 0.0, "rotationX": 0.0, "rotationY": 0.0, "rotationZ": 0.0 },
						"front right leg top": { "offsetX": 0.0, "offsetY": 0.0, "offsetZ": 0.0, "rotationX": 0.0, "rotationY": 0.0, "rotationZ": 0.0 },
						"front right leg bottom": { "offsetX": 0.0, "offsetY": 0.0, "offsetZ": 0.0, "rotationX": 0.0, "rotationY": 0.0, "rotationZ": 0.0 },
						"front right foot": { "offsetX": 0.0, "offsetY": 0.0, "offsetZ": 0.0, "rotationX": 0.0, "rotationY": 0.0, "rotationZ": 0.0 },
						"front left leg top": { "offsetX": 0.0, "offsetY": 0.0, "offsetZ": 0.0, "rotationX": 0.0, "rotationY": 0.0, "rotationZ": 0.0 },
						"front left leg bottom": { "offsetX": 0.0, "offsetY": 0.0, "offsetZ": 0.0, "rotationX": 0.0, "rotationY": 0.0, "rotationZ": 0.0 },
						"front left foot": { "offsetX": 0.0, "offsetY": 0.0, "offsetZ": 0.0, "rotationX": 0.0, "rotationY": 0.0, "rotationZ": 0.0 },
						"body backend": { "offsetX": 0.0, "offsetY": 0.0, "offsetZ": 0.0, "rotationX": 0.0, "rotationY": 0.0, "rotationZ": 0.0 },
						"tail base": { "offsetX": 0.0, "offsetY": 0.0, "offsetZ": 0.0, "rotationX": 0.0, "rotationY": 0.0, "rotationZ": 0.0 },
						"tail middle 1": { "offsetX": 0.0, "offsetY": 0.0, "offsetZ": 0.0, "rotationX": 0.0, "rotationY": 0.0, "rotationZ": 0.0 },
						"tail middle 2": { "offsetX": 0.0, "offsetY": 0.0, "offsetZ": 0.0, "rotationX": 0.0, "rotationY": 0.0, "rotationZ": 0.0 },
						"tail end": { "offsetX": 0.0, "offsetY": 0.0, "offsetZ": 0.0, "rotationX": 0.0, "rotationY": 0.0, "rotationZ": 0.0 },
						"back right leg top": { "offsetX": 0.0, "offsetY": 0.0, "offsetZ": 0.0, "rotationX": 0.0, "rotationY": 0.0, "rotationZ": 0.0 },
						"back right leg bottom": { "offsetX": 0.0, "offsetY": 0.0, "offsetZ": 0.0, "rotationX": 0.0, "rotationY": 0.0, "rotationZ": 0.0 },
						"back right foot": { "offsetX": 0.0, "offsetY": 0.0, "offsetZ": 0.0, "rotationX": 0.0, "rotationY": 0.0, "rotationZ": 0.0 },
						"back left leg top": { "offsetX": 0.0, "offsetY": 0.0, "offsetZ": 0.0, "rotationX": 0.0, "rotationY": 0.0, "rotationZ": 0.0 },
						"back left leg bottom": { "offsetX": 0.0, "offsetY": 0.0, "offsetZ": 0.0, "rotationX": 0.0, "rotationY": 0.0, "rotationZ": 0.0 },
						"back left foot": { "offsetX": 0.0, "offsetY": 0.0, "offsetZ": 0.0, "rotationX": 0.0, "rotationY": 0.0, "rotationZ": 0.0 }
					}
				},
				{
					"frame": 35,
					"elements": {
						"body front end": { "offsetX": 0.0, "offsetY": 0.0, "offsetZ": 0.0, "rotationX": 0.0, "rotationY": 0.0, "rotationZ": 0.0 },
						"neck": { "offsetX": 0.0, "offsetY": 0.0, "offsetZ": 0.0, "rotationX": 0.0, "rotationY": 28.0, "rotationZ": 19.0 },
						"top jaw": { "offsetX": 0.0, "offsetY": 0.0, "offsetZ": 0.0, "rotationX": 0.0, "rotationY": 0.0, "rotationZ": 0.0 },
						"bottom jaw": { "offsetX": 0.0, "offsetY": 0.0, "offsetZ": 0.0, "rotationX": 0.0, "rotationY": 0.0, "rotationZ": 0.0 },
						"tongue": { "offsetX": 0.0, "offsetY": 0.0, "offsetZ": 0.0, "rotationX": 0.0, "rotationY": 0.0, "rotationZ": 0.0 },
						"front right leg top": { "offsetX": 0.0, "offsetY": 0.0, "offsetZ": 0.0, "rotationX": 0.0, "rotationY": 0.0, "rotationZ": 0.0 },
						"front right leg bottom": { "offsetX": 0.0, "offsetY": 0.0, "offsetZ": 0.0, "rotationX": 0.0, "rotationY": 0.0, "rotationZ": 0.0 },
						"front right foot": { "offsetX": 0.0, "offsetY": 0.0, "offsetZ": 0.0, "rotationX": 0.0, "rotationY": 0.0, "rotationZ": 0.0 },
						"front left leg top": { "offsetX": 0.0, "offsetY": 0.0, "offsetZ": 0.0, "rotationX": 0.0, "rotationY": 0.0, "rotationZ": 0.0 },
						"front left leg bottom": { "offsetX": 0.0, "offsetY": 0.0, "offsetZ": 0.0, "rotationX": 0.0, "rotationY": 0.0, "rotationZ": 0.0 },
						"front left foot": { "offsetX": 0.0, "offsetY": 0.0, "offsetZ": 0.0, "rotationX": 0.0, "rotationY": 0.0, "rotationZ": 0.0 },
						"body backend": { "offsetX": 0.0, "offsetY": 0.0, "offsetZ": 0.0, "rotationX": 0.0, "rotationY": 0.0, "rotationZ": 0.0 },
						"tail base": { "offsetX": 0.0, "offsetY": 0.0, "offsetZ": 0.0, "rotationX": 0.0, "rotationY": 0.0, "rotationZ": 0.0 },
						"tail middle 1": { "offsetX": 0.0, "offsetY": 0.0, "offsetZ": 0.0, "rotationX": 0.0, "rotationY": 0.0, "rotationZ": 0.0 },
						"tail middle 2": { "offsetX": 0.0, "offsetY": 0.0, "offsetZ": 0.0, "rotationX": 0.0, "rotationY": 0.0, "rotationZ": 0.0 },
						"tail end": { "offsetX": 0.0, "offsetY": 0.0, "offsetZ": 0.0, "rotationX": 0.0, "rotationY": 0.0, "rotationZ": 0.0 },
						"back right leg top": { "offsetX": 0.0, "offsetY": 0.0, "offsetZ": 0.0, "rotationX": 0.0, "rotationY": 0.0, "rotationZ": 0.0 },
						"back right leg bottom": { "offsetX": 0.0, "offsetY": 0.0, "offsetZ": 0.0, "rotationX": 0.0, "rotationY": 0.0, "rotationZ": 0.0 },
						"back right foot": { "offsetX": 0.0, "offsetY": 0.0, "offsetZ": 0.0, "rotationX": 0.0, "rotationY": 0.0, "rotationZ": 0.0 },
						"back left leg top": { "offsetX": 0.0, "offsetY": 0.0, "offsetZ": 0.0, "rotationX": 0.0, "rotationY": 0.0, "rotationZ": 0.0 },
						"back left leg bottom": { "offsetX": 0.0, "offsetY": 0.0, "offsetZ": 0.0, "rotationX": 0.0, "rotationY": 0.0, "rotationZ": 0.0 },
						"back left foot": { "offsetX": 0.0, "offsetY": 0.0, "offsetZ": 0.0, "rotationX": 0.0, "rotationY": 0.0, "rotationZ": 0.0 }
					}
				},
				{
					"frame": 36,
					"elements": {
						"body front end": { "offsetX": 0.0, "offsetY": 0.0, "offsetZ": 0.0, "rotationX": 0.0, "rotationY": 0.0, "rotationZ": 0.0 },
						"neck": { "offsetX": 0.0, "offsetY": 0.0, "offsetZ": 0.0, "rotationX": 0.0, "rotationY": 28.0, "rotationZ": 19.0 },
						"top jaw": { "offsetX": 0.0, "offsetY": 0.0, "offsetZ": 0.0, "rotationX": 0.0, "rotationY": 0.0, "rotationZ": 0.0 },
						"bottom jaw": { "offsetX": 0.0, "offsetY": 0.0, "offsetZ": 0.0, "rotationX": 0.0, "rotationY": 0.0, "rotationZ": 0.0 },
						"tongue": { "offsetX": -2.5, "offsetY": 0.0, "offsetZ": 0.0, "rotationX": 0.0, "rotationY": 0.0, "rotationZ": 0.0 },
						"front right leg top": { "offsetX": 0.0, "offsetY": 0.0, "offsetZ": 0.0, "rotationX": 0.0, "rotationY": 0.0, "rotationZ": 0.0 },
						"front right leg bottom": { "offsetX": 0.0, "offsetY": 0.0, "offsetZ": 0.0, "rotationX": 0.0, "rotationY": 0.0, "rotationZ": 0.0 },
						"front right foot": { "offsetX": 0.0, "offsetY": 0.0, "offsetZ": 0.0, "rotationX": 0.0, "rotationY": 0.0, "rotationZ": 0.0 },
						"front left leg top": { "offsetX": 0.0, "offsetY": 0.0, "offsetZ": 0.0, "rotationX": 0.0, "rotationY": 0.0, "rotationZ": 0.0 },
						"front left leg bottom": { "offsetX": 0.0, "offsetY": 0.0, "offsetZ": 0.0, "rotationX": 0.0, "rotationY": 0.0, "rotationZ": 0.0 },
						"front left foot": { "offsetX": 0.0, "offsetY": 0.0, "offsetZ": 0.0, "rotationX": 0.0, "rotationY": 0.0, "rotationZ": 0.0 },
						"body backend": { "offsetX": 0.0, "offsetY": 0.0, "offsetZ": 0.0, "rotationX": 0.0, "rotationY": 0.0, "rotationZ": 0.0 },
						"tail base": { "offsetX": 0.0, "offsetY": 0.0, "offsetZ": 0.0, "rotationX": 0.0, "rotationY": 0.0, "rotationZ": 0.0 },
						"tail middle 1": { "offsetX": 0.0, "offsetY": 0.0, "offsetZ": 0.0, "rotationX": 0.0, "rotationY": 0.0, "rotationZ": 0.0 },
						"tail middle 2": { "offsetX": 0.0, "offsetY": 0.0, "offsetZ": 0.0, "rotationX": 0.0, "rotationY": 0.0, "rotationZ": 0.0 },
						"tail end": { "offsetX": 0.0, "offsetY": 0.0, "offsetZ": 0.0, "rotationX": 0.0, "rotationY": 0.0, "rotationZ": 0.0 },
						"back right leg top": { "offsetX": 0.0, "offsetY": 0.0, "offsetZ": 0.0, "rotationX": 0.0, "rotationY": 0.0, "rotationZ": 0.0 },
						"back right leg bottom": { "offsetX": 0.0, "offsetY": 0.0, "offsetZ": 0.0, "rotationX": 0.0, "rotationY": 0.0, "rotationZ": 0.0 },
						"back right foot": { "offsetX": 0.0, "offsetY": 0.0, "offsetZ": 0.0, "rotationX": 0.0, "rotationY": 0.0, "rotationZ": 0.0 },
						"back left leg top": { "offsetX": 0.0, "offsetY": 0.0, "offsetZ": 0.0, "rotationX": 0.0, "rotationY": 0.0, "rotationZ": 0.0 },
						"back left leg bottom": { "offsetX": 0.0, "offsetY": 0.0, "offsetZ": 0.0, "rotationX": 0.0, "rotationY": 0.0, "rotationZ": 0.0 },
						"back left foot": { "offsetX": 0.0, "offsetY": 0.0, "offsetZ": 0.0, "rotationX": 0.0, "rotationY": 0.0, "rotationZ": 0.0 }
					}
				},
				{
					"frame": 37,
					"elements": {
						"body front end": { "offsetX": 0.0, "offsetY": 0.0, "offsetZ": 0.0, "rotationX": 0.0, "rotationY": 0.0, "rotationZ": 0.0 },
						"neck": { "offsetX": 0.0, "offsetY": 0.0, "offsetZ": 0.0, "rotationX": 0.0, "rotationY": 28.0, "rotationZ": 19.0 },
						"top jaw": { "offsetX": 0.0, "offsetY": 0.0, "offsetZ": 0.0, "rotationX": 0.0, "rotationY": 0.0, "rotationZ": 0.0 },
						"bottom jaw": { "offsetX": 0.0, "offsetY": 0.0, "offsetZ": 0.0, "rotationX": 0.0, "rotationY": 0.0, "rotationZ": 0.0 },
						"tongue": { "offsetX": 0.0, "offsetY": 0.0, "offsetZ": 0.0, "rotationX": 0.0, "rotationY": 0.0, "rotationZ": 0.0 },
						"front right leg top": { "offsetX": 0.0, "offsetY": 0.0, "offsetZ": 0.0, "rotationX": 0.0, "rotationY": 0.0, "rotationZ": 0.0 },
						"front right leg bottom": { "offsetX": 0.0, "offsetY": 0.0, "offsetZ": 0.0, "rotationX": 0.0, "rotationY": 0.0, "rotationZ": 0.0 },
						"front right foot": { "offsetX": 0.0, "offsetY": 0.0, "offsetZ": 0.0, "rotationX": 0.0, "rotationY": 0.0, "rotationZ": 0.0 },
						"front left leg top": { "offsetX": 0.0, "offsetY": 0.0, "offsetZ": 0.0, "rotationX": 0.0, "rotationY": 0.0, "rotationZ": 0.0 },
						"front left leg bottom": { "offsetX": 0.0, "offsetY": 0.0, "offsetZ": 0.0, "rotationX": 0.0, "rotationY": 0.0, "rotationZ": 0.0 },
						"front left foot": { "offsetX": 0.0, "offsetY": 0.0, "offsetZ": 0.0, "rotationX": 0.0, "rotationY": 0.0, "rotationZ": 0.0 },
						"body backend": { "offsetX": 0.0, "offsetY": 0.0, "offsetZ": 0.0, "rotationX": 0.0, "rotationY": 0.0, "rotationZ": 0.0 },
						"tail base": { "offsetX": 0.0, "offsetY": 0.0, "offsetZ": 0.0, "rotationX": 0.0, "rotationY": 0.0, "rotationZ": 0.0 },
						"tail middle 1": { "offsetX": 0.0, "offsetY": 0.0, "offsetZ": 0.0, "rotationX": 0.0, "rotationY": 0.0, "rotationZ": 0.0 },
						"tail middle 2": { "offsetX": 0.0, "offsetY": 0.0, "offsetZ": 0.0, "rotationX": 0.0, "rotationY": 0.0, "rotationZ": 0.0 },
						"tail end": { "offsetX": 0.0, "offsetY": 0.0, "offsetZ": 0.0, "rotationX": 0.0, "rotationY": 0.0, "rotationZ": 0.0 },
						"back right leg top": { "offsetX": 0.0, "offsetY": 0.0, "offsetZ": 0.0, "rotationX": 0.0, "rotationY": 0.0, "rotationZ": 0.0 },
						"back right leg bottom": { "offsetX": 0.0, "offsetY": 0.0, "offsetZ": 0.0, "rotationX": 0.0, "rotationY": 0.0, "rotationZ": 0.0 },
						"back right foot": { "offsetX": 0.0, "offsetY": 0.0, "offsetZ": 0.0, "rotationX": 0.0, "rotationY": 0.0, "rotationZ": 0.0 },
						"back left leg top": { "offsetX": 0.0, "offsetY": 0.0, "offsetZ": 0.0, "rotationX": 0.0, "rotationY": 0.0, "rotationZ": 0.0 },
						"back left leg bottom": { "offsetX": 0.0, "offsetY": 0.0, "offsetZ": 0.0, "rotationX": 0.0, "rotationY": 0.0, "rotationZ": 0.0 },
						"back left foot": { "offsetX": 0.0, "offsetY": 0.0, "offsetZ": 0.0, "rotationX": 0.0, "rotationY": 0.0, "rotationZ": 0.0 }
					}
				}
			]
		},

		{
			"name": "Walk",
			"code": "walk",
			"quantityframes": 30,
			"onActivityStopped": "PlayTillEnd",
			"onAnimationEnd": "Repeat",
			"keyframes": [
				{
					"frame": 0,
					"elements": {
						"body front end": { "offsetX": 0.0, "offsetY": 0.0, "offsetZ": 0.0, "rotationX": 0.0, "rotationY": -16.0, "rotationZ": 0.0 },
						"body backend": { "offsetX": -0.6, "offsetY": 0.0, "offsetZ": -0.2, "rotationX": 0.0, "rotationY": 25.0, "rotationZ": 0.0 },
						"tail base": { "offsetX": 0.0, "offsetY": 0.0, "offsetZ": 0.0, "rotationX": 0.0, "rotationY": 0.0, "rotationZ": 0.0 },
						"tail middle 1": { "offsetX": 0.0, "offsetY": 0.0, "offsetZ": 0.0, "rotationX": 0.0, "rotationY": 11.0, "rotationZ": 0.0 },
						"tail middle 2": { "offsetX": 0.0, "offsetY": 0.0, "offsetZ": 0.0, "rotationX": 0.0, "rotationY": 11.0, "rotationZ": 0.0 },
						"tail end": { "offsetX": 0.0, "offsetY": 0.0, "offsetZ": 0.0, "rotationX": 0.0, "rotationY": 11.0, "rotationZ": 0.0 },
						"back right leg top": { "offsetX": 0.0, "offsetY": 0.0, "offsetZ": 0.0, "rotationX": 0.0, "rotationY": 32.0, "rotationZ": 0.0 },
						"back right leg bottom": { "offsetX": -0.1, "offsetY": -0.2, "offsetZ": 0.0, "rotationX": 0.0, "rotationY": 0.0, "rotationZ": 36.0 },
						"back right foot": { "offsetX": 0.0, "offsetY": 0.0, "offsetZ": 0.0, "rotationX": 0.0, "rotationY": 0.0, "rotationZ": 0.0 },
						"back left leg top": { "offsetX": 0.0, "offsetY": 0.0, "offsetZ": 0.0, "rotationX": 0.0, "rotationY": 33.0, "rotationZ": 0.0 },
						"back left leg bottom": { "offsetX": 0.0, "offsetY": 0.0, "offsetZ": 0.0, "rotationX": 0.0, "rotationY": -12.0, "rotationZ": 40.0 },
						"back left foot": { "offsetX": 0.0, "offsetY": 0.0, "offsetZ": 0.0, "rotationX": 0.0, "rotationY": 0.0, "rotationZ": 0.0 },
						"neck": { "offsetX": 0.0, "offsetY": 0.0, "offsetZ": 0.0, "rotationX": 0.0, "rotationY": 15.0, "rotationZ": 10.0 },
						"top jaw": { "offsetX": 0.0, "offsetY": 0.0, "offsetZ": 0.0, "rotationX": 0.0, "rotationY": 0.0, "rotationZ": 0.0 },
						"bottom jaw": { "offsetX": 0.0, "offsetY": 0.0, "offsetZ": 0.0, "rotationX": 0.0, "rotationY": 0.0, "rotationZ": 0.0 },
						"tongue": { "offsetX": 0.0, "offsetY": 0.0, "offsetZ": 0.0, "rotationX": 0.0, "rotationY": 0.0, "rotationZ": 0.0 },
						"front right leg top": { "offsetX": 0.0, "offsetY": 0.0, "offsetZ": 0.0, "rotationX": 0.0, "rotationY": -26.0, "rotationZ": 0.0 },
						"front right leg bottom": { "offsetX": 0.0, "offsetY": 0.0, "offsetZ": 0.0, "rotationX": 0.0, "rotationY": 0.0, "rotationZ": -41.0 },
						"front right foot": { "offsetX": 0.0, "offsetY": 0.0, "offsetZ": 0.0, "rotationX": 0.0, "rotationY": 0.0, "rotationZ": 0.0 },
						"front left leg top": { "offsetX": 0.0, "offsetY": 0.0, "offsetZ": 0.0, "rotationX": 0.0, "rotationY": -39.0, "rotationZ": 0.0 },
						"front left leg bottom": { "offsetX": 0.0, "offsetY": 0.3, "offsetZ": 0.0, "rotationX": 0.0, "rotationY": 0.0, "rotationZ": -48.0 },
						"front left foot": { "offsetX": 0.0, "offsetY": 0.0, "offsetZ": 0.0, "rotationX": 0.0, "rotationY": 0.0, "rotationZ": 0.0 }
					}
				},
				{
					"frame": 15,
					"elements": {
						"body front end": { "offsetX": 0.0, "offsetY": 0.0, "offsetZ": 0.0, "rotationX": 0.0, "rotationY": 16.0, "rotationZ": 0.0 },
						"neck": { "offsetX": 0.0, "offsetY": 0.0, "offsetZ": 0.0, "rotationX": 0.0, "rotationY": -15.0, "rotationZ": 10.0 },
						"top jaw": { "offsetX": 0.0, "offsetY": 0.0, "offsetZ": 0.0, "rotationX": 0.0, "rotationY": 0.0, "rotationZ": 0.0 },
						"bottom jaw": { "offsetX": 0.0, "offsetY": 0.0, "offsetZ": 0.0, "rotationX": 0.0, "rotationY": 0.0, "rotationZ": 0.0 },
						"tongue": { "offsetX": 0.0, "offsetY": 0.0, "offsetZ": 0.0, "rotationX": 0.0, "rotationY": 0.0, "rotationZ": 0.0 },
						"front right leg top": { "offsetX": 0.0, "offsetY": 0.0, "offsetZ": 0.0, "rotationX": 0.0, "rotationY": 39.0, "rotationZ": 0.0 },
						"front right leg bottom": { "offsetX": 0.0, "offsetY": -0.3, "offsetZ": 0.0, "rotationX": 0.0, "rotationY": 0.0, "rotationZ": 48.0 },
						"front right foot": { "offsetX": 0.0, "offsetY": 0.0, "offsetZ": 0.0, "rotationX": 0.0, "rotationY": 0.0, "rotationZ": 0.0 },
						"front left leg top": { "offsetX": 0.0, "offsetY": 0.0, "offsetZ": 0.0, "rotationX": 0.0, "rotationY": 26.0, "rotationZ": 0.0 },
						"front left leg bottom": { "offsetX": 0.0, "offsetY": 0.3, "offsetZ": 0.0, "rotationX": 0.0, "rotationY": 0.0, "rotationZ": 41.0 },
						"front left foot": { "offsetX": 0.0, "offsetY": 0.0, "offsetZ": 0.0, "rotationX": 0.0, "rotationY": 0.0, "rotationZ": 0.0 },
						"body backend": { "offsetX": -0.7, "offsetY": 0.0, "offsetZ": 0.1, "rotationX": 0.0, "rotationY": -25.0, "rotationZ": 0.0 },
						"tail base": { "offsetX": 0.0, "offsetY": 0.0, "offsetZ": 0.0, "rotationX": 0.0, "rotationY": 0.0, "rotationZ": 0.0 },
						"tail middle 1": { "offsetX": 0.0, "offsetY": 0.0, "offsetZ": 0.0, "rotationX": 0.0, "rotationY": -11.0, "rotationZ": 0.0 },
						"tail middle 2": { "offsetX": 0.0, "offsetY": 0.0, "offsetZ": 0.0, "rotationX": 0.0, "rotationY": -11.0, "rotationZ": 0.0 },
						"tail end": { "offsetX": 0.0, "offsetY": 0.0, "offsetZ": 0.0, "rotationX": 0.0, "rotationY": -11.0, "rotationZ": 0.0 },
						"back right leg top": { "offsetX": 0.0, "offsetY": 0.0, "offsetZ": 0.0, "rotationX": 0.0, "rotationY": -33.0, "rotationZ": 0.0 },
						"back right leg bottom": { "offsetX": -0.1, "offsetY": -0.2, "offsetZ": 0.0, "rotationX": 0.0, "rotationY": -12.0, "rotationZ": -40.0 },
						"back right foot": { "offsetX": 0.0, "offsetY": 0.0, "offsetZ": 0.0, "rotationX": 0.0, "rotationY": 0.0, "rotationZ": 0.0 },
						"back left leg top": { "offsetX": 0.0, "offsetY": 0.0, "offsetZ": 0.0, "rotationX": 0.0, "rotationY": -32.0, "rotationZ": 0.0 },
						"back left leg bottom": { "offsetX": 0.0, "offsetY": 0.0, "offsetZ": 0.0, "rotationX": 0.0, "rotationY": 0.0, "rotationZ": -36.0 },
						"back left foot": { "offsetX": 0.0, "offsetY": 0.0, "offsetZ": 0.0, "rotationX": 0.0, "rotationY": 0.0, "rotationZ": 0.0 }
					}
				}
			]
		},

		{
			"name": "Attack",
			"code": "attack",
			"quantityframes": 30,
			"onActivityStopped": "PlayTillEnd",
			"onAnimationEnd": "Stop",
			"keyframes": [
				{
					"frame": 0,
					"elements": {
						"body front end": { "offsetX": 0.0, "offsetY": 0.0, "offsetZ": 0.0, "rotationX": 0.0, "rotationY": 0.0, "rotationZ": 0.0 },
						"front right leg top": { "offsetX": 0.0, "offsetY": 0.0, "offsetZ": 0.0, "rotationX": 0.0, "rotationY": 0.0, "rotationZ": 0.0 },
						"front right leg bottom": { "offsetX": 0.0, "offsetY": 0.0, "offsetZ": 0.0, "rotationX": 0.0, "rotationY": 0.0, "rotationZ": 0.0 },
						"front right foot": { "offsetX": 0.0, "offsetY": 0.0, "offsetZ": 0.0, "rotationX": 0.0, "rotationY": 0.0, "rotationZ": 0.0 },
						"neck": { "offsetX": 0.0, "offsetY": 0.0, "offsetZ": 0.0, "rotationX": 0.0, "rotationY": 0.0, "rotationZ": 0.0 },
						"top jaw": { "offsetX": 0.0, "offsetY": 0.0, "offsetZ": 0.0, "rotationX": 0.0, "rotationY": 0.0, "rotationZ": 0.0 },
						"bottom jaw": { "offsetX": 0.0, "offsetY": 0.0, "offsetZ": 0.0, "rotationX": 0.0, "rotationY": 0.0, "rotationZ": 0.0 },
						"tongue": { "offsetX": 0.0, "offsetY": 0.0, "offsetZ": 0.0, "rotationX": 0.0, "rotationY": 0.0, "rotationZ": 0.0 },
						"tail base": { "offsetX": 0.0, "offsetY": 0.0, "offsetZ": 0.0, "rotationX": 0.0, "rotationY": 0.0, "rotationZ": 0.0 },
						"tail middle 1": { "offsetX": 0.0, "offsetY": 0.0, "offsetZ": 0.0, "rotationX": 0.0, "rotationY": 0.0, "rotationZ": 0.0 },
						"tail middle 2": { "offsetX": 0.0, "offsetY": 0.0, "offsetZ": 0.0, "rotationX": 0.0, "rotationY": 0.0, "rotationZ": 0.0 },
						"tail end": { "offsetX": 0.0, "offsetY": 0.0, "offsetZ": 0.0, "rotationX": 0.0, "rotationY": 0.0, "rotationZ": 0.0 },
						"front left leg top": { "offsetX": 0.0, "offsetY": 0.0, "offsetZ": 0.0, "rotationX": 0.0, "rotationY": 0.0, "rotationZ": 0.0 },
						"front left leg bottom": { "offsetX": 0.0, "offsetY": 0.0, "offsetZ": 0.0, "rotationX": 0.0, "rotationY": 0.0, "rotationZ": 0.0 },
						"front left foot": { "offsetX": 0.0, "offsetY": 0.0, "offsetZ": 0.0, "rotationX": 0.0, "rotationY": 0.0, "rotationZ": 0.0 },
						"back right leg top": { "offsetX": 0.0, "offsetY": 0.0, "offsetZ": 0.0, "rotationX": 0.0, "rotationY": 0.0, "rotationZ": 0.0 },
						"back right leg bottom": { "offsetX": 0.0, "offsetY": 0.0, "offsetZ": 0.0, "rotationX": 0.0, "rotationY": 0.0, "rotationZ": 0.0 },
						"back right foot": { "offsetX": 0.0, "offsetY": 0.0, "offsetZ": 0.0, "rotationX": 0.0, "rotationY": 0.0, "rotationZ": 0.0 },
						"back left leg top": { "offsetX": 0.0, "offsetY": 0.0, "offsetZ": 0.0, "rotationX": 0.0, "rotationY": 0.0, "rotationZ": 0.0 },
						"back left leg bottom": { "offsetX": 0.0, "offsetY": 0.0, "offsetZ": 0.0, "rotationX": 0.0, "rotationY": 0.0, "rotationZ": 0.0 },
						"back left foot": { "offsetX": 0.0, "offsetY": 0.0, "offsetZ": 0.0, "rotationX": 0.0, "rotationY": 0.0, "rotationZ": 0.0 }
					}
				},
				{
					"frame": 10,
					"elements": {
						"body front end": { "offsetX": 0.0, "offsetY": 0.5, "offsetZ": 0.0, "rotationX": 0.0, "rotationY": 0.0, "rotationZ": -12.0 },
						"back left leg top": { "offsetX": 0.0, "offsetY": 0.0, "offsetZ": 0.0, "rotationX": 0.0, "rotationY": 0.0, "rotationZ": 12.0 },
						"back right leg top": { "offsetX": 0.0, "offsetY": 0.0, "offsetZ": 0.0, "rotationX": 0.0, "rotationY": 0.0, "rotationZ": 12.0 },
						"front right leg top": { "offsetX": 0.0, "offsetY": 0.0, "offsetZ": 0.0, "rotationX": 0.0, "rotationY": 0.0, "rotationZ": 36.0 },
						"front right leg bottom": {  },
						"front right foot": { "offsetX": 0.0, "offsetY": 0.0, "offsetZ": 0.0, "rotationX": 0.0, "rotationY": 36.0, "rotationZ": 0.0 },
						"front left leg top": { "offsetX": 0.0, "offsetY": 0.0, "offsetZ": 0.0, "rotationX": 0.0, "rotationY": 0.0, "rotationZ": 36.0 },
						"front left leg bottom": {  },
						"front left foot": { "offsetX": 0.0, "offsetY": 0.0, "offsetZ": 0.0, "rotationX": 0.0, "rotationY": 36.0, "rotationZ": 0.0 },
						"tail base": {  },
						"tail middle 1": { "offsetX": 0.0, "offsetY": 0.0, "offsetZ": 0.0, "rotationX": 0.0, "rotationY": 0.0, "rotationZ": 22.0 }
					}
				},
				{
					"frame": 13,
					"elements": {
						"body front end": { "offsetX": -3.0, "offsetY": 0.5, "offsetZ": 0.0, "rotationX": 0.0, "rotationY": 0.0, "rotationZ": -12.0 },
						"neck": {  },
						"bottom jaw": { "offsetX": 0.0, "offsetY": 0.0, "offsetZ": 0.0, "rotationX": 0.0, "rotationY": 0.0, "rotationZ": 27.0 },
						"front right leg top": { "offsetX": 0.0, "offsetY": 0.0, "offsetZ": 0.0, "rotationX": 0.0, "rotationY": 0.0, "rotationZ": 36.0 },
						"front right leg bottom": {  },
						"front right foot": { "offsetX": 0.0, "offsetY": 0.0, "offsetZ": 0.0, "rotationX": 0.0, "rotationY": 36.0, "rotationZ": 0.0 },
						"front left leg top": { "offsetX": 0.0, "offsetY": 0.0, "offsetZ": 0.0, "rotationX": 0.0, "rotationY": 0.0, "rotationZ": 36.0 },
						"front left leg bottom": {  },
						"front left foot": { "offsetX": 0.0, "offsetY": 0.0, "offsetZ": 0.0, "rotationX": 0.0, "rotationY": 36.0, "rotationZ": 0.0 },
						"back right leg top": { "offsetX": 0.0, "offsetY": 0.0, "offsetZ": 0.0, "rotationX": 0.0, "rotationY": 0.0, "rotationZ": 42.0 },
						"back right leg bottom": { "offsetX": 0.0, "offsetY": 0.0, "offsetZ": 0.0, "rotationX": 0.0, "rotationY": 29.0, "rotationZ": 0.0 },
						"back right foot": { "offsetX": 0.0, "offsetY": 0.0, "offsetZ": 0.0, "rotationX": 0.0, "rotationY": 25.0, "rotationZ": 0.0 },
						"back left leg top": { "offsetX": 0.0, "offsetY": 0.0, "offsetZ": 0.0, "rotationX": 0.0, "rotationY": 0.0, "rotationZ": 42.0 },
						"back left leg bottom": { "offsetX": 0.0, "offsetY": 0.0, "offsetZ": 0.0, "rotationX": 0.0, "rotationY": 29.0, "rotationZ": 0.0 },
						"back left foot": { "offsetX": 0.0, "offsetY": 0.0, "offsetZ": 0.0, "rotationX": 0.0, "rotationY": 25.0, "rotationZ": 0.0 }
					}
				},
				{
					"frame": 16,
					"elements": {
						"body front end": { "offsetX": -7.0, "offsetY": -1.0, "offsetZ": 0.0, "rotationX": 0.0, "rotationY": 0.0, "rotationZ": -12.0 },
						"neck": { "offsetX": 0.0, "offsetY": 0.0, "offsetZ": 0.0, "rotationX": 0.0, "rotationY": 0.0, "rotationZ": 0.0 },
						"top jaw": { "offsetX": 0.0, "offsetY": 0.0, "offsetZ": 0.0, "rotationX": 0.0, "rotationY": 0.0, "rotationZ": 0.0 },
						"bottom jaw": { "offsetX": 0.0, "offsetY": 0.0, "offsetZ": 0.0, "rotationX": 0.0, "rotationY": 0.0, "rotationZ": 2.0 },
						"tongue": { "offsetX": 0.0, "offsetY": 0.0, "offsetZ": 0.0, "rotationX": 0.0, "rotationY": 0.0, "rotationZ": 0.0 },
						"tail base": { "offsetX": 0.0, "offsetY": 0.0, "offsetZ": 0.0, "rotationX": 0.0, "rotationY": 0.0, "rotationZ": 0.0 },
						"tail middle 1": { "offsetX": 0.0, "offsetY": 0.0, "offsetZ": 0.0, "rotationX": 0.0, "rotationY": 0.0, "rotationZ": 21.0 },
						"tail middle 2": { "offsetX": 0.0, "offsetY": 0.0, "offsetZ": 0.0, "rotationX": 0.0, "rotationY": 0.0, "rotationZ": 0.0 },
						"tail end": { "offsetX": 0.0, "offsetY": 0.0, "offsetZ": 0.0, "rotationX": 0.0, "rotationY": 0.0, "rotationZ": 0.0 },
						"front right leg top": { "offsetX": 0.0, "offsetY": 0.0, "offsetZ": 0.0, "rotationX": 0.0, "rotationY": 0.0, "rotationZ": 36.0 },
						"front right leg bottom": { "offsetX": 0.0, "offsetY": 0.0, "offsetZ": 0.0, "rotationX": 0.0, "rotationY": 0.0, "rotationZ": 0.0 },
						"front right foot": { "offsetX": 0.0, "offsetY": 0.0, "offsetZ": 0.0, "rotationX": 0.0, "rotationY": 7.0, "rotationZ": 0.0 },
						"front left leg top": { "offsetX": 0.0, "offsetY": 0.0, "offsetZ": 0.0, "rotationX": 0.0, "rotationY": 0.0, "rotationZ": 36.0 },
						"front left leg bottom": { "offsetX": 0.0, "offsetY": 0.0, "offsetZ": 0.0, "rotationX": 0.0, "rotationY": 0.0, "rotationZ": 0.0 },
						"front left foot": { "offsetX": 0.0, "offsetY": 0.0, "offsetZ": 0.0, "rotationX": 0.0, "rotationY": -7.0, "rotationZ": 0.0 },
						"back right leg top": { "offsetX": 0.0, "offsetY": 0.0, "offsetZ": 0.0, "rotationX": 0.0, "rotationY": 0.0, "rotationZ": 12.0 },
						"back right leg bottom": { "offsetX": 0.0, "offsetY": 0.0, "offsetZ": 0.0, "rotationX": 0.0, "rotationY": 0.0, "rotationZ": 0.0 },
						"back right foot": { "offsetX": 0.0, "offsetY": 0.0, "offsetZ": 0.0, "rotationX": 0.0, "rotationY": 0.0, "rotationZ": 0.0 },
						"back left leg top": { "offsetX": 0.0, "offsetY": 0.0, "offsetZ": 0.0, "rotationX": 0.0, "rotationY": 0.0, "rotationZ": 12.0 },
						"back left leg bottom": { "offsetX": 0.0, "offsetY": 0.0, "offsetZ": 0.0, "rotationX": 0.0, "rotationY": 0.0, "rotationZ": 0.0 },
						"back left foot": { "offsetX": 0.0, "offsetY": 0.0, "offsetZ": 0.0, "rotationX": 0.0, "rotationY": 0.0, "rotationZ": 0.0 }
					}
				}
			]
		},

		{
			"name": "Death",
			"code": "death",
			"quantityframes": 30,
			"onActivityStopped": "PlayTillEnd",
			"onAnimationEnd": "Hold",
			"keyframes": [
				{
					"frame": 0,
					"elements": {
						"body front end": { "offsetX": 0.0, "offsetY": -1.6, "offsetZ": 0.0, "rotationX": 0.0, "rotationY": 0.0, "rotationZ": 0.0 },
						"front left leg top": { "offsetX": -1.0, "offsetY": 0.0, "offsetZ": -0.2, "rotationX": 0.0, "rotationY": 0.0, "rotationZ": -88.0 },
						"front left leg bottom": {  },
						"front left foot": { "offsetX": -0.6, "offsetY": 0.0, "offsetZ": 0.0, "rotationX": 12.0, "rotationY": 92.0, "rotationZ": 4.0 },
						"neck": { "offsetX": 0.0, "offsetY": 0.0, "offsetZ": 0.0, "rotationX": 0.0, "rotationY": 0.0, "rotationZ": 7.0 },
						"top jaw": { "offsetX": 0.1, "offsetY": 0.0, "offsetZ": 0.0, "rotationX": 0.0, "rotationY": 0.0, "rotationZ": -5.0 },
						"right eyelid": { "offsetX": 0.0, "offsetY": 0.0, "offsetZ": -0.02 },
						"left eyelid": { "offsetX": 0.0, "offsetY": 0.0, "offsetZ": 0.01 },
						"bottom jaw": { "offsetX": 0.0, "offsetY": 0.0, "offsetZ": 0.0, "rotationX": 0.0, "rotationY": 0.0, "rotationZ": -5.0 },
						"front right leg top": { "offsetX": -1.0, "offsetY": 0.0, "offsetZ": 0.2, "rotationX": 0.0, "rotationY": 0.0, "rotationZ": -88.0 },
						"front right leg bottom": {  },
						"front right foot": { "offsetX": -0.6, "offsetY": 0.0, "offsetZ": 0.0, "rotationX": -12.0, "rotationY": 92.0, "rotationZ": -4.0 },
						"body backend": {  },
						"back left leg top": { "offsetX": -0.0, "offsetY": 1.7, "offsetZ": -0.5, "rotationX": 0.0, "rotationY": 0.0, "rotationZ": 0.0 },
						"back right leg top": { "offsetX": 0.0, "offsetY": 1.7, "offsetZ": 0.5, "rotationX": 0.0, "rotationY": 0.0, "rotationZ": 0.0 },
						"tail base": {  },
						"tail middle 1": { "offsetX": 0.0, "offsetY": 0.0, "offsetZ": 0.0, "rotationX": 0.0, "rotationY": 0.0, "rotationZ": 9.0 },
						"tail middle 2": {  },
						"tail end": { "offsetX": 0.0, "offsetY": 0.0, "offsetZ": 0.0, "rotationX": 0.0, "rotationY": 0.0, "rotationZ": -7.0 }
					}
				}
			]
		},

		{
			"name": "Idle",
			"code": "idle",
			"quantityframes": 30,
			"onActivityStopped": "PlayTillEnd",
			"onAnimationEnd": "Stop",
			"keyframes": [

			]
		}
	]
}