{
	"editor": {
		"collapsedPaths": "Root/Crossbow/Goatleg/origin/Goatleg_33,Root/Stock/Stock_back_1/Goatleg_point2/Goatleg_13,Root/Crossbow/Goatleg/origin/Goatleg_13,Root/String_3,Root/lever_1,Root/Bow/Bow_holder_1,Root/Crossbow/Wheel,Root/Bow,Root/Crossbow/Goatleg/Goatleg_13,Root/Bow/Bow_right_limb_1,Root/Bow/Bow_holder_4,Root/Stock/Stock_front_1,Root/Stock/Stock_back_1/Goatleg_point2/Goatleg_33,Root/Crossbow/Plate,Root/Crossbow/Goatleg/origin/Goatleg_Handle,Root/Plate,Root/Crossbow/Lever,Root/Crossbow/String,Root/Bow_holder_1,Root/Bow_holder_4,Root/Bow_right_limb_7,Root/Crossbow/Goatleg/origin/Goatleg_long_2,Root/Bow_right_limb_1,Root/Cube12,Root/Stock/Stock_back_1/Goatleg_point/Goatleg_1,Root/Crossbow/Stock,Root/Crossbow/Bow,Root/Stock/Stock_back_1/Goatleg_point/Goatleg_8,Root/Stock/Stock_back_1/Goatleg_point/Goatleg_1/Goatleg_2/Goatleg_3/Goatleg_4/Goatleg_5/Goatleg_6,Root/Crossbow/Goatleg/origin/Goatleg_short_3,Root/Cube2,Root/Cube3,Root/Crossbow/Goatleg/origin/Goatleg_short_1,Root/Wheel,Root/Stock/Stock_back_1/Goatleg,Root/Crossbow/Goatleg/origin/Goatleg_30",
		"allAngles": false,
		"entityTextureMode": false
	},
	"textureWidth": 16,
	"textureHeight": 16,
	"textureSizes": {
	},
	"textures": {
		"linen": "game:block/cloth/linen/normal1",
		"iron": "game:block/metal/ingot/iron",
		"metal": "game:block/metal/plate/steel",
		"wood": "game:block/wood/debarked/oak"
	},
	"elements": [
		{
			"name": "Crossbow",
			"from": [ 0.0, -0.5, 0.0 ],
			"to": [ 0.0, -0.5, 0.0 ],
			"rotationOrigin": [ 0.0, -0.5, 0.0 ],
			"faces": {
				"north": { "texture": "#metal", "uv": [ 0.0, 0.0, 0.5, 0.5 ] },
				"east": { "texture": "#metal", "uv": [ 0.0, 0.0, 0.5, 0.5 ] },
				"south": { "texture": "#metal", "uv": [ 0.0, 0.0, 0.5, 0.5 ] },
				"west": { "texture": "#metal", "uv": [ 0.0, 0.0, 0.5, 0.5 ] },
				"up": { "texture": "#metal", "uv": [ 0.0, 0.0, 0.5, 0.5 ] },
				"down": { "texture": "#metal", "uv": [ 0.0, 0.0, 0.5, 0.5 ] }
			},
			"children": [
				{
					"name": "String",
					"from": [ -0.5, 2.0, -6.2 ],
					"to": [ 1.0, 2.5, -5.7 ],
					"rotationOrigin": [ -0.5, 2.0, -6.1 ],
					"faces": {
						"north": { "texture": "#linen", "uv": [ 7.0, 3.5, 10.1, 4.4 ], "autoUv": false, "windMode": [-1,-1,-1,-1] },
						"east": { "texture": "#linen", "uv": [ 0.0, 0.0, 0.5, 0.5 ] },
						"south": { "texture": "#linen", "uv": [ 8.0, 6.5, 10.5, 7.5 ], "autoUv": false },
						"west": { "texture": "#linen", "uv": [ 0.0, 0.0, 0.5, 0.5 ] },
						"up": { "texture": "#linen", "uv": [ 9.5, 7.5, 12.0, 8.5 ], "autoUv": false, "windMode": [-1,-1,-1,-1] }
					},
					"children": [
						{
							"name": "String_2",
							"from": [ 1.5, 0.0, 0.0 ],
							"to": [ 11.0, 0.5, 0.5 ],
							"rotationOrigin": [ 1.5, 0.5, 0.5 ],
							"rotationZ": -5.0,
							"faces": {
								"north": { "texture": "#linen", "uv": [ 0.0, 1.5, 16.0, 2.5 ], "autoUv": false },
								"east": { "texture": "#linen", "uv": [ 0.0, 0.0, 0.5, 0.5 ] },
								"south": { "texture": "#linen", "uv": [ 0.0, 4.0, 16.0, 5.0 ], "autoUv": false },
								"up": { "texture": "#linen", "uv": [ 0.0, 7.0, 16.0, 8.0 ], "autoUv": false },
								"down": { "texture": "#linen", "uv": [ 0.0, 9.5, 16.0, 10.5 ], "autoUv": false }
							}
						},
						{
							"name": "String_6",
							"from": [ 0.0, 0.0, 0.5 ],
							"to": [ 9.5, 0.5, 1.0 ],
							"rotationOrigin": [ 0.0, 0.5, 0.5 ],
							"rotationY": -180.0,
							"rotationZ": -5.0,
							"faces": {
								"north": { "texture": "#linen", "uv": [ 0.0, 10.0, 16.0, 11.0 ], "autoUv": false },
								"east": { "texture": "#linen", "uv": [ 0.0, 0.0, 0.5, 0.5 ] },
								"south": { "texture": "#linen", "uv": [ 0.0, 3.5, 16.0, 4.5 ], "autoUv": false },
								"up": { "texture": "#linen", "uv": [ 0.0, 10.0, 16.0, 11.0 ], "autoUv": false },
								"down": { "texture": "#linen", "uv": [ 0.0, 13.5, 16.0, 14.5 ], "autoUv": false }
							}
						}
					]
				},
				{
					"name": "Lever",
					"from": [ -0.01, -1.0, 0.0 ],
					"to": [ 0.51, 1.5, 1.0 ],
					"rotationOrigin": [ 0.0, 1.0, 0.5 ],
					"rotationX": -10.0,
					"faces": {
						"north": { "texture": "#metal", "uv": [ 0.0, 0.0, 0.5, 2.5 ] },
						"east": { "texture": "#metal", "uv": [ 14.5, 3.5, 15.5, 6.0 ] },
						"south": { "texture": "#metal", "uv": [ 0.0, 0.0, 0.5, 2.5 ] },
						"west": { "texture": "#metal", "uv": [ 13.5, 3.5, 14.5, 6.0 ] },
						"up": { "texture": "#metal", "uv": [ 0.0, 0.0, 0.5, 1.0 ] },
						"down": { "texture": "#metal", "uv": [ 0.0, 0.0, 0.5, 1.0 ] }
					},
					"children": [
						{
							"name": "lever_2",
							"from": [ 0.01, 0.0, 0.0 ],
							"to": [ 0.51, 0.5, 3.0 ],
							"rotationOrigin": [ 0.0, 0.0, 0.0 ],
							"rotationX": 15.0,
							"faces": {
								"north": { "texture": "#metal", "uv": [ 0.0, 0.0, 0.5, 0.5 ] },
								"east": { "texture": "#metal", "uv": [ 0.0, 0.0, 3.0, 0.5 ] },
								"south": { "texture": "#metal", "uv": [ 0.0, 0.0, 0.5, 0.5 ] },
								"west": { "texture": "#metal", "uv": [ 0.0, 0.0, 3.0, 0.5 ] },
								"up": { "texture": "#metal", "uv": [ 0.0, 0.0, 0.5, 3.0 ] },
								"down": { "texture": "#metal", "uv": [ 0.0, 0.0, 0.5, 3.0 ] }
							},
							"children": [
								{
									"name": "lever_3",
									"from": [ 0.01, 0.0, 3.0 ],
									"to": [ 0.49, 0.5, 7.0 ],
									"rotationOrigin": [ 0.0, 0.5, 3.0 ],
									"rotationX": 17.0,
									"faces": {
										"north": { "texture": "#metal", "uv": [ 0.0, 0.0, 0.5, 0.5 ] },
										"east": { "texture": "#metal", "uv": [ 0.0, 0.0, 4.0, 0.5 ] },
										"south": { "texture": "#metal", "uv": [ 0.0, 0.0, 0.5, 0.5 ] },
										"west": { "texture": "#metal", "uv": [ 0.0, 0.0, 4.0, 0.5 ] },
										"up": { "texture": "#metal", "uv": [ 11.0, 10.0, 11.5, 14.0 ] },
										"down": { "texture": "#metal", "uv": [ 9.5, 6.5, 10.0, 10.5 ] }
									}
								}
							]
						}
					]
				},
				{
					"name": "Plate",
					"from": [ 0.8, 0.5, -1.6 ],
					"to": [ 1.1, 2.1, 1.5 ],
					"rotationOrigin": [ 0.8, 0.5, -1.6 ],
					"faces": {
						"north": { "texture": "#iron", "uv": [ 0.0, 0.0, 0.5, 1.5 ] },
						"east": { "texture": "#iron", "uv": [ 8.0, 5.5, 11.0, 7.0 ] },
						"south": { "texture": "#iron", "uv": [ 0.0, 0.0, 0.5, 1.5 ] },
						"west": { "texture": "#iron", "uv": [ 0.0, 0.0, 3.0, 1.5 ] },
						"up": { "texture": "#iron", "uv": [ 1.5, 5.0, 2.0, 8.0 ] },
						"down": { "texture": "#iron", "uv": [ 0.0, 0.0, 0.5, 3.0 ] }
					},
					"children": [
						{
							"name": "Plate2",
							"from": [ -1.4, 0.0, 0.0 ],
							"to": [ -1.1, 1.6, 3.1 ],
							"rotationOrigin": [ -1.4, 0.0, 0.0 ],
							"faces": {
								"north": { "texture": "#iron", "uv": [ 0.0, 0.0, 0.5, 1.5 ] },
								"east": { "texture": "#iron", "uv": [ 0.0, 0.0, 3.0, 1.5 ] },
								"south": { "texture": "#iron", "uv": [ 0.0, 0.0, 0.5, 1.5 ] },
								"west": { "texture": "#iron", "uv": [ 9.0, 5.0, 12.0, 6.5 ] },
								"up": { "texture": "#iron", "uv": [ 1.5, 4.0, 2.0, 7.0 ] },
								"down": { "texture": "#iron", "uv": [ 0.0, 0.0, 0.5, 3.0 ] }
							}
						},
						{
							"name": "Plate3",
							"from": [ -1.5, 1.0, 1.3 ],
							"to": [ 0.4, 1.4, 1.7 ],
							"rotationOrigin": [ -1.5, 1.0, 1.3 ],
							"faces": {
								"north": { "texture": "#metal", "uv": [ 0.0, 0.0, 1.5, 0.5 ] },
								"east": { "texture": "#metal", "uv": [ 0.0, 0.0, 0.5, 0.5 ] },
								"south": { "texture": "#metal", "uv": [ 0.0, 0.0, 1.5, 0.5 ] },
								"west": { "texture": "#metal", "uv": [ 0.0, 0.0, 0.5, 0.5 ] },
								"up": { "texture": "#metal", "uv": [ 0.0, 0.0, 1.5, 0.5 ] },
								"down": { "texture": "#metal", "uv": [ 0.0, 0.0, 1.5, 0.5 ] }
							}
						},
						{
							"name": "Plate4",
							"from": [ -1.5, 0.3, 1.9 ],
							"to": [ 0.4, 0.7, 2.3 ],
							"rotationOrigin": [ -1.5, 0.3, 1.9 ],
							"faces": {
								"north": { "texture": "#metal", "uv": [ 0.0, 0.0, 1.5, 0.5 ] },
								"east": { "texture": "#metal", "uv": [ 0.0, 0.0, 0.5, 0.5 ] },
								"south": { "texture": "#metal", "uv": [ 0.0, 0.0, 1.5, 0.5 ] },
								"west": { "texture": "#metal", "uv": [ 0.0, 0.0, 0.5, 0.5 ] },
								"up": { "texture": "#metal", "uv": [ 0.0, 0.0, 1.5, 0.5 ] },
								"down": { "texture": "#metal", "uv": [ 0.0, 0.0, 1.5, 0.5 ] }
							}
						}
					]
				},
				{
					"name": "Wheel",
					"from": [ -0.2, 1.4, -0.6 ],
					"to": [ -0.2, 1.4, -0.6 ],
					"rotationOrigin": [ 0.3, 1.9, -0.1 ],
					"rotationX": -67.5,
					"faces": {
						"north": { "texture": "#metal", "uv": [ 0.0, 0.0, 0.5, 0.5 ] },
						"east": { "texture": "#metal", "uv": [ 0.0, 0.0, 0.5, 0.5 ] },
						"south": { "texture": "#metal", "uv": [ 0.0, 0.0, 0.5, 0.5 ] },
						"west": { "texture": "#metal", "uv": [ 0.0, 0.0, 0.5, 0.5 ] },
						"up": { "texture": "#metal", "uv": [ 0.0, 0.0, 0.5, 0.5 ] },
						"down": { "texture": "#metal", "uv": [ 0.0, 0.0, 0.5, 0.5 ] }
					},
					"children": [
						{
							"name": "Cube2",
							"from": [ 0.3, 0.0, 0.0 ],
							"to": [ 0.3, 0.0, 0.0 ],
							"rotationOrigin": [ 0.8, 0.5, 0.5 ],
							"faces": {
								"north": { "texture": "#metal", "uv": [ 2.5, 6.5, 3.0, 7.0 ] },
								"east": { "texture": "#metal", "uv": [ 1.5, 4.5, 2.0, 5.0 ] },
								"south": { "texture": "#metal", "uv": [ 5.5, 9.5, 6.0, 10.0 ] },
								"west": { "texture": "#metal", "uv": [ 3.0, 10.0, 3.5, 10.5 ] },
								"up": { "texture": "#metal", "uv": [ 2.0, 4.5, 2.5, 5.0 ] },
								"down": { "texture": "#metal", "uv": [ 3.0, 9.0, 3.5, 9.5 ] }
							},
							"children": [
								{
									"name": "Cube4",
									"from": [ 0.3, -0.2, 0.0 ],
									"to": [ 0.7, 0.0, 1.0 ],
									"rotationOrigin": [ 0.3, -0.2, 0.0 ],
									"faces": {
										"north": { "texture": "#metal", "uv": [ 5.0, 13.0, 5.5, 13.5 ] },
										"east": { "texture": "#metal", "uv": [ 5.5, 7.5, 6.5, 8.0 ] },
										"south": { "texture": "#metal", "uv": [ 3.0, 4.5, 3.5, 5.0 ] },
										"west": { "texture": "#metal", "uv": [ 9.5, 6.0, 10.5, 6.5 ] },
										"up": { "texture": "#metal", "uv": [ 7.0, 6.5, 7.5, 7.5 ] },
										"down": { "texture": "#metal", "uv": [ 6.5, 6.5, 7.0, 7.5 ] }
									}
								},
								{
									"name": "Cube5",
									"from": [ 0.3, 0.0, -0.2 ],
									"to": [ 0.7, 0.6, 1.2 ],
									"rotationOrigin": [ 0.3, 0.0, -0.2 ],
									"faces": {
										"north": { "texture": "#metal", "uv": [ 6.5, 8.0, 7.0, 8.5 ] },
										"east": { "texture": "#metal", "uv": [ 7.0, 8.0, 8.0, 8.5 ] },
										"south": { "texture": "#metal", "uv": [ 5.0, 6.0, 5.5, 6.5 ] },
										"west": { "texture": "#metal", "uv": [ 3.0, 8.5, 4.0, 9.0 ] },
										"up": { "texture": "#metal", "uv": [ 4.0, 4.0, 4.5, 5.0 ] },
										"down": { "texture": "#metal", "uv": [ 5.5, 4.0, 6.0, 5.0 ] }
									}
								},
								{
									"name": "Cube6",
									"from": [ 0.3, 0.6, 0.0 ],
									"to": [ 0.7, 1.2, 0.6 ],
									"rotationOrigin": [ 0.3, 0.6, 0.0 ],
									"faces": {
										"north": { "texture": "#metal", "uv": [ 5.5, 6.0, 6.0, 6.5 ] },
										"east": { "texture": "#metal", "uv": [ 5.5, 5.0, 6.0, 5.5 ] },
										"south": { "texture": "#metal", "uv": [ 3.0, 6.0, 3.5, 6.5 ] },
										"west": { "texture": "#metal", "uv": [ 8.0, 8.5, 8.5, 9.0 ] },
										"up": { "texture": "#metal", "uv": [ 5.5, 7.0, 6.0, 7.5 ] },
										"down": { "texture": "#metal", "uv": [ 4.0, 6.5, 4.5, 7.0 ] }
									}
								},
								{
									"name": "Cube7",
									"from": [ 0.3, 0.6, -0.2 ],
									"to": [ 0.7, 1.0, 0.0 ],
									"rotationOrigin": [ 0.3, 0.6, -0.2 ],
									"faces": {
										"north": { "texture": "#metal", "uv": [ 8.5, 8.5, 9.0, 9.0 ] },
										"east": { "texture": "#metal", "uv": [ 4.0, 5.5, 4.5, 6.0 ] },
										"south": { "texture": "#metal", "uv": [ 7.0, 8.0, 7.5, 8.5 ] },
										"west": { "texture": "#metal", "uv": [ 1.5, 6.0, 2.0, 6.5 ] },
										"up": { "texture": "#metal", "uv": [ 4.5, 6.0, 5.0, 6.5 ] },
										"down": { "texture": "#metal", "uv": [ 3.0, 8.5, 3.5, 9.0 ] }
									}
								}
							]
						},
						{
							"name": "Cube3",
							"from": [ 0.0, 0.0, 0.0 ],
							"to": [ 0.0, 0.0, 0.0 ],
							"rotationOrigin": [ 0.5, 0.5, 0.5 ],
							"faces": {
								"north": { "texture": "#metal", "uv": [ 0.0, 0.0, 0.5, 0.5 ] },
								"east": { "texture": "#metal", "uv": [ 0.0, 0.0, 0.5, 0.5 ] },
								"south": { "texture": "#metal", "uv": [ 0.0, 0.0, 0.5, 0.5 ] },
								"west": { "texture": "#metal", "uv": [ 0.0, 0.0, 0.5, 0.5 ] },
								"up": { "texture": "#metal", "uv": [ 0.0, 0.0, 0.5, 0.5 ] },
								"down": { "texture": "#metal", "uv": [ 0.0, 0.0, 0.5, 0.5 ] }
							},
							"children": [
								{
									"name": "Cube8",
									"from": [ 0.3, -0.2, 0.0 ],
									"to": [ 0.6, 0.0, 1.0 ],
									"rotationOrigin": [ 0.3, -0.2, 0.0 ],
									"faces": {
										"north": { "texture": "#metal", "uv": [ 9.0, 5.0, 9.5, 5.5 ] },
										"east": { "texture": "#metal", "uv": [ 4.5, 9.5, 5.5, 10.0 ] },
										"south": { "texture": "#metal", "uv": [ 1.5, 6.0, 2.0, 6.5 ] },
										"west": { "texture": "#metal", "uv": [ 8.5, 6.0, 9.5, 6.5 ] },
										"up": { "texture": "#metal", "uv": [ 5.0, 8.0, 5.5, 9.0 ] },
										"down": { "texture": "#metal", "uv": [ 6.5, 3.0, 7.0, 4.0 ] }
									}
								},
								{
									"name": "Cube9",
									"from": [ 0.3, 0.0, -0.2 ],
									"to": [ 0.6, 0.4, 1.2 ],
									"rotationOrigin": [ 0.3, 0.0, -0.2 ],
									"faces": {
										"north": { "texture": "#metal", "uv": [ 7.0, 4.0, 7.5, 4.5 ] },
										"east": { "texture": "#metal", "uv": [ 6.0, 6.0, 7.0, 6.5 ] },
										"south": { "texture": "#metal", "uv": [ 4.0, 5.5, 4.5, 6.0 ] },
										"west": { "texture": "#metal", "uv": [ 7.0, 5.5, 8.0, 6.0 ] },
										"up": { "texture": "#metal", "uv": [ 6.0, 5.5, 6.5, 6.5 ] },
										"down": { "texture": "#metal", "uv": [ 6.0, 3.0, 6.5, 4.0 ] }
									}
								}
							]
						},
						{
							"name": "Cube12",
							"from": [ -0.4, 0.0, 0.0 ],
							"to": [ -0.4, 0.0, 0.0 ],
							"rotationOrigin": [ 0.1, 0.5, 0.5 ],
							"faces": {
								"north": { "texture": "#metal", "uv": [ 0.0, 0.0, 0.5, 0.5 ] },
								"east": { "texture": "#metal", "uv": [ 0.0, 0.0, 0.5, 0.5 ] },
								"south": { "texture": "#metal", "uv": [ 0.0, 0.0, 0.5, 0.5 ] },
								"west": { "texture": "#metal", "uv": [ 0.0, 0.0, 0.5, 0.5 ] },
								"up": { "texture": "#metal", "uv": [ 0.0, 0.0, 0.5, 0.5 ] },
								"down": { "texture": "#metal", "uv": [ 0.0, 0.0, 0.5, 0.5 ] }
							},
							"children": [
								{
									"name": "Cube13",
									"from": [ 0.3, -0.2, 0.0 ],
									"to": [ 0.7, 0.0, 1.0 ],
									"rotationOrigin": [ 0.3, -0.2, 0.0 ],
									"faces": {
										"north": { "texture": "#metal", "uv": [ 7.5, 3.5, 8.0, 4.0 ] },
										"east": { "texture": "#metal", "uv": [ 8.5, 7.0, 9.5, 7.5 ] },
										"south": { "texture": "#metal", "uv": [ 7.5, 5.5, 8.0, 6.0 ] },
										"west": { "texture": "#metal", "uv": [ 7.5, 2.0, 8.5, 2.5 ] },
										"up": { "texture": "#metal", "uv": [ 8.0, 9.5, 8.5, 10.5 ] },
										"down": { "texture": "#metal", "uv": [ 6.0, 5.0, 6.5, 6.0 ] }
									}
								},
								{
									"name": "Cube14",
									"from": [ 0.3, 0.0, -0.2 ],
									"to": [ 0.7, 0.6, 1.2 ],
									"rotationOrigin": [ 0.3, 0.0, -0.2 ],
									"faces": {
										"north": { "texture": "#metal", "uv": [ 6.0, 6.0, 6.5, 6.5 ] },
										"east": { "texture": "#metal", "uv": [ 7.0, 7.0, 8.0, 7.5 ] },
										"south": { "texture": "#metal", "uv": [ 5.0, 6.5, 5.5, 7.0 ] },
										"west": { "texture": "#metal", "uv": [ 6.0, 8.5, 7.0, 9.0 ] },
										"up": { "texture": "#metal", "uv": [ 5.0, 7.5, 5.5, 8.5 ] },
										"down": { "texture": "#metal", "uv": [ 4.5, 3.5, 5.0, 4.5 ] }
									}
								},
								{
									"name": "Cube15",
									"from": [ 0.3, 0.6, 0.0 ],
									"to": [ 0.7, 1.2, 0.6 ],
									"rotationOrigin": [ 0.3, 0.6, 0.0 ],
									"faces": {
										"north": { "texture": "#metal", "uv": [ 4.0, 2.5, 4.5, 3.0 ] },
										"east": { "texture": "#metal", "uv": [ 8.0, 10.0, 8.5, 10.5 ] },
										"south": { "texture": "#metal", "uv": [ 11.0, 9.0, 11.5, 9.5 ] },
										"west": { "texture": "#metal", "uv": [ 4.5, 2.0, 5.0, 2.5 ] },
										"up": { "texture": "#metal", "uv": [ 6.0, 4.5, 6.5, 5.0 ] },
										"down": { "texture": "#metal", "uv": [ 6.0, 4.0, 6.5, 4.5 ] }
									}
								},
								{
									"name": "Cube16",
									"from": [ 0.3, 0.6, -0.2 ],
									"to": [ 0.7, 1.0, 0.0 ],
									"rotationOrigin": [ 0.3, 0.6, -0.2 ],
									"faces": {
										"north": { "texture": "#metal", "uv": [ 3.5, 5.5, 4.0, 6.0 ] },
										"east": { "texture": "#metal", "uv": [ 8.0, 7.0, 8.5, 7.5 ] },
										"south": { "texture": "#metal", "uv": [ 3.5, 7.0, 4.0, 7.5 ] },
										"west": { "texture": "#metal", "uv": [ 2.0, 4.0, 2.5, 4.5 ] },
										"up": { "texture": "#metal", "uv": [ 6.5, 7.0, 7.0, 7.5 ] },
										"down": { "texture": "#metal", "uv": [ 6.0, 4.0, 6.5, 4.5 ] }
									}
								}
							]
						}
					]
				},
				{
					"name": "Stock",
					"from": [ -0.5, 0.0, -3.0 ],
					"to": [ -0.5, 0.0, -3.0 ],
					"rotationOrigin": [ -0.5, 0.0, -3.0 ],
					"faces": {
						"north": { "texture": "#wood", "uv": [ 0.0, 0.0, 0.5, 0.5 ] },
						"east": { "texture": "#wood", "uv": [ 0.0, 0.0, 0.5, 0.5 ] },
						"south": { "texture": "#wood", "uv": [ 0.0, 0.0, 0.5, 0.5 ] },
						"west": { "texture": "#wood", "uv": [ 0.0, 0.0, 0.5, 0.5 ] },
						"up": { "texture": "#wood", "uv": [ 0.0, 0.0, 0.5, 0.5 ] },
						"down": { "texture": "#wood", "uv": [ 0.0, 0.0, 0.5, 0.5 ] }
					},
					"children": [
						{
							"name": "Stock_front_1",
							"from": [ 0.5, 0.5, -8.0 ],
							"to": [ 1.0, 1.7, 2.0 ],
							"rotationOrigin": [ 0.5, 0.5, -8.0 ],
							"faces": {
								"north": { "texture": "#wood", "uv": [ 2.5, 8.5, 3.0, 9.5 ] },
								"east": { "texture": "#wood", "uv": [ 0.0, 0.0, 10.0, 1.0 ] },
								"south": { "texture": "#wood", "uv": [ 0.0, 0.0, 0.5, 1.0 ] },
								"west": { "texture": "#wood", "uv": [ 0.0, 0.0, 10.0, 1.0 ] },
								"up": { "texture": "#wood", "uv": [ 0.0, 0.0, 0.5, 10.0 ] },
								"down": { "texture": "#wood", "uv": [ 0.0, 0.0, 0.5, 10.0 ] }
							},
							"children": [
								{
									"name": "Stock_front_2",
									"from": [ -0.5, 0.0, 0.0 ],
									"to": [ 0.0, 1.5, 10.0 ],
									"rotationOrigin": [ -0.5, 0.0, 0.0 ],
									"faces": {
										"north": { "texture": "#wood", "uv": [ 8.0, 5.5, 8.5, 7.0 ] },
										"east": { "texture": "#wood", "uv": [ 0.0, 0.0, 10.0, 1.5 ] },
										"south": { "texture": "#wood", "uv": [ 0.0, 0.0, 0.5, 1.5 ] },
										"west": { "texture": "#wood", "uv": [ 0.0, 0.0, 10.0, 1.5 ] },
										"up": { "texture": "#wood", "uv": [ 6.0, 1.5, 6.5, 11.5 ] },
										"down": { "texture": "#wood", "uv": [ 4.0, 1.5, 4.5, 11.5 ] }
									}
								},
								{
									"name": "Stock_front_3",
									"from": [ 0.5, 0.0, 0.0 ],
									"to": [ 1.0, 1.5, 10.0 ],
									"rotationOrigin": [ 0.5, 0.0, 0.0 ],
									"faces": {
										"north": { "texture": "#wood", "uv": [ 4.5, 5.0, 5.0, 6.5 ] },
										"east": { "texture": "#wood", "uv": [ 0.0, 0.0, 10.0, 1.5 ] },
										"south": { "texture": "#wood", "uv": [ 0.0, 0.0, 0.5, 1.5 ] },
										"west": { "texture": "#wood", "uv": [ 0.0, 0.0, 10.0, 1.5 ] },
										"up": { "texture": "#wood", "uv": [ 4.0, 1.0, 4.5, 11.0 ] },
										"down": { "texture": "#wood", "uv": [ 2.5, 3.5, 3.0, 13.5 ] }
									}
								},
								{
									"name": "Stock_front_4",
									"from": [ -0.5, -1.0, 0.0 ],
									"to": [ 1.0, 0.0, 4.5 ],
									"rotationOrigin": [ -0.5, -1.0, 0.0 ],
									"faces": {
										"north": { "texture": "#wood", "uv": [ 9.0, 4.0, 10.5, 5.0 ] },
										"east": { "texture": "#wood", "uv": [ 0.0, 0.0, 4.5, 1.0 ] },
										"south": { "texture": "#wood", "uv": [ 0.0, 0.0, 1.5, 1.0 ] },
										"west": { "texture": "#wood", "uv": [ 0.0, 0.0, 4.5, 1.0 ] },
										"up": { "texture": "#wood", "uv": [ 6.0, 1.5, 7.5, 6.0 ] },
										"down": { "texture": "#wood", "uv": [ 8.0, 4.5, 9.5, 9.0 ] }
									}
								},
								{
									"name": "Stock_front_5",
									"from": [ -0.49, -1.0, 3.5 ],
									"to": [ 0.99, 0.5, 4.5 ],
									"rotationOrigin": [ -0.5, -1.0, 4.5 ],
									"rotationX": 45.0,
									"faces": {
										"north": { "texture": "#wood", "uv": [ 8.0, 5.5, 9.0, 7.0 ] },
										"east": { "texture": "#wood", "uv": [ 0.0, 0.0, 1.0, 1.5 ] },
										"south": { "texture": "#wood", "uv": [ 0.0, 0.0, 1.0, 1.5 ] },
										"west": { "texture": "#wood", "uv": [ 0.0, 0.0, 1.0, 1.5 ] },
										"up": { "texture": "#wood", "uv": [ 6.0, 1.5, 7.0, 2.5 ] },
										"down": { "texture": "#wood", "uv": [ 4.0, 1.5, 5.0, 2.5 ] }
									}
								},
								{
									"name": "Stock_front_6",
									"from": [ -0.5, -0.5, 9.0 ],
									"to": [ 1.0, 0.0, 11.0 ],
									"rotationOrigin": [ -0.5, -0.5, 9.0 ],
									"faces": {
										"north": { "texture": "#wood", "uv": [ 13.0, 2.0, 14.5, 2.5 ] },
										"east": { "texture": "#wood", "uv": [ 8.0, 9.0, 10.0, 9.5 ] },
										"south": { "texture": "#wood", "uv": [ 0.0, 0.0, 1.5, 0.5 ] },
										"west": { "texture": "#wood", "uv": [ 12.0, 9.0, 14.0, 9.5 ] },
										"up": { "texture": "#wood", "uv": [ 6.0, 1.5, 7.5, 3.5 ] },
										"down": { "texture": "#wood", "uv": [ 12.5, 2.0, 14.0, 4.0 ] }
									},
									"children": [
										{
											"name": "Stock_front_8",
											"from": [ 0.0, 0.0, 2.0 ],
											"to": [ 0.5, 0.5, 3.5 ],
											"rotationOrigin": [ 0.0, 0.0, 2.0 ],
											"faces": {
												"north": { "texture": "#wood", "uv": [ 8.0, 5.5, 8.5, 6.0 ] },
												"east": { "texture": "#wood", "uv": [ 0.0, 0.0, 1.5, 0.5 ] },
												"south": { "texture": "#wood", "uv": [ 0.0, 0.0, 0.5, 0.5 ] },
												"west": { "texture": "#wood", "uv": [ 8.0, 3.5, 9.5, 4.0 ] },
												"up": { "texture": "#wood", "uv": [ 6.0, 1.5, 6.5, 3.0 ] },
												"down": { "texture": "#wood", "uv": [ 11.5, 3.0, 12.0, 4.5 ] }
											}
										},
										{
											"name": "Stock_front_9",
											"from": [ 0.0, 0.0, 3.5 ],
											"to": [ 1.5, 0.5, 4.0 ],
											"rotationOrigin": [ 0.0, 0.0, 3.5 ],
											"faces": {
												"north": { "texture": "#wood", "uv": [ 8.0, 5.5, 9.5, 6.0 ] },
												"east": { "texture": "#wood", "uv": [ 0.0, 0.0, 0.5, 0.5 ] },
												"south": { "texture": "#wood", "uv": [ 13.0, 4.5, 14.5, 5.0 ] },
												"west": { "texture": "#wood", "uv": [ 0.0, 0.0, 0.5, 0.5 ] },
												"up": { "texture": "#wood", "uv": [ 6.0, 1.5, 7.5, 2.0 ] },
												"down": { "texture": "#wood", "uv": [ 12.5, 2.0, 14.0, 2.5 ] }
											}
										},
										{
											"name": "Stock_front_10",
											"from": [ 0.0, 0.0, 2.0 ],
											"to": [ 0.5, 0.5, 3.5 ],
											"rotationOrigin": [ 0.0, 0.0, 2.0 ],
											"faces": {
												"north": { "texture": "#wood", "uv": [ 8.0, 5.5, 8.5, 6.0 ] },
												"east": { "texture": "#wood", "uv": [ 0.0, 0.0, 1.5, 0.5 ] },
												"south": { "texture": "#wood", "uv": [ 0.0, 0.0, 0.5, 0.5 ] },
												"west": { "texture": "#wood", "uv": [ 0.0, 0.0, 1.5, 0.5 ] },
												"up": { "texture": "#wood", "uv": [ 6.0, 1.5, 6.5, 3.0 ] },
												"down": { "texture": "#wood", "uv": [ 4.0, 1.5, 4.5, 3.0 ] }
											}
										},
										{
											"name": "Stock_front_11",
											"from": [ 1.0, 0.0, 2.0 ],
											"to": [ 1.5, 0.5, 3.5 ],
											"rotationOrigin": [ 1.0, 0.0, 2.0 ],
											"faces": {
												"north": { "texture": "#wood", "uv": [ 8.0, 5.5, 8.5, 6.0 ] },
												"east": { "texture": "#wood", "uv": [ 13.0, 3.5, 14.5, 4.0 ] },
												"south": { "texture": "#wood", "uv": [ 0.0, 0.0, 0.5, 0.5 ] },
												"west": { "texture": "#wood", "uv": [ 0.5, 6.0, 2.0, 6.5 ] },
												"up": { "texture": "#wood", "uv": [ 6.0, 1.5, 6.5, 3.0 ] },
												"down": { "texture": "#wood", "uv": [ 9.5, 2.5, 10.0, 4.0 ] }
											}
										}
									]
								},
								{
									"name": "Stock_front_7",
									"from": [ -0.5, 0.0, 11.7 ],
									"to": [ 1.0, 1.5, 13.0 ],
									"rotationOrigin": [ -0.5, 0.0, 11.7 ],
									"faces": {
										"north": { "texture": "#wood", "uv": [ 8.0, 5.5, 9.5, 7.0 ] },
										"east": { "texture": "#wood", "uv": [ 0.0, 0.0, 1.0, 1.5 ] },
										"south": { "texture": "#wood", "uv": [ 0.0, 0.0, 1.5, 1.5 ] },
										"west": { "texture": "#wood", "uv": [ 0.0, 0.0, 1.0, 1.5 ] },
										"up": { "texture": "#wood", "uv": [ 6.5, 6.7, 8.0, 8.0 ], "autoUv": false },
										"down": { "texture": "#wood", "uv": [ 4.0, 1.5, 5.5, 2.5 ] }
									}
								}
							]
						},
						{
							"name": "Stock_back_1",
							"from": [ 0.01, 1.0, 5.0 ],
							"to": [ 1.49, 2.0, 17.0 ],
							"rotationOrigin": [ 0.0, 2.0, 5.0 ],
							"rotationX": 5.0,
							"faces": {
								"north": { "texture": "#wood", "uv": [ 0.0, 0.0, 1.0, 1.0 ] },
								"east": { "texture": "#wood", "uv": [ 0.0, 0.0, 12.0, 1.0 ] },
								"south": { "texture": "#wood", "uv": [ 0.0, 0.0, 1.5, 1.0 ], "autoUv": false, "windMode": [-1,-1,-1,-1] },
								"west": { "texture": "#wood", "uv": [ 0.0, 0.0, 12.0, 1.0 ] },
								"up": { "texture": "#wood", "uv": [ 6.0, 2.0, 7.5, 14.0 ], "autoUv": false },
								"down": { "texture": "#wood", "uv": [ 0.0, 0.0, 1.0, 12.0 ] }
							},
							"children": [
								{
									"name": "Stock_back_2",
									"from": [ 0.01, 0.0, 0.0 ],
									"to": [ 1.47, 1.0, 12.0 ],
									"rotationOrigin": [ -0.02, 0.0, 12.0 ],
									"rotationX": -2.4,
									"faces": {
										"north": { "texture": "#wood", "uv": [ 0.0, 0.0, 1.0, 1.0 ] },
										"east": { "texture": "#wood", "uv": [ 1.5, 5.5, 13.5, 6.5 ] },
										"south": { "texture": "#wood", "uv": [ 0.0, 0.0, 1.0, 1.0 ], "autoUv": false, "windMode": [-1,-1,-1,-1] },
										"west": { "texture": "#wood", "uv": [ 0.5, 6.0, 12.5, 7.0 ] },
										"up": { "texture": "#wood", "uv": [ 0.0, 0.0, 1.0, 12.0 ] },
										"down": { "texture": "#wood", "uv": [ 5.5, 2.0, 7.0, 14.0 ], "autoUv": false }
									}
								},
								{
									"name": "Lever_lag",
									"from": [ -0.5, 0.0, 1.0 ],
									"to": [ 2.0, 0.5, 1.5 ],
									"rotationOrigin": [ -0.5, 0.0, 1.0 ],
									"faces": {
										"north": { "texture": "#metal", "uv": [ 0.0, 0.0, 2.5, 0.5 ] },
										"east": { "texture": "#metal", "uv": [ 0.0, 0.0, 0.5, 0.5 ] },
										"south": { "texture": "#metal", "uv": [ 0.0, 0.0, 2.5, 0.5 ] },
										"west": { "texture": "#metal", "uv": [ 0.0, 0.0, 0.5, 0.5 ] },
										"up": { "texture": "#metal", "uv": [ 0.0, 0.0, 2.5, 0.5 ] },
										"down": { "texture": "#metal", "uv": [ 0.0, 0.0, 2.5, 0.5 ] }
									}
								}
							]
						}
					]
				},
				{
					"name": "Bow",
					"from": [ -7.5, -0.1, -10.0 ],
					"to": [ -7.5, -0.1, -10.0 ],
					"rotationOrigin": [ 0.5, 0.6, -10.0 ],
					"rotationX": -10.0,
					"faces": {
						"north": { "texture": "#metal", "uv": [ 0.0, 0.0, 0.5, 0.5 ] },
						"east": { "texture": "#metal", "uv": [ 0.0, 0.0, 0.5, 0.5 ] },
						"south": { "texture": "#metal", "uv": [ 0.0, 0.0, 0.5, 0.5 ] },
						"west": { "texture": "#metal", "uv": [ 0.0, 0.0, 0.5, 0.5 ] },
						"up": { "texture": "#metal", "uv": [ 0.0, 0.0, 0.5, 0.5 ] },
						"down": { "texture": "#metal", "uv": [ 0.0, 0.0, 0.5, 0.5 ] }
					},
					"children": [
						{
							"name": "Bow_right_limb_1",
							"from": [ 9.0, 0.3022, 0.0 ],
							"to": [ 11.0, 1.3022, 0.5 ],
							"rotationOrigin": [ 9.0, 0.3022, 0.0 ],
							"rotationY": -1.0,
							"faces": {
								"north": { "texture": "#metal", "uv": [ 9.0, 4.0, 11.0, 5.0 ] },
								"east": { "texture": "#metal", "uv": [ 0.0, 0.0, 0.5, 1.0 ] },
								"south": { "texture": "#metal", "uv": [ 10.5, 4.0, 12.5, 5.0 ] },
								"west": { "texture": "#metal", "uv": [ 0.0, 0.0, 0.5, 1.0 ] },
								"up": { "texture": "#metal", "uv": [ 9.0, 2.5, 11.0, 3.0 ] },
								"down": { "texture": "#metal", "uv": [ 9.0, 4.0, 11.0, 4.5 ] }
							},
							"children": [
								{
									"name": "Bow_right_limb_2",
									"from": [ 2.0, 0.0, 0.0 ],
									"to": [ 4.0, 1.0, 0.5 ],
									"rotationOrigin": [ 2.0, 0.0, 0.0 ],
									"rotationY": -10.0,
									"faces": {
										"north": { "texture": "#metal", "uv": [ 7.0, 2.5, 9.0, 3.5 ] },
										"east": { "texture": "#metal", "uv": [ 0.0, 0.0, 0.5, 1.0 ] },
										"south": { "texture": "#metal", "uv": [ 4.5, 10.5, 6.5, 11.5 ] },
										"west": { "texture": "#metal", "uv": [ 0.0, 0.0, 0.5, 1.0 ] },
										"up": { "texture": "#metal", "uv": [ 7.0, 3.0, 9.0, 3.5 ] },
										"down": { "texture": "#metal", "uv": [ 7.5, 2.0, 9.5, 2.5 ] }
									},
									"children": [
										{
											"name": "Bow_right_limb_3",
											"from": [ 2.0, 0.0, 0.0 ],
											"to": [ 4.0, 1.0, 0.5 ],
											"rotationOrigin": [ 2.0, 0.0, 0.0 ],
											"rotationY": -10.0,
											"faces": {
												"north": { "texture": "#metal", "uv": [ 10.5, 4.0, 12.5, 5.0 ] },
												"east": { "texture": "#metal", "uv": [ 0.0, 0.0, 0.5, 1.0 ] },
												"south": { "texture": "#metal", "uv": [ 7.5, 5.5, 9.5, 6.5 ] },
												"west": { "texture": "#metal", "uv": [ 0.0, 0.0, 0.5, 1.0 ] },
												"up": { "texture": "#metal", "uv": [ 10.0, 3.5, 12.0, 4.0 ] },
												"down": { "texture": "#metal", "uv": [ 11.0, 3.5, 13.0, 4.0 ] }
											},
											"children": [
												{
													"name": "Bow_right_limb_4",
													"from": [ 2.0, 0.0, 0.0 ],
													"to": [ 4.0, 1.0, 0.5 ],
													"rotationOrigin": [ 2.0, 0.0, 0.0 ],
													"rotationY": -10.0,
													"faces": {
														"north": { "texture": "#metal", "uv": [ 5.0, 10.5, 7.0, 11.5 ] },
														"east": { "texture": "#metal", "uv": [ 0.0, 0.0, 0.5, 1.0 ] },
														"south": { "texture": "#metal", "uv": [ 2.0, 7.0, 4.0, 8.0 ] },
														"west": { "texture": "#metal", "uv": [ 0.0, 0.0, 0.5, 1.0 ] },
														"up": { "texture": "#metal", "uv": [ 4.5, 0.0, 6.5, 0.5 ] },
														"down": { "texture": "#metal", "uv": [ 9.5, 3.0, 11.5, 3.5 ] }
													},
													"children": [
														{
															"name": "Bow_right_limb_5",
															"from": [ 2.0, 0.0, 0.0 ],
															"to": [ 4.0, 1.0, 0.5 ],
															"rotationOrigin": [ 2.0, 0.0, 0.0 ],
															"rotationY": -10.0,
															"faces": {
																"north": { "texture": "#metal", "uv": [ 4.5, 11.0, 6.5, 12.0 ] },
																"east": { "texture": "#metal", "uv": [ 0.0, 0.0, 0.5, 1.0 ] },
																"south": { "texture": "#metal", "uv": [ 12.0, 4.0, 14.0, 5.0 ] },
																"west": { "texture": "#metal", "uv": [ 0.0, 0.0, 0.5, 1.0 ] },
																"up": { "texture": "#metal", "uv": [ 12.0, 0.0, 14.0, 0.5 ] },
																"down": { "texture": "#metal", "uv": [ 11.5, 0.5, 13.5, 1.0 ] }
															},
															"children": [
																{
																	"name": "Bow_right_limb_6",
																	"from": [ 2.0, 0.3, 0.0 ],
																	"to": [ 3.1, 0.7, 0.5 ],
																	"rotationOrigin": [ 2.0, 0.3, 0.5 ],
																	"rotationY": 40.0,
																	"faces": {
																		"north": { "texture": "#metal", "uv": [ 0.0, 0.0, 1.5, 0.5 ], "autoUv": false },
																		"east": { "texture": "#metal", "uv": [ 0.0, 0.0, 0.5, 0.5 ] },
																		"south": { "texture": "#metal", "uv": [ 0.0, 0.0, 1.5, 0.5 ], "autoUv": false },
																		"west": { "texture": "#metal", "uv": [ 0.0, 0.0, 0.5, 0.5 ] },
																		"up": { "texture": "#metal", "uv": [ 0.0, 0.0, 1.5, 0.5 ], "autoUv": false },
																		"down": { "texture": "#metal", "uv": [ 0.0, 0.0, 1.5, 0.5 ], "autoUv": false }
																	},
																	"children": [
																		{
																			"name": "Bow_right_limb_13",
																			"from": [ 0.3, -0.2, -0.4 ],
																			"to": [ 0.9, 0.6, 1.1 ],
																			"rotationOrigin": [ 0.3, -0.2, 0.1 ],
																			"rotationY": -20.0,
																			"rotationZ": -1.0,
																			"faces": {
																				"north": { "texture": "#linen", "uv": [ 0.0, 0.0, 1.0, 1.5 ], "autoUv": false },
																				"east": { "texture": "#linen", "uv": [ 0.0, 0.0, 2.5, 1.5 ], "autoUv": false },
																				"south": { "texture": "#linen", "uv": [ 0.0, 0.0, 1.0, 1.5 ], "autoUv": false },
																				"west": { "texture": "#linen", "uv": [ 0.0, 0.0, 1.5, 0.5 ] },
																				"up": { "texture": "#linen", "uv": [ 0.0, 0.0, 1.0, 2.5 ], "autoUv": false },
																				"down": { "texture": "#linen", "uv": [ 0.0, 0.0, 1.0, 2.5 ], "autoUv": false }
																			}
																		}
																	]
																}
															]
														}
													]
												}
											]
										}
									]
								}
							]
						},
						{
							"name": "Bow_holder_1",
							"from": [ 8.5, -0.0105, -0.3005 ],
							"to": [ 9.0, 1.5895, 0.6995 ],
							"rotationOrigin": [ 8.5, 0.6895, 0.0995 ],
							"faces": {
								"north": { "texture": "#metal", "uv": [ 0.0, 0.0, 0.5, 1.5 ] },
								"east": { "texture": "#metal", "uv": [ 0.0, 0.0, 1.0, 1.5 ] },
								"south": { "texture": "#metal", "uv": [ 0.0, 0.0, 0.5, 1.5 ] },
								"west": { "texture": "#metal", "uv": [ 0.0, 0.0, 1.0, 1.5 ] },
								"up": { "texture": "#metal", "uv": [ 0.0, 0.0, 0.5, 1.0 ] },
								"down": { "texture": "#metal", "uv": [ 0.0, 0.0, 0.5, 1.0 ] }
							},
							"children": [
								{
									"name": "Bow_holder_2",
									"from": [ 0.0, 0.3, 1.0 ],
									"to": [ 0.5, 1.3, 3.5 ],
									"rotationOrigin": [ 0.0, 0.3, 1.0 ],
									"faces": {
										"north": { "texture": "#metal", "uv": [ 0.0, 0.0, 0.5, 1.0 ] },
										"east": { "texture": "#metal", "uv": [ 8.5, 10.5, 11.0, 11.5 ] },
										"south": { "texture": "#metal", "uv": [ 0.0, 0.0, 0.5, 1.0 ] },
										"west": { "texture": "#metal", "uv": [ 0.0, 0.0, 2.5, 1.0 ] },
										"up": { "texture": "#metal", "uv": [ 0.0, 0.0, 0.5, 2.5 ] },
										"down": { "texture": "#metal", "uv": [ 0.0, 0.0, 0.5, 2.5 ] }
									},
									"children": [
										{
											"name": "Bow_holder_3",
											"from": [ 0.5, 0.3, 1.0 ],
											"to": [ 1.0, 0.7, 2.0 ],
											"rotationOrigin": [ 0.5, 0.3, 1.0 ],
											"faces": {
												"north": { "texture": "#metal", "uv": [ 6.5, 10.5, 7.0, 11.0 ] },
												"east": { "texture": "#metal", "uv": [ 9.0, 4.5, 10.0, 5.0 ] },
												"south": { "texture": "#metal", "uv": [ 5.5, 10.5, 6.0, 11.0 ] },
												"west": { "texture": "#metal", "uv": [ 6.5, 10.5, 7.5, 11.0 ] },
												"up": { "texture": "#metal", "uv": [ 5.5, 12.0, 6.0, 13.0 ] },
												"down": { "texture": "#metal", "uv": [ 5.5, 10.5, 6.0, 11.5 ] }
											}
										}
									]
								}
							]
						},
						{
							"name": "Bow_holder_4",
							"from": [ 6.5, -0.0105, -0.3005 ],
							"to": [ 7.0, 1.5895, 0.6995 ],
							"rotationOrigin": [ 6.5, 0.6895, 0.0995 ],
							"faces": {
								"north": { "texture": "#metal", "uv": [ 0.0, 0.0, 0.5, 1.5 ] },
								"east": { "texture": "#metal", "uv": [ 0.0, 0.0, 1.0, 1.5 ] },
								"south": { "texture": "#metal", "uv": [ 0.0, 0.0, 0.5, 1.5 ] },
								"west": { "texture": "#metal", "uv": [ 0.0, 0.0, 1.0, 1.5 ] },
								"up": { "texture": "#metal", "uv": [ 0.0, 0.0, 0.5, 1.0 ] },
								"down": { "texture": "#metal", "uv": [ 0.0, 0.0, 0.5, 1.0 ] }
							},
							"children": [
								{
									"name": "Bow_holder_5",
									"from": [ 0.0, 0.3, 1.0 ],
									"to": [ 0.5, 1.3, 3.5 ],
									"rotationOrigin": [ 0.0, 0.3, 1.0 ],
									"faces": {
										"north": { "texture": "#metal", "uv": [ 0.0, 0.0, 0.5, 1.0 ] },
										"east": { "texture": "#metal", "uv": [ 0.0, 0.0, 2.5, 1.0 ] },
										"south": { "texture": "#metal", "uv": [ 0.0, 0.0, 0.5, 1.0 ] },
										"west": { "texture": "#metal", "uv": [ 8.0, 8.5, 10.5, 9.5 ] },
										"up": { "texture": "#metal", "uv": [ 0.0, 0.0, 0.5, 2.5 ] },
										"down": { "texture": "#metal", "uv": [ 0.0, 0.0, 0.5, 2.5 ] }
									},
									"children": [
										{
											"name": "Bow_holder_6",
											"from": [ -0.5, 0.3, 1.0 ],
											"to": [ 0.0, 0.7, 2.0 ],
											"rotationOrigin": [ -0.5, 0.3, 1.0 ],
											"faces": {
												"north": { "texture": "#metal", "uv": [ 6.5, 10.5, 7.0, 11.0 ] },
												"east": { "texture": "#metal", "uv": [ 6.5, 10.5, 7.5, 11.0 ] },
												"south": { "texture": "#metal", "uv": [ 5.5, 10.5, 6.0, 11.0 ] },
												"west": { "texture": "#metal", "uv": [ 6.5, 10.5, 7.5, 11.0 ] },
												"up": { "texture": "#metal", "uv": [ 5.5, 12.0, 6.0, 13.0 ] },
												"down": { "texture": "#metal", "uv": [ 5.5, 10.5, 6.0, 11.5 ] }
											}
										}
									]
								}
							]
						},
						{
							"name": "Bow_right_limb_7",
							"from": [ 6.5, 1.3, 0.0 ],
							"to": [ 8.5, 2.3, 0.5 ],
							"rotationOrigin": [ 6.5, 1.3022, 0.0 ],
							"rotationY": 1.0,
							"rotationZ": 180.0,
							"faces": {
								"north": { "texture": "#metal", "uv": [ 9.0, 4.0, 11.0, 5.0 ] },
								"east": { "texture": "#metal", "uv": [ 0.0, 0.0, 0.5, 1.0 ] },
								"south": { "texture": "#metal", "uv": [ 10.5, 4.0, 12.5, 5.0 ] },
								"west": { "texture": "#metal", "uv": [ 0.0, 0.0, 0.5, 1.0 ] },
								"up": { "texture": "#metal", "uv": [ 9.0, 2.5, 11.0, 3.0 ] },
								"down": { "texture": "#metal", "uv": [ 9.0, 4.0, 11.0, 4.5 ] }
							},
							"children": [
								{
									"name": "Bow_right_limb_8",
									"from": [ 2.0, 0.0, 0.0 ],
									"to": [ 4.0, 1.0, 0.5 ],
									"rotationOrigin": [ 2.0, 0.0, 0.0 ],
									"rotationY": -10.0,
									"faces": {
										"north": { "texture": "#metal", "uv": [ 7.0, 2.5, 9.0, 3.5 ] },
										"east": { "texture": "#metal", "uv": [ 0.0, 0.0, 0.5, 1.0 ] },
										"south": { "texture": "#metal", "uv": [ 4.5, 10.5, 6.5, 11.5 ] },
										"west": { "texture": "#metal", "uv": [ 0.0, 0.0, 0.5, 1.0 ] },
										"up": { "texture": "#metal", "uv": [ 7.0, 3.0, 9.0, 3.5 ] },
										"down": { "texture": "#metal", "uv": [ 7.5, 2.0, 9.5, 2.5 ] }
									},
									"children": [
										{
											"name": "Bow_right_limb_9",
											"from": [ 2.0, 0.0, 0.0 ],
											"to": [ 4.0, 1.0, 0.5 ],
											"rotationOrigin": [ 2.0, 0.0, 0.0 ],
											"rotationY": -10.0,
											"faces": {
												"north": { "texture": "#metal", "uv": [ 10.5, 4.0, 12.5, 5.0 ] },
												"east": { "texture": "#metal", "uv": [ 0.0, 0.0, 0.5, 1.0 ] },
												"south": { "texture": "#metal", "uv": [ 7.5, 5.5, 9.5, 6.5 ] },
												"west": { "texture": "#metal", "uv": [ 0.0, 0.0, 0.5, 1.0 ] },
												"up": { "texture": "#metal", "uv": [ 10.0, 3.5, 12.0, 4.0 ] },
												"down": { "texture": "#metal", "uv": [ 11.0, 3.5, 13.0, 4.0 ] }
											},
											"children": [
												{
													"name": "Bow_right_limb_10",
													"from": [ 2.0, 0.0, 0.0 ],
													"to": [ 4.0, 1.0, 0.5 ],
													"rotationOrigin": [ 2.0, 0.0, 0.0 ],
													"rotationY": -10.0,
													"faces": {
														"north": { "texture": "#metal", "uv": [ 5.0, 10.5, 7.0, 11.5 ] },
														"east": { "texture": "#metal", "uv": [ 0.0, 0.0, 0.5, 1.0 ] },
														"south": { "texture": "#metal", "uv": [ 2.0, 7.0, 4.0, 8.0 ] },
														"west": { "texture": "#metal", "uv": [ 0.0, 0.0, 0.5, 1.0 ] },
														"up": { "texture": "#metal", "uv": [ 4.5, 0.0, 6.5, 0.5 ] },
														"down": { "texture": "#metal", "uv": [ 9.5, 3.0, 11.5, 3.5 ] }
													},
													"children": [
														{
															"name": "Bow_right_limb_11",
															"from": [ 2.0, 0.0, 0.0 ],
															"to": [ 4.0, 1.0, 0.5 ],
															"rotationOrigin": [ 2.0, 0.0, 0.0 ],
															"rotationY": -10.0,
															"faces": {
																"north": { "texture": "#metal", "uv": [ 4.5, 11.0, 6.5, 12.0 ] },
																"east": { "texture": "#metal", "uv": [ 0.0, 0.0, 0.5, 1.0 ] },
																"south": { "texture": "#metal", "uv": [ 12.0, 4.0, 14.0, 5.0 ] },
																"west": { "texture": "#metal", "uv": [ 0.0, 0.0, 0.5, 1.0 ] },
																"up": { "texture": "#metal", "uv": [ 12.0, 0.0, 14.0, 0.5 ] },
																"down": { "texture": "#metal", "uv": [ 11.5, 0.5, 13.5, 1.0 ] }
															},
															"children": [
																{
																	"name": "Bow_right_limb_12",
																	"from": [ 2.0, 0.3, 0.0 ],
																	"to": [ 3.1, 0.7, 0.5 ],
																	"rotationOrigin": [ 2.0, 0.3, 0.5 ],
																	"rotationY": 40.0,
																	"faces": {
																		"north": { "texture": "#metal", "uv": [ 0.0, 0.0, 1.5, 0.5 ], "autoUv": false },
																		"east": { "texture": "#metal", "uv": [ 0.0, 0.0, 0.5, 0.5 ] },
																		"south": { "texture": "#metal", "uv": [ 0.0, 0.0, 1.5, 0.5 ], "autoUv": false },
																		"west": { "texture": "#metal", "uv": [ 0.0, 0.0, 0.5, 0.5 ] },
																		"up": { "texture": "#metal", "uv": [ 0.0, 0.0, 1.5, 0.5 ], "autoUv": false },
																		"down": { "texture": "#metal", "uv": [ 0.0, 0.0, 1.5, 0.5 ], "autoUv": false }
																	},
																	"children": [
																		{
																			"name": "Bow_right_limb_14",
																			"from": [ 0.3, -0.2, -0.4 ],
																			"to": [ 0.9, 0.6, 1.1 ],
																			"rotationOrigin": [ 0.3, -0.2, 0.1 ],
																			"rotationY": -20.0,
																			"rotationZ": -1.0,
																			"faces": {
																				"north": { "texture": "#linen", "uv": [ 0.0, 0.0, 1.0, 1.5 ], "autoUv": false },
																				"east": { "texture": "#linen", "uv": [ 0.0, 0.0, 2.5, 1.5 ], "autoUv": false },
																				"south": { "texture": "#linen", "uv": [ 0.0, 0.0, 1.0, 1.5 ], "autoUv": false },
																				"west": { "texture": "#linen", "uv": [ 0.0, 0.0, 1.5, 0.5 ] },
																				"up": { "texture": "#linen", "uv": [ 0.0, 0.0, 1.0, 2.5 ], "autoUv": false },
																				"down": { "texture": "#linen", "uv": [ 0.0, 0.0, 1.0, 2.5 ], "autoUv": false }
																			}
																		}
																	]
																}
															]
														}
													]
												}
											]
										}
									]
								}
							]
						}
					]
				},
				{
					"name": "Bolt_point",
					"from": [ 0.25, 2.25, -1.0 ],
					"to": [ 0.25, 2.25, -1.0 ],
					"rotationOrigin": [ 0.25, 2.25, -1.0 ],
					"faces": {
						"north": { "texture": "#metal", "uv": [ 0.0, 0.0, 0.5, 0.5 ] },
						"east": { "texture": "#metal", "uv": [ 0.0, 0.0, 0.5, 0.5 ] },
						"south": { "texture": "#metal", "uv": [ 0.0, 0.0, 0.5, 0.5 ] },
						"west": { "texture": "#metal", "uv": [ 0.0, 0.0, 0.5, 0.5 ] },
						"up": { "texture": "#metal", "uv": [ 0.0, 0.0, 0.5, 0.5 ] },
						"down": { "texture": "#metal", "uv": [ 0.0, 0.0, 0.5, 0.5 ] }
					},
					"attachmentpoints": [
						{
							"code": "bolt",
							"posX": "0.0","posY": "0.0","posZ": "0.0",
							"rotationX": "0.0","rotationY": "90.0","rotationZ": "0.0"
						}
					]
				}
			]
		}
	],
	"animations": [
		{
			"name": "draw",
			"code": "draw",
			"quantityframes": 120,
			"onActivityStopped": "Rewind",
			"onAnimationEnd": "Hold",
			"keyframes": [
				{
					"frame": 0,
					"elements": {
						"Wheel": { "rotationX": 0.0, "rotationY": 0.0, "rotationZ": 0.0 },
						"String": { "offsetX": 0.0, "offsetY": 0.0, "offsetZ": 0.0 },
						"String_6": { "rotationX": 0.0, "rotationY": 0.0, "rotationZ": 0.0 },
						"String_2": { "rotationX": 0.0, "rotationY": 0.0, "rotationZ": 0.0 },
						"Bow_right_limb_7": { "rotationX": 0.0, "rotationY": 0.0, "rotationZ": 0.0 },
						"Bow_right_limb_8": { "rotationX": 0.0, "rotationY": 0.0, "rotationZ": 0.0 },
						"Bow_right_limb_9": { "rotationX": 0.0, "rotationY": 0.0, "rotationZ": 0.0 },
						"Bow_right_limb_10": { "rotationX": 0.0, "rotationY": 0.0, "rotationZ": 0.0 },
						"Bow_right_limb_11": { "rotationX": 0.0, "rotationY": 0.0, "rotationZ": 0.0 },
						"Bow_right_limb_1": { "rotationX": 0.0, "rotationY": 0.0, "rotationZ": 0.0 },
						"Bow_right_limb_2": { "rotationX": 0.0, "rotationY": 0.0, "rotationZ": 0.0 },
						"Bow_right_limb_3": { "rotationX": 0.0, "rotationY": 0.0, "rotationZ": 0.0 },
						"Bow_right_limb_4": { "rotationX": 0.0, "rotationY": 0.0, "rotationZ": 0.0 },
						"Bow_right_limb_5": { "rotationX": 0.0, "rotationY": 0.0, "rotationZ": 0.0 }
					}
				},
				{
					"frame": 1,
					"elements": {
						"String": { "offsetX": 0.0, "offsetY": 0.0, "offsetZ": 0.0 },
						"String_2": { "rotationX": 0.0, "rotationY": 0.0, "rotationZ": 0.0 },
						"String_6": { "rotationX": 0.0, "rotationY": 0.0, "rotationZ": 0.0 },
						"Wheel": { "rotationX": 0.0, "rotationY": 0.0, "rotationZ": 0.0 },
						"Bow_right_limb_1": { "rotationX": 0.0, "rotationY": 0.0, "rotationZ": 0.0 },
						"Bow_right_limb_2": { "rotationX": 0.0, "rotationY": 0.0, "rotationZ": 0.0 },
						"Bow_right_limb_3": { "rotationX": 0.0, "rotationY": 0.0, "rotationZ": 0.0 },
						"Bow_right_limb_4": { "rotationX": 0.0, "rotationY": 0.0, "rotationZ": 0.0 },
						"Bow_right_limb_5": { "rotationX": 0.0, "rotationY": 0.0, "rotationZ": 0.0 },
						"Bow_right_limb_7": { "rotationX": 0.0, "rotationY": 0.0, "rotationZ": 0.0 },
						"Bow_right_limb_8": { "rotationX": 0.0, "rotationY": 0.0, "rotationZ": 0.0 },
						"Bow_right_limb_9": { "rotationX": 0.0, "rotationY": 0.0, "rotationZ": 0.0 },
						"Bow_right_limb_10": { "rotationX": 0.0, "rotationY": 0.0, "rotationZ": 0.0 },
						"Bow_right_limb_11": { "rotationX": 0.0, "rotationY": 0.0, "rotationZ": 0.0 }
					}
				},
				{
					"frame": 30,
					"elements": {
						"Wheel": { "rotationX": 0.0, "rotationY": 0.0, "rotationZ": 0.0 },
						"Bow_right_limb_7": { "rotationX": 0.0, "rotationY": 0.0, "rotationZ": 0.0 },
						"Bow_right_limb_8": { "rotationX": 0.0, "rotationY": 0.0, "rotationZ": 0.0 },
						"Bow_right_limb_9": { "rotationX": 0.0, "rotationY": 0.0, "rotationZ": 0.0 },
						"Bow_right_limb_10": { "rotationX": 0.0, "rotationY": 0.0, "rotationZ": 0.0 },
						"Bow_right_limb_11": { "rotationX": 0.0, "rotationY": 0.0, "rotationZ": 0.0 },
						"Bow_right_limb_1": { "rotationX": 0.0, "rotationY": 0.0, "rotationZ": 0.0 },
						"Bow_right_limb_2": { "rotationX": 0.0, "rotationY": 0.0, "rotationZ": 0.0 },
						"Bow_right_limb_3": { "rotationX": 0.0, "rotationY": 0.0, "rotationZ": 0.0 },
						"Bow_right_limb_4": { "rotationX": 0.0, "rotationY": 0.0, "rotationZ": 0.0 },
						"Bow_right_limb_5": { "rotationX": 0.0, "rotationY": 0.0, "rotationZ": 0.0 },
						"String": { "offsetX": 0.0, "offsetY": 0.0, "offsetZ": 0.0 },
						"String_2": { "rotationX": 0.0, "rotationY": 0.0, "rotationZ": 0.0 },
						"String_6": { "rotationX": 0.0, "rotationY": 0.0, "rotationZ": 0.0 }
					}
				},
				{
					"frame": 40,
					"elements": {

					}
				},
				{
					"frame": 55,
					"elements": {
						"Bow_right_limb_7": { "rotationX": 0.0, "rotationY": 0.0, "rotationZ": 0.0 },
						"Bow_right_limb_8": { "rotationX": 0.0, "rotationY": 0.0, "rotationZ": 0.0 },
						"Bow_right_limb_9": { "rotationX": 0.0, "rotationY": 0.0, "rotationZ": 0.0 },
						"Bow_right_limb_10": { "rotationX": 0.0, "rotationY": 0.0, "rotationZ": 0.0 },
						"Bow_right_limb_11": { "rotationX": 0.0, "rotationY": 0.0, "rotationZ": 0.0 },
						"Bow_right_limb_1": { "rotationX": 0.0, "rotationY": 0.0, "rotationZ": 0.0 },
						"Bow_right_limb_2": { "rotationX": 0.0, "rotationY": 0.0, "rotationZ": 0.0 },
						"Bow_right_limb_3": { "rotationX": 0.0, "rotationY": 0.0, "rotationZ": 0.0 },
						"Bow_right_limb_4": { "rotationX": 0.0, "rotationY": 0.0, "rotationZ": 0.0 },
						"Bow_right_limb_5": { "rotationX": 0.0, "rotationY": 0.0, "rotationZ": 0.0 },
						"String": { "offsetX": 0.0, "offsetY": 0.0, "offsetZ": 0.0 },
						"String_6": { "rotationX": 0.0, "rotationY": 0.0, "rotationZ": 0.0 },
						"String_2": { "rotationX": 0.0, "rotationY": 0.0, "rotationZ": 0.0 }
					}
				},
				{
					"frame": 63,
					"elements": {

					}
				},
				{
					"frame": 70,
					"elements": {

					}
				},
				{
					"frame": 75,
					"elements": {
						"Wheel": { "rotationX": 0.0, "rotationY": 0.0, "rotationZ": 0.0 }
					}
				},
				{
					"frame": 77,
					"elements": {
						"Wheel": { "rotationX": -10.0, "rotationY": 0.0, "rotationZ": 0.0 }
					}
				},
				{
					"frame": 80,
					"elements": {
						"String": { "offsetX": 0.0, "offsetY": 0.0, "offsetZ": 6.3 },
						"String_6": { "rotationX": 2.0, "rotationY": -29.0, "rotationZ": 0.0 },
						"String_2": { "rotationX": 2.0, "rotationY": 29.0, "rotationZ": 0.0 },
						"Bow_right_limb_7": { "rotationX": 0.0, "rotationY": 3.0, "rotationZ": 0.0 },
						"Bow_right_limb_8": { "rotationX": 0.0, "rotationY": -4.0, "rotationZ": 0.0 },
						"Bow_right_limb_9": { "rotationX": 0.0, "rotationY": -4.0, "rotationZ": 0.0 },
						"Bow_right_limb_10": { "rotationX": 0.0, "rotationY": -4.0, "rotationZ": 0.0 },
						"Bow_right_limb_11": { "rotationX": 0.0, "rotationY": -4.0, "rotationZ": 0.0 },
						"Bow_right_limb_1": { "rotationX": 0.0, "rotationY": -3.0, "rotationZ": 0.0 },
						"Bow_right_limb_2": { "rotationX": 0.0, "rotationY": -4.0, "rotationZ": 0.0 },
						"Bow_right_limb_3": { "rotationX": 0.0, "rotationY": -4.0, "rotationZ": 0.0 },
						"Bow_right_limb_4": { "rotationX": 0.0, "rotationY": -4.0, "rotationZ": 0.0 },
						"Bow_right_limb_5": { "rotationX": 0.0, "rotationY": -4.0, "rotationZ": 0.0 },
						"Wheel": { "rotationX": 65.0, "rotationY": 0.0, "rotationZ": 0.0 }
					}
				},
				{
					"frame": 90,
					"elements": {
						"String": { "offsetX": 0.0, "offsetY": 0.0, "offsetZ": 6.3 },
						"String_2": { "rotationX": 2.0, "rotationY": 29.0, "rotationZ": 0.0 },
						"String_6": { "rotationX": 2.0, "rotationY": -29.0, "rotationZ": 0.0 },
						"Wheel": { "rotationX": 65.0, "rotationY": 0.0, "rotationZ": 0.0 },
						"Bow_right_limb_1": { "rotationX": 0.0, "rotationY": -3.0, "rotationZ": 0.0 },
						"Bow_right_limb_2": { "rotationX": 0.0, "rotationY": -4.0, "rotationZ": 0.0 },
						"Bow_right_limb_3": { "rotationX": 0.0, "rotationY": -4.0, "rotationZ": 0.0 },
						"Bow_right_limb_4": { "rotationX": 0.0, "rotationY": -4.0, "rotationZ": 0.0 },
						"Bow_right_limb_5": { "rotationX": 0.0, "rotationY": -4.0, "rotationZ": 0.0 },
						"Bow_right_limb_7": { "rotationX": 0.0, "rotationY": 3.0, "rotationZ": 0.0 },
						"Bow_right_limb_8": { "rotationX": 0.0, "rotationY": -4.0, "rotationZ": 0.0 },
						"Bow_right_limb_9": { "rotationX": 0.0, "rotationY": -4.0, "rotationZ": 0.0 },
						"Bow_right_limb_10": { "rotationX": 0.0, "rotationY": -4.0, "rotationZ": 0.0 },
						"Bow_right_limb_11": { "rotationX": 0.0, "rotationY": -4.0, "rotationZ": 0.0 }
					}
				},
				{
					"frame": 95,
					"elements": {
						"String": { "offsetX": 0.0, "offsetY": 0.0, "offsetZ": 6.3 },
						"String_2": { "rotationX": 2.0, "rotationY": 29.0, "rotationZ": 0.0 },
						"String_6": { "rotationX": 2.0, "rotationY": -29.0, "rotationZ": 0.0 },
						"Wheel": { "rotationX": 65.0, "rotationY": 0.0, "rotationZ": 0.0 },
						"Bow_right_limb_1": { "rotationX": 0.0, "rotationY": -3.0, "rotationZ": 0.0 },
						"Bow_right_limb_2": { "rotationX": 0.0, "rotationY": -4.0, "rotationZ": 0.0 },
						"Bow_right_limb_3": { "rotationX": 0.0, "rotationY": -4.0, "rotationZ": 0.0 },
						"Bow_right_limb_4": { "rotationX": 0.0, "rotationY": -4.0, "rotationZ": 0.0 },
						"Bow_right_limb_5": { "rotationX": 0.0, "rotationY": -4.0, "rotationZ": 0.0 },
						"Bow_right_limb_7": { "rotationX": 0.0, "rotationY": 3.0, "rotationZ": 0.0 },
						"Bow_right_limb_8": { "rotationX": 0.0, "rotationY": -4.0, "rotationZ": 0.0 },
						"Bow_right_limb_9": { "rotationX": 0.0, "rotationY": -4.0, "rotationZ": 0.0 },
						"Bow_right_limb_10": { "rotationX": 0.0, "rotationY": -4.0, "rotationZ": 0.0 },
						"Bow_right_limb_11": { "rotationX": 0.0, "rotationY": -4.0, "rotationZ": 0.0 }
					}
				},
				{
					"frame": 119,
					"elements": {
						"String": { "offsetX": 0.0, "offsetY": 0.0, "offsetZ": 6.3 },
						"String_2": { "rotationX": 2.0, "rotationY": 29.0, "rotationZ": 0.0 },
						"String_6": { "rotationX": 2.0, "rotationY": -29.0, "rotationZ": 0.0 },
						"Wheel": { "rotationX": 65.0, "rotationY": 0.0, "rotationZ": 0.0 },
						"Bow_right_limb_1": { "rotationX": 0.0, "rotationY": -3.0, "rotationZ": 0.0 },
						"Bow_right_limb_2": { "rotationX": 0.0, "rotationY": -4.0, "rotationZ": 0.0 },
						"Bow_right_limb_3": { "rotationX": 0.0, "rotationY": -4.0, "rotationZ": 0.0 },
						"Bow_right_limb_4": { "rotationX": 0.0, "rotationY": -4.0, "rotationZ": 0.0 },
						"Bow_right_limb_5": { "rotationX": 0.0, "rotationY": -4.0, "rotationZ": 0.0 },
						"Bow_right_limb_7": { "rotationX": 0.0, "rotationY": 3.0, "rotationZ": 0.0 },
						"Bow_right_limb_8": { "rotationX": 0.0, "rotationY": -4.0, "rotationZ": 0.0 },
						"Bow_right_limb_9": { "rotationX": 0.0, "rotationY": -4.0, "rotationZ": 0.0 },
						"Bow_right_limb_10": { "rotationX": 0.0, "rotationY": -4.0, "rotationZ": 0.0 },
						"Bow_right_limb_11": { "rotationX": 0.0, "rotationY": -4.0, "rotationZ": 0.0 }
					}
				}
			]
		},

		{
			"name": "load",
			"code": "load",
			"quantityframes": 30,
			"onActivityStopped": "Rewind",
			"onAnimationEnd": "Hold",
			"keyframes": [
				{
					"frame": 0,
					"elements": {
						"Bolt_point": { "offsetX": 0.0, "offsetY": 26.0, "offsetZ": 10.0, "rotationX": 90.0, "rotationY": 0.0, "rotationZ": 0.0 },
						"String": { "offsetX": 0.0, "offsetY": 0.0, "offsetZ": 6.3 },
						"String_2": { "rotationX": 2.0, "rotationY": 29.0, "rotationZ": 0.0 },
						"String_6": { "rotationX": 2.0, "rotationY": -29.0, "rotationZ": 0.0 },
						"Wheel": { "rotationX": 65.0, "rotationY": 0.0, "rotationZ": 0.0 },
						"Bow_right_limb_1": { "rotationX": 0.0, "rotationY": -3.0, "rotationZ": 0.0 },
						"Bow_right_limb_2": { "rotationX": 0.0, "rotationY": -4.0, "rotationZ": 0.0 },
						"Bow_right_limb_3": { "rotationX": 0.0, "rotationY": -4.0, "rotationZ": 0.0 },
						"Bow_right_limb_4": { "rotationX": 0.0, "rotationY": -4.0, "rotationZ": 0.0 },
						"Bow_right_limb_5": { "rotationX": 0.0, "rotationY": -4.0, "rotationZ": 0.0 },
						"Bow_right_limb_7": { "rotationX": 0.0, "rotationY": 3.0, "rotationZ": 0.0 },
						"Bow_right_limb_8": { "rotationX": 0.0, "rotationY": -4.0, "rotationZ": 0.0 },
						"Bow_right_limb_9": { "rotationX": 0.0, "rotationY": -4.0, "rotationZ": 0.0 },
						"Bow_right_limb_10": { "rotationX": 0.0, "rotationY": -4.0, "rotationZ": 0.0 },
						"Bow_right_limb_11": { "rotationX": 0.0, "rotationY": -4.0, "rotationZ": 0.0 }
					}
				},
				{
					"frame": 15,
					"elements": {
						"Bolt_point": { "offsetX": 0.0, "offsetY": 3.0, "offsetZ": -2.0, "rotationX": 20.0, "rotationY": 0.0, "rotationZ": 0.0 }
					}
				},
				{
					"frame": 29,
					"elements": {
						"Bolt_point": { "offsetX": 0.0, "offsetY": 0.0, "offsetZ": 0.0, "rotationX": 0.0, "rotationY": 0.0, "rotationZ": 0.0 },
						"String": { "offsetX": 0.0, "offsetY": 0.0, "offsetZ": 6.3 },
						"String_2": { "rotationX": 2.0, "rotationY": 29.0, "rotationZ": 0.0 },
						"String_6": { "rotationX": 2.0, "rotationY": -29.0, "rotationZ": 0.0 },
						"Wheel": { "rotationX": 65.0, "rotationY": 0.0, "rotationZ": 0.0 },
						"Bow_right_limb_1": { "rotationX": 0.0, "rotationY": -3.0, "rotationZ": 0.0 },
						"Bow_right_limb_2": { "rotationX": 0.0, "rotationY": -4.0, "rotationZ": 0.0 },
						"Bow_right_limb_3": { "rotationX": 0.0, "rotationY": -4.0, "rotationZ": 0.0 },
						"Bow_right_limb_4": { "rotationX": 0.0, "rotationY": -4.0, "rotationZ": 0.0 },
						"Bow_right_limb_5": { "rotationX": 0.0, "rotationY": -4.0, "rotationZ": 0.0 },
						"Bow_right_limb_7": { "rotationX": 0.0, "rotationY": 3.0, "rotationZ": 0.0 },
						"Bow_right_limb_8": { "rotationX": 0.0, "rotationY": -4.0, "rotationZ": 0.0 },
						"Bow_right_limb_9": { "rotationX": 0.0, "rotationY": -4.0, "rotationZ": 0.0 },
						"Bow_right_limb_10": { "rotationX": 0.0, "rotationY": -4.0, "rotationZ": 0.0 },
						"Bow_right_limb_11": { "rotationX": 0.0, "rotationY": -4.0, "rotationZ": 0.0 }
					}
				}
			]
		},

		{
			"name": "release",
			"code": "release",
			"quantityframes": 108,
			"onActivityStopped": "PlayTillEnd",
			"onAnimationEnd": "Hold",
			"keyframes": [
				{
					"frame": 0,
					"elements": {
						"String": { "offsetX": 0.0, "offsetY": 0.0, "offsetZ": 6.3 },
						"String_2": { "rotationX": 2.0, "rotationY": 29.0, "rotationZ": 0.0 },
						"String_6": { "rotationX": 2.0, "rotationY": -29.0, "rotationZ": 0.0 },
						"Wheel": { "rotationX": 65.0, "rotationY": 0.0, "rotationZ": 0.0 },
						"Bow_right_limb_7": { "rotationX": 0.0, "rotationY": 3.0, "rotationZ": 0.0 },
						"Bow_right_limb_8": { "rotationX": 0.0, "rotationY": -4.0, "rotationZ": 0.0 },
						"Bow_right_limb_9": { "rotationX": 0.0, "rotationY": -4.0, "rotationZ": 0.0 },
						"Bow_right_limb_10": { "rotationX": 0.0, "rotationY": -4.0, "rotationZ": 0.0 },
						"Bow_right_limb_11": { "rotationX": 0.0, "rotationY": -4.0, "rotationZ": 0.0 },
						"Bow_right_limb_1": { "rotationX": 0.0, "rotationY": -3.0, "rotationZ": 0.0 },
						"Bow_right_limb_2": { "rotationX": 0.0, "rotationY": -4.0, "rotationZ": 0.0 },
						"Bow_right_limb_3": { "rotationX": 0.0, "rotationY": -4.0, "rotationZ": 0.0 },
						"Bow_right_limb_4": { "rotationX": 0.0, "rotationY": -4.0, "rotationZ": 0.0 },
						"Bow_right_limb_5": { "rotationX": 0.0, "rotationY": -4.0, "rotationZ": 0.0 },
						"Bolt_point": { "offsetX": 0.0, "offsetY": 0.0, "offsetZ": 0.0 },
						"Lever": { "rotationX": 0.0, "rotationY": 0.0, "rotationZ": 0.0 }
					}
				},
				{
					"frame": 1,
					"elements": {
						"String": { "offsetX": 0.0, "offsetY": 0.0, "offsetZ": 6.3 },
						"String_2": { "rotationX": 2.0, "rotationY": 29.0, "rotationZ": 0.0 },
						"String_6": { "rotationX": 2.0, "rotationY": -29.0, "rotationZ": 0.0 },
						"Lever": { "rotationX": -14.5, "rotationY": 0.0, "rotationZ": 0.0 },
						"Wheel": { "rotationX": 65.0, "rotationY": 0.0, "rotationZ": 0.0 },
						"Bow_right_limb_1": { "rotationX": 0.0, "rotationY": -3.0, "rotationZ": 0.0 },
						"Bow_right_limb_2": { "rotationX": 0.0, "rotationY": -4.0, "rotationZ": 0.0 },
						"Bow_right_limb_3": { "rotationX": 0.0, "rotationY": -4.0, "rotationZ": 0.0 },
						"Bow_right_limb_4": { "rotationX": 0.0, "rotationY": -4.0, "rotationZ": 0.0 },
						"Bow_right_limb_5": { "rotationX": 0.0, "rotationY": -4.0, "rotationZ": 0.0 },
						"Bow_right_limb_7": { "rotationX": 0.0, "rotationY": 3.0, "rotationZ": 0.0 },
						"Bow_right_limb_8": { "rotationX": 0.0, "rotationY": -4.0, "rotationZ": 0.0 },
						"Bow_right_limb_9": { "rotationX": 0.0, "rotationY": -4.0, "rotationZ": 0.0 },
						"Bow_right_limb_10": { "rotationX": 0.0, "rotationY": -4.0, "rotationZ": 0.0 },
						"Bow_right_limb_11": { "rotationX": 0.0, "rotationY": -4.0, "rotationZ": 0.0 },
						"Bolt_point": { "offsetX": 0.0, "offsetY": 0.0, "offsetZ": 0.0 }
					}
				},
				{
					"frame": 3,
					"elements": {
						"Wheel": { "rotationX": -20.0, "rotationY": 0.0, "rotationZ": 0.0 }
					}
				},
				{
					"frame": 6,
					"elements": {
						"String": { "offsetX": 0.0, "offsetY": 0.0, "offsetZ": 0.0 },
						"String_6": { "rotationX": 0.0, "rotationY": 0.0, "rotationZ": 0.0 },
						"String_2": { "rotationX": 0.0, "rotationY": 0.0, "rotationZ": 0.0 },
						"Bow_right_limb_7": { "rotationX": 0.0, "rotationY": 0.0, "rotationZ": 0.0 },
						"Bow_right_limb_8": { "rotationX": 0.0, "rotationY": 0.0, "rotationZ": 0.0 },
						"Bow_right_limb_9": { "rotationX": 0.0, "rotationY": 0.0, "rotationZ": 0.0 },
						"Bow_right_limb_10": { "rotationX": 0.0, "rotationY": 0.0, "rotationZ": 0.0 },
						"Bow_right_limb_11": { "rotationX": 0.0, "rotationY": 0.0, "rotationZ": 0.0 },
						"Bow_right_limb_1": { "rotationX": 0.0, "rotationY": 0.0, "rotationZ": 0.0 },
						"Bow_right_limb_2": { "rotationX": 0.0, "rotationY": 0.0, "rotationZ": 0.0 },
						"Bow_right_limb_3": { "rotationX": 0.0, "rotationY": 0.0, "rotationZ": 0.0 },
						"Bow_right_limb_4": { "rotationX": 0.0, "rotationY": 0.0, "rotationZ": 0.0 },
						"Bow_right_limb_5": { "rotationX": 0.0, "rotationY": 0.0, "rotationZ": 0.0 },
						"Bolt_point": { "offsetX": 0.0, "offsetY": 0.0, "offsetZ": -6.3 }
					}
				},
				{
					"frame": 9,
					"elements": {
						"String": { "offsetX": 0.0, "offsetY": 0.0, "offsetZ": 0.0 },
						"String_2": { "rotationX": 0.0, "rotationY": 0.0, "rotationZ": 0.0 },
						"String_6": { "rotationX": 0.0, "rotationY": 0.0, "rotationZ": 0.0 },
						"Bow_right_limb_1": { "rotationX": 0.0, "rotationY": 0.0, "rotationZ": 0.0 },
						"Bow_right_limb_2": { "rotationX": 0.0, "rotationY": 0.0, "rotationZ": 0.0 },
						"Bow_right_limb_3": { "rotationX": 0.0, "rotationY": 0.0, "rotationZ": 0.0 },
						"Bow_right_limb_4": { "rotationX": 0.0, "rotationY": 0.0, "rotationZ": 0.0 },
						"Bow_right_limb_5": { "rotationX": 0.0, "rotationY": 0.0, "rotationZ": 0.0 },
						"Bow_right_limb_7": { "rotationX": 0.0, "rotationY": 0.0, "rotationZ": 0.0 },
						"Bow_right_limb_8": { "rotationX": 0.0, "rotationY": 0.0, "rotationZ": 0.0 },
						"Bow_right_limb_9": { "rotationX": 0.0, "rotationY": 0.0, "rotationZ": 0.0 },
						"Bow_right_limb_10": { "rotationX": 0.0, "rotationY": 0.0, "rotationZ": 0.0 },
						"Bow_right_limb_11": { "rotationX": 0.0, "rotationY": 0.0, "rotationZ": 0.0 }
					}
				},
				{
					"frame": 12,
					"elements": {
						"String": { "offsetX": 0.0, "offsetY": 0.0, "offsetZ": 0.0 },
						"String_2": { "rotationX": 0.0, "rotationY": 0.0, "rotationZ": 0.0 },
						"String_6": { "rotationX": 0.0, "rotationY": 0.0, "rotationZ": 0.0 },
						"Bow_right_limb_1": { "rotationX": 0.0, "rotationY": 0.0, "rotationZ": 0.0 },
						"Bow_right_limb_2": { "rotationX": 0.0, "rotationY": 0.0, "rotationZ": 0.0 },
						"Bow_right_limb_3": { "rotationX": 0.0, "rotationY": 0.0, "rotationZ": 0.0 },
						"Bow_right_limb_4": { "rotationX": 0.0, "rotationY": 0.0, "rotationZ": 0.0 },
						"Bow_right_limb_5": { "rotationX": 0.0, "rotationY": 0.0, "rotationZ": 0.0 },
						"Bow_right_limb_7": { "rotationX": 0.0, "rotationY": 0.0, "rotationZ": 0.0 },
						"Bow_right_limb_8": { "rotationX": 0.0, "rotationY": 0.0, "rotationZ": 0.0 },
						"Bow_right_limb_9": { "rotationX": 0.0, "rotationY": 0.0, "rotationZ": 0.0 },
						"Bow_right_limb_10": { "rotationX": 0.0, "rotationY": 0.0, "rotationZ": 0.0 },
						"Bow_right_limb_11": { "rotationX": 0.0, "rotationY": 0.0, "rotationZ": 0.0 }
					}
				},
				{
					"frame": 15,
					"elements": {
						"String": { "offsetX": 0.0, "offsetY": 0.0, "offsetZ": 0.0 },
						"String_2": { "rotationX": 0.0, "rotationY": 0.0, "rotationZ": 0.0 },
						"String_6": { "rotationX": 0.0, "rotationY": 0.0, "rotationZ": 0.0 },
						"Bow_right_limb_1": { "rotationX": 0.0, "rotationY": 0.0, "rotationZ": 0.0 },
						"Bow_right_limb_2": { "rotationX": 0.0, "rotationY": 0.0, "rotationZ": 0.0 },
						"Bow_right_limb_3": { "rotationX": 0.0, "rotationY": 0.0, "rotationZ": 0.0 },
						"Bow_right_limb_4": { "rotationX": 0.0, "rotationY": 0.0, "rotationZ": 0.0 },
						"Bow_right_limb_5": { "rotationX": 0.0, "rotationY": 0.0, "rotationZ": 0.0 },
						"Bow_right_limb_7": { "rotationX": 0.0, "rotationY": 0.0, "rotationZ": 0.0 },
						"Bow_right_limb_8": { "rotationX": 0.0, "rotationY": 0.0, "rotationZ": 0.0 },
						"Bow_right_limb_9": { "rotationX": 0.0, "rotationY": 0.0, "rotationZ": 0.0 },
						"Bow_right_limb_10": { "rotationX": 0.0, "rotationY": 0.0, "rotationZ": 0.0 },
						"Bow_right_limb_11": { "rotationX": 0.0, "rotationY": 0.0, "rotationZ": 0.0 }
					}
				},
				{
					"frame": 18,
					"elements": {
						"String": { "offsetX": 0.0, "offsetY": 0.0, "offsetZ": 0.0 },
						"String_2": { "rotationX": 0.0, "rotationY": 0.0, "rotationZ": 0.0 },
						"String_6": { "rotationX": 0.0, "rotationY": 0.0, "rotationZ": 0.0 },
						"Bow_right_limb_1": { "rotationX": 0.0, "rotationY": 0.0, "rotationZ": 0.0 },
						"Bow_right_limb_2": { "rotationX": 0.0, "rotationY": 0.0, "rotationZ": 0.0 },
						"Bow_right_limb_3": { "rotationX": 0.0, "rotationY": 0.0, "rotationZ": 0.0 },
						"Bow_right_limb_4": { "rotationX": 0.0, "rotationY": 0.0, "rotationZ": 0.0 },
						"Bow_right_limb_5": { "rotationX": 0.0, "rotationY": 0.0, "rotationZ": 0.0 },
						"Bow_right_limb_7": { "rotationX": 0.0, "rotationY": 0.0, "rotationZ": 0.0 },
						"Bow_right_limb_8": { "rotationX": 0.0, "rotationY": 0.0, "rotationZ": 0.0 },
						"Bow_right_limb_9": { "rotationX": 0.0, "rotationY": 0.0, "rotationZ": 0.0 },
						"Bow_right_limb_10": { "rotationX": 0.0, "rotationY": 0.0, "rotationZ": 0.0 },
						"Bow_right_limb_11": { "rotationX": 0.0, "rotationY": 0.0, "rotationZ": 0.0 }
					}
				},
				{
					"frame": 22,
					"elements": {
						"String": { "offsetX": 0.0, "offsetY": 0.0, "offsetZ": 0.0 },
						"String_2": { "rotationX": 0.0, "rotationY": 0.0, "rotationZ": 0.0 },
						"String_6": { "rotationX": 0.0, "rotationY": 0.0, "rotationZ": 0.0 },
						"Bow_right_limb_1": { "rotationX": 0.0, "rotationY": 0.0, "rotationZ": 0.0 },
						"Bow_right_limb_2": { "rotationX": 0.0, "rotationY": 0.0, "rotationZ": 0.0 },
						"Bow_right_limb_3": { "rotationX": 0.0, "rotationY": 0.0, "rotationZ": 0.0 },
						"Bow_right_limb_4": { "rotationX": 0.0, "rotationY": 0.0, "rotationZ": 0.0 },
						"Bow_right_limb_5": { "rotationX": 0.0, "rotationY": 0.0, "rotationZ": 0.0 },
						"Bow_right_limb_7": { "rotationX": 0.0, "rotationY": 0.0, "rotationZ": 0.0 },
						"Bow_right_limb_8": { "rotationX": 0.0, "rotationY": 0.0, "rotationZ": 0.0 },
						"Bow_right_limb_9": { "rotationX": 0.0, "rotationY": 0.0, "rotationZ": 0.0 },
						"Bow_right_limb_10": { "rotationX": 0.0, "rotationY": 0.0, "rotationZ": 0.0 },
						"Bow_right_limb_11": { "rotationX": 0.0, "rotationY": 0.0, "rotationZ": 0.0 },
						"Lever": { "rotationX": 0.0, "rotationY": 0.0, "rotationZ": 0.0 }
					}
				},
				{
					"frame": 100,
					"elements": {
						"String": { "offsetX": 0.0, "offsetY": 0.0, "offsetZ": 0.0 },
						"String_2": { "rotationX": 0.0, "rotationY": 0.0, "rotationZ": 0.0 },
						"String_6": { "rotationX": 0.0, "rotationY": 0.0, "rotationZ": 0.0 },
						"Lever": { "rotationX": 0.0, "rotationY": 0.0, "rotationZ": 0.0 },
						"Wheel": { "rotationX": -2535.0, "rotationY": 0.0, "rotationZ": 0.0 },
						"Bow_right_limb_1": { "rotationX": 0.0, "rotationY": 0.0, "rotationZ": 0.0 },
						"Bow_right_limb_2": { "rotationX": 0.0, "rotationY": 0.0, "rotationZ": 0.0 },
						"Bow_right_limb_3": { "rotationX": 0.0, "rotationY": 0.0, "rotationZ": 0.0 },
						"Bow_right_limb_4": { "rotationX": 0.0, "rotationY": 0.0, "rotationZ": 0.0 },
						"Bow_right_limb_5": { "rotationX": 0.0, "rotationY": 0.0, "rotationZ": 0.0 },
						"Bow_right_limb_7": { "rotationX": 0.0, "rotationY": 0.0, "rotationZ": 0.0 },
						"Bow_right_limb_8": { "rotationX": 0.0, "rotationY": 0.0, "rotationZ": 0.0 },
						"Bow_right_limb_9": { "rotationX": 0.0, "rotationY": 0.0, "rotationZ": 0.0 },
						"Bow_right_limb_10": { "rotationX": 0.0, "rotationY": 0.0, "rotationZ": 0.0 },
						"Bow_right_limb_11": { "rotationX": 0.0, "rotationY": 0.0, "rotationZ": 0.0 },
						"Bolt_point": { "offsetX": 0.0, "offsetY": 0.0, "offsetZ": -256.0 }
					}
				},
				{
					"frame": 106,
					"elements": {
						"String": { "offsetX": 0.0, "offsetY": 0.0, "offsetZ": 0.0 },
						"String_2": { "rotationX": 0.0, "rotationY": 0.0, "rotationZ": 0.0 },
						"String_6": { "rotationX": 0.0, "rotationY": 0.0, "rotationZ": 0.0 },
						"Lever": { "rotationX": 0.0, "rotationY": 0.0, "rotationZ": 0.0 },
						"Wheel": { "rotationX": -2520.0, "rotationY": 0.0, "rotationZ": 0.0 },
						"Bow_right_limb_1": { "rotationX": 0.0, "rotationY": 0.0, "rotationZ": 0.0 },
						"Bow_right_limb_2": { "rotationX": 0.0, "rotationY": 0.0, "rotationZ": 0.0 },
						"Bow_right_limb_3": { "rotationX": 0.0, "rotationY": 0.0, "rotationZ": 0.0 },
						"Bow_right_limb_4": { "rotationX": 0.0, "rotationY": 0.0, "rotationZ": 0.0 },
						"Bow_right_limb_5": { "rotationX": 0.0, "rotationY": 0.0, "rotationZ": 0.0 },
						"Bow_right_limb_7": { "rotationX": 0.0, "rotationY": 0.0, "rotationZ": 0.0 },
						"Bow_right_limb_8": { "rotationX": 0.0, "rotationY": 0.0, "rotationZ": 0.0 },
						"Bow_right_limb_9": { "rotationX": 0.0, "rotationY": 0.0, "rotationZ": 0.0 },
						"Bow_right_limb_10": { "rotationX": 0.0, "rotationY": 0.0, "rotationZ": 0.0 },
						"Bow_right_limb_11": { "rotationX": 0.0, "rotationY": 0.0, "rotationZ": 0.0 },
						"Bolt_point": { "offsetX": 0.0, "offsetY": 0.0, "offsetZ": -256.0 }
					}
				},
				{
					"frame": 107,
					"elements": {
						"String": { "offsetX": 0.0, "offsetY": 0.0, "offsetZ": 0.0 },
						"String_2": { "rotationX": 0.0, "rotationY": 0.0, "rotationZ": 0.0 },
						"String_6": { "rotationX": 0.0, "rotationY": 0.0, "rotationZ": 0.0 },
						"Lever": { "rotationX": 0.0, "rotationY": 0.0, "rotationZ": 0.0 },
						"Wheel": { "rotationX": 0.0, "rotationY": 0.0, "rotationZ": 0.0 },
						"Bow_right_limb_1": { "rotationX": 0.0, "rotationY": 0.0, "rotationZ": 0.0 },
						"Bow_right_limb_2": { "rotationX": 0.0, "rotationY": 0.0, "rotationZ": 0.0 },
						"Bow_right_limb_3": { "rotationX": 0.0, "rotationY": 0.0, "rotationZ": 0.0 },
						"Bow_right_limb_4": { "rotationX": 0.0, "rotationY": 0.0, "rotationZ": 0.0 },
						"Bow_right_limb_5": { "rotationX": 0.0, "rotationY": 0.0, "rotationZ": 0.0 },
						"Bow_right_limb_7": { "rotationX": 0.0, "rotationY": 0.0, "rotationZ": 0.0 },
						"Bow_right_limb_8": { "rotationX": 0.0, "rotationY": 0.0, "rotationZ": 0.0 },
						"Bow_right_limb_9": { "rotationX": 0.0, "rotationY": 0.0, "rotationZ": 0.0 },
						"Bow_right_limb_10": { "rotationX": 0.0, "rotationY": 0.0, "rotationZ": 0.0 },
						"Bow_right_limb_11": { "rotationX": 0.0, "rotationY": 0.0, "rotationZ": 0.0 },
						"Bolt_point": { "offsetX": 0.0, "offsetY": 0.0, "offsetZ": -256.0 }
					}
				}
			]
		}
	]
}