[
  {
    "op": "replace",
    "path": "/attributes/contentConfig",
    "value": [
      {
        "code": "flax",
        "content": {
          "type": "item",
          "code": "grain-flax"
        },
        "foodFor": [
          "pig-*",
          "sheep-*",
          "alpaca-*",
          "camel-*",
          "caribou-*"
        ],
        "foodForDesc": "trough-acceptable-pigs-sheep-alpacas-camels-caribou",
        "quantityPerFillLevel": 2,
        "maxFillLevels": 8,
        "shapesPerFillLevel": [
          "block/wood/trough/large/grainfill1",
          "block/wood/trough/large/grainfill1",
          "block/wood/trough/large/grainfill2",
          "block/wood/trough/large/grainfill2",
          "block/wood/trough/large/grainfill3",
          "block/wood/trough/large/grainfill3",
          "block/wood/trough/large/grainfill4",
          "block/wood/trough/large/grainfill4"
        ],
        "textureCode": "contents-flax"
      },
      {
        "code": "rice",
        "content": {
          "type": "item",
          "code": "grain-rice"
        },
        "quantityPerFillLevel": 2,
        "maxFillLevels": 8,
        "shapesPerFillLevel": [
          "block/wood/trough/large/grainfill1",
          "block/wood/trough/large/grainfill1",
          "block/wood/trough/large/grainfill2",
          "block/wood/trough/large/grainfill2",
          "block/wood/trough/large/grainfill3",
          "block/wood/trough/large/grainfill3",
          "block/wood/trough/large/grainfill4",
          "block/wood/trough/large/grainfill4"
        ],
        "foodFor": [
          "pig-*",
          "sheep-*",
          "alpaca-*",
          "camel-*",
          "caribou-*"
        ],
        "foodForDesc": "trough-acceptable-pigs-sheep-alpacas-camels-caribou",
        "textureCode": "contents-rice"
      },
      {
        "code": "rye",
        "content": {
          "type": "item",
          "code": "grain-rye"
        },
        "quantityPerFillLevel": 2,
        "maxFillLevels": 8,
        "shapesPerFillLevel": [
          "block/wood/trough/large/grainfill1",
          "block/wood/trough/large/grainfill1",
          "block/wood/trough/large/grainfill2",
          "block/wood/trough/large/grainfill2",
          "block/wood/trough/large/grainfill3",
          "block/wood/trough/large/grainfill3",
          "block/wood/trough/large/grainfill4",
          "block/wood/trough/large/grainfill4"
        ],
        "foodFor": [
          "pig-*",
          "sheep-*",
          "alpaca-*",
          "camel-*",
          "caribou-*"
        ],
        "foodForDesc": "trough-acceptable-pigs-sheep-alpacas-camels-caribou",
        "textureCode": "contents-rye"
      },
      {
        "code": "spelt",
        "content": {
          "type": "item",
          "code": "grain-spelt"
        },
        "quantityPerFillLevel": 2,
        "maxFillLevels": 8,
        "shapesPerFillLevel": [
          "block/wood/trough/large/grainfill1",
          "block/wood/trough/large/grainfill1",
          "block/wood/trough/large/grainfill2",
          "block/wood/trough/large/grainfill2",
          "block/wood/trough/large/grainfill3",
          "block/wood/trough/large/grainfill3",
          "block/wood/trough/large/grainfill4",
          "block/wood/trough/large/grainfill4"
        ],
        "foodFor": [
          "pig-*",
          "sheep-*",
          "alpaca-*",
          "camel-*",
          "caribou-*"
        ],
        "foodForDesc": "trough-acceptable-pigs-sheep-alpacas-camels-caribou",
        "textureCode": "contents-spelt"
      },
      {
        "code": "amaranth",
        "content": {
          "type": "item",
          "code": "grain-amaranth"
        },
        "quantityPerFillLevel": 2,
        "maxFillLevels": 8,
        "shapesPerFillLevel": [
          "block/wood/trough/large/grainfill1",
          "block/wood/trough/large/grainfill1",
          "block/wood/trough/large/grainfill2",
          "block/wood/trough/large/grainfill2",
          "block/wood/trough/large/grainfill3",
          "block/wood/trough/large/grainfill3",
          "block/wood/trough/large/grainfill4",
          "block/wood/trough/large/grainfill4"
        ],
        "foodFor": [
          "pig-*",
          "sheep-*",
          "alpaca-*",
          "camel-*",
          "caribou-*"
        ],
        "foodForDesc": "trough-acceptable-pigs-sheep-alpacas-camels-caribou",
        "textureCode": "contents-amaranth"
      },
      {
        "code": "sunflower",
        "content": {
          "type": "item",
          "code": "grain-sunflower"
        },
        "quantityPerFillLevel": 2,
        "maxFillLevels": 8,
        "shapesPerFillLevel": [
          "block/wood/trough/large/grainfill1",
          "block/wood/trough/large/grainfill1",
          "block/wood/trough/large/grainfill2",
          "block/wood/trough/large/grainfill2",
          "block/wood/trough/large/grainfill3",
          "block/wood/trough/large/grainfill3",
          "block/wood/trough/large/grainfill4",
          "block/wood/trough/large/grainfill4"
        ],
        "foodFor": [
          "pig-*",
          "sheep-*",
          "alpaca-*",
          "camel-*",
          "caribou-*"
        ],
        "foodForDesc": "trough-acceptable-pigs-sheep-alpacas-camels-caribou",
        "textureCode": "contents-sunflower"
      },
      {
        "code": "bellpepper",
        "content": {
          "type": "item",
          "code": "vegetable-bellpepper"
        },
        "quantityPerFillLevel": 2,
        "maxFillLevels": 8,
        "shapesPerFillLevel": [
          "block/wood/trough/large/bellpepperfill1",
          "block/wood/trough/large/bellpepperfill1",
          "block/wood/trough/large/bellpepperfill2",
          "block/wood/trough/large/bellpepperfill2",
          "block/wood/trough/large/bellpepperfill3",
          "block/wood/trough/large/bellpepperfill3",
          "block/wood/trough/large/bellpepperfill4",
          "block/wood/trough/large/bellpepperfill4"
        ],
        "foodFor": [
          "pig-*",
          "elephant-*"
        ],
        "foodForDesc": "trough-treat-pigs-elephants"
      },
      {
        "code": "cabbage",
        "content": {
          "type": "item",
          "code": "vegetable-cabbage"
        },
        "quantityPerFillLevel": 2,
        "maxFillLevels": 8,
        "shapesPerFillLevel": [
          "block/wood/trough/large/cabbagefill1",
          "block/wood/trough/large/cabbagefill1",
          "block/wood/trough/large/cabbagefill2",
          "block/wood/trough/large/cabbagefill2",
          "block/wood/trough/large/cabbagefill3",
          "block/wood/trough/large/cabbagefill3",
          "block/wood/trough/large/cabbagefill4",
          "block/wood/trough/large/cabbagefill4"
        ],
        "foodFor": [
          "pig-*",
          "sheep-*",
          "tortoise-*",
          "elephant-*",
          "alpaca-*"
        ],
        "foodForDesc": "trough-treat-pigs-sheep-tortoises-elephants-alpacas"
      },
      {
        "code": "carrot",
        "content": {
          "type": "item",
          "code": "vegetable-carrot"
        },
        "quantityPerFillLevel": 2,
        "maxFillLevels": 8,
        "shapesPerFillLevel": [
          "block/wood/trough/large/carrotfill1",
          "block/wood/trough/large/carrotfill1",
          "block/wood/trough/large/carrotfill2",
          "block/wood/trough/large/carrotfill2",
          "block/wood/trough/large/carrotfill3",
          "block/wood/trough/large/carrotfill3",
          "block/wood/trough/large/carrotfill4",
          "block/wood/trough/large/carrotfill4"
        ],
        "foodFor": [
          "pig-*",
          "sheep-*",
          "alpaca-male",
          "alpaca-female",
          "alpaca-lamb",
          "elephant-*"
        ],
        "foodForDesc": "trough-acceptable-pigs-sheep-alpacas-elephants"
      },
      {
        "code": "cassava",
        "content": {
          "type": "item",
          "code": "vegetable-cassava"
        },
        "quantityPerFillLevel": 2,
        "maxFillLevels": 8,
        "shapesPerFillLevel": [
          "block/wood/trough/large/cassavafill1",
          "block/wood/trough/large/cassavafill1",
          "block/wood/trough/large/cassavafill2",
          "block/wood/trough/large/cassavafill2",
          "block/wood/trough/large/cassavafill3",
          "block/wood/trough/large/cassavafill3",
          "block/wood/trough/large/cassavafill4",
          "block/wood/trough/large/cassavafill4"
        ],
        "foodFor": [
          "pig-*",
          "alpaca-*",
          "elephant-*"
        ],
        "foodForDesc": "trough-acceptable-pigs-alpacas-elephants"
      },
      {
        "code": "onion",
        "content": {
          "type": "item",
          "code": "vegetable-onion"
        },
        "quantityPerFillLevel": 2,
        "maxFillLevels": 8,
        "shapesPerFillLevel": [
          "block/wood/trough/large/onionfill1",
          "block/wood/trough/large/onionfill1",
          "block/wood/trough/large/onionfill2",
          "block/wood/trough/large/onionfill2",
          "block/wood/trough/large/onionfill3",
          "block/wood/trough/large/onionfill3",
          "block/wood/trough/large/onionfill4",
          "block/wood/trough/large/onionfill4"
        ],
        "foodFor": [
          "pig-*",
          "sheep-*",
          "alpaca-*",
          "elephant-*"
        ],
        "foodForDesc": "trough-acceptable-pigs-sheep-alpacas-elephants"
      },
      {
        "code": "parsnip",
        "content": {
          "type": "item",
          "code": "vegetable-parsnip"
        },
        "quantityPerFillLevel": 2,
        "maxFillLevels": 8,
        "shapesPerFillLevel": [
          "block/wood/trough/large/parsnipfill1",
          "block/wood/trough/large/parsnipfill1",
          "block/wood/trough/large/parsnipfill2",
          "block/wood/trough/large/parsnipfill2",
          "block/wood/trough/large/parsnipfill3",
          "block/wood/trough/large/parsnipfill3",
          "block/wood/trough/large/parsnipfill4",
          "block/wood/trough/large/parsnipfill4"
        ],
        "foodFor": [],
        "foodForDesc": "trough-noanimal"
      },
      {
        "code": "pumpkin",
        "content": {
          "type": "block",
          "code": "pumpkin-fruit-4"
        },
        "quantityPerFillLevel": 1,
        "maxFillLevels": 8,
        "shapesPerFillLevel": [
          "block/wood/trough/large/pumpkinfill1",
          "block/wood/trough/large/pumpkinfill1",
          "block/wood/trough/large/pumpkinfill2",
          "block/wood/trough/large/pumpkinfill2",
          "block/wood/trough/large/pumpkinfill3",
          "block/wood/trough/large/pumpkinfill3",
          "block/wood/trough/large/pumpkinfill4",
          "block/wood/trough/large/pumpkinfill4"
        ],
        "foodFor": [
          "pig-*",
          "elephant-*"
        ],
        "foodForDesc": "trough-treat-pigs-elephants"
      },
      {
        "code": "peanut",
        "content": {
          "type": "item",
          "code": "legume-peanut"
        },
        "quantityPerFillLevel": 2,
        "maxFillLevels": 8,
        "shapesPerFillLevel": [
          "block/wood/trough/large/legumefill1",
          "block/wood/trough/large/legumefill1",
          "block/wood/trough/large/legumefill2",
          "block/wood/trough/large/legumefill2",
          "block/wood/trough/large/legumefill3",
          "block/wood/trough/large/legumefill3",
          "block/wood/trough/large/legumefill4",
          "block/wood/trough/large/legumefill4"
        ],
        "foodFor": [
          "pig-*",
          "elephant-*"
        ],
        "foodForDesc": "trough-treat-pigs-elephants",
        "textureCode": "contents-peanut"
      },
      {
        "code": "soybean",
        "content": {
          "type": "item",
          "code": "legume-soybean"
        },
        "quantityPerFillLevel": 2,
        "maxFillLevels": 8,
        "shapesPerFillLevel": [
          "block/wood/trough/large/legumefill1",
          "block/wood/trough/large/legumefill1",
          "block/wood/trough/large/legumefill2",
          "block/wood/trough/large/legumefill2",
          "block/wood/trough/large/legumefill3",
          "block/wood/trough/large/legumefill3",
          "block/wood/trough/large/legumefill4",
          "block/wood/trough/large/legumefill4"
        ],
        "foodFor": [
          "pig-*",
          "sheep-*",
          "alpaca-*",
          "elephant-*"
        ],
        "foodForDesc": "trough-acceptable-pigs-sheep-alpacas-elephants",
        "textureCode": "contents-soybean"
      },
      {
        "code": "turnip",
        "content": {
          "type": "item",
          "code": "vegetable-turnip"
        },
        "quantityPerFillLevel": 2,
        "maxFillLevels": 8,
        "shapesPerFillLevel": [
          "block/wood/trough/large/turnipfill1",
          "block/wood/trough/large/turnipfill1",
          "block/wood/trough/large/turnipfill2",
          "block/wood/trough/large/turnipfill2",
          "block/wood/trough/large/turnipfill3",
          "block/wood/trough/large/turnipfill3",
          "block/wood/trough/large/turnipfill4",
          "block/wood/trough/large/turnipfill4"
        ],
        "foodFor": [
          "pig-*",
          "sheep-*",
          "alpaca-*",
          "elephant-*"
        ],
        "foodForDesc": "trough-acceptable-pigs-sheep-alpacas-elephants"
      },
      {
        "code": "drygrass",
        "content": {
          "type": "item",
          "code": "drygrass"
        },
        "quantityPerFillLevel": 8,
        "maxFillLevels": 8,
        "shapesPerFillLevel": [
          "block/wood/trough/large/hayfill1",
          "block/wood/trough/large/hayfill1",
          "block/wood/trough/large/hayfill2",
          "block/wood/trough/large/hayfill2",
          "block/wood/trough/large/hayfill3",
          "block/wood/trough/large/hayfill3",
          "block/wood/trough/large/hayfill4",
          "block/wood/trough/large/hayfill4"
        ],
        "foodFor": [
          "pig-*",
          "sheep-*",
          "alpaca-*",
          "elephant-*",
          "camel-*",
          "caribou-*"
        ],
        "foodForDesc": "trough-acceptable-pigs-sheep-alpacas-elephants-camels-caribou"
      },
      {
        "code": "hay",
        "content": {
          "type": "block",
          "code": "hay-normal-ud"
        },
        "quantityPerFillLevel": 1,
        "maxFillLevels": 8,
        "shapesPerFillLevel": [
          "block/wood/trough/large/hayfill1",
          "block/wood/trough/large/hayfill1",
          "block/wood/trough/large/hayfill2",
          "block/wood/trough/large/hayfill2",
          "block/wood/trough/large/hayfill3",
          "block/wood/trough/large/hayfill3",
          "block/wood/trough/large/hayfill4",
          "block/wood/trough/large/hayfill4"
        ],
        "foodFor": [
          "pig-*",
          "sheep-*",
          "alpaca-*",
          "elephant-*",
          "camel-*",
          "caribou-*"
        ],
        "foodForDesc": "trough-acceptable-pigs-sheep-alpacas-elephants-camels-caribou"
      },
      {
        "code": "fruitmash",
        "content": {
          "type": "item",
          "code": "pressedmash-*"
        },
        "quantityPerFillLevel": 2,
        "maxFillLevels": 8,
        "shapesPerFillLevel": [
          "block/wood/trough/large/grainfill1",
          "block/wood/trough/large/grainfill1",
          "block/wood/trough/large/grainfill2",
          "block/wood/trough/large/grainfill2",
          "block/wood/trough/large/grainfill3",
          "block/wood/trough/large/grainfill3",
          "block/wood/trough/large/grainfill4",
          "block/wood/trough/large/grainfill4"
        ],
        "foodFor": [
          "pig-*",
          "sheep-*",
          "alpaca-*",
          "elephant-*",
          "cassowary-male",
          "cassowary-female",
          "cassowary-youngling",
          "cassowary-chick"
        ],
        "foodForDesc": "trough-acceptable-pigs-sheep-alpacas-elephants-cassowary",
        "textureCode": "contents-fruitmash"
      },
      {
        "code": "redmeat-raw",
        "content": {
          "type": "item",
          "code": "redmeat-raw"
        },
        "quantityPerFillLevel": 2,
        "maxFillLevels": 8,
        "shapesPerFillLevel": [
          "block/wood/trough/large/grainfill1",
          "block/wood/trough/large/grainfill1",
          "block/wood/trough/large/grainfill2",
          "block/wood/trough/large/grainfill2",
          "block/wood/trough/large/grainfill3",
          "block/wood/trough/large/grainfill3",
          "block/wood/trough/large/grainfill4",
          "block/wood/trough/large/grainfill4"
        ],
        "foodFor": [
          "cassowary-male",
          "cassowary-female",
          "cassowary-youngling",
          "cassowary-chick"
        ],
        "foodForDesc": "trough-acceptable-cassowary",
        "textureCode": "content-redmeat"
      }
    ],
    "file": "blocktypes/wood/trough-large.json"
  },
  {
    "op": "add",
    "path": "/textures/content-redmeat",
    "value": {
      "base": "content-redmeat"
    },
    "file": "blocktypes/wood/trough-large.json"
  }
]