[
  {
    "op": "add",
    "path": "/0",
    "value": {
      "code": "dye-red",
      "ingredients": [
        {
          "type": "item",
          "code": "game:dilutedalumportion",
          "litres": 4
        },
        {
          "type": "item",
          "code": "kreaturesandkritters:groundcochineal",
          "quantity": 1
        }
      ],
      "output": {
        "type": "item",
        "code": "game:dye-red",
        "litres": 4
      }
    },
    "file": "recipes/barrel/dye/red.json"
  },
  {
    "op": "add",
    "path": "/1",
    "value": {
      "code": "dye-red",
      "ingredients": [
        {
          "type": "item",
          "code": "game:dilutedcassiteriteportion",
          "litres": 2
        },
        {
          "type": "item",
          "code": "kreaturesandkritters:groundcochineal",
          "quantity": 1
        }
      ],
      "output": {
        "type": "item",
        "code": "game:dye-red",
        "litres": 2
      }
    },
    "file": "recipes/barrel/dye/red.json"
  },
  {
    "op": "add",
    "path": "/2",
    "value": {
      "code": "dye-red",
      "ingredients": [
        {
          "type": "item",
          "code": "game:dilutedchromiteportion",
          "litres": 3
        },
        {
          "type": "item",
          "code": "kreaturesandkritters:groundcochineal",
          "quantity": 1
        }
      ],
      "output": {
        "type": "item",
        "code": "game:dye-red",
        "litres": 3
      }
    },
    "file": "recipes/barrel/dye/red.json"
  }
]