{
	"editor": {
		"collapsedPaths": "Root/bone2,Root/bone",
		"allAngles": false,
		"entityTextureMode": false
	},
	"textureWidth": 32,
	"textureHeight": 32,
	"textureSizes": {
	},
	"textures": {
		"blanket-feet3": "game:block/cloth/bed/green/blanket-feet",
		"blanket-feet": "game:block/cloth/bed/green/blanket-feet",
		"mattress-normal": "game:block/cloth/bed/mattress-normal",
		"pillow-normal": "game:block/cloth/bed/pillow-normal",
		"mattress": "game:block/cloth/bed/stitched/mattress",
		"brass": "game:block/metal/ingot/brass"
	},
	"elements": [
		{
			"name": "bone",
			"from": [ -6.9978, -0.0011, -0.0034 ],
			"to": [ -6.9978, -0.0011, -0.0034 ],
			"rotationOrigin": [ 1.0, 0.0, 8.0 ],
			"rotationX": 153.435,
			"rotationY": 89.98,
			"rotationZ": -153.435,
			"faces": {
			},
			"children": [
				{
					"name": "cube0",
					"from": [ 0.0, 0.0, 0.0 ],
					"to": [ 1.0, 7.0, 1.0 ],
					"rotationOrigin": [ 8.0, 0.0, 8.0 ],
					"faces": {
						"north": { "texture": "#brass", "uv": [ 0.0, 0.0, 2.0, 16.0 ], "autoUv": false },
						"east": { "texture": "#brass", "uv": [ 0.0, 0.0, 2.0, 16.0 ], "autoUv": false },
						"south": { "texture": "#brass", "uv": [ 0.0, 0.0, 2.0, 16.0 ], "autoUv": false },
						"west": { "texture": "#brass", "uv": [ 0.0, 0.0, 2.0, 16.0 ], "autoUv": false },
						"up": { "texture": "#brass", "uv": [ 0.0, 0.0, 2.0, 2.0 ], "autoUv": false },
						"down": { "texture": "#brass", "uv": [ 0.0, 0.0, 2.0, 2.0 ], "autoUv": false }
					}
				},
				{
					"name": "cube2",
					"from": [ 1.0, 6.0, 0.0 ],
					"to": [ 15.0, 7.0, 1.0 ],
					"rotationOrigin": [ 8.0, 0.0, 8.0 ],
					"faces": {
						"north": { "texture": "#brass", "uv": [ 0.0, 0.0, 28.0, 2.0 ], "autoUv": false },
						"east": { "texture": "#brass", "uv": [ 0.0, 0.0, 2.0, 2.0 ], "autoUv": false },
						"south": { "texture": "#brass", "uv": [ 0.0, 0.0, 28.0, 2.0 ], "autoUv": false },
						"west": { "texture": "#brass", "uv": [ 0.0, 0.0, 2.0, 2.0 ], "autoUv": false },
						"up": { "texture": "#brass", "uv": [ 0.0, 0.0, 28.0, 2.0 ], "autoUv": false },
						"down": { "texture": "#brass", "uv": [ 0.0, 0.0, 28.0, 2.0 ], "autoUv": false }
					}
				},
				{
					"name": "cube3",
					"from": [ 0.0, 7.0, 0.0 ],
					"to": [ 1.0, 11.0, 1.0 ],
					"rotationOrigin": [ 8.0, 0.0, 8.0 ],
					"faces": {
						"north": { "texture": "#brass", "uv": [ 0.0, 0.0, 2.0, 9.0 ], "autoUv": false },
						"east": { "texture": "#brass", "uv": [ 0.0, 0.0, 2.0, 9.0 ], "autoUv": false },
						"south": { "texture": "#brass", "uv": [ 0.0, 0.0, 2.0, 9.0 ], "autoUv": false },
						"west": { "texture": "#brass", "uv": [ 0.0, 0.0, 2.0, 9.0 ], "autoUv": false },
						"up": { "texture": "#brass", "uv": [ 0.0, 0.0, 2.0, 2.0 ], "autoUv": false },
						"down": { "texture": "#brass", "uv": [ 0.0, 0.0, 2.0, 2.0 ], "autoUv": false }
					}
				},
				{
					"name": "cube6",
					"from": [ 0.0, 11.0, 0.0 ],
					"to": [ 1.0, 17.0, 1.0 ],
					"rotationOrigin": [ 8.0, 0.0, 8.0 ],
					"faces": {
						"north": { "texture": "#brass", "uv": [ 0.0, 0.0, 2.0, 16.0 ], "autoUv": false },
						"east": { "texture": "#brass", "uv": [ 0.0, 0.0, 2.0, 16.0 ], "autoUv": false },
						"south": { "texture": "#brass", "uv": [ 0.0, 0.0, 2.0, 16.0 ], "autoUv": false },
						"west": { "texture": "#brass", "uv": [ 0.0, 0.0, 2.0, 16.0 ], "autoUv": false },
						"up": { "texture": "#brass", "uv": [ 0.0, 0.0, 2.0, 2.0 ], "autoUv": false },
						"down": { "texture": "#brass", "uv": [ 0.0, 0.0, 2.0, 2.0 ], "autoUv": false }
					}
				},
				{
					"name": "cube7",
					"from": [ 3.0, 19.0, 0.0 ],
					"to": [ 13.0, 20.0, 1.0 ],
					"rotationOrigin": [ 8.0, 0.0, 8.0 ],
					"faces": {
						"north": { "texture": "#brass", "uv": [ 0.0, 0.0, 24.0, 2.0 ], "autoUv": false },
						"east": { "texture": "#brass", "uv": [ 0.0, 0.0, 2.0, 2.0 ], "autoUv": false },
						"south": { "texture": "#brass", "uv": [ 0.0, 0.0, 24.0, 2.0 ], "autoUv": false },
						"west": { "texture": "#brass", "uv": [ 0.0, 0.0, 2.0, 2.0 ], "autoUv": false },
						"up": { "texture": "#brass", "uv": [ 0.0, 0.0, 24.0, 2.0 ], "autoUv": false },
						"down": { "texture": "#brass", "uv": [ 0.0, 0.0, 24.0, 2.0 ], "autoUv": false }
					}
				},
				{
					"name": "cube9",
					"from": [ 1.0, 17.0, 0.0 ],
					"to": [ 2.0, 18.0, 1.0 ],
					"rotationOrigin": [ 8.0, 0.0, 8.0 ],
					"faces": {
						"north": { "texture": "#brass", "uv": [ 0.0, 0.0, 2.0, 2.0 ], "autoUv": false },
						"east": { "texture": "#brass", "uv": [ 0.0, 0.0, 2.0, 2.0 ], "autoUv": false },
						"south": { "texture": "#brass", "uv": [ 0.0, 0.0, 2.0, 2.0 ], "autoUv": false },
						"west": { "texture": "#brass", "uv": [ 0.0, 0.0, 2.0, 2.0 ], "autoUv": false },
						"up": { "texture": "#brass", "uv": [ 0.0, 0.0, 2.0, 2.0 ], "autoUv": false },
						"down": { "texture": "#brass", "uv": [ 0.0, 0.0, 2.0, 2.0 ], "autoUv": false }
					}
				},
				{
					"name": "cube11",
					"from": [ 13.0, 18.0, 0.0 ],
					"to": [ 14.0, 19.0, 1.0 ],
					"rotationOrigin": [ 8.0, 0.0, 8.0 ],
					"faces": {
						"north": { "texture": "#brass", "uv": [ 0.0, 0.0, 2.0, 2.0 ], "autoUv": false },
						"east": { "texture": "#brass", "uv": [ 0.0, 0.0, 2.0, 2.0 ], "autoUv": false },
						"south": { "texture": "#brass", "uv": [ 0.0, 0.0, 2.0, 2.0 ], "autoUv": false },
						"west": { "texture": "#brass", "uv": [ 0.0, 0.0, 2.0, 2.0 ], "autoUv": false },
						"up": { "texture": "#brass", "uv": [ 0.0, 0.0, 2.0, 2.0 ], "autoUv": false },
						"down": { "texture": "#brass", "uv": [ 0.0, 0.0, 2.0, 2.0 ], "autoUv": false }
					}
				},
				{
					"name": "cube51",
					"from": [ 0.0, 10.0, 1.0 ],
					"to": [ 1.0, 11.0, 1.5 ],
					"rotationOrigin": [ 8.0, 0.0, 39.0 ],
					"faces": {
						"north": { "texture": "#brass", "uv": [ 0.0, 0.0, 1.0, 1.0 ], "autoUv": false },
						"east": { "texture": "#brass", "uv": [ 0.0, 0.0, 0.5, 1.0 ], "autoUv": false },
						"south": { "texture": "#brass", "uv": [ 0.0, 0.0, 1.0, 1.0 ], "autoUv": false },
						"west": { "texture": "#brass", "uv": [ 0.0, 0.0, 0.5, 1.0 ], "autoUv": false },
						"up": { "texture": "#brass", "uv": [ 0.0, 0.0, 1.0, 0.5 ], "autoUv": false },
						"down": { "texture": "#brass", "uv": [ 0.0, 0.0, 1.0, 0.5 ], "autoUv": false }
					}
				},
				{
					"name": "cube62",
					"from": [ 0.0, 6.0, -0.5 ],
					"to": [ 1.0, 7.0, 0.0 ],
					"rotationOrigin": [ 8.0, 0.0, 39.0 ],
					"faces": {
						"north": { "texture": "#brass", "uv": [ 0.0, 0.0, 1.0, 1.0 ], "autoUv": false },
						"east": { "texture": "#brass", "uv": [ 0.0, 0.0, 0.5, 1.0 ], "autoUv": false },
						"south": { "texture": "#brass", "uv": [ 0.0, 0.0, 1.0, 1.0 ], "autoUv": false },
						"west": { "texture": "#brass", "uv": [ 0.0, 0.0, 0.5, 1.0 ], "autoUv": false },
						"up": { "texture": "#brass", "uv": [ 0.0, 0.0, 1.0, 0.5 ], "autoUv": false },
						"down": { "texture": "#brass", "uv": [ 0.0, 0.0, 1.0, 0.5 ], "autoUv": false }
					}
				},
				{
					"name": "cube68",
					"from": [ 15.0, 10.0, -0.5 ],
					"to": [ 16.0, 11.0, 0.0 ],
					"rotationOrigin": [ 8.0, 0.0, 39.0 ],
					"faces": {
						"north": { "texture": "#brass", "uv": [ 0.0, 0.0, 1.0, 1.0 ], "autoUv": false },
						"east": { "texture": "#brass", "uv": [ 0.0, 0.0, 0.5, 1.0 ], "autoUv": false },
						"south": { "texture": "#brass", "uv": [ 0.0, 0.0, 1.0, 1.0 ], "autoUv": false },
						"west": { "texture": "#brass", "uv": [ 0.0, 0.0, 0.5, 1.0 ], "autoUv": false },
						"up": { "texture": "#brass", "uv": [ 0.0, 0.0, 1.0, 0.5 ], "autoUv": false },
						"down": { "texture": "#brass", "uv": [ 0.0, 0.0, 1.0, 0.5 ], "autoUv": false }
					}
				},
				{
					"name": "cube1",
					"from": [ 15.0, 0.0, 0.0 ],
					"to": [ 16.0, 7.0, 1.0 ],
					"rotationOrigin": [ 23.0, 0.0, 8.0 ],
					"faces": {
						"north": { "texture": "#brass", "uv": [ 0.0, 0.0, 2.0, 16.0 ], "autoUv": false },
						"east": { "texture": "#brass", "uv": [ 0.0, 0.0, 2.0, 16.0 ], "autoUv": false },
						"south": { "texture": "#brass", "uv": [ 0.0, 0.0, 2.0, 16.0 ], "autoUv": false },
						"west": { "texture": "#brass", "uv": [ 0.0, 0.0, 2.0, 16.0 ], "autoUv": false },
						"up": { "texture": "#brass", "uv": [ 0.0, 0.0, 2.0, 2.0 ], "autoUv": false },
						"down": { "texture": "#brass", "uv": [ 0.0, 0.0, 2.0, 2.0 ], "autoUv": false }
					}
				},
				{
					"name": "cube4",
					"from": [ 1.0, 10.0, 0.0 ],
					"to": [ 15.0, 11.0, 1.0 ],
					"rotationOrigin": [ 8.0, 4.0, 8.0 ],
					"faces": {
						"north": { "texture": "#brass", "uv": [ 0.0, 0.0, 28.0, 2.0 ], "autoUv": false },
						"east": { "texture": "#brass", "uv": [ 0.0, 0.0, 2.0, 2.0 ], "autoUv": false },
						"south": { "texture": "#brass", "uv": [ 0.0, 0.0, 28.0, 2.0 ], "autoUv": false },
						"west": { "texture": "#brass", "uv": [ 0.0, 0.0, 2.0, 2.0 ], "autoUv": false },
						"up": { "texture": "#brass", "uv": [ 0.0, 0.0, 28.0, 2.0 ], "autoUv": false },
						"down": { "texture": "#brass", "uv": [ 0.0, 0.0, 28.0, 2.0 ], "autoUv": false }
					}
				},
				{
					"name": "cube5",
					"from": [ 15.0, 7.0, 0.0 ],
					"to": [ 16.0, 11.0, 1.0 ],
					"rotationOrigin": [ 23.0, 0.0, 8.0 ],
					"faces": {
						"north": { "texture": "#brass", "uv": [ 0.0, 0.0, 2.0, 9.0 ], "autoUv": false },
						"east": { "texture": "#brass", "uv": [ 0.0, 0.0, 2.0, 9.0 ], "autoUv": false },
						"south": { "texture": "#brass", "uv": [ 0.0, 0.0, 2.0, 9.0 ], "autoUv": false },
						"west": { "texture": "#brass", "uv": [ 0.0, 0.0, 2.0, 9.0 ], "autoUv": false },
						"up": { "texture": "#brass", "uv": [ 0.0, 0.0, 2.0, 2.0 ], "autoUv": false },
						"down": { "texture": "#brass", "uv": [ 0.0, 0.0, 2.0, 2.0 ], "autoUv": false }
					}
				},
				{
					"name": "cube8",
					"from": [ 15.0, 11.0, 0.0 ],
					"to": [ 16.0, 17.0, 1.0 ],
					"rotationOrigin": [ 23.0, 0.0, 8.0 ],
					"faces": {
						"north": { "texture": "#brass", "uv": [ 0.0, 0.0, 2.0, 16.0 ], "autoUv": false },
						"east": { "texture": "#brass", "uv": [ 0.0, 0.0, 2.0, 16.0 ], "autoUv": false },
						"south": { "texture": "#brass", "uv": [ 0.0, 0.0, 2.0, 16.0 ], "autoUv": false },
						"west": { "texture": "#brass", "uv": [ 0.0, 0.0, 2.0, 16.0 ], "autoUv": false },
						"up": { "texture": "#brass", "uv": [ 0.0, 0.0, 2.0, 2.0 ], "autoUv": false },
						"down": { "texture": "#brass", "uv": [ 0.0, 0.0, 2.0, 2.0 ], "autoUv": false }
					}
				},
				{
					"name": "cube10",
					"from": [ 2.0, 18.0, 0.0 ],
					"to": [ 3.0, 19.0, 1.0 ],
					"rotationOrigin": [ 9.0, 1.0, 8.0 ],
					"faces": {
						"north": { "texture": "#brass", "uv": [ 0.0, 0.0, 2.0, 2.0 ], "autoUv": false },
						"east": { "texture": "#brass", "uv": [ 0.0, 0.0, 2.0, 2.0 ], "autoUv": false },
						"south": { "texture": "#brass", "uv": [ 0.0, 0.0, 2.0, 2.0 ], "autoUv": false },
						"west": { "texture": "#brass", "uv": [ 0.0, 0.0, 2.0, 2.0 ], "autoUv": false },
						"up": { "texture": "#brass", "uv": [ 0.0, 0.0, 2.0, 2.0 ], "autoUv": false },
						"down": { "texture": "#brass", "uv": [ 0.0, 0.0, 2.0, 2.0 ], "autoUv": false }
					}
				},
				{
					"name": "cube12",
					"from": [ 14.0, 17.0, 0.0 ],
					"to": [ 15.0, 18.0, 1.0 ],
					"rotationOrigin": [ 9.0, -1.0, 8.0 ],
					"faces": {
						"north": { "texture": "#brass", "uv": [ 0.0, 0.0, 2.0, 2.0 ], "autoUv": false },
						"east": { "texture": "#brass", "uv": [ 0.0, 0.0, 2.0, 2.0 ], "autoUv": false },
						"south": { "texture": "#brass", "uv": [ 0.0, 0.0, 2.0, 2.0 ], "autoUv": false },
						"west": { "texture": "#brass", "uv": [ 0.0, 0.0, 2.0, 2.0 ], "autoUv": false },
						"up": { "texture": "#brass", "uv": [ 0.0, 0.0, 2.0, 2.0 ], "autoUv": false },
						"down": { "texture": "#brass", "uv": [ 0.0, 0.0, 2.0, 2.0 ], "autoUv": false }
					}
				},
				{
					"name": "cube52",
					"from": [ 3.0, 10.0, 1.0 ],
					"to": [ 4.0, 11.0, 1.5 ],
					"rotationOrigin": [ 11.0, 0.0, 39.0 ],
					"faces": {
						"north": { "texture": "#brass", "uv": [ 0.0, 0.0, 1.0, 1.0 ], "autoUv": false },
						"east": { "texture": "#brass", "uv": [ 0.0, 0.0, 0.5, 1.0 ], "autoUv": false },
						"south": { "texture": "#brass", "uv": [ 0.0, 0.0, 1.0, 1.0 ], "autoUv": false },
						"west": { "texture": "#brass", "uv": [ 0.0, 0.0, 0.5, 1.0 ], "autoUv": false },
						"up": { "texture": "#brass", "uv": [ 0.0, 0.0, 1.0, 0.5 ], "autoUv": false },
						"down": { "texture": "#brass", "uv": [ 0.0, 0.0, 1.0, 0.5 ], "autoUv": false }
					}
				},
				{
					"name": "cube53",
					"from": [ 6.0, 10.0, 1.0 ],
					"to": [ 7.0, 11.0, 1.5 ],
					"rotationOrigin": [ 14.0, 0.0, 39.0 ],
					"faces": {
						"north": { "texture": "#brass", "uv": [ 0.0, 0.0, 1.0, 1.0 ], "autoUv": false },
						"east": { "texture": "#brass", "uv": [ 0.0, 0.0, 0.5, 1.0 ], "autoUv": false },
						"south": { "texture": "#brass", "uv": [ 0.0, 0.0, 1.0, 1.0 ], "autoUv": false },
						"west": { "texture": "#brass", "uv": [ 0.0, 0.0, 0.5, 1.0 ], "autoUv": false },
						"up": { "texture": "#brass", "uv": [ 0.0, 0.0, 1.0, 0.5 ], "autoUv": false },
						"down": { "texture": "#brass", "uv": [ 0.0, 0.0, 1.0, 0.5 ], "autoUv": false }
					}
				},
				{
					"name": "cube54",
					"from": [ 9.0, 10.0, 1.0 ],
					"to": [ 10.0, 11.0, 1.5 ],
					"rotationOrigin": [ 17.0, 0.0, 39.0 ],
					"faces": {
						"north": { "texture": "#brass", "uv": [ 0.0, 0.0, 1.0, 1.0 ], "autoUv": false },
						"east": { "texture": "#brass", "uv": [ 0.0, 0.0, 0.5, 1.0 ], "autoUv": false },
						"south": { "texture": "#brass", "uv": [ 0.0, 0.0, 1.0, 1.0 ], "autoUv": false },
						"west": { "texture": "#brass", "uv": [ 0.0, 0.0, 0.5, 1.0 ], "autoUv": false },
						"up": { "texture": "#brass", "uv": [ 0.0, 0.0, 1.0, 0.5 ], "autoUv": false },
						"down": { "texture": "#brass", "uv": [ 0.0, 0.0, 1.0, 0.5 ], "autoUv": false }
					}
				},
				{
					"name": "cube55",
					"from": [ 12.0, 10.0, 1.0 ],
					"to": [ 13.0, 11.0, 1.5 ],
					"rotationOrigin": [ 20.0, 0.0, 39.0 ],
					"faces": {
						"north": { "texture": "#brass", "uv": [ 0.0, 0.0, 1.0, 1.0 ], "autoUv": false },
						"east": { "texture": "#brass", "uv": [ 0.0, 0.0, 0.5, 1.0 ], "autoUv": false },
						"south": { "texture": "#brass", "uv": [ 0.0, 0.0, 1.0, 1.0 ], "autoUv": false },
						"west": { "texture": "#brass", "uv": [ 0.0, 0.0, 0.5, 1.0 ], "autoUv": false },
						"up": { "texture": "#brass", "uv": [ 0.0, 0.0, 1.0, 0.5 ], "autoUv": false },
						"down": { "texture": "#brass", "uv": [ 0.0, 0.0, 1.0, 0.5 ], "autoUv": false }
					}
				},
				{
					"name": "cube56",
					"from": [ 15.0, 10.0, 1.0 ],
					"to": [ 16.0, 11.0, 1.5 ],
					"rotationOrigin": [ 23.0, 0.0, 39.0 ],
					"faces": {
						"north": { "texture": "#brass", "uv": [ 0.0, 0.0, 1.0, 1.0 ], "autoUv": false },
						"east": { "texture": "#brass", "uv": [ 0.0, 0.0, 0.5, 1.0 ], "autoUv": false },
						"south": { "texture": "#brass", "uv": [ 0.0, 0.0, 1.0, 1.0 ], "autoUv": false },
						"west": { "texture": "#brass", "uv": [ 0.0, 0.0, 0.5, 1.0 ], "autoUv": false },
						"up": { "texture": "#brass", "uv": [ 0.0, 0.0, 1.0, 0.5 ], "autoUv": false },
						"down": { "texture": "#brass", "uv": [ 0.0, 0.0, 1.0, 0.5 ], "autoUv": false }
					}
				},
				{
					"name": "cube63",
					"from": [ 3.0, 6.0, -0.5 ],
					"to": [ 4.0, 7.0, 0.0 ],
					"rotationOrigin": [ 11.0, 0.0, 39.0 ],
					"faces": {
						"north": { "texture": "#brass", "uv": [ 0.0, 0.0, 1.0, 1.0 ], "autoUv": false },
						"east": { "texture": "#brass", "uv": [ 0.0, 0.0, 0.5, 1.0 ], "autoUv": false },
						"south": { "texture": "#brass", "uv": [ 0.0, 0.0, 1.0, 1.0 ], "autoUv": false },
						"west": { "texture": "#brass", "uv": [ 0.0, 0.0, 0.5, 1.0 ], "autoUv": false },
						"up": { "texture": "#brass", "uv": [ 0.0, 0.0, 1.0, 0.5 ], "autoUv": false },
						"down": { "texture": "#brass", "uv": [ 0.0, 0.0, 1.0, 0.5 ], "autoUv": false }
					}
				},
				{
					"name": "cube64",
					"from": [ 6.0, 6.0, -0.5 ],
					"to": [ 7.0, 7.0, 0.0 ],
					"rotationOrigin": [ 14.0, 0.0, 39.0 ],
					"faces": {
						"north": { "texture": "#brass", "uv": [ 0.0, 0.0, 1.0, 1.0 ], "autoUv": false },
						"east": { "texture": "#brass", "uv": [ 0.0, 0.0, 0.5, 1.0 ], "autoUv": false },
						"south": { "texture": "#brass", "uv": [ 0.0, 0.0, 1.0, 1.0 ], "autoUv": false },
						"west": { "texture": "#brass", "uv": [ 0.0, 0.0, 0.5, 1.0 ], "autoUv": false },
						"up": { "texture": "#brass", "uv": [ 0.0, 0.0, 1.0, 0.5 ], "autoUv": false },
						"down": { "texture": "#brass", "uv": [ 0.0, 0.0, 1.0, 0.5 ], "autoUv": false }
					}
				},
				{
					"name": "cube65",
					"from": [ 9.0, 6.0, -0.5 ],
					"to": [ 10.0, 7.0, 0.0 ],
					"rotationOrigin": [ 17.0, 0.0, 39.0 ],
					"faces": {
						"north": { "texture": "#brass", "uv": [ 0.0, 0.0, 1.0, 1.0 ], "autoUv": false },
						"east": { "texture": "#brass", "uv": [ 0.0, 0.0, 0.5, 1.0 ], "autoUv": false },
						"south": { "texture": "#brass", "uv": [ 0.0, 0.0, 1.0, 1.0 ], "autoUv": false },
						"west": { "texture": "#brass", "uv": [ 0.0, 0.0, 0.5, 1.0 ], "autoUv": false },
						"up": { "texture": "#brass", "uv": [ 0.0, 0.0, 1.0, 0.5 ], "autoUv": false },
						"down": { "texture": "#brass", "uv": [ 0.0, 0.0, 1.0, 0.5 ], "autoUv": false }
					}
				},
				{
					"name": "cube66",
					"from": [ 12.0, 6.0, -0.5 ],
					"to": [ 13.0, 7.0, 0.0 ],
					"rotationOrigin": [ 20.0, 0.0, 39.0 ],
					"faces": {
						"north": { "texture": "#brass", "uv": [ 0.0, 0.0, 1.0, 1.0 ], "autoUv": false },
						"east": { "texture": "#brass", "uv": [ 0.0, 0.0, 0.5, 1.0 ], "autoUv": false },
						"south": { "texture": "#brass", "uv": [ 0.0, 0.0, 1.0, 1.0 ], "autoUv": false },
						"west": { "texture": "#brass", "uv": [ 0.0, 0.0, 0.5, 1.0 ], "autoUv": false },
						"up": { "texture": "#brass", "uv": [ 0.0, 0.0, 1.0, 0.5 ], "autoUv": false },
						"down": { "texture": "#brass", "uv": [ 0.0, 0.0, 1.0, 0.5 ], "autoUv": false }
					}
				},
				{
					"name": "cube67",
					"from": [ 15.0, 6.0, -0.5 ],
					"to": [ 16.0, 7.0, 0.0 ],
					"rotationOrigin": [ 23.0, 0.0, 39.0 ],
					"faces": {
						"north": { "texture": "#brass", "uv": [ 0.0, 0.0, 1.0, 1.0 ], "autoUv": false },
						"east": { "texture": "#brass", "uv": [ 0.0, 0.0, 0.5, 1.0 ], "autoUv": false },
						"south": { "texture": "#brass", "uv": [ 0.0, 0.0, 1.0, 1.0 ], "autoUv": false },
						"west": { "texture": "#brass", "uv": [ 0.0, 0.0, 0.5, 1.0 ], "autoUv": false },
						"up": { "texture": "#brass", "uv": [ 0.0, 0.0, 1.0, 0.5 ], "autoUv": false },
						"down": { "texture": "#brass", "uv": [ 0.0, 0.0, 1.0, 0.5 ], "autoUv": false }
					}
				},
				{
					"name": "cube69",
					"from": [ 12.0, 10.0, -0.5 ],
					"to": [ 13.0, 11.0, 0.0 ],
					"rotationOrigin": [ 5.0, 0.0, 39.0 ],
					"faces": {
						"north": { "texture": "#brass", "uv": [ 0.0, 0.0, 1.0, 1.0 ], "autoUv": false },
						"east": { "texture": "#brass", "uv": [ 0.0, 0.0, 0.5, 1.0 ], "autoUv": false },
						"south": { "texture": "#brass", "uv": [ 0.0, 0.0, 1.0, 1.0 ], "autoUv": false },
						"west": { "texture": "#brass", "uv": [ 0.0, 0.0, 0.5, 1.0 ], "autoUv": false },
						"up": { "texture": "#brass", "uv": [ 0.0, 0.0, 1.0, 0.5 ], "autoUv": false },
						"down": { "texture": "#brass", "uv": [ 0.0, 0.0, 1.0, 0.5 ], "autoUv": false }
					}
				},
				{
					"name": "cube70",
					"from": [ 9.0, 10.0, -0.5 ],
					"to": [ 10.0, 11.0, 0.0 ],
					"rotationOrigin": [ 2.0, 0.0, 39.0 ],
					"faces": {
						"north": { "texture": "#brass", "uv": [ 0.0, 0.0, 1.0, 1.0 ], "autoUv": false },
						"east": { "texture": "#brass", "uv": [ 0.0, 0.0, 0.5, 1.0 ], "autoUv": false },
						"south": { "texture": "#brass", "uv": [ 0.0, 0.0, 1.0, 1.0 ], "autoUv": false },
						"west": { "texture": "#brass", "uv": [ 0.0, 0.0, 0.5, 1.0 ], "autoUv": false },
						"up": { "texture": "#brass", "uv": [ 0.0, 0.0, 1.0, 0.5 ], "autoUv": false },
						"down": { "texture": "#brass", "uv": [ 0.0, 0.0, 1.0, 0.5 ], "autoUv": false }
					}
				},
				{
					"name": "cube71",
					"from": [ 6.0, 10.0, -0.5 ],
					"to": [ 7.0, 11.0, 0.0 ],
					"rotationOrigin": [ -1.0, 0.0, 39.0 ],
					"faces": {
						"north": { "texture": "#brass", "uv": [ 0.0, 0.0, 1.0, 1.0 ], "autoUv": false },
						"east": { "texture": "#brass", "uv": [ 0.0, 0.0, 0.5, 1.0 ], "autoUv": false },
						"south": { "texture": "#brass", "uv": [ 0.0, 0.0, 1.0, 1.0 ], "autoUv": false },
						"west": { "texture": "#brass", "uv": [ 0.0, 0.0, 0.5, 1.0 ], "autoUv": false },
						"up": { "texture": "#brass", "uv": [ 0.0, 0.0, 1.0, 0.5 ], "autoUv": false },
						"down": { "texture": "#brass", "uv": [ 0.0, 0.0, 1.0, 0.5 ], "autoUv": false }
					}
				},
				{
					"name": "cube72",
					"from": [ 3.0, 10.0, -0.5 ],
					"to": [ 4.0, 11.0, 0.0 ],
					"rotationOrigin": [ -4.0, 0.0, 39.0 ],
					"faces": {
						"north": { "texture": "#brass", "uv": [ 0.0, 0.0, 1.0, 1.0 ], "autoUv": false },
						"east": { "texture": "#brass", "uv": [ 0.0, 0.0, 0.5, 1.0 ], "autoUv": false },
						"south": { "texture": "#brass", "uv": [ 0.0, 0.0, 1.0, 1.0 ], "autoUv": false },
						"west": { "texture": "#brass", "uv": [ 0.0, 0.0, 0.5, 1.0 ], "autoUv": false },
						"up": { "texture": "#brass", "uv": [ 0.0, 0.0, 1.0, 0.5 ], "autoUv": false },
						"down": { "texture": "#brass", "uv": [ 0.0, 0.0, 1.0, 0.5 ], "autoUv": false }
					}
				},
				{
					"name": "cube73",
					"from": [ 0.0, 10.0, -0.5 ],
					"to": [ 1.0, 11.0, 0.0 ],
					"rotationOrigin": [ -7.0, 0.0, 39.0 ],
					"faces": {
						"north": { "texture": "#brass", "uv": [ 0.0, 0.0, 1.0, 1.0 ], "autoUv": false },
						"east": { "texture": "#brass", "uv": [ 0.0, 0.0, 0.5, 1.0 ], "autoUv": false },
						"south": { "texture": "#brass", "uv": [ 0.0, 0.0, 1.0, 1.0 ], "autoUv": false },
						"west": { "texture": "#brass", "uv": [ 0.0, 0.0, 0.5, 1.0 ], "autoUv": false },
						"up": { "texture": "#brass", "uv": [ 0.0, 0.0, 1.0, 0.5 ], "autoUv": false },
						"down": { "texture": "#brass", "uv": [ 0.0, 0.0, 1.0, 0.5 ], "autoUv": false }
					}
				}
			]
		},
		{
			"name": "bone2",
			"from": [ 8.9787, 0.0107, -31.0021 ],
			"to": [ 8.9787, 0.0107, -31.0021 ],
			"rotationOrigin": [ 17.0, 0.0, 8.0 ],
			"rotationX": -153.435,
			"rotationY": -89.98,
			"rotationZ": -153.435,
			"faces": {
			},
			"children": [
				{
					"name": "cube16",
					"from": [ 0.0, 11.0, 31.0 ],
					"to": [ 1.0, 14.0, 32.0 ],
					"rotationOrigin": [ 8.0, 0.0, 39.0 ],
					"faces": {
						"north": { "texture": "#brass", "uv": [ 0.0, 0.0, 2.0, 8.0 ], "autoUv": false },
						"east": { "texture": "#brass", "uv": [ 0.0, 0.0, 2.0, 8.0 ], "autoUv": false },
						"south": { "texture": "#brass", "uv": [ 0.0, 0.0, 2.0, 8.0 ], "autoUv": false },
						"west": { "texture": "#brass", "uv": [ 0.0, 0.0, 2.0, 8.0 ], "autoUv": false },
						"up": { "texture": "#brass", "uv": [ 0.0, 0.0, 2.0, 2.0 ], "autoUv": false },
						"down": { "texture": "#brass", "uv": [ 0.0, 0.0, 2.0, 2.0 ], "autoUv": false }
					}
				},
				{
					"name": "cube17",
					"from": [ 1.0, 14.0, 31.0 ],
					"to": [ 2.0, 15.0, 32.0 ],
					"rotationOrigin": [ 8.0, 0.0, 39.0 ],
					"faces": {
						"north": { "texture": "#brass", "uv": [ 0.0, 0.0, 2.0, 2.0 ], "autoUv": false },
						"east": { "texture": "#brass", "uv": [ 0.0, 0.0, 2.0, 2.0 ], "autoUv": false },
						"south": { "texture": "#brass", "uv": [ 0.0, 0.0, 2.0, 2.0 ], "autoUv": false },
						"west": { "texture": "#brass", "uv": [ 0.0, 0.0, 2.0, 2.0 ], "autoUv": false },
						"up": { "texture": "#brass", "uv": [ 0.0, 0.0, 2.0, 2.0 ], "autoUv": false },
						"down": { "texture": "#brass", "uv": [ 0.0, 0.0, 2.0, 2.0 ], "autoUv": false }
					}
				},
				{
					"name": "cube18",
					"from": [ 14.0, 14.0, 31.0 ],
					"to": [ 15.0, 15.0, 32.0 ],
					"rotationOrigin": [ 8.0, 0.0, 39.0 ],
					"faces": {
						"north": { "texture": "#brass", "uv": [ 0.0, 0.0, 2.0, 2.0 ], "autoUv": false },
						"east": { "texture": "#brass", "uv": [ 0.0, 0.0, 2.0, 2.0 ], "autoUv": false },
						"south": { "texture": "#brass", "uv": [ 0.0, 0.0, 2.0, 2.0 ], "autoUv": false },
						"west": { "texture": "#brass", "uv": [ 0.0, 0.0, 2.0, 2.0 ], "autoUv": false },
						"up": { "texture": "#brass", "uv": [ 0.0, 0.0, 2.0, 2.0 ], "autoUv": false },
						"down": { "texture": "#brass", "uv": [ 0.0, 0.0, 2.0, 2.0 ], "autoUv": false }
					}
				},
				{
					"name": "cube19",
					"from": [ 2.0, 15.0, 31.0 ],
					"to": [ 3.0, 16.0, 32.0 ],
					"rotationOrigin": [ 8.0, 0.0, 39.0 ],
					"faces": {
						"north": { "texture": "#brass", "uv": [ 0.0, 0.0, 2.0, 2.0 ], "autoUv": false },
						"east": { "texture": "#brass", "uv": [ 0.0, 0.0, 2.0, 2.0 ], "autoUv": false },
						"south": { "texture": "#brass", "uv": [ 0.0, 0.0, 2.0, 2.0 ], "autoUv": false },
						"west": { "texture": "#brass", "uv": [ 0.0, 0.0, 2.0, 2.0 ], "autoUv": false },
						"up": { "texture": "#brass", "uv": [ 0.0, 0.0, 2.0, 2.0 ], "autoUv": false },
						"down": { "texture": "#brass", "uv": [ 0.0, 0.0, 2.0, 2.0 ], "autoUv": false }
					}
				},
				{
					"name": "cube20",
					"from": [ 13.0, 15.0, 31.0 ],
					"to": [ 14.0, 16.0, 32.0 ],
					"rotationOrigin": [ 8.0, 0.0, 39.0 ],
					"faces": {
						"north": { "texture": "#brass", "uv": [ 0.0, 0.0, 2.0, 2.0 ], "autoUv": false },
						"east": { "texture": "#brass", "uv": [ 0.0, 0.0, 2.0, 2.0 ], "autoUv": false },
						"south": { "texture": "#brass", "uv": [ 0.0, 0.0, 2.0, 2.0 ], "autoUv": false },
						"west": { "texture": "#brass", "uv": [ 0.0, 0.0, 2.0, 2.0 ], "autoUv": false },
						"up": { "texture": "#brass", "uv": [ 0.0, 0.0, 2.0, 2.0 ], "autoUv": false },
						"down": { "texture": "#brass", "uv": [ 0.0, 0.0, 2.0, 2.0 ], "autoUv": false }
					}
				},
				{
					"name": "cube26",
					"from": [ 3.0, 16.0, 31.0 ],
					"to": [ 13.0, 17.0, 32.0 ],
					"rotationOrigin": [ 8.0, 0.0, 39.0 ],
					"faces": {
						"north": { "texture": "#brass", "uv": [ 0.0, 0.0, 20.0, 2.0 ], "autoUv": false },
						"east": { "texture": "#brass", "uv": [ 0.0, 0.0, 2.0, 2.0 ], "autoUv": false },
						"south": { "texture": "#brass", "uv": [ 0.0, 0.0, 20.0, 2.0 ], "autoUv": false },
						"west": { "texture": "#brass", "uv": [ 0.0, 0.0, 2.0, 2.0 ], "autoUv": false },
						"up": { "texture": "#brass", "uv": [ 0.0, 0.0, 20.0, 2.0 ], "autoUv": false },
						"down": { "texture": "#brass", "uv": [ 0.0, 0.0, 20.0, 2.0 ], "autoUv": false }
					}
				},
				{
					"name": "cube27",
					"from": [ 0.0, 6.0, 32.0 ],
					"to": [ 1.0, 7.0, 32.5 ],
					"rotationOrigin": [ 8.0, 0.0, 39.0 ],
					"faces": {
						"north": { "texture": "#brass", "uv": [ 0.0, 0.0, 1.0, 1.0 ], "autoUv": false },
						"east": { "texture": "#brass", "uv": [ 0.0, 0.0, 0.5, 1.0 ], "autoUv": false },
						"south": { "texture": "#brass", "uv": [ 0.0, 0.0, 1.0, 1.0 ], "autoUv": false },
						"west": { "texture": "#brass", "uv": [ 0.0, 0.0, 0.5, 1.0 ], "autoUv": false },
						"up": { "texture": "#brass", "uv": [ 0.0, 0.0, 1.0, 0.5 ], "autoUv": false },
						"down": { "texture": "#brass", "uv": [ 0.0, 0.0, 1.0, 0.5 ], "autoUv": false }
					}
				},
				{
					"name": "cube34",
					"from": [ 0.0, 10.0, 32.0 ],
					"to": [ 1.0, 11.0, 32.5 ],
					"rotationOrigin": [ 8.0, 0.0, 39.0 ],
					"faces": {
						"north": { "texture": "#brass", "uv": [ 0.0, 0.0, 1.0, 1.0 ], "autoUv": false },
						"east": { "texture": "#brass", "uv": [ 0.0, 0.0, 0.5, 1.0 ], "autoUv": false },
						"south": { "texture": "#brass", "uv": [ 0.0, 0.0, 1.0, 1.0 ], "autoUv": false },
						"west": { "texture": "#brass", "uv": [ 0.0, 0.0, 0.5, 1.0 ], "autoUv": false },
						"up": { "texture": "#brass", "uv": [ 0.0, 0.0, 1.0, 0.5 ], "autoUv": false },
						"down": { "texture": "#brass", "uv": [ 0.0, 0.0, 1.0, 0.5 ], "autoUv": false }
					}
				},
				{
					"name": "cube44",
					"from": [ 15.0, 10.0, 30.5 ],
					"to": [ 16.0, 11.0, 31.0 ],
					"rotationOrigin": [ 8.0, 0.0, 39.0 ],
					"faces": {
						"north": { "texture": "#brass", "uv": [ 0.0, 0.0, 1.0, 1.0 ], "autoUv": false },
						"east": { "texture": "#brass", "uv": [ 0.0, 0.0, 0.5, 1.0 ], "autoUv": false },
						"south": { "texture": "#brass", "uv": [ 0.0, 0.0, 1.0, 1.0 ], "autoUv": false },
						"west": { "texture": "#brass", "uv": [ 0.0, 0.0, 0.5, 1.0 ], "autoUv": false },
						"up": { "texture": "#brass", "uv": [ 0.0, 0.0, 1.0, 0.5 ], "autoUv": false },
						"down": { "texture": "#brass", "uv": [ 0.0, 0.0, 1.0, 0.5 ], "autoUv": false }
					}
				},
				{
					"name": "cube21",
					"from": [ 15.0, 11.0, 31.0 ],
					"to": [ 16.0, 14.0, 32.0 ],
					"rotationOrigin": [ 23.0, 0.0, 39.0 ],
					"faces": {
						"north": { "texture": "#brass", "uv": [ 0.0, 0.0, 2.0, 8.0 ], "autoUv": false },
						"east": { "texture": "#brass", "uv": [ 0.0, 0.0, 2.0, 8.0 ], "autoUv": false },
						"south": { "texture": "#brass", "uv": [ 0.0, 0.0, 2.0, 8.0 ], "autoUv": false },
						"west": { "texture": "#brass", "uv": [ 0.0, 0.0, 2.0, 8.0 ], "autoUv": false },
						"up": { "texture": "#brass", "uv": [ 0.0, 0.0, 2.0, 2.0 ], "autoUv": false },
						"down": { "texture": "#brass", "uv": [ 0.0, 0.0, 2.0, 2.0 ], "autoUv": false }
					}
				},
				{
					"name": "cube28",
					"from": [ 3.0, 6.0, 32.0 ],
					"to": [ 4.0, 7.0, 32.5 ],
					"rotationOrigin": [ 11.0, 0.0, 39.0 ],
					"faces": {
						"north": { "texture": "#brass", "uv": [ 0.0, 0.0, 1.0, 1.0 ], "autoUv": false },
						"east": { "texture": "#brass", "uv": [ 0.0, 0.0, 0.5, 1.0 ], "autoUv": false },
						"south": { "texture": "#brass", "uv": [ 0.0, 0.0, 1.0, 1.0 ], "autoUv": false },
						"west": { "texture": "#brass", "uv": [ 0.0, 0.0, 0.5, 1.0 ], "autoUv": false },
						"up": { "texture": "#brass", "uv": [ 0.0, 0.0, 1.0, 0.5 ], "autoUv": false },
						"down": { "texture": "#brass", "uv": [ 0.0, 0.0, 1.0, 0.5 ], "autoUv": false }
					}
				},
				{
					"name": "cube29",
					"from": [ 6.0, 6.0, 32.0 ],
					"to": [ 7.0, 7.0, 32.5 ],
					"rotationOrigin": [ 14.0, 0.0, 39.0 ],
					"faces": {
						"north": { "texture": "#brass", "uv": [ 0.0, 0.0, 1.0, 1.0 ], "autoUv": false },
						"east": { "texture": "#brass", "uv": [ 0.0, 0.0, 0.5, 1.0 ], "autoUv": false },
						"south": { "texture": "#brass", "uv": [ 0.0, 0.0, 1.0, 1.0 ], "autoUv": false },
						"west": { "texture": "#brass", "uv": [ 0.0, 0.0, 0.5, 1.0 ], "autoUv": false },
						"up": { "texture": "#brass", "uv": [ 0.0, 0.0, 1.0, 0.5 ], "autoUv": false },
						"down": { "texture": "#brass", "uv": [ 0.0, 0.0, 1.0, 0.5 ], "autoUv": false }
					}
				},
				{
					"name": "cube30",
					"from": [ 9.0, 6.0, 32.0 ],
					"to": [ 10.0, 7.0, 32.5 ],
					"rotationOrigin": [ 17.0, 0.0, 39.0 ],
					"faces": {
						"north": { "texture": "#brass", "uv": [ 0.0, 0.0, 1.0, 1.0 ], "autoUv": false },
						"east": { "texture": "#brass", "uv": [ 0.0, 0.0, 0.5, 1.0 ], "autoUv": false },
						"south": { "texture": "#brass", "uv": [ 0.0, 0.0, 1.0, 1.0 ], "autoUv": false },
						"west": { "texture": "#brass", "uv": [ 0.0, 0.0, 0.5, 1.0 ], "autoUv": false },
						"up": { "texture": "#brass", "uv": [ 0.0, 0.0, 1.0, 0.5 ], "autoUv": false },
						"down": { "texture": "#brass", "uv": [ 0.0, 0.0, 1.0, 0.5 ], "autoUv": false }
					}
				},
				{
					"name": "cube31",
					"from": [ 12.0, 6.0, 32.0 ],
					"to": [ 13.0, 7.0, 32.5 ],
					"rotationOrigin": [ 20.0, 0.0, 39.0 ],
					"faces": {
						"north": { "texture": "#brass", "uv": [ 0.0, 0.0, 1.0, 1.0 ], "autoUv": false },
						"east": { "texture": "#brass", "uv": [ 0.0, 0.0, 0.5, 1.0 ], "autoUv": false },
						"south": { "texture": "#brass", "uv": [ 0.0, 0.0, 1.0, 1.0 ], "autoUv": false },
						"west": { "texture": "#brass", "uv": [ 0.0, 0.0, 0.5, 1.0 ], "autoUv": false },
						"up": { "texture": "#brass", "uv": [ 0.0, 0.0, 1.0, 0.5 ], "autoUv": false },
						"down": { "texture": "#brass", "uv": [ 0.0, 0.0, 1.0, 0.5 ], "autoUv": false }
					}
				},
				{
					"name": "cube32",
					"from": [ 15.0, 6.0, 32.0 ],
					"to": [ 16.0, 7.0, 32.5 ],
					"rotationOrigin": [ 23.0, 0.0, 39.0 ],
					"faces": {
						"north": { "texture": "#brass", "uv": [ 0.0, 0.0, 1.0, 1.0 ], "autoUv": false },
						"east": { "texture": "#brass", "uv": [ 0.0, 0.0, 0.5, 1.0 ], "autoUv": false },
						"south": { "texture": "#brass", "uv": [ 0.0, 0.0, 1.0, 1.0 ], "autoUv": false },
						"west": { "texture": "#brass", "uv": [ 0.0, 0.0, 0.5, 1.0 ], "autoUv": false },
						"up": { "texture": "#brass", "uv": [ 0.0, 0.0, 1.0, 0.5 ], "autoUv": false },
						"down": { "texture": "#brass", "uv": [ 0.0, 0.0, 1.0, 0.5 ], "autoUv": false }
					}
				},
				{
					"name": "cube35",
					"from": [ 3.0, 10.0, 32.0 ],
					"to": [ 4.0, 11.0, 32.5 ],
					"rotationOrigin": [ 11.0, 0.0, 39.0 ],
					"faces": {
						"north": { "texture": "#brass", "uv": [ 0.0, 0.0, 1.0, 1.0 ], "autoUv": false },
						"east": { "texture": "#brass", "uv": [ 0.0, 0.0, 0.5, 1.0 ], "autoUv": false },
						"south": { "texture": "#brass", "uv": [ 0.0, 0.0, 1.0, 1.0 ], "autoUv": false },
						"west": { "texture": "#brass", "uv": [ 0.0, 0.0, 0.5, 1.0 ], "autoUv": false },
						"up": { "texture": "#brass", "uv": [ 0.0, 0.0, 1.0, 0.5 ], "autoUv": false },
						"down": { "texture": "#brass", "uv": [ 0.0, 0.0, 1.0, 0.5 ], "autoUv": false }
					}
				},
				{
					"name": "cube36",
					"from": [ 6.0, 10.0, 32.0 ],
					"to": [ 7.0, 11.0, 32.5 ],
					"rotationOrigin": [ 14.0, 0.0, 39.0 ],
					"faces": {
						"north": { "texture": "#brass", "uv": [ 0.0, 0.0, 1.0, 1.0 ], "autoUv": false },
						"east": { "texture": "#brass", "uv": [ 0.0, 0.0, 0.5, 1.0 ], "autoUv": false },
						"south": { "texture": "#brass", "uv": [ 0.0, 0.0, 1.0, 1.0 ], "autoUv": false },
						"west": { "texture": "#brass", "uv": [ 0.0, 0.0, 0.5, 1.0 ], "autoUv": false },
						"up": { "texture": "#brass", "uv": [ 0.0, 0.0, 1.0, 0.5 ], "autoUv": false },
						"down": { "texture": "#brass", "uv": [ 0.0, 0.0, 1.0, 0.5 ], "autoUv": false }
					}
				},
				{
					"name": "cube37",
					"from": [ 9.0, 10.0, 32.0 ],
					"to": [ 10.0, 11.0, 32.5 ],
					"rotationOrigin": [ 17.0, 0.0, 39.0 ],
					"faces": {
						"north": { "texture": "#brass", "uv": [ 0.0, 0.0, 1.0, 1.0 ], "autoUv": false },
						"east": { "texture": "#brass", "uv": [ 0.0, 0.0, 0.5, 1.0 ], "autoUv": false },
						"south": { "texture": "#brass", "uv": [ 0.0, 0.0, 1.0, 1.0 ], "autoUv": false },
						"west": { "texture": "#brass", "uv": [ 0.0, 0.0, 0.5, 1.0 ], "autoUv": false },
						"up": { "texture": "#brass", "uv": [ 0.0, 0.0, 1.0, 0.5 ], "autoUv": false },
						"down": { "texture": "#brass", "uv": [ 0.0, 0.0, 1.0, 0.5 ], "autoUv": false }
					}
				},
				{
					"name": "cube38",
					"from": [ 12.0, 10.0, 32.0 ],
					"to": [ 13.0, 11.0, 32.5 ],
					"rotationOrigin": [ 20.0, 0.0, 39.0 ],
					"faces": {
						"north": { "texture": "#brass", "uv": [ 0.0, 0.0, 1.0, 1.0 ], "autoUv": false },
						"east": { "texture": "#brass", "uv": [ 0.0, 0.0, 0.5, 1.0 ], "autoUv": false },
						"south": { "texture": "#brass", "uv": [ 0.0, 0.0, 1.0, 1.0 ], "autoUv": false },
						"west": { "texture": "#brass", "uv": [ 0.0, 0.0, 0.5, 1.0 ], "autoUv": false },
						"up": { "texture": "#brass", "uv": [ 0.0, 0.0, 1.0, 0.5 ], "autoUv": false },
						"down": { "texture": "#brass", "uv": [ 0.0, 0.0, 1.0, 0.5 ], "autoUv": false }
					}
				},
				{
					"name": "cube39",
					"from": [ 15.0, 10.0, 32.0 ],
					"to": [ 16.0, 11.0, 32.5 ],
					"rotationOrigin": [ 23.0, 0.0, 39.0 ],
					"faces": {
						"north": { "texture": "#brass", "uv": [ 0.0, 0.0, 1.0, 1.0 ], "autoUv": false },
						"east": { "texture": "#brass", "uv": [ 0.0, 0.0, 0.5, 1.0 ], "autoUv": false },
						"south": { "texture": "#brass", "uv": [ 0.0, 0.0, 1.0, 1.0 ], "autoUv": false },
						"west": { "texture": "#brass", "uv": [ 0.0, 0.0, 0.5, 1.0 ], "autoUv": false },
						"up": { "texture": "#brass", "uv": [ 0.0, 0.0, 1.0, 0.5 ], "autoUv": false },
						"down": { "texture": "#brass", "uv": [ 0.0, 0.0, 1.0, 0.5 ], "autoUv": false }
					}
				},
				{
					"name": "cube46",
					"from": [ 12.0, 10.0, 30.5 ],
					"to": [ 13.0, 11.0, 31.0 ],
					"rotationOrigin": [ 5.0, 0.0, 39.0 ],
					"faces": {
						"north": { "texture": "#brass", "uv": [ 0.0, 0.0, 1.0, 1.0 ], "autoUv": false },
						"east": { "texture": "#brass", "uv": [ 0.0, 0.0, 0.5, 1.0 ], "autoUv": false },
						"south": { "texture": "#brass", "uv": [ 0.0, 0.0, 1.0, 1.0 ], "autoUv": false },
						"west": { "texture": "#brass", "uv": [ 0.0, 0.0, 0.5, 1.0 ], "autoUv": false },
						"up": { "texture": "#brass", "uv": [ 0.0, 0.0, 1.0, 0.5 ], "autoUv": false },
						"down": { "texture": "#brass", "uv": [ 0.0, 0.0, 1.0, 0.5 ], "autoUv": false }
					}
				},
				{
					"name": "cube47",
					"from": [ 9.0, 10.0, 30.5 ],
					"to": [ 10.0, 11.0, 31.0 ],
					"rotationOrigin": [ 2.0, 0.0, 39.0 ],
					"faces": {
						"north": { "texture": "#brass", "uv": [ 0.0, 0.0, 1.0, 1.0 ], "autoUv": false },
						"east": { "texture": "#brass", "uv": [ 0.0, 0.0, 0.5, 1.0 ], "autoUv": false },
						"south": { "texture": "#brass", "uv": [ 0.0, 0.0, 1.0, 1.0 ], "autoUv": false },
						"west": { "texture": "#brass", "uv": [ 0.0, 0.0, 0.5, 1.0 ], "autoUv": false },
						"up": { "texture": "#brass", "uv": [ 0.0, 0.0, 1.0, 0.5 ], "autoUv": false },
						"down": { "texture": "#brass", "uv": [ 0.0, 0.0, 1.0, 0.5 ], "autoUv": false }
					}
				},
				{
					"name": "cube48",
					"from": [ 6.0, 10.0, 30.5 ],
					"to": [ 7.0, 11.0, 31.0 ],
					"rotationOrigin": [ -1.0, 0.0, 39.0 ],
					"faces": {
						"north": { "texture": "#brass", "uv": [ 0.0, 0.0, 1.0, 1.0 ], "autoUv": false },
						"east": { "texture": "#brass", "uv": [ 0.0, 0.0, 0.5, 1.0 ], "autoUv": false },
						"south": { "texture": "#brass", "uv": [ 0.0, 0.0, 1.0, 1.0 ], "autoUv": false },
						"west": { "texture": "#brass", "uv": [ 0.0, 0.0, 0.5, 1.0 ], "autoUv": false },
						"up": { "texture": "#brass", "uv": [ 0.0, 0.0, 1.0, 0.5 ], "autoUv": false },
						"down": { "texture": "#brass", "uv": [ 0.0, 0.0, 1.0, 0.5 ], "autoUv": false }
					}
				},
				{
					"name": "cube49",
					"from": [ 3.0, 10.0, 30.5 ],
					"to": [ 4.0, 11.0, 31.0 ],
					"rotationOrigin": [ -4.0, 0.0, 39.0 ],
					"faces": {
						"north": { "texture": "#brass", "uv": [ 0.0, 0.0, 1.0, 1.0 ], "autoUv": false },
						"east": { "texture": "#brass", "uv": [ 0.0, 0.0, 0.5, 1.0 ], "autoUv": false },
						"south": { "texture": "#brass", "uv": [ 0.0, 0.0, 1.0, 1.0 ], "autoUv": false },
						"west": { "texture": "#brass", "uv": [ 0.0, 0.0, 0.5, 1.0 ], "autoUv": false },
						"up": { "texture": "#brass", "uv": [ 0.0, 0.0, 1.0, 0.5 ], "autoUv": false },
						"down": { "texture": "#brass", "uv": [ 0.0, 0.0, 1.0, 0.5 ], "autoUv": false }
					}
				},
				{
					"name": "cube50",
					"from": [ 0.0, 10.0, 30.5 ],
					"to": [ 1.0, 11.0, 31.0 ],
					"rotationOrigin": [ -7.0, 0.0, 39.0 ],
					"faces": {
						"north": { "texture": "#brass", "uv": [ 0.0, 0.0, 1.0, 1.0 ], "autoUv": false },
						"east": { "texture": "#brass", "uv": [ 0.0, 0.0, 0.5, 1.0 ], "autoUv": false },
						"south": { "texture": "#brass", "uv": [ 0.0, 0.0, 1.0, 1.0 ], "autoUv": false },
						"west": { "texture": "#brass", "uv": [ 0.0, 0.0, 0.5, 1.0 ], "autoUv": false },
						"up": { "texture": "#brass", "uv": [ 0.0, 0.0, 1.0, 0.5 ], "autoUv": false },
						"down": { "texture": "#brass", "uv": [ 0.0, 0.0, 1.0, 0.5 ], "autoUv": false }
					}
				},
				{
					"name": "cube25",
					"from": [ 1.0, 10.0, 16.0 ],
					"to": [ 15.0, 11.0, 17.0 ],
					"rotationOrigin": [ 8.0, 4.0, 24.0 ],
					"rotationX": -180.0,
					"rotationZ": -180.0,
					"faces": {
						"north": { "texture": "#brass", "uv": [ 0.0, 0.0, 28.0, 2.0 ], "autoUv": false },
						"east": { "texture": "#brass", "uv": [ 0.0, 0.0, 2.0, 2.0 ], "autoUv": false },
						"south": { "texture": "#brass", "uv": [ 0.0, 0.0, 28.0, 2.0 ], "autoUv": false },
						"west": { "texture": "#brass", "uv": [ 0.0, 0.0, 2.0, 2.0 ], "autoUv": false },
						"up": { "texture": "#brass", "uv": [ 0.0, 0.0, 28.0, 2.0 ], "autoUv": false },
						"down": { "texture": "#brass", "uv": [ 0.0, 0.0, 28.0, 2.0 ], "autoUv": false }
					}
				},
				{
					"name": "cube24",
					"from": [ 1.0, 6.0, 16.0 ],
					"to": [ 15.0, 7.0, 17.0 ],
					"rotationOrigin": [ 8.0, 0.0, 24.0 ],
					"rotationX": -180.0,
					"rotationZ": -180.0,
					"faces": {
						"north": { "texture": "#brass", "uv": [ 0.0, 0.0, 28.0, 2.0 ], "autoUv": false },
						"east": { "texture": "#brass", "uv": [ 0.0, 0.0, 2.0, 2.0 ], "autoUv": false },
						"south": { "texture": "#brass", "uv": [ 0.0, 0.0, 28.0, 2.0 ], "autoUv": false },
						"west": { "texture": "#brass", "uv": [ 0.0, 0.0, 2.0, 2.0 ], "autoUv": false },
						"up": { "texture": "#brass", "uv": [ 0.0, 0.0, 28.0, 2.0 ], "autoUv": false },
						"down": { "texture": "#brass", "uv": [ 0.0, 0.0, 28.0, 2.0 ], "autoUv": false }
					},
					"children": [
						{
							"name": "cube23",
							"from": [ 14.0, -6.0, 0.0 ],
							"to": [ 15.0, 1.0, 1.0 ],
							"rotationOrigin": [ 22.0, -6.0, 8.0 ],
							"faces": {
								"north": { "texture": "#brass", "uv": [ 0.0, 0.0, 2.0, 16.0 ], "autoUv": false },
								"east": { "texture": "#brass", "uv": [ 0.0, 0.0, 2.0, 16.0 ], "autoUv": false },
								"south": { "texture": "#brass", "uv": [ 0.0, 0.0, 2.0, 16.0 ], "autoUv": false },
								"west": { "texture": "#brass", "uv": [ 0.0, 0.0, 2.0, 16.0 ], "autoUv": false },
								"up": { "texture": "#brass", "uv": [ 0.0, 0.0, 2.0, 2.0 ], "autoUv": false },
								"down": { "texture": "#brass", "uv": [ 0.0, 0.0, 2.0, 2.0 ], "autoUv": false }
							}
						}
					]
				},
				{
					"name": "cube22",
					"from": [ -15.0, 7.0, 16.0 ],
					"to": [ -14.0, 11.0, 17.0 ],
					"rotationOrigin": [ -7.0, 0.0, 24.0 ],
					"rotationX": -180.0,
					"rotationZ": -180.0,
					"faces": {
						"north": { "texture": "#brass", "uv": [ 0.0, 0.0, 2.0, 9.0 ], "autoUv": false },
						"east": { "texture": "#brass", "uv": [ 0.0, 0.0, 2.0, 9.0 ], "autoUv": false },
						"south": { "texture": "#brass", "uv": [ 0.0, 0.0, 2.0, 9.0 ], "autoUv": false },
						"west": { "texture": "#brass", "uv": [ 0.0, 0.0, 2.0, 9.0 ], "autoUv": false },
						"up": { "texture": "#brass", "uv": [ 0.0, 0.0, 2.0, 2.0 ], "autoUv": false },
						"down": { "texture": "#brass", "uv": [ 0.0, 0.0, 2.0, 2.0 ], "autoUv": false }
					}
				},
				{
					"name": "cube14",
					"from": [ 0.0, 0.0, 16.0 ],
					"to": [ 1.0, 7.0, 17.0 ],
					"rotationOrigin": [ 8.0, 0.0, 24.0 ],
					"rotationX": -180.0,
					"rotationZ": -180.0,
					"faces": {
						"north": { "texture": "#brass", "uv": [ 0.0, 0.0, 2.0, 16.0 ], "autoUv": false },
						"east": { "texture": "#brass", "uv": [ 0.0, 0.0, 2.0, 16.0 ], "autoUv": false },
						"south": { "texture": "#brass", "uv": [ 0.0, 0.0, 2.0, 16.0 ], "autoUv": false },
						"west": { "texture": "#brass", "uv": [ 0.0, 0.0, 2.0, 16.0 ], "autoUv": false },
						"up": { "texture": "#brass", "uv": [ 0.0, 0.0, 2.0, 2.0 ], "autoUv": false },
						"down": { "texture": "#brass", "uv": [ 0.0, 0.0, 2.0, 2.0 ], "autoUv": false }
					}
				},
				{
					"name": "cube15",
					"from": [ 0.0, 7.0, 16.0 ],
					"to": [ 1.0, 11.0, 17.0 ],
					"rotationOrigin": [ 8.0, 0.0, 24.0 ],
					"rotationX": -180.0,
					"rotationZ": -180.0,
					"faces": {
						"north": { "texture": "#brass", "uv": [ 0.0, 0.0, 2.0, 9.0 ], "autoUv": false },
						"east": { "texture": "#brass", "uv": [ 0.0, 0.0, 2.0, 9.0 ], "autoUv": false },
						"south": { "texture": "#brass", "uv": [ 0.0, 0.0, 2.0, 9.0 ], "autoUv": false },
						"west": { "texture": "#brass", "uv": [ 0.0, 0.0, 2.0, 9.0 ], "autoUv": false },
						"up": { "texture": "#brass", "uv": [ 0.0, 0.0, 2.0, 2.0 ], "autoUv": false },
						"down": { "texture": "#brass", "uv": [ 0.0, 0.0, 2.0, 2.0 ], "autoUv": false }
					}
				}
			]
		},
		{
			"name": "cube13",
			"from": [ -23.0207, 3.0103, -29.9899 ],
			"to": [ -5.0207, 8.0103, -14.9899 ],
			"rotationOrigin": [ -14.0, 0.0, 8.0 ],
			"rotationX": -153.435,
			"rotationY": -89.98,
			"rotationZ": -153.435,
			"faces": {
				"north": { "texture": "#mattress-normal", "uv": [ 0.0, 0.0, 32.0, 8.0 ], "autoUv": false },
				"east": { "texture": "#mattress-normal", "uv": [ 0.0, 0.0, 32.0, 8.0 ], "autoUv": false },
				"south": { "texture": "#mattress-normal", "uv": [ 0.0, 0.0, 32.0, 8.0 ], "autoUv": false },
				"west": { "texture": "#mattress-normal", "uv": [ 0.0, 0.0, 32.0, 8.0 ], "autoUv": false },
				"up": { "texture": "#mattress-normal", "uv": [ 0.0, 0.0, 32.0, 32.0 ], "autoUv": false },
				"down": { "texture": "#mattress-normal", "uv": [ 0.0, 0.0, 32.0, 32.0 ], "autoUv": false }
			}
		},
		{
			"name": "cube75",
			"from": [ 9.9904, 2.0048, 19.0065 ],
			"to": [ 10.4904, 8.0048, 28.0065 ],
			"rotationOrigin": [ 1.0, 0.0, 8.0 ],
			"rotationX": 153.435,
			"rotationY": 89.98,
			"rotationZ": -153.435,
			"faces": {
				"north": { "texture": "#blanket-feet", "uv": [ 0.0, 0.0, 0.5, 15.0 ], "autoUv": false },
				"east": { "texture": "#blanket-feet", "uv": [ 0.0, 0.0, 15.0, 10.0 ], "autoUv": false },
				"south": { "texture": "#blanket-feet", "uv": [ 0.0, 0.0, 0.5, 15.0 ], "autoUv": false },
				"west": { "texture": "#blanket-feet", "uv": [ 0.0, 0.0, 15.0, 10.0 ], "autoUv": false },
				"up": { "texture": "#blanket-feet", "uv": [ 0.0, 0.0, 0.5, 15.0 ], "autoUv": false },
				"down": { "texture": "#blanket-feet", "uv": [ 0.0, 0.0, 0.5, 15.0 ], "autoUv": false }
			}
		},
		{
			"name": "cube76",
			"from": [ -8.5096, 8.0048, 18.9932 ],
			"to": [ 10.4904, 8.5048, 27.9932 ],
			"rotationOrigin": [ 1.0, 0.0, 8.0 ],
			"rotationX": 153.435,
			"rotationY": 89.98,
			"rotationZ": -153.435,
			"faces": {
				"north": { "texture": "#blanket-feet", "uv": [ 0.0, 0.0, 19.0, 0.5 ], "autoUv": false },
				"east": { "texture": "#blanket-feet", "uv": [ 0.0, 15.0, 32.0, 15.5 ], "autoUv": false },
				"south": { "texture": "#blanket-feet", "uv": [ 0.0, 0.0, 19.0, 0.5 ], "autoUv": false },
				"west": { "texture": "#blanket-feet", "uv": [ 0.0, 0.0, 9.0, 0.5 ], "autoUv": false },
				"up": { "texture": "#blanket-feet", "uv": [ 0.0, 0.0, 32.0, 15.0 ], "autoUv": false }
			}
		},
		{
			"name": "cube77",
			"from": [ -8.5096, 2.0048, 18.9951 ],
			"to": [ -8.0096, 8.0048, 27.9951 ],
			"rotationOrigin": [ 1.0, 0.0, 8.0 ],
			"rotationX": 153.435,
			"rotationY": 89.98,
			"rotationZ": -153.435,
			"faces": {
				"north": { "texture": "#blanket-feet", "uv": [ 0.0, 0.0, 0.5, 15.0 ], "autoUv": false },
				"east": { "texture": "#blanket-feet", "uv": [ 0.0, 0.0, 15.0, 10.0 ], "autoUv": false },
				"south": { "texture": "#blanket-feet", "uv": [ 0.0, 0.0, 0.5, 15.0 ], "autoUv": false },
				"west": { "texture": "#blanket-feet", "uv": [ 0.0, 0.0, 15.0, 10.0 ], "autoUv": false },
				"up": { "texture": "#blanket-feet", "uv": [ 0.0, 0.0, 0.5, 15.0 ], "autoUv": false },
				"down": { "texture": "#blanket-feet", "uv": [ 0.0, 0.0, 0.5, 15.0 ], "autoUv": false }
			}
		},
		{
			"name": "cube80",
			"from": [ -9.0003, 8.0002, 3.0063 ],
			"to": [ 4.9997, 9.0002, 9.0063 ],
			"rotationOrigin": [ -2.0, 0.0, 8.0 ],
			"rotationX": -153.435,
			"rotationY": -89.98,
			"rotationZ": -153.435,
			"faces": {
				"north": { "texture": "#pillow-normal", "uv": [ 0.0, 29.0, 14.0, 31.0 ], "autoUv": false },
				"east": { "texture": "#pillow-normal", "uv": [ 3.0, 28.0, 10.0, 30.0 ], "autoUv": false },
				"south": { "texture": "#pillow-normal", "uv": [ 8.0, 29.0, 22.0, 31.0 ], "autoUv": false },
				"west": { "texture": "#pillow-normal", "uv": [ 2.0, 29.0, 10.0, 31.0 ], "autoUv": false },
				"up": { "texture": "#pillow-normal", "uv": [ 3.0, 3.0, 29.0, 15.0 ], "autoUv": false }
			}
		},
		{
			"name": "cube81",
			"from": [ 2.0, 15.0, 13.0 ],
			"to": [ 4.0, 21.0, 19.0 ],
			"rotationOrigin": [ 1.0, 6.0, 18.0 ],
			"rotationX": -45.0,
			"rotationZ": 22.5,
			"faces": {
				"north": { "texture": "#blanket-feet3", "uv": [ 0.0, 0.0, 4.0, 17.0 ], "autoUv": false },
				"east": { "texture": "#blanket-feet3", "uv": [ 0.0, 0.0, 14.0, 17.0 ], "autoUv": false },
				"south": { "texture": "#blanket-feet3", "uv": [ 0.0, 0.0, 4.0, 17.0 ], "autoUv": false },
				"west": { "texture": "#blanket-feet3", "uv": [ 0.0, 0.0, 14.0, 17.0 ], "autoUv": false },
				"up": { "texture": "#blanket-feet3", "uv": [ 0.0, 0.0, 4.0, 14.0 ], "autoUv": false },
				"down": { "texture": "#blanket-feet3", "uv": [ 0.0, 0.0, 4.0, 14.0 ], "autoUv": false }
			}
		},
		{
			"name": "cube33",
			"from": [ -38.0207, 3.0103, -29.9848 ],
			"to": [ -20.0207, 8.0103, -14.9848 ],
			"rotationOrigin": [ -29.0, 0.0, 8.0 ],
			"rotationX": -153.435,
			"rotationY": -89.98,
			"rotationZ": -153.435,
			"faces": {
				"north": { "texture": "#mattress-normal", "uv": [ 0.0, 0.0, 32.0, 8.0 ], "autoUv": false },
				"east": { "texture": "#mattress-normal", "uv": [ 0.0, 0.0, 32.0, 8.0 ], "autoUv": false },
				"south": { "texture": "#mattress-normal", "uv": [ 0.0, 0.0, 32.0, 8.0 ], "autoUv": false },
				"west": { "texture": "#mattress-normal", "uv": [ 0.0, 0.0, 32.0, 8.0 ], "autoUv": false },
				"up": { "texture": "#mattress-normal", "uv": [ 0.0, 0.0, 32.0, 32.0 ], "autoUv": false },
				"down": { "texture": "#mattress-normal", "uv": [ 0.0, 0.0, 32.0, 32.0 ], "autoUv": false }
			}
		},
		{
			"name": "Cube2",
			"from": [ -3.0, 8.0, 9.0 ],
			"to": [ -1.0, 17.0, 17.0 ],
			"rotationOrigin": [ -3.0, 8.0, 9.0 ],
			"rotationZ": 22.5,
			"faces": {
				"north": { "texture": "#mattress", "uv": [ 0.0, 0.0, 6.0, 27.0 ], "autoUv": false },
				"east": { "texture": "#mattress", "uv": [ 0.0, 0.0, 20.0, 27.0 ], "autoUv": false },
				"south": { "texture": "#mattress", "uv": [ 0.0, 0.0, 6.0, 27.0 ], "autoUv": false },
				"west": { "texture": "#mattress", "uv": [ 0.0, 0.0, 20.0, 27.0 ], "autoUv": false },
				"up": { "texture": "#mattress", "uv": [ 0.0, 0.0, 6.0, 27.0 ], "autoUv": false },
				"down": { "texture": "#mattress", "uv": [ 0.0, 0.0, 6.0, 27.0 ], "autoUv": false }
			}
		},
		{
			"name": "Cube3",
			"from": [ -3.0, 8.0, -1.0 ],
			"to": [ -1.0, 17.0, 7.0 ],
			"rotationOrigin": [ -3.0, 8.0, -1.0 ],
			"rotationZ": 22.5,
			"faces": {
				"north": { "texture": "#mattress", "uv": [ 0.0, 0.0, 6.0, 27.0 ], "autoUv": false },
				"east": { "texture": "#mattress", "uv": [ 0.0, 0.0, 20.0, 27.0 ], "autoUv": false },
				"south": { "texture": "#mattress", "uv": [ 0.0, 0.0, 6.0, 27.0 ], "autoUv": false },
				"west": { "texture": "#mattress", "uv": [ 0.0, 0.0, 20.0, 27.0 ], "autoUv": false },
				"up": { "texture": "#mattress", "uv": [ 0.0, 0.0, 6.0, 27.0 ], "autoUv": false },
				"down": { "texture": "#mattress", "uv": [ 0.0, 0.0, 6.0, 27.0 ], "autoUv": false }
			}
		}
	]}