{
    "treeWorldPropertyCode": "sapele",
    "isTropical": true,
    "sizeMultiplier": 1,
    "trunks": [{
        "widthloss": 0.044,
        "dieAt": { "avg": 0.08 },
        "branchStart": { "dist": "gaussian", "avg": 0.5,  "var": 0.3 },
        "branchSpacing": { "dist": "gaussian", "avg": 0.2,  "var": 0.1 },
        "branchVerticalAngle":  { "dist": "gaussian", "avg": 0.97,  "var": 0.2 },
        "branchHorizontalAngle": { "avg": 0,  "var": 3.1415 },
        "branchWidthMultiplier": { "avg": 0.02,  "var": 0 },
        "branchWidthMultiplierEvolve": { "transform": "linear", "factor": 1 },
        "branchQuantity": { "avg": 4,  "var": 2 },
        "branchWidthLossMul": 0.98
    }],
    "branches": [{
        "widthLoss": 0.03,
        "gravityDrag": 0.01,
        "dieAt": { "avg": 0.001 },
        "branchStart": { "dist": "gaussian", "avg": 0.5, "var": 0.1 },
        "branchSpacing": { "avg": 0.2, "var": 0.005 },
        "branchVerticalAngle":  { "dist": "inversegaussian", "avg": 1, "var": 0.4 },
        "branchHorizontalAngle": { "avg": 0, "var": 3.1415 },
        "branchWidthMultiplier": { "avg": 0.6, "var": 0 },
        "branchWidthMultiplierEvolve": { "transform": "linear", "factor": 0.1 },
        "branchQuantity": { "avg": 3, "var": 1 }
    }],
    "treeBlocks": {
	"logBlockCode": "wildcrafttree:log-grown-sapele-ud",
	"leavesBlockCode": "wildcrafttree:leaves-placed-sapele",
	"leavesBranchyBlockCode": "wildcrafttree:leavesbranchy-placed-sapele",
	"vinesBlockCode": "game:wildvine-tropical-section-north",
	"vinesEndBlockCode": "game:wildvine-tropical-end-north",
	"mossDecorCode": "game:attachingplant-spottymoss"
    }
}