{
  "code": "type",
  "variants": [
    {
      "code": "nospell"
    },

    // Innate:
    {
      "code": "transmutation"
    },
    {
      "code": "lifetap"
    },
    {
      "code": "imbueelement"
    },
    {
      "code": "familiar"
    },

    // Tier 1:
    // Invocation: A school of magic that invokes destructive energies.
    {
      "code": "rustorb1"
    },
    {
      "code": "fireball1"
    },
    {
      "code": "aquaburst1"
    },
    {
      "code": "aeroblast1"
    },
    {
      "code": "stonefist1"
    },
    {
      "code": "thunderbolt1"
    },
    {
      "code": "coldsnap1"
    },
    {
      "code": "wealdburst1"
    },
    {
      "code": "etherbolt1"
    },
    {
      "code": "reap"
    },

    // Alteration: A school of magic that bestows attribute buffs and healing.
    {
      "code": "plunder1"
    },
    {
      "code": "silentsteps1"
    },
    {
      "code": "agility1"
    },

    // Enchantment: A school of magic that manipulates objects properties.
    {
      "code": "equilibrium1"
    },
    {
      "code": "befriendanimal1"
    },
    {
      "code": "hydratefarmland1"
    },
    {
      "code": "fertilize1"
    },
    {
      "code": "truenorth"
    },

    // Conjuration: A school of magic that summons objects from the void.
    {
      "code": "summonlight1"
    },
    {
      "code": "summoncorpse"
    },
    {
      "code": "telekinesis"
    },
    {
      "code": "mendobject"
    },



    // Tier 2:
    // Invocation: A school of magic that invokes destructive energies.
    {
      "code": "rustorb2"
    },
    {
      "code": "fireball2"
    },
    {
      "code": "aquaburst2"
    },
    {
      "code": "aeroblast2"
    },
    {
      "code": "stonefist2"
    },
    {
      "code": "thunderbolt2"
    },
    {
      "code": "coldsnap2"
    },
    {
      "code": "wealdburst2"
    },
    {
      "code": "etherbolt2"
    },
    {
      "code": "rustriposte1"
    },
    {
      "code": "fireriposte1"
    },
    {
      "code": "waterriposte1"
    },
    {
      "code": "windriposte1"
    },
    {
      "code": "earthriposte1"
    },
    {
      "code": "lightningriposte1"
    },
    {
      "code": "frostriposte1"
    },
    {
      "code": "natureriposte1"
    },
    {
      "code": "arcaneriposte1"
    },

    // Alteration: A school of magic that bestows attribute buffs and healing.
    {
      "code": "plunder2"
    },
    {
      "code": "silentsteps2"
    },
    {
      "code": "agility2"
    },
    {
      "code": "excavation1"
    },
    {
      "code": "nourishingaura1"
    },
    {
      "code": "rapidshot1"
    },
    {
      "code": "strengthen1"
    },
    {
      "code": "swiftness1"
    },
    {
      "code": "tinkerer1"
    },
    {
      "code": "flashheal1"
    },

    // Enchantment: A school of magic that manipulates objects properties.
    {
      "code": "equilibrium2"
    },
    {
      "code": "befriendanimal2"
    },
    {
      "code": "hydratefarmland2"
    },
    {
      "code": "fertilize2"
    },
    {
      "code": "resistelements1"
    },
    {
      "code": "resistfire1"
    },
    {
      "code": "resistwater1"
    },
    {
      "code": "resistwind1"
    },
    {
      "code": "resistearth1"
    },
    {
      "code": "resistlightning1"
    },
    {
      "code": "resistfrost1"
    },
    {
      "code": "resistnature1"
    },
    {
      "code": "resistarcane1"
    },
    {
      "code": "endlessbreath"
    },

    // Conjuration: A school of magic that summons objects from the void.
    {
      "code": "summonlight2"
    },
    {
      "code": "kindle1"
    },
    {
      "code": "surfaceascent1"
    },
    {
      "code": "corpseswap"
    },
    {
      "code": "shadowstep"
    },
    {
      "code": "cleansinglight"
    },



    // Tier 3:
    // Invocation: A school of magic that invokes destructive energies.
    {
      "code": "rustorb3"
    },
    {
      "code": "fireball3"
    },
    {
      "code": "aquaburst3"
    },
    {
      "code": "aeroblast3"
    },
    {
      "code": "stonefist3"
    },
    {
      "code": "thunderbolt3"
    },
    {
      "code": "coldsnap3"
    },
    {
      "code": "wealdburst3"
    },
    {
      "code": "etherbolt3"
    },
    {
      "code": "rustriposte2"
    },
    {
      "code": "fireriposte2"
    },
    {
      "code": "waterriposte2"
    },
    {
      "code": "windriposte2"
    },
    {
      "code": "earthriposte2"
    },
    {
      "code": "lightningriposte2"
    },
    {
      "code": "frostriposte2"
    },
    {
      "code": "natureriposte2"
    },
    {
      "code": "arcaneriposte2"
    },
    {
      "code": "rustnova1"
    },
    {
      "code": "incinerate1"
    },
    {
      "code": "tidalwave1"
    },
    {
      "code": "whirlwind1"
    },
    {
      "code": "rockslide1"
    },
    {
      "code": "electrocute1"
    },
    {
      "code": "icestrike1"
    },
    {
      "code": "verdantsurge1"
    },
    {
      "code": "arcaneexplosion1"
    },
    {
      "code": "corpseexplosion1"
    },

    // Alteration: A school of magic that bestows attribute buffs and healing.
    {
      "code": "plunder3"
    },
    {
      "code": "silentsteps3"
    },
    {
      "code": "agility3"
    },
    {
      "code": "excavation2"
    },
    {
      "code": "nourishingaura2"
    },
    {
      "code": "rapidshot2"
    },
    {
      "code": "strengthen2"
    },
    {
      "code": "swiftness2"
    },
    {
      "code": "tinkerer2"
    },
    {
      "code": "flashheal2"
    },
    {
      "code": "butcher1"
    },
    {
      "code": "velocity1"
    },
    {
      "code": "regeneration1"
    },

    // Enchantment: A school of magic that manipulates objects properties.
    {
      "code": "equilibrium3"
    },
    {
      "code": "befriendanimal3"
    },
    {
      "code": "hydratefarmland3"
    },
    {
      "code": "fertilize3"
    },
    {
      "code": "resistelements2"
    },
    {
      "code": "resistfire2"
    },
    {
      "code": "resistwater2"
    },
    {
      "code": "resistwind2"
    },
    {
      "code": "resistearth2"
    },
    {
      "code": "resistlightning2"
    },
    {
      "code": "resistfrost2"
    },
    {
      "code": "resistnature2"
    },
    {
      "code": "resistarcane2"
    },
    {
      "code": "featherfall"
    },
    {
      "code": "growth"
    },

    // Conjuration: A school of magic that summons objects from the void.
    {
      "code": "summonlight3"
    },
    {
      "code": "kindle2"
    },
    {
      "code": "surfaceascent2"
    },
    {
      "code": "bindaffinity"
    },



    // Tier 4:
    // Invocation: A school of magic that invokes destructive energies.
    {
      "code": "rustorb4"
    },
    {
      "code": "fireball4"
    },
    {
      "code": "aquaburst4"
    },
    {
      "code": "aeroblast4"
    },
    {
      "code": "stonefist4"
    },
    {
      "code": "thunderbolt4"
    },
    {
      "code": "coldsnap4"
    },
    {
      "code": "wealdburst4"
    },
    {
      "code": "etherbolt4"
    },
    {
      "code": "rustriposte3"
    },
    {
      "code": "fireriposte3"
    },
    {
      "code": "waterriposte3"
    },
    {
      "code": "windriposte3"
    },
    {
      "code": "earthriposte3"
    },
    {
      "code": "lightningriposte3"
    },
    {
      "code": "frostriposte3"
    },
    {
      "code": "natureriposte3"
    },
    {
      "code": "arcaneriposte3"
    },
    {
      "code": "rustnova2"
    },
    {
      "code": "incinerate2"
    },
    {
      "code": "tidalwave2"
    },
    {
      "code": "whirlwind2"
    },
    {
      "code": "rockslide2"
    },
    {
      "code": "electrocute2"
    },
    {
      "code": "icestrike2"
    },
    {
      "code": "verdantsurge2"
    },
    {
      "code": "arcaneexplosion2"
    },
    {
      "code": "corpseexplosion2"
    },
    {
      "code": "rustfield1"
    },
    {
      "code": "inferno1"
    },
    {
      "code": "torrent1"
    },
    {
      "code": "cyclone1"
    },
    {
      "code": "earthquake1"
    },
    {
      "code": "staticshock1"
    },
    {
      "code": "frostbite1"
    },
    {
      "code": "sylvanwrath1"
    },
    {
      "code": "arcanesurge1"
    },

    // Alteration: A school of magic that bestows attribute buffs and healing.
    {
      "code": "plunder4"
    },
    {
      "code": "silentsteps4"
    },
    {
      "code": "agility4"
    },
    {
      "code": "excavation3"
    },
    {
      "code": "nourishingaura3"
    },
    {
      "code": "rapidshot3"
    },
    {
      "code": "strengthen3"
    },
    {
      "code": "swiftness3"
    },
    {
      "code": "tinkerer3"
    },
    {
      "code": "flashheal3"
    },
    {
      "code": "butcher2"
    },
    {
      "code": "velocity2"
    },
    {
      "code": "regeneration2"
    },
    {
      "code": "prosperity"
    },
    {
      "code": "revive"
    },
    //{
    //  "code": "radiantlight1"
    //},

    // Enchantment: A school of magic that manipulates objects properties.
    {
      "code": "equilibrium4"
    },
    {
      "code": "befriendanimal4"
    },
    {
      "code": "hydratefarmland4"
    },
    {
      "code": "fertilize4"
    },
    {
      "code": "resistelements3"
    },
    {
      "code": "resistfire3"
    },
    {
      "code": "resistwater3"
    },
    {
      "code": "resistwind3"
    },
    {
      "code": "resistearth3"
    },
    {
      "code": "resistlightning3"
    },
    {
      "code": "resistfrost3"
    },
    {
      "code": "resistnature3"
    },
    {
      "code": "resistarcane3"
    },
    {
      "code": "beastsense"
    },
    {
      "code": "polymorph"
    },
    {
      "code": "preservation"
    },
    {
      "code": "fly"
    },

    // Conjuration: A school of magic that summons objects from the void.
    {
      "code": "summonlight4"
    },
    {
      "code": "kindle3"
    },
    {
      "code": "surfaceascent3"
    },
    {
      "code": "duplicate"
    },
    {
      "code": "blink"
    },
    {
      "code": "riftwalker"
    },
    {
      "code": "summonportal"
    },
    {
      "code": "summonvoidvault"
    }



  ]
}
