{
	"editor": {
		"backDropShape": "entity/humanoid/seraph-hairless",
		"allAngles": true,
		"entityTextureMode": false
	},
	"textureWidth": 8,
	"textureHeight": 8,
	"textureSizes": {
		"tuja_seed": [8,8],
		"reedrope": [8,8]
	},
	"textures": {
		"tuja_seed": "wildcrafttree:item/resource/seeds/tuja",
		"reedrope": "game:block/cloth/ropedcloth"
	},
	"elements": [
		{
			"name": "hideme",
			"stepParentName": "UpperTorso",
			"from": [ 2.0, 5.0, 3.0 ], 
			"to": [ 2.0, 5.0, 3.0 ], 
			"rotationOrigin": [ 2.0, 5.0, 3.0 ],
			"faces": {
				"north": { "texture": "#null", "uv": [ 0.0, 0.0, 0.5, 0.5 ], "enabled": false },
				"east": { "texture": "#null", "uv": [ 0.0, 0.0, 0.5, 0.5 ], "enabled": false },
				"south": { "texture": "#null", "uv": [ 0.0, 0.0, 0.5, 0.5 ], "enabled": false },
				"west": { "texture": "#null", "uv": [ 0.0, 0.0, 0.5, 0.5 ], "enabled": false },
				"up": { "texture": "#null", "uv": [ 0.0, 0.0, 0.5, 0.5 ], "enabled": false },
				"down": { "texture": "#null", "uv": [ 0.0, 0.0, 0.5, 0.5 ], "enabled": false }
			},
			"children": [
				{
					"name": "string back",
					"from": [ 2.2, 0.2, -1.4 ], 
					"to": [ 2.4, 0.4, 1.6 ], 
					"rotationOrigin": [ 2.3, 0.3, 0.1 ],
					"rotationZ": 45.0,
					"faces": {
						"north": { "texture": "#reedrope", "uv": [ 0.0, 0.0, 0.25, 0.25 ] },
						"east": { "texture": "#reedrope", "uv": [ 0.0, 0.0, 3.0, 0.25 ] },
						"south": { "texture": "#reedrope", "uv": [ 0.0, 0.0, 0.25, 0.25 ] },
						"west": { "texture": "#reedrope", "uv": [ 0.0, 0.0, 3.0, 0.25 ] },
						"up": { "texture": "#reedrope", "uv": [ 0.0, 0.0, 0.25, 3.0 ] },
						"down": { "texture": "#reedrope", "uv": [ 0.0, 0.0, 0.25, 3.0 ] }
					}
				},
				{
					"name": "string R2",
					"from": [ -1.0, 0.2, -1.5 ], 
					"to": [ 2.3, 0.4, -1.3 ], 
					"rotationOrigin": [ 0.4, 0.3, -1.4 ],
					"rotationX": 45.0,
					"faces": {
						"north": { "texture": "#reedrope", "uv": [ 0.0, 0.0, 3.25, 0.25 ] },
						"east": { "texture": "#reedrope", "uv": [ 0.0, 0.0, 0.25, 0.25 ] },
						"south": { "texture": "#reedrope", "uv": [ 0.0, 0.0, 3.25, 0.25 ] },
						"west": { "texture": "#reedrope", "uv": [ 0.0, 0.0, 0.25, 0.25 ] },
						"up": { "texture": "#reedrope", "uv": [ 0.0, 0.0, 3.25, 0.25 ] },
						"down": { "texture": "#reedrope", "uv": [ 0.0, 0.0, 3.25, 0.25 ] }
					}
				},
				{
					"name": "string L2",
					"from": [ -1.0, 0.2, 1.5 ], 
					"to": [ 2.3, 0.4, 1.7 ], 
					"rotationOrigin": [ 0.4, 0.3, 1.6 ],
					"rotationX": 45.0,
					"faces": {
						"north": { "texture": "#reedrope", "uv": [ 0.0, 0.0, 3.25, 0.25 ] },
						"east": { "texture": "#reedrope", "uv": [ 0.0, 0.0, 0.25, 0.25 ] },
						"south": { "texture": "#reedrope", "uv": [ 0.0, 0.0, 3.25, 0.25 ] },
						"west": { "texture": "#reedrope", "uv": [ 0.0, 0.0, 0.25, 0.25 ] },
						"up": { "texture": "#reedrope", "uv": [ 0.0, 0.0, 3.25, 0.25 ] },
						"down": { "texture": "#reedrope", "uv": [ 0.0, 0.0, 3.25, 0.25 ] }
					}
				},
				{
					"name": "string R3",
					"from": [ -2.3, -0.1, -1.0 ], 
					"to": [ -0.8, 0.1, -0.8 ], 
					"rotationOrigin": [ -1.8, 0.0, -0.9 ],
					"rotationY": 33.0,
					"rotationZ": 17.0,
					"faces": {
						"north": { "texture": "#reedrope", "uv": [ 0.0, 0.0, 1.5, 0.25 ] },
						"east": { "texture": "#reedrope", "uv": [ 0.0, 0.0, 0.25, 0.25 ] },
						"south": { "texture": "#reedrope", "uv": [ 0.0, 0.0, 1.5, 0.25 ] },
						"west": { "texture": "#reedrope", "uv": [ 0.0, 0.0, 0.25, 0.25 ] },
						"up": { "texture": "#reedrope", "uv": [ 0.0, 0.0, 1.5, 0.25 ] },
						"down": { "texture": "#reedrope", "uv": [ 0.0, 0.0, 1.5, 0.25 ] }
					}
				},
				{
					"name": "string L3",
					"from": [ -2.3, -0.1, 1.0 ], 
					"to": [ -0.8, 0.1, 1.2 ], 
					"rotationOrigin": [ -1.8, 0.0, 1.1 ],
					"rotationY": -33.0,
					"rotationZ": 17.0,
					"faces": {
						"north": { "texture": "#reedrope", "uv": [ 0.0, 0.0, 1.5, 0.25 ] },
						"east": { "texture": "#reedrope", "uv": [ 0.0, 0.0, 0.25, 0.25 ] },
						"south": { "texture": "#reedrope", "uv": [ 0.0, 0.0, 1.5, 0.25 ] },
						"west": { "texture": "#reedrope", "uv": [ 0.0, 0.0, 0.25, 0.25 ] },
						"up": { "texture": "#reedrope", "uv": [ 0.0, 0.0, 1.5, 0.25 ] },
						"down": { "texture": "#reedrope", "uv": [ 0.0, 0.0, 1.5, 0.25 ] }
					}
				},
				{
					"name": "walnut",
					"from": [ -3.0, -2.1, -0.4 ], 
					"to": [ -2.2, -1.0, 0.4 ], 
					"rotationOrigin": [ -2.5, -1.0, 0.1 ],
					"rotationX": 9.0,
					"rotationY": 45.0,
					"rotationZ": -16.0,
					"faces": {
						"north": { "texture": "#tuja_seed", "uv": [ 3.0, 0.5, 4.0, 1.5 ], "rotation": 180, "autoUv": false },
						"east": { "texture": "#tuja_seed", "uv": [ 2.5, 0.5, 3.5, 1.5 ], "rotation": 180, "autoUv": false },
						"south": { "texture": "#tuja_seed", "uv": [ 1.0, 1.5, 2.0, 2.5 ], "rotation": 180, "autoUv": false },
						"west": { "texture": "#tuja_seed", "uv": [ 1.0, 2.0, 2.0, 3.0 ], "rotation": 180, "autoUv": false },
						"up": { "texture": "#tuja_seed", "uv": [ 1.0, 2.5, 2.0, 3.5 ], "autoUv": false },
						"down": { "texture": "#tuja_seed", "uv": [ 0.5, 1.5, 1.5, 2.5 ], "autoUv": false }
					},
					"children": [
						{
							"name": "Cube11",
							"from": [ 0.2, 0.3, 0.0 ], 
							"to": [ 0.6, 0.9, 0.4 ], 
							"rotationOrigin": [ 0.0, 0.8, 0.0 ],
							"rotationX": 36.0,
							"faces": {
								"north": { "texture": "#tuja_seed", "uv": [ 0.5, 0.5, 1.0, 1.0 ] },
								"east": { "texture": "#tuja_seed", "uv": [ 0.5, 1.5, 1.0, 2.0 ] },
								"south": { "texture": "#tuja_seed", "uv": [ 1.0, 3.0, 1.5, 3.5 ] },
								"west": { "texture": "#tuja_seed", "uv": [ 2.0, 0.5, 2.5, 1.0 ] },
								"up": { "texture": "#tuja_seed", "uv": [ 0.5, 1.0, 1.0, 1.5 ] },
								"down": { "texture": "#tuja_seed", "uv": [ 0.0, 0.0, 0.5, 0.5 ] }
							}
						},
						{
							"name": "Cube12",
							"from": [ 0.2, -0.4, 0.2 ], 
							"to": [ 0.6, 0.2, 0.6 ], 
							"faces": {
								"north": { "texture": "#tuja_seed", "uv": [ 0.0, 0.0, 0.5, 0.5 ] },
								"east": { "texture": "#tuja_seed", "uv": [ 1.5, 1.5, 2.0, 2.0 ] },
								"south": { "texture": "#tuja_seed", "uv": [ 1.0, 0.5, 1.5, 1.0 ] },
								"west": { "texture": "#tuja_seed", "uv": [ 0.5, 1.5, 1.0, 2.0 ] },
								"up": { "texture": "#tuja_seed", "uv": [ 1.0, 2.0, 1.5, 2.5 ] },
								"down": { "texture": "#tuja_seed", "uv": [ 0.5, 0.5, 1.0, 1.0 ] }
							}
						},
						{
							"name": "Cube13",
							"from": [ 0.0, 0.3, 0.2 ], 
							"to": [ 0.4, 0.9, 0.6 ], 
							"rotationOrigin": [ 0.0, 0.8, 0.0 ],
							"rotationZ": -36.0,
							"faces": {
								"north": { "texture": "#tuja_seed", "uv": [ 1.5, 1.5, 2.0, 2.0 ] },
								"east": { "texture": "#tuja_seed", "uv": [ 0.0, 0.0, 0.5, 0.5 ] },
								"south": { "texture": "#tuja_seed", "uv": [ 1.0, 2.0, 1.5, 2.5 ] },
								"west": { "texture": "#tuja_seed", "uv": [ 2.0, 2.5, 2.5, 3.0 ] },
								"up": { "texture": "#tuja_seed", "uv": [ 0.5, 1.0, 1.0, 1.5 ] },
								"down": { "texture": "#tuja_seed", "uv": [ 2.5, 1.0, 3.0, 1.5 ] }
							}
						}
					]
				},
				{
					"name": "string L1",
					"from": [ -2.6457, -1.0799, 0.2085 ], 
					"to": [ -2.4457, 0.1201, 0.4085 ], 
					"rotationOrigin": [ -2.5457, -0.8799, 0.3085 ],
					"rotationX": 48.451,
					"rotationY": 27.226,
					"rotationZ": -25.146,
					"faces": {
						"north": { "texture": "#reedrope", "uv": [ 0.0, 0.0, 0.25, 1.0 ] },
						"east": { "texture": "#reedrope", "uv": [ 0.0, 0.0, 0.25, 1.0 ] },
						"south": { "texture": "#reedrope", "uv": [ 0.0, 0.0, 0.25, 1.0 ] },
						"west": { "texture": "#reedrope", "uv": [ 0.0, 0.0, 0.25, 1.0 ] },
						"up": { "texture": "#reedrope", "uv": [ 0.0, 0.0, 0.25, 0.25 ] },
						"down": { "texture": "#reedrope", "uv": [ 0.0, 0.0, 0.25, 0.25 ], "enabled": false }
					}
				},
				{
					"name": "string R1",
					"from": [ -2.6345, -1.1485, -0.2196 ], 
					"to": [ -2.4345, 0.1515, -0.0196 ], 
					"rotationOrigin": [ -2.5345, -0.7985, -0.1196 ],
					"rotationX": -12.47,
					"rotationY": 47.177,
					"rotationZ": -36.443,
					"faces": {
						"north": { "texture": "#reedrope", "uv": [ 0.0, 0.0, 0.25, 1.25 ], "autoUv": false },
						"east": { "texture": "#reedrope", "uv": [ 1.75, 1.5, 2.0, 2.75 ] },
						"south": { "texture": "#reedrope", "uv": [ 0.5, 0.5, 0.75, 1.75 ] },
						"west": { "texture": "#reedrope", "uv": [ 2.0, 0.5, 2.25, 1.75 ] },
						"up": { "texture": "#reedrope", "uv": [ 0.25, 0.25, 0.5, 0.5 ] },
						"down": { "texture": "#reedrope", "uv": [ 0.0, 0.0, 0.25, 0.25 ], "enabled": false }
					}
				}
			]
		}
	]}