{
	"editor": {
		"allAngles": true,
		"entityTextureMode": false
	},
	"textureWidth": 8,
	"textureHeight": 8,
	"textureSizes": {
	},
	"textures": {
		"wiliwili_seed": "wildcrafttree:item/resource/seeds/wiliwili",
		"reedrope": "game:block/cloth/ropedcloth"
	},
	"elements": [
		{
			"name": "hideme",
			"stepParentName": "UpperTorso",
			"from": [ 2.0, 5.0, 3.0 ], 
			"to": [ 2.0, 5.0, 3.0 ], 
			"rotationOrigin": [ 2.0, 5.0, 3.0 ],
			"faces": {
				"north": { "texture": "#oak", "uv": [ 0.0, 0.0, 0.5, 0.5 ], "enabled": false },
				"east": { "texture": "#oak", "uv": [ 0.0, 0.0, 0.5, 0.5 ], "enabled": false },
				"south": { "texture": "#oak", "uv": [ 0.0, 0.0, 0.5, 0.5 ], "enabled": false },
				"west": { "texture": "#oak", "uv": [ 0.0, 0.0, 0.5, 0.5 ], "enabled": false },
				"up": { "texture": "#oak", "uv": [ 0.0, 0.0, 0.5, 0.5 ], "enabled": false },
				"down": { "texture": "#oak", "uv": [ 0.0, 0.0, 0.5, 0.5 ], "enabled": false }
			},
			"children": [
				{
					"name": "acorn",
					"from": [ -2.7, -2.4, -0.15 ], 
					"to": [ -2.3, -1.4, 0.45 ], 
					"rotationOrigin": [ -2.4, -1.5, 0.1 ],
					"rotationZ": -8.0,
					"faces": {
						"north": { "texture": "#wiliwili_seed", "uv": [ 1.0, 1.0, 1.5, 2.5 ], "rotation": 180, "autoUv": false },
						"east": { "texture": "#wiliwili_seed", "uv": [ 0.5, 0.5, 1.5, 2.0 ], "rotation": 180, "autoUv": false },
						"south": { "texture": "#wiliwili_seed", "uv": [ 0.5, 0.0, 1.0, 1.5 ], "rotation": 180, "autoUv": false },
						"west": { "texture": "#wiliwili_seed", "uv": [ 0.5, 0.5, 1.5, 2.0 ], "rotation": 180, "autoUv": false },
						"up": { "texture": "#wiliwili_seed", "uv": [ 0.0, 1.5, 0.5, 2.5 ], "autoUv": false },
						"down": { "texture": "#wiliwili_seed", "uv": [ 0.5, 0.5, 1.0, 1.5 ], "autoUv": false }
					}
				},
				{
					"name": "string back",
					"from": [ 2.2, 0.2, -1.4 ], 
					"to": [ 2.4, 0.4, 1.6 ], 
					"rotationOrigin": [ 2.3, 0.3, 0.1 ],
					"rotationZ": 45.0,
					"faces": {
						"north": { "texture": "#reedrope", "uv": [ 0.0, 0.0, 0.25, 0.25 ] },
						"east": { "texture": "#reedrope", "uv": [ 0.0, 0.0, 3.0, 0.25 ] },
						"south": { "texture": "#reedrope", "uv": [ 0.0, 0.0, 0.25, 0.25 ] },
						"west": { "texture": "#reedrope", "uv": [ 0.0, 0.0, 3.0, 0.25 ] },
						"up": { "texture": "#reedrope", "uv": [ 0.0, 0.0, 0.25, 3.0 ] },
						"down": { "texture": "#reedrope", "uv": [ 0.0, 0.0, 0.25, 3.0 ] }
					}
				},
				{
					"name": "string R2",
					"from": [ -1.0, 0.2, -1.5 ], 
					"to": [ 2.3, 0.4, -1.3 ], 
					"rotationOrigin": [ 0.4, 0.3, -1.4 ],
					"rotationX": 45.0,
					"faces": {
						"north": { "texture": "#reedrope", "uv": [ 0.0, 0.0, 3.25, 0.25 ] },
						"east": { "texture": "#reedrope", "uv": [ 0.0, 0.0, 0.25, 0.25 ] },
						"south": { "texture": "#reedrope", "uv": [ 0.0, 0.0, 3.25, 0.25 ] },
						"west": { "texture": "#reedrope", "uv": [ 0.0, 0.0, 0.25, 0.25 ] },
						"up": { "texture": "#reedrope", "uv": [ 0.0, 0.0, 3.25, 0.25 ] },
						"down": { "texture": "#reedrope", "uv": [ 0.0, 0.0, 3.25, 0.25 ] }
					}
				},
				{
					"name": "string L2",
					"from": [ -1.0, 0.2, 1.5 ], 
					"to": [ 2.3, 0.4, 1.7 ], 
					"rotationOrigin": [ 0.4, 0.3, 1.6 ],
					"rotationX": 45.0,
					"faces": {
						"north": { "texture": "#reedrope", "uv": [ 0.0, 0.0, 3.25, 0.25 ] },
						"east": { "texture": "#reedrope", "uv": [ 0.0, 0.0, 0.25, 0.25 ] },
						"south": { "texture": "#reedrope", "uv": [ 0.0, 0.0, 3.25, 0.25 ] },
						"west": { "texture": "#reedrope", "uv": [ 0.0, 0.0, 0.25, 0.25 ] },
						"up": { "texture": "#reedrope", "uv": [ 0.0, 0.0, 3.25, 0.25 ] },
						"down": { "texture": "#reedrope", "uv": [ 0.0, 0.0, 3.25, 0.25 ] }
					}
				},
				{
					"name": "string R3",
					"from": [ -2.3, -0.1, -1.0 ], 
					"to": [ -0.8, 0.1, -0.8 ], 
					"rotationOrigin": [ -1.8, 0.0, -0.9 ],
					"rotationY": 33.0,
					"rotationZ": 17.0,
					"faces": {
						"north": { "texture": "#reedrope", "uv": [ 0.0, 0.0, 1.5, 0.25 ] },
						"east": { "texture": "#reedrope", "uv": [ 0.0, 0.0, 0.25, 0.25 ] },
						"south": { "texture": "#reedrope", "uv": [ 0.0, 0.0, 1.5, 0.25 ] },
						"west": { "texture": "#reedrope", "uv": [ 0.0, 0.0, 0.25, 0.25 ] },
						"up": { "texture": "#reedrope", "uv": [ 0.0, 0.0, 1.5, 0.25 ] },
						"down": { "texture": "#reedrope", "uv": [ 0.0, 0.0, 1.5, 0.25 ] }
					}
				},
				{
					"name": "string L",
					"from": [ -2.3, -0.1, 1.0 ], 
					"to": [ -0.8, 0.1, 1.2 ], 
					"rotationOrigin": [ -1.8, 0.0, 1.1 ],
					"rotationY": -33.0,
					"rotationZ": 17.0,
					"faces": {
						"north": { "texture": "#reedrope", "uv": [ 0.0, 0.0, 1.5, 0.25 ] },
						"east": { "texture": "#reedrope", "uv": [ 0.0, 0.0, 0.25, 0.25 ] },
						"south": { "texture": "#reedrope", "uv": [ 0.0, 0.0, 1.5, 0.25 ] },
						"west": { "texture": "#reedrope", "uv": [ 0.0, 0.0, 0.25, 0.25 ] },
						"up": { "texture": "#reedrope", "uv": [ 0.0, 0.0, 1.5, 0.25 ] },
						"down": { "texture": "#reedrope", "uv": [ 0.0, 0.0, 1.5, 0.25 ] }
					}
				},
				{
					"name": "string R1",
					"from": [ -2.4282, -1.5159, -0.2112 ], 
					"to": [ -2.2282, -0.0159, -0.0112 ], 
					"rotationOrigin": [ -2.3282, -1.5159, -0.1112 ],
					"rotationX": -28.626,
					"rotationY": -40.635,
					"rotationZ": -8.419,
					"faces": {
						"north": { "texture": "#reedrope", "uv": [ 0.0, 0.0, 0.25, 1.5 ] },
						"east": { "texture": "#reedrope", "uv": [ 0.0, 0.0, 0.25, 1.5 ] },
						"south": { "texture": "#reedrope", "uv": [ 0.0, 0.0, 0.25, 1.5 ] },
						"west": { "texture": "#reedrope", "uv": [ 0.0, 0.0, 0.25, 1.5 ] },
						"up": { "texture": "#reedrope", "uv": [ 0.0, 0.0, 0.25, 0.25 ], "enabled": false },
						"down": { "texture": "#reedrope", "uv": [ 0.0, 0.0, 0.25, 0.25 ], "enabled": false }
					}
				},
				{
					"name": "string L1",
					"from": [ -2.5021, -1.4904, 0.2827 ], 
					"to": [ -2.3021, 0.0096, 0.4827 ], 
					"rotationOrigin": [ -2.4021, -1.4904, 0.3827 ],
					"rotationX": 12.375,
					"rotationY": -45.626,
					"rotationZ": -9.716,
					"faces": {
						"north": { "texture": "#reedrope", "uv": [ 0.0, 0.0, 0.25, 1.5 ] },
						"east": { "texture": "#reedrope", "uv": [ 0.0, 0.0, 0.25, 1.5 ] },
						"south": { "texture": "#reedrope", "uv": [ 0.0, 0.0, 0.25, 1.5 ] },
						"west": { "texture": "#reedrope", "uv": [ 0.0, 0.0, 0.25, 1.5 ] },
						"up": { "texture": "#reedrope", "uv": [ 0.0, 0.0, 0.25, 0.25 ], "enabled": false },
						"down": { "texture": "#reedrope", "uv": [ 0.0, 0.0, 0.25, 0.25 ], "enabled": false }
					}
				},
				{
					"name": "acorn10",
					"from": [ -2.7, -2.1, -0.7 ], 
					"to": [ -2.3, -1.4, -0.1 ], 
					"rotationOrigin": [ -2.4, -1.5, 0.1 ],
					"rotationX": 39.0,
					"rotationY": -17.0,
					"rotationZ": -8.0,
					"faces": {
						"north": { "texture": "#wiliwili_seed", "uv": [ 1.0, 3.5, 1.5, 4.5 ], "rotation": 180, "autoUv": false },
						"east": { "texture": "#wiliwili_seed", "uv": [ 1.0, 3.0, 2.0, 4.0 ], "rotation": 180, "autoUv": false },
						"south": { "texture": "#wiliwili_seed", "uv": [ 1.0, 3.5, 1.5, 4.5 ], "rotation": 180, "autoUv": false },
						"west": { "texture": "#wiliwili_seed", "uv": [ 0.5, 4.5, 1.5, 5.5 ], "rotation": 180, "autoUv": false },
						"up": { "texture": "#wiliwili_seed", "uv": [ 0.5, 3.5, 1.0, 4.5 ], "autoUv": false },
						"down": { "texture": "#wiliwili_seed", "uv": [ 0.5, 3.5, 1.0, 4.5 ], "autoUv": false }
					}
				},
				{
					"name": "acorn11",
					"from": [ -2.7, -2.14, 0.35 ], 
					"to": [ -2.3, -1.44, 0.95 ], 
					"rotationOrigin": [ -2.4, -1.5, 0.1 ],
					"rotationX": -39.0,
					"rotationY": 17.0,
					"rotationZ": -8.0,
					"faces": {
						"north": { "texture": "#wiliwili_seed", "uv": [ 1.0, 0.5, 1.5, 1.5 ], "rotation": 180, "autoUv": false },
						"east": { "texture": "#wiliwili_seed", "uv": [ 0.5, 1.0, 1.5, 2.0 ], "rotation": 180, "autoUv": false },
						"south": { "texture": "#wiliwili_seed", "uv": [ 0.5, 0.5, 1.0, 1.5 ], "rotation": 180, "autoUv": false },
						"west": { "texture": "#wiliwili_seed", "uv": [ 0.0, 0.5, 1.0, 1.5 ], "rotation": 180, "autoUv": false },
						"up": { "texture": "#wiliwili_seed", "uv": [ 1.5, 0.5, 2.0, 1.5 ], "autoUv": false },
						"down": { "texture": "#wiliwili_seed", "uv": [ 0.5, 0.5, 1.0, 1.5 ], "autoUv": false }
					}
				}
			]
		}
	]}