{
	"editor": {
		"allAngles": false,
		"entityTextureMode": false
	},
	"textureWidth": 16,
	"textureHeight": 16,
	"textureSizes": {
	},
	"textures": {
		"dynamite": "block/dynamite"
	},
	"elements": [
		{
			"name": "Cube1",
			"from": [ 8.0, 0.0, 7.5 ], 
			"to": [ 10.0, 8.0, 9.5 ], 
			"rotationOrigin": [ 8.0, 0.0, 7.5 ],
			"rotationY": 90.0,
			"faces": {
				"north": { "texture": "#dynamite", "uv": [ 1.0, 4.0, 3.0, 12.0 ], "autoUv": false },
				"east": { "texture": "#dynamite", "uv": [ 5.0, 4.0, 7.0, 12.0 ] },
				"south": { "texture": "#dynamite", "uv": [ 8.0, 4.0, 10.0, 12.0 ] },
				"west": { "texture": "#dynamite", "uv": [ 12.0, 4.0, 14.0, 12.0 ] },
				"up": { "texture": "#dynamite", "uv": [ 0.0, 2.0, 2.0, 4.0 ] },
				"down": { "texture": "#dynamite", "uv": [ 0.0, 2.0, 2.0, 4.0 ] }
			}
		},
		{
			"name": "Cube2",
			"from": [ 8.0, 0.0, 6.0 ], 
			"to": [ 10.0, 8.0, 8.0 ], 
			"rotationOrigin": [ 8.0, 0.0, 6.0 ],
			"rotationY": -90.0,
			"faces": {
				"north": { "texture": "#dynamite", "uv": [ 1.0, 4.0, 3.0, 12.0 ] },
				"east": { "texture": "#dynamite", "uv": [ 5.0, 4.0, 7.0, 12.0 ] },
				"south": { "texture": "#dynamite", "uv": [ 9.0, 4.0, 11.0, 12.0 ] },
				"west": { "texture": "#dynamite", "uv": [ 13.0, 4.0, 15.0, 12.0 ] },
				"up": { "texture": "#dynamite", "uv": [ 0.0, 2.0, 2.0, 4.0 ] },
				"down": { "texture": "#dynamite", "uv": [ 0.0, 2.0, 2.0, 4.0 ] }
			}
		},
		{
			"name": "Cube3",
			"from": [ 7.0, 0.0, 8.0 ], 
			"to": [ 9.0, 8.0, 10.0 ], 
			"rotationOrigin": [ 7.0, 0.0, 8.0 ],
			"faces": {
				"north": { "texture": "#dynamite", "uv": [ 1.0, 4.0, 3.0, 12.0 ] },
				"east": { "texture": "#dynamite", "uv": [ 5.0, 4.0, 7.0, 12.0 ] },
				"south": { "texture": "#dynamite", "uv": [ 9.0, 4.0, 11.0, 12.0 ] },
				"west": { "texture": "#dynamite", "uv": [ 13.0, 4.0, 15.0, 12.0 ] },
				"up": { "texture": "#dynamite", "uv": [ 0.0, 2.0, 2.0, 4.0 ] },
				"down": { "texture": "#dynamite", "uv": [ 0.0, 2.0, 2.0, 4.0 ] }
			}
		},
		{
			"name": "fuses",
			"from": [ 8.0, 8.0, 8.0 ], 
			"to": [ 8.0, 8.0, 8.0 ], 
			"rotationOrigin": [ 8.0, 8.0, 8.0 ],
			"rotationY": -90.0,
			"faces": {
				"north": { "texture": "#dynamite", "uv": [ 0.0, 0.0, 0.5, 0.5 ] },
				"east": { "texture": "#dynamite", "uv": [ 0.0, 0.0, 0.5, 0.5 ] },
				"south": { "texture": "#dynamite", "uv": [ 0.0, 0.0, 0.5, 0.5 ] },
				"west": { "texture": "#dynamite", "uv": [ 0.0, 0.0, 0.5, 0.5 ] },
				"up": { "texture": "#dynamite", "uv": [ 0.0, 0.0, 0.5, 0.5 ] },
				"down": { "texture": "#dynamite", "uv": [ 0.0, 0.0, 0.5, 0.5 ] }
			},
			"children": [
				{
					"name": "Cube7",
					"from": [ -0.1, 0.6, -0.2 ], 
					"to": [ 1.9, 1.1, 0.3 ], 
					"rotationOrigin": [ -0.1, 0.6, -0.2 ],
					"rotationZ": 90.0,
					"faces": {
						"north": { "texture": "#dynamite", "uv": [ 8.0, 0.0, 10.0, 0.5 ] },
						"east": { "texture": "#dynamite", "uv": [ 13.0, 0.0, 13.5, 0.5 ] },
						"south": { "texture": "#dynamite", "uv": [ 8.0, 0.0, 10.0, 0.5 ] },
						"west": { "texture": "#dynamite", "uv": [ 9.5, 0.0, 10.0, 0.5 ] },
						"up": { "texture": "#dynamite", "uv": [ 8.0, 0.0, 10.0, 0.5 ] },
						"down": { "texture": "#dynamite", "uv": [ 8.0, 0.0, 10.0, 0.5 ] }
					}
				},
				{
					"name": "Cube6",
					"from": [ 1.3, -0.6, 0.3 ], 
					"to": [ 3.3, -0.1, 0.8 ], 
					"rotationOrigin": [ 1.3, -0.6, 0.3 ],
					"rotationX": -180.0,
					"rotationZ": -157.5,
					"faces": {
						"north": { "texture": "#dynamite", "uv": [ 8.0, 0.0, 10.0, 0.5 ] },
						"east": { "texture": "#dynamite", "uv": [ 13.0, 0.0, 13.5, 0.5 ] },
						"south": { "texture": "#dynamite", "uv": [ 8.0, 0.0, 10.0, 0.5 ] },
						"west": { "texture": "#dynamite", "uv": [ 9.5, 0.0, 10.0, 0.5 ] },
						"up": { "texture": "#dynamite", "uv": [ 8.0, 0.0, 10.0, 0.5 ] },
						"down": { "texture": "#dynamite", "uv": [ 8.0, 0.0, 10.0, 0.5 ] }
					}
				},
				{
					"name": "Cube5",
					"from": [ -1.3, -0.8, 0.9 ], 
					"to": [ 0.7, -0.3, 1.4 ], 
					"rotationOrigin": [ -1.3, -0.8, 0.9 ],
					"rotationY": 45.0,
					"rotationZ": 45.0,
					"faces": {
						"north": { "texture": "#dynamite", "uv": [ 8.0, 0.0, 10.0, 0.5 ] },
						"east": { "texture": "#dynamite", "uv": [ 13.0, 0.0, 13.5, 0.5 ] },
						"south": { "texture": "#dynamite", "uv": [ 8.0, 0.0, 10.0, 0.5 ] },
						"west": { "texture": "#dynamite", "uv": [ 9.5, 0.0, 10.0, 0.5 ] },
						"up": { "texture": "#dynamite", "uv": [ 8.0, 0.0, 10.0, 0.5 ] },
						"down": { "texture": "#dynamite", "uv": [ 8.0, 0.0, 10.0, 0.5 ] }
					}
				},
				{
					"name": "Cube4",
					"from": [ -1.2, -0.3, -1.2 ], 
					"to": [ 0.8, 0.2, -0.7 ], 
					"rotationOrigin": [ -1.2, -0.3, -1.2 ],
					"rotationY": -45.0,
					"rotationZ": 22.5,
					"faces": {
						"north": { "texture": "#dynamite", "uv": [ 8.0, 0.0, 10.0, 0.5 ] },
						"east": { "texture": "#dynamite", "uv": [ 13.0, 0.0, 13.5, 0.5 ] },
						"south": { "texture": "#dynamite", "uv": [ 8.0, 0.0, 10.0, 0.5 ] },
						"west": { "texture": "#dynamite", "uv": [ 9.5, 0.0, 10.0, 0.5 ] },
						"up": { "texture": "#dynamite", "uv": [ 8.0, 0.0, 10.0, 0.5 ] },
						"down": { "texture": "#dynamite", "uv": [ 8.0, 0.0, 10.0, 0.5 ] }
					}
				}
			]
		}
	]}