{
	"code":  "heavybullet",
	"class": "EntityHighCaliber",
	"variantgroups": [{ "code": "type", "states": ["stone", "simple" ]}],
	"attributes": { "physics": { "groundDragFactor": 1 }},
	"hitboxSize": { "x": 0.4, "y": 0.2 },
	"client": {
		"renderer": "Shape",
		"shape": { "base": "ammunition/heavybullet" },
		"texturesByType": {
			"*-stone": { "material": { "base": "game:block/stone/rock/granite1" }},
			"*":       { "material": { "base": "game:block/metal/sheet/lead1" }}
		  },
		"behaviors": [{ "code": "passivephysics" }, { "code": "interpolateposition" }]
	},
	"server": { "behaviors": [{ "code": "passivephysics" }, { "code": "despawn", "minSeconds": 300 }]},
	"sounds": {}
}