{
    "code": "cottagecorestool",
    "creativeinventory": { "general": ["*-north"], "decorative": ["*-north"], "decorbazaar": ["*-north"] },
    "behaviors": [{ "name": "HorizontalOrientable" }],
    "variantgroups": [{ "code": "side", "loadFromProperties": "abstract/horizontalorientation" }],
    "shape": {
        "base": "block/seating/cottagecorestool",
        "rotateYByType": {
            "*-north": 0,
            "*-east": 270,
            "*-south": 180,
            "*-west": 90
        }
    },
    "blockmaterial": "wood",
  "lightAbsorption": 0,
    "sidesolid": {
        "all": "false"
    },
    "sideopaque": {
        "all": "false"
    },
    "drawtype": "json",
   "textures": {
		"ginghamgreen": { "base": "block/bazaar/fabric/ginghamgreen" },
		"baldcypress1": { "base": "game:block/wood/planks/baldcypress1" },
		"cover": { "base": "game:block/cloth/linen/normal1" },
	},
    "resistance": 3.5,
    "collisionBox": { x1: 0.0625, y1: 0, z1: 0.0625, x2: 0.9375, y2: 0.5, z2: 0.9375 },
    "selectionBox": { x1: 0.0625, y1: 0, z1: 0.0625, x2: 0.9375, y2: 0.5, z2: 0.9375 },
    "sounds": {
        "place": "game:block/planks",
        "walk": "game:walk/stone"
    }
}