{
    "code": "victorianloungechair",
    "creativeinventory": { "general": ["*-north"], "decorative": ["*-north"], "decorbazaar": ["*-north"] },
    "behaviors": [{ "name": "HorizontalOrientable" }],
    "variantgroups": [{ "code": "side", "loadFromProperties": "abstract/horizontalorientation" }],
    "shape": {
        "base": "block/seating/victorianloungechair",
        "rotateYByType": {
            "*-north": 0,
            "*-east": 270,
            "*-south": 180,
            "*-west": 90
        }
    },
    "blockmaterial": "wood",
  "lightAbsorption": 0,
    "sidesolid": {
        "all": "false"
    },
    "sideopaque": {
        "all": "false"
    },
    "drawtype": "json",
   "textures": {
		"0": { "base": "block/bazaar/stone/basalt" },
		"1": { "base": "block/bazaar/stone/basaltwred" },
		"2": { "base": "block/bazaar/fabric/blackleather" },
	},
    "resistance": 3.5,
	collisionBox: { x1: 0.125, y1: 0, z1: 0.125, x2: 0.875, y2: 0.375, z2: 0.875 },
	selectionBox: { x1: 0.125, y1: 0, z1: 0.125, x2: 0.875, y2: 0.375, z2: 0.875 },
	guiTransform: {
		rotation: { x: -22.6, y: 135, z: 0 }
	},
    "sounds": {
        "place": "game:block/planks",
        "walk": "game:walk/stone"
    }
}